0 ec.gp.GPIndividual@1644291329{-1141773526} 0 ec.gp.GPIndividual@466892907{-1210287477} 0 ec.gp.GPIndividual@1680484945{-1345390947} 0 ec.gp.GPIndividual@1465524113{-1404343472} 1.0 1.0 0.0 1.0 104262.0 10054.0 0.9556395464491745 105260.0 10054.0 0.8563755719116769 99026.0 10054.0 0.9329620051720708 99026.0 10054.0 0.9329620051720708 0 ec.gp.GPIndividual@1174823606{864136902} 33.0 61482.0 10054.0 0.22399045156156752 5 46 21.0 0.0 1 1 21.0 0.0 3 7 21.0 0.0 2 3 21.0 0.0 1 1 21.0 0.0 0.8563755719116769 0
0.9556395464491745 0
0.9329620051720708 0
0.22399045156156752 0
0 ec.gp.GPIndividual@1465524113{-1404343472} 0.9329620051720708 0
0 ec.gp.GPIndividual@1680484945{-1345390947} 0 ec.gp.GPIndividual@466892907{-1210287477} 0.0 0.0 0.0 99026.0 8387.0 0.9196375342792417 104262.0 8387.0 0.9468224633361154 105260.0 8387.0 0.8278287826397996 3 7 21.0 0.0 1 1 21.0 0.0 0.9196375342792417 0
1 1 21.0 0.0 0.8278287826397996 0
0.9468224633361154 0
0 ec.gp.GPIndividual@1644291329{-1141773526} 0.0 99026.0 8387.0 0.9196375342792417 2 3 21.0 0.0 0.9196375342792417 0
0 ec.gp.GPIndividual@1465524113{-1404343472} 0.0 0 ec.gp.GPIndividual@1680484945{-1345390947} 105260.0 14578.0 0.9009466319110989 0.0 1 1 21.0 0.0 99026.0 14578.0 0.9537659486898066 0.9009466319110989 0
0 ec.gp.GPIndividual@466892907{-1210287477} 3 7 21.0 0.0 0.0 0.9537659486898066 0
104262.0 14578.0 0.9694059541775277 1 1 21.0 0.0 0.9694059541775277 0
0 ec.gp.GPIndividual@1644291329{-1141773526} 0.0 99026.0 14578.0 0.9537659486898066 2 3 21.0 0.0 0.9537659486898066 0
0 ec.gp.GPIndividual@1465524113{-1404343472} 0.0 105260.0 10861.0 0.8670472332197772 1 1 21.0 0.0 0.8670472332197772 0
0 ec.gp.GPIndividual@466892907{-1210287477} 0.0 0 ec.gp.GPIndividual@1680484945{-1345390947} 0.0 104262.0 10861.0 0.9589356412853328 99026.0 10861.0 0.9379430991621398 1 1 21.0 0.0 3 7 21.0 0.0 0.9589356412853328 0
0.9379430991621398 0
0 ec.gp.GPIndividual@1465524113{-1404343472} 0.0 105260.0 8160.0 0.8230392156862745 1 1 21.0 0.0 0.8230392156862745 0
0 ec.gp.GPIndividual@1644291329{-1141773526} 0.0 99026.0 10861.0 0.9379430991621398 2 3 21.0 0.0 0.9379430991621398 0
0 ec.gp.GPIndividual@466892907{-1210287477} 0.0 104262.0 8160.0 0.9453431372549019 1 1 21.0 0.0 0.9453431372549019 0
0 ec.gp.GPIndividual@1680484945{-1345390947} 0.0 0 ec.gp.GPIndividual@1465524113{-1404343472} 99026.0 12802.0 0.9174019607843137 0.0 3 7 21.0 0.0 105260.0 12802.0 0.8872051241993438 0.9174019607843137 0
1 1 21.0 0.0 0 ec.gp.GPIndividual@1644291329{-1141773526} 0.0 0.8872051241993438 0
0 ec.gp.GPIndividual@466892907{-1210287477} 99026.0 8160.0 0.9174019607843137 0.0 104262.0 12802.0 0.9651616934853929 2 3 21.0 0.0 1 1 21.0 0.0 0.9174019607843137 0
0.9651616934853929 0
0 ec.gp.GPIndividual@1680484945{-1345390947} 0.0 99026.0 12802.0 0.9473519762537104 3 7 21.0 0.0 0.9473519762537104 0
0 ec.gp.GPIndividual@466892907{-1210287477} 0.0 104262.0 10087.0 0.9557846733419253 1 1 21.0 0.0 0.9557846733419253 0
0 ec.gp.GPIndividual@1644291329{-1141773526} 0.0 0 ec.gp.GPIndividual@1465524113{-1404343472} 99026.0 10087.0 0.9473519762537104 0.0 2 3 21.0 0.0 105260.0 10087.0 0.8568454446317042 0.9473519762537104 0
1 1 21.0 0.0 0.8568454446317042 0
0 ec.gp.GPIndividual@1680484945{-1345390947} 0.0 99026.0 10087.0 0.9331813224942996 3 7 21.0 0.0 0.9331813224942996 0
0 ec.gp.GPIndividual@466892907{-1210287477} 0.0 104262.0 8317.0 0.9463748947937959 1 1 21.0 0.0 0.9463748947937959 0
0 ec.gp.GPIndividual@1465524113{-1404343472} 0.0 105260.0 8317.0 0.8263797042202717 1 1 21.0 0.0 0.8263797042202717 0
0 ec.gp.GPIndividual@1644291329{-1141773526} 0.0 99026.0 10087.0 0.9331813224942996 2 3 21.0 0.0 0.9331813224942996 0
0 ec.gp.GPIndividual@1680484945{-1345390947} 0.0 99026.0 8317.0 0.9189611638812072 3 7 21.0 0.0 0.9189611638812072 0
0 ec.gp.GPIndividual@1644291329{-1141773526} 0.0 99026.0 8317.0 0.9189611638812072 2 3 21.0 0.0 0.9189611638812072 0
0 ec.gp.GPIndividual@81276263{-136192977} 0.0 104262.0 10054.0 0.9556395464491745 3 8 21.0 0.0 0.9556395464491745 0
0 ec.gp.GPIndividual@81276263{-136192977} 0.0 104262.0 8387.0 0.9468224633361154 3 8 21.0 0.0 0.9468224633361154 0
0 ec.gp.GPIndividual@81276263{-136192977} 0.0 104262.0 14578.0 0.9694059541775277 3 8 21.0 0.0 0.9694059541775277 0
0 ec.gp.GPIndividual@81276263{-136192977} 0.0 104262.0 10861.0 0.9589356412853328 3 8 21.0 0.0 0.9589356412853328 0
0 ec.gp.GPIndividual@81276263{-136192977} 0.0 104262.0 8160.0 0.9453431372549019 3 8 21.0 0.0 0.9453431372549019 0
0 ec.gp.GPIndividual@536845722{-1505797684} 0.0 13177.0 10054.0 0.310622637756117 3 7 21.0 0.0 0.310622637756117 0
0 ec.gp.GPIndividual@140167944{-1210269969} 0.0 0 ec.gp.GPIndividual@81276263{-136192977} 79597.0 12802.0 0.14810025860354087 0.0 104262.0 12802.0 0.9651616934853929 3 8 21.0 0.0 5 43 21.0 0.0 0.9651616934853929 0
0.14810025860354087 0
0 ec.gp.GPIndividual@81276263{-136192977} 0.0 104262.0 10087.0 0.9557846733419253 3 8 21.0 0.0 0.9557846733419253 0
0 ec.gp.GPIndividual@81276263{-136192977} 0.0 104262.0 8317.0 0.9463748947937959 3 8 21.0 0.0 0.9463748947937959 0
0 ec.gp.GPIndividual@536845722{-1505797684} 0.0 11982.0 8387.0 0.42863956122570646 3 7 21.0 0.0 0.42863956122570646 0
0 ec.gp.GPIndividual@536845722{-1505797684} 0.0 16424.0 14578.0 0.1266291672383043 3 7 21.0 0.0 0.1266291672383043 0
0 ec.gp.GPIndividual@140167944{-1210269969} 2.0 79495.0 8387.0 0.009061643018957911 5 43 21.0 0.0 0.009061643018957911 0
0 ec.gp.GPIndividual@536845722{-1505797684} 0.0 14600.0 10861.0 0.3442592763097321 3 7 21.0 0.0 0.3442592763097321 0
0 ec.gp.GPIndividual@536845722{-1505797684} 0.0 12183.0 8160.0 0.49301470588235297 3 7 21.0 0.0 0.49301470588235297 0
0 ec.gp.GPIndividual@140167944{-1210269969} 1.0 79597.0 14578.0 0.41247084648099874 5 43 21.0 0.0 0.41247084648099874 0
0 ec.gp.GPIndividual@536845722{-1505797684} 0.0 14979.0 12802.0 0.17005155444461803 3 7 21.0 0.0 0.17005155444461803 0
0 ec.gp.GPIndividual@140167944{-1210269969} 1.0 79597.0 10861.0 0.21139858208268114 5 43 21.0 0.0 0.21139858208268114 0
0 ec.gp.GPIndividual@536845722{-1505797684} 0.0 13468.0 10087.0 0.33518390006939625 3 7 21.0 0.0 0.33518390006939625 0
0 ec.gp.GPIndividual@140167944{-1210269969} 1.0 79495.0 8160.0 0.03713235294117647 5 43 21.0 0.0 0.03713235294117647 0
0 ec.gp.GPIndividual@536845722{-1505797684} 0.0 11473.0 8317.0 0.37946374894793794 3 7 21.0 0.0 0.37946374894793794 0
0 ec.gp.GPIndividual@140167944{-1210269969} 0.0 79597.0 12802.0 0.3309639118887674 5 43 21.0 0.0 0.3309639118887674 0
0 ec.gp.GPIndividual@140167944{-1210269969} 0.0 79597.0 10087.0 0.15088728065827303 5 43 21.0 0.0 0.15088728065827303 0
0 ec.gp.GPIndividual@140167944{-1210269969} 1.0 79495.0 8317.0 0.017554406637008538 5 43 21.0 0.0 0.017554406637008538 0
0 ec.gp.GPIndividual@493429426{580329640} 1.0 16810.0 10054.0 0.6719713546847026 3 7 21.0 0.0 0.6719713546847026 0
0 ec.gp.GPIndividual@493429426{580329640} 1.0 17768.0 8387.0 1.1185167521163706 3 7 21.0 0.0 1.1185167521163706 0
0 ec.gp.GPIndividual@493429426{580329640} 1.0 18114.0 14578.0 0.24255727809027303 3 7 21.0 0.0 0.24255727809027303 0
0 ec.gp.GPIndividual@493429426{580329640} 1.0 17064.0 10861.0 0.5711260473252924 3 7 21.0 0.0 0.5711260473252924 0
0 ec.gp.GPIndividual@493429426{580329640} 1.0 17674.0 8160.0 1.1659313725490197 3 7 21.0 0.0 1.1659313725490197 0
0 ec.gp.GPIndividual@493429426{580329640} 1.0 15198.0 12802.0 0.18715825652241838 3 7 21.0 0.0 0.18715825652241838 0
0 ec.gp.GPIndividual@493429426{580329640} 1.0 17216.0 10087.0 0.7067512640031725 3 7 21.0 0.0 0.7067512640031725 0
0 ec.gp.GPIndividual@493429426{580329640} 1.0 17674.0 8317.0 1.1250450883732115 3 7 21.0 0.0 1.1250450883732115 0
0 ec.gp.GPIndividual@1174823606{864136902} 61.0 56950.0 8387.0 0.5783951353284845 5 46 21.0 0.0 0.5783951353284845 0
0 ec.gp.GPIndividual@1902496693{1308607936} 70.0 17940.0 10054.0 0.784364432066839 5 43 21.0 0.0 0.784364432066839 0
0 ec.gp.GPIndividual@1174823606{864136902} 13.0 61502.0 14578.0 0.1544793524488956 5 46 21.0 0.0 0.1544793524488956 0
0 ec.gp.GPIndividual@1902496693{1308607936} 2.0 17362.0 8387.0 1.0701085012519376 5 43 21.0 0.0 1.0701085012519376 0
0 ec.gp.GPIndividual@1174823606{864136902} 2.0 61482.0 10861.0 0.13304483933339473 5 46 21.0 0.0 0.13304483933339473 0
0 ec.gp.GPIndividual@1902496693{1308607936} 3.0 17295.0 14578.0 0.18637673206201125 5 43 21.0 0.0 0.18637673206201125 0
0 ec.gp.GPIndividual@1265003852{-1075207154} 0 ec.gp.GPIndividual@1174823606{864136902} 128.0 2.0 56950.0 8160.0 0.6223039215686275 19584.0 8160.0 0.9478814402227969 5 46 21.0 0.0 0.6223039215686275 0
5 40 21.0 0.0 0.9478814402227969 0
0 ec.gp.GPIndividual@1902496693{1308607936} 2.0 16720.0 10861.0 0.5394530890341589 5 43 21.0 0.0 0.5394530890341589 0
0 ec.gp.GPIndividual@1174823606{864136902} 2.0 61264.0 12802.0 0.055772535541321666 5 46 21.0 0.0 0.055772535541321666 0
0 ec.gp.GPIndividual@1902496693{1308607936} 2.0 17585.0 8160.0 1.1550245098039216 5 43 21.0 0.0 1.1550245098039216 0
0 ec.gp.GPIndividual@1174823606{864136902} 2.0 61482.0 10087.0 0.21998612074947954 5 46 21.0 0.0 0.21998612074947954 0
0 ec.gp.GPIndividual@1265003852{-1075207154} 5.0 17374.0 8387.0 1.071539286991773 5 40 21.0 0.0 1.071539286991773 0
0 ec.gp.GPIndividual@1902496693{1308607936} 3.0 15858.0 12802.0 0.2387127011404468 5 43 21.0 0.0 0.2387127011404468 0
0 ec.gp.GPIndividual@1174823606{864136902} 3.0 56950.0 8317.0 0.5916796921967056 5 46 21.0 0.0 0.5916796921967056 0
0 ec.gp.GPIndividual@235472133{-1530088278} 0.0 104262.0 10054.0 0.9556395464491745 1 1 21.0 0.0 0.9556395464491745 0
0 ec.gp.GPIndividual@235472133{-1530088278} 0.0 104262.0 8387.0 0.9468224633361154 1 1 21.0 0.0 0.9468224633361154 0
0 ec.gp.GPIndividual@235472133{-1530088278} 0.0 104262.0 14578.0 0.9694059541775277 1 1 21.0 0.0 0.9694059541775277 0
0 ec.gp.GPIndividual@235472133{-1530088278} 0.0 104262.0 10861.0 0.9589356412853328 1 1 21.0 0.0 0.9589356412853328 0
0 ec.gp.GPIndividual@235472133{-1530088278} 0.0 104262.0 8160.0 0.9453431372549019 1 1 21.0 0.0 0.9453431372549019 0
0 ec.gp.GPIndividual@235472133{-1530088278} 0.0 104262.0 12802.0 0.9651616934853929 1 1 21.0 0.0 0.9651616934853929 0
0 ec.gp.GPIndividual@235472133{-1530088278} 0.0 104262.0 10087.0 0.9557846733419253 1 1 21.0 0.0 0.9557846733419253 0
0 ec.gp.GPIndividual@235472133{-1530088278} 0.0 104262.0 8317.0 0.9463748947937959 1 1 21.0 0.0 0.9463748947937959 0
0 ec.gp.GPIndividual@1902496693{1308607936} 2.0 16428.0 10087.0 0.6286309110736592 5 43 21.0 0.0 0.6286309110736592 0
0 ec.gp.GPIndividual@1902496693{1308607936} 2.0 18284.0 8317.0 1.198388842130576 5 43 21.0 0.0 1.198388842130576 0
0 ec.gp.GPIndividual@1408254842{-760680732} 0.0 109280.0 10054.0 1.0 1 1 21.0 0.0 1.0 0
0 ec.gp.GPIndividual@1408254842{-760680732} 0.0 109280.0 8387.0 1.0 1 1 21.0 0.0 1.0 0
0 ec.gp.GPIndividual@1408254842{-760680732} 0.0 109280.0 14578.0 1.0 1 1 21.0 0.0 1.0 0
0 ec.gp.GPIndividual@1408254842{-760680732} 0.0 109280.0 10861.0 1.0 1 1 21.0 0.0 1.0 0
0 ec.gp.GPIndividual@1408254842{-760680732} 0.0 109280.0 8160.0 1.0 1 1 21.0 0.0 1.0 0
0 ec.gp.GPIndividual@1408254842{-760680732} 0.0 109280.0 12802.0 1.0 1 1 21.0 0.0 1.0 0
0 ec.gp.GPIndividual@1408254842{-760680732} 0.0 109280.0 10087.0 1.0 1 1 21.0 0.0 1.0 0
0 ec.gp.GPIndividual@1408254842{-760680732} 0.0 109280.0 8317.0 1.0 1 1 21.0 0.0 1.0 0
0 ec.gp.GPIndividual@1265003852{-1075207154} 7.0 18190.0 14578.0 0.24777061325284674 5 40 21.0 0.0 0.24777061325284674 0
0 ec.gp.GPIndividual@1265003852{-1075207154} 4.0 17676.0 10861.0 0.6274744498664948 5 40 21.0 0.0 0.6274744498664948 0
0 ec.gp.GPIndividual@1265003852{-1075207154} 4.0 18651.0 8160.0 1.2856617647058823 5 40 21.0 0.0 1.2856617647058823 0
0 ec.gp.GPIndividual@1265003852{-1075207154} 5.0 17375.0 12802.0 0.3572098109670364 5 40 21.0 0.0 0.3572098109670364 0
0 ec.gp.GPIndividual@1265003852{-1075207154} 4.0 17705.0 10087.0 0.7552295033211064 5 40 21.0 0.0 0.7552295033211064 0
0 ec.gp.GPIndividual@1265003852{-1075207154} 9.0 19569.0 8317.0 1.3528916676686304 5 40 21.0 0.0 1.3528916676686304 0
0 ec.gp.GPIndividual@1168214608{-208163039} 0.0 89830.0 10054.0 0.7606922617863537 3 8 21.0 0.0 0.7606922617863537 0
0 ec.gp.GPIndividual@1168214608{-208163039} 0.0 89830.0 8387.0 0.7131274591629904 3 8 21.0 0.0 0.7131274591629904 0
0 ec.gp.GPIndividual@1168214608{-208163039} 0.0 90156.0 14578.0 0.8125943202085334 3 8 21.0 0.0 0.8125943202085334 0
0 ec.gp.GPIndividual@1168214608{-208163039} 0.0 90014.0 10861.0 0.7615320872847804 3 8 21.0 0.0 0.7615320872847804 0
0 ec.gp.GPIndividual@1168214608{-208163039} 0.0 89830.0 8160.0 0.7051470588235295 3 8 21.0 0.0 0.7051470588235295 0
0 ec.gp.GPIndividual@1168214608{-208163039} 0.0 90156.0 12802.0 0.7865958443993126 3 8 21.0 0.0 0.7865958443993126 0
0 ec.gp.GPIndividual@1168214608{-208163039} 0.0 89830.0 10087.0 0.7614751660553187 3 8 21.0 0.0 0.7614751660553187 0
0 ec.gp.GPIndividual@1168214608{-208163039} 0.0 89830.0 8317.0 0.7107129974750511 3 8 21.0 0.0 0.7107129974750511 0
0 ec.gp.GPIndividual@1100875324{-1346419940} 0.0 105260.0 10054.0 0.8563755719116769 1 1 21.0 0.0 0.8563755719116769 0
0 ec.gp.GPIndividual@1100875324{-1346419940} 0.0 105260.0 8387.0 0.8278287826397996 1 1 21.0 0.0 0.8278287826397996 0
0 ec.gp.GPIndividual@1100875324{-1346419940} 0.0 105260.0 14578.0 0.9009466319110989 1 1 21.0 0.0 0.9009466319110989 0
0 ec.gp.GPIndividual@1100875324{-1346419940} 0.0 105260.0 10861.0 0.8670472332197772 1 1 21.0 0.0 0.8670472332197772 0
0 ec.gp.GPIndividual@1100875324{-1346419940} 0.0 105260.0 8160.0 0.8230392156862745 1 1 21.0 0.0 0.8230392156862745 0
0 ec.gp.GPIndividual@1100875324{-1346419940} 0.0 105260.0 12802.0 0.8872051241993438 1 1 21.0 0.0 0.8872051241993438 0
0 ec.gp.GPIndividual@1100875324{-1346419940} 0.0 105260.0 10087.0 0.8568454446317042 1 1 21.0 0.0 0.8568454446317042 0
0 ec.gp.GPIndividual@1100875324{-1346419940} 0.0 105260.0 8317.0 0.8263797042202717 1 1 21.0 0.0 0.8263797042202717 0
1 ec.gp.GPIndividual@729507910{556121033} 0.0 99026.0 10054.0 0.9329620051720708 3 7 21.0 0.0 0.9329620051720708 0
1 ec.gp.GPIndividual@729507910{556121033} 0.0 99026.0 8387.0 0.9196375342792417 3 7 21.0 0.0 0.9196375342792417 0
1 ec.gp.GPIndividual@729507910{556121033} 0.0 99026.0 14578.0 0.9537659486898066 3 7 21.0 0.0 0.9537659486898066 0
1 ec.gp.GPIndividual@1049186358{-2120292005} 2.0 79597.0 10054.0 0.14810025860354087 5 41 21.0 0.0 0.14810025860354087 0
1 ec.gp.GPIndividual@77365355{-1352225133} 2.0 13177.0 10054.0 0.310622637756117 5 19 21.0 0.0 0.310622637756117 0
1 ec.gp.GPIndividual@729507910{556121033} 0.0 99026.0 10861.0 0.9379430991621398 3 7 21.0 0.0 0.9379430991621398 0
1 ec.gp.GPIndividual@729507910{556121033} 0.0 99026.0 8160.0 0.9174019607843137 3 7 21.0 0.0 0.9174019607843137 0
1 ec.gp.GPIndividual@636291290{-172225127} 3.0 12438.0 10054.0 0.2371195544062065 5 24 21.0 0.0 0.2371195544062065 0
1 ec.gp.GPIndividual@729507910{556121033} 0.0 99026.0 12802.0 0.9473519762537104 3 7 21.0 0.0 0.9473519762537104 0
1 ec.gp.GPIndividual@300721229{488240312} 4.0 16173.0 10054.0 0.6086134871692859 3 7 21.0 0.0 0.6086134871692859 0
1 ec.gp.GPIndividual@77365355{-1352225133} 1.0 11982.0 8387.0 0.42863956122570646 5 19 21.0 0.0 0.42863956122570646 0
1 ec.gp.GPIndividual@729507910{556121033} 1 ec.gp.GPIndividual@1049186358{-2120292005} 0.0 1.0 79495.0 10087.0 0.009061643018957911 99026.0 10087.0 0.9331813224942996 3 7 21.0 0.0 5 41 21.0 0.0 0.9331813224942996 0
0.009061643018957911 0
1 ec.gp.GPIndividual@729507910{556121033} 0.0 99026.0 8317.0 0.9189611638812072 3 7 21.0 0.0 0.9189611638812072 0
1 ec.gp.GPIndividual@1049186358{-2120292005} 1.0 79597.0 14578.0 0.41247084648099874 5 41 21.0 0.0 0.41247084648099874 0
1 ec.gp.GPIndividual@636291290{-172225127} 3.0 11677.0 8387.0 0.39227375700488853 5 24 21.0 0.0 0.39227375700488853 0
1 ec.gp.GPIndividual@77365355{-1352225133} 2.0 16424.0 14578.0 0.1266291672383043 5 19 21.0 0.0 0.1266291672383043 0
1 ec.gp.GPIndividual@222997798{-165119456} 2.0 74660.0 10054.0 0.09568331012532326 5 44 21.0 0.0 0.09568331012532326 0
1 ec.gp.GPIndividual@1049186358{-2120292005} 1.0 79597.0 10861.0 0.21139858208268114 5 41 21.0 0.0 0.21139858208268114 0
1 ec.gp.GPIndividual@300721229{488240312} 4.0 17276.0 8387.0 1.0598545367831167 3 7 21.0 0.0 1.0598545367831167 0
1 ec.gp.GPIndividual@222997798{-165119456} 2.0 74660.0 8387.0 0.08405866221533326 5 44 21.0 0.0 0.08405866221533326 0
1 ec.gp.GPIndividual@77365355{-1352225133} 2.0 14600.0 10861.0 0.3442592763097321 5 19 21.0 0.0 0.3442592763097321 0
1 ec.gp.GPIndividual@1049186358{-2120292005} 1.0 79495.0 8160.0 0.03713235294117647 5 41 21.0 0.0 0.03713235294117647 0
1 ec.gp.GPIndividual@1049186358{-2120292005} 1.0 79597.0 12802.0 0.3309639118887674 5 41 21.0 0.0 0.3309639118887674 0
1 ec.gp.GPIndividual@77365355{-1352225133} 2.0 12183.0 8160.0 0.49301470588235297 5 19 21.0 0.0 0.49301470588235297 0
1 ec.gp.GPIndividual@636291290{-172225127} 5.0 17070.0 14578.0 0.1709425161201811 5 24 21.0 0.0 0.1709425161201811 0
1 ec.gp.GPIndividual@222997798{-165119456} 2.0 70800.0 14578.0 0.26629167238304297 5 44 21.0 0.0 0.26629167238304297 0
1 ec.gp.GPIndividual@1049186358{-2120292005} 1.0 79597.0 10087.0 0.15088728065827303 5 41 21.0 0.0 0.15088728065827303 0
1 ec.gp.GPIndividual@300721229{488240312} 5.0 17242.0 14578.0 0.18274111675126903 3 7 21.0 0.0 0.18274111675126903 0
1 ec.gp.GPIndividual@222997798{-165119456} 2.0 74660.0 10861.0 0.16287634656109015 5 44 21.0 0.0 0.16287634656109015 0
1 ec.gp.GPIndividual@77365355{-1352225133} 2.0 14979.0 12802.0 0.17005155444461803 5 19 21.0 0.0 0.17005155444461803 0
1 ec.gp.GPIndividual@1049186358{-2120292005} 1.0 79495.0 8317.0 0.017554406637008538 5 41 21.0 0.0 0.017554406637008538 0
1 ec.gp.GPIndividual@1539697137{-1519682476} 0.0 105260.0 10054.0 0.8563755719116769 2 3 21.0 0.0 0.8563755719116769 0
1 ec.gp.GPIndividual@1539697137{-1519682476} 0.0 105260.0 8387.0 0.8278287826397996 2 3 21.0 0.0 0.8278287826397996 0
1 ec.gp.GPIndividual@1539697137{-1519682476} 0.0 105260.0 14578.0 0.9009466319110989 2 3 21.0 0.0 0.9009466319110989 0
1 ec.gp.GPIndividual@636291290{-172225127} 4.0 13466.0 10861.0 0.23984900101279807 5 24 21.0 0.0 0.23984900101279807 0
1 ec.gp.GPIndividual@1539697137{-1519682476} 0.0 105260.0 10861.0 0.8670472332197772 2 3 21.0 0.0 0.8670472332197772 0
1 ec.gp.GPIndividual@222997798{-165119456} 2.0 74660.0 8160.0 0.1142156862745098 5 44 21.0 0.0 0.1142156862745098 0
1 ec.gp.GPIndividual@77365355{-1352225133} 2.0 13468.0 10087.0 0.33518390006939625 5 19 21.0 0.0 0.33518390006939625 0
1 ec.gp.GPIndividual@1539697137{-1519682476} 0.0 105260.0 8160.0 0.8230392156862745 2 3 21.0 0.0 0.8230392156862745 0
1 ec.gp.GPIndividual@1539697137{-1519682476} 0.0 105260.0 12802.0 0.8872051241993438 2 3 21.0 0.0 0.8872051241993438 0
1 ec.gp.GPIndividual@300721229{488240312} 4.0 1 ec.gp.GPIndividual@1539697137{-1519682476} 0.0 15507.0 10087.0 0.4277690820366449 105260.0 10087.0 0.8568454446317042 3 7 21.0 0.0 0.4277690820366449 0
2 3 21.0 0.0 0.8568454446317042 0
1 ec.gp.GPIndividual@1539697137{-1519682476} 0.0 105260.0 8317.0 0.8263797042202717 2 3 21.0 0.0 0.8263797042202717 0
1 ec.gp.GPIndividual@77365355{-1352225133} 1.0 11473.0 8317.0 0.37946374894793794 5 19 21.0 0.0 0.37946374894793794 0
1 ec.gp.GPIndividual@222997798{-165119456} 2.0 75160.0 12802.0 0.2507420715513201 5 44 21.0 0.0 0.2507420715513201 0
1 ec.gp.GPIndividual@636291290{-172225127} 2.0 13568.0 8160.0 0.6627450980392157 5 24 21.0 0.0 0.6627450980392157 0
1 ec.gp.GPIndividual@2087223737{556941432} 0.0 87458.0 10054.0 0.4531529739407201 5 34 21.0 0.0 0.4531529739407201 0
1 ec.gp.GPIndividual@2087223737{556941432} 0.0 87458.0 8387.0 0.34446166686538693 5 34 21.0 0.0 0.34446166686538693 0
1 ec.gp.GPIndividual@222997798{-165119456} 1.0 74660.0 10087.0 0.0986418161990681 5 44 21.0 0.0 0.0986418161990681 0
1 ec.gp.GPIndividual@300721229{488240312} 3.0 16592.0 8160.0 1.0333333333333334 3 7 21.0 0.0 1.0333333333333334 0
1 ec.gp.GPIndividual@2087223737{556941432} 0.0 87632.0 14578.0 0.610920565235286 5 34 21.0 0.0 0.610920565235286 0
1 ec.gp.GPIndividual@2087223737{556941432} 0.0 87458.0 10861.0 0.4937851026608968 5 34 21.0 0.0 0.4937851026608968 0
1 ec.gp.GPIndividual@636291290{-172225127} 3.0 15403.0 12802.0 0.20317137947195751 5 24 21.0 0.0 0.20317137947195751 0
1 ec.gp.GPIndividual@2087223737{556941432} 0.0 87458.0 8160.0 0.32622549019607844 5 34 21.0 0.0 0.32622549019607844 0
1 ec.gp.GPIndividual@222997798{-165119456} 2.0 74660.0 8317.0 0.09318263797042203 5 44 21.0 0.0 0.09318263797042203 0
1 ec.gp.GPIndividual@1313777780{-1072564706} 0.0 99798.0 10054.0 0.8561766461110006 2 3 21.0 0.0 0.8561766461110006 0
1 ec.gp.GPIndividual@2087223737{556941432} 0.0 87458.0 12802.0 0.570535853772848 5 34 21.0 0.0 0.570535853772848 0
1 ec.gp.GPIndividual@1313777780{-1072564706} 0.0 99798.0 8387.0 0.8275903183498271 2 3 21.0 0.0 0.8275903183498271 0
1 ec.gp.GPIndividual@1313777780{-1072564706} 0.0 99972.0 14578.0 0.8888736452188228 2 3 21.0 0.0 0.8888736452188228 0
1 ec.gp.GPIndividual@2087223737{556941432} 0.0 87458.0 10087.0 0.4549420045603252 5 34 21.0 0.0 0.4549420045603252 0
1 ec.gp.GPIndividual@1313777780{-1072564706} 0.0 99798.0 10861.0 0.8668630881134334 2 3 21.0 0.0 0.8668630881134334 0
1 ec.gp.GPIndividual@300721229{488240312} 4.0 15029.0 12802.0 0.17395719418840805 3 7 21.0 0.0 0.17395719418840805 0
1 ec.gp.GPIndividual@1313777780{-1072564706} 0.0 99798.0 8160.0 0.8227941176470588 2 3 21.0 0.0 0.8227941176470588 0
1 ec.gp.GPIndividual@2087223737{556941432} 0.0 87458.0 8317.0 0.33894433088854153 5 34 21.0 0.0 0.33894433088854153 0
1 ec.gp.GPIndividual@636291290{-172225127} 2.0 13153.0 10087.0 0.3039555863983345 5 24 21.0 0.0 0.3039555863983345 0
1 ec.gp.GPIndividual@1313777780{-1072564706} 0.0 99798.0 12802.0 0.8870488986095922 2 3 21.0 0.0 0.8870488986095922 0
1 ec.gp.GPIndividual@1313777780{-1072564706} 0.0 99798.0 10087.0 0.8566471696242689 2 3 21.0 0.0 0.8566471696242689 0
1 ec.gp.GPIndividual@1313777780{-1072564706} 0.0 99798.0 8317.0 0.8261392328964771 2 3 21.0 0.0 0.8261392328964771 0
1 ec.gp.GPIndividual@636291290{-172225127} 1.0 12094.0 8317.0 0.4541300949861729 5 24 21.0 0.0 0.4541300949861729 0
1 ec.gp.GPIndividual@300721229{488240312} 1.0 15560.0 10087.0 0.5425795578467334 3 7 21.0 0.0 0.5425795578467334 0
1 ec.gp.GPIndividual@2040718455{-463476038} 0.0 84340.0 10054.0 0.21981300974736423 4 26 21.0 0.0 0.21981300974736423 0
1 ec.gp.GPIndividual@300721229{488240312} 0.0 1 ec.gp.GPIndividual@2040718455{-463476038} 0.0 17061.0 8387.0 1.0513406276301551 84340.0 8387.0 0.06474305472755455 3 7 21.0 0.0 1.0513406276301551 0
4 26 21.0 0.0 0.06474305472755455 0
1 ec.gp.GPIndividual@1412766281{-870745295} 0.0 91632.0 10054.0 0.5814601153769644 3 8 21.0 0.0 0.5814601153769644 0
1 ec.gp.GPIndividual@1412766281{-870745295} 0.0 91632.0 8387.0 0.49827113389769884 3 8 21.0 0.0 0.49827113389769884 0
1 ec.gp.GPIndividual@2040718455{-463476038} 0.0 79154.0 14578.0 0.4428591027575799 4 26 21.0 0.0 0.4428591027575799 0
1 ec.gp.GPIndividual@1412766281{-870745295} 0.0 91806.0 14578.0 0.6994100699684456 3 8 21.0 0.0 0.6994100699684456 0
1 ec.gp.GPIndividual@1412766281{-870745295} 0.0 91632.0 10861.0 0.6125586962526471 3 8 21.0 0.0 0.6125586962526471 0
1 ec.gp.GPIndividual@2040718455{-463476038} 0.0 78980.0 10861.0 0.2682073473897431 4 26 21.0 0.0 0.2682073473897431 0
1 ec.gp.GPIndividual@1412766281{-870745295} 0.0 91632.0 8160.0 0.4843137254901961 3 8 21.0 0.0 0.4843137254901961 0
1 ec.gp.GPIndividual@1412766281{-870745295} 0.0 91632.0 8160.0 0.6713013591626308 1 ec.gp.GPIndividual@2040718455{-463476038} 0.0 3 8 21.0 0.0 84340.0 8160.0 0.03872549019607843 0.6713013591626308 0
4 26 21.0 0.0 0.03872549019607843 0
1 ec.gp.GPIndividual@1412766281{-870745295} 0.0 91632.0 10087.0 0.5828293843561019 3 8 21.0 0.0 0.5828293843561019 0
1 ec.gp.GPIndividual@1412766281{-870745295} 0.0 91632.0 8317.0 0.49404833473608273 3 8 21.0 0.0 0.49404833473608273 0
1 ec.gp.GPIndividual@2040718455{-463476038} 0.0 78980.0 12802.0 0.3791595063271364 4 26 21.0 0.0 0.3791595063271364 0
1 ec.gp.GPIndividual@2040718455{-463476038} 0.0 79081.0 10087.0 0.2020422325765837 4 26 21.0 0.0 0.2020422325765837 0
1 ec.gp.GPIndividual@2040718455{-463476038} 0.0 84340.0 8317.0 0.056871468077431764 4 26 21.0 0.0 0.056871468077431764 0
2 ec.gp.GPIndividual@902981486{-1530088278} 0.0 104262.0 10054.0 0.9556395464491745 1 1 21.0 0.0 0.9556395464491745 0
2 ec.gp.GPIndividual@183077196{881923232} 0.0 95726.0 10054.0 0.7177242888402626 3 7 21.0 0.0 0.7177242888402626 0
2 ec.gp.GPIndividual@902981486{-1530088278} 0.0 104262.0 8387.0 0.9468224633361154 1 1 21.0 0.0 0.9468224633361154 0
2 ec.gp.GPIndividual@1546302053{1692667879} 0.0 101086.0 10054.0 0.7280684304754327 5 36 21.0 0.0 0.7280684304754327 0
2 ec.gp.GPIndividual@902981486{-1530088278} 0.0 104262.0 14578.0 0.9694059541775277 1 1 21.0 0.0 0.9694059541775277 0
2 ec.gp.GPIndividual@902981486{-1530088278} 0.0 104262.0 10861.0 0.9589356412853328 1 1 21.0 0.0 0.9589356412853328 0
2 ec.gp.GPIndividual@183077196{881923232} 0.0 95726.0 8387.0 0.6616191725289138 3 7 21.0 0.0 0.6616191725289138 0
2 ec.gp.GPIndividual@1546302053{1692667879} 0.0 101086.0 8387.0 0.6740193156074877 5 36 21.0 0.0 0.6740193156074877 0
2 ec.gp.GPIndividual@1128847591{410830934} 1.0 79597.0 10054.0 0.14810025860354087 5 35 21.0 0.0 0.14810025860354087 0
2 ec.gp.GPIndividual@902981486{-1530088278} 0.0 104262.0 8160.0 0.9453431372549019 1 1 21.0 0.0 0.9453431372549019 0
2 ec.gp.GPIndividual@1230961959{-1871847737} 2.0 2 ec.gp.GPIndividual@183077196{881923232} 0.0 95900.0 14578.0 0.7933872959253669 3 7 21.0 0.0 0.7933872959253669 0
70142.0 10054.0 0.0015914064054107818 2 ec.gp.GPIndividual@902981486{-1530088278} 0.0 5 44 21.0 0.0 104262.0 12802.0 0.9651616934853929 1 1 21.0 0.0 0.9651616934853929 0
0.0015914064054107818 0
2 ec.gp.GPIndividual@902981486{-1530088278} 0.0 104262.0 10087.0 0.9557846733419253 1 1 21.0 0.0 0.9557846733419253 0
2 ec.gp.GPIndividual@183077196{881923232} 0.0 95726.0 10861.0 0.7386980940981493 3 7 21.0 0.0 0.7386980940981493 0
2 ec.gp.GPIndividual@902981486{-1530088278} 0.0 104262.0 8317.0 0.9463748947937959 1 1 21.0 0.0 0.9463748947937959 0
2 ec.gp.GPIndividual@1128847591{410830934} 1.0 79495.0 8387.0 0.009061643018957911 5 35 21.0 0.0 0.009061643018957911 0
2 ec.gp.GPIndividual@183077196{881923232} 0.0 95726.0 8160.0 0.6522058823529412 3 7 21.0 0.0 0.6522058823529412 0
2 ec.gp.GPIndividual@183077196{881923232} 0.0 95726.0 12802.0 0.7783158881424778 3 7 21.0 0.0 0.7783158881424778 0
2 ec.gp.GPIndividual@1546302053{1692667879} 3.0 75297.0 14578.0 0.3326245026752641 5 36 21.0 0.0 0.3326245026752641 0
2 ec.gp.GPIndividual@80492558{1803653011} 2 ec.gp.GPIndividual@183077196{881923232} 0.0 1.0 95726.0 10087.0 0.7186477644492911 79597.0 10087.0 0.14810025860354087 2 ec.gp.GPIndividual@1128847591{410830934} 3 7 21.0 0.0 1.0 0.7186477644492911 0
5 41 21.0 0.0 79597.0 14578.0 0.41247084648099874 0.14810025860354087 0
5 35 21.0 0.0 0.41247084648099874 0
2 ec.gp.GPIndividual@1230961959{-1871847737} 3.0 65874.0 8387.0 0.3394539167759628 5 44 21.0 0.0 0.3394539167759628 0
2 ec.gp.GPIndividual@183077196{881923232} 0.0 95726.0 8317.0 0.6587711915354094 3 7 21.0 0.0 0.6587711915354094 0
2 ec.gp.GPIndividual@1581336081{326107076} 0.0 91055.0 10054.0 0.6388502088720908 5 34 21.0 0.0 0.6388502088720908 0
2 ec.gp.GPIndividual@1128847591{410830934} 2 ec.gp.GPIndividual@1546302053{1692667879} 2.0 2.0 79597.0 10861.0 0.21139858208268114 74309.0 10861.0 0.19519381272442685 5 35 21.0 0.0 0.21139858208268114 0
5 36 21.0 0.0 0.19519381272442685 0
2 ec.gp.GPIndividual@80492558{1803653011} 2.0 79495.0 8387.0 0.009061643018957911 5 41 21.0 0.0 0.009061643018957911 0
2 ec.gp.GPIndividual@1581336081{326107076} 0.0 91127.0 8387.0 0.5584833671157744 5 34 21.0 0.0 0.5584833671157744 0
2 ec.gp.GPIndividual@1546302053{1692667879} 0.0 101086.0 8160.0 0.6649509803921568 5 36 21.0 0.0 0.6649509803921568 0
2 ec.gp.GPIndividual@1581336081{326107076} 0.0 91229.0 14578.0 0.7389902592948279 5 34 21.0 0.0 0.7389902592948279 0
2 ec.gp.GPIndividual@1230961959{-1871847737} 3.0 65950.0 14578.0 0.22417341199067087 5 44 21.0 0.0 0.22417341199067087 0
2 ec.gp.GPIndividual@1581336081{326107076} 0.0 91055.0 10861.0 0.6656845594328331 5 34 21.0 0.0 0.6656845594328331 0
2 ec.gp.GPIndividual@1128847591{410830934} 1.0 79495.0 8160.0 0.03713235294117647 5 35 21.0 0.0 0.03713235294117647 0
2 ec.gp.GPIndividual@80492558{1803653011} 2.0 79597.0 14578.0 0.41247084648099874 5 41 21.0 0.0 0.41247084648099874 0
2 ec.gp.GPIndividual@1546302053{1692667879} 1.0 75297.0 12802.0 0.24004061865333542 5 36 21.0 0.0 0.24004061865333542 0
2 ec.gp.GPIndividual@1581336081{326107076} 0.0 90953.0 8160.0 0.5675245098039216 5 34 21.0 0.0 0.5675245098039216 0
2 ec.gp.GPIndividual@1581336081{326107076} 0.0 91055.0 12802.0 0.7163724418059678 5 34 21.0 0.0 0.7163724418059678 0
2 ec.gp.GPIndividual@1128847591{410830934} 1.0 79597.0 12802.0 0.3309639118887674 5 35 21.0 0.0 0.3309639118887674 0
2 ec.gp.GPIndividual@80492558{1803653011} 2.0 79597.0 10861.0 0.21139858208268114 5 41 21.0 0.0 0.21139858208268114 0
2 ec.gp.GPIndividual@1230961959{-1871847737} 3.0 70142.0 10861.0 0.07577571126047325 5 44 21.0 0.0 0.07577571126047325 0
2 ec.gp.GPIndividual@1581336081{326107076} 0.0 91055.0 10087.0 0.6400317240011897 5 34 21.0 0.0 0.6400317240011897 0
2 ec.gp.GPIndividual@1546302053{1692667879} 2.0 74309.0 10087.0 0.1334390800039655 5 36 21.0 0.0 0.1334390800039655 0
2 ec.gp.GPIndividual@1546302053{1692667879} 0.0 101086.0 8317.0 0.6712757003727305 5 36 21.0 0.0 0.6712757003727305 0
2 ec.gp.GPIndividual@1581336081{326107076} 0.0 90953.0 8317.0 0.5756883491643622 5 34 21.0 0.0 0.5756883491643622 0
2 ec.gp.GPIndividual@1128847591{410830934} 1.0 79597.0 10087.0 0.15088728065827303 5 35 21.0 0.0 0.15088728065827303 0
2 ec.gp.GPIndividual@80492558{1803653011} 1.0 79495.0 8160.0 0.03713235294117647 5 41 21.0 0.0 0.03713235294117647 0
2 ec.gp.GPIndividual@1128847591{410830934} 2 ec.gp.GPIndividual@80492558{1803653011} 0.0 0.0 79495.0 12802.0 0.017554406637008538 79597.0 12802.0 0.3309639118887674 5 41 21.0 0.0 5 35 21.0 0.0 0.017554406637008538 0
0.3309639118887674 0
2 ec.gp.GPIndividual@80492558{1803653011} 0.0 79597.0 10087.0 0.15088728065827303 5 41 21.0 0.0 0.15088728065827303 0
2 ec.gp.GPIndividual@80492558{1803653011} 0.0 79495.0 8317.0 0.017554406637008538 5 41 21.0 0.0 0.017554406637008538 0
2 ec.gp.GPIndividual@1230961959{-1871847737} 2.0 65874.0 8160.0 0.3767156862745098 5 44 21.0 0.0 0.3767156862745098 0
2 ec.gp.GPIndividual@1230961959{-1871847737} 0.0 70142.0 12802.0 0.21590376503671302 5 44 21.0 0.0 0.21590376503671302 0
2 ec.gp.GPIndividual@1230961959{-1871847737} 0.0 70142.0 10087.0 0.004857737682165163 5 44 21.0 0.0 0.004857737682165163 0
2 ec.gp.GPIndividual@1230961959{-1871847737} 1.0 65874.0 8317.0 0.3507274257544788 5 44 21.0 0.0 0.3507274257544788 0
2 ec.gp.GPIndividual@1633017219{36981278} 0.0 79597.0 10054.0 0.14810025860354087 5 41 21.0 0.0 0.14810025860354087 0
2 ec.gp.GPIndividual@1633017219{36981278} 0.0 79495.0 8387.0 0.009061643018957911 5 41 21.0 0.0 0.009061643018957911 0
2 ec.gp.GPIndividual@1633017219{36981278} 0.0 79597.0 14578.0 0.41247084648099874 5 41 21.0 0.0 0.41247084648099874 0
2 ec.gp.GPIndividual@1633017219{36981278} 0.0 79597.0 10861.0 0.21139858208268114 5 41 21.0 0.0 0.21139858208268114 0
2 ec.gp.GPIndividual@1633017219{36981278} 0.0 79495.0 8160.0 0.03713235294117647 5 41 21.0 0.0 0.03713235294117647 0
2 ec.gp.GPIndividual@1633017219{36981278} 0.0 79597.0 12802.0 0.3309639118887674 5 41 21.0 0.0 0.3309639118887674 0
2 ec.gp.GPIndividual@1633017219{36981278} 0.0 79597.0 10087.0 0.15088728065827303 5 41 21.0 0.0 0.15088728065827303 0
2 ec.gp.GPIndividual@1633017219{36981278} 0.0 79495.0 8317.0 0.017554406637008538 5 41 21.0 0.0 0.017554406637008538 0
3 ec.gp.GPIndividual@425467794{-342710515} 0.0 105260.0 10054.0 0.8563755719116769 5 18 21.0 0.0 0.8563755719116769 0
3 ec.gp.GPIndividual@425467794{-342710515} 0.0 105260.0 8387.0 0.8278287826397996 5 18 21.0 0.0 0.8278287826397996 0
3 ec.gp.GPIndividual@425467794{-342710515} 0.0 105260.0 14578.0 0.9009466319110989 5 18 21.0 0.0 0.9009466319110989 0
3 ec.gp.GPIndividual@425467794{-342710515} 0.0 105260.0 10861.0 0.8670472332197772 5 18 21.0 0.0 0.8670472332197772 0
3 ec.gp.GPIndividual@425467794{-342710515} 0.0 105260.0 8160.0 0.8230392156862745 5 18 21.0 0.0 0.8230392156862745 0
3 ec.gp.GPIndividual@425467794{-342710515} 0.0 105260.0 12802.0 0.8872051241993438 5 18 21.0 0.0 0.8872051241993438 0
3 ec.gp.GPIndividual@425467794{-342710515} 0.0 105260.0 10087.0 0.8568454446317042 5 18 21.0 0.0 0.8568454446317042 0
3 ec.gp.GPIndividual@87022758{485691597} 1.0 88682.0 10054.0 0.3314103839267953 5 41 21.0 0.0 0.3314103839267953 0
3 ec.gp.GPIndividual@425467794{-342710515} 0.0 105260.0 8317.0 0.8263797042202717 5 18 21.0 0.0 0.8263797042202717 0
3 ec.gp.GPIndividual@712728408{-341935364} 2.0 74660.0 10054.0 0.09568331012532326 5 40 21.0 0.0 0.09568331012532326 0
3 ec.gp.GPIndividual@1689485092{155941489} 2.0 70392.0 10054.0 0.023274318679132683 5 44 21.0 0.0 0.023274318679132683 0
3 ec.gp.GPIndividual@87022758{485691597} 1.0 18905.0 8387.0 1.2540837009657804 5 41 21.0 0.0 1.2540837009657804 0
3 ec.gp.GPIndividual@87022758{485691597} 0.0 88682.0 14578.0 0.538894224173412 5 41 21.0 0.0 0.538894224173412 0
3 ec.gp.GPIndividual@87022758{485691597} 0.0 88682.0 10861.0 0.38108829757849183 5 41 21.0 0.0 0.38108829757849183 0
3 ec.gp.GPIndividual@712728408{-341935364} 1.0 74660.0 8387.0 0.08405866221533326 5 40 21.0 0.0 0.08405866221533326 0
3 ec.gp.GPIndividual@1689485092{155941489} 2.0 70392.0 8387.0 0.22666030761893408 5 44 21.0 0.0 0.22666030761893408 0
3 ec.gp.GPIndividual@87022758{485691597} 1.0 19351.0 8160.0 1.3714460784313725 5 41 21.0 0.0 1.3714460784313725 0
3 ec.gp.GPIndividual@87022758{485691597} 0.0 88682.0 12802.0 0.47492579284486797 5 41 21.0 0.0 0.47492579284486797 0
3 ec.gp.GPIndividual@87022758{485691597} 0.0 88682.0 10087.0 0.33359770000991373 5 41 21.0 0.0 0.33359770000991373 0
3 ec.gp.GPIndividual@87022758{485691597} 0.0 19351.0 8317.0 1.326680293375015 5 41 21.0 0.0 1.326680293375015 0
3 ec.gp.GPIndividual@712728408{-341935364} 2.0 70800.0 14578.0 0.26629167238304297 5 40 21.0 0.0 0.26629167238304297 0
3 ec.gp.GPIndividual@1901278421{342779420} 0.0 84311.0 10054.0 0.22269743385717128 5 39 21.0 0.0 0.22269743385717128 0
3 ec.gp.GPIndividual@1901278421{342779420} 0.0 83763.0 8387.0 0.1335400023846429 5 39 21.0 0.0 0.1335400023846429 0
3 ec.gp.GPIndividual@1901278421{342779420} 0.0 83865.0 14578.0 0.49451227877623816 5 39 21.0 0.0 0.49451227877623816 0
3 ec.gp.GPIndividual@1689485092{155941489} 3 ec.gp.GPIndividual@1901278421{342779420} 2.0 0.0 84311.0 10861.0 0.28045299696160575 66500.0 10861.0 0.18644532857730828 5 39 21.0 0.0 5 44 21.0 0.0 0.28045299696160575 0
0.18644532857730828 0
3 ec.gp.GPIndividual@1901278421{342779420} 0.0 84209.0 8160.0 0.05477941176470588 5 39 21.0 0.0 0.05477941176470588 0
3 ec.gp.GPIndividual@712728408{-341935364} 1.0 74660.0 10861.0 0.16287634656109015 5 40 21.0 0.0 0.16287634656109015 0
3 ec.gp.GPIndividual@1901278421{342779420} 0.0 83865.0 12802.0 0.424386814560225 5 39 21.0 0.0 0.424386814560225 0
3 ec.gp.GPIndividual@1901278421{342779420} 0.0 84311.0 10087.0 0.22524040844651533 5 39 21.0 0.0 0.22524040844651533 0
3 ec.gp.GPIndividual@1901278421{342779420} 0.0 84209.0 8317.0 0.07262233978598052 5 39 21.0 0.0 0.07262233978598052 0
3 ec.gp.GPIndividual@1689485092{155941489} 1.0 70392.0 10861.0 0.05275757296749839 5 44 21.0 0.0 0.05275757296749839 0
3 ec.gp.GPIndividual@712728408{-341935364} 1.0 74660.0 8160.0 0.1142156862745098 5 40 21.0 0.0 0.1142156862745098 0
3 ec.gp.GPIndividual@1689485092{155941489} 1.0 70392.0 8160.0 0.2607843137254902 5 44 21.0 0.0 0.2607843137254902 0
3 ec.gp.GPIndividual@712728408{-341935364} 0.0 75160.0 12802.0 0.2507420715513201 5 40 21.0 0.0 0.2507420715513201 0
3 ec.gp.GPIndividual@712728408{-341935364} 1.0 74660.0 10087.0 0.0986418161990681 5 40 21.0 0.0 0.0986418161990681 0
3 ec.gp.GPIndividual@1689485092{155941489} 1.0 70800.0 12802.0 0.16450554600843617 5 44 21.0 0.0 0.16450554600843617 0
3 ec.gp.GPIndividual@712728408{-341935364} 1.0 74660.0 8317.0 0.09318263797042203 5 40 21.0 0.0 0.09318263797042203 0
3 ec.gp.GPIndividual@1689485092{155941489} 1.0 70392.0 10087.0 0.019926638247248933 5 44 21.0 0.0 0.019926638247248933 0
3 ec.gp.GPIndividual@1689485092{155941489} 1.0 70392.0 8317.0 0.23698448959961524 5 44 21.0 0.0 0.23698448959961524 0
3 ec.gp.GPIndividual@1550733122{161085960} 0.0 74660.0 10054.0 0.09568331012532326 5 44 21.0 0.0 0.09568331012532326 0
3 ec.gp.GPIndividual@767487850{1805717462} 15.0 19584.0 10054.0 0.9478814402227969 4 15 21.0 0.0 0.9478814402227969 0
3 ec.gp.GPIndividual@1550733122{161085960} 0.0 74660.0 8387.0 0.08405866221533326 5 44 21.0 0.0 0.08405866221533326 0
3 ec.gp.GPIndividual@1550733122{161085960} 1.0 70800.0 14578.0 0.26629167238304297 5 44 21.0 0.0 0.26629167238304297 0
3 ec.gp.GPIndividual@1550733122{161085960} 0.0 74660.0 10861.0 0.16287634656109015 5 44 21.0 0.0 0.16287634656109015 0
3 ec.gp.GPIndividual@1550733122{161085960} 0.0 74660.0 8160.0 0.1142156862745098 5 44 21.0 0.0 0.1142156862745098 0
3 ec.gp.GPIndividual@1550733122{161085960} 0.0 75160.0 12802.0 0.2507420715513201 5 44 21.0 0.0 0.2507420715513201 0
3 ec.gp.GPIndividual@1550733122{161085960} 0.0 74660.0 10087.0 0.0986418161990681 5 44 21.0 0.0 0.0986418161990681 0
3 ec.gp.GPIndividual@1550733122{161085960} 0.0 74660.0 8317.0 0.09318263797042203 5 44 21.0 0.0 0.09318263797042203 0
3 ec.gp.GPIndividual@767487850{1805717462} 8.0 19584.0 8387.0 1.3350423274114702 4 15 21.0 0.0 1.3350423274114702 0
3 ec.gp.GPIndividual@767487850{1805717462} 7.0 19584.0 14578.0 0.3433941555768967 4 15 21.0 0.0 0.3433941555768967 0
3 ec.gp.GPIndividual@767487850{1805717462} 6.0 19584.0 10861.0 0.803148881318479 4 15 21.0 0.0 0.803148881318479 0
3 ec.gp.GPIndividual@767487850{1805717462} 6.0 19584.0 8160.0 1.4 4 15 21.0 0.0 1.4 0
3 ec.gp.GPIndividual@767487850{1805717462} 6.0 19584.0 12802.0 0.52976097484768 4 15 21.0 0.0 0.52976097484768 0
3 ec.gp.GPIndividual@767487850{1805717462} 6.0 19584.0 10087.0 0.9415088728065827 4 15 21.0 0.0 0.9415088728065827 0
3 ec.gp.GPIndividual@767487850{1805717462} 6.0 19584.0 8317.0 1.3546952025970902 4 15 21.0 0.0 1.3546952025970902 0
3 ec.gp.GPIndividual@1568115651{261744481} 0.0 70142.0 10054.0 0.0015914064054107818 5 42 21.0 0.0 0.0015914064054107818 0
3 ec.gp.GPIndividual@1568115651{261744481} 0.0 65874.0 8387.0 0.3394539167759628 5 42 21.0 0.0 0.3394539167759628 0
3 ec.gp.GPIndividual@1568115651{261744481} 0.0 65950.0 14578.0 0.22417341199067087 5 42 21.0 0.0 0.22417341199067087 0
3 ec.gp.GPIndividual@1568115651{261744481} 0.0 70142.0 10861.0 0.07577571126047325 5 42 21.0 0.0 0.07577571126047325 0
3 ec.gp.GPIndividual@1568115651{261744481} 1.0 65874.0 8160.0 0.3767156862745098 5 42 21.0 0.0 0.3767156862745098 0
3 ec.gp.GPIndividual@1568115651{261744481} 0.0 70142.0 12802.0 0.21590376503671302 5 42 21.0 0.0 0.21590376503671302 0
3 ec.gp.GPIndividual@1568115651{261744481} 0.0 70142.0 10087.0 0.004857737682165163 5 42 21.0 0.0 0.004857737682165163 0
3 ec.gp.GPIndividual@1568115651{261744481} 1.0 65874.0 8317.0 0.3507274257544788 5 42 21.0 0.0 0.3507274257544788 0
4 ec.gp.GPIndividual@86888815{164041535} 0.0 88965.0 10054.0 0.8467276705788741 5 34 21.0 0.0 0.8467276705788741 0
4 ec.gp.GPIndividual@86888815{164041535} 0.0 88660.0 8387.0 0.8526290687969477 5 34 21.0 0.0 0.8526290687969477 0
4 ec.gp.GPIndividual@1457581836{1707556245} 2.0 79597.0 10054.0 0.14810025860354087 5 33 21.0 0.0 0.14810025860354087 0
4 ec.gp.GPIndividual@1043499647{1323118266} 2.0 73814.0 10054.0 0.17982892381141835 5 40 21.0 0.0 0.17982892381141835 0
4 ec.gp.GPIndividual@1413119931{1478436626} 3.0 74660.0 10054.0 0.09568331012532326 5 44 21.0 0.0 0.09568331012532326 0
4 ec.gp.GPIndividual@86888815{164041535} 1.0 81712.0 14578.0 0.6422005762107285 5 34 21.0 0.0 0.6422005762107285 0
4 ec.gp.GPIndividual@2057419446{1551563049} 3.0 74660.0 10054.0 0.09568331012532326 5 44 21.0 0.0 0.09568331012532326 0
4 ec.gp.GPIndividual@1457581836{1707556245} 1.0 79495.0 8387.0 0.009061643018957911 5 33 21.0 0.0 0.009061643018957911 0
4 ec.gp.GPIndividual@86888815{164041535} 1.0 81558.0 10861.0 0.5339287358438449 5 34 21.0 0.0 0.5339287358438449 0
4 ec.gp.GPIndividual@86888815{164041535} 0.0 88660.0 8160.0 0.8485294117647059 5 34 21.0 0.0 0.8485294117647059 0
4 ec.gp.GPIndividual@1043499647{1323118266} 2.0 73814.0 8387.0 0.016811732443066652 5 40 21.0 0.0 0.016811732443066652 0
4 ec.gp.GPIndividual@1413119931{1478436626} 2.0 74660.0 8387.0 0.08405866221533326 5 44 21.0 0.0 0.08405866221533326 0
4 ec.gp.GPIndividual@2057419446{1551563049} 2.0 4 ec.gp.GPIndividual@1457581836{1707556245} 2.0 74660.0 14578.0 0.08405866221533326 79597.0 14578.0 0.41247084648099874 5 44 21.0 0.0 5 33 21.0 0.0 0.08405866221533326 0
0.41247084648099874 0
4 ec.gp.GPIndividual@86888815{164041535} 1.0 81712.0 12802.0 0.5925636619278237 5 34 21.0 0.0 0.5925636619278237 0
4 ec.gp.GPIndividual@86888815{164041535} 0.0 88965.0 10087.0 0.8472291067710915 5 34 21.0 0.0 0.8472291067710915 0
4 ec.gp.GPIndividual@1043499647{1323118266} 2.0 73290.0 14578.0 0.47029770887638905 5 40 21.0 0.0 0.47029770887638905 0
4 ec.gp.GPIndividual@86888815{164041535} 0.0 4 ec.gp.GPIndividual@1457581836{1707556245} 88660.0 8317.0 0.851388721894914 2.0 5 34 21.0 0.0 0.851388721894914 0
79597.0 8317.0 0.21139858208268114 5 33 21.0 0.0 0.21139858208268114 0
4 ec.gp.GPIndividual@1457581836{1707556245} 0.0 79495.0 8160.0 0.03713235294117647 5 33 21.0 0.0 0.03713235294117647 0
4 ec.gp.GPIndividual@1457581836{1707556245} 0.0 79597.0 12802.0 0.3309639118887674 5 33 21.0 0.0 0.3309639118887674 0
4 ec.gp.GPIndividual@1413119931{1478436626} 3.0 70800.0 14578.0 0.26629167238304297 5 44 21.0 0.0 0.26629167238304297 0
4 ec.gp.GPIndividual@1457581836{1707556245} 0.0 79597.0 10087.0 0.15088728065827303 5 33 21.0 0.0 0.15088728065827303 0
4 ec.gp.GPIndividual@1457581836{1707556245} 0.0 79495.0 8317.0 0.017554406637008538 5 33 21.0 0.0 0.017554406637008538 0
4 ec.gp.GPIndividual@1043499647{1323118266} 1.0 73814.0 10861.0 0.2407697265445171 5 40 21.0 0.0 0.2407697265445171 0
4 ec.gp.GPIndividual@2057419446{1551563049} 3.0 70800.0 14578.0 0.26629167238304297 5 44 21.0 0.0 0.26629167238304297 0
4 ec.gp.GPIndividual@1043499647{1323118266} 0.0 89103.0 8160.0 0.7942401960784313 5 40 21.0 0.0 0.7942401960784313 0
4 ec.gp.GPIndividual@1413119931{1478436626} 1.0 74660.0 10861.0 0.16287634656109015 5 44 21.0 0.0 0.16287634656109015 0
4 ec.gp.GPIndividual@2057419446{1551563049} 0.0 74660.0 10861.0 0.16287634656109015 5 44 21.0 0.0 0.16287634656109015 0
4 ec.gp.GPIndividual@1043499647{1323118266} 1.0 69106.0 12802.0 0.2968286205280425 5 40 21.0 0.0 0.2968286205280425 0
4 ec.gp.GPIndividual@1413119931{1478436626} 0.0 74660.0 8160.0 0.1142156862745098 5 44 21.0 0.0 0.1142156862745098 0
4 ec.gp.GPIndividual@2057419446{1551563049} 0.0 74660.0 8160.0 0.1142156862745098 5 44 21.0 0.0 0.1142156862745098 0
4 ec.gp.GPIndividual@1043499647{1323118266} 0.0 73814.0 10087.0 0.1825121443442054 5 40 21.0 0.0 0.1825121443442054 0
4 ec.gp.GPIndividual@1043499647{1323118266} 0.0 89103.0 8317.0 0.7981243236744018 5 40 21.0 0.0 0.7981243236744018 0
4 ec.gp.GPIndividual@1871246672{-1210269969} 0.0 79597.0 10054.0 0.14810025860354087 5 43 21.0 0.0 0.14810025860354087 0
4 ec.gp.GPIndividual@1871246672{-1210269969} 0.0 79495.0 8387.0 0.009061643018957911 5 43 21.0 0.0 0.009061643018957911 0
4 ec.gp.GPIndividual@1413119931{1478436626} 1.0 75160.0 12802.0 0.2507420715513201 5 44 21.0 0.0 0.2507420715513201 0
4 ec.gp.GPIndividual@2057419446{1551563049} 0.0 75160.0 12802.0 0.2507420715513201 5 44 21.0 0.0 0.2507420715513201 0
4 ec.gp.GPIndividual@1871246672{-1210269969} 0.0 79597.0 14578.0 0.41247084648099874 5 43 21.0 0.0 0.41247084648099874 0
4 ec.gp.GPIndividual@1871246672{-1210269969} 0.0 79597.0 10861.0 0.21139858208268114 5 43 21.0 0.0 0.21139858208268114 0
4 ec.gp.GPIndividual@1871246672{-1210269969} 0.0 79495.0 8160.0 0.03713235294117647 5 43 21.0 0.0 0.03713235294117647 0
4 ec.gp.GPIndividual@1871246672{-1210269969} 0.0 79597.0 12802.0 0.3309639118887674 5 43 21.0 0.0 0.3309639118887674 0
4 ec.gp.GPIndividual@1871246672{-1210269969} 0.0 79597.0 10087.0 0.15088728065827303 5 43 21.0 0.0 0.15088728065827303 0
4 ec.gp.GPIndividual@2057419446{1551563049} 1.0 4 ec.gp.GPIndividual@1413119931{1478436626} 74660.0 10087.0 0.0986418161990681 1.0 5 44 21.0 0.0 74660.0 10087.0 0.0986418161990681 4 ec.gp.GPIndividual@1871246672{-1210269969} 0.0986418161990681 0
0.0 5 44 21.0 0.0 79495.0 8317.0 0.017554406637008538 5 43 21.0 0.0 0.0986418161990681 0
0.017554406637008538 0
4 ec.gp.GPIndividual@2057419446{1551563049} 0.0 74660.0 8317.0 0.09318263797042203 5 44 21.0 0.0 0.09318263797042203 0
4 ec.gp.GPIndividual@1413119931{1478436626} 0.0 74660.0 8317.0 0.09318263797042203 5 44 21.0 0.0 0.09318263797042203 0
4 ec.gp.GPIndividual@533262756{410830934} 0.0 79597.0 10054.0 0.14810025860354087 5 35 21.0 0.0 0.14810025860354087 0
4 ec.gp.GPIndividual@533262756{410830934} 0.0 79495.0 8387.0 0.009061643018957911 5 35 21.0 0.0 0.009061643018957911 0
4 ec.gp.GPIndividual@533262756{410830934} 0.0 79597.0 14578.0 0.41247084648099874 5 35 21.0 0.0 0.41247084648099874 0
4 ec.gp.GPIndividual@533262756{410830934} 0.0 79597.0 10861.0 0.21139858208268114 5 35 21.0 0.0 0.21139858208268114 0
4 ec.gp.GPIndividual@533262756{410830934} 0.0 79495.0 8160.0 0.03713235294117647 5 35 21.0 0.0 0.03713235294117647 0
4 ec.gp.GPIndividual@533262756{410830934} 0.0 79597.0 12802.0 0.3309639118887674 5 35 21.0 0.0 0.3309639118887674 0
4 ec.gp.GPIndividual@533262756{410830934} 0.0 79597.0 10087.0 0.15088728065827303 5 35 21.0 0.0 0.15088728065827303 0
4 ec.gp.GPIndividual@533262756{410830934} 0.0 79495.0 8317.0 0.017554406637008538 5 35 21.0 0.0 0.017554406637008538 0
4 ec.gp.GPIndividual@1627252518{1461759562} 0.0 96517.0 10054.0 0.639049134672767 5 26 21.0 0.0 0.639049134672767 0
4 ec.gp.GPIndividual@1627252518{1461759562} 0.0 96517.0 8387.0 0.5673065458447597 5 26 21.0 0.0 0.5673065458447597 0
4 ec.gp.GPIndividual@1627252518{1461759562} 0.0 96517.0 14578.0 0.7510632459871038 5 26 21.0 0.0 0.7510632459871038 0
4 ec.gp.GPIndividual@1627252518{1461759562} 0.0 96517.0 10861.0 0.6658687045391769 5 26 21.0 0.0 0.6658687045391769 0
4 ec.gp.GPIndividual@1627252518{1461759562} 0.0 96517.0 8160.0 0.5552696078431373 5 26 21.0 0.0 0.5552696078431373 0
4 ec.gp.GPIndividual@1627252518{1461759562} 0.0 96517.0 12802.0 0.7165286673957194 5 26 21.0 0.0 0.7165286673957194 0
4 ec.gp.GPIndividual@1627252518{1461759562} 0.0 96517.0 10087.0 0.640229999008625 5 26 21.0 0.0 0.640229999008625 0
4 ec.gp.GPIndividual@1627252518{1461759562} 0.0 96517.0 8317.0 0.5636647829746303 5 26 21.0 0.0 0.5636647829746303 0
4 ec.gp.GPIndividual@978692119{1324682986} 2.0 60876.0 10054.0 0.16371593395663417 5 44 21.0 0.0 0.16371593395663417 0
4 ec.gp.GPIndividual@978692119{1324682986} 0.0 65346.0 8387.0 0.27649934422320255 5 44 21.0 0.0 0.27649934422320255 0
4 ec.gp.GPIndividual@978692119{1324682986} 1.0 65802.0 14578.0 0.23432569625463026 5 44 21.0 0.0 0.23432569625463026 0
4 ec.gp.GPIndividual@978692119{1324682986} 0.0 70142.0 10861.0 0.07577571126047325 5 44 21.0 0.0 0.07577571126047325 0
4 ec.gp.GPIndividual@978692119{1324682986} 1.0 60598.0 8160.0 0.39975490196078434 5 44 21.0 0.0 0.39975490196078434 0
4 ec.gp.GPIndividual@978692119{1324682986} 0.0 70142.0 12802.0 0.21590376503671302 5 44 21.0 0.0 0.21590376503671302 0
4 ec.gp.GPIndividual@978692119{1324682986} 0.0 70142.0 10087.0 0.004857737682165163 5 44 21.0 0.0 0.004857737682165163 0
4 ec.gp.GPIndividual@978692119{1324682986} 1.0 60598.0 8317.0 0.3733317301911747 5 44 21.0 0.0 0.3733317301911747 0
5 ec.gp.GPIndividual@93073110{-1404343472} 0.0 105260.0 10054.0 0.8563755719116769 1 1 21.0 0.0 0.8563755719116769 0
5 ec.gp.GPIndividual@93073110{-1404343472} 0.0 105260.0 8387.0 0.8278287826397996 1 1 21.0 0.0 0.8278287826397996 0
5 ec.gp.GPIndividual@93073110{-1404343472} 0.0 105260.0 14578.0 0.9009466319110989 1 1 21.0 0.0 0.9009466319110989 0
5 ec.gp.GPIndividual@93073110{-1404343472} 0.0 105260.0 10861.0 0.8670472332197772 1 1 21.0 0.0 0.8670472332197772 0
5 ec.gp.GPIndividual@93073110{-1404343472} 0.0 105260.0 8160.0 0.8230392156862745 1 1 21.0 0.0 0.8230392156862745 0
5 ec.gp.GPIndividual@93073110{-1404343472} 0.0 105260.0 12802.0 0.8872051241993438 1 1 21.0 0.0 0.8872051241993438 0
5 ec.gp.GPIndividual@93073110{-1404343472} 0.0 105260.0 10087.0 0.8568454446317042 1 1 21.0 0.0 0.8568454446317042 0
5 ec.gp.GPIndividual@93073110{-1404343472} 0.0 105260.0 8317.0 0.8263797042202717 1 1 21.0 0.0 0.8263797042202717 0
5 ec.gp.GPIndividual@268808053{588551798} 1.0 83865.0 10054.0 0.2670578874079968 5 33 21.0 0.0 0.2670578874079968 0
5 ec.gp.GPIndividual@10989261{-1270574141} 2.0 79597.0 10054.0 0.14810025860354087 5 30 21.0 0.0 0.14810025860354087 0
5 ec.gp.GPIndividual@870685858{-1758280001} 3.0 74660.0 10054.0 0.09568331012532326 5 42 21.0 0.0 0.09568331012532326 0
5 ec.gp.GPIndividual@268808053{588551798} 1.0 83763.0 8387.0 0.1335400023846429 5 33 21.0 0.0 0.1335400023846429 0
5 ec.gp.GPIndividual@1321705508{-1235001864} 3.0 74660.0 10054.0 0.09568331012532326 5 44 21.0 0.0 0.09568331012532326 0
5 ec.gp.GPIndividual@10989261{-1270574141} 1.0 79495.0 8387.0 0.009061643018957911 5 30 21.0 0.0 0.009061643018957911 0
5 ec.gp.GPIndividual@268808053{588551798} 1.0 83865.0 14578.0 0.49451227877623816 5 33 21.0 0.0 0.49451227877623816 0
5 ec.gp.GPIndividual@1043999515{697353497} 3.0 74660.0 10054.0 0.09568331012532326 5 42 21.0 0.0 0.09568331012532326 0
5 ec.gp.GPIndividual@10989261{-1270574141} 2.0 79597.0 14578.0 0.41247084648099874 5 30 21.0 0.0 0.41247084648099874 0
5 ec.gp.GPIndividual@870685858{-1758280001} 3.0 74660.0 8387.0 0.08405866221533326 5 42 21.0 0.0 0.08405866221533326 0
5 ec.gp.GPIndividual@268808053{588551798} 1.0 83865.0 10861.0 0.3215173556762729 5 33 21.0 0.0 0.3215173556762729 0
5 ec.gp.GPIndividual@1321705508{-1235001864} 3.0 74660.0 8387.0 0.08405866221533326 5 44 21.0 0.0 0.08405866221533326 0
5 ec.gp.GPIndividual@10989261{-1270574141} 1.0 79597.0 10861.0 0.21139858208268114 5 30 21.0 0.0 0.21139858208268114 0
5 ec.gp.GPIndividual@268808053{588551798} 1.0 83763.0 8160.0 0.10943627450980392 5 33 21.0 0.0 0.10943627450980392 0
5 ec.gp.GPIndividual@1043999515{697353497} 3.0 74660.0 8387.0 0.08405866221533326 5 42 21.0 0.0 0.08405866221533326 0
5 ec.gp.GPIndividual@10989261{-1270574141} 1.0 79495.0 12802.0 0.03713235294117647 5 ec.gp.GPIndividual@268808053{588551798} 1.0 5 30 21.0 0.0 83865.0 12802.0 0.424386814560225 0.03713235294117647 0
5 33 21.0 0.0 5 ec.gp.GPIndividual@870685858{-1758280001} 0.424386814560225 0
3.0 70800.0 14578.0 0.26629167238304297 5 42 21.0 0.0 0.26629167238304297 0
5 ec.gp.GPIndividual@268808053{588551798} 1.0 83865.0 10087.0 0.2694557351045901 5 33 21.0 0.0 0.2694557351045901 0
5 ec.gp.GPIndividual@10989261{-1270574141} 1.0 79597.0 12802.0 0.3309639118887674 5 30 21.0 0.0 0.3309639118887674 0
5 ec.gp.GPIndividual@1043999515{697353497} 2.0 70800.0 14578.0 0.26629167238304297 5 42 21.0 0.0 0.26629167238304297 0
5 ec.gp.GPIndividual@1321705508{-1235001864} 4.0 70800.0 14578.0 0.26629167238304297 5 44 21.0 0.0 0.26629167238304297 0
5 ec.gp.GPIndividual@268808053{588551798} 0.0 83763.0 8317.0 0.12624744499218468 5 33 21.0 0.0 0.12624744499218468 0
5 ec.gp.GPIndividual@10989261{-1270574141} 0.0 79597.0 10087.0 0.15088728065827303 5 30 21.0 0.0 0.15088728065827303 0
5 ec.gp.GPIndividual@10989261{-1270574141} 0.0 79495.0 8317.0 0.017554406637008538 5 30 21.0 0.0 0.017554406637008538 0
5 ec.gp.GPIndividual@870685858{-1758280001} 2.0 74660.0 10861.0 0.16287634656109015 5 42 21.0 0.0 0.16287634656109015 0
5 ec.gp.GPIndividual@1043999515{697353497} 1.0 74660.0 10861.0 0.16287634656109015 5 42 21.0 0.0 0.16287634656109015 0
5 ec.gp.GPIndividual@1321705508{-1235001864} 1.0 74660.0 10861.0 0.16287634656109015 5 44 21.0 0.0 0.16287634656109015 0
5 ec.gp.GPIndividual@870685858{-1758280001} 1.0 74660.0 8160.0 0.1142156862745098 5 42 21.0 0.0 0.1142156862745098 0
5 ec.gp.GPIndividual@1043999515{697353497} 0.0 74660.0 8160.0 0.1142156862745098 5 42 21.0 0.0 0.1142156862745098 0
5 ec.gp.GPIndividual@1321705508{-1235001864} 0.0 74660.0 8160.0 0.1142156862745098 5 44 21.0 0.0 0.1142156862745098 0
5 ec.gp.GPIndividual@1043999515{697353497} 1.0 75160.0 12802.0 0.2507420715513201 5 42 21.0 0.0 0.2507420715513201 0
5 ec.gp.GPIndividual@870685858{-1758280001} 1.0 75160.0 12802.0 0.2507420715513201 5 42 21.0 0.0 0.2507420715513201 0
5 ec.gp.GPIndividual@1321705508{-1235001864} 0.0 75160.0 12802.0 0.2507420715513201 5 44 21.0 0.0 0.2507420715513201 0
5 ec.gp.GPIndividual@1043999515{697353497} 1.0 74660.0 10087.0 0.0986418161990681 5 42 21.0 0.0 0.0986418161990681 0
5 ec.gp.GPIndividual@1321705508{-1235001864} 1.0 74660.0 10087.0 0.0986418161990681 5 44 21.0 0.0 0.0986418161990681 0
5 ec.gp.GPIndividual@870685858{-1758280001} 1.0 74660.0 10087.0 0.0986418161990681 5 42 21.0 0.0 0.0986418161990681 0
5 ec.gp.GPIndividual@1043999515{697353497} 0.0 74660.0 8317.0 0.09318263797042203 5 42 21.0 0.0 0.09318263797042203 0
5 ec.gp.GPIndividual@1321705508{-1235001864} 0.0 74660.0 8317.0 0.09318263797042203 5 44 21.0 0.0 0.09318263797042203 0
5 ec.gp.GPIndividual@870685858{-1758280001} 0.0 74660.0 8317.0 0.09318263797042203 5 42 21.0 0.0 0.09318263797042203 0
5 ec.gp.GPIndividual@969201472{-1655555357} 0.0 74660.0 10054.0 0.09568331012532326 5 44 21.0 0.0 0.09568331012532326 0
5 ec.gp.GPIndividual@969201472{-1655555357} 0.0 74660.0 8387.0 0.08405866221533326 5 44 21.0 0.0 0.08405866221533326 0
5 ec.gp.GPIndividual@969201472{-1655555357} 0.0 70800.0 14578.0 0.26629167238304297 5 44 21.0 0.0 0.26629167238304297 0
5 ec.gp.GPIndividual@969201472{-1655555357} 0.0 74660.0 10861.0 0.16287634656109015 5 44 21.0 0.0 0.16287634656109015 0
5 ec.gp.GPIndividual@969201472{-1655555357} 0.0 74660.0 8160.0 0.1142156862745098 5 44 21.0 0.0 0.1142156862745098 0
5 ec.gp.GPIndividual@969201472{-1655555357} 0.0 75160.0 12802.0 0.2507420715513201 5 44 21.0 0.0 0.2507420715513201 0
5 ec.gp.GPIndividual@969201472{-1655555357} 0.0 74660.0 10087.0 0.0986418161990681 5 44 21.0 0.0 0.0986418161990681 0
5 ec.gp.GPIndividual@969201472{-1655555357} 0.0 74660.0 8317.0 0.09318263797042203 5 44 21.0 0.0 0.09318263797042203 0
6 ec.gp.GPIndividual@1367444035{506275958} 2.0 74660.0 10054.0 0.09568331012532326 6 ec.gp.GPIndividual@1151341226{-1360371596} 5 44 21.0 0.0 2.0 0.09568331012532326 0
74660.0 10054.0 0.09568331012532326 5 38 21.0 0.0 0.09568331012532326 0
6 ec.gp.GPIndividual@1245488579{1265231812} 3.0 63966.0 10054.0 0.07240899144619058 5 44 21.0 0.0 0.07240899144619058 0
6 ec.gp.GPIndividual@1367444035{506275958} 1.0 74660.0 8387.0 0.08405866221533326 5 44 21.0 0.0 0.08405866221533326 0
6 ec.gp.GPIndividual@1151341226{-1360371596} 1.0 74660.0 8387.0 0.08405866221533326 5 38 21.0 0.0 0.08405866221533326 0
6 ec.gp.GPIndividual@2065078419{745915143} 4.0 56686.0 10054.0 0.2904316689874677 5 42 21.0 0.0 0.2904316689874677 0
6 ec.gp.GPIndividual@1641628685{1574342738} 4.0 56778.0 10054.0 0.29958225581857967 5 44 21.0 0.0 0.29958225581857967 0
6 ec.gp.GPIndividual@1367444035{506275958} 1.0 70800.0 14578.0 0.26629167238304297 5 44 21.0 0.0 0.26629167238304297 0
6 ec.gp.GPIndividual@1151341226{-1360371596} 1.0 70800.0 14578.0 0.26629167238304297 5 38 21.0 0.0 0.26629167238304297 0
6 ec.gp.GPIndividual@2065078419{745915143} 1.0 73902.0 8387.0 0.0063193036842732805 5 42 21.0 0.0 0.0063193036842732805 0
6 ec.gp.GPIndividual@1245488579{1265231812} 2.0 59728.0 8387.0 0.25813759389531415 5 44 21.0 0.0 0.25813759389531415 0
6 ec.gp.GPIndividual@1367444035{506275958} 1.0 74660.0 10861.0 0.16287634656109015 5 44 21.0 0.0 0.16287634656109015 0
6 ec.gp.GPIndividual@1151341226{-1360371596} 1.0 74660.0 10861.0 0.16287634656109015 5 38 21.0 0.0 0.16287634656109015 0
6 ec.gp.GPIndividual@1367444035{506275958} 2.0 74660.0 8160.0 0.1142156862745098 5 44 21.0 0.0 0.1142156862745098 0
6 ec.gp.GPIndividual@2065078419{745915143} 3.0 69206.0 14578.0 0.3756345177664975 5 42 21.0 0.0 0.3756345177664975 0
6 ec.gp.GPIndividual@1151341226{-1360371596} 2.0 74660.0 8160.0 0.1142156862745098 5 38 21.0 0.0 0.1142156862745098 0
6 ec.gp.GPIndividual@1367444035{506275958} 1.0 75160.0 12802.0 0.2507420715513201 5 44 21.0 0.0 0.2507420715513201 0
6 ec.gp.GPIndividual@1641628685{1574342738} 6.0 52432.0 8387.0 0.6911887444855133 5 44 21.0 0.0 0.6911887444855133 0
6 ec.gp.GPIndividual@1151341226{-1360371596} 2.0 75160.0 12802.0 0.2507420715513201 5 38 21.0 0.0 0.2507420715513201 0
6 ec.gp.GPIndividual@1367444035{506275958} 2.0 74660.0 10087.0 0.0986418161990681 5 44 21.0 0.0 0.0986418161990681 0
6 ec.gp.GPIndividual@2065078419{745915143} 4.0 56686.0 10861.0 0.19454930485222355 5 42 21.0 0.0 0.19454930485222355 0
6 ec.gp.GPIndividual@2065078419{745915143} 0.0 84972.0 8160.0 0.6308823529411764 5 42 21.0 0.0 0.6308823529411764 0
6 ec.gp.GPIndividual@1151341226{-1360371596} 1.0 74660.0 10087.0 0.0986418161990681 5 38 21.0 0.0 0.0986418161990681 0
6 ec.gp.GPIndividual@1367444035{506275958} 1.0 74660.0 8317.0 0.09318263797042203 5 44 21.0 0.0 0.09318263797042203 0
6 ec.gp.GPIndividual@1641628685{1574342738} 4.0 60952.0 14578.0 0.1922074358622582 5 44 21.0 0.0 0.1922074358622582 0
6 ec.gp.GPIndividual@519564341{-1108247057} 6 ec.gp.GPIndividual@1151341226{-1360371596} 1.0 1.0 74660.0 10054.0 0.09568331012532326 74660.0 10054.0 0.09318263797042203 5 42 21.0 0.0 5 38 21.0 0.0 0.09568331012532326 0
0.09318263797042203 0
6 ec.gp.GPIndividual@2065078419{745915143} 2.0 65346.0 12802.0 0.16372441805967816 5 42 21.0 0.0 0.16372441805967816 0
6 ec.gp.GPIndividual@519564341{-1108247057} 2.0 74660.0 8387.0 0.08405866221533326 5 42 21.0 0.0 0.08405866221533326 0
6 ec.gp.GPIndividual@886117625{1313119122} 2.0 74660.0 10054.0 0.09568331012532326 5 36 21.0 0.0 0.09568331012532326 0
6 ec.gp.GPIndividual@886117625{1313119122} 1.0 74660.0 8387.0 0.08405866221533326 5 36 21.0 0.0 0.08405866221533326 0
6 ec.gp.GPIndividual@519564341{-1108247057} 1.0 70800.0 14578.0 0.26629167238304297 5 42 21.0 0.0 0.26629167238304297 0
6 ec.gp.GPIndividual@1245488579{1265231812} 13.0 19584.0 14578.0 0.3433941555768967 5 44 21.0 0.0 0.3433941555768967 0
6 ec.gp.GPIndividual@2065078419{745915143} 3.0 56686.0 10087.0 0.286209973232874 5 42 21.0 0.0 0.286209973232874 0
6 ec.gp.GPIndividual@2065078419{745915143} 0.0 84935.0 8317.0 0.6422989058554768 5 42 21.0 0.0 0.6422989058554768 0
6 ec.gp.GPIndividual@886117625{1313119122} 0.0 70800.0 14578.0 0.26629167238304297 5 36 21.0 0.0 0.26629167238304297 0
6 ec.gp.GPIndividual@519564341{-1108247057} 0.0 74660.0 10861.0 0.16287634656109015 5 42 21.0 0.0 0.16287634656109015 0
6 ec.gp.GPIndividual@319549112{1661388524} 0.0 92920.0 10054.0 0.45335189974139645 5 36 21.0 0.0 0.45335189974139645 0
6 ec.gp.GPIndividual@319549112{1661388524} 0.0 92920.0 8387.0 0.34470013115535947 5 36 21.0 0.0 0.34470013115535947 0
6 ec.gp.GPIndividual@1641628685{1574342738} 5.0 56778.0 10861.0 0.2030199797440383 5 44 21.0 0.0 0.2030199797440383 0
6 ec.gp.GPIndividual@319549112{1661388524} 0.0 92920.0 14578.0 0.6229935519275621 5 36 21.0 0.0 0.6229935519275621 0
6 ec.gp.GPIndividual@319549112{1661388524} 0.0 92920.0 10861.0 0.4939692477672406 5 36 21.0 0.0 0.4939692477672406 0
6 ec.gp.GPIndividual@886117625{1313119122} 2.0 74660.0 10861.0 0.16287634656109015 5 36 21.0 0.0 0.16287634656109015 0
6 ec.gp.GPIndividual@519564341{-1108247057} 2.0 74660.0 8160.0 0.1142156862745098 5 42 21.0 0.0 0.1142156862745098 0
6 ec.gp.GPIndividual@319549112{1661388524} 0.0 92920.0 8160.0 0.3264705882352941 5 36 21.0 0.0 0.3264705882352941 0
6 ec.gp.GPIndividual@319549112{1661388524} 0.0 92920.0 12802.0 0.5706920793625996 5 36 21.0 0.0 0.5706920793625996 0
6 ec.gp.GPIndividual@1245488579{1265231812} 3.0 63966.0 10861.0 0.14133136911886568 5 44 21.0 0.0 0.14133136911886568 0
6 ec.gp.GPIndividual@319549112{1661388524} 0.0 92920.0 10087.0 0.4551402795677605 5 36 21.0 0.0 0.4551402795677605 0
6 ec.gp.GPIndividual@319549112{1661388524} 0.0 92920.0 8317.0 0.33918480221233616 5 36 21.0 0.0 0.33918480221233616 0
6 ec.gp.GPIndividual@886117625{1313119122} 2.0 74660.0 8160.0 0.1142156862745098 5 36 21.0 0.0 0.1142156862745098 0
6 ec.gp.GPIndividual@519564341{-1108247057} 2.0 75160.0 12802.0 0.2507420715513201 5 42 21.0 0.0 0.2507420715513201 0
6 ec.gp.GPIndividual@886117625{1313119122} 0.0 75160.0 12802.0 0.2507420715513201 5 36 21.0 0.0 0.2507420715513201 0
6 ec.gp.GPIndividual@519564341{-1108247057} 0.0 74660.0 10087.0 0.0986418161990681 5 42 21.0 0.0 0.0986418161990681 0
6 ec.gp.GPIndividual@1641628685{1574342738} 5.0 61264.0 8160.0 0.48137254901960785 5 44 21.0 0.0 0.48137254901960785 0
6 ec.gp.GPIndividual@886117625{1313119122} 0.0 74660.0 10087.0 0.0986418161990681 5 36 21.0 0.0 0.0986418161990681 0
6 ec.gp.GPIndividual@1245488579{1265231812} 3.0 59888.0 8160.0 0.3127450980392157 5 44 21.0 0.0 0.3127450980392157 0
6 ec.gp.GPIndividual@519564341{-1108247057} 0.0 74660.0 8317.0 0.09318263797042203 5 42 21.0 0.0 0.09318263797042203 0
6 ec.gp.GPIndividual@886117625{1313119122} 1.0 74660.0 8317.0 0.09318263797042203 5 36 21.0 0.0 0.09318263797042203 0
6 ec.gp.GPIndividual@1641628685{1574342738} 2.0 61264.0 12802.0 0.055772535541321666 5 44 21.0 0.0 0.055772535541321666 0
6 ec.gp.GPIndividual@1641628685{1574342738} 1.0 56778.0 10087.0 0.29533062357489837 5 44 21.0 0.0 0.29533062357489837 0
6 ec.gp.GPIndividual@1641628685{1574342738} 1.0 61264.0 8317.0 0.453408681014789 5 44 21.0 0.0 0.453408681014789 0
6 ec.gp.GPIndividual@1855085511{-476305215} 0.0 88682.0 10054.0 0.3314103839267953 5 44 21.0 0.0 0.3314103839267953 0
6 ec.gp.GPIndividual@1855085511{-476305215} 0.0 88682.0 8387.0 0.19852152140217003 5 44 21.0 0.0 0.19852152140217003 0
6 ec.gp.GPIndividual@1855085511{-476305215} 0.0 88682.0 14578.0 0.538894224173412 5 44 21.0 0.0 0.538894224173412 0
6 ec.gp.GPIndividual@1855085511{-476305215} 0.0 88682.0 10861.0 0.38108829757849183 5 44 21.0 0.0 0.38108829757849183 0
6 ec.gp.GPIndividual@1855085511{-476305215} 0.0 88682.0 8160.0 0.17622549019607844 5 44 21.0 0.0 0.17622549019607844 0
6 ec.gp.GPIndividual@1855085511{-476305215} 0.0 88682.0 12802.0 0.47492579284486797 5 44 21.0 0.0 0.47492579284486797 0
6 ec.gp.GPIndividual@1855085511{-476305215} 0.0 88682.0 10087.0 0.33359770000991373 5 44 21.0 0.0 0.33359770000991373 0
6 ec.gp.GPIndividual@1855085511{-476305215} 0.0 88682.0 8317.0 0.1917758807262234 5 44 21.0 0.0 0.1917758807262234 0
6 ec.gp.GPIndividual@489095345{161085960} 0.0 74660.0 10054.0 0.09568331012532326 5 44 21.0 0.0 0.09568331012532326 0
6 ec.gp.GPIndividual@489095345{161085960} 0.0 74660.0 8387.0 0.08405866221533326 5 44 21.0 0.0 0.08405866221533326 0
6 ec.gp.GPIndividual@1245488579{1265231812} 7.0 19584.0 12802.0 0.52976097484768 5 44 21.0 0.0 0.52976097484768 0
6 ec.gp.GPIndividual@489095345{161085960} 0.0 70800.0 14578.0 0.26629167238304297 5 44 21.0 0.0 0.26629167238304297 0
6 ec.gp.GPIndividual@489095345{161085960} 0.0 74660.0 10861.0 0.16287634656109015 5 44 21.0 0.0 0.16287634656109015 0
6 ec.gp.GPIndividual@1245488579{1265231812} 0.0 63966.0 10087.0 0.07544364032913652 5 44 21.0 0.0 0.07544364032913652 0
6 ec.gp.GPIndividual@489095345{161085960} 0.0 74660.0 8160.0 0.1142156862745098 5 44 21.0 0.0 0.1142156862745098 0
6 ec.gp.GPIndividual@489095345{161085960} 0.0 75160.0 12802.0 0.2507420715513201 5 44 21.0 0.0 0.2507420715513201 0
6 ec.gp.GPIndividual@1245488579{1265231812} 1.0 59888.0 8317.0 0.2879644102440784 5 44 21.0 0.0 0.2879644102440784 0
6 ec.gp.GPIndividual@489095345{161085960} 0.0 74660.0 10087.0 0.0986418161990681 5 44 21.0 0.0 0.0986418161990681 0
6 ec.gp.GPIndividual@1300028568{-407606603} 0.0 84442.0 10054.0 0.2096677939128705 5 42 21.0 0.0 0.2096677939128705 0
6 ec.gp.GPIndividual@1300028568{-407606603} 0.0 84442.0 8387.0 0.052581375938953144 5 42 21.0 0.0 0.052581375938953144 0
6 ec.gp.GPIndividual@1300028568{-407606603} 0.0 84442.0 14578.0 0.45493208944985597 5 42 21.0 0.0 0.45493208944985597 0
6 ec.gp.GPIndividual@1300028568{-407606603} 0.0 84442.0 10861.0 0.2683914924960869 5 42 21.0 0.0 0.2683914924960869 0
6 ec.gp.GPIndividual@1300028568{-407606603} 0.0 84442.0 8160.0 0.026225490196078432 5 42 21.0 0.0 0.026225490196078432 0
6 ec.gp.GPIndividual@489095345{161085960} 0.0 74660.0 8317.0 0.09318263797042203 5 44 21.0 0.0 0.09318263797042203 0
6 ec.gp.GPIndividual@1300028568{-407606603} 0.0 84442.0 12802.0 0.379315731916888 5 42 21.0 0.0 0.379315731916888 0
6 ec.gp.GPIndividual@1300028568{-407606603} 0.0 84442.0 10087.0 0.21225339545950234 5 42 21.0 0.0 0.21225339545950234 0
6 ec.gp.GPIndividual@1300028568{-407606603} 0.0 84442.0 8317.0 0.04460743056390525 5 42 21.0 0.0 0.04460743056390525 0
7 ec.gp.GPIndividual@1518260272{1193394977} 0.0 89204.0 10054.0 0.8229560373980506 5 30 21.0 0.0 0.8229560373980506 0
7 ec.gp.GPIndividual@2017911583{-2101281062} 0.0 84442.0 10054.0 0.2096677939128705 5 42 21.0 0.0 0.2096677939128705 0
7 ec.gp.GPIndividual@1518260272{1193394977} 0.0 89204.0 8387.0 0.7877667819244069 5 30 21.0 0.0 0.7877667819244069 0
7 ec.gp.GPIndividual@1680164361{1525013201} 2.0 74660.0 10054.0 0.09568331012532326 5 42 21.0 0.0 0.09568331012532326 0
7 ec.gp.GPIndividual@2017911583{-2101281062} 1.0 84442.0 8387.0 0.052581375938953144 5 42 21.0 0.0 0.052581375938953144 0
7 ec.gp.GPIndividual@1518260272{1193394977} 1.0 82314.0 14578.0 0.6009054740019207 5 30 21.0 0.0 0.6009054740019207 0
7 ec.gp.GPIndividual@2017911583{-2101281062} 0.0 7 ec.gp.GPIndividual@38189698{-50236170} 84442.0 14578.0 0.45493208944985597 2.0 5 42 21.0 0.0 74660.0 14578.0 0.09568331012532326 0.45493208944985597 0
7 ec.gp.GPIndividual@1696073184{596621000} 5 34 21.0 0.0 2.0 74660.0 10054.0 0.09568331012532326 0.09568331012532326 0
5 44 21.0 0.0 0.09568331012532326 0
7 ec.gp.GPIndividual@1680164361{1525013201} 1.0 74660.0 8387.0 0.08405866221533326 5 42 21.0 0.0 0.08405866221533326 0
7 ec.gp.GPIndividual@2017911583{-2101281062} 1.0 84442.0 10861.0 0.2683914924960869 5 42 21.0 0.0 0.2683914924960869 0
7 ec.gp.GPIndividual@1518260272{1193394977} 1.0 82314.0 10861.0 0.46432188564588894 5 30 21.0 0.0 0.46432188564588894 0
7 ec.gp.GPIndividual@1518260272{1193394977} 0.0 89066.0 8160.0 0.7987745098039216 5 30 21.0 0.0 0.7987745098039216 0
7 ec.gp.GPIndividual@2017911583{-2101281062} 1.0 84442.0 8160.0 0.026225490196078432 5 42 21.0 0.0 0.026225490196078432 0
7 ec.gp.GPIndividual@38189698{-50236170} 2.0 74660.0 8387.0 0.08405866221533326 5 34 21.0 0.0 0.08405866221533326 0
7 ec.gp.GPIndividual@1696073184{596621000} 3.0 74660.0 8387.0 0.08405866221533326 5 44 21.0 0.0 0.08405866221533326 0
7 ec.gp.GPIndividual@1518260272{1193394977} 1.0 82314.0 12802.0 0.5455397594125918 5 30 21.0 0.0 0.5455397594125918 0
7 ec.gp.GPIndividual@2017911583{-2101281062} 1.0 84442.0 12802.0 0.379315731916888 5 42 21.0 0.0 0.379315731916888 0
7 ec.gp.GPIndividual@1680164361{1525013201} 3.0 70800.0 14578.0 0.26629167238304297 5 42 21.0 0.0 0.26629167238304297 0
7 ec.gp.GPIndividual@2017911583{-2101281062} 0.0 84442.0 10087.0 0.21225339545950234 5 42 21.0 0.0 0.21225339545950234 0
7 ec.gp.GPIndividual@1518260272{1193394977} 1.0 82314.0 10087.0 0.4232180033706751 5 30 21.0 0.0 0.4232180033706751 0
7 ec.gp.GPIndividual@1518260272{1193394977} 0.0 89066.0 8317.0 0.8025730431646027 5 30 21.0 0.0 0.8025730431646027 0
7 ec.gp.GPIndividual@2017911583{-2101281062} 0.0 84442.0 8317.0 0.04460743056390525 5 42 21.0 0.0 0.04460743056390525 0
7 ec.gp.GPIndividual@1696073184{596621000} 2.0 70800.0 14578.0 0.26629167238304297 5 44 21.0 0.0 0.26629167238304297 0
7 ec.gp.GPIndividual@38189698{-50236170} 3.0 70800.0 14578.0 0.26629167238304297 5 34 21.0 0.0 0.26629167238304297 0
7 ec.gp.GPIndividual@1680164361{1525013201} 1.0 74660.0 10861.0 0.16287634656109015 5 42 21.0 0.0 0.16287634656109015 0
7 ec.gp.GPIndividual@1172395857{1709193449} 1.0 74660.0 10054.0 0.09568331012532326 5 36 21.0 0.0 0.09568331012532326 0
7 ec.gp.GPIndividual@1696073184{596621000} 1.0 74660.0 10861.0 0.16287634656109015 5 44 21.0 0.0 0.16287634656109015 0
7 ec.gp.GPIndividual@38189698{-50236170} 2.0 74660.0 10861.0 0.16287634656109015 5 34 21.0 0.0 0.16287634656109015 0
7 ec.gp.GPIndividual@1680164361{1525013201} 1.0 7 ec.gp.GPIndividual@1160440604{-391702054} 74660.0 10054.0 0.1142156862745098 2.0 5 42 21.0 0.0 0.1142156862745098 0
70142.0 10054.0 0.0015914064054107818 5 40 21.0 0.0 0.0015914064054107818 0
7 ec.gp.GPIndividual@1172395857{1709193449} 1.0 74660.0 8387.0 0.08405866221533326 5 36 21.0 0.0 0.08405866221533326 0
7 ec.gp.GPIndividual@1696073184{596621000} 1.0 74660.0 8160.0 0.1142156862745098 5 44 21.0 0.0 0.1142156862745098 0
7 ec.gp.GPIndividual@38189698{-50236170} 1.0 74660.0 8160.0 0.1142156862745098 5 34 21.0 0.0 0.1142156862745098 0
7 ec.gp.GPIndividual@1680164361{1525013201} 1.0 75160.0 12802.0 0.2507420715513201 5 42 21.0 0.0 0.2507420715513201 0
7 ec.gp.GPIndividual@1696073184{596621000} 1.0 75160.0 12802.0 0.2507420715513201 5 44 21.0 0.0 0.2507420715513201 0
7 ec.gp.GPIndividual@1160440604{-391702054} 2.0 69630.0 8387.0 0.13580541313938238 5 40 21.0 0.0 0.13580541313938238 0
7 ec.gp.GPIndividual@38189698{-50236170} 1.0 75160.0 12802.0 0.2507420715513201 5 34 21.0 0.0 0.2507420715513201 0
7 ec.gp.GPIndividual@1172395857{1709193449} 2.0 70800.0 14578.0 0.26629167238304297 5 36 21.0 0.0 0.26629167238304297 0
7 ec.gp.GPIndividual@1680164361{1525013201} 1.0 74660.0 10087.0 0.0986418161990681 5 42 21.0 0.0 0.0986418161990681 0
7 ec.gp.GPIndividual@1696073184{596621000} 0.0 74660.0 10087.0 0.0986418161990681 5 44 21.0 0.0 0.0986418161990681 0
7 ec.gp.GPIndividual@38189698{-50236170} 1.0 74660.0 10087.0 0.0986418161990681 5 34 21.0 0.0 0.0986418161990681 0
7 ec.gp.GPIndividual@1172395857{1709193449} 2.0 74660.0 10861.0 0.16287634656109015 5 36 21.0 0.0 0.16287634656109015 0
7 ec.gp.GPIndividual@1680164361{1525013201} 2.0 74660.0 8317.0 0.09318263797042203 5 42 21.0 0.0 0.09318263797042203 0
7 ec.gp.GPIndividual@1696073184{596621000} 1.0 74660.0 8317.0 0.09318263797042203 5 44 21.0 0.0 0.09318263797042203 0
7 ec.gp.GPIndividual@1160440604{-391702054} 2.0 69206.0 14578.0 0.3756345177664975 5 40 21.0 0.0 0.3756345177664975 0
7 ec.gp.GPIndividual@38189698{-50236170} 1.0 74660.0 8317.0 0.09318263797042203 5 34 21.0 0.0 0.09318263797042203 0
7 ec.gp.GPIndividual@1482387505{562702189} 0.0 77757.0 10054.0 0.3311119952257808 5 38 21.0 0.0 0.3311119952257808 0
7 ec.gp.GPIndividual@1172395857{1709193449} 1.0 74660.0 8160.0 0.1142156862745098 5 36 21.0 0.0 0.1142156862745098 0
7 ec.gp.GPIndividual@91091165{-1793730335} 1.0 74660.0 10054.0 0.09568331012532326 5 32 21.0 0.0 0.09568331012532326 0
7 ec.gp.GPIndividual@1482387505{562702189} 0.0 77757.0 8387.0 0.19816382496721116 5 38 21.0 0.0 0.19816382496721116 0
7 ec.gp.GPIndividual@1482387505{562702189} 0.0 77842.0 14578.0 0.532857730827274 5 38 21.0 0.0 0.532857730827274 0
7 ec.gp.GPIndividual@1172395857{1709193449} 1.0 75160.0 12802.0 0.2507420715513201 5 36 21.0 0.0 0.2507420715513201 0
7 ec.gp.GPIndividual@1482387505{562702189} 0.0 77757.0 10861.0 0.38081207991897614 5 38 21.0 0.0 0.38081207991897614 0
7 ec.gp.GPIndividual@91091165{-1793730335} 1.0 74660.0 8387.0 0.08405866221533326 5 32 21.0 0.0 0.08405866221533326 0
7 ec.gp.GPIndividual@1160440604{-391702054} 2.0 65346.0 10861.0 0.014271245741644416 5 40 21.0 0.0 0.014271245741644416 0
7 ec.gp.GPIndividual@1172395857{1709193449} 0.0 74660.0 10087.0 0.0986418161990681 5 36 21.0 0.0 0.0986418161990681 0
7 ec.gp.GPIndividual@1160440604{-391702054} 0.0 84972.0 8160.0 0.6308823529411764 5 40 21.0 0.0 0.6308823529411764 0
7 ec.gp.GPIndividual@1482387505{562702189} 1.0 77757.0 8160.0 0.17585784313725492 5 38 21.0 0.0 0.17585784313725492 0
7 ec.gp.GPIndividual@1160440604{-391702054} 1.0 80046.0 12802.0 0.7226995781909077 5 40 21.0 0.0 0.7226995781909077 0
7 ec.gp.GPIndividual@1482387505{562702189} 1.0 77791.0 12802.0 0.47203561943446337 5 38 21.0 0.0 0.47203561943446337 0
7 ec.gp.GPIndividual@91091165{-1793730335} 2.0 70800.0 14578.0 0.26629167238304297 5 32 21.0 0.0 0.26629167238304297 0
7 ec.gp.GPIndividual@1172395857{1709193449} 1.0 74660.0 8317.0 0.09318263797042203 5 36 21.0 0.0 0.09318263797042203 0
7 ec.gp.GPIndividual@1482387505{562702189} 0.0 77757.0 10087.0 0.3333002874987608 5 38 21.0 0.0 0.3333002874987608 0
7 ec.gp.GPIndividual@1482387505{562702189} 0.0 77757.0 8317.0 0.19141517374053144 5 38 21.0 0.0 0.19141517374053144 0
7 ec.gp.GPIndividual@91091165{-1793730335} 1.0 74660.0 10861.0 0.16287634656109015 5 32 21.0 0.0 0.16287634656109015 0
7 ec.gp.GPIndividual@1160440604{-391702054} 1.0 65346.0 10087.0 0.061366114801229305 5 40 21.0 0.0 0.061366114801229305 0
7 ec.gp.GPIndividual@1160440604{-391702054} 0.0 84972.0 8317.0 0.6378501863652759 5 40 21.0 0.0 0.6378501863652759 0
7 ec.gp.GPIndividual@91091165{-1793730335} 0.0 74660.0 8160.0 0.1142156862745098 5 32 21.0 0.0 0.1142156862745098 0
7 ec.gp.GPIndividual@91091165{-1793730335} 0.0 75160.0 12802.0 0.2507420715513201 5 32 21.0 0.0 0.2507420715513201 0
7 ec.gp.GPIndividual@91091165{-1793730335} 0.0 74660.0 10087.0 0.0986418161990681 5 32 21.0 0.0 0.0986418161990681 0
7 ec.gp.GPIndividual@91091165{-1793730335} 0.0 74660.0 8317.0 0.09318263797042203 5 32 21.0 0.0 0.09318263797042203 0
8 ec.gp.GPIndividual@480906450{-2101281062} 0.0 84442.0 10054.0 0.2096677939128705 5 42 21.0 0.0 0.2096677939128705 0
8 ec.gp.GPIndividual@1792860307{123897307} 1.0 88682.0 10054.0 0.3314103839267953 5 38 21.0 0.0 0.3314103839267953 0
8 ec.gp.GPIndividual@480906450{-2101281062} 1.0 84442.0 8387.0 0.052581375938953144 5 42 21.0 0.0 0.052581375938953144 0
8 ec.gp.GPIndividual@1792860307{123897307} 0.0 88682.0 8387.0 0.19852152140217003 5 38 21.0 0.0 0.19852152140217003 0
8 ec.gp.GPIndividual@689209323{-1656818435} 2.0 74660.0 10054.0 0.09568331012532326 5 28 21.0 0.0 0.09568331012532326 0
8 ec.gp.GPIndividual@480906450{-2101281062} 0.0 84442.0 14578.0 0.45493208944985597 5 42 21.0 0.0 0.45493208944985597 0
8 ec.gp.GPIndividual@1792860307{123897307} 0.0 88682.0 14578.0 0.538894224173412 5 38 21.0 0.0 0.538894224173412 0
8 ec.gp.GPIndividual@876412134{-2119988335} 2.0 74660.0 10054.0 0.09568331012532326 8 ec.gp.GPIndividual@480906450{-2101281062} 0.0 84442.0 10861.0 0.2683914924960869 5 44 21.0 0.0 5 42 21.0 0.0 0.09568331012532326 0
0.2683914924960869 0
8 ec.gp.GPIndividual@1792860307{123897307} 0.0 88682.0 10861.0 0.38108829757849183 5 38 21.0 0.0 0.38108829757849183 0
8 ec.gp.GPIndividual@179777834{-1793730335} 2.0 74660.0 10054.0 0.09568331012532326 5 32 21.0 0.0 0.09568331012532326 0
8 ec.gp.GPIndividual@689209323{-1656818435} 1.0 74660.0 8387.0 0.08405866221533326 5 28 21.0 0.0 0.08405866221533326 0
8 ec.gp.GPIndividual@1792860307{123897307} 0.0 88682.0 8160.0 0.17622549019607844 5 38 21.0 0.0 0.17622549019607844 0
8 ec.gp.GPIndividual@480906450{-2101281062} 0.0 84442.0 8160.0 0.026225490196078432 5 42 21.0 0.0 0.026225490196078432 0
8 ec.gp.GPIndividual@1792860307{123897307} 0.0 88682.0 12802.0 0.47492579284486797 5 38 21.0 0.0 0.47492579284486797 0
8 ec.gp.GPIndividual@480906450{-2101281062} 1.0 84442.0 12802.0 0.379315731916888 5 42 21.0 0.0 0.379315731916888 0
8 ec.gp.GPIndividual@1792860307{123897307} 0.0 88682.0 10087.0 0.33359770000991373 5 38 21.0 0.0 0.33359770000991373 0
8 ec.gp.GPIndividual@1792860307{123897307} 0.0 88682.0 8317.0 0.1917758807262234 5 38 21.0 0.0 0.1917758807262234 0
8 ec.gp.GPIndividual@480906450{-2101281062} 0.0 84442.0 10087.0 0.21225339545950234 5 42 21.0 0.0 0.21225339545950234 0
8 ec.gp.GPIndividual@876412134{-2119988335} 2.0 74660.0 8387.0 0.08405866221533326 5 44 21.0 0.0 0.08405866221533326 0
8 ec.gp.GPIndividual@480906450{-2101281062} 0.0 84442.0 8317.0 0.04460743056390525 5 42 21.0 0.0 0.04460743056390525 0
8 ec.gp.GPIndividual@179777834{-1793730335} 2.0 74660.0 8387.0 0.08405866221533326 5 32 21.0 0.0 0.08405866221533326 0
8 ec.gp.GPIndividual@543208802{-1268746063} 0.0 91632.0 10054.0 0.5814601153769644 5 22 21.0 0.0 0.5814601153769644 0
8 ec.gp.GPIndividual@689209323{-1656818435} 2.0 70800.0 14578.0 0.26629167238304297 5 28 21.0 0.0 0.26629167238304297 0
8 ec.gp.GPIndividual@543208802{-1268746063} 0.0 91632.0 8387.0 0.49827113389769884 5 22 21.0 0.0 0.49827113389769884 0
8 ec.gp.GPIndividual@543208802{-1268746063} 0.0 91683.0 14578.0 0.7078474413499795 5 22 21.0 0.0 0.7078474413499795 0
8 ec.gp.GPIndividual@543208802{-1268746063} 0.0 91632.0 10861.0 0.6125586962526471 5 22 21.0 0.0 0.6125586962526471 0
8 ec.gp.GPIndividual@876412134{-2119988335} 1.0 70800.0 14578.0 0.26629167238304297 5 44 21.0 0.0 0.26629167238304297 0
8 ec.gp.GPIndividual@543208802{-1268746063} 0.0 91632.0 8160.0 0.4843137254901961 5 22 21.0 0.0 0.4843137254901961 0
8 ec.gp.GPIndividual@689209323{-1656818435} 1.0 74660.0 10861.0 0.16287634656109015 5 28 21.0 0.0 0.16287634656109015 0
8 ec.gp.GPIndividual@179777834{-1793730335} 2.0 70800.0 14578.0 0.26629167238304297 5 32 21.0 0.0 0.26629167238304297 0
8 ec.gp.GPIndividual@543208802{-1268746063} 0.0 91632.0 12802.0 0.6713013591626308 5 22 21.0 0.0 0.6713013591626308 0
8 ec.gp.GPIndividual@543208802{-1268746063} 0.0 91632.0 10087.0 0.5828293843561019 5 22 21.0 0.0 0.5828293843561019 0
8 ec.gp.GPIndividual@876412134{-2119988335} 2.0 74660.0 10861.0 0.16287634656109015 5 44 21.0 0.0 0.16287634656109015 0
8 ec.gp.GPIndividual@543208802{-1268746063} 0.0 91632.0 8317.0 0.49404833473608273 5 22 21.0 0.0 0.49404833473608273 0
8 ec.gp.GPIndividual@689209323{-1656818435} 1.0 74660.0 8160.0 0.1142156862745098 5 28 21.0 0.0 0.1142156862745098 0
8 ec.gp.GPIndividual@179777834{-1793730335} 1.0 74660.0 10861.0 0.16287634656109015 5 32 21.0 0.0 0.16287634656109015 0
8 ec.gp.GPIndividual@876412134{-2119988335} 1.0 74660.0 8160.0 0.1142156862745098 5 44 21.0 0.0 0.1142156862745098 0
8 ec.gp.GPIndividual@689209323{-1656818435} 0.0 75160.0 12802.0 0.2507420715513201 5 28 21.0 0.0 0.2507420715513201 0
8 ec.gp.GPIndividual@179777834{-1793730335} 1.0 74660.0 8160.0 0.1142156862745098 5 32 21.0 0.0 0.1142156862745098 0
8 ec.gp.GPIndividual@689209323{-1656818435} 8 ec.gp.GPIndividual@876412134{-2119988335} 1.0 1.0 74660.0 12802.0 0.0986418161990681 75160.0 12802.0 0.2507420715513201 5 28 21.0 0.0 5 44 21.0 0.0 0.0986418161990681 0
0.2507420715513201 0
8 ec.gp.GPIndividual@179777834{-1793730335} 0.0 75160.0 12802.0 0.2507420715513201 5 32 21.0 0.0 0.2507420715513201 0
8 ec.gp.GPIndividual@689209323{-1656818435} 0.0 74660.0 8317.0 0.09318263797042203 5 28 21.0 0.0 0.09318263797042203 0
8 ec.gp.GPIndividual@876412134{-2119988335} 0.0 74660.0 10087.0 0.0986418161990681 5 44 21.0 0.0 0.0986418161990681 0
8 ec.gp.GPIndividual@179777834{-1793730335} 0.0 74660.0 10087.0 0.0986418161990681 5 32 21.0 0.0 0.0986418161990681 0
8 ec.gp.GPIndividual@876412134{-2119988335} 0.0 74660.0 8317.0 0.09318263797042203 5 44 21.0 0.0 0.09318263797042203 0
8 ec.gp.GPIndividual@473349444{-1571164898} 0.0 92920.0 10054.0 0.45335189974139645 5 26 21.0 0.0 0.45335189974139645 0
8 ec.gp.GPIndividual@473349444{-1571164898} 0.0 92920.0 8387.0 0.34470013115535947 5 26 21.0 0.0 0.34470013115535947 0
8 ec.gp.GPIndividual@473349444{-1571164898} 0.0 92920.0 14578.0 0.6229935519275621 5 26 21.0 0.0 0.6229935519275621 0
8 ec.gp.GPIndividual@179777834{-1793730335} 0.0 74660.0 8317.0 0.09318263797042203 5 32 21.0 0.0 0.09318263797042203 0
8 ec.gp.GPIndividual@473349444{-1571164898} 0.0 92920.0 10861.0 0.4939692477672406 5 26 21.0 0.0 0.4939692477672406 0
8 ec.gp.GPIndividual@473349444{-1571164898} 0.0 92920.0 8160.0 0.3264705882352941 5 26 21.0 0.0 0.3264705882352941 0
8 ec.gp.GPIndividual@473349444{-1571164898} 0.0 92920.0 12802.0 0.5706920793625996 5 26 21.0 0.0 0.5706920793625996 0
8 ec.gp.GPIndividual@473349444{-1571164898} 0.0 92920.0 10087.0 0.4551402795677605 5 26 21.0 0.0 0.4551402795677605 0
8 ec.gp.GPIndividual@473349444{-1571164898} 0.0 92920.0 8317.0 0.33918480221233616 5 26 21.0 0.0 0.33918480221233616 0
8 ec.gp.GPIndividual@1428444525{-1898194231} 16.0 19584.0 10054.0 0.9478814402227969 5 44 21.0 0.0 0.9478814402227969 0
8 ec.gp.GPIndividual@1428444525{-1898194231} 13.0 19584.0 8387.0 1.3350423274114702 5 44 21.0 0.0 1.3350423274114702 0
8 ec.gp.GPIndividual@1428444525{-1898194231} 13.0 19584.0 14578.0 0.3433941555768967 5 44 21.0 0.0 0.3433941555768967 0
8 ec.gp.GPIndividual@1428444525{-1898194231} 14.0 19584.0 10861.0 0.803148881318479 5 44 21.0 0.0 0.803148881318479 0
8 ec.gp.GPIndividual@1428444525{-1898194231} 15.0 19584.0 8160.0 1.4 5 44 21.0 0.0 1.4 0
8 ec.gp.GPIndividual@1428444525{-1898194231} 14.0 19584.0 12802.0 0.52976097484768 5 44 21.0 0.0 0.52976097484768 0
8 ec.gp.GPIndividual@1428444525{-1898194231} 16.0 19584.0 10087.0 0.9415088728065827 5 44 21.0 0.0 0.9415088728065827 0
8 ec.gp.GPIndividual@1428444525{-1898194231} 13.0 19584.0 8317.0 1.3546952025970902 5 44 21.0 0.0 1.3546952025970902 0
9 ec.gp.GPIndividual@1183146218{-342257576} 0.0 104262.0 10054.0 0.9556395464491745 2 3 21.0 0.0 0.9556395464491745 0
9 ec.gp.GPIndividual@1183146218{-342257576} 0.0 104262.0 8387.0 0.9468224633361154 2 3 21.0 0.0 0.9468224633361154 0
9 ec.gp.GPIndividual@1183146218{-342257576} 0.0 104262.0 14578.0 0.9694059541775277 2 3 21.0 0.0 0.9694059541775277 0
9 ec.gp.GPIndividual@1183146218{-342257576} 0.0 104262.0 10861.0 0.9589356412853328 2 3 21.0 0.0 0.9589356412853328 0
9 ec.gp.GPIndividual@1183146218{-342257576} 0.0 104262.0 8160.0 0.9453431372549019 2 3 21.0 0.0 0.9453431372549019 0
9 ec.gp.GPIndividual@1183146218{-342257576} 0.0 104262.0 12802.0 0.9651616934853929 2 3 21.0 0.0 0.9651616934853929 0
9 ec.gp.GPIndividual@1183146218{-342257576} 0.0 104262.0 10087.0 0.9557846733419253 2 3 21.0 0.0 0.9557846733419253 0
9 ec.gp.GPIndividual@1106213196{1874391207} 1.0 88682.0 10054.0 0.3314103839267953 5 38 21.0 0.0 0.3314103839267953 0
9 ec.gp.GPIndividual@1183146218{-342257576} 0.0 104262.0 8317.0 0.9463748947937959 2 3 21.0 0.0 0.9463748947937959 0
9 ec.gp.GPIndividual@1106213196{1874391207} 0.0 88682.0 8387.0 0.19852152140217003 5 38 21.0 0.0 0.19852152140217003 0
9 ec.gp.GPIndividual@1643353144{1096836345} 9 ec.gp.GPIndividual@1106213196{1874391207} 2.0 0.0 88682.0 14578.0 0.538894224173412 74660.0 14578.0 0.09568331012532326 5 38 21.0 0.0 0.538894224173412 0
5 34 21.0 0.0 0.09568331012532326 0
9 ec.gp.GPIndividual@1106213196{1874391207} 0.0 88682.0 10861.0 0.38108829757849183 5 38 21.0 0.0 0.38108829757849183 0
9 ec.gp.GPIndividual@1106213196{1874391207} 0.0 88682.0 8160.0 0.17622549019607844 5 38 21.0 0.0 0.17622549019607844 0
9 ec.gp.GPIndividual@1106213196{1874391207} 0.0 88682.0 12802.0 0.47492579284486797 5 38 21.0 0.0 0.47492579284486797 0
9 ec.gp.GPIndividual@1643353144{1096836345} 0.0 74660.0 8387.0 0.08405866221533326 5 34 21.0 0.0 0.08405866221533326 0
9 ec.gp.GPIndividual@1106213196{1874391207} 0.0 88682.0 10087.0 0.33359770000991373 5 38 21.0 0.0 0.33359770000991373 0
9 ec.gp.GPIndividual@1106213196{1874391207} 0.0 88682.0 8317.0 0.1917758807262234 5 38 21.0 0.0 0.1917758807262234 0
9 ec.gp.GPIndividual@1643353144{1096836345} 0.0 70800.0 14578.0 0.26629167238304297 5 34 21.0 0.0 0.26629167238304297 0
9 ec.gp.GPIndividual@1841094161{1486178668} 0.0 74660.0 10054.0 0.09568331012532326 5 30 21.0 0.0 0.09568331012532326 0
9 ec.gp.GPIndividual@1889793520{1262629415} 3.0 56686.0 10054.0 0.2904316689874677 9 ec.gp.GPIndividual@1643353144{1096836345} 0.0 5 42 21.0 0.0 74660.0 10861.0 0.16287634656109015 5 34 21.0 0.0 0.2904316689874677 0
0.16287634656109015 0
9 ec.gp.GPIndividual@1841094161{1486178668} 0.0 74660.0 8387.0 0.08405866221533326 5 30 21.0 0.0 0.08405866221533326 0
9 ec.gp.GPIndividual@1643353144{1096836345} 0.0 74660.0 8160.0 0.1142156862745098 5 34 21.0 0.0 0.1142156862745098 0
9 ec.gp.GPIndividual@1889793520{1262629415} 0.0 73902.0 8387.0 0.0063193036842732805 5 42 21.0 0.0 0.0063193036842732805 0
9 ec.gp.GPIndividual@1643353144{1096836345} 0.0 75160.0 12802.0 0.2507420715513201 5 34 21.0 0.0 0.2507420715513201 0
9 ec.gp.GPIndividual@1841094161{1486178668} 0.0 70800.0 14578.0 0.26629167238304297 5 30 21.0 0.0 0.26629167238304297 0
9 ec.gp.GPIndividual@1643353144{1096836345} 0.0 74660.0 10087.0 0.0986418161990681 5 34 21.0 0.0 0.0986418161990681 0
9 ec.gp.GPIndividual@1889793520{1262629415} 0.0 69206.0 14578.0 0.3756345177664975 5 42 21.0 0.0 0.3756345177664975 0
9 ec.gp.GPIndividual@1841094161{1486178668} 0.0 74660.0 10861.0 0.16287634656109015 5 30 21.0 0.0 0.16287634656109015 0
9 ec.gp.GPIndividual@1643353144{1096836345} 0.0 74660.0 8317.0 0.09318263797042203 5 34 21.0 0.0 0.09318263797042203 0
9 ec.gp.GPIndividual@1841094161{1486178668} 0.0 74660.0 8160.0 0.1142156862745098 5 30 21.0 0.0 0.1142156862745098 0
9 ec.gp.GPIndividual@251529710{89201883} 0.0 75160.0 10054.0 0.045951859956236324 5 40 21.0 0.0 0.045951859956236324 0
9 ec.gp.GPIndividual@1841094161{1486178668} 0.0 75160.0 12802.0 0.2507420715513201 5 30 21.0 0.0 0.2507420715513201 0
9 ec.gp.GPIndividual@1841094161{1486178668} 0.0 74660.0 10087.0 0.0986418161990681 5 30 21.0 0.0 0.0986418161990681 0
9 ec.gp.GPIndividual@251529710{89201883} 0.0 75160.0 8387.0 0.14367473470847741 5 40 21.0 0.0 0.14367473470847741 0
9 ec.gp.GPIndividual@1841094161{1486178668} 0.0 74660.0 8317.0 0.09318263797042203 5 30 21.0 0.0 0.09318263797042203 0
9 ec.gp.GPIndividual@573065000{2142628964} 0.0 105260.0 10054.0 0.8563755719116769 2 3 21.0 0.0 0.8563755719116769 0
9 ec.gp.GPIndividual@573065000{2142628964} 0.0 105260.0 8387.0 0.8278287826397996 2 3 21.0 0.0 0.8278287826397996 0
9 ec.gp.GPIndividual@573065000{2142628964} 0.0 9 ec.gp.GPIndividual@251529710{89201883} 105260.0 14578.0 0.9009466319110989 2 3 21.0 0.0 0.0 0.9009466319110989 0
79222.0 14578.0 0.43819453971738237 5 40 21.0 0.0 0.43819453971738237 0
9 ec.gp.GPIndividual@573065000{2142628964} 0.0 105260.0 10861.0 0.8670472332197772 2 3 21.0 0.0 0.8670472332197772 0
9 ec.gp.GPIndividual@1889793520{1262629415} 2.0 56686.0 10861.0 0.19454930485222355 5 42 21.0 0.0 0.19454930485222355 0
9 ec.gp.GPIndividual@573065000{2142628964} 0.0 105260.0 8160.0 0.8230392156862745 2 3 21.0 0.0 0.8230392156862745 0
9 ec.gp.GPIndividual@573065000{2142628964} 0.0 105260.0 12802.0 0.8872051241993438 2 3 21.0 0.0 0.8872051241993438 0
9 ec.gp.GPIndividual@573065000{2142628964} 0.0 105260.0 10087.0 0.8568454446317042 2 3 21.0 0.0 0.8568454446317042 0
9 ec.gp.GPIndividual@1889793520{1262629415} 0.0 84972.0 8160.0 0.6308823529411764 9 ec.gp.GPIndividual@573065000{2142628964} 0.0 5 42 21.0 0.0 105260.0 8317.0 0.8263797042202717 0.6308823529411764 0
2 3 21.0 0.0 0.8263797042202717 0
9 ec.gp.GPIndividual@251529710{89201883} 0.0 75160.0 10861.0 0.1168400699751404 5 40 21.0 0.0 0.1168400699751404 0
9 ec.gp.GPIndividual@251529710{89201883} 0.0 78900.0 8160.0 0.035784313725490194 5 40 21.0 0.0 0.035784313725490194 0
9 ec.gp.GPIndividual@251529710{89201883} 0.0 79400.0 12802.0 0.34635213247930013 5 40 21.0 0.0 0.34635213247930013 0
9 ec.gp.GPIndividual@1889793520{1262629415} 1.0 65346.0 12802.0 0.16372441805967816 5 42 21.0 0.0 0.16372441805967816 0
9 ec.gp.GPIndividual@251529710{89201883} 0.0 75160.0 10087.0 0.04907306434023991 5 40 21.0 0.0 0.04907306434023991 0
9 ec.gp.GPIndividual@251529710{89201883} 0.0 78900.0 8317.0 0.05398581219189612 5 40 21.0 0.0 0.05398581219189612 0
9 ec.gp.GPIndividual@1889793520{1262629415} 2.0 56686.0 10087.0 0.286209973232874 5 42 21.0 0.0 0.286209973232874 0
9 ec.gp.GPIndividual@1889793520{1262629415} 0.0 84935.0 8317.0 0.6422989058554768 5 42 21.0 0.0 0.6422989058554768 0
9 ec.gp.GPIndividual@99779467{-1958903520} 17.0 19584.0 10054.0 0.9478814402227969 5 32 21.0 0.0 0.9478814402227969 0
9 ec.gp.GPIndividual@99779467{-1958903520} 14.0 19584.0 8387.0 1.3350423274114702 5 32 21.0 0.0 1.3350423274114702 0
9 ec.gp.GPIndividual@99779467{-1958903520} 14.0 19584.0 14578.0 0.3433941555768967 5 32 21.0 0.0 0.3433941555768967 0
9 ec.gp.GPIndividual@99779467{-1958903520} 13.0 19584.0 10861.0 0.803148881318479 5 32 21.0 0.0 0.803148881318479 0
9 ec.gp.GPIndividual@99779467{-1958903520} 13.0 19584.0 8160.0 1.4 5 32 21.0 0.0 1.4 0
9 ec.gp.GPIndividual@99779467{-1958903520} 13.0 19584.0 12802.0 0.52976097484768 5 32 21.0 0.0 0.52976097484768 0
9 ec.gp.GPIndividual@99779467{-1958903520} 13.0 19584.0 10087.0 0.9415088728065827 5 32 21.0 0.0 0.9415088728065827 0
9 ec.gp.GPIndividual@99779467{-1958903520} 13.0 19584.0 8317.0 1.3546952025970902 5 32 21.0 0.0 1.3546952025970902 0
9 ec.gp.GPIndividual@111915516{-1051674766} 15.0 19584.0 10054.0 0.9478814402227969 5 36 21.0 0.0 0.9478814402227969 0
9 ec.gp.GPIndividual@111915516{-1051674766} 12.0 19584.0 8387.0 1.3350423274114702 5 36 21.0 0.0 1.3350423274114702 0
9 ec.gp.GPIndividual@111915516{-1051674766} 12.0 19584.0 14578.0 0.3433941555768967 5 36 21.0 0.0 0.3433941555768967 0
9 ec.gp.GPIndividual@111915516{-1051674766} 12.0 19584.0 10861.0 0.803148881318479 5 36 21.0 0.0 0.803148881318479 0
9 ec.gp.GPIndividual@111915516{-1051674766} 12.0 19584.0 8160.0 1.4 5 36 21.0 0.0 1.4 0
9 ec.gp.GPIndividual@111915516{-1051674766} 12.0 19584.0 12802.0 0.52976097484768 5 36 21.0 0.0 0.52976097484768 0
9 ec.gp.GPIndividual@111915516{-1051674766} 13.0 19584.0 10087.0 0.9415088728065827 5 36 21.0 0.0 0.9415088728065827 0
9 ec.gp.GPIndividual@111915516{-1051674766} 13.0 19528.0 8317.0 1.3479620055308406 5 36 21.0 0.0 1.3479620055308406 0
10 ec.gp.GPIndividual@152317246{2046897577} 0.0 92920.0 10054.0 0.45335189974139645 5 44 21.0 0.0 0.45335189974139645 0
10 ec.gp.GPIndividual@152317246{2046897577} 0.0 92920.0 8387.0 0.34470013115535947 5 44 21.0 0.0 0.34470013115535947 0
10 ec.gp.GPIndividual@152317246{2046897577} 0.0 92920.0 14578.0 0.6229935519275621 5 44 21.0 0.0 0.6229935519275621 0
10 ec.gp.GPIndividual@152317246{2046897577} 0.0 92920.0 10861.0 0.4939692477672406 5 44 21.0 0.0 0.4939692477672406 0
10 ec.gp.GPIndividual@152317246{2046897577} 0.0 92920.0 8160.0 0.3264705882352941 5 44 21.0 0.0 0.3264705882352941 0
10 ec.gp.GPIndividual@1252778343{1446035839} 1.0 74660.0 10054.0 0.09568331012532326 5 26 21.0 0.0 0.09568331012532326 0
10 ec.gp.GPIndividual@152317246{2046897577} 0.0 92920.0 12802.0 0.5706920793625996 5 44 21.0 0.0 0.5706920793625996 0
10 ec.gp.GPIndividual@1200018380{2138306521} 2.0 74660.0 10054.0 0.09568331012532326 5 44 21.0 0.0 0.09568331012532326 0
10 ec.gp.GPIndividual@805168006{-1482513629} 10 ec.gp.GPIndividual@152317246{2046897577} 0.0 2.0 92920.0 10087.0 0.4551402795677605 5 44 21.0 0.0 0.4551402795677605 0
75160.0 10087.0 0.045951859956236324 5 38 21.0 0.0 0.045951859956236324 0
10 ec.gp.GPIndividual@152317246{2046897577} 0.0 92920.0 8317.0 0.33918480221233616 5 44 21.0 0.0 0.33918480221233616 0
10 ec.gp.GPIndividual@1252778343{1446035839} 1.0 74660.0 8387.0 0.08405866221533326 5 26 21.0 0.0 0.08405866221533326 0
10 ec.gp.GPIndividual@1200018380{2138306521} 1.0 74660.0 8387.0 0.08405866221533326 5 44 21.0 0.0 0.08405866221533326 0
10 ec.gp.GPIndividual@805168006{-1482513629} 1.0 75160.0 8387.0 0.14367473470847741 5 38 21.0 0.0 0.14367473470847741 0
10 ec.gp.GPIndividual@805168006{-1482513629} 0.0 79222.0 14578.0 0.43819453971738237 5 38 21.0 0.0 0.43819453971738237 0
10 ec.gp.GPIndividual@1094250259{-1538403236} 4.0 56686.0 10054.0 0.2904316689874677 5 30 21.0 0.0 0.2904316689874677 0
10 ec.gp.GPIndividual@1200018380{2138306521} 0.0 70800.0 14578.0 0.26629167238304297 5 44 21.0 0.0 0.26629167238304297 0
10 ec.gp.GPIndividual@1252778343{1446035839} 1.0 70800.0 14578.0 0.26629167238304297 5 26 21.0 0.0 0.26629167238304297 0
10 ec.gp.GPIndividual@1094250259{-1538403236} 0.0 73902.0 8387.0 0.0063193036842732805 5 30 21.0 0.0 0.0063193036842732805 0
10 ec.gp.GPIndividual@805168006{-1482513629} 0.0 75160.0 10861.0 0.1168400699751404 5 38 21.0 0.0 0.1168400699751404 0
10 ec.gp.GPIndividual@1200018380{2138306521} 0.0 74660.0 10861.0 0.16287634656109015 5 44 21.0 0.0 0.16287634656109015 0
10 ec.gp.GPIndividual@1252778343{1446035839} 1.0 74660.0 10861.0 0.16287634656109015 5 26 21.0 0.0 0.16287634656109015 0
10 ec.gp.GPIndividual@805168006{-1482513629} 1.0 78900.0 8160.0 0.035784313725490194 5 38 21.0 0.0 0.035784313725490194 0
10 ec.gp.GPIndividual@1200018380{2138306521} 1.0 74660.0 8160.0 0.1142156862745098 5 44 21.0 0.0 0.1142156862745098 0
10 ec.gp.GPIndividual@1252778343{1446035839} 1.0 74660.0 14578.0 0.1142156862745098 10 ec.gp.GPIndividual@1094250259{-1538403236} 5 26 21.0 0.0 1.0 10 ec.gp.GPIndividual@805168006{-1482513629} 0.1142156862745098 0
69206.0 12802.0 0.3756345177664975 5 30 21.0 0.0 0.3756345177664975 0
0.0 79400.0 12802.0 0.34635213247930013 5 38 21.0 0.0 0.34635213247930013 0
10 ec.gp.GPIndividual@1200018380{2138306521} 0.0 75160.0 12802.0 0.2507420715513201 5 44 21.0 0.0 0.2507420715513201 0
10 ec.gp.GPIndividual@805168006{-1482513629} 1.0 75160.0 10087.0 0.04907306434023991 5 38 21.0 0.0 0.04907306434023991 0
10 ec.gp.GPIndividual@1200018380{2138306521} 0.0 74660.0 10087.0 0.0986418161990681 5 44 21.0 0.0 0.0986418161990681 0
10 ec.gp.GPIndividual@1252778343{1446035839} 1.0 75160.0 12802.0 0.2507420715513201 5 26 21.0 0.0 0.2507420715513201 0
10 ec.gp.GPIndividual@805168006{-1482513629} 0.0 78900.0 8317.0 0.05398581219189612 5 38 21.0 0.0 0.05398581219189612 0
10 ec.gp.GPIndividual@1200018380{2138306521} 0.0 74660.0 8317.0 0.09318263797042203 5 44 21.0 0.0 0.09318263797042203 0
10 ec.gp.GPIndividual@1252778343{1446035839} 0.0 74660.0 10087.0 0.0986418161990681 5 26 21.0 0.0 0.0986418161990681 0
10 ec.gp.GPIndividual@1094250259{-1538403236} 2.0 56686.0 10861.0 0.19454930485222355 5 30 21.0 0.0 0.19454930485222355 0
10 ec.gp.GPIndividual@1094250259{-1538403236} 0.0 84972.0 8160.0 0.6308823529411764 5 30 21.0 0.0 0.6308823529411764 0
10 ec.gp.GPIndividual@1252778343{1446035839} 0.0 74660.0 8317.0 0.09318263797042203 5 26 21.0 0.0 0.09318263797042203 0
10 ec.gp.GPIndividual@1866831605{1961240530} 0.0 97094.0 10054.0 0.5816590411776408 5 36 21.0 0.0 0.5816590411776408 0
10 ec.gp.GPIndividual@1866831605{1961240530} 0.0 97094.0 8387.0 0.4985095981876714 5 36 21.0 0.0 0.4985095981876714 0
10 ec.gp.GPIndividual@1866831605{1961240530} 0.0 97094.0 14578.0 0.7114830566607216 5 36 21.0 0.0 0.7114830566607216 0
10 ec.gp.GPIndividual@1866831605{1961240530} 0.0 97094.0 10861.0 0.6127428413589909 5 36 21.0 0.0 0.6127428413589909 0
10 ec.gp.GPIndividual@1866831605{1961240530} 0.0 97094.0 8160.0 0.48455882352941176 5 36 21.0 0.0 0.48455882352941176 0
10 ec.gp.GPIndividual@1866831605{1961240530} 0.0 97094.0 12802.0 0.6714575847523825 5 36 21.0 0.0 0.6714575847523825 0
10 ec.gp.GPIndividual@1866831605{1961240530} 0.0 97094.0 10087.0 0.5830276593635372 5 36 21.0 0.0 0.5830276593635372 0
10 ec.gp.GPIndividual@1866831605{1961240530} 0.0 97094.0 8317.0 0.49428880605987735 5 36 21.0 0.0 0.49428880605987735 0
10 ec.gp.GPIndividual@1094250259{-1538403236} 0.0 65346.0 12802.0 0.16372441805967816 5 30 21.0 0.0 0.16372441805967816 0
10 ec.gp.GPIndividual@1094250259{-1538403236} 1.0 56686.0 10087.0 0.286209973232874 5 30 21.0 0.0 0.286209973232874 0
10 ec.gp.GPIndividual@1094250259{-1538403236} 0.0 84935.0 8317.0 0.6422989058554768 5 30 21.0 0.0 0.6422989058554768 0
10 ec.gp.GPIndividual@1611609413{1709193449} 0.0 74660.0 10054.0 0.09568331012532326 5 36 21.0 0.0 0.09568331012532326 0
10 ec.gp.GPIndividual@1611609413{1709193449} 0.0 74660.0 8387.0 0.08405866221533326 5 36 21.0 0.0 0.08405866221533326 0
10 ec.gp.GPIndividual@1611609413{1709193449} 0.0 70800.0 14578.0 0.26629167238304297 5 36 21.0 0.0 0.26629167238304297 0
10 ec.gp.GPIndividual@1611609413{1709193449} 0.0 74660.0 10861.0 0.16287634656109015 5 36 21.0 0.0 0.16287634656109015 0
10 ec.gp.GPIndividual@1611609413{1709193449} 0.0 74660.0 8160.0 0.1142156862745098 5 36 21.0 0.0 0.1142156862745098 0
10 ec.gp.GPIndividual@1611609413{1709193449} 0.0 75160.0 12802.0 0.2507420715513201 5 36 21.0 0.0 0.2507420715513201 0
10 ec.gp.GPIndividual@1611609413{1709193449} 0.0 74660.0 10087.0 0.0986418161990681 5 36 21.0 0.0 0.0986418161990681 0
10 ec.gp.GPIndividual@1611609413{1709193449} 0.0 74660.0 8317.0 0.09318263797042203 5 36 21.0 0.0 0.09318263797042203 0
10 ec.gp.GPIndividual@864501358{-1346419940} 0.0 105260.0 10054.0 0.8563755719116769 1 1 21.0 0.0 0.8563755719116769 0
10 ec.gp.GPIndividual@864501358{-1346419940} 0.0 105260.0 8387.0 0.8278287826397996 1 1 21.0 0.0 0.8278287826397996 0
10 ec.gp.GPIndividual@864501358{-1346419940} 0.0 105260.0 14578.0 0.9009466319110989 1 1 21.0 0.0 0.9009466319110989 0
10 ec.gp.GPIndividual@864501358{-1346419940} 0.0 105260.0 10861.0 0.8670472332197772 1 1 21.0 0.0 0.8670472332197772 0
10 ec.gp.GPIndividual@864501358{-1346419940} 0.0 105260.0 8160.0 0.8230392156862745 1 1 21.0 0.0 0.8230392156862745 0
10 ec.gp.GPIndividual@864501358{-1346419940} 0.0 105260.0 12802.0 0.8872051241993438 1 1 21.0 0.0 0.8872051241993438 0
10 ec.gp.GPIndividual@864501358{-1346419940} 0.0 105260.0 10087.0 0.8568454446317042 1 1 21.0 0.0 0.8568454446317042 0
10 ec.gp.GPIndividual@864501358{-1346419940} 0.0 105260.0 8317.0 0.8263797042202717 1 1 21.0 0.0 0.8263797042202717 0
11 ec.gp.GPIndividual@2126167629{-1244076520} 0.0 88682.0 10054.0 0.3314103839267953 5 36 21.0 0.0 0.3314103839267953 0
11 ec.gp.GPIndividual@2126167629{-1244076520} 0.0 88682.0 8387.0 0.19852152140217003 5 36 21.0 0.0 0.19852152140217003 0
11 ec.gp.GPIndividual@2126167629{-1244076520} 0.0 88682.0 14578.0 0.538894224173412 5 36 21.0 0.0 0.538894224173412 0
11 ec.gp.GPIndividual@2126167629{-1244076520} 0.0 88682.0 10861.0 0.38108829757849183 5 36 21.0 0.0 0.38108829757849183 0
11 ec.gp.GPIndividual@2126167629{-1244076520} 0.0 88682.0 8160.0 0.17622549019607844 5 36 21.0 0.0 0.17622549019607844 0
11 ec.gp.GPIndividual@460604683{-723375073} 2.0 74660.0 10054.0 0.09568331012532326 5 44 21.0 0.0 0.09568331012532326 0
11 ec.gp.GPIndividual@367188524{1709193449} 2.0 74660.0 10054.0 0.09568331012532326 5 36 21.0 0.0 0.09568331012532326 0
11 ec.gp.GPIndividual@2126167629{-1244076520} 0.0 88682.0 12802.0 0.47492579284486797 5 36 21.0 0.0 0.47492579284486797 0
11 ec.gp.GPIndividual@1084560182{2138306521} 2.0 74660.0 10054.0 0.09568331012532326 5 44 21.0 0.0 0.09568331012532326 0
11 ec.gp.GPIndividual@1306990576{-1078099506} 2.0 70354.0 10054.0 0.01949472846628208 5 34 21.0 0.0 0.01949472846628208 0
11 ec.gp.GPIndividual@2126167629{-1244076520} 0.0 88682.0 10087.0 0.33359770000991373 5 36 21.0 0.0 0.33359770000991373 0
11 ec.gp.GPIndividual@2126167629{-1244076520} 0.0 88682.0 8317.0 0.1917758807262234 5 36 21.0 0.0 0.1917758807262234 0
11 ec.gp.GPIndividual@460604683{-723375073} 2.0 74660.0 8387.0 0.08405866221533326 5 44 21.0 0.0 0.08405866221533326 0
11 ec.gp.GPIndividual@367188524{1709193449} 2.0 74660.0 8387.0 0.08405866221533326 5 36 21.0 0.0 0.08405866221533326 0
11 ec.gp.GPIndividual@1306990576{-1078099506} 2.0 73902.0 8387.0 0.0063193036842732805 5 34 21.0 0.0 0.0063193036842732805 0
11 ec.gp.GPIndividual@1084560182{2138306521} 2.0 74660.0 8387.0 0.08405866221533326 5 44 21.0 0.0 0.08405866221533326 0
11 ec.gp.GPIndividual@460604683{-723375073} 1.0 70800.0 14578.0 0.26629167238304297 5 44 21.0 0.0 0.26629167238304297 0
11 ec.gp.GPIndividual@1306990576{-1078099506} 0.0 78140.0 14578.0 0.5124159692687611 5 34 21.0 0.0 0.5124159692687611 0
11 ec.gp.GPIndividual@367188524{1709193449} 1.0 70800.0 14578.0 0.26629167238304297 5 36 21.0 0.0 0.26629167238304297 0
11 ec.gp.GPIndividual@460604683{-723375073} 1.0 74660.0 10861.0 0.16287634656109015 5 44 21.0 0.0 0.16287634656109015 0
11 ec.gp.GPIndividual@633721911{1292249612} 3.0 57268.0 10054.0 0.3483190769842849 5 28 21.0 0.0 0.3483190769842849 0
11 ec.gp.GPIndividual@1084560182{2138306521} 2.0 70800.0 14578.0 0.26629167238304297 5 44 21.0 0.0 0.26629167238304297 0
11 ec.gp.GPIndividual@367188524{1709193449} 1.0 74660.0 10861.0 0.16287634656109015 5 36 21.0 0.0 0.16287634656109015 0
11 ec.gp.GPIndividual@460604683{-723375073} 0.0 74660.0 8160.0 0.1142156862745098 5 44 21.0 0.0 0.1142156862745098 0
11 ec.gp.GPIndividual@1306990576{-1078099506} 1.0 70354.0 10861.0 0.05625632998803057 5 34 21.0 0.0 0.05625632998803057 0
11 ec.gp.GPIndividual@1306990576{-1078099506} 1.0 84972.0 8160.0 0.6308823529411764 5 34 21.0 0.0 0.6308823529411764 0
11 ec.gp.GPIndividual@460604683{-723375073} 1.0 75160.0 12802.0 0.2507420715513201 5 44 21.0 0.0 0.2507420715513201 0
11 ec.gp.GPIndividual@1084560182{2138306521} 1.0 74660.0 10861.0 0.16287634656109015 5 44 21.0 0.0 0.16287634656109015 0
11 ec.gp.GPIndividual@367188524{1709193449} 2.0 74660.0 8160.0 0.1142156862745098 5 36 21.0 0.0 0.1142156862745098 0
11 ec.gp.GPIndividual@1306990576{-1078099506} 0.0 74124.0 12802.0 0.3316669270426496 5 34 21.0 0.0 0.3316669270426496 0
11 ec.gp.GPIndividual@460604683{-723375073} 0.0 74660.0 10087.0 0.0986418161990681 5 44 21.0 0.0 0.0986418161990681 0
11 ec.gp.GPIndividual@633721911{1292249612} 3.0 57268.0 8387.0 0.6163109574341242 5 28 21.0 0.0 0.6163109574341242 0
11 ec.gp.GPIndividual@1084560182{2138306521} 0.0 74660.0 8160.0 0.1142156862745098 5 44 21.0 0.0 0.1142156862745098 0
11 ec.gp.GPIndividual@1306990576{-1078099506} 1.0 70354.0 10087.0 0.01615941310597799 5 34 21.0 0.0 0.01615941310597799 0
11 ec.gp.GPIndividual@460604683{-723375073} 1.0 74660.0 8317.0 0.09318263797042203 5 44 21.0 0.0 0.09318263797042203 0
11 ec.gp.GPIndividual@1306990576{-1078099506} 0.0 84935.0 8317.0 0.6422989058554768 5 34 21.0 0.0 0.6422989058554768 0
11 ec.gp.GPIndividual@687409454{-1710272010} 0.0 93836.0 10054.0 0.9057091704794111 5 26 21.0 0.0 0.9057091704794111 0
11 ec.gp.GPIndividual@687409454{-1710272010} 0.0 93836.0 8387.0 0.8869679265529987 5 26 21.0 0.0 0.8869679265529987 0
11 ec.gp.GPIndividual@367188524{1709193449} 2.0 75160.0 12802.0 0.2507420715513201 5 36 21.0 0.0 0.2507420715513201 0
11 ec.gp.GPIndividual@687409454{-1710272010} 0.0 90394.0 14578.0 0.796268349567842 5 26 21.0 0.0 0.796268349567842 0
11 ec.gp.GPIndividual@687409454{-1710272010} 0.0 93836.0 12802.0 0.9127152195930394 5 26 21.0 0.0 0.9127152195930394 0
11 ec.gp.GPIndividual@1084560182{2138306521} 1.0 75160.0 12802.0 0.2507420715513201 5 44 21.0 0.0 0.2507420715513201 0
11 ec.gp.GPIndividual@687409454{-1710272010} 0.0 93836.0 8160.0 0.8838235294117647 5 26 21.0 0.0 0.8838235294117647 0
11 ec.gp.GPIndividual@687409454{-1710272010} 0.0 90394.0 12802.0 0.768004999218872 5 26 21.0 0.0 0.768004999218872 0
11 ec.gp.GPIndividual@633721911{1292249612} 2.0 64966.0 14578.0 0.2916723830429414 5 28 21.0 0.0 0.2916723830429414 0
11 ec.gp.GPIndividual@687409454{-1710272010} 0.0 93836.0 10087.0 0.9060176464756617 5 26 21.0 0.0 0.9060176464756617 0
11 ec.gp.GPIndividual@1084560182{2138306521} 1.0 11 ec.gp.GPIndividual@367188524{1709193449} 74660.0 10087.0 0.0986418161990681 1.0 5 44 21.0 0.0 0.0986418161990681 0
11 ec.gp.GPIndividual@687409454{-1710272010} 0.0 74660.0 10087.0 0.0986418161990681 93836.0 8317.0 0.8860165925213418 5 26 21.0 0.0 5 36 21.0 0.0 0.8860165925213418 0
0.0986418161990681 0
11 ec.gp.GPIndividual@1084560182{2138306521} 0.0 74660.0 8317.0 0.09318263797042203 5 44 21.0 0.0 0.09318263797042203 0
11 ec.gp.GPIndividual@367188524{1709193449} 0.0 74660.0 8317.0 0.09318263797042203 5 36 21.0 0.0 0.09318263797042203 0
11 ec.gp.GPIndividual@707061991{1486178668} 0.0 74660.0 10054.0 0.09568331012532326 5 30 21.0 0.0 0.09568331012532326 0
11 ec.gp.GPIndividual@514179799{1709193449} 0.0 11 ec.gp.GPIndividual@707061991{1486178668} 74660.0 8387.0 0.09568331012532326 0.0 5 36 21.0 0.0 74660.0 8387.0 0.08405866221533326 0.09568331012532326 0
5 30 21.0 0.0 0.08405866221533326 0
11 ec.gp.GPIndividual@633721911{1292249612} 1.0 57268.0 10861.0 0.24813553079826903 5 28 21.0 0.0 0.24813553079826903 0
11 ec.gp.GPIndividual@514179799{1709193449} 1.0 74660.0 8387.0 0.08405866221533326 5 36 21.0 0.0 0.08405866221533326 0
11 ec.gp.GPIndividual@707061991{1486178668} 1.0 70800.0 14578.0 0.26629167238304297 5 30 21.0 0.0 0.26629167238304297 0
11 ec.gp.GPIndividual@707061991{1486178668} 0.0 74660.0 10861.0 0.16287634656109015 5 30 21.0 0.0 0.16287634656109015 0
11 ec.gp.GPIndividual@514179799{1709193449} 0.0 70800.0 14578.0 0.26629167238304297 5 36 21.0 0.0 0.26629167238304297 0
11 ec.gp.GPIndividual@707061991{1486178668} 0.0 74660.0 8160.0 0.1142156862745098 5 30 21.0 0.0 0.1142156862745098 0
11 ec.gp.GPIndividual@633721911{1292249612} 2.0 11 ec.gp.GPIndividual@707061991{1486178668} 0.0 75160.0 12802.0 0.2507420715513201 5 30 21.0 0.0 52432.0 8160.0 0.7382352941176471 0.2507420715513201 0
5 28 21.0 0.0 0.7382352941176471 0
11 ec.gp.GPIndividual@514179799{1709193449} 0.0 74660.0 10861.0 0.16287634656109015 5 36 21.0 0.0 0.16287634656109015 0
11 ec.gp.GPIndividual@707061991{1486178668} 0.0 74660.0 10087.0 0.0986418161990681 5 30 21.0 0.0 0.0986418161990681 0
11 ec.gp.GPIndividual@514179799{1709193449} 0.0 74660.0 8160.0 0.1142156862745098 5 36 21.0 0.0 0.1142156862745098 0
11 ec.gp.GPIndividual@707061991{1486178668} 0.0 74660.0 8317.0 0.09318263797042203 5 30 21.0 0.0 0.09318263797042203 0
11 ec.gp.GPIndividual@633721911{1292249612} 1.0 61098.0 12802.0 0.06873925949070457 5 28 21.0 0.0 0.06873925949070457 0
11 ec.gp.GPIndividual@514179799{1709193449} 0.0 75160.0 12802.0 0.2507420715513201 5 36 21.0 0.0 0.2507420715513201 0
11 ec.gp.GPIndividual@1468787663{-920160082} 0.0 74660.0 10054.0 0.09568331012532326 5 22 21.0 0.0 0.09568331012532326 0
11 ec.gp.GPIndividual@514179799{1709193449} 0.0 74660.0 10087.0 0.0986418161990681 5 36 21.0 0.0 0.0986418161990681 0
11 ec.gp.GPIndividual@1468787663{-920160082} 0.0 74660.0 8387.0 0.08405866221533326 5 22 21.0 0.0 0.08405866221533326 0
11 ec.gp.GPIndividual@514179799{1709193449} 0.0 74660.0 14578.0 0.09318263797042203 11 ec.gp.GPIndividual@1468787663{-920160082} 5 36 21.0 0.0 0.0 0.09318263797042203 0
70800.0 14578.0 0.26629167238304297 5 22 21.0 0.0 0.26629167238304297 0
11 ec.gp.GPIndividual@633721911{1292249612} 1.0 57268.0 10087.0 0.34390800039655 5 28 21.0 0.0 0.34390800039655 0
11 ec.gp.GPIndividual@1468787663{-920160082} 1.0 74660.0 10861.0 0.16287634656109015 5 22 21.0 0.0 0.16287634656109015 0
11 ec.gp.GPIndividual@2127877932{1078272746} 1.0 74382.0 10054.0 0.12333399641933558 5 28 21.0 0.0 0.12333399641933558 0
11 ec.gp.GPIndividual@1468787663{-920160082} 1.0 74660.0 8160.0 0.1142156862745098 5 22 21.0 0.0 0.1142156862745098 0
11 ec.gp.GPIndividual@2127877932{1078272746} 1.0 70142.0 8387.0 0.196852271372362 5 28 21.0 0.0 0.196852271372362 0
11 ec.gp.GPIndividual@1468787663{-920160082} 0.0 75160.0 12802.0 0.2507420715513201 5 22 21.0 0.0 0.2507420715513201 0
11 ec.gp.GPIndividual@2127877932{1078272746} 0.0 74224.0 14578.0 0.4062285635889697 5 28 21.0 0.0 0.4062285635889697 0
11 ec.gp.GPIndividual@1468787663{-920160082} 0.0 74660.0 10087.0 0.0986418161990681 5 22 21.0 0.0 0.0986418161990681 0
11 ec.gp.GPIndividual@633721911{1292249612} 3.0 52432.0 8317.0 0.7054226283515691 5 28 21.0 0.0 0.7054226283515691 0
11 ec.gp.GPIndividual@2127877932{1078272746} 0.0 74382.0 10861.0 0.18847251634287818 5 28 21.0 0.0 0.18847251634287818 0
11 ec.gp.GPIndividual@1468787663{-920160082} 0.0 74660.0 8317.0 0.09318263797042203 5 22 21.0 0.0 0.09318263797042203 0
11 ec.gp.GPIndividual@2127877932{1078272746} 0.0 70142.0 8160.0 0.2301470588235294 5 28 21.0 0.0 0.2301470588235294 0
11 ec.gp.GPIndividual@2127877932{1078272746} 0.0 74382.0 12802.0 0.311513825964693 5 28 21.0 0.0 0.311513825964693 0
11 ec.gp.GPIndividual@2127877932{1078272746} 0.0 74382.0 10087.0 0.12620204223257658 5 28 21.0 0.0 0.12620204223257658 0
11 ec.gp.GPIndividual@2127877932{1078272746} 0.0 74382.0 8317.0 0.059757123962967416 5 28 21.0 0.0 0.059757123962967416 0
12 ec.gp.GPIndividual@1159118571{662361046} 0.0 93836.0 10054.0 0.9057091704794111 5 26 21.0 0.0 0.9057091704794111 0
12 ec.gp.GPIndividual@1056303779{-1724556878} 1.0 82693.0 10054.0 0.38362840660433656 5 26 21.0 0.0 0.38362840660433656 0
12 ec.gp.GPIndividual@1159118571{662361046} 0.0 93836.0 8387.0 0.8869679265529987 5 26 21.0 0.0 0.8869679265529987 0
12 ec.gp.GPIndividual@975158300{-1338304475} 1.0 78154.0 10054.0 0.2916252237915258 5 23 21.0 0.0 0.2916252237915258 0
12 ec.gp.GPIndividual@1159118571{662361046} 0.0 90394.0 14578.0 0.796268349567842 5 26 21.0 0.0 0.796268349567842 0
12 ec.gp.GPIndividual@821082417{1709193449} 2.0 74660.0 10054.0 0.09568331012532326 5 36 21.0 0.0 0.09568331012532326 0
12 ec.gp.GPIndividual@1056303779{-1724556878} 0.0 82693.0 8387.0 0.2611183975199714 5 26 21.0 0.0 0.2611183975199714 0
12 ec.gp.GPIndividual@443705799{478838572} 2.0 74660.0 10054.0 0.09568331012532326 5 26 21.0 0.0 0.09568331012532326 0
12 ec.gp.GPIndividual@1159118571{662361046} 0.0 93836.0 10861.0 0.9127152195930394 5 26 21.0 0.0 0.9127152195930394 0
12 ec.gp.GPIndividual@1056303779{-1724556878} 1.0 12 ec.gp.GPIndividual@1159118571{662361046} 83480.0 8160.0 0.520921937165592 0.0 5 26 21.0 0.0 93836.0 8160.0 0.8838235294117647 0.520921937165592 0
5 26 21.0 0.0 0.8838235294117647 0
12 ec.gp.GPIndividual@975158300{-1338304475} 1.0 78161.0 8387.0 0.1499940383927507 5 23 21.0 0.0 0.1499940383927507 0
12 ec.gp.GPIndividual@1159118571{662361046} 0.0 90394.0 12802.0 0.768004999218872 5 26 21.0 0.0 0.768004999218872 0
12 ec.gp.GPIndividual@821082417{1709193449} 1.0 74660.0 8387.0 0.08405866221533326 5 36 21.0 0.0 0.08405866221533326 0
12 ec.gp.GPIndividual@1056303779{-1724556878} 0.0 82693.0 10861.0 0.42942638799373906 5 26 21.0 0.0 0.42942638799373906 0
12 ec.gp.GPIndividual@1159118571{662361046} 0.0 93836.0 10087.0 0.9060176464756617 5 26 21.0 0.0 0.9060176464756617 0
12 ec.gp.GPIndividual@443705799{478838572} 1.0 74660.0 8387.0 0.08405866221533326 5 26 21.0 0.0 0.08405866221533326 0
12 ec.gp.GPIndividual@1159118571{662361046} 0.0 93836.0 8317.0 0.8860165925213418 5 26 21.0 0.0 0.8860165925213418 0
12 ec.gp.GPIndividual@975158300{-1338304475} 1.0 78022.0 14578.0 0.5205103580738099 5 23 21.0 0.0 0.5205103580738099 0
12 ec.gp.GPIndividual@1056303779{-1724556878} 1.0 82693.0 8160.0 0.24056372549019608 5 26 21.0 0.0 0.24056372549019608 0
12 ec.gp.GPIndividual@1833113258{-1499859158} 1.0 74660.0 10054.0 0.09568331012532326 5 34 21.0 0.0 0.09568331012532326 0
12 ec.gp.GPIndividual@1056303779{-1724556878} 12 ec.gp.GPIndividual@821082417{1709193449} 1.0 2.0 82940.0 14578.0 0.4966411498203406 70800.0 14578.0 0.26629167238304297 5 26 21.0 0.0 0.4966411498203406 0
12 ec.gp.GPIndividual@975158300{-1338304475} 5 36 21.0 0.0 1.0 0.26629167238304297 0
78154.0 10861.0 0.3442592763097321 5 23 21.0 0.0 0.3442592763097321 0
12 ec.gp.GPIndividual@1833113258{-1499859158} 0.0 74660.0 8387.0 0.08405866221533326 5 34 21.0 0.0 0.08405866221533326 0
12 ec.gp.GPIndividual@1056303779{-1724556878} 0.0 82693.0 10087.0 0.38564488946168335 5 26 21.0 0.0 12 ec.gp.GPIndividual@443705799{478838572} 0.38564488946168335 0
3.0 70800.0 10087.0 0.26629167238304297 5 26 21.0 0.0 0.26629167238304297 0
12 ec.gp.GPIndividual@1056303779{-1724556878} 1.0 82693.0 8317.0 0.25489960322231575 5 26 21.0 0.0 0.25489960322231575 0
12 ec.gp.GPIndividual@821082417{1709193449} 12 ec.gp.GPIndividual@975158300{-1338304475} 2.0 2.0 74660.0 10861.0 0.16287634656109015 78161.0 10861.0 0.12634803921568627 5 23 21.0 0.0 5 36 21.0 0.0 0.12634803921568627 0
0.16287634656109015 0
12 ec.gp.GPIndividual@1833113258{-1499859158} 2.0 70800.0 14578.0 0.26629167238304297 5 34 21.0 0.0 0.26629167238304297 0
12 ec.gp.GPIndividual@443705799{478838572} 2.0 74660.0 10861.0 0.16287634656109015 5 26 21.0 0.0 0.16287634656109015 0
12 ec.gp.GPIndividual@975158300{-1338304475} 2.0 77514.0 12802.0 0.49367286361506013 5 23 21.0 0.0 0.49367286361506013 0
12 ec.gp.GPIndividual@821082417{1709193449} 2.0 74660.0 8160.0 0.1142156862745098 5 36 21.0 0.0 0.1142156862745098 0
12 ec.gp.GPIndividual@1833113258{-1499859158} 1.0 74660.0 10861.0 0.16287634656109015 5 34 21.0 0.0 0.16287634656109015 0
12 ec.gp.GPIndividual@443705799{478838572} 2.0 74660.0 8160.0 0.1142156862745098 5 26 21.0 0.0 0.1142156862745098 0
12 ec.gp.GPIndividual@975158300{-1338304475} 1.0 78154.0 10087.0 0.2939426985228512 5 23 21.0 0.0 0.2939426985228512 0
12 ec.gp.GPIndividual@1833113258{-1499859158} 1.0 74660.0 8160.0 0.1142156862745098 5 34 21.0 0.0 0.1142156862745098 0
12 ec.gp.GPIndividual@821082417{1709193449} 2.0 75160.0 12802.0 0.2507420715513201 5 36 21.0 0.0 0.2507420715513201 0
12 ec.gp.GPIndividual@443705799{478838572} 1.0 75160.0 12802.0 0.2507420715513201 5 26 21.0 0.0 0.2507420715513201 0
12 ec.gp.GPIndividual@975158300{-1338304475} 1.0 78161.0 8317.0 0.14283996633401466 5 23 21.0 0.0 0.14283996633401466 0
12 ec.gp.GPIndividual@1442632410{-1393340499} 0.0 101188.0 10054.0 0.7179232146409389 5 26 21.0 0.0 0.7179232146409389 0
12 ec.gp.GPIndividual@1442632410{-1393340499} 0.0 101188.0 8387.0 0.6618576368188863 5 26 21.0 0.0 0.6618576368188863 0
12 ec.gp.GPIndividual@1442632410{-1393340499} 0.0 101188.0 14578.0 0.805460282617643 5 26 21.0 0.0 0.805460282617643 0
12 ec.gp.GPIndividual@1442632410{-1393340499} 0.0 101188.0 10861.0 0.7388822392044931 5 26 21.0 0.0 0.7388822392044931 0
12 ec.gp.GPIndividual@1442632410{-1393340499} 0.0 101188.0 8160.0 0.6524509803921569 5 26 21.0 0.0 0.6524509803921569 0
12 ec.gp.GPIndividual@821082417{1709193449} 1.0 74660.0 10087.0 0.0986418161990681 5 36 21.0 0.0 0.0986418161990681 0
12 ec.gp.GPIndividual@1442632410{-1393340499} 0.0 101188.0 12802.0 0.7784721137322294 12 ec.gp.GPIndividual@1833113258{-1499859158} 5 26 21.0 0.0 1.0 0.7784721137322294 0
75160.0 12802.0 0.2507420715513201 5 34 21.0 0.0 0.2507420715513201 0
12 ec.gp.GPIndividual@1442632410{-1393340499} 0.0 101188.0 10087.0 0.7188460394567264 5 26 21.0 0.0 0.7188460394567264 0
12 ec.gp.GPIndividual@443705799{478838572} 1.0 74660.0 10087.0 0.0986418161990681 5 26 21.0 0.0 0.0986418161990681 0
12 ec.gp.GPIndividual@1442632410{-1393340499} 0.0 101188.0 8317.0 0.6590116628592041 5 26 21.0 0.0 0.6590116628592041 0
12 ec.gp.GPIndividual@1833113258{-1499859158} 1.0 74660.0 10087.0 0.0986418161990681 5 34 21.0 0.0 0.0986418161990681 0
12 ec.gp.GPIndividual@821082417{1709193449} 1.0 74660.0 8317.0 0.09318263797042203 5 36 21.0 0.0 0.09318263797042203 0
12 ec.gp.GPIndividual@613774106{-920160082} 12 ec.gp.GPIndividual@443705799{478838572} 12 ec.gp.GPIndividual@1833113258{-1499859158} 5.0 5.0 4.0 74660.0 8317.0 0.09318263797042203 74660.0 8317.0 0.09318263797042203 74660.0 8317.0 0.09568331012532326 5 34 21.0 0.0 5 26 21.0 0.0 5 22 21.0 0.0 0.09318263797042203 0
0.09318263797042203 0
0.09568331012532326 0
12 ec.gp.GPIndividual@481578477{-1000969865} 0.0 86203.0 10054.0 0.5779789138651283 5 32 21.0 0.0 0.5779789138651283 0
12 ec.gp.GPIndividual@481578477{-1000969865} 0.0 86203.0 8387.0 0.4940980088231787 5 32 21.0 0.0 0.4940980088231787 0
12 ec.gp.GPIndividual@481578477{-1000969865} 0.0 86288.0 14578.0 0.7031142817944849 5 32 21.0 0.0 0.7031142817944849 0
12 ec.gp.GPIndividual@481578477{-1000969865} 0.0 86203.0 10861.0 0.6093361568916306 5 32 21.0 0.0 0.6093361568916306 0
12 ec.gp.GPIndividual@481578477{-1000969865} 0.0 86173.0 8160.0 0.48370098039215687 5 32 21.0 0.0 0.48370098039215687 0
12 ec.gp.GPIndividual@481578477{-1000969865} 0.0 86203.0 12802.0 0.6685674113419778 5 32 21.0 0.0 0.6685674113419778 0
12 ec.gp.GPIndividual@613774106{-920160082} 0.0 74660.0 8387.0 0.08405866221533326 5 22 21.0 0.0 0.08405866221533326 0
12 ec.gp.GPIndividual@481578477{-1000969865} 0.0 86203.0 10087.0 0.579359571725984 5 32 21.0 0.0 0.579359571725984 0
12 ec.gp.GPIndividual@481578477{-1000969865} 0.0 86173.0 8317.0 0.49344715642659615 5 32 21.0 0.0 0.49344715642659615 0
12 ec.gp.GPIndividual@613774106{-920160082} 0.0 70800.0 14578.0 0.26629167238304297 5 22 21.0 0.0 0.26629167238304297 0
12 ec.gp.GPIndividual@613774106{-920160082} 0.0 74660.0 10861.0 0.16287634656109015 5 22 21.0 0.0 0.16287634656109015 0
12 ec.gp.GPIndividual@613774106{-920160082} 0.0 74660.0 8160.0 0.1142156862745098 5 22 21.0 0.0 0.1142156862745098 0
12 ec.gp.GPIndividual@613774106{-920160082} 0.0 75160.0 12802.0 0.2507420715513201 5 22 21.0 0.0 0.2507420715513201 0
12 ec.gp.GPIndividual@613774106{-920160082} 0.0 74660.0 10087.0 0.0986418161990681 5 22 21.0 0.0 0.0986418161990681 0
12 ec.gp.GPIndividual@613774106{-920160082} 0.0 74660.0 8317.0 0.09318263797042203 5 22 21.0 0.0 0.09318263797042203 0
12 ec.gp.GPIndividual@1036350699{898603327} 14.0 19584.0 10054.0 0.9478814402227969 5 44 21.0 0.0 0.9478814402227969 0
12 ec.gp.GPIndividual@1036350699{898603327} 5.0 19584.0 8387.0 1.3350423274114702 5 44 21.0 0.0 1.3350423274114702 0
12 ec.gp.GPIndividual@1036350699{898603327} 5.0 19584.0 14578.0 0.3433941555768967 5 44 21.0 0.0 0.3433941555768967 0
12 ec.gp.GPIndividual@1036350699{898603327} 5.0 19584.0 10861.0 0.803148881318479 5 44 21.0 0.0 0.803148881318479 0
12 ec.gp.GPIndividual@1036350699{898603327} 5.0 19584.0 8160.0 1.4 5 44 21.0 0.0 1.4 0
12 ec.gp.GPIndividual@1036350699{898603327} 5.0 19584.0 12802.0 0.52976097484768 5 44 21.0 0.0 0.52976097484768 0
12 ec.gp.GPIndividual@1036350699{898603327} 5.0 19584.0 10087.0 0.9415088728065827 5 44 21.0 0.0 0.9415088728065827 0
12 ec.gp.GPIndividual@1036350699{898603327} 5.0 19584.0 8317.0 1.3546952025970902 5 44 21.0 0.0 1.3546952025970902 0
13 ec.gp.GPIndividual@1362671855{-474469227} 1.0 82423.0 10054.0 0.4104833896956435 5 34 21.0 0.0 0.4104833896956435 0
13 ec.gp.GPIndividual@1942057956{-1499859158} 1.0 74660.0 10054.0 0.09568331012532326 13 ec.gp.GPIndividual@222735102{-1820895584} 5 34 21.0 0.0 2.0 0.09568331012532326 0
74660.0 10054.0 0.09568331012532326 5 38 21.0 0.0 0.09568331012532326 0
13 ec.gp.GPIndividual@1411799572{1971441147} 13 ec.gp.GPIndividual@700725673{336437462} 2.0 2.0 74382.0 10054.0 0.12333399641933558 74660.0 10054.0 0.09568331012532326 5 26 21.0 0.0 5 44 21.0 0.0 0.09568331012532326 0
0.12333399641933558 0
13 ec.gp.GPIndividual@1942057956{-1499859158} 0.0 74660.0 8387.0 0.08405866221533326 5 34 21.0 0.0 0.08405866221533326 0
13 ec.gp.GPIndividual@222735102{-1820895584} 0.0 74660.0 8387.0 0.08405866221533326 5 38 21.0 0.0 0.08405866221533326 0
13 ec.gp.GPIndividual@1362671855{-474469227} 1.0 78809.0 8387.0 0.07273160844163587 5 34 21.0 0.0 0.07273160844163587 0
13 ec.gp.GPIndividual@1362671855{-474469227} 1.0 88055.0 14578.0 0.5819042392646454 5 34 21.0 0.0 0.5819042392646454 0
13 ec.gp.GPIndividual@700725673{336437462} 2.0 74660.0 8387.0 0.08405866221533326 5 26 21.0 0.0 0.08405866221533326 0
13 ec.gp.GPIndividual@1942057956{-1499859158} 1.0 70800.0 14578.0 0.26629167238304297 5 34 21.0 0.0 0.26629167238304297 0
13 ec.gp.GPIndividual@222735102{-1820895584} 1.0 70800.0 14578.0 0.26629167238304297 5 38 21.0 0.0 0.26629167238304297 0
13 ec.gp.GPIndividual@1362671855{-474469227} 0.0 82860.0 10861.0 0.41405027161403185 5 34 21.0 0.0 0.41405027161403185 0
13 ec.gp.GPIndividual@1411799572{1971441147} 2.0 70142.0 8387.0 0.196852271372362 5 44 21.0 0.0 0.196852271372362 0
13 ec.gp.GPIndividual@1942057956{-1499859158} 1.0 74660.0 10861.0 0.16287634656109015 5 34 21.0 0.0 0.16287634656109015 0
13 ec.gp.GPIndividual@222735102{-1820895584} 1.0 74660.0 10861.0 0.16287634656109015 5 38 21.0 0.0 0.16287634656109015 0
13 ec.gp.GPIndividual@700725673{336437462} 2.0 70800.0 14578.0 0.26629167238304297 5 26 21.0 0.0 0.26629167238304297 0
13 ec.gp.GPIndividual@1411799572{1971441147} 2.0 74224.0 14578.0 0.4062285635889697 5 44 21.0 0.0 0.4062285635889697 0
13 ec.gp.GPIndividual@1942057956{-1499859158} 1.0 74660.0 8160.0 0.1142156862745098 5 34 21.0 0.0 0.1142156862745098 0
13 ec.gp.GPIndividual@222735102{-1820895584} 1.0 74660.0 8160.0 0.1142156862745098 5 38 21.0 0.0 0.1142156862745098 0
13 ec.gp.GPIndividual@700725673{336437462} 1.0 74660.0 10861.0 0.16287634656109015 5 26 21.0 0.0 0.16287634656109015 0
13 ec.gp.GPIndividual@1362671855{-474469227} 4.0 62222.0 8160.0 0.07083333333333333 5 34 21.0 0.0 0.07083333333333333 0
13 ec.gp.GPIndividual@1411799572{1971441147} 1.0 74382.0 10861.0 0.18847251634287818 5 44 21.0 0.0 0.18847251634287818 0
13 ec.gp.GPIndividual@1942057956{-1499859158} 1.0 75160.0 12802.0 0.2507420715513201 5 34 21.0 0.0 0.2507420715513201 0
13 ec.gp.GPIndividual@222735102{-1820895584} 1.0 75160.0 12802.0 0.2507420715513201 5 38 21.0 0.0 0.2507420715513201 0
13 ec.gp.GPIndividual@700725673{336437462} 1.0 74660.0 8160.0 0.1142156862745098 5 26 21.0 0.0 0.1142156862745098 0
13 ec.gp.GPIndividual@1942057956{-1499859158} 1.0 74660.0 10087.0 0.0986418161990681 5 34 21.0 0.0 0.0986418161990681 0
13 ec.gp.GPIndividual@222735102{-1820895584} 1.0 74660.0 10087.0 0.0986418161990681 5 38 21.0 0.0 0.0986418161990681 0
13 ec.gp.GPIndividual@1411799572{1971441147} 2.0 70142.0 12802.0 0.2301470588235294 13 ec.gp.GPIndividual@700725673{336437462} 5 44 21.0 0.0 0.0 0.2301470588235294 0
75160.0 12802.0 0.2507420715513201 5 26 21.0 0.0 0.2507420715513201 0
13 ec.gp.GPIndividual@1942057956{-1499859158} 0.0 74660.0 8317.0 0.09318263797042203 5 34 21.0 0.0 0.09318263797042203 0
13 ec.gp.GPIndividual@222735102{-1820895584} 0.0 74660.0 8317.0 0.09318263797042203 5 38 21.0 0.0 0.09318263797042203 0
13 ec.gp.GPIndividual@700725673{336437462} 2.0 74660.0 10087.0 0.0986418161990681 5 26 21.0 0.0 0.0986418161990681 0
13 ec.gp.GPIndividual@1487074055{377024328} 2.0 13 ec.gp.GPIndividual@1442013645{-1820895584} 74660.0 12802.0 0.09568331012532326 1.0 13 ec.gp.GPIndividual@1411799572{1971441147} 74660.0 12802.0 0.09568331012532326 5 36 21.0 0.0 5 34 21.0 0.0 2.0 0.09568331012532326 0
74382.0 12802.0 0.311513825964693 5 44 21.0 0.0 0.311513825964693 0
0.09568331012532326 0
13 ec.gp.GPIndividual@700725673{336437462} 1.0 74660.0 8317.0 0.09318263797042203 5 26 21.0 0.0 0.09318263797042203 0
13 ec.gp.GPIndividual@1362671855{-474469227} 6.0 52976.0 12802.0 0.2763630682705827 5 34 21.0 0.0 0.2763630682705827 0
13 ec.gp.GPIndividual@1411799572{1971441147} 1.0 74382.0 10087.0 0.12620204223257658 5 44 21.0 0.0 0.12620204223257658 0
13 ec.gp.GPIndividual@1442013645{-1820895584} 1.0 74660.0 8387.0 0.08405866221533326 5 34 21.0 0.0 0.08405866221533326 0
13 ec.gp.GPIndividual@1487074055{377024328} 1.0 74660.0 8387.0 0.08405866221533326 5 36 21.0 0.0 0.08405866221533326 0
13 ec.gp.GPIndividual@1099997956{-1864576049} 1.0 70142.0 10054.0 0.0015914064054107818 13 ec.gp.GPIndividual@1362671855{-474469227} 5 44 21.0 0.0 1.0 82824.0 10087.0 0.37265787647467036 5 34 21.0 0.0 0.37265787647467036 0
0.0015914064054107818 0
13 ec.gp.GPIndividual@1442013645{-1820895584} 2.0 70800.0 14578.0 0.26629167238304297 5 34 21.0 0.0 0.26629167238304297 0
13 ec.gp.GPIndividual@1411799572{1971441147} 2.0 74382.0 8317.0 0.059757123962967416 5 44 21.0 0.0 0.059757123962967416 0
13 ec.gp.GPIndividual@880187847{-1206783144} 0.0 109280.0 10054.0 1.0 1 1 21.0 0.0 1.0 0
13 ec.gp.GPIndividual@880187847{-1206783144} 0.0 109280.0 8387.0 1.0 1 1 21.0 0.0 1.0 0
13 ec.gp.GPIndividual@880187847{-1206783144} 0.0 109280.0 14578.0 1.0 1 1 21.0 0.0 1.0 0
13 ec.gp.GPIndividual@880187847{-1206783144} 0.0 109280.0 10861.0 1.0 1 1 21.0 0.0 1.0 0
13 ec.gp.GPIndividual@880187847{-1206783144} 0.0 109280.0 8160.0 1.0 1 1 21.0 0.0 1.0 0
13 ec.gp.GPIndividual@880187847{-1206783144} 0.0 109280.0 12802.0 1.0 1 1 21.0 0.0 1.0 0
13 ec.gp.GPIndividual@880187847{-1206783144} 0.0 109280.0 10087.0 1.0 1 1 21.0 0.0 1.0 0
13 ec.gp.GPIndividual@880187847{-1206783144} 0.0 109280.0 8317.0 1.0 1 1 21.0 0.0 1.0 0
13 ec.gp.GPIndividual@1487074055{377024328} 3.0 70800.0 14578.0 0.26629167238304297 5 36 21.0 0.0 0.26629167238304297 0
13 ec.gp.GPIndividual@1442013645{-1820895584} 1.0 74660.0 10861.0 0.16287634656109015 5 34 21.0 0.0 0.16287634656109015 0
13 ec.gp.GPIndividual@1099997956{-1864576049} 2.0 65874.0 8387.0 0.3394539167759628 5 44 21.0 0.0 0.3394539167759628 0
13 ec.gp.GPIndividual@1362671855{-474469227} 2.0 67361.0 8317.0 0.12744980161115788 5 34 21.0 0.0 0.12744980161115788 0
13 ec.gp.GPIndividual@1487074055{377024328} 0.0 74660.0 10861.0 0.16287634656109015 5 36 21.0 0.0 0.16287634656109015 0
13 ec.gp.GPIndividual@1442013645{-1820895584} 0.0 74660.0 8160.0 0.1142156862745098 5 34 21.0 0.0 0.1142156862745098 0
13 ec.gp.GPIndividual@1442013645{-1820895584} 1.0 75160.0 12802.0 0.2507420715513201 5 34 21.0 0.0 0.2507420715513201 0
13 ec.gp.GPIndividual@377487752{-1697486000} 1.0 74660.0 10054.0 0.09568331012532326 5 28 21.0 0.0 0.09568331012532326 0
13 ec.gp.GPIndividual@1099997956{-1864576049} 1.0 65950.0 14578.0 0.22417341199067087 5 44 21.0 0.0 0.22417341199067087 0
13 ec.gp.GPIndividual@1487074055{377024328} 1.0 74660.0 8160.0 0.1142156862745098 5 36 21.0 0.0 0.1142156862745098 0
13 ec.gp.GPIndividual@1442013645{-1820895584} 0.0 74660.0 10087.0 0.0986418161990681 5 34 21.0 0.0 0.0986418161990681 0
13 ec.gp.GPIndividual@377487752{-1697486000} 0.0 74660.0 8387.0 0.08405866221533326 5 28 21.0 0.0 0.08405866221533326 0
13 ec.gp.GPIndividual@1442013645{-1820895584} 0.0 74660.0 8317.0 0.09318263797042203 5 34 21.0 0.0 0.09318263797042203 0
13 ec.gp.GPIndividual@1487074055{377024328} 1.0 75160.0 12802.0 0.2507420715513201 5 36 21.0 0.0 0.2507420715513201 0
13 ec.gp.GPIndividual@1099997956{-1864576049} 1.0 70142.0 10861.0 0.07577571126047325 5 44 21.0 0.0 0.07577571126047325 0
13 ec.gp.GPIndividual@377487752{-1697486000} 1.0 70800.0 14578.0 0.26629167238304297 5 28 21.0 0.0 0.26629167238304297 0
13 ec.gp.GPIndividual@1145190690{-238271275} 0.0 74660.0 10054.0 0.09568331012532326 5 36 21.0 0.0 0.09568331012532326 0
13 ec.gp.GPIndividual@1487074055{377024328} 1.0 74660.0 10087.0 0.0986418161990681 5 36 21.0 0.0 0.0986418161990681 0
13 ec.gp.GPIndividual@377487752{-1697486000} 0.0 74660.0 10861.0 0.16287634656109015 5 28 21.0 0.0 0.16287634656109015 0
13 ec.gp.GPIndividual@1487074055{377024328} 0.0 74660.0 8317.0 0.09318263797042203 5 36 21.0 0.0 0.09318263797042203 0
13 ec.gp.GPIndividual@1145190690{-238271275} 0.0 74660.0 8160.0 0.08405866221533326 13 ec.gp.GPIndividual@1099997956{-1864576049} 5 36 21.0 0.0 1.0 0.08405866221533326 0
65874.0 8160.0 0.3767156862745098 5 44 21.0 0.0 0.3767156862745098 0
13 ec.gp.GPIndividual@377487752{-1697486000} 0.0 74660.0 8160.0 0.1142156862745098 5 28 21.0 0.0 0.1142156862745098 0
13 ec.gp.GPIndividual@377487752{-1697486000} 0.0 75160.0 12802.0 0.2507420715513201 5 28 21.0 0.0 0.2507420715513201 0
13 ec.gp.GPIndividual@1099997956{-1864576049} 0.0 70142.0 12802.0 0.21590376503671302 5 44 21.0 0.0 0.21590376503671302 0
13 ec.gp.GPIndividual@377487752{-1697486000} 0.0 74660.0 10087.0 0.0986418161990681 5 28 21.0 0.0 0.0986418161990681 0
13 ec.gp.GPIndividual@1145190690{-238271275} 1.0 70800.0 14578.0 0.26629167238304297 5 36 21.0 0.0 0.26629167238304297 0
13 ec.gp.GPIndividual@1099997956{-1864576049} 0.0 70142.0 10087.0 0.004857737682165163 5 44 21.0 0.0 0.004857737682165163 0
13 ec.gp.GPIndividual@377487752{-1697486000} 0.0 74660.0 8317.0 0.09318263797042203 5 28 21.0 0.0 0.09318263797042203 0
13 ec.gp.GPIndividual@1145190690{-238271275} 0.0 74660.0 10861.0 0.16287634656109015 5 36 21.0 0.0 0.16287634656109015 0
13 ec.gp.GPIndividual@1145190690{-238271275} 0.0 74660.0 8160.0 0.1142156862745098 5 36 21.0 0.0 0.1142156862745098 0
13 ec.gp.GPIndividual@1099997956{-1864576049} 0.0 65874.0 8317.0 0.3507274257544788 5 44 21.0 0.0 0.3507274257544788 0
13 ec.gp.GPIndividual@1145190690{-238271275} 0.0 75160.0 12802.0 0.2507420715513201 5 36 21.0 0.0 0.2507420715513201 0
13 ec.gp.GPIndividual@1145190690{-238271275} 0.0 74660.0 10087.0 0.0986418161990681 5 36 21.0 0.0 0.0986418161990681 0
13 ec.gp.GPIndividual@1145190690{-238271275} 0.0 74660.0 8317.0 0.09318263797042203 5 36 21.0 0.0 0.09318263797042203 0
14 ec.gp.GPIndividual@626621312{1654750642} 0.0 95798.0 10054.0 0.710562960015914 5 26 21.0 0.0 0.710562960015914 0
14 ec.gp.GPIndividual@626621312{1654750642} 0.0 95623.0 8387.0 0.6739000834625015 5 26 21.0 0.0 0.6739000834625015 0
14 ec.gp.GPIndividual@626621312{1654750642} 0.0 97094.0 14578.0 0.7114830566607216 5 26 21.0 0.0 0.7114830566607216 0
14 ec.gp.GPIndividual@626621312{1654750642} 0.0 97094.0 10861.0 0.6127428413589909 5 26 21.0 0.0 0.6127428413589909 0
14 ec.gp.GPIndividual@626621312{1654750642} 0.0 95623.0 8160.0 0.664828431372549 5 26 21.0 0.0 0.664828431372549 0
14 ec.gp.GPIndividual@626621312{1654750642} 0.0 97094.0 12802.0 0.6714575847523825 5 26 21.0 0.0 0.6714575847523825 0
14 ec.gp.GPIndividual@626621312{1654750642} 0.0 97094.0 10087.0 0.5830276593635372 5 26 21.0 0.0 0.5830276593635372 0
14 ec.gp.GPIndividual@1387691885{959435520} 1.0 74660.0 10054.0 0.09568331012532326 5 30 21.0 0.0 0.09568331012532326 0
14 ec.gp.GPIndividual@626621312{1654750642} 0.0 95623.0 8317.0 0.6711554647108332 5 26 21.0 0.0 0.6711554647108332 0
14 ec.gp.GPIndividual@92861987{815515553} 1.0 79424.0 10054.0 0.16530734036204495 5 34 21.0 0.0 0.16530734036204495 0
14 ec.gp.GPIndividual@1397612616{2015668260} 2.0 74660.0 10054.0 0.09568331012532326 5 36 21.0 0.0 0.09568331012532326 0
14 ec.gp.GPIndividual@1147635780{498044688} 2.0 74660.0 10054.0 0.09568331012532326 5 32 21.0 0.0 0.09568331012532326 0
14 ec.gp.GPIndividual@1387691885{959435520} 1.0 74660.0 8387.0 0.08405866221533326 5 30 21.0 0.0 0.08405866221533326 0
14 ec.gp.GPIndividual@92861987{815515553} 1.0 79424.0 8387.0 5.961607249314415E-4 5 34 21.0 0.0 5.961607249314415E-4 0
14 ec.gp.GPIndividual@1147635780{498044688} 1.0 14 ec.gp.GPIndividual@1397612616{2015668260} 2.0 74660.0 8387.0 0.08405866221533326 74660.0 8387.0 0.08405866221533326 5 32 21.0 0.0 5 36 21.0 0.0 0.08405866221533326 0
0.08405866221533326 0
14 ec.gp.GPIndividual@92861987{815515553} 0.0 79832.0 14578.0 0.3963506653861984 5 34 21.0 0.0 0.3963506653861984 0
14 ec.gp.GPIndividual@719049106{462190193} 3.0 14 ec.gp.GPIndividual@1387691885{959435520} 1.0 70800.0 14578.0 0.26629167238304297 5 30 21.0 0.0 0.26629167238304297 0
14792.0 10054.0 0.47125522180226775 5 36 21.0 0.0 0.47125522180226775 0
14 ec.gp.GPIndividual@92861987{815515553} 1.0 79424.0 10861.0 0.22732713378141975 5 34 21.0 0.0 0.22732713378141975 0
14 ec.gp.GPIndividual@1387691885{959435520} 1.0 74660.0 10861.0 0.16287634656109015 5 30 21.0 0.0 0.16287634656109015 0
14 ec.gp.GPIndividual@1397612616{2015668260} 1.0 70800.0 14578.0 0.26629167238304297 5 36 21.0 0.0 0.26629167238304297 0
14 ec.gp.GPIndividual@1147635780{498044688} 1.0 70800.0 14578.0 0.26629167238304297 5 32 21.0 0.0 0.26629167238304297 0
14 ec.gp.GPIndividual@92861987{815515553} 0.0 79424.0 8160.0 0.028431372549019607 5 34 21.0 0.0 0.028431372549019607 0
14 ec.gp.GPIndividual@719049106{462190193} 1.0 14845.0 8387.0 0.7700011923214498 5 36 21.0 0.0 0.7700011923214498 0
14 ec.gp.GPIndividual@1387691885{959435520} 0.0 74660.0 8160.0 0.1142156862745098 5 30 21.0 0.0 0.1142156862745098 0
14 ec.gp.GPIndividual@1397612616{2015668260} 0.0 74660.0 10861.0 0.16287634656109015 5 36 21.0 0.0 0.16287634656109015 0
14 ec.gp.GPIndividual@92861987{815515553} 0.0 79678.0 12802.0 0.3246367755038275 5 34 21.0 0.0 0.3246367755038275 0
14 ec.gp.GPIndividual@1147635780{498044688} 1.0 74660.0 10861.0 0.16287634656109015 5 32 21.0 0.0 0.16287634656109015 0
14 ec.gp.GPIndividual@1387691885{959435520} 1.0 75160.0 12802.0 0.2507420715513201 5 30 21.0 0.0 0.2507420715513201 0
14 ec.gp.GPIndividual@92861987{815515553} 1.0 79424.0 10087.0 0.16803806880142758 14 ec.gp.GPIndividual@1397612616{2015668260} 5 34 21.0 0.0 1.0 0.16803806880142758 0
74660.0 8160.0 0.1142156862745098 5 36 21.0 0.0 0.1142156862745098 0
14 ec.gp.GPIndividual@1147635780{498044688} 1.0 74660.0 8160.0 0.1142156862745098 5 32 21.0 0.0 0.1142156862745098 0
14 ec.gp.GPIndividual@1387691885{959435520} 0.0 74660.0 10087.0 0.0986418161990681 5 30 21.0 0.0 0.0986418161990681 0
14 ec.gp.GPIndividual@92861987{815515553} 0.0 79424.0 8317.0 0.009017674642298907 5 34 21.0 0.0 0.009017674642298907 0
14 ec.gp.GPIndividual@1397612616{2015668260} 0.0 75160.0 12802.0 0.2507420715513201 5 36 21.0 0.0 0.2507420715513201 0
14 ec.gp.GPIndividual@719049106{462190193} 2.0 16307.0 14578.0 0.11860337494855261 5 36 21.0 0.0 0.11860337494855261 0
14 ec.gp.GPIndividual@1147635780{498044688} 0.0 75160.0 12802.0 0.2507420715513201 5 32 21.0 0.0 0.2507420715513201 0
14 ec.gp.GPIndividual@1387691885{959435520} 0.0 74660.0 8317.0 0.09318263797042203 5 30 21.0 0.0 0.09318263797042203 0
14 ec.gp.GPIndividual@1397612616{2015668260} 1.0 74660.0 10087.0 0.0986418161990681 5 36 21.0 0.0 0.0986418161990681 0
14 ec.gp.GPIndividual@1147635780{498044688} 0.0 74660.0 10087.0 0.0986418161990681 5 32 21.0 0.0 0.0986418161990681 0
14 ec.gp.GPIndividual@719049106{462190193} 1.0 15198.0 10861.0 0.39931866310652797 5 36 21.0 0.0 0.39931866310652797 0
14 ec.gp.GPIndividual@1397612616{2015668260} 14 ec.gp.GPIndividual@1147635780{498044688} 0.0 0.0 74660.0 8317.0 0.09318263797042203 74660.0 8317.0 0.09318263797042203 5 36 21.0 0.0 5 32 21.0 0.0 0.09318263797042203 0
0.09318263797042203 0
14 ec.gp.GPIndividual@1723982369{-840972185} 0.0 94430.0 10054.0 0.8466282076785359 5 26 21.0 0.0 0.8466282076785359 0
14 ec.gp.GPIndividual@1723982369{-840972185} 0.0 94430.0 8387.0 0.8161440324311434 5 26 21.0 0.0 0.8161440324311434 0
14 ec.gp.GPIndividual@1723982369{-840972185} 0.0 91172.0 14578.0 0.7429002606667582 5 26 21.0 0.0 0.7429002606667582 0
14 ec.gp.GPIndividual@1723982369{-840972185} 0.0 91406.0 10861.0 0.6333670932694964 5 26 21.0 0.0 0.6333670932694964 0
14 ec.gp.GPIndividual@1723982369{-840972185} 0.0 94339.0 8160.0 0.8221813725490196 5 26 21.0 0.0 0.8221813725490196 0
14 ec.gp.GPIndividual@1723982369{-840972185} 0.0 91406.0 12802.0 0.6889548508045618 5 26 21.0 0.0 0.6889548508045618 0
14 ec.gp.GPIndividual@1723982369{-840972185} 0.0 94463.0 10087.0 0.8438584316446912 5 26 21.0 0.0 0.8438584316446912 0
14 ec.gp.GPIndividual@1723982369{-840972185} 0.0 94339.0 8317.0 0.8255380545869905 5 26 21.0 0.0 0.8255380545869905 0
14 ec.gp.GPIndividual@719049106{462190193} 0.0 14845.0 8160.0 0.8192401960784313 5 36 21.0 0.0 0.8192401960784313 0
14 ec.gp.GPIndividual@719049106{462190193} 0.0 16227.0 12802.0 0.2675363224496172 5 36 21.0 0.0 0.2675363224496172 0
14 ec.gp.GPIndividual@719049106{462190193} 0.0 13907.0 10087.0 0.3787052642014474 5 36 21.0 0.0 0.3787052642014474 0
14 ec.gp.GPIndividual@719049106{462190193} 0.0 14839.0 8317.0 0.7841769868943128 5 36 21.0 0.0 0.7841769868943128 0
14 ec.gp.GPIndividual@1043397606{661371356} 0.0 83664.0 10054.0 0.28704993037596976 5 34 21.0 0.0 0.28704993037596976 0
14 ec.gp.GPIndividual@1043397606{661371356} 0.0 83664.0 8387.0 0.14534398473828544 5 34 21.0 0.0 0.14534398473828544 0
14 ec.gp.GPIndividual@1043397606{661371356} 0.0 83918.0 14578.0 0.49087666346549597 5 34 21.0 0.0 0.49087666346549597 0
14 ec.gp.GPIndividual@1043397606{661371356} 0.0 83664.0 10861.0 0.3400239388638247 5 34 21.0 0.0 0.3400239388638247 0
14 ec.gp.GPIndividual@1043397606{661371356} 0.0 83664.0 8160.0 0.12156862745098039 5 34 21.0 0.0 0.12156862745098039 0
14 ec.gp.GPIndividual@1043397606{661371356} 0.0 83918.0 12802.0 0.42024683643180755 5 34 21.0 0.0 0.42024683643180755 0
14 ec.gp.GPIndividual@1043397606{661371356} 0.0 83664.0 10087.0 0.28938237335183903 5 34 21.0 0.0 0.28938237335183903 0
14 ec.gp.GPIndividual@1043397606{661371356} 0.0 83664.0 8317.0 0.13815077552001923 5 34 21.0 0.0 0.13815077552001923 0
15 ec.gp.GPIndividual@837038116{-1915029675} 0.0 97094.0 10054.0 0.5816590411776408 5 22 21.0 0.0 0.5816590411776408 0
15 ec.gp.GPIndividual@673849833{1654750642} 15 ec.gp.GPIndividual@837038116{-1915029675} 0.0 0.0 95798.0 8387.0 0.710562960015914 97094.0 8387.0 0.4985095981876714 5 26 21.0 0.0 5 22 21.0 0.0 0.710562960015914 0
15 ec.gp.GPIndividual@510128974{767948132} 0.4985095981876714 0
0.0 88682.0 10054.0 0.3314103839267953 5 30 21.0 0.0 0.3314103839267953 0
15 ec.gp.GPIndividual@837038116{-1915029675} 0.0 97094.0 14578.0 0.7114830566607216 5 22 21.0 0.0 0.7114830566607216 0
15 ec.gp.GPIndividual@673849833{1654750642} 0.0 95623.0 8387.0 0.6739000834625015 5 26 21.0 0.0 0.6739000834625015 0
15 ec.gp.GPIndividual@837038116{-1915029675} 0.0 97094.0 10861.0 0.6127428413589909 5 22 21.0 0.0 0.6127428413589909 0
15 ec.gp.GPIndividual@673849833{1654750642} 0.0 97094.0 14578.0 0.7114830566607216 5 26 21.0 0.0 0.7114830566607216 0
15 ec.gp.GPIndividual@510128974{767948132} 0.0 88682.0 8387.0 0.19852152140217003 5 30 21.0 0.0 0.19852152140217003 0
15 ec.gp.GPIndividual@837038116{-1915029675} 0.0 15 ec.gp.GPIndividual@673849833{1654750642} 97094.0 8160.0 0.48455882352941176 0.0 5 22 21.0 0.0 97094.0 10861.0 0.6127428413589909 0.48455882352941176 0
5 26 21.0 0.0 0.6127428413589909 0
15 ec.gp.GPIndividual@837038116{-1915029675} 0.0 97094.0 12802.0 0.6714575847523825 5 22 21.0 0.0 0.6714575847523825 0
15 ec.gp.GPIndividual@510128974{767948132} 0.0 88682.0 14578.0 0.538894224173412 5 30 21.0 0.0 0.538894224173412 0
15 ec.gp.GPIndividual@837038116{-1915029675} 0.0 97094.0 10087.0 0.5830276593635372 5 22 21.0 0.0 0.5830276593635372 0
15 ec.gp.GPIndividual@837038116{-1915029675} 0.0 97094.0 8317.0 0.49428880605987735 5 22 21.0 0.0 0.49428880605987735 0
15 ec.gp.GPIndividual@673849833{1654750642} 0.0 95623.0 8160.0 0.664828431372549 5 26 21.0 0.0 0.664828431372549 0
15 ec.gp.GPIndividual@510128974{767948132} 0.0 88682.0 10861.0 0.38108829757849183 5 30 21.0 0.0 0.38108829757849183 0
15 ec.gp.GPIndividual@673849833{1654750642} 0.0 97094.0 12802.0 0.6714575847523825 5 26 21.0 0.0 0.6714575847523825 0
15 ec.gp.GPIndividual@1780428447{-238271275} 0.0 74660.0 10054.0 0.09568331012532326 5 36 21.0 0.0 0.09568331012532326 0
15 ec.gp.GPIndividual@673849833{1654750642} 0.0 97094.0 10087.0 0.5830276593635372 5 26 21.0 0.0 0.5830276593635372 0
15 ec.gp.GPIndividual@510128974{767948132} 0.0 88682.0 8160.0 0.17622549019607844 5 30 21.0 0.0 0.17622549019607844 0
15 ec.gp.GPIndividual@673849833{1654750642} 0.0 95623.0 8317.0 0.6711554647108332 5 26 21.0 0.0 0.6711554647108332 0
15 ec.gp.GPIndividual@510128974{767948132} 0.0 88682.0 12802.0 0.47492579284486797 5 30 21.0 0.0 0.47492579284486797 0
15 ec.gp.GPIndividual@1291720705{-661441311} 1.0 71110.0 10054.0 0.09468868112194151 5 32 21.0 0.0 0.09468868112194151 0
15 ec.gp.GPIndividual@510128974{767948132} 0.0 88682.0 10087.0 0.33359770000991373 5 30 21.0 0.0 0.33359770000991373 0
15 ec.gp.GPIndividual@510128974{767948132} 0.0 88682.0 8317.0 0.1917758807262234 5 30 21.0 0.0 0.1917758807262234 0
15 ec.gp.GPIndividual@1780428447{-238271275} 1.0 74660.0 8387.0 0.08405866221533326 5 36 21.0 0.0 0.08405866221533326 0
15 ec.gp.GPIndividual@1291720705{-661441311} 1.0 71110.0 8387.0 0.31226898771908906 5 32 21.0 0.0 0.31226898771908906 0
15 ec.gp.GPIndividual@1291720705{-661441311} 0.0 78666.0 14578.0 0.4763342022225271 5 32 21.0 0.0 0.4763342022225271 0
15 ec.gp.GPIndividual@1780428447{-238271275} 0.0 70800.0 14578.0 0.26629167238304297 5 36 21.0 0.0 0.26629167238304297 0
15 ec.gp.GPIndividual@1780428447{-238271275} 0.0 74660.0 10861.0 0.16287634656109015 5 36 21.0 0.0 0.16287634656109015 0
15 ec.gp.GPIndividual@1291720705{-661441311} 0.0 71110.0 10861.0 0.013350520209925422 5 32 21.0 0.0 0.013350520209925422 0
15 ec.gp.GPIndividual@1780428447{-238271275} 0.0 74660.0 8160.0 0.1142156862745098 5 36 21.0 0.0 0.1142156862745098 0
15 ec.gp.GPIndividual@1291720705{-661441311} 0.0 70392.0 8160.0 0.2607843137254902 5 32 21.0 0.0 0.2607843137254902 0
15 ec.gp.GPIndividual@1780428447{-238271275} 0.0 75160.0 12802.0 0.2507420715513201 5 36 21.0 0.0 0.2507420715513201 0
15 ec.gp.GPIndividual@1291720705{-661441311} 0.0 78900.0 12802.0 0.3854085299172004 5 32 21.0 0.0 0.3854085299172004 0
15 ec.gp.GPIndividual@1780428447{-238271275} 0.0 74660.0 10087.0 0.0986418161990681 5 36 21.0 0.0 0.0986418161990681 0
15 ec.gp.GPIndividual@1291720705{-661441311} 0.0 71110.0 10087.0 0.09110736591652623 5 32 21.0 0.0 0.09110736591652623 0
15 ec.gp.GPIndividual@1780428447{-238271275} 0.0 74660.0 8317.0 0.09318263797042203 5 36 21.0 0.0 0.09318263797042203 0
15 ec.gp.GPIndividual@606918424{498044688} 0.0 74660.0 10054.0 0.09568331012532326 5 32 21.0 0.0 0.09568331012532326 0
15 ec.gp.GPIndividual@1291720705{-661441311} 0.0 70392.0 8317.0 0.23698448959961524 5 32 21.0 0.0 0.23698448959961524 0
15 ec.gp.GPIndividual@606918424{498044688} 0.0 74660.0 8387.0 0.08405866221533326 5 32 21.0 0.0 0.08405866221533326 0
15 ec.gp.GPIndividual@606918424{498044688} 0.0 70800.0 14578.0 0.26629167238304297 5 32 21.0 0.0 0.26629167238304297 0
15 ec.gp.GPIndividual@606918424{498044688} 0.0 74660.0 10861.0 0.16287634656109015 5 32 21.0 0.0 0.16287634656109015 0
15 ec.gp.GPIndividual@606918424{498044688} 0.0 74660.0 8160.0 0.1142156862745098 5 32 21.0 0.0 0.1142156862745098 0
15 ec.gp.GPIndividual@606918424{498044688} 0.0 75160.0 12802.0 0.2507420715513201 5 32 21.0 0.0 0.2507420715513201 0
15 ec.gp.GPIndividual@606918424{498044688} 0.0 74660.0 10087.0 0.0986418161990681 5 32 21.0 0.0 0.0986418161990681 0
15 ec.gp.GPIndividual@606918424{498044688} 0.0 74660.0 8317.0 0.09318263797042203 5 32 21.0 0.0 0.09318263797042203 0
15 ec.gp.GPIndividual@1467235062{711887999} 17.0 19584.0 10054.0 0.9478814402227969 5 36 21.0 0.0 0.9478814402227969 0
15 ec.gp.GPIndividual@1151555522{1939632104} 11.0 19584.0 10054.0 0.9478814402227969 5 32 21.0 0.0 0.9478814402227969 0
15 ec.gp.GPIndividual@1151555522{1939632104} 10.0 19584.0 8387.0 1.3350423274114702 5 32 21.0 0.0 1.3350423274114702 0
15 ec.gp.GPIndividual@1467235062{711887999} 16.0 19584.0 8387.0 1.3350423274114702 5 36 21.0 0.0 1.3350423274114702 0
15 ec.gp.GPIndividual@1151555522{1939632104} 13.0 19584.0 14578.0 0.3433941555768967 5 32 21.0 0.0 0.3433941555768967 0
15 ec.gp.GPIndividual@1467235062{711887999} 14.0 19584.0 14578.0 0.3433941555768967 5 36 21.0 0.0 0.3433941555768967 0
15 ec.gp.GPIndividual@1151555522{1939632104} 10.0 19584.0 10861.0 0.803148881318479 5 32 21.0 0.0 0.803148881318479 0
15 ec.gp.GPIndividual@1151555522{1939632104} 10.0 19584.0 8160.0 1.4 5 32 21.0 0.0 1.4 0
15 ec.gp.GPIndividual@1467235062{711887999} 16.0 19584.0 10861.0 0.803148881318479 5 36 21.0 0.0 0.803148881318479 0
15 ec.gp.GPIndividual@1151555522{1939632104} 10.0 19584.0 12802.0 0.52976097484768 5 32 21.0 0.0 0.52976097484768 0
15 ec.gp.GPIndividual@1467235062{711887999} 17.0 19584.0 8160.0 1.4 5 36 21.0 0.0 1.4 0
15 ec.gp.GPIndividual@1151555522{1939632104} 10.0 19584.0 10087.0 0.9415088728065827 5 32 21.0 0.0 0.9415088728065827 0
15 ec.gp.GPIndividual@1151555522{1939632104} 10.0 19584.0 8317.0 1.3546952025970902 5 32 21.0 0.0 1.3546952025970902 0
15 ec.gp.GPIndividual@1467235062{711887999} 12.0 19584.0 12802.0 0.52976097484768 5 36 21.0 0.0 0.52976097484768 0
15 ec.gp.GPIndividual@1467235062{711887999} 14.0 19584.0 10087.0 0.9415088728065827 5 36 21.0 0.0 0.9415088728065827 0
15 ec.gp.GPIndividual@1467235062{711887999} 16.0 19584.0 8317.0 1.3546952025970902 5 36 21.0 0.0 1.3546952025970902 0
15 ec.gp.GPIndividual@1472997758{-646088827} 0.0 82693.0 10054.0 0.38362840660433656 5 36 21.0 0.0 0.38362840660433656 0
15 ec.gp.GPIndividual@1472997758{-646088827} 0.0 82693.0 8387.0 0.2611183975199714 5 36 21.0 0.0 0.2611183975199714 0
15 ec.gp.GPIndividual@1472997758{-646088827} 0.0 83480.0 14578.0 0.520921937165592 5 36 21.0 0.0 0.520921937165592 0
15 ec.gp.GPIndividual@1472997758{-646088827} 0.0 82693.0 10861.0 0.42942638799373906 5 36 21.0 0.0 0.42942638799373906 0
15 ec.gp.GPIndividual@1472997758{-646088827} 0.0 82693.0 8160.0 0.24056372549019608 5 36 21.0 0.0 0.24056372549019608 0
15 ec.gp.GPIndividual@1472997758{-646088827} 0.0 82940.0 12802.0 0.4966411498203406 5 36 21.0 0.0 0.4966411498203406 0
15 ec.gp.GPIndividual@1472997758{-646088827} 0.0 82693.0 10087.0 0.38564488946168335 5 36 21.0 0.0 0.38564488946168335 0
15 ec.gp.GPIndividual@1472997758{-646088827} 0.0 82693.0 8317.0 0.25489960322231575 5 36 21.0 0.0 0.25489960322231575 0
16 ec.gp.GPIndividual@1178720791{49179420} 0.0 94430.0 10054.0 0.8466282076785359 5 24 21.0 0.0 0.8466282076785359 0
16 ec.gp.GPIndividual@1178720791{49179420} 0.0 94430.0 8387.0 0.8161440324311434 5 24 21.0 0.0 0.8161440324311434 0
16 ec.gp.GPIndividual@1178720791{49179420} 0.0 91172.0 14578.0 0.7429002606667582 5 24 21.0 0.0 0.7429002606667582 0
16 ec.gp.GPIndividual@1178720791{49179420} 0.0 91406.0 10861.0 0.6333670932694964 5 24 21.0 0.0 0.6333670932694964 0
16 ec.gp.GPIndividual@1368523086{1860310388} 3.0 16 ec.gp.GPIndividual@1178720791{49179420} 0.0 74660.0 8160.0 0.09568331012532326 94339.0 8160.0 0.8221813725490196 5 36 21.0 0.0 5 24 21.0 0.0 0.09568331012532326 0
0.8221813725490196 0
16 ec.gp.GPIndividual@259447986{374642024} 3.0 74660.0 10054.0 0.09568331012532326 5 34 21.0 0.0 0.09568331012532326 0
16 ec.gp.GPIndividual@798076523{508137473} 3.0 75160.0 10054.0 0.045951859956236324 5 30 21.0 0.0 0.045951859956236324 0
16 ec.gp.GPIndividual@1178720791{49179420} 0.0 91406.0 12802.0 0.6889548508045618 5 24 21.0 0.0 0.6889548508045618 0
16 ec.gp.GPIndividual@1178720791{49179420} 0.0 94463.0 10087.0 0.8438584316446912 5 24 21.0 0.0 0.8438584316446912 0
16 ec.gp.GPIndividual@1285699470{629532477} 3.0 74660.0 10054.0 0.09568331012532326 5 36 21.0 0.0 0.09568331012532326 0
16 ec.gp.GPIndividual@1178720791{49179420} 0.0 94339.0 8317.0 0.8255380545869905 5 24 21.0 0.0 0.8255380545869905 0
16 ec.gp.GPIndividual@1368523086{1860310388} 1.0 74660.0 8387.0 0.08405866221533326 5 36 21.0 0.0 0.08405866221533326 0
16 ec.gp.GPIndividual@259447986{374642024} 1.0 74660.0 8387.0 0.08405866221533326 5 34 21.0 0.0 0.08405866221533326 0
16 ec.gp.GPIndividual@798076523{508137473} 1.0 75160.0 8387.0 0.14367473470847741 5 30 21.0 0.0 0.14367473470847741 0
16 ec.gp.GPIndividual@845337612{-2105418063} 1.0 74660.0 10054.0 0.09568331012532326 5 32 21.0 0.0 0.09568331012532326 0
16 ec.gp.GPIndividual@1285699470{629532477} 1.0 74660.0 8387.0 0.08405866221533326 5 36 21.0 0.0 0.08405866221533326 0
16 ec.gp.GPIndividual@1368523086{1860310388} 1.0 70800.0 14578.0 0.26629167238304297 5 36 21.0 0.0 0.26629167238304297 0
16 ec.gp.GPIndividual@798076523{508137473} 1.0 79222.0 14578.0 0.43819453971738237 5 30 21.0 0.0 0.43819453971738237 0
16 ec.gp.GPIndividual@259447986{374642024} 1.0 70800.0 14578.0 0.26629167238304297 5 34 21.0 0.0 0.26629167238304297 0
16 ec.gp.GPIndividual@845337612{-2105418063} 0.0 74660.0 8387.0 0.08405866221533326 5 32 21.0 0.0 0.08405866221533326 0
16 ec.gp.GPIndividual@1368523086{1860310388} 0.0 74660.0 10861.0 0.16287634656109015 5 36 21.0 0.0 0.16287634656109015 0
16 ec.gp.GPIndividual@798076523{508137473} 0.0 75160.0 10861.0 0.1168400699751404 5 30 21.0 0.0 0.1168400699751404 0
16 ec.gp.GPIndividual@1285699470{629532477} 1.0 70800.0 14578.0 0.26629167238304297 5 36 21.0 0.0 0.26629167238304297 0
16 ec.gp.GPIndividual@798076523{508137473} 0.0 78900.0 8160.0 0.035784313725490194 5 30 21.0 0.0 0.035784313725490194 0
16 ec.gp.GPIndividual@1368523086{1860310388} 0.0 74660.0 8160.0 0.1142156862745098 5 36 21.0 0.0 0.1142156862745098 0
16 ec.gp.GPIndividual@259447986{374642024} 1.0 74660.0 10861.0 0.16287634656109015 5 34 21.0 0.0 0.16287634656109015 0
16 ec.gp.GPIndividual@845337612{-2105418063} 1.0 70800.0 14578.0 0.26629167238304297 5 32 21.0 0.0 0.26629167238304297 0
16 ec.gp.GPIndividual@798076523{508137473} 1.0 79400.0 12802.0 0.34635213247930013 5 30 21.0 0.0 0.34635213247930013 0
16 ec.gp.GPIndividual@1368523086{1860310388} 1.0 75160.0 12802.0 0.2507420715513201 5 36 21.0 0.0 0.2507420715513201 0
16 ec.gp.GPIndividual@1285699470{629532477} 1.0 74660.0 10861.0 0.16287634656109015 5 36 21.0 0.0 0.16287634656109015 0
16 ec.gp.GPIndividual@259447986{374642024} 1.0 74660.0 8160.0 0.1142156862745098 5 34 21.0 0.0 0.1142156862745098 0
16 ec.gp.GPIndividual@845337612{-2105418063} 1.0 74660.0 10861.0 0.16287634656109015 5 32 21.0 0.0 0.16287634656109015 0
16 ec.gp.GPIndividual@1368523086{1860310388} 1.0 74660.0 10087.0 0.0986418161990681 5 36 21.0 0.0 0.0986418161990681 0
16 ec.gp.GPIndividual@798076523{508137473} 1.0 75160.0 10087.0 0.04907306434023991 5 30 21.0 0.0 0.04907306434023991 0
16 ec.gp.GPIndividual@259447986{374642024} 1.0 75160.0 12802.0 0.2507420715513201 5 34 21.0 0.0 0.2507420715513201 0
16 ec.gp.GPIndividual@1285699470{629532477} 1.0 74660.0 8160.0 0.1142156862745098 5 36 21.0 0.0 0.1142156862745098 0
16 ec.gp.GPIndividual@1368523086{1860310388} 0.0 74660.0 8317.0 0.09318263797042203 5 36 21.0 0.0 0.09318263797042203 0
16 ec.gp.GPIndividual@798076523{508137473} 16 ec.gp.GPIndividual@845337612{-2105418063} 0.0 1.0 78900.0 8160.0 0.05398581219189612 74660.0 8160.0 0.1142156862745098 5 30 21.0 0.0 5 32 21.0 0.0 0.05398581219189612 0
0.1142156862745098 0
16 ec.gp.GPIndividual@259447986{374642024} 0.0 74660.0 10087.0 0.0986418161990681 5 34 21.0 0.0 0.0986418161990681 0
16 ec.gp.GPIndividual@1285699470{629532477} 0.0 75160.0 12802.0 0.2507420715513201 5 36 21.0 0.0 0.2507420715513201 0
16 ec.gp.GPIndividual@1843524756{-1196170962} 0.0 74660.0 10054.0 0.09568331012532326 5 30 21.0 0.0 0.09568331012532326 0
16 ec.gp.GPIndividual@845337612{-2105418063} 0.0 75160.0 12802.0 0.2507420715513201 5 32 21.0 0.0 0.2507420715513201 0
16 ec.gp.GPIndividual@259447986{374642024} 0.0 74660.0 8317.0 0.09318263797042203 5 34 21.0 0.0 0.09318263797042203 0
16 ec.gp.GPIndividual@1285699470{629532477} 0.0 74660.0 10087.0 0.0986418161990681 5 36 21.0 0.0 0.0986418161990681 0
16 ec.gp.GPIndividual@1843524756{-1196170962} 0.0 74660.0 8387.0 0.08405866221533326 5 30 21.0 0.0 0.08405866221533326 0
16 ec.gp.GPIndividual@845337612{-2105418063} 0.0 74660.0 10087.0 0.0986418161990681 5 32 21.0 0.0 0.0986418161990681 0
16 ec.gp.GPIndividual@1285699470{629532477} 0.0 74660.0 8317.0 0.09318263797042203 5 36 21.0 0.0 0.09318263797042203 0
16 ec.gp.GPIndividual@845337612{-2105418063} 0.0 74660.0 8317.0 0.09318263797042203 5 32 21.0 0.0 0.09318263797042203 0
16 ec.gp.GPIndividual@1843524756{-1196170962} 0.0 70800.0 14578.0 0.26629167238304297 5 30 21.0 0.0 0.26629167238304297 0
16 ec.gp.GPIndividual@149824925{705069731} 0.0 70354.0 10054.0 0.01949472846628208 5 34 21.0 0.0 0.01949472846628208 0
16 ec.gp.GPIndividual@1843524756{-1196170962} 0.0 74660.0 10861.0 0.16287634656109015 5 30 21.0 0.0 0.16287634656109015 0
16 ec.gp.GPIndividual@149824925{705069731} 0.0 73902.0 8387.0 0.0063193036842732805 5 34 21.0 0.0 0.0063193036842732805 0
16 ec.gp.GPIndividual@1843524756{-1196170962} 0.0 74660.0 8160.0 0.1142156862745098 5 30 21.0 0.0 0.1142156862745098 0
16 ec.gp.GPIndividual@149824925{705069731} 0.0 78140.0 14578.0 0.5124159692687611 5 34 21.0 0.0 0.5124159692687611 0
16 ec.gp.GPIndividual@1843524756{-1196170962} 0.0 75160.0 12802.0 0.2507420715513201 5 30 21.0 0.0 0.2507420715513201 0
16 ec.gp.GPIndividual@149824925{705069731} 0.0 70354.0 10861.0 0.05625632998803057 5 34 21.0 0.0 0.05625632998803057 0
16 ec.gp.GPIndividual@149824925{705069731} 0.0 84972.0 8160.0 0.6308823529411764 5 34 21.0 0.0 0.6308823529411764 0
16 ec.gp.GPIndividual@1843524756{-1196170962} 0.0 74660.0 10087.0 0.0986418161990681 5 30 21.0 0.0 0.0986418161990681 0
16 ec.gp.GPIndividual@149824925{705069731} 0.0 74124.0 12802.0 0.3316669270426496 5 34 21.0 0.0 0.3316669270426496 0
16 ec.gp.GPIndividual@1843524756{-1196170962} 0.0 74660.0 8317.0 0.09318263797042203 5 30 21.0 0.0 0.09318263797042203 0
16 ec.gp.GPIndividual@149824925{705069731} 0.0 70354.0 10087.0 0.01615941310597799 5 34 21.0 0.0 0.01615941310597799 0
16 ec.gp.GPIndividual@149824925{705069731} 0.0 84935.0 8317.0 0.6422989058554768 5 34 21.0 0.0 0.6422989058554768 0
17 ec.gp.GPIndividual@1071963821{1387843471} 0.0 73902.0 10054.0 0.17107618858165904 5 28 21.0 0.0 0.17107618858165904 0
17 ec.gp.GPIndividual@81318883{-1820895584} 0.0 74660.0 10054.0 0.09568331012532326 5 34 21.0 0.0 0.09568331012532326 0
17 ec.gp.GPIndividual@196404845{-1392267460} 0.0 74660.0 10054.0 0.09568331012532326 5 30 21.0 0.0 0.09568331012532326 0
17 ec.gp.GPIndividual@879495825{801444976} 0.0 70354.0 10054.0 0.01949472846628208 5 28 21.0 0.0 0.01949472846628208 0
17 ec.gp.GPIndividual@1071963821{1387843471} 0.0 73902.0 8387.0 0.0063193036842732805 5 28 21.0 0.0 0.0063193036842732805 0
17 ec.gp.GPIndividual@81318883{-1820895584} 0.0 74660.0 8387.0 0.08405866221533326 5 34 21.0 0.0 0.08405866221533326 0
17 ec.gp.GPIndividual@196404845{-1392267460} 0.0 74660.0 8387.0 0.08405866221533326 5 30 21.0 0.0 0.08405866221533326 0
17 ec.gp.GPIndividual@879495825{801444976} 0.0 73902.0 8387.0 0.0063193036842732805 5 28 21.0 0.0 0.0063193036842732805 0
17 ec.gp.GPIndividual@1071963821{1387843471} 0.0 77618.0 14578.0 0.5482233502538071 5 28 21.0 0.0 0.5482233502538071 0
17 ec.gp.GPIndividual@879495825{801444976} 0.0 78140.0 14578.0 0.5124159692687611 5 28 21.0 0.0 0.5124159692687611 0
17 ec.gp.GPIndividual@1071963821{1387843471} 1.0 73530.0 10861.0 0.2669183316453365 5 28 21.0 0.0 0.2669183316453365 0
17 ec.gp.GPIndividual@1071963821{1387843471} 0.0 84608.0 8160.0 0.6754901960784314 5 28 21.0 0.0 0.6754901960784314 0
17 ec.gp.GPIndividual@196404845{-1392267460} 1.0 70800.0 14578.0 0.26629167238304297 5 30 21.0 0.0 0.26629167238304297 0
17 ec.gp.GPIndividual@81318883{-1820895584} 1.0 70800.0 14578.0 0.26629167238304297 5 34 21.0 0.0 0.26629167238304297 0
17 ec.gp.GPIndividual@1071963821{1387843471} 0.0 77464.0 12802.0 0.4975785033588502 5 28 21.0 0.0 0.4975785033588502 0
17 ec.gp.GPIndividual@196404845{-1392267460} 17 ec.gp.GPIndividual@879495825{801444976} 0.0 0.0 74660.0 10861.0 0.16287634656109015 70354.0 10861.0 0.05625632998803057 5 30 21.0 0.0 5 28 21.0 0.0 0.16287634656109015 0
0.05625632998803057 0
17 ec.gp.GPIndividual@81318883{-1820895584} 0.0 74660.0 10861.0 0.16287634656109015 5 34 21.0 0.0 0.16287634656109015 0
17 ec.gp.GPIndividual@879495825{801444976} 0.0 84972.0 8160.0 0.6308823529411764 5 28 21.0 0.0 0.6308823529411764 0
17 ec.gp.GPIndividual@1071963821{1387843471} 0.0 73902.0 10087.0 0.17378804401705164 5 28 21.0 0.0 0.17378804401705164 0
17 ec.gp.GPIndividual@1071963821{1387843471} 0.0 84498.0 8317.0 0.6948418901046051 5 28 21.0 0.0 0.6948418901046051 0
17 ec.gp.GPIndividual@196404845{-1392267460} 0.0 74660.0 8160.0 0.1142156862745098 5 30 21.0 0.0 0.1142156862745098 0
17 ec.gp.GPIndividual@81318883{-1820895584} 17 ec.gp.GPIndividual@879495825{801444976} 0.0 0.0 74660.0 12802.0 0.1142156862745098 74124.0 12802.0 0.3316669270426496 5 34 21.0 0.0 5 28 21.0 0.0 0.1142156862745098 0
0.3316669270426496 0
17 ec.gp.GPIndividual@196404845{-1392267460} 0.0 75160.0 12802.0 0.2507420715513201 5 30 21.0 0.0 0.2507420715513201 0
17 ec.gp.GPIndividual@81318883{-1820895584} 0.0 75160.0 12802.0 0.2507420715513201 5 34 21.0 0.0 0.2507420715513201 0
17 ec.gp.GPIndividual@196404845{-1392267460} 0.0 74660.0 10087.0 0.0986418161990681 5 30 21.0 0.0 0.0986418161990681 0
17 ec.gp.GPIndividual@879495825{801444976} 0.0 70354.0 10087.0 0.01615941310597799 5 28 21.0 0.0 0.01615941310597799 0
17 ec.gp.GPIndividual@879495825{801444976} 0.0 84935.0 8317.0 0.6422989058554768 5 28 21.0 0.0 0.6422989058554768 0
17 ec.gp.GPIndividual@1789871769{1351167634} 0.0 97094.0 10054.0 0.5816590411776408 5 16 21.0 0.0 0.5816590411776408 0
17 ec.gp.GPIndividual@1789871769{1351167634} 0.0 97094.0 8387.0 0.4985095981876714 5 16 21.0 0.0 0.4985095981876714 0
17 ec.gp.GPIndividual@1789871769{1351167634} 0.0 97094.0 14578.0 0.7114830566607216 5 16 21.0 0.0 0.7114830566607216 0
17 ec.gp.GPIndividual@81318883{-1820895584} 0.0 74660.0 10087.0 0.0986418161990681 5 34 21.0 0.0 0.0986418161990681 0
17 ec.gp.GPIndividual@1789871769{1351167634} 0.0 97094.0 10861.0 0.6127428413589909 5 16 21.0 0.0 0.6127428413589909 0
17 ec.gp.GPIndividual@1789871769{1351167634} 0.0 97094.0 8160.0 0.48455882352941176 5 16 21.0 0.0 0.48455882352941176 0
17 ec.gp.GPIndividual@1789871769{1351167634} 0.0 97094.0 12802.0 0.6714575847523825 5 16 21.0 0.0 0.6714575847523825 0
17 ec.gp.GPIndividual@1789871769{1351167634} 0.0 97094.0 10087.0 0.5830276593635372 5 16 21.0 0.0 0.5830276593635372 0
17 ec.gp.GPIndividual@1789871769{1351167634} 0.0 97094.0 8317.0 0.49428880605987735 5 16 21.0 0.0 0.49428880605987735 0
17 ec.gp.GPIndividual@196404845{-1392267460} 0.0 74660.0 8317.0 0.09318263797042203 5 30 21.0 0.0 0.09318263797042203 0
17 ec.gp.GPIndividual@81318883{-1820895584} 0.0 74660.0 8317.0 0.09318263797042203 5 34 21.0 0.0 0.09318263797042203 0
17 ec.gp.GPIndividual@1911710102{1600902195} 5.0 19584.0 10054.0 0.9478814402227969 5 36 21.0 0.0 0.9478814402227969 0
17 ec.gp.GPIndividual@621063605{-1419952499} 0.0 74660.0 10054.0 0.09568331012532326 5 34 21.0 0.0 0.09568331012532326 0
17 ec.gp.GPIndividual@621063605{-1419952499} 0.0 74660.0 8387.0 0.08405866221533326 5 34 21.0 0.0 0.08405866221533326 0
17 ec.gp.GPIndividual@621063605{-1419952499} 0.0 70800.0 14578.0 0.26629167238304297 5 34 21.0 0.0 0.26629167238304297 0
17 ec.gp.GPIndividual@621063605{-1419952499} 0.0 74660.0 10861.0 0.16287634656109015 5 34 21.0 0.0 0.16287634656109015 0
17 ec.gp.GPIndividual@621063605{-1419952499} 0.0 74660.0 8160.0 0.1142156862745098 5 34 21.0 0.0 0.1142156862745098 0
17 ec.gp.GPIndividual@621063605{-1419952499} 0.0 75160.0 12802.0 0.2507420715513201 5 34 21.0 0.0 0.2507420715513201 0
17 ec.gp.GPIndividual@621063605{-1419952499} 0.0 74660.0 10087.0 0.0986418161990681 5 34 21.0 0.0 0.0986418161990681 0
17 ec.gp.GPIndividual@621063605{-1419952499} 0.0 74660.0 8317.0 0.09318263797042203 5 34 21.0 0.0 0.09318263797042203 0
17 ec.gp.GPIndividual@1911710102{1600902195} 5.0 19584.0 8387.0 1.3350423274114702 5 36 21.0 0.0 1.3350423274114702 0
17 ec.gp.GPIndividual@1911710102{1600902195} 5.0 19584.0 14578.0 0.3433941555768967 5 36 21.0 0.0 0.3433941555768967 0
17 ec.gp.GPIndividual@1911710102{1600902195} 5.0 19584.0 10861.0 0.803148881318479 5 36 21.0 0.0 0.803148881318479 0
17 ec.gp.GPIndividual@1911710102{1600902195} 5.0 19584.0 8160.0 1.4 5 36 21.0 0.0 1.4 0
17 ec.gp.GPIndividual@1911710102{1600902195} 5.0 19584.0 12802.0 0.52976097484768 5 36 21.0 0.0 0.52976097484768 0
17 ec.gp.GPIndividual@1911710102{1600902195} 5.0 19584.0 10087.0 0.9415088728065827 5 36 21.0 0.0 0.9415088728065827 0
17 ec.gp.GPIndividual@1911710102{1600902195} 5.0 19584.0 8317.0 1.3546952025970902 5 36 21.0 0.0 1.3546952025970902 0
17 ec.gp.GPIndividual@282994130{1709193449} 0.0 74660.0 10054.0 0.09568331012532326 5 36 21.0 0.0 0.09568331012532326 0
17 ec.gp.GPIndividual@282994130{1709193449} 0.0 74660.0 8387.0 0.08405866221533326 5 36 21.0 0.0 0.08405866221533326 0
17 ec.gp.GPIndividual@282994130{1709193449} 0.0 70800.0 14578.0 0.26629167238304297 5 36 21.0 0.0 0.26629167238304297 0
17 ec.gp.GPIndividual@282994130{1709193449} 0.0 74660.0 10861.0 0.16287634656109015 5 36 21.0 0.0 0.16287634656109015 0
17 ec.gp.GPIndividual@282994130{1709193449} 0.0 74660.0 8160.0 0.1142156862745098 5 36 21.0 0.0 0.1142156862745098 0
17 ec.gp.GPIndividual@282994130{1709193449} 0.0 75160.0 12802.0 0.2507420715513201 5 36 21.0 0.0 0.2507420715513201 0
17 ec.gp.GPIndividual@282994130{1709193449} 0.0 74660.0 10087.0 0.0986418161990681 5 36 21.0 0.0 0.0986418161990681 0
17 ec.gp.GPIndividual@282994130{1709193449} 0.0 74660.0 8317.0 0.09318263797042203 5 36 21.0 0.0 0.09318263797042203 0
18 ec.gp.GPIndividual@1236398125{-1179116851} 0.0 105260.0 10054.0 0.8563755719116769 3 7 21.0 0.0 18 ec.gp.GPIndividual@1927855003{147934717} 0.8563755719116769 0
0.0 92920.0 10054.0 0.45335189974139645 5 28 21.0 0.0 0.45335189974139645 0
18 ec.gp.GPIndividual@1236398125{-1179116851} 0.0 105260.0 8387.0 0.8278287826397996 3 7 21.0 0.0 0.8278287826397996 0
18 ec.gp.GPIndividual@1236398125{-1179116851} 0.0 105260.0 14578.0 0.9009466319110989 3 7 21.0 0.0 0.9009466319110989 0
18 ec.gp.GPIndividual@1236398125{-1179116851} 0.0 105260.0 10861.0 0.8670472332197772 3 7 21.0 0.0 0.8670472332197772 0
18 ec.gp.GPIndividual@1236398125{-1179116851} 0.0 105260.0 8160.0 0.8230392156862745 3 7 21.0 0.0 0.8230392156862745 0
18 ec.gp.GPIndividual@1927855003{147934717} 0.0 18 ec.gp.GPIndividual@1236398125{-1179116851} 0.0 92920.0 12802.0 0.34470013115535947 105260.0 12802.0 0.8872051241993438 5 28 21.0 0.0 3 7 21.0 0.0 0.34470013115535947 0
0.8872051241993438 0
18 ec.gp.GPIndividual@1236398125{-1179116851} 0.0 105260.0 10087.0 0.8568454446317042 3 7 21.0 0.0 0.8568454446317042 0
18 ec.gp.GPIndividual@1236398125{-1179116851} 0.0 105260.0 8317.0 0.8263797042202717 3 7 21.0 0.0 0.8263797042202717 0
18 ec.gp.GPIndividual@1927855003{147934717} 0.0 92920.0 14578.0 0.6229935519275621 5 28 21.0 0.0 0.6229935519275621 0
18 ec.gp.GPIndividual@1692221482{-1284840406} 0.0 74660.0 10054.0 0.09568331012532326 5 30 21.0 0.0 0.09568331012532326 0
18 ec.gp.GPIndividual@1927855003{147934717} 0.0 92920.0 10861.0 0.4939692477672406 5 28 21.0 0.0 0.4939692477672406 0
18 ec.gp.GPIndividual@105099466{1288040240} 0.0 74660.0 10054.0 0.09568331012532326 5 32 21.0 0.0 0.09568331012532326 0
18 ec.gp.GPIndividual@1927855003{147934717} 18 ec.gp.GPIndividual@52857472{-66600321} 0.0 0.0 92920.0 8160.0 0.3264705882352941 5 28 21.0 0.0 74660.0 8160.0 0.09568331012532326 0.3264705882352941 0
5 28 21.0 0.0 0.09568331012532326 0
18 ec.gp.GPIndividual@1927855003{147934717} 0.0 92920.0 12802.0 0.5706920793625996 5 28 21.0 0.0 0.5706920793625996 0
18 ec.gp.GPIndividual@1927855003{147934717} 0.0 92920.0 10087.0 0.4551402795677605 5 28 21.0 0.0 0.4551402795677605 0
18 ec.gp.GPIndividual@1927855003{147934717} 0.0 92920.0 8387.0 0.33918480221233616 5 28 21.0 0.0 18 ec.gp.GPIndividual@1692221482{-1284840406} 0.33918480221233616 0
0.0 74660.0 8387.0 0.08405866221533326 5 30 21.0 0.0 0.08405866221533326 0
18 ec.gp.GPIndividual@105099466{1288040240} 0.0 74660.0 8387.0 0.08405866221533326 5 32 21.0 0.0 0.08405866221533326 0
18 ec.gp.GPIndividual@984700595{963070598} 0.0 81526.0 10054.0 0.4997016112989855 5 24 21.0 0.0 18 ec.gp.GPIndividual@52857472{-66600321} 0.0 74660.0 8387.0 0.08405866221533326 5 28 21.0 0.0 0.08405866221533326 0
0.4997016112989855 0
18 ec.gp.GPIndividual@984700595{963070598} 0.0 88660.0 8387.0 0.8526290687969477 5 24 21.0 0.0 0.8526290687969477 0
18 ec.gp.GPIndividual@1692221482{-1284840406} 0.0 70800.0 14578.0 0.26629167238304297 5 30 21.0 0.0 0.26629167238304297 0
18 ec.gp.GPIndividual@984700595{963070598} 0.0 81712.0 14578.0 0.6422005762107285 5 24 21.0 0.0 0.6422005762107285 0
18 ec.gp.GPIndividual@105099466{1288040240} 0.0 70800.0 14578.0 0.26629167238304297 5 32 21.0 0.0 0.26629167238304297 0
18 ec.gp.GPIndividual@984700595{963070598} 0.0 81558.0 10861.0 0.5339287358438449 5 24 21.0 0.0 0.5339287358438449 0
18 ec.gp.GPIndividual@984700595{963070598} 0.0 88660.0 8160.0 0.8485294117647059 5 24 21.0 0.0 0.8485294117647059 0
18 ec.gp.GPIndividual@984700595{963070598} 0.0 81712.0 12802.0 0.5925636619278237 5 24 21.0 0.0 0.5925636619278237 0
18 ec.gp.GPIndividual@1692221482{-1284840406} 0.0 74660.0 10861.0 0.16287634656109015 5 30 21.0 0.0 0.16287634656109015 0
18 ec.gp.GPIndividual@984700595{963070598} 0.0 88884.0 10087.0 0.8552592445722217 5 24 21.0 0.0 0.8552592445722217 0
18 ec.gp.GPIndividual@52857472{-66600321} 0.0 70800.0 14578.0 0.26629167238304297 5 28 21.0 0.0 0.26629167238304297 0
18 ec.gp.GPIndividual@984700595{963070598} 0.0 88660.0 8317.0 0.851388721894914 5 24 21.0 0.0 0.851388721894914 0
18 ec.gp.GPIndividual@105099466{1288040240} 0.0 74660.0 10861.0 0.16287634656109015 5 32 21.0 0.0 0.16287634656109015 0
18 ec.gp.GPIndividual@1692221482{-1284840406} 0.0 74660.0 8160.0 0.1142156862745098 5 30 21.0 0.0 0.1142156862745098 0
18 ec.gp.GPIndividual@52857472{-66600321} 0.0 74660.0 10861.0 0.16287634656109015 5 28 21.0 0.0 0.16287634656109015 0
18 ec.gp.GPIndividual@105099466{1288040240} 0.0 74660.0 8160.0 0.1142156862745098 5 32 21.0 0.0 0.1142156862745098 0
18 ec.gp.GPIndividual@1692221482{-1284840406} 0.0 75160.0 12802.0 0.2507420715513201 5 30 21.0 0.0 0.2507420715513201 0
18 ec.gp.GPIndividual@52857472{-66600321} 0.0 74660.0 8160.0 0.1142156862745098 5 28 21.0 0.0 0.1142156862745098 0
18 ec.gp.GPIndividual@105099466{1288040240} 0.0 75160.0 12802.0 0.2507420715513201 5 32 21.0 0.0 0.2507420715513201 0
18 ec.gp.GPIndividual@1692221482{-1284840406} 0.0 74660.0 10087.0 0.0986418161990681 5 30 21.0 0.0 0.0986418161990681 0
18 ec.gp.GPIndividual@52857472{-66600321} 0.0 75160.0 12802.0 0.2507420715513201 5 28 21.0 0.0 0.2507420715513201 0
18 ec.gp.GPIndividual@105099466{1288040240} 0.0 74660.0 10087.0 0.0986418161990681 5 32 21.0 0.0 0.0986418161990681 0
18 ec.gp.GPIndividual@1692221482{-1284840406} 0.0 74660.0 8317.0 0.09318263797042203 5 30 21.0 0.0 0.09318263797042203 0
18 ec.gp.GPIndividual@52857472{-66600321} 0.0 74660.0 10087.0 0.0986418161990681 5 28 21.0 0.0 0.0986418161990681 0
18 ec.gp.GPIndividual@105099466{1288040240} 0.0 74660.0 8317.0 0.09318263797042203 5 32 21.0 0.0 0.09318263797042203 0
18 ec.gp.GPIndividual@52857472{-66600321} 0.0 74660.0 8317.0 0.09318263797042203 5 28 21.0 0.0 0.09318263797042203 0
18 ec.gp.GPIndividual@108682609{1150035992} 0.0 74660.0 10054.0 0.09568331012532326 5 36 21.0 0.0 0.09568331012532326 0
18 ec.gp.GPIndividual@942034634{1749398304} 0.0 75160.0 10054.0 0.045951859956236324 5 30 21.0 0.0 0.045951859956236324 0
18 ec.gp.GPIndividual@108682609{1150035992} 0.0 74660.0 8387.0 0.08405866221533326 5 36 21.0 0.0 0.08405866221533326 0
18 ec.gp.GPIndividual@942034634{1749398304} 0.0 75160.0 8387.0 0.14367473470847741 5 30 21.0 0.0 0.14367473470847741 0
18 ec.gp.GPIndividual@942034634{1749398304} 0.0 79222.0 14578.0 0.43819453971738237 5 30 21.0 0.0 0.43819453971738237 0
18 ec.gp.GPIndividual@108682609{1150035992} 0.0 70800.0 14578.0 0.26629167238304297 5 36 21.0 0.0 0.26629167238304297 0
18 ec.gp.GPIndividual@942034634{1749398304} 0.0 75160.0 10861.0 0.1168400699751404 5 30 21.0 0.0 0.1168400699751404 0
18 ec.gp.GPIndividual@108682609{1150035992} 0.0 74660.0 10861.0 0.16287634656109015 5 36 21.0 0.0 0.16287634656109015 0
18 ec.gp.GPIndividual@942034634{1749398304} 0.0 78900.0 8160.0 0.035784313725490194 5 30 21.0 0.0 0.035784313725490194 0
18 ec.gp.GPIndividual@942034634{1749398304} 0.0 79400.0 12802.0 0.34635213247930013 5 30 21.0 0.0 0.34635213247930013 0
18 ec.gp.GPIndividual@108682609{1150035992} 0.0 74660.0 8160.0 0.1142156862745098 5 36 21.0 0.0 0.1142156862745098 0
18 ec.gp.GPIndividual@942034634{1749398304} 0.0 75160.0 10087.0 0.04907306434023991 5 30 21.0 0.0 0.04907306434023991 0
18 ec.gp.GPIndividual@108682609{1150035992} 0.0 75160.0 12802.0 0.2507420715513201 5 36 21.0 0.0 0.2507420715513201 0
18 ec.gp.GPIndividual@942034634{1749398304} 0.0 78900.0 8317.0 0.05398581219189612 5 30 21.0 0.0 0.05398581219189612 0
18 ec.gp.GPIndividual@108682609{1150035992} 0.0 74660.0 10087.0 0.0986418161990681 5 36 21.0 0.0 0.0986418161990681 0
18 ec.gp.GPIndividual@108682609{1150035992} 0.0 74660.0 8317.0 0.09318263797042203 5 36 21.0 0.0 0.09318263797042203 0
19 ec.gp.GPIndividual@517416797{-1481557720} 0.0 84442.0 10054.0 0.2096677939128705 5 30 21.0 0.0 0.2096677939128705 0
19 ec.gp.GPIndividual@517416797{-1481557720} 0.0 84442.0 8387.0 0.052581375938953144 5 30 21.0 0.0 0.052581375938953144 0
19 ec.gp.GPIndividual@929829381{-1764593867} 0.0 87457.0 10054.0 0.45325243684105826 5 24 21.0 0.0 0.45325243684105826 0
19 ec.gp.GPIndividual@929829381{-1764593867} 0.0 87457.0 8387.0 0.3445808990103732 5 24 21.0 0.0 0.3445808990103732 0
19 ec.gp.GPIndividual@517416797{-1481557720} 0.0 84442.0 14578.0 0.45493208944985597 5 30 21.0 0.0 0.45493208944985597 0
19 ec.gp.GPIndividual@517416797{-1481557720} 0.0 84442.0 10861.0 0.2683914924960869 5 30 21.0 0.0 0.2683914924960869 0
19 ec.gp.GPIndividual@929829381{-1764593867} 0.0 87491.0 14578.0 0.6205926738921663 5 24 21.0 0.0 0.6205926738921663 0
19 ec.gp.GPIndividual@929829381{-1764593867} 0.0 87457.0 10861.0 0.4938771752140687 5 24 21.0 0.0 0.4938771752140687 0
19 ec.gp.GPIndividual@517416797{-1481557720} 0.0 84442.0 8160.0 0.026225490196078432 5 30 21.0 0.0 0.026225490196078432 0
19 ec.gp.GPIndividual@1097861611{-1429350076} 0.0 74660.0 10054.0 0.09568331012532326 5 34 21.0 0.0 0.09568331012532326 0
19 ec.gp.GPIndividual@929829381{-1764593867} 0.0 87457.0 8160.0 0.3263480392156863 19 ec.gp.GPIndividual@1157611926{-1256822041} 5 24 21.0 0.0 0.0 0.3263480392156863 0
75160.0 8160.0 0.045951859956236324 5 24 21.0 0.0 0.045951859956236324 0
19 ec.gp.GPIndividual@517416797{-1481557720} 0.0 84442.0 12802.0 0.379315731916888 5 30 21.0 0.0 0.379315731916888 0
19 ec.gp.GPIndividual@929829381{-1764593867} 0.0 87458.0 12802.0 0.570535853772848 5 24 21.0 0.0 0.570535853772848 0
19 ec.gp.GPIndividual@517416797{-1481557720} 0.0 84442.0 10087.0 0.21225339545950234 5 30 21.0 0.0 0.21225339545950234 0
19 ec.gp.GPIndividual@929829381{-1764593867} 0.0 87457.0 10087.0 0.45504114206404284 5 24 21.0 0.0 0.45504114206404284 0
19 ec.gp.GPIndividual@517416797{-1481557720} 0.0 84442.0 8317.0 0.04460743056390525 5 30 21.0 0.0 0.04460743056390525 0
19 ec.gp.GPIndividual@929829381{-1764593867} 0.0 87457.0 8317.0 0.3390645665504389 5 24 21.0 0.0 0.3390645665504389 0
19 ec.gp.GPIndividual@1322716088{-1057868917} 0.0 81995.0 10054.0 0.45305351104038194 5 30 21.0 0.0 0.45305351104038194 0
19 ec.gp.GPIndividual@1097861611{-1429350076} 0.0 74660.0 8387.0 0.08405866221533326 5 34 21.0 0.0 0.08405866221533326 0
19 ec.gp.GPIndividual@1322716088{-1057868917} 0.0 81995.0 8387.0 0.3443424347204006 5 30 21.0 0.0 0.3443424347204006 0
19 ec.gp.GPIndividual@1157611926{-1256822041} 0.0 75160.0 8387.0 0.14367473470847741 5 24 21.0 0.0 0.14367473470847741 0
19 ec.gp.GPIndividual@1322716088{-1057868917} 0.0 82080.0 14578.0 0.616957058581424 5 30 21.0 0.0 0.616957058581424 0
19 ec.gp.GPIndividual@1322716088{-1057868917} 0.0 81995.0 10861.0 0.49369303010772486 5 30 21.0 0.0 0.49369303010772486 0
19 ec.gp.GPIndividual@1322716088{-1057868917} 0.0 81995.0 8160.0 0.3261029411764706 5 30 21.0 0.0 0.3261029411764706 0
19 ec.gp.GPIndividual@1322716088{-1057868917} 0.0 82029.0 12802.0 0.5678019059521949 5 30 21.0 0.0 0.5678019059521949 0
19 ec.gp.GPIndividual@1157611926{-1256822041} 19 ec.gp.GPIndividual@1322716088{-1057868917} 0.0 0.0 79222.0 10087.0 0.43819453971738237 81995.0 10087.0 0.45484286705660754 5 24 21.0 0.0 5 30 21.0 0.0 0.43819453971738237 0
0.45484286705660754 0
19 ec.gp.GPIndividual@1322716088{-1057868917} 0.0 81995.0 8317.0 0.3388240952266442 5 30 21.0 0.0 0.3388240952266442 0
19 ec.gp.GPIndividual@1097861611{-1429350076} 0.0 70800.0 14578.0 0.26629167238304297 5 34 21.0 0.0 0.26629167238304297 0
19 ec.gp.GPIndividual@1157611926{-1256822041} 0.0 75160.0 10861.0 0.1168400699751404 5 24 21.0 0.0 0.1168400699751404 0
19 ec.gp.GPIndividual@1097861611{-1429350076} 0.0 74660.0 10861.0 0.16287634656109015 5 34 21.0 0.0 0.16287634656109015 0
19 ec.gp.GPIndividual@1157611926{-1256822041} 0.0 78900.0 8160.0 0.035784313725490194 5 24 21.0 0.0 0.035784313725490194 0
19 ec.gp.GPIndividual@1157611926{-1256822041} 0.0 79400.0 12802.0 0.34635213247930013 5 24 21.0 0.0 0.34635213247930013 0
19 ec.gp.GPIndividual@1097861611{-1429350076} 0.0 74660.0 8160.0 0.1142156862745098 5 34 21.0 0.0 0.1142156862745098 0
19 ec.gp.GPIndividual@1157611926{-1256822041} 0.0 75160.0 10087.0 0.04907306434023991 5 24 21.0 0.0 0.04907306434023991 0
19 ec.gp.GPIndividual@1097861611{-1429350076} 0.0 75160.0 12802.0 0.2507420715513201 5 34 21.0 0.0 0.2507420715513201 0
19 ec.gp.GPIndividual@1157611926{-1256822041} 0.0 78900.0 8317.0 0.05398581219189612 5 24 21.0 0.0 0.05398581219189612 0
19 ec.gp.GPIndividual@1097861611{-1429350076} 0.0 74660.0 10087.0 0.0986418161990681 5 34 21.0 0.0 0.0986418161990681 0
19 ec.gp.GPIndividual@1097861611{-1429350076} 0.0 74660.0 8317.0 0.09318263797042203 5 34 21.0 0.0 0.09318263797042203 0
19 ec.gp.GPIndividual@602685058{1425806588} 0.0 74660.0 10054.0 0.09568331012532326 5 32 21.0 0.0 0.09568331012532326 0
19 ec.gp.GPIndividual@602685058{1425806588} 0.0 74660.0 8387.0 0.08405866221533326 5 32 21.0 0.0 0.08405866221533326 0
19 ec.gp.GPIndividual@602685058{1425806588} 0.0 70800.0 14578.0 0.26629167238304297 5 32 21.0 0.0 0.26629167238304297 0
19 ec.gp.GPIndividual@602685058{1425806588} 0.0 74660.0 10861.0 0.16287634656109015 5 32 21.0 0.0 0.16287634656109015 0
19 ec.gp.GPIndividual@602685058{1425806588} 0.0 74660.0 8160.0 0.1142156862745098 5 32 21.0 0.0 0.1142156862745098 0
19 ec.gp.GPIndividual@602685058{1425806588} 0.0 75160.0 12802.0 0.2507420715513201 5 32 21.0 0.0 0.2507420715513201 0
19 ec.gp.GPIndividual@602685058{1425806588} 0.0 74660.0 10087.0 0.0986418161990681 5 32 21.0 0.0 0.0986418161990681 0
19 ec.gp.GPIndividual@602685058{1425806588} 0.0 74660.0 8317.0 0.09318263797042203 5 32 21.0 0.0 0.09318263797042203 0
19 ec.gp.GPIndividual@1115516824{-1820895584} 0.0 74660.0 10054.0 0.09568331012532326 5 34 21.0 0.0 0.09568331012532326 0
19 ec.gp.GPIndividual@847002980{-1746603367} 6.0 19584.0 10054.0 0.9478814402227969 5 32 21.0 0.0 0.9478814402227969 0
19 ec.gp.GPIndividual@1115516824{-1820895584} 0.0 74660.0 8387.0 0.08405866221533326 5 34 21.0 0.0 0.08405866221533326 0
19 ec.gp.GPIndividual@1115516824{-1820895584} 0.0 70800.0 14578.0 0.26629167238304297 5 34 21.0 0.0 0.26629167238304297 0
19 ec.gp.GPIndividual@1115516824{-1820895584} 0.0 74660.0 10861.0 0.16287634656109015 5 34 21.0 0.0 0.16287634656109015 0
19 ec.gp.GPIndividual@1115516824{-1820895584} 0.0 74660.0 8160.0 0.1142156862745098 5 34 21.0 0.0 0.1142156862745098 0
19 ec.gp.GPIndividual@1115516824{-1820895584} 0.0 75160.0 12802.0 0.2507420715513201 5 34 21.0 0.0 0.2507420715513201 0
19 ec.gp.GPIndividual@1115516824{-1820895584} 0.0 74660.0 10087.0 0.0986418161990681 5 34 21.0 0.0 0.0986418161990681 0
19 ec.gp.GPIndividual@1115516824{-1820895584} 0.0 74660.0 8317.0 0.09318263797042203 5 34 21.0 0.0 0.09318263797042203 0
19 ec.gp.GPIndividual@2130753468{-414081088} 13.0 19584.0 10054.0 0.9478814402227969 5 30 21.0 0.0 0.9478814402227969 0
19 ec.gp.GPIndividual@847002980{-1746603367} 5.0 19584.0 8387.0 1.3350423274114702 5 32 21.0 0.0 1.3350423274114702 0
19 ec.gp.GPIndividual@847002980{-1746603367} 0.0 69206.0 14578.0 0.3756345177664975 5 32 21.0 0.0 0.3756345177664975 0
19 ec.gp.GPIndividual@847002980{-1746603367} 0.0 69586.0 10861.0 0.12696805082404936 5 32 21.0 0.0 0.12696805082404936 0
19 ec.gp.GPIndividual@847002980{-1746603367} 5.0 19584.0 8160.0 1.4 5 32 21.0 0.0 1.4 0
19 ec.gp.GPIndividual@847002980{-1746603367} 0.0 69586.0 12802.0 0.25933447898765816 5 32 21.0 0.0 0.25933447898765816 0
19 ec.gp.GPIndividual@847002980{-1746603367} 5.0 19584.0 10087.0 0.9415088728065827 5 32 21.0 0.0 0.9415088728065827 0
19 ec.gp.GPIndividual@2130753468{-414081088} 15.0 19584.0 8387.0 1.3350423274114702 5 30 21.0 0.0 1.3350423274114702 0
19 ec.gp.GPIndividual@847002980{-1746603367} 11.0 19584.0 8317.0 1.3546952025970902 5 32 21.0 0.0 1.3546952025970902 0
19 ec.gp.GPIndividual@2130753468{-414081088} 22.0 19584.0 14578.0 0.3433941555768967 5 30 21.0 0.0 0.3433941555768967 0
19 ec.gp.GPIndividual@2130753468{-414081088} 18.0 19584.0 10861.0 0.803148881318479 5 30 21.0 0.0 0.803148881318479 0
19 ec.gp.GPIndividual@2130753468{-414081088} 18.0 19584.0 8160.0 1.4 5 30 21.0 0.0 1.4 0
19 ec.gp.GPIndividual@2130753468{-414081088} 16.0 19584.0 12802.0 0.52976097484768 5 30 21.0 0.0 0.52976097484768 0
19 ec.gp.GPIndividual@2130753468{-414081088} 12.0 19584.0 10087.0 0.9415088728065827 5 30 21.0 0.0 0.9415088728065827 0
19 ec.gp.GPIndividual@2130753468{-414081088} 12.0 19584.0 8317.0 1.3546952025970902 5 30 21.0 0.0 1.3546952025970902 0
19 ec.gp.GPIndividual@1564523713{1908056289} 0.0 74660.0 10054.0 0.09568331012532326 5 36 21.0 0.0 0.09568331012532326 0
19 ec.gp.GPIndividual@1564523713{1908056289} 0.0 74660.0 8387.0 0.08405866221533326 5 36 21.0 0.0 0.08405866221533326 0
19 ec.gp.GPIndividual@1564523713{1908056289} 0.0 70800.0 14578.0 0.26629167238304297 5 36 21.0 0.0 0.26629167238304297 0
19 ec.gp.GPIndividual@1564523713{1908056289} 0.0 74660.0 10861.0 0.16287634656109015 5 36 21.0 0.0 0.16287634656109015 0
19 ec.gp.GPIndividual@1564523713{1908056289} 0.0 74660.0 8160.0 0.1142156862745098 5 36 21.0 0.0 0.1142156862745098 0
19 ec.gp.GPIndividual@1564523713{1908056289} 0.0 75160.0 12802.0 0.2507420715513201 5 36 21.0 0.0 0.2507420715513201 0
19 ec.gp.GPIndividual@1564523713{1908056289} 0.0 74660.0 10087.0 0.0986418161990681 5 36 21.0 0.0 0.0986418161990681 0
19 ec.gp.GPIndividual@1564523713{1908056289} 0.0 74660.0 8317.0 0.09318263797042203 5 36 21.0 0.0 0.09318263797042203 0
19 ec.gp.GPIndividual@1145573490{-739524975} 0.0 74660.0 10054.0 0.09568331012532326 5 32 21.0 0.0 0.09568331012532326 0
19 ec.gp.GPIndividual@1145573490{-739524975} 0.0 74660.0 8387.0 0.08405866221533326 5 32 21.0 0.0 0.08405866221533326 0
19 ec.gp.GPIndividual@1145573490{-739524975} 0.0 70800.0 14578.0 0.26629167238304297 5 32 21.0 0.0 0.26629167238304297 0
19 ec.gp.GPIndividual@1145573490{-739524975} 0.0 74660.0 10861.0 0.16287634656109015 5 32 21.0 0.0 0.16287634656109015 0
19 ec.gp.GPIndividual@1145573490{-739524975} 0.0 74660.0 8160.0 0.1142156862745098 5 32 21.0 0.0 0.1142156862745098 0
19 ec.gp.GPIndividual@1145573490{-739524975} 0.0 75160.0 12802.0 0.2507420715513201 5 32 21.0 0.0 0.2507420715513201 0
19 ec.gp.GPIndividual@1145573490{-739524975} 0.0 74660.0 10087.0 0.0986418161990681 5 32 21.0 0.0 0.0986418161990681 0
19 ec.gp.GPIndividual@1145573490{-739524975} 0.0 74660.0 8317.0 0.09318263797042203 5 32 21.0 0.0 0.09318263797042203 0
20 ec.gp.GPIndividual@1966641117{1864460560} 0.0 92920.0 10054.0 0.45335189974139645 5 24 21.0 0.0 0.45335189974139645 0
20 ec.gp.GPIndividual@1966641117{1864460560} 0.0 92920.0 8387.0 0.34470013115535947 5 24 21.0 0.0 0.34470013115535947 0
20 ec.gp.GPIndividual@1966641117{1864460560} 0.0 92920.0 14578.0 0.6229935519275621 5 24 21.0 0.0 0.6229935519275621 0
20 ec.gp.GPIndividual@37662798{-794592740} 0.0 83340.0 10054.0 0.3192759100855381 5 30 21.0 0.0 0.3192759100855381 0
20 ec.gp.GPIndividual@1966641117{1864460560} 0.0 92920.0 10861.0 0.4939692477672406 5 24 21.0 0.0 0.4939692477672406 0
20 ec.gp.GPIndividual@1966641117{1864460560} 0.0 92920.0 8160.0 0.3264705882352941 5 24 21.0 0.0 0.3264705882352941 0
20 ec.gp.GPIndividual@1966641117{1864460560} 0.0 92920.0 12802.0 0.5706920793625996 5 24 21.0 0.0 0.5706920793625996 0
20 ec.gp.GPIndividual@37662798{-794592740} 0.0 83340.0 8387.0 0.18397519971384285 5 30 21.0 0.0 0.18397519971384285 0
20 ec.gp.GPIndividual@1966641117{1864460560} 0.0 92920.0 10087.0 0.4551402795677605 5 24 21.0 0.0 0.4551402795677605 0
20 ec.gp.GPIndividual@1966641117{1864460560} 0.0 92920.0 8317.0 0.33918480221233616 5 24 21.0 0.0 0.33918480221233616 0
20 ec.gp.GPIndividual@37662798{-794592740} 0.0 82904.0 14578.0 0.5604335299766772 5 30 21.0 0.0 0.5604335299766772 0
20 ec.gp.GPIndividual@2061340163{1292707414} 0.0 74660.0 10054.0 0.09568331012532326 5 34 21.0 0.0 0.09568331012532326 0
20 ec.gp.GPIndividual@37662798{-794592740} 0.0 83278.0 10861.0 0.37556394438817786 5 30 21.0 0.0 0.37556394438817786 0
20 ec.gp.GPIndividual@100629715{247861757} 0.0 74660.0 10054.0 0.09568331012532326 5 30 21.0 0.0 0.09568331012532326 0
20 ec.gp.GPIndividual@37662798{-794592740} 0.0 83138.0 8160.0 0.1860294117647059 5 30 21.0 0.0 0.1860294117647059 0
20 ec.gp.GPIndividual@37662798{-794592740} 0.0 83360.0 12802.0 0.4638337759725043 5 30 21.0 0.0 0.4638337759725043 0
20 ec.gp.GPIndividual@37662798{-794592740} 0.0 83340.0 10087.0 0.32150292455635965 5 30 21.0 0.0 0.32150292455635965 0
20 ec.gp.GPIndividual@2061340163{1292707414} 0.0 74660.0 8387.0 0.08405866221533326 5 34 21.0 0.0 0.08405866221533326 0
20 ec.gp.GPIndividual@37662798{-794592740} 0.0 83138.0 8317.0 0.2013947336780089 5 30 21.0 0.0 0.2013947336780089 0
20 ec.gp.GPIndividual@100629715{247861757} 0.0 74660.0 8387.0 0.08405866221533326 5 30 21.0 0.0 0.08405866221533326 0
20 ec.gp.GPIndividual@2021219042{1869952358} 0.0 88682.0 10054.0 0.3314103839267953 5 32 21.0 0.0 0.3314103839267953 0
20 ec.gp.GPIndividual@1150723513{-2108362175} 0.0 61968.0 10054.0 0.27232942112592 5 34 21.0 0.0 0.27232942112592 0
20 ec.gp.GPIndividual@2021219042{1869952358} 0.0 88682.0 8387.0 0.19852152140217003 5 32 21.0 0.0 0.19852152140217003 0
20 ec.gp.GPIndividual@2021219042{1869952358} 0.0 88682.0 14578.0 0.538894224173412 5 32 21.0 0.0 0.538894224173412 0
20 ec.gp.GPIndividual@2021219042{1869952358} 0.0 88682.0 10861.0 0.38108829757849183 5 32 21.0 0.0 0.38108829757849183 0
20 ec.gp.GPIndividual@2021219042{1869952358} 0.0 88682.0 8160.0 0.17622549019607844 5 32 21.0 0.0 0.17622549019607844 0
20 ec.gp.GPIndividual@2061340163{1292707414} 0.0 70800.0 14578.0 0.26629167238304297 5 34 21.0 0.0 0.26629167238304297 0
20 ec.gp.GPIndividual@2021219042{1869952358} 0.0 88682.0 12802.0 0.47492579284486797 5 32 21.0 0.0 0.47492579284486797 0
20 ec.gp.GPIndividual@100629715{247861757} 0.0 70800.0 14578.0 0.26629167238304297 5 30 21.0 0.0 0.26629167238304297 0
20 ec.gp.GPIndividual@2021219042{1869952358} 0.0 88682.0 10087.0 0.33359770000991373 5 32 21.0 0.0 0.33359770000991373 0
20 ec.gp.GPIndividual@2021219042{1869952358} 0.0 88682.0 8317.0 0.1917758807262234 5 32 21.0 0.0 0.1917758807262234 0
20 ec.gp.GPIndividual@2061340163{1292707414} 0.0 74660.0 10861.0 0.16287634656109015 5 34 21.0 0.0 0.16287634656109015 0
20 ec.gp.GPIndividual@100629715{247861757} 0.0 74660.0 10861.0 0.16287634656109015 5 30 21.0 0.0 0.16287634656109015 0
20 ec.gp.GPIndividual@1150723513{-2108362175} 0.0 61968.0 8387.0 0.5252175986645999 5 34 21.0 0.0 0.5252175986645999 0
20 ec.gp.GPIndividual@2061340163{1292707414} 0.0 74660.0 8160.0 0.1142156862745098 5 34 21.0 0.0 0.1142156862745098 0
20 ec.gp.GPIndividual@100629715{247861757} 0.0 74660.0 8160.0 0.1142156862745098 5 30 21.0 0.0 0.1142156862745098 0
20 ec.gp.GPIndividual@1150723513{-2108362175} 0.0 69662.0 14578.0 0.344354506791055 5 34 21.0 0.0 0.344354506791055 0
20 ec.gp.GPIndividual@100629715{247861757} 0.0 75160.0 12802.0 0.2507420715513201 5 30 21.0 0.0 0.2507420715513201 0
20 ec.gp.GPIndividual@2061340163{1292707414} 0.0 75160.0 12802.0 0.2507420715513201 5 34 21.0 0.0 0.2507420715513201 0
20 ec.gp.GPIndividual@100629715{247861757} 0.0 74660.0 10087.0 0.0986418161990681 5 30 21.0 0.0 0.0986418161990681 0
20 ec.gp.GPIndividual@2061340163{1292707414} 0.0 74660.0 10087.0 0.0986418161990681 5 34 21.0 0.0 0.0986418161990681 0
20 ec.gp.GPIndividual@1150723513{-2108362175} 0.0 65596.0 10861.0 0.00874689255133045 5 34 21.0 0.0 0.00874689255133045 0
20 ec.gp.GPIndividual@100629715{247861757} 0.0 74660.0 8317.0 0.09318263797042203 5 30 21.0 0.0 0.09318263797042203 0
20 ec.gp.GPIndividual@2061340163{1292707414} 0.0 74660.0 8317.0 0.09318263797042203 5 34 21.0 0.0 0.09318263797042203 0
20 ec.gp.GPIndividual@1150723513{-2108362175} 1.0 57228.0 8160.0 0.6563725490196078 5 34 21.0 0.0 0.6563725490196078 0
20 ec.gp.GPIndividual@1150723513{-2108362175} 0.0 69662.0 12802.0 0.2533979065770973 5 34 21.0 0.0 0.2533979065770973 0
20 ec.gp.GPIndividual@1150723513{-2108362175} 0.0 61968.0 10087.0 0.2681669475562605 5 34 21.0 0.0 0.2681669475562605 0
20 ec.gp.GPIndividual@1150723513{-2108362175} 1.0 57228.0 8317.0 0.6251052062041601 5 34 21.0 0.0 0.6251052062041601 0
20 ec.gp.GPIndividual@894154257{590296467} 5.0 19584.0 10054.0 0.9478814402227969 5 28 21.0 0.0 0.9478814402227969 0
20 ec.gp.GPIndividual@894154257{590296467} 5.0 19584.0 8387.0 1.3350423274114702 5 28 21.0 0.0 1.3350423274114702 0
20 ec.gp.GPIndividual@894154257{590296467} 5.0 19584.0 14578.0 0.3433941555768967 5 28 21.0 0.0 0.3433941555768967 0
20 ec.gp.GPIndividual@894154257{590296467} 5.0 19584.0 10861.0 0.803148881318479 5 28 21.0 0.0 0.803148881318479 0
20 ec.gp.GPIndividual@894154257{590296467} 5.0 19584.0 8160.0 1.4 5 28 21.0 0.0 1.4 0
20 ec.gp.GPIndividual@894154257{590296467} 5.0 19584.0 12802.0 0.52976097484768 5 28 21.0 0.0 0.52976097484768 0
20 ec.gp.GPIndividual@894154257{590296467} 5.0 19584.0 10087.0 0.9415088728065827 5 28 21.0 0.0 0.9415088728065827 0
20 ec.gp.GPIndividual@894154257{590296467} 5.0 19584.0 8317.0 1.3546952025970902 5 28 21.0 0.0 1.3546952025970902 0
21 ec.gp.GPIndividual@440117361{-1928412425} 0.0 15863.0 10054.0 0.577779988064452 5 32 21.0 0.0 0.577779988064452 0
21 ec.gp.GPIndividual@310477354{-1763642199} 0.0 81418.0 10054.0 0.5104436045355083 5 30 21.0 0.0 0.5104436045355083 0
21 ec.gp.GPIndividual@440117361{-1928412425} 0.0 15863.0 8387.0 0.8913795159174913 5 32 21.0 0.0 0.8913795159174913 0
21 ec.gp.GPIndividual@310477354{-1763642199} 0.0 81418.0 8387.0 0.413139382377489 5 30 21.0 0.0 0.413139382377489 0
21 ec.gp.GPIndividual@440117361{-1928412425} 0.0 15667.0 14578.0 0.07470160515845795 5 32 21.0 0.0 0.07470160515845795 0
21 ec.gp.GPIndividual@440117361{-1928412425} 0.0 15863.0 10861.0 0.4605469109658411 5 32 21.0 0.0 0.4605469109658411 0
21 ec.gp.GPIndividual@310477354{-1763642199} 0.0 82080.0 14578.0 0.616957058581424 5 30 21.0 0.0 0.616957058581424 0
21 ec.gp.GPIndividual@877068224{-1386056910} 0.0 74660.0 10054.0 0.09568331012532326 5 24 21.0 0.0 0.09568331012532326 0
21 ec.gp.GPIndividual@545740696{540381222} 0.0 74660.0 10054.0 0.09568331012532326 5 30 21.0 0.0 0.09568331012532326 0
21 ec.gp.GPIndividual@1254383889{-2105418063} 0.0 21 ec.gp.GPIndividual@440117361{-1928412425} 74660.0 10054.0 0.09568331012532326 0.0 5 32 21.0 0.0 0.09568331012532326 0
15863.0 10054.0 0.9439950980392157 5 32 21.0 0.0 0.9439950980392157 0
21 ec.gp.GPIndividual@310477354{-1763642199} 0.0 81418.0 10861.0 0.5468188932879109 5 30 21.0 0.0 0.5468188932879109 0
21 ec.gp.GPIndividual@440117361{-1928412425} 0.0 15397.0 12802.0 0.20270270270270271 5 32 21.0 0.0 0.20270270270270271 0
21 ec.gp.GPIndividual@310477354{-1763642199} 0.0 81418.0 8160.0 0.39681372549019606 5 30 21.0 0.0 0.39681372549019606 0
21 ec.gp.GPIndividual@440117361{-1928412425} 0.0 15863.0 10087.0 0.5726182214731833 5 32 21.0 0.0 0.5726182214731833 0
21 ec.gp.GPIndividual@310477354{-1763642199} 0.0 81981.0 12802.0 0.5715513201062334 5 30 21.0 0.0 0.5715513201062334 0
21 ec.gp.GPIndividual@440117361{-1928412425} 0.0 15863.0 8317.0 0.9072983046771672 5 32 21.0 0.0 0.9072983046771672 0
21 ec.gp.GPIndividual@877068224{-1386056910} 0.0 74660.0 8387.0 0.08405866221533326 5 24 21.0 0.0 0.08405866221533326 0
21 ec.gp.GPIndividual@310477354{-1763642199} 0.0 81418.0 10087.0 0.5120452067016953 5 30 21.0 0.0 0.5120452067016953 0
21 ec.gp.GPIndividual@545740696{540381222} 0.0 74660.0 8387.0 0.08405866221533326 5 30 21.0 0.0 0.08405866221533326 0
21 ec.gp.GPIndividual@1254383889{-2105418063} 0.0 74660.0 8387.0 0.08405866221533326 5 32 21.0 0.0 0.08405866221533326 0
21 ec.gp.GPIndividual@310477354{-1763642199} 0.0 81418.0 8317.0 0.40820007214139714 5 30 21.0 0.0 0.40820007214139714 0
21 ec.gp.GPIndividual@1095047683{-501593117} 0.0 75160.0 10054.0 0.045951859956236324 5 32 21.0 0.0 0.045951859956236324 0
21 ec.gp.GPIndividual@877068224{-1386056910} 0.0 70800.0 14578.0 0.26629167238304297 5 24 21.0 0.0 0.26629167238304297 0
21 ec.gp.GPIndividual@545740696{540381222} 0.0 70800.0 14578.0 0.26629167238304297 5 30 21.0 0.0 0.26629167238304297 0
21 ec.gp.GPIndividual@1254383889{-2105418063} 0.0 70800.0 14578.0 0.26629167238304297 5 32 21.0 0.0 0.26629167238304297 0
21 ec.gp.GPIndividual@1095047683{-501593117} 0.0 75160.0 8387.0 0.14367473470847741 5 32 21.0 0.0 0.14367473470847741 0
21 ec.gp.GPIndividual@877068224{-1386056910} 0.0 74660.0 10861.0 0.16287634656109015 5 24 21.0 0.0 0.16287634656109015 0
21 ec.gp.GPIndividual@545740696{540381222} 0.0 74660.0 10861.0 0.16287634656109015 5 30 21.0 0.0 0.16287634656109015 0
21 ec.gp.GPIndividual@1254383889{-2105418063} 0.0 74660.0 10861.0 0.16287634656109015 5 32 21.0 0.0 0.16287634656109015 0
21 ec.gp.GPIndividual@1095047683{-501593117} 0.0 79222.0 14578.0 0.43819453971738237 5 32 21.0 0.0 0.43819453971738237 0
21 ec.gp.GPIndividual@877068224{-1386056910} 0.0 74660.0 8160.0 0.1142156862745098 5 24 21.0 0.0 0.1142156862745098 0
21 ec.gp.GPIndividual@545740696{540381222} 0.0 74660.0 8160.0 0.1142156862745098 5 30 21.0 0.0 0.1142156862745098 0
21 ec.gp.GPIndividual@1254383889{-2105418063} 0.0 74660.0 8160.0 0.1142156862745098 5 32 21.0 0.0 0.1142156862745098 0
21 ec.gp.GPIndividual@1095047683{-501593117} 0.0 75160.0 10861.0 0.1168400699751404 5 32 21.0 0.0 0.1168400699751404 0
21 ec.gp.GPIndividual@877068224{-1386056910} 0.0 75160.0 12802.0 0.2507420715513201 5 24 21.0 0.0 0.2507420715513201 0
21 ec.gp.GPIndividual@545740696{540381222} 0.0 75160.0 12802.0 0.2507420715513201 5 30 21.0 0.0 0.2507420715513201 0
21 ec.gp.GPIndividual@1095047683{-501593117} 0.0 78900.0 8160.0 0.035784313725490194 5 32 21.0 0.0 0.035784313725490194 0
21 ec.gp.GPIndividual@1254383889{-2105418063} 0.0 75160.0 12802.0 0.2507420715513201 5 32 21.0 0.0 0.2507420715513201 0
21 ec.gp.GPIndividual@877068224{-1386056910} 0.0 74660.0 10087.0 0.0986418161990681 5 24 21.0 0.0 0.0986418161990681 0
21 ec.gp.GPIndividual@1095047683{-501593117} 0.0 79400.0 12802.0 0.34635213247930013 5 32 21.0 0.0 0.34635213247930013 0
21 ec.gp.GPIndividual@545740696{540381222} 0.0 74660.0 10087.0 0.0986418161990681 5 30 21.0 0.0 0.0986418161990681 0
21 ec.gp.GPIndividual@1254383889{-2105418063} 0.0 74660.0 10087.0 0.0986418161990681 5 32 21.0 0.0 0.0986418161990681 0
21 ec.gp.GPIndividual@877068224{-1386056910} 0.0 74660.0 8317.0 0.09318263797042203 5 24 21.0 0.0 0.09318263797042203 0
21 ec.gp.GPIndividual@1095047683{-501593117} 0.0 75160.0 10087.0 0.04907306434023991 5 32 21.0 0.0 0.04907306434023991 0
21 ec.gp.GPIndividual@545740696{540381222} 0.0 74660.0 8317.0 0.09318263797042203 5 30 21.0 0.0 0.09318263797042203 0
21 ec.gp.GPIndividual@1254383889{-2105418063} 0.0 74660.0 8317.0 0.09318263797042203 5 32 21.0 0.0 0.09318263797042203 0
21 ec.gp.GPIndividual@1095047683{-501593117} 0.0 78900.0 8317.0 0.05398581219189612 5 32 21.0 0.0 0.05398581219189612 0
21 ec.gp.GPIndividual@608700538{-2014222866} 0.0 74660.0 10054.0 0.09568331012532326 5 30 21.0 0.0 0.09568331012532326 0
21 ec.gp.GPIndividual@503397613{-2105418063} 0.0 74660.0 10054.0 0.09568331012532326 5 32 21.0 0.0 0.09568331012532326 0
21 ec.gp.GPIndividual@608700538{-2014222866} 0.0 74660.0 8387.0 0.08405866221533326 5 30 21.0 0.0 0.08405866221533326 0
21 ec.gp.GPIndividual@503397613{-2105418063} 21 ec.gp.GPIndividual@1989992420{1988964888} 0.0 0.0 74660.0 10054.0 0.08405866221533326 61968.0 10054.0 0.27232942112592 5 32 21.0 0.0 5 37 21.0 0.0 0.08405866221533326 0
0.27232942112592 0
21 ec.gp.GPIndividual@608700538{-2014222866} 0.0 70800.0 14578.0 0.26629167238304297 5 30 21.0 0.0 0.26629167238304297 0
21 ec.gp.GPIndividual@503397613{-2105418063} 0.0 70800.0 14578.0 0.26629167238304297 5 32 21.0 0.0 0.26629167238304297 0
21 ec.gp.GPIndividual@608700538{-2014222866} 0.0 74660.0 10861.0 0.16287634656109015 5 30 21.0 0.0 0.16287634656109015 0
21 ec.gp.GPIndividual@503397613{-2105418063} 0.0 74660.0 10861.0 0.16287634656109015 5 32 21.0 0.0 0.16287634656109015 0
21 ec.gp.GPIndividual@1989992420{1988964888} 0.0 61968.0 8387.0 0.5252175986645999 5 37 21.0 0.0 0.5252175986645999 0
21 ec.gp.GPIndividual@608700538{-2014222866} 0.0 74660.0 8160.0 0.1142156862745098 5 30 21.0 0.0 0.1142156862745098 0
21 ec.gp.GPIndividual@503397613{-2105418063} 0.0 74660.0 8160.0 0.1142156862745098 5 32 21.0 0.0 0.1142156862745098 0
21 ec.gp.GPIndividual@1989992420{1988964888} 0.0 69662.0 14578.0 0.344354506791055 5 37 21.0 0.0 0.344354506791055 0
21 ec.gp.GPIndividual@608700538{-2014222866} 0.0 75160.0 12802.0 0.2507420715513201 5 30 21.0 0.0 0.2507420715513201 0
21 ec.gp.GPIndividual@503397613{-2105418063} 0.0 75160.0 12802.0 0.2507420715513201 5 32 21.0 0.0 0.2507420715513201 0
21 ec.gp.GPIndividual@608700538{-2014222866} 0.0 74660.0 10087.0 0.0986418161990681 5 30 21.0 0.0 0.0986418161990681 0
21 ec.gp.GPIndividual@503397613{-2105418063} 0.0 74660.0 10087.0 0.0986418161990681 5 32 21.0 0.0 0.0986418161990681 0
21 ec.gp.GPIndividual@1989992420{1988964888} 0.0 65596.0 10861.0 0.00874689255133045 5 37 21.0 0.0 0.00874689255133045 0
21 ec.gp.GPIndividual@608700538{-2014222866} 0.0 74660.0 8317.0 0.09318263797042203 5 30 21.0 0.0 0.09318263797042203 0
21 ec.gp.GPIndividual@1392730237{-92368100} 0.0 88682.0 10054.0 0.3314103839267953 5 28 21.0 0.0 0.3314103839267953 0
21 ec.gp.GPIndividual@503397613{-2105418063} 0.0 74660.0 8317.0 0.09318263797042203 5 32 21.0 0.0 0.09318263797042203 0
21 ec.gp.GPIndividual@1392730237{-92368100} 0.0 88682.0 8387.0 0.19852152140217003 5 28 21.0 0.0 0.19852152140217003 0
21 ec.gp.GPIndividual@1392730237{-92368100} 0.0 88682.0 14578.0 0.538894224173412 5 28 21.0 0.0 0.538894224173412 0
21 ec.gp.GPIndividual@1392730237{-92368100} 0.0 88682.0 10861.0 0.38108829757849183 5 28 21.0 0.0 0.38108829757849183 0
21 ec.gp.GPIndividual@1392730237{-92368100} 0.0 88682.0 8160.0 0.17622549019607844 5 28 21.0 0.0 0.17622549019607844 0
21 ec.gp.GPIndividual@1392730237{-92368100} 0.0 88682.0 12802.0 0.47492579284486797 5 28 21.0 0.0 0.47492579284486797 0
21 ec.gp.GPIndividual@1392730237{-92368100} 0.0 88682.0 10087.0 0.33359770000991373 5 28 21.0 0.0 0.33359770000991373 0
21 ec.gp.GPIndividual@1392730237{-92368100} 0.0 88682.0 8317.0 0.1917758807262234 5 28 21.0 0.0 0.1917758807262234 0
21 ec.gp.GPIndividual@1989992420{1988964888} 1.0 57228.0 8160.0 0.6563725490196078 5 37 21.0 0.0 0.6563725490196078 0
21 ec.gp.GPIndividual@1989992420{1988964888} 0.0 69662.0 12802.0 0.2533979065770973 5 37 21.0 0.0 0.2533979065770973 0
21 ec.gp.GPIndividual@1989992420{1988964888} 0.0 61968.0 10087.0 0.2681669475562605 5 37 21.0 0.0 0.2681669475562605 0
21 ec.gp.GPIndividual@1989992420{1988964888} 1.0 57228.0 8317.0 0.6251052062041601 5 37 21.0 0.0 0.6251052062041601 0
22 ec.gp.GPIndividual@1140285094{-871590778} 0.0 99026.0 10054.0 0.9329620051720708 4 15 21.0 0.0 0.9329620051720708 0
22 ec.gp.GPIndividual@1637846709{-1311327843} 0.0 94430.0 10054.0 0.8466282076785359 5 24 21.0 0.0 22 ec.gp.GPIndividual@1140285094{-871590778} 0.8466282076785359 0
0.0 99026.0 8387.0 0.9196375342792417 4 15 21.0 0.0 0.9196375342792417 0
22 ec.gp.GPIndividual@1637846709{-1311327843} 0.0 94430.0 8387.0 0.8161440324311434 5 24 21.0 0.0 0.8161440324311434 0
22 ec.gp.GPIndividual@1140285094{-871590778} 0.0 99026.0 14578.0 0.9537659486898066 4 15 21.0 0.0 0.9537659486898066 0
22 ec.gp.GPIndividual@1140285094{-871590778} 0.0 99026.0 10861.0 0.9379430991621398 4 15 21.0 0.0 0.9379430991621398 0
22 ec.gp.GPIndividual@1140285094{-871590778} 0.0 99026.0 8160.0 0.9174019607843137 4 15 21.0 0.0 0.9174019607843137 0
22 ec.gp.GPIndividual@1140285094{-871590778} 0.0 99026.0 12802.0 0.9473519762537104 4 15 21.0 0.0 0.9473519762537104 0
22 ec.gp.GPIndividual@1637846709{-1311327843} 0.0 91172.0 14578.0 0.7429002606667582 5 24 21.0 0.0 0.7429002606667582 0
22 ec.gp.GPIndividual@1140285094{-871590778} 22 ec.gp.GPIndividual@1605664512{492897263} 0.0 0.0 99026.0 10054.0 0.9331813224942996 4 15 21.0 0.0 92920.0 10054.0 0.45335189974139645 0.9331813224942996 0
5 28 21.0 0.0 0.45335189974139645 0
22 ec.gp.GPIndividual@1140285094{-871590778} 0.0 99026.0 8317.0 0.9189611638812072 4 15 21.0 0.0 0.9189611638812072 0
22 ec.gp.GPIndividual@1637846709{-1311327843} 0.0 91406.0 10861.0 0.6333670932694964 5 24 21.0 0.0 0.6333670932694964 0
22 ec.gp.GPIndividual@1637846709{-1311327843} 0.0 94339.0 8160.0 0.8221813725490196 5 24 21.0 0.0 0.8221813725490196 0
22 ec.gp.GPIndividual@1637846709{-1311327843} 0.0 91406.0 12802.0 0.6889548508045618 5 24 21.0 0.0 0.6889548508045618 0
22 ec.gp.GPIndividual@1479107570{1091641174} 0.0 15863.0 10054.0 0.577779988064452 5 32 21.0 0.0 0.577779988064452 0
22 ec.gp.GPIndividual@1605664512{492897263} 0.0 92920.0 8387.0 0.34470013115535947 5 28 21.0 0.0 0.34470013115535947 0
22 ec.gp.GPIndividual@1637846709{-1311327843} 0.0 94463.0 10087.0 0.8438584316446912 5 24 21.0 0.0 0.8438584316446912 0
22 ec.gp.GPIndividual@1637846709{-1311327843} 0.0 94339.0 8317.0 0.8255380545869905 5 24 21.0 0.0 0.8255380545869905 0
22 ec.gp.GPIndividual@1479107570{1091641174} 0.0 15863.0 8387.0 0.8913795159174913 5 32 21.0 0.0 0.8913795159174913 0
22 ec.gp.GPIndividual@608742858{764419055} 0.0 75160.0 10054.0 0.045951859956236324 5 24 21.0 0.0 0.045951859956236324 0
22 ec.gp.GPIndividual@1605664512{492897263} 0.0 92920.0 14578.0 0.6229935519275621 5 28 21.0 0.0 0.6229935519275621 0
22 ec.gp.GPIndividual@1479107570{1091641174} 0.0 15667.0 14578.0 0.07470160515845795 5 32 21.0 0.0 0.07470160515845795 0
22 ec.gp.GPIndividual@1605664512{492897263} 0.0 92920.0 10861.0 0.4939692477672406 5 28 21.0 0.0 0.4939692477672406 0
22 ec.gp.GPIndividual@1479107570{1091641174} 0.0 15863.0 10861.0 0.4605469109658411 5 32 21.0 0.0 0.4605469109658411 0
22 ec.gp.GPIndividual@1479107570{1091641174} 0.0 15863.0 8160.0 0.9439950980392157 5 32 21.0 0.0 0.9439950980392157 0
22 ec.gp.GPIndividual@1605664512{492897263} 0.0 92920.0 8160.0 0.3264705882352941 5 28 21.0 0.0 0.3264705882352941 0
22 ec.gp.GPIndividual@1479107570{1091641174} 0.0 15397.0 12802.0 0.20270270270270271 5 32 21.0 0.0 0.20270270270270271 0
22 ec.gp.GPIndividual@608742858{764419055} 0.0 22 ec.gp.GPIndividual@1605664512{492897263} 0.0 75160.0 12802.0 0.14367473470847741 92920.0 12802.0 0.5706920793625996 5 24 21.0 0.0 5 28 21.0 0.0 0.14367473470847741 0
22 ec.gp.GPIndividual@1479107570{1091641174} 0.0 15863.0 10087.0 0.5726182214731833 5 32 21.0 0.0 0.5726182214731833 0
0.5706920793625996 0
22 ec.gp.GPIndividual@1479107570{1091641174} 0.0 15863.0 8317.0 0.9072983046771672 5 32 21.0 0.0 0.9072983046771672 0
22 ec.gp.GPIndividual@1605664512{492897263} 0.0 92920.0 10087.0 0.4551402795677605 5 28 21.0 0.0 0.4551402795677605 0
22 ec.gp.GPIndividual@608742858{764419055} 0.0 79222.0 14578.0 0.43819453971738237 5 24 21.0 0.0 0.43819453971738237 0
22 ec.gp.GPIndividual@1605664512{492897263} 0.0 92920.0 8317.0 0.33918480221233616 5 28 21.0 0.0 0.33918480221233616 0
22 ec.gp.GPIndividual@608742858{764419055} 0.0 75160.0 10861.0 0.1168400699751404 5 24 21.0 0.0 0.1168400699751404 0
22 ec.gp.GPIndividual@608742858{764419055} 0.0 78900.0 8160.0 0.035784313725490194 5 24 21.0 0.0 0.035784313725490194 0
22 ec.gp.GPIndividual@608742858{764419055} 0.0 79400.0 12802.0 0.34635213247930013 5 24 21.0 0.0 0.34635213247930013 0
22 ec.gp.GPIndividual@608742858{764419055} 0.0 75160.0 10087.0 0.04907306434023991 5 24 21.0 0.0 0.04907306434023991 0
22 ec.gp.GPIndividual@608742858{764419055} 0.0 78900.0 8317.0 0.05398581219189612 5 24 21.0 0.0 0.05398581219189612 0
22 ec.gp.GPIndividual@1426227095{1582948030} 0.0 14669.0 10054.0 0.45902128506067236 5 30 21.0 0.0 0.45902128506067236 0
22 ec.gp.GPIndividual@1426227095{1582948030} 0.0 14552.0 8387.0 0.7350661738404674 5 30 21.0 0.0 0.7350661738404674 0
22 ec.gp.GPIndividual@1426227095{1582948030} 0.0 16307.0 14578.0 0.11860337494855261 5 30 21.0 0.0 0.11860337494855261 0
22 ec.gp.GPIndividual@1426227095{1582948030} 0.0 14957.0 10861.0 0.3771291777921002 5 30 21.0 0.0 0.3771291777921002 0
22 ec.gp.GPIndividual@1426227095{1582948030} 2.0 14552.0 8160.0 0.7833333333333333 5 30 21.0 0.0 0.7833333333333333 0
22 ec.gp.GPIndividual@1426227095{1582948030} 0.0 16227.0 12802.0 0.2675363224496172 5 30 21.0 0.0 0.2675363224496172 0
22 ec.gp.GPIndividual@1426227095{1582948030} 0.0 13351.0 10087.0 0.32358481213443047 5 30 21.0 0.0 0.32358481213443047 0
22 ec.gp.GPIndividual@1426227095{1582948030} 0.0 14565.0 8317.0 0.7512324155344475 5 30 21.0 0.0 0.7512324155344475 0
22 ec.gp.GPIndividual@1067646748{1896198850} 11.0 19584.0 10054.0 0.9478814402227969 5 24 21.0 0.0 0.9478814402227969 0
22 ec.gp.GPIndividual@1067646748{1896198850} 9.0 19584.0 8387.0 1.3350423274114702 5 24 21.0 0.0 1.3350423274114702 0
22 ec.gp.GPIndividual@1067646748{1896198850} 9.0 19584.0 14578.0 0.3433941555768967 5 24 21.0 0.0 0.3433941555768967 0
22 ec.gp.GPIndividual@1067646748{1896198850} 9.0 19584.0 10861.0 0.803148881318479 5 24 21.0 0.0 0.803148881318479 0
22 ec.gp.GPIndividual@1067646748{1896198850} 9.0 19584.0 8160.0 1.4 5 24 21.0 0.0 1.4 0
22 ec.gp.GPIndividual@1067646748{1896198850} 9.0 19584.0 12802.0 0.52976097484768 5 24 21.0 0.0 0.52976097484768 0
22 ec.gp.GPIndividual@1067646748{1896198850} 9.0 19584.0 10087.0 0.9415088728065827 5 24 21.0 0.0 0.9415088728065827 0
22 ec.gp.GPIndividual@1067646748{1896198850} 9.0 19584.0 8317.0 1.3546952025970902 5 24 21.0 0.0 1.3546952025970902 0
23 ec.gp.GPIndividual@1471233479{433062090} 0.0 90300.0 10054.0 0.7139446986274119 5 30 21.0 0.0 0.7139446986274119 0
23 ec.gp.GPIndividual@2067672713{-1275981887} 0.0 90300.0 10054.0 0.7139446986274119 5 22 21.0 0.0 23 ec.gp.GPIndividual@1471233479{433062090} 0.7139446986274119 0
0.0 90300.0 8387.0 0.6570883510194349 5 30 21.0 0.0 0.6570883510194349 0
23 ec.gp.GPIndividual@1471233479{433062090} 0.0 90882.0 8387.0 0.7627932501028948 23 ec.gp.GPIndividual@2067672713{-1275981887} 5 30 21.0 0.0 0.0 0.7627932501028948 0
90300.0 8387.0 0.6570883510194349 5 22 21.0 0.0 0.6570883510194349 0
23 ec.gp.GPIndividual@1471233479{433062090} 0.0 90300.0 10861.0 0.7351993370776172 5 30 21.0 0.0 0.7351993370776172 0
23 ec.gp.GPIndividual@1471233479{433062090} 0.0 90267.0 14578.0 0.651593137254902 23 ec.gp.GPIndividual@2067672713{-1275981887} 5 30 21.0 0.0 0.0 0.651593137254902 0
90882.0 14578.0 0.7627932501028948 5 22 21.0 0.0 0.7627932501028948 0
23 ec.gp.GPIndividual@1471233479{433062090} 0.0 90300.0 12802.0 0.7753476019371973 5 30 21.0 0.0 0.7753476019371973 0
23 ec.gp.GPIndividual@2067672713{-1275981887} 0.0 90300.0 10861.0 0.7351993370776172 5 22 21.0 0.0 0.7351993370776172 0
23 ec.gp.GPIndividual@1471233479{433062090} 0.0 90300.0 10087.0 0.7148805393080202 5 30 21.0 0.0 0.7148805393080202 0
23 ec.gp.GPIndividual@2067672713{-1275981887} 0.0 90267.0 8160.0 0.651593137254902 5 22 21.0 0.0 0.651593137254902 0
23 ec.gp.GPIndividual@1471233479{433062090} 0.0 90267.0 8317.0 0.6581700132259228 5 30 21.0 0.0 0.6581700132259228 0
23 ec.gp.GPIndividual@2067672713{-1275981887} 0.0 90300.0 12802.0 0.7753476019371973 5 22 21.0 0.0 0.7753476019371973 0
23 ec.gp.GPIndividual@2067672713{-1275981887} 0.0 90300.0 10087.0 0.7148805393080202 5 22 21.0 0.0 0.7148805393080202 0
23 ec.gp.GPIndividual@2067672713{-1275981887} 0.0 90267.0 8317.0 0.6581700132259228 5 22 21.0 0.0 0.6581700132259228 0
23 ec.gp.GPIndividual@1858295116{832323080} 0.0 74660.0 10054.0 0.09568331012532326 5 26 21.0 0.0 0.09568331012532326 0
23 ec.gp.GPIndividual@1009205455{1711679480} 0.0 74660.0 10054.0 0.09568331012532326 5 34 21.0 0.0 0.09568331012532326 0
23 ec.gp.GPIndividual@1237280201{123415196} 0.0 74660.0 10054.0 0.09568331012532326 5 34 21.0 0.0 0.09568331012532326 0
23 ec.gp.GPIndividual@1858295116{832323080} 0.0 74660.0 8387.0 0.08405866221533326 5 26 21.0 0.0 0.08405866221533326 0
23 ec.gp.GPIndividual@1009205455{1711679480} 0.0 74660.0 8387.0 0.08405866221533326 5 34 21.0 0.0 0.08405866221533326 0
23 ec.gp.GPIndividual@1237280201{123415196} 0.0 74660.0 8387.0 0.08405866221533326 5 34 21.0 0.0 0.08405866221533326 0
23 ec.gp.GPIndividual@1858295116{832323080} 0.0 70800.0 14578.0 0.26629167238304297 5 26 21.0 0.0 0.26629167238304297 0
23 ec.gp.GPIndividual@1009205455{1711679480} 0.0 70800.0 14578.0 0.26629167238304297 5 34 21.0 0.0 0.26629167238304297 0
23 ec.gp.GPIndividual@1237280201{123415196} 0.0 70800.0 14578.0 0.26629167238304297 5 34 21.0 0.0 0.26629167238304297 0
23 ec.gp.GPIndividual@1858295116{832323080} 0.0 74660.0 10861.0 0.16287634656109015 5 26 21.0 0.0 0.16287634656109015 0
23 ec.gp.GPIndividual@1009205455{1711679480} 0.0 74660.0 10861.0 0.16287634656109015 5 34 21.0 0.0 0.16287634656109015 0
23 ec.gp.GPIndividual@1237280201{123415196} 0.0 74660.0 10861.0 0.16287634656109015 5 34 21.0 0.0 0.16287634656109015 0
23 ec.gp.GPIndividual@1858295116{832323080} 0.0 74660.0 8160.0 0.1142156862745098 5 26 21.0 0.0 0.1142156862745098 0
23 ec.gp.GPIndividual@1009205455{1711679480} 0.0 74660.0 8160.0 0.1142156862745098 5 34 21.0 0.0 0.1142156862745098 0
23 ec.gp.GPIndividual@1237280201{123415196} 0.0 74660.0 8160.0 0.1142156862745098 5 34 21.0 0.0 0.1142156862745098 0
23 ec.gp.GPIndividual@1858295116{832323080} 0.0 75160.0 12802.0 0.2507420715513201 5 26 21.0 0.0 0.2507420715513201 0
23 ec.gp.GPIndividual@1009205455{1711679480} 0.0 75160.0 12802.0 0.2507420715513201 5 34 21.0 0.0 0.2507420715513201 0
23 ec.gp.GPIndividual@1237280201{123415196} 0.0 75160.0 12802.0 0.2507420715513201 5 34 21.0 0.0 0.2507420715513201 0
23 ec.gp.GPIndividual@1858295116{832323080} 0.0 74660.0 10087.0 0.0986418161990681 5 26 21.0 0.0 0.0986418161990681 0
23 ec.gp.GPIndividual@1009205455{1711679480} 0.0 74660.0 10087.0 0.0986418161990681 5 34 21.0 0.0 0.0986418161990681 0
23 ec.gp.GPIndividual@1237280201{123415196} 0.0 74660.0 10087.0 0.0986418161990681 5 34 21.0 0.0 23 ec.gp.GPIndividual@1858295116{832323080} 0.0986418161990681 0
0.0 74660.0 8317.0 0.09318263797042203 5 26 21.0 0.0 0.09318263797042203 0
23 ec.gp.GPIndividual@1844977579{-1172242729} 0.0 97094.0 10054.0 0.5816590411776408 5 22 21.0 0.0 0.5816590411776408 0
23 ec.gp.GPIndividual@1844977579{-1172242729} 0.0 97094.0 8387.0 0.4985095981876714 5 22 21.0 0.0 0.4985095981876714 0
23 ec.gp.GPIndividual@1844977579{-1172242729} 0.0 97094.0 14578.0 0.7114830566607216 5 22 21.0 0.0 0.7114830566607216 0
23 ec.gp.GPIndividual@1009205455{1711679480} 0.0 74660.0 8317.0 0.09318263797042203 5 34 21.0 0.0 0.09318263797042203 0
23 ec.gp.GPIndividual@1844977579{-1172242729} 0.0 97094.0 10861.0 0.6127428413589909 5 22 21.0 0.0 0.6127428413589909 0
23 ec.gp.GPIndividual@1844977579{-1172242729} 0.0 97094.0 8160.0 0.48455882352941176 5 22 21.0 0.0 0.48455882352941176 0
23 ec.gp.GPIndividual@1844977579{-1172242729} 0.0 97094.0 12802.0 0.6714575847523825 5 22 21.0 0.0 0.6714575847523825 0
23 ec.gp.GPIndividual@727119346{-372249076} 0.0 78455.0 10054.0 0.26168689078973545 5 34 21.0 0.0 0.26168689078973545 0
23 ec.gp.GPIndividual@1844977579{-1172242729} 0.0 97094.0 10087.0 0.5830276593635372 5 22 21.0 0.0 0.5830276593635372 0
23 ec.gp.GPIndividual@1237280201{123415196} 0.0 74660.0 8317.0 0.09318263797042203 5 34 21.0 0.0 0.09318263797042203 0
23 ec.gp.GPIndividual@1844977579{-1172242729} 0.0 97094.0 8317.0 0.49428880605987735 5 22 21.0 0.0 0.49428880605987735 0
23 ec.gp.GPIndividual@727119346{-372249076} 0.0 78455.0 8387.0 0.11493978776678193 5 34 21.0 0.0 0.11493978776678193 0
23 ec.gp.GPIndividual@2097913359{-521174783} 0.0 81995.0 10054.0 0.45305351104038194 5 34 21.0 0.0 0.45305351104038194 0
23 ec.gp.GPIndividual@2097913359{-521174783} 0.0 81995.0 8387.0 0.3443424347204006 5 34 21.0 0.0 0.3443424347204006 0
23 ec.gp.GPIndividual@727119346{-372249076} 0.0 79242.0 14578.0 0.4368226094114419 5 34 21.0 0.0 0.4368226094114419 0
23 ec.gp.GPIndividual@2097913359{-521174783} 0.0 82080.0 14578.0 0.616957058581424 5 34 21.0 0.0 0.616957058581424 0
23 ec.gp.GPIndividual@2097913359{-521174783} 0.0 81995.0 10861.0 0.49369303010772486 5 34 21.0 0.0 0.49369303010772486 0
23 ec.gp.GPIndividual@727119346{-372249076} 0.0 78455.0 10861.0 0.31654543780499034 5 34 21.0 0.0 0.31654543780499034 0
23 ec.gp.GPIndividual@2097913359{-521174783} 0.0 81995.0 8160.0 0.3261029411764706 5 34 21.0 0.0 0.3261029411764706 0
23 ec.gp.GPIndividual@2097913359{-521174783} 0.0 82029.0 12802.0 0.5678019059521949 5 34 21.0 0.0 0.5678019059521949 0
23 ec.gp.GPIndividual@727119346{-372249076} 0.0 78455.0 8160.0 0.09031862745098039 5 34 21.0 0.0 0.09031862745098039 0
23 ec.gp.GPIndividual@2097913359{-521174783} 0.0 81995.0 10087.0 0.45484286705660754 5 34 21.0 0.0 0.45484286705660754 0
23 ec.gp.GPIndividual@2097913359{-521174783} 0.0 81995.0 8317.0 0.3388240952266442 5 34 21.0 0.0 0.3388240952266442 0
23 ec.gp.GPIndividual@727119346{-372249076} 0.0 78702.0 12802.0 0.40087486330260896 5 34 21.0 0.0 0.40087486330260896 0
23 ec.gp.GPIndividual@727119346{-372249076} 0.0 78455.0 10087.0 0.2641023099038366 5 34 21.0 0.0 0.2641023099038366 0
23 ec.gp.GPIndividual@727119346{-372249076} 0.0 78455.0 8317.0 0.10749068173620296 5 34 21.0 0.0 0.10749068173620296 0
23 ec.gp.GPIndividual@179355169{-45828520} 18.0 19584.0 10054.0 0.9478814402227969 5 34 21.0 0.0 0.9478814402227969 0
23 ec.gp.GPIndividual@179355169{-45828520} 18.0 19584.0 8387.0 1.3350423274114702 5 34 21.0 0.0 1.3350423274114702 0
23 ec.gp.GPIndividual@179355169{-45828520} 18.0 19584.0 14578.0 0.3433941555768967 5 34 21.0 0.0 0.3433941555768967 0
23 ec.gp.GPIndividual@179355169{-45828520} 18.0 19584.0 10861.0 0.803148881318479 5 34 21.0 0.0 0.803148881318479 0
23 ec.gp.GPIndividual@179355169{-45828520} 20.0 19584.0 8160.0 1.4 5 34 21.0 0.0 1.4 0
23 ec.gp.GPIndividual@179355169{-45828520} 18.0 19584.0 12802.0 0.52976097484768 5 34 21.0 0.0 0.52976097484768 0
23 ec.gp.GPIndividual@179355169{-45828520} 18.0 19584.0 10087.0 0.9415088728065827 5 34 21.0 0.0 0.9415088728065827 0
23 ec.gp.GPIndividual@179355169{-45828520} 18.0 19584.0 8317.0 1.3546952025970902 5 34 21.0 0.0 1.3546952025970902 0
23 ec.gp.GPIndividual@1570470216{871311187} 2.0 17478.0 10054.0 0.7384125721106027 5 32 21.0 0.0 0.7384125721106027 0
23 ec.gp.GPIndividual@1570470216{871311187} 2.0 17403.0 8387.0 1.0749970191963754 5 32 21.0 0.0 1.0749970191963754 0
23 ec.gp.GPIndividual@1570470216{871311187} 2.0 18109.0 14578.0 0.2422142955137879 5 32 21.0 0.0 0.2422142955137879 0
23 ec.gp.GPIndividual@1570470216{871311187} 2.0 18092.0 10861.0 0.665776631986005 5 32 21.0 0.0 0.665776631986005 0
23 ec.gp.GPIndividual@1570470216{871311187} 2.0 17161.0 8160.0 1.103063725490196 5 32 21.0 0.0 1.103063725490196 0
23 ec.gp.GPIndividual@1570470216{871311187} 2.0 17196.0 12802.0 0.3432276206842681 5 32 21.0 0.0 0.3432276206842681 0
23 ec.gp.GPIndividual@1570470216{871311187} 2.0 16782.0 10087.0 0.6637255873897095 5 32 21.0 0.0 0.6637255873897095 0
23 ec.gp.GPIndividual@1570470216{871311187} 2.0 16944.0 8317.0 1.0372730551881688 5 32 21.0 0.0 1.0372730551881688 0
24 ec.gp.GPIndividual@533848652{-74465276} 0.0 77757.0 10054.0 0.3311119952257808 5 32 21.0 0.0 0.3311119952257808 0
24 ec.gp.GPIndividual@549714943{-214320588} 0.0 81418.0 10054.0 0.5104436045355083 5 32 21.0 0.0 0.5104436045355083 0
24 ec.gp.GPIndividual@533848652{-74465276} 0.0 77757.0 8387.0 0.19816382496721116 5 32 21.0 0.0 0.19816382496721116 0
24 ec.gp.GPIndividual@1391670819{-335726766} 0.0 79122.0 10054.0 0.19534513626417346 24 ec.gp.GPIndividual@549714943{-214320588} 5 16 21.0 0.0 0.0 0.19534513626417346 0
24 ec.gp.GPIndividual@533848652{-74465276} 0.0 77842.0 14578.0 0.532857730827274 81418.0 8387.0 0.413139382377489 5 32 21.0 0.0 5 32 21.0 0.0 0.532857730827274 0
0.413139382377489 0
24 ec.gp.GPIndividual@533848652{-74465276} 0.0 77757.0 10861.0 0.38081207991897614 5 32 21.0 0.0 0.38081207991897614 0
24 ec.gp.GPIndividual@1242643375{-499689536} 0.0 74660.0 10054.0 0.09568331012532326 5 26 21.0 0.0 0.09568331012532326 0
24 ec.gp.GPIndividual@29074129{1016326146} 24 ec.gp.GPIndividual@549714943{-214320588} 0.0 0.0 74660.0 14578.0 0.09568331012532326 82080.0 14578.0 0.616957058581424 5 36 21.0 0.0 5 32 21.0 0.0 0.09568331012532326 0
0.616957058581424 0
24 ec.gp.GPIndividual@533848652{-74465276} 0.0 77757.0 8160.0 0.17585784313725492 5 32 21.0 0.0 0.17585784313725492 0
24 ec.gp.GPIndividual@1391670819{-335726766} 0.0 79122.0 8387.0 0.03541194706092762 5 16 21.0 0.0 0.03541194706092762 0
24 ec.gp.GPIndividual@533848652{-74465276} 0.0 77791.0 12802.0 0.47203561943446337 5 32 21.0 0.0 0.47203561943446337 0
24 ec.gp.GPIndividual@549714943{-214320588} 0.0 81418.0 10861.0 0.5468188932879109 5 32 21.0 0.0 0.5468188932879109 0
24 ec.gp.GPIndividual@1391670819{-335726766} 0.0 87078.0 14578.0 0.6489230347098367 5 16 21.0 0.0 0.6489230347098367 0
24 ec.gp.GPIndividual@533848652{-74465276} 0.0 77757.0 10087.0 0.3333002874987608 5 32 21.0 0.0 0.3333002874987608 0
24 ec.gp.GPIndividual@549714943{-214320588} 0.0 81418.0 8160.0 0.39681372549019606 5 32 21.0 0.0 0.39681372549019606 0
24 ec.gp.GPIndividual@533848652{-74465276} 0.0 77757.0 8317.0 0.19141517374053144 5 32 21.0 0.0 0.19141517374053144 0
24 ec.gp.GPIndividual@1242643375{-499689536} 0.0 74660.0 8387.0 0.08405866221533326 5 26 21.0 0.0 0.08405866221533326 0
24 ec.gp.GPIndividual@549714943{-214320588} 0.0 81981.0 12802.0 0.5715513201062334 5 32 21.0 0.0 0.5715513201062334 0
24 ec.gp.GPIndividual@29074129{1016326146} 0.0 74660.0 8387.0 0.08405866221533326 5 36 21.0 0.0 0.08405866221533326 0
24 ec.gp.GPIndividual@1391670819{-335726766} 0.0 79122.0 10861.0 0.2551330448393334 5 16 21.0 0.0 0.2551330448393334 0
24 ec.gp.GPIndividual@549714943{-214320588} 0.0 81418.0 10087.0 0.5120452067016953 5 32 21.0 0.0 0.5120452067016953 0
24 ec.gp.GPIndividual@1391670819{-335726766} 0.0 83138.0 8160.0 0.1860294117647059 5 16 21.0 0.0 0.1860294117647059 0
24 ec.gp.GPIndividual@549714943{-214320588} 0.0 81418.0 8317.0 0.40820007214139714 5 32 21.0 0.0 0.40820007214139714 0
24 ec.gp.GPIndividual@145861348{916829281} 0.0 92920.0 10054.0 0.45335189974139645 5 32 21.0 0.0 0.45335189974139645 0
24 ec.gp.GPIndividual@1391670819{-335726766} 0.0 83360.0 12802.0 0.4638337759725043 5 16 21.0 0.0 0.4638337759725043 0
24 ec.gp.GPIndividual@145861348{916829281} 0.0 92920.0 8387.0 0.34470013115535947 5 32 21.0 0.0 0.34470013115535947 0
24 ec.gp.GPIndividual@1242643375{-499689536} 0.0 70800.0 14578.0 0.26629167238304297 5 26 21.0 0.0 0.26629167238304297 0
24 ec.gp.GPIndividual@29074129{1016326146} 0.0 70800.0 14578.0 0.26629167238304297 5 36 21.0 0.0 0.26629167238304297 0
24 ec.gp.GPIndividual@145861348{916829281} 0.0 92920.0 14578.0 0.6229935519275621 5 32 21.0 0.0 0.6229935519275621 0
24 ec.gp.GPIndividual@1391670819{-335726766} 0.0 79122.0 10087.0 0.1979775949241598 5 16 21.0 0.0 0.1979775949241598 0
24 ec.gp.GPIndividual@145861348{916829281} 0.0 92920.0 10861.0 0.4939692477672406 5 32 21.0 0.0 0.4939692477672406 0
24 ec.gp.GPIndividual@1391670819{-335726766} 0.0 83138.0 8317.0 0.2013947336780089 5 16 21.0 0.0 0.2013947336780089 0
24 ec.gp.GPIndividual@145861348{916829281} 0.0 92920.0 8160.0 0.3264705882352941 5 32 21.0 0.0 0.3264705882352941 0
24 ec.gp.GPIndividual@1242643375{-499689536} 0.0 74660.0 10861.0 0.16287634656109015 5 26 21.0 0.0 0.16287634656109015 0
24 ec.gp.GPIndividual@29074129{1016326146} 0.0 74660.0 10861.0 0.16287634656109015 5 36 21.0 0.0 0.16287634656109015 0
24 ec.gp.GPIndividual@145861348{916829281} 0.0 92920.0 12802.0 0.5706920793625996 5 32 21.0 0.0 0.5706920793625996 0
24 ec.gp.GPIndividual@145861348{916829281} 0.0 92920.0 10087.0 0.4551402795677605 5 32 21.0 0.0 0.4551402795677605 0
24 ec.gp.GPIndividual@145861348{916829281} 0.0 92920.0 8317.0 0.33918480221233616 5 32 21.0 0.0 0.33918480221233616 0
24 ec.gp.GPIndividual@1242643375{-499689536} 0.0 74660.0 8160.0 0.1142156862745098 5 26 21.0 0.0 0.1142156862745098 0
24 ec.gp.GPIndividual@29074129{1016326146} 0.0 74660.0 8160.0 0.1142156862745098 5 36 21.0 0.0 0.1142156862745098 0
24 ec.gp.GPIndividual@1454432560{979666884} 0.0 78455.0 10054.0 0.26168689078973545 5 34 21.0 0.0 0.26168689078973545 0
24 ec.gp.GPIndividual@1454432560{979666884} 0.0 78455.0 8387.0 0.11493978776678193 5 34 21.0 0.0 0.11493978776678193 0
24 ec.gp.GPIndividual@1242643375{-499689536} 0.0 75160.0 12802.0 0.2507420715513201 5 26 21.0 0.0 0.2507420715513201 0
24 ec.gp.GPIndividual@1454432560{979666884} 0.0 79242.0 14578.0 0.4368226094114419 5 34 21.0 0.0 0.4368226094114419 0
24 ec.gp.GPIndividual@29074129{1016326146} 0.0 75160.0 12802.0 0.2507420715513201 5 36 21.0 0.0 0.2507420715513201 0
24 ec.gp.GPIndividual@1454432560{979666884} 0.0 78455.0 10861.0 0.31654543780499034 5 34 21.0 0.0 0.31654543780499034 0
24 ec.gp.GPIndividual@1454432560{979666884} 0.0 78455.0 8160.0 0.09031862745098039 5 34 21.0 0.0 0.09031862745098039 0
24 ec.gp.GPIndividual@1242643375{-499689536} 0.0 74660.0 10087.0 0.0986418161990681 5 26 21.0 0.0 0.0986418161990681 0
24 ec.gp.GPIndividual@1454432560{979666884} 0.0 24 ec.gp.GPIndividual@29074129{1016326146} 0.0 78702.0 10087.0 0.40087486330260896 74660.0 10087.0 0.0986418161990681 5 34 21.0 0.0 5 36 21.0 0.0 0.40087486330260896 0
0.0986418161990681 0
24 ec.gp.GPIndividual@1454432560{979666884} 0.0 78455.0 10087.0 0.2641023099038366 5 34 21.0 0.0 0.2641023099038366 0
24 ec.gp.GPIndividual@1242643375{-499689536} 0.0 74660.0 8317.0 0.09318263797042203 5 26 21.0 0.0 0.09318263797042203 0
24 ec.gp.GPIndividual@1454432560{979666884} 0.0 78455.0 8317.0 0.10749068173620296 5 34 21.0 0.0 0.10749068173620296 0
24 ec.gp.GPIndividual@29074129{1016326146} 0.0 74660.0 8317.0 0.09318263797042203 5 36 21.0 0.0 0.09318263797042203 0
24 ec.gp.GPIndividual@204020669{-442672271} 0.0 70354.0 10054.0 0.01949472846628208 5 34 21.0 0.0 0.01949472846628208 0
24 ec.gp.GPIndividual@204020669{-442672271} 0.0 85195.0 8387.0 0.6142840109693574 5 34 21.0 0.0 0.6142840109693574 0
24 ec.gp.GPIndividual@204020669{-442672271} 0.0 78140.0 14578.0 0.5124159692687611 5 34 21.0 0.0 0.5124159692687611 0
24 ec.gp.GPIndividual@204020669{-442672271} 0.0 74594.0 10861.0 0.1689531350704355 5 34 21.0 0.0 0.1689531350704355 0
24 ec.gp.GPIndividual@204020669{-442672271} 0.0 84972.0 8160.0 0.6308823529411764 5 34 21.0 0.0 0.6308823529411764 0
24 ec.gp.GPIndividual@204020669{-442672271} 0.0 74124.0 12802.0 0.3316669270426496 5 34 21.0 0.0 0.3316669270426496 0
24 ec.gp.GPIndividual@204020669{-442672271} 0.0 74594.0 10087.0 0.10518489144443342 5 34 21.0 0.0 0.10518489144443342 0
24 ec.gp.GPIndividual@204020669{-442672271} 0.0 84972.0 8317.0 0.6378501863652759 5 34 21.0 0.0 0.6378501863652759 0
24 ec.gp.GPIndividual@168690639{-1196170962} 0.0 74660.0 10054.0 0.09568331012532326 5 30 21.0 0.0 0.09568331012532326 0
24 ec.gp.GPIndividual@1973874335{-223670665} 2.0 17832.0 10054.0 0.7736224388303163 5 22 21.0 0.0 0.7736224388303163 0
24 ec.gp.GPIndividual@168690639{-1196170962} 0.0 74660.0 8387.0 0.08405866221533326 5 30 21.0 0.0 0.08405866221533326 0
24 ec.gp.GPIndividual@168690639{-1196170962} 0.0 70800.0 14578.0 0.26629167238304297 5 30 21.0 0.0 0.26629167238304297 0
24 ec.gp.GPIndividual@168690639{-1196170962} 0.0 74660.0 10861.0 0.16287634656109015 5 30 21.0 0.0 0.16287634656109015 0
24 ec.gp.GPIndividual@168690639{-1196170962} 0.0 74660.0 8160.0 0.1142156862745098 5 30 21.0 0.0 0.1142156862745098 0
24 ec.gp.GPIndividual@168690639{-1196170962} 0.0 75160.0 12802.0 0.2507420715513201 5 30 21.0 0.0 0.2507420715513201 0
24 ec.gp.GPIndividual@168690639{-1196170962} 0.0 74660.0 10087.0 0.0986418161990681 5 30 21.0 0.0 0.0986418161990681 0
24 ec.gp.GPIndividual@1973874335{-223670665} 2.0 17848.0 8387.0 1.1280553237152737 5 22 21.0 0.0 1.1280553237152737 0
24 ec.gp.GPIndividual@168690639{-1196170962} 0.0 74660.0 8317.0 0.09318263797042203 5 30 21.0 0.0 0.09318263797042203 0
24 ec.gp.GPIndividual@1973874335{-223670665} 2.0 19075.0 14578.0 0.308478529290712 5 22 21.0 0.0 0.308478529290712 0
24 ec.gp.GPIndividual@1973874335{-223670665} 2.0 17817.0 10861.0 0.6404566798637327 5 22 21.0 0.0 0.6404566798637327 0
24 ec.gp.GPIndividual@1973874335{-223670665} 2.0 17361.0 8160.0 1.1275735294117648 5 22 21.0 0.0 1.1275735294117648 0
24 ec.gp.GPIndividual@1973874335{-223670665} 2.0 17907.0 12802.0 0.3987658178409623 5 22 21.0 0.0 0.3987658178409623 0
24 ec.gp.GPIndividual@1973874335{-223670665} 2.0 17659.0 10087.0 0.7506691781500942 5 22 21.0 0.0 0.7506691781500942 0
24 ec.gp.GPIndividual@1153959912{-1189294869} 18.0 19584.0 10054.0 0.9478814402227969 5 34 21.0 0.0 0.9478814402227969 0
24 ec.gp.GPIndividual@1973874335{-223670665} 2.0 17403.0 8317.0 1.0924612239990381 5 22 21.0 0.0 1.0924612239990381 0
24 ec.gp.GPIndividual@1153959912{-1189294869} 18.0 19584.0 8387.0 1.3350423274114702 5 34 21.0 0.0 1.3350423274114702 0
24 ec.gp.GPIndividual@1153959912{-1189294869} 18.0 19584.0 14578.0 0.3433941555768967 5 34 21.0 0.0 0.3433941555768967 0
24 ec.gp.GPIndividual@1153959912{-1189294869} 20.0 19584.0 10861.0 0.803148881318479 5 34 21.0 0.0 0.803148881318479 0
24 ec.gp.GPIndividual@1153959912{-1189294869} 18.0 19584.0 8160.0 1.4 5 34 21.0 0.0 1.4 0
24 ec.gp.GPIndividual@1153959912{-1189294869} 18.0 19584.0 12802.0 0.52976097484768 5 34 21.0 0.0 0.52976097484768 0
24 ec.gp.GPIndividual@1153959912{-1189294869} 18.0 19584.0 10087.0 0.9415088728065827 5 34 21.0 0.0 0.9415088728065827 0
24 ec.gp.GPIndividual@1153959912{-1189294869} 18.0 19584.0 8317.0 1.3546952025970902 5 34 21.0 0.0 1.3546952025970902 0
24 ec.gp.GPIndividual@1035170745{159579269} 0.0 88682.0 10054.0 0.3314103839267953 5 20 21.0 0.0 0.3314103839267953 0
24 ec.gp.GPIndividual@1035170745{159579269} 0.0 88682.0 8387.0 0.19852152140217003 5 20 21.0 0.0 0.19852152140217003 0
24 ec.gp.GPIndividual@1035170745{159579269} 0.0 88682.0 14578.0 0.538894224173412 5 20 21.0 0.0 0.538894224173412 0
24 ec.gp.GPIndividual@1035170745{159579269} 0.0 88682.0 10861.0 0.38108829757849183 5 20 21.0 0.0 0.38108829757849183 0
24 ec.gp.GPIndividual@1035170745{159579269} 0.0 88682.0 8160.0 0.17622549019607844 5 20 21.0 0.0 0.17622549019607844 0
24 ec.gp.GPIndividual@1035170745{159579269} 0.0 88682.0 12802.0 0.47492579284486797 5 20 21.0 0.0 0.47492579284486797 0
24 ec.gp.GPIndividual@1035170745{159579269} 0.0 88682.0 10087.0 0.33359770000991373 5 20 21.0 0.0 0.33359770000991373 0
24 ec.gp.GPIndividual@1035170745{159579269} 0.0 88682.0 8317.0 0.1917758807262234 5 20 21.0 0.0 0.1917758807262234 0
25 ec.gp.GPIndividual@728179592{1875272019} 0.0 25 ec.gp.GPIndividual@1687373570{-2107613198} 82017.0 10054.0 0.4508653272329421 0.0 5 22 21.0 0.0 0.4508653272329421 0
25 ec.gp.GPIndividual@1469671747{-200956059} 0.0 86203.0 10054.0 0.5779789138651283 92920.0 10054.0 0.45335189974139645 5 22 21.0 0.0 5 18 21.0 0.0 0.45335189974139645 0
25 ec.gp.GPIndividual@728179592{1875272019} 0.5779789138651283 0
0.0 82017.0 8387.0 0.3417193275307023 5 22 21.0 0.0 0.3417193275307023 0
25 ec.gp.GPIndividual@1469671747{-200956059} 0.0 92920.0 8387.0 0.34470013115535947 5 22 21.0 0.0 25 ec.gp.GPIndividual@1687373570{-2107613198} 0.34470013115535947 0
0.0 86203.0 8387.0 0.4940980088231787 5 18 21.0 0.0 0.4940980088231787 0
25 ec.gp.GPIndividual@728179592{1875272019} 0.0 81990.0 14578.0 0.6231307449581561 5 22 21.0 0.0 0.6231307449581561 0
25 ec.gp.GPIndividual@1469671747{-200956059} 25 ec.gp.GPIndividual@1687373570{-2107613198} 0.0 0.0 92920.0 14578.0 0.6229935519275621 86288.0 14578.0 0.7031142817944849 5 22 21.0 0.0 5 18 21.0 0.0 0.6229935519275621 0
0.7031142817944849 0
25 ec.gp.GPIndividual@728179592{1875272019} 0.0 81404.0 10861.0 0.5481079090323174 5 22 21.0 0.0 0.5481079090323174 0
25 ec.gp.GPIndividual@1687373570{-2107613198} 25 ec.gp.GPIndividual@1469671747{-200956059} 0.0 0.0 92920.0 10861.0 0.4939692477672406 86203.0 10861.0 0.6093361568916306 5 22 21.0 0.0 5 18 21.0 0.0 0.4939692477672406 0
0.6093361568916306 0
25 ec.gp.GPIndividual@728179592{1875272019} 0.0 82017.0 8160.0 0.32340686274509806 5 22 21.0 0.0 25 ec.gp.GPIndividual@1469671747{-200956059} 0.32340686274509806 0
25 ec.gp.GPIndividual@1687373570{-2107613198} 0.0 86173.0 8160.0 0.48370098039215687 0.0 5 18 21.0 0.0 0.48370098039215687 0
92920.0 8160.0 0.3264705882352941 5 22 21.0 0.0 0.3264705882352941 0
25 ec.gp.GPIndividual@728179592{1875272019} 0.0 81378.0 12802.0 0.6186533354163412 5 22 21.0 0.0 0.6186533354163412 0
25 ec.gp.GPIndividual@1687373570{-2107613198} 0.0 86203.0 12802.0 0.6685674113419778 5 18 21.0 0.0 0.6685674113419778 0
25 ec.gp.GPIndividual@1469671747{-200956059} 0.0 92920.0 12802.0 0.5706920793625996 5 22 21.0 0.0 0.5706920793625996 0
25 ec.gp.GPIndividual@728179592{1875272019} 0.0 81404.0 10087.0 0.5134331317537424 5 22 21.0 0.0 0.5134331317537424 0
25 ec.gp.GPIndividual@1687373570{-2107613198} 0.0 86203.0 10087.0 0.579359571725984 5 18 21.0 0.0 0.579359571725984 0
25 ec.gp.GPIndividual@1469671747{-200956059} 0.0 92920.0 10087.0 0.4551402795677605 5 22 21.0 0.0 0.4551402795677605 0
25 ec.gp.GPIndividual@728179592{1875272019} 0.0 82017.0 8317.0 0.3361789106649032 5 22 21.0 0.0 0.3361789106649032 0
25 ec.gp.GPIndividual@1687373570{-2107613198} 0.0 86173.0 8317.0 0.49344715642659615 5 18 21.0 0.0 0.49344715642659615 0
25 ec.gp.GPIndividual@1469671747{-200956059} 0.0 92920.0 8317.0 0.33918480221233616 5 22 21.0 0.0 0.33918480221233616 0
25 ec.gp.GPIndividual@1485746887{-1379054829} 0.0 74660.0 10054.0 0.09568331012532326 5 24 21.0 0.0 0.09568331012532326 0
25 ec.gp.GPIndividual@1826123445{182874581} 0.0 84442.0 10054.0 0.2096677939128705 5 32 21.0 0.0 0.2096677939128705 0
25 ec.gp.GPIndividual@1826123445{182874581} 0.0 84442.0 8387.0 0.052581375938953144 5 32 21.0 0.0 0.052581375938953144 0
25 ec.gp.GPIndividual@1826123445{182874581} 0.0 84442.0 14578.0 0.45493208944985597 5 32 21.0 0.0 0.45493208944985597 0
25 ec.gp.GPIndividual@1257156387{2133736021} 0.0 75160.0 10054.0 0.045951859956236324 5 24 21.0 0.0 0.045951859956236324 0
25 ec.gp.GPIndividual@1826123445{182874581} 0.0 84442.0 10861.0 0.2683914924960869 5 32 21.0 0.0 0.2683914924960869 0
25 ec.gp.GPIndividual@1485746887{-1379054829} 0.0 74660.0 8387.0 0.08405866221533326 5 24 21.0 0.0 0.08405866221533326 0
25 ec.gp.GPIndividual@1826123445{182874581} 0.0 84442.0 8160.0 0.026225490196078432 5 32 21.0 0.0 0.026225490196078432 0
25 ec.gp.GPIndividual@1826123445{182874581} 0.0 84442.0 12802.0 0.379315731916888 5 32 21.0 0.0 0.379315731916888 0
25 ec.gp.GPIndividual@1257156387{2133736021} 0.0 75160.0 8387.0 0.14367473470847741 5 24 21.0 0.0 0.14367473470847741 0
25 ec.gp.GPIndividual@1826123445{182874581} 0.0 84442.0 10087.0 0.21225339545950234 5 32 21.0 0.0 0.21225339545950234 0
25 ec.gp.GPIndividual@1826123445{182874581} 0.0 84442.0 8317.0 0.04460743056390525 5 32 21.0 0.0 0.04460743056390525 0
25 ec.gp.GPIndividual@1257156387{2133736021} 0.0 79222.0 14578.0 0.43819453971738237 5 24 21.0 0.0 0.43819453971738237 0
25 ec.gp.GPIndividual@1485746887{-1379054829} 0.0 70800.0 14578.0 0.26629167238304297 5 24 21.0 0.0 0.26629167238304297 0
25 ec.gp.GPIndividual@1257156387{2133736021} 0.0 75160.0 10861.0 0.1168400699751404 5 24 21.0 0.0 0.1168400699751404 0
25 ec.gp.GPIndividual@1485746887{-1379054829} 0.0 74660.0 10861.0 0.16287634656109015 5 24 21.0 0.0 0.16287634656109015 0
25 ec.gp.GPIndividual@1257156387{2133736021} 0.0 78900.0 8160.0 0.035784313725490194 5 24 21.0 0.0 0.035784313725490194 0
25 ec.gp.GPIndividual@1485746887{-1379054829} 0.0 74660.0 8160.0 0.1142156862745098 5 24 21.0 0.0 0.1142156862745098 0
25 ec.gp.GPIndividual@384540185{-165295218} 1.0 52340.0 10054.0 0.40163119156554605 5 34 21.0 0.0 0.40163119156554605 0
25 ec.gp.GPIndividual@1257156387{2133736021} 0.0 79400.0 12802.0 0.34635213247930013 5 24 21.0 0.0 0.34635213247930013 0
25 ec.gp.GPIndividual@1485746887{-1379054829} 0.0 75160.0 12802.0 0.2507420715513201 5 24 21.0 0.0 0.2507420715513201 0
25 ec.gp.GPIndividual@1257156387{2133736021} 0.0 75160.0 10087.0 0.04907306434023991 5 24 21.0 0.0 0.04907306434023991 0
25 ec.gp.GPIndividual@1257156387{2133736021} 0.0 78900.0 8317.0 0.05398581219189612 5 24 21.0 0.0 0.05398581219189612 0
25 ec.gp.GPIndividual@1485746887{-1379054829} 0.0 74660.0 10087.0 0.0986418161990681 5 24 21.0 0.0 0.0986418161990681 0
25 ec.gp.GPIndividual@1485746887{-1379054829} 0.0 74660.0 8317.0 0.09318263797042203 5 24 21.0 0.0 0.09318263797042203 0
25 ec.gp.GPIndividual@1662424249{744697734} 2.0 17625.0 10054.0 0.7530336184603144 5 24 21.0 0.0 0.7530336184603144 0
25 ec.gp.GPIndividual@384540185{-165295218} 1.0 52340.0 8387.0 0.6802193871467748 5 34 21.0 0.0 0.6802193871467748 0
25 ec.gp.GPIndividual@384540185{-165295218} 0.0 60784.0 14578.0 0.20373165043215805 5 34 21.0 0.0 0.20373165043215805 0
25 ec.gp.GPIndividual@1662424249{744697734} 1.0 16294.0 8387.0 0.9427685704065816 5 24 21.0 0.0 0.9427685704065816 0
25 ec.gp.GPIndividual@384540185{-165295218} 1.0 52340.0 10861.0 0.29748641929840713 5 34 21.0 0.0 0.29748641929840713 0
25 ec.gp.GPIndividual@384540185{-165295218} 1.0 61264.0 8160.0 0.48137254901960785 5 34 21.0 0.0 0.48137254901960785 0
25 ec.gp.GPIndividual@1662424249{744697734} 2.0 18850.0 14578.0 0.29304431334888187 5 24 21.0 0.0 0.29304431334888187 0
25 ec.gp.GPIndividual@384540185{-165295218} 1.0 60986.0 12802.0 0.07748789251679425 5 34 21.0 0.0 0.07748789251679425 0
25 ec.gp.GPIndividual@1662424249{744697734} 1.0 17991.0 10861.0 0.6564773041156431 5 24 21.0 0.0 0.6564773041156431 0
25 ec.gp.GPIndividual@384540185{-165295218} 1.0 52340.0 10087.0 0.39704570238921383 5 34 21.0 0.0 0.39704570238921383 0
25 ec.gp.GPIndividual@384540185{-165295218} 1.0 61264.0 8317.0 0.453408681014789 5 34 21.0 0.0 0.453408681014789 0
25 ec.gp.GPIndividual@1432621864{-1977962567} 0.0 88682.0 10054.0 0.3314103839267953 5 30 21.0 0.0 0.3314103839267953 0
25 ec.gp.GPIndividual@1662424249{744697734} 1.0 16857.0 8160.0 1.0658088235294119 5 24 21.0 0.0 1.0658088235294119 0
25 ec.gp.GPIndividual@1432621864{-1977962567} 0.0 88682.0 8387.0 0.19852152140217003 5 30 21.0 0.0 0.19852152140217003 0
25 ec.gp.GPIndividual@1432621864{-1977962567} 0.0 88682.0 14578.0 0.538894224173412 5 30 21.0 0.0 0.538894224173412 0
25 ec.gp.GPIndividual@1432621864{-1977962567} 0.0 88682.0 10861.0 0.38108829757849183 5 30 21.0 0.0 0.38108829757849183 0
25 ec.gp.GPIndividual@1432621864{-1977962567} 0.0 88682.0 8160.0 0.17622549019607844 5 30 21.0 0.0 0.17622549019607844 0
25 ec.gp.GPIndividual@1432621864{-1977962567} 0.0 88682.0 12802.0 0.47492579284486797 5 30 21.0 0.0 0.47492579284486797 0
25 ec.gp.GPIndividual@1432621864{-1977962567} 0.0 88682.0 10087.0 0.33359770000991373 5 30 21.0 0.0 0.33359770000991373 0
25 ec.gp.GPIndividual@1432621864{-1977962567} 0.0 88682.0 8317.0 0.1917758807262234 5 30 21.0 0.0 0.1917758807262234 0
25 ec.gp.GPIndividual@1662424249{744697734} 2.0 17737.0 12802.0 0.3854866427120762 5 24 21.0 0.0 0.3854866427120762 0
25 ec.gp.GPIndividual@1662424249{744697734} 1.0 17560.0 10087.0 0.7408545652820462 5 24 21.0 0.0 0.7408545652820462 0
25 ec.gp.GPIndividual@1662424249{744697734} 1.0 17093.0 8317.0 1.0551881688108693 5 24 21.0 0.0 1.0551881688108693 0
26 ec.gp.GPIndividual@1529893996{-1206783144} 0.0 109280.0 10054.0 1.0 1 1 21.0 0.0 1.0 0
26 ec.gp.GPIndividual@1529893996{-1206783144} 0.0 109280.0 8387.0 1.0 1 1 21.0 0.0 1.0 0
26 ec.gp.GPIndividual@1529893996{-1206783144} 0.0 109280.0 14578.0 1.0 1 1 21.0 0.0 1.0 0
26 ec.gp.GPIndividual@1529893996{-1206783144} 0.0 109280.0 10861.0 1.0 1 1 21.0 0.0 1.0 0
26 ec.gp.GPIndividual@1529893996{-1206783144} 0.0 109280.0 8160.0 1.0 1 1 21.0 0.0 1.0 0
26 ec.gp.GPIndividual@1529893996{-1206783144} 0.0 109280.0 12802.0 1.0 1 1 21.0 0.0 1.0 0
26 ec.gp.GPIndividual@1529893996{-1206783144} 0.0 109280.0 10087.0 1.0 1 1 21.0 0.0 1.0 0
26 ec.gp.GPIndividual@1529893996{-1206783144} 0.0 109280.0 8317.0 1.0 1 1 21.0 0.0 1.0 0
26 ec.gp.GPIndividual@299114186{-1047307253} 0.0 84442.0 10054.0 0.2096677939128705 5 36 21.0 0.0 0.2096677939128705 0
26 ec.gp.GPIndividual@1085184657{-889957172} 0.0 83138.0 10054.0 0.3393674159538492 5 18 21.0 0.0 0.3393674159538492 0
26 ec.gp.GPIndividual@299114186{-1047307253} 0.0 84442.0 8387.0 0.052581375938953144 5 36 21.0 0.0 0.052581375938953144 0
26 ec.gp.GPIndividual@1085184657{-889957172} 0.0 83138.0 8387.0 0.2080600930010731 5 18 21.0 0.0 0.2080600930010731 0
26 ec.gp.GPIndividual@299114186{-1047307253} 0.0 84442.0 14578.0 0.45493208944985597 26 ec.gp.GPIndividual@2035594303{-1396327476} 5 36 21.0 0.0 0.0 0.45493208944985597 0
74660.0 14578.0 0.09568331012532326 5 26 21.0 0.0 0.09568331012532326 0
26 ec.gp.GPIndividual@1085184657{-889957172} 0.0 82314.0 14578.0 0.6009054740019207 5 18 21.0 0.0 0.6009054740019207 0
26 ec.gp.GPIndividual@299114186{-1047307253} 0.0 84442.0 10861.0 0.2683914924960869 5 36 21.0 0.0 0.2683914924960869 0
26 ec.gp.GPIndividual@299114186{-1047307253} 0.0 84442.0 8160.0 0.026225490196078432 5 36 21.0 0.0 0.026225490196078432 0
26 ec.gp.GPIndividual@1085184657{-889957172} 0.0 82314.0 10861.0 0.46432188564588894 5 18 21.0 0.0 0.46432188564588894 0
26 ec.gp.GPIndividual@1590895460{1793276871} 0.0 70392.0 10054.0 0.023274318679132683 5 34 21.0 0.0 0.023274318679132683 0
26 ec.gp.GPIndividual@299114186{-1047307253} 0.0 84442.0 12802.0 0.379315731916888 5 36 21.0 0.0 0.379315731916888 0
26 ec.gp.GPIndividual@2035594303{-1396327476} 0.0 74660.0 8387.0 0.08405866221533326 5 26 21.0 0.0 0.08405866221533326 0
26 ec.gp.GPIndividual@1085184657{-889957172} 0.0 83138.0 8160.0 0.1860294117647059 5 18 21.0 0.0 0.1860294117647059 0
26 ec.gp.GPIndividual@299114186{-1047307253} 0.0 84442.0 10087.0 0.21225339545950234 5 36 21.0 0.0 0.21225339545950234 0
26 ec.gp.GPIndividual@1085184657{-889957172} 0.0 82314.0 12802.0 0.5455397594125918 5 18 21.0 0.0 0.5455397594125918 0
26 ec.gp.GPIndividual@299114186{-1047307253} 0.0 84442.0 8317.0 0.04460743056390525 5 36 21.0 0.0 0.04460743056390525 0
26 ec.gp.GPIndividual@1085184657{-889957172} 0.0 83138.0 10087.0 0.34152870030732624 5 18 21.0 0.0 0.34152870030732624 0
26 ec.gp.GPIndividual@1807644484{1321077606} 0.0 84442.0 10054.0 0.2096677939128705 5 32 21.0 0.0 0.2096677939128705 0
26 ec.gp.GPIndividual@1807644484{1321077606} 0.0 84442.0 8387.0 0.052581375938953144 5 32 21.0 0.0 0.052581375938953144 0
26 ec.gp.GPIndividual@1085184657{-889957172} 0.0 83138.0 8317.0 0.2013947336780089 5 18 21.0 0.0 0.2013947336780089 0
26 ec.gp.GPIndividual@1590895460{1793276871} 0.0 70392.0 8387.0 0.22666030761893408 5 34 21.0 0.0 0.22666030761893408 0
26 ec.gp.GPIndividual@2035594303{-1396327476} 0.0 70800.0 14578.0 0.26629167238304297 5 26 21.0 0.0 0.26629167238304297 0
26 ec.gp.GPIndividual@1807644484{1321077606} 0.0 84442.0 14578.0 0.45493208944985597 5 32 21.0 0.0 0.45493208944985597 0
26 ec.gp.GPIndividual@1807644484{1321077606} 0.0 84442.0 10861.0 0.2683914924960869 5 32 21.0 0.0 0.2683914924960869 0
26 ec.gp.GPIndividual@1807644484{1321077606} 0.0 84442.0 8160.0 0.026225490196078432 5 32 21.0 0.0 0.026225490196078432 0
26 ec.gp.GPIndividual@2035594303{-1396327476} 0.0 74660.0 10861.0 0.16287634656109015 5 26 21.0 0.0 0.16287634656109015 0
26 ec.gp.GPIndividual@1807644484{1321077606} 0.0 84442.0 12802.0 0.379315731916888 5 32 21.0 0.0 0.379315731916888 0
26 ec.gp.GPIndividual@1807644484{1321077606} 0.0 84442.0 10087.0 0.21225339545950234 5 32 21.0 0.0 0.21225339545950234 0
26 ec.gp.GPIndividual@1807644484{1321077606} 0.0 84442.0 8317.0 0.04460743056390525 5 32 21.0 0.0 0.04460743056390525 0
26 ec.gp.GPIndividual@2035594303{-1396327476} 0.0 74660.0 8160.0 0.1142156862745098 5 26 21.0 0.0 0.1142156862745098 0
26 ec.gp.GPIndividual@569325436{-607221578} 0.0 78154.0 10054.0 0.2916252237915258 5 36 21.0 0.0 0.2916252237915258 0
26 ec.gp.GPIndividual@1590895460{1793276871} 0.0 66500.0 14578.0 0.18644532857730828 5 34 21.0 0.0 0.18644532857730828 0
26 ec.gp.GPIndividual@569325436{-607221578} 0.0 78161.0 8387.0 0.1499940383927507 5 36 21.0 0.0 0.1499940383927507 0
26 ec.gp.GPIndividual@773234958{-1294594938} 2.0 17978.0 10054.0 0.7881440222796897 5 22 21.0 0.0 0.7881440222796897 0
26 ec.gp.GPIndividual@569325436{-607221578} 0.0 78022.0 14578.0 0.5205103580738099 5 36 21.0 0.0 0.5205103580738099 0
26 ec.gp.GPIndividual@2035594303{-1396327476} 0.0 75160.0 12802.0 0.2507420715513201 5 26 21.0 0.0 0.2507420715513201 0
26 ec.gp.GPIndividual@569325436{-607221578} 0.0 78154.0 10861.0 0.3442592763097321 5 36 21.0 0.0 0.3442592763097321 0
26 ec.gp.GPIndividual@569325436{-607221578} 0.0 78161.0 8160.0 0.12634803921568627 5 36 21.0 0.0 0.12634803921568627 0
26 ec.gp.GPIndividual@569325436{-607221578} 0.0 77514.0 12802.0 0.49367286361506013 5 36 21.0 0.0 0.49367286361506013 0
26 ec.gp.GPIndividual@2035594303{-1396327476} 0.0 74660.0 10087.0 0.0986418161990681 5 26 21.0 0.0 0.0986418161990681 0
26 ec.gp.GPIndividual@1590895460{1793276871} 0.0 70392.0 10861.0 0.05275757296749839 5 34 21.0 0.0 0.05275757296749839 0
26 ec.gp.GPIndividual@569325436{-607221578} 0.0 78154.0 10087.0 0.2939426985228512 5 36 21.0 0.0 0.2939426985228512 0
26 ec.gp.GPIndividual@569325436{-607221578} 0.0 78161.0 8317.0 0.14283996633401466 5 36 21.0 0.0 0.14283996633401466 0
26 ec.gp.GPIndividual@2035594303{-1396327476} 0.0 74660.0 8317.0 0.09318263797042203 5 26 21.0 0.0 0.09318263797042203 0
26 ec.gp.GPIndividual@1590895460{1793276871} 0.0 70392.0 8160.0 0.2607843137254902 5 34 21.0 0.0 0.2607843137254902 0
26 ec.gp.GPIndividual@631581934{-1777927390} 0.0 74382.0 10054.0 0.12333399641933558 5 24 21.0 0.0 0.12333399641933558 0
26 ec.gp.GPIndividual@1590895460{1793276871} 0.0 70800.0 12802.0 0.16450554600843617 5 34 21.0 0.0 0.16450554600843617 0
26 ec.gp.GPIndividual@631581934{-1777927390} 0.0 70142.0 8387.0 0.196852271372362 5 24 21.0 0.0 0.196852271372362 0
26 ec.gp.GPIndividual@631581934{-1777927390} 0.0 74224.0 14578.0 0.4062285635889697 5 24 21.0 0.0 0.4062285635889697 0
26 ec.gp.GPIndividual@773234958{-1294594938} 1.0 17510.0 8387.0 1.0877548587099082 5 22 21.0 0.0 1.0877548587099082 0
26 ec.gp.GPIndividual@1590895460{1793276871} 0.0 70392.0 10087.0 0.019926638247248933 5 34 21.0 0.0 0.019926638247248933 0
26 ec.gp.GPIndividual@631581934{-1777927390} 0.0 74382.0 10861.0 0.18847251634287818 5 24 21.0 0.0 0.18847251634287818 0
26 ec.gp.GPIndividual@1590895460{1793276871} 0.0 70392.0 8317.0 0.23698448959961524 5 34 21.0 0.0 0.23698448959961524 0
26 ec.gp.GPIndividual@255582447{777632403} 0.0 87902.0 10054.0 0.40899144619057093 5 26 21.0 0.0 0.40899144619057093 0
26 ec.gp.GPIndividual@631581934{-1777927390} 0.0 70142.0 8160.0 0.2301470588235294 5 24 21.0 0.0 0.2301470588235294 0
26 ec.gp.GPIndividual@255582447{777632403} 0.0 87902.0 8387.0 0.2915225944914749 5 26 21.0 0.0 0.2915225944914749 0
26 ec.gp.GPIndividual@255582447{777632403} 0.0 88156.0 14578.0 0.574975991219646 5 26 21.0 0.0 0.574975991219646 0
26 ec.gp.GPIndividual@255582447{777632403} 0.0 87902.0 10861.0 0.4529048890525734 5 26 21.0 0.0 0.4529048890525734 0
26 ec.gp.GPIndividual@631581934{-1777927390} 0.0 74382.0 12802.0 0.311513825964693 5 24 21.0 0.0 0.311513825964693 0
26 ec.gp.GPIndividual@255582447{777632403} 0.0 87902.0 8160.0 0.27181372549019606 5 26 21.0 0.0 0.27181372549019606 0
26 ec.gp.GPIndividual@255582447{777632403} 0.0 88156.0 12802.0 0.5160131229495392 5 26 21.0 0.0 0.5160131229495392 0
26 ec.gp.GPIndividual@255582447{777632403} 0.0 87902.0 10087.0 0.4109249529096857 5 26 21.0 0.0 0.4109249529096857 0
26 ec.gp.GPIndividual@631581934{-1777927390} 0.0 74382.0 10087.0 0.12620204223257658 5 24 21.0 0.0 0.12620204223257658 0
26 ec.gp.GPIndividual@255582447{777632403} 0.0 87902.0 8317.0 0.28555969700613204 5 26 21.0 0.0 0.28555969700613204 0
26 ec.gp.GPIndividual@631581934{-1777927390} 0.0 74382.0 8317.0 0.059757123962967416 5 24 21.0 0.0 0.059757123962967416 0
26 ec.gp.GPIndividual@773234958{-1294594938} 2.0 18314.0 14578.0 0.2562765811496776 5 22 21.0 0.0 0.2562765811496776 0
26 ec.gp.GPIndividual@773234958{-1294594938} 2.0 17804.0 10861.0 0.6392597366724979 5 22 21.0 0.0 0.6392597366724979 0
26 ec.gp.GPIndividual@773234958{-1294594938} 2.0 15994.0 8160.0 0.9600490196078432 5 22 21.0 0.0 0.9600490196078432 0
26 ec.gp.GPIndividual@773234958{-1294594938} 2.0 18090.0 12802.0 0.4130604593032339 5 22 21.0 0.0 0.4130604593032339 0
26 ec.gp.GPIndividual@773234958{-1294594938} 2.0 16770.0 10087.0 0.6625359373450976 5 22 21.0 0.0 0.6625359373450976 0
26 ec.gp.GPIndividual@773234958{-1294594938} 1.0 17825.0 8317.0 1.1432006733197067 5 22 21.0 0.0 1.1432006733197067 0
26 ec.gp.GPIndividual@1704970433{956088669} 0.0 75160.0 10054.0 0.045951859956236324 5 22 21.0 0.0 0.045951859956236324 0
26 ec.gp.GPIndividual@1704970433{956088669} 0.0 75160.0 8387.0 0.14367473470847741 5 22 21.0 0.0 0.14367473470847741 0
26 ec.gp.GPIndividual@1704970433{956088669} 0.0 79222.0 14578.0 0.43819453971738237 5 22 21.0 0.0 0.43819453971738237 0
26 ec.gp.GPIndividual@1704970433{956088669} 0.0 75160.0 10861.0 0.1168400699751404 5 22 21.0 0.0 0.1168400699751404 0
26 ec.gp.GPIndividual@1704970433{956088669} 0.0 78900.0 8160.0 0.035784313725490194 5 22 21.0 0.0 0.035784313725490194 0
26 ec.gp.GPIndividual@1704970433{956088669} 0.0 79400.0 12802.0 0.34635213247930013 5 22 21.0 0.0 0.34635213247930013 0
26 ec.gp.GPIndividual@1704970433{956088669} 0.0 75160.0 10087.0 0.04907306434023991 5 22 21.0 0.0 0.04907306434023991 0
26 ec.gp.GPIndividual@1704970433{956088669} 0.0 78900.0 8317.0 0.05398581219189612 5 22 21.0 0.0 0.05398581219189612 0
27 ec.gp.GPIndividual@1698816170{-1311327843} 0.0 94430.0 10054.0 0.8466282076785359 5 24 21.0 0.0 0.8466282076785359 0
27 ec.gp.GPIndividual@1698816170{-1311327843} 27 ec.gp.GPIndividual@1739979987{-552096218} 0.0 0.0 94430.0 8387.0 0.8161440324311434 91587.0 8387.0 0.5859359458921822 5 24 21.0 0.0 5 24 21.0 0.0 0.8161440324311434 0
0.5859359458921822 0
27 ec.gp.GPIndividual@1739979987{-552096218} 0.0 27 ec.gp.GPIndividual@1698816170{-1311327843} 0.0 91587.0 14578.0 0.5036365804220818 91172.0 14578.0 0.7429002606667582 5 24 21.0 0.0 5 24 21.0 0.0 0.5036365804220818 0
0.7429002606667582 0
27 ec.gp.GPIndividual@1416076602{777632403} 0.0 87902.0 10054.0 0.40899144619057093 5 26 21.0 0.0 0.40899144619057093 0
27 ec.gp.GPIndividual@1739979987{-552096218} 0.0 91172.0 14578.0 0.7429002606667582 5 24 21.0 0.0 0.7429002606667582 0
27 ec.gp.GPIndividual@1698816170{-1311327843} 0.0 27 ec.gp.GPIndividual@1739979987{-552096218} 91406.0 10861.0 0.6333670932694964 0.0 91525.0 10861.0 0.6224104594420403 5 24 21.0 0.0 5 24 21.0 0.0 0.6333670932694964 0
0.6224104594420403 0
27 ec.gp.GPIndividual@1698816170{-1311327843} 0.0 94339.0 8160.0 0.8221813725490196 5 24 21.0 0.0 0.8221813725490196 0
27 ec.gp.GPIndividual@1739979987{-552096218} 0.0 90980.0 8160.0 0.5642156862745098 5 24 21.0 0.0 0.5642156862745098 0
27 ec.gp.GPIndividual@1416076602{777632403} 0.0 87902.0 8387.0 0.2915225944914749 5 26 21.0 0.0 0.2915225944914749 0
27 ec.gp.GPIndividual@1698816170{-1311327843} 0.0 91406.0 12802.0 0.6889548508045618 5 24 21.0 0.0 0.6889548508045618 0
27 ec.gp.GPIndividual@1358807882{976506454} 0.0 79122.0 12802.0 0.19534513626417346 5 30 21.0 0.0 27 ec.gp.GPIndividual@1739979987{-552096218} 0.19534513626417346 0
27 ec.gp.GPIndividual@1698816170{-1311327843} 0.0 94463.0 10087.0 0.8438584316446912 0.0 5 24 21.0 0.0 90998.0 10087.0 0.7208248711138885 0.8438584316446912 0
5 24 21.0 0.0 0.7208248711138885 0
27 ec.gp.GPIndividual@1698816170{-1311327843} 0.0 94339.0 8317.0 0.8255380545869905 5 24 21.0 0.0 0.8255380545869905 0
27 ec.gp.GPIndividual@1739979987{-552096218} 0.0 91587.0 10087.0 0.5872905720233964 5 24 21.0 0.0 27 ec.gp.GPIndividual@1416076602{777632403} 0.5872905720233964 0
0.0 88156.0 14578.0 0.574975991219646 5 26 21.0 0.0 0.574975991219646 0
27 ec.gp.GPIndividual@2007557353{464843713} 0.0 97094.0 10054.0 0.5816590411776408 5 22 21.0 0.0 0.5816590411776408 0
27 ec.gp.GPIndividual@1739979987{-552096218} 0.0 90980.0 8317.0 0.5724419862931346 5 24 21.0 0.0 0.5724419862931346 0
27 ec.gp.GPIndividual@2007557353{464843713} 0.0 97094.0 8387.0 0.4985095981876714 5 22 21.0 0.0 0.4985095981876714 0
27 ec.gp.GPIndividual@2007557353{464843713} 0.0 97094.0 14578.0 0.7114830566607216 5 22 21.0 0.0 0.7114830566607216 0
27 ec.gp.GPIndividual@2007557353{464843713} 0.0 97094.0 10861.0 0.6127428413589909 5 22 21.0 0.0 0.6127428413589909 0
27 ec.gp.GPIndividual@2007557353{464843713} 0.0 97094.0 8160.0 0.48455882352941176 27 ec.gp.GPIndividual@1416076602{777632403} 5 22 21.0 0.0 0.0 0.48455882352941176 0
87902.0 10861.0 0.4529048890525734 5 26 21.0 0.0 0.4529048890525734 0
27 ec.gp.GPIndividual@2007557353{464843713} 0.0 97094.0 12802.0 0.6714575847523825 5 22 21.0 0.0 0.6714575847523825 0
27 ec.gp.GPIndividual@1358807882{976506454} 27 ec.gp.GPIndividual@2007557353{464843713} 0.0 0.0 79122.0 10087.0 0.03541194706092762 97094.0 10087.0 0.5830276593635372 5 30 21.0 0.0 5 22 21.0 0.0 0.03541194706092762 0
0.5830276593635372 0
27 ec.gp.GPIndividual@2007557353{464843713} 0.0 97094.0 8317.0 0.49428880605987735 5 22 21.0 0.0 0.49428880605987735 0
27 ec.gp.GPIndividual@1416076602{777632403} 0.0 87902.0 8160.0 0.27181372549019606 5 26 21.0 0.0 0.27181372549019606 0
27 ec.gp.GPIndividual@1903037789{901409317} 0.0 70392.0 10054.0 0.023274318679132683 5 30 21.0 0.0 0.023274318679132683 0
27 ec.gp.GPIndividual@1358807882{976506454} 0.0 87078.0 14578.0 0.6489230347098367 5 30 21.0 0.0 0.6489230347098367 0
27 ec.gp.GPIndividual@1416076602{777632403} 0.0 88156.0 12802.0 0.5160131229495392 5 26 21.0 0.0 0.5160131229495392 0
27 ec.gp.GPIndividual@1416076602{777632403} 0.0 87902.0 10087.0 0.4109249529096857 5 26 21.0 0.0 0.4109249529096857 0
27 ec.gp.GPIndividual@1358807882{976506454} 0.0 79122.0 10861.0 0.2551330448393334 5 30 21.0 0.0 0.2551330448393334 0
27 ec.gp.GPIndividual@1416076602{777632403} 0.0 87902.0 8317.0 0.28555969700613204 5 26 21.0 0.0 0.28555969700613204 0
27 ec.gp.GPIndividual@1358807882{976506454} 0.0 83138.0 8160.0 0.1860294117647059 5 30 21.0 0.0 0.1860294117647059 0
27 ec.gp.GPIndividual@1903037789{901409317} 0.0 70392.0 8387.0 0.22666030761893408 5 30 21.0 0.0 0.22666030761893408 0
27 ec.gp.GPIndividual@1358807882{976506454} 0.0 83360.0 12802.0 0.4638337759725043 5 30 21.0 0.0 0.4638337759725043 0
27 ec.gp.GPIndividual@1358807882{976506454} 0.0 79122.0 10087.0 0.1979775949241598 5 30 21.0 0.0 0.1979775949241598 0
27 ec.gp.GPIndividual@1358807882{976506454} 0.0 83138.0 8317.0 0.2013947336780089 5 30 21.0 0.0 0.2013947336780089 0
27 ec.gp.GPIndividual@1903037789{901409317} 0.0 66500.0 14578.0 0.18644532857730828 5 30 21.0 0.0 0.18644532857730828 0
27 ec.gp.GPIndividual@1903037789{901409317} 0.0 70392.0 10861.0 0.05275757296749839 5 30 21.0 0.0 0.05275757296749839 0
27 ec.gp.GPIndividual@1903037789{901409317} 0.0 70392.0 8160.0 0.2607843137254902 5 30 21.0 0.0 0.2607843137254902 0
27 ec.gp.GPIndividual@1903037789{901409317} 0.0 70800.0 12802.0 0.16450554600843617 5 30 21.0 0.0 0.16450554600843617 0
27 ec.gp.GPIndividual@1903037789{901409317} 0.0 70392.0 10087.0 0.019926638247248933 5 30 21.0 0.0 0.019926638247248933 0
27 ec.gp.GPIndividual@1903037789{901409317} 0.0 70392.0 8317.0 0.23698448959961524 5 30 21.0 0.0 0.23698448959961524 0
27 ec.gp.GPIndividual@1241539176{-1999857751} 5.0 19584.0 10054.0 0.9478814402227969 5 30 21.0 0.0 0.9478814402227969 0
27 ec.gp.GPIndividual@1241539176{-1999857751} 4.0 19584.0 8387.0 1.3350423274114702 5 30 21.0 0.0 1.3350423274114702 0
27 ec.gp.GPIndividual@1241539176{-1999857751} 4.0 19584.0 14578.0 0.3433941555768967 5 30 21.0 0.0 0.3433941555768967 0
27 ec.gp.GPIndividual@1241539176{-1999857751} 4.0 19584.0 10861.0 0.803148881318479 5 30 21.0 0.0 0.803148881318479 0
27 ec.gp.GPIndividual@1241539176{-1999857751} 5.0 19584.0 8160.0 1.4 5 30 21.0 0.0 1.4 0
27 ec.gp.GPIndividual@1241539176{-1999857751} 4.0 19584.0 12802.0 0.52976097484768 5 30 21.0 0.0 0.52976097484768 0
27 ec.gp.GPIndividual@1241539176{-1999857751} 4.0 19584.0 10087.0 0.9415088728065827 5 30 21.0 0.0 0.9415088728065827 0
27 ec.gp.GPIndividual@1241539176{-1999857751} 6.0 19584.0 8317.0 1.3546952025970902 5 30 21.0 0.0 1.3546952025970902 0
28 ec.gp.GPIndividual@1642882269{-2141226790} 0.0 94430.0 10054.0 0.8466282076785359 5 24 21.0 0.0 0.8466282076785359 0
28 ec.gp.GPIndividual@1642882269{-2141226790} 0.0 94430.0 8387.0 0.8161440324311434 5 24 21.0 0.0 0.8161440324311434 0
28 ec.gp.GPIndividual@1642882269{-2141226790} 0.0 91172.0 14578.0 0.7429002606667582 5 24 21.0 0.0 0.7429002606667582 0
28 ec.gp.GPIndividual@1642882269{-2141226790} 0.0 91406.0 10861.0 0.6333670932694964 5 24 21.0 0.0 0.6333670932694964 0
28 ec.gp.GPIndividual@1642882269{-2141226790} 0.0 94339.0 8160.0 0.8221813725490196 5 24 21.0 0.0 0.8221813725490196 0
28 ec.gp.GPIndividual@1642882269{-2141226790} 0.0 91406.0 12802.0 0.6889548508045618 5 24 21.0 0.0 0.6889548508045618 0
28 ec.gp.GPIndividual@1642882269{-2141226790} 0.0 94463.0 10087.0 0.8438584316446912 5 24 21.0 0.0 0.8438584316446912 0
28 ec.gp.GPIndividual@1642882269{-2141226790} 0.0 94339.0 8317.0 0.8255380545869905 5 24 21.0 0.0 0.8255380545869905 0
28 ec.gp.GPIndividual@1206189538{1049561618} 0.0 95726.0 10054.0 0.7177242888402626 5 26 21.0 0.0 0.7177242888402626 0
28 ec.gp.GPIndividual@1206189538{1049561618} 0.0 95726.0 8387.0 0.6616191725289138 5 26 21.0 0.0 0.6616191725289138 0
28 ec.gp.GPIndividual@1206189538{1049561618} 0.0 95900.0 14578.0 0.7933872959253669 5 26 21.0 0.0 0.7933872959253669 0
28 ec.gp.GPIndividual@1206189538{1049561618} 0.0 95726.0 10861.0 0.7386980940981493 5 26 21.0 0.0 0.7386980940981493 0
28 ec.gp.GPIndividual@1206189538{1049561618} 0.0 95726.0 8160.0 0.6522058823529412 5 26 21.0 0.0 0.6522058823529412 0
28 ec.gp.GPIndividual@1206189538{1049561618} 0.0 95726.0 12802.0 0.7783158881424778 5 26 21.0 0.0 0.7783158881424778 0
28 ec.gp.GPIndividual@1206189538{1049561618} 0.0 95726.0 10087.0 0.7186477644492911 5 26 21.0 0.0 0.7186477644492911 0
28 ec.gp.GPIndividual@1286761319{-1005139070} 0.0 74660.0 10054.0 0.09568331012532326 5 22 21.0 0.0 0.09568331012532326 0
28 ec.gp.GPIndividual@681878568{-1196170962} 0.0 28 ec.gp.GPIndividual@1206189538{1049561618} 74660.0 10054.0 0.09568331012532326 0.0 5 30 21.0 0.0 95726.0 10054.0 0.6587711915354094 0.09568331012532326 0
5 26 21.0 0.0 0.6587711915354094 0
28 ec.gp.GPIndividual@1710553906{-93837055} 0.0 70354.0 10054.0 0.01949472846628208 5 28 21.0 0.0 0.01949472846628208 0
28 ec.gp.GPIndividual@380224091{1587507349} 0.0 70392.0 10054.0 0.023274318679132683 5 32 21.0 0.0 0.023274318679132683 0
28 ec.gp.GPIndividual@1286761319{-1005139070} 0.0 74660.0 8387.0 0.08405866221533326 5 22 21.0 0.0 0.08405866221533326 0
28 ec.gp.GPIndividual@681878568{-1196170962} 0.0 74660.0 8387.0 0.08405866221533326 5 30 21.0 0.0 0.08405866221533326 0
28 ec.gp.GPIndividual@1710553906{-93837055} 0.0 73902.0 8387.0 0.0063193036842732805 5 28 21.0 0.0 0.0063193036842732805 0
28 ec.gp.GPIndividual@380224091{1587507349} 0.0 70392.0 8387.0 0.22666030761893408 5 32 21.0 0.0 0.22666030761893408 0
28 ec.gp.GPIndividual@1710553906{-93837055} 0.0 78140.0 14578.0 0.5124159692687611 5 28 21.0 0.0 0.5124159692687611 0
28 ec.gp.GPIndividual@1286761319{-1005139070} 0.0 70800.0 14578.0 0.26629167238304297 5 22 21.0 0.0 0.26629167238304297 0
28 ec.gp.GPIndividual@681878568{-1196170962} 0.0 70800.0 14578.0 0.26629167238304297 5 30 21.0 0.0 0.26629167238304297 0
28 ec.gp.GPIndividual@1286761319{-1005139070} 0.0 74660.0 10861.0 0.16287634656109015 5 22 21.0 0.0 0.16287634656109015 0
28 ec.gp.GPIndividual@681878568{-1196170962} 0.0 74660.0 10861.0 0.16287634656109015 5 30 21.0 0.0 0.16287634656109015 0
28 ec.gp.GPIndividual@1710553906{-93837055} 0.0 70354.0 10861.0 0.05625632998803057 5 28 21.0 0.0 0.05625632998803057 0
28 ec.gp.GPIndividual@1710553906{-93837055} 0.0 84972.0 8160.0 0.6308823529411764 5 28 21.0 0.0 0.6308823529411764 0
28 ec.gp.GPIndividual@380224091{1587507349} 0.0 66500.0 14578.0 0.18644532857730828 5 32 21.0 0.0 0.18644532857730828 0
28 ec.gp.GPIndividual@1286761319{-1005139070} 0.0 74660.0 8160.0 0.1142156862745098 5 22 21.0 0.0 0.1142156862745098 0
28 ec.gp.GPIndividual@681878568{-1196170962} 0.0 74660.0 8160.0 0.1142156862745098 5 30 21.0 0.0 0.1142156862745098 0
28 ec.gp.GPIndividual@1710553906{-93837055} 0.0 74124.0 12802.0 0.3316669270426496 5 28 21.0 0.0 0.3316669270426496 0
28 ec.gp.GPIndividual@1286761319{-1005139070} 0.0 75160.0 12802.0 0.2507420715513201 5 22 21.0 0.0 0.2507420715513201 0
28 ec.gp.GPIndividual@681878568{-1196170962} 0.0 75160.0 12802.0 0.2507420715513201 5 30 21.0 0.0 0.2507420715513201 0
28 ec.gp.GPIndividual@380224091{1587507349} 0.0 70392.0 10861.0 0.05275757296749839 5 32 21.0 0.0 0.05275757296749839 0
28 ec.gp.GPIndividual@1710553906{-93837055} 0.0 70354.0 10087.0 0.01615941310597799 5 28 21.0 0.0 0.01615941310597799 0
28 ec.gp.GPIndividual@1286761319{-1005139070} 0.0 74660.0 10087.0 0.0986418161990681 5 22 21.0 0.0 0.0986418161990681 0
28 ec.gp.GPIndividual@1710553906{-93837055} 0.0 84935.0 8317.0 0.6422989058554768 5 28 21.0 0.0 0.6422989058554768 0
28 ec.gp.GPIndividual@681878568{-1196170962} 0.0 74660.0 10087.0 0.0986418161990681 5 30 21.0 0.0 0.0986418161990681 0
28 ec.gp.GPIndividual@2104013983{-363135060} 0.0 79122.0 10054.0 0.19534513626417346 5 18 21.0 0.0 0.19534513626417346 0
28 ec.gp.GPIndividual@1286761319{-1005139070} 0.0 74660.0 8317.0 0.09318263797042203 5 22 21.0 0.0 0.09318263797042203 0
28 ec.gp.GPIndividual@380224091{1587507349} 0.0 70392.0 8160.0 0.2607843137254902 5 32 21.0 0.0 0.2607843137254902 0
28 ec.gp.GPIndividual@681878568{-1196170962} 0.0 74660.0 8317.0 0.09318263797042203 5 30 21.0 0.0 0.09318263797042203 0
28 ec.gp.GPIndividual@2104013983{-363135060} 0.0 79122.0 8387.0 0.03541194706092762 5 18 21.0 0.0 0.03541194706092762 0
28 ec.gp.GPIndividual@2104013983{-363135060} 0.0 87078.0 14578.0 0.6489230347098367 5 18 21.0 0.0 0.6489230347098367 0
28 ec.gp.GPIndividual@2104013983{-363135060} 0.0 79122.0 10861.0 0.2551330448393334 5 18 21.0 0.0 0.2551330448393334 0
28 ec.gp.GPIndividual@380224091{1587507349} 0.0 70800.0 12802.0 0.16450554600843617 5 32 21.0 0.0 0.16450554600843617 0
28 ec.gp.GPIndividual@1865116251{-226526500} 0.0 70392.0 10054.0 0.023274318679132683 5 26 21.0 0.0 0.023274318679132683 0
28 ec.gp.GPIndividual@2104013983{-363135060} 0.0 83138.0 8160.0 0.1860294117647059 5 18 21.0 0.0 0.1860294117647059 0
28 ec.gp.GPIndividual@2104013983{-363135060} 0.0 83360.0 12802.0 0.4638337759725043 5 18 21.0 0.0 0.4638337759725043 0
28 ec.gp.GPIndividual@2104013983{-363135060} 0.0 79122.0 10087.0 0.1979775949241598 5 18 21.0 0.0 0.1979775949241598 0
28 ec.gp.GPIndividual@1865116251{-226526500} 0.0 70392.0 8387.0 0.22666030761893408 5 26 21.0 0.0 0.22666030761893408 0
28 ec.gp.GPIndividual@380224091{1587507349} 0.0 70392.0 10087.0 0.019926638247248933 5 32 21.0 0.0 0.019926638247248933 0
28 ec.gp.GPIndividual@2104013983{-363135060} 0.0 83138.0 8317.0 0.2013947336780089 5 18 21.0 0.0 0.2013947336780089 0
28 ec.gp.GPIndividual@380224091{1587507349} 0.0 70392.0 8317.0 0.23698448959961524 5 32 21.0 0.0 0.23698448959961524 0
28 ec.gp.GPIndividual@1865116251{-226526500} 0.0 66500.0 14578.0 0.18644532857730828 5 26 21.0 0.0 0.18644532857730828 0
28 ec.gp.GPIndividual@451366460{1104481617} 0.0 75160.0 10054.0 0.045951859956236324 5 28 21.0 0.0 0.045951859956236324 0
28 ec.gp.GPIndividual@1865116251{-226526500} 0.0 70392.0 10861.0 0.05275757296749839 5 26 21.0 0.0 0.05275757296749839 0
28 ec.gp.GPIndividual@451366460{1104481617} 0.0 75160.0 8387.0 0.14367473470847741 5 28 21.0 0.0 0.14367473470847741 0
28 ec.gp.GPIndividual@451366460{1104481617} 0.0 79222.0 14578.0 0.43819453971738237 5 28 21.0 0.0 0.43819453971738237 0
28 ec.gp.GPIndividual@1865116251{-226526500} 0.0 70392.0 8160.0 0.2607843137254902 5 26 21.0 0.0 0.2607843137254902 0
28 ec.gp.GPIndividual@451366460{1104481617} 0.0 75160.0 10861.0 0.1168400699751404 5 28 21.0 0.0 0.1168400699751404 0
28 ec.gp.GPIndividual@1865116251{-226526500} 0.0 70800.0 12802.0 0.16450554600843617 5 26 21.0 0.0 0.16450554600843617 0
28 ec.gp.GPIndividual@451366460{1104481617} 0.0 78900.0 8160.0 0.035784313725490194 5 28 21.0 0.0 0.035784313725490194 0
28 ec.gp.GPIndividual@451366460{1104481617} 0.0 79400.0 12802.0 0.34635213247930013 5 28 21.0 0.0 0.34635213247930013 0
28 ec.gp.GPIndividual@1865116251{-226526500} 0.0 70392.0 10087.0 0.019926638247248933 5 26 21.0 0.0 0.019926638247248933 0
28 ec.gp.GPIndividual@451366460{1104481617} 0.0 75160.0 10087.0 0.04907306434023991 5 28 21.0 0.0 0.04907306434023991 0
28 ec.gp.GPIndividual@451366460{1104481617} 0.0 78900.0 8317.0 0.05398581219189612 5 28 21.0 0.0 0.05398581219189612 0
28 ec.gp.GPIndividual@1865116251{-226526500} 0.0 70392.0 8317.0 0.23698448959961524 5 26 21.0 0.0 0.23698448959961524 0
29 ec.gp.GPIndividual@1383889623{-821678692} 0.0 29 ec.gp.GPIndividual@1061667785{335185092} 89204.0 10054.0 0.8229560373980506 0.0 5 18 21.0 0.0 105260.0 10054.0 0.8563755719116769 0.8229560373980506 0
5 24 21.0 0.0 0.8563755719116769 0
29 ec.gp.GPIndividual@1383889623{-821678692} 0.0 89204.0 8387.0 0.7877667819244069 5 18 21.0 0.0 0.7877667819244069 0
29 ec.gp.GPIndividual@1061667785{335185092} 29 ec.gp.GPIndividual@627325081{-1425666626} 0.0 0.0 105260.0 10054.0 0.8278287826397996 78424.0 10054.0 0.2647702407002188 5 24 21.0 0.0 5 20 21.0 0.0 0.8278287826397996 0
0.2647702407002188 0
29 ec.gp.GPIndividual@1487569263{1957444751} 0.0 29 ec.gp.GPIndividual@1061667785{335185092} 78455.0 14578.0 0.26168689078973545 0.0 5 30 21.0 0.0 105260.0 14578.0 0.9009466319110989 0.26168689078973545 0
29 ec.gp.GPIndividual@1939493477{339533552} 0.0 83138.0 10054.0 0.3393674159538492 5 22 21.0 0.0 5 24 21.0 0.0 0.3393674159538492 0
0.9009466319110989 0
29 ec.gp.GPIndividual@1061667785{335185092} 0.0 105260.0 10861.0 0.8670472332197772 5 24 21.0 0.0 0.8670472332197772 0
29 ec.gp.GPIndividual@627325081{-1425666626} 0.0 78424.0 8387.0 0.11863598426135687 29 ec.gp.GPIndividual@1061667785{335185092} 5 20 21.0 0.0 0.0 0.11863598426135687 0
105260.0 8160.0 0.8230392156862745 5 24 21.0 0.0 0.8230392156862745 0
29 ec.gp.GPIndividual@1061667785{335185092} 0.0 105260.0 12802.0 0.8872051241993438 5 24 21.0 0.0 0.8872051241993438 0
29 ec.gp.GPIndividual@1383889623{-821678692} 0.0 82314.0 14578.0 0.6009054740019207 5 18 21.0 0.0 29 ec.gp.GPIndividual@1061667785{335185092} 0.6009054740019207 0
29 ec.gp.GPIndividual@1487569263{1957444751} 0.0 78455.0 8387.0 0.11493978776678193 0.0 5 30 21.0 0.0 0.11493978776678193 0
29 ec.gp.GPIndividual@627325081{-1425666626} 0.0 77969.0 14578.0 0.524145973384552 5 20 21.0 0.0 105260.0 8387.0 0.8568454446317042 0.524145973384552 0
5 24 21.0 0.0 0.8568454446317042 0
29 ec.gp.GPIndividual@1061667785{335185092} 0.0 105260.0 8317.0 0.8263797042202717 5 24 21.0 0.0 0.8263797042202717 0
29 ec.gp.GPIndividual@1939493477{339533552} 0.0 83138.0 8387.0 0.2080600930010731 5 22 21.0 0.0 0.2080600930010731 0
29 ec.gp.GPIndividual@627325081{-1425666626} 0.0 77757.0 10861.0 0.38081207991897614 5 20 21.0 0.0 0.38081207991897614 0
29 ec.gp.GPIndividual@1487569263{1957444751} 0.0 79242.0 14578.0 0.4368226094114419 5 30 21.0 0.0 0.4368226094114419 0
29 ec.gp.GPIndividual@1383889623{-821678692} 0.0 82314.0 10861.0 0.46432188564588894 5 18 21.0 0.0 0.46432188564588894 0
29 ec.gp.GPIndividual@1383889623{-821678692} 0.0 89066.0 8160.0 0.7987745098039216 5 18 21.0 0.0 0.7987745098039216 0
29 ec.gp.GPIndividual@627325081{-1425666626} 0.0 78424.0 8160.0 0.09411764705882353 5 20 21.0 0.0 0.09411764705882353 0
29 ec.gp.GPIndividual@1487569263{1957444751} 0.0 78455.0 10861.0 0.31654543780499034 5 30 21.0 0.0 0.31654543780499034 0
29 ec.gp.GPIndividual@1939493477{339533552} 0.0 82314.0 14578.0 0.6009054740019207 5 22 21.0 0.0 0.6009054740019207 0
29 ec.gp.GPIndividual@627325081{-1425666626} 0.0 77791.0 12802.0 0.47203561943446337 5 20 21.0 0.0 0.47203561943446337 0
29 ec.gp.GPIndividual@1044522393{1118774835} 0.0 79122.0 10054.0 0.19534513626417346 5 24 21.0 0.0 0.19534513626417346 0
29 ec.gp.GPIndividual@1383889623{-821678692} 0.0 82314.0 12802.0 0.5455397594125918 5 18 21.0 0.0 0.5455397594125918 0
29 ec.gp.GPIndividual@1487569263{1957444751} 0.0 78455.0 8160.0 0.09031862745098039 5 30 21.0 0.0 0.09031862745098039 0
29 ec.gp.GPIndividual@627325081{-1425666626} 0.0 78198.0 10087.0 0.28958064835927433 5 20 21.0 0.0 0.28958064835927433 0
29 ec.gp.GPIndividual@1939493477{339533552} 0.0 82314.0 10861.0 0.46432188564588894 5 22 21.0 0.0 0.46432188564588894 0
29 ec.gp.GPIndividual@627325081{-1425666626} 0.0 78424.0 8317.0 0.11121798725501984 5 20 21.0 0.0 0.11121798725501984 0
29 ec.gp.GPIndividual@1939493477{339533552} 0.0 89103.0 8160.0 0.7942401960784313 5 22 21.0 0.0 0.7942401960784313 0
29 ec.gp.GPIndividual@1383889623{-821678692} 29 ec.gp.GPIndividual@1487569263{1957444751} 0.0 0.0 78702.0 12802.0 0.40087486330260896 82314.0 12802.0 0.4232180033706751 5 30 21.0 0.0 5 18 21.0 0.0 0.40087486330260896 0
0.4232180033706751 0
29 ec.gp.GPIndividual@1383889623{-821678692} 0.0 89066.0 8317.0 0.8025730431646027 5 18 21.0 0.0 0.8025730431646027 0
29 ec.gp.GPIndividual@1044522393{1118774835} 0.0 79122.0 8387.0 0.03541194706092762 5 24 21.0 0.0 0.03541194706092762 0
29 ec.gp.GPIndividual@1487569263{1957444751} 0.0 78455.0 10087.0 0.2641023099038366 5 30 21.0 0.0 0.2641023099038366 0
29 ec.gp.GPIndividual@1939493477{339533552} 0.0 82314.0 12802.0 0.5455397594125918 5 22 21.0 0.0 0.5455397594125918 0
29 ec.gp.GPIndividual@1044522393{1118774835} 0.0 87078.0 14578.0 0.6489230347098367 5 24 21.0 0.0 0.6489230347098367 0
29 ec.gp.GPIndividual@1487569263{1957444751} 0.0 78455.0 8317.0 0.10749068173620296 5 30 21.0 0.0 0.10749068173620296 0
29 ec.gp.GPIndividual@1939493477{339533552} 0.0 83138.0 10087.0 0.34152870030732624 5 22 21.0 0.0 0.34152870030732624 0
29 ec.gp.GPIndividual@1939493477{339533552} 0.0 89103.0 8317.0 0.7981243236744018 5 22 21.0 0.0 0.7981243236744018 0
29 ec.gp.GPIndividual@1196700821{1706565792} 0.0 105260.0 10054.0 0.8563755719116769 5 18 21.0 0.0 0.8563755719116769 0
29 ec.gp.GPIndividual@1196700821{1706565792} 0.0 105260.0 8387.0 0.8278287826397996 5 18 21.0 0.0 0.8278287826397996 0
29 ec.gp.GPIndividual@1196700821{1706565792} 0.0 105260.0 14578.0 0.9009466319110989 5 18 21.0 0.0 0.9009466319110989 0
29 ec.gp.GPIndividual@1196700821{1706565792} 0.0 105260.0 10054.0 0.8670472332197772 5 18 21.0 0.0 29 ec.gp.GPIndividual@463884754{-1005139070} 0.8670472332197772 0
29 ec.gp.GPIndividual@256800159{-958419018} 0.0 83664.0 8160.0 0.28704993037596976 29 ec.gp.GPIndividual@1044522393{1118774835} 5 30 21.0 0.0 0.0 29 ec.gp.GPIndividual@1196700821{1706565792} 0.28704993037596976 0
0.0 74660.0 8160.0 0.09568331012532326 5 22 21.0 0.0 0.09568331012532326 0
0.0 105260.0 8160.0 0.8230392156862745 5 18 21.0 0.0 0.8230392156862745 0
79122.0 8160.0 0.2551330448393334 5 24 21.0 0.0 0.2551330448393334 0
29 ec.gp.GPIndividual@1196700821{1706565792} 0.0 105260.0 12802.0 0.8872051241993438 5 18 21.0 0.0 0.8872051241993438 0
29 ec.gp.GPIndividual@1196700821{1706565792} 0.0 105260.0 10087.0 0.8568454446317042 5 18 21.0 0.0 0.8568454446317042 0
29 ec.gp.GPIndividual@1196700821{1706565792} 0.0 105260.0 8317.0 0.8263797042202717 5 18 21.0 0.0 0.8263797042202717 0
29 ec.gp.GPIndividual@1044522393{1118774835} 0.0 83138.0 8387.0 0.1860294117647059 29 ec.gp.GPIndividual@256800159{-958419018} 5 24 21.0 0.0 0.0 0.1860294117647059 0
83664.0 8387.0 0.14534398473828544 5 30 21.0 0.0 0.14534398473828544 0
29 ec.gp.GPIndividual@1044522393{1118774835} 0.0 29 ec.gp.GPIndividual@463884754{-1005139070} 83360.0 8387.0 0.4638337759725043 0.0 5 24 21.0 0.0 0.4638337759725043 0
74660.0 8387.0 0.08405866221533326 5 22 21.0 0.0 0.08405866221533326 0
29 ec.gp.GPIndividual@256800159{-958419018} 0.0 83918.0 14578.0 0.49087666346549597 5 30 21.0 0.0 0.49087666346549597 0
29 ec.gp.GPIndividual@1044522393{1118774835} 0.0 79122.0 10087.0 0.1979775949241598 5 24 21.0 0.0 0.1979775949241598 0
29 ec.gp.GPIndividual@256800159{-958419018} 0.0 83664.0 10861.0 0.3400239388638247 5 30 21.0 0.0 0.3400239388638247 0
29 ec.gp.GPIndividual@1044522393{1118774835} 0.0 83138.0 8317.0 0.2013947336780089 5 24 21.0 0.0 0.2013947336780089 0
29 ec.gp.GPIndividual@1300430658{394733054} 1.0 57268.0 10054.0 0.3483190769842849 5 26 21.0 0.0 0.3483190769842849 0
29 ec.gp.GPIndividual@256800159{-958419018} 0.0 83664.0 8160.0 0.12156862745098039 5 30 21.0 0.0 0.12156862745098039 0
29 ec.gp.GPIndividual@463884754{-1005139070} 0.0 70800.0 14578.0 0.26629167238304297 5 22 21.0 0.0 0.26629167238304297 0
29 ec.gp.GPIndividual@256800159{-958419018} 0.0 83918.0 12802.0 0.42024683643180755 5 30 21.0 0.0 0.42024683643180755 0
29 ec.gp.GPIndividual@256800159{-958419018} 0.0 83664.0 10087.0 0.28938237335183903 5 30 21.0 0.0 0.28938237335183903 0
29 ec.gp.GPIndividual@463884754{-1005139070} 0.0 74660.0 10861.0 0.16287634656109015 5 22 21.0 0.0 0.16287634656109015 0
29 ec.gp.GPIndividual@256800159{-958419018} 0.0 83664.0 8317.0 0.13815077552001923 5 30 21.0 0.0 0.13815077552001923 0
29 ec.gp.GPIndividual@463884754{-1005139070} 0.0 74660.0 8160.0 0.1142156862745098 5 22 21.0 0.0 0.1142156862745098 0
29 ec.gp.GPIndividual@463884754{-1005139070} 0.0 29 ec.gp.GPIndividual@1709215852{1147894814} 75160.0 10054.0 0.2507420715513201 0.0 5 22 21.0 0.0 70354.0 10054.0 0.01949472846628208 0.2507420715513201 0
5 30 21.0 0.0 0.01949472846628208 0
29 ec.gp.GPIndividual@1300430658{394733054} 1.0 57268.0 8387.0 0.6163109574341242 5 26 21.0 0.0 0.6163109574341242 0
29 ec.gp.GPIndividual@463884754{-1005139070} 0.0 74660.0 10087.0 0.0986418161990681 5 22 21.0 0.0 0.0986418161990681 0
29 ec.gp.GPIndividual@1709215852{1147894814} 0.0 73902.0 8387.0 0.0063193036842732805 5 30 21.0 0.0 0.0063193036842732805 0
29 ec.gp.GPIndividual@1709215852{1147894814} 0.0 78140.0 14578.0 0.5124159692687611 5 30 21.0 0.0 0.5124159692687611 0
29 ec.gp.GPIndividual@1300430658{394733054} 0.0 69206.0 14578.0 0.3756345177664975 5 26 21.0 0.0 0.3756345177664975 0
29 ec.gp.GPIndividual@463884754{-1005139070} 0.0 74660.0 8317.0 0.09318263797042203 5 22 21.0 0.0 0.09318263797042203 0
29 ec.gp.GPIndividual@1137046503{132543547} 0.0 74660.0 10054.0 0.09568331012532326 5 34 21.0 0.0 0.09568331012532326 0
29 ec.gp.GPIndividual@1709215852{1147894814} 0.0 70354.0 10861.0 0.05625632998803057 5 30 21.0 0.0 0.05625632998803057 0
29 ec.gp.GPIndividual@1709215852{1147894814} 0.0 84972.0 8160.0 0.6308823529411764 5 30 21.0 0.0 0.6308823529411764 0
29 ec.gp.GPIndividual@1137046503{132543547} 0.0 74660.0 8387.0 0.08405866221533326 5 34 21.0 0.0 0.08405866221533326 0
29 ec.gp.GPIndividual@1709215852{1147894814} 0.0 74124.0 12802.0 0.3316669270426496 5 30 21.0 0.0 0.3316669270426496 0
29 ec.gp.GPIndividual@1300430658{394733054} 0.0 61486.0 10861.0 0.1334131295460823 5 26 21.0 0.0 0.1334131295460823 0
29 ec.gp.GPIndividual@1137046503{132543547} 0.0 70800.0 14578.0 0.26629167238304297 5 34 21.0 0.0 0.26629167238304297 0
29 ec.gp.GPIndividual@1709215852{1147894814} 0.0 70354.0 10087.0 0.01615941310597799 5 30 21.0 0.0 0.01615941310597799 0
29 ec.gp.GPIndividual@1709215852{1147894814} 0.0 84935.0 8317.0 0.6422989058554768 5 30 21.0 0.0 0.6422989058554768 0
29 ec.gp.GPIndividual@1137046503{132543547} 0.0 74660.0 10861.0 0.16287634656109015 5 34 21.0 0.0 0.16287634656109015 0
29 ec.gp.GPIndividual@1300430658{394733054} 0.0 61078.0 8160.0 0.458578431372549 5 26 21.0 0.0 0.458578431372549 0
29 ec.gp.GPIndividual@1137046503{132543547} 0.0 74660.0 8160.0 0.1142156862745098 5 34 21.0 0.0 0.1142156862745098 0
29 ec.gp.GPIndividual@1137046503{132543547} 0.0 75160.0 12802.0 0.2507420715513201 5 34 21.0 0.0 0.2507420715513201 0
29 ec.gp.GPIndividual@1300430658{394733054} 0.0 65346.0 12802.0 0.16372441805967816 5 26 21.0 0.0 0.16372441805967816 0
29 ec.gp.GPIndividual@1137046503{132543547} 0.0 74660.0 10087.0 0.0986418161990681 5 34 21.0 0.0 0.0986418161990681 0
29 ec.gp.GPIndividual@1137046503{132543547} 0.0 74660.0 8317.0 0.09318263797042203 5 34 21.0 0.0 0.09318263797042203 0
29 ec.gp.GPIndividual@1300430658{394733054} 1.0 57268.0 10087.0 0.34390800039655 5 26 21.0 0.0 0.34390800039655 0
29 ec.gp.GPIndividual@1300430658{394733054} 0.0 61078.0 8317.0 0.4310448479018877 5 26 21.0 0.0 0.4310448479018877 0
30 ec.gp.GPIndividual@868893597{-594344672} 0.0 30 ec.gp.GPIndividual@1549875905{-721234003} 109280.0 10054.0 1.0 0.0 30 ec.gp.GPIndividual@267235499{-740036670} 3 5 21.0 0.0 0.0 1.0 0
109280.0 10054.0 1.0 30 ec.gp.GPIndividual@868893597{-594344672} 0.0 109280.0 10054.0 1.0 30 ec.gp.GPIndividual@1668535053{405508317} 99798.0 10054.0 0.8561766461110006 0.0 5 14 21.0 0.0 3 5 21.0 0.0 1.0 0
1.0 0
99798.0 10054.0 0.8561766461110006 5 28 21.0 0.0 0.8561766461110006 0
5 26 21.0 0.0 0.8561766461110006 0
30 ec.gp.GPIndividual@868893597{-594344672} 0.0 109280.0 8387.0 1.0 3 5 21.0 0.0 1.0 0
30 ec.gp.GPIndividual@267235499{-740036670} 30 ec.gp.GPIndividual@868893597{-594344672} 0.0 109280.0 10861.0 1.0 0.0 3 5 21.0 0.0 1.0 0
30 ec.gp.GPIndividual@1549875905{-721234003} 30 ec.gp.GPIndividual@868893597{-594344672} 0.0 109280.0 8160.0 1.0 0.0 3 5 21.0 0.0 1.0 0
30 ec.gp.GPIndividual@1668535053{405508317} 30 ec.gp.GPIndividual@868893597{-594344672} 0.0 99798.0 12802.0 0.8275903183498271 0.0 5 28 21.0 0.0 109280.0 12802.0 1.0 0.8275903183498271 0
99798.0 8160.0 0.8275903183498271 5 26 21.0 0.0 0.8275903183498271 0
109280.0 10861.0 1.0 5 14 21.0 0.0 1.0 0
30 ec.gp.GPIndividual@1668535053{405508317} 30 ec.gp.GPIndividual@267235499{-740036670} 0.0 0.0 99972.0 14578.0 0.8888736452188228 109280.0 14578.0 1.0 5 28 21.0 0.0 3 5 21.0 0.0 0.8888736452188228 0
30 ec.gp.GPIndividual@2030917798{-958419018} 1.0 0
5 14 21.0 0.0 1.0 0
30 ec.gp.GPIndividual@1549875905{-721234003} 30 ec.gp.GPIndividual@267235499{-740036670} 0.0 0.0 109280.0 10861.0 1.0 99972.0 10861.0 0.8888736452188228 5 14 21.0 0.0 5 26 21.0 0.0 1.0 0
30 ec.gp.GPIndividual@868893597{-594344672} 30 ec.gp.GPIndividual@267235499{-740036670} 0.0 30 ec.gp.GPIndividual@1668535053{405508317} 0.0 109280.0 8160.0 1.0 0.0 3 5 21.0 0.0 0.0 1.0 0
0.8888736452188228 0
30 ec.gp.GPIndividual@868893597{-594344672} 0.0 109280.0 8317.0 1.0 3 5 21.0 0.0 109280.0 8160.0 1.0 1.0 0
99798.0 8160.0 0.8668630881134334 5 28 21.0 0.0 0.8668630881134334 0
83664.0 8160.0 0.28704993037596976 5 30 21.0 0.0 0.28704993037596976 0
30 ec.gp.GPIndividual@126324237{-1852891223} 0.0 105260.0 8160.0 0.8563755719116769 30 ec.gp.GPIndividual@1549875905{-721234003} 5 18 21.0 0.0 0.0 0.8563755719116769 0
5 14 21.0 0.0 1.0 0
99798.0 8160.0 0.8668630881134334 30 ec.gp.GPIndividual@267235499{-740036670} 30 ec.gp.GPIndividual@1668535053{405508317} 0.0 5 26 21.0 0.0 0.0 0.8668630881134334 0
30 ec.gp.GPIndividual@126324237{-1852891223} 0.0 105260.0 12802.0 0.8278287826397996 5 18 21.0 0.0 109280.0 12802.0 1.0 0.8278287826397996 0
99798.0 12802.0 0.8227941176470588 30 ec.gp.GPIndividual@1549875905{-721234003} 30 ec.gp.GPIndividual@126324237{-1852891223} 0.0 0.0 5 28 21.0 0.0 99798.0 14578.0 0.8227941176470588 105260.0 14578.0 0.9009466319110989 5 18 21.0 0.0 5 26 21.0 0.0 5 14 21.0 0.0 1.0 0
0.9009466319110989 0
0.8227941176470588 0
0.8227941176470588 0
30 ec.gp.GPIndividual@126324237{-1852891223} 30 ec.gp.GPIndividual@1668535053{405508317} 0.0 30 ec.gp.GPIndividual@2030917798{-958419018} 0.0 0.0 30 ec.gp.GPIndividual@267235499{-740036670} 0.0 30 ec.gp.GPIndividual@1549875905{-721234003} 0.0 99798.0 8387.0 0.8870488986095922 83664.0 8387.0 0.14534398473828544 99798.0 12802.0 0.8870488986095922 5 28 21.0 0.0 5 26 21.0 0.0 0.8870488986095922 0
105260.0 8387.0 0.8670472332197772 5 18 21.0 0.0 0.8670472332197772 0
109280.0 12802.0 1.0 5 14 21.0 0.0 1.0 0
30 ec.gp.GPIndividual@1668535053{405508317} 0.0 30 ec.gp.GPIndividual@267235499{-740036670} 99798.0 8317.0 0.8566471696242689 0.0 5 30 21.0 0.0 109280.0 8317.0 1.0 5 28 21.0 0.0 0.14534398473828544 0
0.8870488986095922 0
5 14 21.0 0.0 1.0 0
0.8566471696242689 0
30 ec.gp.GPIndividual@924397957{-781890584} 30 ec.gp.GPIndividual@126324237{-1852891223} 0.0 0.0 105260.0 10054.0 0.8230392156862745 5 18 21.0 0.0 99026.0 10054.0 0.9329620051720708 0.8230392156862745 0
30 ec.gp.GPIndividual@1549875905{-721234003} 0.0 99798.0 8317.0 0.8566471696242689 30 ec.gp.GPIndividual@1668535053{405508317} 5 26 21.0 0.0 30 ec.gp.GPIndividual@126324237{-1852891223} 0.0 0.0 0.8566471696242689 0
2 3 21.0 0.0 0.9329620051720708 0
105260.0 12802.0 0.8872051241993438 5 18 21.0 0.0 0.8872051241993438 0
99798.0 12802.0 0.8261392328964771 5 28 21.0 0.0 0.8261392328964771 0
30 ec.gp.GPIndividual@924397957{-781890584} 0.0 99026.0 10087.0 0.9196375342792417 2 3 21.0 0.0 0.9196375342792417 0
30 ec.gp.GPIndividual@1549875905{-721234003} 0.0 99798.0 10087.0 0.8261392328964771 30 ec.gp.GPIndividual@126324237{-1852891223} 5 26 21.0 0.0 0.0 0.8261392328964771 0
30 ec.gp.GPIndividual@924397957{-781890584} 0.0 99026.0 14578.0 0.9537659486898066 105260.0 14578.0 0.8568454446317042 2 3 21.0 0.0 5 18 21.0 0.0 0.9537659486898066 0
0.8568454446317042 0
30 ec.gp.GPIndividual@924397957{-781890584} 0.0 99026.0 10861.0 0.9379430991621398 2 3 21.0 0.0 0.9379430991621398 0
30 ec.gp.GPIndividual@126324237{-1852891223} 0.0 105260.0 8317.0 0.8263797042202717 5 18 21.0 0.0 30 ec.gp.GPIndividual@924397957{-781890584} 0.8263797042202717 0
0.0 99026.0 8160.0 0.9174019607843137 2 3 21.0 0.0 0.9174019607843137 0
30 ec.gp.GPIndividual@2030917798{-958419018} 0.0 83918.0 14578.0 0.49087666346549597 5 30 21.0 0.0 0.49087666346549597 0
30 ec.gp.GPIndividual@924397957{-781890584} 0.0 99026.0 12802.0 0.9473519762537104 2 3 21.0 0.0 0.9473519762537104 0
30 ec.gp.GPIndividual@924397957{-781890584} 0.0 99026.0 10087.0 0.9331813224942996 2 3 21.0 0.0 0.9331813224942996 0
30 ec.gp.GPIndividual@924397957{-781890584} 0.0 99026.0 8317.0 0.9189611638812072 2 3 21.0 0.0 0.9189611638812072 0
30 ec.gp.GPIndividual@2030917798{-958419018} 0.0 83664.0 10861.0 0.3400239388638247 5 30 21.0 0.0 0.3400239388638247 0
30 ec.gp.GPIndividual@2030917798{-958419018} 0.0 83664.0 8160.0 0.12156862745098039 5 30 21.0 0.0 0.12156862745098039 0
30 ec.gp.GPIndividual@2030917798{-958419018} 0.0 83918.0 12802.0 0.42024683643180755 5 30 21.0 0.0 0.42024683643180755 0
30 ec.gp.GPIndividual@2030917798{-958419018} 0.0 83664.0 10087.0 0.28938237335183903 5 30 21.0 0.0 0.28938237335183903 0
30 ec.gp.GPIndividual@2030917798{-958419018} 0.0 83664.0 8317.0 0.13815077552001923 5 30 21.0 0.0 0.13815077552001923 0
30 ec.gp.GPIndividual@649850291{-499689536} 0.0 74660.0 10054.0 0.09568331012532326 5 26 21.0 0.0 0.09568331012532326 0
30 ec.gp.GPIndividual@649850291{-499689536} 0.0 74660.0 8387.0 0.08405866221533326 5 26 21.0 0.0 0.08405866221533326 0
30 ec.gp.GPIndividual@649850291{-499689536} 0.0 70800.0 14578.0 0.26629167238304297 5 26 21.0 0.0 0.26629167238304297 0
30 ec.gp.GPIndividual@649850291{-499689536} 0.0 74660.0 10861.0 0.16287634656109015 5 26 21.0 0.0 0.16287634656109015 0
30 ec.gp.GPIndividual@649850291{-499689536} 0.0 74660.0 8160.0 0.1142156862745098 5 26 21.0 0.0 0.1142156862745098 0
30 ec.gp.GPIndividual@649850291{-499689536} 0.0 75160.0 12802.0 0.2507420715513201 5 26 21.0 0.0 0.2507420715513201 0
30 ec.gp.GPIndividual@649850291{-499689536} 0.0 74660.0 10087.0 0.0986418161990681 5 26 21.0 0.0 0.0986418161990681 0
30 ec.gp.GPIndividual@649850291{-499689536} 0.0 74660.0 8317.0 0.09318263797042203 5 26 21.0 0.0 0.09318263797042203 0
31 ec.gp.GPIndividual@118725243{321131384} 0.0 99798.0 10054.0 0.8561766461110006 31 ec.gp.GPIndividual@868050703{1193861792} 5 24 21.0 0.0 0.0 0.8561766461110006 0
105260.0 10054.0 0.8563755719116769 5 16 21.0 0.0 0.8563755719116769 0
31 ec.gp.GPIndividual@118725243{321131384} 0.0 99798.0 8387.0 0.8275903183498271 31 ec.gp.GPIndividual@868050703{1193861792} 5 24 21.0 0.0 0.0 0.8275903183498271 0
105260.0 8387.0 0.8278287826397996 5 16 21.0 0.0 0.8278287826397996 0
31 ec.gp.GPIndividual@118725243{321131384} 0.0 99972.0 14578.0 0.8888736452188228 5 24 21.0 0.0 0.8888736452188228 0
31 ec.gp.GPIndividual@868050703{1193861792} 0.0 105260.0 14578.0 0.9009466319110989 5 16 21.0 0.0 0.9009466319110989 0
31 ec.gp.GPIndividual@118725243{321131384} 0.0 99798.0 10054.0 0.8668630881134334 5 24 21.0 0.0 0.8668630881134334 0
31 ec.gp.GPIndividual@115301567{-820426713} 0.0 31 ec.gp.GPIndividual@868050703{1193861792} 88682.0 10861.0 0.3314103839267953 31 ec.gp.GPIndividual@118725243{321131384} 0.0 0.0 5 18 21.0 0.0 105260.0 8160.0 0.8670472332197772 0.3314103839267953 0
5 16 21.0 0.0 0.8670472332197772 0
99798.0 8160.0 0.8227941176470588 5 24 21.0 0.0 0.8227941176470588 0
31 ec.gp.GPIndividual@868050703{1193861792} 0.0 105260.0 8160.0 0.8230392156862745 5 16 21.0 0.0 0.8230392156862745 0
31 ec.gp.GPIndividual@118725243{321131384} 0.0 99798.0 12802.0 0.8870488986095922 5 24 21.0 0.0 0.8870488986095922 0
31 ec.gp.GPIndividual@868050703{1193861792} 0.0 105260.0 12802.0 0.8872051241993438 5 16 21.0 0.0 0.8872051241993438 0
31 ec.gp.GPIndividual@118725243{321131384} 0.0 99798.0 10087.0 0.8566471696242689 5 24 21.0 0.0 0.8566471696242689 0
31 ec.gp.GPIndividual@115301567{-820426713} 0.0 88682.0 8387.0 0.19852152140217003 5 18 21.0 0.0 31 ec.gp.GPIndividual@868050703{1193861792} 0.19852152140217003 0
31 ec.gp.GPIndividual@118725243{321131384} 0.0 99798.0 8317.0 0.8261392328964771 5 24 21.0 0.0 0.0 0.8261392328964771 0
105260.0 8317.0 0.8568454446317042 5 16 21.0 0.0 0.8568454446317042 0
31 ec.gp.GPIndividual@1636165264{-1530088278} 0.0 104262.0 10054.0 0.9556395464491745 1 1 21.0 0.0 0.9556395464491745 0
31 ec.gp.GPIndividual@868050703{1193861792} 0.0 105260.0 8317.0 0.8263797042202717 5 16 21.0 0.0 0.8263797042202717 0
31 ec.gp.GPIndividual@1636165264{-1530088278} 0.0 104262.0 8387.0 0.9468224633361154 1 1 21.0 0.0 0.9468224633361154 0
31 ec.gp.GPIndividual@1636165264{-1530088278} 0.0 104262.0 14578.0 0.9694059541775277 31 ec.gp.GPIndividual@1432338325{132543547} 1 1 21.0 0.0 0.0 0.9694059541775277 0
31 ec.gp.GPIndividual@115301567{-820426713} 31 ec.gp.GPIndividual@1636165264{-1530088278} 0.0 0.0 74660.0 14578.0 0.09568331012532326 104262.0 10861.0 0.9589356412853328 88682.0 10861.0 0.538894224173412 1 1 21.0 0.0 5 18 21.0 0.0 5 34 21.0 0.0 0.538894224173412 0
31 ec.gp.GPIndividual@1390978934{1323748379} 0.0 0.09568331012532326 0
0.9589356412853328 0
74660.0 10054.0 0.09568331012532326 5 36 21.0 0.0 0.09568331012532326 0
31 ec.gp.GPIndividual@1636165264{-1530088278} 0.0 104262.0 8160.0 0.9453431372549019 1 1 21.0 0.0 0.9453431372549019 0
31 ec.gp.GPIndividual@1636165264{-1530088278} 0.0 104262.0 12802.0 0.9651616934853929 1 1 21.0 0.0 0.9651616934853929 0
31 ec.gp.GPIndividual@1636165264{-1530088278} 0.0 104262.0 10087.0 0.9557846733419253 1 1 21.0 0.0 0.9557846733419253 0
31 ec.gp.GPIndividual@1636165264{-1530088278} 0.0 104262.0 8317.0 0.9463748947937959 1 1 21.0 0.0 0.9463748947937959 0
31 ec.gp.GPIndividual@115301567{-820426713} 0.0 88682.0 10861.0 0.38108829757849183 5 18 21.0 0.0 0.38108829757849183 0
31 ec.gp.GPIndividual@115301567{-820426713} 0.0 88682.0 8160.0 0.17622549019607844 5 18 21.0 0.0 0.17622549019607844 0
31 ec.gp.GPIndividual@1772091093{-1005139070} 0.0 74660.0 10054.0 0.09568331012532326 5 22 21.0 0.0 0.09568331012532326 0
31 ec.gp.GPIndividual@115301567{-820426713} 0.0 88682.0 12802.0 0.47492579284486797 5 18 21.0 0.0 0.47492579284486797 0
31 ec.gp.GPIndividual@1432338325{132543547} 0.0 74660.0 8387.0 0.08405866221533326 5 34 21.0 0.0 0.08405866221533326 0
31 ec.gp.GPIndividual@1390978934{1323748379} 0.0 74660.0 8387.0 0.08405866221533326 5 36 21.0 0.0 0.08405866221533326 0
31 ec.gp.GPIndividual@115301567{-820426713} 0.0 88682.0 10087.0 0.33359770000991373 5 18 21.0 0.0 0.33359770000991373 0
31 ec.gp.GPIndividual@115301567{-820426713} 0.0 88682.0 8317.0 0.1917758807262234 5 18 21.0 0.0 0.1917758807262234 0
31 ec.gp.GPIndividual@1772091093{-1005139070} 0.0 74660.0 8387.0 0.08405866221533326 5 22 21.0 0.0 0.08405866221533326 0
31 ec.gp.GPIndividual@1432338325{132543547} 0.0 70800.0 14578.0 0.26629167238304297 5 34 21.0 0.0 0.26629167238304297 0
31 ec.gp.GPIndividual@1390978934{1323748379} 0.0 70800.0 14578.0 0.26629167238304297 5 36 21.0 0.0 0.26629167238304297 0
31 ec.gp.GPIndividual@1772091093{-1005139070} 0.0 70800.0 14578.0 0.26629167238304297 5 22 21.0 0.0 0.26629167238304297 0
31 ec.gp.GPIndividual@1432338325{132543547} 0.0 74660.0 10861.0 0.16287634656109015 5 34 21.0 0.0 0.16287634656109015 0
31 ec.gp.GPIndividual@1390978934{1323748379} 0.0 74660.0 10861.0 0.16287634656109015 5 36 21.0 0.0 0.16287634656109015 0
31 ec.gp.GPIndividual@1772091093{-1005139070} 0.0 74660.0 10861.0 0.16287634656109015 5 22 21.0 0.0 0.16287634656109015 0
31 ec.gp.GPIndividual@1432338325{132543547} 0.0 74660.0 8160.0 0.1142156862745098 5 34 21.0 0.0 0.1142156862745098 0
31 ec.gp.GPIndividual@1390978934{1323748379} 0.0 74660.0 8160.0 0.1142156862745098 5 36 21.0 0.0 0.1142156862745098 0
31 ec.gp.GPIndividual@1772091093{-1005139070} 0.0 74660.0 8160.0 0.1142156862745098 5 22 21.0 0.0 0.1142156862745098 0
31 ec.gp.GPIndividual@1432338325{132543547} 0.0 75160.0 12802.0 0.2507420715513201 5 34 21.0 0.0 0.2507420715513201 0
31 ec.gp.GPIndividual@1390978934{1323748379} 0.0 75160.0 12802.0 0.2507420715513201 5 36 21.0 0.0 0.2507420715513201 0
31 ec.gp.GPIndividual@1772091093{-1005139070} 0.0 75160.0 12802.0 0.2507420715513201 5 22 21.0 0.0 0.2507420715513201 0
31 ec.gp.GPIndividual@1432338325{132543547} 0.0 74660.0 10087.0 0.0986418161990681 5 34 21.0 0.0 0.0986418161990681 0
31 ec.gp.GPIndividual@1390978934{1323748379} 0.0 74660.0 10087.0 0.0986418161990681 5 36 21.0 0.0 0.0986418161990681 0
31 ec.gp.GPIndividual@1772091093{-1005139070} 0.0 74660.0 10087.0 0.0986418161990681 5 22 21.0 0.0 0.0986418161990681 0
31 ec.gp.GPIndividual@1432338325{132543547} 0.0 74660.0 8317.0 0.09318263797042203 5 34 21.0 0.0 0.09318263797042203 0
31 ec.gp.GPIndividual@1390978934{1323748379} 0.0 74660.0 8317.0 0.09318263797042203 5 36 21.0 0.0 0.09318263797042203 0
31 ec.gp.GPIndividual@1772091093{-1005139070} 0.0 74660.0 8317.0 0.09318263797042203 5 22 21.0 0.0 0.09318263797042203 0
31 ec.gp.GPIndividual@1500704168{-1005139070} 0.0 74660.0 10054.0 0.09568331012532326 5 22 21.0 0.0 0.09568331012532326 0
31 ec.gp.GPIndividual@2078889016{-527001710} 0.0 74660.0 10054.0 0.09568331012532326 5 20 21.0 0.0 0.09568331012532326 0
31 ec.gp.GPIndividual@1500704168{-1005139070} 0.0 74660.0 8387.0 0.08405866221533326 5 22 21.0 0.0 0.08405866221533326 0
31 ec.gp.GPIndividual@2078889016{-527001710} 0.0 74660.0 8387.0 0.08405866221533326 5 20 21.0 0.0 0.08405866221533326 0
31 ec.gp.GPIndividual@1500704168{-1005139070} 0.0 70800.0 14578.0 0.26629167238304297 5 22 21.0 0.0 0.26629167238304297 0
31 ec.gp.GPIndividual@2078889016{-527001710} 0.0 70800.0 14578.0 0.26629167238304297 5 20 21.0 0.0 0.26629167238304297 0
31 ec.gp.GPIndividual@1500704168{-1005139070} 0.0 74660.0 10861.0 0.16287634656109015 5 22 21.0 0.0 0.16287634656109015 0
31 ec.gp.GPIndividual@2078889016{-527001710} 0.0 74660.0 10861.0 0.16287634656109015 5 20 21.0 0.0 0.16287634656109015 0
31 ec.gp.GPIndividual@1500704168{-1005139070} 0.0 74660.0 8160.0 0.1142156862745098 5 22 21.0 0.0 0.1142156862745098 0
31 ec.gp.GPIndividual@2078889016{-527001710} 0.0 74660.0 8160.0 0.1142156862745098 5 20 21.0 0.0 0.1142156862745098 0
31 ec.gp.GPIndividual@1500704168{-1005139070} 0.0 75160.0 12802.0 0.2507420715513201 5 22 21.0 0.0 0.2507420715513201 0
31 ec.gp.GPIndividual@2078889016{-527001710} 0.0 75160.0 12802.0 0.2507420715513201 5 20 21.0 0.0 0.2507420715513201 0
31 ec.gp.GPIndividual@2078889016{-527001710} 0.0 31 ec.gp.GPIndividual@1500704168{-1005139070} 74660.0 10087.0 0.0986418161990681 0.0 5 20 21.0 0.0 74660.0 10087.0 0.0986418161990681 0.0986418161990681 0
5 22 21.0 0.0 0.0986418161990681 0
31 ec.gp.GPIndividual@2078889016{-527001710} 0.0 74660.0 8317.0 0.09318263797042203 5 20 21.0 0.0 0.09318263797042203 0
31 ec.gp.GPIndividual@1500704168{-1005139070} 0.0 74660.0 8317.0 0.09318263797042203 5 22 21.0 0.0 0.09318263797042203 0
31 ec.gp.GPIndividual@627874196{589784256} 0.0 75160.0 10054.0 0.045951859956236324 5 22 21.0 0.0 0.045951859956236324 0
31 ec.gp.GPIndividual@627874196{589784256} 0.0 75160.0 8387.0 0.14367473470847741 5 22 21.0 0.0 0.14367473470847741 0
31 ec.gp.GPIndividual@627874196{589784256} 0.0 79222.0 14578.0 0.43819453971738237 5 22 21.0 0.0 0.43819453971738237 0
31 ec.gp.GPIndividual@627874196{589784256} 0.0 75160.0 10861.0 0.1168400699751404 5 22 21.0 0.0 0.1168400699751404 0
31 ec.gp.GPIndividual@392157801{-771109688} 1.0 56778.0 10054.0 0.29958225581857967 5 26 21.0 0.0 0.29958225581857967 0
31 ec.gp.GPIndividual@627874196{589784256} 0.0 78900.0 8160.0 0.035784313725490194 5 22 21.0 0.0 0.035784313725490194 0
31 ec.gp.GPIndividual@627874196{589784256} 0.0 79400.0 12802.0 0.34635213247930013 5 22 21.0 0.0 0.34635213247930013 0
31 ec.gp.GPIndividual@627874196{589784256} 0.0 75160.0 10087.0 0.04907306434023991 5 22 21.0 0.0 0.04907306434023991 0
31 ec.gp.GPIndividual@627874196{589784256} 0.0 78900.0 8317.0 0.05398581219189612 5 22 21.0 0.0 0.05398581219189612 0
31 ec.gp.GPIndividual@392157801{-771109688} 1.0 52432.0 8387.0 0.6911887444855133 5 26 21.0 0.0 0.6911887444855133 0
31 ec.gp.GPIndividual@392157801{-771109688} 0.0 60952.0 14578.0 0.1922074358622582 5 26 21.0 0.0 0.1922074358622582 0
31 ec.gp.GPIndividual@392157801{-771109688} 1.0 56778.0 10861.0 0.2030199797440383 5 26 21.0 0.0 0.2030199797440383 0
31 ec.gp.GPIndividual@392157801{-771109688} 0.0 61264.0 8160.0 0.48137254901960785 5 26 21.0 0.0 0.48137254901960785 0
31 ec.gp.GPIndividual@392157801{-771109688} 0.0 61264.0 12802.0 0.055772535541321666 5 26 21.0 0.0 0.055772535541321666 0
31 ec.gp.GPIndividual@392157801{-771109688} 1.0 56778.0 10087.0 0.29533062357489837 5 26 21.0 0.0 0.29533062357489837 0
31 ec.gp.GPIndividual@392157801{-771109688} 0.0 61264.0 8317.0 0.453408681014789 5 26 21.0 0.0 0.453408681014789 0
32 ec.gp.GPIndividual@1791592500{2118185650} 0.0 77757.0 10054.0 0.3311119952257808 5 20 21.0 0.0 0.3311119952257808 0
32 ec.gp.GPIndividual@1791592500{2118185650} 0.0 77757.0 8387.0 0.19816382496721116 5 20 21.0 0.0 0.19816382496721116 0
32 ec.gp.GPIndividual@1791592500{2118185650} 0.0 77842.0 14578.0 0.532857730827274 5 20 21.0 0.0 0.532857730827274 0
32 ec.gp.GPIndividual@1201879116{250133016} 0.0 79678.0 10054.0 0.1400437636761488 5 22 21.0 0.0 0.1400437636761488 0
32 ec.gp.GPIndividual@1791592500{2118185650} 0.0 77757.0 10861.0 0.38081207991897614 5 20 21.0 0.0 0.38081207991897614 0
32 ec.gp.GPIndividual@194345893{-949165856} 0.0 75160.0 10054.0 0.045951859956236324 5 18 21.0 0.0 0.045951859956236324 0
32 ec.gp.GPIndividual@1791592500{2118185650} 0.0 32 ec.gp.GPIndividual@1918786158{-527001710} 77757.0 10054.0 0.17585784313725492 0.0 5 20 21.0 0.0 74660.0 10054.0 0.09568331012532326 0.17585784313725492 0
5 20 21.0 0.0 0.09568331012532326 0
32 ec.gp.GPIndividual@1791592500{2118185650} 0.0 77791.0 12802.0 0.47203561943446337 5 20 21.0 0.0 0.47203561943446337 0
32 ec.gp.GPIndividual@1791592500{2118185650} 0.0 77757.0 10087.0 0.3333002874987608 5 20 21.0 0.0 0.3333002874987608 0
32 ec.gp.GPIndividual@1201879116{250133016} 0.0 79678.0 8387.0 0.03088112555144867 5 22 21.0 0.0 0.03088112555144867 0
32 ec.gp.GPIndividual@1791592500{2118185650} 0.0 77757.0 8317.0 0.19141517374053144 5 20 21.0 0.0 0.19141517374053144 0
32 ec.gp.GPIndividual@194345893{-949165856} 0.0 75160.0 8387.0 0.14367473470847741 5 18 21.0 0.0 0.14367473470847741 0
32 ec.gp.GPIndividual@1918786158{-527001710} 0.0 74660.0 8387.0 0.08405866221533326 5 20 21.0 0.0 0.08405866221533326 0
32 ec.gp.GPIndividual@1201879116{250133016} 0.0 79832.0 14578.0 0.3963506653861984 5 22 21.0 0.0 0.3963506653861984 0
32 ec.gp.GPIndividual@1201879116{250133016} 0.0 83918.0 10861.0 0.31663751035816223 5 22 21.0 0.0 0.31663751035816223 0
32 ec.gp.GPIndividual@194345893{-949165856} 0.0 79222.0 14578.0 0.43819453971738237 5 18 21.0 0.0 0.43819453971738237 0
32 ec.gp.GPIndividual@1201879116{250133016} 0.0 79678.0 8160.0 0.05955882352941176 5 22 21.0 0.0 0.05955882352941176 0
32 ec.gp.GPIndividual@1918786158{-527001710} 0.0 70800.0 14578.0 0.26629167238304297 5 20 21.0 0.0 0.26629167238304297 0
32 ec.gp.GPIndividual@698277648{-673273142} 1.0 57268.0 10054.0 0.3483190769842849 5 34 21.0 0.0 0.3483190769842849 0
32 ec.gp.GPIndividual@194345893{-949165856} 0.0 75160.0 10861.0 0.1168400699751404 5 18 21.0 0.0 0.1168400699751404 0
32 ec.gp.GPIndividual@1201879116{250133016} 0.0 83918.0 12802.0 0.42024683643180755 5 22 21.0 0.0 0.42024683643180755 0
32 ec.gp.GPIndividual@194345893{-949165856} 0.0 78900.0 8160.0 0.035784313725490194 5 18 21.0 0.0 0.035784313725490194 0
32 ec.gp.GPIndividual@1918786158{-527001710} 32 ec.gp.GPIndividual@2106409228{1902331998} 0.0 0.0 61574.0 10861.0 0.23314103839267952 74660.0 10861.0 0.16287634656109015 5 34 21.0 0.0 5 20 21.0 0.0 0.23314103839267952 0
32 ec.gp.GPIndividual@1201879116{250133016} 0.16287634656109015 0
0.0 79122.0 10087.0 0.1979775949241598 5 22 21.0 0.0 0.1979775949241598 0
32 ec.gp.GPIndividual@194345893{-949165856} 0.0 79400.0 12802.0 0.34635213247930013 5 18 21.0 0.0 0.34635213247930013 0
32 ec.gp.GPIndividual@1201879116{250133016} 0.0 79678.0 8317.0 0.03955753276421787 5 22 21.0 0.0 0.03955753276421787 0
32 ec.gp.GPIndividual@1918786158{-527001710} 0.0 74660.0 8160.0 0.1142156862745098 5 20 21.0 0.0 0.1142156862745098 0
32 ec.gp.GPIndividual@194345893{-949165856} 0.0 75160.0 10087.0 0.04907306434023991 5 18 21.0 0.0 0.04907306434023991 0
32 ec.gp.GPIndividual@1918786158{-527001710} 0.0 75160.0 12802.0 0.2507420715513201 5 20 21.0 0.0 0.2507420715513201 0
32 ec.gp.GPIndividual@194345893{-949165856} 0.0 78900.0 8317.0 0.05398581219189612 5 18 21.0 0.0 0.05398581219189612 0
32 ec.gp.GPIndividual@1918786158{-527001710} 0.0 74660.0 10087.0 0.0986418161990681 5 20 21.0 0.0 0.0986418161990681 0
32 ec.gp.GPIndividual@2106409228{1902331998} 0.0 61574.0 8387.0 0.4782401335400024 5 34 21.0 0.0 0.4782401335400024 0
32 ec.gp.GPIndividual@698277648{-673273142} 1.0 57268.0 8387.0 0.6163109574341242 5 34 21.0 0.0 0.6163109574341242 0
32 ec.gp.GPIndividual@1918786158{-527001710} 0.0 74660.0 8317.0 0.09318263797042203 5 20 21.0 0.0 0.09318263797042203 0
32 ec.gp.GPIndividual@2106409228{1902331998} 0.0 73290.0 14578.0 0.47029770887638905 5 34 21.0 0.0 0.47029770887638905 0
32 ec.gp.GPIndividual@1164666601{-673273142} 1.0 57268.0 10054.0 0.3483190769842849 5 34 21.0 0.0 0.3483190769842849 0
32 ec.gp.GPIndividual@192014307{-527001710} 0.0 74660.0 10054.0 0.09568331012532326 5 20 21.0 0.0 0.09568331012532326 0
32 ec.gp.GPIndividual@698277648{-673273142} 0.0 64966.0 14578.0 0.2916723830429414 5 34 21.0 0.0 0.2916723830429414 0
32 ec.gp.GPIndividual@2106409228{1902331998} 0.0 73814.0 10861.0 0.2407697265445171 5 34 21.0 0.0 0.2407697265445171 0
32 ec.gp.GPIndividual@192014307{-527001710} 0.0 74660.0 8387.0 0.08405866221533326 5 20 21.0 0.0 0.08405866221533326 0
32 ec.gp.GPIndividual@192014307{-527001710} 0.0 70800.0 14578.0 0.26629167238304297 5 20 21.0 0.0 0.26629167238304297 0
32 ec.gp.GPIndividual@2106409228{1902331998} 0.0 61078.0 8160.0 0.458578431372549 5 34 21.0 0.0 0.458578431372549 0
32 ec.gp.GPIndividual@192014307{-527001710} 0.0 74660.0 10861.0 0.16287634656109015 5 20 21.0 0.0 0.16287634656109015 0
32 ec.gp.GPIndividual@1164666601{-673273142} 1.0 57268.0 8387.0 0.6163109574341242 5 34 21.0 0.0 0.6163109574341242 0
32 ec.gp.GPIndividual@698277648{-673273142} 1.0 57268.0 10861.0 0.24813553079826903 5 34 21.0 0.0 0.24813553079826903 0
32 ec.gp.GPIndividual@192014307{-527001710} 0.0 74660.0 8160.0 0.1142156862745098 5 20 21.0 0.0 0.1142156862745098 0
32 ec.gp.GPIndividual@2106409228{1902331998} 0.0 69106.0 12802.0 0.2968286205280425 5 34 21.0 0.0 0.2968286205280425 0
32 ec.gp.GPIndividual@192014307{-527001710} 0.0 75160.0 12802.0 0.2507420715513201 5 20 21.0 0.0 0.2507420715513201 0
32 ec.gp.GPIndividual@1164666601{-673273142} 0.0 64966.0 14578.0 0.2916723830429414 5 34 21.0 0.0 0.2916723830429414 0
32 ec.gp.GPIndividual@192014307{-527001710} 0.0 74660.0 10087.0 0.0986418161990681 5 20 21.0 0.0 0.0986418161990681 0
32 ec.gp.GPIndividual@192014307{-527001710} 0.0 74660.0 8317.0 0.09318263797042203 5 20 21.0 0.0 0.09318263797042203 0
32 ec.gp.GPIndividual@2106409228{1902331998} 0.0 61574.0 10087.0 0.2291067710915039 5 34 21.0 0.0 0.2291067710915039 0
32 ec.gp.GPIndividual@698277648{-673273142} 1.0 52432.0 8160.0 0.7382352941176471 5 34 21.0 0.0 0.7382352941176471 0
32 ec.gp.GPIndividual@1164666601{-673273142} 1.0 57268.0 10861.0 0.24813553079826903 5 34 21.0 0.0 0.24813553079826903 0
32 ec.gp.GPIndividual@2106409228{1902331998} 0.0 61078.0 8317.0 0.4310448479018877 5 34 21.0 0.0 0.4310448479018877 0
32 ec.gp.GPIndividual@698277648{-673273142} 0.0 61098.0 12802.0 0.06873925949070457 5 34 21.0 0.0 0.06873925949070457 0
32 ec.gp.GPIndividual@1164666601{-673273142} 1.0 52432.0 8160.0 0.7382352941176471 5 34 21.0 0.0 0.7382352941176471 0
32 ec.gp.GPIndividual@698277648{-673273142} 1.0 57268.0 10087.0 0.34390800039655 5 34 21.0 0.0 0.34390800039655 0
32 ec.gp.GPIndividual@1164666601{-673273142} 0.0 61098.0 12802.0 0.06873925949070457 5 34 21.0 0.0 0.06873925949070457 0
32 ec.gp.GPIndividual@1164666601{-673273142} 1.0 57268.0 10087.0 0.34390800039655 5 34 21.0 0.0 0.34390800039655 0
32 ec.gp.GPIndividual@698277648{-673273142} 1.0 52432.0 8317.0 0.7054226283515691 5 34 21.0 0.0 0.7054226283515691 0
32 ec.gp.GPIndividual@1210689301{338564467} 0.0 88682.0 10054.0 0.3314103839267953 5 22 21.0 0.0 0.3314103839267953 0
32 ec.gp.GPIndividual@1210689301{338564467} 0.0 88682.0 8387.0 0.19852152140217003 5 22 21.0 0.0 0.19852152140217003 0
32 ec.gp.GPIndividual@1210689301{338564467} 0.0 88682.0 14578.0 0.538894224173412 5 22 21.0 0.0 0.538894224173412 0
32 ec.gp.GPIndividual@1210689301{338564467} 0.0 88682.0 10861.0 0.38108829757849183 5 22 21.0 0.0 0.38108829757849183 0
32 ec.gp.GPIndividual@1210689301{338564467} 0.0 88682.0 8160.0 0.17622549019607844 5 22 21.0 0.0 0.17622549019607844 0
32 ec.gp.GPIndividual@1210689301{338564467} 0.0 88682.0 12802.0 0.47492579284486797 5 22 21.0 0.0 0.47492579284486797 0
32 ec.gp.GPIndividual@1210689301{338564467} 0.0 88682.0 10087.0 0.33359770000991373 5 22 21.0 0.0 0.33359770000991373 0
32 ec.gp.GPIndividual@1210689301{338564467} 0.0 88682.0 8317.0 0.1917758807262234 5 22 21.0 0.0 0.1917758807262234 0
32 ec.gp.GPIndividual@1944436731{-781890584} 0.0 99026.0 10054.0 0.9329620051720708 2 3 21.0 0.0 0.9329620051720708 0
32 ec.gp.GPIndividual@1944436731{-781890584} 0.0 99026.0 8387.0 0.9196375342792417 2 3 21.0 0.0 0.9196375342792417 0
32 ec.gp.GPIndividual@1944436731{-781890584} 0.0 99026.0 14578.0 0.9537659486898066 2 3 21.0 0.0 0.9537659486898066 0
32 ec.gp.GPIndividual@1944436731{-781890584} 0.0 99026.0 10861.0 0.9379430991621398 2 3 21.0 0.0 0.9379430991621398 0
32 ec.gp.GPIndividual@1944436731{-781890584} 0.0 99026.0 8160.0 0.9174019607843137 2 3 21.0 0.0 0.9174019607843137 0
32 ec.gp.GPIndividual@1944436731{-781890584} 0.0 99026.0 12802.0 0.9473519762537104 2 3 21.0 0.0 0.9473519762537104 0
32 ec.gp.GPIndividual@1944436731{-781890584} 0.0 99026.0 10087.0 0.9331813224942996 2 3 21.0 0.0 0.9331813224942996 0
32 ec.gp.GPIndividual@1944436731{-781890584} 0.0 99026.0 8317.0 0.9189611638812072 2 3 21.0 0.0 0.9189611638812072 0
32 ec.gp.GPIndividual@1164666601{-673273142} 1.0 52432.0 8317.0 0.7054226283515691 5 34 21.0 0.0 0.7054226283515691 0
32 ec.gp.GPIndividual@620795979{338564467} 0.0 88682.0 10054.0 0.3314103839267953 5 22 21.0 0.0 0.3314103839267953 0
32 ec.gp.GPIndividual@620795979{338564467} 0.0 88682.0 8387.0 0.19852152140217003 5 22 21.0 0.0 0.19852152140217003 0
32 ec.gp.GPIndividual@620795979{338564467} 0.0 88682.0 14578.0 0.538894224173412 5 22 21.0 0.0 0.538894224173412 0
32 ec.gp.GPIndividual@620795979{338564467} 0.0 88682.0 10861.0 0.38108829757849183 5 22 21.0 0.0 0.38108829757849183 0
32 ec.gp.GPIndividual@620795979{338564467} 0.0 88682.0 8160.0 0.17622549019607844 5 22 21.0 0.0 0.17622549019607844 0
32 ec.gp.GPIndividual@620795979{338564467} 0.0 88682.0 12802.0 0.47492579284486797 5 22 21.0 0.0 0.47492579284486797 0
32 ec.gp.GPIndividual@620795979{338564467} 0.0 88682.0 10087.0 0.33359770000991373 5 22 21.0 0.0 0.33359770000991373 0
32 ec.gp.GPIndividual@620795979{338564467} 0.0 88682.0 8317.0 0.1917758807262234 5 22 21.0 0.0 0.1917758807262234 0
33 ec.gp.GPIndividual@1148063397{729257387} 0.0 88682.0 10054.0 0.3314103839267953 5 14 21.0 0.0 0.3314103839267953 0
33 ec.gp.GPIndividual@279602356{2012806842} 0.0 33 ec.gp.GPIndividual@1979643467{-760680732} 109280.0 10054.0 1.0 0.0 5 14 21.0 0.0 109280.0 10054.0 1.0 1.0 0
33 ec.gp.GPIndividual@1148063397{729257387} 0.0 88682.0 8387.0 0.19852152140217003 1 1 21.0 0.0 33 ec.gp.GPIndividual@279602356{2012806842} 5 14 21.0 0.0 1.0 0
0.0 109280.0 8387.0 1.0 5 14 21.0 0.0 33 ec.gp.GPIndividual@1979643467{-760680732} 1.0 0
0.19852152140217003 0
33 ec.gp.GPIndividual@279602356{2012806842} 0.0 109280.0 14578.0 1.0 5 14 21.0 0.0 0.0 1.0 0
109280.0 14578.0 1.0 1 1 21.0 0.0 33 ec.gp.GPIndividual@279602356{2012806842} 1.0 0
0.0 109280.0 10861.0 1.0 5 14 21.0 0.0 1.0 0
33 ec.gp.GPIndividual@1148063397{729257387} 0.0 33 ec.gp.GPIndividual@279602356{2012806842} 0.0 33 ec.gp.GPIndividual@1979643467{-760680732} 0.0 109280.0 8160.0 1.0 88682.0 8160.0 0.538894224173412 109280.0 8160.0 1.0 5 14 21.0 0.0 1.0 0
5 14 21.0 0.0 33 ec.gp.GPIndividual@279602356{2012806842} 0.0 109280.0 12802.0 1.0 0.538894224173412 0
1 1 21.0 0.0 1.0 0
5 14 21.0 0.0 1.0 0
33 ec.gp.GPIndividual@1979643467{-760680732} 0.0 109280.0 10861.0 1.0 1 1 21.0 0.0 1.0 0
33 ec.gp.GPIndividual@1148063397{729257387} 33 ec.gp.GPIndividual@1979643467{-760680732} 0.0 0.0 33 ec.gp.GPIndividual@279602356{2012806842} 109280.0 8160.0 1.0 88682.0 8160.0 0.38108829757849183 0.0 1 1 21.0 0.0 5 14 21.0 0.0 1.0 0
0.38108829757849183 0
109280.0 8160.0 1.0 5 14 21.0 0.0 1.0 0
33 ec.gp.GPIndividual@1979643467{-760680732} 0.0 109280.0 8317.0 1.0 33 ec.gp.GPIndividual@279602356{2012806842} 0.0 1 1 21.0 0.0 1.0 0
33 ec.gp.GPIndividual@1148063397{729257387} 0.0 88682.0 8160.0 0.17622549019607844 109280.0 8317.0 1.0 5 14 21.0 0.0 5 14 21.0 0.0 0.17622549019607844 0
33 ec.gp.GPIndividual@1979643467{-760680732} 0.0 109280.0 10087.0 1.0 1 1 21.0 0.0 1.0 0
1.0 0
33 ec.gp.GPIndividual@1979643467{-760680732} 0.0 33 ec.gp.GPIndividual@1148063397{729257387} 109280.0 12802.0 1.0 0.0 1 1 21.0 0.0 1.0 0
88682.0 12802.0 0.47492579284486797 5 14 21.0 0.0 0.47492579284486797 0
33 ec.gp.GPIndividual@253964188{2137173556} 0.0 74660.0 10054.0 0.09568331012532326 5 18 21.0 0.0 0.09568331012532326 0
33 ec.gp.GPIndividual@1148063397{729257387} 0.0 88682.0 10087.0 0.33359770000991373 5 14 21.0 0.0 0.33359770000991373 0
33 ec.gp.GPIndividual@1148063397{729257387} 0.0 88682.0 8317.0 0.1917758807262234 5 14 21.0 0.0 0.1917758807262234 0
33 ec.gp.GPIndividual@1282703889{-1030641168} 0.0 75160.0 10054.0 0.045951859956236324 5 26 21.0 0.0 0.045951859956236324 0
33 ec.gp.GPIndividual@765686500{-680006802} 0.0 84442.0 10054.0 0.2096677939128705 5 34 21.0 0.0 0.2096677939128705 0
33 ec.gp.GPIndividual@1818604202{-1468258596} 0.0 82824.0 10054.0 0.3705987666600358 5 16 21.0 0.0 0.3705987666600358 0
33 ec.gp.GPIndividual@1818604202{-1468258596} 0.0 82824.0 8387.0 0.2454989865267676 5 16 21.0 0.0 0.2454989865267676 0
33 ec.gp.GPIndividual@765686500{-680006802} 0.0 84442.0 8387.0 0.052581375938953144 5 34 21.0 0.0 0.052581375938953144 0
33 ec.gp.GPIndividual@1818604202{-1468258596} 0.0 82114.0 14578.0 0.6146247770613252 5 16 21.0 0.0 0.6146247770613252 0
33 ec.gp.GPIndividual@253964188{2137173556} 0.0 74660.0 8387.0 0.08405866221533326 5 18 21.0 0.0 0.08405866221533326 0
33 ec.gp.GPIndividual@1818604202{-1468258596} 0.0 82824.0 10861.0 0.41736488352822027 5 16 21.0 0.0 0.41736488352822027 0
33 ec.gp.GPIndividual@765686500{-680006802} 0.0 84442.0 14578.0 0.45493208944985597 5 34 21.0 0.0 0.45493208944985597 0
33 ec.gp.GPIndividual@1591062871{1282879512} 0.0 75160.0 10054.0 0.045951859956236324 5 22 21.0 0.0 0.045951859956236324 0
33 ec.gp.GPIndividual@1818604202{-1468258596} 0.0 82127.0 8160.0 0.3099264705882353 5 16 21.0 0.0 0.3099264705882353 0
33 ec.gp.GPIndividual@1818604202{-1468258596} 0.0 82029.0 12802.0 0.5678019059521949 5 16 21.0 0.0 0.5678019059521949 0
33 ec.gp.GPIndividual@765686500{-680006802} 0.0 84442.0 10861.0 0.2683914924960869 5 34 21.0 0.0 0.2683914924960869 0
33 ec.gp.GPIndividual@1818604202{-1468258596} 0.0 82824.0 10087.0 0.37265787647467036 5 16 21.0 0.0 0.37265787647467036 0
33 ec.gp.GPIndividual@1282703889{-1030641168} 0.0 75160.0 8387.0 0.14367473470847741 5 26 21.0 0.0 0.14367473470847741 0
33 ec.gp.GPIndividual@1818604202{-1468258596} 0.0 82127.0 8317.0 0.32295298785619814 5 16 21.0 0.0 0.32295298785619814 0
33 ec.gp.GPIndividual@765686500{-680006802} 0.0 84442.0 8160.0 0.026225490196078432 5 34 21.0 0.0 0.026225490196078432 0
33 ec.gp.GPIndividual@765686500{-680006802} 0.0 84442.0 12802.0 0.379315731916888 5 34 21.0 0.0 0.379315731916888 0
33 ec.gp.GPIndividual@1591062871{1282879512} 0.0 75160.0 8387.0 0.14367473470847741 5 22 21.0 0.0 0.14367473470847741 0
33 ec.gp.GPIndividual@253964188{2137173556} 0.0 70800.0 14578.0 0.26629167238304297 5 18 21.0 0.0 0.26629167238304297 0
33 ec.gp.GPIndividual@1282703889{-1030641168} 0.0 79222.0 14578.0 0.43819453971738237 5 26 21.0 0.0 0.43819453971738237 0
33 ec.gp.GPIndividual@765686500{-680006802} 0.0 84442.0 10087.0 0.21225339545950234 5 34 21.0 0.0 0.21225339545950234 0
33 ec.gp.GPIndividual@1591062871{1282879512} 0.0 79222.0 14578.0 0.43819453971738237 5 22 21.0 0.0 0.43819453971738237 0
33 ec.gp.GPIndividual@765686500{-680006802} 0.0 84442.0 8317.0 0.04460743056390525 5 34 21.0 0.0 0.04460743056390525 0
33 ec.gp.GPIndividual@253964188{2137173556} 0.0 74660.0 10861.0 0.16287634656109015 5 18 21.0 0.0 0.16287634656109015 0
33 ec.gp.GPIndividual@1282703889{-1030641168} 0.0 75160.0 10861.0 0.1168400699751404 5 26 21.0 0.0 0.1168400699751404 0
33 ec.gp.GPIndividual@1591062871{1282879512} 0.0 75160.0 10861.0 0.1168400699751404 5 22 21.0 0.0 0.1168400699751404 0
33 ec.gp.GPIndividual@1282703889{-1030641168} 0.0 78900.0 8160.0 0.035784313725490194 5 26 21.0 0.0 0.035784313725490194 0
33 ec.gp.GPIndividual@253964188{2137173556} 0.0 74660.0 8160.0 0.1142156862745098 5 18 21.0 0.0 0.1142156862745098 0
33 ec.gp.GPIndividual@1591062871{1282879512} 0.0 78900.0 8160.0 0.035784313725490194 5 22 21.0 0.0 0.035784313725490194 0
33 ec.gp.GPIndividual@1282703889{-1030641168} 0.0 79400.0 12802.0 0.34635213247930013 5 26 21.0 0.0 0.34635213247930013 0
33 ec.gp.GPIndividual@1591062871{1282879512} 0.0 79400.0 12802.0 0.34635213247930013 5 22 21.0 0.0 0.34635213247930013 0
33 ec.gp.GPIndividual@253964188{2137173556} 0.0 75160.0 12802.0 0.2507420715513201 5 18 21.0 0.0 0.2507420715513201 0
33 ec.gp.GPIndividual@1282703889{-1030641168} 0.0 75160.0 10087.0 0.04907306434023991 5 26 21.0 0.0 0.04907306434023991 0
33 ec.gp.GPIndividual@253964188{2137173556} 0.0 74660.0 10087.0 0.0986418161990681 5 18 21.0 0.0 0.0986418161990681 0
33 ec.gp.GPIndividual@1591062871{1282879512} 0.0 75160.0 10087.0 0.04907306434023991 5 22 21.0 0.0 0.04907306434023991 0
33 ec.gp.GPIndividual@1282703889{-1030641168} 0.0 78900.0 8317.0 0.05398581219189612 5 26 21.0 0.0 0.05398581219189612 0
33 ec.gp.GPIndividual@621909348{-144460846} 0.0 109280.0 10054.0 1.0 5 12 21.0 0.0 1.0 0
33 ec.gp.GPIndividual@621909348{-144460846} 0.0 109280.0 8387.0 1.0 5 12 21.0 0.0 1.0 0
33 ec.gp.GPIndividual@621909348{-144460846} 0.0 109280.0 14578.0 1.0 5 12 21.0 0.0 1.0 0
33 ec.gp.GPIndividual@621909348{-144460846} 0.0 109280.0 10861.0 1.0 5 12 21.0 0.0 1.0 0
33 ec.gp.GPIndividual@621909348{-144460846} 0.0 109280.0 8160.0 1.0 5 12 21.0 0.0 1.0 0
33 ec.gp.GPIndividual@621909348{-144460846} 0.0 109280.0 12802.0 1.0 5 12 21.0 0.0 1.0 0
33 ec.gp.GPIndividual@621909348{-144460846} 0.0 109280.0 10087.0 1.0 5 12 21.0 0.0 1.0 0
33 ec.gp.GPIndividual@621909348{-144460846} 0.0 109280.0 8317.0 1.0 5 12 21.0 0.0 1.0 0
33 ec.gp.GPIndividual@1591062871{1282879512} 0.0 78900.0 8317.0 0.05398581219189612 5 22 21.0 0.0 0.05398581219189612 0
33 ec.gp.GPIndividual@253964188{2137173556} 0.0 74660.0 8317.0 0.09318263797042203 5 18 21.0 0.0 0.09318263797042203 0
33 ec.gp.GPIndividual@1582829001{1383743690} 0.0 74660.0 10054.0 0.09568331012532326 5 32 21.0 0.0 0.09568331012532326 0
33 ec.gp.GPIndividual@1352271671{-1351840959} 0.0 74660.0 10054.0 0.09568331012532326 5 22 21.0 0.0 0.09568331012532326 0
33 ec.gp.GPIndividual@1582829001{1383743690} 0.0 74660.0 8387.0 0.08405866221533326 5 32 21.0 0.0 0.08405866221533326 0
33 ec.gp.GPIndividual@1352271671{-1351840959} 0.0 74660.0 8387.0 0.08405866221533326 5 22 21.0 0.0 0.08405866221533326 0
33 ec.gp.GPIndividual@1582829001{1383743690} 0.0 70800.0 14578.0 0.26629167238304297 5 32 21.0 0.0 0.26629167238304297 0
33 ec.gp.GPIndividual@1352271671{-1351840959} 0.0 70800.0 14578.0 0.26629167238304297 5 22 21.0 0.0 0.26629167238304297 0
33 ec.gp.GPIndividual@1582829001{1383743690} 0.0 74660.0 10861.0 0.16287634656109015 5 32 21.0 0.0 0.16287634656109015 0
33 ec.gp.GPIndividual@1352271671{-1351840959} 0.0 74660.0 10861.0 0.16287634656109015 5 22 21.0 0.0 0.16287634656109015 0
33 ec.gp.GPIndividual@1582829001{1383743690} 0.0 74660.0 8160.0 0.1142156862745098 5 32 21.0 0.0 0.1142156862745098 0
33 ec.gp.GPIndividual@1352271671{-1351840959} 0.0 74660.0 8160.0 0.1142156862745098 5 22 21.0 0.0 0.1142156862745098 0
33 ec.gp.GPIndividual@1582829001{1383743690} 0.0 75160.0 12802.0 0.2507420715513201 5 32 21.0 0.0 0.2507420715513201 0
33 ec.gp.GPIndividual@1352271671{-1351840959} 0.0 75160.0 12802.0 0.2507420715513201 5 22 21.0 0.0 0.2507420715513201 0
33 ec.gp.GPIndividual@1582829001{1383743690} 0.0 74660.0 10087.0 0.0986418161990681 5 32 21.0 0.0 0.0986418161990681 0
33 ec.gp.GPIndividual@1352271671{-1351840959} 0.0 74660.0 10087.0 0.0986418161990681 5 22 21.0 0.0 0.0986418161990681 0
33 ec.gp.GPIndividual@1582829001{1383743690} 0.0 74660.0 8317.0 0.09318263797042203 5 32 21.0 0.0 0.09318263797042203 0
33 ec.gp.GPIndividual@1352271671{-1351840959} 0.0 74660.0 8317.0 0.09318263797042203 5 22 21.0 0.0 0.09318263797042203 0
34 ec.gp.GPIndividual@1885473048{1579430998} 0.0 34 ec.gp.GPIndividual@62857690{417018375} 88682.0 10054.0 0.3314103839267953 0.0 5 16 21.0 0.0 92920.0 10054.0 0.45335189974139645 0.3314103839267953 0
5 26 21.0 0.0 0.45335189974139645 0
34 ec.gp.GPIndividual@1519560478{-2044884146} 0.0 92920.0 10054.0 0.45335189974139645 5 34 21.0 0.0 0.45335189974139645 0
34 ec.gp.GPIndividual@62857690{417018375} 0.0 92920.0 8387.0 0.34470013115535947 5 26 21.0 0.0 34 ec.gp.GPIndividual@1885473048{1579430998} 0.34470013115535947 0
0.0 88682.0 8387.0 0.19852152140217003 5 16 21.0 0.0 0.19852152140217003 0
34 ec.gp.GPIndividual@991690971{2043377224} 0.0 83664.0 10054.0 0.28704993037596976 5 20 21.0 0.0 0.28704993037596976 0
34 ec.gp.GPIndividual@62857690{417018375} 0.0 92920.0 14578.0 0.6229935519275621 5 26 21.0 0.0 0.6229935519275621 0
34 ec.gp.GPIndividual@1885473048{1579430998} 0.0 88682.0 14578.0 0.538894224173412 5 16 21.0 0.0 0.538894224173412 0
34 ec.gp.GPIndividual@62857690{417018375} 0.0 92920.0 10861.0 0.4939692477672406 5 26 21.0 0.0 34 ec.gp.GPIndividual@1519560478{-2044884146} 0.4939692477672406 0
0.0 92920.0 10861.0 0.34470013115535947 5 34 21.0 0.0 0.34470013115535947 0
34 ec.gp.GPIndividual@62857690{417018375} 0.0 92920.0 8160.0 0.3264705882352941 5 26 21.0 0.0 34 ec.gp.GPIndividual@1885473048{1579430998} 0.3264705882352941 0
0.0 88682.0 10861.0 0.38108829757849183 5 16 21.0 0.0 0.38108829757849183 0
34 ec.gp.GPIndividual@62857690{417018375} 0.0 92920.0 12802.0 0.5706920793625996 5 26 21.0 0.0 0.5706920793625996 0
34 ec.gp.GPIndividual@991690971{2043377224} 0.0 83664.0 8387.0 0.14534398473828544 5 20 21.0 0.0 0.14534398473828544 0
34 ec.gp.GPIndividual@1885473048{1579430998} 0.0 88682.0 8160.0 0.17622549019607844 5 16 21.0 0.0 0.17622549019607844 0
34 ec.gp.GPIndividual@62857690{417018375} 34 ec.gp.GPIndividual@1519560478{-2044884146} 0.0 92920.0 14578.0 0.4551402795677605 0.0 5 26 21.0 0.0 92920.0 14578.0 0.6229935519275621 0.4551402795677605 0
34 ec.gp.GPIndividual@1435374398{1383743690} 0.0 74660.0 14578.0 0.09568331012532326 5 34 21.0 0.0 5 32 21.0 0.0 0.09568331012532326 0
0.6229935519275621 0
34 ec.gp.GPIndividual@1885473048{1579430998} 0.0 34 ec.gp.GPIndividual@62857690{417018375} 88682.0 8317.0 0.47492579284486797 0.0 5 16 21.0 0.0 92920.0 8317.0 0.33918480221233616 0.47492579284486797 0
5 26 21.0 0.0 0.33918480221233616 0
34 ec.gp.GPIndividual@1885473048{1579430998} 0.0 88682.0 10087.0 0.33359770000991373 5 16 21.0 0.0 0.33359770000991373 0
34 ec.gp.GPIndividual@991690971{2043377224} 0.0 83918.0 14578.0 0.49087666346549597 5 20 21.0 0.0 0.49087666346549597 0
34 ec.gp.GPIndividual@1519560478{-2044884146} 0.0 92920.0 10861.0 0.4939692477672406 5 34 21.0 0.0 0.4939692477672406 0
34 ec.gp.GPIndividual@1885473048{1579430998} 0.0 88682.0 8317.0 0.1917758807262234 5 16 21.0 0.0 0.1917758807262234 0
34 ec.gp.GPIndividual@786251264{536926175} 0.0 92250.0 10054.0 0.519992042967973 5 32 21.0 0.0 0.519992042967973 0
34 ec.gp.GPIndividual@1519560478{-2044884146} 0.0 92920.0 8160.0 0.3264705882352941 5 34 21.0 0.0 0.3264705882352941 0
34 ec.gp.GPIndividual@786251264{536926175} 0.0 92250.0 8387.0 0.42458566829617267 5 32 21.0 0.0 0.42458566829617267 0
34 ec.gp.GPIndividual@991690971{2043377224} 0.0 83664.0 10861.0 0.3400239388638247 5 20 21.0 0.0 0.3400239388638247 0
34 ec.gp.GPIndividual@1519560478{-2044884146} 0.0 92920.0 12802.0 0.5706920793625996 5 34 21.0 0.0 0.5706920793625996 0
34 ec.gp.GPIndividual@1435374398{1383743690} 0.0 74660.0 8387.0 0.08405866221533326 5 32 21.0 0.0 0.08405866221533326 0
34 ec.gp.GPIndividual@991690971{2043377224} 0.0 83664.0 8160.0 0.12156862745098039 5 20 21.0 0.0 0.12156862745098039 0
34 ec.gp.GPIndividual@1519560478{-2044884146} 0.0 92920.0 10087.0 0.4551402795677605 5 34 21.0 0.0 0.4551402795677605 0
34 ec.gp.GPIndividual@1519560478{-2044884146} 0.0 92920.0 8317.0 0.33918480221233616 5 34 21.0 0.0 0.33918480221233616 0
34 ec.gp.GPIndividual@991690971{2043377224} 0.0 83918.0 12802.0 0.42024683643180755 5 20 21.0 0.0 0.42024683643180755 0
34 ec.gp.GPIndividual@425649980{-1138311468} 0.0 82824.0 10054.0 0.3705987666600358 5 16 21.0 0.0 0.3705987666600358 0
34 ec.gp.GPIndividual@425649980{-1138311468} 0.0 82824.0 8387.0 0.2454989865267676 5 16 21.0 0.0 0.2454989865267676 0
34 ec.gp.GPIndividual@425649980{-1138311468} 0.0 82114.0 14578.0 0.6146247770613252 5 16 21.0 0.0 0.6146247770613252 0
34 ec.gp.GPIndividual@991690971{2043377224} 0.0 83664.0 10087.0 0.28938237335183903 5 20 21.0 0.0 0.28938237335183903 0
34 ec.gp.GPIndividual@425649980{-1138311468} 0.0 82824.0 10861.0 0.41736488352822027 5 16 21.0 0.0 0.41736488352822027 0
34 ec.gp.GPIndividual@786251264{536926175} 0.0 69206.0 14578.0 0.3756345177664975 5 32 21.0 0.0 0.3756345177664975 0
34 ec.gp.GPIndividual@425649980{-1138311468} 0.0 82127.0 8160.0 0.3099264705882353 5 16 21.0 0.0 0.3099264705882353 0
34 ec.gp.GPIndividual@425649980{-1138311468} 0.0 82029.0 12802.0 0.5678019059521949 5 16 21.0 0.0 0.5678019059521949 0
34 ec.gp.GPIndividual@991690971{2043377224} 0.0 83664.0 8317.0 0.13815077552001923 5 20 21.0 0.0 0.13815077552001923 0
34 ec.gp.GPIndividual@1435374398{1383743690} 0.0 70800.0 14578.0 0.26629167238304297 5 32 21.0 0.0 0.26629167238304297 0
34 ec.gp.GPIndividual@425649980{-1138311468} 0.0 82824.0 10087.0 0.37265787647467036 5 16 21.0 0.0 0.37265787647467036 0
34 ec.gp.GPIndividual@425649980{-1138311468} 0.0 82127.0 8317.0 0.32295298785619814 5 16 21.0 0.0 0.32295298785619814 0
34 ec.gp.GPIndividual@468978766{1968817275} 0.0 74660.0 10054.0 0.09568331012532326 5 30 21.0 0.0 0.09568331012532326 0
34 ec.gp.GPIndividual@1435374398{1383743690} 0.0 74660.0 10861.0 0.16287634656109015 5 32 21.0 0.0 0.16287634656109015 0
34 ec.gp.GPIndividual@786251264{536926175} 0.0 69586.0 10861.0 0.12696805082404936 5 32 21.0 0.0 0.12696805082404936 0
34 ec.gp.GPIndividual@786251264{536926175} 0.0 91406.0 8160.0 0.5120098039215686 5 32 21.0 0.0 0.5120098039215686 0
34 ec.gp.GPIndividual@468978766{1968817275} 0.0 74660.0 8387.0 0.08405866221533326 5 30 21.0 0.0 0.08405866221533326 0
34 ec.gp.GPIndividual@1435374398{1383743690} 0.0 74660.0 8160.0 0.1142156862745098 5 32 21.0 0.0 0.1142156862745098 0
34 ec.gp.GPIndividual@786251264{536926175} 0.0 69586.0 12802.0 0.25933447898765816 5 32 21.0 0.0 0.25933447898765816 0
34 ec.gp.GPIndividual@786251264{536926175} 0.0 92250.0 10087.0 0.5215624070585902 5 32 21.0 0.0 0.5215624070585902 0
34 ec.gp.GPIndividual@1435374398{1383743690} 0.0 75160.0 12802.0 0.2507420715513201 5 32 21.0 0.0 0.2507420715513201 0
34 ec.gp.GPIndividual@786251264{536926175} 0.0 91406.0 8317.0 0.5212215943248768 5 32 21.0 0.0 0.5212215943248768 0
34 ec.gp.GPIndividual@807360796{-1226024401} 0.0 78424.0 10054.0 0.2647702407002188 5 18 21.0 0.0 0.2647702407002188 0
34 ec.gp.GPIndividual@468978766{1968817275} 34 ec.gp.GPIndividual@807360796{-1226024401} 0.0 0.0 70800.0 8387.0 0.26629167238304297 78424.0 8387.0 0.11863598426135687 5 30 21.0 0.0 5 18 21.0 0.0 0.26629167238304297 0
0.11863598426135687 0
34 ec.gp.GPIndividual@807360796{-1226024401} 0.0 77969.0 14578.0 0.524145973384552 5 18 21.0 0.0 0.524145973384552 0
34 ec.gp.GPIndividual@807360796{-1226024401} 0.0 77757.0 10861.0 0.38081207991897614 5 18 21.0 0.0 0.38081207991897614 0
34 ec.gp.GPIndividual@1435374398{1383743690} 0.0 74660.0 10087.0 0.0986418161990681 5 32 21.0 0.0 0.0986418161990681 0
34 ec.gp.GPIndividual@807360796{-1226024401} 0.0 78424.0 8160.0 0.09411764705882353 5 18 21.0 0.0 0.09411764705882353 0
34 ec.gp.GPIndividual@807360796{-1226024401} 0.0 77791.0 12802.0 0.47203561943446337 5 18 21.0 0.0 0.47203561943446337 0
34 ec.gp.GPIndividual@807360796{-1226024401} 0.0 78198.0 10087.0 0.28958064835927433 5 18 21.0 0.0 0.28958064835927433 0
34 ec.gp.GPIndividual@468978766{1968817275} 0.0 74660.0 10861.0 0.16287634656109015 5 30 21.0 0.0 0.16287634656109015 0
34 ec.gp.GPIndividual@807360796{-1226024401} 0.0 78424.0 8317.0 0.11121798725501984 5 18 21.0 0.0 0.11121798725501984 0
34 ec.gp.GPIndividual@1435374398{1383743690} 0.0 74660.0 8317.0 0.09318263797042203 5 32 21.0 0.0 0.09318263797042203 0
34 ec.gp.GPIndividual@468978766{1968817275} 0.0 74660.0 8160.0 0.1142156862745098 5 30 21.0 0.0 0.1142156862745098 0
34 ec.gp.GPIndividual@197813267{1383743690} 0.0 74660.0 10054.0 0.09568331012532326 5 32 21.0 0.0 0.09568331012532326 0
34 ec.gp.GPIndividual@468978766{1968817275} 0.0 75160.0 12802.0 0.2507420715513201 5 30 21.0 0.0 0.2507420715513201 0
34 ec.gp.GPIndividual@197813267{1383743690} 0.0 74660.0 8387.0 0.08405866221533326 5 32 21.0 0.0 0.08405866221533326 0
34 ec.gp.GPIndividual@468978766{1968817275} 0.0 74660.0 10087.0 0.0986418161990681 5 30 21.0 0.0 0.0986418161990681 0
34 ec.gp.GPIndividual@197813267{1383743690} 0.0 70800.0 14578.0 0.26629167238304297 5 32 21.0 0.0 0.26629167238304297 0
34 ec.gp.GPIndividual@468978766{1968817275} 0.0 74660.0 8317.0 0.09318263797042203 5 30 21.0 0.0 0.09318263797042203 0
34 ec.gp.GPIndividual@197813267{1383743690} 0.0 74660.0 10861.0 0.16287634656109015 5 32 21.0 0.0 0.16287634656109015 0
34 ec.gp.GPIndividual@431680981{10601849} 0.0 70392.0 10054.0 0.023274318679132683 5 38 21.0 0.0 0.023274318679132683 0
34 ec.gp.GPIndividual@197813267{1383743690} 0.0 74660.0 8160.0 0.1142156862745098 5 32 21.0 0.0 0.1142156862745098 0
34 ec.gp.GPIndividual@197813267{1383743690} 0.0 75160.0 12802.0 0.2507420715513201 5 32 21.0 0.0 0.2507420715513201 0
34 ec.gp.GPIndividual@431680981{10601849} 0.0 70392.0 8387.0 0.22666030761893408 5 38 21.0 0.0 0.22666030761893408 0
34 ec.gp.GPIndividual@197813267{1383743690} 0.0 74660.0 10087.0 0.0986418161990681 5 32 21.0 0.0 0.0986418161990681 0
34 ec.gp.GPIndividual@197813267{1383743690} 0.0 74660.0 8317.0 0.09318263797042203 5 32 21.0 0.0 0.09318263797042203 0
34 ec.gp.GPIndividual@431680981{10601849} 0.0 66500.0 14578.0 0.18644532857730828 5 38 21.0 0.0 0.18644532857730828 0
34 ec.gp.GPIndividual@431680981{10601849} 0.0 70392.0 10861.0 0.05275757296749839 5 38 21.0 0.0 0.05275757296749839 0
34 ec.gp.GPIndividual@431680981{10601849} 0.0 70392.0 8160.0 0.2607843137254902 5 38 21.0 0.0 0.2607843137254902 0
34 ec.gp.GPIndividual@431680981{10601849} 0.0 70800.0 12802.0 0.16450554600843617 5 38 21.0 0.0 0.16450554600843617 0
34 ec.gp.GPIndividual@431680981{10601849} 0.0 70392.0 10087.0 0.019926638247248933 5 38 21.0 0.0 0.019926638247248933 0
34 ec.gp.GPIndividual@431680981{10601849} 0.0 70392.0 8317.0 0.23698448959961524 5 38 21.0 0.0 0.23698448959961524 0
35 ec.gp.GPIndividual@573840675{417018375} 0.0 92920.0 10054.0 0.45335189974139645 5 26 21.0 0.0 35 ec.gp.GPIndividual@800622676{1368708951} 0.45335189974139645 0
0.0 101188.0 10054.0 0.7179232146409389 5 18 21.0 0.0 0.7179232146409389 0
35 ec.gp.GPIndividual@486798649{-617902658} 0.0 92920.0 10054.0 0.45335189974139645 5 14 21.0 0.0 35 ec.gp.GPIndividual@573840675{417018375} 0.45335189974139645 0
35 ec.gp.GPIndividual@800622676{1368708951} 0.0 101188.0 8387.0 0.6618576368188863 0.0 5 18 21.0 0.0 0.6618576368188863 0
92920.0 8387.0 0.34470013115535947 5 26 21.0 0.0 0.34470013115535947 0
35 ec.gp.GPIndividual@800622676{1368708951} 0.0 101188.0 14578.0 0.805460282617643 5 18 21.0 0.0 0.805460282617643 0
35 ec.gp.GPIndividual@486798649{-617902658} 0.0 92920.0 8387.0 0.34470013115535947 5 14 21.0 0.0 0.34470013115535947 0
35 ec.gp.GPIndividual@800622676{1368708951} 35 ec.gp.GPIndividual@573840675{417018375} 0.0 0.0 101188.0 14578.0 0.7388822392044931 92920.0 14578.0 0.6229935519275621 5 18 21.0 0.0 5 26 21.0 0.0 0.7388822392044931 0
0.6229935519275621 0
35 ec.gp.GPIndividual@800622676{1368708951} 0.0 101188.0 8160.0 0.6524509803921569 5 18 21.0 0.0 0.6524509803921569 0
35 ec.gp.GPIndividual@486798649{-617902658} 0.0 92920.0 14578.0 0.6229935519275621 5 14 21.0 0.0 0.6229935519275621 0
35 ec.gp.GPIndividual@800622676{1368708951} 0.0 35 ec.gp.GPIndividual@573840675{417018375} 0.0 101188.0 10861.0 0.7784721137322294 92920.0 10861.0 0.4939692477672406 5 18 21.0 0.0 5 26 21.0 0.0 0.7784721137322294 0
0.4939692477672406 0
35 ec.gp.GPIndividual@800622676{1368708951} 0.0 101188.0 10087.0 0.7188460394567264 5 18 21.0 0.0 0.7188460394567264 0
35 ec.gp.GPIndividual@486798649{-617902658} 0.0 92920.0 10861.0 0.4939692477672406 5 14 21.0 0.0 0.4939692477672406 0
35 ec.gp.GPIndividual@800622676{1368708951} 0.0 101188.0 8317.0 0.6590116628592041 5 18 21.0 0.0 0.6590116628592041 0
35 ec.gp.GPIndividual@573840675{417018375} 0.0 92920.0 8160.0 0.3264705882352941 5 26 21.0 0.0 0.3264705882352941 0
35 ec.gp.GPIndividual@1962495904{983830494} 0.0 96170.0 10054.0 0.6735627610901134 4 8 21.0 0.0 0.6735627610901134 0
35 ec.gp.GPIndividual@486798649{-617902658} 0.0 92920.0 8160.0 0.3264705882352941 5 14 21.0 0.0 0.3264705882352941 0
35 ec.gp.GPIndividual@1962495904{983830494} 0.0 96170.0 8387.0 0.6086801001550017 35 ec.gp.GPIndividual@573840675{417018375} 4 8 21.0 0.0 0.0 0.6086801001550017 0
92920.0 8387.0 0.5706920793625996 5 26 21.0 0.0 0.5706920793625996 0
35 ec.gp.GPIndividual@1962495904{983830494} 0.0 96170.0 14578.0 0.7748662367951709 4 8 21.0 0.0 0.7748662367951709 0
35 ec.gp.GPIndividual@486798649{-617902658} 0.0 92920.0 12802.0 0.5706920793625996 5 14 21.0 0.0 0.5706920793625996 0
35 ec.gp.GPIndividual@1962495904{983830494} 35 ec.gp.GPIndividual@573840675{417018375} 0.0 0.0 92920.0 10087.0 0.4551402795677605 96170.0 10087.0 0.697817880489826 5 26 21.0 0.0 4 8 21.0 0.0 0.4551402795677605 0
0.697817880489826 0
35 ec.gp.GPIndividual@486798649{-617902658} 0.0 92920.0 10087.0 0.4551402795677605 5 14 21.0 0.0 0.4551402795677605 0
35 ec.gp.GPIndividual@1962495904{983830494} 0.0 35 ec.gp.GPIndividual@1785901641{-357696035} 96170.0 8160.0 0.5977941176470588 0.0 35 ec.gp.GPIndividual@573840675{417018375} 4 8 21.0 0.0 0.0 0.5977941176470588 0
92920.0 8317.0 0.33918480221233616 5 26 21.0 0.0 35 ec.gp.GPIndividual@486798649{-617902658} 74660.0 8317.0 0.09568331012532326 0.0 0.33918480221233616 0
92920.0 12802.0 0.33918480221233616 5 14 21.0 0.0 0.33918480221233616 0
35 ec.gp.GPIndividual@1962495904{983830494} 0.0 96170.0 12802.0 0.7436338072176223 4 8 21.0 0.0 0.7436338072176223 0
5 32 21.0 0.0 0.09568331012532326 0
35 ec.gp.GPIndividual@1962495904{983830494} 0.0 96170.0 10087.0 0.6746307127986517 4 8 21.0 0.0 0.6746307127986517 0
35 ec.gp.GPIndividual@1674940616{1784971847} 0.0 88682.0 10054.0 0.3314103839267953 5 26 21.0 0.0 0.3314103839267953 0
35 ec.gp.GPIndividual@1962495904{983830494} 0.0 96170.0 8317.0 0.6053865576529999 4 8 21.0 0.0 0.6053865576529999 0
35 ec.gp.GPIndividual@1674940616{1784971847} 0.0 88682.0 8387.0 0.19852152140217003 5 26 21.0 0.0 0.19852152140217003 0
35 ec.gp.GPIndividual@1674940616{1784971847} 0.0 88682.0 14578.0 0.538894224173412 5 26 21.0 0.0 0.538894224173412 0
35 ec.gp.GPIndividual@1674940616{1784971847} 0.0 88682.0 10861.0 0.38108829757849183 5 26 21.0 0.0 0.38108829757849183 0
35 ec.gp.GPIndividual@1674940616{1784971847} 0.0 88682.0 8160.0 0.17622549019607844 5 26 21.0 0.0 0.17622549019607844 0
35 ec.gp.GPIndividual@346920320{1009654090} 0.0 66096.0 10054.0 0.13944698627411975 5 20 21.0 0.0 0.13944698627411975 0
35 ec.gp.GPIndividual@1674940616{1784971847} 0.0 88682.0 12802.0 0.47492579284486797 5 26 21.0 0.0 0.47492579284486797 0
35 ec.gp.GPIndividual@1785901641{-357696035} 0.0 74660.0 8387.0 0.08405866221533326 5 32 21.0 0.0 0.08405866221533326 0
35 ec.gp.GPIndividual@1674940616{1784971847} 0.0 88682.0 10087.0 0.33359770000991373 5 26 21.0 0.0 0.33359770000991373 0
35 ec.gp.GPIndividual@1674940616{1784971847} 0.0 88682.0 8317.0 0.1917758807262234 5 26 21.0 0.0 0.1917758807262234 0
35 ec.gp.GPIndividual@1785901641{-357696035} 0.0 70800.0 14578.0 0.26629167238304297 5 32 21.0 0.0 0.26629167238304297 0
35 ec.gp.GPIndividual@346920320{1009654090} 0.0 66096.0 8387.0 0.3659234529629188 5 20 21.0 0.0 0.3659234529629188 0
35 ec.gp.GPIndividual@1785901641{-357696035} 0.0 74660.0 10861.0 0.16287634656109015 5 32 21.0 0.0 0.16287634656109015 0
35 ec.gp.GPIndividual@346920320{1009654090} 0.0 69984.0 14578.0 0.3222664288654136 5 20 21.0 0.0 0.3222664288654136 0
35 ec.gp.GPIndividual@1785901641{-357696035} 0.0 74660.0 8160.0 0.1142156862745098 5 32 21.0 0.0 0.1142156862745098 0
35 ec.gp.GPIndividual@1785901641{-357696035} 0.0 75160.0 12802.0 0.2507420715513201 5 32 21.0 0.0 0.2507420715513201 0
35 ec.gp.GPIndividual@346920320{1009654090} 0.0 66096.0 10861.0 0.05478316913728018 5 20 21.0 0.0 0.05478316913728018 0
35 ec.gp.GPIndividual@1785901641{-357696035} 0.0 74660.0 10087.0 0.0986418161990681 5 32 21.0 0.0 0.0986418161990681 0
35 ec.gp.GPIndividual@1785901641{-357696035} 0.0 74660.0 8317.0 0.09318263797042203 5 32 21.0 0.0 0.09318263797042203 0
35 ec.gp.GPIndividual@346920320{1009654090} 0.0 65874.0 8160.0 0.3767156862745098 5 20 21.0 0.0 0.3767156862745098 0
35 ec.gp.GPIndividual@1952107659{-1481324989} 0.0 75160.0 10054.0 0.045951859956236324 5 16 21.0 0.0 0.045951859956236324 0
35 ec.gp.GPIndividual@346920320{1009654090} 0.0 70364.0 12802.0 0.19856272457428525 5 20 21.0 0.0 0.19856272457428525 0
35 ec.gp.GPIndividual@1952107659{-1481324989} 0.0 75160.0 8387.0 0.14367473470847741 5 16 21.0 0.0 0.14367473470847741 0
35 ec.gp.GPIndividual@1952107659{-1481324989} 0.0 79222.0 14578.0 0.43819453971738237 5 16 21.0 0.0 0.43819453971738237 0
35 ec.gp.GPIndividual@1952107659{-1481324989} 0.0 75160.0 10861.0 0.1168400699751404 5 16 21.0 0.0 0.1168400699751404 0
35 ec.gp.GPIndividual@346920320{1009654090} 0.0 66096.0 10087.0 0.1357192425894716 5 20 21.0 0.0 0.1357192425894716 0
35 ec.gp.GPIndividual@1952107659{-1481324989} 0.0 78900.0 8160.0 0.035784313725490194 5 16 21.0 0.0 0.035784313725490194 0
35 ec.gp.GPIndividual@1952107659{-1481324989} 0.0 79400.0 12802.0 0.34635213247930013 5 16 21.0 0.0 0.34635213247930013 0
35 ec.gp.GPIndividual@1952107659{-1481324989} 0.0 75160.0 10087.0 0.04907306434023991 5 16 21.0 0.0 0.04907306434023991 0
35 ec.gp.GPIndividual@346920320{1009654090} 0.0 65874.0 8317.0 0.3507274257544788 5 20 21.0 0.0 0.3507274257544788 0
35 ec.gp.GPIndividual@2082601230{-2044884146} 0.0 92920.0 10054.0 0.45335189974139645 5 34 21.0 0.0 0.45335189974139645 0
35 ec.gp.GPIndividual@2082601230{-2044884146} 0.0 92920.0 8387.0 0.34470013115535947 5 34 21.0 0.0 0.34470013115535947 0
35 ec.gp.GPIndividual@1952107659{-1481324989} 0.0 78900.0 8317.0 0.05398581219189612 5 16 21.0 0.0 0.05398581219189612 0
35 ec.gp.GPIndividual@2082601230{-2044884146} 0.0 92920.0 14578.0 0.6229935519275621 5 34 21.0 0.0 0.6229935519275621 0
35 ec.gp.GPIndividual@2082601230{-2044884146} 0.0 92920.0 10861.0 0.4939692477672406 5 34 21.0 0.0 0.4939692477672406 0
35 ec.gp.GPIndividual@2082601230{-2044884146} 0.0 92920.0 8160.0 0.3264705882352941 5 34 21.0 0.0 0.3264705882352941 0
35 ec.gp.GPIndividual@2082601230{-2044884146} 0.0 92920.0 12802.0 0.5706920793625996 5 34 21.0 0.0 0.5706920793625996 0
35 ec.gp.GPIndividual@2082601230{-2044884146} 0.0 92920.0 10087.0 0.4551402795677605 5 34 21.0 0.0 0.4551402795677605 0
35 ec.gp.GPIndividual@2082601230{-2044884146} 0.0 92920.0 8317.0 0.33918480221233616 5 34 21.0 0.0 0.33918480221233616 0
35 ec.gp.GPIndividual@1437788507{-1351840959} 0.0 74660.0 10054.0 0.09568331012532326 5 18 21.0 0.0 0.09568331012532326 0
35 ec.gp.GPIndividual@1437788507{-1351840959} 0.0 74660.0 8387.0 0.08405866221533326 5 18 21.0 0.0 0.08405866221533326 0
35 ec.gp.GPIndividual@1437788507{-1351840959} 0.0 70800.0 14578.0 0.26629167238304297 5 18 21.0 0.0 0.26629167238304297 0
35 ec.gp.GPIndividual@1437788507{-1351840959} 0.0 74660.0 10861.0 0.16287634656109015 5 18 21.0 0.0 0.16287634656109015 0
35 ec.gp.GPIndividual@1437788507{-1351840959} 0.0 74660.0 8160.0 0.1142156862745098 5 18 21.0 0.0 0.1142156862745098 0
35 ec.gp.GPIndividual@1437788507{-1351840959} 0.0 75160.0 12802.0 0.2507420715513201 5 18 21.0 0.0 0.2507420715513201 0
35 ec.gp.GPIndividual@1437788507{-1351840959} 0.0 74660.0 10087.0 0.0986418161990681 5 18 21.0 0.0 0.0986418161990681 0
35 ec.gp.GPIndividual@1437788507{-1351840959} 0.0 74660.0 8317.0 0.09318263797042203 5 18 21.0 0.0 0.09318263797042203 0
36 ec.gp.GPIndividual@994000713{-673273142} 0.0 97094.0 10054.0 0.5816590411776408 5 26 21.0 0.0 0.5816590411776408 0
36 ec.gp.GPIndividual@994000713{-673273142} 0.0 97094.0 8387.0 0.4985095981876714 5 26 21.0 0.0 0.4985095981876714 0
36 ec.gp.GPIndividual@1339337485{1852580861} 0.0 84442.0 10054.0 0.2096677939128705 36 ec.gp.GPIndividual@796505030{1962213044} 5 32 21.0 0.0 0.0 0.2096677939128705 0
84442.0 10054.0 0.2096677939128705 5 24 21.0 0.0 0.2096677939128705 0
36 ec.gp.GPIndividual@994000713{-673273142} 0.0 97094.0 14578.0 0.7114830566607216 5 26 21.0 0.0 0.7114830566607216 0
36 ec.gp.GPIndividual@994000713{-673273142} 0.0 97094.0 10861.0 0.6127428413589909 5 26 21.0 0.0 0.6127428413589909 0
36 ec.gp.GPIndividual@1339337485{1852580861} 0.0 84442.0 8387.0 0.052581375938953144 5 32 21.0 0.0 0.052581375938953144 0
36 ec.gp.GPIndividual@796505030{1962213044} 0.0 84442.0 8387.0 0.052581375938953144 36 ec.gp.GPIndividual@994000713{-673273142} 5 24 21.0 0.0 0.0 0.052581375938953144 0
97094.0 8160.0 0.48455882352941176 5 26 21.0 0.0 0.48455882352941176 0
36 ec.gp.GPIndividual@994000713{-673273142} 0.0 97094.0 12802.0 0.6714575847523825 5 26 21.0 0.0 0.6714575847523825 0
36 ec.gp.GPIndividual@1339337485{1852580861} 0.0 84442.0 14578.0 0.45493208944985597 5 32 21.0 0.0 0.45493208944985597 0
36 ec.gp.GPIndividual@994000713{-673273142} 0.0 97094.0 10087.0 0.5830276593635372 5 26 21.0 0.0 0.5830276593635372 0
36 ec.gp.GPIndividual@796505030{1962213044} 0.0 84442.0 14578.0 0.45493208944985597 5 24 21.0 0.0 0.45493208944985597 0
36 ec.gp.GPIndividual@994000713{-673273142} 0.0 97094.0 8317.0 0.49428880605987735 5 26 21.0 0.0 0.49428880605987735 0
36 ec.gp.GPIndividual@1339337485{1852580861} 0.0 84442.0 10861.0 0.2683914924960869 5 32 21.0 0.0 0.2683914924960869 0
36 ec.gp.GPIndividual@488700433{-2105230262} 0.0 74660.0 10054.0 0.09568331012532326 5 36 21.0 0.0 0.09568331012532326 0
36 ec.gp.GPIndividual@796505030{1962213044} 0.0 84442.0 10861.0 0.2683914924960869 5 24 21.0 0.0 0.2683914924960869 0
36 ec.gp.GPIndividual@1339337485{1852580861} 0.0 84442.0 8160.0 0.026225490196078432 5 32 21.0 0.0 0.026225490196078432 0
36 ec.gp.GPIndividual@796505030{1962213044} 0.0 84442.0 8160.0 0.026225490196078432 5 24 21.0 0.0 0.026225490196078432 0
36 ec.gp.GPIndividual@1339337485{1852580861} 0.0 84442.0 12802.0 0.379315731916888 5 32 21.0 0.0 0.379315731916888 0
36 ec.gp.GPIndividual@796505030{1962213044} 0.0 84442.0 12802.0 0.379315731916888 5 24 21.0 0.0 0.379315731916888 0
36 ec.gp.GPIndividual@1339337485{1852580861} 0.0 84442.0 10087.0 0.21225339545950234 5 32 21.0 0.0 0.21225339545950234 0
36 ec.gp.GPIndividual@796505030{1962213044} 0.0 84442.0 10087.0 0.21225339545950234 5 24 21.0 0.0 0.21225339545950234 0
36 ec.gp.GPIndividual@1339337485{1852580861} 0.0 84442.0 8317.0 0.04460743056390525 5 32 21.0 0.0 0.04460743056390525 0
36 ec.gp.GPIndividual@796505030{1962213044} 0.0 84442.0 8317.0 0.04460743056390525 5 24 21.0 0.0 0.04460743056390525 0
36 ec.gp.GPIndividual@488700433{-2105230262} 0.0 36 ec.gp.GPIndividual@30286695{1617499020} 74660.0 10054.0 0.08405866221533326 0.0 5 36 21.0 0.0 82693.0 10054.0 0.38362840660433656 0.08405866221533326 0
5 18 21.0 0.0 0.38362840660433656 0
36 ec.gp.GPIndividual@30286695{1617499020} 0.0 82693.0 8387.0 0.2611183975199714 5 18 21.0 0.0 0.2611183975199714 0
36 ec.gp.GPIndividual@30286695{1617499020} 0.0 83480.0 14578.0 0.520921937165592 5 18 21.0 0.0 0.520921937165592 0
36 ec.gp.GPIndividual@293363092{-1527141677} 0.0 61574.0 10054.0 0.23314103839267952 5 36 21.0 0.0 0.23314103839267952 0
36 ec.gp.GPIndividual@30286695{1617499020} 0.0 82693.0 10861.0 0.42942638799373906 5 18 21.0 0.0 0.42942638799373906 0
36 ec.gp.GPIndividual@30286695{1617499020} 0.0 82693.0 8160.0 0.24056372549019608 5 18 21.0 0.0 0.24056372549019608 0
36 ec.gp.GPIndividual@30286695{1617499020} 0.0 82940.0 12802.0 0.4966411498203406 5 18 21.0 0.0 0.4966411498203406 0
36 ec.gp.GPIndividual@30286695{1617499020} 0.0 82693.0 10087.0 0.38564488946168335 5 18 21.0 0.0 0.38564488946168335 0
36 ec.gp.GPIndividual@30286695{1617499020} 0.0 82693.0 8317.0 0.25489960322231575 5 18 21.0 0.0 0.25489960322231575 0
36 ec.gp.GPIndividual@488700433{-2105230262} 0.0 70800.0 14578.0 0.26629167238304297 5 36 21.0 0.0 0.26629167238304297 0
36 ec.gp.GPIndividual@488700433{-2105230262} 0.0 74660.0 10861.0 0.16287634656109015 5 36 21.0 0.0 0.16287634656109015 0
36 ec.gp.GPIndividual@293363092{-1527141677} 0.0 61574.0 8387.0 0.4782401335400024 5 36 21.0 0.0 0.4782401335400024 0
36 ec.gp.GPIndividual@488700433{-2105230262} 0.0 74660.0 8160.0 0.1142156862745098 5 36 21.0 0.0 0.1142156862745098 0
36 ec.gp.GPIndividual@488700433{-2105230262} 0.0 75160.0 12802.0 0.2507420715513201 5 36 21.0 0.0 0.2507420715513201 0
36 ec.gp.GPIndividual@488700433{-2105230262} 0.0 74660.0 10087.0 0.0986418161990681 5 36 21.0 0.0 0.0986418161990681 0
36 ec.gp.GPIndividual@293363092{-1527141677} 0.0 61650.0 14578.0 0.1443270681849362 5 36 21.0 0.0 0.1443270681849362 0
36 ec.gp.GPIndividual@488700433{-2105230262} 0.0 74660.0 8317.0 0.09318263797042203 5 36 21.0 0.0 0.09318263797042203 0
36 ec.gp.GPIndividual@940707176{417018375} 0.0 92920.0 10054.0 0.45335189974139645 5 26 21.0 0.0 0.45335189974139645 0
36 ec.gp.GPIndividual@940707176{417018375} 0.0 92920.0 8387.0 0.34470013115535947 5 26 21.0 0.0 0.34470013115535947 0
36 ec.gp.GPIndividual@940707176{417018375} 0.0 92920.0 14578.0 0.6229935519275621 5 26 21.0 0.0 0.6229935519275621 0
36 ec.gp.GPIndividual@940707176{417018375} 0.0 92920.0 10861.0 0.4939692477672406 5 26 21.0 0.0 0.4939692477672406 0
36 ec.gp.GPIndividual@940707176{417018375} 0.0 92920.0 8160.0 0.3264705882352941 5 26 21.0 0.0 0.3264705882352941 0
36 ec.gp.GPIndividual@940707176{417018375} 0.0 92920.0 12802.0 0.5706920793625996 5 26 21.0 0.0 0.5706920793625996 0
36 ec.gp.GPIndividual@940707176{417018375} 0.0 92920.0 10087.0 0.4551402795677605 5 26 21.0 0.0 0.4551402795677605 0
36 ec.gp.GPIndividual@940707176{417018375} 0.0 92920.0 8317.0 0.33918480221233616 5 26 21.0 0.0 0.33918480221233616 0
36 ec.gp.GPIndividual@1621105797{-751302770} 0.0 19584.0 10054.0 0.9478814402227969 4 8 21.0 0.0 0.9478814402227969 0
36 ec.gp.GPIndividual@1621105797{-751302770} 0.0 19584.0 8387.0 1.3350423274114702 4 8 21.0 0.0 1.3350423274114702 0
36 ec.gp.GPIndividual@1621105797{-751302770} 0.0 19584.0 14578.0 0.3433941555768967 4 8 21.0 0.0 0.3433941555768967 0
36 ec.gp.GPIndividual@293363092{-1527141677} 0.0 61574.0 10861.0 0.14151551422520947 5 36 21.0 0.0 0.14151551422520947 0
36 ec.gp.GPIndividual@1621105797{-751302770} 0.0 19584.0 10861.0 0.803148881318479 4 8 21.0 0.0 0.803148881318479 0
36 ec.gp.GPIndividual@1621105797{-751302770} 0.0 19584.0 8160.0 1.4 4 8 21.0 0.0 1.4 0
36 ec.gp.GPIndividual@1621105797{-751302770} 0.0 19584.0 12802.0 0.52976097484768 4 8 21.0 0.0 0.52976097484768 0
36 ec.gp.GPIndividual@1621105797{-751302770} 0.0 19584.0 10087.0 0.9415088728065827 4 8 21.0 0.0 0.9415088728065827 0
36 ec.gp.GPIndividual@1621105797{-751302770} 0.0 19584.0 8317.0 1.3546952025970902 4 8 21.0 0.0 1.3546952025970902 0
36 ec.gp.GPIndividual@293363092{-1527141677} 0.0 61574.0 8160.0 0.5193627450980393 5 36 21.0 0.0 0.5193627450980393 0
36 ec.gp.GPIndividual@293363092{-1527141677} 0.0 66096.0 12802.0 0.10513982190282768 5 36 21.0 0.0 0.10513982190282768 0
36 ec.gp.GPIndividual@293363092{-1527141677} 0.0 61574.0 10087.0 0.2291067710915039 5 36 21.0 0.0 0.2291067710915039 0
36 ec.gp.GPIndividual@293363092{-1527141677} 0.0 61574.0 8317.0 0.4906817362029578 5 36 21.0 0.0 0.4906817362029578 0
36 ec.gp.GPIndividual@1899408490{858562308} 0.0 92920.0 10054.0 0.45335189974139645 5 10 21.0 0.0 0.45335189974139645 0
36 ec.gp.GPIndividual@1899408490{858562308} 0.0 92920.0 8387.0 0.34470013115535947 5 10 21.0 0.0 0.34470013115535947 0
36 ec.gp.GPIndividual@1899408490{858562308} 0.0 92920.0 14578.0 0.6229935519275621 5 10 21.0 0.0 0.6229935519275621 0
36 ec.gp.GPIndividual@1899408490{858562308} 0.0 92920.0 10861.0 0.4939692477672406 5 10 21.0 0.0 0.4939692477672406 0
36 ec.gp.GPIndividual@1899408490{858562308} 0.0 92920.0 8160.0 0.3264705882352941 5 10 21.0 0.0 0.3264705882352941 0
36 ec.gp.GPIndividual@1899408490{858562308} 0.0 92920.0 12802.0 0.5706920793625996 5 10 21.0 0.0 0.5706920793625996 0
36 ec.gp.GPIndividual@1899408490{858562308} 0.0 92920.0 10087.0 0.4551402795677605 5 10 21.0 0.0 0.4551402795677605 0
36 ec.gp.GPIndividual@1899408490{858562308} 0.0 92920.0 8317.0 0.33918480221233616 5 10 21.0 0.0 0.33918480221233616 0
37 ec.gp.GPIndividual@1459630652{-1108559288} 37 ec.gp.GPIndividual@1476047153{235693794} 0.0 0.0 97094.0 10054.0 0.5816590411776408 101188.0 10054.0 0.7179232146409389 4 9 21.0 0.0 4 8 21.0 0.0 0.5816590411776408 0
37 ec.gp.GPIndividual@1793061154{1245023278} 0.0 0.7179232146409389 0
37 ec.gp.GPIndividual@1459630652{-1108559288} 0.0 97094.0 8387.0 0.4985095981876714 92920.0 10054.0 0.45335189974139645 4 9 21.0 0.0 0.4985095981876714 0
5 30 21.0 0.0 0.45335189974139645 0
37 ec.gp.GPIndividual@1459630652{-1108559288} 0.0 97094.0 14578.0 0.7114830566607216 37 ec.gp.GPIndividual@1476047153{235693794} 4 9 21.0 0.0 0.0 0.7114830566607216 0
101188.0 14578.0 0.6618576368188863 4 8 21.0 0.0 0.6618576368188863 0
37 ec.gp.GPIndividual@1459630652{-1108559288} 0.0 97094.0 10861.0 0.6127428413589909 37 ec.gp.GPIndividual@1793061154{1245023278} 4 9 21.0 0.0 0.0 0.6127428413589909 0
37 ec.gp.GPIndividual@1476047153{235693794} 0.0 101188.0 14578.0 0.805460282617643 92920.0 10861.0 0.34470013115535947 4 8 21.0 0.0 5 30 21.0 0.0 0.805460282617643 0
37 ec.gp.GPIndividual@1459630652{-1108559288} 0.0 97094.0 8160.0 0.48455882352941176 0.34470013115535947 0
37 ec.gp.GPIndividual@1476047153{235693794} 0.0 101188.0 10861.0 0.7388822392044931 4 9 21.0 0.0 4 8 21.0 0.0 0.48455882352941176 0
0.7388822392044931 0
37 ec.gp.GPIndividual@1793061154{1245023278} 0.0 92920.0 14578.0 0.6229935519275621 37 ec.gp.GPIndividual@1459630652{-1108559288} 5 30 21.0 0.0 0.0 0.6229935519275621 0
37 ec.gp.GPIndividual@1476047153{235693794} 0.0 101188.0 8160.0 0.6524509803921569 97094.0 12802.0 0.6714575847523825 4 8 21.0 0.0 4 9 21.0 0.0 0.6524509803921569 0
0.6714575847523825 0
37 ec.gp.GPIndividual@1793061154{1245023278} 0.0 37 ec.gp.GPIndividual@1476047153{235693794} 92920.0 12802.0 0.4939692477672406 0.0 5 30 21.0 0.0 101188.0 12802.0 0.7784721137322294 0.4939692477672406 0
37 ec.gp.GPIndividual@1459630652{-1108559288} 4 8 21.0 0.0 0.0 0.7784721137322294 0
97094.0 10087.0 0.5830276593635372 4 9 21.0 0.0 0.5830276593635372 0
37 ec.gp.GPIndividual@1476047153{235693794} 0.0 37 ec.gp.GPIndividual@1793061154{1245023278} 101188.0 10087.0 0.7188460394567264 0.0 4 8 21.0 0.0 92920.0 10087.0 0.3264705882352941 0.7188460394567264 0
37 ec.gp.GPIndividual@1459630652{-1108559288} 0.0 97094.0 8317.0 0.49428880605987735 4 9 21.0 0.0 0.49428880605987735 0
5 30 21.0 0.0 0.3264705882352941 0
37 ec.gp.GPIndividual@1476047153{235693794} 0.0 101188.0 8317.0 0.6590116628592041 4 8 21.0 0.0 0.6590116628592041 0
37 ec.gp.GPIndividual@1793061154{1245023278} 0.0 92920.0 12802.0 0.5706920793625996 5 30 21.0 0.0 0.5706920793625996 0
37 ec.gp.GPIndividual@1793061154{1245023278} 0.0 92920.0 10054.0 0.4551402795677605 5 30 21.0 0.0 0.4551402795677605 0
37 ec.gp.GPIndividual@1653114773{-2135729300} 0.0 37 ec.gp.GPIndividual@1438009365{1323748379} 74660.0 10054.0 0.09568331012532326 0.0 5 32 21.0 0.0 0.09568331012532326 0
74660.0 10054.0 0.09568331012532326 5 36 21.0 0.0 0.09568331012532326 0
37 ec.gp.GPIndividual@1793061154{1245023278} 0.0 92920.0 8317.0 0.33918480221233616 5 30 21.0 0.0 0.33918480221233616 0
37 ec.gp.GPIndividual@605702235{1323748379} 0.0 74660.0 10054.0 0.09568331012532326 5 36 21.0 0.0 0.09568331012532326 0
37 ec.gp.GPIndividual@1653114773{-2135729300} 0.0 74660.0 8387.0 0.08405866221533326 5 32 21.0 0.0 0.08405866221533326 0
37 ec.gp.GPIndividual@1438009365{1323748379} 0.0 74660.0 8387.0 0.08405866221533326 5 36 21.0 0.0 0.08405866221533326 0
37 ec.gp.GPIndividual@605702235{1323748379} 0.0 74660.0 8387.0 0.08405866221533326 5 36 21.0 0.0 0.08405866221533326 0
37 ec.gp.GPIndividual@1653114773{-2135729300} 0.0 70800.0 14578.0 0.26629167238304297 5 32 21.0 0.0 0.26629167238304297 0
37 ec.gp.GPIndividual@1438009365{1323748379} 0.0 70800.0 14578.0 0.26629167238304297 5 36 21.0 0.0 0.26629167238304297 0
37 ec.gp.GPIndividual@1653114773{-2135729300} 0.0 74660.0 10861.0 0.16287634656109015 5 32 21.0 0.0 0.16287634656109015 0
37 ec.gp.GPIndividual@605702235{1323748379} 0.0 70800.0 14578.0 0.26629167238304297 5 36 21.0 0.0 0.26629167238304297 0
37 ec.gp.GPIndividual@1438009365{1323748379} 0.0 74660.0 10861.0 0.16287634656109015 5 36 21.0 0.0 0.16287634656109015 0
37 ec.gp.GPIndividual@1653114773{-2135729300} 0.0 74660.0 8160.0 0.1142156862745098 5 32 21.0 0.0 0.1142156862745098 0
37 ec.gp.GPIndividual@605702235{1323748379} 0.0 74660.0 10861.0 0.16287634656109015 5 36 21.0 0.0 0.16287634656109015 0
37 ec.gp.GPIndividual@1438009365{1323748379} 0.0 74660.0 8160.0 0.1142156862745098 5 36 21.0 0.0 0.1142156862745098 0
37 ec.gp.GPIndividual@1653114773{-2135729300} 0.0 75160.0 12802.0 0.2507420715513201 5 32 21.0 0.0 0.2507420715513201 0
37 ec.gp.GPIndividual@605702235{1323748379} 0.0 74660.0 8160.0 0.1142156862745098 5 36 21.0 0.0 0.1142156862745098 0
37 ec.gp.GPIndividual@1438009365{1323748379} 0.0 75160.0 12802.0 0.2507420715513201 5 36 21.0 0.0 0.2507420715513201 0
37 ec.gp.GPIndividual@1653114773{-2135729300} 0.0 74660.0 10087.0 0.0986418161990681 5 32 21.0 0.0 0.0986418161990681 0
37 ec.gp.GPIndividual@605702235{1323748379} 0.0 75160.0 12802.0 0.2507420715513201 5 36 21.0 0.0 0.2507420715513201 0
37 ec.gp.GPIndividual@1438009365{1323748379} 0.0 74660.0 10087.0 0.0986418161990681 5 36 21.0 0.0 0.0986418161990681 0
37 ec.gp.GPIndividual@1653114773{-2135729300} 0.0 74660.0 8317.0 0.09318263797042203 5 32 21.0 0.0 0.09318263797042203 0
37 ec.gp.GPIndividual@605702235{1323748379} 0.0 74660.0 10087.0 0.0986418161990681 5 36 21.0 0.0 0.0986418161990681 0
37 ec.gp.GPIndividual@1438009365{1323748379} 0.0 74660.0 8317.0 0.09318263797042203 5 36 21.0 0.0 0.09318263797042203 0
37 ec.gp.GPIndividual@715741200{563494702} 0.0 84442.0 10054.0 0.2096677939128705 5 30 21.0 0.0 0.2096677939128705 0
37 ec.gp.GPIndividual@715741200{563494702} 0.0 84442.0 8387.0 0.052581375938953144 5 30 21.0 0.0 0.052581375938953144 0
37 ec.gp.GPIndividual@2019695015{1579137844} 0.0 74660.0 10054.0 0.09568331012532326 5 32 21.0 0.0 0.09568331012532326 0
37 ec.gp.GPIndividual@715741200{563494702} 0.0 84442.0 14578.0 0.45493208944985597 5 30 21.0 0.0 0.45493208944985597 0
37 ec.gp.GPIndividual@605702235{1323748379} 0.0 74660.0 8317.0 0.09318263797042203 5 36 21.0 0.0 0.09318263797042203 0
37 ec.gp.GPIndividual@715741200{563494702} 0.0 84442.0 10861.0 0.2683914924960869 5 30 21.0 0.0 0.2683914924960869 0
37 ec.gp.GPIndividual@715741200{563494702} 0.0 84442.0 8160.0 0.026225490196078432 5 30 21.0 0.0 0.026225490196078432 0
37 ec.gp.GPIndividual@715741200{563494702} 0.0 84442.0 12802.0 0.379315731916888 5 30 21.0 0.0 0.379315731916888 0
37 ec.gp.GPIndividual@2019695015{1579137844} 0.0 74660.0 8387.0 0.08405866221533326 5 32 21.0 0.0 0.08405866221533326 0
37 ec.gp.GPIndividual@715741200{563494702} 0.0 84442.0 10087.0 0.21225339545950234 5 30 21.0 0.0 0.21225339545950234 0
37 ec.gp.GPIndividual@715741200{563494702} 0.0 84442.0 8317.0 0.04460743056390525 5 30 21.0 0.0 0.04460743056390525 0
37 ec.gp.GPIndividual@2019695015{1579137844} 0.0 70800.0 14578.0 0.26629167238304297 5 32 21.0 0.0 0.26629167238304297 0
37 ec.gp.GPIndividual@2019695015{1579137844} 0.0 74660.0 10861.0 0.16287634656109015 5 32 21.0 0.0 0.16287634656109015 0
37 ec.gp.GPIndividual@2019695015{1579137844} 0.0 74660.0 8160.0 0.1142156862745098 5 32 21.0 0.0 0.1142156862745098 0
37 ec.gp.GPIndividual@2019695015{1579137844} 0.0 75160.0 12802.0 0.2507420715513201 5 32 21.0 0.0 0.2507420715513201 0
37 ec.gp.GPIndividual@2019695015{1579137844} 0.0 74660.0 10087.0 0.0986418161990681 5 32 21.0 0.0 0.0986418161990681 0
37 ec.gp.GPIndividual@2019695015{1579137844} 0.0 74660.0 8317.0 0.09318263797042203 5 32 21.0 0.0 0.09318263797042203 0
38 ec.gp.GPIndividual@1353921166{532711185} 0.0 97094.0 10054.0 0.5816590411776408 4 9 21.0 0.0 0.5816590411776408 0
38 ec.gp.GPIndividual@1721796018{247619683} 0.0 105260.0 10054.0 0.8563755719116769 5 14 21.0 0.0 0.8563755719116769 0
38 ec.gp.GPIndividual@1353921166{532711185} 0.0 97094.0 8387.0 0.4985095981876714 4 9 21.0 0.0 0.4985095981876714 0
38 ec.gp.GPIndividual@1721796018{247619683} 0.0 105260.0 8387.0 0.8278287826397996 5 14 21.0 0.0 0.8278287826397996 0
38 ec.gp.GPIndividual@1721796018{247619683} 38 ec.gp.GPIndividual@1353921166{532711185} 0.0 0.0 105260.0 14578.0 0.9009466319110989 97094.0 14578.0 0.7114830566607216 5 14 21.0 0.0 4 9 21.0 0.0 0.9009466319110989 0
0.7114830566607216 0
38 ec.gp.GPIndividual@1721796018{247619683} 0.0 105260.0 10861.0 0.8670472332197772 5 14 21.0 0.0 0.8670472332197772 0
38 ec.gp.GPIndividual@1353921166{532711185} 0.0 97094.0 10861.0 0.6127428413589909 4 9 21.0 0.0 0.6127428413589909 0
38 ec.gp.GPIndividual@912040306{-1629613334} 0.0 88682.0 10054.0 0.3314103839267953 38 ec.gp.GPIndividual@1721796018{247619683} 5 36 21.0 0.0 0.0 0.3314103839267953 0
38 ec.gp.GPIndividual@1353921166{532711185} 0.0 97094.0 8160.0 0.48455882352941176 105260.0 10054.0 0.8230392156862745 4 9 21.0 0.0 0.48455882352941176 0
5 14 21.0 0.0 0.8230392156862745 0
38 ec.gp.GPIndividual@1353921166{532711185} 0.0 97094.0 12802.0 0.6714575847523825 4 9 21.0 0.0 0.6714575847523825 0
38 ec.gp.GPIndividual@1721796018{247619683} 0.0 105260.0 12802.0 0.8872051241993438 5 14 21.0 0.0 0.8872051241993438 0
38 ec.gp.GPIndividual@1353921166{532711185} 0.0 97094.0 10087.0 0.5830276593635372 4 9 21.0 0.0 0.5830276593635372 0
38 ec.gp.GPIndividual@1721796018{247619683} 0.0 105260.0 10087.0 0.8568454446317042 5 14 21.0 0.0 0.8568454446317042 0
38 ec.gp.GPIndividual@1353921166{532711185} 0.0 97094.0 8317.0 0.49428880605987735 4 9 21.0 0.0 0.49428880605987735 0
38 ec.gp.GPIndividual@1721796018{247619683} 0.0 105260.0 8317.0 0.8263797042202717 5 14 21.0 0.0 0.8263797042202717 0
38 ec.gp.GPIndividual@912040306{-1629613334} 0.0 88682.0 8387.0 0.19852152140217003 5 36 21.0 0.0 0.19852152140217003 0
38 ec.gp.GPIndividual@1424304022{-426936621} 0.0 38 ec.gp.GPIndividual@137750362{1323748379} 74660.0 10054.0 0.09568331012532326 0.0 5 32 21.0 0.0 74660.0 10054.0 0.09568331012532326 0.09568331012532326 0
5 36 21.0 0.0 0.09568331012532326 0
38 ec.gp.GPIndividual@912040306{-1629613334} 0.0 88682.0 14578.0 0.538894224173412 5 36 21.0 0.0 0.538894224173412 0
38 ec.gp.GPIndividual@912040306{-1629613334} 0.0 88682.0 10861.0 0.38108829757849183 5 36 21.0 0.0 0.38108829757849183 0
38 ec.gp.GPIndividual@1424304022{-426936621} 0.0 74660.0 8387.0 0.08405866221533326 5 32 21.0 0.0 0.08405866221533326 0
38 ec.gp.GPIndividual@137750362{1323748379} 0.0 74660.0 8387.0 0.08405866221533326 5 36 21.0 0.0 0.08405866221533326 0
38 ec.gp.GPIndividual@912040306{-1629613334} 0.0 88682.0 8160.0 0.17622549019607844 5 36 21.0 0.0 0.17622549019607844 0
38 ec.gp.GPIndividual@912040306{-1629613334} 0.0 88682.0 12802.0 0.47492579284486797 5 36 21.0 0.0 0.47492579284486797 0
38 ec.gp.GPIndividual@912040306{-1629613334} 0.0 88682.0 10087.0 0.33359770000991373 5 36 21.0 0.0 0.33359770000991373 0
38 ec.gp.GPIndividual@1424304022{-426936621} 0.0 70800.0 14578.0 0.26629167238304297 5 32 21.0 0.0 0.26629167238304297 0
38 ec.gp.GPIndividual@912040306{-1629613334} 0.0 38 ec.gp.GPIndividual@137750362{1323748379} 0.0 88682.0 14578.0 0.1917758807262234 5 36 21.0 0.0 70800.0 14578.0 0.26629167238304297 0.1917758807262234 0
5 36 21.0 0.0 0.26629167238304297 0
38 ec.gp.GPIndividual@1424304022{-426936621} 0.0 74660.0 10861.0 0.16287634656109015 5 32 21.0 0.0 0.16287634656109015 0
38 ec.gp.GPIndividual@2084690204{988347303} 0.0 74660.0 10054.0 0.09568331012532326 5 36 21.0 0.0 0.09568331012532326 0
38 ec.gp.GPIndividual@137750362{1323748379} 0.0 74660.0 10861.0 0.16287634656109015 5 36 21.0 0.0 0.16287634656109015 0
38 ec.gp.GPIndividual@1424304022{-426936621} 0.0 74660.0 8160.0 0.1142156862745098 5 32 21.0 0.0 0.1142156862745098 0
38 ec.gp.GPIndividual@2084690204{988347303} 0.0 74660.0 8387.0 0.08405866221533326 5 36 21.0 0.0 0.08405866221533326 0
38 ec.gp.GPIndividual@137750362{1323748379} 0.0 74660.0 8160.0 0.1142156862745098 5 36 21.0 0.0 0.1142156862745098 0
38 ec.gp.GPIndividual@1424304022{-426936621} 0.0 75160.0 12802.0 0.2507420715513201 5 32 21.0 0.0 0.2507420715513201 0
38 ec.gp.GPIndividual@137750362{1323748379} 0.0 75160.0 12802.0 0.2507420715513201 5 36 21.0 0.0 0.2507420715513201 0
38 ec.gp.GPIndividual@2084690204{988347303} 0.0 70800.0 14578.0 0.26629167238304297 5 36 21.0 0.0 0.26629167238304297 0
38 ec.gp.GPIndividual@1424304022{-426936621} 0.0 74660.0 10087.0 0.0986418161990681 5 32 21.0 0.0 0.0986418161990681 0
38 ec.gp.GPIndividual@137750362{1323748379} 0.0 74660.0 10087.0 0.0986418161990681 5 36 21.0 0.0 0.0986418161990681 0
38 ec.gp.GPIndividual@2084690204{988347303} 0.0 74660.0 10861.0 0.16287634656109015 5 36 21.0 0.0 0.16287634656109015 0
38 ec.gp.GPIndividual@1424304022{-426936621} 0.0 74660.0 8317.0 0.09318263797042203 5 32 21.0 0.0 0.09318263797042203 0
38 ec.gp.GPIndividual@137750362{1323748379} 0.0 74660.0 8317.0 0.09318263797042203 5 36 21.0 0.0 0.09318263797042203 0
38 ec.gp.GPIndividual@1253200994{-2138729826} 0.0 84442.0 10054.0 0.2096677939128705 5 36 21.0 0.0 0.2096677939128705 0
38 ec.gp.GPIndividual@1253200994{-2138729826} 0.0 84442.0 8387.0 0.052581375938953144 5 36 21.0 0.0 0.052581375938953144 0
38 ec.gp.GPIndividual@2084690204{988347303} 0.0 38 ec.gp.GPIndividual@1253200994{-2138729826} 74660.0 14578.0 0.1142156862745098 0.0 5 36 21.0 0.0 84442.0 14578.0 0.45493208944985597 0.1142156862745098 0
5 36 21.0 0.0 0.45493208944985597 0
38 ec.gp.GPIndividual@1253200994{-2138729826} 0.0 84442.0 10861.0 0.2683914924960869 5 36 21.0 0.0 0.2683914924960869 0
38 ec.gp.GPIndividual@1040409284{-1351840959} 0.0 74660.0 10054.0 0.09568331012532326 5 18 21.0 0.0 0.09568331012532326 0
38 ec.gp.GPIndividual@1253200994{-2138729826} 0.0 84442.0 8160.0 0.026225490196078432 5 36 21.0 0.0 0.026225490196078432 0
38 ec.gp.GPIndividual@1253200994{-2138729826} 0.0 84442.0 12802.0 0.379315731916888 5 36 21.0 0.0 0.379315731916888 0
38 ec.gp.GPIndividual@1253200994{-2138729826} 0.0 84442.0 10087.0 0.21225339545950234 5 36 21.0 0.0 0.21225339545950234 0
38 ec.gp.GPIndividual@1253200994{-2138729826} 0.0 84442.0 8317.0 0.04460743056390525 5 36 21.0 0.0 0.04460743056390525 0
38 ec.gp.GPIndividual@2084690204{988347303} 0.0 75160.0 12802.0 0.2507420715513201 5 36 21.0 0.0 0.2507420715513201 0
38 ec.gp.GPIndividual@1040409284{-1351840959} 0.0 74660.0 8387.0 0.08405866221533326 5 18 21.0 0.0 0.08405866221533326 0
38 ec.gp.GPIndividual@2084690204{988347303} 0.0 74660.0 10087.0 0.0986418161990681 5 36 21.0 0.0 0.0986418161990681 0
38 ec.gp.GPIndividual@1040409284{-1351840959} 0.0 70800.0 14578.0 0.26629167238304297 5 18 21.0 0.0 0.26629167238304297 0
38 ec.gp.GPIndividual@2084690204{988347303} 0.0 74660.0 8317.0 0.09318263797042203 5 36 21.0 0.0 0.09318263797042203 0
38 ec.gp.GPIndividual@262323197{858562308} 0.0 92920.0 10054.0 0.45335189974139645 5 10 21.0 0.0 0.45335189974139645 0
38 ec.gp.GPIndividual@262323197{858562308} 0.0 92920.0 8387.0 0.34470013115535947 5 10 21.0 0.0 0.34470013115535947 0
38 ec.gp.GPIndividual@262323197{858562308} 0.0 92920.0 14578.0 0.6229935519275621 5 10 21.0 0.0 0.6229935519275621 0
38 ec.gp.GPIndividual@262323197{858562308} 0.0 92920.0 10861.0 0.4939692477672406 5 10 21.0 0.0 0.4939692477672406 0
38 ec.gp.GPIndividual@262323197{858562308} 0.0 92920.0 8160.0 0.3264705882352941 5 10 21.0 0.0 0.3264705882352941 0
38 ec.gp.GPIndividual@262323197{858562308} 0.0 92920.0 12802.0 0.5706920793625996 5 10 21.0 0.0 0.5706920793625996 0
38 ec.gp.GPIndividual@1040409284{-1351840959} 0.0 74660.0 10861.0 0.16287634656109015 5 18 21.0 0.0 0.16287634656109015 0
38 ec.gp.GPIndividual@262323197{858562308} 0.0 92920.0 10087.0 0.4551402795677605 5 10 21.0 0.0 0.4551402795677605 0
38 ec.gp.GPIndividual@262323197{858562308} 0.0 92920.0 8317.0 0.33918480221233616 5 10 21.0 0.0 0.33918480221233616 0
38 ec.gp.GPIndividual@1040409284{-1351840959} 2.0 74660.0 8160.0 0.1142156862745098 5 18 21.0 0.0 0.1142156862745098 0
38 ec.gp.GPIndividual@1040409284{-1351840959} 0.0 75160.0 12802.0 0.2507420715513201 5 18 21.0 0.0 0.2507420715513201 0
38 ec.gp.GPIndividual@1040409284{-1351840959} 0.0 74660.0 10087.0 0.0986418161990681 5 18 21.0 0.0 0.0986418161990681 0
38 ec.gp.GPIndividual@1040409284{-1351840959} 0.0 74660.0 8317.0 0.09318263797042203 5 18 21.0 0.0 0.09318263797042203 0
39 ec.gp.GPIndividual@765676481{1488907731} 0.0 92920.0 10054.0 0.45335189974139645 5 26 21.0 0.0 0.45335189974139645 0
39 ec.gp.GPIndividual@69594403{-1079753300} 0.0 39 ec.gp.GPIndividual@1319545720{-1787717622} 83219.0 10054.0 0.33131092102645715 0.0 5 34 21.0 0.0 0.33131092102645715 0
39 ec.gp.GPIndividual@765676481{1488907731} 0.0 92920.0 8387.0 0.34470013115535947 91632.0 10054.0 0.5814601153769644 5 26 21.0 0.0 5 28 21.0 0.0 0.34470013115535947 0
0.5814601153769644 0
39 ec.gp.GPIndividual@69594403{-1079753300} 0.0 83219.0 8387.0 0.19840228925718373 5 34 21.0 0.0 0.19840228925718373 0
39 ec.gp.GPIndividual@765676481{1488907731} 0.0 39 ec.gp.GPIndividual@1319545720{-1787717622} 92920.0 8387.0 0.6229935519275621 0.0 5 26 21.0 0.0 91632.0 8387.0 0.49827113389769884 0.6229935519275621 0
5 28 21.0 0.0 0.49827113389769884 0
39 ec.gp.GPIndividual@765676481{1488907731} 0.0 92920.0 10861.0 0.4939692477672406 5 26 21.0 0.0 0.4939692477672406 0
39 ec.gp.GPIndividual@69594403{-1079753300} 0.0 39 ec.gp.GPIndividual@1319545720{-1787717622} 83232.0 10054.0 0.5379338729592537 0.0 5 34 21.0 0.0 91683.0 10054.0 0.7078474413499795 0.5379338729592537 0
39 ec.gp.GPIndividual@382450054{-1168224518} 39 ec.gp.GPIndividual@765676481{1488907731} 0.0 0.0 5 28 21.0 0.0 92920.0 8160.0 0.3264705882352941 0.7078474413499795 0
88682.0 8160.0 0.3314103839267953 5 34 21.0 0.0 5 26 21.0 0.0 0.3314103839267953 0
39 ec.gp.GPIndividual@1319545720{-1787717622} 0.0 39 ec.gp.GPIndividual@69594403{-1079753300} 91632.0 10861.0 0.6125586962526471 0.0 83219.0 10861.0 0.38099622502531993 0.3264705882352941 0
5 28 21.0 0.0 0.6125586962526471 0
5 34 21.0 0.0 0.38099622502531993 0
39 ec.gp.GPIndividual@765676481{1488907731} 0.0 92920.0 12802.0 0.5706920793625996 5 26 21.0 0.0 0.5706920793625996 0
39 ec.gp.GPIndividual@1319545720{-1787717622} 0.0 91632.0 8160.0 0.4843137254901961 5 28 21.0 0.0 0.4843137254901961 0
39 ec.gp.GPIndividual@765676481{1488907731} 0.0 92920.0 10087.0 0.4551402795677605 5 26 21.0 0.0 0.4551402795677605 0
39 ec.gp.GPIndividual@1319545720{-1787717622} 0.0 91632.0 12802.0 0.6713013591626308 39 ec.gp.GPIndividual@69594403{-1079753300} 5 28 21.0 0.0 0.0 0.6713013591626308 0
83219.0 12802.0 0.1761029411764706 5 34 21.0 0.0 0.1761029411764706 0
39 ec.gp.GPIndividual@765676481{1488907731} 0.0 39 ec.gp.GPIndividual@1319545720{-1787717622} 0.0 92920.0 10087.0 0.33918480221233616 5 26 21.0 0.0 91632.0 10087.0 0.5828293843561019 0.33918480221233616 0
5 28 21.0 0.0 0.5828293843561019 0
39 ec.gp.GPIndividual@382450054{-1168224518} 0.0 39 ec.gp.GPIndividual@1319545720{-1787717622} 39 ec.gp.GPIndividual@69594403{-1079753300} 88682.0 8317.0 0.19852152140217003 0.0 0.0 5 34 21.0 0.0 83220.0 8317.0 0.4747695672551164 91632.0 8317.0 0.49404833473608273 0.19852152140217003 0
5 28 21.0 0.0 0.49404833473608273 0
5 34 21.0 0.0 0.4747695672551164 0
39 ec.gp.GPIndividual@815220777{593897515} 0.0 74660.0 10054.0 0.09568331012532326 5 32 21.0 0.0 0.09568331012532326 0
39 ec.gp.GPIndividual@69594403{-1079753300} 0.0 83219.0 10087.0 0.3334985625061961 5 34 21.0 0.0 0.3334985625061961 0
39 ec.gp.GPIndividual@69594403{-1079753300} 0.0 83219.0 8317.0 0.19165564506432609 5 34 21.0 0.0 0.19165564506432609 0
39 ec.gp.GPIndividual@382450054{-1168224518} 0.0 88682.0 14578.0 0.538894224173412 5 34 21.0 0.0 0.538894224173412 0
39 ec.gp.GPIndividual@382450054{-1168224518} 0.0 88682.0 10861.0 0.38108829757849183 5 34 21.0 0.0 0.38108829757849183 0
39 ec.gp.GPIndividual@815220777{593897515} 0.0 74660.0 8387.0 0.08405866221533326 5 32 21.0 0.0 0.08405866221533326 0
39 ec.gp.GPIndividual@382450054{-1168224518} 0.0 88682.0 8160.0 0.17622549019607844 5 34 21.0 0.0 0.17622549019607844 0
39 ec.gp.GPIndividual@382450054{-1168224518} 0.0 88682.0 12802.0 0.47492579284486797 5 34 21.0 0.0 0.47492579284486797 0
39 ec.gp.GPIndividual@382450054{-1168224518} 0.0 88682.0 10087.0 0.33359770000991373 5 34 21.0 0.0 0.33359770000991373 0
39 ec.gp.GPIndividual@1294659517{24729539} 0.0 66096.0 10054.0 0.13944698627411975 5 32 21.0 0.0 0.13944698627411975 0
39 ec.gp.GPIndividual@382450054{-1168224518} 0.0 88682.0 8317.0 0.1917758807262234 5 34 21.0 0.0 0.1917758807262234 0
39 ec.gp.GPIndividual@336880505{-262901793} 0.0 88682.0 10054.0 0.3314103839267953 5 32 21.0 0.0 0.3314103839267953 0
39 ec.gp.GPIndividual@815220777{593897515} 0.0 70800.0 14578.0 0.26629167238304297 5 32 21.0 0.0 0.26629167238304297 0
39 ec.gp.GPIndividual@336880505{-262901793} 0.0 88682.0 8387.0 0.19852152140217003 5 32 21.0 0.0 0.19852152140217003 0
39 ec.gp.GPIndividual@336880505{-262901793} 0.0 88682.0 14578.0 0.538894224173412 5 32 21.0 0.0 0.538894224173412 0
39 ec.gp.GPIndividual@336880505{-262901793} 0.0 88682.0 10861.0 0.38108829757849183 5 32 21.0 0.0 0.38108829757849183 0
39 ec.gp.GPIndividual@815220777{593897515} 0.0 74660.0 10861.0 0.16287634656109015 5 32 21.0 0.0 0.16287634656109015 0
39 ec.gp.GPIndividual@336880505{-262901793} 0.0 88682.0 8160.0 0.17622549019607844 5 32 21.0 0.0 0.17622549019607844 0
39 ec.gp.GPIndividual@336880505{-262901793} 0.0 88682.0 12802.0 0.47492579284486797 5 32 21.0 0.0 0.47492579284486797 0
39 ec.gp.GPIndividual@1294659517{24729539} 0.0 66096.0 8387.0 0.3659234529629188 5 32 21.0 0.0 0.3659234529629188 0
39 ec.gp.GPIndividual@336880505{-262901793} 0.0 88682.0 10087.0 0.33359770000991373 5 32 21.0 0.0 0.33359770000991373 0
39 ec.gp.GPIndividual@815220777{593897515} 0.0 74660.0 8160.0 0.1142156862745098 5 32 21.0 0.0 0.1142156862745098 0
39 ec.gp.GPIndividual@336880505{-262901793} 0.0 88682.0 8317.0 0.1917758807262234 5 32 21.0 0.0 0.1917758807262234 0
39 ec.gp.GPIndividual@815220777{593897515} 0.0 75160.0 12802.0 0.2507420715513201 5 32 21.0 0.0 0.2507420715513201 0
39 ec.gp.GPIndividual@1294659517{24729539} 0.0 69984.0 14578.0 0.3222664288654136 5 32 21.0 0.0 0.3222664288654136 0
39 ec.gp.GPIndividual@815220777{593897515} 0.0 74660.0 10087.0 0.0986418161990681 5 32 21.0 0.0 0.0986418161990681 0
39 ec.gp.GPIndividual@815220777{593897515} 0.0 74660.0 8317.0 0.09318263797042203 5 32 21.0 0.0 0.09318263797042203 0
39 ec.gp.GPIndividual@1294659517{24729539} 0.0 66096.0 10861.0 0.05478316913728018 5 32 21.0 0.0 0.05478316913728018 0
39 ec.gp.GPIndividual@1294659517{24729539} 0.0 65874.0 8160.0 0.3767156862745098 5 32 21.0 0.0 0.3767156862745098 0
39 ec.gp.GPIndividual@1294659517{24729539} 0.0 70364.0 12802.0 0.19856272457428525 5 32 21.0 0.0 0.19856272457428525 0
39 ec.gp.GPIndividual@1294659517{24729539} 0.0 66096.0 10087.0 0.1357192425894716 5 32 21.0 0.0 0.1357192425894716 0
39 ec.gp.GPIndividual@1294659517{24729539} 0.0 65874.0 8317.0 0.3507274257544788 5 32 21.0 0.0 0.3507274257544788 0
40 ec.gp.GPIndividual@1541739887{-1206783144} 0.0 109280.0 10054.0 1.0 1 1 21.0 0.0 1.0 0
40 ec.gp.GPIndividual@1541739887{-1206783144} 0.0 109280.0 8387.0 1.0 1 1 21.0 0.0 1.0 0
40 ec.gp.GPIndividual@1541739887{-1206783144} 0.0 109280.0 14578.0 1.0 1 1 21.0 0.0 1.0 0
40 ec.gp.GPIndividual@1541739887{-1206783144} 0.0 109280.0 10861.0 1.0 1 1 21.0 0.0 1.0 0
40 ec.gp.GPIndividual@1541739887{-1206783144} 0.0 109280.0 10054.0 1.0 1 1 21.0 0.0 1.0 0
40 ec.gp.GPIndividual@1382198857{-1181418770} 40 ec.gp.GPIndividual@1541739887{-1206783144} 0.0 0.0 92920.0 12802.0 0.45335189974139645 109280.0 12802.0 1.0 5 28 21.0 0.0 1 1 21.0 0.0 0.45335189974139645 0
1.0 0
40 ec.gp.GPIndividual@1541739887{-1206783144} 0.0 109280.0 10087.0 1.0 1 1 21.0 0.0 1.0 0
40 ec.gp.GPIndividual@1541739887{-1206783144} 0.0 109280.0 8317.0 1.0 1 1 21.0 0.0 1.0 0
40 ec.gp.GPIndividual@1382198857{-1181418770} 0.0 92920.0 8387.0 0.34470013115535947 5 28 21.0 0.0 0.34470013115535947 0
40 ec.gp.GPIndividual@641814546{-280484039} 0.0 92920.0 10054.0 0.45335189974139645 5 32 21.0 0.0 0.45335189974139645 0
40 ec.gp.GPIndividual@641814546{-280484039} 0.0 92920.0 8387.0 0.34470013115535947 5 32 21.0 0.0 0.34470013115535947 0
40 ec.gp.GPIndividual@1382198857{-1181418770} 0.0 92920.0 14578.0 0.6229935519275621 5 28 21.0 0.0 0.6229935519275621 0
40 ec.gp.GPIndividual@641814546{-280484039} 0.0 92920.0 14578.0 0.6229935519275621 5 32 21.0 0.0 0.6229935519275621 0
40 ec.gp.GPIndividual@641814546{-280484039} 0.0 92920.0 10861.0 0.4939692477672406 5 32 21.0 0.0 0.4939692477672406 0
40 ec.gp.GPIndividual@1382198857{-1181418770} 0.0 92920.0 10861.0 0.4939692477672406 5 28 21.0 0.0 0.4939692477672406 0
40 ec.gp.GPIndividual@641814546{-280484039} 0.0 92920.0 8160.0 0.3264705882352941 5 32 21.0 0.0 0.3264705882352941 0
40 ec.gp.GPIndividual@641814546{-280484039} 0.0 92920.0 12802.0 0.5706920793625996 5 32 21.0 0.0 0.5706920793625996 0
40 ec.gp.GPIndividual@1382198857{-1181418770} 0.0 92920.0 8160.0 0.3264705882352941 5 28 21.0 0.0 0.3264705882352941 0
40 ec.gp.GPIndividual@1786961525{-1349660941} 0.0 74660.0 10054.0 0.09568331012532326 40 ec.gp.GPIndividual@641814546{-280484039} 5 30 21.0 0.0 0.0 0.09568331012532326 0
92920.0 10054.0 0.4551402795677605 5 32 21.0 0.0 0.4551402795677605 0
40 ec.gp.GPIndividual@377869697{-835172669} 0.0 74660.0 10054.0 0.09568331012532326 5 32 21.0 0.0 0.09568331012532326 0
40 ec.gp.GPIndividual@1382198857{-1181418770} 0.0 40 ec.gp.GPIndividual@641814546{-280484039} 92920.0 8317.0 0.5706920793625996 0.0 5 28 21.0 0.0 0.5706920793625996 0
92920.0 8317.0 0.33918480221233616 5 32 21.0 0.0 0.33918480221233616 0
40 ec.gp.GPIndividual@1270027167{77356889} 0.0 75160.0 10054.0 0.045951859956236324 5 34 21.0 0.0 0.045951859956236324 0
40 ec.gp.GPIndividual@1382198857{-1181418770} 0.0 92920.0 10087.0 0.4551402795677605 5 28 21.0 0.0 0.4551402795677605 0
40 ec.gp.GPIndividual@1382198857{-1181418770} 0.0 92920.0 8317.0 0.33918480221233616 5 28 21.0 0.0 0.33918480221233616 0
40 ec.gp.GPIndividual@1786961525{-1349660941} 0.0 74660.0 8387.0 0.08405866221533326 5 30 21.0 0.0 0.08405866221533326 0
40 ec.gp.GPIndividual@377869697{-835172669} 0.0 74660.0 8387.0 0.08405866221533326 5 32 21.0 0.0 0.08405866221533326 0
40 ec.gp.GPIndividual@1270027167{77356889} 0.0 75160.0 8387.0 0.14367473470847741 5 34 21.0 0.0 0.14367473470847741 0
40 ec.gp.GPIndividual@1270027167{77356889} 0.0 79222.0 14578.0 0.43819453971738237 5 34 21.0 0.0 0.43819453971738237 0
40 ec.gp.GPIndividual@1786961525{-1349660941} 0.0 70800.0 14578.0 0.26629167238304297 5 30 21.0 0.0 0.26629167238304297 0
40 ec.gp.GPIndividual@377869697{-835172669} 0.0 70800.0 14578.0 0.26629167238304297 5 32 21.0 0.0 0.26629167238304297 0
40 ec.gp.GPIndividual@1270027167{77356889} 0.0 75160.0 10861.0 0.1168400699751404 5 34 21.0 0.0 0.1168400699751404 0
40 ec.gp.GPIndividual@1786961525{-1349660941} 0.0 74660.0 10861.0 0.16287634656109015 5 30 21.0 0.0 0.16287634656109015 0
40 ec.gp.GPIndividual@377869697{-835172669} 0.0 74660.0 10861.0 0.16287634656109015 5 32 21.0 0.0 0.16287634656109015 0
40 ec.gp.GPIndividual@1270027167{77356889} 0.0 78900.0 8160.0 0.035784313725490194 5 34 21.0 0.0 0.035784313725490194 0
40 ec.gp.GPIndividual@1786961525{-1349660941} 0.0 74660.0 8160.0 0.1142156862745098 5 30 21.0 0.0 0.1142156862745098 0
40 ec.gp.GPIndividual@1270027167{77356889} 0.0 79400.0 12802.0 0.34635213247930013 5 34 21.0 0.0 0.34635213247930013 0
40 ec.gp.GPIndividual@377869697{-835172669} 0.0 74660.0 8160.0 0.1142156862745098 5 32 21.0 0.0 0.1142156862745098 0
40 ec.gp.GPIndividual@1786961525{-1349660941} 0.0 75160.0 12802.0 0.2507420715513201 5 30 21.0 0.0 0.2507420715513201 0
40 ec.gp.GPIndividual@1270027167{77356889} 0.0 75160.0 10087.0 0.04907306434023991 5 34 21.0 0.0 0.04907306434023991 0
40 ec.gp.GPIndividual@377869697{-835172669} 0.0 75160.0 12802.0 0.2507420715513201 5 32 21.0 0.0 0.2507420715513201 0
40 ec.gp.GPIndividual@1270027167{77356889} 0.0 78900.0 8317.0 0.05398581219189612 5 34 21.0 0.0 0.05398581219189612 0
40 ec.gp.GPIndividual@1786961525{-1349660941} 0.0 74660.0 10087.0 0.0986418161990681 5 30 21.0 0.0 0.0986418161990681 0
40 ec.gp.GPIndividual@377869697{-835172669} 0.0 74660.0 10087.0 0.0986418161990681 5 32 21.0 0.0 0.0986418161990681 0
40 ec.gp.GPIndividual@1786961525{-1349660941} 0.0 74660.0 8317.0 0.09318263797042203 5 30 21.0 0.0 0.09318263797042203 0
40 ec.gp.GPIndividual@377869697{-835172669} 0.0 74660.0 8317.0 0.09318263797042203 5 32 21.0 0.0 0.09318263797042203 0
40 ec.gp.GPIndividual@2126662103{-1350269422} 0.0 95726.0 10054.0 0.7177242888402626 5 26 21.0 0.0 0.7177242888402626 0
40 ec.gp.GPIndividual@2126662103{-1350269422} 0.0 95726.0 8387.0 0.6616191725289138 5 26 21.0 0.0 0.6616191725289138 0
40 ec.gp.GPIndividual@2126662103{-1350269422} 0.0 95900.0 14578.0 0.7933872959253669 5 26 21.0 0.0 0.7933872959253669 0
40 ec.gp.GPIndividual@2126662103{-1350269422} 0.0 95726.0 10861.0 0.7386980940981493 5 26 21.0 0.0 0.7386980940981493 0
40 ec.gp.GPIndividual@2126662103{-1350269422} 0.0 95726.0 8160.0 0.6522058823529412 5 26 21.0 0.0 0.6522058823529412 0
40 ec.gp.GPIndividual@2126662103{-1350269422} 0.0 95726.0 12802.0 0.7783158881424778 5 26 21.0 0.0 0.7783158881424778 0
40 ec.gp.GPIndividual@2126662103{-1350269422} 0.0 95726.0 10087.0 0.7186477644492911 5 26 21.0 0.0 0.7186477644492911 0
40 ec.gp.GPIndividual@2126662103{-1350269422} 0.0 95726.0 8317.0 0.6587711915354094 5 26 21.0 0.0 0.6587711915354094 0
40 ec.gp.GPIndividual@843814403{-588792741} 0.0 74660.0 10054.0 0.09568331012532326 5 38 21.0 0.0 0.09568331012532326 0
40 ec.gp.GPIndividual@843814403{-588792741} 0.0 74660.0 8387.0 0.08405866221533326 5 38 21.0 0.0 0.08405866221533326 0
40 ec.gp.GPIndividual@843814403{-588792741} 0.0 70800.0 14578.0 0.26629167238304297 5 38 21.0 0.0 0.26629167238304297 0
40 ec.gp.GPIndividual@843814403{-588792741} 0.0 74660.0 10861.0 0.16287634656109015 5 38 21.0 0.0 0.16287634656109015 0
40 ec.gp.GPIndividual@843814403{-588792741} 0.0 74660.0 8160.0 0.1142156862745098 5 38 21.0 0.0 0.1142156862745098 0
40 ec.gp.GPIndividual@843814403{-588792741} 0.0 75160.0 12802.0 0.2507420715513201 5 38 21.0 0.0 0.2507420715513201 0
40 ec.gp.GPIndividual@843814403{-588792741} 0.0 74660.0 10087.0 0.0986418161990681 5 38 21.0 0.0 0.0986418161990681 0
40 ec.gp.GPIndividual@843814403{-588792741} 0.0 74660.0 8317.0 0.09318263797042203 5 38 21.0 0.0 0.09318263797042203 0
41 ec.gp.GPIndividual@617381070{-2104087830} 0.0 104262.0 10054.0 0.9556395464491745 1 1 21.0 0.0 0.9556395464491745 0
41 ec.gp.GPIndividual@617381070{-2104087830} 0.0 104262.0 8387.0 0.9468224633361154 1 1 21.0 0.0 0.9468224633361154 0
41 ec.gp.GPIndividual@617381070{-2104087830} 0.0 104262.0 14578.0 0.9694059541775277 1 1 21.0 0.0 0.9694059541775277 0
41 ec.gp.GPIndividual@617381070{-2104087830} 0.0 104262.0 10861.0 0.9589356412853328 1 1 21.0 0.0 0.9589356412853328 0
41 ec.gp.GPIndividual@617381070{-2104087830} 0.0 104262.0 8160.0 0.9453431372549019 1 1 21.0 0.0 0.9453431372549019 0
41 ec.gp.GPIndividual@617381070{-2104087830} 0.0 104262.0 12802.0 0.9651616934853929 1 1 21.0 0.0 0.9651616934853929 0
41 ec.gp.GPIndividual@617381070{-2104087830} 0.0 104262.0 10087.0 0.9557846733419253 1 1 21.0 0.0 0.9557846733419253 0
41 ec.gp.GPIndividual@617381070{-2104087830} 0.0 104262.0 8317.0 0.9463748947937959 1 1 21.0 0.0 0.9463748947937959 0
41 ec.gp.GPIndividual@925639619{529312827} 0.0 74660.0 10054.0 0.09568331012532326 5 36 21.0 0.0 0.09568331012532326 0
41 ec.gp.GPIndividual@57738076{-115972747} 0.0 41 ec.gp.GPIndividual@83963592{1125352957} 74660.0 10054.0 0.09568331012532326 0.0 5 32 21.0 0.0 0.09568331012532326 0
74660.0 10054.0 0.09568331012532326 5 36 21.0 0.0 0.09568331012532326 0
41 ec.gp.GPIndividual@1527309027{-1927908446} 0.0 74660.0 10054.0 0.09568331012532326 5 24 21.0 0.0 0.09568331012532326 0
41 ec.gp.GPIndividual@1176756464{1323748379} 0.0 74660.0 10054.0 0.09568331012532326 5 36 21.0 0.0 0.09568331012532326 0
41 ec.gp.GPIndividual@925639619{529312827} 0.0 74660.0 8387.0 0.08405866221533326 5 36 21.0 0.0 0.08405866221533326 0
41 ec.gp.GPIndividual@57738076{-115972747} 0.0 74660.0 8387.0 0.08405866221533326 5 32 21.0 0.0 0.08405866221533326 0
41 ec.gp.GPIndividual@83963592{1125352957} 0.0 74660.0 8387.0 0.08405866221533326 5 36 21.0 0.0 0.08405866221533326 0
41 ec.gp.GPIndividual@1176756464{1323748379} 0.0 74660.0 8387.0 0.08405866221533326 5 36 21.0 0.0 0.08405866221533326 0
41 ec.gp.GPIndividual@1527309027{-1927908446} 0.0 74660.0 8387.0 0.08405866221533326 5 24 21.0 0.0 0.08405866221533326 0
41 ec.gp.GPIndividual@925639619{529312827} 0.0 70800.0 14578.0 0.26629167238304297 5 36 21.0 0.0 0.26629167238304297 0
41 ec.gp.GPIndividual@57738076{-115972747} 0.0 70800.0 14578.0 0.26629167238304297 5 32 21.0 0.0 0.26629167238304297 0
41 ec.gp.GPIndividual@83963592{1125352957} 0.0 70800.0 14578.0 0.26629167238304297 5 36 21.0 0.0 0.26629167238304297 0
41 ec.gp.GPIndividual@1176756464{1323748379} 0.0 70800.0 14578.0 0.26629167238304297 5 36 21.0 0.0 0.26629167238304297 0
41 ec.gp.GPIndividual@1527309027{-1927908446} 0.0 70800.0 14578.0 0.26629167238304297 5 24 21.0 0.0 0.26629167238304297 0
41 ec.gp.GPIndividual@925639619{529312827} 0.0 74660.0 10861.0 0.16287634656109015 5 36 21.0 0.0 0.16287634656109015 0
41 ec.gp.GPIndividual@57738076{-115972747} 0.0 74660.0 10861.0 0.16287634656109015 5 32 21.0 0.0 0.16287634656109015 0
41 ec.gp.GPIndividual@83963592{1125352957} 0.0 74660.0 10861.0 0.16287634656109015 5 36 21.0 0.0 0.16287634656109015 0
41 ec.gp.GPIndividual@1176756464{1323748379} 0.0 74660.0 10861.0 0.16287634656109015 5 36 21.0 0.0 0.16287634656109015 0
41 ec.gp.GPIndividual@1527309027{-1927908446} 0.0 74660.0 10861.0 0.16287634656109015 5 24 21.0 0.0 0.16287634656109015 0
41 ec.gp.GPIndividual@925639619{529312827} 0.0 74660.0 8160.0 0.1142156862745098 5 36 21.0 0.0 0.1142156862745098 0
41 ec.gp.GPIndividual@57738076{-115972747} 0.0 74660.0 8160.0 0.1142156862745098 5 32 21.0 0.0 0.1142156862745098 0
41 ec.gp.GPIndividual@83963592{1125352957} 0.0 74660.0 8160.0 0.1142156862745098 5 36 21.0 0.0 0.1142156862745098 0
41 ec.gp.GPIndividual@1176756464{1323748379} 0.0 74660.0 8160.0 0.1142156862745098 5 36 21.0 0.0 0.1142156862745098 0
41 ec.gp.GPIndividual@1527309027{-1927908446} 0.0 74660.0 8160.0 0.1142156862745098 5 24 21.0 0.0 0.1142156862745098 0
41 ec.gp.GPIndividual@925639619{529312827} 0.0 75160.0 12802.0 0.2507420715513201 5 36 21.0 0.0 0.2507420715513201 0
41 ec.gp.GPIndividual@57738076{-115972747} 0.0 75160.0 12802.0 0.2507420715513201 5 32 21.0 0.0 0.2507420715513201 0
41 ec.gp.GPIndividual@83963592{1125352957} 0.0 75160.0 12802.0 0.2507420715513201 5 36 21.0 0.0 0.2507420715513201 0
41 ec.gp.GPIndividual@1176756464{1323748379} 0.0 75160.0 12802.0 0.2507420715513201 5 36 21.0 0.0 0.2507420715513201 0
41 ec.gp.GPIndividual@1527309027{-1927908446} 0.0 75160.0 12802.0 0.2507420715513201 5 24 21.0 0.0 0.2507420715513201 0
41 ec.gp.GPIndividual@925639619{529312827} 0.0 74660.0 10087.0 0.0986418161990681 5 36 21.0 0.0 0.0986418161990681 0
41 ec.gp.GPIndividual@57738076{-115972747} 0.0 74660.0 10087.0 0.0986418161990681 5 32 21.0 0.0 0.0986418161990681 0
41 ec.gp.GPIndividual@83963592{1125352957} 0.0 74660.0 10087.0 0.0986418161990681 5 36 21.0 0.0 0.0986418161990681 0
41 ec.gp.GPIndividual@1176756464{1323748379} 0.0 74660.0 10087.0 0.0986418161990681 5 36 21.0 0.0 0.0986418161990681 0
41 ec.gp.GPIndividual@1527309027{-1927908446} 0.0 74660.0 10087.0 0.0986418161990681 5 24 21.0 0.0 0.0986418161990681 0
41 ec.gp.GPIndividual@925639619{529312827} 0.0 74660.0 8317.0 0.09318263797042203 5 36 21.0 0.0 0.09318263797042203 0
41 ec.gp.GPIndividual@57738076{-115972747} 0.0 74660.0 8317.0 0.09318263797042203 5 32 21.0 0.0 0.09318263797042203 0
41 ec.gp.GPIndividual@83963592{1125352957} 0.0 74660.0 8317.0 0.09318263797042203 5 36 21.0 0.0 0.09318263797042203 0
41 ec.gp.GPIndividual@1176756464{1323748379} 0.0 74660.0 8317.0 0.09318263797042203 5 36 21.0 0.0 0.09318263797042203 0
41 ec.gp.GPIndividual@525102802{2142628964} 0.0 105260.0 8317.0 0.8563755719116769 2 3 21.0 0.0 41 ec.gp.GPIndividual@1527309027{-1927908446} 0.8563755719116769 0
0.0 74660.0 8317.0 0.09318263797042203 5 24 21.0 0.0 0.09318263797042203 0
41 ec.gp.GPIndividual@525102802{2142628964} 0.0 105260.0 8387.0 0.8278287826397996 2 3 21.0 0.0 0.8278287826397996 0
41 ec.gp.GPIndividual@1501143946{-333173188} 0.0 101188.0 10054.0 0.7179232146409389 3 5 21.0 0.0 0.7179232146409389 0
41 ec.gp.GPIndividual@525102802{2142628964} 0.0 105260.0 14578.0 0.9009466319110989 2 3 21.0 0.0 0.9009466319110989 0
41 ec.gp.GPIndividual@1501143946{-333173188} 0.0 101188.0 8387.0 0.6618576368188863 3 5 21.0 0.0 0.6618576368188863 0
41 ec.gp.GPIndividual@525102802{2142628964} 0.0 105260.0 10861.0 0.8670472332197772 2 3 21.0 0.0 0.8670472332197772 0
41 ec.gp.GPIndividual@1501143946{-333173188} 0.0 101188.0 14578.0 0.805460282617643 3 5 21.0 0.0 0.805460282617643 0
41 ec.gp.GPIndividual@525102802{2142628964} 0.0 105260.0 8160.0 0.8230392156862745 2 3 21.0 0.0 0.8230392156862745 0
41 ec.gp.GPIndividual@1501143946{-333173188} 0.0 101188.0 10861.0 0.7388822392044931 3 5 21.0 0.0 0.7388822392044931 0
41 ec.gp.GPIndividual@525102802{2142628964} 0.0 105260.0 12802.0 0.8872051241993438 2 3 21.0 0.0 0.8872051241993438 0
41 ec.gp.GPIndividual@1501143946{-333173188} 0.0 101188.0 8160.0 0.6524509803921569 3 5 21.0 0.0 0.6524509803921569 0
41 ec.gp.GPIndividual@525102802{2142628964} 0.0 105260.0 10087.0 0.8568454446317042 2 3 21.0 0.0 0.8568454446317042 0
41 ec.gp.GPIndividual@1501143946{-333173188} 0.0 101188.0 12802.0 0.7784721137322294 3 5 21.0 0.0 0.7784721137322294 0
41 ec.gp.GPIndividual@525102802{2142628964} 0.0 105260.0 8317.0 0.8263797042202717 2 3 21.0 0.0 0.8263797042202717 0
41 ec.gp.GPIndividual@1501143946{-333173188} 0.0 101188.0 10087.0 0.7188460394567264 3 5 21.0 0.0 0.7188460394567264 0
41 ec.gp.GPIndividual@1501143946{-333173188} 0.0 101188.0 8317.0 0.6590116628592041 3 5 21.0 0.0 0.6590116628592041 0
41 ec.gp.GPIndividual@1030808335{-195916725} 0.0 74660.0 10054.0 0.09568331012532326 5 38 21.0 0.0 0.09568331012532326 0
41 ec.gp.GPIndividual@1030808335{-195916725} 0.0 74660.0 8387.0 0.08405866221533326 5 38 21.0 0.0 0.08405866221533326 0
41 ec.gp.GPIndividual@1030808335{-195916725} 0.0 70800.0 14578.0 0.26629167238304297 5 38 21.0 0.0 0.26629167238304297 0
41 ec.gp.GPIndividual@1030808335{-195916725} 0.0 74660.0 10861.0 0.16287634656109015 5 38 21.0 0.0 0.16287634656109015 0
41 ec.gp.GPIndividual@1030808335{-195916725} 0.0 74660.0 8160.0 0.1142156862745098 5 38 21.0 0.0 0.1142156862745098 0
41 ec.gp.GPIndividual@1030808335{-195916725} 0.0 75160.0 12802.0 0.2507420715513201 5 38 21.0 0.0 0.2507420715513201 0
41 ec.gp.GPIndividual@1030808335{-195916725} 0.0 74660.0 10087.0 0.0986418161990681 5 38 21.0 0.0 0.0986418161990681 0
41 ec.gp.GPIndividual@1030808335{-195916725} 0.0 74660.0 8317.0 0.09318263797042203 5 38 21.0 0.0 0.09318263797042203 0
42 ec.gp.GPIndividual@1673624120{-1751970690} 0.0 97094.0 10054.0 0.5816590411776408 5 24 21.0 0.0 0.5816590411776408 0
42 ec.gp.GPIndividual@1673624120{-1751970690} 0.0 97094.0 8387.0 0.4985095981876714 5 24 21.0 0.0 0.4985095981876714 0
42 ec.gp.GPIndividual@1673624120{-1751970690} 0.0 97094.0 14578.0 0.7114830566607216 5 24 21.0 0.0 0.7114830566607216 0
42 ec.gp.GPIndividual@1673624120{-1751970690} 0.0 97094.0 10861.0 0.6127428413589909 5 24 21.0 0.0 0.6127428413589909 0
42 ec.gp.GPIndividual@1673624120{-1751970690} 0.0 97094.0 8160.0 0.48455882352941176 5 24 21.0 0.0 0.48455882352941176 0
42 ec.gp.GPIndividual@1673624120{-1751970690} 0.0 97094.0 12802.0 0.6714575847523825 5 24 21.0 0.0 0.6714575847523825 0
42 ec.gp.GPIndividual@1673624120{-1751970690} 0.0 97094.0 10087.0 0.5830276593635372 5 24 21.0 0.0 0.5830276593635372 0
42 ec.gp.GPIndividual@1673624120{-1751970690} 0.0 97094.0 8317.0 0.49428880605987735 5 24 21.0 0.0 0.49428880605987735 0
42 ec.gp.GPIndividual@98636029{-1723012182} 0.0 74660.0 10054.0 0.09568331012532326 5 24 21.0 0.0 0.09568331012532326 0
42 ec.gp.GPIndividual@2029491489{-1927908446} 0.0 74660.0 10054.0 0.09568331012532326 5 24 21.0 0.0 0.09568331012532326 0
42 ec.gp.GPIndividual@414678186{-1580287814} 0.0 74660.0 10054.0 0.09568331012532326 5 36 21.0 0.0 0.09568331012532326 0
42 ec.gp.GPIndividual@1833193954{1735772818} 0.0 74660.0 10054.0 0.09568331012532326 5 26 21.0 0.0 0.09568331012532326 0
42 ec.gp.GPIndividual@98636029{-1723012182} 0.0 74660.0 8387.0 0.08405866221533326 5 24 21.0 0.0 0.08405866221533326 0
42 ec.gp.GPIndividual@2029491489{-1927908446} 0.0 74660.0 8387.0 0.08405866221533326 5 24 21.0 0.0 0.08405866221533326 0
42 ec.gp.GPIndividual@1833193954{1735772818} 0.0 74660.0 8387.0 0.08405866221533326 5 26 21.0 0.0 0.08405866221533326 0
42 ec.gp.GPIndividual@414678186{-1580287814} 0.0 74660.0 8387.0 0.08405866221533326 5 36 21.0 0.0 0.08405866221533326 0
42 ec.gp.GPIndividual@98636029{-1723012182} 0.0 70800.0 14578.0 0.26629167238304297 5 24 21.0 0.0 0.26629167238304297 0
42 ec.gp.GPIndividual@2029491489{-1927908446} 0.0 70800.0 14578.0 0.26629167238304297 5 24 21.0 0.0 0.26629167238304297 0
42 ec.gp.GPIndividual@1833193954{1735772818} 0.0 70800.0 14578.0 0.26629167238304297 5 26 21.0 0.0 0.26629167238304297 0
42 ec.gp.GPIndividual@414678186{-1580287814} 0.0 70800.0 14578.0 0.26629167238304297 5 36 21.0 0.0 0.26629167238304297 0
42 ec.gp.GPIndividual@98636029{-1723012182} 0.0 74660.0 10861.0 0.16287634656109015 5 24 21.0 0.0 0.16287634656109015 0
42 ec.gp.GPIndividual@2029491489{-1927908446} 0.0 74660.0 10861.0 0.16287634656109015 5 24 21.0 0.0 0.16287634656109015 0
42 ec.gp.GPIndividual@1833193954{1735772818} 0.0 74660.0 10861.0 0.16287634656109015 5 26 21.0 0.0 0.16287634656109015 0
42 ec.gp.GPIndividual@414678186{-1580287814} 0.0 74660.0 10861.0 0.16287634656109015 5 36 21.0 0.0 0.16287634656109015 0
42 ec.gp.GPIndividual@98636029{-1723012182} 0.0 74660.0 8160.0 0.1142156862745098 5 24 21.0 0.0 0.1142156862745098 0
42 ec.gp.GPIndividual@2029491489{-1927908446} 0.0 74660.0 8160.0 0.1142156862745098 5 24 21.0 0.0 0.1142156862745098 0
42 ec.gp.GPIndividual@1833193954{1735772818} 0.0 74660.0 8160.0 0.1142156862745098 5 26 21.0 0.0 0.1142156862745098 0
42 ec.gp.GPIndividual@414678186{-1580287814} 0.0 74660.0 8160.0 0.1142156862745098 5 36 21.0 0.0 0.1142156862745098 0
42 ec.gp.GPIndividual@98636029{-1723012182} 0.0 75160.0 12802.0 0.2507420715513201 5 24 21.0 0.0 0.2507420715513201 0
42 ec.gp.GPIndividual@2029491489{-1927908446} 0.0 75160.0 12802.0 0.2507420715513201 5 24 21.0 0.0 0.2507420715513201 0
42 ec.gp.GPIndividual@1833193954{1735772818} 0.0 75160.0 12802.0 0.2507420715513201 5 26 21.0 0.0 0.2507420715513201 0
42 ec.gp.GPIndividual@414678186{-1580287814} 0.0 75160.0 12802.0 0.2507420715513201 5 36 21.0 0.0 0.2507420715513201 0
42 ec.gp.GPIndividual@98636029{-1723012182} 0.0 74660.0 10087.0 0.0986418161990681 5 24 21.0 0.0 0.0986418161990681 0
42 ec.gp.GPIndividual@2029491489{-1927908446} 0.0 74660.0 10087.0 0.0986418161990681 5 24 21.0 0.0 0.0986418161990681 0
42 ec.gp.GPIndividual@1833193954{1735772818} 0.0 74660.0 10087.0 0.0986418161990681 5 26 21.0 0.0 0.0986418161990681 0
42 ec.gp.GPIndividual@414678186{-1580287814} 0.0 74660.0 10087.0 0.0986418161990681 5 36 21.0 0.0 0.0986418161990681 0
42 ec.gp.GPIndividual@98636029{-1723012182} 0.0 74660.0 8317.0 0.09318263797042203 5 24 21.0 0.0 0.09318263797042203 0
42 ec.gp.GPIndividual@2029491489{-1927908446} 0.0 74660.0 8317.0 0.09318263797042203 5 24 21.0 0.0 0.09318263797042203 0
42 ec.gp.GPIndividual@1833193954{1735772818} 0.0 74660.0 8317.0 0.09318263797042203 5 26 21.0 0.0 0.09318263797042203 0
42 ec.gp.GPIndividual@197835069{1033098195} 0.0 13530.0 10054.0 0.34573304157549234 5 36 21.0 0.0 0.34573304157549234 0
42 ec.gp.GPIndividual@414678186{-1580287814} 0.0 74660.0 8317.0 0.09318263797042203 5 36 21.0 0.0 0.09318263797042203 0
42 ec.gp.GPIndividual@197835069{1033098195} 0.0 13517.0 8387.0 0.611660903779659 5 36 21.0 0.0 0.611660903779659 0
42 ec.gp.GPIndividual@1761705319{1323748379} 0.0 74660.0 10054.0 0.09568331012532326 5 36 21.0 0.0 0.09568331012532326 0
42 ec.gp.GPIndividual@197835069{1033098195} 0.0 15597.0 14578.0 0.06989984908766635 5 36 21.0 0.0 0.06989984908766635 0
42 ec.gp.GPIndividual@1783418777{1442300671} 0.0 75160.0 10054.0 0.045951859956236324 5 34 21.0 0.0 0.045951859956236324 0
42 ec.gp.GPIndividual@197835069{1033098195} 0.0 13530.0 10861.0 0.24574164441579965 5 36 21.0 0.0 0.24574164441579965 0
42 ec.gp.GPIndividual@197835069{1033098195} 0.0 13517.0 8160.0 0.6564950980392157 5 36 21.0 0.0 0.6564950980392157 0
42 ec.gp.GPIndividual@1761705319{1323748379} 0.0 74660.0 8387.0 0.08405866221533326 5 36 21.0 0.0 0.08405866221533326 0
42 ec.gp.GPIndividual@197835069{1033098195} 0.0 14590.0 12802.0 0.13966567723793158 5 36 21.0 0.0 0.13966567723793158 0
42 ec.gp.GPIndividual@1783418777{1442300671} 0.0 75160.0 8387.0 0.14367473470847741 5 34 21.0 0.0 0.14367473470847741 0
42 ec.gp.GPIndividual@197835069{1033098195} 0.0 13530.0 10087.0 0.34133042529989094 5 36 21.0 0.0 0.34133042529989094 0
42 ec.gp.GPIndividual@197835069{1033098195} 0.0 13530.0 8317.0 0.6267885054707226 5 36 21.0 0.0 0.6267885054707226 0
42 ec.gp.GPIndividual@1783418777{1442300671} 0.0 79222.0 14578.0 0.43819453971738237 5 34 21.0 0.0 0.43819453971738237 0
42 ec.gp.GPIndividual@656914838{1033098195} 0.0 87902.0 10054.0 0.40899144619057093 5 36 21.0 0.0 0.40899144619057093 0
42 ec.gp.GPIndividual@1761705319{1323748379} 0.0 70800.0 14578.0 0.26629167238304297 5 36 21.0 0.0 0.26629167238304297 0
42 ec.gp.GPIndividual@656914838{1033098195} 0.0 87902.0 8387.0 0.2915225944914749 5 36 21.0 0.0 0.2915225944914749 0
42 ec.gp.GPIndividual@1783418777{1442300671} 0.0 75160.0 10861.0 0.1168400699751404 5 34 21.0 0.0 0.1168400699751404 0
42 ec.gp.GPIndividual@656914838{1033098195} 0.0 88156.0 14578.0 0.574975991219646 5 36 21.0 0.0 0.574975991219646 0
42 ec.gp.GPIndividual@1761705319{1323748379} 0.0 74660.0 10861.0 0.16287634656109015 5 36 21.0 0.0 0.16287634656109015 0
42 ec.gp.GPIndividual@656914838{1033098195} 0.0 87902.0 10861.0 0.4529048890525734 5 36 21.0 0.0 0.4529048890525734 0
42 ec.gp.GPIndividual@1783418777{1442300671} 0.0 78900.0 8160.0 0.035784313725490194 5 34 21.0 0.0 0.035784313725490194 0
42 ec.gp.GPIndividual@656914838{1033098195} 0.0 87902.0 8160.0 0.27181372549019606 5 36 21.0 0.0 0.27181372549019606 0
42 ec.gp.GPIndividual@656914838{1033098195} 0.0 88156.0 12802.0 0.5160131229495392 5 36 21.0 0.0 0.5160131229495392 0
42 ec.gp.GPIndividual@1783418777{1442300671} 0.0 79400.0 12802.0 0.34635213247930013 5 34 21.0 0.0 0.34635213247930013 0
42 ec.gp.GPIndividual@1761705319{1323748379} 0.0 74660.0 8160.0 0.1142156862745098 5 36 21.0 0.0 0.1142156862745098 0
42 ec.gp.GPIndividual@656914838{1033098195} 0.0 87902.0 10087.0 0.4109249529096857 5 36 21.0 0.0 0.4109249529096857 0
42 ec.gp.GPIndividual@656914838{1033098195} 0.0 87902.0 8317.0 0.28555969700613204 5 36 21.0 0.0 0.28555969700613204 0
42 ec.gp.GPIndividual@1783418777{1442300671} 0.0 75160.0 10087.0 0.04907306434023991 5 34 21.0 0.0 0.04907306434023991 0
42 ec.gp.GPIndividual@1761705319{1323748379} 0.0 75160.0 12802.0 0.2507420715513201 5 36 21.0 0.0 0.2507420715513201 0
42 ec.gp.GPIndividual@1783418777{1442300671} 0.0 78900.0 8317.0 0.05398581219189612 5 34 21.0 0.0 0.05398581219189612 0
42 ec.gp.GPIndividual@1761705319{1323748379} 0.0 74660.0 10087.0 0.0986418161990681 5 36 21.0 0.0 0.0986418161990681 0
42 ec.gp.GPIndividual@1761705319{1323748379} 0.0 74660.0 8317.0 0.09318263797042203 5 36 21.0 0.0 0.09318263797042203 0
43 ec.gp.GPIndividual@1071999423{-2012733480} 0.0 91632.0 10054.0 0.5814601153769644 5 24 21.0 0.0 0.5814601153769644 0
43 ec.gp.GPIndividual@1071999423{-2012733480} 0.0 91632.0 8387.0 0.49827113389769884 5 24 21.0 0.0 0.49827113389769884 0
43 ec.gp.GPIndividual@1071999423{-2012733480} 0.0 91683.0 14578.0 0.7078474413499795 5 24 21.0 0.0 43 ec.gp.GPIndividual@305473194{381874587} 0.7078474413499795 0
0.0 92920.0 14578.0 0.45335189974139645 5 22 21.0 0.0 0.45335189974139645 0
43 ec.gp.GPIndividual@1071999423{-2012733480} 0.0 91632.0 10861.0 0.6125586962526471 5 24 21.0 0.0 0.6125586962526471 0
43 ec.gp.GPIndividual@714320613{-600353632} 0.0 88682.0 10054.0 0.3314103839267953 5 26 21.0 0.0 0.3314103839267953 0
43 ec.gp.GPIndividual@1071999423{-2012733480} 0.0 91632.0 8160.0 0.4843137254901961 5 24 21.0 0.0 0.4843137254901961 0
43 ec.gp.GPIndividual@1071999423{-2012733480} 0.0 91632.0 12802.0 0.6713013591626308 5 24 21.0 0.0 0.6713013591626308 0
43 ec.gp.GPIndividual@305473194{381874587} 0.0 92920.0 8387.0 0.34470013115535947 5 22 21.0 0.0 0.34470013115535947 0
43 ec.gp.GPIndividual@1071999423{-2012733480} 0.0 91632.0 10087.0 0.5828293843561019 5 24 21.0 0.0 0.5828293843561019 0
43 ec.gp.GPIndividual@223609805{984256585} 0.0 79122.0 10054.0 0.19534513626417346 5 28 21.0 0.0 0.19534513626417346 0
43 ec.gp.GPIndividual@1071999423{-2012733480} 0.0 91632.0 8317.0 0.49404833473608273 5 24 21.0 0.0 0.49404833473608273 0
43 ec.gp.GPIndividual@714320613{-600353632} 0.0 88682.0 8387.0 0.19852152140217003 43 ec.gp.GPIndividual@305473194{381874587} 5 26 21.0 0.0 0.0 0.19852152140217003 0
92920.0 14578.0 0.6229935519275621 5 22 21.0 0.0 0.6229935519275621 0
43 ec.gp.GPIndividual@751252941{-1935559950} 0.0 75160.0 10054.0 0.045951859956236324 5 24 21.0 0.0 0.045951859956236324 0
43 ec.gp.GPIndividual@714320613{-600353632} 0.0 88682.0 14578.0 0.538894224173412 5 26 21.0 0.0 0.538894224173412 0
43 ec.gp.GPIndividual@305473194{381874587} 0.0 92920.0 10861.0 0.4939692477672406 5 22 21.0 0.0 0.4939692477672406 0
43 ec.gp.GPIndividual@223609805{984256585} 0.0 79122.0 8387.0 0.03541194706092762 5 28 21.0 0.0 0.03541194706092762 0
43 ec.gp.GPIndividual@223609805{984256585} 0.0 87078.0 14578.0 0.6489230347098367 5 28 21.0 0.0 0.6489230347098367 0
43 ec.gp.GPIndividual@305473194{381874587} 43 ec.gp.GPIndividual@714320613{-600353632} 0.0 0.0 92920.0 10861.0 0.3264705882352941 88682.0 10861.0 0.38108829757849183 5 22 21.0 0.0 5 26 21.0 0.0 0.3264705882352941 0
0.38108829757849183 0
43 ec.gp.GPIndividual@87530967{-407933410} 0.0 74660.0 10054.0 0.09568331012532326 5 24 21.0 0.0 0.09568331012532326 0
43 ec.gp.GPIndividual@305473194{381874587} 0.0 92920.0 12802.0 0.5706920793625996 5 22 21.0 0.0 0.5706920793625996 0
43 ec.gp.GPIndividual@714320613{-600353632} 0.0 88682.0 8160.0 0.17622549019607844 5 26 21.0 0.0 0.17622549019607844 0
43 ec.gp.GPIndividual@223609805{984256585} 0.0 79122.0 10861.0 0.2551330448393334 5 28 21.0 0.0 0.2551330448393334 0
43 ec.gp.GPIndividual@305473194{381874587} 0.0 92920.0 10087.0 0.4551402795677605 5 22 21.0 0.0 0.4551402795677605 0
43 ec.gp.GPIndividual@714320613{-600353632} 0.0 88682.0 8387.0 0.47492579284486797 43 ec.gp.GPIndividual@751252941{-1935559950} 5 26 21.0 0.0 0.0 0.47492579284486797 0
75160.0 8387.0 0.14367473470847741 5 24 21.0 0.0 0.14367473470847741 0
43 ec.gp.GPIndividual@223609805{984256585} 0.0 83138.0 8160.0 0.1860294117647059 5 28 21.0 0.0 0.1860294117647059 0
43 ec.gp.GPIndividual@305473194{381874587} 0.0 92920.0 8317.0 0.33918480221233616 5 22 21.0 0.0 0.33918480221233616 0
43 ec.gp.GPIndividual@87530967{-407933410} 0.0 74660.0 8387.0 0.08405866221533326 5 24 21.0 0.0 0.08405866221533326 0
43 ec.gp.GPIndividual@714320613{-600353632} 0.0 88682.0 10087.0 0.33359770000991373 5 26 21.0 0.0 0.33359770000991373 0
43 ec.gp.GPIndividual@223609805{984256585} 0.0 83360.0 12802.0 0.4638337759725043 5 28 21.0 0.0 0.4638337759725043 0
43 ec.gp.GPIndividual@751252941{-1935559950} 0.0 79222.0 14578.0 0.43819453971738237 5 24 21.0 0.0 0.43819453971738237 0
43 ec.gp.GPIndividual@714320613{-600353632} 0.0 88682.0 8317.0 0.1917758807262234 5 26 21.0 0.0 0.1917758807262234 0
43 ec.gp.GPIndividual@223609805{984256585} 0.0 79122.0 10087.0 0.1979775949241598 5 28 21.0 0.0 0.1979775949241598 0
43 ec.gp.GPIndividual@630030398{-1808245717} 0.0 74660.0 10054.0 0.09568331012532326 5 36 21.0 0.0 0.09568331012532326 0
43 ec.gp.GPIndividual@223609805{984256585} 0.0 83138.0 8317.0 0.2013947336780089 5 28 21.0 0.0 0.2013947336780089 0
43 ec.gp.GPIndividual@28253121{1494476891} 0.0 97094.0 10054.0 0.5816590411776408 5 28 21.0 0.0 0.5816590411776408 0
43 ec.gp.GPIndividual@28253121{1494476891} 0.0 97094.0 14578.0 0.4985095981876714 43 ec.gp.GPIndividual@87530967{-407933410} 5 28 21.0 0.0 0.0 0.4985095981876714 0
70800.0 14578.0 0.26629167238304297 43 ec.gp.GPIndividual@751252941{-1935559950} 0.0 5 24 21.0 0.0 75160.0 10861.0 0.1168400699751404 0.26629167238304297 0
5 24 21.0 0.0 0.1168400699751404 0
43 ec.gp.GPIndividual@28253121{1494476891} 0.0 97094.0 14578.0 0.7114830566607216 5 28 21.0 0.0 0.7114830566607216 0
43 ec.gp.GPIndividual@28253121{1494476891} 0.0 97094.0 10861.0 0.6127428413589909 5 28 21.0 0.0 0.6127428413589909 0
43 ec.gp.GPIndividual@28253121{1494476891} 0.0 97094.0 8160.0 0.48455882352941176 5 28 21.0 0.0 0.48455882352941176 0
43 ec.gp.GPIndividual@28253121{1494476891} 0.0 97094.0 12802.0 0.6714575847523825 5 28 21.0 0.0 0.6714575847523825 0
43 ec.gp.GPIndividual@28253121{1494476891} 0.0 97094.0 10087.0 0.5830276593635372 5 28 21.0 0.0 0.5830276593635372 0
43 ec.gp.GPIndividual@28253121{1494476891} 0.0 97094.0 8317.0 0.49428880605987735 5 28 21.0 0.0 0.49428880605987735 0
43 ec.gp.GPIndividual@751252941{-1935559950} 0.0 78900.0 8160.0 0.035784313725490194 5 24 21.0 0.0 0.035784313725490194 0
43 ec.gp.GPIndividual@630030398{-1808245717} 0.0 74660.0 8387.0 0.08405866221533326 5 36 21.0 0.0 0.08405866221533326 0
43 ec.gp.GPIndividual@87530967{-407933410} 0.0 74660.0 10861.0 0.16287634656109015 5 24 21.0 0.0 0.16287634656109015 0
43 ec.gp.GPIndividual@751252941{-1935559950} 0.0 79400.0 12802.0 0.34635213247930013 5 24 21.0 0.0 0.34635213247930013 0
43 ec.gp.GPIndividual@87530967{-407933410} 0.0 74660.0 8160.0 0.1142156862745098 5 24 21.0 0.0 0.1142156862745098 0
43 ec.gp.GPIndividual@751252941{-1935559950} 0.0 75160.0 10087.0 0.04907306434023991 5 24 21.0 0.0 0.04907306434023991 0
43 ec.gp.GPIndividual@630030398{-1808245717} 0.0 70800.0 14578.0 0.26629167238304297 5 36 21.0 0.0 0.26629167238304297 0
43 ec.gp.GPIndividual@87530967{-407933410} 0.0 75160.0 12802.0 0.2507420715513201 5 24 21.0 0.0 0.2507420715513201 0
43 ec.gp.GPIndividual@751252941{-1935559950} 0.0 78900.0 8317.0 0.05398581219189612 5 24 21.0 0.0 0.05398581219189612 0
43 ec.gp.GPIndividual@630030398{-1808245717} 0.0 74660.0 10861.0 0.16287634656109015 5 36 21.0 0.0 0.16287634656109015 0
43 ec.gp.GPIndividual@87530967{-407933410} 0.0 74660.0 10087.0 0.0986418161990681 5 24 21.0 0.0 0.0986418161990681 0
43 ec.gp.GPIndividual@630030398{-1808245717} 0.0 74660.0 8160.0 0.1142156862745098 5 36 21.0 0.0 0.1142156862745098 0
43 ec.gp.GPIndividual@1750983657{990703659} 0.0 70392.0 10054.0 0.023274318679132683 5 38 21.0 0.0 0.023274318679132683 0
43 ec.gp.GPIndividual@87530967{-407933410} 0.0 74660.0 8317.0 0.09318263797042203 5 24 21.0 0.0 0.09318263797042203 0
43 ec.gp.GPIndividual@630030398{-1808245717} 0.0 75160.0 12802.0 0.2507420715513201 5 36 21.0 0.0 0.2507420715513201 0
43 ec.gp.GPIndividual@1750983657{990703659} 0.0 70392.0 8387.0 0.22666030761893408 5 38 21.0 0.0 0.22666030761893408 0
43 ec.gp.GPIndividual@630030398{-1808245717} 0.0 74660.0 10087.0 0.0986418161990681 5 36 21.0 0.0 0.0986418161990681 0
43 ec.gp.GPIndividual@630030398{-1808245717} 0.0 74660.0 8317.0 0.09318263797042203 5 36 21.0 0.0 0.09318263797042203 0
43 ec.gp.GPIndividual@1750983657{990703659} 0.0 66500.0 14578.0 0.18644532857730828 5 38 21.0 0.0 0.18644532857730828 0
43 ec.gp.GPIndividual@1750983657{990703659} 0.0 70392.0 10861.0 0.05275757296749839 5 38 21.0 0.0 0.05275757296749839 0
43 ec.gp.GPIndividual@1750983657{990703659} 0.0 70392.0 8160.0 0.2607843137254902 5 38 21.0 0.0 0.2607843137254902 0
43 ec.gp.GPIndividual@1750983657{990703659} 0.0 70800.0 12802.0 0.16450554600843617 5 38 21.0 0.0 0.16450554600843617 0
43 ec.gp.GPIndividual@1750983657{990703659} 0.0 70392.0 10087.0 0.019926638247248933 5 38 21.0 0.0 0.019926638247248933 0
43 ec.gp.GPIndividual@1750983657{990703659} 0.0 70392.0 8317.0 0.23698448959961524 5 38 21.0 0.0 0.23698448959961524 0
44 ec.gp.GPIndividual@1881926782{2142628964} 0.0 105260.0 10054.0 0.8563755719116769 2 3 21.0 0.0 0.8563755719116769 0
44 ec.gp.GPIndividual@1881926782{2142628964} 0.0 105260.0 8387.0 0.8278287826397996 2 3 21.0 0.0 0.8278287826397996 0
44 ec.gp.GPIndividual@1881926782{2142628964} 0.0 105260.0 14578.0 0.9009466319110989 2 3 21.0 0.0 0.9009466319110989 0
44 ec.gp.GPIndividual@906017934{1296931918} 0.0 44 ec.gp.GPIndividual@1881926782{2142628964} 44 ec.gp.GPIndividual@2104086488{1415820231} 97094.0 10054.0 0.5816590411776408 0.0 0.0 5 24 21.0 0.0 105260.0 10861.0 0.8670472332197772 0.5816590411776408 0
97094.0 10861.0 0.5816590411776408 5 12 21.0 0.0 0.5816590411776408 0
2 3 21.0 0.0 0.8670472332197772 0
44 ec.gp.GPIndividual@906017934{1296931918} 0.0 97094.0 8387.0 0.4985095981876714 5 24 21.0 0.0 0.4985095981876714 0
44 ec.gp.GPIndividual@1881926782{2142628964} 0.0 44 ec.gp.GPIndividual@2104086488{1415820231} 105260.0 8160.0 0.8230392156862745 0.0 2 3 21.0 0.0 97094.0 8160.0 0.4985095981876714 0.8230392156862745 0
5 12 21.0 0.0 0.4985095981876714 0
44 ec.gp.GPIndividual@1881926782{2142628964} 0.0 105260.0 12802.0 0.8872051241993438 2 3 21.0 0.0 0.8872051241993438 0
44 ec.gp.GPIndividual@906017934{1296931918} 0.0 97094.0 10054.0 0.7114830566607216 44 ec.gp.GPIndividual@1881926782{2142628964} 44 ec.gp.GPIndividual@1845401973{-365300638} 0.0 5 24 21.0 0.0 0.0 105260.0 10087.0 0.8568454446317042 0.7114830566607216 0
13530.0 10087.0 0.34573304157549234 5 24 21.0 0.0 0.34573304157549234 0
2 3 21.0 0.0 0.8568454446317042 0
44 ec.gp.GPIndividual@2104086488{1415820231} 0.0 97094.0 10861.0 0.7114830566607216 44 ec.gp.GPIndividual@906017934{1296931918} 5 12 21.0 0.0 0.0 0.7114830566607216 0
97094.0 8317.0 0.6127428413589909 5 24 21.0 0.0 0.6127428413589909 0
44 ec.gp.GPIndividual@1881926782{2142628964} 0.0 105260.0 8317.0 0.8263797042202717 2 3 21.0 0.0 0.8263797042202717 0
44 ec.gp.GPIndividual@906017934{1296931918} 0.0 97094.0 8160.0 0.48455882352941176 44 ec.gp.GPIndividual@2104086488{1415820231} 5 24 21.0 0.0 0.0 0.48455882352941176 0
44 ec.gp.GPIndividual@1845401973{-365300638} 0.0 13517.0 8387.0 0.611660903779659 97094.0 8160.0 0.6127428413589909 5 24 21.0 0.0 5 12 21.0 0.0 0.611660903779659 0
0.6127428413589909 0
44 ec.gp.GPIndividual@906017934{1296931918} 0.0 97094.0 12802.0 0.6714575847523825 5 24 21.0 0.0 0.6714575847523825 0
44 ec.gp.GPIndividual@2104086488{1415820231} 0.0 97094.0 8160.0 0.48455882352941176 5 12 21.0 0.0 0.48455882352941176 0
44 ec.gp.GPIndividual@906017934{1296931918} 0.0 97094.0 10087.0 0.5830276593635372 5 24 21.0 0.0 0.5830276593635372 0
44 ec.gp.GPIndividual@2104086488{1415820231} 0.0 97094.0 12802.0 0.6714575847523825 5 12 21.0 0.0 0.6714575847523825 0
44 ec.gp.GPIndividual@906017934{1296931918} 0.0 97094.0 8317.0 0.49428880605987735 5 24 21.0 0.0 0.49428880605987735 0
44 ec.gp.GPIndividual@2104086488{1415820231} 0.0 97094.0 10087.0 0.5830276593635372 5 12 21.0 0.0 0.5830276593635372 0
44 ec.gp.GPIndividual@1845401973{-365300638} 0.0 15597.0 14578.0 0.06989984908766635 5 24 21.0 0.0 0.06989984908766635 0
44 ec.gp.GPIndividual@2104086488{1415820231} 0.0 97094.0 8317.0 0.49428880605987735 5 12 21.0 0.0 0.49428880605987735 0
44 ec.gp.GPIndividual@1845401973{-365300638} 0.0 13530.0 10861.0 0.24574164441579965 5 24 21.0 0.0 0.24574164441579965 0
44 ec.gp.GPIndividual@1845401973{-365300638} 0.0 13517.0 8160.0 0.6564950980392157 5 24 21.0 0.0 0.6564950980392157 0
44 ec.gp.GPIndividual@754014417{-2099512719} 0.0 74660.0 10054.0 0.09568331012532326 5 24 21.0 0.0 0.09568331012532326 0
44 ec.gp.GPIndividual@148640628{-1473186362} 0.0 66096.0 10054.0 0.13944698627411975 5 20 21.0 0.0 0.13944698627411975 0
44 ec.gp.GPIndividual@1845401973{-365300638} 0.0 14590.0 12802.0 0.13966567723793158 5 24 21.0 0.0 0.13966567723793158 0
44 ec.gp.GPIndividual@1845401973{-365300638} 0.0 13530.0 10087.0 0.34133042529989094 5 24 21.0 0.0 0.34133042529989094 0
44 ec.gp.GPIndividual@1845401973{-365300638} 0.0 13530.0 8317.0 0.6267885054707226 5 24 21.0 0.0 0.6267885054707226 0
44 ec.gp.GPIndividual@754014417{-2099512719} 0.0 74660.0 8387.0 0.08405866221533326 5 24 21.0 0.0 0.08405866221533326 0
44 ec.gp.GPIndividual@881049690{1033098195} 0.0 87902.0 10054.0 0.40899144619057093 5 36 21.0 0.0 0.40899144619057093 0
44 ec.gp.GPIndividual@601302543{1205785597} 0.0 61568.0 10054.0 0.23254426099065048 5 24 21.0 0.0 0.23254426099065048 0
44 ec.gp.GPIndividual@881049690{1033098195} 0.0 87902.0 8387.0 0.2915225944914749 5 36 21.0 0.0 0.2915225944914749 0
44 ec.gp.GPIndividual@148640628{-1473186362} 0.0 66096.0 8387.0 0.3659234529629188 5 20 21.0 0.0 0.3659234529629188 0
44 ec.gp.GPIndividual@881049690{1033098195} 0.0 88156.0 14578.0 0.574975991219646 5 36 21.0 0.0 0.574975991219646 0
44 ec.gp.GPIndividual@754014417{-2099512719} 0.0 70800.0 14578.0 0.26629167238304297 5 24 21.0 0.0 0.26629167238304297 0
44 ec.gp.GPIndividual@881049690{1033098195} 0.0 87902.0 10861.0 0.4529048890525734 5 36 21.0 0.0 0.4529048890525734 0
44 ec.gp.GPIndividual@881049690{1033098195} 0.0 87902.0 8160.0 0.27181372549019606 5 36 21.0 0.0 0.27181372549019606 0
44 ec.gp.GPIndividual@148640628{-1473186362} 0.0 69984.0 14578.0 0.3222664288654136 5 20 21.0 0.0 0.3222664288654136 0
44 ec.gp.GPIndividual@881049690{1033098195} 0.0 88156.0 12802.0 0.5160131229495392 5 36 21.0 0.0 0.5160131229495392 0
44 ec.gp.GPIndividual@754014417{-2099512719} 0.0 74660.0 10861.0 0.16287634656109015 5 24 21.0 0.0 0.16287634656109015 0
44 ec.gp.GPIndividual@881049690{1033098195} 0.0 87902.0 10087.0 0.4109249529096857 5 36 21.0 0.0 0.4109249529096857 0
44 ec.gp.GPIndividual@881049690{1033098195} 0.0 87902.0 8317.0 0.28555969700613204 5 36 21.0 0.0 0.28555969700613204 0
44 ec.gp.GPIndividual@754014417{-2099512719} 0.0 74660.0 8160.0 0.1142156862745098 5 24 21.0 0.0 0.1142156862745098 0
44 ec.gp.GPIndividual@601302543{1205785597} 1.0 56798.0 8387.0 0.5602718492905687 5 24 21.0 0.0 0.5602718492905687 0
44 ec.gp.GPIndividual@148640628{-1473186362} 0.0 66096.0 10861.0 0.05478316913728018 5 20 21.0 0.0 0.05478316913728018 0
44 ec.gp.GPIndividual@754014417{-2099512719} 0.0 75160.0 12802.0 0.2507420715513201 5 24 21.0 0.0 0.2507420715513201 0
44 ec.gp.GPIndividual@754014417{-2099512719} 0.0 74660.0 10087.0 0.0986418161990681 5 24 21.0 0.0 0.0986418161990681 0
44 ec.gp.GPIndividual@601302543{1205785597} 0.0 65466.0 14578.0 0.25737412539442994 5 24 21.0 0.0 0.25737412539442994 0
44 ec.gp.GPIndividual@148640628{-1473186362} 0.0 65874.0 8160.0 0.3767156862745098 5 20 21.0 0.0 0.3767156862745098 0
44 ec.gp.GPIndividual@754014417{-2099512719} 0.0 74660.0 8317.0 0.09318263797042203 5 24 21.0 0.0 0.09318263797042203 0
44 ec.gp.GPIndividual@148640628{-1473186362} 0.0 70364.0 12802.0 0.19856272457428525 5 20 21.0 0.0 0.19856272457428525 0
44 ec.gp.GPIndividual@148640628{-1473186362} 0.0 66096.0 10087.0 0.1357192425894716 5 20 21.0 0.0 0.1357192425894716 0
44 ec.gp.GPIndividual@601302543{1205785597} 1.0 57186.0 10861.0 0.24058558143817327 5 24 21.0 0.0 0.24058558143817327 0
44 ec.gp.GPIndividual@148640628{-1473186362} 0.0 65874.0 8317.0 0.3507274257544788 5 20 21.0 0.0 0.3507274257544788 0
44 ec.gp.GPIndividual@601302543{1205785597} 0.0 61078.0 8160.0 0.458578431372549 5 24 21.0 0.0 0.458578431372549 0
44 ec.gp.GPIndividual@601302543{1205785597} 0.0 61486.0 12802.0 0.03843149507889392 5 24 21.0 0.0 0.03843149507889392 0
44 ec.gp.GPIndividual@601302543{1205785597} 1.0 57186.0 10087.0 0.3357787250917022 5 24 21.0 0.0 0.3357787250917022 0
44 ec.gp.GPIndividual@601302543{1205785597} 0.0 61078.0 8317.0 0.4310448479018877 5 24 21.0 0.0 0.4310448479018877 0
45 ec.gp.GPIndividual@353463031{-781890584} 0.0 99026.0 10054.0 0.9329620051720708 2 3 21.0 0.0 0.9329620051720708 0
45 ec.gp.GPIndividual@353463031{-781890584} 0.0 99026.0 8387.0 0.9196375342792417 2 3 21.0 0.0 0.9196375342792417 0
45 ec.gp.GPIndividual@353463031{-781890584} 0.0 99026.0 14578.0 0.9537659486898066 2 3 21.0 0.0 0.9537659486898066 0
45 ec.gp.GPIndividual@353463031{-781890584} 0.0 99026.0 10861.0 0.9379430991621398 2 3 21.0 0.0 0.9379430991621398 0
45 ec.gp.GPIndividual@353463031{-781890584} 0.0 99026.0 8160.0 0.9174019607843137 2 3 21.0 0.0 0.9174019607843137 0
45 ec.gp.GPIndividual@353463031{-781890584} 0.0 99026.0 12802.0 0.9473519762537104 2 3 21.0 0.0 0.9473519762537104 0
45 ec.gp.GPIndividual@353463031{-781890584} 0.0 99026.0 10087.0 0.9331813224942996 2 3 21.0 0.0 0.9331813224942996 0
45 ec.gp.GPIndividual@353463031{-781890584} 0.0 99026.0 8317.0 0.9189611638812072 2 3 21.0 0.0 0.9189611638812072 0
45 ec.gp.GPIndividual@2064079977{1775378083} 0.0 83138.0 10054.0 0.3393674159538492 5 28 21.0 0.0 0.3393674159538492 0
45 ec.gp.GPIndividual@2064079977{1775378083} 0.0 83138.0 8387.0 0.2080600930010731 5 28 21.0 0.0 0.2080600930010731 0
45 ec.gp.GPIndividual@957180383{-1237146424} 0.0 74660.0 10054.0 0.09568331012532326 5 34 21.0 0.0 0.09568331012532326 0
45 ec.gp.GPIndividual@1792326989{-1808245717} 0.0 74660.0 10054.0 0.09568331012532326 45 ec.gp.GPIndividual@965636502{921476203} 5 36 21.0 0.0 0.0 0.09568331012532326 0
74660.0 10054.0 0.09568331012532326 5 36 21.0 0.0 0.09568331012532326 0
45 ec.gp.GPIndividual@2064079977{1775378083} 0.0 82314.0 14578.0 0.6009054740019207 5 28 21.0 0.0 0.6009054740019207 0
45 ec.gp.GPIndividual@2064079977{1775378083} 0.0 82314.0 10861.0 0.46432188564588894 5 28 21.0 0.0 0.46432188564588894 0
45 ec.gp.GPIndividual@957180383{-1237146424} 0.0 74660.0 8387.0 0.08405866221533326 5 34 21.0 0.0 0.08405866221533326 0
45 ec.gp.GPIndividual@1792326989{-1808245717} 0.0 45 ec.gp.GPIndividual@2064079977{1775378083} 74660.0 8160.0 0.08405866221533326 0.0 5 36 21.0 0.0 83138.0 8160.0 0.1860294117647059 0.08405866221533326 0
5 28 21.0 0.0 0.1860294117647059 0
45 ec.gp.GPIndividual@965636502{921476203} 0.0 74660.0 8387.0 0.08405866221533326 5 36 21.0 0.0 0.08405866221533326 0
45 ec.gp.GPIndividual@2064079977{1775378083} 0.0 82314.0 12802.0 0.5455397594125918 5 28 21.0 0.0 0.5455397594125918 0
45 ec.gp.GPIndividual@2064079977{1775378083} 0.0 83138.0 10087.0 0.34152870030732624 5 28 21.0 0.0 0.34152870030732624 0
45 ec.gp.GPIndividual@957180383{-1237146424} 0.0 70800.0 14578.0 0.26629167238304297 5 34 21.0 0.0 0.26629167238304297 0
45 ec.gp.GPIndividual@2064079977{1775378083} 0.0 83138.0 8317.0 0.2013947336780089 5 28 21.0 0.0 0.2013947336780089 0
45 ec.gp.GPIndividual@1792326989{-1808245717} 0.0 70800.0 14578.0 0.26629167238304297 5 36 21.0 0.0 0.26629167238304297 0
45 ec.gp.GPIndividual@965636502{921476203} 0.0 70800.0 14578.0 0.26629167238304297 5 36 21.0 0.0 0.26629167238304297 0
45 ec.gp.GPIndividual@957180383{-1237146424} 0.0 74660.0 10861.0 0.16287634656109015 5 34 21.0 0.0 0.16287634656109015 0
45 ec.gp.GPIndividual@1291060590{-1588394916} 0.0 70392.0 10861.0 0.023274318679132683 45 ec.gp.GPIndividual@1792326989{-1808245717} 5 27 21.0 0.0 0.0 0.023274318679132683 0
45 ec.gp.GPIndividual@965636502{921476203} 74660.0 10861.0 0.16287634656109015 0.0 5 36 21.0 0.0 0.16287634656109015 0
74660.0 10861.0 0.16287634656109015 5 36 21.0 0.0 0.16287634656109015 0
45 ec.gp.GPIndividual@957180383{-1237146424} 0.0 74660.0 8160.0 0.1142156862745098 5 34 21.0 0.0 0.1142156862745098 0
45 ec.gp.GPIndividual@1792326989{-1808245717} 0.0 74660.0 8160.0 0.1142156862745098 5 36 21.0 0.0 0.1142156862745098 0
45 ec.gp.GPIndividual@965636502{921476203} 0.0 74660.0 8160.0 0.1142156862745098 5 36 21.0 0.0 0.1142156862745098 0
45 ec.gp.GPIndividual@1291060590{-1588394916} 0.0 70392.0 8387.0 0.22666030761893408 5 27 21.0 0.0 0.22666030761893408 0
45 ec.gp.GPIndividual@957180383{-1237146424} 0.0 75160.0 12802.0 0.2507420715513201 5 34 21.0 0.0 0.2507420715513201 0
45 ec.gp.GPIndividual@965636502{921476203} 0.0 75160.0 12802.0 0.2507420715513201 5 36 21.0 0.0 0.2507420715513201 0
45 ec.gp.GPIndividual@1792326989{-1808245717} 0.0 75160.0 12802.0 0.2507420715513201 5 36 21.0 0.0 0.2507420715513201 0
45 ec.gp.GPIndividual@957180383{-1237146424} 0.0 74660.0 10087.0 0.0986418161990681 5 34 21.0 0.0 0.0986418161990681 0
45 ec.gp.GPIndividual@965636502{921476203} 45 ec.gp.GPIndividual@1291060590{-1588394916} 0.0 0.0 74660.0 10087.0 0.0986418161990681 66500.0 10087.0 0.18644532857730828 5 36 21.0 0.0 5 27 21.0 0.0 0.0986418161990681 0
0.18644532857730828 0
45 ec.gp.GPIndividual@1792326989{-1808245717} 0.0 74660.0 10087.0 0.0986418161990681 45 ec.gp.GPIndividual@957180383{-1237146424} 5 36 21.0 0.0 0.0 0.0986418161990681 0
74660.0 8317.0 0.09318263797042203 5 34 21.0 0.0 0.09318263797042203 0
45 ec.gp.GPIndividual@965636502{921476203} 0.0 74660.0 8317.0 0.09318263797042203 5 36 21.0 0.0 0.09318263797042203 0
45 ec.gp.GPIndividual@763359454{921476203} 0.0 88682.0 10054.0 0.3314103839267953 5 36 21.0 0.0 0.3314103839267953 0
45 ec.gp.GPIndividual@1792326989{-1808245717} 0.0 74660.0 8317.0 0.09318263797042203 5 36 21.0 0.0 0.09318263797042203 0
45 ec.gp.GPIndividual@763359454{921476203} 0.0 45 ec.gp.GPIndividual@2120784185{166891971} 88682.0 10054.0 0.19852152140217003 0.0 5 36 21.0 0.0 0.19852152140217003 0
101188.0 10054.0 0.7179232146409389 5 26 21.0 0.0 0.7179232146409389 0
45 ec.gp.GPIndividual@763359454{921476203} 0.0 45 ec.gp.GPIndividual@1291060590{-1588394916} 88682.0 14578.0 0.538894224173412 0.0 5 36 21.0 0.0 70392.0 14578.0 0.05275757296749839 0.538894224173412 0
45 ec.gp.GPIndividual@2120784185{166891971} 0.0 101188.0 8387.0 0.6618576368188863 5 26 21.0 0.0 5 27 21.0 0.0 0.6618576368188863 0
0.05275757296749839 0
45 ec.gp.GPIndividual@2120784185{166891971} 0.0 101188.0 14578.0 0.805460282617643 5 26 21.0 0.0 0.805460282617643 0
45 ec.gp.GPIndividual@763359454{921476203} 0.0 88682.0 14578.0 0.38108829757849183 5 36 21.0 0.0 0.38108829757849183 0
45 ec.gp.GPIndividual@2120784185{166891971} 0.0 101188.0 10861.0 0.7388822392044931 5 26 21.0 0.0 0.7388822392044931 0
45 ec.gp.GPIndividual@2120784185{166891971} 0.0 101188.0 8160.0 0.6524509803921569 5 26 21.0 0.0 0.6524509803921569 0
45 ec.gp.GPIndividual@763359454{921476203} 0.0 45 ec.gp.GPIndividual@2120784185{166891971} 88682.0 12802.0 0.17622549019607844 0.0 5 36 21.0 0.0 101188.0 12802.0 0.7784721137322294 0.17622549019607844 0
5 26 21.0 0.0 0.7784721137322294 0
45 ec.gp.GPIndividual@2120784185{166891971} 0.0 101188.0 10087.0 0.7188460394567264 5 26 21.0 0.0 0.7188460394567264 0
45 ec.gp.GPIndividual@763359454{921476203} 0.0 88682.0 12802.0 0.47492579284486797 5 36 21.0 0.0 0.47492579284486797 0
45 ec.gp.GPIndividual@2120784185{166891971} 0.0 101188.0 8317.0 0.6590116628592041 5 26 21.0 0.0 0.6590116628592041 0
45 ec.gp.GPIndividual@763359454{921476203} 0.0 88682.0 10087.0 0.33359770000991373 5 36 21.0 0.0 0.33359770000991373 0
45 ec.gp.GPIndividual@763359454{921476203} 0.0 88682.0 8317.0 0.1917758807262234 5 36 21.0 0.0 0.1917758807262234 0
45 ec.gp.GPIndividual@381977517{-539775030} 0.0 79122.0 10054.0 0.19534513626417346 5 16 21.0 0.0 0.19534513626417346 0
45 ec.gp.GPIndividual@1291060590{-1588394916} 0.0 70392.0 8160.0 0.2607843137254902 5 27 21.0 0.0 0.2607843137254902 0
45 ec.gp.GPIndividual@381977517{-539775030} 0.0 79122.0 8387.0 0.03541194706092762 5 16 21.0 0.0 0.03541194706092762 0
45 ec.gp.GPIndividual@381977517{-539775030} 0.0 87078.0 14578.0 0.6489230347098367 5 16 21.0 0.0 0.6489230347098367 0
45 ec.gp.GPIndividual@1291060590{-1588394916} 0.0 70800.0 12802.0 0.16450554600843617 5 27 21.0 0.0 0.16450554600843617 0
45 ec.gp.GPIndividual@381977517{-539775030} 0.0 79122.0 10861.0 0.2551330448393334 5 16 21.0 0.0 0.2551330448393334 0
45 ec.gp.GPIndividual@381977517{-539775030} 0.0 83138.0 8160.0 0.1860294117647059 5 16 21.0 0.0 0.1860294117647059 0
45 ec.gp.GPIndividual@381977517{-539775030} 0.0 83360.0 12802.0 0.4638337759725043 5 16 21.0 0.0 0.4638337759725043 0
45 ec.gp.GPIndividual@1291060590{-1588394916} 0.0 70392.0 10087.0 0.019926638247248933 5 27 21.0 0.0 0.019926638247248933 0
45 ec.gp.GPIndividual@381977517{-539775030} 0.0 79122.0 10087.0 0.1979775949241598 5 16 21.0 0.0 0.1979775949241598 0
45 ec.gp.GPIndividual@381977517{-539775030} 0.0 83138.0 8317.0 0.2013947336780089 5 16 21.0 0.0 0.2013947336780089 0
45 ec.gp.GPIndividual@1291060590{-1588394916} 0.0 70392.0 8317.0 0.23698448959961524 5 27 21.0 0.0 0.23698448959961524 0
45 ec.gp.GPIndividual@1440225460{1077488591} 0.0 97094.0 10054.0 0.5816590411776408 5 12 21.0 0.0 0.5816590411776408 0
45 ec.gp.GPIndividual@1440225460{1077488591} 0.0 97094.0 8387.0 0.4985095981876714 5 12 21.0 0.0 0.4985095981876714 0
45 ec.gp.GPIndividual@1440225460{1077488591} 0.0 97094.0 14578.0 0.7114830566607216 5 12 21.0 0.0 0.7114830566607216 0
45 ec.gp.GPIndividual@1440225460{1077488591} 0.0 97094.0 10861.0 0.6127428413589909 5 12 21.0 0.0 0.6127428413589909 0
45 ec.gp.GPIndividual@1440225460{1077488591} 0.0 97094.0 8160.0 0.48455882352941176 5 12 21.0 0.0 0.48455882352941176 0
45 ec.gp.GPIndividual@1440225460{1077488591} 0.0 97094.0 12802.0 0.6714575847523825 5 12 21.0 0.0 0.6714575847523825 0
45 ec.gp.GPIndividual@1440225460{1077488591} 0.0 97094.0 10087.0 0.5830276593635372 5 12 21.0 0.0 0.5830276593635372 0
45 ec.gp.GPIndividual@1440225460{1077488591} 0.0 97094.0 8317.0 0.49428880605987735 5 12 21.0 0.0 0.49428880605987735 0
46 ec.gp.GPIndividual@1200126470{-146811480} 0.0 99026.0 10054.0 0.9329620051720708 2 3 21.0 0.0 0.9329620051720708 0
46 ec.gp.GPIndividual@1053333436{-953390050} 0.0 92920.0 10054.0 0.45335189974139645 5 24 21.0 0.0 0.45335189974139645 0
46 ec.gp.GPIndividual@1200126470{-146811480} 0.0 99026.0 8387.0 0.9196375342792417 2 3 21.0 0.0 0.9196375342792417 0
46 ec.gp.GPIndividual@1053333436{-953390050} 0.0 92920.0 8387.0 0.34470013115535947 5 24 21.0 0.0 0.34470013115535947 0
46 ec.gp.GPIndividual@2146669381{948814657} 0.0 77757.0 10054.0 0.3311119952257808 46 ec.gp.GPIndividual@1200126470{-146811480} 5 22 21.0 0.0 0.0 0.3311119952257808 0
46 ec.gp.GPIndividual@1053333436{-953390050} 0.0 92920.0 14578.0 0.6229935519275621 99026.0 10054.0 0.9537659486898066 5 24 21.0 0.0 2 3 21.0 0.0 0.6229935519275621 0
0.9537659486898066 0
46 ec.gp.GPIndividual@1053333436{-953390050} 0.0 92920.0 10861.0 0.4939692477672406 5 24 21.0 0.0 0.4939692477672406 0
46 ec.gp.GPIndividual@1200126470{-146811480} 0.0 99026.0 10861.0 0.9379430991621398 2 3 21.0 0.0 0.9379430991621398 0
46 ec.gp.GPIndividual@1053333436{-953390050} 0.0 92920.0 8160.0 0.3264705882352941 5 24 21.0 0.0 0.3264705882352941 0
46 ec.gp.GPIndividual@2146669381{948814657} 0.0 46 ec.gp.GPIndividual@1200126470{-146811480} 77757.0 8387.0 0.19816382496721116 0.0 5 22 21.0 0.0 99026.0 8387.0 0.9174019607843137 0.19816382496721116 0
46 ec.gp.GPIndividual@1053333436{-953390050} 0.0 92920.0 12802.0 0.5706920793625996 2 3 21.0 0.0 5 24 21.0 0.0 0.9174019607843137 0
0.5706920793625996 0
46 ec.gp.GPIndividual@1200126470{-146811480} 0.0 99026.0 12802.0 0.9473519762537104 2 3 21.0 0.0 0.9473519762537104 0
46 ec.gp.GPIndividual@1053333436{-953390050} 0.0 92920.0 10087.0 0.4551402795677605 5 24 21.0 0.0 0.4551402795677605 0
46 ec.gp.GPIndividual@1200126470{-146811480} 0.0 99026.0 10087.0 0.9331813224942996 2 3 21.0 0.0 0.9331813224942996 0
46 ec.gp.GPIndividual@1053333436{-953390050} 0.0 92920.0 8317.0 0.33918480221233616 5 24 21.0 0.0 0.33918480221233616 0
46 ec.gp.GPIndividual@2146669381{948814657} 0.0 77842.0 14578.0 0.532857730827274 5 22 21.0 0.0 46 ec.gp.GPIndividual@1200126470{-146811480} 0.532857730827274 0
0.0 99026.0 14578.0 0.9189611638812072 2 3 21.0 0.0 0.9189611638812072 0
46 ec.gp.GPIndividual@2510067{-1808245717} 0.0 74660.0 10054.0 0.09568331012532326 5 36 21.0 0.0 0.09568331012532326 0
46 ec.gp.GPIndividual@955664883{282757681} 0.0 74660.0 10054.0 0.09568331012532326 5 26 21.0 0.0 0.09568331012532326 0
46 ec.gp.GPIndividual@2146669381{948814657} 0.0 77757.0 10861.0 0.38081207991897614 5 22 21.0 0.0 0.38081207991897614 0
46 ec.gp.GPIndividual@2146669381{948814657} 0.0 77757.0 8160.0 0.17585784313725492 5 22 21.0 0.0 0.17585784313725492 0
46 ec.gp.GPIndividual@2146669381{948814657} 0.0 77791.0 12802.0 0.47203561943446337 5 22 21.0 0.0 0.47203561943446337 0
46 ec.gp.GPIndividual@2146669381{948814657} 0.0 77757.0 10087.0 0.3333002874987608 5 22 21.0 0.0 0.3333002874987608 0
46 ec.gp.GPIndividual@791123504{-583474165} 0.0 74660.0 10054.0 0.09568331012532326 5 34 21.0 0.0 0.09568331012532326 0
46 ec.gp.GPIndividual@2146669381{948814657} 0.0 46 ec.gp.GPIndividual@2510067{-1808245717} 77757.0 8387.0 0.19141517374053144 0.0 5 22 21.0 0.0 74660.0 8387.0 0.08405866221533326 0.19141517374053144 0
5 36 21.0 0.0 0.08405866221533326 0
46 ec.gp.GPIndividual@955664883{282757681} 0.0 74660.0 8387.0 0.08405866221533326 5 26 21.0 0.0 0.08405866221533326 0
46 ec.gp.GPIndividual@791123504{-583474165} 0.0 74660.0 8387.0 0.08405866221533326 5 34 21.0 0.0 0.08405866221533326 0
46 ec.gp.GPIndividual@2510067{-1808245717} 0.0 70800.0 14578.0 0.26629167238304297 5 36 21.0 0.0 0.26629167238304297 0
46 ec.gp.GPIndividual@955664883{282757681} 0.0 70800.0 14578.0 0.26629167238304297 5 26 21.0 0.0 0.26629167238304297 0
46 ec.gp.GPIndividual@791123504{-583474165} 0.0 70800.0 14578.0 0.26629167238304297 5 34 21.0 0.0 0.26629167238304297 0
46 ec.gp.GPIndividual@2510067{-1808245717} 0.0 74660.0 10861.0 0.16287634656109015 5 36 21.0 0.0 0.16287634656109015 0
46 ec.gp.GPIndividual@955664883{282757681} 0.0 74660.0 10861.0 0.16287634656109015 5 26 21.0 0.0 0.16287634656109015 0
46 ec.gp.GPIndividual@791123504{-583474165} 0.0 74660.0 10861.0 0.16287634656109015 5 34 21.0 0.0 0.16287634656109015 0
46 ec.gp.GPIndividual@2510067{-1808245717} 0.0 74660.0 8160.0 0.1142156862745098 5 36 21.0 0.0 0.1142156862745098 0
46 ec.gp.GPIndividual@955664883{282757681} 0.0 74660.0 8160.0 0.1142156862745098 5 26 21.0 0.0 0.1142156862745098 0
46 ec.gp.GPIndividual@791123504{-583474165} 0.0 74660.0 8160.0 0.1142156862745098 5 34 21.0 0.0 0.1142156862745098 0
46 ec.gp.GPIndividual@2510067{-1808245717} 0.0 75160.0 12802.0 0.2507420715513201 5 36 21.0 0.0 0.2507420715513201 0
46 ec.gp.GPIndividual@955664883{282757681} 0.0 75160.0 12802.0 0.2507420715513201 5 26 21.0 0.0 0.2507420715513201 0
46 ec.gp.GPIndividual@791123504{-583474165} 0.0 75160.0 12802.0 0.2507420715513201 5 34 21.0 0.0 0.2507420715513201 0
46 ec.gp.GPIndividual@2510067{-1808245717} 0.0 74660.0 10087.0 0.0986418161990681 5 36 21.0 0.0 0.0986418161990681 0
46 ec.gp.GPIndividual@955664883{282757681} 0.0 74660.0 10087.0 0.0986418161990681 5 26 21.0 0.0 0.0986418161990681 0
46 ec.gp.GPIndividual@791123504{-583474165} 0.0 74660.0 10087.0 0.0986418161990681 5 34 21.0 0.0 0.0986418161990681 0
46 ec.gp.GPIndividual@2510067{-1808245717} 0.0 74660.0 8317.0 0.09318263797042203 5 36 21.0 0.0 0.09318263797042203 0
46 ec.gp.GPIndividual@955664883{282757681} 0.0 74660.0 8317.0 0.09318263797042203 5 26 21.0 0.0 0.09318263797042203 0
46 ec.gp.GPIndividual@203062121{-822192050} 0.0 104262.0 10054.0 0.9556395464491745 2 3 21.0 0.0 0.9556395464491745 0
46 ec.gp.GPIndividual@791123504{-583474165} 46 ec.gp.GPIndividual@203062121{-822192050} 0.0 0.0 74660.0 8387.0 0.09318263797042203 104262.0 8387.0 0.9468224633361154 5 34 21.0 0.0 2 3 21.0 0.0 0.09318263797042203 0
46 ec.gp.GPIndividual@1098791999{2146182219} 0.0 88682.0 10054.0 0.3314103839267953 0.9468224633361154 0
5 34 21.0 0.0 0.3314103839267953 0
46 ec.gp.GPIndividual@203062121{-822192050} 0.0 104262.0 14578.0 0.9694059541775277 2 3 21.0 0.0 0.9694059541775277 0
46 ec.gp.GPIndividual@203062121{-822192050} 0.0 104262.0 10861.0 0.9589356412853328 2 3 21.0 0.0 0.9589356412853328 0
46 ec.gp.GPIndividual@203062121{-822192050} 0.0 104262.0 8387.0 0.9453431372549019 46 ec.gp.GPIndividual@1098791999{2146182219} 2 3 21.0 0.0 0.0 0.9453431372549019 0
88682.0 8387.0 0.19852152140217003 5 34 21.0 0.0 0.19852152140217003 0
46 ec.gp.GPIndividual@203062121{-822192050} 0.0 104262.0 12802.0 0.9651616934853929 2 3 21.0 0.0 0.9651616934853929 0
46 ec.gp.GPIndividual@203062121{-822192050} 0.0 104262.0 10087.0 0.9557846733419253 2 3 21.0 0.0 0.9557846733419253 0
46 ec.gp.GPIndividual@203062121{-822192050} 0.0 104262.0 14578.0 0.9463748947937959 2 3 21.0 0.0 46 ec.gp.GPIndividual@1098791999{2146182219} 0.9463748947937959 0
0.0 88682.0 14578.0 0.538894224173412 5 34 21.0 0.0 0.538894224173412 0
46 ec.gp.GPIndividual@595406472{-1206783144} 0.0 109280.0 10054.0 1.0 1 1 21.0 0.0 1.0 0
46 ec.gp.GPIndividual@595406472{-1206783144} 0.0 109280.0 8387.0 1.0 1 1 21.0 0.0 1.0 0
46 ec.gp.GPIndividual@595406472{-1206783144} 0.0 109280.0 14578.0 1.0 1 1 21.0 0.0 1.0 0
46 ec.gp.GPIndividual@1098791999{2146182219} 0.0 46 ec.gp.GPIndividual@595406472{-1206783144} 0.0 88682.0 10861.0 0.38108829757849183 109280.0 10861.0 1.0 5 34 21.0 0.0 1 1 21.0 0.0 0.38108829757849183 0
1.0 0
46 ec.gp.GPIndividual@595406472{-1206783144} 0.0 109280.0 8160.0 1.0 1 1 21.0 0.0 1.0 0
46 ec.gp.GPIndividual@595406472{-1206783144} 0.0 109280.0 12802.0 1.0 1 1 21.0 0.0 1.0 0
46 ec.gp.GPIndividual@1098791999{2146182219} 0.0 88682.0 8160.0 0.17622549019607844 46 ec.gp.GPIndividual@595406472{-1206783144} 0.0 5 34 21.0 0.0 109280.0 10087.0 1.0 0.17622549019607844 0
1 1 21.0 0.0 1.0 0
46 ec.gp.GPIndividual@595406472{-1206783144} 0.0 109280.0 8317.0 1.0 1 1 21.0 0.0 1.0 0
46 ec.gp.GPIndividual@1098791999{2146182219} 0.0 88682.0 12802.0 0.47492579284486797 5 34 21.0 0.0 0.47492579284486797 0
46 ec.gp.GPIndividual@1098791999{2146182219} 0.0 88682.0 10087.0 0.33359770000991373 5 34 21.0 0.0 0.33359770000991373 0
46 ec.gp.GPIndividual@1098791999{2146182219} 0.0 88682.0 8317.0 0.1917758807262234 5 34 21.0 0.0 0.1917758807262234 0
47 ec.gp.GPIndividual@1602317627{-406411374} 0.0 95726.0 10054.0 0.7177242888402626 5 26 21.0 0.0 0.7177242888402626 0
47 ec.gp.GPIndividual@1602317627{-406411374} 0.0 95726.0 8387.0 0.6616191725289138 5 26 21.0 0.0 0.6616191725289138 0
47 ec.gp.GPIndividual@1602317627{-406411374} 0.0 95900.0 14578.0 0.7933872959253669 5 26 21.0 0.0 0.7933872959253669 0
47 ec.gp.GPIndividual@1602317627{-406411374} 0.0 95726.0 10861.0 0.7386980940981493 5 26 21.0 0.0 0.7386980940981493 0
47 ec.gp.GPIndividual@1602317627{-406411374} 0.0 95726.0 8160.0 0.6522058823529412 5 26 21.0 0.0 0.6522058823529412 0
47 ec.gp.GPIndividual@1602317627{-406411374} 0.0 95726.0 12802.0 0.7783158881424778 5 26 21.0 0.0 0.7783158881424778 0
47 ec.gp.GPIndividual@1602317627{-406411374} 0.0 95726.0 10087.0 0.7186477644492911 5 26 21.0 0.0 0.7186477644492911 0
47 ec.gp.GPIndividual@1602317627{-406411374} 0.0 95726.0 8317.0 0.6587711915354094 5 26 21.0 0.0 0.6587711915354094 0
47 ec.gp.GPIndividual@1054239942{1775378083} 0.0 83138.0 10054.0 0.3393674159538492 5 28 21.0 0.0 0.3393674159538492 0
47 ec.gp.GPIndividual@1054239942{1775378083} 0.0 83138.0 8387.0 0.2080600930010731 5 28 21.0 0.0 0.2080600930010731 0
47 ec.gp.GPIndividual@1918512327{-583474165} 0.0 74660.0 10054.0 0.09568331012532326 5 34 21.0 0.0 0.09568331012532326 0
47 ec.gp.GPIndividual@1616279628{-583474165} 0.0 74660.0 10054.0 0.09568331012532326 5 34 21.0 0.0 0.09568331012532326 0
47 ec.gp.GPIndividual@357148060{1199805608} 0.0 79122.0 10054.0 0.19534513626417346 47 ec.gp.GPIndividual@220182567{-1685226992} 5 30 21.0 0.0 0.0 0.19534513626417346 0
75156.0 10054.0 0.04634971155758902 5 34 21.0 0.0 0.04634971155758902 0
47 ec.gp.GPIndividual@1054239942{1775378083} 0.0 82314.0 14578.0 0.6009054740019207 5 28 21.0 0.0 0.6009054740019207 0
47 ec.gp.GPIndividual@1054239942{1775378083} 0.0 82314.0 10861.0 0.46432188564588894 5 28 21.0 0.0 0.46432188564588894 0
47 ec.gp.GPIndividual@357148060{1199805608} 0.0 79122.0 8387.0 0.03541194706092762 5 30 21.0 0.0 0.03541194706092762 0
47 ec.gp.GPIndividual@1918512327{-583474165} 0.0 74660.0 8387.0 0.08405866221533326 5 34 21.0 0.0 0.08405866221533326 0
47 ec.gp.GPIndividual@1616279628{-583474165} 0.0 74660.0 8387.0 0.08405866221533326 5 34 21.0 0.0 0.08405866221533326 0
47 ec.gp.GPIndividual@357148060{1199805608} 0.0 87078.0 14578.0 0.6489230347098367 5 30 21.0 0.0 0.6489230347098367 0
47 ec.gp.GPIndividual@1054239942{1775378083} 0.0 83138.0 8160.0 0.1860294117647059 5 28 21.0 0.0 0.1860294117647059 0
47 ec.gp.GPIndividual@220182567{-1685226992} 0.0 75156.0 8387.0 0.14319780612853225 5 34 21.0 0.0 0.14319780612853225 0
47 ec.gp.GPIndividual@1054239942{1775378083} 0.0 82314.0 12802.0 0.5455397594125918 5 28 21.0 0.0 0.5455397594125918 0
47 ec.gp.GPIndividual@357148060{1199805608} 0.0 79122.0 10861.0 0.2551330448393334 5 30 21.0 0.0 0.2551330448393334 0
47 ec.gp.GPIndividual@1054239942{1775378083} 0.0 83138.0 10087.0 0.34152870030732624 5 28 21.0 0.0 0.34152870030732624 0
47 ec.gp.GPIndividual@357148060{1199805608} 0.0 83138.0 8160.0 0.1860294117647059 5 30 21.0 0.0 0.1860294117647059 0
47 ec.gp.GPIndividual@220182567{-1685226992} 0.0 75332.0 14578.0 0.3302236246398683 5 34 21.0 0.0 0.3302236246398683 0
47 ec.gp.GPIndividual@1918512327{-583474165} 0.0 70800.0 14578.0 0.26629167238304297 5 34 21.0 0.0 0.26629167238304297 0
47 ec.gp.GPIndividual@1616279628{-583474165} 0.0 47 ec.gp.GPIndividual@1054239942{1775378083} 0.0 70800.0 8317.0 0.26629167238304297 83138.0 8317.0 0.2013947336780089 5 34 21.0 0.0 5 28 21.0 0.0 0.26629167238304297 0
0.2013947336780089 0
47 ec.gp.GPIndividual@1382404359{652004361} 0.0 92920.0 10054.0 0.45335189974139645 5 18 21.0 0.0 0.45335189974139645 0
47 ec.gp.GPIndividual@357148060{1199805608} 0.0 83360.0 12802.0 0.4638337759725043 5 30 21.0 0.0 0.4638337759725043 0
47 ec.gp.GPIndividual@1382404359{652004361} 0.0 92920.0 8387.0 0.34470013115535947 5 18 21.0 0.0 0.34470013115535947 0
47 ec.gp.GPIndividual@1382404359{652004361} 0.0 92920.0 14578.0 0.6229935519275621 5 18 21.0 0.0 0.6229935519275621 0
47 ec.gp.GPIndividual@1382404359{652004361} 0.0 92920.0 10861.0 0.4939692477672406 5 18 21.0 0.0 0.4939692477672406 0
47 ec.gp.GPIndividual@1382404359{652004361} 0.0 92920.0 8160.0 0.3264705882352941 5 18 21.0 0.0 0.3264705882352941 0
47 ec.gp.GPIndividual@1382404359{652004361} 0.0 92920.0 12802.0 0.5706920793625996 5 18 21.0 0.0 0.5706920793625996 0
47 ec.gp.GPIndividual@1382404359{652004361} 0.0 92920.0 10087.0 0.4551402795677605 5 18 21.0 0.0 0.4551402795677605 0
47 ec.gp.GPIndividual@220182567{-1685226992} 0.0 79424.0 10861.0 0.22732713378141975 5 34 21.0 0.0 0.22732713378141975 0
47 ec.gp.GPIndividual@1382404359{652004361} 0.0 92920.0 8317.0 0.33918480221233616 5 18 21.0 0.0 0.33918480221233616 0
47 ec.gp.GPIndividual@357148060{1199805608} 0.0 79122.0 10087.0 0.1979775949241598 5 30 21.0 0.0 0.1979775949241598 0
47 ec.gp.GPIndividual@1918512327{-583474165} 0.0 74660.0 10861.0 0.16287634656109015 5 34 21.0 0.0 0.16287634656109015 0
47 ec.gp.GPIndividual@1616279628{-583474165} 0.0 74660.0 10861.0 0.16287634656109015 5 34 21.0 0.0 0.16287634656109015 0
47 ec.gp.GPIndividual@357148060{1199805608} 0.0 83138.0 8317.0 0.2013947336780089 5 30 21.0 0.0 0.2013947336780089 0
47 ec.gp.GPIndividual@220182567{-1685226992} 0.0 75156.0 8160.0 0.175 5 34 21.0 0.0 0.175 0
47 ec.gp.GPIndividual@1616279628{-583474165} 0.0 74660.0 8160.0 0.1142156862745098 5 34 21.0 0.0 0.1142156862745098 0
47 ec.gp.GPIndividual@1918512327{-583474165} 0.0 74660.0 8160.0 0.1142156862745098 5 34 21.0 0.0 0.1142156862745098 0
47 ec.gp.GPIndividual@220182567{-1685226992} 0.0 79678.0 12802.0 0.3246367755038275 5 34 21.0 0.0 0.3246367755038275 0
47 ec.gp.GPIndividual@1616279628{-583474165} 0.0 75160.0 12802.0 0.2507420715513201 5 34 21.0 0.0 0.2507420715513201 0
47 ec.gp.GPIndividual@1918512327{-583474165} 0.0 75160.0 12802.0 0.2507420715513201 5 34 21.0 0.0 0.2507420715513201 0
47 ec.gp.GPIndividual@220182567{-1685226992} 0.0 75156.0 10087.0 0.04946961435511054 5 34 21.0 0.0 0.04946961435511054 0
47 ec.gp.GPIndividual@1616279628{-583474165} 0.0 74660.0 10087.0 0.0986418161990681 5 34 21.0 0.0 0.0986418161990681 0
47 ec.gp.GPIndividual@1918512327{-583474165} 0.0 74660.0 10087.0 0.0986418161990681 5 34 21.0 0.0 0.0986418161990681 0
47 ec.gp.GPIndividual@220182567{-1685226992} 0.0 75156.0 8317.0 0.15281952627149212 5 34 21.0 0.0 0.15281952627149212 0
47 ec.gp.GPIndividual@1616279628{-583474165} 0.0 74660.0 8317.0 0.09318263797042203 5 34 21.0 0.0 0.09318263797042203 0
47 ec.gp.GPIndividual@1918512327{-583474165} 0.0 74660.0 8317.0 0.09318263797042203 5 34 21.0 0.0 0.09318263797042203 0
47 ec.gp.GPIndividual@1820505769{-49673247} 0.0 74660.0 10054.0 0.09568331012532326 5 34 21.0 0.0 0.09568331012532326 0
47 ec.gp.GPIndividual@1515029550{-1808245717} 0.0 74660.0 10054.0 0.09568331012532326 5 36 21.0 0.0 0.09568331012532326 0
47 ec.gp.GPIndividual@1820505769{-49673247} 0.0 74660.0 8387.0 0.08405866221533326 5 34 21.0 0.0 0.08405866221533326 0
47 ec.gp.GPIndividual@1515029550{-1808245717} 0.0 74660.0 8387.0 0.08405866221533326 5 36 21.0 0.0 0.08405866221533326 0
47 ec.gp.GPIndividual@1820505769{-49673247} 0.0 70800.0 14578.0 0.26629167238304297 5 34 21.0 0.0 0.26629167238304297 0
47 ec.gp.GPIndividual@1515029550{-1808245717} 0.0 70800.0 14578.0 0.26629167238304297 5 36 21.0 0.0 0.26629167238304297 0
47 ec.gp.GPIndividual@1820505769{-49673247} 0.0 74660.0 10861.0 0.16287634656109015 5 34 21.0 0.0 0.16287634656109015 0
47 ec.gp.GPIndividual@1515029550{-1808245717} 0.0 74660.0 10861.0 0.16287634656109015 5 36 21.0 0.0 0.16287634656109015 0
47 ec.gp.GPIndividual@1820505769{-49673247} 0.0 74660.0 8160.0 0.1142156862745098 5 34 21.0 0.0 0.1142156862745098 0
47 ec.gp.GPIndividual@1515029550{-1808245717} 0.0 74660.0 8160.0 0.1142156862745098 5 36 21.0 0.0 0.1142156862745098 0
47 ec.gp.GPIndividual@1820505769{-49673247} 0.0 75160.0 12802.0 0.2507420715513201 5 34 21.0 0.0 0.2507420715513201 0
47 ec.gp.GPIndividual@1515029550{-1808245717} 0.0 75160.0 12802.0 0.2507420715513201 5 36 21.0 0.0 0.2507420715513201 0
47 ec.gp.GPIndividual@1820505769{-49673247} 0.0 74660.0 10087.0 0.0986418161990681 5 34 21.0 0.0 0.0986418161990681 0
47 ec.gp.GPIndividual@1515029550{-1808245717} 0.0 74660.0 10087.0 0.0986418161990681 5 36 21.0 0.0 0.0986418161990681 0
47 ec.gp.GPIndividual@1820505769{-49673247} 0.0 74660.0 8317.0 0.09318263797042203 5 34 21.0 0.0 0.09318263797042203 0
47 ec.gp.GPIndividual@1515029550{-1808245717} 0.0 74660.0 8317.0 0.09318263797042203 5 36 21.0 0.0 0.09318263797042203 0
47 ec.gp.GPIndividual@1714537243{-1654834209} 0.0 74660.0 10054.0 0.09568331012532326 5 34 21.0 0.0 0.09568331012532326 0
47 ec.gp.GPIndividual@1714537243{-1654834209} 0.0 74660.0 8387.0 0.08405866221533326 5 34 21.0 0.0 0.08405866221533326 0
47 ec.gp.GPIndividual@1714537243{-1654834209} 0.0 70800.0 14578.0 0.26629167238304297 5 34 21.0 0.0 0.26629167238304297 0
47 ec.gp.GPIndividual@1714537243{-1654834209} 0.0 74660.0 10861.0 0.16287634656109015 5 34 21.0 0.0 0.16287634656109015 0
47 ec.gp.GPIndividual@1714537243{-1654834209} 0.0 74660.0 8160.0 0.1142156862745098 5 34 21.0 0.0 0.1142156862745098 0
47 ec.gp.GPIndividual@1714537243{-1654834209} 0.0 75160.0 12802.0 0.2507420715513201 5 34 21.0 0.0 0.2507420715513201 0
47 ec.gp.GPIndividual@1714537243{-1654834209} 0.0 74660.0 10087.0 0.0986418161990681 5 34 21.0 0.0 0.0986418161990681 0
47 ec.gp.GPIndividual@1714537243{-1654834209} 0.0 74660.0 8317.0 0.09318263797042203 5 34 21.0 0.0 0.09318263797042203 0
48 ec.gp.GPIndividual@1586597163{-1221897636} 0.0 105260.0 10054.0 0.8563755719116769 3 5 21.0 0.0 0.8563755719116769 0
48 ec.gp.GPIndividual@1586597163{-1221897636} 0.0 105260.0 8387.0 0.8278287826397996 3 5 21.0 0.0 0.8278287826397996 0
48 ec.gp.GPIndividual@1586597163{-1221897636} 0.0 105260.0 14578.0 0.9009466319110989 3 5 21.0 0.0 0.9009466319110989 0
48 ec.gp.GPIndividual@1586597163{-1221897636} 0.0 105260.0 10861.0 0.8670472332197772 3 5 21.0 0.0 0.8670472332197772 0
48 ec.gp.GPIndividual@1586597163{-1221897636} 0.0 105260.0 8160.0 0.8230392156862745 3 5 21.0 0.0 0.8230392156862745 0
48 ec.gp.GPIndividual@1586597163{-1221897636} 0.0 105260.0 12802.0 0.8872051241993438 3 5 21.0 0.0 0.8872051241993438 0
48 ec.gp.GPIndividual@1586597163{-1221897636} 0.0 105260.0 10087.0 0.8568454446317042 3 5 21.0 0.0 0.8568454446317042 0
48 ec.gp.GPIndividual@1586597163{-1221897636} 0.0 105260.0 8317.0 0.8263797042202717 3 5 21.0 0.0 0.8263797042202717 0
48 ec.gp.GPIndividual@730750597{1719302713} 0.0 88682.0 10054.0 0.3314103839267953 5 34 21.0 0.0 0.3314103839267953 0
48 ec.gp.GPIndividual@1198353991{-1370620989} 0.0 87902.0 10054.0 0.40899144619057093 5 34 21.0 0.0 0.40899144619057093 0
48 ec.gp.GPIndividual@730750597{1719302713} 0.0 88682.0 8387.0 0.19852152140217003 5 34 21.0 0.0 0.19852152140217003 0
48 ec.gp.GPIndividual@1198353991{-1370620989} 0.0 87902.0 8387.0 0.2915225944914749 5 34 21.0 0.0 0.2915225944914749 0
48 ec.gp.GPIndividual@730750597{1719302713} 0.0 88682.0 14578.0 0.538894224173412 5 34 21.0 0.0 0.538894224173412 0
48 ec.gp.GPIndividual@964727734{-1462119080} 0.0 74660.0 10054.0 0.09568331012532326 5 32 21.0 0.0 0.09568331012532326 0
48 ec.gp.GPIndividual@1198353991{-1370620989} 0.0 88156.0 14578.0 0.574975991219646 5 34 21.0 0.0 0.574975991219646 0
48 ec.gp.GPIndividual@1293158111{-1413621650} 0.0 74104.0 10054.0 0.15098468271334792 5 34 21.0 0.0 0.15098468271334792 0
48 ec.gp.GPIndividual@730750597{1719302713} 0.0 88682.0 10861.0 0.38108829757849183 5 34 21.0 0.0 0.38108829757849183 0
48 ec.gp.GPIndividual@1198353991{-1370620989} 0.0 87902.0 10861.0 0.4529048890525734 5 34 21.0 0.0 0.4529048890525734 0
48 ec.gp.GPIndividual@730750597{1719302713} 0.0 88682.0 8160.0 0.17622549019607844 5 34 21.0 0.0 0.17622549019607844 0
48 ec.gp.GPIndividual@1198353991{-1370620989} 0.0 87902.0 8160.0 0.27181372549019606 5 34 21.0 0.0 0.27181372549019606 0
48 ec.gp.GPIndividual@730750597{1719302713} 0.0 88682.0 12802.0 0.47492579284486797 5 34 21.0 0.0 0.47492579284486797 0
48 ec.gp.GPIndividual@964727734{-1462119080} 0.0 74660.0 8387.0 0.08405866221533326 5 32 21.0 0.0 0.08405866221533326 0
48 ec.gp.GPIndividual@1198353991{-1370620989} 0.0 88156.0 12802.0 0.5160131229495392 5 34 21.0 0.0 0.5160131229495392 0
48 ec.gp.GPIndividual@730750597{1719302713} 0.0 88682.0 10087.0 0.33359770000991373 5 34 21.0 0.0 0.33359770000991373 0
48 ec.gp.GPIndividual@1198353991{-1370620989} 0.0 87902.0 10087.0 0.4109249529096857 5 34 21.0 0.0 0.4109249529096857 0
48 ec.gp.GPIndividual@1293158111{-1413621650} 0.0 69864.0 8387.0 0.16370573506617384 5 34 21.0 0.0 0.16370573506617384 0
48 ec.gp.GPIndividual@730750597{1719302713} 0.0 88682.0 8317.0 0.1917758807262234 5 34 21.0 0.0 0.1917758807262234 0
48 ec.gp.GPIndividual@1198353991{-1370620989} 0.0 87902.0 8317.0 0.28555969700613204 48 ec.gp.GPIndividual@2032114106{-1906547131} 5 34 21.0 0.0 0.0 0.28555969700613204 0
88682.0 10054.0 0.3314103839267953 5 28 21.0 0.0 0.3314103839267953 0
48 ec.gp.GPIndividual@2032114106{-1906547131} 0.0 88682.0 8387.0 0.19852152140217003 5 28 21.0 0.0 0.19852152140217003 0
48 ec.gp.GPIndividual@2032114106{-1906547131} 0.0 88682.0 14578.0 0.538894224173412 5 28 21.0 0.0 0.538894224173412 0
48 ec.gp.GPIndividual@2032114106{-1906547131} 0.0 88682.0 10861.0 0.38108829757849183 5 28 21.0 0.0 0.38108829757849183 0
48 ec.gp.GPIndividual@2032114106{-1906547131} 0.0 88682.0 8160.0 0.17622549019607844 5 28 21.0 0.0 0.17622549019607844 0
48 ec.gp.GPIndividual@964727734{-1462119080} 0.0 70800.0 14578.0 0.26629167238304297 5 32 21.0 0.0 0.26629167238304297 0
48 ec.gp.GPIndividual@2032114106{-1906547131} 0.0 88682.0 12802.0 0.47492579284486797 5 28 21.0 0.0 0.47492579284486797 0
48 ec.gp.GPIndividual@619160660{-1370620989} 0.0 74660.0 10054.0 0.09568331012532326 5 34 21.0 0.0 0.09568331012532326 0
48 ec.gp.GPIndividual@2032114106{-1906547131} 0.0 88682.0 10087.0 0.33359770000991373 5 28 21.0 0.0 0.33359770000991373 0
48 ec.gp.GPIndividual@1293158111{-1413621650} 0.0 69206.0 14578.0 0.3756345177664975 5 34 21.0 0.0 0.3756345177664975 0
48 ec.gp.GPIndividual@2032114106{-1906547131} 0.0 88682.0 8317.0 0.1917758807262234 5 28 21.0 0.0 0.1917758807262234 0
48 ec.gp.GPIndividual@964727734{-1462119080} 0.0 74660.0 10861.0 0.16287634656109015 5 32 21.0 0.0 0.16287634656109015 0
48 ec.gp.GPIndividual@619160660{-1370620989} 0.0 74660.0 8387.0 0.08405866221533326 5 34 21.0 0.0 0.08405866221533326 0
48 ec.gp.GPIndividual@1293158111{-1413621650} 0.0 69586.0 10861.0 0.12696805082404936 5 34 21.0 0.0 0.12696805082404936 0
48 ec.gp.GPIndividual@964727734{-1462119080} 0.0 74660.0 8160.0 0.1142156862745098 5 32 21.0 0.0 0.1142156862745098 0
48 ec.gp.GPIndividual@619160660{-1370620989} 0.0 70800.0 14578.0 0.26629167238304297 5 34 21.0 0.0 0.26629167238304297 0
48 ec.gp.GPIndividual@1293158111{-1413621650} 0.0 73814.0 8160.0 0.01053921568627451 5 34 21.0 0.0 0.01053921568627451 0
48 ec.gp.GPIndividual@964727734{-1462119080} 0.0 75160.0 12802.0 0.2507420715513201 5 32 21.0 0.0 0.2507420715513201 0
48 ec.gp.GPIndividual@619160660{-1370620989} 0.0 74660.0 10861.0 0.16287634656109015 5 34 21.0 0.0 0.16287634656109015 0
48 ec.gp.GPIndividual@1293158111{-1413621650} 0.0 69586.0 12802.0 0.25933447898765816 5 34 21.0 0.0 0.25933447898765816 0
48 ec.gp.GPIndividual@964727734{-1462119080} 0.0 74660.0 10087.0 0.0986418161990681 5 32 21.0 0.0 0.0986418161990681 0
48 ec.gp.GPIndividual@619160660{-1370620989} 0.0 74660.0 8160.0 0.1142156862745098 5 34 21.0 0.0 0.1142156862745098 0
48 ec.gp.GPIndividual@1293158111{-1413621650} 0.0 74104.0 10087.0 0.15376226826608505 5 34 21.0 0.0 0.15376226826608505 0
48 ec.gp.GPIndividual@964727734{-1462119080} 0.0 74660.0 8317.0 0.09318263797042203 5 32 21.0 0.0 0.09318263797042203 0
48 ec.gp.GPIndividual@619160660{-1370620989} 0.0 75160.0 12802.0 0.2507420715513201 5 34 21.0 0.0 0.2507420715513201 0
48 ec.gp.GPIndividual@1293158111{-1413621650} 0.0 73814.0 8317.0 0.008536731994709631 5 34 21.0 0.0 0.008536731994709631 0
48 ec.gp.GPIndividual@619160660{-1370620989} 0.0 74660.0 10087.0 0.0986418161990681 5 34 21.0 0.0 0.0986418161990681 0
48 ec.gp.GPIndividual@619160660{-1370620989} 0.0 74660.0 8317.0 0.09318263797042203 5 34 21.0 0.0 0.09318263797042203 0
48 ec.gp.GPIndividual@1444840486{560843281} 10.0 19584.0 10054.0 0.9478814402227969 5 34 21.0 0.0 0.9478814402227969 0
48 ec.gp.GPIndividual@1444840486{560843281} 12.0 19584.0 8387.0 1.3350423274114702 5 34 21.0 0.0 1.3350423274114702 0
48 ec.gp.GPIndividual@1444840486{560843281} 14.0 19584.0 14578.0 0.3433941555768967 5 34 21.0 0.0 0.3433941555768967 0
48 ec.gp.GPIndividual@1444840486{560843281} 16.0 19584.0 10861.0 0.803148881318479 5 34 21.0 0.0 0.803148881318479 0
48 ec.gp.GPIndividual@1444840486{560843281} 10.0 19584.0 8160.0 1.4 5 34 21.0 0.0 1.4 0
48 ec.gp.GPIndividual@1444840486{560843281} 9.0 19584.0 12802.0 0.52976097484768 5 34 21.0 0.0 0.52976097484768 0
48 ec.gp.GPIndividual@1444840486{560843281} 9.0 19584.0 10087.0 0.9415088728065827 5 34 21.0 0.0 0.9415088728065827 0
48 ec.gp.GPIndividual@1444840486{560843281} 9.0 19584.0 8317.0 1.3546952025970902 5 34 21.0 0.0 1.3546952025970902 0
48 ec.gp.GPIndividual@1971430966{948951326} 0.0 92920.0 10054.0 0.45335189974139645 5 32 21.0 0.0 0.45335189974139645 0
48 ec.gp.GPIndividual@1971430966{948951326} 0.0 92920.0 8387.0 0.34470013115535947 5 32 21.0 0.0 0.34470013115535947 0
48 ec.gp.GPIndividual@1971430966{948951326} 0.0 92920.0 14578.0 0.6229935519275621 5 32 21.0 0.0 0.6229935519275621 0
48 ec.gp.GPIndividual@1971430966{948951326} 0.0 92920.0 10861.0 0.4939692477672406 5 32 21.0 0.0 0.4939692477672406 0
48 ec.gp.GPIndividual@1971430966{948951326} 0.0 92920.0 8160.0 0.3264705882352941 5 32 21.0 0.0 0.3264705882352941 0
48 ec.gp.GPIndividual@1971430966{948951326} 0.0 92920.0 12802.0 0.5706920793625996 5 32 21.0 0.0 0.5706920793625996 0
48 ec.gp.GPIndividual@1971430966{948951326} 0.0 92920.0 10087.0 0.4551402795677605 5 32 21.0 0.0 0.4551402795677605 0
48 ec.gp.GPIndividual@1971430966{948951326} 0.0 92920.0 8317.0 0.33918480221233616 5 32 21.0 0.0 0.33918480221233616 0
49 ec.gp.GPIndividual@693783634{-1074068585} 0.0 95726.0 10054.0 0.7177242888402626 5 22 21.0 0.0 0.7177242888402626 0
49 ec.gp.GPIndividual@693783634{-1074068585} 0.0 95726.0 8387.0 0.6616191725289138 5 22 21.0 0.0 0.6616191725289138 0
49 ec.gp.GPIndividual@693783634{-1074068585} 0.0 95900.0 14578.0 0.7933872959253669 5 22 21.0 0.0 0.7933872959253669 0
49 ec.gp.GPIndividual@693783634{-1074068585} 0.0 95726.0 10861.0 0.7386980940981493 5 22 21.0 0.0 0.7386980940981493 0
49 ec.gp.GPIndividual@693783634{-1074068585} 0.0 95726.0 8160.0 0.6522058823529412 5 22 21.0 0.0 0.6522058823529412 0
49 ec.gp.GPIndividual@693783634{-1074068585} 0.0 95726.0 12802.0 0.7783158881424778 5 22 21.0 0.0 0.7783158881424778 0
49 ec.gp.GPIndividual@693783634{-1074068585} 0.0 95726.0 10087.0 0.7186477644492911 5 22 21.0 0.0 0.7186477644492911 0
49 ec.gp.GPIndividual@693783634{-1074068585} 0.0 95726.0 8317.0 0.6587711915354094 5 22 21.0 0.0 0.6587711915354094 0
49 ec.gp.GPIndividual@206533073{1306419900} 0.0 49 ec.gp.GPIndividual@1430998423{-2082924596} 82693.0 8317.0 0.38362840660433656 0.0 109280.0 10054.0 1.0 5 24 21.0 0.0 4 10 21.0 0.0 1.0 0
49 ec.gp.GPIndividual@1430998423{-2082924596} 0.0 0.38362840660433656 0
109280.0 8387.0 1.0 4 10 21.0 0.0 1.0 0
49 ec.gp.GPIndividual@1430998423{-2082924596} 0.0 109280.0 14578.0 1.0 4 10 21.0 0.0 1.0 0
49 ec.gp.GPIndividual@1430998423{-2082924596} 0.0 109280.0 10861.0 1.0 4 10 21.0 0.0 1.0 0
49 ec.gp.GPIndividual@1430998423{-2082924596} 0.0 109280.0 8160.0 1.0 4 10 21.0 0.0 1.0 0
49 ec.gp.GPIndividual@1430998423{-2082924596} 49 ec.gp.GPIndividual@51418194{-1002127855} 0.0 0.0 109280.0 12802.0 1.0 4 10 21.0 0.0 1.0 0
79122.0 12802.0 0.19534513626417346 49 ec.gp.GPIndividual@1430998423{-2082924596} 0.0 109280.0 10087.0 1.0 5 16 21.0 0.0 4 10 21.0 0.0 1.0 0
0.19534513626417346 0
49 ec.gp.GPIndividual@508789545{-305673032} 0.0 49 ec.gp.GPIndividual@1430998423{-2082924596} 74660.0 10054.0 0.09568331012532326 0.0 109280.0 10054.0 1.0 5 34 21.0 0.0 4 10 21.0 0.0 0.09568331012532326 0
1.0 0
49 ec.gp.GPIndividual@206533073{1306419900} 0.0 82693.0 8387.0 0.2611183975199714 5 24 21.0 0.0 0.2611183975199714 0
49 ec.gp.GPIndividual@1197625067{-2120101613} 0.0 75160.0 10054.0 0.045951859956236324 5 20 21.0 0.0 0.045951859956236324 0
49 ec.gp.GPIndividual@2046303791{441013545} 0.0 88682.0 10054.0 0.3314103839267953 5 34 21.0 0.0 0.3314103839267953 0
49 ec.gp.GPIndividual@2046303791{441013545} 0.0 88682.0 8387.0 0.19852152140217003 5 34 21.0 0.0 0.19852152140217003 0
49 ec.gp.GPIndividual@206533073{1306419900} 0.0 83480.0 14578.0 0.520921937165592 5 24 21.0 0.0 0.520921937165592 0
49 ec.gp.GPIndividual@2046303791{441013545} 0.0 88682.0 14578.0 0.538894224173412 5 34 21.0 0.0 0.538894224173412 0
49 ec.gp.GPIndividual@2046303791{441013545} 0.0 88682.0 10861.0 0.38108829757849183 5 34 21.0 0.0 0.38108829757849183 0
49 ec.gp.GPIndividual@51418194{-1002127855} 0.0 79122.0 8387.0 0.03541194706092762 5 16 21.0 0.0 0.03541194706092762 0
49 ec.gp.GPIndividual@2046303791{441013545} 0.0 88682.0 8160.0 0.17622549019607844 5 34 21.0 0.0 0.17622549019607844 0
49 ec.gp.GPIndividual@206533073{1306419900} 0.0 82693.0 8160.0 0.42942638799373906 5 24 21.0 0.0 0.42942638799373906 0
49 ec.gp.GPIndividual@2046303791{441013545} 49 ec.gp.GPIndividual@508789545{-305673032} 0.0 0.0 88682.0 12802.0 0.47492579284486797 74660.0 12802.0 0.08405866221533326 5 34 21.0 0.0 5 34 21.0 0.0 0.47492579284486797 0
0.08405866221533326 0
49 ec.gp.GPIndividual@51418194{-1002127855} 0.0 87078.0 14578.0 0.6489230347098367 5 16 21.0 0.0 0.6489230347098367 0
49 ec.gp.GPIndividual@2046303791{441013545} 0.0 88682.0 10087.0 0.33359770000991373 5 34 21.0 0.0 0.33359770000991373 0
49 ec.gp.GPIndividual@2046303791{441013545} 0.0 88682.0 8317.0 0.1917758807262234 5 34 21.0 0.0 0.1917758807262234 0
49 ec.gp.GPIndividual@1197625067{-2120101613} 49 ec.gp.GPIndividual@206533073{1306419900} 0.0 0.0 75160.0 8387.0 0.14367473470847741 82693.0 8387.0 0.24056372549019608 5 20 21.0 0.0 5 24 21.0 0.0 0.14367473470847741 0
0.24056372549019608 0
49 ec.gp.GPIndividual@206533073{1306419900} 0.0 82940.0 12802.0 0.4966411498203406 5 24 21.0 0.0 0.4966411498203406 0
49 ec.gp.GPIndividual@51418194{-1002127855} 0.0 79122.0 10861.0 0.2551330448393334 5 16 21.0 0.0 0.2551330448393334 0
49 ec.gp.GPIndividual@1197625067{-2120101613} 0.0 79222.0 14578.0 0.43819453971738237 5 20 21.0 0.0 0.43819453971738237 0
49 ec.gp.GPIndividual@206533073{1306419900} 0.0 82693.0 10087.0 0.38564488946168335 5 24 21.0 0.0 0.38564488946168335 0
49 ec.gp.GPIndividual@51418194{-1002127855} 0.0 83138.0 8160.0 0.1860294117647059 5 16 21.0 0.0 0.1860294117647059 0
49 ec.gp.GPIndividual@206533073{1306419900} 0.0 82693.0 8317.0 0.25489960322231575 5 24 21.0 0.0 0.25489960322231575 0
49 ec.gp.GPIndividual@508789545{-305673032} 0.0 70800.0 14578.0 0.26629167238304297 5 34 21.0 0.0 0.26629167238304297 0
49 ec.gp.GPIndividual@51418194{-1002127855} 0.0 83360.0 12802.0 0.4638337759725043 5 16 21.0 0.0 0.4638337759725043 0
49 ec.gp.GPIndividual@1197625067{-2120101613} 0.0 75160.0 10861.0 0.1168400699751404 5 20 21.0 0.0 0.1168400699751404 0
49 ec.gp.GPIndividual@51418194{-1002127855} 0.0 79122.0 10087.0 0.1979775949241598 5 16 21.0 0.0 0.1979775949241598 0
49 ec.gp.GPIndividual@1678656088{-1172872245} 0.0 74660.0 10054.0 0.09568331012532326 5 34 21.0 0.0 0.09568331012532326 0
49 ec.gp.GPIndividual@508789545{-305673032} 0.0 74660.0 10861.0 0.16287634656109015 5 34 21.0 0.0 0.16287634656109015 0
49 ec.gp.GPIndividual@1197625067{-2120101613} 0.0 78900.0 8160.0 0.035784313725490194 5 20 21.0 0.0 0.035784313725490194 0
49 ec.gp.GPIndividual@51418194{-1002127855} 0.0 83138.0 8317.0 0.2013947336780089 5 16 21.0 0.0 0.2013947336780089 0
49 ec.gp.GPIndividual@1678656088{-1172872245} 0.0 74660.0 8387.0 0.08405866221533326 5 34 21.0 0.0 0.08405866221533326 0
49 ec.gp.GPIndividual@1197625067{-2120101613} 0.0 79400.0 8160.0 0.34635213247930013 49 ec.gp.GPIndividual@508789545{-305673032} 5 20 21.0 0.0 0.0 0.34635213247930013 0
74660.0 8160.0 0.1142156862745098 5 34 21.0 0.0 0.1142156862745098 0
49 ec.gp.GPIndividual@508789545{-305673032} 0.0 75160.0 12802.0 0.2507420715513201 5 34 21.0 0.0 0.2507420715513201 0
49 ec.gp.GPIndividual@1197625067{-2120101613} 0.0 75160.0 10087.0 0.04907306434023991 5 20 21.0 0.0 0.04907306434023991 0
49 ec.gp.GPIndividual@1678656088{-1172872245} 0.0 70800.0 14578.0 0.26629167238304297 5 34 21.0 0.0 0.26629167238304297 0
49 ec.gp.GPIndividual@1197625067{-2120101613} 0.0 78900.0 8317.0 0.05398581219189612 5 20 21.0 0.0 0.05398581219189612 0
49 ec.gp.GPIndividual@508789545{-305673032} 0.0 74660.0 10087.0 0.0986418161990681 5 34 21.0 0.0 0.0986418161990681 0
49 ec.gp.GPIndividual@1678656088{-1172872245} 0.0 74660.0 10861.0 0.16287634656109015 5 34 21.0 0.0 0.16287634656109015 0
49 ec.gp.GPIndividual@1963553857{-1808245717} 0.0 74660.0 10054.0 0.09568331012532326 5 36 21.0 0.0 0.09568331012532326 0
49 ec.gp.GPIndividual@508789545{-305673032} 0.0 74660.0 8317.0 0.09318263797042203 5 34 21.0 0.0 0.09318263797042203 0
49 ec.gp.GPIndividual@680069177{-1093822138} 0.0 95726.0 10054.0 0.7177242888402626 5 24 21.0 0.0 0.7177242888402626 0
49 ec.gp.GPIndividual@680069177{-1093822138} 0.0 95726.0 8387.0 0.6616191725289138 5 24 21.0 0.0 0.6616191725289138 0
49 ec.gp.GPIndividual@680069177{-1093822138} 0.0 95900.0 14578.0 0.7933872959253669 5 24 21.0 0.0 0.7933872959253669 0
49 ec.gp.GPIndividual@680069177{-1093822138} 0.0 95726.0 10861.0 0.7386980940981493 5 24 21.0 0.0 0.7386980940981493 0
49 ec.gp.GPIndividual@680069177{-1093822138} 0.0 95726.0 8160.0 0.6522058823529412 5 24 21.0 0.0 0.6522058823529412 0
49 ec.gp.GPIndividual@680069177{-1093822138} 0.0 95726.0 12802.0 0.7783158881424778 5 24 21.0 0.0 0.7783158881424778 0
49 ec.gp.GPIndividual@680069177{-1093822138} 0.0 95726.0 8160.0 0.7186477644492911 49 ec.gp.GPIndividual@1678656088{-1172872245} 5 24 21.0 0.0 0.0 0.7186477644492911 0
74660.0 8160.0 0.1142156862745098 5 34 21.0 0.0 0.1142156862745098 0
49 ec.gp.GPIndividual@680069177{-1093822138} 0.0 95726.0 8317.0 0.6587711915354094 5 24 21.0 0.0 0.6587711915354094 0
49 ec.gp.GPIndividual@1963553857{-1808245717} 0.0 74660.0 8387.0 0.08405866221533326 5 36 21.0 0.0 0.08405866221533326 0
49 ec.gp.GPIndividual@1678656088{-1172872245} 0.0 75160.0 12802.0 0.2507420715513201 5 34 21.0 0.0 0.2507420715513201 0
49 ec.gp.GPIndividual@1678656088{-1172872245} 0.0 74660.0 10087.0 0.0986418161990681 5 34 21.0 0.0 0.0986418161990681 0
49 ec.gp.GPIndividual@1963553857{-1808245717} 0.0 70800.0 14578.0 0.26629167238304297 5 36 21.0 0.0 0.26629167238304297 0
49 ec.gp.GPIndividual@1678656088{-1172872245} 0.0 74660.0 8317.0 0.09318263797042203 5 34 21.0 0.0 0.09318263797042203 0
49 ec.gp.GPIndividual@1963553857{-1808245717} 0.0 74660.0 10861.0 0.16287634656109015 5 36 21.0 0.0 0.16287634656109015 0
49 ec.gp.GPIndividual@1184089419{2146182219} 0.0 74660.0 10054.0 0.09568331012532326 5 34 21.0 0.0 0.09568331012532326 0
49 ec.gp.GPIndividual@1963553857{-1808245717} 0.0 74660.0 8160.0 0.1142156862745098 5 36 21.0 0.0 0.1142156862745098 0
49 ec.gp.GPIndividual@1184089419{2146182219} 0.0 74660.0 8387.0 0.08405866221533326 5 34 21.0 0.0 0.08405866221533326 0
49 ec.gp.GPIndividual@1963553857{-1808245717} 0.0 75160.0 12802.0 0.2507420715513201 5 36 21.0 0.0 0.2507420715513201 0
49 ec.gp.GPIndividual@1184089419{2146182219} 0.0 70800.0 14578.0 0.26629167238304297 5 34 21.0 0.0 0.26629167238304297 0
49 ec.gp.GPIndividual@1963553857{-1808245717} 0.0 74660.0 10087.0 0.0986418161990681 5 36 21.0 0.0 0.0986418161990681 0
49 ec.gp.GPIndividual@1184089419{2146182219} 0.0 74660.0 10861.0 0.16287634656109015 5 34 21.0 0.0 0.16287634656109015 0
49 ec.gp.GPIndividual@1963553857{-1808245717} 0.0 74660.0 8317.0 0.09318263797042203 5 36 21.0 0.0 0.09318263797042203 0
49 ec.gp.GPIndividual@1184089419{2146182219} 0.0 74660.0 8160.0 0.1142156862745098 5 34 21.0 0.0 0.1142156862745098 0
49 ec.gp.GPIndividual@1184089419{2146182219} 0.0 75160.0 12802.0 0.2507420715513201 5 34 21.0 0.0 0.2507420715513201 0
49 ec.gp.GPIndividual@1184089419{2146182219} 0.0 74660.0 10087.0 0.0986418161990681 5 34 21.0 0.0 0.0986418161990681 0
49 ec.gp.GPIndividual@1184089419{2146182219} 0.0 74660.0 8317.0 0.09318263797042203 5 34 21.0 0.0 0.09318263797042203 0
50 ec.gp.GPIndividual@1613025344{2142628964} 0.0 105260.0 10054.0 0.8563755719116769 2 3 21.0 0.0 0.8563755719116769 0
50 ec.gp.GPIndividual@1613025344{2142628964} 0.0 105260.0 8387.0 0.8278287826397996 2 3 21.0 0.0 0.8278287826397996 0
50 ec.gp.GPIndividual@1613025344{2142628964} 0.0 105260.0 14578.0 0.9009466319110989 2 3 21.0 0.0 0.9009466319110989 0
50 ec.gp.GPIndividual@1613025344{2142628964} 0.0 105260.0 10861.0 0.8670472332197772 2 3 21.0 0.0 0.8670472332197772 0
50 ec.gp.GPIndividual@1613025344{2142628964} 0.0 105260.0 8160.0 0.8230392156862745 2 3 21.0 0.0 0.8230392156862745 0
50 ec.gp.GPIndividual@1613025344{2142628964} 0.0 105260.0 12802.0 0.8872051241993438 2 3 21.0 0.0 0.8872051241993438 0
50 ec.gp.GPIndividual@1613025344{2142628964} 0.0 105260.0 10087.0 0.8568454446317042 2 3 21.0 0.0 0.8568454446317042 0
50 ec.gp.GPIndividual@1613025344{2142628964} 0.0 105260.0 8317.0 0.8263797042202717 2 3 21.0 0.0 0.8263797042202717 0
50 ec.gp.GPIndividual@1933494935{1665962} 50 ec.gp.GPIndividual@1054571449{1576229795} 0.0 0.0 74660.0 10054.0 0.09568331012532326 74660.0 10054.0 0.09568331012532326 5 34 21.0 0.0 5 34 21.0 0.0 50 ec.gp.GPIndividual@200475041{-489646266} 0.09568331012532326 0
0.0 50 ec.gp.GPIndividual@2057511126{1127470480} 0.09568331012532326 0
0.0 75160.0 10054.0 0.045951859956236324 74660.0 10054.0 0.09568331012532326 5 34 21.0 0.0 5 36 21.0 0.0 0.045951859956236324 0
0.09568331012532326 0
50 ec.gp.GPIndividual@1054571449{1576229795} 0.0 74660.0 8387.0 0.08405866221533326 5 34 21.0 0.0 0.08405866221533326 0
50 ec.gp.GPIndividual@1933494935{1665962} 0.0 74660.0 8387.0 0.08405866221533326 5 34 21.0 0.0 0.08405866221533326 0
50 ec.gp.GPIndividual@200475041{-489646266} 0.0 74660.0 8387.0 0.08405866221533326 5 36 21.0 0.0 0.08405866221533326 0
50 ec.gp.GPIndividual@2057511126{1127470480} 0.0 75160.0 8387.0 0.14367473470847741 5 34 21.0 0.0 0.14367473470847741 0
50 ec.gp.GPIndividual@2057511126{1127470480} 0.0 79222.0 14578.0 0.43819453971738237 5 34 21.0 0.0 0.43819453971738237 0
50 ec.gp.GPIndividual@1054571449{1576229795} 0.0 70800.0 14578.0 0.26629167238304297 5 34 21.0 0.0 0.26629167238304297 0
50 ec.gp.GPIndividual@1933494935{1665962} 0.0 70800.0 14578.0 0.26629167238304297 5 34 21.0 0.0 0.26629167238304297 0
50 ec.gp.GPIndividual@200475041{-489646266} 0.0 70800.0 14578.0 0.26629167238304297 5 36 21.0 0.0 0.26629167238304297 0
50 ec.gp.GPIndividual@2057511126{1127470480} 0.0 75160.0 10861.0 0.1168400699751404 5 34 21.0 0.0 0.1168400699751404 0
50 ec.gp.GPIndividual@1054571449{1576229795} 0.0 74660.0 10861.0 0.16287634656109015 5 34 21.0 0.0 0.16287634656109015 0
50 ec.gp.GPIndividual@1933494935{1665962} 0.0 74660.0 10861.0 0.16287634656109015 5 34 21.0 0.0 0.16287634656109015 0
50 ec.gp.GPIndividual@200475041{-489646266} 0.0 74660.0 10861.0 0.16287634656109015 5 36 21.0 0.0 0.16287634656109015 0
50 ec.gp.GPIndividual@2057511126{1127470480} 0.0 78900.0 8160.0 0.035784313725490194 5 34 21.0 0.0 0.035784313725490194 0
50 ec.gp.GPIndividual@1054571449{1576229795} 0.0 74660.0 8160.0 0.1142156862745098 5 34 21.0 0.0 0.1142156862745098 0
50 ec.gp.GPIndividual@2057511126{1127470480} 0.0 79400.0 12802.0 0.34635213247930013 5 34 21.0 0.0 0.34635213247930013 0
50 ec.gp.GPIndividual@1933494935{1665962} 0.0 74660.0 8160.0 0.1142156862745098 5 34 21.0 0.0 0.1142156862745098 0
50 ec.gp.GPIndividual@200475041{-489646266} 0.0 74660.0 8160.0 0.1142156862745098 5 36 21.0 0.0 0.1142156862745098 0
50 ec.gp.GPIndividual@1054571449{1576229795} 0.0 75160.0 12802.0 0.2507420715513201 5 34 21.0 0.0 0.2507420715513201 0
50 ec.gp.GPIndividual@1933494935{1665962} 0.0 75160.0 12802.0 0.2507420715513201 5 34 21.0 0.0 0.2507420715513201 0
50 ec.gp.GPIndividual@2057511126{1127470480} 0.0 75160.0 10087.0 0.04907306434023991 5 34 21.0 0.0 0.04907306434023991 0
50 ec.gp.GPIndividual@200475041{-489646266} 0.0 75160.0 12802.0 0.2507420715513201 5 36 21.0 0.0 0.2507420715513201 0
50 ec.gp.GPIndividual@2057511126{1127470480} 0.0 78900.0 8317.0 0.05398581219189612 5 34 21.0 0.0 0.05398581219189612 0
50 ec.gp.GPIndividual@1054571449{1576229795} 0.0 74660.0 10087.0 0.0986418161990681 5 34 21.0 0.0 0.0986418161990681 0
50 ec.gp.GPIndividual@1933494935{1665962} 0.0 74660.0 10087.0 0.0986418161990681 5 34 21.0 0.0 0.0986418161990681 0
50 ec.gp.GPIndividual@393012131{306019526} 0.0 82693.0 10054.0 0.38362840660433656 5 34 21.0 0.0 0.38362840660433656 0
50 ec.gp.GPIndividual@200475041{-489646266} 0.0 74660.0 10087.0 0.0986418161990681 5 36 21.0 0.0 0.0986418161990681 0
50 ec.gp.GPIndividual@393012131{306019526} 0.0 82693.0 8387.0 0.2611183975199714 5 34 21.0 0.0 0.2611183975199714 0
50 ec.gp.GPIndividual@393012131{306019526} 0.0 83480.0 14578.0 0.520921937165592 5 34 21.0 0.0 0.520921937165592 0
50 ec.gp.GPIndividual@1054571449{1576229795} 0.0 74660.0 8317.0 0.09318263797042203 5 34 21.0 0.0 0.09318263797042203 0
50 ec.gp.GPIndividual@393012131{306019526} 0.0 82693.0 10861.0 0.42942638799373906 5 34 21.0 0.0 0.42942638799373906 0
50 ec.gp.GPIndividual@1933494935{1665962} 0.0 74660.0 8317.0 0.09318263797042203 5 34 21.0 0.0 0.09318263797042203 0
50 ec.gp.GPIndividual@393012131{306019526} 0.0 82693.0 8160.0 0.24056372549019608 5 34 21.0 0.0 0.24056372549019608 0
50 ec.gp.GPIndividual@200475041{-489646266} 0.0 74660.0 8317.0 0.09318263797042203 5 36 21.0 0.0 0.09318263797042203 0
50 ec.gp.GPIndividual@393012131{306019526} 0.0 82940.0 12802.0 0.4966411498203406 5 34 21.0 0.0 0.4966411498203406 0
50 ec.gp.GPIndividual@393012131{306019526} 0.0 82693.0 10087.0 0.38564488946168335 5 34 21.0 0.0 0.38564488946168335 0
50 ec.gp.GPIndividual@1231897674{-1654834209} 0.0 74660.0 10054.0 0.09568331012532326 5 34 21.0 0.0 0.09568331012532326 0
50 ec.gp.GPIndividual@393012131{306019526} 0.0 82693.0 8317.0 0.25489960322231575 5 34 21.0 0.0 0.25489960322231575 0
50 ec.gp.GPIndividual@714987523{-1654834209} 0.0 74660.0 10054.0 0.09568331012532326 5 34 21.0 0.0 0.09568331012532326 0
50 ec.gp.GPIndividual@1424880261{-760797428} 0.0 74660.0 10054.0 0.09568331012532326 5 32 21.0 0.0 0.09568331012532326 0
50 ec.gp.GPIndividual@1231897674{-1654834209} 0.0 74660.0 8387.0 0.08405866221533326 5 34 21.0 0.0 0.08405866221533326 0
50 ec.gp.GPIndividual@354705580{2090209065} 0.0 75160.0 10054.0 0.045951859956236324 5 30 21.0 0.0 50 ec.gp.GPIndividual@714987523{-1654834209} 0.045951859956236324 0
0.0 74660.0 8387.0 0.08405866221533326 5 34 21.0 0.0 0.08405866221533326 0
50 ec.gp.GPIndividual@1424880261{-760797428} 0.0 74660.0 8387.0 0.08405866221533326 5 32 21.0 0.0 0.08405866221533326 0
50 ec.gp.GPIndividual@354705580{2090209065} 0.0 75160.0 8387.0 0.14367473470847741 5 30 21.0 0.0 0.14367473470847741 0
50 ec.gp.GPIndividual@1231897674{-1654834209} 0.0 70800.0 14578.0 0.26629167238304297 5 34 21.0 0.0 0.26629167238304297 0
50 ec.gp.GPIndividual@714987523{-1654834209} 0.0 70800.0 14578.0 0.26629167238304297 5 34 21.0 0.0 0.26629167238304297 0
50 ec.gp.GPIndividual@1424880261{-760797428} 0.0 70800.0 14578.0 0.26629167238304297 5 32 21.0 0.0 0.26629167238304297 0
50 ec.gp.GPIndividual@354705580{2090209065} 0.0 79222.0 14578.0 0.43819453971738237 5 30 21.0 0.0 0.43819453971738237 0
50 ec.gp.GPIndividual@1231897674{-1654834209} 0.0 74660.0 10861.0 0.16287634656109015 5 34 21.0 0.0 0.16287634656109015 0
50 ec.gp.GPIndividual@714987523{-1654834209} 0.0 74660.0 10861.0 0.16287634656109015 5 34 21.0 0.0 0.16287634656109015 0
50 ec.gp.GPIndividual@1424880261{-760797428} 0.0 74660.0 10861.0 0.16287634656109015 5 32 21.0 0.0 0.16287634656109015 0
50 ec.gp.GPIndividual@354705580{2090209065} 0.0 75160.0 10861.0 0.1168400699751404 5 30 21.0 0.0 0.1168400699751404 0
50 ec.gp.GPIndividual@354705580{2090209065} 0.0 78900.0 8160.0 0.035784313725490194 5 30 21.0 0.0 0.035784313725490194 0
50 ec.gp.GPIndividual@1231897674{-1654834209} 0.0 74660.0 8160.0 0.1142156862745098 5 34 21.0 0.0 0.1142156862745098 0
50 ec.gp.GPIndividual@714987523{-1654834209} 0.0 74660.0 8160.0 0.1142156862745098 5 34 21.0 0.0 0.1142156862745098 0
50 ec.gp.GPIndividual@1424880261{-760797428} 0.0 74660.0 8160.0 0.1142156862745098 5 32 21.0 0.0 0.1142156862745098 0
50 ec.gp.GPIndividual@354705580{2090209065} 0.0 79400.0 12802.0 0.34635213247930013 5 30 21.0 0.0 0.34635213247930013 0
50 ec.gp.GPIndividual@1231897674{-1654834209} 0.0 75160.0 12802.0 0.2507420715513201 5 34 21.0 0.0 0.2507420715513201 0
50 ec.gp.GPIndividual@714987523{-1654834209} 0.0 75160.0 12802.0 0.2507420715513201 5 34 21.0 0.0 0.2507420715513201 0
50 ec.gp.GPIndividual@1424880261{-760797428} 0.0 75160.0 12802.0 0.2507420715513201 5 32 21.0 0.0 0.2507420715513201 0
50 ec.gp.GPIndividual@354705580{2090209065} 0.0 75160.0 10087.0 0.04907306434023991 5 30 21.0 0.0 0.04907306434023991 0
50 ec.gp.GPIndividual@1231897674{-1654834209} 0.0 74660.0 10087.0 0.0986418161990681 5 34 21.0 0.0 0.0986418161990681 0
50 ec.gp.GPIndividual@1424880261{-760797428} 50 ec.gp.GPIndividual@714987523{-1654834209} 0.0 0.0 74660.0 10087.0 0.0986418161990681 74660.0 10087.0 0.0986418161990681 5 32 21.0 0.0 5 34 21.0 0.0 0.0986418161990681 0
0.0986418161990681 0
50 ec.gp.GPIndividual@354705580{2090209065} 0.0 78900.0 8317.0 0.05398581219189612 5 30 21.0 0.0 0.05398581219189612 0
50 ec.gp.GPIndividual@1231897674{-1654834209} 0.0 74660.0 8317.0 0.09318263797042203 5 34 21.0 0.0 0.09318263797042203 0
50 ec.gp.GPIndividual@1424880261{-760797428} 0.0 74660.0 8317.0 0.09318263797042203 5 32 21.0 0.0 0.09318263797042203 0
50 ec.gp.GPIndividual@714987523{-1654834209} 0.0 74660.0 8317.0 0.09318263797042203 5 34 21.0 0.0 0.09318263797042203 0
50 ec.gp.GPIndividual@506367998{-1654834209} 0.0 74660.0 10054.0 0.09568331012532326 5 34 21.0 0.0 0.09568331012532326 0
50 ec.gp.GPIndividual@506367998{-1654834209} 0.0 74660.0 8387.0 0.08405866221533326 5 34 21.0 0.0 0.08405866221533326 0
50 ec.gp.GPIndividual@506367998{-1654834209} 0.0 70800.0 14578.0 0.26629167238304297 5 34 21.0 0.0 0.26629167238304297 0
50 ec.gp.GPIndividual@506367998{-1654834209} 0.0 74660.0 10861.0 0.16287634656109015 5 34 21.0 0.0 0.16287634656109015 0
50 ec.gp.GPIndividual@506367998{-1654834209} 0.0 74660.0 8160.0 0.1142156862745098 5 34 21.0 0.0 0.1142156862745098 0
50 ec.gp.GPIndividual@506367998{-1654834209} 0.0 75160.0 12802.0 0.2507420715513201 5 34 21.0 0.0 0.2507420715513201 0
50 ec.gp.GPIndividual@506367998{-1654834209} 0.0 74660.0 10087.0 0.0986418161990681 5 34 21.0 0.0 0.0986418161990681 0
50 ec.gp.GPIndividual@506367998{-1654834209} 0.0 74660.0 8317.0 0.09318263797042203 5 34 21.0 0.0 0.09318263797042203 0
51 ec.gp.GPIndividual@565524334{1549939842} 0.0 88682.0 10054.0 0.3314103839267953 5 32 21.0 0.0 0.3314103839267953 0
51 ec.gp.GPIndividual@565524334{1549939842} 0.0 88682.0 8387.0 0.19852152140217003 5 32 21.0 0.0 0.19852152140217003 0
51 ec.gp.GPIndividual@565524334{1549939842} 0.0 88682.0 14578.0 0.538894224173412 5 32 21.0 0.0 0.538894224173412 0
51 ec.gp.GPIndividual@468138186{502479931} 0.0 79122.0 10054.0 0.19534513626417346 5 28 21.0 0.0 0.19534513626417346 0
51 ec.gp.GPIndividual@565524334{1549939842} 0.0 88682.0 10861.0 0.38108829757849183 5 32 21.0 0.0 0.38108829757849183 0
51 ec.gp.GPIndividual@801785507{-489646266} 0.0 51 ec.gp.GPIndividual@1600639933{-583474165} 74660.0 10054.0 0.09568331012532326 0.0 5 36 21.0 0.0 74660.0 10054.0 0.09568331012532326 0.09568331012532326 0
51 ec.gp.GPIndividual@1972136689{-566046871} 0.0 51 ec.gp.GPIndividual@565524334{1549939842} 75160.0 10054.0 0.045951859956236324 0.0 5 34 21.0 0.0 5 30 21.0 0.0 88682.0 10054.0 0.17622549019607844 0.045951859956236324 0
5 32 21.0 0.0 0.17622549019607844 0
0.09568331012532326 0
51 ec.gp.GPIndividual@468138186{502479931} 0.0 79122.0 8387.0 0.03541194706092762 5 28 21.0 0.0 0.03541194706092762 0
51 ec.gp.GPIndividual@565524334{1549939842} 0.0 88682.0 12802.0 0.47492579284486797 5 32 21.0 0.0 0.47492579284486797 0
51 ec.gp.GPIndividual@565524334{1549939842} 0.0 88682.0 10087.0 0.33359770000991373 5 32 21.0 0.0 0.33359770000991373 0
51 ec.gp.GPIndividual@468138186{502479931} 0.0 87078.0 14578.0 0.6489230347098367 5 28 21.0 0.0 0.6489230347098367 0
51 ec.gp.GPIndividual@565524334{1549939842} 0.0 88682.0 8317.0 0.1917758807262234 5 32 21.0 0.0 0.1917758807262234 0
51 ec.gp.GPIndividual@801785507{-489646266} 0.0 74660.0 8387.0 0.08405866221533326 5 36 21.0 0.0 0.08405866221533326 0
51 ec.gp.GPIndividual@1972136689{-566046871} 0.0 75160.0 8387.0 0.14367473470847741 5 30 21.0 0.0 0.14367473470847741 0
51 ec.gp.GPIndividual@1600639933{-583474165} 0.0 74660.0 8387.0 0.08405866221533326 5 34 21.0 0.0 0.08405866221533326 0
51 ec.gp.GPIndividual@468138186{502479931} 0.0 79122.0 10861.0 0.2551330448393334 5 28 21.0 0.0 0.2551330448393334 0
51 ec.gp.GPIndividual@468138186{502479931} 0.0 83138.0 8160.0 0.1860294117647059 5 28 21.0 0.0 0.1860294117647059 0
51 ec.gp.GPIndividual@2030568321{2146182219} 0.0 74660.0 10054.0 0.09568331012532326 5 34 21.0 0.0 0.09568331012532326 0
51 ec.gp.GPIndividual@1972136689{-566046871} 0.0 79222.0 14578.0 0.43819453971738237 5 30 21.0 0.0 0.43819453971738237 0
51 ec.gp.GPIndividual@468138186{502479931} 0.0 83360.0 12802.0 0.4638337759725043 5 28 21.0 0.0 0.4638337759725043 0
51 ec.gp.GPIndividual@801785507{-489646266} 0.0 70800.0 14578.0 0.26629167238304297 5 36 21.0 0.0 0.26629167238304297 0
51 ec.gp.GPIndividual@1600639933{-583474165} 0.0 70800.0 14578.0 0.26629167238304297 5 34 21.0 0.0 0.26629167238304297 0
51 ec.gp.GPIndividual@2030568321{2146182219} 0.0 74660.0 8387.0 0.08405866221533326 5 34 21.0 0.0 0.08405866221533326 0
51 ec.gp.GPIndividual@468138186{502479931} 0.0 79122.0 10087.0 0.1979775949241598 5 28 21.0 0.0 0.1979775949241598 0
51 ec.gp.GPIndividual@1972136689{-566046871} 0.0 75160.0 10861.0 0.1168400699751404 5 30 21.0 0.0 0.1168400699751404 0
51 ec.gp.GPIndividual@468138186{502479931} 0.0 83138.0 8317.0 0.2013947336780089 5 28 21.0 0.0 0.2013947336780089 0
51 ec.gp.GPIndividual@801785507{-489646266} 0.0 74660.0 10861.0 0.16287634656109015 5 36 21.0 0.0 0.16287634656109015 0
51 ec.gp.GPIndividual@1600639933{-583474165} 0.0 51 ec.gp.GPIndividual@1972136689{-566046871} 74660.0 8160.0 0.16287634656109015 0.0 5 34 21.0 0.0 78900.0 8160.0 0.035784313725490194 0.16287634656109015 0
5 30 21.0 0.0 0.035784313725490194 0
51 ec.gp.GPIndividual@340785620{1665962} 0.0 74660.0 10054.0 0.09568331012532326 5 34 21.0 0.0 0.09568331012532326 0
51 ec.gp.GPIndividual@2030568321{2146182219} 0.0 70800.0 14578.0 0.26629167238304297 5 34 21.0 0.0 0.26629167238304297 0
51 ec.gp.GPIndividual@801785507{-489646266} 0.0 74660.0 8160.0 0.1142156862745098 5 36 21.0 0.0 0.1142156862745098 0
51 ec.gp.GPIndividual@1972136689{-566046871} 0.0 79400.0 12802.0 0.34635213247930013 5 30 21.0 0.0 0.34635213247930013 0
51 ec.gp.GPIndividual@1600639933{-583474165} 0.0 74660.0 8160.0 0.1142156862745098 5 34 21.0 0.0 0.1142156862745098 0
51 ec.gp.GPIndividual@340785620{1665962} 0.0 74660.0 8387.0 0.08405866221533326 5 34 21.0 0.0 0.08405866221533326 0
51 ec.gp.GPIndividual@2030568321{2146182219} 0.0 74660.0 10861.0 0.16287634656109015 5 34 21.0 0.0 0.16287634656109015 0
51 ec.gp.GPIndividual@801785507{-489646266} 0.0 75160.0 12802.0 0.2507420715513201 5 36 21.0 0.0 0.2507420715513201 0
51 ec.gp.GPIndividual@1972136689{-566046871} 0.0 75160.0 10087.0 0.04907306434023991 5 30 21.0 0.0 0.04907306434023991 0
51 ec.gp.GPIndividual@1600639933{-583474165} 0.0 75160.0 12802.0 0.2507420715513201 5 34 21.0 0.0 0.2507420715513201 0
51 ec.gp.GPIndividual@2030568321{2146182219} 0.0 74660.0 8160.0 0.1142156862745098 5 34 21.0 0.0 0.1142156862745098 0
51 ec.gp.GPIndividual@1972136689{-566046871} 0.0 78900.0 8317.0 0.05398581219189612 5 30 21.0 0.0 0.05398581219189612 0
51 ec.gp.GPIndividual@801785507{-489646266} 0.0 74660.0 10087.0 0.0986418161990681 5 36 21.0 0.0 0.0986418161990681 0
51 ec.gp.GPIndividual@340785620{1665962} 0.0 70800.0 14578.0 0.26629167238304297 5 34 21.0 0.0 0.26629167238304297 0
51 ec.gp.GPIndividual@1600639933{-583474165} 0.0 74660.0 10087.0 0.0986418161990681 5 34 21.0 0.0 0.0986418161990681 0
51 ec.gp.GPIndividual@2030568321{2146182219} 0.0 75160.0 12802.0 0.2507420715513201 5 34 21.0 0.0 0.2507420715513201 0
51 ec.gp.GPIndividual@801785507{-489646266} 0.0 74660.0 8317.0 0.09318263797042203 5 36 21.0 0.0 0.09318263797042203 0
51 ec.gp.GPIndividual@340785620{1665962} 0.0 74660.0 10861.0 0.16287634656109015 5 34 21.0 0.0 0.16287634656109015 0
51 ec.gp.GPIndividual@1600639933{-583474165} 0.0 74660.0 8317.0 0.09318263797042203 5 34 21.0 0.0 0.09318263797042203 0
51 ec.gp.GPIndividual@126286983{1573347349} 0.0 77757.0 10054.0 0.3311119952257808 5 32 21.0 0.0 0.3311119952257808 0
51 ec.gp.GPIndividual@126286983{1573347349} 0.0 77757.0 8387.0 0.19816382496721116 5 32 21.0 0.0 0.19816382496721116 0
51 ec.gp.GPIndividual@2030568321{2146182219} 0.0 74660.0 10087.0 0.0986418161990681 5 34 21.0 0.0 0.0986418161990681 0
51 ec.gp.GPIndividual@126286983{1573347349} 0.0 77842.0 14578.0 0.532857730827274 5 32 21.0 0.0 0.532857730827274 0
51 ec.gp.GPIndividual@126286983{1573347349} 0.0 77757.0 10861.0 0.38081207991897614 5 32 21.0 0.0 0.38081207991897614 0
51 ec.gp.GPIndividual@126286983{1573347349} 0.0 77757.0 8160.0 0.17585784313725492 5 32 21.0 0.0 0.17585784313725492 0
51 ec.gp.GPIndividual@687858956{-1808245717} 0.0 74660.0 10054.0 0.09568331012532326 5 36 21.0 0.0 0.09568331012532326 0
51 ec.gp.GPIndividual@340785620{1665962} 0.0 74660.0 8160.0 0.1142156862745098 5 34 21.0 0.0 0.1142156862745098 0
51 ec.gp.GPIndividual@126286983{1573347349} 0.0 77791.0 12802.0 0.47203561943446337 5 32 21.0 0.0 0.47203561943446337 0
51 ec.gp.GPIndividual@126286983{1573347349} 0.0 77757.0 10087.0 0.3333002874987608 5 32 21.0 0.0 0.3333002874987608 0
51 ec.gp.GPIndividual@126286983{1573347349} 0.0 77757.0 8317.0 0.19141517374053144 5 32 21.0 0.0 0.19141517374053144 0
51 ec.gp.GPIndividual@2030568321{2146182219} 0.0 74660.0 8317.0 0.09318263797042203 5 34 21.0 0.0 0.09318263797042203 0
51 ec.gp.GPIndividual@687858956{-1808245717} 0.0 74660.0 8387.0 0.08405866221533326 5 36 21.0 0.0 0.08405866221533326 0
51 ec.gp.GPIndividual@340785620{1665962} 0.0 75160.0 12802.0 0.2507420715513201 5 34 21.0 0.0 0.2507420715513201 0
51 ec.gp.GPIndividual@1650805117{-1887884109} 0.0 74660.0 10054.0 0.09568331012532326 5 34 21.0 0.0 0.09568331012532326 0
51 ec.gp.GPIndividual@340785620{1665962} 0.0 74660.0 10087.0 0.0986418161990681 5 34 21.0 0.0 0.0986418161990681 0
51 ec.gp.GPIndividual@1650805117{-1887884109} 0.0 74660.0 8387.0 0.08405866221533326 5 34 21.0 0.0 0.08405866221533326 0
51 ec.gp.GPIndividual@687858956{-1808245717} 0.0 70800.0 14578.0 0.26629167238304297 5 36 21.0 0.0 0.26629167238304297 0
51 ec.gp.GPIndividual@340785620{1665962} 0.0 74660.0 8317.0 0.09318263797042203 5 34 21.0 0.0 0.09318263797042203 0
51 ec.gp.GPIndividual@687858956{-1808245717} 0.0 74660.0 10861.0 0.16287634656109015 5 36 21.0 0.0 0.16287634656109015 0
51 ec.gp.GPIndividual@1650805117{-1887884109} 0.0 70800.0 14578.0 0.26629167238304297 5 34 21.0 0.0 0.26629167238304297 0
51 ec.gp.GPIndividual@687858956{-1808245717} 0.0 74660.0 8160.0 0.1142156862745098 5 36 21.0 0.0 0.1142156862745098 0
51 ec.gp.GPIndividual@1650805117{-1887884109} 0.0 74660.0 10861.0 0.16287634656109015 5 34 21.0 0.0 0.16287634656109015 0
51 ec.gp.GPIndividual@1650805117{-1887884109} 0.0 74660.0 8160.0 0.1142156862745098 5 34 21.0 0.0 0.1142156862745098 0
51 ec.gp.GPIndividual@687858956{-1808245717} 0.0 75160.0 12802.0 0.2507420715513201 5 36 21.0 0.0 0.2507420715513201 0
51 ec.gp.GPIndividual@1650805117{-1887884109} 0.0 75160.0 12802.0 0.2507420715513201 5 34 21.0 0.0 0.2507420715513201 0
51 ec.gp.GPIndividual@687858956{-1808245717} 0.0 74660.0 10087.0 0.0986418161990681 5 36 21.0 0.0 0.0986418161990681 0
51 ec.gp.GPIndividual@1650805117{-1887884109} 0.0 74660.0 10087.0 0.0986418161990681 5 34 21.0 0.0 0.0986418161990681 0
51 ec.gp.GPIndividual@687858956{-1808245717} 0.0 74660.0 8317.0 0.09318263797042203 5 36 21.0 0.0 0.09318263797042203 0
51 ec.gp.GPIndividual@1650805117{-1887884109} 0.0 74660.0 8317.0 0.09318263797042203 5 34 21.0 0.0 0.09318263797042203 0
52 ec.gp.GPIndividual@1091112559{1719302713} 0.0 97094.0 10054.0 0.5816590411776408 5 26 21.0 0.0 0.5816590411776408 0
52 ec.gp.GPIndividual@1091112559{1719302713} 0.0 97094.0 8387.0 0.4985095981876714 5 26 21.0 0.0 0.4985095981876714 0
52 ec.gp.GPIndividual@1091112559{1719302713} 0.0 97094.0 14578.0 0.7114830566607216 5 26 21.0 0.0 0.7114830566607216 0
52 ec.gp.GPIndividual@1091112559{1719302713} 0.0 97094.0 10861.0 0.6127428413589909 5 26 21.0 0.0 0.6127428413589909 0
52 ec.gp.GPIndividual@1091112559{1719302713} 0.0 97094.0 8160.0 0.48455882352941176 5 26 21.0 0.0 0.48455882352941176 0
52 ec.gp.GPIndividual@1091112559{1719302713} 0.0 97094.0 12802.0 0.6714575847523825 5 26 21.0 0.0 0.6714575847523825 0
52 ec.gp.GPIndividual@1091112559{1719302713} 0.0 97094.0 10087.0 0.5830276593635372 5 26 21.0 0.0 0.5830276593635372 0
52 ec.gp.GPIndividual@382357766{1533835355} 0.0 74660.0 10054.0 0.09568331012532326 5 32 21.0 0.0 0.09568331012532326 0
52 ec.gp.GPIndividual@588165806{1665962} 0.0 52 ec.gp.GPIndividual@1091112559{1719302713} 74660.0 8317.0 0.09568331012532326 0.0 5 34 21.0 0.0 97094.0 10054.0 0.49428880605987735 0.09568331012532326 0
52 ec.gp.GPIndividual@771724308{-489646266} 0.0 5 26 21.0 0.0 74660.0 10054.0 0.09568331012532326 0.49428880605987735 0
5 36 21.0 0.0 0.09568331012532326 0
52 ec.gp.GPIndividual@764475638{-1008207153} 0.0 74660.0 10054.0 0.09568331012532326 5 34 21.0 0.0 0.09568331012532326 0
52 ec.gp.GPIndividual@382357766{1533835355} 0.0 74660.0 8387.0 0.08405866221533326 5 32 21.0 0.0 0.08405866221533326 0
52 ec.gp.GPIndividual@588165806{1665962} 0.0 74660.0 8387.0 0.08405866221533326 5 34 21.0 0.0 0.08405866221533326 0
52 ec.gp.GPIndividual@771724308{-489646266} 0.0 74660.0 8387.0 0.08405866221533326 5 36 21.0 0.0 0.08405866221533326 0
52 ec.gp.GPIndividual@764475638{-1008207153} 0.0 74660.0 8387.0 0.08405866221533326 5 34 21.0 0.0 0.08405866221533326 0
52 ec.gp.GPIndividual@382357766{1533835355} 0.0 70800.0 14578.0 0.26629167238304297 5 32 21.0 0.0 0.26629167238304297 0
52 ec.gp.GPIndividual@588165806{1665962} 0.0 70800.0 14578.0 0.26629167238304297 5 34 21.0 0.0 0.26629167238304297 0
52 ec.gp.GPIndividual@771724308{-489646266} 0.0 70800.0 14578.0 0.26629167238304297 5 36 21.0 0.0 0.26629167238304297 0
52 ec.gp.GPIndividual@764475638{-1008207153} 0.0 70800.0 14578.0 0.26629167238304297 5 34 21.0 0.0 0.26629167238304297 0
52 ec.gp.GPIndividual@382357766{1533835355} 0.0 74660.0 10861.0 0.16287634656109015 5 32 21.0 0.0 0.16287634656109015 0
52 ec.gp.GPIndividual@588165806{1665962} 0.0 74660.0 10861.0 0.16287634656109015 5 34 21.0 0.0 0.16287634656109015 0
52 ec.gp.GPIndividual@771724308{-489646266} 0.0 74660.0 10861.0 0.16287634656109015 5 36 21.0 0.0 0.16287634656109015 0
52 ec.gp.GPIndividual@764475638{-1008207153} 0.0 74660.0 10861.0 0.16287634656109015 5 34 21.0 0.0 0.16287634656109015 0
52 ec.gp.GPIndividual@382357766{1533835355} 0.0 74660.0 8160.0 0.1142156862745098 5 32 21.0 0.0 0.1142156862745098 0
52 ec.gp.GPIndividual@588165806{1665962} 0.0 74660.0 8160.0 0.1142156862745098 5 34 21.0 0.0 0.1142156862745098 0
52 ec.gp.GPIndividual@771724308{-489646266} 0.0 74660.0 8160.0 0.1142156862745098 5 36 21.0 0.0 0.1142156862745098 0
52 ec.gp.GPIndividual@764475638{-1008207153} 0.0 74660.0 8160.0 0.1142156862745098 5 34 21.0 0.0 0.1142156862745098 0
52 ec.gp.GPIndividual@382357766{1533835355} 0.0 75160.0 12802.0 0.2507420715513201 5 32 21.0 0.0 0.2507420715513201 0
52 ec.gp.GPIndividual@588165806{1665962} 0.0 75160.0 12802.0 0.2507420715513201 5 34 21.0 0.0 0.2507420715513201 0
52 ec.gp.GPIndividual@771724308{-489646266} 0.0 75160.0 12802.0 0.2507420715513201 5 36 21.0 0.0 0.2507420715513201 0
52 ec.gp.GPIndividual@764475638{-1008207153} 0.0 75160.0 12802.0 0.2507420715513201 5 34 21.0 0.0 0.2507420715513201 0
52 ec.gp.GPIndividual@382357766{1533835355} 0.0 74660.0 10087.0 0.0986418161990681 5 32 21.0 0.0 0.0986418161990681 0
52 ec.gp.GPIndividual@588165806{1665962} 0.0 74660.0 10087.0 0.0986418161990681 5 34 21.0 0.0 0.0986418161990681 0
52 ec.gp.GPIndividual@771724308{-489646266} 0.0 74660.0 10087.0 0.0986418161990681 5 36 21.0 0.0 0.0986418161990681 0
52 ec.gp.GPIndividual@764475638{-1008207153} 0.0 74660.0 10087.0 0.0986418161990681 5 34 21.0 0.0 0.0986418161990681 0
52 ec.gp.GPIndividual@382357766{1533835355} 0.0 74660.0 8317.0 0.09318263797042203 5 32 21.0 0.0 0.09318263797042203 0
52 ec.gp.GPIndividual@1724631431{425117191} 0.0 88682.0 10054.0 0.3314103839267953 5 28 21.0 0.0 0.3314103839267953 0
52 ec.gp.GPIndividual@1724631431{425117191} 0.0 88682.0 8387.0 0.19852152140217003 5 28 21.0 0.0 0.19852152140217003 0
52 ec.gp.GPIndividual@588165806{1665962} 0.0 74660.0 8317.0 0.09318263797042203 5 34 21.0 0.0 0.09318263797042203 0
52 ec.gp.GPIndividual@1724631431{425117191} 0.0 88682.0 14578.0 0.538894224173412 5 28 21.0 0.0 0.538894224173412 0
52 ec.gp.GPIndividual@1724631431{425117191} 0.0 88682.0 10861.0 0.38108829757849183 5 28 21.0 0.0 0.38108829757849183 0
52 ec.gp.GPIndividual@1724631431{425117191} 0.0 88682.0 8160.0 0.17622549019607844 5 28 21.0 0.0 0.17622549019607844 0
52 ec.gp.GPIndividual@771724308{-489646266} 0.0 74660.0 8317.0 0.09318263797042203 5 36 21.0 0.0 0.09318263797042203 0
52 ec.gp.GPIndividual@1724631431{425117191} 0.0 88682.0 12802.0 0.47492579284486797 5 28 21.0 0.0 0.47492579284486797 0
52 ec.gp.GPIndividual@1724631431{425117191} 0.0 88682.0 10087.0 0.33359770000991373 5 28 21.0 0.0 0.33359770000991373 0
52 ec.gp.GPIndividual@764475638{-1008207153} 0.0 74660.0 8317.0 0.09318263797042203 5 34 21.0 0.0 0.09318263797042203 0
52 ec.gp.GPIndividual@1724631431{425117191} 0.0 88682.0 8317.0 0.1917758807262234 5 28 21.0 0.0 0.1917758807262234 0
52 ec.gp.GPIndividual@811811175{495169799} 0.0 74660.0 10054.0 0.09568331012532326 5 30 21.0 0.0 0.09568331012532326 0
52 ec.gp.GPIndividual@1762222215{197998996} 0.0 83138.0 10054.0 0.3393674159538492 5 26 21.0 0.0 0.3393674159538492 0
52 ec.gp.GPIndividual@1797257019{-489646266} 0.0 74660.0 10054.0 0.09568331012532326 5 36 21.0 0.0 0.09568331012532326 0
52 ec.gp.GPIndividual@1762222215{197998996} 0.0 83138.0 8387.0 0.2080600930010731 5 26 21.0 0.0 0.2080600930010731 0
52 ec.gp.GPIndividual@1762222215{197998996} 0.0 82314.0 14578.0 0.6009054740019207 5 26 21.0 0.0 0.6009054740019207 0
52 ec.gp.GPIndividual@811811175{495169799} 0.0 74660.0 8387.0 0.08405866221533326 5 30 21.0 0.0 0.08405866221533326 0
52 ec.gp.GPIndividual@1762222215{197998996} 0.0 82314.0 10861.0 0.46432188564588894 5 26 21.0 0.0 0.46432188564588894 0
52 ec.gp.GPIndividual@1797257019{-489646266} 0.0 74660.0 8387.0 0.08405866221533326 5 36 21.0 0.0 0.08405866221533326 0
52 ec.gp.GPIndividual@1762222215{197998996} 0.0 83138.0 8160.0 0.1860294117647059 5 26 21.0 0.0 0.1860294117647059 0
52 ec.gp.GPIndividual@1762222215{197998996} 0.0 82314.0 12802.0 0.5455397594125918 5 26 21.0 0.0 0.5455397594125918 0
52 ec.gp.GPIndividual@811811175{495169799} 0.0 70800.0 14578.0 0.26629167238304297 5 30 21.0 0.0 0.26629167238304297 0
52 ec.gp.GPIndividual@1762222215{197998996} 0.0 83138.0 10087.0 0.34152870030732624 5 26 21.0 0.0 0.34152870030732624 0
52 ec.gp.GPIndividual@1797257019{-489646266} 0.0 70800.0 14578.0 0.26629167238304297 5 36 21.0 0.0 0.26629167238304297 0
52 ec.gp.GPIndividual@1762222215{197998996} 0.0 83138.0 8317.0 0.2013947336780089 5 26 21.0 0.0 0.2013947336780089 0
52 ec.gp.GPIndividual@811811175{495169799} 0.0 74660.0 10861.0 0.16287634656109015 5 30 21.0 0.0 0.16287634656109015 0
52 ec.gp.GPIndividual@1797257019{-489646266} 0.0 74660.0 10861.0 0.16287634656109015 5 36 21.0 0.0 0.16287634656109015 0
52 ec.gp.GPIndividual@811811175{495169799} 0.0 74660.0 8160.0 0.1142156862745098 5 30 21.0 0.0 0.1142156862745098 0
52 ec.gp.GPIndividual@1797257019{-489646266} 0.0 74660.0 8160.0 0.1142156862745098 5 36 21.0 0.0 0.1142156862745098 0
52 ec.gp.GPIndividual@811811175{495169799} 0.0 75160.0 12802.0 0.2507420715513201 5 30 21.0 0.0 0.2507420715513201 0
52 ec.gp.GPIndividual@1797257019{-489646266} 0.0 75160.0 12802.0 0.2507420715513201 5 36 21.0 0.0 0.2507420715513201 0
52 ec.gp.GPIndividual@811811175{495169799} 0.0 74660.0 10087.0 0.0986418161990681 5 30 21.0 0.0 0.0986418161990681 0
52 ec.gp.GPIndividual@1797257019{-489646266} 0.0 74660.0 10087.0 0.0986418161990681 5 36 21.0 0.0 0.0986418161990681 0
52 ec.gp.GPIndividual@811811175{495169799} 0.0 74660.0 8317.0 0.09318263797042203 5 30 21.0 0.0 0.09318263797042203 0
52 ec.gp.GPIndividual@1797257019{-489646266} 0.0 74660.0 8317.0 0.09318263797042203 5 36 21.0 0.0 0.09318263797042203 0
53 ec.gp.GPIndividual@1235002362{2142628964} 0.0 105260.0 10054.0 0.8563755719116769 2 3 21.0 0.0 0.8563755719116769 0
53 ec.gp.GPIndividual@1235002362{2142628964} 0.0 105260.0 8387.0 0.8278287826397996 2 3 21.0 0.0 0.8278287826397996 0
53 ec.gp.GPIndividual@1356657906{516290778} 0.0 53 ec.gp.GPIndividual@1235002362{2142628964} 92920.0 10054.0 0.45335189974139645 0.0 5 32 21.0 0.0 105260.0 14578.0 0.9009466319110989 0.45335189974139645 0
2 3 21.0 0.0 0.9009466319110989 0
53 ec.gp.GPIndividual@1235002362{2142628964} 0.0 105260.0 10861.0 0.8670472332197772 53 ec.gp.GPIndividual@546494408{734922951} 53 ec.gp.GPIndividual@1356657906{516290778} 0.0 0.0 2 3 21.0 0.0 0.8670472332197772 0
73517.0 8387.0 0.20936940521185599 53 ec.gp.GPIndividual@1235002362{2142628964} 0.0 5 33 21.0 0.0 105260.0 8160.0 0.8230392156862745 92920.0 8387.0 0.34470013115535947 2 3 21.0 0.0 0.20936940521185599 0
5 32 21.0 0.0 0.34470013115535947 0
0.8230392156862745 0
53 ec.gp.GPIndividual@1356657906{516290778} 0.0 92920.0 14578.0 0.6229935519275621 5 32 21.0 0.0 0.6229935519275621 0
53 ec.gp.GPIndividual@1235002362{2142628964} 0.0 105260.0 12802.0 0.8872051241993438 2 3 21.0 0.0 0.8872051241993438 0
53 ec.gp.GPIndividual@1356657906{516290778} 0.0 92920.0 10861.0 0.4939692477672406 5 32 21.0 0.0 53 ec.gp.GPIndividual@1235002362{2142628964} 0.4939692477672406 0
0.0 105260.0 8387.0 0.8568454446317042 53 ec.gp.GPIndividual@546494408{734922951} 2 3 21.0 0.0 0.0 0.8568454446317042 0
53 ec.gp.GPIndividual@1356657906{516290778} 0.0 92920.0 8160.0 0.3264705882352941 5 32 21.0 0.0 73517.0 8387.0 0.05222367950399428 0.3264705882352941 0
53 ec.gp.GPIndividual@1235002362{2142628964} 0.0 105260.0 8317.0 0.8263797042202717 5 33 21.0 0.0 2 3 21.0 0.0 0.8263797042202717 0
53 ec.gp.GPIndividual@1356657906{516290778} 0.0 92920.0 12802.0 0.5706920793625996 0.05222367950399428 0
5 32 21.0 0.0 0.5706920793625996 0
53 ec.gp.GPIndividual@742920029{825102450} 0.0 74660.0 10054.0 0.09568331012532326 5 34 21.0 0.0 0.09568331012532326 0
53 ec.gp.GPIndividual@1356657906{516290778} 0.0 92920.0 10087.0 0.4551402795677605 5 32 21.0 0.0 0.4551402795677605 0
53 ec.gp.GPIndividual@546494408{734922951} 0.0 73534.0 14578.0 0.4535601591439155 5 33 21.0 0.0 0.4535601591439155 0
53 ec.gp.GPIndividual@1356657906{516290778} 53 ec.gp.GPIndividual@578187844{780551275} 0.0 0.0 92920.0 10054.0 0.33918480221233616 18441.0 10054.0 0.8341953451362641 5 32 21.0 0.0 5 34 21.0 0.0 0.33918480221233616 0
53 ec.gp.GPIndividual@336321627{-1786053150} 0.0 74660.0 10054.0 0.09568331012532326 5 36 21.0 0.0 0.09568331012532326 0
0.8341953451362641 0
53 ec.gp.GPIndividual@546494408{734922951} 0.0 73517.0 10861.0 0.2681152748365712 5 33 21.0 0.0 0.2681152748365712 0
53 ec.gp.GPIndividual@578187844{780551275} 0.0 18441.0 8387.0 1.1987599856921427 5 34 21.0 0.0 1.1987599856921427 0
53 ec.gp.GPIndividual@546494408{734922951} 0.0 73517.0 8160.0 0.0258578431372549 5 33 21.0 0.0 0.0258578431372549 0
53 ec.gp.GPIndividual@546494408{734922951} 0.0 73522.0 12802.0 0.3786908295578816 5 33 21.0 0.0 0.3786908295578816 0
53 ec.gp.GPIndividual@578187844{780551275} 0.0 18118.0 14578.0 0.2428316641514611 5 34 21.0 0.0 0.2428316641514611 0
53 ec.gp.GPIndividual@742920029{825102450} 0.0 74660.0 8387.0 0.08405866221533326 5 34 21.0 0.0 0.08405866221533326 0
53 ec.gp.GPIndividual@546494408{734922951} 0.0 73517.0 10087.0 0.21195598294834936 5 33 21.0 0.0 0.21195598294834936 0
53 ec.gp.GPIndividual@578187844{780551275} 0.0 18441.0 10861.0 0.6979099530429979 5 34 21.0 0.0 0.6979099530429979 0
53 ec.gp.GPIndividual@546494408{734922951} 0.0 73517.0 8317.0 0.0442467235782133 5 33 21.0 0.0 0.0442467235782133 0
53 ec.gp.GPIndividual@281044377{684209835} 0.0 97094.0 10054.0 0.5816590411776408 4 11 21.0 0.0 0.5816590411776408 0
53 ec.gp.GPIndividual@336321627{-1786053150} 0.0 74660.0 8387.0 0.08405866221533326 5 36 21.0 0.0 0.08405866221533326 0
53 ec.gp.GPIndividual@281044377{684209835} 0.0 97094.0 8387.0 0.4985095981876714 53 ec.gp.GPIndividual@578187844{780551275} 4 11 21.0 0.0 0.0 0.4985095981876714 0
18441.0 8387.0 1.2599264705882354 5 34 21.0 0.0 1.2599264705882354 0
53 ec.gp.GPIndividual@281044377{684209835} 0.0 97094.0 14578.0 0.7114830566607216 4 11 21.0 0.0 0.7114830566607216 0
53 ec.gp.GPIndividual@281044377{684209835} 0.0 97094.0 10861.0 0.6127428413589909 4 11 21.0 0.0 0.6127428413589909 0
53 ec.gp.GPIndividual@281044377{684209835} 0.0 97094.0 8160.0 0.48455882352941176 4 11 21.0 0.0 0.48455882352941176 0
53 ec.gp.GPIndividual@281044377{684209835} 0.0 97094.0 12802.0 0.6714575847523825 4 11 21.0 0.0 53 ec.gp.GPIndividual@578187844{780551275} 0.6714575847523825 0
0.0 17975.0 12802.0 0.4040774878925168 5 34 21.0 0.0 0.4040774878925168 0
53 ec.gp.GPIndividual@281044377{684209835} 0.0 97094.0 10087.0 0.5830276593635372 4 11 21.0 0.0 0.5830276593635372 0
53 ec.gp.GPIndividual@281044377{684209835} 0.0 97094.0 8317.0 0.49428880605987735 4 11 21.0 0.0 0.49428880605987735 0
53 ec.gp.GPIndividual@578187844{780551275} 0.0 18441.0 10087.0 0.8281947060573015 5 34 21.0 0.0 0.8281947060573015 0
53 ec.gp.GPIndividual@578187844{780551275} 0.0 18441.0 8317.0 1.217265841048455 5 34 21.0 0.0 1.217265841048455 0
53 ec.gp.GPIndividual@742920029{825102450} 0.0 70800.0 14578.0 0.26629167238304297 5 34 21.0 0.0 0.26629167238304297 0
53 ec.gp.GPIndividual@336321627{-1786053150} 0.0 70800.0 14578.0 0.26629167238304297 5 36 21.0 0.0 0.26629167238304297 0
53 ec.gp.GPIndividual@742920029{825102450} 0.0 74660.0 10861.0 0.16287634656109015 5 34 21.0 0.0 0.16287634656109015 0
53 ec.gp.GPIndividual@336321627{-1786053150} 0.0 74660.0 10861.0 0.16287634656109015 5 36 21.0 0.0 0.16287634656109015 0
53 ec.gp.GPIndividual@742920029{825102450} 0.0 74660.0 8160.0 0.1142156862745098 5 34 21.0 0.0 0.1142156862745098 0
53 ec.gp.GPIndividual@336321627{-1786053150} 0.0 74660.0 8160.0 0.1142156862745098 5 36 21.0 0.0 0.1142156862745098 0
53 ec.gp.GPIndividual@742920029{825102450} 0.0 75160.0 12802.0 0.2507420715513201 5 34 21.0 0.0 0.2507420715513201 0
53 ec.gp.GPIndividual@336321627{-1786053150} 0.0 75160.0 12802.0 0.2507420715513201 5 36 21.0 0.0 0.2507420715513201 0
53 ec.gp.GPIndividual@742920029{825102450} 0.0 74660.0 10087.0 0.0986418161990681 5 34 21.0 0.0 0.0986418161990681 0
53 ec.gp.GPIndividual@336321627{-1786053150} 0.0 74660.0 10087.0 0.0986418161990681 5 36 21.0 0.0 0.0986418161990681 0
53 ec.gp.GPIndividual@742920029{825102450} 0.0 74660.0 8317.0 0.09318263797042203 5 34 21.0 0.0 0.09318263797042203 0
53 ec.gp.GPIndividual@336321627{-1786053150} 0.0 74660.0 8317.0 0.09318263797042203 5 36 21.0 0.0 0.09318263797042203 0
53 ec.gp.GPIndividual@1124830291{1150824074} 0.0 88682.0 10054.0 0.3314103839267953 5 28 21.0 0.0 0.3314103839267953 0
53 ec.gp.GPIndividual@1124830291{1150824074} 0.0 88682.0 8387.0 0.19852152140217003 5 28 21.0 0.0 0.19852152140217003 0
53 ec.gp.GPIndividual@1124830291{1150824074} 0.0 88682.0 14578.0 0.538894224173412 5 28 21.0 0.0 0.538894224173412 0
53 ec.gp.GPIndividual@1124830291{1150824074} 0.0 88682.0 10861.0 0.38108829757849183 5 28 21.0 0.0 0.38108829757849183 0
53 ec.gp.GPIndividual@308141545{277681429} 0.0 74660.0 10054.0 0.09568331012532326 5 36 21.0 0.0 0.09568331012532326 0
53 ec.gp.GPIndividual@1124830291{1150824074} 0.0 88682.0 8160.0 0.17622549019607844 5 28 21.0 0.0 0.17622549019607844 0
53 ec.gp.GPIndividual@1124830291{1150824074} 0.0 88682.0 12802.0 0.47492579284486797 5 28 21.0 0.0 0.47492579284486797 0
53 ec.gp.GPIndividual@1124830291{1150824074} 0.0 88682.0 10087.0 0.33359770000991373 5 28 21.0 0.0 0.33359770000991373 0
53 ec.gp.GPIndividual@1124830291{1150824074} 0.0 88682.0 8317.0 0.1917758807262234 5 28 21.0 0.0 0.1917758807262234 0
53 ec.gp.GPIndividual@308141545{277681429} 0.0 74660.0 8387.0 0.08405866221533326 5 36 21.0 0.0 0.08405866221533326 0
53 ec.gp.GPIndividual@308141545{277681429} 0.0 70800.0 14578.0 0.26629167238304297 5 36 21.0 0.0 0.26629167238304297 0
53 ec.gp.GPIndividual@308141545{277681429} 0.0 74660.0 10861.0 0.16287634656109015 5 36 21.0 0.0 0.16287634656109015 0
53 ec.gp.GPIndividual@308141545{277681429} 0.0 74660.0 8160.0 0.1142156862745098 5 36 21.0 0.0 0.1142156862745098 0
53 ec.gp.GPIndividual@308141545{277681429} 0.0 75160.0 12802.0 0.2507420715513201 5 36 21.0 0.0 0.2507420715513201 0
53 ec.gp.GPIndividual@308141545{277681429} 0.0 74660.0 10087.0 0.0986418161990681 5 36 21.0 0.0 0.0986418161990681 0
53 ec.gp.GPIndividual@308141545{277681429} 0.0 74660.0 8317.0 0.09318263797042203 5 36 21.0 0.0 0.09318263797042203 0
54 ec.gp.GPIndividual@195163188{-1206783144} 0.0 109280.0 10054.0 1.0 1 1 21.0 0.0 1.0 0
54 ec.gp.GPIndividual@1175574522{552385926} 54 ec.gp.GPIndividual@195163188{-1206783144} 0.0 0.0 109280.0 8387.0 1.0 1 1 21.0 0.0 1.0 0
99026.0 8387.0 0.9329620051720708 54 ec.gp.GPIndividual@195163188{-1206783144} 0.0 3 7 21.0 0.0 109280.0 14578.0 1.0 1 1 21.0 0.0 0.9329620051720708 0
54 ec.gp.GPIndividual@1937251626{-1832105245} 0.0 88682.0 10054.0 0.3314103839267953 5 36 21.0 0.0 1.0 0
54 ec.gp.GPIndividual@1175574522{552385926} 0.0 54 ec.gp.GPIndividual@195163188{-1206783144} 99026.0 10861.0 0.9196375342792417 0.0 3 7 21.0 0.0 0.3314103839267953 0
0.9196375342792417 0
109280.0 10861.0 1.0 1 1 21.0 0.0 1.0 0
54 ec.gp.GPIndividual@1175574522{552385926} 0.0 54 ec.gp.GPIndividual@195163188{-1206783144} 0.0 99026.0 8160.0 0.9537659486898066 109280.0 8160.0 1.0 3 7 21.0 0.0 1 1 21.0 0.0 0.9537659486898066 0
1.0 0
54 ec.gp.GPIndividual@1175574522{552385926} 0.0 99026.0 10861.0 0.9379430991621398 54 ec.gp.GPIndividual@195163188{-1206783144} 3 7 21.0 0.0 0.0 54 ec.gp.GPIndividual@1937251626{-1832105245} 109280.0 12802.0 1.0 0.9379430991621398 0
0.0 88682.0 12802.0 0.19852152140217003 54 ec.gp.GPIndividual@1175574522{552385926} 5 36 21.0 0.0 0.0 1 1 21.0 0.0 0.19852152140217003 0
1.0 0
99026.0 8160.0 0.9174019607843137 3 7 21.0 0.0 54 ec.gp.GPIndividual@195163188{-1206783144} 0.0 0.9174019607843137 0
109280.0 10087.0 1.0 1 1 21.0 0.0 1.0 0
54 ec.gp.GPIndividual@1175574522{552385926} 54 ec.gp.GPIndividual@1937251626{-1832105245} 0.0 0.0 54 ec.gp.GPIndividual@195163188{-1206783144} 88682.0 8317.0 0.538894224173412 0.0 99026.0 8317.0 0.9473519762537104 5 36 21.0 0.0 0.538894224173412 0
3 7 21.0 0.0 0.9473519762537104 0
109280.0 8317.0 1.0 1 1 21.0 0.0 1.0 0
54 ec.gp.GPIndividual@1175574522{552385926} 54 ec.gp.GPIndividual@1937251626{-1832105245} 0.0 0.0 99026.0 10861.0 0.9331813224942996 88682.0 10861.0 0.38108829757849183 3 7 21.0 0.0 5 36 21.0 0.0 0.9331813224942996 0
0.38108829757849183 0
54 ec.gp.GPIndividual@1175574522{552385926} 0.0 99026.0 8317.0 0.9189611638812072 3 7 21.0 0.0 0.9189611638812072 0
54 ec.gp.GPIndividual@1937251626{-1832105245} 0.0 88682.0 8160.0 0.17622549019607844 5 36 21.0 0.0 0.17622549019607844 0
54 ec.gp.GPIndividual@1777765260{-1565177710} 0.0 74660.0 10054.0 0.09568331012532326 54 ec.gp.GPIndividual@1478948957{892764439} 5 36 21.0 0.0 0.0 0.09568331012532326 0
74660.0 12802.0 0.09568331012532326 5 30 21.0 0.0 54 ec.gp.GPIndividual@1937251626{-1832105245} 0.09568331012532326 0
0.0 88682.0 12802.0 0.47492579284486797 5 36 21.0 0.0 0.47492579284486797 0
54 ec.gp.GPIndividual@1937251626{-1832105245} 0.0 88682.0 10087.0 0.33359770000991373 5 36 21.0 0.0 0.33359770000991373 0
54 ec.gp.GPIndividual@1937251626{-1832105245} 0.0 88682.0 8317.0 0.1917758807262234 5 36 21.0 0.0 0.1917758807262234 0
54 ec.gp.GPIndividual@1741331025{-1424003989} 0.0 77757.0 10054.0 0.3311119952257808 5 32 21.0 0.0 0.3311119952257808 0
54 ec.gp.GPIndividual@1741331025{-1424003989} 0.0 77757.0 8387.0 0.19816382496721116 5 32 21.0 0.0 0.19816382496721116 0
54 ec.gp.GPIndividual@1741331025{-1424003989} 0.0 77842.0 14578.0 0.532857730827274 5 32 21.0 0.0 0.532857730827274 0
54 ec.gp.GPIndividual@43510879{-583474165} 0.0 74660.0 10054.0 0.09568331012532326 5 34 21.0 0.0 0.09568331012532326 0
54 ec.gp.GPIndividual@1741331025{-1424003989} 0.0 77757.0 10861.0 0.38081207991897614 5 32 21.0 0.0 0.38081207991897614 0
54 ec.gp.GPIndividual@1777765260{-1565177710} 0.0 74660.0 8387.0 0.08405866221533326 5 36 21.0 0.0 0.08405866221533326 0
54 ec.gp.GPIndividual@1478948957{892764439} 0.0 74660.0 8387.0 0.08405866221533326 5 30 21.0 0.0 0.08405866221533326 0
54 ec.gp.GPIndividual@1741331025{-1424003989} 0.0 77757.0 8160.0 0.17585784313725492 5 32 21.0 0.0 0.17585784313725492 0
54 ec.gp.GPIndividual@1741331025{-1424003989} 0.0 77791.0 12802.0 0.47203561943446337 5 32 21.0 0.0 0.47203561943446337 0
54 ec.gp.GPIndividual@1741331025{-1424003989} 0.0 77757.0 10087.0 0.3333002874987608 5 32 21.0 0.0 0.3333002874987608 0
54 ec.gp.GPIndividual@1741331025{-1424003989} 0.0 77757.0 8317.0 0.19141517374053144 5 32 21.0 0.0 0.19141517374053144 0
54 ec.gp.GPIndividual@43510879{-583474165} 0.0 74660.0 8387.0 0.08405866221533326 5 34 21.0 0.0 0.08405866221533326 0
54 ec.gp.GPIndividual@1777765260{-1565177710} 0.0 70800.0 14578.0 0.26629167238304297 5 36 21.0 0.0 0.26629167238304297 0
54 ec.gp.GPIndividual@1478948957{892764439} 0.0 70800.0 14578.0 0.26629167238304297 5 30 21.0 0.0 0.26629167238304297 0
54 ec.gp.GPIndividual@43510879{-583474165} 0.0 70800.0 14578.0 0.26629167238304297 5 34 21.0 0.0 0.26629167238304297 0
54 ec.gp.GPIndividual@1777765260{-1565177710} 0.0 74660.0 10861.0 0.16287634656109015 5 36 21.0 0.0 0.16287634656109015 0
54 ec.gp.GPIndividual@1478948957{892764439} 0.0 74660.0 10861.0 0.16287634656109015 5 30 21.0 0.0 0.16287634656109015 0
54 ec.gp.GPIndividual@43510879{-583474165} 0.0 74660.0 10861.0 0.16287634656109015 5 34 21.0 0.0 0.16287634656109015 0
54 ec.gp.GPIndividual@1777765260{-1565177710} 0.0 74660.0 8160.0 0.1142156862745098 5 36 21.0 0.0 0.1142156862745098 0
54 ec.gp.GPIndividual@1478948957{892764439} 0.0 74660.0 8160.0 0.1142156862745098 5 30 21.0 0.0 0.1142156862745098 0
54 ec.gp.GPIndividual@43510879{-583474165} 0.0 74660.0 8160.0 0.1142156862745098 5 34 21.0 0.0 0.1142156862745098 0
54 ec.gp.GPIndividual@1777765260{-1565177710} 0.0 75160.0 12802.0 0.2507420715513201 5 36 21.0 0.0 0.2507420715513201 0
54 ec.gp.GPIndividual@1478948957{892764439} 0.0 75160.0 12802.0 0.2507420715513201 5 30 21.0 0.0 0.2507420715513201 0
54 ec.gp.GPIndividual@43510879{-583474165} 0.0 75160.0 12802.0 0.2507420715513201 5 34 21.0 0.0 0.2507420715513201 0
54 ec.gp.GPIndividual@1777765260{-1565177710} 0.0 74660.0 10087.0 0.0986418161990681 5 36 21.0 0.0 0.0986418161990681 0
54 ec.gp.GPIndividual@1478948957{892764439} 0.0 74660.0 10087.0 0.0986418161990681 5 30 21.0 0.0 0.0986418161990681 0
54 ec.gp.GPIndividual@43510879{-583474165} 0.0 74660.0 10087.0 0.0986418161990681 5 34 21.0 0.0 0.0986418161990681 0
54 ec.gp.GPIndividual@1777765260{-1565177710} 0.0 74660.0 8317.0 0.09318263797042203 5 36 21.0 0.0 0.09318263797042203 0
54 ec.gp.GPIndividual@1478948957{892764439} 0.0 74660.0 8317.0 0.09318263797042203 5 30 21.0 0.0 0.09318263797042203 0
54 ec.gp.GPIndividual@1264178029{602904603} 0.0 88682.0 10054.0 0.3314103839267953 5 30 21.0 0.0 0.3314103839267953 0
54 ec.gp.GPIndividual@1264178029{602904603} 0.0 88682.0 8387.0 0.19852152140217003 5 30 21.0 0.0 0.19852152140217003 0
54 ec.gp.GPIndividual@1264178029{602904603} 0.0 88682.0 14578.0 0.538894224173412 5 30 21.0 0.0 0.538894224173412 0
54 ec.gp.GPIndividual@43510879{-583474165} 0.0 74660.0 8317.0 0.09318263797042203 5 34 21.0 0.0 0.09318263797042203 0
54 ec.gp.GPIndividual@1264178029{602904603} 0.0 88682.0 10861.0 0.38108829757849183 5 30 21.0 0.0 0.38108829757849183 0
54 ec.gp.GPIndividual@1264178029{602904603} 0.0 88682.0 8160.0 0.17622549019607844 5 30 21.0 0.0 0.17622549019607844 0
54 ec.gp.GPIndividual@1264178029{602904603} 0.0 88682.0 12802.0 0.47492579284486797 5 30 21.0 0.0 0.47492579284486797 0
54 ec.gp.GPIndividual@1264178029{602904603} 0.0 88682.0 10087.0 0.33359770000991373 5 30 21.0 0.0 0.33359770000991373 0
54 ec.gp.GPIndividual@1264178029{602904603} 0.0 88682.0 8317.0 0.1917758807262234 5 30 21.0 0.0 0.1917758807262234 0
55 ec.gp.GPIndividual@984128123{-1206783144} 0.0 109280.0 10054.0 1.0 1 1 21.0 0.0 1.0 0
55 ec.gp.GPIndividual@984128123{-1206783144} 0.0 109280.0 8387.0 1.0 55 ec.gp.GPIndividual@1372979008{1731340920} 1 1 21.0 0.0 0.0 1.0 0
97094.0 8387.0 0.5816590411776408 55 ec.gp.GPIndividual@984128123{-1206783144} 0.0 4 9 21.0 0.0 109280.0 14578.0 1.0 0.5816590411776408 0
1 1 21.0 0.0 1.0 0
55 ec.gp.GPIndividual@984128123{-1206783144} 0.0 109280.0 10861.0 1.0 1 1 21.0 0.0 1.0 0
55 ec.gp.GPIndividual@984128123{-1206783144} 0.0 109280.0 8160.0 1.0 1 1 21.0 0.0 1.0 0
55 ec.gp.GPIndividual@1372979008{1731340920} 0.0 55 ec.gp.GPIndividual@984128123{-1206783144} 0.0 97094.0 8387.0 0.4985095981876714 109280.0 12802.0 1.0 4 9 21.0 0.0 1 1 21.0 0.0 0.4985095981876714 0
1.0 0
55 ec.gp.GPIndividual@984128123{-1206783144} 0.0 109280.0 10087.0 1.0 1 1 21.0 0.0 1.0 0
55 ec.gp.GPIndividual@984128123{-1206783144} 0.0 109280.0 8317.0 1.0 1 1 21.0 0.0 55 ec.gp.GPIndividual@1372979008{1731340920} 1.0 0
0.0 97094.0 14578.0 0.7114830566607216 4 9 21.0 0.0 0.7114830566607216 0
55 ec.gp.GPIndividual@1372979008{1731340920} 0.0 97094.0 10861.0 0.6127428413589909 4 9 21.0 0.0 0.6127428413589909 0
55 ec.gp.GPIndividual@1372979008{1731340920} 0.0 97094.0 8160.0 0.48455882352941176 4 9 21.0 0.0 0.48455882352941176 0
55 ec.gp.GPIndividual@1372979008{1731340920} 0.0 97094.0 12802.0 0.6714575847523825 4 9 21.0 0.0 0.6714575847523825 0
55 ec.gp.GPIndividual@1372979008{1731340920} 0.0 97094.0 10087.0 0.5830276593635372 4 9 21.0 0.0 0.5830276593635372 0
55 ec.gp.GPIndividual@1372979008{1731340920} 0.0 97094.0 8317.0 0.49428880605987735 4 9 21.0 0.0 0.49428880605987735 0
55 ec.gp.GPIndividual@1273325089{-203478862} 0.0 74660.0 10054.0 0.09568331012532326 5 36 21.0 0.0 0.09568331012532326 0
55 ec.gp.GPIndividual@442205835{-489646266} 0.0 74660.0 10054.0 0.09568331012532326 5 36 21.0 0.0 0.09568331012532326 0
55 ec.gp.GPIndividual@33171289{1537313527} 0.0 70142.0 10054.0 0.0015914064054107818 5 36 21.0 0.0 0.0015914064054107818 0
55 ec.gp.GPIndividual@1273325089{-203478862} 0.0 74660.0 8387.0 0.08405866221533326 5 36 21.0 0.0 0.08405866221533326 0
55 ec.gp.GPIndividual@442205835{-489646266} 0.0 74660.0 8387.0 0.08405866221533326 5 36 21.0 0.0 0.08405866221533326 0
55 ec.gp.GPIndividual@33171289{1537313527} 0.0 70142.0 8387.0 0.196852271372362 5 36 21.0 0.0 0.196852271372362 0
55 ec.gp.GPIndividual@1273325089{-203478862} 0.0 70800.0 14578.0 0.26629167238304297 5 36 21.0 0.0 0.26629167238304297 0
55 ec.gp.GPIndividual@442205835{-489646266} 0.0 70800.0 14578.0 0.26629167238304297 5 36 21.0 0.0 0.26629167238304297 0
55 ec.gp.GPIndividual@33171289{1537313527} 0.0 74204.0 14578.0 0.40760049389491015 5 36 21.0 0.0 0.40760049389491015 0
55 ec.gp.GPIndividual@1273325089{-203478862} 0.0 74660.0 10861.0 0.16287634656109015 5 36 21.0 0.0 0.16287634656109015 0
55 ec.gp.GPIndividual@442205835{-489646266} 0.0 74660.0 10861.0 0.16287634656109015 5 36 21.0 0.0 0.16287634656109015 0
55 ec.gp.GPIndividual@1273325089{-203478862} 0.0 74660.0 8160.0 0.1142156862745098 5 36 21.0 0.0 0.1142156862745098 0
55 ec.gp.GPIndividual@442205835{-489646266} 0.0 74660.0 8160.0 0.1142156862745098 5 36 21.0 0.0 0.1142156862745098 0
55 ec.gp.GPIndividual@33171289{1537313527} 0.0 70142.0 10861.0 0.07577571126047325 5 36 21.0 0.0 0.07577571126047325 0
55 ec.gp.GPIndividual@1273325089{-203478862} 0.0 75160.0 12802.0 0.2507420715513201 5 36 21.0 0.0 0.2507420715513201 0
55 ec.gp.GPIndividual@442205835{-489646266} 0.0 75160.0 12802.0 0.2507420715513201 5 36 21.0 0.0 0.2507420715513201 0
55 ec.gp.GPIndividual@33171289{1537313527} 0.0 70142.0 8160.0 0.2301470588235294 5 36 21.0 0.0 0.2301470588235294 0
55 ec.gp.GPIndividual@1273325089{-203478862} 0.0 74660.0 10087.0 0.0986418161990681 5 36 21.0 0.0 0.0986418161990681 0
55 ec.gp.GPIndividual@442205835{-489646266} 0.0 74660.0 10087.0 0.0986418161990681 5 36 21.0 0.0 0.0986418161990681 0
55 ec.gp.GPIndividual@33171289{1537313527} 0.0 74382.0 12802.0 0.311513825964693 5 36 21.0 0.0 0.311513825964693 0
55 ec.gp.GPIndividual@1273325089{-203478862} 0.0 74660.0 8317.0 0.09318263797042203 5 36 21.0 0.0 0.09318263797042203 0
55 ec.gp.GPIndividual@442205835{-489646266} 0.0 74660.0 8317.0 0.09318263797042203 5 36 21.0 0.0 0.09318263797042203 0
55 ec.gp.GPIndividual@594971210{-73450773} 0.0 88682.0 10054.0 0.3314103839267953 5 30 21.0 0.0 0.3314103839267953 0
55 ec.gp.GPIndividual@594971210{-73450773} 0.0 88682.0 8387.0 0.19852152140217003 5 30 21.0 0.0 0.19852152140217003 0
55 ec.gp.GPIndividual@594971210{-73450773} 0.0 88682.0 14578.0 0.538894224173412 5 30 21.0 0.0 0.538894224173412 0
55 ec.gp.GPIndividual@594971210{-73450773} 0.0 88682.0 10861.0 0.38108829757849183 5 30 21.0 0.0 0.38108829757849183 0
55 ec.gp.GPIndividual@594971210{-73450773} 0.0 88682.0 8160.0 0.17622549019607844 5 30 21.0 0.0 0.17622549019607844 0
55 ec.gp.GPIndividual@594971210{-73450773} 0.0 88682.0 12802.0 0.47492579284486797 5 30 21.0 0.0 0.47492579284486797 0
55 ec.gp.GPIndividual@594971210{-73450773} 0.0 88682.0 10087.0 0.33359770000991373 5 30 21.0 0.0 0.33359770000991373 0
55 ec.gp.GPIndividual@1519438155{-868787201} 0.0 74660.0 10054.0 0.09568331012532326 5 34 21.0 0.0 0.09568331012532326 0
55 ec.gp.GPIndividual@594971210{-73450773} 0.0 88682.0 8317.0 0.1917758807262234 5 30 21.0 0.0 0.1917758807262234 0
55 ec.gp.GPIndividual@33171289{1537313527} 0.0 70142.0 10087.0 0.004857737682165163 5 36 21.0 0.0 0.004857737682165163 0
55 ec.gp.GPIndividual@1519438155{-868787201} 0.0 74660.0 8387.0 0.08405866221533326 5 34 21.0 0.0 0.08405866221533326 0
55 ec.gp.GPIndividual@33171289{1537313527} 0.0 70142.0 8317.0 0.20692557412528556 5 36 21.0 0.0 0.20692557412528556 0
55 ec.gp.GPIndividual@504121889{-722225736} 0.0 88682.0 10054.0 0.3314103839267953 5 30 21.0 0.0 0.3314103839267953 0
55 ec.gp.GPIndividual@504121889{-722225736} 0.0 88682.0 8387.0 0.19852152140217003 5 30 21.0 0.0 0.19852152140217003 0
55 ec.gp.GPIndividual@504121889{-722225736} 0.0 88682.0 14578.0 0.538894224173412 5 30 21.0 0.0 0.538894224173412 0
55 ec.gp.GPIndividual@1519438155{-868787201} 0.0 70800.0 14578.0 0.26629167238304297 5 34 21.0 0.0 0.26629167238304297 0
55 ec.gp.GPIndividual@504121889{-722225736} 0.0 88682.0 10861.0 0.38108829757849183 5 30 21.0 0.0 0.38108829757849183 0
55 ec.gp.GPIndividual@504121889{-722225736} 0.0 88682.0 8160.0 0.17622549019607844 5 30 21.0 0.0 0.17622549019607844 0
55 ec.gp.GPIndividual@504121889{-722225736} 0.0 88682.0 12802.0 0.47492579284486797 5 30 21.0 0.0 0.47492579284486797 0
55 ec.gp.GPIndividual@504121889{-722225736} 0.0 88682.0 10087.0 0.33359770000991373 5 30 21.0 0.0 0.33359770000991373 0
55 ec.gp.GPIndividual@504121889{-722225736} 0.0 88682.0 8317.0 0.1917758807262234 5 30 21.0 0.0 0.1917758807262234 0
55 ec.gp.GPIndividual@1519438155{-868787201} 0.0 74660.0 10861.0 0.16287634656109015 5 34 21.0 0.0 0.16287634656109015 0
55 ec.gp.GPIndividual@1519438155{-868787201} 0.0 74660.0 8160.0 0.1142156862745098 5 34 21.0 0.0 0.1142156862745098 0
55 ec.gp.GPIndividual@1519438155{-868787201} 0.0 75160.0 12802.0 0.2507420715513201 5 34 21.0 0.0 0.2507420715513201 0
55 ec.gp.GPIndividual@1519438155{-868787201} 0.0 74660.0 10087.0 0.0986418161990681 5 34 21.0 0.0 0.0986418161990681 0
55 ec.gp.GPIndividual@1519438155{-868787201} 0.0 74660.0 8317.0 0.09318263797042203 5 34 21.0 0.0 0.09318263797042203 0
55 ec.gp.GPIndividual@1773280894{-1589650223} 0.0 97094.0 10054.0 0.5816590411776408 4 13 21.0 0.0 0.5816590411776408 0
55 ec.gp.GPIndividual@1773280894{-1589650223} 0.0 97094.0 8387.0 0.4985095981876714 4 13 21.0 0.0 0.4985095981876714 0
55 ec.gp.GPIndividual@1773280894{-1589650223} 0.0 97094.0 14578.0 0.7114830566607216 4 13 21.0 0.0 0.7114830566607216 0
55 ec.gp.GPIndividual@1773280894{-1589650223} 0.0 97094.0 10861.0 0.6127428413589909 4 13 21.0 0.0 0.6127428413589909 0
55 ec.gp.GPIndividual@1773280894{-1589650223} 0.0 97094.0 8160.0 0.48455882352941176 4 13 21.0 0.0 0.48455882352941176 0
55 ec.gp.GPIndividual@1773280894{-1589650223} 0.0 97094.0 12802.0 0.6714575847523825 4 13 21.0 0.0 0.6714575847523825 0
55 ec.gp.GPIndividual@1773280894{-1589650223} 0.0 97094.0 10087.0 0.5830276593635372 4 13 21.0 0.0 0.5830276593635372 0
55 ec.gp.GPIndividual@1773280894{-1589650223} 0.0 97094.0 8317.0 0.49428880605987735 4 13 21.0 0.0 0.49428880605987735 0
56 ec.gp.GPIndividual@1132136583{412206569} 0.0 92920.0 10054.0 0.45335189974139645 5 30 21.0 0.0 0.45335189974139645 0
56 ec.gp.GPIndividual@1519978763{1549939842} 0.0 88682.0 10054.0 0.3314103839267953 5 32 21.0 0.0 0.3314103839267953 0
56 ec.gp.GPIndividual@1741643301{-320208682} 0.0 56 ec.gp.GPIndividual@1132136583{412206569} 0.0 92920.0 8387.0 0.34470013115535947 92920.0 8387.0 0.45335189974139645 5 30 21.0 0.0 0.34470013115535947 0
5 30 21.0 0.0 0.45335189974139645 0
56 ec.gp.GPIndividual@1132136583{412206569} 0.0 92920.0 14578.0 0.6229935519275621 5 30 21.0 0.0 0.6229935519275621 0
56 ec.gp.GPIndividual@1519978763{1549939842} 0.0 88682.0 8387.0 0.19852152140217003 5 32 21.0 0.0 0.19852152140217003 0
56 ec.gp.GPIndividual@1132136583{412206569} 0.0 92920.0 10861.0 0.4939692477672406 5 30 21.0 0.0 0.4939692477672406 0
56 ec.gp.GPIndividual@1741643301{-320208682} 0.0 92920.0 8387.0 0.34470013115535947 5 30 21.0 0.0 0.34470013115535947 0
56 ec.gp.GPIndividual@1519978763{1549939842} 0.0 88682.0 14578.0 0.538894224173412 5 32 21.0 0.0 0.538894224173412 0
56 ec.gp.GPIndividual@1132136583{412206569} 0.0 92920.0 8160.0 0.3264705882352941 5 30 21.0 0.0 0.3264705882352941 0
56 ec.gp.GPIndividual@1132136583{412206569} 0.0 92920.0 12802.0 0.5706920793625996 5 30 21.0 0.0 56 ec.gp.GPIndividual@1741643301{-320208682} 0.5706920793625996 0
0.0 92920.0 14578.0 0.6229935519275621 5 30 21.0 0.0 0.6229935519275621 0
56 ec.gp.GPIndividual@1519978763{1549939842} 0.0 88682.0 10861.0 0.38108829757849183 5 32 21.0 0.0 0.38108829757849183 0
56 ec.gp.GPIndividual@1132136583{412206569} 0.0 92920.0 10087.0 0.4551402795677605 5 30 21.0 0.0 0.4551402795677605 0
56 ec.gp.GPIndividual@1132136583{412206569} 0.0 92920.0 8317.0 0.33918480221233616 5 30 21.0 0.0 0.33918480221233616 0
56 ec.gp.GPIndividual@1741643301{-320208682} 0.0 92920.0 10054.0 0.4939692477672406 56 ec.gp.GPIndividual@1519978763{1549939842} 5 30 21.0 0.0 0.0 0.4939692477672406 0
56 ec.gp.GPIndividual@233083576{105881006} 56 ec.gp.GPIndividual@1637538753{-1057196858} 0.0 56 ec.gp.GPIndividual@1186752830{1919497481} 0.0 74660.0 10054.0 0.09568331012532326 0.0 88682.0 10054.0 0.17622549019607844 5 28 21.0 0.0 105260.0 10054.0 0.8563755719116769 5 32 21.0 0.0 3 7 21.0 0.0 74660.0 10054.0 0.09568331012532326 0.17622549019607844 0
5 34 21.0 0.0 0.09568331012532326 0
0.8563755719116769 0
0.09568331012532326 0
56 ec.gp.GPIndividual@1741643301{-320208682} 0.0 92920.0 8160.0 0.3264705882352941 56 ec.gp.GPIndividual@1186752830{1919497481} 5 30 21.0 0.0 0.0 0.3264705882352941 0
56 ec.gp.GPIndividual@1519978763{1549939842} 0.0 88682.0 12802.0 0.47492579284486797 105260.0 8160.0 0.8278287826397996 5 32 21.0 0.0 3 7 21.0 0.0 0.47492579284486797 0
0.8278287826397996 0
56 ec.gp.GPIndividual@1186752830{1919497481} 0.0 105260.0 14578.0 0.9009466319110989 3 7 21.0 0.0 0.9009466319110989 0
56 ec.gp.GPIndividual@1186752830{1919497481} 0.0 105260.0 10861.0 0.8670472332197772 3 7 21.0 0.0 0.8670472332197772 0
56 ec.gp.GPIndividual@1186752830{1919497481} 0.0 105260.0 8160.0 0.8230392156862745 3 7 21.0 0.0 0.8230392156862745 0
56 ec.gp.GPIndividual@1186752830{1919497481} 0.0 105260.0 12802.0 0.8872051241993438 3 7 21.0 0.0 0.8872051241993438 0
56 ec.gp.GPIndividual@1741643301{-320208682} 0.0 92920.0 12802.0 0.5706920793625996 5 30 21.0 0.0 0.5706920793625996 0
56 ec.gp.GPIndividual@1186752830{1919497481} 0.0 105260.0 10087.0 0.8568454446317042 56 ec.gp.GPIndividual@1519978763{1549939842} 3 7 21.0 0.0 0.0 0.8568454446317042 0
88682.0 10087.0 0.33359770000991373 5 32 21.0 0.0 0.33359770000991373 0
56 ec.gp.GPIndividual@1186752830{1919497481} 0.0 105260.0 8317.0 0.8263797042202717 3 7 21.0 0.0 0.8263797042202717 0
56 ec.gp.GPIndividual@1741643301{-320208682} 0.0 92920.0 10087.0 0.4551402795677605 5 30 21.0 0.0 0.4551402795677605 0
56 ec.gp.GPIndividual@1519978763{1549939842} 0.0 88682.0 8317.0 0.1917758807262234 5 32 21.0 0.0 0.1917758807262234 0
56 ec.gp.GPIndividual@1741643301{-320208682} 0.0 92920.0 8317.0 0.33918480221233616 5 30 21.0 0.0 0.33918480221233616 0
56 ec.gp.GPIndividual@1637538753{-1057196858} 0.0 74660.0 8387.0 0.08405866221533326 5 34 21.0 0.0 0.08405866221533326 0
56 ec.gp.GPIndividual@233083576{105881006} 0.0 74660.0 8387.0 0.08405866221533326 5 28 21.0 0.0 0.08405866221533326 0
56 ec.gp.GPIndividual@1637538753{-1057196858} 0.0 70800.0 14578.0 0.26629167238304297 5 34 21.0 0.0 0.26629167238304297 0
56 ec.gp.GPIndividual@233083576{105881006} 0.0 70800.0 14578.0 0.26629167238304297 5 28 21.0 0.0 0.26629167238304297 0
56 ec.gp.GPIndividual@1637538753{-1057196858} 0.0 74660.0 10861.0 0.16287634656109015 5 34 21.0 0.0 0.16287634656109015 0
56 ec.gp.GPIndividual@233083576{105881006} 0.0 74660.0 10861.0 0.16287634656109015 5 28 21.0 0.0 0.16287634656109015 0
56 ec.gp.GPIndividual@1637538753{-1057196858} 0.0 74660.0 8160.0 0.1142156862745098 5 34 21.0 0.0 0.1142156862745098 0
56 ec.gp.GPIndividual@233083576{105881006} 0.0 74660.0 8160.0 0.1142156862745098 5 28 21.0 0.0 0.1142156862745098 0
56 ec.gp.GPIndividual@1637538753{-1057196858} 0.0 75160.0 12802.0 0.2507420715513201 5 34 21.0 0.0 0.2507420715513201 0
56 ec.gp.GPIndividual@233083576{105881006} 0.0 75160.0 12802.0 0.2507420715513201 5 28 21.0 0.0 0.2507420715513201 0
56 ec.gp.GPIndividual@1637538753{-1057196858} 0.0 74660.0 10087.0 0.0986418161990681 5 34 21.0 0.0 0.0986418161990681 0
56 ec.gp.GPIndividual@233083576{105881006} 0.0 74660.0 10087.0 0.0986418161990681 5 28 21.0 0.0 0.0986418161990681 0
56 ec.gp.GPIndividual@1637538753{-1057196858} 0.0 74660.0 8317.0 0.09318263797042203 5 34 21.0 0.0 0.09318263797042203 0
56 ec.gp.GPIndividual@233083576{105881006} 0.0 74660.0 8317.0 0.09318263797042203 5 28 21.0 0.0 0.09318263797042203 0
56 ec.gp.GPIndividual@1157769977{-1164212581} 0.0 87458.0 10054.0 0.4531529739407201 5 34 21.0 0.0 0.4531529739407201 0
56 ec.gp.GPIndividual@1157769977{-1164212581} 0.0 87458.0 8387.0 0.34446166686538693 5 34 21.0 0.0 0.34446166686538693 0
56 ec.gp.GPIndividual@928485022{2024105213} 0.0 88682.0 10054.0 0.3314103839267953 5 34 21.0 0.0 0.3314103839267953 0
56 ec.gp.GPIndividual@1157769977{-1164212581} 0.0 87509.0 14578.0 0.6193579366168198 5 34 21.0 0.0 0.6193579366168198 0
56 ec.gp.GPIndividual@1157769977{-1164212581} 0.0 87458.0 10861.0 0.4937851026608968 5 34 21.0 0.0 0.4937851026608968 0
56 ec.gp.GPIndividual@1157769977{-1164212581} 0.0 87458.0 8160.0 0.32622549019607844 5 34 21.0 0.0 0.32622549019607844 0
56 ec.gp.GPIndividual@928485022{2024105213} 0.0 88682.0 8387.0 0.19852152140217003 5 34 21.0 0.0 0.19852152140217003 0
56 ec.gp.GPIndividual@1157769977{-1164212581} 0.0 87458.0 12802.0 0.570535853772848 5 34 21.0 0.0 0.570535853772848 0
56 ec.gp.GPIndividual@1157769977{-1164212581} 0.0 87458.0 10087.0 0.4549420045603252 5 34 21.0 0.0 0.4549420045603252 0
56 ec.gp.GPIndividual@1157769977{-1164212581} 0.0 87458.0 8317.0 0.33894433088854153 5 34 21.0 0.0 0.33894433088854153 0
56 ec.gp.GPIndividual@928485022{2024105213} 0.0 88682.0 14578.0 0.538894224173412 5 34 21.0 0.0 0.538894224173412 0
56 ec.gp.GPIndividual@928485022{2024105213} 0.0 88682.0 10861.0 0.38108829757849183 5 34 21.0 0.0 0.38108829757849183 0
56 ec.gp.GPIndividual@928485022{2024105213} 0.0 88682.0 8160.0 0.17622549019607844 5 34 21.0 0.0 0.17622549019607844 0
56 ec.gp.GPIndividual@928485022{2024105213} 0.0 88682.0 12802.0 0.47492579284486797 5 34 21.0 0.0 0.47492579284486797 0
56 ec.gp.GPIndividual@928485022{2024105213} 0.0 88682.0 10087.0 0.33359770000991373 5 34 21.0 0.0 0.33359770000991373 0
56 ec.gp.GPIndividual@928485022{2024105213} 0.0 88682.0 8317.0 0.1917758807262234 5 34 21.0 0.0 0.1917758807262234 0
56 ec.gp.GPIndividual@496343402{-1424003989} 0.0 77757.0 10054.0 0.3311119952257808 5 32 21.0 0.0 0.3311119952257808 0
56 ec.gp.GPIndividual@496343402{-1424003989} 0.0 77757.0 8387.0 0.19816382496721116 5 32 21.0 0.0 0.19816382496721116 0
56 ec.gp.GPIndividual@496343402{-1424003989} 0.0 77842.0 14578.0 0.532857730827274 5 32 21.0 0.0 0.532857730827274 0
56 ec.gp.GPIndividual@496343402{-1424003989} 0.0 77757.0 10861.0 0.38081207991897614 5 32 21.0 0.0 0.38081207991897614 0
56 ec.gp.GPIndividual@496343402{-1424003989} 0.0 77757.0 8160.0 0.17585784313725492 5 32 21.0 0.0 0.17585784313725492 0
56 ec.gp.GPIndividual@496343402{-1424003989} 0.0 77791.0 12802.0 0.47203561943446337 5 32 21.0 0.0 0.47203561943446337 0
56 ec.gp.GPIndividual@496343402{-1424003989} 0.0 77757.0 10087.0 0.3333002874987608 5 32 21.0 0.0 0.3333002874987608 0
56 ec.gp.GPIndividual@496343402{-1424003989} 0.0 77757.0 8317.0 0.19141517374053144 5 32 21.0 0.0 0.19141517374053144 0
57 ec.gp.GPIndividual@372006495{1393600294} 0.0 92920.0 10054.0 0.45335189974139645 5 30 21.0 0.0 0.45335189974139645 0
57 ec.gp.GPIndividual@428990136{1321614735} 0.0 92920.0 10054.0 0.45335189974139645 5 30 21.0 0.0 0.45335189974139645 0
57 ec.gp.GPIndividual@372006495{1393600294} 0.0 92920.0 8387.0 0.34470013115535947 5 30 21.0 0.0 0.34470013115535947 0
57 ec.gp.GPIndividual@428990136{1321614735} 0.0 92920.0 8387.0 0.34470013115535947 5 30 21.0 0.0 0.34470013115535947 0
57 ec.gp.GPIndividual@372006495{1393600294} 0.0 92920.0 14578.0 0.6229935519275621 5 30 21.0 0.0 0.6229935519275621 0
57 ec.gp.GPIndividual@428990136{1321614735} 0.0 92920.0 14578.0 0.6229935519275621 5 30 21.0 0.0 0.6229935519275621 0
57 ec.gp.GPIndividual@372006495{1393600294} 0.0 92920.0 10861.0 0.4939692477672406 5 30 21.0 0.0 0.4939692477672406 0
57 ec.gp.GPIndividual@428990136{1321614735} 0.0 92920.0 10861.0 0.4939692477672406 5 30 21.0 0.0 0.4939692477672406 0
57 ec.gp.GPIndividual@1328040862{-203478862} 0.0 57 ec.gp.GPIndividual@984459287{-1008207153} 74660.0 10054.0 0.09568331012532326 0.0 5 36 21.0 0.0 74660.0 10054.0 0.09568331012532326 0.09568331012532326 0
57 ec.gp.GPIndividual@1957692392{1075939742} 0.0 57 ec.gp.GPIndividual@372006495{1393600294} 75160.0 10054.0 0.045951859956236324 5 32 21.0 0.0 0.0 0.045951859956236324 0
5 34 21.0 0.0 0.09568331012532326 0
57 ec.gp.GPIndividual@428990136{1321614735} 0.0 92920.0 8160.0 0.3264705882352941 92920.0 10054.0 0.3264705882352941 5 30 21.0 0.0 5 30 21.0 0.0 0.3264705882352941 0
0.3264705882352941 0
57 ec.gp.GPIndividual@428990136{1321614735} 0.0 92920.0 12802.0 0.5706920793625996 5 30 21.0 0.0 0.5706920793625996 0
57 ec.gp.GPIndividual@372006495{1393600294} 0.0 92920.0 12802.0 0.5706920793625996 5 30 21.0 0.0 0.5706920793625996 0
57 ec.gp.GPIndividual@428990136{1321614735} 0.0 92920.0 10087.0 0.4551402795677605 5 30 21.0 0.0 0.4551402795677605 0
57 ec.gp.GPIndividual@372006495{1393600294} 0.0 92920.0 10087.0 0.4551402795677605 5 30 21.0 0.0 0.4551402795677605 0
57 ec.gp.GPIndividual@428990136{1321614735} 0.0 92920.0 8317.0 0.33918480221233616 5 30 21.0 0.0 0.33918480221233616 0
57 ec.gp.GPIndividual@372006495{1393600294} 0.0 92920.0 8317.0 0.33918480221233616 5 30 21.0 0.0 0.33918480221233616 0
57 ec.gp.GPIndividual@1328040862{-203478862} 0.0 74660.0 8387.0 0.08405866221533326 5 36 21.0 0.0 0.08405866221533326 0
57 ec.gp.GPIndividual@1957692392{1075939742} 0.0 75160.0 8387.0 0.14367473470847741 5 32 21.0 0.0 0.14367473470847741 0
57 ec.gp.GPIndividual@984459287{-1008207153} 0.0 74660.0 8387.0 0.08405866221533326 5 34 21.0 0.0 0.08405866221533326 0
57 ec.gp.GPIndividual@1957692392{1075939742} 0.0 79222.0 14578.0 0.43819453971738237 5 32 21.0 0.0 0.43819453971738237 0
57 ec.gp.GPIndividual@1328040862{-203478862} 0.0 70800.0 14578.0 0.26629167238304297 5 36 21.0 0.0 0.26629167238304297 0
57 ec.gp.GPIndividual@984459287{-1008207153} 0.0 70800.0 14578.0 0.26629167238304297 5 34 21.0 0.0 0.26629167238304297 0
57 ec.gp.GPIndividual@1957692392{1075939742} 0.0 75160.0 10861.0 0.1168400699751404 5 32 21.0 0.0 0.1168400699751404 0
57 ec.gp.GPIndividual@1957692392{1075939742} 0.0 78900.0 8160.0 0.035784313725490194 5 32 21.0 0.0 0.035784313725490194 0
57 ec.gp.GPIndividual@1328040862{-203478862} 0.0 74660.0 10861.0 0.16287634656109015 5 36 21.0 0.0 0.16287634656109015 0
57 ec.gp.GPIndividual@984459287{-1008207153} 0.0 74660.0 10861.0 0.16287634656109015 5 34 21.0 0.0 0.16287634656109015 0
57 ec.gp.GPIndividual@1957692392{1075939742} 0.0 79400.0 12802.0 0.34635213247930013 5 32 21.0 0.0 0.34635213247930013 0
57 ec.gp.GPIndividual@1328040862{-203478862} 0.0 74660.0 8160.0 0.1142156862745098 5 36 21.0 0.0 0.1142156862745098 0
57 ec.gp.GPIndividual@984459287{-1008207153} 0.0 74660.0 8160.0 0.1142156862745098 5 34 21.0 0.0 0.1142156862745098 0
57 ec.gp.GPIndividual@1957692392{1075939742} 0.0 75160.0 10087.0 0.04907306434023991 5 32 21.0 0.0 0.04907306434023991 0
57 ec.gp.GPIndividual@1328040862{-203478862} 0.0 75160.0 12802.0 0.2507420715513201 5 36 21.0 0.0 0.2507420715513201 0
57 ec.gp.GPIndividual@984459287{-1008207153} 0.0 75160.0 12802.0 0.2507420715513201 5 34 21.0 0.0 0.2507420715513201 0
57 ec.gp.GPIndividual@1957692392{1075939742} 0.0 78900.0 8317.0 0.05398581219189612 5 32 21.0 0.0 0.05398581219189612 0
57 ec.gp.GPIndividual@1328040862{-203478862} 0.0 74660.0 10087.0 0.0986418161990681 5 36 21.0 0.0 0.0986418161990681 0
57 ec.gp.GPIndividual@984459287{-1008207153} 0.0 74660.0 10087.0 0.0986418161990681 5 34 21.0 0.0 0.0986418161990681 0
57 ec.gp.GPIndividual@1328040862{-203478862} 0.0 74660.0 8317.0 0.09318263797042203 5 36 21.0 0.0 0.09318263797042203 0
57 ec.gp.GPIndividual@984459287{-1008207153} 0.0 74660.0 8317.0 0.09318263797042203 5 34 21.0 0.0 0.09318263797042203 0
57 ec.gp.GPIndividual@870741255{105881006} 0.0 74660.0 10054.0 0.09568331012532326 5 28 21.0 0.0 0.09568331012532326 0
57 ec.gp.GPIndividual@1722541208{423977095} 0.0 74660.0 10054.0 0.09568331012532326 5 34 21.0 0.0 0.09568331012532326 0
57 ec.gp.GPIndividual@870741255{105881006} 0.0 74660.0 8387.0 0.08405866221533326 5 28 21.0 0.0 0.08405866221533326 0
57 ec.gp.GPIndividual@1722541208{423977095} 0.0 74660.0 8387.0 0.08405866221533326 5 34 21.0 0.0 0.08405866221533326 0
57 ec.gp.GPIndividual@870741255{105881006} 0.0 70800.0 14578.0 0.26629167238304297 5 28 21.0 0.0 0.26629167238304297 0
57 ec.gp.GPIndividual@1722541208{423977095} 0.0 70800.0 14578.0 0.26629167238304297 5 34 21.0 0.0 0.26629167238304297 0
57 ec.gp.GPIndividual@1722541208{423977095} 0.0 74660.0 10861.0 0.16287634656109015 57 ec.gp.GPIndividual@870741255{105881006} 5 34 21.0 0.0 0.0 0.16287634656109015 0
74660.0 10861.0 0.16287634656109015 5 28 21.0 0.0 0.16287634656109015 0
57 ec.gp.GPIndividual@1722541208{423977095} 0.0 74660.0 8160.0 0.1142156862745098 5 34 21.0 0.0 0.1142156862745098 0
57 ec.gp.GPIndividual@870741255{105881006} 0.0 74660.0 8160.0 0.1142156862745098 5 28 21.0 0.0 0.1142156862745098 0
57 ec.gp.GPIndividual@1722541208{423977095} 0.0 75160.0 12802.0 0.2507420715513201 5 34 21.0 0.0 0.2507420715513201 0
57 ec.gp.GPIndividual@870741255{105881006} 0.0 75160.0 12802.0 0.2507420715513201 5 28 21.0 0.0 0.2507420715513201 0
57 ec.gp.GPIndividual@1722541208{423977095} 0.0 74660.0 10087.0 0.0986418161990681 5 34 21.0 0.0 0.0986418161990681 0
57 ec.gp.GPIndividual@870741255{105881006} 0.0 74660.0 10087.0 0.0986418161990681 5 28 21.0 0.0 0.0986418161990681 0
57 ec.gp.GPIndividual@1722541208{423977095} 0.0 74660.0 8317.0 0.09318263797042203 5 34 21.0 0.0 0.09318263797042203 0
57 ec.gp.GPIndividual@870741255{105881006} 0.0 74660.0 8317.0 0.09318263797042203 5 28 21.0 0.0 0.09318263797042203 0
57 ec.gp.GPIndividual@529749981{-1005139070} 0.0 74660.0 10054.0 0.09568331012532326 5 22 21.0 0.0 0.09568331012532326 0
57 ec.gp.GPIndividual@529749981{-1005139070} 0.0 74660.0 8387.0 0.08405866221533326 5 22 21.0 0.0 0.08405866221533326 0
57 ec.gp.GPIndividual@529749981{-1005139070} 0.0 70800.0 14578.0 0.26629167238304297 5 22 21.0 0.0 0.26629167238304297 0
57 ec.gp.GPIndividual@529749981{-1005139070} 0.0 74660.0 10861.0 0.16287634656109015 5 22 21.0 0.0 0.16287634656109015 0
57 ec.gp.GPIndividual@529749981{-1005139070} 0.0 74660.0 8160.0 0.1142156862745098 5 22 21.0 0.0 0.1142156862745098 0
57 ec.gp.GPIndividual@529749981{-1005139070} 0.0 75160.0 12802.0 0.2507420715513201 5 22 21.0 0.0 0.2507420715513201 0
57 ec.gp.GPIndividual@529749981{-1005139070} 0.0 74660.0 10087.0 0.0986418161990681 5 22 21.0 0.0 0.0986418161990681 0
57 ec.gp.GPIndividual@529749981{-1005139070} 0.0 74660.0 8317.0 0.09318263797042203 5 22 21.0 0.0 0.09318263797042203 0
58 ec.gp.GPIndividual@2018169618{1913166673} 0.0 92920.0 10054.0 0.45335189974139645 5 20 21.0 0.0 0.45335189974139645 0
58 ec.gp.GPIndividual@1779258361{2102745355} 0.0 88682.0 10054.0 0.3314103839267953 5 30 21.0 0.0 0.3314103839267953 0
58 ec.gp.GPIndividual@2018169618{1913166673} 0.0 92920.0 8387.0 0.34470013115535947 5 20 21.0 0.0 0.34470013115535947 0
58 ec.gp.GPIndividual@2018169618{1913166673} 0.0 92920.0 14578.0 0.6229935519275621 5 20 21.0 0.0 0.6229935519275621 0
58 ec.gp.GPIndividual@1779258361{2102745355} 0.0 88682.0 8387.0 0.19852152140217003 5 30 21.0 0.0 0.19852152140217003 0
58 ec.gp.GPIndividual@2018169618{1913166673} 0.0 92920.0 10861.0 0.4939692477672406 5 20 21.0 0.0 0.4939692477672406 0
58 ec.gp.GPIndividual@1779258361{2102745355} 58 ec.gp.GPIndividual@2018169618{1913166673} 0.0 0.0 88682.0 8160.0 0.538894224173412 92920.0 8160.0 0.3264705882352941 5 30 21.0 0.0 5 20 21.0 0.0 0.538894224173412 0
0.3264705882352941 0
58 ec.gp.GPIndividual@456915251{-1129856170} 0.0 74660.0 10054.0 0.09568331012532326 5 34 21.0 0.0 0.09568331012532326 0
58 ec.gp.GPIndividual@2018169618{1913166673} 0.0 58 ec.gp.GPIndividual@1779258361{2102745355} 0.0 92920.0 10861.0 0.5706920793625996 88682.0 10861.0 0.38108829757849183 5 20 21.0 0.0 5 30 21.0 0.0 0.5706920793625996 0
0.38108829757849183 0
58 ec.gp.GPIndividual@778197656{-1008207153} 58 ec.gp.GPIndividual@223396981{-1345624661} 0.0 0.0 74660.0 10054.0 0.09568331012532326 74660.0 10054.0 0.09568331012532326 5 34 21.0 0.0 5 28 21.0 0.0 0.09568331012532326 0
58 ec.gp.GPIndividual@2018169618{1913166673} 0.0 92920.0 10087.0 0.4551402795677605 0.09568331012532326 0
5 20 21.0 0.0 0.4551402795677605 0
58 ec.gp.GPIndividual@1779258361{2102745355} 0.0 88682.0 8160.0 0.17622549019607844 5 30 21.0 0.0 0.17622549019607844 0
58 ec.gp.GPIndividual@2018169618{1913166673} 0.0 92920.0 8317.0 0.33918480221233616 5 20 21.0 0.0 0.33918480221233616 0
58 ec.gp.GPIndividual@1779258361{2102745355} 0.0 88682.0 12802.0 0.47492579284486797 5 30 21.0 0.0 0.47492579284486797 0
58 ec.gp.GPIndividual@1779258361{2102745355} 0.0 88682.0 10087.0 0.33359770000991373 5 30 21.0 0.0 0.33359770000991373 0
58 ec.gp.GPIndividual@456915251{-1129856170} 0.0 74660.0 8387.0 0.08405866221533326 5 34 21.0 0.0 0.08405866221533326 0
58 ec.gp.GPIndividual@1779258361{2102745355} 0.0 88682.0 8317.0 0.1917758807262234 5 30 21.0 0.0 0.1917758807262234 0
58 ec.gp.GPIndividual@778197656{-1008207153} 0.0 74660.0 8387.0 0.08405866221533326 5 34 21.0 0.0 0.08405866221533326 0
58 ec.gp.GPIndividual@223396981{-1345624661} 0.0 74660.0 8387.0 0.08405866221533326 5 28 21.0 0.0 0.08405866221533326 0
58 ec.gp.GPIndividual@456915251{-1129856170} 0.0 70800.0 14578.0 0.26629167238304297 5 34 21.0 0.0 0.26629167238304297 0
58 ec.gp.GPIndividual@778197656{-1008207153} 0.0 70800.0 14578.0 0.26629167238304297 5 34 21.0 0.0 0.26629167238304297 0
58 ec.gp.GPIndividual@223396981{-1345624661} 0.0 70800.0 14578.0 0.26629167238304297 5 28 21.0 0.0 0.26629167238304297 0
58 ec.gp.GPIndividual@1898529039{-1546635713} 0.0 15080.0 10054.0 0.4999005370996618 5 34 21.0 0.0 0.4999005370996618 0
58 ec.gp.GPIndividual@456915251{-1129856170} 0.0 74660.0 10861.0 0.16287634656109015 5 34 21.0 0.0 0.16287634656109015 0
58 ec.gp.GPIndividual@778197656{-1008207153} 0.0 74660.0 10861.0 0.16287634656109015 5 34 21.0 0.0 0.16287634656109015 0
58 ec.gp.GPIndividual@223396981{-1345624661} 0.0 74660.0 10861.0 0.16287634656109015 5 28 21.0 0.0 0.16287634656109015 0
58 ec.gp.GPIndividual@456915251{-1129856170} 0.0 74660.0 8160.0 0.1142156862745098 5 34 21.0 0.0 0.1142156862745098 0
58 ec.gp.GPIndividual@778197656{-1008207153} 0.0 74660.0 8160.0 0.1142156862745098 5 34 21.0 0.0 0.1142156862745098 0
58 ec.gp.GPIndividual@223396981{-1345624661} 0.0 74660.0 8160.0 0.1142156862745098 5 28 21.0 0.0 0.1142156862745098 0
58 ec.gp.GPIndividual@456915251{-1129856170} 0.0 75160.0 12802.0 0.2507420715513201 5 34 21.0 0.0 0.2507420715513201 0
58 ec.gp.GPIndividual@1898529039{-1546635713} 0.0 15087.0 8387.0 0.7988553714081317 5 34 21.0 0.0 0.7988553714081317 0
58 ec.gp.GPIndividual@778197656{-1008207153} 0.0 75160.0 12802.0 0.2507420715513201 5 34 21.0 0.0 0.2507420715513201 0
58 ec.gp.GPIndividual@223396981{-1345624661} 0.0 75160.0 12802.0 0.2507420715513201 5 28 21.0 0.0 0.2507420715513201 0
58 ec.gp.GPIndividual@456915251{-1129856170} 0.0 74660.0 10087.0 0.0986418161990681 5 34 21.0 0.0 0.0986418161990681 0
58 ec.gp.GPIndividual@778197656{-1008207153} 0.0 74660.0 10087.0 0.0986418161990681 5 34 21.0 0.0 0.0986418161990681 0
58 ec.gp.GPIndividual@223396981{-1345624661} 0.0 74660.0 10087.0 0.0986418161990681 5 28 21.0 0.0 0.0986418161990681 0
58 ec.gp.GPIndividual@456915251{-1129856170} 0.0 74660.0 8317.0 0.09318263797042203 5 34 21.0 0.0 0.09318263797042203 0
58 ec.gp.GPIndividual@778197656{-1008207153} 0.0 74660.0 8317.0 0.09318263797042203 5 34 21.0 0.0 0.09318263797042203 0
58 ec.gp.GPIndividual@223396981{-1345624661} 0.0 74660.0 8317.0 0.09318263797042203 5 28 21.0 0.0 0.09318263797042203 0
58 ec.gp.GPIndividual@1701456619{1122156627} 0.0 74660.0 10054.0 0.09568331012532326 5 34 21.0 0.0 0.09568331012532326 0
58 ec.gp.GPIndividual@1898529039{-1546635713} 0.0 17009.0 14578.0 0.1667581286870627 5 34 21.0 0.0 0.1667581286870627 0
58 ec.gp.GPIndividual@633995956{1929486954} 0.0 74660.0 10054.0 0.09568331012532326 5 32 21.0 0.0 0.09568331012532326 0
58 ec.gp.GPIndividual@1701456619{1122156627} 0.0 74660.0 8387.0 0.08405866221533326 5 34 21.0 0.0 0.08405866221533326 0
58 ec.gp.GPIndividual@633995956{1929486954} 0.0 74660.0 8387.0 0.08405866221533326 5 32 21.0 0.0 0.08405866221533326 0
58 ec.gp.GPIndividual@1898529039{-1546635713} 0.0 14925.0 10861.0 0.37418285609059937 5 34 21.0 0.0 0.37418285609059937 0
58 ec.gp.GPIndividual@1701456619{1122156627} 0.0 70800.0 14578.0 0.26629167238304297 5 34 21.0 0.0 0.26629167238304297 0
58 ec.gp.GPIndividual@633995956{1929486954} 0.0 70800.0 14578.0 0.26629167238304297 5 32 21.0 0.0 0.26629167238304297 0
58 ec.gp.GPIndividual@1701456619{1122156627} 0.0 74660.0 10861.0 0.16287634656109015 5 34 21.0 0.0 0.16287634656109015 0
58 ec.gp.GPIndividual@633995956{1929486954} 0.0 74660.0 10861.0 0.16287634656109015 5 32 21.0 0.0 0.16287634656109015 0
58 ec.gp.GPIndividual@1701456619{1122156627} 0.0 74660.0 8160.0 0.1142156862745098 5 34 21.0 0.0 0.1142156862745098 0
58 ec.gp.GPIndividual@633995956{1929486954} 0.0 74660.0 8160.0 0.1142156862745098 5 32 21.0 0.0 0.1142156862745098 0
58 ec.gp.GPIndividual@1898529039{-1546635713} 0.0 15122.0 8160.0 0.8531862745098039 5 34 21.0 0.0 0.8531862745098039 0
58 ec.gp.GPIndividual@1701456619{1122156627} 0.0 75160.0 12802.0 0.2507420715513201 5 34 21.0 0.0 0.2507420715513201 0
58 ec.gp.GPIndividual@633995956{1929486954} 0.0 75160.0 12802.0 0.2507420715513201 5 32 21.0 0.0 0.2507420715513201 0
58 ec.gp.GPIndividual@1701456619{1122156627} 0.0 74660.0 10087.0 0.0986418161990681 5 34 21.0 0.0 0.0986418161990681 0
58 ec.gp.GPIndividual@633995956{1929486954} 0.0 74660.0 10087.0 0.0986418161990681 5 32 21.0 0.0 0.0986418161990681 0
58 ec.gp.GPIndividual@1701456619{1122156627} 0.0 74660.0 8317.0 0.09318263797042203 5 34 21.0 0.0 0.09318263797042203 0
58 ec.gp.GPIndividual@1898529039{-1546635713} 0.0 14575.0 12802.0 0.13849398531479457 5 34 21.0 0.0 0.13849398531479457 0
58 ec.gp.GPIndividual@633995956{1929486954} 0.0 74660.0 8317.0 0.09318263797042203 5 32 21.0 0.0 0.09318263797042203 0
58 ec.gp.GPIndividual@1898529039{-1546635713} 0.0 14925.0 10087.0 0.4796272429860216 5 34 21.0 0.0 0.4796272429860216 0
58 ec.gp.GPIndividual@1898529039{-1546635713} 1.0 15122.0 8317.0 0.818203679211254 5 34 21.0 0.0 0.818203679211254 0
58 ec.gp.GPIndividual@1425617805{-2020069811} 0.0 92920.0 10054.0 0.45335189974139645 5 28 21.0 0.0 0.45335189974139645 0
58 ec.gp.GPIndividual@1425617805{-2020069811} 0.0 92920.0 8387.0 0.34470013115535947 5 28 21.0 0.0 0.34470013115535947 0
58 ec.gp.GPIndividual@1425617805{-2020069811} 0.0 92920.0 14578.0 0.6229935519275621 5 28 21.0 0.0 0.6229935519275621 0
58 ec.gp.GPIndividual@1425617805{-2020069811} 0.0 92920.0 10861.0 0.4939692477672406 5 28 21.0 0.0 0.4939692477672406 0
58 ec.gp.GPIndividual@1425617805{-2020069811} 0.0 92920.0 8160.0 0.3264705882352941 5 28 21.0 0.0 0.3264705882352941 0
58 ec.gp.GPIndividual@1425617805{-2020069811} 0.0 92920.0 12802.0 0.5706920793625996 5 28 21.0 0.0 0.5706920793625996 0
58 ec.gp.GPIndividual@1425617805{-2020069811} 0.0 92920.0 10087.0 0.4551402795677605 5 28 21.0 0.0 0.4551402795677605 0
58 ec.gp.GPIndividual@1425617805{-2020069811} 0.0 92920.0 8317.0 0.33918480221233616 5 28 21.0 0.0 0.33918480221233616 0
59 ec.gp.GPIndividual@2026466837{829071312} 0.0 92920.0 10054.0 0.45335189974139645 5 26 21.0 0.0 0.45335189974139645 0
59 ec.gp.GPIndividual@1976554030{1823431863} 0.0 87458.0 10054.0 0.4531529739407201 5 32 21.0 0.0 0.4531529739407201 0
59 ec.gp.GPIndividual@114287906{-943624} 59 ec.gp.GPIndividual@2026466837{829071312} 0.0 0.0 92920.0 8387.0 0.34470013115535947 5 26 21.0 0.0 0.34470013115535947 0
59 ec.gp.GPIndividual@1976554030{1823431863} 0.0 87458.0 8387.0 0.34446166686538693 5 32 21.0 0.0 0.34446166686538693 0
88682.0 8387.0 0.3314103839267953 5 34 21.0 0.0 0.3314103839267953 0
59 ec.gp.GPIndividual@2026466837{829071312} 0.0 92920.0 14578.0 0.6229935519275621 5 26 21.0 0.0 59 ec.gp.GPIndividual@1976554030{1823431863} 0.0 0.6229935519275621 0
87509.0 14578.0 0.6193579366168198 5 32 21.0 0.0 0.6193579366168198 0
59 ec.gp.GPIndividual@114287906{-943624} 0.0 88682.0 8387.0 0.19852152140217003 5 34 21.0 0.0 0.19852152140217003 0
59 ec.gp.GPIndividual@2026466837{829071312} 0.0 59 ec.gp.GPIndividual@1976554030{1823431863} 0.0 92920.0 10861.0 0.4939692477672406 87458.0 10861.0 0.4937851026608968 5 26 21.0 0.0 5 32 21.0 0.0 0.4939692477672406 0
0.4937851026608968 0
59 ec.gp.GPIndividual@2026466837{829071312} 0.0 92920.0 8160.0 0.3264705882352941 5 26 21.0 0.0 0.3264705882352941 0
59 ec.gp.GPIndividual@114287906{-943624} 59 ec.gp.GPIndividual@1976554030{1823431863} 0.0 0.0 88682.0 8160.0 0.538894224173412 87458.0 8160.0 0.32622549019607844 5 34 21.0 0.0 5 32 21.0 0.0 0.538894224173412 0
59 ec.gp.GPIndividual@1525295320{-572084214} 0.32622549019607844 0
59 ec.gp.GPIndividual@550719979{-1725430235} 0.0 74382.0 10054.0 0.12333399641933558 0.0 5 32 21.0 0.0 0.12333399641933558 0
59 ec.gp.GPIndividual@2026466837{829071312} 0.0 74382.0 10054.0 0.12333399641933558 92920.0 10054.0 0.5706920793625996 5 36 21.0 0.0 5 26 21.0 0.0 0.12333399641933558 0
59 ec.gp.GPIndividual@114287906{-943624} 0.0 0.5706920793625996 0
59 ec.gp.GPIndividual@1976554030{1823431863} 0.0 87458.0 10861.0 0.570535853772848 5 32 21.0 0.0 88682.0 10861.0 0.38108829757849183 0.570535853772848 0
5 34 21.0 0.0 0.38108829757849183 0
59 ec.gp.GPIndividual@2026466837{829071312} 0.0 92920.0 10087.0 0.4551402795677605 5 26 21.0 0.0 0.4551402795677605 0
59 ec.gp.GPIndividual@1976554030{1823431863} 0.0 87458.0 10087.0 0.4549420045603252 5 32 21.0 0.0 0.4549420045603252 0
59 ec.gp.GPIndividual@2026466837{829071312} 0.0 92920.0 8317.0 0.33918480221233616 5 26 21.0 0.0 0.33918480221233616 0
59 ec.gp.GPIndividual@114287906{-943624} 0.0 88682.0 8160.0 0.17622549019607844 5 34 21.0 0.0 0.17622549019607844 0
59 ec.gp.GPIndividual@1976554030{1823431863} 0.0 87458.0 8317.0 0.33894433088854153 5 32 21.0 0.0 0.33894433088854153 0
59 ec.gp.GPIndividual@114287906{-943624} 0.0 88682.0 12802.0 0.47492579284486797 5 34 21.0 0.0 0.47492579284486797 0
59 ec.gp.GPIndividual@114287906{-943624} 0.0 88682.0 10087.0 0.33359770000991373 5 34 21.0 0.0 0.33359770000991373 0
59 ec.gp.GPIndividual@114287906{-943624} 0.0 88682.0 8317.0 0.1917758807262234 5 34 21.0 0.0 0.1917758807262234 0
59 ec.gp.GPIndividual@790091281{53658418} 0.0 82693.0 10054.0 0.38362840660433656 5 34 21.0 0.0 0.38362840660433656 0
59 ec.gp.GPIndividual@790091281{53658418} 0.0 82693.0 8387.0 0.2611183975199714 5 34 21.0 0.0 0.2611183975199714 0
59 ec.gp.GPIndividual@550719979{-1725430235} 0.0 70142.0 8387.0 0.196852271372362 5 32 21.0 0.0 0.196852271372362 0
59 ec.gp.GPIndividual@1525295320{-572084214} 4.0 70142.0 8387.0 0.196852271372362 5 36 21.0 0.0 0.196852271372362 0
59 ec.gp.GPIndividual@790091281{53658418} 3.0 83480.0 14578.0 0.520921937165592 5 34 21.0 0.0 0.520921937165592 0
59 ec.gp.GPIndividual@790091281{53658418} 0.0 82693.0 10861.0 0.42942638799373906 5 34 21.0 0.0 0.42942638799373906 0
59 ec.gp.GPIndividual@790091281{53658418} 0.0 82693.0 8160.0 0.24056372549019608 5 34 21.0 0.0 0.24056372549019608 0
59 ec.gp.GPIndividual@790091281{53658418} 0.0 82940.0 12802.0 0.4966411498203406 5 34 21.0 0.0 0.4966411498203406 0
59 ec.gp.GPIndividual@1525295320{-572084214} 0.0 74224.0 14578.0 0.4062285635889697 5 36 21.0 0.0 59 ec.gp.GPIndividual@790091281{53658418} 0.4062285635889697 0
59 ec.gp.GPIndividual@550719979{-1725430235} 0.0 0.0 74224.0 14578.0 0.4062285635889697 82693.0 14578.0 0.38564488946168335 5 32 21.0 0.0 5 34 21.0 0.0 0.4062285635889697 0
0.38564488946168335 0
59 ec.gp.GPIndividual@790091281{53658418} 0.0 82693.0 8317.0 0.25489960322231575 5 34 21.0 0.0 0.25489960322231575 0
59 ec.gp.GPIndividual@1660695047{-1210857662} 4.0 61574.0 10054.0 0.23314103839267952 5 38 21.0 0.0 0.23314103839267952 0
59 ec.gp.GPIndividual@1525295320{-572084214} 0.0 74382.0 10861.0 0.18847251634287818 5 36 21.0 0.0 0.18847251634287818 0
59 ec.gp.GPIndividual@550719979{-1725430235} 0.0 74382.0 10861.0 0.18847251634287818 5 32 21.0 0.0 0.18847251634287818 0
59 ec.gp.GPIndividual@1525295320{-572084214} 0.0 70142.0 8160.0 0.2301470588235294 5 36 21.0 0.0 0.2301470588235294 0
59 ec.gp.GPIndividual@550719979{-1725430235} 0.0 70142.0 8160.0 0.2301470588235294 5 32 21.0 0.0 0.2301470588235294 0
59 ec.gp.GPIndividual@1525295320{-572084214} 0.0 74382.0 12802.0 0.311513825964693 5 36 21.0 0.0 0.311513825964693 0
59 ec.gp.GPIndividual@550719979{-1725430235} 0.0 74382.0 12802.0 0.311513825964693 5 32 21.0 0.0 0.311513825964693 0
59 ec.gp.GPIndividual@1660695047{-1210857662} 1.0 61574.0 8387.0 0.4782401335400024 5 38 21.0 0.0 0.4782401335400024 0
59 ec.gp.GPIndividual@1525295320{-572084214} 0.0 74382.0 10087.0 0.12620204223257658 5 36 21.0 0.0 0.12620204223257658 0
59 ec.gp.GPIndividual@550719979{-1725430235} 0.0 74382.0 10087.0 0.12620204223257658 5 32 21.0 0.0 0.12620204223257658 0
59 ec.gp.GPIndividual@1525295320{-572084214} 0.0 74382.0 8317.0 0.059757123962967416 5 36 21.0 0.0 0.059757123962967416 0
59 ec.gp.GPIndividual@1675401273{-1530088278} 0.0 104262.0 10054.0 0.9556395464491745 1 1 21.0 0.0 0.9556395464491745 0
59 ec.gp.GPIndividual@1675401273{-1530088278} 0.0 104262.0 8387.0 0.9468224633361154 1 1 21.0 0.0 0.9468224633361154 0
59 ec.gp.GPIndividual@1675401273{-1530088278} 0.0 104262.0 14578.0 0.9694059541775277 1 1 21.0 0.0 0.9694059541775277 0
59 ec.gp.GPIndividual@550719979{-1725430235} 0.0 74382.0 8317.0 0.059757123962967416 5 32 21.0 0.0 59 ec.gp.GPIndividual@1675401273{-1530088278} 0.0 0.059757123962967416 0
104262.0 10861.0 0.9589356412853328 1 1 21.0 0.0 0.9589356412853328 0
59 ec.gp.GPIndividual@1675401273{-1530088278} 0.0 104262.0 8160.0 0.9453431372549019 1 1 21.0 0.0 0.9453431372549019 0
59 ec.gp.GPIndividual@1675401273{-1530088278} 0.0 104262.0 12802.0 0.9651616934853929 1 1 21.0 0.0 0.9651616934853929 0
59 ec.gp.GPIndividual@1675401273{-1530088278} 0.0 104262.0 10087.0 0.9557846733419253 1 1 21.0 0.0 0.9557846733419253 0
59 ec.gp.GPIndividual@1675401273{-1530088278} 0.0 104262.0 8317.0 0.9463748947937959 1 1 21.0 0.0 0.9463748947937959 0
59 ec.gp.GPIndividual@549543059{1122156627} 0.0 74660.0 10054.0 0.09568331012532326 5 34 21.0 0.0 0.09568331012532326 0
59 ec.gp.GPIndividual@1660695047{-1210857662} 1.0 61650.0 14578.0 0.1443270681849362 5 38 21.0 0.0 0.1443270681849362 0
59 ec.gp.GPIndividual@549543059{1122156627} 0.0 74660.0 8387.0 0.08405866221533326 5 34 21.0 0.0 0.08405866221533326 0
59 ec.gp.GPIndividual@549543059{1122156627} 0.0 70800.0 14578.0 0.26629167238304297 5 34 21.0 0.0 0.26629167238304297 0
59 ec.gp.GPIndividual@1660695047{-1210857662} 1.0 61574.0 10861.0 0.14151551422520947 5 38 21.0 0.0 0.14151551422520947 0
59 ec.gp.GPIndividual@549543059{1122156627} 0.0 74660.0 10861.0 0.16287634656109015 5 34 21.0 0.0 0.16287634656109015 0
59 ec.gp.GPIndividual@549543059{1122156627} 0.0 74660.0 8160.0 0.1142156862745098 5 34 21.0 0.0 0.1142156862745098 0
59 ec.gp.GPIndividual@549543059{1122156627} 0.0 75160.0 12802.0 0.2507420715513201 5 34 21.0 0.0 0.2507420715513201 0
59 ec.gp.GPIndividual@1660695047{-1210857662} 1.0 61574.0 8160.0 0.5193627450980393 5 38 21.0 0.0 0.5193627450980393 0
59 ec.gp.GPIndividual@549543059{1122156627} 0.0 74660.0 10087.0 0.0986418161990681 5 34 21.0 0.0 0.0986418161990681 0
59 ec.gp.GPIndividual@549543059{1122156627} 0.0 74660.0 8317.0 0.09318263797042203 5 34 21.0 0.0 0.09318263797042203 0
59 ec.gp.GPIndividual@1660695047{-1210857662} 0.0 66096.0 12802.0 0.10513982190282768 5 38 21.0 0.0 0.10513982190282768 0
59 ec.gp.GPIndividual@1660695047{-1210857662} 1.0 61574.0 10087.0 0.2291067710915039 5 38 21.0 0.0 0.2291067710915039 0
59 ec.gp.GPIndividual@1660695047{-1210857662} 1.0 61574.0 8317.0 0.4906817362029578 5 38 21.0 0.0 0.4906817362029578 0
60 ec.gp.GPIndividual@346390958{-1197887743} 0.0 109280.0 10054.0 1.0 5 14 21.0 0.0 1.0 0
60 ec.gp.GPIndividual@346390958{-1197887743} 0.0 109280.0 8387.0 1.0 5 14 21.0 0.0 1.0 0
60 ec.gp.GPIndividual@346390958{-1197887743} 0.0 109280.0 14578.0 1.0 5 14 21.0 0.0 1.0 0
60 ec.gp.GPIndividual@346390958{-1197887743} 0.0 109280.0 10861.0 1.0 5 14 21.0 0.0 1.0 0
60 ec.gp.GPIndividual@346390958{-1197887743} 0.0 109280.0 8160.0 1.0 5 14 21.0 0.0 1.0 0
60 ec.gp.GPIndividual@346390958{-1197887743} 0.0 109280.0 12802.0 1.0 5 14 21.0 0.0 1.0 0
60 ec.gp.GPIndividual@346390958{-1197887743} 0.0 109280.0 10087.0 1.0 5 14 21.0 0.0 1.0 0
60 ec.gp.GPIndividual@346390958{-1197887743} 0.0 109280.0 8317.0 1.0 5 14 21.0 0.0 1.0 0
60 ec.gp.GPIndividual@458969277{1253160758} 60 ec.gp.GPIndividual@2073453800{-1747525077} 0.0 0.0 74660.0 10054.0 0.09568331012532326 74660.0 10054.0 0.09568331012532326 60 ec.gp.GPIndividual@210935207{1544799081} 5 32 21.0 0.0 0.0 5 32 21.0 0.0 0.09568331012532326 0
0.09568331012532326 0
74660.0 10054.0 0.09568331012532326 5 32 21.0 0.0 60 ec.gp.GPIndividual@1727268384{874780352} 0.09568331012532326 0
0.0 74660.0 10054.0 0.09568331012532326 5 36 21.0 0.0 0.09568331012532326 0
60 ec.gp.GPIndividual@210935207{1544799081} 0.0 74660.0 8387.0 0.08405866221533326 5 32 21.0 0.0 0.08405866221533326 0
60 ec.gp.GPIndividual@458969277{1253160758} 0.0 74660.0 8387.0 0.08405866221533326 5 32 21.0 0.0 60 ec.gp.GPIndividual@2073453800{-1747525077} 0.08405866221533326 0
60 ec.gp.GPIndividual@1727268384{874780352} 0.0 74660.0 8387.0 0.08405866221533326 0.0 5 36 21.0 0.0 0.08405866221533326 0
74660.0 8387.0 0.08405866221533326 5 32 21.0 0.0 0.08405866221533326 0
60 ec.gp.GPIndividual@210935207{1544799081} 60 ec.gp.GPIndividual@458969277{1253160758} 0.0 0.0 70800.0 14578.0 0.26629167238304297 70800.0 14578.0 0.26629167238304297 5 32 21.0 0.0 5 32 21.0 0.0 0.26629167238304297 0
0.26629167238304297 0
60 ec.gp.GPIndividual@1727268384{874780352} 0.0 70800.0 14578.0 0.26629167238304297 60 ec.gp.GPIndividual@2073453800{-1747525077} 5 36 21.0 0.0 0.0 0.26629167238304297 0
70800.0 14578.0 0.26629167238304297 5 32 21.0 0.0 0.26629167238304297 0
60 ec.gp.GPIndividual@210935207{1544799081} 0.0 74660.0 10861.0 0.16287634656109015 5 32 21.0 0.0 0.16287634656109015 0
60 ec.gp.GPIndividual@458969277{1253160758} 0.0 74660.0 10861.0 0.16287634656109015 5 32 21.0 0.0 0.16287634656109015 0
60 ec.gp.GPIndividual@2073453800{-1747525077} 0.0 74660.0 10861.0 0.16287634656109015 60 ec.gp.GPIndividual@1727268384{874780352} 5 32 21.0 0.0 0.0 0.16287634656109015 0
74660.0 10861.0 0.16287634656109015 5 36 21.0 0.0 0.16287634656109015 0
60 ec.gp.GPIndividual@210935207{1544799081} 0.0 74660.0 8160.0 0.1142156862745098 5 32 21.0 0.0 0.1142156862745098 0
60 ec.gp.GPIndividual@458969277{1253160758} 0.0 74660.0 8160.0 0.1142156862745098 5 32 21.0 0.0 0.1142156862745098 0
60 ec.gp.GPIndividual@2073453800{-1747525077} 0.0 74660.0 8160.0 0.1142156862745098 5 32 21.0 0.0 0.1142156862745098 0
60 ec.gp.GPIndividual@1727268384{874780352} 0.0 74660.0 8160.0 0.1142156862745098 5 36 21.0 0.0 0.1142156862745098 0
60 ec.gp.GPIndividual@210935207{1544799081} 0.0 75160.0 12802.0 0.2507420715513201 5 32 21.0 0.0 0.2507420715513201 0
60 ec.gp.GPIndividual@458969277{1253160758} 0.0 75160.0 12802.0 0.2507420715513201 5 32 21.0 0.0 0.2507420715513201 0
60 ec.gp.GPIndividual@2073453800{-1747525077} 0.0 75160.0 12802.0 0.2507420715513201 5 32 21.0 0.0 0.2507420715513201 0
60 ec.gp.GPIndividual@1727268384{874780352} 0.0 75160.0 12802.0 0.2507420715513201 5 36 21.0 0.0 0.2507420715513201 0
60 ec.gp.GPIndividual@210935207{1544799081} 0.0 74660.0 10087.0 0.0986418161990681 5 32 21.0 0.0 0.0986418161990681 0
60 ec.gp.GPIndividual@458969277{1253160758} 0.0 74660.0 10087.0 0.0986418161990681 5 32 21.0 0.0 0.0986418161990681 0
60 ec.gp.GPIndividual@2073453800{-1747525077} 0.0 74660.0 10087.0 0.0986418161990681 5 32 21.0 0.0 0.0986418161990681 0
60 ec.gp.GPIndividual@1727268384{874780352} 0.0 74660.0 10087.0 0.0986418161990681 5 36 21.0 0.0 0.0986418161990681 0
60 ec.gp.GPIndividual@210935207{1544799081} 0.0 74660.0 8317.0 0.09318263797042203 5 32 21.0 0.0 0.09318263797042203 0
60 ec.gp.GPIndividual@458969277{1253160758} 0.0 74660.0 8317.0 0.09318263797042203 5 32 21.0 0.0 0.09318263797042203 0
60 ec.gp.GPIndividual@2073453800{-1747525077} 0.0 74660.0 8317.0 0.09318263797042203 5 32 21.0 0.0 0.09318263797042203 0
60 ec.gp.GPIndividual@1727268384{874780352} 0.0 74660.0 8317.0 0.09318263797042203 5 36 21.0 0.0 0.09318263797042203 0
60 ec.gp.GPIndividual@1218711399{809458701} 0.0 74660.0 10054.0 0.09568331012532326 5 30 21.0 0.0 0.09568331012532326 0
60 ec.gp.GPIndividual@1433070283{-1957936944} 0.0 74660.0 10054.0 0.09568331012532326 5 34 21.0 0.0 0.09568331012532326 0
60 ec.gp.GPIndividual@102984960{-1582363138} 0.0 74660.0 10054.0 0.09568331012532326 5 32 21.0 0.0 0.09568331012532326 0
60 ec.gp.GPIndividual@1837897191{-995023512} 0.0 74660.0 10054.0 0.09568331012532326 5 28 21.0 0.0 0.09568331012532326 0
60 ec.gp.GPIndividual@1218711399{809458701} 0.0 74660.0 8387.0 0.08405866221533326 5 30 21.0 0.0 0.08405866221533326 0
60 ec.gp.GPIndividual@1433070283{-1957936944} 0.0 74660.0 8387.0 0.08405866221533326 5 34 21.0 0.0 0.08405866221533326 0
60 ec.gp.GPIndividual@102984960{-1582363138} 0.0 74660.0 8387.0 0.08405866221533326 5 32 21.0 0.0 0.08405866221533326 0
60 ec.gp.GPIndividual@1837897191{-995023512} 0.0 74660.0 8387.0 0.08405866221533326 5 28 21.0 0.0 0.08405866221533326 0
60 ec.gp.GPIndividual@1433070283{-1957936944} 0.0 70800.0 14578.0 0.26629167238304297 5 34 21.0 0.0 0.26629167238304297 0
60 ec.gp.GPIndividual@1218711399{809458701} 0.0 70800.0 14578.0 0.26629167238304297 5 30 21.0 0.0 0.26629167238304297 0
60 ec.gp.GPIndividual@102984960{-1582363138} 0.0 70800.0 14578.0 0.26629167238304297 5 32 21.0 0.0 0.26629167238304297 0
60 ec.gp.GPIndividual@1837897191{-995023512} 0.0 70800.0 14578.0 0.26629167238304297 5 28 21.0 0.0 0.26629167238304297 0
60 ec.gp.GPIndividual@1433070283{-1957936944} 0.0 74660.0 10861.0 0.16287634656109015 5 34 21.0 0.0 0.16287634656109015 0
60 ec.gp.GPIndividual@102984960{-1582363138} 60 ec.gp.GPIndividual@1218711399{809458701} 0.0 0.0 74660.0 10861.0 0.16287634656109015 74660.0 10861.0 0.16287634656109015 5 32 21.0 0.0 5 30 21.0 0.0 0.16287634656109015 0
60 ec.gp.GPIndividual@1837897191{-995023512} 0.0 74660.0 10861.0 0.16287634656109015 5 28 21.0 0.0 0.16287634656109015 0
0.16287634656109015 0
60 ec.gp.GPIndividual@1433070283{-1957936944} 0.0 74660.0 8160.0 0.1142156862745098 5 34 21.0 0.0 0.1142156862745098 0
60 ec.gp.GPIndividual@102984960{-1582363138} 0.0 74660.0 8160.0 0.1142156862745098 5 32 21.0 0.0 0.1142156862745098 0
60 ec.gp.GPIndividual@1218711399{809458701} 0.0 60 ec.gp.GPIndividual@1837897191{-995023512} 74660.0 8160.0 0.1142156862745098 0.0 5 30 21.0 0.0 74660.0 8160.0 0.1142156862745098 0.1142156862745098 0
5 28 21.0 0.0 0.1142156862745098 0
60 ec.gp.GPIndividual@1433070283{-1957936944} 0.0 75160.0 12802.0 0.2507420715513201 5 34 21.0 0.0 0.2507420715513201 0
60 ec.gp.GPIndividual@102984960{-1582363138} 0.0 75160.0 12802.0 0.2507420715513201 5 32 21.0 0.0 0.2507420715513201 0
60 ec.gp.GPIndividual@1837897191{-995023512} 0.0 75160.0 12802.0 0.2507420715513201 5 28 21.0 0.0 60 ec.gp.GPIndividual@1218711399{809458701} 0.2507420715513201 0
0.0 75160.0 12802.0 0.2507420715513201 5 30 21.0 0.0 0.2507420715513201 0
60 ec.gp.GPIndividual@1433070283{-1957936944} 0.0 74660.0 10087.0 0.0986418161990681 5 34 21.0 0.0 0.0986418161990681 0
60 ec.gp.GPIndividual@102984960{-1582363138} 0.0 74660.0 10087.0 0.0986418161990681 5 32 21.0 0.0 0.0986418161990681 0
60 ec.gp.GPIndividual@1837897191{-995023512} 0.0 74660.0 10087.0 0.0986418161990681 5 28 21.0 0.0 0.0986418161990681 0
60 ec.gp.GPIndividual@1218711399{809458701} 0.0 74660.0 10087.0 0.0986418161990681 5 30 21.0 0.0 0.0986418161990681 0
60 ec.gp.GPIndividual@1433070283{-1957936944} 0.0 74660.0 8317.0 0.09318263797042203 5 34 21.0 0.0 0.09318263797042203 0
60 ec.gp.GPIndividual@1837897191{-995023512} 0.0 74660.0 8317.0 0.09318263797042203 5 28 21.0 0.0 0.09318263797042203 0
60 ec.gp.GPIndividual@102984960{-1582363138} 0.0 74660.0 8317.0 0.09318263797042203 5 32 21.0 0.0 0.09318263797042203 0
60 ec.gp.GPIndividual@1218711399{809458701} 0.0 74660.0 8317.0 0.09318263797042203 5 30 21.0 0.0 0.09318263797042203 0
60 ec.gp.GPIndividual@745923505{-1335009632} 0.0 74660.0 10054.0 0.09568331012532326 5 36 21.0 0.0 0.09568331012532326 0
60 ec.gp.GPIndividual@1019557926{968563769} 0.0 74660.0 10054.0 0.09568331012532326 5 32 21.0 0.0 0.09568331012532326 0
60 ec.gp.GPIndividual@745923505{-1335009632} 0.0 74660.0 8387.0 0.08405866221533326 5 36 21.0 0.0 0.08405866221533326 0
60 ec.gp.GPIndividual@1019557926{968563769} 0.0 74660.0 8387.0 0.08405866221533326 5 32 21.0 0.0 0.08405866221533326 0
60 ec.gp.GPIndividual@745923505{-1335009632} 0.0 70800.0 14578.0 0.26629167238304297 5 36 21.0 0.0 0.26629167238304297 0
60 ec.gp.GPIndividual@1019557926{968563769} 0.0 70800.0 14578.0 0.26629167238304297 5 32 21.0 0.0 0.26629167238304297 0
60 ec.gp.GPIndividual@745923505{-1335009632} 0.0 74660.0 10861.0 0.16287634656109015 5 36 21.0 0.0 0.16287634656109015 0
60 ec.gp.GPIndividual@1019557926{968563769} 0.0 74660.0 10861.0 0.16287634656109015 5 32 21.0 0.0 0.16287634656109015 0
60 ec.gp.GPIndividual@745923505{-1335009632} 0.0 74660.0 8160.0 0.1142156862745098 5 36 21.0 0.0 0.1142156862745098 0
60 ec.gp.GPIndividual@1019557926{968563769} 0.0 74660.0 8160.0 0.1142156862745098 5 32 21.0 0.0 0.1142156862745098 0
60 ec.gp.GPIndividual@745923505{-1335009632} 0.0 75160.0 12802.0 0.2507420715513201 5 36 21.0 0.0 0.2507420715513201 0
60 ec.gp.GPIndividual@1019557926{968563769} 0.0 75160.0 12802.0 0.2507420715513201 5 32 21.0 0.0 0.2507420715513201 0
60 ec.gp.GPIndividual@745923505{-1335009632} 0.0 74660.0 10087.0 0.0986418161990681 5 36 21.0 0.0 0.0986418161990681 0
60 ec.gp.GPIndividual@1019557926{968563769} 0.0 74660.0 10087.0 0.0986418161990681 5 32 21.0 0.0 0.0986418161990681 0
60 ec.gp.GPIndividual@745923505{-1335009632} 0.0 74660.0 8317.0 0.09318263797042203 5 36 21.0 0.0 0.09318263797042203 0
60 ec.gp.GPIndividual@1019557926{968563769} 0.0 74660.0 8317.0 0.09318263797042203 5 32 21.0 0.0 0.09318263797042203 0
61 ec.gp.GPIndividual@1862656381{-723343631} 0.0 97094.0 10054.0 0.5816590411776408 5 32 21.0 0.0 0.5816590411776408 0
61 ec.gp.GPIndividual@374001385{1241118642} 0.0 61 ec.gp.GPIndividual@1722506342{358681954} 91632.0 10054.0 0.5814601153769644 0.0 5 24 21.0 0.0 97094.0 10054.0 0.5816590411776408 0.5814601153769644 0
5 26 21.0 0.0 0.5816590411776408 0
61 ec.gp.GPIndividual@1862656381{-723343631} 0.0 97094.0 8387.0 0.4985095981876714 61 ec.gp.GPIndividual@374001385{1241118642} 5 32 21.0 0.0 0.0 0.4985095981876714 0
91632.0 8387.0 0.49827113389769884 5 24 21.0 0.0 0.49827113389769884 0
61 ec.gp.GPIndividual@1862656381{-723343631} 0.0 97094.0 14578.0 0.7114830566607216 61 ec.gp.GPIndividual@1722506342{358681954} 5 32 21.0 0.0 0.0 0.7114830566607216 0
97094.0 14578.0 0.4985095981876714 5 26 21.0 0.0 0.4985095981876714 0
61 ec.gp.GPIndividual@1862656381{-723343631} 0.0 97094.0 10861.0 0.6127428413589909 5 32 21.0 0.0 61 ec.gp.GPIndividual@374001385{1241118642} 0.6127428413589909 0
61 ec.gp.GPIndividual@1027809136{2087879425} 61 ec.gp.GPIndividual@1722506342{358681954} 0.0 78455.0 14578.0 0.26168689078973545 0.0 5 36 21.0 0.0 97094.0 14578.0 0.7114830566607216 0.26168689078973545 0
0.0 91683.0 8160.0 0.7078474413499795 61 ec.gp.GPIndividual@1862656381{-723343631} 5 24 21.0 0.0 0.0 97094.0 8160.0 0.48455882352941176 0.7078474413499795 0
5 26 21.0 0.0 0.7114830566607216 0
5 32 21.0 0.0 0.48455882352941176 0
61 ec.gp.GPIndividual@374001385{1241118642} 0.0 91632.0 10861.0 0.6125586962526471 61 ec.gp.GPIndividual@1722506342{358681954} 5 24 21.0 0.0 0.0 0.6125586962526471 0
97094.0 10861.0 0.6127428413589909 61 ec.gp.GPIndividual@1862656381{-723343631} 5 26 21.0 0.0 0.0 0.6127428413589909 0
97094.0 12802.0 0.6714575847523825 61 ec.gp.GPIndividual@374001385{1241118642} 5 32 21.0 0.0 0.0 0.6714575847523825 0
61 ec.gp.GPIndividual@1722506342{358681954} 91632.0 8160.0 0.4843137254901961 0.0 5 24 21.0 0.0 97094.0 8160.0 0.48455882352941176 5 26 21.0 0.0 0.48455882352941176 0
61 ec.gp.GPIndividual@1862656381{-723343631} 0.0 97094.0 10087.0 0.5830276593635372 0.4843137254901961 0
61 ec.gp.GPIndividual@1722506342{358681954} 0.0 97094.0 12802.0 0.6714575847523825 5 26 21.0 0.0 0.6714575847523825 0
61 ec.gp.GPIndividual@1027809136{2087879425} 0.0 78455.0 12802.0 0.11493978776678193 5 36 21.0 0.0 0.11493978776678193 0
5 32 21.0 0.0 61 ec.gp.GPIndividual@1722506342{358681954} 0.5830276593635372 0
61 ec.gp.GPIndividual@374001385{1241118642} 0.0 91632.0 10087.0 0.6713013591626308 0.0 5 24 21.0 0.0 0.6713013591626308 0
61 ec.gp.GPIndividual@1862656381{-723343631} 0.0 97094.0 8317.0 0.49428880605987735 5 32 21.0 0.0 97094.0 10087.0 0.5830276593635372 0.49428880605987735 0
61 ec.gp.GPIndividual@374001385{1241118642} 0.0 91632.0 10087.0 0.5828293843561019 5 26 21.0 0.0 5 24 21.0 0.0 0.5828293843561019 0
0.5830276593635372 0
61 ec.gp.GPIndividual@374001385{1241118642} 0.0 91632.0 8317.0 0.49404833473608273 5 24 21.0 0.0 0.49404833473608273 0
61 ec.gp.GPIndividual@1875636183{-1392910074} 0.0 92920.0 10054.0 0.45335189974139645 5 30 21.0 0.0 0.45335189974139645 0
61 ec.gp.GPIndividual@1722506342{358681954} 0.0 61 ec.gp.GPIndividual@1027809136{2087879425} 0.0 97094.0 14578.0 0.49428880605987735 79242.0 14578.0 0.4368226094114419 5 26 21.0 0.0 5 36 21.0 0.0 0.49428880605987735 0
0.4368226094114419 0
61 ec.gp.GPIndividual@1875636183{-1392910074} 0.0 92920.0 8387.0 0.34470013115535947 61 ec.gp.GPIndividual@2091735530{-1351840959} 5 30 21.0 0.0 0.0 0.34470013115535947 0
74660.0 8387.0 0.09568331012532326 5 22 21.0 0.0 0.09568331012532326 0
61 ec.gp.GPIndividual@1875636183{-1392910074} 0.0 92920.0 14578.0 0.6229935519275621 5 30 21.0 0.0 0.6229935519275621 0
61 ec.gp.GPIndividual@1875636183{-1392910074} 0.0 92920.0 10861.0 0.4939692477672406 5 30 21.0 0.0 0.4939692477672406 0
61 ec.gp.GPIndividual@1027809136{2087879425} 0.0 78455.0 10861.0 0.31654543780499034 5 36 21.0 0.0 0.31654543780499034 0
61 ec.gp.GPIndividual@1875636183{-1392910074} 0.0 92920.0 8160.0 0.3264705882352941 5 30 21.0 0.0 0.3264705882352941 0
61 ec.gp.GPIndividual@1875636183{-1392910074} 0.0 92920.0 12802.0 0.5706920793625996 5 30 21.0 0.0 0.5706920793625996 0
61 ec.gp.GPIndividual@1027809136{2087879425} 0.0 78455.0 8160.0 0.09031862745098039 5 36 21.0 0.0 61 ec.gp.GPIndividual@1875636183{-1392910074} 0.09031862745098039 0
0.0 92920.0 10087.0 0.4551402795677605 5 30 21.0 0.0 0.4551402795677605 0
61 ec.gp.GPIndividual@1875636183{-1392910074} 0.0 92920.0 8317.0 0.33918480221233616 5 30 21.0 0.0 0.33918480221233616 0
61 ec.gp.GPIndividual@1679691426{-1845236355} 0.0 88682.0 10054.0 0.3314103839267953 5 28 21.0 0.0 0.3314103839267953 0
61 ec.gp.GPIndividual@1027809136{2087879425} 0.0 78702.0 12802.0 0.40087486330260896 5 36 21.0 0.0 0.40087486330260896 0
61 ec.gp.GPIndividual@1679691426{-1845236355} 0.0 88682.0 8387.0 0.19852152140217003 5 28 21.0 0.0 0.19852152140217003 0
61 ec.gp.GPIndividual@1679691426{-1845236355} 0.0 88682.0 14578.0 0.538894224173412 5 28 21.0 0.0 0.538894224173412 0
61 ec.gp.GPIndividual@1679691426{-1845236355} 0.0 88682.0 10861.0 0.38108829757849183 5 28 21.0 0.0 0.38108829757849183 0
61 ec.gp.GPIndividual@1679691426{-1845236355} 0.0 88682.0 8160.0 0.17622549019607844 5 28 21.0 0.0 0.17622549019607844 0
61 ec.gp.GPIndividual@1630604762{809458701} 0.0 74660.0 10054.0 0.09568331012532326 5 30 21.0 0.0 0.09568331012532326 0
61 ec.gp.GPIndividual@1679691426{-1845236355} 0.0 88682.0 12802.0 0.47492579284486797 5 28 21.0 0.0 0.47492579284486797 0
61 ec.gp.GPIndividual@2091735530{-1351840959} 0.0 74660.0 8387.0 0.08405866221533326 5 22 21.0 0.0 0.08405866221533326 0
61 ec.gp.GPIndividual@1027809136{2087879425} 0.0 78455.0 10087.0 0.2641023099038366 5 36 21.0 0.0 0.2641023099038366 0
61 ec.gp.GPIndividual@1679691426{-1845236355} 0.0 88682.0 10087.0 0.33359770000991373 5 28 21.0 0.0 0.33359770000991373 0
61 ec.gp.GPIndividual@1679691426{-1845236355} 0.0 88682.0 8317.0 0.1917758807262234 5 28 21.0 0.0 0.1917758807262234 0
61 ec.gp.GPIndividual@1027809136{2087879425} 0.0 78455.0 8317.0 0.10749068173620296 5 36 21.0 0.0 0.10749068173620296 0
61 ec.gp.GPIndividual@1630604762{809458701} 0.0 74660.0 8387.0 0.08405866221533326 5 30 21.0 0.0 0.08405866221533326 0
61 ec.gp.GPIndividual@1975164180{613967017} 0.0 74660.0 10054.0 0.09568331012532326 5 28 21.0 0.0 0.09568331012532326 0
61 ec.gp.GPIndividual@2091735530{-1351840959} 0.0 70800.0 14578.0 0.26629167238304297 5 22 21.0 0.0 0.26629167238304297 0
61 ec.gp.GPIndividual@1975164180{613967017} 0.0 74660.0 8387.0 0.08405866221533326 5 28 21.0 0.0 0.08405866221533326 0
61 ec.gp.GPIndividual@2091735530{-1351840959} 0.0 74660.0 10861.0 0.16287634656109015 5 22 21.0 0.0 0.16287634656109015 0
61 ec.gp.GPIndividual@1630604762{809458701} 0.0 70800.0 14578.0 0.26629167238304297 5 30 21.0 0.0 0.26629167238304297 0
61 ec.gp.GPIndividual@2091735530{-1351840959} 0.0 74660.0 8160.0 0.1142156862745098 5 22 21.0 0.0 0.1142156862745098 0
61 ec.gp.GPIndividual@1630604762{809458701} 0.0 74660.0 10861.0 0.16287634656109015 5 30 21.0 0.0 0.16287634656109015 0
61 ec.gp.GPIndividual@1975164180{613967017} 0.0 70800.0 14578.0 0.26629167238304297 5 28 21.0 0.0 0.26629167238304297 0
61 ec.gp.GPIndividual@2091735530{-1351840959} 0.0 75160.0 12802.0 0.2507420715513201 5 22 21.0 0.0 0.2507420715513201 0
61 ec.gp.GPIndividual@1630604762{809458701} 0.0 74660.0 8160.0 0.1142156862745098 61 ec.gp.GPIndividual@1975164180{613967017} 5 30 21.0 0.0 0.0 0.1142156862745098 0
74660.0 10861.0 0.16287634656109015 5 28 21.0 0.0 0.16287634656109015 0
61 ec.gp.GPIndividual@2091735530{-1351840959} 0.0 74660.0 10087.0 0.0986418161990681 5 22 21.0 0.0 0.0986418161990681 0
61 ec.gp.GPIndividual@1975164180{613967017} 0.0 74660.0 8160.0 0.1142156862745098 5 28 21.0 0.0 0.1142156862745098 0
61 ec.gp.GPIndividual@1630604762{809458701} 0.0 75160.0 12802.0 0.2507420715513201 5 30 21.0 0.0 0.2507420715513201 0
61 ec.gp.GPIndividual@2091735530{-1351840959} 0.0 74660.0 8317.0 0.09318263797042203 5 22 21.0 0.0 0.09318263797042203 0
61 ec.gp.GPIndividual@1336359340{-1404343472} 0.0 105260.0 10054.0 0.8563755719116769 1 1 21.0 0.0 0.8563755719116769 0
61 ec.gp.GPIndividual@1336359340{-1404343472} 0.0 105260.0 8387.0 0.8278287826397996 1 1 21.0 0.0 0.8278287826397996 0
61 ec.gp.GPIndividual@1336359340{-1404343472} 0.0 105260.0 14578.0 0.9009466319110989 1 1 21.0 0.0 0.9009466319110989 0
61 ec.gp.GPIndividual@1336359340{-1404343472} 0.0 105260.0 10861.0 0.8670472332197772 1 1 21.0 0.0 0.8670472332197772 0
61 ec.gp.GPIndividual@1336359340{-1404343472} 0.0 105260.0 8160.0 0.8230392156862745 1 1 21.0 0.0 0.8230392156862745 0
61 ec.gp.GPIndividual@1336359340{-1404343472} 0.0 105260.0 12802.0 0.8872051241993438 1 1 21.0 0.0 0.8872051241993438 0
61 ec.gp.GPIndividual@1336359340{-1404343472} 0.0 105260.0 10087.0 0.8568454446317042 1 1 21.0 0.0 0.8568454446317042 0
61 ec.gp.GPIndividual@1336359340{-1404343472} 0.0 105260.0 8317.0 0.8263797042202717 1 1 21.0 0.0 0.8263797042202717 0
61 ec.gp.GPIndividual@1975164180{613967017} 0.0 75160.0 12802.0 0.2507420715513201 5 28 21.0 0.0 0.2507420715513201 0
61 ec.gp.GPIndividual@1630604762{809458701} 0.0 74660.0 10087.0 0.0986418161990681 5 30 21.0 0.0 0.0986418161990681 0
61 ec.gp.GPIndividual@1975164180{613967017} 0.0 74660.0 10087.0 0.0986418161990681 5 28 21.0 0.0 0.0986418161990681 0
61 ec.gp.GPIndividual@1630604762{809458701} 0.0 74660.0 8317.0 0.09318263797042203 5 30 21.0 0.0 0.09318263797042203 0
61 ec.gp.GPIndividual@1975164180{613967017} 0.0 74660.0 8317.0 0.09318263797042203 5 28 21.0 0.0 0.09318263797042203 0
61 ec.gp.GPIndividual@657638106{844071941} 0.0 66096.0 10054.0 0.13944698627411975 5 32 21.0 0.0 0.13944698627411975 0
61 ec.gp.GPIndividual@657638106{844071941} 0.0 66096.0 8387.0 0.3659234529629188 5 32 21.0 0.0 0.3659234529629188 0
61 ec.gp.GPIndividual@657638106{844071941} 0.0 69984.0 14578.0 0.3222664288654136 5 32 21.0 0.0 0.3222664288654136 0
61 ec.gp.GPIndividual@657638106{844071941} 0.0 66096.0 10861.0 0.05478316913728018 5 32 21.0 0.0 0.05478316913728018 0
61 ec.gp.GPIndividual@657638106{844071941} 0.0 65874.0 8160.0 0.3767156862745098 5 32 21.0 0.0 0.3767156862745098 0
61 ec.gp.GPIndividual@657638106{844071941} 0.0 70364.0 12802.0 0.19856272457428525 5 32 21.0 0.0 0.19856272457428525 0
61 ec.gp.GPIndividual@657638106{844071941} 0.0 66096.0 10087.0 0.1357192425894716 5 32 21.0 0.0 0.1357192425894716 0
61 ec.gp.GPIndividual@657638106{844071941} 0.0 65874.0 8317.0 0.3507274257544788 5 32 21.0 0.0 0.3507274257544788 0
62 ec.gp.GPIndividual@706533622{-708725368} 0.0 92920.0 10054.0 0.45335189974139645 5 28 21.0 0.0 0.45335189974139645 0
62 ec.gp.GPIndividual@706533622{-708725368} 0.0 92920.0 8387.0 0.34470013115535947 5 28 21.0 0.0 0.34470013115535947 0
62 ec.gp.GPIndividual@706533622{-708725368} 0.0 92920.0 14578.0 0.6229935519275621 5 28 21.0 0.0 0.6229935519275621 0
62 ec.gp.GPIndividual@706533622{-708725368} 0.0 92920.0 10861.0 0.4939692477672406 5 28 21.0 0.0 0.4939692477672406 0
62 ec.gp.GPIndividual@706533622{-708725368} 0.0 92920.0 8160.0 0.3264705882352941 5 28 21.0 0.0 0.3264705882352941 0
62 ec.gp.GPIndividual@706533622{-708725368} 0.0 92920.0 12802.0 0.5706920793625996 5 28 21.0 0.0 0.5706920793625996 0
62 ec.gp.GPIndividual@706533622{-708725368} 0.0 92920.0 10087.0 0.4551402795677605 5 28 21.0 0.0 0.4551402795677605 0
62 ec.gp.GPIndividual@706533622{-708725368} 0.0 92920.0 8317.0 0.33918480221233616 5 28 21.0 0.0 62 ec.gp.GPIndividual@1465231909{-848063695} 0.33918480221233616 0
0.0 79122.0 8317.0 0.19534513626417346 5 16 21.0 0.0 0.19534513626417346 0
62 ec.gp.GPIndividual@1996754394{-1690459264} 0.0 74660.0 10054.0 0.09568331012532326 5 34 21.0 0.0 62 ec.gp.GPIndividual@64416156{809458701} 0.09568331012532326 0
62 ec.gp.GPIndividual@1463872090{-686886065} 0.0 0.0 74660.0 10054.0 0.09568331012532326 5 30 21.0 0.0 74660.0 10054.0 0.09568331012532326 0.09568331012532326 0
5 30 21.0 0.0 0.09568331012532326 0
62 ec.gp.GPIndividual@1465231909{-848063695} 0.0 79122.0 8387.0 0.03541194706092762 5 16 21.0 0.0 0.03541194706092762 0
62 ec.gp.GPIndividual@1465231909{-848063695} 0.0 87078.0 14578.0 0.6489230347098367 5 16 21.0 0.0 0.6489230347098367 0
62 ec.gp.GPIndividual@1996754394{-1690459264} 0.0 74660.0 8387.0 0.08405866221533326 5 34 21.0 0.0 0.08405866221533326 0
62 ec.gp.GPIndividual@64416156{809458701} 0.0 74660.0 8387.0 0.08405866221533326 5 30 21.0 0.0 0.08405866221533326 0
62 ec.gp.GPIndividual@1463872090{-686886065} 0.0 74660.0 8387.0 0.08405866221533326 5 30 21.0 0.0 0.08405866221533326 0
62 ec.gp.GPIndividual@1465231909{-848063695} 0.0 79122.0 10861.0 0.2551330448393334 5 16 21.0 0.0 0.2551330448393334 0
62 ec.gp.GPIndividual@1465231909{-848063695} 0.0 83138.0 8160.0 0.1860294117647059 5 16 21.0 0.0 0.1860294117647059 0
62 ec.gp.GPIndividual@1996754394{-1690459264} 0.0 70800.0 14578.0 0.26629167238304297 5 34 21.0 0.0 0.26629167238304297 0
62 ec.gp.GPIndividual@1465231909{-848063695} 0.0 83360.0 12802.0 0.4638337759725043 5 16 21.0 0.0 0.4638337759725043 0
62 ec.gp.GPIndividual@64416156{809458701} 0.0 70800.0 14578.0 0.26629167238304297 5 30 21.0 0.0 0.26629167238304297 0
62 ec.gp.GPIndividual@1463872090{-686886065} 0.0 70800.0 14578.0 0.26629167238304297 5 30 21.0 0.0 0.26629167238304297 0
62 ec.gp.GPIndividual@1465231909{-848063695} 0.0 79122.0 10087.0 0.1979775949241598 5 16 21.0 0.0 0.1979775949241598 0
62 ec.gp.GPIndividual@1996754394{-1690459264} 0.0 74660.0 10861.0 0.16287634656109015 5 34 21.0 0.0 0.16287634656109015 0
62 ec.gp.GPIndividual@64416156{809458701} 0.0 74660.0 10861.0 0.16287634656109015 5 30 21.0 0.0 0.16287634656109015 0
62 ec.gp.GPIndividual@1463872090{-686886065} 0.0 74660.0 10861.0 0.16287634656109015 5 30 21.0 0.0 0.16287634656109015 0
62 ec.gp.GPIndividual@1465231909{-848063695} 0.0 83138.0 8317.0 0.2013947336780089 5 16 21.0 0.0 0.2013947336780089 0
62 ec.gp.GPIndividual@1241749154{-1197887743} 0.0 109280.0 10054.0 1.0 5 14 21.0 0.0 1.0 0
62 ec.gp.GPIndividual@1241749154{-1197887743} 0.0 109280.0 8387.0 1.0 5 14 21.0 0.0 1.0 0
62 ec.gp.GPIndividual@1241749154{-1197887743} 0.0 109280.0 14578.0 1.0 5 14 21.0 0.0 1.0 0
62 ec.gp.GPIndividual@1241749154{-1197887743} 0.0 109280.0 10861.0 1.0 5 14 21.0 0.0 1.0 0
62 ec.gp.GPIndividual@1241749154{-1197887743} 0.0 109280.0 8160.0 1.0 5 14 21.0 0.0 1.0 0
62 ec.gp.GPIndividual@1241749154{-1197887743} 0.0 109280.0 12802.0 1.0 5 14 21.0 0.0 1.0 0
62 ec.gp.GPIndividual@1241749154{-1197887743} 0.0 109280.0 10087.0 1.0 5 14 21.0 0.0 1.0 0
62 ec.gp.GPIndividual@1241749154{-1197887743} 0.0 109280.0 8317.0 1.0 5 14 21.0 0.0 1.0 0
62 ec.gp.GPIndividual@1996754394{-1690459264} 0.0 74660.0 8160.0 0.1142156862745098 5 34 21.0 0.0 0.1142156862745098 0
62 ec.gp.GPIndividual@64416156{809458701} 0.0 74660.0 8160.0 0.1142156862745098 5 30 21.0 0.0 0.1142156862745098 0
62 ec.gp.GPIndividual@1463872090{-686886065} 0.0 74660.0 8160.0 0.1142156862745098 5 30 21.0 0.0 0.1142156862745098 0
62 ec.gp.GPIndividual@1996754394{-1690459264} 0.0 75160.0 12802.0 0.2507420715513201 5 34 21.0 0.0 0.2507420715513201 0
62 ec.gp.GPIndividual@64416156{809458701} 0.0 75160.0 12802.0 0.2507420715513201 5 30 21.0 0.0 0.2507420715513201 0
62 ec.gp.GPIndividual@1463872090{-686886065} 0.0 75160.0 12802.0 0.2507420715513201 5 30 21.0 0.0 0.2507420715513201 0
62 ec.gp.GPIndividual@1996754394{-1690459264} 0.0 74660.0 10087.0 0.0986418161990681 5 34 21.0 0.0 0.0986418161990681 0
62 ec.gp.GPIndividual@64416156{809458701} 0.0 74660.0 10087.0 0.0986418161990681 5 30 21.0 0.0 0.0986418161990681 0
62 ec.gp.GPIndividual@1463872090{-686886065} 0.0 74660.0 10087.0 0.0986418161990681 5 30 21.0 0.0 0.0986418161990681 0
62 ec.gp.GPIndividual@1996754394{-1690459264} 0.0 74660.0 8317.0 0.09318263797042203 5 34 21.0 0.0 0.09318263797042203 0
62 ec.gp.GPIndividual@64416156{809458701} 0.0 74660.0 8317.0 0.09318263797042203 5 30 21.0 0.0 0.09318263797042203 0
62 ec.gp.GPIndividual@1463872090{-686886065} 0.0 74660.0 8317.0 0.09318263797042203 5 30 21.0 0.0 0.09318263797042203 0
62 ec.gp.GPIndividual@1063048676{-581343697} 0.0 88682.0 10054.0 0.3314103839267953 5 16 21.0 0.0 0.3314103839267953 0
62 ec.gp.GPIndividual@1063048676{-581343697} 0.0 88682.0 8387.0 0.19852152140217003 5 16 21.0 0.0 0.19852152140217003 0
62 ec.gp.GPIndividual@1064769762{1632975917} 0.0 18441.0 10054.0 0.8341953451362641 62 ec.gp.GPIndividual@1063048676{-581343697} 5 30 21.0 0.0 0.0 0.8341953451362641 0
88682.0 14578.0 0.538894224173412 5 16 21.0 0.0 0.538894224173412 0
62 ec.gp.GPIndividual@1063048676{-581343697} 0.0 88682.0 10861.0 0.38108829757849183 5 16 21.0 0.0 0.38108829757849183 0
62 ec.gp.GPIndividual@1063048676{-581343697} 0.0 88682.0 8160.0 0.17622549019607844 5 16 21.0 0.0 0.17622549019607844 0
62 ec.gp.GPIndividual@1064769762{1632975917} 0.0 18441.0 8387.0 1.1987599856921427 5 30 21.0 0.0 1.1987599856921427 0
62 ec.gp.GPIndividual@1063048676{-581343697} 0.0 88682.0 12802.0 0.47492579284486797 5 16 21.0 0.0 0.47492579284486797 0
62 ec.gp.GPIndividual@1063048676{-581343697} 0.0 88682.0 10087.0 0.33359770000991373 5 16 21.0 0.0 0.33359770000991373 0
62 ec.gp.GPIndividual@1064769762{1632975917} 0.0 18118.0 14578.0 0.2428316641514611 5 30 21.0 0.0 0.2428316641514611 0
62 ec.gp.GPIndividual@1063048676{-581343697} 0.0 88682.0 8317.0 0.1917758807262234 5 16 21.0 0.0 0.1917758807262234 0
62 ec.gp.GPIndividual@1064769762{1632975917} 0.0 18441.0 10861.0 0.6979099530429979 5 30 21.0 0.0 0.6979099530429979 0
62 ec.gp.GPIndividual@1064769762{1632975917} 0.0 18441.0 8160.0 1.2599264705882354 5 30 21.0 0.0 1.2599264705882354 0
62 ec.gp.GPIndividual@1064769762{1632975917} 0.0 17975.0 12802.0 0.4040774878925168 5 30 21.0 0.0 0.4040774878925168 0
62 ec.gp.GPIndividual@1064769762{1632975917} 0.0 18441.0 10087.0 0.8281947060573015 5 30 21.0 0.0 0.8281947060573015 0
62 ec.gp.GPIndividual@1064769762{1632975917} 0.0 18441.0 8317.0 1.217265841048455 5 30 21.0 0.0 1.217265841048455 0
63 ec.gp.GPIndividual@696481007{-669687582} 0.0 71140.0 10054.0 0.44579271931569525 5 32 21.0 0.0 0.44579271931569525 0
63 ec.gp.GPIndividual@1603437516{-169060801} 0.0 92920.0 10054.0 0.45335189974139645 5 16 21.0 0.0 0.45335189974139645 0
63 ec.gp.GPIndividual@696481007{-669687582} 0.0 71140.0 8387.0 0.33563848813640157 5 32 21.0 0.0 0.33563848813640157 0
63 ec.gp.GPIndividual@696481007{-669687582} 0.0 71350.0 14578.0 0.6033749485526135 5 32 21.0 0.0 0.6033749485526135 0
63 ec.gp.GPIndividual@1603437516{-169060801} 0.0 92920.0 8387.0 0.34470013115535947 5 16 21.0 0.0 0.34470013115535947 0
63 ec.gp.GPIndividual@696481007{-669687582} 0.0 71140.0 10861.0 0.48697173372617625 5 32 21.0 0.0 0.48697173372617625 0
63 ec.gp.GPIndividual@696481007{-669687582} 0.0 71140.0 8160.0 0.317156862745098 5 32 21.0 0.0 0.317156862745098 0
63 ec.gp.GPIndividual@1603437516{-169060801} 0.0 92920.0 14578.0 0.6229935519275621 5 16 21.0 0.0 0.6229935519275621 0
63 ec.gp.GPIndividual@696481007{-669687582} 0.0 71268.0 12802.0 0.5547570692079362 5 32 21.0 0.0 0.5547570692079362 0
63 ec.gp.GPIndividual@696481007{-669687582} 0.0 71140.0 10087.0 0.4476058292852186 5 32 21.0 0.0 0.4476058292852186 0
63 ec.gp.GPIndividual@1603437516{-169060801} 0.0 92920.0 10861.0 0.4939692477672406 5 16 21.0 0.0 0.4939692477672406 0
63 ec.gp.GPIndividual@1735484460{-1562392283} 0.0 74660.0 10054.0 0.09568331012532326 5 32 21.0 0.0 0.09568331012532326 0
63 ec.gp.GPIndividual@696481007{-669687582} 0.0 71140.0 8317.0 0.33004689190813996 5 32 21.0 0.0 0.33004689190813996 0
63 ec.gp.GPIndividual@1604276778{-333173188} 0.0 101188.0 10054.0 0.7179232146409389 3 5 21.0 0.0 0.7179232146409389 0
63 ec.gp.GPIndividual@1604276778{-333173188} 63 ec.gp.GPIndividual@1603437516{-169060801} 0.0 0.0 101188.0 8387.0 0.6618576368188863 92920.0 8387.0 0.3264705882352941 3 5 21.0 0.0 5 16 21.0 0.0 0.6618576368188863 0
0.3264705882352941 0
63 ec.gp.GPIndividual@1604276778{-333173188} 0.0 101188.0 14578.0 0.805460282617643 3 5 21.0 0.0 0.805460282617643 0
63 ec.gp.GPIndividual@1604276778{-333173188} 0.0 101188.0 10861.0 0.7388822392044931 3 5 21.0 0.0 0.7388822392044931 0
63 ec.gp.GPIndividual@1604276778{-333173188} 0.0 101188.0 8160.0 0.6524509803921569 3 5 21.0 0.0 0.6524509803921569 0
63 ec.gp.GPIndividual@1604276778{-333173188} 0.0 101188.0 12802.0 0.7784721137322294 3 5 21.0 0.0 0.7784721137322294 0
63 ec.gp.GPIndividual@1604276778{-333173188} 0.0 101188.0 10087.0 0.7188460394567264 3 5 21.0 0.0 0.7188460394567264 0
63 ec.gp.GPIndividual@1604276778{-333173188} 0.0 101188.0 8317.0 0.6590116628592041 3 5 21.0 0.0 0.6590116628592041 0
63 ec.gp.GPIndividual@1603437516{-169060801} 0.0 92920.0 12802.0 0.5706920793625996 5 16 21.0 0.0 0.5706920793625996 0
63 ec.gp.GPIndividual@384362943{-971587816} 0.0 74660.0 10054.0 0.09568331012532326 5 32 21.0 0.0 0.09568331012532326 0
63 ec.gp.GPIndividual@1961820384{-1690459264} 0.0 74660.0 10054.0 0.09568331012532326 5 34 21.0 0.0 0.09568331012532326 0
63 ec.gp.GPIndividual@1603437516{-169060801} 0.0 92920.0 10087.0 0.4551402795677605 5 16 21.0 0.0 0.4551402795677605 0
63 ec.gp.GPIndividual@1603437516{-169060801} 0.0 92920.0 8317.0 0.33918480221233616 5 16 21.0 0.0 0.33918480221233616 0
63 ec.gp.GPIndividual@1735484460{-1562392283} 0.0 74660.0 8387.0 0.08405866221533326 5 32 21.0 0.0 0.08405866221533326 0
63 ec.gp.GPIndividual@1961820384{-1690459264} 0.0 74660.0 8387.0 0.08405866221533326 5 34 21.0 0.0 0.08405866221533326 0
63 ec.gp.GPIndividual@384362943{-971587816} 0.0 74660.0 8387.0 0.08405866221533326 5 32 21.0 0.0 0.08405866221533326 0
63 ec.gp.GPIndividual@1735484460{-1562392283} 0.0 70800.0 14578.0 0.26629167238304297 5 32 21.0 0.0 0.26629167238304297 0
63 ec.gp.GPIndividual@1961820384{-1690459264} 0.0 70800.0 14578.0 0.26629167238304297 5 34 21.0 0.0 0.26629167238304297 0
63 ec.gp.GPIndividual@384362943{-971587816} 0.0 70800.0 14578.0 0.26629167238304297 5 32 21.0 0.0 0.26629167238304297 0
63 ec.gp.GPIndividual@1735484460{-1562392283} 0.0 74660.0 10861.0 0.16287634656109015 5 32 21.0 0.0 0.16287634656109015 0
63 ec.gp.GPIndividual@1961820384{-1690459264} 0.0 74660.0 10861.0 0.16287634656109015 5 34 21.0 0.0 0.16287634656109015 0
63 ec.gp.GPIndividual@384362943{-971587816} 0.0 63 ec.gp.GPIndividual@1735484460{-1562392283} 0.0 74660.0 8160.0 0.16287634656109015 74660.0 8160.0 0.1142156862745098 5 32 21.0 0.0 5 32 21.0 0.0 0.16287634656109015 0
0.1142156862745098 0
63 ec.gp.GPIndividual@1961820384{-1690459264} 0.0 74660.0 8160.0 0.1142156862745098 5 34 21.0 0.0 0.1142156862745098 0
63 ec.gp.GPIndividual@384362943{-971587816} 0.0 74660.0 8160.0 0.1142156862745098 5 32 21.0 0.0 0.1142156862745098 0
63 ec.gp.GPIndividual@1735484460{-1562392283} 0.0 75160.0 12802.0 0.2507420715513201 5 32 21.0 0.0 0.2507420715513201 0
63 ec.gp.GPIndividual@1961820384{-1690459264} 0.0 75160.0 12802.0 0.2507420715513201 5 34 21.0 0.0 0.2507420715513201 0
63 ec.gp.GPIndividual@384362943{-971587816} 63 ec.gp.GPIndividual@1735484460{-1562392283} 0.0 0.0 75160.0 12802.0 0.2507420715513201 74660.0 12802.0 0.0986418161990681 5 32 21.0 0.0 5 32 21.0 0.0 0.2507420715513201 0
0.0986418161990681 0
63 ec.gp.GPIndividual@1961820384{-1690459264} 0.0 74660.0 10087.0 0.0986418161990681 5 34 21.0 0.0 0.0986418161990681 0
63 ec.gp.GPIndividual@384362943{-971587816} 0.0 74660.0 8317.0 0.0986418161990681 5 32 21.0 0.0 0.0986418161990681 0
63 ec.gp.GPIndividual@1735484460{-1562392283} 0.0 74660.0 8317.0 0.09318263797042203 5 32 21.0 0.0 0.09318263797042203 0
63 ec.gp.GPIndividual@658468790{397198100} 0.0 92920.0 10054.0 0.45335189974139645 5 12 21.0 0.0 0.45335189974139645 0
63 ec.gp.GPIndividual@658468790{397198100} 0.0 92920.0 8387.0 0.34470013115535947 5 12 21.0 0.0 0.34470013115535947 0
63 ec.gp.GPIndividual@658468790{397198100} 0.0 92920.0 14578.0 0.6229935519275621 5 12 21.0 0.0 0.6229935519275621 0
63 ec.gp.GPIndividual@658468790{397198100} 0.0 92920.0 10861.0 0.4939692477672406 5 12 21.0 0.0 0.4939692477672406 0
63 ec.gp.GPIndividual@658468790{397198100} 0.0 92920.0 8160.0 0.3264705882352941 5 12 21.0 0.0 0.3264705882352941 0
63 ec.gp.GPIndividual@658468790{397198100} 0.0 92920.0 12802.0 0.5706920793625996 5 12 21.0 0.0 0.5706920793625996 0
63 ec.gp.GPIndividual@658468790{397198100} 0.0 92920.0 10087.0 0.4551402795677605 5 12 21.0 0.0 0.4551402795677605 0
63 ec.gp.GPIndividual@658468790{397198100} 0.0 92920.0 8317.0 0.33918480221233616 5 12 21.0 0.0 0.33918480221233616 0
63 ec.gp.GPIndividual@1961820384{-1690459264} 0.0 74660.0 8317.0 0.09318263797042203 5 34 21.0 0.0 0.09318263797042203 0
63 ec.gp.GPIndividual@389712337{2012055761} 0.0 92920.0 10054.0 0.45335189974139645 5 28 21.0 0.0 0.45335189974139645 0
63 ec.gp.GPIndividual@389712337{2012055761} 0.0 92920.0 8387.0 0.34470013115535947 5 28 21.0 0.0 0.34470013115535947 0
63 ec.gp.GPIndividual@384362943{-971587816} 0.0 74660.0 8317.0 0.09318263797042203 5 32 21.0 0.0 0.09318263797042203 0
63 ec.gp.GPIndividual@389712337{2012055761} 0.0 92920.0 14578.0 0.6229935519275621 5 28 21.0 0.0 0.6229935519275621 0
63 ec.gp.GPIndividual@389712337{2012055761} 0.0 92920.0 10861.0 0.4939692477672406 5 28 21.0 0.0 0.4939692477672406 0
63 ec.gp.GPIndividual@389712337{2012055761} 0.0 92920.0 8160.0 0.3264705882352941 5 28 21.0 0.0 0.3264705882352941 0
63 ec.gp.GPIndividual@389712337{2012055761} 0.0 92920.0 12802.0 0.5706920793625996 5 28 21.0 0.0 0.5706920793625996 0
63 ec.gp.GPIndividual@389712337{2012055761} 0.0 92920.0 10087.0 0.4551402795677605 5 28 21.0 0.0 0.4551402795677605 0
63 ec.gp.GPIndividual@389712337{2012055761} 0.0 92920.0 8317.0 0.33918480221233616 5 28 21.0 0.0 0.33918480221233616 0
63 ec.gp.GPIndividual@1374828946{-1351840959} 0.0 74660.0 10054.0 0.09568331012532326 5 22 21.0 0.0 0.09568331012532326 0
63 ec.gp.GPIndividual@2136893797{1042138455} 0.0 75160.0 10054.0 0.045951859956236324 5 34 21.0 0.0 0.045951859956236324 0
63 ec.gp.GPIndividual@1374828946{-1351840959} 0.0 74660.0 8387.0 0.08405866221533326 5 22 21.0 0.0 0.08405866221533326 0
63 ec.gp.GPIndividual@2136893797{1042138455} 0.0 75160.0 8387.0 0.14367473470847741 5 34 21.0 0.0 0.14367473470847741 0
63 ec.gp.GPIndividual@2136893797{1042138455} 0.0 79222.0 14578.0 0.43819453971738237 5 34 21.0 0.0 0.43819453971738237 0
63 ec.gp.GPIndividual@1374828946{-1351840959} 0.0 70800.0 14578.0 0.26629167238304297 5 22 21.0 0.0 0.26629167238304297 0
63 ec.gp.GPIndividual@2136893797{1042138455} 0.0 75160.0 10861.0 0.1168400699751404 5 34 21.0 0.0 0.1168400699751404 0
63 ec.gp.GPIndividual@1374828946{-1351840959} 0.0 74660.0 10861.0 0.16287634656109015 5 22 21.0 0.0 0.16287634656109015 0
63 ec.gp.GPIndividual@2136893797{1042138455} 0.0 78900.0 8160.0 0.035784313725490194 5 34 21.0 0.0 0.035784313725490194 0
63 ec.gp.GPIndividual@1374828946{-1351840959} 0.0 74660.0 8160.0 0.1142156862745098 5 22 21.0 0.0 0.1142156862745098 0
63 ec.gp.GPIndividual@2136893797{1042138455} 0.0 79400.0 12802.0 0.34635213247930013 5 34 21.0 0.0 0.34635213247930013 0
63 ec.gp.GPIndividual@1374828946{-1351840959} 0.0 75160.0 12802.0 0.2507420715513201 5 22 21.0 0.0 0.2507420715513201 0
63 ec.gp.GPIndividual@2136893797{1042138455} 0.0 75160.0 10087.0 0.04907306434023991 5 34 21.0 0.0 0.04907306434023991 0
63 ec.gp.GPIndividual@2136893797{1042138455} 0.0 78900.0 8317.0 0.05398581219189612 5 34 21.0 0.0 0.05398581219189612 0
63 ec.gp.GPIndividual@1374828946{-1351840959} 0.0 74660.0 10087.0 0.0986418161990681 5 22 21.0 0.0 0.0986418161990681 0
63 ec.gp.GPIndividual@1313554502{-230204186} 0.0 92920.0 10054.0 0.45335189974139645 5 30 21.0 0.0 0.45335189974139645 0
63 ec.gp.GPIndividual@1313554502{-230204186} 0.0 92920.0 8387.0 0.34470013115535947 5 30 21.0 0.0 0.34470013115535947 0
63 ec.gp.GPIndividual@1313554502{-230204186} 0.0 92920.0 14578.0 0.6229935519275621 5 30 21.0 0.0 0.6229935519275621 0
63 ec.gp.GPIndividual@1374828946{-1351840959} 0.0 74660.0 8317.0 0.09318263797042203 5 22 21.0 0.0 0.09318263797042203 0
63 ec.gp.GPIndividual@1313554502{-230204186} 0.0 92920.0 10861.0 0.4939692477672406 5 30 21.0 0.0 0.4939692477672406 0
63 ec.gp.GPIndividual@1313554502{-230204186} 0.0 92920.0 8160.0 0.3264705882352941 5 30 21.0 0.0 0.3264705882352941 0
63 ec.gp.GPIndividual@1313554502{-230204186} 0.0 92920.0 12802.0 0.5706920793625996 5 30 21.0 0.0 0.5706920793625996 0
63 ec.gp.GPIndividual@1313554502{-230204186} 0.0 92920.0 10087.0 0.4551402795677605 5 30 21.0 0.0 0.4551402795677605 0
63 ec.gp.GPIndividual@1313554502{-230204186} 0.0 92920.0 8317.0 0.33918480221233616 5 30 21.0 0.0 0.33918480221233616 0
64 ec.gp.GPIndividual@63303306{-1404343472} 0.0 105260.0 10054.0 0.8563755719116769 1 1 21.0 0.0 0.8563755719116769 0
64 ec.gp.GPIndividual@1887526021{1666711248} 0.0 64 ec.gp.GPIndividual@1249296153{-1404343472} 0.0 64 ec.gp.GPIndividual@63303306{-1404343472} 86203.0 10054.0 0.5779789138651283 105260.0 8387.0 0.8563755719116769 0.0 1 1 21.0 0.0 5 24 21.0 0.0 105260.0 8387.0 0.8278287826397996 0.8563755719116769 0
0.5779789138651283 0
1 1 21.0 0.0 0.8278287826397996 0
64 ec.gp.GPIndividual@1249296153{-1404343472} 0.0 64 ec.gp.GPIndividual@48032273{2068523659} 105260.0 8387.0 0.8278287826397996 0.0 64 ec.gp.GPIndividual@63303306{-1404343472} 0.0 92920.0 14578.0 0.45335189974139645 1 1 21.0 0.0 105260.0 14578.0 0.9009466319110989 5 26 21.0 0.0 0.8278287826397996 0
64 ec.gp.GPIndividual@1887526021{1666711248} 0.0 86203.0 8387.0 0.4940980088231787 5 24 21.0 0.0 1 1 21.0 0.0 0.4940980088231787 0
64 ec.gp.GPIndividual@1249296153{-1404343472} 0.0 105260.0 14578.0 0.9009466319110989 1 1 21.0 0.0 0.45335189974139645 0
0.9009466319110989 0
64 ec.gp.GPIndividual@1887526021{1666711248} 0.0 86288.0 14578.0 0.7031142817944849 5 24 21.0 0.0 0.9009466319110989 0
64 ec.gp.GPIndividual@1249296153{-1404343472} 0.0 0.7031142817944849 0
64 ec.gp.GPIndividual@63303306{-1404343472} 0.0 105260.0 10861.0 0.8670472332197772 1 1 21.0 0.0 0.8670472332197772 0
64 ec.gp.GPIndividual@48032273{2068523659} 0.0 105260.0 10861.0 0.8670472332197772 92920.0 8387.0 0.34470013115535947 5 26 21.0 0.0 1 1 21.0 0.0 0.34470013115535947 0
64 ec.gp.GPIndividual@63303306{-1404343472} 0.0 105260.0 8160.0 0.8230392156862745 64 ec.gp.GPIndividual@1887526021{1666711248} 1 1 21.0 0.0 0.0 86203.0 8160.0 0.6093361568916306 0.8230392156862745 0
0.8670472332197772 0
64 ec.gp.GPIndividual@63303306{-1404343472} 0.0 105260.0 12802.0 0.8872051241993438 5 24 21.0 0.0 1 1 21.0 0.0 64 ec.gp.GPIndividual@1249296153{-1404343472} 0.6093361568916306 0
0.8872051241993438 0
0.0 105260.0 14578.0 0.8230392156862745 64 ec.gp.GPIndividual@48032273{2068523659} 64 ec.gp.GPIndividual@63303306{-1404343472} 0.0 0.0 1 1 21.0 0.0 92920.0 10087.0 0.6229935519275621 0.8230392156862745 0
105260.0 10087.0 0.8568454446317042 1 1 21.0 0.0 0.8568454446317042 0
5 26 21.0 0.0 0.6229935519275621 0
64 ec.gp.GPIndividual@1887526021{1666711248} 0.0 64 ec.gp.GPIndividual@63303306{-1404343472} 86173.0 8317.0 0.48370098039215687 0.0 105260.0 8317.0 0.8263797042202717 5 24 21.0 0.0 1 1 21.0 0.0 0.48370098039215687 0
64 ec.gp.GPIndividual@1249296153{-1404343472} 0.0 105260.0 8317.0 0.8872051241993438 0.8263797042202717 0
1 1 21.0 0.0 0.8872051241993438 0
64 ec.gp.GPIndividual@1887526021{1666711248} 64 ec.gp.GPIndividual@1249296153{-1404343472} 0.0 0.0 105260.0 10087.0 0.8568454446317042 86203.0 10087.0 0.6685674113419778 1 1 21.0 0.0 5 24 21.0 0.0 0.8568454446317042 0
0.6685674113419778 0
64 ec.gp.GPIndividual@1249296153{-1404343472} 0.0 105260.0 8317.0 0.8263797042202717 64 ec.gp.GPIndividual@48032273{2068523659} 1 1 21.0 0.0 0.0 0.8263797042202717 0
92920.0 8317.0 0.4939692477672406 5 26 21.0 0.0 0.4939692477672406 0
64 ec.gp.GPIndividual@1887526021{1666711248} 0.0 86203.0 10087.0 0.579359571725984 5 24 21.0 0.0 0.579359571725984 0
64 ec.gp.GPIndividual@1887526021{1666711248} 0.0 86173.0 8317.0 0.49344715642659615 5 24 21.0 0.0 0.49344715642659615 0
64 ec.gp.GPIndividual@48032273{2068523659} 0.0 92920.0 8160.0 0.3264705882352941 5 26 21.0 0.0 0.3264705882352941 0
64 ec.gp.GPIndividual@257778105{-1391355707} 0.0 74660.0 10054.0 0.09568331012532326 5 32 21.0 0.0 0.09568331012532326 0
64 ec.gp.GPIndividual@48032273{2068523659} 0.0 92920.0 12802.0 0.5706920793625996 5 26 21.0 0.0 0.5706920793625996 0
64 ec.gp.GPIndividual@535769937{1998733696} 0.0 75160.0 10054.0 0.045951859956236324 5 30 21.0 0.0 0.045951859956236324 0
64 ec.gp.GPIndividual@48032273{2068523659} 0.0 92920.0 10087.0 0.4551402795677605 5 26 21.0 0.0 0.4551402795677605 0
64 ec.gp.GPIndividual@48032273{2068523659} 0.0 92920.0 8317.0 0.33918480221233616 5 26 21.0 0.0 0.33918480221233616 0
64 ec.gp.GPIndividual@666690962{-289828141} 0.0 74660.0 10054.0 0.09568331012532326 5 30 21.0 0.0 0.09568331012532326 0
64 ec.gp.GPIndividual@257778105{-1391355707} 0.0 74660.0 8387.0 0.08405866221533326 5 32 21.0 0.0 0.08405866221533326 0
64 ec.gp.GPIndividual@535769937{1998733696} 0.0 75160.0 8387.0 0.14367473470847741 5 30 21.0 0.0 0.14367473470847741 0
64 ec.gp.GPIndividual@1395150564{-903153058} 0.0 74660.0 10054.0 0.09568331012532326 5 34 21.0 0.0 0.09568331012532326 0
64 ec.gp.GPIndividual@666690962{-289828141} 0.0 74660.0 8387.0 0.08405866221533326 5 30 21.0 0.0 0.08405866221533326 0
64 ec.gp.GPIndividual@535769937{1998733696} 0.0 79222.0 14578.0 0.43819453971738237 5 30 21.0 0.0 0.43819453971738237 0
64 ec.gp.GPIndividual@257778105{-1391355707} 0.0 70800.0 14578.0 0.26629167238304297 5 32 21.0 0.0 0.26629167238304297 0
64 ec.gp.GPIndividual@1395150564{-903153058} 0.0 74660.0 8387.0 0.08405866221533326 5 34 21.0 0.0 0.08405866221533326 0
64 ec.gp.GPIndividual@666690962{-289828141} 0.0 70800.0 14578.0 0.26629167238304297 5 30 21.0 0.0 0.26629167238304297 0
64 ec.gp.GPIndividual@535769937{1998733696} 0.0 75160.0 10861.0 0.1168400699751404 5 30 21.0 0.0 0.1168400699751404 0
64 ec.gp.GPIndividual@257778105{-1391355707} 0.0 74660.0 10861.0 0.16287634656109015 5 32 21.0 0.0 0.16287634656109015 0
64 ec.gp.GPIndividual@1395150564{-903153058} 0.0 70800.0 14578.0 0.26629167238304297 5 34 21.0 0.0 0.26629167238304297 0
64 ec.gp.GPIndividual@666690962{-289828141} 0.0 74660.0 10861.0 0.16287634656109015 5 30 21.0 0.0 0.16287634656109015 0
64 ec.gp.GPIndividual@535769937{1998733696} 0.0 78900.0 8160.0 0.035784313725490194 5 30 21.0 0.0 0.035784313725490194 0
64 ec.gp.GPIndividual@257778105{-1391355707} 0.0 74660.0 8160.0 0.1142156862745098 5 32 21.0 0.0 0.1142156862745098 0
64 ec.gp.GPIndividual@1395150564{-903153058} 0.0 74660.0 10861.0 0.16287634656109015 5 34 21.0 0.0 0.16287634656109015 0
64 ec.gp.GPIndividual@666690962{-289828141} 0.0 74660.0 8160.0 0.1142156862745098 5 30 21.0 0.0 0.1142156862745098 0
64 ec.gp.GPIndividual@535769937{1998733696} 0.0 79400.0 12802.0 0.34635213247930013 5 30 21.0 0.0 0.34635213247930013 0
64 ec.gp.GPIndividual@257778105{-1391355707} 0.0 75160.0 12802.0 0.2507420715513201 5 32 21.0 0.0 0.2507420715513201 0
64 ec.gp.GPIndividual@1395150564{-903153058} 0.0 74660.0 8160.0 0.1142156862745098 5 34 21.0 0.0 0.1142156862745098 0
64 ec.gp.GPIndividual@666690962{-289828141} 0.0 75160.0 12802.0 0.2507420715513201 5 30 21.0 0.0 0.2507420715513201 0
64 ec.gp.GPIndividual@535769937{1998733696} 0.0 75160.0 10087.0 0.04907306434023991 5 30 21.0 0.0 0.04907306434023991 0
64 ec.gp.GPIndividual@257778105{-1391355707} 0.0 74660.0 10087.0 0.0986418161990681 5 32 21.0 0.0 0.0986418161990681 0
64 ec.gp.GPIndividual@666690962{-289828141} 0.0 74660.0 10087.0 0.0986418161990681 5 30 21.0 0.0 0.0986418161990681 0
64 ec.gp.GPIndividual@1395150564{-903153058} 0.0 75160.0 12802.0 0.2507420715513201 5 34 21.0 0.0 0.2507420715513201 0
64 ec.gp.GPIndividual@535769937{1998733696} 0.0 78900.0 8317.0 0.05398581219189612 5 30 21.0 0.0 0.05398581219189612 0
64 ec.gp.GPIndividual@257778105{-1391355707} 0.0 74660.0 8317.0 0.09318263797042203 5 32 21.0 0.0 0.09318263797042203 0
64 ec.gp.GPIndividual@666690962{-289828141} 0.0 74660.0 8317.0 0.09318263797042203 5 30 21.0 0.0 0.09318263797042203 0
64 ec.gp.GPIndividual@1395150564{-903153058} 0.0 74660.0 10087.0 0.0986418161990681 5 34 21.0 0.0 0.0986418161990681 0
64 ec.gp.GPIndividual@1395150564{-903153058} 0.0 74660.0 8317.0 0.09318263797042203 5 34 21.0 0.0 0.09318263797042203 0
64 ec.gp.GPIndividual@141220024{211271552} 0.0 61968.0 10054.0 0.27232942112592 5 22 21.0 0.0 0.27232942112592 0
64 ec.gp.GPIndividual@141220024{211271552} 0.0 61968.0 8387.0 0.5252175986645999 5 22 21.0 0.0 0.5252175986645999 0
64 ec.gp.GPIndividual@141220024{211271552} 0.0 69984.0 14578.0 0.3222664288654136 5 22 21.0 0.0 0.3222664288654136 0
64 ec.gp.GPIndividual@141220024{211271552} 0.0 69864.0 10861.0 0.1013718810422613 5 22 21.0 0.0 0.1013718810422613 0
64 ec.gp.GPIndividual@141220024{211271552} 1.0 57228.0 8160.0 0.6563725490196078 5 22 21.0 0.0 0.6563725490196078 0
64 ec.gp.GPIndividual@141220024{211271552} 0.0 70364.0 12802.0 0.19856272457428525 5 22 21.0 0.0 0.19856272457428525 0
64 ec.gp.GPIndividual@141220024{211271552} 0.0 61316.0 10087.0 0.20352929513234858 5 22 21.0 0.0 0.20352929513234858 0
64 ec.gp.GPIndividual@141220024{211271552} 1.0 57228.0 8317.0 0.6251052062041601 5 22 21.0 0.0 0.6251052062041601 0
65 ec.gp.GPIndividual@1597046949{1905768451} 0.0 94430.0 10054.0 0.8466282076785359 5 24 21.0 0.0 0.8466282076785359 0
65 ec.gp.GPIndividual@1704048139{-1727283296} 0.0 92920.0 10054.0 0.45335189974139645 5 22 21.0 0.0 0.45335189974139645 0
65 ec.gp.GPIndividual@1597046949{1905768451} 0.0 94430.0 8387.0 0.8161440324311434 5 24 21.0 0.0 0.8161440324311434 0
65 ec.gp.GPIndividual@1704048139{-1727283296} 0.0 92920.0 8387.0 0.34470013115535947 5 22 21.0 0.0 0.34470013115535947 0
65 ec.gp.GPIndividual@1704048139{-1727283296} 0.0 92920.0 14578.0 0.6229935519275621 5 22 21.0 0.0 0.6229935519275621 0
65 ec.gp.GPIndividual@1597046949{1905768451} 0.0 91172.0 14578.0 0.7429002606667582 5 24 21.0 0.0 0.7429002606667582 0
65 ec.gp.GPIndividual@1704048139{-1727283296} 0.0 92920.0 10861.0 0.4939692477672406 5 22 21.0 0.0 0.4939692477672406 0
65 ec.gp.GPIndividual@1597046949{1905768451} 0.0 91406.0 10861.0 0.6333670932694964 5 24 21.0 0.0 65 ec.gp.GPIndividual@1704048139{-1727283296} 0.6333670932694964 0
0.0 92920.0 8160.0 0.3264705882352941 5 22 21.0 0.0 0.3264705882352941 0
65 ec.gp.GPIndividual@1597046949{1905768451} 0.0 94339.0 8160.0 0.8221813725490196 5 24 21.0 0.0 0.8221813725490196 0
65 ec.gp.GPIndividual@1704048139{-1727283296} 0.0 92920.0 12802.0 0.5706920793625996 5 22 21.0 0.0 0.5706920793625996 0
65 ec.gp.GPIndividual@1597046949{1905768451} 0.0 91406.0 12802.0 0.6889548508045618 5 24 21.0 0.0 0.6889548508045618 0
65 ec.gp.GPIndividual@1704048139{-1727283296} 0.0 92920.0 10054.0 0.4551402795677605 5 22 21.0 0.0 0.4551402795677605 0
65 ec.gp.GPIndividual@1597046949{1905768451} 0.0 94463.0 10087.0 0.8438584316446912 65 ec.gp.GPIndividual@1870248666{868484333} 5 24 21.0 0.0 0.0 0.8438584316446912 0
74660.0 10087.0 0.09568331012532326 5 34 21.0 0.0 0.09568331012532326 0
65 ec.gp.GPIndividual@1597046949{1905768451} 0.0 94339.0 8317.0 0.8255380545869905 65 ec.gp.GPIndividual@1704048139{-1727283296} 5 24 21.0 0.0 0.0 0.8255380545869905 0
65 ec.gp.GPIndividual@989651286{2143633630} 92920.0 8317.0 0.33918480221233616 0.0 5 22 21.0 0.0 0.33918480221233616 0
74660.0 10054.0 0.09568331012532326 5 28 21.0 0.0 0.09568331012532326 0
65 ec.gp.GPIndividual@1870248666{868484333} 0.0 74660.0 8387.0 0.08405866221533326 5 34 21.0 0.0 0.08405866221533326 0
65 ec.gp.GPIndividual@989651286{2143633630} 0.0 74660.0 8387.0 0.08405866221533326 5 28 21.0 0.0 0.08405866221533326 0
65 ec.gp.GPIndividual@1870248666{868484333} 0.0 70800.0 14578.0 0.26629167238304297 5 34 21.0 0.0 0.26629167238304297 0
65 ec.gp.GPIndividual@989651286{2143633630} 0.0 70800.0 14578.0 0.26629167238304297 5 28 21.0 0.0 0.26629167238304297 0
65 ec.gp.GPIndividual@1870248666{868484333} 0.0 74660.0 10861.0 0.16287634656109015 5 34 21.0 0.0 0.16287634656109015 0
65 ec.gp.GPIndividual@989651286{2143633630} 0.0 74660.0 10861.0 0.16287634656109015 5 28 21.0 0.0 0.16287634656109015 0
65 ec.gp.GPIndividual@1870248666{868484333} 0.0 74660.0 8160.0 0.1142156862745098 5 34 21.0 0.0 0.1142156862745098 0
65 ec.gp.GPIndividual@989651286{2143633630} 0.0 74660.0 8160.0 0.1142156862745098 5 28 21.0 0.0 0.1142156862745098 0
65 ec.gp.GPIndividual@1870248666{868484333} 0.0 75160.0 12802.0 0.2507420715513201 5 34 21.0 0.0 0.2507420715513201 0
65 ec.gp.GPIndividual@989651286{2143633630} 0.0 75160.0 12802.0 0.2507420715513201 5 28 21.0 0.0 0.2507420715513201 0
65 ec.gp.GPIndividual@1870248666{868484333} 0.0 74660.0 10087.0 0.0986418161990681 5 34 21.0 0.0 0.0986418161990681 0
65 ec.gp.GPIndividual@989651286{2143633630} 0.0 74660.0 10087.0 0.0986418161990681 5 28 21.0 0.0 0.0986418161990681 0
65 ec.gp.GPIndividual@1870248666{868484333} 0.0 74660.0 8317.0 0.09318263797042203 5 34 21.0 0.0 0.09318263797042203 0
65 ec.gp.GPIndividual@989651286{2143633630} 0.0 74660.0 8317.0 0.09318263797042203 5 28 21.0 0.0 0.09318263797042203 0
65 ec.gp.GPIndividual@534243873{-1404343472} 0.0 105260.0 10054.0 0.8563755719116769 1 1 21.0 0.0 0.8563755719116769 0
65 ec.gp.GPIndividual@534243873{-1404343472} 0.0 105260.0 8387.0 0.8278287826397996 1 1 21.0 0.0 0.8278287826397996 0
65 ec.gp.GPIndividual@534243873{-1404343472} 0.0 105260.0 14578.0 0.9009466319110989 1 1 21.0 0.0 0.9009466319110989 0
65 ec.gp.GPIndividual@534243873{-1404343472} 0.0 105260.0 10861.0 0.8670472332197772 1 1 21.0 0.0 0.8670472332197772 0
65 ec.gp.GPIndividual@534243873{-1404343472} 0.0 105260.0 8160.0 0.8230392156862745 1 1 21.0 0.0 0.8230392156862745 0
65 ec.gp.GPIndividual@534243873{-1404343472} 0.0 105260.0 12802.0 0.8872051241993438 1 1 21.0 0.0 0.8872051241993438 0
65 ec.gp.GPIndividual@534243873{-1404343472} 0.0 105260.0 10087.0 0.8568454446317042 1 1 21.0 0.0 0.8568454446317042 0
65 ec.gp.GPIndividual@534243873{-1404343472} 0.0 105260.0 8317.0 0.8263797042202717 1 1 21.0 0.0 0.8263797042202717 0
65 ec.gp.GPIndividual@870791772{1569189111} 0.0 84442.0 10054.0 0.2096677939128705 5 20 21.0 0.0 0.2096677939128705 0
65 ec.gp.GPIndividual@870791772{1569189111} 0.0 84442.0 8387.0 0.052581375938953144 5 20 21.0 0.0 0.052581375938953144 0
65 ec.gp.GPIndividual@870791772{1569189111} 0.0 84442.0 14578.0 0.45493208944985597 5 20 21.0 0.0 0.45493208944985597 0
65 ec.gp.GPIndividual@870791772{1569189111} 0.0 84442.0 10861.0 0.2683914924960869 5 20 21.0 0.0 0.2683914924960869 0
65 ec.gp.GPIndividual@870791772{1569189111} 0.0 84442.0 8160.0 0.026225490196078432 5 20 21.0 0.0 0.026225490196078432 0
65 ec.gp.GPIndividual@870791772{1569189111} 0.0 84442.0 12802.0 0.379315731916888 5 20 21.0 0.0 0.379315731916888 0
65 ec.gp.GPIndividual@870791772{1569189111} 0.0 84442.0 10087.0 0.21225339545950234 5 20 21.0 0.0 0.21225339545950234 0
65 ec.gp.GPIndividual@870791772{1569189111} 0.0 84442.0 8317.0 0.04460743056390525 5 20 21.0 0.0 0.04460743056390525 0
65 ec.gp.GPIndividual@1892698608{575218066} 0.0 77757.0 10054.0 0.3311119952257808 5 30 21.0 0.0 0.3311119952257808 0
65 ec.gp.GPIndividual@1892698608{575218066} 0.0 77757.0 8387.0 0.19816382496721116 5 30 21.0 0.0 0.19816382496721116 0
65 ec.gp.GPIndividual@1892698608{575218066} 0.0 77842.0 14578.0 0.532857730827274 5 30 21.0 0.0 0.532857730827274 0
65 ec.gp.GPIndividual@1892698608{575218066} 0.0 77757.0 10861.0 0.38081207991897614 5 30 21.0 0.0 0.38081207991897614 0
65 ec.gp.GPIndividual@1892698608{575218066} 0.0 77757.0 8160.0 0.17585784313725492 5 30 21.0 0.0 0.17585784313725492 0
65 ec.gp.GPIndividual@1892698608{575218066} 0.0 77791.0 12802.0 0.47203561943446337 5 30 21.0 0.0 0.47203561943446337 0
65 ec.gp.GPIndividual@1892698608{575218066} 0.0 77757.0 10087.0 0.3333002874987608 5 30 21.0 0.0 0.3333002874987608 0
65 ec.gp.GPIndividual@1892698608{575218066} 0.0 77757.0 8317.0 0.19141517374053144 5 30 21.0 0.0 0.19141517374053144 0
66 ec.gp.GPIndividual@735578501{600646622} 0.0 101188.0 10054.0 0.7179232146409389 5 18 21.0 0.0 0.7179232146409389 0
66 ec.gp.GPIndividual@735578501{600646622} 0.0 101188.0 8387.0 0.6618576368188863 5 18 21.0 0.0 0.6618576368188863 0
66 ec.gp.GPIndividual@735578501{600646622} 0.0 101188.0 14578.0 0.805460282617643 5 18 21.0 0.0 0.805460282617643 0
66 ec.gp.GPIndividual@735578501{600646622} 0.0 101188.0 10861.0 0.7388822392044931 5 18 21.0 0.0 0.7388822392044931 0
66 ec.gp.GPIndividual@735578501{600646622} 0.0 101188.0 8160.0 0.6524509803921569 5 18 21.0 0.0 0.6524509803921569 0
66 ec.gp.GPIndividual@735578501{600646622} 0.0 101188.0 12802.0 0.7784721137322294 5 18 21.0 0.0 0.7784721137322294 0
66 ec.gp.GPIndividual@871467677{-752840637} 0.0 84442.0 10054.0 0.2096677939128705 66 ec.gp.GPIndividual@735578501{600646622} 5 30 21.0 0.0 0.0 0.2096677939128705 0
101188.0 10087.0 0.7188460394567264 5 18 21.0 0.0 0.7188460394567264 0
66 ec.gp.GPIndividual@735578501{600646622} 0.0 101188.0 8317.0 0.6590116628592041 5 18 21.0 0.0 0.6590116628592041 0
66 ec.gp.GPIndividual@871467677{-752840637} 0.0 84442.0 8387.0 0.052581375938953144 5 30 21.0 0.0 0.052581375938953144 0
66 ec.gp.GPIndividual@2070089931{1687536189} 0.0 79122.0 10054.0 0.19534513626417346 5 28 21.0 0.0 0.19534513626417346 0
66 ec.gp.GPIndividual@871467677{-752840637} 0.0 84442.0 14578.0 0.45493208944985597 5 30 21.0 0.0 0.45493208944985597 0
66 ec.gp.GPIndividual@1273766517{-740432323} 0.0 74660.0 10054.0 0.09568331012532326 5 28 21.0 0.0 0.09568331012532326 0
66 ec.gp.GPIndividual@871467677{-752840637} 0.0 84442.0 10861.0 0.2683914924960869 5 30 21.0 0.0 0.2683914924960869 0
66 ec.gp.GPIndividual@1919348488{1852132340} 0.0 74660.0 10054.0 0.09568331012532326 5 34 21.0 0.0 0.09568331012532326 0
66 ec.gp.GPIndividual@1797688261{1039104779} 0.0 74660.0 10054.0 0.09568331012532326 5 24 21.0 0.0 0.09568331012532326 0
66 ec.gp.GPIndividual@2070089931{1687536189} 0.0 79122.0 8387.0 0.03541194706092762 5 28 21.0 0.0 0.03541194706092762 0
66 ec.gp.GPIndividual@871467677{-752840637} 0.0 84442.0 8160.0 0.026225490196078432 5 30 21.0 0.0 0.026225490196078432 0
66 ec.gp.GPIndividual@2070089931{1687536189} 0.0 87078.0 14578.0 0.6489230347098367 5 28 21.0 0.0 0.6489230347098367 0
66 ec.gp.GPIndividual@871467677{-752840637} 0.0 84442.0 12802.0 0.379315731916888 5 30 21.0 0.0 0.379315731916888 0
66 ec.gp.GPIndividual@1273766517{-740432323} 0.0 74660.0 8387.0 0.08405866221533326 5 28 21.0 0.0 0.08405866221533326 0
66 ec.gp.GPIndividual@871467677{-752840637} 0.0 84442.0 10087.0 0.21225339545950234 5 30 21.0 0.0 0.21225339545950234 0
66 ec.gp.GPIndividual@1919348488{1852132340} 0.0 66 ec.gp.GPIndividual@1797688261{1039104779} 74660.0 8387.0 0.08405866221533326 0.0 5 34 21.0 0.0 74660.0 8387.0 0.08405866221533326 0.08405866221533326 0
5 24 21.0 0.0 0.08405866221533326 0
66 ec.gp.GPIndividual@2070089931{1687536189} 0.0 79122.0 10861.0 0.2551330448393334 5 28 21.0 0.0 0.2551330448393334 0
66 ec.gp.GPIndividual@871467677{-752840637} 0.0 84442.0 8317.0 0.04460743056390525 5 30 21.0 0.0 0.04460743056390525 0
66 ec.gp.GPIndividual@2070089931{1687536189} 0.0 83138.0 8160.0 0.1860294117647059 5 28 21.0 0.0 0.1860294117647059 0
66 ec.gp.GPIndividual@2070089931{1687536189} 0.0 83360.0 12802.0 0.4638337759725043 5 28 21.0 0.0 0.4638337759725043 0
66 ec.gp.GPIndividual@1273766517{-740432323} 0.0 70800.0 14578.0 0.26629167238304297 5 28 21.0 0.0 0.26629167238304297 0
66 ec.gp.GPIndividual@2025255884{1917721477} 0.0 74660.0 10054.0 0.09568331012532326 5 34 21.0 0.0 0.09568331012532326 0
66 ec.gp.GPIndividual@1919348488{1852132340} 0.0 70800.0 14578.0 0.26629167238304297 5 34 21.0 0.0 0.26629167238304297 0
66 ec.gp.GPIndividual@1797688261{1039104779} 0.0 70800.0 14578.0 0.26629167238304297 5 24 21.0 0.0 0.26629167238304297 0
66 ec.gp.GPIndividual@2070089931{1687536189} 0.0 79122.0 10087.0 0.1979775949241598 5 28 21.0 0.0 0.1979775949241598 0
66 ec.gp.GPIndividual@1273766517{-740432323} 0.0 74660.0 10861.0 0.16287634656109015 5 28 21.0 0.0 0.16287634656109015 0
66 ec.gp.GPIndividual@2070089931{1687536189} 0.0 83138.0 8317.0 0.2013947336780089 5 28 21.0 0.0 0.2013947336780089 0
66 ec.gp.GPIndividual@2025255884{1917721477} 0.0 74660.0 8387.0 0.08405866221533326 5 34 21.0 0.0 0.08405866221533326 0
66 ec.gp.GPIndividual@1919348488{1852132340} 0.0 74660.0 10861.0 0.16287634656109015 5 34 21.0 0.0 0.16287634656109015 0
66 ec.gp.GPIndividual@1797688261{1039104779} 0.0 74660.0 10861.0 0.16287634656109015 5 24 21.0 0.0 0.16287634656109015 0
66 ec.gp.GPIndividual@1273766517{-740432323} 0.0 74660.0 8160.0 0.1142156862745098 5 28 21.0 0.0 0.1142156862745098 0
66 ec.gp.GPIndividual@1919348488{1852132340} 0.0 74660.0 8160.0 0.1142156862745098 5 34 21.0 0.0 0.1142156862745098 0
66 ec.gp.GPIndividual@1797688261{1039104779} 0.0 74660.0 8160.0 0.1142156862745098 5 24 21.0 0.0 0.1142156862745098 0
66 ec.gp.GPIndividual@2025255884{1917721477} 0.0 70800.0 14578.0 0.26629167238304297 5 34 21.0 0.0 0.26629167238304297 0
66 ec.gp.GPIndividual@1273766517{-740432323} 0.0 75160.0 12802.0 0.2507420715513201 5 28 21.0 0.0 0.2507420715513201 0
66 ec.gp.GPIndividual@1919348488{1852132340} 0.0 75160.0 12802.0 0.2507420715513201 5 34 21.0 0.0 0.2507420715513201 0
66 ec.gp.GPIndividual@1797688261{1039104779} 0.0 75160.0 12802.0 0.2507420715513201 5 24 21.0 0.0 0.2507420715513201 0
66 ec.gp.GPIndividual@2025255884{1917721477} 0.0 74660.0 10861.0 0.16287634656109015 5 34 21.0 0.0 0.16287634656109015 0
66 ec.gp.GPIndividual@1273766517{-740432323} 0.0 74660.0 10087.0 0.0986418161990681 5 28 21.0 0.0 0.0986418161990681 0
66 ec.gp.GPIndividual@1919348488{1852132340} 0.0 74660.0 10087.0 0.0986418161990681 5 34 21.0 0.0 0.0986418161990681 0
66 ec.gp.GPIndividual@1797688261{1039104779} 0.0 74660.0 10087.0 0.0986418161990681 5 24 21.0 0.0 0.0986418161990681 0
66 ec.gp.GPIndividual@2025255884{1917721477} 0.0 74660.0 8160.0 0.1142156862745098 5 34 21.0 0.0 0.1142156862745098 0
66 ec.gp.GPIndividual@1273766517{-740432323} 0.0 74660.0 8317.0 0.09318263797042203 5 28 21.0 0.0 0.09318263797042203 0
66 ec.gp.GPIndividual@1919348488{1852132340} 0.0 74660.0 8317.0 0.09318263797042203 5 34 21.0 0.0 0.09318263797042203 0
66 ec.gp.GPIndividual@1797688261{1039104779} 0.0 74660.0 8317.0 0.09318263797042203 5 24 21.0 0.0 0.09318263797042203 0
66 ec.gp.GPIndividual@1187537617{2532334} 0.0 77757.0 10054.0 0.3311119952257808 5 20 21.0 0.0 0.3311119952257808 0
66 ec.gp.GPIndividual@1187537617{2532334} 0.0 77757.0 8387.0 0.19816382496721116 5 20 21.0 0.0 0.19816382496721116 0
66 ec.gp.GPIndividual@1187537617{2532334} 0.0 77803.0 14578.0 0.5355329949238579 5 20 21.0 0.0 0.5355329949238579 0
66 ec.gp.GPIndividual@2025255884{1917721477} 0.0 75160.0 12802.0 0.2507420715513201 5 34 21.0 0.0 0.2507420715513201 0
66 ec.gp.GPIndividual@772130171{-1533664018} 0.0 74660.0 10054.0 0.09568331012532326 5 30 21.0 0.0 0.09568331012532326 0
66 ec.gp.GPIndividual@1187537617{2532334} 0.0 77757.0 10861.0 0.38081207991897614 5 20 21.0 0.0 0.38081207991897614 0
66 ec.gp.GPIndividual@1187537617{2532334} 0.0 77757.0 8160.0 0.17585784313725492 5 20 21.0 0.0 0.17585784313725492 0
66 ec.gp.GPIndividual@1187537617{2532334} 0.0 77770.0 12802.0 0.4736759881268552 5 20 21.0 0.0 0.4736759881268552 0
66 ec.gp.GPIndividual@1187537617{2532334} 0.0 77757.0 10087.0 0.3333002874987608 5 20 21.0 0.0 0.3333002874987608 0
66 ec.gp.GPIndividual@1187537617{2532334} 0.0 77757.0 8317.0 0.19141517374053144 5 20 21.0 0.0 0.19141517374053144 0
66 ec.gp.GPIndividual@2025255884{1917721477} 0.0 74660.0 10087.0 0.0986418161990681 5 34 21.0 0.0 0.0986418161990681 0
66 ec.gp.GPIndividual@772130171{-1533664018} 0.0 74660.0 8387.0 0.08405866221533326 5 30 21.0 0.0 0.08405866221533326 0
66 ec.gp.GPIndividual@2025255884{1917721477} 0.0 74660.0 8317.0 0.09318263797042203 5 34 21.0 0.0 0.09318263797042203 0
66 ec.gp.GPIndividual@772130171{-1533664018} 0.0 70800.0 14578.0 0.26629167238304297 5 30 21.0 0.0 0.26629167238304297 0
66 ec.gp.GPIndividual@772130171{-1533664018} 0.0 74660.0 10861.0 0.16287634656109015 5 30 21.0 0.0 0.16287634656109015 0
66 ec.gp.GPIndividual@772130171{-1533664018} 0.0 74660.0 8160.0 0.1142156862745098 5 30 21.0 0.0 0.1142156862745098 0
66 ec.gp.GPIndividual@772130171{-1533664018} 0.0 75160.0 12802.0 0.2507420715513201 5 30 21.0 0.0 0.2507420715513201 0
66 ec.gp.GPIndividual@772130171{-1533664018} 0.0 74660.0 10087.0 0.0986418161990681 5 30 21.0 0.0 0.0986418161990681 0
66 ec.gp.GPIndividual@772130171{-1533664018} 0.0 74660.0 8317.0 0.09318263797042203 5 30 21.0 0.0 0.09318263797042203 0
67 ec.gp.GPIndividual@621983751{-1404343472} 0.0 105260.0 10054.0 0.8563755719116769 1 1 21.0 0.0 0.8563755719116769 0
67 ec.gp.GPIndividual@621983751{-1404343472} 0.0 105260.0 8387.0 0.8278287826397996 1 1 21.0 0.0 0.8278287826397996 0
67 ec.gp.GPIndividual@621983751{-1404343472} 0.0 105260.0 14578.0 0.9009466319110989 1 1 21.0 0.0 0.9009466319110989 0
67 ec.gp.GPIndividual@621983751{-1404343472} 0.0 105260.0 10861.0 0.8670472332197772 1 1 21.0 0.0 0.8670472332197772 0
67 ec.gp.GPIndividual@621983751{-1404343472} 0.0 105260.0 8160.0 0.8230392156862745 1 1 21.0 0.0 0.8230392156862745 0
67 ec.gp.GPIndividual@621983751{-1404343472} 0.0 105260.0 12802.0 0.8872051241993438 1 1 21.0 0.0 0.8872051241993438 0
67 ec.gp.GPIndividual@621983751{-1404343472} 0.0 105260.0 10087.0 0.8568454446317042 1 1 21.0 0.0 0.8568454446317042 0
67 ec.gp.GPIndividual@621983751{-1404343472} 0.0 105260.0 8317.0 0.8263797042202717 1 1 21.0 0.0 0.8263797042202717 0
67 ec.gp.GPIndividual@514142768{1903524098} 0.0 69106.0 10054.0 0.1046349711557589 5 26 21.0 0.0 0.1046349711557589 0
67 ec.gp.GPIndividual@514142768{1903524098} 0.0 69106.0 8387.0 0.0733277691665673 5 26 21.0 0.0 0.0733277691665673 0
67 ec.gp.GPIndividual@514142768{1903524098} 0.0 73290.0 14578.0 0.47029770887638905 5 26 21.0 0.0 0.47029770887638905 0
67 ec.gp.GPIndividual@1070330161{-1391355707} 67 ec.gp.GPIndividual@1548568798{-1800726751} 1.0 1.0 74660.0 10054.0 0.09568331012532326 74660.0 10054.0 0.09568331012532326 5 32 21.0 0.0 5 32 21.0 0.0 0.09568331012532326 0
67 ec.gp.GPIndividual@2017008546{-1001992433} 67 ec.gp.GPIndividual@288986960{-630343827} 1.0 1.0 74660.0 10054.0 0.09568331012532326 74660.0 10054.0 0.09568331012532326 5 24 21.0 0.0 0.09568331012532326 0
5 32 21.0 0.0 0.09568331012532326 0
0.09568331012532326 0
67 ec.gp.GPIndividual@1070330161{-1391355707} 0.0 74660.0 8387.0 0.08405866221533326 5 32 21.0 0.0 0.08405866221533326 0
67 ec.gp.GPIndividual@1548568798{-1800726751} 0.0 74660.0 8387.0 0.08405866221533326 5 32 21.0 0.0 0.08405866221533326 0
67 ec.gp.GPIndividual@514142768{1903524098} 0.0 69106.0 10861.0 0.17116287634656108 5 26 21.0 0.0 0.17116287634656108 0
67 ec.gp.GPIndividual@514142768{1903524098} 0.0 69106.0 8160.0 0.10318627450980392 5 26 21.0 0.0 0.10318627450980392 0
67 ec.gp.GPIndividual@2017008546{-1001992433} 0.0 74660.0 8387.0 0.08405866221533326 5 32 21.0 0.0 0.08405866221533326 0
67 ec.gp.GPIndividual@288986960{-630343827} 1.0 74660.0 8387.0 0.08405866221533326 5 24 21.0 0.0 0.08405866221533326 0
67 ec.gp.GPIndividual@514142768{1903524098} 0.0 73344.0 12802.0 0.3925949070457741 5 26 21.0 0.0 0.3925949070457741 0
67 ec.gp.GPIndividual@1070330161{-1391355707} 1.0 70800.0 14578.0 0.26629167238304297 5 32 21.0 0.0 0.26629167238304297 0
67 ec.gp.GPIndividual@1548568798{-1800726751} 1.0 70800.0 14578.0 0.26629167238304297 5 32 21.0 0.0 0.26629167238304297 0
67 ec.gp.GPIndividual@2017008546{-1001992433} 0.0 70800.0 14578.0 0.26629167238304297 5 32 21.0 0.0 0.26629167238304297 0
67 ec.gp.GPIndividual@288986960{-630343827} 0.0 70800.0 14578.0 0.26629167238304297 5 24 21.0 0.0 0.26629167238304297 0
67 ec.gp.GPIndividual@514142768{1903524098} 0.0 69106.0 10087.0 0.10756419153365718 5 26 21.0 0.0 0.10756419153365718 0
67 ec.gp.GPIndividual@1070330161{-1391355707} 0.0 74660.0 10861.0 0.16287634656109015 5 32 21.0 0.0 0.16287634656109015 0
67 ec.gp.GPIndividual@1548568798{-1800726751} 0.0 74660.0 10861.0 0.16287634656109015 5 32 21.0 0.0 0.16287634656109015 0
67 ec.gp.GPIndividual@2017008546{-1001992433} 0.0 74660.0 10861.0 0.16287634656109015 5 32 21.0 0.0 0.16287634656109015 0
67 ec.gp.GPIndividual@288986960{-630343827} 0.0 74660.0 10861.0 0.16287634656109015 5 24 21.0 0.0 0.16287634656109015 0
67 ec.gp.GPIndividual@1070330161{-1391355707} 0.0 74660.0 8160.0 0.1142156862745098 5 32 21.0 0.0 0.1142156862745098 0
67 ec.gp.GPIndividual@514142768{1903524098} 0.0 69106.0 8317.0 0.08236142839966334 5 26 21.0 0.0 0.08236142839966334 0
67 ec.gp.GPIndividual@1548568798{-1800726751} 0.0 74660.0 8160.0 0.1142156862745098 5 32 21.0 0.0 0.1142156862745098 0
67 ec.gp.GPIndividual@2017008546{-1001992433} 0.0 74660.0 8160.0 0.1142156862745098 5 32 21.0 0.0 0.1142156862745098 0
67 ec.gp.GPIndividual@288986960{-630343827} 0.0 74660.0 8160.0 0.1142156862745098 5 24 21.0 0.0 0.1142156862745098 0
67 ec.gp.GPIndividual@1070330161{-1391355707} 0.0 75160.0 12802.0 0.2507420715513201 5 32 21.0 0.0 0.2507420715513201 0
67 ec.gp.GPIndividual@1548568798{-1800726751} 0.0 75160.0 12802.0 0.2507420715513201 5 32 21.0 0.0 0.2507420715513201 0
67 ec.gp.GPIndividual@2017008546{-1001992433} 1.0 75160.0 12802.0 0.2507420715513201 5 32 21.0 0.0 0.2507420715513201 0
67 ec.gp.GPIndividual@1070330161{-1391355707} 1.0 74660.0 10087.0 0.0986418161990681 5 32 21.0 0.0 0.0986418161990681 0
67 ec.gp.GPIndividual@288986960{-630343827} 1.0 75160.0 12802.0 0.2507420715513201 5 24 21.0 0.0 0.2507420715513201 0
67 ec.gp.GPIndividual@2017008546{-1001992433} 0.0 74660.0 10087.0 0.0986418161990681 5 32 21.0 0.0 0.0986418161990681 0
67 ec.gp.GPIndividual@1548568798{-1800726751} 0.0 74660.0 10087.0 0.0986418161990681 5 32 21.0 0.0 0.0986418161990681 0
67 ec.gp.GPIndividual@1070330161{-1391355707} 0.0 74660.0 8317.0 0.09318263797042203 5 32 21.0 0.0 0.09318263797042203 0
67 ec.gp.GPIndividual@1755904581{-1711192050} 0.0 101188.0 10054.0 0.7179232146409389 5 18 21.0 0.0 0.7179232146409389 0
67 ec.gp.GPIndividual@1755904581{-1711192050} 0.0 101188.0 8387.0 0.6618576368188863 5 18 21.0 0.0 0.6618576368188863 0
67 ec.gp.GPIndividual@1755904581{-1711192050} 0.0 101188.0 14578.0 0.805460282617643 5 18 21.0 0.0 0.805460282617643 0
67 ec.gp.GPIndividual@1755904581{-1711192050} 0.0 101188.0 10861.0 0.7388822392044931 5 18 21.0 0.0 0.7388822392044931 0
67 ec.gp.GPIndividual@288986960{-630343827} 67 ec.gp.GPIndividual@1755904581{-1711192050} 0.0 0.0 74660.0 8160.0 0.0986418161990681 101188.0 8160.0 0.6524509803921569 5 24 21.0 0.0 5 18 21.0 0.0 0.0986418161990681 0
0.6524509803921569 0
67 ec.gp.GPIndividual@1755904581{-1711192050} 0.0 101188.0 12802.0 0.7784721137322294 5 18 21.0 0.0 0.7784721137322294 0
67 ec.gp.GPIndividual@1755904581{-1711192050} 0.0 101188.0 10087.0 0.7188460394567264 5 18 21.0 0.0 0.7188460394567264 0
67 ec.gp.GPIndividual@1755904581{-1711192050} 0.0 101188.0 8317.0 0.6590116628592041 5 18 21.0 0.0 0.6590116628592041 0
67 ec.gp.GPIndividual@1115525807{614520486} 0.0 88682.0 10054.0 0.3314103839267953 5 18 21.0 0.0 0.3314103839267953 0
67 ec.gp.GPIndividual@2017008546{-1001992433} 0.0 74660.0 8317.0 0.09318263797042203 5 32 21.0 0.0 0.09318263797042203 0
67 ec.gp.GPIndividual@1548568798{-1800726751} 67 ec.gp.GPIndividual@1115525807{614520486} 0.0 0.0 74660.0 8387.0 0.09318263797042203 88682.0 8387.0 0.19852152140217003 5 32 21.0 0.0 5 18 21.0 0.0 0.09318263797042203 0
0.19852152140217003 0
67 ec.gp.GPIndividual@1115525807{614520486} 0.0 88682.0 14578.0 0.538894224173412 5 18 21.0 0.0 0.538894224173412 0
67 ec.gp.GPIndividual@1115525807{614520486} 0.0 88682.0 10861.0 0.38108829757849183 5 18 21.0 0.0 0.38108829757849183 0
67 ec.gp.GPIndividual@1115525807{614520486} 0.0 88682.0 8160.0 0.17622549019607844 5 18 21.0 0.0 0.17622549019607844 0
67 ec.gp.GPIndividual@1115525807{614520486} 0.0 88682.0 12802.0 0.47492579284486797 5 18 21.0 0.0 0.47492579284486797 0
67 ec.gp.GPIndividual@288986960{-630343827} 0.0 74660.0 8317.0 0.09318263797042203 5 24 21.0 0.0 0.09318263797042203 0
67 ec.gp.GPIndividual@1115525807{614520486} 0.0 88682.0 10087.0 0.33359770000991373 5 18 21.0 0.0 0.33359770000991373 0
67 ec.gp.GPIndividual@1115525807{614520486} 0.0 88682.0 8317.0 0.1917758807262234 5 18 21.0 0.0 0.1917758807262234 0
67 ec.gp.GPIndividual@2126546663{-791420381} 0.0 74660.0 10054.0 0.09568331012532326 5 28 21.0 0.0 0.09568331012532326 0
67 ec.gp.GPIndividual@1478451302{1035208534} 0.0 74660.0 10054.0 0.09568331012532326 5 36 21.0 0.0 0.09568331012532326 0
67 ec.gp.GPIndividual@2126546663{-791420381} 0.0 74660.0 8387.0 0.08405866221533326 5 28 21.0 0.0 0.08405866221533326 0
67 ec.gp.GPIndividual@1478451302{1035208534} 0.0 74660.0 8387.0 0.08405866221533326 5 36 21.0 0.0 0.08405866221533326 0
67 ec.gp.GPIndividual@2126546663{-791420381} 0.0 70800.0 14578.0 0.26629167238304297 5 28 21.0 0.0 0.26629167238304297 0
67 ec.gp.GPIndividual@1478451302{1035208534} 0.0 70800.0 14578.0 0.26629167238304297 5 36 21.0 0.0 0.26629167238304297 0
67 ec.gp.GPIndividual@2126546663{-791420381} 0.0 74660.0 10861.0 0.16287634656109015 5 28 21.0 0.0 0.16287634656109015 0
67 ec.gp.GPIndividual@1478451302{1035208534} 0.0 74660.0 10861.0 0.16287634656109015 5 36 21.0 0.0 0.16287634656109015 0
67 ec.gp.GPIndividual@2126546663{-791420381} 0.0 74660.0 8160.0 0.1142156862745098 5 28 21.0 0.0 0.1142156862745098 0
67 ec.gp.GPIndividual@1478451302{1035208534} 0.0 74660.0 8160.0 0.1142156862745098 5 36 21.0 0.0 0.1142156862745098 0
67 ec.gp.GPIndividual@2126546663{-791420381} 0.0 75160.0 12802.0 0.2507420715513201 5 28 21.0 0.0 0.2507420715513201 0
67 ec.gp.GPIndividual@1478451302{1035208534} 0.0 75160.0 12802.0 0.2507420715513201 5 36 21.0 0.0 0.2507420715513201 0
67 ec.gp.GPIndividual@2126546663{-791420381} 0.0 74660.0 10087.0 0.0986418161990681 5 28 21.0 0.0 0.0986418161990681 0
67 ec.gp.GPIndividual@1478451302{1035208534} 0.0 74660.0 10087.0 0.0986418161990681 5 36 21.0 0.0 0.0986418161990681 0
67 ec.gp.GPIndividual@2126546663{-791420381} 0.0 74660.0 8317.0 0.09318263797042203 5 28 21.0 0.0 0.09318263797042203 0
67 ec.gp.GPIndividual@1478451302{1035208534} 0.0 74660.0 8317.0 0.09318263797042203 5 36 21.0 0.0 0.09318263797042203 0
68 ec.gp.GPIndividual@526547993{2014859698} 0.0 92920.0 10054.0 0.45335189974139645 5 26 21.0 0.0 0.45335189974139645 0
68 ec.gp.GPIndividual@526547993{2014859698} 0.0 92920.0 8387.0 0.34470013115535947 5 26 21.0 0.0 0.34470013115535947 0
68 ec.gp.GPIndividual@526547993{2014859698} 0.0 92920.0 14578.0 0.6229935519275621 5 26 21.0 0.0 0.6229935519275621 0
68 ec.gp.GPIndividual@526547993{2014859698} 0.0 92920.0 10054.0 0.4939692477672406 5 26 21.0 0.0 0.4939692477672406 0
68 ec.gp.GPIndividual@991545062{478018429} 0.0 78455.0 10054.0 0.26168689078973545 5 34 21.0 0.0 0.26168689078973545 0
68 ec.gp.GPIndividual@526547993{2014859698} 0.0 92920.0 8160.0 0.3264705882352941 5 26 21.0 0.0 0.3264705882352941 0
68 ec.gp.GPIndividual@526547993{2014859698} 0.0 92920.0 12802.0 0.5706920793625996 5 26 21.0 0.0 0.5706920793625996 0
68 ec.gp.GPIndividual@526547993{2014859698} 0.0 92920.0 10087.0 0.4551402795677605 5 26 21.0 0.0 0.4551402795677605 0
68 ec.gp.GPIndividual@526547993{2014859698} 0.0 92920.0 8317.0 0.33918480221233616 5 26 21.0 0.0 0.33918480221233616 0
68 ec.gp.GPIndividual@991545062{478018429} 0.0 78455.0 8387.0 0.11493978776678193 5 34 21.0 0.0 0.11493978776678193 0
68 ec.gp.GPIndividual@991545062{478018429} 0.0 79242.0 14578.0 0.4368226094114419 5 34 21.0 0.0 0.4368226094114419 0
68 ec.gp.GPIndividual@991545062{478018429} 0.0 78455.0 10861.0 0.31654543780499034 5 34 21.0 0.0 0.31654543780499034 0
68 ec.gp.GPIndividual@991545062{478018429} 0.0 68 ec.gp.GPIndividual@1112783238{426087111} 78455.0 8160.0 0.09031862745098039 0.0 5 34 21.0 0.0 0.09031862745098039 0
74660.0 8160.0 0.09568331012532326 5 30 21.0 0.0 0.09568331012532326 0
68 ec.gp.GPIndividual@1365864592{-1001992433} 0.0 74660.0 10054.0 0.09568331012532326 5 32 21.0 0.0 0.09568331012532326 0
68 ec.gp.GPIndividual@991545062{478018429} 0.0 78702.0 12802.0 0.40087486330260896 5 34 21.0 0.0 0.40087486330260896 0
68 ec.gp.GPIndividual@1611896475{79051755} 0.0 74660.0 10054.0 0.09568331012532326 5 30 21.0 0.0 0.09568331012532326 0
68 ec.gp.GPIndividual@991545062{478018429} 0.0 78455.0 10087.0 0.2641023099038366 5 34 21.0 0.0 0.2641023099038366 0
68 ec.gp.GPIndividual@991545062{478018429} 0.0 78455.0 8317.0 0.10749068173620296 5 34 21.0 0.0 0.10749068173620296 0
68 ec.gp.GPIndividual@1112783238{426087111} 0.0 74660.0 8387.0 0.08405866221533326 5 30 21.0 0.0 0.08405866221533326 0
68 ec.gp.GPIndividual@1986854401{-1737798283} 0.0 64812.0 10054.0 0.011736622239904515 5 24 21.0 0.0 0.011736622239904515 0
68 ec.gp.GPIndividual@1365864592{-1001992433} 0.0 74660.0 8387.0 0.08405866221533326 5 32 21.0 0.0 0.08405866221533326 0
68 ec.gp.GPIndividual@1611896475{79051755} 0.0 74660.0 8387.0 0.08405866221533326 5 30 21.0 0.0 0.08405866221533326 0
68 ec.gp.GPIndividual@1112783238{426087111} 0.0 70800.0 14578.0 0.26629167238304297 5 30 21.0 0.0 0.26629167238304297 0
68 ec.gp.GPIndividual@1365864592{-1001992433} 0.0 70800.0 14578.0 0.26629167238304297 5 32 21.0 0.0 0.26629167238304297 0
68 ec.gp.GPIndividual@1611896475{79051755} 0.0 70800.0 14578.0 0.26629167238304297 5 30 21.0 0.0 0.26629167238304297 0
68 ec.gp.GPIndividual@1112783238{426087111} 0.0 74660.0 10861.0 0.16287634656109015 5 30 21.0 0.0 0.16287634656109015 0
68 ec.gp.GPIndividual@1611896475{79051755} 68 ec.gp.GPIndividual@1365864592{-1001992433} 0.0 0.0 74660.0 10861.0 0.16287634656109015 74660.0 10861.0 0.16287634656109015 5 30 21.0 0.0 0.16287634656109015 0
5 32 21.0 0.0 0.16287634656109015 0
68 ec.gp.GPIndividual@1986854401{-1737798283} 0.0 60544.0 8387.0 0.3554310242041254 5 24 21.0 0.0 0.3554310242041254 0
68 ec.gp.GPIndividual@1112783238{426087111} 0.0 74660.0 8160.0 0.1142156862745098 5 30 21.0 0.0 0.1142156862745098 0
68 ec.gp.GPIndividual@1611896475{79051755} 0.0 74660.0 8160.0 0.1142156862745098 5 30 21.0 0.0 0.1142156862745098 0
68 ec.gp.GPIndividual@1365864592{-1001992433} 0.0 74660.0 8160.0 0.1142156862745098 5 32 21.0 0.0 0.1142156862745098 0
68 ec.gp.GPIndividual@1112783238{426087111} 0.0 75160.0 12802.0 0.2507420715513201 5 30 21.0 0.0 0.2507420715513201 0
68 ec.gp.GPIndividual@1611896475{79051755} 0.0 75160.0 12802.0 0.2507420715513201 5 30 21.0 0.0 0.2507420715513201 0
68 ec.gp.GPIndividual@1365864592{-1001992433} 0.0 75160.0 12802.0 0.2507420715513201 5 32 21.0 0.0 0.2507420715513201 0
68 ec.gp.GPIndividual@1986854401{-1737798283} 0.0 68680.0 14578.0 0.41171628481273154 5 24 21.0 0.0 0.41171628481273154 0
68 ec.gp.GPIndividual@1112783238{426087111} 0.0 74660.0 10087.0 0.0986418161990681 5 30 21.0 0.0 0.0986418161990681 0
68 ec.gp.GPIndividual@1611896475{79051755} 0.0 74660.0 10087.0 0.0986418161990681 5 30 21.0 0.0 0.0986418161990681 0
68 ec.gp.GPIndividual@1365864592{-1001992433} 0.0 74660.0 10087.0 0.0986418161990681 5 32 21.0 0.0 0.0986418161990681 0
68 ec.gp.GPIndividual@1112783238{426087111} 0.0 74660.0 8317.0 0.09318263797042203 5 30 21.0 0.0 0.09318263797042203 0
68 ec.gp.GPIndividual@1611896475{79051755} 0.0 74660.0 8317.0 0.09318263797042203 5 30 21.0 0.0 0.09318263797042203 0
68 ec.gp.GPIndividual@1365864592{-1001992433} 0.0 74660.0 8317.0 0.09318263797042203 5 32 21.0 0.0 0.09318263797042203 0
68 ec.gp.GPIndividual@1986854401{-1737798283} 0.0 69052.0 10861.0 0.17613479421784367 5 24 21.0 0.0 0.17613479421784367 0
68 ec.gp.GPIndividual@586259076{1999739803} 0.0 74660.0 10054.0 0.09568331012532326 5 40 21.0 0.0 0.09568331012532326 0
68 ec.gp.GPIndividual@982966041{-1391355707} 0.0 74660.0 10054.0 0.09568331012532326 5 32 21.0 0.0 0.09568331012532326 0
68 ec.gp.GPIndividual@586259076{1999739803} 0.0 74660.0 8387.0 0.08405866221533326 5 40 21.0 0.0 0.08405866221533326 0
68 ec.gp.GPIndividual@982966041{-1391355707} 0.0 74660.0 8387.0 0.08405866221533326 5 32 21.0 0.0 0.08405866221533326 0
68 ec.gp.GPIndividual@1986854401{-1737798283} 0.0 60544.0 8160.0 0.3931372549019608 5 24 21.0 0.0 0.3931372549019608 0
68 ec.gp.GPIndividual@586259076{1999739803} 0.0 70800.0 14578.0 0.26629167238304297 5 40 21.0 0.0 0.26629167238304297 0
68 ec.gp.GPIndividual@982966041{-1391355707} 0.0 70800.0 14578.0 0.26629167238304297 5 32 21.0 0.0 0.26629167238304297 0
68 ec.gp.GPIndividual@586259076{1999739803} 0.0 74660.0 10861.0 0.16287634656109015 5 40 21.0 0.0 0.16287634656109015 0
68 ec.gp.GPIndividual@982966041{-1391355707} 0.0 74660.0 10861.0 0.16287634656109015 5 32 21.0 0.0 0.16287634656109015 0
68 ec.gp.GPIndividual@1986854401{-1737798283} 0.0 68680.0 12802.0 0.3301046711451336 5 24 21.0 0.0 0.3301046711451336 0
68 ec.gp.GPIndividual@586259076{1999739803} 0.0 74660.0 8160.0 0.1142156862745098 5 40 21.0 0.0 0.1142156862745098 0
68 ec.gp.GPIndividual@982966041{-1391355707} 0.0 74660.0 8160.0 0.1142156862745098 5 32 21.0 0.0 0.1142156862745098 0
68 ec.gp.GPIndividual@586259076{1999739803} 0.0 75160.0 12802.0 0.2507420715513201 5 40 21.0 0.0 0.2507420715513201 0
68 ec.gp.GPIndividual@982966041{-1391355707} 0.0 75160.0 12802.0 0.2507420715513201 5 32 21.0 0.0 0.2507420715513201 0
68 ec.gp.GPIndividual@586259076{1999739803} 0.0 74660.0 10087.0 0.0986418161990681 5 40 21.0 0.0 0.0986418161990681 0
68 ec.gp.GPIndividual@982966041{-1391355707} 0.0 74660.0 10087.0 0.0986418161990681 5 32 21.0 0.0 0.0986418161990681 0
68 ec.gp.GPIndividual@1986854401{-1737798283} 0.0 60784.0 10087.0 0.15078814315455538 5 24 21.0 0.0 0.15078814315455538 0
68 ec.gp.GPIndividual@982966041{-1391355707} 0.0 74660.0 8317.0 0.09318263797042203 5 32 21.0 0.0 0.09318263797042203 0
68 ec.gp.GPIndividual@586259076{1999739803} 0.0 74660.0 8317.0 0.09318263797042203 5 40 21.0 0.0 0.09318263797042203 0
68 ec.gp.GPIndividual@1706103597{217744504} 0.0 88682.0 10054.0 0.3314103839267953 5 24 21.0 0.0 0.3314103839267953 0
68 ec.gp.GPIndividual@1706103597{217744504} 0.0 88682.0 8387.0 0.19852152140217003 5 24 21.0 0.0 0.19852152140217003 0
68 ec.gp.GPIndividual@1706103597{217744504} 0.0 88682.0 14578.0 0.538894224173412 5 24 21.0 0.0 0.538894224173412 0
68 ec.gp.GPIndividual@1706103597{217744504} 0.0 88682.0 10861.0 0.38108829757849183 5 24 21.0 0.0 0.38108829757849183 0
68 ec.gp.GPIndividual@1706103597{217744504} 0.0 88682.0 8160.0 0.17622549019607844 5 24 21.0 0.0 0.17622549019607844 0
68 ec.gp.GPIndividual@1706103597{217744504} 0.0 88682.0 12802.0 0.47492579284486797 5 24 21.0 0.0 0.47492579284486797 0
68 ec.gp.GPIndividual@1706103597{217744504} 0.0 88682.0 10087.0 0.33359770000991373 5 24 21.0 0.0 0.33359770000991373 0
68 ec.gp.GPIndividual@1706103597{217744504} 0.0 88682.0 8317.0 0.1917758807262234 5 24 21.0 0.0 0.1917758807262234 0
68 ec.gp.GPIndividual@1986854401{-1737798283} 0.0 60544.0 8317.0 0.3668390044487195 5 24 21.0 0.0 0.3668390044487195 0
68 ec.gp.GPIndividual@1240868659{-973784255} 0.0 74660.0 10054.0 0.09568331012532326 5 32 21.0 0.0 0.09568331012532326 0
68 ec.gp.GPIndividual@1240868659{-973784255} 0.0 74660.0 8387.0 0.08405866221533326 5 32 21.0 0.0 0.08405866221533326 0
68 ec.gp.GPIndividual@1240868659{-973784255} 0.0 70800.0 14578.0 0.26629167238304297 5 32 21.0 0.0 0.26629167238304297 0
68 ec.gp.GPIndividual@1240868659{-973784255} 0.0 74660.0 10861.0 0.16287634656109015 5 32 21.0 0.0 0.16287634656109015 0
68 ec.gp.GPIndividual@1240868659{-973784255} 0.0 74660.0 8160.0 0.1142156862745098 5 32 21.0 0.0 0.1142156862745098 0
68 ec.gp.GPIndividual@1240868659{-973784255} 0.0 75160.0 12802.0 0.2507420715513201 5 32 21.0 0.0 0.2507420715513201 0
68 ec.gp.GPIndividual@1240868659{-973784255} 0.0 74660.0 10087.0 0.0986418161990681 5 32 21.0 0.0 0.0986418161990681 0
68 ec.gp.GPIndividual@1240868659{-973784255} 0.0 74660.0 8317.0 0.09318263797042203 5 32 21.0 0.0 0.09318263797042203 0
69 ec.gp.GPIndividual@1962895033{2142628964} 0.0 105260.0 10054.0 0.8563755719116769 2 3 21.0 0.0 0.8563755719116769 0
69 ec.gp.GPIndividual@955227100{-1695680336} 69 ec.gp.GPIndividual@1962895033{2142628964} 0.0 0.0 97094.0 8387.0 0.5816590411776408 105260.0 8387.0 0.8278287826397996 5 28 21.0 0.0 2 3 21.0 0.0 0.5816590411776408 0
0.8278287826397996 0
69 ec.gp.GPIndividual@955227100{-1695680336} 69 ec.gp.GPIndividual@1962895033{2142628964} 0.0 0.0 97094.0 14578.0 0.4985095981876714 105260.0 14578.0 0.9009466319110989 5 28 21.0 0.0 2 3 21.0 0.0 0.4985095981876714 0
0.9009466319110989 0
69 ec.gp.GPIndividual@1962895033{2142628964} 0.0 105260.0 14578.0 0.8670472332197772 69 ec.gp.GPIndividual@955227100{-1695680336} 2 3 21.0 0.0 0.0 0.8670472332197772 0
97094.0 14578.0 0.7114830566607216 5 28 21.0 0.0 0.7114830566607216 0
69 ec.gp.GPIndividual@1962895033{2142628964} 0.0 105260.0 8160.0 0.8230392156862745 2 3 21.0 0.0 0.8230392156862745 0
69 ec.gp.GPIndividual@1962895033{2142628964} 0.0 69 ec.gp.GPIndividual@955227100{-1695680336} 105260.0 12802.0 0.8872051241993438 0.0 2 3 21.0 0.0 0.8872051241993438 0
97094.0 12802.0 0.6127428413589909 5 28 21.0 0.0 0.6127428413589909 0
69 ec.gp.GPIndividual@1962895033{2142628964} 0.0 105260.0 10087.0 0.8568454446317042 2 3 21.0 0.0 0.8568454446317042 0
69 ec.gp.GPIndividual@1962895033{2142628964} 0.0 69 ec.gp.GPIndividual@955227100{-1695680336} 105260.0 8160.0 0.8263797042202717 0.0 2 3 21.0 0.0 97094.0 8160.0 0.48455882352941176 0.8263797042202717 0
5 28 21.0 0.0 0.48455882352941176 0
69 ec.gp.GPIndividual@955227100{-1695680336} 0.0 97094.0 12802.0 0.6714575847523825 5 28 21.0 0.0 0.6714575847523825 0
69 ec.gp.GPIndividual@955227100{-1695680336} 0.0 97094.0 10087.0 0.5830276593635372 5 28 21.0 0.0 0.5830276593635372 0
69 ec.gp.GPIndividual@955227100{-1695680336} 0.0 97094.0 8317.0 0.49428880605987735 5 28 21.0 0.0 0.49428880605987735 0
69 ec.gp.GPIndividual@220477005{1794983270} 1.0 74660.0 10054.0 0.09568331012532326 5 30 21.0 0.0 0.09568331012532326 0
69 ec.gp.GPIndividual@101811538{499755089} 1.0 74660.0 10054.0 0.09568331012532326 5 22 21.0 0.0 0.09568331012532326 0
69 ec.gp.GPIndividual@110247455{1414944700} 1.0 74660.0 10054.0 0.09568331012532326 5 34 21.0 0.0 0.09568331012532326 0
69 ec.gp.GPIndividual@192643842{-1391355707} 1.0 74660.0 10054.0 0.09568331012532326 5 32 21.0 0.0 0.09568331012532326 0
69 ec.gp.GPIndividual@220477005{1794983270} 0.0 74660.0 8387.0 0.08405866221533326 5 30 21.0 0.0 0.08405866221533326 0
69 ec.gp.GPIndividual@101811538{499755089} 0.0 74660.0 8387.0 0.08405866221533326 5 22 21.0 0.0 0.08405866221533326 0
69 ec.gp.GPIndividual@110247455{1414944700} 0.0 74660.0 8387.0 0.08405866221533326 5 34 21.0 0.0 0.08405866221533326 0
69 ec.gp.GPIndividual@192643842{-1391355707} 0.0 74660.0 8387.0 0.08405866221533326 5 32 21.0 0.0 0.08405866221533326 0
69 ec.gp.GPIndividual@220477005{1794983270} 0.0 70800.0 14578.0 0.26629167238304297 5 30 21.0 0.0 0.26629167238304297 0
69 ec.gp.GPIndividual@101811538{499755089} 0.0 70800.0 14578.0 0.26629167238304297 5 22 21.0 0.0 0.26629167238304297 0
69 ec.gp.GPIndividual@110247455{1414944700} 0.0 70800.0 14578.0 0.26629167238304297 5 34 21.0 0.0 0.26629167238304297 0
69 ec.gp.GPIndividual@192643842{-1391355707} 0.0 70800.0 14578.0 0.26629167238304297 5 32 21.0 0.0 0.26629167238304297 0
69 ec.gp.GPIndividual@220477005{1794983270} 0.0 74660.0 10861.0 0.16287634656109015 5 30 21.0 0.0 0.16287634656109015 0
69 ec.gp.GPIndividual@101811538{499755089} 0.0 74660.0 10861.0 0.16287634656109015 5 22 21.0 0.0 0.16287634656109015 0
69 ec.gp.GPIndividual@110247455{1414944700} 0.0 74660.0 10861.0 0.16287634656109015 5 34 21.0 0.0 0.16287634656109015 0
69 ec.gp.GPIndividual@192643842{-1391355707} 0.0 74660.0 10861.0 0.16287634656109015 5 32 21.0 0.0 0.16287634656109015 0
69 ec.gp.GPIndividual@220477005{1794983270} 0.0 74660.0 8160.0 0.1142156862745098 5 30 21.0 0.0 0.1142156862745098 0
69 ec.gp.GPIndividual@101811538{499755089} 0.0 74660.0 8160.0 0.1142156862745098 5 22 21.0 0.0 0.1142156862745098 0
69 ec.gp.GPIndividual@110247455{1414944700} 0.0 74660.0 8160.0 0.1142156862745098 5 34 21.0 0.0 0.1142156862745098 0
69 ec.gp.GPIndividual@192643842{-1391355707} 0.0 74660.0 8160.0 0.1142156862745098 5 32 21.0 0.0 0.1142156862745098 0
69 ec.gp.GPIndividual@220477005{1794983270} 0.0 75160.0 12802.0 0.2507420715513201 5 30 21.0 0.0 0.2507420715513201 0
69 ec.gp.GPIndividual@101811538{499755089} 0.0 75160.0 12802.0 0.2507420715513201 5 22 21.0 0.0 0.2507420715513201 0
69 ec.gp.GPIndividual@110247455{1414944700} 0.0 75160.0 12802.0 0.2507420715513201 5 34 21.0 0.0 0.2507420715513201 0
69 ec.gp.GPIndividual@192643842{-1391355707} 0.0 75160.0 12802.0 0.2507420715513201 5 32 21.0 0.0 0.2507420715513201 0
69 ec.gp.GPIndividual@220477005{1794983270} 0.0 74660.0 10087.0 0.0986418161990681 5 30 21.0 0.0 0.0986418161990681 0
69 ec.gp.GPIndividual@101811538{499755089} 0.0 74660.0 10087.0 0.0986418161990681 5 22 21.0 0.0 0.0986418161990681 0
69 ec.gp.GPIndividual@110247455{1414944700} 0.0 74660.0 10087.0 0.0986418161990681 5 34 21.0 0.0 0.0986418161990681 0
69 ec.gp.GPIndividual@192643842{-1391355707} 0.0 74660.0 8317.0 0.0986418161990681 69 ec.gp.GPIndividual@220477005{1794983270} 5 32 21.0 0.0 0.0 0.0986418161990681 0
74660.0 8317.0 0.09318263797042203 5 30 21.0 0.0 0.09318263797042203 0
69 ec.gp.GPIndividual@101811538{499755089} 0.0 74660.0 8317.0 0.09318263797042203 5 22 21.0 0.0 0.09318263797042203 0
69 ec.gp.GPIndividual@602023340{-477653847} 0.0 92920.0 10054.0 0.45335189974139645 5 30 21.0 0.0 0.45335189974139645 0
69 ec.gp.GPIndividual@602023340{-477653847} 0.0 92920.0 8387.0 0.34470013115535947 5 30 21.0 0.0 0.34470013115535947 0
69 ec.gp.GPIndividual@602023340{-477653847} 0.0 92920.0 14578.0 0.6229935519275621 5 30 21.0 0.0 0.6229935519275621 0
69 ec.gp.GPIndividual@602023340{-477653847} 0.0 92920.0 10861.0 0.4939692477672406 5 30 21.0 0.0 0.4939692477672406 0
69 ec.gp.GPIndividual@602023340{-477653847} 0.0 92920.0 8160.0 0.3264705882352941 5 30 21.0 0.0 0.3264705882352941 0
69 ec.gp.GPIndividual@110247455{1414944700} 0.0 74660.0 8317.0 0.09318263797042203 5 34 21.0 0.0 0.09318263797042203 0
69 ec.gp.GPIndividual@602023340{-477653847} 0.0 92920.0 12802.0 0.5706920793625996 5 30 21.0 0.0 0.5706920793625996 0
69 ec.gp.GPIndividual@602023340{-477653847} 0.0 92920.0 10087.0 0.4551402795677605 5 30 21.0 0.0 0.4551402795677605 0
69 ec.gp.GPIndividual@602023340{-477653847} 0.0 92920.0 8317.0 0.33918480221233616 5 30 21.0 0.0 0.33918480221233616 0
69 ec.gp.GPIndividual@192643842{-1391355707} 0.0 74660.0 8317.0 0.09318263797042203 5 32 21.0 0.0 0.09318263797042203 0
69 ec.gp.GPIndividual@2082613215{1460275009} 0.0 83138.0 10054.0 0.3393674159538492 5 32 21.0 0.0 0.3393674159538492 0
69 ec.gp.GPIndividual@2082613215{1460275009} 0.0 83138.0 8387.0 0.2080600930010731 5 32 21.0 0.0 0.2080600930010731 0
69 ec.gp.GPIndividual@1001352644{1644705064} 0.0 74660.0 10054.0 0.09568331012532326 5 30 21.0 0.0 0.09568331012532326 0
69 ec.gp.GPIndividual@2082613215{1460275009} 0.0 83546.0 14578.0 0.5163945671559885 5 32 21.0 0.0 0.5163945671559885 0
69 ec.gp.GPIndividual@1001352644{1644705064} 0.0 74660.0 8387.0 0.08405866221533326 5 30 21.0 0.0 0.08405866221533326 0
69 ec.gp.GPIndividual@2082613215{1460275009} 0.0 83138.0 10861.0 0.3884541018322438 5 32 21.0 0.0 0.3884541018322438 0
69 ec.gp.GPIndividual@2082613215{1460275009} 0.0 83138.0 8160.0 0.1860294117647059 5 32 21.0 0.0 0.1860294117647059 0
69 ec.gp.GPIndividual@1001352644{1644705064} 0.0 70800.0 14578.0 0.26629167238304297 5 30 21.0 0.0 0.26629167238304297 0
69 ec.gp.GPIndividual@2082613215{1460275009} 0.0 83638.0 12802.0 0.4421184189970317 5 32 21.0 0.0 0.4421184189970317 0
69 ec.gp.GPIndividual@2082613215{1460275009} 0.0 83138.0 10087.0 0.34152870030732624 5 32 21.0 0.0 0.34152870030732624 0
69 ec.gp.GPIndividual@1001352644{1644705064} 0.0 74660.0 10861.0 0.16287634656109015 5 30 21.0 0.0 0.16287634656109015 0
69 ec.gp.GPIndividual@2082613215{1460275009} 0.0 83138.0 8317.0 0.2013947336780089 5 32 21.0 0.0 0.2013947336780089 0
69 ec.gp.GPIndividual@1001352644{1644705064} 0.0 74660.0 8160.0 0.1142156862745098 5 30 21.0 0.0 0.1142156862745098 0
69 ec.gp.GPIndividual@1001352644{1644705064} 0.0 75160.0 12802.0 0.2507420715513201 5 30 21.0 0.0 0.2507420715513201 0
69 ec.gp.GPIndividual@1001352644{1644705064} 0.0 74660.0 10087.0 0.0986418161990681 5 30 21.0 0.0 0.0986418161990681 0
69 ec.gp.GPIndividual@1001352644{1644705064} 0.0 74660.0 8317.0 0.09318263797042203 5 30 21.0 0.0 0.09318263797042203 0
70 ec.gp.GPIndividual@1386850149{217744504} 0.0 88682.0 10054.0 0.3314103839267953 5 24 21.0 0.0 0.3314103839267953 0
70 ec.gp.GPIndividual@633875262{1656575807} 0.0 87457.0 10054.0 0.45325243684105826 5 24 21.0 0.0 0.45325243684105826 0
70 ec.gp.GPIndividual@823264018{-1434375252} 1.0 88682.0 10054.0 0.3314103839267953 5 30 21.0 0.0 0.3314103839267953 0
70 ec.gp.GPIndividual@1386850149{217744504} 0.0 88682.0 8387.0 0.19852152140217003 5 24 21.0 0.0 0.19852152140217003 0
70 ec.gp.GPIndividual@403711623{-2060130673} 1.0 74660.0 10054.0 0.09568331012532326 5 28 21.0 0.0 0.09568331012532326 0
70 ec.gp.GPIndividual@580420001{1241281845} 1.0 74660.0 10054.0 0.09568331012532326 5 26 21.0 0.0 0.09568331012532326 0
70 ec.gp.GPIndividual@1386850149{217744504} 0.0 88682.0 14578.0 0.538894224173412 5 24 21.0 0.0 0.538894224173412 0
70 ec.gp.GPIndividual@633875262{1656575807} 1.0 87457.0 8387.0 0.3445808990103732 5 24 21.0 0.0 0.3445808990103732 0
70 ec.gp.GPIndividual@823264018{-1434375252} 1.0 88682.0 8387.0 0.19852152140217003 5 30 21.0 0.0 0.19852152140217003 0
70 ec.gp.GPIndividual@1386850149{217744504} 0.0 88682.0 10861.0 0.38108829757849183 5 24 21.0 0.0 0.38108829757849183 0
70 ec.gp.GPIndividual@403711623{-2060130673} 1.0 74660.0 8387.0 0.08405866221533326 5 28 21.0 0.0 0.08405866221533326 0
70 ec.gp.GPIndividual@633875262{1656575807} 1.0 87491.0 14578.0 0.6205926738921663 5 24 21.0 0.0 0.6205926738921663 0
70 ec.gp.GPIndividual@1386850149{217744504} 0.0 88682.0 8160.0 0.17622549019607844 5 24 21.0 0.0 0.17622549019607844 0
70 ec.gp.GPIndividual@823264018{-1434375252} 0.0 88682.0 14578.0 0.538894224173412 5 30 21.0 0.0 0.538894224173412 0
70 ec.gp.GPIndividual@580420001{1241281845} 1.0 74660.0 8387.0 0.08405866221533326 5 26 21.0 0.0 0.08405866221533326 0
70 ec.gp.GPIndividual@1386850149{217744504} 0.0 88682.0 12802.0 0.47492579284486797 5 24 21.0 0.0 0.47492579284486797 0
70 ec.gp.GPIndividual@633875262{1656575807} 1.0 87457.0 10861.0 0.4938771752140687 5 24 21.0 0.0 0.4938771752140687 0
70 ec.gp.GPIndividual@403711623{-2060130673} 1.0 70800.0 14578.0 0.26629167238304297 5 28 21.0 0.0 0.26629167238304297 0
70 ec.gp.GPIndividual@1386850149{217744504} 0.0 88682.0 10087.0 0.33359770000991373 5 24 21.0 0.0 0.33359770000991373 0
70 ec.gp.GPIndividual@823264018{-1434375252} 1.0 88682.0 10861.0 0.38108829757849183 5 30 21.0 0.0 0.38108829757849183 0
70 ec.gp.GPIndividual@1386850149{217744504} 0.0 88682.0 8317.0 0.1917758807262234 5 24 21.0 0.0 0.1917758807262234 0
70 ec.gp.GPIndividual@633875262{1656575807} 0.0 87457.0 8160.0 0.3263480392156863 5 24 21.0 0.0 0.3263480392156863 0
70 ec.gp.GPIndividual@823264018{-1434375252} 0.0 88682.0 8160.0 0.17622549019607844 5 30 21.0 0.0 0.17622549019607844 0
70 ec.gp.GPIndividual@580420001{1241281845} 1.0 70800.0 14578.0 0.26629167238304297 5 26 21.0 0.0 0.26629167238304297 0
70 ec.gp.GPIndividual@633875262{1656575807} 0.0 87458.0 12802.0 0.570535853772848 5 24 21.0 0.0 0.570535853772848 0
70 ec.gp.GPIndividual@403711623{-2060130673} 1.0 74660.0 10861.0 0.16287634656109015 5 28 21.0 0.0 0.16287634656109015 0
70 ec.gp.GPIndividual@823264018{-1434375252} 0.0 88682.0 12802.0 0.47492579284486797 5 30 21.0 0.0 0.47492579284486797 0
70 ec.gp.GPIndividual@633875262{1656575807} 0.0 87457.0 10087.0 0.45504114206404284 5 24 21.0 0.0 0.45504114206404284 0
70 ec.gp.GPIndividual@823264018{-1434375252} 0.0 88682.0 10087.0 0.33359770000991373 5 30 21.0 0.0 0.33359770000991373 0
70 ec.gp.GPIndividual@633875262{1656575807} 0.0 87457.0 8317.0 0.3390645665504389 5 24 21.0 0.0 0.3390645665504389 0
70 ec.gp.GPIndividual@823264018{-1434375252} 0.0 88682.0 8317.0 0.1917758807262234 5 30 21.0 0.0 0.1917758807262234 0
70 ec.gp.GPIndividual@546507708{-1329942628} 0.0 70 ec.gp.GPIndividual@403711623{-2060130673} 82693.0 8160.0 0.38362840660433656 1.0 5 32 21.0 0.0 74660.0 8160.0 0.1142156862745098 0.38362840660433656 0
5 28 21.0 0.0 0.1142156862745098 0
70 ec.gp.GPIndividual@580420001{1241281845} 1.0 74660.0 10861.0 0.16287634656109015 5 26 21.0 0.0 0.16287634656109015 0
70 ec.gp.GPIndividual@546507708{-1329942628} 0.0 82693.0 8387.0 0.2611183975199714 5 32 21.0 0.0 0.2611183975199714 0
70 ec.gp.GPIndividual@546507708{-1329942628} 0.0 83480.0 14578.0 0.520921937165592 5 32 21.0 0.0 0.520921937165592 0
70 ec.gp.GPIndividual@546507708{-1329942628} 0.0 82693.0 10861.0 0.42942638799373906 5 32 21.0 0.0 0.42942638799373906 0
70 ec.gp.GPIndividual@403711623{-2060130673} 0.0 75160.0 12802.0 0.2507420715513201 5 28 21.0 0.0 0.2507420715513201 0
70 ec.gp.GPIndividual@546507708{-1329942628} 0.0 82693.0 8160.0 0.24056372549019608 5 32 21.0 0.0 0.24056372549019608 0
70 ec.gp.GPIndividual@580420001{1241281845} 0.0 74660.0 8160.0 0.1142156862745098 5 26 21.0 0.0 0.1142156862745098 0
70 ec.gp.GPIndividual@546507708{-1329942628} 0.0 82940.0 12802.0 0.4966411498203406 5 32 21.0 0.0 0.4966411498203406 0
70 ec.gp.GPIndividual@546507708{-1329942628} 0.0 82693.0 10087.0 0.38564488946168335 5 32 21.0 0.0 0.38564488946168335 0
70 ec.gp.GPIndividual@546507708{-1329942628} 0.0 82693.0 8317.0 0.25489960322231575 5 32 21.0 0.0 0.25489960322231575 0
70 ec.gp.GPIndividual@403711623{-2060130673} 0.0 74660.0 10087.0 0.0986418161990681 5 28 21.0 0.0 0.0986418161990681 0
70 ec.gp.GPIndividual@580420001{1241281845} 0.0 75160.0 12802.0 0.2507420715513201 5 26 21.0 0.0 0.2507420715513201 0
70 ec.gp.GPIndividual@403711623{-2060130673} 0.0 74660.0 8317.0 0.09318263797042203 5 28 21.0 0.0 0.09318263797042203 0
70 ec.gp.GPIndividual@580420001{1241281845} 0.0 74660.0 10087.0 0.0986418161990681 5 26 21.0 0.0 0.0986418161990681 0
70 ec.gp.GPIndividual@580420001{1241281845} 0.0 74660.0 8317.0 0.09318263797042203 5 26 21.0 0.0 0.09318263797042203 0
70 ec.gp.GPIndividual@788196604{2062838987} 0.0 88682.0 10054.0 0.3314103839267953 5 28 21.0 0.0 0.3314103839267953 0
70 ec.gp.GPIndividual@788196604{2062838987} 0.0 88682.0 8387.0 0.19852152140217003 5 28 21.0 0.0 0.19852152140217003 0
70 ec.gp.GPIndividual@788196604{2062838987} 0.0 88682.0 14578.0 0.538894224173412 5 28 21.0 0.0 0.538894224173412 0
70 ec.gp.GPIndividual@788196604{2062838987} 0.0 88682.0 10861.0 0.38108829757849183 5 28 21.0 0.0 0.38108829757849183 0
70 ec.gp.GPIndividual@788196604{2062838987} 0.0 88682.0 8160.0 0.17622549019607844 5 28 21.0 0.0 0.17622549019607844 0
70 ec.gp.GPIndividual@788196604{2062838987} 0.0 88682.0 12802.0 0.47492579284486797 5 28 21.0 0.0 0.47492579284486797 0
70 ec.gp.GPIndividual@788196604{2062838987} 0.0 88682.0 10087.0 0.33359770000991373 5 28 21.0 0.0 0.33359770000991373 0
70 ec.gp.GPIndividual@788196604{2062838987} 0.0 88682.0 8317.0 0.1917758807262234 5 28 21.0 0.0 0.1917758807262234 0
71 ec.gp.GPIndividual@1136634485{265616034} 0.0 92920.0 10054.0 0.45335189974139645 5 26 21.0 0.0 0.45335189974139645 0
71 ec.gp.GPIndividual@816815531{573693642} 1.0 88682.0 10054.0 0.3314103839267953 5 30 21.0 0.0 0.3314103839267953 0
71 ec.gp.GPIndividual@1136634485{265616034} 0.0 92920.0 8387.0 0.34470013115535947 5 26 21.0 0.0 0.34470013115535947 0
71 ec.gp.GPIndividual@1136634485{265616034} 0.0 92920.0 14578.0 0.6229935519275621 5 26 21.0 0.0 0.6229935519275621 0
71 ec.gp.GPIndividual@816815531{573693642} 0.0 88682.0 8387.0 0.19852152140217003 5 30 21.0 0.0 0.19852152140217003 0
71 ec.gp.GPIndividual@1136634485{265616034} 0.0 92920.0 10861.0 0.4939692477672406 5 26 21.0 0.0 0.4939692477672406 0
71 ec.gp.GPIndividual@1833692565{160641113} 1.0 74660.0 10054.0 0.09568331012532326 5 22 21.0 0.0 0.09568331012532326 0
71 ec.gp.GPIndividual@1136634485{265616034} 0.0 92920.0 8160.0 0.3264705882352941 5 26 21.0 0.0 71 ec.gp.GPIndividual@816815531{573693642} 0.3264705882352941 0
0.0 88682.0 14578.0 0.538894224173412 5 30 21.0 0.0 0.538894224173412 0
71 ec.gp.GPIndividual@2123588899{-2069653026} 1.0 74660.0 10054.0 0.09568331012532326 5 28 21.0 0.0 0.09568331012532326 0
71 ec.gp.GPIndividual@538931143{1241281845} 1.0 74660.0 10054.0 0.09568331012532326 5 26 21.0 0.0 0.09568331012532326 0
71 ec.gp.GPIndividual@1136634485{265616034} 0.0 92920.0 12802.0 0.5706920793625996 5 26 21.0 0.0 0.5706920793625996 0
71 ec.gp.GPIndividual@1833692565{160641113} 0.0 74660.0 8387.0 0.08405866221533326 5 22 21.0 0.0 0.08405866221533326 0
71 ec.gp.GPIndividual@1136634485{265616034} 0.0 92920.0 10087.0 0.4551402795677605 5 26 21.0 0.0 0.4551402795677605 0
71 ec.gp.GPIndividual@816815531{573693642} 0.0 88682.0 10861.0 0.38108829757849183 5 30 21.0 0.0 0.38108829757849183 0
71 ec.gp.GPIndividual@1136634485{265616034} 0.0 92920.0 8317.0 0.33918480221233616 5 26 21.0 0.0 0.33918480221233616 0
71 ec.gp.GPIndividual@816815531{573693642} 0.0 88682.0 8160.0 0.17622549019607844 5 30 21.0 0.0 0.17622549019607844 0
71 ec.gp.GPIndividual@816815531{573693642} 0.0 88682.0 12802.0 0.47492579284486797 5 30 21.0 0.0 0.47492579284486797 0
71 ec.gp.GPIndividual@816815531{573693642} 0.0 88682.0 10087.0 0.33359770000991373 5 30 21.0 0.0 0.33359770000991373 0
71 ec.gp.GPIndividual@816815531{573693642} 0.0 88682.0 8317.0 0.1917758807262234 5 30 21.0 0.0 0.1917758807262234 0
71 ec.gp.GPIndividual@1243792103{670139624} 0.0 92920.0 10054.0 0.45335189974139645 5 22 21.0 0.0 0.45335189974139645 0
71 ec.gp.GPIndividual@1243792103{670139624} 0.0 92920.0 8387.0 0.34470013115535947 5 22 21.0 0.0 0.34470013115535947 0
71 ec.gp.GPIndividual@1243792103{670139624} 0.0 92920.0 14578.0 0.6229935519275621 5 22 21.0 0.0 0.6229935519275621 0
71 ec.gp.GPIndividual@2123588899{-2069653026} 71 ec.gp.GPIndividual@1243792103{670139624} 1.0 0.0 74660.0 10861.0 0.08405866221533326 92920.0 10861.0 0.4939692477672406 5 28 21.0 0.0 5 22 21.0 0.0 0.08405866221533326 0
0.4939692477672406 0
71 ec.gp.GPIndividual@538931143{1241281845} 1.0 74660.0 8387.0 0.08405866221533326 5 26 21.0 0.0 0.08405866221533326 0
71 ec.gp.GPIndividual@1243792103{670139624} 0.0 92920.0 8160.0 0.3264705882352941 5 22 21.0 0.0 0.3264705882352941 0
71 ec.gp.GPIndividual@1833692565{160641113} 1.0 70800.0 14578.0 0.26629167238304297 5 22 21.0 0.0 0.26629167238304297 0
71 ec.gp.GPIndividual@1243792103{670139624} 0.0 92920.0 12802.0 0.5706920793625996 5 22 21.0 0.0 0.5706920793625996 0
71 ec.gp.GPIndividual@1243792103{670139624} 0.0 92920.0 10087.0 0.4551402795677605 5 22 21.0 0.0 0.4551402795677605 0
71 ec.gp.GPIndividual@1243792103{670139624} 0.0 92920.0 8317.0 0.33918480221233616 5 22 21.0 0.0 0.33918480221233616 0
71 ec.gp.GPIndividual@1833692565{160641113} 0.0 74660.0 10861.0 0.16287634656109015 5 22 21.0 0.0 0.16287634656109015 0
71 ec.gp.GPIndividual@2123588899{-2069653026} 1.0 70800.0 14578.0 0.26629167238304297 5 28 21.0 0.0 0.26629167238304297 0
71 ec.gp.GPIndividual@538931143{1241281845} 1.0 70800.0 14578.0 0.26629167238304297 5 26 21.0 0.0 0.26629167238304297 0
71 ec.gp.GPIndividual@1833692565{160641113} 0.0 74660.0 8160.0 0.1142156862745098 5 22 21.0 0.0 0.1142156862745098 0
71 ec.gp.GPIndividual@2123588899{-2069653026} 0.0 74660.0 10861.0 0.16287634656109015 5 28 21.0 0.0 0.16287634656109015 0
71 ec.gp.GPIndividual@538931143{1241281845} 0.0 74660.0 10861.0 0.16287634656109015 5 26 21.0 0.0 0.16287634656109015 0
71 ec.gp.GPIndividual@1833692565{160641113} 0.0 75160.0 12802.0 0.2507420715513201 5 22 21.0 0.0 0.2507420715513201 0
71 ec.gp.GPIndividual@2123588899{-2069653026} 0.0 74660.0 8160.0 0.1142156862745098 5 28 21.0 0.0 0.1142156862745098 0
71 ec.gp.GPIndividual@538931143{1241281845} 0.0 74660.0 8160.0 0.1142156862745098 5 26 21.0 0.0 0.1142156862745098 0
71 ec.gp.GPIndividual@1833692565{160641113} 0.0 74660.0 10087.0 0.0986418161990681 5 22 21.0 0.0 0.0986418161990681 0
71 ec.gp.GPIndividual@2123588899{-2069653026} 0.0 75160.0 12802.0 0.2507420715513201 5 28 21.0 0.0 0.2507420715513201 0
71 ec.gp.GPIndividual@538931143{1241281845} 0.0 75160.0 12802.0 0.2507420715513201 5 26 21.0 0.0 0.2507420715513201 0
71 ec.gp.GPIndividual@1833692565{160641113} 0.0 74660.0 8317.0 0.09318263797042203 5 22 21.0 0.0 0.09318263797042203 0
71 ec.gp.GPIndividual@2123588899{-2069653026} 0.0 74660.0 10087.0 0.0986418161990681 5 28 21.0 0.0 0.0986418161990681 0
71 ec.gp.GPIndividual@538931143{1241281845} 0.0 74660.0 10087.0 0.0986418161990681 5 26 21.0 0.0 0.0986418161990681 0
71 ec.gp.GPIndividual@989790381{-1973007557} 0.0 74660.0 10054.0 0.09568331012532326 5 30 21.0 0.0 0.09568331012532326 0
71 ec.gp.GPIndividual@2123588899{-2069653026} 0.0 74660.0 8317.0 0.09318263797042203 5 28 21.0 0.0 0.09318263797042203 0
71 ec.gp.GPIndividual@538931143{1241281845} 0.0 74660.0 8317.0 0.09318263797042203 5 26 21.0 0.0 0.09318263797042203 0
71 ec.gp.GPIndividual@989790381{-1973007557} 0.0 74660.0 8387.0 0.08405866221533326 5 30 21.0 0.0 0.08405866221533326 0
71 ec.gp.GPIndividual@1290727448{-311146735} 0.0 74660.0 10054.0 0.09568331012532326 5 32 21.0 0.0 0.09568331012532326 0
71 ec.gp.GPIndividual@1290727448{-311146735} 0.0 74660.0 8387.0 0.08405866221533326 5 32 21.0 0.0 0.08405866221533326 0
71 ec.gp.GPIndividual@989790381{-1973007557} 0.0 70800.0 14578.0 0.26629167238304297 5 30 21.0 0.0 0.26629167238304297 0
71 ec.gp.GPIndividual@989790381{-1973007557} 0.0 74660.0 10861.0 0.16287634656109015 5 30 21.0 0.0 0.16287634656109015 0
71 ec.gp.GPIndividual@1290727448{-311146735} 0.0 70800.0 14578.0 0.26629167238304297 5 32 21.0 0.0 0.26629167238304297 0
71 ec.gp.GPIndividual@989790381{-1973007557} 0.0 74660.0 8160.0 0.1142156862745098 5 30 21.0 0.0 0.1142156862745098 0
71 ec.gp.GPIndividual@1290727448{-311146735} 0.0 74660.0 10861.0 0.16287634656109015 5 32 21.0 0.0 0.16287634656109015 0
71 ec.gp.GPIndividual@989790381{-1973007557} 0.0 75160.0 12802.0 0.2507420715513201 5 30 21.0 0.0 0.2507420715513201 0
71 ec.gp.GPIndividual@1290727448{-311146735} 0.0 74660.0 8160.0 0.1142156862745098 5 32 21.0 0.0 0.1142156862745098 0
71 ec.gp.GPIndividual@989790381{-1973007557} 0.0 74660.0 10087.0 0.0986418161990681 5 30 21.0 0.0 0.0986418161990681 0
71 ec.gp.GPIndividual@1290727448{-311146735} 0.0 75160.0 12802.0 0.2507420715513201 5 32 21.0 0.0 0.2507420715513201 0
71 ec.gp.GPIndividual@989790381{-1973007557} 0.0 74660.0 8317.0 0.09318263797042203 5 30 21.0 0.0 0.09318263797042203 0
71 ec.gp.GPIndividual@1290727448{-311146735} 0.0 74660.0 10087.0 0.0986418161990681 5 32 21.0 0.0 0.0986418161990681 0
71 ec.gp.GPIndividual@2055113595{-1119553580} 0.0 88682.0 10054.0 0.3314103839267953 5 24 21.0 0.0 0.3314103839267953 0
71 ec.gp.GPIndividual@2055113595{-1119553580} 0.0 88682.0 8387.0 0.19852152140217003 5 24 21.0 0.0 0.19852152140217003 0
71 ec.gp.GPIndividual@2055113595{-1119553580} 0.0 88682.0 14578.0 0.538894224173412 5 24 21.0 0.0 0.538894224173412 0
71 ec.gp.GPIndividual@1290727448{-311146735} 0.0 74660.0 8317.0 0.09318263797042203 5 32 21.0 0.0 0.09318263797042203 0
71 ec.gp.GPIndividual@2055113595{-1119553580} 0.0 88682.0 10861.0 0.38108829757849183 5 24 21.0 0.0 0.38108829757849183 0
71 ec.gp.GPIndividual@555694725{-642514035} 0.0 88682.0 10054.0 0.3314103839267953 5 22 21.0 0.0 0.3314103839267953 0
71 ec.gp.GPIndividual@2055113595{-1119553580} 0.0 88682.0 8160.0 0.17622549019607844 5 24 21.0 0.0 0.17622549019607844 0
71 ec.gp.GPIndividual@555694725{-642514035} 0.0 88682.0 8387.0 0.19852152140217003 5 22 21.0 0.0 0.19852152140217003 0
71 ec.gp.GPIndividual@555694725{-642514035} 0.0 88682.0 14578.0 0.538894224173412 5 22 21.0 0.0 0.538894224173412 0
71 ec.gp.GPIndividual@2055113595{-1119553580} 0.0 88682.0 12802.0 0.47492579284486797 5 24 21.0 0.0 0.47492579284486797 0
71 ec.gp.GPIndividual@555694725{-642514035} 0.0 88682.0 10861.0 0.38108829757849183 5 22 21.0 0.0 0.38108829757849183 0
71 ec.gp.GPIndividual@2055113595{-1119553580} 0.0 88682.0 10087.0 0.33359770000991373 5 24 21.0 0.0 0.33359770000991373 0
71 ec.gp.GPIndividual@555694725{-642514035} 0.0 88682.0 8160.0 0.17622549019607844 5 22 21.0 0.0 0.17622549019607844 0
71 ec.gp.GPIndividual@555694725{-642514035} 0.0 88682.0 12802.0 0.47492579284486797 5 22 21.0 0.0 0.47492579284486797 0
71 ec.gp.GPIndividual@2055113595{-1119553580} 0.0 88682.0 8317.0 0.1917758807262234 5 24 21.0 0.0 0.1917758807262234 0
71 ec.gp.GPIndividual@555694725{-642514035} 0.0 88682.0 10087.0 0.33359770000991373 5 22 21.0 0.0 0.33359770000991373 0
71 ec.gp.GPIndividual@555694725{-642514035} 0.0 88682.0 8317.0 0.1917758807262234 5 22 21.0 0.0 0.1917758807262234 0
72 ec.gp.GPIndividual@1665384109{1595728807} 0.0 73902.0 10054.0 0.17107618858165904 5 28 21.0 0.0 0.17107618858165904 0
72 ec.gp.GPIndividual@1487407944{374540023} 1.0 88682.0 10054.0 0.3314103839267953 5 32 21.0 0.0 0.3314103839267953 0
72 ec.gp.GPIndividual@1487407944{374540023} 0.0 88682.0 8387.0 0.19852152140217003 5 32 21.0 0.0 0.19852152140217003 0
72 ec.gp.GPIndividual@130742437{1039104779} 1.0 74660.0 10054.0 0.09568331012532326 5 24 21.0 0.0 0.09568331012532326 0
72 ec.gp.GPIndividual@748501251{274995941} 1.0 74660.0 10054.0 0.09568331012532326 5 32 21.0 0.0 0.09568331012532326 0
72 ec.gp.GPIndividual@1049768780{1648130408} 1.0 74660.0 10054.0 0.09568331012532326 5 30 21.0 0.0 0.09568331012532326 0
72 ec.gp.GPIndividual@1665384109{1595728807} 72 ec.gp.GPIndividual@1487407944{374540023} 0.0 0.0 73290.0 8387.0 0.07928937641588173 88682.0 8387.0 0.538894224173412 5 28 21.0 0.0 5 32 21.0 0.0 0.07928937641588173 0
0.538894224173412 0
72 ec.gp.GPIndividual@130742437{1039104779} 0.0 74660.0 8387.0 0.08405866221533326 5 24 21.0 0.0 0.08405866221533326 0
72 ec.gp.GPIndividual@1665384109{1595728807} 0.0 77618.0 14578.0 0.5482233502538071 5 28 21.0 0.0 0.5482233502538071 0
72 ec.gp.GPIndividual@748501251{274995941} 0.0 74660.0 8387.0 0.08405866221533326 5 32 21.0 0.0 0.08405866221533326 0
72 ec.gp.GPIndividual@1049768780{1648130408} 0.0 74660.0 8387.0 0.08405866221533326 5 30 21.0 0.0 0.08405866221533326 0
72 ec.gp.GPIndividual@1665384109{1595728807} 0.0 73530.0 10861.0 0.2669183316453365 5 28 21.0 0.0 0.2669183316453365 0
72 ec.gp.GPIndividual@1487407944{374540023} 1.0 88682.0 10861.0 0.38108829757849183 5 32 21.0 0.0 0.38108829757849183 0
72 ec.gp.GPIndividual@130742437{1039104779} 1.0 70800.0 14578.0 0.26629167238304297 5 24 21.0 0.0 0.26629167238304297 0
72 ec.gp.GPIndividual@1665384109{1595728807} 0.0 73258.0 8160.0 0.05759803921568627 5 28 21.0 0.0 0.05759803921568627 0
72 ec.gp.GPIndividual@748501251{274995941} 1.0 70800.0 14578.0 0.26629167238304297 5 32 21.0 0.0 0.26629167238304297 0
72 ec.gp.GPIndividual@1665384109{1595728807} 0.0 77464.0 12802.0 0.4975785033588502 5 28 21.0 0.0 0.4975785033588502 0
72 ec.gp.GPIndividual@1049768780{1648130408} 1.0 70800.0 14578.0 0.26629167238304297 5 30 21.0 0.0 0.26629167238304297 0
72 ec.gp.GPIndividual@1487407944{374540023} 1.0 88682.0 8160.0 0.17622549019607844 5 32 21.0 0.0 0.17622549019607844 0
72 ec.gp.GPIndividual@130742437{1039104779} 1.0 74660.0 10861.0 0.16287634656109015 5 24 21.0 0.0 0.16287634656109015 0
72 ec.gp.GPIndividual@1487407944{374540023} 0.0 88682.0 12802.0 0.47492579284486797 5 32 21.0 0.0 0.47492579284486797 0
72 ec.gp.GPIndividual@1665384109{1595728807} 0.0 73902.0 10087.0 0.17378804401705164 5 28 21.0 0.0 0.17378804401705164 0
72 ec.gp.GPIndividual@748501251{274995941} 0.0 74660.0 10861.0 0.16287634656109015 5 32 21.0 0.0 0.16287634656109015 0
72 ec.gp.GPIndividual@1049768780{1648130408} 0.0 74660.0 10861.0 0.16287634656109015 5 30 21.0 0.0 0.16287634656109015 0
72 ec.gp.GPIndividual@130742437{1039104779} 0.0 74660.0 8160.0 0.1142156862745098 5 24 21.0 0.0 0.1142156862745098 0
72 ec.gp.GPIndividual@1665384109{1595728807} 0.0 84807.0 8317.0 0.6576890705783335 5 28 21.0 0.0 0.6576890705783335 0
72 ec.gp.GPIndividual@1487407944{374540023} 0.0 88682.0 10087.0 0.33359770000991373 5 32 21.0 0.0 0.33359770000991373 0
72 ec.gp.GPIndividual@1487407944{374540023} 0.0 88682.0 8317.0 0.1917758807262234 5 32 21.0 0.0 0.1917758807262234 0
72 ec.gp.GPIndividual@748501251{274995941} 1.0 74660.0 8160.0 0.1142156862745098 5 32 21.0 0.0 0.1142156862745098 0
72 ec.gp.GPIndividual@1049768780{1648130408} 1.0 74660.0 8160.0 0.1142156862745098 5 30 21.0 0.0 0.1142156862745098 0
72 ec.gp.GPIndividual@130742437{1039104779} 1.0 75160.0 12802.0 0.2507420715513201 5 24 21.0 0.0 0.2507420715513201 0
72 ec.gp.GPIndividual@748501251{274995941} 0.0 75160.0 12802.0 0.2507420715513201 5 32 21.0 0.0 0.2507420715513201 0
72 ec.gp.GPIndividual@130742437{1039104779} 0.0 72 ec.gp.GPIndividual@1049768780{1648130408} 74660.0 12802.0 0.0986418161990681 0.0 5 24 21.0 0.0 0.0986418161990681 0
75160.0 12802.0 0.2507420715513201 5 30 21.0 0.0 0.2507420715513201 0
72 ec.gp.GPIndividual@1377386010{-1552143292} 1.0 70392.0 10054.0 0.023274318679132683 5 36 21.0 0.0 0.023274318679132683 0
72 ec.gp.GPIndividual@748501251{274995941} 0.0 74660.0 10087.0 0.0986418161990681 5 32 21.0 0.0 0.0986418161990681 0
72 ec.gp.GPIndividual@130742437{1039104779} 0.0 74660.0 8317.0 0.09318263797042203 5 24 21.0 0.0 0.09318263797042203 0
72 ec.gp.GPIndividual@1049768780{1648130408} 0.0 74660.0 10087.0 0.0986418161990681 5 30 21.0 0.0 0.0986418161990681 0
72 ec.gp.GPIndividual@748501251{274995941} 0.0 74660.0 8317.0 0.09318263797042203 5 32 21.0 0.0 0.09318263797042203 0
72 ec.gp.GPIndividual@1377386010{-1552143292} 0.0 70392.0 8387.0 0.22666030761893408 5 36 21.0 0.0 0.22666030761893408 0
72 ec.gp.GPIndividual@1631188084{-416492871} 0.0 74660.0 10054.0 0.09568331012532326 5 26 21.0 0.0 0.09568331012532326 0
72 ec.gp.GPIndividual@1049768780{1648130408} 0.0 74660.0 8317.0 0.09318263797042203 5 30 21.0 0.0 0.09318263797042203 0
72 ec.gp.GPIndividual@1355203909{-1391355707} 0.0 74660.0 10054.0 0.09568331012532326 5 32 21.0 0.0 0.09568331012532326 0
72 ec.gp.GPIndividual@1631188084{-416492871} 0.0 74660.0 8387.0 0.08405866221533326 5 26 21.0 0.0 0.08405866221533326 0
72 ec.gp.GPIndividual@1377386010{-1552143292} 0.0 66500.0 14578.0 0.18644532857730828 5 36 21.0 0.0 0.18644532857730828 0
72 ec.gp.GPIndividual@1355203909{-1391355707} 0.0 74660.0 8387.0 0.08405866221533326 5 32 21.0 0.0 0.08405866221533326 0
72 ec.gp.GPIndividual@1531831232{199993255} 0.0 74660.0 10054.0 0.09568331012532326 5 30 21.0 0.0 0.09568331012532326 0
72 ec.gp.GPIndividual@1531831232{199993255} 0.0 74660.0 8387.0 0.08405866221533326 5 30 21.0 0.0 0.08405866221533326 0
72 ec.gp.GPIndividual@1631188084{-416492871} 0.0 70800.0 14578.0 0.26629167238304297 5 26 21.0 0.0 0.26629167238304297 0
72 ec.gp.GPIndividual@1377386010{-1552143292} 0.0 70392.0 10861.0 0.05275757296749839 5 36 21.0 0.0 0.05275757296749839 0
72 ec.gp.GPIndividual@1355203909{-1391355707} 0.0 70800.0 14578.0 0.26629167238304297 5 32 21.0 0.0 0.26629167238304297 0
72 ec.gp.GPIndividual@1631188084{-416492871} 0.0 74660.0 10861.0 0.16287634656109015 5 26 21.0 0.0 0.16287634656109015 0
72 ec.gp.GPIndividual@1355203909{-1391355707} 0.0 74660.0 10861.0 0.16287634656109015 5 32 21.0 0.0 0.16287634656109015 0
72 ec.gp.GPIndividual@1531831232{199993255} 0.0 70800.0 14578.0 0.26629167238304297 5 30 21.0 0.0 0.26629167238304297 0
72 ec.gp.GPIndividual@1377386010{-1552143292} 0.0 70392.0 8160.0 0.2607843137254902 5 36 21.0 0.0 0.2607843137254902 0
72 ec.gp.GPIndividual@1631188084{-416492871} 0.0 74660.0 8160.0 0.1142156862745098 5 26 21.0 0.0 0.1142156862745098 0
72 ec.gp.GPIndividual@1355203909{-1391355707} 0.0 74660.0 8160.0 0.1142156862745098 5 32 21.0 0.0 0.1142156862745098 0
72 ec.gp.GPIndividual@1531831232{199993255} 0.0 74660.0 10861.0 0.16287634656109015 5 30 21.0 0.0 0.16287634656109015 0
72 ec.gp.GPIndividual@1631188084{-416492871} 0.0 75160.0 12802.0 0.2507420715513201 5 26 21.0 0.0 0.2507420715513201 0
72 ec.gp.GPIndividual@1377386010{-1552143292} 0.0 70800.0 12802.0 0.16450554600843617 5 36 21.0 0.0 0.16450554600843617 0
72 ec.gp.GPIndividual@1355203909{-1391355707} 0.0 75160.0 12802.0 0.2507420715513201 5 32 21.0 0.0 0.2507420715513201 0
72 ec.gp.GPIndividual@1531831232{199993255} 0.0 74660.0 8160.0 0.1142156862745098 5 30 21.0 0.0 0.1142156862745098 0
72 ec.gp.GPIndividual@1631188084{-416492871} 0.0 74660.0 10087.0 0.0986418161990681 5 26 21.0 0.0 0.0986418161990681 0
72 ec.gp.GPIndividual@1377386010{-1552143292} 0.0 70392.0 10087.0 0.019926638247248933 5 36 21.0 0.0 0.019926638247248933 0
72 ec.gp.GPIndividual@1355203909{-1391355707} 0.0 74660.0 10087.0 0.0986418161990681 5 32 21.0 0.0 0.0986418161990681 0
72 ec.gp.GPIndividual@1531831232{199993255} 0.0 75160.0 12802.0 0.2507420715513201 5 30 21.0 0.0 0.2507420715513201 0
72 ec.gp.GPIndividual@1631188084{-416492871} 0.0 74660.0 8317.0 0.09318263797042203 5 26 21.0 0.0 0.09318263797042203 0
72 ec.gp.GPIndividual@1355203909{-1391355707} 0.0 74660.0 8317.0 0.09318263797042203 5 32 21.0 0.0 0.09318263797042203 0
72 ec.gp.GPIndividual@1531831232{199993255} 0.0 74660.0 10087.0 0.0986418161990681 5 30 21.0 0.0 0.0986418161990681 0
72 ec.gp.GPIndividual@1377386010{-1552143292} 0.0 70392.0 8317.0 0.23698448959961524 5 36 21.0 0.0 0.23698448959961524 0
72 ec.gp.GPIndividual@884180408{-2069653026} 0.0 74660.0 10054.0 0.09568331012532326 5 28 21.0 0.0 0.09568331012532326 0
72 ec.gp.GPIndividual@1531831232{199993255} 0.0 74660.0 8317.0 0.09318263797042203 5 30 21.0 0.0 0.09318263797042203 0
72 ec.gp.GPIndividual@1941089752{-1312099897} 0.0 75160.0 10054.0 0.045951859956236324 5 28 21.0 0.0 0.045951859956236324 0
72 ec.gp.GPIndividual@884180408{-2069653026} 0.0 74660.0 8387.0 0.08405866221533326 5 28 21.0 0.0 0.08405866221533326 0
72 ec.gp.GPIndividual@1941089752{-1312099897} 0.0 75160.0 8387.0 0.14367473470847741 5 28 21.0 0.0 0.14367473470847741 0
72 ec.gp.GPIndividual@1941089752{-1312099897} 0.0 79222.0 14578.0 0.43819453971738237 5 28 21.0 0.0 0.43819453971738237 0
72 ec.gp.GPIndividual@884180408{-2069653026} 0.0 70800.0 14578.0 0.26629167238304297 5 28 21.0 0.0 0.26629167238304297 0
72 ec.gp.GPIndividual@884180408{-2069653026} 0.0 74660.0 10861.0 0.16287634656109015 5 28 21.0 0.0 0.16287634656109015 0
72 ec.gp.GPIndividual@1941089752{-1312099897} 0.0 75160.0 10861.0 0.1168400699751404 5 28 21.0 0.0 0.1168400699751404 0
72 ec.gp.GPIndividual@1941089752{-1312099897} 0.0 78900.0 8160.0 0.035784313725490194 5 28 21.0 0.0 0.035784313725490194 0
72 ec.gp.GPIndividual@884180408{-2069653026} 0.0 74660.0 8160.0 0.1142156862745098 5 28 21.0 0.0 0.1142156862745098 0
72 ec.gp.GPIndividual@1941089752{-1312099897} 0.0 79400.0 12802.0 0.34635213247930013 5 28 21.0 0.0 0.34635213247930013 0
72 ec.gp.GPIndividual@884180408{-2069653026} 0.0 75160.0 12802.0 0.2507420715513201 5 28 21.0 0.0 0.2507420715513201 0
72 ec.gp.GPIndividual@1941089752{-1312099897} 0.0 75160.0 10087.0 0.04907306434023991 5 28 21.0 0.0 0.04907306434023991 0
72 ec.gp.GPIndividual@884180408{-2069653026} 0.0 74660.0 10087.0 0.0986418161990681 5 28 21.0 0.0 0.0986418161990681 0
72 ec.gp.GPIndividual@1941089752{-1312099897} 0.0 78900.0 8317.0 0.05398581219189612 5 28 21.0 0.0 0.05398581219189612 0
72 ec.gp.GPIndividual@884180408{-2069653026} 0.0 74660.0 8317.0 0.09318263797042203 5 28 21.0 0.0 0.09318263797042203 0
73 ec.gp.GPIndividual@1373032469{-1206783144} 0.0 109280.0 10054.0 1.0 1 1 21.0 0.0 1.0 0
73 ec.gp.GPIndividual@1373032469{-1206783144} 0.0 109280.0 8387.0 1.0 1 1 21.0 0.0 1.0 0
73 ec.gp.GPIndividual@1373032469{-1206783144} 0.0 109280.0 14578.0 1.0 1 1 21.0 0.0 1.0 0
73 ec.gp.GPIndividual@1373032469{-1206783144} 0.0 109280.0 10861.0 1.0 1 1 21.0 0.0 1.0 0
73 ec.gp.GPIndividual@1373032469{-1206783144} 0.0 109280.0 8160.0 1.0 1 1 21.0 0.0 1.0 0
73 ec.gp.GPIndividual@1373032469{-1206783144} 0.0 109280.0 12802.0 1.0 1 1 21.0 0.0 1.0 0
73 ec.gp.GPIndividual@1373032469{-1206783144} 0.0 109280.0 10087.0 1.0 1 1 21.0 0.0 1.0 0
73 ec.gp.GPIndividual@1373032469{-1206783144} 0.0 109280.0 8317.0 1.0 1 1 21.0 0.0 1.0 0
73 ec.gp.GPIndividual@1612228225{-1516892229} 0.0 92920.0 10054.0 0.45335189974139645 5 16 21.0 0.0 0.45335189974139645 0
73 ec.gp.GPIndividual@1612228225{-1516892229} 0.0 92920.0 8387.0 0.34470013115535947 5 16 21.0 0.0 0.34470013115535947 0
73 ec.gp.GPIndividual@680035646{1735329999} 0.0 75160.0 10054.0 0.045951859956236324 5 28 21.0 0.0 0.045951859956236324 0
73 ec.gp.GPIndividual@1164427188{-1093199075} 1.0 70392.0 10054.0 0.023274318679132683 5 36 21.0 0.0 0.023274318679132683 0
73 ec.gp.GPIndividual@1612228225{-1516892229} 0.0 92920.0 14578.0 0.6229935519275621 5 16 21.0 0.0 0.6229935519275621 0
73 ec.gp.GPIndividual@417167779{1218880976} 1.0 92920.0 10054.0 0.45335189974139645 5 30 21.0 0.0 0.45335189974139645 0
73 ec.gp.GPIndividual@1612228225{-1516892229} 0.0 92920.0 10861.0 0.4939692477672406 5 16 21.0 0.0 0.4939692477672406 0
73 ec.gp.GPIndividual@334387434{1250511224} 1.0 74660.0 10054.0 0.09568331012532326 5 30 21.0 0.0 0.09568331012532326 0
73 ec.gp.GPIndividual@680035646{1735329999} 0.0 75160.0 8387.0 0.14367473470847741 5 28 21.0 0.0 0.14367473470847741 0
73 ec.gp.GPIndividual@1612228225{-1516892229} 0.0 92920.0 8160.0 0.3264705882352941 5 16 21.0 0.0 0.3264705882352941 0
73 ec.gp.GPIndividual@680035646{1735329999} 0.0 79222.0 14578.0 0.43819453971738237 5 28 21.0 0.0 0.43819453971738237 0
73 ec.gp.GPIndividual@1164427188{-1093199075} 1.0 70392.0 8387.0 0.22666030761893408 5 36 21.0 0.0 0.22666030761893408 0
73 ec.gp.GPIndividual@1612228225{-1516892229} 0.0 92920.0 12802.0 0.5706920793625996 5 16 21.0 0.0 0.5706920793625996 0
73 ec.gp.GPIndividual@417167779{1218880976} 1.0 92920.0 8387.0 0.34470013115535947 5 30 21.0 0.0 0.34470013115535947 0
73 ec.gp.GPIndividual@334387434{1250511224} 1.0 74660.0 8387.0 0.08405866221533326 5 30 21.0 0.0 0.08405866221533326 0
73 ec.gp.GPIndividual@1612228225{-1516892229} 0.0 92920.0 10087.0 0.4551402795677605 5 16 21.0 0.0 0.4551402795677605 0
73 ec.gp.GPIndividual@680035646{1735329999} 0.0 75160.0 10861.0 0.1168400699751404 5 28 21.0 0.0 0.1168400699751404 0
73 ec.gp.GPIndividual@1612228225{-1516892229} 0.0 92920.0 8317.0 0.33918480221233616 5 16 21.0 0.0 0.33918480221233616 0
73 ec.gp.GPIndividual@417167779{1218880976} 1.0 92920.0 14578.0 0.6229935519275621 5 30 21.0 0.0 0.6229935519275621 0
73 ec.gp.GPIndividual@1164427188{-1093199075} 1.0 66500.0 14578.0 0.18644532857730828 5 36 21.0 0.0 0.18644532857730828 0
73 ec.gp.GPIndividual@680035646{1735329999} 0.0 78900.0 8160.0 0.035784313725490194 5 28 21.0 0.0 0.035784313725490194 0
73 ec.gp.GPIndividual@948658965{-1126587882} 0.0 75160.0 10054.0 0.045951859956236324 5 22 21.0 0.0 0.045951859956236324 0
73 ec.gp.GPIndividual@334387434{1250511224} 1.0 70800.0 14578.0 0.26629167238304297 5 30 21.0 0.0 0.26629167238304297 0
73 ec.gp.GPIndividual@417167779{1218880976} 0.0 92920.0 10861.0 0.4939692477672406 5 30 21.0 0.0 0.4939692477672406 0
73 ec.gp.GPIndividual@417167779{1218880976} 0.0 92920.0 8160.0 0.3264705882352941 5 30 21.0 0.0 0.3264705882352941 0
73 ec.gp.GPIndividual@680035646{1735329999} 0.0 79400.0 12802.0 0.34635213247930013 5 28 21.0 0.0 0.34635213247930013 0
73 ec.gp.GPIndividual@417167779{1218880976} 0.0 73 ec.gp.GPIndividual@948658965{-1126587882} 92920.0 8387.0 0.5706920793625996 0.0 5 30 21.0 0.0 75160.0 8387.0 0.14367473470847741 0.5706920793625996 0
5 22 21.0 0.0 0.14367473470847741 0
73 ec.gp.GPIndividual@334387434{1250511224} 0.0 74660.0 10861.0 0.16287634656109015 5 30 21.0 0.0 0.16287634656109015 0
73 ec.gp.GPIndividual@1164427188{-1093199075} 1.0 70392.0 10861.0 0.05275757296749839 5 36 21.0 0.0 0.05275757296749839 0
73 ec.gp.GPIndividual@948658965{-1126587882} 0.0 79222.0 14578.0 0.43819453971738237 5 22 21.0 0.0 0.43819453971738237 0
73 ec.gp.GPIndividual@680035646{1735329999} 0.0 75160.0 10087.0 0.04907306434023991 5 28 21.0 0.0 0.04907306434023991 0
73 ec.gp.GPIndividual@417167779{1218880976} 0.0 92920.0 10087.0 0.4551402795677605 5 30 21.0 0.0 0.4551402795677605 0
73 ec.gp.GPIndividual@417167779{1218880976} 0.0 92920.0 8317.0 0.33918480221233616 5 30 21.0 0.0 0.33918480221233616 0
73 ec.gp.GPIndividual@680035646{1735329999} 0.0 78900.0 8317.0 0.05398581219189612 5 28 21.0 0.0 0.05398581219189612 0
73 ec.gp.GPIndividual@948658965{-1126587882} 0.0 75160.0 10861.0 0.1168400699751404 5 22 21.0 0.0 0.1168400699751404 0
73 ec.gp.GPIndividual@334387434{1250511224} 1.0 74660.0 8160.0 0.1142156862745098 5 30 21.0 0.0 0.1142156862745098 0
73 ec.gp.GPIndividual@1164427188{-1093199075} 1.0 70392.0 8160.0 0.2607843137254902 5 36 21.0 0.0 0.2607843137254902 0
73 ec.gp.GPIndividual@948658965{-1126587882} 0.0 78900.0 8160.0 0.035784313725490194 5 22 21.0 0.0 0.035784313725490194 0
73 ec.gp.GPIndividual@334387434{1250511224} 0.0 75160.0 12802.0 0.2507420715513201 5 30 21.0 0.0 0.2507420715513201 0
73 ec.gp.GPIndividual@948658965{-1126587882} 0.0 79400.0 12802.0 0.34635213247930013 5 22 21.0 0.0 0.34635213247930013 0
73 ec.gp.GPIndividual@1164427188{-1093199075} 0.0 70800.0 12802.0 0.16450554600843617 5 36 21.0 0.0 0.16450554600843617 0
73 ec.gp.GPIndividual@334387434{1250511224} 0.0 74660.0 10087.0 0.0986418161990681 5 30 21.0 0.0 0.0986418161990681 0
73 ec.gp.GPIndividual@948658965{-1126587882} 0.0 75160.0 10087.0 0.04907306434023991 5 22 21.0 0.0 0.04907306434023991 0
73 ec.gp.GPIndividual@1164427188{-1093199075} 0.0 70392.0 10087.0 0.019926638247248933 5 36 21.0 0.0 0.019926638247248933 0
73 ec.gp.GPIndividual@948658965{-1126587882} 0.0 78900.0 8317.0 0.05398581219189612 5 22 21.0 0.0 0.05398581219189612 0
73 ec.gp.GPIndividual@334387434{1250511224} 0.0 74660.0 8317.0 0.09318263797042203 5 30 21.0 0.0 0.09318263797042203 0
73 ec.gp.GPIndividual@1164427188{-1093199075} 0.0 70392.0 8317.0 0.23698448959961524 5 36 21.0 0.0 0.23698448959961524 0
73 ec.gp.GPIndividual@1376916417{-529009065} 0.0 65394.0 10054.0 0.0696240302367217 5 28 21.0 0.0 0.0696240302367217 0
73 ec.gp.GPIndividual@1376916417{-529009065} 0.0 60866.0 8387.0 0.39382377488971027 5 28 21.0 0.0 0.39382377488971027 0
73 ec.gp.GPIndividual@1376916417{-529009065} 0.0 69516.0 14578.0 0.35436959802442036 5 28 21.0 0.0 0.35436959802442036 0
73 ec.gp.GPIndividual@1376916417{-529009065} 2.0 65362.0 10861.0 0.012798084890894025 5 28 21.0 0.0 0.012798084890894025 0
73 ec.gp.GPIndividual@1376916417{-529009065} 0.0 60598.0 8160.0 0.39975490196078434 5 28 21.0 0.0 0.39975490196078434 0
73 ec.gp.GPIndividual@1376916417{-529009065} 0.0 64866.0 12802.0 0.2012185596000625 5 28 21.0 0.0 0.2012185596000625 0
73 ec.gp.GPIndividual@1376916417{-529009065} 0.0 65394.0 10087.0 0.06612471497967681 5 28 21.0 0.0 0.06612471497967681 0
73 ec.gp.GPIndividual@1376916417{-529009065} 0.0 60598.0 8317.0 0.3733317301911747 5 28 21.0 0.0 0.3733317301911747 0
74 ec.gp.GPIndividual@638551247{-1620194061} 0.0 101188.0 10054.0 0.7179232146409389 5 28 21.0 0.0 74 ec.gp.GPIndividual@491072703{-870923818} 0.0 0.7179232146409389 0
101188.0 10054.0 0.7179232146409389 3 5 21.0 0.0 74 ec.gp.GPIndividual@397160219{1383084612} 0.7179232146409389 0
74 ec.gp.GPIndividual@638551247{-1620194061} 0.0 101188.0 8387.0 0.6618576368188863 0.0 5 28 21.0 0.0 0.6618576368188863 0
74 ec.gp.GPIndividual@491072703{-870923818} 0.0 101188.0 8387.0 0.6618576368188863 99026.0 8387.0 0.9329620051720708 3 5 21.0 0.0 0.6618576368188863 0
74 ec.gp.GPIndividual@638551247{-1620194061} 0.0 101188.0 14578.0 0.805460282617643 5 24 21.0 0.0 5 28 21.0 0.0 0.9329620051720708 0
74 ec.gp.GPIndividual@491072703{-870923818} 0.0 101188.0 14578.0 0.805460282617643 3 5 21.0 0.0 0.805460282617643 0
74 ec.gp.GPIndividual@397160219{1383084612} 0.805460282617643 0
0.0 74 ec.gp.GPIndividual@638551247{-1620194061} 99026.0 10861.0 0.9196375342792417 0.0 5 24 21.0 0.0 101188.0 10861.0 0.7388822392044931 0.9196375342792417 0
74 ec.gp.GPIndividual@491072703{-870923818} 0.0 101188.0 10861.0 0.7388822392044931 3 5 21.0 0.0 0.7388822392044931 0
74 ec.gp.GPIndividual@397160219{1383084612} 0.0 99026.0 14578.0 0.9537659486898066 5 24 21.0 0.0 0.9537659486898066 0
5 28 21.0 0.0 74 ec.gp.GPIndividual@491072703{-870923818} 0.7388822392044931 0
74 ec.gp.GPIndividual@397160219{1383084612} 0.0 99026.0 10861.0 0.9379430991621398 5 24 21.0 0.0 0.0 0.9379430991621398 0
101188.0 10861.0 0.6524509803921569 3 5 21.0 0.0 0.6524509803921569 0
74 ec.gp.GPIndividual@397160219{1383084612} 0.0 99026.0 8160.0 0.9174019607843137 5 24 21.0 0.0 0.9174019607843137 0
74 ec.gp.GPIndividual@491072703{-870923818} 0.0 101188.0 12802.0 0.7784721137322294 3 5 21.0 0.0 0.7784721137322294 0
74 ec.gp.GPIndividual@397160219{1383084612} 0.0 99026.0 12802.0 0.9473519762537104 74 ec.gp.GPIndividual@638551247{-1620194061} 5 24 21.0 0.0 0.0 0.9473519762537104 0
74 ec.gp.GPIndividual@491072703{-870923818} 0.0 101188.0 10087.0 0.7188460394567264 3 5 21.0 0.0 101188.0 12802.0 0.6524509803921569 74 ec.gp.GPIndividual@397160219{1383084612} 0.7188460394567264 0
5 28 21.0 0.0 0.6524509803921569 0
0.0 99026.0 8317.0 0.9331813224942996 74 ec.gp.GPIndividual@491072703{-870923818} 5 24 21.0 0.0 0.0 0.9331813224942996 0
74 ec.gp.GPIndividual@638551247{-1620194061} 0.0 101188.0 12802.0 0.7784721137322294 101188.0 8317.0 0.6590116628592041 5 28 21.0 0.0 3 5 21.0 0.0 0.7784721137322294 0
74 ec.gp.GPIndividual@397160219{1383084612} 0.0 99026.0 8317.0 0.9189611638812072 0.6590116628592041 0
74 ec.gp.GPIndividual@638551247{-1620194061} 0.0 101188.0 10087.0 0.7188460394567264 5 28 21.0 0.0 5 24 21.0 0.0 0.7188460394567264 0
0.9189611638812072 0
74 ec.gp.GPIndividual@638551247{-1620194061} 0.0 101188.0 8317.0 0.6590116628592041 5 28 21.0 0.0 0.6590116628592041 0
74 ec.gp.GPIndividual@214283897{-122455348} 0.0 74660.0 10054.0 0.09568331012532326 5 26 21.0 0.0 0.09568331012532326 0
74 ec.gp.GPIndividual@214283897{-122455348} 0.0 74660.0 8387.0 0.08405866221533326 5 26 21.0 0.0 0.08405866221533326 0
74 ec.gp.GPIndividual@820128044{1046315613} 0.0 66096.0 10054.0 0.13944698627411975 5 28 21.0 0.0 0.13944698627411975 0
74 ec.gp.GPIndividual@214283897{-122455348} 0.0 70800.0 14578.0 0.26629167238304297 5 26 21.0 0.0 0.26629167238304297 0
74 ec.gp.GPIndividual@820128044{1046315613} 0.0 66096.0 8387.0 0.3659234529629188 5 28 21.0 0.0 0.3659234529629188 0
74 ec.gp.GPIndividual@214283897{-122455348} 0.0 74660.0 10861.0 0.16287634656109015 5 26 21.0 0.0 0.16287634656109015 0
74 ec.gp.GPIndividual@214283897{-122455348} 0.0 74660.0 8160.0 0.1142156862745098 5 26 21.0 0.0 0.1142156862745098 0
74 ec.gp.GPIndividual@820128044{1046315613} 0.0 69984.0 14578.0 0.3222664288654136 5 28 21.0 0.0 0.3222664288654136 0
74 ec.gp.GPIndividual@214283897{-122455348} 0.0 75160.0 12802.0 0.2507420715513201 5 26 21.0 0.0 0.2507420715513201 0
74 ec.gp.GPIndividual@214283897{-122455348} 0.0 74660.0 10087.0 0.0986418161990681 5 26 21.0 0.0 0.0986418161990681 0
74 ec.gp.GPIndividual@820128044{1046315613} 0.0 66096.0 10861.0 0.05478316913728018 5 28 21.0 0.0 0.05478316913728018 0
74 ec.gp.GPIndividual@214283897{-122455348} 0.0 74660.0 8317.0 0.09318263797042203 5 26 21.0 0.0 0.09318263797042203 0
74 ec.gp.GPIndividual@820128044{1046315613} 0.0 65874.0 8160.0 0.3767156862745098 5 28 21.0 0.0 0.3767156862745098 0
74 ec.gp.GPIndividual@820128044{1046315613} 0.0 70364.0 12802.0 0.19856272457428525 5 28 21.0 0.0 0.19856272457428525 0
74 ec.gp.GPIndividual@820128044{1046315613} 0.0 66096.0 10087.0 0.1357192425894716 5 28 21.0 0.0 0.1357192425894716 0
74 ec.gp.GPIndividual@820128044{1046315613} 0.0 65874.0 8317.0 0.3507274257544788 5 28 21.0 0.0 0.3507274257544788 0
74 ec.gp.GPIndividual@730867908{1990142543} 0.0 92920.0 10054.0 0.45335189974139645 5 30 21.0 0.0 0.45335189974139645 0
74 ec.gp.GPIndividual@730867908{1990142543} 0.0 92920.0 8387.0 0.34470013115535947 5 30 21.0 0.0 0.34470013115535947 0
74 ec.gp.GPIndividual@730867908{1990142543} 0.0 92920.0 14578.0 0.6229935519275621 5 30 21.0 0.0 0.6229935519275621 0
74 ec.gp.GPIndividual@730867908{1990142543} 0.0 92920.0 10861.0 0.4939692477672406 5 30 21.0 0.0 0.4939692477672406 0
74 ec.gp.GPIndividual@730867908{1990142543} 0.0 92920.0 8160.0 0.3264705882352941 5 30 21.0 0.0 0.3264705882352941 0
74 ec.gp.GPIndividual@730867908{1990142543} 0.0 92920.0 12802.0 0.5706920793625996 5 30 21.0 0.0 0.5706920793625996 0
74 ec.gp.GPIndividual@730867908{1990142543} 0.0 92920.0 10087.0 0.4551402795677605 5 30 21.0 0.0 0.4551402795677605 0
74 ec.gp.GPIndividual@730867908{1990142543} 0.0 92920.0 8317.0 0.33918480221233616 5 30 21.0 0.0 0.33918480221233616 0
74 ec.gp.GPIndividual@1294633987{1663129016} 0.0 74660.0 10054.0 0.09568331012532326 5 28 21.0 0.0 0.09568331012532326 0
74 ec.gp.GPIndividual@1294633987{1663129016} 0.0 74660.0 8387.0 0.08405866221533326 5 28 21.0 0.0 0.08405866221533326 0
74 ec.gp.GPIndividual@1294633987{1663129016} 0.0 70800.0 14578.0 0.26629167238304297 5 28 21.0 0.0 0.26629167238304297 0
74 ec.gp.GPIndividual@1294633987{1663129016} 0.0 74660.0 10861.0 0.16287634656109015 5 28 21.0 0.0 0.16287634656109015 0
74 ec.gp.GPIndividual@1294633987{1663129016} 0.0 74660.0 8160.0 0.1142156862745098 5 28 21.0 0.0 0.1142156862745098 0
74 ec.gp.GPIndividual@1294633987{1663129016} 0.0 75160.0 12802.0 0.2507420715513201 5 28 21.0 0.0 0.2507420715513201 0
74 ec.gp.GPIndividual@1294633987{1663129016} 0.0 74660.0 10087.0 0.0986418161990681 5 28 21.0 0.0 0.0986418161990681 0
74 ec.gp.GPIndividual@1294633987{1663129016} 0.0 74660.0 8317.0 0.09318263797042203 5 28 21.0 0.0 0.09318263797042203 0
75 ec.gp.GPIndividual@1670209388{884197823} 0.0 97094.0 10054.0 0.5816590411776408 5 20 21.0 0.0 0.5816590411776408 0
75 ec.gp.GPIndividual@1670209388{884197823} 0.0 97094.0 8387.0 0.4985095981876714 5 20 21.0 0.0 0.4985095981876714 0
75 ec.gp.GPIndividual@1670209388{884197823} 0.0 97094.0 14578.0 0.7114830566607216 5 20 21.0 0.0 0.7114830566607216 0
75 ec.gp.GPIndividual@1670209388{884197823} 0.0 97094.0 10861.0 0.6127428413589909 5 20 21.0 0.0 0.6127428413589909 0
75 ec.gp.GPIndividual@1670209388{884197823} 0.0 97094.0 8160.0 0.48455882352941176 5 20 21.0 0.0 0.48455882352941176 0
75 ec.gp.GPIndividual@1670209388{884197823} 0.0 97094.0 12802.0 0.6714575847523825 5 20 21.0 0.0 0.6714575847523825 0
75 ec.gp.GPIndividual@1670209388{884197823} 0.0 97094.0 10087.0 0.5830276593635372 5 20 21.0 0.0 0.5830276593635372 0
75 ec.gp.GPIndividual@1670209388{884197823} 0.0 97094.0 8317.0 0.49428880605987735 5 20 21.0 0.0 0.49428880605987735 0
75 ec.gp.GPIndividual@560415213{1159613618} 1.0 75160.0 10054.0 0.045951859956236324 75 ec.gp.GPIndividual@79457648{-781890584} 5 32 21.0 0.0 0.0 0.045951859956236324 0
99026.0 10054.0 0.9329620051720708 2 3 21.0 0.0 0.9329620051720708 0
75 ec.gp.GPIndividual@79457648{-781890584} 0.0 99026.0 8387.0 0.9196375342792417 2 3 21.0 0.0 0.9196375342792417 0
75 ec.gp.GPIndividual@79457648{-781890584} 0.0 99026.0 14578.0 0.9537659486898066 2 3 21.0 0.0 0.9537659486898066 0
75 ec.gp.GPIndividual@79457648{-781890584} 0.0 99026.0 10861.0 0.9379430991621398 2 3 21.0 0.0 0.9379430991621398 0
75 ec.gp.GPIndividual@79457648{-781890584} 0.0 99026.0 8160.0 0.9174019607843137 2 3 21.0 0.0 0.9174019607843137 0
75 ec.gp.GPIndividual@79457648{-781890584} 0.0 99026.0 12802.0 0.9473519762537104 2 3 21.0 0.0 0.9473519762537104 0
75 ec.gp.GPIndividual@79457648{-781890584} 0.0 99026.0 10087.0 0.9331813224942996 2 3 21.0 0.0 0.9331813224942996 0
75 ec.gp.GPIndividual@79457648{-781890584} 0.0 99026.0 8317.0 0.9189611638812072 2 3 21.0 0.0 0.9189611638812072 0
75 ec.gp.GPIndividual@592154061{-1036403682} 1.0 75 ec.gp.GPIndividual@1993363323{-1094814095} 74660.0 10054.0 0.09568331012532326 1.0 5 30 21.0 0.0 0.09568331012532326 0
74660.0 10054.0 0.09568331012532326 5 30 21.0 0.0 0.09568331012532326 0
75 ec.gp.GPIndividual@513580781{1663129016} 1.0 74660.0 10054.0 0.09568331012532326 5 28 21.0 0.0 0.09568331012532326 0
75 ec.gp.GPIndividual@560415213{1159613618} 0.0 75160.0 8387.0 0.14367473470847741 5 32 21.0 0.0 0.14367473470847741 0
75 ec.gp.GPIndividual@592154061{-1036403682} 0.0 74660.0 8387.0 0.08405866221533326 5 30 21.0 0.0 0.08405866221533326 0
75 ec.gp.GPIndividual@1993363323{-1094814095} 0.0 74660.0 8387.0 0.08405866221533326 5 30 21.0 0.0 0.08405866221533326 0
75 ec.gp.GPIndividual@560415213{1159613618} 0.0 79222.0 14578.0 0.43819453971738237 5 32 21.0 0.0 0.43819453971738237 0
75 ec.gp.GPIndividual@513580781{1663129016} 1.0 74660.0 8387.0 0.08405866221533326 5 28 21.0 0.0 0.08405866221533326 0
75 ec.gp.GPIndividual@592154061{-1036403682} 0.0 70800.0 14578.0 0.26629167238304297 5 30 21.0 0.0 0.26629167238304297 0
75 ec.gp.GPIndividual@560415213{1159613618} 0.0 75160.0 10861.0 0.1168400699751404 5 32 21.0 0.0 0.1168400699751404 0
75 ec.gp.GPIndividual@1993363323{-1094814095} 0.0 70800.0 14578.0 0.26629167238304297 5 30 21.0 0.0 0.26629167238304297 0
75 ec.gp.GPIndividual@560415213{1159613618} 0.0 78900.0 8160.0 0.035784313725490194 5 32 21.0 0.0 0.035784313725490194 0
75 ec.gp.GPIndividual@513580781{1663129016} 0.0 70800.0 14578.0 0.26629167238304297 5 28 21.0 0.0 0.26629167238304297 0
75 ec.gp.GPIndividual@592154061{-1036403682} 0.0 74660.0 10861.0 0.16287634656109015 5 30 21.0 0.0 0.16287634656109015 0
75 ec.gp.GPIndividual@1993363323{-1094814095} 0.0 74660.0 10861.0 0.16287634656109015 5 30 21.0 0.0 0.16287634656109015 0
75 ec.gp.GPIndividual@560415213{1159613618} 0.0 79400.0 12802.0 0.34635213247930013 5 32 21.0 0.0 0.34635213247930013 0
75 ec.gp.GPIndividual@592154061{-1036403682} 0.0 74660.0 8160.0 0.1142156862745098 5 30 21.0 0.0 0.1142156862745098 0
75 ec.gp.GPIndividual@513580781{1663129016} 0.0 74660.0 10861.0 0.16287634656109015 5 28 21.0 0.0 0.16287634656109015 0
75 ec.gp.GPIndividual@1993363323{-1094814095} 0.0 74660.0 8160.0 0.1142156862745098 5 30 21.0 0.0 0.1142156862745098 0
75 ec.gp.GPIndividual@560415213{1159613618} 0.0 75160.0 10087.0 0.04907306434023991 5 32 21.0 0.0 0.04907306434023991 0
75 ec.gp.GPIndividual@592154061{-1036403682} 0.0 75160.0 12802.0 0.2507420715513201 5 30 21.0 0.0 0.2507420715513201 0
75 ec.gp.GPIndividual@560415213{1159613618} 0.0 78900.0 8317.0 0.05398581219189612 5 32 21.0 0.0 0.05398581219189612 0
75 ec.gp.GPIndividual@513580781{1663129016} 1.0 74660.0 8160.0 0.1142156862745098 5 28 21.0 0.0 0.1142156862745098 0
75 ec.gp.GPIndividual@1993363323{-1094814095} 1.0 75160.0 12802.0 0.2507420715513201 5 30 21.0 0.0 0.2507420715513201 0
75 ec.gp.GPIndividual@592154061{-1036403682} 0.0 74660.0 10087.0 0.0986418161990681 5 30 21.0 0.0 0.0986418161990681 0
75 ec.gp.GPIndividual@15574948{192653761} 0.0 74660.0 10054.0 0.09568331012532326 5 28 21.0 0.0 0.09568331012532326 0
75 ec.gp.GPIndividual@513580781{1663129016} 0.0 75160.0 12802.0 0.2507420715513201 5 28 21.0 0.0 0.2507420715513201 0
75 ec.gp.GPIndividual@1993363323{-1094814095} 0.0 74660.0 10087.0 0.0986418161990681 5 30 21.0 0.0 0.0986418161990681 0
75 ec.gp.GPIndividual@592154061{-1036403682} 0.0 74660.0 8317.0 0.09318263797042203 5 30 21.0 0.0 0.09318263797042203 0
75 ec.gp.GPIndividual@104991627{552385926} 0.0 99026.0 10054.0 0.9329620051720708 3 7 21.0 0.0 0.9329620051720708 0
75 ec.gp.GPIndividual@15574948{192653761} 0.0 74660.0 8387.0 0.08405866221533326 75 ec.gp.GPIndividual@104991627{552385926} 5 28 21.0 0.0 0.0 0.08405866221533326 0
99026.0 8387.0 0.9196375342792417 3 7 21.0 0.0 0.9196375342792417 0
75 ec.gp.GPIndividual@513580781{1663129016} 0.0 74660.0 10087.0 0.0986418161990681 5 28 21.0 0.0 0.0986418161990681 0
75 ec.gp.GPIndividual@104991627{552385926} 0.0 99026.0 14578.0 0.9537659486898066 3 7 21.0 0.0 0.9537659486898066 0
75 ec.gp.GPIndividual@104991627{552385926} 0.0 99026.0 10861.0 0.9379430991621398 3 7 21.0 0.0 0.9379430991621398 0
75 ec.gp.GPIndividual@104991627{552385926} 0.0 99026.0 8160.0 0.9174019607843137 3 7 21.0 0.0 0.9174019607843137 0
75 ec.gp.GPIndividual@104991627{552385926} 0.0 99026.0 12802.0 0.9473519762537104 3 7 21.0 0.0 0.9473519762537104 0
75 ec.gp.GPIndividual@104991627{552385926} 0.0 99026.0 10087.0 0.9331813224942996 3 7 21.0 0.0 0.9331813224942996 0
75 ec.gp.GPIndividual@104991627{552385926} 0.0 99026.0 8317.0 0.9189611638812072 3 7 21.0 0.0 0.9189611638812072 0
75 ec.gp.GPIndividual@1993363323{-1094814095} 0.0 74660.0 8317.0 0.09318263797042203 5 30 21.0 0.0 0.09318263797042203 0
75 ec.gp.GPIndividual@1697797021{1977264646} 0.0 95726.0 10054.0 0.7177242888402626 3 5 21.0 0.0 0.7177242888402626 0
75 ec.gp.GPIndividual@1697797021{1977264646} 0.0 95726.0 8387.0 0.6616191725289138 3 5 21.0 0.0 0.6616191725289138 0
75 ec.gp.GPIndividual@1697797021{1977264646} 0.0 95900.0 14578.0 0.7933872959253669 3 5 21.0 0.0 0.7933872959253669 0
75 ec.gp.GPIndividual@1697797021{1977264646} 0.0 95726.0 10861.0 0.7386980940981493 3 5 21.0 0.0 0.7386980940981493 0
75 ec.gp.GPIndividual@1697797021{1977264646} 0.0 95726.0 8160.0 0.6522058823529412 3 5 21.0 0.0 0.6522058823529412 0
75 ec.gp.GPIndividual@1697797021{1977264646} 0.0 95726.0 12802.0 0.7783158881424778 3 5 21.0 0.0 0.7783158881424778 0
75 ec.gp.GPIndividual@1697797021{1977264646} 0.0 95726.0 10087.0 0.7186477644492911 3 5 21.0 0.0 0.7186477644492911 0
75 ec.gp.GPIndividual@1697797021{1977264646} 0.0 95726.0 8317.0 0.6587711915354094 3 5 21.0 0.0 0.6587711915354094 0
75 ec.gp.GPIndividual@1482985345{2125989466} 0.0 83138.0 10054.0 0.3393674159538492 5 28 21.0 0.0 0.3393674159538492 0
75 ec.gp.GPIndividual@513580781{1663129016} 0.0 74660.0 8317.0 0.09318263797042203 5 28 21.0 0.0 0.09318263797042203 0
75 ec.gp.GPIndividual@1114980899{-995812869} 0.0 97094.0 10054.0 0.5816590411776408 5 26 21.0 0.0 0.5816590411776408 0
75 ec.gp.GPIndividual@15574948{192653761} 0.0 70800.0 14578.0 0.26629167238304297 5 28 21.0 0.0 0.26629167238304297 0
75 ec.gp.GPIndividual@1114980899{-995812869} 0.0 97094.0 8387.0 0.4985095981876714 5 26 21.0 0.0 0.4985095981876714 0
75 ec.gp.GPIndividual@1482985345{2125989466} 0.0 83138.0 8387.0 0.2080600930010731 5 28 21.0 0.0 0.2080600930010731 0
75 ec.gp.GPIndividual@1114980899{-995812869} 0.0 97094.0 14578.0 0.7114830566607216 5 26 21.0 0.0 0.7114830566607216 0
75 ec.gp.GPIndividual@1114980899{-995812869} 0.0 97094.0 10861.0 0.6127428413589909 5 26 21.0 0.0 0.6127428413589909 0
75 ec.gp.GPIndividual@1114980899{-995812869} 0.0 97094.0 8160.0 0.48455882352941176 5 26 21.0 0.0 0.48455882352941176 0
75 ec.gp.GPIndividual@1114980899{-995812869} 0.0 97094.0 12802.0 0.6714575847523825 5 26 21.0 0.0 0.6714575847523825 0
75 ec.gp.GPIndividual@1114980899{-995812869} 0.0 97094.0 10087.0 0.5830276593635372 5 26 21.0 0.0 0.5830276593635372 0
75 ec.gp.GPIndividual@1114980899{-995812869} 0.0 97094.0 8317.0 0.49428880605987735 5 26 21.0 0.0 0.49428880605987735 0
75 ec.gp.GPIndividual@983027654{2019320753} 0.0 101188.0 10054.0 0.7179232146409389 5 28 21.0 0.0 0.7179232146409389 0
75 ec.gp.GPIndividual@983027654{2019320753} 0.0 101188.0 8387.0 0.6618576368188863 5 28 21.0 0.0 0.6618576368188863 0
75 ec.gp.GPIndividual@983027654{2019320753} 0.0 101188.0 14578.0 0.805460282617643 5 28 21.0 0.0 0.805460282617643 0
75 ec.gp.GPIndividual@983027654{2019320753} 0.0 101188.0 10861.0 0.7388822392044931 5 28 21.0 0.0 0.7388822392044931 0
75 ec.gp.GPIndividual@983027654{2019320753} 0.0 101188.0 8160.0 0.6524509803921569 5 28 21.0 0.0 0.6524509803921569 0
75 ec.gp.GPIndividual@983027654{2019320753} 0.0 101188.0 12802.0 0.7784721137322294 5 28 21.0 0.0 0.7784721137322294 0
75 ec.gp.GPIndividual@983027654{2019320753} 0.0 101188.0 10087.0 0.7188460394567264 5 28 21.0 0.0 0.7188460394567264 0
75 ec.gp.GPIndividual@983027654{2019320753} 0.0 101188.0 8317.0 0.6590116628592041 5 28 21.0 0.0 0.6590116628592041 0
75 ec.gp.GPIndividual@15574948{192653761} 0.0 74660.0 10861.0 0.16287634656109015 5 28 21.0 0.0 0.16287634656109015 0
75 ec.gp.GPIndividual@1482985345{2125989466} 0.0 83546.0 14578.0 0.5163945671559885 5 28 21.0 0.0 0.5163945671559885 0
75 ec.gp.GPIndividual@1482985345{2125989466} 0.0 83138.0 10861.0 0.3884541018322438 5 28 21.0 0.0 0.3884541018322438 0
75 ec.gp.GPIndividual@15574948{192653761} 0.0 74660.0 8160.0 0.1142156862745098 5 28 21.0 0.0 0.1142156862745098 0
75 ec.gp.GPIndividual@1482985345{2125989466} 0.0 83138.0 8160.0 0.1860294117647059 5 28 21.0 0.0 0.1860294117647059 0
75 ec.gp.GPIndividual@15574948{192653761} 0.0 75160.0 12802.0 0.2507420715513201 5 28 21.0 0.0 75 ec.gp.GPIndividual@1482985345{2125989466} 0.2507420715513201 0
0.0 83638.0 12802.0 0.4421184189970317 5 28 21.0 0.0 0.4421184189970317 0
75 ec.gp.GPIndividual@1482985345{2125989466} 0.0 83138.0 10087.0 0.34152870030732624 5 28 21.0 0.0 0.34152870030732624 0
75 ec.gp.GPIndividual@15574948{192653761} 0.0 74660.0 10087.0 0.0986418161990681 5 28 21.0 0.0 0.0986418161990681 0
75 ec.gp.GPIndividual@1482985345{2125989466} 0.0 83138.0 8317.0 0.2013947336780089 5 28 21.0 0.0 0.2013947336780089 0
75 ec.gp.GPIndividual@15574948{192653761} 0.0 74660.0 8317.0 0.09318263797042203 5 28 21.0 0.0 0.09318263797042203 0
76 ec.gp.GPIndividual@1238746051{-760680732} 0.0 109280.0 10054.0 1.0 1 1 21.0 0.0 1.0 0
76 ec.gp.GPIndividual@1238746051{-760680732} 0.0 109280.0 8387.0 1.0 1 1 21.0 0.0 1.0 0
76 ec.gp.GPIndividual@1238746051{-760680732} 0.0 109280.0 14578.0 1.0 1 1 21.0 0.0 1.0 0
76 ec.gp.GPIndividual@1238746051{-760680732} 0.0 109280.0 10861.0 1.0 1 1 21.0 0.0 1.0 0
76 ec.gp.GPIndividual@1238746051{-760680732} 0.0 109280.0 8160.0 1.0 1 1 21.0 0.0 1.0 0
76 ec.gp.GPIndividual@1238746051{-760680732} 0.0 109280.0 12802.0 1.0 1 1 21.0 0.0 1.0 0
76 ec.gp.GPIndividual@1238746051{-760680732} 0.0 109280.0 10087.0 1.0 1 1 21.0 0.0 1.0 0
76 ec.gp.GPIndividual@1238746051{-760680732} 0.0 109280.0 8317.0 1.0 1 1 21.0 0.0 1.0 0
76 ec.gp.GPIndividual@705788277{-545860222} 0.0 83138.0 10054.0 0.3393674159538492 5 22 21.0 0.0 0.3393674159538492 0
76 ec.gp.GPIndividual@1710513157{92147154} 0.0 79122.0 10054.0 0.19534513626417346 5 28 21.0 0.0 0.19534513626417346 0
76 ec.gp.GPIndividual@705788277{-545860222} 0.0 83138.0 8387.0 0.2080600930010731 5 22 21.0 0.0 0.2080600930010731 0
76 ec.gp.GPIndividual@721941839{635093321} 0.0 71110.0 10054.0 0.09468868112194151 5 24 21.0 0.0 0.09468868112194151 0
76 ec.gp.GPIndividual@319843543{369577482} 1.0 71140.0 10054.0 0.44579271931569525 5 28 21.0 0.0 0.44579271931569525 0
76 ec.gp.GPIndividual@705788277{-545860222} 0.0 82314.0 14578.0 0.6009054740019207 5 22 21.0 0.0 0.6009054740019207 0
76 ec.gp.GPIndividual@794807121{393690091} 1.0 74660.0 10054.0 0.09568331012532326 5 28 21.0 0.0 0.09568331012532326 0
76 ec.gp.GPIndividual@319843543{369577482} 0.0 71140.0 8387.0 0.33563848813640157 5 28 21.0 0.0 0.33563848813640157 0
76 ec.gp.GPIndividual@1710513157{92147154} 0.0 79122.0 8387.0 0.03541194706092762 5 28 21.0 0.0 0.03541194706092762 0
76 ec.gp.GPIndividual@705788277{-545860222} 0.0 82314.0 10861.0 0.46432188564588894 5 22 21.0 0.0 0.46432188564588894 0
76 ec.gp.GPIndividual@721941839{635093321} 0.0 71110.0 8387.0 0.31226898771908906 5 24 21.0 0.0 0.31226898771908906 0
76 ec.gp.GPIndividual@705788277{-545860222} 0.0 83138.0 8160.0 0.1860294117647059 5 22 21.0 0.0 0.1860294117647059 0
76 ec.gp.GPIndividual@1710513157{92147154} 0.0 87078.0 14578.0 0.6489230347098367 5 28 21.0 0.0 0.6489230347098367 0
76 ec.gp.GPIndividual@794807121{393690091} 0.0 74660.0 8387.0 0.08405866221533326 5 28 21.0 0.0 0.08405866221533326 0
76 ec.gp.GPIndividual@705788277{-545860222} 0.0 82314.0 12802.0 0.5455397594125918 5 22 21.0 0.0 0.5455397594125918 0
76 ec.gp.GPIndividual@721941839{635093321} 0.0 78666.0 14578.0 0.4763342022225271 5 24 21.0 0.0 0.4763342022225271 0
76 ec.gp.GPIndividual@319843543{369577482} 1.0 71350.0 14578.0 0.6033749485526135 5 28 21.0 0.0 0.6033749485526135 0
76 ec.gp.GPIndividual@1710513157{92147154} 0.0 79122.0 10861.0 0.2551330448393334 5 28 21.0 0.0 0.2551330448393334 0
76 ec.gp.GPIndividual@705788277{-545860222} 0.0 83138.0 10087.0 0.34152870030732624 5 22 21.0 0.0 0.34152870030732624 0
76 ec.gp.GPIndividual@319843543{369577482} 0.0 71140.0 10861.0 0.48697173372617625 5 28 21.0 0.0 0.48697173372617625 0
76 ec.gp.GPIndividual@705788277{-545860222} 0.0 83138.0 8317.0 0.2013947336780089 5 22 21.0 0.0 0.2013947336780089 0
76 ec.gp.GPIndividual@721941839{635093321} 0.0 71110.0 10861.0 0.013350520209925422 5 24 21.0 0.0 0.013350520209925422 0
76 ec.gp.GPIndividual@1710513157{92147154} 0.0 83138.0 8160.0 0.1860294117647059 5 28 21.0 0.0 0.1860294117647059 0
76 ec.gp.GPIndividual@794807121{393690091} 1.0 70800.0 14578.0 0.26629167238304297 5 28 21.0 0.0 0.26629167238304297 0
76 ec.gp.GPIndividual@319843543{369577482} 0.0 71140.0 8160.0 0.317156862745098 5 28 21.0 0.0 0.317156862745098 0
76 ec.gp.GPIndividual@1710513157{92147154} 0.0 83360.0 12802.0 0.4638337759725043 5 28 21.0 0.0 0.4638337759725043 0
76 ec.gp.GPIndividual@721941839{635093321} 0.0 70392.0 8160.0 0.2607843137254902 5 24 21.0 0.0 0.2607843137254902 0
76 ec.gp.GPIndividual@868393632{-1154084023} 1.0 74660.0 10054.0 0.09568331012532326 5 18 21.0 0.0 0.09568331012532326 0
76 ec.gp.GPIndividual@1710513157{92147154} 0.0 79122.0 10087.0 0.1979775949241598 5 28 21.0 0.0 0.1979775949241598 0
76 ec.gp.GPIndividual@721941839{635093321} 0.0 78900.0 12802.0 0.3854085299172004 5 24 21.0 0.0 0.3854085299172004 0
76 ec.gp.GPIndividual@319843543{369577482} 1.0 71268.0 12802.0 0.5547570692079362 5 28 21.0 0.0 0.5547570692079362 0
76 ec.gp.GPIndividual@794807121{393690091} 1.0 74660.0 10861.0 0.16287634656109015 5 28 21.0 0.0 0.16287634656109015 0
76 ec.gp.GPIndividual@1710513157{92147154} 0.0 83138.0 8317.0 0.2013947336780089 5 28 21.0 0.0 0.2013947336780089 0
76 ec.gp.GPIndividual@319843543{369577482} 0.0 71140.0 10087.0 0.4476058292852186 5 28 21.0 0.0 0.4476058292852186 0
76 ec.gp.GPIndividual@319843543{369577482} 0.0 71140.0 8317.0 0.33004689190813996 5 28 21.0 0.0 0.33004689190813996 0
76 ec.gp.GPIndividual@868393632{-1154084023} 1.0 74660.0 8387.0 0.08405866221533326 5 18 21.0 0.0 0.08405866221533326 0
76 ec.gp.GPIndividual@721941839{635093321} 1.0 71110.0 10087.0 0.09110736591652623 5 24 21.0 0.0 0.09110736591652623 0
76 ec.gp.GPIndividual@794807121{393690091} 1.0 74660.0 8160.0 0.1142156862745098 5 28 21.0 0.0 0.1142156862745098 0
76 ec.gp.GPIndividual@1816833693{194911720} 0.0 74660.0 10054.0 0.09568331012532326 5 28 21.0 0.0 0.09568331012532326 0
76 ec.gp.GPIndividual@868393632{-1154084023} 0.0 70800.0 14578.0 0.26629167238304297 5 18 21.0 0.0 0.26629167238304297 0
76 ec.gp.GPIndividual@794807121{393690091} 0.0 75160.0 12802.0 0.2507420715513201 5 28 21.0 0.0 0.2507420715513201 0
76 ec.gp.GPIndividual@1816833693{194911720} 0.0 74660.0 8387.0 0.08405866221533326 5 28 21.0 0.0 0.08405866221533326 0
76 ec.gp.GPIndividual@721941839{635093321} 0.0 70392.0 8317.0 0.23698448959961524 5 24 21.0 0.0 0.23698448959961524 0
76 ec.gp.GPIndividual@1911825692{-781890584} 0.0 99026.0 10054.0 0.9329620051720708 2 3 21.0 0.0 0.9329620051720708 0
76 ec.gp.GPIndividual@1911825692{-781890584} 0.0 99026.0 8387.0 0.9196375342792417 2 3 21.0 0.0 0.9196375342792417 0
76 ec.gp.GPIndividual@1911825692{-781890584} 0.0 99026.0 14578.0 0.9537659486898066 2 3 21.0 0.0 0.9537659486898066 0
76 ec.gp.GPIndividual@1911825692{-781890584} 0.0 99026.0 10861.0 0.9379430991621398 2 3 21.0 0.0 0.9379430991621398 0
76 ec.gp.GPIndividual@1911825692{-781890584} 0.0 99026.0 8160.0 0.9174019607843137 2 3 21.0 0.0 0.9174019607843137 0
76 ec.gp.GPIndividual@1911825692{-781890584} 0.0 99026.0 12802.0 0.9473519762537104 2 3 21.0 0.0 0.9473519762537104 0
76 ec.gp.GPIndividual@1911825692{-781890584} 0.0 99026.0 10087.0 0.9331813224942996 2 3 21.0 0.0 0.9331813224942996 0
76 ec.gp.GPIndividual@1911825692{-781890584} 0.0 99026.0 8317.0 0.9189611638812072 2 3 21.0 0.0 0.9189611638812072 0
76 ec.gp.GPIndividual@95094734{-949063200} 0.0 95006.0 10054.0 0.7893375770837477 3 7 21.0 0.0 0.7893375770837477 0
76 ec.gp.GPIndividual@95094734{-949063200} 0.0 95006.0 8387.0 0.7474663169190414 3 7 21.0 0.0 0.7474663169190414 0
76 ec.gp.GPIndividual@95094734{-949063200} 0.0 95006.0 14578.0 0.8547125806009055 3 7 21.0 0.0 0.8547125806009055 0
76 ec.gp.GPIndividual@95094734{-949063200} 0.0 95006.0 10861.0 0.804990332381917 3 7 21.0 0.0 0.804990332381917 0
76 ec.gp.GPIndividual@95094734{-949063200} 0.0 95006.0 8160.0 0.7404411764705883 3 7 21.0 0.0 0.7404411764705883 0
76 ec.gp.GPIndividual@95094734{-949063200} 0.0 95006.0 12802.0 0.8345571004530542 3 7 21.0 0.0 0.8345571004530542 0
76 ec.gp.GPIndividual@95094734{-949063200} 0.0 95006.0 10087.0 0.7900267671260037 3 7 21.0 0.0 0.7900267671260037 0
76 ec.gp.GPIndividual@95094734{-949063200} 0.0 95006.0 8317.0 0.7453408681014789 3 7 21.0 0.0 0.7453408681014789 0
76 ec.gp.GPIndividual@868393632{-1154084023} 0.0 74660.0 10861.0 0.16287634656109015 5 18 21.0 0.0 0.16287634656109015 0
76 ec.gp.GPIndividual@794807121{393690091} 0.0 74660.0 10087.0 0.0986418161990681 5 28 21.0 0.0 0.0986418161990681 0
76 ec.gp.GPIndividual@868393632{-1154084023} 0.0 74660.0 8160.0 0.1142156862745098 5 18 21.0 0.0 0.1142156862745098 0
76 ec.gp.GPIndividual@794807121{393690091} 0.0 74660.0 8317.0 0.09318263797042203 5 28 21.0 0.0 0.09318263797042203 0
76 ec.gp.GPIndividual@1816833693{194911720} 0.0 70800.0 14578.0 0.26629167238304297 5 28 21.0 0.0 0.26629167238304297 0
76 ec.gp.GPIndividual@868393632{-1154084023} 0.0 75160.0 12802.0 0.2507420715513201 5 18 21.0 0.0 0.2507420715513201 0
76 ec.gp.GPIndividual@1816833693{194911720} 0.0 74660.0 10861.0 0.16287634656109015 5 28 21.0 0.0 0.16287634656109015 0
76 ec.gp.GPIndividual@868393632{-1154084023} 0.0 74660.0 10087.0 0.0986418161990681 5 18 21.0 0.0 0.0986418161990681 0
76 ec.gp.GPIndividual@1816833693{194911720} 0.0 74660.0 8160.0 0.1142156862745098 5 28 21.0 0.0 0.1142156862745098 0
76 ec.gp.GPIndividual@868393632{-1154084023} 0.0 74660.0 8317.0 0.09318263797042203 5 18 21.0 0.0 0.09318263797042203 0
76 ec.gp.GPIndividual@1816833693{194911720} 0.0 75160.0 12802.0 0.2507420715513201 5 28 21.0 0.0 0.2507420715513201 0
76 ec.gp.GPIndividual@1816833693{194911720} 0.0 74660.0 10087.0 0.0986418161990681 5 28 21.0 0.0 0.0986418161990681 0
76 ec.gp.GPIndividual@1816833693{194911720} 0.0 74660.0 8317.0 0.09318263797042203 5 28 21.0 0.0 0.09318263797042203 0
77 ec.gp.GPIndividual@2027511630{1453099056} 0.0 89500.0 10054.0 0.7935150188979511 5 28 21.0 0.0 0.7935150188979511 0
77 ec.gp.GPIndividual@2027511630{1453099056} 0.0 84640.0 8387.0 0.6804578514367473 5 28 21.0 0.0 0.6804578514367473 0
77 ec.gp.GPIndividual@2027511630{1453099056} 0.0 89566.0 14578.0 0.853066264233777 5 28 21.0 0.0 0.853066264233777 0
77 ec.gp.GPIndividual@2027511630{1453099056} 0.0 89412.0 10861.0 0.8169597642942639 5 28 21.0 0.0 0.8169597642942639 0
77 ec.gp.GPIndividual@2027511630{1453099056} 0.0 84640.0 8160.0 0.6715686274509803 5 28 21.0 0.0 0.6715686274509803 0
77 ec.gp.GPIndividual@2027511630{1453099056} 0.0 89566.0 12802.0 0.832682393376035 5 28 21.0 0.0 0.832682393376035 0
77 ec.gp.GPIndividual@2027511630{1453099056} 0.0 84864.0 10087.0 0.7121046892039259 5 28 21.0 0.0 0.7121046892039259 0
77 ec.gp.GPIndividual@2027511630{1453099056} 0.0 84640.0 8317.0 0.6777684261151857 5 28 21.0 0.0 0.6777684261151857 0
77 ec.gp.GPIndividual@2051206860{151794566} 0.0 88682.0 10054.0 0.3314103839267953 5 28 21.0 0.0 0.3314103839267953 0
77 ec.gp.GPIndividual@2051206860{151794566} 0.0 88682.0 8387.0 0.19852152140217003 5 28 21.0 0.0 0.19852152140217003 0
77 ec.gp.GPIndividual@2051206860{151794566} 0.0 88682.0 14578.0 0.538894224173412 5 28 21.0 0.0 0.538894224173412 0
77 ec.gp.GPIndividual@682751260{-1769508739} 1.0 75160.0 10054.0 0.045951859956236324 5 26 21.0 0.0 0.045951859956236324 0
77 ec.gp.GPIndividual@46718286{1663129016} 77 ec.gp.GPIndividual@2051206860{151794566} 1.0 0.0 74660.0 10861.0 0.09568331012532326 88682.0 10861.0 0.38108829757849183 5 28 21.0 0.0 5 28 21.0 0.0 0.09568331012532326 0
0.38108829757849183 0
77 ec.gp.GPIndividual@1365292240{2137565183} 1.0 74660.0 10054.0 0.09568331012532326 5 26 21.0 0.0 0.09568331012532326 0
77 ec.gp.GPIndividual@2051206860{151794566} 0.0 88682.0 8160.0 0.17622549019607844 5 28 21.0 0.0 0.17622549019607844 0
77 ec.gp.GPIndividual@2051206860{151794566} 0.0 88682.0 12802.0 0.47492579284486797 5 28 21.0 0.0 0.47492579284486797 0
77 ec.gp.GPIndividual@682751260{-1769508739} 0.0 75160.0 8387.0 0.14367473470847741 5 26 21.0 0.0 0.14367473470847741 0
77 ec.gp.GPIndividual@2051206860{151794566} 0.0 88682.0 10087.0 0.33359770000991373 5 28 21.0 0.0 0.33359770000991373 0
77 ec.gp.GPIndividual@46718286{1663129016} 0.0 74660.0 8387.0 0.08405866221533326 5 28 21.0 0.0 0.08405866221533326 0
77 ec.gp.GPIndividual@2051206860{151794566} 0.0 88682.0 8317.0 0.1917758807262234 5 28 21.0 0.0 0.1917758807262234 0
77 ec.gp.GPIndividual@1365292240{2137565183} 0.0 74660.0 8387.0 0.08405866221533326 5 26 21.0 0.0 0.08405866221533326 0
77 ec.gp.GPIndividual@682751260{-1769508739} 0.0 79222.0 10054.0 0.43819453971738237 5 26 21.0 0.0 0.43819453971738237 0
77 ec.gp.GPIndividual@2043648125{-218426488} 1.0 61068.0 10054.0 0.18281281082156356 5 24 21.0 0.0 0.18281281082156356 0
77 ec.gp.GPIndividual@46718286{1663129016} 1.0 70800.0 14578.0 0.26629167238304297 5 28 21.0 0.0 0.26629167238304297 0
77 ec.gp.GPIndividual@682751260{-1769508739} 1.0 75160.0 10861.0 0.1168400699751404 5 26 21.0 0.0 0.1168400699751404 0
77 ec.gp.GPIndividual@228324514{-2069653026} 1.0 74660.0 10054.0 0.09568331012532326 5 28 21.0 0.0 0.09568331012532326 0
77 ec.gp.GPIndividual@1365292240{2137565183} 1.0 70800.0 14578.0 0.26629167238304297 5 26 21.0 0.0 0.26629167238304297 0
77 ec.gp.GPIndividual@46718286{1663129016} 0.0 74660.0 10861.0 0.16287634656109015 5 28 21.0 0.0 0.16287634656109015 0
77 ec.gp.GPIndividual@682751260{-1769508739} 0.0 78900.0 8160.0 0.035784313725490194 5 26 21.0 0.0 0.035784313725490194 0
77 ec.gp.GPIndividual@228324514{-2069653026} 0.0 74660.0 8387.0 0.08405866221533326 5 28 21.0 0.0 0.08405866221533326 0
77 ec.gp.GPIndividual@1365292240{2137565183} 0.0 74660.0 10861.0 0.16287634656109015 5 26 21.0 0.0 0.16287634656109015 0
77 ec.gp.GPIndividual@682751260{-1769508739} 0.0 79400.0 12802.0 0.34635213247930013 5 26 21.0 0.0 0.34635213247930013 0
77 ec.gp.GPIndividual@46718286{1663129016} 1.0 74660.0 8160.0 0.1142156862745098 5 28 21.0 0.0 0.1142156862745098 0
77 ec.gp.GPIndividual@1365292240{2137565183} 0.0 74660.0 14578.0 0.1142156862745098 77 ec.gp.GPIndividual@228324514{-2069653026} 5 26 21.0 0.0 1.0 0.1142156862745098 0
70800.0 14578.0 0.26629167238304297 5 28 21.0 0.0 0.26629167238304297 0
77 ec.gp.GPIndividual@682751260{-1769508739} 0.0 75160.0 10087.0 0.04907306434023991 5 26 21.0 0.0 0.04907306434023991 0
77 ec.gp.GPIndividual@46718286{1663129016} 0.0 75160.0 12802.0 0.2507420715513201 5 28 21.0 0.0 0.2507420715513201 0
77 ec.gp.GPIndividual@2043648125{-218426488} 3.0 47842.0 8387.0 0.7953976392035292 5 24 21.0 0.0 0.7953976392035292 0
77 ec.gp.GPIndividual@1365292240{2137565183} 0.0 75160.0 12802.0 0.2507420715513201 5 26 21.0 0.0 0.2507420715513201 0
77 ec.gp.GPIndividual@682751260{-1769508739} 0.0 78900.0 8317.0 0.05398581219189612 5 26 21.0 0.0 0.05398581219189612 0
77 ec.gp.GPIndividual@46718286{1663129016} 0.0 74660.0 10087.0 0.0986418161990681 5 28 21.0 0.0 0.0986418161990681 0
77 ec.gp.GPIndividual@228324514{-2069653026} 1.0 74660.0 10861.0 0.16287634656109015 5 28 21.0 0.0 0.16287634656109015 0
77 ec.gp.GPIndividual@1365292240{2137565183} 0.0 74660.0 10087.0 0.0986418161990681 5 26 21.0 0.0 0.0986418161990681 0
77 ec.gp.GPIndividual@46718286{1663129016} 0.0 74660.0 8317.0 0.09318263797042203 5 28 21.0 0.0 0.09318263797042203 0
77 ec.gp.GPIndividual@2043648125{-218426488} 0.0 64966.0 14578.0 0.2916723830429414 5 24 21.0 0.0 0.2916723830429414 0
77 ec.gp.GPIndividual@1365292240{2137565183} 0.0 74660.0 8317.0 0.09318263797042203 5 26 21.0 0.0 0.09318263797042203 0
77 ec.gp.GPIndividual@228324514{-2069653026} 0.0 74660.0 8160.0 0.1142156862745098 5 28 21.0 0.0 0.1142156862745098 0
77 ec.gp.GPIndividual@228324514{-2069653026} 0.0 75160.0 12802.0 0.2507420715513201 5 28 21.0 0.0 0.2507420715513201 0
77 ec.gp.GPIndividual@228324514{-2069653026} 0.0 74660.0 10087.0 0.0986418161990681 5 28 21.0 0.0 0.0986418161990681 0
77 ec.gp.GPIndividual@2043648125{-218426488} 0.0 60598.0 10861.0 0.0516527023294356 5 24 21.0 0.0 0.0516527023294356 0
77 ec.gp.GPIndividual@228324514{-2069653026} 0.0 74660.0 8317.0 0.09318263797042203 5 28 21.0 0.0 0.09318263797042203 0
77 ec.gp.GPIndividual@494753554{-749005494} 0.0 74660.0 10054.0 0.09568331012532326 5 28 21.0 0.0 0.09568331012532326 0
77 ec.gp.GPIndividual@494753554{-749005494} 0.0 74660.0 8387.0 0.08405866221533326 5 28 21.0 0.0 0.08405866221533326 0
77 ec.gp.GPIndividual@494753554{-749005494} 0.0 70800.0 14578.0 0.26629167238304297 5 28 21.0 0.0 0.26629167238304297 0
77 ec.gp.GPIndividual@494753554{-749005494} 0.0 74660.0 10861.0 0.16287634656109015 5 28 21.0 0.0 0.16287634656109015 0
77 ec.gp.GPIndividual@2043648125{-218426488} 1.0 52158.0 8160.0 0.7046568627450981 5 24 21.0 0.0 0.7046568627450981 0
77 ec.gp.GPIndividual@494753554{-749005494} 0.0 74660.0 8160.0 0.1142156862745098 5 28 21.0 0.0 0.1142156862745098 0
77 ec.gp.GPIndividual@494753554{-749005494} 0.0 75160.0 12802.0 0.2507420715513201 5 28 21.0 0.0 0.2507420715513201 0
77 ec.gp.GPIndividual@494753554{-749005494} 0.0 74660.0 10087.0 0.0986418161990681 5 28 21.0 0.0 0.0986418161990681 0
77 ec.gp.GPIndividual@2043648125{-218426488} 0.0 60566.0 12802.0 0.11029526636463052 5 24 21.0 0.0 0.11029526636463052 0
77 ec.gp.GPIndividual@494753554{-749005494} 0.0 74660.0 8317.0 0.09318263797042203 5 28 21.0 0.0 0.09318263797042203 0
77 ec.gp.GPIndividual@2043648125{-218426488} 1.0 52360.0 10087.0 0.39902845246356694 5 24 21.0 0.0 0.39902845246356694 0
77 ec.gp.GPIndividual@2043648125{-218426488} 2.0 51688.0 8317.0 0.6159672958999639 5 24 21.0 0.0 0.6159672958999639 0
77 ec.gp.GPIndividual@1836496774{-267154928} 0.0 88682.0 10054.0 0.3314103839267953 5 26 21.0 0.0 0.3314103839267953 0
77 ec.gp.GPIndividual@1836496774{-267154928} 0.0 88682.0 8387.0 0.19852152140217003 5 26 21.0 0.0 0.19852152140217003 0
77 ec.gp.GPIndividual@1836496774{-267154928} 0.0 88682.0 14578.0 0.538894224173412 5 26 21.0 0.0 0.538894224173412 0
77 ec.gp.GPIndividual@1836496774{-267154928} 0.0 88682.0 10861.0 0.38108829757849183 5 26 21.0 0.0 0.38108829757849183 0
77 ec.gp.GPIndividual@1836496774{-267154928} 0.0 88682.0 8160.0 0.17622549019607844 5 26 21.0 0.0 0.17622549019607844 0
77 ec.gp.GPIndividual@1836496774{-267154928} 0.0 88682.0 12802.0 0.47492579284486797 5 26 21.0 0.0 0.47492579284486797 0
77 ec.gp.GPIndividual@1836496774{-267154928} 0.0 88682.0 10087.0 0.33359770000991373 5 26 21.0 0.0 0.33359770000991373 0
77 ec.gp.GPIndividual@1836496774{-267154928} 0.0 88682.0 8317.0 0.1917758807262234 5 26 21.0 0.0 0.1917758807262234 0
78 ec.gp.GPIndividual@611990630{-1473481932} 0.0 105260.0 10054.0 0.8563755719116769 5 22 21.0 0.0 0.8563755719116769 0
78 ec.gp.GPIndividual@611990630{-1473481932} 0.0 105260.0 8387.0 0.8278287826397996 5 22 21.0 0.0 0.8278287826397996 0
78 ec.gp.GPIndividual@611990630{-1473481932} 0.0 105260.0 14578.0 0.9009466319110989 5 22 21.0 0.0 0.9009466319110989 0
78 ec.gp.GPIndividual@611990630{-1473481932} 0.0 105260.0 10861.0 0.8670472332197772 5 22 21.0 0.0 0.8670472332197772 0
78 ec.gp.GPIndividual@611990630{-1473481932} 0.0 105260.0 8160.0 0.8230392156862745 5 22 21.0 0.0 0.8230392156862745 0
78 ec.gp.GPIndividual@611990630{-1473481932} 0.0 105260.0 12802.0 0.8872051241993438 5 22 21.0 0.0 0.8872051241993438 0
78 ec.gp.GPIndividual@611990630{-1473481932} 0.0 105260.0 10087.0 0.8568454446317042 5 22 21.0 0.0 0.8568454446317042 0
78 ec.gp.GPIndividual@611990630{-1473481932} 0.0 105260.0 8317.0 0.8263797042202717 5 22 21.0 0.0 0.8263797042202717 0
78 ec.gp.GPIndividual@132715847{-1930191346} 0.0 92920.0 10054.0 0.45335189974139645 5 14 21.0 0.0 0.45335189974139645 0
78 ec.gp.GPIndividual@132715847{-1930191346} 0.0 92920.0 8387.0 0.34470013115535947 5 14 21.0 0.0 0.34470013115535947 0
78 ec.gp.GPIndividual@132715847{-1930191346} 0.0 92920.0 14578.0 0.6229935519275621 5 14 21.0 0.0 0.6229935519275621 0
78 ec.gp.GPIndividual@132715847{-1930191346} 0.0 92920.0 10054.0 0.4939692477672406 5 14 21.0 0.0 0.4939692477672406 0
78 ec.gp.GPIndividual@1039836145{-1364636928} 0.0 92920.0 10054.0 0.45335189974139645 5 26 21.0 0.0 0.45335189974139645 0
78 ec.gp.GPIndividual@132715847{-1930191346} 0.0 92920.0 8160.0 0.3264705882352941 5 14 21.0 0.0 0.3264705882352941 0
78 ec.gp.GPIndividual@1486878639{-564865128} 0.0 74660.0 10054.0 0.09568331012532326 5 24 21.0 0.0 0.09568331012532326 0
78 ec.gp.GPIndividual@1158461225{2044128083} 0.0 74660.0 10054.0 0.09568331012532326 78 ec.gp.GPIndividual@132715847{-1930191346} 0.0 5 28 21.0 0.0 92920.0 12802.0 0.5706920793625996 5 14 21.0 0.0 0.09568331012532326 0
0.5706920793625996 0
78 ec.gp.GPIndividual@1039836145{-1364636928} 0.0 92920.0 8387.0 0.34470013115535947 5 26 21.0 0.0 0.34470013115535947 0
78 ec.gp.GPIndividual@132715847{-1930191346} 0.0 92920.0 10087.0 0.4551402795677605 5 14 21.0 0.0 0.4551402795677605 0
78 ec.gp.GPIndividual@1486878639{-564865128} 0.0 74660.0 8387.0 0.08405866221533326 5 24 21.0 0.0 0.08405866221533326 0
78 ec.gp.GPIndividual@1158461225{2044128083} 0.0 74660.0 8387.0 0.08405866221533326 5 28 21.0 0.0 0.08405866221533326 0
78 ec.gp.GPIndividual@132715847{-1930191346} 0.0 92920.0 8317.0 0.33918480221233616 5 14 21.0 0.0 0.33918480221233616 0
78 ec.gp.GPIndividual@1039836145{-1364636928} 0.0 92920.0 14578.0 0.6229935519275621 5 26 21.0 0.0 0.6229935519275621 0
78 ec.gp.GPIndividual@1039836145{-1364636928} 0.0 92920.0 10861.0 0.4939692477672406 5 26 21.0 0.0 0.4939692477672406 0
78 ec.gp.GPIndividual@1039836145{-1364636928} 0.0 92920.0 8160.0 0.3264705882352941 5 26 21.0 0.0 0.3264705882352941 0
78 ec.gp.GPIndividual@1486878639{-564865128} 0.0 70800.0 14578.0 0.26629167238304297 5 24 21.0 0.0 0.26629167238304297 0
78 ec.gp.GPIndividual@1039836145{-1364636928} 0.0 92920.0 12802.0 0.5706920793625996 5 26 21.0 0.0 0.5706920793625996 0
78 ec.gp.GPIndividual@1158461225{2044128083} 0.0 70800.0 14578.0 0.26629167238304297 5 28 21.0 0.0 0.26629167238304297 0
78 ec.gp.GPIndividual@1039836145{-1364636928} 0.0 92920.0 10087.0 0.4551402795677605 5 26 21.0 0.0 0.4551402795677605 0
78 ec.gp.GPIndividual@1039836145{-1364636928} 0.0 92920.0 8317.0 0.33918480221233616 5 26 21.0 0.0 0.33918480221233616 0
78 ec.gp.GPIndividual@1486878639{-564865128} 0.0 74660.0 10861.0 0.16287634656109015 5 24 21.0 0.0 0.16287634656109015 0
78 ec.gp.GPIndividual@1158461225{2044128083} 0.0 74660.0 10861.0 0.16287634656109015 5 28 21.0 0.0 0.16287634656109015 0
78 ec.gp.GPIndividual@1486878639{-564865128} 0.0 74660.0 8160.0 0.1142156862745098 5 24 21.0 0.0 0.1142156862745098 0
78 ec.gp.GPIndividual@1158461225{2044128083} 0.0 74660.0 8160.0 0.1142156862745098 5 28 21.0 0.0 0.1142156862745098 0
78 ec.gp.GPIndividual@1613907703{-566405427} 0.0 70392.0 10054.0 0.023274318679132683 5 28 21.0 0.0 0.023274318679132683 0
78 ec.gp.GPIndividual@1486878639{-564865128} 0.0 75160.0 12802.0 0.2507420715513201 5 24 21.0 0.0 0.2507420715513201 0
78 ec.gp.GPIndividual@1158461225{2044128083} 0.0 75160.0 12802.0 0.2507420715513201 5 28 21.0 0.0 0.2507420715513201 0
78 ec.gp.GPIndividual@1486878639{-564865128} 0.0 74660.0 10087.0 0.0986418161990681 5 24 21.0 0.0 0.0986418161990681 0
78 ec.gp.GPIndividual@1613907703{-566405427} 0.0 70392.0 8387.0 0.22666030761893408 5 28 21.0 0.0 0.22666030761893408 0
78 ec.gp.GPIndividual@1158461225{2044128083} 0.0 74660.0 10087.0 0.0986418161990681 5 28 21.0 0.0 0.0986418161990681 0
78 ec.gp.GPIndividual@1486878639{-564865128} 0.0 74660.0 8317.0 0.09318263797042203 5 24 21.0 0.0 0.09318263797042203 0
78 ec.gp.GPIndividual@1158461225{2044128083} 0.0 74660.0 8317.0 0.09318263797042203 5 28 21.0 0.0 0.09318263797042203 0
78 ec.gp.GPIndividual@1613907703{-566405427} 0.0 70800.0 14578.0 0.26629167238304297 5 28 21.0 0.0 0.26629167238304297 0
78 ec.gp.GPIndividual@1685562412{567465668} 0.0 83664.0 10054.0 0.28704993037596976 5 16 21.0 0.0 0.28704993037596976 0
78 ec.gp.GPIndividual@1685562412{567465668} 0.0 83664.0 8387.0 0.14534398473828544 5 16 21.0 0.0 0.14534398473828544 0
78 ec.gp.GPIndividual@1613907703{-566405427} 0.0 78 ec.gp.GPIndividual@1685562412{567465668} 74660.0 14578.0 0.16287634656109015 0.0 5 28 21.0 0.0 83918.0 14578.0 0.49087666346549597 0.16287634656109015 0
5 16 21.0 0.0 0.49087666346549597 0
78 ec.gp.GPIndividual@1685562412{567465668} 0.0 83664.0 10861.0 0.3400239388638247 5 16 21.0 0.0 0.3400239388638247 0
78 ec.gp.GPIndividual@1685562412{567465668} 0.0 83664.0 8160.0 0.12156862745098039 5 16 21.0 0.0 0.12156862745098039 0
78 ec.gp.GPIndividual@1685562412{567465668} 0.0 83918.0 12802.0 0.42024683643180755 5 16 21.0 0.0 0.42024683643180755 0
78 ec.gp.GPIndividual@1613907703{-566405427} 0.0 70392.0 8160.0 0.2607843137254902 5 28 21.0 0.0 0.2607843137254902 0
78 ec.gp.GPIndividual@1685562412{567465668} 0.0 83664.0 10087.0 0.28938237335183903 5 16 21.0 0.0 0.28938237335183903 0
78 ec.gp.GPIndividual@1685562412{567465668} 0.0 83664.0 8317.0 0.13815077552001923 5 16 21.0 0.0 0.13815077552001923 0
78 ec.gp.GPIndividual@1613907703{-566405427} 0.0 75160.0 12802.0 0.2507420715513201 5 28 21.0 0.0 0.2507420715513201 0
78 ec.gp.GPIndividual@1613907703{-566405427} 0.0 70392.0 10087.0 0.019926638247248933 5 28 21.0 0.0 0.019926638247248933 0
78 ec.gp.GPIndividual@1613907703{-566405427} 0.0 70392.0 8317.0 0.23698448959961524 5 28 21.0 0.0 0.23698448959961524 0
79 ec.gp.GPIndividual@1107746208{1718465619} 0.0 101188.0 10054.0 0.7179232146409389 5 16 21.0 0.0 0.7179232146409389 0
79 ec.gp.GPIndividual@1107746208{1718465619} 0.0 101188.0 8387.0 0.6618576368188863 5 16 21.0 0.0 0.6618576368188863 0
79 ec.gp.GPIndividual@1107746208{1718465619} 0.0 101188.0 14578.0 0.805460282617643 5 16 21.0 0.0 0.805460282617643 0
79 ec.gp.GPIndividual@1107746208{1718465619} 0.0 101188.0 10861.0 0.7388822392044931 5 16 21.0 0.0 0.7388822392044931 0
79 ec.gp.GPIndividual@1107746208{1718465619} 0.0 101188.0 8160.0 0.6524509803921569 5 16 21.0 0.0 0.6524509803921569 0
79 ec.gp.GPIndividual@1107746208{1718465619} 0.0 101188.0 12802.0 0.7784721137322294 5 16 21.0 0.0 0.7784721137322294 0
79 ec.gp.GPIndividual@1107746208{1718465619} 0.0 101188.0 10087.0 0.7188460394567264 5 16 21.0 0.0 0.7188460394567264 0
79 ec.gp.GPIndividual@1107746208{1718465619} 0.0 101188.0 8317.0 0.6590116628592041 5 16 21.0 0.0 0.6590116628592041 0
79 ec.gp.GPIndividual@1060099617{389336428} 1.0 88682.0 10054.0 0.3314103839267953 5 16 21.0 0.0 0.3314103839267953 0
79 ec.gp.GPIndividual@1060099617{389336428} 0.0 88682.0 8387.0 0.19852152140217003 5 16 21.0 0.0 0.19852152140217003 0
79 ec.gp.GPIndividual@1060099617{389336428} 0.0 88682.0 14578.0 0.538894224173412 5 16 21.0 0.0 0.538894224173412 0
79 ec.gp.GPIndividual@1060099617{389336428} 0.0 88682.0 10861.0 0.38108829757849183 5 16 21.0 0.0 0.38108829757849183 0
79 ec.gp.GPIndividual@1227068075{-1600060782} 1.0 74660.0 10054.0 0.09568331012532326 5 18 21.0 0.0 0.09568331012532326 0
79 ec.gp.GPIndividual@1698220521{-935440839} 1.0 74660.0 10054.0 0.09568331012532326 5 28 21.0 0.0 0.09568331012532326 0
79 ec.gp.GPIndividual@1782903662{2137565183} 1.0 74660.0 10054.0 0.09568331012532326 5 26 21.0 0.0 0.09568331012532326 0
79 ec.gp.GPIndividual@1698379516{1611729304} 1.0 74660.0 10054.0 0.09568331012532326 5 22 21.0 0.0 0.09568331012532326 0
79 ec.gp.GPIndividual@1060099617{389336428} 1.0 88682.0 8160.0 0.17622549019607844 5 16 21.0 0.0 0.17622549019607844 0
79 ec.gp.GPIndividual@1227068075{-1600060782} 1.0 74660.0 8387.0 0.08405866221533326 5 18 21.0 0.0 0.08405866221533326 0
79 ec.gp.GPIndividual@1060099617{389336428} 0.0 88682.0 12802.0 0.47492579284486797 5 16 21.0 0.0 0.47492579284486797 0
79 ec.gp.GPIndividual@1698220521{-935440839} 1.0 74660.0 8387.0 0.08405866221533326 5 28 21.0 0.0 0.08405866221533326 0
79 ec.gp.GPIndividual@1698379516{1611729304} 1.0 74660.0 8387.0 0.08405866221533326 5 22 21.0 0.0 0.08405866221533326 0
79 ec.gp.GPIndividual@1782903662{2137565183} 1.0 74660.0 8387.0 0.08405866221533326 5 26 21.0 0.0 0.08405866221533326 0
79 ec.gp.GPIndividual@1060099617{389336428} 0.0 88682.0 10087.0 0.33359770000991373 5 16 21.0 0.0 0.33359770000991373 0
79 ec.gp.GPIndividual@1227068075{-1600060782} 0.0 70800.0 14578.0 0.26629167238304297 5 18 21.0 0.0 0.26629167238304297 0
79 ec.gp.GPIndividual@1698220521{-935440839} 0.0 70800.0 14578.0 0.26629167238304297 5 28 21.0 0.0 0.26629167238304297 0
79 ec.gp.GPIndividual@1698379516{1611729304} 1.0 70800.0 14578.0 0.26629167238304297 5 22 21.0 0.0 0.26629167238304297 0
79 ec.gp.GPIndividual@1060099617{389336428} 1.0 88682.0 8317.0 0.1917758807262234 5 16 21.0 0.0 0.1917758807262234 0
79 ec.gp.GPIndividual@2021433781{523708850} 0.0 87457.0 10054.0 0.45325243684105826 5 22 21.0 0.0 0.45325243684105826 0
79 ec.gp.GPIndividual@2021433781{523708850} 0.0 87457.0 8387.0 0.3445808990103732 5 22 21.0 0.0 0.3445808990103732 0
79 ec.gp.GPIndividual@1227068075{-1600060782} 1.0 74660.0 10861.0 0.16287634656109015 5 18 21.0 0.0 0.16287634656109015 0
79 ec.gp.GPIndividual@2021433781{523708850} 0.0 87491.0 14578.0 0.6205926738921663 5 22 21.0 0.0 0.6205926738921663 0
79 ec.gp.GPIndividual@1698220521{-935440839} 1.0 74660.0 10861.0 0.16287634656109015 5 28 21.0 0.0 0.16287634656109015 0
79 ec.gp.GPIndividual@2021433781{523708850} 0.0 87457.0 10861.0 0.4938771752140687 5 22 21.0 0.0 0.4938771752140687 0
79 ec.gp.GPIndividual@1698379516{1611729304} 0.0 74660.0 10861.0 0.16287634656109015 5 22 21.0 0.0 0.16287634656109015 0
79 ec.gp.GPIndividual@1782903662{2137565183} 1.0 70800.0 14578.0 0.26629167238304297 5 26 21.0 0.0 0.26629167238304297 0
79 ec.gp.GPIndividual@2021433781{523708850} 0.0 87457.0 8160.0 0.3263480392156863 5 22 21.0 0.0 0.3263480392156863 0
79 ec.gp.GPIndividual@1227068075{-1600060782} 0.0 74660.0 8160.0 0.1142156862745098 5 18 21.0 0.0 0.1142156862745098 0
79 ec.gp.GPIndividual@1698220521{-935440839} 0.0 74660.0 8160.0 0.1142156862745098 5 28 21.0 0.0 0.1142156862745098 0
79 ec.gp.GPIndividual@1698379516{1611729304} 1.0 74660.0 8160.0 0.1142156862745098 5 22 21.0 0.0 0.1142156862745098 0
79 ec.gp.GPIndividual@2021433781{523708850} 1.0 87458.0 12802.0 0.570535853772848 5 22 21.0 0.0 0.570535853772848 0
79 ec.gp.GPIndividual@1227068075{-1600060782} 1.0 75160.0 12802.0 0.2507420715513201 5 18 21.0 0.0 0.2507420715513201 0
79 ec.gp.GPIndividual@2021433781{523708850} 0.0 87457.0 10087.0 0.45504114206404284 5 22 21.0 0.0 0.45504114206404284 0
79 ec.gp.GPIndividual@1698220521{-935440839} 1.0 75160.0 12802.0 0.2507420715513201 5 28 21.0 0.0 0.2507420715513201 0
79 ec.gp.GPIndividual@1782903662{2137565183} 1.0 74660.0 10861.0 0.16287634656109015 5 26 21.0 0.0 0.16287634656109015 0
79 ec.gp.GPIndividual@1698379516{1611729304} 0.0 75160.0 12802.0 0.2507420715513201 5 22 21.0 0.0 0.2507420715513201 0
79 ec.gp.GPIndividual@2021433781{523708850} 0.0 87457.0 8317.0 0.3390645665504389 5 22 21.0 0.0 0.3390645665504389 0
79 ec.gp.GPIndividual@1227068075{-1600060782} 0.0 74660.0 10087.0 0.0986418161990681 5 18 21.0 0.0 0.0986418161990681 0
79 ec.gp.GPIndividual@1698220521{-935440839} 0.0 74660.0 10087.0 0.0986418161990681 5 28 21.0 0.0 0.0986418161990681 0
79 ec.gp.GPIndividual@1698379516{1611729304} 1.0 74660.0 10087.0 0.0986418161990681 5 22 21.0 0.0 0.0986418161990681 0
79 ec.gp.GPIndividual@1227068075{-1600060782} 1.0 74660.0 8317.0 0.09318263797042203 5 18 21.0 0.0 0.09318263797042203 0
79 ec.gp.GPIndividual@1782903662{2137565183} 1.0 74660.0 8160.0 0.1142156862745098 5 26 21.0 0.0 0.1142156862745098 0
79 ec.gp.GPIndividual@1698220521{-935440839} 0.0 74660.0 8317.0 0.09318263797042203 5 28 21.0 0.0 0.09318263797042203 0
79 ec.gp.GPIndividual@1698379516{1611729304} 0.0 74660.0 8317.0 0.09318263797042203 5 22 21.0 0.0 0.09318263797042203 0
79 ec.gp.GPIndividual@466571721{-1546639065} 0.0 79424.0 10054.0 0.16530734036204495 5 26 21.0 0.0 0.16530734036204495 0
79 ec.gp.GPIndividual@1782903662{2137565183} 0.0 75160.0 12802.0 0.2507420715513201 5 26 21.0 0.0 0.2507420715513201 0
79 ec.gp.GPIndividual@466571721{-1546639065} 0.0 79424.0 8387.0 5.961607249314415E-4 5 26 21.0 0.0 5.961607249314415E-4 0
79 ec.gp.GPIndividual@466571721{-1546639065} 0.0 79832.0 14578.0 0.3963506653861984 5 26 21.0 0.0 0.3963506653861984 0
79 ec.gp.GPIndividual@1782903662{2137565183} 0.0 74660.0 10087.0 0.0986418161990681 5 26 21.0 0.0 0.0986418161990681 0
79 ec.gp.GPIndividual@466571721{-1546639065} 0.0 79424.0 10861.0 0.22732713378141975 5 26 21.0 0.0 0.22732713378141975 0
79 ec.gp.GPIndividual@1782903662{2137565183} 0.0 74660.0 8317.0 0.09318263797042203 5 26 21.0 0.0 0.09318263797042203 0
79 ec.gp.GPIndividual@466571721{-1546639065} 0.0 79424.0 8160.0 0.028431372549019607 5 26 21.0 0.0 0.028431372549019607 0
79 ec.gp.GPIndividual@466571721{-1546639065} 0.0 79678.0 12802.0 0.3246367755038275 5 26 21.0 0.0 0.3246367755038275 0
79 ec.gp.GPIndividual@1848240159{2137565183} 0.0 74660.0 10054.0 0.09568331012532326 5 26 21.0 0.0 0.09568331012532326 0
79 ec.gp.GPIndividual@466571721{-1546639065} 0.0 79424.0 10087.0 0.16803806880142758 5 26 21.0 0.0 0.16803806880142758 0
79 ec.gp.GPIndividual@1848240159{2137565183} 0.0 74660.0 8387.0 0.08405866221533326 5 26 21.0 0.0 0.08405866221533326 0
79 ec.gp.GPIndividual@466571721{-1546639065} 0.0 79424.0 8317.0 0.009017674642298907 5 26 21.0 0.0 0.009017674642298907 0
79 ec.gp.GPIndividual@1848240159{2137565183} 0.0 70800.0 14578.0 0.26629167238304297 5 26 21.0 0.0 0.26629167238304297 0
79 ec.gp.GPIndividual@1848240159{2137565183} 0.0 74660.0 10861.0 0.16287634656109015 5 26 21.0 0.0 0.16287634656109015 0
79 ec.gp.GPIndividual@1848240159{2137565183} 0.0 74660.0 8160.0 0.1142156862745098 5 26 21.0 0.0 0.1142156862745098 0
79 ec.gp.GPIndividual@1848240159{2137565183} 0.0 75160.0 12802.0 0.2507420715513201 5 26 21.0 0.0 0.2507420715513201 0
79 ec.gp.GPIndividual@1848240159{2137565183} 0.0 74660.0 10054.0 0.0986418161990681 5 26 21.0 0.0 79 ec.gp.GPIndividual@1820151909{1109876117} 0.0986418161990681 0
1.0 52340.0 10054.0 0.40163119156554605 5 32 21.0 0.0 0.40163119156554605 0
79 ec.gp.GPIndividual@1848240159{2137565183} 0.0 74660.0 8317.0 0.09318263797042203 5 26 21.0 0.0 0.09318263797042203 0
79 ec.gp.GPIndividual@1820151909{1109876117} 1.0 52340.0 8387.0 0.6802193871467748 5 32 21.0 0.0 0.6802193871467748 0
79 ec.gp.GPIndividual@1820151909{1109876117} 0.0 60784.0 14578.0 0.20373165043215805 5 32 21.0 0.0 0.20373165043215805 0
79 ec.gp.GPIndividual@1820151909{1109876117} 1.0 52340.0 10861.0 0.29748641929840713 5 32 21.0 0.0 0.29748641929840713 0
79 ec.gp.GPIndividual@1820151909{1109876117} 0.0 61264.0 8160.0 0.48137254901960785 5 32 21.0 0.0 0.48137254901960785 0
79 ec.gp.GPIndividual@1820151909{1109876117} 0.0 60986.0 12802.0 0.07748789251679425 5 32 21.0 0.0 0.07748789251679425 0
79 ec.gp.GPIndividual@1820151909{1109876117} 1.0 52340.0 10087.0 0.39704570238921383 5 32 21.0 0.0 0.39704570238921383 0
79 ec.gp.GPIndividual@1820151909{1109876117} 0.0 61264.0 8317.0 0.453408681014789 5 32 21.0 0.0 0.453408681014789 0
80 ec.gp.GPIndividual@1026127706{-1206783144} 0.0 109280.0 10054.0 1.0 1 1 21.0 0.0 1.0 0
80 ec.gp.GPIndividual@1026127706{-1206783144} 0.0 109280.0 8387.0 1.0 1 1 21.0 0.0 1.0 0
80 ec.gp.GPIndividual@1026127706{-1206783144} 0.0 109280.0 14578.0 1.0 1 1 21.0 0.0 1.0 0
80 ec.gp.GPIndividual@1026127706{-1206783144} 0.0 109280.0 10861.0 1.0 1 1 21.0 0.0 1.0 0
80 ec.gp.GPIndividual@1026127706{-1206783144} 0.0 109280.0 8160.0 1.0 1 1 21.0 0.0 1.0 0
80 ec.gp.GPIndividual@1026127706{-1206783144} 0.0 109280.0 12802.0 1.0 1 1 21.0 0.0 1.0 0
80 ec.gp.GPIndividual@1026127706{-1206783144} 0.0 109280.0 10087.0 1.0 1 1 21.0 0.0 1.0 0
80 ec.gp.GPIndividual@1026127706{-1206783144} 0.0 109280.0 8317.0 1.0 1 1 21.0 0.0 1.0 0
80 ec.gp.GPIndividual@753814622{1132381384} 0.0 97094.0 10054.0 0.5816590411776408 5 26 21.0 0.0 0.5816590411776408 0
80 ec.gp.GPIndividual@753814622{1132381384} 0.0 97094.0 8387.0 0.4985095981876714 5 26 21.0 0.0 0.4985095981876714 0
80 ec.gp.GPIndividual@753814622{1132381384} 0.0 97094.0 14578.0 0.7114830566607216 5 26 21.0 0.0 0.7114830566607216 0
80 ec.gp.GPIndividual@753814622{1132381384} 0.0 97094.0 10861.0 0.6127428413589909 5 26 21.0 0.0 0.6127428413589909 0
80 ec.gp.GPIndividual@649993661{715147804} 1.0 74660.0 10054.0 0.09568331012532326 5 26 21.0 0.0 0.09568331012532326 0
80 ec.gp.GPIndividual@753814622{1132381384} 0.0 97094.0 8160.0 0.48455882352941176 5 26 21.0 0.0 0.48455882352941176 0
80 ec.gp.GPIndividual@1428467237{-1003865651} 1.0 88682.0 10054.0 0.3314103839267953 5 26 21.0 0.0 0.3314103839267953 0
80 ec.gp.GPIndividual@753814622{1132381384} 0.0 97094.0 12802.0 0.6714575847523825 5 26 21.0 0.0 0.6714575847523825 0
80 ec.gp.GPIndividual@753814622{1132381384} 0.0 97094.0 10087.0 0.5830276593635372 5 26 21.0 0.0 0.5830276593635372 0
80 ec.gp.GPIndividual@1160617880{1937559563} 1.0 74660.0 10054.0 0.09568331012532326 5 28 21.0 0.0 0.09568331012532326 0
80 ec.gp.GPIndividual@753814622{1132381384} 0.0 97094.0 8317.0 0.49428880605987735 5 26 21.0 0.0 0.49428880605987735 0
80 ec.gp.GPIndividual@1428467237{-1003865651} 0.0 88682.0 8387.0 0.19852152140217003 5 26 21.0 0.0 0.19852152140217003 0
80 ec.gp.GPIndividual@428984448{160641113} 1.0 74660.0 10054.0 0.09568331012532326 5 22 21.0 0.0 0.09568331012532326 0
80 ec.gp.GPIndividual@649993661{715147804} 0.0 74660.0 8387.0 0.08405866221533326 5 26 21.0 0.0 0.08405866221533326 0
80 ec.gp.GPIndividual@1160617880{1937559563} 0.0 74660.0 8387.0 0.08405866221533326 5 28 21.0 0.0 0.08405866221533326 0
80 ec.gp.GPIndividual@200013027{1873058399} 1.0 82693.0 10054.0 0.38362840660433656 5 18 21.0 0.0 0.38362840660433656 0
80 ec.gp.GPIndividual@1428467237{-1003865651} 1.0 88682.0 14578.0 0.538894224173412 5 26 21.0 0.0 0.538894224173412 0
80 ec.gp.GPIndividual@428984448{160641113} 1.0 74660.0 8387.0 0.08405866221533326 5 22 21.0 0.0 0.08405866221533326 0
80 ec.gp.GPIndividual@649993661{715147804} 1.0 70800.0 14578.0 0.26629167238304297 5 26 21.0 0.0 0.26629167238304297 0
80 ec.gp.GPIndividual@200013027{1873058399} 0.0 82693.0 8387.0 0.2611183975199714 5 18 21.0 0.0 0.2611183975199714 0
80 ec.gp.GPIndividual@1160617880{1937559563} 1.0 70800.0 14578.0 0.26629167238304297 5 28 21.0 0.0 0.26629167238304297 0
80 ec.gp.GPIndividual@1428467237{-1003865651} 0.0 88682.0 10861.0 0.38108829757849183 5 26 21.0 0.0 0.38108829757849183 0
80 ec.gp.GPIndividual@200013027{1873058399} 1.0 83480.0 14578.0 0.520921937165592 5 18 21.0 0.0 0.520921937165592 0
80 ec.gp.GPIndividual@1428467237{-1003865651} 0.0 88682.0 8160.0 0.17622549019607844 5 26 21.0 0.0 0.17622549019607844 0
80 ec.gp.GPIndividual@200013027{1873058399} 0.0 82693.0 10861.0 0.42942638799373906 5 18 21.0 0.0 0.42942638799373906 0
80 ec.gp.GPIndividual@649993661{715147804} 1.0 74660.0 10861.0 0.16287634656109015 5 26 21.0 0.0 0.16287634656109015 0
80 ec.gp.GPIndividual@1160617880{1937559563} 1.0 74660.0 10861.0 0.16287634656109015 5 28 21.0 0.0 0.16287634656109015 0
80 ec.gp.GPIndividual@428984448{160641113} 1.0 70800.0 14578.0 0.26629167238304297 5 22 21.0 0.0 0.26629167238304297 0
80 ec.gp.GPIndividual@200013027{1873058399} 0.0 82693.0 8160.0 0.24056372549019608 5 18 21.0 0.0 0.24056372549019608 0
80 ec.gp.GPIndividual@1428467237{-1003865651} 0.0 88682.0 12802.0 0.47492579284486797 5 26 21.0 0.0 0.47492579284486797 0
80 ec.gp.GPIndividual@649993661{715147804} 1.0 74660.0 8160.0 0.1142156862745098 5 26 21.0 0.0 0.1142156862745098 0
80 ec.gp.GPIndividual@1160617880{1937559563} 1.0 74660.0 8160.0 0.1142156862745098 5 28 21.0 0.0 0.1142156862745098 0
80 ec.gp.GPIndividual@428984448{160641113} 1.0 74660.0 10861.0 0.16287634656109015 5 22 21.0 0.0 0.16287634656109015 0
80 ec.gp.GPIndividual@200013027{1873058399} 1.0 82940.0 12802.0 0.4966411498203406 5 18 21.0 0.0 0.4966411498203406 0
80 ec.gp.GPIndividual@1428467237{-1003865651} 1.0 88682.0 10087.0 0.33359770000991373 5 26 21.0 0.0 0.33359770000991373 0
80 ec.gp.GPIndividual@649993661{715147804} 1.0 75160.0 12802.0 0.2507420715513201 5 26 21.0 0.0 0.2507420715513201 0
80 ec.gp.GPIndividual@1160617880{1937559563} 1.0 75160.0 12802.0 0.2507420715513201 5 28 21.0 0.0 0.2507420715513201 0
80 ec.gp.GPIndividual@200013027{1873058399} 1.0 82693.0 10087.0 0.38564488946168335 5 18 21.0 0.0 0.38564488946168335 0
80 ec.gp.GPIndividual@428984448{160641113} 1.0 74660.0 8160.0 0.1142156862745098 5 22 21.0 0.0 0.1142156862745098 0
80 ec.gp.GPIndividual@1428467237{-1003865651} 1.0 88682.0 8317.0 0.1917758807262234 5 26 21.0 0.0 0.1917758807262234 0
80 ec.gp.GPIndividual@200013027{1873058399} 0.0 82693.0 8317.0 0.25489960322231575 5 18 21.0 0.0 0.25489960322231575 0
80 ec.gp.GPIndividual@649993661{715147804} 1.0 74660.0 10087.0 0.0986418161990681 5 26 21.0 0.0 0.0986418161990681 0
80 ec.gp.GPIndividual@1160617880{1937559563} 1.0 74660.0 10087.0 0.0986418161990681 5 28 21.0 0.0 0.0986418161990681 0
80 ec.gp.GPIndividual@428984448{160641113} 0.0 75160.0 12802.0 0.2507420715513201 5 22 21.0 0.0 0.2507420715513201 0
80 ec.gp.GPIndividual@649993661{715147804} 0.0 74660.0 8317.0 0.09318263797042203 5 26 21.0 0.0 0.09318263797042203 0
80 ec.gp.GPIndividual@1100089714{-1698363506} 0.0 81995.0 10054.0 0.45305351104038194 5 24 21.0 0.0 0.45305351104038194 0
80 ec.gp.GPIndividual@1160617880{1937559563} 0.0 74660.0 8317.0 0.09318263797042203 5 28 21.0 0.0 0.09318263797042203 0
80 ec.gp.GPIndividual@1100089714{-1698363506} 0.0 81995.0 8387.0 0.3443424347204006 5 24 21.0 0.0 0.3443424347204006 0
80 ec.gp.GPIndividual@428984448{160641113} 0.0 74660.0 10087.0 0.0986418161990681 5 22 21.0 0.0 0.0986418161990681 0
80 ec.gp.GPIndividual@1100089714{-1698363506} 0.0 82080.0 14578.0 0.616957058581424 5 24 21.0 0.0 0.616957058581424 0
80 ec.gp.GPIndividual@1100089714{-1698363506} 0.0 81995.0 10861.0 0.49369303010772486 5 24 21.0 0.0 0.49369303010772486 0
80 ec.gp.GPIndividual@480380373{2044128083} 0.0 74660.0 10054.0 0.09568331012532326 5 28 21.0 0.0 0.09568331012532326 0
80 ec.gp.GPIndividual@1100089714{-1698363506} 0.0 81995.0 8160.0 0.3261029411764706 5 24 21.0 0.0 0.3261029411764706 0
80 ec.gp.GPIndividual@1100089714{-1698363506} 0.0 82029.0 12802.0 0.5678019059521949 5 24 21.0 0.0 0.5678019059521949 0
80 ec.gp.GPIndividual@1100089714{-1698363506} 0.0 81995.0 10087.0 0.45484286705660754 5 24 21.0 0.0 0.45484286705660754 0
80 ec.gp.GPIndividual@1100089714{-1698363506} 0.0 81995.0 8317.0 0.3388240952266442 5 24 21.0 0.0 0.3388240952266442 0
80 ec.gp.GPIndividual@428984448{160641113} 0.0 74660.0 8317.0 0.09318263797042203 5 22 21.0 0.0 0.09318263797042203 0
80 ec.gp.GPIndividual@480380373{2044128083} 0.0 74660.0 8387.0 0.08405866221533326 5 28 21.0 0.0 0.08405866221533326 0
80 ec.gp.GPIndividual@480380373{2044128083} 0.0 70800.0 14578.0 0.26629167238304297 5 28 21.0 0.0 0.26629167238304297 0
80 ec.gp.GPIndividual@480380373{2044128083} 0.0 74660.0 10861.0 0.16287634656109015 5 28 21.0 0.0 0.16287634656109015 0
80 ec.gp.GPIndividual@480380373{2044128083} 0.0 74660.0 8160.0 0.1142156862745098 5 28 21.0 0.0 0.1142156862745098 0
80 ec.gp.GPIndividual@480380373{2044128083} 0.0 75160.0 12802.0 0.2507420715513201 5 28 21.0 0.0 0.2507420715513201 0
80 ec.gp.GPIndividual@480380373{2044128083} 0.0 74660.0 10087.0 0.0986418161990681 5 28 21.0 0.0 0.0986418161990681 0
80 ec.gp.GPIndividual@480380373{2044128083} 0.0 74660.0 8317.0 0.09318263797042203 5 28 21.0 0.0 0.09318263797042203 0
81 ec.gp.GPIndividual@1547237819{-1206783144} 0.0 109280.0 10054.0 1.0 1 1 21.0 0.0 1.0 0
81 ec.gp.GPIndividual@1547237819{-1206783144} 0.0 109280.0 8387.0 1.0 1 1 21.0 0.0 1.0 0
81 ec.gp.GPIndividual@1547237819{-1206783144} 0.0 109280.0 14578.0 1.0 1 1 21.0 0.0 1.0 0
81 ec.gp.GPIndividual@1547237819{-1206783144} 0.0 109280.0 10861.0 1.0 1 1 21.0 0.0 1.0 0
81 ec.gp.GPIndividual@1547237819{-1206783144} 0.0 109280.0 8160.0 1.0 1 1 21.0 0.0 1.0 0
81 ec.gp.GPIndividual@1547237819{-1206783144} 0.0 109280.0 12802.0 1.0 1 1 21.0 0.0 1.0 0
81 ec.gp.GPIndividual@1547237819{-1206783144} 0.0 109280.0 10087.0 1.0 1 1 21.0 0.0 1.0 0
81 ec.gp.GPIndividual@1547237819{-1206783144} 0.0 109280.0 8317.0 1.0 1 1 21.0 0.0 1.0 0
81 ec.gp.GPIndividual@417230303{2142628964} 0.0 105260.0 10054.0 0.8563755719116769 2 3 21.0 0.0 0.8563755719116769 0
81 ec.gp.GPIndividual@417230303{2142628964} 0.0 105260.0 8387.0 0.8278287826397996 2 3 21.0 0.0 0.8278287826397996 0
81 ec.gp.GPIndividual@417230303{2142628964} 0.0 105260.0 14578.0 0.9009466319110989 2 3 21.0 0.0 0.9009466319110989 0
81 ec.gp.GPIndividual@417230303{2142628964} 0.0 105260.0 10861.0 0.8670472332197772 2 3 21.0 0.0 0.8670472332197772 0
81 ec.gp.GPIndividual@417230303{2142628964} 0.0 105260.0 8160.0 0.8230392156862745 2 3 21.0 0.0 0.8230392156862745 0
81 ec.gp.GPIndividual@417230303{2142628964} 0.0 105260.0 12802.0 0.8872051241993438 2 3 21.0 0.0 0.8872051241993438 0
81 ec.gp.GPIndividual@417230303{2142628964} 0.0 105260.0 10087.0 0.8568454446317042 2 3 21.0 0.0 0.8568454446317042 0
81 ec.gp.GPIndividual@417230303{2142628964} 0.0 105260.0 8317.0 0.8263797042202717 2 3 21.0 0.0 0.8263797042202717 0
81 ec.gp.GPIndividual@1253352801{528128754} 0.0 97094.0 10054.0 0.5816590411776408 5 24 21.0 0.0 0.5816590411776408 0
81 ec.gp.GPIndividual@1253352801{528128754} 0.0 97094.0 8387.0 0.4985095981876714 5 24 21.0 0.0 0.4985095981876714 0
81 ec.gp.GPIndividual@1253352801{528128754} 0.0 97094.0 14578.0 0.7114830566607216 5 24 21.0 0.0 0.7114830566607216 0
81 ec.gp.GPIndividual@1253352801{528128754} 0.0 97094.0 10861.0 0.6127428413589909 5 24 21.0 0.0 0.6127428413589909 0
81 ec.gp.GPIndividual@1290975187{467901600} 0.0 88682.0 10054.0 0.3314103839267953 5 18 21.0 0.0 0.3314103839267953 0
81 ec.gp.GPIndividual@1253352801{528128754} 0.0 97094.0 8160.0 0.48455882352941176 5 24 21.0 0.0 0.48455882352941176 0
81 ec.gp.GPIndividual@668163976{1696046897} 0.0 75160.0 10054.0 0.045951859956236324 5 20 21.0 0.0 0.045951859956236324 0
81 ec.gp.GPIndividual@1757225020{-729686430} 1.0 74660.0 10054.0 0.09568331012532326 5 26 21.0 0.0 0.09568331012532326 0
81 ec.gp.GPIndividual@1253352801{528128754} 0.0 97094.0 12802.0 0.6714575847523825 5 24 21.0 0.0 0.6714575847523825 0
81 ec.gp.GPIndividual@1253352801{528128754} 0.0 97094.0 10087.0 0.5830276593635372 5 24 21.0 0.0 0.5830276593635372 0
81 ec.gp.GPIndividual@1290975187{467901600} 0.0 88682.0 8387.0 0.19852152140217003 5 18 21.0 0.0 0.19852152140217003 0
81 ec.gp.GPIndividual@1253352801{528128754} 0.0 97094.0 8317.0 0.49428880605987735 5 24 21.0 0.0 0.49428880605987735 0
81 ec.gp.GPIndividual@1290975187{467901600} 0.0 88682.0 14578.0 0.538894224173412 5 18 21.0 0.0 0.538894224173412 0
81 ec.gp.GPIndividual@668163976{1696046897} 0.0 75160.0 8387.0 0.14367473470847741 5 20 21.0 0.0 0.14367473470847741 0
81 ec.gp.GPIndividual@1290975187{467901600} 0.0 88682.0 10861.0 0.38108829757849183 5 18 21.0 0.0 0.38108829757849183 0
81 ec.gp.GPIndividual@1757225020{-729686430} 0.0 74660.0 8387.0 0.08405866221533326 5 26 21.0 0.0 0.08405866221533326 0
81 ec.gp.GPIndividual@1290975187{467901600} 0.0 88682.0 8160.0 0.17622549019607844 5 18 21.0 0.0 0.17622549019607844 0
81 ec.gp.GPIndividual@668163976{1696046897} 0.0 79222.0 14578.0 0.43819453971738237 5 20 21.0 0.0 0.43819453971738237 0
81 ec.gp.GPIndividual@1290975187{467901600} 0.0 88682.0 12802.0 0.47492579284486797 5 18 21.0 0.0 0.47492579284486797 0
81 ec.gp.GPIndividual@1290975187{467901600} 0.0 88682.0 10087.0 0.33359770000991373 5 18 21.0 0.0 0.33359770000991373 0
81 ec.gp.GPIndividual@1290975187{467901600} 0.0 88682.0 8317.0 0.1917758807262234 5 18 21.0 0.0 0.1917758807262234 0
81 ec.gp.GPIndividual@668163976{1696046897} 0.0 75160.0 10861.0 0.1168400699751404 5 20 21.0 0.0 0.1168400699751404 0
81 ec.gp.GPIndividual@1757225020{-729686430} 0.0 70800.0 14578.0 0.26629167238304297 5 26 21.0 0.0 0.26629167238304297 0
81 ec.gp.GPIndividual@668163976{1696046897} 0.0 78900.0 8160.0 0.035784313725490194 5 20 21.0 0.0 0.035784313725490194 0
81 ec.gp.GPIndividual@1757225020{-729686430} 0.0 74660.0 10861.0 0.16287634656109015 5 26 21.0 0.0 0.16287634656109015 0
81 ec.gp.GPIndividual@668163976{1696046897} 0.0 79400.0 12802.0 0.34635213247930013 5 20 21.0 0.0 0.34635213247930013 0
81 ec.gp.GPIndividual@1757225020{-729686430} 0.0 74660.0 8160.0 0.1142156862745098 5 26 21.0 0.0 0.1142156862745098 0
81 ec.gp.GPIndividual@668163976{1696046897} 0.0 75160.0 10087.0 0.04907306434023991 5 20 21.0 0.0 0.04907306434023991 0
81 ec.gp.GPIndividual@1757225020{-729686430} 0.0 75160.0 12802.0 0.2507420715513201 5 26 21.0 0.0 0.2507420715513201 0
81 ec.gp.GPIndividual@668163976{1696046897} 0.0 78900.0 8317.0 0.05398581219189612 5 20 21.0 0.0 0.05398581219189612 0
81 ec.gp.GPIndividual@1757225020{-729686430} 0.0 74660.0 10087.0 0.0986418161990681 5 26 21.0 0.0 0.0986418161990681 0
81 ec.gp.GPIndividual@768800413{2132151356} 1.0 52830.0 10054.0 0.45036801273125127 5 22 21.0 0.0 0.45036801273125127 0
81 ec.gp.GPIndividual@1757225020{-729686430} 0.0 74660.0 8317.0 0.09318263797042203 5 26 21.0 0.0 0.09318263797042203 0
81 ec.gp.GPIndividual@1273617219{-630343827} 0.0 74660.0 10054.0 0.09568331012532326 5 24 21.0 0.0 0.09568331012532326 0
81 ec.gp.GPIndividual@1273617219{-630343827} 0.0 74660.0 8387.0 0.08405866221533326 5 24 21.0 0.0 0.08405866221533326 0
81 ec.gp.GPIndividual@1273617219{-630343827} 0.0 70800.0 14578.0 0.26629167238304297 5 24 21.0 0.0 0.26629167238304297 0
81 ec.gp.GPIndividual@1273617219{-630343827} 0.0 74660.0 10861.0 0.16287634656109015 5 24 21.0 0.0 0.16287634656109015 0
81 ec.gp.GPIndividual@768800413{2132151356} 1.0 52452.0 8387.0 0.6935733873852391 5 22 21.0 0.0 0.6935733873852391 0
81 ec.gp.GPIndividual@1273617219{-630343827} 0.0 74660.0 8160.0 0.1142156862745098 5 24 21.0 0.0 0.1142156862745098 0
81 ec.gp.GPIndividual@1273617219{-630343827} 0.0 75160.0 12802.0 0.2507420715513201 5 24 21.0 0.0 0.2507420715513201 0
81 ec.gp.GPIndividual@768800413{2132151356} 0.0 64966.0 14578.0 0.2916723830429414 5 22 21.0 0.0 0.2916723830429414 0
81 ec.gp.GPIndividual@1273617219{-630343827} 0.0 74660.0 10087.0 0.0986418161990681 5 24 21.0 0.0 0.0986418161990681 0
81 ec.gp.GPIndividual@1273617219{-630343827} 0.0 74660.0 8317.0 0.09318263797042203 5 24 21.0 0.0 0.09318263797042203 0
81 ec.gp.GPIndividual@768800413{2132151356} 0.0 61078.0 10861.0 0.09584752785194733 5 22 21.0 0.0 0.09584752785194733 0
81 ec.gp.GPIndividual@768800413{2132151356} 1.0 52158.0 8160.0 0.7046568627450981 5 22 21.0 0.0 0.7046568627450981 0
81 ec.gp.GPIndividual@768800413{2132151356} 0.0 65346.0 12802.0 0.16372441805967816 5 22 21.0 0.0 0.16372441805967816 0
81 ec.gp.GPIndividual@768800413{2132151356} 1.0 52922.0 10087.0 0.4547437295528899 5 22 21.0 0.0 0.4547437295528899 0
81 ec.gp.GPIndividual@768800413{2132151356} 1.0 51688.0 8317.0 0.6159672958999639 5 22 21.0 0.0 0.6159672958999639 0
81 ec.gp.GPIndividual@732587322{-1922143822} 0.0 88682.0 10054.0 0.3314103839267953 5 26 21.0 0.0 0.3314103839267953 0
81 ec.gp.GPIndividual@732587322{-1922143822} 0.0 88682.0 8387.0 0.19852152140217003 5 26 21.0 0.0 0.19852152140217003 0
81 ec.gp.GPIndividual@732587322{-1922143822} 0.0 88682.0 14578.0 0.538894224173412 5 26 21.0 0.0 0.538894224173412 0
81 ec.gp.GPIndividual@732587322{-1922143822} 0.0 88682.0 10861.0 0.38108829757849183 5 26 21.0 0.0 0.38108829757849183 0
81 ec.gp.GPIndividual@732587322{-1922143822} 0.0 88682.0 8160.0 0.17622549019607844 5 26 21.0 0.0 0.17622549019607844 0
81 ec.gp.GPIndividual@732587322{-1922143822} 0.0 88682.0 12802.0 0.47492579284486797 5 26 21.0 0.0 0.47492579284486797 0
81 ec.gp.GPIndividual@732587322{-1922143822} 0.0 88682.0 10087.0 0.33359770000991373 5 26 21.0 0.0 0.33359770000991373 0
81 ec.gp.GPIndividual@732587322{-1922143822} 0.0 88682.0 8317.0 0.1917758807262234 5 26 21.0 0.0 0.1917758807262234 0
82 ec.gp.GPIndividual@1473827979{767955227} 0.0 88682.0 10054.0 0.3314103839267953 5 28 21.0 0.0 0.3314103839267953 0
82 ec.gp.GPIndividual@1473827979{767955227} 0.0 88682.0 8387.0 0.19852152140217003 5 28 21.0 0.0 0.19852152140217003 0
82 ec.gp.GPIndividual@1473827979{767955227} 0.0 88682.0 14578.0 0.538894224173412 5 28 21.0 0.0 0.538894224173412 0
82 ec.gp.GPIndividual@1473827979{767955227} 0.0 88682.0 10861.0 0.38108829757849183 5 28 21.0 0.0 0.38108829757849183 0
82 ec.gp.GPIndividual@1473827979{767955227} 0.0 88682.0 8160.0 0.17622549019607844 5 28 21.0 0.0 0.17622549019607844 0
82 ec.gp.GPIndividual@467865944{160641113} 1.0 74660.0 10054.0 0.09568331012532326 5 22 21.0 0.0 0.09568331012532326 0
82 ec.gp.GPIndividual@1473827979{767955227} 0.0 88682.0 12802.0 0.47492579284486797 5 28 21.0 0.0 0.47492579284486797 0
82 ec.gp.GPIndividual@1473827979{767955227} 0.0 88682.0 10087.0 0.33359770000991373 5 28 21.0 0.0 0.33359770000991373 0
82 ec.gp.GPIndividual@1645305081{1912999333} 1.0 74660.0 10054.0 0.09568331012532326 5 28 21.0 0.0 0.09568331012532326 0
82 ec.gp.GPIndividual@1473827979{767955227} 0.0 88682.0 8317.0 0.1917758807262234 5 28 21.0 0.0 0.1917758807262234 0
82 ec.gp.GPIndividual@467865944{160641113} 0.0 74660.0 8387.0 0.08405866221533326 5 22 21.0 0.0 0.08405866221533326 0
82 ec.gp.GPIndividual@1645305081{1912999333} 0.0 74660.0 8387.0 0.08405866221533326 5 28 21.0 0.0 0.08405866221533326 0
82 ec.gp.GPIndividual@273045330{-2038830813} 1.0 56778.0 10054.0 0.29958225581857967 5 24 21.0 0.0 0.29958225581857967 0
82 ec.gp.GPIndividual@467865944{160641113} 0.0 70800.0 14578.0 0.26629167238304297 5 22 21.0 0.0 0.26629167238304297 0
82 ec.gp.GPIndividual@1645305081{1912999333} 0.0 70800.0 14578.0 0.26629167238304297 5 28 21.0 0.0 0.26629167238304297 0
82 ec.gp.GPIndividual@467865944{160641113} 0.0 74660.0 10861.0 0.16287634656109015 5 22 21.0 0.0 0.16287634656109015 0
82 ec.gp.GPIndividual@1645305081{1912999333} 0.0 74660.0 10861.0 0.16287634656109015 5 28 21.0 0.0 0.16287634656109015 0
82 ec.gp.GPIndividual@467865944{160641113} 0.0 74660.0 8160.0 0.1142156862745098 5 22 21.0 0.0 0.1142156862745098 0
82 ec.gp.GPIndividual@1645305081{1912999333} 0.0 74660.0 8160.0 0.1142156862745098 5 28 21.0 0.0 0.1142156862745098 0
82 ec.gp.GPIndividual@467865944{160641113} 0.0 75160.0 12802.0 0.2507420715513201 5 22 21.0 0.0 0.2507420715513201 0
82 ec.gp.GPIndividual@1645305081{1912999333} 0.0 75160.0 12802.0 0.2507420715513201 5 28 21.0 0.0 0.2507420715513201 0
82 ec.gp.GPIndividual@467865944{160641113} 0.0 74660.0 10087.0 0.0986418161990681 5 22 21.0 0.0 0.0986418161990681 0
82 ec.gp.GPIndividual@1645305081{1912999333} 0.0 74660.0 10087.0 0.0986418161990681 5 28 21.0 0.0 0.0986418161990681 0
82 ec.gp.GPIndividual@273045330{-2038830813} 1.0 52432.0 8387.0 0.6911887444855133 5 24 21.0 0.0 0.6911887444855133 0
82 ec.gp.GPIndividual@467865944{160641113} 0.0 74660.0 8317.0 0.09318263797042203 5 22 21.0 0.0 0.09318263797042203 0
82 ec.gp.GPIndividual@1645305081{1912999333} 0.0 74660.0 8317.0 0.09318263797042203 5 28 21.0 0.0 0.09318263797042203 0
82 ec.gp.GPIndividual@1846636995{-671334143} 0.0 88682.0 10054.0 0.3314103839267953 5 18 21.0 0.0 0.3314103839267953 0
82 ec.gp.GPIndividual@1846636995{-671334143} 0.0 88682.0 8387.0 0.19852152140217003 5 18 21.0 0.0 0.19852152140217003 0
82 ec.gp.GPIndividual@1837508313{160641113} 0.0 74660.0 10054.0 0.09568331012532326 5 22 21.0 0.0 0.09568331012532326 0
82 ec.gp.GPIndividual@1846636995{-671334143} 0.0 88682.0 14578.0 0.538894224173412 5 18 21.0 0.0 0.538894224173412 0
82 ec.gp.GPIndividual@1846636995{-671334143} 0.0 88682.0 10861.0 0.38108829757849183 5 18 21.0 0.0 0.38108829757849183 0
82 ec.gp.GPIndividual@1846636995{-671334143} 0.0 88682.0 8160.0 0.17622549019607844 5 18 21.0 0.0 0.17622549019607844 0
82 ec.gp.GPIndividual@1837508313{160641113} 0.0 74660.0 8387.0 0.08405866221533326 5 22 21.0 0.0 0.08405866221533326 0
82 ec.gp.GPIndividual@273045330{-2038830813} 0.0 60952.0 14578.0 0.1922074358622582 5 24 21.0 0.0 0.1922074358622582 0
82 ec.gp.GPIndividual@1846636995{-671334143} 0.0 88682.0 12802.0 0.47492579284486797 5 18 21.0 0.0 0.47492579284486797 0
82 ec.gp.GPIndividual@1846636995{-671334143} 0.0 88682.0 10087.0 0.33359770000991373 5 18 21.0 0.0 0.33359770000991373 0
82 ec.gp.GPIndividual@1846636995{-671334143} 0.0 88682.0 8317.0 0.1917758807262234 5 18 21.0 0.0 0.1917758807262234 0
82 ec.gp.GPIndividual@1837508313{160641113} 0.0 70800.0 14578.0 0.26629167238304297 5 22 21.0 0.0 0.26629167238304297 0
82 ec.gp.GPIndividual@1837508313{160641113} 0.0 74660.0 10861.0 0.16287634656109015 5 22 21.0 0.0 0.16287634656109015 0
82 ec.gp.GPIndividual@1837508313{160641113} 0.0 74660.0 8160.0 0.1142156862745098 5 22 21.0 0.0 0.1142156862745098 0
82 ec.gp.GPIndividual@273045330{-2038830813} 1.0 56778.0 10861.0 0.2030199797440383 5 24 21.0 0.0 0.2030199797440383 0
82 ec.gp.GPIndividual@1021869319{1359587394} 5.0 19584.0 10054.0 0.9478814402227969 5 26 21.0 0.0 0.9478814402227969 0
82 ec.gp.GPIndividual@1837508313{160641113} 0.0 75160.0 12802.0 0.2507420715513201 5 22 21.0 0.0 0.2507420715513201 0
82 ec.gp.GPIndividual@1837508313{160641113} 0.0 74660.0 10087.0 0.0986418161990681 5 22 21.0 0.0 0.0986418161990681 0
82 ec.gp.GPIndividual@1837508313{160641113} 0.0 74660.0 8317.0 0.09318263797042203 5 22 21.0 0.0 0.09318263797042203 0
82 ec.gp.GPIndividual@497281226{-757974231} 0.0 92920.0 10054.0 0.45335189974139645 5 24 21.0 0.0 0.45335189974139645 0
82 ec.gp.GPIndividual@497281226{-757974231} 0.0 92920.0 8387.0 0.34470013115535947 5 24 21.0 0.0 0.34470013115535947 0
82 ec.gp.GPIndividual@497281226{-757974231} 0.0 92920.0 14578.0 0.6229935519275621 5 24 21.0 0.0 0.6229935519275621 0
82 ec.gp.GPIndividual@497281226{-757974231} 0.0 92920.0 10861.0 0.4939692477672406 5 24 21.0 0.0 0.4939692477672406 0
82 ec.gp.GPIndividual@497281226{-757974231} 0.0 92920.0 8160.0 0.3264705882352941 5 24 21.0 0.0 0.3264705882352941 0
82 ec.gp.GPIndividual@273045330{-2038830813} 0.0 61264.0 8160.0 0.48137254901960785 5 24 21.0 0.0 0.48137254901960785 0
82 ec.gp.GPIndividual@497281226{-757974231} 0.0 92920.0 12802.0 0.5706920793625996 5 24 21.0 0.0 0.5706920793625996 0
82 ec.gp.GPIndividual@497281226{-757974231} 0.0 92920.0 10087.0 0.4551402795677605 5 24 21.0 0.0 0.4551402795677605 0
82 ec.gp.GPIndividual@497281226{-757974231} 0.0 92920.0 8317.0 0.33918480221233616 5 24 21.0 0.0 0.33918480221233616 0
82 ec.gp.GPIndividual@273045330{-2038830813} 0.0 61264.0 12802.0 0.055772535541321666 5 24 21.0 0.0 0.055772535541321666 0
82 ec.gp.GPIndividual@273045330{-2038830813} 1.0 56778.0 10087.0 0.29533062357489837 5 24 21.0 0.0 0.29533062357489837 0
82 ec.gp.GPIndividual@273045330{-2038830813} 0.0 61264.0 8317.0 0.453408681014789 5 24 21.0 0.0 0.453408681014789 0
82 ec.gp.GPIndividual@1598700336{1315331300} 0.0 88682.0 10054.0 0.3314103839267953 5 20 21.0 0.0 0.3314103839267953 0
82 ec.gp.GPIndividual@1598700336{1315331300} 0.0 88682.0 8387.0 0.19852152140217003 5 20 21.0 0.0 0.19852152140217003 0
82 ec.gp.GPIndividual@1598700336{1315331300} 0.0 88682.0 14578.0 0.538894224173412 5 20 21.0 0.0 0.538894224173412 0
82 ec.gp.GPIndividual@1598700336{1315331300} 0.0 88682.0 10861.0 0.38108829757849183 5 20 21.0 0.0 0.38108829757849183 0
82 ec.gp.GPIndividual@1598700336{1315331300} 0.0 88682.0 8160.0 0.17622549019607844 5 20 21.0 0.0 0.17622549019607844 0
82 ec.gp.GPIndividual@1598700336{1315331300} 0.0 88682.0 12802.0 0.47492579284486797 5 20 21.0 0.0 0.47492579284486797 0
82 ec.gp.GPIndividual@1598700336{1315331300} 0.0 88682.0 10087.0 0.33359770000991373 5 20 21.0 0.0 0.33359770000991373 0
82 ec.gp.GPIndividual@1598700336{1315331300} 0.0 88682.0 8317.0 0.1917758807262234 5 20 21.0 0.0 0.1917758807262234 0
82 ec.gp.GPIndividual@164599441{580455875} 0.0 88682.0 10054.0 0.3314103839267953 5 26 21.0 0.0 0.3314103839267953 0
82 ec.gp.GPIndividual@164599441{580455875} 0.0 88682.0 8387.0 0.19852152140217003 5 26 21.0 0.0 0.19852152140217003 0
82 ec.gp.GPIndividual@164599441{580455875} 0.0 88682.0 14578.0 0.538894224173412 5 26 21.0 0.0 0.538894224173412 0
82 ec.gp.GPIndividual@164599441{580455875} 0.0 88682.0 10861.0 0.38108829757849183 5 26 21.0 0.0 0.38108829757849183 0
82 ec.gp.GPIndividual@164599441{580455875} 0.0 88682.0 8160.0 0.17622549019607844 5 26 21.0 0.0 0.17622549019607844 0
82 ec.gp.GPIndividual@164599441{580455875} 0.0 88682.0 12802.0 0.47492579284486797 5 26 21.0 0.0 0.47492579284486797 0
82 ec.gp.GPIndividual@164599441{580455875} 0.0 88682.0 10087.0 0.33359770000991373 5 26 21.0 0.0 0.33359770000991373 0
82 ec.gp.GPIndividual@164599441{580455875} 0.0 88682.0 8317.0 0.1917758807262234 5 26 21.0 0.0 0.1917758807262234 0
82 ec.gp.GPIndividual@1021869319{1359587394} 5.0 19584.0 8387.0 1.3350423274114702 5 26 21.0 0.0 1.3350423274114702 0
82 ec.gp.GPIndividual@1021869319{1359587394} 5.0 19584.0 14578.0 0.3433941555768967 5 26 21.0 0.0 0.3433941555768967 0
82 ec.gp.GPIndividual@1021869319{1359587394} 5.0 19584.0 10861.0 0.803148881318479 5 26 21.0 0.0 0.803148881318479 0
82 ec.gp.GPIndividual@1021869319{1359587394} 5.0 19584.0 8160.0 1.4 5 26 21.0 0.0 1.4 0
82 ec.gp.GPIndividual@1021869319{1359587394} 5.0 19584.0 12802.0 0.52976097484768 5 26 21.0 0.0 0.52976097484768 0
82 ec.gp.GPIndividual@1021869319{1359587394} 5.0 19584.0 10087.0 0.9415088728065827 5 26 21.0 0.0 0.9415088728065827 0
82 ec.gp.GPIndividual@1021869319{1359587394} 5.0 19584.0 8317.0 1.3546952025970902 5 26 21.0 0.0 1.3546952025970902 0
82 ec.gp.GPIndividual@1711081830{-1139818364} 1.0 55934.0 10054.0 0.21563556793316094 5 22 21.0 0.0 0.21563556793316094 0
82 ec.gp.GPIndividual@1711081830{-1139818364} 1.0 56244.0 8387.0 0.494217240968165 5 22 21.0 0.0 0.494217240968165 0
82 ec.gp.GPIndividual@1711081830{-1139818364} 0.0 60512.0 14578.0 0.22238990259294827 5 22 21.0 0.0 0.22238990259294827 0
82 ec.gp.GPIndividual@1711081830{-1139818364} 1.0 56070.0 10861.0 0.13783261209833347 5 22 21.0 0.0 0.13783261209833347 0
82 ec.gp.GPIndividual@1711081830{-1139818364} 1.0 55618.0 8160.0 0.45906862745098037 5 22 21.0 0.0 0.45906862745098037 0
82 ec.gp.GPIndividual@1711081830{-1139818364} 0.0 60016.0 12802.0 0.1532573035463209 5 22 21.0 0.0 0.1532573035463209 0
82 ec.gp.GPIndividual@1711081830{-1139818364} 1.0 56768.0 10087.0 0.2943392485377218 5 22 21.0 0.0 0.2943392485377218 0
82 ec.gp.GPIndividual@1711081830{-1139818364} 1.0 55618.0 8317.0 0.431525790549477 5 22 21.0 0.0 0.431525790549477 0
83 ec.gp.GPIndividual@1865158909{967383496} 0.0 91632.0 10054.0 0.5814601153769644 5 10 21.0 0.0 0.5814601153769644 0
83 ec.gp.GPIndividual@1865158909{967383496} 0.0 91632.0 8387.0 0.49827113389769884 5 10 21.0 0.0 0.49827113389769884 0
83 ec.gp.GPIndividual@1865158909{967383496} 0.0 91683.0 14578.0 0.7078474413499795 5 10 21.0 0.0 0.7078474413499795 0
83 ec.gp.GPIndividual@1865158909{967383496} 0.0 91632.0 10861.0 0.6125586962526471 5 10 21.0 0.0 0.6125586962526471 0
83 ec.gp.GPIndividual@1865158909{967383496} 0.0 91632.0 8160.0 0.4843137254901961 5 10 21.0 0.0 0.4843137254901961 0
83 ec.gp.GPIndividual@1865158909{967383496} 0.0 91632.0 12802.0 0.6713013591626308 5 10 21.0 0.0 0.6713013591626308 0
83 ec.gp.GPIndividual@1865158909{967383496} 0.0 91632.0 10087.0 0.5828293843561019 5 10 21.0 0.0 0.5828293843561019 0
83 ec.gp.GPIndividual@1865158909{967383496} 0.0 91632.0 8317.0 0.49404833473608273 5 10 21.0 0.0 0.49404833473608273 0
83 ec.gp.GPIndividual@1604414810{-1771632129} 0.0 74660.0 10054.0 0.09568331012532326 5 20 21.0 0.0 0.09568331012532326 0
83 ec.gp.GPIndividual@160099986{1039929718} 0.0 74660.0 10054.0 0.09568331012532326 5 30 21.0 0.0 0.09568331012532326 0
83 ec.gp.GPIndividual@1431056937{-1656665261} 0.0 75160.0 10054.0 0.045951859956236324 5 22 21.0 0.0 0.045951859956236324 0
83 ec.gp.GPIndividual@548522985{948406147} 0.0 68730.0 10054.0 0.14203302168291226 5 18 21.0 0.0 0.14203302168291226 0
83 ec.gp.GPIndividual@1604414810{-1771632129} 0.0 74660.0 8387.0 0.08405866221533326 5 20 21.0 0.0 0.08405866221533326 0
83 ec.gp.GPIndividual@548522985{948406147} 0.0 83729.0 8387.0 0.789078335519256 5 18 21.0 0.0 0.789078335519256 0
83 ec.gp.GPIndividual@160099986{1039929718} 0.0 74660.0 8387.0 0.08405866221533326 5 30 21.0 0.0 0.08405866221533326 0
83 ec.gp.GPIndividual@1431056937{-1656665261} 0.0 75160.0 8387.0 0.14367473470847741 5 22 21.0 0.0 0.14367473470847741 0
83 ec.gp.GPIndividual@548522985{948406147} 0.0 73272.0 14578.0 0.4715324461517355 5 18 21.0 0.0 0.4715324461517355 0
83 ec.gp.GPIndividual@1431056937{-1656665261} 0.0 79222.0 14578.0 0.43819453971738237 5 22 21.0 0.0 0.43819453971738237 0
83 ec.gp.GPIndividual@1604414810{-1771632129} 0.0 70800.0 14578.0 0.26629167238304297 5 20 21.0 0.0 0.26629167238304297 0
83 ec.gp.GPIndividual@160099986{1039929718} 0.0 70800.0 14578.0 0.26629167238304297 5 30 21.0 0.0 0.26629167238304297 0
83 ec.gp.GPIndividual@1431056937{-1656665261} 0.0 75160.0 10861.0 0.1168400699751404 5 22 21.0 0.0 0.1168400699751404 0
83 ec.gp.GPIndividual@1604414810{-1771632129} 0.0 74660.0 10861.0 0.16287634656109015 5 20 21.0 0.0 0.16287634656109015 0
83 ec.gp.GPIndividual@548522985{948406147} 0.0 68680.0 10861.0 0.21038578399779026 5 18 21.0 0.0 0.21038578399779026 0
83 ec.gp.GPIndividual@548522985{948406147} 0.0 83729.0 8160.0 0.7832107843137255 5 18 21.0 0.0 0.7832107843137255 0
83 ec.gp.GPIndividual@160099986{1039929718} 0.0 74660.0 10861.0 0.16287634656109015 5 30 21.0 0.0 0.16287634656109015 0
83 ec.gp.GPIndividual@1431056937{-1656665261} 0.0 78900.0 8160.0 0.035784313725490194 5 22 21.0 0.0 0.035784313725490194 0
83 ec.gp.GPIndividual@1604414810{-1771632129} 0.0 74660.0 8160.0 0.1142156862745098 5 20 21.0 0.0 0.1142156862745098 0
83 ec.gp.GPIndividual@1431056937{-1656665261} 0.0 79400.0 12802.0 0.34635213247930013 5 22 21.0 0.0 0.34635213247930013 0
83 ec.gp.GPIndividual@548522985{948406147} 0.0 73272.0 12802.0 0.39821902827683175 5 18 21.0 0.0 0.39821902827683175 0
83 ec.gp.GPIndividual@160099986{1039929718} 0.0 74660.0 8160.0 0.1142156862745098 5 30 21.0 0.0 0.1142156862745098 0
83 ec.gp.GPIndividual@1604414810{-1771632129} 0.0 75160.0 12802.0 0.2507420715513201 5 20 21.0 0.0 0.2507420715513201 0
83 ec.gp.GPIndividual@1431056937{-1656665261} 0.0 75160.0 10087.0 0.04907306434023991 5 22 21.0 0.0 0.04907306434023991 0
83 ec.gp.GPIndividual@548522985{948406147} 0.0 73132.0 10087.0 0.25012392187964705 5 18 21.0 0.0 0.25012392187964705 0
83 ec.gp.GPIndividual@160099986{1039929718} 83 ec.gp.GPIndividual@548522985{948406147} 0.0 0.0 75160.0 8317.0 0.2507420715513201 83505.0 8317.0 0.8142359023686425 5 30 21.0 0.0 5 18 21.0 0.0 0.2507420715513201 0
0.8142359023686425 0
83 ec.gp.GPIndividual@1431056937{-1656665261} 0.0 78900.0 8317.0 0.05398581219189612 5 22 21.0 0.0 0.05398581219189612 0
83 ec.gp.GPIndividual@1604414810{-1771632129} 0.0 74660.0 10087.0 0.0986418161990681 5 20 21.0 0.0 0.0986418161990681 0
83 ec.gp.GPIndividual@160099986{1039929718} 0.0 74660.0 10087.0 0.0986418161990681 5 30 21.0 0.0 0.0986418161990681 0
83 ec.gp.GPIndividual@1954824591{557870131} 0.0 74660.0 10054.0 0.09568331012532326 5 24 21.0 0.0 0.09568331012532326 0
83 ec.gp.GPIndividual@1604414810{-1771632129} 0.0 74660.0 8317.0 0.09318263797042203 5 20 21.0 0.0 0.09318263797042203 0
83 ec.gp.GPIndividual@160099986{1039929718} 0.0 74660.0 8317.0 0.09318263797042203 5 30 21.0 0.0 0.09318263797042203 0
83 ec.gp.GPIndividual@1561485228{-671334143} 0.0 88682.0 10054.0 0.3314103839267953 5 18 21.0 0.0 0.3314103839267953 0
83 ec.gp.GPIndividual@1954824591{557870131} 0.0 74660.0 8387.0 0.08405866221533326 5 24 21.0 0.0 0.08405866221533326 0
83 ec.gp.GPIndividual@1561485228{-671334143} 0.0 88682.0 8387.0 0.19852152140217003 5 18 21.0 0.0 0.19852152140217003 0
83 ec.gp.GPIndividual@1561485228{-671334143} 0.0 88682.0 14578.0 0.538894224173412 5 18 21.0 0.0 0.538894224173412 0
83 ec.gp.GPIndividual@1561485228{-671334143} 0.0 88682.0 10861.0 0.38108829757849183 5 18 21.0 0.0 0.38108829757849183 0
83 ec.gp.GPIndividual@1561485228{-671334143} 0.0 88682.0 8160.0 0.17622549019607844 5 18 21.0 0.0 0.17622549019607844 0
83 ec.gp.GPIndividual@1561485228{-671334143} 0.0 88682.0 12802.0 0.47492579284486797 5 18 21.0 0.0 0.47492579284486797 0
83 ec.gp.GPIndividual@1561485228{-671334143} 0.0 88682.0 10087.0 0.33359770000991373 5 18 21.0 0.0 0.33359770000991373 0
83 ec.gp.GPIndividual@1954824591{557870131} 0.0 70800.0 14578.0 0.26629167238304297 5 24 21.0 0.0 0.26629167238304297 0
83 ec.gp.GPIndividual@1561485228{-671334143} 0.0 88682.0 8317.0 0.1917758807262234 5 18 21.0 0.0 0.1917758807262234 0
83 ec.gp.GPIndividual@1954824591{557870131} 0.0 74660.0 10861.0 0.16287634656109015 5 24 21.0 0.0 0.16287634656109015 0
83 ec.gp.GPIndividual@1954824591{557870131} 0.0 74660.0 8160.0 0.1142156862745098 5 24 21.0 0.0 0.1142156862745098 0
83 ec.gp.GPIndividual@1954824591{557870131} 0.0 75160.0 12802.0 0.2507420715513201 5 24 21.0 0.0 0.2507420715513201 0
83 ec.gp.GPIndividual@1954824591{557870131} 0.0 74660.0 10087.0 0.0986418161990681 5 24 21.0 0.0 0.0986418161990681 0
83 ec.gp.GPIndividual@1954824591{557870131} 0.0 74660.0 8317.0 0.09318263797042203 5 24 21.0 0.0 0.09318263797042203 0
84 ec.gp.GPIndividual@660226081{-1530088278} 0.0 104262.0 10054.0 0.9556395464491745 84 ec.gp.GPIndividual@845309634{1071294728} 1 1 21.0 0.0 0.0 0.9556395464491745 0
101188.0 10054.0 0.7179232146409389 2 3 21.0 0.0 0.7179232146409389 0
84 ec.gp.GPIndividual@601581430{-1581931120} 0.0 84 ec.gp.GPIndividual@660226081{-1530088278} 84442.0 10054.0 0.2096677939128705 84 ec.gp.GPIndividual@845309634{1071294728} 0.0 0.0 5 16 21.0 0.0 104262.0 8387.0 0.9468224633361154 101188.0 8387.0 0.6618576368188863 0.2096677939128705 0
1 1 21.0 0.0 0.9468224633361154 0
2 3 21.0 0.0 0.6618576368188863 0
84 ec.gp.GPIndividual@660226081{-1530088278} 0.0 104262.0 14578.0 0.9694059541775277 1 1 21.0 0.0 0.9694059541775277 0
84 ec.gp.GPIndividual@845309634{1071294728} 0.0 101188.0 14578.0 0.805460282617643 84 ec.gp.GPIndividual@660226081{-1530088278} 2 3 21.0 0.0 0.0 0.805460282617643 0
104262.0 10861.0 0.9589356412853328 1 1 21.0 0.0 0.9589356412853328 0
84 ec.gp.GPIndividual@845309634{1071294728} 84 ec.gp.GPIndividual@601581430{-1581931120} 84 ec.gp.GPIndividual@660226081{-1530088278} 0.0 0.0 0.0 101188.0 8160.0 0.7388822392044931 84442.0 8160.0 0.052581375938953144 104262.0 8160.0 0.9453431372549019 2 3 21.0 0.0 1 1 21.0 0.0 5 16 21.0 0.0 0.7388822392044931 0
0.052581375938953144 0
84 ec.gp.GPIndividual@845309634{1071294728} 0.0 101188.0 8160.0 0.6524509803921569 2 3 21.0 0.0 0.9453431372549019 0
0.6524509803921569 0
84 ec.gp.GPIndividual@660226081{-1530088278} 0.0 104262.0 12802.0 0.9651616934853929 1 1 21.0 0.0 0.9651616934853929 0
84 ec.gp.GPIndividual@845309634{1071294728} 0.0 101188.0 12802.0 0.7784721137322294 2 3 21.0 0.0 0.7784721137322294 0
84 ec.gp.GPIndividual@601581430{-1581931120} 0.0 84 ec.gp.GPIndividual@660226081{-1530088278} 84442.0 14578.0 0.45493208944985597 0.0 5 16 21.0 0.0 104262.0 14578.0 0.9557846733419253 0.45493208944985597 0
84 ec.gp.GPIndividual@845309634{1071294728} 0.0 101188.0 10087.0 0.7188460394567264 1 1 21.0 0.0 2 3 21.0 0.0 0.9557846733419253 0
0.7188460394567264 0
84 ec.gp.GPIndividual@660226081{-1530088278} 0.0 104262.0 8317.0 0.9463748947937959 1 1 21.0 0.0 0.9463748947937959 0
84 ec.gp.GPIndividual@845309634{1071294728} 0.0 101188.0 8317.0 0.6590116628592041 2 3 21.0 0.0 0.6590116628592041 0
84 ec.gp.GPIndividual@601581430{-1581931120} 0.0 84442.0 10861.0 0.2683914924960869 5 16 21.0 0.0 0.2683914924960869 0
84 ec.gp.GPIndividual@601581430{-1581931120} 0.0 84442.0 8160.0 0.026225490196078432 5 16 21.0 0.0 0.026225490196078432 0
84 ec.gp.GPIndividual@601581430{-1581931120} 0.0 84442.0 12802.0 0.379315731916888 5 16 21.0 0.0 0.379315731916888 0
84 ec.gp.GPIndividual@601581430{-1581931120} 0.0 84442.0 10087.0 0.21225339545950234 5 16 21.0 0.0 0.21225339545950234 0
84 ec.gp.GPIndividual@601581430{-1581931120} 0.0 84442.0 8317.0 0.04460743056390525 5 16 21.0 0.0 0.04460743056390525 0
84 ec.gp.GPIndividual@2142711098{1115790724} 0.0 105260.0 10054.0 0.8563755719116769 2 3 21.0 0.0 0.8563755719116769 0
84 ec.gp.GPIndividual@2142711098{1115790724} 0.0 105260.0 8387.0 0.8278287826397996 2 3 21.0 0.0 0.8278287826397996 0
84 ec.gp.GPIndividual@2142711098{1115790724} 0.0 105260.0 14578.0 0.9009466319110989 2 3 21.0 0.0 0.9009466319110989 0
84 ec.gp.GPIndividual@2142711098{1115790724} 0.0 105260.0 10861.0 0.8670472332197772 2 3 21.0 0.0 0.8670472332197772 0
84 ec.gp.GPIndividual@2142711098{1115790724} 0.0 105260.0 8160.0 0.8230392156862745 2 3 21.0 0.0 0.8230392156862745 0
84 ec.gp.GPIndividual@2142711098{1115790724} 0.0 105260.0 12802.0 0.8872051241993438 2 3 21.0 0.0 0.8872051241993438 0
84 ec.gp.GPIndividual@2142711098{1115790724} 0.0 105260.0 10087.0 0.8568454446317042 2 3 21.0 0.0 0.8568454446317042 0
84 ec.gp.GPIndividual@2142711098{1115790724} 0.0 105260.0 8317.0 0.8263797042202717 2 3 21.0 0.0 0.8263797042202717 0
84 ec.gp.GPIndividual@2110816190{1829710382} 0.0 88682.0 10054.0 0.3314103839267953 5 18 21.0 0.0 0.3314103839267953 0
84 ec.gp.GPIndividual@2110816190{1829710382} 0.0 88682.0 8387.0 0.19852152140217003 5 18 21.0 0.0 0.19852152140217003 0
84 ec.gp.GPIndividual@2110816190{1829710382} 0.0 88682.0 14578.0 0.538894224173412 5 18 21.0 0.0 0.538894224173412 0
84 ec.gp.GPIndividual@2110816190{1829710382} 0.0 88682.0 10861.0 0.38108829757849183 5 18 21.0 0.0 0.38108829757849183 0
84 ec.gp.GPIndividual@2110816190{1829710382} 0.0 88682.0 8160.0 0.17622549019607844 5 18 21.0 0.0 0.17622549019607844 0
84 ec.gp.GPIndividual@2110816190{1829710382} 0.0 88682.0 12802.0 0.47492579284486797 5 18 21.0 0.0 0.47492579284486797 0
84 ec.gp.GPIndividual@2110816190{1829710382} 0.0 88682.0 10087.0 0.33359770000991373 5 18 21.0 0.0 0.33359770000991373 0
84 ec.gp.GPIndividual@2110816190{1829710382} 0.0 88682.0 8317.0 0.1917758807262234 5 18 21.0 0.0 0.1917758807262234 0
84 ec.gp.GPIndividual@1780149656{1622625884} 1.0 57268.0 10054.0 0.3483190769842849 5 22 21.0 0.0 0.3483190769842849 0
84 ec.gp.GPIndividual@1780149656{1622625884} 1.0 57268.0 8387.0 0.6163109574341242 5 22 21.0 0.0 0.6163109574341242 0
84 ec.gp.GPIndividual@1780149656{1622625884} 0.0 64966.0 14578.0 0.2916723830429414 5 22 21.0 0.0 0.2916723830429414 0
84 ec.gp.GPIndividual@1481099075{-439429064} 3.0 19584.0 10054.0 0.9478814402227969 5 10 21.0 0.0 0.9478814402227969 0
84 ec.gp.GPIndividual@1780149656{1622625884} 1.0 57268.0 10861.0 0.24813553079826903 5 22 21.0 0.0 0.24813553079826903 0
84 ec.gp.GPIndividual@1780149656{1622625884} 1.0 52432.0 8160.0 0.7382352941176471 5 22 21.0 0.0 0.7382352941176471 0
84 ec.gp.GPIndividual@1780149656{1622625884} 1.0 61098.0 12802.0 0.06873925949070457 5 22 21.0 0.0 0.06873925949070457 0
84 ec.gp.GPIndividual@1481099075{-439429064} 4.0 19584.0 8387.0 1.3350423274114702 5 10 21.0 0.0 1.3350423274114702 0
84 ec.gp.GPIndividual@1780149656{1622625884} 1.0 57268.0 10087.0 0.34390800039655 5 22 21.0 0.0 0.34390800039655 0
84 ec.gp.GPIndividual@1780149656{1622625884} 1.0 52432.0 8317.0 0.7054226283515691 5 22 21.0 0.0 0.7054226283515691 0
84 ec.gp.GPIndividual@33850038{1039929718} 0.0 74660.0 10054.0 0.09568331012532326 5 30 21.0 0.0 0.09568331012532326 0
84 ec.gp.GPIndividual@33850038{1039929718} 0.0 74660.0 8387.0 0.08405866221533326 5 30 21.0 0.0 0.08405866221533326 0
84 ec.gp.GPIndividual@33850038{1039929718} 0.0 70800.0 14578.0 0.26629167238304297 5 30 21.0 0.0 0.26629167238304297 0
84 ec.gp.GPIndividual@33850038{1039929718} 0.0 74660.0 10861.0 0.16287634656109015 5 30 21.0 0.0 0.16287634656109015 0
84 ec.gp.GPIndividual@33850038{1039929718} 0.0 74660.0 8160.0 0.1142156862745098 5 30 21.0 0.0 0.1142156862745098 0
84 ec.gp.GPIndividual@1481099075{-439429064} 3.0 19584.0 14578.0 0.3433941555768967 5 10 21.0 0.0 0.3433941555768967 0
84 ec.gp.GPIndividual@33850038{1039929718} 0.0 75160.0 12802.0 0.2507420715513201 5 30 21.0 0.0 0.2507420715513201 0
84 ec.gp.GPIndividual@33850038{1039929718} 0.0 74660.0 10087.0 0.0986418161990681 5 30 21.0 0.0 0.0986418161990681 0
84 ec.gp.GPIndividual@33850038{1039929718} 0.0 74660.0 8317.0 0.09318263797042203 5 30 21.0 0.0 0.09318263797042203 0
84 ec.gp.GPIndividual@1744725084{1039929718} 0.0 74660.0 10054.0 0.09568331012532326 5 30 21.0 0.0 0.09568331012532326 0
84 ec.gp.GPIndividual@1744725084{1039929718} 0.0 74660.0 8387.0 0.08405866221533326 5 30 21.0 0.0 0.08405866221533326 0
84 ec.gp.GPIndividual@1744725084{1039929718} 0.0 70800.0 14578.0 0.26629167238304297 5 30 21.0 0.0 0.26629167238304297 0
84 ec.gp.GPIndividual@1744725084{1039929718} 0.0 74660.0 10861.0 0.16287634656109015 5 30 21.0 0.0 0.16287634656109015 0
84 ec.gp.GPIndividual@1744725084{1039929718} 0.0 74660.0 8160.0 0.1142156862745098 5 30 21.0 0.0 0.1142156862745098 0
84 ec.gp.GPIndividual@1744725084{1039929718} 0.0 75160.0 12802.0 0.2507420715513201 5 30 21.0 0.0 0.2507420715513201 0
84 ec.gp.GPIndividual@1744725084{1039929718} 0.0 74660.0 10087.0 0.0986418161990681 5 30 21.0 0.0 0.0986418161990681 0
84 ec.gp.GPIndividual@1744725084{1039929718} 0.0 74660.0 8317.0 0.09318263797042203 5 30 21.0 0.0 0.09318263797042203 0
84 ec.gp.GPIndividual@1481099075{-439429064} 3.0 19584.0 10861.0 0.803148881318479 5 10 21.0 0.0 0.803148881318479 0
84 ec.gp.GPIndividual@1481099075{-439429064} 3.0 19584.0 8160.0 1.4 5 10 21.0 0.0 1.4 0
84 ec.gp.GPIndividual@1481099075{-439429064} 3.0 19584.0 12802.0 0.52976097484768 5 10 21.0 0.0 0.52976097484768 0
84 ec.gp.GPIndividual@1481099075{-439429064} 3.0 19584.0 10087.0 0.9415088728065827 5 10 21.0 0.0 0.9415088728065827 0
84 ec.gp.GPIndividual@1481099075{-439429064} 3.0 19584.0 8317.0 1.3546952025970902 5 10 21.0 0.0 1.3546952025970902 0
84 ec.gp.GPIndividual@2056906718{-1588552603} 0.0 95726.0 10054.0 0.7177242888402626 5 18 21.0 0.0 0.7177242888402626 0
84 ec.gp.GPIndividual@2056906718{-1588552603} 0.0 95726.0 8387.0 0.6616191725289138 5 18 21.0 0.0 0.6616191725289138 0
84 ec.gp.GPIndividual@2056906718{-1588552603} 0.0 95900.0 14578.0 0.7933872959253669 5 18 21.0 0.0 0.7933872959253669 0
84 ec.gp.GPIndividual@2056906718{-1588552603} 0.0 95726.0 10861.0 0.7386980940981493 5 18 21.0 0.0 0.7386980940981493 0
84 ec.gp.GPIndividual@2056906718{-1588552603} 0.0 95726.0 8160.0 0.6522058823529412 5 18 21.0 0.0 0.6522058823529412 0
84 ec.gp.GPIndividual@2056906718{-1588552603} 0.0 95726.0 12802.0 0.7783158881424778 5 18 21.0 0.0 0.7783158881424778 0
84 ec.gp.GPIndividual@2056906718{-1588552603} 0.0 95726.0 10087.0 0.7186477644492911 5 18 21.0 0.0 0.7186477644492911 0
84 ec.gp.GPIndividual@2056906718{-1588552603} 0.0 95726.0 8317.0 0.6587711915354094 5 18 21.0 0.0 0.6587711915354094 0
84 ec.gp.GPIndividual@1946472454{-935440839} 0.0 74660.0 10054.0 0.09568331012532326 5 28 21.0 0.0 0.09568331012532326 0
84 ec.gp.GPIndividual@1946472454{-935440839} 0.0 74660.0 8387.0 0.08405866221533326 5 28 21.0 0.0 0.08405866221533326 0
84 ec.gp.GPIndividual@1946472454{-935440839} 0.0 70800.0 14578.0 0.26629167238304297 5 28 21.0 0.0 0.26629167238304297 0
84 ec.gp.GPIndividual@1946472454{-935440839} 0.0 74660.0 10861.0 0.16287634656109015 5 28 21.0 0.0 0.16287634656109015 0
84 ec.gp.GPIndividual@1946472454{-935440839} 0.0 74660.0 8160.0 0.1142156862745098 5 28 21.0 0.0 0.1142156862745098 0
84 ec.gp.GPIndividual@1946472454{-935440839} 0.0 75160.0 12802.0 0.2507420715513201 5 28 21.0 0.0 0.2507420715513201 0
84 ec.gp.GPIndividual@1946472454{-935440839} 0.0 74660.0 10087.0 0.0986418161990681 5 28 21.0 0.0 0.0986418161990681 0
84 ec.gp.GPIndividual@1946472454{-935440839} 0.0 74660.0 8317.0 0.09318263797042203 5 28 21.0 0.0 0.09318263797042203 0
85 ec.gp.GPIndividual@596607113{2142628964} 0.0 105260.0 10054.0 0.8563755719116769 2 3 21.0 0.0 0.8563755719116769 0
85 ec.gp.GPIndividual@1393560942{1459674228} 85 ec.gp.GPIndividual@596607113{2142628964} 0.0 0.0 105260.0 8387.0 0.8278287826397996 105260.0 8387.0 0.8563755719116769 2 3 21.0 0.0 2 3 21.0 0.0 0.8278287826397996 0
0.8563755719116769 0
85 ec.gp.GPIndividual@596607113{2142628964} 0.0 105260.0 14578.0 0.9009466319110989 2 3 21.0 0.0 85 ec.gp.GPIndividual@1393560942{1459674228} 85 ec.gp.GPIndividual@1869253509{-1565157629} 0.9009466319110989 0
0.0 78455.0 8387.0 0.26168689078973545 0.0 5 28 21.0 0.0 105260.0 8387.0 0.8278287826397996 0.26168689078973545 0
85 ec.gp.GPIndividual@596607113{2142628964} 0.0 105260.0 10861.0 0.8670472332197772 2 3 21.0 0.0 2 3 21.0 0.0 0.8670472332197772 0
0.8278287826397996 0
85 ec.gp.GPIndividual@1487212936{1915852159} 0.0 85 ec.gp.GPIndividual@596607113{2142628964} 83664.0 8160.0 0.28704993037596976 0.0 105260.0 14578.0 0.8230392156862745 5 28 21.0 0.0 85 ec.gp.GPIndividual@1393560942{1459674228} 0.28704993037596976 0
0.0 85 ec.gp.GPIndividual@1869253509{-1565157629} 0.0 2 3 21.0 0.0 105260.0 8387.0 0.9009466319110989 78455.0 8387.0 0.11493978776678193 0.8230392156862745 0
5 28 21.0 0.0 0.11493978776678193 0
2 3 21.0 0.0 0.9009466319110989 0
85 ec.gp.GPIndividual@596607113{2142628964} 0.0 105260.0 12802.0 0.8872051241993438 2 3 21.0 0.0 0.8872051241993438 0
85 ec.gp.GPIndividual@1393560942{1459674228} 0.0 105260.0 10861.0 0.8670472332197772 85 ec.gp.GPIndividual@596607113{2142628964} 2 3 21.0 0.0 0.0 0.8670472332197772 0
105260.0 10087.0 0.8568454446317042 2 3 21.0 0.0 0.8568454446317042 0
85 ec.gp.GPIndividual@1393560942{1459674228} 0.0 85 ec.gp.GPIndividual@1869253509{-1565157629} 85 ec.gp.GPIndividual@596607113{2142628964} 0.0 105260.0 14578.0 0.8230392156862745 0.0 79242.0 8317.0 0.4368226094114419 2 3 21.0 0.0 105260.0 8317.0 0.8263797042202717 5 28 21.0 0.0 2 3 21.0 0.0 0.8230392156862745 0
0.8263797042202717 0
0.4368226094114419 0
85 ec.gp.GPIndividual@1487212936{1915852159} 0.0 83664.0 8387.0 0.14534398473828544 85 ec.gp.GPIndividual@1393560942{1459674228} 5 28 21.0 0.0 0.0 0.14534398473828544 0
85 ec.gp.GPIndividual@1750739878{499755089} 0.0 105260.0 8387.0 0.8872051241993438 74660.0 10054.0 0.09568331012532326 2 3 21.0 0.0 5 22 21.0 0.0 0.8872051241993438 0
0.09568331012532326 0
85 ec.gp.GPIndividual@1393560942{1459674228} 0.0 105260.0 10087.0 0.8568454446317042 2 3 21.0 0.0 0.8568454446317042 0
85 ec.gp.GPIndividual@1393560942{1459674228} 0.0 105260.0 8317.0 0.8263797042202717 2 3 21.0 0.0 0.8263797042202717 0
85 ec.gp.GPIndividual@1869253509{-1565157629} 0.0 78455.0 10861.0 0.31654543780499034 5 28 21.0 0.0 0.31654543780499034 0
85 ec.gp.GPIndividual@1487212936{1915852159} 0.0 83918.0 14578.0 0.49087666346549597 5 28 21.0 0.0 0.49087666346549597 0
85 ec.gp.GPIndividual@1869253509{-1565157629} 0.0 78455.0 8160.0 0.09031862745098039 5 28 21.0 0.0 0.09031862745098039 0
85 ec.gp.GPIndividual@1869253509{-1565157629} 0.0 78702.0 12802.0 0.40087486330260896 5 28 21.0 0.0 0.40087486330260896 0
85 ec.gp.GPIndividual@1487212936{1915852159} 0.0 83664.0 10861.0 0.3400239388638247 5 28 21.0 0.0 0.3400239388638247 0
85 ec.gp.GPIndividual@1869253509{-1565157629} 0.0 78455.0 10087.0 0.2641023099038366 5 28 21.0 0.0 0.2641023099038366 0
85 ec.gp.GPIndividual@1750739878{499755089} 0.0 74660.0 8387.0 0.08405866221533326 5 22 21.0 0.0 0.08405866221533326 0
85 ec.gp.GPIndividual@1869253509{-1565157629} 0.0 78455.0 8317.0 0.10749068173620296 5 28 21.0 0.0 0.10749068173620296 0
85 ec.gp.GPIndividual@70365986{-1822292644} 0.0 101188.0 10054.0 0.7179232146409389 5 10 21.0 0.0 0.7179232146409389 0
85 ec.gp.GPIndividual@70365986{-1822292644} 0.0 101188.0 8387.0 0.6618576368188863 5 10 21.0 0.0 0.6618576368188863 0
85 ec.gp.GPIndividual@1487212936{1915852159} 0.0 83664.0 8160.0 0.12156862745098039 85 ec.gp.GPIndividual@70365986{-1822292644} 5 28 21.0 0.0 0.0 0.12156862745098039 0
101188.0 14578.0 0.805460282617643 5 10 21.0 0.0 0.805460282617643 0
85 ec.gp.GPIndividual@70365986{-1822292644} 0.0 101188.0 10861.0 0.7388822392044931 5 10 21.0 0.0 0.7388822392044931 0
85 ec.gp.GPIndividual@70365986{-1822292644} 0.0 101188.0 8160.0 0.6524509803921569 5 10 21.0 0.0 0.6524509803921569 0
85 ec.gp.GPIndividual@70365986{-1822292644} 0.0 101188.0 12802.0 0.7784721137322294 5 10 21.0 0.0 0.7784721137322294 0
85 ec.gp.GPIndividual@70365986{-1822292644} 0.0 101188.0 10087.0 0.7188460394567264 5 10 21.0 0.0 0.7188460394567264 0
85 ec.gp.GPIndividual@70365986{-1822292644} 0.0 101188.0 8317.0 0.6590116628592041 5 10 21.0 0.0 0.6590116628592041 0
85 ec.gp.GPIndividual@1487212936{1915852159} 0.0 83918.0 12802.0 0.42024683643180755 5 28 21.0 0.0 0.42024683643180755 0
85 ec.gp.GPIndividual@1487212936{1915852159} 0.0 83664.0 10087.0 0.28938237335183903 5 28 21.0 0.0 0.28938237335183903 0
85 ec.gp.GPIndividual@819467511{-1576523568} 0.0 74660.0 10054.0 0.09568331012532326 5 28 21.0 0.0 0.09568331012532326 0
85 ec.gp.GPIndividual@1487212936{1915852159} 0.0 83664.0 8317.0 0.13815077552001923 5 28 21.0 0.0 0.13815077552001923 0
85 ec.gp.GPIndividual@1750739878{499755089} 0.0 70800.0 14578.0 0.26629167238304297 5 22 21.0 0.0 0.26629167238304297 0
85 ec.gp.GPIndividual@819467511{-1576523568} 0.0 74660.0 8387.0 0.08405866221533326 5 28 21.0 0.0 0.08405866221533326 0
85 ec.gp.GPIndividual@1750739878{499755089} 0.0 74660.0 10861.0 0.16287634656109015 5 22 21.0 0.0 0.16287634656109015 0
85 ec.gp.GPIndividual@1750739878{499755089} 0.0 74660.0 8160.0 0.1142156862745098 5 22 21.0 0.0 0.1142156862745098 0
85 ec.gp.GPIndividual@819467511{-1576523568} 0.0 70800.0 14578.0 0.26629167238304297 5 28 21.0 0.0 0.26629167238304297 0
85 ec.gp.GPIndividual@1750739878{499755089} 0.0 75160.0 12802.0 0.2507420715513201 5 22 21.0 0.0 0.2507420715513201 0
85 ec.gp.GPIndividual@730341549{-1095011748} 1.0 52830.0 10054.0 0.45036801273125127 5 28 21.0 0.0 0.45036801273125127 0
85 ec.gp.GPIndividual@819467511{-1576523568} 0.0 74660.0 10861.0 0.16287634656109015 5 28 21.0 0.0 0.16287634656109015 0
85 ec.gp.GPIndividual@1750739878{499755089} 0.0 74660.0 10087.0 0.0986418161990681 5 22 21.0 0.0 0.0986418161990681 0
85 ec.gp.GPIndividual@819467511{-1576523568} 0.0 74660.0 8160.0 0.1142156862745098 5 28 21.0 0.0 0.1142156862745098 0
85 ec.gp.GPIndividual@1750739878{499755089} 0.0 74660.0 8317.0 0.09318263797042203 5 22 21.0 0.0 0.09318263797042203 0
85 ec.gp.GPIndividual@819467511{-1576523568} 0.0 75160.0 12802.0 0.2507420715513201 5 28 21.0 0.0 0.2507420715513201 0
85 ec.gp.GPIndividual@1435594008{1630480735} 0.0 74660.0 10054.0 0.09568331012532326 5 24 21.0 0.0 0.09568331012532326 0
85 ec.gp.GPIndividual@819467511{-1576523568} 0.0 74660.0 10087.0 0.0986418161990681 5 28 21.0 0.0 0.0986418161990681 0
85 ec.gp.GPIndividual@1435594008{1630480735} 0.0 74660.0 8387.0 0.08405866221533326 5 24 21.0 0.0 0.08405866221533326 0
85 ec.gp.GPIndividual@819467511{-1576523568} 0.0 74660.0 8317.0 0.09318263797042203 5 28 21.0 0.0 0.09318263797042203 0
85 ec.gp.GPIndividual@730341549{-1095011748} 1.0 52452.0 8387.0 0.6935733873852391 5 28 21.0 0.0 0.6935733873852391 0
85 ec.gp.GPIndividual@1435594008{1630480735} 0.0 70800.0 14578.0 0.26629167238304297 5 24 21.0 0.0 0.26629167238304297 0
85 ec.gp.GPIndividual@1435594008{1630480735} 0.0 74660.0 10861.0 0.16287634656109015 5 24 21.0 0.0 0.16287634656109015 0
85 ec.gp.GPIndividual@1435594008{1630480735} 0.0 74660.0 8160.0 0.1142156862745098 5 24 21.0 0.0 0.1142156862745098 0
85 ec.gp.GPIndividual@730341549{-1095011748} 0.0 64966.0 14578.0 0.2916723830429414 5 28 21.0 0.0 0.2916723830429414 0
85 ec.gp.GPIndividual@1435594008{1630480735} 0.0 75160.0 12802.0 0.2507420715513201 5 24 21.0 0.0 0.2507420715513201 0
85 ec.gp.GPIndividual@1435594008{1630480735} 0.0 74660.0 10087.0 0.0986418161990681 5 24 21.0 0.0 0.0986418161990681 0
85 ec.gp.GPIndividual@1435594008{1630480735} 0.0 74660.0 8317.0 0.09318263797042203 5 24 21.0 0.0 0.09318263797042203 0
85 ec.gp.GPIndividual@730341549{-1095011748} 0.0 61078.0 10861.0 0.09584752785194733 5 28 21.0 0.0 0.09584752785194733 0
85 ec.gp.GPIndividual@730341549{-1095011748} 1.0 52158.0 8160.0 0.7046568627450981 5 28 21.0 0.0 0.7046568627450981 0
85 ec.gp.GPIndividual@730341549{-1095011748} 0.0 65346.0 12802.0 0.16372441805967816 5 28 21.0 0.0 0.16372441805967816 0
85 ec.gp.GPIndividual@730341549{-1095011748} 1.0 52922.0 10087.0 0.4547437295528899 5 28 21.0 0.0 0.4547437295528899 0
85 ec.gp.GPIndividual@730341549{-1095011748} 1.0 51688.0 8317.0 0.6159672958999639 5 28 21.0 0.0 0.6159672958999639 0
86 ec.gp.GPIndividual@25864969{-1404343472} 0.0 105260.0 10054.0 0.8563755719116769 1 1 21.0 0.0 0.8563755719116769 0
86 ec.gp.GPIndividual@1838159387{-1193385545} 86 ec.gp.GPIndividual@1931887662{483027469} 0.0 0.0 86 ec.gp.GPIndividual@25864969{-1404343472} 92076.0 8387.0 0.5372985876268151 92920.0 8387.0 0.45335189974139645 0.0 5 28 21.0 0.0 5 14 21.0 0.0 105260.0 8387.0 0.8278287826397996 0.5372985876268151 0
1 1 21.0 0.0 0.8278287826397996 0
0.45335189974139645 0
86 ec.gp.GPIndividual@25864969{-1404343472} 0.0 105260.0 14578.0 0.9009466319110989 86 ec.gp.GPIndividual@1838159387{-1193385545} 1 1 21.0 0.0 0.0 0.9009466319110989 0
86 ec.gp.GPIndividual@2108621844{-2070769934} 0.0 92076.0 14578.0 0.4453320615237868 86 ec.gp.GPIndividual@25864969{-1404343472} 92920.0 14578.0 0.45335189974139645 0.0 86 ec.gp.GPIndividual@1931887662{483027469} 5 22 21.0 0.0 5 28 21.0 0.0 0.0 0.45335189974139645 0
92920.0 8387.0 0.34470013115535947 5 14 21.0 0.0 0.34470013115535947 0
0.4453320615237868 0
105260.0 8387.0 0.8670472332197772 1 1 21.0 0.0 0.8670472332197772 0
86 ec.gp.GPIndividual@1931887662{483027469} 0.0 92920.0 14578.0 0.6229935519275621 5 14 21.0 0.0 86 ec.gp.GPIndividual@25864969{-1404343472} 0.6229935519275621 0
0.0 105260.0 8160.0 0.8230392156862745 1 1 21.0 0.0 0.8230392156862745 0
86 ec.gp.GPIndividual@25864969{-1404343472} 0.0 105260.0 12802.0 0.8872051241993438 1 1 21.0 0.0 0.8872051241993438 0
86 ec.gp.GPIndividual@1838159387{-1193385545} 0.0 86 ec.gp.GPIndividual@2108621844{-2070769934} 86 ec.gp.GPIndividual@25864969{-1404343472} 0.0 0.0 86 ec.gp.GPIndividual@1931887662{483027469} 105260.0 10861.0 0.8568454446317042 92920.0 10861.0 0.34470013115535947 1 1 21.0 0.0 5 22 21.0 0.0 0.8568454446317042 0
92076.0 10087.0 0.6808890108382494 86 ec.gp.GPIndividual@25864969{-1404343472} 0.0 105260.0 8317.0 0.8263797042202717 0.34470013115535947 0
0.0 92920.0 8317.0 0.4939692477672406 5 14 21.0 0.0 5 28 21.0 0.0 0.4939692477672406 0
1 1 21.0 0.0 0.8263797042202717 0
0.6808890108382494 0
86 ec.gp.GPIndividual@1931887662{483027469} 0.0 92920.0 8160.0 0.3264705882352941 5 14 21.0 0.0 0.3264705882352941 0
86 ec.gp.GPIndividual@1729169828{1919448841} 0.0 77757.0 10054.0 0.3311119952257808 5 26 21.0 0.0 0.3311119952257808 0
86 ec.gp.GPIndividual@2108621844{-2070769934} 0.0 92920.0 14578.0 0.6229935519275621 5 22 21.0 0.0 0.6229935519275621 0
86 ec.gp.GPIndividual@1838159387{-1193385545} 0.0 92076.0 10861.0 0.5716784826443237 5 28 21.0 0.0 0.5716784826443237 0
86 ec.gp.GPIndividual@1931887662{483027469} 0.0 92920.0 12802.0 0.5706920793625996 86 ec.gp.GPIndividual@1729169828{1919448841} 5 14 21.0 0.0 0.0 0.5706920793625996 0
77757.0 12802.0 0.19816382496721116 5 26 21.0 0.0 0.19816382496721116 0
86 ec.gp.GPIndividual@1838159387{-1193385545} 0.0 92076.0 8160.0 0.42990196078431375 5 28 21.0 0.0 0.42990196078431375 0
86 ec.gp.GPIndividual@1931887662{483027469} 0.0 92920.0 10087.0 0.4551402795677605 5 14 21.0 0.0 86 ec.gp.GPIndividual@2108621844{-2070769934} 86 ec.gp.GPIndividual@1729169828{1919448841} 0.0 0.0 0.4551402795677605 0
92920.0 14578.0 0.4939692477672406 5 22 21.0 0.0 0.4939692477672406 0
77842.0 14578.0 0.532857730827274 86 ec.gp.GPIndividual@1838159387{-1193385545} 0.0 5 26 21.0 0.0 92076.0 12802.0 0.6366192782377753 0.532857730827274 0
5 28 21.0 0.0 86 ec.gp.GPIndividual@1931887662{483027469} 0.6366192782377753 0
0.0 92920.0 8317.0 0.33918480221233616 5 14 21.0 0.0 0.33918480221233616 0
86 ec.gp.GPIndividual@1729169828{1919448841} 0.0 77757.0 10861.0 0.38081207991897614 5 26 21.0 0.0 0.38081207991897614 0
86 ec.gp.GPIndividual@1838159387{-1193385545} 0.0 92076.0 10087.0 0.5388123327054625 86 ec.gp.GPIndividual@2108621844{-2070769934} 5 28 21.0 0.0 0.0 0.5388123327054625 0
92920.0 8160.0 0.3264705882352941 86 ec.gp.GPIndividual@1729169828{1919448841} 5 22 21.0 0.0 0.0 0.3264705882352941 0
77757.0 8160.0 0.17585784313725492 5 26 21.0 0.0 0.17585784313725492 0
86 ec.gp.GPIndividual@1838159387{-1193385545} 0.0 92076.0 8317.0 0.4406637008536732 5 28 21.0 0.0 0.4406637008536732 0
86 ec.gp.GPIndividual@1729169828{1919448841} 0.0 77791.0 12802.0 0.47203561943446337 5 26 21.0 0.0 0.47203561943446337 0
86 ec.gp.GPIndividual@1743651474{124220866} 0.0 92920.0 10054.0 0.45335189974139645 5 26 21.0 0.0 0.45335189974139645 0
86 ec.gp.GPIndividual@2108621844{-2070769934} 0.0 92920.0 12802.0 0.5706920793625996 5 22 21.0 0.0 0.5706920793625996 0
86 ec.gp.GPIndividual@1729169828{1919448841} 0.0 77757.0 10087.0 0.3333002874987608 5 26 21.0 0.0 0.3333002874987608 0
86 ec.gp.GPIndividual@1729169828{1919448841} 0.0 77757.0 8317.0 0.19141517374053144 5 26 21.0 0.0 0.19141517374053144 0
86 ec.gp.GPIndividual@2108621844{-2070769934} 0.0 86 ec.gp.GPIndividual@1743651474{124220866} 92920.0 8387.0 0.4551402795677605 0.0 5 22 21.0 0.0 92920.0 8387.0 0.34470013115535947 0.4551402795677605 0
5 26 21.0 0.0 0.34470013115535947 0
86 ec.gp.GPIndividual@2108621844{-2070769934} 0.0 92920.0 8317.0 0.33918480221233616 5 22 21.0 0.0 0.33918480221233616 0
86 ec.gp.GPIndividual@1743651474{124220866} 0.0 92920.0 14578.0 0.6229935519275621 5 26 21.0 0.0 0.6229935519275621 0
86 ec.gp.GPIndividual@1743651474{124220866} 0.0 92920.0 10861.0 0.4939692477672406 5 26 21.0 0.0 0.4939692477672406 0
86 ec.gp.GPIndividual@1743651474{124220866} 0.0 92920.0 8160.0 0.3264705882352941 5 26 21.0 0.0 0.3264705882352941 0
86 ec.gp.GPIndividual@1743651474{124220866} 0.0 92920.0 12802.0 0.5706920793625996 5 26 21.0 0.0 0.5706920793625996 0
86 ec.gp.GPIndividual@1743651474{124220866} 0.0 92920.0 10087.0 0.4551402795677605 5 26 21.0 0.0 0.4551402795677605 0
86 ec.gp.GPIndividual@1743651474{124220866} 0.0 92920.0 8317.0 0.33918480221233616 5 26 21.0 0.0 0.33918480221233616 0
86 ec.gp.GPIndividual@331594136{1658631084} 1.0 17020.0 10054.0 0.6928585637557191 5 28 21.0 0.0 0.6928585637557191 0
86 ec.gp.GPIndividual@331594136{1658631084} 1.0 17667.0 8387.0 1.1064743054727555 5 28 21.0 0.0 1.1064743054727555 0
86 ec.gp.GPIndividual@331594136{1658631084} 2.0 18079.0 14578.0 0.2401564000548772 5 28 21.0 0.0 0.2401564000548772 0
86 ec.gp.GPIndividual@331594136{1658631084} 1.0 17122.0 10861.0 0.5764662554092626 5 28 21.0 0.0 0.5764662554092626 0
86 ec.gp.GPIndividual@331594136{1658631084} 1.0 17361.0 8160.0 1.1275735294117648 5 28 21.0 0.0 1.1275735294117648 0
86 ec.gp.GPIndividual@331594136{1658631084} 1.0 17591.0 12802.0 0.3740821746602093 5 28 21.0 0.0 0.3740821746602093 0
86 ec.gp.GPIndividual@331594136{1658631084} 1.0 15684.0 10087.0 0.5548726083077228 5 28 21.0 0.0 0.5548726083077228 0
86 ec.gp.GPIndividual@331594136{1658631084} 1.0 17571.0 8317.0 1.1126608151977877 5 28 21.0 0.0 1.1126608151977877 0
86 ec.gp.GPIndividual@1089191411{-1110540553} 0.0 75160.0 10054.0 0.045951859956236324 5 22 21.0 0.0 0.045951859956236324 0
86 ec.gp.GPIndividual@1089191411{-1110540553} 0.0 75160.0 8387.0 0.14367473470847741 5 22 21.0 0.0 0.14367473470847741 0
86 ec.gp.GPIndividual@1089191411{-1110540553} 0.0 79222.0 14578.0 0.43819453971738237 5 22 21.0 0.0 0.43819453971738237 0
86 ec.gp.GPIndividual@1089191411{-1110540553} 0.0 75160.0 10861.0 0.1168400699751404 5 22 21.0 0.0 0.1168400699751404 0
86 ec.gp.GPIndividual@1089191411{-1110540553} 0.0 78900.0 8160.0 0.035784313725490194 5 22 21.0 0.0 0.035784313725490194 0
86 ec.gp.GPIndividual@1089191411{-1110540553} 0.0 79400.0 12802.0 0.34635213247930013 5 22 21.0 0.0 0.34635213247930013 0
86 ec.gp.GPIndividual@1089191411{-1110540553} 0.0 75160.0 10087.0 0.04907306434023991 5 22 21.0 0.0 0.04907306434023991 0
86 ec.gp.GPIndividual@1089191411{-1110540553} 0.0 78900.0 8317.0 0.05398581219189612 5 22 21.0 0.0 0.05398581219189612 0
87 ec.gp.GPIndividual@848284466{-1888649339} 0.0 71140.0 10054.0 0.44579271931569525 5 22 21.0 0.0 0.44579271931569525 0
87 ec.gp.GPIndividual@713846795{-1611477001} 0.0 88682.0 10054.0 0.3314103839267953 5 20 21.0 0.0 0.3314103839267953 0
87 ec.gp.GPIndividual@848284466{-1888649339} 0.0 71140.0 8387.0 0.33563848813640157 5 22 21.0 0.0 0.33563848813640157 0
87 ec.gp.GPIndividual@848284466{-1888649339} 0.0 71350.0 14578.0 0.6033749485526135 5 22 21.0 0.0 0.6033749485526135 0
87 ec.gp.GPIndividual@713846795{-1611477001} 0.0 88682.0 8387.0 0.19852152140217003 5 20 21.0 0.0 0.19852152140217003 0
87 ec.gp.GPIndividual@848284466{-1888649339} 0.0 71140.0 10861.0 0.48697173372617625 5 22 21.0 0.0 0.48697173372617625 0
87 ec.gp.GPIndividual@713846795{-1611477001} 0.0 88682.0 14578.0 0.538894224173412 5 20 21.0 0.0 0.538894224173412 0
87 ec.gp.GPIndividual@848284466{-1888649339} 0.0 71140.0 8160.0 0.317156862745098 5 22 21.0 0.0 0.317156862745098 0
87 ec.gp.GPIndividual@848284466{-1888649339} 0.0 71268.0 12802.0 0.5547570692079362 5 22 21.0 0.0 0.5547570692079362 0
87 ec.gp.GPIndividual@713846795{-1611477001} 0.0 88682.0 10861.0 0.38108829757849183 5 20 21.0 0.0 0.38108829757849183 0
87 ec.gp.GPIndividual@848284466{-1888649339} 0.0 71140.0 10087.0 0.4476058292852186 5 22 21.0 0.0 0.4476058292852186 0
87 ec.gp.GPIndividual@713846795{-1611477001} 0.0 88682.0 8160.0 0.17622549019607844 5 20 21.0 0.0 0.17622549019607844 0
87 ec.gp.GPIndividual@848284466{-1888649339} 0.0 71140.0 8317.0 0.33004689190813996 5 22 21.0 0.0 0.33004689190813996 0
87 ec.gp.GPIndividual@1720099674{499755089} 0.0 74660.0 10054.0 0.09568331012532326 5 22 21.0 0.0 0.09568331012532326 0
87 ec.gp.GPIndividual@713846795{-1611477001} 0.0 88682.0 12802.0 0.47492579284486797 5 20 21.0 0.0 0.47492579284486797 0
87 ec.gp.GPIndividual@713846795{-1611477001} 0.0 88682.0 10087.0 0.33359770000991373 5 20 21.0 0.0 0.33359770000991373 0
87 ec.gp.GPIndividual@713846795{-1611477001} 0.0 88682.0 8317.0 0.1917758807262234 5 20 21.0 0.0 0.1917758807262234 0
87 ec.gp.GPIndividual@326823895{-630343827} 0.0 74660.0 10054.0 0.09568331012532326 5 24 21.0 0.0 0.09568331012532326 0
87 ec.gp.GPIndividual@1720099674{499755089} 0.0 74660.0 8387.0 0.08405866221533326 5 22 21.0 0.0 0.08405866221533326 0
87 ec.gp.GPIndividual@326823895{-630343827} 0.0 74660.0 8387.0 0.08405866221533326 5 24 21.0 0.0 0.08405866221533326 0
87 ec.gp.GPIndividual@1720099674{499755089} 0.0 70800.0 14578.0 0.26629167238304297 5 22 21.0 0.0 0.26629167238304297 0
87 ec.gp.GPIndividual@326823895{-630343827} 0.0 70800.0 14578.0 0.26629167238304297 5 24 21.0 0.0 0.26629167238304297 0
87 ec.gp.GPIndividual@1720099674{499755089} 0.0 74660.0 10861.0 0.16287634656109015 5 22 21.0 0.0 0.16287634656109015 0
87 ec.gp.GPIndividual@1428067779{-1790000277} 1.0 18553.0 10054.0 0.8453351899741397 5 30 21.0 0.0 0.8453351899741397 0
87 ec.gp.GPIndividual@326823895{-630343827} 0.0 74660.0 10861.0 0.16287634656109015 5 24 21.0 0.0 0.16287634656109015 0
87 ec.gp.GPIndividual@1720099674{499755089} 0.0 74660.0 8160.0 0.1142156862745098 5 22 21.0 0.0 0.1142156862745098 0
87 ec.gp.GPIndividual@1590690514{652364924} 1.0 19227.0 10054.0 0.9123731848020689 5 28 21.0 0.0 0.9123731848020689 0
87 ec.gp.GPIndividual@326823895{-630343827} 0.0 74660.0 8160.0 0.1142156862745098 5 24 21.0 0.0 0.1142156862745098 0
87 ec.gp.GPIndividual@1720099674{499755089} 0.0 75160.0 12802.0 0.2507420715513201 5 22 21.0 0.0 0.2507420715513201 0
87 ec.gp.GPIndividual@326823895{-630343827} 0.0 75160.0 12802.0 0.2507420715513201 5 24 21.0 0.0 0.2507420715513201 0
87 ec.gp.GPIndividual@1720099674{499755089} 0.0 74660.0 10087.0 0.0986418161990681 5 22 21.0 0.0 0.0986418161990681 0
87 ec.gp.GPIndividual@326823895{-630343827} 0.0 74660.0 10087.0 0.0986418161990681 5 24 21.0 0.0 0.0986418161990681 0
87 ec.gp.GPIndividual@1720099674{499755089} 0.0 74660.0 8317.0 0.09318263797042203 5 22 21.0 0.0 0.09318263797042203 0
87 ec.gp.GPIndividual@1428067779{-1790000277} 1.0 17897.0 8387.0 1.1338976988196017 5 30 21.0 0.0 1.1338976988196017 0
87 ec.gp.GPIndividual@326823895{-630343827} 0.0 74660.0 8317.0 0.09318263797042203 5 24 21.0 0.0 0.09318263797042203 0
87 ec.gp.GPIndividual@1561012908{1630480735} 0.0 74660.0 10054.0 0.09568331012532326 5 24 21.0 0.0 0.09568331012532326 0
87 ec.gp.GPIndividual@1286520569{-5675063} 0.0 74660.0 10054.0 0.09568331012532326 5 28 21.0 0.0 0.09568331012532326 0
87 ec.gp.GPIndividual@1561012908{1630480735} 0.0 74660.0 8387.0 0.08405866221533326 5 24 21.0 0.0 0.08405866221533326 0
87 ec.gp.GPIndividual@1286520569{-5675063} 0.0 74660.0 8387.0 0.08405866221533326 5 28 21.0 0.0 0.08405866221533326 0
87 ec.gp.GPIndividual@1590690514{652364924} 1.0 19462.0 8387.0 1.320496005723143 5 28 21.0 0.0 1.320496005723143 0
87 ec.gp.GPIndividual@1561012908{1630480735} 0.0 70800.0 14578.0 0.26629167238304297 5 24 21.0 0.0 0.26629167238304297 0
87 ec.gp.GPIndividual@1286520569{-5675063} 0.0 70800.0 14578.0 0.26629167238304297 5 28 21.0 0.0 0.26629167238304297 0
87 ec.gp.GPIndividual@1561012908{1630480735} 0.0 74660.0 10861.0 0.16287634656109015 5 24 21.0 0.0 0.16287634656109015 0
87 ec.gp.GPIndividual@1286520569{-5675063} 0.0 74660.0 10861.0 0.16287634656109015 5 28 21.0 0.0 0.16287634656109015 0
87 ec.gp.GPIndividual@1561012908{1630480735} 0.0 74660.0 8160.0 0.1142156862745098 5 24 21.0 0.0 0.1142156862745098 0
87 ec.gp.GPIndividual@1286520569{-5675063} 0.0 74660.0 8160.0 0.1142156862745098 5 28 21.0 0.0 0.1142156862745098 0
87 ec.gp.GPIndividual@1561012908{1630480735} 0.0 75160.0 12802.0 0.2507420715513201 5 24 21.0 0.0 0.2507420715513201 0
87 ec.gp.GPIndividual@1428067779{-1790000277} 1.0 17957.0 14578.0 0.2317876251886404 5 30 21.0 0.0 0.2317876251886404 0
87 ec.gp.GPIndividual@1286520569{-5675063} 0.0 75160.0 12802.0 0.2507420715513201 5 28 21.0 0.0 0.2507420715513201 0
87 ec.gp.GPIndividual@1561012908{1630480735} 0.0 74660.0 10087.0 0.0986418161990681 5 24 21.0 0.0 0.0986418161990681 0
87 ec.gp.GPIndividual@1286520569{-5675063} 0.0 74660.0 10087.0 0.0986418161990681 5 28 21.0 0.0 0.0986418161990681 0
87 ec.gp.GPIndividual@1561012908{1630480735} 0.0 74660.0 8317.0 0.09318263797042203 5 24 21.0 0.0 0.09318263797042203 0
87 ec.gp.GPIndividual@1286520569{-5675063} 0.0 74660.0 8317.0 0.09318263797042203 5 28 21.0 0.0 0.09318263797042203 0
87 ec.gp.GPIndividual@1590690514{652364924} 2.0 18572.0 14578.0 0.27397448209630954 5 28 21.0 0.0 0.27397448209630954 0
87 ec.gp.GPIndividual@1428067779{-1790000277} 1.0 17255.0 10861.0 0.5887119049811251 5 30 21.0 0.0 0.5887119049811251 0
87 ec.gp.GPIndividual@1428067779{-1790000277} 1.0 18571.0 8160.0 1.275857843137255 5 30 21.0 0.0 1.275857843137255 0
87 ec.gp.GPIndividual@1590690514{652364924} 1.0 18798.0 10861.0 0.730779854525366 5 28 21.0 0.0 0.730779854525366 0
87 ec.gp.GPIndividual@1428067779{-1790000277} 1.0 15858.0 12802.0 0.2387127011404468 5 30 21.0 0.0 0.2387127011404468 0
87 ec.gp.GPIndividual@1590690514{652364924} 1.0 19462.0 8160.0 1.385049019607843 5 28 21.0 0.0 1.385049019607843 0
87 ec.gp.GPIndividual@1428067779{-1790000277} 1.0 17126.0 10087.0 0.6978288886685833 5 30 21.0 0.0 0.6978288886685833 0
87 ec.gp.GPIndividual@1590690514{652364924} 2.0 18472.0 12802.0 0.4428995469457897 5 28 21.0 0.0 0.4428995469457897 0
87 ec.gp.GPIndividual@1428067779{-1790000277} 1.0 18504.0 8317.0 1.224840687747986 5 30 21.0 0.0 1.224840687747986 0
87 ec.gp.GPIndividual@16902535{67748762} 0.0 92920.0 10054.0 0.45335189974139645 5 24 21.0 0.0 0.45335189974139645 0
87 ec.gp.GPIndividual@16902535{67748762} 0.0 92920.0 8387.0 0.34470013115535947 5 24 21.0 0.0 0.34470013115535947 0
87 ec.gp.GPIndividual@16902535{67748762} 0.0 92920.0 14578.0 0.6229935519275621 5 24 21.0 0.0 0.6229935519275621 0
87 ec.gp.GPIndividual@16902535{67748762} 0.0 92920.0 10861.0 0.4939692477672406 5 24 21.0 0.0 0.4939692477672406 0
87 ec.gp.GPIndividual@16902535{67748762} 0.0 92920.0 8160.0 0.3264705882352941 5 24 21.0 0.0 0.3264705882352941 0
87 ec.gp.GPIndividual@16902535{67748762} 0.0 92920.0 12802.0 0.5706920793625996 5 24 21.0 0.0 0.5706920793625996 0
87 ec.gp.GPIndividual@16902535{67748762} 0.0 92920.0 10087.0 0.4551402795677605 5 24 21.0 0.0 0.4551402795677605 0
87 ec.gp.GPIndividual@16902535{67748762} 0.0 92920.0 8317.0 0.33918480221233616 5 24 21.0 0.0 0.33918480221233616 0
87 ec.gp.GPIndividual@1590690514{652364924} 1.0 19540.0 10087.0 0.9371468226430059 5 28 21.0 0.0 0.9371468226430059 0
87 ec.gp.GPIndividual@1590690514{652364924} 1.0 19462.0 8317.0 1.3400264518456173 5 28 21.0 0.0 1.3400264518456173 0
87 ec.gp.GPIndividual@16207293{1957950502} 0.0 79122.0 10054.0 0.19534513626417346 5 26 21.0 0.0 0.19534513626417346 0
87 ec.gp.GPIndividual@16207293{1957950502} 0.0 79122.0 8387.0 0.03541194706092762 5 26 21.0 0.0 0.03541194706092762 0
87 ec.gp.GPIndividual@16207293{1957950502} 0.0 87078.0 14578.0 0.6489230347098367 5 26 21.0 0.0 0.6489230347098367 0
87 ec.gp.GPIndividual@16207293{1957950502} 0.0 79122.0 10861.0 0.2551330448393334 5 26 21.0 0.0 0.2551330448393334 0
87 ec.gp.GPIndividual@16207293{1957950502} 0.0 83138.0 8160.0 0.1860294117647059 5 26 21.0 0.0 0.1860294117647059 0
87 ec.gp.GPIndividual@16207293{1957950502} 0.0 83360.0 12802.0 0.4638337759725043 5 26 21.0 0.0 0.4638337759725043 0
87 ec.gp.GPIndividual@16207293{1957950502} 0.0 79122.0 10087.0 0.1979775949241598 5 26 21.0 0.0 0.1979775949241598 0
87 ec.gp.GPIndividual@16207293{1957950502} 0.0 83138.0 8317.0 0.2013947336780089 5 26 21.0 0.0 0.2013947336780089 0
88 ec.gp.GPIndividual@1195477903{-333173188} 0.0 101188.0 10054.0 0.7179232146409389 3 5 21.0 0.0 0.7179232146409389 0
88 ec.gp.GPIndividual@1195477903{-333173188} 0.0 101188.0 8387.0 0.6618576368188863 3 5 21.0 0.0 0.6618576368188863 0
88 ec.gp.GPIndividual@1195477903{-333173188} 0.0 101188.0 14578.0 0.805460282617643 3 5 21.0 0.0 0.805460282617643 0
88 ec.gp.GPIndividual@1195477903{-333173188} 0.0 101188.0 10861.0 0.7388822392044931 3 5 21.0 0.0 0.7388822392044931 0
88 ec.gp.GPIndividual@1195477903{-333173188} 0.0 101188.0 8160.0 0.6524509803921569 3 5 21.0 0.0 0.6524509803921569 0
88 ec.gp.GPIndividual@1195477903{-333173188} 0.0 101188.0 12802.0 0.7784721137322294 3 5 21.0 0.0 0.7784721137322294 0
88 ec.gp.GPIndividual@1195477903{-333173188} 0.0 101188.0 10087.0 0.7188460394567264 3 5 21.0 0.0 0.7188460394567264 0
88 ec.gp.GPIndividual@1195477903{-333173188} 0.0 101188.0 8317.0 0.6590116628592041 3 5 21.0 0.0 0.6590116628592041 0
88 ec.gp.GPIndividual@1949297358{-1215769514} 0.0 74660.0 10054.0 0.09568331012532326 5 22 21.0 0.0 0.09568331012532326 0
88 ec.gp.GPIndividual@1384359311{499755089} 0.0 74660.0 10054.0 0.09568331012532326 5 22 21.0 0.0 0.09568331012532326 0
88 ec.gp.GPIndividual@1235520732{-5675063} 0.0 74660.0 10054.0 0.09568331012532326 5 28 21.0 0.0 0.09568331012532326 0
88 ec.gp.GPIndividual@1093762745{1029445679} 0.0 70392.0 10054.0 0.023274318679132683 5 24 21.0 0.0 0.023274318679132683 0
88 ec.gp.GPIndividual@1228993926{-280611166} 0.0 74660.0 10054.0 0.09568331012532326 5 20 21.0 0.0 0.09568331012532326 0
88 ec.gp.GPIndividual@1949297358{-1215769514} 0.0 74660.0 8387.0 0.08405866221533326 5 22 21.0 0.0 0.08405866221533326 0
88 ec.gp.GPIndividual@1384359311{499755089} 0.0 74660.0 8387.0 0.08405866221533326 5 22 21.0 0.0 0.08405866221533326 0
88 ec.gp.GPIndividual@1235520732{-5675063} 0.0 74660.0 8387.0 0.08405866221533326 5 28 21.0 0.0 0.08405866221533326 0
88 ec.gp.GPIndividual@1228993926{-280611166} 0.0 74660.0 8387.0 0.08405866221533326 5 20 21.0 0.0 0.08405866221533326 0
88 ec.gp.GPIndividual@1093762745{1029445679} 0.0 70392.0 8387.0 0.22666030761893408 5 24 21.0 0.0 0.22666030761893408 0
88 ec.gp.GPIndividual@1949297358{-1215769514} 0.0 70800.0 14578.0 0.26629167238304297 5 22 21.0 0.0 0.26629167238304297 0
88 ec.gp.GPIndividual@1384359311{499755089} 0.0 70800.0 14578.0 0.26629167238304297 5 22 21.0 0.0 0.26629167238304297 0
88 ec.gp.GPIndividual@1235520732{-5675063} 0.0 70800.0 14578.0 0.26629167238304297 5 28 21.0 0.0 0.26629167238304297 0
88 ec.gp.GPIndividual@1228993926{-280611166} 0.0 70800.0 14578.0 0.26629167238304297 5 20 21.0 0.0 0.26629167238304297 0
88 ec.gp.GPIndividual@1949297358{-1215769514} 0.0 74660.0 10861.0 0.16287634656109015 5 22 21.0 0.0 0.16287634656109015 0
88 ec.gp.GPIndividual@1384359311{499755089} 0.0 74660.0 10861.0 0.16287634656109015 5 22 21.0 0.0 0.16287634656109015 0
88 ec.gp.GPIndividual@1235520732{-5675063} 0.0 74660.0 10861.0 0.16287634656109015 5 28 21.0 0.0 0.16287634656109015 0
88 ec.gp.GPIndividual@1093762745{1029445679} 0.0 66500.0 14578.0 0.18644532857730828 5 24 21.0 0.0 0.18644532857730828 0
88 ec.gp.GPIndividual@1228993926{-280611166} 0.0 74660.0 10861.0 0.16287634656109015 5 20 21.0 0.0 0.16287634656109015 0
88 ec.gp.GPIndividual@1949297358{-1215769514} 0.0 74660.0 8160.0 0.1142156862745098 5 22 21.0 0.0 0.1142156862745098 0
88 ec.gp.GPIndividual@1384359311{499755089} 0.0 74660.0 8160.0 0.1142156862745098 5 22 21.0 0.0 0.1142156862745098 0
88 ec.gp.GPIndividual@1235520732{-5675063} 0.0 74660.0 8160.0 0.1142156862745098 5 28 21.0 0.0 0.1142156862745098 0
88 ec.gp.GPIndividual@1228993926{-280611166} 0.0 74660.0 8160.0 0.1142156862745098 5 20 21.0 0.0 0.1142156862745098 0
88 ec.gp.GPIndividual@1949297358{-1215769514} 0.0 75160.0 12802.0 0.2507420715513201 5 22 21.0 0.0 0.2507420715513201 0
88 ec.gp.GPIndividual@1093762745{1029445679} 0.0 70392.0 10861.0 0.05275757296749839 5 24 21.0 0.0 0.05275757296749839 0
88 ec.gp.GPIndividual@1384359311{499755089} 0.0 75160.0 12802.0 0.2507420715513201 5 22 21.0 0.0 0.2507420715513201 0
88 ec.gp.GPIndividual@1235520732{-5675063} 0.0 75160.0 12802.0 0.2507420715513201 5 28 21.0 0.0 0.2507420715513201 0
88 ec.gp.GPIndividual@1228993926{-280611166} 0.0 75160.0 12802.0 0.2507420715513201 5 20 21.0 0.0 0.2507420715513201 0
88 ec.gp.GPIndividual@1949297358{-1215769514} 0.0 74660.0 10087.0 0.0986418161990681 5 22 21.0 0.0 0.0986418161990681 0
88 ec.gp.GPIndividual@1384359311{499755089} 0.0 74660.0 10087.0 0.0986418161990681 5 22 21.0 0.0 0.0986418161990681 0
88 ec.gp.GPIndividual@1235520732{-5675063} 0.0 74660.0 10087.0 0.0986418161990681 5 28 21.0 0.0 0.0986418161990681 0
88 ec.gp.GPIndividual@1093762745{1029445679} 0.0 70392.0 8160.0 0.2607843137254902 5 24 21.0 0.0 0.2607843137254902 0
88 ec.gp.GPIndividual@1228993926{-280611166} 0.0 74660.0 10087.0 0.0986418161990681 5 20 21.0 0.0 0.0986418161990681 0
88 ec.gp.GPIndividual@1949297358{-1215769514} 0.0 74660.0 8317.0 0.09318263797042203 5 22 21.0 0.0 0.09318263797042203 0
88 ec.gp.GPIndividual@1384359311{499755089} 0.0 74660.0 8317.0 0.09318263797042203 5 22 21.0 0.0 0.09318263797042203 0
88 ec.gp.GPIndividual@1235520732{-5675063} 0.0 74660.0 8317.0 0.09318263797042203 5 28 21.0 0.0 0.09318263797042203 0
88 ec.gp.GPIndividual@1228993926{-280611166} 0.0 74660.0 8317.0 0.09318263797042203 5 20 21.0 0.0 0.09318263797042203 0
88 ec.gp.GPIndividual@1093762745{1029445679} 0.0 70800.0 12802.0 0.16450554600843617 5 24 21.0 0.0 0.16450554600843617 0
88 ec.gp.GPIndividual@14015289{2082668847} 0.0 74660.0 10054.0 0.09568331012532326 5 22 21.0 0.0 0.09568331012532326 0
88 ec.gp.GPIndividual@87951489{499755089} 0.0 74660.0 10054.0 0.09568331012532326 5 22 21.0 0.0 0.09568331012532326 0
88 ec.gp.GPIndividual@1093762745{1029445679} 0.0 70392.0 10087.0 0.019926638247248933 88 ec.gp.GPIndividual@14015289{2082668847} 5 24 21.0 0.0 0.0 0.019926638247248933 0
88 ec.gp.GPIndividual@87951489{499755089} 0.0 74660.0 8387.0 0.08405866221533326 5 22 21.0 0.0 74660.0 8387.0 0.08405866221533326 0.08405866221533326 0
5 22 21.0 0.0 0.08405866221533326 0
88 ec.gp.GPIndividual@1093762745{1029445679} 0.0 70392.0 8317.0 0.23698448959961524 5 24 21.0 0.0 0.23698448959961524 0
88 ec.gp.GPIndividual@87951489{499755089} 0.0 70800.0 14578.0 0.26629167238304297 5 22 21.0 0.0 0.26629167238304297 0
88 ec.gp.GPIndividual@14015289{2082668847} 0.0 70800.0 14578.0 0.26629167238304297 5 22 21.0 0.0 0.26629167238304297 0
88 ec.gp.GPIndividual@1448873631{499755089} 0.0 74660.0 10054.0 0.09568331012532326 5 22 21.0 0.0 0.09568331012532326 0
88 ec.gp.GPIndividual@87951489{499755089} 0.0 74660.0 10861.0 0.16287634656109015 5 22 21.0 0.0 0.16287634656109015 0
88 ec.gp.GPIndividual@14015289{2082668847} 0.0 74660.0 10861.0 0.16287634656109015 5 22 21.0 0.0 0.16287634656109015 0
88 ec.gp.GPIndividual@1448873631{499755089} 0.0 74660.0 8387.0 0.08405866221533326 5 22 21.0 0.0 0.08405866221533326 0
88 ec.gp.GPIndividual@87951489{499755089} 0.0 74660.0 8160.0 0.1142156862745098 5 22 21.0 0.0 0.1142156862745098 0
88 ec.gp.GPIndividual@14015289{2082668847} 0.0 74660.0 8160.0 0.1142156862745098 5 22 21.0 0.0 0.1142156862745098 0
88 ec.gp.GPIndividual@87951489{499755089} 0.0 75160.0 12802.0 0.2507420715513201 5 22 21.0 0.0 0.2507420715513201 0
88 ec.gp.GPIndividual@14015289{2082668847} 0.0 75160.0 12802.0 0.2507420715513201 5 22 21.0 0.0 0.2507420715513201 0
88 ec.gp.GPIndividual@1448873631{499755089} 0.0 70800.0 14578.0 0.26629167238304297 5 22 21.0 0.0 0.26629167238304297 0
88 ec.gp.GPIndividual@87951489{499755089} 0.0 74660.0 10087.0 0.0986418161990681 5 22 21.0 0.0 0.0986418161990681 0
88 ec.gp.GPIndividual@14015289{2082668847} 0.0 74660.0 10087.0 0.0986418161990681 5 22 21.0 0.0 0.0986418161990681 0
88 ec.gp.GPIndividual@1448873631{499755089} 0.0 74660.0 10861.0 0.16287634656109015 5 22 21.0 0.0 0.16287634656109015 0
88 ec.gp.GPIndividual@87951489{499755089} 0.0 74660.0 8317.0 0.09318263797042203 5 22 21.0 0.0 0.09318263797042203 0
88 ec.gp.GPIndividual@14015289{2082668847} 0.0 74660.0 8317.0 0.09318263797042203 5 22 21.0 0.0 0.09318263797042203 0
88 ec.gp.GPIndividual@1448873631{499755089} 0.0 74660.0 8160.0 0.1142156862745098 5 22 21.0 0.0 0.1142156862745098 0
88 ec.gp.GPIndividual@1448873631{499755089} 0.0 75160.0 12802.0 0.2507420715513201 5 22 21.0 0.0 0.2507420715513201 0
88 ec.gp.GPIndividual@1448873631{499755089} 0.0 74660.0 10087.0 0.0986418161990681 5 22 21.0 0.0 0.0986418161990681 0
88 ec.gp.GPIndividual@1448873631{499755089} 0.0 74660.0 8317.0 0.09318263797042203 5 22 21.0 0.0 0.09318263797042203 0
89 ec.gp.GPIndividual@1412049548{-962560188} 0.0 86203.0 10054.0 0.5779789138651283 5 12 21.0 0.0 0.5779789138651283 0
89 ec.gp.GPIndividual@1415175544{-1134083213} 0.0 89 ec.gp.GPIndividual@147083284{991194796} 105260.0 10054.0 0.8563755719116769 0.0 5 18 21.0 0.0 92920.0 10054.0 0.45335189974139645 0.8563755719116769 0
5 10 21.0 0.0 0.45335189974139645 0
89 ec.gp.GPIndividual@1415175544{-1134083213} 0.0 89 ec.gp.GPIndividual@1412049548{-962560188} 105260.0 8387.0 0.8278287826397996 0.0 5 18 21.0 0.0 86203.0 8387.0 0.4940980088231787 0.8278287826397996 0
89 ec.gp.GPIndividual@147083284{991194796} 0.0 92920.0 8387.0 0.34470013115535947 5 12 21.0 0.0 5 10 21.0 0.0 89 ec.gp.GPIndividual@1415175544{-1134083213} 0.4940980088231787 0
0.34470013115535947 0
0.0 105260.0 14578.0 0.9009466319110989 5 18 21.0 0.0 0.9009466319110989 0
89 ec.gp.GPIndividual@147083284{991194796} 0.0 92920.0 14578.0 0.6229935519275621 89 ec.gp.GPIndividual@1412049548{-962560188} 5 10 21.0 0.0 0.0 0.6229935519275621 0
89 ec.gp.GPIndividual@1415175544{-1134083213} 0.0 105260.0 10861.0 0.8670472332197772 86288.0 14578.0 0.7031142817944849 5 18 21.0 0.0 5 12 21.0 0.0 0.8670472332197772 0
89 ec.gp.GPIndividual@147083284{991194796} 0.0 92920.0 10861.0 0.4939692477672406 0.7031142817944849 0
5 10 21.0 0.0 0.4939692477672406 0
89 ec.gp.GPIndividual@1415175544{-1134083213} 0.0 89 ec.gp.GPIndividual@1412049548{-962560188} 105260.0 10861.0 0.8230392156862745 0.0 5 18 21.0 0.0 86203.0 10861.0 0.6093361568916306 0.8230392156862745 0
89 ec.gp.GPIndividual@147083284{991194796} 0.0 92920.0 8160.0 0.3264705882352941 5 12 21.0 0.0 5 10 21.0 0.0 89 ec.gp.GPIndividual@1415175544{-1134083213} 0.3264705882352941 0
0.0 105260.0 12802.0 0.8872051241993438 5 18 21.0 0.0 0.6093361568916306 0
89 ec.gp.GPIndividual@147083284{991194796} 0.0 92920.0 12802.0 0.5706920793625996 5 10 21.0 0.0 0.5706920793625996 0
0.8872051241993438 0
89 ec.gp.GPIndividual@147083284{991194796} 89 ec.gp.GPIndividual@1412049548{-962560188} 0.0 0.0 92920.0 10087.0 0.4551402795677605 86173.0 10087.0 0.48370098039215687 5 10 21.0 0.0 5 12 21.0 0.0 0.4551402795677605 0
89 ec.gp.GPIndividual@1415175544{-1134083213} 0.0 105260.0 10054.0 0.8568454446317042 0.48370098039215687 0
89 ec.gp.GPIndividual@147083284{991194796} 0.0 92920.0 8317.0 0.33918480221233616 89 ec.gp.GPIndividual@74878098{1013969902} 5 10 21.0 0.0 0.0 0.33918480221233616 0
5 18 21.0 0.0 89 ec.gp.GPIndividual@1412049548{-962560188} 0.8568454446317042 0
74660.0 8317.0 0.09568331012532326 5 20 21.0 0.0 0.09568331012532326 0
89 ec.gp.GPIndividual@1098800038{299516907} 0.0 0.0 73902.0 8317.0 0.17107618858165904 86203.0 8317.0 0.6685674113419778 89 ec.gp.GPIndividual@1415175544{-1134083213} 5 12 21.0 0.0 0.0 0.6685674113419778 0
5 20 21.0 0.0 0.17107618858165904 0
105260.0 8317.0 0.8263797042202717 89 ec.gp.GPIndividual@1412049548{-962560188} 5 18 21.0 0.0 0.0 0.8263797042202717 0
86203.0 10087.0 0.579359571725984 5 12 21.0 0.0 0.579359571725984 0
89 ec.gp.GPIndividual@1412049548{-962560188} 0.0 86173.0 8317.0 0.49344715642659615 5 12 21.0 0.0 0.49344715642659615 0
89 ec.gp.GPIndividual@74878098{1013969902} 0.0 74660.0 8387.0 0.08405866221533326 5 20 21.0 0.0 0.08405866221533326 0
89 ec.gp.GPIndividual@1098800038{299516907} 0.0 73290.0 8387.0 0.07928937641588173 5 20 21.0 0.0 0.07928937641588173 0
89 ec.gp.GPIndividual@1098800038{299516907} 0.0 77618.0 14578.0 0.5482233502538071 5 20 21.0 0.0 0.5482233502538071 0
89 ec.gp.GPIndividual@614851410{-1600417801} 0.0 66086.0 10054.0 0.138452357270738 5 22 21.0 0.0 0.138452357270738 0
89 ec.gp.GPIndividual@74878098{1013969902} 0.0 70800.0 14578.0 0.26629167238304297 5 20 21.0 0.0 0.26629167238304297 0
89 ec.gp.GPIndividual@1098800038{299516907} 0.0 73530.0 10861.0 0.2669183316453365 5 20 21.0 0.0 0.2669183316453365 0
89 ec.gp.GPIndividual@74878098{1013969902} 0.0 74660.0 10861.0 0.16287634656109015 5 20 21.0 0.0 0.16287634656109015 0
89 ec.gp.GPIndividual@1098800038{299516907} 0.0 73258.0 8160.0 0.05759803921568627 5 20 21.0 0.0 0.05759803921568627 0
89 ec.gp.GPIndividual@74878098{1013969902} 0.0 74660.0 8160.0 0.1142156862745098 5 20 21.0 0.0 0.1142156862745098 0
89 ec.gp.GPIndividual@1098800038{299516907} 0.0 77464.0 12802.0 0.4975785033588502 5 20 21.0 0.0 0.4975785033588502 0
89 ec.gp.GPIndividual@614851410{-1600417801} 0.0 61316.0 8387.0 0.44747824013354 5 22 21.0 0.0 0.44747824013354 0
89 ec.gp.GPIndividual@74878098{1013969902} 0.0 75160.0 12802.0 0.2507420715513201 5 20 21.0 0.0 0.2507420715513201 0
89 ec.gp.GPIndividual@1098800038{299516907} 0.0 73902.0 10087.0 0.17378804401705164 5 20 21.0 0.0 0.17378804401705164 0
89 ec.gp.GPIndividual@1098800038{299516907} 0.0 84807.0 8317.0 0.6576890705783335 5 20 21.0 0.0 0.6576890705783335 0
89 ec.gp.GPIndividual@74878098{1013969902} 0.0 74660.0 10087.0 0.0986418161990681 5 20 21.0 0.0 0.0986418161990681 0
89 ec.gp.GPIndividual@614851410{-1600417801} 0.0 69984.0 14578.0 0.3222664288654136 5 22 21.0 0.0 0.3222664288654136 0
89 ec.gp.GPIndividual@74878098{1013969902} 0.0 74660.0 8317.0 0.09318263797042203 5 20 21.0 0.0 0.09318263797042203 0
89 ec.gp.GPIndividual@627548498{-1833292215} 0.0 74186.0 10054.0 0.14282872488561765 5 22 21.0 0.0 0.14282872488561765 0
89 ec.gp.GPIndividual@627548498{-1833292215} 0.0 74186.0 8387.0 0.027542625491832597 5 22 21.0 0.0 0.027542625491832597 0
89 ec.gp.GPIndividual@627548498{-1833292215} 0.0 73731.0 14578.0 0.44004664563040197 5 22 21.0 0.0 0.44004664563040197 0
89 ec.gp.GPIndividual@627548498{-1833292215} 0.0 73517.0 10861.0 0.2681152748365712 5 22 21.0 0.0 0.2681152748365712 0
89 ec.gp.GPIndividual@627548498{-1833292215} 0.0 74186.0 8160.0 0.05612745098039216 5 22 21.0 0.0 0.05612745098039216 0
89 ec.gp.GPIndividual@627548498{-1833292215} 0.0 73551.0 12802.0 0.37642555850648335 5 22 21.0 0.0 0.37642555850648335 0
89 ec.gp.GPIndividual@627548498{-1833292215} 0.0 73960.0 10087.0 0.16803806880142758 5 22 21.0 0.0 0.16803806880142758 0
89 ec.gp.GPIndividual@627548498{-1833292215} 0.0 74186.0 8317.0 0.036190934231092944 5 22 21.0 0.0 0.036190934231092944 0
89 ec.gp.GPIndividual@614851410{-1600417801} 0.0 66096.0 10861.0 0.05478316913728018 5 22 21.0 0.0 0.05478316913728018 0
89 ec.gp.GPIndividual@614851410{-1600417801} 0.0 61316.0 8160.0 0.4877450980392157 5 22 21.0 0.0 0.4877450980392157 0
89 ec.gp.GPIndividual@614851410{-1600417801} 0.0 70364.0 12802.0 0.19856272457428525 5 22 21.0 0.0 0.19856272457428525 0
89 ec.gp.GPIndividual@614851410{-1600417801} 0.0 66096.0 10087.0 0.1357192425894716 5 22 21.0 0.0 0.1357192425894716 0
89 ec.gp.GPIndividual@614851410{-1600417801} 0.0 61316.0 8317.0 0.45966093543344955 5 22 21.0 0.0 0.45966093543344955 0
90 ec.gp.GPIndividual@2023652358{-1134083213} 0.0 105260.0 10054.0 0.8563755719116769 90 ec.gp.GPIndividual@496825296{-1968689744} 5 18 21.0 0.0 0.0 0.8563755719116769 0
90 ec.gp.GPIndividual@853831188{-225062149} 0.0 92920.0 10054.0 0.45335189974139645 97094.0 10054.0 0.5816590411776408 90 ec.gp.GPIndividual@2023652358{-1134083213} 5 12 21.0 0.0 5 20 21.0 0.0 0.45335189974139645 0
0.0 105260.0 8387.0 0.8278287826397996 5 18 21.0 0.0 0.5816590411776408 0
90 ec.gp.GPIndividual@853831188{-225062149} 0.0 92920.0 8387.0 0.34470013115535947 0.8278287826397996 0
5 12 21.0 0.0 0.34470013115535947 0
90 ec.gp.GPIndividual@2023652358{-1134083213} 0.0 90 ec.gp.GPIndividual@496825296{-1968689744} 105260.0 14578.0 0.9009466319110989 5 18 21.0 0.0 0.0 0.9009466319110989 0
97094.0 14578.0 0.4985095981876714 90 ec.gp.GPIndividual@853831188{-225062149} 0.0 5 20 21.0 0.0 92920.0 14578.0 0.6229935519275621 90 ec.gp.GPIndividual@2023652358{-1134083213} 0.4985095981876714 0
5 12 21.0 0.0 0.6229935519275621 0
0.0 105260.0 10861.0 0.8670472332197772 5 18 21.0 0.0 0.8670472332197772 0
90 ec.gp.GPIndividual@496825296{-1968689744} 0.0 97094.0 14578.0 0.7114830566607216 90 ec.gp.GPIndividual@853831188{-225062149} 5 20 21.0 0.0 0.0 0.7114830566607216 0
90 ec.gp.GPIndividual@2023652358{-1134083213} 0.0 105260.0 8160.0 0.8230392156862745 5 18 21.0 0.0 0.8230392156862745 0
92920.0 8160.0 0.4939692477672406 90 ec.gp.GPIndividual@496825296{-1968689744} 5 12 21.0 0.0 0.0 0.4939692477672406 0
97094.0 12802.0 0.6127428413589909 5 20 21.0 0.0 0.6127428413589909 0
90 ec.gp.GPIndividual@2023652358{-1134083213} 0.0 105260.0 12802.0 0.8872051241993438 5 18 21.0 0.0 0.8872051241993438 0
90 ec.gp.GPIndividual@853831188{-225062149} 90 ec.gp.GPIndividual@496825296{-1968689744} 90 ec.gp.GPIndividual@2023652358{-1134083213} 0.0 0.0 0.0 105260.0 10087.0 0.8568454446317042 92920.0 10087.0 0.3264705882352941 97094.0 10087.0 0.48455882352941176 5 18 21.0 0.0 5 12 21.0 0.0 5 20 21.0 0.0 0.8568454446317042 0
0.3264705882352941 0
0.48455882352941176 0
90 ec.gp.GPIndividual@2023652358{-1134083213} 0.0 105260.0 8317.0 0.8263797042202717 5 18 21.0 0.0 90 ec.gp.GPIndividual@853831188{-225062149} 0.8263797042202717 0
0.0 92920.0 12802.0 0.5706920793625996 5 12 21.0 0.0 0.5706920793625996 0
90 ec.gp.GPIndividual@496825296{-1968689744} 0.0 97094.0 12802.0 0.6714575847523825 5 20 21.0 0.0 0.6714575847523825 0
90 ec.gp.GPIndividual@853831188{-225062149} 0.0 92920.0 10087.0 0.4551402795677605 5 12 21.0 0.0 0.4551402795677605 0
90 ec.gp.GPIndividual@496825296{-1968689744} 0.0 97094.0 10087.0 0.5830276593635372 5 20 21.0 0.0 0.5830276593635372 0
90 ec.gp.GPIndividual@853831188{-225062149} 0.0 92920.0 8317.0 0.33918480221233616 5 12 21.0 0.0 0.33918480221233616 0
90 ec.gp.GPIndividual@496825296{-1968689744} 0.0 97094.0 8317.0 0.49428880605987735 5 20 21.0 0.0 0.49428880605987735 0
90 ec.gp.GPIndividual@1414785737{1648158640} 0.0 74660.0 10054.0 0.09568331012532326 5 22 21.0 0.0 0.09568331012532326 0
90 ec.gp.GPIndividual@1456082463{-1336706278} 0.0 74660.0 10054.0 0.09568331012532326 5 26 21.0 0.0 0.09568331012532326 0
90 ec.gp.GPIndividual@1414785737{1648158640} 0.0 74660.0 8387.0 0.08405866221533326 5 22 21.0 0.0 0.08405866221533326 0
90 ec.gp.GPIndividual@1456082463{-1336706278} 0.0 74660.0 8387.0 0.08405866221533326 5 26 21.0 0.0 0.08405866221533326 0
90 ec.gp.GPIndividual@1414785737{1648158640} 0.0 70800.0 14578.0 0.26629167238304297 5 22 21.0 0.0 0.26629167238304297 0
90 ec.gp.GPIndividual@1456082463{-1336706278} 0.0 70800.0 14578.0 0.26629167238304297 5 26 21.0 0.0 0.26629167238304297 0
90 ec.gp.GPIndividual@1414785737{1648158640} 0.0 74660.0 10861.0 0.16287634656109015 5 22 21.0 0.0 0.16287634656109015 0
90 ec.gp.GPIndividual@1456082463{-1336706278} 0.0 74660.0 10861.0 0.16287634656109015 5 26 21.0 0.0 0.16287634656109015 0
90 ec.gp.GPIndividual@1414785737{1648158640} 0.0 74660.0 8160.0 0.1142156862745098 5 22 21.0 0.0 0.1142156862745098 0
90 ec.gp.GPIndividual@1456082463{-1336706278} 0.0 74660.0 8160.0 0.1142156862745098 5 26 21.0 0.0 0.1142156862745098 0
90 ec.gp.GPIndividual@1414785737{1648158640} 0.0 75160.0 12802.0 0.2507420715513201 5 22 21.0 0.0 0.2507420715513201 0
90 ec.gp.GPIndividual@1456082463{-1336706278} 0.0 75160.0 12802.0 0.2507420715513201 5 26 21.0 0.0 0.2507420715513201 0
90 ec.gp.GPIndividual@1414785737{1648158640} 0.0 74660.0 10087.0 0.0986418161990681 5 22 21.0 0.0 0.0986418161990681 0
90 ec.gp.GPIndividual@1456082463{-1336706278} 0.0 74660.0 10087.0 0.0986418161990681 5 26 21.0 0.0 0.0986418161990681 0
90 ec.gp.GPIndividual@1414785737{1648158640} 0.0 74660.0 8317.0 0.09318263797042203 5 22 21.0 0.0 0.09318263797042203 0
90 ec.gp.GPIndividual@1456082463{-1336706278} 0.0 74660.0 8317.0 0.09318263797042203 5 26 21.0 0.0 0.09318263797042203 0
90 ec.gp.GPIndividual@996185550{-272313549} 0.0 73902.0 10054.0 0.17107618858165904 5 18 21.0 0.0 0.17107618858165904 0
90 ec.gp.GPIndividual@996185550{-272313549} 0.0 73290.0 8387.0 0.07928937641588173 5 18 21.0 0.0 0.07928937641588173 0
90 ec.gp.GPIndividual@996185550{-272313549} 0.0 77618.0 14578.0 0.5482233502538071 5 18 21.0 0.0 0.5482233502538071 0
90 ec.gp.GPIndividual@996185550{-272313549} 0.0 73530.0 10861.0 0.2669183316453365 5 18 21.0 0.0 0.2669183316453365 0
90 ec.gp.GPIndividual@732182952{449298100} 3.0 19584.0 10054.0 0.9478814402227969 5 12 21.0 0.0 0.9478814402227969 0
90 ec.gp.GPIndividual@996185550{-272313549} 0.0 73258.0 8160.0 0.05759803921568627 5 18 21.0 0.0 0.05759803921568627 0
90 ec.gp.GPIndividual@996185550{-272313549} 0.0 77464.0 12802.0 0.4975785033588502 5 18 21.0 0.0 0.4975785033588502 0
90 ec.gp.GPIndividual@996185550{-272313549} 0.0 73902.0 10087.0 0.17378804401705164 5 18 21.0 0.0 0.17378804401705164 0
90 ec.gp.GPIndividual@996185550{-272313549} 0.0 84807.0 8317.0 0.6576890705783335 5 18 21.0 0.0 0.6576890705783335 0
90 ec.gp.GPIndividual@732182952{449298100} 3.0 19584.0 8387.0 1.3350423274114702 5 12 21.0 0.0 1.3350423274114702 0
90 ec.gp.GPIndividual@732182952{449298100} 3.0 19584.0 14578.0 0.3433941555768967 5 12 21.0 0.0 0.3433941555768967 0
90 ec.gp.GPIndividual@732182952{449298100} 3.0 19584.0 10861.0 0.803148881318479 5 12 21.0 0.0 0.803148881318479 0
90 ec.gp.GPIndividual@732182952{449298100} 3.0 19584.0 8160.0 1.4 5 12 21.0 0.0 1.4 0
90 ec.gp.GPIndividual@732182952{449298100} 3.0 19584.0 12802.0 0.52976097484768 5 12 21.0 0.0 0.52976097484768 0
90 ec.gp.GPIndividual@732182952{449298100} 3.0 19584.0 10087.0 0.9415088728065827 5 12 21.0 0.0 0.9415088728065827 0
90 ec.gp.GPIndividual@732182952{449298100} 3.0 19584.0 8317.0 1.3546952025970902 5 12 21.0 0.0 1.3546952025970902 0
91 ec.gp.GPIndividual@355585445{1251267683} 0.0 92920.0 10054.0 0.45335189974139645 5 18 21.0 0.0 0.45335189974139645 0
91 ec.gp.GPIndividual@355585445{1251267683} 0.0 92920.0 8387.0 0.34470013115535947 5 18 21.0 0.0 0.34470013115535947 0
91 ec.gp.GPIndividual@2011826415{1686707763} 0.0 79122.0 10054.0 0.19534513626417346 5 16 21.0 0.0 0.19534513626417346 0
91 ec.gp.GPIndividual@2020215367{1726523372} 0.0 79122.0 10054.0 0.19534513626417346 5 24 21.0 0.0 0.19534513626417346 0
91 ec.gp.GPIndividual@355585445{1251267683} 0.0 91 ec.gp.GPIndividual@542560136{1642566114} 92920.0 10054.0 0.6229935519275621 0.0 5 18 21.0 0.0 0.6229935519275621 0
74660.0 10054.0 0.09568331012532326 5 26 21.0 0.0 0.09568331012532326 0
91 ec.gp.GPIndividual@355585445{1251267683} 0.0 92920.0 10861.0 0.4939692477672406 5 18 21.0 0.0 0.4939692477672406 0
91 ec.gp.GPIndividual@355585445{1251267683} 0.0 92920.0 8160.0 0.3264705882352941 5 18 21.0 0.0 0.3264705882352941 0
91 ec.gp.GPIndividual@2011826415{1686707763} 0.0 79122.0 8387.0 0.03541194706092762 5 16 21.0 0.0 0.03541194706092762 0
91 ec.gp.GPIndividual@2020215367{1726523372} 0.0 79122.0 8387.0 0.03541194706092762 5 24 21.0 0.0 0.03541194706092762 0
91 ec.gp.GPIndividual@355585445{1251267683} 0.0 92920.0 12802.0 0.5706920793625996 5 18 21.0 0.0 0.5706920793625996 0
91 ec.gp.GPIndividual@542560136{1642566114} 0.0 91 ec.gp.GPIndividual@2011826415{1686707763} 74660.0 14578.0 0.08405866221533326 0.0 5 26 21.0 0.0 87078.0 14578.0 0.6489230347098367 0.08405866221533326 0
91 ec.gp.GPIndividual@2020215367{1726523372} 0.0 87078.0 14578.0 0.6489230347098367 5 24 21.0 0.0 5 16 21.0 0.0 0.6489230347098367 0
91 ec.gp.GPIndividual@355585445{1251267683} 0.0 92920.0 10087.0 0.4551402795677605 0.6489230347098367 0
5 18 21.0 0.0 0.4551402795677605 0
91 ec.gp.GPIndividual@355585445{1251267683} 0.0 92920.0 8317.0 0.33918480221233616 5 18 21.0 0.0 0.33918480221233616 0
91 ec.gp.GPIndividual@2020215367{1726523372} 0.0 79122.0 10861.0 0.2551330448393334 5 24 21.0 0.0 0.2551330448393334 0
91 ec.gp.GPIndividual@2011826415{1686707763} 0.0 79122.0 10861.0 0.2551330448393334 5 16 21.0 0.0 0.2551330448393334 0
91 ec.gp.GPIndividual@2020215367{1726523372} 0.0 83138.0 8160.0 0.1860294117647059 5 24 21.0 0.0 0.1860294117647059 0
91 ec.gp.GPIndividual@2011826415{1686707763} 0.0 83138.0 8160.0 0.1860294117647059 5 16 21.0 0.0 0.1860294117647059 0
91 ec.gp.GPIndividual@1623106946{448873571} 0.0 75160.0 10054.0 0.045951859956236324 5 20 21.0 0.0 0.045951859956236324 0
91 ec.gp.GPIndividual@542560136{1642566114} 0.0 70800.0 14578.0 0.26629167238304297 5 26 21.0 0.0 0.26629167238304297 0
91 ec.gp.GPIndividual@2020215367{1726523372} 0.0 83360.0 12802.0 0.4638337759725043 5 24 21.0 0.0 0.4638337759725043 0
91 ec.gp.GPIndividual@2011826415{1686707763} 0.0 83360.0 12802.0 0.4638337759725043 5 16 21.0 0.0 0.4638337759725043 0
91 ec.gp.GPIndividual@2020215367{1726523372} 0.0 79122.0 10087.0 0.1979775949241598 5 24 21.0 0.0 0.1979775949241598 0
91 ec.gp.GPIndividual@2011826415{1686707763} 0.0 79122.0 10087.0 0.1979775949241598 5 16 21.0 0.0 0.1979775949241598 0
91 ec.gp.GPIndividual@542560136{1642566114} 0.0 74660.0 10861.0 0.16287634656109015 5 26 21.0 0.0 0.16287634656109015 0
91 ec.gp.GPIndividual@1623106946{448873571} 0.0 75160.0 8387.0 0.14367473470847741 5 20 21.0 0.0 0.14367473470847741 0
91 ec.gp.GPIndividual@2020215367{1726523372} 0.0 83138.0 8317.0 0.2013947336780089 5 24 21.0 0.0 0.2013947336780089 0
91 ec.gp.GPIndividual@2011826415{1686707763} 0.0 83138.0 8317.0 0.2013947336780089 5 16 21.0 0.0 0.2013947336780089 0
91 ec.gp.GPIndividual@1623106946{448873571} 0.0 79222.0 14578.0 0.43819453971738237 5 20 21.0 0.0 0.43819453971738237 0
91 ec.gp.GPIndividual@1940914932{-1949591334} 0.0 79424.0 10054.0 0.16530734036204495 5 22 21.0 0.0 0.16530734036204495 0
91 ec.gp.GPIndividual@542560136{1642566114} 0.0 74660.0 8160.0 0.1142156862745098 5 26 21.0 0.0 0.1142156862745098 0
91 ec.gp.GPIndividual@1940914932{-1949591334} 0.0 79424.0 8387.0 5.961607249314415E-4 5 22 21.0 0.0 91 ec.gp.GPIndividual@1623106946{448873571} 0.0 75160.0 10861.0 0.1168400699751404 5 20 21.0 0.0 0.1168400699751404 0
5.961607249314415E-4 0
91 ec.gp.GPIndividual@542560136{1642566114} 0.0 75160.0 12802.0 0.2507420715513201 5 26 21.0 0.0 0.2507420715513201 0
91 ec.gp.GPIndividual@1940914932{-1949591334} 0.0 79832.0 14578.0 0.3963506653861984 5 22 21.0 0.0 0.3963506653861984 0
91 ec.gp.GPIndividual@1623106946{448873571} 0.0 78900.0 8160.0 0.035784313725490194 5 20 21.0 0.0 0.035784313725490194 0
91 ec.gp.GPIndividual@542560136{1642566114} 0.0 74660.0 10087.0 0.0986418161990681 5 26 21.0 0.0 0.0986418161990681 0
91 ec.gp.GPIndividual@1940914932{-1949591334} 0.0 79424.0 10861.0 0.22732713378141975 5 22 21.0 0.0 0.22732713378141975 0
91 ec.gp.GPIndividual@1623106946{448873571} 0.0 79400.0 12802.0 0.34635213247930013 5 20 21.0 0.0 0.34635213247930013 0
91 ec.gp.GPIndividual@1940914932{-1949591334} 0.0 79424.0 8160.0 0.028431372549019607 5 22 21.0 0.0 0.028431372549019607 0
91 ec.gp.GPIndividual@542560136{1642566114} 0.0 74660.0 8317.0 0.09318263797042203 5 26 21.0 0.0 0.09318263797042203 0
91 ec.gp.GPIndividual@1623106946{448873571} 0.0 75160.0 10087.0 0.04907306434023991 5 20 21.0 0.0 0.04907306434023991 0
91 ec.gp.GPIndividual@1940914932{-1949591334} 0.0 79678.0 12802.0 0.3246367755038275 5 22 21.0 0.0 0.3246367755038275 0
91 ec.gp.GPIndividual@1623106946{448873571} 0.0 78900.0 8317.0 0.05398581219189612 5 20 21.0 0.0 0.05398581219189612 0
91 ec.gp.GPIndividual@1940914932{-1949591334} 0.0 79424.0 10087.0 0.16803806880142758 5 22 21.0 0.0 0.16803806880142758 0
91 ec.gp.GPIndividual@1940914932{-1949591334} 0.0 79424.0 8317.0 0.009017674642298907 5 22 21.0 0.0 0.009017674642298907 0
91 ec.gp.GPIndividual@409484677{-1837675566} 5.0 19584.0 10054.0 0.9478814402227969 5 12 21.0 0.0 0.9478814402227969 0
91 ec.gp.GPIndividual@409484677{-1837675566} 5.0 19584.0 8387.0 1.3350423274114702 5 12 21.0 0.0 1.3350423274114702 0
91 ec.gp.GPIndividual@1984636996{-638615604} 12.0 19584.0 10054.0 0.9478814402227969 5 20 21.0 0.0 0.9478814402227969 0
91 ec.gp.GPIndividual@409484677{-1837675566} 5.0 19584.0 14578.0 0.3433941555768967 5 12 21.0 0.0 0.3433941555768967 0
91 ec.gp.GPIndividual@409484677{-1837675566} 5.0 19584.0 10861.0 0.803148881318479 5 12 21.0 0.0 0.803148881318479 0
91 ec.gp.GPIndividual@409484677{-1837675566} 5.0 19584.0 8160.0 1.4 5 12 21.0 0.0 1.4 0
91 ec.gp.GPIndividual@1984636996{-638615604} 13.0 19584.0 8387.0 1.3350423274114702 5 20 21.0 0.0 1.3350423274114702 0
91 ec.gp.GPIndividual@409484677{-1837675566} 5.0 19584.0 12802.0 0.52976097484768 5 12 21.0 0.0 0.52976097484768 0
91 ec.gp.GPIndividual@409484677{-1837675566} 5.0 19584.0 10087.0 0.9415088728065827 5 12 21.0 0.0 0.9415088728065827 0
91 ec.gp.GPIndividual@1984636996{-638615604} 12.0 19584.0 14578.0 0.3433941555768967 5 20 21.0 0.0 0.3433941555768967 0
91 ec.gp.GPIndividual@409484677{-1837675566} 5.0 19584.0 8317.0 1.3546952025970902 5 12 21.0 0.0 1.3546952025970902 0
91 ec.gp.GPIndividual@37781997{-988005222} 0.0 105260.0 10054.0 0.8563755719116769 1 1 21.0 0.0 0.8563755719116769 0
91 ec.gp.GPIndividual@37781997{-988005222} 0.0 105260.0 8387.0 0.8278287826397996 1 1 21.0 0.0 0.8278287826397996 0
91 ec.gp.GPIndividual@37781997{-988005222} 0.0 105260.0 14578.0 0.9009466319110989 1 1 21.0 0.0 0.9009466319110989 0
91 ec.gp.GPIndividual@37781997{-988005222} 0.0 105260.0 10861.0 0.8670472332197772 1 1 21.0 0.0 0.8670472332197772 0
91 ec.gp.GPIndividual@37781997{-988005222} 0.0 105260.0 8160.0 0.8230392156862745 1 1 21.0 0.0 0.8230392156862745 0
91 ec.gp.GPIndividual@37781997{-988005222} 0.0 105260.0 12802.0 0.8872051241993438 1 1 21.0 0.0 0.8872051241993438 0
91 ec.gp.GPIndividual@37781997{-988005222} 0.0 105260.0 10087.0 0.8568454446317042 1 1 21.0 0.0 0.8568454446317042 0
91 ec.gp.GPIndividual@37781997{-988005222} 0.0 105260.0 8317.0 0.8263797042202717 1 1 21.0 0.0 0.8263797042202717 0
91 ec.gp.GPIndividual@1984636996{-638615604} 12.0 19584.0 10861.0 0.803148881318479 5 20 21.0 0.0 0.803148881318479 0
91 ec.gp.GPIndividual@1984636996{-638615604} 12.0 19584.0 8160.0 1.4 5 20 21.0 0.0 1.4 0
91 ec.gp.GPIndividual@1984636996{-638615604} 12.0 19584.0 12802.0 0.52976097484768 5 20 21.0 0.0 0.52976097484768 0
91 ec.gp.GPIndividual@1984636996{-638615604} 12.0 19584.0 10087.0 0.9415088728065827 5 20 21.0 0.0 0.9415088728065827 0
91 ec.gp.GPIndividual@1984636996{-638615604} 12.0 19584.0 8317.0 1.3546952025970902 5 20 21.0 0.0 1.3546952025970902 0
92 ec.gp.GPIndividual@2016997382{-2095707176} 0.0 105260.0 10054.0 0.8563755719116769 3 5 21.0 0.0 0.8563755719116769 0
92 ec.gp.GPIndividual@2016997382{-2095707176} 0.0 105260.0 8387.0 0.8278287826397996 3 5 21.0 0.0 0.8278287826397996 0
92 ec.gp.GPIndividual@1946214640{1966161653} 0.0 77757.0 10054.0 0.3311119952257808 5 20 21.0 0.0 92 ec.gp.GPIndividual@2016997382{-2095707176} 0.3311119952257808 0
0.0 105260.0 14578.0 0.9009466319110989 3 5 21.0 0.0 0.9009466319110989 0
92 ec.gp.GPIndividual@2016997382{-2095707176} 0.0 105260.0 10861.0 0.8670472332197772 3 5 21.0 0.0 0.8670472332197772 0
92 ec.gp.GPIndividual@1946214640{1966161653} 0.0 77757.0 8387.0 0.19816382496721116 92 ec.gp.GPIndividual@2016997382{-2095707176} 5 20 21.0 0.0 0.0 0.19816382496721116 0
105260.0 8160.0 0.8230392156862745 3 5 21.0 0.0 0.8230392156862745 0
92 ec.gp.GPIndividual@1946214640{1966161653} 0.0 77842.0 14578.0 0.532857730827274 5 20 21.0 0.0 0.532857730827274 0
92 ec.gp.GPIndividual@2016997382{-2095707176} 0.0 105260.0 12802.0 0.8872051241993438 3 5 21.0 0.0 0.8872051241993438 0
92 ec.gp.GPIndividual@2016997382{-2095707176} 0.0 105260.0 10087.0 0.8568454446317042 3 5 21.0 0.0 0.8568454446317042 0
92 ec.gp.GPIndividual@1946214640{1966161653} 0.0 77757.0 10861.0 0.38081207991897614 5 20 21.0 0.0 0.38081207991897614 0
92 ec.gp.GPIndividual@2016997382{-2095707176} 0.0 105260.0 8317.0 0.8263797042202717 3 5 21.0 0.0 0.8263797042202717 0
92 ec.gp.GPIndividual@1946214640{1966161653} 0.0 77757.0 8160.0 0.17585784313725492 5 20 21.0 0.0 0.17585784313725492 0
92 ec.gp.GPIndividual@1946214640{1966161653} 0.0 77791.0 10054.0 0.47203561943446337 5 20 21.0 0.0 0.47203561943446337 0
92 ec.gp.GPIndividual@276088076{-2085047951} 0.0 79122.0 10054.0 0.19534513626417346 5 16 21.0 0.0 0.19534513626417346 0
92 ec.gp.GPIndividual@1946214640{1966161653} 0.0 77757.0 10087.0 0.3333002874987608 5 20 21.0 0.0 0.3333002874987608 0
92 ec.gp.GPIndividual@1946214640{1966161653} 0.0 77757.0 8317.0 0.19141517374053144 5 20 21.0 0.0 0.19141517374053144 0
92 ec.gp.GPIndividual@1520623962{1510808946} 0.0 105260.0 10054.0 0.8563755719116769 5 24 21.0 0.0 0.8563755719116769 0
92 ec.gp.GPIndividual@1520623962{1510808946} 0.0 105260.0 8387.0 0.8278287826397996 5 24 21.0 0.0 0.8278287826397996 0
92 ec.gp.GPIndividual@1520623962{1510808946} 0.0 105260.0 10054.0 0.9009466319110989 5 24 21.0 0.0 0.9009466319110989 0
92 ec.gp.GPIndividual@1403937112{499755089} 0.0 92 ec.gp.GPIndividual@1324665635{201519833} 74660.0 10054.0 0.09568331012532326 92 ec.gp.GPIndividual@1520623962{1510808946} 0.0 0.0 5 22 21.0 0.0 74660.0 10861.0 0.09568331012532326 105260.0 10861.0 0.8670472332197772 0.09568331012532326 0
5 24 21.0 0.0 0.8670472332197772 0
5 24 21.0 0.0 0.09568331012532326 0
92 ec.gp.GPIndividual@1520623962{1510808946} 0.0 105260.0 8160.0 0.8230392156862745 5 24 21.0 0.0 0.8230392156862745 0
92 ec.gp.GPIndividual@1520623962{1510808946} 0.0 105260.0 12802.0 0.8872051241993438 5 24 21.0 0.0 0.8872051241993438 0
92 ec.gp.GPIndividual@1520623962{1510808946} 0.0 105260.0 10087.0 0.8568454446317042 5 24 21.0 0.0 0.8568454446317042 0
92 ec.gp.GPIndividual@1520623962{1510808946} 0.0 105260.0 8317.0 0.8263797042202717 5 24 21.0 0.0 0.8263797042202717 0
92 ec.gp.GPIndividual@292310373{1023163956} 0.0 92920.0 10054.0 0.45335189974139645 5 10 21.0 0.0 0.45335189974139645 0
92 ec.gp.GPIndividual@292310373{1023163956} 0.0 92920.0 8387.0 0.34470013115535947 5 10 21.0 0.0 0.34470013115535947 0
92 ec.gp.GPIndividual@276088076{-2085047951} 0.0 79122.0 8387.0 0.03541194706092762 5 16 21.0 0.0 0.03541194706092762 0
92 ec.gp.GPIndividual@292310373{1023163956} 0.0 92920.0 14578.0 0.6229935519275621 5 10 21.0 0.0 0.6229935519275621 0
92 ec.gp.GPIndividual@2114237416{-1595809494} 0.0 75160.0 10054.0 0.045951859956236324 5 18 21.0 0.0 0.045951859956236324 0
92 ec.gp.GPIndividual@292310373{1023163956} 0.0 92920.0 10861.0 0.4939692477672406 5 10 21.0 0.0 0.4939692477672406 0
92 ec.gp.GPIndividual@292310373{1023163956} 0.0 92920.0 8160.0 0.3264705882352941 5 10 21.0 0.0 0.3264705882352941 0
92 ec.gp.GPIndividual@292310373{1023163956} 0.0 92920.0 12802.0 0.5706920793625996 5 10 21.0 0.0 0.5706920793625996 0
92 ec.gp.GPIndividual@276088076{-2085047951} 0.0 87078.0 14578.0 0.6489230347098367 5 16 21.0 0.0 0.6489230347098367 0
92 ec.gp.GPIndividual@292310373{1023163956} 0.0 92920.0 10087.0 0.4551402795677605 5 10 21.0 0.0 0.4551402795677605 0
92 ec.gp.GPIndividual@292310373{1023163956} 0.0 92920.0 8317.0 0.33918480221233616 5 10 21.0 0.0 0.33918480221233616 0
92 ec.gp.GPIndividual@1403937112{499755089} 0.0 74660.0 8387.0 0.08405866221533326 5 22 21.0 0.0 0.08405866221533326 0
92 ec.gp.GPIndividual@1324665635{201519833} 0.0 74660.0 8387.0 0.08405866221533326 5 24 21.0 0.0 0.08405866221533326 0
92 ec.gp.GPIndividual@276088076{-2085047951} 0.0 79122.0 10861.0 0.2551330448393334 5 16 21.0 0.0 0.2551330448393334 0
92 ec.gp.GPIndividual@2114237416{-1595809494} 0.0 75160.0 8387.0 0.14367473470847741 5 18 21.0 0.0 0.14367473470847741 0
92 ec.gp.GPIndividual@276088076{-2085047951} 0.0 83138.0 8160.0 0.1860294117647059 5 16 21.0 0.0 0.1860294117647059 0
92 ec.gp.GPIndividual@2114237416{-1595809494} 0.0 79222.0 14578.0 0.43819453971738237 5 18 21.0 0.0 0.43819453971738237 0
92 ec.gp.GPIndividual@276088076{-2085047951} 0.0 83360.0 12802.0 0.4638337759725043 5 16 21.0 0.0 0.4638337759725043 0
92 ec.gp.GPIndividual@1403937112{499755089} 0.0 70800.0 14578.0 0.26629167238304297 5 22 21.0 0.0 0.26629167238304297 0
92 ec.gp.GPIndividual@1324665635{201519833} 0.0 70800.0 14578.0 0.26629167238304297 5 24 21.0 0.0 0.26629167238304297 0
92 ec.gp.GPIndividual@276088076{-2085047951} 0.0 79122.0 10087.0 0.1979775949241598 5 16 21.0 0.0 0.1979775949241598 0
92 ec.gp.GPIndividual@2114237416{-1595809494} 0.0 75160.0 10861.0 0.1168400699751404 5 18 21.0 0.0 0.1168400699751404 0
92 ec.gp.GPIndividual@276088076{-2085047951} 0.0 83138.0 8317.0 0.2013947336780089 5 16 21.0 0.0 0.2013947336780089 0
92 ec.gp.GPIndividual@1403937112{499755089} 0.0 74660.0 10861.0 0.16287634656109015 5 22 21.0 0.0 0.16287634656109015 0
92 ec.gp.GPIndividual@1324665635{201519833} 0.0 74660.0 10861.0 0.16287634656109015 5 24 21.0 0.0 0.16287634656109015 0
92 ec.gp.GPIndividual@134323041{-2074570972} 0.0 84442.0 10054.0 0.2096677939128705 5 20 21.0 0.0 0.2096677939128705 0
92 ec.gp.GPIndividual@134323041{-2074570972} 0.0 84442.0 8387.0 0.052581375938953144 5 20 21.0 0.0 0.052581375938953144 0
92 ec.gp.GPIndividual@2114237416{-1595809494} 0.0 78900.0 8160.0 0.035784313725490194 5 18 21.0 0.0 0.035784313725490194 0
92 ec.gp.GPIndividual@134323041{-2074570972} 0.0 84442.0 14578.0 0.45493208944985597 5 20 21.0 0.0 0.45493208944985597 0
92 ec.gp.GPIndividual@134323041{-2074570972} 0.0 84442.0 10861.0 0.2683914924960869 5 20 21.0 0.0 0.2683914924960869 0
92 ec.gp.GPIndividual@1403937112{499755089} 0.0 74660.0 8160.0 0.1142156862745098 5 22 21.0 0.0 0.1142156862745098 0
92 ec.gp.GPIndividual@1324665635{201519833} 0.0 74660.0 8160.0 0.1142156862745098 5 24 21.0 0.0 0.1142156862745098 0
92 ec.gp.GPIndividual@134323041{-2074570972} 0.0 84442.0 8160.0 0.026225490196078432 5 20 21.0 0.0 92 ec.gp.GPIndividual@2114237416{-1595809494} 0.026225490196078432 0
0.0 79400.0 12802.0 0.34635213247930013 5 18 21.0 0.0 0.34635213247930013 0
92 ec.gp.GPIndividual@134323041{-2074570972} 0.0 84442.0 12802.0 0.379315731916888 5 20 21.0 0.0 0.379315731916888 0
92 ec.gp.GPIndividual@134323041{-2074570972} 0.0 84442.0 10087.0 0.21225339545950234 5 20 21.0 0.0 0.21225339545950234 0
92 ec.gp.GPIndividual@134323041{-2074570972} 0.0 84442.0 8317.0 0.04460743056390525 5 20 21.0 0.0 0.04460743056390525 0
92 ec.gp.GPIndividual@1403937112{499755089} 0.0 75160.0 12802.0 0.2507420715513201 5 22 21.0 0.0 0.2507420715513201 0
92 ec.gp.GPIndividual@1324665635{201519833} 0.0 75160.0 12802.0 0.2507420715513201 5 24 21.0 0.0 0.2507420715513201 0
92 ec.gp.GPIndividual@2114237416{-1595809494} 0.0 75160.0 10087.0 0.04907306434023991 5 18 21.0 0.0 0.04907306434023991 0
92 ec.gp.GPIndividual@2114237416{-1595809494} 92 ec.gp.GPIndividual@1403937112{499755089} 0.0 0.0 78900.0 8317.0 0.05398581219189612 74660.0 8317.0 0.0986418161990681 5 18 21.0 0.0 5 22 21.0 0.0 0.05398581219189612 0
92 ec.gp.GPIndividual@1324665635{201519833} 0.0 0.0986418161990681 0
74660.0 10087.0 0.0986418161990681 5 24 21.0 0.0 0.0986418161990681 0
92 ec.gp.GPIndividual@1403937112{499755089} 0.0 74660.0 8317.0 0.09318263797042203 5 22 21.0 0.0 0.09318263797042203 0
92 ec.gp.GPIndividual@1324665635{201519833} 0.0 74660.0 8317.0 0.09318263797042203 5 24 21.0 0.0 0.09318263797042203 0
93 ec.gp.GPIndividual@2113923756{57562468} 0.0 93 ec.gp.GPIndividual@1490766183{1131637057} 0.0 88682.0 10054.0 0.3314103839267953 93 ec.gp.GPIndividual@1687844377{661364463} 5 16 21.0 0.0 0.0 101188.0 10054.0 0.7179232146409389 0.3314103839267953 0
93 ec.gp.GPIndividual@660159928{-1455275126} 0.0 86203.0 10054.0 0.5779789138651283 80777.0 10054.0 0.5741993236522777 5 17 21.0 0.0 5 16 21.0 0.0 0.5741993236522777 0
5 22 21.0 0.0 0.7179232146409389 0
93 ec.gp.GPIndividual@2113923756{57562468} 0.0 88682.0 8387.0 0.19852152140217003 0.5779789138651283 0
93 ec.gp.GPIndividual@660159928{-1455275126} 0.0 5 16 21.0 0.0 93 ec.gp.GPIndividual@1490766183{1131637057} 80777.0 8387.0 0.48956718731369975 0.0 0.19852152140217003 0
93 ec.gp.GPIndividual@1687844377{661364463} 0.0 86203.0 8387.0 0.4940980088231787 5 17 21.0 0.0 5 16 21.0 0.0 0.48956718731369975 0
101188.0 8387.0 0.6618576368188863 93 ec.gp.GPIndividual@2113923756{57562468} 0.4940980088231787 0
5 22 21.0 0.0 0.6618576368188863 0
0.0 93 ec.gp.GPIndividual@1687844377{661364463} 0.0 93 ec.gp.GPIndividual@660159928{-1455275126} 88682.0 14578.0 0.538894224173412 0.0 86288.0 14578.0 0.7031142817944849 5 16 21.0 0.0 81377.0 14578.0 0.6651804088352312 5 16 21.0 0.0 5 17 21.0 0.0 0.538894224173412 0
93 ec.gp.GPIndividual@1490766183{1131637057} 0.0 101188.0 14578.0 0.805460282617643 0.6651804088352312 0
93 ec.gp.GPIndividual@2113923756{57562468} 0.0 88682.0 10861.0 0.38108829757849183 5 16 21.0 0.0 0.38108829757849183 0
0.7031142817944849 0
93 ec.gp.GPIndividual@660159928{-1455275126} 0.0 5 22 21.0 0.0 80777.0 10861.0 0.6058373998710984 0.805460282617643 0
93 ec.gp.GPIndividual@2113923756{57562468} 93 ec.gp.GPIndividual@1687844377{661364463} 0.0 0.0 86203.0 10861.0 0.6093361568916306 88682.0 10861.0 0.17622549019607844 5 16 21.0 0.0 5 16 21.0 0.0 5 17 21.0 0.0 0.6093361568916306 0
93 ec.gp.GPIndividual@1490766183{1131637057} 0.0 101188.0 10861.0 0.7388822392044931 5 22 21.0 0.0 0.7388822392044931 0
0.6058373998710984 0
0.17622549019607844 0
93 ec.gp.GPIndividual@1490766183{1131637057} 0.0 101188.0 8160.0 0.6524509803921569 5 22 21.0 0.0 93 ec.gp.GPIndividual@1687844377{661364463} 0.6524509803921569 0
93 ec.gp.GPIndividual@48401072{201519833} 93 ec.gp.GPIndividual@2113923756{57562468} 0.0 0.0 74660.0 12802.0 0.09568331012532326 93 ec.gp.GPIndividual@660159928{-1455275126} 88682.0 12802.0 0.47492579284486797 0.0 5 24 21.0 0.0 80744.0 12802.0 0.47941176470588237 5 16 21.0 0.0 0.09568331012532326 0
0.0 86173.0 12802.0 0.48370098039215687 5 16 21.0 0.0 93 ec.gp.GPIndividual@1490766183{1131637057} 0.48370098039215687 0
5 17 21.0 0.0 0.47941176470588237 0
93 ec.gp.GPIndividual@1687844377{661364463} 0.0 86203.0 12802.0 0.6685674113419778 5 16 21.0 0.0 0.47492579284486797 0
0.6685674113419778 0
93 ec.gp.GPIndividual@660159928{-1455275126} 0.0 0.0 101188.0 12802.0 0.7784721137322294 80777.0 12802.0 0.6655991251366974 5 17 21.0 0.0 5 22 21.0 0.0 0.6655991251366974 0
93 ec.gp.GPIndividual@1687844377{661364463} 0.0 86203.0 10087.0 0.579359571725984 93 ec.gp.GPIndividual@2113923756{57562468} 5 16 21.0 0.0 0.579359571725984 0
93 ec.gp.GPIndividual@660159928{-1455275126} 0.7784721137322294 0
93 ec.gp.GPIndividual@1687844377{661364463} 0.0 0.0 80777.0 8317.0 0.575592346584713 5 17 21.0 0.0 86173.0 8317.0 0.49344715642659615 0.575592346584713 0
93 ec.gp.GPIndividual@1490766183{1131637057} 0.0 101188.0 10087.0 0.7188460394567264 0.0 5 22 21.0 0.0 88682.0 10087.0 0.33359770000991373 5 16 21.0 0.0 0.7188460394567264 0
5 16 21.0 0.0 93 ec.gp.GPIndividual@660159928{-1455275126} 0.49344715642659615 0
0.33359770000991373 0
93 ec.gp.GPIndividual@1490766183{1131637057} 0.0 101188.0 8317.0 0.6590116628592041 5 22 21.0 0.0 0.0 0.6590116628592041 0
80744.0 8317.0 0.48923890826018995 93 ec.gp.GPIndividual@2113923756{57562468} 5 17 21.0 0.0 0.0 0.48923890826018995 0
88682.0 8317.0 0.1917758807262234 5 16 21.0 0.0 0.1917758807262234 0
93 ec.gp.GPIndividual@554737495{1039691620} 0.0 92920.0 10054.0 0.45335189974139645 5 18 21.0 0.0 0.45335189974139645 0
93 ec.gp.GPIndividual@554737495{1039691620} 0.0 92920.0 8387.0 0.34470013115535947 5 18 21.0 0.0 0.34470013115535947 0
93 ec.gp.GPIndividual@48401072{201519833} 0.0 74660.0 8387.0 0.08405866221533326 5 24 21.0 0.0 0.08405866221533326 0
93 ec.gp.GPIndividual@554737495{1039691620} 0.0 92920.0 14578.0 0.6229935519275621 5 18 21.0 0.0 0.6229935519275621 0
93 ec.gp.GPIndividual@554737495{1039691620} 0.0 92920.0 10861.0 0.4939692477672406 5 18 21.0 0.0 0.4939692477672406 0
93 ec.gp.GPIndividual@554737495{1039691620} 0.0 92920.0 8160.0 0.3264705882352941 5 18 21.0 0.0 0.3264705882352941 0
93 ec.gp.GPIndividual@554737495{1039691620} 0.0 92920.0 12802.0 0.5706920793625996 5 18 21.0 0.0 0.5706920793625996 0
93 ec.gp.GPIndividual@554737495{1039691620} 0.0 92920.0 10087.0 0.4551402795677605 5 18 21.0 0.0 0.4551402795677605 0
93 ec.gp.GPIndividual@1526020236{-173550014} 0.0 74660.0 10054.0 0.09568331012532326 5 22 21.0 0.0 0.09568331012532326 0
93 ec.gp.GPIndividual@1134357308{-86251633} 0.0 59971.0 10054.0 0.07370200915058683 5 22 21.0 0.0 0.07370200915058683 0
93 ec.gp.GPIndividual@554737495{1039691620} 0.0 92920.0 8317.0 0.33918480221233616 5 18 21.0 0.0 0.33918480221233616 0
93 ec.gp.GPIndividual@1526020236{-173550014} 0.0 74660.0 14578.0 0.08405866221533326 93 ec.gp.GPIndividual@48401072{201519833} 5 22 21.0 0.0 0.0 0.08405866221533326 0
70800.0 14578.0 0.26629167238304297 5 24 21.0 0.0 0.26629167238304297 0
93 ec.gp.GPIndividual@1134357308{-86251633} 0.0 59971.0 8387.0 0.28711100512698223 5 22 21.0 0.0 0.28711100512698223 0
93 ec.gp.GPIndividual@1134357308{-86251633} 0.0 64218.0 14578.0 0.34298257648511454 5 22 21.0 0.0 0.34298257648511454 0
93 ec.gp.GPIndividual@48401072{201519833} 0.0 74660.0 10861.0 0.16287634656109015 5 24 21.0 0.0 0.16287634656109015 0
93 ec.gp.GPIndividual@1526020236{-173550014} 0.0 70800.0 14578.0 0.26629167238304297 5 22 21.0 0.0 0.26629167238304297 0
93 ec.gp.GPIndividual@48401072{201519833} 0.0 74660.0 8160.0 0.1142156862745098 5 24 21.0 0.0 0.1142156862745098 0
93 ec.gp.GPIndividual@1134357308{-86251633} 0.0 59971.0 10861.0 0.006076788509345364 5 22 21.0 0.0 0.006076788509345364 0
93 ec.gp.GPIndividual@1526020236{-173550014} 0.0 74660.0 10861.0 0.16287634656109015 5 22 21.0 0.0 0.16287634656109015 0
93 ec.gp.GPIndividual@1134357308{-86251633} 0.0 63781.0 8160.0 0.12022058823529412 5 22 21.0 0.0 0.12022058823529412 0
93 ec.gp.GPIndividual@48401072{201519833} 0.0 75160.0 12802.0 0.2507420715513201 5 24 21.0 0.0 0.2507420715513201 0
93 ec.gp.GPIndividual@1526020236{-173550014} 0.0 74660.0 8160.0 0.1142156862745098 93 ec.gp.GPIndividual@1134357308{-86251633} 5 22 21.0 0.0 0.0 0.1142156862745098 0
64266.0 12802.0 0.24808623652554287 5 22 21.0 0.0 0.24808623652554287 0
93 ec.gp.GPIndividual@48401072{201519833} 0.0 74660.0 10087.0 0.0986418161990681 5 24 21.0 0.0 0.0986418161990681 0
93 ec.gp.GPIndividual@1526020236{-173550014} 0.0 75160.0 12802.0 0.2507420715513201 5 22 21.0 0.0 0.2507420715513201 0
93 ec.gp.GPIndividual@1134357308{-86251633} 0.0 59971.0 10087.0 0.07018935263210073 5 22 21.0 0.0 0.07018935263210073 0
93 ec.gp.GPIndividual@48401072{201519833} 0.0 74660.0 8317.0 0.09318263797042203 5 24 21.0 0.0 0.09318263797042203 0
93 ec.gp.GPIndividual@1134357308{-86251633} 0.0 63781.0 8317.0 0.09907418540339065 5 22 21.0 0.0 0.09907418540339065 0
93 ec.gp.GPIndividual@1526020236{-173550014} 0.0 74660.0 10087.0 0.0986418161990681 5 22 21.0 0.0 0.0986418161990681 0
93 ec.gp.GPIndividual@1453053048{1274519140} 0.0 88682.0 10054.0 0.3314103839267953 5 22 21.0 0.0 0.3314103839267953 0
93 ec.gp.GPIndividual@1453053048{1274519140} 0.0 88682.0 8387.0 0.19852152140217003 5 22 21.0 0.0 0.19852152140217003 0
93 ec.gp.GPIndividual@1453053048{1274519140} 0.0 88682.0 14578.0 0.538894224173412 5 22 21.0 0.0 0.538894224173412 0
93 ec.gp.GPIndividual@1453053048{1274519140} 0.0 88682.0 10861.0 0.38108829757849183 5 22 21.0 0.0 0.38108829757849183 0
93 ec.gp.GPIndividual@1453053048{1274519140} 0.0 88682.0 8160.0 0.17622549019607844 5 22 21.0 0.0 0.17622549019607844 0
93 ec.gp.GPIndividual@1453053048{1274519140} 93 ec.gp.GPIndividual@341721067{499755089} 0.0 0.0 88682.0 12802.0 0.47492579284486797 74660.0 12802.0 0.09568331012532326 5 22 21.0 0.0 5 22 21.0 0.0 0.47492579284486797 0
0.09568331012532326 0
93 ec.gp.GPIndividual@1453053048{1274519140} 0.0 88682.0 10087.0 0.33359770000991373 5 22 21.0 0.0 0.33359770000991373 0
93 ec.gp.GPIndividual@1453053048{1274519140} 0.0 88682.0 8317.0 0.1917758807262234 5 22 21.0 0.0 0.1917758807262234 0
93 ec.gp.GPIndividual@1526020236{-173550014} 0.0 74660.0 8317.0 0.09318263797042203 5 22 21.0 0.0 0.09318263797042203 0
93 ec.gp.GPIndividual@341721067{499755089} 0.0 74660.0 8387.0 0.08405866221533326 5 22 21.0 0.0 0.08405866221533326 0
93 ec.gp.GPIndividual@690038404{-405653547} 0.0 83138.0 10054.0 0.3393674159538492 5 22 21.0 0.0 0.3393674159538492 0
93 ec.gp.GPIndividual@690038404{-405653547} 0.0 83138.0 8387.0 0.2080600930010731 5 22 21.0 0.0 0.2080600930010731 0
93 ec.gp.GPIndividual@341721067{499755089} 0.0 70800.0 14578.0 0.26629167238304297 5 22 21.0 0.0 0.26629167238304297 0
93 ec.gp.GPIndividual@690038404{-405653547} 0.0 83546.0 14578.0 0.5163945671559885 5 22 21.0 0.0 0.5163945671559885 0
93 ec.gp.GPIndividual@690038404{-405653547} 0.0 83138.0 10861.0 0.3884541018322438 5 22 21.0 0.0 0.3884541018322438 0
93 ec.gp.GPIndividual@341721067{499755089} 0.0 74660.0 10861.0 0.16287634656109015 5 22 21.0 0.0 0.16287634656109015 0
93 ec.gp.GPIndividual@690038404{-405653547} 0.0 83138.0 8160.0 0.1860294117647059 5 22 21.0 0.0 0.1860294117647059 0
93 ec.gp.GPIndividual@341721067{499755089} 0.0 74660.0 8160.0 0.1142156862745098 5 22 21.0 0.0 0.1142156862745098 0
93 ec.gp.GPIndividual@690038404{-405653547} 0.0 83638.0 12802.0 0.4421184189970317 5 22 21.0 0.0 0.4421184189970317 0
93 ec.gp.GPIndividual@690038404{-405653547} 0.0 83138.0 10087.0 0.34152870030732624 5 22 21.0 0.0 0.34152870030732624 0
93 ec.gp.GPIndividual@341721067{499755089} 0.0 75160.0 12802.0 0.2507420715513201 5 22 21.0 0.0 0.2507420715513201 0
93 ec.gp.GPIndividual@690038404{-405653547} 0.0 83138.0 8317.0 0.2013947336780089 5 22 21.0 0.0 0.2013947336780089 0
93 ec.gp.GPIndividual@341721067{499755089} 0.0 74660.0 10087.0 0.0986418161990681 5 22 21.0 0.0 0.0986418161990681 0
93 ec.gp.GPIndividual@341721067{499755089} 0.0 74660.0 8317.0 0.09318263797042203 5 22 21.0 0.0 0.09318263797042203 0
93 ec.gp.GPIndividual@582272201{1730325520} 0.0 74660.0 10054.0 0.09568331012532326 5 22 21.0 0.0 0.09568331012532326 0
93 ec.gp.GPIndividual@582272201{1730325520} 0.0 74660.0 8387.0 0.08405866221533326 5 22 21.0 0.0 0.08405866221533326 0
93 ec.gp.GPIndividual@582272201{1730325520} 0.0 70800.0 14578.0 0.26629167238304297 5 22 21.0 0.0 0.26629167238304297 0
93 ec.gp.GPIndividual@582272201{1730325520} 0.0 74660.0 10861.0 0.16287634656109015 5 22 21.0 0.0 0.16287634656109015 0
93 ec.gp.GPIndividual@582272201{1730325520} 0.0 74660.0 8160.0 0.1142156862745098 5 22 21.0 0.0 0.1142156862745098 0
93 ec.gp.GPIndividual@582272201{1730325520} 0.0 75160.0 12802.0 0.2507420715513201 5 22 21.0 0.0 0.2507420715513201 0
93 ec.gp.GPIndividual@582272201{1730325520} 0.0 74660.0 10087.0 0.0986418161990681 5 22 21.0 0.0 0.0986418161990681 0
93 ec.gp.GPIndividual@582272201{1730325520} 0.0 74660.0 8317.0 0.09318263797042203 5 22 21.0 0.0 0.09318263797042203 0
94 ec.gp.GPIndividual@644520301{1801811253} 0.0 101188.0 10054.0 0.7179232146409389 5 22 21.0 0.0 0.7179232146409389 0
94 ec.gp.GPIndividual@644520301{1801811253} 0.0 101188.0 8387.0 0.6618576368188863 5 22 21.0 0.0 0.6618576368188863 0
94 ec.gp.GPIndividual@644520301{1801811253} 0.0 101188.0 14578.0 0.805460282617643 5 22 21.0 0.0 0.805460282617643 0
94 ec.gp.GPIndividual@644520301{1801811253} 0.0 101188.0 10861.0 0.7388822392044931 5 22 21.0 0.0 0.7388822392044931 0
94 ec.gp.GPIndividual@644520301{1801811253} 0.0 101188.0 8160.0 0.6524509803921569 5 22 21.0 0.0 0.6524509803921569 0
94 ec.gp.GPIndividual@644520301{1801811253} 0.0 101188.0 12802.0 0.7784721137322294 5 22 21.0 0.0 0.7784721137322294 0
94 ec.gp.GPIndividual@644520301{1801811253} 0.0 101188.0 10087.0 0.7188460394567264 5 22 21.0 0.0 0.7188460394567264 0
94 ec.gp.GPIndividual@644520301{1801811253} 0.0 101188.0 8317.0 0.6590116628592041 5 22 21.0 0.0 0.6590116628592041 0
94 ec.gp.GPIndividual@504882099{-556768023} 0.0 79424.0 10054.0 0.16530734036204495 5 22 21.0 0.0 0.16530734036204495 0
94 ec.gp.GPIndividual@782070883{1958547681} 0.0 74660.0 10054.0 0.09568331012532326 5 24 21.0 0.0 0.09568331012532326 0
94 ec.gp.GPIndividual@810233882{-1509305358} 94 ec.gp.GPIndividual@1990187858{-84408557} 0.0 0.0 79122.0 10054.0 0.19534513626417346 75160.0 10054.0 0.045951859956236324 5 20 21.0 0.0 0.19534513626417346 0
94 ec.gp.GPIndividual@1973362768{1369130674} 0.0 5 22 21.0 0.0 75160.0 10054.0 0.045951859956236324 0.045951859956236324 0
5 20 21.0 0.0 0.045951859956236324 0
94 ec.gp.GPIndividual@504882099{-556768023} 0.0 79424.0 8387.0 5.961607249314415E-4 5 22 21.0 0.0 5.961607249314415E-4 0
94 ec.gp.GPIndividual@810233882{-1509305358} 0.0 79122.0 8387.0 0.03541194706092762 5 20 21.0 0.0 0.03541194706092762 0
94 ec.gp.GPIndividual@504882099{-556768023} 0.0 79832.0 14578.0 0.3963506653861984 94 ec.gp.GPIndividual@782070883{1958547681} 5 22 21.0 0.0 0.0 0.3963506653861984 0
74660.0 8387.0 0.08405866221533326 5 24 21.0 0.0 0.08405866221533326 0
94 ec.gp.GPIndividual@810233882{-1509305358} 0.0 87078.0 14578.0 0.6489230347098367 5 20 21.0 0.0 0.6489230347098367 0
94 ec.gp.GPIndividual@1973362768{1369130674} 94 ec.gp.GPIndividual@1990187858{-84408557} 0.0 0.0 75160.0 8387.0 0.14367473470847741 5 20 21.0 0.0 75160.0 8387.0 0.14367473470847741 0.14367473470847741 0
5 22 21.0 0.0 0.14367473470847741 0
94 ec.gp.GPIndividual@504882099{-556768023} 0.0 79424.0 10861.0 0.22732713378141975 5 22 21.0 0.0 0.22732713378141975 0
94 ec.gp.GPIndividual@810233882{-1509305358} 0.0 79122.0 10861.0 0.2551330448393334 5 20 21.0 0.0 0.2551330448393334 0
94 ec.gp.GPIndividual@1973362768{1369130674} 0.0 79222.0 14578.0 0.43819453971738237 5 20 21.0 0.0 0.43819453971738237 0
94 ec.gp.GPIndividual@1990187858{-84408557} 0.0 79222.0 14578.0 0.43819453971738237 5 22 21.0 0.0 0.43819453971738237 0
94 ec.gp.GPIndividual@504882099{-556768023} 0.0 79424.0 8160.0 0.028431372549019607 5 22 21.0 0.0 0.028431372549019607 0
94 ec.gp.GPIndividual@810233882{-1509305358} 0.0 83138.0 8160.0 0.1860294117647059 5 20 21.0 0.0 0.1860294117647059 0
94 ec.gp.GPIndividual@782070883{1958547681} 0.0 70800.0 14578.0 0.26629167238304297 5 24 21.0 0.0 0.26629167238304297 0
94 ec.gp.GPIndividual@810233882{-1509305358} 0.0 83360.0 12802.0 0.4638337759725043 5 20 21.0 0.0 0.4638337759725043 0
94 ec.gp.GPIndividual@504882099{-556768023} 0.0 79678.0 12802.0 0.3246367755038275 5 22 21.0 0.0 0.3246367755038275 0
94 ec.gp.GPIndividual@1973362768{1369130674} 0.0 75160.0 10861.0 0.1168400699751404 5 20 21.0 0.0 0.1168400699751404 0
94 ec.gp.GPIndividual@1990187858{-84408557} 0.0 75160.0 10861.0 0.1168400699751404 5 22 21.0 0.0 0.1168400699751404 0
94 ec.gp.GPIndividual@810233882{-1509305358} 0.0 79122.0 10087.0 0.1979775949241598 5 20 21.0 0.0 0.1979775949241598 0
94 ec.gp.GPIndividual@504882099{-556768023} 0.0 79424.0 10087.0 0.16803806880142758 5 22 21.0 0.0 0.16803806880142758 0
94 ec.gp.GPIndividual@782070883{1958547681} 0.0 74660.0 10861.0 0.16287634656109015 5 24 21.0 0.0 0.16287634656109015 0
94 ec.gp.GPIndividual@1973362768{1369130674} 0.0 78900.0 8160.0 0.035784313725490194 5 20 21.0 0.0 0.035784313725490194 0
94 ec.gp.GPIndividual@1990187858{-84408557} 0.0 78900.0 8160.0 0.035784313725490194 5 22 21.0 0.0 0.035784313725490194 0
94 ec.gp.GPIndividual@810233882{-1509305358} 0.0 83138.0 8317.0 0.2013947336780089 5 20 21.0 0.0 0.2013947336780089 0
94 ec.gp.GPIndividual@504882099{-556768023} 0.0 79424.0 8317.0 0.009017674642298907 5 22 21.0 0.0 0.009017674642298907 0
94 ec.gp.GPIndividual@1163368554{1242968562} 0.0 109280.0 10054.0 1.0 5 16 21.0 0.0 1.0 0
94 ec.gp.GPIndividual@1163368554{1242968562} 0.0 109280.0 8387.0 1.0 5 16 21.0 0.0 1.0 0
94 ec.gp.GPIndividual@1163368554{1242968562} 0.0 109280.0 14578.0 1.0 5 16 21.0 0.0 1.0 0
94 ec.gp.GPIndividual@1163368554{1242968562} 0.0 109280.0 10861.0 1.0 5 16 21.0 0.0 1.0 0
94 ec.gp.GPIndividual@1163368554{1242968562} 0.0 109280.0 8160.0 1.0 5 16 21.0 0.0 1.0 0
94 ec.gp.GPIndividual@1163368554{1242968562} 0.0 109280.0 12802.0 1.0 5 16 21.0 0.0 1.0 0
94 ec.gp.GPIndividual@1163368554{1242968562} 0.0 109280.0 10087.0 1.0 5 16 21.0 0.0 1.0 0
94 ec.gp.GPIndividual@1163368554{1242968562} 0.0 109280.0 8317.0 1.0 5 16 21.0 0.0 1.0 0
94 ec.gp.GPIndividual@1973362768{1369130674} 0.0 79400.0 12802.0 0.34635213247930013 5 20 21.0 0.0 0.34635213247930013 0
94 ec.gp.GPIndividual@1990187858{-84408557} 0.0 79400.0 12802.0 0.34635213247930013 5 22 21.0 0.0 0.34635213247930013 0
94 ec.gp.GPIndividual@782070883{1958547681} 0.0 74660.0 8160.0 0.1142156862745098 5 24 21.0 0.0 0.1142156862745098 0
94 ec.gp.GPIndividual@1973362768{1369130674} 0.0 75160.0 10087.0 0.04907306434023991 5 20 21.0 0.0 0.04907306434023991 0
94 ec.gp.GPIndividual@1990187858{-84408557} 0.0 75160.0 10087.0 0.04907306434023991 5 22 21.0 0.0 0.04907306434023991 0
94 ec.gp.GPIndividual@782070883{1958547681} 0.0 75160.0 12802.0 0.2507420715513201 5 24 21.0 0.0 0.2507420715513201 0
94 ec.gp.GPIndividual@1973362768{1369130674} 0.0 78900.0 8317.0 0.05398581219189612 5 20 21.0 0.0 0.05398581219189612 0
94 ec.gp.GPIndividual@1990187858{-84408557} 0.0 78900.0 8317.0 0.05398581219189612 5 22 21.0 0.0 0.05398581219189612 0
94 ec.gp.GPIndividual@1947018391{1238690615} 0.0 88682.0 10054.0 0.3314103839267953 5 16 21.0 0.0 0.3314103839267953 0
94 ec.gp.GPIndividual@1947018391{1238690615} 0.0 88682.0 8387.0 0.19852152140217003 5 16 21.0 0.0 0.19852152140217003 0
94 ec.gp.GPIndividual@1947018391{1238690615} 0.0 88682.0 14578.0 0.538894224173412 5 16 21.0 0.0 0.538894224173412 0
94 ec.gp.GPIndividual@1947018391{1238690615} 0.0 88682.0 10861.0 0.38108829757849183 5 16 21.0 0.0 0.38108829757849183 0
94 ec.gp.GPIndividual@782070883{1958547681} 0.0 74660.0 10087.0 0.0986418161990681 5 24 21.0 0.0 0.0986418161990681 0
94 ec.gp.GPIndividual@1947018391{1238690615} 0.0 88682.0 8160.0 0.17622549019607844 5 16 21.0 0.0 0.17622549019607844 0
94 ec.gp.GPIndividual@1947018391{1238690615} 0.0 88682.0 12802.0 0.47492579284486797 5 16 21.0 0.0 0.47492579284486797 0
94 ec.gp.GPIndividual@1947018391{1238690615} 0.0 88682.0 10087.0 0.33359770000991373 5 16 21.0 0.0 0.33359770000991373 0
94 ec.gp.GPIndividual@1947018391{1238690615} 0.0 88682.0 8317.0 0.1917758807262234 5 16 21.0 0.0 0.1917758807262234 0
94 ec.gp.GPIndividual@782070883{1958547681} 0.0 74660.0 8317.0 0.09318263797042203 5 24 21.0 0.0 0.09318263797042203 0
94 ec.gp.GPIndividual@1567163936{-1206170992} 0.0 92920.0 10054.0 0.45335189974139645 5 20 21.0 0.0 0.45335189974139645 0
94 ec.gp.GPIndividual@1567163936{-1206170992} 0.0 92920.0 8387.0 0.34470013115535947 5 20 21.0 0.0 0.34470013115535947 0
94 ec.gp.GPIndividual@1567163936{-1206170992} 0.0 92920.0 14578.0 0.6229935519275621 5 20 21.0 0.0 0.6229935519275621 0
94 ec.gp.GPIndividual@1567163936{-1206170992} 0.0 92920.0 10861.0 0.4939692477672406 5 20 21.0 0.0 0.4939692477672406 0
94 ec.gp.GPIndividual@1567163936{-1206170992} 0.0 92920.0 8160.0 0.3264705882352941 5 20 21.0 0.0 0.3264705882352941 0
94 ec.gp.GPIndividual@1567163936{-1206170992} 0.0 92920.0 12802.0 0.5706920793625996 5 20 21.0 0.0 0.5706920793625996 0
94 ec.gp.GPIndividual@1567163936{-1206170992} 0.0 92920.0 10087.0 0.4551402795677605 5 20 21.0 0.0 0.4551402795677605 0
94 ec.gp.GPIndividual@1567163936{-1206170992} 0.0 92920.0 8317.0 0.33918480221233616 5 20 21.0 0.0 0.33918480221233616 0
94 ec.gp.GPIndividual@277648614{357392244} 0.0 88682.0 10054.0 0.3314103839267953 5 18 21.0 0.0 0.3314103839267953 0
94 ec.gp.GPIndividual@277648614{357392244} 0.0 88682.0 8387.0 0.19852152140217003 5 18 21.0 0.0 0.19852152140217003 0
94 ec.gp.GPIndividual@277648614{357392244} 0.0 88682.0 14578.0 0.538894224173412 5 18 21.0 0.0 0.538894224173412 0
94 ec.gp.GPIndividual@277648614{357392244} 0.0 88682.0 10861.0 0.38108829757849183 5 18 21.0 0.0 0.38108829757849183 0
94 ec.gp.GPIndividual@277648614{357392244} 0.0 88682.0 8160.0 0.17622549019607844 5 18 21.0 0.0 0.17622549019607844 0
94 ec.gp.GPIndividual@277648614{357392244} 0.0 88682.0 12802.0 0.47492579284486797 5 18 21.0 0.0 0.47492579284486797 0
94 ec.gp.GPIndividual@277648614{357392244} 0.0 88682.0 10087.0 0.33359770000991373 5 18 21.0 0.0 0.33359770000991373 0
94 ec.gp.GPIndividual@277648614{357392244} 0.0 88682.0 8317.0 0.1917758807262234 5 18 21.0 0.0 0.1917758807262234 0
95 ec.gp.GPIndividual@1427107999{-1346419940} 0.0 105260.0 10054.0 0.8563755719116769 1 1 21.0 0.0 0.8563755719116769 0
95 ec.gp.GPIndividual@1427107999{-1346419940} 0.0 105260.0 8387.0 0.8278287826397996 1 1 21.0 0.0 0.8278287826397996 0
95 ec.gp.GPIndividual@722327941{357392244} 0.0 95 ec.gp.GPIndividual@1427107999{-1346419940} 88682.0 10054.0 0.3314103839267953 0.0 5 18 21.0 0.0 105260.0 14578.0 0.9009466319110989 0.3314103839267953 0
1 1 21.0 0.0 0.9009466319110989 0
95 ec.gp.GPIndividual@101135084{1945782441} 95 ec.gp.GPIndividual@722327941{357392244} 0.0 0.0 95 ec.gp.GPIndividual@1427107999{-1346419940} 88682.0 8387.0 0.19852152140217003 78455.0 8387.0 0.26168689078973545 5 18 21.0 0.0 0.0 5 22 21.0 0.0 0.19852152140217003 0
0.26168689078973545 0
105260.0 10861.0 0.8670472332197772 1 1 21.0 0.0 0.8670472332197772 0
95 ec.gp.GPIndividual@722327941{357392244} 0.0 88682.0 14578.0 0.538894224173412 5 18 21.0 0.0 0.538894224173412 0
95 ec.gp.GPIndividual@1427107999{-1346419940} 0.0 105260.0 8160.0 0.8230392156862745 1 1 21.0 0.0 0.8230392156862745 0
95 ec.gp.GPIndividual@1561277590{962801210} 0.0 95 ec.gp.GPIndividual@1427107999{-1346419940} 83138.0 10054.0 0.3393674159538492 0.0 5 16 21.0 0.0 95 ec.gp.GPIndividual@722327941{357392244} 105260.0 10861.0 0.8872051241993438 0.3393674159538492 0
0.0 88682.0 10861.0 0.38108829757849183 1 1 21.0 0.0 5 18 21.0 0.0 0.8872051241993438 0
95 ec.gp.GPIndividual@101135084{1945782441} 0.0 95 ec.gp.GPIndividual@1427107999{-1346419940} 78455.0 10087.0 0.11493978776678193 0.0 0.38108829757849183 0
105260.0 10087.0 0.8568454446317042 1 1 21.0 0.0 0.8568454446317042 0
5 22 21.0 0.0 95 ec.gp.GPIndividual@1427107999{-1346419940} 0.0 0.11493978776678193 0
95 ec.gp.GPIndividual@1357706273{-1105129733} 0.0 79122.0 8160.0 0.19534513626417346 5 16 21.0 0.0 95 ec.gp.GPIndividual@722327941{357392244} 0.19534513626417346 0
105260.0 8317.0 0.8263797042202717 1 1 21.0 0.0 0.8263797042202717 0
0.0 88682.0 8160.0 0.17622549019607844 5 18 21.0 0.0 0.17622549019607844 0
95 ec.gp.GPIndividual@1561277590{962801210} 0.0 83138.0 8387.0 0.2080600930010731 5 16 21.0 0.0 0.2080600930010731 0
95 ec.gp.GPIndividual@722327941{357392244} 0.0 88682.0 12802.0 0.47492579284486797 5 18 21.0 0.0 0.47492579284486797 0
95 ec.gp.GPIndividual@101135084{1945782441} 0.0 79242.0 14578.0 0.4368226094114419 5 22 21.0 0.0 0.4368226094114419 0
95 ec.gp.GPIndividual@722327941{357392244} 0.0 88682.0 10087.0 0.33359770000991373 5 18 21.0 0.0 0.33359770000991373 0
95 ec.gp.GPIndividual@722327941{357392244} 0.0 88682.0 8317.0 0.1917758807262234 5 18 21.0 0.0 0.1917758807262234 0
95 ec.gp.GPIndividual@239206804{-1925327932} 0.0 74186.0 10054.0 0.14282872488561765 5 22 21.0 0.0 0.14282872488561765 0
95 ec.gp.GPIndividual@101135084{1945782441} 0.0 78455.0 10861.0 0.31654543780499034 5 22 21.0 0.0 0.31654543780499034 0
95 ec.gp.GPIndividual@1561277590{962801210} 95 ec.gp.GPIndividual@239206804{-1925327932} 0.0 0.0 82314.0 8387.0 0.6009054740019207 74186.0 8387.0 0.027542625491832597 5 16 21.0 0.0 5 22 21.0 0.0 0.027542625491832597 0
0.6009054740019207 0
95 ec.gp.GPIndividual@1357706273{-1105129733} 0.0 79122.0 8387.0 0.03541194706092762 5 16 21.0 0.0 0.03541194706092762 0
95 ec.gp.GPIndividual@239206804{-1925327932} 0.0 73731.0 14578.0 0.44004664563040197 5 22 21.0 0.0 0.44004664563040197 0
95 ec.gp.GPIndividual@101135084{1945782441} 0.0 78455.0 8160.0 0.09031862745098039 5 22 21.0 0.0 0.09031862745098039 0
95 ec.gp.GPIndividual@239206804{-1925327932} 0.0 73517.0 10861.0 0.2681152748365712 5 22 21.0 0.0 0.2681152748365712 0
95 ec.gp.GPIndividual@239206804{-1925327932} 0.0 74186.0 8160.0 0.05612745098039216 5 22 21.0 0.0 0.05612745098039216 0
95 ec.gp.GPIndividual@1357706273{-1105129733} 0.0 87078.0 14578.0 0.6489230347098367 5 16 21.0 0.0 0.6489230347098367 0
95 ec.gp.GPIndividual@101135084{1945782441} 0.0 95 ec.gp.GPIndividual@1561277590{962801210} 78702.0 10861.0 0.40087486330260896 0.0 5 22 21.0 0.0 95 ec.gp.GPIndividual@1369044091{-1230312976} 0.40087486330260896 0
95 ec.gp.GPIndividual@239206804{-1925327932} 0.0 82314.0 10054.0 0.46432188564588894 73551.0 12802.0 0.37642555850648335 5 22 21.0 0.0 5 16 21.0 0.0 0.0 0.46432188564588894 0
0.37642555850648335 0
74660.0 12802.0 0.09568331012532326 5 20 21.0 0.0 0.09568331012532326 0
95 ec.gp.GPIndividual@101135084{1945782441} 0.0 78455.0 10087.0 0.2641023099038366 5 22 21.0 0.0 0.2641023099038366 0
95 ec.gp.GPIndividual@239206804{-1925327932} 0.0 73960.0 10087.0 0.16803806880142758 5 22 21.0 0.0 0.16803806880142758 0
95 ec.gp.GPIndividual@239206804{-1925327932} 0.0 74186.0 8317.0 0.036190934231092944 5 22 21.0 0.0 0.036190934231092944 0
95 ec.gp.GPIndividual@101135084{1945782441} 0.0 78455.0 8317.0 0.10749068173620296 5 22 21.0 0.0 0.10749068173620296 0
95 ec.gp.GPIndividual@1561277590{962801210} 0.0 83138.0 8160.0 0.1860294117647059 5 16 21.0 0.0 0.1860294117647059 0
95 ec.gp.GPIndividual@1357706273{-1105129733} 0.0 79122.0 10861.0 0.2551330448393334 5 16 21.0 0.0 0.2551330448393334 0
95 ec.gp.GPIndividual@1561277590{962801210} 0.0 82314.0 12802.0 0.5455397594125918 5 16 21.0 0.0 0.5455397594125918 0
95 ec.gp.GPIndividual@1357706273{-1105129733} 0.0 83138.0 8160.0 0.1860294117647059 5 16 21.0 0.0 0.1860294117647059 0
95 ec.gp.GPIndividual@1369044091{-1230312976} 0.0 74660.0 8387.0 0.08405866221533326 5 20 21.0 0.0 0.08405866221533326 0
95 ec.gp.GPIndividual@1561277590{962801210} 0.0 83138.0 10087.0 0.34152870030732624 5 16 21.0 0.0 0.34152870030732624 0
95 ec.gp.GPIndividual@1357706273{-1105129733} 0.0 83360.0 12802.0 0.4638337759725043 5 16 21.0 0.0 0.4638337759725043 0
95 ec.gp.GPIndividual@1561277590{962801210} 0.0 83138.0 8317.0 0.2013947336780089 5 16 21.0 0.0 0.2013947336780089 0
95 ec.gp.GPIndividual@1357706273{-1105129733} 0.0 79122.0 10087.0 0.1979775949241598 5 16 21.0 0.0 0.1979775949241598 0
95 ec.gp.GPIndividual@70189578{531429603} 0.0 65394.0 10054.0 0.0696240302367217 5 20 21.0 0.0 0.0696240302367217 0
95 ec.gp.GPIndividual@1357706273{-1105129733} 0.0 83138.0 8317.0 0.2013947336780089 5 16 21.0 0.0 0.2013947336780089 0
95 ec.gp.GPIndividual@1369044091{-1230312976} 0.0 70800.0 14578.0 0.26629167238304297 5 20 21.0 0.0 0.26629167238304297 0
95 ec.gp.GPIndividual@1482474064{1751144211} 0.0 74660.0 10054.0 0.09568331012532326 5 24 21.0 0.0 0.09568331012532326 0
95 ec.gp.GPIndividual@1369044091{-1230312976} 0.0 74660.0 10861.0 0.16287634656109015 5 20 21.0 0.0 0.16287634656109015 0
95 ec.gp.GPIndividual@1482474064{1751144211} 0.0 74660.0 8387.0 0.08405866221533326 5 24 21.0 0.0 0.08405866221533326 0
95 ec.gp.GPIndividual@1369044091{-1230312976} 0.0 74660.0 8160.0 0.1142156862745098 5 20 21.0 0.0 0.1142156862745098 0
95 ec.gp.GPIndividual@70189578{531429603} 0.0 60866.0 8387.0 0.39382377488971027 5 20 21.0 0.0 0.39382377488971027 0
95 ec.gp.GPIndividual@1369044091{-1230312976} 0.0 75160.0 12802.0 0.2507420715513201 5 20 21.0 0.0 0.2507420715513201 0
95 ec.gp.GPIndividual@1482474064{1751144211} 0.0 70800.0 14578.0 0.26629167238304297 5 24 21.0 0.0 0.26629167238304297 0
95 ec.gp.GPIndividual@1369044091{-1230312976} 0.0 74660.0 10087.0 0.0986418161990681 5 20 21.0 0.0 0.0986418161990681 0
95 ec.gp.GPIndividual@70189578{531429603} 0.0 69516.0 14578.0 0.35436959802442036 5 20 21.0 0.0 0.35436959802442036 0
95 ec.gp.GPIndividual@1482474064{1751144211} 0.0 74660.0 10861.0 0.16287634656109015 5 24 21.0 0.0 0.16287634656109015 0
95 ec.gp.GPIndividual@1369044091{-1230312976} 0.0 74660.0 8317.0 0.09318263797042203 5 20 21.0 0.0 0.09318263797042203 0
95 ec.gp.GPIndividual@1482474064{1751144211} 0.0 74660.0 8160.0 0.1142156862745098 5 24 21.0 0.0 0.1142156862745098 0
95 ec.gp.GPIndividual@1482474064{1751144211} 0.0 75160.0 12802.0 0.2507420715513201 5 24 21.0 0.0 0.2507420715513201 0
95 ec.gp.GPIndividual@70189578{531429603} 0.0 65362.0 10861.0 0.012798084890894025 5 20 21.0 0.0 0.012798084890894025 0
95 ec.gp.GPIndividual@1482474064{1751144211} 0.0 74660.0 10087.0 0.0986418161990681 5 24 21.0 0.0 0.0986418161990681 0
95 ec.gp.GPIndividual@1482474064{1751144211} 0.0 74660.0 8317.0 0.09318263797042203 5 24 21.0 0.0 0.09318263797042203 0
95 ec.gp.GPIndividual@1343342402{-237614511} 0.0 75160.0 10054.0 0.045951859956236324 5 18 21.0 0.0 0.045951859956236324 0
95 ec.gp.GPIndividual@70189578{531429603} 0.0 60598.0 8160.0 0.39975490196078434 5 20 21.0 0.0 0.39975490196078434 0
95 ec.gp.GPIndividual@1343342402{-237614511} 0.0 75160.0 8387.0 0.14367473470847741 5 18 21.0 0.0 0.14367473470847741 0
95 ec.gp.GPIndividual@1343342402{-237614511} 0.0 79222.0 14578.0 0.43819453971738237 5 18 21.0 0.0 0.43819453971738237 0
95 ec.gp.GPIndividual@70189578{531429603} 0.0 64866.0 12802.0 0.2012185596000625 5 20 21.0 0.0 0.2012185596000625 0
95 ec.gp.GPIndividual@1343342402{-237614511} 0.0 75160.0 10861.0 0.1168400699751404 5 18 21.0 0.0 0.1168400699751404 0
95 ec.gp.GPIndividual@1343342402{-237614511} 0.0 78900.0 8160.0 0.035784313725490194 5 18 21.0 0.0 0.035784313725490194 0
95 ec.gp.GPIndividual@1343342402{-237614511} 0.0 79400.0 12802.0 0.34635213247930013 5 18 21.0 0.0 0.34635213247930013 0
95 ec.gp.GPIndividual@70189578{531429603} 0.0 65394.0 10087.0 0.06612471497967681 5 20 21.0 0.0 0.06612471497967681 0
95 ec.gp.GPIndividual@1343342402{-237614511} 0.0 75160.0 10087.0 0.04907306434023991 5 18 21.0 0.0 0.04907306434023991 0
95 ec.gp.GPIndividual@1343342402{-237614511} 0.0 78900.0 8317.0 0.05398581219189612 5 18 21.0 0.0 0.05398581219189612 0
95 ec.gp.GPIndividual@70189578{531429603} 0.0 60598.0 8317.0 0.3733317301911747 5 20 21.0 0.0 0.3733317301911747 0
96 ec.gp.GPIndividual@1302689867{-1530088278} 0.0 104262.0 10054.0 0.9556395464491745 1 1 21.0 0.0 0.9556395464491745 0
96 ec.gp.GPIndividual@894058951{770933184} 0.0 96 ec.gp.GPIndividual@1302689867{-1530088278} 91632.0 10054.0 0.5814601153769644 0.0 5 10 21.0 0.0 104262.0 8387.0 0.9468224633361154 0.5814601153769644 0
1 1 21.0 0.0 0.9468224633361154 0
96 ec.gp.GPIndividual@894058951{770933184} 0.0 91632.0 8387.0 0.49827113389769884 5 10 21.0 0.0 0.49827113389769884 0
96 ec.gp.GPIndividual@1302689867{-1530088278} 0.0 104262.0 14578.0 0.9694059541775277 1 1 21.0 0.0 0.9694059541775277 0
96 ec.gp.GPIndividual@894058951{770933184} 0.0 91683.0 14578.0 0.7078474413499795 5 10 21.0 0.0 0.7078474413499795 0
96 ec.gp.GPIndividual@1302689867{-1530088278} 0.0 104262.0 10861.0 0.9589356412853328 1 1 21.0 0.0 0.9589356412853328 0
96 ec.gp.GPIndividual@894058951{770933184} 0.0 91632.0 10861.0 0.6125586962526471 5 10 21.0 0.0 0.6125586962526471 0
96 ec.gp.GPIndividual@1302689867{-1530088278} 0.0 104262.0 8160.0 0.9453431372549019 1 1 21.0 0.0 0.9453431372549019 0
96 ec.gp.GPIndividual@894058951{770933184} 96 ec.gp.GPIndividual@795439508{-1682444678} 0.0 96 ec.gp.GPIndividual@1302689867{-1530088278} 0.0 91632.0 12802.0 0.4843137254901961 0.0 5 10 21.0 0.0 104262.0 12802.0 0.9651616934853929 83138.0 12802.0 0.3393674159538492 0.4843137254901961 0
5 16 21.0 0.0 0.3393674159538492 0
1 1 21.0 0.0 0.9651616934853929 0
96 ec.gp.GPIndividual@894058951{770933184} 0.0 96 ec.gp.GPIndividual@1302689867{-1530088278} 0.0 91632.0 12802.0 0.6713013591626308 104262.0 10087.0 0.9557846733419253 5 10 21.0 0.0 1 1 21.0 0.0 0.9557846733419253 0
0.6713013591626308 0
96 ec.gp.GPIndividual@1302689867{-1530088278} 0.0 104262.0 8317.0 0.9463748947937959 1 1 21.0 0.0 0.9463748947937959 0
96 ec.gp.GPIndividual@894058951{770933184} 0.0 91632.0 10087.0 0.5828293843561019 5 10 21.0 0.0 0.5828293843561019 0
96 ec.gp.GPIndividual@1668871415{-630343827} 0.0 74660.0 10054.0 0.09568331012532326 5 24 21.0 0.0 0.09568331012532326 0
96 ec.gp.GPIndividual@894058951{770933184} 0.0 91632.0 8317.0 0.49404833473608273 5 10 21.0 0.0 0.49404833473608273 0
96 ec.gp.GPIndividual@47694793{-872353959} 0.0 78455.0 8387.0 0.26168689078973545 5 22 21.0 0.0 96 ec.gp.GPIndividual@795439508{-1682444678} 96 ec.gp.GPIndividual@600489684{499755089} 0.0 0.26168689078973545 0
0.0 83138.0 10054.0 0.2080600930010731 74660.0 10054.0 0.09568331012532326 5 16 21.0 0.0 5 22 21.0 0.0 0.2080600930010731 0
0.09568331012532326 0
96 ec.gp.GPIndividual@47694793{-872353959} 0.0 78455.0 8387.0 0.11493978776678193 5 22 21.0 0.0 0.11493978776678193 0
96 ec.gp.GPIndividual@47694793{-872353959} 0.0 79242.0 14578.0 0.4368226094114419 5 22 21.0 0.0 0.4368226094114419 0
96 ec.gp.GPIndividual@795439508{-1682444678} 0.0 82314.0 14578.0 0.6009054740019207 5 16 21.0 0.0 0.6009054740019207 0
96 ec.gp.GPIndividual@47694793{-872353959} 0.0 96 ec.gp.GPIndividual@1668871415{-630343827} 78455.0 8387.0 0.31654543780499034 0.0 5 22 21.0 0.0 74660.0 8387.0 0.08405866221533326 0.31654543780499034 0
5 24 21.0 0.0 0.08405866221533326 0
96 ec.gp.GPIndividual@47694793{-872353959} 0.0 78455.0 8160.0 0.09031862745098039 5 22 21.0 0.0 0.09031862745098039 0
96 ec.gp.GPIndividual@47694793{-872353959} 0.0 78702.0 12802.0 0.40087486330260896 5 22 21.0 0.0 0.40087486330260896 0
96 ec.gp.GPIndividual@795439508{-1682444678} 0.0 82314.0 10861.0 0.46432188564588894 5 16 21.0 0.0 0.46432188564588894 0
96 ec.gp.GPIndividual@600489684{499755089} 0.0 74660.0 8387.0 0.08405866221533326 96 ec.gp.GPIndividual@47694793{-872353959} 5 22 21.0 0.0 0.0 0.08405866221533326 0
78455.0 10087.0 0.2641023099038366 5 22 21.0 0.0 0.2641023099038366 0
96 ec.gp.GPIndividual@47694793{-872353959} 0.0 78455.0 8317.0 0.10749068173620296 5 22 21.0 0.0 0.10749068173620296 0
96 ec.gp.GPIndividual@795439508{-1682444678} 0.0 83138.0 8160.0 0.1860294117647059 5 16 21.0 0.0 0.1860294117647059 0
96 ec.gp.GPIndividual@795439508{-1682444678} 0.0 82314.0 12802.0 0.5455397594125918 5 16 21.0 0.0 0.5455397594125918 0
96 ec.gp.GPIndividual@1668871415{-630343827} 0.0 70800.0 14578.0 0.26629167238304297 5 24 21.0 0.0 0.26629167238304297 0
96 ec.gp.GPIndividual@795439508{-1682444678} 0.0 83138.0 10087.0 0.34152870030732624 5 16 21.0 0.0 0.34152870030732624 0
96 ec.gp.GPIndividual@600489684{499755089} 0.0 70800.0 14578.0 0.26629167238304297 5 22 21.0 0.0 0.26629167238304297 0
96 ec.gp.GPIndividual@795439508{-1682444678} 0.0 83138.0 8317.0 0.2013947336780089 5 16 21.0 0.0 0.2013947336780089 0
96 ec.gp.GPIndividual@1668871415{-630343827} 0.0 74660.0 10861.0 0.16287634656109015 5 24 21.0 0.0 0.16287634656109015 0
96 ec.gp.GPIndividual@1443113179{-1509305358} 0.0 79122.0 10054.0 0.19534513626417346 5 12 21.0 0.0 0.19534513626417346 0
96 ec.gp.GPIndividual@600489684{499755089} 0.0 74660.0 10861.0 0.16287634656109015 5 22 21.0 0.0 0.16287634656109015 0
96 ec.gp.GPIndividual@1668871415{-630343827} 0.0 74660.0 8160.0 0.1142156862745098 5 24 21.0 0.0 0.1142156862745098 0
96 ec.gp.GPIndividual@1443113179{-1509305358} 0.0 79122.0 8387.0 0.03541194706092762 5 12 21.0 0.0 0.03541194706092762 0
96 ec.gp.GPIndividual@1443113179{-1509305358} 0.0 87078.0 14578.0 0.6489230347098367 5 12 21.0 0.0 0.6489230347098367 0
96 ec.gp.GPIndividual@600489684{499755089} 0.0 74660.0 8160.0 0.1142156862745098 5 22 21.0 0.0 0.1142156862745098 0
96 ec.gp.GPIndividual@1668871415{-630343827} 0.0 75160.0 12802.0 0.2507420715513201 5 24 21.0 0.0 0.2507420715513201 0
96 ec.gp.GPIndividual@1443113179{-1509305358} 0.0 79122.0 10861.0 0.2551330448393334 5 12 21.0 0.0 0.2551330448393334 0
96 ec.gp.GPIndividual@1443113179{-1509305358} 0.0 83138.0 8160.0 0.1860294117647059 5 12 21.0 0.0 0.1860294117647059 0
96 ec.gp.GPIndividual@600489684{499755089} 0.0 75160.0 12802.0 0.2507420715513201 5 22 21.0 0.0 0.2507420715513201 0
96 ec.gp.GPIndividual@1668871415{-630343827} 0.0 74660.0 10087.0 0.0986418161990681 5 24 21.0 0.0 0.0986418161990681 0
96 ec.gp.GPIndividual@1443113179{-1509305358} 0.0 83360.0 12802.0 0.4638337759725043 5 12 21.0 0.0 0.4638337759725043 0
96 ec.gp.GPIndividual@600489684{499755089} 0.0 74660.0 10087.0 0.0986418161990681 5 22 21.0 0.0 0.0986418161990681 0
96 ec.gp.GPIndividual@1443113179{-1509305358} 0.0 79122.0 10087.0 0.1979775949241598 5 12 21.0 0.0 0.1979775949241598 0
96 ec.gp.GPIndividual@1668871415{-630343827} 0.0 74660.0 8317.0 0.09318263797042203 5 24 21.0 0.0 0.09318263797042203 0
96 ec.gp.GPIndividual@1443113179{-1509305358} 0.0 83138.0 8317.0 0.2013947336780089 5 12 21.0 0.0 0.2013947336780089 0
96 ec.gp.GPIndividual@600489684{499755089} 0.0 74660.0 8317.0 0.09318263797042203 5 22 21.0 0.0 0.09318263797042203 0
96 ec.gp.GPIndividual@637778583{2124245002} 0.0 74382.0 10054.0 0.12333399641933558 5 20 21.0 0.0 0.12333399641933558 0
96 ec.gp.GPIndividual@1248366935{499755089} 0.0 74660.0 10054.0 0.09568331012532326 5 22 21.0 0.0 0.09568331012532326 0
96 ec.gp.GPIndividual@637778583{2124245002} 0.0 70142.0 8387.0 0.196852271372362 5 20 21.0 0.0 96 ec.gp.GPIndividual@1248366935{499755089} 0.196852271372362 0
0.0 74660.0 8387.0 0.08405866221533326 5 22 21.0 0.0 0.08405866221533326 0
96 ec.gp.GPIndividual@637778583{2124245002} 0.0 74224.0 14578.0 0.4062285635889697 5 20 21.0 0.0 0.4062285635889697 0
96 ec.gp.GPIndividual@1248366935{499755089} 0.0 70800.0 14578.0 0.26629167238304297 5 22 21.0 0.0 0.26629167238304297 0
96 ec.gp.GPIndividual@637778583{2124245002} 0.0 74382.0 10861.0 0.18847251634287818 5 20 21.0 0.0 0.18847251634287818 0
96 ec.gp.GPIndividual@1248366935{499755089} 0.0 74660.0 10861.0 0.16287634656109015 5 22 21.0 0.0 0.16287634656109015 0
96 ec.gp.GPIndividual@1248366935{499755089} 0.0 74660.0 8160.0 0.1142156862745098 5 22 21.0 0.0 0.1142156862745098 0
96 ec.gp.GPIndividual@637778583{2124245002} 0.0 70142.0 8160.0 0.2301470588235294 5 20 21.0 0.0 0.2301470588235294 0
96 ec.gp.GPIndividual@1248366935{499755089} 0.0 75160.0 12802.0 0.2507420715513201 5 22 21.0 0.0 0.2507420715513201 0
96 ec.gp.GPIndividual@637778583{2124245002} 0.0 74382.0 12802.0 0.311513825964693 5 20 21.0 0.0 0.311513825964693 0
96 ec.gp.GPIndividual@1248366935{499755089} 0.0 74660.0 10087.0 0.0986418161990681 5 22 21.0 0.0 0.0986418161990681 0
96 ec.gp.GPIndividual@637778583{2124245002} 0.0 74382.0 10087.0 0.12620204223257658 5 20 21.0 0.0 0.12620204223257658 0
96 ec.gp.GPIndividual@1248366935{499755089} 0.0 74660.0 8317.0 0.09318263797042203 5 22 21.0 0.0 0.09318263797042203 0
96 ec.gp.GPIndividual@637778583{2124245002} 0.0 74382.0 8317.0 0.059757123962967416 5 20 21.0 0.0 0.059757123962967416 0
96 ec.gp.GPIndividual@860811377{1945782441} 0.0 78455.0 10054.0 0.26168689078973545 5 22 21.0 0.0 0.26168689078973545 0
96 ec.gp.GPIndividual@860811377{1945782441} 0.0 78455.0 8387.0 0.11493978776678193 5 22 21.0 0.0 0.11493978776678193 0
96 ec.gp.GPIndividual@860811377{1945782441} 0.0 79242.0 14578.0 0.4368226094114419 5 22 21.0 0.0 0.4368226094114419 0
96 ec.gp.GPIndividual@860811377{1945782441} 0.0 78455.0 10861.0 0.31654543780499034 5 22 21.0 0.0 0.31654543780499034 0
96 ec.gp.GPIndividual@860811377{1945782441} 0.0 78455.0 8160.0 0.09031862745098039 5 22 21.0 0.0 0.09031862745098039 0
96 ec.gp.GPIndividual@860811377{1945782441} 0.0 78702.0 12802.0 0.40087486330260896 5 22 21.0 0.0 0.40087486330260896 0
96 ec.gp.GPIndividual@860811377{1945782441} 0.0 78455.0 10087.0 0.2641023099038366 5 22 21.0 0.0 0.2641023099038366 0
96 ec.gp.GPIndividual@860811377{1945782441} 0.0 78455.0 8317.0 0.10749068173620296 5 22 21.0 0.0 0.10749068173620296 0
97 ec.gp.GPIndividual@1615403917{-1134083213} 0.0 105260.0 10054.0 0.8563755719116769 5 18 21.0 0.0 0.8563755719116769 0
97 ec.gp.GPIndividual@2053099554{-1118709342} 0.0 97 ec.gp.GPIndividual@1615403917{-1134083213} 0.0 105260.0 8387.0 0.8278287826397996 105260.0 8387.0 0.8563755719116769 5 18 21.0 0.0 0.8278287826397996 0
97 ec.gp.GPIndividual@318767727{-739438312} 0.0 5 20 21.0 0.0 97094.0 10054.0 0.5816590411776408 0.8563755719116769 0
5 12 21.0 0.0 0.5816590411776408 0
97 ec.gp.GPIndividual@2003659611{698618701} 97 ec.gp.GPIndividual@1615403917{-1134083213} 0.0 0.0 97 ec.gp.GPIndividual@239533667{638304760} 105260.0 10054.0 0.9009466319110989 97 ec.gp.GPIndividual@2053099554{-1118709342} 0.0 84442.0 10054.0 0.2096677939128705 0.0 5 18 21.0 0.0 77263.0 10054.0 0.3802466679928387 5 20 21.0 0.0 0.9009466319110989 0
97 ec.gp.GPIndividual@318767727{-739438312} 0.0 97094.0 8387.0 0.4985095981876714 105260.0 10054.0 0.8278287826397996 5 12 21.0 0.0 5 20 21.0 0.0 0.4985095981876714 0
0.2096677939128705 0
97 ec.gp.GPIndividual@1615403917{-1134083213} 97 ec.gp.GPIndividual@318767727{-739438312} 0.0 0.0 105260.0 14578.0 0.8670472332197772 0.3802466679928387 0
5 20 21.0 0.0 0.8278287826397996 0
97094.0 14578.0 0.7114830566607216 5 12 21.0 0.0 0.7114830566607216 0
5 18 21.0 0.0 0.8670472332197772 0
97 ec.gp.GPIndividual@2053099554{-1118709342} 0.0 105260.0 14578.0 0.9009466319110989 5 20 21.0 0.0 0.9009466319110989 0
97 ec.gp.GPIndividual@318767727{-739438312} 0.0 97094.0 10861.0 0.6127428413589909 5 12 21.0 0.0 97 ec.gp.GPIndividual@1615403917{-1134083213} 0.6127428413589909 0
97 ec.gp.GPIndividual@2053099554{-1118709342} 0.0 105260.0 10861.0 0.8670472332197772 5 20 21.0 0.0 97 ec.gp.GPIndividual@239533667{638304760} 0.8670472332197772 0
97 ec.gp.GPIndividual@2003659611{698618701} 0.0 0.0 84442.0 8387.0 0.052581375938953144 0.0 97 ec.gp.GPIndividual@2053099554{-1118709342} 97 ec.gp.GPIndividual@318767727{-739438312} 105260.0 8160.0 0.8230392156862745 5 20 21.0 0.0 0.0 0.0 77546.0 8160.0 0.223321807559318 5 18 21.0 0.0 0.052581375938953144 0
5 20 21.0 0.0 0.223321807559318 0
105260.0 8160.0 0.8230392156862745 5 20 21.0 0.0 0.8230392156862745 0
97094.0 8160.0 0.48455882352941176 5 12 21.0 0.0 0.48455882352941176 0
0.8230392156862745 0
97 ec.gp.GPIndividual@2053099554{-1118709342} 0.0 105260.0 12802.0 0.8872051241993438 5 20 21.0 0.0 0.8872051241993438 0
97 ec.gp.GPIndividual@318767727{-739438312} 0.0 97094.0 12802.0 0.6714575847523825 5 12 21.0 0.0 0.6714575847523825 0
97 ec.gp.GPIndividual@1615403917{-1134083213} 0.0 105260.0 10087.0 0.8872051241993438 97 ec.gp.GPIndividual@239533667{638304760} 97 ec.gp.GPIndividual@2053099554{-1118709342} 0.0 5 18 21.0 0.0 0.0 77622.0 14578.0 0.5479489641926191 0.8872051241993438 0
105260.0 14578.0 0.8568454446317042 97 ec.gp.GPIndividual@318767727{-739438312} 0.0 5 20 21.0 0.0 97 ec.gp.GPIndividual@2003659611{698618701} 5 20 21.0 0.0 97 ec.gp.GPIndividual@1615403917{-1134083213} 97094.0 14578.0 0.5830276593635372 0.5479489641926191 0
0.8568454446317042 0
0.0 105260.0 10087.0 0.8568454446317042 5 18 21.0 0.0 0.8568454446317042 0
5 12 21.0 0.0 0.5830276593635372 0
0.0 84442.0 8317.0 0.45493208944985597 97 ec.gp.GPIndividual@1615403917{-1134083213} 5 20 21.0 0.0 0.0 105260.0 8317.0 0.8263797042202717 0.45493208944985597 0
97 ec.gp.GPIndividual@2053099554{-1118709342} 0.0 5 18 21.0 0.0 0.8263797042202717 0
97 ec.gp.GPIndividual@318767727{-739438312} 0.0 97094.0 8317.0 0.49428880605987735 97 ec.gp.GPIndividual@239533667{638304760} 5 12 21.0 0.0 0.0 0.49428880605987735 0
105260.0 10861.0 0.8263797042202717 5 20 21.0 0.0 0.8263797042202717 0
77227.0 8317.0 0.42961053310008285 5 20 21.0 0.0 0.42961053310008285 0
97 ec.gp.GPIndividual@2003659611{698618701} 0.0 84442.0 10861.0 0.2683914924960869 5 20 21.0 0.0 0.2683914924960869 0
97 ec.gp.GPIndividual@1152373627{-1405555437} 0.0 82475.0 10054.0 0.4053113188780585 5 18 21.0 0.0 0.4053113188780585 0
97 ec.gp.GPIndividual@239533667{638304760} 0.0 77433.0 8160.0 0.2155637254901961 5 20 21.0 0.0 0.2155637254901961 0
97 ec.gp.GPIndividual@1152373627{-1405555437} 0.0 82475.0 8387.0 0.28711100512698223 5 18 21.0 0.0 0.28711100512698223 0
97 ec.gp.GPIndividual@2003659611{698618701} 0.0 84442.0 8160.0 0.026225490196078432 5 20 21.0 0.0 0.026225490196078432 0
97 ec.gp.GPIndividual@239533667{638304760} 0.0 76766.0 12802.0 0.5521012341821591 5 20 21.0 0.0 0.5521012341821591 0
97 ec.gp.GPIndividual@1152373627{-1405555437} 0.0 82024.0 14578.0 0.6207984634380573 5 18 21.0 0.0 0.6207984634380573 0
97 ec.gp.GPIndividual@2003659611{698618701} 0.0 84442.0 12802.0 0.379315731916888 5 20 21.0 0.0 0.379315731916888 0
97 ec.gp.GPIndividual@239533667{638304760} 0.0 97 ec.gp.GPIndividual@1152373627{-1405555437} 77230.0 10861.0 0.3855457519579657 0.0 5 20 21.0 0.0 82413.0 10861.0 0.45520670288187093 0.3855457519579657 0
5 18 21.0 0.0 0.45520670288187093 0
97 ec.gp.GPIndividual@223407930{499755089} 0.0 74660.0 10054.0 0.09568331012532326 5 22 21.0 0.0 0.09568331012532326 0
97 ec.gp.GPIndividual@2003659611{698618701} 97 ec.gp.GPIndividual@1152373627{-1405555437} 0.0 0.0 82475.0 8160.0 0.2672794117647059 97 ec.gp.GPIndividual@239533667{638304760} 84442.0 8160.0 0.21225339545950234 5 18 21.0 0.0 0.0 5 20 21.0 0.0 0.2672794117647059 0
77433.0 8160.0 0.23037152819526271 5 20 21.0 0.0 0.21225339545950234 0
0.23037152819526271 0
97 ec.gp.GPIndividual@1152373627{-1405555437} 0.0 81886.0 12802.0 0.5789720356194344 5 18 21.0 0.0 0.5789720356194344 0
97 ec.gp.GPIndividual@2003659611{698618701} 0.0 84442.0 8317.0 0.04460743056390525 5 20 21.0 0.0 0.04460743056390525 0
97 ec.gp.GPIndividual@1152373627{-1405555437} 0.0 82475.0 10087.0 0.40725686527213245 5 18 21.0 0.0 0.40725686527213245 0
97 ec.gp.GPIndividual@1152373627{-1405555437} 0.0 82475.0 8317.0 0.2811109775159312 5 18 21.0 0.0 0.2811109775159312 0
97 ec.gp.GPIndividual@223407930{499755089} 0.0 74660.0 8387.0 0.08405866221533326 5 22 21.0 0.0 0.08405866221533326 0
97 ec.gp.GPIndividual@223407930{499755089} 0.0 70800.0 14578.0 0.26629167238304297 5 22 21.0 0.0 0.26629167238304297 0
97 ec.gp.GPIndividual@223407930{499755089} 0.0 74660.0 10861.0 0.16287634656109015 5 22 21.0 0.0 0.16287634656109015 0
97 ec.gp.GPIndividual@1473803828{2112033241} 1.0 57268.0 10054.0 0.3483190769842849 5 22 21.0 0.0 0.3483190769842849 0
97 ec.gp.GPIndividual@223407930{499755089} 0.0 74660.0 8160.0 0.1142156862745098 5 22 21.0 0.0 0.1142156862745098 0
97 ec.gp.GPIndividual@223407930{499755089} 0.0 75160.0 12802.0 0.2507420715513201 5 22 21.0 0.0 0.2507420715513201 0
97 ec.gp.GPIndividual@223407930{499755089} 0.0 74660.0 10087.0 0.0986418161990681 5 22 21.0 0.0 0.0986418161990681 0
97 ec.gp.GPIndividual@223407930{499755089} 0.0 74660.0 8317.0 0.09318263797042203 5 22 21.0 0.0 0.09318263797042203 0
97 ec.gp.GPIndividual@1473803828{2112033241} 1.0 57268.0 8387.0 0.6163109574341242 5 22 21.0 0.0 0.6163109574341242 0
97 ec.gp.GPIndividual@1473803828{2112033241} 0.0 69206.0 14578.0 0.3756345177664975 5 22 21.0 0.0 0.3756345177664975 0
97 ec.gp.GPIndividual@1473803828{2112033241} 0.0 61486.0 10861.0 0.1334131295460823 5 22 21.0 0.0 0.1334131295460823 0
97 ec.gp.GPIndividual@1473803828{2112033241} 0.0 61078.0 8160.0 0.458578431372549 5 22 21.0 0.0 0.458578431372549 0
97 ec.gp.GPIndividual@1473803828{2112033241} 0.0 65346.0 12802.0 0.16372441805967816 5 22 21.0 0.0 0.16372441805967816 0
97 ec.gp.GPIndividual@1473803828{2112033241} 1.0 57268.0 10087.0 0.34390800039655 5 22 21.0 0.0 0.34390800039655 0
97 ec.gp.GPIndividual@1473803828{2112033241} 0.0 61078.0 8317.0 0.4310448479018877 5 22 21.0 0.0 0.4310448479018877 0
98 ec.gp.GPIndividual@1192323418{1430235057} 0.0 105260.0 10054.0 0.8563755719116769 5 20 21.0 0.0 0.8563755719116769 0
98 ec.gp.GPIndividual@1192323418{1430235057} 0.0 105260.0 8387.0 0.8278287826397996 5 20 21.0 0.0 0.8278287826397996 0
98 ec.gp.GPIndividual@1192323418{1430235057} 0.0 105260.0 14578.0 0.9009466319110989 5 20 21.0 0.0 0.9009466319110989 0
98 ec.gp.GPIndividual@1192323418{1430235057} 0.0 105260.0 10861.0 0.8670472332197772 5 20 21.0 0.0 0.8670472332197772 0
98 ec.gp.GPIndividual@1192323418{1430235057} 0.0 105260.0 8160.0 0.8230392156862745 5 20 21.0 0.0 0.8230392156862745 0
98 ec.gp.GPIndividual@1192323418{1430235057} 0.0 105260.0 12802.0 0.8872051241993438 5 20 21.0 0.0 0.8872051241993438 0
98 ec.gp.GPIndividual@1192323418{1430235057} 0.0 105260.0 10087.0 0.8568454446317042 5 20 21.0 0.0 0.8568454446317042 0
98 ec.gp.GPIndividual@1192323418{1430235057} 0.0 105260.0 8317.0 0.8263797042202717 5 20 21.0 0.0 0.8263797042202717 0
98 ec.gp.GPIndividual@1676337667{-1346419940} 0.0 105260.0 10054.0 0.8563755719116769 1 1 21.0 0.0 0.8563755719116769 0
98 ec.gp.GPIndividual@1676337667{-1346419940} 0.0 105260.0 8387.0 0.8278287826397996 1 1 21.0 0.0 0.8278287826397996 0
98 ec.gp.GPIndividual@1676337667{-1346419940} 0.0 105260.0 14578.0 0.9009466319110989 1 1 21.0 0.0 0.9009466319110989 0
98 ec.gp.GPIndividual@1676337667{-1346419940} 0.0 105260.0 10861.0 0.8670472332197772 1 1 21.0 0.0 0.8670472332197772 0
98 ec.gp.GPIndividual@1676337667{-1346419940} 0.0 105260.0 8160.0 0.8230392156862745 1 1 21.0 0.0 0.8230392156862745 0
98 ec.gp.GPIndividual@1676337667{-1346419940} 0.0 105260.0 12802.0 0.8872051241993438 1 1 21.0 0.0 0.8872051241993438 0
98 ec.gp.GPIndividual@1676337667{-1346419940} 0.0 105260.0 10087.0 0.8568454446317042 1 1 21.0 0.0 0.8568454446317042 0
98 ec.gp.GPIndividual@1676337667{-1346419940} 0.0 105260.0 8317.0 0.8263797042202717 1 1 21.0 0.0 0.8263797042202717 0
98 ec.gp.GPIndividual@2121077203{1315417569} 0.0 79122.0 10054.0 0.19534513626417346 5 20 21.0 0.0 0.19534513626417346 0
98 ec.gp.GPIndividual@1775360725{-173550014} 0.0 74660.0 10054.0 0.09568331012532326 5 22 21.0 0.0 0.09568331012532326 0
98 ec.gp.GPIndividual@717869241{572644124} 0.0 74660.0 10054.0 0.09568331012532326 5 24 21.0 0.0 0.09568331012532326 0
98 ec.gp.GPIndividual@2121077203{1315417569} 0.0 79122.0 8387.0 0.03541194706092762 5 20 21.0 0.0 0.03541194706092762 0
98 ec.gp.GPIndividual@2121077203{1315417569} 0.0 87078.0 14578.0 0.6489230347098367 5 20 21.0 0.0 0.6489230347098367 0
98 ec.gp.GPIndividual@1775360725{-173550014} 0.0 74660.0 8387.0 0.08405866221533326 5 22 21.0 0.0 0.08405866221533326 0
98 ec.gp.GPIndividual@717869241{572644124} 0.0 74660.0 8387.0 0.08405866221533326 5 24 21.0 0.0 0.08405866221533326 0
98 ec.gp.GPIndividual@442120059{-138246416} 0.0 65394.0 10054.0 0.0696240302367217 5 20 21.0 0.0 0.0696240302367217 0
98 ec.gp.GPIndividual@2121077203{1315417569} 0.0 79122.0 10861.0 0.2551330448393334 5 20 21.0 0.0 0.2551330448393334 0
98 ec.gp.GPIndividual@2121077203{1315417569} 0.0 83138.0 8160.0 0.1860294117647059 5 20 21.0 0.0 0.1860294117647059 0
98 ec.gp.GPIndividual@2121077203{1315417569} 0.0 83360.0 12802.0 0.4638337759725043 5 20 21.0 0.0 0.4638337759725043 0
98 ec.gp.GPIndividual@1775360725{-173550014} 0.0 70800.0 14578.0 0.26629167238304297 5 22 21.0 0.0 0.26629167238304297 0
98 ec.gp.GPIndividual@717869241{572644124} 0.0 70800.0 14578.0 0.26629167238304297 5 24 21.0 0.0 0.26629167238304297 0
98 ec.gp.GPIndividual@2121077203{1315417569} 0.0 79122.0 10087.0 0.1979775949241598 5 20 21.0 0.0 0.1979775949241598 0
98 ec.gp.GPIndividual@1775360725{-173550014} 0.0 74660.0 10861.0 0.16287634656109015 5 22 21.0 0.0 0.16287634656109015 0
98 ec.gp.GPIndividual@717869241{572644124} 98 ec.gp.GPIndividual@2121077203{1315417569} 0.0 0.0 74660.0 8317.0 0.16287634656109015 83138.0 8317.0 0.2013947336780089 5 24 21.0 0.0 5 20 21.0 0.0 0.16287634656109015 0
0.2013947336780089 0
98 ec.gp.GPIndividual@442120059{-138246416} 0.0 60866.0 8387.0 0.39382377488971027 5 20 21.0 0.0 0.39382377488971027 0
98 ec.gp.GPIndividual@1775360725{-173550014} 0.0 74660.0 8160.0 0.1142156862745098 5 22 21.0 0.0 0.1142156862745098 0
98 ec.gp.GPIndividual@717869241{572644124} 0.0 74660.0 8160.0 0.1142156862745098 5 24 21.0 0.0 0.1142156862745098 0
98 ec.gp.GPIndividual@1775360725{-173550014} 0.0 75160.0 12802.0 0.2507420715513201 5 22 21.0 0.0 0.2507420715513201 0
98 ec.gp.GPIndividual@717869241{572644124} 0.0 75160.0 12802.0 0.2507420715513201 5 24 21.0 0.0 0.2507420715513201 0
98 ec.gp.GPIndividual@442120059{-138246416} 0.0 69516.0 14578.0 0.35436959802442036 5 20 21.0 0.0 0.35436959802442036 0
98 ec.gp.GPIndividual@1775360725{-173550014} 0.0 74660.0 10087.0 0.0986418161990681 5 22 21.0 0.0 0.0986418161990681 0
98 ec.gp.GPIndividual@717869241{572644124} 0.0 74660.0 10087.0 0.0986418161990681 5 24 21.0 0.0 0.0986418161990681 0
98 ec.gp.GPIndividual@1775360725{-173550014} 0.0 74660.0 8317.0 0.09318263797042203 5 22 21.0 0.0 0.09318263797042203 0
98 ec.gp.GPIndividual@717869241{572644124} 0.0 74660.0 8317.0 0.09318263797042203 5 24 21.0 0.0 0.09318263797042203 0
98 ec.gp.GPIndividual@442120059{-138246416} 0.0 65362.0 10861.0 0.012798084890894025 5 20 21.0 0.0 0.012798084890894025 0
98 ec.gp.GPIndividual@509896132{1379120258} 0.0 74660.0 10054.0 0.09568331012532326 5 20 21.0 0.0 0.09568331012532326 0
98 ec.gp.GPIndividual@1298851934{499755089} 0.0 74660.0 10054.0 0.09568331012532326 5 22 21.0 0.0 0.09568331012532326 0
98 ec.gp.GPIndividual@509896132{1379120258} 0.0 74660.0 8387.0 0.08405866221533326 5 20 21.0 0.0 0.08405866221533326 0
98 ec.gp.GPIndividual@1298851934{499755089} 0.0 74660.0 8387.0 0.08405866221533326 5 22 21.0 0.0 0.08405866221533326 0
98 ec.gp.GPIndividual@509896132{1379120258} 0.0 70800.0 14578.0 0.26629167238304297 5 20 21.0 0.0 0.26629167238304297 0
98 ec.gp.GPIndividual@442120059{-138246416} 0.0 60598.0 8160.0 0.39975490196078434 5 20 21.0 0.0 0.39975490196078434 0
98 ec.gp.GPIndividual@1298851934{499755089} 0.0 70800.0 14578.0 0.26629167238304297 5 22 21.0 0.0 0.26629167238304297 0
98 ec.gp.GPIndividual@509896132{1379120258} 0.0 74660.0 10861.0 0.16287634656109015 5 20 21.0 0.0 0.16287634656109015 0
98 ec.gp.GPIndividual@1298851934{499755089} 0.0 74660.0 10861.0 0.16287634656109015 5 22 21.0 0.0 0.16287634656109015 0
98 ec.gp.GPIndividual@509896132{1379120258} 0.0 74660.0 8160.0 0.1142156862745098 5 20 21.0 0.0 0.1142156862745098 0
98 ec.gp.GPIndividual@1298851934{499755089} 0.0 74660.0 8160.0 0.1142156862745098 5 22 21.0 0.0 0.1142156862745098 0
98 ec.gp.GPIndividual@442120059{-138246416} 0.0 64866.0 12802.0 0.2012185596000625 5 20 21.0 0.0 0.2012185596000625 0
98 ec.gp.GPIndividual@509896132{1379120258} 0.0 75160.0 12802.0 0.2507420715513201 5 20 21.0 0.0 0.2507420715513201 0
98 ec.gp.GPIndividual@1298851934{499755089} 0.0 75160.0 12802.0 0.2507420715513201 5 22 21.0 0.0 0.2507420715513201 0
98 ec.gp.GPIndividual@509896132{1379120258} 0.0 74660.0 10087.0 0.0986418161990681 5 20 21.0 0.0 0.0986418161990681 0
98 ec.gp.GPIndividual@1298851934{499755089} 0.0 74660.0 10087.0 0.0986418161990681 5 22 21.0 0.0 0.0986418161990681 0
98 ec.gp.GPIndividual@442120059{-138246416} 0.0 65394.0 10087.0 0.06612471497967681 5 20 21.0 0.0 0.06612471497967681 0
98 ec.gp.GPIndividual@509896132{1379120258} 0.0 74660.0 8317.0 0.09318263797042203 5 20 21.0 0.0 0.09318263797042203 0
98 ec.gp.GPIndividual@1298851934{499755089} 0.0 74660.0 8317.0 0.09318263797042203 5 22 21.0 0.0 0.09318263797042203 0
98 ec.gp.GPIndividual@1897903025{499755089} 0.0 74660.0 10054.0 0.09568331012532326 5 22 21.0 0.0 0.09568331012532326 0
98 ec.gp.GPIndividual@1897903025{499755089} 0.0 74660.0 8387.0 0.08405866221533326 5 22 21.0 0.0 0.08405866221533326 0
98 ec.gp.GPIndividual@442120059{-138246416} 0.0 60598.0 8317.0 0.3733317301911747 5 20 21.0 0.0 0.3733317301911747 0
98 ec.gp.GPIndividual@1897903025{499755089} 0.0 70800.0 14578.0 0.26629167238304297 5 22 21.0 0.0 0.26629167238304297 0
98 ec.gp.GPIndividual@1897903025{499755089} 0.0 74660.0 10861.0 0.16287634656109015 5 22 21.0 0.0 0.16287634656109015 0
98 ec.gp.GPIndividual@1897903025{499755089} 0.0 74660.0 8160.0 0.1142156862745098 5 22 21.0 0.0 0.1142156862745098 0
98 ec.gp.GPIndividual@1897903025{499755089} 0.0 75160.0 12802.0 0.2507420715513201 5 22 21.0 0.0 0.2507420715513201 0
98 ec.gp.GPIndividual@1897903025{499755089} 0.0 74660.0 10087.0 0.0986418161990681 5 22 21.0 0.0 0.0986418161990681 0
98 ec.gp.GPIndividual@1897903025{499755089} 0.0 74660.0 8317.0 0.09318263797042203 5 22 21.0 0.0 0.09318263797042203 0
99 ec.gp.GPIndividual@1761062513{1712920155} 0.0 99026.0 10054.0 0.9329620051720708 5 20 21.0 0.0 0.9329620051720708 0
99 ec.gp.GPIndividual@1761062513{1712920155} 0.0 99026.0 8387.0 0.9196375342792417 5 20 21.0 0.0 0.9196375342792417 0
99 ec.gp.GPIndividual@1761062513{1712920155} 0.0 99026.0 14578.0 0.9537659486898066 5 20 21.0 0.0 0.9537659486898066 0
99 ec.gp.GPIndividual@1761062513{1712920155} 0.0 99026.0 10861.0 0.9379430991621398 5 20 21.0 0.0 0.9379430991621398 0
99 ec.gp.GPIndividual@1761062513{1712920155} 0.0 99026.0 8160.0 0.9174019607843137 5 20 21.0 0.0 0.9174019607843137 0
99 ec.gp.GPIndividual@1761062513{1712920155} 0.0 99026.0 12802.0 0.9473519762537104 5 20 21.0 0.0 0.9473519762537104 0
99 ec.gp.GPIndividual@1761062513{1712920155} 0.0 99026.0 10087.0 0.9331813224942996 5 20 21.0 0.0 0.9331813224942996 0
99 ec.gp.GPIndividual@1761062513{1712920155} 0.0 99026.0 8317.0 0.9189611638812072 5 20 21.0 0.0 0.9189611638812072 0
99 ec.gp.GPIndividual@136785108{-556768023} 0.0 79424.0 10054.0 0.16530734036204495 5 22 21.0 0.0 0.16530734036204495 0
99 ec.gp.GPIndividual@1217654295{-1509305358} 0.0 79122.0 10054.0 0.19534513626417346 5 20 21.0 0.0 0.19534513626417346 0
99 ec.gp.GPIndividual@2094756699{654932438} 0.0 74660.0 10054.0 0.09568331012532326 5 22 21.0 0.0 0.09568331012532326 0
99 ec.gp.GPIndividual@224665373{-1249023071} 0.0 74660.0 10054.0 0.09568331012532326 5 24 21.0 0.0 0.09568331012532326 0
99 ec.gp.GPIndividual@136785108{-556768023} 0.0 79424.0 8387.0 5.961607249314415E-4 5 22 21.0 0.0 5.961607249314415E-4 0
99 ec.gp.GPIndividual@347393591{499755089} 0.0 74660.0 10054.0 0.09568331012532326 5 22 21.0 0.0 0.09568331012532326 0
99 ec.gp.GPIndividual@1217654295{-1509305358} 0.0 79122.0 8387.0 0.03541194706092762 5 20 21.0 0.0 0.03541194706092762 0
99 ec.gp.GPIndividual@1217654295{-1509305358} 0.0 87078.0 14578.0 0.6489230347098367 5 20 21.0 0.0 0.6489230347098367 0
99 ec.gp.GPIndividual@2094756699{654932438} 0.0 74660.0 8387.0 0.08405866221533326 5 22 21.0 0.0 0.08405866221533326 0
99 ec.gp.GPIndividual@136785108{-556768023} 0.0 79832.0 14578.0 0.3963506653861984 5 22 21.0 0.0 0.3963506653861984 0
99 ec.gp.GPIndividual@224665373{-1249023071} 0.0 74660.0 8387.0 0.08405866221533326 5 24 21.0 0.0 0.08405866221533326 0
99 ec.gp.GPIndividual@347393591{499755089} 0.0 74660.0 8387.0 0.08405866221533326 5 22 21.0 0.0 0.08405866221533326 0
99 ec.gp.GPIndividual@1217654295{-1509305358} 0.0 79122.0 10861.0 0.2551330448393334 5 20 21.0 0.0 0.2551330448393334 0
99 ec.gp.GPIndividual@136785108{-556768023} 0.0 79424.0 10861.0 0.22732713378141975 5 22 21.0 0.0 0.22732713378141975 0
99 ec.gp.GPIndividual@1217654295{-1509305358} 0.0 83138.0 8160.0 0.1860294117647059 5 20 21.0 0.0 0.1860294117647059 0
99 ec.gp.GPIndividual@136785108{-556768023} 0.0 79424.0 8160.0 0.028431372549019607 5 22 21.0 0.0 0.028431372549019607 0
99 ec.gp.GPIndividual@1217654295{-1509305358} 0.0 83360.0 12802.0 0.4638337759725043 5 20 21.0 0.0 0.4638337759725043 0
99 ec.gp.GPIndividual@2094756699{654932438} 0.0 70800.0 14578.0 0.26629167238304297 5 22 21.0 0.0 0.26629167238304297 0
99 ec.gp.GPIndividual@224665373{-1249023071} 0.0 70800.0 14578.0 0.26629167238304297 5 24 21.0 0.0 0.26629167238304297 0
99 ec.gp.GPIndividual@136785108{-556768023} 0.0 79678.0 12802.0 0.3246367755038275 5 22 21.0 0.0 0.3246367755038275 0
99 ec.gp.GPIndividual@347393591{499755089} 0.0 70800.0 14578.0 0.26629167238304297 5 22 21.0 0.0 0.26629167238304297 0
99 ec.gp.GPIndividual@1217654295{-1509305358} 0.0 79122.0 10087.0 0.1979775949241598 5 20 21.0 0.0 0.1979775949241598 0
99 ec.gp.GPIndividual@2094756699{654932438} 0.0 74660.0 10861.0 0.16287634656109015 5 22 21.0 0.0 0.16287634656109015 0
99 ec.gp.GPIndividual@136785108{-556768023} 0.0 79424.0 10087.0 0.16803806880142758 5 22 21.0 0.0 0.16803806880142758 0
99 ec.gp.GPIndividual@1217654295{-1509305358} 0.0 83138.0 8317.0 0.2013947336780089 5 20 21.0 0.0 0.2013947336780089 0
99 ec.gp.GPIndividual@224665373{-1249023071} 0.0 74660.0 10861.0 0.16287634656109015 5 24 21.0 0.0 0.16287634656109015 0
99 ec.gp.GPIndividual@347393591{499755089} 0.0 74660.0 10861.0 0.16287634656109015 5 22 21.0 0.0 0.16287634656109015 0
99 ec.gp.GPIndividual@136785108{-556768023} 0.0 79424.0 8317.0 0.009017674642298907 5 22 21.0 0.0 0.009017674642298907 0
99 ec.gp.GPIndividual@2094756699{654932438} 0.0 74660.0 8160.0 0.1142156862745098 5 22 21.0 0.0 0.1142156862745098 0
99 ec.gp.GPIndividual@224665373{-1249023071} 0.0 74660.0 8160.0 0.1142156862745098 5 24 21.0 0.0 0.1142156862745098 0
99 ec.gp.GPIndividual@347393591{499755089} 0.0 74660.0 8160.0 0.1142156862745098 5 22 21.0 0.0 0.1142156862745098 0
99 ec.gp.GPIndividual@2094756699{654932438} 0.0 75160.0 12802.0 0.2507420715513201 5 22 21.0 0.0 0.2507420715513201 0
99 ec.gp.GPIndividual@224665373{-1249023071} 0.0 75160.0 12802.0 0.2507420715513201 5 24 21.0 0.0 0.2507420715513201 0
99 ec.gp.GPIndividual@347393591{499755089} 0.0 75160.0 12802.0 0.2507420715513201 5 22 21.0 0.0 0.2507420715513201 0
99 ec.gp.GPIndividual@114030254{918428410} 0.0 66096.0 10054.0 0.13944698627411975 5 22 21.0 0.0 0.13944698627411975 0
99 ec.gp.GPIndividual@2094756699{654932438} 0.0 74660.0 10087.0 0.0986418161990681 5 22 21.0 0.0 0.0986418161990681 0
99 ec.gp.GPIndividual@224665373{-1249023071} 0.0 74660.0 10087.0 0.0986418161990681 5 24 21.0 0.0 0.0986418161990681 0
99 ec.gp.GPIndividual@347393591{499755089} 0.0 74660.0 10087.0 0.0986418161990681 5 22 21.0 0.0 0.0986418161990681 0
99 ec.gp.GPIndividual@2094756699{654932438} 0.0 74660.0 8317.0 0.09318263797042203 5 22 21.0 0.0 0.09318263797042203 0
99 ec.gp.GPIndividual@2021749282{-829066874} 0.0 77757.0 10054.0 0.3311119952257808 5 22 21.0 0.0 0.3311119952257808 0
99 ec.gp.GPIndividual@2021749282{-829066874} 0.0 77757.0 8387.0 0.19816382496721116 5 22 21.0 0.0 0.19816382496721116 0
99 ec.gp.GPIndividual@224665373{-1249023071} 0.0 74660.0 8317.0 0.09318263797042203 5 24 21.0 0.0 0.09318263797042203 0
99 ec.gp.GPIndividual@2021749282{-829066874} 0.0 77842.0 14578.0 0.532857730827274 5 22 21.0 0.0 0.532857730827274 0
99 ec.gp.GPIndividual@2021749282{-829066874} 0.0 77757.0 10861.0 0.38081207991897614 5 22 21.0 0.0 0.38081207991897614 0
99 ec.gp.GPIndividual@347393591{499755089} 0.0 74660.0 8317.0 0.09318263797042203 5 22 21.0 0.0 0.09318263797042203 0
99 ec.gp.GPIndividual@2021749282{-829066874} 0.0 77757.0 8160.0 0.17585784313725492 5 22 21.0 0.0 0.17585784313725492 0
99 ec.gp.GPIndividual@2021749282{-829066874} 0.0 77791.0 12802.0 0.47203561943446337 5 22 21.0 0.0 0.47203561943446337 0
99 ec.gp.GPIndividual@2021749282{-829066874} 0.0 77757.0 10087.0 0.3333002874987608 5 22 21.0 0.0 0.3333002874987608 0
99 ec.gp.GPIndividual@2021749282{-829066874} 0.0 77757.0 8317.0 0.19141517374053144 5 22 21.0 0.0 0.19141517374053144 0
99 ec.gp.GPIndividual@1108296258{1516271328} 0.0 105260.0 10054.0 0.8563755719116769 5 20 21.0 0.0 0.8563755719116769 0
99 ec.gp.GPIndividual@1108296258{1516271328} 0.0 105260.0 8387.0 0.8278287826397996 5 20 21.0 0.0 0.8278287826397996 0
99 ec.gp.GPIndividual@1108296258{1516271328} 0.0 105260.0 14578.0 0.9009466319110989 5 20 21.0 0.0 0.9009466319110989 0
99 ec.gp.GPIndividual@1108296258{1516271328} 0.0 105260.0 10861.0 0.8670472332197772 5 20 21.0 0.0 0.8670472332197772 0
99 ec.gp.GPIndividual@1108296258{1516271328} 0.0 105260.0 8160.0 0.8230392156862745 5 20 21.0 0.0 0.8230392156862745 0
99 ec.gp.GPIndividual@1108296258{1516271328} 0.0 105260.0 12802.0 0.8872051241993438 5 20 21.0 0.0 0.8872051241993438 0
99 ec.gp.GPIndividual@1108296258{1516271328} 0.0 105260.0 10087.0 0.8568454446317042 5 20 21.0 0.0 0.8568454446317042 0
99 ec.gp.GPIndividual@1108296258{1516271328} 0.0 105260.0 8317.0 0.8263797042202717 5 20 21.0 0.0 0.8263797042202717 0
99 ec.gp.GPIndividual@114030254{918428410} 0.0 66096.0 8387.0 0.3659234529629188 5 22 21.0 0.0 0.3659234529629188 0
99 ec.gp.GPIndividual@130488500{579546257} 0.0 74660.0 10054.0 0.09568331012532326 5 22 21.0 0.0 0.09568331012532326 0
99 ec.gp.GPIndividual@130488500{579546257} 0.0 74660.0 8387.0 0.08405866221533326 5 22 21.0 0.0 0.08405866221533326 0
99 ec.gp.GPIndividual@114030254{918428410} 0.0 69984.0 14578.0 0.3222664288654136 5 22 21.0 0.0 0.3222664288654136 0
99 ec.gp.GPIndividual@130488500{579546257} 0.0 70800.0 14578.0 0.26629167238304297 5 22 21.0 0.0 0.26629167238304297 0
99 ec.gp.GPIndividual@130488500{579546257} 0.0 74660.0 10861.0 0.16287634656109015 5 22 21.0 0.0 0.16287634656109015 0
99 ec.gp.GPIndividual@114030254{918428410} 0.0 66096.0 10861.0 0.05478316913728018 5 22 21.0 0.0 0.05478316913728018 0
99 ec.gp.GPIndividual@130488500{579546257} 0.0 74660.0 8160.0 0.1142156862745098 5 22 21.0 0.0 0.1142156862745098 0
99 ec.gp.GPIndividual@130488500{579546257} 0.0 75160.0 12802.0 0.2507420715513201 5 22 21.0 0.0 0.2507420715513201 0
99 ec.gp.GPIndividual@114030254{918428410} 0.0 65874.0 8160.0 0.3767156862745098 5 22 21.0 0.0 0.3767156862745098 0
99 ec.gp.GPIndividual@130488500{579546257} 0.0 74660.0 10087.0 0.0986418161990681 5 22 21.0 0.0 0.0986418161990681 0
99 ec.gp.GPIndividual@114030254{918428410} 0.0 70364.0 12802.0 0.19856272457428525 5 22 21.0 0.0 0.19856272457428525 0
99 ec.gp.GPIndividual@130488500{579546257} 0.0 74660.0 8317.0 0.09318263797042203 5 22 21.0 0.0 0.09318263797042203 0
99 ec.gp.GPIndividual@114030254{918428410} 0.0 66096.0 10087.0 0.1357192425894716 5 22 21.0 0.0 0.1357192425894716 0
99 ec.gp.GPIndividual@114030254{918428410} 0.0 65874.0 8317.0 0.3507274257544788 5 22 21.0 0.0 0.3507274257544788 0
99 ec.gp.GPIndividual@787873929{1624419044} 0.0 74660.0 10054.0 0.09568331012532326 5 22 21.0 0.0 0.09568331012532326 0
99 ec.gp.GPIndividual@787873929{1624419044} 0.0 74660.0 8387.0 0.08405866221533326 5 22 21.0 0.0 0.08405866221533326 0
99 ec.gp.GPIndividual@787873929{1624419044} 0.0 70800.0 14578.0 0.26629167238304297 5 22 21.0 0.0 0.26629167238304297 0
99 ec.gp.GPIndividual@787873929{1624419044} 0.0 74660.0 10861.0 0.16287634656109015 5 22 21.0 0.0 0.16287634656109015 0
99 ec.gp.GPIndividual@787873929{1624419044} 0.0 74660.0 8160.0 0.1142156862745098 5 22 21.0 0.0 0.1142156862745098 0
99 ec.gp.GPIndividual@787873929{1624419044} 0.0 75160.0 12802.0 0.2507420715513201 5 22 21.0 0.0 0.2507420715513201 0
99 ec.gp.GPIndividual@787873929{1624419044} 0.0 74660.0 10087.0 0.0986418161990681 5 22 21.0 0.0 0.0986418161990681 0
99 ec.gp.GPIndividual@787873929{1624419044} 0.0 74660.0 8317.0 0.09318263797042203 5 22 21.0 0.0 0.09318263797042203 0
2712