0 ec.gp.GPIndividual@1845555620{952633811} 0 ec.gp.GPIndividual@1707442721{664513076} 0 ec.gp.GPIndividual@202898575{2039804224} 0 ec.gp.GPIndividual@1250185969{-1704513685} 0 ec.gp.GPIndividual@1422950907{1096608486} 0.0 0.0 0.0 0.0 0.0 104262.0 10054.0 0.9556395464491745 99798.0 10054.0 0.8561766461110006 104262.0 10054.0 0.9556395464491745 105260.0 10054.0 0.8563755719116769 104262.0 10054.0 0.9556395464491745 0 ec.gp.GPIndividual@1194046247{88836675} 35.0 109280.0 10054.0 1.0 1 1 21.0 0.0 2 3 21.0 0.0 2 3 21.0 0.0 3 6 21.0 0.0 1 1 21.0 0.0 2 3 21.0 0.0 0.8561766461110006 0
0.9556395464491745 0
0.8563755719116769 0
1.0 0
0.9556395464491745 0
0.9556395464491745 0
0 ec.gp.GPIndividual@1422950907{1096608486} 0 ec.gp.GPIndividual@1707442721{664513076} 0.0 0.0 105260.0 8387.0 0.8278287826397996 104262.0 8387.0 0.9468224633361154 1 1 21.0 0.0 1 1 21.0 0.0 0.8278287826397996 0
0.9468224633361154 0
0 ec.gp.GPIndividual@1194046247{88836675} 0.0 109280.0 8387.0 1.0 2 3 21.0 0.0 1.0 0
0 ec.gp.GPIndividual@1250185969{-1704513685} 0.0 104262.0 8387.0 0.9468224633361154 3 6 21.0 0.0 0.9468224633361154 0
0 ec.gp.GPIndividual@202898575{2039804224} 0.0 99798.0 8387.0 0.8275903183498271 2 3 21.0 0.0 0.8275903183498271 0
0 ec.gp.GPIndividual@1422950907{1096608486} 0.0 0 ec.gp.GPIndividual@1845555620{952633811} 104262.0 8387.0 0.9694059541775277 0.0 1 1 21.0 0.0 104262.0 8387.0 0.9468224633361154 0.9694059541775277 0
2 3 21.0 0.0 0.9468224633361154 0
0 ec.gp.GPIndividual@1250185969{-1704513685} 0.0 104262.0 14578.0 0.9694059541775277 3 6 21.0 0.0 0.9694059541775277 0
0 ec.gp.GPIndividual@1707442721{664513076} 0.0 105260.0 14578.0 0.9009466319110989 1 1 21.0 0.0 0.9009466319110989 0
0 ec.gp.GPIndividual@1845555620{952633811} 0 ec.gp.GPIndividual@1422950907{1096608486} 0.0 0.0 104262.0 14578.0 0.9694059541775277 104262.0 14578.0 0.9589356412853328 1 1 21.0 0.0 2 3 21.0 0.0 0.9589356412853328 0
0.9694059541775277 0
0 ec.gp.GPIndividual@202898575{2039804224} 0.0 99972.0 14578.0 0.8888736452188228 2 3 21.0 0.0 0.8888736452188228 0
0 ec.gp.GPIndividual@1194046247{88836675} 0.0 109280.0 14578.0 1.0 2 3 21.0 0.0 1.0 0
0 ec.gp.GPIndividual@1250185969{-1704513685} 0.0 104262.0 10861.0 0.9589356412853328 3 6 21.0 0.0 0.9589356412853328 0
0 ec.gp.GPIndividual@1845555620{952633811} 0 ec.gp.GPIndividual@1707442721{664513076} 0.0 0.0 0 ec.gp.GPIndividual@202898575{2039804224} 0 ec.gp.GPIndividual@1422950907{1096608486} 104262.0 10861.0 0.9589356412853328 0.0 0.0 2 3 21.0 0.0 105260.0 10861.0 0.8670472332197772 104262.0 10861.0 0.9453431372549019 0.9589356412853328 0
1 1 21.0 0.0 1 1 21.0 0.0 0.8670472332197772 0
99798.0 10861.0 0.8668630881134334 0.9453431372549019 0
2 3 21.0 0.0 0.8668630881134334 0
0 ec.gp.GPIndividual@1707442721{664513076} 0.0 105260.0 8160.0 0.8230392156862745 1 1 21.0 0.0 0.8230392156862745 0
0 ec.gp.GPIndividual@1194046247{88836675} 0.0 109280.0 10861.0 1.0 2 3 21.0 0.0 1.0 0
0 ec.gp.GPIndividual@1422950907{1096608486} 0.0 104262.0 12802.0 0.9651616934853929 1 1 21.0 0.0 0.9651616934853929 0
0 ec.gp.GPIndividual@1250185969{-1704513685} 0.0 104262.0 8160.0 0.9453431372549019 3 6 21.0 0.0 0.9453431372549019 0
0 ec.gp.GPIndividual@202898575{2039804224} 0.0 99798.0 8160.0 0.8227941176470588 2 3 21.0 0.0 0.8227941176470588 0
0 ec.gp.GPIndividual@1845555620{952633811} 0.0 104262.0 8160.0 0.9453431372549019 2 3 21.0 0.0 0.9453431372549019 0
0 ec.gp.GPIndividual@1707442721{664513076} 0.0 0 ec.gp.GPIndividual@1250185969{-1704513685} 105260.0 10087.0 0.8872051241993438 0 ec.gp.GPIndividual@1422950907{1096608486} 0.0 0.0 104262.0 10087.0 0.9651616934853929 104262.0 10087.0 0.9557846733419253 1 1 21.0 0.0 3 6 21.0 0.0 1 1 21.0 0.0 0.8872051241993438 0
0.9557846733419253 0
0.9651616934853929 0
0 ec.gp.GPIndividual@202898575{2039804224} 0.0 99798.0 12802.0 0.8870488986095922 2 3 21.0 0.0 0.8870488986095922 0
0 ec.gp.GPIndividual@1194046247{88836675} 0.0 109280.0 8160.0 1.0 2 3 21.0 0.0 1.0 0
0 ec.gp.GPIndividual@1845555620{952633811} 0 ec.gp.GPIndividual@1422950907{1096608486} 0.0 104262.0 10087.0 0.9463748947937959 0 ec.gp.GPIndividual@1250185969{-1704513685} 0.0 1 1 21.0 0.0 0.9463748947937959 0
0 ec.gp.GPIndividual@1707442721{664513076} 0 ec.gp.GPIndividual@202898575{2039804224} 0.0 0.0 0.0 105260.0 10087.0 0.8568454446317042 99798.0 10087.0 0.8566471696242689 104262.0 10087.0 0.9651616934853929 1 1 21.0 0.0 104262.0 10087.0 0.9557846733419253 0.8568454446317042 0
2 3 21.0 0.0 2 3 21.0 0.0 0.9651616934853929 0
3 6 21.0 0.0 0.8566471696242689 0
0.9557846733419253 0
0 ec.gp.GPIndividual@1194046247{88836675} 0.0 109280.0 12802.0 1.0 2 3 21.0 0.0 1.0 0
0 ec.gp.GPIndividual@1707442721{664513076} 0.0 105260.0 10087.0 0.8263797042202717 0 ec.gp.GPIndividual@1845555620{952633811} 1 1 21.0 0.0 0.0 0.8263797042202717 0
104262.0 8317.0 0.9557846733419253 0 ec.gp.GPIndividual@1250185969{-1704513685} 2 3 21.0 0.0 0.0 0.9557846733419253 0
0 ec.gp.GPIndividual@202898575{2039804224} 104262.0 8317.0 0.9463748947937959 0.0 99798.0 8317.0 0.8261392328964771 3 6 21.0 0.0 0.9463748947937959 0
2 3 21.0 0.0 0.8261392328964771 0
0 ec.gp.GPIndividual@1194046247{88836675} 0.0 109280.0 10087.0 1.0 2 3 21.0 0.0 1.0 0
0 ec.gp.GPIndividual@1194046247{88836675} 0.0 109280.0 10054.0 1.0 0 ec.gp.GPIndividual@1464387169{-250416902} 0.0 2 3 21.0 0.0 1.0 0
109280.0 10054.0 1.0 2 3 21.0 0.0 1.0 0
0 ec.gp.GPIndividual@1845555620{952633811} 0 ec.gp.GPIndividual@170142387{630305088} 0.0 0.0 104262.0 10054.0 0.9463748947937959 105260.0 10054.0 0.8563755719116769 2 4 21.0 0.0 2 3 21.0 0.0 0.8563755719116769 0
0.9463748947937959 0
0 ec.gp.GPIndividual@1464387169{-250416902} 0.0 109280.0 8387.0 1.0 2 3 21.0 0.0 1.0 0
0 ec.gp.GPIndividual@170142387{630305088} 0.0 105260.0 8387.0 0.8278287826397996 2 4 21.0 0.0 0.8278287826397996 0
0 ec.gp.GPIndividual@1510169837{1287074633} 0.0 109280.0 10054.0 1.0 4 15 21.0 0.0 1.0 0
0 ec.gp.GPIndividual@1464387169{-250416902} 0 ec.gp.GPIndividual@996793169{-1999614610} 0.0 0.0 109280.0 10054.0 1.0 109280.0 10054.0 1.0 2 3 21.0 0.0 2 3 21.0 0.0 1.0 0
0 ec.gp.GPIndividual@170142387{630305088} 0.0 1.0 0
105260.0 14578.0 0.9009466319110989 2 4 21.0 0.0 0.9009466319110989 0
0 ec.gp.GPIndividual@1997638178{2109095950} 0.0 94780.0 10054.0 0.811816192560175 3 7 21.0 0.0 0.811816192560175 0
0 ec.gp.GPIndividual@1464387169{-250416902} 0.0 109280.0 10861.0 1.0 2 3 21.0 0.0 1.0 0
0 ec.gp.GPIndividual@170142387{630305088} 0.0 105260.0 10861.0 0.8670472332197772 2 4 21.0 0.0 0.8670472332197772 0
0 ec.gp.GPIndividual@1510169837{1287074633} 0.0 109280.0 8387.0 1.0 4 15 21.0 0.0 1.0 0
0 ec.gp.GPIndividual@996793169{-1999614610} 0.0 109280.0 8387.0 1.0 2 3 21.0 0.0 1.0 0
0 ec.gp.GPIndividual@1464387169{-250416902} 0.0 109280.0 8160.0 1.0 2 3 21.0 0.0 1.0 0
0 ec.gp.GPIndividual@170142387{630305088} 0.0 105260.0 8160.0 0.8230392156862745 2 4 21.0 0.0 0.8230392156862745 0
0 ec.gp.GPIndividual@1997638178{2109095950} 0.0 94780.0 8387.0 0.7744127816859425 3 7 21.0 0.0 0.7744127816859425 0
0 ec.gp.GPIndividual@996793169{-1999614610} 0.0 109280.0 14578.0 1.0 2 3 21.0 0.0 1.0 0
0 ec.gp.GPIndividual@170142387{630305088} 0.0 105260.0 12802.0 0.8872051241993438 2 4 21.0 0.0 0.8872051241993438 0
0 ec.gp.GPIndividual@1464387169{-250416902} 0.0 109280.0 12802.0 1.0 2 3 21.0 0.0 1.0 0
0 ec.gp.GPIndividual@1510169837{1287074633} 0.0 109280.0 14578.0 1.0 4 15 21.0 0.0 1.0 0
0 ec.gp.GPIndividual@1464387169{-250416902} 0.0 109280.0 10087.0 1.0 2 3 21.0 0.0 1.0 0
0 ec.gp.GPIndividual@170142387{630305088} 0.0 105260.0 10087.0 0.8568454446317042 2 4 21.0 0.0 0.8568454446317042 0
0 ec.gp.GPIndividual@996793169{-1999614610} 0.0 109280.0 10861.0 1.0 2 3 21.0 0.0 1.0 0
0 ec.gp.GPIndividual@1997638178{2109095950} 0.0 94954.0 14578.0 0.8582795993963507 3 7 21.0 0.0 0.8582795993963507 0
0 ec.gp.GPIndividual@996793169{-1999614610} 0.0 109280.0 8160.0 1.0 2 3 21.0 0.0 1.0 0
0 ec.gp.GPIndividual@170142387{630305088} 0.0 105260.0 8317.0 0.8263797042202717 2 4 21.0 0.0 0.8263797042202717 0
0 ec.gp.GPIndividual@1510169837{1287074633} 0.0 109280.0 10861.0 1.0 4 15 21.0 0.0 1.0 0
0 ec.gp.GPIndividual@1464387169{-250416902} 0 ec.gp.GPIndividual@996793169{-1999614610} 0.0 0.0 109280.0 12802.0 1.0 109280.0 12802.0 1.0 2 3 21.0 0.0 2 3 21.0 0.0 1.0 0
1.0 0
0 ec.gp.GPIndividual@1997638178{2109095950} 0.0 94780.0 10861.0 0.8257987293987662 3 7 21.0 0.0 0.8257987293987662 0
0 ec.gp.GPIndividual@996793169{-1999614610} 0.0 109280.0 10087.0 1.0 0 ec.gp.GPIndividual@1888810337{1948675049} 0.0 104262.0 10054.0 0.9556395464491745 2 3 21.0 0.0 1 1 21.0 0.0 0.9556395464491745 0
1.0 0
0 ec.gp.GPIndividual@1510169837{1287074633} 0 ec.gp.GPIndividual@1997638178{2109095950} 0.0 0.0 109280.0 8160.0 1.0 94780.0 8160.0 0.7681372549019608 4 15 21.0 0.0 1.0 0
3 7 21.0 0.0 0.7681372549019608 0
0 ec.gp.GPIndividual@996793169{-1999614610} 0.0 109280.0 10054.0 1.0 0 ec.gp.GPIndividual@1001901602{271532587} 2 3 21.0 0.0 0.0 1.0 0
109280.0 10054.0 1.0 1 1 21.0 0.0 1.0 0
0 ec.gp.GPIndividual@1888810337{1948675049} 0.0 104262.0 8387.0 0.9468224633361154 1 1 21.0 0.0 0.9468224633361154 0
0 ec.gp.GPIndividual@1997638178{2109095950} 0.0 94780.0 12802.0 0.8522105920949852 3 7 21.0 0.0 0.8522105920949852 0
0 ec.gp.GPIndividual@1510169837{1287074633} 0.0 109280.0 12802.0 1.0 4 15 21.0 0.0 1.0 0
0 ec.gp.GPIndividual@1001901602{271532587} 0.0 109280.0 8387.0 1.0 1 1 21.0 0.0 1.0 0
0 ec.gp.GPIndividual@1888810337{1948675049} 0.0 104262.0 14578.0 0.9694059541775277 1 1 21.0 0.0 0.9694059541775277 0
0 ec.gp.GPIndividual@1997638178{2109095950} 0.0 94780.0 10087.0 0.8124318429661941 3 7 21.0 0.0 0.8124318429661941 0
0 ec.gp.GPIndividual@25436170{1571545461} 0.0 0 ec.gp.GPIndividual@1001901602{271532587} 0.0 95244.0 14578.0 0.7656654068032623 109280.0 14578.0 1.0 4 7 21.0 0.0 0.7656654068032623 0
1 1 21.0 0.0 1.0 0
0 ec.gp.GPIndividual@1001901602{271532587} 0.0 109280.0 10861.0 1.0 1 1 21.0 0.0 1.0 0
0 ec.gp.GPIndividual@1510169837{1287074633} 0.0 109280.0 10087.0 1.0 4 15 21.0 0.0 1.0 0
0 ec.gp.GPIndividual@1997638178{2109095950} 0.0 94780.0 8317.0 0.772514127690273 3 7 21.0 0.0 0.772514127690273 0
0 ec.gp.GPIndividual@1888810337{1948675049} 0.0 104262.0 10861.0 0.9589356412853328 1 1 21.0 0.0 0 ec.gp.GPIndividual@25436170{1571545461} 0.9589356412853328 0
0.0 95148.0 8387.0 0.7305353523309884 4 7 21.0 0.0 0.7305353523309884 0
0 ec.gp.GPIndividual@1001901602{271532587} 0.0 109280.0 8160.0 1.0 1 1 21.0 0.0 1.0 0
0 ec.gp.GPIndividual@1888810337{1948675049} 0.0 104262.0 8160.0 0.9453431372549019 1 1 21.0 0.0 0.9453431372549019 0
0 ec.gp.GPIndividual@1366696401{855951231} 0.0 104262.0 10054.0 0.9556395464491745 3 7 21.0 0.0 0.9556395464491745 0
0 ec.gp.GPIndividual@25436170{1571545461} 0.0 95244.0 14578.0 0.838386609960214 4 7 21.0 0.0 0.838386609960214 0
0 ec.gp.GPIndividual@1888810337{1948675049} 0.0 104262.0 12802.0 0.9651616934853929 1 1 21.0 0.0 0.9651616934853929 0
0 ec.gp.GPIndividual@1366696401{855951231} 0.0 104262.0 8387.0 0.9468224633361154 3 7 21.0 0.0 0.9468224633361154 0
0 ec.gp.GPIndividual@1510169837{1287074633} 0.0 109280.0 8317.0 1.0 4 15 21.0 0.0 1.0 0
0 ec.gp.GPIndividual@1001901602{271532587} 0.0 109280.0 12802.0 1.0 1 1 21.0 0.0 1.0 0
0 ec.gp.GPIndividual@1888810337{1948675049} 0.0 104262.0 10087.0 0.9557846733419253 1 1 21.0 0.0 0.9557846733419253 0
0 ec.gp.GPIndividual@1001901602{271532587} 0.0 109280.0 10087.0 1.0 1 1 21.0 0.0 1.0 0
0 ec.gp.GPIndividual@1366696401{855951231} 0 ec.gp.GPIndividual@25436170{1571545461} 0.0 0.0 104262.0 10861.0 0.9694059541775277 95244.0 10861.0 0.7830770647270049 3 7 21.0 0.0 4 7 21.0 0.0 0.9694059541775277 0
0.7830770647270049 0
0 ec.gp.GPIndividual@1888810337{1948675049} 0.0 104262.0 8317.0 0.9463748947937959 1 1 21.0 0.0 0.9463748947937959 0
0 ec.gp.GPIndividual@1001901602{271532587} 0.0 109280.0 8317.0 1.0 1 1 21.0 0.0 1.0 0
0 ec.gp.GPIndividual@1366696401{855951231} 0.0 104262.0 10861.0 0.9589356412853328 3 7 21.0 0.0 0.9589356412853328 0
0 ec.gp.GPIndividual@25436170{1571545461} 0.0 95148.0 8160.0 0.7230392156862745 4 7 21.0 0.0 0.7230392156862745 0
0 ec.gp.GPIndividual@1813700191{795655226} 0.0 109280.0 10054.0 1.0 2 3 21.0 0.0 1.0 0
0 ec.gp.GPIndividual@1366696401{855951231} 0.0 104262.0 8160.0 0.9453431372549019 3 7 21.0 0.0 0.9453431372549019 0
0 ec.gp.GPIndividual@1813700191{795655226} 0.0 109280.0 8387.0 1.0 2 3 21.0 0.0 1.0 0
0 ec.gp.GPIndividual@25436170{1571545461} 0.0 95244.0 12802.0 0.8159662552726137 4 7 21.0 0.0 0 ec.gp.GPIndividual@1366696401{855951231} 0.8159662552726137 0
0.0 104262.0 12802.0 0.9651616934853929 3 7 21.0 0.0 0.9651616934853929 0
0 ec.gp.GPIndividual@1813700191{795655226} 0.0 109280.0 14578.0 1.0 2 3 21.0 0.0 1.0 0
0 ec.gp.GPIndividual@1366696401{855951231} 0.0 104262.0 10087.0 0.9557846733419253 3 7 21.0 0.0 0.9557846733419253 0
0 ec.gp.GPIndividual@1813700191{795655226} 0.0 109280.0 10861.0 1.0 2 3 21.0 0.0 1.0 0
0 ec.gp.GPIndividual@1366696401{855951231} 0.0 104262.0 8317.0 0.9463748947937959 3 7 21.0 0.0 0.9463748947937959 0
0 ec.gp.GPIndividual@25436170{1571545461} 0.0 95244.0 10087.0 0.7664320412412016 4 7 21.0 0.0 0.7664320412412016 0
0 ec.gp.GPIndividual@1813700191{795655226} 0.0 109280.0 8160.0 1.0 2 3 21.0 0.0 1.0 0
0 ec.gp.GPIndividual@25436170{1571545461} 0.0 95148.0 8317.0 0.7282674041120596 4 7 21.0 0.0 0.7282674041120596 0
0 ec.gp.GPIndividual@1813700191{795655226} 0.0 109280.0 12802.0 1.0 2 3 21.0 0.0 1.0 0
0 ec.gp.GPIndividual@605625697{-898375582} 0.0 90934.0 10054.0 0.6508852198130097 5 39 21.0 0.0 0.6508852198130097 0
0 ec.gp.GPIndividual@1813700191{795655226} 0.0 109280.0 10087.0 1.0 2 3 21.0 0.0 1.0 0
0 ec.gp.GPIndividual@1997470476{1295570354} 0.0 109280.0 10054.0 1.0 1 1 21.0 0.0 1.0 0
0 ec.gp.GPIndividual@1813700191{795655226} 0.0 109280.0 8317.0 1.0 2 3 21.0 0.0 1.0 0
0 ec.gp.GPIndividual@1997470476{1295570354} 0.0 109280.0 8387.0 1.0 1 1 21.0 0.0 1.0 0
0 ec.gp.GPIndividual@605625697{-898375582} 0.0 90934.0 8387.0 0.5814951710981281 5 39 21.0 0.0 0.5814951710981281 0
0 ec.gp.GPIndividual@1997470476{1295570354} 0.0 109280.0 14578.0 1.0 1 1 21.0 0.0 1.0 0
0 ec.gp.GPIndividual@602084585{179487682} 0.0 109280.0 10054.0 1.0 1 1 21.0 0.0 1.0 0
0 ec.gp.GPIndividual@1997470476{1295570354} 0.0 109280.0 10861.0 1.0 1 1 21.0 0.0 1.0 0
0 ec.gp.GPIndividual@602084585{179487682} 0.0 109280.0 8387.0 1.0 1 1 21.0 0.0 1.0 0
0 ec.gp.GPIndividual@605625697{-898375582} 0.0 90934.0 14578.0 0.7592262313074496 5 39 21.0 0.0 0.7592262313074496 0
0 ec.gp.GPIndividual@1997470476{1295570354} 0.0 109280.0 8160.0 1.0 1 1 21.0 0.0 1.0 0
0 ec.gp.GPIndividual@602084585{179487682} 0.0 109280.0 14578.0 1.0 1 1 21.0 0.0 1.0 0
0 ec.gp.GPIndividual@1997470476{1295570354} 0.0 0 ec.gp.GPIndividual@602084585{179487682} 109280.0 10861.0 1.0 0.0 1 1 21.0 0.0 109280.0 10861.0 1.0 1.0 0
1 1 21.0 0.0 1.0 0
0 ec.gp.GPIndividual@605625697{-898375582} 0.0 90934.0 10861.0 0.676825338366633 5 39 21.0 0.0 0.676825338366633 0
0 ec.gp.GPIndividual@1997470476{1295570354} 0.0 109280.0 10087.0 1.0 1 1 21.0 0.0 1.0 0
0 ec.gp.GPIndividual@602084585{179487682} 0.0 109280.0 8160.0 1.0 1 1 21.0 0.0 1.0 0
0 ec.gp.GPIndividual@602084585{179487682} 0.0 109280.0 12802.0 1.0 1 1 21.0 0.0 1.0 0
0 ec.gp.GPIndividual@1997470476{1295570354} 0.0 0 ec.gp.GPIndividual@602084585{179487682} 109280.0 10087.0 1.0 0.0 109280.0 10087.0 1.0 1 1 21.0 0.0 1 1 21.0 0.0 1.0 0
1.0 0
0 ec.gp.GPIndividual@602084585{179487682} 0.0 109280.0 8317.0 1.0 1 1 21.0 0.0 1.0 0
0 ec.gp.GPIndividual@1402995896{753425794} 0.0 104262.0 10054.0 0.9556395464491745 1 1 21.0 0.0 0.9556395464491745 0
0 ec.gp.GPIndividual@138007444{616306119} 0.0 104262.0 10054.0 0.9556395464491745 2 4 21.0 0.0 0.9556395464491745 0
0 ec.gp.GPIndividual@1402995896{753425794} 0.0 104262.0 8387.0 0.9468224633361154 1 1 21.0 0.0 0.9468224633361154 0
0 ec.gp.GPIndividual@138007444{616306119} 0.0 104262.0 8387.0 0.9468224633361154 2 4 21.0 0.0 0.9468224633361154 0
0 ec.gp.GPIndividual@1402995896{753425794} 0.0 104262.0 14578.0 0.9694059541775277 1 1 21.0 0.0 0.9694059541775277 0
0 ec.gp.GPIndividual@138007444{616306119} 0.0 104262.0 14578.0 0.9694059541775277 2 4 21.0 0.0 0.9694059541775277 0
0 ec.gp.GPIndividual@1402995896{753425794} 0.0 104262.0 10861.0 0.9589356412853328 1 1 21.0 0.0 0.9589356412853328 0
0 ec.gp.GPIndividual@138007444{616306119} 0.0 104262.0 10861.0 0.9589356412853328 2 4 21.0 0.0 0.9589356412853328 0
0 ec.gp.GPIndividual@1402995896{753425794} 0.0 104262.0 8160.0 0.9453431372549019 1 1 21.0 0.0 0.9453431372549019 0
0 ec.gp.GPIndividual@1402995896{753425794} 0 ec.gp.GPIndividual@138007444{616306119} 0.0 0.0 104262.0 8160.0 0.9453431372549019 104262.0 8160.0 0.9651616934853929 2 4 21.0 0.0 1 1 21.0 0.0 0.9453431372549019 0
0.9651616934853929 0
0 ec.gp.GPIndividual@138007444{616306119} 0.0 104262.0 10087.0 0.9651616934853929 2 4 21.0 0.0 0 ec.gp.GPIndividual@1402995896{753425794} 0.9651616934853929 0
0.0 104262.0 10087.0 0.9557846733419253 1 1 21.0 0.0 0.9557846733419253 0
0 ec.gp.GPIndividual@138007444{616306119} 0 ec.gp.GPIndividual@1402995896{753425794} 0.0 0.0 104262.0 8317.0 0.9557846733419253 104262.0 8317.0 0.9463748947937959 1 1 21.0 0.0 2 4 21.0 0.0 0.9463748947937959 0
0.9557846733419253 0
0 ec.gp.GPIndividual@138007444{616306119} 0.0 104262.0 8317.0 0.9463748947937959 2 4 21.0 0.0 0.9463748947937959 0
0 ec.gp.GPIndividual@644284110{737057484} 0.0 100242.0 10054.0 0.8120151183608514 2 3 21.0 0.0 0.8120151183608514 0
0 ec.gp.GPIndividual@644284110{737057484} 0.0 100242.0 8387.0 0.7746512459759151 2 3 21.0 0.0 0.7746512459759151 0
0 ec.gp.GPIndividual@644284110{737057484} 0.0 100242.0 14578.0 0.8703525860886266 2 3 21.0 0.0 0.8703525860886266 0
0 ec.gp.GPIndividual@644284110{737057484} 0.0 100242.0 10861.0 0.82598287450511 2 3 21.0 0.0 0.82598287450511 0
0 ec.gp.GPIndividual@644284110{737057484} 0.0 100242.0 8160.0 0.7683823529411765 2 3 21.0 0.0 0.7683823529411765 0
0 ec.gp.GPIndividual@644284110{737057484} 0.0 100242.0 12802.0 0.8523668176847368 2 3 21.0 0.0 0.8523668176847368 0
0 ec.gp.GPIndividual@644284110{737057484} 0.0 100242.0 10087.0 0.8126301179736294 2 3 21.0 0.0 0.8126301179736294 0
0 ec.gp.GPIndividual@644284110{737057484} 0.0 100242.0 8317.0 0.7727545990140676 2 3 21.0 0.0 0.7727545990140676 0
0 ec.gp.GPIndividual@104996472{-560691067} 0.0 105260.0 10054.0 0.8563755719116769 3 7 21.0 0.0 0.8563755719116769 0
0 ec.gp.GPIndividual@104996472{-560691067} 0.0 105260.0 8387.0 0.8278287826397996 3 7 21.0 0.0 0.8278287826397996 0
0 ec.gp.GPIndividual@104996472{-560691067} 0.0 105260.0 14578.0 0.9009466319110989 3 7 21.0 0.0 0.9009466319110989 0
0 ec.gp.GPIndividual@104996472{-560691067} 0.0 105260.0 10861.0 0.8670472332197772 3 7 21.0 0.0 0.8670472332197772 0
0 ec.gp.GPIndividual@104996472{-560691067} 0.0 105260.0 8160.0 0.8230392156862745 3 7 21.0 0.0 0.8230392156862745 0
0 ec.gp.GPIndividual@104996472{-560691067} 0.0 105260.0 12802.0 0.8872051241993438 3 7 21.0 0.0 0.8872051241993438 0
0 ec.gp.GPIndividual@104996472{-560691067} 0.0 105260.0 10087.0 0.8568454446317042 3 7 21.0 0.0 0.8568454446317042 0
0 ec.gp.GPIndividual@104996472{-560691067} 0.0 105260.0 8317.0 0.8263797042202717 3 7 21.0 0.0 0.8263797042202717 0
0 ec.gp.GPIndividual@110383911{-1714909103} 0.0 109280.0 10054.0 1.0 2 4 21.0 0.0 1.0 0
0 ec.gp.GPIndividual@110383911{-1714909103} 0.0 109280.0 8387.0 1.0 2 4 21.0 0.0 1.0 0
0 ec.gp.GPIndividual@110383911{-1714909103} 0.0 109280.0 14578.0 1.0 2 4 21.0 0.0 1.0 0
0 ec.gp.GPIndividual@110383911{-1714909103} 0.0 109280.0 10861.0 1.0 2 4 21.0 0.0 1.0 0
0 ec.gp.GPIndividual@110383911{-1714909103} 0.0 109280.0 8160.0 1.0 2 4 21.0 0.0 1.0 0
0 ec.gp.GPIndividual@110383911{-1714909103} 0.0 109280.0 12802.0 1.0 2 4 21.0 0.0 1.0 0
0 ec.gp.GPIndividual@110383911{-1714909103} 0.0 109280.0 10087.0 1.0 2 4 21.0 0.0 1.0 0
0 ec.gp.GPIndividual@110383911{-1714909103} 0.0 109280.0 8317.0 1.0 2 4 21.0 0.0 1.0 0
0 ec.gp.GPIndividual@183891973{26771758} 217.0 11217.0 10054.0 0.1156753530932962 5 58 21.0 0.0 0.1156753530932962 0
0 ec.gp.GPIndividual@1296026000{-1394613079} 232.0 11217.0 10054.0 0.1156753530932962 5 32 21.0 0.0 0.1156753530932962 0
0 ec.gp.GPIndividual@1607532559{-470491381} 438.0 12010.0 10054.0 0.19454943306146807 5 45 21.0 0.0 0.19454943306146807 0
0 ec.gp.GPIndividual@183891973{26771758} 301.0 19584.0 8387.0 1.3350423274114702 5 58 21.0 0.0 1.3350423274114702 0
0 ec.gp.GPIndividual@1808098613{1356755240} 525.0 10331.0 10054.0 0.02755122339367416 4 19 21.0 0.0 0.02755122339367416 0
0 ec.gp.GPIndividual@183891973{26771758} 87.0 19584.0 14578.0 0.3433941555768967 5 58 21.0 0.0 0.3433941555768967 0
0 ec.gp.GPIndividual@1296026000{-1394613079} 495.0 17680.0 8387.0 1.1080243233575773 5 32 21.0 0.0 1.1080243233575773 0
0 ec.gp.GPIndividual@605625697{-898375582} 723.0 10121.0 8160.0 0.2403186274509804 5 39 21.0 0.0 0.2403186274509804 0
0 ec.gp.GPIndividual@605625697{-898375582} 0.0 90934.0 12802.0 0.7258240899859397 5 39 21.0 0.0 0.7258240899859397 0
0 ec.gp.GPIndividual@605625697{-898375582} 0.0 90934.0 10087.0 0.6520273619510261 5 39 21.0 0.0 0.6520273619510261 0
0 ec.gp.GPIndividual@1296026000{-1394613079} 180.0 15613.0 14578.0 0.07099739333241871 5 32 21.0 0.0 0.07099739333241871 0
0 ec.gp.GPIndividual@183891973{26771758} 370.0 11315.0 10861.0 0.041800939140042355 5 58 21.0 0.0 0.041800939140042355 0
0 ec.gp.GPIndividual@1607532559{-470491381} 1116.0 10760.0 8387.0 0.2829378800524621 5 45 21.0 0.0 0.2829378800524621 0
0 ec.gp.GPIndividual@1607532559{-470491381} 172.0 15719.0 14578.0 0.07826862395390315 5 45 21.0 0.0 0.07826862395390315 0
0 ec.gp.GPIndividual@1296026000{-1394613079} 828.0 12916.0 10861.0 0.18920909676825337 5 32 21.0 0.0 0.18920909676825337 0
0 ec.gp.GPIndividual@183891973{26771758} 817.0 12345.0 8160.0 0.5128676470588235 5 58 21.0 0.0 0.5128676470588235 0
0 ec.gp.GPIndividual@605625697{-898375582} 1077.0 8328.0 8317.0 0.0013225922808705061 5 39 21.0 0.0 0.0013225922808705061 0
0 ec.gp.GPIndividual@193124988{-245468612} 0.0 100242.0 10054.0 0.8120151183608514 2 3 21.0 0.0 0.8120151183608514 0
0 ec.gp.GPIndividual@193124988{-245468612} 0.0 100242.0 8387.0 0.7746512459759151 2 3 21.0 0.0 0.7746512459759151 0
0 ec.gp.GPIndividual@193124988{-245468612} 0.0 100242.0 14578.0 0.8703525860886266 2 3 21.0 0.0 0.8703525860886266 0
0 ec.gp.GPIndividual@193124988{-245468612} 0.0 100242.0 10861.0 0.82598287450511 2 3 21.0 0.0 0.82598287450511 0
0 ec.gp.GPIndividual@193124988{-245468612} 0.0 100242.0 8160.0 0.7683823529411765 2 3 21.0 0.0 0.7683823529411765 0
0 ec.gp.GPIndividual@193124988{-245468612} 0.0 100242.0 12802.0 0.8523668176847368 2 3 21.0 0.0 0.8523668176847368 0
0 ec.gp.GPIndividual@193124988{-245468612} 0.0 100242.0 10087.0 0.8126301179736294 2 3 21.0 0.0 0.8126301179736294 0
0 ec.gp.GPIndividual@193124988{-245468612} 0.0 100242.0 8317.0 0.7727545990140676 2 3 21.0 0.0 0.7727545990140676 0
0 ec.gp.GPIndividual@1874540693{609449546} 0.0 99798.0 10054.0 0.8561766461110006 2 3 21.0 0.0 0.8561766461110006 0
0 ec.gp.GPIndividual@1874540693{609449546} 0.0 99798.0 8387.0 0.8275903183498271 2 3 21.0 0.0 0.8275903183498271 0
0 ec.gp.GPIndividual@1874540693{609449546} 0.0 99972.0 14578.0 0.8888736452188228 2 3 21.0 0.0 0.8888736452188228 0
0 ec.gp.GPIndividual@1874540693{609449546} 0.0 99798.0 10861.0 0.8668630881134334 2 3 21.0 0.0 0.8668630881134334 0
0 ec.gp.GPIndividual@1874540693{609449546} 0.0 99798.0 8160.0 0.8227941176470588 2 3 21.0 0.0 0.8227941176470588 0
0 ec.gp.GPIndividual@1874540693{609449546} 0.0 99798.0 12802.0 0.8870488986095922 2 3 21.0 0.0 0.8870488986095922 0
0 ec.gp.GPIndividual@1874540693{609449546} 0.0 99798.0 10087.0 0.8566471696242689 2 3 21.0 0.0 0.8566471696242689 0
0 ec.gp.GPIndividual@1874540693{609449546} 0.0 99798.0 8317.0 0.8261392328964771 2 3 21.0 0.0 0.8261392328964771 0
0 ec.gp.GPIndividual@1075222344{-1472126251} 0.0 109280.0 10054.0 1.0 3 7 21.0 0.0 1.0 0
0 ec.gp.GPIndividual@1075222344{-1472126251} 0.0 109280.0 8387.0 1.0 3 7 21.0 0.0 1.0 0
0 ec.gp.GPIndividual@1075222344{-1472126251} 0.0 109280.0 14578.0 1.0 3 7 21.0 0.0 1.0 0
0 ec.gp.GPIndividual@1075222344{-1472126251} 0.0 109280.0 10861.0 1.0 3 7 21.0 0.0 1.0 0
0 ec.gp.GPIndividual@1075222344{-1472126251} 0.0 109280.0 8160.0 1.0 3 7 21.0 0.0 1.0 0
0 ec.gp.GPIndividual@1075222344{-1472126251} 0.0 109280.0 12802.0 1.0 3 7 21.0 0.0 1.0 0
0 ec.gp.GPIndividual@1075222344{-1472126251} 0.0 109280.0 10087.0 1.0 3 7 21.0 0.0 1.0 0
0 ec.gp.GPIndividual@1075222344{-1472126251} 0.0 109280.0 8317.0 1.0 3 7 21.0 0.0 1.0 0
0 ec.gp.GPIndividual@1083083336{1844147996} 0.0 104262.0 10054.0 0.9556395464491745 2 3 21.0 0.0 0.9556395464491745 0
0 ec.gp.GPIndividual@1083083336{1844147996} 0.0 104262.0 8387.0 0.9468224633361154 2 3 21.0 0.0 0.9468224633361154 0
0 ec.gp.GPIndividual@1083083336{1844147996} 0.0 104262.0 14578.0 0.9694059541775277 2 3 21.0 0.0 0.9694059541775277 0
0 ec.gp.GPIndividual@1083083336{1844147996} 0.0 104262.0 10861.0 0.9589356412853328 2 3 21.0 0.0 0.9589356412853328 0
0 ec.gp.GPIndividual@1083083336{1844147996} 0.0 104262.0 8160.0 0.9453431372549019 2 3 21.0 0.0 0.9453431372549019 0
0 ec.gp.GPIndividual@1083083336{1844147996} 0.0 104262.0 12802.0 0.9651616934853929 2 3 21.0 0.0 0.9651616934853929 0
0 ec.gp.GPIndividual@1083083336{1844147996} 0.0 104262.0 10087.0 0.9557846733419253 2 3 21.0 0.0 0.9557846733419253 0
0 ec.gp.GPIndividual@1083083336{1844147996} 0.0 104262.0 8317.0 0.9463748947937959 2 3 21.0 0.0 0.9463748947937959 0
0 ec.gp.GPIndividual@183891973{26771758} 47.0 19584.0 12802.0 0.52976097484768 5 58 21.0 0.0 0.52976097484768 0
0 ec.gp.GPIndividual@183891973{26771758} 164.0 11590.0 10087.0 0.14900366808763754 5 58 21.0 0.0 0.14900366808763754 0
0 ec.gp.GPIndividual@183891973{26771758} 811.0 8328.0 8317.0 0.0013225922808705061 5 58 21.0 0.0 0.0013225922808705061 0
0 ec.gp.GPIndividual@2120678675{-1980096838} 47.0 14522.0 10054.0 0.4444002387109608 5 32 21.0 0.0 0.4444002387109608 0
0 ec.gp.GPIndividual@2120678675{-1980096838} 356.0 12705.0 8387.0 0.5148444020507928 5 32 21.0 0.0 0.5148444020507928 0
0 ec.gp.GPIndividual@2120678675{-1980096838} 101.0 15629.0 14578.0 0.07209493757717109 5 32 21.0 0.0 0.07209493757717109 0
0 ec.gp.GPIndividual@2120678675{-1980096838} 205.0 15740.0 10861.0 0.4492219869256974 5 32 21.0 0.0 0.4492219869256974 0
0 ec.gp.GPIndividual@1296026000{-1394613079} 2217.0 8347.0 8160.0 0.022916666666666665 5 32 21.0 0.0 0.022916666666666665 0
0 ec.gp.GPIndividual@2120678675{-1980096838} 460.0 14301.0 8160.0 0.7525735294117647 5 32 21.0 0.0 0.7525735294117647 0
0 ec.gp.GPIndividual@2120678675{-1980096838} 74.0 16607.0 12802.0 0.2972191845024215 5 32 21.0 0.0 0.2972191845024215 0
0 ec.gp.GPIndividual@1296026000{-1394613079} 121.0 15814.0 12802.0 0.23527573816591157 5 32 21.0 0.0 0.23527573816591157 0
0 ec.gp.GPIndividual@2120678675{-1980096838} 167.0 11590.0 10087.0 0.14900366808763754 5 32 21.0 0.0 0.14900366808763754 0
0 ec.gp.GPIndividual@1296026000{-1394613079} 190.0 10974.0 10087.0 0.08793496579756122 5 32 21.0 0.0 0.08793496579756122 0
0 ec.gp.GPIndividual@1808098613{1356755240} 3786.0 8519.0 8387.0 0.015738643138190057 4 19 21.0 0.0 0.015738643138190057 0
0 ec.gp.GPIndividual@1808098613{1356755240} 140.0 15613.0 14578.0 0.07099739333241871 4 19 21.0 0.0 0.07099739333241871 0
0 ec.gp.GPIndividual@2120678675{-1980096838} 453.0 12421.0 8317.0 0.49344715642659615 5 32 21.0 0.0 0.49344715642659615 0
0 ec.gp.GPIndividual@757456281{2069724372} 0.0 100242.0 10054.0 0.8120151183608514 2 3 21.0 0.0 0.8120151183608514 0
0 ec.gp.GPIndividual@757456281{2069724372} 0.0 100242.0 8387.0 0.7746512459759151 2 3 21.0 0.0 0.7746512459759151 0
0 ec.gp.GPIndividual@757456281{2069724372} 0.0 100242.0 14578.0 0.8703525860886266 2 3 21.0 0.0 0.8703525860886266 0
0 ec.gp.GPIndividual@757456281{2069724372} 0.0 100242.0 10861.0 0.82598287450511 2 3 21.0 0.0 0.82598287450511 0
0 ec.gp.GPIndividual@757456281{2069724372} 0.0 100242.0 8160.0 0.7683823529411765 2 3 21.0 0.0 0.7683823529411765 0
0 ec.gp.GPIndividual@757456281{2069724372} 0.0 100242.0 12802.0 0.8523668176847368 2 3 21.0 0.0 0.8523668176847368 0
0 ec.gp.GPIndividual@757456281{2069724372} 0.0 100242.0 10087.0 0.8126301179736294 2 3 21.0 0.0 0.8126301179736294 0
0 ec.gp.GPIndividual@757456281{2069724372} 0.0 100242.0 8317.0 0.7727545990140676 2 3 21.0 0.0 0.7727545990140676 0
0 ec.gp.GPIndividual@1353932939{-733389335} 0.0 104262.0 10054.0 0.9556395464491745 4 17 21.0 0.0 0.9556395464491745 0
0 ec.gp.GPIndividual@1353932939{-733389335} 0.0 104262.0 8387.0 0.9468224633361154 4 17 21.0 0.0 0.9468224633361154 0
0 ec.gp.GPIndividual@1353932939{-733389335} 0.0 104262.0 14578.0 0.9694059541775277 4 17 21.0 0.0 0.9694059541775277 0
0 ec.gp.GPIndividual@1353932939{-733389335} 0.0 104262.0 10861.0 0.9589356412853328 4 17 21.0 0.0 0.9589356412853328 0
0 ec.gp.GPIndividual@1353932939{-733389335} 0.0 104262.0 8160.0 0.9453431372549019 4 17 21.0 0.0 0.9453431372549019 0
0 ec.gp.GPIndividual@1353932939{-733389335} 0.0 104262.0 12802.0 0.9651616934853929 4 17 21.0 0.0 0.9651616934853929 0
0 ec.gp.GPIndividual@1353932939{-733389335} 0.0 104262.0 10087.0 0.9557846733419253 4 17 21.0 0.0 0.9557846733419253 0
0 ec.gp.GPIndividual@1353932939{-733389335} 0.0 104262.0 8317.0 0.9463748947937959 4 17 21.0 0.0 0.9463748947937959 0
0 ec.gp.GPIndividual@420289958{1382065566} 0.0 105260.0 10054.0 0.8563755719116769 2 3 21.0 0.0 0.8563755719116769 0
0 ec.gp.GPIndividual@420289958{1382065566} 0.0 105260.0 8387.0 0.8278287826397996 2 3 21.0 0.0 0.8278287826397996 0
0 ec.gp.GPIndividual@420289958{1382065566} 0.0 105260.0 14578.0 0.9009466319110989 2 3 21.0 0.0 0.9009466319110989 0
0 ec.gp.GPIndividual@420289958{1382065566} 0.0 105260.0 10861.0 0.8670472332197772 2 3 21.0 0.0 0.8670472332197772 0
0 ec.gp.GPIndividual@420289958{1382065566} 0.0 105260.0 8160.0 0.8230392156862745 2 3 21.0 0.0 0.8230392156862745 0
0 ec.gp.GPIndividual@420289958{1382065566} 0.0 105260.0 12802.0 0.8872051241993438 2 3 21.0 0.0 0.8872051241993438 0
0 ec.gp.GPIndividual@420289958{1382065566} 0.0 105260.0 10087.0 0.8568454446317042 2 3 21.0 0.0 0.8568454446317042 0
0 ec.gp.GPIndividual@420289958{1382065566} 0.0 105260.0 8317.0 0.8263797042202717 2 3 21.0 0.0 0.8263797042202717 0
0 ec.gp.GPIndividual@1347089905{297040269} 0.0 89204.0 10054.0 0.8229560373980506 3 7 21.0 0.0 0.8229560373980506 0
0 ec.gp.GPIndividual@1347089905{297040269} 0.0 89204.0 8387.0 0.7877667819244069 3 7 21.0 0.0 0.7877667819244069 0
0 ec.gp.GPIndividual@1347089905{297040269} 0.0 89764.0 14578.0 0.8394841542049664 3 7 21.0 0.0 0.8394841542049664 0
0 ec.gp.GPIndividual@1347089905{297040269} 0.0 89544.0 10861.0 0.8048061872755732 3 7 21.0 0.0 0.8048061872755732 0
0 ec.gp.GPIndividual@1347089905{297040269} 0.0 89113.0 8160.0 0.7930147058823529 3 7 21.0 0.0 0.7930147058823529 0
0 ec.gp.GPIndividual@1347089905{297040269} 0.0 89544.0 12802.0 0.8344008748633026 3 7 21.0 0.0 0.8344008748633026 0
0 ec.gp.GPIndividual@1347089905{297040269} 0.0 89412.0 10087.0 0.8029146426092991 3 7 21.0 0.0 0.8029146426092991 0
0 ec.gp.GPIndividual@1347089905{297040269} 0.0 89113.0 8317.0 0.7969219670554286 3 7 21.0 0.0 0.7969219670554286 0
0 ec.gp.GPIndividual@1392522100{-495324123} 0.0 99798.0 10054.0 0.8561766461110006 2 4 21.0 0.0 0.8561766461110006 0
0 ec.gp.GPIndividual@1392522100{-495324123} 0.0 99798.0 8387.0 0.8275903183498271 2 4 21.0 0.0 0.8275903183498271 0
0 ec.gp.GPIndividual@1392522100{-495324123} 0.0 99972.0 14578.0 0.8888736452188228 2 4 21.0 0.0 0.8888736452188228 0
0 ec.gp.GPIndividual@1392522100{-495324123} 0.0 99798.0 10861.0 0.8668630881134334 2 4 21.0 0.0 0.8668630881134334 0
0 ec.gp.GPIndividual@1392522100{-495324123} 0.0 99798.0 8160.0 0.8227941176470588 2 4 21.0 0.0 0.8227941176470588 0
0 ec.gp.GPIndividual@1392522100{-495324123} 0.0 99798.0 12802.0 0.8870488986095922 2 4 21.0 0.0 0.8870488986095922 0
0 ec.gp.GPIndividual@1392522100{-495324123} 0.0 99798.0 10087.0 0.8566471696242689 2 4 21.0 0.0 0.8566471696242689 0
0 ec.gp.GPIndividual@1392522100{-495324123} 0.0 99798.0 8317.0 0.8261392328964771 2 4 21.0 0.0 0.8261392328964771 0
0 ec.gp.GPIndividual@1607532559{-470491381} 4310.0 11443.0 10861.0 0.053586225946045486 5 45 21.0 0.0 0.053586225946045486 0
0 ec.gp.GPIndividual@1808098613{1356755240} 2985.0 11066.0 10861.0 0.018874873400239387 4 19 21.0 0.0 0.018874873400239387 0
0 ec.gp.GPIndividual@1296026000{-1394613079} 4404.0 10970.0 8317.0 0.3189852110135866 5 32 21.0 0.0 0.3189852110135866 0
0 ec.gp.GPIndividual@1607532559{-470491381} 2627.0 8980.0 8160.0 0.10049019607843138 5 45 21.0 0.0 0.10049019607843138 0
0 ec.gp.GPIndividual@1818112692{1726457667} 39.0 11217.0 10054.0 0.1156753530932962 5 19 21.0 0.0 0.1156753530932962 0
0 ec.gp.GPIndividual@1607532559{-470491381} 303.0 14640.0 12802.0 0.1435713169817216 5 45 21.0 0.0 0.1435713169817216 0
0 ec.gp.GPIndividual@1818112692{1726457667} 323.0 8767.0 8387.0 0.04530821509478956 5 19 21.0 0.0 0.04530821509478956 0
0 ec.gp.GPIndividual@1818112692{1726457667} 73.0 15613.0 14578.0 0.07099739333241871 5 19 21.0 0.0 0.07099739333241871 0
0 ec.gp.GPIndividual@1808098613{1356755240} 1713.0 8347.0 8160.0 0.022916666666666665 4 19 21.0 0.0 0.022916666666666665 0
0 ec.gp.GPIndividual@1808098613{1356755240} 94.0 18424.0 12802.0 0.4391501327917513 4 19 21.0 0.0 0.4391501327917513 0
0 ec.gp.GPIndividual@1818112692{1726457667} 183.0 12610.0 10861.0 0.16103489549765215 5 19 21.0 0.0 0.16103489549765215 0
0 ec.gp.GPIndividual@1607532559{-470491381} 622.0 10087.0 10087.0 0.0 5 45 21.0 0.0 0.0 1
0 ec.gp.GPIndividual@1818112692{1726457667} 429.0 10033.0 8160.0 0.22953431372549019 5 19 21.0 0.0 0.22953431372549019 0
0 ec.gp.GPIndividual@1818112692{1726457667} 69.0 19584.0 12802.0 0.52976097484768 5 19 21.0 0.0 0.52976097484768 0
0 ec.gp.GPIndividual@1818112692{1726457667} 148.0 11590.0 10087.0 0.14900366808763754 5 19 21.0 0.0 0.14900366808763754 0
0 ec.gp.GPIndividual@1818112692{1726457667} 432.0 8328.0 8317.0 0.0013225922808705061 5 19 21.0 0.0 0.0013225922808705061 0
0 ec.gp.GPIndividual@485049889{-2082047087} 0.0 13417.0 10054.0 0.3344937338372787 3 10 21.0 0.0 0.3344937338372787 0
0 ec.gp.GPIndividual@485049889{-2082047087} 0.0 13518.0 8387.0 0.6117801359246453 3 10 21.0 0.0 0.6117801359246453 0
0 ec.gp.GPIndividual@485049889{-2082047087} 0.0 15576.0 14578.0 0.06845932226642887 3 10 21.0 0.0 0.06845932226642887 0
0 ec.gp.GPIndividual@485049889{-2082047087} 0.0 13450.0 10861.0 0.2383758401620477 3 10 21.0 0.0 0.2383758401620477 0
0 ec.gp.GPIndividual@485049889{-2082047087} 0.0 13518.0 8160.0 0.6566176470588235 3 10 21.0 0.0 0.6566176470588235 0
0 ec.gp.GPIndividual@485049889{-2082047087} 0.0 13918.0 12802.0 0.08717387908139353 3 10 21.0 0.0 0.08717387908139353 0
0 ec.gp.GPIndividual@485049889{-2082047087} 0.0 13417.0 10087.0 0.33012788737979576 3 10 21.0 0.0 0.33012788737979576 0
0 ec.gp.GPIndividual@485049889{-2082047087} 0.0 13518.0 8317.0 0.6253456775279548 3 10 21.0 0.0 0.6253456775279548 0
0 ec.gp.GPIndividual@1892330211{1016858362} 0.0 74950.0 10054.0 0.6103043564750348 4 21 21.0 0.0 0.6103043564750348 0
0 ec.gp.GPIndividual@1892330211{1016858362} 0.0 75283.0 8387.0 0.4931441516632884 4 21 21.0 0.0 0.4931441516632884 0
0 ec.gp.GPIndividual@1892330211{1016858362} 0.0 75769.0 14578.0 0.6750583070380025 4 21 21.0 0.0 0.6750583070380025 0
0 ec.gp.GPIndividual@1892330211{1016858362} 0.0 74950.0 10861.0 0.6392597366724979 4 21 21.0 0.0 0.6392597366724979 0
0 ec.gp.GPIndividual@1892330211{1016858362} 0.0 75283.0 8160.0 0.47904411764705884 4 21 21.0 0.0 0.47904411764705884 0
0 ec.gp.GPIndividual@1892330211{1016858362} 0.0 75196.0 12802.0 0.6747383221371661 4 21 21.0 0.0 0.6747383221371661 0
0 ec.gp.GPIndividual@1892330211{1016858362} 0.0 74950.0 10087.0 0.6115792604342223 4 21 21.0 0.0 0.6115792604342223 0
0 ec.gp.GPIndividual@1892330211{1016858362} 0.0 75283.0 8317.0 0.488878201274498 4 21 21.0 0.0 0.488878201274498 0
0 ec.gp.GPIndividual@34913834{749315046} 0.0 104262.0 10054.0 0.9556395464491745 2 3 21.0 0.0 0.9556395464491745 0
0 ec.gp.GPIndividual@34913834{749315046} 0.0 104262.0 8387.0 0.9468224633361154 2 3 21.0 0.0 0.9468224633361154 0
0 ec.gp.GPIndividual@34913834{749315046} 0.0 104262.0 14578.0 0.9694059541775277 2 3 21.0 0.0 0.9694059541775277 0
0 ec.gp.GPIndividual@34913834{749315046} 0.0 104262.0 10861.0 0.9589356412853328 2 3 21.0 0.0 0.9589356412853328 0
0 ec.gp.GPIndividual@34913834{749315046} 0.0 104262.0 8160.0 0.9453431372549019 2 3 21.0 0.0 0.9453431372549019 0
0 ec.gp.GPIndividual@34913834{749315046} 0.0 104262.0 12802.0 0.9651616934853929 2 3 21.0 0.0 0.9651616934853929 0
0 ec.gp.GPIndividual@34913834{749315046} 0.0 104262.0 10087.0 0.9557846733419253 2 3 21.0 0.0 0.9557846733419253 0
0 ec.gp.GPIndividual@34913834{749315046} 0.0 104262.0 8317.0 0.9463748947937959 2 3 21.0 0.0 0.9463748947937959 0
0 ec.gp.GPIndividual@524478286{-1664825899} 0.0 109280.0 10054.0 1.0 3 8 21.0 0.0 1.0 0
0 ec.gp.GPIndividual@524478286{-1664825899} 0.0 109280.0 8387.0 1.0 3 8 21.0 0.0 1.0 0
0 ec.gp.GPIndividual@524478286{-1664825899} 0.0 109280.0 14578.0 1.0 3 8 21.0 0.0 1.0 0
0 ec.gp.GPIndividual@524478286{-1664825899} 0.0 109280.0 10861.0 1.0 3 8 21.0 0.0 1.0 0
0 ec.gp.GPIndividual@524478286{-1664825899} 0.0 109280.0 8160.0 1.0 3 8 21.0 0.0 1.0 0
0 ec.gp.GPIndividual@524478286{-1664825899} 0.0 109280.0 12802.0 1.0 3 8 21.0 0.0 1.0 0
0 ec.gp.GPIndividual@524478286{-1664825899} 0.0 109280.0 10087.0 1.0 3 8 21.0 0.0 1.0 0
0 ec.gp.GPIndividual@524478286{-1664825899} 0.0 109280.0 8317.0 1.0 3 8 21.0 0.0 1.0 0
0 ec.gp.GPIndividual@1808098613{1356755240} 1173.0 10087.0 10087.0 0.0 4 19 21.0 0.0 0.0 1
0 ec.gp.GPIndividual@1808098613{1356755240} 4552.0 8328.0 8317.0 0.0013225922808705061 4 19 21.0 0.0 0.0013225922808705061 1
0 ec.gp.GPIndividual@1840902895{447794513} 0.0 99798.0 10054.0 0.8561766461110006 3 5 21.0 0.0 0.8561766461110006 0
0 ec.gp.GPIndividual@1840902895{447794513} 0.0 99798.0 8387.0 0.8275903183498271 3 5 21.0 0.0 0.8275903183498271 0
0 ec.gp.GPIndividual@1840902895{447794513} 0.0 99972.0 14578.0 0.8888736452188228 3 5 21.0 0.0 0.8888736452188228 0
0 ec.gp.GPIndividual@1840902895{447794513} 0.0 99798.0 10861.0 0.8668630881134334 3 5 21.0 0.0 0.8668630881134334 0
0 ec.gp.GPIndividual@1840902895{447794513} 0.0 99798.0 8160.0 0.8227941176470588 3 5 21.0 0.0 0.8227941176470588 0
0 ec.gp.GPIndividual@1840902895{447794513} 0.0 99798.0 12802.0 0.8870488986095922 3 5 21.0 0.0 0.8870488986095922 0
0 ec.gp.GPIndividual@1840902895{447794513} 0.0 99798.0 10087.0 0.8566471696242689 3 5 21.0 0.0 0.8566471696242689 0
0 ec.gp.GPIndividual@1840902895{447794513} 0.0 99798.0 8317.0 0.8261392328964771 3 5 21.0 0.0 0.8261392328964771 0
0 ec.gp.GPIndividual@814062833{633411695} 37.0 11217.0 10054.0 0.1156753530932962 5 36 21.0 0.0 0.1156753530932962 0
0 ec.gp.GPIndividual@814062833{633411695} 303.0 8767.0 8387.0 0.04530821509478956 5 36 21.0 0.0 0.04530821509478956 0
0 ec.gp.GPIndividual@814062833{633411695} 73.0 15613.0 14578.0 0.07099739333241871 5 36 21.0 0.0 0.07099739333241871 0
0 ec.gp.GPIndividual@814062833{633411695} 176.0 12610.0 10861.0 0.16103489549765215 5 36 21.0 0.0 0.16103489549765215 0
0 ec.gp.GPIndividual@814062833{633411695} 412.0 10033.0 8160.0 0.22953431372549019 5 36 21.0 0.0 0.22953431372549019 0
0 ec.gp.GPIndividual@814062833{633411695} 95.0 13688.0 12802.0 0.06920793625995939 5 36 21.0 0.0 0.06920793625995939 0
0 ec.gp.GPIndividual@814062833{633411695} 163.0 11590.0 10087.0 0.14900366808763754 5 36 21.0 0.0 0.14900366808763754 0
0 ec.gp.GPIndividual@1607532559{-470491381} 6868.0 10465.0 8317.0 0.2582662017554407 5 45 21.0 0.0 0.2582662017554407 1
0 ec.gp.GPIndividual@1440532198{-1251901352} 35.0 10822.0 10054.0 0.07638750745971752 5 34 21.0 0.0 0.07638750745971752 0
0 ec.gp.GPIndividual@814062833{633411695} 414.0 8328.0 8317.0 0.0013225922808705061 5 36 21.0 0.0 0.0013225922808705061 0
0 ec.gp.GPIndividual@1793211478{-1527117524} 0.0 101188.0 10054.0 0.7179232146409389 2 3 21.0 0.0 0.7179232146409389 0
0 ec.gp.GPIndividual@1793211478{-1527117524} 0.0 101188.0 8387.0 0.6618576368188863 2 3 21.0 0.0 0.6618576368188863 0
0 ec.gp.GPIndividual@1793211478{-1527117524} 0.0 101188.0 14578.0 0.805460282617643 2 3 21.0 0.0 0.805460282617643 0
0 ec.gp.GPIndividual@1793211478{-1527117524} 0.0 101188.0 10861.0 0.7388822392044931 2 3 21.0 0.0 0.7388822392044931 0
0 ec.gp.GPIndividual@1793211478{-1527117524} 0.0 101188.0 8160.0 0.6524509803921569 2 3 21.0 0.0 0.6524509803921569 0
0 ec.gp.GPIndividual@1793211478{-1527117524} 0.0 101188.0 12802.0 0.7784721137322294 2 3 21.0 0.0 0.7784721137322294 0
0 ec.gp.GPIndividual@1793211478{-1527117524} 0.0 101188.0 10087.0 0.7188460394567264 2 3 21.0 0.0 0.7188460394567264 0
0 ec.gp.GPIndividual@1793211478{-1527117524} 0.0 101188.0 8317.0 0.6590116628592041 2 3 21.0 0.0 0.6590116628592041 0
0 ec.gp.GPIndividual@553141336{917948461} 0.0 105260.0 10054.0 0.8563755719116769 1 1 21.0 0.0 0.8563755719116769 0
0 ec.gp.GPIndividual@553141336{917948461} 0.0 105260.0 8387.0 0.8278287826397996 1 1 21.0 0.0 0.8278287826397996 0
0 ec.gp.GPIndividual@553141336{917948461} 0.0 105260.0 14578.0 0.9009466319110989 1 1 21.0 0.0 0.9009466319110989 0
0 ec.gp.GPIndividual@553141336{917948461} 0.0 105260.0 10861.0 0.8670472332197772 1 1 21.0 0.0 0.8670472332197772 0
0 ec.gp.GPIndividual@553141336{917948461} 0.0 105260.0 8160.0 0.8230392156862745 1 1 21.0 0.0 0.8230392156862745 0
0 ec.gp.GPIndividual@553141336{917948461} 0.0 105260.0 12802.0 0.8872051241993438 1 1 21.0 0.0 0.8872051241993438 0
0 ec.gp.GPIndividual@553141336{917948461} 0.0 105260.0 10087.0 0.8568454446317042 1 1 21.0 0.0 0.8568454446317042 0
0 ec.gp.GPIndividual@553141336{917948461} 0.0 105260.0 8317.0 0.8263797042202717 1 1 21.0 0.0 0.8263797042202717 0
0 ec.gp.GPIndividual@41219106{1278762959} 35.0 13102.0 10054.0 0.3031629202307539 5 68 21.0 0.0 0.3031629202307539 0
0 ec.gp.GPIndividual@1440532198{-1251901352} 299.0 8624.0 8387.0 0.028258018361750327 5 34 21.0 0.0 0.028258018361750327 0
0 ec.gp.GPIndividual@1440532198{-1251901352} 74.0 15613.0 14578.0 0.07099739333241871 5 34 21.0 0.0 0.07099739333241871 0
0 ec.gp.GPIndividual@41219106{1278762959} 282.0 11079.0 8387.0 0.3209729343030881 5 68 21.0 0.0 0.3209729343030881 0
0 ec.gp.GPIndividual@41219106{1278762959} 75.0 16873.0 14578.0 0.1574290026066676 5 68 21.0 0.0 0.1574290026066676 0
0 ec.gp.GPIndividual@1440532198{-1251901352} 180.0 12100.0 10861.0 0.11407789337998343 5 34 21.0 0.0 0.11407789337998343 0
0 ec.gp.GPIndividual@41219106{1278762959} 96.0 12538.0 10861.0 0.15440567166927538 5 68 21.0 0.0 0.15440567166927538 0
0 ec.gp.GPIndividual@1440532198{-1251901352} 413.0 10033.0 8160.0 0.22953431372549019 5 34 21.0 0.0 0.22953431372549019 0
0 ec.gp.GPIndividual@41219106{1278762959} 336.0 10763.0 8160.0 0.31899509803921566 5 68 21.0 0.0 0.31899509803921566 0
0 ec.gp.GPIndividual@1440532198{-1251901352} 96.0 13688.0 12802.0 0.06920793625995939 5 34 21.0 0.0 0.06920793625995939 0
0 ec.gp.GPIndividual@41219106{1278762959} 99.0 14386.0 12802.0 0.12373066708326824 5 68 21.0 0.0 0.12373066708326824 0
0 ec.gp.GPIndividual@41219106{1278762959} 97.0 11575.0 10087.0 0.1475166055318727 5 68 21.0 0.0 0.1475166055318727 0
0 ec.gp.GPIndividual@1440532198{-1251901352} 153.0 11590.0 10087.0 0.14900366808763754 5 34 21.0 0.0 0.14900366808763754 0
0 ec.gp.GPIndividual@41219106{1278762959} 333.0 10295.0 8317.0 0.23782613923289647 5 68 21.0 0.0 0.23782613923289647 0
0 ec.gp.GPIndividual@1440532198{-1251901352} 419.0 8328.0 8317.0 0.0013225922808705061 5 34 21.0 0.0 0.0013225922808705061 0
0 ec.gp.GPIndividual@1312657187{1801589874} 0.0 105260.0 10054.0 0.8563755719116769 1 1 21.0 0.0 0.8563755719116769 0
0 ec.gp.GPIndividual@1312657187{1801589874} 0.0 105260.0 8387.0 0.8278287826397996 1 1 21.0 0.0 0.8278287826397996 0
0 ec.gp.GPIndividual@1312657187{1801589874} 0.0 105260.0 14578.0 0.9009466319110989 1 1 21.0 0.0 0.9009466319110989 0
0 ec.gp.GPIndividual@1312657187{1801589874} 0.0 105260.0 10861.0 0.8670472332197772 1 1 21.0 0.0 0.8670472332197772 0
0 ec.gp.GPIndividual@1312657187{1801589874} 0.0 105260.0 8160.0 0.8230392156862745 1 1 21.0 0.0 0.8230392156862745 0
0 ec.gp.GPIndividual@1312657187{1801589874} 0.0 105260.0 12802.0 0.8872051241993438 1 1 21.0 0.0 0.8872051241993438 0
0 ec.gp.GPIndividual@1312657187{1801589874} 0.0 105260.0 10087.0 0.8568454446317042 1 1 21.0 0.0 0.8568454446317042 0
0 ec.gp.GPIndividual@1312657187{1801589874} 0.0 105260.0 8317.0 0.8263797042202717 1 1 21.0 0.0 0.8263797042202717 0
1 ec.gp.GPIndividual@419215015{1096608486} 0.0 104262.0 10054.0 0.9556395464491745 1 1 21.0 0.0 0.9556395464491745 0
1 ec.gp.GPIndividual@419215015{1096608486} 0.0 104262.0 8387.0 0.9468224633361154 1 1 21.0 0.0 1 ec.gp.GPIndividual@1438782089{917948461} 0.9468224633361154 0
0.0 105260.0 8387.0 0.8563755719116769 1 1 21.0 0.0 0.8563755719116769 0
1 ec.gp.GPIndividual@419215015{1096608486} 0.0 104262.0 14578.0 0.9694059541775277 1 1 21.0 0.0 0.9694059541775277 0
1 ec.gp.GPIndividual@1438782089{917948461} 0.0 105260.0 8387.0 0.8278287826397996 1 1 21.0 0.0 0.8278287826397996 0
1 ec.gp.GPIndividual@419215015{1096608486} 0.0 104262.0 10861.0 0.9589356412853328 1 1 21.0 0.0 0.9589356412853328 0
1 ec.gp.GPIndividual@1074170599{-176183976} 0.0 94780.0 10054.0 0.811816192560175 4 9 21.0 0.0 0.811816192560175 0
1 ec.gp.GPIndividual@1438782089{917948461} 0.0 105260.0 14578.0 0.9009466319110989 1 1 21.0 0.0 0.9009466319110989 0
1 ec.gp.GPIndividual@419215015{1096608486} 0.0 104262.0 8160.0 0.9453431372549019 1 1 21.0 0.0 0.9453431372549019 0
1 ec.gp.GPIndividual@1438782089{917948461} 0.0 105260.0 10861.0 0.8670472332197772 1 1 21.0 0.0 1 ec.gp.GPIndividual@419215015{1096608486} 0.8670472332197772 0
0.0 104262.0 12802.0 0.9651616934853929 1 1 21.0 0.0 0.9651616934853929 0
1 ec.gp.GPIndividual@1438782089{917948461} 0.0 105260.0 8160.0 0.8230392156862745 1 1 21.0 0.0 0.8230392156862745 0
1 ec.gp.GPIndividual@419215015{1096608486} 0.0 104262.0 10087.0 0.9557846733419253 1 1 21.0 0.0 0.9557846733419253 0
1 ec.gp.GPIndividual@1074170599{-176183976} 0.0 94780.0 8387.0 0.7744127816859425 4 9 21.0 0.0 1 ec.gp.GPIndividual@419215015{1096608486} 0.0 0.7744127816859425 0
1 ec.gp.GPIndividual@1438782089{917948461} 0.0 105260.0 12802.0 0.8872051241993438 1 1 21.0 0.0 0.8872051241993438 0
104262.0 8317.0 0.9463748947937959 1 1 21.0 0.0 0.9463748947937959 0
1 ec.gp.GPIndividual@1438782089{917948461} 0.0 105260.0 10087.0 0.8568454446317042 1 1 21.0 0.0 0.8568454446317042 0
1 ec.gp.GPIndividual@1768781875{366563088} 0.0 105260.0 10054.0 0.8563755719116769 4 9 21.0 0.0 0.8563755719116769 0
1 ec.gp.GPIndividual@1438782089{917948461} 0.0 105260.0 8317.0 0.8263797042202717 1 1 21.0 0.0 0.8263797042202717 0
1 ec.gp.GPIndividual@1768781875{366563088} 0.0 105260.0 8387.0 0.8278287826397996 4 9 21.0 0.0 0.8278287826397996 0
1 ec.gp.GPIndividual@1074170599{-176183976} 0.0 94954.0 14578.0 0.8582795993963507 4 9 21.0 0.0 0.8582795993963507 0
1 ec.gp.GPIndividual@1768781875{366563088} 0.0 105260.0 14578.0 0.9009466319110989 4 9 21.0 0.0 0.9009466319110989 0
1 ec.gp.GPIndividual@1768781875{366563088} 0.0 1 ec.gp.GPIndividual@1153635953{737057484} 0.0 105260.0 10054.0 0.8670472332197772 4 9 21.0 0.0 0.8670472332197772 0
100242.0 10054.0 0.8120151183608514 1 ec.gp.GPIndividual@1074170599{-176183976} 0.0 2 3 21.0 0.0 94780.0 10861.0 0.8257987293987662 0.8120151183608514 0
4 9 21.0 0.0 0.8257987293987662 0
1 ec.gp.GPIndividual@1768781875{366563088} 0.0 105260.0 8160.0 0.8230392156862745 4 9 21.0 0.0 0.8230392156862745 0
1 ec.gp.GPIndividual@1153635953{737057484} 0.0 100242.0 8387.0 0.7746512459759151 1 ec.gp.GPIndividual@1768781875{366563088} 2 3 21.0 0.0 0.0 0.7746512459759151 0
105260.0 12802.0 0.8872051241993438 1 ec.gp.GPIndividual@1074170599{-176183976} 4 9 21.0 0.0 0.0 0.8872051241993438 0
94780.0 8160.0 0.7681372549019608 4 9 21.0 0.0 0.7681372549019608 0
1 ec.gp.GPIndividual@1768781875{366563088} 0.0 105260.0 10087.0 0.8568454446317042 4 9 21.0 0.0 0.8568454446317042 0
1 ec.gp.GPIndividual@1153635953{737057484} 0.0 100242.0 14578.0 0.8703525860886266 2 3 21.0 0.0 1 ec.gp.GPIndividual@1768781875{366563088} 0.8703525860886266 0
0.0 1 ec.gp.GPIndividual@1074170599{-176183976} 0.0 94780.0 12802.0 0.8522105920949852 105260.0 12802.0 0.8263797042202717 4 9 21.0 0.0 4 9 21.0 0.0 0.8522105920949852 0
0.8263797042202717 0
1 ec.gp.GPIndividual@1238131401{-417669827} 2.0 12319.0 10054.0 0.2252834692659638 4 16 21.0 0.0 0.2252834692659638 0
1 ec.gp.GPIndividual@1153635953{737057484} 0.0 100242.0 10861.0 0.82598287450511 2 3 21.0 0.0 0.82598287450511 0
1 ec.gp.GPIndividual@1074170599{-176183976} 0.0 94780.0 10087.0 0.8124318429661941 4 9 21.0 0.0 0.8124318429661941 0
1 ec.gp.GPIndividual@1153635953{737057484} 0.0 100242.0 8160.0 0.7683823529411765 2 3 21.0 0.0 0.7683823529411765 0
1 ec.gp.GPIndividual@1074170599{-176183976} 0.0 94780.0 8317.0 0.772514127690273 4 9 21.0 0.0 0.772514127690273 0
1 ec.gp.GPIndividual@1153635953{737057484} 0.0 100242.0 12802.0 0.8523668176847368 2 3 21.0 0.0 0.8523668176847368 0
1 ec.gp.GPIndividual@1153635953{737057484} 0.0 100242.0 10087.0 0.8126301179736294 2 3 21.0 0.0 0.8126301179736294 0
1 ec.gp.GPIndividual@1153635953{737057484} 0.0 100242.0 8317.0 0.7727545990140676 2 3 21.0 0.0 0.7727545990140676 0
1 ec.gp.GPIndividual@1238131401{-417669827} 3.0 12362.0 8387.0 0.473947776320496 4 16 21.0 0.0 0.473947776320496 0
1 ec.gp.GPIndividual@1238131401{-417669827} 3.0 15277.0 14578.0 0.047948964192619015 4 16 21.0 0.0 0.047948964192619015 0
1 ec.gp.GPIndividual@1238131401{-417669827} 0.0 13433.0 10861.0 0.2368106067581254 4 16 21.0 0.0 0.2368106067581254 0
1 ec.gp.GPIndividual@1238131401{-417669827} 0.0 12362.0 8160.0 0.5149509803921568 4 16 21.0 0.0 0.5149509803921568 0
1 ec.gp.GPIndividual@1238131401{-417669827} 0.0 14416.0 12802.0 0.12607405092954227 4 16 21.0 0.0 0.12607405092954227 0
1 ec.gp.GPIndividual@1382314319{1148176549} 7.0 16818.0 10054.0 0.672767057887408 5 30 21.0 0.0 0.672767057887408 0
1 ec.gp.GPIndividual@1238131401{-417669827} 0.0 13171.0 10087.0 0.3057400614652523 4 16 21.0 0.0 0.3057400614652523 0
1 ec.gp.GPIndividual@1238131401{-417669827} 0.0 13233.0 8317.0 0.591078513887219 4 16 21.0 0.0 0.591078513887219 0
1 ec.gp.GPIndividual@1827951777{597239054} 0.0 105260.0 10054.0 0.8563755719116769 4 13 21.0 0.0 0.8563755719116769 0
1 ec.gp.GPIndividual@1827951777{597239054} 0.0 105260.0 8387.0 0.8278287826397996 4 13 21.0 0.0 0.8278287826397996 0
1 ec.gp.GPIndividual@1827951777{597239054} 0.0 105260.0 14578.0 0.9009466319110989 4 13 21.0 0.0 0.9009466319110989 0
1 ec.gp.GPIndividual@1827951777{597239054} 0.0 105260.0 10861.0 0.8670472332197772 4 13 21.0 0.0 0.8670472332197772 0
1 ec.gp.GPIndividual@1827951777{597239054} 0.0 105260.0 8160.0 0.8230392156862745 4 13 21.0 0.0 0.8230392156862745 0
1 ec.gp.GPIndividual@1827951777{597239054} 0.0 105260.0 12802.0 0.8872051241993438 4 13 21.0 0.0 0.8872051241993438 0
1 ec.gp.GPIndividual@1827951777{597239054} 0.0 105260.0 10087.0 0.8568454446317042 4 13 21.0 0.0 0.8568454446317042 0
1 ec.gp.GPIndividual@1827951777{597239054} 0.0 105260.0 8317.0 0.8263797042202717 4 13 21.0 0.0 0.8263797042202717 0
1 ec.gp.GPIndividual@1270239995{2108111102} 0.0 13417.0 10054.0 0.3344937338372787 3 10 21.0 0.0 0.3344937338372787 0
1 ec.gp.GPIndividual@1270239995{2108111102} 0.0 13518.0 8387.0 0.6117801359246453 3 10 21.0 0.0 0.6117801359246453 0
1 ec.gp.GPIndividual@1270239995{2108111102} 0.0 15576.0 14578.0 0.06845932226642887 3 10 21.0 0.0 0.06845932226642887 0
1 ec.gp.GPIndividual@1270239995{2108111102} 0.0 13450.0 10861.0 0.2383758401620477 3 10 21.0 0.0 0.2383758401620477 0
1 ec.gp.GPIndividual@1270239995{2108111102} 0.0 13518.0 8160.0 0.6566176470588235 3 10 21.0 0.0 0.6566176470588235 0
1 ec.gp.GPIndividual@1270239995{2108111102} 0.0 13918.0 12802.0 0.08717387908139353 3 10 21.0 0.0 0.08717387908139353 0
1 ec.gp.GPIndividual@1270239995{2108111102} 0.0 13417.0 10087.0 0.33012788737979576 3 10 21.0 0.0 0.33012788737979576 0
1 ec.gp.GPIndividual@1270239995{2108111102} 0.0 13518.0 8317.0 0.6253456775279548 3 10 21.0 0.0 0.6253456775279548 0
1 ec.gp.GPIndividual@1128703060{243192715} 0.0 101188.0 10054.0 0.7179232146409389 2 3 21.0 0.0 0.7179232146409389 0
1 ec.gp.GPIndividual@1128703060{243192715} 0.0 101188.0 8387.0 0.6618576368188863 2 3 21.0 0.0 0.6618576368188863 0
1 ec.gp.GPIndividual@1128703060{243192715} 0.0 101188.0 14578.0 0.805460282617643 2 3 21.0 0.0 0.805460282617643 0
1 ec.gp.GPIndividual@1128703060{243192715} 0.0 101188.0 10861.0 0.7388822392044931 2 3 21.0 0.0 0.7388822392044931 0
1 ec.gp.GPIndividual@1128703060{243192715} 0.0 101188.0 8160.0 0.6524509803921569 2 3 21.0 0.0 0.6524509803921569 0
1 ec.gp.GPIndividual@1128703060{243192715} 0.0 101188.0 12802.0 0.7784721137322294 2 3 21.0 0.0 0.7784721137322294 0
1 ec.gp.GPIndividual@1128703060{243192715} 0.0 101188.0 10087.0 0.7188460394567264 2 3 21.0 0.0 0.7188460394567264 0
1 ec.gp.GPIndividual@1128703060{243192715} 0.0 101188.0 8317.0 0.6590116628592041 2 3 21.0 0.0 0.6590116628592041 0
1 ec.gp.GPIndividual@1765170399{453635176} 0.0 90934.0 10054.0 0.6508852198130097 5 39 21.0 0.0 0.6508852198130097 0
1 ec.gp.GPIndividual@1765170399{453635176} 0.0 90934.0 8387.0 0.5814951710981281 5 39 21.0 0.0 0.5814951710981281 0
1 ec.gp.GPIndividual@1765170399{453635176} 0.0 90934.0 14578.0 0.7592262313074496 5 39 21.0 0.0 0.7592262313074496 0
1 ec.gp.GPIndividual@1765170399{453635176} 0.0 90934.0 10861.0 0.676825338366633 5 39 21.0 0.0 0.676825338366633 0
1 ec.gp.GPIndividual@1382314319{1148176549} 3.0 17451.0 8387.0 1.0807201621557172 5 30 21.0 0.0 1.0807201621557172 0
1 ec.gp.GPIndividual@1846537618{-1149457760} 20.0 18390.0 10054.0 0.8291227372190173 5 22 21.0 0.0 0.8291227372190173 0
1 ec.gp.GPIndividual@1382314319{1148176549} 7.0 17497.0 14578.0 0.2002332281520099 5 30 21.0 0.0 0.2002332281520099 0
1 ec.gp.GPIndividual@1382314319{1148176549} 6.0 15427.0 10861.0 0.42040327778289294 5 30 21.0 0.0 0.42040327778289294 0
1 ec.gp.GPIndividual@1382314319{1148176549} 3.0 16658.0 8160.0 1.041421568627451 5 30 21.0 0.0 1.041421568627451 0
1 ec.gp.GPIndividual@512393865{901804556} 40.0 11217.0 10054.0 0.1156753530932962 5 19 21.0 0.0 0.1156753530932962 0
1 ec.gp.GPIndividual@1573054751{-1219908423} 40.0 11217.0 10054.0 0.1156753530932962 5 32 21.0 0.0 0.1156753530932962 0
1 ec.gp.GPIndividual@1382314319{1148176549} 7.0 15068.0 12802.0 0.1770035931885643 5 30 21.0 0.0 0.1770035931885643 0
1 ec.gp.GPIndividual@38669734{-554334754} 44.0 13102.0 10054.0 0.3031629202307539 5 65 21.0 0.0 0.3031629202307539 0
1 ec.gp.GPIndividual@1382314319{1148176549} 6.0 12588.0 10087.0 0.24794289679785864 5 30 21.0 0.0 0.24794289679785864 0
1 ec.gp.GPIndividual@1382314319{1148176549} 4.0 16822.0 8317.0 1.022604304436696 5 30 21.0 0.0 1.022604304436696 0
1 ec.gp.GPIndividual@1993153871{57959368} 79.0 11217.0 10054.0 0.1156753530932962 5 35 21.0 0.0 0.1156753530932962 0
1 ec.gp.GPIndividual@1846537618{-1149457760} 286.0 19584.0 8387.0 1.3350423274114702 5 22 21.0 0.0 1.3350423274114702 0
1 ec.gp.GPIndividual@1846537618{-1149457760} 16.0 18619.0 14578.0 0.2771985183152696 5 22 21.0 0.0 0.2771985183152696 0
1 ec.gp.GPIndividual@512393865{901804556} 286.0 19584.0 8387.0 1.3350423274114702 5 19 21.0 0.0 1.3350423274114702 0
1 ec.gp.GPIndividual@1573054751{-1219908423} 287.0 19584.0 8387.0 1.3350423274114702 5 32 21.0 0.0 1.3350423274114702 0
1 ec.gp.GPIndividual@38669734{-554334754} 281.0 14256.0 8387.0 0.699773458924526 5 65 21.0 0.0 0.699773458924526 0
1 ec.gp.GPIndividual@1846537618{-1149457760} 17.0 18390.0 10861.0 0.6932142528312311 5 22 21.0 0.0 0.6932142528312311 0
1 ec.gp.GPIndividual@512393865{901804556} 69.0 19584.0 14578.0 0.3433941555768967 5 19 21.0 0.0 0.3433941555768967 0
1 ec.gp.GPIndividual@38669734{-554334754} 67.0 16981.0 14578.0 0.16483742625874606 5 65 21.0 0.0 0.16483742625874606 0
1 ec.gp.GPIndividual@1573054751{-1219908423} 69.0 19584.0 14578.0 0.3433941555768967 5 32 21.0 0.0 0.3433941555768967 0
1 ec.gp.GPIndividual@1993153871{57959368} 287.0 19584.0 8387.0 1.3350423274114702 5 35 21.0 0.0 1.3350423274114702 0
1 ec.gp.GPIndividual@1993153871{57959368} 57.0 19584.0 14578.0 0.3433941555768967 5 35 21.0 0.0 0.3433941555768967 0
1 ec.gp.GPIndividual@38669734{-554334754} 118.0 12538.0 10861.0 0.15440567166927538 5 65 21.0 0.0 0.15440567166927538 0
1 ec.gp.GPIndividual@1573054751{-1219908423} 199.0 12610.0 10861.0 0.16103489549765215 5 32 21.0 0.0 0.16103489549765215 0
1 ec.gp.GPIndividual@512393865{901804556} 229.0 12610.0 10861.0 0.16103489549765215 5 19 21.0 0.0 0.16103489549765215 0
1 ec.gp.GPIndividual@1993153871{57959368} 377.0 11315.0 10861.0 0.041800939140042355 5 35 21.0 0.0 0.041800939140042355 0
1 ec.gp.GPIndividual@1846537618{-1149457760} 534.0 10033.0 8160.0 0.22953431372549019 5 22 21.0 0.0 0.22953431372549019 0
1 ec.gp.GPIndividual@1765170399{453635176} 863.0 8347.0 8160.0 0.022916666666666665 5 39 21.0 0.0 0.022916666666666665 0
1 ec.gp.GPIndividual@1765170399{453635176} 0.0 90934.0 12802.0 0.7258240899859397 5 39 21.0 0.0 0.7258240899859397 0
1 ec.gp.GPIndividual@1765170399{453635176} 0.0 90934.0 10087.0 0.6520273619510261 5 39 21.0 0.0 0.6520273619510261 0
1 ec.gp.GPIndividual@1846537618{-1149457760} 17.0 18424.0 12802.0 0.4391501327917513 5 22 21.0 0.0 0.4391501327917513 0
1 ec.gp.GPIndividual@1846537618{-1149457760} 15.0 18390.0 10087.0 0.823138693367701 5 22 21.0 0.0 0.823138693367701 0
1 ec.gp.GPIndividual@38669734{-554334754} 419.0 10763.0 8160.0 0.31899509803921566 5 65 21.0 0.0 0.31899509803921566 0
1 ec.gp.GPIndividual@38669734{-554334754} 39.0 15346.0 12802.0 0.19871895016403687 5 65 21.0 0.0 0.19871895016403687 0
1 ec.gp.GPIndividual@38669734{-554334754} 132.0 11575.0 10087.0 0.1475166055318727 5 65 21.0 0.0 0.1475166055318727 0
1 ec.gp.GPIndividual@512393865{901804556} 528.0 10033.0 8160.0 0.22953431372549019 5 19 21.0 0.0 0.22953431372549019 0
1 ec.gp.GPIndividual@1573054751{-1219908423} 563.0 10033.0 8160.0 0.22953431372549019 5 32 21.0 0.0 0.22953431372549019 0
1 ec.gp.GPIndividual@512393865{901804556} 39.0 19584.0 12802.0 0.52976097484768 5 19 21.0 0.0 0.52976097484768 0
1 ec.gp.GPIndividual@1573054751{-1219908423} 48.0 19584.0 12802.0 0.52976097484768 5 32 21.0 0.0 0.52976097484768 0
1 ec.gp.GPIndividual@512393865{901804556} 193.0 11590.0 10087.0 0.14900366808763754 5 19 21.0 0.0 0.14900366808763754 0
1 ec.gp.GPIndividual@1573054751{-1219908423} 184.0 11590.0 10087.0 0.14900366808763754 5 32 21.0 0.0 0.14900366808763754 0
1 ec.gp.GPIndividual@1846537618{-1149457760} 570.0 8328.0 8317.0 0.0013225922808705061 5 22 21.0 0.0 0.0013225922808705061 0
1 ec.gp.GPIndividual@1019672756{-150060024} 38.0 11217.0 10054.0 0.1156753530932962 5 65 21.0 0.0 0.1156753530932962 0
1 ec.gp.GPIndividual@38669734{-554334754} 442.0 10295.0 8317.0 0.23782613923289647 5 65 21.0 0.0 0.23782613923289647 0
1 ec.gp.GPIndividual@831918335{2080861520} 208.0 10449.0 10054.0 0.03928784563357868 5 37 21.0 0.0 0.03928784563357868 0
1 ec.gp.GPIndividual@1993153871{57959368} 921.0 8347.0 8160.0 0.022916666666666665 5 35 21.0 0.0 0.022916666666666665 0
1 ec.gp.GPIndividual@1993153871{57959368} 43.0 19584.0 12802.0 0.52976097484768 5 35 21.0 0.0 0.52976097484768 0
1 ec.gp.GPIndividual@1019672756{-150060024} 307.0 12661.0 8387.0 0.5095981876713962 5 65 21.0 0.0 0.5095981876713962 0
1 ec.gp.GPIndividual@1019672756{-150060024} 53.0 15644.0 14578.0 0.07312388530662642 5 65 21.0 0.0 0.07312388530662642 0
1 ec.gp.GPIndividual@1573054751{-1219908423} 545.0 8328.0 8317.0 0.0013225922808705061 5 32 21.0 0.0 0.0013225922808705061 0
1 ec.gp.GPIndividual@512393865{901804556} 563.0 8328.0 8317.0 0.0013225922808705061 5 19 21.0 0.0 0.0013225922808705061 0
1 ec.gp.GPIndividual@1701911938{-1025732565} 0.0 74950.0 10054.0 0.6103043564750348 4 21 21.0 0.0 0.6103043564750348 0
1 ec.gp.GPIndividual@1701911938{-1025732565} 0.0 75283.0 8387.0 0.4931441516632884 4 21 21.0 0.0 0.4931441516632884 0
1 ec.gp.GPIndividual@1701911938{-1025732565} 0.0 75769.0 14578.0 0.6750583070380025 4 21 21.0 0.0 0.6750583070380025 0
1 ec.gp.GPIndividual@1701911938{-1025732565} 0.0 74950.0 10861.0 0.6392597366724979 4 21 21.0 0.0 0.6392597366724979 0
1 ec.gp.GPIndividual@1701911938{-1025732565} 0.0 75283.0 8160.0 0.47904411764705884 4 21 21.0 0.0 0.47904411764705884 0
1 ec.gp.GPIndividual@1701911938{-1025732565} 0.0 75196.0 12802.0 0.6747383221371661 4 21 21.0 0.0 0.6747383221371661 0
1 ec.gp.GPIndividual@1701911938{-1025732565} 0.0 74950.0 10087.0 0.6115792604342223 4 21 21.0 0.0 0.6115792604342223 0
1 ec.gp.GPIndividual@1701911938{-1025732565} 0.0 75283.0 8317.0 0.488878201274498 4 21 21.0 0.0 0.488878201274498 0
1 ec.gp.GPIndividual@130633712{-2127073875} 0.0 109280.0 10054.0 1.0 3 7 21.0 0.0 1.0 0
1 ec.gp.GPIndividual@130633712{-2127073875} 0.0 109280.0 8387.0 1.0 3 7 21.0 0.0 1.0 0
1 ec.gp.GPIndividual@130633712{-2127073875} 0.0 109280.0 14578.0 1.0 3 7 21.0 0.0 1.0 0
1 ec.gp.GPIndividual@130633712{-2127073875} 0.0 109280.0 10861.0 1.0 3 7 21.0 0.0 1.0 0
1 ec.gp.GPIndividual@130633712{-2127073875} 0.0 109280.0 8160.0 1.0 3 7 21.0 0.0 1.0 0
1 ec.gp.GPIndividual@130633712{-2127073875} 0.0 109280.0 12802.0 1.0 3 7 21.0 0.0 1.0 0
1 ec.gp.GPIndividual@130633712{-2127073875} 0.0 109280.0 10087.0 1.0 3 7 21.0 0.0 1.0 0
1 ec.gp.GPIndividual@130633712{-2127073875} 0.0 109280.0 8317.0 1.0 3 7 21.0 0.0 1.0 0
1 ec.gp.GPIndividual@582581967{1382065566} 0.0 105260.0 10054.0 0.8563755719116769 2 3 21.0 0.0 0.8563755719116769 0
1 ec.gp.GPIndividual@582581967{1382065566} 0.0 105260.0 8387.0 0.8278287826397996 2 3 21.0 0.0 0.8278287826397996 0
1 ec.gp.GPIndividual@582581967{1382065566} 0.0 105260.0 14578.0 0.9009466319110989 2 3 21.0 0.0 0.9009466319110989 0
1 ec.gp.GPIndividual@582581967{1382065566} 0.0 105260.0 10861.0 0.8670472332197772 2 3 21.0 0.0 0.8670472332197772 0
1 ec.gp.GPIndividual@582581967{1382065566} 0.0 105260.0 8160.0 0.8230392156862745 2 3 21.0 0.0 0.8230392156862745 0
1 ec.gp.GPIndividual@582581967{1382065566} 0.0 105260.0 12802.0 0.8872051241993438 2 3 21.0 0.0 0.8872051241993438 0
1 ec.gp.GPIndividual@582581967{1382065566} 0.0 105260.0 10087.0 0.8568454446317042 2 3 21.0 0.0 0.8568454446317042 0
1 ec.gp.GPIndividual@582581967{1382065566} 0.0 105260.0 8317.0 0.8263797042202717 2 3 21.0 0.0 0.8263797042202717 0
1 ec.gp.GPIndividual@1760378587{-495324123} 0.0 99798.0 10054.0 0.8561766461110006 2 4 21.0 0.0 0.8561766461110006 0
1 ec.gp.GPIndividual@1760378587{-495324123} 0.0 99798.0 8387.0 0.8275903183498271 2 4 21.0 0.0 0.8275903183498271 0
1 ec.gp.GPIndividual@1760378587{-495324123} 0.0 99972.0 14578.0 0.8888736452188228 2 4 21.0 0.0 0.8888736452188228 0
1 ec.gp.GPIndividual@1760378587{-495324123} 0.0 99798.0 10861.0 0.8668630881134334 2 4 21.0 0.0 0.8668630881134334 0
1 ec.gp.GPIndividual@1760378587{-495324123} 0.0 99798.0 8160.0 0.8227941176470588 2 4 21.0 0.0 0.8227941176470588 0
1 ec.gp.GPIndividual@1760378587{-495324123} 0.0 99798.0 12802.0 0.8870488986095922 2 4 21.0 0.0 0.8870488986095922 0
1 ec.gp.GPIndividual@1760378587{-495324123} 0.0 99798.0 10087.0 0.8566471696242689 2 4 21.0 0.0 0.8566471696242689 0
1 ec.gp.GPIndividual@1760378587{-495324123} 0.0 99798.0 8317.0 0.8261392328964771 2 4 21.0 0.0 0.8261392328964771 0
1 ec.gp.GPIndividual@1019672756{-150060024} 102.0 11312.0 10861.0 0.041524721480526654 5 65 21.0 0.0 0.041524721480526654 0
1 ec.gp.GPIndividual@1804275106{-1949158821} 45.0 10822.0 10054.0 0.07638750745971752 5 34 21.0 0.0 0.07638750745971752 0
1 ec.gp.GPIndividual@94217033{-1251901352} 45.0 10822.0 10054.0 0.07638750745971752 5 34 21.0 0.0 0.07638750745971752 0
1 ec.gp.GPIndividual@1993153871{57959368} 202.0 11590.0 10087.0 0.14900366808763754 5 35 21.0 0.0 0.14900366808763754 0
1 ec.gp.GPIndividual@94217033{-1251901352} 254.0 18390.0 8387.0 1.1926791462978419 5 34 21.0 0.0 1.1926791462978419 0
1 ec.gp.GPIndividual@1804275106{-1949158821} 268.0 18390.0 8387.0 1.1926791462978419 5 34 21.0 0.0 1.1926791462978419 0
1 ec.gp.GPIndividual@94217033{-1251901352} 84.0 18619.0 14578.0 0.2771985183152696 5 34 21.0 0.0 0.2771985183152696 0
1 ec.gp.GPIndividual@1804275106{-1949158821} 82.0 18619.0 14578.0 0.2771985183152696 5 34 21.0 0.0 0.2771985183152696 0
1 ec.gp.GPIndividual@831918335{2080861520} 650.0 8624.0 8387.0 0.028258018361750327 5 37 21.0 0.0 0.028258018361750327 0
1 ec.gp.GPIndividual@1019672756{-150060024} 446.0 8564.0 8160.0 0.049509803921568625 5 65 21.0 0.0 0.049509803921568625 0
1 ec.gp.GPIndividual@1765170399{453635176} 1565.0 8328.0 8317.0 0.0013225922808705061 5 39 21.0 0.0 0.0013225922808705061 0
1 ec.gp.GPIndividual@665406468{1290694735} 0.0 99798.0 10054.0 0.8561766461110006 2 3 21.0 0.0 0.8561766461110006 0
1 ec.gp.GPIndividual@665406468{1290694735} 0.0 99798.0 8387.0 0.8275903183498271 2 3 21.0 0.0 0.8275903183498271 0
1 ec.gp.GPIndividual@665406468{1290694735} 0.0 99972.0 14578.0 0.8888736452188228 2 3 21.0 0.0 0.8888736452188228 0
1 ec.gp.GPIndividual@665406468{1290694735} 0.0 99798.0 10861.0 0.8668630881134334 2 3 21.0 0.0 0.8668630881134334 0
1 ec.gp.GPIndividual@665406468{1290694735} 0.0 99798.0 8160.0 0.8227941176470588 2 3 21.0 0.0 0.8227941176470588 0
1 ec.gp.GPIndividual@665406468{1290694735} 0.0 99798.0 12802.0 0.8870488986095922 2 3 21.0 0.0 0.8870488986095922 0
1 ec.gp.GPIndividual@665406468{1290694735} 0.0 99798.0 10087.0 0.8566471696242689 2 3 21.0 0.0 0.8566471696242689 0
1 ec.gp.GPIndividual@665406468{1290694735} 0.0 99798.0 8317.0 0.8261392328964771 2 3 21.0 0.0 0.8261392328964771 0
1 ec.gp.GPIndividual@1592910720{-2033792115} 0.0 109280.0 10054.0 1.0 5 16 21.0 0.0 1.0 0
1 ec.gp.GPIndividual@1592910720{-2033792115} 0.0 109280.0 8387.0 1.0 5 16 21.0 0.0 1.0 0
1 ec.gp.GPIndividual@1592910720{-2033792115} 0.0 109280.0 14578.0 1.0 5 16 21.0 0.0 1.0 0
1 ec.gp.GPIndividual@1592910720{-2033792115} 0.0 109280.0 10861.0 1.0 5 16 21.0 0.0 1.0 0
1 ec.gp.GPIndividual@1592910720{-2033792115} 0.0 109280.0 8160.0 1.0 5 16 21.0 0.0 1.0 0
1 ec.gp.GPIndividual@1592910720{-2033792115} 0.0 109280.0 12802.0 1.0 5 16 21.0 0.0 1.0 0
1 ec.gp.GPIndividual@1592910720{-2033792115} 0.0 109280.0 10087.0 1.0 5 16 21.0 0.0 1.0 0
1 ec.gp.GPIndividual@1592910720{-2033792115} 0.0 109280.0 8317.0 1.0 5 16 21.0 0.0 1.0 0
1 ec.gp.GPIndividual@686000142{1462734530} 0.0 13417.0 10054.0 0.3344937338372787 3 10 21.0 0.0 0.3344937338372787 0
1 ec.gp.GPIndividual@686000142{1462734530} 0.0 13518.0 8387.0 0.6117801359246453 3 10 21.0 0.0 0.6117801359246453 0
1 ec.gp.GPIndividual@686000142{1462734530} 0.0 15576.0 14578.0 0.06845932226642887 3 10 21.0 0.0 0.06845932226642887 0
1 ec.gp.GPIndividual@686000142{1462734530} 0.0 13450.0 10861.0 0.2383758401620477 3 10 21.0 0.0 0.2383758401620477 0
1 ec.gp.GPIndividual@686000142{1462734530} 0.0 13518.0 8160.0 0.6566176470588235 3 10 21.0 0.0 0.6566176470588235 0
1 ec.gp.GPIndividual@686000142{1462734530} 0.0 13918.0 12802.0 0.08717387908139353 3 10 21.0 0.0 0.08717387908139353 0
1 ec.gp.GPIndividual@686000142{1462734530} 0.0 13417.0 10087.0 0.33012788737979576 3 10 21.0 0.0 0.33012788737979576 0
1 ec.gp.GPIndividual@686000142{1462734530} 0.0 13518.0 8317.0 0.6253456775279548 3 10 21.0 0.0 0.6253456775279548 0
1 ec.gp.GPIndividual@1019672756{-150060024} 45.0 13918.0 12802.0 0.08717387908139353 5 65 21.0 0.0 0.08717387908139353 0
1 ec.gp.GPIndividual@1804275106{-1949158821} 226.0 12100.0 10861.0 0.11407789337998343 5 34 21.0 0.0 0.11407789337998343 0
1 ec.gp.GPIndividual@94217033{-1251901352} 234.0 12100.0 10861.0 0.11407789337998343 5 34 21.0 0.0 0.11407789337998343 0
1 ec.gp.GPIndividual@831918335{2080861520} 181.0 15613.0 14578.0 0.07099739333241871 5 37 21.0 0.0 0.07099739333241871 0
1 ec.gp.GPIndividual@1019672756{-150060024} 119.0 11006.0 10087.0 0.09110736591652623 5 65 21.0 0.0 0.09110736591652623 0
1 ec.gp.GPIndividual@1993153871{57959368} 609.0 10465.0 8317.0 0.2582662017554407 5 35 21.0 0.0 0.2582662017554407 0
1 ec.gp.GPIndividual@861802309{-1754871498} 0.0 104262.0 10054.0 0.9556395464491745 4 7 21.0 0.0 0.9556395464491745 0
1 ec.gp.GPIndividual@861802309{-1754871498} 0.0 104262.0 8387.0 0.9468224633361154 4 7 21.0 0.0 0.9468224633361154 0
1 ec.gp.GPIndividual@861802309{-1754871498} 0.0 104262.0 14578.0 0.9694059541775277 4 7 21.0 0.0 0.9694059541775277 0
1 ec.gp.GPIndividual@861802309{-1754871498} 0.0 104262.0 10861.0 0.9589356412853328 4 7 21.0 0.0 0.9589356412853328 0
1 ec.gp.GPIndividual@861802309{-1754871498} 0.0 104262.0 8160.0 0.9453431372549019 4 7 21.0 0.0 0.9453431372549019 0
1 ec.gp.GPIndividual@861802309{-1754871498} 0.0 104262.0 12802.0 0.9651616934853929 4 7 21.0 0.0 0.9651616934853929 0
1 ec.gp.GPIndividual@861802309{-1754871498} 0.0 104262.0 10087.0 0.9557846733419253 4 7 21.0 0.0 0.9557846733419253 0
1 ec.gp.GPIndividual@861802309{-1754871498} 0.0 104262.0 8317.0 0.9463748947937959 4 7 21.0 0.0 0.9463748947937959 0
1 ec.gp.GPIndividual@1869801409{-819626485} 39.0 11217.0 10054.0 0.1156753530932962 5 28 21.0 0.0 0.1156753530932962 0
1 ec.gp.GPIndividual@831918335{2080861520} 312.0 11658.0 10861.0 0.07338182487800386 5 37 21.0 0.0 0.07338182487800386 0
1 ec.gp.GPIndividual@1019672756{-150060024} 394.0 8984.0 8317.0 0.0801971864855116 5 65 21.0 0.0 0.0801971864855116 0
1 ec.gp.GPIndividual@1869801409{-819626485} 327.0 19584.0 8387.0 1.3350423274114702 5 28 21.0 0.0 1.3350423274114702 0
1 ec.gp.GPIndividual@94217033{-1251901352} 488.0 10033.0 8160.0 0.22953431372549019 5 34 21.0 0.0 0.22953431372549019 0
1 ec.gp.GPIndividual@1869801409{-819626485} 80.0 15613.0 14578.0 0.07099739333241871 5 28 21.0 0.0 0.07099739333241871 0
1 ec.gp.GPIndividual@1098000389{2099420563} 95.0 11217.0 10054.0 0.1156753530932962 5 33 21.0 0.0 0.1156753530932962 0
1 ec.gp.GPIndividual@1804275106{-1949158821} 529.0 10033.0 8160.0 0.22953431372549019 5 34 21.0 0.0 0.22953431372549019 0
1 ec.gp.GPIndividual@94217033{-1251901352} 57.0 18424.0 12802.0 0.4391501327917513 5 34 21.0 0.0 0.4391501327917513 0
1 ec.gp.GPIndividual@1804275106{-1949158821} 54.0 18424.0 12802.0 0.4391501327917513 5 34 21.0 0.0 0.4391501327917513 0
1 ec.gp.GPIndividual@1869801409{-819626485} 220.0 12610.0 10861.0 0.16103489549765215 5 28 21.0 0.0 0.16103489549765215 0
1 ec.gp.GPIndividual@94217033{-1251901352} 191.0 11590.0 10087.0 0.14900366808763754 5 34 21.0 0.0 0.14900366808763754 0
1 ec.gp.GPIndividual@1804275106{-1949158821} 164.0 11590.0 10087.0 0.14900366808763754 5 34 21.0 0.0 0.14900366808763754 0
1 ec.gp.GPIndividual@831918335{2080861520} 805.0 8347.0 8160.0 0.022916666666666665 5 37 21.0 0.0 0.022916666666666665 0
1 ec.gp.GPIndividual@1804275106{-1949158821} 467.0 8328.0 8317.0 0.0013225922808705061 5 34 21.0 0.0 0.0013225922808705061 0
1 ec.gp.GPIndividual@831918335{2080861520} 76.0 18424.0 12802.0 0.4391501327917513 5 37 21.0 0.0 0.4391501327917513 0
1 ec.gp.GPIndividual@1869801409{-819626485} 488.0 10033.0 8160.0 0.22953431372549019 5 28 21.0 0.0 0.22953431372549019 0
1 ec.gp.GPIndividual@94217033{-1251901352} 487.0 8328.0 8317.0 0.0013225922808705061 5 34 21.0 0.0 0.0013225922808705061 0
1 ec.gp.GPIndividual@1214696133{-172048835} 0.0 99798.0 10054.0 0.8561766461110006 4 9 21.0 0.0 0.8561766461110006 0
1 ec.gp.GPIndividual@1214696133{-172048835} 0.0 99798.0 8387.0 0.8275903183498271 4 9 21.0 0.0 0.8275903183498271 0
1 ec.gp.GPIndividual@1214696133{-172048835} 0.0 99972.0 14578.0 0.8888736452188228 4 9 21.0 0.0 0.8888736452188228 0
1 ec.gp.GPIndividual@1214696133{-172048835} 0.0 99798.0 10861.0 0.8668630881134334 4 9 21.0 0.0 0.8668630881134334 0
1 ec.gp.GPIndividual@1214696133{-172048835} 0.0 99798.0 8160.0 0.8227941176470588 4 9 21.0 0.0 0.8227941176470588 0
1 ec.gp.GPIndividual@1214696133{-172048835} 0.0 99798.0 12802.0 0.8870488986095922 4 9 21.0 0.0 0.8870488986095922 0
1 ec.gp.GPIndividual@1214696133{-172048835} 0.0 99798.0 10087.0 0.8566471696242689 4 9 21.0 0.0 0.8566471696242689 0
1 ec.gp.GPIndividual@1214696133{-172048835} 0.0 99798.0 8317.0 0.8261392328964771 4 9 21.0 0.0 0.8261392328964771 0
1 ec.gp.GPIndividual@525564748{-1674637435} 48.0 14522.0 10054.0 0.4444002387109608 5 29 21.0 0.0 0.4444002387109608 0
1 ec.gp.GPIndividual@1869801409{-819626485} 56.0 19584.0 12802.0 0.52976097484768 5 28 21.0 0.0 0.52976097484768 0
1 ec.gp.GPIndividual@1869801409{-819626485} 184.0 11590.0 10087.0 0.14900366808763754 5 28 21.0 0.0 0.14900366808763754 0
1 ec.gp.GPIndividual@831918335{2080861520} 293.0 11159.0 10087.0 0.10627540398532764 5 37 21.0 0.0 0.10627540398532764 0
1 ec.gp.GPIndividual@525564748{-1674637435} 358.0 17474.0 8387.0 1.0834625014904018 5 29 21.0 0.0 1.0834625014904018 0
1 ec.gp.GPIndividual@557881856{779691986} 412.0 10449.0 10054.0 0.03928784563357868 5 37 21.0 0.0 0.03928784563357868 0
1 ec.gp.GPIndividual@525564748{-1674637435} 88.0 16972.0 14578.0 0.16422005762107286 5 29 21.0 0.0 0.16422005762107286 0
1 ec.gp.GPIndividual@525564748{-1674637435} 205.0 15740.0 10861.0 0.4492219869256974 5 29 21.0 0.0 0.4492219869256974 0
1 ec.gp.GPIndividual@1869801409{-819626485} 508.0 8328.0 8317.0 0.0013225922808705061 5 28 21.0 0.0 0.0013225922808705061 0
1 ec.gp.GPIndividual@525564748{-1674637435} 469.0 14301.0 8160.0 0.7525735294117647 5 29 21.0 0.0 0.7525735294117647 0
1 ec.gp.GPIndividual@525564748{-1674637435} 75.0 16607.0 12802.0 0.2972191845024215 5 29 21.0 0.0 0.2972191845024215 0
1 ec.gp.GPIndividual@525564748{-1674637435} 161.0 11590.0 10087.0 0.14900366808763754 5 29 21.0 0.0 0.14900366808763754 0
1 ec.gp.GPIndividual@831918335{2080861520} 1378.0 8328.0 8317.0 0.0013225922808705061 5 37 21.0 0.0 0.0013225922808705061 0
1 ec.gp.GPIndividual@360982051{-61168709} 2.0 11908.0 10054.0 0.18440421722697434 4 19 21.0 0.0 0.18440421722697434 0
1 ec.gp.GPIndividual@360982051{-61168709} 1.0 10624.0 8387.0 0.2667223083343269 4 19 21.0 0.0 0.2667223083343269 0
1 ec.gp.GPIndividual@360982051{-61168709} 2.0 14972.0 14578.0 0.02702702702702703 4 19 21.0 0.0 0.02702702702702703 0
1 ec.gp.GPIndividual@360982051{-61168709} 1.0 13969.0 10861.0 0.2861614952582635 4 19 21.0 0.0 0.2861614952582635 0
1 ec.gp.GPIndividual@360982051{-61168709} 2.0 10889.0 8160.0 0.3344362745098039 4 19 21.0 0.0 0.3344362745098039 0
1 ec.gp.GPIndividual@360982051{-61168709} 2.0 15397.0 12802.0 0.20270270270270271 4 19 21.0 0.0 0.20270270270270271 0
1 ec.gp.GPIndividual@360982051{-61168709} 1.0 13260.0 10087.0 0.3145632992961237 4 19 21.0 0.0 0.3145632992961237 0
1 ec.gp.GPIndividual@360982051{-61168709} 2.0 10924.0 8317.0 0.31345437056631 4 19 21.0 0.0 0.31345437056631 0
1 ec.gp.GPIndividual@336911748{1924685925} 0.0 109280.0 10054.0 1.0 2 3 21.0 0.0 1.0 0
1 ec.gp.GPIndividual@336911748{1924685925} 0.0 109280.0 8387.0 1.0 2 3 21.0 0.0 1.0 0
1 ec.gp.GPIndividual@336911748{1924685925} 0.0 109280.0 14578.0 1.0 2 3 21.0 0.0 1.0 0
1 ec.gp.GPIndividual@336911748{1924685925} 0.0 109280.0 10861.0 1.0 2 3 21.0 0.0 1.0 0
1 ec.gp.GPIndividual@336911748{1924685925} 0.0 109280.0 8160.0 1.0 2 3 21.0 0.0 1.0 0
1 ec.gp.GPIndividual@336911748{1924685925} 0.0 109280.0 12802.0 1.0 2 3 21.0 0.0 1.0 0
1 ec.gp.GPIndividual@336911748{1924685925} 0.0 109280.0 10087.0 1.0 2 3 21.0 0.0 1.0 0
1 ec.gp.GPIndividual@336911748{1924685925} 0.0 109280.0 8317.0 1.0 2 3 21.0 0.0 1.0 0
1 ec.gp.GPIndividual@22714738{-379130566} 0.0 104262.0 10054.0 0.9556395464491745 3 5 21.0 0.0 0.9556395464491745 0
1 ec.gp.GPIndividual@22714738{-379130566} 0.0 104262.0 8387.0 0.9468224633361154 3 5 21.0 0.0 0.9468224633361154 0
1 ec.gp.GPIndividual@22714738{-379130566} 0.0 104262.0 14578.0 0.9694059541775277 3 5 21.0 0.0 0.9694059541775277 0
1 ec.gp.GPIndividual@22714738{-379130566} 0.0 104262.0 10861.0 0.9589356412853328 3 5 21.0 0.0 0.9589356412853328 0
1 ec.gp.GPIndividual@22714738{-379130566} 0.0 104262.0 8160.0 0.9453431372549019 3 5 21.0 0.0 0.9453431372549019 0
1 ec.gp.GPIndividual@22714738{-379130566} 0.0 104262.0 12802.0 0.9651616934853929 3 5 21.0 0.0 0.9651616934853929 0
1 ec.gp.GPIndividual@22714738{-379130566} 0.0 104262.0 10087.0 0.9557846733419253 3 5 21.0 0.0 0.9557846733419253 0
1 ec.gp.GPIndividual@22714738{-379130566} 0.0 104262.0 8317.0 0.9463748947937959 3 5 21.0 0.0 0.9463748947937959 0
1 ec.gp.GPIndividual@557881856{779691986} 1363.0 8634.0 8387.0 0.02945033981161321 5 37 21.0 0.0 0.02945033981161321 0
1 ec.gp.GPIndividual@525564748{-1674637435} 456.0 12421.0 8317.0 0.49344715642659615 5 29 21.0 0.0 0.49344715642659615 0
1 ec.gp.GPIndividual@733703716{1296926013} 0.0 84176.0 10054.0 0.7795902128506067 5 22 21.0 0.0 0.7795902128506067 0
1 ec.gp.GPIndividual@733703716{1296926013} 0.0 84176.0 8387.0 0.7357815667103851 5 22 21.0 0.0 0.7357815667103851 0
1 ec.gp.GPIndividual@733703716{1296926013} 0.0 84914.0 14578.0 0.7973658938125944 5 22 21.0 0.0 0.7973658938125944 0
1 ec.gp.GPIndividual@733703716{1296926013} 0.0 84694.0 10861.0 0.7482736396280268 5 22 21.0 0.0 0.7482736396280268 0
1 ec.gp.GPIndividual@733703716{1296926013} 0.0 84176.0 8160.0 0.7284313725490196 5 22 21.0 0.0 0.7284313725490196 0
1 ec.gp.GPIndividual@733703716{1296926013} 0.0 84694.0 12802.0 0.786439618809561 5 22 21.0 0.0 0.786439618809561 0
1 ec.gp.GPIndividual@733703716{1296926013} 0.0 84176.0 10087.0 0.7803112917616735 5 22 21.0 0.0 0.7803112917616735 0
1 ec.gp.GPIndividual@733703716{1296926013} 0.0 83969.0 8317.0 0.7584465552482866 5 22 21.0 0.0 0.7584465552482866 0
1 ec.gp.GPIndividual@1635512413{-1224330817} 0.0 105260.0 10054.0 0.8563755719116769 2 3 21.0 0.0 0.8563755719116769 0
1 ec.gp.GPIndividual@1635512413{-1224330817} 0.0 105260.0 8387.0 0.8278287826397996 2 3 21.0 0.0 0.8278287826397996 0
1 ec.gp.GPIndividual@1635512413{-1224330817} 0.0 105260.0 14578.0 0.9009466319110989 2 3 21.0 0.0 0.9009466319110989 0
1 ec.gp.GPIndividual@1635512413{-1224330817} 0.0 105260.0 10861.0 0.8670472332197772 2 3 21.0 0.0 0.8670472332197772 0
1 ec.gp.GPIndividual@1635512413{-1224330817} 0.0 105260.0 8160.0 0.8230392156862745 2 3 21.0 0.0 0.8230392156862745 0
1 ec.gp.GPIndividual@1635512413{-1224330817} 0.0 105260.0 12802.0 0.8872051241993438 2 3 21.0 0.0 0.8872051241993438 0
1 ec.gp.GPIndividual@1635512413{-1224330817} 0.0 105260.0 10087.0 0.8568454446317042 2 3 21.0 0.0 0.8568454446317042 0
1 ec.gp.GPIndividual@1635512413{-1224330817} 0.0 105260.0 8317.0 0.8263797042202717 2 3 21.0 0.0 0.8263797042202717 0
1 ec.gp.GPIndividual@1387136973{1755783202} 177.0 10959.0 10054.0 0.09001392480604735 5 39 21.0 0.0 0.09001392480604735 0
1 ec.gp.GPIndividual@557881856{779691986} 306.0 15314.0 14578.0 0.05048703525860886 5 37 21.0 0.0 0.05048703525860886 0
1 ec.gp.GPIndividual@557881856{779691986} 351.0 11066.0 10861.0 0.018874873400239387 5 37 21.0 0.0 0.018874873400239387 0
1 ec.gp.GPIndividual@1387136973{1755783202} 816.0 8560.0 8387.0 0.020627161082627875 5 39 21.0 0.0 0.020627161082627875 0
1 ec.gp.GPIndividual@1098000389{2099420563} 3595.0 8624.0 8387.0 0.028258018361750327 5 33 21.0 0.0 0.028258018361750327 0
1 ec.gp.GPIndividual@1387136973{1755783202} 190.0 15613.0 14578.0 0.07099739333241871 5 39 21.0 0.0 0.07099739333241871 0
1 ec.gp.GPIndividual@1387136973{1755783202} 277.0 11658.0 10861.0 0.07338182487800386 5 39 21.0 0.0 0.07338182487800386 0
1 ec.gp.GPIndividual@557881856{779691986} 979.0 8498.0 8160.0 0.04142156862745098 5 37 21.0 0.0 0.04142156862745098 0
1 ec.gp.GPIndividual@1098000389{2099420563} 604.0 16447.0 14578.0 0.12820688709013583 5 33 21.0 0.0 0.12820688709013583 0
1 ec.gp.GPIndividual@557881856{779691986} 302.0 13661.0 12802.0 0.06709889079831276 5 37 21.0 0.0 0.06709889079831276 0
1 ec.gp.GPIndividual@1387136973{1755783202} 675.0 8347.0 8160.0 0.022916666666666665 5 39 21.0 0.0 0.022916666666666665 0
1 ec.gp.GPIndividual@557881856{779691986} 291.0 10594.0 10087.0 0.05026271438485179 5 37 21.0 0.0 0.05026271438485179 0
1 ec.gp.GPIndividual@1387136973{1755783202} 160.0 13688.0 12802.0 0.06920793625995939 5 39 21.0 0.0 0.06920793625995939 0
1 ec.gp.GPIndividual@1387136973{1755783202} 244.0 11159.0 10087.0 0.10627540398532764 5 39 21.0 0.0 0.10627540398532764 0
1 ec.gp.GPIndividual@557881856{779691986} 1190.0 8328.0 8317.0 0.0013225922808705061 5 37 21.0 0.0 0.0013225922808705061 0
1 ec.gp.GPIndividual@1387136973{1755783202} 3917.0 8328.0 8317.0 0.0013225922808705061 5 39 21.0 0.0 0.0013225922808705061 0
1 ec.gp.GPIndividual@1453563855{933544594} 0.0 100242.0 10054.0 0.8120151183608514 2 3 21.0 0.0 0.8120151183608514 0
1 ec.gp.GPIndividual@1453563855{933544594} 0.0 100242.0 8387.0 0.7746512459759151 2 3 21.0 0.0 0.7746512459759151 0
1 ec.gp.GPIndividual@1453563855{933544594} 0.0 100242.0 14578.0 0.8703525860886266 2 3 21.0 0.0 0.8703525860886266 0
1 ec.gp.GPIndividual@1453563855{933544594} 0.0 100242.0 10861.0 0.82598287450511 2 3 21.0 0.0 0.82598287450511 0
1 ec.gp.GPIndividual@1453563855{933544594} 0.0 100242.0 8160.0 0.7683823529411765 2 3 21.0 0.0 0.7683823529411765 0
1 ec.gp.GPIndividual@1453563855{933544594} 0.0 100242.0 12802.0 0.8523668176847368 2 3 21.0 0.0 0.8523668176847368 0
1 ec.gp.GPIndividual@1453563855{933544594} 0.0 100242.0 10087.0 0.8126301179736294 2 3 21.0 0.0 0.8126301179736294 0
1 ec.gp.GPIndividual@1453563855{933544594} 0.0 100242.0 8317.0 0.7727545990140676 2 3 21.0 0.0 0.7727545990140676 0
1 ec.gp.GPIndividual@647561585{1774408260} 0.0 109280.0 10054.0 1.0 3 7 21.0 0.0 1.0 0
1 ec.gp.GPIndividual@647561585{1774408260} 0.0 109280.0 8387.0 1.0 3 7 21.0 0.0 1.0 0
1 ec.gp.GPIndividual@647561585{1774408260} 0.0 109280.0 14578.0 1.0 3 7 21.0 0.0 1.0 0
1 ec.gp.GPIndividual@647561585{1774408260} 0.0 109280.0 10861.0 1.0 3 7 21.0 0.0 1.0 0
1 ec.gp.GPIndividual@647561585{1774408260} 0.0 109280.0 8160.0 1.0 3 7 21.0 0.0 1.0 0
1 ec.gp.GPIndividual@647561585{1774408260} 0.0 109280.0 12802.0 1.0 3 7 21.0 0.0 1.0 0
1 ec.gp.GPIndividual@647561585{1774408260} 0.0 109280.0 10087.0 1.0 3 7 21.0 0.0 1.0 0
1 ec.gp.GPIndividual@647561585{1774408260} 0.0 109280.0 8317.0 1.0 3 7 21.0 0.0 1.0 0
1 ec.gp.GPIndividual@417260775{1572221862} 36.0 11217.0 10054.0 0.1156753530932962 5 36 21.0 0.0 0.1156753530932962 0
1 ec.gp.GPIndividual@417260775{1572221862} 294.0 8767.0 8387.0 0.04530821509478956 5 36 21.0 0.0 0.04530821509478956 0
1 ec.gp.GPIndividual@417260775{1572221862} 74.0 15613.0 14578.0 0.07099739333241871 5 36 21.0 0.0 0.07099739333241871 0
1 ec.gp.GPIndividual@417260775{1572221862} 171.0 12610.0 10861.0 0.16103489549765215 5 36 21.0 0.0 0.16103489549765215 0
1 ec.gp.GPIndividual@417260775{1572221862} 414.0 10033.0 8160.0 0.22953431372549019 5 36 21.0 0.0 0.22953431372549019 0
1 ec.gp.GPIndividual@417260775{1572221862} 96.0 13688.0 12802.0 0.06920793625995939 5 36 21.0 0.0 0.06920793625995939 0
1 ec.gp.GPIndividual@417260775{1572221862} 147.0 11590.0 10087.0 0.14900366808763754 5 36 21.0 0.0 0.14900366808763754 0
1 ec.gp.GPIndividual@1098000389{2099420563} 6221.0 11028.0 10861.0 0.015376116379707209 5 33 21.0 0.0 0.015376116379707209 0
1 ec.gp.GPIndividual@417260775{1572221862} 407.0 8328.0 8317.0 0.0013225922808705061 5 36 21.0 0.0 0.0013225922808705061 0
1 ec.gp.GPIndividual@1098000389{2099420563} 11532.0 8215.0 8160.0 0.006740196078431373 5 33 21.0 0.0 0.006740196078431373 0
1 ec.gp.GPIndividual@1098000389{2099420563} 186.0 13688.0 12802.0 0.06920793625995939 5 33 21.0 0.0 0.06920793625995939 0
1 ec.gp.GPIndividual@1098000389{2099420563} 173.0 10974.0 10087.0 0.08793496579756122 5 33 21.0 0.0 0.08793496579756122 0
1 ec.gp.GPIndividual@1098000389{2099420563} 10211.0 8328.0 8317.0 0.0013225922808705061 5 33 21.0 0.0 0.0013225922808705061 0
1 ec.gp.GPIndividual@1138519288{236526558} 0.0 13409.0 10054.0 0.3336980306345733 5 18 21.0 0.0 0.3336980306345733 0
1 ec.gp.GPIndividual@1138519288{236526558} 0.0 13403.0 8387.0 0.5980684392512221 5 18 21.0 0.0 0.5980684392512221 0
1 ec.gp.GPIndividual@1138519288{236526558} 0.0 15644.0 14578.0 0.07312388530662642 5 18 21.0 0.0 0.07312388530662642 0
1 ec.gp.GPIndividual@1138519288{236526558} 0.0 13764.0 10861.0 0.2672866218580241 5 18 21.0 0.0 0.2672866218580241 0
1 ec.gp.GPIndividual@1138519288{236526558} 0.0 13403.0 8160.0 0.6425245098039216 5 18 21.0 0.0 0.6425245098039216 0
1 ec.gp.GPIndividual@1138519288{236526558} 0.0 14401.0 12802.0 0.12490235900640526 5 18 21.0 0.0 0.12490235900640526 0
1 ec.gp.GPIndividual@1138519288{236526558} 0.0 13409.0 10087.0 0.3293347873500545 5 18 21.0 0.0 0.3293347873500545 0
1 ec.gp.GPIndividual@1138519288{236526558} 0.0 13403.0 8317.0 0.6115185764097631 5 18 21.0 0.0 0.6115185764097631 0
1 ec.gp.GPIndividual@1378777708{-168360878} 0.0 104262.0 10054.0 0.9556395464491745 3 5 21.0 0.0 0.9556395464491745 0
1 ec.gp.GPIndividual@1378777708{-168360878} 0.0 104262.0 8387.0 0.9468224633361154 3 5 21.0 0.0 0.9468224633361154 0
1 ec.gp.GPIndividual@1378777708{-168360878} 0.0 104262.0 14578.0 0.9694059541775277 3 5 21.0 0.0 0.9694059541775277 0
1 ec.gp.GPIndividual@1378777708{-168360878} 0.0 104262.0 10861.0 0.9589356412853328 3 5 21.0 0.0 0.9589356412853328 0
1 ec.gp.GPIndividual@1378777708{-168360878} 0.0 104262.0 8160.0 0.9453431372549019 3 5 21.0 0.0 0.9453431372549019 0
1 ec.gp.GPIndividual@1378777708{-168360878} 0.0 104262.0 12802.0 0.9651616934853929 3 5 21.0 0.0 0.9651616934853929 0
1 ec.gp.GPIndividual@1378777708{-168360878} 0.0 104262.0 10087.0 0.9557846733419253 3 5 21.0 0.0 0.9557846733419253 0
1 ec.gp.GPIndividual@1378777708{-168360878} 0.0 104262.0 8317.0 0.9463748947937959 3 5 21.0 0.0 0.9463748947937959 0
1 ec.gp.GPIndividual@1504066501{180025878} 0.0 105260.0 10054.0 0.8563755719116769 4 9 21.0 0.0 0.8563755719116769 0
1 ec.gp.GPIndividual@1504066501{180025878} 0.0 105260.0 8387.0 0.8278287826397996 4 9 21.0 0.0 0.8278287826397996 0
1 ec.gp.GPIndividual@1504066501{180025878} 0.0 105260.0 14578.0 0.9009466319110989 4 9 21.0 0.0 0.9009466319110989 0
1 ec.gp.GPIndividual@1504066501{180025878} 0.0 105260.0 10861.0 0.8670472332197772 4 9 21.0 0.0 0.8670472332197772 0
1 ec.gp.GPIndividual@1504066501{180025878} 0.0 105260.0 8160.0 0.8230392156862745 4 9 21.0 0.0 0.8230392156862745 0
1 ec.gp.GPIndividual@1504066501{180025878} 0.0 105260.0 12802.0 0.8872051241993438 4 9 21.0 0.0 0.8872051241993438 0
1 ec.gp.GPIndividual@1504066501{180025878} 0.0 105260.0 10087.0 0.8568454446317042 4 9 21.0 0.0 0.8568454446317042 0
1 ec.gp.GPIndividual@1504066501{180025878} 0.0 105260.0 8317.0 0.8263797042202717 4 9 21.0 0.0 0.8263797042202717 0
1 ec.gp.GPIndividual@155452148{1726457667} 35.0 11217.0 10054.0 0.1156753530932962 5 19 21.0 0.0 0.1156753530932962 0
1 ec.gp.GPIndividual@155452148{1726457667} 288.0 8767.0 8387.0 0.04530821509478956 5 19 21.0 0.0 0.04530821509478956 0
1 ec.gp.GPIndividual@155452148{1726457667} 73.0 15613.0 14578.0 0.07099739333241871 5 19 21.0 0.0 0.07099739333241871 0
1 ec.gp.GPIndividual@155452148{1726457667} 168.0 12610.0 10861.0 0.16103489549765215 5 19 21.0 0.0 0.16103489549765215 0
1 ec.gp.GPIndividual@155452148{1726457667} 404.0 10033.0 8160.0 0.22953431372549019 5 19 21.0 0.0 0.22953431372549019 0
1 ec.gp.GPIndividual@155452148{1726457667} 97.0 13688.0 12802.0 0.06920793625995939 5 19 21.0 0.0 0.06920793625995939 0
1 ec.gp.GPIndividual@155452148{1726457667} 147.0 11590.0 10087.0 0.14900366808763754 5 19 21.0 0.0 0.14900366808763754 0
1 ec.gp.GPIndividual@155452148{1726457667} 398.0 8328.0 8317.0 0.0013225922808705061 5 19 21.0 0.0 0.0013225922808705061 0
2 ec.gp.GPIndividual@518851945{1096608486} 0.0 104262.0 10054.0 0.9556395464491745 1 1 21.0 0.0 0.9556395464491745 0
2 ec.gp.GPIndividual@518851945{1096608486} 0.0 104262.0 8387.0 0.9468224633361154 1 1 21.0 0.0 0.9468224633361154 0
2 ec.gp.GPIndividual@518851945{1096608486} 0.0 104262.0 14578.0 0.9694059541775277 1 1 21.0 0.0 0.9694059541775277 0
2 ec.gp.GPIndividual@518851945{1096608486} 0.0 104262.0 10861.0 0.9589356412853328 1 1 21.0 0.0 0.9589356412853328 0
2 ec.gp.GPIndividual@518851945{1096608486} 0.0 104262.0 8160.0 0.9453431372549019 1 1 21.0 0.0 0.9453431372549019 0
2 ec.gp.GPIndividual@1936259433{878956330} 0.0 95006.0 10054.0 0.7893375770837477 5 39 21.0 0.0 0.7893375770837477 0
2 ec.gp.GPIndividual@518851945{1096608486} 0.0 104262.0 12802.0 0.9651616934853929 1 1 21.0 0.0 0.9651616934853929 0
2 ec.gp.GPIndividual@518851945{1096608486} 0.0 104262.0 10087.0 0.9557846733419253 1 1 21.0 0.0 0.9557846733419253 0
2 ec.gp.GPIndividual@518851945{1096608486} 0.0 104262.0 8317.0 0.9463748947937959 1 1 21.0 0.0 0.9463748947937959 0
2 ec.gp.GPIndividual@1936259433{878956330} 0.0 95006.0 8387.0 0.7474663169190414 5 39 21.0 0.0 0.7474663169190414 0
2 ec.gp.GPIndividual@1936259433{878956330} 0.0 95006.0 14578.0 0.8547125806009055 5 39 21.0 0.0 0.8547125806009055 0
2 ec.gp.GPIndividual@1936259433{878956330} 0.0 95006.0 10861.0 0.804990332381917 5 39 21.0 0.0 0.804990332381917 0
2 ec.gp.GPIndividual@980158558{1233865647} 40.0 10822.0 10054.0 0.07638750745971752 5 22 21.0 0.0 0.07638750745971752 0
2 ec.gp.GPIndividual@542798613{1992843968} 44.0 11217.0 10054.0 0.1156753530932962 5 24 21.0 0.0 0.1156753530932962 0
2 ec.gp.GPIndividual@694092936{2099420563} 85.0 11217.0 10054.0 0.1156753530932962 5 33 21.0 0.0 0.1156753530932962 0
2 ec.gp.GPIndividual@1340332607{1243704857} 284.0 12010.0 10054.0 0.19454943306146807 5 45 21.0 0.0 0.19454943306146807 0
2 ec.gp.GPIndividual@542798613{1992843968} 276.0 19584.0 8387.0 1.3350423274114702 5 24 21.0 0.0 1.3350423274114702 0
2 ec.gp.GPIndividual@980158558{1233865647} 284.0 18390.0 8387.0 1.1926791462978419 5 22 21.0 0.0 1.1926791462978419 0
2 ec.gp.GPIndividual@694092936{2099420563} 286.0 18040.0 8387.0 1.150947895552641 5 33 21.0 0.0 1.150947895552641 0
2 ec.gp.GPIndividual@5524638{-1347995322} 392.0 10331.0 10054.0 0.02755122339367416 5 36 21.0 0.0 0.02755122339367416 0
2 ec.gp.GPIndividual@542798613{1992843968} 72.0 19584.0 14578.0 0.3433941555768967 5 24 21.0 0.0 0.3433941555768967 0
2 ec.gp.GPIndividual@980158558{1233865647} 72.0 18619.0 14578.0 0.2771985183152696 5 22 21.0 0.0 0.2771985183152696 0
2 ec.gp.GPIndividual@980158558{1233865647} 202.0 12100.0 10861.0 0.11407789337998343 5 22 21.0 0.0 0.11407789337998343 0
2 ec.gp.GPIndividual@542798613{1992843968} 223.0 12610.0 10861.0 0.16103489549765215 5 24 21.0 0.0 0.16103489549765215 0
2 ec.gp.GPIndividual@1936259433{878956330} 866.0 8347.0 8160.0 0.022916666666666665 5 39 21.0 0.0 0.022916666666666665 0
2 ec.gp.GPIndividual@1936259433{878956330} 0.0 95006.0 12802.0 0.8345571004530542 5 39 21.0 0.0 0.8345571004530542 0
2 ec.gp.GPIndividual@1936259433{878956330} 0.0 95006.0 10087.0 0.7900267671260037 5 39 21.0 0.0 0.7900267671260037 0
2 ec.gp.GPIndividual@980158558{1233865647} 523.0 10033.0 8160.0 0.22953431372549019 5 22 21.0 0.0 0.22953431372549019 0
2 ec.gp.GPIndividual@542798613{1992843968} 532.0 10033.0 8160.0 0.22953431372549019 5 24 21.0 0.0 0.22953431372549019 0
2 ec.gp.GPIndividual@694092936{2099420563} 790.0 15458.0 14578.0 0.06036493346138016 5 33 21.0 0.0 0.06036493346138016 0
2 ec.gp.GPIndividual@980158558{1233865647} 40.0 18424.0 12802.0 0.4391501327917513 5 22 21.0 0.0 0.4391501327917513 0
2 ec.gp.GPIndividual@542798613{1992843968} 42.0 19584.0 12802.0 0.52976097484768 5 24 21.0 0.0 0.52976097484768 0
2 ec.gp.GPIndividual@1340332607{1243704857} 1059.0 10760.0 8387.0 0.2829378800524621 5 45 21.0 0.0 0.2829378800524621 0
2 ec.gp.GPIndividual@980158558{1233865647} 191.0 11590.0 10087.0 0.14900366808763754 5 22 21.0 0.0 0.14900366808763754 0
2 ec.gp.GPIndividual@542798613{1992843968} 187.0 11590.0 10087.0 0.14900366808763754 5 24 21.0 0.0 0.14900366808763754 0
2 ec.gp.GPIndividual@980158558{1233865647} 514.0 8328.0 8317.0 0.0013225922808705061 5 22 21.0 0.0 0.0013225922808705061 0
2 ec.gp.GPIndividual@1895540027{1388123745} 1.0 13459.0 10054.0 0.33867117565148197 4 19 21.0 0.0 0.33867117565148197 0
2 ec.gp.GPIndividual@1895540027{1388123745} 1.0 11601.0 8387.0 0.3832121139859306 4 19 21.0 0.0 0.3832121139859306 0
2 ec.gp.GPIndividual@1895540027{1388123745} 3.0 16424.0 14578.0 0.1266291672383043 4 19 21.0 0.0 0.1266291672383043 0
2 ec.gp.GPIndividual@1895540027{1388123745} 2.0 14059.0 10861.0 0.29444802504373446 4 19 21.0 0.0 0.29444802504373446 0
2 ec.gp.GPIndividual@1895540027{1388123745} 2.0 11788.0 8160.0 0.4446078431372549 4 19 21.0 0.0 0.4446078431372549 0
2 ec.gp.GPIndividual@1895540027{1388123745} 2.0 14979.0 12802.0 0.17005155444461803 4 19 21.0 0.0 0.17005155444461803 0
2 ec.gp.GPIndividual@1895540027{1388123745} 2.0 13602.0 10087.0 0.3484683255675622 4 19 21.0 0.0 0.3484683255675622 0
2 ec.gp.GPIndividual@1895540027{1388123745} 1.0 11774.0 8317.0 0.4156546831790309 4 19 21.0 0.0 0.4156546831790309 0
2 ec.gp.GPIndividual@512209116{-331588463} 0.0 88965.0 10054.0 0.8467276705788741 4 17 21.0 0.0 0.8467276705788741 0
2 ec.gp.GPIndividual@512209116{-331588463} 0.0 88660.0 8387.0 0.8526290687969477 4 17 21.0 0.0 0.8526290687969477 0
2 ec.gp.GPIndividual@512209116{-331588463} 0.0 89021.0 14578.0 0.8904513650706544 4 17 21.0 0.0 0.8904513650706544 0
2 ec.gp.GPIndividual@512209116{-331588463} 0.0 88986.0 10861.0 0.856182671945493 4 17 21.0 0.0 0.856182671945493 0
2 ec.gp.GPIndividual@512209116{-331588463} 0.0 88660.0 8160.0 0.8485294117647059 4 17 21.0 0.0 0.8485294117647059 0
2 ec.gp.GPIndividual@512209116{-331588463} 0.0 89021.0 12802.0 0.8752538665833464 4 17 21.0 0.0 0.8752538665833464 0
2 ec.gp.GPIndividual@512209116{-331588463} 0.0 88965.0 10087.0 0.8472291067710915 4 17 21.0 0.0 0.8472291067710915 0
2 ec.gp.GPIndividual@512209116{-331588463} 0.0 88660.0 8317.0 0.851388721894914 4 17 21.0 0.0 0.851388721894914 0
2 ec.gp.GPIndividual@1896973879{-1486884084} 0.0 77757.0 10054.0 0.3311119952257808 5 22 21.0 0.0 0.3311119952257808 0
2 ec.gp.GPIndividual@1896973879{-1486884084} 0.0 77757.0 8387.0 0.19816382496721116 5 22 21.0 0.0 0.19816382496721116 0
2 ec.gp.GPIndividual@1896973879{-1486884084} 0.0 77842.0 14578.0 0.532857730827274 5 22 21.0 0.0 0.532857730827274 0
2 ec.gp.GPIndividual@1896973879{-1486884084} 0.0 77757.0 10861.0 0.38081207991897614 5 22 21.0 0.0 0.38081207991897614 0
2 ec.gp.GPIndividual@1896973879{-1486884084} 0.0 77757.0 8160.0 0.17585784313725492 5 22 21.0 0.0 0.17585784313725492 0
2 ec.gp.GPIndividual@1896973879{-1486884084} 0.0 77770.0 12802.0 0.4736759881268552 5 22 21.0 0.0 0.4736759881268552 0
2 ec.gp.GPIndividual@1896973879{-1486884084} 0.0 77757.0 10087.0 0.3333002874987608 5 22 21.0 0.0 0.3333002874987608 0
2 ec.gp.GPIndividual@1896973879{-1486884084} 0.0 77757.0 8317.0 0.19141517374053144 5 22 21.0 0.0 0.19141517374053144 0
2 ec.gp.GPIndividual@542798613{1992843968} 536.0 8328.0 8317.0 0.0013225922808705061 5 24 21.0 0.0 0.0013225922808705061 0
2 ec.gp.GPIndividual@736448179{487761819} 49.0 10822.0 10054.0 0.07638750745971752 5 32 21.0 0.0 0.07638750745971752 0
2 ec.gp.GPIndividual@736448179{487761819} 270.0 18390.0 8387.0 1.1926791462978419 5 32 21.0 0.0 1.1926791462978419 0
2 ec.gp.GPIndividual@1219824572{-470491381} 311.0 12010.0 10054.0 0.19454943306146807 5 45 21.0 0.0 0.19454943306146807 0
2 ec.gp.GPIndividual@736448179{487761819} 73.0 18619.0 14578.0 0.2771985183152696 5 32 21.0 0.0 0.2771985183152696 0
2 ec.gp.GPIndividual@694092936{2099420563} 1189.0 11658.0 10861.0 0.07338182487800386 5 33 21.0 0.0 0.07338182487800386 0
2 ec.gp.GPIndividual@736448179{487761819} 214.0 12100.0 10861.0 0.11407789337998343 5 32 21.0 0.0 0.11407789337998343 0
2 ec.gp.GPIndividual@1936259433{878956330} 1709.0 8328.0 8317.0 0.0013225922808705061 5 39 21.0 0.0 0.0013225922808705061 0
2 ec.gp.GPIndividual@516706924{1955315999} 45.0 10822.0 10054.0 0.07638750745971752 5 34 21.0 0.0 0.07638750745971752 0
2 ec.gp.GPIndividual@1340332607{1243704857} 1499.0 15743.0 14578.0 0.07991494032103169 5 45 21.0 0.0 0.07991494032103169 0
2 ec.gp.GPIndividual@516706924{1955315999} 279.0 18390.0 8387.0 1.1926791462978419 5 34 21.0 0.0 1.1926791462978419 0
2 ec.gp.GPIndividual@694092936{2099420563} 552.0 12345.0 8160.0 0.5128676470588235 5 33 21.0 0.0 0.5128676470588235 0
2 ec.gp.GPIndividual@1219824572{-470491381} 678.0 10760.0 8387.0 0.2829378800524621 5 45 21.0 0.0 0.2829378800524621 0
2 ec.gp.GPIndividual@516706924{1955315999} 84.0 18619.0 14578.0 0.2771985183152696 5 34 21.0 0.0 0.2771985183152696 0
2 ec.gp.GPIndividual@736448179{487761819} 498.0 10033.0 8160.0 0.22953431372549019 5 32 21.0 0.0 0.22953431372549019 0
2 ec.gp.GPIndividual@694092936{2099420563} 110.0 15814.0 12802.0 0.23527573816591157 5 33 21.0 0.0 0.23527573816591157 0
2 ec.gp.GPIndividual@736448179{487761819} 52.0 18424.0 12802.0 0.4391501327917513 5 32 21.0 0.0 0.4391501327917513 0
2 ec.gp.GPIndividual@5524638{-1347995322} 2793.0 8528.0 8387.0 0.016811732443066652 5 36 21.0 0.0 0.016811732443066652 0
2 ec.gp.GPIndividual@516706924{1955315999} 234.0 12100.0 10861.0 0.11407789337998343 5 34 21.0 0.0 0.11407789337998343 0
2 ec.gp.GPIndividual@1340332607{1243704857} 390.0 12278.0 10861.0 0.13046680784458153 5 45 21.0 0.0 0.13046680784458153 0
2 ec.gp.GPIndividual@694092936{2099420563} 223.0 10974.0 10087.0 0.08793496579756122 5 33 21.0 0.0 0.08793496579756122 0
2 ec.gp.GPIndividual@736448179{487761819} 199.0 11590.0 10087.0 0.14900366808763754 5 32 21.0 0.0 0.14900366808763754 0
2 ec.gp.GPIndividual@516706924{1955315999} 565.0 10033.0 8160.0 0.22953431372549019 5 34 21.0 0.0 0.22953431372549019 0
2 ec.gp.GPIndividual@736448179{487761819} 547.0 8328.0 8317.0 0.0013225922808705061 5 32 21.0 0.0 0.0013225922808705061 0
2 ec.gp.GPIndividual@694092936{2099420563} 572.0 10837.0 8317.0 0.3029938679812432 5 33 21.0 0.0 0.3029938679812432 0
2 ec.gp.GPIndividual@134473429{915901432} 2.0 11908.0 10054.0 0.18440421722697434 4 19 21.0 0.0 0.18440421722697434 0
2 ec.gp.GPIndividual@134473429{915901432} 1.0 10624.0 8387.0 0.2667223083343269 4 19 21.0 0.0 0.2667223083343269 0
2 ec.gp.GPIndividual@134473429{915901432} 2.0 14972.0 14578.0 0.02702702702702703 4 19 21.0 0.0 0.02702702702702703 0
2 ec.gp.GPIndividual@134473429{915901432} 1.0 13969.0 10861.0 0.2861614952582635 4 19 21.0 0.0 0.2861614952582635 0
2 ec.gp.GPIndividual@134473429{915901432} 2.0 10889.0 8160.0 0.3344362745098039 4 19 21.0 0.0 0.3344362745098039 0
2 ec.gp.GPIndividual@134473429{915901432} 2.0 15397.0 12802.0 0.20270270270270271 4 19 21.0 0.0 0.20270270270270271 0
2 ec.gp.GPIndividual@134473429{915901432} 1.0 13260.0 10087.0 0.3145632992961237 4 19 21.0 0.0 0.3145632992961237 0
2 ec.gp.GPIndividual@134473429{915901432} 2.0 10924.0 8317.0 0.31345437056631 4 19 21.0 0.0 0.31345437056631 0
2 ec.gp.GPIndividual@1611897859{664513076} 0.0 105260.0 10054.0 0.8563755719116769 1 1 21.0 0.0 0.8563755719116769 0
2 ec.gp.GPIndividual@1611897859{664513076} 0.0 105260.0 8387.0 0.8278287826397996 1 1 21.0 0.0 0.8278287826397996 0
2 ec.gp.GPIndividual@1611897859{664513076} 0.0 105260.0 14578.0 0.9009466319110989 1 1 21.0 0.0 0.9009466319110989 0
2 ec.gp.GPIndividual@1611897859{664513076} 0.0 105260.0 10861.0 0.8670472332197772 1 1 21.0 0.0 0.8670472332197772 0
2 ec.gp.GPIndividual@1611897859{664513076} 0.0 105260.0 8160.0 0.8230392156862745 1 1 21.0 0.0 0.8230392156862745 0
2 ec.gp.GPIndividual@1611897859{664513076} 0.0 105260.0 12802.0 0.8872051241993438 1 1 21.0 0.0 0.8872051241993438 0
2 ec.gp.GPIndividual@1611897859{664513076} 0.0 105260.0 10087.0 0.8568454446317042 1 1 21.0 0.0 0.8568454446317042 0
2 ec.gp.GPIndividual@1611897859{664513076} 0.0 105260.0 8317.0 0.8263797042202717 1 1 21.0 0.0 0.8263797042202717 0
2 ec.gp.GPIndividual@516706924{1955315999} 57.0 18424.0 12802.0 0.4391501327917513 5 34 21.0 0.0 0.4391501327917513 0
2 ec.gp.GPIndividual@1240035671{-537756594} 49.0 13102.0 10054.0 0.3031629202307539 5 63 21.0 0.0 0.3031629202307539 0
2 ec.gp.GPIndividual@516706924{1955315999} 189.0 11590.0 10087.0 0.14900366808763754 5 34 21.0 0.0 0.14900366808763754 0
2 ec.gp.GPIndividual@1240035671{-537756594} 324.0 14256.0 8387.0 0.699773458924526 5 63 21.0 0.0 0.699773458924526 0
2 ec.gp.GPIndividual@1240035671{-537756594} 78.0 16981.0 14578.0 0.16483742625874606 5 63 21.0 0.0 0.16483742625874606 0
2 ec.gp.GPIndividual@1240035671{-537756594} 111.0 12538.0 10861.0 0.15440567166927538 5 63 21.0 0.0 0.15440567166927538 0
2 ec.gp.GPIndividual@516706924{1955315999} 464.0 8328.0 8317.0 0.0013225922808705061 5 34 21.0 0.0 0.0013225922808705061 0
2 ec.gp.GPIndividual@1341153238{82247139} 0.0 99026.0 10054.0 0.9329620051720708 2 4 21.0 0.0 0.9329620051720708 0
2 ec.gp.GPIndividual@1341153238{82247139} 0.0 99026.0 8387.0 0.9196375342792417 2 4 21.0 0.0 0.9196375342792417 0
2 ec.gp.GPIndividual@1341153238{82247139} 0.0 99026.0 14578.0 0.9537659486898066 2 4 21.0 0.0 0.9537659486898066 0
2 ec.gp.GPIndividual@1341153238{82247139} 0.0 99026.0 10861.0 0.9379430991621398 2 4 21.0 0.0 0.9379430991621398 0
2 ec.gp.GPIndividual@1341153238{82247139} 0.0 99026.0 8160.0 0.9174019607843137 2 4 21.0 0.0 0.9174019607843137 0
2 ec.gp.GPIndividual@1341153238{82247139} 0.0 99026.0 12802.0 0.9473519762537104 2 4 21.0 0.0 0.9473519762537104 0
2 ec.gp.GPIndividual@1341153238{82247139} 0.0 99026.0 10087.0 0.9331813224942996 2 4 21.0 0.0 0.9331813224942996 0
2 ec.gp.GPIndividual@1341153238{82247139} 0.0 99026.0 8317.0 0.9189611638812072 2 4 21.0 0.0 0.9189611638812072 0
2 ec.gp.GPIndividual@2070355422{1774103175} 0.0 68698.0 10054.0 0.14521583449373385 5 28 21.0 0.0 0.14521583449373385 0
2 ec.gp.GPIndividual@2070355422{1774103175} 0.0 67221.0 8387.0 0.15142482413258615 5 28 21.0 0.0 0.15142482413258615 0
2 ec.gp.GPIndividual@2070355422{1774103175} 0.0 68267.0 14578.0 0.44004664563040197 5 28 21.0 0.0 0.44004664563040197 0
2 ec.gp.GPIndividual@2070355422{1774103175} 0.0 68059.0 10861.0 0.26756283951753984 5 28 21.0 0.0 0.26756283951753984 0
2 ec.gp.GPIndividual@2070355422{1774103175} 0.0 66800.0 8160.0 0.17941176470588235 5 28 21.0 0.0 0.17941176470588235 0
2 ec.gp.GPIndividual@2070355422{1774103175} 0.0 68093.0 12802.0 0.3759568817372286 5 28 21.0 0.0 0.3759568817372286 0
2 ec.gp.GPIndividual@2070355422{1774103175} 0.0 68059.0 10087.0 0.21136115792604343 5 28 21.0 0.0 0.21136115792604343 0
2 ec.gp.GPIndividual@2070355422{1774103175} 0.0 66800.0 8317.0 0.19490200793555368 5 28 21.0 0.0 0.19490200793555368 0
2 ec.gp.GPIndividual@1240035671{-537756594} 382.0 10763.0 8160.0 0.31899509803921566 5 63 21.0 0.0 0.31899509803921566 0
2 ec.gp.GPIndividual@1240035671{-537756594} 36.0 15346.0 12802.0 0.19871895016403687 5 63 21.0 0.0 0.19871895016403687 0
2 ec.gp.GPIndividual@1341132906{39222931} 387.0 10449.0 10054.0 0.03928784563357868 5 27 21.0 0.0 0.03928784563357868 0
2 ec.gp.GPIndividual@1240035671{-537756594} 123.0 11575.0 10087.0 0.1475166055318727 5 63 21.0 0.0 0.1475166055318727 0
2 ec.gp.GPIndividual@1219824572{-470491381} 2140.0 15719.0 14578.0 0.07826862395390315 5 45 21.0 0.0 0.07826862395390315 0
2 ec.gp.GPIndividual@1240035671{-537756594} 421.0 10295.0 8317.0 0.23782613923289647 5 63 21.0 0.0 0.23782613923289647 0
2 ec.gp.GPIndividual@1340332607{1243704857} 2579.0 9574.0 8160.0 0.1732843137254902 5 45 21.0 0.0 0.1732843137254902 0
2 ec.gp.GPIndividual@1340332607{1243704857} 123.0 14450.0 12802.0 0.12872988595531948 5 45 21.0 0.0 0.12872988595531948 0
2 ec.gp.GPIndividual@1341132906{39222931} 1142.0 8767.0 8387.0 0.04530821509478956 5 27 21.0 0.0 0.04530821509478956 0
2 ec.gp.GPIndividual@5524638{-1347995322} 2907.0 14697.0 14578.0 0.008162985320345727 5 36 21.0 0.0 0.008162985320345727 0
2 ec.gp.GPIndividual@1341132906{39222931} 326.0 15194.0 14578.0 0.04225545342296611 5 27 21.0 0.0 0.04225545342296611 0
2 ec.gp.GPIndividual@1219824572{-470491381} 2844.0 11443.0 10861.0 0.053586225946045486 5 45 21.0 0.0 0.053586225946045486 0
2 ec.gp.GPIndividual@1341132906{39222931} 1959.0 11066.0 10861.0 0.018874873400239387 5 27 21.0 0.0 0.018874873400239387 0
2 ec.gp.GPIndividual@1219824572{-470491381} 475.0 12345.0 8160.0 0.5128676470588235 5 45 21.0 0.0 0.5128676470588235 0
2 ec.gp.GPIndividual@1219824572{-470491381} 129.0 14640.0 12802.0 0.1435713169817216 5 45 21.0 0.0 0.1435713169817216 0
2 ec.gp.GPIndividual@5524638{-1347995322} 2731.0 12916.0 10861.0 0.18920909676825337 5 36 21.0 0.0 0.18920909676825337 0
2 ec.gp.GPIndividual@1341132906{39222931} 543.0 8564.0 8160.0 0.049509803921568625 5 27 21.0 0.0 0.049509803921568625 0
2 ec.gp.GPIndividual@1219824572{-470491381} 420.0 10555.0 10087.0 0.04639635173986319 5 45 21.0 0.0 0.04639635173986319 0
2 ec.gp.GPIndividual@1341132906{39222931} 274.0 13661.0 12802.0 0.06709889079831276 5 27 21.0 0.0 0.06709889079831276 0
2 ec.gp.GPIndividual@5524638{-1347995322} 469.0 10033.0 8160.0 0.22953431372549019 5 36 21.0 0.0 0.22953431372549019 0
2 ec.gp.GPIndividual@1340332607{1243704857} 3372.0 10087.0 10087.0 0.0 5 45 21.0 0.0 0.0 1
2 ec.gp.GPIndividual@1341132906{39222931} 323.0 10482.0 10087.0 0.039159313968474274 5 27 21.0 0.0 0.039159313968474274 0
2 ec.gp.GPIndividual@1341132906{39222931} 2131.0 8328.0 8317.0 0.0013225922808705061 5 27 21.0 0.0 0.0013225922808705061 0
2 ec.gp.GPIndividual@1340332607{1243704857} 2391.0 10465.0 8317.0 0.2582662017554407 5 45 21.0 0.0 0.2582662017554407 1
2 ec.gp.GPIndividual@2070042846{1898692838} 37.0 11217.0 10054.0 0.1156753530932962 5 36 21.0 0.0 0.1156753530932962 0
2 ec.gp.GPIndividual@5524638{-1347995322} 2548.0 12802.0 12802.0 0.0 5 36 21.0 0.0 0.0 1
2 ec.gp.GPIndividual@2070042846{1898692838} 305.0 8767.0 8387.0 0.04530821509478956 5 36 21.0 0.0 0.04530821509478956 0
2 ec.gp.GPIndividual@2070042846{1898692838} 79.0 15613.0 14578.0 0.07099739333241871 5 36 21.0 0.0 0.07099739333241871 0
2 ec.gp.GPIndividual@1219824572{-470491381} 3219.0 10465.0 8317.0 0.2582662017554407 5 45 21.0 0.0 0.2582662017554407 0
2 ec.gp.GPIndividual@914079885{586069417} 0.0 105260.0 10054.0 0.8563755719116769 3 6 21.0 0.0 0.8563755719116769 0
2 ec.gp.GPIndividual@914079885{586069417} 0.0 105260.0 8387.0 0.8278287826397996 3 6 21.0 0.0 0.8278287826397996 0
2 ec.gp.GPIndividual@914079885{586069417} 0.0 105260.0 14578.0 0.9009466319110989 3 6 21.0 0.0 0.9009466319110989 0
2 ec.gp.GPIndividual@914079885{586069417} 0.0 105260.0 10861.0 0.8670472332197772 3 6 21.0 0.0 0.8670472332197772 0
2 ec.gp.GPIndividual@914079885{586069417} 0.0 105260.0 8160.0 0.8230392156862745 3 6 21.0 0.0 0.8230392156862745 0
2 ec.gp.GPIndividual@914079885{586069417} 0.0 105260.0 12802.0 0.8872051241993438 3 6 21.0 0.0 0.8872051241993438 0
2 ec.gp.GPIndividual@914079885{586069417} 0.0 105260.0 10087.0 0.8568454446317042 3 6 21.0 0.0 0.8568454446317042 0
2 ec.gp.GPIndividual@914079885{586069417} 0.0 105260.0 8317.0 0.8263797042202717 3 6 21.0 0.0 0.8263797042202717 0
2 ec.gp.GPIndividual@2070042846{1898692838} 177.0 12610.0 10861.0 0.16103489549765215 5 36 21.0 0.0 0.16103489549765215 0
2 ec.gp.GPIndividual@323931352{-2114087276} 172.0 10959.0 10054.0 0.09001392480604735 5 21 21.0 0.0 0.09001392480604735 0
2 ec.gp.GPIndividual@2070042846{1898692838} 435.0 10033.0 8160.0 0.22953431372549019 5 36 21.0 0.0 0.22953431372549019 0
2 ec.gp.GPIndividual@2070042846{1898692838} 72.0 19584.0 12802.0 0.52976097484768 5 36 21.0 0.0 0.52976097484768 0
2 ec.gp.GPIndividual@323931352{-2114087276} 640.0 8767.0 8387.0 0.04530821509478956 5 21 21.0 0.0 0.04530821509478956 0
2 ec.gp.GPIndividual@2070042846{1898692838} 159.0 11590.0 10087.0 0.14900366808763754 5 36 21.0 0.0 0.14900366808763754 0
2 ec.gp.GPIndividual@5524638{-1347995322} 1170.0 10087.0 10087.0 0.0 5 36 21.0 0.0 0.0 2
2 ec.gp.GPIndividual@323931352{-2114087276} 182.0 15443.0 14578.0 0.05933598573192482 5 21 21.0 0.0 0.05933598573192482 0
2 ec.gp.GPIndividual@2070042846{1898692838} 416.0 8328.0 8317.0 0.0013225922808705061 5 36 21.0 0.0 0.0013225922808705061 0
2 ec.gp.GPIndividual@323931352{-2114087276} 278.0 11658.0 10861.0 0.07338182487800386 5 21 21.0 0.0 0.07338182487800386 0
2 ec.gp.GPIndividual@1235768011{1053573616} 167.0 10959.0 10054.0 0.09001392480604735 5 37 21.0 0.0 0.09001392480604735 0
2 ec.gp.GPIndividual@323931352{-2114087276} 680.0 8347.0 8160.0 0.022916666666666665 5 21 21.0 0.0 0.022916666666666665 0
2 ec.gp.GPIndividual@1235768011{1053573616} 542.0 8767.0 8387.0 0.04530821509478956 5 37 21.0 0.0 0.04530821509478956 0
2 ec.gp.GPIndividual@323931352{-2114087276} 168.0 19584.0 12802.0 0.52976097484768 5 21 21.0 0.0 0.52976097484768 0
2 ec.gp.GPIndividual@1235768011{1053573616} 182.0 15613.0 14578.0 0.07099739333241871 5 37 21.0 0.0 0.07099739333241871 0
2 ec.gp.GPIndividual@323931352{-2114087276} 252.0 11159.0 10087.0 0.10627540398532764 5 21 21.0 0.0 0.10627540398532764 0
2 ec.gp.GPIndividual@1235768011{1053573616} 280.0 11658.0 10861.0 0.07338182487800386 5 37 21.0 0.0 0.07338182487800386 0
2 ec.gp.GPIndividual@1235768011{1053573616} 682.0 8347.0 8160.0 0.022916666666666665 5 37 21.0 0.0 0.022916666666666665 0
2 ec.gp.GPIndividual@5524638{-1347995322} 2312.0 8328.0 8317.0 0.0013225922808705061 5 36 21.0 0.0 0.0013225922808705061 2
2 ec.gp.GPIndividual@1135828982{-1180916926} 0.0 17406.0 10054.0 0.7312512432862542 4 16 21.0 0.0 0.7312512432862542 0
2 ec.gp.GPIndividual@1135828982{-1180916926} 0.0 18065.0 8387.0 1.1539286991772981 4 16 21.0 0.0 1.1539286991772981 0
2 ec.gp.GPIndividual@1135828982{-1180916926} 0.0 18114.0 14578.0 0.24255727809027303 4 16 21.0 0.0 0.24255727809027303 0
2 ec.gp.GPIndividual@1135828982{-1180916926} 0.0 16170.0 10861.0 0.4888131847896142 4 16 21.0 0.0 0.4888131847896142 0
2 ec.gp.GPIndividual@1135828982{-1180916926} 0.0 16947.0 8160.0 1.0768382352941177 4 16 21.0 0.0 1.0768382352941177 0
2 ec.gp.GPIndividual@1135828982{-1180916926} 1.0 15814.0 12802.0 0.23527573816591157 4 16 21.0 0.0 0.23527573816591157 0
2 ec.gp.GPIndividual@1135828982{-1180916926} 0.0 15981.0 10087.0 0.5843164469118668 4 16 21.0 0.0 0.5843164469118668 0
2 ec.gp.GPIndividual@1135828982{-1180916926} 0.0 17418.0 8317.0 1.0942647589274979 4 16 21.0 0.0 1.0942647589274979 0
2 ec.gp.GPIndividual@990377134{243192715} 0.0 101188.0 10054.0 0.7179232146409389 2 3 21.0 0.0 0.7179232146409389 0
2 ec.gp.GPIndividual@990377134{243192715} 0.0 101188.0 8387.0 0.6618576368188863 2 3 21.0 0.0 0.6618576368188863 0
2 ec.gp.GPIndividual@990377134{243192715} 0.0 101188.0 14578.0 0.805460282617643 2 3 21.0 0.0 0.805460282617643 0
2 ec.gp.GPIndividual@990377134{243192715} 0.0 101188.0 10861.0 0.7388822392044931 2 3 21.0 0.0 0.7388822392044931 0
2 ec.gp.GPIndividual@990377134{243192715} 0.0 101188.0 8160.0 0.6524509803921569 2 3 21.0 0.0 0.6524509803921569 0
2 ec.gp.GPIndividual@990377134{243192715} 0.0 101188.0 12802.0 0.7784721137322294 2 3 21.0 0.0 0.7784721137322294 0
2 ec.gp.GPIndividual@990377134{243192715} 0.0 101188.0 10087.0 0.7188460394567264 2 3 21.0 0.0 0.7188460394567264 0
2 ec.gp.GPIndividual@990377134{243192715} 0.0 101188.0 8317.0 0.6590116628592041 2 3 21.0 0.0 0.6590116628592041 0
2 ec.gp.GPIndividual@1308041442{737057484} 0.0 100242.0 10054.0 0.8120151183608514 2 3 21.0 0.0 0.8120151183608514 0
2 ec.gp.GPIndividual@1308041442{737057484} 0.0 100242.0 8387.0 0.7746512459759151 2 3 21.0 0.0 0.7746512459759151 0
2 ec.gp.GPIndividual@1308041442{737057484} 0.0 100242.0 14578.0 0.8703525860886266 2 3 21.0 0.0 0.8703525860886266 0
2 ec.gp.GPIndividual@1308041442{737057484} 0.0 100242.0 10861.0 0.82598287450511 2 3 21.0 0.0 0.82598287450511 0
2 ec.gp.GPIndividual@1308041442{737057484} 0.0 100242.0 8160.0 0.7683823529411765 2 3 21.0 0.0 0.7683823529411765 0
2 ec.gp.GPIndividual@1308041442{737057484} 0.0 100242.0 12802.0 0.8523668176847368 2 3 21.0 0.0 0.8523668176847368 0
2 ec.gp.GPIndividual@1308041442{737057484} 0.0 100242.0 10087.0 0.8126301179736294 2 3 21.0 0.0 0.8126301179736294 0
2 ec.gp.GPIndividual@1308041442{737057484} 0.0 100242.0 8317.0 0.7727545990140676 2 3 21.0 0.0 0.7727545990140676 0
2 ec.gp.GPIndividual@1877325182{-537258369} 5.0 13417.0 10054.0 0.3344937338372787 5 28 21.0 0.0 0.3344937338372787 0
2 ec.gp.GPIndividual@1877325182{-537258369} 4.0 17566.0 8387.0 1.0944318588291404 5 28 21.0 0.0 1.0944318588291404 0
2 ec.gp.GPIndividual@1877325182{-537258369} 6.0 16506.0 14578.0 0.13225408149266019 5 28 21.0 0.0 0.13225408149266019 0
2 ec.gp.GPIndividual@1235768011{1053573616} 114.0 19584.0 12802.0 0.52976097484768 5 37 21.0 0.0 0.52976097484768 0
2 ec.gp.GPIndividual@1877325182{-537258369} 5.0 15111.0 10861.0 0.3913083509805727 5 28 21.0 0.0 0.3913083509805727 0
2 ec.gp.GPIndividual@1877325182{-537258369} 4.0 16819.0 8160.0 1.0611519607843136 5 28 21.0 0.0 1.0611519607843136 0
2 ec.gp.GPIndividual@1877325182{-537258369} 6.0 16524.0 12802.0 0.29073582252773006 5 28 21.0 0.0 0.29073582252773006 0
2 ec.gp.GPIndividual@1877325182{-537258369} 5.0 17329.0 10087.0 0.7179538019232675 5 28 21.0 0.0 0.7179538019232675 0
2 ec.gp.GPIndividual@1877325182{-537258369} 5.0 14817.0 8317.0 0.7815318023325718 5 28 21.0 0.0 0.7815318023325718 0
2 ec.gp.GPIndividual@913312667{-663714044} 0.0 101188.0 10054.0 0.7179232146409389 2 3 21.0 0.0 0.7179232146409389 0
2 ec.gp.GPIndividual@913312667{-663714044} 0.0 101188.0 8387.0 0.6618576368188863 2 3 21.0 0.0 0.6618576368188863 0
2 ec.gp.GPIndividual@913312667{-663714044} 0.0 101188.0 14578.0 0.805460282617643 2 3 21.0 0.0 0.805460282617643 0
2 ec.gp.GPIndividual@913312667{-663714044} 0.0 101188.0 10861.0 0.7388822392044931 2 3 21.0 0.0 0.7388822392044931 0
2 ec.gp.GPIndividual@913312667{-663714044} 0.0 101188.0 8160.0 0.6524509803921569 2 3 21.0 0.0 0.6524509803921569 0
2 ec.gp.GPIndividual@913312667{-663714044} 0.0 101188.0 12802.0 0.7784721137322294 2 3 21.0 0.0 0.7784721137322294 0
2 ec.gp.GPIndividual@913312667{-663714044} 0.0 101188.0 10087.0 0.7188460394567264 2 3 21.0 0.0 0.7188460394567264 0
2 ec.gp.GPIndividual@913312667{-663714044} 0.0 101188.0 8317.0 0.6590116628592041 2 3 21.0 0.0 0.6590116628592041 0
2 ec.gp.GPIndividual@1235768011{1053573616} 255.0 11159.0 10087.0 0.10627540398532764 5 37 21.0 0.0 0.10627540398532764 0
2 ec.gp.GPIndividual@323931352{-2114087276} 2859.0 8328.0 8317.0 0.0013225922808705061 5 21 21.0 0.0 0.0013225922808705061 0
2 ec.gp.GPIndividual@1627375487{1142171107} 37.0 10822.0 10054.0 0.07638750745971752 5 52 21.0 0.0 0.07638750745971752 0
2 ec.gp.GPIndividual@1627375487{1142171107} 303.0 8624.0 8387.0 0.028258018361750327 5 52 21.0 0.0 0.028258018361750327 0
2 ec.gp.GPIndividual@1627375487{1142171107} 74.0 15613.0 14578.0 0.07099739333241871 5 52 21.0 0.0 0.07099739333241871 0
2 ec.gp.GPIndividual@1627375487{1142171107} 172.0 12100.0 10861.0 0.11407789337998343 5 52 21.0 0.0 0.11407789337998343 0
2 ec.gp.GPIndividual@1627375487{1142171107} 416.0 10033.0 8160.0 0.22953431372549019 5 52 21.0 0.0 0.22953431372549019 0
2 ec.gp.GPIndividual@1627375487{1142171107} 98.0 13688.0 12802.0 0.06920793625995939 5 52 21.0 0.0 0.06920793625995939 0
2 ec.gp.GPIndividual@1627375487{1142171107} 149.0 11590.0 10087.0 0.14900366808763754 5 52 21.0 0.0 0.14900366808763754 0
2 ec.gp.GPIndividual@1627375487{1142171107} 409.0 8328.0 8317.0 0.0013225922808705061 5 52 21.0 0.0 0.0013225922808705061 0
2 ec.gp.GPIndividual@7854135{1180480511} 36.0 10822.0 10054.0 0.07638750745971752 5 34 21.0 0.0 0.07638750745971752 0
2 ec.gp.GPIndividual@7854135{1180480511} 297.0 8624.0 8387.0 0.028258018361750327 5 34 21.0 0.0 0.028258018361750327 0
2 ec.gp.GPIndividual@7854135{1180480511} 77.0 15613.0 14578.0 0.07099739333241871 5 34 21.0 0.0 0.07099739333241871 0
2 ec.gp.GPIndividual@7854135{1180480511} 172.0 12100.0 10861.0 0.11407789337998343 5 34 21.0 0.0 0.11407789337998343 0
2 ec.gp.GPIndividual@7854135{1180480511} 424.0 10033.0 8160.0 0.22953431372549019 5 34 21.0 0.0 0.22953431372549019 0
2 ec.gp.GPIndividual@7854135{1180480511} 99.0 13688.0 12802.0 0.06920793625995939 5 34 21.0 0.0 0.06920793625995939 0
2 ec.gp.GPIndividual@1235768011{1053573616} 4641.0 8328.0 8317.0 0.0013225922808705061 5 37 21.0 0.0 0.0013225922808705061 0
2 ec.gp.GPIndividual@7854135{1180480511} 159.0 11590.0 10087.0 0.14900366808763754 5 34 21.0 0.0 0.14900366808763754 0
2 ec.gp.GPIndividual@476889989{-1665663992} 171.0 10959.0 10054.0 0.09001392480604735 5 35 21.0 0.0 0.09001392480604735 0
2 ec.gp.GPIndividual@7854135{1180480511} 410.0 8328.0 8317.0 0.0013225922808705061 5 34 21.0 0.0 0.0013225922808705061 0
2 ec.gp.GPIndividual@1759518492{-1092871386} 42.0 11217.0 10054.0 0.1156753530932962 5 36 21.0 0.0 0.1156753530932962 0
2 ec.gp.GPIndividual@1759518492{-1092871386} 296.0 8767.0 8387.0 0.04530821509478956 5 36 21.0 0.0 0.04530821509478956 0
2 ec.gp.GPIndividual@1759518492{-1092871386} 78.0 15613.0 14578.0 0.07099739333241871 5 36 21.0 0.0 0.07099739333241871 0
2 ec.gp.GPIndividual@476889989{-1665663992} 798.0 8560.0 8387.0 0.020627161082627875 5 35 21.0 0.0 0.020627161082627875 0
2 ec.gp.GPIndividual@1759518492{-1092871386} 181.0 12610.0 10861.0 0.16103489549765215 5 36 21.0 0.0 0.16103489549765215 0
2 ec.gp.GPIndividual@476889989{-1665663992} 185.0 15443.0 14578.0 0.05933598573192482 5 35 21.0 0.0 0.05933598573192482 0
2 ec.gp.GPIndividual@476889989{-1665663992} 267.0 11658.0 10861.0 0.07338182487800386 5 35 21.0 0.0 0.07338182487800386 0
2 ec.gp.GPIndividual@1759518492{-1092871386} 421.0 10033.0 8160.0 0.22953431372549019 5 36 21.0 0.0 0.22953431372549019 0
2 ec.gp.GPIndividual@1759518492{-1092871386} 100.0 13688.0 12802.0 0.06920793625995939 5 36 21.0 0.0 0.06920793625995939 0
2 ec.gp.GPIndividual@1759518492{-1092871386} 147.0 11590.0 10087.0 0.14900366808763754 5 36 21.0 0.0 0.14900366808763754 0
2 ec.gp.GPIndividual@476889989{-1665663992} 656.0 8347.0 8160.0 0.022916666666666665 5 35 21.0 0.0 0.022916666666666665 0
2 ec.gp.GPIndividual@1759518492{-1092871386} 414.0 8328.0 8317.0 0.0013225922808705061 5 36 21.0 0.0 0.0013225922808705061 0
2 ec.gp.GPIndividual@476889989{-1665663992} 102.0 13688.0 12802.0 0.06920793625995939 5 35 21.0 0.0 0.06920793625995939 0
2 ec.gp.GPIndividual@476889989{-1665663992} 237.0 11159.0 10087.0 0.10627540398532764 5 35 21.0 0.0 0.10627540398532764 0
2 ec.gp.GPIndividual@476889989{-1665663992} 8814.0 8328.0 8317.0 0.0013225922808705061 5 35 21.0 0.0 0.0013225922808705061 0
2 ec.gp.GPIndividual@1292881941{1798851706} 0.0 90934.0 10054.0 0.6508852198130097 5 37 21.0 0.0 0.6508852198130097 0
2 ec.gp.GPIndividual@1292881941{1798851706} 0.0 90934.0 8387.0 0.5814951710981281 5 37 21.0 0.0 0.5814951710981281 0
2 ec.gp.GPIndividual@1292881941{1798851706} 0.0 90934.0 14578.0 0.7592262313074496 5 37 21.0 0.0 0.7592262313074496 0
2 ec.gp.GPIndividual@1292881941{1798851706} 0.0 90934.0 10861.0 0.676825338366633 5 37 21.0 0.0 0.676825338366633 0
2 ec.gp.GPIndividual@1292881941{1798851706} 643.0 8347.0 8160.0 0.022916666666666665 5 37 21.0 0.0 0.022916666666666665 0
2 ec.gp.GPIndividual@1292881941{1798851706} 0.0 90934.0 12802.0 0.7258240899859397 5 37 21.0 0.0 0.7258240899859397 0
2 ec.gp.GPIndividual@1292881941{1798851706} 0.0 90934.0 10087.0 0.6520273619510261 5 37 21.0 0.0 0.6520273619510261 0
2 ec.gp.GPIndividual@1292881941{1798851706} 8856.0 8328.0 8317.0 0.0013225922808705061 5 37 21.0 0.0 0.0013225922808705061 0
2 ec.gp.GPIndividual@616748482{692306010} 0.0 13417.0 10054.0 0.3344937338372787 3 10 21.0 0.0 0.3344937338372787 0
2 ec.gp.GPIndividual@616748482{692306010} 0.0 13518.0 8387.0 0.6117801359246453 3 10 21.0 0.0 0.6117801359246453 0
2 ec.gp.GPIndividual@616748482{692306010} 0.0 15576.0 14578.0 0.06845932226642887 3 10 21.0 0.0 0.06845932226642887 0
2 ec.gp.GPIndividual@616748482{692306010} 0.0 13450.0 10861.0 0.2383758401620477 3 10 21.0 0.0 0.2383758401620477 0
2 ec.gp.GPIndividual@616748482{692306010} 0.0 13518.0 8160.0 0.6566176470588235 3 10 21.0 0.0 0.6566176470588235 0
2 ec.gp.GPIndividual@616748482{692306010} 0.0 13918.0 12802.0 0.08717387908139353 3 10 21.0 0.0 0.08717387908139353 0
2 ec.gp.GPIndividual@616748482{692306010} 0.0 13417.0 10087.0 0.33012788737979576 3 10 21.0 0.0 0.33012788737979576 0
2 ec.gp.GPIndividual@616748482{692306010} 0.0 13518.0 8317.0 0.6253456775279548 3 10 21.0 0.0 0.6253456775279548 0
2 ec.gp.GPIndividual@804775323{587483327} 1.0 11667.0 10054.0 0.16043365824547443 5 23 21.0 0.0 0.16043365824547443 0
2 ec.gp.GPIndividual@804775323{587483327} 1.0 9667.0 8387.0 0.15261714558244902 5 23 21.0 0.0 0.15261714558244902 0
2 ec.gp.GPIndividual@804775323{587483327} 1.0 15260.0 14578.0 0.04678282343256963 5 23 21.0 0.0 0.04678282343256963 0
2 ec.gp.GPIndividual@804775323{587483327} 1.0 13005.0 10861.0 0.19740355400055243 5 23 21.0 0.0 0.19740355400055243 0
2 ec.gp.GPIndividual@804775323{587483327} 1.0 9667.0 8160.0 0.18468137254901962 5 23 21.0 0.0 0.18468137254901962 0
2 ec.gp.GPIndividual@804775323{587483327} 1.0 13817.0 12802.0 0.07928448679893767 5 23 21.0 0.0 0.07928448679893767 0
2 ec.gp.GPIndividual@804775323{587483327} 1.0 11258.0 10087.0 0.11609001685337564 5 23 21.0 0.0 0.11609001685337564 0
2 ec.gp.GPIndividual@804775323{587483327} 1.0 11046.0 8317.0 0.3281231213177829 5 23 21.0 0.0 0.3281231213177829 0
3 ec.gp.GPIndividual@1442675467{2102390542} 0.0 77757.0 10054.0 0.3311119952257808 4 18 21.0 0.0 0.3311119952257808 0
3 ec.gp.GPIndividual@1442675467{2102390542} 0.0 77757.0 8387.0 0.19816382496721116 4 18 21.0 0.0 0.19816382496721116 0
3 ec.gp.GPIndividual@1442675467{2102390542} 0.0 77842.0 14578.0 0.532857730827274 4 18 21.0 0.0 0.532857730827274 0
3 ec.gp.GPIndividual@1442675467{2102390542} 0.0 77757.0 10861.0 0.38081207991897614 4 18 21.0 0.0 0.38081207991897614 0
3 ec.gp.GPIndividual@1442675467{2102390542} 0.0 77757.0 8160.0 0.17585784313725492 4 18 21.0 0.0 0.17585784313725492 0
3 ec.gp.GPIndividual@1442675467{2102390542} 0.0 77770.0 12802.0 0.4736759881268552 4 18 21.0 0.0 0.4736759881268552 0
3 ec.gp.GPIndividual@1442675467{2102390542} 0.0 77757.0 10087.0 0.3333002874987608 4 18 21.0 0.0 0.3333002874987608 0
3 ec.gp.GPIndividual@1442675467{2102390542} 0.0 77757.0 8317.0 0.19141517374053144 4 18 21.0 0.0 0.19141517374053144 0
3 ec.gp.GPIndividual@110814345{-86857995} 1.0 12693.0 10054.0 0.26248259399244084 5 32 21.0 0.0 0.26248259399244084 0
3 ec.gp.GPIndividual@221066964{-1289687114} 2.0 11667.0 10054.0 0.16043365824547443 5 23 21.0 0.0 0.16043365824547443 0
3 ec.gp.GPIndividual@110814345{-86857995} 1.0 10400.0 8387.0 0.24001430785739836 5 32 21.0 0.0 0.24001430785739836 0
3 ec.gp.GPIndividual@221066964{-1289687114} 2.0 9667.0 8387.0 0.15261714558244902 5 23 21.0 0.0 0.15261714558244902 0
3 ec.gp.GPIndividual@110814345{-86857995} 1.0 15849.0 14578.0 0.08718617094251611 5 32 21.0 0.0 0.08718617094251611 0
3 ec.gp.GPIndividual@110814345{-86857995} 1.0 13040.0 10861.0 0.20062609336156892 5 32 21.0 0.0 0.20062609336156892 0
3 ec.gp.GPIndividual@221066964{-1289687114} 2.0 15260.0 14578.0 0.04678282343256963 5 23 21.0 0.0 0.04678282343256963 0
3 ec.gp.GPIndividual@110814345{-86857995} 1.0 9780.0 8160.0 0.19852941176470587 5 32 21.0 0.0 0.19852941176470587 0
3 ec.gp.GPIndividual@221066964{-1289687114} 2.0 13005.0 10861.0 0.19740355400055243 5 23 21.0 0.0 0.19740355400055243 0
3 ec.gp.GPIndividual@110814345{-86857995} 1.0 13815.0 12802.0 0.07912826120918606 5 32 21.0 0.0 0.07912826120918606 0
3 ec.gp.GPIndividual@110814345{-86857995} 1.0 12138.0 10087.0 0.20333102012491325 5 32 21.0 0.0 0.20333102012491325 0
3 ec.gp.GPIndividual@221066964{-1289687114} 2.0 9667.0 8160.0 0.18468137254901962 5 23 21.0 0.0 0.18468137254901962 0
3 ec.gp.GPIndividual@110814345{-86857995} 1.0 10257.0 8317.0 0.23325718408079837 5 32 21.0 0.0 0.23325718408079837 0
3 ec.gp.GPIndividual@221066964{-1289687114} 1.0 13817.0 12802.0 0.07928448679893767 5 23 21.0 0.0 0.07928448679893767 0
3 ec.gp.GPIndividual@221066964{-1289687114} 2.0 11258.0 10087.0 0.11609001685337564 5 23 21.0 0.0 0.11609001685337564 0
3 ec.gp.GPIndividual@221066964{-1289687114} 2.0 10268.0 8317.0 0.23457977636166888 5 23 21.0 0.0 0.23457977636166888 0
3 ec.gp.GPIndividual@624469462{-775451048} 80.0 11217.0 10054.0 0.1156753530932962 5 31 21.0 0.0 0.1156753530932962 0
3 ec.gp.GPIndividual@844508031{1745259724} 200.0 10959.0 10054.0 0.09001392480604735 5 33 21.0 0.0 0.09001392480604735 0
3 ec.gp.GPIndividual@869491914{-750876019} 206.0 10959.0 10054.0 0.09001392480604735 5 29 21.0 0.0 0.09001392480604735 0
3 ec.gp.GPIndividual@1715570393{-662862547} 215.0 10959.0 10054.0 0.09001392480604735 5 21 21.0 0.0 0.09001392480604735 0
3 ec.gp.GPIndividual@407062438{-1527247731} 425.0 12010.0 10054.0 0.19454943306146807 5 34 21.0 0.0 0.19454943306146807 0
3 ec.gp.GPIndividual@624469462{-775451048} 360.0 15067.0 8387.0 0.7964707285084058 5 31 21.0 0.0 0.7964707285084058 0
3 ec.gp.GPIndividual@869491914{-750876019} 281.0 12661.0 8387.0 0.5095981876713962 5 29 21.0 0.0 0.5095981876713962 0
3 ec.gp.GPIndividual@844508031{1745259724} 288.0 19584.0 8387.0 1.3350423274114702 5 33 21.0 0.0 1.3350423274114702 0
3 ec.gp.GPIndividual@1715570393{-662862547} 273.0 13376.0 8387.0 0.5948491713365923 5 21 21.0 0.0 0.5948491713365923 0
3 ec.gp.GPIndividual@869491914{-750876019} 92.0 15644.0 14578.0 0.07312388530662642 5 29 21.0 0.0 0.07312388530662642 0
3 ec.gp.GPIndividual@844508031{1745259724} 101.0 19584.0 14578.0 0.3433941555768967 5 33 21.0 0.0 0.3433941555768967 0
3 ec.gp.GPIndividual@624469462{-775451048} 138.0 17135.0 14578.0 0.1754012896144876 5 31 21.0 0.0 0.1754012896144876 0
3 ec.gp.GPIndividual@1715570393{-662862547} 186.0 15613.0 14578.0 0.07099739333241871 5 21 21.0 0.0 0.07099739333241871 0
3 ec.gp.GPIndividual@869491914{-750876019} 263.0 11098.0 10861.0 0.02182119510174017 5 29 21.0 0.0 0.02182119510174017 0
3 ec.gp.GPIndividual@624469462{-775451048} 260.0 11312.0 10861.0 0.041524721480526654 5 31 21.0 0.0 0.041524721480526654 0
3 ec.gp.GPIndividual@335010865{-587005295} 899.0 11217.0 10054.0 0.1156753530932962 5 35 21.0 0.0 0.1156753530932962 0
3 ec.gp.GPIndividual@844508031{1745259724} 335.0 11658.0 10861.0 0.07338182487800386 5 33 21.0 0.0 0.07338182487800386 0
3 ec.gp.GPIndividual@1715570393{-662862547} 266.0 11098.0 10861.0 0.02182119510174017 5 21 21.0 0.0 0.02182119510174017 0
3 ec.gp.GPIndividual@844508031{1745259724} 585.0 10033.0 8160.0 0.22953431372549019 5 33 21.0 0.0 0.22953431372549019 0
3 ec.gp.GPIndividual@335010865{-587005295} 633.0 8624.0 8387.0 0.028258018361750327 5 35 21.0 0.0 0.028258018361750327 0
3 ec.gp.GPIndividual@624469462{-775451048} 711.0 8717.0 8160.0 0.06825980392156862 5 31 21.0 0.0 0.06825980392156862 0
3 ec.gp.GPIndividual@844508031{1745259724} 79.0 19584.0 12802.0 0.52976097484768 5 33 21.0 0.0 0.52976097484768 0
3 ec.gp.GPIndividual@1715570393{-662862547} 677.0 8717.0 8160.0 0.06825980392156862 5 21 21.0 0.0 0.06825980392156862 0
3 ec.gp.GPIndividual@1715570393{-662862547} 49.0 13803.0 12802.0 0.07819090767067646 5 21 21.0 0.0 0.07819090767067646 0
3 ec.gp.GPIndividual@869491914{-750876019} 843.0 8446.0 8160.0 0.03504901960784314 5 29 21.0 0.0 0.03504901960784314 0
3 ec.gp.GPIndividual@869491914{-750876019} 43.0 13918.0 12802.0 0.08717387908139353 5 29 21.0 0.0 0.08717387908139353 0
3 ec.gp.GPIndividual@624469462{-775451048} 179.0 13688.0 12802.0 0.06920793625995939 5 31 21.0 0.0 0.06920793625995939 0
3 ec.gp.GPIndividual@844508031{1745259724} 197.0 11590.0 10087.0 0.14900366808763754 5 33 21.0 0.0 0.14900366808763754 0
3 ec.gp.GPIndividual@1715570393{-662862547} 269.0 11263.0 10087.0 0.11658570437196392 5 21 21.0 0.0 0.11658570437196392 0
3 ec.gp.GPIndividual@869491914{-750876019} 229.0 10794.0 10087.0 0.07009021512838307 5 29 21.0 0.0 0.07009021512838307 0
3 ec.gp.GPIndividual@624469462{-775451048} 244.0 11373.0 10087.0 0.12749082978090612 5 31 21.0 0.0 0.12749082978090612 0
3 ec.gp.GPIndividual@335010865{-587005295} 1228.0 15898.0 14578.0 0.09054740019207025 5 35 21.0 0.0 0.09054740019207025 0
3 ec.gp.GPIndividual@624469462{-775451048} 866.0 8984.0 8317.0 0.0801971864855116 5 31 21.0 0.0 0.0801971864855116 0
3 ec.gp.GPIndividual@869491914{-750876019} 927.0 8328.0 8317.0 0.0013225922808705061 5 29 21.0 0.0 0.0013225922808705061 0
3 ec.gp.GPIndividual@1715570393{-662862547} 972.0 8466.0 8317.0 0.017915113622700492 5 21 21.0 0.0 0.017915113622700492 0
3 ec.gp.GPIndividual@1411326742{1848285442} 42.0 11217.0 10054.0 0.1156753530932962 5 17 21.0 0.0 0.1156753530932962 0
3 ec.gp.GPIndividual@1483063160{-1150716170} 208.0 10959.0 10054.0 0.09001392480604735 5 58 21.0 0.0 0.09001392480604735 0
3 ec.gp.GPIndividual@2123404169{1970203063} 208.0 10449.0 10054.0 0.03928784563357868 5 20 21.0 0.0 0.03928784563357868 0
3 ec.gp.GPIndividual@1411326742{1848285442} 281.0 19584.0 8387.0 1.3350423274114702 5 17 21.0 0.0 1.3350423274114702 0
3 ec.gp.GPIndividual@407062438{-1527247731} 2828.0 10948.0 8387.0 0.30535352330988436 5 34 21.0 0.0 0.30535352330988436 0
3 ec.gp.GPIndividual@1411326742{1848285442} 26.0 19584.0 14578.0 0.3433941555768967 5 17 21.0 0.0 0.3433941555768967 0
3 ec.gp.GPIndividual@844508031{1745259724} 1675.0 8328.0 8317.0 0.0013225922808705061 5 33 21.0 0.0 0.0013225922808705061 0
3 ec.gp.GPIndividual@1411326742{1848285442} 220.0 12610.0 10861.0 0.16103489549765215 5 17 21.0 0.0 0.16103489549765215 0
3 ec.gp.GPIndividual@1188232679{286859344} 45.0 11217.0 10054.0 0.1156753530932962 5 30 21.0 0.0 0.1156753530932962 0
3 ec.gp.GPIndividual@1483063160{-1150716170} 684.0 8767.0 8387.0 0.04530821509478956 5 58 21.0 0.0 0.04530821509478956 0
3 ec.gp.GPIndividual@2123404169{1970203063} 656.0 8624.0 8387.0 0.028258018361750327 5 20 21.0 0.0 0.028258018361750327 0
3 ec.gp.GPIndividual@1188232679{286859344} 289.0 19584.0 8387.0 1.3350423274114702 5 30 21.0 0.0 1.3350423274114702 0
3 ec.gp.GPIndividual@1483063160{-1150716170} 84.0 19584.0 14578.0 0.3433941555768967 5 58 21.0 0.0 0.3433941555768967 0
3 ec.gp.GPIndividual@2123404169{1970203063} 105.0 18619.0 14578.0 0.2771985183152696 5 20 21.0 0.0 0.2771985183152696 0
3 ec.gp.GPIndividual@1188232679{286859344} 72.0 19584.0 14578.0 0.3433941555768967 5 30 21.0 0.0 0.3433941555768967 0
3 ec.gp.GPIndividual@407062438{-1527247731} 619.0 15017.0 14578.0 0.03011387021539306 5 34 21.0 0.0 0.03011387021539306 0
3 ec.gp.GPIndividual@1411326742{1848285442} 527.0 10033.0 8160.0 0.22953431372549019 5 17 21.0 0.0 0.22953431372549019 0
3 ec.gp.GPIndividual@1483063160{-1150716170} 197.0 12610.0 10861.0 0.16103489549765215 5 58 21.0 0.0 0.16103489549765215 0
3 ec.gp.GPIndividual@1411326742{1848285442} 48.0 19584.0 12802.0 0.52976097484768 5 17 21.0 0.0 0.52976097484768 0
3 ec.gp.GPIndividual@1188232679{286859344} 231.0 12610.0 10861.0 0.16103489549765215 5 30 21.0 0.0 0.16103489549765215 0
3 ec.gp.GPIndividual@2123404169{1970203063} 343.0 11658.0 10861.0 0.07338182487800386 5 20 21.0 0.0 0.07338182487800386 0
3 ec.gp.GPIndividual@1411326742{1848285442} 199.0 11590.0 10087.0 0.14900366808763754 5 17 21.0 0.0 0.14900366808763754 0
3 ec.gp.GPIndividual@1188232679{286859344} 514.0 10033.0 8160.0 0.22953431372549019 5 30 21.0 0.0 0.22953431372549019 0
3 ec.gp.GPIndividual@407062438{-1527247731} 764.0 11066.0 10861.0 0.018874873400239387 5 34 21.0 0.0 0.018874873400239387 0
3 ec.gp.GPIndividual@1188232679{286859344} 50.0 19584.0 12802.0 0.52976097484768 5 30 21.0 0.0 0.52976097484768 0
3 ec.gp.GPIndividual@1411326742{1848285442} 515.0 8328.0 8317.0 0.0013225922808705061 5 17 21.0 0.0 0.0013225922808705061 0
3 ec.gp.GPIndividual@335010865{-587005295} 2052.0 12916.0 10861.0 0.18920909676825337 5 35 21.0 0.0 0.18920909676825337 0
3 ec.gp.GPIndividual@1188232679{286859344} 176.0 11590.0 10087.0 0.14900366808763754 5 30 21.0 0.0 0.14900366808763754 0
3 ec.gp.GPIndividual@1483063160{-1150716170} 824.0 8347.0 8160.0 0.022916666666666665 5 58 21.0 0.0 0.022916666666666665 0
3 ec.gp.GPIndividual@2123404169{1970203063} 671.0 10033.0 8160.0 0.22953431372549019 5 20 21.0 0.0 0.22953431372549019 0
3 ec.gp.GPIndividual@1483063160{-1150716170} 81.0 19584.0 12802.0 0.52976097484768 5 58 21.0 0.0 0.52976097484768 0
3 ec.gp.GPIndividual@2123404169{1970203063} 60.0 18424.0 12802.0 0.4391501327917513 5 20 21.0 0.0 0.4391501327917513 0
3 ec.gp.GPIndividual@407062438{-1527247731} 545.0 10033.0 8160.0 0.22953431372549019 5 34 21.0 0.0 0.22953431372549019 0
3 ec.gp.GPIndividual@2123404169{1970203063} 274.0 11159.0 10087.0 0.10627540398532764 5 20 21.0 0.0 0.10627540398532764 0
3 ec.gp.GPIndividual@1483063160{-1150716170} 307.0 11159.0 10087.0 0.10627540398532764 5 58 21.0 0.0 0.10627540398532764 0
3 ec.gp.GPIndividual@1188232679{286859344} 461.0 8328.0 8317.0 0.0013225922808705061 5 30 21.0 0.0 0.0013225922808705061 0
3 ec.gp.GPIndividual@73330182{-709368480} 2.0 11908.0 10054.0 0.18440421722697434 5 21 21.0 0.0 0.18440421722697434 0
3 ec.gp.GPIndividual@73330182{-709368480} 2.0 10624.0 8387.0 0.2667223083343269 5 21 21.0 0.0 0.2667223083343269 0
3 ec.gp.GPIndividual@73330182{-709368480} 2.0 14972.0 14578.0 0.02702702702702703 5 21 21.0 0.0 0.02702702702702703 0
3 ec.gp.GPIndividual@73330182{-709368480} 1.0 13969.0 10861.0 0.2861614952582635 5 21 21.0 0.0 0.2861614952582635 0
3 ec.gp.GPIndividual@73330182{-709368480} 1.0 10889.0 8160.0 0.3344362745098039 5 21 21.0 0.0 0.3344362745098039 0
3 ec.gp.GPIndividual@73330182{-709368480} 2.0 15397.0 12802.0 0.20270270270270271 5 21 21.0 0.0 0.20270270270270271 0
3 ec.gp.GPIndividual@73330182{-709368480} 1.0 13260.0 10087.0 0.3145632992961237 5 21 21.0 0.0 0.3145632992961237 0
3 ec.gp.GPIndividual@73330182{-709368480} 2.0 10924.0 8317.0 0.31345437056631 5 21 21.0 0.0 0.31345437056631 0
3 ec.gp.GPIndividual@851710405{1942374879} 391.0 10449.0 10054.0 0.03928784563357868 5 25 21.0 0.0 0.03928784563357868 0
3 ec.gp.GPIndividual@1483063160{-1150716170} 513.0 8328.0 8317.0 0.0013225922808705061 5 58 21.0 0.0 0.0013225922808705061 0
3 ec.gp.GPIndividual@1509224977{-1991326245} 0.0 104262.0 10054.0 0.9556395464491745 2 3 21.0 0.0 0.9556395464491745 0
3 ec.gp.GPIndividual@1509224977{-1991326245} 0.0 104262.0 8387.0 0.9468224633361154 2 3 21.0 0.0 0.9468224633361154 0
3 ec.gp.GPIndividual@1509224977{-1991326245} 0.0 104262.0 14578.0 0.9694059541775277 2 3 21.0 0.0 0.9694059541775277 0
3 ec.gp.GPIndividual@1509224977{-1991326245} 0.0 104262.0 10861.0 0.9589356412853328 2 3 21.0 0.0 0.9589356412853328 0
3 ec.gp.GPIndividual@1509224977{-1991326245} 0.0 104262.0 8160.0 0.9453431372549019 2 3 21.0 0.0 0.9453431372549019 0
3 ec.gp.GPIndividual@1509224977{-1991326245} 0.0 104262.0 12802.0 0.9651616934853929 2 3 21.0 0.0 0.9651616934853929 0
3 ec.gp.GPIndividual@1509224977{-1991326245} 0.0 104262.0 10087.0 0.9557846733419253 2 3 21.0 0.0 0.9557846733419253 0
3 ec.gp.GPIndividual@1509224977{-1991326245} 0.0 104262.0 8317.0 0.9463748947937959 2 3 21.0 0.0 0.9463748947937959 0
3 ec.gp.GPIndividual@136047370{1570779207} 0.0 88986.0 10054.0 0.8446389496717724 4 17 21.0 0.0 0.8446389496717724 0
3 ec.gp.GPIndividual@136047370{1570779207} 0.0 88886.0 8387.0 0.8256826040300465 4 17 21.0 0.0 0.8256826040300465 0
3 ec.gp.GPIndividual@136047370{1570779207} 0.0 89021.0 14578.0 0.8904513650706544 4 17 21.0 0.0 0.8904513650706544 0
3 ec.gp.GPIndividual@136047370{1570779207} 0.0 88986.0 10861.0 0.856182671945493 4 17 21.0 0.0 0.856182671945493 0
3 ec.gp.GPIndividual@136047370{1570779207} 0.0 88822.0 8160.0 0.8286764705882353 4 17 21.0 0.0 0.8286764705882353 0
3 ec.gp.GPIndividual@136047370{1570779207} 0.0 89021.0 12802.0 0.8752538665833464 4 17 21.0 0.0 0.8752538665833464 0
3 ec.gp.GPIndividual@136047370{1570779207} 0.0 88986.0 10087.0 0.8451472191930207 4 17 21.0 0.0 0.8451472191930207 0
3 ec.gp.GPIndividual@136047370{1570779207} 0.0 88822.0 8317.0 0.8319105446675484 4 17 21.0 0.0 0.8319105446675484 0
3 ec.gp.GPIndividual@1760422346{-1446438390} 0.0 94430.0 10054.0 0.8466282076785359 3 5 21.0 0.0 0.8466282076785359 0
3 ec.gp.GPIndividual@1760422346{-1446438390} 0.0 94430.0 8387.0 0.8161440324311434 3 5 21.0 0.0 0.8161440324311434 0
3 ec.gp.GPIndividual@1760422346{-1446438390} 0.0 94954.0 14578.0 0.8582795993963507 3 5 21.0 0.0 0.8582795993963507 0
3 ec.gp.GPIndividual@1760422346{-1446438390} 0.0 94780.0 10861.0 0.8257987293987662 3 5 21.0 0.0 0.8257987293987662 0
3 ec.gp.GPIndividual@1760422346{-1446438390} 0.0 94339.0 8160.0 0.8221813725490196 3 5 21.0 0.0 0.8221813725490196 0
3 ec.gp.GPIndividual@1760422346{-1446438390} 0.0 94780.0 12802.0 0.8522105920949852 3 5 21.0 0.0 0.8522105920949852 0
3 ec.gp.GPIndividual@1760422346{-1446438390} 0.0 94510.0 10087.0 0.8391989689699614 3 5 21.0 0.0 0.8391989689699614 0
3 ec.gp.GPIndividual@1760422346{-1446438390} 0.0 94339.0 8317.0 0.8255380545869905 3 5 21.0 0.0 0.8255380545869905 0
3 ec.gp.GPIndividual@486938064{-1737474526} 1.0 13459.0 10054.0 0.33867117565148197 4 19 21.0 0.0 0.33867117565148197 0
3 ec.gp.GPIndividual@486938064{-1737474526} 1.0 11601.0 8387.0 0.3832121139859306 4 19 21.0 0.0 0.3832121139859306 0
3 ec.gp.GPIndividual@486938064{-1737474526} 2.0 16424.0 14578.0 0.1266291672383043 4 19 21.0 0.0 0.1266291672383043 0
3 ec.gp.GPIndividual@486938064{-1737474526} 1.0 14059.0 10861.0 0.29444802504373446 4 19 21.0 0.0 0.29444802504373446 0
3 ec.gp.GPIndividual@486938064{-1737474526} 1.0 11788.0 8160.0 0.4446078431372549 4 19 21.0 0.0 0.4446078431372549 0
3 ec.gp.GPIndividual@486938064{-1737474526} 7.0 14979.0 12802.0 0.17005155444461803 4 19 21.0 0.0 0.17005155444461803 0
3 ec.gp.GPIndividual@486938064{-1737474526} 1.0 13602.0 10087.0 0.3484683255675622 4 19 21.0 0.0 0.3484683255675622 0
3 ec.gp.GPIndividual@486938064{-1737474526} 1.0 11774.0 8317.0 0.4156546831790309 4 19 21.0 0.0 0.4156546831790309 0
3 ec.gp.GPIndividual@1671174171{-750876019} 36.0 11217.0 10054.0 0.1156753530932962 5 25 21.0 0.0 0.1156753530932962 0
3 ec.gp.GPIndividual@2123404169{1970203063} 648.0 8328.0 8317.0 0.0013225922808705061 5 20 21.0 0.0 0.0013225922808705061 0
3 ec.gp.GPIndividual@335010865{-587005295} 1233.0 8347.0 8160.0 0.022916666666666665 5 35 21.0 0.0 0.022916666666666665 0
3 ec.gp.GPIndividual@407062438{-1527247731} 943.0 12851.0 12802.0 0.0038275269489142323 5 34 21.0 0.0 0.0038275269489142323 0
3 ec.gp.GPIndividual@1037756520{983957844} 281.0 12010.0 10054.0 0.19454943306146807 5 45 21.0 0.0 0.19454943306146807 0
3 ec.gp.GPIndividual@1671174171{-750876019} 335.0 8767.0 8387.0 0.04530821509478956 5 25 21.0 0.0 0.04530821509478956 0
3 ec.gp.GPIndividual@1671174171{-750876019} 83.0 15549.0 14578.0 0.06660721635340924 5 25 21.0 0.0 0.06660721635340924 0
3 ec.gp.GPIndividual@1671174171{-750876019} 126.0 11280.0 10861.0 0.03857839977902587 5 25 21.0 0.0 0.03857839977902587 0
3 ec.gp.GPIndividual@851710405{1942374879} 797.0 8767.0 8387.0 0.04530821509478956 5 25 21.0 0.0 0.04530821509478956 0
3 ec.gp.GPIndividual@407062438{-1527247731} 448.0 10555.0 10087.0 0.04639635173986319 5 34 21.0 0.0 0.04639635173986319 0
3 ec.gp.GPIndividual@851710405{1942374879} 273.0 15229.0 14578.0 0.04465633145836192 5 25 21.0 0.0 0.04465633145836192 0
3 ec.gp.GPIndividual@1671174171{-750876019} 517.0 8564.0 8160.0 0.049509803921568625 5 25 21.0 0.0 0.049509803921568625 0
3 ec.gp.GPIndividual@851710405{1942374879} 120.0 11280.0 10861.0 0.03857839977902587 5 25 21.0 0.0 0.03857839977902587 0
3 ec.gp.GPIndividual@1671174171{-750876019} 59.0 14590.0 12802.0 0.13966567723793158 5 25 21.0 0.0 0.13966567723793158 0
3 ec.gp.GPIndividual@1671174171{-750876019} 129.0 10974.0 10087.0 0.08793496579756122 5 25 21.0 0.0 0.08793496579756122 0
3 ec.gp.GPIndividual@1037756520{983957844} 1100.0 10760.0 8387.0 0.2829378800524621 5 45 21.0 0.0 0.2829378800524621 0
3 ec.gp.GPIndividual@335010865{-587005295} 1244.0 12802.0 12802.0 0.0 5 35 21.0 0.0 0.0 1
3 ec.gp.GPIndividual@1671174171{-750876019} 414.0 8328.0 8317.0 0.0013225922808705061 5 25 21.0 0.0 0.0013225922808705061 0
3 ec.gp.GPIndividual@335010865{-587005295} 169.0 11590.0 10087.0 0.14900366808763754 5 35 21.0 0.0 0.14900366808763754 1
3 ec.gp.GPIndividual@851710405{1942374879} 669.0 8564.0 8160.0 0.049509803921568625 5 25 21.0 0.0 0.049509803921568625 0
3 ec.gp.GPIndividual@851710405{1942374879} 90.0 14590.0 12802.0 0.13966567723793158 5 25 21.0 0.0 0.13966567723793158 0
3 ec.gp.GPIndividual@335010865{-587005295} 475.0 8328.0 8317.0 0.0013225922808705061 5 35 21.0 0.0 0.0013225922808705061 1
3 ec.gp.GPIndividual@1037756520{983957844} 728.0 16068.0 14578.0 0.10220880779256414 5 45 21.0 0.0 0.10220880779256414 0
3 ec.gp.GPIndividual@851710405{1942374879} 348.0 10482.0 10087.0 0.039159313968474274 5 25 21.0 0.0 0.039159313968474274 0
3 ec.gp.GPIndividual@763303960{-885960580} 376.0 10449.0 10054.0 0.03928784563357868 5 38 21.0 0.0 0.03928784563357868 0
3 ec.gp.GPIndividual@763303960{-885960580} 311.0 8767.0 8387.0 0.04530821509478956 5 38 21.0 0.0 0.04530821509478956 0
3 ec.gp.GPIndividual@851710405{1942374879} 643.0 8328.0 8317.0 0.0013225922808705061 5 25 21.0 0.0 0.0013225922808705061 0
3 ec.gp.GPIndividual@763303960{-885960580} 79.0 15613.0 14578.0 0.07099739333241871 5 38 21.0 0.0 0.07099739333241871 0
3 ec.gp.GPIndividual@763303960{-885960580} 352.0 11066.0 10861.0 0.018874873400239387 5 38 21.0 0.0 0.018874873400239387 0
3 ec.gp.GPIndividual@407062438{-1527247731} 2704.0 8328.0 8317.0 0.0013225922808705061 5 34 21.0 0.0 0.0013225922808705061 0
3 ec.gp.GPIndividual@266415925{697869484} 44.0 11217.0 10054.0 0.1156753530932962 5 28 21.0 0.0 0.1156753530932962 0
3 ec.gp.GPIndividual@266415925{697869484} 282.0 8767.0 8387.0 0.04530821509478956 5 28 21.0 0.0 0.04530821509478956 0
3 ec.gp.GPIndividual@266415925{697869484} 81.0 15549.0 14578.0 0.06660721635340924 5 28 21.0 0.0 0.06660721635340924 0
3 ec.gp.GPIndividual@266415925{697869484} 114.0 11280.0 10861.0 0.03857839977902587 5 28 21.0 0.0 0.03857839977902587 0
3 ec.gp.GPIndividual@763303960{-885960580} 1024.0 8498.0 8160.0 0.04142156862745098 5 38 21.0 0.0 0.04142156862745098 0
3 ec.gp.GPIndividual@266415925{697869484} 439.0 8564.0 8160.0 0.049509803921568625 5 28 21.0 0.0 0.049509803921568625 0
3 ec.gp.GPIndividual@763303960{-885960580} 153.0 13803.0 12802.0 0.07819090767067646 5 38 21.0 0.0 0.07819090767067646 0
3 ec.gp.GPIndividual@266415925{697869484} 83.0 14590.0 12802.0 0.13966567723793158 5 28 21.0 0.0 0.13966567723793158 0
3 ec.gp.GPIndividual@266415925{697869484} 106.0 10974.0 10087.0 0.08793496579756122 5 28 21.0 0.0 0.08793496579756122 0
3 ec.gp.GPIndividual@763303960{-885960580} 296.0 10594.0 10087.0 0.05026271438485179 5 38 21.0 0.0 0.05026271438485179 0
3 ec.gp.GPIndividual@266415925{697869484} 346.0 8328.0 8317.0 0.0013225922808705061 5 28 21.0 0.0 0.0013225922808705061 0
3 ec.gp.GPIndividual@1936611662{-2126360786} 338.0 10449.0 10054.0 0.03928784563357868 5 36 21.0 0.0 0.03928784563357868 0
3 ec.gp.GPIndividual@1037756520{983957844} 3417.0 12292.0 10861.0 0.13175582358898813 5 45 21.0 0.0 0.13175582358898813 0
3 ec.gp.GPIndividual@763303960{-885960580} 1107.0 8328.0 8317.0 0.0013225922808705061 5 38 21.0 0.0 0.0013225922808705061 0
3 ec.gp.GPIndividual@1158670932{1180618680} 244.0 12010.0 10054.0 0.19454943306146807 5 45 21.0 0.0 0.19454943306146807 0
3 ec.gp.GPIndividual@1936611662{-2126360786} 1138.0 8560.0 8387.0 0.020627161082627875 5 36 21.0 0.0 0.020627161082627875 0
3 ec.gp.GPIndividual@1936611662{-2126360786} 87.0 15549.0 14578.0 0.06660721635340924 5 36 21.0 0.0 0.06660721635340924 0
3 ec.gp.GPIndividual@1158670932{1180618680} 441.0 10936.0 8387.0 0.3039227375700489 5 45 21.0 0.0 0.3039227375700489 0
3 ec.gp.GPIndividual@1037756520{983957844} 996.0 9574.0 8160.0 0.1732843137254902 5 45 21.0 0.0 0.1732843137254902 0
3 ec.gp.GPIndividual@1936611662{-2126360786} 115.0 11280.0 10861.0 0.03857839977902587 5 36 21.0 0.0 0.03857839977902587 0
3 ec.gp.GPIndividual@1158670932{1180618680} 257.0 15204.0 14578.0 0.04294141857593634 5 45 21.0 0.0 0.04294141857593634 0
3 ec.gp.GPIndividual@1037756520{983957844} 293.0 14640.0 12802.0 0.1435713169817216 5 45 21.0 0.0 0.1435713169817216 0
3 ec.gp.GPIndividual@1936611662{-2126360786} 718.0 8446.0 8160.0 0.03504901960784314 5 36 21.0 0.0 0.03504901960784314 0
3 ec.gp.GPIndividual@1037756520{983957844} 587.0 10383.0 10087.0 0.02934470110042629 5 45 21.0 0.0 0.02934470110042629 0
3 ec.gp.GPIndividual@1936611662{-2126360786} 93.0 14590.0 12802.0 0.13966567723793158 5 36 21.0 0.0 0.13966567723793158 0
3 ec.gp.GPIndividual@1936611662{-2126360786} 308.0 10482.0 10087.0 0.039159313968474274 5 36 21.0 0.0 0.039159313968474274 0
3 ec.gp.GPIndividual@1158670932{1180618680} 3542.0 12913.0 10861.0 0.18893287910873768 5 45 21.0 0.0 0.18893287910873768 0
3 ec.gp.GPIndividual@1936611662{-2126360786} 2947.0 8328.0 8317.0 0.0013225922808705061 5 36 21.0 0.0 0.0013225922808705061 0
3 ec.gp.GPIndividual@1896873405{2030789808} 0.0 87457.0 10054.0 0.45325243684105826 4 14 21.0 0.0 0.45325243684105826 0
3 ec.gp.GPIndividual@1896873405{2030789808} 0.0 87457.0 8387.0 0.3445808990103732 4 14 21.0 0.0 0.3445808990103732 0
3 ec.gp.GPIndividual@1896873405{2030789808} 0.0 87491.0 14578.0 0.6205926738921663 4 14 21.0 0.0 0.6205926738921663 0
3 ec.gp.GPIndividual@1896873405{2030789808} 0.0 87457.0 10861.0 0.4938771752140687 4 14 21.0 0.0 0.4938771752140687 0
3 ec.gp.GPIndividual@1896873405{2030789808} 0.0 87457.0 8160.0 0.3263480392156863 4 14 21.0 0.0 0.3263480392156863 0
3 ec.gp.GPIndividual@1896873405{2030789808} 0.0 87458.0 12802.0 0.570535853772848 4 14 21.0 0.0 0.570535853772848 0
3 ec.gp.GPIndividual@1896873405{2030789808} 0.0 87457.0 10087.0 0.45504114206404284 4 14 21.0 0.0 0.45504114206404284 0
3 ec.gp.GPIndividual@1896873405{2030789808} 0.0 87457.0 8317.0 0.3390645665504389 4 14 21.0 0.0 0.3390645665504389 0
3 ec.gp.GPIndividual@1945369165{1898692838} 35.0 11217.0 10054.0 0.1156753530932962 5 36 21.0 0.0 0.1156753530932962 0
3 ec.gp.GPIndividual@1945369165{1898692838} 313.0 8767.0 8387.0 0.04530821509478956 5 36 21.0 0.0 0.04530821509478956 0
3 ec.gp.GPIndividual@1945369165{1898692838} 74.0 15613.0 14578.0 0.07099739333241871 5 36 21.0 0.0 0.07099739333241871 0
3 ec.gp.GPIndividual@1945369165{1898692838} 189.0 12610.0 10861.0 0.16103489549765215 5 36 21.0 0.0 0.16103489549765215 0
3 ec.gp.GPIndividual@1037756520{983957844} 4109.0 10465.0 8317.0 0.2582662017554407 5 45 21.0 0.0 0.2582662017554407 0
3 ec.gp.GPIndividual@1945369165{1898692838} 444.0 10033.0 8160.0 0.22953431372549019 5 36 21.0 0.0 0.22953431372549019 0
3 ec.gp.GPIndividual@1945369165{1898692838} 67.0 19584.0 12802.0 0.52976097484768 5 36 21.0 0.0 0.52976097484768 0
3 ec.gp.GPIndividual@1927732473{-680387590} 418.0 9246.0 10054.0 0.08036602347324448 5 32 21.0 0.0 0.08036602347324448 0
3 ec.gp.GPIndividual@1945369165{1898692838} 153.0 11590.0 10087.0 0.14900366808763754 5 36 21.0 0.0 0.14900366808763754 0
3 ec.gp.GPIndividual@1945369165{1898692838} 440.0 8328.0 8317.0 0.0013225922808705061 5 36 21.0 0.0 0.0013225922808705061 0
3 ec.gp.GPIndividual@1927732473{-680387590} 812.0 8560.0 8387.0 0.020627161082627875 5 32 21.0 0.0 0.020627161082627875 0
3 ec.gp.GPIndividual@1927732473{-680387590} 184.0 15443.0 14578.0 0.05933598573192482 5 32 21.0 0.0 0.05933598573192482 0
3 ec.gp.GPIndividual@1927732473{-680387590} 267.0 11658.0 10861.0 0.07338182487800386 5 32 21.0 0.0 0.07338182487800386 0
3 ec.gp.GPIndividual@1927732473{-680387590} 660.0 8347.0 8160.0 0.022916666666666665 5 32 21.0 0.0 0.022916666666666665 0
3 ec.gp.GPIndividual@1927732473{-680387590} 170.0 13688.0 12802.0 0.06920793625995939 5 32 21.0 0.0 0.06920793625995939 0
3 ec.gp.GPIndividual@1927732473{-680387590} 239.0 11159.0 10087.0 0.10627540398532764 5 32 21.0 0.0 0.10627540398532764 0
3 ec.gp.GPIndividual@1158670932{1180618680} 4161.0 8222.0 8160.0 0.007598039215686274 5 45 21.0 0.0 0.007598039215686274 0
3 ec.gp.GPIndividual@1158670932{1180618680} 224.0 13688.0 12802.0 0.06920793625995939 5 45 21.0 0.0 0.06920793625995939 0
3 ec.gp.GPIndividual@1927732473{-680387590} 1196.0 8328.0 8317.0 0.0013225922808705061 5 32 21.0 0.0 0.0013225922808705061 0
3 ec.gp.GPIndividual@1513821019{-647520591} 1.0 13459.0 10054.0 0.33867117565148197 4 19 21.0 0.0 0.33867117565148197 0
3 ec.gp.GPIndividual@1513821019{-647520591} 1.0 11601.0 8387.0 0.3832121139859306 4 19 21.0 0.0 0.3832121139859306 0
3 ec.gp.GPIndividual@1513821019{-647520591} 2.0 16424.0 14578.0 0.1266291672383043 4 19 21.0 0.0 0.1266291672383043 0
3 ec.gp.GPIndividual@1513821019{-647520591} 1.0 14059.0 10861.0 0.29444802504373446 4 19 21.0 0.0 0.29444802504373446 0
3 ec.gp.GPIndividual@1513821019{-647520591} 1.0 11788.0 8160.0 0.4446078431372549 4 19 21.0 0.0 0.4446078431372549 0
3 ec.gp.GPIndividual@1513821019{-647520591} 1.0 14979.0 12802.0 0.17005155444461803 4 19 21.0 0.0 0.17005155444461803 0
3 ec.gp.GPIndividual@1513821019{-647520591} 1.0 13602.0 10087.0 0.3484683255675622 4 19 21.0 0.0 0.3484683255675622 0
3 ec.gp.GPIndividual@1513821019{-647520591} 1.0 11774.0 8317.0 0.4156546831790309 4 19 21.0 0.0 0.4156546831790309 0
3 ec.gp.GPIndividual@541970254{1475797780} 37.0 10822.0 10054.0 0.07638750745971752 5 50 21.0 0.0 0.07638750745971752 0
3 ec.gp.GPIndividual@541970254{1475797780} 312.0 8624.0 8387.0 0.028258018361750327 5 50 21.0 0.0 0.028258018361750327 0
3 ec.gp.GPIndividual@541970254{1475797780} 75.0 15613.0 14578.0 0.07099739333241871 5 50 21.0 0.0 0.07099739333241871 0
3 ec.gp.GPIndividual@541970254{1475797780} 172.0 12100.0 10861.0 0.11407789337998343 5 50 21.0 0.0 0.11407789337998343 0
3 ec.gp.GPIndividual@1158670932{1180618680} 1686.0 10087.0 10087.0 0.0 5 45 21.0 0.0 0.0 1
3 ec.gp.GPIndividual@541970254{1475797780} 417.0 10033.0 8160.0 0.22953431372549019 5 50 21.0 0.0 0.22953431372549019 0
3 ec.gp.GPIndividual@541970254{1475797780} 99.0 13688.0 12802.0 0.06920793625995939 5 50 21.0 0.0 0.06920793625995939 0
3 ec.gp.GPIndividual@541970254{1475797780} 152.0 11590.0 10087.0 0.14900366808763754 5 50 21.0 0.0 0.14900366808763754 0
3 ec.gp.GPIndividual@541970254{1475797780} 413.0 8328.0 8317.0 0.0013225922808705061 5 50 21.0 0.0 0.0013225922808705061 0
3 ec.gp.GPIndividual@1158670932{1180618680} 12907.0 10465.0 8317.0 0.2582662017554407 5 45 21.0 0.0 0.2582662017554407 1
3 ec.gp.GPIndividual@561053623{2069861741} 38.0 13102.0 10054.0 0.3031629202307539 5 65 21.0 0.0 0.3031629202307539 0
3 ec.gp.GPIndividual@561053623{2069861741} 274.0 11079.0 8387.0 0.3209729343030881 5 65 21.0 0.0 0.3209729343030881 0
3 ec.gp.GPIndividual@561053623{2069861741} 76.0 16873.0 14578.0 0.1574290026066676 5 65 21.0 0.0 0.1574290026066676 0
3 ec.gp.GPIndividual@561053623{2069861741} 90.0 12538.0 10861.0 0.15440567166927538 5 65 21.0 0.0 0.15440567166927538 0
3 ec.gp.GPIndividual@561053623{2069861741} 327.0 10763.0 8160.0 0.31899509803921566 5 65 21.0 0.0 0.31899509803921566 0
3 ec.gp.GPIndividual@561053623{2069861741} 98.0 14386.0 12802.0 0.12373066708326824 5 65 21.0 0.0 0.12373066708326824 0
3 ec.gp.GPIndividual@561053623{2069861741} 95.0 11575.0 10087.0 0.1475166055318727 5 65 21.0 0.0 0.1475166055318727 0
3 ec.gp.GPIndividual@561053623{2069861741} 326.0 10295.0 8317.0 0.23782613923289647 5 65 21.0 0.0 0.23782613923289647 0
3 ec.gp.GPIndividual@206289404{1096406825} 329.0 10449.0 10054.0 0.03928784563357868 5 27 21.0 0.0 0.03928784563357868 0
3 ec.gp.GPIndividual@206289404{1096406825} 1359.0 8528.0 8387.0 0.016811732443066652 5 27 21.0 0.0 0.016811732443066652 0
3 ec.gp.GPIndividual@206289404{1096406825} 297.0 15194.0 14578.0 0.04225545342296611 5 27 21.0 0.0 0.04225545342296611 0
3 ec.gp.GPIndividual@206289404{1096406825} 7292.0 11063.0 10861.0 0.01859865574072369 5 27 21.0 0.0 0.01859865574072369 0
3 ec.gp.GPIndividual@206289404{1096406825} 916.0 8347.0 8160.0 0.022916666666666665 5 27 21.0 0.0 0.022916666666666665 0
3 ec.gp.GPIndividual@206289404{1096406825} 363.0 13661.0 12802.0 0.06709889079831276 5 27 21.0 0.0 0.06709889079831276 0
3 ec.gp.GPIndividual@206289404{1096406825} 295.0 10482.0 10087.0 0.039159313968474274 5 27 21.0 0.0 0.039159313968474274 0
3 ec.gp.GPIndividual@206289404{1096406825} 8755.0 8328.0 8317.0 0.0013225922808705061 5 27 21.0 0.0 0.0013225922808705061 0
3 ec.gp.GPIndividual@1503780789{1282610992} 159.0 10959.0 10054.0 0.09001392480604735 5 21 21.0 0.0 0.09001392480604735 0
3 ec.gp.GPIndividual@1503780789{1282610992} 762.0 8560.0 8387.0 0.020627161082627875 5 21 21.0 0.0 0.020627161082627875 0
3 ec.gp.GPIndividual@1503780789{1282610992} 176.0 15443.0 14578.0 0.05933598573192482 5 21 21.0 0.0 0.05933598573192482 0
3 ec.gp.GPIndividual@1503780789{1282610992} 261.0 11658.0 10861.0 0.07338182487800386 5 21 21.0 0.0 0.07338182487800386 0
3 ec.gp.GPIndividual@1503780789{1282610992} 635.0 8347.0 8160.0 0.022916666666666665 5 21 21.0 0.0 0.022916666666666665 0
3 ec.gp.GPIndividual@1503780789{1282610992} 209.0 13661.0 12802.0 0.06709889079831276 5 21 21.0 0.0 0.06709889079831276 0
3 ec.gp.GPIndividual@1503780789{1282610992} 230.0 11159.0 10087.0 0.10627540398532764 5 21 21.0 0.0 0.10627540398532764 0
3 ec.gp.GPIndividual@1503780789{1282610992} 8766.0 8328.0 8317.0 0.0013225922808705061 5 21 21.0 0.0 0.0013225922808705061 0
3 ec.gp.GPIndividual@1665581983{-1336984978} 163.0 10959.0 10054.0 0.09001392480604735 5 39 21.0 0.0 0.09001392480604735 0
3 ec.gp.GPIndividual@1665581983{-1336984978} 762.0 8560.0 8387.0 0.020627161082627875 5 39 21.0 0.0 0.020627161082627875 0
3 ec.gp.GPIndividual@1665581983{-1336984978} 177.0 15443.0 14578.0 0.05933598573192482 5 39 21.0 0.0 0.05933598573192482 0
3 ec.gp.GPIndividual@1665581983{-1336984978} 258.0 11658.0 10861.0 0.07338182487800386 5 39 21.0 0.0 0.07338182487800386 0
3 ec.gp.GPIndividual@1665581983{-1336984978} 642.0 8347.0 8160.0 0.022916666666666665 5 39 21.0 0.0 0.022916666666666665 0
3 ec.gp.GPIndividual@1665581983{-1336984978} 205.0 13661.0 12802.0 0.06709889079831276 5 39 21.0 0.0 0.06709889079831276 0
3 ec.gp.GPIndividual@1665581983{-1336984978} 231.0 11159.0 10087.0 0.10627540398532764 5 39 21.0 0.0 0.10627540398532764 0
3 ec.gp.GPIndividual@1665581983{-1336984978} 8830.0 8328.0 8317.0 0.0013225922808705061 5 39 21.0 0.0 0.0013225922808705061 0
4 ec.gp.GPIndividual@1146408755{-929607849} 0.0 109280.0 10054.0 1.0 4 ec.gp.GPIndividual@873000153{454201231} 0.0 97094.0 10054.0 0.5816590411776408 5 13 21.0 0.0 2 3 21.0 0.0 1.0 0
4 ec.gp.GPIndividual@1245641351{181695542} 0.0 0.5816590411776408 0
85472.0 10054.0 0.6506862940123334 4 15 21.0 0.0 0.6506862940123334 0
4 ec.gp.GPIndividual@1146408755{-929607849} 0.0 109280.0 8387.0 1.0 4 ec.gp.GPIndividual@873000153{454201231} 2 3 21.0 0.0 0.0 1.0 0
4 ec.gp.GPIndividual@1245641351{181695542} 0.0 85472.0 8387.0 0.5812567068081554 97094.0 8387.0 0.4985095981876714 4 15 21.0 0.0 0.5812567068081554 0
4 ec.gp.GPIndividual@1146408755{-929607849} 0.0 5 13 21.0 0.0 109280.0 14578.0 1.0 2 3 21.0 0.0 1.0 0
0.4985095981876714 0
4 ec.gp.GPIndividual@1146408755{-929607849} 0.0 109280.0 10861.0 1.0 2 3 21.0 0.0 1.0 0
4 ec.gp.GPIndividual@873000153{454201231} 0.0 4 ec.gp.GPIndividual@1245641351{181695542} 97094.0 14578.0 0.7114830566607216 0.0 85943.0 14578.0 0.7267800795719578 5 13 21.0 0.0 4 15 21.0 0.0 0.7114830566607216 0
0.7267800795719578 0
4 ec.gp.GPIndividual@1146408755{-929607849} 0.0 109280.0 8160.0 1.0 2 3 21.0 0.0 1.0 0
4 ec.gp.GPIndividual@873000153{454201231} 0.0 97094.0 10861.0 0.6127428413589909 5 13 21.0 0.0 0.6127428413589909 0
4 ec.gp.GPIndividual@1146408755{-929607849} 0.0 109280.0 12802.0 1.0 2 3 21.0 0.0 4 ec.gp.GPIndividual@873000153{454201231} 1.0 0
0.0 4 ec.gp.GPIndividual@1245641351{181695542} 97094.0 10861.0 0.48455882352941176 0.0 5 13 21.0 0.0 85472.0 10861.0 0.6766411932602892 0.48455882352941176 0
4 15 21.0 0.0 0.6766411932602892 0
4 ec.gp.GPIndividual@1146408755{-929607849} 0.0 109280.0 10087.0 1.0 2 3 21.0 0.0 1.0 0
4 ec.gp.GPIndividual@873000153{454201231} 0.0 4 ec.gp.GPIndividual@1245641351{181695542} 97094.0 8160.0 0.6714575847523825 0.0 5 13 21.0 0.0 85472.0 8160.0 0.5696078431372549 0.6714575847523825 0
4 15 21.0 0.0 4 ec.gp.GPIndividual@1146408755{-929607849} 0.0 0.5696078431372549 0
109280.0 8317.0 1.0 2 3 21.0 0.0 1.0 0
4 ec.gp.GPIndividual@1245641351{181695542} 0.0 85472.0 10087.0 0.7256678643961881 4 15 21.0 0.0 0.7256678643961881 0
4 ec.gp.GPIndividual@873000153{454201231} 0.0 97094.0 10087.0 0.5830276593635372 5 13 21.0 0.0 0.5830276593635372 0
4 ec.gp.GPIndividual@873000153{454201231} 0.0 97094.0 8317.0 0.49428880605987735 5 13 21.0 0.0 0.49428880605987735 0
4 ec.gp.GPIndividual@1245641351{181695542} 0.0 85472.0 10087.0 0.6518290869435908 4 15 21.0 0.0 0.6518290869435908 0
4 ec.gp.GPIndividual@1245641351{181695542} 0.0 85472.0 8317.0 0.5777323554166166 4 15 21.0 0.0 0.5777323554166166 0
4 ec.gp.GPIndividual@858578987{-2078133018} 0.0 87457.0 10054.0 0.45325243684105826 4 14 21.0 0.0 0.45325243684105826 0
4 ec.gp.GPIndividual@243004973{1948675049} 0.0 104262.0 8387.0 0.9556395464491745 4 ec.gp.GPIndividual@858578987{-2078133018} 1 1 21.0 0.0 0.0 0.9556395464491745 0
87457.0 8387.0 0.3445808990103732 4 14 21.0 0.0 0.3445808990103732 0
4 ec.gp.GPIndividual@243004973{1948675049} 0.0 104262.0 8387.0 0.9468224633361154 1 1 21.0 0.0 0.9468224633361154 0
4 ec.gp.GPIndividual@858578987{-2078133018} 0.0 87491.0 14578.0 0.6205926738921663 4 14 21.0 0.0 0.6205926738921663 0
4 ec.gp.GPIndividual@243004973{1948675049} 0.0 104262.0 14578.0 0.9694059541775277 1 1 21.0 0.0 0.9694059541775277 0
4 ec.gp.GPIndividual@858578987{-2078133018} 0.0 87457.0 10861.0 0.4938771752140687 4 14 21.0 0.0 0.4938771752140687 0
4 ec.gp.GPIndividual@243004973{1948675049} 0.0 104262.0 10861.0 0.9589356412853328 1 1 21.0 0.0 0.9589356412853328 0
4 ec.gp.GPIndividual@858578987{-2078133018} 0.0 87457.0 8160.0 0.3263480392156863 4 14 21.0 0.0 0.3263480392156863 0
4 ec.gp.GPIndividual@243004973{1948675049} 0.0 104262.0 8160.0 0.9453431372549019 1 1 21.0 0.0 0.9453431372549019 0
4 ec.gp.GPIndividual@858578987{-2078133018} 0.0 87458.0 12802.0 0.570535853772848 4 14 21.0 0.0 0.570535853772848 0
4 ec.gp.GPIndividual@243004973{1948675049} 0.0 104262.0 12802.0 0.9651616934853929 1 1 21.0 0.0 0.9651616934853929 0
4 ec.gp.GPIndividual@858578987{-2078133018} 0.0 87457.0 10087.0 0.45504114206404284 4 14 21.0 0.0 0.45504114206404284 0
4 ec.gp.GPIndividual@243004973{1948675049} 0.0 104262.0 10087.0 0.9557846733419253 1 1 21.0 0.0 0.9557846733419253 0
4 ec.gp.GPIndividual@858578987{-2078133018} 0.0 87457.0 8317.0 0.3390645665504389 4 14 21.0 0.0 0.3390645665504389 0
4 ec.gp.GPIndividual@243004973{1948675049} 0.0 104262.0 8317.0 0.9463748947937959 1 1 21.0 0.0 0.9463748947937959 0
4 ec.gp.GPIndividual@835377457{-1667149361} 1.0 13459.0 10054.0 0.33867117565148197 4 19 21.0 0.0 0.33867117565148197 0
4 ec.gp.GPIndividual@835377457{-1667149361} 1.0 11601.0 8387.0 0.3832121139859306 4 19 21.0 0.0 0.3832121139859306 0
4 ec.gp.GPIndividual@835377457{-1667149361} 2.0 16424.0 14578.0 0.1266291672383043 4 19 21.0 0.0 0.1266291672383043 0
4 ec.gp.GPIndividual@835377457{-1667149361} 1.0 14059.0 10861.0 0.29444802504373446 4 19 21.0 0.0 0.29444802504373446 0
4 ec.gp.GPIndividual@835377457{-1667149361} 1.0 11788.0 8160.0 0.4446078431372549 4 19 21.0 0.0 0.4446078431372549 0
4 ec.gp.GPIndividual@835377457{-1667149361} 1.0 14979.0 12802.0 0.17005155444461803 4 19 21.0 0.0 0.17005155444461803 0
4 ec.gp.GPIndividual@835377457{-1667149361} 1.0 13602.0 10087.0 0.3484683255675622 4 19 21.0 0.0 0.3484683255675622 0
4 ec.gp.GPIndividual@835377457{-1667149361} 1.0 11774.0 8317.0 0.4156546831790309 4 19 21.0 0.0 0.4156546831790309 0
4 ec.gp.GPIndividual@2060439953{1667687936} 42.0 11217.0 10054.0 0.1156753530932962 5 18 21.0 0.0 0.1156753530932962 0
4 ec.gp.GPIndividual@506059531{1380240728} 201.0 10959.0 10054.0 0.09001392480604735 5 35 21.0 0.0 0.09001392480604735 0
4 ec.gp.GPIndividual@1621505834{39222931} 229.0 10959.0 10054.0 0.09001392480604735 5 27 21.0 0.0 0.09001392480604735 0
4 ec.gp.GPIndividual@1970142081{-863416372} 294.0 12010.0 10054.0 0.19454943306146807 5 41 21.0 0.0 0.19454943306146807 0
4 ec.gp.GPIndividual@2060439953{1667687936} 303.0 13517.0 8387.0 0.611660903779659 5 18 21.0 0.0 0.611660903779659 0
4 ec.gp.GPIndividual@1164776711{2051722639} 370.0 10959.0 10054.0 0.09001392480604735 5 31 21.0 0.0 0.09001392480604735 0
4 ec.gp.GPIndividual@2060439953{1667687936} 67.0 15644.0 14578.0 0.07312388530662642 5 18 21.0 0.0 0.07312388530662642 0
4 ec.gp.GPIndividual@506059531{1380240728} 296.0 13376.0 8387.0 0.5948491713365923 5 35 21.0 0.0 0.5948491713365923 0
4 ec.gp.GPIndividual@1621505834{39222931} 289.0 13517.0 8387.0 0.611660903779659 5 27 21.0 0.0 0.611660903779659 0
4 ec.gp.GPIndividual@2060439953{1667687936} 134.0 11280.0 10861.0 0.03857839977902587 5 18 21.0 0.0 0.03857839977902587 0
4 ec.gp.GPIndividual@506059531{1380240728} 72.0 15614.0 14578.0 0.07106598984771574 5 35 21.0 0.0 0.07106598984771574 0
4 ec.gp.GPIndividual@1621505834{39222931} 307.0 15229.0 14578.0 0.04465633145836192 5 27 21.0 0.0 0.04465633145836192 0
4 ec.gp.GPIndividual@506059531{1380240728} 302.0 11098.0 10861.0 0.02182119510174017 5 35 21.0 0.0 0.02182119510174017 0
4 ec.gp.GPIndividual@2060439953{1667687936} 525.0 8564.0 8160.0 0.049509803921568625 5 18 21.0 0.0 0.049509803921568625 0
4 ec.gp.GPIndividual@2060439953{1667687936} 43.0 14590.0 12802.0 0.13966567723793158 5 18 21.0 0.0 0.13966567723793158 0
4 ec.gp.GPIndividual@2060439953{1667687936} 128.0 10974.0 10087.0 0.08793496579756122 5 18 21.0 0.0 0.08793496579756122 0
4 ec.gp.GPIndividual@1970142081{-863416372} 1073.0 10760.0 8387.0 0.2829378800524621 5 41 21.0 0.0 0.2829378800524621 0
4 ec.gp.GPIndividual@1621505834{39222931} 544.0 11066.0 10861.0 0.018874873400239387 5 27 21.0 0.0 0.018874873400239387 0
4 ec.gp.GPIndividual@506059531{1380240728} 825.0 8675.0 8160.0 0.06311274509803921 5 35 21.0 0.0 0.06311274509803921 0
4 ec.gp.GPIndividual@2060439953{1667687936} 476.0 8328.0 8317.0 0.0013225922808705061 5 18 21.0 0.0 0.0013225922808705061 0
4 ec.gp.GPIndividual@506059531{1380240728} 39.0 13803.0 12802.0 0.07819090767067646 5 35 21.0 0.0 0.07819090767067646 0
4 ec.gp.GPIndividual@282257247{-1643373686} 43.0 10822.0 10054.0 0.07638750745971752 5 59 21.0 0.0 0.07638750745971752 0
4 ec.gp.GPIndividual@1621505834{39222931} 510.0 8564.0 8160.0 0.049509803921568625 5 27 21.0 0.0 0.049509803921568625 0
4 ec.gp.GPIndividual@1621505834{39222931} 78.0 14590.0 12802.0 0.13966567723793158 5 27 21.0 0.0 0.13966567723793158 0
4 ec.gp.GPIndividual@506059531{1380240728} 251.0 11263.0 10087.0 0.11658570437196392 5 35 21.0 0.0 0.11658570437196392 0
4 ec.gp.GPIndividual@282257247{-1643373686} 302.0 18390.0 8387.0 1.1926791462978419 5 59 21.0 0.0 1.1926791462978419 0
4 ec.gp.GPIndividual@1164776711{2051722639} 1729.0 8560.0 8387.0 0.020627161082627875 5 31 21.0 0.0 0.020627161082627875 0
4 ec.gp.GPIndividual@1621505834{39222931} 152.0 10974.0 10087.0 0.08793496579756122 5 27 21.0 0.0 0.08793496579756122 0
4 ec.gp.GPIndividual@282257247{-1643373686} 74.0 18619.0 14578.0 0.2771985183152696 5 59 21.0 0.0 0.2771985183152696 0
4 ec.gp.GPIndividual@207129970{-352381926} 2345.0 10350.0 10054.0 0.02944101850009946 5 31 21.0 0.0 0.02944101850009946 0
4 ec.gp.GPIndividual@282257247{-1643373686} 230.0 12100.0 10861.0 0.11407789337998343 5 59 21.0 0.0 0.11407789337998343 0
4 ec.gp.GPIndividual@1164776711{2051722639} 423.0 15314.0 14578.0 0.05048703525860886 5 31 21.0 0.0 0.05048703525860886 0
4 ec.gp.GPIndividual@1970142081{-863416372} 1509.0 16068.0 14578.0 0.10220880779256414 5 41 21.0 0.0 0.10220880779256414 0
4 ec.gp.GPIndividual@282257247{-1643373686} 528.0 10033.0 8160.0 0.22953431372549019 5 59 21.0 0.0 0.22953431372549019 0
4 ec.gp.GPIndividual@282257247{-1643373686} 38.0 18424.0 12802.0 0.4391501327917513 5 59 21.0 0.0 0.4391501327917513 0
4 ec.gp.GPIndividual@506059531{1380240728} 984.0 8466.0 8317.0 0.017915113622700492 5 35 21.0 0.0 0.017915113622700492 0
4 ec.gp.GPIndividual@502682645{1096608486} 0.0 104262.0 10054.0 0.9556395464491745 1 1 21.0 0.0 0.9556395464491745 0
4 ec.gp.GPIndividual@502682645{1096608486} 0.0 104262.0 8387.0 0.9468224633361154 1 1 21.0 0.0 0.9468224633361154 0
4 ec.gp.GPIndividual@502682645{1096608486} 0.0 104262.0 14578.0 0.9694059541775277 1 1 21.0 0.0 0.9694059541775277 0
4 ec.gp.GPIndividual@502682645{1096608486} 0.0 104262.0 10861.0 0.9589356412853328 1 1 21.0 0.0 0.9589356412853328 0
4 ec.gp.GPIndividual@502682645{1096608486} 0.0 104262.0 8160.0 0.9453431372549019 1 1 21.0 0.0 0.9453431372549019 0
4 ec.gp.GPIndividual@502682645{1096608486} 0.0 104262.0 12802.0 0.9651616934853929 1 1 21.0 0.0 0.9651616934853929 0
4 ec.gp.GPIndividual@502682645{1096608486} 0.0 104262.0 10087.0 0.9557846733419253 1 1 21.0 0.0 0.9557846733419253 0
4 ec.gp.GPIndividual@502682645{1096608486} 0.0 104262.0 8317.0 0.9463748947937959 1 1 21.0 0.0 0.9463748947937959 0
4 ec.gp.GPIndividual@1164776711{2051722639} 598.0 11247.0 10861.0 0.03554000552435319 5 31 21.0 0.0 0.03554000552435319 0
4 ec.gp.GPIndividual@282257247{-1643373686} 192.0 11590.0 10087.0 0.14900366808763754 5 59 21.0 0.0 0.14900366808763754 0
4 ec.gp.GPIndividual@282257247{-1643373686} 495.0 8328.0 8317.0 0.0013225922808705061 5 59 21.0 0.0 0.0013225922808705061 0
4 ec.gp.GPIndividual@1031303616{2067711068} 40.0 10822.0 10054.0 0.07638750745971752 5 48 21.0 0.0 0.07638750745971752 0
4 ec.gp.GPIndividual@1621505834{39222931} 1750.0 8328.0 8317.0 0.0013225922808705061 5 27 21.0 0.0 0.0013225922808705061 0
4 ec.gp.GPIndividual@1031303616{2067711068} 338.0 18390.0 8387.0 1.1926791462978419 5 48 21.0 0.0 1.1926791462978419 0
4 ec.gp.GPIndividual@326884326{1836486248} 202.0 10959.0 10054.0 0.09001392480604735 5 37 21.0 0.0 0.09001392480604735 0
4 ec.gp.GPIndividual@1031303616{2067711068} 74.0 18619.0 14578.0 0.2771985183152696 5 48 21.0 0.0 0.2771985183152696 0
4 ec.gp.GPIndividual@1031303616{2067711068} 212.0 12100.0 10861.0 0.11407789337998343 5 48 21.0 0.0 0.11407789337998343 0
4 ec.gp.GPIndividual@1164776711{2051722639} 1319.0 8347.0 8160.0 0.022916666666666665 5 31 21.0 0.0 0.022916666666666665 0
4 ec.gp.GPIndividual@1164776711{2051722639} 104.0 19584.0 12802.0 0.52976097484768 5 31 21.0 0.0 0.52976097484768 0
4 ec.gp.GPIndividual@1031303616{2067711068} 534.0 10033.0 8160.0 0.22953431372549019 5 48 21.0 0.0 0.22953431372549019 0
4 ec.gp.GPIndividual@1164776711{2051722639} 301.0 11159.0 10087.0 0.10627540398532764 5 31 21.0 0.0 0.10627540398532764 0
4 ec.gp.GPIndividual@1031303616{2067711068} 58.0 18424.0 12802.0 0.4391501327917513 5 48 21.0 0.0 0.4391501327917513 0
4 ec.gp.GPIndividual@326884326{1836486248} 837.0 8767.0 8387.0 0.04530821509478956 5 37 21.0 0.0 0.04530821509478956 0
4 ec.gp.GPIndividual@1970142081{-863416372} 2084.0 12948.0 10861.0 0.19215541846975417 5 41 21.0 0.0 0.19215541846975417 0
4 ec.gp.GPIndividual@1031303616{2067711068} 176.0 11590.0 10087.0 0.14900366808763754 5 48 21.0 0.0 0.14900366808763754 0
4 ec.gp.GPIndividual@326884326{1836486248} 341.0 15314.0 14578.0 0.05048703525860886 5 37 21.0 0.0 0.05048703525860886 0
4 ec.gp.GPIndividual@1031303616{2067711068} 493.0 8328.0 8317.0 0.0013225922808705061 5 48 21.0 0.0 0.0013225922808705061 0
4 ec.gp.GPIndividual@326884326{1836486248} 367.0 11066.0 10861.0 0.018874873400239387 5 37 21.0 0.0 0.018874873400239387 0
4 ec.gp.GPIndividual@1597447179{580175092} 196.0 10449.0 10054.0 0.03928784563357868 5 37 21.0 0.0 0.03928784563357868 0
4 ec.gp.GPIndividual@1597447179{580175092} 381.0 18390.0 8387.0 1.1926791462978419 5 37 21.0 0.0 1.1926791462978419 0
4 ec.gp.GPIndividual@326884326{1836486248} 541.0 8717.0 8160.0 0.06825980392156862 5 37 21.0 0.0 0.06825980392156862 0
4 ec.gp.GPIndividual@1597447179{580175092} 90.0 18619.0 14578.0 0.2771985183152696 5 37 21.0 0.0 0.2771985183152696 0
4 ec.gp.GPIndividual@207129970{-352381926} 3884.0 8519.0 8387.0 0.015738643138190057 5 31 21.0 0.0 0.015738643138190057 0
4 ec.gp.GPIndividual@326884326{1836486248} 72.0 13803.0 12802.0 0.07819090767067646 5 37 21.0 0.0 0.07819090767067646 0
4 ec.gp.GPIndividual@1597447179{580175092} 333.0 11658.0 10861.0 0.07338182487800386 5 37 21.0 0.0 0.07338182487800386 0
4 ec.gp.GPIndividual@326884326{1836486248} 331.0 10594.0 10087.0 0.05026271438485179 5 37 21.0 0.0 0.05026271438485179 0
4 ec.gp.GPIndividual@1597447179{580175092} 712.0 10033.0 8160.0 0.22953431372549019 5 37 21.0 0.0 0.22953431372549019 0
4 ec.gp.GPIndividual@1597447179{580175092} 72.0 18424.0 12802.0 0.4391501327917513 5 37 21.0 0.0 0.4391501327917513 0
4 ec.gp.GPIndividual@326884326{1836486248} 866.0 8984.0 8317.0 0.0801971864855116 5 37 21.0 0.0 0.0801971864855116 0
4 ec.gp.GPIndividual@207129970{-352381926} 1221.0 15558.0 14578.0 0.06722458499108246 5 31 21.0 0.0 0.06722458499108246 0
4 ec.gp.GPIndividual@1970142081{-863416372} 2570.0 9574.0 8160.0 0.1732843137254902 5 41 21.0 0.0 0.1732843137254902 0
4 ec.gp.GPIndividual@1597447179{580175092} 284.0 11159.0 10087.0 0.10627540398532764 5 37 21.0 0.0 0.10627540398532764 0
4 ec.gp.GPIndividual@1970142081{-863416372} 97.0 14640.0 12802.0 0.1435713169817216 5 41 21.0 0.0 0.1435713169817216 0
4 ec.gp.GPIndividual@27503221{66578893} 394.0 10449.0 10054.0 0.03928784563357868 5 23 21.0 0.0 0.03928784563357868 0
4 ec.gp.GPIndividual@1164776711{2051722639} 3058.0 8328.0 8317.0 0.0013225922808705061 5 31 21.0 0.0 0.0013225922808705061 0
4 ec.gp.GPIndividual@1970142081{-863416372} 387.0 11159.0 10087.0 0.10627540398532764 5 41 21.0 0.0 0.10627540398532764 0
4 ec.gp.GPIndividual@347652111{-368619716} 176.0 10959.0 10054.0 0.09001392480604735 5 19 21.0 0.0 0.09001392480604735 0
4 ec.gp.GPIndividual@1597447179{580175092} 527.0 8328.0 8317.0 0.0013225922808705061 5 37 21.0 0.0 0.0013225922808705061 0
4 ec.gp.GPIndividual@27503221{66578893} 519.0 8767.0 8387.0 0.04530821509478956 5 23 21.0 0.0 0.04530821509478956 0
4 ec.gp.GPIndividual@347652111{-368619716} 325.0 13376.0 8387.0 0.5948491713365923 5 19 21.0 0.0 0.5948491713365923 0
4 ec.gp.GPIndividual@27503221{66578893} 136.0 15644.0 14578.0 0.07312388530662642 5 23 21.0 0.0 0.07312388530662642 0
4 ec.gp.GPIndividual@1534074149{19985152} 403.0 10449.0 10054.0 0.03928784563357868 5 37 21.0 0.0 0.03928784563357868 0
4 ec.gp.GPIndividual@347652111{-368619716} 162.0 15613.0 14578.0 0.07099739333241871 5 19 21.0 0.0 0.07099739333241871 0
4 ec.gp.GPIndividual@347652111{-368619716} 269.0 11098.0 10861.0 0.02182119510174017 5 19 21.0 0.0 0.02182119510174017 0
4 ec.gp.GPIndividual@347652111{-368619716} 784.0 8675.0 8160.0 0.06311274509803921 5 19 21.0 0.0 0.06311274509803921 0
4 ec.gp.GPIndividual@347652111{-368619716} 80.0 13803.0 12802.0 0.07819090767067646 5 19 21.0 0.0 0.07819090767067646 0
4 ec.gp.GPIndividual@1534074149{19985152} 1292.0 8560.0 8387.0 0.020627161082627875 5 37 21.0 0.0 0.020627161082627875 0
4 ec.gp.GPIndividual@1970142081{-863416372} 1875.0 10465.0 8317.0 0.2582662017554407 5 41 21.0 0.0 0.2582662017554407 0
4 ec.gp.GPIndividual@1959290955{1475797780} 39.0 10822.0 10054.0 0.07638750745971752 5 50 21.0 0.0 0.07638750745971752 0
4 ec.gp.GPIndividual@347652111{-368619716} 246.0 11263.0 10087.0 0.11658570437196392 5 19 21.0 0.0 0.11658570437196392 0
4 ec.gp.GPIndividual@27503221{66578893} 1497.0 11066.0 10861.0 0.018874873400239387 5 23 21.0 0.0 0.018874873400239387 0
4 ec.gp.GPIndividual@207129970{-352381926} 2597.0 11066.0 10861.0 0.018874873400239387 5 31 21.0 0.0 0.018874873400239387 0
4 ec.gp.GPIndividual@1534074149{19985152} 278.0 15443.0 14578.0 0.05933598573192482 5 37 21.0 0.0 0.05933598573192482 0
4 ec.gp.GPIndividual@1959290955{1475797780} 335.0 18390.0 8387.0 1.1926791462978419 5 50 21.0 0.0 1.1926791462978419 0
4 ec.gp.GPIndividual@1534074149{19985152} 207.0 12610.0 10861.0 0.16103489549765215 5 37 21.0 0.0 0.16103489549765215 0
4 ec.gp.GPIndividual@1959290955{1475797780} 78.0 18619.0 14578.0 0.2771985183152696 5 50 21.0 0.0 0.2771985183152696 0
4 ec.gp.GPIndividual@1959290955{1475797780} 195.0 12100.0 10861.0 0.11407789337998343 5 50 21.0 0.0 0.11407789337998343 0
4 ec.gp.GPIndividual@347652111{-368619716} 927.0 8466.0 8317.0 0.017915113622700492 5 19 21.0 0.0 0.017915113622700492 0
4 ec.gp.GPIndividual@1135864154{809546275} 46.0 11217.0 10054.0 0.1156753530932962 5 31 21.0 0.0 0.1156753530932962 0
4 ec.gp.GPIndividual@1959290955{1475797780} 510.0 10033.0 8160.0 0.22953431372549019 5 50 21.0 0.0 0.22953431372549019 0
4 ec.gp.GPIndividual@1959290955{1475797780} 45.0 18424.0 12802.0 0.4391501327917513 5 50 21.0 0.0 0.4391501327917513 0
4 ec.gp.GPIndividual@27503221{66578893} 1144.0 8347.0 8160.0 0.022916666666666665 5 23 21.0 0.0 0.022916666666666665 0
4 ec.gp.GPIndividual@27503221{66578893} 77.0 14590.0 12802.0 0.13966567723793158 5 23 21.0 0.0 0.13966567723793158 0
4 ec.gp.GPIndividual@1135864154{809546275} 332.0 8767.0 8387.0 0.04530821509478956 5 31 21.0 0.0 0.04530821509478956 0
4 ec.gp.GPIndividual@1959290955{1475797780} 175.0 11590.0 10087.0 0.14900366808763754 5 50 21.0 0.0 0.14900366808763754 0
4 ec.gp.GPIndividual@1135864154{809546275} 86.0 15613.0 14578.0 0.07099739333241871 5 31 21.0 0.0 0.07099739333241871 0
4 ec.gp.GPIndividual@1534074149{19985152} 1055.0 8347.0 8160.0 0.022916666666666665 5 37 21.0 0.0 0.022916666666666665 0
4 ec.gp.GPIndividual@27503221{66578893} 238.0 10597.0 10087.0 0.05056012689600476 5 23 21.0 0.0 0.05056012689600476 0
4 ec.gp.GPIndividual@1135864154{809546275} 124.0 11312.0 10861.0 0.041524721480526654 5 31 21.0 0.0 0.041524721480526654 0
4 ec.gp.GPIndividual@1534074149{19985152} 79.0 19584.0 12802.0 0.52976097484768 5 37 21.0 0.0 0.52976097484768 0
4 ec.gp.GPIndividual@1959290955{1475797780} 526.0 8328.0 8317.0 0.0013225922808705061 5 50 21.0 0.0 0.0013225922808705061 0
4 ec.gp.GPIndividual@1135864154{809546275} 357.0 8717.0 8160.0 0.06825980392156862 5 31 21.0 0.0 0.06825980392156862 0
4 ec.gp.GPIndividual@207129970{-352381926} 1785.0 8347.0 8160.0 0.022916666666666665 5 31 21.0 0.0 0.022916666666666665 0
4 ec.gp.GPIndividual@27503221{66578893} 413.0 8328.0 8317.0 0.0013225922808705061 5 23 21.0 0.0 0.0013225922808705061 0
4 ec.gp.GPIndividual@1534074149{19985152} 416.0 10555.0 10087.0 0.04639635173986319 5 37 21.0 0.0 0.04639635173986319 0
4 ec.gp.GPIndividual@2049212794{1076191422} 95.0 11217.0 10054.0 0.1156753530932962 5 37 21.0 0.0 0.1156753530932962 0
4 ec.gp.GPIndividual@1135864154{809546275} 74.0 13803.0 12802.0 0.07819090767067646 5 31 21.0 0.0 0.07819090767067646 0
4 ec.gp.GPIndividual@1135864154{809546275} 133.0 11373.0 10087.0 0.12749082978090612 5 31 21.0 0.0 0.12749082978090612 0
4 ec.gp.GPIndividual@1135864154{809546275} 448.0 8984.0 8317.0 0.0801971864855116 5 31 21.0 0.0 0.0801971864855116 0
4 ec.gp.GPIndividual@1715988513{2070076385} 629.0 10141.0 10054.0 0.008653272329421126 5 37 21.0 0.0 0.008653272329421126 0
4 ec.gp.GPIndividual@2049212794{1076191422} 812.0 8767.0 8387.0 0.04530821509478956 5 37 21.0 0.0 0.04530821509478956 0
4 ec.gp.GPIndividual@207129970{-352381926} 909.0 12851.0 12802.0 0.0038275269489142323 5 31 21.0 0.0 0.0038275269489142323 0
4 ec.gp.GPIndividual@373063816{1845484590} 287.0 10959.0 10054.0 0.09001392480604735 5 31 21.0 0.0 0.09001392480604735 0
4 ec.gp.GPIndividual@1715988513{2070076385} 499.0 8767.0 8387.0 0.04530821509478956 5 37 21.0 0.0 0.04530821509478956 0
4 ec.gp.GPIndividual@207129970{-352381926} 272.0 11590.0 10087.0 0.14900366808763754 5 31 21.0 0.0 0.14900366808763754 0
4 ec.gp.GPIndividual@2049212794{1076191422} 309.0 15314.0 14578.0 0.05048703525860886 5 37 21.0 0.0 0.05048703525860886 0
4 ec.gp.GPIndividual@2049212794{1076191422} 390.0 11066.0 10861.0 0.018874873400239387 5 37 21.0 0.0 0.018874873400239387 0
4 ec.gp.GPIndividual@1715988513{2070076385} 425.0 15194.0 14578.0 0.04225545342296611 5 37 21.0 0.0 0.04225545342296611 0
4 ec.gp.GPIndividual@1534074149{19985152} 1768.0 8328.0 8317.0 0.0013225922808705061 5 37 21.0 0.0 0.0013225922808705061 0
4 ec.gp.GPIndividual@1545597195{-1879687636} 39.0 11217.0 10054.0 0.1156753530932962 5 12 21.0 0.0 0.1156753530932962 0
4 ec.gp.GPIndividual@1715988513{2070076385} 540.0 11066.0 10861.0 0.018874873400239387 5 37 21.0 0.0 0.018874873400239387 0
4 ec.gp.GPIndividual@2049212794{1076191422} 554.0 8717.0 8160.0 0.06825980392156862 5 37 21.0 0.0 0.06825980392156862 0
4 ec.gp.GPIndividual@1545597195{-1879687636} 321.0 13517.0 8387.0 0.611660903779659 5 12 21.0 0.0 0.611660903779659 0
4 ec.gp.GPIndividual@2049212794{1076191422} 69.0 13803.0 12802.0 0.07819090767067646 5 37 21.0 0.0 0.07819090767067646 0
4 ec.gp.GPIndividual@1545597195{-1879687636} 87.0 15549.0 14578.0 0.06660721635340924 5 12 21.0 0.0 0.06660721635340924 0
4 ec.gp.GPIndividual@373063816{1845484590} 1436.0 8560.0 8387.0 0.020627161082627875 5 31 21.0 0.0 0.020627161082627875 0
4 ec.gp.GPIndividual@1545597195{-1879687636} 107.0 11280.0 10861.0 0.03857839977902587 5 12 21.0 0.0 0.03857839977902587 0
4 ec.gp.GPIndividual@2049212794{1076191422} 341.0 10594.0 10087.0 0.05026271438485179 5 37 21.0 0.0 0.05026271438485179 0
4 ec.gp.GPIndividual@373063816{1845484590} 438.0 15194.0 14578.0 0.04225545342296611 5 31 21.0 0.0 0.04225545342296611 0
4 ec.gp.GPIndividual@1545597195{-1879687636} 467.0 8564.0 8160.0 0.049509803921568625 5 12 21.0 0.0 0.049509803921568625 0
4 ec.gp.GPIndividual@1715988513{2070076385} 756.0 8675.0 8160.0 0.06311274509803921 5 37 21.0 0.0 0.06311274509803921 0
4 ec.gp.GPIndividual@1545597195{-1879687636} 54.0 14590.0 12802.0 0.13966567723793158 5 12 21.0 0.0 0.13966567723793158 0
4 ec.gp.GPIndividual@207129970{-352381926} 1754.0 8328.0 8317.0 0.0013225922808705061 5 31 21.0 0.0 0.0013225922808705061 0
4 ec.gp.GPIndividual@1545597195{-1879687636} 115.0 10974.0 10087.0 0.08793496579756122 5 12 21.0 0.0 0.08793496579756122 0
4 ec.gp.GPIndividual@1109459976{-713735488} 409.0 10449.0 10054.0 0.03928784563357868 5 32 21.0 0.0 0.03928784563357868 0
4 ec.gp.GPIndividual@1545597195{-1879687636} 383.0 8328.0 8317.0 0.0013225922808705061 5 12 21.0 0.0 0.0013225922808705061 0
4 ec.gp.GPIndividual@373063816{1845484590} 620.0 11247.0 10861.0 0.03554000552435319 5 31 21.0 0.0 0.03554000552435319 0
4 ec.gp.GPIndividual@1715988513{2070076385} 630.0 13477.0 12802.0 0.052726136541165446 5 37 21.0 0.0 0.052726136541165446 0
4 ec.gp.GPIndividual@2049212794{1076191422} 1302.0 8328.0 8317.0 0.0013225922808705061 5 37 21.0 0.0 0.0013225922808705061 0
4 ec.gp.GPIndividual@375991777{-348333516} 0.0 90795.0 10054.0 0.664710562960016 5 19 21.0 0.0 0.664710562960016 0
4 ec.gp.GPIndividual@375991777{-348333516} 0.0 91406.0 8387.0 0.5252175986645999 5 19 21.0 0.0 0.5252175986645999 0
4 ec.gp.GPIndividual@375991777{-348333516} 0.0 90882.0 14578.0 0.7627932501028948 5 19 21.0 0.0 0.7627932501028948 0
4 ec.gp.GPIndividual@375991777{-348333516} 0.0 90708.0 10861.0 0.6976337353834822 5 19 21.0 0.0 0.6976337353834822 0
4 ec.gp.GPIndividual@375991777{-348333516} 0.0 90293.0 8160.0 0.6484068627450981 5 19 21.0 0.0 0.6484068627450981 0
4 ec.gp.GPIndividual@375991777{-348333516} 0.0 90708.0 12802.0 0.7434775816278707 5 19 21.0 0.0 0.7434775816278707 0
4 ec.gp.GPIndividual@375991777{-348333516} 0.0 90438.0 10087.0 0.7011995637949836 5 19 21.0 0.0 0.7011995637949836 0
4 ec.gp.GPIndividual@375991777{-348333516} 0.0 90293.0 8317.0 0.6550438860165925 5 19 21.0 0.0 0.6550438860165925 0
4 ec.gp.GPIndividual@1715988513{2070076385} 397.0 10383.0 10087.0 0.02934470110042629 5 37 21.0 0.0 0.02934470110042629 0
4 ec.gp.GPIndividual@1109459976{-713735488} 664.0 8767.0 8387.0 0.04530821509478956 5 32 21.0 0.0 0.04530821509478956 0
4 ec.gp.GPIndividual@373063816{1845484590} 719.0 8347.0 8160.0 0.022916666666666665 5 31 21.0 0.0 0.022916666666666665 0
4 ec.gp.GPIndividual@1109459976{-713735488} 186.0 15613.0 14578.0 0.07099739333241871 5 32 21.0 0.0 0.07099739333241871 0
4 ec.gp.GPIndividual@1109459976{-713735488} 354.0 11066.0 10861.0 0.018874873400239387 5 32 21.0 0.0 0.018874873400239387 0
4 ec.gp.GPIndividual@373063816{1845484590} 571.0 13477.0 12802.0 0.052726136541165446 5 31 21.0 0.0 0.052726136541165446 0
4 ec.gp.GPIndividual@373063816{1845484590} 463.0 10383.0 10087.0 0.02934470110042629 5 31 21.0 0.0 0.02934470110042629 0
4 ec.gp.GPIndividual@1715988513{2070076385} 1406.0 8328.0 8317.0 0.0013225922808705061 5 37 21.0 0.0 0.0013225922808705061 0
4 ec.gp.GPIndividual@1109459976{-713735488} 965.0 8498.0 8160.0 0.04142156862745098 5 32 21.0 0.0 0.04142156862745098 0
4 ec.gp.GPIndividual@373063816{1845484590} 439.0 8328.0 8317.0 0.0013225922808705061 5 31 21.0 0.0 0.0013225922808705061 0
4 ec.gp.GPIndividual@1109459976{-713735488} 119.0 13803.0 12802.0 0.07819090767067646 5 32 21.0 0.0 0.07819090767067646 0
4 ec.gp.GPIndividual@931765412{-1300484839} 366.0 10449.0 10054.0 0.03928784563357868 5 37 21.0 0.0 0.03928784563357868 0
4 ec.gp.GPIndividual@1003780709{1491285700} 170.0 10959.0 10054.0 0.09001392480604735 5 37 21.0 0.0 0.09001392480604735 0
4 ec.gp.GPIndividual@1109459976{-713735488} 287.0 10594.0 10087.0 0.05026271438485179 5 32 21.0 0.0 0.05026271438485179 0
4 ec.gp.GPIndividual@1003780709{1491285700} 824.0 8560.0 8387.0 0.020627161082627875 5 37 21.0 0.0 0.020627161082627875 0
4 ec.gp.GPIndividual@931765412{-1300484839} 976.0 8634.0 8387.0 0.02945033981161321 5 37 21.0 0.0 0.02945033981161321 0
4 ec.gp.GPIndividual@1109459976{-713735488} 792.0 8466.0 8317.0 0.017915113622700492 5 32 21.0 0.0 0.017915113622700492 0
4 ec.gp.GPIndividual@1003780709{1491285700} 185.0 14888.0 14578.0 0.0212649197420771 5 37 21.0 0.0 0.0212649197420771 0
4 ec.gp.GPIndividual@2146837513{662138554} 175.0 10959.0 10054.0 0.09001392480604735 5 30 21.0 0.0 0.09001392480604735 0
4 ec.gp.GPIndividual@931765412{-1300484839} 307.0 15314.0 14578.0 0.05048703525860886 5 37 21.0 0.0 0.05048703525860886 0
4 ec.gp.GPIndividual@1003780709{1491285700} 221.0 11066.0 10861.0 0.018874873400239387 5 37 21.0 0.0 0.018874873400239387 0
4 ec.gp.GPIndividual@931765412{-1300484839} 356.0 11066.0 10861.0 0.018874873400239387 5 37 21.0 0.0 0.018874873400239387 0
4 ec.gp.GPIndividual@2146837513{662138554} 814.0 8560.0 8387.0 0.020627161082627875 5 30 21.0 0.0 0.020627161082627875 0
4 ec.gp.GPIndividual@2146837513{662138554} 175.0 15613.0 14578.0 0.07099739333241871 5 30 21.0 0.0 0.07099739333241871 0
4 ec.gp.GPIndividual@1003780709{1491285700} 1038.0 8374.0 8160.0 0.026225490196078432 5 37 21.0 0.0 0.026225490196078432 0
4 ec.gp.GPIndividual@2146837513{662138554} 201.0 12610.0 10861.0 0.16103489549765215 5 30 21.0 0.0 0.16103489549765215 0
4 ec.gp.GPIndividual@1003780709{1491285700} 83.0 14416.0 12802.0 0.12607405092954227 5 37 21.0 0.0 0.12607405092954227 0
4 ec.gp.GPIndividual@931765412{-1300484839} 976.0 8498.0 8160.0 0.04142156862745098 5 37 21.0 0.0 0.04142156862745098 0
4 ec.gp.GPIndividual@1003780709{1491285700} 203.0 10425.0 10087.0 0.03350847625656786 5 37 21.0 0.0 0.03350847625656786 0
4 ec.gp.GPIndividual@931765412{-1300484839} 284.0 13661.0 12802.0 0.06709889079831276 5 37 21.0 0.0 0.06709889079831276 0
4 ec.gp.GPIndividual@2146837513{662138554} 688.0 8347.0 8160.0 0.022916666666666665 5 30 21.0 0.0 0.022916666666666665 0
4 ec.gp.GPIndividual@931765412{-1300484839} 256.0 11263.0 10087.0 0.11658570437196392 5 37 21.0 0.0 0.11658570437196392 0
4 ec.gp.GPIndividual@2146837513{662138554} 176.0 13688.0 12802.0 0.06920793625995939 5 30 21.0 0.0 0.06920793625995939 0
4 ec.gp.GPIndividual@1003780709{1491285700} 813.0 9470.0 8317.0 0.13863171816760853 5 37 21.0 0.0 0.13863171816760853 0
4 ec.gp.GPIndividual@2146837513{662138554} 254.0 11159.0 10087.0 0.10627540398532764 5 30 21.0 0.0 0.10627540398532764 0
4 ec.gp.GPIndividual@1774087592{-1611597098} 348.0 10449.0 10054.0 0.03928784563357868 5 27 21.0 0.0 0.03928784563357868 0
4 ec.gp.GPIndividual@2146837513{662138554} 633.0 8328.0 8317.0 0.0013225922808705061 5 30 21.0 0.0 0.0013225922808705061 0
4 ec.gp.GPIndividual@1774087592{-1611597098} 403.0 8767.0 8387.0 0.04530821509478956 5 27 21.0 0.0 0.04530821509478956 0
4 ec.gp.GPIndividual@931765412{-1300484839} 1150.0 8328.0 8317.0 0.0013225922808705061 5 37 21.0 0.0 0.0013225922808705061 0
4 ec.gp.GPIndividual@2061550936{979135236} 38.0 11217.0 10054.0 0.1156753530932962 5 27 21.0 0.0 0.1156753530932962 0
4 ec.gp.GPIndividual@1774087592{-1611597098} 315.0 15194.0 14578.0 0.04225545342296611 5 27 21.0 0.0 0.04225545342296611 0
4 ec.gp.GPIndividual@2061550936{979135236} 271.0 8767.0 8387.0 0.04530821509478956 5 27 21.0 0.0 0.04530821509478956 0
4 ec.gp.GPIndividual@2061550936{979135236} 82.0 15549.0 14578.0 0.06660721635340924 5 27 21.0 0.0 0.06660721635340924 0
4 ec.gp.GPIndividual@2061550936{979135236} 111.0 11280.0 10861.0 0.03857839977902587 5 27 21.0 0.0 0.03857839977902587 0
4 ec.gp.GPIndividual@2061550936{979135236} 407.0 8564.0 8160.0 0.049509803921568625 5 27 21.0 0.0 0.049509803921568625 0
4 ec.gp.GPIndividual@2061550936{979135236} 97.0 13688.0 12802.0 0.06920793625995939 5 27 21.0 0.0 0.06920793625995939 0
4 ec.gp.GPIndividual@2061550936{979135236} 105.0 10974.0 10087.0 0.08793496579756122 5 27 21.0 0.0 0.08793496579756122 0
4 ec.gp.GPIndividual@2061550936{979135236} 344.0 8328.0 8317.0 0.0013225922808705061 5 27 21.0 0.0 0.0013225922808705061 0
4 ec.gp.GPIndividual@1774087592{-1611597098} 6971.0 11066.0 10861.0 0.018874873400239387 5 27 21.0 0.0 0.018874873400239387 0
4 ec.gp.GPIndividual@1774087592{-1611597098} 920.0 8347.0 8160.0 0.022916666666666665 5 27 21.0 0.0 0.022916666666666665 0
4 ec.gp.GPIndividual@1774087592{-1611597098} 370.0 13661.0 12802.0 0.06709889079831276 5 27 21.0 0.0 0.06709889079831276 0
4 ec.gp.GPIndividual@1774087592{-1611597098} 299.0 10482.0 10087.0 0.039159313968474274 5 27 21.0 0.0 0.039159313968474274 0
4 ec.gp.GPIndividual@1774087592{-1611597098} 8796.0 8328.0 8317.0 0.0013225922808705061 5 27 21.0 0.0 0.0013225922808705061 0
5 ec.gp.GPIndividual@1720465523{-348333516} 0.0 90795.0 10054.0 0.664710562960016 5 19 21.0 0.0 0.664710562960016 0
5 ec.gp.GPIndividual@1720465523{-348333516} 0.0 91406.0 8387.0 0.5252175986645999 5 19 21.0 0.0 0.5252175986645999 0
5 ec.gp.GPIndividual@1720465523{-348333516} 0.0 90882.0 14578.0 0.7627932501028948 5 19 21.0 0.0 0.7627932501028948 0
5 ec.gp.GPIndividual@1720465523{-348333516} 0.0 90708.0 10861.0 0.6976337353834822 5 19 21.0 0.0 0.6976337353834822 0
5 ec.gp.GPIndividual@1720465523{-348333516} 0.0 90293.0 8160.0 0.6484068627450981 5 19 21.0 0.0 0.6484068627450981 0
5 ec.gp.GPIndividual@1720465523{-348333516} 0.0 90708.0 12802.0 0.7434775816278707 5 19 21.0 0.0 0.7434775816278707 0
5 ec.gp.GPIndividual@1720465523{-348333516} 0.0 90438.0 10087.0 0.7011995637949836 5 19 21.0 0.0 0.7011995637949836 0
5 ec.gp.GPIndividual@1720465523{-348333516} 0.0 90293.0 8317.0 0.6550438860165925 5 19 21.0 0.0 0.6550438860165925 0
5 ec.gp.GPIndividual@1070842467{-1047312595} 201.0 10959.0 10054.0 0.09001392480604735 5 27 21.0 0.0 0.09001392480604735 0
5 ec.gp.GPIndividual@778927940{1628225159} 211.0 10959.0 10054.0 0.09001392480604735 5 38 21.0 0.0 0.09001392480604735 0
5 ec.gp.GPIndividual@205684062{-1719926967} 214.0 10959.0 10054.0 0.09001392480604735 5 27 21.0 0.0 0.09001392480604735 0
5 ec.gp.GPIndividual@580353337{1096406825} 307.0 10959.0 10054.0 0.09001392480604735 5 27 21.0 0.0 0.09001392480604735 0
5 ec.gp.GPIndividual@899391740{779691986} 370.0 10959.0 10054.0 0.09001392480604735 5 37 21.0 0.0 0.09001392480604735 0
5 ec.gp.GPIndividual@1852513622{-1434861309} 432.0 10959.0 10054.0 0.09001392480604735 5 25 21.0 0.0 0.09001392480604735 0
5 ec.gp.GPIndividual@778927940{1628225159} 292.0 12857.0 8387.0 0.5329676880887088 5 38 21.0 0.0 0.5329676880887088 0
5 ec.gp.GPIndividual@205684062{-1719926967} 340.0 13376.0 8387.0 0.5948491713365923 5 27 21.0 0.0 0.5948491713365923 0
5 ec.gp.GPIndividual@778927940{1628225159} 66.0 15209.0 14578.0 0.04328440115242146 5 38 21.0 0.0 0.04328440115242146 0
5 ec.gp.GPIndividual@1070842467{-1047312595} 449.0 19584.0 8387.0 1.3350423274114702 5 27 21.0 0.0 1.3350423274114702 0
5 ec.gp.GPIndividual@899391740{779691986} 284.0 13376.0 8387.0 0.5948491713365923 5 37 21.0 0.0 0.5948491713365923 0
5 ec.gp.GPIndividual@778927940{1628225159} 140.0 11425.0 10861.0 0.05192891998895129 5 38 21.0 0.0 0.05192891998895129 0
5 ec.gp.GPIndividual@205684062{-1719926967} 179.0 15613.0 14578.0 0.07099739333241871 5 27 21.0 0.0 0.07099739333241871 0
5 ec.gp.GPIndividual@1070842467{-1047312595} 182.0 15613.0 14578.0 0.07099739333241871 5 27 21.0 0.0 0.07099739333241871 0
5 ec.gp.GPIndividual@899391740{779691986} 309.0 15443.0 14578.0 0.05933598573192482 5 37 21.0 0.0 0.05933598573192482 0
5 ec.gp.GPIndividual@205684062{-1719926967} 302.0 11098.0 10861.0 0.02182119510174017 5 27 21.0 0.0 0.02182119510174017 0
5 ec.gp.GPIndividual@1070842467{-1047312595} 319.0 11658.0 10861.0 0.07338182487800386 5 27 21.0 0.0 0.07338182487800386 0
5 ec.gp.GPIndividual@899391740{779691986} 427.0 11066.0 10861.0 0.018874873400239387 5 37 21.0 0.0 0.018874873400239387 0
5 ec.gp.GPIndividual@580353337{1096406825} 1259.0 8560.0 8387.0 0.020627161082627875 5 27 21.0 0.0 0.020627161082627875 0
5 ec.gp.GPIndividual@580353337{1096406825} 116.0 15644.0 14578.0 0.07312388530662642 5 27 21.0 0.0 0.07312388530662642 0
5 ec.gp.GPIndividual@1852513622{-1434861309} 1286.0 8560.0 8387.0 0.020627161082627875 5 25 21.0 0.0 0.020627161082627875 0
5 ec.gp.GPIndividual@580353337{1096406825} 131.0 11280.0 10861.0 0.03857839977902587 5 27 21.0 0.0 0.03857839977902587 0
5 ec.gp.GPIndividual@1852513622{-1434861309} 121.0 15644.0 14578.0 0.07312388530662642 5 25 21.0 0.0 0.07312388530662642 0
5 ec.gp.GPIndividual@778927940{1628225159} 1133.0 8767.0 8160.0 0.07438725490196078 5 38 21.0 0.0 0.07438725490196078 0
5 ec.gp.GPIndividual@205684062{-1719926967} 818.0 8675.0 8160.0 0.06311274509803921 5 27 21.0 0.0 0.06311274509803921 0
5 ec.gp.GPIndividual@778927940{1628225159} 38.0 14416.0 12802.0 0.12607405092954227 5 38 21.0 0.0 0.12607405092954227 0
5 ec.gp.GPIndividual@1070842467{-1047312595} 835.0 8347.0 8160.0 0.022916666666666665 5 27 21.0 0.0 0.022916666666666665 0
5 ec.gp.GPIndividual@778927940{1628225159} 110.0 10710.0 10087.0 0.06176266481609993 5 38 21.0 0.0 0.06176266481609993 0
5 ec.gp.GPIndividual@205684062{-1719926967} 161.0 13688.0 12802.0 0.06920793625995939 5 27 21.0 0.0 0.06920793625995939 0
5 ec.gp.GPIndividual@1070842467{-1047312595} 151.0 13688.0 12802.0 0.06920793625995939 5 27 21.0 0.0 0.06920793625995939 0
5 ec.gp.GPIndividual@205684062{-1719926967} 249.0 11263.0 10087.0 0.11658570437196392 5 27 21.0 0.0 0.11658570437196392 0
5 ec.gp.GPIndividual@899391740{779691986} 962.0 8675.0 8160.0 0.06311274509803921 5 37 21.0 0.0 0.06311274509803921 0
5 ec.gp.GPIndividual@1852513622{-1434861309} 532.0 11066.0 10861.0 0.018874873400239387 5 25 21.0 0.0 0.018874873400239387 0
5 ec.gp.GPIndividual@1070842467{-1047312595} 297.0 11159.0 10087.0 0.10627540398532764 5 27 21.0 0.0 0.10627540398532764 0
5 ec.gp.GPIndividual@899391740{779691986} 312.0 13661.0 12802.0 0.06709889079831276 5 37 21.0 0.0 0.06709889079831276 0
5 ec.gp.GPIndividual@580353337{1096406825} 898.0 8446.0 8160.0 0.03504901960784314 5 27 21.0 0.0 0.03504901960784314 0
5 ec.gp.GPIndividual@580353337{1096406825} 78.0 14590.0 12802.0 0.13966567723793158 5 27 21.0 0.0 0.13966567723793158 0
5 ec.gp.GPIndividual@205684062{-1719926967} 589.0 8984.0 8317.0 0.0801971864855116 5 27 21.0 0.0 0.0801971864855116 0
5 ec.gp.GPIndividual@1070842467{-1047312595} 555.0 8328.0 8317.0 0.0013225922808705061 5 27 21.0 0.0 0.0013225922808705061 0
5 ec.gp.GPIndividual@899391740{779691986} 368.0 10594.0 10087.0 0.05026271438485179 5 37 21.0 0.0 0.05026271438485179 0
5 ec.gp.GPIndividual@1145308545{978595370} 192.0 10959.0 10054.0 0.09001392480604735 5 21 21.0 0.0 0.09001392480604735 0
5 ec.gp.GPIndividual@580353337{1096406825} 399.0 10482.0 10087.0 0.039159313968474274 5 27 21.0 0.0 0.039159313968474274 0
5 ec.gp.GPIndividual@1852513622{-1434861309} 875.0 8564.0 8160.0 0.049509803921568625 5 25 21.0 0.0 0.049509803921568625 0
5 ec.gp.GPIndividual@998229677{305315272} 438.0 9246.0 10054.0 0.08036602347324448 5 25 21.0 0.0 0.08036602347324448 0
5 ec.gp.GPIndividual@1852513622{-1434861309} 74.0 14590.0 12802.0 0.13966567723793158 5 25 21.0 0.0 0.13966567723793158 0
5 ec.gp.GPIndividual@778927940{1628225159} 1454.0 9048.0 8317.0 0.08789226884694 5 38 21.0 0.0 0.08789226884694 0
5 ec.gp.GPIndividual@1852513622{-1434861309} 296.0 10597.0 10087.0 0.05056012689600476 5 25 21.0 0.0 0.05056012689600476 0
5 ec.gp.GPIndividual@899391740{779691986} 664.0 8984.0 8317.0 0.0801971864855116 5 37 21.0 0.0 0.0801971864855116 0
5 ec.gp.GPIndividual@1204899335{979135236} 35.0 11217.0 10054.0 0.1156753530932962 5 27 21.0 0.0 0.1156753530932962 0
5 ec.gp.GPIndividual@1145308545{978595370} 667.0 19584.0 8387.0 1.3350423274114702 5 21 21.0 0.0 1.3350423274114702 0
5 ec.gp.GPIndividual@1721128166{1351399631} 449.0 10449.0 10054.0 0.03928784563357868 5 26 21.0 0.0 0.03928784563357868 0
5 ec.gp.GPIndividual@1204899335{979135236} 264.0 13517.0 8387.0 0.611660903779659 5 27 21.0 0.0 0.611660903779659 0
5 ec.gp.GPIndividual@1145308545{978595370} 162.0 15613.0 14578.0 0.07099739333241871 5 21 21.0 0.0 0.07099739333241871 0
5 ec.gp.GPIndividual@1204899335{979135236} 86.0 15644.0 14578.0 0.07312388530662642 5 27 21.0 0.0 0.07312388530662642 0
5 ec.gp.GPIndividual@1204899335{979135236} 142.0 11280.0 10861.0 0.03857839977902587 5 27 21.0 0.0 0.03857839977902587 0
5 ec.gp.GPIndividual@1145308545{978595370} 349.0 11658.0 10861.0 0.07338182487800386 5 21 21.0 0.0 0.07338182487800386 0
5 ec.gp.GPIndividual@1204899335{979135236} 501.0 8564.0 8160.0 0.049509803921568625 5 27 21.0 0.0 0.049509803921568625 0
5 ec.gp.GPIndividual@1204899335{979135236} 43.0 14590.0 12802.0 0.13966567723793158 5 27 21.0 0.0 0.13966567723793158 0
5 ec.gp.GPIndividual@1204899335{979135236} 128.0 10974.0 10087.0 0.08793496579756122 5 27 21.0 0.0 0.08793496579756122 0
5 ec.gp.GPIndividual@580353337{1096406825} 1756.0 8328.0 8317.0 0.0013225922808705061 5 27 21.0 0.0 0.0013225922808705061 0
5 ec.gp.GPIndividual@1145308545{978595370} 613.0 10033.0 8160.0 0.22953431372549019 5 21 21.0 0.0 0.22953431372549019 0
5 ec.gp.GPIndividual@1160243748{-1611597098} 78.0 11217.0 10054.0 0.1156753530932962 5 27 21.0 0.0 0.1156753530932962 0
5 ec.gp.GPIndividual@1852513622{-1434861309} 1454.0 8328.0 8317.0 0.0013225922808705061 5 25 21.0 0.0 0.0013225922808705061 0
5 ec.gp.GPIndividual@1145308545{978595370} 157.0 13688.0 12802.0 0.06920793625995939 5 21 21.0 0.0 0.06920793625995939 0
5 ec.gp.GPIndividual@1721128166{1351399631} 1309.0 8560.0 8387.0 0.020627161082627875 5 26 21.0 0.0 0.020627161082627875 0
5 ec.gp.GPIndividual@974296328{636994392} 205.0 10959.0 10054.0 0.09001392480604735 5 37 21.0 0.0 0.09001392480604735 0
5 ec.gp.GPIndividual@1721128166{1351399631} 116.0 15644.0 14578.0 0.07312388530662642 5 26 21.0 0.0 0.07312388530662642 0
5 ec.gp.GPIndividual@1204899335{979135236} 444.0 8328.0 8317.0 0.0013225922808705061 5 27 21.0 0.0 0.0013225922808705061 0
5 ec.gp.GPIndividual@1145308545{978595370} 324.0 11159.0 10087.0 0.10627540398532764 5 21 21.0 0.0 0.10627540398532764 0
5 ec.gp.GPIndividual@1160243748{-1611597098} 472.0 13517.0 8387.0 0.611660903779659 5 27 21.0 0.0 0.611660903779659 0
5 ec.gp.GPIndividual@1607336906{-1134419711} 207.0 10959.0 10054.0 0.09001392480604735 5 38 21.0 0.0 0.09001392480604735 0
5 ec.gp.GPIndividual@1160243748{-1611597098} 198.0 15549.0 14578.0 0.06660721635340924 5 27 21.0 0.0 0.06660721635340924 0
5 ec.gp.GPIndividual@1721128166{1351399631} 374.0 11066.0 10861.0 0.018874873400239387 5 26 21.0 0.0 0.018874873400239387 0
5 ec.gp.GPIndividual@974296328{636994392} 434.0 13376.0 8387.0 0.5948491713365923 5 37 21.0 0.0 0.5948491713365923 0
5 ec.gp.GPIndividual@1160243748{-1611597098} 123.0 11280.0 10861.0 0.03857839977902587 5 27 21.0 0.0 0.03857839977902587 0
5 ec.gp.GPIndividual@974296328{636994392} 123.0 15614.0 14578.0 0.07106598984771574 5 37 21.0 0.0 0.07106598984771574 0
5 ec.gp.GPIndividual@998229677{305315272} 2576.0 8535.0 8387.0 0.01764635745797067 5 25 21.0 0.0 0.01764635745797067 0
5 ec.gp.GPIndividual@974296328{636994392} 127.0 11312.0 10861.0 0.041524721480526654 5 37 21.0 0.0 0.041524721480526654 0
5 ec.gp.GPIndividual@974296328{636994392} 408.0 8717.0 8160.0 0.06825980392156862 5 37 21.0 0.0 0.06825980392156862 0
5 ec.gp.GPIndividual@974296328{636994392} 95.0 13803.0 12802.0 0.07819090767067646 5 37 21.0 0.0 0.07819090767067646 0
5 ec.gp.GPIndividual@1160243748{-1611597098} 706.0 8564.0 8160.0 0.049509803921568625 5 27 21.0 0.0 0.049509803921568625 0
5 ec.gp.GPIndividual@1721128166{1351399631} 857.0 8446.0 8160.0 0.03504901960784314 5 26 21.0 0.0 0.03504901960784314 0
5 ec.gp.GPIndividual@1160243748{-1611597098} 75.0 14590.0 12802.0 0.13966567723793158 5 27 21.0 0.0 0.13966567723793158 0
5 ec.gp.GPIndividual@998229677{305315272} 889.0 15186.0 14578.0 0.04170668130058993 5 25 21.0 0.0 0.04170668130058993 0
5 ec.gp.GPIndividual@1607336906{-1134419711} 1279.0 8560.0 8387.0 0.020627161082627875 5 38 21.0 0.0 0.020627161082627875 0
5 ec.gp.GPIndividual@1721128166{1351399631} 289.0 13688.0 12802.0 0.06920793625995939 5 26 21.0 0.0 0.06920793625995939 0
5 ec.gp.GPIndividual@1145308545{978595370} 1383.0 8328.0 8317.0 0.0013225922808705061 5 21 21.0 0.0 0.0013225922808705061 0
5 ec.gp.GPIndividual@974296328{636994392} 490.0 10383.0 10087.0 0.02934470110042629 5 37 21.0 0.0 0.02934470110042629 0
5 ec.gp.GPIndividual@1160243748{-1611597098} 388.0 10482.0 10087.0 0.039159313968474274 5 27 21.0 0.0 0.039159313968474274 0
5 ec.gp.GPIndividual@955433556{-905716034} 206.0 10959.0 10054.0 0.09001392480604735 5 37 21.0 0.0 0.09001392480604735 0
5 ec.gp.GPIndividual@998229677{305315272} 355.0 11658.0 10861.0 0.07338182487800386 5 25 21.0 0.0 0.07338182487800386 0
5 ec.gp.GPIndividual@1607336906{-1134419711} 304.0 15443.0 14578.0 0.05933598573192482 5 38 21.0 0.0 0.05933598573192482 0
5 ec.gp.GPIndividual@1721128166{1351399631} 373.0 10482.0 10087.0 0.039159313968474274 5 26 21.0 0.0 0.039159313968474274 0
5 ec.gp.GPIndividual@1607336906{-1134419711} 465.0 11444.0 10861.0 0.05367829849921738 5 38 21.0 0.0 0.05367829849921738 0
5 ec.gp.GPIndividual@955433556{-905716034} 638.0 8767.0 8387.0 0.04530821509478956 5 37 21.0 0.0 0.04530821509478956 0
5 ec.gp.GPIndividual@955433556{-905716034} 112.0 15614.0 14578.0 0.07106598984771574 5 37 21.0 0.0 0.07106598984771574 0
5 ec.gp.GPIndividual@998229677{305315272} 866.0 8347.0 8160.0 0.022916666666666665 5 25 21.0 0.0 0.022916666666666665 0
5 ec.gp.GPIndividual@1607336906{-1134419711} 468.0 8774.0 8160.0 0.07524509803921568 5 38 21.0 0.0 0.07524509803921568 0
5 ec.gp.GPIndividual@955433556{-905716034} 294.0 11098.0 10861.0 0.02182119510174017 5 37 21.0 0.0 0.02182119510174017 0
5 ec.gp.GPIndividual@1160243748{-1611597098} 1358.0 8328.0 8317.0 0.0013225922808705061 5 27 21.0 0.0 0.0013225922808705061 0
5 ec.gp.GPIndividual@1607336906{-1134419711} 324.0 13661.0 12802.0 0.06709889079831276 5 38 21.0 0.0 0.06709889079831276 0
5 ec.gp.GPIndividual@955433556{-905716034} 423.0 8717.0 8160.0 0.06825980392156862 5 37 21.0 0.0 0.06825980392156862 0
5 ec.gp.GPIndividual@1721128166{1351399631} 1307.0 8328.0 8317.0 0.0013225922808705061 5 26 21.0 0.0 0.0013225922808705061 0
5 ec.gp.GPIndividual@974296328{636994392} 1620.0 8328.0 8317.0 0.0013225922808705061 5 37 21.0 0.0 0.0013225922808705061 0
5 ec.gp.GPIndividual@955433556{-905716034} 183.0 13688.0 12802.0 0.06920793625995939 5 37 21.0 0.0 0.06920793625995939 0
5 ec.gp.GPIndividual@1781788866{-1390611761} 203.0 10959.0 10054.0 0.09001392480604735 5 27 21.0 0.0 0.09001392480604735 0
5 ec.gp.GPIndividual@518344336{1634343282} 440.0 10449.0 10054.0 0.03928784563357868 5 36 21.0 0.0 0.03928784563357868 0
5 ec.gp.GPIndividual@1607336906{-1134419711} 451.0 10555.0 10087.0 0.04639635173986319 5 38 21.0 0.0 0.04639635173986319 0
5 ec.gp.GPIndividual@955433556{-905716034} 263.0 11263.0 10087.0 0.11658570437196392 5 37 21.0 0.0 0.11658570437196392 0
5 ec.gp.GPIndividual@752684408{1282543293} 465.0 10959.0 10054.0 0.09001392480604735 5 38 21.0 0.0 0.09001392480604735 0
5 ec.gp.GPIndividual@1781788866{-1390611761} 289.0 18881.0 8387.0 1.2512221294861094 5 27 21.0 0.0 1.2512221294861094 0
5 ec.gp.GPIndividual@518344336{1634343282} 283.0 13517.0 8387.0 0.611660903779659 5 36 21.0 0.0 0.611660903779659 0
5 ec.gp.GPIndividual@1781788866{-1390611761} 72.0 16676.0 14578.0 0.14391548909315408 5 27 21.0 0.0 0.14391548909315408 0
5 ec.gp.GPIndividual@998229677{305315272} 1400.0 12870.0 12802.0 0.005311670051554445 5 25 21.0 0.0 0.005311670051554445 0
5 ec.gp.GPIndividual@518344336{1634343282} 317.0 15342.0 14578.0 0.052407737686925505 5 36 21.0 0.0 0.052407737686925505 0
5 ec.gp.GPIndividual@1781788866{-1390611761} 311.0 11066.0 10861.0 0.018874873400239387 5 27 21.0 0.0 0.018874873400239387 0
5 ec.gp.GPIndividual@998229677{305315272} 329.0 11159.0 10087.0 0.10627540398532764 5 25 21.0 0.0 0.10627540398532764 0
5 ec.gp.GPIndividual@518344336{1634343282} 396.0 11066.0 10861.0 0.018874873400239387 5 36 21.0 0.0 0.018874873400239387 0
5 ec.gp.GPIndividual@955433556{-905716034} 963.0 8466.0 8317.0 0.017915113622700492 5 37 21.0 0.0 0.017915113622700492 0
5 ec.gp.GPIndividual@1607336906{-1134419711} 1303.0 10131.0 8317.0 0.2181074906817362 5 38 21.0 0.0 0.2181074906817362 0
5 ec.gp.GPIndividual@752684408{1282543293} 1259.0 8560.0 8387.0 0.020627161082627875 5 38 21.0 0.0 0.020627161082627875 0
5 ec.gp.GPIndividual@1781788866{-1390611761} 865.0 10033.0 8160.0 0.22953431372549019 5 27 21.0 0.0 0.22953431372549019 0
5 ec.gp.GPIndividual@1166534326{1495946927} 195.0 10959.0 10054.0 0.09001392480604735 5 37 21.0 0.0 0.09001392480604735 0
5 ec.gp.GPIndividual@1781788866{-1390611761} 42.0 14695.0 12802.0 0.14786752069989065 5 27 21.0 0.0 0.14786752069989065 0
5 ec.gp.GPIndividual@752684408{1282543293} 119.0 19584.0 14578.0 0.3433941555768967 5 38 21.0 0.0 0.3433941555768967 0
5 ec.gp.GPIndividual@998229677{305315272} 686.0 8328.0 8317.0 0.0013225922808705061 5 25 21.0 0.0 0.0013225922808705061 0
5 ec.gp.GPIndividual@1060776601{229567669} 605.0 10449.0 10054.0 0.03928784563357868 5 37 21.0 0.0 0.03928784563357868 0
5 ec.gp.GPIndividual@518344336{1634343282} 797.0 8564.0 8160.0 0.049509803921568625 5 36 21.0 0.0 0.049509803921568625 0
5 ec.gp.GPIndividual@1703849961{1012642075} 190.0 10054.0 10054.0 0.0 5 30 21.0 0.0 0.0 1
5 ec.gp.GPIndividual@1781788866{-1390611761} 292.0 11159.0 10087.0 0.10627540398532764 5 27 21.0 0.0 0.10627540398532764 0
5 ec.gp.GPIndividual@1166534326{1495946927} 360.0 13376.0 8387.0 0.5948491713365923 5 37 21.0 0.0 0.5948491713365923 0
5 ec.gp.GPIndividual@518344336{1634343282} 185.0 13688.0 12802.0 0.06920793625995939 5 36 21.0 0.0 0.06920793625995939 0
5 ec.gp.GPIndividual@1166534326{1495946927} 174.0 15613.0 14578.0 0.07099739333241871 5 37 21.0 0.0 0.07099739333241871 0
5 ec.gp.GPIndividual@752684408{1282543293} 942.0 10960.0 10861.0 0.009115182764018046 5 38 21.0 0.0 0.009115182764018046 0
5 ec.gp.GPIndividual@1166534326{1495946927} 447.0 11066.0 10861.0 0.018874873400239387 5 37 21.0 0.0 0.018874873400239387 0
5 ec.gp.GPIndividual@1781788866{-1390611761} 932.0 9420.0 8317.0 0.13261993507274258 5 27 21.0 0.0 0.13261993507274258 0
5 ec.gp.GPIndividual@1060776601{229567669} 1216.0 8767.0 8387.0 0.04530821509478956 5 37 21.0 0.0 0.04530821509478956 0
5 ec.gp.GPIndividual@1703849961{1012642075} 1195.0 8727.0 8387.0 0.040538929295338026 5 30 21.0 0.0 0.040538929295338026 1
5 ec.gp.GPIndividual@1170888557{-500320659} 206.0 10959.0 10054.0 0.09001392480604735 5 26 21.0 0.0 0.09001392480604735 0
5 ec.gp.GPIndividual@752684408{1282543293} 585.0 16974.0 8160.0 1.0801470588235293 5 38 21.0 0.0 1.0801470588235293 0
5 ec.gp.GPIndividual@1060776601{229567669} 166.0 15613.0 14578.0 0.07099739333241871 5 37 21.0 0.0 0.07099739333241871 0
5 ec.gp.GPIndividual@1703849961{1012642075} 160.0 15613.0 14578.0 0.07099739333241871 5 30 21.0 0.0 0.07099739333241871 1
5 ec.gp.GPIndividual@1166534326{1495946927} 776.0 8717.0 8160.0 0.06825980392156862 5 37 21.0 0.0 0.06825980392156862 0
5 ec.gp.GPIndividual@518344336{1634343282} 1367.0 10794.0 10087.0 0.07009021512838307 5 36 21.0 0.0 0.07009021512838307 0
5 ec.gp.GPIndividual@752684408{1282543293} 293.0 13661.0 12802.0 0.06709889079831276 5 38 21.0 0.0 0.06709889079831276 0
5 ec.gp.GPIndividual@1703849961{1012642075} 372.0 11658.0 10861.0 0.07338182487800386 5 30 21.0 0.0 0.07338182487800386 1
5 ec.gp.GPIndividual@1166534326{1495946927} 300.0 13661.0 12802.0 0.06709889079831276 5 37 21.0 0.0 0.06709889079831276 0
5 ec.gp.GPIndividual@1170888557{-500320659} 658.0 8767.0 8387.0 0.04530821509478956 5 26 21.0 0.0 0.04530821509478956 0
5 ec.gp.GPIndividual@752684408{1282543293} 317.0 10723.0 10087.0 0.06305145236442947 5 38 21.0 0.0 0.06305145236442947 0
5 ec.gp.GPIndividual@1170888557{-500320659} 178.0 15613.0 14578.0 0.07099739333241871 5 26 21.0 0.0 0.07099739333241871 0
5 ec.gp.GPIndividual@1166534326{1495946927} 351.0 10594.0 10087.0 0.05026271438485179 5 37 21.0 0.0 0.05026271438485179 0
5 ec.gp.GPIndividual@1170888557{-500320659} 352.0 11658.0 10861.0 0.07338182487800386 5 26 21.0 0.0 0.07338182487800386 0
5 ec.gp.GPIndividual@1703849961{1012642075} 847.0 8347.0 8160.0 0.022916666666666665 5 30 21.0 0.0 0.022916666666666665 1
5 ec.gp.GPIndividual@1166534326{1495946927} 493.0 8984.0 8317.0 0.0801971864855116 5 37 21.0 0.0 0.0801971864855116 0
5 ec.gp.GPIndividual@762524346{107062871} 44.0 11217.0 10054.0 0.1156753530932962 5 18 21.0 0.0 0.1156753530932962 0
5 ec.gp.GPIndividual@1060776601{229567669} 1410.0 11066.0 10861.0 0.018874873400239387 5 37 21.0 0.0 0.018874873400239387 0
5 ec.gp.GPIndividual@762524346{107062871} 289.0 13517.0 8387.0 0.611660903779659 5 18 21.0 0.0 0.611660903779659 0
5 ec.gp.GPIndividual@1703849961{1012642075} 473.0 13576.0 12802.0 0.06045930323386971 5 30 21.0 0.0 0.06045930323386971 1
5 ec.gp.GPIndividual@762524346{107062871} 69.0 15644.0 14578.0 0.07312388530662642 5 18 21.0 0.0 0.07312388530662642 0
5 ec.gp.GPIndividual@762524346{107062871} 137.0 11280.0 10861.0 0.03857839977902587 5 18 21.0 0.0 0.03857839977902587 0
5 ec.gp.GPIndividual@518344336{1634343282} 1660.0 8328.0 8317.0 0.0013225922808705061 5 36 21.0 0.0 0.0013225922808705061 0
5 ec.gp.GPIndividual@1170888557{-500320659} 827.0 8347.0 8160.0 0.022916666666666665 5 26 21.0 0.0 0.022916666666666665 0
5 ec.gp.GPIndividual@1703849961{1012642075} 188.0 11590.0 10087.0 0.14900366808763754 5 30 21.0 0.0 0.14900366808763754 1
5 ec.gp.GPIndividual@1170888557{-500320659} 144.0 13688.0 12802.0 0.06920793625995939 5 26 21.0 0.0 0.06920793625995939 0
5 ec.gp.GPIndividual@1037136878{1167159524} 226.0 10959.0 10054.0 0.09001392480604735 5 22 21.0 0.0 0.09001392480604735 0
5 ec.gp.GPIndividual@752684408{1282543293} 1588.0 8328.0 8317.0 0.0013225922808705061 5 38 21.0 0.0 0.0013225922808705061 0
5 ec.gp.GPIndividual@1657119366{670409602} 42.0 11217.0 10054.0 0.1156753530932962 5 31 21.0 0.0 0.1156753530932962 0
5 ec.gp.GPIndividual@1170888557{-500320659} 224.0 11590.0 10087.0 0.14900366808763754 5 26 21.0 0.0 0.14900366808763754 0
5 ec.gp.GPIndividual@1060776601{229567669} 923.0 8675.0 8160.0 0.06311274509803921 5 37 21.0 0.0 0.06311274509803921 0
5 ec.gp.GPIndividual@1037136878{1167159524} 277.0 19584.0 8387.0 1.3350423274114702 5 22 21.0 0.0 1.3350423274114702 0
5 ec.gp.GPIndividual@762524346{107062871} 517.0 8564.0 8160.0 0.049509803921568625 5 18 21.0 0.0 0.049509803921568625 0
5 ec.gp.GPIndividual@1060776601{229567669} 106.0 13803.0 12802.0 0.07819090767067646 5 37 21.0 0.0 0.07819090767067646 0
5 ec.gp.GPIndividual@762524346{107062871} 50.0 14590.0 12802.0 0.13966567723793158 5 18 21.0 0.0 0.13966567723793158 0
5 ec.gp.GPIndividual@1657119366{670409602} 307.0 13376.0 8387.0 0.5948491713365923 5 31 21.0 0.0 0.5948491713365923 0
5 ec.gp.GPIndividual@1037136878{1167159524} 162.0 15613.0 14578.0 0.07099739333241871 5 22 21.0 0.0 0.07099739333241871 0
5 ec.gp.GPIndividual@1703849961{1012642075} 657.0 8328.0 8317.0 0.0013225922808705061 5 30 21.0 0.0 0.0013225922808705061 1
5 ec.gp.GPIndividual@762524346{107062871} 145.0 10974.0 10087.0 0.08793496579756122 5 18 21.0 0.0 0.08793496579756122 0
5 ec.gp.GPIndividual@1657119366{670409602} 84.0 15614.0 14578.0 0.07106598984771574 5 31 21.0 0.0 0.07106598984771574 0
5 ec.gp.GPIndividual@1657119366{670409602} 117.0 11312.0 10861.0 0.041524721480526654 5 31 21.0 0.0 0.041524721480526654 0
5 ec.gp.GPIndividual@1037136878{1167159524} 348.0 11658.0 10861.0 0.07338182487800386 5 22 21.0 0.0 0.07338182487800386 0
5 ec.gp.GPIndividual@1060776601{229567669} 479.0 10383.0 10087.0 0.02934470110042629 5 37 21.0 0.0 0.02934470110042629 0
5 ec.gp.GPIndividual@762524346{107062871} 432.0 8328.0 8317.0 0.0013225922808705061 5 18 21.0 0.0 0.0013225922808705061 0
5 ec.gp.GPIndividual@1657119366{670409602} 414.0 8717.0 8160.0 0.06825980392156862 5 31 21.0 0.0 0.06825980392156862 0
5 ec.gp.GPIndividual@1657119366{670409602} 46.0 13803.0 12802.0 0.07819090767067646 5 31 21.0 0.0 0.07819090767067646 0
5 ec.gp.GPIndividual@978813084{1289106430} 714.0 10141.0 10054.0 0.008653272329421126 5 37 21.0 0.0 0.008653272329421126 0
5 ec.gp.GPIndividual@1657119366{670409602} 141.0 11373.0 10087.0 0.12749082978090612 5 31 21.0 0.0 0.12749082978090612 0
5 ec.gp.GPIndividual@1621090405{-537579965} 418.0 10449.0 10054.0 0.03928784563357868 5 37 21.0 0.0 0.03928784563357868 0
5 ec.gp.GPIndividual@1170888557{-500320659} 1179.0 8328.0 8317.0 0.0013225922808705061 5 26 21.0 0.0 0.0013225922808705061 0
5 ec.gp.GPIndividual@1037136878{1167159524} 606.0 10033.0 8160.0 0.22953431372549019 5 22 21.0 0.0 0.22953431372549019 0
5 ec.gp.GPIndividual@978813084{1289106430} 289.0 13376.0 8387.0 0.5948491713365923 5 37 21.0 0.0 0.5948491713365923 0
5 ec.gp.GPIndividual@1037136878{1167159524} 77.0 19584.0 12802.0 0.52976097484768 5 22 21.0 0.0 0.52976097484768 0
5 ec.gp.GPIndividual@1657119366{670409602} 462.0 8984.0 8317.0 0.0801971864855116 5 31 21.0 0.0 0.0801971864855116 0
5 ec.gp.GPIndividual@655845061{8723667} 0.0 100242.0 10054.0 0.8120151183608514 2 3 21.0 0.0 0.8120151183608514 0
5 ec.gp.GPIndividual@655845061{8723667} 0.0 100242.0 8387.0 0.7746512459759151 2 3 21.0 0.0 0.7746512459759151 0
5 ec.gp.GPIndividual@655845061{8723667} 0.0 100242.0 14578.0 0.8703525860886266 2 3 21.0 0.0 0.8703525860886266 0
5 ec.gp.GPIndividual@655845061{8723667} 0.0 100242.0 10861.0 0.82598287450511 2 3 21.0 0.0 0.82598287450511 0
5 ec.gp.GPIndividual@655845061{8723667} 0.0 100242.0 8160.0 0.7683823529411765 2 3 21.0 0.0 0.7683823529411765 0
5 ec.gp.GPIndividual@655845061{8723667} 0.0 100242.0 12802.0 0.8523668176847368 2 3 21.0 0.0 0.8523668176847368 0
5 ec.gp.GPIndividual@655845061{8723667} 0.0 100242.0 10087.0 0.8126301179736294 2 3 21.0 0.0 0.8126301179736294 0
5 ec.gp.GPIndividual@655845061{8723667} 0.0 100242.0 8317.0 0.7727545990140676 2 3 21.0 0.0 0.7727545990140676 0
5 ec.gp.GPIndividual@1037136878{1167159524} 218.0 11590.0 10087.0 0.14900366808763754 5 22 21.0 0.0 0.14900366808763754 0
5 ec.gp.GPIndividual@978813084{1289106430} 274.0 15613.0 14578.0 0.07099739333241871 5 37 21.0 0.0 0.07099739333241871 0
5 ec.gp.GPIndividual@1621090405{-537579965} 429.0 13376.0 8387.0 0.5948491713365923 5 37 21.0 0.0 0.5948491713365923 0
5 ec.gp.GPIndividual@1060776601{229567669} 959.0 8466.0 8317.0 0.017915113622700492 5 37 21.0 0.0 0.017915113622700492 0
5 ec.gp.GPIndividual@1621090405{-537579965} 71.0 15614.0 14578.0 0.07106598984771574 5 37 21.0 0.0 0.07106598984771574 0
5 ec.gp.GPIndividual@1945985839{2014441475} 650.0 10141.0 10054.0 0.008653272329421126 5 31 21.0 0.0 0.008653272329421126 0
5 ec.gp.GPIndividual@1936865189{-1934735088} 407.0 10449.0 10054.0 0.03928784563357868 5 37 21.0 0.0 0.03928784563357868 0
5 ec.gp.GPIndividual@1037136878{1167159524} 518.0 8328.0 8317.0 0.0013225922808705061 5 22 21.0 0.0 0.0013225922808705061 0
5 ec.gp.GPIndividual@1621090405{-537579965} 414.0 11066.0 10861.0 0.018874873400239387 5 37 21.0 0.0 0.018874873400239387 0
5 ec.gp.GPIndividual@978813084{1289106430} 641.0 11066.0 10861.0 0.018874873400239387 5 37 21.0 0.0 0.018874873400239387 0
5 ec.gp.GPIndividual@607563736{-675393087} 483.0 9246.0 10054.0 0.08036602347324448 5 30 21.0 0.0 0.08036602347324448 0
5 ec.gp.GPIndividual@978813084{1289106430} 535.0 8717.0 8160.0 0.06825980392156862 5 37 21.0 0.0 0.06825980392156862 0
5 ec.gp.GPIndividual@978813084{1289106430} 73.0 13803.0 12802.0 0.07819090767067646 5 37 21.0 0.0 0.07819090767067646 0
5 ec.gp.GPIndividual@978813084{1289106430} 141.0 11373.0 10087.0 0.12749082978090612 5 37 21.0 0.0 0.12749082978090612 0
5 ec.gp.GPIndividual@1621090405{-537579965} 981.0 8675.0 8160.0 0.06311274509803921 5 37 21.0 0.0 0.06311274509803921 0
5 ec.gp.GPIndividual@1936865189{-1934735088} 1162.0 8634.0 8387.0 0.02945033981161321 5 37 21.0 0.0 0.02945033981161321 0
5 ec.gp.GPIndividual@1945985839{2014441475} 1267.0 8560.0 8387.0 0.020627161082627875 5 31 21.0 0.0 0.020627161082627875 0
5 ec.gp.GPIndividual@1945985839{2014441475} 84.0 15613.0 14578.0 0.07099739333241871 5 31 21.0 0.0 0.07099739333241871 0
5 ec.gp.GPIndividual@1621090405{-537579965} 120.0 13803.0 12802.0 0.07819090767067646 5 37 21.0 0.0 0.07819090767067646 0
5 ec.gp.GPIndividual@1936865189{-1934735088} 106.0 15613.0 14578.0 0.07099739333241871 5 37 21.0 0.0 0.07099739333241871 0
5 ec.gp.GPIndividual@1621090405{-537579965} 332.0 10594.0 10087.0 0.05026271438485179 5 37 21.0 0.0 0.05026271438485179 0
5 ec.gp.GPIndividual@1936865189{-1934735088} 394.0 11066.0 10861.0 0.018874873400239387 5 37 21.0 0.0 0.018874873400239387 0
5 ec.gp.GPIndividual@1945985839{2014441475} 591.0 11247.0 10861.0 0.03554000552435319 5 31 21.0 0.0 0.03554000552435319 0
5 ec.gp.GPIndividual@1621090405{-537579965} 958.0 8466.0 8317.0 0.017915113622700492 5 37 21.0 0.0 0.017915113622700492 0
5 ec.gp.GPIndividual@1936865189{-1934735088} 914.0 8675.0 8160.0 0.06311274509803921 5 37 21.0 0.0 0.06311274509803921 0
5 ec.gp.GPIndividual@1340108783{-1225134606} 43.0 11217.0 10054.0 0.1156753530932962 5 19 21.0 0.0 0.1156753530932962 0
5 ec.gp.GPIndividual@978813084{1289106430} 1686.0 8328.0 8317.0 0.0013225922808705061 5 37 21.0 0.0 0.0013225922808705061 0
5 ec.gp.GPIndividual@635482629{-1430790031} 43.0 11217.0 10054.0 0.1156753530932962 4 7 21.0 0.0 0.1156753530932962 0
5 ec.gp.GPIndividual@607563736{-675393087} 2196.0 8624.0 8387.0 0.028258018361750327 5 30 21.0 0.0 0.028258018361750327 0
5 ec.gp.GPIndividual@1945985839{2014441475} 1019.0 8347.0 8160.0 0.022916666666666665 5 31 21.0 0.0 0.022916666666666665 0
5 ec.gp.GPIndividual@1936865189{-1934735088} 306.0 13661.0 12802.0 0.06709889079831276 5 37 21.0 0.0 0.06709889079831276 0
5 ec.gp.GPIndividual@1340108783{-1225134606} 303.0 8767.0 8387.0 0.04530821509478956 5 19 21.0 0.0 0.04530821509478956 0
5 ec.gp.GPIndividual@1340108783{-1225134606} 88.0 15644.0 14578.0 0.07312388530662642 5 19 21.0 0.0 0.07312388530662642 0
5 ec.gp.GPIndividual@1340108783{-1225134606} 120.0 11280.0 10861.0 0.03857839977902587 5 19 21.0 0.0 0.03857839977902587 0
5 ec.gp.GPIndividual@635482629{-1430790031} 337.0 8767.0 8387.0 0.04530821509478956 4 7 21.0 0.0 0.04530821509478956 0
5 ec.gp.GPIndividual@1936865189{-1934735088} 283.0 11263.0 10087.0 0.11658570437196392 5 37 21.0 0.0 0.11658570437196392 0
5 ec.gp.GPIndividual@635482629{-1430790031} 92.0 15549.0 14578.0 0.06660721635340924 4 7 21.0 0.0 0.06660721635340924 0
5 ec.gp.GPIndividual@1945985839{2014441475} 351.0 13661.0 12802.0 0.06709889079831276 5 31 21.0 0.0 0.06709889079831276 0
5 ec.gp.GPIndividual@635482629{-1430790031} 133.0 11280.0 10861.0 0.03857839977902587 4 7 21.0 0.0 0.03857839977902587 0
5 ec.gp.GPIndividual@1340108783{-1225134606} 480.0 8564.0 8160.0 0.049509803921568625 5 19 21.0 0.0 0.049509803921568625 0
5 ec.gp.GPIndividual@1936865189{-1934735088} 438.0 8984.0 8317.0 0.0801971864855116 5 37 21.0 0.0 0.0801971864855116 0
5 ec.gp.GPIndividual@931152510{664513076} 0.0 105260.0 10054.0 0.8563755719116769 1 1 21.0 0.0 0.8563755719116769 0
5 ec.gp.GPIndividual@931152510{664513076} 0.0 105260.0 8387.0 0.8278287826397996 1 1 21.0 0.0 0.8278287826397996 0
5 ec.gp.GPIndividual@931152510{664513076} 0.0 105260.0 14578.0 0.9009466319110989 1 1 21.0 0.0 0.9009466319110989 0
5 ec.gp.GPIndividual@931152510{664513076} 0.0 105260.0 10861.0 0.8670472332197772 1 1 21.0 0.0 0.8670472332197772 0
5 ec.gp.GPIndividual@931152510{664513076} 0.0 105260.0 8160.0 0.8230392156862745 1 1 21.0 0.0 0.8230392156862745 0
5 ec.gp.GPIndividual@931152510{664513076} 0.0 105260.0 12802.0 0.8872051241993438 1 1 21.0 0.0 0.8872051241993438 0
5 ec.gp.GPIndividual@931152510{664513076} 0.0 105260.0 10087.0 0.8568454446317042 1 1 21.0 0.0 0.8568454446317042 0
5 ec.gp.GPIndividual@931152510{664513076} 0.0 105260.0 8317.0 0.8263797042202717 1 1 21.0 0.0 0.8263797042202717 0
5 ec.gp.GPIndividual@1340108783{-1225134606} 56.0 14590.0 12802.0 0.13966567723793158 5 19 21.0 0.0 0.13966567723793158 0
5 ec.gp.GPIndividual@1945985839{2014441475} 529.0 10383.0 10087.0 0.02934470110042629 5 31 21.0 0.0 0.02934470110042629 0
5 ec.gp.GPIndividual@1340108783{-1225134606} 114.0 10974.0 10087.0 0.08793496579756122 5 19 21.0 0.0 0.08793496579756122 0
5 ec.gp.GPIndividual@635482629{-1430790031} 483.0 8564.0 8160.0 0.049509803921568625 4 7 21.0 0.0 0.049509803921568625 0
5 ec.gp.GPIndividual@635482629{-1430790031} 57.0 14590.0 12802.0 0.13966567723793158 4 7 21.0 0.0 0.13966567723793158 0
5 ec.gp.GPIndividual@635482629{-1430790031} 120.0 10974.0 10087.0 0.08793496579756122 4 7 21.0 0.0 0.08793496579756122 0
5 ec.gp.GPIndividual@1340108783{-1225134606} 365.0 8328.0 8317.0 0.0013225922808705061 5 19 21.0 0.0 0.0013225922808705061 0
5 ec.gp.GPIndividual@635482629{-1430790031} 361.0 8328.0 8317.0 0.0013225922808705061 4 7 21.0 0.0 0.0013225922808705061 0
5 ec.gp.GPIndividual@1626292922{-1928509802} 171.0 10959.0 10054.0 0.09001392480604735 5 36 21.0 0.0 0.09001392480604735 0
5 ec.gp.GPIndividual@607563736{-675393087} 2123.0 15053.0 14578.0 0.03258334476608588 5 30 21.0 0.0 0.03258334476608588 0
5 ec.gp.GPIndividual@607563736{-675393087} 276.0 11658.0 10861.0 0.07338182487800386 5 30 21.0 0.0 0.07338182487800386 0
5 ec.gp.GPIndividual@1626292922{-1928509802} 736.0 8767.0 8387.0 0.04530821509478956 5 36 21.0 0.0 0.04530821509478956 0
5 ec.gp.GPIndividual@1626292922{-1928509802} 187.0 15443.0 14578.0 0.05933598573192482 5 36 21.0 0.0 0.05933598573192482 0
5 ec.gp.GPIndividual@1626292922{-1928509802} 293.0 11658.0 10861.0 0.07338182487800386 5 36 21.0 0.0 0.07338182487800386 0
5 ec.gp.GPIndividual@607563736{-675393087} 691.0 8347.0 8160.0 0.022916666666666665 5 30 21.0 0.0 0.022916666666666665 0
5 ec.gp.GPIndividual@607563736{-675393087} 209.0 13031.0 12802.0 0.01788783002655835 5 30 21.0 0.0 0.01788783002655835 0
5 ec.gp.GPIndividual@607563736{-675393087} 247.0 11159.0 10087.0 0.10627540398532764 5 30 21.0 0.0 0.10627540398532764 0
5 ec.gp.GPIndividual@1626292922{-1928509802} 687.0 8347.0 8160.0 0.022916666666666665 5 36 21.0 0.0 0.022916666666666665 0
5 ec.gp.GPIndividual@1626292922{-1928509802} 124.0 19584.0 12802.0 0.52976097484768 5 36 21.0 0.0 0.52976097484768 0
5 ec.gp.GPIndividual@1945985839{2014441475} 2991.0 8328.0 8317.0 0.0013225922808705061 5 31 21.0 0.0 0.0013225922808705061 0
5 ec.gp.GPIndividual@1567163021{1744306839} 38.0 11217.0 10054.0 0.1156753530932962 5 31 21.0 0.0 0.1156753530932962 0
5 ec.gp.GPIndividual@1626292922{-1928509802} 256.0 11159.0 10087.0 0.10627540398532764 5 36 21.0 0.0 0.10627540398532764 0
5 ec.gp.GPIndividual@1567163021{1744306839} 301.0 8767.0 8387.0 0.04530821509478956 5 31 21.0 0.0 0.04530821509478956 0
5 ec.gp.GPIndividual@607563736{-675393087} 808.0 8328.0 8317.0 0.0013225922808705061 5 30 21.0 0.0 0.0013225922808705061 0
5 ec.gp.GPIndividual@1567163021{1744306839} 78.0 15613.0 14578.0 0.07099739333241871 5 31 21.0 0.0 0.07099739333241871 0
5 ec.gp.GPIndividual@1567163021{1744306839} 114.0 11312.0 10861.0 0.041524721480526654 5 31 21.0 0.0 0.041524721480526654 0
5 ec.gp.GPIndividual@1567163021{1744306839} 316.0 8717.0 8160.0 0.06825980392156862 5 31 21.0 0.0 0.06825980392156862 0
5 ec.gp.GPIndividual@1567163021{1744306839} 99.0 13688.0 12802.0 0.06920793625995939 5 31 21.0 0.0 0.06920793625995939 0
5 ec.gp.GPIndividual@1567163021{1744306839} 105.0 11373.0 10087.0 0.12749082978090612 5 31 21.0 0.0 0.12749082978090612 0
5 ec.gp.GPIndividual@1567163021{1744306839} 356.0 8984.0 8317.0 0.0801971864855116 5 31 21.0 0.0 0.0801971864855116 0
5 ec.gp.GPIndividual@1626292922{-1928509802} 6935.0 8328.0 8317.0 0.0013225922808705061 5 36 21.0 0.0 0.0013225922808705061 0
5 ec.gp.GPIndividual@1879984297{-2098399958} 0.0 109280.0 10054.0 1.0 2 3 21.0 0.0 1.0 0
5 ec.gp.GPIndividual@1879984297{-2098399958} 0.0 109280.0 8387.0 1.0 2 3 21.0 0.0 1.0 0
5 ec.gp.GPIndividual@1879984297{-2098399958} 0.0 109280.0 14578.0 1.0 2 3 21.0 0.0 1.0 0
5 ec.gp.GPIndividual@1879984297{-2098399958} 0.0 109280.0 10861.0 1.0 2 3 21.0 0.0 1.0 0
5 ec.gp.GPIndividual@1879984297{-2098399958} 0.0 109280.0 8160.0 1.0 2 3 21.0 0.0 1.0 0
5 ec.gp.GPIndividual@1879984297{-2098399958} 0.0 109280.0 12802.0 1.0 2 3 21.0 0.0 1.0 0
5 ec.gp.GPIndividual@1879984297{-2098399958} 0.0 109280.0 10087.0 1.0 2 3 21.0 0.0 1.0 0
5 ec.gp.GPIndividual@1879984297{-2098399958} 0.0 109280.0 8317.0 1.0 2 3 21.0 0.0 1.0 0
6 ec.gp.GPIndividual@1985701204{368032828} 0.0 12674.0 10054.0 0.2605927988860155 5 22 21.0 0.0 0.2605927988860155 0
6 ec.gp.GPIndividual@1985701204{368032828} 0.0 12661.0 8387.0 0.5095981876713962 5 22 21.0 0.0 0.5095981876713962 0
6 ec.gp.GPIndividual@1985701204{368032828} 0.0 15644.0 14578.0 0.07312388530662642 5 22 21.0 0.0 0.07312388530662642 0
6 ec.gp.GPIndividual@1985701204{368032828} 0.0 12894.0 10861.0 0.1871835005984716 5 22 21.0 0.0 0.1871835005984716 0
6 ec.gp.GPIndividual@1985701204{368032828} 0.0 12665.0 8160.0 0.5520833333333334 5 22 21.0 0.0 0.5520833333333334 0
6 ec.gp.GPIndividual@1985701204{368032828} 0.0 13918.0 12802.0 0.08717387908139353 5 22 21.0 0.0 0.08717387908139353 0
6 ec.gp.GPIndividual@1985701204{368032828} 0.0 12674.0 10087.0 0.2564687221175771 5 22 21.0 0.0 0.2564687221175771 0
6 ec.gp.GPIndividual@1985701204{368032828} 0.0 12672.0 8317.0 0.5236263075628231 5 22 21.0 0.0 0.5236263075628231 0
6 ec.gp.GPIndividual@2015233946{1723202015} 48.0 11217.0 10054.0 0.1156753530932962 5 24 21.0 0.0 0.1156753530932962 0
6 ec.gp.GPIndividual@517679047{1003272796} 221.0 10959.0 10054.0 0.09001392480604735 5 23 21.0 0.0 0.09001392480604735 0
6 ec.gp.GPIndividual@1451987200{1096406825} 258.0 10959.0 10054.0 0.09001392480604735 5 27 21.0 0.0 0.09001392480604735 0
6 ec.gp.GPIndividual@891851507{298890268} 323.0 10959.0 10054.0 0.09001392480604735 5 35 21.0 0.0 0.09001392480604735 0
6 ec.gp.GPIndividual@2015233946{1723202015} 298.0 13517.0 8387.0 0.611660903779659 5 24 21.0 0.0 0.611660903779659 0
6 ec.gp.GPIndividual@1580865456{1121446101} 369.0 10959.0 10054.0 0.09001392480604735 5 26 21.0 0.0 0.09001392480604735 0
6 ec.gp.GPIndividual@2015233946{1723202015} 67.0 15644.0 14578.0 0.07312388530662642 5 24 21.0 0.0 0.07312388530662642 0
6 ec.gp.GPIndividual@673799170{1777553027} 446.0 10959.0 10054.0 0.09001392480604735 5 19 21.0 0.0 0.09001392480604735 0
6 ec.gp.GPIndividual@2015233946{1723202015} 129.0 11280.0 10861.0 0.03857839977902587 5 24 21.0 0.0 0.03857839977902587 0
6 ec.gp.GPIndividual@1451987200{1096406825} 327.0 13517.0 8387.0 0.611660903779659 5 27 21.0 0.0 0.611660903779659 0
6 ec.gp.GPIndividual@891851507{298890268} 284.0 13376.0 8387.0 0.5948491713365923 5 35 21.0 0.0 0.5948491713365923 0
6 ec.gp.GPIndividual@1580865456{1121446101} 286.0 13517.0 8387.0 0.611660903779659 5 26 21.0 0.0 0.611660903779659 0
6 ec.gp.GPIndividual@517679047{1003272796} 467.0 19584.0 8387.0 1.3350423274114702 5 23 21.0 0.0 1.3350423274114702 0
6 ec.gp.GPIndividual@891851507{298890268} 87.0 15614.0 14578.0 0.07106598984771574 5 35 21.0 0.0 0.07106598984771574 0
6 ec.gp.GPIndividual@1451987200{1096406825} 125.0 15644.0 14578.0 0.07312388530662642 5 27 21.0 0.0 0.07312388530662642 0
6 ec.gp.GPIndividual@517679047{1003272796} 154.0 15613.0 14578.0 0.07099739333241871 5 23 21.0 0.0 0.07099739333241871 0
6 ec.gp.GPIndividual@2015233946{1723202015} 521.0 8564.0 8160.0 0.049509803921568625 5 24 21.0 0.0 0.049509803921568625 0
6 ec.gp.GPIndividual@673799170{1777553027} 630.0 8767.0 8387.0 0.04530821509478956 5 19 21.0 0.0 0.04530821509478956 0
6 ec.gp.GPIndividual@517679047{1003272796} 242.0 12610.0 10861.0 0.16103489549765215 5 23 21.0 0.0 0.16103489549765215 0
6 ec.gp.GPIndividual@1580865456{1121446101} 456.0 15194.0 14578.0 0.04225545342296611 5 26 21.0 0.0 0.04225545342296611 0
6 ec.gp.GPIndividual@2015233946{1723202015} 56.0 14590.0 12802.0 0.13966567723793158 5 24 21.0 0.0 0.13966567723793158 0
6 ec.gp.GPIndividual@891851507{298890268} 428.0 11066.0 10861.0 0.018874873400239387 5 35 21.0 0.0 0.018874873400239387 0
6 ec.gp.GPIndividual@2015233946{1723202015} 136.0 10974.0 10087.0 0.08793496579756122 5 24 21.0 0.0 0.08793496579756122 0
6 ec.gp.GPIndividual@673799170{1777553027} 337.0 15229.0 14578.0 0.04465633145836192 5 19 21.0 0.0 0.04465633145836192 0
6 ec.gp.GPIndividual@2015233946{1723202015} 453.0 8328.0 8317.0 0.0013225922808705061 5 24 21.0 0.0 0.0013225922808705061 0
6 ec.gp.GPIndividual@517679047{1003272796} 824.0 8347.0 8160.0 0.022916666666666665 5 23 21.0 0.0 0.022916666666666665 0
6 ec.gp.GPIndividual@1688430354{-242604257} 205.0 10959.0 10054.0 0.09001392480604735 5 21 21.0 0.0 0.09001392480604735 0
6 ec.gp.GPIndividual@891851507{298890268} 916.0 8675.0 8160.0 0.06311274509803921 5 35 21.0 0.0 0.06311274509803921 0
6 ec.gp.GPIndividual@517679047{1003272796} 147.0 13688.0 12802.0 0.06920793625995939 5 23 21.0 0.0 0.06920793625995939 0
6 ec.gp.GPIndividual@1451987200{1096406825} 1437.0 11066.0 10861.0 0.018874873400239387 5 27 21.0 0.0 0.018874873400239387 0
6 ec.gp.GPIndividual@673799170{1777553027} 797.0 11066.0 10861.0 0.018874873400239387 5 19 21.0 0.0 0.018874873400239387 0
6 ec.gp.GPIndividual@891851507{298890268} 319.0 13661.0 12802.0 0.06709889079831276 5 35 21.0 0.0 0.06709889079831276 0
6 ec.gp.GPIndividual@517679047{1003272796} 315.0 11159.0 10087.0 0.10627540398532764 5 23 21.0 0.0 0.10627540398532764 0
6 ec.gp.GPIndividual@1580865456{1121446101} 1584.0 11066.0 10861.0 0.018874873400239387 5 26 21.0 0.0 0.018874873400239387 0
6 ec.gp.GPIndividual@891851507{298890268} 351.0 10594.0 10087.0 0.05026271438485179 5 35 21.0 0.0 0.05026271438485179 0
6 ec.gp.GPIndividual@1580865456{1121446101} 533.0 8564.0 8160.0 0.049509803921568625 5 26 21.0 0.0 0.049509803921568625 0
6 ec.gp.GPIndividual@1688430354{-242604257} 1361.0 8560.0 8387.0 0.020627161082627875 5 21 21.0 0.0 0.020627161082627875 0
6 ec.gp.GPIndividual@1580865456{1121446101} 76.0 14590.0 12802.0 0.13966567723793158 5 26 21.0 0.0 0.13966567723793158 0
6 ec.gp.GPIndividual@1451987200{1096406825} 1251.0 8347.0 8160.0 0.022916666666666665 5 27 21.0 0.0 0.022916666666666665 0
6 ec.gp.GPIndividual@673799170{1777553027} 1197.0 8347.0 8160.0 0.022916666666666665 5 19 21.0 0.0 0.022916666666666665 0
6 ec.gp.GPIndividual@1580865456{1121446101} 130.0 10974.0 10087.0 0.08793496579756122 5 26 21.0 0.0 0.08793496579756122 0
6 ec.gp.GPIndividual@891851507{298890268} 821.0 8984.0 8317.0 0.0801971864855116 5 35 21.0 0.0 0.0801971864855116 0
6 ec.gp.GPIndividual@24805390{-1907901266} 0.0 109280.0 10054.0 1.0 5 21 21.0 0.0 1.0 0
6 ec.gp.GPIndividual@24805390{-1907901266} 0.0 109280.0 8387.0 1.0 5 21 21.0 0.0 1.0 0
6 ec.gp.GPIndividual@24805390{-1907901266} 0.0 109280.0 14578.0 1.0 5 21 21.0 0.0 1.0 0
6 ec.gp.GPIndividual@24805390{-1907901266} 0.0 109280.0 10861.0 1.0 5 21 21.0 0.0 1.0 0
6 ec.gp.GPIndividual@24805390{-1907901266} 0.0 109280.0 8160.0 1.0 5 21 21.0 0.0 1.0 0
6 ec.gp.GPIndividual@24805390{-1907901266} 0.0 109280.0 12802.0 1.0 5 21 21.0 0.0 1.0 0
6 ec.gp.GPIndividual@24805390{-1907901266} 0.0 109280.0 10087.0 1.0 5 21 21.0 0.0 1.0 0
6 ec.gp.GPIndividual@24805390{-1907901266} 0.0 109280.0 8317.0 1.0 5 21 21.0 0.0 1.0 0
6 ec.gp.GPIndividual@1451987200{1096406825} 318.0 13661.0 12802.0 0.06709889079831276 5 27 21.0 0.0 0.06709889079831276 0
6 ec.gp.GPIndividual@517679047{1003272796} 1360.0 8328.0 8317.0 0.0013225922808705061 5 23 21.0 0.0 0.0013225922808705061 0
6 ec.gp.GPIndividual@673799170{1777553027} 329.0 13661.0 12802.0 0.06709889079831276 5 19 21.0 0.0 0.06709889079831276 0
6 ec.gp.GPIndividual@1580865456{1121446101} 435.0 8328.0 8317.0 0.0013225922808705061 5 26 21.0 0.0 0.0013225922808705061 0
6 ec.gp.GPIndividual@511300748{634613668} 402.0 10959.0 10054.0 0.09001392480604735 5 21 21.0 0.0 0.09001392480604735 0
6 ec.gp.GPIndividual@2060931472{-783758223} 216.0 11217.0 10054.0 0.1156753530932962 5 28 21.0 0.0 0.1156753530932962 0
6 ec.gp.GPIndividual@1788822313{-976288977} 217.0 10959.0 10054.0 0.09001392480604735 5 27 21.0 0.0 0.09001392480604735 0
6 ec.gp.GPIndividual@1451987200{1096406825} 383.0 10482.0 10087.0 0.039159313968474274 5 27 21.0 0.0 0.039159313968474274 0
6 ec.gp.GPIndividual@1688430354{-242604257} 919.0 14697.0 14578.0 0.008162985320345727 5 21 21.0 0.0 0.008162985320345727 0
6 ec.gp.GPIndividual@1788822313{-976288977} 282.0 19584.0 8387.0 1.3350423274114702 5 27 21.0 0.0 1.3350423274114702 0
6 ec.gp.GPIndividual@1788822313{-976288977} 73.0 19584.0 14578.0 0.3433941555768967 5 27 21.0 0.0 0.3433941555768967 0
6 ec.gp.GPIndividual@673799170{1777553027} 710.0 10405.0 10087.0 0.03152572618221473 5 19 21.0 0.0 0.03152572618221473 0
6 ec.gp.GPIndividual@1788822313{-976288977} 336.0 11066.0 10861.0 0.018874873400239387 5 27 21.0 0.0 0.018874873400239387 0
6 ec.gp.GPIndividual@2060931472{-783758223} 1269.0 8560.0 8387.0 0.020627161082627875 5 28 21.0 0.0 0.020627161082627875 0
6 ec.gp.GPIndividual@2060931472{-783758223} 104.0 15644.0 14578.0 0.07312388530662642 5 28 21.0 0.0 0.07312388530662642 0
6 ec.gp.GPIndividual@511300748{634613668} 1516.0 8624.0 8387.0 0.028258018361750327 5 21 21.0 0.0 0.028258018361750327 0
6 ec.gp.GPIndividual@2060931472{-783758223} 155.0 11280.0 10861.0 0.03857839977902587 5 28 21.0 0.0 0.03857839977902587 0
6 ec.gp.GPIndividual@1788822313{-976288977} 923.0 8773.0 8160.0 0.07512254901960784 5 27 21.0 0.0 0.07512254901960784 0
6 ec.gp.GPIndividual@511300748{634613668} 281.0 15443.0 14578.0 0.05933598573192482 5 21 21.0 0.0 0.05933598573192482 0
6 ec.gp.GPIndividual@1788822313{-976288977} 40.0 19584.0 12802.0 0.52976097484768 5 27 21.0 0.0 0.52976097484768 0
6 ec.gp.GPIndividual@1451987200{1096406825} 1674.0 8328.0 8317.0 0.0013225922808705061 5 27 21.0 0.0 0.0013225922808705061 0
6 ec.gp.GPIndividual@1688430354{-242604257} 1703.0 11066.0 10861.0 0.018874873400239387 5 21 21.0 0.0 0.018874873400239387 0
6 ec.gp.GPIndividual@1788822313{-976288977} 292.0 10723.0 10087.0 0.06305145236442947 5 27 21.0 0.0 0.06305145236442947 0
6 ec.gp.GPIndividual@511300748{634613668} 427.0 11066.0 10861.0 0.018874873400239387 5 21 21.0 0.0 0.018874873400239387 0
6 ec.gp.GPIndividual@1290531833{1096406825} 435.0 10449.0 10054.0 0.03928784563357868 5 27 21.0 0.0 0.03928784563357868 0
6 ec.gp.GPIndividual@1688430354{-242604257} 535.0 8564.0 8160.0 0.049509803921568625 5 21 21.0 0.0 0.049509803921568625 0
6 ec.gp.GPIndividual@1290531833{1096406825} 291.0 13517.0 8387.0 0.611660903779659 5 27 21.0 0.0 0.611660903779659 0
6 ec.gp.GPIndividual@1688430354{-242604257} 75.0 14590.0 12802.0 0.13966567723793158 5 21 21.0 0.0 0.13966567723793158 0
6 ec.gp.GPIndividual@2060931472{-783758223} 1039.0 8446.0 8160.0 0.03504901960784314 5 28 21.0 0.0 0.03504901960784314 0
6 ec.gp.GPIndividual@511300748{634613668} 394.0 8717.0 8160.0 0.06825980392156862 5 21 21.0 0.0 0.06825980392156862 0
6 ec.gp.GPIndividual@1290531833{1096406825} 70.0 15644.0 14578.0 0.07312388530662642 5 27 21.0 0.0 0.07312388530662642 0
6 ec.gp.GPIndividual@2060931472{-783758223} 70.0 14590.0 12802.0 0.13966567723793158 5 28 21.0 0.0 0.13966567723793158 0
6 ec.gp.GPIndividual@673799170{1777553027} 2329.0 8328.0 8317.0 0.0013225922808705061 5 19 21.0 0.0 0.0013225922808705061 0
6 ec.gp.GPIndividual@1070532437{-1430790031} 44.0 11217.0 10054.0 0.1156753530932962 4 7 21.0 0.0 0.1156753530932962 0
6 ec.gp.GPIndividual@1688430354{-242604257} 310.0 10597.0 10087.0 0.05056012689600476 5 21 21.0 0.0 0.05056012689600476 0
6 ec.gp.GPIndividual@2060931472{-783758223} 249.0 10974.0 10087.0 0.08793496579756122 5 28 21.0 0.0 0.08793496579756122 0
6 ec.gp.GPIndividual@511300748{634613668} 325.0 13661.0 12802.0 0.06709889079831276 5 21 21.0 0.0 0.06709889079831276 0
6 ec.gp.GPIndividual@1070532437{-1430790031} 289.0 13517.0 8387.0 0.611660903779659 4 7 21.0 0.0 0.611660903779659 0
6 ec.gp.GPIndividual@1290531833{1096406825} 560.0 11066.0 10861.0 0.018874873400239387 5 27 21.0 0.0 0.018874873400239387 0
6 ec.gp.GPIndividual@1070532437{-1430790031} 69.0 15644.0 14578.0 0.07312388530662642 4 7 21.0 0.0 0.07312388530662642 0
6 ec.gp.GPIndividual@511300748{634613668} 363.0 10594.0 10087.0 0.05026271438485179 5 21 21.0 0.0 0.05026271438485179 0
6 ec.gp.GPIndividual@1070532437{-1430790031} 122.0 11280.0 10861.0 0.03857839977902587 4 7 21.0 0.0 0.03857839977902587 0
6 ec.gp.GPIndividual@1788822313{-976288977} 1701.0 8328.0 8317.0 0.0013225922808705061 5 27 21.0 0.0 0.0013225922808705061 0
6 ec.gp.GPIndividual@1070532437{-1430790031} 522.0 8564.0 8160.0 0.049509803921568625 4 7 21.0 0.0 0.049509803921568625 0
6 ec.gp.GPIndividual@1070532437{-1430790031} 39.0 14590.0 12802.0 0.13966567723793158 4 7 21.0 0.0 0.13966567723793158 0
6 ec.gp.GPIndividual@1070532437{-1430790031} 119.0 10974.0 10087.0 0.08793496579756122 4 7 21.0 0.0 0.08793496579756122 0
6 ec.gp.GPIndividual@1558643607{538339264} 433.0 10449.0 10054.0 0.03928784563357868 5 21 21.0 0.0 0.03928784563357868 0
6 ec.gp.GPIndividual@511300748{634613668} 1060.0 8466.0 8317.0 0.017915113622700492 5 21 21.0 0.0 0.017915113622700492 0
6 ec.gp.GPIndividual@1378504635{917948461} 0.0 105260.0 10054.0 0.8563755719116769 1 1 21.0 0.0 0.8563755719116769 0
6 ec.gp.GPIndividual@1378504635{917948461} 0.0 105260.0 8387.0 0.8278287826397996 1 1 21.0 0.0 0.8278287826397996 0
6 ec.gp.GPIndividual@1378504635{917948461} 0.0 105260.0 14578.0 0.9009466319110989 1 1 21.0 0.0 0.9009466319110989 0
6 ec.gp.GPIndividual@1378504635{917948461} 0.0 105260.0 10861.0 0.8670472332197772 1 1 21.0 0.0 0.8670472332197772 0
6 ec.gp.GPIndividual@1378504635{917948461} 0.0 105260.0 8160.0 0.8230392156862745 1 1 21.0 0.0 0.8230392156862745 0
6 ec.gp.GPIndividual@1378504635{917948461} 0.0 105260.0 12802.0 0.8872051241993438 1 1 21.0 0.0 0.8872051241993438 0
6 ec.gp.GPIndividual@1378504635{917948461} 0.0 105260.0 10087.0 0.8568454446317042 1 1 21.0 0.0 0.8568454446317042 0
6 ec.gp.GPIndividual@1378504635{917948461} 0.0 105260.0 8317.0 0.8263797042202717 1 1 21.0 0.0 0.8263797042202717 0
6 ec.gp.GPIndividual@1290531833{1096406825} 1208.0 8347.0 8160.0 0.022916666666666665 5 27 21.0 0.0 0.022916666666666665 0
6 ec.gp.GPIndividual@1290531833{1096406825} 69.0 14590.0 12802.0 0.13966567723793158 5 27 21.0 0.0 0.13966567723793158 0
6 ec.gp.GPIndividual@2060931472{-783758223} 1593.0 8328.0 8317.0 0.0013225922808705061 5 28 21.0 0.0 0.0013225922808705061 0
6 ec.gp.GPIndividual@1070532437{-1430790031} 456.0 8328.0 8317.0 0.0013225922808705061 4 7 21.0 0.0 0.0013225922808705061 0
6 ec.gp.GPIndividual@1688430354{-242604257} 1795.0 8328.0 8317.0 0.0013225922808705061 5 21 21.0 0.0 0.0013225922808705061 0
6 ec.gp.GPIndividual@666107800{-1693381064} 190.0 10959.0 10054.0 0.09001392480604735 5 24 21.0 0.0 0.09001392480604735 0
6 ec.gp.GPIndividual@1290531833{1096406825} 364.0 10482.0 10087.0 0.039159313968474274 5 27 21.0 0.0 0.039159313968474274 0
6 ec.gp.GPIndividual@1419365628{945134945} 643.0 10141.0 10054.0 0.008653272329421126 5 30 21.0 0.0 0.008653272329421126 0
6 ec.gp.GPIndividual@110013244{1600144088} 650.0 10141.0 10054.0 0.008653272329421126 5 33 21.0 0.0 0.008653272329421126 0
6 ec.gp.GPIndividual@666107800{-1693381064} 708.0 8767.0 8387.0 0.04530821509478956 5 24 21.0 0.0 0.04530821509478956 0
6 ec.gp.GPIndividual@1290531833{1096406825} 578.0 8328.0 8317.0 0.0013225922808705061 5 27 21.0 0.0 0.0013225922808705061 0
6 ec.gp.GPIndividual@1558643607{538339264} 1241.0 8560.0 8387.0 0.020627161082627875 5 21 21.0 0.0 0.020627161082627875 0
6 ec.gp.GPIndividual@666107800{-1693381064} 133.0 19584.0 14578.0 0.3433941555768967 5 24 21.0 0.0 0.3433941555768967 0
6 ec.gp.GPIndividual@1310892493{-1837395526} 188.0 10959.0 10054.0 0.09001392480604735 5 19 21.0 0.0 0.09001392480604735 0
6 ec.gp.GPIndividual@1558643607{538339264} 282.0 15229.0 14578.0 0.04465633145836192 5 21 21.0 0.0 0.04465633145836192 0
6 ec.gp.GPIndividual@666107800{-1693381064} 296.0 12610.0 10861.0 0.16103489549765215 5 24 21.0 0.0 0.16103489549765215 0
6 ec.gp.GPIndividual@1310892493{-1837395526} 666.0 8767.0 8387.0 0.04530821509478956 5 19 21.0 0.0 0.04530821509478956 0
6 ec.gp.GPIndividual@666107800{-1693381064} 479.0 10033.0 8160.0 0.22953431372549019 5 24 21.0 0.0 0.22953431372549019 0
6 ec.gp.GPIndividual@666107800{-1693381064} 40.0 19584.0 12802.0 0.52976097484768 5 24 21.0 0.0 0.52976097484768 0
6 ec.gp.GPIndividual@1310892493{-1837395526} 108.0 19584.0 14578.0 0.3433941555768967 5 19 21.0 0.0 0.3433941555768967 0
6 ec.gp.GPIndividual@666107800{-1693381064} 280.0 11159.0 10087.0 0.10627540398532764 5 24 21.0 0.0 0.10627540398532764 0
6 ec.gp.GPIndividual@1310892493{-1837395526} 330.0 11658.0 10861.0 0.07338182487800386 5 19 21.0 0.0 0.07338182487800386 0
6 ec.gp.GPIndividual@110013244{1600144088} 1442.0 8560.0 8387.0 0.020627161082627875 5 33 21.0 0.0 0.020627161082627875 0
6 ec.gp.GPIndividual@1558643607{538339264} 1072.0 11066.0 10861.0 0.018874873400239387 5 21 21.0 0.0 0.018874873400239387 0
6 ec.gp.GPIndividual@110013244{1600144088} 401.0 15314.0 14578.0 0.05048703525860886 5 33 21.0 0.0 0.05048703525860886 0
6 ec.gp.GPIndividual@1419365628{945134945} 2090.0 8528.0 8387.0 0.016811732443066652 5 30 21.0 0.0 0.016811732443066652 0
6 ec.gp.GPIndividual@1558643607{538339264} 494.0 8564.0 8160.0 0.049509803921568625 5 21 21.0 0.0 0.049509803921568625 0
6 ec.gp.GPIndividual@110013244{1600144088} 204.0 12610.0 10861.0 0.16103489549765215 5 33 21.0 0.0 0.16103489549765215 0
6 ec.gp.GPIndividual@1419365628{945134945} 154.0 19584.0 14578.0 0.3433941555768967 5 30 21.0 0.0 0.3433941555768967 0
6 ec.gp.GPIndividual@1558643607{538339264} 83.0 14590.0 12802.0 0.13966567723793158 5 21 21.0 0.0 0.13966567723793158 0
6 ec.gp.GPIndividual@1310892493{-1837395526} 785.0 8347.0 8160.0 0.022916666666666665 5 19 21.0 0.0 0.022916666666666665 0
6 ec.gp.GPIndividual@1558643607{538339264} 139.0 10974.0 10087.0 0.08793496579756122 5 21 21.0 0.0 0.08793496579756122 0
6 ec.gp.GPIndividual@1310892493{-1837395526} 70.0 19584.0 12802.0 0.52976097484768 5 19 21.0 0.0 0.52976097484768 0
6 ec.gp.GPIndividual@1310892493{-1837395526} 292.0 11159.0 10087.0 0.10627540398532764 5 19 21.0 0.0 0.10627540398532764 0
6 ec.gp.GPIndividual@1419365628{945134945} 546.0 11247.0 10861.0 0.03554000552435319 5 30 21.0 0.0 0.03554000552435319 0
6 ec.gp.GPIndividual@666107800{-1693381064} 1435.0 8328.0 8317.0 0.0013225922808705061 5 24 21.0 0.0 0.0013225922808705061 0
6 ec.gp.GPIndividual@853277833{979135236} 41.0 11217.0 10054.0 0.1156753530932962 5 27 21.0 0.0 0.1156753530932962 0
6 ec.gp.GPIndividual@1310892493{-1837395526} 530.0 8328.0 8317.0 0.0013225922808705061 5 19 21.0 0.0 0.0013225922808705061 0
6 ec.gp.GPIndividual@110013244{1600144088} 1028.0 8347.0 8160.0 0.022916666666666665 5 33 21.0 0.0 0.022916666666666665 0
6 ec.gp.GPIndividual@853277833{979135236} 316.0 8767.0 8387.0 0.04530821509478956 5 27 21.0 0.0 0.04530821509478956 0
6 ec.gp.GPIndividual@1419365628{945134945} 539.0 10033.0 8160.0 0.22953431372549019 5 30 21.0 0.0 0.22953431372549019 0
6 ec.gp.GPIndividual@853277833{979135236} 87.0 15549.0 14578.0 0.06660721635340924 5 27 21.0 0.0 0.06660721635340924 0
6 ec.gp.GPIndividual@110013244{1600144088} 130.0 19584.0 12802.0 0.52976097484768 5 33 21.0 0.0 0.52976097484768 0
6 ec.gp.GPIndividual@853277833{979135236} 122.0 11280.0 10861.0 0.03857839977902587 5 27 21.0 0.0 0.03857839977902587 0
6 ec.gp.GPIndividual@110013244{1600144088} 481.0 10383.0 10087.0 0.02934470110042629 5 33 21.0 0.0 0.02934470110042629 0
6 ec.gp.GPIndividual@1419365628{945134945} 584.0 13477.0 12802.0 0.052726136541165446 5 30 21.0 0.0 0.052726136541165446 0
6 ec.gp.GPIndividual@853277833{979135236} 444.0 8564.0 8160.0 0.049509803921568625 5 27 21.0 0.0 0.049509803921568625 0
6 ec.gp.GPIndividual@853277833{979135236} 66.0 14590.0 12802.0 0.13966567723793158 5 27 21.0 0.0 0.13966567723793158 0
6 ec.gp.GPIndividual@1558643607{538339264} 1657.0 8328.0 8317.0 0.0013225922808705061 5 21 21.0 0.0 0.0013225922808705061 0
6 ec.gp.GPIndividual@853277833{979135236} 111.0 10974.0 10087.0 0.08793496579756122 5 27 21.0 0.0 0.08793496579756122 0
6 ec.gp.GPIndividual@1419365628{945134945} 473.0 10383.0 10087.0 0.02934470110042629 5 30 21.0 0.0 0.02934470110042629 0
6 ec.gp.GPIndividual@1295921084{-515999256} 366.0 10449.0 10054.0 0.03928784563357868 5 35 21.0 0.0 0.03928784563357868 0
6 ec.gp.GPIndividual@853277833{979135236} 386.0 8328.0 8317.0 0.0013225922808705061 5 27 21.0 0.0 0.0013225922808705061 0
6 ec.gp.GPIndividual@1357934492{1948675049} 0.0 104262.0 10054.0 0.9556395464491745 1 1 21.0 0.0 0.9556395464491745 0
6 ec.gp.GPIndividual@1357934492{1948675049} 0.0 104262.0 8387.0 0.9468224633361154 1 1 21.0 0.0 0.9468224633361154 0
6 ec.gp.GPIndividual@1357934492{1948675049} 0.0 104262.0 14578.0 0.9694059541775277 1 1 21.0 0.0 0.9694059541775277 0
6 ec.gp.GPIndividual@1357934492{1948675049} 0.0 104262.0 10861.0 0.9589356412853328 1 1 21.0 0.0 0.9589356412853328 0
6 ec.gp.GPIndividual@1357934492{1948675049} 0.0 104262.0 8160.0 0.9453431372549019 1 1 21.0 0.0 0.9453431372549019 0
6 ec.gp.GPIndividual@1357934492{1948675049} 0.0 104262.0 12802.0 0.9651616934853929 1 1 21.0 0.0 0.9651616934853929 0
6 ec.gp.GPIndividual@1357934492{1948675049} 0.0 104262.0 10087.0 0.9557846733419253 1 1 21.0 0.0 0.9557846733419253 0
6 ec.gp.GPIndividual@1357934492{1948675049} 0.0 104262.0 8317.0 0.9463748947937959 1 1 21.0 0.0 0.9463748947937959 0
6 ec.gp.GPIndividual@1295921084{-515999256} 864.0 8560.0 8387.0 0.020627161082627875 5 35 21.0 0.0 0.020627161082627875 0
6 ec.gp.GPIndividual@390217592{-588662005} 842.0 10141.0 10054.0 0.008653272329421126 5 15 21.0 0.0 0.008653272329421126 0
6 ec.gp.GPIndividual@1419365628{945134945} 969.0 8328.0 8317.0 0.0013225922808705061 5 30 21.0 0.0 0.0013225922808705061 0
6 ec.gp.GPIndividual@983124500{1295570354} 0.0 109280.0 10054.0 1.0 1 1 21.0 0.0 1.0 0
6 ec.gp.GPIndividual@983124500{1295570354} 0.0 109280.0 8387.0 1.0 1 1 21.0 0.0 1.0 0
6 ec.gp.GPIndividual@983124500{1295570354} 0.0 109280.0 14578.0 1.0 1 1 21.0 0.0 1.0 0
6 ec.gp.GPIndividual@983124500{1295570354} 0.0 109280.0 10861.0 1.0 1 1 21.0 0.0 1.0 0
6 ec.gp.GPIndividual@983124500{1295570354} 0.0 109280.0 8160.0 1.0 1 1 21.0 0.0 1.0 0
6 ec.gp.GPIndividual@983124500{1295570354} 0.0 109280.0 12802.0 1.0 1 1 21.0 0.0 1.0 0
6 ec.gp.GPIndividual@983124500{1295570354} 0.0 109280.0 10087.0 1.0 1 1 21.0 0.0 1.0 0
6 ec.gp.GPIndividual@983124500{1295570354} 0.0 109280.0 8317.0 1.0 1 1 21.0 0.0 1.0 0
6 ec.gp.GPIndividual@1295921084{-515999256} 310.0 15314.0 14578.0 0.05048703525860886 5 35 21.0 0.0 0.05048703525860886 0
6 ec.gp.GPIndividual@1295921084{-515999256} 388.0 11444.0 10861.0 0.05367829849921738 5 35 21.0 0.0 0.05367829849921738 0
6 ec.gp.GPIndividual@390217592{-588662005} 1735.0 8528.0 8387.0 0.016811732443066652 5 15 21.0 0.0 0.016811732443066652 0
6 ec.gp.GPIndividual@110013244{1600144088} 3274.0 8328.0 8317.0 0.0013225922808705061 5 33 21.0 0.0 0.0013225922808705061 0
6 ec.gp.GPIndividual@1295921084{-515999256} 1225.0 8347.0 8160.0 0.022916666666666665 5 35 21.0 0.0 0.022916666666666665 0
6 ec.gp.GPIndividual@1295921084{-515999256} 92.0 19584.0 12802.0 0.52976097484768 5 35 21.0 0.0 0.52976097484768 0
6 ec.gp.GPIndividual@390217592{-588662005} 235.0 15229.0 14578.0 0.04465633145836192 5 15 21.0 0.0 0.04465633145836192 0
6 ec.gp.GPIndividual@858294817{1713923570} 359.0 10449.0 10054.0 0.03928784563357868 5 25 21.0 0.0 0.03928784563357868 0
6 ec.gp.GPIndividual@1295921084{-515999256} 364.0 10555.0 10087.0 0.04639635173986319 5 35 21.0 0.0 0.04639635173986319 0
6 ec.gp.GPIndividual@858294817{1713923570} 1469.0 8528.0 8387.0 0.016811732443066652 5 25 21.0 0.0 0.016811732443066652 0
6 ec.gp.GPIndividual@858294817{1713923570} 183.0 15549.0 14578.0 0.06660721635340924 5 25 21.0 0.0 0.06660721635340924 0
6 ec.gp.GPIndividual@390217592{-588662005} 3187.0 10861.0 10861.0 0.0 5 15 21.0 0.0 0.0 1
6 ec.gp.GPIndividual@1295921084{-515999256} 2845.0 8328.0 8317.0 0.0013225922808705061 5 35 21.0 0.0 0.0013225922808705061 0
6 ec.gp.GPIndividual@1127687740{-621383041} 171.0 10959.0 10054.0 0.09001392480604735 5 25 21.0 0.0 0.09001392480604735 0
6 ec.gp.GPIndividual@1127687740{-621383041} 546.0 8767.0 8387.0 0.04530821509478956 5 25 21.0 0.0 0.04530821509478956 0
6 ec.gp.GPIndividual@390217592{-588662005} 845.0 8446.0 8160.0 0.03504901960784314 5 15 21.0 0.0 0.03504901960784314 1
6 ec.gp.GPIndividual@1127687740{-621383041} 187.0 15613.0 14578.0 0.07099739333241871 5 25 21.0 0.0 0.07099739333241871 0
6 ec.gp.GPIndividual@390217592{-588662005} 137.0 14590.0 12802.0 0.13966567723793158 5 15 21.0 0.0 0.13966567723793158 1
6 ec.gp.GPIndividual@1127687740{-621383041} 280.0 11658.0 10861.0 0.07338182487800386 5 25 21.0 0.0 0.07338182487800386 0
6 ec.gp.GPIndividual@858294817{1713923570} 2702.0 11028.0 10861.0 0.015376116379707209 5 25 21.0 0.0 0.015376116379707209 0
6 ec.gp.GPIndividual@1127687740{-621383041} 673.0 8347.0 8160.0 0.022916666666666665 5 25 21.0 0.0 0.022916666666666665 0
6 ec.gp.GPIndividual@1127687740{-621383041} 123.0 19584.0 12802.0 0.52976097484768 5 25 21.0 0.0 0.52976097484768 0
6 ec.gp.GPIndividual@1127687740{-621383041} 251.0 11159.0 10087.0 0.10627540398532764 5 25 21.0 0.0 0.10627540398532764 0
6 ec.gp.GPIndividual@858294817{1713923570} 956.0 8347.0 8160.0 0.022916666666666665 5 25 21.0 0.0 0.022916666666666665 0
6 ec.gp.GPIndividual@390217592{-588662005} 1392.0 10241.0 10087.0 0.015267175572519083 5 15 21.0 0.0 0.015267175572519083 1
6 ec.gp.GPIndividual@858294817{1713923570} 291.0 13661.0 12802.0 0.06709889079831276 5 25 21.0 0.0 0.06709889079831276 0
6 ec.gp.GPIndividual@858294817{1713923570} 310.0 10482.0 10087.0 0.039159313968474274 5 25 21.0 0.0 0.039159313968474274 0
6 ec.gp.GPIndividual@390217592{-588662005} 644.0 8328.0 8317.0 0.0013225922808705061 5 15 21.0 0.0 0.0013225922808705061 1
6 ec.gp.GPIndividual@1127687740{-621383041} 965.0 8328.0 8317.0 0.0013225922808705061 5 25 21.0 0.0 0.0013225922808705061 0
6 ec.gp.GPIndividual@1394713464{1374649587} 0.0 100242.0 10054.0 0.8120151183608514 2 3 21.0 0.0 0.8120151183608514 0
6 ec.gp.GPIndividual@1394713464{1374649587} 0.0 100242.0 8387.0 0.7746512459759151 2 3 21.0 0.0 0.7746512459759151 0
6 ec.gp.GPIndividual@1394713464{1374649587} 0.0 100242.0 14578.0 0.8703525860886266 2 3 21.0 0.0 0.8703525860886266 0
6 ec.gp.GPIndividual@1394713464{1374649587} 0.0 100242.0 10861.0 0.82598287450511 2 3 21.0 0.0 0.82598287450511 0
6 ec.gp.GPIndividual@1394713464{1374649587} 0.0 100242.0 8160.0 0.7683823529411765 2 3 21.0 0.0 0.7683823529411765 0
6 ec.gp.GPIndividual@1394713464{1374649587} 0.0 100242.0 12802.0 0.8523668176847368 2 3 21.0 0.0 0.8523668176847368 0
6 ec.gp.GPIndividual@1394713464{1374649587} 0.0 100242.0 10087.0 0.8126301179736294 2 3 21.0 0.0 0.8126301179736294 0
6 ec.gp.GPIndividual@1394713464{1374649587} 0.0 100242.0 8317.0 0.7727545990140676 2 3 21.0 0.0 0.7727545990140676 0
6 ec.gp.GPIndividual@858294817{1713923570} 8618.0 8328.0 8317.0 0.0013225922808705061 5 25 21.0 0.0 0.0013225922808705061 0
6 ec.gp.GPIndividual@998406409{1776463950} 340.0 10449.0 10054.0 0.03928784563357868 5 23 21.0 0.0 0.03928784563357868 0
6 ec.gp.GPIndividual@998406409{1776463950} 1371.0 8528.0 8387.0 0.016811732443066652 5 23 21.0 0.0 0.016811732443066652 0
6 ec.gp.GPIndividual@998406409{1776463950} 309.0 15194.0 14578.0 0.04225545342296611 5 23 21.0 0.0 0.04225545342296611 0
6 ec.gp.GPIndividual@998406409{1776463950} 7331.0 11063.0 10861.0 0.01859865574072369 5 23 21.0 0.0 0.01859865574072369 0
6 ec.gp.GPIndividual@998406409{1776463950} 913.0 8347.0 8160.0 0.022916666666666665 5 23 21.0 0.0 0.022916666666666665 0
6 ec.gp.GPIndividual@998406409{1776463950} 356.0 13661.0 12802.0 0.06709889079831276 5 23 21.0 0.0 0.06709889079831276 0
6 ec.gp.GPIndividual@998406409{1776463950} 304.0 10482.0 10087.0 0.039159313968474274 5 23 21.0 0.0 0.039159313968474274 0
6 ec.gp.GPIndividual@998406409{1776463950} 8801.0 8328.0 8317.0 0.0013225922808705061 5 23 21.0 0.0 0.0013225922808705061 0
6 ec.gp.GPIndividual@1155924636{-1292798998} 173.0 10959.0 10054.0 0.09001392480604735 5 27 21.0 0.0 0.09001392480604735 0
6 ec.gp.GPIndividual@1155924636{-1292798998} 744.0 8560.0 8387.0 0.020627161082627875 5 27 21.0 0.0 0.020627161082627875 0
6 ec.gp.GPIndividual@1155924636{-1292798998} 181.0 15229.0 14578.0 0.04465633145836192 5 27 21.0 0.0 0.04465633145836192 0
6 ec.gp.GPIndividual@1155924636{-1292798998} 241.0 11066.0 10861.0 0.018874873400239387 5 27 21.0 0.0 0.018874873400239387 0
6 ec.gp.GPIndividual@1155924636{-1292798998} 665.0 8446.0 8160.0 0.03504901960784314 5 27 21.0 0.0 0.03504901960784314 0
6 ec.gp.GPIndividual@1155924636{-1292798998} 210.0 13661.0 12802.0 0.06709889079831276 5 27 21.0 0.0 0.06709889079831276 0
6 ec.gp.GPIndividual@1155924636{-1292798998} 205.0 10597.0 10087.0 0.05056012689600476 5 27 21.0 0.0 0.05056012689600476 0
6 ec.gp.GPIndividual@1155924636{-1292798998} 8784.0 8328.0 8317.0 0.0013225922808705061 5 27 21.0 0.0 0.0013225922808705061 0
6 ec.gp.GPIndividual@927110775{-1112277479} 336.0 10449.0 10054.0 0.03928784563357868 5 27 21.0 0.0 0.03928784563357868 0
6 ec.gp.GPIndividual@927110775{-1112277479} 1359.0 8528.0 8387.0 0.016811732443066652 5 27 21.0 0.0 0.016811732443066652 0
6 ec.gp.GPIndividual@927110775{-1112277479} 306.0 15194.0 14578.0 0.04225545342296611 5 27 21.0 0.0 0.04225545342296611 0
6 ec.gp.GPIndividual@927110775{-1112277479} 7289.0 11063.0 10861.0 0.01859865574072369 5 27 21.0 0.0 0.01859865574072369 0
6 ec.gp.GPIndividual@927110775{-1112277479} 909.0 8347.0 8160.0 0.022916666666666665 5 27 21.0 0.0 0.022916666666666665 0
6 ec.gp.GPIndividual@927110775{-1112277479} 354.0 13661.0 12802.0 0.06709889079831276 5 27 21.0 0.0 0.06709889079831276 0
6 ec.gp.GPIndividual@927110775{-1112277479} 298.0 10482.0 10087.0 0.039159313968474274 5 27 21.0 0.0 0.039159313968474274 0
6 ec.gp.GPIndividual@927110775{-1112277479} 8805.0 8328.0 8317.0 0.0013225922808705061 5 27 21.0 0.0 0.0013225922808705061 0
7 ec.gp.GPIndividual@935262512{-740787880} 41.0 11217.0 10054.0 0.1156753530932962 5 24 21.0 0.0 0.1156753530932962 0
7 ec.gp.GPIndividual@792022327{-289429605} 208.0 10959.0 10054.0 0.09001392480604735 5 35 21.0 0.0 0.09001392480604735 0
7 ec.gp.GPIndividual@1669209240{1002972294} 292.0 10959.0 10054.0 0.09001392480604735 5 27 21.0 0.0 0.09001392480604735 0
7 ec.gp.GPIndividual@935262512{-740787880} 291.0 13517.0 8387.0 0.611660903779659 5 24 21.0 0.0 0.611660903779659 0
7 ec.gp.GPIndividual@1078750012{1728255721} 352.0 10959.0 10054.0 0.09001392480604735 5 27 21.0 0.0 0.09001392480604735 0
7 ec.gp.GPIndividual@593817607{-345956846} 398.0 10054.0 10054.0 0.0 5 15 21.0 0.0 0.0 1
7 ec.gp.GPIndividual@935262512{-740787880} 80.0 15644.0 14578.0 0.07312388530662642 5 24 21.0 0.0 0.07312388530662642 0
7 ec.gp.GPIndividual@935262512{-740787880} 134.0 11280.0 10861.0 0.03857839977902587 5 24 21.0 0.0 0.03857839977902587 0
7 ec.gp.GPIndividual@792022327{-289429605} 660.0 8767.0 8387.0 0.04530821509478956 5 35 21.0 0.0 0.04530821509478956 0
7 ec.gp.GPIndividual@1669209240{1002972294} 647.0 8767.0 8387.0 0.04530821509478956 5 27 21.0 0.0 0.04530821509478956 0
7 ec.gp.GPIndividual@1078750012{1728255721} 637.0 8767.0 8387.0 0.04530821509478956 5 27 21.0 0.0 0.04530821509478956 0
7 ec.gp.GPIndividual@792022327{-289429605} 132.0 15614.0 14578.0 0.07106598984771574 5 35 21.0 0.0 0.07106598984771574 0
7 ec.gp.GPIndividual@935262512{-740787880} 520.0 8564.0 8160.0 0.049509803921568625 5 24 21.0 0.0 0.049509803921568625 0
7 ec.gp.GPIndividual@593817607{-345956846} 677.0 8624.0 8387.0 0.028258018361750327 5 15 21.0 0.0 0.028258018361750327 1
7 ec.gp.GPIndividual@935262512{-740787880} 42.0 14590.0 12802.0 0.13966567723793158 5 24 21.0 0.0 0.13966567723793158 0
7 ec.gp.GPIndividual@593817607{-345956846} 157.0 15613.0 14578.0 0.07099739333241871 5 15 21.0 0.0 0.07099739333241871 1
7 ec.gp.GPIndividual@935262512{-740787880} 136.0 10974.0 10087.0 0.08793496579756122 5 24 21.0 0.0 0.08793496579756122 0
7 ec.gp.GPIndividual@1669209240{1002972294} 322.0 15229.0 14578.0 0.04465633145836192 5 27 21.0 0.0 0.04465633145836192 0
7 ec.gp.GPIndividual@1078750012{1728255721} 291.0 15229.0 14578.0 0.04465633145836192 5 27 21.0 0.0 0.04465633145836192 0
7 ec.gp.GPIndividual@792022327{-289429605} 282.0 11098.0 10861.0 0.02182119510174017 5 35 21.0 0.0 0.02182119510174017 0
7 ec.gp.GPIndividual@2101065631{-1197131434} 1380.0 10350.0 10054.0 0.02944101850009946 5 19 21.0 0.0 0.02944101850009946 0
7 ec.gp.GPIndividual@1669209240{1002972294} 310.0 11066.0 10861.0 0.018874873400239387 5 27 21.0 0.0 0.018874873400239387 0
7 ec.gp.GPIndividual@593817607{-345956846} 363.0 12100.0 10861.0 0.11407789337998343 5 15 21.0 0.0 0.11407789337998343 1
7 ec.gp.GPIndividual@935262512{-740787880} 443.0 8328.0 8317.0 0.0013225922808705061 5 24 21.0 0.0 0.0013225922808705061 0
7 ec.gp.GPIndividual@197223348{-2011627503} 195.0 10959.0 10054.0 0.09001392480604735 5 30 21.0 0.0 0.09001392480604735 0
7 ec.gp.GPIndividual@792022327{-289429605} 797.0 8675.0 8160.0 0.06311274509803921 5 35 21.0 0.0 0.06311274509803921 0
7 ec.gp.GPIndividual@1669209240{1002972294} 533.0 8564.0 8160.0 0.049509803921568625 5 27 21.0 0.0 0.049509803921568625 0
7 ec.gp.GPIndividual@593817607{-345956846} 535.0 10033.0 8160.0 0.22953431372549019 5 15 21.0 0.0 0.22953431372549019 1
7 ec.gp.GPIndividual@2101065631{-1197131434} 768.0 8767.0 8387.0 0.04530821509478956 5 19 21.0 0.0 0.04530821509478956 0
7 ec.gp.GPIndividual@792022327{-289429605} 78.0 13803.0 12802.0 0.07819090767067646 5 35 21.0 0.0 0.07819090767067646 0
7 ec.gp.GPIndividual@197223348{-2011627503} 280.0 12549.0 8387.0 0.4962441874329319 5 30 21.0 0.0 0.4962441874329319 0
7 ec.gp.GPIndividual@197223348{-2011627503} 70.0 15209.0 14578.0 0.04328440115242146 5 30 21.0 0.0 0.04328440115242146 0
7 ec.gp.GPIndividual@2101065631{-1197131434} 103.0 15644.0 14578.0 0.07312388530662642 5 19 21.0 0.0 0.07312388530662642 0
7 ec.gp.GPIndividual@1669209240{1002972294} 312.0 13661.0 12802.0 0.06709889079831276 5 27 21.0 0.0 0.06709889079831276 0
7 ec.gp.GPIndividual@792022327{-289429605} 269.0 11263.0 10087.0 0.11658570437196392 5 35 21.0 0.0 0.11658570437196392 0
7 ec.gp.GPIndividual@197223348{-2011627503} 254.0 11127.0 10861.0 0.024491299143725255 5 30 21.0 0.0 0.024491299143725255 0
7 ec.gp.GPIndividual@1078750012{1728255721} 1284.0 11066.0 10861.0 0.018874873400239387 5 27 21.0 0.0 0.018874873400239387 0
7 ec.gp.GPIndividual@1669209240{1002972294} 370.0 10482.0 10087.0 0.039159313968474274 5 27 21.0 0.0 0.039159313968474274 0
7 ec.gp.GPIndividual@792022327{-289429605} 1008.0 8466.0 8317.0 0.017915113622700492 5 35 21.0 0.0 0.017915113622700492 0
7 ec.gp.GPIndividual@2101065631{-1197131434} 1254.0 11066.0 10861.0 0.018874873400239387 5 19 21.0 0.0 0.018874873400239387 0
7 ec.gp.GPIndividual@593817607{-345956846} 1385.0 12802.0 12802.0 0.0 5 15 21.0 0.0 0.0 2
7 ec.gp.GPIndividual@197223348{-2011627503} 1119.0 8725.0 8160.0 0.06924019607843138 5 30 21.0 0.0 0.06924019607843138 0
7 ec.gp.GPIndividual@1114096620{-396191165} 193.0 10959.0 10054.0 0.09001392480604735 5 23 21.0 0.0 0.09001392480604735 0
7 ec.gp.GPIndividual@197223348{-2011627503} 44.0 14416.0 12802.0 0.12607405092954227 5 30 21.0 0.0 0.12607405092954227 0
7 ec.gp.GPIndividual@593817607{-345956846} 282.0 11159.0 10087.0 0.10627540398532764 5 15 21.0 0.0 0.10627540398532764 2
7 ec.gp.GPIndividual@1078750012{1728255721} 1247.0 8347.0 8160.0 0.022916666666666665 5 27 21.0 0.0 0.022916666666666665 0
7 ec.gp.GPIndividual@1078750012{1728255721} 79.0 14590.0 12802.0 0.13966567723793158 5 27 21.0 0.0 0.13966567723793158 0
7 ec.gp.GPIndividual@197223348{-2011627503} 249.0 10652.0 10087.0 0.05601268960047586 5 30 21.0 0.0 0.05601268960047586 0
7 ec.gp.GPIndividual@1669209240{1002972294} 1196.0 8328.0 8317.0 0.0013225922808705061 5 27 21.0 0.0 0.0013225922808705061 0
7 ec.gp.GPIndividual@1769439846{641107543} 41.0 11217.0 10054.0 0.1156753530932962 5 15 21.0 0.0 0.1156753530932962 0
7 ec.gp.GPIndividual@1769439846{641107543} 265.0 13517.0 8387.0 0.611660903779659 5 15 21.0 0.0 0.611660903779659 0
7 ec.gp.GPIndividual@1078750012{1728255721} 409.0 10482.0 10087.0 0.039159313968474274 5 27 21.0 0.0 0.039159313968474274 0
7 ec.gp.GPIndividual@1769439846{641107543} 68.0 15644.0 14578.0 0.07312388530662642 5 15 21.0 0.0 0.07312388530662642 0
7 ec.gp.GPIndividual@2101065631{-1197131434} 855.0 8564.0 8160.0 0.049509803921568625 5 19 21.0 0.0 0.049509803921568625 0
7 ec.gp.GPIndividual@197223348{-2011627503} 490.0 8868.0 8317.0 0.06624984970542262 5 30 21.0 0.0 0.06624984970542262 0
7 ec.gp.GPIndividual@1769439846{641107543} 128.0 11280.0 10861.0 0.03857839977902587 5 15 21.0 0.0 0.03857839977902587 0
7 ec.gp.GPIndividual@1899868726{-274563362} 290.0 13102.0 10054.0 0.3031629202307539 5 21 21.0 0.0 0.3031629202307539 0
7 ec.gp.GPIndividual@1078750012{1728255721} 562.0 8328.0 8317.0 0.0013225922808705061 5 27 21.0 0.0 0.0013225922808705061 0
7 ec.gp.GPIndividual@1114096620{-396191165} 1324.0 8560.0 8387.0 0.020627161082627875 5 23 21.0 0.0 0.020627161082627875 0
7 ec.gp.GPIndividual@1899868726{-274563362} 273.0 13517.0 8387.0 0.611660903779659 5 21 21.0 0.0 0.611660903779659 0
7 ec.gp.GPIndividual@1769439846{641107543} 502.0 8564.0 8160.0 0.049509803921568625 5 15 21.0 0.0 0.049509803921568625 0
7 ec.gp.GPIndividual@1114096620{-396191165} 80.0 19584.0 14578.0 0.3433941555768967 5 23 21.0 0.0 0.3433941555768967 0
7 ec.gp.GPIndividual@1769439846{641107543} 45.0 14590.0 12802.0 0.13966567723793158 5 15 21.0 0.0 0.13966567723793158 0
7 ec.gp.GPIndividual@1756239885{1425959923} 203.0 10959.0 10054.0 0.09001392480604735 5 25 21.0 0.0 0.09001392480604735 0
7 ec.gp.GPIndividual@1769439846{641107543} 136.0 10974.0 10087.0 0.08793496579756122 5 15 21.0 0.0 0.08793496579756122 0
7 ec.gp.GPIndividual@1899868726{-274563362} 382.0 16420.0 14578.0 0.1263547811771162 5 21 21.0 0.0 0.1263547811771162 0
7 ec.gp.GPIndividual@2101065631{-1197131434} 988.0 13012.0 12802.0 0.016403686923918137 5 19 21.0 0.0 0.016403686923918137 0
7 ec.gp.GPIndividual@593817607{-345956846} 1655.0 8328.0 8317.0 0.0013225922808705061 5 15 21.0 0.0 0.0013225922808705061 2
7 ec.gp.GPIndividual@1114096620{-396191165} 447.0 11444.0 10861.0 0.05367829849921738 5 23 21.0 0.0 0.05367829849921738 0
7 ec.gp.GPIndividual@1756239885{1425959923} 500.0 13517.0 8387.0 0.611660903779659 5 25 21.0 0.0 0.611660903779659 0
7 ec.gp.GPIndividual@1769439846{641107543} 434.0 8328.0 8317.0 0.0013225922808705061 5 15 21.0 0.0 0.0013225922808705061 0
7 ec.gp.GPIndividual@1993043605{246140571} 211.0 10959.0 10054.0 0.09001392480604735 5 22 21.0 0.0 0.09001392480604735 0
7 ec.gp.GPIndividual@1756239885{1425959923} 176.0 15549.0 14578.0 0.06660721635340924 5 25 21.0 0.0 0.06660721635340924 0
7 ec.gp.GPIndividual@1899868726{-274563362} 652.0 12948.0 10861.0 0.19215541846975417 5 21 21.0 0.0 0.19215541846975417 0
7 ec.gp.GPIndividual@1756239885{1425959923} 288.0 11066.0 10861.0 0.018874873400239387 5 25 21.0 0.0 0.018874873400239387 0
7 ec.gp.GPIndividual@854485156{1578728492} 457.0 10449.0 10054.0 0.03928784563357868 5 27 21.0 0.0 0.03928784563357868 0
7 ec.gp.GPIndividual@1993043605{246140571} 677.0 8767.0 8387.0 0.04530821509478956 5 22 21.0 0.0 0.04530821509478956 0
7 ec.gp.GPIndividual@854485156{1578728492} 310.0 13517.0 8387.0 0.611660903779659 5 27 21.0 0.0 0.611660903779659 0
7 ec.gp.GPIndividual@854485156{1578728492} 93.0 15644.0 14578.0 0.07312388530662642 5 27 21.0 0.0 0.07312388530662642 0
7 ec.gp.GPIndividual@1993043605{246140571} 125.0 19584.0 14578.0 0.3433941555768967 5 22 21.0 0.0 0.3433941555768967 0
7 ec.gp.GPIndividual@1114096620{-396191165} 993.0 8347.0 8160.0 0.022916666666666665 5 23 21.0 0.0 0.022916666666666665 0
7 ec.gp.GPIndividual@1899868726{-274563362} 498.0 8564.0 8160.0 0.049509803921568625 5 21 21.0 0.0 0.049509803921568625 0
7 ec.gp.GPIndividual@1114096620{-396191165} 70.0 19584.0 12802.0 0.52976097484768 5 23 21.0 0.0 0.52976097484768 0
7 ec.gp.GPIndividual@2101065631{-1197131434} 1318.0 10300.0 10087.0 0.02111628829186081 5 19 21.0 0.0 0.02111628829186081 0
7 ec.gp.GPIndividual@854485156{1578728492} 207.0 11280.0 10861.0 0.03857839977902587 5 27 21.0 0.0 0.03857839977902587 0
7 ec.gp.GPIndividual@1756239885{1425959923} 648.0 8564.0 8160.0 0.049509803921568625 5 25 21.0 0.0 0.049509803921568625 0
7 ec.gp.GPIndividual@1993043605{246140571} 229.0 12610.0 10861.0 0.16103489549765215 5 22 21.0 0.0 0.16103489549765215 0
7 ec.gp.GPIndividual@1899868726{-274563362} 296.0 14386.0 12802.0 0.12373066708326824 5 21 21.0 0.0 0.12373066708326824 0
7 ec.gp.GPIndividual@1756239885{1425959923} 167.0 13688.0 12802.0 0.06920793625995939 5 25 21.0 0.0 0.06920793625995939 0
7 ec.gp.GPIndividual@1114096620{-396191165} 413.0 10555.0 10087.0 0.04639635173986319 5 23 21.0 0.0 0.04639635173986319 0
7 ec.gp.GPIndividual@1899868726{-274563362} 257.0 10597.0 10087.0 0.05056012689600476 5 21 21.0 0.0 0.05056012689600476 0
7 ec.gp.GPIndividual@1756239885{1425959923} 251.0 10597.0 10087.0 0.05056012689600476 5 25 21.0 0.0 0.05056012689600476 0
7 ec.gp.GPIndividual@1993043605{246140571} 835.0 8347.0 8160.0 0.022916666666666665 5 22 21.0 0.0 0.022916666666666665 0
7 ec.gp.GPIndividual@854485156{1578728492} 889.0 8446.0 8160.0 0.03504901960784314 5 27 21.0 0.0 0.03504901960784314 0
7 ec.gp.GPIndividual@1756239885{1425959923} 471.0 8328.0 8317.0 0.0013225922808705061 5 25 21.0 0.0 0.0013225922808705061 0
7 ec.gp.GPIndividual@1993043605{246140571} 159.0 13688.0 12802.0 0.06920793625995939 5 22 21.0 0.0 0.06920793625995939 0
7 ec.gp.GPIndividual@854485156{1578728492} 319.0 13661.0 12802.0 0.06709889079831276 5 27 21.0 0.0 0.06709889079831276 0
7 ec.gp.GPIndividual@472388966{1646704303} 414.0 10959.0 10054.0 0.09001392480604735 5 27 21.0 0.0 0.09001392480604735 0
7 ec.gp.GPIndividual@1993043605{246140571} 303.0 11159.0 10087.0 0.10627540398532764 5 22 21.0 0.0 0.10627540398532764 0
7 ec.gp.GPIndividual@1114096620{-396191165} 1230.0 8328.0 8317.0 0.0013225922808705061 5 23 21.0 0.0 0.0013225922808705061 0
7 ec.gp.GPIndividual@854485156{1578728492} 417.0 10482.0 10087.0 0.039159313968474274 5 27 21.0 0.0 0.039159313968474274 0
7 ec.gp.GPIndividual@2101065631{-1197131434} 1740.0 8328.0 8317.0 0.0013225922808705061 5 19 21.0 0.0 0.0013225922808705061 0
7 ec.gp.GPIndividual@288934067{-518929092} 218.0 10959.0 10054.0 0.09001392480604735 5 24 21.0 0.0 0.09001392480604735 0
7 ec.gp.GPIndividual@1993043605{246140571} 584.0 8328.0 8317.0 0.0013225922808705061 5 22 21.0 0.0 0.0013225922808705061 0
7 ec.gp.GPIndividual@642124148{803589080} 44.0 11217.0 10054.0 0.1156753530932962 5 27 21.0 0.0 0.1156753530932962 0
7 ec.gp.GPIndividual@854485156{1578728492} 437.0 8328.0 8317.0 0.0013225922808705061 5 27 21.0 0.0 0.0013225922808705061 0
7 ec.gp.GPIndividual@288934067{-518929092} 453.0 19584.0 8387.0 1.3350423274114702 5 24 21.0 0.0 1.3350423274114702 0
7 ec.gp.GPIndividual@642124148{803589080} 286.0 13517.0 8387.0 0.611660903779659 5 27 21.0 0.0 0.611660903779659 0
7 ec.gp.GPIndividual@1734326317{-1478863559} 197.0 10959.0 10054.0 0.09001392480604735 5 37 21.0 0.0 0.09001392480604735 0
7 ec.gp.GPIndividual@472388966{1646704303} 971.0 8767.0 8387.0 0.04530821509478956 5 27 21.0 0.0 0.04530821509478956 0
7 ec.gp.GPIndividual@642124148{803589080} 73.0 15644.0 14578.0 0.07312388530662642 5 27 21.0 0.0 0.07312388530662642 0
7 ec.gp.GPIndividual@288934067{-518929092} 176.0 15613.0 14578.0 0.07099739333241871 5 24 21.0 0.0 0.07099739333241871 0
7 ec.gp.GPIndividual@1025520249{2070076385} 671.0 10141.0 10054.0 0.008653272329421126 5 37 21.0 0.0 0.008653272329421126 0
7 ec.gp.GPIndividual@642124148{803589080} 132.0 11280.0 10861.0 0.03857839977902587 5 27 21.0 0.0 0.03857839977902587 0
7 ec.gp.GPIndividual@472388966{1646704303} 318.0 15229.0 14578.0 0.04465633145836192 5 27 21.0 0.0 0.04465633145836192 0
7 ec.gp.GPIndividual@288934067{-518929092} 360.0 11658.0 10861.0 0.07338182487800386 5 24 21.0 0.0 0.07338182487800386 0
7 ec.gp.GPIndividual@642124148{803589080} 482.0 8564.0 8160.0 0.049509803921568625 5 27 21.0 0.0 0.049509803921568625 0
7 ec.gp.GPIndividual@642124148{803589080} 40.0 14590.0 12802.0 0.13966567723793158 5 27 21.0 0.0 0.13966567723793158 0
7 ec.gp.GPIndividual@1025520249{2070076385} 671.0 8767.0 8387.0 0.04530821509478956 5 37 21.0 0.0 0.04530821509478956 0
7 ec.gp.GPIndividual@642124148{803589080} 136.0 10974.0 10087.0 0.08793496579756122 5 27 21.0 0.0 0.08793496579756122 0
7 ec.gp.GPIndividual@1025520249{2070076385} 420.0 15314.0 14578.0 0.05048703525860886 5 37 21.0 0.0 0.05048703525860886 0
7 ec.gp.GPIndividual@642124148{803589080} 440.0 8328.0 8317.0 0.0013225922808705061 5 27 21.0 0.0 0.0013225922808705061 0
7 ec.gp.GPIndividual@638700944{2102390542} 0.0 77757.0 10054.0 0.3311119952257808 4 18 21.0 0.0 0.3311119952257808 0
7 ec.gp.GPIndividual@638700944{2102390542} 0.0 77757.0 8387.0 0.19816382496721116 4 18 21.0 0.0 0.19816382496721116 0
7 ec.gp.GPIndividual@638700944{2102390542} 0.0 77842.0 14578.0 0.532857730827274 4 18 21.0 0.0 0.532857730827274 0
7 ec.gp.GPIndividual@638700944{2102390542} 0.0 77757.0 10861.0 0.38081207991897614 4 18 21.0 0.0 0.38081207991897614 0
7 ec.gp.GPIndividual@638700944{2102390542} 0.0 77757.0 8160.0 0.17585784313725492 4 18 21.0 0.0 0.17585784313725492 0
7 ec.gp.GPIndividual@638700944{2102390542} 0.0 77770.0 12802.0 0.4736759881268552 4 18 21.0 0.0 0.4736759881268552 0
7 ec.gp.GPIndividual@638700944{2102390542} 0.0 77757.0 10087.0 0.3333002874987608 4 18 21.0 0.0 0.3333002874987608 0
7 ec.gp.GPIndividual@638700944{2102390542} 0.0 77757.0 8317.0 0.19141517374053144 4 18 21.0 0.0 0.19141517374053144 0
7 ec.gp.GPIndividual@288934067{-518929092} 851.0 8347.0 8160.0 0.022916666666666665 5 24 21.0 0.0 0.022916666666666665 0
7 ec.gp.GPIndividual@1025520249{2070076385} 137.0 11312.0 10861.0 0.041524721480526654 5 37 21.0 0.0 0.041524721480526654 0
7 ec.gp.GPIndividual@288934067{-518929092} 76.0 19584.0 12802.0 0.52976097484768 5 24 21.0 0.0 0.52976097484768 0
7 ec.gp.GPIndividual@1734326317{-1478863559} 1444.0 8767.0 8387.0 0.04530821509478956 5 37 21.0 0.0 0.04530821509478956 0
7 ec.gp.GPIndividual@1734326317{-1478863559} 119.0 15614.0 14578.0 0.07106598984771574 5 37 21.0 0.0 0.07106598984771574 0
7 ec.gp.GPIndividual@472388966{1646704303} 1255.0 11066.0 10861.0 0.018874873400239387 5 27 21.0 0.0 0.018874873400239387 0
7 ec.gp.GPIndividual@288934067{-518929092} 297.0 11159.0 10087.0 0.10627540398532764 5 24 21.0 0.0 0.10627540398532764 0
7 ec.gp.GPIndividual@472388966{1646704303} 1176.0 8347.0 8160.0 0.022916666666666665 5 27 21.0 0.0 0.022916666666666665 0
7 ec.gp.GPIndividual@1025520249{2070076385} 1416.0 8464.0 8160.0 0.03725490196078431 5 37 21.0 0.0 0.03725490196078431 0
7 ec.gp.GPIndividual@1899868726{-274563362} 4689.0 10465.0 8317.0 0.2582662017554407 5 21 21.0 0.0 0.2582662017554407 0
7 ec.gp.GPIndividual@288934067{-518929092} 1271.0 8328.0 8317.0 0.0013225922808705061 5 24 21.0 0.0 0.0013225922808705061 0
7 ec.gp.GPIndividual@802809098{625323445} 205.0 10959.0 10054.0 0.09001392480604735 5 33 21.0 0.0 0.09001392480604735 0
7 ec.gp.GPIndividual@472388966{1646704303} 314.0 13661.0 12802.0 0.06709889079831276 5 27 21.0 0.0 0.06709889079831276 0
7 ec.gp.GPIndividual@394763283{1139483218} 185.0 10959.0 10054.0 0.09001392480604735 5 23 21.0 0.0 0.09001392480604735 0
7 ec.gp.GPIndividual@1734326317{-1478863559} 1786.0 11066.0 10861.0 0.018874873400239387 5 37 21.0 0.0 0.018874873400239387 0
7 ec.gp.GPIndividual@1025520249{2070076385} 636.0 13477.0 12802.0 0.052726136541165446 5 37 21.0 0.0 0.052726136541165446 0
7 ec.gp.GPIndividual@472388966{1646704303} 361.0 10482.0 10087.0 0.039159313968474274 5 27 21.0 0.0 0.039159313968474274 0
7 ec.gp.GPIndividual@802809098{625323445} 452.0 19584.0 8387.0 1.3350423274114702 5 33 21.0 0.0 1.3350423274114702 0
7 ec.gp.GPIndividual@394763283{1139483218} 330.0 19584.0 8387.0 1.3350423274114702 5 23 21.0 0.0 1.3350423274114702 0
7 ec.gp.GPIndividual@1025520249{2070076385} 124.0 11373.0 10087.0 0.12749082978090612 5 37 21.0 0.0 0.12749082978090612 0
7 ec.gp.GPIndividual@802809098{625323445} 139.0 19584.0 14578.0 0.3433941555768967 5 33 21.0 0.0 0.3433941555768967 0
7 ec.gp.GPIndividual@394763283{1139483218} 170.0 15613.0 14578.0 0.07099739333241871 5 23 21.0 0.0 0.07099739333241871 0
7 ec.gp.GPIndividual@802809098{625323445} 327.0 11658.0 10861.0 0.07338182487800386 5 33 21.0 0.0 0.07338182487800386 0
7 ec.gp.GPIndividual@394763283{1139483218} 300.0 11658.0 10861.0 0.07338182487800386 5 23 21.0 0.0 0.07338182487800386 0
7 ec.gp.GPIndividual@1025520249{2070076385} 1068.0 8466.0 8317.0 0.017915113622700492 5 37 21.0 0.0 0.017915113622700492 0
7 ec.gp.GPIndividual@658827021{753425794} 0.0 104262.0 10054.0 0.9556395464491745 1 1 21.0 0.0 0.9556395464491745 0
7 ec.gp.GPIndividual@658827021{753425794} 0.0 104262.0 8387.0 0.9468224633361154 1 1 21.0 0.0 0.9468224633361154 0
7 ec.gp.GPIndividual@658827021{753425794} 0.0 104262.0 14578.0 0.9694059541775277 1 1 21.0 0.0 0.9694059541775277 0
7 ec.gp.GPIndividual@658827021{753425794} 0.0 104262.0 10861.0 0.9589356412853328 1 1 21.0 0.0 0.9589356412853328 0
7 ec.gp.GPIndividual@658827021{753425794} 0.0 104262.0 8160.0 0.9453431372549019 1 1 21.0 0.0 0.9453431372549019 0
7 ec.gp.GPIndividual@658827021{753425794} 0.0 104262.0 12802.0 0.9651616934853929 1 1 21.0 0.0 0.9651616934853929 0
7 ec.gp.GPIndividual@658827021{753425794} 0.0 104262.0 10087.0 0.9557846733419253 1 1 21.0 0.0 0.9557846733419253 0
7 ec.gp.GPIndividual@658827021{753425794} 0.0 104262.0 8317.0 0.9463748947937959 1 1 21.0 0.0 0.9463748947937959 0
7 ec.gp.GPIndividual@1734326317{-1478863559} 1414.0 8464.0 8160.0 0.03725490196078431 5 37 21.0 0.0 0.03725490196078431 0
7 ec.gp.GPIndividual@394763283{1139483218} 828.0 8347.0 8160.0 0.022916666666666665 5 23 21.0 0.0 0.022916666666666665 0
7 ec.gp.GPIndividual@802809098{625323445} 855.0 8347.0 8160.0 0.022916666666666665 5 33 21.0 0.0 0.022916666666666665 0
7 ec.gp.GPIndividual@1467863067{251800428} 176.0 10959.0 10054.0 0.09001392480604735 5 27 21.0 0.0 0.09001392480604735 0
7 ec.gp.GPIndividual@394763283{1139483218} 166.0 13688.0 12802.0 0.06920793625995939 5 23 21.0 0.0 0.06920793625995939 0
7 ec.gp.GPIndividual@802809098{625323445} 163.0 13688.0 12802.0 0.06920793625995939 5 33 21.0 0.0 0.06920793625995939 0
7 ec.gp.GPIndividual@472388966{1646704303} 1574.0 8328.0 8317.0 0.0013225922808705061 5 27 21.0 0.0 0.0013225922808705061 0
7 ec.gp.GPIndividual@1467863067{251800428} 338.0 19584.0 8387.0 1.3350423274114702 5 27 21.0 0.0 1.3350423274114702 0
7 ec.gp.GPIndividual@1467863067{251800428} 77.0 19584.0 14578.0 0.3433941555768967 5 27 21.0 0.0 0.3433941555768967 0
7 ec.gp.GPIndividual@802809098{625323445} 283.0 11159.0 10087.0 0.10627540398532764 5 33 21.0 0.0 0.10627540398532764 0
7 ec.gp.GPIndividual@394763283{1139483218} 289.0 11159.0 10087.0 0.10627540398532764 5 23 21.0 0.0 0.10627540398532764 0
7 ec.gp.GPIndividual@1073404346{-1853040394} 277.0 10054.0 10054.0 0.0 5 32 21.0 0.0 0.0 1
7 ec.gp.GPIndividual@1734326317{-1478863559} 637.0 13477.0 12802.0 0.052726136541165446 5 37 21.0 0.0 0.052726136541165446 0
7 ec.gp.GPIndividual@1467863067{251800428} 298.0 11066.0 10861.0 0.018874873400239387 5 27 21.0 0.0 0.018874873400239387 0
7 ec.gp.GPIndividual@1734326317{-1478863559} 456.0 10383.0 10087.0 0.02934470110042629 5 37 21.0 0.0 0.02934470110042629 0
7 ec.gp.GPIndividual@1467863067{251800428} 816.0 8773.0 8160.0 0.07512254901960784 5 27 21.0 0.0 0.07512254901960784 0
7 ec.gp.GPIndividual@802809098{625323445} 1107.0 8328.0 8317.0 0.0013225922808705061 5 33 21.0 0.0 0.0013225922808705061 0
7 ec.gp.GPIndividual@1467863067{251800428} 40.0 19584.0 12802.0 0.52976097484768 5 27 21.0 0.0 0.52976097484768 0
7 ec.gp.GPIndividual@394763283{1139483218} 1308.0 8328.0 8317.0 0.0013225922808705061 5 23 21.0 0.0 0.0013225922808705061 0
7 ec.gp.GPIndividual@1467863067{251800428} 245.0 10723.0 10087.0 0.06305145236442947 5 27 21.0 0.0 0.06305145236442947 0
7 ec.gp.GPIndividual@1877933752{1429998970} 393.0 10449.0 10054.0 0.03928784563357868 5 27 21.0 0.0 0.03928784563357868 0
7 ec.gp.GPIndividual@1734326317{-1478863559} 1027.0 8466.0 8317.0 0.017915113622700492 5 37 21.0 0.0 0.017915113622700492 0
7 ec.gp.GPIndividual@465019100{842716847} 189.0 10959.0 10054.0 0.09001392480604735 5 35 21.0 0.0 0.09001392480604735 0
7 ec.gp.GPIndividual@1467863067{251800428} 624.0 8328.0 8317.0 0.0013225922808705061 5 27 21.0 0.0 0.0013225922808705061 0
7 ec.gp.GPIndividual@2002391588{-929593890} 0.0 12674.0 10054.0 0.2605927988860155 5 22 21.0 0.0 0.2605927988860155 0
7 ec.gp.GPIndividual@2002391588{-929593890} 0.0 12661.0 8387.0 0.5095981876713962 5 22 21.0 0.0 0.5095981876713962 0
7 ec.gp.GPIndividual@2002391588{-929593890} 0.0 15644.0 14578.0 0.07312388530662642 5 22 21.0 0.0 0.07312388530662642 0
7 ec.gp.GPIndividual@2002391588{-929593890} 0.0 12894.0 10861.0 0.1871835005984716 5 22 21.0 0.0 0.1871835005984716 0
7 ec.gp.GPIndividual@2002391588{-929593890} 0.0 12665.0 8160.0 0.5520833333333334 5 22 21.0 0.0 0.5520833333333334 0
7 ec.gp.GPIndividual@2002391588{-929593890} 0.0 13918.0 12802.0 0.08717387908139353 5 22 21.0 0.0 0.08717387908139353 0
7 ec.gp.GPIndividual@2002391588{-929593890} 0.0 12674.0 10087.0 0.2564687221175771 5 22 21.0 0.0 0.2564687221175771 0
7 ec.gp.GPIndividual@2002391588{-929593890} 0.0 12672.0 8317.0 0.5236263075628231 5 22 21.0 0.0 0.5236263075628231 0
7 ec.gp.GPIndividual@308160289{-1805942859} 710.0 10141.0 10054.0 0.008653272329421126 5 21 21.0 0.0 0.008653272329421126 0
7 ec.gp.GPIndividual@1073404346{-1853040394} 2105.0 8528.0 8387.0 0.016811732443066652 5 32 21.0 0.0 0.016811732443066652 1
7 ec.gp.GPIndividual@465019100{842716847} 330.0 19584.0 8387.0 1.3350423274114702 5 35 21.0 0.0 1.3350423274114702 0
7 ec.gp.GPIndividual@1272268108{-1630825858} 231.0 10054.0 10054.0 0.0 5 28 21.0 0.0 0.0 1
7 ec.gp.GPIndividual@1877933752{1429998970} 759.0 8767.0 8387.0 0.04530821509478956 5 27 21.0 0.0 0.04530821509478956 0
7 ec.gp.GPIndividual@465019100{842716847} 124.0 15613.0 14578.0 0.07099739333241871 5 35 21.0 0.0 0.07099739333241871 0
7 ec.gp.GPIndividual@1073404346{-1853040394} 142.0 15613.0 14578.0 0.07099739333241871 5 32 21.0 0.0 0.07099739333241871 1
7 ec.gp.GPIndividual@1877933752{1429998970} 301.0 15229.0 14578.0 0.04465633145836192 5 27 21.0 0.0 0.04465633145836192 0
7 ec.gp.GPIndividual@465019100{842716847} 301.0 11658.0 10861.0 0.07338182487800386 5 35 21.0 0.0 0.07338182487800386 0
7 ec.gp.GPIndividual@1073404346{-1853040394} 325.0 11658.0 10861.0 0.07338182487800386 5 32 21.0 0.0 0.07338182487800386 1
7 ec.gp.GPIndividual@465019100{842716847} 788.0 8347.0 8160.0 0.022916666666666665 5 35 21.0 0.0 0.022916666666666665 0
7 ec.gp.GPIndividual@1073404346{-1853040394} 814.0 8347.0 8160.0 0.022916666666666665 5 32 21.0 0.0 0.022916666666666665 1
7 ec.gp.GPIndividual@465019100{842716847} 81.0 19584.0 12802.0 0.52976097484768 5 35 21.0 0.0 0.52976097484768 0
7 ec.gp.GPIndividual@1073404346{-1853040394} 145.0 13688.0 12802.0 0.06920793625995939 5 32 21.0 0.0 0.06920793625995939 1
7 ec.gp.GPIndividual@308160289{-1805942859} 1643.0 8560.0 8387.0 0.020627161082627875 5 21 21.0 0.0 0.020627161082627875 0
7 ec.gp.GPIndividual@1272268108{-1630825858} 1469.0 8560.0 8387.0 0.020627161082627875 5 28 21.0 0.0 0.020627161082627875 1
7 ec.gp.GPIndividual@465019100{842716847} 282.0 11159.0 10087.0 0.10627540398532764 5 35 21.0 0.0 0.10627540398532764 0
7 ec.gp.GPIndividual@308160289{-1805942859} 137.0 15644.0 14578.0 0.07312388530662642 5 21 21.0 0.0 0.07312388530662642 0
7 ec.gp.GPIndividual@1073404346{-1853040394} 290.0 11159.0 10087.0 0.10627540398532764 5 32 21.0 0.0 0.10627540398532764 1
7 ec.gp.GPIndividual@1877933752{1429998970} 1430.0 11066.0 10861.0 0.018874873400239387 5 27 21.0 0.0 0.018874873400239387 0
7 ec.gp.GPIndividual@1272268108{-1630825858} 418.0 15194.0 14578.0 0.04225545342296611 5 28 21.0 0.0 0.04225545342296611 1
7 ec.gp.GPIndividual@1272268108{-1630825858} 577.0 11247.0 10861.0 0.03554000552435319 5 28 21.0 0.0 0.03554000552435319 1
7 ec.gp.GPIndividual@1877933752{1429998970} 1080.0 8347.0 8160.0 0.022916666666666665 5 27 21.0 0.0 0.022916666666666665 0
7 ec.gp.GPIndividual@1877933752{1429998970} 73.0 14590.0 12802.0 0.13966567723793158 5 27 21.0 0.0 0.13966567723793158 0
7 ec.gp.GPIndividual@308160289{-1805942859} 1391.0 11066.0 10861.0 0.018874873400239387 5 21 21.0 0.0 0.018874873400239387 0
7 ec.gp.GPIndividual@1073404346{-1853040394} 1594.0 8328.0 8317.0 0.0013225922808705061 5 32 21.0 0.0 0.0013225922808705061 1
7 ec.gp.GPIndividual@1877933752{1429998970} 351.0 10482.0 10087.0 0.039159313968474274 5 27 21.0 0.0 0.039159313968474274 0
7 ec.gp.GPIndividual@465019100{842716847} 1936.0 8328.0 8317.0 0.0013225922808705061 5 35 21.0 0.0 0.0013225922808705061 0
7 ec.gp.GPIndividual@483152114{-1704990987} 208.0 10959.0 10054.0 0.09001392480604735 5 23 21.0 0.0 0.09001392480604735 0
7 ec.gp.GPIndividual@483152114{-1704990987} 326.0 8767.0 8387.0 0.04530821509478956 5 23 21.0 0.0 0.04530821509478956 0
7 ec.gp.GPIndividual@308160289{-1805942859} 897.0 8446.0 8160.0 0.03504901960784314 5 21 21.0 0.0 0.03504901960784314 0
7 ec.gp.GPIndividual@483152114{-1704990987} 107.0 15613.0 14578.0 0.07099739333241871 5 23 21.0 0.0 0.07099739333241871 0
7 ec.gp.GPIndividual@1877933752{1429998970} 644.0 8328.0 8317.0 0.0013225922808705061 5 27 21.0 0.0 0.0013225922808705061 0
7 ec.gp.GPIndividual@483152114{-1704990987} 292.0 11658.0 10861.0 0.07338182487800386 5 23 21.0 0.0 0.07338182487800386 0
7 ec.gp.GPIndividual@483152114{-1704990987} 705.0 8347.0 8160.0 0.022916666666666665 5 23 21.0 0.0 0.022916666666666665 0
7 ec.gp.GPIndividual@483152114{-1704990987} 117.0 19584.0 12802.0 0.52976097484768 5 23 21.0 0.0 0.52976097484768 0
7 ec.gp.GPIndividual@483152114{-1704990987} 257.0 11159.0 10087.0 0.10627540398532764 5 23 21.0 0.0 0.10627540398532764 0
7 ec.gp.GPIndividual@1272268108{-1630825858} 4845.0 8160.0 8160.0 0.0 5 28 21.0 0.0 0.0 2
7 ec.gp.GPIndividual@483152114{-1704990987} 2103.0 8328.0 8317.0 0.0013225922808705061 5 23 21.0 0.0 0.0013225922808705061 0
7 ec.gp.GPIndividual@70933782{-1117109799} 40.0 11217.0 10054.0 0.1156753530932962 5 11 21.0 0.0 0.1156753530932962 0
7 ec.gp.GPIndividual@308160289{-1805942859} 3643.0 12802.0 12802.0 0.0 5 21 21.0 0.0 0.0 1
7 ec.gp.GPIndividual@70933782{-1117109799} 279.0 8767.0 8387.0 0.04530821509478956 5 11 21.0 0.0 0.04530821509478956 0
7 ec.gp.GPIndividual@70933782{-1117109799} 80.0 15549.0 14578.0 0.06660721635340924 5 11 21.0 0.0 0.06660721635340924 0
7 ec.gp.GPIndividual@308160289{-1805942859} 296.0 10597.0 10087.0 0.05056012689600476 5 21 21.0 0.0 0.05056012689600476 1
7 ec.gp.GPIndividual@1272268108{-1630825858} 568.0 13477.0 12802.0 0.052726136541165446 5 28 21.0 0.0 0.052726136541165446 2
7 ec.gp.GPIndividual@70933782{-1117109799} 113.0 11280.0 10861.0 0.03857839977902587 5 11 21.0 0.0 0.03857839977902587 0
7 ec.gp.GPIndividual@70933782{-1117109799} 433.0 8564.0 8160.0 0.049509803921568625 5 11 21.0 0.0 0.049509803921568625 0
7 ec.gp.GPIndividual@1272268108{-1630825858} 462.0 10383.0 10087.0 0.02934470110042629 5 28 21.0 0.0 0.02934470110042629 2
7 ec.gp.GPIndividual@70933782{-1117109799} 82.0 14590.0 12802.0 0.13966567723793158 5 11 21.0 0.0 0.13966567723793158 0
7 ec.gp.GPIndividual@70933782{-1117109799} 104.0 10974.0 10087.0 0.08793496579756122 5 11 21.0 0.0 0.08793496579756122 0
7 ec.gp.GPIndividual@70933782{-1117109799} 357.0 8328.0 8317.0 0.0013225922808705061 5 11 21.0 0.0 0.0013225922808705061 0
7 ec.gp.GPIndividual@308160289{-1805942859} 2689.0 8328.0 8317.0 0.0013225922808705061 5 21 21.0 0.0 0.0013225922808705061 1
7 ec.gp.GPIndividual@1851457061{-2048253908} 166.0 10959.0 10054.0 0.09001392480604735 5 32 21.0 0.0 0.09001392480604735 0
7 ec.gp.GPIndividual@1851457061{-2048253908} 969.0 8767.0 8387.0 0.04530821509478956 5 32 21.0 0.0 0.04530821509478956 0
7 ec.gp.GPIndividual@1851457061{-2048253908} 180.0 15229.0 14578.0 0.04465633145836192 5 32 21.0 0.0 0.04465633145836192 0
7 ec.gp.GPIndividual@1851457061{-2048253908} 219.0 11098.0 10861.0 0.02182119510174017 5 32 21.0 0.0 0.02182119510174017 0
7 ec.gp.GPIndividual@1851457061{-2048253908} 953.0 8621.0 8160.0 0.05649509803921569 5 32 21.0 0.0 0.05649509803921569 0
7 ec.gp.GPIndividual@1851457061{-2048253908} 178.0 13688.0 12802.0 0.06920793625995939 5 32 21.0 0.0 0.06920793625995939 0
7 ec.gp.GPIndividual@1851457061{-2048253908} 186.0 10794.0 10087.0 0.07009021512838307 5 32 21.0 0.0 0.07009021512838307 0
7 ec.gp.GPIndividual@1272268108{-1630825858} 5711.0 8328.0 8317.0 0.0013225922808705061 5 28 21.0 0.0 0.0013225922808705061 2
7 ec.gp.GPIndividual@1851457061{-2048253908} 757.0 8328.0 8317.0 0.0013225922808705061 5 32 21.0 0.0 0.0013225922808705061 0
7 ec.gp.GPIndividual@963698189{1335470106} 37.0 11217.0 10054.0 0.1156753530932962 5 25 21.0 0.0 0.1156753530932962 0
7 ec.gp.GPIndividual@963698189{1335470106} 267.0 8767.0 8387.0 0.04530821509478956 5 25 21.0 0.0 0.04530821509478956 0
7 ec.gp.GPIndividual@963698189{1335470106} 75.0 15549.0 14578.0 0.06660721635340924 5 25 21.0 0.0 0.06660721635340924 0
7 ec.gp.GPIndividual@963698189{1335470106} 105.0 11280.0 10861.0 0.03857839977902587 5 25 21.0 0.0 0.03857839977902587 0
7 ec.gp.GPIndividual@963698189{1335470106} 398.0 8564.0 8160.0 0.049509803921568625 5 25 21.0 0.0 0.049509803921568625 0
7 ec.gp.GPIndividual@963698189{1335470106} 99.0 13688.0 12802.0 0.06920793625995939 5 25 21.0 0.0 0.06920793625995939 0
7 ec.gp.GPIndividual@963698189{1335470106} 106.0 10974.0 10087.0 0.08793496579756122 5 25 21.0 0.0 0.08793496579756122 0
7 ec.gp.GPIndividual@963698189{1335470106} 335.0 8328.0 8317.0 0.0013225922808705061 5 25 21.0 0.0 0.0013225922808705061 0
8 ec.gp.GPIndividual@1261023156{-2098399958} 0.0 109280.0 10054.0 1.0 2 3 21.0 0.0 1.0 0
8 ec.gp.GPIndividual@1261023156{-2098399958} 0.0 109280.0 8387.0 1.0 2 3 21.0 0.0 1.0 0
8 ec.gp.GPIndividual@1261023156{-2098399958} 0.0 109280.0 14578.0 1.0 2 3 21.0 0.0 1.0 0
8 ec.gp.GPIndividual@1261023156{-2098399958} 0.0 109280.0 10861.0 1.0 2 3 21.0 0.0 1.0 0
8 ec.gp.GPIndividual@1261023156{-2098399958} 0.0 109280.0 8160.0 1.0 2 3 21.0 0.0 1.0 0
8 ec.gp.GPIndividual@1261023156{-2098399958} 0.0 109280.0 12802.0 1.0 2 3 21.0 0.0 1.0 0
8 ec.gp.GPIndividual@1261023156{-2098399958} 0.0 109280.0 10087.0 1.0 2 3 21.0 0.0 1.0 0
8 ec.gp.GPIndividual@1261023156{-2098399958} 0.0 109280.0 8317.0 1.0 2 3 21.0 0.0 1.0 0
8 ec.gp.GPIndividual@52320428{-1327497934} 43.0 11217.0 10054.0 0.1156753530932962 5 33 21.0 0.0 0.1156753530932962 0
8 ec.gp.GPIndividual@314358324{-823828754} 201.0 10959.0 10054.0 0.09001392480604735 5 23 21.0 0.0 0.09001392480604735 0
8 ec.gp.GPIndividual@1483078610{-970451331} 208.0 10959.0 10054.0 0.09001392480604735 5 9 21.0 0.0 0.09001392480604735 0
8 ec.gp.GPIndividual@52320428{-1327497934} 284.0 19584.0 8387.0 1.3350423274114702 5 33 21.0 0.0 1.3350423274114702 0
8 ec.gp.GPIndividual@577889693{714190713} 369.0 10054.0 10054.0 0.0 5 26 21.0 0.0 0.0 1
8 ec.gp.GPIndividual@52320428{-1327497934} 73.0 19584.0 14578.0 0.3433941555768967 5 33 21.0 0.0 0.3433941555768967 0
8 ec.gp.GPIndividual@1919767490{-28883008} 414.0 10423.0 10054.0 0.036701810224786156 5 20 21.0 0.0 0.036701810224786156 0
8 ec.gp.GPIndividual@1874000946{-531903134} 433.0 10054.0 10054.0 0.0 5 23 21.0 0.0 0.0 1
8 ec.gp.GPIndividual@1483078610{-970451331} 334.0 13517.0 8387.0 0.611660903779659 5 9 21.0 0.0 0.611660903779659 0
8 ec.gp.GPIndividual@52320428{-1327497934} 209.0 12610.0 10861.0 0.16103489549765215 5 33 21.0 0.0 0.16103489549765215 0
8 ec.gp.GPIndividual@1483078610{-970451331} 108.0 15644.0 14578.0 0.07312388530662642 5 9 21.0 0.0 0.07312388530662642 0
8 ec.gp.GPIndividual@314358324{-823828754} 467.0 19584.0 8387.0 1.3350423274114702 5 23 21.0 0.0 1.3350423274114702 0
8 ec.gp.GPIndividual@577889693{714190713} 322.0 8448.0 8387.0 0.007273160844163586 5 26 21.0 0.0 0.007273160844163586 1
8 ec.gp.GPIndividual@1919767490{-28883008} 292.0 13517.0 8387.0 0.611660903779659 5 20 21.0 0.0 0.611660903779659 0
8 ec.gp.GPIndividual@1874000946{-531903134} 304.0 8448.0 8387.0 0.007273160844163586 5 23 21.0 0.0 0.007273160844163586 1
8 ec.gp.GPIndividual@1919767490{-28883008} 71.0 15644.0 14578.0 0.07312388530662642 5 20 21.0 0.0 0.07312388530662642 0
8 ec.gp.GPIndividual@314358324{-823828754} 124.0 19584.0 14578.0 0.3433941555768967 5 23 21.0 0.0 0.3433941555768967 0
8 ec.gp.GPIndividual@1874000946{-531903134} 155.0 15613.0 14578.0 0.07099739333241871 5 23 21.0 0.0 0.07099739333241871 1
8 ec.gp.GPIndividual@1483078610{-970451331} 324.0 11066.0 10861.0 0.018874873400239387 5 9 21.0 0.0 0.018874873400239387 0
8 ec.gp.GPIndividual@52320428{-1327497934} 522.0 10033.0 8160.0 0.22953431372549019 5 33 21.0 0.0 0.22953431372549019 0
8 ec.gp.GPIndividual@314358324{-823828754} 345.0 11658.0 10861.0 0.07338182487800386 5 23 21.0 0.0 0.07338182487800386 0
8 ec.gp.GPIndividual@52320428{-1327497934} 50.0 19584.0 12802.0 0.52976097484768 5 33 21.0 0.0 0.52976097484768 0
8 ec.gp.GPIndividual@1874000946{-531903134} 350.0 11658.0 10861.0 0.07338182487800386 5 23 21.0 0.0 0.07338182487800386 1
8 ec.gp.GPIndividual@52320428{-1327497934} 189.0 11590.0 10087.0 0.14900366808763754 5 33 21.0 0.0 0.14900366808763754 0
8 ec.gp.GPIndividual@1483078610{-970451331} 906.0 8446.0 8160.0 0.03504901960784314 5 9 21.0 0.0 0.03504901960784314 0
8 ec.gp.GPIndividual@1919767490{-28883008} 1125.0 11066.0 10861.0 0.018874873400239387 5 20 21.0 0.0 0.018874873400239387 0
8 ec.gp.GPIndividual@52320428{-1327497934} 549.0 8328.0 8317.0 0.0013225922808705061 5 33 21.0 0.0 0.0013225922808705061 0
8 ec.gp.GPIndividual@314358324{-823828754} 872.0 8347.0 8160.0 0.022916666666666665 5 23 21.0 0.0 0.022916666666666665 0
8 ec.gp.GPIndividual@1483078610{-970451331} 170.0 13688.0 12802.0 0.06920793625995939 5 9 21.0 0.0 0.06920793625995939 0
8 ec.gp.GPIndividual@1874000946{-531903134} 830.0 8347.0 8160.0 0.022916666666666665 5 23 21.0 0.0 0.022916666666666665 1
8 ec.gp.GPIndividual@577889693{714190713} 1413.0 15173.0 14578.0 0.040814926601728634 5 26 21.0 0.0 0.040814926601728634 1
8 ec.gp.GPIndividual@314358324{-823828754} 147.0 13688.0 12802.0 0.06920793625995939 5 23 21.0 0.0 0.06920793625995939 0
8 ec.gp.GPIndividual@1874000946{-531903134} 157.0 13688.0 12802.0 0.06920793625995939 5 23 21.0 0.0 0.06920793625995939 1
8 ec.gp.GPIndividual@1483078610{-970451331} 248.0 10597.0 10087.0 0.05056012689600476 5 9 21.0 0.0 0.05056012689600476 0
8 ec.gp.GPIndividual@1123334947{-1735731366} 427.0 10449.0 10054.0 0.03928784563357868 5 35 21.0 0.0 0.03928784563357868 0
8 ec.gp.GPIndividual@314358324{-823828754} 289.0 11159.0 10087.0 0.10627540398532764 5 23 21.0 0.0 0.10627540398532764 0
8 ec.gp.GPIndividual@577889693{714190713} 348.0 11658.0 10861.0 0.07338182487800386 5 26 21.0 0.0 0.07338182487800386 1
8 ec.gp.GPIndividual@1874000946{-531903134} 306.0 11159.0 10087.0 0.10627540398532764 5 23 21.0 0.0 0.10627540398532764 1
8 ec.gp.GPIndividual@1919767490{-28883008} 1273.0 8347.0 8160.0 0.022916666666666665 5 20 21.0 0.0 0.022916666666666665 0
8 ec.gp.GPIndividual@1919767490{-28883008} 66.0 14590.0 12802.0 0.13966567723793158 5 20 21.0 0.0 0.13966567723793158 0
8 ec.gp.GPIndividual@1874000946{-531903134} 774.0 8328.0 8317.0 0.0013225922808705061 5 23 21.0 0.0 0.0013225922808705061 1
8 ec.gp.GPIndividual@577889693{714190713} 872.0 8347.0 8160.0 0.022916666666666665 5 26 21.0 0.0 0.022916666666666665 1
8 ec.gp.GPIndividual@1919767490{-28883008} 128.0 10974.0 10087.0 0.08793496579756122 5 20 21.0 0.0 0.08793496579756122 0
8 ec.gp.GPIndividual@1937924080{1415459827} 74.0 11217.0 10054.0 0.1156753530932962 5 23 21.0 0.0 0.1156753530932962 0
8 ec.gp.GPIndividual@314358324{-823828754} 1239.0 8328.0 8317.0 0.0013225922808705061 5 23 21.0 0.0 0.0013225922808705061 0
8 ec.gp.GPIndividual@1937924080{1415459827} 324.0 19584.0 8387.0 1.3350423274114702 5 23 21.0 0.0 1.3350423274114702 0
8 ec.gp.GPIndividual@577889693{714190713} 434.0 12802.0 12802.0 0.0 5 26 21.0 0.0 0.0 2
8 ec.gp.GPIndividual@1899552877{1096406825} 118.0 11217.0 10054.0 0.1156753530932962 5 27 21.0 0.0 0.1156753530932962 0
8 ec.gp.GPIndividual@1123334947{-1735731366} 1526.0 8624.0 8387.0 0.028258018361750327 5 35 21.0 0.0 0.028258018361750327 0
8 ec.gp.GPIndividual@1937924080{1415459827} 168.0 15613.0 14578.0 0.07099739333241871 5 23 21.0 0.0 0.07099739333241871 0
8 ec.gp.GPIndividual@1919767490{-28883008} 559.0 8328.0 8317.0 0.0013225922808705061 5 20 21.0 0.0 0.0013225922808705061 0
8 ec.gp.GPIndividual@1483078610{-970451331} 1682.0 8328.0 8317.0 0.0013225922808705061 5 9 21.0 0.0 0.0013225922808705061 0
8 ec.gp.GPIndividual@577889693{714190713} 303.0 11159.0 10087.0 0.10627540398532764 5 26 21.0 0.0 0.10627540398532764 2
8 ec.gp.GPIndividual@1123334947{-1735731366} 326.0 15443.0 14578.0 0.05933598573192482 5 35 21.0 0.0 0.05933598573192482 0
8 ec.gp.GPIndividual@1937924080{1415459827} 337.0 11658.0 10861.0 0.07338182487800386 5 23 21.0 0.0 0.07338182487800386 0
8 ec.gp.GPIndividual@1434563737{-1910139600} 434.0 10449.0 10054.0 0.03928784563357868 5 26 21.0 0.0 0.03928784563357868 0
8 ec.gp.GPIndividual@826007149{1457479318} 421.0 10449.0 10054.0 0.03928784563357868 5 38 21.0 0.0 0.03928784563357868 0
8 ec.gp.GPIndividual@1123334947{-1735731366} 369.0 11098.0 10861.0 0.02182119510174017 5 35 21.0 0.0 0.02182119510174017 0
8 ec.gp.GPIndividual@1899552877{1096406825} 798.0 8767.0 8387.0 0.04530821509478956 5 27 21.0 0.0 0.04530821509478956 0
8 ec.gp.GPIndividual@577889693{714190713} 567.0 8328.0 8317.0 0.0013225922808705061 5 26 21.0 0.0 0.0013225922808705061 2
8 ec.gp.GPIndividual@266569856{1290694735} 0.0 99798.0 10054.0 0.8561766461110006 2 3 21.0 0.0 0.8561766461110006 0
8 ec.gp.GPIndividual@266569856{1290694735} 0.0 99798.0 8387.0 0.8275903183498271 2 3 21.0 0.0 0.8275903183498271 0
8 ec.gp.GPIndividual@266569856{1290694735} 0.0 99972.0 14578.0 0.8888736452188228 2 3 21.0 0.0 0.8888736452188228 0
8 ec.gp.GPIndividual@266569856{1290694735} 0.0 99798.0 10861.0 0.8668630881134334 2 3 21.0 0.0 0.8668630881134334 0
8 ec.gp.GPIndividual@266569856{1290694735} 0.0 99798.0 8160.0 0.8227941176470588 2 3 21.0 0.0 0.8227941176470588 0
8 ec.gp.GPIndividual@266569856{1290694735} 0.0 99798.0 12802.0 0.8870488986095922 2 3 21.0 0.0 0.8870488986095922 0
8 ec.gp.GPIndividual@266569856{1290694735} 0.0 99798.0 10087.0 0.8566471696242689 2 3 21.0 0.0 0.8566471696242689 0
8 ec.gp.GPIndividual@266569856{1290694735} 0.0 99798.0 8317.0 0.8261392328964771 2 3 21.0 0.0 0.8261392328964771 0
8 ec.gp.GPIndividual@1899552877{1096406825} 215.0 15549.0 14578.0 0.06660721635340924 5 27 21.0 0.0 0.06660721635340924 0
8 ec.gp.GPIndividual@1937924080{1415459827} 602.0 10033.0 8160.0 0.22953431372549019 5 23 21.0 0.0 0.22953431372549019 0
8 ec.gp.GPIndividual@435699105{-1417728576} 219.0 10054.0 10054.0 0.0 5 28 21.0 0.0 0.0 1
8 ec.gp.GPIndividual@1937924080{1415459827} 152.0 13688.0 12802.0 0.06920793625995939 5 23 21.0 0.0 0.06920793625995939 0
8 ec.gp.GPIndividual@826007149{1457479318} 584.0 13376.0 8387.0 0.5948491713365923 5 38 21.0 0.0 0.5948491713365923 0
8 ec.gp.GPIndividual@1434563737{-1910139600} 629.0 8767.0 8387.0 0.04530821509478956 5 26 21.0 0.0 0.04530821509478956 0
8 ec.gp.GPIndividual@1123334947{-1735731366} 453.0 8717.0 8160.0 0.06825980392156862 5 35 21.0 0.0 0.06825980392156862 0
8 ec.gp.GPIndividual@826007149{1457479318} 83.0 15614.0 14578.0 0.07106598984771574 5 38 21.0 0.0 0.07106598984771574 0
8 ec.gp.GPIndividual@1937924080{1415459827} 317.0 11159.0 10087.0 0.10627540398532764 5 23 21.0 0.0 0.10627540398532764 0
8 ec.gp.GPIndividual@1434563737{-1910139600} 306.0 15229.0 14578.0 0.04465633145836192 5 26 21.0 0.0 0.04465633145836192 0
8 ec.gp.GPIndividual@1123334947{-1735731366} 319.0 13661.0 12802.0 0.06709889079831276 5 35 21.0 0.0 0.06709889079831276 0
8 ec.gp.GPIndividual@826007149{1457479318} 433.0 11066.0 10861.0 0.018874873400239387 5 38 21.0 0.0 0.018874873400239387 0
8 ec.gp.GPIndividual@1123334947{-1735731366} 375.0 10594.0 10087.0 0.05026271438485179 5 35 21.0 0.0 0.05026271438485179 0
8 ec.gp.GPIndividual@1899552877{1096406825} 1548.0 11066.0 10861.0 0.018874873400239387 5 27 21.0 0.0 0.018874873400239387 0
8 ec.gp.GPIndividual@1434563737{-1910139600} 1128.0 11066.0 10861.0 0.018874873400239387 5 26 21.0 0.0 0.018874873400239387 0
8 ec.gp.GPIndividual@826007149{1457479318} 1198.0 8498.0 8160.0 0.04142156862745098 5 38 21.0 0.0 0.04142156862745098 0
8 ec.gp.GPIndividual@1123334947{-1735731366} 1014.0 8466.0 8317.0 0.017915113622700492 5 35 21.0 0.0 0.017915113622700492 0
8 ec.gp.GPIndividual@1899552877{1096406825} 540.0 8564.0 8160.0 0.049509803921568625 5 27 21.0 0.0 0.049509803921568625 0
8 ec.gp.GPIndividual@1483799936{-796524894} 216.0 10959.0 10054.0 0.09001392480604735 5 17 21.0 0.0 0.09001392480604735 0
8 ec.gp.GPIndividual@1899552877{1096406825} 67.0 14590.0 12802.0 0.13966567723793158 5 27 21.0 0.0 0.13966567723793158 0
8 ec.gp.GPIndividual@826007149{1457479318} 314.0 13661.0 12802.0 0.06709889079831276 5 38 21.0 0.0 0.06709889079831276 0
8 ec.gp.GPIndividual@1434563737{-1910139600} 640.0 8564.0 8160.0 0.049509803921568625 5 26 21.0 0.0 0.049509803921568625 0
8 ec.gp.GPIndividual@435699105{-1417728576} 2242.0 8560.0 8387.0 0.020627161082627875 5 28 21.0 0.0 0.020627161082627875 1
8 ec.gp.GPIndividual@1434563737{-1910139600} 50.0 14590.0 12802.0 0.13966567723793158 5 26 21.0 0.0 0.13966567723793158 0
8 ec.gp.GPIndividual@1937924080{1415459827} 1831.0 8328.0 8317.0 0.0013225922808705061 5 23 21.0 0.0 0.0013225922808705061 0
8 ec.gp.GPIndividual@320013631{1290694735} 0.0 99798.0 10054.0 0.8561766461110006 2 3 21.0 0.0 0.8561766461110006 0
8 ec.gp.GPIndividual@320013631{1290694735} 0.0 99798.0 8387.0 0.8275903183498271 2 3 21.0 0.0 0.8275903183498271 0
8 ec.gp.GPIndividual@320013631{1290694735} 0.0 99972.0 14578.0 0.8888736452188228 2 3 21.0 0.0 0.8888736452188228 0
8 ec.gp.GPIndividual@320013631{1290694735} 0.0 99798.0 10861.0 0.8668630881134334 2 3 21.0 0.0 0.8668630881134334 0
8 ec.gp.GPIndividual@320013631{1290694735} 0.0 99798.0 8160.0 0.8227941176470588 2 3 21.0 0.0 0.8227941176470588 0
8 ec.gp.GPIndividual@320013631{1290694735} 0.0 99798.0 12802.0 0.8870488986095922 2 3 21.0 0.0 0.8870488986095922 0
8 ec.gp.GPIndividual@320013631{1290694735} 0.0 99798.0 10087.0 0.8566471696242689 2 3 21.0 0.0 0.8566471696242689 0
8 ec.gp.GPIndividual@320013631{1290694735} 0.0 99798.0 8317.0 0.8261392328964771 2 3 21.0 0.0 0.8261392328964771 0
8 ec.gp.GPIndividual@1899552877{1096406825} 156.0 10974.0 10087.0 0.08793496579756122 5 27 21.0 0.0 0.08793496579756122 0
8 ec.gp.GPIndividual@435699105{-1417728576} 163.0 15613.0 14578.0 0.07099739333241871 5 28 21.0 0.0 0.07099739333241871 1
8 ec.gp.GPIndividual@826007149{1457479318} 351.0 10594.0 10087.0 0.05026271438485179 5 38 21.0 0.0 0.05026271438485179 0
8 ec.gp.GPIndividual@1434563737{-1910139600} 380.0 10482.0 10087.0 0.039159313968474274 5 26 21.0 0.0 0.039159313968474274 0
8 ec.gp.GPIndividual@193999579{1908231542} 428.0 10449.0 10054.0 0.03928784563357868 5 38 21.0 0.0 0.03928784563357868 0
8 ec.gp.GPIndividual@1483799936{-796524894} 655.0 8767.0 8387.0 0.04530821509478956 5 17 21.0 0.0 0.04530821509478956 0
8 ec.gp.GPIndividual@435699105{-1417728576} 357.0 11658.0 10861.0 0.07338182487800386 5 28 21.0 0.0 0.07338182487800386 1
8 ec.gp.GPIndividual@1899552877{1096406825} 548.0 8328.0 8317.0 0.0013225922808705061 5 27 21.0 0.0 0.0013225922808705061 0
8 ec.gp.GPIndividual@1483799936{-796524894} 167.0 15549.0 14578.0 0.06660721635340924 5 17 21.0 0.0 0.06660721635340924 0
8 ec.gp.GPIndividual@1483799936{-796524894} 315.0 11066.0 10861.0 0.018874873400239387 5 17 21.0 0.0 0.018874873400239387 0
8 ec.gp.GPIndividual@1210749881{-270623729} 544.0 9246.0 10054.0 0.08036602347324448 5 26 21.0 0.0 0.08036602347324448 0
8 ec.gp.GPIndividual@826007149{1457479318} 1060.0 8466.0 8317.0 0.017915113622700492 5 38 21.0 0.0 0.017915113622700492 0
8 ec.gp.GPIndividual@435699105{-1417728576} 828.0 8347.0 8160.0 0.022916666666666665 5 28 21.0 0.0 0.022916666666666665 1
8 ec.gp.GPIndividual@1334723448{1335470106} 44.0 11217.0 10054.0 0.1156753530932962 5 25 21.0 0.0 0.1156753530932962 0
8 ec.gp.GPIndividual@1483799936{-796524894} 514.0 8564.0 8160.0 0.049509803921568625 5 17 21.0 0.0 0.049509803921568625 0
8 ec.gp.GPIndividual@435699105{-1417728576} 162.0 13688.0 12802.0 0.06920793625995939 5 28 21.0 0.0 0.06920793625995939 1
8 ec.gp.GPIndividual@1434563737{-1910139600} 1179.0 8328.0 8317.0 0.0013225922808705061 5 26 21.0 0.0 0.0013225922808705061 0
8 ec.gp.GPIndividual@1334723448{1335470106} 290.0 13517.0 8387.0 0.611660903779659 5 25 21.0 0.0 0.611660903779659 0
8 ec.gp.GPIndividual@1483799936{-796524894} 163.0 13688.0 12802.0 0.06920793625995939 5 17 21.0 0.0 0.06920793625995939 0
8 ec.gp.GPIndividual@193999579{1908231542} 1238.0 8767.0 8387.0 0.04530821509478956 5 38 21.0 0.0 0.04530821509478956 0
8 ec.gp.GPIndividual@435699105{-1417728576} 192.0 11590.0 10087.0 0.14900366808763754 5 28 21.0 0.0 0.14900366808763754 1
8 ec.gp.GPIndividual@1334723448{1335470106} 71.0 15644.0 14578.0 0.07312388530662642 5 25 21.0 0.0 0.07312388530662642 0
8 ec.gp.GPIndividual@1334723448{1335470106} 135.0 11280.0 10861.0 0.03857839977902587 5 25 21.0 0.0 0.03857839977902587 0
8 ec.gp.GPIndividual@1483799936{-796524894} 259.0 10597.0 10087.0 0.05056012689600476 5 17 21.0 0.0 0.05056012689600476 0
8 ec.gp.GPIndividual@193999579{1908231542} 303.0 15443.0 14578.0 0.05933598573192482 5 38 21.0 0.0 0.05933598573192482 0
8 ec.gp.GPIndividual@874476608{-446625415} 433.0 10449.0 10054.0 0.03928784563357868 5 27 21.0 0.0 0.03928784563357868 0
8 ec.gp.GPIndividual@435699105{-1417728576} 507.0 8328.0 8317.0 0.0013225922808705061 5 28 21.0 0.0 0.0013225922808705061 1
8 ec.gp.GPIndividual@1334723448{1335470106} 506.0 8564.0 8160.0 0.049509803921568625 5 25 21.0 0.0 0.049509803921568625 0
8 ec.gp.GPIndividual@1483799936{-796524894} 465.0 8328.0 8317.0 0.0013225922808705061 5 17 21.0 0.0 0.0013225922808705061 0
8 ec.gp.GPIndividual@825040451{166314782} 202.0 10959.0 10054.0 0.09001392480604735 5 25 21.0 0.0 0.09001392480604735 0
8 ec.gp.GPIndividual@193999579{1908231542} 429.0 11066.0 10861.0 0.018874873400239387 5 38 21.0 0.0 0.018874873400239387 0
8 ec.gp.GPIndividual@1334723448{1335470106} 65.0 14590.0 12802.0 0.13966567723793158 5 25 21.0 0.0 0.13966567723793158 0
8 ec.gp.GPIndividual@1334723448{1335470106} 118.0 10974.0 10087.0 0.08793496579756122 5 25 21.0 0.0 0.08793496579756122 0
8 ec.gp.GPIndividual@1210749881{-270623729} 1695.0 8624.0 8387.0 0.028258018361750327 5 26 21.0 0.0 0.028258018361750327 0
8 ec.gp.GPIndividual@1334723448{1335470106} 420.0 8328.0 8317.0 0.0013225922808705061 5 25 21.0 0.0 0.0013225922808705061 0
8 ec.gp.GPIndividual@428504434{-195896212} 175.0 10959.0 10054.0 0.09001392480604735 5 11 21.0 0.0 0.09001392480604735 0
8 ec.gp.GPIndividual@874476608{-446625415} 1163.0 8560.0 8387.0 0.020627161082627875 5 27 21.0 0.0 0.020627161082627875 0
8 ec.gp.GPIndividual@193999579{1908231542} 770.0 8675.0 8160.0 0.06311274509803921 5 38 21.0 0.0 0.06311274509803921 0
8 ec.gp.GPIndividual@1210749881{-270623729} 445.0 14697.0 14578.0 0.008162985320345727 5 26 21.0 0.0 0.008162985320345727 0
8 ec.gp.GPIndividual@193999579{1908231542} 83.0 13803.0 12802.0 0.07819090767067646 5 38 21.0 0.0 0.07819090767067646 0
8 ec.gp.GPIndividual@874476608{-446625415} 366.0 15194.0 14578.0 0.04225545342296611 5 27 21.0 0.0 0.04225545342296611 0
8 ec.gp.GPIndividual@428504434{-195896212} 396.0 8767.0 8387.0 0.04530821509478956 5 11 21.0 0.0 0.04530821509478956 0
8 ec.gp.GPIndividual@193999579{1908231542} 293.0 11263.0 10087.0 0.11658570437196392 5 38 21.0 0.0 0.11658570437196392 0
8 ec.gp.GPIndividual@825040451{166314782} 1170.0 8767.0 8387.0 0.04530821509478956 5 25 21.0 0.0 0.04530821509478956 0
8 ec.gp.GPIndividual@1210749881{-270623729} 350.0 11658.0 10861.0 0.07338182487800386 5 26 21.0 0.0 0.07338182487800386 0
8 ec.gp.GPIndividual@428504434{-195896212} 185.0 15549.0 14578.0 0.06660721635340924 5 11 21.0 0.0 0.06660721635340924 0
8 ec.gp.GPIndividual@825040451{166314782} 342.0 15194.0 14578.0 0.04225545342296611 5 25 21.0 0.0 0.04225545342296611 0
8 ec.gp.GPIndividual@428504434{-195896212} 290.0 11066.0 10861.0 0.018874873400239387 5 11 21.0 0.0 0.018874873400239387 0
8 ec.gp.GPIndividual@428504434{-195896212} 821.0 8446.0 8160.0 0.03504901960784314 5 11 21.0 0.0 0.03504901960784314 0
8 ec.gp.GPIndividual@193999579{1908231542} 1290.0 8328.0 8317.0 0.0013225922808705061 5 38 21.0 0.0 0.0013225922808705061 0
8 ec.gp.GPIndividual@428504434{-195896212} 165.0 13688.0 12802.0 0.06920793625995939 5 11 21.0 0.0 0.06920793625995939 0
8 ec.gp.GPIndividual@825040451{166314782} 1167.0 11066.0 10861.0 0.018874873400239387 5 25 21.0 0.0 0.018874873400239387 0
8 ec.gp.GPIndividual@1210749881{-270623729} 1640.0 8347.0 8160.0 0.022916666666666665 5 26 21.0 0.0 0.022916666666666665 0
8 ec.gp.GPIndividual@428504434{-195896212} 244.0 10597.0 10087.0 0.05056012689600476 5 11 21.0 0.0 0.05056012689600476 0
8 ec.gp.GPIndividual@1933249783{-1463902014} 457.0 9246.0 10054.0 0.08036602347324448 5 25 21.0 0.0 0.08036602347324448 0
8 ec.gp.GPIndividual@874476608{-446625415} 1782.0 11066.0 10861.0 0.018874873400239387 5 27 21.0 0.0 0.018874873400239387 0
8 ec.gp.GPIndividual@1210749881{-270623729} 617.0 13477.0 12802.0 0.052726136541165446 5 26 21.0 0.0 0.052726136541165446 0
8 ec.gp.GPIndividual@1210749881{-270623729} 239.0 11590.0 10087.0 0.14900366808763754 5 26 21.0 0.0 0.14900366808763754 0
8 ec.gp.GPIndividual@1933249783{-1463902014} 804.0 8624.0 8387.0 0.028258018361750327 5 25 21.0 0.0 0.028258018361750327 0
8 ec.gp.GPIndividual@825040451{166314782} 1053.0 8446.0 8160.0 0.03504901960784314 5 25 21.0 0.0 0.03504901960784314 0
8 ec.gp.GPIndividual@874476608{-446625415} 829.0 8446.0 8160.0 0.03504901960784314 5 27 21.0 0.0 0.03504901960784314 0
8 ec.gp.GPIndividual@874476608{-446625415} 53.0 14590.0 12802.0 0.13966567723793158 5 27 21.0 0.0 0.13966567723793158 0
8 ec.gp.GPIndividual@825040451{166314782} 85.0 14590.0 12802.0 0.13966567723793158 5 25 21.0 0.0 0.13966567723793158 0
8 ec.gp.GPIndividual@1933249783{-1463902014} 170.0 15613.0 14578.0 0.07099739333241871 5 25 21.0 0.0 0.07099739333241871 0
8 ec.gp.GPIndividual@428504434{-195896212} 1070.0 8328.0 8317.0 0.0013225922808705061 5 11 21.0 0.0 0.0013225922808705061 0
8 ec.gp.GPIndividual@1858516730{-368619716} 170.0 10959.0 10054.0 0.09001392480604735 5 19 21.0 0.0 0.09001392480604735 0
8 ec.gp.GPIndividual@874476608{-446625415} 351.0 10482.0 10087.0 0.039159313968474274 5 27 21.0 0.0 0.039159313968474274 0
8 ec.gp.GPIndividual@825040451{166314782} 335.0 10482.0 10087.0 0.039159313968474274 5 25 21.0 0.0 0.039159313968474274 0
8 ec.gp.GPIndividual@1933249783{-1463902014} 321.0 11658.0 10861.0 0.07338182487800386 5 25 21.0 0.0 0.07338182487800386 0
8 ec.gp.GPIndividual@1858516730{-368619716} 681.0 8767.0 8387.0 0.04530821509478956 5 19 21.0 0.0 0.04530821509478956 0
8 ec.gp.GPIndividual@1858516730{-368619716} 128.0 15614.0 14578.0 0.07106598984771574 5 19 21.0 0.0 0.07106598984771574 0
8 ec.gp.GPIndividual@1933249783{-1463902014} 789.0 8347.0 8160.0 0.022916666666666665 5 25 21.0 0.0 0.022916666666666665 0
8 ec.gp.GPIndividual@1858516730{-368619716} 122.0 11312.0 10861.0 0.041524721480526654 5 19 21.0 0.0 0.041524721480526654 0
8 ec.gp.GPIndividual@874476608{-446625415} 1002.0 8328.0 8317.0 0.0013225922808705061 5 27 21.0 0.0 0.0013225922808705061 0
8 ec.gp.GPIndividual@1933249783{-1463902014} 168.0 13688.0 12802.0 0.06920793625995939 5 25 21.0 0.0 0.06920793625995939 0
8 ec.gp.GPIndividual@1210749881{-270623729} 1559.0 8328.0 8317.0 0.0013225922808705061 5 26 21.0 0.0 0.0013225922808705061 0
8 ec.gp.GPIndividual@1997913095{1290694735} 0.0 99798.0 10054.0 0.8561766461110006 2 3 21.0 0.0 0.8561766461110006 0
8 ec.gp.GPIndividual@1997913095{1290694735} 0.0 99798.0 8387.0 0.8275903183498271 2 3 21.0 0.0 0.8275903183498271 0
8 ec.gp.GPIndividual@1997913095{1290694735} 0.0 99972.0 14578.0 0.8888736452188228 2 3 21.0 0.0 0.8888736452188228 0
8 ec.gp.GPIndividual@1997913095{1290694735} 0.0 99798.0 10861.0 0.8668630881134334 2 3 21.0 0.0 0.8668630881134334 0
8 ec.gp.GPIndividual@1997913095{1290694735} 0.0 99798.0 8160.0 0.8227941176470588 2 3 21.0 0.0 0.8227941176470588 0
8 ec.gp.GPIndividual@1997913095{1290694735} 0.0 99798.0 12802.0 0.8870488986095922 2 3 21.0 0.0 0.8870488986095922 0
8 ec.gp.GPIndividual@1997913095{1290694735} 0.0 99798.0 10087.0 0.8566471696242689 2 3 21.0 0.0 0.8566471696242689 0
8 ec.gp.GPIndividual@1997913095{1290694735} 0.0 99798.0 8317.0 0.8261392328964771 2 3 21.0 0.0 0.8261392328964771 0
8 ec.gp.GPIndividual@825040451{166314782} 1157.0 8328.0 8317.0 0.0013225922808705061 5 25 21.0 0.0 0.0013225922808705061 0
8 ec.gp.GPIndividual@1933249783{-1463902014} 293.0 11159.0 10087.0 0.10627540398532764 5 25 21.0 0.0 0.10627540398532764 0
8 ec.gp.GPIndividual@475875574{-962105018} 171.0 10959.0 10054.0 0.09001392480604735 5 16 21.0 0.0 0.09001392480604735 0
8 ec.gp.GPIndividual@843921784{1083793427} 380.0 10449.0 10054.0 0.03928784563357868 5 27 21.0 0.0 0.03928784563357868 0
8 ec.gp.GPIndividual@1858516730{-368619716} 765.0 8675.0 8160.0 0.06311274509803921 5 19 21.0 0.0 0.06311274509803921 0
8 ec.gp.GPIndividual@475875574{-962105018} 334.0 8767.0 8387.0 0.04530821509478956 5 16 21.0 0.0 0.04530821509478956 0
8 ec.gp.GPIndividual@843921784{1083793427} 300.0 8767.0 8387.0 0.04530821509478956 5 27 21.0 0.0 0.04530821509478956 0
8 ec.gp.GPIndividual@1933249783{-1463902014} 455.0 8328.0 8317.0 0.0013225922808705061 5 25 21.0 0.0 0.0013225922808705061 0
8 ec.gp.GPIndividual@312979647{1378208844} 0.0 77757.0 10054.0 0.3311119952257808 4 18 21.0 0.0 0.3311119952257808 0
8 ec.gp.GPIndividual@312979647{1378208844} 0.0 77757.0 8387.0 0.19816382496721116 4 18 21.0 0.0 0.19816382496721116 0
8 ec.gp.GPIndividual@312979647{1378208844} 0.0 77842.0 14578.0 0.532857730827274 4 18 21.0 0.0 0.532857730827274 0
8 ec.gp.GPIndividual@312979647{1378208844} 0.0 77757.0 10861.0 0.38081207991897614 4 18 21.0 0.0 0.38081207991897614 0
8 ec.gp.GPIndividual@312979647{1378208844} 0.0 77757.0 8160.0 0.17585784313725492 4 18 21.0 0.0 0.17585784313725492 0
8 ec.gp.GPIndividual@312979647{1378208844} 0.0 77770.0 12802.0 0.4736759881268552 4 18 21.0 0.0 0.4736759881268552 0
8 ec.gp.GPIndividual@312979647{1378208844} 0.0 77757.0 10087.0 0.3333002874987608 4 18 21.0 0.0 0.3333002874987608 0
8 ec.gp.GPIndividual@312979647{1378208844} 0.0 77757.0 8317.0 0.19141517374053144 4 18 21.0 0.0 0.19141517374053144 0
8 ec.gp.GPIndividual@475875574{-962105018} 151.0 15613.0 14578.0 0.07099739333241871 5 16 21.0 0.0 0.07099739333241871 0
8 ec.gp.GPIndividual@1858516730{-368619716} 176.0 13803.0 12802.0 0.07819090767067646 5 19 21.0 0.0 0.07819090767067646 0
8 ec.gp.GPIndividual@843921784{1083793427} 329.0 15194.0 14578.0 0.04225545342296611 5 27 21.0 0.0 0.04225545342296611 0
8 ec.gp.GPIndividual@1858516730{-368619716} 215.0 11263.0 10087.0 0.11658570437196392 5 19 21.0 0.0 0.11658570437196392 0
8 ec.gp.GPIndividual@475875574{-962105018} 305.0 11658.0 10861.0 0.07338182487800386 5 16 21.0 0.0 0.07338182487800386 0
8 ec.gp.GPIndividual@475875574{-962105018} 682.0 8347.0 8160.0 0.022916666666666665 5 16 21.0 0.0 0.022916666666666665 0
8 ec.gp.GPIndividual@1858516730{-368619716} 778.0 8466.0 8317.0 0.017915113622700492 5 19 21.0 0.0 0.017915113622700492 0
8 ec.gp.GPIndividual@475875574{-962105018} 104.0 13688.0 12802.0 0.06920793625995939 5 16 21.0 0.0 0.06920793625995939 0
8 ec.gp.GPIndividual@475875574{-962105018} 245.0 11159.0 10087.0 0.10627540398532764 5 16 21.0 0.0 0.10627540398532764 0
8 ec.gp.GPIndividual@843921784{1083793427} 2667.0 11028.0 10861.0 0.015376116379707209 5 27 21.0 0.0 0.015376116379707209 0
8 ec.gp.GPIndividual@843921784{1083793427} 942.0 8347.0 8160.0 0.022916666666666665 5 27 21.0 0.0 0.022916666666666665 0
8 ec.gp.GPIndividual@843921784{1083793427} 175.0 13688.0 12802.0 0.06920793625995939 5 27 21.0 0.0 0.06920793625995939 0
8 ec.gp.GPIndividual@843921784{1083793427} 310.0 10482.0 10087.0 0.039159313968474274 5 27 21.0 0.0 0.039159313968474274 0
8 ec.gp.GPIndividual@475875574{-962105018} 4588.0 8328.0 8317.0 0.0013225922808705061 5 16 21.0 0.0 0.0013225922808705061 0
8 ec.gp.GPIndividual@843921784{1083793427} 7344.0 8328.0 8317.0 0.0013225922808705061 5 27 21.0 0.0 0.0013225922808705061 0
8 ec.gp.GPIndividual@707174320{-546322810} 412.0 9246.0 10054.0 0.08036602347324448 5 26 21.0 0.0 0.08036602347324448 0
8 ec.gp.GPIndividual@707174320{-546322810} 2418.0 8528.0 8387.0 0.016811732443066652 5 26 21.0 0.0 0.016811732443066652 0
8 ec.gp.GPIndividual@707174320{-546322810} 385.0 15194.0 14578.0 0.04225545342296611 5 26 21.0 0.0 0.04225545342296611 0
8 ec.gp.GPIndividual@707174320{-546322810} 482.0 11247.0 10861.0 0.03554000552435319 5 26 21.0 0.0 0.03554000552435319 0
8 ec.gp.GPIndividual@707174320{-546322810} 7111.0 8215.0 8160.0 0.006740196078431373 5 26 21.0 0.0 0.006740196078431373 0
8 ec.gp.GPIndividual@707174320{-546322810} 348.0 13661.0 12802.0 0.06709889079831276 5 26 21.0 0.0 0.06709889079831276 0
8 ec.gp.GPIndividual@707174320{-546322810} 441.0 10383.0 10087.0 0.02934470110042629 5 26 21.0 0.0 0.02934470110042629 0
8 ec.gp.GPIndividual@707174320{-546322810} 13903.0 8328.0 8317.0 0.0013225922808705061 5 26 21.0 0.0 0.0013225922808705061 0
9 ec.gp.GPIndividual@429290793{1328398227} 304.0 10959.0 10054.0 0.09001392480604735 5 19 21.0 0.0 0.09001392480604735 0
9 ec.gp.GPIndividual@1927004945{1529595706} 365.0 10959.0 10054.0 0.09001392480604735 5 35 21.0 0.0 0.09001392480604735 0
9 ec.gp.GPIndividual@258565237{-1790926750} 420.0 10449.0 10054.0 0.03928784563357868 5 24 21.0 0.0 0.03928784563357868 0
9 ec.gp.GPIndividual@1033675{816080324} 429.0 10959.0 10054.0 0.09001392480604735 5 35 21.0 0.0 0.09001392480604735 0
9 ec.gp.GPIndividual@2129069842{1274113889} 432.0 10449.0 10054.0 0.03928784563357868 5 23 21.0 0.0 0.03928784563357868 0
9 ec.gp.GPIndividual@23184889{1151410357} 527.0 9246.0 10054.0 0.08036602347324448 5 28 21.0 0.0 0.08036602347324448 0
9 ec.gp.GPIndividual@258565237{-1790926750} 282.0 13517.0 8387.0 0.611660903779659 5 24 21.0 0.0 0.611660903779659 0
9 ec.gp.GPIndividual@1927004945{1529595706} 348.0 13376.0 8387.0 0.5948491713365923 5 35 21.0 0.0 0.5948491713365923 0
9 ec.gp.GPIndividual@2129069842{1274113889} 289.0 13517.0 8387.0 0.611660903779659 5 23 21.0 0.0 0.611660903779659 0
9 ec.gp.GPIndividual@1033675{816080324} 296.0 13376.0 8387.0 0.5948491713365923 5 35 21.0 0.0 0.5948491713365923 0
9 ec.gp.GPIndividual@429290793{1328398227} 455.0 13517.0 8387.0 0.611660903779659 5 19 21.0 0.0 0.611660903779659 0
9 ec.gp.GPIndividual@1927004945{1529595706} 88.0 15614.0 14578.0 0.07106598984771574 5 35 21.0 0.0 0.07106598984771574 0
9 ec.gp.GPIndividual@258565237{-1790926750} 118.0 15644.0 14578.0 0.07312388530662642 5 24 21.0 0.0 0.07312388530662642 0
9 ec.gp.GPIndividual@1033675{816080324} 311.0 15443.0 14578.0 0.05933598573192482 5 35 21.0 0.0 0.05933598573192482 0
9 ec.gp.GPIndividual@2129069842{1274113889} 326.0 15229.0 14578.0 0.04465633145836192 5 23 21.0 0.0 0.04465633145836192 0
9 ec.gp.GPIndividual@429290793{1328398227} 306.0 15229.0 14578.0 0.04465633145836192 5 19 21.0 0.0 0.04465633145836192 0
9 ec.gp.GPIndividual@1927004945{1529595706} 456.0 11066.0 10861.0 0.018874873400239387 5 35 21.0 0.0 0.018874873400239387 0
9 ec.gp.GPIndividual@1033675{816080324} 445.0 11066.0 10861.0 0.018874873400239387 5 35 21.0 0.0 0.018874873400239387 0
9 ec.gp.GPIndividual@429290793{1328398227} 1109.0 11066.0 10861.0 0.018874873400239387 5 19 21.0 0.0 0.018874873400239387 0
9 ec.gp.GPIndividual@2129069842{1274113889} 1188.0 11066.0 10861.0 0.018874873400239387 5 23 21.0 0.0 0.018874873400239387 0
9 ec.gp.GPIndividual@1927004945{1529595706} 1070.0 8675.0 8160.0 0.06311274509803921 5 35 21.0 0.0 0.06311274509803921 0
9 ec.gp.GPIndividual@1033675{816080324} 848.0 8717.0 8160.0 0.06825980392156862 5 35 21.0 0.0 0.06825980392156862 0
9 ec.gp.GPIndividual@258565237{-1790926750} 1555.0 11066.0 10861.0 0.018874873400239387 5 24 21.0 0.0 0.018874873400239387 0
9 ec.gp.GPIndividual@1927004945{1529595706} 320.0 13661.0 12802.0 0.06709889079831276 5 35 21.0 0.0 0.06709889079831276 0
9 ec.gp.GPIndividual@1033675{816080324} 325.0 13661.0 12802.0 0.06709889079831276 5 35 21.0 0.0 0.06709889079831276 0
9 ec.gp.GPIndividual@2129069842{1274113889} 500.0 8564.0 8160.0 0.049509803921568625 5 23 21.0 0.0 0.049509803921568625 0
9 ec.gp.GPIndividual@1033675{816080324} 125.0 11373.0 10087.0 0.12749082978090612 5 35 21.0 0.0 0.12749082978090612 0
9 ec.gp.GPIndividual@429290793{1328398227} 643.0 8564.0 8160.0 0.049509803921568625 5 19 21.0 0.0 0.049509803921568625 0
9 ec.gp.GPIndividual@429290793{1328398227} 76.0 14590.0 12802.0 0.13966567723793158 5 19 21.0 0.0 0.13966567723793158 0
9 ec.gp.GPIndividual@2129069842{1274113889} 206.0 13688.0 12802.0 0.06920793625995939 5 23 21.0 0.0 0.06920793625995939 0
9 ec.gp.GPIndividual@1927004945{1529595706} 340.0 11263.0 10087.0 0.11658570437196392 5 35 21.0 0.0 0.11658570437196392 0
9 ec.gp.GPIndividual@258565237{-1790926750} 662.0 8564.0 8160.0 0.049509803921568625 5 24 21.0 0.0 0.049509803921568625 0
9 ec.gp.GPIndividual@2129069842{1274113889} 131.0 10974.0 10087.0 0.08793496579756122 5 23 21.0 0.0 0.08793496579756122 0
9 ec.gp.GPIndividual@429290793{1328398227} 360.0 10482.0 10087.0 0.039159313968474274 5 19 21.0 0.0 0.039159313968474274 0
9 ec.gp.GPIndividual@258565237{-1790926750} 324.0 13661.0 12802.0 0.06709889079831276 5 24 21.0 0.0 0.06709889079831276 0
9 ec.gp.GPIndividual@2129069842{1274113889} 463.0 8328.0 8317.0 0.0013225922808705061 5 23 21.0 0.0 0.0013225922808705061 0
9 ec.gp.GPIndividual@1927004945{1529595706} 580.0 8984.0 8317.0 0.0801971864855116 5 35 21.0 0.0 0.0801971864855116 0
9 ec.gp.GPIndividual@258565237{-1790926750} 219.0 10974.0 10087.0 0.08793496579756122 5 24 21.0 0.0 0.08793496579756122 0
9 ec.gp.GPIndividual@1033675{816080324} 1485.0 8328.0 8317.0 0.0013225922808705061 5 35 21.0 0.0 0.0013225922808705061 0
9 ec.gp.GPIndividual@265153370{960848949} 731.0 10141.0 10054.0 0.008653272329421126 5 31 21.0 0.0 0.008653272329421126 0
9 ec.gp.GPIndividual@23184889{1151410357} 3764.0 8528.0 8387.0 0.016811732443066652 5 28 21.0 0.0 0.016811732443066652 0
9 ec.gp.GPIndividual@1026102398{1121446101} 720.0 10141.0 10054.0 0.008653272329421126 5 26 21.0 0.0 0.008653272329421126 0
9 ec.gp.GPIndividual@1026102398{1121446101} 284.0 13517.0 8387.0 0.611660903779659 5 26 21.0 0.0 0.611660903779659 0
9 ec.gp.GPIndividual@265153370{960848949} 309.0 19584.0 8387.0 1.3350423274114702 5 31 21.0 0.0 1.3350423274114702 0
9 ec.gp.GPIndividual@258565237{-1790926750} 1013.0 8328.0 8317.0 0.0013225922808705061 5 24 21.0 0.0 0.0013225922808705061 0
9 ec.gp.GPIndividual@23184889{1151410357} 320.0 15443.0 14578.0 0.05933598573192482 5 28 21.0 0.0 0.05933598573192482 0
9 ec.gp.GPIndividual@914519599{885014233} 412.0 10054.0 10054.0 0.0 5 28 21.0 0.0 0.0 1
9 ec.gp.GPIndividual@1461998860{1324737103} 208.0 10959.0 10054.0 0.09001392480604735 5 15 21.0 0.0 0.09001392480604735 0
9 ec.gp.GPIndividual@265153370{960848949} 393.0 15443.0 14578.0 0.05933598573192482 5 31 21.0 0.0 0.05933598573192482 0
9 ec.gp.GPIndividual@23184889{1151410357} 376.0 11658.0 10861.0 0.07338182487800386 5 28 21.0 0.0 0.07338182487800386 0
9 ec.gp.GPIndividual@429290793{1328398227} 1736.0 8328.0 8317.0 0.0013225922808705061 5 19 21.0 0.0 0.0013225922808705061 0
9 ec.gp.GPIndividual@1026102398{1121446101} 458.0 15229.0 14578.0 0.04465633145836192 5 26 21.0 0.0 0.04465633145836192 0
9 ec.gp.GPIndividual@320510506{-142932741} 217.0 10959.0 10054.0 0.09001392480604735 5 23 21.0 0.0 0.09001392480604735 0
9 ec.gp.GPIndividual@1026102398{1121446101} 327.0 11066.0 10861.0 0.018874873400239387 5 26 21.0 0.0 0.018874873400239387 0
9 ec.gp.GPIndividual@1461998860{1324737103} 625.0 8767.0 8387.0 0.04530821509478956 5 15 21.0 0.0 0.04530821509478956 0
9 ec.gp.GPIndividual@265153370{960848949} 482.0 11444.0 10861.0 0.05367829849921738 5 31 21.0 0.0 0.05367829849921738 0
9 ec.gp.GPIndividual@320510506{-142932741} 280.0 17367.0 8387.0 1.070704661976869 5 23 21.0 0.0 1.070704661976869 0
9 ec.gp.GPIndividual@1461998860{1324737103} 117.0 15644.0 14578.0 0.07312388530662642 5 15 21.0 0.0 0.07312388530662642 0
9 ec.gp.GPIndividual@320510506{-142932741} 74.0 18114.0 14578.0 0.24255727809027303 5 23 21.0 0.0 0.24255727809027303 0
9 ec.gp.GPIndividual@1461998860{1324737103} 311.0 11066.0 10861.0 0.018874873400239387 5 15 21.0 0.0 0.018874873400239387 0
9 ec.gp.GPIndividual@320510506{-142932741} 349.0 11109.0 10861.0 0.022833993186631065 5 23 21.0 0.0 0.022833993186631065 0
9 ec.gp.GPIndividual@914519599{885014233} 1753.0 8624.0 8387.0 0.028258018361750327 5 28 21.0 0.0 0.028258018361750327 1
9 ec.gp.GPIndividual@1026102398{1121446101} 1167.0 8347.0 8160.0 0.022916666666666665 5 26 21.0 0.0 0.022916666666666665 0
9 ec.gp.GPIndividual@1026102398{1121446101} 58.0 14590.0 12802.0 0.13966567723793158 5 26 21.0 0.0 0.13966567723793158 0
9 ec.gp.GPIndividual@1461998860{1324737103} 895.0 8446.0 8160.0 0.03504901960784314 5 15 21.0 0.0 0.03504901960784314 0
9 ec.gp.GPIndividual@23184889{1151410357} 1804.0 8347.0 8160.0 0.022916666666666665 5 28 21.0 0.0 0.022916666666666665 0
9 ec.gp.GPIndividual@320510506{-142932741} 902.0 8773.0 8160.0 0.07512254901960784 5 23 21.0 0.0 0.07512254901960784 0
9 ec.gp.GPIndividual@1026102398{1121446101} 243.0 10597.0 10087.0 0.05056012689600476 5 26 21.0 0.0 0.05056012689600476 0
9 ec.gp.GPIndividual@1461998860{1324737103} 82.0 14590.0 12802.0 0.13966567723793158 5 15 21.0 0.0 0.13966567723793158 0
9 ec.gp.GPIndividual@320510506{-142932741} 53.0 16275.0 12802.0 0.2712857366036557 5 23 21.0 0.0 0.2712857366036557 0
9 ec.gp.GPIndividual@265153370{960848949} 1435.0 8347.0 8160.0 0.022916666666666665 5 31 21.0 0.0 0.022916666666666665 0
9 ec.gp.GPIndividual@914519599{885014233} 516.0 15186.0 14578.0 0.04170668130058993 5 28 21.0 0.0 0.04170668130058993 1
9 ec.gp.GPIndividual@1461998860{1324737103} 257.0 10597.0 10087.0 0.05056012689600476 5 15 21.0 0.0 0.05056012689600476 0
9 ec.gp.GPIndividual@320510506{-142932741} 260.0 10794.0 10087.0 0.07009021512838307 5 23 21.0 0.0 0.07009021512838307 0
9 ec.gp.GPIndividual@265153370{960848949} 325.0 13661.0 12802.0 0.06709889079831276 5 31 21.0 0.0 0.06709889079831276 0
9 ec.gp.GPIndividual@914519599{885014233} 317.0 11658.0 10861.0 0.07338182487800386 5 28 21.0 0.0 0.07338182487800386 1
9 ec.gp.GPIndividual@23184889{1151410357} 673.0 13477.0 12802.0 0.052726136541165446 5 28 21.0 0.0 0.052726136541165446 0
9 ec.gp.GPIndividual@320510506{-142932741} 480.0 9651.0 8317.0 0.1603943729710232 5 23 21.0 0.0 0.1603943729710232 0
9 ec.gp.GPIndividual@1461998860{1324737103} 523.0 8328.0 8317.0 0.0013225922808705061 5 15 21.0 0.0 0.0013225922808705061 0
9 ec.gp.GPIndividual@265153370{960848949} 577.0 10383.0 10087.0 0.02934470110042629 5 31 21.0 0.0 0.02934470110042629 0
9 ec.gp.GPIndividual@946692106{1520063268} 225.0 10959.0 10054.0 0.09001392480604735 5 20 21.0 0.0 0.09001392480604735 0
9 ec.gp.GPIndividual@245536429{-2075852659} 225.0 10959.0 10054.0 0.09001392480604735 5 21 21.0 0.0 0.09001392480604735 0
9 ec.gp.GPIndividual@23184889{1151410357} 561.0 10383.0 10087.0 0.02934470110042629 5 28 21.0 0.0 0.02934470110042629 0
9 ec.gp.GPIndividual@914519599{885014233} 858.0 8347.0 8160.0 0.022916666666666665 5 28 21.0 0.0 0.022916666666666665 1
9 ec.gp.GPIndividual@946692106{1520063268} 291.0 19584.0 8387.0 1.3350423274114702 5 20 21.0 0.0 1.3350423274114702 0
9 ec.gp.GPIndividual@245536429{-2075852659} 285.0 13517.0 8387.0 0.611660903779659 5 21 21.0 0.0 0.611660903779659 0
9 ec.gp.GPIndividual@1026102398{1121446101} 1337.0 8328.0 8317.0 0.0013225922808705061 5 26 21.0 0.0 0.0013225922808705061 0
9 ec.gp.GPIndividual@946692106{1520063268} 184.0 15613.0 14578.0 0.07099739333241871 5 20 21.0 0.0 0.07099739333241871 0
9 ec.gp.GPIndividual@245536429{-2075852659} 184.0 15549.0 14578.0 0.06660721635340924 5 21 21.0 0.0 0.06660721635340924 0
9 ec.gp.GPIndividual@1718910042{-976288977} 213.0 10959.0 10054.0 0.09001392480604735 5 27 21.0 0.0 0.09001392480604735 0
9 ec.gp.GPIndividual@23184889{1151410357} 530.0 8328.0 8317.0 0.0013225922808705061 5 28 21.0 0.0 0.0013225922808705061 0
9 ec.gp.GPIndividual@1019859758{-1402171828} 0.0 105260.0 10054.0 0.8563755719116769 5 27 21.0 0.0 0.8563755719116769 0
9 ec.gp.GPIndividual@1019859758{-1402171828} 0.0 105260.0 8387.0 0.8278287826397996 5 27 21.0 0.0 0.8278287826397996 0
9 ec.gp.GPIndividual@1019859758{-1402171828} 0.0 105260.0 14578.0 0.9009466319110989 5 27 21.0 0.0 0.9009466319110989 0
9 ec.gp.GPIndividual@1019859758{-1402171828} 0.0 105260.0 10861.0 0.8670472332197772 5 27 21.0 0.0 0.8670472332197772 0
9 ec.gp.GPIndividual@1019859758{-1402171828} 0.0 105260.0 8160.0 0.8230392156862745 5 27 21.0 0.0 0.8230392156862745 0
9 ec.gp.GPIndividual@1019859758{-1402171828} 0.0 105260.0 12802.0 0.8872051241993438 5 27 21.0 0.0 0.8872051241993438 0
9 ec.gp.GPIndividual@1019859758{-1402171828} 0.0 105260.0 10087.0 0.8568454446317042 5 27 21.0 0.0 0.8568454446317042 0
9 ec.gp.GPIndividual@1019859758{-1402171828} 0.0 105260.0 8317.0 0.8263797042202717 5 27 21.0 0.0 0.8263797042202717 0
9 ec.gp.GPIndividual@946692106{1520063268} 289.0 12610.0 10861.0 0.16103489549765215 5 20 21.0 0.0 0.16103489549765215 0
9 ec.gp.GPIndividual@245536429{-2075852659} 305.0 11066.0 10861.0 0.018874873400239387 5 21 21.0 0.0 0.018874873400239387 0
9 ec.gp.GPIndividual@1718910042{-976288977} 292.0 19584.0 8387.0 1.3350423274114702 5 27 21.0 0.0 1.3350423274114702 0
9 ec.gp.GPIndividual@1718910042{-976288977} 70.0 19584.0 14578.0 0.3433941555768967 5 27 21.0 0.0 0.3433941555768967 0
9 ec.gp.GPIndividual@1981943840{-760186827} 209.0 10959.0 10054.0 0.09001392480604735 5 25 21.0 0.0 0.09001392480604735 0
9 ec.gp.GPIndividual@1981943840{-760186827} 262.0 19584.0 8387.0 1.3350423274114702 5 25 21.0 0.0 1.3350423274114702 0
9 ec.gp.GPIndividual@914519599{885014233} 948.0 12802.0 12802.0 0.0 5 28 21.0 0.0 0.0 2
9 ec.gp.GPIndividual@1718910042{-976288977} 339.0 11066.0 10861.0 0.018874873400239387 5 27 21.0 0.0 0.018874873400239387 0
9 ec.gp.GPIndividual@1981943840{-760186827} 73.0 19584.0 14578.0 0.3433941555768967 5 25 21.0 0.0 0.3433941555768967 0
9 ec.gp.GPIndividual@914519599{885014233} 297.0 11159.0 10087.0 0.10627540398532764 5 28 21.0 0.0 0.10627540398532764 2
9 ec.gp.GPIndividual@1981943840{-760186827} 326.0 11066.0 10861.0 0.018874873400239387 5 25 21.0 0.0 0.018874873400239387 0
9 ec.gp.GPIndividual@946692106{1520063268} 836.0 8347.0 8160.0 0.022916666666666665 5 20 21.0 0.0 0.022916666666666665 0
9 ec.gp.GPIndividual@265153370{960848949} 1702.0 8328.0 8317.0 0.0013225922808705061 5 31 21.0 0.0 0.0013225922808705061 0
9 ec.gp.GPIndividual@1745318947{82247139} 0.0 99026.0 10054.0 0.9329620051720708 2 4 21.0 0.0 0.9329620051720708 0
9 ec.gp.GPIndividual@1745318947{82247139} 0.0 99026.0 8387.0 0.9196375342792417 2 4 21.0 0.0 0.9196375342792417 0
9 ec.gp.GPIndividual@1745318947{82247139} 0.0 99026.0 14578.0 0.9537659486898066 2 4 21.0 0.0 0.9537659486898066 0
9 ec.gp.GPIndividual@1745318947{82247139} 0.0 99026.0 10861.0 0.9379430991621398 2 4 21.0 0.0 0.9379430991621398 0
9 ec.gp.GPIndividual@1745318947{82247139} 0.0 99026.0 8160.0 0.9174019607843137 2 4 21.0 0.0 0.9174019607843137 0
9 ec.gp.GPIndividual@1745318947{82247139} 0.0 99026.0 12802.0 0.9473519762537104 2 4 21.0 0.0 0.9473519762537104 0
9 ec.gp.GPIndividual@1745318947{82247139} 0.0 99026.0 10087.0 0.9331813224942996 2 4 21.0 0.0 0.9331813224942996 0
9 ec.gp.GPIndividual@1745318947{82247139} 0.0 99026.0 8317.0 0.9189611638812072 2 4 21.0 0.0 0.9189611638812072 0
9 ec.gp.GPIndividual@245536429{-2075852659} 881.0 8446.0 8160.0 0.03504901960784314 5 21 21.0 0.0 0.03504901960784314 0
9 ec.gp.GPIndividual@946692106{1520063268} 69.0 19584.0 12802.0 0.52976097484768 5 20 21.0 0.0 0.52976097484768 0
9 ec.gp.GPIndividual@245536429{-2075852659} 153.0 13688.0 12802.0 0.06920793625995939 5 21 21.0 0.0 0.06920793625995939 0
9 ec.gp.GPIndividual@927209566{-254926007} 206.0 10959.0 10054.0 0.09001392480604735 5 18 21.0 0.0 0.09001392480604735 0
9 ec.gp.GPIndividual@1718910042{-976288977} 630.0 10121.0 8160.0 0.2403186274509804 5 27 21.0 0.0 0.2403186274509804 0
9 ec.gp.GPIndividual@1718910042{-976288977} 45.0 19584.0 12802.0 0.52976097484768 5 27 21.0 0.0 0.52976097484768 0
9 ec.gp.GPIndividual@946692106{1520063268} 291.0 11159.0 10087.0 0.10627540398532764 5 20 21.0 0.0 0.10627540398532764 0
9 ec.gp.GPIndividual@245536429{-2075852659} 252.0 10597.0 10087.0 0.05056012689600476 5 21 21.0 0.0 0.05056012689600476 0
9 ec.gp.GPIndividual@1718910042{-976288977} 275.0 10723.0 10087.0 0.06305145236442947 5 27 21.0 0.0 0.06305145236442947 0
9 ec.gp.GPIndividual@1981943840{-760186827} 898.0 8773.0 8160.0 0.07512254901960784 5 25 21.0 0.0 0.07512254901960784 0
9 ec.gp.GPIndividual@245536429{-2075852659} 459.0 8328.0 8317.0 0.0013225922808705061 5 21 21.0 0.0 0.0013225922808705061 0
9 ec.gp.GPIndividual@1981943840{-760186827} 41.0 19584.0 12802.0 0.52976097484768 5 25 21.0 0.0 0.52976097484768 0
9 ec.gp.GPIndividual@927209566{-254926007} 686.0 8767.0 8387.0 0.04530821509478956 5 18 21.0 0.0 0.04530821509478956 0
9 ec.gp.GPIndividual@2018403703{1652999172} 94.0 11217.0 10054.0 0.1156753530932962 5 21 21.0 0.0 0.1156753530932962 0
9 ec.gp.GPIndividual@927209566{-254926007} 105.0 19584.0 14578.0 0.3433941555768967 5 18 21.0 0.0 0.3433941555768967 0
9 ec.gp.GPIndividual@1981943840{-760186827} 272.0 10723.0 10087.0 0.06305145236442947 5 25 21.0 0.0 0.06305145236442947 0
9 ec.gp.GPIndividual@927209566{-254926007} 340.0 11658.0 10861.0 0.07338182487800386 5 18 21.0 0.0 0.07338182487800386 0
9 ec.gp.GPIndividual@914519599{885014233} 1781.0 8328.0 8317.0 0.0013225922808705061 5 28 21.0 0.0 0.0013225922808705061 2
9 ec.gp.GPIndividual@715754525{960848949} 245.0 10959.0 10054.0 0.09001392480604735 5 31 21.0 0.0 0.09001392480604735 0
9 ec.gp.GPIndividual@927209566{-254926007} 630.0 10033.0 8160.0 0.22953431372549019 5 18 21.0 0.0 0.22953431372549019 0
9 ec.gp.GPIndividual@1981943840{-760186827} 856.0 8328.0 8317.0 0.0013225922808705061 5 25 21.0 0.0 0.0013225922808705061 0
9 ec.gp.GPIndividual@946692106{1520063268} 1787.0 8328.0 8317.0 0.0013225922808705061 5 20 21.0 0.0 0.0013225922808705061 0
9 ec.gp.GPIndividual@927209566{-254926007} 157.0 13688.0 12802.0 0.06920793625995939 5 18 21.0 0.0 0.06920793625995939 0
9 ec.gp.GPIndividual@1718910042{-976288977} 1667.0 8328.0 8317.0 0.0013225922808705061 5 27 21.0 0.0 0.0013225922808705061 0
9 ec.gp.GPIndividual@2018403703{1652999172} 1278.0 8560.0 8387.0 0.020627161082627875 5 21 21.0 0.0 0.020627161082627875 0
9 ec.gp.GPIndividual@927209566{-254926007} 195.0 11590.0 10087.0 0.14900366808763754 5 18 21.0 0.0 0.14900366808763754 0
9 ec.gp.GPIndividual@755505528{1008685630} 486.0 9246.0 10054.0 0.08036602347324448 5 28 21.0 0.0 0.08036602347324448 0
9 ec.gp.GPIndividual@2018403703{1652999172} 297.0 15229.0 14578.0 0.04465633145836192 5 21 21.0 0.0 0.04465633145836192 0
9 ec.gp.GPIndividual@2024911931{-978367227} 490.0 10449.0 10054.0 0.03928784563357868 5 31 21.0 0.0 0.03928784563357868 0
9 ec.gp.GPIndividual@755505528{1008685630} 345.0 8448.0 8387.0 0.007273160844163586 5 28 21.0 0.0 0.007273160844163586 0
9 ec.gp.GPIndividual@2018403703{1652999172} 328.0 11066.0 10861.0 0.018874873400239387 5 21 21.0 0.0 0.018874873400239387 0
9 ec.gp.GPIndividual@927209566{-254926007} 633.0 8328.0 8317.0 0.0013225922808705061 5 18 21.0 0.0 0.0013225922808705061 0
9 ec.gp.GPIndividual@1910326835{2135039907} 0.0 104262.0 10054.0 0.9556395464491745 2 3 21.0 0.0 0.9556395464491745 0
9 ec.gp.GPIndividual@1910326835{2135039907} 0.0 104262.0 8387.0 0.9468224633361154 2 3 21.0 0.0 0.9468224633361154 0
9 ec.gp.GPIndividual@1910326835{2135039907} 0.0 104262.0 14578.0 0.9694059541775277 2 3 21.0 0.0 0.9694059541775277 0
9 ec.gp.GPIndividual@1910326835{2135039907} 0.0 104262.0 10861.0 0.9589356412853328 2 3 21.0 0.0 0.9589356412853328 0
9 ec.gp.GPIndividual@1910326835{2135039907} 0.0 104262.0 8160.0 0.9453431372549019 2 3 21.0 0.0 0.9453431372549019 0
9 ec.gp.GPIndividual@1910326835{2135039907} 0.0 104262.0 12802.0 0.9651616934853929 2 3 21.0 0.0 0.9651616934853929 0
9 ec.gp.GPIndividual@1910326835{2135039907} 0.0 104262.0 10087.0 0.9557846733419253 2 3 21.0 0.0 0.9557846733419253 0
9 ec.gp.GPIndividual@1910326835{2135039907} 0.0 104262.0 8317.0 0.9463748947937959 2 3 21.0 0.0 0.9463748947937959 0
9 ec.gp.GPIndividual@755505528{1008685630} 387.0 15314.0 14578.0 0.05048703525860886 5 28 21.0 0.0 0.05048703525860886 0
9 ec.gp.GPIndividual@755505528{1008685630} 526.0 11247.0 10861.0 0.03554000552435319 5 28 21.0 0.0 0.03554000552435319 0
9 ec.gp.GPIndividual@715754525{960848949} 1933.0 8528.0 8387.0 0.016811732443066652 5 31 21.0 0.0 0.016811732443066652 0
9 ec.gp.GPIndividual@2024911931{-978367227} 1197.0 8560.0 8387.0 0.020627161082627875 5 31 21.0 0.0 0.020627161082627875 0
9 ec.gp.GPIndividual@2018403703{1652999172} 1025.0 8347.0 8160.0 0.022916666666666665 5 21 21.0 0.0 0.022916666666666665 0
9 ec.gp.GPIndividual@715754525{960848949} 128.0 15613.0 14578.0 0.07099739333241871 5 31 21.0 0.0 0.07099739333241871 0
9 ec.gp.GPIndividual@2018403703{1652999172} 319.0 13661.0 12802.0 0.06709889079831276 5 21 21.0 0.0 0.06709889079831276 0
9 ec.gp.GPIndividual@2024911931{-978367227} 412.0 15194.0 14578.0 0.04225545342296611 5 31 21.0 0.0 0.04225545342296611 0
9 ec.gp.GPIndividual@715754525{960848949} 537.0 11247.0 10861.0 0.03554000552435319 5 31 21.0 0.0 0.03554000552435319 0
9 ec.gp.GPIndividual@2018403703{1652999172} 341.0 10482.0 10087.0 0.039159313968474274 5 21 21.0 0.0 0.039159313968474274 0
9 ec.gp.GPIndividual@2024911931{-978367227} 542.0 11247.0 10861.0 0.03554000552435319 5 31 21.0 0.0 0.03554000552435319 0
9 ec.gp.GPIndividual@755505528{1008685630} 2484.0 8347.0 8160.0 0.022916666666666665 5 28 21.0 0.0 0.022916666666666665 0
9 ec.gp.GPIndividual@2018403703{1652999172} 1737.0 8328.0 8317.0 0.0013225922808705061 5 21 21.0 0.0 0.0013225922808705061 0
9 ec.gp.GPIndividual@715754525{960848949} 1823.0 8347.0 8160.0 0.022916666666666665 5 31 21.0 0.0 0.022916666666666665 0
9 ec.gp.GPIndividual@1019276487{1462965998} 75.0 11217.0 10054.0 0.1156753530932962 5 28 21.0 0.0 0.1156753530932962 0
9 ec.gp.GPIndividual@2024911931{-978367227} 1539.0 8347.0 8160.0 0.022916666666666665 5 31 21.0 0.0 0.022916666666666665 0
9 ec.gp.GPIndividual@755505528{1008685630} 163.0 13688.0 12802.0 0.06920793625995939 5 28 21.0 0.0 0.06920793625995939 0
9 ec.gp.GPIndividual@715754525{960848949} 310.0 13661.0 12802.0 0.06709889079831276 5 31 21.0 0.0 0.06709889079831276 0
9 ec.gp.GPIndividual@755505528{1008685630} 471.0 10383.0 10087.0 0.02934470110042629 5 28 21.0 0.0 0.02934470110042629 0
9 ec.gp.GPIndividual@2024911931{-978367227} 554.0 13661.0 12802.0 0.06709889079831276 5 31 21.0 0.0 0.06709889079831276 0
9 ec.gp.GPIndividual@1019276487{1462965998} 621.0 8767.0 8387.0 0.04530821509478956 5 28 21.0 0.0 0.04530821509478956 0
9 ec.gp.GPIndividual@715754525{960848949} 429.0 10555.0 10087.0 0.04639635173986319 5 31 21.0 0.0 0.04639635173986319 0
9 ec.gp.GPIndividual@1019276487{1462965998} 338.0 15194.0 14578.0 0.04225545342296611 5 28 21.0 0.0 0.04225545342296611 0
9 ec.gp.GPIndividual@2024911931{-978367227} 484.0 10383.0 10087.0 0.02934470110042629 5 31 21.0 0.0 0.02934470110042629 0
9 ec.gp.GPIndividual@1019276487{1462965998} 2143.0 11066.0 10861.0 0.018874873400239387 5 28 21.0 0.0 0.018874873400239387 0
9 ec.gp.GPIndividual@715754525{960848949} 2628.0 8328.0 8317.0 0.0013225922808705061 5 31 21.0 0.0 0.0013225922808705061 0
9 ec.gp.GPIndividual@755505528{1008685630} 3229.0 8328.0 8317.0 0.0013225922808705061 5 28 21.0 0.0 0.0013225922808705061 0
9 ec.gp.GPIndividual@2024911931{-978367227} 2983.0 8328.0 8317.0 0.0013225922808705061 5 31 21.0 0.0 0.0013225922808705061 0
9 ec.gp.GPIndividual@575229741{-396191165} 365.0 10449.0 10054.0 0.03928784563357868 5 23 21.0 0.0 0.03928784563357868 0
9 ec.gp.GPIndividual@1019276487{1462965998} 1013.0 8347.0 8160.0 0.022916666666666665 5 28 21.0 0.0 0.022916666666666665 0
9 ec.gp.GPIndividual@1019276487{1462965998} 94.0 14590.0 12802.0 0.13966567723793158 5 28 21.0 0.0 0.13966567723793158 0
9 ec.gp.GPIndividual@1415459703{503049228} 174.0 10959.0 10054.0 0.09001392480604735 5 24 21.0 0.0 0.09001392480604735 0
9 ec.gp.GPIndividual@1887893707{1354518453} 1168.0 10141.0 10054.0 0.008653272329421126 5 16 21.0 0.0 0.008653272329421126 0
9 ec.gp.GPIndividual@1019276487{1462965998} 312.0 10482.0 10087.0 0.039159313968474274 5 28 21.0 0.0 0.039159313968474274 0
9 ec.gp.GPIndividual@575229741{-396191165} 531.0 8767.0 8387.0 0.04530821509478956 5 23 21.0 0.0 0.04530821509478956 0
9 ec.gp.GPIndividual@575229741{-396191165} 151.0 15613.0 14578.0 0.07099739333241871 5 23 21.0 0.0 0.07099739333241871 0
9 ec.gp.GPIndividual@1415459703{503049228} 844.0 8560.0 8387.0 0.020627161082627875 5 24 21.0 0.0 0.020627161082627875 0
9 ec.gp.GPIndividual@575229741{-396191165} 358.0 11658.0 10861.0 0.07338182487800386 5 23 21.0 0.0 0.07338182487800386 0
9 ec.gp.GPIndividual@1415459703{503049228} 187.0 15443.0 14578.0 0.05933598573192482 5 24 21.0 0.0 0.05933598573192482 0
9 ec.gp.GPIndividual@1415459703{503049228} 284.0 11658.0 10861.0 0.07338182487800386 5 24 21.0 0.0 0.07338182487800386 0
9 ec.gp.GPIndividual@1415459703{503049228} 773.0 8347.0 8160.0 0.022916666666666665 5 24 21.0 0.0 0.022916666666666665 0
9 ec.gp.GPIndividual@1415459703{503049228} 88.0 19584.0 12802.0 0.52976097484768 5 24 21.0 0.0 0.52976097484768 0
9 ec.gp.GPIndividual@1415459703{503049228} 256.0 11159.0 10087.0 0.10627540398532764 5 24 21.0 0.0 0.10627540398532764 0
9 ec.gp.GPIndividual@1019276487{1462965998} 2136.0 8328.0 8317.0 0.0013225922808705061 5 28 21.0 0.0 0.0013225922808705061 0
9 ec.gp.GPIndividual@1236877926{1024030112} 0.0 101188.0 10054.0 0.7179232146409389 2 3 21.0 0.0 0.7179232146409389 0
9 ec.gp.GPIndividual@1236877926{1024030112} 0.0 101188.0 8387.0 0.6618576368188863 2 3 21.0 0.0 0.6618576368188863 0
9 ec.gp.GPIndividual@1236877926{1024030112} 0.0 101188.0 14578.0 0.805460282617643 2 3 21.0 0.0 0.805460282617643 0
9 ec.gp.GPIndividual@1236877926{1024030112} 0.0 101188.0 10861.0 0.7388822392044931 2 3 21.0 0.0 0.7388822392044931 0
9 ec.gp.GPIndividual@1236877926{1024030112} 0.0 101188.0 8160.0 0.6524509803921569 2 3 21.0 0.0 0.6524509803921569 0
9 ec.gp.GPIndividual@1236877926{1024030112} 0.0 101188.0 12802.0 0.7784721137322294 2 3 21.0 0.0 0.7784721137322294 0
9 ec.gp.GPIndividual@1236877926{1024030112} 0.0 101188.0 10087.0 0.7188460394567264 2 3 21.0 0.0 0.7188460394567264 0
9 ec.gp.GPIndividual@1236877926{1024030112} 0.0 101188.0 8317.0 0.6590116628592041 2 3 21.0 0.0 0.6590116628592041 0
9 ec.gp.GPIndividual@1887893707{1354518453} 2586.0 8528.0 8387.0 0.016811732443066652 5 16 21.0 0.0 0.016811732443066652 0
9 ec.gp.GPIndividual@1415459703{503049228} 439.0 8328.0 8317.0 0.0013225922808705061 5 24 21.0 0.0 0.0013225922808705061 0
9 ec.gp.GPIndividual@555833190{1709661968} 36.0 11217.0 10054.0 0.1156753530932962 5 20 21.0 0.0 0.1156753530932962 0
9 ec.gp.GPIndividual@575229741{-396191165} 2117.0 8347.0 8160.0 0.022916666666666665 5 23 21.0 0.0 0.022916666666666665 0
9 ec.gp.GPIndividual@1887893707{1354518453} 218.0 15443.0 14578.0 0.05933598573192482 5 16 21.0 0.0 0.05933598573192482 0
9 ec.gp.GPIndividual@555833190{1709661968} 286.0 8767.0 8387.0 0.04530821509478956 5 20 21.0 0.0 0.04530821509478956 0
9 ec.gp.GPIndividual@555833190{1709661968} 81.0 15549.0 14578.0 0.06660721635340924 5 20 21.0 0.0 0.06660721635340924 0
9 ec.gp.GPIndividual@575229741{-396191165} 264.0 13688.0 12802.0 0.06920793625995939 5 23 21.0 0.0 0.06920793625995939 0
9 ec.gp.GPIndividual@1887893707{1354518453} 224.0 12610.0 10861.0 0.16103489549765215 5 16 21.0 0.0 0.16103489549765215 0
9 ec.gp.GPIndividual@555833190{1709661968} 112.0 11280.0 10861.0 0.03857839977902587 5 20 21.0 0.0 0.03857839977902587 0
9 ec.gp.GPIndividual@575229741{-396191165} 357.0 10555.0 10087.0 0.04639635173986319 5 23 21.0 0.0 0.04639635173986319 0
9 ec.gp.GPIndividual@555833190{1709661968} 437.0 8564.0 8160.0 0.049509803921568625 5 20 21.0 0.0 0.049509803921568625 0
9 ec.gp.GPIndividual@555833190{1709661968} 80.0 14590.0 12802.0 0.13966567723793158 5 20 21.0 0.0 0.13966567723793158 0
9 ec.gp.GPIndividual@555833190{1709661968} 105.0 10974.0 10087.0 0.08793496579756122 5 20 21.0 0.0 0.08793496579756122 0
9 ec.gp.GPIndividual@555833190{1709661968} 356.0 8328.0 8317.0 0.0013225922808705061 5 20 21.0 0.0 0.0013225922808705061 0
9 ec.gp.GPIndividual@1887893707{1354518453} 1277.0 8347.0 8160.0 0.022916666666666665 5 16 21.0 0.0 0.022916666666666665 0
9 ec.gp.GPIndividual@1887893707{1354518453} 171.0 13688.0 12802.0 0.06920793625995939 5 16 21.0 0.0 0.06920793625995939 0
9 ec.gp.GPIndividual@1887893707{1354518453} 1264.0 10087.0 10087.0 0.0 5 16 21.0 0.0 0.0 1
9 ec.gp.GPIndividual@575229741{-396191165} 4314.0 8328.0 8317.0 0.0013225922808705061 5 23 21.0 0.0 0.0013225922808705061 0
9 ec.gp.GPIndividual@1887893707{1354518453} 7105.0 8328.0 8317.0 0.0013225922808705061 5 16 21.0 0.0 0.0013225922808705061 1
9 ec.gp.GPIndividual@249125517{37765446} 543.0 10141.0 10054.0 0.008653272329421126 5 21 21.0 0.0 0.008653272329421126 0
9 ec.gp.GPIndividual@249125517{37765446} 2376.0 8519.0 8387.0 0.015738643138190057 5 21 21.0 0.0 0.015738643138190057 0
9 ec.gp.GPIndividual@249125517{37765446} 404.0 15017.0 14578.0 0.03011387021539306 5 21 21.0 0.0 0.03011387021539306 0
9 ec.gp.GPIndividual@249125517{37765446} 7460.0 10960.0 10861.0 0.009115182764018046 5 21 21.0 0.0 0.009115182764018046 0
9 ec.gp.GPIndividual@249125517{37765446} 3976.0 8222.0 8160.0 0.007598039215686274 5 21 21.0 0.0 0.007598039215686274 0
9 ec.gp.GPIndividual@249125517{37765446} 436.0 13661.0 12802.0 0.06709889079831276 5 21 21.0 0.0 0.06709889079831276 0
9 ec.gp.GPIndividual@249125517{37765446} 404.0 10407.0 10087.0 0.03172400118965005 5 21 21.0 0.0 0.03172400118965005 0
9 ec.gp.GPIndividual@249125517{37765446} 8744.0 8328.0 8317.0 0.0013225922808705061 5 21 21.0 0.0 0.0013225922808705061 0
9 ec.gp.GPIndividual@726627959{-2026576943} 162.0 10959.0 10054.0 0.09001392480604735 5 26 21.0 0.0 0.09001392480604735 0
9 ec.gp.GPIndividual@726627959{-2026576943} 766.0 8560.0 8387.0 0.020627161082627875 5 26 21.0 0.0 0.020627161082627875 0
9 ec.gp.GPIndividual@726627959{-2026576943} 177.0 15443.0 14578.0 0.05933598573192482 5 26 21.0 0.0 0.05933598573192482 0
9 ec.gp.GPIndividual@726627959{-2026576943} 258.0 11658.0 10861.0 0.07338182487800386 5 26 21.0 0.0 0.07338182487800386 0
9 ec.gp.GPIndividual@726627959{-2026576943} 637.0 8347.0 8160.0 0.022916666666666665 5 26 21.0 0.0 0.022916666666666665 0
9 ec.gp.GPIndividual@726627959{-2026576943} 207.0 13661.0 12802.0 0.06709889079831276 5 26 21.0 0.0 0.06709889079831276 0
9 ec.gp.GPIndividual@726627959{-2026576943} 235.0 11159.0 10087.0 0.10627540398532764 5 26 21.0 0.0 0.10627540398532764 0
9 ec.gp.GPIndividual@726627959{-2026576943} 8763.0 8328.0 8317.0 0.0013225922808705061 5 26 21.0 0.0 0.0013225922808705061 0
10 ec.gp.GPIndividual@1685223860{1680336938} 0.0 90300.0 10054.0 0.7139446986274119 5 20 21.0 0.0 0.7139446986274119 0
10 ec.gp.GPIndividual@1685223860{1680336938} 0.0 90300.0 8387.0 0.6570883510194349 5 20 21.0 0.0 0.6570883510194349 0
10 ec.gp.GPIndividual@1685223860{1680336938} 0.0 90882.0 14578.0 0.7627932501028948 5 20 21.0 0.0 0.7627932501028948 0
10 ec.gp.GPIndividual@1685223860{1680336938} 0.0 90300.0 10861.0 0.7351993370776172 5 20 21.0 0.0 0.7351993370776172 0
10 ec.gp.GPIndividual@1685223860{1680336938} 0.0 90267.0 8160.0 0.651593137254902 5 20 21.0 0.0 0.651593137254902 0
10 ec.gp.GPIndividual@1685223860{1680336938} 0.0 90300.0 12802.0 0.7753476019371973 5 20 21.0 0.0 0.7753476019371973 0
10 ec.gp.GPIndividual@1685223860{1680336938} 0.0 90300.0 10087.0 0.7148805393080202 5 20 21.0 0.0 0.7148805393080202 0
10 ec.gp.GPIndividual@1685223860{1680336938} 0.0 90267.0 8317.0 0.6581700132259228 5 20 21.0 0.0 0.6581700132259228 0
10 ec.gp.GPIndividual@392175088{-13195226} 43.0 11217.0 10054.0 0.1156753530932962 5 9 21.0 0.0 0.1156753530932962 0
10 ec.gp.GPIndividual@296416361{181876528} 195.0 10959.0 10054.0 0.09001392480604735 5 24 21.0 0.0 0.09001392480604735 0
10 ec.gp.GPIndividual@1306582631{136091918} 218.0 10959.0 10054.0 0.09001392480604735 5 17 21.0 0.0 0.09001392480604735 0
10 ec.gp.GPIndividual@392175088{-13195226} 282.0 13517.0 8387.0 0.611660903779659 5 9 21.0 0.0 0.611660903779659 0
10 ec.gp.GPIndividual@295111021{965978126} 353.0 10054.0 10054.0 0.0 5 28 21.0 0.0 0.0 1
10 ec.gp.GPIndividual@392175088{-13195226} 72.0 15644.0 14578.0 0.07312388530662642 5 9 21.0 0.0 0.07312388530662642 0
10 ec.gp.GPIndividual@1349232873{-1630825858} 419.0 10054.0 10054.0 0.0 5 28 21.0 0.0 0.0 1
10 ec.gp.GPIndividual@1306582631{136091918} 280.0 19584.0 8387.0 1.3350423274114702 5 17 21.0 0.0 1.3350423274114702 0
10 ec.gp.GPIndividual@392175088{-13195226} 135.0 11280.0 10861.0 0.03857839977902587 5 9 21.0 0.0 0.03857839977902587 0
10 ec.gp.GPIndividual@296416361{181876528} 379.0 19584.0 8387.0 1.3350423274114702 5 24 21.0 0.0 1.3350423274114702 0
10 ec.gp.GPIndividual@1395958274{-35086462} 618.0 10423.0 10054.0 0.036701810224786156 5 17 21.0 0.0 0.036701810224786156 0
10 ec.gp.GPIndividual@1306582631{136091918} 173.0 15613.0 14578.0 0.07099739333241871 5 17 21.0 0.0 0.07099739333241871 0
10 ec.gp.GPIndividual@296416361{181876528} 170.0 15613.0 14578.0 0.07099739333241871 5 24 21.0 0.0 0.07099739333241871 0
10 ec.gp.GPIndividual@1306582631{136091918} 353.0 11658.0 10861.0 0.07338182487800386 5 17 21.0 0.0 0.07338182487800386 0
10 ec.gp.GPIndividual@392175088{-13195226} 513.0 8564.0 8160.0 0.049509803921568625 5 9 21.0 0.0 0.049509803921568625 0
10 ec.gp.GPIndividual@296416361{181876528} 320.0 11658.0 10861.0 0.07338182487800386 5 24 21.0 0.0 0.07338182487800386 0
10 ec.gp.GPIndividual@392175088{-13195226} 38.0 14590.0 12802.0 0.13966567723793158 5 9 21.0 0.0 0.13966567723793158 0
10 ec.gp.GPIndividual@392175088{-13195226} 142.0 10974.0 10087.0 0.08793496579756122 5 9 21.0 0.0 0.08793496579756122 0
10 ec.gp.GPIndividual@392175088{-13195226} 429.0 8328.0 8317.0 0.0013225922808705061 5 9 21.0 0.0 0.0013225922808705061 0
10 ec.gp.GPIndividual@1306582631{136091918} 883.0 8347.0 8160.0 0.022916666666666665 5 17 21.0 0.0 0.022916666666666665 0
10 ec.gp.GPIndividual@1395958274{-35086462} 1296.0 8560.0 8387.0 0.020627161082627875 5 17 21.0 0.0 0.020627161082627875 0
10 ec.gp.GPIndividual@296416361{181876528} 852.0 8347.0 8160.0 0.022916666666666665 5 24 21.0 0.0 0.022916666666666665 0
10 ec.gp.GPIndividual@296416361{181876528} 57.0 19584.0 12802.0 0.52976097484768 5 24 21.0 0.0 0.52976097484768 0
10 ec.gp.GPIndividual@1306582631{136091918} 67.0 19584.0 12802.0 0.52976097484768 5 17 21.0 0.0 0.52976097484768 0
10 ec.gp.GPIndividual@1039469832{262706595} 411.0 10959.0 10054.0 0.09001392480604735 5 24 21.0 0.0 0.09001392480604735 0
10 ec.gp.GPIndividual@295111021{965978126} 1747.0 8561.0 8387.0 0.020746393227614165 5 28 21.0 0.0 0.020746393227614165 1
10 ec.gp.GPIndividual@296416361{181876528} 171.0 11590.0 10087.0 0.14900366808763754 5 24 21.0 0.0 0.14900366808763754 0
10 ec.gp.GPIndividual@1349232873{-1630825858} 1796.0 8560.0 8387.0 0.020627161082627875 5 28 21.0 0.0 0.020627161082627875 1
10 ec.gp.GPIndividual@1395958274{-35086462} 327.0 15229.0 14578.0 0.04465633145836192 5 17 21.0 0.0 0.04465633145836192 0
10 ec.gp.GPIndividual@1306582631{136091918} 283.0 11159.0 10087.0 0.10627540398532764 5 17 21.0 0.0 0.10627540398532764 0
10 ec.gp.GPIndividual@295111021{965978126} 430.0 15314.0 14578.0 0.05048703525860886 5 28 21.0 0.0 0.05048703525860886 1
10 ec.gp.GPIndividual@1349232873{-1630825858} 430.0 15314.0 14578.0 0.05048703525860886 5 28 21.0 0.0 0.05048703525860886 1
10 ec.gp.GPIndividual@295111021{965978126} 608.0 11247.0 10861.0 0.03554000552435319 5 28 21.0 0.0 0.03554000552435319 1
10 ec.gp.GPIndividual@1349232873{-1630825858} 642.0 11247.0 10861.0 0.03554000552435319 5 28 21.0 0.0 0.03554000552435319 1
10 ec.gp.GPIndividual@1306582631{136091918} 1202.0 8328.0 8317.0 0.0013225922808705061 5 17 21.0 0.0 0.0013225922808705061 0
10 ec.gp.GPIndividual@174536624{-1708881022} 47.0 11217.0 10054.0 0.1156753530932962 2 3 21.0 0.0 0.1156753530932962 0
10 ec.gp.GPIndividual@295111021{965978126} 633.0 10033.0 8160.0 0.22953431372549019 5 28 21.0 0.0 0.22953431372549019 1
10 ec.gp.GPIndividual@174536624{-1708881022} 271.0 19584.0 8387.0 1.3350423274114702 2 3 21.0 0.0 1.3350423274114702 0
10 ec.gp.GPIndividual@296416361{181876528} 1672.0 8328.0 8317.0 0.0013225922808705061 5 24 21.0 0.0 0.0013225922808705061 0
10 ec.gp.GPIndividual@1395958274{-35086462} 1584.0 11066.0 10861.0 0.018874873400239387 5 17 21.0 0.0 0.018874873400239387 0
10 ec.gp.GPIndividual@174536624{-1708881022} 72.0 19584.0 14578.0 0.3433941555768967 2 3 21.0 0.0 0.3433941555768967 0
10 ec.gp.GPIndividual@174536624{-1708881022} 214.0 12610.0 10861.0 0.16103489549765215 2 3 21.0 0.0 0.16103489549765215 0
10 ec.gp.GPIndividual@1039469832{262706595} 2093.0 8560.0 8387.0 0.020627161082627875 5 24 21.0 0.0 0.020627161082627875 0
10 ec.gp.GPIndividual@1113537555{1151410357} 433.0 9246.0 10054.0 0.08036602347324448 5 28 21.0 0.0 0.08036602347324448 0
10 ec.gp.GPIndividual@1039469832{262706595} 125.0 15644.0 14578.0 0.07312388530662642 5 24 21.0 0.0 0.07312388530662642 0
10 ec.gp.GPIndividual@295111021{965978126} 679.0 13477.0 12802.0 0.052726136541165446 5 28 21.0 0.0 0.052726136541165446 1
10 ec.gp.GPIndividual@174536624{-1708881022} 525.0 10033.0 8160.0 0.22953431372549019 2 3 21.0 0.0 0.22953431372549019 0
10 ec.gp.GPIndividual@174536624{-1708881022} 38.0 19584.0 12802.0 0.52976097484768 2 3 21.0 0.0 0.52976097484768 0
10 ec.gp.GPIndividual@1039469832{262706595} 437.0 11066.0 10861.0 0.018874873400239387 5 24 21.0 0.0 0.018874873400239387 0
10 ec.gp.GPIndividual@1395958274{-35086462} 995.0 8446.0 8160.0 0.03504901960784314 5 17 21.0 0.0 0.03504901960784314 0
10 ec.gp.GPIndividual@174536624{-1708881022} 195.0 11590.0 10087.0 0.14900366808763754 2 3 21.0 0.0 0.14900366808763754 0
10 ec.gp.GPIndividual@295111021{965978126} 563.0 10383.0 10087.0 0.02934470110042629 5 28 21.0 0.0 0.02934470110042629 1
10 ec.gp.GPIndividual@1349232873{-1630825858} 1735.0 8347.0 8160.0 0.022916666666666665 5 28 21.0 0.0 0.022916666666666665 1
10 ec.gp.GPIndividual@1395958274{-35086462} 314.0 13661.0 12802.0 0.06709889079831276 5 17 21.0 0.0 0.06709889079831276 0
10 ec.gp.GPIndividual@1039469832{262706595} 535.0 8564.0 8160.0 0.049509803921568625 5 24 21.0 0.0 0.049509803921568625 0
10 ec.gp.GPIndividual@1349232873{-1630825858} 247.0 13688.0 12802.0 0.06920793625995939 5 28 21.0 0.0 0.06920793625995939 1
10 ec.gp.GPIndividual@174536624{-1708881022} 524.0 8328.0 8317.0 0.0013225922808705061 2 3 21.0 0.0 0.0013225922808705061 0
10 ec.gp.GPIndividual@1113537555{1151410357} 1258.0 8624.0 8387.0 0.028258018361750327 5 28 21.0 0.0 0.028258018361750327 0
10 ec.gp.GPIndividual@295111021{965978126} 522.0 8328.0 8317.0 0.0013225922808705061 5 28 21.0 0.0 0.0013225922808705061 1
10 ec.gp.GPIndividual@1311643971{-1361377001} 450.0 9246.0 10054.0 0.08036602347324448 5 18 21.0 0.0 0.08036602347324448 0
10 ec.gp.GPIndividual@1395958274{-35086462} 683.0 10405.0 10087.0 0.03152572618221473 5 17 21.0 0.0 0.03152572618221473 0
10 ec.gp.GPIndividual@1349232873{-1630825858} 597.0 10383.0 10087.0 0.02934470110042629 5 28 21.0 0.0 0.02934470110042629 1
10 ec.gp.GPIndividual@888624547{-848851130} 360.0 10054.0 10054.0 0.0 5 28 21.0 0.0 0.0 1
10 ec.gp.GPIndividual@1039469832{262706595} 646.0 13477.0 12802.0 0.052726136541165446 5 24 21.0 0.0 0.052726136541165446 0
10 ec.gp.GPIndividual@1113537555{1151410357} 424.0 15314.0 14578.0 0.05048703525860886 5 28 21.0 0.0 0.05048703525860886 0
10 ec.gp.GPIndividual@1039469832{262706595} 533.0 10407.0 10087.0 0.03172400118965005 5 24 21.0 0.0 0.03172400118965005 0
10 ec.gp.GPIndividual@1113537555{1151410357} 601.0 11247.0 10861.0 0.03554000552435319 5 28 21.0 0.0 0.03554000552435319 0
10 ec.gp.GPIndividual@1395958274{-35086462} 1171.0 8328.0 8317.0 0.0013225922808705061 5 17 21.0 0.0 0.0013225922808705061 0
10 ec.gp.GPIndividual@1482293454{-1974563748} 202.0 10054.0 10054.0 0.0 5 28 21.0 0.0 0.0 1
10 ec.gp.GPIndividual@888624547{-848851130} 1312.0 8560.0 8387.0 0.020627161082627875 5 28 21.0 0.0 0.020627161082627875 1
10 ec.gp.GPIndividual@1113537555{1151410357} 805.0 8347.0 8160.0 0.022916666666666665 5 28 21.0 0.0 0.022916666666666665 0
10 ec.gp.GPIndividual@888624547{-848851130} 195.0 14697.0 14578.0 0.008162985320345727 5 28 21.0 0.0 0.008162985320345727 1
10 ec.gp.GPIndividual@1039469832{262706595} 975.0 8328.0 8317.0 0.0013225922808705061 5 24 21.0 0.0 0.0013225922808705061 0
10 ec.gp.GPIndividual@1311643971{-1361377001} 1665.0 8560.0 8387.0 0.020627161082627875 5 18 21.0 0.0 0.020627161082627875 0
10 ec.gp.GPIndividual@1482293454{-1974563748} 309.0 8448.0 8387.0 0.007273160844163586 5 28 21.0 0.0 0.007273160844163586 1
10 ec.gp.GPIndividual@1311643971{-1361377001} 83.0 14697.0 14578.0 0.008162985320345727 5 18 21.0 0.0 0.008162985320345727 0
10 ec.gp.GPIndividual@1349232873{-1630825858} 1693.0 8328.0 8317.0 0.0013225922808705061 5 28 21.0 0.0 0.0013225922808705061 1
10 ec.gp.GPIndividual@2054753110{-529885512} 270.0 10054.0 10054.0 0.0 5 26 21.0 0.0 0.0 1
10 ec.gp.GPIndividual@1482293454{-1974563748} 304.0 15443.0 14578.0 0.05933598573192482 5 28 21.0 0.0 0.05933598573192482 1
10 ec.gp.GPIndividual@1113537555{1151410357} 463.0 13576.0 12802.0 0.06045930323386971 5 28 21.0 0.0 0.06045930323386971 0
10 ec.gp.GPIndividual@1311643971{-1361377001} 260.0 12100.0 10861.0 0.11407789337998343 5 18 21.0 0.0 0.11407789337998343 0
10 ec.gp.GPIndividual@908984788{-1630825858} 358.0 10054.0 10054.0 0.0 5 28 21.0 0.0 0.0 1
10 ec.gp.GPIndividual@888624547{-848851130} 615.0 11247.0 10861.0 0.03554000552435319 5 28 21.0 0.0 0.03554000552435319 1
10 ec.gp.GPIndividual@1113537555{1151410357} 520.0 10555.0 10087.0 0.04639635173986319 5 28 21.0 0.0 0.04639635173986319 0
10 ec.gp.GPIndividual@1311643971{-1361377001} 833.0 8347.0 8160.0 0.022916666666666665 5 18 21.0 0.0 0.022916666666666665 0
10 ec.gp.GPIndividual@1311643971{-1361377001} 101.0 13031.0 12802.0 0.01788783002655835 5 18 21.0 0.0 0.01788783002655835 0
10 ec.gp.GPIndividual@888624547{-848851130} 875.0 8347.0 8160.0 0.022916666666666665 5 28 21.0 0.0 0.022916666666666665 1
10 ec.gp.GPIndividual@1311643971{-1361377001} 197.0 11590.0 10087.0 0.14900366808763754 5 18 21.0 0.0 0.14900366808763754 0
10 ec.gp.GPIndividual@1482293454{-1974563748} 1569.0 11066.0 10861.0 0.018874873400239387 5 28 21.0 0.0 0.018874873400239387 1
10 ec.gp.GPIndividual@2054753110{-529885512} 1922.0 8624.0 8387.0 0.028258018361750327 5 26 21.0 0.0 0.028258018361750327 1
10 ec.gp.GPIndividual@2054753110{-529885512} 174.0 14697.0 14578.0 0.008162985320345727 5 26 21.0 0.0 0.008162985320345727 1
10 ec.gp.GPIndividual@1311643971{-1361377001} 1359.0 8328.0 8317.0 0.0013225922808705061 5 18 21.0 0.0 0.0013225922808705061 0
10 ec.gp.GPIndividual@511849023{-412986806} 43.0 11217.0 10054.0 0.1156753530932962 5 25 21.0 0.0 0.1156753530932962 0
10 ec.gp.GPIndividual@888624547{-848851130} 1469.0 12802.0 12802.0 0.0 5 28 21.0 0.0 0.0 2
10 ec.gp.GPIndividual@1113537555{1151410357} 2077.0 8328.0 8317.0 0.0013225922808705061 5 28 21.0 0.0 0.0013225922808705061 0
10 ec.gp.GPIndividual@511849023{-412986806} 283.0 13517.0 8387.0 0.611660903779659 5 25 21.0 0.0 0.611660903779659 0
10 ec.gp.GPIndividual@888624547{-848851130} 321.0 11159.0 10087.0 0.10627540398532764 5 28 21.0 0.0 0.10627540398532764 2
10 ec.gp.GPIndividual@511849023{-412986806} 69.0 15644.0 14578.0 0.07312388530662642 5 25 21.0 0.0 0.07312388530662642 0
10 ec.gp.GPIndividual@1482293454{-1974563748} 1408.0 8347.0 8160.0 0.022916666666666665 5 28 21.0 0.0 0.022916666666666665 1
10 ec.gp.GPIndividual@908984788{-1630825858} 2877.0 8528.0 8387.0 0.016811732443066652 5 28 21.0 0.0 0.016811732443066652 1
10 ec.gp.GPIndividual@511849023{-412986806} 119.0 11280.0 10861.0 0.03857839977902587 5 25 21.0 0.0 0.03857839977902587 0
10 ec.gp.GPIndividual@1431198446{-638228548} 537.0 9246.0 10054.0 0.08036602347324448 5 28 21.0 0.0 0.08036602347324448 0
10 ec.gp.GPIndividual@888624547{-848851130} 514.0 8328.0 8317.0 0.0013225922808705061 5 28 21.0 0.0 0.0013225922808705061 2
10 ec.gp.GPIndividual@908984788{-1630825858} 430.0 15314.0 14578.0 0.05048703525860886 5 28 21.0 0.0 0.05048703525860886 1
10 ec.gp.GPIndividual@1482293454{-1974563748} 498.0 13661.0 12802.0 0.06709889079831276 5 28 21.0 0.0 0.06709889079831276 1
10 ec.gp.GPIndividual@511849023{-412986806} 520.0 8564.0 8160.0 0.049509803921568625 5 25 21.0 0.0 0.049509803921568625 0
10 ec.gp.GPIndividual@511849023{-412986806} 47.0 14590.0 12802.0 0.13966567723793158 5 25 21.0 0.0 0.13966567723793158 0
10 ec.gp.GPIndividual@511849023{-412986806} 134.0 10974.0 10087.0 0.08793496579756122 5 25 21.0 0.0 0.08793496579756122 0
10 ec.gp.GPIndividual@2054753110{-529885512} 1906.0 11063.0 10861.0 0.01859865574072369 5 26 21.0 0.0 0.01859865574072369 1
10 ec.gp.GPIndividual@1482293454{-1974563748} 533.0 10555.0 10087.0 0.04639635173986319 5 28 21.0 0.0 0.04639635173986319 1
10 ec.gp.GPIndividual@908984788{-1630825858} 623.0 11247.0 10861.0 0.03554000552435319 5 28 21.0 0.0 0.03554000552435319 1
10 ec.gp.GPIndividual@533114428{37765446} 694.0 10141.0 10054.0 0.008653272329421126 5 21 21.0 0.0 0.008653272329421126 0
10 ec.gp.GPIndividual@511849023{-412986806} 430.0 8328.0 8317.0 0.0013225922808705061 5 25 21.0 0.0 0.0013225922808705061 0
10 ec.gp.GPIndividual@2054753110{-529885512} 538.0 10033.0 8160.0 0.22953431372549019 5 26 21.0 0.0 0.22953431372549019 1
10 ec.gp.GPIndividual@2054753110{-529885512} 106.0 13031.0 12802.0 0.01788783002655835 5 26 21.0 0.0 0.01788783002655835 1
10 ec.gp.GPIndividual@1440404590{-412986806} 420.0 10449.0 10054.0 0.03928784563357868 5 29 21.0 0.0 0.03928784563357868 0
10 ec.gp.GPIndividual@1482293454{-1974563748} 635.0 8328.0 8317.0 0.0013225922808705061 5 28 21.0 0.0 0.0013225922808705061 1
10 ec.gp.GPIndividual@1431198446{-638228548} 1674.0 8560.0 8387.0 0.020627161082627875 5 28 21.0 0.0 0.020627161082627875 0
10 ec.gp.GPIndividual@2054753110{-529885512} 326.0 11159.0 10087.0 0.10627540398532764 5 26 21.0 0.0 0.10627540398532764 1
10 ec.gp.GPIndividual@1431198446{-638228548} 170.0 15613.0 14578.0 0.07099739333241871 5 28 21.0 0.0 0.07099739333241871 0
10 ec.gp.GPIndividual@1665624534{-1802953361} 547.0 9246.0 10054.0 0.08036602347324448 5 28 21.0 0.0 0.08036602347324448 0
10 ec.gp.GPIndividual@1440404590{-412986806} 706.0 8767.0 8387.0 0.04530821509478956 5 29 21.0 0.0 0.04530821509478956 0
10 ec.gp.GPIndividual@1431198446{-638228548} 345.0 11658.0 10861.0 0.07338182487800386 5 28 21.0 0.0 0.07338182487800386 0
10 ec.gp.GPIndividual@533114428{37765446} 1645.0 8560.0 8387.0 0.020627161082627875 5 21 21.0 0.0 0.020627161082627875 0
10 ec.gp.GPIndividual@1440404590{-412986806} 552.0 15194.0 14578.0 0.04225545342296611 5 29 21.0 0.0 0.04225545342296611 0
10 ec.gp.GPIndividual@533114428{37765446} 121.0 15644.0 14578.0 0.07312388530662642 5 21 21.0 0.0 0.07312388530662642 0
10 ec.gp.GPIndividual@908984788{-1630825858} 2108.0 8347.0 8160.0 0.022916666666666665 5 28 21.0 0.0 0.022916666666666665 1
10 ec.gp.GPIndividual@2054753110{-529885512} 1330.0 8328.0 8317.0 0.0013225922808705061 5 26 21.0 0.0 0.0013225922808705061 1
10 ec.gp.GPIndividual@1431198446{-638228548} 899.0 8347.0 8160.0 0.022916666666666665 5 28 21.0 0.0 0.022916666666666665 0
10 ec.gp.GPIndividual@700930339{-1098720147} 91.0 10822.0 10054.0 0.07638750745971752 5 28 21.0 0.0 0.07638750745971752 0
10 ec.gp.GPIndividual@1665624534{-1802953361} 1322.0 8560.0 8387.0 0.020627161082627875 5 28 21.0 0.0 0.020627161082627875 0
10 ec.gp.GPIndividual@1431198446{-638228548} 316.0 13528.0 12802.0 0.05670988907983127 5 28 21.0 0.0 0.05670988907983127 0
10 ec.gp.GPIndividual@908984788{-1630825858} 407.0 13661.0 12802.0 0.06709889079831276 5 28 21.0 0.0 0.06709889079831276 1
10 ec.gp.GPIndividual@533114428{37765446} 829.0 11066.0 10861.0 0.018874873400239387 5 21 21.0 0.0 0.018874873400239387 0
10 ec.gp.GPIndividual@1431198446{-638228548} 302.0 11159.0 10087.0 0.10627540398532764 5 28 21.0 0.0 0.10627540398532764 0
10 ec.gp.GPIndividual@1665624534{-1802953361} 414.0 15314.0 14578.0 0.05048703525860886 5 28 21.0 0.0 0.05048703525860886 0
10 ec.gp.GPIndividual@908984788{-1630825858} 580.0 10383.0 10087.0 0.02934470110042629 5 28 21.0 0.0 0.02934470110042629 1
10 ec.gp.GPIndividual@1665624534{-1802953361} 612.0 11247.0 10861.0 0.03554000552435319 5 28 21.0 0.0 0.03554000552435319 0
10 ec.gp.GPIndividual@1440404590{-412986806} 1855.0 11066.0 10861.0 0.018874873400239387 5 29 21.0 0.0 0.018874873400239387 0
10 ec.gp.GPIndividual@1431198446{-638228548} 1267.0 8328.0 8317.0 0.0013225922808705061 5 28 21.0 0.0 0.0013225922808705061 0
10 ec.gp.GPIndividual@1440404590{-412986806} 641.0 10033.0 8160.0 0.22953431372549019 5 29 21.0 0.0 0.22953431372549019 0
10 ec.gp.GPIndividual@1320776362{948294415} 221.0 10959.0 10054.0 0.09001392480604735 5 31 21.0 0.0 0.09001392480604735 0
10 ec.gp.GPIndividual@908984788{-1630825858} 1230.0 8328.0 8317.0 0.0013225922808705061 5 28 21.0 0.0 0.0013225922808705061 1
10 ec.gp.GPIndividual@533114428{37765446} 1924.0 8347.0 8160.0 0.022916666666666665 5 21 21.0 0.0 0.022916666666666665 0
10 ec.gp.GPIndividual@1320776362{948294415} 280.0 19584.0 8387.0 1.3350423274114702 5 31 21.0 0.0 1.3350423274114702 0
10 ec.gp.GPIndividual@1440404590{-412986806} 324.0 13661.0 12802.0 0.06709889079831276 5 29 21.0 0.0 0.06709889079831276 0
10 ec.gp.GPIndividual@700930339{-1098720147} 2488.0 8535.0 8387.0 0.01764635745797067 5 28 21.0 0.0 0.01764635745797067 0
10 ec.gp.GPIndividual@1526734256{-546322810} 407.0 10054.0 10054.0 0.0 5 26 21.0 0.0 0.0 1
10 ec.gp.GPIndividual@1665624534{-1802953361} 1285.0 8347.0 8160.0 0.022916666666666665 5 28 21.0 0.0 0.022916666666666665 0
10 ec.gp.GPIndividual@1440404590{-412986806} 194.0 11590.0 10087.0 0.14900366808763754 5 29 21.0 0.0 0.14900366808763754 0
10 ec.gp.GPIndividual@1320776362{948294415} 432.0 15314.0 14578.0 0.05048703525860886 5 31 21.0 0.0 0.05048703525860886 0
10 ec.gp.GPIndividual@533114428{37765446} 665.0 13477.0 12802.0 0.052726136541165446 5 21 21.0 0.0 0.052726136541165446 0
10 ec.gp.GPIndividual@533114428{37765446} 142.0 10974.0 10087.0 0.08793496579756122 5 21 21.0 0.0 0.08793496579756122 0
10 ec.gp.GPIndividual@1320776362{948294415} 401.0 11658.0 10861.0 0.07338182487800386 5 31 21.0 0.0 0.07338182487800386 0
10 ec.gp.GPIndividual@1665624534{-1802953361} 663.0 13477.0 12802.0 0.052726136541165446 5 28 21.0 0.0 0.052726136541165446 0
10 ec.gp.GPIndividual@533114428{37765446} 438.0 8328.0 8317.0 0.0013225922808705061 5 21 21.0 0.0 0.0013225922808705061 0
10 ec.gp.GPIndividual@1665624534{-1802953361} 566.0 10383.0 10087.0 0.02934470110042629 5 28 21.0 0.0 0.02934470110042629 0
10 ec.gp.GPIndividual@1754192809{1096406825} 462.0 10449.0 10054.0 0.03928784563357868 5 27 21.0 0.0 0.03928784563357868 0
10 ec.gp.GPIndividual@1440404590{-412986806} 1479.0 8328.0 8317.0 0.0013225922808705061 5 29 21.0 0.0 0.0013225922808705061 0
10 ec.gp.GPIndividual@1665624534{-1802953361} 576.0 8328.0 8317.0 0.0013225922808705061 5 28 21.0 0.0 0.0013225922808705061 0
10 ec.gp.GPIndividual@1320776362{948294415} 1380.0 8347.0 8160.0 0.022916666666666665 5 31 21.0 0.0 0.022916666666666665 0
10 ec.gp.GPIndividual@1617870250{-1818939061} 204.0 10959.0 10054.0 0.09001392480604735 5 19 21.0 0.0 0.09001392480604735 0
10 ec.gp.GPIndividual@1723048914{-422345541} 520.0 9246.0 10054.0 0.08036602347324448 5 17 21.0 0.0 0.08036602347324448 0
10 ec.gp.GPIndividual@700930339{-1098720147} 2182.0 14871.0 14578.0 0.020098778982027714 5 28 21.0 0.0 0.020098778982027714 0
10 ec.gp.GPIndividual@1754192809{1096406825} 634.0 13517.0 8387.0 0.611660903779659 5 27 21.0 0.0 0.611660903779659 0
10 ec.gp.GPIndividual@1526734256{-546322810} 2184.0 8528.0 8387.0 0.016811732443066652 5 26 21.0 0.0 0.016811732443066652 1
10 ec.gp.GPIndividual@1320776362{948294415} 180.0 13688.0 12802.0 0.06920793625995939 5 31 21.0 0.0 0.06920793625995939 0
10 ec.gp.GPIndividual@1617870250{-1818939061} 313.0 19584.0 8387.0 1.3350423274114702 5 19 21.0 0.0 1.3350423274114702 0
10 ec.gp.GPIndividual@700930339{-1098720147} 228.0 12100.0 10861.0 0.11407789337998343 5 28 21.0 0.0 0.11407789337998343 0
10 ec.gp.GPIndividual@1754192809{1096406825} 302.0 15229.0 14578.0 0.04465633145836192 5 27 21.0 0.0 0.04465633145836192 0
10 ec.gp.GPIndividual@1617870250{-1818939061} 174.0 15613.0 14578.0 0.07099739333241871 5 19 21.0 0.0 0.07099739333241871 0
10 ec.gp.GPIndividual@1526734256{-546322810} 438.0 15314.0 14578.0 0.05048703525860886 5 26 21.0 0.0 0.05048703525860886 1
10 ec.gp.GPIndividual@1320776362{948294415} 581.0 10383.0 10087.0 0.02934470110042629 5 31 21.0 0.0 0.02934470110042629 0
10 ec.gp.GPIndividual@1617870250{-1818939061} 359.0 11658.0 10861.0 0.07338182487800386 5 19 21.0 0.0 0.07338182487800386 0
10 ec.gp.GPIndividual@1526734256{-546322810} 618.0 11247.0 10861.0 0.03554000552435319 5 26 21.0 0.0 0.03554000552435319 1
10 ec.gp.GPIndividual@1617870250{-1818939061} 804.0 10033.0 8160.0 0.22953431372549019 5 19 21.0 0.0 0.22953431372549019 0
10 ec.gp.GPIndividual@1526734256{-546322810} 535.0 10033.0 8160.0 0.22953431372549019 5 26 21.0 0.0 0.22953431372549019 1
10 ec.gp.GPIndividual@1617870250{-1818939061} 68.0 19584.0 12802.0 0.52976097484768 5 19 21.0 0.0 0.52976097484768 0
10 ec.gp.GPIndividual@1723048914{-422345541} 1777.0 8634.0 8387.0 0.02945033981161321 5 17 21.0 0.0 0.02945033981161321 0
10 ec.gp.GPIndividual@1754192809{1096406825} 1446.0 11066.0 10861.0 0.018874873400239387 5 27 21.0 0.0 0.018874873400239387 0
10 ec.gp.GPIndividual@1617870250{-1818939061} 302.0 11159.0 10087.0 0.10627540398532764 5 19 21.0 0.0 0.10627540398532764 0
10 ec.gp.GPIndividual@700930339{-1098720147} 1755.0 8347.0 8160.0 0.022916666666666665 5 28 21.0 0.0 0.022916666666666665 0
10 ec.gp.GPIndividual@1723048914{-422345541} 379.0 15306.0 14578.0 0.04993826313623268 5 17 21.0 0.0 0.04993826313623268 0
10 ec.gp.GPIndividual@1526734256{-546322810} 667.0 13477.0 12802.0 0.052726136541165446 5 26 21.0 0.0 0.052726136541165446 1
10 ec.gp.GPIndividual@700930339{-1098720147} 376.0 13528.0 12802.0 0.05670988907983127 5 28 21.0 0.0 0.05670988907983127 0
10 ec.gp.GPIndividual@1723048914{-422345541} 338.0 11658.0 10861.0 0.07338182487800386 5 17 21.0 0.0 0.07338182487800386 0
10 ec.gp.GPIndividual@1754192809{1096406825} 657.0 8564.0 8160.0 0.049509803921568625 5 27 21.0 0.0 0.049509803921568625 0
10 ec.gp.GPIndividual@1617870250{-1818939061} 528.0 8328.0 8317.0 0.0013225922808705061 5 19 21.0 0.0 0.0013225922808705061 0
10 ec.gp.GPIndividual@1320776362{948294415} 1874.0 8328.0 8317.0 0.0013225922808705061 5 31 21.0 0.0 0.0013225922808705061 0
10 ec.gp.GPIndividual@150396584{194063819} 208.0 10959.0 10054.0 0.09001392480604735 5 23 21.0 0.0 0.09001392480604735 0
10 ec.gp.GPIndividual@1754192809{1096406825} 320.0 13661.0 12802.0 0.06709889079831276 5 27 21.0 0.0 0.06709889079831276 0
10 ec.gp.GPIndividual@1526734256{-546322810} 543.0 10383.0 10087.0 0.02934470110042629 5 26 21.0 0.0 0.02934470110042629 1
10 ec.gp.GPIndividual@700930339{-1098720147} 563.0 10383.0 10087.0 0.02934470110042629 5 28 21.0 0.0 0.02934470110042629 0
10 ec.gp.GPIndividual@373045015{-1630825858} 531.0 9246.0 10054.0 0.08036602347324448 5 28 21.0 0.0 0.08036602347324448 0
10 ec.gp.GPIndividual@150396584{194063819} 293.0 17367.0 8387.0 1.070704661976869 5 23 21.0 0.0 1.070704661976869 0
10 ec.gp.GPIndividual@1754192809{1096406825} 361.0 10482.0 10087.0 0.039159313968474274 5 27 21.0 0.0 0.039159313968474274 0
10 ec.gp.GPIndividual@150396584{194063819} 73.0 18114.0 14578.0 0.24255727809027303 5 23 21.0 0.0 0.24255727809027303 0
10 ec.gp.GPIndividual@1723048914{-422345541} 844.0 8347.0 8160.0 0.022916666666666665 5 17 21.0 0.0 0.022916666666666665 0
10 ec.gp.GPIndividual@373045015{-1630825858} 298.0 8448.0 8387.0 0.007273160844163586 5 28 21.0 0.0 0.007273160844163586 0
10 ec.gp.GPIndividual@150396584{194063819} 180.0 11329.0 10861.0 0.043089954884448944 5 23 21.0 0.0 0.043089954884448944 0
10 ec.gp.GPIndividual@1723048914{-422345541} 154.0 13688.0 12802.0 0.06920793625995939 5 17 21.0 0.0 0.06920793625995939 0
10 ec.gp.GPIndividual@1754192809{1096406825} 442.0 8328.0 8317.0 0.0013225922808705061 5 27 21.0 0.0 0.0013225922808705061 0
10 ec.gp.GPIndividual@700930339{-1098720147} 653.0 8328.0 8317.0 0.0013225922808705061 5 28 21.0 0.0 0.0013225922808705061 0
10 ec.gp.GPIndividual@1054826102{-1698553522} 1.0 17959.0 10054.0 0.7862542271732643 5 27 21.0 0.0 0.7862542271732643 0
10 ec.gp.GPIndividual@1054826102{-1698553522} 0.0 17367.0 8387.0 1.070704661976869 5 27 21.0 0.0 1.070704661976869 0
10 ec.gp.GPIndividual@1054826102{-1698553522} 2.0 18114.0 14578.0 0.24255727809027303 5 27 21.0 0.0 0.24255727809027303 0
10 ec.gp.GPIndividual@1054826102{-1698553522} 1.0 16592.0 10861.0 0.5276678022281558 5 27 21.0 0.0 0.5276678022281558 0
10 ec.gp.GPIndividual@1054826102{-1698553522} 6.0 17418.0 8160.0 1.1345588235294117 5 27 21.0 0.0 1.1345588235294117 0
10 ec.gp.GPIndividual@1054826102{-1698553522} 1.0 16275.0 12802.0 0.2712857366036557 5 27 21.0 0.0 0.2712857366036557 0
10 ec.gp.GPIndividual@1054826102{-1698553522} 1.0 15981.0 10087.0 0.5843164469118668 5 27 21.0 0.0 0.5843164469118668 0
10 ec.gp.GPIndividual@1723048914{-422345541} 314.0 11159.0 10087.0 0.10627540398532764 5 17 21.0 0.0 0.10627540398532764 0
10 ec.gp.GPIndividual@373045015{-1630825858} 444.0 15314.0 14578.0 0.05048703525860886 5 28 21.0 0.0 0.05048703525860886 0
10 ec.gp.GPIndividual@1098607540{1854283338} 527.0 9246.0 10054.0 0.08036602347324448 5 28 21.0 0.0 0.08036602347324448 0
10 ec.gp.GPIndividual@1526734256{-546322810} 1336.0 8328.0 8317.0 0.0013225922808705061 5 26 21.0 0.0 0.0013225922808705061 1
10 ec.gp.GPIndividual@869798362{753425794} 0.0 104262.0 10054.0 0.9556395464491745 1 1 21.0 0.0 0.9556395464491745 0
10 ec.gp.GPIndividual@869798362{753425794} 0.0 104262.0 8387.0 0.9468224633361154 1 1 21.0 0.0 0.9468224633361154 0
10 ec.gp.GPIndividual@869798362{753425794} 0.0 104262.0 14578.0 0.9694059541775277 1 1 21.0 0.0 0.9694059541775277 0
10 ec.gp.GPIndividual@869798362{753425794} 0.0 104262.0 10861.0 0.9589356412853328 1 1 21.0 0.0 0.9589356412853328 0
10 ec.gp.GPIndividual@869798362{753425794} 0.0 104262.0 8160.0 0.9453431372549019 1 1 21.0 0.0 0.9453431372549019 0
10 ec.gp.GPIndividual@869798362{753425794} 0.0 104262.0 12802.0 0.9651616934853929 1 1 21.0 0.0 0.9651616934853929 0
10 ec.gp.GPIndividual@869798362{753425794} 0.0 104262.0 10087.0 0.9557846733419253 1 1 21.0 0.0 0.9557846733419253 0
10 ec.gp.GPIndividual@869798362{753425794} 0.0 104262.0 8317.0 0.9463748947937959 1 1 21.0 0.0 0.9463748947937959 0
10 ec.gp.GPIndividual@1723048914{-422345541} 542.0 8328.0 8317.0 0.0013225922808705061 5 17 21.0 0.0 0.0013225922808705061 0
10 ec.gp.GPIndividual@1048173480{-2026576943} 153.0 11217.0 10054.0 0.1156753530932962 5 26 21.0 0.0 0.1156753530932962 0
10 ec.gp.GPIndividual@373045015{-1630825858} 605.0 11444.0 10861.0 0.05367829849921738 5 28 21.0 0.0 0.05367829849921738 0
10 ec.gp.GPIndividual@150396584{194063819} 1114.0 8773.0 8160.0 0.07512254901960784 5 23 21.0 0.0 0.07512254901960784 0
10 ec.gp.GPIndividual@150396584{194063819} 42.0 16275.0 12802.0 0.2712857366036557 5 23 21.0 0.0 0.2712857366036557 0
10 ec.gp.GPIndividual@1054826102{-1698553522} 997.0 8328.0 8317.0 0.0013225922808705061 5 27 21.0 0.0 0.0013225922808705061 0
10 ec.gp.GPIndividual@150396584{194063819} 222.0 10794.0 10087.0 0.07009021512838307 5 23 21.0 0.0 0.07009021512838307 0
10 ec.gp.GPIndividual@1048173480{-2026576943} 469.0 8767.0 8387.0 0.04530821509478956 5 26 21.0 0.0 0.04530821509478956 0
10 ec.gp.GPIndividual@373045015{-1630825858} 475.0 10033.0 8160.0 0.22953431372549019 5 28 21.0 0.0 0.22953431372549019 0
10 ec.gp.GPIndividual@1048173480{-2026576943} 90.0 15613.0 14578.0 0.07099739333241871 5 26 21.0 0.0 0.07099739333241871 0
10 ec.gp.GPIndividual@1048173480{-2026576943} 284.0 11658.0 10861.0 0.07338182487800386 5 26 21.0 0.0 0.07338182487800386 0
10 ec.gp.GPIndividual@150396584{194063819} 1014.0 8900.0 8317.0 0.07009739088613683 5 23 21.0 0.0 0.07009739088613683 0
10 ec.gp.GPIndividual@1048173480{-2026576943} 733.0 8347.0 8160.0 0.022916666666666665 5 26 21.0 0.0 0.022916666666666665 0
10 ec.gp.GPIndividual@1098607540{1854283338} 1861.0 8528.0 8387.0 0.016811732443066652 5 28 21.0 0.0 0.016811732443066652 0
10 ec.gp.GPIndividual@1048173480{-2026576943} 170.0 13688.0 12802.0 0.06920793625995939 5 26 21.0 0.0 0.06920793625995939 0
10 ec.gp.GPIndividual@1098607540{1854283338} 373.0 15314.0 14578.0 0.05048703525860886 5 28 21.0 0.0 0.05048703525860886 0
10 ec.gp.GPIndividual@1048173480{-2026576943} 255.0 11159.0 10087.0 0.10627540398532764 5 26 21.0 0.0 0.10627540398532764 0
10 ec.gp.GPIndividual@1098607540{1854283338} 521.0 11247.0 10861.0 0.03554000552435319 5 28 21.0 0.0 0.03554000552435319 0
10 ec.gp.GPIndividual@373045015{-1630825858} 3493.0 12802.0 12802.0 0.0 5 28 21.0 0.0 0.0 1
10 ec.gp.GPIndividual@1098607540{1854283338} 1613.0 8347.0 8160.0 0.022916666666666665 5 28 21.0 0.0 0.022916666666666665 0
10 ec.gp.GPIndividual@373045015{-1630825858} 185.0 11590.0 10087.0 0.14900366808763754 5 28 21.0 0.0 0.14900366808763754 1
10 ec.gp.GPIndividual@1098607540{1854283338} 583.0 13477.0 12802.0 0.052726136541165446 5 28 21.0 0.0 0.052726136541165446 0
10 ec.gp.GPIndividual@1048173480{-2026576943} 3002.0 8328.0 8317.0 0.0013225922808705061 5 26 21.0 0.0 0.0013225922808705061 0
10 ec.gp.GPIndividual@1098607540{1854283338} 353.0 10555.0 10087.0 0.04639635173986319 5 28 21.0 0.0 0.04639635173986319 0
10 ec.gp.GPIndividual@1098607540{1854283338} 5475.0 8328.0 8317.0 0.0013225922808705061 5 28 21.0 0.0 0.0013225922808705061 0
10 ec.gp.GPIndividual@373045015{-1630825858} 6731.0 8328.0 8317.0 0.0013225922808705061 5 28 21.0 0.0 0.0013225922808705061 1
10 ec.gp.GPIndividual@1336898677{1813775914} 552.0 10141.0 10054.0 0.008653272329421126 5 21 21.0 0.0 0.008653272329421126 0
10 ec.gp.GPIndividual@510134638{-1630825858} 424.0 9246.0 10054.0 0.08036602347324448 5 28 21.0 0.0 0.08036602347324448 0
10 ec.gp.GPIndividual@1336898677{1813775914} 1181.0 8560.0 8387.0 0.020627161082627875 5 21 21.0 0.0 0.020627161082627875 0
10 ec.gp.GPIndividual@510134638{-1630825858} 981.0 8560.0 8387.0 0.020627161082627875 5 28 21.0 0.0 0.020627161082627875 0
10 ec.gp.GPIndividual@510134638{-1630825858} 245.0 15443.0 14578.0 0.05933598573192482 5 28 21.0 0.0 0.05933598573192482 0
10 ec.gp.GPIndividual@1336898677{1813775914} 428.0 15194.0 14578.0 0.04225545342296611 5 21 21.0 0.0 0.04225545342296611 0
10 ec.gp.GPIndividual@510134638{-1630825858} 499.0 11247.0 10861.0 0.03554000552435319 5 28 21.0 0.0 0.03554000552435319 0
10 ec.gp.GPIndividual@510134638{-1630825858} 3405.0 8347.0 8160.0 0.022916666666666665 5 28 21.0 0.0 0.022916666666666665 0
10 ec.gp.GPIndividual@1336898677{1813775914} 3945.0 11066.0 10861.0 0.018874873400239387 5 21 21.0 0.0 0.018874873400239387 0
10 ec.gp.GPIndividual@510134638{-1630825858} 244.0 13688.0 12802.0 0.06920793625995939 5 28 21.0 0.0 0.06920793625995939 0
10 ec.gp.GPIndividual@510134638{-1630825858} 458.0 10383.0 10087.0 0.02934470110042629 5 28 21.0 0.0 0.02934470110042629 0
10 ec.gp.GPIndividual@1336898677{1813775914} 4142.0 8222.0 8160.0 0.007598039215686274 5 21 21.0 0.0 0.007598039215686274 0
10 ec.gp.GPIndividual@1336898677{1813775914} 170.0 13688.0 12802.0 0.06920793625995939 5 21 21.0 0.0 0.06920793625995939 0
10 ec.gp.GPIndividual@1336898677{1813775914} 412.0 10407.0 10087.0 0.03172400118965005 5 21 21.0 0.0 0.03172400118965005 0
10 ec.gp.GPIndividual@1336898677{1813775914} 2874.0 8328.0 8317.0 0.0013225922808705061 5 21 21.0 0.0 0.0013225922808705061 0
10 ec.gp.GPIndividual@510134638{-1630825858} 7162.0 8328.0 8317.0 0.0013225922808705061 5 28 21.0 0.0 0.0013225922808705061 0
10 ec.gp.GPIndividual@1178192556{-542900213} 164.0 10959.0 10054.0 0.09001392480604735 5 18 21.0 0.0 0.09001392480604735 0
10 ec.gp.GPIndividual@1706202354{-1395191257} 341.0 10449.0 10054.0 0.03928784563357868 5 23 21.0 0.0 0.03928784563357868 0
10 ec.gp.GPIndividual@1178192556{-542900213} 792.0 8560.0 8387.0 0.020627161082627875 5 18 21.0 0.0 0.020627161082627875 0
10 ec.gp.GPIndividual@1706202354{-1395191257} 795.0 8560.0 8387.0 0.020627161082627875 5 23 21.0 0.0 0.020627161082627875 0
10 ec.gp.GPIndividual@1178192556{-542900213} 196.0 15443.0 14578.0 0.05933598573192482 5 18 21.0 0.0 0.05933598573192482 0
10 ec.gp.GPIndividual@1706202354{-1395191257} 302.0 15314.0 14578.0 0.05048703525860886 5 23 21.0 0.0 0.05048703525860886 0
10 ec.gp.GPIndividual@1178192556{-542900213} 279.0 11658.0 10861.0 0.07338182487800386 5 18 21.0 0.0 0.07338182487800386 0
10 ec.gp.GPIndividual@1706202354{-1395191257} 371.0 11444.0 10861.0 0.05367829849921738 5 23 21.0 0.0 0.05367829849921738 0
10 ec.gp.GPIndividual@1178192556{-542900213} 661.0 8347.0 8160.0 0.022916666666666665 5 18 21.0 0.0 0.022916666666666665 0
10 ec.gp.GPIndividual@1706202354{-1395191257} 416.0 10033.0 8160.0 0.22953431372549019 5 23 21.0 0.0 0.22953431372549019 0
10 ec.gp.GPIndividual@1178192556{-542900213} 190.0 13688.0 12802.0 0.06920793625995939 5 18 21.0 0.0 0.06920793625995939 0
10 ec.gp.GPIndividual@1706202354{-1395191257} 141.0 13688.0 12802.0 0.06920793625995939 5 23 21.0 0.0 0.06920793625995939 0
10 ec.gp.GPIndividual@1178192556{-542900213} 259.0 11159.0 10087.0 0.10627540398532764 5 18 21.0 0.0 0.10627540398532764 0
10 ec.gp.GPIndividual@1706202354{-1395191257} 357.0 10555.0 10087.0 0.04639635173986319 5 23 21.0 0.0 0.04639635173986319 0
10 ec.gp.GPIndividual@1706202354{-1395191257} 4392.0 8328.0 8317.0 0.0013225922808705061 5 23 21.0 0.0 0.0013225922808705061 0
10 ec.gp.GPIndividual@1178192556{-542900213} 4624.0 8328.0 8317.0 0.0013225922808705061 5 18 21.0 0.0 0.0013225922808705061 0
10 ec.gp.GPIndividual@1395637292{-1352556204} 0.0 109280.0 10054.0 1.0 5 27 21.0 0.0 1.0 0
10 ec.gp.GPIndividual@1395637292{-1352556204} 0.0 109280.0 8387.0 1.0 5 27 21.0 0.0 1.0 0
10 ec.gp.GPIndividual@1395637292{-1352556204} 0.0 109280.0 14578.0 1.0 5 27 21.0 0.0 1.0 0
10 ec.gp.GPIndividual@1395637292{-1352556204} 0.0 109280.0 10861.0 1.0 5 27 21.0 0.0 1.0 0
10 ec.gp.GPIndividual@1395637292{-1352556204} 0.0 109280.0 8160.0 1.0 5 27 21.0 0.0 1.0 0
10 ec.gp.GPIndividual@1395637292{-1352556204} 0.0 109280.0 12802.0 1.0 5 27 21.0 0.0 1.0 0
10 ec.gp.GPIndividual@1395637292{-1352556204} 0.0 109280.0 10087.0 1.0 5 27 21.0 0.0 1.0 0
10 ec.gp.GPIndividual@1395637292{-1352556204} 0.0 109280.0 8317.0 1.0 5 27 21.0 0.0 1.0 0
10 ec.gp.GPIndividual@618446289{1119583877} 200.0 10054.0 10054.0 0.0 5 28 21.0 0.0 0.0 1
10 ec.gp.GPIndividual@618446289{1119583877} 2403.0 8528.0 8387.0 0.016811732443066652 5 28 21.0 0.0 0.016811732443066652 1
10 ec.gp.GPIndividual@618446289{1119583877} 281.0 15314.0 14578.0 0.05048703525860886 5 28 21.0 0.0 0.05048703525860886 1
10 ec.gp.GPIndividual@618446289{1119583877} 14547.0 10861.0 10861.0 0.0 5 28 21.0 0.0 0.0 2
10 ec.gp.GPIndividual@618446289{1119583877} 3694.0 8222.0 8160.0 0.007598039215686274 5 28 21.0 0.0 0.007598039215686274 2
10 ec.gp.GPIndividual@618446289{1119583877} 353.0 13661.0 12802.0 0.06709889079831276 5 28 21.0 0.0 0.06709889079831276 2
10 ec.gp.GPIndividual@618446289{1119583877} 338.0 10555.0 10087.0 0.04639635173986319 5 28 21.0 0.0 0.04639635173986319 2
10 ec.gp.GPIndividual@618446289{1119583877} 8802.0 8328.0 8317.0 0.0013225922808705061 5 28 21.0 0.0 0.0013225922808705061 2
11 ec.gp.GPIndividual@735545832{-572145069} 0.0 104262.0 10054.0 0.9556395464491745 5 16 21.0 0.0 0.9556395464491745 0
11 ec.gp.GPIndividual@735545832{-572145069} 0.0 104262.0 8387.0 0.9468224633361154 5 16 21.0 0.0 0.9468224633361154 0
11 ec.gp.GPIndividual@735545832{-572145069} 0.0 104262.0 14578.0 0.9694059541775277 5 16 21.0 0.0 0.9694059541775277 0
11 ec.gp.GPIndividual@735545832{-572145069} 0.0 104262.0 10861.0 0.9589356412853328 5 16 21.0 0.0 0.9589356412853328 0
11 ec.gp.GPIndividual@735545832{-572145069} 0.0 104262.0 8160.0 0.9453431372549019 5 16 21.0 0.0 0.9453431372549019 0
11 ec.gp.GPIndividual@735545832{-572145069} 0.0 104262.0 12802.0 0.9651616934853929 5 16 21.0 0.0 0.9651616934853929 0
11 ec.gp.GPIndividual@735545832{-572145069} 0.0 104262.0 10087.0 0.9557846733419253 5 16 21.0 0.0 0.9557846733419253 0
11 ec.gp.GPIndividual@735545832{-572145069} 0.0 104262.0 8317.0 0.9463748947937959 5 16 21.0 0.0 0.9463748947937959 0
11 ec.gp.GPIndividual@2015317266{-254926007} 206.0 10959.0 10054.0 0.09001392480604735 5 18 21.0 0.0 0.09001392480604735 0
11 ec.gp.GPIndividual@2049041245{1307102987} 213.0 10959.0 10054.0 0.09001392480604735 5 16 21.0 0.0 0.09001392480604735 0
11 ec.gp.GPIndividual@1491683910{-927944641} 216.0 10959.0 10054.0 0.09001392480604735 5 25 21.0 0.0 0.09001392480604735 0
11 ec.gp.GPIndividual@2080331902{2009783154} 306.0 10959.0 10054.0 0.09001392480604735 5 25 21.0 0.0 0.09001392480604735 0
11 ec.gp.GPIndividual@2049041245{1307102987} 289.0 17475.0 8387.0 1.0835817336353881 5 16 21.0 0.0 1.0835817336353881 0
11 ec.gp.GPIndividual@1491683910{-927944641} 289.0 19584.0 8387.0 1.3350423274114702 5 25 21.0 0.0 1.3350423274114702 0
11 ec.gp.GPIndividual@2015317266{-254926007} 302.0 19584.0 8387.0 1.3350423274114702 5 18 21.0 0.0 1.3350423274114702 0
11 ec.gp.GPIndividual@424019071{1759723200} 570.0 10449.0 10054.0 0.03928784563357868 5 21 21.0 0.0 0.03928784563357868 0
11 ec.gp.GPIndividual@871552001{905226585} 573.0 10423.0 10054.0 0.036701810224786156 5 21 21.0 0.0 0.036701810224786156 0
11 ec.gp.GPIndividual@2049041245{1307102987} 91.0 18114.0 14578.0 0.24255727809027303 5 16 21.0 0.0 0.24255727809027303 0
11 ec.gp.GPIndividual@1491683910{-927944641} 179.0 15613.0 14578.0 0.07099739333241871 5 25 21.0 0.0 0.07099739333241871 0
11 ec.gp.GPIndividual@2015317266{-254926007} 187.0 15613.0 14578.0 0.07099739333241871 5 18 21.0 0.0 0.07099739333241871 0
11 ec.gp.GPIndividual@2049041245{1307102987} 311.0 10960.0 10861.0 0.009115182764018046 5 16 21.0 0.0 0.009115182764018046 0
11 ec.gp.GPIndividual@2015317266{-254926007} 349.0 11658.0 10861.0 0.07338182487800386 5 18 21.0 0.0 0.07338182487800386 0
11 ec.gp.GPIndividual@1491683910{-927944641} 367.0 11658.0 10861.0 0.07338182487800386 5 25 21.0 0.0 0.07338182487800386 0
11 ec.gp.GPIndividual@2080331902{2009783154} 1346.0 8560.0 8387.0 0.020627161082627875 5 25 21.0 0.0 0.020627161082627875 0
11 ec.gp.GPIndividual@1491683910{-927944641} 724.0 10033.0 8160.0 0.22953431372549019 5 25 21.0 0.0 0.22953431372549019 0
11 ec.gp.GPIndividual@2080331902{2009783154} 135.0 19584.0 14578.0 0.3433941555768967 5 25 21.0 0.0 0.3433941555768967 0
11 ec.gp.GPIndividual@2015317266{-254926007} 846.0 8347.0 8160.0 0.022916666666666665 5 18 21.0 0.0 0.022916666666666665 0
11 ec.gp.GPIndividual@2049041245{1307102987} 991.0 8774.0 8160.0 0.07524509803921568 5 16 21.0 0.0 0.07524509803921568 0
11 ec.gp.GPIndividual@1491683910{-927944641} 158.0 13688.0 12802.0 0.06920793625995939 5 25 21.0 0.0 0.06920793625995939 0
11 ec.gp.GPIndividual@2049041245{1307102987} 47.0 16153.0 12802.0 0.261755975628808 5 16 21.0 0.0 0.261755975628808 0
11 ec.gp.GPIndividual@2015317266{-254926007} 69.0 19584.0 12802.0 0.52976097484768 5 18 21.0 0.0 0.52976097484768 0
11 ec.gp.GPIndividual@2015317266{-254926007} 194.0 11590.0 10087.0 0.14900366808763754 5 18 21.0 0.0 0.14900366808763754 0
11 ec.gp.GPIndividual@1491683910{-927944641} 259.0 11590.0 10087.0 0.14900366808763754 5 25 21.0 0.0 0.14900366808763754 0
11 ec.gp.GPIndividual@2049041245{1307102987} 302.0 11892.0 10087.0 0.17894319421036978 5 16 21.0 0.0 0.17894319421036978 0
11 ec.gp.GPIndividual@2080331902{2009783154} 626.0 11247.0 10861.0 0.03554000552435319 5 25 21.0 0.0 0.03554000552435319 0
11 ec.gp.GPIndividual@871552001{905226585} 2135.0 8528.0 8387.0 0.016811732443066652 5 21 21.0 0.0 0.016811732443066652 0
11 ec.gp.GPIndividual@2015317266{-254926007} 554.0 8328.0 8317.0 0.0013225922808705061 5 18 21.0 0.0 0.0013225922808705061 0
11 ec.gp.GPIndividual@871552001{905226585} 147.0 15644.0 14578.0 0.07312388530662642 5 21 21.0 0.0 0.07312388530662642 0
11 ec.gp.GPIndividual@2049041245{1307102987} 625.0 8647.0 8317.0 0.03967776842611519 5 16 21.0 0.0 0.03967776842611519 0
11 ec.gp.GPIndividual@1491683910{-927944641} 871.0 8328.0 8317.0 0.0013225922808705061 5 25 21.0 0.0 0.0013225922808705061 0
11 ec.gp.GPIndividual@589898300{658669920} 540.0 10054.0 10054.0 0.0 5 27 21.0 0.0 0.0 1
11 ec.gp.GPIndividual@1467320494{-1799944231} 209.0 10959.0 10054.0 0.09001392480604735 5 29 21.0 0.0 0.09001392480604735 0
11 ec.gp.GPIndividual@424019071{1759723200} 2847.0 8528.0 8387.0 0.016811732443066652 5 21 21.0 0.0 0.016811732443066652 0
11 ec.gp.GPIndividual@2080331902{2009783154} 1038.0 10033.0 8160.0 0.22953431372549019 5 25 21.0 0.0 0.22953431372549019 0
11 ec.gp.GPIndividual@1917139487{-115501995} 607.0 10449.0 10054.0 0.03928784563357868 5 21 21.0 0.0 0.03928784563357868 0
11 ec.gp.GPIndividual@871552001{905226585} 704.0 11066.0 10861.0 0.018874873400239387 5 21 21.0 0.0 0.018874873400239387 0
11 ec.gp.GPIndividual@1467320494{-1799944231} 669.0 8767.0 8387.0 0.04530821509478956 5 29 21.0 0.0 0.04530821509478956 0
11 ec.gp.GPIndividual@1467320494{-1799944231} 81.0 19584.0 14578.0 0.3433941555768967 5 29 21.0 0.0 0.3433941555768967 0
11 ec.gp.GPIndividual@424019071{1759723200} 624.0 15017.0 14578.0 0.03011387021539306 5 21 21.0 0.0 0.03011387021539306 0
11 ec.gp.GPIndividual@2080331902{2009783154} 646.0 13477.0 12802.0 0.052726136541165446 5 25 21.0 0.0 0.052726136541165446 0
11 ec.gp.GPIndividual@1467320494{-1799944231} 265.0 12610.0 10861.0 0.16103489549765215 5 29 21.0 0.0 0.16103489549765215 0
11 ec.gp.GPIndividual@424019071{1759723200} 271.0 11280.0 10861.0 0.03857839977902587 5 21 21.0 0.0 0.03857839977902587 0
11 ec.gp.GPIndividual@1917139487{-115501995} 839.0 8767.0 8387.0 0.04530821509478956 5 21 21.0 0.0 0.04530821509478956 0
11 ec.gp.GPIndividual@2080331902{2009783154} 324.0 11159.0 10087.0 0.10627540398532764 5 25 21.0 0.0 0.10627540398532764 0
11 ec.gp.GPIndividual@1917139487{-115501995} 451.0 15314.0 14578.0 0.05048703525860886 5 21 21.0 0.0 0.05048703525860886 0
11 ec.gp.GPIndividual@1467320494{-1799944231} 847.0 8347.0 8160.0 0.022916666666666665 5 29 21.0 0.0 0.022916666666666665 0
11 ec.gp.GPIndividual@589898300{658669920} 1928.0 8535.0 8387.0 0.01764635745797067 5 27 21.0 0.0 0.01764635745797067 1
11 ec.gp.GPIndividual@424019071{1759723200} 877.0 8446.0 8160.0 0.03504901960784314 5 21 21.0 0.0 0.03504901960784314 0
11 ec.gp.GPIndividual@1917139487{-115501995} 455.0 11444.0 10861.0 0.05367829849921738 5 21 21.0 0.0 0.05367829849921738 0
11 ec.gp.GPIndividual@1467320494{-1799944231} 105.0 19584.0 12802.0 0.52976097484768 5 29 21.0 0.0 0.52976097484768 0
11 ec.gp.GPIndividual@424019071{1759723200} 350.0 13661.0 12802.0 0.06709889079831276 5 21 21.0 0.0 0.06709889079831276 0
11 ec.gp.GPIndividual@1467320494{-1799944231} 308.0 11159.0 10087.0 0.10627540398532764 5 29 21.0 0.0 0.10627540398532764 0
11 ec.gp.GPIndividual@589898300{658669920} 383.0 15443.0 14578.0 0.05933598573192482 5 27 21.0 0.0 0.05933598573192482 1
11 ec.gp.GPIndividual@871552001{905226585} 2108.0 8347.0 8160.0 0.022916666666666665 5 21 21.0 0.0 0.022916666666666665 0
11 ec.gp.GPIndividual@424019071{1759723200} 130.0 10974.0 10087.0 0.08793496579756122 5 21 21.0 0.0 0.08793496579756122 0
11 ec.gp.GPIndividual@589898300{658669920} 601.0 11247.0 10861.0 0.03554000552435319 5 27 21.0 0.0 0.03554000552435319 1
11 ec.gp.GPIndividual@871552001{905226585} 648.0 13477.0 12802.0 0.052726136541165446 5 21 21.0 0.0 0.052726136541165446 0
11 ec.gp.GPIndividual@424019071{1759723200} 902.0 8328.0 8317.0 0.0013225922808705061 5 21 21.0 0.0 0.0013225922808705061 0
11 ec.gp.GPIndividual@2080331902{2009783154} 2290.0 8328.0 8317.0 0.0013225922808705061 5 25 21.0 0.0 0.0013225922808705061 0
11 ec.gp.GPIndividual@1467320494{-1799944231} 1178.0 8328.0 8317.0 0.0013225922808705061 5 29 21.0 0.0 0.0013225922808705061 0
11 ec.gp.GPIndividual@182143029{888957464} 261.0 10054.0 10054.0 0.0 5 28 21.0 0.0 0.0 1
11 ec.gp.GPIndividual@871552001{905226585} 538.0 10407.0 10087.0 0.03172400118965005 5 21 21.0 0.0 0.03172400118965005 0
11 ec.gp.GPIndividual@1410293642{-1292798998} 212.0 10959.0 10054.0 0.09001392480604735 5 27 21.0 0.0 0.09001392480604735 0
11 ec.gp.GPIndividual@1917139487{-115501995} 1723.0 8347.0 8160.0 0.022916666666666665 5 21 21.0 0.0 0.022916666666666665 0
11 ec.gp.GPIndividual@589898300{658669920} 794.0 10033.0 8160.0 0.22953431372549019 5 27 21.0 0.0 0.22953431372549019 1
11 ec.gp.GPIndividual@1631828606{-638388056} 274.0 10054.0 10054.0 0.0 5 30 21.0 0.0 0.0 1
11 ec.gp.GPIndividual@589898300{658669920} 285.0 13661.0 12802.0 0.06709889079831276 5 27 21.0 0.0 0.06709889079831276 1
11 ec.gp.GPIndividual@871552001{905226585} 438.0 8328.0 8317.0 0.0013225922808705061 5 21 21.0 0.0 0.0013225922808705061 0
11 ec.gp.GPIndividual@1410293642{-1292798998} 474.0 13517.0 8387.0 0.611660903779659 5 27 21.0 0.0 0.611660903779659 0
11 ec.gp.GPIndividual@589898300{658669920} 203.0 11590.0 10087.0 0.14900366808763754 5 27 21.0 0.0 0.14900366808763754 1
11 ec.gp.GPIndividual@1410293642{-1292798998} 164.0 15549.0 14578.0 0.06660721635340924 5 27 21.0 0.0 0.06660721635340924 0
11 ec.gp.GPIndividual@1917139487{-115501995} 924.0 13477.0 12802.0 0.052726136541165446 5 21 21.0 0.0 0.052726136541165446 0
11 ec.gp.GPIndividual@1410293642{-1292798998} 306.0 11066.0 10861.0 0.018874873400239387 5 27 21.0 0.0 0.018874873400239387 0
11 ec.gp.GPIndividual@348938683{-241024448} 685.0 10141.0 10054.0 0.008653272329421126 5 28 21.0 0.0 0.008653272329421126 0
11 ec.gp.GPIndividual@1917139487{-115501995} 413.0 10555.0 10087.0 0.04639635173986319 5 21 21.0 0.0 0.04639635173986319 0
11 ec.gp.GPIndividual@182143029{888957464} 1944.0 8624.0 8387.0 0.028258018361750327 5 28 21.0 0.0 0.028258018361750327 1
11 ec.gp.GPIndividual@1410293642{-1292798998} 899.0 8446.0 8160.0 0.03504901960784314 5 27 21.0 0.0 0.03504901960784314 0
11 ec.gp.GPIndividual@1631828606{-638388056} 1807.0 8528.0 8387.0 0.016811732443066652 5 30 21.0 0.0 0.016811732443066652 1
11 ec.gp.GPIndividual@1917139487{-115501995} 541.0 8328.0 8317.0 0.0013225922808705061 5 21 21.0 0.0 0.0013225922808705061 0
11 ec.gp.GPIndividual@1410293642{-1292798998} 173.0 13688.0 12802.0 0.06920793625995939 5 27 21.0 0.0 0.06920793625995939 0
11 ec.gp.GPIndividual@1554331303{1941751345} 212.0 10959.0 10054.0 0.09001392480604735 5 28 21.0 0.0 0.09001392480604735 0
11 ec.gp.GPIndividual@348938683{-241024448} 1208.0 8767.0 8387.0 0.04530821509478956 5 28 21.0 0.0 0.04530821509478956 0
11 ec.gp.GPIndividual@1410293642{-1292798998} 248.0 10597.0 10087.0 0.05056012689600476 5 27 21.0 0.0 0.05056012689600476 0
11 ec.gp.GPIndividual@589898300{658669920} 1863.0 8328.0 8317.0 0.0013225922808705061 5 27 21.0 0.0 0.0013225922808705061 1
11 ec.gp.GPIndividual@1351397698{-111367583} 221.0 10959.0 10054.0 0.09001392480604735 5 29 21.0 0.0 0.09001392480604735 0
11 ec.gp.GPIndividual@348938683{-241024448} 425.0 15314.0 14578.0 0.05048703525860886 5 28 21.0 0.0 0.05048703525860886 0
11 ec.gp.GPIndividual@1554331303{1941751345} 656.0 8767.0 8387.0 0.04530821509478956 5 28 21.0 0.0 0.04530821509478956 0
11 ec.gp.GPIndividual@1351397698{-111367583} 280.0 19584.0 8387.0 1.3350423274114702 5 29 21.0 0.0 1.3350423274114702 0
11 ec.gp.GPIndividual@1554331303{1941751345} 123.0 19584.0 14578.0 0.3433941555768967 5 28 21.0 0.0 0.3433941555768967 0
11 ec.gp.GPIndividual@1351397698{-111367583} 172.0 15613.0 14578.0 0.07099739333241871 5 29 21.0 0.0 0.07099739333241871 0
11 ec.gp.GPIndividual@1554331303{1941751345} 330.0 11658.0 10861.0 0.07338182487800386 5 28 21.0 0.0 0.07338182487800386 0
11 ec.gp.GPIndividual@348938683{-241024448} 635.0 11247.0 10861.0 0.03554000552435319 5 28 21.0 0.0 0.03554000552435319 0
11 ec.gp.GPIndividual@1351397698{-111367583} 346.0 11658.0 10861.0 0.07338182487800386 5 29 21.0 0.0 0.07338182487800386 0
11 ec.gp.GPIndividual@1631828606{-638388056} 1840.0 15186.0 14578.0 0.04170668130058993 5 30 21.0 0.0 0.04170668130058993 1
11 ec.gp.GPIndividual@1410293642{-1292798998} 1596.0 8328.0 8317.0 0.0013225922808705061 5 27 21.0 0.0 0.0013225922808705061 0
11 ec.gp.GPIndividual@1554331303{1941751345} 870.0 8347.0 8160.0 0.022916666666666665 5 28 21.0 0.0 0.022916666666666665 0
11 ec.gp.GPIndividual@348938683{-241024448} 850.0 8347.0 8160.0 0.022916666666666665 5 28 21.0 0.0 0.022916666666666665 0
11 ec.gp.GPIndividual@1554331303{1941751345} 80.0 19584.0 12802.0 0.52976097484768 5 28 21.0 0.0 0.52976097484768 0
11 ec.gp.GPIndividual@1631828606{-638388056} 470.0 11658.0 10861.0 0.07338182487800386 5 30 21.0 0.0 0.07338182487800386 1
11 ec.gp.GPIndividual@1351397698{-111367583} 798.0 10033.0 8160.0 0.22953431372549019 5 29 21.0 0.0 0.22953431372549019 0
11 ec.gp.GPIndividual@794414058{-74181849} 361.0 10959.0 10054.0 0.09001392480604735 5 21 21.0 0.0 0.09001392480604735 0
11 ec.gp.GPIndividual@1351397698{-111367583} 51.0 19584.0 12802.0 0.52976097484768 5 29 21.0 0.0 0.52976097484768 0
11 ec.gp.GPIndividual@1554331303{1941751345} 299.0 11159.0 10087.0 0.10627540398532764 5 28 21.0 0.0 0.10627540398532764 0
11 ec.gp.GPIndividual@348938683{-241024448} 347.0 13661.0 12802.0 0.06709889079831276 5 28 21.0 0.0 0.06709889079831276 0
11 ec.gp.GPIndividual@182143029{888957464} 2668.0 14697.0 14578.0 0.008162985320345727 5 28 21.0 0.0 0.008162985320345727 1
11 ec.gp.GPIndividual@1351397698{-111367583} 316.0 11159.0 10087.0 0.10627540398532764 5 29 21.0 0.0 0.10627540398532764 0
11 ec.gp.GPIndividual@1631828606{-638388056} 520.0 10033.0 8160.0 0.22953431372549019 5 30 21.0 0.0 0.22953431372549019 1
11 ec.gp.GPIndividual@182143029{888957464} 214.0 12100.0 10861.0 0.11407789337998343 5 28 21.0 0.0 0.11407789337998343 1
11 ec.gp.GPIndividual@348938683{-241024448} 553.0 10383.0 10087.0 0.02934470110042629 5 28 21.0 0.0 0.02934470110042629 0
11 ec.gp.GPIndividual@1554331303{1941751345} 1031.0 8328.0 8317.0 0.0013225922808705061 5 28 21.0 0.0 0.0013225922808705061 0
11 ec.gp.GPIndividual@348938683{-241024448} 556.0 8328.0 8317.0 0.0013225922808705061 5 28 21.0 0.0 0.0013225922808705061 0
11 ec.gp.GPIndividual@300252586{736575397} 0.0 109280.0 10054.0 1.0 5 18 21.0 0.0 1.0 0
11 ec.gp.GPIndividual@300252586{736575397} 0.0 109280.0 8387.0 1.0 5 18 21.0 0.0 1.0 0
11 ec.gp.GPIndividual@300252586{736575397} 0.0 109280.0 14578.0 1.0 5 18 21.0 0.0 1.0 0
11 ec.gp.GPIndividual@300252586{736575397} 0.0 109280.0 10861.0 1.0 5 18 21.0 0.0 1.0 0
11 ec.gp.GPIndividual@300252586{736575397} 0.0 109280.0 8160.0 1.0 5 18 21.0 0.0 1.0 0
11 ec.gp.GPIndividual@300252586{736575397} 0.0 109280.0 12802.0 1.0 5 18 21.0 0.0 1.0 0
11 ec.gp.GPIndividual@300252586{736575397} 0.0 109280.0 10087.0 1.0 5 18 21.0 0.0 1.0 0
11 ec.gp.GPIndividual@300252586{736575397} 0.0 109280.0 8317.0 1.0 5 18 21.0 0.0 1.0 0
11 ec.gp.GPIndividual@492186327{1684745153} 206.0 10959.0 10054.0 0.09001392480604735 5 24 21.0 0.0 0.09001392480604735 0
11 ec.gp.GPIndividual@182143029{888957464} 1000.0 8347.0 8160.0 0.022916666666666665 5 28 21.0 0.0 0.022916666666666665 1
11 ec.gp.GPIndividual@794414058{-74181849} 1580.0 8560.0 8387.0 0.020627161082627875 5 21 21.0 0.0 0.020627161082627875 0
11 ec.gp.GPIndividual@802747040{-1630825858} 211.0 10054.0 10054.0 0.0 5 28 21.0 0.0 0.0 1
11 ec.gp.GPIndividual@182143029{888957464} 311.0 14191.0 12802.0 0.1084986720824871 5 28 21.0 0.0 0.1084986720824871 1
11 ec.gp.GPIndividual@492186327{1684745153} 364.0 19584.0 8387.0 1.3350423274114702 5 24 21.0 0.0 1.3350423274114702 0
11 ec.gp.GPIndividual@794414058{-74181849} 317.0 15229.0 14578.0 0.04465633145836192 5 21 21.0 0.0 0.04465633145836192 0
11 ec.gp.GPIndividual@492186327{1684745153} 176.0 15613.0 14578.0 0.07099739333241871 5 24 21.0 0.0 0.07099739333241871 0
11 ec.gp.GPIndividual@1351397698{-111367583} 1758.0 8328.0 8317.0 0.0013225922808705061 5 29 21.0 0.0 0.0013225922808705061 0
11 ec.gp.GPIndividual@182143029{888957464} 446.0 10555.0 10087.0 0.04639635173986319 5 28 21.0 0.0 0.04639635173986319 1
11 ec.gp.GPIndividual@1631828606{-638388056} 1831.0 12802.0 12802.0 0.0 5 30 21.0 0.0 0.0 2
11 ec.gp.GPIndividual@492186327{1684745153} 334.0 11658.0 10861.0 0.07338182487800386 5 24 21.0 0.0 0.07338182487800386 0
11 ec.gp.GPIndividual@1631828606{-638388056} 195.0 11590.0 10087.0 0.14900366808763754 5 30 21.0 0.0 0.14900366808763754 2
11 ec.gp.GPIndividual@542676064{262706595} 689.0 10141.0 10054.0 0.008653272329421126 5 24 21.0 0.0 0.008653272329421126 0
11 ec.gp.GPIndividual@492186327{1684745153} 581.0 10033.0 8160.0 0.22953431372549019 5 24 21.0 0.0 0.22953431372549019 0
11 ec.gp.GPIndividual@1631828606{-638388056} 519.0 8328.0 8317.0 0.0013225922808705061 5 30 21.0 0.0 0.0013225922808705061 2
11 ec.gp.GPIndividual@492186327{1684745153} 81.0 19584.0 12802.0 0.52976097484768 5 24 21.0 0.0 0.52976097484768 0
11 ec.gp.GPIndividual@542676064{262706595} 486.0 13517.0 8387.0 0.611660903779659 5 24 21.0 0.0 0.611660903779659 0
11 ec.gp.GPIndividual@492186327{1684745153} 303.0 11159.0 10087.0 0.10627540398532764 5 24 21.0 0.0 0.10627540398532764 0
11 ec.gp.GPIndividual@1442543359{-546322810} 328.0 10054.0 10054.0 0.0 5 26 21.0 0.0 0.0 1
11 ec.gp.GPIndividual@802747040{-1630825858} 1831.0 8624.0 8387.0 0.028258018361750327 5 28 21.0 0.0 0.028258018361750327 1
11 ec.gp.GPIndividual@542676064{262706595} 213.0 15549.0 14578.0 0.06660721635340924 5 24 21.0 0.0 0.06660721635340924 0
11 ec.gp.GPIndividual@182143029{888957464} 1555.0 8328.0 8317.0 0.0013225922808705061 5 28 21.0 0.0 0.0013225922808705061 1
11 ec.gp.GPIndividual@802747040{-1630825858} 443.0 15314.0 14578.0 0.05048703525860886 5 28 21.0 0.0 0.05048703525860886 1
11 ec.gp.GPIndividual@794414058{-74181849} 1988.0 11066.0 10861.0 0.018874873400239387 5 21 21.0 0.0 0.018874873400239387 0
11 ec.gp.GPIndividual@492186327{1684745153} 853.0 8328.0 8317.0 0.0013225922808705061 5 24 21.0 0.0 0.0013225922808705061 0
11 ec.gp.GPIndividual@1754798379{1735944806} 0.0 17959.0 10054.0 0.7862542271732643 5 18 21.0 0.0 0.7862542271732643 0
11 ec.gp.GPIndividual@1754798379{1735944806} 0.0 17367.0 8387.0 1.070704661976869 5 18 21.0 0.0 1.070704661976869 0
11 ec.gp.GPIndividual@1754798379{1735944806} 0.0 18114.0 14578.0 0.24255727809027303 5 18 21.0 0.0 0.24255727809027303 0
11 ec.gp.GPIndividual@1754798379{1735944806} 0.0 16592.0 10861.0 0.5276678022281558 5 18 21.0 0.0 0.5276678022281558 0
11 ec.gp.GPIndividual@1754798379{1735944806} 0.0 17418.0 8160.0 1.1345588235294117 5 18 21.0 0.0 1.1345588235294117 0
11 ec.gp.GPIndividual@1754798379{1735944806} 0.0 16275.0 12802.0 0.2712857366036557 5 18 21.0 0.0 0.2712857366036557 0
11 ec.gp.GPIndividual@1754798379{1735944806} 0.0 15981.0 10087.0 0.5843164469118668 5 18 21.0 0.0 0.5843164469118668 0
11 ec.gp.GPIndividual@1754798379{1735944806} 0.0 17418.0 8317.0 1.0942647589274979 5 18 21.0 0.0 1.0942647589274979 0
11 ec.gp.GPIndividual@1312005110{-170269228} 525.0 9246.0 10054.0 0.08036602347324448 5 26 21.0 0.0 0.08036602347324448 0
11 ec.gp.GPIndividual@794414058{-74181849} 561.0 8564.0 8160.0 0.049509803921568625 5 21 21.0 0.0 0.049509803921568625 0
11 ec.gp.GPIndividual@802747040{-1630825858} 605.0 11247.0 10861.0 0.03554000552435319 5 28 21.0 0.0 0.03554000552435319 1
11 ec.gp.GPIndividual@542676064{262706595} 1423.0 11066.0 10861.0 0.018874873400239387 5 24 21.0 0.0 0.018874873400239387 0
11 ec.gp.GPIndividual@794414058{-74181849} 736.0 13012.0 12802.0 0.016403686923918137 5 21 21.0 0.0 0.016403686923918137 0
11 ec.gp.GPIndividual@1442543359{-546322810} 2055.0 8528.0 8387.0 0.016811732443066652 5 26 21.0 0.0 0.016811732443066652 1
11 ec.gp.GPIndividual@542676064{262706595} 503.0 8564.0 8160.0 0.049509803921568625 5 24 21.0 0.0 0.049509803921568625 0
11 ec.gp.GPIndividual@794414058{-74181849} 260.0 10597.0 10087.0 0.05056012689600476 5 21 21.0 0.0 0.05056012689600476 0
11 ec.gp.GPIndividual@802747040{-1630825858} 1075.0 8347.0 8160.0 0.022916666666666665 5 28 21.0 0.0 0.022916666666666665 1
11 ec.gp.GPIndividual@542676064{262706595} 167.0 13688.0 12802.0 0.06920793625995939 5 24 21.0 0.0 0.06920793625995939 0
11 ec.gp.GPIndividual@542676064{262706595} 140.0 10974.0 10087.0 0.08793496579756122 5 24 21.0 0.0 0.08793496579756122 0
11 ec.gp.GPIndividual@1442543359{-546322810} 338.0 15443.0 14578.0 0.05933598573192482 5 26 21.0 0.0 0.05933598573192482 1
11 ec.gp.GPIndividual@802747040{-1630825858} 608.0 13477.0 12802.0 0.052726136541165446 5 28 21.0 0.0 0.052726136541165446 1
11 ec.gp.GPIndividual@1442543359{-546322810} 580.0 11247.0 10861.0 0.03554000552435319 5 26 21.0 0.0 0.03554000552435319 1
11 ec.gp.GPIndividual@802747040{-1630825858} 544.0 10383.0 10087.0 0.02934470110042629 5 28 21.0 0.0 0.02934470110042629 1
11 ec.gp.GPIndividual@542676064{262706595} 1503.0 8328.0 8317.0 0.0013225922808705061 5 24 21.0 0.0 0.0013225922808705061 0
11 ec.gp.GPIndividual@794414058{-74181849} 1774.0 8328.0 8317.0 0.0013225922808705061 5 21 21.0 0.0 0.0013225922808705061 0
11 ec.gp.GPIndividual@1030758205{885014233} 213.0 10054.0 10054.0 0.0 5 28 21.0 0.0 0.0 1
11 ec.gp.GPIndividual@1312005110{-170269228} 3103.0 8528.0 8387.0 0.016811732443066652 5 26 21.0 0.0 0.016811732443066652 0
11 ec.gp.GPIndividual@1312005110{-170269228} 168.0 15613.0 14578.0 0.07099739333241871 5 26 21.0 0.0 0.07099739333241871 0
11 ec.gp.GPIndividual@573385380{1813775914} 405.0 10449.0 10054.0 0.03928784563357868 5 21 21.0 0.0 0.03928784563357868 0
11 ec.gp.GPIndividual@1312005110{-170269228} 216.0 12100.0 10861.0 0.11407789337998343 5 26 21.0 0.0 0.11407789337998343 0
11 ec.gp.GPIndividual@802747040{-1630825858} 1122.0 8328.0 8317.0 0.0013225922808705061 5 28 21.0 0.0 0.0013225922808705061 1
11 ec.gp.GPIndividual@1442543359{-546322810} 2411.0 8347.0 8160.0 0.022916666666666665 5 26 21.0 0.0 0.022916666666666665 1
11 ec.gp.GPIndividual@1442543359{-546322810} 157.0 13031.0 12802.0 0.01788783002655835 5 26 21.0 0.0 0.01788783002655835 1
11 ec.gp.GPIndividual@1312005110{-170269228} 1393.0 8347.0 8160.0 0.022916666666666665 5 26 21.0 0.0 0.022916666666666665 0
11 ec.gp.GPIndividual@573385380{1813775914} 1643.0 8528.0 8387.0 0.016811732443066652 5 21 21.0 0.0 0.016811732443066652 0
11 ec.gp.GPIndividual@1442543359{-546322810} 416.0 10555.0 10087.0 0.04639635173986319 5 26 21.0 0.0 0.04639635173986319 1
11 ec.gp.GPIndividual@573385380{1813775914} 440.0 15017.0 14578.0 0.03011387021539306 5 21 21.0 0.0 0.03011387021539306 0
11 ec.gp.GPIndividual@1030758205{885014233} 3594.0 8624.0 8387.0 0.028258018361750327 5 28 21.0 0.0 0.028258018361750327 1
11 ec.gp.GPIndividual@1312005110{-170269228} 1868.0 12802.0 12802.0 0.0 5 26 21.0 0.0 0.0 1
11 ec.gp.GPIndividual@1030758205{885014233} 205.0 15443.0 14578.0 0.05933598573192482 5 28 21.0 0.0 0.05933598573192482 1
11 ec.gp.GPIndividual@1030758205{885014233} 282.0 11658.0 10861.0 0.07338182487800386 5 28 21.0 0.0 0.07338182487800386 1
11 ec.gp.GPIndividual@1312005110{-170269228} 487.0 10383.0 10087.0 0.02934470110042629 5 26 21.0 0.0 0.02934470110042629 1
11 ec.gp.GPIndividual@1030758205{885014233} 754.0 8347.0 8160.0 0.022916666666666665 5 28 21.0 0.0 0.022916666666666665 1
11 ec.gp.GPIndividual@1442543359{-546322810} 3059.0 8328.0 8317.0 0.0013225922808705061 5 26 21.0 0.0 0.0013225922808705061 1
11 ec.gp.GPIndividual@606039478{-633416200} 348.0 10449.0 10054.0 0.03928784563357868 5 17 21.0 0.0 0.03928784563357868 0
11 ec.gp.GPIndividual@1312005110{-170269228} 1545.0 8328.0 8317.0 0.0013225922808705061 5 26 21.0 0.0 0.0013225922808705061 1
11 ec.gp.GPIndividual@573385380{1813775914} 3481.0 11066.0 10861.0 0.018874873400239387 5 21 21.0 0.0 0.018874873400239387 0
11 ec.gp.GPIndividual@606039478{-633416200} 1170.0 8560.0 8387.0 0.020627161082627875 5 17 21.0 0.0 0.020627161082627875 0
11 ec.gp.GPIndividual@573385380{1813775914} 742.0 8446.0 8160.0 0.03504901960784314 5 21 21.0 0.0 0.03504901960784314 0
11 ec.gp.GPIndividual@573385380{1813775914} 78.0 14590.0 12802.0 0.13966567723793158 5 21 21.0 0.0 0.13966567723793158 0
11 ec.gp.GPIndividual@606039478{-633416200} 164.0 15613.0 14578.0 0.07099739333241871 5 17 21.0 0.0 0.07099739333241871 0
11 ec.gp.GPIndividual@606039478{-633416200} 367.0 11066.0 10861.0 0.018874873400239387 5 17 21.0 0.0 0.018874873400239387 0
11 ec.gp.GPIndividual@573385380{1813775914} 428.0 10407.0 10087.0 0.03172400118965005 5 21 21.0 0.0 0.03172400118965005 0
11 ec.gp.GPIndividual@1030758205{885014233} 2769.0 12802.0 12802.0 0.0 5 28 21.0 0.0 0.0 2
11 ec.gp.GPIndividual@1030758205{885014233} 249.0 11159.0 10087.0 0.10627540398532764 5 28 21.0 0.0 0.10627540398532764 2
11 ec.gp.GPIndividual@606039478{-633416200} 1694.0 8648.0 8160.0 0.059803921568627454 5 17 21.0 0.0 0.059803921568627454 0
11 ec.gp.GPIndividual@606039478{-633416200} 73.0 16275.0 12802.0 0.2712857366036557 5 17 21.0 0.0 0.2712857366036557 0
11 ec.gp.GPIndividual@606039478{-633416200} 306.0 10484.0 10087.0 0.03935758897590959 5 17 21.0 0.0 0.03935758897590959 0
11 ec.gp.GPIndividual@573385380{1813775914} 3104.0 8328.0 8317.0 0.0013225922808705061 5 21 21.0 0.0 0.0013225922808705061 0
11 ec.gp.GPIndividual@606039478{-633416200} 1303.0 8328.0 8317.0 0.0013225922808705061 5 17 21.0 0.0 0.0013225922808705061 0
11 ec.gp.GPIndividual@631434723{-240788242} 0.0 99798.0 10054.0 0.8561766461110006 3 5 21.0 0.0 0.8561766461110006 0
11 ec.gp.GPIndividual@631434723{-240788242} 0.0 99798.0 8387.0 0.8275903183498271 3 5 21.0 0.0 0.8275903183498271 0
11 ec.gp.GPIndividual@631434723{-240788242} 0.0 99972.0 14578.0 0.8888736452188228 3 5 21.0 0.0 0.8888736452188228 0
11 ec.gp.GPIndividual@631434723{-240788242} 0.0 99798.0 10861.0 0.8668630881134334 3 5 21.0 0.0 0.8668630881134334 0
11 ec.gp.GPIndividual@631434723{-240788242} 0.0 99798.0 8160.0 0.8227941176470588 3 5 21.0 0.0 0.8227941176470588 0
11 ec.gp.GPIndividual@631434723{-240788242} 0.0 99798.0 12802.0 0.8870488986095922 3 5 21.0 0.0 0.8870488986095922 0
11 ec.gp.GPIndividual@631434723{-240788242} 0.0 99798.0 10087.0 0.8566471696242689 3 5 21.0 0.0 0.8566471696242689 0
11 ec.gp.GPIndividual@631434723{-240788242} 0.0 99798.0 8317.0 0.8261392328964771 3 5 21.0 0.0 0.8261392328964771 0
11 ec.gp.GPIndividual@1216332831{885014233} 428.0 9246.0 10054.0 0.08036602347324448 5 28 21.0 0.0 0.08036602347324448 0
11 ec.gp.GPIndividual@1506685795{-345956846} 431.0 9246.0 10054.0 0.08036602347324448 5 15 21.0 0.0 0.08036602347324448 0
11 ec.gp.GPIndividual@1030758205{885014233} 3063.0 8328.0 8317.0 0.0013225922808705061 5 28 21.0 0.0 0.0013225922808705061 2
11 ec.gp.GPIndividual@1506685795{-345956846} 311.0 8624.0 8387.0 0.028258018361750327 5 15 21.0 0.0 0.028258018361750327 0
11 ec.gp.GPIndividual@1506685795{-345956846} 187.0 15443.0 14578.0 0.05933598573192482 5 15 21.0 0.0 0.05933598573192482 0
11 ec.gp.GPIndividual@1216332831{885014233} 831.0 8560.0 8387.0 0.020627161082627875 5 28 21.0 0.0 0.020627161082627875 0
11 ec.gp.GPIndividual@1216332831{885014233} 192.0 15443.0 14578.0 0.05933598573192482 5 28 21.0 0.0 0.05933598573192482 0
11 ec.gp.GPIndividual@1216332831{885014233} 284.0 11658.0 10861.0 0.07338182487800386 5 28 21.0 0.0 0.07338182487800386 0
11 ec.gp.GPIndividual@1216332831{885014233} 671.0 8347.0 8160.0 0.022916666666666665 5 28 21.0 0.0 0.022916666666666665 0
11 ec.gp.GPIndividual@1216332831{885014233} 169.0 13688.0 12802.0 0.06920793625995939 5 28 21.0 0.0 0.06920793625995939 0
11 ec.gp.GPIndividual@1216332831{885014233} 244.0 11159.0 10087.0 0.10627540398532764 5 28 21.0 0.0 0.10627540398532764 0
11 ec.gp.GPIndividual@1216332831{885014233} 4577.0 8328.0 8317.0 0.0013225922808705061 5 28 21.0 0.0 0.0013225922808705061 0
11 ec.gp.GPIndividual@2110552819{-1820022228} 36.0 11217.0 10054.0 0.1156753530932962 5 11 21.0 0.0 0.1156753530932962 0
11 ec.gp.GPIndividual@2110552819{-1820022228} 270.0 8767.0 8387.0 0.04530821509478956 5 11 21.0 0.0 0.04530821509478956 0
11 ec.gp.GPIndividual@1506685795{-345956846} 6580.0 11028.0 10861.0 0.015376116379707209 5 15 21.0 0.0 0.015376116379707209 0
11 ec.gp.GPIndividual@2110552819{-1820022228} 79.0 15549.0 14578.0 0.06660721635340924 5 11 21.0 0.0 0.06660721635340924 0
11 ec.gp.GPIndividual@2110552819{-1820022228} 108.0 11280.0 10861.0 0.03857839977902587 5 11 21.0 0.0 0.03857839977902587 0
11 ec.gp.GPIndividual@2110552819{-1820022228} 418.0 8564.0 8160.0 0.049509803921568625 5 11 21.0 0.0 0.049509803921568625 0
11 ec.gp.GPIndividual@2110552819{-1820022228} 97.0 13688.0 12802.0 0.06920793625995939 5 11 21.0 0.0 0.06920793625995939 0
11 ec.gp.GPIndividual@1506685795{-345956846} 673.0 8347.0 8160.0 0.022916666666666665 5 15 21.0 0.0 0.022916666666666665 0
11 ec.gp.GPIndividual@2110552819{-1820022228} 110.0 10974.0 10087.0 0.08793496579756122 5 11 21.0 0.0 0.08793496579756122 0
11 ec.gp.GPIndividual@1506685795{-345956846} 222.0 13661.0 12802.0 0.06709889079831276 5 15 21.0 0.0 0.06709889079831276 0
11 ec.gp.GPIndividual@2110552819{-1820022228} 355.0 8328.0 8317.0 0.0013225922808705061 5 11 21.0 0.0 0.0013225922808705061 0
11 ec.gp.GPIndividual@1506685795{-345956846} 249.0 11159.0 10087.0 0.10627540398532764 5 15 21.0 0.0 0.10627540398532764 0
11 ec.gp.GPIndividual@1506685795{-345956846} 8825.0 8328.0 8317.0 0.0013225922808705061 5 15 21.0 0.0 0.0013225922808705061 0
12 ec.gp.GPIndividual@1460464171{-2098399958} 0.0 109280.0 10054.0 1.0 2 3 21.0 0.0 1.0 0
12 ec.gp.GPIndividual@1460464171{-2098399958} 0.0 109280.0 8387.0 1.0 2 3 21.0 0.0 1.0 0
12 ec.gp.GPIndividual@1460464171{-2098399958} 0.0 109280.0 14578.0 1.0 2 3 21.0 0.0 1.0 0
12 ec.gp.GPIndividual@1460464171{-2098399958} 0.0 109280.0 10861.0 1.0 2 3 21.0 0.0 1.0 0
12 ec.gp.GPIndividual@1460464171{-2098399958} 0.0 109280.0 8160.0 1.0 2 3 21.0 0.0 1.0 0
12 ec.gp.GPIndividual@1460464171{-2098399958} 0.0 109280.0 12802.0 1.0 2 3 21.0 0.0 1.0 0
12 ec.gp.GPIndividual@1460464171{-2098399958} 0.0 109280.0 10087.0 1.0 2 3 21.0 0.0 1.0 0
12 ec.gp.GPIndividual@1460464171{-2098399958} 0.0 109280.0 8317.0 1.0 2 3 21.0 0.0 1.0 0
12 ec.gp.GPIndividual@1186713797{1127853568} 44.0 11217.0 10054.0 0.1156753530932962 5 20 21.0 0.0 0.1156753530932962 0
12 ec.gp.GPIndividual@869684197{869317654} 215.0 10959.0 10054.0 0.09001392480604735 5 21 21.0 0.0 0.09001392480604735 0
12 ec.gp.GPIndividual@424876734{-324102849} 313.0 10054.0 10054.0 0.0 5 21 21.0 0.0 0.0 1
12 ec.gp.GPIndividual@1186713797{1127853568} 300.0 13517.0 8387.0 0.611660903779659 5 20 21.0 0.0 0.611660903779659 0
12 ec.gp.GPIndividual@1505542929{1361031910} 367.0 10054.0 10054.0 0.0 5 26 21.0 0.0 0.0 1
12 ec.gp.GPIndividual@1186713797{1127853568} 68.0 15644.0 14578.0 0.07312388530662642 5 20 21.0 0.0 0.07312388530662642 0
12 ec.gp.GPIndividual@136400801{99376973} 429.0 10959.0 10054.0 0.09001392480604735 5 27 21.0 0.0 0.09001392480604735 0
12 ec.gp.GPIndividual@1186713797{1127853568} 126.0 11280.0 10861.0 0.03857839977902587 5 20 21.0 0.0 0.03857839977902587 0
12 ec.gp.GPIndividual@170879366{-1269059560} 600.0 10959.0 10054.0 0.09001392480604735 5 21 21.0 0.0 0.09001392480604735 0
12 ec.gp.GPIndividual@869684197{869317654} 450.0 19584.0 8387.0 1.3350423274114702 5 21 21.0 0.0 1.3350423274114702 0
12 ec.gp.GPIndividual@136400801{99376973} 287.0 13517.0 8387.0 0.611660903779659 5 27 21.0 0.0 0.611660903779659 0
12 ec.gp.GPIndividual@869684197{869317654} 122.0 19584.0 14578.0 0.3433941555768967 5 21 21.0 0.0 0.3433941555768967 0
12 ec.gp.GPIndividual@136400801{99376973} 309.0 15229.0 14578.0 0.04465633145836192 5 27 21.0 0.0 0.04465633145836192 0
12 ec.gp.GPIndividual@1186713797{1127853568} 511.0 8564.0 8160.0 0.049509803921568625 5 20 21.0 0.0 0.049509803921568625 0
12 ec.gp.GPIndividual@1186713797{1127853568} 36.0 14590.0 12802.0 0.13966567723793158 5 20 21.0 0.0 0.13966567723793158 0
12 ec.gp.GPIndividual@1186713797{1127853568} 132.0 10974.0 10087.0 0.08793496579756122 5 20 21.0 0.0 0.08793496579756122 0
12 ec.gp.GPIndividual@869684197{869317654} 619.0 11247.0 10861.0 0.03554000552435319 5 21 21.0 0.0 0.03554000552435319 0
12 ec.gp.GPIndividual@1186713797{1127853568} 464.0 8328.0 8317.0 0.0013225922808705061 5 20 21.0 0.0 0.0013225922808705061 0
12 ec.gp.GPIndividual@1751528599{1114840230} 195.0 10449.0 10054.0 0.03928784563357868 5 28 21.0 0.0 0.03928784563357868 0
12 ec.gp.GPIndividual@170879366{-1269059560} 1315.0 8560.0 8387.0 0.020627161082627875 5 21 21.0 0.0 0.020627161082627875 0
12 ec.gp.GPIndividual@869684197{869317654} 571.0 10033.0 8160.0 0.22953431372549019 5 21 21.0 0.0 0.22953431372549019 0
12 ec.gp.GPIndividual@170879366{-1269059560} 108.0 19584.0 14578.0 0.3433941555768967 5 21 21.0 0.0 0.3433941555768967 0
12 ec.gp.GPIndividual@1505542929{1361031910} 1770.0 8634.0 8387.0 0.02945033981161321 5 26 21.0 0.0 0.02945033981161321 1
12 ec.gp.GPIndividual@1751528599{1114840230} 291.0 18390.0 8387.0 1.1926791462978419 5 28 21.0 0.0 1.1926791462978419 0
12 ec.gp.GPIndividual@1751528599{1114840230} 87.0 18619.0 14578.0 0.2771985183152696 5 28 21.0 0.0 0.2771985183152696 0
12 ec.gp.GPIndividual@136400801{99376973} 1392.0 11066.0 10861.0 0.018874873400239387 5 27 21.0 0.0 0.018874873400239387 0
12 ec.gp.GPIndividual@869684197{869317654} 661.0 13477.0 12802.0 0.052726136541165446 5 21 21.0 0.0 0.052726136541165446 0
12 ec.gp.GPIndividual@1751528599{1114840230} 638.0 11247.0 10861.0 0.03554000552435319 5 28 21.0 0.0 0.03554000552435319 0
12 ec.gp.GPIndividual@869684197{869317654} 259.0 11590.0 10087.0 0.14900366808763754 5 21 21.0 0.0 0.14900366808763754 0
12 ec.gp.GPIndividual@170879366{-1269059560} 923.0 11066.0 10861.0 0.018874873400239387 5 21 21.0 0.0 0.018874873400239387 0
12 ec.gp.GPIndividual@424876734{-324102849} 2854.0 8560.0 8387.0 0.020627161082627875 5 21 21.0 0.0 0.020627161082627875 1
12 ec.gp.GPIndividual@136400801{99376973} 857.0 8446.0 8160.0 0.03504901960784314 5 27 21.0 0.0 0.03504901960784314 0
12 ec.gp.GPIndividual@424876734{-324102849} 171.0 14697.0 14578.0 0.008162985320345727 5 21 21.0 0.0 0.008162985320345727 1
12 ec.gp.GPIndividual@136400801{99376973} 76.0 14590.0 12802.0 0.13966567723793158 5 27 21.0 0.0 0.13966567723793158 0
12 ec.gp.GPIndividual@1505542929{1361031910} 1264.0 15186.0 14578.0 0.04170668130058993 5 26 21.0 0.0 0.04170668130058993 1
12 ec.gp.GPIndividual@136400801{99376973} 393.0 10482.0 10087.0 0.039159313968474274 5 27 21.0 0.0 0.039159313968474274 0
12 ec.gp.GPIndividual@424876734{-324102849} 448.0 11444.0 10861.0 0.05367829849921738 5 21 21.0 0.0 0.05367829849921738 1
12 ec.gp.GPIndividual@1505542929{1361031910} 455.0 11444.0 10861.0 0.05367829849921738 5 26 21.0 0.0 0.05367829849921738 1
12 ec.gp.GPIndividual@1751528599{1114840230} 1641.0 8347.0 8160.0 0.022916666666666665 5 28 21.0 0.0 0.022916666666666665 0
12 ec.gp.GPIndividual@869684197{869317654} 1657.0 8328.0 8317.0 0.0013225922808705061 5 21 21.0 0.0 0.0013225922808705061 0
12 ec.gp.GPIndividual@1177766710{1704267149} 0.0 91726.0 10054.0 0.572110602745176 5 20 21.0 0.0 0.572110602745176 0
12 ec.gp.GPIndividual@1177766710{1704267149} 0.0 91726.0 8387.0 0.4870633122689877 5 20 21.0 0.0 0.4870633122689877 0
12 ec.gp.GPIndividual@1177766710{1704267149} 0.0 92343.0 14578.0 0.6625737412539443 5 20 21.0 0.0 0.6625737412539443 0
12 ec.gp.GPIndividual@1177766710{1704267149} 0.0 91726.0 10861.0 0.6039038762544885 5 20 21.0 0.0 0.6039038762544885 0
12 ec.gp.GPIndividual@1177766710{1704267149} 0.0 91726.0 8160.0 0.4727941176470588 5 20 21.0 0.0 0.4727941176470588 0
12 ec.gp.GPIndividual@1177766710{1704267149} 0.0 92343.0 12802.0 0.6157631620059366 5 20 21.0 0.0 0.6157631620059366 0
12 ec.gp.GPIndividual@1177766710{1704267149} 0.0 91726.0 10087.0 0.5735104590066422 5 20 21.0 0.0 0.5735104590066422 0
12 ec.gp.GPIndividual@1177766710{1704267149} 0.0 91726.0 8317.0 0.48274618251773477 5 20 21.0 0.0 0.48274618251773477 0
12 ec.gp.GPIndividual@170879366{-1269059560} 1749.0 8347.0 8160.0 0.022916666666666665 5 21 21.0 0.0 0.022916666666666665 0
12 ec.gp.GPIndividual@1751528599{1114840230} 163.0 13688.0 12802.0 0.06920793625995939 5 28 21.0 0.0 0.06920793625995939 0
12 ec.gp.GPIndividual@1505542929{1361031910} 1095.0 8347.0 8160.0 0.022916666666666665 5 26 21.0 0.0 0.022916666666666665 1
12 ec.gp.GPIndividual@170879366{-1269059560} 292.0 13661.0 12802.0 0.06709889079831276 5 21 21.0 0.0 0.06709889079831276 0
12 ec.gp.GPIndividual@1788854709{497646128} 452.0 10423.0 10054.0 0.036701810224786156 5 19 21.0 0.0 0.036701810224786156 0
12 ec.gp.GPIndividual@424876734{-324102849} 1258.0 8347.0 8160.0 0.022916666666666665 5 21 21.0 0.0 0.022916666666666665 1
12 ec.gp.GPIndividual@136400801{99376973} 1310.0 8328.0 8317.0 0.0013225922808705061 5 27 21.0 0.0 0.0013225922808705061 0
12 ec.gp.GPIndividual@1505542929{1361031910} 297.0 13661.0 12802.0 0.06709889079831276 5 26 21.0 0.0 0.06709889079831276 1
12 ec.gp.GPIndividual@1751528599{1114840230} 572.0 10383.0 10087.0 0.02934470110042629 5 28 21.0 0.0 0.02934470110042629 0
12 ec.gp.GPIndividual@424876734{-324102849} 294.0 13661.0 12802.0 0.06709889079831276 5 21 21.0 0.0 0.06709889079831276 1
12 ec.gp.GPIndividual@987657907{-2115262143} 430.0 10449.0 10054.0 0.03928784563357868 5 15 21.0 0.0 0.03928784563357868 0
12 ec.gp.GPIndividual@1788854709{497646128} 648.0 8767.0 8387.0 0.04530821509478956 5 19 21.0 0.0 0.04530821509478956 0
12 ec.gp.GPIndividual@1505542929{1361031910} 416.0 11159.0 10087.0 0.10627540398532764 5 26 21.0 0.0 0.10627540398532764 1
12 ec.gp.GPIndividual@424876734{-324102849} 376.0 11159.0 10087.0 0.10627540398532764 5 21 21.0 0.0 0.10627540398532764 1
12 ec.gp.GPIndividual@1788854709{497646128} 308.0 15229.0 14578.0 0.04465633145836192 5 19 21.0 0.0 0.04465633145836192 0
12 ec.gp.GPIndividual@987657907{-2115262143} 1269.0 8560.0 8387.0 0.020627161082627875 5 15 21.0 0.0 0.020627161082627875 0
12 ec.gp.GPIndividual@170879366{-1269059560} 1832.0 10087.0 10087.0 0.0 5 21 21.0 0.0 0.0 1
12 ec.gp.GPIndividual@1788854709{497646128} 903.0 11028.0 10861.0 0.015376116379707209 5 19 21.0 0.0 0.015376116379707209 0
12 ec.gp.GPIndividual@987657907{-2115262143} 307.0 15443.0 14578.0 0.05933598573192482 5 15 21.0 0.0 0.05933598573192482 0
12 ec.gp.GPIndividual@987657907{-2115262143} 457.0 11444.0 10861.0 0.05367829849921738 5 15 21.0 0.0 0.05367829849921738 0
12 ec.gp.GPIndividual@424876734{-324102849} 1955.0 8328.0 8317.0 0.0013225922808705061 5 21 21.0 0.0 0.0013225922808705061 1
12 ec.gp.GPIndividual@1390439226{-529344579} 40.0 11217.0 10054.0 0.1156753530932962 5 9 21.0 0.0 0.1156753530932962 0
12 ec.gp.GPIndividual@1751528599{1114840230} 2591.0 8328.0 8317.0 0.0013225922808705061 5 28 21.0 0.0 0.0013225922808705061 0
12 ec.gp.GPIndividual@1788854709{497646128} 1032.0 8446.0 8160.0 0.03504901960784314 5 19 21.0 0.0 0.03504901960784314 0
12 ec.gp.GPIndividual@1788854709{497646128} 44.0 14590.0 12802.0 0.13966567723793158 5 19 21.0 0.0 0.13966567723793158 0
12 ec.gp.GPIndividual@151106794{-285262890} 94.0 10822.0 10054.0 0.07638750745971752 5 26 21.0 0.0 0.07638750745971752 0
12 ec.gp.GPIndividual@1390439226{-529344579} 288.0 13517.0 8387.0 0.611660903779659 5 9 21.0 0.0 0.611660903779659 0
12 ec.gp.GPIndividual@170879366{-1269059560} 1205.0 8328.0 8317.0 0.0013225922808705061 5 21 21.0 0.0 0.0013225922808705061 1
12 ec.gp.GPIndividual@1390439226{-529344579} 75.0 15644.0 14578.0 0.07312388530662642 5 9 21.0 0.0 0.07312388530662642 0
12 ec.gp.GPIndividual@1505542929{1361031910} 2468.0 8328.0 8317.0 0.0013225922808705061 5 26 21.0 0.0 0.0013225922808705061 1
12 ec.gp.GPIndividual@1390439226{-529344579} 139.0 11280.0 10861.0 0.03857839977902587 5 9 21.0 0.0 0.03857839977902587 0
12 ec.gp.GPIndividual@2098794689{914314057} 194.0 10959.0 10054.0 0.09001392480604735 5 24 21.0 0.0 0.09001392480604735 0
12 ec.gp.GPIndividual@1788854709{497646128} 397.0 10482.0 10087.0 0.039159313968474274 5 19 21.0 0.0 0.039159313968474274 0
12 ec.gp.GPIndividual@1894797733{1312713772} 357.0 10054.0 10054.0 0.0 5 23 21.0 0.0 0.0 1
12 ec.gp.GPIndividual@2098794689{914314057} 431.0 19584.0 8387.0 1.3350423274114702 5 24 21.0 0.0 1.3350423274114702 0
12 ec.gp.GPIndividual@1390439226{-529344579} 505.0 8564.0 8160.0 0.049509803921568625 5 9 21.0 0.0 0.049509803921568625 0
12 ec.gp.GPIndividual@2098794689{914314057} 90.0 19584.0 14578.0 0.3433941555768967 5 24 21.0 0.0 0.3433941555768967 0
12 ec.gp.GPIndividual@1390439226{-529344579} 37.0 14590.0 12802.0 0.13966567723793158 5 9 21.0 0.0 0.13966567723793158 0
12 ec.gp.GPIndividual@1788854709{497646128} 474.0 8328.0 8317.0 0.0013225922808705061 5 19 21.0 0.0 0.0013225922808705061 0
12 ec.gp.GPIndividual@1390439226{-529344579} 132.0 10974.0 10087.0 0.08793496579756122 5 9 21.0 0.0 0.08793496579756122 0
12 ec.gp.GPIndividual@1122425996{795813622} 202.0 10959.0 10054.0 0.09001392480604735 5 26 21.0 0.0 0.09001392480604735 0
12 ec.gp.GPIndividual@2098794689{914314057} 342.0 11658.0 10861.0 0.07338182487800386 5 24 21.0 0.0 0.07338182487800386 0
12 ec.gp.GPIndividual@1390439226{-529344579} 473.0 8328.0 8317.0 0.0013225922808705061 5 9 21.0 0.0 0.0013225922808705061 0
12 ec.gp.GPIndividual@1686704709{1633795046} 217.0 10959.0 10054.0 0.09001392480604735 5 21 21.0 0.0 0.09001392480604735 0
12 ec.gp.GPIndividual@1122425996{795813622} 657.0 8767.0 8387.0 0.04530821509478956 5 26 21.0 0.0 0.04530821509478956 0
12 ec.gp.GPIndividual@2098794689{914314057} 643.0 10033.0 8160.0 0.22953431372549019 5 24 21.0 0.0 0.22953431372549019 0
12 ec.gp.GPIndividual@987657907{-2115262143} 2220.0 8347.0 8160.0 0.022916666666666665 5 15 21.0 0.0 0.022916666666666665 0
12 ec.gp.GPIndividual@1122425996{795813622} 93.0 19584.0 14578.0 0.3433941555768967 5 26 21.0 0.0 0.3433941555768967 0
12 ec.gp.GPIndividual@2098794689{914314057} 159.0 13688.0 12802.0 0.06920793625995939 5 24 21.0 0.0 0.06920793625995939 0
12 ec.gp.GPIndividual@151106794{-285262890} 2065.0 8561.0 8387.0 0.020746393227614165 5 26 21.0 0.0 0.020746393227614165 0
12 ec.gp.GPIndividual@987657907{-2115262143} 298.0 13661.0 12802.0 0.06709889079831276 5 15 21.0 0.0 0.06709889079831276 0
12 ec.gp.GPIndividual@1122425996{795813622} 353.0 11658.0 10861.0 0.07338182487800386 5 26 21.0 0.0 0.07338182487800386 0
12 ec.gp.GPIndividual@2098794689{914314057} 301.0 11159.0 10087.0 0.10627540398532764 5 24 21.0 0.0 0.10627540398532764 0
12 ec.gp.GPIndividual@1686704709{1633795046} 632.0 8767.0 8387.0 0.04530821509478956 5 21 21.0 0.0 0.04530821509478956 0
12 ec.gp.GPIndividual@987657907{-2115262143} 182.0 11590.0 10087.0 0.14900366808763754 5 15 21.0 0.0 0.14900366808763754 0
12 ec.gp.GPIndividual@1686704709{1633795046} 167.0 15549.0 14578.0 0.06660721635340924 5 21 21.0 0.0 0.06660721635340924 0
12 ec.gp.GPIndividual@151106794{-285262890} 419.0 15314.0 14578.0 0.05048703525860886 5 26 21.0 0.0 0.05048703525860886 0
12 ec.gp.GPIndividual@1686704709{1633795046} 326.0 11066.0 10861.0 0.018874873400239387 5 21 21.0 0.0 0.018874873400239387 0
12 ec.gp.GPIndividual@1122425996{795813622} 826.0 8347.0 8160.0 0.022916666666666665 5 26 21.0 0.0 0.022916666666666665 0
12 ec.gp.GPIndividual@1122425996{795813622} 69.0 19584.0 12802.0 0.52976097484768 5 26 21.0 0.0 0.52976097484768 0
12 ec.gp.GPIndividual@151106794{-285262890} 636.0 11247.0 10861.0 0.03554000552435319 5 26 21.0 0.0 0.03554000552435319 0
12 ec.gp.GPIndividual@1894797733{1312713772} 2814.0 8528.0 8387.0 0.016811732443066652 5 23 21.0 0.0 0.016811732443066652 1
12 ec.gp.GPIndividual@1122425996{795813622} 294.0 11159.0 10087.0 0.10627540398532764 5 26 21.0 0.0 0.10627540398532764 0
12 ec.gp.GPIndividual@2098794689{914314057} 1362.0 8328.0 8317.0 0.0013225922808705061 5 24 21.0 0.0 0.0013225922808705061 0
12 ec.gp.GPIndividual@1202399973{-1926940369} 0.0 104262.0 10054.0 0.9556395464491745 5 18 21.0 0.0 0.9556395464491745 0
12 ec.gp.GPIndividual@1202399973{-1926940369} 0.0 104262.0 8387.0 0.9468224633361154 5 18 21.0 0.0 0.9468224633361154 0
12 ec.gp.GPIndividual@1202399973{-1926940369} 0.0 104262.0 14578.0 0.9694059541775277 5 18 21.0 0.0 0.9694059541775277 0
12 ec.gp.GPIndividual@1202399973{-1926940369} 0.0 104262.0 10861.0 0.9589356412853328 5 18 21.0 0.0 0.9589356412853328 0
12 ec.gp.GPIndividual@1202399973{-1926940369} 0.0 104262.0 8160.0 0.9453431372549019 5 18 21.0 0.0 0.9453431372549019 0
12 ec.gp.GPIndividual@1202399973{-1926940369} 0.0 104262.0 12802.0 0.9651616934853929 5 18 21.0 0.0 0.9651616934853929 0
12 ec.gp.GPIndividual@1202399973{-1926940369} 0.0 104262.0 10087.0 0.9557846733419253 5 18 21.0 0.0 0.9557846733419253 0
12 ec.gp.GPIndividual@1202399973{-1926940369} 0.0 104262.0 8317.0 0.9463748947937959 5 18 21.0 0.0 0.9463748947937959 0
12 ec.gp.GPIndividual@1686704709{1633795046} 859.0 8446.0 8160.0 0.03504901960784314 5 21 21.0 0.0 0.03504901960784314 0
12 ec.gp.GPIndividual@1894797733{1312713772} 316.0 15443.0 14578.0 0.05933598573192482 5 23 21.0 0.0 0.05933598573192482 1
12 ec.gp.GPIndividual@1686704709{1633795046} 78.0 14590.0 12802.0 0.13966567723793158 5 21 21.0 0.0 0.13966567723793158 0
12 ec.gp.GPIndividual@797875522{497646128} 108.0 11217.0 10054.0 0.1156753530932962 5 19 21.0 0.0 0.1156753530932962 0
12 ec.gp.GPIndividual@1894797733{1312713772} 221.0 12100.0 10861.0 0.11407789337998343 5 23 21.0 0.0 0.11407789337998343 1
12 ec.gp.GPIndividual@1122425996{795813622} 546.0 8328.0 8317.0 0.0013225922808705061 5 26 21.0 0.0 0.0013225922808705061 0
12 ec.gp.GPIndividual@1686704709{1633795046} 262.0 10597.0 10087.0 0.05056012689600476 5 21 21.0 0.0 0.05056012689600476 0
12 ec.gp.GPIndividual@1127147086{-1712528064} 515.0 9246.0 10054.0 0.08036602347324448 5 28 21.0 0.0 0.08036602347324448 0
12 ec.gp.GPIndividual@1894797733{1312713772} 542.0 10033.0 8160.0 0.22953431372549019 5 23 21.0 0.0 0.22953431372549019 1
12 ec.gp.GPIndividual@1686704709{1633795046} 567.0 8328.0 8317.0 0.0013225922808705061 5 21 21.0 0.0 0.0013225922808705061 0
12 ec.gp.GPIndividual@1127147086{-1712528064} 111.0 8448.0 8387.0 0.007273160844163586 5 28 21.0 0.0 0.007273160844163586 0
12 ec.gp.GPIndividual@1894797733{1312713772} 216.0 13031.0 12802.0 0.01788783002655835 5 23 21.0 0.0 0.01788783002655835 1
12 ec.gp.GPIndividual@987657907{-2115262143} 2437.0 8328.0 8317.0 0.0013225922808705061 5 15 21.0 0.0 0.0013225922808705061 0
12 ec.gp.GPIndividual@797875522{497646128} 1259.0 8560.0 8387.0 0.020627161082627875 5 19 21.0 0.0 0.020627161082627875 0
12 ec.gp.GPIndividual@1894797733{1312713772} 416.0 10555.0 10087.0 0.04639635173986319 5 23 21.0 0.0 0.04639635173986319 1
12 ec.gp.GPIndividual@797875522{497646128} 130.0 15644.0 14578.0 0.07312388530662642 5 19 21.0 0.0 0.07312388530662642 0
12 ec.gp.GPIndividual@304287648{1364209290} 481.0 9246.0 10054.0 0.08036602347324448 5 26 21.0 0.0 0.08036602347324448 0
12 ec.gp.GPIndividual@1127147086{-1712528064} 829.0 14697.0 14578.0 0.008162985320345727 5 28 21.0 0.0 0.008162985320345727 0
12 ec.gp.GPIndividual@151106794{-285262890} 2297.0 8347.0 8160.0 0.022916666666666665 5 26 21.0 0.0 0.022916666666666665 0
12 ec.gp.GPIndividual@304287648{1364209290} 350.0 8448.0 8387.0 0.007273160844163586 5 26 21.0 0.0 0.007273160844163586 0
12 ec.gp.GPIndividual@1894797733{1312713772} 504.0 8328.0 8317.0 0.0013225922808705061 5 23 21.0 0.0 0.0013225922808705061 1
12 ec.gp.GPIndividual@1127147086{-1712528064} 215.0 12100.0 10861.0 0.11407789337998343 5 28 21.0 0.0 0.11407789337998343 0
12 ec.gp.GPIndividual@304287648{1364209290} 234.0 15443.0 14578.0 0.05933598573192482 5 26 21.0 0.0 0.05933598573192482 0
12 ec.gp.GPIndividual@540681582{-759841004} 415.0 10449.0 10054.0 0.03928784563357868 5 26 21.0 0.0 0.03928784563357868 0
12 ec.gp.GPIndividual@304287648{1364209290} 336.0 11658.0 10861.0 0.07338182487800386 5 26 21.0 0.0 0.07338182487800386 0
12 ec.gp.GPIndividual@304287648{1364209290} 809.0 8347.0 8160.0 0.022916666666666665 5 26 21.0 0.0 0.022916666666666665 0
12 ec.gp.GPIndividual@797875522{497646128} 1877.0 11066.0 10861.0 0.018874873400239387 5 19 21.0 0.0 0.018874873400239387 0
12 ec.gp.GPIndividual@540681582{-759841004} 1034.0 8767.0 8387.0 0.04530821509478956 5 26 21.0 0.0 0.04530821509478956 0
12 ec.gp.GPIndividual@540681582{-759841004} 109.0 19584.0 14578.0 0.3433941555768967 5 26 21.0 0.0 0.3433941555768967 0
12 ec.gp.GPIndividual@151106794{-285262890} 1720.0 12802.0 12802.0 0.0 5 26 21.0 0.0 0.0 1
12 ec.gp.GPIndividual@1127147086{-1712528064} 1640.0 8347.0 8160.0 0.022916666666666665 5 28 21.0 0.0 0.022916666666666665 0
12 ec.gp.GPIndividual@304287648{1364209290} 337.0 13528.0 12802.0 0.05670988907983127 5 26 21.0 0.0 0.05670988907983127 0
12 ec.gp.GPIndividual@797875522{497646128} 476.0 8564.0 8160.0 0.049509803921568625 5 19 21.0 0.0 0.049509803921568625 0
12 ec.gp.GPIndividual@540681582{-759841004} 342.0 11658.0 10861.0 0.07338182487800386 5 26 21.0 0.0 0.07338182487800386 0
12 ec.gp.GPIndividual@304287648{1364209290} 251.0 11590.0 10087.0 0.14900366808763754 5 26 21.0 0.0 0.14900366808763754 0
12 ec.gp.GPIndividual@151106794{-285262890} 500.0 10383.0 10087.0 0.02934470110042629 5 26 21.0 0.0 0.02934470110042629 1
12 ec.gp.GPIndividual@797875522{497646128} 310.0 13661.0 12802.0 0.06709889079831276 5 19 21.0 0.0 0.06709889079831276 0
12 ec.gp.GPIndividual@1127147086{-1712528064} 614.0 13477.0 12802.0 0.052726136541165446 5 28 21.0 0.0 0.052726136541165446 0
12 ec.gp.GPIndividual@304287648{1364209290} 516.0 8328.0 8317.0 0.0013225922808705061 5 26 21.0 0.0 0.0013225922808705061 0
12 ec.gp.GPIndividual@797875522{497646128} 354.0 10597.0 10087.0 0.05056012689600476 5 19 21.0 0.0 0.05056012689600476 0
12 ec.gp.GPIndividual@575599229{-149373746} 198.0 10959.0 10054.0 0.09001392480604735 5 16 21.0 0.0 0.09001392480604735 0
12 ec.gp.GPIndividual@1127147086{-1712528064} 544.0 10383.0 10087.0 0.02934470110042629 5 28 21.0 0.0 0.02934470110042629 0
12 ec.gp.GPIndividual@540681582{-759841004} 1005.0 8347.0 8160.0 0.022916666666666665 5 26 21.0 0.0 0.022916666666666665 0
12 ec.gp.GPIndividual@797875522{497646128} 423.0 8328.0 8317.0 0.0013225922808705061 5 19 21.0 0.0 0.0013225922808705061 0
12 ec.gp.GPIndividual@575599229{-149373746} 333.0 17475.0 8387.0 1.0835817336353881 5 16 21.0 0.0 1.0835817336353881 0
12 ec.gp.GPIndividual@540681582{-759841004} 180.0 13688.0 12802.0 0.06920793625995939 5 26 21.0 0.0 0.06920793625995939 0
12 ec.gp.GPIndividual@1587323500{507826739} 128.0 11217.0 10054.0 0.1156753530932962 5 16 21.0 0.0 0.1156753530932962 0
12 ec.gp.GPIndividual@575599229{-149373746} 137.0 15613.0 14578.0 0.07099739333241871 5 16 21.0 0.0 0.07099739333241871 0
12 ec.gp.GPIndividual@575599229{-149373746} 263.0 10960.0 10861.0 0.009115182764018046 5 16 21.0 0.0 0.009115182764018046 0
12 ec.gp.GPIndividual@540681582{-759841004} 397.0 10555.0 10087.0 0.04639635173986319 5 26 21.0 0.0 0.04639635173986319 0
12 ec.gp.GPIndividual@1587323500{507826739} 664.0 8767.0 8387.0 0.04530821509478956 5 16 21.0 0.0 0.04530821509478956 0
12 ec.gp.GPIndividual@575599229{-149373746} 380.0 8774.0 8160.0 0.07524509803921568 5 16 21.0 0.0 0.07524509803921568 0
12 ec.gp.GPIndividual@575599229{-149373746} 59.0 16153.0 12802.0 0.261755975628808 5 16 21.0 0.0 0.261755975628808 0
12 ec.gp.GPIndividual@1587323500{507826739} 173.0 15613.0 14578.0 0.07099739333241871 5 16 21.0 0.0 0.07099739333241871 0
12 ec.gp.GPIndividual@575599229{-149373746} 277.0 11892.0 10087.0 0.17894319421036978 5 16 21.0 0.0 0.17894319421036978 0
12 ec.gp.GPIndividual@1587323500{507826739} 308.0 11658.0 10861.0 0.07338182487800386 5 16 21.0 0.0 0.07338182487800386 0
12 ec.gp.GPIndividual@151106794{-285262890} 2739.0 8328.0 8317.0 0.0013225922808705061 5 26 21.0 0.0 0.0013225922808705061 1
12 ec.gp.GPIndividual@575599229{-149373746} 952.0 8447.0 8317.0 0.015630636046651436 5 16 21.0 0.0 0.015630636046651436 0
12 ec.gp.GPIndividual@1587323500{507826739} 834.0 10033.0 8160.0 0.22953431372549019 5 16 21.0 0.0 0.22953431372549019 0
12 ec.gp.GPIndividual@1127147086{-1712528064} 2273.0 8328.0 8317.0 0.0013225922808705061 5 28 21.0 0.0 0.0013225922808705061 0
12 ec.gp.GPIndividual@1587323500{507826739} 168.0 13688.0 12802.0 0.06920793625995939 5 16 21.0 0.0 0.06920793625995939 0
12 ec.gp.GPIndividual@540681582{-759841004} 1905.0 8328.0 8317.0 0.0013225922808705061 5 26 21.0 0.0 0.0013225922808705061 0
12 ec.gp.GPIndividual@1587323500{507826739} 290.0 11159.0 10087.0 0.10627540398532764 5 16 21.0 0.0 0.10627540398532764 0
12 ec.gp.GPIndividual@537984466{684786142} 490.0 9246.0 10054.0 0.08036602347324448 5 17 21.0 0.0 0.08036602347324448 0
12 ec.gp.GPIndividual@521695206{1587944265} 475.0 9246.0 10054.0 0.08036602347324448 5 26 21.0 0.0 0.08036602347324448 0
12 ec.gp.GPIndividual@1912923828{875705780} 470.0 9246.0 10054.0 0.08036602347324448 5 21 21.0 0.0 0.08036602347324448 0
12 ec.gp.GPIndividual@875944704{-1823177869} 1136.0 10141.0 10054.0 0.008653272329421126 5 17 21.0 0.0 0.008653272329421126 0
12 ec.gp.GPIndividual@537984466{684786142} 560.0 8624.0 8387.0 0.028258018361750327 5 17 21.0 0.0 0.028258018361750327 0
12 ec.gp.GPIndividual@1587323500{507826739} 602.0 8328.0 8317.0 0.0013225922808705061 5 16 21.0 0.0 0.0013225922808705061 0
12 ec.gp.GPIndividual@537984466{684786142} 81.0 15613.0 14578.0 0.07099739333241871 5 17 21.0 0.0 0.07099739333241871 0
12 ec.gp.GPIndividual@537984466{684786142} 527.0 11247.0 10861.0 0.03554000552435319 5 17 21.0 0.0 0.03554000552435319 0
12 ec.gp.GPIndividual@521695206{1587944265} 2189.0 8624.0 8387.0 0.028258018361750327 5 26 21.0 0.0 0.028258018361750327 0
12 ec.gp.GPIndividual@521695206{1587944265} 202.0 15613.0 14578.0 0.07099739333241871 5 26 21.0 0.0 0.07099739333241871 0
12 ec.gp.GPIndividual@1912923828{875705780} 2138.0 8528.0 8387.0 0.016811732443066652 5 21 21.0 0.0 0.016811732443066652 0
12 ec.gp.GPIndividual@875944704{-1823177869} 2062.0 8528.0 8387.0 0.016811732443066652 5 17 21.0 0.0 0.016811732443066652 0
12 ec.gp.GPIndividual@875944704{-1823177869} 122.0 15549.0 14578.0 0.06660721635340924 5 17 21.0 0.0 0.06660721635340924 0
12 ec.gp.GPIndividual@1912923828{875705780} 160.0 15613.0 14578.0 0.07099739333241871 5 21 21.0 0.0 0.07099739333241871 0
12 ec.gp.GPIndividual@537984466{684786142} 1578.0 8347.0 8160.0 0.022916666666666665 5 17 21.0 0.0 0.022916666666666665 0
12 ec.gp.GPIndividual@1912923828{875705780} 194.0 12100.0 10861.0 0.11407789337998343 5 21 21.0 0.0 0.11407789337998343 0
12 ec.gp.GPIndividual@521695206{1587944265} 544.0 11247.0 10861.0 0.03554000552435319 5 26 21.0 0.0 0.03554000552435319 0
12 ec.gp.GPIndividual@537984466{684786142} 576.0 13477.0 12802.0 0.052726136541165446 5 17 21.0 0.0 0.052726136541165446 0
12 ec.gp.GPIndividual@1912923828{875705780} 709.0 8347.0 8160.0 0.022916666666666665 5 21 21.0 0.0 0.022916666666666665 0
12 ec.gp.GPIndividual@537984466{684786142} 264.0 11159.0 10087.0 0.10627540398532764 5 17 21.0 0.0 0.10627540398532764 0
12 ec.gp.GPIndividual@875944704{-1823177869} 1706.0 11066.0 10861.0 0.018874873400239387 5 17 21.0 0.0 0.018874873400239387 0
12 ec.gp.GPIndividual@521695206{1587944265} 2768.0 8347.0 8160.0 0.022916666666666665 5 26 21.0 0.0 0.022916666666666665 0
12 ec.gp.GPIndividual@537984466{684786142} 2227.0 8328.0 8317.0 0.0013225922808705061 5 17 21.0 0.0 0.0013225922808705061 0
12 ec.gp.GPIndividual@1912923828{875705780} 2372.0 12802.0 12802.0 0.0 5 21 21.0 0.0 0.0 1
12 ec.gp.GPIndividual@1773300877{-99263537} 173.0 10959.0 10054.0 0.09001392480604735 5 19 21.0 0.0 0.09001392480604735 0
12 ec.gp.GPIndividual@1912923828{875705780} 261.0 11159.0 10087.0 0.10627540398532764 5 21 21.0 0.0 0.10627540398532764 1
12 ec.gp.GPIndividual@875944704{-1823177869} 2139.0 8347.0 8160.0 0.022916666666666665 5 17 21.0 0.0 0.022916666666666665 0
12 ec.gp.GPIndividual@875944704{-1823177869} 107.0 14590.0 12802.0 0.13966567723793158 5 17 21.0 0.0 0.13966567723793158 0
12 ec.gp.GPIndividual@1773300877{-99263537} 822.0 8560.0 8387.0 0.020627161082627875 5 19 21.0 0.0 0.020627161082627875 0
12 ec.gp.GPIndividual@1912923828{875705780} 762.0 8328.0 8317.0 0.0013225922808705061 5 21 21.0 0.0 0.0013225922808705061 1
12 ec.gp.GPIndividual@1773300877{-99263537} 108.0 15549.0 14578.0 0.06660721635340924 5 19 21.0 0.0 0.06660721635340924 0
12 ec.gp.GPIndividual@875944704{-1823177869} 377.0 10482.0 10087.0 0.039159313968474274 5 17 21.0 0.0 0.039159313968474274 0
12 ec.gp.GPIndividual@1773300877{-99263537} 269.0 11066.0 10861.0 0.018874873400239387 5 19 21.0 0.0 0.018874873400239387 0
12 ec.gp.GPIndividual@1773300877{-99263537} 778.0 8446.0 8160.0 0.03504901960784314 5 19 21.0 0.0 0.03504901960784314 0
12 ec.gp.GPIndividual@1773300877{-99263537} 103.0 14590.0 12802.0 0.13966567723793158 5 19 21.0 0.0 0.13966567723793158 0
12 ec.gp.GPIndividual@1773300877{-99263537} 209.0 10597.0 10087.0 0.05056012689600476 5 19 21.0 0.0 0.05056012689600476 0
12 ec.gp.GPIndividual@521695206{1587944265} 2656.0 12802.0 12802.0 0.0 5 26 21.0 0.0 0.0 1
12 ec.gp.GPIndividual@875944704{-1823177869} 1682.0 8328.0 8317.0 0.0013225922808705061 5 17 21.0 0.0 0.0013225922808705061 0
12 ec.gp.GPIndividual@521695206{1587944265} 264.0 11159.0 10087.0 0.10627540398532764 5 26 21.0 0.0 0.10627540398532764 1
12 ec.gp.GPIndividual@1293883310{477746359} 1846.0 10141.0 10054.0 0.008653272329421126 5 27 21.0 0.0 0.008653272329421126 0
12 ec.gp.GPIndividual@521695206{1587944265} 794.0 8328.0 8317.0 0.0013225922808705061 5 26 21.0 0.0 0.0013225922808705061 1
12 ec.gp.GPIndividual@1293883310{477746359} 709.0 8767.0 8387.0 0.04530821509478956 5 27 21.0 0.0 0.04530821509478956 0
12 ec.gp.GPIndividual@1293883310{477746359} 414.0 15314.0 14578.0 0.05048703525860886 5 27 21.0 0.0 0.05048703525860886 0
12 ec.gp.GPIndividual@1293883310{477746359} 612.0 11066.0 10861.0 0.018874873400239387 5 27 21.0 0.0 0.018874873400239387 0
12 ec.gp.GPIndividual@1773300877{-99263537} 4047.0 8328.0 8317.0 0.0013225922808705061 5 19 21.0 0.0 0.0013225922808705061 0
12 ec.gp.GPIndividual@1293883310{477746359} 4658.0 8222.0 8160.0 0.007598039215686274 5 27 21.0 0.0 0.007598039215686274 0
12 ec.gp.GPIndividual@1293883310{477746359} 373.0 13661.0 12802.0 0.06709889079831276 5 27 21.0 0.0 0.06709889079831276 0
12 ec.gp.GPIndividual@1293883310{477746359} 578.0 10087.0 10087.0 0.0 5 27 21.0 0.0 0.0 1
12 ec.gp.GPIndividual@1293883310{477746359} 13955.0 8328.0 8317.0 0.0013225922808705061 5 27 21.0 0.0 0.0013225922808705061 1
12 ec.gp.GPIndividual@1066408657{1600144088} 3481.0 10141.0 10054.0 0.008653272329421126 5 21 21.0 0.0 0.008653272329421126 0
12 ec.gp.GPIndividual@1066408657{1600144088} 3378.0 8469.0 8387.0 0.009777035888875641 5 21 21.0 0.0 0.009777035888875641 0
12 ec.gp.GPIndividual@1066408657{1600144088} 696.0 14697.0 14578.0 0.008162985320345727 5 21 21.0 0.0 0.008162985320345727 0
12 ec.gp.GPIndividual@1066408657{1600144088} 7624.0 10960.0 10861.0 0.009115182764018046 5 21 21.0 0.0 0.009115182764018046 0
12 ec.gp.GPIndividual@1066408657{1600144088} 10488.0 8215.0 8160.0 0.006740196078431373 5 21 21.0 0.0 0.006740196078431373 0
12 ec.gp.GPIndividual@1066408657{1600144088} 358.0 13661.0 12802.0 0.06709889079831276 5 21 21.0 0.0 0.06709889079831276 0
12 ec.gp.GPIndividual@1066408657{1600144088} 3299.0 10174.0 10087.0 0.008624962823436106 5 21 21.0 0.0 0.008624962823436106 0
12 ec.gp.GPIndividual@1066408657{1600144088} 8815.0 8328.0 8317.0 0.0013225922808705061 5 21 21.0 0.0 0.0013225922808705061 0
13 ec.gp.GPIndividual@1315981592{-183099435} 206.0 10959.0 10054.0 0.09001392480604735 5 11 21.0 0.0 0.09001392480604735 0
13 ec.gp.GPIndividual@2056058821{1931329218} 227.0 10959.0 10054.0 0.09001392480604735 5 23 21.0 0.0 0.09001392480604735 0
13 ec.gp.GPIndividual@739252411{1825014905} 236.0 10054.0 10054.0 0.0 5 25 21.0 0.0 0.0 1
13 ec.gp.GPIndividual@1667641364{530289957} 382.0 10959.0 10054.0 0.09001392480604735 5 19 21.0 0.0 0.09001392480604735 0
13 ec.gp.GPIndividual@186550233{167524069} 433.0 10959.0 10054.0 0.09001392480604735 5 11 21.0 0.0 0.09001392480604735 0
13 ec.gp.GPIndividual@2056058821{1931329218} 285.0 17367.0 8387.0 1.070704661976869 5 23 21.0 0.0 1.070704661976869 0
13 ec.gp.GPIndividual@2056058821{1931329218} 0.0 18114.0 14578.0 0.24255727809027303 5 23 21.0 0.0 0.24255727809027303 0
13 ec.gp.GPIndividual@739252411{1825014905} 291.0 8448.0 8387.0 0.007273160844163586 5 25 21.0 0.0 0.007273160844163586 1
13 ec.gp.GPIndividual@1798712934{37765446} 633.0 10959.0 10054.0 0.09001392480604735 5 21 21.0 0.0 0.09001392480604735 0
13 ec.gp.GPIndividual@739252411{1825014905} 130.0 14697.0 14578.0 0.008162985320345727 5 25 21.0 0.0 0.008162985320345727 1
13 ec.gp.GPIndividual@1315981592{-183099435} 463.0 13517.0 8387.0 0.611660903779659 5 11 21.0 0.0 0.611660903779659 0
13 ec.gp.GPIndividual@1667641364{530289957} 293.0 19584.0 8387.0 1.3350423274114702 5 19 21.0 0.0 1.3350423274114702 0
13 ec.gp.GPIndividual@2056058821{1931329218} 186.0 11329.0 10861.0 0.043089954884448944 5 23 21.0 0.0 0.043089954884448944 0
13 ec.gp.GPIndividual@1315981592{-183099435} 164.0 15549.0 14578.0 0.06660721635340924 5 11 21.0 0.0 0.06660721635340924 0
13 ec.gp.GPIndividual@1667641364{530289957} 319.0 15443.0 14578.0 0.05933598573192482 5 19 21.0 0.0 0.05933598573192482 0
13 ec.gp.GPIndividual@1315981592{-183099435} 309.0 11066.0 10861.0 0.018874873400239387 5 11 21.0 0.0 0.018874873400239387 0
13 ec.gp.GPIndividual@739252411{1825014905} 631.0 11247.0 10861.0 0.03554000552435319 5 25 21.0 0.0 0.03554000552435319 1
13 ec.gp.GPIndividual@1667641364{530289957} 486.0 11444.0 10861.0 0.05367829849921738 5 19 21.0 0.0 0.05367829849921738 0
13 ec.gp.GPIndividual@186550233{167524069} 1245.0 8560.0 8387.0 0.020627161082627875 5 11 21.0 0.0 0.020627161082627875 0
13 ec.gp.GPIndividual@186550233{167524069} 110.0 15644.0 14578.0 0.07312388530662642 5 11 21.0 0.0 0.07312388530662642 0
13 ec.gp.GPIndividual@1315981592{-183099435} 874.0 8446.0 8160.0 0.03504901960784314 5 11 21.0 0.0 0.03504901960784314 0
13 ec.gp.GPIndividual@1315981592{-183099435} 67.0 14590.0 12802.0 0.13966567723793158 5 11 21.0 0.0 0.13966567723793158 0
13 ec.gp.GPIndividual@2056058821{1931329218} 1561.0 8773.0 8160.0 0.07512254901960784 5 23 21.0 0.0 0.07512254901960784 0
13 ec.gp.GPIndividual@739252411{1825014905} 990.0 8347.0 8160.0 0.022916666666666665 5 25 21.0 0.0 0.022916666666666665 1
13 ec.gp.GPIndividual@1315981592{-183099435} 204.0 10974.0 10087.0 0.08793496579756122 5 11 21.0 0.0 0.08793496579756122 0
13 ec.gp.GPIndividual@2056058821{1931329218} 44.0 16275.0 12802.0 0.2712857366036557 5 23 21.0 0.0 0.2712857366036557 0
13 ec.gp.GPIndividual@186550233{167524069} 562.0 11066.0 10861.0 0.018874873400239387 5 11 21.0 0.0 0.018874873400239387 0
13 ec.gp.GPIndividual@2056058821{1931329218} 262.0 10794.0 10087.0 0.07009021512838307 5 23 21.0 0.0 0.07009021512838307 0
13 ec.gp.GPIndividual@1798712934{37765446} 2156.0 8560.0 8387.0 0.020627161082627875 5 21 21.0 0.0 0.020627161082627875 0
13 ec.gp.GPIndividual@186550233{167524069} 523.0 8564.0 8160.0 0.049509803921568625 5 11 21.0 0.0 0.049509803921568625 0
13 ec.gp.GPIndividual@1798712934{37765446} 109.0 15644.0 14578.0 0.07312388530662642 5 21 21.0 0.0 0.07312388530662642 0
13 ec.gp.GPIndividual@739252411{1825014905} 637.0 13477.0 12802.0 0.052726136541165446 5 25 21.0 0.0 0.052726136541165446 1
13 ec.gp.GPIndividual@739252411{1825014905} 193.0 11590.0 10087.0 0.14900366808763754 5 25 21.0 0.0 0.14900366808763754 1
13 ec.gp.GPIndividual@186550233{167524069} 314.0 13661.0 12802.0 0.06709889079831276 5 11 21.0 0.0 0.06709889079831276 0
13 ec.gp.GPIndividual@1798712934{37765446} 609.0 11066.0 10861.0 0.018874873400239387 5 21 21.0 0.0 0.018874873400239387 0
13 ec.gp.GPIndividual@186550233{167524069} 373.0 10482.0 10087.0 0.039159313968474274 5 11 21.0 0.0 0.039159313968474274 0
13 ec.gp.GPIndividual@1667641364{530289957} 2182.0 8347.0 8160.0 0.022916666666666665 5 19 21.0 0.0 0.022916666666666665 0
13 ec.gp.GPIndividual@1667641364{530289957} 93.0 19584.0 12802.0 0.52976097484768 5 19 21.0 0.0 0.52976097484768 0
13 ec.gp.GPIndividual@1315981592{-183099435} 1752.0 8328.0 8317.0 0.0013225922808705061 5 11 21.0 0.0 0.0013225922808705061 0
13 ec.gp.GPIndividual@1667641364{530289957} 391.0 11159.0 10087.0 0.10627540398532764 5 19 21.0 0.0 0.10627540398532764 0
13 ec.gp.GPIndividual@1798712934{37765446} 674.0 8564.0 8160.0 0.049509803921568625 5 21 21.0 0.0 0.049509803921568625 0
13 ec.gp.GPIndividual@1798712934{37765446} 74.0 14590.0 12802.0 0.13966567723793158 5 21 21.0 0.0 0.13966567723793158 0
13 ec.gp.GPIndividual@186550233{167524069} 844.0 8328.0 8317.0 0.0013225922808705061 5 11 21.0 0.0 0.0013225922808705061 0
13 ec.gp.GPIndividual@462698276{828367676} 524.0 9246.0 10054.0 0.08036602347324448 5 25 21.0 0.0 0.08036602347324448 0
13 ec.gp.GPIndividual@2056058821{1931329218} 2023.0 8328.0 8317.0 0.0013225922808705061 5 23 21.0 0.0 0.0013225922808705061 0
13 ec.gp.GPIndividual@1798712934{37765446} 518.0 10407.0 10087.0 0.03172400118965005 5 21 21.0 0.0 0.03172400118965005 0
13 ec.gp.GPIndividual@2137536650{-1691662778} 447.0 10449.0 10054.0 0.03928784563357868 5 21 21.0 0.0 0.03928784563357868 0
13 ec.gp.GPIndividual@739252411{1825014905} 1818.0 8328.0 8317.0 0.0013225922808705061 5 25 21.0 0.0 0.0013225922808705061 1
13 ec.gp.GPIndividual@1963676450{609880640} 0.0 104262.0 10054.0 0.9556395464491745 3 5 21.0 0.0 0.9556395464491745 0
13 ec.gp.GPIndividual@1963676450{609880640} 0.0 104262.0 8387.0 0.9468224633361154 3 5 21.0 0.0 0.9468224633361154 0
13 ec.gp.GPIndividual@1963676450{609880640} 0.0 104262.0 14578.0 0.9694059541775277 3 5 21.0 0.0 0.9694059541775277 0
13 ec.gp.GPIndividual@1963676450{609880640} 0.0 104262.0 10861.0 0.9589356412853328 3 5 21.0 0.0 0.9589356412853328 0
13 ec.gp.GPIndividual@1963676450{609880640} 0.0 104262.0 8160.0 0.9453431372549019 3 5 21.0 0.0 0.9453431372549019 0
13 ec.gp.GPIndividual@1963676450{609880640} 0.0 104262.0 12802.0 0.9651616934853929 3 5 21.0 0.0 0.9651616934853929 0
13 ec.gp.GPIndividual@1963676450{609880640} 0.0 104262.0 10087.0 0.9557846733419253 3 5 21.0 0.0 0.9557846733419253 0
13 ec.gp.GPIndividual@1963676450{609880640} 0.0 104262.0 8317.0 0.9463748947937959 3 5 21.0 0.0 0.9463748947937959 0
13 ec.gp.GPIndividual@1898516365{-1511036525} 3.0 16658.0 10054.0 0.6568529938333002 5 20 21.0 0.0 0.6568529938333002 0
13 ec.gp.GPIndividual@1898516365{-1511036525} 2.0 16641.0 8387.0 0.9841421247168236 5 20 21.0 0.0 0.9841421247168236 0
13 ec.gp.GPIndividual@2072741056{560258994} 435.0 9246.0 10054.0 0.08036602347324448 5 26 21.0 0.0 0.08036602347324448 0
13 ec.gp.GPIndividual@1898516365{-1511036525} 118.0 19584.0 14578.0 0.3433941555768967 5 20 21.0 0.0 0.3433941555768967 0
13 ec.gp.GPIndividual@1667641364{530289957} 911.0 8328.0 8317.0 0.0013225922808705061 5 19 21.0 0.0 0.0013225922808705061 0
13 ec.gp.GPIndividual@913238815{-1065141433} 40.0 11217.0 10054.0 0.1156753530932962 5 15 21.0 0.0 0.1156753530932962 0
13 ec.gp.GPIndividual@1798712934{37765446} 428.0 8328.0 8317.0 0.0013225922808705061 5 21 21.0 0.0 0.0013225922808705061 0
13 ec.gp.GPIndividual@2137536650{-1691662778} 452.0 13517.0 8387.0 0.611660903779659 5 21 21.0 0.0 0.611660903779659 0
13 ec.gp.GPIndividual@2072741056{560258994} 298.0 8448.0 8387.0 0.007273160844163586 5 26 21.0 0.0 0.007273160844163586 0
13 ec.gp.GPIndividual@1898516365{-1511036525} 324.0 11658.0 10861.0 0.07338182487800386 5 20 21.0 0.0 0.07338182487800386 0
13 ec.gp.GPIndividual@1898516365{-1511036525} 2.0 17428.0 8160.0 1.1357843137254902 5 20 21.0 0.0 1.1357843137254902 0
13 ec.gp.GPIndividual@913238815{-1065141433} 296.0 13517.0 8387.0 0.611660903779659 5 15 21.0 0.0 0.611660903779659 0
13 ec.gp.GPIndividual@2137536650{-1691662778} 92.0 15644.0 14578.0 0.07312388530662642 5 21 21.0 0.0 0.07312388530662642 0
13 ec.gp.GPIndividual@913238815{-1065141433} 79.0 15644.0 14578.0 0.07312388530662642 5 15 21.0 0.0 0.07312388530662642 0
13 ec.gp.GPIndividual@1898516365{-1511036525} 164.0 13688.0 12802.0 0.06920793625995939 5 20 21.0 0.0 0.06920793625995939 0
13 ec.gp.GPIndividual@913238815{-1065141433} 131.0 11280.0 10861.0 0.03857839977902587 5 15 21.0 0.0 0.03857839977902587 0
13 ec.gp.GPIndividual@462698276{828367676} 1057.0 8767.0 8387.0 0.04530821509478956 5 25 21.0 0.0 0.04530821509478956 0
13 ec.gp.GPIndividual@1976884711{37765446} 442.0 10449.0 10054.0 0.03928784563357868 5 21 21.0 0.0 0.03928784563357868 0
13 ec.gp.GPIndividual@2072741056{560258994} 440.0 15314.0 14578.0 0.05048703525860886 5 26 21.0 0.0 0.05048703525860886 0
13 ec.gp.GPIndividual@1898516365{-1511036525} 242.0 11590.0 10087.0 0.14900366808763754 5 20 21.0 0.0 0.14900366808763754 0
13 ec.gp.GPIndividual@1898516365{-1511036525} 1.0 17234.0 8317.0 1.0721413971383913 5 20 21.0 0.0 1.0721413971383913 0
13 ec.gp.GPIndividual@2137536650{-1691662778} 436.0 11066.0 10861.0 0.018874873400239387 5 21 21.0 0.0 0.018874873400239387 0
13 ec.gp.GPIndividual@913238815{-1065141433} 514.0 8564.0 8160.0 0.049509803921568625 5 15 21.0 0.0 0.049509803921568625 0
13 ec.gp.GPIndividual@2072741056{560258994} 359.0 11658.0 10861.0 0.07338182487800386 5 26 21.0 0.0 0.07338182487800386 0
13 ec.gp.GPIndividual@913238815{-1065141433} 40.0 14590.0 12802.0 0.13966567723793158 5 15 21.0 0.0 0.13966567723793158 0
13 ec.gp.GPIndividual@1801336691{-1851134374} 414.0 10449.0 10054.0 0.03928784563357868 5 19 21.0 0.0 0.03928784563357868 0
13 ec.gp.GPIndividual@913238815{-1065141433} 133.0 10974.0 10087.0 0.08793496579756122 5 15 21.0 0.0 0.08793496579756122 0
13 ec.gp.GPIndividual@1801336691{-1851134374} 258.0 19584.0 8387.0 1.3350423274114702 5 19 21.0 0.0 1.3350423274114702 0
13 ec.gp.GPIndividual@1801336691{-1851134374} 59.0 19584.0 14578.0 0.3433941555768967 5 19 21.0 0.0 0.3433941555768967 0
13 ec.gp.GPIndividual@913238815{-1065141433} 436.0 8328.0 8317.0 0.0013225922808705061 5 15 21.0 0.0 0.0013225922808705061 0
13 ec.gp.GPIndividual@1976884711{37765446} 1425.0 8560.0 8387.0 0.020627161082627875 5 21 21.0 0.0 0.020627161082627875 0
13 ec.gp.GPIndividual@2137536650{-1691662778} 1244.0 8347.0 8160.0 0.022916666666666665 5 21 21.0 0.0 0.022916666666666665 0
13 ec.gp.GPIndividual@462698276{828367676} 1502.0 15017.0 14578.0 0.03011387021539306 5 25 21.0 0.0 0.03011387021539306 0
13 ec.gp.GPIndividual@2072741056{560258994} 1002.0 8347.0 8160.0 0.022916666666666665 5 26 21.0 0.0 0.022916666666666665 0
13 ec.gp.GPIndividual@2137536650{-1691662778} 67.0 14590.0 12802.0 0.13966567723793158 5 21 21.0 0.0 0.13966567723793158 0
13 ec.gp.GPIndividual@1801336691{-1851134374} 631.0 11066.0 10861.0 0.018874873400239387 5 19 21.0 0.0 0.018874873400239387 0
13 ec.gp.GPIndividual@297238125{875705780} 549.0 9246.0 10054.0 0.08036602347324448 5 21 21.0 0.0 0.08036602347324448 0
13 ec.gp.GPIndividual@2137536650{-1691662778} 276.0 10597.0 10087.0 0.05056012689600476 5 21 21.0 0.0 0.05056012689600476 0
13 ec.gp.GPIndividual@1976884711{37765446} 357.0 15229.0 14578.0 0.04465633145836192 5 21 21.0 0.0 0.04465633145836192 0
13 ec.gp.GPIndividual@462698276{828367676} 459.0 11658.0 10861.0 0.07338182487800386 5 25 21.0 0.0 0.07338182487800386 0
13 ec.gp.GPIndividual@2072741056{560258994} 672.0 13477.0 12802.0 0.052726136541165446 5 26 21.0 0.0 0.052726136541165446 0
13 ec.gp.GPIndividual@297238125{875705780} 668.0 8624.0 8387.0 0.028258018361750327 5 21 21.0 0.0 0.028258018361750327 0
13 ec.gp.GPIndividual@2072741056{560258994} 210.0 11590.0 10087.0 0.14900366808763754 5 26 21.0 0.0 0.14900366808763754 0
13 ec.gp.GPIndividual@2137536650{-1691662778} 586.0 8328.0 8317.0 0.0013225922808705061 5 21 21.0 0.0 0.0013225922808705061 0
13 ec.gp.GPIndividual@297238125{875705780} 172.0 15613.0 14578.0 0.07099739333241871 5 21 21.0 0.0 0.07099739333241871 0
13 ec.gp.GPIndividual@1801336691{-1851134374} 1269.0 8773.0 8160.0 0.07512254901960784 5 19 21.0 0.0 0.07512254901960784 0
13 ec.gp.GPIndividual@1270922687{127964542} 432.0 9246.0 10054.0 0.08036602347324448 5 28 21.0 0.0 0.08036602347324448 0
13 ec.gp.GPIndividual@297238125{875705780} 342.0 11658.0 10861.0 0.07338182487800386 5 21 21.0 0.0 0.07338182487800386 0
13 ec.gp.GPIndividual@1801336691{-1851134374} 46.0 19584.0 12802.0 0.52976097484768 5 19 21.0 0.0 0.52976097484768 0
13 ec.gp.GPIndividual@1976884711{37765446} 1072.0 11066.0 10861.0 0.018874873400239387 5 21 21.0 0.0 0.018874873400239387 0
13 ec.gp.GPIndividual@462698276{828367676} 972.0 8347.0 8160.0 0.022916666666666665 5 25 21.0 0.0 0.022916666666666665 0
13 ec.gp.GPIndividual@2072741056{560258994} 574.0 8328.0 8317.0 0.0013225922808705061 5 26 21.0 0.0 0.0013225922808705061 0
13 ec.gp.GPIndividual@1801336691{-1851134374} 415.0 10484.0 10087.0 0.03935758897590959 5 19 21.0 0.0 0.03935758897590959 0
13 ec.gp.GPIndividual@719554864{1527970059} 440.0 10054.0 10054.0 0.0 5 28 21.0 0.0 0.0 1
13 ec.gp.GPIndividual@1976884711{37765446} 611.0 8564.0 8160.0 0.049509803921568625 5 21 21.0 0.0 0.049509803921568625 0
13 ec.gp.GPIndividual@1976884711{37765446} 75.0 14590.0 12802.0 0.13966567723793158 5 21 21.0 0.0 0.13966567723793158 0
13 ec.gp.GPIndividual@462698276{828367676} 782.0 13477.0 12802.0 0.052726136541165446 5 25 21.0 0.0 0.052726136541165446 0
13 ec.gp.GPIndividual@297238125{875705780} 882.0 8347.0 8160.0 0.022916666666666665 5 21 21.0 0.0 0.022916666666666665 0
13 ec.gp.GPIndividual@1801336691{-1851134374} 544.0 8328.0 8317.0 0.0013225922808705061 5 19 21.0 0.0 0.0013225922808705061 0
13 ec.gp.GPIndividual@1193754467{630398847} 214.0 10959.0 10054.0 0.09001392480604735 5 23 21.0 0.0 0.09001392480604735 0
13 ec.gp.GPIndividual@1976884711{37765446} 468.0 10482.0 10087.0 0.039159313968474274 5 21 21.0 0.0 0.039159313968474274 0
13 ec.gp.GPIndividual@462698276{828367676} 336.0 11159.0 10087.0 0.10627540398532764 5 25 21.0 0.0 0.10627540398532764 0
13 ec.gp.GPIndividual@1270922687{127964542} 2224.0 8561.0 8387.0 0.020746393227614165 5 28 21.0 0.0 0.020746393227614165 0
13 ec.gp.GPIndividual@462698276{828367676} 1028.0 8328.0 8317.0 0.0013225922808705061 5 25 21.0 0.0 0.0013225922808705061 0
13 ec.gp.GPIndividual@780394911{2135039907} 0.0 104262.0 10054.0 0.9556395464491745 2 3 21.0 0.0 0.9556395464491745 0
13 ec.gp.GPIndividual@780394911{2135039907} 0.0 104262.0 8387.0 0.9468224633361154 2 3 21.0 0.0 0.9468224633361154 0
13 ec.gp.GPIndividual@780394911{2135039907} 0.0 104262.0 14578.0 0.9694059541775277 2 3 21.0 0.0 0.9694059541775277 0
13 ec.gp.GPIndividual@780394911{2135039907} 0.0 104262.0 10861.0 0.9589356412853328 2 3 21.0 0.0 0.9589356412853328 0
13 ec.gp.GPIndividual@780394911{2135039907} 0.0 104262.0 8160.0 0.9453431372549019 2 3 21.0 0.0 0.9453431372549019 0
13 ec.gp.GPIndividual@780394911{2135039907} 0.0 104262.0 12802.0 0.9651616934853929 2 3 21.0 0.0 0.9651616934853929 0
13 ec.gp.GPIndividual@780394911{2135039907} 0.0 104262.0 10087.0 0.9557846733419253 2 3 21.0 0.0 0.9557846733419253 0
13 ec.gp.GPIndividual@780394911{2135039907} 0.0 104262.0 8317.0 0.9463748947937959 2 3 21.0 0.0 0.9463748947937959 0
13 ec.gp.GPIndividual@1976884711{37765446} 1172.0 8328.0 8317.0 0.0013225922808705061 5 21 21.0 0.0 0.0013225922808705061 0
13 ec.gp.GPIndividual@1193754467{630398847} 1204.0 8767.0 8387.0 0.04530821509478956 5 23 21.0 0.0 0.04530821509478956 0
13 ec.gp.GPIndividual@301608972{-2105702900} 200.0 10959.0 10054.0 0.09001392480604735 5 31 21.0 0.0 0.09001392480604735 0
13 ec.gp.GPIndividual@787167890{1019788912} 109.0 11217.0 10054.0 0.1156753530932962 5 21 21.0 0.0 0.1156753530932962 0
13 ec.gp.GPIndividual@297238125{875705780} 1621.0 12802.0 12802.0 0.0 5 21 21.0 0.0 0.0 1
13 ec.gp.GPIndividual@719554864{1527970059} 1962.0 8624.0 8387.0 0.028258018361750327 5 28 21.0 0.0 0.028258018361750327 1
13 ec.gp.GPIndividual@719554864{1527970059} 87.0 14697.0 14578.0 0.008162985320345727 5 28 21.0 0.0 0.008162985320345727 1
13 ec.gp.GPIndividual@1193754467{630398847} 228.0 15574.0 14578.0 0.06832212923583482 5 23 21.0 0.0 0.06832212923583482 0
13 ec.gp.GPIndividual@1270922687{127964542} 415.0 15314.0 14578.0 0.05048703525860886 5 28 21.0 0.0 0.05048703525860886 0
13 ec.gp.GPIndividual@297238125{875705780} 302.0 11159.0 10087.0 0.10627540398532764 5 21 21.0 0.0 0.10627540398532764 1
13 ec.gp.GPIndividual@301608972{-2105702900} 646.0 8767.0 8387.0 0.04530821509478956 5 31 21.0 0.0 0.04530821509478956 0
13 ec.gp.GPIndividual@787167890{1019788912} 646.0 8767.0 8387.0 0.04530821509478956 5 21 21.0 0.0 0.04530821509478956 0
13 ec.gp.GPIndividual@1270922687{127964542} 511.0 11444.0 10861.0 0.05367829849921738 5 28 21.0 0.0 0.05367829849921738 0
13 ec.gp.GPIndividual@719554864{1527970059} 586.0 11247.0 10861.0 0.03554000552435319 5 28 21.0 0.0 0.03554000552435319 1
13 ec.gp.GPIndividual@301608972{-2105702900} 173.0 15613.0 14578.0 0.07099739333241871 5 31 21.0 0.0 0.07099739333241871 0
13 ec.gp.GPIndividual@787167890{1019788912} 433.0 15194.0 14578.0 0.04225545342296611 5 21 21.0 0.0 0.04225545342296611 0
13 ec.gp.GPIndividual@301608972{-2105702900} 343.0 11658.0 10861.0 0.07338182487800386 5 31 21.0 0.0 0.07338182487800386 0
13 ec.gp.GPIndividual@301608972{-2105702900} 556.0 10033.0 8160.0 0.22953431372549019 5 31 21.0 0.0 0.22953431372549019 0
13 ec.gp.GPIndividual@1193754467{630398847} 1547.0 11063.0 10861.0 0.01859865574072369 5 23 21.0 0.0 0.01859865574072369 0
13 ec.gp.GPIndividual@719554864{1527970059} 1098.0 8347.0 8160.0 0.022916666666666665 5 28 21.0 0.0 0.022916666666666665 1
13 ec.gp.GPIndividual@301608972{-2105702900} 149.0 13688.0 12802.0 0.06920793625995939 5 31 21.0 0.0 0.06920793625995939 0
13 ec.gp.GPIndividual@1270922687{127964542} 1189.0 8347.0 8160.0 0.022916666666666665 5 28 21.0 0.0 0.022916666666666665 0
13 ec.gp.GPIndividual@787167890{1019788912} 814.0 11066.0 10861.0 0.018874873400239387 5 21 21.0 0.0 0.018874873400239387 0
13 ec.gp.GPIndividual@297238125{875705780} 1634.0 8328.0 8317.0 0.0013225922808705061 5 21 21.0 0.0 0.0013225922808705061 1
13 ec.gp.GPIndividual@301608972{-2105702900} 299.0 11159.0 10087.0 0.10627540398532764 5 31 21.0 0.0 0.10627540398532764 0
13 ec.gp.GPIndividual@1193754467{630398847} 597.0 8767.0 8160.0 0.07438725490196078 5 23 21.0 0.0 0.07438725490196078 0
13 ec.gp.GPIndividual@1193754467{630398847} 73.0 13918.0 12802.0 0.08717387908139353 5 23 21.0 0.0 0.08717387908139353 0
13 ec.gp.GPIndividual@787167890{1019788912} 523.0 8564.0 8160.0 0.049509803921568625 5 21 21.0 0.0 0.049509803921568625 0
13 ec.gp.GPIndividual@787167890{1019788912} 43.0 14590.0 12802.0 0.13966567723793158 5 21 21.0 0.0 0.13966567723793158 0
13 ec.gp.GPIndividual@1805364946{-1630825858} 493.0 9246.0 10054.0 0.08036602347324448 5 28 21.0 0.0 0.08036602347324448 0
13 ec.gp.GPIndividual@1270922687{127964542} 696.0 13048.0 12802.0 0.01921574753944696 5 28 21.0 0.0 0.01921574753944696 0
13 ec.gp.GPIndividual@301608972{-2105702900} 506.0 8328.0 8317.0 0.0013225922808705061 5 31 21.0 0.0 0.0013225922808705061 0
13 ec.gp.GPIndividual@787167890{1019788912} 244.0 10597.0 10087.0 0.05056012689600476 5 21 21.0 0.0 0.05056012689600476 0
13 ec.gp.GPIndividual@719554864{1527970059} 1031.0 12870.0 12802.0 0.005311670051554445 5 28 21.0 0.0 0.005311670051554445 1
13 ec.gp.GPIndividual@1193754467{630398847} 497.0 10383.0 10087.0 0.02934470110042629 5 23 21.0 0.0 0.02934470110042629 0
13 ec.gp.GPIndividual@1270922687{127964542} 535.0 10383.0 10087.0 0.02934470110042629 5 28 21.0 0.0 0.02934470110042629 0
13 ec.gp.GPIndividual@719554864{1527970059} 528.0 10383.0 10087.0 0.02934470110042629 5 28 21.0 0.0 0.02934470110042629 1
13 ec.gp.GPIndividual@787167890{1019788912} 1988.0 8328.0 8317.0 0.0013225922808705061 5 21 21.0 0.0 0.0013225922808705061 0
13 ec.gp.GPIndividual@366965473{-1535392731} 42.0 11217.0 10054.0 0.1156753530932962 5 19 21.0 0.0 0.1156753530932962 0
13 ec.gp.GPIndividual@719554864{1527970059} 1379.0 8328.0 8317.0 0.0013225922808705061 5 28 21.0 0.0 0.0013225922808705061 1
13 ec.gp.GPIndividual@106216723{1200033596} 0.0 95726.0 10054.0 0.7177242888402626 5 9 21.0 0.0 0.7177242888402626 0
13 ec.gp.GPIndividual@106216723{1200033596} 0.0 95624.0 8387.0 0.6737808513175152 5 9 21.0 0.0 0.6737808513175152 0
13 ec.gp.GPIndividual@106216723{1200033596} 0.0 95900.0 14578.0 0.7933872959253669 5 9 21.0 0.0 0.7933872959253669 0
13 ec.gp.GPIndividual@106216723{1200033596} 0.0 95726.0 10861.0 0.7386980940981493 5 9 21.0 0.0 0.7386980940981493 0
13 ec.gp.GPIndividual@106216723{1200033596} 0.0 95624.0 8160.0 0.6647058823529411 5 9 21.0 0.0 0.6647058823529411 0
13 ec.gp.GPIndividual@106216723{1200033596} 0.0 95726.0 12802.0 0.7783158881424778 5 9 21.0 0.0 0.7783158881424778 0
13 ec.gp.GPIndividual@106216723{1200033596} 0.0 95726.0 10087.0 0.7186477644492911 5 9 21.0 0.0 0.7186477644492911 0
13 ec.gp.GPIndividual@106216723{1200033596} 0.0 95624.0 8317.0 0.6710352290489359 5 9 21.0 0.0 0.6710352290489359 0
13 ec.gp.GPIndividual@469455043{-700382397} 48.0 11217.0 10054.0 0.1156753530932962 5 11 21.0 0.0 0.1156753530932962 0
13 ec.gp.GPIndividual@1193754467{630398847} 2055.0 8328.0 8317.0 0.0013225922808705061 5 23 21.0 0.0 0.0013225922808705061 0
13 ec.gp.GPIndividual@366965473{-1535392731} 303.0 8767.0 8387.0 0.04530821509478956 5 19 21.0 0.0 0.04530821509478956 0
13 ec.gp.GPIndividual@1270922687{127964542} 2024.0 8328.0 8317.0 0.0013225922808705061 5 28 21.0 0.0 0.0013225922808705061 0
13 ec.gp.GPIndividual@366965473{-1535392731} 79.0 15644.0 14578.0 0.07312388530662642 5 19 21.0 0.0 0.07312388530662642 0
13 ec.gp.GPIndividual@1805364946{-1630825858} 2661.0 8528.0 8387.0 0.016811732443066652 5 28 21.0 0.0 0.016811732443066652 0
13 ec.gp.GPIndividual@469455043{-700382397} 316.0 13517.0 8387.0 0.611660903779659 5 11 21.0 0.0 0.611660903779659 0
13 ec.gp.GPIndividual@1746593510{537337743} 251.0 10054.0 10054.0 0.0 5 24 21.0 0.0 0.0 1
13 ec.gp.GPIndividual@469455043{-700382397} 82.0 15644.0 14578.0 0.07312388530662642 5 11 21.0 0.0 0.07312388530662642 0
13 ec.gp.GPIndividual@402365566{1114840230} 140.0 10822.0 10054.0 0.07638750745971752 5 28 21.0 0.0 0.07638750745971752 0
13 ec.gp.GPIndividual@366965473{-1535392731} 124.0 11280.0 10861.0 0.03857839977902587 5 19 21.0 0.0 0.03857839977902587 0
13 ec.gp.GPIndividual@469455043{-700382397} 133.0 11280.0 10861.0 0.03857839977902587 5 11 21.0 0.0 0.03857839977902587 0
13 ec.gp.GPIndividual@1805364946{-1630825858} 408.0 15314.0 14578.0 0.05048703525860886 5 28 21.0 0.0 0.05048703525860886 0
13 ec.gp.GPIndividual@366965473{-1535392731} 533.0 8564.0 8160.0 0.049509803921568625 5 19 21.0 0.0 0.049509803921568625 0
13 ec.gp.GPIndividual@469455043{-700382397} 490.0 8564.0 8160.0 0.049509803921568625 5 11 21.0 0.0 0.049509803921568625 0
13 ec.gp.GPIndividual@366965473{-1535392731} 56.0 14590.0 12802.0 0.13966567723793158 5 19 21.0 0.0 0.13966567723793158 0
13 ec.gp.GPIndividual@469455043{-700382397} 63.0 14590.0 12802.0 0.13966567723793158 5 11 21.0 0.0 0.13966567723793158 0
13 ec.gp.GPIndividual@402365566{1114840230} 697.0 8624.0 8387.0 0.028258018361750327 5 28 21.0 0.0 0.028258018361750327 0
13 ec.gp.GPIndividual@366965473{-1535392731} 120.0 10974.0 10087.0 0.08793496579756122 5 19 21.0 0.0 0.08793496579756122 0
13 ec.gp.GPIndividual@469455043{-700382397} 118.0 10974.0 10087.0 0.08793496579756122 5 11 21.0 0.0 0.08793496579756122 0
13 ec.gp.GPIndividual@1746593510{537337743} 941.0 8624.0 8387.0 0.028258018361750327 5 24 21.0 0.0 0.028258018361750327 1
13 ec.gp.GPIndividual@1805364946{-1630825858} 611.0 11247.0 10861.0 0.03554000552435319 5 28 21.0 0.0 0.03554000552435319 0
13 ec.gp.GPIndividual@402365566{1114840230} 453.0 15194.0 14578.0 0.04225545342296611 5 28 21.0 0.0 0.04225545342296611 0
13 ec.gp.GPIndividual@366965473{-1535392731} 449.0 8328.0 8317.0 0.0013225922808705061 5 19 21.0 0.0 0.0013225922808705061 0
13 ec.gp.GPIndividual@469455043{-700382397} 416.0 8328.0 8317.0 0.0013225922808705061 5 11 21.0 0.0 0.0013225922808705061 0
13 ec.gp.GPIndividual@1805364946{-1630825858} 647.0 10033.0 8160.0 0.22953431372549019 5 28 21.0 0.0 0.22953431372549019 0
13 ec.gp.GPIndividual@402365566{1114840230} 438.0 11444.0 10861.0 0.05367829849921738 5 28 21.0 0.0 0.05367829849921738 0
13 ec.gp.GPIndividual@1746593510{537337743} 994.0 14871.0 14578.0 0.020098778982027714 5 24 21.0 0.0 0.020098778982027714 1
13 ec.gp.GPIndividual@1805364946{-1630825858} 579.0 13477.0 12802.0 0.052726136541165446 5 28 21.0 0.0 0.052726136541165446 0
13 ec.gp.GPIndividual@1746593510{537337743} 704.0 11066.0 10861.0 0.018874873400239387 5 24 21.0 0.0 0.018874873400239387 1
13 ec.gp.GPIndividual@402365566{1114840230} 986.0 8347.0 8160.0 0.022916666666666665 5 28 21.0 0.0 0.022916666666666665 0
13 ec.gp.GPIndividual@1805364946{-1630825858} 477.0 10555.0 10087.0 0.04639635173986319 5 28 21.0 0.0 0.04639635173986319 0
13 ec.gp.GPIndividual@402365566{1114840230} 606.0 13477.0 12802.0 0.052726136541165446 5 28 21.0 0.0 0.052726136541165446 0
13 ec.gp.GPIndividual@1746593510{537337743} 1064.0 8347.0 8160.0 0.022916666666666665 5 24 21.0 0.0 0.022916666666666665 1
13 ec.gp.GPIndividual@402365566{1114840230} 474.0 10383.0 10087.0 0.02934470110042629 5 28 21.0 0.0 0.02934470110042629 0
13 ec.gp.GPIndividual@1329609506{1388342786} 4057.0 10141.0 10054.0 0.008653272329421126 5 23 21.0 0.0 0.008653272329421126 0
13 ec.gp.GPIndividual@1805364946{-1630825858} 3018.0 8328.0 8317.0 0.0013225922808705061 5 28 21.0 0.0 0.0013225922808705061 0
13 ec.gp.GPIndividual@402365566{1114840230} 2294.0 8328.0 8317.0 0.0013225922808705061 5 28 21.0 0.0 0.0013225922808705061 0
13 ec.gp.GPIndividual@1747247383{1828478391} 36.0 11217.0 10054.0 0.1156753530932962 5 21 21.0 0.0 0.1156753530932962 0
13 ec.gp.GPIndividual@1746593510{537337743} 2389.0 12802.0 12802.0 0.0 5 24 21.0 0.0 0.0 2
13 ec.gp.GPIndividual@1747247383{1828478391} 281.0 8767.0 8387.0 0.04530821509478956 5 21 21.0 0.0 0.04530821509478956 0
13 ec.gp.GPIndividual@1747247383{1828478391} 83.0 15549.0 14578.0 0.06660721635340924 5 21 21.0 0.0 0.06660721635340924 0
13 ec.gp.GPIndividual@1746593510{537337743} 369.0 10555.0 10087.0 0.04639635173986319 5 24 21.0 0.0 0.04639635173986319 2
13 ec.gp.GPIndividual@1747247383{1828478391} 120.0 11280.0 10861.0 0.03857839977902587 5 21 21.0 0.0 0.03857839977902587 0
13 ec.gp.GPIndividual@967820581{1682396918} 902.0 10141.0 10054.0 0.008653272329421126 5 13 21.0 0.0 0.008653272329421126 0
13 ec.gp.GPIndividual@967820581{1682396918} 409.0 8767.0 8387.0 0.04530821509478956 5 13 21.0 0.0 0.04530821509478956 0
13 ec.gp.GPIndividual@1747247383{1828478391} 470.0 8564.0 8160.0 0.049509803921568625 5 21 21.0 0.0 0.049509803921568625 0
13 ec.gp.GPIndividual@1747247383{1828478391} 52.0 14590.0 12802.0 0.13966567723793158 5 21 21.0 0.0 0.13966567723793158 0
13 ec.gp.GPIndividual@1746593510{537337743} 682.0 8328.0 8317.0 0.0013225922808705061 5 24 21.0 0.0 0.0013225922808705061 2
13 ec.gp.GPIndividual@1747247383{1828478391} 115.0 10974.0 10087.0 0.08793496579756122 5 21 21.0 0.0 0.08793496579756122 0
13 ec.gp.GPIndividual@1747247383{1828478391} 355.0 8328.0 8317.0 0.0013225922808705061 5 21 21.0 0.0 0.0013225922808705061 0
13 ec.gp.GPIndividual@1454778609{1295570354} 0.0 109280.0 10054.0 1.0 1 1 21.0 0.0 1.0 0
13 ec.gp.GPIndividual@1454778609{1295570354} 0.0 109280.0 8387.0 1.0 1 1 21.0 0.0 1.0 0
13 ec.gp.GPIndividual@1454778609{1295570354} 0.0 109280.0 14578.0 1.0 1 1 21.0 0.0 1.0 0
13 ec.gp.GPIndividual@1454778609{1295570354} 0.0 109280.0 10861.0 1.0 1 1 21.0 0.0 1.0 0
13 ec.gp.GPIndividual@1454778609{1295570354} 0.0 109280.0 8160.0 1.0 1 1 21.0 0.0 1.0 0
13 ec.gp.GPIndividual@1454778609{1295570354} 0.0 109280.0 12802.0 1.0 1 1 21.0 0.0 1.0 0
13 ec.gp.GPIndividual@1454778609{1295570354} 0.0 109280.0 10087.0 1.0 1 1 21.0 0.0 1.0 0
13 ec.gp.GPIndividual@1454778609{1295570354} 0.0 109280.0 8317.0 1.0 1 1 21.0 0.0 1.0 0
13 ec.gp.GPIndividual@967820581{1682396918} 4779.0 14697.0 14578.0 0.008162985320345727 5 13 21.0 0.0 0.008162985320345727 0
13 ec.gp.GPIndividual@967820581{1682396918} 4011.0 11063.0 10861.0 0.01859865574072369 5 13 21.0 0.0 0.01859865574072369 0
13 ec.gp.GPIndividual@1329609506{1388342786} 13404.0 8507.0 8387.0 0.014307857398354596 5 23 21.0 0.0 0.014307857398354596 0
13 ec.gp.GPIndividual@967820581{1682396918} 2923.0 8341.0 8160.0 0.02218137254901961 5 13 21.0 0.0 0.02218137254901961 0
13 ec.gp.GPIndividual@967820581{1682396918} 142.0 13688.0 12802.0 0.06920793625995939 5 13 21.0 0.0 0.06920793625995939 0
13 ec.gp.GPIndividual@967820581{1682396918} 1155.0 10300.0 10087.0 0.02111628829186081 5 13 21.0 0.0 0.02111628829186081 0
13 ec.gp.GPIndividual@1329609506{1388342786} 4196.0 14578.0 14578.0 0.0 5 23 21.0 0.0 0.0 1
13 ec.gp.GPIndividual@967820581{1682396918} 4438.0 8328.0 8317.0 0.0013225922808705061 5 13 21.0 0.0 0.0013225922808705061 0
13 ec.gp.GPIndividual@1329609506{1388342786} 9065.0 11028.0 10861.0 0.015376116379707209 5 23 21.0 0.0 0.015376116379707209 1
13 ec.gp.GPIndividual@1329609506{1388342786} 14030.0 8215.0 8160.0 0.006740196078431373 5 23 21.0 0.0 0.006740196078431373 1
13 ec.gp.GPIndividual@1329609506{1388342786} 545.0 13661.0 12802.0 0.06709889079831276 5 23 21.0 0.0 0.06709889079831276 1
13 ec.gp.GPIndividual@1329609506{1388342786} 582.0 11336.0 10087.0 0.12382274214335283 5 23 21.0 0.0 0.12382274214335283 1
13 ec.gp.GPIndividual@1329609506{1388342786} 16907.0 8328.0 8317.0 0.0013225922808705061 5 23 21.0 0.0 0.0013225922808705061 1
13 ec.gp.GPIndividual@480832712{704665316} 333.0 10449.0 10054.0 0.03928784563357868 5 19 21.0 0.0 0.03928784563357868 0
13 ec.gp.GPIndividual@480832712{704665316} 1384.0 8528.0 8387.0 0.016811732443066652 5 19 21.0 0.0 0.016811732443066652 0
13 ec.gp.GPIndividual@480832712{704665316} 282.0 15314.0 14578.0 0.05048703525860886 5 19 21.0 0.0 0.05048703525860886 0
13 ec.gp.GPIndividual@480832712{704665316} 1828.0 11063.0 10861.0 0.01859865574072369 5 19 21.0 0.0 0.01859865574072369 0
13 ec.gp.GPIndividual@480832712{704665316} 973.0 8667.0 8160.0 0.06213235294117647 5 19 21.0 0.0 0.06213235294117647 0
13 ec.gp.GPIndividual@480832712{704665316} 363.0 13661.0 12802.0 0.06709889079831276 5 19 21.0 0.0 0.06709889079831276 0
13 ec.gp.GPIndividual@480832712{704665316} 320.0 10484.0 10087.0 0.03935758897590959 5 19 21.0 0.0 0.03935758897590959 0
13 ec.gp.GPIndividual@480832712{704665316} 13852.0 8328.0 8317.0 0.0013225922808705061 5 19 21.0 0.0 0.0013225922808705061 0
13 ec.gp.GPIndividual@1809869413{-13195226} 37.0 11217.0 10054.0 0.1156753530932962 5 9 21.0 0.0 0.1156753530932962 0
13 ec.gp.GPIndividual@1809869413{-13195226} 265.0 8767.0 8387.0 0.04530821509478956 5 9 21.0 0.0 0.04530821509478956 0
13 ec.gp.GPIndividual@1809869413{-13195226} 75.0 15549.0 14578.0 0.06660721635340924 5 9 21.0 0.0 0.06660721635340924 0
13 ec.gp.GPIndividual@1809869413{-13195226} 104.0 11280.0 10861.0 0.03857839977902587 5 9 21.0 0.0 0.03857839977902587 0
13 ec.gp.GPIndividual@1809869413{-13195226} 396.0 8564.0 8160.0 0.049509803921568625 5 9 21.0 0.0 0.049509803921568625 0
13 ec.gp.GPIndividual@1809869413{-13195226} 97.0 13688.0 12802.0 0.06920793625995939 5 9 21.0 0.0 0.06920793625995939 0
13 ec.gp.GPIndividual@1809869413{-13195226} 102.0 10974.0 10087.0 0.08793496579756122 5 9 21.0 0.0 0.08793496579756122 0
13 ec.gp.GPIndividual@1809869413{-13195226} 333.0 8328.0 8317.0 0.0013225922808705061 5 9 21.0 0.0 0.0013225922808705061 0
14 ec.gp.GPIndividual@2027480860{-695654962} 42.0 11217.0 10054.0 0.1156753530932962 5 19 21.0 0.0 0.1156753530932962 0
14 ec.gp.GPIndividual@1366739215{231934173} 210.0 10959.0 10054.0 0.09001392480604735 5 21 21.0 0.0 0.09001392480604735 0
14 ec.gp.GPIndividual@96880002{-1918419906} 217.0 10449.0 10054.0 0.03928784563357868 5 26 21.0 0.0 0.03928784563357868 0
14 ec.gp.GPIndividual@2027480860{-695654962} 280.0 13517.0 8387.0 0.611660903779659 5 19 21.0 0.0 0.611660903779659 0
14 ec.gp.GPIndividual@1014065912{973083537} 328.0 10054.0 10054.0 0.0 5 28 21.0 0.0 0.0 1
14 ec.gp.GPIndividual@2027480860{-695654962} 72.0 15644.0 14578.0 0.07312388530662642 5 19 21.0 0.0 0.07312388530662642 0
14 ec.gp.GPIndividual@1561232290{-711568279} 397.0 10959.0 10054.0 0.09001392480604735 5 15 21.0 0.0 0.09001392480604735 0
14 ec.gp.GPIndividual@1366739215{231934173} 284.0 19584.0 8387.0 1.3350423274114702 5 21 21.0 0.0 1.3350423274114702 0
14 ec.gp.GPIndividual@2027480860{-695654962} 143.0 11280.0 10861.0 0.03857839977902587 5 19 21.0 0.0 0.03857839977902587 0
14 ec.gp.GPIndividual@1366739215{231934173} 75.0 19584.0 14578.0 0.3433941555768967 5 21 21.0 0.0 0.3433941555768967 0
14 ec.gp.GPIndividual@408242909{-242532936} 570.0 10959.0 10054.0 0.09001392480604735 5 17 21.0 0.0 0.09001392480604735 0
14 ec.gp.GPIndividual@96880002{-1918419906} 447.0 18390.0 8387.0 1.1926791462978419 5 26 21.0 0.0 1.1926791462978419 0
14 ec.gp.GPIndividual@1561232290{-711568279} 285.0 19584.0 8387.0 1.3350423274114702 5 15 21.0 0.0 1.3350423274114702 0
14 ec.gp.GPIndividual@1561232290{-711568279} 88.0 19584.0 14578.0 0.3433941555768967 5 15 21.0 0.0 0.3433941555768967 0
14 ec.gp.GPIndividual@96880002{-1918419906} 126.0 18619.0 14578.0 0.2771985183152696 5 26 21.0 0.0 0.2771985183152696 0
14 ec.gp.GPIndividual@2027480860{-695654962} 427.0 8564.0 8160.0 0.049509803921568625 5 19 21.0 0.0 0.049509803921568625 0
14 ec.gp.GPIndividual@2027480860{-695654962} 37.0 14590.0 12802.0 0.13966567723793158 5 19 21.0 0.0 0.13966567723793158 0
14 ec.gp.GPIndividual@2027480860{-695654962} 135.0 10974.0 10087.0 0.08793496579756122 5 19 21.0 0.0 0.08793496579756122 0
14 ec.gp.GPIndividual@96880002{-1918419906} 385.0 11658.0 10861.0 0.07338182487800386 5 26 21.0 0.0 0.07338182487800386 0
14 ec.gp.GPIndividual@1561232290{-711568279} 454.0 11658.0 10861.0 0.07338182487800386 5 15 21.0 0.0 0.07338182487800386 0
14 ec.gp.GPIndividual@2027480860{-695654962} 461.0 8328.0 8317.0 0.0013225922808705061 5 19 21.0 0.0 0.0013225922808705061 0
14 ec.gp.GPIndividual@1561232290{-711568279} 524.0 10033.0 8160.0 0.22953431372549019 5 15 21.0 0.0 0.22953431372549019 0
14 ec.gp.GPIndividual@1379318396{-796524894} 198.0 10959.0 10054.0 0.09001392480604735 5 17 21.0 0.0 0.09001392480604735 0
14 ec.gp.GPIndividual@1014065912{973083537} 1494.0 8634.0 8387.0 0.02945033981161321 5 28 21.0 0.0 0.02945033981161321 1
14 ec.gp.GPIndividual@408242909{-242532936} 1288.0 8560.0 8387.0 0.020627161082627875 5 17 21.0 0.0 0.020627161082627875 0
14 ec.gp.GPIndividual@1561232290{-711568279} 176.0 13688.0 12802.0 0.06920793625995939 5 15 21.0 0.0 0.06920793625995939 0
14 ec.gp.GPIndividual@1366739215{231934173} 1450.0 11066.0 10861.0 0.018874873400239387 5 21 21.0 0.0 0.018874873400239387 0
14 ec.gp.GPIndividual@96880002{-1918419906} 985.0 8347.0 8160.0 0.022916666666666665 5 26 21.0 0.0 0.022916666666666665 0
14 ec.gp.GPIndividual@408242909{-242532936} 313.0 15229.0 14578.0 0.04465633145836192 5 17 21.0 0.0 0.04465633145836192 0
14 ec.gp.GPIndividual@1561232290{-711568279} 417.0 10555.0 10087.0 0.04639635173986319 5 15 21.0 0.0 0.04639635173986319 0
14 ec.gp.GPIndividual@96880002{-1918419906} 305.0 13661.0 12802.0 0.06709889079831276 5 26 21.0 0.0 0.06709889079831276 0
14 ec.gp.GPIndividual@1379318396{-796524894} 674.0 8767.0 8387.0 0.04530821509478956 5 17 21.0 0.0 0.04530821509478956 0
14 ec.gp.GPIndividual@408242909{-242532936} 328.0 11066.0 10861.0 0.018874873400239387 5 17 21.0 0.0 0.018874873400239387 0
14 ec.gp.GPIndividual@1379318396{-796524894} 178.0 15549.0 14578.0 0.06660721635340924 5 17 21.0 0.0 0.06660721635340924 0
14 ec.gp.GPIndividual@96880002{-1918419906} 425.0 10555.0 10087.0 0.04639635173986319 5 26 21.0 0.0 0.04639635173986319 0
14 ec.gp.GPIndividual@1379318396{-796524894} 307.0 11066.0 10861.0 0.018874873400239387 5 17 21.0 0.0 0.018874873400239387 0
14 ec.gp.GPIndividual@1366739215{231934173} 1236.0 8667.0 8160.0 0.06213235294117647 5 21 21.0 0.0 0.06213235294117647 0
14 ec.gp.GPIndividual@1366739215{231934173} 43.0 19584.0 12802.0 0.52976097484768 5 21 21.0 0.0 0.52976097484768 0
14 ec.gp.GPIndividual@96880002{-1918419906} 533.0 8328.0 8317.0 0.0013225922808705061 5 26 21.0 0.0 0.0013225922808705061 0
14 ec.gp.GPIndividual@1366739215{231934173} 181.0 11080.0 10087.0 0.09844354119163279 5 21 21.0 0.0 0.09844354119163279 0
14 ec.gp.GPIndividual@1014065912{973083537} 1713.0 15186.0 14578.0 0.04170668130058993 5 28 21.0 0.0 0.04170668130058993 1
14 ec.gp.GPIndividual@1379318396{-796524894} 877.0 8446.0 8160.0 0.03504901960784314 5 17 21.0 0.0 0.03504901960784314 0
14 ec.gp.GPIndividual@1259464499{1315880242} 431.0 10449.0 10054.0 0.03928784563357868 5 17 21.0 0.0 0.03928784563357868 0
14 ec.gp.GPIndividual@1561232290{-711568279} 1568.0 8328.0 8317.0 0.0013225922808705061 5 15 21.0 0.0 0.0013225922808705061 0
14 ec.gp.GPIndividual@408242909{-242532936} 1472.0 8347.0 8160.0 0.022916666666666665 5 17 21.0 0.0 0.022916666666666665 0
14 ec.gp.GPIndividual@1014065912{973083537} 465.0 11444.0 10861.0 0.05367829849921738 5 28 21.0 0.0 0.05367829849921738 1
14 ec.gp.GPIndividual@1379318396{-796524894} 180.0 13688.0 12802.0 0.06920793625995939 5 17 21.0 0.0 0.06920793625995939 0
14 ec.gp.GPIndividual@1366739215{231934173} 632.0 8328.0 8317.0 0.0013225922808705061 5 21 21.0 0.0 0.0013225922808705061 0
14 ec.gp.GPIndividual@1729733168{-111425605} 218.0 10959.0 10054.0 0.09001392480604735 5 23 21.0 0.0 0.09001392480604735 0
14 ec.gp.GPIndividual@1379318396{-796524894} 251.0 10974.0 10087.0 0.08793496579756122 5 17 21.0 0.0 0.08793496579756122 0
14 ec.gp.GPIndividual@1267309053{2040300181} 202.0 11217.0 10054.0 0.1156753530932962 4 11 21.0 0.0 0.1156753530932962 0
14 ec.gp.GPIndividual@1259464499{1315880242} 461.0 13517.0 8387.0 0.611660903779659 5 17 21.0 0.0 0.611660903779659 0
14 ec.gp.GPIndividual@1729733168{-111425605} 303.0 19584.0 8387.0 1.3350423274114702 5 23 21.0 0.0 1.3350423274114702 0
14 ec.gp.GPIndividual@1259464499{1315880242} 122.0 15644.0 14578.0 0.07312388530662642 5 17 21.0 0.0 0.07312388530662642 0
14 ec.gp.GPIndividual@408242909{-242532936} 747.0 13012.0 12802.0 0.016403686923918137 5 17 21.0 0.0 0.016403686923918137 0
14 ec.gp.GPIndividual@1729733168{-111425605} 455.0 15314.0 14578.0 0.05048703525860886 5 23 21.0 0.0 0.05048703525860886 0
14 ec.gp.GPIndividual@1014065912{973083537} 894.0 8347.0 8160.0 0.022916666666666665 5 28 21.0 0.0 0.022916666666666665 1
14 ec.gp.GPIndividual@408242909{-242532936} 238.0 10597.0 10087.0 0.05056012689600476 5 17 21.0 0.0 0.05056012689600476 0
14 ec.gp.GPIndividual@1259464499{1315880242} 562.0 11066.0 10861.0 0.018874873400239387 5 17 21.0 0.0 0.018874873400239387 0
14 ec.gp.GPIndividual@1379318396{-796524894} 1067.0 8328.0 8317.0 0.0013225922808705061 5 17 21.0 0.0 0.0013225922808705061 0
14 ec.gp.GPIndividual@1693283286{1391881200} 0.0 104262.0 10054.0 0.9556395464491745 5 17 21.0 0.0 0.9556395464491745 0
14 ec.gp.GPIndividual@1693283286{1391881200} 0.0 104262.0 8387.0 0.9468224633361154 5 17 21.0 0.0 0.9468224633361154 0
14 ec.gp.GPIndividual@1693283286{1391881200} 0.0 104262.0 14578.0 0.9694059541775277 5 17 21.0 0.0 0.9694059541775277 0
14 ec.gp.GPIndividual@1693283286{1391881200} 0.0 104262.0 10861.0 0.9589356412853328 5 17 21.0 0.0 0.9589356412853328 0
14 ec.gp.GPIndividual@1693283286{1391881200} 0.0 104262.0 8160.0 0.9453431372549019 5 17 21.0 0.0 0.9453431372549019 0
14 ec.gp.GPIndividual@1693283286{1391881200} 0.0 104262.0 12802.0 0.9651616934853929 5 17 21.0 0.0 0.9651616934853929 0
14 ec.gp.GPIndividual@1693283286{1391881200} 0.0 104262.0 10087.0 0.9557846733419253 5 17 21.0 0.0 0.9557846733419253 0
14 ec.gp.GPIndividual@1693283286{1391881200} 0.0 104262.0 8317.0 0.9463748947937959 5 17 21.0 0.0 0.9463748947937959 0
14 ec.gp.GPIndividual@1259464499{1315880242} 556.0 8564.0 8160.0 0.049509803921568625 5 17 21.0 0.0 0.049509803921568625 0
14 ec.gp.GPIndividual@590087299{101475505} 244.0 10054.0 10054.0 0.0 5 19 21.0 0.0 0.0 1
14 ec.gp.GPIndividual@1267309053{2040300181} 1341.0 8560.0 8387.0 0.020627161082627875 4 11 21.0 0.0 0.020627161082627875 0
14 ec.gp.GPIndividual@408242909{-242532936} 752.0 8328.0 8317.0 0.0013225922808705061 5 17 21.0 0.0 0.0013225922808705061 0
14 ec.gp.GPIndividual@1392913861{412379619} 0.0 105260.0 10054.0 0.8563755719116769 2 3 21.0 0.0 0.8563755719116769 0
14 ec.gp.GPIndividual@1392913861{412379619} 0.0 105260.0 8387.0 0.8278287826397996 2 3 21.0 0.0 0.8278287826397996 0
14 ec.gp.GPIndividual@1392913861{412379619} 0.0 105260.0 14578.0 0.9009466319110989 2 3 21.0 0.0 0.9009466319110989 0
14 ec.gp.GPIndividual@1392913861{412379619} 0.0 105260.0 10861.0 0.8670472332197772 2 3 21.0 0.0 0.8670472332197772 0
14 ec.gp.GPIndividual@1392913861{412379619} 0.0 105260.0 8160.0 0.8230392156862745 2 3 21.0 0.0 0.8230392156862745 0
14 ec.gp.GPIndividual@1392913861{412379619} 0.0 105260.0 12802.0 0.8872051241993438 2 3 21.0 0.0 0.8872051241993438 0
14 ec.gp.GPIndividual@1392913861{412379619} 0.0 105260.0 10087.0 0.8568454446317042 2 3 21.0 0.0 0.8568454446317042 0
14 ec.gp.GPIndividual@1392913861{412379619} 0.0 105260.0 8317.0 0.8263797042202717 2 3 21.0 0.0 0.8263797042202717 0
14 ec.gp.GPIndividual@1259464499{1315880242} 312.0 13661.0 12802.0 0.06709889079831276 5 17 21.0 0.0 0.06709889079831276 0
14 ec.gp.GPIndividual@1259464499{1315880242} 177.0 10974.0 10087.0 0.08793496579756122 5 17 21.0 0.0 0.08793496579756122 0
14 ec.gp.GPIndividual@1267309053{2040300181} 423.0 15443.0 14578.0 0.05933598573192482 4 11 21.0 0.0 0.05933598573192482 0
14 ec.gp.GPIndividual@476398315{1667594487} 405.0 10054.0 10054.0 0.0 5 28 21.0 0.0 0.0 1
14 ec.gp.GPIndividual@1729733168{-111425605} 1460.0 11066.0 10861.0 0.018874873400239387 5 23 21.0 0.0 0.018874873400239387 0
14 ec.gp.GPIndividual@1267309053{2040300181} 266.0 12610.0 10861.0 0.16103489549765215 4 11 21.0 0.0 0.16103489549765215 0
14 ec.gp.GPIndividual@1267309053{2040300181} 566.0 10033.0 8160.0 0.22953431372549019 4 11 21.0 0.0 0.22953431372549019 0
14 ec.gp.GPIndividual@1267309053{2040300181} 72.0 19584.0 12802.0 0.52976097484768 4 11 21.0 0.0 0.52976097484768 0
14 ec.gp.GPIndividual@1014065912{973083537} 2159.0 12802.0 12802.0 0.0 5 28 21.0 0.0 0.0 2
14 ec.gp.GPIndividual@1259464499{1315880242} 1019.0 8328.0 8317.0 0.0013225922808705061 5 17 21.0 0.0 0.0013225922808705061 0
14 ec.gp.GPIndividual@590087299{101475505} 1641.0 8624.0 8387.0 0.028258018361750327 5 19 21.0 0.0 0.028258018361750327 1
14 ec.gp.GPIndividual@476398315{1667594487} 1124.0 8624.0 8387.0 0.028258018361750327 5 28 21.0 0.0 0.028258018361750327 1
14 ec.gp.GPIndividual@1014065912{973083537} 197.0 11590.0 10087.0 0.14900366808763754 5 28 21.0 0.0 0.14900366808763754 2
14 ec.gp.GPIndividual@268737589{-529885512} 277.0 10054.0 10054.0 0.0 5 26 21.0 0.0 0.0 1
14 ec.gp.GPIndividual@1729733168{-111425605} 1170.0 8347.0 8160.0 0.022916666666666665 5 23 21.0 0.0 0.022916666666666665 0
14 ec.gp.GPIndividual@1267309053{2040300181} 531.0 10383.0 10087.0 0.02934470110042629 4 11 21.0 0.0 0.02934470110042629 0
14 ec.gp.GPIndividual@476398315{1667594487} 288.0 15443.0 14578.0 0.05933598573192482 5 28 21.0 0.0 0.05933598573192482 1
14 ec.gp.GPIndividual@476398315{1667594487} 475.0 11444.0 10861.0 0.05367829849921738 5 28 21.0 0.0 0.05367829849921738 1
14 ec.gp.GPIndividual@1014065912{973083537} 1346.0 8328.0 8317.0 0.0013225922808705061 5 28 21.0 0.0 0.0013225922808705061 2
14 ec.gp.GPIndividual@268737589{-529885512} 1373.0 8624.0 8387.0 0.028258018361750327 5 26 21.0 0.0 0.028258018361750327 1
14 ec.gp.GPIndividual@590087299{101475505} 1547.0 15186.0 14578.0 0.04170668130058993 5 19 21.0 0.0 0.04170668130058993 1
14 ec.gp.GPIndividual@1267309053{2040300181} 1358.0 8328.0 8317.0 0.0013225922808705061 4 11 21.0 0.0 0.0013225922808705061 0
14 ec.gp.GPIndividual@892042184{939081098} 207.0 10959.0 10054.0 0.09001392480604735 5 18 21.0 0.0 0.09001392480604735 0
14 ec.gp.GPIndividual@476398315{1667594487} 1144.0 8347.0 8160.0 0.022916666666666665 5 28 21.0 0.0 0.022916666666666665 1
14 ec.gp.GPIndividual@268737589{-529885512} 436.0 15186.0 14578.0 0.04170668130058993 5 26 21.0 0.0 0.04170668130058993 1
14 ec.gp.GPIndividual@174972495{2053530376} 700.0 10449.0 10054.0 0.03928784563357868 5 17 21.0 0.0 0.03928784563357868 0
14 ec.gp.GPIndividual@268737589{-529885512} 223.0 12100.0 10861.0 0.11407789337998343 5 26 21.0 0.0 0.11407789337998343 1
14 ec.gp.GPIndividual@1729733168{-111425605} 1876.0 12802.0 12802.0 0.0 5 23 21.0 0.0 0.0 1
14 ec.gp.GPIndividual@476398315{1667594487} 287.0 13661.0 12802.0 0.06709889079831276 5 28 21.0 0.0 0.06709889079831276 1
14 ec.gp.GPIndividual@590087299{101475505} 685.0 11247.0 10861.0 0.03554000552435319 5 19 21.0 0.0 0.03554000552435319 1
14 ec.gp.GPIndividual@892042184{939081098} 419.0 19584.0 8387.0 1.3350423274114702 5 18 21.0 0.0 1.3350423274114702 0
14 ec.gp.GPIndividual@1729733168{-111425605} 192.0 11590.0 10087.0 0.14900366808763754 5 23 21.0 0.0 0.14900366808763754 1
14 ec.gp.GPIndividual@892042184{939081098} 107.0 19584.0 14578.0 0.3433941555768967 5 18 21.0 0.0 0.3433941555768967 0
14 ec.gp.GPIndividual@476398315{1667594487} 449.0 10555.0 10087.0 0.04639635173986319 5 28 21.0 0.0 0.04639635173986319 1
14 ec.gp.GPIndividual@892042184{939081098} 330.0 11658.0 10861.0 0.07338182487800386 5 18 21.0 0.0 0.07338182487800386 0
14 ec.gp.GPIndividual@476398315{1667594487} 566.0 8328.0 8317.0 0.0013225922808705061 5 28 21.0 0.0 0.0013225922808705061 1
14 ec.gp.GPIndividual@2071134262{1677405806} 50.0 11217.0 10054.0 0.1156753530932962 5 15 21.0 0.0 0.1156753530932962 0
14 ec.gp.GPIndividual@590087299{101475505} 1098.0 8347.0 8160.0 0.022916666666666665 5 19 21.0 0.0 0.022916666666666665 1
14 ec.gp.GPIndividual@892042184{939081098} 621.0 10033.0 8160.0 0.22953431372549019 5 18 21.0 0.0 0.22953431372549019 0
14 ec.gp.GPIndividual@268737589{-529885512} 1202.0 8347.0 8160.0 0.022916666666666665 5 26 21.0 0.0 0.022916666666666665 1
14 ec.gp.GPIndividual@1729733168{-111425605} 1007.0 8328.0 8317.0 0.0013225922808705061 5 23 21.0 0.0 0.0013225922808705061 1
14 ec.gp.GPIndividual@1453795413{-1535392731} 49.0 11217.0 10054.0 0.1156753530932962 5 19 21.0 0.0 0.1156753530932962 0
14 ec.gp.GPIndividual@892042184{939081098} 172.0 13688.0 12802.0 0.06920793625995939 5 18 21.0 0.0 0.06920793625995939 0
14 ec.gp.GPIndividual@2071134262{1677405806} 301.0 13517.0 8387.0 0.611660903779659 5 15 21.0 0.0 0.611660903779659 0
14 ec.gp.GPIndividual@590087299{101475505} 307.0 13528.0 12802.0 0.05670988907983127 5 19 21.0 0.0 0.05670988907983127 1
14 ec.gp.GPIndividual@2071134262{1677405806} 70.0 15644.0 14578.0 0.07312388530662642 5 15 21.0 0.0 0.07312388530662642 0
14 ec.gp.GPIndividual@174972495{2053530376} 1595.0 8560.0 8387.0 0.020627161082627875 5 17 21.0 0.0 0.020627161082627875 0
14 ec.gp.GPIndividual@268737589{-529885512} 343.0 13528.0 12802.0 0.05670988907983127 5 26 21.0 0.0 0.05670988907983127 1
14 ec.gp.GPIndividual@1453795413{-1535392731} 290.0 13517.0 8387.0 0.611660903779659 5 19 21.0 0.0 0.611660903779659 0
14 ec.gp.GPIndividual@1453795413{-1535392731} 81.0 15644.0 14578.0 0.07312388530662642 5 19 21.0 0.0 0.07312388530662642 0
14 ec.gp.GPIndividual@174972495{2053530376} 123.0 15644.0 14578.0 0.07312388530662642 5 17 21.0 0.0 0.07312388530662642 0
14 ec.gp.GPIndividual@2071134262{1677405806} 145.0 11280.0 10861.0 0.03857839977902587 5 15 21.0 0.0 0.03857839977902587 0
14 ec.gp.GPIndividual@892042184{939081098} 303.0 11159.0 10087.0 0.10627540398532764 5 18 21.0 0.0 0.10627540398532764 0
14 ec.gp.GPIndividual@1453795413{-1535392731} 147.0 11280.0 10861.0 0.03857839977902587 5 19 21.0 0.0 0.03857839977902587 0
14 ec.gp.GPIndividual@268737589{-529885512} 444.0 10555.0 10087.0 0.04639635173986319 5 26 21.0 0.0 0.04639635173986319 1
14 ec.gp.GPIndividual@2071134262{1677405806} 528.0 8564.0 8160.0 0.049509803921568625 5 15 21.0 0.0 0.049509803921568625 0
14 ec.gp.GPIndividual@892042184{939081098} 536.0 8328.0 8317.0 0.0013225922808705061 5 18 21.0 0.0 0.0013225922808705061 0
14 ec.gp.GPIndividual@590087299{101475505} 725.0 10087.0 10087.0 0.0 5 19 21.0 0.0 0.0 2
14 ec.gp.GPIndividual@2071134262{1677405806} 44.0 14590.0 12802.0 0.13966567723793158 5 15 21.0 0.0 0.13966567723793158 0
14 ec.gp.GPIndividual@1453795413{-1535392731} 519.0 8564.0 8160.0 0.049509803921568625 5 19 21.0 0.0 0.049509803921568625 0
14 ec.gp.GPIndividual@1453795413{-1535392731} 36.0 14590.0 12802.0 0.13966567723793158 5 19 21.0 0.0 0.13966567723793158 0
14 ec.gp.GPIndividual@2071134262{1677405806} 126.0 10974.0 10087.0 0.08793496579756122 5 15 21.0 0.0 0.08793496579756122 0
14 ec.gp.GPIndividual@1453795413{-1535392731} 121.0 10974.0 10087.0 0.08793496579756122 5 19 21.0 0.0 0.08793496579756122 0
14 ec.gp.GPIndividual@171546205{-812738546} 427.0 10449.0 10054.0 0.03928784563357868 5 19 21.0 0.0 0.03928784563357868 0
14 ec.gp.GPIndividual@590087299{101475505} 570.0 8328.0 8317.0 0.0013225922808705061 5 19 21.0 0.0 0.0013225922808705061 2
14 ec.gp.GPIndividual@174972495{2053530376} 1145.0 11066.0 10861.0 0.018874873400239387 5 17 21.0 0.0 0.018874873400239387 0
14 ec.gp.GPIndividual@2071134262{1677405806} 452.0 8328.0 8317.0 0.0013225922808705061 5 15 21.0 0.0 0.0013225922808705061 0
14 ec.gp.GPIndividual@1453795413{-1535392731} 434.0 8328.0 8317.0 0.0013225922808705061 5 19 21.0 0.0 0.0013225922808705061 0
14 ec.gp.GPIndividual@371005661{-285262890} 466.0 9246.0 10054.0 0.08036602347324448 5 26 21.0 0.0 0.08036602347324448 0
14 ec.gp.GPIndividual@171546205{-812738546} 888.0 8767.0 8387.0 0.04530821509478956 5 19 21.0 0.0 0.04530821509478956 0
14 ec.gp.GPIndividual@174972495{2053530376} 778.0 8446.0 8160.0 0.03504901960784314 5 17 21.0 0.0 0.03504901960784314 0
14 ec.gp.GPIndividual@174972495{2053530376} 59.0 14590.0 12802.0 0.13966567723793158 5 17 21.0 0.0 0.13966567723793158 0
14 ec.gp.GPIndividual@171546205{-812738546} 123.0 15613.0 14578.0 0.07099739333241871 5 19 21.0 0.0 0.07099739333241871 0
14 ec.gp.GPIndividual@171546205{-812738546} 395.0 11444.0 10861.0 0.05367829849921738 5 19 21.0 0.0 0.05367829849921738 0
14 ec.gp.GPIndividual@268737589{-529885512} 2286.0 8328.0 8317.0 0.0013225922808705061 5 26 21.0 0.0 0.0013225922808705061 1
14 ec.gp.GPIndividual@2019520274{1587944265} 435.0 9246.0 10054.0 0.08036602347324448 5 26 21.0 0.0 0.08036602347324448 0
14 ec.gp.GPIndividual@171546205{-812738546} 793.0 8347.0 8160.0 0.022916666666666665 5 19 21.0 0.0 0.022916666666666665 0
14 ec.gp.GPIndividual@371005661{-285262890} 1527.0 8528.0 8387.0 0.016811732443066652 5 26 21.0 0.0 0.016811732443066652 0
14 ec.gp.GPIndividual@174972495{2053530376} 1295.0 10241.0 10087.0 0.015267175572519083 5 17 21.0 0.0 0.015267175572519083 0
14 ec.gp.GPIndividual@171546205{-812738546} 243.0 13688.0 12802.0 0.06920793625995939 5 19 21.0 0.0 0.06920793625995939 0
14 ec.gp.GPIndividual@371005661{-285262890} 401.0 15194.0 14578.0 0.04225545342296611 5 26 21.0 0.0 0.04225545342296611 0
14 ec.gp.GPIndividual@174972495{2053530376} 535.0 8328.0 8317.0 0.0013225922808705061 5 17 21.0 0.0 0.0013225922808705061 0
14 ec.gp.GPIndividual@171546205{-812738546} 385.0 10555.0 10087.0 0.04639635173986319 5 19 21.0 0.0 0.04639635173986319 0
14 ec.gp.GPIndividual@695354932{392557516} 169.0 10959.0 10054.0 0.09001392480604735 5 26 21.0 0.0 0.09001392480604735 0
14 ec.gp.GPIndividual@371005661{-285262890} 548.0 11247.0 10861.0 0.03554000552435319 5 26 21.0 0.0 0.03554000552435319 0
14 ec.gp.GPIndividual@695354932{392557516} 866.0 8560.0 8387.0 0.020627161082627875 5 26 21.0 0.0 0.020627161082627875 0
14 ec.gp.GPIndividual@371005661{-285262890} 718.0 8347.0 8160.0 0.022916666666666665 5 26 21.0 0.0 0.022916666666666665 0
14 ec.gp.GPIndividual@695354932{392557516} 117.0 15613.0 14578.0 0.07099739333241871 5 26 21.0 0.0 0.07099739333241871 0
14 ec.gp.GPIndividual@695354932{392557516} 288.0 11658.0 10861.0 0.07338182487800386 5 26 21.0 0.0 0.07338182487800386 0
14 ec.gp.GPIndividual@695354932{392557516} 1.0 11433.0 8160.0 0.4011029411764706 5 26 21.0 0.0 0.4011029411764706 0
14 ec.gp.GPIndividual@695354932{392557516} 85.0 19584.0 12802.0 0.52976097484768 5 26 21.0 0.0 0.52976097484768 0
14 ec.gp.GPIndividual@371005661{-285262890} 577.0 13477.0 12802.0 0.052726136541165446 5 26 21.0 0.0 0.052726136541165446 0
14 ec.gp.GPIndividual@2019520274{1587944265} 2518.0 8528.0 8387.0 0.016811732443066652 5 26 21.0 0.0 0.016811732443066652 0
14 ec.gp.GPIndividual@695354932{392557516} 264.0 11159.0 10087.0 0.10627540398532764 5 26 21.0 0.0 0.10627540398532764 0
14 ec.gp.GPIndividual@695354932{392557516} 2.0 12794.0 8317.0 0.538295058314296 5 26 21.0 0.0 0.538295058314296 0
14 ec.gp.GPIndividual@2019520274{1587944265} 216.0 15443.0 14578.0 0.05933598573192482 5 26 21.0 0.0 0.05933598573192482 0
14 ec.gp.GPIndividual@1749968529{-1052270777} 285.0 10054.0 10054.0 0.0 5 26 21.0 0.0 0.0 1
14 ec.gp.GPIndividual@171546205{-812738546} 2092.0 8328.0 8317.0 0.0013225922808705061 5 19 21.0 0.0 0.0013225922808705061 0
14 ec.gp.GPIndividual@371005661{-285262890} 491.0 10383.0 10087.0 0.02934470110042629 5 26 21.0 0.0 0.02934470110042629 0
14 ec.gp.GPIndividual@1835010212{-849883550} 418.0 9246.0 10054.0 0.08036602347324448 5 17 21.0 0.0 0.08036602347324448 0
14 ec.gp.GPIndividual@2019520274{1587944265} 522.0 11247.0 10861.0 0.03554000552435319 5 26 21.0 0.0 0.03554000552435319 0
14 ec.gp.GPIndividual@1749968529{-1052270777} 1766.0 8528.0 8387.0 0.016811732443066652 5 26 21.0 0.0 0.016811732443066652 1
14 ec.gp.GPIndividual@1835010212{-849883550} 1380.0 8560.0 8387.0 0.020627161082627875 5 17 21.0 0.0 0.020627161082627875 0
14 ec.gp.GPIndividual@371005661{-285262890} 1766.0 8328.0 8317.0 0.0013225922808705061 5 26 21.0 0.0 0.0013225922808705061 0
14 ec.gp.GPIndividual@2019520274{1587944265} 1435.0 8347.0 8160.0 0.022916666666666665 5 26 21.0 0.0 0.022916666666666665 0
14 ec.gp.GPIndividual@1067948591{-568615139} 74.0 10822.0 10054.0 0.07638750745971752 5 15 21.0 0.0 0.07638750745971752 0
14 ec.gp.GPIndividual@1749968529{-1052270777} 403.0 15314.0 14578.0 0.05048703525860886 5 26 21.0 0.0 0.05048703525860886 1
14 ec.gp.GPIndividual@2019520274{1587944265} 404.0 13661.0 12802.0 0.06709889079831276 5 26 21.0 0.0 0.06709889079831276 0
14 ec.gp.GPIndividual@1749968529{-1052270777} 511.0 11247.0 10861.0 0.03554000552435319 5 26 21.0 0.0 0.03554000552435319 1
14 ec.gp.GPIndividual@2019520274{1587944265} 480.0 10383.0 10087.0 0.02934470110042629 5 26 21.0 0.0 0.02934470110042629 0
14 ec.gp.GPIndividual@1067948591{-568615139} 853.0 8560.0 8387.0 0.020627161082627875 5 15 21.0 0.0 0.020627161082627875 0
14 ec.gp.GPIndividual@1067948591{-568615139} 145.0 15613.0 14578.0 0.07099739333241871 5 15 21.0 0.0 0.07099739333241871 0
14 ec.gp.GPIndividual@1067948591{-568615139} 302.0 11658.0 10861.0 0.07338182487800386 5 15 21.0 0.0 0.07338182487800386 0
14 ec.gp.GPIndividual@1067948591{-568615139} 746.0 8347.0 8160.0 0.022916666666666665 5 15 21.0 0.0 0.022916666666666665 0
14 ec.gp.GPIndividual@1835010212{-849883550} 2324.0 14697.0 14578.0 0.008162985320345727 5 17 21.0 0.0 0.008162985320345727 0
14 ec.gp.GPIndividual@1749968529{-1052270777} 2144.0 8347.0 8160.0 0.022916666666666665 5 26 21.0 0.0 0.022916666666666665 1
14 ec.gp.GPIndividual@1067948591{-568615139} 974.0 12851.0 12802.0 0.0038275269489142323 5 15 21.0 0.0 0.0038275269489142323 0
14 ec.gp.GPIndividual@1067948591{-568615139} 255.0 11159.0 10087.0 0.10627540398532764 5 15 21.0 0.0 0.10627540398532764 0
14 ec.gp.GPIndividual@1835010212{-849883550} 1534.0 11066.0 10861.0 0.018874873400239387 5 17 21.0 0.0 0.018874873400239387 0
14 ec.gp.GPIndividual@2019520274{1587944265} 2942.0 8328.0 8317.0 0.0013225922808705061 5 26 21.0 0.0 0.0013225922808705061 0
14 ec.gp.GPIndividual@1749968529{-1052270777} 968.0 12870.0 12802.0 0.005311670051554445 5 26 21.0 0.0 0.005311670051554445 1
14 ec.gp.GPIndividual@1749968529{-1052270777} 456.0 10383.0 10087.0 0.02934470110042629 5 26 21.0 0.0 0.02934470110042629 1
14 ec.gp.GPIndividual@1067948591{-568615139} 2893.0 8328.0 8317.0 0.0013225922808705061 5 15 21.0 0.0 0.0013225922808705061 0
14 ec.gp.GPIndividual@361080777{771286487} 562.0 10141.0 10054.0 0.008653272329421126 5 21 21.0 0.0 0.008653272329421126 0
14 ec.gp.GPIndividual@1835010212{-849883550} 3479.0 8347.0 8160.0 0.022916666666666665 5 17 21.0 0.0 0.022916666666666665 0
14 ec.gp.GPIndividual@1749968529{-1052270777} 3043.0 8328.0 8317.0 0.0013225922808705061 5 26 21.0 0.0 0.0013225922808705061 1
14 ec.gp.GPIndividual@361080777{771286487} 732.0 8767.0 8387.0 0.04530821509478956 5 21 21.0 0.0 0.04530821509478956 0
14 ec.gp.GPIndividual@1835010212{-849883550} 373.0 13528.0 12802.0 0.05670988907983127 5 17 21.0 0.0 0.05670988907983127 0
14 ec.gp.GPIndividual@361080777{771286487} 138.0 15613.0 14578.0 0.07099739333241871 5 21 21.0 0.0 0.07099739333241871 0
14 ec.gp.GPIndividual@1600124874{-895051278} 264.0 10959.0 10054.0 0.09001392480604735 5 17 21.0 0.0 0.09001392480604735 0
14 ec.gp.GPIndividual@361080777{771286487} 508.0 11247.0 10861.0 0.03554000552435319 5 21 21.0 0.0 0.03554000552435319 0
14 ec.gp.GPIndividual@1835010212{-849883550} 574.0 10383.0 10087.0 0.02934470110042629 5 17 21.0 0.0 0.02934470110042629 0
14 ec.gp.GPIndividual@1600124874{-895051278} 1066.0 8560.0 8387.0 0.020627161082627875 5 17 21.0 0.0 0.020627161082627875 0
14 ec.gp.GPIndividual@361080777{771286487} 681.0 8347.0 8160.0 0.022916666666666665 5 21 21.0 0.0 0.022916666666666665 0
14 ec.gp.GPIndividual@1600124874{-895051278} 186.0 15613.0 14578.0 0.07099739333241871 5 17 21.0 0.0 0.07099739333241871 0
14 ec.gp.GPIndividual@361080777{771286487} 129.0 19584.0 12802.0 0.52976097484768 5 21 21.0 0.0 0.52976097484768 0
14 ec.gp.GPIndividual@1600124874{-895051278} 392.0 11444.0 10861.0 0.05367829849921738 5 17 21.0 0.0 0.05367829849921738 0
14 ec.gp.GPIndividual@361080777{771286487} 475.0 10383.0 10087.0 0.02934470110042629 5 21 21.0 0.0 0.02934470110042629 0
14 ec.gp.GPIndividual@1600124874{-895051278} 2898.0 8241.0 8160.0 0.009926470588235294 5 17 21.0 0.0 0.009926470588235294 0
14 ec.gp.GPIndividual@1600124874{-895051278} 150.0 19584.0 12802.0 0.52976097484768 5 17 21.0 0.0 0.52976097484768 0
14 ec.gp.GPIndividual@361080777{771286487} 2951.0 8328.0 8317.0 0.0013225922808705061 5 21 21.0 0.0 0.0013225922808705061 0
14 ec.gp.GPIndividual@1600124874{-895051278} 154.0 11590.0 10087.0 0.14900366808763754 5 17 21.0 0.0 0.14900366808763754 0
14 ec.gp.GPIndividual@1835010212{-849883550} 4468.0 8328.0 8317.0 0.0013225922808705061 5 17 21.0 0.0 0.0013225922808705061 0
14 ec.gp.GPIndividual@1600124874{-895051278} 11028.0 8328.0 8317.0 0.0013225922808705061 5 17 21.0 0.0 0.0013225922808705061 0
14 ec.gp.GPIndividual@1000658376{266366364} 6935.0 10141.0 10054.0 0.008653272329421126 5 23 21.0 0.0 0.008653272329421126 0
14 ec.gp.GPIndividual@1000658376{266366364} 3393.0 8528.0 8387.0 0.016811732443066652 5 23 21.0 0.0 0.016811732443066652 0
14 ec.gp.GPIndividual@1000658376{266366364} 837.0 14697.0 14578.0 0.008162985320345727 5 23 21.0 0.0 0.008162985320345727 0
14 ec.gp.GPIndividual@1000658376{266366364} 16735.0 11028.0 10861.0 0.015376116379707209 5 23 21.0 0.0 0.015376116379707209 0
14 ec.gp.GPIndividual@1000658376{266366364} 14077.0 8215.0 8160.0 0.006740196078431373 5 23 21.0 0.0 0.006740196078431373 0
14 ec.gp.GPIndividual@1000658376{266366364} 530.0 13661.0 12802.0 0.06709889079831276 5 23 21.0 0.0 0.06709889079831276 0
14 ec.gp.GPIndividual@1000658376{266366364} 581.0 11336.0 10087.0 0.12382274214335283 5 23 21.0 0.0 0.12382274214335283 0
14 ec.gp.GPIndividual@1000658376{266366364} 16888.0 8328.0 8317.0 0.0013225922808705061 5 23 21.0 0.0 0.0013225922808705061 0
15 ec.gp.GPIndividual@14444398{1096608486} 0.0 104262.0 10054.0 0.9556395464491745 1 1 21.0 0.0 0.9556395464491745 0
15 ec.gp.GPIndividual@477362173{664513076} 0.0 105260.0 10054.0 0.8563755719116769 1 1 21.0 0.0 0.8563755719116769 0
15 ec.gp.GPIndividual@14444398{1096608486} 0.0 104262.0 8387.0 0.9468224633361154 1 1 21.0 0.0 0.9468224633361154 0
15 ec.gp.GPIndividual@2056245420{354956718} 0.0 13530.0 10054.0 0.34573304157549234 5 19 21.0 0.0 0.34573304157549234 0
15 ec.gp.GPIndividual@477362173{664513076} 15 ec.gp.GPIndividual@14444398{1096608486} 0.0 0.0 105260.0 14578.0 0.8278287826397996 104262.0 14578.0 0.9694059541775277 1 1 21.0 0.0 1 1 21.0 0.0 0.8278287826397996 0
0.9694059541775277 0
15 ec.gp.GPIndividual@2056245420{354956718} 0.0 13517.0 8387.0 0.611660903779659 5 19 21.0 0.0 0.611660903779659 0
15 ec.gp.GPIndividual@477362173{664513076} 15 ec.gp.GPIndividual@14444398{1096608486} 0.0 0.0 105260.0 10861.0 0.9009466319110989 104262.0 10861.0 0.9589356412853328 1 1 21.0 0.0 1 1 21.0 0.0 0.9009466319110989 0
0.9589356412853328 0
15 ec.gp.GPIndividual@2056245420{354956718} 0.0 15644.0 14578.0 0.07312388530662642 5 19 21.0 0.0 0.07312388530662642 0
15 ec.gp.GPIndividual@477362173{664513076} 0.0 105260.0 8160.0 0.8670472332197772 15 ec.gp.GPIndividual@14444398{1096608486} 1 1 21.0 0.0 0.0 0.8670472332197772 0
104262.0 8160.0 0.9453431372549019 1 1 21.0 0.0 0.9453431372549019 0
15 ec.gp.GPIndividual@477362173{664513076} 0.0 105260.0 8160.0 0.8230392156862745 1 1 21.0 0.0 0.8230392156862745 0
15 ec.gp.GPIndividual@477362173{664513076} 0.0 15 ec.gp.GPIndividual@14444398{1096608486} 105260.0 12802.0 0.8872051241993438 0.0 1 1 21.0 0.0 0.8872051241993438 0
104262.0 12802.0 0.9651616934853929 1 1 21.0 0.0 15 ec.gp.GPIndividual@2056245420{354956718} 0.9651616934853929 0
0.0 13530.0 10861.0 0.24574164441579965 5 19 21.0 0.0 0.24574164441579965 0
15 ec.gp.GPIndividual@14444398{1096608486} 15 ec.gp.GPIndividual@477362173{664513076} 0.0 0.0 104262.0 10087.0 0.9557846733419253 105260.0 10087.0 0.8568454446317042 1 1 21.0 0.0 1 1 21.0 0.0 0.9557846733419253 0
0.8568454446317042 0
15 ec.gp.GPIndividual@477362173{664513076} 0.0 105260.0 8317.0 0.8263797042202717 1 1 21.0 0.0 0.8263797042202717 0
15 ec.gp.GPIndividual@14444398{1096608486} 0.0 104262.0 8317.0 0.9463748947937959 1 1 21.0 0.0 0.9463748947937959 0
15 ec.gp.GPIndividual@2056245420{354956718} 0.0 13521.0 8160.0 0.6569852941176471 5 19 21.0 0.0 0.6569852941176471 0
15 ec.gp.GPIndividual@2056245420{354956718} 0.0 14590.0 12802.0 0.13966567723793158 5 19 21.0 0.0 0.13966567723793158 0
15 ec.gp.GPIndividual@2056245420{354956718} 0.0 13530.0 10087.0 0.34133042529989094 5 19 21.0 0.0 0.34133042529989094 0
15 ec.gp.GPIndividual@2056245420{354956718} 0.0 13534.0 8317.0 0.6272694481183119 5 19 21.0 0.0 0.6272694481183119 0
15 ec.gp.GPIndividual@1788945028{826924265} 42.0 10822.0 10054.0 0.07638750745971752 5 19 21.0 0.0 0.07638750745971752 0
15 ec.gp.GPIndividual@2079411029{1148668499} 44.0 11217.0 10054.0 0.1156753530932962 5 17 21.0 0.0 0.1156753530932962 0
15 ec.gp.GPIndividual@457040650{467337818} 248.0 10054.0 10054.0 0.0 5 24 21.0 0.0 0.0 1
15 ec.gp.GPIndividual@2079411029{1148668499} 292.0 13517.0 8387.0 0.611660903779659 5 17 21.0 0.0 0.611660903779659 0
15 ec.gp.GPIndividual@1788945028{826924265} 296.0 10970.0 8387.0 0.3079766304995827 5 19 21.0 0.0 0.3079766304995827 0
15 ec.gp.GPIndividual@1325584334{-1761016034} 344.0 10054.0 10054.0 0.0 5 24 21.0 0.0 0.0 1
15 ec.gp.GPIndividual@1229106727{-845055274} 373.0 10959.0 10054.0 0.09001392480604735 4 15 21.0 0.0 0.09001392480604735 0
15 ec.gp.GPIndividual@2079411029{1148668499} 66.0 15644.0 14578.0 0.07312388530662642 5 17 21.0 0.0 0.07312388530662642 0
15 ec.gp.GPIndividual@1788945028{826924265} 66.0 15644.0 14578.0 0.07312388530662642 5 19 21.0 0.0 0.07312388530662642 0
15 ec.gp.GPIndividual@1788945028{826924265} 128.0 11280.0 10861.0 0.03857839977902587 5 19 21.0 0.0 0.03857839977902587 0
15 ec.gp.GPIndividual@2079411029{1148668499} 137.0 11280.0 10861.0 0.03857839977902587 5 17 21.0 0.0 0.03857839977902587 0
15 ec.gp.GPIndividual@78312656{-855171204} 669.0 10141.0 10054.0 0.008653272329421126 5 19 21.0 0.0 0.008653272329421126 0
15 ec.gp.GPIndividual@457040650{467337818} 706.0 8624.0 8387.0 0.028258018361750327 5 24 21.0 0.0 0.028258018361750327 1
15 ec.gp.GPIndividual@1325584334{-1761016034} 677.0 8624.0 8387.0 0.028258018361750327 5 24 21.0 0.0 0.028258018361750327 1
15 ec.gp.GPIndividual@1229106727{-845055274} 650.0 8767.0 8387.0 0.04530821509478956 4 15 21.0 0.0 0.04530821509478956 0
15 ec.gp.GPIndividual@1788945028{826924265} 521.0 8564.0 8160.0 0.049509803921568625 5 19 21.0 0.0 0.049509803921568625 0
15 ec.gp.GPIndividual@2079411029{1148668499} 531.0 8564.0 8160.0 0.049509803921568625 5 17 21.0 0.0 0.049509803921568625 0
15 ec.gp.GPIndividual@1788945028{826924265} 39.0 13837.0 12802.0 0.08084674269645369 5 19 21.0 0.0 0.08084674269645369 0
15 ec.gp.GPIndividual@2079411029{1148668499} 48.0 14590.0 12802.0 0.13966567723793158 5 17 21.0 0.0 0.13966567723793158 0
15 ec.gp.GPIndividual@78312656{-855171204} 460.0 19584.0 8387.0 1.3350423274114702 5 19 21.0 0.0 1.3350423274114702 0
15 ec.gp.GPIndividual@1325584334{-1761016034} 177.0 15613.0 14578.0 0.07099739333241871 5 24 21.0 0.0 0.07099739333241871 1
15 ec.gp.GPIndividual@1229106727{-845055274} 209.0 15613.0 14578.0 0.07099739333241871 4 15 21.0 0.0 0.07099739333241871 0
15 ec.gp.GPIndividual@1788945028{826924265} 146.0 10974.0 10087.0 0.08793496579756122 5 19 21.0 0.0 0.08793496579756122 0
15 ec.gp.GPIndividual@2079411029{1148668499} 135.0 10974.0 10087.0 0.08793496579756122 5 17 21.0 0.0 0.08793496579756122 0
15 ec.gp.GPIndividual@78312656{-855171204} 418.0 15314.0 14578.0 0.05048703525860886 5 19 21.0 0.0 0.05048703525860886 0
15 ec.gp.GPIndividual@1325584334{-1761016034} 351.0 11658.0 10861.0 0.07338182487800386 5 24 21.0 0.0 0.07338182487800386 1
15 ec.gp.GPIndividual@2079411029{1148668499} 437.0 8328.0 8317.0 0.0013225922808705061 5 17 21.0 0.0 0.0013225922808705061 0
15 ec.gp.GPIndividual@1788945028{826924265} 461.0 8328.0 8317.0 0.0013225922808705061 5 19 21.0 0.0 0.0013225922808705061 0
15 ec.gp.GPIndividual@1947071550{-348015790} 218.0 10959.0 10054.0 0.09001392480604735 5 18 21.0 0.0 0.09001392480604735 0
15 ec.gp.GPIndividual@1325584334{-1761016034} 534.0 10033.0 8160.0 0.22953431372549019 5 24 21.0 0.0 0.22953431372549019 1
15 ec.gp.GPIndividual@79356195{614379606} 405.0 10959.0 10054.0 0.09001392480604735 5 21 21.0 0.0 0.09001392480604735 0
15 ec.gp.GPIndividual@78312656{-855171204} 618.0 11247.0 10861.0 0.03554000552435319 5 19 21.0 0.0 0.03554000552435319 0
15 ec.gp.GPIndividual@1229106727{-845055274} 968.0 11066.0 10861.0 0.018874873400239387 4 15 21.0 0.0 0.018874873400239387 0
15 ec.gp.GPIndividual@1325584334{-1761016034} 134.0 13688.0 12802.0 0.06920793625995939 5 24 21.0 0.0 0.06920793625995939 1
15 ec.gp.GPIndividual@1325584334{-1761016034} 298.0 11159.0 10087.0 0.10627540398532764 5 24 21.0 0.0 0.10627540398532764 1
15 ec.gp.GPIndividual@79356195{614379606} 486.0 13517.0 8387.0 0.611660903779659 5 21 21.0 0.0 0.611660903779659 0
15 ec.gp.GPIndividual@1947071550{-348015790} 686.0 8767.0 8387.0 0.04530821509478956 5 18 21.0 0.0 0.04530821509478956 0
15 ec.gp.GPIndividual@1947071550{-348015790} 82.0 19584.0 14578.0 0.3433941555768967 5 18 21.0 0.0 0.3433941555768967 0
15 ec.gp.GPIndividual@79356195{614379606} 122.0 15644.0 14578.0 0.07312388530662642 5 21 21.0 0.0 0.07312388530662642 0
15 ec.gp.GPIndividual@457040650{467337818} 1841.0 14697.0 14578.0 0.008162985320345727 5 24 21.0 0.0 0.008162985320345727 1
15 ec.gp.GPIndividual@1947071550{-348015790} 337.0 11658.0 10861.0 0.07338182487800386 5 18 21.0 0.0 0.07338182487800386 0
15 ec.gp.GPIndividual@1325584334{-1761016034} 1042.0 8328.0 8317.0 0.0013225922808705061 5 24 21.0 0.0 0.0013225922808705061 1
15 ec.gp.GPIndividual@1229106727{-845055274} 1546.0 8347.0 8160.0 0.022916666666666665 4 15 21.0 0.0 0.022916666666666665 0
15 ec.gp.GPIndividual@191795554{-1200656780} 191.0 10959.0 10054.0 0.09001392480604735 5 21 21.0 0.0 0.09001392480604735 0
15 ec.gp.GPIndividual@457040650{467337818} 1045.0 11066.0 10861.0 0.018874873400239387 5 24 21.0 0.0 0.018874873400239387 1
15 ec.gp.GPIndividual@191795554{-1200656780} 283.0 12529.0 8387.0 0.49385954453320613 5 21 21.0 0.0 0.49385954453320613 0
15 ec.gp.GPIndividual@1229106727{-845055274} 311.0 13661.0 12802.0 0.06709889079831276 4 15 21.0 0.0 0.06709889079831276 0
15 ec.gp.GPIndividual@191795554{-1200656780} 70.0 15644.0 14578.0 0.07312388530662642 5 21 21.0 0.0 0.07312388530662642 0
15 ec.gp.GPIndividual@78312656{-855171204} 1957.0 8347.0 8160.0 0.022916666666666665 5 19 21.0 0.0 0.022916666666666665 0
15 ec.gp.GPIndividual@78312656{-855171204} 74.0 19584.0 12802.0 0.52976097484768 5 19 21.0 0.0 0.52976097484768 0
15 ec.gp.GPIndividual@457040650{467337818} 548.0 10033.0 8160.0 0.22953431372549019 5 24 21.0 0.0 0.22953431372549019 1
15 ec.gp.GPIndividual@78312656{-855171204} 218.0 11590.0 10087.0 0.14900366808763754 5 19 21.0 0.0 0.14900366808763754 0
15 ec.gp.GPIndividual@191795554{-1200656780} 391.0 11102.0 10861.0 0.02218948531442777 5 21 21.0 0.0 0.02218948531442777 0
15 ec.gp.GPIndividual@1947071550{-348015790} 1478.0 8347.0 8160.0 0.022916666666666665 5 18 21.0 0.0 0.022916666666666665 0
15 ec.gp.GPIndividual@457040650{467337818} 160.0 13688.0 12802.0 0.06920793625995939 5 24 21.0 0.0 0.06920793625995939 1
15 ec.gp.GPIndividual@1947071550{-348015790} 74.0 19584.0 12802.0 0.52976097484768 5 18 21.0 0.0 0.52976097484768 0
15 ec.gp.GPIndividual@79356195{614379606} 1890.0 11066.0 10861.0 0.018874873400239387 5 21 21.0 0.0 0.018874873400239387 0
15 ec.gp.GPIndividual@1947071550{-348015790} 280.0 11159.0 10087.0 0.10627540398532764 5 18 21.0 0.0 0.10627540398532764 0
15 ec.gp.GPIndividual@457040650{467337818} 448.0 10555.0 10087.0 0.04639635173986319 5 24 21.0 0.0 0.04639635173986319 1
15 ec.gp.GPIndividual@1229106727{-845055274} 1474.0 10087.0 10087.0 0.0 4 15 21.0 0.0 0.0 1
15 ec.gp.GPIndividual@191795554{-1200656780} 1057.0 8347.0 8160.0 0.022916666666666665 5 21 21.0 0.0 0.022916666666666665 0
15 ec.gp.GPIndividual@457040650{467337818} 561.0 8328.0 8317.0 0.0013225922808705061 5 24 21.0 0.0 0.0013225922808705061 1
15 ec.gp.GPIndividual@191795554{-1200656780} 43.0 13918.0 12802.0 0.08717387908139353 5 21 21.0 0.0 0.08717387908139353 0
15 ec.gp.GPIndividual@79356195{614379606} 1253.0 8347.0 8160.0 0.022916666666666665 5 21 21.0 0.0 0.022916666666666665 0
15 ec.gp.GPIndividual@191795554{-1200656780} 338.0 10594.0 10087.0 0.05026271438485179 5 21 21.0 0.0 0.05026271438485179 0
15 ec.gp.GPIndividual@79356195{614379606} 78.0 14590.0 12802.0 0.13966567723793158 5 21 21.0 0.0 0.13966567723793158 0
15 ec.gp.GPIndividual@1006413312{952589454} 410.0 10959.0 10054.0 0.09001392480604735 5 20 21.0 0.0 0.09001392480604735 0
15 ec.gp.GPIndividual@78312656{-855171204} 1614.0 8328.0 8317.0 0.0013225922808705061 5 19 21.0 0.0 0.0013225922808705061 0
15 ec.gp.GPIndividual@123695240{1948675049} 0.0 104262.0 10054.0 0.9556395464491745 1 1 21.0 0.0 0.9556395464491745 0
15 ec.gp.GPIndividual@123695240{1948675049} 0.0 104262.0 8387.0 0.9468224633361154 1 1 21.0 0.0 0.9468224633361154 0
15 ec.gp.GPIndividual@123695240{1948675049} 0.0 104262.0 14578.0 0.9694059541775277 1 1 21.0 0.0 0.9694059541775277 0
15 ec.gp.GPIndividual@123695240{1948675049} 0.0 104262.0 10861.0 0.9589356412853328 1 1 21.0 0.0 0.9589356412853328 0
15 ec.gp.GPIndividual@123695240{1948675049} 0.0 104262.0 8160.0 0.9453431372549019 1 1 21.0 0.0 0.9453431372549019 0
15 ec.gp.GPIndividual@123695240{1948675049} 0.0 104262.0 12802.0 0.9651616934853929 1 1 21.0 0.0 0.9651616934853929 0
15 ec.gp.GPIndividual@123695240{1948675049} 0.0 104262.0 10087.0 0.9557846733419253 1 1 21.0 0.0 0.9557846733419253 0
15 ec.gp.GPIndividual@123695240{1948675049} 0.0 104262.0 8317.0 0.9463748947937959 1 1 21.0 0.0 0.9463748947937959 0
15 ec.gp.GPIndividual@1947071550{-348015790} 1490.0 8328.0 8317.0 0.0013225922808705061 5 18 21.0 0.0 0.0013225922808705061 0
15 ec.gp.GPIndividual@1006413312{952589454} 833.0 8767.0 8387.0 0.04530821509478956 5 20 21.0 0.0 0.04530821509478956 0
15 ec.gp.GPIndividual@935788064{-128839979} 482.0 9246.0 10054.0 0.08036602347324448 5 28 21.0 0.0 0.08036602347324448 0
15 ec.gp.GPIndividual@79356195{614379606} 954.0 10405.0 10087.0 0.03152572618221473 5 21 21.0 0.0 0.03152572618221473 0
15 ec.gp.GPIndividual@191795554{-1200656780} 1068.0 8328.0 8317.0 0.0013225922808705061 5 21 21.0 0.0 0.0013225922808705061 0
15 ec.gp.GPIndividual@1006413312{952589454} 294.0 15443.0 14578.0 0.05933598573192482 5 20 21.0 0.0 0.05933598573192482 0
15 ec.gp.GPIndividual@1006413312{952589454} 429.0 11444.0 10861.0 0.05367829849921738 5 20 21.0 0.0 0.05367829849921738 0
15 ec.gp.GPIndividual@1229106727{-845055274} 2003.0 8328.0 8317.0 0.0013225922808705061 4 15 21.0 0.0 0.0013225922808705061 1
15 ec.gp.GPIndividual@734579407{1141208970} 41.0 11217.0 10054.0 0.1156753530932962 5 19 21.0 0.0 0.1156753530932962 0
15 ec.gp.GPIndividual@1069498638{165642572} 840.0 10141.0 10054.0 0.008653272329421126 3 7 21.0 0.0 0.008653272329421126 0
15 ec.gp.GPIndividual@734579407{1141208970} 309.0 8767.0 8387.0 0.04530821509478956 5 19 21.0 0.0 0.04530821509478956 0
15 ec.gp.GPIndividual@734579407{1141208970} 67.0 15644.0 14578.0 0.07312388530662642 5 19 21.0 0.0 0.07312388530662642 0
15 ec.gp.GPIndividual@734579407{1141208970} 121.0 11280.0 10861.0 0.03857839977902587 5 19 21.0 0.0 0.03857839977902587 0
15 ec.gp.GPIndividual@79356195{614379606} 1657.0 8328.0 8317.0 0.0013225922808705061 5 21 21.0 0.0 0.0013225922808705061 0
15 ec.gp.GPIndividual@734579407{1141208970} 517.0 8564.0 8160.0 0.049509803921568625 5 19 21.0 0.0 0.049509803921568625 0
15 ec.gp.GPIndividual@734579407{1141208970} 48.0 14590.0 12802.0 0.13966567723793158 5 19 21.0 0.0 0.13966567723793158 0
15 ec.gp.GPIndividual@1115096215{2042541000} 189.0 10959.0 10054.0 0.09001392480604735 5 21 21.0 0.0 0.09001392480604735 0
15 ec.gp.GPIndividual@734579407{1141208970} 113.0 10974.0 10087.0 0.08793496579756122 5 19 21.0 0.0 0.08793496579756122 0
15 ec.gp.GPIndividual@1006413312{952589454} 1519.0 8347.0 8160.0 0.022916666666666665 5 20 21.0 0.0 0.022916666666666665 0
15 ec.gp.GPIndividual@1115096215{2042541000} 321.0 8767.0 8387.0 0.04530821509478956 5 21 21.0 0.0 0.04530821509478956 0
15 ec.gp.GPIndividual@1069498638{165642572} 1293.0 8560.0 8387.0 0.020627161082627875 3 7 21.0 0.0 0.020627161082627875 0
15 ec.gp.GPIndividual@734579407{1141208970} 407.0 8328.0 8317.0 0.0013225922808705061 5 19 21.0 0.0 0.0013225922808705061 0
15 ec.gp.GPIndividual@1115096215{2042541000} 146.0 15644.0 14578.0 0.07312388530662642 5 21 21.0 0.0 0.07312388530662642 0
15 ec.gp.GPIndividual@1006413312{952589454} 226.0 13688.0 12802.0 0.06920793625995939 5 20 21.0 0.0 0.06920793625995939 0
15 ec.gp.GPIndividual@487372615{-798644929} 194.0 10959.0 10054.0 0.09001392480604735 5 17 21.0 0.0 0.09001392480604735 0
15 ec.gp.GPIndividual@1115096215{2042541000} 290.0 11066.0 10861.0 0.018874873400239387 5 21 21.0 0.0 0.018874873400239387 0
15 ec.gp.GPIndividual@1006413312{952589454} 416.0 10555.0 10087.0 0.04639635173986319 5 20 21.0 0.0 0.04639635173986319 0
15 ec.gp.GPIndividual@487372615{-798644929} 919.0 8560.0 8387.0 0.020627161082627875 5 17 21.0 0.0 0.020627161082627875 0
15 ec.gp.GPIndividual@1115096215{2042541000} 805.0 8446.0 8160.0 0.03504901960784314 5 21 21.0 0.0 0.03504901960784314 0
15 ec.gp.GPIndividual@487372615{-798644929} 82.0 15644.0 14578.0 0.07312388530662642 5 17 21.0 0.0 0.07312388530662642 0
15 ec.gp.GPIndividual@1115096215{2042541000} 72.0 14590.0 12802.0 0.13966567723793158 5 21 21.0 0.0 0.13966567723793158 0
15 ec.gp.GPIndividual@1115096215{2042541000} 243.0 10597.0 10087.0 0.05056012689600476 5 21 21.0 0.0 0.05056012689600476 0
15 ec.gp.GPIndividual@487372615{-798644929} 304.0 11066.0 10861.0 0.018874873400239387 5 17 21.0 0.0 0.018874873400239387 0
15 ec.gp.GPIndividual@1069498638{165642572} 1592.0 15194.0 14578.0 0.04225545342296611 3 7 21.0 0.0 0.04225545342296611 0
15 ec.gp.GPIndividual@487372615{-798644929} 825.0 8446.0 8160.0 0.03504901960784314 5 17 21.0 0.0 0.03504901960784314 0
15 ec.gp.GPIndividual@935788064{-128839979} 4709.0 8457.0 8387.0 0.00834625014904018 5 28 21.0 0.0 0.00834625014904018 0
15 ec.gp.GPIndividual@487372615{-798644929} 84.0 14590.0 12802.0 0.13966567723793158 5 17 21.0 0.0 0.13966567723793158 0
15 ec.gp.GPIndividual@1006413312{952589454} 1882.0 8328.0 8317.0 0.0013225922808705061 5 20 21.0 0.0 0.0013225922808705061 0
15 ec.gp.GPIndividual@644562466{-1106334226} 0.0 12674.0 10054.0 0.2605927988860155 5 25 21.0 0.0 0.2605927988860155 0
15 ec.gp.GPIndividual@644562466{-1106334226} 0.0 12661.0 8387.0 0.5095981876713962 5 25 21.0 0.0 0.5095981876713962 0
15 ec.gp.GPIndividual@644562466{-1106334226} 0.0 15644.0 14578.0 0.07312388530662642 5 25 21.0 0.0 0.07312388530662642 0
15 ec.gp.GPIndividual@644562466{-1106334226} 0.0 12894.0 10861.0 0.1871835005984716 5 25 21.0 0.0 0.1871835005984716 0
15 ec.gp.GPIndividual@644562466{-1106334226} 0.0 12665.0 8160.0 0.5520833333333334 5 25 21.0 0.0 0.5520833333333334 0
15 ec.gp.GPIndividual@644562466{-1106334226} 0.0 13918.0 12802.0 0.08717387908139353 5 25 21.0 0.0 0.08717387908139353 0
15 ec.gp.GPIndividual@644562466{-1106334226} 0.0 12674.0 10087.0 0.2564687221175771 5 25 21.0 0.0 0.2564687221175771 0
15 ec.gp.GPIndividual@644562466{-1106334226} 0.0 12672.0 8317.0 0.5236263075628231 5 25 21.0 0.0 0.5236263075628231 0
15 ec.gp.GPIndividual@487372615{-798644929} 245.0 10597.0 10087.0 0.05056012689600476 5 17 21.0 0.0 0.05056012689600476 0
15 ec.gp.GPIndividual@1115096215{2042541000} 1487.0 8328.0 8317.0 0.0013225922808705061 5 21 21.0 0.0 0.0013225922808705061 0
15 ec.gp.GPIndividual@801050965{412379619} 0.0 105260.0 10054.0 0.8563755719116769 2 3 21.0 0.0 0.8563755719116769 0
15 ec.gp.GPIndividual@801050965{412379619} 0.0 105260.0 8387.0 0.8278287826397996 2 3 21.0 0.0 0.8278287826397996 0
15 ec.gp.GPIndividual@801050965{412379619} 0.0 105260.0 14578.0 0.9009466319110989 2 3 21.0 0.0 0.9009466319110989 0
15 ec.gp.GPIndividual@801050965{412379619} 0.0 105260.0 10861.0 0.8670472332197772 2 3 21.0 0.0 0.8670472332197772 0
15 ec.gp.GPIndividual@801050965{412379619} 0.0 105260.0 8160.0 0.8230392156862745 2 3 21.0 0.0 0.8230392156862745 0
15 ec.gp.GPIndividual@801050965{412379619} 0.0 105260.0 12802.0 0.8872051241993438 2 3 21.0 0.0 0.8872051241993438 0
15 ec.gp.GPIndividual@801050965{412379619} 0.0 105260.0 10087.0 0.8568454446317042 2 3 21.0 0.0 0.8568454446317042 0
15 ec.gp.GPIndividual@801050965{412379619} 0.0 105260.0 8317.0 0.8263797042202717 2 3 21.0 0.0 0.8263797042202717 0
15 ec.gp.GPIndividual@1069498638{165642572} 1391.0 11066.0 10861.0 0.018874873400239387 3 7 21.0 0.0 0.018874873400239387 0
15 ec.gp.GPIndividual@1173346966{2054565980} 659.0 10141.0 10054.0 0.008653272329421126 5 23 21.0 0.0 0.008653272329421126 0
15 ec.gp.GPIndividual@1281991460{1579450721} 297.0 10959.0 10054.0 0.09001392480604735 5 21 21.0 0.0 0.09001392480604735 0
15 ec.gp.GPIndividual@487372615{-798644929} 584.0 8328.0 8317.0 0.0013225922808705061 5 17 21.0 0.0 0.0013225922808705061 0
15 ec.gp.GPIndividual@2124248672{13223476} 420.0 10449.0 10054.0 0.03928784563357868 5 21 21.0 0.0 0.03928784563357868 0
15 ec.gp.GPIndividual@1281991460{1579450721} 437.0 13517.0 8387.0 0.611660903779659 5 21 21.0 0.0 0.611660903779659 0
15 ec.gp.GPIndividual@1069498638{165642572} 752.0 10033.0 8160.0 0.22953431372549019 3 7 21.0 0.0 0.22953431372549019 0
15 ec.gp.GPIndividual@1173346966{2054565980} 658.0 8767.0 8387.0 0.04530821509478956 5 23 21.0 0.0 0.04530821509478956 0
15 ec.gp.GPIndividual@1281991460{1579450721} 123.0 15549.0 14578.0 0.06660721635340924 5 21 21.0 0.0 0.06660721635340924 0
15 ec.gp.GPIndividual@1069498638{165642572} 109.0 19584.0 12802.0 0.52976097484768 3 7 21.0 0.0 0.52976097484768 0
15 ec.gp.GPIndividual@1281991460{1579450721} 285.0 11066.0 10861.0 0.018874873400239387 5 21 21.0 0.0 0.018874873400239387 0
15 ec.gp.GPIndividual@1173346966{2054565980} 371.0 15229.0 14578.0 0.04465633145836192 5 23 21.0 0.0 0.04465633145836192 0
15 ec.gp.GPIndividual@2124248672{13223476} 443.0 8767.0 8387.0 0.04530821509478956 5 21 21.0 0.0 0.04530821509478956 0
15 ec.gp.GPIndividual@1069498638{165642572} 339.0 11159.0 10087.0 0.10627540398532764 3 7 21.0 0.0 0.10627540398532764 0
15 ec.gp.GPIndividual@2124248672{13223476} 454.0 15194.0 14578.0 0.04225545342296611 5 21 21.0 0.0 0.04225545342296611 0
15 ec.gp.GPIndividual@2124248672{13223476} 600.0 11247.0 10861.0 0.03554000552435319 5 21 21.0 0.0 0.03554000552435319 0
15 ec.gp.GPIndividual@935788064{-128839979} 3021.0 15194.0 14578.0 0.04225545342296611 5 28 21.0 0.0 0.04225545342296611 0
15 ec.gp.GPIndividual@1069498638{165642572} 1720.0 8328.0 8317.0 0.0013225922808705061 3 7 21.0 0.0 0.0013225922808705061 0
15 ec.gp.GPIndividual@1173346966{2054565980} 1889.0 11066.0 10861.0 0.018874873400239387 5 23 21.0 0.0 0.018874873400239387 0
15 ec.gp.GPIndividual@1281991460{1579450721} 2200.0 8347.0 8160.0 0.022916666666666665 5 21 21.0 0.0 0.022916666666666665 0
15 ec.gp.GPIndividual@1016831508{-1974563748} 419.0 9246.0 10054.0 0.08036602347324448 5 28 21.0 0.0 0.08036602347324448 0
15 ec.gp.GPIndividual@1173346966{2054565980} 502.0 8564.0 8160.0 0.049509803921568625 5 23 21.0 0.0 0.049509803921568625 0
15 ec.gp.GPIndividual@1281991460{1579450721} 263.0 13688.0 12802.0 0.06920793625995939 5 21 21.0 0.0 0.06920793625995939 0
15 ec.gp.GPIndividual@2124248672{13223476} 1396.0 8347.0 8160.0 0.022916666666666665 5 21 21.0 0.0 0.022916666666666665 0
15 ec.gp.GPIndividual@1173346966{2054565980} 72.0 14590.0 12802.0 0.13966567723793158 5 23 21.0 0.0 0.13966567723793158 0
15 ec.gp.GPIndividual@1173346966{2054565980} 237.0 10597.0 10087.0 0.05056012689600476 5 23 21.0 0.0 0.05056012689600476 0
15 ec.gp.GPIndividual@2124248672{13223476} 258.0 13688.0 12802.0 0.06920793625995939 5 21 21.0 0.0 0.06920793625995939 0
15 ec.gp.GPIndividual@1281991460{1579450721} 296.0 10597.0 10087.0 0.05056012689600476 5 21 21.0 0.0 0.05056012689600476 0
15 ec.gp.GPIndividual@2124248672{13223476} 545.0 10383.0 10087.0 0.02934470110042629 5 21 21.0 0.0 0.02934470110042629 0
15 ec.gp.GPIndividual@935788064{-128839979} 2436.0 11066.0 10861.0 0.018874873400239387 5 28 21.0 0.0 0.018874873400239387 0
15 ec.gp.GPIndividual@1281991460{1579450721} 1547.0 8328.0 8317.0 0.0013225922808705061 5 21 21.0 0.0 0.0013225922808705061 0
15 ec.gp.GPIndividual@1173346966{2054565980} 1794.0 8328.0 8317.0 0.0013225922808705061 5 23 21.0 0.0 0.0013225922808705061 0
15 ec.gp.GPIndividual@935788064{-128839979} 855.0 8347.0 8160.0 0.022916666666666665 5 28 21.0 0.0 0.022916666666666665 0
15 ec.gp.GPIndividual@529129587{1575601578} 369.0 10449.0 10054.0 0.03928784563357868 5 21 21.0 0.0 0.03928784563357868 0
15 ec.gp.GPIndividual@2124248672{13223476} 1580.0 8328.0 8317.0 0.0013225922808705061 5 21 21.0 0.0 0.0013225922808705061 0
15 ec.gp.GPIndividual@1016831508{-1974563748} 2663.0 8526.0 8387.0 0.016573268153094074 5 28 21.0 0.0 0.016573268153094074 0
15 ec.gp.GPIndividual@529129587{1575601578} 298.0 8767.0 8387.0 0.04530821509478956 5 21 21.0 0.0 0.04530821509478956 0
15 ec.gp.GPIndividual@935788064{-128839979} 398.0 13528.0 12802.0 0.05670988907983127 5 28 21.0 0.0 0.05670988907983127 0
15 ec.gp.GPIndividual@1016831508{-1974563748} 196.0 15613.0 14578.0 0.07099739333241871 5 28 21.0 0.0 0.07099739333241871 0
15 ec.gp.GPIndividual@1016831508{-1974563748} 525.0 11247.0 10861.0 0.03554000552435319 5 28 21.0 0.0 0.03554000552435319 0
15 ec.gp.GPIndividual@529129587{1575601578} 1867.0 14697.0 14578.0 0.008162985320345727 5 21 21.0 0.0 0.008162985320345727 0
15 ec.gp.GPIndividual@1016831508{-1974563748} 1493.0 8347.0 8160.0 0.022916666666666665 5 28 21.0 0.0 0.022916666666666665 0
15 ec.gp.GPIndividual@935788064{-128839979} 2093.0 10087.0 10087.0 0.0 5 28 21.0 0.0 0.0 1
15 ec.gp.GPIndividual@1016831508{-1974563748} 566.0 13477.0 12802.0 0.052726136541165446 5 28 21.0 0.0 0.052726136541165446 0
15 ec.gp.GPIndividual@1016831508{-1974563748} 515.0 10383.0 10087.0 0.02934470110042629 5 28 21.0 0.0 0.02934470110042629 0
15 ec.gp.GPIndividual@586337282{1527970059} 4069.0 10235.0 10054.0 0.01800278496120947 5 28 21.0 0.0 0.01800278496120947 0
15 ec.gp.GPIndividual@935788064{-128839979} 1909.0 8328.0 8317.0 0.0013225922808705061 5 28 21.0 0.0 0.0013225922808705061 1
15 ec.gp.GPIndividual@529129587{1575601578} 2379.0 11066.0 10861.0 0.018874873400239387 5 21 21.0 0.0 0.018874873400239387 0
15 ec.gp.GPIndividual@881404730{-1297507049} 433.0 9246.0 10054.0 0.08036602347324448 5 17 21.0 0.0 0.08036602347324448 0
15 ec.gp.GPIndividual@586337282{1527970059} 874.0 8560.0 8387.0 0.020627161082627875 5 28 21.0 0.0 0.020627161082627875 0
15 ec.gp.GPIndividual@881404730{-1297507049} 489.0 8624.0 8387.0 0.028258018361750327 5 17 21.0 0.0 0.028258018361750327 0
15 ec.gp.GPIndividual@529129587{1575601578} 711.0 8564.0 8160.0 0.049509803921568625 5 21 21.0 0.0 0.049509803921568625 0
15 ec.gp.GPIndividual@586337282{1527970059} 140.0 15613.0 14578.0 0.07099739333241871 5 28 21.0 0.0 0.07099739333241871 0
15 ec.gp.GPIndividual@881404730{-1297507049} 193.0 15443.0 14578.0 0.05933598573192482 5 17 21.0 0.0 0.05933598573192482 0
15 ec.gp.GPIndividual@881404730{-1297507049} 284.0 11658.0 10861.0 0.07338182487800386 5 17 21.0 0.0 0.07338182487800386 0
15 ec.gp.GPIndividual@586337282{1527970059} 518.0 11247.0 10861.0 0.03554000552435319 5 28 21.0 0.0 0.03554000552435319 0
15 ec.gp.GPIndividual@529129587{1575601578} 1082.0 12802.0 12802.0 0.0 5 21 21.0 0.0 0.0 1
15 ec.gp.GPIndividual@881404730{-1297507049} 727.0 8347.0 8160.0 0.022916666666666665 5 17 21.0 0.0 0.022916666666666665 0
15 ec.gp.GPIndividual@529129587{1575601578} 206.0 10597.0 10087.0 0.05056012689600476 5 21 21.0 0.0 0.05056012689600476 1
15 ec.gp.GPIndividual@1016831508{-1974563748} 3114.0 8328.0 8317.0 0.0013225922808705061 5 28 21.0 0.0 0.0013225922808705061 0
15 ec.gp.GPIndividual@1706973942{940631140} 185.0 10449.0 10054.0 0.03928784563357868 5 21 21.0 0.0 0.03928784563357868 0
15 ec.gp.GPIndividual@529129587{1575601578} 612.0 8328.0 8317.0 0.0013225922808705061 5 21 21.0 0.0 0.0013225922808705061 1
15 ec.gp.GPIndividual@1706973942{940631140} 450.0 8624.0 8387.0 0.028258018361750327 5 21 21.0 0.0 0.028258018361750327 0
15 ec.gp.GPIndividual@881404730{-1297507049} 811.0 12802.0 12802.0 0.0 5 17 21.0 0.0 0.0 1
15 ec.gp.GPIndividual@586337282{1527970059} 1622.0 8347.0 8160.0 0.022916666666666665 5 28 21.0 0.0 0.022916666666666665 0
15 ec.gp.GPIndividual@881404730{-1297507049} 166.0 11590.0 10087.0 0.14900366808763754 5 17 21.0 0.0 0.14900366808763754 1
15 ec.gp.GPIndividual@1706973942{940631140} 403.0 15194.0 14578.0 0.04225545342296611 5 21 21.0 0.0 0.04225545342296611 0
15 ec.gp.GPIndividual@586337282{1527970059} 574.0 13477.0 12802.0 0.052726136541165446 5 28 21.0 0.0 0.052726136541165446 0
15 ec.gp.GPIndividual@1706973942{940631140} 506.0 11247.0 10861.0 0.03554000552435319 5 21 21.0 0.0 0.03554000552435319 0
15 ec.gp.GPIndividual@586337282{1527970059} 462.0 10383.0 10087.0 0.02934470110042629 5 28 21.0 0.0 0.02934470110042629 0
15 ec.gp.GPIndividual@881404730{-1297507049} 2793.0 8328.0 8317.0 0.0013225922808705061 5 17 21.0 0.0 0.0013225922808705061 1
15 ec.gp.GPIndividual@1171485981{-619525058} 426.0 9246.0 10054.0 0.08036602347324448 5 26 21.0 0.0 0.08036602347324448 0
15 ec.gp.GPIndividual@586337282{1527970059} 2863.0 8328.0 8317.0 0.0013225922808705061 5 28 21.0 0.0 0.0013225922808705061 0
15 ec.gp.GPIndividual@1171485981{-619525058} 746.0 8624.0 8387.0 0.028258018361750327 5 26 21.0 0.0 0.028258018361750327 0
15 ec.gp.GPIndividual@1706973942{940631140} 3381.0 8347.0 8160.0 0.022916666666666665 5 21 21.0 0.0 0.022916666666666665 0
15 ec.gp.GPIndividual@1171485981{-619525058} 264.0 15443.0 14578.0 0.05933598573192482 5 26 21.0 0.0 0.05933598573192482 0
15 ec.gp.GPIndividual@1706973942{940631140} 532.0 13477.0 12802.0 0.052726136541165446 5 21 21.0 0.0 0.052726136541165446 0
15 ec.gp.GPIndividual@1171485981{-619525058} 498.0 11247.0 10861.0 0.03554000552435319 5 26 21.0 0.0 0.03554000552435319 0
15 ec.gp.GPIndividual@1706973942{940631140} 443.0 10383.0 10087.0 0.02934470110042629 5 21 21.0 0.0 0.02934470110042629 0
15 ec.gp.GPIndividual@1706973942{940631140} 5323.0 8328.0 8317.0 0.0013225922808705061 5 21 21.0 0.0 0.0013225922808705061 0
15 ec.gp.GPIndividual@438579874{-2074144206} 336.0 10449.0 10054.0 0.03928784563357868 5 21 21.0 0.0 0.03928784563357868 0
15 ec.gp.GPIndividual@1171485981{-619525058} 6462.0 8222.0 8160.0 0.007598039215686274 5 26 21.0 0.0 0.007598039215686274 0
15 ec.gp.GPIndividual@1171485981{-619525058} 216.0 13688.0 12802.0 0.06920793625995939 5 26 21.0 0.0 0.06920793625995939 0
15 ec.gp.GPIndividual@1171485981{-619525058} 457.0 10383.0 10087.0 0.02934470110042629 5 26 21.0 0.0 0.02934470110042629 0
15 ec.gp.GPIndividual@438579874{-2074144206} 1413.0 8528.0 8387.0 0.016811732443066652 5 21 21.0 0.0 0.016811732443066652 0
15 ec.gp.GPIndividual@1171485981{-619525058} 430.0 8328.0 8317.0 0.0013225922808705061 5 26 21.0 0.0 0.0013225922808705061 0
15 ec.gp.GPIndividual@438579874{-2074144206} 317.0 15194.0 14578.0 0.04225545342296611 5 21 21.0 0.0 0.04225545342296611 0
15 ec.gp.GPIndividual@1592055197{1578670113} 206.0 10054.0 10054.0 0.0 5 22 21.0 0.0 0.0 1
15 ec.gp.GPIndividual@438579874{-2074144206} 947.0 11066.0 10861.0 0.018874873400239387 5 21 21.0 0.0 0.018874873400239387 0
15 ec.gp.GPIndividual@1592055197{1578670113} 1185.0 8560.0 8387.0 0.020627161082627875 5 22 21.0 0.0 0.020627161082627875 1
15 ec.gp.GPIndividual@438579874{-2074144206} 420.0 8564.0 8160.0 0.049509803921568625 5 21 21.0 0.0 0.049509803921568625 0
15 ec.gp.GPIndividual@1592055197{1578670113} 267.0 15443.0 14578.0 0.05933598573192482 5 22 21.0 0.0 0.05933598573192482 1
15 ec.gp.GPIndividual@438579874{-2074144206} 141.0 13688.0 12802.0 0.06920793625995939 5 21 21.0 0.0 0.06920793625995939 0
15 ec.gp.GPIndividual@438579874{-2074144206} 315.0 10482.0 10087.0 0.039159313968474274 5 21 21.0 0.0 0.039159313968474274 0
15 ec.gp.GPIndividual@438579874{-2074144206} 4417.0 8328.0 8317.0 0.0013225922808705061 5 21 21.0 0.0 0.0013225922808705061 0
15 ec.gp.GPIndividual@1599518681{-713036969} 415.0 9246.0 10054.0 0.08036602347324448 5 17 21.0 0.0 0.08036602347324448 0
15 ec.gp.GPIndividual@1592055197{1578670113} 5916.0 11028.0 10861.0 0.015376116379707209 5 22 21.0 0.0 0.015376116379707209 1
15 ec.gp.GPIndividual@1599518681{-713036969} 1448.0 8528.0 8387.0 0.016811732443066652 5 17 21.0 0.0 0.016811732443066652 0
15 ec.gp.GPIndividual@1599518681{-713036969} 292.0 15314.0 14578.0 0.05048703525860886 5 17 21.0 0.0 0.05048703525860886 0
15 ec.gp.GPIndividual@1599518681{-713036969} 372.0 11444.0 10861.0 0.05367829849921738 5 17 21.0 0.0 0.05367829849921738 0
15 ec.gp.GPIndividual@1592055197{1578670113} 3259.0 8347.0 8160.0 0.022916666666666665 5 22 21.0 0.0 0.022916666666666665 1
15 ec.gp.GPIndividual@1592055197{1578670113} 185.0 13688.0 12802.0 0.06920793625995939 5 22 21.0 0.0 0.06920793625995939 1
15 ec.gp.GPIndividual@1592055197{1578670113} 365.0 10555.0 10087.0 0.04639635173986319 5 22 21.0 0.0 0.04639635173986319 1
15 ec.gp.GPIndividual@1599518681{-713036969} 3448.0 8347.0 8160.0 0.022916666666666665 5 17 21.0 0.0 0.022916666666666665 0
15 ec.gp.GPIndividual@1599518681{-713036969} 228.0 13688.0 12802.0 0.06920793625995939 5 17 21.0 0.0 0.06920793625995939 0
15 ec.gp.GPIndividual@1599518681{-713036969} 352.0 10555.0 10087.0 0.04639635173986319 5 17 21.0 0.0 0.04639635173986319 0
15 ec.gp.GPIndividual@1592055197{1578670113} 4589.0 8328.0 8317.0 0.0013225922808705061 5 22 21.0 0.0 0.0013225922808705061 1
15 ec.gp.GPIndividual@1599518681{-713036969} 7706.0 8328.0 8317.0 0.0013225922808705061 5 17 21.0 0.0 0.0013225922808705061 0
16 ec.gp.GPIndividual@1063003205{1024030112} 0.0 101188.0 10054.0 0.7179232146409389 2 3 21.0 0.0 0.7179232146409389 0
16 ec.gp.GPIndividual@1071511833{271532587} 0.0 109280.0 10054.0 1.0 1 1 21.0 0.0 1.0 0
16 ec.gp.GPIndividual@1071511833{271532587} 0.0 109280.0 8387.0 1.0 1 1 21.0 0.0 1.0 0
16 ec.gp.GPIndividual@1063003205{1024030112} 0.0 101188.0 8387.0 0.6618576368188863 2 3 21.0 0.0 0.6618576368188863 0
16 ec.gp.GPIndividual@1071511833{271532587} 0.0 109280.0 14578.0 1.0 1 1 21.0 0.0 1.0 0
16 ec.gp.GPIndividual@1063003205{1024030112} 0.0 101188.0 14578.0 0.805460282617643 2 3 21.0 0.0 0.805460282617643 0
16 ec.gp.GPIndividual@1071511833{271532587} 0.0 109280.0 10861.0 1.0 1 1 21.0 0.0 1.0 0
16 ec.gp.GPIndividual@1063003205{1024030112} 0.0 101188.0 10861.0 0.7388822392044931 2 3 21.0 0.0 0.7388822392044931 0
16 ec.gp.GPIndividual@1071511833{271532587} 0.0 109280.0 8160.0 1.0 1 1 21.0 0.0 1.0 0
16 ec.gp.GPIndividual@1063003205{1024030112} 0.0 101188.0 8160.0 0.6524509803921569 2 3 21.0 0.0 16 ec.gp.GPIndividual@1071511833{271532587} 0.6524509803921569 0
0.0 109280.0 12802.0 1.0 1 1 21.0 0.0 1.0 0
16 ec.gp.GPIndividual@1071511833{271532587} 0.0 109280.0 10087.0 1.0 1 1 21.0 0.0 1.0 0
16 ec.gp.GPIndividual@1063003205{1024030112} 0.0 101188.0 12802.0 0.7784721137322294 2 3 21.0 0.0 0.7784721137322294 0
16 ec.gp.GPIndividual@1071511833{271532587} 0.0 109280.0 8317.0 1.0 1 1 21.0 0.0 1.0 0
16 ec.gp.GPIndividual@673414654{1801589874} 0.0 105260.0 10054.0 0.8563755719116769 1 1 21.0 0.0 0.8563755719116769 0
16 ec.gp.GPIndividual@1063003205{1024030112} 0.0 101188.0 10087.0 0.7188460394567264 2 3 21.0 0.0 0.7188460394567264 0
16 ec.gp.GPIndividual@673414654{1801589874} 0.0 105260.0 8387.0 0.8278287826397996 1 1 21.0 0.0 0.8278287826397996 0
16 ec.gp.GPIndividual@673414654{1801589874} 0.0 16 ec.gp.GPIndividual@1063003205{1024030112} 0.0 105260.0 8317.0 0.9009466319110989 101188.0 8317.0 0.6590116628592041 1 1 21.0 0.0 0.9009466319110989 0
2 3 21.0 0.0 0.6590116628592041 0
16 ec.gp.GPIndividual@673414654{1801589874} 0.0 105260.0 10861.0 0.8670472332197772 1 1 21.0 0.0 0.8670472332197772 0
16 ec.gp.GPIndividual@673414654{1801589874} 0.0 105260.0 8160.0 0.8230392156862745 1 1 21.0 0.0 0.8230392156862745 0
16 ec.gp.GPIndividual@673414654{1801589874} 0.0 105260.0 12802.0 0.8872051241993438 1 1 21.0 0.0 0.8872051241993438 0
16 ec.gp.GPIndividual@673414654{1801589874} 0.0 105260.0 10087.0 0.8568454446317042 1 1 21.0 0.0 0.8568454446317042 0
16 ec.gp.GPIndividual@673414654{1801589874} 0.0 105260.0 8317.0 0.8263797042202717 1 1 21.0 0.0 0.8263797042202717 0
16 ec.gp.GPIndividual@329907066{-1674543838} 0.0 13553.0 10054.0 0.3480206882832703 5 17 21.0 0.0 0.3480206882832703 0
16 ec.gp.GPIndividual@329907066{-1674543838} 0.0 13534.0 8387.0 0.6136878502444258 5 17 21.0 0.0 0.6136878502444258 0
16 ec.gp.GPIndividual@329907066{-1674543838} 0.0 15589.0 14578.0 0.06935107696529016 5 17 21.0 0.0 0.06935107696529016 0
16 ec.gp.GPIndividual@329907066{-1674543838} 0.0 13773.0 10861.0 0.2681152748365712 5 17 21.0 0.0 0.2681152748365712 0
16 ec.gp.GPIndividual@329907066{-1674543838} 0.0 13534.0 8160.0 0.658578431372549 5 17 21.0 0.0 0.658578431372549 0
16 ec.gp.GPIndividual@329907066{-1674543838} 0.0 14075.0 12802.0 0.09943758787689423 5 17 21.0 0.0 0.09943758787689423 0
16 ec.gp.GPIndividual@329907066{-1674543838} 0.0 13553.0 10087.0 0.34361058788539706 5 17 21.0 0.0 0.34361058788539706 0
16 ec.gp.GPIndividual@329907066{-1674543838} 0.0 13547.0 8317.0 0.628832511722977 5 17 21.0 0.0 0.628832511722977 0
16 ec.gp.GPIndividual@1704987817{-1430790031} 43.0 11217.0 10054.0 0.1156753530932962 4 7 21.0 0.0 0.1156753530932962 0
16 ec.gp.GPIndividual@2032893609{-1235655285} 221.0 10054.0 10054.0 0.0 5 24 21.0 0.0 0.0 1
16 ec.gp.GPIndividual@1590888351{1621830178} 231.0 10054.0 10054.0 0.0 5 22 21.0 0.0 0.0 1
16 ec.gp.GPIndividual@1333916705{-1010805189} 340.0 10054.0 10054.0 0.0 5 28 21.0 0.0 0.0 1
16 ec.gp.GPIndividual@1704987817{-1430790031} 303.0 13517.0 8387.0 0.611660903779659 4 7 21.0 0.0 0.611660903779659 0
16 ec.gp.GPIndividual@826168466{1600144088} 355.0 10959.0 10054.0 0.09001392480604735 5 21 21.0 0.0 0.09001392480604735 0
16 ec.gp.GPIndividual@1704987817{-1430790031} 70.0 15644.0 14578.0 0.07312388530662642 4 7 21.0 0.0 0.07312388530662642 0
16 ec.gp.GPIndividual@1704987817{-1430790031} 124.0 11280.0 10861.0 0.03857839977902587 4 7 21.0 0.0 0.03857839977902587 0
16 ec.gp.GPIndividual@995264946{-1009232546} 621.0 10449.0 10054.0 0.03928784563357868 5 23 21.0 0.0 0.03928784563357868 0
16 ec.gp.GPIndividual@826168466{1600144088} 343.0 13517.0 8387.0 0.611660903779659 5 21 21.0 0.0 0.611660903779659 0
16 ec.gp.GPIndividual@1333916705{-1010805189} 477.0 8448.0 8387.0 0.007273160844163586 5 28 21.0 0.0 0.007273160844163586 1
16 ec.gp.GPIndividual@826168466{1600144088} 124.0 15644.0 14578.0 0.07312388530662642 5 21 21.0 0.0 0.07312388530662642 0
16 ec.gp.GPIndividual@1704987817{-1430790031} 528.0 8564.0 8160.0 0.049509803921568625 4 7 21.0 0.0 0.049509803921568625 0
16 ec.gp.GPIndividual@1704987817{-1430790031} 34.0 14590.0 12802.0 0.13966567723793158 4 7 21.0 0.0 0.13966567723793158 0
16 ec.gp.GPIndividual@1704987817{-1430790031} 125.0 10974.0 10087.0 0.08793496579756122 4 7 21.0 0.0 0.08793496579756122 0
16 ec.gp.GPIndividual@826168466{1600144088} 515.0 11066.0 10861.0 0.018874873400239387 5 21 21.0 0.0 0.018874873400239387 0
16 ec.gp.GPIndividual@1704987817{-1430790031} 425.0 8328.0 8317.0 0.0013225922808705061 4 7 21.0 0.0 0.0013225922808705061 0
16 ec.gp.GPIndividual@1590888351{1621830178} 1495.0 8561.0 8387.0 0.020746393227614165 5 22 21.0 0.0 0.020746393227614165 1
16 ec.gp.GPIndividual@826168466{1600144088} 485.0 8564.0 8160.0 0.049509803921568625 5 21 21.0 0.0 0.049509803921568625 0
16 ec.gp.GPIndividual@843222257{-161804366} 212.0 10959.0 10054.0 0.09001392480604735 5 17 21.0 0.0 0.09001392480604735 0
16 ec.gp.GPIndividual@995264946{-1009232546} 1273.0 8560.0 8387.0 0.020627161082627875 5 23 21.0 0.0 0.020627161082627875 0
16 ec.gp.GPIndividual@2032893609{-1235655285} 1703.0 8561.0 8387.0 0.020746393227614165 5 24 21.0 0.0 0.020746393227614165 1
16 ec.gp.GPIndividual@826168466{1600144088} 170.0 13688.0 12802.0 0.06920793625995939 5 21 21.0 0.0 0.06920793625995939 0
16 ec.gp.GPIndividual@843222257{-161804366} 323.0 13517.0 8387.0 0.611660903779659 5 17 21.0 0.0 0.611660903779659 0
16 ec.gp.GPIndividual@1590888351{1621830178} 474.0 14697.0 14578.0 0.008162985320345727 5 22 21.0 0.0 0.008162985320345727 1
16 ec.gp.GPIndividual@826168466{1600144088} 233.0 10974.0 10087.0 0.08793496579756122 5 21 21.0 0.0 0.08793496579756122 0
16 ec.gp.GPIndividual@843222257{-161804366} 174.0 15549.0 14578.0 0.06660721635340924 5 17 21.0 0.0 0.06660721635340924 0
16 ec.gp.GPIndividual@843222257{-161804366} 320.0 11066.0 10861.0 0.018874873400239387 5 17 21.0 0.0 0.018874873400239387 0
16 ec.gp.GPIndividual@995264946{-1009232546} 1320.0 14697.0 14578.0 0.008162985320345727 5 23 21.0 0.0 0.008162985320345727 0
16 ec.gp.GPIndividual@826168466{1600144088} 1297.0 8328.0 8317.0 0.0013225922808705061 5 21 21.0 0.0 0.0013225922808705061 0
16 ec.gp.GPIndividual@843222257{-161804366} 918.0 8446.0 8160.0 0.03504901960784314 5 17 21.0 0.0 0.03504901960784314 0
16 ec.gp.GPIndividual@2032893609{-1235655285} 1724.0 14888.0 14578.0 0.0212649197420771 5 24 21.0 0.0 0.0212649197420771 1
16 ec.gp.GPIndividual@1590888351{1621830178} 1482.0 11066.0 10861.0 0.018874873400239387 5 22 21.0 0.0 0.018874873400239387 1
16 ec.gp.GPIndividual@843222257{-161804366} 166.0 13688.0 12802.0 0.06920793625995939 5 17 21.0 0.0 0.06920793625995939 0
16 ec.gp.GPIndividual@995264946{-1009232546} 779.0 11066.0 10861.0 0.018874873400239387 5 23 21.0 0.0 0.018874873400239387 0
16 ec.gp.GPIndividual@843222257{-161804366} 235.0 10597.0 10087.0 0.05056012689600476 5 17 21.0 0.0 0.05056012689600476 0
16 ec.gp.GPIndividual@1333916705{-1010805189} 3226.0 15053.0 14578.0 0.03258334476608588 5 28 21.0 0.0 0.03258334476608588 1
16 ec.gp.GPIndividual@1865168915{1600144088} 519.0 10449.0 10054.0 0.03928784563357868 5 21 21.0 0.0 0.03928784563357868 0
16 ec.gp.GPIndividual@1590888351{1621830178} 545.0 10033.0 8160.0 0.22953431372549019 5 22 21.0 0.0 0.22953431372549019 1
16 ec.gp.GPIndividual@1333916705{-1010805189} 222.0 12100.0 10861.0 0.11407789337998343 5 28 21.0 0.0 0.11407789337998343 1
16 ec.gp.GPIndividual@1333916705{-1010805189} 550.0 10033.0 8160.0 0.22953431372549019 5 28 21.0 0.0 0.22953431372549019 1
16 ec.gp.GPIndividual@1865168915{1600144088} 798.0 8767.0 8387.0 0.04530821509478956 5 21 21.0 0.0 0.04530821509478956 0
16 ec.gp.GPIndividual@995264946{-1009232546} 893.0 8564.0 8160.0 0.049509803921568625 5 23 21.0 0.0 0.049509803921568625 0
16 ec.gp.GPIndividual@1865168915{1600144088} 71.0 15644.0 14578.0 0.07312388530662642 5 21 21.0 0.0 0.07312388530662642 0
16 ec.gp.GPIndividual@1590888351{1621830178} 709.0 12802.0 12802.0 0.0 5 22 21.0 0.0 0.0 2
16 ec.gp.GPIndividual@843222257{-161804366} 1037.0 8328.0 8317.0 0.0013225922808705061 5 17 21.0 0.0 0.0013225922808705061 0
16 ec.gp.GPIndividual@859007262{-2098399958} 0.0 109280.0 10054.0 1.0 2 3 21.0 0.0 1.0 0
16 ec.gp.GPIndividual@859007262{-2098399958} 0.0 109280.0 8387.0 1.0 2 3 21.0 0.0 1.0 0
16 ec.gp.GPIndividual@859007262{-2098399958} 0.0 109280.0 14578.0 1.0 2 3 21.0 0.0 1.0 0
16 ec.gp.GPIndividual@859007262{-2098399958} 0.0 109280.0 10861.0 1.0 2 3 21.0 0.0 1.0 0
16 ec.gp.GPIndividual@859007262{-2098399958} 0.0 109280.0 8160.0 1.0 2 3 21.0 0.0 1.0 0
16 ec.gp.GPIndividual@859007262{-2098399958} 0.0 109280.0 12802.0 1.0 2 3 21.0 0.0 1.0 0
16 ec.gp.GPIndividual@859007262{-2098399958} 0.0 109280.0 10087.0 1.0 2 3 21.0 0.0 1.0 0
16 ec.gp.GPIndividual@859007262{-2098399958} 0.0 109280.0 8317.0 1.0 2 3 21.0 0.0 1.0 0
16 ec.gp.GPIndividual@2032893609{-1235655285} 1581.0 11066.0 10861.0 0.018874873400239387 5 24 21.0 0.0 0.018874873400239387 1
16 ec.gp.GPIndividual@1590888351{1621830178} 672.0 10087.0 10087.0 0.0 5 22 21.0 0.0 0.0 3
16 ec.gp.GPIndividual@1865168915{1600144088} 1656.0 11066.0 10861.0 0.018874873400239387 5 21 21.0 0.0 0.018874873400239387 0
16 ec.gp.GPIndividual@1333916705{-1010805189} 2198.0 12802.0 12802.0 0.0 5 28 21.0 0.0 0.0 2
16 ec.gp.GPIndividual@1590888351{1621830178} 1511.0 8328.0 8317.0 0.0013225922808705061 5 22 21.0 0.0 0.0013225922808705061 3
16 ec.gp.GPIndividual@1865168915{1600144088} 682.0 8564.0 8160.0 0.049509803921568625 5 21 21.0 0.0 0.049509803921568625 0
16 ec.gp.GPIndividual@2032893609{-1235655285} 2036.0 8347.0 8160.0 0.022916666666666665 5 24 21.0 0.0 0.022916666666666665 1
16 ec.gp.GPIndividual@1333916705{-1010805189} 281.0 11159.0 10087.0 0.10627540398532764 5 28 21.0 0.0 0.10627540398532764 2
16 ec.gp.GPIndividual@995264946{-1009232546} 2518.0 12802.0 12802.0 0.0 5 23 21.0 0.0 0.0 1
16 ec.gp.GPIndividual@1865168915{1600144088} 385.0 13661.0 12802.0 0.06709889079831276 5 21 21.0 0.0 0.06709889079831276 0
16 ec.gp.GPIndividual@603862916{-1840961238} 614.0 10449.0 10054.0 0.03928784563357868 5 21 21.0 0.0 0.03928784563357868 0
16 ec.gp.GPIndividual@1333916705{-1010805189} 577.0 8328.0 8317.0 0.0013225922808705061 5 28 21.0 0.0 0.0013225922808705061 2
16 ec.gp.GPIndividual@927974425{-1690336796} 42.0 10822.0 10054.0 0.07638750745971752 5 9 21.0 0.0 0.07638750745971752 0
16 ec.gp.GPIndividual@2032893609{-1235655285} 687.0 12802.0 12802.0 0.0 5 24 21.0 0.0 0.0 2
16 ec.gp.GPIndividual@603862916{-1840961238} 342.0 11513.0 8387.0 0.3727196852271372 5 21 21.0 0.0 0.3727196852271372 0
16 ec.gp.GPIndividual@2032893609{-1235655285} 167.0 11590.0 10087.0 0.14900366808763754 5 24 21.0 0.0 0.14900366808763754 2
16 ec.gp.GPIndividual@1865168915{1600144088} 499.0 10407.0 10087.0 0.03172400118965005 5 21 21.0 0.0 0.03172400118965005 0
16 ec.gp.GPIndividual@927974425{-1690336796} 332.0 8624.0 8387.0 0.028258018361750327 5 9 21.0 0.0 0.028258018361750327 0
16 ec.gp.GPIndividual@603862916{-1840961238} 235.0 15443.0 14578.0 0.05933598573192482 5 21 21.0 0.0 0.05933598573192482 0
16 ec.gp.GPIndividual@927974425{-1690336796} 81.0 15644.0 14578.0 0.07312388530662642 5 9 21.0 0.0 0.07312388530662642 0
16 ec.gp.GPIndividual@995264946{-1009232546} 939.0 10405.0 10087.0 0.03152572618221473 5 23 21.0 0.0 0.03152572618221473 1
16 ec.gp.GPIndividual@927974425{-1690336796} 123.0 11280.0 10861.0 0.03857839977902587 5 9 21.0 0.0 0.03857839977902587 0
16 ec.gp.GPIndividual@927974425{-1690336796} 499.0 8564.0 8160.0 0.049509803921568625 5 9 21.0 0.0 0.049509803921568625 0
16 ec.gp.GPIndividual@2032893609{-1235655285} 872.0 8328.0 8317.0 0.0013225922808705061 5 24 21.0 0.0 0.0013225922808705061 2
16 ec.gp.GPIndividual@927974425{-1690336796} 48.0 13918.0 12802.0 0.08717387908139353 5 9 21.0 0.0 0.08717387908139353 0
16 ec.gp.GPIndividual@927974425{-1690336796} 131.0 10974.0 10087.0 0.08793496579756122 5 9 21.0 0.0 0.08793496579756122 0
16 ec.gp.GPIndividual@703481252{1890058750} 190.0 10959.0 10054.0 0.09001392480604735 5 26 21.0 0.0 0.09001392480604735 0
16 ec.gp.GPIndividual@603862916{-1840961238} 1077.0 11256.0 10861.0 0.03636865850290028 5 21 21.0 0.0 0.03636865850290028 0
16 ec.gp.GPIndividual@995264946{-1009232546} 1108.0 8328.0 8317.0 0.0013225922808705061 5 23 21.0 0.0 0.0013225922808705061 1
16 ec.gp.GPIndividual@1754130044{289163547} 37.0 11217.0 10054.0 0.1156753530932962 5 19 21.0 0.0 0.1156753530932962 0
16 ec.gp.GPIndividual@927974425{-1690336796} 372.0 8328.0 8317.0 0.0013225922808705061 5 9 21.0 0.0 0.0013225922808705061 0
16 ec.gp.GPIndividual@1865168915{1600144088} 1440.0 8328.0 8317.0 0.0013225922808705061 5 21 21.0 0.0 0.0013225922808705061 0
16 ec.gp.GPIndividual@1754130044{289163547} 320.0 8767.0 8387.0 0.04530821509478956 5 19 21.0 0.0 0.04530821509478956 0
16 ec.gp.GPIndividual@273256954{467337818} 243.0 10054.0 10054.0 0.0 5 24 21.0 0.0 0.0 1
16 ec.gp.GPIndividual@703481252{1890058750} 683.0 8767.0 8387.0 0.04530821509478956 5 26 21.0 0.0 0.04530821509478956 0
16 ec.gp.GPIndividual@1754130044{289163547} 86.0 15549.0 14578.0 0.06660721635340924 5 19 21.0 0.0 0.06660721635340924 0
16 ec.gp.GPIndividual@1754130044{289163547} 125.0 11280.0 10861.0 0.03857839977902587 5 19 21.0 0.0 0.03857839977902587 0
16 ec.gp.GPIndividual@703481252{1890058750} 160.0 15613.0 14578.0 0.07099739333241871 5 26 21.0 0.0 0.07099739333241871 0
16 ec.gp.GPIndividual@703481252{1890058750} 317.0 11658.0 10861.0 0.07338182487800386 5 26 21.0 0.0 0.07338182487800386 0
16 ec.gp.GPIndividual@703481252{1890058750} 1.0 11433.0 8160.0 0.4011029411764706 5 26 21.0 0.0 0.4011029411764706 0
16 ec.gp.GPIndividual@703481252{1890058750} 72.0 19584.0 12802.0 0.52976097484768 5 26 21.0 0.0 0.52976097484768 0
16 ec.gp.GPIndividual@1754130044{289163547} 478.0 8564.0 8160.0 0.049509803921568625 5 19 21.0 0.0 0.049509803921568625 0
16 ec.gp.GPIndividual@273256954{467337818} 721.0 8624.0 8387.0 0.028258018361750327 5 24 21.0 0.0 0.028258018361750327 1
16 ec.gp.GPIndividual@1754130044{289163547} 47.0 14590.0 12802.0 0.13966567723793158 5 19 21.0 0.0 0.13966567723793158 0
16 ec.gp.GPIndividual@1754130044{289163547} 118.0 10974.0 10087.0 0.08793496579756122 5 19 21.0 0.0 0.08793496579756122 0
16 ec.gp.GPIndividual@703481252{1890058750} 276.0 11159.0 10087.0 0.10627540398532764 5 26 21.0 0.0 0.10627540398532764 0
16 ec.gp.GPIndividual@703481252{1890058750} 2.0 12794.0 8317.0 0.538295058314296 5 26 21.0 0.0 0.538295058314296 0
16 ec.gp.GPIndividual@273256954{467337818} 309.0 15314.0 14578.0 0.05048703525860886 5 24 21.0 0.0 0.05048703525860886 1
16 ec.gp.GPIndividual@1754130044{289163547} 381.0 8328.0 8317.0 0.0013225922808705061 5 19 21.0 0.0 0.0013225922808705061 0
16 ec.gp.GPIndividual@346685653{-191107139} 169.0 10959.0 10054.0 0.09001392480604735 4 12 21.0 0.0 0.09001392480604735 0
16 ec.gp.GPIndividual@578067174{1600144088} 2132.0 10141.0 10054.0 0.008653272329421126 5 21 21.0 0.0 0.008653272329421126 0
16 ec.gp.GPIndividual@346685653{-191107139} 455.0 8767.0 8387.0 0.04530821509478956 4 12 21.0 0.0 0.04530821509478956 0
16 ec.gp.GPIndividual@603862916{-1840961238} 2376.0 8347.0 8160.0 0.022916666666666665 5 21 21.0 0.0 0.022916666666666665 0
16 ec.gp.GPIndividual@273256954{467337818} 942.0 11066.0 10861.0 0.018874873400239387 5 24 21.0 0.0 0.018874873400239387 1
16 ec.gp.GPIndividual@346685653{-191107139} 153.0 15613.0 14578.0 0.07099739333241871 4 12 21.0 0.0 0.07099739333241871 0
16 ec.gp.GPIndividual@603862916{-1840961238} 64.0 15160.0 12802.0 0.18418997031713794 5 21 21.0 0.0 0.18418997031713794 0
16 ec.gp.GPIndividual@346685653{-191107139} 291.0 11658.0 10861.0 0.07338182487800386 4 12 21.0 0.0 0.07338182487800386 0
16 ec.gp.GPIndividual@603862916{-1840961238} 428.0 10794.0 10087.0 0.07009021512838307 5 21 21.0 0.0 0.07009021512838307 0
16 ec.gp.GPIndividual@578067174{1600144088} 638.0 8767.0 8387.0 0.04530821509478956 5 21 21.0 0.0 0.04530821509478956 0
16 ec.gp.GPIndividual@578067174{1600144088} 151.0 15549.0 14578.0 0.06660721635340924 5 21 21.0 0.0 0.06660721635340924 0
16 ec.gp.GPIndividual@346685653{-191107139} 708.0 8347.0 8160.0 0.022916666666666665 4 12 21.0 0.0 0.022916666666666665 0
16 ec.gp.GPIndividual@346685653{-191107139} 102.0 19584.0 12802.0 0.52976097484768 4 12 21.0 0.0 0.52976097484768 0
16 ec.gp.GPIndividual@346685653{-191107139} 266.0 11159.0 10087.0 0.10627540398532764 4 12 21.0 0.0 0.10627540398532764 0
16 ec.gp.GPIndividual@603862916{-1840961238} 1892.0 8328.0 8317.0 0.0013225922808705061 5 21 21.0 0.0 0.0013225922808705061 0
16 ec.gp.GPIndividual@578067174{1600144088} 1723.0 11066.0 10861.0 0.018874873400239387 5 21 21.0 0.0 0.018874873400239387 0
16 ec.gp.GPIndividual@2103170427{276335266} 37.0 11217.0 10054.0 0.1156753530932962 5 19 21.0 0.0 0.1156753530932962 0
16 ec.gp.GPIndividual@273256954{467337818} 2632.0 8347.0 8160.0 0.022916666666666665 5 24 21.0 0.0 0.022916666666666665 1
16 ec.gp.GPIndividual@2103170427{276335266} 294.0 8767.0 8387.0 0.04530821509478956 5 19 21.0 0.0 0.04530821509478956 0
16 ec.gp.GPIndividual@2103170427{276335266} 89.0 15549.0 14578.0 0.06660721635340924 5 19 21.0 0.0 0.06660721635340924 0
16 ec.gp.GPIndividual@2103170427{276335266} 119.0 11280.0 10861.0 0.03857839977902587 5 19 21.0 0.0 0.03857839977902587 0
16 ec.gp.GPIndividual@2103170427{276335266} 451.0 8564.0 8160.0 0.049509803921568625 5 19 21.0 0.0 0.049509803921568625 0
16 ec.gp.GPIndividual@273256954{467337818} 765.0 13031.0 12802.0 0.01788783002655835 5 24 21.0 0.0 0.01788783002655835 1
16 ec.gp.GPIndividual@2103170427{276335266} 63.0 14590.0 12802.0 0.13966567723793158 5 19 21.0 0.0 0.13966567723793158 0
16 ec.gp.GPIndividual@2103170427{276335266} 114.0 10974.0 10087.0 0.08793496579756122 5 19 21.0 0.0 0.08793496579756122 0
16 ec.gp.GPIndividual@578067174{1600144088} 1404.0 8347.0 8160.0 0.022916666666666665 5 21 21.0 0.0 0.022916666666666665 0
16 ec.gp.GPIndividual@273256954{467337818} 376.0 10555.0 10087.0 0.04639635173986319 5 24 21.0 0.0 0.04639635173986319 1
16 ec.gp.GPIndividual@2103170427{276335266} 354.0 8328.0 8317.0 0.0013225922808705061 5 19 21.0 0.0 0.0013225922808705061 0
16 ec.gp.GPIndividual@346685653{-191107139} 2499.0 8328.0 8317.0 0.0013225922808705061 4 12 21.0 0.0 0.0013225922808705061 0
16 ec.gp.GPIndividual@99336048{384562706} 35.0 11217.0 10054.0 0.1156753530932962 5 17 21.0 0.0 0.1156753530932962 0
16 ec.gp.GPIndividual@1250582537{585209649} 213.0 10054.0 10054.0 0.0 5 27 21.0 0.0 0.0 1
16 ec.gp.GPIndividual@99336048{384562706} 308.0 8767.0 8387.0 0.04530821509478956 5 17 21.0 0.0 0.04530821509478956 0
16 ec.gp.GPIndividual@99336048{384562706} 81.0 15549.0 14578.0 0.06660721635340924 5 17 21.0 0.0 0.06660721635340924 0
16 ec.gp.GPIndividual@99336048{384562706} 109.0 11280.0 10861.0 0.03857839977902587 5 17 21.0 0.0 0.03857839977902587 0
16 ec.gp.GPIndividual@273256954{467337818} 690.0 8328.0 8317.0 0.0013225922808705061 5 24 21.0 0.0 0.0013225922808705061 1
16 ec.gp.GPIndividual@734642703{101475505} 203.0 10054.0 10054.0 0.0 5 19 21.0 0.0 0.0 1
16 ec.gp.GPIndividual@99336048{384562706} 463.0 8564.0 8160.0 0.049509803921568625 5 17 21.0 0.0 0.049509803921568625 0
16 ec.gp.GPIndividual@99336048{384562706} 62.0 14590.0 12802.0 0.13966567723793158 5 17 21.0 0.0 0.13966567723793158 0
16 ec.gp.GPIndividual@99336048{384562706} 116.0 10974.0 10087.0 0.08793496579756122 5 17 21.0 0.0 0.08793496579756122 0
16 ec.gp.GPIndividual@734642703{101475505} 466.0 8624.0 8387.0 0.028258018361750327 5 19 21.0 0.0 0.028258018361750327 1
16 ec.gp.GPIndividual@578067174{1600144088} 1405.0 12802.0 12802.0 0.0 5 21 21.0 0.0 0.0 1
16 ec.gp.GPIndividual@1250582537{585209649} 1115.0 8560.0 8387.0 0.020627161082627875 5 27 21.0 0.0 0.020627161082627875 1
16 ec.gp.GPIndividual@734642703{101475505} 186.0 15443.0 14578.0 0.05933598573192482 5 19 21.0 0.0 0.05933598573192482 1
16 ec.gp.GPIndividual@578067174{1600144088} 174.0 10974.0 10087.0 0.08793496579756122 5 21 21.0 0.0 0.08793496579756122 1
16 ec.gp.GPIndividual@99336048{384562706} 371.0 8328.0 8317.0 0.0013225922808705061 5 17 21.0 0.0 0.0013225922808705061 0
16 ec.gp.GPIndividual@1128443821{1823032022} 171.0 12915.0 10054.0 0.2845633578675154 5 19 21.0 0.0 0.2845633578675154 0
16 ec.gp.GPIndividual@578067174{1600144088} 561.0 8328.0 8317.0 0.0013225922808705061 5 21 21.0 0.0 0.0013225922808705061 1
16 ec.gp.GPIndividual@734642703{101475505} 640.0 11247.0 10861.0 0.03554000552435319 5 19 21.0 0.0 0.03554000552435319 1
16 ec.gp.GPIndividual@1250582537{585209649} 763.0 15194.0 14578.0 0.04225545342296611 5 27 21.0 0.0 0.04225545342296611 1
16 ec.gp.GPIndividual@1128443821{1823032022} 848.0 10872.0 8387.0 0.29629188029092646 5 19 21.0 0.0 0.29629188029092646 0
16 ec.gp.GPIndividual@382914678{1600144088} 588.0 10141.0 10054.0 0.008653272329421126 5 21 21.0 0.0 0.008653272329421126 0
16 ec.gp.GPIndividual@1128443821{1823032022} 187.0 15869.0 14578.0 0.08855810124845657 5 19 21.0 0.0 0.08855810124845657 0
16 ec.gp.GPIndividual@1128443821{1823032022} 284.0 12585.0 10861.0 0.15873308166835468 5 19 21.0 0.0 0.15873308166835468 0
16 ec.gp.GPIndividual@1128443821{1823032022} 719.0 9574.0 8160.0 0.1732843137254902 5 19 21.0 0.0 0.1732843137254902 0
16 ec.gp.GPIndividual@1128443821{1823032022} 96.0 19584.0 12802.0 0.52976097484768 5 19 21.0 0.0 0.52976097484768 0
16 ec.gp.GPIndividual@1128443821{1823032022} 254.0 11159.0 10087.0 0.10627540398532764 5 19 21.0 0.0 0.10627540398532764 0
16 ec.gp.GPIndividual@1250582537{585209649} 2518.0 11063.0 10861.0 0.01859865574072369 5 27 21.0 0.0 0.01859865574072369 1
16 ec.gp.GPIndividual@734642703{101475505} 2624.0 8347.0 8160.0 0.022916666666666665 5 19 21.0 0.0 0.022916666666666665 1
16 ec.gp.GPIndividual@734642703{101475505} 151.0 13031.0 12802.0 0.01788783002655835 5 19 21.0 0.0 0.01788783002655835 1
16 ec.gp.GPIndividual@734642703{101475505} 487.0 10383.0 10087.0 0.02934470110042629 5 19 21.0 0.0 0.02934470110042629 1
16 ec.gp.GPIndividual@1250582537{585209649} 762.0 10033.0 8160.0 0.22953431372549019 5 27 21.0 0.0 0.22953431372549019 1
16 ec.gp.GPIndividual@1250582537{585209649} 147.0 13031.0 12802.0 0.01788783002655835 5 27 21.0 0.0 0.01788783002655835 1
16 ec.gp.GPIndividual@382914678{1600144088} 3391.0 8507.0 8387.0 0.014307857398354596 5 21 21.0 0.0 0.014307857398354596 0
16 ec.gp.GPIndividual@734642703{101475505} 697.0 8328.0 8317.0 0.0013225922808705061 5 19 21.0 0.0 0.0013225922808705061 1
16 ec.gp.GPIndividual@1754302752{-1149609376} 0.0 104262.0 10054.0 0.9556395464491745 3 7 21.0 0.0 0.9556395464491745 0
16 ec.gp.GPIndividual@1754302752{-1149609376} 0.0 104262.0 8387.0 0.9468224633361154 3 7 21.0 0.0 0.9468224633361154 0
16 ec.gp.GPIndividual@1754302752{-1149609376} 0.0 104262.0 14578.0 0.9694059541775277 3 7 21.0 0.0 0.9694059541775277 0
16 ec.gp.GPIndividual@1754302752{-1149609376} 0.0 104262.0 10861.0 0.9589356412853328 3 7 21.0 0.0 0.9589356412853328 0
16 ec.gp.GPIndividual@1754302752{-1149609376} 0.0 104262.0 8160.0 0.9453431372549019 3 7 21.0 0.0 0.9453431372549019 0
16 ec.gp.GPIndividual@1754302752{-1149609376} 0.0 104262.0 12802.0 0.9651616934853929 3 7 21.0 0.0 0.9651616934853929 0
16 ec.gp.GPIndividual@1754302752{-1149609376} 0.0 104262.0 10087.0 0.9557846733419253 3 7 21.0 0.0 0.9557846733419253 0
16 ec.gp.GPIndividual@1754302752{-1149609376} 0.0 104262.0 8317.0 0.9463748947937959 3 7 21.0 0.0 0.9463748947937959 0
16 ec.gp.GPIndividual@1250582537{585209649} 558.0 10383.0 10087.0 0.02934470110042629 5 27 21.0 0.0 0.02934470110042629 1
16 ec.gp.GPIndividual@1128443821{1823032022} 2245.0 10465.0 8317.0 0.2582662017554407 5 19 21.0 0.0 0.2582662017554407 0
16 ec.gp.GPIndividual@1727187073{-1461748785} 425.0 9246.0 10054.0 0.08036602347324448 5 24 21.0 0.0 0.08036602347324448 0
16 ec.gp.GPIndividual@299037270{1600144088} 366.0 10449.0 10054.0 0.03928784563357868 5 21 21.0 0.0 0.03928784563357868 0
16 ec.gp.GPIndividual@1250582537{585209649} 663.0 8328.0 8317.0 0.0013225922808705061 5 27 21.0 0.0 0.0013225922808705061 1
16 ec.gp.GPIndividual@382914678{1600144088} 865.0 14697.0 14578.0 0.008162985320345727 5 21 21.0 0.0 0.008162985320345727 0
16 ec.gp.GPIndividual@1706721267{-419094202} 440.0 9246.0 10054.0 0.08036602347324448 5 19 21.0 0.0 0.08036602347324448 0
16 ec.gp.GPIndividual@1727187073{-1461748785} 836.0 8560.0 8387.0 0.020627161082627875 5 24 21.0 0.0 0.020627161082627875 0
16 ec.gp.GPIndividual@1727187073{-1461748785} 157.0 15613.0 14578.0 0.07099739333241871 5 24 21.0 0.0 0.07099739333241871 0
16 ec.gp.GPIndividual@1727187073{-1461748785} 293.0 11658.0 10861.0 0.07338182487800386 5 24 21.0 0.0 0.07338182487800386 0
16 ec.gp.GPIndividual@1727187073{-1461748785} 708.0 8347.0 8160.0 0.022916666666666665 5 24 21.0 0.0 0.022916666666666665 0
16 ec.gp.GPIndividual@1727187073{-1461748785} 159.0 13031.0 12802.0 0.01788783002655835 5 24 21.0 0.0 0.01788783002655835 0
16 ec.gp.GPIndividual@382914678{1600144088} 1940.0 11066.0 10861.0 0.018874873400239387 5 21 21.0 0.0 0.018874873400239387 0
16 ec.gp.GPIndividual@1727187073{-1461748785} 255.0 11159.0 10087.0 0.10627540398532764 5 24 21.0 0.0 0.10627540398532764 0
16 ec.gp.GPIndividual@1706721267{-419094202} 1764.0 8528.0 8387.0 0.016811732443066652 5 19 21.0 0.0 0.016811732443066652 0
16 ec.gp.GPIndividual@299037270{1600144088} 2344.0 8527.0 8387.0 0.01669250029808036 5 21 21.0 0.0 0.01669250029808036 0
16 ec.gp.GPIndividual@299037270{1600144088} 123.0 15549.0 14578.0 0.06660721635340924 5 21 21.0 0.0 0.06660721635340924 0
16 ec.gp.GPIndividual@1706721267{-419094202} 230.0 15613.0 14578.0 0.07099739333241871 5 19 21.0 0.0 0.07099739333241871 0
16 ec.gp.GPIndividual@1706721267{-419094202} 640.0 11066.0 10861.0 0.018874873400239387 5 19 21.0 0.0 0.018874873400239387 0
16 ec.gp.GPIndividual@299037270{1600144088} 1703.0 11066.0 10861.0 0.018874873400239387 5 21 21.0 0.0 0.018874873400239387 0
16 ec.gp.GPIndividual@1727187073{-1461748785} 2066.0 8328.0 8317.0 0.0013225922808705061 5 24 21.0 0.0 0.0013225922808705061 0
16 ec.gp.GPIndividual@979915748{-900978391} 34.0 11217.0 10054.0 0.1156753530932962 5 9 21.0 0.0 0.1156753530932962 0
16 ec.gp.GPIndividual@382914678{1600144088} 2421.0 8347.0 8160.0 0.022916666666666665 5 21 21.0 0.0 0.022916666666666665 0
16 ec.gp.GPIndividual@979915748{-900978391} 296.0 8767.0 8387.0 0.04530821509478956 5 9 21.0 0.0 0.04530821509478956 0
16 ec.gp.GPIndividual@299037270{1600144088} 448.0 8564.0 8160.0 0.049509803921568625 5 21 21.0 0.0 0.049509803921568625 0
16 ec.gp.GPIndividual@979915748{-900978391} 85.0 15549.0 14578.0 0.06660721635340924 5 9 21.0 0.0 0.06660721635340924 0
16 ec.gp.GPIndividual@382914678{1600144088} 152.0 14590.0 12802.0 0.13966567723793158 5 21 21.0 0.0 0.13966567723793158 0
16 ec.gp.GPIndividual@979915748{-900978391} 114.0 11280.0 10861.0 0.03857839977902587 5 9 21.0 0.0 0.03857839977902587 0
16 ec.gp.GPIndividual@1706721267{-419094202} 1867.0 8347.0 8160.0 0.022916666666666665 5 19 21.0 0.0 0.022916666666666665 0
16 ec.gp.GPIndividual@382914678{1600144088} 428.0 10407.0 10087.0 0.03172400118965005 5 21 21.0 0.0 0.03172400118965005 0
16 ec.gp.GPIndividual@979915748{-900978391} 449.0 8564.0 8160.0 0.049509803921568625 5 9 21.0 0.0 0.049509803921568625 0
16 ec.gp.GPIndividual@299037270{1600144088} 592.0 13477.0 12802.0 0.052726136541165446 5 21 21.0 0.0 0.052726136541165446 0
16 ec.gp.GPIndividual@979915748{-900978391} 62.0 14590.0 12802.0 0.13966567723793158 5 9 21.0 0.0 0.13966567723793158 0
16 ec.gp.GPIndividual@979915748{-900978391} 106.0 10974.0 10087.0 0.08793496579756122 5 9 21.0 0.0 0.08793496579756122 0
16 ec.gp.GPIndividual@979915748{-900978391} 379.0 8328.0 8317.0 0.0013225922808705061 5 9 21.0 0.0 0.0013225922808705061 0
16 ec.gp.GPIndividual@382914678{1600144088} 2878.0 8328.0 8317.0 0.0013225922808705061 5 21 21.0 0.0 0.0013225922808705061 0
16 ec.gp.GPIndividual@1454509681{1801589874} 0.0 105260.0 10054.0 0.8563755719116769 1 1 21.0 0.0 0.8563755719116769 0
16 ec.gp.GPIndividual@1454509681{1801589874} 0.0 105260.0 8387.0 0.8278287826397996 1 1 21.0 0.0 0.8278287826397996 0
16 ec.gp.GPIndividual@1454509681{1801589874} 0.0 105260.0 14578.0 0.9009466319110989 1 1 21.0 0.0 0.9009466319110989 0
16 ec.gp.GPIndividual@1454509681{1801589874} 0.0 105260.0 10861.0 0.8670472332197772 1 1 21.0 0.0 0.8670472332197772 0
16 ec.gp.GPIndividual@1454509681{1801589874} 0.0 105260.0 8160.0 0.8230392156862745 1 1 21.0 0.0 0.8230392156862745 0
16 ec.gp.GPIndividual@1454509681{1801589874} 0.0 105260.0 12802.0 0.8872051241993438 1 1 21.0 0.0 0.8872051241993438 0
16 ec.gp.GPIndividual@1454509681{1801589874} 0.0 105260.0 10087.0 0.8568454446317042 1 1 21.0 0.0 0.8568454446317042 0
16 ec.gp.GPIndividual@1454509681{1801589874} 0.0 105260.0 8317.0 0.8263797042202717 1 1 21.0 0.0 0.8263797042202717 0
16 ec.gp.GPIndividual@1706721267{-419094202} 3161.0 12802.0 12802.0 0.0 5 19 21.0 0.0 0.0 1
16 ec.gp.GPIndividual@1706721267{-419094202} 609.0 10087.0 10087.0 0.0 5 19 21.0 0.0 0.0 2
16 ec.gp.GPIndividual@529819570{1560442640} 889.0 10141.0 10054.0 0.008653272329421126 5 19 21.0 0.0 0.008653272329421126 0
16 ec.gp.GPIndividual@299037270{1600144088} 4045.0 10174.0 10087.0 0.008624962823436106 5 21 21.0 0.0 0.008624962823436106 0
16 ec.gp.GPIndividual@529819570{1560442640} 705.0 8767.0 8387.0 0.04530821509478956 5 19 21.0 0.0 0.04530821509478956 0
16 ec.gp.GPIndividual@299037270{1600144088} 352.0 8328.0 8317.0 0.0013225922808705061 5 21 21.0 0.0 0.0013225922808705061 0
16 ec.gp.GPIndividual@838933786{940631140} 171.0 10449.0 10054.0 0.03928784563357868 5 21 21.0 0.0 0.03928784563357868 0
16 ec.gp.GPIndividual@838933786{940631140} 585.0 8624.0 8387.0 0.028258018361750327 5 21 21.0 0.0 0.028258018361750327 0
16 ec.gp.GPIndividual@529819570{1560442640} 935.0 14697.0 14578.0 0.008162985320345727 5 19 21.0 0.0 0.008162985320345727 0
16 ec.gp.GPIndividual@838933786{940631140} 384.0 15194.0 14578.0 0.04225545342296611 5 21 21.0 0.0 0.04225545342296611 0
16 ec.gp.GPIndividual@838933786{940631140} 493.0 11247.0 10861.0 0.03554000552435319 5 21 21.0 0.0 0.03554000552435319 0
16 ec.gp.GPIndividual@1706721267{-419094202} 3526.0 8328.0 8317.0 0.0013225922808705061 5 19 21.0 0.0 0.0013225922808705061 2
16 ec.gp.GPIndividual@1644419902{1019788912} 555.0 10141.0 10054.0 0.008653272329421126 5 21 21.0 0.0 0.008653272329421126 0
16 ec.gp.GPIndividual@529819570{1560442640} 2681.0 11028.0 10861.0 0.015376116379707209 5 19 21.0 0.0 0.015376116379707209 0
16 ec.gp.GPIndividual@1644419902{1019788912} 694.0 8767.0 8387.0 0.04530821509478956 5 21 21.0 0.0 0.04530821509478956 0
16 ec.gp.GPIndividual@529819570{1560442640} 441.0 8564.0 8160.0 0.049509803921568625 5 19 21.0 0.0 0.049509803921568625 0
16 ec.gp.GPIndividual@1644419902{1019788912} 184.0 15549.0 14578.0 0.06660721635340924 5 21 21.0 0.0 0.06660721635340924 0
16 ec.gp.GPIndividual@838933786{940631140} 2470.0 8347.0 8160.0 0.022916666666666665 5 21 21.0 0.0 0.022916666666666665 0
16 ec.gp.GPIndividual@529819570{1560442640} 142.0 14590.0 12802.0 0.13966567723793158 5 19 21.0 0.0 0.13966567723793158 0
16 ec.gp.GPIndividual@838933786{940631140} 570.0 13477.0 12802.0 0.052726136541165446 5 21 21.0 0.0 0.052726136541165446 0
16 ec.gp.GPIndividual@529819570{1560442640} 734.0 10405.0 10087.0 0.03152572618221473 5 19 21.0 0.0 0.03152572618221473 0
16 ec.gp.GPIndividual@838933786{940631140} 467.0 10383.0 10087.0 0.02934470110042629 5 21 21.0 0.0 0.02934470110042629 0
16 ec.gp.GPIndividual@1644419902{1019788912} 1131.0 11066.0 10861.0 0.018874873400239387 5 21 21.0 0.0 0.018874873400239387 0
16 ec.gp.GPIndividual@529819570{1560442640} 2242.0 8328.0 8317.0 0.0013225922808705061 5 19 21.0 0.0 0.0013225922808705061 0
16 ec.gp.GPIndividual@838933786{940631140} 2217.0 8328.0 8317.0 0.0013225922808705061 5 21 21.0 0.0 0.0013225922808705061 0
16 ec.gp.GPIndividual@1644419902{1019788912} 2863.0 8347.0 8160.0 0.022916666666666665 5 21 21.0 0.0 0.022916666666666665 0
16 ec.gp.GPIndividual@1644419902{1019788912} 449.0 13661.0 12802.0 0.06709889079831276 5 21 21.0 0.0 0.06709889079831276 0
16 ec.gp.GPIndividual@1644419902{1019788912} 415.0 10407.0 10087.0 0.03172400118965005 5 21 21.0 0.0 0.03172400118965005 0
16 ec.gp.GPIndividual@1644419902{1019788912} 8801.0 8328.0 8317.0 0.0013225922808705061 5 21 21.0 0.0 0.0013225922808705061 0
17 ec.gp.GPIndividual@445710826{917948461} 0.0 105260.0 10054.0 0.8563755719116769 1 1 21.0 0.0 0.8563755719116769 0
17 ec.gp.GPIndividual@445710826{917948461} 0.0 105260.0 8387.0 0.8278287826397996 1 1 21.0 0.0 0.8278287826397996 0
17 ec.gp.GPIndividual@445710826{917948461} 0.0 105260.0 14578.0 0.9009466319110989 1 1 21.0 0.0 0.9009466319110989 0
17 ec.gp.GPIndividual@445710826{917948461} 0.0 105260.0 10861.0 0.8670472332197772 1 1 21.0 0.0 0.8670472332197772 0
17 ec.gp.GPIndividual@445710826{917948461} 0.0 105260.0 8160.0 0.8230392156862745 1 1 21.0 0.0 0.8230392156862745 0
17 ec.gp.GPIndividual@445710826{917948461} 0.0 105260.0 12802.0 0.8872051241993438 1 1 21.0 0.0 0.8872051241993438 0
17 ec.gp.GPIndividual@445710826{917948461} 0.0 105260.0 10087.0 0.8568454446317042 1 1 21.0 0.0 0.8568454446317042 0
17 ec.gp.GPIndividual@445710826{917948461} 0.0 105260.0 8317.0 0.8263797042202717 1 1 21.0 0.0 0.8263797042202717 0
17 ec.gp.GPIndividual@1178553321{117377364} 0.0 94430.0 10054.0 0.8466282076785359 3 5 21.0 0.0 0.8466282076785359 0
17 ec.gp.GPIndividual@1178553321{117377364} 0.0 94430.0 8387.0 0.8161440324311434 3 5 21.0 0.0 0.8161440324311434 0
17 ec.gp.GPIndividual@1178553321{117377364} 0.0 94954.0 14578.0 0.8582795993963507 3 5 21.0 0.0 0.8582795993963507 0
17 ec.gp.GPIndividual@1178553321{117377364} 0.0 94780.0 10861.0 0.8257987293987662 3 5 21.0 0.0 0.8257987293987662 0
17 ec.gp.GPIndividual@1178553321{117377364} 0.0 94339.0 8160.0 0.8221813725490196 3 5 21.0 0.0 0.8221813725490196 0
17 ec.gp.GPIndividual@1178553321{117377364} 0.0 94780.0 12802.0 0.8522105920949852 3 5 21.0 0.0 0.8522105920949852 0
17 ec.gp.GPIndividual@1178553321{117377364} 0.0 94510.0 10087.0 0.8391989689699614 3 5 21.0 0.0 0.8391989689699614 0
17 ec.gp.GPIndividual@1178553321{117377364} 0.0 94339.0 8317.0 0.8255380545869905 3 5 21.0 0.0 0.8255380545869905 0
17 ec.gp.GPIndividual@1783178261{341995872} 45.0 11217.0 10054.0 0.1156753530932962 5 17 21.0 0.0 0.1156753530932962 0
17 ec.gp.GPIndividual@644596483{1084723991} 213.0 10959.0 10054.0 0.09001392480604735 5 23 21.0 0.0 0.09001392480604735 0
17 ec.gp.GPIndividual@1682156465{-2090497802} 257.0 10054.0 10054.0 0.0 5 19 21.0 0.0 0.0 1
17 ec.gp.GPIndividual@1783178261{341995872} 278.0 13517.0 8387.0 0.611660903779659 5 17 21.0 0.0 0.611660903779659 0
17 ec.gp.GPIndividual@431058188{999675642} 350.0 10959.0 10054.0 0.09001392480604735 5 19 21.0 0.0 0.09001392480604735 0
17 ec.gp.GPIndividual@1599350556{999675642} 396.0 10959.0 10054.0 0.09001392480604735 5 19 21.0 0.0 0.09001392480604735 0
17 ec.gp.GPIndividual@1783178261{341995872} 72.0 15644.0 14578.0 0.07312388530662642 5 17 21.0 0.0 0.07312388530662642 0
17 ec.gp.GPIndividual@1676250483{-1971990730} 431.0 10959.0 10054.0 0.09001392480604735 5 17 21.0 0.0 0.09001392480604735 0
17 ec.gp.GPIndividual@1783178261{341995872} 142.0 11280.0 10861.0 0.03857839977902587 5 17 21.0 0.0 0.03857839977902587 0
17 ec.gp.GPIndividual@644596483{1084723991} 451.0 19584.0 8387.0 1.3350423274114702 5 23 21.0 0.0 1.3350423274114702 0
17 ec.gp.GPIndividual@1599350556{999675642} 286.0 19584.0 8387.0 1.3350423274114702 5 19 21.0 0.0 1.3350423274114702 0
17 ec.gp.GPIndividual@1676250483{-1971990730} 285.0 13517.0 8387.0 0.611660903779659 5 17 21.0 0.0 0.611660903779659 0
17 ec.gp.GPIndividual@1599350556{999675642} 88.0 19584.0 14578.0 0.3433941555768967 5 19 21.0 0.0 0.3433941555768967 0
17 ec.gp.GPIndividual@644596483{1084723991} 122.0 19584.0 14578.0 0.3433941555768967 5 23 21.0 0.0 0.3433941555768967 0
17 ec.gp.GPIndividual@1676250483{-1971990730} 302.0 15229.0 14578.0 0.04465633145836192 5 17 21.0 0.0 0.04465633145836192 0
17 ec.gp.GPIndividual@1783178261{341995872} 543.0 8564.0 8160.0 0.049509803921568625 5 17 21.0 0.0 0.049509803921568625 0
17 ec.gp.GPIndividual@1599350556{999675642} 354.0 11658.0 10861.0 0.07338182487800386 5 19 21.0 0.0 0.07338182487800386 0
17 ec.gp.GPIndividual@1783178261{341995872} 48.0 14590.0 12802.0 0.13966567723793158 5 17 21.0 0.0 0.13966567723793158 0
17 ec.gp.GPIndividual@644596483{1084723991} 346.0 11658.0 10861.0 0.07338182487800386 5 23 21.0 0.0 0.07338182487800386 0
17 ec.gp.GPIndividual@1783178261{341995872} 121.0 10974.0 10087.0 0.08793496579756122 5 17 21.0 0.0 0.08793496579756122 0
17 ec.gp.GPIndividual@1783178261{341995872} 445.0 8328.0 8317.0 0.0013225922808705061 5 17 21.0 0.0 0.0013225922808705061 0
17 ec.gp.GPIndividual@1682156465{-2090497802} 1691.0 8561.0 8387.0 0.020746393227614165 5 19 21.0 0.0 0.020746393227614165 1
17 ec.gp.GPIndividual@644596483{1084723991} 840.0 8347.0 8160.0 0.022916666666666665 5 23 21.0 0.0 0.022916666666666665 0
17 ec.gp.GPIndividual@1599350556{999675642} 857.0 8347.0 8160.0 0.022916666666666665 5 19 21.0 0.0 0.022916666666666665 0
17 ec.gp.GPIndividual@1599350556{999675642} 37.0 19584.0 12802.0 0.52976097484768 5 19 21.0 0.0 0.52976097484768 0
17 ec.gp.GPIndividual@1008779574{1600144088} 364.0 10959.0 10054.0 0.09001392480604735 5 21 21.0 0.0 0.09001392480604735 0
17 ec.gp.GPIndividual@644596483{1084723991} 152.0 13688.0 12802.0 0.06920793625995939 5 23 21.0 0.0 0.06920793625995939 0
17 ec.gp.GPIndividual@1008779574{1600144088} 295.0 13517.0 8387.0 0.611660903779659 5 21 21.0 0.0 0.611660903779659 0
17 ec.gp.GPIndividual@644596483{1084723991} 234.0 11590.0 10087.0 0.14900366808763754 5 23 21.0 0.0 0.14900366808763754 0
17 ec.gp.GPIndividual@1599350556{999675642} 401.0 11159.0 10087.0 0.10627540398532764 5 19 21.0 0.0 0.10627540398532764 0
17 ec.gp.GPIndividual@1676250483{-1971990730} 1716.0 11066.0 10861.0 0.018874873400239387 5 17 21.0 0.0 0.018874873400239387 0
17 ec.gp.GPIndividual@1599350556{999675642} 1031.0 8328.0 8317.0 0.0013225922808705061 5 19 21.0 0.0 0.0013225922808705061 0
17 ec.gp.GPIndividual@1676250483{-1971990730} 740.0 8564.0 8160.0 0.049509803921568625 5 17 21.0 0.0 0.049509803921568625 0
17 ec.gp.GPIndividual@862026847{-1430790031} 45.0 11217.0 10054.0 0.1156753530932962 4 7 21.0 0.0 0.1156753530932962 0
17 ec.gp.GPIndividual@1008779574{1600144088} 1145.0 14697.0 14578.0 0.008162985320345727 5 21 21.0 0.0 0.008162985320345727 0
17 ec.gp.GPIndividual@431058188{999675642} 3246.0 8528.0 8387.0 0.016811732443066652 5 19 21.0 0.0 0.016811732443066652 0
17 ec.gp.GPIndividual@1676250483{-1971990730} 168.0 13688.0 12802.0 0.06920793625995939 5 17 21.0 0.0 0.06920793625995939 0
17 ec.gp.GPIndividual@1008779574{1600144088} 168.0 11280.0 10861.0 0.03857839977902587 5 21 21.0 0.0 0.03857839977902587 0
17 ec.gp.GPIndividual@644596483{1084723991} 1319.0 8328.0 8317.0 0.0013225922808705061 5 23 21.0 0.0 0.0013225922808705061 0
17 ec.gp.GPIndividual@862026847{-1430790031} 288.0 13517.0 8387.0 0.611660903779659 4 7 21.0 0.0 0.611660903779659 0
17 ec.gp.GPIndividual@1682156465{-2090497802} 1885.0 14697.0 14578.0 0.008162985320345727 5 19 21.0 0.0 0.008162985320345727 1
17 ec.gp.GPIndividual@862026847{-1430790031} 76.0 15644.0 14578.0 0.07312388530662642 4 7 21.0 0.0 0.07312388530662642 0
17 ec.gp.GPIndividual@1064855023{169375010} 255.0 10054.0 10054.0 0.0 5 20 21.0 0.0 0.0 1
17 ec.gp.GPIndividual@862026847{-1430790031} 126.0 11280.0 10861.0 0.03857839977902587 4 7 21.0 0.0 0.03857839977902587 0
17 ec.gp.GPIndividual@1676250483{-1971990730} 387.0 10482.0 10087.0 0.039159313968474274 5 17 21.0 0.0 0.039159313968474274 0
17 ec.gp.GPIndividual@862026847{-1430790031} 527.0 8564.0 8160.0 0.049509803921568625 4 7 21.0 0.0 0.049509803921568625 0
17 ec.gp.GPIndividual@1008779574{1600144088} 877.0 8446.0 8160.0 0.03504901960784314 5 21 21.0 0.0 0.03504901960784314 0
17 ec.gp.GPIndividual@862026847{-1430790031} 48.0 14590.0 12802.0 0.13966567723793158 4 7 21.0 0.0 0.13966567723793158 0
17 ec.gp.GPIndividual@862026847{-1430790031} 123.0 10974.0 10087.0 0.08793496579756122 4 7 21.0 0.0 0.08793496579756122 0
17 ec.gp.GPIndividual@1682156465{-2090497802} 890.0 11066.0 10861.0 0.018874873400239387 5 19 21.0 0.0 0.018874873400239387 1
17 ec.gp.GPIndividual@1064855023{169375010} 838.0 8624.0 8387.0 0.028258018361750327 5 20 21.0 0.0 0.028258018361750327 1
17 ec.gp.GPIndividual@1008779574{1600144088} 311.0 13661.0 12802.0 0.06709889079831276 5 21 21.0 0.0 0.06709889079831276 0
17 ec.gp.GPIndividual@862026847{-1430790031} 477.0 8328.0 8317.0 0.0013225922808705061 4 7 21.0 0.0 0.0013225922808705061 0
17 ec.gp.GPIndividual@1676250483{-1971990730} 1206.0 8328.0 8317.0 0.0013225922808705061 5 17 21.0 0.0 0.0013225922808705061 0
17 ec.gp.GPIndividual@1064855023{169375010} 477.0 15306.0 14578.0 0.04993826313623268 5 20 21.0 0.0 0.04993826313623268 1
17 ec.gp.GPIndividual@1135025266{-763465947} 246.0 10054.0 10054.0 0.0 5 22 21.0 0.0 0.0 1
17 ec.gp.GPIndividual@431058188{999675642} 1905.0 15194.0 14578.0 0.04225545342296611 5 19 21.0 0.0 0.04225545342296611 0
17 ec.gp.GPIndividual@1008779574{1600144088} 717.0 10405.0 10087.0 0.03152572618221473 5 21 21.0 0.0 0.03152572618221473 0
17 ec.gp.GPIndividual@105451747{1341666749} 423.0 10959.0 10054.0 0.09001392480604735 5 24 21.0 0.0 0.09001392480604735 0
17 ec.gp.GPIndividual@1064855023{169375010} 499.0 11444.0 10861.0 0.05367829849921738 5 20 21.0 0.0 0.05367829849921738 1
17 ec.gp.GPIndividual@431058188{999675642} 295.0 12610.0 10861.0 0.16103489549765215 5 19 21.0 0.0 0.16103489549765215 0
17 ec.gp.GPIndividual@431058188{999675642} 545.0 10033.0 8160.0 0.22953431372549019 5 19 21.0 0.0 0.22953431372549019 0
17 ec.gp.GPIndividual@431058188{999675642} 74.0 19584.0 12802.0 0.52976097484768 5 19 21.0 0.0 0.52976097484768 0
17 ec.gp.GPIndividual@105451747{1341666749} 824.0 8767.0 8387.0 0.04530821509478956 5 24 21.0 0.0 0.04530821509478956 0
17 ec.gp.GPIndividual@105451747{1341666749} 73.0 14917.0 14578.0 0.023254218685690768 5 24 21.0 0.0 0.023254218685690768 0
17 ec.gp.GPIndividual@1008779574{1600144088} 1123.0 8328.0 8317.0 0.0013225922808705061 5 21 21.0 0.0 0.0013225922808705061 0
17 ec.gp.GPIndividual@105451747{1341666749} 144.0 11280.0 10861.0 0.03857839977902587 5 24 21.0 0.0 0.03857839977902587 0
17 ec.gp.GPIndividual@1135025266{-763465947} 1348.0 8624.0 8387.0 0.028258018361750327 5 22 21.0 0.0 0.028258018361750327 1
17 ec.gp.GPIndividual@1682156465{-2090497802} 2083.0 8347.0 8160.0 0.022916666666666665 5 19 21.0 0.0 0.022916666666666665 1
17 ec.gp.GPIndividual@431058188{999675642} 446.0 10555.0 10087.0 0.04639635173986319 5 19 21.0 0.0 0.04639635173986319 0
17 ec.gp.GPIndividual@979817638{2114540874} 196.0 10959.0 10054.0 0.09001392480604735 5 25 21.0 0.0 0.09001392480604735 0
17 ec.gp.GPIndividual@979817638{2114540874} 287.0 13517.0 8387.0 0.611660903779659 5 25 21.0 0.0 0.611660903779659 0
17 ec.gp.GPIndividual@1135025266{-763465947} 433.0 14697.0 14578.0 0.008162985320345727 5 22 21.0 0.0 0.008162985320345727 1
17 ec.gp.GPIndividual@979817638{2114540874} 176.0 15549.0 14578.0 0.06660721635340924 5 25 21.0 0.0 0.06660721635340924 0
17 ec.gp.GPIndividual@979817638{2114540874} 312.0 11066.0 10861.0 0.018874873400239387 5 25 21.0 0.0 0.018874873400239387 0
17 ec.gp.GPIndividual@1064855023{169375010} 2056.0 8347.0 8160.0 0.022916666666666665 5 20 21.0 0.0 0.022916666666666665 1
17 ec.gp.GPIndividual@1135025266{-763465947} 657.0 11247.0 10861.0 0.03554000552435319 5 22 21.0 0.0 0.03554000552435319 1
17 ec.gp.GPIndividual@105451747{1341666749} 1664.0 8347.0 8160.0 0.022916666666666665 5 24 21.0 0.0 0.022916666666666665 0
17 ec.gp.GPIndividual@1135025266{-763465947} 519.0 10033.0 8160.0 0.22953431372549019 5 22 21.0 0.0 0.22953431372549019 1
17 ec.gp.GPIndividual@105451747{1341666749} 46.0 14409.0 12802.0 0.12552726136541165 5 24 21.0 0.0 0.12552726136541165 0
17 ec.gp.GPIndividual@431058188{999675642} 1660.0 8328.0 8317.0 0.0013225922808705061 5 19 21.0 0.0 0.0013225922808705061 0
17 ec.gp.GPIndividual@1682156465{-2090497802} 1721.0 12802.0 12802.0 0.0 5 19 21.0 0.0 0.0 2
17 ec.gp.GPIndividual@979817638{2114540874} 858.0 8446.0 8160.0 0.03504901960784314 5 25 21.0 0.0 0.03504901960784314 0
17 ec.gp.GPIndividual@1135025266{-763465947} 165.0 13688.0 12802.0 0.06920793625995939 5 22 21.0 0.0 0.06920793625995939 1
17 ec.gp.GPIndividual@105451747{1341666749} 142.0 10974.0 10087.0 0.08793496579756122 5 24 21.0 0.0 0.08793496579756122 0
17 ec.gp.GPIndividual@979817638{2114540874} 166.0 13688.0 12802.0 0.06920793625995939 5 25 21.0 0.0 0.06920793625995939 0
17 ec.gp.GPIndividual@1135025266{-763465947} 307.0 11159.0 10087.0 0.10627540398532764 5 22 21.0 0.0 0.10627540398532764 1
17 ec.gp.GPIndividual@979817638{2114540874} 166.0 10974.0 10087.0 0.08793496579756122 5 25 21.0 0.0 0.08793496579756122 0
17 ec.gp.GPIndividual@1682156465{-2090497802} 399.0 11159.0 10087.0 0.10627540398532764 5 19 21.0 0.0 0.10627540398532764 2
17 ec.gp.GPIndividual@425742124{-1321744456} 404.0 10959.0 10054.0 0.09001392480604735 5 29 21.0 0.0 0.09001392480604735 0
17 ec.gp.GPIndividual@1064855023{169375010} 1139.0 12802.0 12802.0 0.0 5 20 21.0 0.0 0.0 2
17 ec.gp.GPIndividual@1064855023{169375010} 232.0 11590.0 10087.0 0.14900366808763754 5 20 21.0 0.0 0.14900366808763754 2
17 ec.gp.GPIndividual@105451747{1341666749} 625.0 8328.0 8317.0 0.0013225922808705061 5 24 21.0 0.0 0.0013225922808705061 0
17 ec.gp.GPIndividual@1135025266{-763465947} 536.0 8328.0 8317.0 0.0013225922808705061 5 22 21.0 0.0 0.0013225922808705061 1
17 ec.gp.GPIndividual@550117855{815753450} 237.0 10054.0 10054.0 0.0 5 21 21.0 0.0 0.0 1
17 ec.gp.GPIndividual@1682156465{-2090497802} 594.0 8328.0 8317.0 0.0013225922808705061 5 19 21.0 0.0 0.0013225922808705061 2
17 ec.gp.GPIndividual@1071321592{1801589874} 0.0 105260.0 10054.0 0.8563755719116769 1 1 21.0 0.0 0.8563755719116769 0
17 ec.gp.GPIndividual@1071321592{1801589874} 0.0 105260.0 8387.0 0.8278287826397996 1 1 21.0 0.0 0.8278287826397996 0
17 ec.gp.GPIndividual@1071321592{1801589874} 0.0 105260.0 14578.0 0.9009466319110989 1 1 21.0 0.0 0.9009466319110989 0
17 ec.gp.GPIndividual@1071321592{1801589874} 0.0 105260.0 10861.0 0.8670472332197772 1 1 21.0 0.0 0.8670472332197772 0
17 ec.gp.GPIndividual@1071321592{1801589874} 0.0 105260.0 8160.0 0.8230392156862745 1 1 21.0 0.0 0.8230392156862745 0
17 ec.gp.GPIndividual@1071321592{1801589874} 0.0 105260.0 12802.0 0.8872051241993438 1 1 21.0 0.0 0.8872051241993438 0
17 ec.gp.GPIndividual@1071321592{1801589874} 0.0 105260.0 10087.0 0.8568454446317042 1 1 21.0 0.0 0.8568454446317042 0
17 ec.gp.GPIndividual@1071321592{1801589874} 0.0 105260.0 8317.0 0.8263797042202717 1 1 21.0 0.0 0.8263797042202717 0
17 ec.gp.GPIndividual@760727992{-529344579} 44.0 11217.0 10054.0 0.1156753530932962 5 9 21.0 0.0 0.1156753530932962 0
17 ec.gp.GPIndividual@979817638{2114540874} 707.0 8328.0 8317.0 0.0013225922808705061 5 25 21.0 0.0 0.0013225922808705061 0
17 ec.gp.GPIndividual@3532605{691363898} 0.0 105260.0 10054.0 0.8563755719116769 5 14 21.0 0.0 0.8563755719116769 0
17 ec.gp.GPIndividual@3532605{691363898} 0.0 105260.0 8387.0 0.8278287826397996 5 14 21.0 0.0 0.8278287826397996 0
17 ec.gp.GPIndividual@3532605{691363898} 0.0 105260.0 14578.0 0.9009466319110989 5 14 21.0 0.0 0.9009466319110989 0
17 ec.gp.GPIndividual@3532605{691363898} 0.0 105260.0 10861.0 0.8670472332197772 5 14 21.0 0.0 0.8670472332197772 0
17 ec.gp.GPIndividual@3532605{691363898} 0.0 105260.0 8160.0 0.8230392156862745 5 14 21.0 0.0 0.8230392156862745 0
17 ec.gp.GPIndividual@3532605{691363898} 0.0 105260.0 12802.0 0.8872051241993438 5 14 21.0 0.0 0.8872051241993438 0
17 ec.gp.GPIndividual@3532605{691363898} 0.0 105260.0 10087.0 0.8568454446317042 5 14 21.0 0.0 0.8568454446317042 0
17 ec.gp.GPIndividual@3532605{691363898} 0.0 105260.0 8317.0 0.8263797042202717 5 14 21.0 0.0 0.8263797042202717 0
17 ec.gp.GPIndividual@603914914{-1834050672} 194.0 10959.0 10054.0 0.09001392480604735 5 19 21.0 0.0 0.09001392480604735 0
17 ec.gp.GPIndividual@1064855023{169375010} 661.0 8328.0 8317.0 0.0013225922808705061 5 20 21.0 0.0 0.0013225922808705061 2
17 ec.gp.GPIndividual@760727992{-529344579} 305.0 13517.0 8387.0 0.611660903779659 5 9 21.0 0.0 0.611660903779659 0
17 ec.gp.GPIndividual@151769108{614379606} 88.0 11217.0 10054.0 0.1156753530932962 5 21 21.0 0.0 0.1156753530932962 0
17 ec.gp.GPIndividual@760727992{-529344579} 74.0 15644.0 14578.0 0.07312388530662642 5 9 21.0 0.0 0.07312388530662642 0
17 ec.gp.GPIndividual@425742124{-1321744456} 1020.0 8767.0 8387.0 0.04530821509478956 5 29 21.0 0.0 0.04530821509478956 0
17 ec.gp.GPIndividual@1000898705{-998424175} 624.0 10449.0 10054.0 0.03928784563357868 5 21 21.0 0.0 0.03928784563357868 0
17 ec.gp.GPIndividual@760727992{-529344579} 135.0 11280.0 10861.0 0.03857839977902587 5 9 21.0 0.0 0.03857839977902587 0
17 ec.gp.GPIndividual@603914914{-1834050672} 412.0 13517.0 8387.0 0.611660903779659 5 19 21.0 0.0 0.611660903779659 0
17 ec.gp.GPIndividual@151769108{614379606} 289.0 13517.0 8387.0 0.611660903779659 5 21 21.0 0.0 0.611660903779659 0
17 ec.gp.GPIndividual@425742124{-1321744456} 319.0 15443.0 14578.0 0.05933598573192482 5 29 21.0 0.0 0.05933598573192482 0
17 ec.gp.GPIndividual@603914914{-1834050672} 122.0 15644.0 14578.0 0.07312388530662642 5 19 21.0 0.0 0.07312388530662642 0
17 ec.gp.GPIndividual@603914914{-1834050672} 305.0 11066.0 10861.0 0.018874873400239387 5 19 21.0 0.0 0.018874873400239387 0
17 ec.gp.GPIndividual@760727992{-529344579} 529.0 8564.0 8160.0 0.049509803921568625 5 9 21.0 0.0 0.049509803921568625 0
17 ec.gp.GPIndividual@760727992{-529344579} 50.0 14590.0 12802.0 0.13966567723793158 5 9 21.0 0.0 0.13966567723793158 0
17 ec.gp.GPIndividual@425742124{-1321744456} 503.0 11444.0 10861.0 0.05367829849921738 5 29 21.0 0.0 0.05367829849921738 0
17 ec.gp.GPIndividual@760727992{-529344579} 125.0 10974.0 10087.0 0.08793496579756122 5 9 21.0 0.0 0.08793496579756122 0
17 ec.gp.GPIndividual@1000898705{-998424175} 782.0 8767.0 8387.0 0.04530821509478956 5 21 21.0 0.0 0.04530821509478956 0
17 ec.gp.GPIndividual@151769108{614379606} 616.0 15017.0 14578.0 0.03011387021539306 5 21 21.0 0.0 0.03011387021539306 0
17 ec.gp.GPIndividual@760727992{-529344579} 457.0 8328.0 8317.0 0.0013225922808705061 5 9 21.0 0.0 0.0013225922808705061 0
17 ec.gp.GPIndividual@603914914{-1834050672} 899.0 8446.0 8160.0 0.03504901960784314 5 19 21.0 0.0 0.03504901960784314 0
17 ec.gp.GPIndividual@603914914{-1834050672} 76.0 14590.0 12802.0 0.13966567723793158 5 19 21.0 0.0 0.13966567723793158 0
17 ec.gp.GPIndividual@550117855{815753450} 2244.0 8624.0 8387.0 0.028258018361750327 5 21 21.0 0.0 0.028258018361750327 1
17 ec.gp.GPIndividual@603914914{-1834050672} 155.0 10974.0 10087.0 0.08793496579756122 5 19 21.0 0.0 0.08793496579756122 0
17 ec.gp.GPIndividual@1000898705{-998424175} 1030.0 15194.0 14578.0 0.04225545342296611 5 21 21.0 0.0 0.04225545342296611 0
17 ec.gp.GPIndividual@425742124{-1321744456} 1099.0 8347.0 8160.0 0.022916666666666665 5 29 21.0 0.0 0.022916666666666665 0
17 ec.gp.GPIndividual@425742124{-1321744456} 72.0 19584.0 12802.0 0.52976097484768 5 29 21.0 0.0 0.52976097484768 0
17 ec.gp.GPIndividual@603914914{-1834050672} 396.0 8328.0 8317.0 0.0013225922808705061 5 19 21.0 0.0 0.0013225922808705061 0
17 ec.gp.GPIndividual@425742124{-1321744456} 272.0 11159.0 10087.0 0.10627540398532764 5 29 21.0 0.0 0.10627540398532764 0
17 ec.gp.GPIndividual@1000898705{-998424175} 438.0 11066.0 10861.0 0.018874873400239387 5 21 21.0 0.0 0.018874873400239387 0
17 ec.gp.GPIndividual@550117855{815753450} 703.0 15186.0 14578.0 0.04170668130058993 5 21 21.0 0.0 0.04170668130058993 1
17 ec.gp.GPIndividual@550117855{815753450} 1252.0 11066.0 10861.0 0.018874873400239387 5 21 21.0 0.0 0.018874873400239387 1
17 ec.gp.GPIndividual@425742124{-1321744456} 1496.0 8328.0 8317.0 0.0013225922808705061 5 29 21.0 0.0 0.0013225922808705061 0
17 ec.gp.GPIndividual@1600588791{271532587} 0.0 109280.0 10054.0 1.0 1 1 21.0 0.0 1.0 0
17 ec.gp.GPIndividual@1600588791{271532587} 0.0 109280.0 8387.0 1.0 1 1 21.0 0.0 1.0 0
17 ec.gp.GPIndividual@1600588791{271532587} 0.0 109280.0 14578.0 1.0 1 1 21.0 0.0 1.0 0
17 ec.gp.GPIndividual@1600588791{271532587} 0.0 109280.0 10861.0 1.0 1 1 21.0 0.0 1.0 0
17 ec.gp.GPIndividual@1600588791{271532587} 0.0 109280.0 8160.0 1.0 1 1 21.0 0.0 1.0 0
17 ec.gp.GPIndividual@1600588791{271532587} 0.0 109280.0 12802.0 1.0 1 1 21.0 0.0 1.0 0
17 ec.gp.GPIndividual@1600588791{271532587} 0.0 109280.0 10087.0 1.0 1 1 21.0 0.0 1.0 0
17 ec.gp.GPIndividual@1600588791{271532587} 0.0 109280.0 8317.0 1.0 1 1 21.0 0.0 1.0 0
17 ec.gp.GPIndividual@151769108{614379606} 3032.0 11066.0 10861.0 0.018874873400239387 5 21 21.0 0.0 0.018874873400239387 0
17 ec.gp.GPIndividual@1668435550{1815947178} 170.0 10959.0 10054.0 0.09001392480604735 5 17 21.0 0.0 0.09001392480604735 0
17 ec.gp.GPIndividual@1668435550{1815947178} 412.0 8767.0 8387.0 0.04530821509478956 5 17 21.0 0.0 0.04530821509478956 0
17 ec.gp.GPIndividual@1000898705{-998424175} 2042.0 8241.0 8160.0 0.009926470588235294 5 21 21.0 0.0 0.009926470588235294 0
17 ec.gp.GPIndividual@550117855{815753450} 691.0 10033.0 8160.0 0.22953431372549019 5 21 21.0 0.0 0.22953431372549019 1
17 ec.gp.GPIndividual@151769108{614379606} 447.0 8564.0 8160.0 0.049509803921568625 5 21 21.0 0.0 0.049509803921568625 0
17 ec.gp.GPIndividual@1668435550{1815947178} 94.0 14972.0 14578.0 0.02702702702702703 5 17 21.0 0.0 0.02702702702702703 0
17 ec.gp.GPIndividual@151769108{614379606} 83.0 14590.0 12802.0 0.13966567723793158 5 21 21.0 0.0 0.13966567723793158 0
17 ec.gp.GPIndividual@1000898705{-998424175} 112.0 19584.0 12802.0 0.52976097484768 5 21 21.0 0.0 0.52976097484768 0
17 ec.gp.GPIndividual@1668435550{1815947178} 271.0 11066.0 10861.0 0.018874873400239387 5 17 21.0 0.0 0.018874873400239387 0
17 ec.gp.GPIndividual@550117855{815753450} 929.0 12870.0 12802.0 0.005311670051554445 5 21 21.0 0.0 0.005311670051554445 1
17 ec.gp.GPIndividual@1668435550{1815947178} 749.0 8446.0 8160.0 0.03504901960784314 5 17 21.0 0.0 0.03504901960784314 0
17 ec.gp.GPIndividual@550117855{815753450} 260.0 11159.0 10087.0 0.10627540398532764 5 21 21.0 0.0 0.10627540398532764 1
17 ec.gp.GPIndividual@1668435550{1815947178} 111.0 14590.0 12802.0 0.13966567723793158 5 17 21.0 0.0 0.13966567723793158 0
17 ec.gp.GPIndividual@1668435550{1815947178} 209.0 10597.0 10087.0 0.05056012689600476 5 17 21.0 0.0 0.05056012689600476 0
17 ec.gp.GPIndividual@151769108{614379606} 1421.0 10241.0 10087.0 0.015267175572519083 5 21 21.0 0.0 0.015267175572519083 0
17 ec.gp.GPIndividual@1000898705{-998424175} 1737.0 10482.0 10087.0 0.039159313968474274 5 21 21.0 0.0 0.039159313968474274 0
17 ec.gp.GPIndividual@1668435550{1815947178} 2174.0 8328.0 8317.0 0.0013225922808705061 5 17 21.0 0.0 0.0013225922808705061 0
17 ec.gp.GPIndividual@550117855{815753450} 2407.0 8328.0 8317.0 0.0013225922808705061 5 21 21.0 0.0 0.0013225922808705061 1
17 ec.gp.GPIndividual@144295745{-429955041} 38.0 11217.0 10054.0 0.1156753530932962 5 17 21.0 0.0 0.1156753530932962 0
17 ec.gp.GPIndividual@151769108{614379606} 2368.0 8328.0 8317.0 0.0013225922808705061 5 21 21.0 0.0 0.0013225922808705061 0
17 ec.gp.GPIndividual@144295745{-429955041} 296.0 8767.0 8387.0 0.04530821509478956 5 17 21.0 0.0 0.04530821509478956 0
17 ec.gp.GPIndividual@1907988017{1221940089} 372.0 10449.0 10054.0 0.03928784563357868 5 21 21.0 0.0 0.03928784563357868 0
17 ec.gp.GPIndividual@144295745{-429955041} 81.0 15549.0 14578.0 0.06660721635340924 5 17 21.0 0.0 0.06660721635340924 0
17 ec.gp.GPIndividual@1965895712{2042541000} 168.0 10959.0 10054.0 0.09001392480604735 5 21 21.0 0.0 0.09001392480604735 0
17 ec.gp.GPIndividual@144295745{-429955041} 115.0 11280.0 10861.0 0.03857839977902587 5 17 21.0 0.0 0.03857839977902587 0
17 ec.gp.GPIndividual@1000898705{-998424175} 2289.0 8328.0 8317.0 0.0013225922808705061 5 21 21.0 0.0 0.0013225922808705061 0
17 ec.gp.GPIndividual@1161440319{-318412406} 176.0 10449.0 10054.0 0.03928784563357868 5 25 21.0 0.0 0.03928784563357868 0
17 ec.gp.GPIndividual@144295745{-429955041} 467.0 8564.0 8160.0 0.049509803921568625 5 17 21.0 0.0 0.049509803921568625 0
17 ec.gp.GPIndividual@1161440319{-318412406} 323.0 8624.0 8387.0 0.028258018361750327 5 25 21.0 0.0 0.028258018361750327 0
17 ec.gp.GPIndividual@1965895712{2042541000} 584.0 8767.0 8387.0 0.04530821509478956 5 21 21.0 0.0 0.04530821509478956 0
17 ec.gp.GPIndividual@144295745{-429955041} 75.0 14590.0 12802.0 0.13966567723793158 5 17 21.0 0.0 0.13966567723793158 0
17 ec.gp.GPIndividual@144295745{-429955041} 124.0 10974.0 10087.0 0.08793496579756122 5 17 21.0 0.0 0.08793496579756122 0
17 ec.gp.GPIndividual@1965895712{2042541000} 201.0 15229.0 14578.0 0.04465633145836192 5 21 21.0 0.0 0.04465633145836192 0
17 ec.gp.GPIndividual@1907988017{1221940089} 1036.0 8560.0 8387.0 0.020627161082627875 5 21 21.0 0.0 0.020627161082627875 0
17 ec.gp.GPIndividual@1161440319{-318412406} 466.0 15194.0 14578.0 0.04225545342296611 5 25 21.0 0.0 0.04225545342296611 0
17 ec.gp.GPIndividual@1965895712{2042541000} 273.0 11066.0 10861.0 0.018874873400239387 5 21 21.0 0.0 0.018874873400239387 0
17 ec.gp.GPIndividual@1907988017{1221940089} 119.0 15549.0 14578.0 0.06660721635340924 5 21 21.0 0.0 0.06660721635340924 0
17 ec.gp.GPIndividual@144295745{-429955041} 387.0 8328.0 8317.0 0.0013225922808705061 5 17 21.0 0.0 0.0013225922808705061 0
17 ec.gp.GPIndividual@666128692{98986996} 628.0 10141.0 10054.0 0.008653272329421126 5 19 21.0 0.0 0.008653272329421126 0
17 ec.gp.GPIndividual@1965895712{2042541000} 738.0 8564.0 8160.0 0.049509803921568625 5 21 21.0 0.0 0.049509803921568625 0
17 ec.gp.GPIndividual@1161440319{-318412406} 795.0 11066.0 10861.0 0.018874873400239387 5 25 21.0 0.0 0.018874873400239387 0
17 ec.gp.GPIndividual@1907988017{1221940089} 828.0 11066.0 10861.0 0.018874873400239387 5 21 21.0 0.0 0.018874873400239387 0
17 ec.gp.GPIndividual@1965895712{2042541000} 168.0 13688.0 12802.0 0.06920793625995939 5 21 21.0 0.0 0.06920793625995939 0
17 ec.gp.GPIndividual@1965895712{2042541000} 217.0 10597.0 10087.0 0.05056012689600476 5 21 21.0 0.0 0.05056012689600476 0
17 ec.gp.GPIndividual@1907988017{1221940089} 2034.0 8347.0 8160.0 0.022916666666666665 5 21 21.0 0.0 0.022916666666666665 0
17 ec.gp.GPIndividual@666128692{98986996} 2259.0 8560.0 8387.0 0.020627161082627875 5 19 21.0 0.0 0.020627161082627875 0
17 ec.gp.GPIndividual@1161440319{-318412406} 2211.0 8347.0 8160.0 0.022916666666666665 5 25 21.0 0.0 0.022916666666666665 0
17 ec.gp.GPIndividual@1907988017{1221940089} 116.0 14590.0 12802.0 0.13966567723793158 5 21 21.0 0.0 0.13966567723793158 0
17 ec.gp.GPIndividual@1965895712{2042541000} 1939.0 8328.0 8317.0 0.0013225922808705061 5 21 21.0 0.0 0.0013225922808705061 0
17 ec.gp.GPIndividual@220632669{-167626225} 38.0 11217.0 10054.0 0.1156753530932962 5 17 21.0 0.0 0.1156753530932962 0
17 ec.gp.GPIndividual@220632669{-167626225} 324.0 8767.0 8387.0 0.04530821509478956 5 17 21.0 0.0 0.04530821509478956 0
17 ec.gp.GPIndividual@1161440319{-318412406} 460.0 13661.0 12802.0 0.06709889079831276 5 25 21.0 0.0 0.06709889079831276 0
17 ec.gp.GPIndividual@666128692{98986996} 498.0 14697.0 14578.0 0.008162985320345727 5 19 21.0 0.0 0.008162985320345727 0
17 ec.gp.GPIndividual@1907988017{1221940089} 498.0 10407.0 10087.0 0.03172400118965005 5 21 21.0 0.0 0.03172400118965005 0
17 ec.gp.GPIndividual@220632669{-167626225} 85.0 15613.0 14578.0 0.07099739333241871 5 17 21.0 0.0 0.07099739333241871 0
17 ec.gp.GPIndividual@220632669{-167626225} 183.0 12610.0 10861.0 0.16103489549765215 5 17 21.0 0.0 0.16103489549765215 0
17 ec.gp.GPIndividual@220632669{-167626225} 463.0 10033.0 8160.0 0.22953431372549019 5 17 21.0 0.0 0.22953431372549019 0
17 ec.gp.GPIndividual@220632669{-167626225} 57.0 19584.0 12802.0 0.52976097484768 5 17 21.0 0.0 0.52976097484768 0
17 ec.gp.GPIndividual@220632669{-167626225} 180.0 11590.0 10087.0 0.14900366808763754 5 17 21.0 0.0 0.14900366808763754 0
17 ec.gp.GPIndividual@220632669{-167626225} 459.0 8328.0 8317.0 0.0013225922808705061 5 17 21.0 0.0 0.0013225922808705061 0
17 ec.gp.GPIndividual@1907988017{1221940089} 1610.0 8328.0 8317.0 0.0013225922808705061 5 21 21.0 0.0 0.0013225922808705061 0
17 ec.gp.GPIndividual@1161440319{-318412406} 1774.0 10087.0 10087.0 0.0 5 25 21.0 0.0 0.0 1
17 ec.gp.GPIndividual@1790684677{-272079368} 210.0 10054.0 10054.0 0.0 5 27 21.0 0.0 0.0 1
17 ec.gp.GPIndividual@666128692{98986996} 2079.0 11063.0 10861.0 0.01859865574072369 5 19 21.0 0.0 0.01859865574072369 0
17 ec.gp.GPIndividual@1161440319{-318412406} 2281.0 8328.0 8317.0 0.0013225922808705061 5 25 21.0 0.0 0.0013225922808705061 1
17 ec.gp.GPIndividual@1790684677{-272079368} 2260.0 8527.0 8387.0 0.01669250029808036 5 27 21.0 0.0 0.01669250029808036 1
17 ec.gp.GPIndividual@666128692{98986996} 2326.0 8347.0 8160.0 0.022916666666666665 5 19 21.0 0.0 0.022916666666666665 0
17 ec.gp.GPIndividual@1790684677{-272079368} 371.0 15314.0 14578.0 0.05048703525860886 5 27 21.0 0.0 0.05048703525860886 1
17 ec.gp.GPIndividual@666128692{98986996} 4344.0 12802.0 12802.0 0.0 5 19 21.0 0.0 0.0 1
17 ec.gp.GPIndividual@1790684677{-272079368} 5712.0 11063.0 10861.0 0.01859865574072369 5 27 21.0 0.0 0.01859865574072369 1
17 ec.gp.GPIndividual@666128692{98986996} 1711.0 10241.0 10087.0 0.015267175572519083 5 19 21.0 0.0 0.015267175572519083 1
17 ec.gp.GPIndividual@666128692{98986996} 4482.0 8328.0 8317.0 0.0013225922808705061 5 19 21.0 0.0 0.0013225922808705061 1
17 ec.gp.GPIndividual@1773437737{-1668596519} 442.0 9246.0 10054.0 0.08036602347324448 5 19 21.0 0.0 0.08036602347324448 0
17 ec.gp.GPIndividual@1790684677{-272079368} 6398.0 8222.0 8160.0 0.007598039215686274 5 27 21.0 0.0 0.007598039215686274 1
17 ec.gp.GPIndividual@1773437737{-1668596519} 1305.0 8560.0 8387.0 0.020627161082627875 5 19 21.0 0.0 0.020627161082627875 0
17 ec.gp.GPIndividual@1790684677{-272079368} 310.0 13661.0 12802.0 0.06709889079831276 5 27 21.0 0.0 0.06709889079831276 1
17 ec.gp.GPIndividual@1773437737{-1668596519} 228.0 15443.0 14578.0 0.05933598573192482 5 19 21.0 0.0 0.05933598573192482 0
17 ec.gp.GPIndividual@1773437737{-1668596519} 493.0 11247.0 10861.0 0.03554000552435319 5 19 21.0 0.0 0.03554000552435319 0
17 ec.gp.GPIndividual@1790684677{-272079368} 3535.0 10087.0 10087.0 0.0 5 27 21.0 0.0 0.0 2
17 ec.gp.GPIndividual@1773437737{-1668596519} 3383.0 8347.0 8160.0 0.022916666666666665 5 19 21.0 0.0 0.022916666666666665 0
17 ec.gp.GPIndividual@1790684677{-272079368} 413.0 8328.0 8317.0 0.0013225922808705061 5 27 21.0 0.0 0.0013225922808705061 2
17 ec.gp.GPIndividual@224667670{-236892999} 35.0 11217.0 10054.0 0.1156753530932962 5 21 21.0 0.0 0.1156753530932962 0
17 ec.gp.GPIndividual@224667670{-236892999} 279.0 8767.0 8387.0 0.04530821509478956 5 21 21.0 0.0 0.04530821509478956 0
17 ec.gp.GPIndividual@224667670{-236892999} 75.0 15549.0 14578.0 0.06660721635340924 5 21 21.0 0.0 0.06660721635340924 0
17 ec.gp.GPIndividual@224667670{-236892999} 105.0 11280.0 10861.0 0.03857839977902587 5 21 21.0 0.0 0.03857839977902587 0
17 ec.gp.GPIndividual@1773437737{-1668596519} 580.0 13012.0 12802.0 0.016403686923918137 5 19 21.0 0.0 0.016403686923918137 0
17 ec.gp.GPIndividual@224667670{-236892999} 415.0 8564.0 8160.0 0.049509803921568625 5 21 21.0 0.0 0.049509803921568625 0
17 ec.gp.GPIndividual@1773437737{-1668596519} 446.0 10383.0 10087.0 0.02934470110042629 5 19 21.0 0.0 0.02934470110042629 0
17 ec.gp.GPIndividual@224667670{-236892999} 100.0 13688.0 12802.0 0.06920793625995939 5 21 21.0 0.0 0.06920793625995939 0
17 ec.gp.GPIndividual@224667670{-236892999} 104.0 10974.0 10087.0 0.08793496579756122 5 21 21.0 0.0 0.08793496579756122 0
17 ec.gp.GPIndividual@224667670{-236892999} 344.0 8328.0 8317.0 0.0013225922808705061 5 21 21.0 0.0 0.0013225922808705061 0
17 ec.gp.GPIndividual@1773437737{-1668596519} 13250.0 8328.0 8317.0 0.0013225922808705061 5 19 21.0 0.0 0.0013225922808705061 0
17 ec.gp.GPIndividual@402756377{-708190910} 3472.0 10141.0 10054.0 0.008653272329421126 5 28 21.0 0.0 0.008653272329421126 0
17 ec.gp.GPIndividual@402756377{-708190910} 3369.0 8469.0 8387.0 0.009777035888875641 5 28 21.0 0.0 0.009777035888875641 0
17 ec.gp.GPIndividual@402756377{-708190910} 622.0 15194.0 14578.0 0.04225545342296611 5 28 21.0 0.0 0.04225545342296611 0
17 ec.gp.GPIndividual@402756377{-708190910} 14489.0 10861.0 10861.0 0.0 5 28 21.0 0.0 0.0 1
17 ec.gp.GPIndividual@402756377{-708190910} 10258.0 8215.0 8160.0 0.006740196078431373 5 28 21.0 0.0 0.006740196078431373 1
17 ec.gp.GPIndividual@402756377{-708190910} 355.0 13661.0 12802.0 0.06709889079831276 5 28 21.0 0.0 0.06709889079831276 1
17 ec.gp.GPIndividual@402756377{-708190910} 2165.0 10087.0 10087.0 0.0 5 28 21.0 0.0 0.0 2
17 ec.gp.GPIndividual@402756377{-708190910} 8775.0 8328.0 8317.0 0.0013225922808705061 5 28 21.0 0.0 0.0013225922808705061 2
17 ec.gp.GPIndividual@1583676567{960443448} 374.0 9246.0 10054.0 0.08036602347324448 5 19 21.0 0.0 0.08036602347324448 0
17 ec.gp.GPIndividual@1583676567{960443448} 742.0 8560.0 8387.0 0.020627161082627875 5 19 21.0 0.0 0.020627161082627875 0
17 ec.gp.GPIndividual@1583676567{960443448} 488.0 14697.0 14578.0 0.008162985320345727 5 19 21.0 0.0 0.008162985320345727 0
17 ec.gp.GPIndividual@1583676567{960443448} 241.0 11066.0 10861.0 0.018874873400239387 5 19 21.0 0.0 0.018874873400239387 0
17 ec.gp.GPIndividual@1583676567{960443448} 659.0 8446.0 8160.0 0.03504901960784314 5 19 21.0 0.0 0.03504901960784314 0
17 ec.gp.GPIndividual@1583676567{960443448} 206.0 13661.0 12802.0 0.06709889079831276 5 19 21.0 0.0 0.06709889079831276 0
17 ec.gp.GPIndividual@1583676567{960443448} 198.0 10597.0 10087.0 0.05056012689600476 5 19 21.0 0.0 0.05056012689600476 0
17 ec.gp.GPIndividual@1583676567{960443448} 8716.0 8328.0 8317.0 0.0013225922808705061 5 19 21.0 0.0 0.0013225922808705061 0
18 ec.gp.GPIndividual@1532767134{1801589874} 0.0 105260.0 10054.0 0.8563755719116769 1 1 21.0 0.0 0.8563755719116769 0
18 ec.gp.GPIndividual@1532767134{1801589874} 0.0 105260.0 8387.0 0.8278287826397996 1 1 21.0 0.0 0.8278287826397996 0
18 ec.gp.GPIndividual@1532767134{1801589874} 0.0 105260.0 14578.0 0.9009466319110989 1 1 21.0 0.0 0.9009466319110989 0
18 ec.gp.GPIndividual@1532767134{1801589874} 0.0 105260.0 10861.0 0.8670472332197772 1 1 21.0 0.0 0.8670472332197772 0
18 ec.gp.GPIndividual@1532767134{1801589874} 0.0 105260.0 8160.0 0.8230392156862745 1 1 21.0 0.0 0.8230392156862745 0
18 ec.gp.GPIndividual@1532767134{1801589874} 0.0 105260.0 12802.0 0.8872051241993438 1 1 21.0 0.0 0.8872051241993438 0
18 ec.gp.GPIndividual@1532767134{1801589874} 0.0 105260.0 10087.0 0.8568454446317042 1 1 21.0 0.0 0.8568454446317042 0
18 ec.gp.GPIndividual@1532767134{1801589874} 0.0 105260.0 8317.0 0.8263797042202717 1 1 21.0 0.0 0.8263797042202717 0
18 ec.gp.GPIndividual@1896733963{-2045644702} 216.0 10959.0 10054.0 0.09001392480604735 5 17 21.0 0.0 0.09001392480604735 0
18 ec.gp.GPIndividual@426528410{-1351669188} 256.0 10054.0 10054.0 0.0 5 18 21.0 0.0 0.0 1
18 ec.gp.GPIndividual@373052951{-197576070} 397.0 10959.0 10054.0 0.09001392480604735 5 15 21.0 0.0 0.09001392480604735 0
18 ec.gp.GPIndividual@2097230659{-2073660668} 459.0 10449.0 10054.0 0.03928784563357868 5 17 21.0 0.0 0.03928784563357868 0
18 ec.gp.GPIndividual@2090174298{-1075462188} 540.0 10449.0 10054.0 0.03928784563357868 5 21 21.0 0.0 0.03928784563357868 0
18 ec.gp.GPIndividual@294371320{-568649712} 616.0 10449.0 10054.0 0.03928784563357868 5 19 21.0 0.0 0.03928784563357868 0
18 ec.gp.GPIndividual@1896733963{-2045644702} 450.0 13517.0 8387.0 0.611660903779659 5 17 21.0 0.0 0.611660903779659 0
18 ec.gp.GPIndividual@373052951{-197576070} 287.0 19584.0 8387.0 1.3350423274114702 5 15 21.0 0.0 1.3350423274114702 0
18 ec.gp.GPIndividual@426528410{-1351669188} 470.0 8448.0 8387.0 0.007273160844163586 5 18 21.0 0.0 0.007273160844163586 1
18 ec.gp.GPIndividual@2097230659{-2073660668} 295.0 13517.0 8387.0 0.611660903779659 5 17 21.0 0.0 0.611660903779659 0
18 ec.gp.GPIndividual@1896733963{-2045644702} 122.0 15644.0 14578.0 0.07312388530662642 5 17 21.0 0.0 0.07312388530662642 0
18 ec.gp.GPIndividual@373052951{-197576070} 119.0 19584.0 14578.0 0.3433941555768967 5 15 21.0 0.0 0.3433941555768967 0
18 ec.gp.GPIndividual@1896733963{-2045644702} 324.0 11066.0 10861.0 0.018874873400239387 5 17 21.0 0.0 0.018874873400239387 0
18 ec.gp.GPIndividual@2090174298{-1075462188} 1245.0 8560.0 8387.0 0.020627161082627875 5 21 21.0 0.0 0.020627161082627875 0
18 ec.gp.GPIndividual@1896733963{-2045644702} 681.0 8564.0 8160.0 0.049509803921568625 5 17 21.0 0.0 0.049509803921568625 0
18 ec.gp.GPIndividual@294371320{-568649712} 1235.0 8767.0 8387.0 0.04530821509478956 5 19 21.0 0.0 0.04530821509478956 0
18 ec.gp.GPIndividual@2097230659{-2073660668} 1100.0 14697.0 14578.0 0.008162985320345727 5 17 21.0 0.0 0.008162985320345727 0
18 ec.gp.GPIndividual@1896733963{-2045644702} 71.0 14590.0 12802.0 0.13966567723793158 5 17 21.0 0.0 0.13966567723793158 0
18 ec.gp.GPIndividual@373052951{-197576070} 1110.0 11066.0 10861.0 0.018874873400239387 5 15 21.0 0.0 0.018874873400239387 0
18 ec.gp.GPIndividual@426528410{-1351669188} 1266.0 15186.0 14578.0 0.04170668130058993 5 18 21.0 0.0 0.04170668130058993 1
18 ec.gp.GPIndividual@1896733963{-2045644702} 253.0 10597.0 10087.0 0.05056012689600476 5 17 21.0 0.0 0.05056012689600476 0
18 ec.gp.GPIndividual@426528410{-1351669188} 1015.0 11066.0 10861.0 0.018874873400239387 5 18 21.0 0.0 0.018874873400239387 1
18 ec.gp.GPIndividual@373052951{-197576070} 1099.0 8347.0 8160.0 0.022916666666666665 5 15 21.0 0.0 0.022916666666666665 0
18 ec.gp.GPIndividual@294371320{-568649712} 1203.0 14697.0 14578.0 0.008162985320345727 5 19 21.0 0.0 0.008162985320345727 0
18 ec.gp.GPIndividual@1896733963{-2045644702} 949.0 8328.0 8317.0 0.0013225922808705061 5 17 21.0 0.0 0.0013225922808705061 0
18 ec.gp.GPIndividual@2090174298{-1075462188} 1394.0 14697.0 14578.0 0.008162985320345727 5 21 21.0 0.0 0.008162985320345727 0
18 ec.gp.GPIndividual@642852942{622279182} 184.0 10449.0 10054.0 0.03928784563357868 5 25 21.0 0.0 0.03928784563357868 0
18 ec.gp.GPIndividual@294371320{-568649712} 430.0 11066.0 10861.0 0.018874873400239387 5 19 21.0 0.0 0.018874873400239387 0
18 ec.gp.GPIndividual@373052951{-197576070} 505.0 13661.0 12802.0 0.06709889079831276 5 15 21.0 0.0 0.06709889079831276 0
18 ec.gp.GPIndividual@2097230659{-2073660668} 1707.0 11066.0 10861.0 0.018874873400239387 5 17 21.0 0.0 0.018874873400239387 0
18 ec.gp.GPIndividual@426528410{-1351669188} 568.0 10033.0 8160.0 0.22953431372549019 5 18 21.0 0.0 0.22953431372549019 1
18 ec.gp.GPIndividual@426528410{-1351669188} 102.0 13031.0 12802.0 0.01788783002655835 5 18 21.0 0.0 0.01788783002655835 1
18 ec.gp.GPIndividual@642852942{622279182} 498.0 18390.0 8387.0 1.1926791462978419 5 25 21.0 0.0 1.1926791462978419 0
18 ec.gp.GPIndividual@373052951{-197576070} 291.0 11159.0 10087.0 0.10627540398532764 5 15 21.0 0.0 0.10627540398532764 0
18 ec.gp.GPIndividual@426528410{-1351669188} 186.0 11590.0 10087.0 0.14900366808763754 5 18 21.0 0.0 0.14900366808763754 1
18 ec.gp.GPIndividual@426528410{-1351669188} 558.0 8328.0 8317.0 0.0013225922808705061 5 18 21.0 0.0 0.0013225922808705061 1
18 ec.gp.GPIndividual@354642677{-1834050672} 0.0 12674.0 10054.0 0.2605927988860155 5 19 21.0 0.0 0.2605927988860155 0
18 ec.gp.GPIndividual@354642677{-1834050672} 0.0 12661.0 8387.0 0.5095981876713962 5 19 21.0 0.0 0.5095981876713962 0
18 ec.gp.GPIndividual@354642677{-1834050672} 0.0 15644.0 14578.0 0.07312388530662642 5 19 21.0 0.0 0.07312388530662642 0
18 ec.gp.GPIndividual@354642677{-1834050672} 0.0 12894.0 10861.0 0.1871835005984716 5 19 21.0 0.0 0.1871835005984716 0
18 ec.gp.GPIndividual@354642677{-1834050672} 0.0 12665.0 8160.0 0.5520833333333334 5 19 21.0 0.0 0.5520833333333334 0
18 ec.gp.GPIndividual@354642677{-1834050672} 0.0 13918.0 12802.0 0.08717387908139353 5 19 21.0 0.0 0.08717387908139353 0
18 ec.gp.GPIndividual@354642677{-1834050672} 0.0 12674.0 10087.0 0.2564687221175771 5 19 21.0 0.0 0.2564687221175771 0
18 ec.gp.GPIndividual@354642677{-1834050672} 0.0 12672.0 8317.0 0.5236263075628231 5 19 21.0 0.0 0.5236263075628231 0
18 ec.gp.GPIndividual@2090174298{-1075462188} 1295.0 11066.0 10861.0 0.018874873400239387 5 21 21.0 0.0 0.018874873400239387 0
18 ec.gp.GPIndividual@981498723{-184816799} 414.0 10449.0 10054.0 0.03928784563357868 5 21 21.0 0.0 0.03928784563357868 0
18 ec.gp.GPIndividual@373052951{-197576070} 1209.0 8328.0 8317.0 0.0013225922808705061 5 15 21.0 0.0 0.0013225922808705061 0
18 ec.gp.GPIndividual@2090174298{-1075462188} 587.0 8564.0 8160.0 0.049509803921568625 5 21 21.0 0.0 0.049509803921568625 0
18 ec.gp.GPIndividual@981498723{-184816799} 274.0 13517.0 8387.0 0.611660903779659 5 21 21.0 0.0 0.611660903779659 0
18 ec.gp.GPIndividual@2090174298{-1075462188} 77.0 14590.0 12802.0 0.13966567723793158 5 21 21.0 0.0 0.13966567723793158 0
18 ec.gp.GPIndividual@642852942{622279182} 1403.0 15194.0 14578.0 0.04225545342296611 5 25 21.0 0.0 0.04225545342296611 0
18 ec.gp.GPIndividual@45192850{-272079368} 237.0 10054.0 10054.0 0.0 5 27 21.0 0.0 0.0 1
18 ec.gp.GPIndividual@981498723{-184816799} 315.0 15229.0 14578.0 0.04465633145836192 5 21 21.0 0.0 0.04465633145836192 0
18 ec.gp.GPIndividual@2090174298{-1075462188} 328.0 10597.0 10087.0 0.05056012689600476 5 21 21.0 0.0 0.05056012689600476 0
18 ec.gp.GPIndividual@2097230659{-2073660668} 1924.0 8347.0 8160.0 0.022916666666666665 5 17 21.0 0.0 0.022916666666666665 0
18 ec.gp.GPIndividual@642852942{622279182} 344.0 12100.0 10861.0 0.11407789337998343 5 25 21.0 0.0 0.11407789337998343 0
18 ec.gp.GPIndividual@294371320{-568649712} 2047.0 8347.0 8160.0 0.022916666666666665 5 19 21.0 0.0 0.022916666666666665 0
18 ec.gp.GPIndividual@2097230659{-2073660668} 74.0 14590.0 12802.0 0.13966567723793158 5 17 21.0 0.0 0.13966567723793158 0
18 ec.gp.GPIndividual@981498723{-184816799} 398.0 11066.0 10861.0 0.018874873400239387 5 21 21.0 0.0 0.018874873400239387 0
18 ec.gp.GPIndividual@294371320{-568649712} 312.0 13688.0 12802.0 0.06920793625995939 5 19 21.0 0.0 0.06920793625995939 0
18 ec.gp.GPIndividual@2097230659{-2073660668} 297.0 10597.0 10087.0 0.05056012689600476 5 17 21.0 0.0 0.05056012689600476 0
18 ec.gp.GPIndividual@294371320{-568649712} 640.0 10407.0 10087.0 0.03172400118965005 5 19 21.0 0.0 0.03172400118965005 0
18 ec.gp.GPIndividual@642852942{622279182} 1032.0 8347.0 8160.0 0.022916666666666665 5 25 21.0 0.0 0.022916666666666665 0
18 ec.gp.GPIndividual@642852942{622279182} 77.0 18424.0 12802.0 0.4391501327917513 5 25 21.0 0.0 0.4391501327917513 0
18 ec.gp.GPIndividual@45192850{-272079368} 1403.0 8448.0 8387.0 0.007273160844163586 5 27 21.0 0.0 0.007273160844163586 1
18 ec.gp.GPIndividual@2097230659{-2073660668} 923.0 8328.0 8317.0 0.0013225922808705061 5 17 21.0 0.0 0.0013225922808705061 0
18 ec.gp.GPIndividual@981498723{-184816799} 1034.0 8564.0 8160.0 0.049509803921568625 5 21 21.0 0.0 0.049509803921568625 0
18 ec.gp.GPIndividual@45192850{-272079368} 247.0 15613.0 14578.0 0.07099739333241871 5 27 21.0 0.0 0.07099739333241871 1
18 ec.gp.GPIndividual@981498723{-184816799} 213.0 13688.0 12802.0 0.06920793625995939 5 21 21.0 0.0 0.06920793625995939 0
18 ec.gp.GPIndividual@2090174298{-1075462188} 1640.0 8328.0 8317.0 0.0013225922808705061 5 21 21.0 0.0 0.0013225922808705061 0
18 ec.gp.GPIndividual@1092656871{1148668499} 36.0 11217.0 10054.0 0.1156753530932962 5 17 21.0 0.0 0.1156753530932962 0
18 ec.gp.GPIndividual@981498723{-184816799} 236.0 10974.0 10087.0 0.08793496579756122 5 21 21.0 0.0 0.08793496579756122 0
18 ec.gp.GPIndividual@45192850{-272079368} 418.0 11658.0 10861.0 0.07338182487800386 5 27 21.0 0.0 0.07338182487800386 1
18 ec.gp.GPIndividual@113177629{1124562461} 562.0 10449.0 10054.0 0.03928784563357868 5 24 21.0 0.0 0.03928784563357868 0
18 ec.gp.GPIndividual@1092656871{1148668499} 286.0 13517.0 8387.0 0.611660903779659 5 17 21.0 0.0 0.611660903779659 0
18 ec.gp.GPIndividual@1092656871{1148668499} 67.0 15644.0 14578.0 0.07312388530662642 5 17 21.0 0.0 0.07312388530662642 0
18 ec.gp.GPIndividual@642852942{622279182} 935.0 10087.0 10087.0 0.0 5 25 21.0 0.0 0.0 1
18 ec.gp.GPIndividual@113177629{1124562461} 284.0 17367.0 8387.0 1.070704661976869 5 24 21.0 0.0 1.070704661976869 0
18 ec.gp.GPIndividual@1092656871{1148668499} 131.0 11280.0 10861.0 0.03857839977902587 5 17 21.0 0.0 0.03857839977902587 0
18 ec.gp.GPIndividual@113177629{1124562461} 73.0 18114.0 14578.0 0.24255727809027303 5 24 21.0 0.0 0.24255727809027303 0
18 ec.gp.GPIndividual@294371320{-568649712} 1626.0 8328.0 8317.0 0.0013225922808705061 5 19 21.0 0.0 0.0013225922808705061 0
18 ec.gp.GPIndividual@1751941211{917948461} 0.0 105260.0 10054.0 0.8563755719116769 1 1 21.0 0.0 0.8563755719116769 0
18 ec.gp.GPIndividual@1751941211{917948461} 0.0 105260.0 8387.0 0.8278287826397996 1 1 21.0 0.0 0.8278287826397996 0
18 ec.gp.GPIndividual@1751941211{917948461} 0.0 105260.0 14578.0 0.9009466319110989 1 1 21.0 0.0 0.9009466319110989 0
18 ec.gp.GPIndividual@1751941211{917948461} 0.0 105260.0 10861.0 0.8670472332197772 1 1 21.0 0.0 0.8670472332197772 0
18 ec.gp.GPIndividual@1751941211{917948461} 0.0 105260.0 8160.0 0.8230392156862745 1 1 21.0 0.0 0.8230392156862745 0
18 ec.gp.GPIndividual@1751941211{917948461} 0.0 105260.0 12802.0 0.8872051241993438 1 1 21.0 0.0 0.8872051241993438 0
18 ec.gp.GPIndividual@1751941211{917948461} 0.0 105260.0 10087.0 0.8568454446317042 1 1 21.0 0.0 0.8568454446317042 0
18 ec.gp.GPIndividual@1751941211{917948461} 0.0 105260.0 8317.0 0.8263797042202717 1 1 21.0 0.0 0.8263797042202717 0
18 ec.gp.GPIndividual@1092656871{1148668499} 551.0 8564.0 8160.0 0.049509803921568625 5 17 21.0 0.0 0.049509803921568625 0
18 ec.gp.GPIndividual@1092656871{1148668499} 51.0 14590.0 12802.0 0.13966567723793158 5 17 21.0 0.0 0.13966567723793158 0
18 ec.gp.GPIndividual@257890431{-2004034239} 212.0 10959.0 10054.0 0.09001392480604735 5 17 21.0 0.0 0.09001392480604735 0
18 ec.gp.GPIndividual@1092656871{1148668499} 131.0 10974.0 10087.0 0.08793496579756122 5 17 21.0 0.0 0.08793496579756122 0
18 ec.gp.GPIndividual@45192850{-272079368} 1190.0 8347.0 8160.0 0.022916666666666665 5 27 21.0 0.0 0.022916666666666665 1
18 ec.gp.GPIndividual@257890431{-2004034239} 281.0 18390.0 8387.0 1.1926791462978419 5 17 21.0 0.0 1.1926791462978419 0
18 ec.gp.GPIndividual@113177629{1124562461} 923.0 11066.0 10861.0 0.018874873400239387 5 24 21.0 0.0 0.018874873400239387 0
18 ec.gp.GPIndividual@257890431{-2004034239} 173.0 15613.0 14578.0 0.07099739333241871 5 17 21.0 0.0 0.07099739333241871 0
18 ec.gp.GPIndividual@1092656871{1148668499} 471.0 8328.0 8317.0 0.0013225922808705061 5 17 21.0 0.0 0.0013225922808705061 0
18 ec.gp.GPIndividual@1985792832{2114378778} 0.0 109280.0 10054.0 1.0 2 3 21.0 0.0 1.0 0
18 ec.gp.GPIndividual@1985792832{2114378778} 0.0 109280.0 8387.0 1.0 2 3 21.0 0.0 1.0 0
18 ec.gp.GPIndividual@1985792832{2114378778} 0.0 109280.0 14578.0 1.0 2 3 21.0 0.0 1.0 0
18 ec.gp.GPIndividual@1985792832{2114378778} 0.0 109280.0 10861.0 1.0 2 3 21.0 0.0 1.0 0
18 ec.gp.GPIndividual@1985792832{2114378778} 0.0 109280.0 8160.0 1.0 2 3 21.0 0.0 1.0 0
18 ec.gp.GPIndividual@1985792832{2114378778} 0.0 109280.0 12802.0 1.0 2 3 21.0 0.0 1.0 0
18 ec.gp.GPIndividual@1985792832{2114378778} 0.0 109280.0 10087.0 1.0 2 3 21.0 0.0 1.0 0
18 ec.gp.GPIndividual@1985792832{2114378778} 0.0 109280.0 8317.0 1.0 2 3 21.0 0.0 1.0 0
18 ec.gp.GPIndividual@1523874053{917948461} 0.0 105260.0 10054.0 0.8563755719116769 1 1 21.0 0.0 0.8563755719116769 0
18 ec.gp.GPIndividual@1523874053{917948461} 0.0 105260.0 8387.0 0.8278287826397996 1 1 21.0 0.0 0.8278287826397996 0
18 ec.gp.GPIndividual@1523874053{917948461} 0.0 105260.0 14578.0 0.9009466319110989 1 1 21.0 0.0 0.9009466319110989 0
18 ec.gp.GPIndividual@1523874053{917948461} 0.0 105260.0 10861.0 0.8670472332197772 1 1 21.0 0.0 0.8670472332197772 0
18 ec.gp.GPIndividual@1523874053{917948461} 0.0 105260.0 8160.0 0.8230392156862745 1 1 21.0 0.0 0.8230392156862745 0
18 ec.gp.GPIndividual@1523874053{917948461} 0.0 105260.0 12802.0 0.8872051241993438 1 1 21.0 0.0 0.8872051241993438 0
18 ec.gp.GPIndividual@1523874053{917948461} 0.0 105260.0 10087.0 0.8568454446317042 1 1 21.0 0.0 0.8568454446317042 0
18 ec.gp.GPIndividual@1523874053{917948461} 0.0 105260.0 8317.0 0.8263797042202717 1 1 21.0 0.0 0.8263797042202717 0
18 ec.gp.GPIndividual@179018322{1396018425} 41.0 11217.0 10054.0 0.1156753530932962 5 21 21.0 0.0 0.1156753530932962 0
18 ec.gp.GPIndividual@981498723{-184816799} 1609.0 8328.0 8317.0 0.0013225922808705061 5 21 21.0 0.0 0.0013225922808705061 0
18 ec.gp.GPIndividual@257890431{-2004034239} 338.0 11658.0 10861.0 0.07338182487800386 5 17 21.0 0.0 0.07338182487800386 0
18 ec.gp.GPIndividual@179018322{1396018425} 279.0 13517.0 8387.0 0.611660903779659 5 21 21.0 0.0 0.611660903779659 0
18 ec.gp.GPIndividual@45192850{-272079368} 662.0 13048.0 12802.0 0.01921574753944696 5 27 21.0 0.0 0.01921574753944696 1
18 ec.gp.GPIndividual@179018322{1396018425} 69.0 15644.0 14578.0 0.07312388530662642 5 21 21.0 0.0 0.07312388530662642 0
18 ec.gp.GPIndividual@179018322{1396018425} 115.0 11280.0 10861.0 0.03857839977902587 5 21 21.0 0.0 0.03857839977902587 0
18 ec.gp.GPIndividual@642852942{622279182} 1926.0 8328.0 8317.0 0.0013225922808705061 5 25 21.0 0.0 0.0013225922808705061 1
18 ec.gp.GPIndividual@1630635139{-1539467317} 701.0 10141.0 10054.0 0.008653272329421126 5 21 21.0 0.0 0.008653272329421126 0
18 ec.gp.GPIndividual@113177629{1124562461} 1017.0 8773.0 8160.0 0.07512254901960784 5 24 21.0 0.0 0.07512254901960784 0
18 ec.gp.GPIndividual@987865236{1341666749} 184.0 11217.0 10054.0 0.1156753530932962 5 24 21.0 0.0 0.1156753530932962 0
18 ec.gp.GPIndividual@113177629{1124562461} 44.0 16275.0 12802.0 0.2712857366036557 5 24 21.0 0.0 0.2712857366036557 0
18 ec.gp.GPIndividual@45192850{-272079368} 506.0 10555.0 10087.0 0.04639635173986319 5 27 21.0 0.0 0.04639635173986319 1
18 ec.gp.GPIndividual@257890431{-2004034239} 616.0 10033.0 8160.0 0.22953431372549019 5 17 21.0 0.0 0.22953431372549019 0
18 ec.gp.GPIndividual@113177629{1124562461} 108.0 11488.0 10087.0 0.1388916427084366 5 24 21.0 0.0 0.1388916427084366 0
18 ec.gp.GPIndividual@113177629{1124562461} 0.0 17403.0 8317.0 1.0924612239990381 5 24 21.0 0.0 1.0924612239990381 0
18 ec.gp.GPIndividual@257890431{-2004034239} 78.0 19584.0 12802.0 0.52976097484768 5 17 21.0 0.0 0.52976097484768 0
18 ec.gp.GPIndividual@2037203027{629170977} 44.0 11217.0 10054.0 0.1156753530932962 5 22 21.0 0.0 0.1156753530932962 0
18 ec.gp.GPIndividual@179018322{1396018425} 508.0 8564.0 8160.0 0.049509803921568625 5 21 21.0 0.0 0.049509803921568625 0
18 ec.gp.GPIndividual@179018322{1396018425} 38.0 14590.0 12802.0 0.13966567723793158 5 21 21.0 0.0 0.13966567723793158 0
18 ec.gp.GPIndividual@179018322{1396018425} 123.0 10974.0 10087.0 0.08793496579756122 5 21 21.0 0.0 0.08793496579756122 0
18 ec.gp.GPIndividual@257890431{-2004034239} 218.0 11590.0 10087.0 0.14900366808763754 5 17 21.0 0.0 0.14900366808763754 0
18 ec.gp.GPIndividual@987865236{1341666749} 390.0 19584.0 8387.0 1.3350423274114702 5 24 21.0 0.0 1.3350423274114702 0
18 ec.gp.GPIndividual@987865236{1341666749} 76.0 14917.0 14578.0 0.023254218685690768 5 24 21.0 0.0 0.023254218685690768 0
18 ec.gp.GPIndividual@2037203027{629170977} 290.0 13517.0 8387.0 0.611660903779659 5 22 21.0 0.0 0.611660903779659 0
18 ec.gp.GPIndividual@1630635139{-1539467317} 525.0 13517.0 8387.0 0.611660903779659 5 21 21.0 0.0 0.611660903779659 0
18 ec.gp.GPIndividual@45192850{-272079368} 487.0 8328.0 8317.0 0.0013225922808705061 5 27 21.0 0.0 0.0013225922808705061 1
18 ec.gp.GPIndividual@2037203027{629170977} 71.0 15644.0 14578.0 0.07312388530662642 5 22 21.0 0.0 0.07312388530662642 0
18 ec.gp.GPIndividual@987865236{1341666749} 131.0 11280.0 10861.0 0.03857839977902587 5 24 21.0 0.0 0.03857839977902587 0
18 ec.gp.GPIndividual@2037203027{629170977} 121.0 11280.0 10861.0 0.03857839977902587 5 22 21.0 0.0 0.03857839977902587 0
18 ec.gp.GPIndividual@179018322{1396018425} 434.0 8328.0 8317.0 0.0013225922808705061 5 21 21.0 0.0 0.0013225922808705061 0
18 ec.gp.GPIndividual@1337584198{709934671} 254.0 10959.0 10054.0 0.09001392480604735 5 17 21.0 0.0 0.09001392480604735 0
18 ec.gp.GPIndividual@2076725783{1600144088} 544.0 10449.0 10054.0 0.03928784563357868 5 21 21.0 0.0 0.03928784563357868 0
18 ec.gp.GPIndividual@987865236{1341666749} 539.0 10033.0 8160.0 0.22953431372549019 5 24 21.0 0.0 0.22953431372549019 0
18 ec.gp.GPIndividual@257890431{-2004034239} 804.0 8328.0 8317.0 0.0013225922808705061 5 17 21.0 0.0 0.0013225922808705061 0
18 ec.gp.GPIndividual@987865236{1341666749} 48.0 14409.0 12802.0 0.12552726136541165 5 24 21.0 0.0 0.12552726136541165 0
18 ec.gp.GPIndividual@2037203027{629170977} 540.0 8564.0 8160.0 0.049509803921568625 5 22 21.0 0.0 0.049509803921568625 0
18 ec.gp.GPIndividual@1630635139{-1539467317} 726.0 14697.0 14578.0 0.008162985320345727 5 21 21.0 0.0 0.008162985320345727 0
18 ec.gp.GPIndividual@2037203027{629170977} 41.0 14590.0 12802.0 0.13966567723793158 5 22 21.0 0.0 0.13966567723793158 0
18 ec.gp.GPIndividual@987865236{1341666749} 154.0 10974.0 10087.0 0.08793496579756122 5 24 21.0 0.0 0.08793496579756122 0
18 ec.gp.GPIndividual@2037203027{629170977} 133.0 10974.0 10087.0 0.08793496579756122 5 22 21.0 0.0 0.08793496579756122 0
18 ec.gp.GPIndividual@475404837{526418493} 265.0 10054.0 10054.0 0.0 5 19 21.0 0.0 0.0 1
18 ec.gp.GPIndividual@1337584198{709934671} 501.0 19584.0 8387.0 1.3350423274114702 5 17 21.0 0.0 1.3350423274114702 0
18 ec.gp.GPIndividual@1337584198{709934671} 122.0 19584.0 14578.0 0.3433941555768967 5 17 21.0 0.0 0.3433941555768967 0
18 ec.gp.GPIndividual@1630635139{-1539467317} 517.0 11066.0 10861.0 0.018874873400239387 5 21 21.0 0.0 0.018874873400239387 0
18 ec.gp.GPIndividual@2037203027{629170977} 430.0 8328.0 8317.0 0.0013225922808705061 5 22 21.0 0.0 0.0013225922808705061 0
18 ec.gp.GPIndividual@1830998165{-1351586460} 0.0 90980.0 10054.0 0.6463099263974538 5 17 21.0 0.0 0.6463099263974538 0
18 ec.gp.GPIndividual@1830998165{-1351586460} 0.0 90980.0 8387.0 0.5760104924287588 5 17 21.0 0.0 0.5760104924287588 0
18 ec.gp.GPIndividual@1830998165{-1351586460} 0.0 90934.0 14578.0 0.7592262313074496 5 17 21.0 0.0 0.7592262313074496 0
18 ec.gp.GPIndividual@1830998165{-1351586460} 0.0 90980.0 10861.0 0.6725900009207255 5 17 21.0 0.0 0.6725900009207255 0
18 ec.gp.GPIndividual@1830998165{-1351586460} 0.0 90965.0 8160.0 0.5660539215686274 5 17 21.0 0.0 0.5660539215686274 0
18 ec.gp.GPIndividual@1830998165{-1351586460} 0.0 90980.0 12802.0 0.7222309014216529 5 17 21.0 0.0 0.7222309014216529 0
18 ec.gp.GPIndividual@1830998165{-1351586460} 0.0 90980.0 10087.0 0.6474670367800138 5 17 21.0 0.0 0.6474670367800138 0
18 ec.gp.GPIndividual@1830998165{-1351586460} 0.0 90965.0 8317.0 0.5742455212215943 5 17 21.0 0.0 0.5742455212215943 0
18 ec.gp.GPIndividual@475404837{526418493} 669.0 8624.0 8387.0 0.028258018361750327 5 19 21.0 0.0 0.028258018361750327 1
18 ec.gp.GPIndividual@1337584198{709934671} 448.0 11658.0 10861.0 0.07338182487800386 5 17 21.0 0.0 0.07338182487800386 0
18 ec.gp.GPIndividual@987865236{1341666749} 796.0 8328.0 8317.0 0.0013225922808705061 5 24 21.0 0.0 0.0013225922808705061 0
18 ec.gp.GPIndividual@2076725783{1600144088} 1298.0 8560.0 8387.0 0.020627161082627875 5 21 21.0 0.0 0.020627161082627875 0
18 ec.gp.GPIndividual@432897369{-1485507391} 562.0 10449.0 10054.0 0.03928784563357868 5 21 21.0 0.0 0.03928784563357868 0
18 ec.gp.GPIndividual@1630635139{-1539467317} 750.0 8564.0 8160.0 0.049509803921568625 5 21 21.0 0.0 0.049509803921568625 0
18 ec.gp.GPIndividual@55336427{-983492171} 357.0 10959.0 10054.0 0.09001392480604735 5 21 21.0 0.0 0.09001392480604735 0
18 ec.gp.GPIndividual@1337584198{709934671} 512.0 10033.0 8160.0 0.22953431372549019 5 17 21.0 0.0 0.22953431372549019 0
18 ec.gp.GPIndividual@432897369{-1485507391} 281.0 19584.0 8387.0 1.3350423274114702 5 21 21.0 0.0 1.3350423274114702 0
18 ec.gp.GPIndividual@2076725783{1600144088} 302.0 15229.0 14578.0 0.04465633145836192 5 21 21.0 0.0 0.04465633145836192 0
18 ec.gp.GPIndividual@1630635139{-1539467317} 196.0 13688.0 12802.0 0.06920793625995939 5 21 21.0 0.0 0.06920793625995939 0
18 ec.gp.GPIndividual@475404837{526418493} 632.0 15186.0 14578.0 0.04170668130058993 5 19 21.0 0.0 0.04170668130058993 1
18 ec.gp.GPIndividual@1337584198{709934671} 843.0 13012.0 12802.0 0.016403686923918137 5 17 21.0 0.0 0.016403686923918137 0
18 ec.gp.GPIndividual@1630635139{-1539467317} 795.0 10405.0 10087.0 0.03152572618221473 5 21 21.0 0.0 0.03152572618221473 0
18 ec.gp.GPIndividual@475404837{526418493} 748.0 11247.0 10861.0 0.03554000552435319 5 19 21.0 0.0 0.03554000552435319 1
18 ec.gp.GPIndividual@55336427{-983492171} 1167.0 8767.0 8387.0 0.04530821509478956 5 21 21.0 0.0 0.04530821509478956 0
18 ec.gp.GPIndividual@1337584198{709934671} 216.0 11590.0 10087.0 0.14900366808763754 5 17 21.0 0.0 0.14900366808763754 0
18 ec.gp.GPIndividual@2076725783{1600144088} 1093.0 11066.0 10861.0 0.018874873400239387 5 21 21.0 0.0 0.018874873400239387 0
18 ec.gp.GPIndividual@2076725783{1600144088} 533.0 8564.0 8160.0 0.049509803921568625 5 21 21.0 0.0 0.049509803921568625 0
18 ec.gp.GPIndividual@475404837{526418493} 868.0 8347.0 8160.0 0.022916666666666665 5 19 21.0 0.0 0.022916666666666665 1
18 ec.gp.GPIndividual@2076725783{1600144088} 74.0 14590.0 12802.0 0.13966567723793158 5 21 21.0 0.0 0.13966567723793158 0
18 ec.gp.GPIndividual@432897369{-1485507391} 1835.0 15194.0 14578.0 0.04225545342296611 5 21 21.0 0.0 0.04225545342296611 0
18 ec.gp.GPIndividual@1337584198{709934671} 806.0 8328.0 8317.0 0.0013225922808705061 5 17 21.0 0.0 0.0013225922808705061 0
18 ec.gp.GPIndividual@55336427{-983492171} 997.0 15194.0 14578.0 0.04225545342296611 5 21 21.0 0.0 0.04225545342296611 0
18 ec.gp.GPIndividual@1630635139{-1539467317} 1260.0 8328.0 8317.0 0.0013225922808705061 5 21 21.0 0.0 0.0013225922808705061 0
18 ec.gp.GPIndividual@441585313{-13195226} 51.0 11217.0 10054.0 0.1156753530932962 5 9 21.0 0.0 0.1156753530932962 0
18 ec.gp.GPIndividual@1596931642{107984475} 460.0 10331.0 10054.0 0.02755122339367416 5 21 21.0 0.0 0.02755122339367416 0
18 ec.gp.GPIndividual@2076725783{1600144088} 623.0 10407.0 10087.0 0.03172400118965005 5 21 21.0 0.0 0.03172400118965005 0
18 ec.gp.GPIndividual@441585313{-13195226} 286.0 13517.0 8387.0 0.611660903779659 5 9 21.0 0.0 0.611660903779659 0
18 ec.gp.GPIndividual@55336427{-983492171} 457.0 11444.0 10861.0 0.05367829849921738 5 21 21.0 0.0 0.05367829849921738 0
18 ec.gp.GPIndividual@432897369{-1485507391} 637.0 11247.0 10861.0 0.03554000552435319 5 21 21.0 0.0 0.03554000552435319 0
18 ec.gp.GPIndividual@441585313{-13195226} 68.0 15644.0 14578.0 0.07312388530662642 5 9 21.0 0.0 0.07312388530662642 0
18 ec.gp.GPIndividual@475404837{526418493} 892.0 12802.0 12802.0 0.0 5 19 21.0 0.0 0.0 2
18 ec.gp.GPIndividual@441585313{-13195226} 116.0 11280.0 10861.0 0.03857839977902587 5 9 21.0 0.0 0.03857839977902587 0
18 ec.gp.GPIndividual@441585313{-13195226} 537.0 8564.0 8160.0 0.049509803921568625 5 9 21.0 0.0 0.049509803921568625 0
18 ec.gp.GPIndividual@475404837{526418493} 561.0 10555.0 10087.0 0.04639635173986319 5 19 21.0 0.0 0.04639635173986319 2
18 ec.gp.GPIndividual@441585313{-13195226} 48.0 14590.0 12802.0 0.13966567723793158 5 9 21.0 0.0 0.13966567723793158 0
18 ec.gp.GPIndividual@55336427{-983492171} 736.0 10033.0 8160.0 0.22953431372549019 5 21 21.0 0.0 0.22953431372549019 0
18 ec.gp.GPIndividual@55336427{-983492171} 70.0 19584.0 12802.0 0.52976097484768 5 21 21.0 0.0 0.52976097484768 0
18 ec.gp.GPIndividual@441585313{-13195226} 145.0 10974.0 10087.0 0.08793496579756122 5 9 21.0 0.0 0.08793496579756122 0
18 ec.gp.GPIndividual@2076725783{1600144088} 1265.0 8328.0 8317.0 0.0013225922808705061 5 21 21.0 0.0 0.0013225922808705061 0
18 ec.gp.GPIndividual@441585313{-13195226} 449.0 8328.0 8317.0 0.0013225922808705061 5 9 21.0 0.0 0.0013225922808705061 0
18 ec.gp.GPIndividual@475404837{526418493} 805.0 8328.0 8317.0 0.0013225922808705061 5 19 21.0 0.0 0.0013225922808705061 2
18 ec.gp.GPIndividual@1596931642{107984475} 1899.0 8560.0 8387.0 0.020627161082627875 5 21 21.0 0.0 0.020627161082627875 0
18 ec.gp.GPIndividual@346602460{1405993259} 432.0 10449.0 10054.0 0.03928784563357868 5 21 21.0 0.0 0.03928784563357868 0
18 ec.gp.GPIndividual@1349386792{-301622550} 280.0 10054.0 10054.0 0.0 5 24 21.0 0.0 0.0 1
18 ec.gp.GPIndividual@55336427{-983492171} 1189.0 10087.0 10087.0 0.0 5 21 21.0 0.0 0.0 1
18 ec.gp.GPIndividual@1106417195{2130395759} 861.0 10141.0 10054.0 0.008653272329421126 5 17 21.0 0.0 0.008653272329421126 0
18 ec.gp.GPIndividual@1596931642{107984475} 356.0 14972.0 14578.0 0.02702702702702703 5 21 21.0 0.0 0.02702702702702703 0
18 ec.gp.GPIndividual@346602460{1405993259} 394.0 15776.0 8387.0 0.8810063193036842 5 21 21.0 0.0 0.8810063193036842 0
18 ec.gp.GPIndividual@1596931642{107984475} 130.0 11280.0 10861.0 0.03857839977902587 5 21 21.0 0.0 0.03857839977902587 0
18 ec.gp.GPIndividual@346602460{1405993259} 109.0 16397.0 14578.0 0.12477706132528467 5 21 21.0 0.0 0.12477706132528467 0
18 ec.gp.GPIndividual@432897369{-1485507391} 2407.0 8347.0 8160.0 0.022916666666666665 5 21 21.0 0.0 0.022916666666666665 0
18 ec.gp.GPIndividual@432897369{-1485507391} 93.0 19584.0 12802.0 0.52976097484768 5 21 21.0 0.0 0.52976097484768 0
18 ec.gp.GPIndividual@1106417195{2130395759} 634.0 8767.0 8387.0 0.04530821509478956 5 17 21.0 0.0 0.04530821509478956 0
18 ec.gp.GPIndividual@346602460{1405993259} 376.0 11457.0 10861.0 0.054875241690452076 5 21 21.0 0.0 0.054875241690452076 0
18 ec.gp.GPIndividual@55336427{-983492171} 688.0 8328.0 8317.0 0.0013225922808705061 5 21 21.0 0.0 0.0013225922808705061 1
18 ec.gp.GPIndividual@481701132{-668787687} 130.0 11217.0 10054.0 0.1156753530932962 5 21 21.0 0.0 0.1156753530932962 0
18 ec.gp.GPIndividual@1596931642{107984475} 756.0 8564.0 8160.0 0.049509803921568625 5 21 21.0 0.0 0.049509803921568625 0
18 ec.gp.GPIndividual@1106417195{2130395759} 410.0 15314.0 14578.0 0.05048703525860886 5 17 21.0 0.0 0.05048703525860886 0
18 ec.gp.GPIndividual@1349386792{-301622550} 1745.0 8624.0 8387.0 0.028258018361750327 5 24 21.0 0.0 0.028258018361750327 1
18 ec.gp.GPIndividual@346602460{1405993259} 899.0 8347.0 8160.0 0.022916666666666665 5 21 21.0 0.0 0.022916666666666665 0
18 ec.gp.GPIndividual@1106417195{2130395759} 500.0 11444.0 10861.0 0.05367829849921738 5 17 21.0 0.0 0.05367829849921738 0
18 ec.gp.GPIndividual@432897369{-1485507391} 1519.0 10087.0 10087.0 0.0 5 21 21.0 0.0 0.0 1
18 ec.gp.GPIndividual@481701132{-668787687} 1276.0 8767.0 8387.0 0.04530821509478956 5 21 21.0 0.0 0.04530821509478956 0
18 ec.gp.GPIndividual@346602460{1405993259} 656.0 13477.0 12802.0 0.052726136541165446 5 21 21.0 0.0 0.052726136541165446 0
18 ec.gp.GPIndividual@1106417195{2130395759} 854.0 8347.0 8160.0 0.022916666666666665 5 17 21.0 0.0 0.022916666666666665 0
18 ec.gp.GPIndividual@1349386792{-301622550} 905.0 15186.0 14578.0 0.04170668130058993 5 24 21.0 0.0 0.04170668130058993 1
18 ec.gp.GPIndividual@1596931642{107984475} 1471.0 12802.0 12802.0 0.0 5 21 21.0 0.0 0.0 1
18 ec.gp.GPIndividual@346602460{1405993259} 302.0 11590.0 10087.0 0.14900366808763754 5 21 21.0 0.0 0.14900366808763754 0
18 ec.gp.GPIndividual@1596931642{107984475} 386.0 10482.0 10087.0 0.039159313968474274 5 21 21.0 0.0 0.039159313968474274 1
18 ec.gp.GPIndividual@481701132{-668787687} 1512.0 14697.0 14578.0 0.008162985320345727 5 21 21.0 0.0 0.008162985320345727 0
18 ec.gp.GPIndividual@481701132{-668787687} 383.0 11280.0 10861.0 0.03857839977902587 5 21 21.0 0.0 0.03857839977902587 0
18 ec.gp.GPIndividual@1596931642{107984475} 1201.0 8328.0 8317.0 0.0013225922808705061 5 21 21.0 0.0 0.0013225922808705061 1
18 ec.gp.GPIndividual@1106417195{2130395759} 1741.0 12802.0 12802.0 0.0 5 17 21.0 0.0 0.0 1
18 ec.gp.GPIndividual@1349386792{-301622550} 1717.0 11066.0 10861.0 0.018874873400239387 5 24 21.0 0.0 0.018874873400239387 1
18 ec.gp.GPIndividual@346602460{1405993259} 1764.0 8328.0 8317.0 0.0013225922808705061 5 21 21.0 0.0 0.0013225922808705061 0
18 ec.gp.GPIndividual@1349386792{-301622550} 473.0 10033.0 8160.0 0.22953431372549019 5 24 21.0 0.0 0.22953431372549019 1
18 ec.gp.GPIndividual@1106417195{2130395759} 527.0 10383.0 10087.0 0.02934470110042629 5 17 21.0 0.0 0.02934470110042629 1
18 ec.gp.GPIndividual@432897369{-1485507391} 2763.0 8328.0 8317.0 0.0013225922808705061 5 21 21.0 0.0 0.0013225922808705061 1
18 ec.gp.GPIndividual@481701132{-668787687} 1482.0 8347.0 8160.0 0.022916666666666665 5 21 21.0 0.0 0.022916666666666665 0
18 ec.gp.GPIndividual@481701132{-668787687} 148.0 16012.0 12802.0 0.2507420715513201 5 21 21.0 0.0 0.2507420715513201 0
18 ec.gp.GPIndividual@481701132{-668787687} 298.0 10974.0 10087.0 0.08793496579756122 5 21 21.0 0.0 0.08793496579756122 0
18 ec.gp.GPIndividual@1106417195{2130395759} 2156.0 8328.0 8317.0 0.0013225922808705061 5 17 21.0 0.0 0.0013225922808705061 1
18 ec.gp.GPIndividual@1349386792{-301622550} 2294.0 12802.0 12802.0 0.0 5 24 21.0 0.0 0.0 2
18 ec.gp.GPIndividual@481701132{-668787687} 1054.0 8328.0 8317.0 0.0013225922808705061 5 21 21.0 0.0 0.0013225922808705061 0
18 ec.gp.GPIndividual@864712076{-2103102155} 35.0 11217.0 10054.0 0.1156753530932962 5 19 21.0 0.0 0.1156753530932962 0
18 ec.gp.GPIndividual@1349386792{-301622550} 160.0 11590.0 10087.0 0.14900366808763754 5 24 21.0 0.0 0.14900366808763754 2
18 ec.gp.GPIndividual@864712076{-2103102155} 276.0 8767.0 8387.0 0.04530821509478956 5 19 21.0 0.0 0.04530821509478956 0
18 ec.gp.GPIndividual@864712076{-2103102155} 77.0 15549.0 14578.0 0.06660721635340924 5 19 21.0 0.0 0.06660721635340924 0
18 ec.gp.GPIndividual@864712076{-2103102155} 111.0 11280.0 10861.0 0.03857839977902587 5 19 21.0 0.0 0.03857839977902587 0
18 ec.gp.GPIndividual@1349386792{-301622550} 426.0 8328.0 8317.0 0.0013225922808705061 5 24 21.0 0.0 0.0013225922808705061 2
18 ec.gp.GPIndividual@864712076{-2103102155} 409.0 8564.0 8160.0 0.049509803921568625 5 19 21.0 0.0 0.049509803921568625 0
18 ec.gp.GPIndividual@864712076{-2103102155} 101.0 13688.0 12802.0 0.06920793625995939 5 19 21.0 0.0 0.06920793625995939 0
18 ec.gp.GPIndividual@864712076{-2103102155} 104.0 10974.0 10087.0 0.08793496579756122 5 19 21.0 0.0 0.08793496579756122 0
18 ec.gp.GPIndividual@864712076{-2103102155} 337.0 8328.0 8317.0 0.0013225922808705061 5 19 21.0 0.0 0.0013225922808705061 0
19 ec.gp.GPIndividual@81299049{-1876484894} 42.0 11217.0 10054.0 0.1156753530932962 5 19 21.0 0.0 0.1156753530932962 0
19 ec.gp.GPIndividual@1552690726{-588662005} 220.0 10959.0 10054.0 0.09001392480604735 5 15 21.0 0.0 0.09001392480604735 0
19 ec.gp.GPIndividual@768250185{1212346383} 251.0 10054.0 10054.0 0.0 5 19 21.0 0.0 0.0 1
19 ec.gp.GPIndividual@898297068{1263849232} 264.0 10959.0 10054.0 0.09001392480604735 5 19 21.0 0.0 0.09001392480604735 0
19 ec.gp.GPIndividual@81299049{-1876484894} 310.0 19584.0 8387.0 1.3350423274114702 5 19 21.0 0.0 1.3350423274114702 0
19 ec.gp.GPIndividual@1755475041{1579450721} 374.0 10959.0 10054.0 0.09001392480604735 5 21 21.0 0.0 0.09001392480604735 0
19 ec.gp.GPIndividual@81299049{-1876484894} 67.0 19584.0 14578.0 0.3433941555768967 5 19 21.0 0.0 0.3433941555768967 0
19 ec.gp.GPIndividual@642414731{-1644223734} 437.0 10959.0 10054.0 0.09001392480604735 5 19 21.0 0.0 0.09001392480604735 0
19 ec.gp.GPIndividual@898297068{1263849232} 290.0 13517.0 8387.0 0.611660903779659 5 19 21.0 0.0 0.611660903779659 0
19 ec.gp.GPIndividual@898297068{1263849232} 67.0 15644.0 14578.0 0.07312388530662642 5 19 21.0 0.0 0.07312388530662642 0
19 ec.gp.GPIndividual@81299049{-1876484894} 211.0 12610.0 10861.0 0.16103489549765215 5 19 21.0 0.0 0.16103489549765215 0
19 ec.gp.GPIndividual@1552690726{-588662005} 453.0 13517.0 8387.0 0.611660903779659 5 15 21.0 0.0 0.611660903779659 0
19 ec.gp.GPIndividual@642414731{-1644223734} 286.0 19584.0 8387.0 1.3350423274114702 5 19 21.0 0.0 1.3350423274114702 0
19 ec.gp.GPIndividual@1552690726{-588662005} 74.0 15644.0 14578.0 0.07312388530662642 5 15 21.0 0.0 0.07312388530662642 0
19 ec.gp.GPIndividual@898297068{1263849232} 156.0 11280.0 10861.0 0.03857839977902587 5 19 21.0 0.0 0.03857839977902587 0
19 ec.gp.GPIndividual@81299049{-1876484894} 564.0 10033.0 8160.0 0.22953431372549019 5 19 21.0 0.0 0.22953431372549019 0
19 ec.gp.GPIndividual@81299049{-1876484894} 51.0 19584.0 12802.0 0.52976097484768 5 19 21.0 0.0 0.52976097484768 0
19 ec.gp.GPIndividual@898297068{1263849232} 594.0 8564.0 8160.0 0.049509803921568625 5 19 21.0 0.0 0.049509803921568625 0
19 ec.gp.GPIndividual@898297068{1263849232} 47.0 14590.0 12802.0 0.13966567723793158 5 19 21.0 0.0 0.13966567723793158 0
19 ec.gp.GPIndividual@81299049{-1876484894} 187.0 11590.0 10087.0 0.14900366808763754 5 19 21.0 0.0 0.14900366808763754 0
19 ec.gp.GPIndividual@642414731{-1644223734} 806.0 15194.0 14578.0 0.04225545342296611 5 19 21.0 0.0 0.04225545342296611 0
19 ec.gp.GPIndividual@768250185{1212346383} 1325.0 8624.0 8387.0 0.028258018361750327 5 19 21.0 0.0 0.028258018361750327 1
19 ec.gp.GPIndividual@898297068{1263849232} 243.0 10597.0 10087.0 0.05056012689600476 5 19 21.0 0.0 0.05056012689600476 0
19 ec.gp.GPIndividual@1552690726{-588662005} 985.0 11066.0 10861.0 0.018874873400239387 5 15 21.0 0.0 0.018874873400239387 0
19 ec.gp.GPIndividual@81299049{-1876484894} 525.0 8328.0 8317.0 0.0013225922808705061 5 19 21.0 0.0 0.0013225922808705061 0
19 ec.gp.GPIndividual@1704599580{211749732} 304.0 10959.0 10054.0 0.09001392480604735 5 21 21.0 0.0 0.09001392480604735 0
19 ec.gp.GPIndividual@642414731{-1644223734} 757.0 11066.0 10861.0 0.018874873400239387 5 19 21.0 0.0 0.018874873400239387 0
19 ec.gp.GPIndividual@898297068{1263849232} 664.0 8328.0 8317.0 0.0013225922808705061 5 19 21.0 0.0 0.0013225922808705061 0
19 ec.gp.GPIndividual@1552690726{-588662005} 609.0 8564.0 8160.0 0.049509803921568625 5 15 21.0 0.0 0.049509803921568625 0
19 ec.gp.GPIndividual@989981129{-1241341103} 59.0 11217.0 10054.0 0.1156753530932962 5 23 21.0 0.0 0.1156753530932962 0
19 ec.gp.GPIndividual@1755475041{1579450721} 2091.0 8528.0 8387.0 0.016811732443066652 5 21 21.0 0.0 0.016811732443066652 0
19 ec.gp.GPIndividual@768250185{1212346383} 891.0 15186.0 14578.0 0.04170668130058993 5 19 21.0 0.0 0.04170668130058993 1
19 ec.gp.GPIndividual@989981129{-1241341103} 258.0 12661.0 8387.0 0.5095981876713962 5 23 21.0 0.0 0.5095981876713962 0
19 ec.gp.GPIndividual@1552690726{-588662005} 326.0 13661.0 12802.0 0.06709889079831276 5 15 21.0 0.0 0.06709889079831276 0
19 ec.gp.GPIndividual@989981129{-1241341103} 70.0 15644.0 14578.0 0.07312388530662642 5 23 21.0 0.0 0.07312388530662642 0
19 ec.gp.GPIndividual@768250185{1212346383} 827.0 11066.0 10861.0 0.018874873400239387 5 19 21.0 0.0 0.018874873400239387 1
19 ec.gp.GPIndividual@989981129{-1241341103} 624.0 10861.0 10861.0 0.0 5 23 21.0 0.0 0.0 1
19 ec.gp.GPIndividual@1755475041{1579450721} 908.0 14697.0 14578.0 0.008162985320345727 5 21 21.0 0.0 0.008162985320345727 0
19 ec.gp.GPIndividual@642414731{-1644223734} 1121.0 8347.0 8160.0 0.022916666666666665 5 19 21.0 0.0 0.022916666666666665 0
19 ec.gp.GPIndividual@642414731{-1644223734} 73.0 19584.0 12802.0 0.52976097484768 5 19 21.0 0.0 0.52976097484768 0
19 ec.gp.GPIndividual@1704599580{211749732} 1325.0 8560.0 8387.0 0.020627161082627875 5 21 21.0 0.0 0.020627161082627875 0
19 ec.gp.GPIndividual@1755475041{1579450721} 312.0 11066.0 10861.0 0.018874873400239387 5 21 21.0 0.0 0.018874873400239387 0
19 ec.gp.GPIndividual@768250185{1212346383} 528.0 10033.0 8160.0 0.22953431372549019 5 19 21.0 0.0 0.22953431372549019 1
19 ec.gp.GPIndividual@642414731{-1644223734} 451.0 10555.0 10087.0 0.04639635173986319 5 19 21.0 0.0 0.04639635173986319 0
19 ec.gp.GPIndividual@642414731{-1644223734} 632.0 8328.0 8317.0 0.0013225922808705061 5 19 21.0 0.0 0.0013225922808705061 0
19 ec.gp.GPIndividual@1885671194{-1288320923} 45.0 11217.0 10054.0 0.1156753530932962 5 19 21.0 0.0 0.1156753530932962 0
19 ec.gp.GPIndividual@1552690726{-588662005} 2100.0 10241.0 10087.0 0.015267175572519083 5 15 21.0 0.0 0.015267175572519083 0
19 ec.gp.GPIndividual@989981129{-1241341103} 1442.0 8347.0 8160.0 0.022916666666666665 5 23 21.0 0.0 0.022916666666666665 1
19 ec.gp.GPIndividual@768250185{1212346383} 963.0 12870.0 12802.0 0.005311670051554445 5 19 21.0 0.0 0.005311670051554445 1
19 ec.gp.GPIndividual@989981129{-1241341103} 46.0 13918.0 12802.0 0.08717387908139353 5 23 21.0 0.0 0.08717387908139353 1
19 ec.gp.GPIndividual@1885671194{-1288320923} 288.0 19584.0 8387.0 1.3350423274114702 5 19 21.0 0.0 1.3350423274114702 0
19 ec.gp.GPIndividual@1755475041{1579450721} 1241.0 8347.0 8160.0 0.022916666666666665 5 21 21.0 0.0 0.022916666666666665 0
19 ec.gp.GPIndividual@768250185{1212346383} 174.0 11590.0 10087.0 0.14900366808763754 5 19 21.0 0.0 0.14900366808763754 1
19 ec.gp.GPIndividual@1885671194{-1288320923} 78.0 19584.0 14578.0 0.3433941555768967 5 19 21.0 0.0 0.3433941555768967 0
19 ec.gp.GPIndividual@1704599580{211749732} 1459.0 15194.0 14578.0 0.04225545342296611 5 21 21.0 0.0 0.04225545342296611 0
19 ec.gp.GPIndividual@1885671194{-1288320923} 223.0 12610.0 10861.0 0.16103489549765215 5 19 21.0 0.0 0.16103489549765215 0
19 ec.gp.GPIndividual@768250185{1212346383} 554.0 8328.0 8317.0 0.0013225922808705061 5 19 21.0 0.0 0.0013225922808705061 1
19 ec.gp.GPIndividual@1885671194{-1288320923} 550.0 10033.0 8160.0 0.22953431372549019 5 19 21.0 0.0 0.22953431372549019 0
19 ec.gp.GPIndividual@1885671194{-1288320923} 47.0 19584.0 12802.0 0.52976097484768 5 19 21.0 0.0 0.52976097484768 0
19 ec.gp.GPIndividual@1077022191{2130395759} 394.0 10959.0 10054.0 0.09001392480604735 5 17 21.0 0.0 0.09001392480604735 0
19 ec.gp.GPIndividual@1885671194{-1288320923} 172.0 11590.0 10087.0 0.14900366808763754 5 19 21.0 0.0 0.14900366808763754 0
19 ec.gp.GPIndividual@1704599580{211749732} 1014.0 11066.0 10861.0 0.018874873400239387 5 21 21.0 0.0 0.018874873400239387 0
19 ec.gp.GPIndividual@1755475041{1579450721} 1201.0 12851.0 12802.0 0.0038275269489142323 5 21 21.0 0.0 0.0038275269489142323 0
19 ec.gp.GPIndividual@989981129{-1241341103} 1374.0 10482.0 10087.0 0.039159313968474274 5 23 21.0 0.0 0.039159313968474274 1
19 ec.gp.GPIndividual@1552690726{-588662005} 1516.0 8328.0 8317.0 0.0013225922808705061 5 15 21.0 0.0 0.0013225922808705061 0
19 ec.gp.GPIndividual@728193320{-889716621} 0.0 109280.0 10054.0 1.0 5 13 21.0 0.0 1.0 0
19 ec.gp.GPIndividual@728193320{-889716621} 0.0 109280.0 8387.0 1.0 5 13 21.0 0.0 1.0 0
19 ec.gp.GPIndividual@728193320{-889716621} 0.0 109280.0 14578.0 1.0 5 13 21.0 0.0 1.0 0
19 ec.gp.GPIndividual@728193320{-889716621} 0.0 109280.0 10861.0 1.0 5 13 21.0 0.0 1.0 0
19 ec.gp.GPIndividual@728193320{-889716621} 0.0 109280.0 8160.0 1.0 5 13 21.0 0.0 1.0 0
19 ec.gp.GPIndividual@728193320{-889716621} 0.0 109280.0 12802.0 1.0 5 13 21.0 0.0 1.0 0
19 ec.gp.GPIndividual@728193320{-889716621} 0.0 109280.0 10087.0 1.0 5 13 21.0 0.0 1.0 0
19 ec.gp.GPIndividual@728193320{-889716621} 0.0 109280.0 8317.0 1.0 5 13 21.0 0.0 1.0 0
19 ec.gp.GPIndividual@130869587{21443724} 0.0 13553.0 10054.0 0.3480206882832703 5 17 21.0 0.0 0.3480206882832703 0
19 ec.gp.GPIndividual@130869587{21443724} 0.0 13534.0 8387.0 0.6136878502444258 5 17 21.0 0.0 0.6136878502444258 0
19 ec.gp.GPIndividual@130869587{21443724} 0.0 15589.0 14578.0 0.06935107696529016 5 17 21.0 0.0 0.06935107696529016 0
19 ec.gp.GPIndividual@130869587{21443724} 0.0 13773.0 10861.0 0.2681152748365712 5 17 21.0 0.0 0.2681152748365712 0
19 ec.gp.GPIndividual@130869587{21443724} 0.0 13534.0 8160.0 0.658578431372549 5 17 21.0 0.0 0.658578431372549 0
19 ec.gp.GPIndividual@130869587{21443724} 0.0 14075.0 12802.0 0.09943758787689423 5 17 21.0 0.0 0.09943758787689423 0
19 ec.gp.GPIndividual@130869587{21443724} 0.0 13553.0 10087.0 0.34361058788539706 5 17 21.0 0.0 0.34361058788539706 0
19 ec.gp.GPIndividual@130869587{21443724} 0.0 13547.0 8317.0 0.628832511722977 5 17 21.0 0.0 0.628832511722977 0
19 ec.gp.GPIndividual@655611072{798402553} 46.0 11217.0 10054.0 0.1156753530932962 4 7 21.0 0.0 0.1156753530932962 0
19 ec.gp.GPIndividual@1077022191{2130395759} 488.0 19584.0 8387.0 1.3350423274114702 5 17 21.0 0.0 1.3350423274114702 0
19 ec.gp.GPIndividual@1885671194{-1288320923} 523.0 8328.0 8317.0 0.0013225922808705061 5 19 21.0 0.0 0.0013225922808705061 0
19 ec.gp.GPIndividual@1077022191{2130395759} 120.0 19584.0 14578.0 0.3433941555768967 5 17 21.0 0.0 0.3433941555768967 0
19 ec.gp.GPIndividual@655611072{798402553} 288.0 13149.0 8387.0 0.5677834744247049 4 7 21.0 0.0 0.5677834744247049 0
19 ec.gp.GPIndividual@989981129{-1241341103} 443.0 8984.0 8317.0 0.0801971864855116 5 23 21.0 0.0 0.0801971864855116 1
19 ec.gp.GPIndividual@655611072{798402553} 67.0 15576.0 14578.0 0.06845932226642887 4 7 21.0 0.0 0.06845932226642887 0
19 ec.gp.GPIndividual@48254036{276335266} 42.0 11217.0 10054.0 0.1156753530932962 5 19 21.0 0.0 0.1156753530932962 0
19 ec.gp.GPIndividual@655611072{798402553} 133.0 11312.0 10861.0 0.041524721480526654 4 7 21.0 0.0 0.041524721480526654 0
19 ec.gp.GPIndividual@1755475041{1579450721} 717.0 10405.0 10087.0 0.03152572618221473 5 21 21.0 0.0 0.03152572618221473 0
19 ec.gp.GPIndividual@1077022191{2130395759} 343.0 12610.0 10861.0 0.16103489549765215 5 17 21.0 0.0 0.16103489549765215 0
19 ec.gp.GPIndividual@48254036{276335266} 285.0 13517.0 8387.0 0.611660903779659 5 19 21.0 0.0 0.611660903779659 0
19 ec.gp.GPIndividual@48254036{276335266} 56.0 15644.0 14578.0 0.07312388530662642 5 19 21.0 0.0 0.07312388530662642 0
19 ec.gp.GPIndividual@48254036{276335266} 124.0 11280.0 10861.0 0.03857839977902587 5 19 21.0 0.0 0.03857839977902587 0
19 ec.gp.GPIndividual@655611072{798402553} 426.0 8767.0 8160.0 0.07438725490196078 4 7 21.0 0.0 0.07438725490196078 0
19 ec.gp.GPIndividual@655611072{798402553} 49.0 13918.0 12802.0 0.08717387908139353 4 7 21.0 0.0 0.08717387908139353 0
19 ec.gp.GPIndividual@1077022191{2130395759} 556.0 10033.0 8160.0 0.22953431372549019 5 17 21.0 0.0 0.22953431372549019 0
19 ec.gp.GPIndividual@1755475041{1579450721} 597.0 8328.0 8317.0 0.0013225922808705061 5 21 21.0 0.0 0.0013225922808705061 0
19 ec.gp.GPIndividual@655611072{798402553} 151.0 11373.0 10087.0 0.12749082978090612 4 7 21.0 0.0 0.12749082978090612 0
19 ec.gp.GPIndividual@48254036{276335266} 523.0 8564.0 8160.0 0.049509803921568625 5 19 21.0 0.0 0.049509803921568625 0
19 ec.gp.GPIndividual@1077022191{2130395759} 292.0 13661.0 12802.0 0.06709889079831276 5 17 21.0 0.0 0.06709889079831276 0
19 ec.gp.GPIndividual@48254036{276335266} 39.0 14590.0 12802.0 0.13966567723793158 5 19 21.0 0.0 0.13966567723793158 0
19 ec.gp.GPIndividual@1704599580{211749732} 1750.0 8347.0 8160.0 0.022916666666666665 5 21 21.0 0.0 0.022916666666666665 0
19 ec.gp.GPIndividual@48254036{276335266} 124.0 10974.0 10087.0 0.08793496579756122 5 19 21.0 0.0 0.08793496579756122 0
19 ec.gp.GPIndividual@655611072{798402553} 501.0 8984.0 8317.0 0.0801971864855116 4 7 21.0 0.0 0.0801971864855116 0
19 ec.gp.GPIndividual@1888366730{-711394590} 1634.0 10242.0 10054.0 0.018699025263576686 5 13 21.0 0.0 0.018699025263576686 0
19 ec.gp.GPIndividual@1704599580{211749732} 328.0 13661.0 12802.0 0.06709889079831276 5 21 21.0 0.0 0.06709889079831276 0
19 ec.gp.GPIndividual@450044698{1834106234} 207.0 10449.0 10054.0 0.03928784563357868 5 15 21.0 0.0 0.03928784563357868 0
19 ec.gp.GPIndividual@48254036{276335266} 474.0 8328.0 8317.0 0.0013225922808705061 5 19 21.0 0.0 0.0013225922808705061 0
19 ec.gp.GPIndividual@2069808894{1575601578} 918.0 10141.0 10054.0 0.008653272329421126 5 21 21.0 0.0 0.008653272329421126 0
19 ec.gp.GPIndividual@450044698{1834106234} 285.0 19584.0 8387.0 1.3350423274114702 5 15 21.0 0.0 1.3350423274114702 0
19 ec.gp.GPIndividual@1077022191{2130395759} 759.0 10087.0 10087.0 0.0 5 17 21.0 0.0 0.0 1
19 ec.gp.GPIndividual@1704599580{211749732} 405.0 11159.0 10087.0 0.10627540398532764 5 21 21.0 0.0 0.10627540398532764 0
19 ec.gp.GPIndividual@1475789293{761085550} 1139.0 10141.0 10054.0 0.008653272329421126 5 21 21.0 0.0 0.008653272329421126 0
19 ec.gp.GPIndividual@1704599580{211749732} 954.0 8328.0 8317.0 0.0013225922808705061 5 21 21.0 0.0 0.0013225922808705061 0
19 ec.gp.GPIndividual@1077022191{2130395759} 1128.0 8328.0 8317.0 0.0013225922808705061 5 17 21.0 0.0 0.0013225922808705061 1
19 ec.gp.GPIndividual@1475789293{761085550} 282.0 13517.0 8387.0 0.611660903779659 5 21 21.0 0.0 0.611660903779659 0
19 ec.gp.GPIndividual@1475789293{761085550} 73.0 15644.0 14578.0 0.07312388530662642 5 21 21.0 0.0 0.07312388530662642 0
19 ec.gp.GPIndividual@1888366730{-711394590} 1721.0 8624.0 8387.0 0.028258018361750327 5 13 21.0 0.0 0.028258018361750327 0
19 ec.gp.GPIndividual@450044698{1834106234} 1433.0 14787.0 14578.0 0.014336671697077788 5 15 21.0 0.0 0.014336671697077788 0
19 ec.gp.GPIndividual@1214885870{152403229} 404.0 10959.0 10054.0 0.09001392480604735 5 23 21.0 0.0 0.09001392480604735 0
19 ec.gp.GPIndividual@2069808894{1575601578} 1560.0 8560.0 8387.0 0.020627161082627875 5 21 21.0 0.0 0.020627161082627875 0
19 ec.gp.GPIndividual@1475789293{761085550} 128.0 11280.0 10861.0 0.03857839977902587 5 21 21.0 0.0 0.03857839977902587 0
19 ec.gp.GPIndividual@1888366730{-711394590} 121.0 15644.0 14578.0 0.07312388530662642 5 13 21.0 0.0 0.07312388530662642 0
19 ec.gp.GPIndividual@1888366730{-711394590} 312.0 11066.0 10861.0 0.018874873400239387 5 13 21.0 0.0 0.018874873400239387 0
19 ec.gp.GPIndividual@1475789293{761085550} 897.0 8446.0 8160.0 0.03504901960784314 5 21 21.0 0.0 0.03504901960784314 0
19 ec.gp.GPIndividual@1475789293{761085550} 37.0 14590.0 12802.0 0.13966567723793158 5 21 21.0 0.0 0.13966567723793158 0
19 ec.gp.GPIndividual@1214885870{152403229} 987.0 8767.0 8387.0 0.04530821509478956 5 23 21.0 0.0 0.04530821509478956 0
19 ec.gp.GPIndividual@1888366730{-711394590} 626.0 8564.0 8160.0 0.049509803921568625 5 13 21.0 0.0 0.049509803921568625 0
19 ec.gp.GPIndividual@1214885870{152403229} 75.0 15644.0 14578.0 0.07312388530662642 5 23 21.0 0.0 0.07312388530662642 0
19 ec.gp.GPIndividual@450044698{1834106234} 1097.0 11066.0 10861.0 0.018874873400239387 5 15 21.0 0.0 0.018874873400239387 0
19 ec.gp.GPIndividual@1251943502{-588662005} 1653.0 10141.0 10054.0 0.008653272329421126 5 15 21.0 0.0 0.008653272329421126 0
19 ec.gp.GPIndividual@1214885870{152403229} 390.0 11066.0 10861.0 0.018874873400239387 5 23 21.0 0.0 0.018874873400239387 0
19 ec.gp.GPIndividual@1888366730{-711394590} 515.0 13661.0 12802.0 0.06709889079831276 5 13 21.0 0.0 0.06709889079831276 0
19 ec.gp.GPIndividual@1251943502{-588662005} 289.0 13517.0 8387.0 0.611660903779659 5 15 21.0 0.0 0.611660903779659 0
19 ec.gp.GPIndividual@1888366730{-711394590} 138.0 10974.0 10087.0 0.08793496579756122 5 13 21.0 0.0 0.08793496579756122 0
19 ec.gp.GPIndividual@1475789293{761085550} 703.0 10405.0 10087.0 0.03152572618221473 5 21 21.0 0.0 0.03152572618221473 0
19 ec.gp.GPIndividual@2069808894{1575601578} 1893.0 14787.0 14578.0 0.014336671697077788 5 21 21.0 0.0 0.014336671697077788 0
19 ec.gp.GPIndividual@2069808894{1575601578} 595.0 11444.0 10861.0 0.05367829849921738 5 21 21.0 0.0 0.05367829849921738 0
19 ec.gp.GPIndividual@1251943502{-588662005} 870.0 14697.0 14578.0 0.008162985320345727 5 15 21.0 0.0 0.008162985320345727 0
19 ec.gp.GPIndividual@1214885870{152403229} 1096.0 8446.0 8160.0 0.03504901960784314 5 23 21.0 0.0 0.03504901960784314 0
19 ec.gp.GPIndividual@1214885870{152403229} 74.0 14590.0 12802.0 0.13966567723793158 5 23 21.0 0.0 0.13966567723793158 0
19 ec.gp.GPIndividual@1475789293{761085550} 986.0 8328.0 8317.0 0.0013225922808705061 5 21 21.0 0.0 0.0013225922808705061 0
19 ec.gp.GPIndividual@1888366730{-711394590} 1158.0 8328.0 8317.0 0.0013225922808705061 5 13 21.0 0.0 0.0013225922808705061 0
19 ec.gp.GPIndividual@897165939{-970451331} 204.0 10959.0 10054.0 0.09001392480604735 5 9 21.0 0.0 0.09001392480604735 0
19 ec.gp.GPIndividual@450044698{1834106234} 1916.0 8347.0 8160.0 0.022916666666666665 5 15 21.0 0.0 0.022916666666666665 0
19 ec.gp.GPIndividual@1450577487{-1545736553} 210.0 10959.0 10054.0 0.09001392480604735 5 21 21.0 0.0 0.09001392480604735 0
19 ec.gp.GPIndividual@2069808894{1575601578} 539.0 10033.0 8160.0 0.22953431372549019 5 21 21.0 0.0 0.22953431372549019 0
19 ec.gp.GPIndividual@2069808894{1575601578} 66.0 19584.0 12802.0 0.52976097484768 5 21 21.0 0.0 0.52976097484768 0
19 ec.gp.GPIndividual@1251943502{-588662005} 701.0 11066.0 10861.0 0.018874873400239387 5 15 21.0 0.0 0.018874873400239387 0
19 ec.gp.GPIndividual@897165939{-970451331} 454.0 13517.0 8387.0 0.611660903779659 5 9 21.0 0.0 0.611660903779659 0
19 ec.gp.GPIndividual@2069808894{1575601578} 306.0 11159.0 10087.0 0.10627540398532764 5 21 21.0 0.0 0.10627540398532764 0
19 ec.gp.GPIndividual@897165939{-970451331} 117.0 15644.0 14578.0 0.07312388530662642 5 9 21.0 0.0 0.07312388530662642 0
19 ec.gp.GPIndividual@897165939{-970451331} 308.0 11066.0 10861.0 0.018874873400239387 5 9 21.0 0.0 0.018874873400239387 0
19 ec.gp.GPIndividual@897165939{-970451331} 510.0 8564.0 8160.0 0.049509803921568625 5 9 21.0 0.0 0.049509803921568625 0
19 ec.gp.GPIndividual@1450577487{-1545736553} 1285.0 10872.0 8387.0 0.29629188029092646 5 21 21.0 0.0 0.29629188029092646 0
19 ec.gp.GPIndividual@897165939{-970451331} 69.0 14590.0 12802.0 0.13966567723793158 5 9 21.0 0.0 0.13966567723793158 0
19 ec.gp.GPIndividual@1214885870{152403229} 1702.0 10241.0 10087.0 0.015267175572519083 5 23 21.0 0.0 0.015267175572519083 0
19 ec.gp.GPIndividual@1251943502{-588662005} 1140.0 8446.0 8160.0 0.03504901960784314 5 15 21.0 0.0 0.03504901960784314 0
19 ec.gp.GPIndividual@450044698{1834106234} 1371.0 12802.0 12802.0 0.0 5 15 21.0 0.0 0.0 1
19 ec.gp.GPIndividual@897165939{-970451331} 241.0 10597.0 10087.0 0.05056012689600476 5 9 21.0 0.0 0.05056012689600476 0
19 ec.gp.GPIndividual@1450577487{-1545736553} 329.0 16068.0 14578.0 0.10220880779256414 5 21 21.0 0.0 0.10220880779256414 0
19 ec.gp.GPIndividual@1251943502{-588662005} 306.0 13688.0 12802.0 0.06920793625995939 5 15 21.0 0.0 0.06920793625995939 0
19 ec.gp.GPIndividual@2069808894{1575601578} 1333.0 8328.0 8317.0 0.0013225922808705061 5 21 21.0 0.0 0.0013225922808705061 0
19 ec.gp.GPIndividual@202616{2135039907} 0.0 104262.0 10054.0 0.9556395464491745 2 3 21.0 0.0 0.9556395464491745 0
19 ec.gp.GPIndividual@202616{2135039907} 0.0 104262.0 8387.0 0.9468224633361154 2 3 21.0 0.0 0.9468224633361154 0
19 ec.gp.GPIndividual@202616{2135039907} 0.0 104262.0 14578.0 0.9694059541775277 2 3 21.0 0.0 0.9694059541775277 0
19 ec.gp.GPIndividual@202616{2135039907} 0.0 104262.0 10861.0 0.9589356412853328 2 3 21.0 0.0 0.9589356412853328 0
19 ec.gp.GPIndividual@202616{2135039907} 0.0 104262.0 8160.0 0.9453431372549019 2 3 21.0 0.0 0.9453431372549019 0
19 ec.gp.GPIndividual@202616{2135039907} 0.0 104262.0 12802.0 0.9651616934853929 2 3 21.0 0.0 0.9651616934853929 0
19 ec.gp.GPIndividual@202616{2135039907} 0.0 104262.0 10087.0 0.9557846733419253 2 3 21.0 0.0 0.9557846733419253 0
19 ec.gp.GPIndividual@202616{2135039907} 0.0 104262.0 8317.0 0.9463748947937959 2 3 21.0 0.0 0.9463748947937959 0
19 ec.gp.GPIndividual@1926665620{-970451331} 207.0 10959.0 10054.0 0.09001392480604735 5 9 21.0 0.0 0.09001392480604735 0
19 ec.gp.GPIndividual@450044698{1834106234} 687.0 10383.0 10087.0 0.02934470110042629 5 15 21.0 0.0 0.02934470110042629 1
19 ec.gp.GPIndividual@1450577487{-1545736553} 404.0 13342.0 10861.0 0.22843200441948255 5 21 21.0 0.0 0.22843200441948255 0
19 ec.gp.GPIndividual@1251943502{-588662005} 405.0 10482.0 10087.0 0.039159313968474274 5 15 21.0 0.0 0.039159313968474274 0
19 ec.gp.GPIndividual@897165939{-970451331} 522.0 8328.0 8317.0 0.0013225922808705061 5 9 21.0 0.0 0.0013225922808705061 0
19 ec.gp.GPIndividual@1214885870{152403229} 829.0 8328.0 8317.0 0.0013225922808705061 5 23 21.0 0.0 0.0013225922808705061 0
19 ec.gp.GPIndividual@25313972{-1834050672} 185.0 10959.0 10054.0 0.09001392480604735 5 19 21.0 0.0 0.09001392480604735 0
19 ec.gp.GPIndividual@1251943502{-588662005} 487.0 8328.0 8317.0 0.0013225922808705061 5 15 21.0 0.0 0.0013225922808705061 0
19 ec.gp.GPIndividual@682591610{1818119024} 405.0 10959.0 10054.0 0.09001392480604735 5 19 21.0 0.0 0.09001392480604735 0
19 ec.gp.GPIndividual@1926665620{-970451331} 626.0 8767.0 8387.0 0.04530821509478956 5 9 21.0 0.0 0.04530821509478956 0
19 ec.gp.GPIndividual@450044698{1834106234} 547.0 8328.0 8317.0 0.0013225922808705061 5 15 21.0 0.0 0.0013225922808705061 1
19 ec.gp.GPIndividual@456659098{-161804366} 51.0 11217.0 10054.0 0.1156753530932962 5 17 21.0 0.0 0.1156753530932962 0
19 ec.gp.GPIndividual@1450577487{-1545736553} 639.0 10033.0 8160.0 0.22953431372549019 5 21 21.0 0.0 0.22953431372549019 0
19 ec.gp.GPIndividual@1926665620{-970451331} 129.0 15644.0 14578.0 0.07312388530662642 5 9 21.0 0.0 0.07312388530662642 0
19 ec.gp.GPIndividual@25313972{-1834050672} 504.0 13517.0 8387.0 0.611660903779659 5 19 21.0 0.0 0.611660903779659 0
19 ec.gp.GPIndividual@1450577487{-1545736553} 170.0 13688.0 12802.0 0.06920793625995939 5 21 21.0 0.0 0.06920793625995939 0
19 ec.gp.GPIndividual@1926665620{-970451331} 172.0 11280.0 10861.0 0.03857839977902587 5 9 21.0 0.0 0.03857839977902587 0
19 ec.gp.GPIndividual@25313972{-1834050672} 214.0 15229.0 14578.0 0.04465633145836192 5 19 21.0 0.0 0.04465633145836192 0
19 ec.gp.GPIndividual@25313972{-1834050672} 290.0 11066.0 10861.0 0.018874873400239387 5 19 21.0 0.0 0.018874873400239387 0
19 ec.gp.GPIndividual@456659098{-161804366} 901.0 8560.0 8387.0 0.020627161082627875 5 17 21.0 0.0 0.020627161082627875 0
19 ec.gp.GPIndividual@1450577487{-1545736553} 702.0 10087.0 10087.0 0.0 5 21 21.0 0.0 0.0 1
19 ec.gp.GPIndividual@456659098{-161804366} 170.0 15549.0 14578.0 0.06660721635340924 5 17 21.0 0.0 0.06660721635340924 0
19 ec.gp.GPIndividual@1926665620{-970451331} 799.0 8446.0 8160.0 0.03504901960784314 5 9 21.0 0.0 0.03504901960784314 0
19 ec.gp.GPIndividual@1926665620{-970451331} 74.0 14590.0 12802.0 0.13966567723793158 5 9 21.0 0.0 0.13966567723793158 0
19 ec.gp.GPIndividual@456659098{-161804366} 249.0 11280.0 10861.0 0.03857839977902587 5 17 21.0 0.0 0.03857839977902587 0
19 ec.gp.GPIndividual@1926665620{-970451331} 203.0 10974.0 10087.0 0.08793496579756122 5 9 21.0 0.0 0.08793496579756122 0
19 ec.gp.GPIndividual@25313972{-1834050672} 681.0 8564.0 8160.0 0.049509803921568625 5 19 21.0 0.0 0.049509803921568625 0
19 ec.gp.GPIndividual@25313972{-1834050672} 88.0 14590.0 12802.0 0.13966567723793158 5 19 21.0 0.0 0.13966567723793158 0
19 ec.gp.GPIndividual@682591610{1818119024} 1684.0 8560.0 8387.0 0.020627161082627875 5 19 21.0 0.0 0.020627161082627875 0
19 ec.gp.GPIndividual@1450577487{-1545736553} 691.0 8328.0 8317.0 0.0013225922808705061 5 21 21.0 0.0 0.0013225922808705061 1
19 ec.gp.GPIndividual@25313972{-1834050672} 234.0 10597.0 10087.0 0.05056012689600476 5 19 21.0 0.0 0.05056012689600476 0
19 ec.gp.GPIndividual@596486698{-1876484894} 49.0 11217.0 10054.0 0.1156753530932962 5 19 21.0 0.0 0.1156753530932962 0
19 ec.gp.GPIndividual@1926665620{-970451331} 429.0 8328.0 8317.0 0.0013225922808705061 5 9 21.0 0.0 0.0013225922808705061 0
19 ec.gp.GPIndividual@456659098{-161804366} 595.0 8564.0 8160.0 0.049509803921568625 5 17 21.0 0.0 0.049509803921568625 0
19 ec.gp.GPIndividual@166477515{1143917140} 192.0 10054.0 10054.0 0.0 5 19 21.0 0.0 0.0 1
19 ec.gp.GPIndividual@456659098{-161804366} 75.0 14590.0 12802.0 0.13966567723793158 5 17 21.0 0.0 0.13966567723793158 0
19 ec.gp.GPIndividual@596486698{-1876484894} 339.0 19584.0 8387.0 1.3350423274114702 5 19 21.0 0.0 1.3350423274114702 0
19 ec.gp.GPIndividual@25313972{-1834050672} 396.0 8328.0 8317.0 0.0013225922808705061 5 19 21.0 0.0 0.0013225922808705061 0
19 ec.gp.GPIndividual@596486698{-1876484894} 77.0 19584.0 14578.0 0.3433941555768967 5 19 21.0 0.0 0.3433941555768967 0
19 ec.gp.GPIndividual@456659098{-161804366} 236.0 10597.0 10087.0 0.05056012689600476 5 17 21.0 0.0 0.05056012689600476 0
19 ec.gp.GPIndividual@596486698{-1876484894} 214.0 12610.0 10861.0 0.16103489549765215 5 19 21.0 0.0 0.16103489549765215 0
19 ec.gp.GPIndividual@166477515{1143917140} 701.0 9252.0 8387.0 0.10313580541313938 5 19 21.0 0.0 0.10313580541313938 1
19 ec.gp.GPIndividual@16792636{1418765626} 652.0 10141.0 10054.0 0.008653272329421126 5 23 21.0 0.0 0.008653272329421126 0
19 ec.gp.GPIndividual@596486698{-1876484894} 477.0 10033.0 8160.0 0.22953431372549019 5 19 21.0 0.0 0.22953431372549019 0
19 ec.gp.GPIndividual@596486698{-1876484894} 42.0 19584.0 12802.0 0.52976097484768 5 19 21.0 0.0 0.52976097484768 0
19 ec.gp.GPIndividual@166477515{1143917140} 177.0 15613.0 14578.0 0.07099739333241871 5 19 21.0 0.0 0.07099739333241871 1
19 ec.gp.GPIndividual@596486698{-1876484894} 185.0 11590.0 10087.0 0.14900366808763754 5 19 21.0 0.0 0.14900366808763754 0
19 ec.gp.GPIndividual@166477515{1143917140} 272.0 11315.0 10861.0 0.041800939140042355 5 19 21.0 0.0 0.041800939140042355 1
19 ec.gp.GPIndividual@596486698{-1876484894} 543.0 8328.0 8317.0 0.0013225922808705061 5 19 21.0 0.0 0.0013225922808705061 0
19 ec.gp.GPIndividual@456659098{-161804366} 1430.0 8328.0 8317.0 0.0013225922808705061 5 17 21.0 0.0 0.0013225922808705061 0
19 ec.gp.GPIndividual@166477515{1143917140} 753.0 8347.0 8160.0 0.022916666666666665 5 19 21.0 0.0 0.022916666666666665 1
19 ec.gp.GPIndividual@16792636{1418765626} 1217.0 8560.0 8387.0 0.020627161082627875 5 23 21.0 0.0 0.020627161082627875 0
19 ec.gp.GPIndividual@166477515{1143917140} 181.0 13688.0 12802.0 0.06920793625995939 5 19 21.0 0.0 0.06920793625995939 1
19 ec.gp.GPIndividual@16792636{1418765626} 160.0 15613.0 14578.0 0.07099739333241871 5 23 21.0 0.0 0.07099739333241871 0
19 ec.gp.GPIndividual@682591610{1818119024} 2602.0 14697.0 14578.0 0.008162985320345727 5 19 21.0 0.0 0.008162985320345727 0
19 ec.gp.GPIndividual@166477515{1143917140} 257.0 11159.0 10087.0 0.10627540398532764 5 19 21.0 0.0 0.10627540398532764 1
19 ec.gp.GPIndividual@682591610{1818119024} 3010.0 11066.0 10861.0 0.018874873400239387 5 19 21.0 0.0 0.018874873400239387 0
19 ec.gp.GPIndividual@166477515{1143917140} 3008.0 8328.0 8317.0 0.0013225922808705061 5 19 21.0 0.0 0.0013225922808705061 1
19 ec.gp.GPIndividual@16792636{1418765626} 3969.0 10960.0 10861.0 0.009115182764018046 5 23 21.0 0.0 0.009115182764018046 0
19 ec.gp.GPIndividual@67661886{-588662005} 1217.0 10141.0 10054.0 0.008653272329421126 5 15 21.0 0.0 0.008653272329421126 0
19 ec.gp.GPIndividual@67661886{-588662005} 597.0 8767.0 8387.0 0.04530821509478956 5 15 21.0 0.0 0.04530821509478956 0
19 ec.gp.GPIndividual@67661886{-588662005} 183.0 15549.0 14578.0 0.06660721635340924 5 15 21.0 0.0 0.06660721635340924 0
19 ec.gp.GPIndividual@16792636{1418765626} 1254.0 8667.0 8160.0 0.06213235294117647 5 23 21.0 0.0 0.06213235294117647 0
19 ec.gp.GPIndividual@67661886{-588662005} 123.0 11280.0 10861.0 0.03857839977902587 5 15 21.0 0.0 0.03857839977902587 0
19 ec.gp.GPIndividual@16792636{1418765626} 120.0 19584.0 12802.0 0.52976097484768 5 23 21.0 0.0 0.52976097484768 0
19 ec.gp.GPIndividual@682591610{1818119024} 2908.0 8347.0 8160.0 0.022916666666666665 5 19 21.0 0.0 0.022916666666666665 0
19 ec.gp.GPIndividual@67661886{-588662005} 724.0 8564.0 8160.0 0.049509803921568625 5 15 21.0 0.0 0.049509803921568625 0
19 ec.gp.GPIndividual@67661886{-588662005} 88.0 14590.0 12802.0 0.13966567723793158 5 15 21.0 0.0 0.13966567723793158 0
19 ec.gp.GPIndividual@682591610{1818119024} 138.0 14590.0 12802.0 0.13966567723793158 5 19 21.0 0.0 0.13966567723793158 0
19 ec.gp.GPIndividual@16792636{1418765626} 875.0 10482.0 10087.0 0.039159313968474274 5 23 21.0 0.0 0.039159313968474274 0
19 ec.gp.GPIndividual@16792636{1418765626} 2832.0 8328.0 8317.0 0.0013225922808705061 5 23 21.0 0.0 0.0013225922808705061 0
19 ec.gp.GPIndividual@67661886{-588662005} 3452.0 10174.0 10087.0 0.008624962823436106 5 15 21.0 0.0 0.008624962823436106 0
19 ec.gp.GPIndividual@682591610{1818119024} 4201.0 10174.0 10087.0 0.008624962823436106 5 19 21.0 0.0 0.008624962823436106 0
19 ec.gp.GPIndividual@67661886{-588662005} 4533.0 8328.0 8317.0 0.0013225922808705061 5 15 21.0 0.0 0.0013225922808705061 0
19 ec.gp.GPIndividual@682591610{1818119024} 5290.0 8328.0 8317.0 0.0013225922808705061 5 19 21.0 0.0 0.0013225922808705061 0
20 ec.gp.GPIndividual@2076732574{-1246481514} 0.0 95726.0 10054.0 0.7177242888402626 3 10 21.0 0.0 0.7177242888402626 0
20 ec.gp.GPIndividual@1652656749{1295570354} 0.0 109280.0 10054.0 1.0 1 1 21.0 0.0 1.0 0
20 ec.gp.GPIndividual@2076732574{-1246481514} 0.0 95726.0 8387.0 0.6616191725289138 3 10 21.0 0.0 0.6616191725289138 0
20 ec.gp.GPIndividual@1612217432{-889716621} 0.0 109280.0 10054.0 1.0 5 13 21.0 0.0 1.0 0
20 ec.gp.GPIndividual@2076732574{-1246481514} 0.0 95900.0 14578.0 0.7933872959253669 3 10 21.0 0.0 0.7933872959253669 0
20 ec.gp.GPIndividual@1612217432{-889716621} 0.0 109280.0 8387.0 1.0 5 13 21.0 0.0 1.0 0
20 ec.gp.GPIndividual@2076732574{-1246481514} 0.0 95726.0 10861.0 0.7386980940981493 3 10 21.0 0.0 0.7386980940981493 0
20 ec.gp.GPIndividual@1612217432{-889716621} 0.0 109280.0 14578.0 1.0 5 13 21.0 0.0 1.0 0
20 ec.gp.GPIndividual@1652656749{1295570354} 0.0 109280.0 8387.0 1.0 1 1 21.0 0.0 1.0 0
20 ec.gp.GPIndividual@2076732574{-1246481514} 0.0 95726.0 8160.0 0.6522058823529412 3 10 21.0 0.0 0.6522058823529412 0
20 ec.gp.GPIndividual@1652656749{1295570354} 0.0 109280.0 14578.0 1.0 1 1 21.0 0.0 1.0 0
20 ec.gp.GPIndividual@1652656749{1295570354} 0.0 109280.0 10861.0 1.0 1 1 21.0 0.0 1.0 0
20 ec.gp.GPIndividual@1612217432{-889716621} 0.0 109280.0 10861.0 1.0 5 13 21.0 0.0 1.0 0
20 ec.gp.GPIndividual@1652656749{1295570354} 0.0 109280.0 8160.0 1.0 1 1 21.0 0.0 1.0 0
20 ec.gp.GPIndividual@2076732574{-1246481514} 0.0 95726.0 12802.0 0.7783158881424778 3 10 21.0 0.0 0.7783158881424778 0
20 ec.gp.GPIndividual@1612217432{-889716621} 0.0 109280.0 8160.0 1.0 5 13 21.0 0.0 1.0 0
20 ec.gp.GPIndividual@2076732574{-1246481514} 20 ec.gp.GPIndividual@1652656749{1295570354} 0.0 0.0 95726.0 12802.0 0.7186477644492911 109280.0 12802.0 1.0 3 10 21.0 0.0 1 1 21.0 0.0 0.7186477644492911 0
1.0 0
20 ec.gp.GPIndividual@1612217432{-889716621} 0.0 109280.0 12802.0 1.0 5 13 21.0 0.0 1.0 0
20 ec.gp.GPIndividual@1652656749{1295570354} 0.0 109280.0 10087.0 1.0 1 1 21.0 0.0 1.0 0
20 ec.gp.GPIndividual@2076732574{-1246481514} 0.0 95726.0 8317.0 0.6587711915354094 3 10 21.0 0.0 0.6587711915354094 0
20 ec.gp.GPIndividual@1612217432{-889716621} 0.0 109280.0 10087.0 1.0 5 13 21.0 0.0 1.0 0
20 ec.gp.GPIndividual@1612217432{-889716621} 0.0 109280.0 8317.0 1.0 5 13 21.0 0.0 1.0 0
20 ec.gp.GPIndividual@1652656749{1295570354} 0.0 109280.0 8317.0 1.0 1 1 21.0 0.0 1.0 0
20 ec.gp.GPIndividual@1753523656{-168410040} 41.0 11217.0 10054.0 0.1156753530932962 5 19 21.0 0.0 0.1156753530932962 0
20 ec.gp.GPIndividual@839696039{-2059152246} 43.0 11217.0 10054.0 0.1156753530932962 5 17 21.0 0.0 0.1156753530932962 0
20 ec.gp.GPIndividual@191661937{-13195226} 45.0 11217.0 10054.0 0.1156753530932962 5 9 21.0 0.0 0.1156753530932962 0
20 ec.gp.GPIndividual@472391440{1258201998} 48.0 13102.0 10054.0 0.3031629202307539 5 17 21.0 0.0 0.3031629202307539 0
20 ec.gp.GPIndividual@839696039{-2059152246} 282.0 19584.0 8387.0 1.3350423274114702 5 17 21.0 0.0 1.3350423274114702 0
20 ec.gp.GPIndividual@191661937{-13195226} 282.0 13517.0 8387.0 0.611660903779659 5 9 21.0 0.0 0.611660903779659 0
20 ec.gp.GPIndividual@1753523656{-168410040} 288.0 13517.0 8387.0 0.611660903779659 5 19 21.0 0.0 0.611660903779659 0
20 ec.gp.GPIndividual@472391440{1258201998} 284.0 15112.0 8387.0 0.8018361750327888 5 17 21.0 0.0 0.8018361750327888 0
20 ec.gp.GPIndividual@415918106{445712645} 367.0 10959.0 10054.0 0.09001392480604735 5 21 21.0 0.0 0.09001392480604735 0
20 ec.gp.GPIndividual@1753523656{-168410040} 68.0 15644.0 14578.0 0.07312388530662642 5 19 21.0 0.0 0.07312388530662642 0
20 ec.gp.GPIndividual@839696039{-2059152246} 72.0 19584.0 14578.0 0.3433941555768967 5 17 21.0 0.0 0.3433941555768967 0
20 ec.gp.GPIndividual@191661937{-13195226} 73.0 15644.0 14578.0 0.07312388530662642 5 9 21.0 0.0 0.07312388530662642 0
20 ec.gp.GPIndividual@472391440{1258201998} 81.0 16981.0 14578.0 0.16483742625874606 5 17 21.0 0.0 0.16483742625874606 0
20 ec.gp.GPIndividual@1753523656{-168410040} 130.0 11280.0 10861.0 0.03857839977902587 5 19 21.0 0.0 0.03857839977902587 0
20 ec.gp.GPIndividual@191661937{-13195226} 139.0 11280.0 10861.0 0.03857839977902587 5 9 21.0 0.0 0.03857839977902587 0
20 ec.gp.GPIndividual@472391440{1258201998} 141.0 12506.0 10861.0 0.1514593499677746 5 17 21.0 0.0 0.1514593499677746 0
20 ec.gp.GPIndividual@839696039{-2059152246} 214.0 12610.0 10861.0 0.16103489549765215 5 17 21.0 0.0 0.16103489549765215 0
20 ec.gp.GPIndividual@191661937{-13195226} 533.0 8564.0 8160.0 0.049509803921568625 5 9 21.0 0.0 0.049509803921568625 0
20 ec.gp.GPIndividual@472391440{1258201998} 520.0 10763.0 8160.0 0.31899509803921566 5 17 21.0 0.0 0.31899509803921566 0
20 ec.gp.GPIndividual@1753523656{-168410040} 552.0 8564.0 8160.0 0.049509803921568625 5 19 21.0 0.0 0.049509803921568625 0
20 ec.gp.GPIndividual@191661937{-13195226} 43.0 14590.0 12802.0 0.13966567723793158 5 9 21.0 0.0 0.13966567723793158 0
20 ec.gp.GPIndividual@1753523656{-168410040} 38.0 14590.0 12802.0 0.13966567723793158 5 19 21.0 0.0 0.13966567723793158 0
20 ec.gp.GPIndividual@472391440{1258201998} 45.0 16012.0 12802.0 0.2507420715513201 5 17 21.0 0.0 0.2507420715513201 0
20 ec.gp.GPIndividual@839696039{-2059152246} 559.0 10033.0 8160.0 0.22953431372549019 5 17 21.0 0.0 0.22953431372549019 0
20 ec.gp.GPIndividual@839696039{-2059152246} 37.0 19584.0 12802.0 0.52976097484768 5 17 21.0 0.0 0.52976097484768 0
20 ec.gp.GPIndividual@191661937{-13195226} 124.0 10974.0 10087.0 0.08793496579756122 5 9 21.0 0.0 0.08793496579756122 0
20 ec.gp.GPIndividual@1753523656{-168410040} 123.0 10974.0 10087.0 0.08793496579756122 5 19 21.0 0.0 0.08793496579756122 0
20 ec.gp.GPIndividual@472391440{1258201998} 127.0 11543.0 10087.0 0.1443442054129077 5 17 21.0 0.0 0.1443442054129077 0
20 ec.gp.GPIndividual@839696039{-2059152246} 192.0 11590.0 10087.0 0.14900366808763754 5 17 21.0 0.0 0.14900366808763754 0
20 ec.gp.GPIndividual@2059602189{999675642} 1493.0 10141.0 10054.0 0.008653272329421126 5 19 21.0 0.0 0.008653272329421126 0
20 ec.gp.GPIndividual@415918106{445712645} 1279.0 8560.0 8387.0 0.020627161082627875 5 21 21.0 0.0 0.020627161082627875 0
20 ec.gp.GPIndividual@191661937{-13195226} 420.0 8328.0 8317.0 0.0013225922808705061 5 9 21.0 0.0 0.0013225922808705061 0
20 ec.gp.GPIndividual@1753523656{-168410040} 467.0 8328.0 8317.0 0.0013225922808705061 5 19 21.0 0.0 0.0013225922808705061 0
20 ec.gp.GPIndividual@472391440{1258201998} 466.0 10465.0 8317.0 0.2582662017554407 5 17 21.0 0.0 0.2582662017554407 0
20 ec.gp.GPIndividual@1546314244{-1372279075} 45.0 13102.0 10054.0 0.3031629202307539 5 21 21.0 0.0 0.3031629202307539 0
20 ec.gp.GPIndividual@1804230974{-527177946} 217.0 10959.0 10054.0 0.09001392480604735 5 19 21.0 0.0 0.09001392480604735 0
20 ec.gp.GPIndividual@839696039{-2059152246} 513.0 8328.0 8317.0 0.0013225922808705061 5 17 21.0 0.0 0.0013225922808705061 0
20 ec.gp.GPIndividual@2059602189{999675642} 437.0 19584.0 8387.0 1.3350423274114702 5 19 21.0 0.0 1.3350423274114702 0
20 ec.gp.GPIndividual@415918106{445712645} 297.0 15549.0 14578.0 0.06660721635340924 5 21 21.0 0.0 0.06660721635340924 0
20 ec.gp.GPIndividual@1546314244{-1372279075} 293.0 15112.0 8387.0 0.8018361750327888 5 21 21.0 0.0 0.8018361750327888 0
20 ec.gp.GPIndividual@415918106{445712645} 155.0 11280.0 10861.0 0.03857839977902587 5 21 21.0 0.0 0.03857839977902587 0
20 ec.gp.GPIndividual@1546314244{-1372279075} 72.0 16981.0 14578.0 0.16483742625874606 5 21 21.0 0.0 0.16483742625874606 0
20 ec.gp.GPIndividual@25317884{-1876484894} 213.0 10959.0 10054.0 0.09001392480604735 5 19 21.0 0.0 0.09001392480604735 0
20 ec.gp.GPIndividual@1519665972{-1680344320} 423.0 10959.0 10054.0 0.09001392480604735 5 21 21.0 0.0 0.09001392480604735 0
20 ec.gp.GPIndividual@1546314244{-1372279075} 133.0 12506.0 10861.0 0.1514593499677746 5 21 21.0 0.0 0.1514593499677746 0
20 ec.gp.GPIndividual@2059602189{999675642} 403.0 15443.0 14578.0 0.05933598573192482 5 19 21.0 0.0 0.05933598573192482 0
20 ec.gp.GPIndividual@1804230974{-527177946} 458.0 13517.0 8387.0 0.611660903779659 5 19 21.0 0.0 0.611660903779659 0
20 ec.gp.GPIndividual@1519665972{-1680344320} 282.0 16361.0 8387.0 0.9507571241206629 5 21 21.0 0.0 0.9507571241206629 0
20 ec.gp.GPIndividual@25317884{-1876484894} 296.0 13517.0 8387.0 0.611660903779659 5 19 21.0 0.0 0.611660903779659 0
20 ec.gp.GPIndividual@1804230974{-527177946} 123.0 15644.0 14578.0 0.07312388530662642 5 19 21.0 0.0 0.07312388530662642 0
20 ec.gp.GPIndividual@1519665972{-1680344320} 68.0 16373.0 14578.0 0.12313074495815612 5 21 21.0 0.0 0.12313074495815612 0
20 ec.gp.GPIndividual@25317884{-1876484894} 162.0 15549.0 14578.0 0.06660721635340924 5 19 21.0 0.0 0.06660721635340924 0
20 ec.gp.GPIndividual@1546314244{-1372279075} 501.0 10763.0 8160.0 0.31899509803921566 5 21 21.0 0.0 0.31899509803921566 0
20 ec.gp.GPIndividual@1519665972{-1680344320} 286.0 11611.0 10861.0 0.0690544148789246 5 21 21.0 0.0 0.0690544148789246 0
20 ec.gp.GPIndividual@1804230974{-527177946} 326.0 11066.0 10861.0 0.018874873400239387 5 19 21.0 0.0 0.018874873400239387 0
20 ec.gp.GPIndividual@1546314244{-1372279075} 42.0 16012.0 12802.0 0.2507420715513201 5 21 21.0 0.0 0.2507420715513201 0
20 ec.gp.GPIndividual@25317884{-1876484894} 313.0 11066.0 10861.0 0.018874873400239387 5 19 21.0 0.0 0.018874873400239387 0
20 ec.gp.GPIndividual@1546314244{-1372279075} 140.0 11543.0 10087.0 0.1443442054129077 5 21 21.0 0.0 0.1443442054129077 0
20 ec.gp.GPIndividual@1546314244{-1372279075} 428.0 10465.0 8317.0 0.2582662017554407 5 21 21.0 0.0 0.2582662017554407 0
20 ec.gp.GPIndividual@1505308848{917948461} 0.0 105260.0 10054.0 0.8563755719116769 1 1 21.0 0.0 0.8563755719116769 0
20 ec.gp.GPIndividual@1505308848{917948461} 0.0 105260.0 8387.0 0.8278287826397996 1 1 21.0 0.0 0.8278287826397996 0
20 ec.gp.GPIndividual@1505308848{917948461} 0.0 105260.0 14578.0 0.9009466319110989 1 1 21.0 0.0 0.9009466319110989 0
20 ec.gp.GPIndividual@1505308848{917948461} 0.0 105260.0 10861.0 0.8670472332197772 1 1 21.0 0.0 0.8670472332197772 0
20 ec.gp.GPIndividual@1505308848{917948461} 0.0 105260.0 8160.0 0.8230392156862745 1 1 21.0 0.0 0.8230392156862745 0
20 ec.gp.GPIndividual@1505308848{917948461} 0.0 105260.0 12802.0 0.8872051241993438 1 1 21.0 0.0 0.8872051241993438 0
20 ec.gp.GPIndividual@1505308848{917948461} 0.0 105260.0 10087.0 0.8568454446317042 1 1 21.0 0.0 0.8568454446317042 0
20 ec.gp.GPIndividual@1505308848{917948461} 0.0 105260.0 8317.0 0.8263797042202717 1 1 21.0 0.0 0.8263797042202717 0
20 ec.gp.GPIndividual@1804230974{-527177946} 891.0 8446.0 8160.0 0.03504901960784314 5 19 21.0 0.0 0.03504901960784314 0
20 ec.gp.GPIndividual@25317884{-1876484894} 832.0 8564.0 8160.0 0.049509803921568625 5 19 21.0 0.0 0.049509803921568625 0
20 ec.gp.GPIndividual@1519665972{-1680344320} 964.0 8347.0 8160.0 0.022916666666666665 5 21 21.0 0.0 0.022916666666666665 0
20 ec.gp.GPIndividual@1804230974{-527177946} 71.0 14590.0 12802.0 0.13966567723793158 5 19 21.0 0.0 0.13966567723793158 0
20 ec.gp.GPIndividual@1519665972{-1680344320} 47.0 15762.0 12802.0 0.23121387283236994 5 21 21.0 0.0 0.23121387283236994 0
20 ec.gp.GPIndividual@25317884{-1876484894} 186.0 13688.0 12802.0 0.06920793625995939 5 19 21.0 0.0 0.06920793625995939 0
20 ec.gp.GPIndividual@415918106{445712645} 1907.0 8347.0 8160.0 0.022916666666666665 5 21 21.0 0.0 0.022916666666666665 0
20 ec.gp.GPIndividual@225045160{-88260120} 655.0 10449.0 10054.0 0.03928784563357868 5 19 21.0 0.0 0.03928784563357868 0
20 ec.gp.GPIndividual@1804230974{-527177946} 280.0 10597.0 10087.0 0.05056012689600476 5 19 21.0 0.0 0.05056012689600476 0
20 ec.gp.GPIndividual@25317884{-1876484894} 277.0 10597.0 10087.0 0.05056012689600476 5 19 21.0 0.0 0.05056012689600476 0
20 ec.gp.GPIndividual@2059602189{999675642} 1995.0 11066.0 10861.0 0.018874873400239387 5 19 21.0 0.0 0.018874873400239387 0
20 ec.gp.GPIndividual@2059602189{999675642} 538.0 10033.0 8160.0 0.22953431372549019 5 19 21.0 0.0 0.22953431372549019 0
20 ec.gp.GPIndividual@225045160{-88260120} 859.0 8767.0 8387.0 0.04530821509478956 5 19 21.0 0.0 0.04530821509478956 0
20 ec.gp.GPIndividual@415918106{445712645} 932.0 13012.0 12802.0 0.016403686923918137 5 21 21.0 0.0 0.016403686923918137 0
20 ec.gp.GPIndividual@2059602189{999675642} 101.0 19584.0 12802.0 0.52976097484768 5 19 21.0 0.0 0.52976097484768 0
20 ec.gp.GPIndividual@25317884{-1876484894} 957.0 8328.0 8317.0 0.0013225922808705061 5 19 21.0 0.0 0.0013225922808705061 0
20 ec.gp.GPIndividual@1524968854{-889716621} 0.0 109280.0 10054.0 1.0 5 13 21.0 0.0 1.0 0
20 ec.gp.GPIndividual@1524968854{-889716621} 0.0 109280.0 8387.0 1.0 5 13 21.0 0.0 1.0 0
20 ec.gp.GPIndividual@1524968854{-889716621} 0.0 109280.0 14578.0 1.0 5 13 21.0 0.0 1.0 0
20 ec.gp.GPIndividual@1524968854{-889716621} 0.0 109280.0 10861.0 1.0 5 13 21.0 0.0 1.0 0
20 ec.gp.GPIndividual@1524968854{-889716621} 0.0 109280.0 8160.0 1.0 5 13 21.0 0.0 1.0 0
20 ec.gp.GPIndividual@1524968854{-889716621} 0.0 109280.0 12802.0 1.0 5 13 21.0 0.0 1.0 0
20 ec.gp.GPIndividual@1524968854{-889716621} 0.0 109280.0 10087.0 1.0 5 13 21.0 0.0 1.0 0
20 ec.gp.GPIndividual@1524968854{-889716621} 0.0 109280.0 8317.0 1.0 5 13 21.0 0.0 1.0 0
20 ec.gp.GPIndividual@1519665972{-1680344320} 1432.0 10087.0 10087.0 0.0 5 21 21.0 0.0 0.0 1
20 ec.gp.GPIndividual@1804230974{-527177946} 1205.0 8328.0 8317.0 0.0013225922808705061 5 19 21.0 0.0 0.0013225922808705061 0
20 ec.gp.GPIndividual@886638149{816032382} 212.0 10959.0 10054.0 0.09001392480604735 5 16 21.0 0.0 0.09001392480604735 0
20 ec.gp.GPIndividual@415918106{445712645} 592.0 10407.0 10087.0 0.03172400118965005 5 21 21.0 0.0 0.03172400118965005 0
20 ec.gp.GPIndividual@225045160{-88260120} 696.0 15194.0 14578.0 0.04225545342296611 5 19 21.0 0.0 0.04225545342296611 0
20 ec.gp.GPIndividual@886638149{816032382} 664.0 8767.0 8387.0 0.04530821509478956 5 16 21.0 0.0 0.04530821509478956 0
20 ec.gp.GPIndividual@225045160{-88260120} 482.0 11444.0 10861.0 0.05367829849921738 5 19 21.0 0.0 0.05367829849921738 0
20 ec.gp.GPIndividual@886638149{816032382} 168.0 15613.0 14578.0 0.07099739333241871 5 16 21.0 0.0 0.07099739333241871 0
20 ec.gp.GPIndividual@415918106{445712645} 953.0 8328.0 8317.0 0.0013225922808705061 5 21 21.0 0.0 0.0013225922808705061 0
20 ec.gp.GPIndividual@886638149{816032382} 361.0 11658.0 10861.0 0.07338182487800386 5 16 21.0 0.0 0.07338182487800386 0
20 ec.gp.GPIndividual@1519665972{-1680344320} 1404.0 8328.0 8317.0 0.0013225922808705061 5 21 21.0 0.0 0.0013225922808705061 1
20 ec.gp.GPIndividual@2059602189{999675642} 1814.0 10087.0 10087.0 0.0 5 19 21.0 0.0 0.0 1
20 ec.gp.GPIndividual@1376132443{-1510116429} 1780.0 10141.0 10054.0 0.008653272329421126 5 21 21.0 0.0 0.008653272329421126 0
20 ec.gp.GPIndividual@886638149{816032382} 574.0 10033.0 8160.0 0.22953431372549019 5 16 21.0 0.0 0.22953431372549019 0
20 ec.gp.GPIndividual@886638149{816032382} 65.0 19584.0 12802.0 0.52976097484768 5 16 21.0 0.0 0.52976097484768 0
20 ec.gp.GPIndividual@198053461{1600144088} 718.0 10141.0 10054.0 0.008653272329421126 5 21 21.0 0.0 0.008653272329421126 0
20 ec.gp.GPIndividual@845558987{1600144088} 597.0 10449.0 10054.0 0.03928784563357868 5 21 21.0 0.0 0.03928784563357868 0
20 ec.gp.GPIndividual@2059602189{999675642} 529.0 8328.0 8317.0 0.0013225922808705061 5 19 21.0 0.0 0.0013225922808705061 1
20 ec.gp.GPIndividual@886638149{816032382} 316.0 11159.0 10087.0 0.10627540398532764 5 16 21.0 0.0 0.10627540398532764 0
20 ec.gp.GPIndividual@471954540{-695489927} 272.0 10054.0 10054.0 0.0 5 21 21.0 0.0 0.0 1
20 ec.gp.GPIndividual@845558987{1600144088} 451.0 13517.0 8387.0 0.611660903779659 5 21 21.0 0.0 0.611660903779659 0
20 ec.gp.GPIndividual@845558987{1600144088} 106.0 15644.0 14578.0 0.07312388530662642 5 21 21.0 0.0 0.07312388530662642 0
20 ec.gp.GPIndividual@198053461{1600144088} 586.0 13517.0 8387.0 0.611660903779659 5 21 21.0 0.0 0.611660903779659 0
20 ec.gp.GPIndividual@1376132443{-1510116429} 849.0 19584.0 8387.0 1.3350423274114702 5 21 21.0 0.0 1.3350423274114702 0
20 ec.gp.GPIndividual@471954540{-695489927} 305.0 8448.0 8387.0 0.007273160844163586 5 21 21.0 0.0 0.007273160844163586 1
20 ec.gp.GPIndividual@198053461{1600144088} 116.0 15644.0 14578.0 0.07312388530662642 5 21 21.0 0.0 0.07312388530662642 0
20 ec.gp.GPIndividual@225045160{-88260120} 2095.0 8347.0 8160.0 0.022916666666666665 5 19 21.0 0.0 0.022916666666666665 0
20 ec.gp.GPIndividual@1376132443{-1510116429} 313.0 15443.0 14578.0 0.05933598573192482 5 21 21.0 0.0 0.05933598573192482 0
20 ec.gp.GPIndividual@845558987{1600144088} 1142.0 11066.0 10861.0 0.018874873400239387 5 21 21.0 0.0 0.018874873400239387 0
20 ec.gp.GPIndividual@886638149{816032382} 1482.0 8328.0 8317.0 0.0013225922808705061 5 16 21.0 0.0 0.0013225922808705061 0
20 ec.gp.GPIndividual@198053461{1600144088} 1625.0 11066.0 10861.0 0.018874873400239387 5 21 21.0 0.0 0.018874873400239387 0
20 ec.gp.GPIndividual@845558987{1600144088} 843.0 8564.0 8160.0 0.049509803921568625 5 21 21.0 0.0 0.049509803921568625 0
20 ec.gp.GPIndividual@845558987{1600144088} 77.0 14590.0 12802.0 0.13966567723793158 5 21 21.0 0.0 0.13966567723793158 0
20 ec.gp.GPIndividual@225045160{-88260120} 1719.0 12802.0 12802.0 0.0 5 19 21.0 0.0 0.0 1
20 ec.gp.GPIndividual@845558987{1600144088} 265.0 10597.0 10087.0 0.05056012689600476 5 21 21.0 0.0 0.05056012689600476 0
20 ec.gp.GPIndividual@225045160{-88260120} 265.0 11590.0 10087.0 0.14900366808763754 5 19 21.0 0.0 0.14900366808763754 1
20 ec.gp.GPIndividual@198053461{1600144088} 641.0 8564.0 8160.0 0.049509803921568625 5 21 21.0 0.0 0.049509803921568625 0
20 ec.gp.GPIndividual@198053461{1600144088} 76.0 14590.0 12802.0 0.13966567723793158 5 21 21.0 0.0 0.13966567723793158 0
20 ec.gp.GPIndividual@471954540{-695489927} 2361.0 14888.0 14578.0 0.0212649197420771 5 21 21.0 0.0 0.0212649197420771 1
20 ec.gp.GPIndividual@1376132443{-1510116429} 3216.0 11066.0 10861.0 0.018874873400239387 5 21 21.0 0.0 0.018874873400239387 0
20 ec.gp.GPIndividual@225045160{-88260120} 1453.0 8328.0 8317.0 0.0013225922808705061 5 19 21.0 0.0 0.0013225922808705061 1
20 ec.gp.GPIndividual@1074701352{-1814863195} 0.0 12674.0 10054.0 0.2605927988860155 5 17 21.0 0.0 0.2605927988860155 0
20 ec.gp.GPIndividual@1074701352{-1814863195} 0.0 12661.0 8387.0 0.5095981876713962 5 17 21.0 0.0 0.5095981876713962 0
20 ec.gp.GPIndividual@1074701352{-1814863195} 0.0 15644.0 14578.0 0.07312388530662642 5 17 21.0 0.0 0.07312388530662642 0
20 ec.gp.GPIndividual@1074701352{-1814863195} 0.0 12894.0 10861.0 0.1871835005984716 5 17 21.0 0.0 0.1871835005984716 0
20 ec.gp.GPIndividual@1074701352{-1814863195} 0.0 12665.0 8160.0 0.5520833333333334 5 17 21.0 0.0 0.5520833333333334 0
20 ec.gp.GPIndividual@1074701352{-1814863195} 0.0 13918.0 12802.0 0.08717387908139353 5 17 21.0 0.0 0.08717387908139353 0
20 ec.gp.GPIndividual@1074701352{-1814863195} 0.0 12674.0 10087.0 0.2564687221175771 5 17 21.0 0.0 0.2564687221175771 0
20 ec.gp.GPIndividual@1074701352{-1814863195} 0.0 12672.0 8317.0 0.5236263075628231 5 17 21.0 0.0 0.5236263075628231 0
20 ec.gp.GPIndividual@1270826223{1141208970} 39.0 11217.0 10054.0 0.1156753530932962 5 19 21.0 0.0 0.1156753530932962 0
20 ec.gp.GPIndividual@471954540{-695489927} 1451.0 11066.0 10861.0 0.018874873400239387 5 21 21.0 0.0 0.018874873400239387 1
20 ec.gp.GPIndividual@845558987{1600144088} 1672.0 8328.0 8317.0 0.0013225922808705061 5 21 21.0 0.0 0.0013225922808705061 0
20 ec.gp.GPIndividual@198053461{1600144088} 1670.0 10241.0 10087.0 0.015267175572519083 5 21 21.0 0.0 0.015267175572519083 0
20 ec.gp.GPIndividual@1270826223{1141208970} 319.0 13517.0 8387.0 0.611660903779659 5 19 21.0 0.0 0.611660903779659 0
20 ec.gp.GPIndividual@1973955385{1818119024} 201.0 10959.0 10054.0 0.09001392480604735 5 19 21.0 0.0 0.09001392480604735 0
20 ec.gp.GPIndividual@1270826223{1141208970} 77.0 15644.0 14578.0 0.07312388530662642 5 19 21.0 0.0 0.07312388530662642 0
20 ec.gp.GPIndividual@1270826223{1141208970} 125.0 11280.0 10861.0 0.03857839977902587 5 19 21.0 0.0 0.03857839977902587 0
20 ec.gp.GPIndividual@1270826223{1141208970} 534.0 8564.0 8160.0 0.049509803921568625 5 19 21.0 0.0 0.049509803921568625 0
20 ec.gp.GPIndividual@1270826223{1141208970} 44.0 14590.0 12802.0 0.13966567723793158 5 19 21.0 0.0 0.13966567723793158 0
20 ec.gp.GPIndividual@1270826223{1141208970} 126.0 10974.0 10087.0 0.08793496579756122 5 19 21.0 0.0 0.08793496579756122 0
20 ec.gp.GPIndividual@198053461{1600144088} 1062.0 8328.0 8317.0 0.0013225922808705061 5 21 21.0 0.0 0.0013225922808705061 0
20 ec.gp.GPIndividual@471954540{-695489927} 1343.0 8347.0 8160.0 0.022916666666666665 5 21 21.0 0.0 0.022916666666666665 1
20 ec.gp.GPIndividual@1376132443{-1510116429} 1733.0 8347.0 8160.0 0.022916666666666665 5 21 21.0 0.0 0.022916666666666665 0
20 ec.gp.GPIndividual@196031180{152403229} 189.0 10959.0 10054.0 0.09001392480604735 5 23 21.0 0.0 0.09001392480604735 0
20 ec.gp.GPIndividual@1270826223{1141208970} 418.0 8328.0 8317.0 0.0013225922808705061 5 19 21.0 0.0 0.0013225922808705061 0
20 ec.gp.GPIndividual@1973955385{1818119024} 1646.0 8528.0 8387.0 0.016811732443066652 5 19 21.0 0.0 0.016811732443066652 0
20 ec.gp.GPIndividual@1973955385{1818119024} 74.0 15644.0 14578.0 0.07312388530662642 5 19 21.0 0.0 0.07312388530662642 0
20 ec.gp.GPIndividual@471954540{-695489927} 676.0 13048.0 12802.0 0.01921574753944696 5 21 21.0 0.0 0.01921574753944696 1
20 ec.gp.GPIndividual@196031180{152403229} 595.0 8767.0 8387.0 0.04530821509478956 5 23 21.0 0.0 0.04530821509478956 0
20 ec.gp.GPIndividual@1973955385{1818119024} 146.0 11280.0 10861.0 0.03857839977902587 5 19 21.0 0.0 0.03857839977902587 0
20 ec.gp.GPIndividual@196031180{152403229} 93.0 15644.0 14578.0 0.07312388530662642 5 23 21.0 0.0 0.07312388530662642 0
20 ec.gp.GPIndividual@196031180{152403229} 1441.0 11066.0 10861.0 0.018874873400239387 5 23 21.0 0.0 0.018874873400239387 0
20 ec.gp.GPIndividual@1376132443{-1510116429} 2179.0 12802.0 12802.0 0.0 5 21 21.0 0.0 0.0 1
20 ec.gp.GPIndividual@1528021400{405566375} 2100.0 10141.0 10054.0 0.008653272329421126 5 23 21.0 0.0 0.008653272329421126 0
20 ec.gp.GPIndividual@471954540{-695489927} 1671.0 10087.0 10087.0 0.0 5 21 21.0 0.0 0.0 2
20 ec.gp.GPIndividual@1973955385{1818119024} 1687.0 8347.0 8160.0 0.022916666666666665 5 19 21.0 0.0 0.022916666666666665 0
20 ec.gp.GPIndividual@1376132443{-1510116429} 279.0 11159.0 10087.0 0.10627540398532764 5 21 21.0 0.0 0.10627540398532764 1
20 ec.gp.GPIndividual@1973955385{1818119024} 74.0 14590.0 12802.0 0.13966567723793158 5 19 21.0 0.0 0.13966567723793158 0
20 ec.gp.GPIndividual@196031180{152403229} 480.0 8564.0 8160.0 0.049509803921568625 5 23 21.0 0.0 0.049509803921568625 0
20 ec.gp.GPIndividual@1973955385{1818119024} 233.0 10597.0 10087.0 0.05056012689600476 5 19 21.0 0.0 0.05056012689600476 0
20 ec.gp.GPIndividual@196031180{152403229} 94.0 14590.0 12802.0 0.13966567723793158 5 23 21.0 0.0 0.13966567723793158 0
20 ec.gp.GPIndividual@1528021400{405566375} 563.0 19584.0 8387.0 1.3350423274114702 5 23 21.0 0.0 1.3350423274114702 0
20 ec.gp.GPIndividual@1528021400{405566375} 74.0 19584.0 14578.0 0.3433941555768967 5 23 21.0 0.0 0.3433941555768967 0
20 ec.gp.GPIndividual@196031180{152403229} 156.0 10974.0 10087.0 0.08793496579756122 5 23 21.0 0.0 0.08793496579756122 0
20 ec.gp.GPIndividual@471954540{-695489927} 2031.0 8328.0 8317.0 0.0013225922808705061 5 21 21.0 0.0 0.0013225922808705061 2
20 ec.gp.GPIndividual@196031180{152403229} 1516.0 8328.0 8317.0 0.0013225922808705061 5 23 21.0 0.0 0.0013225922808705061 0
20 ec.gp.GPIndividual@687236445{1290694735} 0.0 99798.0 10054.0 0.8561766461110006 2 3 21.0 0.0 0.8561766461110006 0
20 ec.gp.GPIndividual@687236445{1290694735} 0.0 99798.0 8387.0 0.8275903183498271 2 3 21.0 0.0 0.8275903183498271 0
20 ec.gp.GPIndividual@687236445{1290694735} 0.0 99972.0 14578.0 0.8888736452188228 2 3 21.0 0.0 0.8888736452188228 0
20 ec.gp.GPIndividual@687236445{1290694735} 0.0 99798.0 10861.0 0.8668630881134334 2 3 21.0 0.0 0.8668630881134334 0
20 ec.gp.GPIndividual@687236445{1290694735} 0.0 99798.0 8160.0 0.8227941176470588 2 3 21.0 0.0 0.8227941176470588 0
20 ec.gp.GPIndividual@687236445{1290694735} 0.0 99798.0 12802.0 0.8870488986095922 2 3 21.0 0.0 0.8870488986095922 0
20 ec.gp.GPIndividual@687236445{1290694735} 0.0 99798.0 10087.0 0.8566471696242689 2 3 21.0 0.0 0.8566471696242689 0
20 ec.gp.GPIndividual@687236445{1290694735} 0.0 99798.0 8317.0 0.8261392328964771 2 3 21.0 0.0 0.8261392328964771 0
20 ec.gp.GPIndividual@1973955385{1818119024} 1754.0 8328.0 8317.0 0.0013225922808705061 5 19 21.0 0.0 0.0013225922808705061 0
20 ec.gp.GPIndividual@1376132443{-1510116429} 2048.0 8328.0 8317.0 0.0013225922808705061 5 21 21.0 0.0 0.0013225922808705061 1
20 ec.gp.GPIndividual@1372471282{1290694735} 0.0 99798.0 10054.0 0.8561766461110006 2 3 21.0 0.0 0.8561766461110006 0
20 ec.gp.GPIndividual@1372471282{1290694735} 0.0 99798.0 8387.0 0.8275903183498271 2 3 21.0 0.0 0.8275903183498271 0
20 ec.gp.GPIndividual@1372471282{1290694735} 0.0 99972.0 14578.0 0.8888736452188228 2 3 21.0 0.0 0.8888736452188228 0
20 ec.gp.GPIndividual@1372471282{1290694735} 0.0 99798.0 10861.0 0.8668630881134334 2 3 21.0 0.0 0.8668630881134334 0
20 ec.gp.GPIndividual@1372471282{1290694735} 0.0 99798.0 8160.0 0.8227941176470588 2 3 21.0 0.0 0.8227941176470588 0
20 ec.gp.GPIndividual@1372471282{1290694735} 0.0 99798.0 12802.0 0.8870488986095922 2 3 21.0 0.0 0.8870488986095922 0
20 ec.gp.GPIndividual@1372471282{1290694735} 0.0 99798.0 10087.0 0.8566471696242689 2 3 21.0 0.0 0.8566471696242689 0
20 ec.gp.GPIndividual@1372471282{1290694735} 0.0 99798.0 8317.0 0.8261392328964771 2 3 21.0 0.0 0.8261392328964771 0
20 ec.gp.GPIndividual@1528021400{405566375} 1719.0 11066.0 10861.0 0.018874873400239387 5 23 21.0 0.0 0.018874873400239387 0
20 ec.gp.GPIndividual@698644995{-1834050672} 177.0 10959.0 10054.0 0.09001392480604735 5 19 21.0 0.0 0.09001392480604735 0
20 ec.gp.GPIndividual@1387479352{-100292650} 857.0 10449.0 10054.0 0.03928784563357868 5 21 21.0 0.0 0.03928784563357868 0
20 ec.gp.GPIndividual@1528021400{405566375} 611.0 10033.0 8160.0 0.22953431372549019 5 23 21.0 0.0 0.22953431372549019 0
20 ec.gp.GPIndividual@698644995{-1834050672} 649.0 8767.0 8387.0 0.04530821509478956 5 19 21.0 0.0 0.04530821509478956 0
20 ec.gp.GPIndividual@1528021400{405566375} 135.0 19584.0 12802.0 0.52976097484768 5 23 21.0 0.0 0.52976097484768 0
20 ec.gp.GPIndividual@698644995{-1834050672} 196.0 15229.0 14578.0 0.04465633145836192 5 19 21.0 0.0 0.04465633145836192 0
20 ec.gp.GPIndividual@698644995{-1834050672} 257.0 11066.0 10861.0 0.018874873400239387 5 19 21.0 0.0 0.018874873400239387 0
20 ec.gp.GPIndividual@698644995{-1834050672} 711.0 8446.0 8160.0 0.03504901960784314 5 19 21.0 0.0 0.03504901960784314 0
20 ec.gp.GPIndividual@1387479352{-100292650} 1318.0 8560.0 8387.0 0.020627161082627875 5 21 21.0 0.0 0.020627161082627875 0
20 ec.gp.GPIndividual@698644995{-1834050672} 187.0 13688.0 12802.0 0.06920793625995939 5 19 21.0 0.0 0.06920793625995939 0
20 ec.gp.GPIndividual@1387479352{-100292650} 196.0 15613.0 14578.0 0.07099739333241871 5 21 21.0 0.0 0.07099739333241871 0
20 ec.gp.GPIndividual@698644995{-1834050672} 223.0 10597.0 10087.0 0.05056012689600476 5 19 21.0 0.0 0.05056012689600476 0
20 ec.gp.GPIndividual@1528021400{405566375} 2376.0 10087.0 10087.0 0.0 5 23 21.0 0.0 0.0 1
20 ec.gp.GPIndividual@698644995{-1834050672} 2988.0 8328.0 8317.0 0.0013225922808705061 5 19 21.0 0.0 0.0013225922808705061 0
20 ec.gp.GPIndividual@1387479352{-100292650} 3222.0 11066.0 10861.0 0.018874873400239387 5 21 21.0 0.0 0.018874873400239387 0
20 ec.gp.GPIndividual@1528021400{405566375} 3167.0 8328.0 8317.0 0.0013225922808705061 5 23 21.0 0.0 0.0013225922808705061 1
20 ec.gp.GPIndividual@1387479352{-100292650} 2699.0 8341.0 8160.0 0.02218137254901961 5 21 21.0 0.0 0.02218137254901961 0
20 ec.gp.GPIndividual@1372656096{-588662005} 2751.0 10141.0 10054.0 0.008653272329421126 5 15 21.0 0.0 0.008653272329421126 0
20 ec.gp.GPIndividual@1372656096{-588662005} 1039.0 8560.0 8387.0 0.020627161082627875 5 15 21.0 0.0 0.020627161082627875 0
20 ec.gp.GPIndividual@1387479352{-100292650} 1075.0 12802.0 12802.0 0.0 5 21 21.0 0.0 0.0 1
20 ec.gp.GPIndividual@1372656096{-588662005} 1093.0 14697.0 14578.0 0.008162985320345727 5 15 21.0 0.0 0.008162985320345727 0
20 ec.gp.GPIndividual@1387479352{-100292650} 1109.0 10087.0 10087.0 0.0 5 21 21.0 0.0 0.0 2
20 ec.gp.GPIndividual@1372656096{-588662005} 4458.0 11066.0 10861.0 0.018874873400239387 5 15 21.0 0.0 0.018874873400239387 0
20 ec.gp.GPIndividual@1387479352{-100292650} 5847.0 8328.0 8317.0 0.0013225922808705061 5 21 21.0 0.0 0.0013225922808705061 2
20 ec.gp.GPIndividual@1780968300{2122973107} 211.0 10054.0 10054.0 0.0 5 14 21.0 0.0 0.0 1
20 ec.gp.GPIndividual@1372656096{-588662005} 1938.0 8347.0 8160.0 0.022916666666666665 5 15 21.0 0.0 0.022916666666666665 0
20 ec.gp.GPIndividual@1372656096{-588662005} 167.0 13688.0 12802.0 0.06920793625995939 5 15 21.0 0.0 0.06920793625995939 0
20 ec.gp.GPIndividual@1780968300{2122973107} 1414.0 8560.0 8387.0 0.020627161082627875 5 14 21.0 0.0 0.020627161082627875 1
20 ec.gp.GPIndividual@1372656096{-588662005} 1034.0 10405.0 10087.0 0.03152572618221473 5 15 21.0 0.0 0.03152572618221473 0
20 ec.gp.GPIndividual@1780968300{2122973107} 191.0 15443.0 14578.0 0.05933598573192482 5 14 21.0 0.0 0.05933598573192482 1
20 ec.gp.GPIndividual@1372656096{-588662005} 4091.0 8328.0 8317.0 0.0013225922808705061 5 15 21.0 0.0 0.0013225922808705061 0
20 ec.gp.GPIndividual@1780968300{2122973107} 6477.0 11028.0 10861.0 0.015376116379707209 5 14 21.0 0.0 0.015376116379707209 1
20 ec.gp.GPIndividual@1780968300{2122973107} 652.0 8347.0 8160.0 0.022916666666666665 5 14 21.0 0.0 0.022916666666666665 1
20 ec.gp.GPIndividual@1780968300{2122973107} 211.0 13661.0 12802.0 0.06709889079831276 5 14 21.0 0.0 0.06709889079831276 1
20 ec.gp.GPIndividual@1780968300{2122973107} 239.0 11159.0 10087.0 0.10627540398532764 5 14 21.0 0.0 0.10627540398532764 1
20 ec.gp.GPIndividual@1780968300{2122973107} 8842.0 8328.0 8317.0 0.0013225922808705061 5 14 21.0 0.0 0.0013225922808705061 1
20 ec.gp.GPIndividual@147758148{609873250} 38.0 11217.0 10054.0 0.1156753530932962 5 17 21.0 0.0 0.1156753530932962 0
20 ec.gp.GPIndividual@147758148{609873250} 278.0 8767.0 8387.0 0.04530821509478956 5 17 21.0 0.0 0.04530821509478956 0
20 ec.gp.GPIndividual@147758148{609873250} 89.0 15374.0 14578.0 0.05460282617643024 5 17 21.0 0.0 0.05460282617643024 0
20 ec.gp.GPIndividual@147758148{609873250} 113.0 11789.0 10861.0 0.0854433293435227 5 17 21.0 0.0 0.0854433293435227 0
20 ec.gp.GPIndividual@147758148{609873250} 306.0 8648.0 8160.0 0.059803921568627454 5 17 21.0 0.0 0.059803921568627454 0
20 ec.gp.GPIndividual@147758148{609873250} 97.0 13688.0 12802.0 0.06920793625995939 5 17 21.0 0.0 0.06920793625995939 0
20 ec.gp.GPIndividual@147758148{609873250} 77.0 11273.0 10087.0 0.11757707940914047 5 17 21.0 0.0 0.11757707940914047 0
20 ec.gp.GPIndividual@147758148{609873250} 409.0 8647.0 8317.0 0.03967776842611519 5 17 21.0 0.0 0.03967776842611519 0
20 ec.gp.GPIndividual@534453029{1575601578} 3472.0 10141.0 10054.0 0.008653272329421126 5 21 21.0 0.0 0.008653272329421126 0
20 ec.gp.GPIndividual@534453029{1575601578} 3376.0 8469.0 8387.0 0.009777035888875641 5 21 21.0 0.0 0.009777035888875641 0
20 ec.gp.GPIndividual@534453029{1575601578} 699.0 14697.0 14578.0 0.008162985320345727 5 21 21.0 0.0 0.008162985320345727 0
20 ec.gp.GPIndividual@534453029{1575601578} 7636.0 10960.0 10861.0 0.009115182764018046 5 21 21.0 0.0 0.009115182764018046 0
20 ec.gp.GPIndividual@534453029{1575601578} 10508.0 8215.0 8160.0 0.006740196078431373 5 21 21.0 0.0 0.006740196078431373 0
20 ec.gp.GPIndividual@534453029{1575601578} 372.0 13661.0 12802.0 0.06709889079831276 5 21 21.0 0.0 0.06709889079831276 0
20 ec.gp.GPIndividual@534453029{1575601578} 3296.0 10174.0 10087.0 0.008624962823436106 5 21 21.0 0.0 0.008624962823436106 0
20 ec.gp.GPIndividual@534453029{1575601578} 8879.0 8328.0 8317.0 0.0013225922808705061 5 21 21.0 0.0 0.0013225922808705061 0
20 ec.gp.GPIndividual@1462313831{139574948} 3463.0 10141.0 10054.0 0.008653272329421126 5 23 21.0 0.0 0.008653272329421126 0
20 ec.gp.GPIndividual@1462313831{139574948} 3376.0 8469.0 8387.0 0.009777035888875641 5 23 21.0 0.0 0.009777035888875641 0
20 ec.gp.GPIndividual@1462313831{139574948} 698.0 14697.0 14578.0 0.008162985320345727 5 23 21.0 0.0 0.008162985320345727 0
20 ec.gp.GPIndividual@1462313831{139574948} 7621.0 10960.0 10861.0 0.009115182764018046 5 23 21.0 0.0 0.009115182764018046 0
20 ec.gp.GPIndividual@1462313831{139574948} 10476.0 8215.0 8160.0 0.006740196078431373 5 23 21.0 0.0 0.006740196078431373 0
20 ec.gp.GPIndividual@1462313831{139574948} 356.0 13661.0 12802.0 0.06709889079831276 5 23 21.0 0.0 0.06709889079831276 0
20 ec.gp.GPIndividual@1462313831{139574948} 3265.0 10174.0 10087.0 0.008624962823436106 5 23 21.0 0.0 0.008624962823436106 0
20 ec.gp.GPIndividual@1462313831{139574948} 8786.0 8328.0 8317.0 0.0013225922808705061 5 23 21.0 0.0 0.0013225922808705061 0
21 ec.gp.GPIndividual@1047952821{-1400630493} 0.0 109280.0 10054.0 1.0 5 15 21.0 0.0 1.0 0
21 ec.gp.GPIndividual@109338341{1290694735} 0.0 99798.0 10054.0 0.8561766461110006 2 3 21.0 0.0 0.8561766461110006 0
21 ec.gp.GPIndividual@1047952821{-1400630493} 0.0 109280.0 8387.0 1.0 5 15 21.0 0.0 1.0 0
21 ec.gp.GPIndividual@109338341{1290694735} 0.0 99798.0 8387.0 0.8275903183498271 2 3 21.0 0.0 0.8275903183498271 0
21 ec.gp.GPIndividual@1047952821{-1400630493} 0.0 109280.0 10054.0 1.0 21 ec.gp.GPIndividual@1668775935{-541469236} 5 15 21.0 0.0 0.0 1.0 0
105260.0 10054.0 0.8563755719116769 21 ec.gp.GPIndividual@109338341{1290694735} 0.0 5 11 21.0 0.0 99972.0 14578.0 0.8888736452188228 0.8563755719116769 0
21 ec.gp.GPIndividual@1047952821{-1400630493} 0.0 2 3 21.0 0.0 109280.0 10861.0 1.0 0.8888736452188228 0
5 15 21.0 0.0 1.0 0
21 ec.gp.GPIndividual@109338341{1290694735} 0.0 99798.0 10861.0 0.8668630881134334 2 3 21.0 0.0 0.8668630881134334 0
21 ec.gp.GPIndividual@1047952821{-1400630493} 0.0 109280.0 8160.0 1.0 5 15 21.0 0.0 1.0 0
21 ec.gp.GPIndividual@1668775935{-541469236} 0.0 105260.0 8387.0 0.8278287826397996 5 11 21.0 0.0 0.8278287826397996 0
21 ec.gp.GPIndividual@1047952821{-1400630493} 0.0 109280.0 12802.0 1.0 5 15 21.0 0.0 1.0 0
21 ec.gp.GPIndividual@109338341{1290694735} 0.0 21 ec.gp.GPIndividual@1668775935{-541469236} 0.0 99798.0 14578.0 0.8227941176470588 105260.0 14578.0 0.9009466319110989 2 3 21.0 0.0 5 11 21.0 0.0 0.8227941176470588 0
0.9009466319110989 0
21 ec.gp.GPIndividual@1047952821{-1400630493} 0.0 109280.0 10087.0 1.0 5 15 21.0 0.0 1.0 0
21 ec.gp.GPIndividual@1668775935{-541469236} 0.0 105260.0 10861.0 0.8670472332197772 5 11 21.0 0.0 0.8670472332197772 0
21 ec.gp.GPIndividual@109338341{1290694735} 0.0 99798.0 12802.0 0.8870488986095922 2 3 21.0 0.0 0.8870488986095922 0
21 ec.gp.GPIndividual@1668775935{-541469236} 0.0 105260.0 8160.0 0.8230392156862745 5 11 21.0 0.0 0.8230392156862745 0
21 ec.gp.GPIndividual@1047952821{-1400630493} 0.0 109280.0 8317.0 1.0 5 15 21.0 0.0 1.0 0
21 ec.gp.GPIndividual@109338341{1290694735} 0.0 21 ec.gp.GPIndividual@1668775935{-541469236} 99798.0 12802.0 0.8566471696242689 0.0 2 3 21.0 0.0 0.8566471696242689 0
105260.0 12802.0 0.8872051241993438 5 11 21.0 0.0 0.8872051241993438 0
21 ec.gp.GPIndividual@105736404{-948875512} 0.0 109280.0 10054.0 1.0 5 19 21.0 0.0 1.0 0
21 ec.gp.GPIndividual@1668775935{-541469236} 0.0 21 ec.gp.GPIndividual@109338341{1290694735} 105260.0 8317.0 0.8568454446317042 0.0 5 11 21.0 0.0 0.8568454446317042 0
99798.0 8317.0 0.8261392328964771 2 3 21.0 0.0 0.8261392328964771 0
21 ec.gp.GPIndividual@105736404{-948875512} 0.0 109280.0 8387.0 1.0 5 19 21.0 0.0 1.0 0
21 ec.gp.GPIndividual@1668775935{-541469236} 0.0 105260.0 8317.0 0.8263797042202717 5 11 21.0 0.0 0.8263797042202717 0
21 ec.gp.GPIndividual@105736404{-948875512} 0.0 109280.0 14578.0 1.0 5 19 21.0 0.0 1.0 0
21 ec.gp.GPIndividual@105736404{-948875512} 0.0 109280.0 10861.0 1.0 5 19 21.0 0.0 1.0 0
21 ec.gp.GPIndividual@1885982684{32928347} 0.0 109280.0 10054.0 1.0 3 5 21.0 0.0 1.0 0
21 ec.gp.GPIndividual@105736404{-948875512} 0.0 109280.0 8160.0 1.0 5 19 21.0 0.0 1.0 0
21 ec.gp.GPIndividual@1885982684{32928347} 0.0 109280.0 8387.0 1.0 3 5 21.0 0.0 1.0 0
21 ec.gp.GPIndividual@105736404{-948875512} 0.0 109280.0 12802.0 1.0 5 19 21.0 0.0 1.0 0
21 ec.gp.GPIndividual@1885982684{32928347} 0.0 109280.0 14578.0 1.0 3 5 21.0 0.0 1.0 0
21 ec.gp.GPIndividual@105736404{-948875512} 0.0 109280.0 10087.0 1.0 5 19 21.0 0.0 1.0 0
21 ec.gp.GPIndividual@1885982684{32928347} 0.0 109280.0 10861.0 1.0 3 5 21.0 0.0 1.0 0
21 ec.gp.GPIndividual@1885982684{32928347} 0.0 109280.0 8160.0 1.0 3 5 21.0 0.0 1.0 0
21 ec.gp.GPIndividual@105736404{-948875512} 0.0 109280.0 8317.0 1.0 5 19 21.0 0.0 1.0 0
21 ec.gp.GPIndividual@1885982684{32928347} 0.0 109280.0 12802.0 1.0 3 5 21.0 0.0 1.0 0
21 ec.gp.GPIndividual@1885982684{32928347} 0.0 109280.0 10087.0 1.0 3 5 21.0 0.0 1.0 0
21 ec.gp.GPIndividual@1885982684{32928347} 0.0 109280.0 8317.0 1.0 3 5 21.0 0.0 1.0 0
21 ec.gp.GPIndividual@51631578{600377982} 0.0 105260.0 10054.0 0.8563755719116769 5 15 21.0 0.0 0.8563755719116769 0
21 ec.gp.GPIndividual@51631578{600377982} 0.0 105260.0 8387.0 0.8278287826397996 5 15 21.0 0.0 0.8278287826397996 0
21 ec.gp.GPIndividual@51631578{600377982} 0.0 105260.0 14578.0 0.9009466319110989 5 15 21.0 0.0 0.9009466319110989 0
21 ec.gp.GPIndividual@51631578{600377982} 0.0 105260.0 10861.0 0.8670472332197772 5 15 21.0 0.0 0.8670472332197772 0
21 ec.gp.GPIndividual@51631578{600377982} 0.0 105260.0 8160.0 0.8230392156862745 5 15 21.0 0.0 0.8230392156862745 0
21 ec.gp.GPIndividual@51631578{600377982} 0.0 105260.0 12802.0 0.8872051241993438 5 15 21.0 0.0 0.8872051241993438 0
21 ec.gp.GPIndividual@51631578{600377982} 0.0 105260.0 10087.0 0.8568454446317042 5 15 21.0 0.0 0.8568454446317042 0
21 ec.gp.GPIndividual@51631578{600377982} 0.0 105260.0 8317.0 0.8263797042202717 5 15 21.0 0.0 0.8263797042202717 0
21 ec.gp.GPIndividual@1682133379{2116751427} 270.0 10054.0 10054.0 0.0 5 19 21.0 0.0 0.0 1
21 ec.gp.GPIndividual@2052382413{98986996} 288.0 10959.0 10054.0 0.09001392480604735 5 19 21.0 0.0 0.09001392480604735 0
21 ec.gp.GPIndividual@1672958689{-1778945876} 370.0 10959.0 10054.0 0.09001392480604735 5 20 21.0 0.0 0.09001392480604735 0
21 ec.gp.GPIndividual@426593528{-1489851468} 414.0 10959.0 10054.0 0.09001392480604735 5 19 21.0 0.0 0.09001392480604735 0
21 ec.gp.GPIndividual@2130968787{152403229} 540.0 10449.0 10054.0 0.03928784563357868 5 23 21.0 0.0 0.03928784563357868 0
21 ec.gp.GPIndividual@1385342845{1101359402} 617.0 10449.0 10054.0 0.03928784563357868 5 21 21.0 0.0 0.03928784563357868 0
21 ec.gp.GPIndividual@2052382413{98986996} 343.0 15112.0 8387.0 0.8018361750327888 5 19 21.0 0.0 0.8018361750327888 0
21 ec.gp.GPIndividual@1672958689{-1778945876} 286.0 15112.0 8387.0 0.8018361750327888 5 20 21.0 0.0 0.8018361750327888 0
21 ec.gp.GPIndividual@426593528{-1489851468} 288.0 15112.0 8387.0 0.8018361750327888 5 19 21.0 0.0 0.8018361750327888 0
21 ec.gp.GPIndividual@1672958689{-1778945876} 85.0 16981.0 14578.0 0.16483742625874606 5 20 21.0 0.0 0.16483742625874606 0
21 ec.gp.GPIndividual@2052382413{98986996} 124.0 16981.0 14578.0 0.16483742625874606 5 19 21.0 0.0 0.16483742625874606 0
21 ec.gp.GPIndividual@1385342845{1101359402} 881.0 8767.0 8387.0 0.04530821509478956 5 21 21.0 0.0 0.04530821509478956 0
21 ec.gp.GPIndividual@426593528{-1489851468} 820.0 14697.0 14578.0 0.008162985320345727 5 19 21.0 0.0 0.008162985320345727 0
21 ec.gp.GPIndividual@2130968787{152403229} 1015.0 8767.0 8387.0 0.04530821509478956 5 23 21.0 0.0 0.04530821509478956 0
21 ec.gp.GPIndividual@1385342845{1101359402} 118.0 15644.0 14578.0 0.07312388530662642 5 21 21.0 0.0 0.07312388530662642 0
21 ec.gp.GPIndividual@2052382413{98986996} 923.0 11066.0 10861.0 0.018874873400239387 5 19 21.0 0.0 0.018874873400239387 0
21 ec.gp.GPIndividual@1682133379{2116751427} 1456.0 8624.0 8387.0 0.028258018361750327 5 19 21.0 0.0 0.028258018361750327 1
21 ec.gp.GPIndividual@1672958689{-1778945876} 1000.0 11066.0 10861.0 0.018874873400239387 5 20 21.0 0.0 0.018874873400239387 0
21 ec.gp.GPIndividual@2130968787{152403229} 201.0 15549.0 14578.0 0.06660721635340924 5 23 21.0 0.0 0.06660721635340924 0
21 ec.gp.GPIndividual@1672958689{-1778945876} 956.0 10763.0 8160.0 0.31899509803921566 5 20 21.0 0.0 0.31899509803921566 0
21 ec.gp.GPIndividual@2052382413{98986996} 1066.0 10033.0 8160.0 0.22953431372549019 5 19 21.0 0.0 0.22953431372549019 0
21 ec.gp.GPIndividual@1672958689{-1778945876} 74.0 16012.0 12802.0 0.2507420715513201 5 20 21.0 0.0 0.2507420715513201 0
21 ec.gp.GPIndividual@2130968787{152403229} 1190.0 11066.0 10861.0 0.018874873400239387 5 23 21.0 0.0 0.018874873400239387 0
21 ec.gp.GPIndividual@426593528{-1489851468} 1438.0 11066.0 10861.0 0.018874873400239387 5 19 21.0 0.0 0.018874873400239387 0
21 ec.gp.GPIndividual@1385342845{1101359402} 1390.0 11066.0 10861.0 0.018874873400239387 5 21 21.0 0.0 0.018874873400239387 0
21 ec.gp.GPIndividual@1682133379{2116751427} 1313.0 15186.0 14578.0 0.04170668130058993 5 19 21.0 0.0 0.04170668130058993 1
21 ec.gp.GPIndividual@1385342845{1101359402} 642.0 8564.0 8160.0 0.049509803921568625 5 21 21.0 0.0 0.049509803921568625 0
21 ec.gp.GPIndividual@1682133379{2116751427} 635.0 11247.0 10861.0 0.03554000552435319 5 19 21.0 0.0 0.03554000552435319 1
21 ec.gp.GPIndividual@426593528{-1489851468} 952.0 10763.0 8160.0 0.31899509803921566 5 19 21.0 0.0 0.31899509803921566 0
21 ec.gp.GPIndividual@1385342845{1101359402} 301.0 13661.0 12802.0 0.06709889079831276 5 21 21.0 0.0 0.06709889079831276 0
21 ec.gp.GPIndividual@1672958689{-1778945876} 1344.0 10405.0 10087.0 0.03152572618221473 5 20 21.0 0.0 0.03152572618221473 0
21 ec.gp.GPIndividual@1682133379{2116751427} 557.0 10033.0 8160.0 0.22953431372549019 5 19 21.0 0.0 0.22953431372549019 1
21 ec.gp.GPIndividual@426593528{-1489851468} 327.0 13661.0 12802.0 0.06709889079831276 5 19 21.0 0.0 0.06709889079831276 0
21 ec.gp.GPIndividual@1682133379{2116751427} 291.0 13528.0 12802.0 0.05670988907983127 5 19 21.0 0.0 0.05670988907983127 1
21 ec.gp.GPIndividual@426593528{-1489851468} 317.0 10974.0 10087.0 0.08793496579756122 5 19 21.0 0.0 0.08793496579756122 0
21 ec.gp.GPIndividual@2052382413{98986996} 1838.0 12802.0 12802.0 0.0 5 19 21.0 0.0 0.0 1
21 ec.gp.GPIndividual@1672958689{-1778945876} 532.0 10465.0 8317.0 0.2582662017554407 5 20 21.0 0.0 0.2582662017554407 0
21 ec.gp.GPIndividual@1682133379{2116751427} 197.0 11590.0 10087.0 0.14900366808763754 5 19 21.0 0.0 0.14900366808763754 1
21 ec.gp.GPIndividual@1385342845{1101359402} 883.0 10405.0 10087.0 0.03152572618221473 5 21 21.0 0.0 0.03152572618221473 0
21 ec.gp.GPIndividual@410014820{-1411453039} 258.0 10054.0 10054.0 0.0 5 15 21.0 0.0 0.0 1
21 ec.gp.GPIndividual@2052382413{98986996} 472.0 10482.0 10087.0 0.039159313968474274 5 19 21.0 0.0 0.039159313968474274 1
21 ec.gp.GPIndividual@426593528{-1489851468} 511.0 10465.0 8317.0 0.2582662017554407 5 19 21.0 0.0 0.2582662017554407 0
21 ec.gp.GPIndividual@754422809{-2120089587} 41.0 13102.0 10054.0 0.3031629202307539 5 9 21.0 0.0 0.3031629202307539 0
21 ec.gp.GPIndividual@1385342845{1101359402} 437.0 8328.0 8317.0 0.0013225922808705061 5 21 21.0 0.0 0.0013225922808705061 0
21 ec.gp.GPIndividual@1682133379{2116751427} 549.0 8328.0 8317.0 0.0013225922808705061 5 19 21.0 0.0 0.0013225922808705061 1
21 ec.gp.GPIndividual@1154663254{1487786226} 48.0 14917.0 10054.0 0.48368808434453947 5 13 21.0 0.0 0.48368808434453947 0
21 ec.gp.GPIndividual@754422809{-2120089587} 292.0 15112.0 8387.0 0.8018361750327888 5 9 21.0 0.0 0.8018361750327888 0
21 ec.gp.GPIndividual@754422809{-2120089587} 56.0 16981.0 14578.0 0.16483742625874606 5 9 21.0 0.0 0.16483742625874606 0
21 ec.gp.GPIndividual@2130968787{152403229} 2563.0 8347.0 8160.0 0.022916666666666665 5 23 21.0 0.0 0.022916666666666665 0
21 ec.gp.GPIndividual@410014820{-1411453039} 659.0 8448.0 8387.0 0.007273160844163586 5 15 21.0 0.0 0.007273160844163586 1
21 ec.gp.GPIndividual@2130968787{152403229} 73.0 14590.0 12802.0 0.13966567723793158 5 23 21.0 0.0 0.13966567723793158 0
21 ec.gp.GPIndividual@754422809{-2120089587} 126.0 12506.0 10861.0 0.1514593499677746 5 9 21.0 0.0 0.1514593499677746 0
21 ec.gp.GPIndividual@1154663254{1487786226} 301.0 16464.0 8387.0 0.9630380350542507 5 13 21.0 0.0 0.9630380350542507 0
21 ec.gp.GPIndividual@1154663254{1487786226} 73.0 18316.0 14578.0 0.25641377418027167 5 13 21.0 0.0 0.25641377418027167 0
21 ec.gp.GPIndividual@1154663254{1487786226} 142.0 14179.0 10861.0 0.3054967314243624 5 13 21.0 0.0 0.3054967314243624 0
21 ec.gp.GPIndividual@754422809{-2120089587} 543.0 10763.0 8160.0 0.31899509803921566 5 9 21.0 0.0 0.31899509803921566 0
21 ec.gp.GPIndividual@754422809{-2120089587} 47.0 16012.0 12802.0 0.2507420715513201 5 9 21.0 0.0 0.2507420715513201 0
21 ec.gp.GPIndividual@754422809{-2120089587} 124.0 11543.0 10087.0 0.1443442054129077 5 9 21.0 0.0 0.1443442054129077 0
21 ec.gp.GPIndividual@1154663254{1487786226} 548.0 12618.0 8160.0 0.5463235294117647 5 13 21.0 0.0 0.5463235294117647 0
21 ec.gp.GPIndividual@1154663254{1487786226} 43.0 17091.0 12802.0 0.33502577722230903 5 13 21.0 0.0 0.33502577722230903 0
21 ec.gp.GPIndividual@2130968787{152403229} 890.0 10405.0 10087.0 0.03152572618221473 5 23 21.0 0.0 0.03152572618221473 0
21 ec.gp.GPIndividual@1154663254{1487786226} 120.0 13499.0 10087.0 0.3382571626846436 5 13 21.0 0.0 0.3382571626846436 0
21 ec.gp.GPIndividual@1725415413{-88260120} 1422.0 10141.0 10054.0 0.008653272329421126 5 19 21.0 0.0 0.008653272329421126 0
21 ec.gp.GPIndividual@754422809{-2120089587} 414.0 10465.0 8317.0 0.2582662017554407 5 9 21.0 0.0 0.2582662017554407 0
21 ec.gp.GPIndividual@410014820{-1411453039} 1205.0 14697.0 14578.0 0.008162985320345727 5 15 21.0 0.0 0.008162985320345727 1
21 ec.gp.GPIndividual@2052382413{98986996} 1718.0 8328.0 8317.0 0.0013225922808705061 5 19 21.0 0.0 0.0013225922808705061 1
21 ec.gp.GPIndividual@501101908{325949542} 58.0 19584.0 10054.0 0.9478814402227969 5 19 21.0 0.0 0.9478814402227969 0
21 ec.gp.GPIndividual@1154663254{1487786226} 412.0 12421.0 8317.0 0.49344715642659615 5 13 21.0 0.0 0.49344715642659615 0
21 ec.gp.GPIndividual@1237620140{-10563843} 38.0 13102.0 10054.0 0.3031629202307539 5 21 21.0 0.0 0.3031629202307539 0
21 ec.gp.GPIndividual@2130968787{152403229} 563.0 8328.0 8317.0 0.0013225922808705061 5 23 21.0 0.0 0.0013225922808705061 0
21 ec.gp.GPIndividual@501101908{325949542} 302.0 19584.0 8387.0 1.3350423274114702 5 19 21.0 0.0 1.3350423274114702 0
21 ec.gp.GPIndividual@410014820{-1411453039} 374.0 11658.0 10861.0 0.07338182487800386 5 15 21.0 0.0 0.07338182487800386 1
21 ec.gp.GPIndividual@501101908{325949542} 73.0 19584.0 14578.0 0.3433941555768967 5 19 21.0 0.0 0.3433941555768967 0
21 ec.gp.GPIndividual@1237620140{-10563843} 314.0 11079.0 8387.0 0.3209729343030881 5 21 21.0 0.0 0.3209729343030881 0
21 ec.gp.GPIndividual@1725415413{-88260120} 670.0 8767.0 8387.0 0.04530821509478956 5 19 21.0 0.0 0.04530821509478956 0
21 ec.gp.GPIndividual@501101908{325949542} 220.0 19584.0 10861.0 0.803148881318479 5 19 21.0 0.0 0.803148881318479 0
21 ec.gp.GPIndividual@1237620140{-10563843} 86.0 16873.0 14578.0 0.1574290026066676 5 21 21.0 0.0 0.1574290026066676 0
21 ec.gp.GPIndividual@1237620140{-10563843} 124.0 12506.0 10861.0 0.1514593499677746 5 21 21.0 0.0 0.1514593499677746 0
21 ec.gp.GPIndividual@501101908{325949542} 523.0 19584.0 8160.0 1.4 5 19 21.0 0.0 1.4 0
21 ec.gp.GPIndividual@410014820{-1411453039} 784.0 8347.0 8160.0 0.022916666666666665 5 15 21.0 0.0 0.022916666666666665 1
21 ec.gp.GPIndividual@501101908{325949542} 56.0 19584.0 12802.0 0.52976097484768 5 19 21.0 0.0 0.52976097484768 0
21 ec.gp.GPIndividual@1237620140{-10563843} 504.0 10763.0 8160.0 0.31899509803921566 5 21 21.0 0.0 0.31899509803921566 0
21 ec.gp.GPIndividual@1237620140{-10563843} 37.0 16012.0 12802.0 0.2507420715513201 5 21 21.0 0.0 0.2507420715513201 0
21 ec.gp.GPIndividual@1237620140{-10563843} 122.0 11543.0 10087.0 0.1443442054129077 5 21 21.0 0.0 0.1443442054129077 0
21 ec.gp.GPIndividual@1237620140{-10563843} 403.0 10465.0 8317.0 0.2582662017554407 5 21 21.0 0.0 0.2582662017554407 0
21 ec.gp.GPIndividual@1725415413{-88260120} 1516.0 15053.0 14578.0 0.03258334476608588 5 19 21.0 0.0 0.03258334476608588 0
21 ec.gp.GPIndividual@1032970385{98986996} 2200.0 10141.0 10054.0 0.008653272329421126 5 19 21.0 0.0 0.008653272329421126 0
21 ec.gp.GPIndividual@606232456{-1247129383} 396.0 10959.0 10054.0 0.09001392480604735 5 21 21.0 0.0 0.09001392480604735 0
21 ec.gp.GPIndividual@501101908{325949542} 1257.0 10087.0 10087.0 0.0 5 19 21.0 0.0 0.0 1
21 ec.gp.GPIndividual@501101908{325949542} 504.0 19584.0 8317.0 1.3546952025970902 5 19 21.0 0.0 1.3546952025970902 1
21 ec.gp.GPIndividual@410014820{-1411453039} 2046.0 12802.0 12802.0 0.0 5 15 21.0 0.0 0.0 2
21 ec.gp.GPIndividual@410014820{-1411453039} 284.0 11159.0 10087.0 0.10627540398532764 5 15 21.0 0.0 0.10627540398532764 2
21 ec.gp.GPIndividual@1032970385{98986996} 1921.0 8767.0 8387.0 0.04530821509478956 5 19 21.0 0.0 0.04530821509478956 0
21 ec.gp.GPIndividual@606232456{-1247129383} 2027.0 8528.0 8387.0 0.016811732443066652 5 21 21.0 0.0 0.016811732443066652 0
21 ec.gp.GPIndividual@1032970385{98986996} 126.0 16981.0 14578.0 0.16483742625874606 5 19 21.0 0.0 0.16483742625874606 0
21 ec.gp.GPIndividual@1725415413{-88260120} 2687.0 11063.0 10861.0 0.01859865574072369 5 19 21.0 0.0 0.01859865574072369 0
21 ec.gp.GPIndividual@410014820{-1411453039} 1711.0 8328.0 8317.0 0.0013225922808705061 5 15 21.0 0.0 0.0013225922808705061 2
21 ec.gp.GPIndividual@1790651636{-1833586488} 40.0 11217.0 10054.0 0.1156753530932962 5 13 21.0 0.0 0.1156753530932962 0
21 ec.gp.GPIndividual@1725415413{-88260120} 628.0 10033.0 8160.0 0.22953431372549019 5 19 21.0 0.0 0.22953431372549019 0
21 ec.gp.GPIndividual@1725415413{-88260120} 73.0 19584.0 12802.0 0.52976097484768 5 19 21.0 0.0 0.52976097484768 0
21 ec.gp.GPIndividual@1790651636{-1833586488} 320.0 13517.0 8387.0 0.611660903779659 5 13 21.0 0.0 0.611660903779659 0
21 ec.gp.GPIndividual@1790651636{-1833586488} 76.0 15644.0 14578.0 0.07312388530662642 5 13 21.0 0.0 0.07312388530662642 0
21 ec.gp.GPIndividual@1485060214{1614230366} 2776.0 10141.0 10054.0 0.008653272329421126 5 19 21.0 0.0 0.008653272329421126 0
21 ec.gp.GPIndividual@1790651636{-1833586488} 133.0 11280.0 10861.0 0.03857839977902587 5 13 21.0 0.0 0.03857839977902587 0
21 ec.gp.GPIndividual@1032970385{98986996} 1717.0 11066.0 10861.0 0.018874873400239387 5 19 21.0 0.0 0.018874873400239387 0
21 ec.gp.GPIndividual@1790651636{-1833586488} 500.0 8564.0 8160.0 0.049509803921568625 5 13 21.0 0.0 0.049509803921568625 0
21 ec.gp.GPIndividual@1485060214{1614230366} 597.0 8767.0 8387.0 0.04530821509478956 5 19 21.0 0.0 0.04530821509478956 0
21 ec.gp.GPIndividual@1790651636{-1833586488} 55.0 14590.0 12802.0 0.13966567723793158 5 13 21.0 0.0 0.13966567723793158 0
21 ec.gp.GPIndividual@1790651636{-1833586488} 123.0 10974.0 10087.0 0.08793496579756122 5 13 21.0 0.0 0.08793496579756122 0
21 ec.gp.GPIndividual@1725415413{-88260120} 1172.0 10087.0 10087.0 0.0 5 19 21.0 0.0 0.0 1
21 ec.gp.GPIndividual@1790651636{-1833586488} 421.0 8328.0 8317.0 0.0013225922808705061 5 13 21.0 0.0 0.0013225922808705061 0
21 ec.gp.GPIndividual@1912369267{1990190598} 182.0 10959.0 10054.0 0.09001392480604735 5 17 21.0 0.0 0.09001392480604735 0
21 ec.gp.GPIndividual@1032970385{98986996} 1295.0 8347.0 8160.0 0.022916666666666665 5 19 21.0 0.0 0.022916666666666665 0
21 ec.gp.GPIndividual@1725415413{-88260120} 630.0 8328.0 8317.0 0.0013225922808705061 5 19 21.0 0.0 0.0013225922808705061 1
21 ec.gp.GPIndividual@1823061326{-337764983} 0.0 109280.0 10054.0 1.0 5 19 21.0 0.0 1.0 0
21 ec.gp.GPIndividual@1823061326{-337764983} 0.0 109280.0 8387.0 1.0 5 19 21.0 0.0 1.0 0
21 ec.gp.GPIndividual@1823061326{-337764983} 0.0 109280.0 14578.0 1.0 5 19 21.0 0.0 1.0 0
21 ec.gp.GPIndividual@1823061326{-337764983} 0.0 109280.0 10861.0 1.0 5 19 21.0 0.0 1.0 0
21 ec.gp.GPIndividual@1823061326{-337764983} 0.0 109280.0 8160.0 1.0 5 19 21.0 0.0 1.0 0
21 ec.gp.GPIndividual@1823061326{-337764983} 0.0 109280.0 12802.0 1.0 5 19 21.0 0.0 1.0 0
21 ec.gp.GPIndividual@1823061326{-337764983} 0.0 109280.0 10087.0 1.0 5 19 21.0 0.0 1.0 0
21 ec.gp.GPIndividual@1823061326{-337764983} 0.0 109280.0 8317.0 1.0 5 19 21.0 0.0 1.0 0
21 ec.gp.GPIndividual@900654890{48922486} 47.0 11217.0 10054.0 0.1156753530932962 5 19 21.0 0.0 0.1156753530932962 0
21 ec.gp.GPIndividual@1032970385{98986996} 168.0 13688.0 12802.0 0.06920793625995939 5 19 21.0 0.0 0.06920793625995939 0
21 ec.gp.GPIndividual@1485060214{1614230366} 1121.0 14697.0 14578.0 0.008162985320345727 5 19 21.0 0.0 0.008162985320345727 0
21 ec.gp.GPIndividual@1912369267{1990190598} 493.0 8767.0 8387.0 0.04530821509478956 5 17 21.0 0.0 0.04530821509478956 0
21 ec.gp.GPIndividual@1485060214{1614230366} 122.0 12506.0 10861.0 0.1514593499677746 5 19 21.0 0.0 0.1514593499677746 0
21 ec.gp.GPIndividual@1032970385{98986996} 162.0 11543.0 10087.0 0.1443442054129077 5 19 21.0 0.0 0.1443442054129077 0
21 ec.gp.GPIndividual@900654890{48922486} 322.0 13517.0 8387.0 0.611660903779659 5 19 21.0 0.0 0.611660903779659 0
21 ec.gp.GPIndividual@1912369267{1990190598} 168.0 15549.0 14578.0 0.06660721635340924 5 17 21.0 0.0 0.06660721635340924 0
21 ec.gp.GPIndividual@900654890{48922486} 78.0 15644.0 14578.0 0.07312388530662642 5 19 21.0 0.0 0.07312388530662642 0
21 ec.gp.GPIndividual@900654890{48922486} 115.0 11280.0 10861.0 0.03857839977902587 5 19 21.0 0.0 0.03857839977902587 0
21 ec.gp.GPIndividual@1912369267{1990190598} 286.0 11066.0 10861.0 0.018874873400239387 5 17 21.0 0.0 0.018874873400239387 0
21 ec.gp.GPIndividual@606232456{-1247129383} 3941.0 15053.0 14578.0 0.03258334476608588 5 21 21.0 0.0 0.03258334476608588 0
21 ec.gp.GPIndividual@900654890{48922486} 509.0 8564.0 8160.0 0.049509803921568625 5 19 21.0 0.0 0.049509803921568625 0
21 ec.gp.GPIndividual@606232456{-1247129383} 204.0 12610.0 10861.0 0.16103489549765215 5 21 21.0 0.0 0.16103489549765215 0
21 ec.gp.GPIndividual@900654890{48922486} 58.0 14590.0 12802.0 0.13966567723793158 5 19 21.0 0.0 0.13966567723793158 0
21 ec.gp.GPIndividual@1485060214{1614230366} 976.0 10033.0 8160.0 0.22953431372549019 5 19 21.0 0.0 0.22953431372549019 0
21 ec.gp.GPIndividual@900654890{48922486} 131.0 10974.0 10087.0 0.08793496579756122 5 19 21.0 0.0 0.08793496579756122 0
21 ec.gp.GPIndividual@1912369267{1990190598} 682.0 8564.0 8160.0 0.049509803921568625 5 17 21.0 0.0 0.049509803921568625 0
21 ec.gp.GPIndividual@1485060214{1614230366} 162.0 13688.0 12802.0 0.06920793625995939 5 19 21.0 0.0 0.06920793625995939 0
21 ec.gp.GPIndividual@1912369267{1990190598} 170.0 13688.0 12802.0 0.06920793625995939 5 17 21.0 0.0 0.06920793625995939 0
21 ec.gp.GPIndividual@900654890{48922486} 388.0 8328.0 8317.0 0.0013225922808705061 5 19 21.0 0.0 0.0013225922808705061 0
21 ec.gp.GPIndividual@606232456{-1247129383} 703.0 10033.0 8160.0 0.22953431372549019 5 21 21.0 0.0 0.22953431372549019 0
21 ec.gp.GPIndividual@1912369267{1990190598} 241.0 10597.0 10087.0 0.05056012689600476 5 17 21.0 0.0 0.05056012689600476 0
21 ec.gp.GPIndividual@1032970385{98986996} 1921.0 8328.0 8317.0 0.0013225922808705061 5 19 21.0 0.0 0.0013225922808705061 0
21 ec.gp.GPIndividual@599645791{-1814863195} 0.0 12674.0 10054.0 0.2605927988860155 5 17 21.0 0.0 0.2605927988860155 0
21 ec.gp.GPIndividual@599645791{-1814863195} 0.0 12661.0 8387.0 0.5095981876713962 5 17 21.0 0.0 0.5095981876713962 0
21 ec.gp.GPIndividual@599645791{-1814863195} 0.0 15644.0 14578.0 0.07312388530662642 5 17 21.0 0.0 0.07312388530662642 0
21 ec.gp.GPIndividual@599645791{-1814863195} 0.0 12894.0 10861.0 0.1871835005984716 5 17 21.0 0.0 0.1871835005984716 0
21 ec.gp.GPIndividual@599645791{-1814863195} 0.0 12665.0 8160.0 0.5520833333333334 5 17 21.0 0.0 0.5520833333333334 0
21 ec.gp.GPIndividual@599645791{-1814863195} 0.0 13918.0 12802.0 0.08717387908139353 5 17 21.0 0.0 0.08717387908139353 0
21 ec.gp.GPIndividual@599645791{-1814863195} 0.0 12674.0 10087.0 0.2564687221175771 5 17 21.0 0.0 0.2564687221175771 0
21 ec.gp.GPIndividual@599645791{-1814863195} 0.0 12672.0 8317.0 0.5236263075628231 5 17 21.0 0.0 0.5236263075628231 0
21 ec.gp.GPIndividual@124440507{-192168579} 47.0 11217.0 10054.0 0.1156753530932962 5 17 21.0 0.0 0.1156753530932962 0
21 ec.gp.GPIndividual@1925191597{1673743641} 885.0 10141.0 10054.0 0.008653272329421126 5 17 21.0 0.0 0.008653272329421126 0
21 ec.gp.GPIndividual@606232456{-1247129383} 761.0 13477.0 12802.0 0.052726136541165446 5 21 21.0 0.0 0.052726136541165446 0
21 ec.gp.GPIndividual@124440507{-192168579} 321.0 8767.0 8387.0 0.04530821509478956 5 17 21.0 0.0 0.04530821509478956 0
21 ec.gp.GPIndividual@124440507{-192168579} 70.0 15576.0 14578.0 0.06845932226642887 5 17 21.0 0.0 0.06845932226642887 0
21 ec.gp.GPIndividual@124440507{-192168579} 104.0 11312.0 10861.0 0.041524721480526654 5 17 21.0 0.0 0.041524721480526654 0
21 ec.gp.GPIndividual@1925191597{1673743641} 344.0 14256.0 8387.0 0.699773458924526 5 17 21.0 0.0 0.699773458924526 0
21 ec.gp.GPIndividual@1485060214{1614230366} 1564.0 10241.0 10087.0 0.015267175572519083 5 19 21.0 0.0 0.015267175572519083 0
21 ec.gp.GPIndividual@1925191597{1673743641} 77.0 16981.0 14578.0 0.16483742625874606 5 17 21.0 0.0 0.16483742625874606 0
21 ec.gp.GPIndividual@124440507{-192168579} 368.0 8767.0 8160.0 0.07438725490196078 5 17 21.0 0.0 0.07438725490196078 0
21 ec.gp.GPIndividual@124440507{-192168579} 40.0 13918.0 12802.0 0.08717387908139353 5 17 21.0 0.0 0.08717387908139353 0
21 ec.gp.GPIndividual@124440507{-192168579} 147.0 11373.0 10087.0 0.12749082978090612 5 17 21.0 0.0 0.12749082978090612 0
21 ec.gp.GPIndividual@1912369267{1990190598} 1634.0 8328.0 8317.0 0.0013225922808705061 5 17 21.0 0.0 0.0013225922808705061 0
21 ec.gp.GPIndividual@679810295{519136127} 36.0 13102.0 10054.0 0.3031629202307539 5 15 21.0 0.0 0.3031629202307539 0
21 ec.gp.GPIndividual@606232456{-1247129383} 969.0 10087.0 10087.0 0.0 5 21 21.0 0.0 0.0 1
21 ec.gp.GPIndividual@124440507{-192168579} 483.0 8984.0 8317.0 0.0801971864855116 5 17 21.0 0.0 0.0801971864855116 0
21 ec.gp.GPIndividual@679810295{519136127} 330.0 15112.0 8387.0 0.8018361750327888 5 15 21.0 0.0 0.8018361750327888 0
21 ec.gp.GPIndividual@679810295{519136127} 81.0 16873.0 14578.0 0.1574290026066676 5 15 21.0 0.0 0.1574290026066676 0
21 ec.gp.GPIndividual@679810295{519136127} 110.0 12506.0 10861.0 0.1514593499677746 5 15 21.0 0.0 0.1514593499677746 0
21 ec.gp.GPIndividual@1925191597{1673743641} 1126.0 10861.0 10861.0 0.0 5 17 21.0 0.0 0.0 1
21 ec.gp.GPIndividual@679810295{519136127} 436.0 10763.0 8160.0 0.31899509803921566 5 15 21.0 0.0 0.31899509803921566 0
21 ec.gp.GPIndividual@679810295{519136127} 66.0 16012.0 12802.0 0.2507420715513201 5 15 21.0 0.0 0.2507420715513201 0
21 ec.gp.GPIndividual@679810295{519136127} 120.0 11543.0 10087.0 0.1443442054129077 5 15 21.0 0.0 0.1443442054129077 0
21 ec.gp.GPIndividual@1925191597{1673743641} 717.0 8564.0 8160.0 0.049509803921568625 5 17 21.0 0.0 0.049509803921568625 1
21 ec.gp.GPIndividual@1925191597{1673743641} 61.0 15346.0 12802.0 0.19871895016403687 5 17 21.0 0.0 0.19871895016403687 1
21 ec.gp.GPIndividual@679810295{519136127} 372.0 10465.0 8317.0 0.2582662017554407 5 15 21.0 0.0 0.2582662017554407 0
21 ec.gp.GPIndividual@1925191597{1673743641} 765.0 10482.0 10087.0 0.039159313968474274 5 17 21.0 0.0 0.039159313968474274 1
21 ec.gp.GPIndividual@606232456{-1247129383} 2469.0 8328.0 8317.0 0.0013225922808705061 5 21 21.0 0.0 0.0013225922808705061 1
21 ec.gp.GPIndividual@1485060214{1614230366} 3053.0 8328.0 8317.0 0.0013225922808705061 5 19 21.0 0.0 0.0013225922808705061 0
21 ec.gp.GPIndividual@729654546{923715489} 43.0 13102.0 10054.0 0.3031629202307539 5 19 21.0 0.0 0.3031629202307539 0
21 ec.gp.GPIndividual@1519635910{-1612162823} 212.0 10054.0 10054.0 0.0 5 18 21.0 0.0 0.0 1
21 ec.gp.GPIndividual@729654546{923715489} 284.0 11079.0 8387.0 0.3209729343030881 5 19 21.0 0.0 0.3209729343030881 0
21 ec.gp.GPIndividual@729654546{923715489} 81.0 16873.0 14578.0 0.1574290026066676 5 19 21.0 0.0 0.1574290026066676 0
21 ec.gp.GPIndividual@729654546{923715489} 108.0 12506.0 10861.0 0.1514593499677746 5 19 21.0 0.0 0.1514593499677746 0
21 ec.gp.GPIndividual@729654546{923715489} 439.0 10763.0 8160.0 0.31899509803921566 5 19 21.0 0.0 0.31899509803921566 0
21 ec.gp.GPIndividual@1519635910{-1612162823} 831.0 8560.0 8387.0 0.020627161082627875 5 18 21.0 0.0 0.020627161082627875 1
21 ec.gp.GPIndividual@729654546{923715489} 71.0 16012.0 12802.0 0.2507420715513201 5 19 21.0 0.0 0.2507420715513201 0
21 ec.gp.GPIndividual@729654546{923715489} 117.0 11543.0 10087.0 0.1443442054129077 5 19 21.0 0.0 0.1443442054129077 0
21 ec.gp.GPIndividual@729654546{923715489} 358.0 10465.0 8317.0 0.2582662017554407 5 19 21.0 0.0 0.2582662017554407 0
21 ec.gp.GPIndividual@1925191597{1673743641} 3080.0 8328.0 8317.0 0.0013225922808705061 5 17 21.0 0.0 0.0013225922808705061 1
21 ec.gp.GPIndividual@1002089272{1600144088} 1410.0 10141.0 10054.0 0.008653272329421126 5 21 21.0 0.0 0.008653272329421126 0
21 ec.gp.GPIndividual@699606551{1221105297} 809.0 10141.0 10054.0 0.008653272329421126 4 15 21.0 0.0 0.008653272329421126 0
21 ec.gp.GPIndividual@1002089272{1600144088} 643.0 8767.0 8387.0 0.04530821509478956 5 21 21.0 0.0 0.04530821509478956 0
21 ec.gp.GPIndividual@1002089272{1600144088} 184.0 15613.0 14578.0 0.07099739333241871 5 21 21.0 0.0 0.07099739333241871 0
21 ec.gp.GPIndividual@1002089272{1600144088} 1624.0 11066.0 10861.0 0.018874873400239387 5 21 21.0 0.0 0.018874873400239387 0
21 ec.gp.GPIndividual@1519635910{-1612162823} 4406.0 14697.0 14578.0 0.008162985320345727 5 18 21.0 0.0 0.008162985320345727 1
21 ec.gp.GPIndividual@699606551{1221105297} 2222.0 8528.0 8387.0 0.016811732443066652 4 15 21.0 0.0 0.016811732443066652 0
21 ec.gp.GPIndividual@1002089272{1600144088} 451.0 10033.0 8160.0 0.22953431372549019 5 21 21.0 0.0 0.22953431372549019 0
21 ec.gp.GPIndividual@1519635910{-1612162823} 406.0 11658.0 10861.0 0.07338182487800386 5 18 21.0 0.0 0.07338182487800386 1
21 ec.gp.GPIndividual@699606551{1221105297} 136.0 15613.0 14578.0 0.07099739333241871 4 15 21.0 0.0 0.07099739333241871 0
21 ec.gp.GPIndividual@1519635910{-1612162823} 2562.0 8347.0 8160.0 0.022916666666666665 5 18 21.0 0.0 0.022916666666666665 1
21 ec.gp.GPIndividual@699606551{1221105297} 2615.0 11066.0 10861.0 0.018874873400239387 4 15 21.0 0.0 0.018874873400239387 0
21 ec.gp.GPIndividual@1002089272{1600144088} 2752.0 12802.0 12802.0 0.0 5 21 21.0 0.0 0.0 1
21 ec.gp.GPIndividual@699606551{1221105297} 656.0 10033.0 8160.0 0.22953431372549019 4 15 21.0 0.0 0.22953431372549019 0
21 ec.gp.GPIndividual@1002089272{1600144088} 624.0 10087.0 10087.0 0.0 5 21 21.0 0.0 0.0 2
21 ec.gp.GPIndividual@1519635910{-1612162823} 876.0 12802.0 12802.0 0.0 5 18 21.0 0.0 0.0 2
21 ec.gp.GPIndividual@1519635910{-1612162823} 545.0 10383.0 10087.0 0.02934470110042629 5 18 21.0 0.0 0.02934470110042629 2
21 ec.gp.GPIndividual@699606551{1221105297} 728.0 13012.0 12802.0 0.016403686923918137 4 15 21.0 0.0 0.016403686923918137 0
21 ec.gp.GPIndividual@1002089272{1600144088} 711.0 8328.0 8317.0 0.0013225922808705061 5 21 21.0 0.0 0.0013225922808705061 2
21 ec.gp.GPIndividual@1470258574{664513076} 0.0 105260.0 10054.0 0.8563755719116769 1 1 21.0 0.0 0.8563755719116769 0
21 ec.gp.GPIndividual@1470258574{664513076} 0.0 105260.0 8387.0 0.8278287826397996 1 1 21.0 0.0 0.8278287826397996 0
21 ec.gp.GPIndividual@1470258574{664513076} 0.0 105260.0 14578.0 0.9009466319110989 1 1 21.0 0.0 0.9009466319110989 0
21 ec.gp.GPIndividual@1470258574{664513076} 0.0 105260.0 10861.0 0.8670472332197772 1 1 21.0 0.0 0.8670472332197772 0
21 ec.gp.GPIndividual@1470258574{664513076} 0.0 105260.0 8160.0 0.8230392156862745 1 1 21.0 0.0 0.8230392156862745 0
21 ec.gp.GPIndividual@1470258574{664513076} 0.0 105260.0 12802.0 0.8872051241993438 1 1 21.0 0.0 0.8872051241993438 0
21 ec.gp.GPIndividual@1470258574{664513076} 0.0 105260.0 10087.0 0.8568454446317042 1 1 21.0 0.0 0.8568454446317042 0
21 ec.gp.GPIndividual@1470258574{664513076} 0.0 105260.0 8317.0 0.8263797042202717 1 1 21.0 0.0 0.8263797042202717 0
21 ec.gp.GPIndividual@1519635910{-1612162823} 4424.0 8328.0 8317.0 0.0013225922808705061 5 18 21.0 0.0 0.0013225922808705061 2
21 ec.gp.GPIndividual@699606551{1221105297} 4645.0 10087.0 10087.0 0.0 4 15 21.0 0.0 0.0 1
21 ec.gp.GPIndividual@699606551{1221105297} 8784.0 8328.0 8317.0 0.0013225922808705061 4 15 21.0 0.0 0.0013225922808705061 1
22 ec.gp.GPIndividual@135390634{917948461} 0.0 105260.0 10054.0 0.8563755719116769 1 1 21.0 0.0 0.8563755719116769 0
22 ec.gp.GPIndividual@134835633{1813335077} 0.0 94780.0 10054.0 0.811816192560175 3 7 21.0 0.0 0.811816192560175 0
22 ec.gp.GPIndividual@135390634{917948461} 0.0 105260.0 8387.0 0.8278287826397996 1 1 21.0 0.0 0.8278287826397996 0
22 ec.gp.GPIndividual@135390634{917948461} 0.0 105260.0 14578.0 0.9009466319110989 1 1 21.0 0.0 0.9009466319110989 0
22 ec.gp.GPIndividual@134835633{1813335077} 0.0 94780.0 8387.0 0.7744127816859425 3 7 21.0 0.0 0.7744127816859425 0
22 ec.gp.GPIndividual@135390634{917948461} 0.0 105260.0 10861.0 0.8670472332197772 22 ec.gp.GPIndividual@134835633{1813335077} 1 1 21.0 0.0 0.0 0.8670472332197772 0
94954.0 14578.0 0.8582795993963507 3 7 21.0 0.0 0.8582795993963507 0
22 ec.gp.GPIndividual@135390634{917948461} 0.0 105260.0 8160.0 0.8230392156862745 1 1 21.0 0.0 0.8230392156862745 0
22 ec.gp.GPIndividual@135390634{917948461} 0.0 105260.0 12802.0 0.8872051241993438 1 1 21.0 0.0 0.8872051241993438 0
22 ec.gp.GPIndividual@134835633{1813335077} 0.0 94780.0 10861.0 0.8257987293987662 3 7 21.0 0.0 0.8257987293987662 0
22 ec.gp.GPIndividual@135390634{917948461} 0.0 105260.0 10087.0 0.8568454446317042 1 1 21.0 0.0 0.8568454446317042 0
22 ec.gp.GPIndividual@135390634{917948461} 0.0 105260.0 8317.0 0.8263797042202717 1 1 21.0 0.0 0.8263797042202717 0
22 ec.gp.GPIndividual@134835633{1813335077} 0.0 94780.0 8160.0 0.7681372549019608 3 7 21.0 0.0 0.7681372549019608 0
22 ec.gp.GPIndividual@134835633{1813335077} 0.0 94780.0 12802.0 0.8522105920949852 3 7 21.0 0.0 0.8522105920949852 0
22 ec.gp.GPIndividual@134835633{1813335077} 0.0 94780.0 10087.0 0.8124318429661941 3 7 21.0 0.0 0.8124318429661941 0
22 ec.gp.GPIndividual@134835633{1813335077} 0.0 94780.0 8317.0 0.772514127690273 3 7 21.0 0.0 0.772514127690273 0
22 ec.gp.GPIndividual@1695408361{1801589874} 0.0 105260.0 10054.0 0.8563755719116769 1 1 21.0 0.0 0.8563755719116769 0
22 ec.gp.GPIndividual@1695408361{1801589874} 0.0 105260.0 8387.0 0.8278287826397996 1 1 21.0 0.0 0.8278287826397996 0
22 ec.gp.GPIndividual@1695408361{1801589874} 0.0 105260.0 14578.0 0.9009466319110989 1 1 21.0 0.0 0.9009466319110989 0
22 ec.gp.GPIndividual@1695408361{1801589874} 0.0 105260.0 10861.0 0.8670472332197772 1 1 21.0 0.0 0.8670472332197772 0
22 ec.gp.GPIndividual@1695408361{1801589874} 0.0 105260.0 8160.0 0.8230392156862745 1 1 21.0 0.0 0.8230392156862745 0
22 ec.gp.GPIndividual@1695408361{1801589874} 0.0 105260.0 12802.0 0.8872051241993438 1 1 21.0 0.0 0.8872051241993438 0
22 ec.gp.GPIndividual@1695408361{1801589874} 0.0 105260.0 10087.0 0.8568454446317042 1 1 21.0 0.0 0.8568454446317042 0
22 ec.gp.GPIndividual@1695408361{1801589874} 0.0 105260.0 8317.0 0.8263797042202717 1 1 21.0 0.0 0.8263797042202717 0
22 ec.gp.GPIndividual@1246024757{999108415} 1.0 14231.0 10054.0 0.41545653471255223 5 9 21.0 0.0 0.41545653471255223 0
22 ec.gp.GPIndividual@1246024757{999108415} 1.0 14218.0 8387.0 0.6952426374150471 5 9 21.0 0.0 0.6952426374150471 0
22 ec.gp.GPIndividual@1246024757{999108415} 1.0 16981.0 14578.0 0.16483742625874606 5 9 21.0 0.0 0.16483742625874606 0
22 ec.gp.GPIndividual@1246024757{999108415} 1.0 14130.0 10861.0 0.30098517631893934 5 9 21.0 0.0 0.30098517631893934 0
22 ec.gp.GPIndividual@1246024757{999108415} 1.0 14122.0 8160.0 0.7306372549019607 5 9 21.0 0.0 0.7306372549019607 0
22 ec.gp.GPIndividual@1246024757{999108415} 1.0 15346.0 12802.0 0.19871895016403687 5 9 21.0 0.0 0.19871895016403687 0
22 ec.gp.GPIndividual@1246024757{999108415} 1.0 14130.0 10087.0 0.4008129275304848 5 9 21.0 0.0 0.4008129275304848 0
22 ec.gp.GPIndividual@1246024757{999108415} 1.0 14422.0 8317.0 0.734038715883131 5 9 21.0 0.0 0.734038715883131 0
22 ec.gp.GPIndividual@659816523{1727624353} 44.0 14917.0 10054.0 0.48368808434453947 5 15 21.0 0.0 0.48368808434453947 0
22 ec.gp.GPIndividual@944496559{2003198281} 42.0 10822.0 10054.0 0.07638750745971752 5 15 21.0 0.0 0.07638750745971752 0
22 ec.gp.GPIndividual@1528093485{-337764983} 88.0 11217.0 10054.0 0.1156753530932962 5 19 21.0 0.0 0.1156753530932962 0
22 ec.gp.GPIndividual@843884279{-592765558} 261.0 10054.0 10054.0 0.0 5 19 21.0 0.0 0.0 1
22 ec.gp.GPIndividual@1399143903{-895404594} 304.0 10959.0 10054.0 0.09001392480604735 5 17 21.0 0.0 0.09001392480604735 0
22 ec.gp.GPIndividual@659816523{1727624353} 283.0 16464.0 8387.0 0.9630380350542507 5 15 21.0 0.0 0.9630380350542507 0
22 ec.gp.GPIndividual@944496559{2003198281} 288.0 18390.0 8387.0 1.1926791462978419 5 15 21.0 0.0 1.1926791462978419 0
22 ec.gp.GPIndividual@1528093485{-337764983} 288.0 15112.0 8387.0 0.8018361750327888 5 19 21.0 0.0 0.8018361750327888 0
22 ec.gp.GPIndividual@659816523{1727624353} 87.0 18316.0 14578.0 0.25641377418027167 5 15 21.0 0.0 0.25641377418027167 0
22 ec.gp.GPIndividual@944496559{2003198281} 74.0 18619.0 14578.0 0.2771985183152696 5 15 21.0 0.0 0.2771985183152696 0
22 ec.gp.GPIndividual@773621892{576055012} 429.0 10959.0 10054.0 0.09001392480604735 5 13 21.0 0.0 0.09001392480604735 0
22 ec.gp.GPIndividual@659816523{1727624353} 120.0 14179.0 10861.0 0.3054967314243624 5 15 21.0 0.0 0.3054967314243624 0
22 ec.gp.GPIndividual@1528093485{-337764983} 176.0 15788.0 14578.0 0.08300178350939773 5 19 21.0 0.0 0.08300178350939773 0
22 ec.gp.GPIndividual@1399143903{-895404594} 302.0 19584.0 8387.0 1.3350423274114702 5 17 21.0 0.0 1.3350423274114702 0
22 ec.gp.GPIndividual@944496559{2003198281} 212.0 12100.0 10861.0 0.11407789337998343 5 15 21.0 0.0 0.11407789337998343 0
22 ec.gp.GPIndividual@1399143903{-895404594} 72.0 19584.0 14578.0 0.3433941555768967 5 17 21.0 0.0 0.3433941555768967 0
22 ec.gp.GPIndividual@1528093485{-337764983} 263.0 11280.0 10861.0 0.03857839977902587 5 19 21.0 0.0 0.03857839977902587 0
22 ec.gp.GPIndividual@659816523{1727624353} 562.0 12618.0 8160.0 0.5463235294117647 5 15 21.0 0.0 0.5463235294117647 0
22 ec.gp.GPIndividual@773621892{576055012} 673.0 8767.0 8387.0 0.04530821509478956 5 13 21.0 0.0 0.04530821509478956 0
22 ec.gp.GPIndividual@944496559{2003198281} 511.0 10033.0 8160.0 0.22953431372549019 5 15 21.0 0.0 0.22953431372549019 0
22 ec.gp.GPIndividual@659816523{1727624353} 55.0 17091.0 12802.0 0.33502577722230903 5 15 21.0 0.0 0.33502577722230903 0
22 ec.gp.GPIndividual@944496559{2003198281} 40.0 18424.0 12802.0 0.4391501327917513 5 15 21.0 0.0 0.4391501327917513 0
22 ec.gp.GPIndividual@659816523{1727624353} 131.0 13499.0 10087.0 0.3382571626846436 5 15 21.0 0.0 0.3382571626846436 0
22 ec.gp.GPIndividual@944496559{2003198281} 318.0 11159.0 10087.0 0.10627540398532764 5 15 21.0 0.0 0.10627540398532764 0
22 ec.gp.GPIndividual@1399143903{-895404594} 862.0 10960.0 10861.0 0.009115182764018046 5 17 21.0 0.0 0.009115182764018046 0
22 ec.gp.GPIndividual@659816523{1727624353} 452.0 12421.0 8317.0 0.49344715642659615 5 15 21.0 0.0 0.49344715642659615 0
22 ec.gp.GPIndividual@1528093485{-337764983} 1044.0 10033.0 8160.0 0.22953431372549019 5 19 21.0 0.0 0.22953431372549019 0
22 ec.gp.GPIndividual@1528093485{-337764983} 69.0 16012.0 12802.0 0.2507420715513201 5 19 21.0 0.0 0.2507420715513201 0
22 ec.gp.GPIndividual@944496559{2003198281} 557.0 8328.0 8317.0 0.0013225922808705061 5 15 21.0 0.0 0.0013225922808705061 0
22 ec.gp.GPIndividual@843884279{-592765558} 1859.0 8528.0 8387.0 0.016811732443066652 5 19 21.0 0.0 0.016811732443066652 1
22 ec.gp.GPIndividual@427633746{-1009232546} 411.0 10449.0 10054.0 0.03928784563357868 5 23 21.0 0.0 0.03928784563357868 0
22 ec.gp.GPIndividual@1528093485{-337764983} 265.0 10974.0 10087.0 0.08793496579756122 5 19 21.0 0.0 0.08793496579756122 0
22 ec.gp.GPIndividual@142132527{-1574761040} 197.0 10959.0 10054.0 0.09001392480604735 5 16 21.0 0.0 0.09001392480604735 0
22 ec.gp.GPIndividual@1399143903{-895404594} 830.0 12345.0 8160.0 0.5128676470588235 5 17 21.0 0.0 0.5128676470588235 0
22 ec.gp.GPIndividual@1399143903{-895404594} 43.0 19584.0 12802.0 0.52976097484768 5 17 21.0 0.0 0.52976097484768 0
22 ec.gp.GPIndividual@773621892{576055012} 1446.0 15053.0 14578.0 0.03258334476608588 5 13 21.0 0.0 0.03258334476608588 0
22 ec.gp.GPIndividual@142132527{-1574761040} 298.0 13517.0 8387.0 0.611660903779659 5 16 21.0 0.0 0.611660903779659 0
22 ec.gp.GPIndividual@1399143903{-895404594} 186.0 11590.0 10087.0 0.14900366808763754 5 17 21.0 0.0 0.14900366808763754 0
22 ec.gp.GPIndividual@843884279{-592765558} 560.0 15186.0 14578.0 0.04170668130058993 5 19 21.0 0.0 0.04170668130058993 1
22 ec.gp.GPIndividual@142132527{-1574761040} 182.0 15549.0 14578.0 0.06660721635340924 5 16 21.0 0.0 0.06660721635340924 0
22 ec.gp.GPIndividual@142132527{-1574761040} 296.0 11066.0 10861.0 0.018874873400239387 5 16 21.0 0.0 0.018874873400239387 0
22 ec.gp.GPIndividual@1528093485{-337764983} 858.0 8328.0 8317.0 0.0013225922808705061 5 19 21.0 0.0 0.0013225922808705061 0
22 ec.gp.GPIndividual@773621892{576055012} 801.0 11066.0 10861.0 0.018874873400239387 5 13 21.0 0.0 0.018874873400239387 0
22 ec.gp.GPIndividual@843884279{-592765558} 687.0 11247.0 10861.0 0.03554000552435319 5 19 21.0 0.0 0.03554000552435319 1
22 ec.gp.GPIndividual@1773354422{184239746} 332.0 10959.0 10054.0 0.09001392480604735 5 21 21.0 0.0 0.09001392480604735 0
22 ec.gp.GPIndividual@1399143903{-895404594} 816.0 10465.0 8317.0 0.2582662017554407 5 17 21.0 0.0 0.2582662017554407 0
22 ec.gp.GPIndividual@400308104{1656665132} 228.0 10959.0 10054.0 0.09001392480604735 5 19 21.0 0.0 0.09001392480604735 0
22 ec.gp.GPIndividual@427633746{-1009232546} 1515.0 8560.0 8387.0 0.020627161082627875 5 23 21.0 0.0 0.020627161082627875 0
22 ec.gp.GPIndividual@1773354422{184239746} 283.0 19584.0 8387.0 1.3350423274114702 5 21 21.0 0.0 1.3350423274114702 0
22 ec.gp.GPIndividual@1773354422{184239746} 87.0 19584.0 14578.0 0.3433941555768967 5 21 21.0 0.0 0.3433941555768967 0
22 ec.gp.GPIndividual@142132527{-1574761040} 837.0 8564.0 8160.0 0.049509803921568625 5 16 21.0 0.0 0.049509803921568625 0
22 ec.gp.GPIndividual@773621892{576055012} 530.0 10033.0 8160.0 0.22953431372549019 5 13 21.0 0.0 0.22953431372549019 0
22 ec.gp.GPIndividual@427633746{-1009232546} 229.0 15549.0 14578.0 0.06660721635340924 5 23 21.0 0.0 0.06660721635340924 0
22 ec.gp.GPIndividual@142132527{-1574761040} 157.0 13688.0 12802.0 0.06920793625995939 5 16 21.0 0.0 0.06920793625995939 0
22 ec.gp.GPIndividual@843884279{-592765558} 825.0 8347.0 8160.0 0.022916666666666665 5 19 21.0 0.0 0.022916666666666665 1
22 ec.gp.GPIndividual@427633746{-1009232546} 313.0 11066.0 10861.0 0.018874873400239387 5 23 21.0 0.0 0.018874873400239387 0
22 ec.gp.GPIndividual@142132527{-1574761040} 258.0 10597.0 10087.0 0.05056012689600476 5 16 21.0 0.0 0.05056012689600476 0
22 ec.gp.GPIndividual@427633746{-1009232546} 1200.0 8446.0 8160.0 0.03504901960784314 5 23 21.0 0.0 0.03504901960784314 0
22 ec.gp.GPIndividual@142132527{-1574761040} 1193.0 8328.0 8317.0 0.0013225922808705061 5 16 21.0 0.0 0.0013225922808705061 0
22 ec.gp.GPIndividual@427633746{-1009232546} 82.0 14590.0 12802.0 0.13966567723793158 5 23 21.0 0.0 0.13966567723793158 0
22 ec.gp.GPIndividual@773621892{576055012} 1626.0 12802.0 12802.0 0.0 5 13 21.0 0.0 0.0 1
22 ec.gp.GPIndividual@1773354422{184239746} 1860.0 11066.0 10861.0 0.018874873400239387 5 21 21.0 0.0 0.018874873400239387 0
22 ec.gp.GPIndividual@400308104{1656665132} 2001.0 8767.0 8387.0 0.04530821509478956 5 19 21.0 0.0 0.04530821509478956 0
22 ec.gp.GPIndividual@256073023{1818119024} 197.0 10959.0 10054.0 0.09001392480604735 5 19 21.0 0.0 0.09001392480604735 0
22 ec.gp.GPIndividual@843884279{-592765558} 1516.0 12802.0 12802.0 0.0 5 19 21.0 0.0 0.0 2
22 ec.gp.GPIndividual@773621892{576055012} 418.0 10555.0 10087.0 0.04639635173986319 5 13 21.0 0.0 0.04639635173986319 1
22 ec.gp.GPIndividual@843884279{-592765558} 266.0 11590.0 10087.0 0.14900366808763754 5 19 21.0 0.0 0.14900366808763754 2
22 ec.gp.GPIndividual@427633746{-1009232546} 1498.0 10300.0 10087.0 0.02111628829186081 5 23 21.0 0.0 0.02111628829186081 0
22 ec.gp.GPIndividual@843884279{-592765558} 1020.0 8328.0 8317.0 0.0013225922808705061 5 19 21.0 0.0 0.0013225922808705061 2
22 ec.gp.GPIndividual@19128518{1673743641} 0.0 104262.0 10054.0 0.9556395464491745 5 17 21.0 0.0 0.9556395464491745 0
22 ec.gp.GPIndividual@19128518{1673743641} 0.0 104262.0 8387.0 0.9468224633361154 5 17 21.0 0.0 0.9468224633361154 0
22 ec.gp.GPIndividual@19128518{1673743641} 0.0 104262.0 14578.0 0.9694059541775277 5 17 21.0 0.0 0.9694059541775277 0
22 ec.gp.GPIndividual@19128518{1673743641} 0.0 104262.0 10861.0 0.9589356412853328 5 17 21.0 0.0 0.9589356412853328 0
22 ec.gp.GPIndividual@19128518{1673743641} 0.0 104262.0 8160.0 0.9453431372549019 5 17 21.0 0.0 0.9453431372549019 0
22 ec.gp.GPIndividual@19128518{1673743641} 0.0 104262.0 12802.0 0.9651616934853929 5 17 21.0 0.0 0.9651616934853929 0
22 ec.gp.GPIndividual@19128518{1673743641} 0.0 104262.0 10087.0 0.9557846733419253 5 17 21.0 0.0 0.9557846733419253 0
22 ec.gp.GPIndividual@19128518{1673743641} 0.0 104262.0 8317.0 0.9463748947937959 5 17 21.0 0.0 0.9463748947937959 0
22 ec.gp.GPIndividual@323909497{-2120089587} 45.0 13102.0 10054.0 0.3031629202307539 5 9 21.0 0.0 0.3031629202307539 0
22 ec.gp.GPIndividual@773621892{576055012} 1206.0 8328.0 8317.0 0.0013225922808705061 5 13 21.0 0.0 0.0013225922808705061 1
22 ec.gp.GPIndividual@323909497{-2120089587} 269.0 15112.0 8387.0 0.8018361750327888 5 9 21.0 0.0 0.8018361750327888 0
22 ec.gp.GPIndividual@1773354422{184239746} 1702.0 8347.0 8160.0 0.022916666666666665 5 21 21.0 0.0 0.022916666666666665 0
22 ec.gp.GPIndividual@1754262880{326407086} 217.0 10054.0 10054.0 0.0 5 20 21.0 0.0 0.0 1
22 ec.gp.GPIndividual@323909497{-2120089587} 68.0 16981.0 14578.0 0.16483742625874606 5 9 21.0 0.0 0.16483742625874606 0
22 ec.gp.GPIndividual@323909497{-2120089587} 132.0 12506.0 10861.0 0.1514593499677746 5 9 21.0 0.0 0.1514593499677746 0
22 ec.gp.GPIndividual@323909497{-2120089587} 513.0 10763.0 8160.0 0.31899509803921566 5 9 21.0 0.0 0.31899509803921566 0
22 ec.gp.GPIndividual@1754262880{326407086} 688.0 8624.0 8387.0 0.028258018361750327 5 20 21.0 0.0 0.028258018361750327 1
22 ec.gp.GPIndividual@323909497{-2120089587} 41.0 16012.0 12802.0 0.2507420715513201 5 9 21.0 0.0 0.2507420715513201 0
22 ec.gp.GPIndividual@1773354422{184239746} 794.0 13012.0 12802.0 0.016403686923918137 5 21 21.0 0.0 0.016403686923918137 0
22 ec.gp.GPIndividual@427633746{-1009232546} 1156.0 8328.0 8317.0 0.0013225922808705061 5 23 21.0 0.0 0.0013225922808705061 0
22 ec.gp.GPIndividual@323909497{-2120089587} 145.0 11543.0 10087.0 0.1443442054129077 5 9 21.0 0.0 0.1443442054129077 0
22 ec.gp.GPIndividual@400308104{1656665132} 2591.0 14697.0 14578.0 0.008162985320345727 5 19 21.0 0.0 0.008162985320345727 0
22 ec.gp.GPIndividual@256073023{1818119024} 2709.0 8528.0 8387.0 0.016811732443066652 5 19 21.0 0.0 0.016811732443066652 0
22 ec.gp.GPIndividual@1773354422{184239746} 343.0 11159.0 10087.0 0.10627540398532764 5 21 21.0 0.0 0.10627540398532764 0
22 ec.gp.GPIndividual@323909497{-2120089587} 468.0 10465.0 8317.0 0.2582662017554407 5 9 21.0 0.0 0.2582662017554407 0
22 ec.gp.GPIndividual@1773354422{184239746} 1204.0 8328.0 8317.0 0.0013225922808705061 5 21 21.0 0.0 0.0013225922808705061 0
22 ec.gp.GPIndividual@615598585{753425794} 0.0 104262.0 10054.0 0.9556395464491745 1 1 21.0 0.0 0.9556395464491745 0
22 ec.gp.GPIndividual@615598585{753425794} 0.0 104262.0 8387.0 0.9468224633361154 1 1 21.0 0.0 0.9468224633361154 0
22 ec.gp.GPIndividual@615598585{753425794} 0.0 104262.0 14578.0 0.9694059541775277 1 1 21.0 0.0 0.9694059541775277 0
22 ec.gp.GPIndividual@615598585{753425794} 0.0 104262.0 10861.0 0.9589356412853328 1 1 21.0 0.0 0.9589356412853328 0
22 ec.gp.GPIndividual@615598585{753425794} 0.0 104262.0 8160.0 0.9453431372549019 1 1 21.0 0.0 0.9453431372549019 0
22 ec.gp.GPIndividual@615598585{753425794} 0.0 104262.0 12802.0 0.9651616934853929 1 1 21.0 0.0 0.9651616934853929 0
22 ec.gp.GPIndividual@615598585{753425794} 0.0 104262.0 10087.0 0.9557846733419253 1 1 21.0 0.0 0.9557846733419253 0
22 ec.gp.GPIndividual@615598585{753425794} 0.0 104262.0 8317.0 0.9463748947937959 1 1 21.0 0.0 0.9463748947937959 0
22 ec.gp.GPIndividual@1979145667{1096608486} 0.0 104262.0 10054.0 0.9556395464491745 1 1 21.0 0.0 0.9556395464491745 0
22 ec.gp.GPIndividual@1979145667{1096608486} 0.0 104262.0 8387.0 0.9468224633361154 1 1 21.0 0.0 0.9468224633361154 0
22 ec.gp.GPIndividual@1979145667{1096608486} 0.0 104262.0 14578.0 0.9694059541775277 1 1 21.0 0.0 0.9694059541775277 0
22 ec.gp.GPIndividual@1979145667{1096608486} 0.0 104262.0 10861.0 0.9589356412853328 1 1 21.0 0.0 0.9589356412853328 0
22 ec.gp.GPIndividual@1979145667{1096608486} 0.0 104262.0 8160.0 0.9453431372549019 1 1 21.0 0.0 0.9453431372549019 0
22 ec.gp.GPIndividual@1979145667{1096608486} 0.0 104262.0 12802.0 0.9651616934853929 1 1 21.0 0.0 0.9651616934853929 0
22 ec.gp.GPIndividual@1979145667{1096608486} 0.0 104262.0 10087.0 0.9557846733419253 1 1 21.0 0.0 0.9557846733419253 0
22 ec.gp.GPIndividual@1979145667{1096608486} 0.0 104262.0 8317.0 0.9463748947937959 1 1 21.0 0.0 0.9463748947937959 0
22 ec.gp.GPIndividual@138886627{-1804739167} 36.0 11217.0 10054.0 0.1156753530932962 5 21 21.0 0.0 0.1156753530932962 0
22 ec.gp.GPIndividual@256073023{1818119024} 1340.0 14697.0 14578.0 0.008162985320345727 5 19 21.0 0.0 0.008162985320345727 0
22 ec.gp.GPIndividual@81627042{1600144088} 1671.0 10141.0 10054.0 0.008653272329421126 5 21 21.0 0.0 0.008653272329421126 0
22 ec.gp.GPIndividual@138886627{-1804739167} 326.0 13517.0 8387.0 0.611660903779659 5 21 21.0 0.0 0.611660903779659 0
22 ec.gp.GPIndividual@400308104{1656665132} 1795.0 11063.0 10861.0 0.01859865574072369 5 19 21.0 0.0 0.01859865574072369 0
22 ec.gp.GPIndividual@138886627{-1804739167} 72.0 15644.0 14578.0 0.07312388530662642 5 21 21.0 0.0 0.07312388530662642 0
22 ec.gp.GPIndividual@1754262880{326407086} 2061.0 15186.0 14578.0 0.04170668130058993 5 20 21.0 0.0 0.04170668130058993 1
22 ec.gp.GPIndividual@138886627{-1804739167} 117.0 11280.0 10861.0 0.03857839977902587 5 21 21.0 0.0 0.03857839977902587 0
22 ec.gp.GPIndividual@256073023{1818119024} 497.0 11066.0 10861.0 0.018874873400239387 5 19 21.0 0.0 0.018874873400239387 0
22 ec.gp.GPIndividual@138886627{-1804739167} 502.0 8564.0 8160.0 0.049509803921568625 5 21 21.0 0.0 0.049509803921568625 0
22 ec.gp.GPIndividual@256073023{1818119024} 515.0 8564.0 8160.0 0.049509803921568625 5 19 21.0 0.0 0.049509803921568625 0
22 ec.gp.GPIndividual@138886627{-1804739167} 52.0 14590.0 12802.0 0.13966567723793158 5 21 21.0 0.0 0.13966567723793158 0
22 ec.gp.GPIndividual@138886627{-1804739167} 122.0 10974.0 10087.0 0.08793496579756122 5 21 21.0 0.0 0.08793496579756122 0
22 ec.gp.GPIndividual@138886627{-1804739167} 415.0 8328.0 8317.0 0.0013225922808705061 5 21 21.0 0.0 0.0013225922808705061 0
22 ec.gp.GPIndividual@2020212688{-695489927} 226.0 10054.0 10054.0 0.0 5 21 21.0 0.0 0.0 1
22 ec.gp.GPIndividual@81627042{1600144088} 2053.0 8528.0 8387.0 0.016811732443066652 5 21 21.0 0.0 0.016811732443066652 0
22 ec.gp.GPIndividual@400308104{1656665132} 1836.0 8347.0 8160.0 0.022916666666666665 5 19 21.0 0.0 0.022916666666666665 0
22 ec.gp.GPIndividual@400308104{1656665132} 63.0 16012.0 12802.0 0.2507420715513201 5 19 21.0 0.0 0.2507420715513201 0
22 ec.gp.GPIndividual@256073023{1818119024} 1308.0 12802.0 12802.0 0.0 5 19 21.0 0.0 0.0 1
22 ec.gp.GPIndividual@1754262880{326407086} 2151.0 11063.0 10861.0 0.01859865574072369 5 20 21.0 0.0 0.01859865574072369 1
22 ec.gp.GPIndividual@81627042{1600144088} 1394.0 15053.0 14578.0 0.03258334476608588 5 21 21.0 0.0 0.03258334476608588 0
22 ec.gp.GPIndividual@2020212688{-695489927} 1760.0 8624.0 8387.0 0.028258018361750327 5 21 21.0 0.0 0.028258018361750327 1
22 ec.gp.GPIndividual@400308104{1656665132} 1378.0 10405.0 10087.0 0.03152572618221473 5 19 21.0 0.0 0.03152572618221473 0
22 ec.gp.GPIndividual@1754262880{326407086} 1188.0 8347.0 8160.0 0.022916666666666665 5 20 21.0 0.0 0.022916666666666665 1
22 ec.gp.GPIndividual@81627042{1600144088} 194.0 12610.0 10861.0 0.16103489549765215 5 21 21.0 0.0 0.16103489549765215 0
22 ec.gp.GPIndividual@400308104{1656665132} 1130.0 8328.0 8317.0 0.0013225922808705061 5 19 21.0 0.0 0.0013225922808705061 0
22 ec.gp.GPIndividual@81627042{1600144088} 1032.0 8347.0 8160.0 0.022916666666666665 5 21 21.0 0.0 0.022916666666666665 0
22 ec.gp.GPIndividual@81627042{1600144088} 85.0 19584.0 12802.0 0.52976097484768 5 21 21.0 0.0 0.52976097484768 0
22 ec.gp.GPIndividual@1754262880{326407086} 1141.0 12802.0 12802.0 0.0 5 20 21.0 0.0 0.0 2
22 ec.gp.GPIndividual@256073023{1818119024} 2594.0 10241.0 10087.0 0.015267175572519083 5 19 21.0 0.0 0.015267175572519083 1
22 ec.gp.GPIndividual@2020212688{-695489927} 1436.0 15194.0 14578.0 0.04225545342296611 5 21 21.0 0.0 0.04225545342296611 1
22 ec.gp.GPIndividual@1754262880{326407086} 1830.0 10087.0 10087.0 0.0 5 20 21.0 0.0 0.0 3
22 ec.gp.GPIndividual@81627042{1600144088} 1896.0 10087.0 10087.0 0.0 5 21 21.0 0.0 0.0 1
22 ec.gp.GPIndividual@256073023{1818119024} 1849.0 8328.0 8317.0 0.0013225922808705061 5 19 21.0 0.0 0.0013225922808705061 1
22 ec.gp.GPIndividual@1674237342{-1152303282} 0.0 12674.0 10054.0 0.2605927988860155 5 15 21.0 0.0 0.2605927988860155 0
22 ec.gp.GPIndividual@1674237342{-1152303282} 0.0 12661.0 8387.0 0.5095981876713962 5 15 21.0 0.0 0.5095981876713962 0
22 ec.gp.GPIndividual@1674237342{-1152303282} 0.0 15644.0 14578.0 0.07312388530662642 5 15 21.0 0.0 0.07312388530662642 0
22 ec.gp.GPIndividual@1674237342{-1152303282} 0.0 12894.0 10861.0 0.1871835005984716 5 15 21.0 0.0 0.1871835005984716 0
22 ec.gp.GPIndividual@1674237342{-1152303282} 0.0 12665.0 8160.0 0.5520833333333334 5 15 21.0 0.0 0.5520833333333334 0
22 ec.gp.GPIndividual@1674237342{-1152303282} 0.0 13918.0 12802.0 0.08717387908139353 5 15 21.0 0.0 0.08717387908139353 0
22 ec.gp.GPIndividual@1674237342{-1152303282} 0.0 12674.0 10087.0 0.2564687221175771 5 15 21.0 0.0 0.2564687221175771 0
22 ec.gp.GPIndividual@1674237342{-1152303282} 0.0 12672.0 8317.0 0.5236263075628231 5 15 21.0 0.0 0.5236263075628231 0
22 ec.gp.GPIndividual@2020212688{-695489927} 1789.0 11066.0 10861.0 0.018874873400239387 5 21 21.0 0.0 0.018874873400239387 1
22 ec.gp.GPIndividual@81627042{1600144088} 2064.0 8328.0 8317.0 0.0013225922808705061 5 21 21.0 0.0 0.0013225922808705061 1
22 ec.gp.GPIndividual@2020212688{-695489927} 2061.0 8347.0 8160.0 0.022916666666666665 5 21 21.0 0.0 0.022916666666666665 1
22 ec.gp.GPIndividual@1754262880{326407086} 2285.0 8328.0 8317.0 0.0013225922808705061 5 20 21.0 0.0 0.0013225922808705061 3
22 ec.gp.GPIndividual@100825122{-1074355106} 39.0 13102.0 10054.0 0.3031629202307539 5 11 21.0 0.0 0.3031629202307539 0
22 ec.gp.GPIndividual@2020212688{-695489927} 185.0 13688.0 12802.0 0.06920793625995939 5 21 21.0 0.0 0.06920793625995939 1
22 ec.gp.GPIndividual@100825122{-1074355106} 283.0 11079.0 8387.0 0.3209729343030881 5 11 21.0 0.0 0.3209729343030881 0
22 ec.gp.GPIndividual@100825122{-1074355106} 82.0 16873.0 14578.0 0.1574290026066676 5 11 21.0 0.0 0.1574290026066676 0
22 ec.gp.GPIndividual@100825122{-1074355106} 111.0 12506.0 10861.0 0.1514593499677746 5 11 21.0 0.0 0.1514593499677746 0
22 ec.gp.GPIndividual@100825122{-1074355106} 428.0 10763.0 8160.0 0.31899509803921566 5 11 21.0 0.0 0.31899509803921566 0
22 ec.gp.GPIndividual@100825122{-1074355106} 99.0 14386.0 12802.0 0.12373066708326824 5 11 21.0 0.0 0.12373066708326824 0
22 ec.gp.GPIndividual@100825122{-1074355106} 106.0 11543.0 10087.0 0.1443442054129077 5 11 21.0 0.0 0.1443442054129077 0
22 ec.gp.GPIndividual@100825122{-1074355106} 342.0 10465.0 8317.0 0.2582662017554407 5 11 21.0 0.0 0.2582662017554407 0
22 ec.gp.GPIndividual@1133054785{-1400630493} 0.0 109280.0 10054.0 1.0 5 15 21.0 0.0 1.0 0
22 ec.gp.GPIndividual@1133054785{-1400630493} 0.0 109280.0 8387.0 1.0 5 15 21.0 0.0 1.0 0
22 ec.gp.GPIndividual@1133054785{-1400630493} 0.0 109280.0 14578.0 1.0 5 15 21.0 0.0 1.0 0
22 ec.gp.GPIndividual@1133054785{-1400630493} 0.0 109280.0 10861.0 1.0 5 15 21.0 0.0 1.0 0
22 ec.gp.GPIndividual@1133054785{-1400630493} 0.0 109280.0 8160.0 1.0 5 15 21.0 0.0 1.0 0
22 ec.gp.GPIndividual@1133054785{-1400630493} 0.0 109280.0 12802.0 1.0 5 15 21.0 0.0 1.0 0
22 ec.gp.GPIndividual@1133054785{-1400630493} 0.0 109280.0 10087.0 1.0 5 15 21.0 0.0 1.0 0
22 ec.gp.GPIndividual@1133054785{-1400630493} 0.0 109280.0 8317.0 1.0 5 15 21.0 0.0 1.0 0
22 ec.gp.GPIndividual@152826652{-1565331530} 1907.0 10141.0 10054.0 0.008653272329421126 5 17 21.0 0.0 0.008653272329421126 0
22 ec.gp.GPIndividual@2020212688{-695489927} 3533.0 10087.0 10087.0 0.0 5 21 21.0 0.0 0.0 2
22 ec.gp.GPIndividual@2020212688{-695489927} 4467.0 8328.0 8317.0 0.0013225922808705061 5 21 21.0 0.0 0.0013225922808705061 2
22 ec.gp.GPIndividual@1455005605{-695489927} 200.0 10054.0 10054.0 0.0 5 21 21.0 0.0 0.0 1
22 ec.gp.GPIndividual@1455005605{-695489927} 1299.0 8560.0 8387.0 0.020627161082627875 5 21 21.0 0.0 0.020627161082627875 1
22 ec.gp.GPIndividual@152826652{-1565331530} 6438.0 8516.0 8387.0 0.015380946703231192 5 17 21.0 0.0 0.015380946703231192 0
22 ec.gp.GPIndividual@1455005605{-695489927} 468.0 15194.0 14578.0 0.04225545342296611 5 21 21.0 0.0 0.04225545342296611 1
22 ec.gp.GPIndividual@152826652{-1565331530} 246.0 15229.0 14578.0 0.04465633145836192 5 17 21.0 0.0 0.04465633145836192 0
22 ec.gp.GPIndividual@1455005605{-695489927} 5049.0 11063.0 10861.0 0.01859865574072369 5 21 21.0 0.0 0.01859865574072369 1
22 ec.gp.GPIndividual@152826652{-1565331530} 5333.0 10861.0 10861.0 0.0 5 17 21.0 0.0 0.0 1
22 ec.gp.GPIndividual@1455005605{-695489927} 3435.0 8347.0 8160.0 0.022916666666666665 5 21 21.0 0.0 0.022916666666666665 1
22 ec.gp.GPIndividual@1455005605{-695489927} 168.0 13688.0 12802.0 0.06920793625995939 5 21 21.0 0.0 0.06920793625995939 1
22 ec.gp.GPIndividual@152826652{-1565331530} 3482.0 8347.0 8160.0 0.022916666666666665 5 17 21.0 0.0 0.022916666666666665 1
22 ec.gp.GPIndividual@1455005605{-695489927} 330.0 11159.0 10087.0 0.10627540398532764 5 21 21.0 0.0 0.10627540398532764 1
22 ec.gp.GPIndividual@152826652{-1565331530} 151.0 13688.0 12802.0 0.06920793625995939 5 17 21.0 0.0 0.06920793625995939 1
22 ec.gp.GPIndividual@1455005605{-695489927} 1076.0 8328.0 8317.0 0.0013225922808705061 5 21 21.0 0.0 0.0013225922808705061 1
22 ec.gp.GPIndividual@152826652{-1565331530} 1111.0 10482.0 10087.0 0.039159313968474274 5 17 21.0 0.0 0.039159313968474274 1
22 ec.gp.GPIndividual@152826652{-1565331530} 8836.0 8328.0 8317.0 0.0013225922808705061 5 17 21.0 0.0 0.0013225922808705061 1
23 ec.gp.GPIndividual@1535118706{1150408102} 0.0 105260.0 10054.0 0.8563755719116769 5 15 21.0 0.0 0.8563755719116769 0
23 ec.gp.GPIndividual@1535118706{1150408102} 0.0 105260.0 8387.0 0.8278287826397996 5 15 21.0 0.0 0.8278287826397996 0
23 ec.gp.GPIndividual@1535118706{1150408102} 0.0 105260.0 14578.0 0.9009466319110989 5 15 21.0 0.0 0.9009466319110989 0
23 ec.gp.GPIndividual@1535118706{1150408102} 0.0 105260.0 10861.0 0.8670472332197772 5 15 21.0 0.0 0.8670472332197772 0
23 ec.gp.GPIndividual@1535118706{1150408102} 0.0 105260.0 8160.0 0.8230392156862745 5 15 21.0 0.0 0.8230392156862745 0
23 ec.gp.GPIndividual@1535118706{1150408102} 0.0 105260.0 12802.0 0.8872051241993438 5 15 21.0 0.0 0.8872051241993438 0
23 ec.gp.GPIndividual@1535118706{1150408102} 0.0 105260.0 10087.0 0.8568454446317042 5 15 21.0 0.0 0.8568454446317042 0
23 ec.gp.GPIndividual@1535118706{1150408102} 0.0 105260.0 8317.0 0.8263797042202717 5 15 21.0 0.0 0.8263797042202717 0
23 ec.gp.GPIndividual@1557207057{1369003687} 0.0 17959.0 10054.0 0.7862542271732643 5 13 21.0 0.0 0.7862542271732643 0
23 ec.gp.GPIndividual@1557207057{1369003687} 0.0 17367.0 8387.0 1.070704661976869 5 13 21.0 0.0 1.070704661976869 0
23 ec.gp.GPIndividual@1557207057{1369003687} 0.0 18114.0 14578.0 0.24255727809027303 5 13 21.0 0.0 0.24255727809027303 0
23 ec.gp.GPIndividual@1557207057{1369003687} 0.0 16592.0 10861.0 0.5276678022281558 5 13 21.0 0.0 0.5276678022281558 0
23 ec.gp.GPIndividual@1557207057{1369003687} 0.0 17418.0 8160.0 1.1345588235294117 5 13 21.0 0.0 1.1345588235294117 0
23 ec.gp.GPIndividual@1557207057{1369003687} 0.0 16275.0 12802.0 0.2712857366036557 5 13 21.0 0.0 0.2712857366036557 0
23 ec.gp.GPIndividual@1557207057{1369003687} 0.0 15981.0 10087.0 0.5843164469118668 5 13 21.0 0.0 0.5843164469118668 0
23 ec.gp.GPIndividual@1557207057{1369003687} 0.0 17418.0 8317.0 1.0942647589274979 5 13 21.0 0.0 1.0942647589274979 0
23 ec.gp.GPIndividual@435149300{-407141003} 45.0 11217.0 10054.0 0.1156753530932962 5 17 21.0 0.0 0.1156753530932962 0
23 ec.gp.GPIndividual@85645551{576055012} 221.0 10959.0 10054.0 0.09001392480604735 5 13 21.0 0.0 0.09001392480604735 0
23 ec.gp.GPIndividual@334297931{-1300349349} 259.0 10054.0 10054.0 0.0 5 23 21.0 0.0 0.0 1
23 ec.gp.GPIndividual@1417393191{-695489927} 260.0 10054.0 10054.0 0.0 5 21 21.0 0.0 0.0 1
23 ec.gp.GPIndividual@435149300{-407141003} 300.0 13517.0 8387.0 0.611660903779659 5 17 21.0 0.0 0.611660903779659 0
23 ec.gp.GPIndividual@750690405{672623093} 352.0 10959.0 10054.0 0.09001392480604735 5 13 21.0 0.0 0.09001392480604735 0
23 ec.gp.GPIndividual@510192562{1345452610} 412.0 10959.0 10054.0 0.09001392480604735 5 21 21.0 0.0 0.09001392480604735 0
23 ec.gp.GPIndividual@435149300{-407141003} 81.0 15644.0 14578.0 0.07312388530662642 5 17 21.0 0.0 0.07312388530662642 0
23 ec.gp.GPIndividual@435149300{-407141003} 119.0 11280.0 10861.0 0.03857839977902587 5 17 21.0 0.0 0.03857839977902587 0
23 ec.gp.GPIndividual@750690405{672623093} 665.0 8767.0 8387.0 0.04530821509478956 5 13 21.0 0.0 0.04530821509478956 0
23 ec.gp.GPIndividual@435149300{-407141003} 504.0 8564.0 8160.0 0.049509803921568625 5 17 21.0 0.0 0.049509803921568625 0
23 ec.gp.GPIndividual@510192562{1345452610} 661.0 8767.0 8387.0 0.04530821509478956 5 21 21.0 0.0 0.04530821509478956 0
23 ec.gp.GPIndividual@1417393191{-695489927} 830.0 8624.0 8387.0 0.028258018361750327 5 21 21.0 0.0 0.028258018361750327 1
23 ec.gp.GPIndividual@435149300{-407141003} 51.0 14590.0 12802.0 0.13966567723793158 5 17 21.0 0.0 0.13966567723793158 0
23 ec.gp.GPIndividual@750690405{672623093} 127.0 19584.0 14578.0 0.3433941555768967 5 13 21.0 0.0 0.3433941555768967 0
23 ec.gp.GPIndividual@435149300{-407141003} 120.0 10974.0 10087.0 0.08793496579756122 5 17 21.0 0.0 0.08793496579756122 0
23 ec.gp.GPIndividual@334297931{-1300349349} 981.0 8624.0 8387.0 0.028258018361750327 5 23 21.0 0.0 0.028258018361750327 1
23 ec.gp.GPIndividual@510192562{1345452610} 197.0 15613.0 14578.0 0.07099739333241871 5 21 21.0 0.0 0.07099739333241871 0
23 ec.gp.GPIndividual@85645551{576055012} 1151.0 8767.0 8387.0 0.04530821509478956 5 13 21.0 0.0 0.04530821509478956 0
23 ec.gp.GPIndividual@334297931{-1300349349} 199.0 15613.0 14578.0 0.07099739333241871 5 23 21.0 0.0 0.07099739333241871 1
23 ec.gp.GPIndividual@1417393191{-695489927} 353.0 15306.0 14578.0 0.04993826313623268 5 21 21.0 0.0 0.04993826313623268 1
23 ec.gp.GPIndividual@435149300{-407141003} 420.0 8328.0 8317.0 0.0013225922808705061 5 17 21.0 0.0 0.0013225922808705061 0
23 ec.gp.GPIndividual@85645551{576055012} 534.0 15194.0 14578.0 0.04225545342296611 5 13 21.0 0.0 0.04225545342296611 0
23 ec.gp.GPIndividual@687228687{886457592} 266.0 12010.0 10054.0 0.19454943306146807 5 23 21.0 0.0 0.19454943306146807 0
23 ec.gp.GPIndividual@750690405{672623093} 796.0 11066.0 10861.0 0.018874873400239387 5 13 21.0 0.0 0.018874873400239387 0
23 ec.gp.GPIndividual@85645551{576055012} 801.0 11066.0 10861.0 0.018874873400239387 5 13 21.0 0.0 0.018874873400239387 0
23 ec.gp.GPIndividual@510192562{1345452610} 1440.0 11066.0 10861.0 0.018874873400239387 5 21 21.0 0.0 0.018874873400239387 0
23 ec.gp.GPIndividual@334297931{-1300349349} 1488.0 11066.0 10861.0 0.018874873400239387 5 23 21.0 0.0 0.018874873400239387 1
23 ec.gp.GPIndividual@1417393191{-695489927} 1548.0 11066.0 10861.0 0.018874873400239387 5 21 21.0 0.0 0.018874873400239387 1
23 ec.gp.GPIndividual@85645551{576055012} 824.0 8347.0 8160.0 0.022916666666666665 5 13 21.0 0.0 0.022916666666666665 0
23 ec.gp.GPIndividual@1417393191{-695489927} 574.0 10033.0 8160.0 0.22953431372549019 5 21 21.0 0.0 0.22953431372549019 1
23 ec.gp.GPIndividual@510192562{1345452610} 894.0 8773.0 8160.0 0.07512254901960784 5 21 21.0 0.0 0.07512254901960784 0
23 ec.gp.GPIndividual@85645551{576055012} 82.0 19584.0 12802.0 0.52976097484768 5 13 21.0 0.0 0.52976097484768 0
23 ec.gp.GPIndividual@750690405{672623093} 1702.0 8347.0 8160.0 0.022916666666666665 5 13 21.0 0.0 0.022916666666666665 0
23 ec.gp.GPIndividual@750690405{672623093} 76.0 19584.0 12802.0 0.52976097484768 5 13 21.0 0.0 0.52976097484768 0
23 ec.gp.GPIndividual@334297931{-1300349349} 839.0 10033.0 8160.0 0.22953431372549019 5 23 21.0 0.0 0.22953431372549019 1
23 ec.gp.GPIndividual@85645551{576055012} 193.0 11590.0 10087.0 0.14900366808763754 5 13 21.0 0.0 0.14900366808763754 0
23 ec.gp.GPIndividual@687228687{886457592} 2062.0 8624.0 8387.0 0.028258018361750327 5 23 21.0 0.0 0.028258018361750327 0
23 ec.gp.GPIndividual@1417393191{-695489927} 437.0 12802.0 12802.0 0.0 5 21 21.0 0.0 0.0 2
23 ec.gp.GPIndividual@1417393191{-695489927} 190.0 11590.0 10087.0 0.14900366808763754 5 21 21.0 0.0 0.14900366808763754 2
23 ec.gp.GPIndividual@334297931{-1300349349} 547.0 12802.0 12802.0 0.0 5 23 21.0 0.0 0.0 2
23 ec.gp.GPIndividual@687228687{886457592} 403.0 15613.0 14578.0 0.07099739333241871 5 23 21.0 0.0 0.07099739333241871 0
23 ec.gp.GPIndividual@510192562{1345452610} 818.0 13012.0 12802.0 0.016403686923918137 5 21 21.0 0.0 0.016403686923918137 0
23 ec.gp.GPIndividual@85645551{576055012} 634.0 8328.0 8317.0 0.0013225922808705061 5 13 21.0 0.0 0.0013225922808705061 0
23 ec.gp.GPIndividual@1258628318{-541469236} 0.0 105260.0 10054.0 0.8563755719116769 5 11 21.0 0.0 0.8563755719116769 0
23 ec.gp.GPIndividual@1258628318{-541469236} 0.0 105260.0 8387.0 0.8278287826397996 5 11 21.0 0.0 0.8278287826397996 0
23 ec.gp.GPIndividual@1258628318{-541469236} 0.0 105260.0 14578.0 0.9009466319110989 5 11 21.0 0.0 0.9009466319110989 0
23 ec.gp.GPIndividual@1258628318{-541469236} 0.0 105260.0 10861.0 0.8670472332197772 5 11 21.0 0.0 0.8670472332197772 0
23 ec.gp.GPIndividual@1258628318{-541469236} 0.0 105260.0 8160.0 0.8230392156862745 5 11 21.0 0.0 0.8230392156862745 0
23 ec.gp.GPIndividual@1258628318{-541469236} 0.0 105260.0 12802.0 0.8872051241993438 5 11 21.0 0.0 0.8872051241993438 0
23 ec.gp.GPIndividual@1258628318{-541469236} 0.0 105260.0 10087.0 0.8568454446317042 5 11 21.0 0.0 0.8568454446317042 0
23 ec.gp.GPIndividual@1258628318{-541469236} 0.0 105260.0 8317.0 0.8263797042202717 5 11 21.0 0.0 0.8263797042202717 0
23 ec.gp.GPIndividual@1580872228{2003198281} 41.0 10822.0 10054.0 0.07638750745971752 5 15 21.0 0.0 0.07638750745971752 0
23 ec.gp.GPIndividual@510192562{1345452610} 184.0 11080.0 10087.0 0.09844354119163279 5 21 21.0 0.0 0.09844354119163279 0
23 ec.gp.GPIndividual@1580872228{2003198281} 294.0 18390.0 8387.0 1.1926791462978419 5 15 21.0 0.0 1.1926791462978419 0
23 ec.gp.GPIndividual@687228687{886457592} 453.0 11315.0 10861.0 0.041800939140042355 5 23 21.0 0.0 0.041800939140042355 0
23 ec.gp.GPIndividual@1580872228{2003198281} 70.0 18619.0 14578.0 0.2771985183152696 5 15 21.0 0.0 0.2771985183152696 0
23 ec.gp.GPIndividual@1580872228{2003198281} 227.0 12100.0 10861.0 0.11407789337998343 5 15 21.0 0.0 0.11407789337998343 0
23 ec.gp.GPIndividual@687228687{886457592} 558.0 10033.0 8160.0 0.22953431372549019 5 23 21.0 0.0 0.22953431372549019 0
23 ec.gp.GPIndividual@687228687{886457592} 91.0 14640.0 12802.0 0.1435713169817216 5 23 21.0 0.0 0.1435713169817216 0
23 ec.gp.GPIndividual@687228687{886457592} 204.0 11590.0 10087.0 0.14900366808763754 5 23 21.0 0.0 0.14900366808763754 0
23 ec.gp.GPIndividual@1580872228{2003198281} 664.0 10033.0 8160.0 0.22953431372549019 5 15 21.0 0.0 0.22953431372549019 0
23 ec.gp.GPIndividual@1580872228{2003198281} 45.0 18424.0 12802.0 0.4391501327917513 5 15 21.0 0.0 0.4391501327917513 0
23 ec.gp.GPIndividual@1417393191{-695489927} 1702.0 8328.0 8317.0 0.0013225922808705061 5 21 21.0 0.0 0.0013225922808705061 2
23 ec.gp.GPIndividual@510192562{1345452610} 1335.0 8328.0 8317.0 0.0013225922808705061 5 21 21.0 0.0 0.0013225922808705061 0
23 ec.gp.GPIndividual@1580872228{2003198281} 294.0 11159.0 10087.0 0.10627540398532764 5 15 21.0 0.0 0.10627540398532764 0
23 ec.gp.GPIndividual@750690405{672623093} 2361.0 10087.0 10087.0 0.0 5 13 21.0 0.0 0.0 1
23 ec.gp.GPIndividual@1593511145{-695489927} 272.0 10054.0 10054.0 0.0 5 21 21.0 0.0 0.0 1
23 ec.gp.GPIndividual@188629813{-695489927} 253.0 10054.0 10054.0 0.0 5 21 21.0 0.0 0.0 1
23 ec.gp.GPIndividual@687228687{886457592} 540.0 8328.0 8317.0 0.0013225922808705061 5 23 21.0 0.0 0.0013225922808705061 0
23 ec.gp.GPIndividual@534162110{212525357} 0.0 99026.0 10054.0 0.9329620051720708 3 5 21.0 0.0 0.9329620051720708 0
23 ec.gp.GPIndividual@534162110{212525357} 0.0 99026.0 8387.0 0.9196375342792417 3 5 21.0 0.0 0.9196375342792417 0
23 ec.gp.GPIndividual@534162110{212525357} 0.0 99026.0 14578.0 0.9537659486898066 3 5 21.0 0.0 0.9537659486898066 0
23 ec.gp.GPIndividual@534162110{212525357} 0.0 99026.0 10861.0 0.9379430991621398 3 5 21.0 0.0 0.9379430991621398 0
23 ec.gp.GPIndividual@534162110{212525357} 0.0 99026.0 8160.0 0.9174019607843137 3 5 21.0 0.0 0.9174019607843137 0
23 ec.gp.GPIndividual@534162110{212525357} 0.0 99026.0 12802.0 0.9473519762537104 3 5 21.0 0.0 0.9473519762537104 0
23 ec.gp.GPIndividual@534162110{212525357} 0.0 99026.0 10087.0 0.9331813224942996 3 5 21.0 0.0 0.9331813224942996 0
23 ec.gp.GPIndividual@534162110{212525357} 0.0 99026.0 8317.0 0.9189611638812072 3 5 21.0 0.0 0.9189611638812072 0
23 ec.gp.GPIndividual@334297931{-1300349349} 1998.0 10087.0 10087.0 0.0 5 23 21.0 0.0 0.0 3
23 ec.gp.GPIndividual@92818006{-82150575} 256.0 10054.0 10054.0 0.0 5 19 21.0 0.0 0.0 1
23 ec.gp.GPIndividual@750690405{672623093} 555.0 8328.0 8317.0 0.0013225922808705061 5 13 21.0 0.0 0.0013225922808705061 1
23 ec.gp.GPIndividual@1580872228{2003198281} 579.0 8328.0 8317.0 0.0013225922808705061 5 15 21.0 0.0 0.0013225922808705061 0
23 ec.gp.GPIndividual@1144439495{-75847560} 45.0 11217.0 10054.0 0.1156753530932962 5 27 21.0 0.0 0.1156753530932962 0
23 ec.gp.GPIndividual@334297931{-1300349349} 511.0 8328.0 8317.0 0.0013225922808705061 5 23 21.0 0.0 0.0013225922808705061 3
23 ec.gp.GPIndividual@1144439495{-75847560} 276.0 19584.0 8387.0 1.3350423274114702 5 27 21.0 0.0 1.3350423274114702 0
23 ec.gp.GPIndividual@188629813{-695489927} 823.0 8624.0 8387.0 0.028258018361750327 5 21 21.0 0.0 0.028258018361750327 1
23 ec.gp.GPIndividual@1144439495{-75847560} 76.0 19584.0 14578.0 0.3433941555768967 5 27 21.0 0.0 0.3433941555768967 0
23 ec.gp.GPIndividual@1145081055{-1717295744} 212.0 10054.0 10054.0 0.0 5 13 21.0 0.0 0.0 1
23 ec.gp.GPIndividual@1810463320{2118929424} 440.0 10449.0 10054.0 0.03928784563357868 5 19 21.0 0.0 0.03928784563357868 0
23 ec.gp.GPIndividual@1593511145{-695489927} 1071.0 8624.0 8387.0 0.028258018361750327 5 21 21.0 0.0 0.028258018361750327 1
23 ec.gp.GPIndividual@1144439495{-75847560} 215.0 12610.0 10861.0 0.16103489549765215 5 27 21.0 0.0 0.16103489549765215 0
23 ec.gp.GPIndividual@1810463320{2118929424} 663.0 8767.0 8387.0 0.04530821509478956 5 19 21.0 0.0 0.04530821509478956 0
23 ec.gp.GPIndividual@1144439495{-75847560} 550.0 10033.0 8160.0 0.22953431372549019 5 27 21.0 0.0 0.22953431372549019 0
23 ec.gp.GPIndividual@1810463320{2118929424} 82.0 19584.0 14578.0 0.3433941555768967 5 19 21.0 0.0 0.3433941555768967 0
23 ec.gp.GPIndividual@1144439495{-75847560} 42.0 19584.0 12802.0 0.52976097484768 5 27 21.0 0.0 0.52976097484768 0
23 ec.gp.GPIndividual@1145081055{-1717295744} 826.0 8624.0 8387.0 0.028258018361750327 5 13 21.0 0.0 0.028258018361750327 1
23 ec.gp.GPIndividual@1593511145{-695489927} 764.0 15186.0 14578.0 0.04170668130058993 5 21 21.0 0.0 0.04170668130058993 1
23 ec.gp.GPIndividual@1144439495{-75847560} 192.0 11590.0 10087.0 0.14900366808763754 5 27 21.0 0.0 0.14900366808763754 0
23 ec.gp.GPIndividual@92818006{-82150575} 1572.0 8624.0 8387.0 0.028258018361750327 5 19 21.0 0.0 0.028258018361750327 1
23 ec.gp.GPIndividual@1810463320{2118929424} 234.0 12610.0 10861.0 0.16103489549765215 5 19 21.0 0.0 0.16103489549765215 0
23 ec.gp.GPIndividual@188629813{-695489927} 1105.0 14871.0 14578.0 0.020098778982027714 5 21 21.0 0.0 0.020098778982027714 1
23 ec.gp.GPIndividual@1144439495{-75847560} 547.0 8328.0 8317.0 0.0013225922808705061 5 27 21.0 0.0 0.0013225922808705061 0
23 ec.gp.GPIndividual@520531118{-1400630493} 0.0 109280.0 10054.0 1.0 5 15 21.0 0.0 1.0 0
23 ec.gp.GPIndividual@520531118{-1400630493} 0.0 109280.0 8387.0 1.0 5 15 21.0 0.0 1.0 0
23 ec.gp.GPIndividual@520531118{-1400630493} 0.0 109280.0 14578.0 1.0 5 15 21.0 0.0 1.0 0
23 ec.gp.GPIndividual@520531118{-1400630493} 0.0 109280.0 10861.0 1.0 5 15 21.0 0.0 1.0 0
23 ec.gp.GPIndividual@520531118{-1400630493} 0.0 109280.0 8160.0 1.0 5 15 21.0 0.0 1.0 0
23 ec.gp.GPIndividual@520531118{-1400630493} 0.0 109280.0 12802.0 1.0 5 15 21.0 0.0 1.0 0
23 ec.gp.GPIndividual@520531118{-1400630493} 0.0 109280.0 10087.0 1.0 5 15 21.0 0.0 1.0 0
23 ec.gp.GPIndividual@520531118{-1400630493} 0.0 109280.0 8317.0 1.0 5 15 21.0 0.0 1.0 0
23 ec.gp.GPIndividual@92818006{-82150575} 1480.0 15186.0 14578.0 0.04170668130058993 5 19 21.0 0.0 0.04170668130058993 1
23 ec.gp.GPIndividual@1145081055{-1717295744} 1687.0 14697.0 14578.0 0.008162985320345727 5 13 21.0 0.0 0.008162985320345727 1
23 ec.gp.GPIndividual@1593511145{-695489927} 2033.0 11066.0 10861.0 0.018874873400239387 5 21 21.0 0.0 0.018874873400239387 1
23 ec.gp.GPIndividual@1810463320{2118929424} 1959.0 8347.0 8160.0 0.022916666666666665 5 19 21.0 0.0 0.022916666666666665 0
23 ec.gp.GPIndividual@188629813{-695489927} 1939.0 11066.0 10861.0 0.018874873400239387 5 21 21.0 0.0 0.018874873400239387 1
23 ec.gp.GPIndividual@1810463320{2118929424} 268.0 13661.0 12802.0 0.06709889079831276 5 19 21.0 0.0 0.06709889079831276 0
23 ec.gp.GPIndividual@188629813{-695489927} 511.0 10033.0 8160.0 0.22953431372549019 5 21 21.0 0.0 0.22953431372549019 1
23 ec.gp.GPIndividual@1810463320{2118929424} 302.0 11159.0 10087.0 0.10627540398532764 5 19 21.0 0.0 0.10627540398532764 0
23 ec.gp.GPIndividual@1593511145{-695489927} 591.0 10033.0 8160.0 0.22953431372549019 5 21 21.0 0.0 0.22953431372549019 1
23 ec.gp.GPIndividual@188629813{-695489927} 154.0 13688.0 12802.0 0.06920793625995939 5 21 21.0 0.0 0.06920793625995939 1
23 ec.gp.GPIndividual@1810463320{2118929424} 490.0 8328.0 8317.0 0.0013225922808705061 5 19 21.0 0.0 0.0013225922808705061 0
23 ec.gp.GPIndividual@1145081055{-1717295744} 1731.0 11066.0 10861.0 0.018874873400239387 5 13 21.0 0.0 0.018874873400239387 1
23 ec.gp.GPIndividual@92818006{-82150575} 1780.0 11066.0 10861.0 0.018874873400239387 5 19 21.0 0.0 0.018874873400239387 1
23 ec.gp.GPIndividual@946281066{-452579153} 231.0 10054.0 10054.0 0.0 5 21 21.0 0.0 0.0 1
23 ec.gp.GPIndividual@1593511145{-695489927} 978.0 12870.0 12802.0 0.005311670051554445 5 21 21.0 0.0 0.005311670051554445 1
23 ec.gp.GPIndividual@1145081055{-1717295744} 498.0 10033.0 8160.0 0.22953431372549019 5 13 21.0 0.0 0.22953431372549019 1
23 ec.gp.GPIndividual@946281066{-452579153} 517.0 8448.0 8387.0 0.007273160844163586 5 21 21.0 0.0 0.007273160844163586 1
23 ec.gp.GPIndividual@92818006{-82150575} 536.0 10033.0 8160.0 0.22953431372549019 5 19 21.0 0.0 0.22953431372549019 1
23 ec.gp.GPIndividual@1593511145{-695489927} 271.0 11590.0 10087.0 0.14900366808763754 5 21 21.0 0.0 0.14900366808763754 1
23 ec.gp.GPIndividual@188629813{-695489927} 1207.0 10087.0 10087.0 0.0 5 21 21.0 0.0 0.0 2
23 ec.gp.GPIndividual@1145081055{-1717295744} 1045.0 12870.0 12802.0 0.005311670051554445 5 13 21.0 0.0 0.005311670051554445 1
23 ec.gp.GPIndividual@1145081055{-1717295744} 275.0 11159.0 10087.0 0.10627540398532764 5 13 21.0 0.0 0.10627540398532764 1
23 ec.gp.GPIndividual@188629813{-695489927} 1407.0 8328.0 8317.0 0.0013225922808705061 5 21 21.0 0.0 0.0013225922808705061 2
23 ec.gp.GPIndividual@1593511145{-695489927} 1624.0 8328.0 8317.0 0.0013225922808705061 5 21 21.0 0.0 0.0013225922808705061 1
23 ec.gp.GPIndividual@604653868{2114378778} 0.0 109280.0 10054.0 1.0 2 3 21.0 0.0 1.0 0
23 ec.gp.GPIndividual@604653868{2114378778} 0.0 109280.0 8387.0 1.0 2 3 21.0 0.0 1.0 0
23 ec.gp.GPIndividual@604653868{2114378778} 0.0 109280.0 14578.0 1.0 2 3 21.0 0.0 1.0 0
23 ec.gp.GPIndividual@604653868{2114378778} 0.0 109280.0 10861.0 1.0 2 3 21.0 0.0 1.0 0
23 ec.gp.GPIndividual@604653868{2114378778} 0.0 109280.0 8160.0 1.0 2 3 21.0 0.0 1.0 0
23 ec.gp.GPIndividual@604653868{2114378778} 0.0 109280.0 12802.0 1.0 2 3 21.0 0.0 1.0 0
23 ec.gp.GPIndividual@604653868{2114378778} 0.0 109280.0 10087.0 1.0 2 3 21.0 0.0 1.0 0
23 ec.gp.GPIndividual@604653868{2114378778} 0.0 109280.0 8317.0 1.0 2 3 21.0 0.0 1.0 0
23 ec.gp.GPIndividual@946281066{-452579153} 1755.0 14697.0 14578.0 0.008162985320345727 5 21 21.0 0.0 0.008162985320345727 1
23 ec.gp.GPIndividual@92818006{-82150575} 1808.0 12802.0 12802.0 0.0 5 19 21.0 0.0 0.0 2
23 ec.gp.GPIndividual@1385978450{-1859896137} 390.0 10331.0 10054.0 0.02755122339367416 5 21 21.0 0.0 0.02755122339367416 0
23 ec.gp.GPIndividual@92818006{-82150575} 252.0 11590.0 10087.0 0.14900366808763754 5 19 21.0 0.0 0.14900366808763754 2
23 ec.gp.GPIndividual@1145081055{-1717295744} 853.0 8328.0 8317.0 0.0013225922808705061 5 13 21.0 0.0 0.0013225922808705061 1
23 ec.gp.GPIndividual@1518039361{-35450370} 0.0 105260.0 10054.0 0.8563755719116769 5 11 21.0 0.0 0.8563755719116769 0
23 ec.gp.GPIndividual@1518039361{-35450370} 0.0 105260.0 8387.0 0.8278287826397996 5 11 21.0 0.0 0.8278287826397996 0
23 ec.gp.GPIndividual@1518039361{-35450370} 0.0 105260.0 14578.0 0.9009466319110989 5 11 21.0 0.0 0.9009466319110989 0
23 ec.gp.GPIndividual@1518039361{-35450370} 0.0 105260.0 10861.0 0.8670472332197772 5 11 21.0 0.0 0.8670472332197772 0
23 ec.gp.GPIndividual@1518039361{-35450370} 0.0 105260.0 8160.0 0.8230392156862745 5 11 21.0 0.0 0.8230392156862745 0
23 ec.gp.GPIndividual@1518039361{-35450370} 0.0 105260.0 12802.0 0.8872051241993438 5 11 21.0 0.0 0.8872051241993438 0
23 ec.gp.GPIndividual@1518039361{-35450370} 0.0 105260.0 10087.0 0.8568454446317042 5 11 21.0 0.0 0.8568454446317042 0
23 ec.gp.GPIndividual@1518039361{-35450370} 0.0 105260.0 8317.0 0.8263797042202717 5 11 21.0 0.0 0.8263797042202717 0
23 ec.gp.GPIndividual@92818006{-82150575} 499.0 8328.0 8317.0 0.0013225922808705061 5 19 21.0 0.0 0.0013225922808705061 2
23 ec.gp.GPIndividual@946281066{-452579153} 819.0 11066.0 10861.0 0.018874873400239387 5 21 21.0 0.0 0.018874873400239387 1
23 ec.gp.GPIndividual@1649345386{-1594379254} 45.0 11217.0 10054.0 0.1156753530932962 5 19 21.0 0.0 0.1156753530932962 0
23 ec.gp.GPIndividual@15106576{-695489927} 1267.0 10141.0 10054.0 0.008653272329421126 5 21 21.0 0.0 0.008653272329421126 0
23 ec.gp.GPIndividual@1649345386{-1594379254} 331.0 19584.0 8387.0 1.3350423274114702 5 19 21.0 0.0 1.3350423274114702 0
23 ec.gp.GPIndividual@1385978450{-1859896137} 906.0 8624.0 8387.0 0.028258018361750327 5 21 21.0 0.0 0.028258018361750327 0
23 ec.gp.GPIndividual@1649345386{-1594379254} 93.0 19584.0 14578.0 0.3433941555768967 5 19 21.0 0.0 0.3433941555768967 0
23 ec.gp.GPIndividual@1649345386{-1594379254} 196.0 12610.0 10861.0 0.16103489549765215 5 19 21.0 0.0 0.16103489549765215 0
23 ec.gp.GPIndividual@1385978450{-1859896137} 655.0 14787.0 14578.0 0.014336671697077788 5 21 21.0 0.0 0.014336671697077788 0
23 ec.gp.GPIndividual@1649345386{-1594379254} 512.0 10033.0 8160.0 0.22953431372549019 5 19 21.0 0.0 0.22953431372549019 0
23 ec.gp.GPIndividual@1649345386{-1594379254} 37.0 19584.0 12802.0 0.52976097484768 5 19 21.0 0.0 0.52976097484768 0
23 ec.gp.GPIndividual@1649345386{-1594379254} 174.0 11590.0 10087.0 0.14900366808763754 5 19 21.0 0.0 0.14900366808763754 0
23 ec.gp.GPIndividual@946281066{-452579153} 1859.0 8347.0 8160.0 0.022916666666666665 5 21 21.0 0.0 0.022916666666666665 1
23 ec.gp.GPIndividual@1649345386{-1594379254} 489.0 8328.0 8317.0 0.0013225922808705061 5 19 21.0 0.0 0.0013225922808705061 0
23 ec.gp.GPIndividual@946281066{-452579153} 75.0 13031.0 12802.0 0.01788783002655835 5 21 21.0 0.0 0.01788783002655835 1
23 ec.gp.GPIndividual@988688584{-619148620} 2531.0 10141.0 10054.0 0.008653272329421126 5 13 21.0 0.0 0.008653272329421126 0
23 ec.gp.GPIndividual@15106576{-695489927} 2015.0 8528.0 8387.0 0.016811732443066652 5 21 21.0 0.0 0.016811732443066652 0
23 ec.gp.GPIndividual@946281066{-452579153} 391.0 10555.0 10087.0 0.04639635173986319 5 21 21.0 0.0 0.04639635173986319 1
23 ec.gp.GPIndividual@15106576{-695489927} 154.0 15613.0 14578.0 0.07099739333241871 5 21 21.0 0.0 0.07099739333241871 0
23 ec.gp.GPIndividual@1385978450{-1859896137} 2998.0 11066.0 10861.0 0.018874873400239387 5 21 21.0 0.0 0.018874873400239387 0
23 ec.gp.GPIndividual@988688584{-619148620} 1986.0 8528.0 8387.0 0.016811732443066652 5 13 21.0 0.0 0.016811732443066652 0
23 ec.gp.GPIndividual@988688584{-619148620} 151.0 15613.0 14578.0 0.07099739333241871 5 13 21.0 0.0 0.07099739333241871 0
23 ec.gp.GPIndividual@946281066{-452579153} 2035.0 8328.0 8317.0 0.0013225922808705061 5 21 21.0 0.0 0.0013225922808705061 1
23 ec.gp.GPIndividual@1520892524{-53444268} 222.0 10054.0 10054.0 0.0 5 18 21.0 0.0 0.0 1
23 ec.gp.GPIndividual@1520892524{-53444268} 366.0 8624.0 8387.0 0.028258018361750327 5 18 21.0 0.0 0.028258018361750327 1
23 ec.gp.GPIndividual@1385978450{-1859896137} 940.0 8347.0 8160.0 0.022916666666666665 5 21 21.0 0.0 0.022916666666666665 0
23 ec.gp.GPIndividual@988688584{-619148620} 814.0 11066.0 10861.0 0.018874873400239387 5 13 21.0 0.0 0.018874873400239387 0
23 ec.gp.GPIndividual@988688584{-619148620} 1062.0 8347.0 8160.0 0.022916666666666665 5 13 21.0 0.0 0.022916666666666665 0
23 ec.gp.GPIndividual@988688584{-619148620} 93.0 19584.0 12802.0 0.52976097484768 5 13 21.0 0.0 0.52976097484768 0
23 ec.gp.GPIndividual@15106576{-695489927} 3826.0 11063.0 10861.0 0.01859865574072369 5 21 21.0 0.0 0.01859865574072369 0
23 ec.gp.GPIndividual@1520892524{-53444268} 1641.0 15194.0 14578.0 0.04225545342296611 5 18 21.0 0.0 0.04225545342296611 1
23 ec.gp.GPIndividual@15106576{-695489927} 1684.0 8347.0 8160.0 0.022916666666666665 5 21 21.0 0.0 0.022916666666666665 0
23 ec.gp.GPIndividual@988688584{-619148620} 1769.0 10087.0 10087.0 0.0 5 13 21.0 0.0 0.0 1
23 ec.gp.GPIndividual@15106576{-695489927} 106.0 19584.0 12802.0 0.52976097484768 5 21 21.0 0.0 0.52976097484768 0
23 ec.gp.GPIndividual@1520892524{-53444268} 1509.0 11066.0 10861.0 0.018874873400239387 5 18 21.0 0.0 0.018874873400239387 1
23 ec.gp.GPIndividual@1385978450{-1859896137} 3131.0 12802.0 12802.0 0.0 5 21 21.0 0.0 0.0 1
23 ec.gp.GPIndividual@988688584{-619148620} 491.0 8328.0 8317.0 0.0013225922808705061 5 13 21.0 0.0 0.0013225922808705061 1
23 ec.gp.GPIndividual@1520892524{-53444268} 893.0 8347.0 8160.0 0.022916666666666665 5 18 21.0 0.0 0.022916666666666665 1
23 ec.gp.GPIndividual@1311548029{-2000352621} 606.0 10141.0 10054.0 0.008653272329421126 5 19 21.0 0.0 0.008653272329421126 0
23 ec.gp.GPIndividual@15106576{-695489927} 1063.0 10087.0 10087.0 0.0 5 21 21.0 0.0 0.0 1
23 ec.gp.GPIndividual@1385978450{-1859896137} 2983.0 10087.0 10087.0 0.0 5 21 21.0 0.0 0.0 2
23 ec.gp.GPIndividual@15106576{-695489927} 2049.0 8328.0 8317.0 0.0013225922808705061 5 21 21.0 0.0 0.0013225922808705061 1
23 ec.gp.GPIndividual@1520892524{-53444268} 2154.0 12802.0 12802.0 0.0 5 18 21.0 0.0 0.0 2
23 ec.gp.GPIndividual@1446183427{-864206708} 210.0 10054.0 10054.0 0.0 5 17 21.0 0.0 0.0 1
23 ec.gp.GPIndividual@1446183427{-864206708} 331.0 8624.0 8387.0 0.028258018361750327 5 17 21.0 0.0 0.028258018361750327 1
23 ec.gp.GPIndividual@1385978450{-1859896137} 549.0 8328.0 8317.0 0.0013225922808705061 5 21 21.0 0.0 0.0013225922808705061 2
23 ec.gp.GPIndividual@1520892524{-53444268} 513.0 10383.0 10087.0 0.02934470110042629 5 18 21.0 0.0 0.02934470110042629 2
23 ec.gp.GPIndividual@1311548029{-2000352621} 2674.0 8528.0 8387.0 0.016811732443066652 5 19 21.0 0.0 0.016811732443066652 0
23 ec.gp.GPIndividual@1446183427{-864206708} 83.0 15613.0 14578.0 0.07099739333241871 5 17 21.0 0.0 0.07099739333241871 1
23 ec.gp.GPIndividual@1531909802{854676245} 211.0 10054.0 10054.0 0.0 5 21 21.0 0.0 0.0 1
23 ec.gp.GPIndividual@1446183427{-864206708} 416.0 11444.0 10861.0 0.05367829849921738 5 17 21.0 0.0 0.05367829849921738 1
23 ec.gp.GPIndividual@1520892524{-53444268} 469.0 8328.0 8317.0 0.0013225922808705061 5 18 21.0 0.0 0.0013225922808705061 2
23 ec.gp.GPIndividual@1446183427{-864206708} 448.0 10033.0 8160.0 0.22953431372549019 5 17 21.0 0.0 0.22953431372549019 1
23 ec.gp.GPIndividual@1531909802{854676245} 839.0 8560.0 8387.0 0.020627161082627875 5 21 21.0 0.0 0.020627161082627875 1
23 ec.gp.GPIndividual@1446183427{-864206708} 254.0 13688.0 12802.0 0.06920793625995939 5 17 21.0 0.0 0.06920793625995939 1
23 ec.gp.GPIndividual@1531909802{854676245} 179.0 15613.0 14578.0 0.07099739333241871 5 21 21.0 0.0 0.07099739333241871 1
23 ec.gp.GPIndividual@1446183427{-864206708} 153.0 11590.0 10087.0 0.14900366808763754 5 17 21.0 0.0 0.14900366808763754 1
23 ec.gp.GPIndividual@1446183427{-864206708} 429.0 8328.0 8317.0 0.0013225922808705061 5 17 21.0 0.0 0.0013225922808705061 1
23 ec.gp.GPIndividual@1311548029{-2000352621} 2602.0 14697.0 14578.0 0.008162985320345727 5 19 21.0 0.0 0.008162985320345727 0
23 ec.gp.GPIndividual@1531909802{854676245} 6068.0 11028.0 10861.0 0.015376116379707209 5 21 21.0 0.0 0.015376116379707209 1
23 ec.gp.GPIndividual@1531909802{854676245} 664.0 8347.0 8160.0 0.022916666666666665 5 21 21.0 0.0 0.022916666666666665 1
23 ec.gp.GPIndividual@1311548029{-2000352621} 5377.0 10960.0 10861.0 0.009115182764018046 5 19 21.0 0.0 0.009115182764018046 0
23 ec.gp.GPIndividual@1531909802{854676245} 221.0 13661.0 12802.0 0.06709889079831276 5 21 21.0 0.0 0.06709889079831276 1
23 ec.gp.GPIndividual@1531909802{854676245} 242.0 11159.0 10087.0 0.10627540398532764 5 21 21.0 0.0 0.10627540398532764 1
23 ec.gp.GPIndividual@1531909802{854676245} 4311.0 8328.0 8317.0 0.0013225922808705061 5 21 21.0 0.0 0.0013225922808705061 1
23 ec.gp.GPIndividual@1565906286{-768573733} 1902.0 10141.0 10054.0 0.008653272329421126 5 13 21.0 0.0 0.008653272329421126 0
23 ec.gp.GPIndividual@1311548029{-2000352621} 6651.0 8222.0 8160.0 0.007598039215686274 5 19 21.0 0.0 0.007598039215686274 0
23 ec.gp.GPIndividual@1311548029{-2000352621} 216.0 13688.0 12802.0 0.06920793625995939 5 19 21.0 0.0 0.06920793625995939 0
23 ec.gp.GPIndividual@1565906286{-768573733} 1219.0 8560.0 8387.0 0.020627161082627875 5 13 21.0 0.0 0.020627161082627875 0
23 ec.gp.GPIndividual@1311548029{-2000352621} 1099.0 10300.0 10087.0 0.02111628829186081 5 19 21.0 0.0 0.02111628829186081 0
23 ec.gp.GPIndividual@1311548029{-2000352621} 5747.0 8328.0 8317.0 0.0013225922808705061 5 19 21.0 0.0 0.0013225922808705061 0
23 ec.gp.GPIndividual@239790355{535546304} 200.0 10054.0 10054.0 0.0 5 23 21.0 0.0 0.0 1
23 ec.gp.GPIndividual@1565906286{-768573733} 6140.0 14578.0 14578.0 0.0 5 13 21.0 0.0 0.0 1
23 ec.gp.GPIndividual@1565906286{-768573733} 4798.0 11063.0 10861.0 0.01859865574072369 5 13 21.0 0.0 0.01859865574072369 1
23 ec.gp.GPIndividual@239790355{535546304} 5646.0 8507.0 8387.0 0.014307857398354596 5 23 21.0 0.0 0.014307857398354596 1
23 ec.gp.GPIndividual@239790355{535546304} 290.0 15314.0 14578.0 0.05048703525860886 5 23 21.0 0.0 0.05048703525860886 1
23 ec.gp.GPIndividual@1565906286{-768573733} 3483.0 8347.0 8160.0 0.022916666666666665 5 13 21.0 0.0 0.022916666666666665 1
23 ec.gp.GPIndividual@1565906286{-768573733} 170.0 13688.0 12802.0 0.06920793625995939 5 13 21.0 0.0 0.06920793625995939 1
23 ec.gp.GPIndividual@239790355{535546304} 3464.0 11063.0 10861.0 0.01859865574072369 5 23 21.0 0.0 0.01859865574072369 1
23 ec.gp.GPIndividual@1565906286{-768573733} 1267.0 10087.0 10087.0 0.0 5 13 21.0 0.0 0.0 2
23 ec.gp.GPIndividual@239790355{535546304} 3829.0 8222.0 8160.0 0.007598039215686274 5 23 21.0 0.0 0.007598039215686274 1
23 ec.gp.GPIndividual@239790355{535546304} 177.0 13688.0 12802.0 0.06920793625995939 5 23 21.0 0.0 0.06920793625995939 1
23 ec.gp.GPIndividual@239790355{535546304} 342.0 10555.0 10087.0 0.04639635173986319 5 23 21.0 0.0 0.04639635173986319 1
23 ec.gp.GPIndividual@1565906286{-768573733} 4298.0 8328.0 8317.0 0.0013225922808705061 5 13 21.0 0.0 0.0013225922808705061 2
23 ec.gp.GPIndividual@239790355{535546304} 1812.0 8328.0 8317.0 0.0013225922808705061 5 23 21.0 0.0 0.0013225922808705061 1
23 ec.gp.GPIndividual@727758017{1628700630} 2030.0 10141.0 10054.0 0.008653272329421126 5 17 21.0 0.0 0.008653272329421126 0
23 ec.gp.GPIndividual@727758017{1628700630} 2199.0 8560.0 8387.0 0.020627161082627875 5 17 21.0 0.0 0.020627161082627875 0
23 ec.gp.GPIndividual@727758017{1628700630} 673.0 15194.0 14578.0 0.04225545342296611 5 17 21.0 0.0 0.04225545342296611 0
23 ec.gp.GPIndividual@727758017{1628700630} 8115.0 10960.0 10861.0 0.009115182764018046 5 17 21.0 0.0 0.009115182764018046 0
23 ec.gp.GPIndividual@727758017{1628700630} 10305.0 8215.0 8160.0 0.006740196078431373 5 17 21.0 0.0 0.006740196078431373 0
23 ec.gp.GPIndividual@727758017{1628700630} 416.0 13661.0 12802.0 0.06709889079831276 5 17 21.0 0.0 0.06709889079831276 0
23 ec.gp.GPIndividual@727758017{1628700630} 146.0 11590.0 10087.0 0.14900366808763754 5 17 21.0 0.0 0.14900366808763754 0
23 ec.gp.GPIndividual@727758017{1628700630} 8987.0 8328.0 8317.0 0.0013225922808705061 5 17 21.0 0.0 0.0013225922808705061 0
24 ec.gp.GPIndividual@454964533{-434544376} 41.0 11217.0 10054.0 0.1156753530932962 3 5 21.0 0.0 0.1156753530932962 0
24 ec.gp.GPIndividual@2015100435{-513878261} 45.0 10822.0 10054.0 0.07638750745971752 5 18 21.0 0.0 0.07638750745971752 0
24 ec.gp.GPIndividual@257906188{-90288149} 229.0 10959.0 10054.0 0.09001392480604735 5 19 21.0 0.0 0.09001392480604735 0
24 ec.gp.GPIndividual@1262694095{-674272832} 239.0 10054.0 10054.0 0.0 5 21 21.0 0.0 0.0 1
24 ec.gp.GPIndividual@255488226{-1640251826} 245.0 10054.0 10054.0 0.0 5 19 21.0 0.0 0.0 1
24 ec.gp.GPIndividual@1434601486{-1026199914} 249.0 10054.0 10054.0 0.0 5 19 21.0 0.0 0.0 1
24 ec.gp.GPIndividual@454964533{-434544376} 301.0 19584.0 8387.0 1.3350423274114702 3 5 21.0 0.0 1.3350423274114702 0
24 ec.gp.GPIndividual@2015100435{-513878261} 316.0 8448.0 8387.0 0.007273160844163586 5 18 21.0 0.0 0.007273160844163586 0
24 ec.gp.GPIndividual@454964533{-434544376} 70.0 19584.0 14578.0 0.3433941555768967 3 5 21.0 0.0 0.3433941555768967 0
24 ec.gp.GPIndividual@2015100435{-513878261} 83.0 14697.0 14578.0 0.008162985320345727 5 18 21.0 0.0 0.008162985320345727 0
24 ec.gp.GPIndividual@257906188{-90288149} 285.0 19584.0 8387.0 1.3350423274114702 5 19 21.0 0.0 1.3350423274114702 0
24 ec.gp.GPIndividual@255488226{-1640251826} 313.0 8448.0 8387.0 0.007273160844163586 5 19 21.0 0.0 0.007273160844163586 1
24 ec.gp.GPIndividual@257906188{-90288149} 89.0 19584.0 14578.0 0.3433941555768967 5 19 21.0 0.0 0.3433941555768967 0
24 ec.gp.GPIndividual@454964533{-434544376} 203.0 12610.0 10861.0 0.16103489549765215 3 5 21.0 0.0 0.16103489549765215 0
24 ec.gp.GPIndividual@1434601486{-1026199914} 385.0 8448.0 8387.0 0.007273160844163586 5 19 21.0 0.0 0.007273160844163586 1
24 ec.gp.GPIndividual@2015100435{-513878261} 229.0 12100.0 10861.0 0.11407789337998343 5 18 21.0 0.0 0.11407789337998343 0
24 ec.gp.GPIndividual@454964533{-434544376} 528.0 10033.0 8160.0 0.22953431372549019 3 5 21.0 0.0 0.22953431372549019 0
24 ec.gp.GPIndividual@454964533{-434544376} 49.0 19584.0 12802.0 0.52976097484768 3 5 21.0 0.0 0.52976097484768 0
24 ec.gp.GPIndividual@257906188{-90288149} 684.0 10960.0 10861.0 0.009115182764018046 5 19 21.0 0.0 0.009115182764018046 0
24 ec.gp.GPIndividual@2015100435{-513878261} 663.0 10033.0 8160.0 0.22953431372549019 5 18 21.0 0.0 0.22953431372549019 0
24 ec.gp.GPIndividual@454964533{-434544376} 186.0 11590.0 10087.0 0.14900366808763754 3 5 21.0 0.0 0.14900366808763754 0
24 ec.gp.GPIndividual@2015100435{-513878261} 58.0 13031.0 12802.0 0.01788783002655835 5 18 21.0 0.0 0.01788783002655835 0
24 ec.gp.GPIndividual@255488226{-1640251826} 969.0 15186.0 14578.0 0.04170668130058993 5 19 21.0 0.0 0.04170668130058993 1
24 ec.gp.GPIndividual@1434601486{-1026199914} 907.0 15186.0 14578.0 0.04170668130058993 5 19 21.0 0.0 0.04170668130058993 1
24 ec.gp.GPIndividual@1262694095{-674272832} 1365.0 8624.0 8387.0 0.028258018361750327 5 21 21.0 0.0 0.028258018361750327 1
24 ec.gp.GPIndividual@1262694095{-674272832} 87.0 14697.0 14578.0 0.008162985320345727 5 21 21.0 0.0 0.008162985320345727 1
24 ec.gp.GPIndividual@2015100435{-513878261} 298.0 11159.0 10087.0 0.10627540398532764 5 18 21.0 0.0 0.10627540398532764 0
24 ec.gp.GPIndividual@454964533{-434544376} 521.0 8328.0 8317.0 0.0013225922808705061 3 5 21.0 0.0 0.0013225922808705061 0
24 ec.gp.GPIndividual@257906188{-90288149} 912.0 8347.0 8160.0 0.022916666666666665 5 19 21.0 0.0 0.022916666666666665 0
24 ec.gp.GPIndividual@2015100435{-513878261} 529.0 8328.0 8317.0 0.0013225922808705061 5 18 21.0 0.0 0.0013225922808705061 0
24 ec.gp.GPIndividual@257906188{-90288149} 44.0 19584.0 12802.0 0.52976097484768 5 19 21.0 0.0 0.52976097484768 0
24 ec.gp.GPIndividual@1387411700{-2134326516} 220.0 10054.0 10054.0 0.0 5 17 21.0 0.0 0.0 1
24 ec.gp.GPIndividual@257906188{-90288149} 199.0 11590.0 10087.0 0.14900366808763754 5 19 21.0 0.0 0.14900366808763754 0
24 ec.gp.GPIndividual@944212666{920150620} 563.0 10449.0 10054.0 0.03928784563357868 5 17 21.0 0.0 0.03928784563357868 0
24 ec.gp.GPIndividual@1434601486{-1026199914} 967.0 11066.0 10861.0 0.018874873400239387 5 19 21.0 0.0 0.018874873400239387 1
24 ec.gp.GPIndividual@255488226{-1640251826} 1012.0 11066.0 10861.0 0.018874873400239387 5 19 21.0 0.0 0.018874873400239387 1
24 ec.gp.GPIndividual@1262694095{-674272832} 1036.0 11066.0 10861.0 0.018874873400239387 5 21 21.0 0.0 0.018874873400239387 1
24 ec.gp.GPIndividual@1387411700{-2134326516} 687.0 8624.0 8387.0 0.028258018361750327 5 17 21.0 0.0 0.028258018361750327 1
24 ec.gp.GPIndividual@944212666{920150620} 677.0 8767.0 8387.0 0.04530821509478956 5 17 21.0 0.0 0.04530821509478956 0
24 ec.gp.GPIndividual@944212666{920150620} 80.0 16981.0 14578.0 0.16483742625874606 5 17 21.0 0.0 0.16483742625874606 0
24 ec.gp.GPIndividual@255488226{-1640251826} 721.0 10033.0 8160.0 0.22953431372549019 5 19 21.0 0.0 0.22953431372549019 1
24 ec.gp.GPIndividual@1387411700{-2134326516} 213.0 15613.0 14578.0 0.07099739333241871 5 17 21.0 0.0 0.07099739333241871 1
24 ec.gp.GPIndividual@1434601486{-1026199914} 873.0 8347.0 8160.0 0.022916666666666665 5 19 21.0 0.0 0.022916666666666665 1
24 ec.gp.GPIndividual@257906188{-90288149} 966.0 8328.0 8317.0 0.0013225922808705061 5 19 21.0 0.0 0.0013225922808705061 0
24 ec.gp.GPIndividual@1979812665{-1411453039} 252.0 10054.0 10054.0 0.0 5 15 21.0 0.0 0.0 1
24 ec.gp.GPIndividual@255488226{-1640251826} 527.0 13576.0 12802.0 0.06045930323386971 5 19 21.0 0.0 0.06045930323386971 1
24 ec.gp.GPIndividual@1387411700{-2134326516} 489.0 11658.0 10861.0 0.07338182487800386 5 17 21.0 0.0 0.07338182487800386 1
24 ec.gp.GPIndividual@944212666{920150620} 658.0 11066.0 10861.0 0.018874873400239387 5 17 21.0 0.0 0.018874873400239387 0
24 ec.gp.GPIndividual@1434601486{-1026199914} 704.0 12802.0 12802.0 0.0 5 19 21.0 0.0 0.0 2
24 ec.gp.GPIndividual@255488226{-1640251826} 436.0 10555.0 10087.0 0.04639635173986319 5 19 21.0 0.0 0.04639635173986319 1
24 ec.gp.GPIndividual@1434601486{-1026199914} 304.0 11159.0 10087.0 0.10627540398532764 5 19 21.0 0.0 0.10627540398532764 2
24 ec.gp.GPIndividual@1262694095{-674272832} 2029.0 8347.0 8160.0 0.022916666666666665 5 21 21.0 0.0 0.022916666666666665 1
24 ec.gp.GPIndividual@255488226{-1640251826} 546.0 8328.0 8317.0 0.0013225922808705061 5 19 21.0 0.0 0.0013225922808705061 1
24 ec.gp.GPIndividual@1142516157{-500549601} 214.0 10054.0 10054.0 0.0 5 13 21.0 0.0 0.0 1
24 ec.gp.GPIndividual@944212666{920150620} 1109.0 10033.0 8160.0 0.22953431372549019 5 17 21.0 0.0 0.22953431372549019 0
24 ec.gp.GPIndividual@1262694095{-674272832} 308.0 13528.0 12802.0 0.05670988907983127 5 21 21.0 0.0 0.05670988907983127 1
24 ec.gp.GPIndividual@944212666{920150620} 76.0 16012.0 12802.0 0.2507420715513201 5 17 21.0 0.0 0.2507420715513201 0
24 ec.gp.GPIndividual@1979812665{-1411453039} 1500.0 8561.0 8387.0 0.020746393227614165 5 15 21.0 0.0 0.020746393227614165 1
24 ec.gp.GPIndividual@944212666{920150620} 139.0 11543.0 10087.0 0.1443442054129077 5 17 21.0 0.0 0.1443442054129077 0
24 ec.gp.GPIndividual@1434601486{-1026199914} 824.0 8328.0 8317.0 0.0013225922808705061 5 19 21.0 0.0 0.0013225922808705061 2
24 ec.gp.GPIndividual@1964626780{619895507} 270.0 10054.0 10054.0 0.0 5 19 21.0 0.0 0.0 1
24 ec.gp.GPIndividual@1979812665{-1411453039} 405.0 15306.0 14578.0 0.04993826313623268 5 15 21.0 0.0 0.04993826313623268 1
24 ec.gp.GPIndividual@1387411700{-2134326516} 1953.0 8347.0 8160.0 0.022916666666666665 5 17 21.0 0.0 0.022916666666666665 1
24 ec.gp.GPIndividual@1262694095{-674272832} 733.0 10087.0 10087.0 0.0 5 21 21.0 0.0 0.0 2
24 ec.gp.GPIndividual@1979812665{-1411453039} 1108.0 11066.0 10861.0 0.018874873400239387 5 15 21.0 0.0 0.018874873400239387 1
24 ec.gp.GPIndividual@1262694095{-674272832} 905.0 8328.0 8317.0 0.0013225922808705061 5 21 21.0 0.0 0.0013225922808705061 2
24 ec.gp.GPIndividual@1387411700{-2134326516} 1015.0 12802.0 12802.0 0.0 5 17 21.0 0.0 0.0 2
24 ec.gp.GPIndividual@1964626780{619895507} 1364.0 8624.0 8387.0 0.028258018361750327 5 19 21.0 0.0 0.028258018361750327 1
24 ec.gp.GPIndividual@312939082{124775558} 234.0 10959.0 10054.0 0.09001392480604735 5 19 21.0 0.0 0.09001392480604735 0
24 ec.gp.GPIndividual@944212666{920150620} 1798.0 8328.0 8317.0 0.0013225922808705061 5 17 21.0 0.0 0.0013225922808705061 0
24 ec.gp.GPIndividual@1142516157{-500549601} 2116.0 8624.0 8387.0 0.028258018361750327 5 13 21.0 0.0 0.028258018361750327 1
24 ec.gp.GPIndividual@1964626780{619895507} 280.0 15613.0 14578.0 0.07099739333241871 5 19 21.0 0.0 0.07099739333241871 1
24 ec.gp.GPIndividual@312939082{124775558} 285.0 19584.0 8387.0 1.3350423274114702 5 19 21.0 0.0 1.3350423274114702 0
24 ec.gp.GPIndividual@1387411700{-2134326516} 452.0 10555.0 10087.0 0.04639635173986319 5 17 21.0 0.0 0.04639635173986319 2
24 ec.gp.GPIndividual@1263191673{-227943252} 256.0 10054.0 10054.0 0.0 5 21 21.0 0.0 0.0 1
24 ec.gp.GPIndividual@312939082{124775558} 81.0 19584.0 14578.0 0.3433941555768967 5 19 21.0 0.0 0.3433941555768967 0
24 ec.gp.GPIndividual@1979812665{-1411453039} 853.0 8347.0 8160.0 0.022916666666666665 5 15 21.0 0.0 0.022916666666666665 1
24 ec.gp.GPIndividual@312939082{124775558} 231.0 14446.0 10861.0 0.33008010312125957 5 19 21.0 0.0 0.33008010312125957 0
24 ec.gp.GPIndividual@312939082{124775558} 536.0 12345.0 8160.0 0.5128676470588235 5 19 21.0 0.0 0.5128676470588235 0
24 ec.gp.GPIndividual@312939082{124775558} 47.0 19584.0 12802.0 0.52976097484768 5 19 21.0 0.0 0.52976097484768 0
24 ec.gp.GPIndividual@1979812665{-1411453039} 603.0 12802.0 12802.0 0.0 5 15 21.0 0.0 0.0 2
24 ec.gp.GPIndividual@1263191673{-227943252} 923.0 8624.0 8387.0 0.028258018361750327 5 21 21.0 0.0 0.028258018361750327 1
24 ec.gp.GPIndividual@1964626780{619895507} 1113.0 11066.0 10861.0 0.018874873400239387 5 19 21.0 0.0 0.018874873400239387 1
24 ec.gp.GPIndividual@1387411700{-2134326516} 1039.0 8328.0 8317.0 0.0013225922808705061 5 17 21.0 0.0 0.0013225922808705061 2
24 ec.gp.GPIndividual@363790862{179487682} 0.0 109280.0 10054.0 1.0 1 1 21.0 0.0 1.0 0
24 ec.gp.GPIndividual@363790862{179487682} 0.0 109280.0 8387.0 1.0 1 1 21.0 0.0 1.0 0
24 ec.gp.GPIndividual@363790862{179487682} 0.0 109280.0 14578.0 1.0 1 1 21.0 0.0 1.0 0
24 ec.gp.GPIndividual@363790862{179487682} 0.0 109280.0 10861.0 1.0 1 1 21.0 0.0 1.0 0
24 ec.gp.GPIndividual@363790862{179487682} 0.0 109280.0 8160.0 1.0 1 1 21.0 0.0 1.0 0
24 ec.gp.GPIndividual@363790862{179487682} 0.0 109280.0 12802.0 1.0 1 1 21.0 0.0 1.0 0
24 ec.gp.GPIndividual@363790862{179487682} 0.0 109280.0 10087.0 1.0 1 1 21.0 0.0 1.0 0
24 ec.gp.GPIndividual@363790862{179487682} 0.0 109280.0 8317.0 1.0 1 1 21.0 0.0 1.0 0
24 ec.gp.GPIndividual@312939082{124775558} 184.0 11590.0 10087.0 0.14900366808763754 5 19 21.0 0.0 0.14900366808763754 0
24 ec.gp.GPIndividual@1142516157{-500549601} 1329.0 15186.0 14578.0 0.04170668130058993 5 13 21.0 0.0 0.04170668130058993 1
24 ec.gp.GPIndividual@1979812665{-1411453039} 311.0 11159.0 10087.0 0.10627540398532764 5 15 21.0 0.0 0.10627540398532764 2
24 ec.gp.GPIndividual@266405762{-1952930320} 445.0 10449.0 10054.0 0.03928784563357868 4 11 21.0 0.0 0.03928784563357868 0
24 ec.gp.GPIndividual@1964626780{619895507} 560.0 10033.0 8160.0 0.22953431372549019 5 19 21.0 0.0 0.22953431372549019 1
24 ec.gp.GPIndividual@312939082{124775558} 509.0 10465.0 8317.0 0.2582662017554407 5 19 21.0 0.0 0.2582662017554407 0
24 ec.gp.GPIndividual@1626720803{-2132798071} 36.0 11217.0 10054.0 0.1156753530932962 5 27 21.0 0.0 0.1156753530932962 0
24 ec.gp.GPIndividual@1979812665{-1411453039} 550.0 8328.0 8317.0 0.0013225922808705061 5 15 21.0 0.0 0.0013225922808705061 2
24 ec.gp.GPIndividual@1626720803{-2132798071} 286.0 19584.0 8387.0 1.3350423274114702 5 27 21.0 0.0 1.3350423274114702 0
24 ec.gp.GPIndividual@1111712235{-441080879} 204.0 10054.0 10054.0 0.0 5 19 21.0 0.0 0.0 1
24 ec.gp.GPIndividual@1626720803{-2132798071} 75.0 19584.0 14578.0 0.3433941555768967 5 27 21.0 0.0 0.3433941555768967 0
24 ec.gp.GPIndividual@1142516157{-500549601} 796.0 11066.0 10861.0 0.018874873400239387 5 13 21.0 0.0 0.018874873400239387 1
24 ec.gp.GPIndividual@1626720803{-2132798071} 215.0 12610.0 10861.0 0.16103489549765215 5 27 21.0 0.0 0.16103489549765215 0
24 ec.gp.GPIndividual@1142516157{-500549601} 516.0 10033.0 8160.0 0.22953431372549019 5 13 21.0 0.0 0.22953431372549019 1
24 ec.gp.GPIndividual@1111712235{-441080879} 643.0 8624.0 8387.0 0.028258018361750327 5 19 21.0 0.0 0.028258018361750327 1
24 ec.gp.GPIndividual@1263191673{-227943252} 1727.0 14888.0 14578.0 0.0212649197420771 5 21 21.0 0.0 0.0212649197420771 1
24 ec.gp.GPIndividual@1626720803{-2132798071} 541.0 10033.0 8160.0 0.22953431372549019 5 27 21.0 0.0 0.22953431372549019 0
24 ec.gp.GPIndividual@1626720803{-2132798071} 38.0 19584.0 12802.0 0.52976097484768 5 27 21.0 0.0 0.52976097484768 0
24 ec.gp.GPIndividual@266405762{-1952930320} 1350.0 8560.0 8387.0 0.020627161082627875 4 11 21.0 0.0 0.020627161082627875 0
24 ec.gp.GPIndividual@1263191673{-227943252} 211.0 12100.0 10861.0 0.11407789337998343 5 21 21.0 0.0 0.11407789337998343 1
24 ec.gp.GPIndividual@1626720803{-2132798071} 197.0 11590.0 10087.0 0.14900366808763754 5 27 21.0 0.0 0.14900366808763754 0
24 ec.gp.GPIndividual@1964626780{619895507} 1454.0 12802.0 12802.0 0.0 5 19 21.0 0.0 0.0 2
24 ec.gp.GPIndividual@266405762{-1952930320} 308.0 15443.0 14578.0 0.05933598573192482 4 11 21.0 0.0 0.05933598573192482 0
24 ec.gp.GPIndividual@1111712235{-441080879} 679.0 15186.0 14578.0 0.04170668130058993 5 19 21.0 0.0 0.04170668130058993 1
24 ec.gp.GPIndividual@1626720803{-2132798071} 544.0 8328.0 8317.0 0.0013225922808705061 5 27 21.0 0.0 0.0013225922808705061 0
24 ec.gp.GPIndividual@266405762{-1952930320} 458.0 11444.0 10861.0 0.05367829849921738 4 11 21.0 0.0 0.05367829849921738 0
24 ec.gp.GPIndividual@1253865807{-1049261956} 699.0 10141.0 10054.0 0.008653272329421126 5 15 21.0 0.0 0.008653272329421126 0
24 ec.gp.GPIndividual@266405762{-1952930320} 666.0 10033.0 8160.0 0.22953431372549019 4 11 21.0 0.0 0.22953431372549019 0
24 ec.gp.GPIndividual@1142516157{-500549601} 1843.0 12802.0 12802.0 0.0 5 13 21.0 0.0 0.0 2
24 ec.gp.GPIndividual@266405762{-1952930320} 77.0 19584.0 12802.0 0.52976097484768 4 11 21.0 0.0 0.52976097484768 0
24 ec.gp.GPIndividual@1111712235{-441080879} 1125.0 11066.0 10861.0 0.018874873400239387 5 19 21.0 0.0 0.018874873400239387 1
24 ec.gp.GPIndividual@1964626780{619895507} 1390.0 10087.0 10087.0 0.0 5 19 21.0 0.0 0.0 3
24 ec.gp.GPIndividual@1263191673{-227943252} 1569.0 8347.0 8160.0 0.022916666666666665 5 21 21.0 0.0 0.022916666666666665 1
24 ec.gp.GPIndividual@1253865807{-1049261956} 281.0 19584.0 8387.0 1.3350423274114702 5 15 21.0 0.0 1.3350423274114702 0
24 ec.gp.GPIndividual@1142516157{-500549601} 184.0 11590.0 10087.0 0.14900366808763754 5 13 21.0 0.0 0.14900366808763754 2
24 ec.gp.GPIndividual@266405762{-1952930320} 438.0 10555.0 10087.0 0.04639635173986319 4 11 21.0 0.0 0.04639635173986319 0
24 ec.gp.GPIndividual@1142516157{-500549601} 563.0 8328.0 8317.0 0.0013225922808705061 5 13 21.0 0.0 0.0013225922808705061 2
24 ec.gp.GPIndividual@1871516681{-695489927} 246.0 10054.0 10054.0 0.0 5 21 21.0 0.0 0.0 1
24 ec.gp.GPIndividual@266405762{-1952930320} 608.0 8328.0 8317.0 0.0013225922808705061 4 11 21.0 0.0 0.0013225922808705061 0
24 ec.gp.GPIndividual@674073355{1948675049} 0.0 104262.0 10054.0 0.9556395464491745 1 1 21.0 0.0 0.9556395464491745 0
24 ec.gp.GPIndividual@674073355{1948675049} 0.0 104262.0 8387.0 0.9468224633361154 1 1 21.0 0.0 0.9468224633361154 0
24 ec.gp.GPIndividual@674073355{1948675049} 0.0 104262.0 14578.0 0.9694059541775277 1 1 21.0 0.0 0.9694059541775277 0
24 ec.gp.GPIndividual@674073355{1948675049} 0.0 104262.0 10861.0 0.9589356412853328 1 1 21.0 0.0 0.9589356412853328 0
24 ec.gp.GPIndividual@674073355{1948675049} 0.0 104262.0 8160.0 0.9453431372549019 1 1 21.0 0.0 0.9453431372549019 0
24 ec.gp.GPIndividual@674073355{1948675049} 0.0 104262.0 12802.0 0.9651616934853929 1 1 21.0 0.0 0.9651616934853929 0
24 ec.gp.GPIndividual@674073355{1948675049} 0.0 104262.0 10087.0 0.9557846733419253 1 1 21.0 0.0 0.9557846733419253 0
24 ec.gp.GPIndividual@674073355{1948675049} 0.0 104262.0 8317.0 0.9463748947937959 1 1 21.0 0.0 0.9463748947937959 0
24 ec.gp.GPIndividual@1111712235{-441080879} 1282.0 8347.0 8160.0 0.022916666666666665 5 19 21.0 0.0 0.022916666666666665 1
24 ec.gp.GPIndividual@1111712235{-441080879} 112.0 13031.0 12802.0 0.01788783002655835 5 19 21.0 0.0 0.01788783002655835 1
24 ec.gp.GPIndividual@1253865807{-1049261956} 1436.0 15053.0 14578.0 0.03258334476608588 5 15 21.0 0.0 0.03258334476608588 0
24 ec.gp.GPIndividual@1263191673{-227943252} 1653.0 12802.0 12802.0 0.0 5 21 21.0 0.0 0.0 2
24 ec.gp.GPIndividual@1964626780{619895507} 1745.0 8328.0 8317.0 0.0013225922808705061 5 19 21.0 0.0 0.0013225922808705061 3
24 ec.gp.GPIndividual@1965892575{82247139} 0.0 99026.0 10054.0 0.9329620051720708 2 4 21.0 0.0 0.9329620051720708 0
24 ec.gp.GPIndividual@1965892575{82247139} 0.0 99026.0 8387.0 0.9196375342792417 2 4 21.0 0.0 0.9196375342792417 0
24 ec.gp.GPIndividual@1965892575{82247139} 0.0 99026.0 14578.0 0.9537659486898066 2 4 21.0 0.0 0.9537659486898066 0
24 ec.gp.GPIndividual@1965892575{82247139} 0.0 99026.0 10861.0 0.9379430991621398 2 4 21.0 0.0 0.9379430991621398 0
24 ec.gp.GPIndividual@1965892575{82247139} 0.0 99026.0 8160.0 0.9174019607843137 2 4 21.0 0.0 0.9174019607843137 0
24 ec.gp.GPIndividual@1965892575{82247139} 0.0 99026.0 12802.0 0.9473519762537104 2 4 21.0 0.0 0.9473519762537104 0
24 ec.gp.GPIndividual@1965892575{82247139} 0.0 99026.0 10087.0 0.9331813224942996 2 4 21.0 0.0 0.9331813224942996 0
24 ec.gp.GPIndividual@1965892575{82247139} 0.0 99026.0 8317.0 0.9189611638812072 2 4 21.0 0.0 0.9189611638812072 0
24 ec.gp.GPIndividual@1253865807{-1049261956} 1664.0 11066.0 10861.0 0.018874873400239387 5 15 21.0 0.0 0.018874873400239387 0
24 ec.gp.GPIndividual@1871516681{-695489927} 2284.0 8624.0 8387.0 0.028258018361750327 5 21 21.0 0.0 0.028258018361750327 1
24 ec.gp.GPIndividual@1263191673{-227943252} 1576.0 10087.0 10087.0 0.0 5 21 21.0 0.0 0.0 3
24 ec.gp.GPIndividual@1111712235{-441080879} 2587.0 10087.0 10087.0 0.0 5 19 21.0 0.0 0.0 2
24 ec.gp.GPIndividual@1263191673{-227943252} 1097.0 8328.0 8317.0 0.0013225922808705061 5 21 21.0 0.0 0.0013225922808705061 3
24 ec.gp.GPIndividual@1253865807{-1049261956} 1318.0 8347.0 8160.0 0.022916666666666665 5 15 21.0 0.0 0.022916666666666665 0
24 ec.gp.GPIndividual@1111712235{-441080879} 536.0 8328.0 8317.0 0.0013225922808705061 5 19 21.0 0.0 0.0013225922808705061 2
24 ec.gp.GPIndividual@1871516681{-695489927} 1486.0 15186.0 14578.0 0.04170668130058993 5 21 21.0 0.0 0.04170668130058993 1
24 ec.gp.GPIndividual@204361914{1333520184} 237.0 10054.0 10054.0 0.0 5 23 21.0 0.0 0.0 1
24 ec.gp.GPIndividual@1796957026{139530601} 3793.0 10141.0 10054.0 0.008653272329421126 5 23 21.0 0.0 0.008653272329421126 0
24 ec.gp.GPIndividual@1871516681{-695489927} 409.0 11444.0 10861.0 0.05367829849921738 5 21 21.0 0.0 0.05367829849921738 1
24 ec.gp.GPIndividual@204361914{1333520184} 383.0 8624.0 8387.0 0.028258018361750327 5 23 21.0 0.0 0.028258018361750327 1
24 ec.gp.GPIndividual@1253865807{-1049261956} 727.0 13012.0 12802.0 0.016403686923918137 5 15 21.0 0.0 0.016403686923918137 0
24 ec.gp.GPIndividual@204361914{1333520184} 119.0 15613.0 14578.0 0.07099739333241871 5 23 21.0 0.0 0.07099739333241871 1
24 ec.gp.GPIndividual@1871516681{-695489927} 1803.0 8347.0 8160.0 0.022916666666666665 5 21 21.0 0.0 0.022916666666666665 1
24 ec.gp.GPIndividual@204361914{1333520184} 1661.0 11066.0 10861.0 0.018874873400239387 5 23 21.0 0.0 0.018874873400239387 1
24 ec.gp.GPIndividual@1253865807{-1049261956} 1796.0 10087.0 10087.0 0.0 5 15 21.0 0.0 0.0 1
24 ec.gp.GPIndividual@1253865807{-1049261956} 1844.0 8328.0 8317.0 0.0013225922808705061 5 15 21.0 0.0 0.0013225922808705061 1
24 ec.gp.GPIndividual@417010561{1258201998} 37.0 13102.0 10054.0 0.3031629202307539 5 17 21.0 0.0 0.3031629202307539 0
24 ec.gp.GPIndividual@204361914{1333520184} 1994.0 8347.0 8160.0 0.022916666666666665 5 23 21.0 0.0 0.022916666666666665 1
24 ec.gp.GPIndividual@1796957026{139530601} 4148.0 8528.0 8387.0 0.016811732443066652 5 23 21.0 0.0 0.016811732443066652 0
24 ec.gp.GPIndividual@1871516681{-695489927} 2144.0 12802.0 12802.0 0.0 5 21 21.0 0.0 0.0 2
24 ec.gp.GPIndividual@417010561{1258201998} 296.0 11079.0 8387.0 0.3209729343030881 5 17 21.0 0.0 0.3209729343030881 0
24 ec.gp.GPIndividual@1871516681{-695489927} 214.0 11590.0 10087.0 0.14900366808763754 5 21 21.0 0.0 0.14900366808763754 2
24 ec.gp.GPIndividual@417010561{1258201998} 81.0 16873.0 14578.0 0.1574290026066676 5 17 21.0 0.0 0.1574290026066676 0
24 ec.gp.GPIndividual@417010561{1258201998} 122.0 12506.0 10861.0 0.1514593499677746 5 17 21.0 0.0 0.1514593499677746 0
24 ec.gp.GPIndividual@417010561{1258201998} 438.0 10763.0 8160.0 0.31899509803921566 5 17 21.0 0.0 0.31899509803921566 0
24 ec.gp.GPIndividual@204361914{1333520184} 976.0 12870.0 12802.0 0.005311670051554445 5 23 21.0 0.0 0.005311670051554445 1
24 ec.gp.GPIndividual@417010561{1258201998} 54.0 16012.0 12802.0 0.2507420715513201 5 17 21.0 0.0 0.2507420715513201 0
24 ec.gp.GPIndividual@417010561{1258201998} 113.0 11543.0 10087.0 0.1443442054129077 5 17 21.0 0.0 0.1443442054129077 0
24 ec.gp.GPIndividual@417010561{1258201998} 363.0 10465.0 8317.0 0.2582662017554407 5 17 21.0 0.0 0.2582662017554407 0
24 ec.gp.GPIndividual@1871516681{-695489927} 1720.0 8328.0 8317.0 0.0013225922808705061 5 21 21.0 0.0 0.0013225922808705061 2
24 ec.gp.GPIndividual@911637146{-695489927} 221.0 10054.0 10054.0 0.0 5 21 21.0 0.0 0.0 1
24 ec.gp.GPIndividual@1796957026{139530601} 2335.0 15194.0 14578.0 0.04225545342296611 5 23 21.0 0.0 0.04225545342296611 0
24 ec.gp.GPIndividual@204361914{1333520184} 1685.0 10087.0 10087.0 0.0 5 23 21.0 0.0 0.0 2
24 ec.gp.GPIndividual@851732370{1187029487} 1354.0 10141.0 10054.0 0.008653272329421126 5 19 21.0 0.0 0.008653272329421126 0
24 ec.gp.GPIndividual@851732370{1187029487} 333.0 11079.0 8387.0 0.3209729343030881 5 19 21.0 0.0 0.3209729343030881 0
24 ec.gp.GPIndividual@911637146{-695489927} 863.0 8560.0 8387.0 0.020627161082627875 5 21 21.0 0.0 0.020627161082627875 1
24 ec.gp.GPIndividual@204361914{1333520184} 594.0 8328.0 8317.0 0.0013225922808705061 5 23 21.0 0.0 0.0013225922808705061 2
24 ec.gp.GPIndividual@911637146{-695489927} 119.0 15613.0 14578.0 0.07099739333241871 5 21 21.0 0.0 0.07099739333241871 1
24 ec.gp.GPIndividual@851732370{1187029487} 153.0 16420.0 14578.0 0.1263547811771162 5 19 21.0 0.0 0.1263547811771162 0
24 ec.gp.GPIndividual@851732370{1187029487} 1855.0 10960.0 10861.0 0.009115182764018046 5 19 21.0 0.0 0.009115182764018046 0
24 ec.gp.GPIndividual@911637146{-695489927} 2062.0 11063.0 10861.0 0.01859865574072369 5 21 21.0 0.0 0.01859865574072369 1
24 ec.gp.GPIndividual@2041874437{-1301200403} 2531.0 10141.0 10054.0 0.008653272329421126 5 13 21.0 0.0 0.008653272329421126 0
24 ec.gp.GPIndividual@1796957026{139530601} 3613.0 11066.0 10861.0 0.018874873400239387 5 23 21.0 0.0 0.018874873400239387 0
24 ec.gp.GPIndividual@851732370{1187029487} 875.0 8347.0 8160.0 0.022916666666666665 5 19 21.0 0.0 0.022916666666666665 0
24 ec.gp.GPIndividual@911637146{-695489927} 709.0 10033.0 8160.0 0.22953431372549019 5 21 21.0 0.0 0.22953431372549019 1
24 ec.gp.GPIndividual@851732370{1187029487} 65.0 19584.0 12802.0 0.52976097484768 5 19 21.0 0.0 0.52976097484768 0
24 ec.gp.GPIndividual@851732370{1187029487} 164.0 11590.0 10087.0 0.14900366808763754 5 19 21.0 0.0 0.14900366808763754 0
24 ec.gp.GPIndividual@2041874437{-1301200403} 686.0 8767.0 8387.0 0.04530821509478956 5 13 21.0 0.0 0.04530821509478956 0
24 ec.gp.GPIndividual@2041874437{-1301200403} 155.0 15613.0 14578.0 0.07099739333241871 5 13 21.0 0.0 0.07099739333241871 0
24 ec.gp.GPIndividual@911637146{-695489927} 2290.0 12802.0 12802.0 0.0 5 21 21.0 0.0 0.0 2
24 ec.gp.GPIndividual@851732370{1187029487} 2188.0 8328.0 8317.0 0.0013225922808705061 5 19 21.0 0.0 0.0013225922808705061 0
24 ec.gp.GPIndividual@1796957026{139530601} 2591.0 8347.0 8160.0 0.022916666666666665 5 23 21.0 0.0 0.022916666666666665 0
24 ec.gp.GPIndividual@2041874437{-1301200403} 1944.0 11063.0 10861.0 0.01859865574072369 5 13 21.0 0.0 0.01859865574072369 0
24 ec.gp.GPIndividual@2091783995{-245828544} 226.0 10054.0 10054.0 0.0 5 19 21.0 0.0 0.0 1
24 ec.gp.GPIndividual@2041874437{-1301200403} 449.0 10033.0 8160.0 0.22953431372549019 5 13 21.0 0.0 0.22953431372549019 0
24 ec.gp.GPIndividual@2091783995{-245828544} 400.0 8624.0 8387.0 0.028258018361750327 5 19 21.0 0.0 0.028258018361750327 1
24 ec.gp.GPIndividual@1796957026{139530601} 533.0 13661.0 12802.0 0.06709889079831276 5 23 21.0 0.0 0.06709889079831276 0
24 ec.gp.GPIndividual@2041874437{-1301200403} 100.0 19584.0 12802.0 0.52976097484768 5 13 21.0 0.0 0.52976097484768 0
24 ec.gp.GPIndividual@2091783995{-245828544} 195.0 15443.0 14578.0 0.05933598573192482 5 19 21.0 0.0 0.05933598573192482 1
24 ec.gp.GPIndividual@911637146{-695489927} 1215.0 10087.0 10087.0 0.0 5 21 21.0 0.0 0.0 3
24 ec.gp.GPIndividual@911637146{-695489927} 2061.0 8328.0 8317.0 0.0013225922808705061 5 21 21.0 0.0 0.0013225922808705061 3
24 ec.gp.GPIndividual@2041874437{-1301200403} 2516.0 10087.0 10087.0 0.0 5 13 21.0 0.0 0.0 1
24 ec.gp.GPIndividual@2091783995{-245828544} 2462.0 11066.0 10861.0 0.018874873400239387 5 19 21.0 0.0 0.018874873400239387 1
24 ec.gp.GPIndividual@1782030802{-500549601} 207.0 10054.0 10054.0 0.0 5 13 21.0 0.0 0.0 1
24 ec.gp.GPIndividual@2091783995{-245828544} 465.0 10033.0 8160.0 0.22953431372549019 5 19 21.0 0.0 0.22953431372549019 1
24 ec.gp.GPIndividual@1782030802{-500549601} 437.0 8624.0 8387.0 0.028258018361750327 5 13 21.0 0.0 0.028258018361750327 1
24 ec.gp.GPIndividual@2041874437{-1301200403} 693.0 8328.0 8317.0 0.0013225922808705061 5 13 21.0 0.0 0.0013225922808705061 1
24 ec.gp.GPIndividual@1782030802{-500549601} 83.0 15613.0 14578.0 0.07099739333241871 5 13 21.0 0.0 0.07099739333241871 1
24 ec.gp.GPIndividual@51813449{492788244} 187.0 10959.0 10054.0 0.09001392480604735 5 19 21.0 0.0 0.09001392480604735 0
24 ec.gp.GPIndividual@51813449{492788244} 320.0 8767.0 8387.0 0.04530821509478956 5 19 21.0 0.0 0.04530821509478956 0
24 ec.gp.GPIndividual@2091783995{-245828544} 702.0 12802.0 12802.0 0.0 5 19 21.0 0.0 0.0 2
24 ec.gp.GPIndividual@51813449{492788244} 193.0 15229.0 14578.0 0.04465633145836192 5 19 21.0 0.0 0.04465633145836192 0
24 ec.gp.GPIndividual@2091783995{-245828544} 259.0 11159.0 10087.0 0.10627540398532764 5 19 21.0 0.0 0.10627540398532764 2
24 ec.gp.GPIndividual@51813449{492788244} 258.0 11066.0 10861.0 0.018874873400239387 5 19 21.0 0.0 0.018874873400239387 0
24 ec.gp.GPIndividual@1782030802{-500549601} 1022.0 11066.0 10861.0 0.018874873400239387 5 13 21.0 0.0 0.018874873400239387 1
24 ec.gp.GPIndividual@1782030802{-500549601} 476.0 10033.0 8160.0 0.22953431372549019 5 13 21.0 0.0 0.22953431372549019 1
24 ec.gp.GPIndividual@1782030802{-500549601} 151.0 13031.0 12802.0 0.01788783002655835 5 13 21.0 0.0 0.01788783002655835 1
24 ec.gp.GPIndividual@51813449{492788244} 725.0 8446.0 8160.0 0.03504901960784314 5 19 21.0 0.0 0.03504901960784314 0
24 ec.gp.GPIndividual@51813449{492788244} 88.0 14590.0 12802.0 0.13966567723793158 5 19 21.0 0.0 0.13966567723793158 0
24 ec.gp.GPIndividual@1782030802{-500549601} 156.0 11590.0 10087.0 0.14900366808763754 5 13 21.0 0.0 0.14900366808763754 1
24 ec.gp.GPIndividual@51813449{492788244} 212.0 10597.0 10087.0 0.05056012689600476 5 19 21.0 0.0 0.05056012689600476 0
24 ec.gp.GPIndividual@1796957026{139530601} 5385.0 10087.0 10087.0 0.0 5 23 21.0 0.0 0.0 1
24 ec.gp.GPIndividual@1782030802{-500549601} 480.0 8328.0 8317.0 0.0013225922808705061 5 13 21.0 0.0 0.0013225922808705061 1
24 ec.gp.GPIndividual@2091783995{-245828544} 1929.0 8328.0 8317.0 0.0013225922808705061 5 19 21.0 0.0 0.0013225922808705061 2
24 ec.gp.GPIndividual@51813449{492788244} 3794.0 8328.0 8317.0 0.0013225922808705061 5 19 21.0 0.0 0.0013225922808705061 0
24 ec.gp.GPIndividual@1796957026{139530601} 3742.0 8328.0 8317.0 0.0013225922808705061 5 23 21.0 0.0 0.0013225922808705061 1
24 ec.gp.GPIndividual@113877885{1799281752} 207.0 10054.0 10054.0 0.0 5 19 21.0 0.0 0.0 1
24 ec.gp.GPIndividual@113877885{1799281752} 2429.0 8528.0 8387.0 0.016811732443066652 5 19 21.0 0.0 0.016811732443066652 1
24 ec.gp.GPIndividual@113877885{1799281752} 183.0 15443.0 14578.0 0.05933598573192482 5 19 21.0 0.0 0.05933598573192482 1
24 ec.gp.GPIndividual@113877885{1799281752} 14556.0 10861.0 10861.0 0.0 5 19 21.0 0.0 0.0 2
24 ec.gp.GPIndividual@113877885{1799281752} 650.0 8347.0 8160.0 0.022916666666666665 5 19 21.0 0.0 0.022916666666666665 2
24 ec.gp.GPIndividual@113877885{1799281752} 211.0 13661.0 12802.0 0.06709889079831276 5 19 21.0 0.0 0.06709889079831276 2
24 ec.gp.GPIndividual@113877885{1799281752} 238.0 11159.0 10087.0 0.10627540398532764 5 19 21.0 0.0 0.10627540398532764 2
24 ec.gp.GPIndividual@113877885{1799281752} 8788.0 8328.0 8317.0 0.0013225922808705061 5 19 21.0 0.0 0.0013225922808705061 2
25 ec.gp.GPIndividual@1709992360{664513076} 0.0 105260.0 10054.0 0.8563755719116769 1 1 21.0 0.0 0.8563755719116769 0
25 ec.gp.GPIndividual@1510210041{1948675049} 0.0 104262.0 10054.0 0.9556395464491745 1 1 21.0 0.0 0.9556395464491745 0
25 ec.gp.GPIndividual@1709992360{664513076} 0.0 105260.0 8387.0 0.8278287826397996 1 1 21.0 0.0 0.8278287826397996 0
25 ec.gp.GPIndividual@1709992360{664513076} 0.0 25 ec.gp.GPIndividual@1510210041{1948675049} 105260.0 8387.0 0.9009466319110989 0.0 1 1 21.0 0.0 0.9009466319110989 0
104262.0 8387.0 0.9468224633361154 1 1 21.0 0.0 0.9468224633361154 0
25 ec.gp.GPIndividual@1709992360{664513076} 0.0 105260.0 10861.0 0.8670472332197772 1 1 21.0 0.0 0.8670472332197772 0
25 ec.gp.GPIndividual@1709992360{664513076} 0.0 105260.0 14578.0 0.8230392156862745 1 1 21.0 0.0 0.8230392156862745 0
25 ec.gp.GPIndividual@1510210041{1948675049} 0.0 104262.0 14578.0 0.9694059541775277 1 1 21.0 0.0 0.9694059541775277 0
25 ec.gp.GPIndividual@1709992360{664513076} 0.0 105260.0 12802.0 0.8872051241993438 1 1 21.0 0.0 0.8872051241993438 0
25 ec.gp.GPIndividual@1510210041{1948675049} 25 ec.gp.GPIndividual@1709992360{664513076} 0.0 0.0 105260.0 10087.0 0.8568454446317042 1 1 21.0 0.0 104262.0 10087.0 0.9589356412853328 0.8568454446317042 0
1 1 21.0 0.0 0.9589356412853328 0
25 ec.gp.GPIndividual@1709992360{664513076} 0.0 105260.0 8317.0 0.8263797042202717 1 1 21.0 0.0 0.8263797042202717 0
25 ec.gp.GPIndividual@1510210041{1948675049} 0.0 104262.0 8160.0 0.9453431372549019 1 1 21.0 0.0 0.9453431372549019 0
25 ec.gp.GPIndividual@1510210041{1948675049} 0.0 104262.0 12802.0 0.9651616934853929 1 1 21.0 0.0 0.9651616934853929 0
25 ec.gp.GPIndividual@1510210041{1948675049} 0.0 104262.0 10087.0 0.9557846733419253 1 1 21.0 0.0 0.9557846733419253 0
25 ec.gp.GPIndividual@1510210041{1948675049} 0.0 104262.0 8317.0 0.9463748947937959 1 1 21.0 0.0 0.9463748947937959 0
25 ec.gp.GPIndividual@18049329{1164802771} 41.0 11217.0 10054.0 0.1156753530932962 5 13 21.0 0.0 0.1156753530932962 0
25 ec.gp.GPIndividual@406180492{-577959684} 214.0 10054.0 10054.0 0.0 5 21 21.0 0.0 0.0 1
25 ec.gp.GPIndividual@1705162093{1524938122} 250.0 10054.0 10054.0 0.0 5 19 21.0 0.0 0.0 1
25 ec.gp.GPIndividual@1433501664{264517580} 334.0 10959.0 10054.0 0.09001392480604735 5 15 21.0 0.0 0.09001392480604735 0
25 ec.gp.GPIndividual@18049329{1164802771} 295.0 19584.0 8387.0 1.3350423274114702 5 13 21.0 0.0 1.3350423274114702 0
25 ec.gp.GPIndividual@618056067{1822721355} 394.0 10959.0 10054.0 0.09001392480604735 5 21 21.0 0.0 0.09001392480604735 0
25 ec.gp.GPIndividual@18049329{1164802771} 72.0 19584.0 14578.0 0.3433941555768967 5 13 21.0 0.0 0.3433941555768967 0
25 ec.gp.GPIndividual@1648759872{2022290926} 427.0 10959.0 10054.0 0.09001392480604735 5 20 21.0 0.0 0.09001392480604735 0
25 ec.gp.GPIndividual@1433501664{264517580} 282.0 19584.0 8387.0 1.3350423274114702 5 15 21.0 0.0 1.3350423274114702 0
25 ec.gp.GPIndividual@18049329{1164802771} 219.0 12610.0 10861.0 0.16103489549765215 5 13 21.0 0.0 0.16103489549765215 0
25 ec.gp.GPIndividual@1648759872{2022290926} 303.0 17367.0 8387.0 1.070704661976869 5 20 21.0 0.0 1.070704661976869 0
25 ec.gp.GPIndividual@1648759872{2022290926} 69.0 18114.0 14578.0 0.24255727809027303 5 20 21.0 0.0 0.24255727809027303 0
25 ec.gp.GPIndividual@1433501664{264517580} 198.0 15613.0 14578.0 0.07099739333241871 5 15 21.0 0.0 0.07099739333241871 0
25 ec.gp.GPIndividual@18049329{1164802771} 534.0 10033.0 8160.0 0.22953431372549019 5 13 21.0 0.0 0.22953431372549019 0
25 ec.gp.GPIndividual@18049329{1164802771} 42.0 19584.0 12802.0 0.52976097484768 5 13 21.0 0.0 0.52976097484768 0
25 ec.gp.GPIndividual@18049329{1164802771} 177.0 11590.0 10087.0 0.14900366808763754 5 13 21.0 0.0 0.14900366808763754 0
25 ec.gp.GPIndividual@1648759872{2022290926} 734.0 11066.0 10861.0 0.018874873400239387 5 20 21.0 0.0 0.018874873400239387 0
25 ec.gp.GPIndividual@1705162093{1524938122} 1552.0 8624.0 8387.0 0.028258018361750327 5 19 21.0 0.0 0.028258018361750327 1
25 ec.gp.GPIndividual@18049329{1164802771} 565.0 8328.0 8317.0 0.0013225922808705061 5 13 21.0 0.0 0.0013225922808705061 0
25 ec.gp.GPIndividual@1159909323{571563360} 0.0 99798.0 10054.0 0.8561766461110006 3 7 21.0 0.0 0.8561766461110006 0
25 ec.gp.GPIndividual@1159909323{571563360} 0.0 99798.0 8387.0 0.8275903183498271 3 7 21.0 0.0 0.8275903183498271 0
25 ec.gp.GPIndividual@1159909323{571563360} 0.0 99972.0 14578.0 0.8888736452188228 3 7 21.0 0.0 0.8888736452188228 0
25 ec.gp.GPIndividual@1159909323{571563360} 0.0 99798.0 10861.0 0.8668630881134334 3 7 21.0 0.0 0.8668630881134334 0
25 ec.gp.GPIndividual@1159909323{571563360} 0.0 99798.0 8160.0 0.8227941176470588 3 7 21.0 0.0 0.8227941176470588 0
25 ec.gp.GPIndividual@1159909323{571563360} 0.0 99798.0 12802.0 0.8870488986095922 3 7 21.0 0.0 0.8870488986095922 0
25 ec.gp.GPIndividual@1159909323{571563360} 0.0 99798.0 10087.0 0.8566471696242689 3 7 21.0 0.0 0.8566471696242689 0
25 ec.gp.GPIndividual@1159909323{571563360} 0.0 99798.0 8317.0 0.8261392328964771 3 7 21.0 0.0 0.8261392328964771 0
25 ec.gp.GPIndividual@406180492{-577959684} 1871.0 8624.0 8387.0 0.028258018361750327 5 21 21.0 0.0 0.028258018361750327 1
25 ec.gp.GPIndividual@1705162093{1524938122} 331.0 14697.0 14578.0 0.008162985320345727 5 19 21.0 0.0 0.008162985320345727 1
25 ec.gp.GPIndividual@1972548734{-1598383141} 237.0 10054.0 10054.0 0.0 5 13 21.0 0.0 0.0 1
25 ec.gp.GPIndividual@618056067{1822721355} 2040.0 8560.0 8387.0 0.020627161082627875 5 21 21.0 0.0 0.020627161082627875 0
25 ec.gp.GPIndividual@1648759872{2022290926} 919.0 8773.0 8160.0 0.07512254901960784 5 20 21.0 0.0 0.07512254901960784 0
25 ec.gp.GPIndividual@1972548734{-1598383141} 298.0 8448.0 8387.0 0.007273160844163586 5 13 21.0 0.0 0.007273160844163586 1
25 ec.gp.GPIndividual@1648759872{2022290926} 40.0 16275.0 12802.0 0.2712857366036557 5 20 21.0 0.0 0.2712857366036557 0
25 ec.gp.GPIndividual@406180492{-577959684} 440.0 15306.0 14578.0 0.04993826313623268 5 21 21.0 0.0 0.04993826313623268 1
25 ec.gp.GPIndividual@1705162093{1524938122} 393.0 11658.0 10861.0 0.07338182487800386 5 19 21.0 0.0 0.07338182487800386 1
25 ec.gp.GPIndividual@1433501664{264517580} 1740.0 11066.0 10861.0 0.018874873400239387 5 15 21.0 0.0 0.018874873400239387 0
25 ec.gp.GPIndividual@1433501664{264517580} 553.0 10033.0 8160.0 0.22953431372549019 5 15 21.0 0.0 0.22953431372549019 0
25 ec.gp.GPIndividual@406180492{-577959684} 632.0 11247.0 10861.0 0.03554000552435319 5 21 21.0 0.0 0.03554000552435319 1
25 ec.gp.GPIndividual@1433501664{264517580} 69.0 19584.0 12802.0 0.52976097484768 5 15 21.0 0.0 0.52976097484768 0
25 ec.gp.GPIndividual@1705162093{1524938122} 701.0 10033.0 8160.0 0.22953431372549019 5 19 21.0 0.0 0.22953431372549019 1
25 ec.gp.GPIndividual@1705162093{1524938122} 102.0 13031.0 12802.0 0.01788783002655835 5 19 21.0 0.0 0.01788783002655835 1
25 ec.gp.GPIndividual@1648759872{2022290926} 904.0 10482.0 10087.0 0.039159313968474274 5 20 21.0 0.0 0.039159313968474274 0
25 ec.gp.GPIndividual@1972548734{-1598383141} 915.0 15186.0 14578.0 0.04170668130058993 5 13 21.0 0.0 0.04170668130058993 1
25 ec.gp.GPIndividual@618056067{1822721355} 1041.0 15194.0 14578.0 0.04225545342296611 5 21 21.0 0.0 0.04225545342296611 0
25 ec.gp.GPIndividual@406180492{-577959684} 828.0 8347.0 8160.0 0.022916666666666665 5 21 21.0 0.0 0.022916666666666665 1
25 ec.gp.GPIndividual@1972548734{-1598383141} 639.0 11247.0 10861.0 0.03554000552435319 5 13 21.0 0.0 0.03554000552435319 1
25 ec.gp.GPIndividual@1433501664{264517580} 1267.0 10087.0 10087.0 0.0 5 15 21.0 0.0 0.0 1
25 ec.gp.GPIndividual@1972548734{-1598383141} 549.0 10033.0 8160.0 0.22953431372549019 5 13 21.0 0.0 0.22953431372549019 1
25 ec.gp.GPIndividual@1972548734{-1598383141} 97.0 13031.0 12802.0 0.01788783002655835 5 13 21.0 0.0 0.01788783002655835 1
25 ec.gp.GPIndividual@1972548734{-1598383141} 181.0 11590.0 10087.0 0.14900366808763754 5 13 21.0 0.0 0.14900366808763754 1
25 ec.gp.GPIndividual@406180492{-577959684} 1023.0 12802.0 12802.0 0.0 5 21 21.0 0.0 0.0 2
25 ec.gp.GPIndividual@1705162093{1524938122} 1681.0 10087.0 10087.0 0.0 5 19 21.0 0.0 0.0 2
25 ec.gp.GPIndividual@406180492{-577959684} 305.0 11159.0 10087.0 0.10627540398532764 5 21 21.0 0.0 0.10627540398532764 2
25 ec.gp.GPIndividual@1972548734{-1598383141} 540.0 8328.0 8317.0 0.0013225922808705061 5 13 21.0 0.0 0.0013225922808705061 1
25 ec.gp.GPIndividual@1040921594{-717665654} 238.0 10054.0 10054.0 0.0 5 19 21.0 0.0 0.0 1
25 ec.gp.GPIndividual@1433501664{264517580} 1298.0 8328.0 8317.0 0.0013225922808705061 5 15 21.0 0.0 0.0013225922808705061 1
25 ec.gp.GPIndividual@1705162093{1524938122} 829.0 8328.0 8317.0 0.0013225922808705061 5 19 21.0 0.0 0.0013225922808705061 2
25 ec.gp.GPIndividual@268407665{-1342709874} 50.0 10822.0 10054.0 0.07638750745971752 5 16 21.0 0.0 0.07638750745971752 0
25 ec.gp.GPIndividual@368454100{-577959684} 262.0 10054.0 10054.0 0.0 5 21 21.0 0.0 0.0 1
25 ec.gp.GPIndividual@1648759872{2022290926} 2735.0 8328.0 8317.0 0.0013225922808705061 5 20 21.0 0.0 0.0013225922808705061 0
25 ec.gp.GPIndividual@406180492{-577959684} 820.0 8328.0 8317.0 0.0013225922808705061 5 21 21.0 0.0 0.0013225922808705061 2
25 ec.gp.GPIndividual@1596996540{664513076} 0.0 105260.0 10054.0 0.8563755719116769 1 1 21.0 0.0 0.8563755719116769 0
25 ec.gp.GPIndividual@1596996540{664513076} 0.0 105260.0 8387.0 0.8278287826397996 1 1 21.0 0.0 0.8278287826397996 0
25 ec.gp.GPIndividual@1596996540{664513076} 0.0 105260.0 14578.0 0.9009466319110989 1 1 21.0 0.0 0.9009466319110989 0
25 ec.gp.GPIndividual@1596996540{664513076} 0.0 105260.0 10861.0 0.8670472332197772 1 1 21.0 0.0 0.8670472332197772 0
25 ec.gp.GPIndividual@1596996540{664513076} 0.0 105260.0 8160.0 0.8230392156862745 1 1 21.0 0.0 0.8230392156862745 0
25 ec.gp.GPIndividual@1596996540{664513076} 0.0 105260.0 12802.0 0.8872051241993438 1 1 21.0 0.0 0.8872051241993438 0
25 ec.gp.GPIndividual@1596996540{664513076} 0.0 105260.0 10087.0 0.8568454446317042 1 1 21.0 0.0 0.8568454446317042 0
25 ec.gp.GPIndividual@1596996540{664513076} 0.0 105260.0 8317.0 0.8263797042202717 1 1 21.0 0.0 0.8263797042202717 0
25 ec.gp.GPIndividual@1678278709{1702144448} 43.0 11217.0 10054.0 0.1156753530932962 5 17 21.0 0.0 0.1156753530932962 0
25 ec.gp.GPIndividual@268407665{-1342709874} 295.0 8448.0 8387.0 0.007273160844163586 5 16 21.0 0.0 0.007273160844163586 0
25 ec.gp.GPIndividual@618056067{1822721355} 2721.0 11066.0 10861.0 0.018874873400239387 5 21 21.0 0.0 0.018874873400239387 0
25 ec.gp.GPIndividual@268407665{-1342709874} 80.0 14697.0 14578.0 0.008162985320345727 5 16 21.0 0.0 0.008162985320345727 0
25 ec.gp.GPIndividual@1732321336{-97983755} 261.0 10054.0 10054.0 0.0 5 18 21.0 0.0 0.0 1
25 ec.gp.GPIndividual@1678278709{1702144448} 285.0 19584.0 8387.0 1.3350423274114702 5 17 21.0 0.0 1.3350423274114702 0
25 ec.gp.GPIndividual@268407665{-1342709874} 220.0 12100.0 10861.0 0.11407789337998343 5 16 21.0 0.0 0.11407789337998343 0
25 ec.gp.GPIndividual@1678278709{1702144448} 72.0 19584.0 14578.0 0.3433941555768967 5 17 21.0 0.0 0.3433941555768967 0
25 ec.gp.GPIndividual@1678278709{1702144448} 225.0 12610.0 10861.0 0.16103489549765215 5 17 21.0 0.0 0.16103489549765215 0
25 ec.gp.GPIndividual@1678278709{1702144448} 571.0 10033.0 8160.0 0.22953431372549019 5 17 21.0 0.0 0.22953431372549019 0
25 ec.gp.GPIndividual@268407665{-1342709874} 850.0 8347.0 8160.0 0.022916666666666665 5 16 21.0 0.0 0.022916666666666665 0
25 ec.gp.GPIndividual@1678278709{1702144448} 42.0 19584.0 12802.0 0.52976097484768 5 17 21.0 0.0 0.52976097484768 0
25 ec.gp.GPIndividual@268407665{-1342709874} 53.0 13031.0 12802.0 0.01788783002655835 5 16 21.0 0.0 0.01788783002655835 0
25 ec.gp.GPIndividual@1040921594{-717665654} 1808.0 8624.0 8387.0 0.028258018361750327 5 19 21.0 0.0 0.028258018361750327 1
25 ec.gp.GPIndividual@368454100{-577959684} 1486.0 8561.0 8387.0 0.020746393227614165 5 21 21.0 0.0 0.020746393227614165 1
25 ec.gp.GPIndividual@1678278709{1702144448} 193.0 11590.0 10087.0 0.14900366808763754 5 17 21.0 0.0 0.14900366808763754 0
25 ec.gp.GPIndividual@1732321336{-97983755} 1264.0 8624.0 8387.0 0.028258018361750327 5 18 21.0 0.0 0.028258018361750327 1
25 ec.gp.GPIndividual@268407665{-1342709874} 304.0 11159.0 10087.0 0.10627540398532764 5 16 21.0 0.0 0.10627540398532764 0
25 ec.gp.GPIndividual@618056067{1822721355} 1571.0 8347.0 8160.0 0.022916666666666665 5 21 21.0 0.0 0.022916666666666665 0
25 ec.gp.GPIndividual@1040921594{-717665654} 378.0 15306.0 14578.0 0.04993826313623268 5 19 21.0 0.0 0.04993826313623268 1
25 ec.gp.GPIndividual@1678278709{1702144448} 532.0 8328.0 8317.0 0.0013225922808705061 5 17 21.0 0.0 0.0013225922808705061 0
25 ec.gp.GPIndividual@2024240304{-1563036644} 263.0 10054.0 10054.0 0.0 5 21 21.0 0.0 0.0 1
25 ec.gp.GPIndividual@1040921594{-717665654} 605.0 11444.0 10861.0 0.05367829849921738 5 19 21.0 0.0 0.05367829849921738 1
25 ec.gp.GPIndividual@268407665{-1342709874} 759.0 8328.0 8317.0 0.0013225922808705061 5 16 21.0 0.0 0.0013225922808705061 0
25 ec.gp.GPIndividual@1732321336{-97983755} 954.0 15186.0 14578.0 0.04170668130058993 5 18 21.0 0.0 0.04170668130058993 1
25 ec.gp.GPIndividual@191482478{-1056151946} 210.0 10959.0 10054.0 0.09001392480604735 5 17 21.0 0.0 0.09001392480604735 0
25 ec.gp.GPIndividual@1732321336{-97983755} 310.0 12100.0 10861.0 0.11407789337998343 5 18 21.0 0.0 0.11407789337998343 1
25 ec.gp.GPIndividual@368454100{-577959684} 1651.0 15186.0 14578.0 0.04170668130058993 5 21 21.0 0.0 0.04170668130058993 1
25 ec.gp.GPIndividual@191482478{-1056151946} 652.0 8767.0 8387.0 0.04530821509478956 5 17 21.0 0.0 0.04530821509478956 0
25 ec.gp.GPIndividual@1040921594{-717665654} 884.0 8347.0 8160.0 0.022916666666666665 5 19 21.0 0.0 0.022916666666666665 1
25 ec.gp.GPIndividual@368454100{-577959684} 220.0 12100.0 10861.0 0.11407789337998343 5 21 21.0 0.0 0.11407789337998343 1
25 ec.gp.GPIndividual@191482478{-1056151946} 168.0 15549.0 14578.0 0.06660721635340924 5 17 21.0 0.0 0.06660721635340924 0
25 ec.gp.GPIndividual@2024240304{-1563036644} 1182.0 8624.0 8387.0 0.028258018361750327 5 21 21.0 0.0 0.028258018361750327 1
25 ec.gp.GPIndividual@191482478{-1056151946} 136.0 11280.0 10861.0 0.03857839977902587 5 17 21.0 0.0 0.03857839977902587 0
25 ec.gp.GPIndividual@1732321336{-97983755} 867.0 8347.0 8160.0 0.022916666666666665 5 18 21.0 0.0 0.022916666666666665 1
25 ec.gp.GPIndividual@2024240304{-1563036644} 318.0 15306.0 14578.0 0.04993826313623268 5 21 21.0 0.0 0.04993826313623268 1
25 ec.gp.GPIndividual@618056067{1822721355} 2142.0 12802.0 12802.0 0.0 5 21 21.0 0.0 0.0 1
25 ec.gp.GPIndividual@191482478{-1056151946} 526.0 8564.0 8160.0 0.049509803921568625 5 17 21.0 0.0 0.049509803921568625 0
25 ec.gp.GPIndividual@1732321336{-97983755} 399.0 14041.0 12802.0 0.09678175285111701 5 18 21.0 0.0 0.09678175285111701 1
25 ec.gp.GPIndividual@191482478{-1056151946} 71.0 14590.0 12802.0 0.13966567723793158 5 17 21.0 0.0 0.13966567723793158 0
25 ec.gp.GPIndividual@368454100{-577959684} 864.0 8347.0 8160.0 0.022916666666666665 5 21 21.0 0.0 0.022916666666666665 1
25 ec.gp.GPIndividual@618056067{1822721355} 427.0 11159.0 10087.0 0.10627540398532764 5 21 21.0 0.0 0.10627540398532764 1
25 ec.gp.GPIndividual@191482478{-1056151946} 247.0 10597.0 10087.0 0.05056012689600476 5 17 21.0 0.0 0.05056012689600476 0
25 ec.gp.GPIndividual@1732321336{-97983755} 315.0 11159.0 10087.0 0.10627540398532764 5 18 21.0 0.0 0.10627540398532764 1
25 ec.gp.GPIndividual@368454100{-577959684} 347.0 13031.0 12802.0 0.01788783002655835 5 21 21.0 0.0 0.01788783002655835 1
25 ec.gp.GPIndividual@1040921594{-717665654} 1334.0 12802.0 12802.0 0.0 5 19 21.0 0.0 0.0 2
25 ec.gp.GPIndividual@1040921594{-717665654} 207.0 11590.0 10087.0 0.14900366808763754 5 19 21.0 0.0 0.14900366808763754 2
25 ec.gp.GPIndividual@368454100{-577959684} 305.0 11159.0 10087.0 0.10627540398532764 5 21 21.0 0.0 0.10627540398532764 1
25 ec.gp.GPIndividual@2024240304{-1563036644} 1028.0 11066.0 10861.0 0.018874873400239387 5 21 21.0 0.0 0.018874873400239387 1
25 ec.gp.GPIndividual@368454100{-577959684} 554.0 8328.0 8317.0 0.0013225922808705061 5 21 21.0 0.0 0.0013225922808705061 1
25 ec.gp.GPIndividual@2024240304{-1563036644} 765.0 10033.0 8160.0 0.22953431372549019 5 21 21.0 0.0 0.22953431372549019 1
25 ec.gp.GPIndividual@69153807{-577959684} 245.0 10054.0 10054.0 0.0 5 21 21.0 0.0 0.0 1
25 ec.gp.GPIndividual@1732321336{-97983755} 1190.0 8328.0 8317.0 0.0013225922808705061 5 18 21.0 0.0 0.0013225922808705061 1
25 ec.gp.GPIndividual@808395827{-1461197599} 48.0 10822.0 10054.0 0.07638750745971752 5 21 21.0 0.0 0.07638750745971752 0
25 ec.gp.GPIndividual@191482478{-1056151946} 1327.0 8328.0 8317.0 0.0013225922808705061 5 17 21.0 0.0 0.0013225922808705061 0
25 ec.gp.GPIndividual@808395827{-1461197599} 282.0 18390.0 8387.0 1.1926791462978419 5 21 21.0 0.0 1.1926791462978419 0
25 ec.gp.GPIndividual@369998964{1043797683} 282.0 10959.0 10054.0 0.09001392480604735 5 21 21.0 0.0 0.09001392480604735 0
25 ec.gp.GPIndividual@2024240304{-1563036644} 436.0 12802.0 12802.0 0.0 5 21 21.0 0.0 0.0 2
25 ec.gp.GPIndividual@808395827{-1461197599} 73.0 18619.0 14578.0 0.2771985183152696 5 21 21.0 0.0 0.2771985183152696 0
25 ec.gp.GPIndividual@1040921594{-717665654} 1312.0 8328.0 8317.0 0.0013225922808705061 5 19 21.0 0.0 0.0013225922808705061 2
25 ec.gp.GPIndividual@617324523{-607778457} 38.0 10822.0 10054.0 0.07638750745971752 5 18 21.0 0.0 0.07638750745971752 0
25 ec.gp.GPIndividual@808395827{-1461197599} 224.0 12100.0 10861.0 0.11407789337998343 5 21 21.0 0.0 0.11407789337998343 0
25 ec.gp.GPIndividual@618056067{1822721355} 2054.0 8328.0 8317.0 0.0013225922808705061 5 21 21.0 0.0 0.0013225922808705061 1
25 ec.gp.GPIndividual@2024240304{-1563036644} 328.0 11159.0 10087.0 0.10627540398532764 5 21 21.0 0.0 0.10627540398532764 2
25 ec.gp.GPIndividual@617324523{-607778457} 313.0 8448.0 8387.0 0.007273160844163586 5 18 21.0 0.0 0.007273160844163586 0
25 ec.gp.GPIndividual@2046790076{1822721355} 218.0 10054.0 10054.0 0.0 5 21 21.0 0.0 0.0 1
25 ec.gp.GPIndividual@617324523{-607778457} 89.0 14697.0 14578.0 0.008162985320345727 5 18 21.0 0.0 0.008162985320345727 0
25 ec.gp.GPIndividual@617324523{-607778457} 214.0 12100.0 10861.0 0.11407789337998343 5 18 21.0 0.0 0.11407789337998343 0
25 ec.gp.GPIndividual@808395827{-1461197599} 525.0 10033.0 8160.0 0.22953431372549019 5 21 21.0 0.0 0.22953431372549019 0
25 ec.gp.GPIndividual@808395827{-1461197599} 42.0 18424.0 12802.0 0.4391501327917513 5 21 21.0 0.0 0.4391501327917513 0
25 ec.gp.GPIndividual@2024240304{-1563036644} 524.0 8328.0 8317.0 0.0013225922808705061 5 21 21.0 0.0 0.0013225922808705061 2
25 ec.gp.GPIndividual@808395827{-1461197599} 185.0 11590.0 10087.0 0.14900366808763754 5 21 21.0 0.0 0.14900366808763754 0
25 ec.gp.GPIndividual@808395827{-1461197599} 500.0 8328.0 8317.0 0.0013225922808705061 5 21 21.0 0.0 0.0013225922808705061 0
25 ec.gp.GPIndividual@914926263{-577959684} 252.0 10054.0 10054.0 0.0 5 21 21.0 0.0 0.0 1
25 ec.gp.GPIndividual@69153807{-577959684} 2287.0 8624.0 8387.0 0.028258018361750327 5 21 21.0 0.0 0.028258018361750327 1
25 ec.gp.GPIndividual@369998964{1043797683} 2020.0 8528.0 8387.0 0.016811732443066652 5 21 21.0 0.0 0.016811732443066652 0
25 ec.gp.GPIndividual@617324523{-607778457} 1313.0 8347.0 8160.0 0.022916666666666665 5 18 21.0 0.0 0.022916666666666665 0
25 ec.gp.GPIndividual@914926263{-577959684} 347.0 8448.0 8387.0 0.007273160844163586 5 21 21.0 0.0 0.007273160844163586 1
25 ec.gp.GPIndividual@69153807{-577959684} 243.0 14697.0 14578.0 0.008162985320345727 5 21 21.0 0.0 0.008162985320345727 1
25 ec.gp.GPIndividual@617324523{-607778457} 70.0 13031.0 12802.0 0.01788783002655835 5 18 21.0 0.0 0.01788783002655835 0
25 ec.gp.GPIndividual@369998964{1043797683} 148.0 19584.0 14578.0 0.3433941555768967 5 21 21.0 0.0 0.3433941555768967 0
25 ec.gp.GPIndividual@2046790076{1822721355} 1973.0 8624.0 8387.0 0.028258018361750327 5 21 21.0 0.0 0.028258018361750327 1
25 ec.gp.GPIndividual@617324523{-607778457} 436.0 10555.0 10087.0 0.04639635173986319 5 18 21.0 0.0 0.04639635173986319 0
25 ec.gp.GPIndividual@914926263{-577959684} 477.0 15186.0 14578.0 0.04170668130058993 5 21 21.0 0.0 0.04170668130058993 1
25 ec.gp.GPIndividual@617324523{-607778457} 1267.0 8328.0 8317.0 0.0013225922808705061 5 18 21.0 0.0 0.0013225922808705061 0
25 ec.gp.GPIndividual@2046790076{1822721355} 1514.0 15186.0 14578.0 0.04170668130058993 5 21 21.0 0.0 0.04170668130058993 1
25 ec.gp.GPIndividual@369998964{1043797683} 1862.0 11066.0 10861.0 0.018874873400239387 5 21 21.0 0.0 0.018874873400239387 0
25 ec.gp.GPIndividual@914926263{-577959684} 1458.0 11066.0 10861.0 0.018874873400239387 5 21 21.0 0.0 0.018874873400239387 1
25 ec.gp.GPIndividual@69153807{-577959684} 1945.0 11066.0 10861.0 0.018874873400239387 5 21 21.0 0.0 0.018874873400239387 1
25 ec.gp.GPIndividual@914926263{-577959684} 735.0 8347.0 8160.0 0.022916666666666665 5 21 21.0 0.0 0.022916666666666665 1
25 ec.gp.GPIndividual@69153807{-577959684} 721.0 8347.0 8160.0 0.022916666666666665 5 21 21.0 0.0 0.022916666666666665 1
25 ec.gp.GPIndividual@69153807{-577959684} 82.0 13031.0 12802.0 0.01788783002655835 5 21 21.0 0.0 0.01788783002655835 1
25 ec.gp.GPIndividual@914926263{-577959684} 112.0 13031.0 12802.0 0.01788783002655835 5 21 21.0 0.0 0.01788783002655835 1
25 ec.gp.GPIndividual@69153807{-577959684} 268.0 11159.0 10087.0 0.10627540398532764 5 21 21.0 0.0 0.10627540398532764 1
25 ec.gp.GPIndividual@914926263{-577959684} 270.0 11159.0 10087.0 0.10627540398532764 5 21 21.0 0.0 0.10627540398532764 1
25 ec.gp.GPIndividual@369998964{1043797683} 1345.0 8347.0 8160.0 0.022916666666666665 5 21 21.0 0.0 0.022916666666666665 0
25 ec.gp.GPIndividual@2046790076{1822721355} 1395.0 11066.0 10861.0 0.018874873400239387 5 21 21.0 0.0 0.018874873400239387 1
25 ec.gp.GPIndividual@914926263{-577959684} 1552.0 8328.0 8317.0 0.0013225922808705061 5 21 21.0 0.0 0.0013225922808705061 1
25 ec.gp.GPIndividual@2046790076{1822721355} 1359.0 8347.0 8160.0 0.022916666666666665 5 21 21.0 0.0 0.022916666666666665 1
25 ec.gp.GPIndividual@69153807{-577959684} 1729.0 8328.0 8317.0 0.0013225922808705061 5 21 21.0 0.0 0.0013225922808705061 1
25 ec.gp.GPIndividual@142933112{972807469} 225.0 10054.0 10054.0 0.0 5 21 21.0 0.0 0.0 1
25 ec.gp.GPIndividual@369998964{1043797683} 2049.0 12802.0 12802.0 0.0 5 21 21.0 0.0 0.0 1
25 ec.gp.GPIndividual@2046790076{1822721355} 903.0 12870.0 12802.0 0.005311670051554445 5 21 21.0 0.0 0.005311670051554445 1
25 ec.gp.GPIndividual@1690197042{1353031642} 1018.0 10141.0 10054.0 0.008653272329421126 5 21 21.0 0.0 0.008653272329421126 0
25 ec.gp.GPIndividual@142933112{972807469} 680.0 8624.0 8387.0 0.028258018361750327 5 21 21.0 0.0 0.028258018361750327 1
25 ec.gp.GPIndividual@2046790076{1822721355} 165.0 11590.0 10087.0 0.14900366808763754 5 21 21.0 0.0 0.14900366808763754 1
25 ec.gp.GPIndividual@2046790076{1822721355} 2047.0 8328.0 8317.0 0.0013225922808705061 5 21 21.0 0.0 0.0013225922808705061 1
25 ec.gp.GPIndividual@1312597534{-1155940784} 0.0 99026.0 10054.0 0.9329620051720708 5 14 21.0 0.0 0.9329620051720708 0
25 ec.gp.GPIndividual@1312597534{-1155940784} 0.0 99026.0 8387.0 0.9196375342792417 5 14 21.0 0.0 0.9196375342792417 0
25 ec.gp.GPIndividual@1312597534{-1155940784} 0.0 99026.0 14578.0 0.9537659486898066 5 14 21.0 0.0 0.9537659486898066 0
25 ec.gp.GPIndividual@1312597534{-1155940784} 0.0 99026.0 10861.0 0.9379430991621398 5 14 21.0 0.0 0.9379430991621398 0
25 ec.gp.GPIndividual@1312597534{-1155940784} 0.0 99026.0 8160.0 0.9174019607843137 5 14 21.0 0.0 0.9174019607843137 0
25 ec.gp.GPIndividual@1312597534{-1155940784} 0.0 99026.0 12802.0 0.9473519762537104 5 14 21.0 0.0 0.9473519762537104 0
25 ec.gp.GPIndividual@1312597534{-1155940784} 0.0 99026.0 10087.0 0.9331813224942996 5 14 21.0 0.0 0.9331813224942996 0
25 ec.gp.GPIndividual@1312597534{-1155940784} 0.0 99026.0 8317.0 0.9189611638812072 5 14 21.0 0.0 0.9189611638812072 0
25 ec.gp.GPIndividual@188043793{-2132798071} 38.0 11217.0 10054.0 0.1156753530932962 5 27 21.0 0.0 0.1156753530932962 0
25 ec.gp.GPIndividual@369998964{1043797683} 2554.0 10087.0 10087.0 0.0 5 21 21.0 0.0 0.0 2
25 ec.gp.GPIndividual@188043793{-2132798071} 329.0 8767.0 8387.0 0.04530821509478956 5 27 21.0 0.0 0.04530821509478956 0
25 ec.gp.GPIndividual@142933112{972807469} 2525.0 14787.0 14578.0 0.014336671697077788 5 21 21.0 0.0 0.014336671697077788 1
25 ec.gp.GPIndividual@188043793{-2132798071} 75.0 15613.0 14578.0 0.07099739333241871 5 27 21.0 0.0 0.07099739333241871 0
25 ec.gp.GPIndividual@188043793{-2132798071} 186.0 12610.0 10861.0 0.16103489549765215 5 27 21.0 0.0 0.16103489549765215 0
25 ec.gp.GPIndividual@188043793{-2132798071} 454.0 10033.0 8160.0 0.22953431372549019 5 27 21.0 0.0 0.22953431372549019 0
25 ec.gp.GPIndividual@142933112{972807469} 685.0 11066.0 10861.0 0.018874873400239387 5 21 21.0 0.0 0.018874873400239387 1
25 ec.gp.GPIndividual@188043793{-2132798071} 54.0 19584.0 12802.0 0.52976097484768 5 27 21.0 0.0 0.52976097484768 0
25 ec.gp.GPIndividual@188043793{-2132798071} 163.0 11590.0 10087.0 0.14900366808763754 5 27 21.0 0.0 0.14900366808763754 0
25 ec.gp.GPIndividual@188043793{-2132798071} 480.0 8328.0 8317.0 0.0013225922808705061 5 27 21.0 0.0 0.0013225922808705061 0
25 ec.gp.GPIndividual@369998964{1043797683} 1878.0 8328.0 8317.0 0.0013225922808705061 5 21 21.0 0.0 0.0013225922808705061 2
25 ec.gp.GPIndividual@1690197042{1353031642} 4527.0 8528.0 8387.0 0.016811732443066652 5 21 21.0 0.0 0.016811732443066652 0
25 ec.gp.GPIndividual@1690197042{1353031642} 166.0 15613.0 14578.0 0.07099739333241871 5 21 21.0 0.0 0.07099739333241871 0
25 ec.gp.GPIndividual@1718905349{722146181} 561.0 10449.0 10054.0 0.03928784563357868 5 21 21.0 0.0 0.03928784563357868 0
25 ec.gp.GPIndividual@1718905349{722146181} 734.0 8767.0 8387.0 0.04530821509478956 5 21 21.0 0.0 0.04530821509478956 0
25 ec.gp.GPIndividual@1690197042{1353031642} 765.0 11066.0 10861.0 0.018874873400239387 5 21 21.0 0.0 0.018874873400239387 0
25 ec.gp.GPIndividual@142933112{972807469} 3687.0 8241.0 8160.0 0.009926470588235294 5 21 21.0 0.0 0.009926470588235294 1
25 ec.gp.GPIndividual@142933112{972807469} 207.0 13031.0 12802.0 0.01788783002655835 5 21 21.0 0.0 0.01788783002655835 1
25 ec.gp.GPIndividual@1718905349{722146181} 2177.0 14697.0 14578.0 0.008162985320345727 5 21 21.0 0.0 0.008162985320345727 0
25 ec.gp.GPIndividual@1690197042{1353031642} 4266.0 8347.0 8160.0 0.022916666666666665 5 21 21.0 0.0 0.022916666666666665 0
25 ec.gp.GPIndividual@1690197042{1353031642} 155.0 19584.0 12802.0 0.52976097484768 5 21 21.0 0.0 0.52976097484768 0
25 ec.gp.GPIndividual@1718905349{722146181} 2305.0 11066.0 10861.0 0.018874873400239387 5 21 21.0 0.0 0.018874873400239387 0
25 ec.gp.GPIndividual@142933112{972807469} 3433.0 10087.0 10087.0 0.0 5 21 21.0 0.0 0.0 2
25 ec.gp.GPIndividual@142933112{972807469} 2989.0 8328.0 8317.0 0.0013225922808705061 5 21 21.0 0.0 0.0013225922808705061 2
25 ec.gp.GPIndividual@1690197042{1353031642} 4275.0 10087.0 10087.0 0.0 5 21 21.0 0.0 0.0 1
25 ec.gp.GPIndividual@1718905349{722146181} 4316.0 8347.0 8160.0 0.022916666666666665 5 21 21.0 0.0 0.022916666666666665 0
25 ec.gp.GPIndividual@1718905349{722146181} 155.0 19584.0 12802.0 0.52976097484768 5 21 21.0 0.0 0.52976097484768 0
25 ec.gp.GPIndividual@1690197042{1353031642} 902.0 8328.0 8317.0 0.0013225922808705061 5 21 21.0 0.0 0.0013225922808705061 1
25 ec.gp.GPIndividual@1718905349{722146181} 1766.0 10087.0 10087.0 0.0 5 21 21.0 0.0 0.0 1
25 ec.gp.GPIndividual@177266813{1546477634} 1328.0 10141.0 10054.0 0.008653272329421126 5 17 21.0 0.0 0.008653272329421126 0
25 ec.gp.GPIndividual@177266813{1546477634} 530.0 11079.0 8387.0 0.3209729343030881 5 17 21.0 0.0 0.3209729343030881 0
25 ec.gp.GPIndividual@1718905349{722146181} 795.0 8328.0 8317.0 0.0013225922808705061 5 21 21.0 0.0 0.0013225922808705061 1
25 ec.gp.GPIndividual@1456737527{2022290926} 3544.0 10141.0 10054.0 0.008653272329421126 5 20 21.0 0.0 0.008653272329421126 0
25 ec.gp.GPIndividual@358816161{657056934} 213.0 10054.0 10054.0 0.0 5 19 21.0 0.0 0.0 1
25 ec.gp.GPIndividual@358816161{657056934} 534.0 8624.0 8387.0 0.028258018361750327 5 19 21.0 0.0 0.028258018361750327 1
25 ec.gp.GPIndividual@177266813{1546477634} 824.0 14697.0 14578.0 0.008162985320345727 5 17 21.0 0.0 0.008162985320345727 0
25 ec.gp.GPIndividual@358816161{657056934} 75.0 15613.0 14578.0 0.07099739333241871 5 19 21.0 0.0 0.07099739333241871 1
25 ec.gp.GPIndividual@1456737527{2022290926} 643.0 8767.0 8387.0 0.04530821509478956 5 20 21.0 0.0 0.04530821509478956 0
25 ec.gp.GPIndividual@1456737527{2022290926} 150.0 15613.0 14578.0 0.07099739333241871 5 20 21.0 0.0 0.07099739333241871 0
25 ec.gp.GPIndividual@177266813{1546477634} 201.0 12506.0 10861.0 0.1514593499677746 5 17 21.0 0.0 0.1514593499677746 0
25 ec.gp.GPIndividual@358816161{657056934} 2112.0 11066.0 10861.0 0.018874873400239387 5 19 21.0 0.0 0.018874873400239387 1
25 ec.gp.GPIndividual@177266813{1546477634} 2329.0 8347.0 8160.0 0.022916666666666665 5 17 21.0 0.0 0.022916666666666665 0
25 ec.gp.GPIndividual@358816161{657056934} 429.0 10033.0 8160.0 0.22953431372549019 5 19 21.0 0.0 0.22953431372549019 1
25 ec.gp.GPIndividual@177266813{1546477634} 126.0 16012.0 12802.0 0.2507420715513201 5 17 21.0 0.0 0.2507420715513201 0
25 ec.gp.GPIndividual@358816161{657056934} 880.0 12870.0 12802.0 0.005311670051554445 5 19 21.0 0.0 0.005311670051554445 1
25 ec.gp.GPIndividual@177266813{1546477634} 810.0 10405.0 10087.0 0.03152572618221473 5 17 21.0 0.0 0.03152572618221473 0
25 ec.gp.GPIndividual@358816161{657056934} 149.0 11590.0 10087.0 0.14900366808763754 5 19 21.0 0.0 0.14900366808763754 1
25 ec.gp.GPIndividual@358816161{657056934} 440.0 8328.0 8317.0 0.0013225922808705061 5 19 21.0 0.0 0.0013225922808705061 1
25 ec.gp.GPIndividual@177266813{1546477634} 1602.0 8328.0 8317.0 0.0013225922808705061 5 17 21.0 0.0 0.0013225922808705061 0
25 ec.gp.GPIndividual@1344052185{139410359} 1467.0 10267.0 10054.0 0.021185597772031033 5 21 21.0 0.0 0.021185597772031033 0
25 ec.gp.GPIndividual@1456737527{2022290926} 6276.0 11028.0 10861.0 0.015376116379707209 5 20 21.0 0.0 0.015376116379707209 0
25 ec.gp.GPIndividual@1456737527{2022290926} 3687.0 8222.0 8160.0 0.007598039215686274 5 20 21.0 0.0 0.007598039215686274 0
25 ec.gp.GPIndividual@1344052185{139410359} 4777.0 8507.0 8387.0 0.014307857398354596 5 21 21.0 0.0 0.014307857398354596 0
25 ec.gp.GPIndividual@1456737527{2022290926} 182.0 13688.0 12802.0 0.06920793625995939 5 20 21.0 0.0 0.06920793625995939 0
25 ec.gp.GPIndividual@1344052185{139410359} 188.0 15443.0 14578.0 0.05933598573192482 5 21 21.0 0.0 0.05933598573192482 0
25 ec.gp.GPIndividual@1344052185{139410359} 5335.0 11063.0 10861.0 0.01859865574072369 5 21 21.0 0.0 0.01859865574072369 0
25 ec.gp.GPIndividual@1344052185{139410359} 659.0 8347.0 8160.0 0.022916666666666665 5 21 21.0 0.0 0.022916666666666665 0
25 ec.gp.GPIndividual@1344052185{139410359} 167.0 13688.0 12802.0 0.06920793625995939 5 21 21.0 0.0 0.06920793625995939 0
25 ec.gp.GPIndividual@1344052185{139410359} 245.0 11159.0 10087.0 0.10627540398532764 5 21 21.0 0.0 0.10627540398532764 0
25 ec.gp.GPIndividual@1456737527{2022290926} 8278.0 10192.0 10087.0 0.010409437890353921 5 20 21.0 0.0 0.010409437890353921 0
25 ec.gp.GPIndividual@1344052185{139410359} 4572.0 8328.0 8317.0 0.0013225922808705061 5 21 21.0 0.0 0.0013225922808705061 0
25 ec.gp.GPIndividual@730424242{-695489927} 202.0 10054.0 10054.0 0.0 5 21 21.0 0.0 0.0 1
25 ec.gp.GPIndividual@730424242{-695489927} 1294.0 8560.0 8387.0 0.020627161082627875 5 21 21.0 0.0 0.020627161082627875 1
25 ec.gp.GPIndividual@1456737527{2022290926} 4613.0 8328.0 8317.0 0.0013225922808705061 5 20 21.0 0.0 0.0013225922808705061 0
25 ec.gp.GPIndividual@1917331312{-1402238080} 209.0 10054.0 10054.0 0.0 5 22 21.0 0.0 0.0 1
25 ec.gp.GPIndividual@1917331312{-1402238080} 1276.0 8560.0 8387.0 0.020627161082627875 5 22 21.0 0.0 0.020627161082627875 1
25 ec.gp.GPIndividual@730424242{-695489927} 1841.0 14787.0 14578.0 0.014336671697077788 5 21 21.0 0.0 0.014336671697077788 1
25 ec.gp.GPIndividual@1917331312{-1402238080} 293.0 15314.0 14578.0 0.05048703525860886 5 22 21.0 0.0 0.05048703525860886 1
25 ec.gp.GPIndividual@1917331312{-1402238080} 4777.0 11063.0 10861.0 0.01859865574072369 5 22 21.0 0.0 0.01859865574072369 1
25 ec.gp.GPIndividual@730424242{-695489927} 7596.0 11028.0 10861.0 0.015376116379707209 5 21 21.0 0.0 0.015376116379707209 1
25 ec.gp.GPIndividual@1917331312{-1402238080} 3439.0 8347.0 8160.0 0.022916666666666665 5 22 21.0 0.0 0.022916666666666665 1
25 ec.gp.GPIndividual@1917331312{-1402238080} 168.0 13688.0 12802.0 0.06920793625995939 5 22 21.0 0.0 0.06920793625995939 1
25 ec.gp.GPIndividual@1917331312{-1402238080} 344.0 10555.0 10087.0 0.04639635173986319 5 22 21.0 0.0 0.04639635173986319 1
25 ec.gp.GPIndividual@730424242{-695489927} 3438.0 8347.0 8160.0 0.022916666666666665 5 21 21.0 0.0 0.022916666666666665 1
25 ec.gp.GPIndividual@730424242{-695489927} 167.0 13688.0 12802.0 0.06920793625995939 5 21 21.0 0.0 0.06920793625995939 1
25 ec.gp.GPIndividual@730424242{-695489927} 1718.0 10087.0 10087.0 0.0 5 21 21.0 0.0 0.0 2
25 ec.gp.GPIndividual@1917331312{-1402238080} 4597.0 8328.0 8317.0 0.0013225922808705061 5 22 21.0 0.0 0.0013225922808705061 1
25 ec.gp.GPIndividual@730424242{-695489927} 8461.0 8328.0 8317.0 0.0013225922808705061 5 21 21.0 0.0 0.0013225922808705061 2
25 ec.gp.GPIndividual@1852309636{812486746} 0.0 104262.0 10054.0 0.9556395464491745 5 11 21.0 0.0 0.9556395464491745 0
25 ec.gp.GPIndividual@1852309636{812486746} 0.0 104262.0 8387.0 0.9468224633361154 5 11 21.0 0.0 0.9468224633361154 0
25 ec.gp.GPIndividual@1852309636{812486746} 0.0 104262.0 14578.0 0.9694059541775277 5 11 21.0 0.0 0.9694059541775277 0
25 ec.gp.GPIndividual@1852309636{812486746} 0.0 104262.0 10861.0 0.9589356412853328 5 11 21.0 0.0 0.9589356412853328 0
25 ec.gp.GPIndividual@1852309636{812486746} 0.0 104262.0 8160.0 0.9453431372549019 5 11 21.0 0.0 0.9453431372549019 0
25 ec.gp.GPIndividual@1852309636{812486746} 0.0 104262.0 12802.0 0.9651616934853929 5 11 21.0 0.0 0.9651616934853929 0
25 ec.gp.GPIndividual@1852309636{812486746} 0.0 104262.0 10087.0 0.9557846733419253 5 11 21.0 0.0 0.9557846733419253 0
25 ec.gp.GPIndividual@1852309636{812486746} 0.0 104262.0 8317.0 0.9463748947937959 5 11 21.0 0.0 0.9463748947937959 0
26 ec.gp.GPIndividual@2009354286{664513076} 0.0 105260.0 10054.0 0.8563755719116769 1 1 21.0 0.0 0.8563755719116769 0
26 ec.gp.GPIndividual@2009354286{664513076} 0.0 105260.0 8387.0 0.8278287826397996 1 1 21.0 0.0 0.8278287826397996 0
26 ec.gp.GPIndividual@2009354286{664513076} 0.0 105260.0 14578.0 0.9009466319110989 1 1 21.0 0.0 0.9009466319110989 0
26 ec.gp.GPIndividual@2009354286{664513076} 0.0 105260.0 10861.0 0.8670472332197772 1 1 21.0 0.0 0.8670472332197772 0
26 ec.gp.GPIndividual@2009354286{664513076} 0.0 105260.0 8160.0 0.8230392156862745 1 1 21.0 0.0 0.8230392156862745 0
26 ec.gp.GPIndividual@2009354286{664513076} 0.0 105260.0 12802.0 0.8872051241993438 1 1 21.0 0.0 0.8872051241993438 0
26 ec.gp.GPIndividual@2009354286{664513076} 0.0 105260.0 10087.0 0.8568454446317042 1 1 21.0 0.0 0.8568454446317042 0
26 ec.gp.GPIndividual@2009354286{664513076} 0.0 105260.0 8317.0 0.8263797042202717 1 1 21.0 0.0 0.8263797042202717 0
26 ec.gp.GPIndividual@395652076{-1155940784} 0.0 99026.0 10054.0 0.9329620051720708 5 14 21.0 0.0 0.9329620051720708 0
26 ec.gp.GPIndividual@395652076{-1155940784} 0.0 99026.0 8387.0 0.9196375342792417 5 14 21.0 0.0 0.9196375342792417 0
26 ec.gp.GPIndividual@395652076{-1155940784} 0.0 99026.0 14578.0 0.9537659486898066 5 14 21.0 0.0 0.9537659486898066 0
26 ec.gp.GPIndividual@395652076{-1155940784} 0.0 99026.0 10861.0 0.9379430991621398 5 14 21.0 0.0 0.9379430991621398 0
26 ec.gp.GPIndividual@395652076{-1155940784} 0.0 99026.0 8160.0 0.9174019607843137 5 14 21.0 0.0 0.9174019607843137 0
26 ec.gp.GPIndividual@395652076{-1155940784} 0.0 99026.0 12802.0 0.9473519762537104 5 14 21.0 0.0 0.9473519762537104 0
26 ec.gp.GPIndividual@395652076{-1155940784} 0.0 99026.0 10087.0 0.9331813224942996 5 14 21.0 0.0 0.9331813224942996 0
26 ec.gp.GPIndividual@395652076{-1155940784} 0.0 99026.0 8317.0 0.9189611638812072 5 14 21.0 0.0 0.9189611638812072 0
26 ec.gp.GPIndividual@1674289913{-682943165} 46.0 11217.0 10054.0 0.1156753530932962 5 21 21.0 0.0 0.1156753530932962 0
26 ec.gp.GPIndividual@1138181024{-434544376} 46.0 11217.0 10054.0 0.1156753530932962 3 5 21.0 0.0 0.1156753530932962 0
26 ec.gp.GPIndividual@431818789{-250728460} 241.0 10959.0 10054.0 0.09001392480604735 5 21 21.0 0.0 0.09001392480604735 0
26 ec.gp.GPIndividual@1894145543{-1411453039} 250.0 10054.0 10054.0 0.0 5 15 21.0 0.0 0.0 1
26 ec.gp.GPIndividual@1311795354{-1258856896} 258.0 10054.0 10054.0 0.0 5 21 21.0 0.0 0.0 1
26 ec.gp.GPIndividual@1674289913{-682943165} 297.0 19584.0 8387.0 1.3350423274114702 5 21 21.0 0.0 1.3350423274114702 0
26 ec.gp.GPIndividual@1138181024{-434544376} 297.0 19584.0 8387.0 1.3350423274114702 3 5 21.0 0.0 1.3350423274114702 0
26 ec.gp.GPIndividual@1138181024{-434544376} 69.0 19584.0 14578.0 0.3433941555768967 3 5 21.0 0.0 0.3433941555768967 0
26 ec.gp.GPIndividual@1674289913{-682943165} 72.0 19584.0 14578.0 0.3433941555768967 5 21 21.0 0.0 0.3433941555768967 0
26 ec.gp.GPIndividual@1674289913{-682943165} 222.0 12610.0 10861.0 0.16103489549765215 5 21 21.0 0.0 0.16103489549765215 0
26 ec.gp.GPIndividual@1138181024{-434544376} 228.0 12610.0 10861.0 0.16103489549765215 3 5 21.0 0.0 0.16103489549765215 0
26 ec.gp.GPIndividual@1138181024{-434544376} 524.0 10033.0 8160.0 0.22953431372549019 3 5 21.0 0.0 0.22953431372549019 0
26 ec.gp.GPIndividual@1674289913{-682943165} 564.0 10033.0 8160.0 0.22953431372549019 5 21 21.0 0.0 0.22953431372549019 0
26 ec.gp.GPIndividual@1138181024{-434544376} 45.0 19584.0 12802.0 0.52976097484768 3 5 21.0 0.0 0.52976097484768 0
26 ec.gp.GPIndividual@1674289913{-682943165} 39.0 19584.0 12802.0 0.52976097484768 5 21 21.0 0.0 0.52976097484768 0
26 ec.gp.GPIndividual@1311795354{-1258856896} 1080.0 8624.0 8387.0 0.028258018361750327 5 21 21.0 0.0 0.028258018361750327 1
26 ec.gp.GPIndividual@1138181024{-434544376} 199.0 11590.0 10087.0 0.14900366808763754 3 5 21.0 0.0 0.14900366808763754 0
26 ec.gp.GPIndividual@1674289913{-682943165} 187.0 11590.0 10087.0 0.14900366808763754 5 21 21.0 0.0 0.14900366808763754 0
26 ec.gp.GPIndividual@1894145543{-1411453039} 1241.0 8624.0 8387.0 0.028258018361750327 5 15 21.0 0.0 0.028258018361750327 1
26 ec.gp.GPIndividual@1311795354{-1258856896} 232.0 15613.0 14578.0 0.07099739333241871 5 21 21.0 0.0 0.07099739333241871 1
26 ec.gp.GPIndividual@1138181024{-434544376} 516.0 8328.0 8317.0 0.0013225922808705061 3 5 21.0 0.0 0.0013225922808705061 0
26 ec.gp.GPIndividual@1674289913{-682943165} 524.0 8328.0 8317.0 0.0013225922808705061 5 21 21.0 0.0 0.0013225922808705061 0
26 ec.gp.GPIndividual@813274239{362298654} 266.0 10054.0 10054.0 0.0 5 23 21.0 0.0 0.0 1
26 ec.gp.GPIndividual@431818789{-250728460} 2157.0 8528.0 8387.0 0.016811732443066652 5 21 21.0 0.0 0.016811732443066652 0
26 ec.gp.GPIndividual@1894145543{-1411453039} 906.0 15186.0 14578.0 0.04170668130058993 5 15 21.0 0.0 0.04170668130058993 1
26 ec.gp.GPIndividual@260754042{-1736775437} 2402.0 10350.0 10054.0 0.02944101850009946 5 24 21.0 0.0 0.02944101850009946 0
26 ec.gp.GPIndividual@1311795354{-1258856896} 953.0 11066.0 10861.0 0.018874873400239387 5 21 21.0 0.0 0.018874873400239387 1
26 ec.gp.GPIndividual@1472016138{-1434642282} 646.0 10449.0 10054.0 0.03928784563357868 5 20 21.0 0.0 0.03928784563357868 0
26 ec.gp.GPIndividual@260754042{-1736775437} 323.0 19584.0 8387.0 1.3350423274114702 5 24 21.0 0.0 1.3350423274114702 0
26 ec.gp.GPIndividual@1894145543{-1411453039} 374.0 11658.0 10861.0 0.07338182487800386 5 15 21.0 0.0 0.07338182487800386 1
26 ec.gp.GPIndividual@1472016138{-1434642282} 286.0 12204.0 8387.0 0.4551090974126625 5 20 21.0 0.0 0.4551090974126625 0
26 ec.gp.GPIndividual@813274239{362298654} 704.0 8624.0 8387.0 0.028258018361750327 5 23 21.0 0.0 0.028258018361750327 1
26 ec.gp.GPIndividual@431818789{-250728460} 533.0 15194.0 14578.0 0.04225545342296611 5 21 21.0 0.0 0.04225545342296611 0
26 ec.gp.GPIndividual@260754042{-1736775437} 218.0 15613.0 14578.0 0.07099739333241871 5 24 21.0 0.0 0.07099739333241871 0
26 ec.gp.GPIndividual@1472016138{-1434642282} 87.0 16281.0 14578.0 0.11681986555083002 5 20 21.0 0.0 0.11681986555083002 0
26 ec.gp.GPIndividual@1311795354{-1258856896} 844.0 8347.0 8160.0 0.022916666666666665 5 21 21.0 0.0 0.022916666666666665 1
26 ec.gp.GPIndividual@260754042{-1736775437} 448.0 11444.0 10861.0 0.05367829849921738 5 24 21.0 0.0 0.05367829849921738 0
26 ec.gp.GPIndividual@1894145543{-1411453039} 856.0 8347.0 8160.0 0.022916666666666665 5 15 21.0 0.0 0.022916666666666665 1
26 ec.gp.GPIndividual@1311795354{-1258856896} 304.0 13528.0 12802.0 0.05670988907983127 5 21 21.0 0.0 0.05670988907983127 1
26 ec.gp.GPIndividual@813274239{362298654} 874.0 15186.0 14578.0 0.04170668130058993 5 23 21.0 0.0 0.04170668130058993 1
26 ec.gp.GPIndividual@431818789{-250728460} 996.0 11066.0 10861.0 0.018874873400239387 5 21 21.0 0.0 0.018874873400239387 0
26 ec.gp.GPIndividual@1311795354{-1258856896} 317.0 11159.0 10087.0 0.10627540398532764 5 21 21.0 0.0 0.10627540398532764 1
26 ec.gp.GPIndividual@1472016138{-1434642282} 1922.0 11066.0 10861.0 0.018874873400239387 5 20 21.0 0.0 0.018874873400239387 0
26 ec.gp.GPIndividual@813274239{362298654} 1436.0 11066.0 10861.0 0.018874873400239387 5 23 21.0 0.0 0.018874873400239387 1
26 ec.gp.GPIndividual@1311795354{-1258856896} 1254.0 8328.0 8317.0 0.0013225922808705061 5 21 21.0 0.0 0.0013225922808705061 1
26 ec.gp.GPIndividual@268654395{-434544376} 48.0 11217.0 10054.0 0.1156753530932962 3 5 21.0 0.0 0.1156753530932962 0
26 ec.gp.GPIndividual@431818789{-250728460} 1396.0 8347.0 8160.0 0.022916666666666665 5 21 21.0 0.0 0.022916666666666665 0
26 ec.gp.GPIndividual@431818789{-250728460} 71.0 19584.0 12802.0 0.52976097484768 5 21 21.0 0.0 0.52976097484768 0
26 ec.gp.GPIndividual@1894145543{-1411453039} 1848.0 12802.0 12802.0 0.0 5 15 21.0 0.0 0.0 2
26 ec.gp.GPIndividual@260754042{-1736775437} 2098.0 8347.0 8160.0 0.022916666666666665 5 24 21.0 0.0 0.022916666666666665 0
26 ec.gp.GPIndividual@1472016138{-1434642282} 626.0 10033.0 8160.0 0.22953431372549019 5 20 21.0 0.0 0.22953431372549019 0
26 ec.gp.GPIndividual@260754042{-1736775437} 77.0 19584.0 12802.0 0.52976097484768 5 24 21.0 0.0 0.52976097484768 0
26 ec.gp.GPIndividual@1472016138{-1434642282} 44.0 14922.0 12802.0 0.1655991251366974 5 20 21.0 0.0 0.1655991251366974 0
26 ec.gp.GPIndividual@268654395{-434544376} 288.0 19584.0 8387.0 1.3350423274114702 3 5 21.0 0.0 1.3350423274114702 0
26 ec.gp.GPIndividual@268654395{-434544376} 81.0 19584.0 14578.0 0.3433941555768967 3 5 21.0 0.0 0.3433941555768967 0
26 ec.gp.GPIndividual@1894145543{-1411453039} 310.0 11159.0 10087.0 0.10627540398532764 5 15 21.0 0.0 0.10627540398532764 2
26 ec.gp.GPIndividual@268654395{-434544376} 221.0 12610.0 10861.0 0.16103489549765215 3 5 21.0 0.0 0.16103489549765215 0
26 ec.gp.GPIndividual@813274239{362298654} 838.0 8347.0 8160.0 0.022916666666666665 5 23 21.0 0.0 0.022916666666666665 1
26 ec.gp.GPIndividual@431818789{-250728460} 714.0 10087.0 10087.0 0.0 5 21 21.0 0.0 0.0 1
26 ec.gp.GPIndividual@268654395{-434544376} 560.0 10033.0 8160.0 0.22953431372549019 3 5 21.0 0.0 0.22953431372549019 0
26 ec.gp.GPIndividual@813274239{362298654} 407.0 12802.0 12802.0 0.0 5 23 21.0 0.0 0.0 2
26 ec.gp.GPIndividual@268654395{-434544376} 45.0 19584.0 12802.0 0.52976097484768 3 5 21.0 0.0 0.52976097484768 0
26 ec.gp.GPIndividual@268654395{-434544376} 191.0 11590.0 10087.0 0.14900366808763754 3 5 21.0 0.0 0.14900366808763754 0
26 ec.gp.GPIndividual@813274239{362298654} 236.0 11590.0 10087.0 0.14900366808763754 5 23 21.0 0.0 0.14900366808763754 2
26 ec.gp.GPIndividual@431818789{-250728460} 646.0 8328.0 8317.0 0.0013225922808705061 5 21 21.0 0.0 0.0013225922808705061 1
26 ec.gp.GPIndividual@268654395{-434544376} 524.0 8328.0 8317.0 0.0013225922808705061 3 5 21.0 0.0 0.0013225922808705061 0
26 ec.gp.GPIndividual@816473126{1948675049} 0.0 104262.0 10054.0 0.9556395464491745 1 1 21.0 0.0 0.9556395464491745 0
26 ec.gp.GPIndividual@816473126{1948675049} 0.0 104262.0 8387.0 0.9468224633361154 1 1 21.0 0.0 0.9468224633361154 0
26 ec.gp.GPIndividual@816473126{1948675049} 0.0 104262.0 14578.0 0.9694059541775277 1 1 21.0 0.0 0.9694059541775277 0
26 ec.gp.GPIndividual@816473126{1948675049} 0.0 104262.0 10861.0 0.9589356412853328 1 1 21.0 0.0 0.9589356412853328 0
26 ec.gp.GPIndividual@816473126{1948675049} 0.0 104262.0 8160.0 0.9453431372549019 1 1 21.0 0.0 0.9453431372549019 0
26 ec.gp.GPIndividual@816473126{1948675049} 0.0 104262.0 12802.0 0.9651616934853929 1 1 21.0 0.0 0.9651616934853929 0
26 ec.gp.GPIndividual@816473126{1948675049} 0.0 104262.0 10087.0 0.9557846733419253 1 1 21.0 0.0 0.9557846733419253 0
26 ec.gp.GPIndividual@816473126{1948675049} 0.0 104262.0 8317.0 0.9463748947937959 1 1 21.0 0.0 0.9463748947937959 0
26 ec.gp.GPIndividual@1944818807{1369003687} 0.0 17959.0 10054.0 0.7862542271732643 5 13 21.0 0.0 0.7862542271732643 0
26 ec.gp.GPIndividual@1944818807{1369003687} 0.0 17367.0 8387.0 1.070704661976869 5 13 21.0 0.0 1.070704661976869 0
26 ec.gp.GPIndividual@1944818807{1369003687} 0.0 18114.0 14578.0 0.24255727809027303 5 13 21.0 0.0 0.24255727809027303 0
26 ec.gp.GPIndividual@1944818807{1369003687} 0.0 16592.0 10861.0 0.5276678022281558 5 13 21.0 0.0 0.5276678022281558 0
26 ec.gp.GPIndividual@1944818807{1369003687} 0.0 17418.0 8160.0 1.1345588235294117 5 13 21.0 0.0 1.1345588235294117 0
26 ec.gp.GPIndividual@1944818807{1369003687} 0.0 16275.0 12802.0 0.2712857366036557 5 13 21.0 0.0 0.2712857366036557 0
26 ec.gp.GPIndividual@1944818807{1369003687} 0.0 15981.0 10087.0 0.5843164469118668 5 13 21.0 0.0 0.5843164469118668 0
26 ec.gp.GPIndividual@1944818807{1369003687} 0.0 17418.0 8317.0 1.0942647589274979 5 13 21.0 0.0 1.0942647589274979 0
26 ec.gp.GPIndividual@1894145543{-1411453039} 1607.0 8328.0 8317.0 0.0013225922808705061 5 15 21.0 0.0 0.0013225922808705061 2
26 ec.gp.GPIndividual@260754042{-1736775437} 2051.0 10087.0 10087.0 0.0 5 24 21.0 0.0 0.0 1
26 ec.gp.GPIndividual@145404727{906858265} 230.0 10054.0 10054.0 0.0 5 20 21.0 0.0 0.0 1
26 ec.gp.GPIndividual@478855367{-1859896137} 1249.0 10331.0 10054.0 0.02755122339367416 5 21 21.0 0.0 0.02755122339367416 0
26 ec.gp.GPIndividual@260754042{-1736775437} 627.0 8328.0 8317.0 0.0013225922808705061 5 24 21.0 0.0 0.0013225922808705061 1
26 ec.gp.GPIndividual@1472016138{-1434642282} 2773.0 10087.0 10087.0 0.0 5 20 21.0 0.0 0.0 1
26 ec.gp.GPIndividual@813274239{362298654} 2040.0 8328.0 8317.0 0.0013225922808705061 5 23 21.0 0.0 0.0013225922808705061 2
26 ec.gp.GPIndividual@640684430{619895507} 235.0 10054.0 10054.0 0.0 5 19 21.0 0.0 0.0 1
26 ec.gp.GPIndividual@549617871{-1704413287} 1000.0 10141.0 10054.0 0.008653272329421126 5 21 21.0 0.0 0.008653272329421126 0
26 ec.gp.GPIndividual@1472016138{-1434642282} 910.0 8328.0 8317.0 0.0013225922808705061 5 20 21.0 0.0 0.0013225922808705061 1
26 ec.gp.GPIndividual@927548092{-695489927} 237.0 10054.0 10054.0 0.0 5 21 21.0 0.0 0.0 1
26 ec.gp.GPIndividual@640684430{619895507} 731.0 8624.0 8387.0 0.028258018361750327 5 19 21.0 0.0 0.028258018361750327 1
26 ec.gp.GPIndividual@478855367{-1859896137} 1780.0 8634.0 8387.0 0.02945033981161321 5 21 21.0 0.0 0.02945033981161321 0
26 ec.gp.GPIndividual@549617871{-1704413287} 544.0 19584.0 8387.0 1.3350423274114702 5 21 21.0 0.0 1.3350423274114702 0
26 ec.gp.GPIndividual@927548092{-695489927} 338.0 8448.0 8387.0 0.007273160844163586 5 21 21.0 0.0 0.007273160844163586 1
26 ec.gp.GPIndividual@549617871{-1704413287} 87.0 15613.0 14578.0 0.07099739333241871 5 21 21.0 0.0 0.07099739333241871 0
26 ec.gp.GPIndividual@145404727{906858265} 2435.0 8624.0 8387.0 0.028258018361750327 5 20 21.0 0.0 0.028258018361750327 1
26 ec.gp.GPIndividual@549617871{-1704413287} 209.0 12610.0 10861.0 0.16103489549765215 5 21 21.0 0.0 0.16103489549765215 0
26 ec.gp.GPIndividual@478855367{-1859896137} 631.0 14787.0 14578.0 0.014336671697077788 5 21 21.0 0.0 0.014336671697077788 0
26 ec.gp.GPIndividual@640684430{619895507} 1612.0 14697.0 14578.0 0.008162985320345727 5 19 21.0 0.0 0.008162985320345727 1
26 ec.gp.GPIndividual@145404727{906858265} 1968.0 15186.0 14578.0 0.04170668130058993 5 20 21.0 0.0 0.04170668130058993 1
26 ec.gp.GPIndividual@549617871{-1704413287} 2551.0 8347.0 8160.0 0.022916666666666665 5 21 21.0 0.0 0.022916666666666665 0
26 ec.gp.GPIndividual@549617871{-1704413287} 90.0 19584.0 12802.0 0.52976097484768 5 21 21.0 0.0 0.52976097484768 0
26 ec.gp.GPIndividual@927548092{-695489927} 3139.0 15053.0 14578.0 0.03258334476608588 5 21 21.0 0.0 0.03258334476608588 1
26 ec.gp.GPIndividual@478855367{-1859896137} 2856.0 11066.0 10861.0 0.018874873400239387 5 21 21.0 0.0 0.018874873400239387 0
26 ec.gp.GPIndividual@640684430{619895507} 2286.0 11066.0 10861.0 0.018874873400239387 5 19 21.0 0.0 0.018874873400239387 1
26 ec.gp.GPIndividual@145404727{906858265} 2477.0 11063.0 10861.0 0.01859865574072369 5 20 21.0 0.0 0.01859865574072369 1
26 ec.gp.GPIndividual@927548092{-695489927} 1868.0 11066.0 10861.0 0.018874873400239387 5 21 21.0 0.0 0.018874873400239387 1
26 ec.gp.GPIndividual@478855367{-1859896137} 1621.0 8347.0 8160.0 0.022916666666666665 5 21 21.0 0.0 0.022916666666666665 0
26 ec.gp.GPIndividual@640684430{619895507} 1331.0 8347.0 8160.0 0.022916666666666665 5 19 21.0 0.0 0.022916666666666665 1
26 ec.gp.GPIndividual@640684430{619895507} 74.0 13031.0 12802.0 0.01788783002655835 5 19 21.0 0.0 0.01788783002655835 1
26 ec.gp.GPIndividual@640684430{619895507} 182.0 11590.0 10087.0 0.14900366808763754 5 19 21.0 0.0 0.14900366808763754 1
26 ec.gp.GPIndividual@145404727{906858265} 747.0 10033.0 8160.0 0.22953431372549019 5 20 21.0 0.0 0.22953431372549019 1
26 ec.gp.GPIndividual@927548092{-695489927} 514.0 10033.0 8160.0 0.22953431372549019 5 21 21.0 0.0 0.22953431372549019 1
26 ec.gp.GPIndividual@478855367{-1859896137} 520.0 12802.0 12802.0 0.0 5 21 21.0 0.0 0.0 1
26 ec.gp.GPIndividual@145404727{906858265} 285.0 13031.0 12802.0 0.01788783002655835 5 20 21.0 0.0 0.01788783002655835 1
26 ec.gp.GPIndividual@145404727{906858265} 172.0 11590.0 10087.0 0.14900366808763754 5 20 21.0 0.0 0.14900366808763754 1
26 ec.gp.GPIndividual@478855367{-1859896137} 322.0 11159.0 10087.0 0.10627540398532764 5 21 21.0 0.0 0.10627540398532764 1
26 ec.gp.GPIndividual@640684430{619895507} 585.0 8328.0 8317.0 0.0013225922808705061 5 19 21.0 0.0 0.0013225922808705061 1
26 ec.gp.GPIndividual@732864061{-363301490} 43.0 10822.0 10054.0 0.07638750745971752 5 18 21.0 0.0 0.07638750745971752 0
26 ec.gp.GPIndividual@549617871{-1704413287} 3118.0 10087.0 10087.0 0.0 5 21 21.0 0.0 0.0 1
26 ec.gp.GPIndividual@732864061{-363301490} 357.0 8448.0 8387.0 0.007273160844163586 5 18 21.0 0.0 0.007273160844163586 0
26 ec.gp.GPIndividual@145404727{906858265} 481.0 8328.0 8317.0 0.0013225922808705061 5 20 21.0 0.0 0.0013225922808705061 1
26 ec.gp.GPIndividual@927548092{-695489927} 960.0 12870.0 12802.0 0.005311670051554445 5 21 21.0 0.0 0.005311670051554445 1
26 ec.gp.GPIndividual@732864061{-363301490} 204.0 15443.0 14578.0 0.05933598573192482 5 18 21.0 0.0 0.05933598573192482 0
26 ec.gp.GPIndividual@1572521772{619895507} 242.0 10054.0 10054.0 0.0 5 19 21.0 0.0 0.0 1
26 ec.gp.GPIndividual@732864061{-363301490} 213.0 12100.0 10861.0 0.11407789337998343 5 18 21.0 0.0 0.11407789337998343 0
26 ec.gp.GPIndividual@478855367{-1859896137} 891.0 8328.0 8317.0 0.0013225922808705061 5 21 21.0 0.0 0.0013225922808705061 1
26 ec.gp.GPIndividual@549617871{-1704413287} 894.0 8328.0 8317.0 0.0013225922808705061 5 21 21.0 0.0 0.0013225922808705061 1
26 ec.gp.GPIndividual@925735198{-1717295744} 237.0 10054.0 10054.0 0.0 5 13 21.0 0.0 0.0 1
26 ec.gp.GPIndividual@732864061{-363301490} 520.0 10033.0 8160.0 0.22953431372549019 5 18 21.0 0.0 0.22953431372549019 0
26 ec.gp.GPIndividual@1572521772{619895507} 695.0 8624.0 8387.0 0.028258018361750327 5 19 21.0 0.0 0.028258018361750327 1
26 ec.gp.GPIndividual@1443337108{629204335} 410.0 10331.0 10054.0 0.02755122339367416 5 21 21.0 0.0 0.02755122339367416 0
26 ec.gp.GPIndividual@732864061{-363301490} 68.0 13031.0 12802.0 0.01788783002655835 5 18 21.0 0.0 0.01788783002655835 0
26 ec.gp.GPIndividual@732864061{-363301490} 197.0 11590.0 10087.0 0.14900366808763754 5 18 21.0 0.0 0.14900366808763754 0
26 ec.gp.GPIndividual@1572521772{619895507} 305.0 15613.0 14578.0 0.07099739333241871 5 19 21.0 0.0 0.07099739333241871 1
26 ec.gp.GPIndividual@927548092{-695489927} 1176.0 10087.0 10087.0 0.0 5 21 21.0 0.0 0.0 2
26 ec.gp.GPIndividual@927548092{-695489927} 1224.0 8328.0 8317.0 0.0013225922808705061 5 21 21.0 0.0 0.0013225922808705061 2
26 ec.gp.GPIndividual@1572521772{619895507} 1389.0 11066.0 10861.0 0.018874873400239387 5 19 21.0 0.0 0.018874873400239387 1
26 ec.gp.GPIndividual@732864061{-363301490} 1510.0 8328.0 8317.0 0.0013225922808705061 5 18 21.0 0.0 0.0013225922808705061 0
26 ec.gp.GPIndividual@1377632939{1280342736} 0.0 104262.0 10054.0 0.9556395464491745 5 13 21.0 0.0 0.9556395464491745 0
26 ec.gp.GPIndividual@1377632939{1280342736} 0.0 104262.0 8387.0 0.9468224633361154 5 13 21.0 0.0 0.9468224633361154 0
26 ec.gp.GPIndividual@1377632939{1280342736} 0.0 104262.0 14578.0 0.9694059541775277 5 13 21.0 0.0 0.9694059541775277 0
26 ec.gp.GPIndividual@1377632939{1280342736} 0.0 104262.0 10861.0 0.9589356412853328 5 13 21.0 0.0 0.9589356412853328 0
26 ec.gp.GPIndividual@1377632939{1280342736} 0.0 104262.0 8160.0 0.9453431372549019 5 13 21.0 0.0 0.9453431372549019 0
26 ec.gp.GPIndividual@1377632939{1280342736} 0.0 104262.0 12802.0 0.9651616934853929 5 13 21.0 0.0 0.9651616934853929 0
26 ec.gp.GPIndividual@1377632939{1280342736} 0.0 104262.0 10087.0 0.9557846733419253 5 13 21.0 0.0 0.9557846733419253 0
26 ec.gp.GPIndividual@1377632939{1280342736} 0.0 104262.0 8317.0 0.9463748947937959 5 13 21.0 0.0 0.9463748947937959 0
26 ec.gp.GPIndividual@428542193{-695489927} 231.0 10054.0 10054.0 0.0 5 21 21.0 0.0 0.0 1
26 ec.gp.GPIndividual@925735198{-1717295744} 2337.0 8624.0 8387.0 0.028258018361750327 5 13 21.0 0.0 0.028258018361750327 1
26 ec.gp.GPIndividual@1443337108{629204335} 2123.0 8535.0 8387.0 0.01764635745797067 5 21 21.0 0.0 0.01764635745797067 0
26 ec.gp.GPIndividual@428542193{-695489927} 343.0 8624.0 8387.0 0.028258018361750327 5 21 21.0 0.0 0.028258018361750327 1
26 ec.gp.GPIndividual@1572521772{619895507} 479.0 10033.0 8160.0 0.22953431372549019 5 19 21.0 0.0 0.22953431372549019 1
26 ec.gp.GPIndividual@1572521772{619895507} 81.0 13031.0 12802.0 0.01788783002655835 5 19 21.0 0.0 0.01788783002655835 1
26 ec.gp.GPIndividual@428542193{-695489927} 102.0 15613.0 14578.0 0.07099739333241871 5 21 21.0 0.0 0.07099739333241871 1
26 ec.gp.GPIndividual@925735198{-1717295744} 185.0 15613.0 14578.0 0.07099739333241871 5 13 21.0 0.0 0.07099739333241871 1
26 ec.gp.GPIndividual@1443337108{629204335} 127.0 15613.0 14578.0 0.07099739333241871 5 21 21.0 0.0 0.07099739333241871 0
26 ec.gp.GPIndividual@428542193{-695489927} 1721.0 11066.0 10861.0 0.018874873400239387 5 21 21.0 0.0 0.018874873400239387 1
26 ec.gp.GPIndividual@925735198{-1717295744} 1765.0 11066.0 10861.0 0.018874873400239387 5 13 21.0 0.0 0.018874873400239387 1
26 ec.gp.GPIndividual@1443337108{629204335} 2297.0 11066.0 10861.0 0.018874873400239387 5 21 21.0 0.0 0.018874873400239387 0
26 ec.gp.GPIndividual@925735198{-1717295744} 711.0 8347.0 8160.0 0.022916666666666665 5 13 21.0 0.0 0.022916666666666665 1
26 ec.gp.GPIndividual@925735198{-1717295744} 151.0 13031.0 12802.0 0.01788783002655835 5 13 21.0 0.0 0.01788783002655835 1
26 ec.gp.GPIndividual@1572521772{619895507} 2863.0 10087.0 10087.0 0.0 5 19 21.0 0.0 0.0 2
26 ec.gp.GPIndividual@925735198{-1717295744} 270.0 11159.0 10087.0 0.10627540398532764 5 13 21.0 0.0 0.10627540398532764 1
26 ec.gp.GPIndividual@1443337108{629204335} 739.0 8347.0 8160.0 0.022916666666666665 5 21 21.0 0.0 0.022916666666666665 0
26 ec.gp.GPIndividual@1443337108{629204335} 142.0 13031.0 12802.0 0.01788783002655835 5 21 21.0 0.0 0.01788783002655835 0
26 ec.gp.GPIndividual@1443337108{629204335} 194.0 11590.0 10087.0 0.14900366808763754 5 21 21.0 0.0 0.14900366808763754 0
26 ec.gp.GPIndividual@925735198{-1717295744} 553.0 8328.0 8317.0 0.0013225922808705061 5 13 21.0 0.0 0.0013225922808705061 1
26 ec.gp.GPIndividual@380235824{-373505162} 38.0 10822.0 10054.0 0.07638750745971752 5 16 21.0 0.0 0.07638750745971752 0
26 ec.gp.GPIndividual@1572521772{619895507} 752.0 8328.0 8317.0 0.0013225922808705061 5 19 21.0 0.0 0.0013225922808705061 2
26 ec.gp.GPIndividual@380235824{-373505162} 334.0 8624.0 8387.0 0.028258018361750327 5 16 21.0 0.0 0.028258018361750327 0
26 ec.gp.GPIndividual@428542193{-695489927} 2259.0 8347.0 8160.0 0.022916666666666665 5 21 21.0 0.0 0.022916666666666665 1
26 ec.gp.GPIndividual@380235824{-373505162} 187.0 15613.0 14578.0 0.07099739333241871 5 16 21.0 0.0 0.07099739333241871 0
26 ec.gp.GPIndividual@1443337108{629204335} 629.0 8328.0 8317.0 0.0013225922808705061 5 21 21.0 0.0 0.0013225922808705061 0
26 ec.gp.GPIndividual@380235824{-373505162} 183.0 12100.0 10861.0 0.11407789337998343 5 16 21.0 0.0 0.11407789337998343 0
26 ec.gp.GPIndividual@1707564419{1639239961} 208.0 10054.0 10054.0 0.0 5 21 21.0 0.0 0.0 1
26 ec.gp.GPIndividual@380235824{-373505162} 614.0 10033.0 8160.0 0.22953431372549019 5 16 21.0 0.0 0.22953431372549019 0
26 ec.gp.GPIndividual@428542193{-695489927} 861.0 12802.0 12802.0 0.0 5 21 21.0 0.0 0.0 2
26 ec.gp.GPIndividual@1707564419{1639239961} 665.0 8624.0 8387.0 0.028258018361750327 5 21 21.0 0.0 0.028258018361750327 1
26 ec.gp.GPIndividual@380235824{-373505162} 103.0 13031.0 12802.0 0.01788783002655835 5 16 21.0 0.0 0.01788783002655835 0
26 ec.gp.GPIndividual@1707564419{1639239961} 603.0 15194.0 14578.0 0.04225545342296611 5 21 21.0 0.0 0.04225545342296611 1
26 ec.gp.GPIndividual@380235824{-373505162} 583.0 10383.0 10087.0 0.02934470110042629 5 16 21.0 0.0 0.02934470110042629 0
26 ec.gp.GPIndividual@428542193{-695489927} 3547.0 10087.0 10087.0 0.0 5 21 21.0 0.0 0.0 3
26 ec.gp.GPIndividual@380235824{-373505162} 2980.0 8328.0 8317.0 0.0013225922808705061 5 16 21.0 0.0 0.0013225922808705061 0
26 ec.gp.GPIndividual@1707564419{1639239961} 3081.0 11066.0 10861.0 0.018874873400239387 5 21 21.0 0.0 0.018874873400239387 1
26 ec.gp.GPIndividual@428542193{-695489927} 2241.0 8328.0 8317.0 0.0013225922808705061 5 21 21.0 0.0 0.0013225922808705061 3
26 ec.gp.GPIndividual@1707564419{1639239961} 2084.0 8347.0 8160.0 0.022916666666666665 5 21 21.0 0.0 0.022916666666666665 1
26 ec.gp.GPIndividual@669625683{681963250} 109.0 11217.0 10054.0 0.1156753530932962 5 11 21.0 0.0 0.1156753530932962 0
26 ec.gp.GPIndividual@669625683{681963250} 579.0 8767.0 8387.0 0.04530821509478956 5 11 21.0 0.0 0.04530821509478956 0
26 ec.gp.GPIndividual@1730428640{981967815} 2854.0 10141.0 10054.0 0.008653272329421126 5 13 21.0 0.0 0.008653272329421126 0
26 ec.gp.GPIndividual@1707564419{1639239961} 764.0 12802.0 12802.0 0.0 5 21 21.0 0.0 0.0 2
26 ec.gp.GPIndividual@1730428640{981967815} 675.0 8767.0 8387.0 0.04530821509478956 5 13 21.0 0.0 0.04530821509478956 0
26 ec.gp.GPIndividual@669625683{681963250} 795.0 15194.0 14578.0 0.04225545342296611 5 11 21.0 0.0 0.04225545342296611 0
26 ec.gp.GPIndividual@1730428640{981967815} 134.0 15613.0 14578.0 0.07099739333241871 5 13 21.0 0.0 0.07099739333241871 0
26 ec.gp.GPIndividual@1707564419{1639239961} 718.0 10087.0 10087.0 0.0 5 21 21.0 0.0 0.0 3
26 ec.gp.GPIndividual@1730428640{981967815} 2878.0 11066.0 10861.0 0.018874873400239387 5 13 21.0 0.0 0.018874873400239387 0
26 ec.gp.GPIndividual@1707564419{1639239961} 2884.0 8328.0 8317.0 0.0013225922808705061 5 21 21.0 0.0 0.0013225922808705061 3
26 ec.gp.GPIndividual@669625683{681963250} 2917.0 11066.0 10861.0 0.018874873400239387 5 11 21.0 0.0 0.018874873400239387 0
26 ec.gp.GPIndividual@1019712091{-1467427666} 212.0 10054.0 10054.0 0.0 5 19 21.0 0.0 0.0 1
26 ec.gp.GPIndividual@1019712091{-1467427666} 388.0 8624.0 8387.0 0.028258018361750327 5 19 21.0 0.0 0.028258018361750327 1
26 ec.gp.GPIndividual@669625683{681963250} 649.0 10033.0 8160.0 0.22953431372549019 5 11 21.0 0.0 0.22953431372549019 0
26 ec.gp.GPIndividual@1019712091{-1467427666} 76.0 15613.0 14578.0 0.07099739333241871 5 19 21.0 0.0 0.07099739333241871 1
26 ec.gp.GPIndividual@1730428640{981967815} 3250.0 8347.0 8160.0 0.022916666666666665 5 13 21.0 0.0 0.022916666666666665 0
26 ec.gp.GPIndividual@1730428640{981967815} 122.0 19584.0 12802.0 0.52976097484768 5 13 21.0 0.0 0.52976097484768 0
26 ec.gp.GPIndividual@1019712091{-1467427666} 2736.0 11066.0 10861.0 0.018874873400239387 5 19 21.0 0.0 0.018874873400239387 1
26 ec.gp.GPIndividual@1019712091{-1467427666} 450.0 10033.0 8160.0 0.22953431372549019 5 19 21.0 0.0 0.22953431372549019 1
26 ec.gp.GPIndividual@1730428640{981967815} 606.0 10087.0 10087.0 0.0 5 13 21.0 0.0 0.0 1
26 ec.gp.GPIndividual@669625683{681963250} 4115.0 12802.0 12802.0 0.0 5 11 21.0 0.0 0.0 1
26 ec.gp.GPIndividual@669625683{681963250} 967.0 10087.0 10087.0 0.0 5 11 21.0 0.0 0.0 2
26 ec.gp.GPIndividual@1730428640{981967815} 2996.0 8328.0 8317.0 0.0013225922808705061 5 13 21.0 0.0 0.0013225922808705061 1
26 ec.gp.GPIndividual@1019712091{-1467427666} 3167.0 12802.0 12802.0 0.0 5 19 21.0 0.0 0.0 2
26 ec.gp.GPIndividual@1019712091{-1467427666} 153.0 11590.0 10087.0 0.14900366808763754 5 19 21.0 0.0 0.14900366808763754 2
26 ec.gp.GPIndividual@1019712091{-1467427666} 442.0 8328.0 8317.0 0.0013225922808705061 5 19 21.0 0.0 0.0013225922808705061 2
26 ec.gp.GPIndividual@669625683{681963250} 3147.0 8328.0 8317.0 0.0013225922808705061 5 11 21.0 0.0 0.0013225922808705061 2
26 ec.gp.GPIndividual@146258420{-1709007310} 1282.0 10235.0 10054.0 0.01800278496120947 5 21 21.0 0.0 0.01800278496120947 0
26 ec.gp.GPIndividual@146258420{-1709007310} 1756.0 8560.0 8387.0 0.020627161082627875 5 21 21.0 0.0 0.020627161082627875 0
26 ec.gp.GPIndividual@146258420{-1709007310} 184.0 15443.0 14578.0 0.05933598573192482 5 21 21.0 0.0 0.05933598573192482 0
26 ec.gp.GPIndividual@769807931{1265184621} 6350.0 10141.0 10054.0 0.008653272329421126 5 18 21.0 0.0 0.008653272329421126 0
26 ec.gp.GPIndividual@146258420{-1709007310} 2688.0 11066.0 10861.0 0.018874873400239387 5 21 21.0 0.0 0.018874873400239387 0
26 ec.gp.GPIndividual@146258420{-1709007310} 663.0 8347.0 8160.0 0.022916666666666665 5 21 21.0 0.0 0.022916666666666665 0
26 ec.gp.GPIndividual@146258420{-1709007310} 176.0 13688.0 12802.0 0.06920793625995939 5 21 21.0 0.0 0.06920793625995939 0
26 ec.gp.GPIndividual@146258420{-1709007310} 239.0 11159.0 10087.0 0.10627540398532764 5 21 21.0 0.0 0.10627540398532764 0
26 ec.gp.GPIndividual@146258420{-1709007310} 4334.0 8328.0 8317.0 0.0013225922808705061 5 21 21.0 0.0 0.0013225922808705061 0
26 ec.gp.GPIndividual@769807931{1265184621} 7883.0 8507.0 8387.0 0.014307857398354596 5 18 21.0 0.0 0.014307857398354596 0
26 ec.gp.GPIndividual@769807931{1265184621} 763.0 15194.0 14578.0 0.04225545342296611 5 18 21.0 0.0 0.04225545342296611 0
26 ec.gp.GPIndividual@769807931{1265184621} 3653.0 11028.0 10861.0 0.015376116379707209 5 18 21.0 0.0 0.015376116379707209 0
26 ec.gp.GPIndividual@769807931{1265184621} 12145.0 8212.0 8160.0 0.006372549019607843 5 18 21.0 0.0 0.006372549019607843 0
26 ec.gp.GPIndividual@769807931{1265184621} 360.0 13661.0 12802.0 0.06709889079831276 5 18 21.0 0.0 0.06709889079831276 0
26 ec.gp.GPIndividual@769807931{1265184621} 4457.0 10192.0 10087.0 0.010409437890353921 5 18 21.0 0.0 0.010409437890353921 0
26 ec.gp.GPIndividual@769807931{1265184621} 13910.0 8328.0 8317.0 0.0013225922808705061 5 18 21.0 0.0 0.0013225922808705061 0
27 ec.gp.GPIndividual@784051963{1280342736} 0.0 104262.0 10054.0 0.9556395464491745 5 13 21.0 0.0 0.9556395464491745 0
27 ec.gp.GPIndividual@784051963{1280342736} 0.0 104262.0 8387.0 0.9468224633361154 5 13 21.0 0.0 0.9468224633361154 0
27 ec.gp.GPIndividual@1994182640{1349041015} 0.0 12734.0 10054.0 0.26656057290630597 5 24 21.0 0.0 0.26656057290630597 0
27 ec.gp.GPIndividual@784051963{1280342736} 0.0 104262.0 14578.0 0.9694059541775277 5 13 21.0 0.0 0.9694059541775277 0
27 ec.gp.GPIndividual@784051963{1280342736} 0.0 104262.0 10861.0 0.9589356412853328 5 13 21.0 0.0 0.9589356412853328 0
27 ec.gp.GPIndividual@784051963{1280342736} 0.0 104262.0 8160.0 0.9453431372549019 5 13 21.0 0.0 0.9453431372549019 0
27 ec.gp.GPIndividual@1994182640{1349041015} 0.0 12779.0 8387.0 0.5236675807797783 5 24 21.0 0.0 0.5236675807797783 0
27 ec.gp.GPIndividual@784051963{1280342736} 0.0 104262.0 12802.0 0.9651616934853929 5 13 21.0 0.0 0.9651616934853929 0
27 ec.gp.GPIndividual@784051963{1280342736} 0.0 104262.0 10087.0 0.9557846733419253 5 13 21.0 0.0 0.9557846733419253 0
27 ec.gp.GPIndividual@784051963{1280342736} 0.0 104262.0 8317.0 0.9463748947937959 5 13 21.0 0.0 0.9463748947937959 0
27 ec.gp.GPIndividual@1994182640{1349041015} 0.0 16030.0 14578.0 0.09960214021127727 5 24 21.0 0.0 0.09960214021127727 0
27 ec.gp.GPIndividual@1994182640{1349041015} 0.0 13224.0 10861.0 0.2175674431451984 5 24 21.0 0.0 0.2175674431451984 0
27 ec.gp.GPIndividual@1994182640{1349041015} 0.0 11843.0 8160.0 0.4513480392156863 5 24 21.0 0.0 0.4513480392156863 0
27 ec.gp.GPIndividual@1994182640{1349041015} 0.0 15051.0 12802.0 0.17567567567567569 5 24 21.0 0.0 0.17567567567567569 0
27 ec.gp.GPIndividual@1994182640{1349041015} 0.0 12600.0 10087.0 0.24913254684247052 5 24 21.0 0.0 0.24913254684247052 0
27 ec.gp.GPIndividual@1994182640{1349041015} 0.0 10746.0 8317.0 0.2920524227485872 5 24 21.0 0.0 0.2920524227485872 0
27 ec.gp.GPIndividual@429003739{-1368303374} 42.0 10822.0 10054.0 0.07638750745971752 5 10 21.0 0.0 0.07638750745971752 0
27 ec.gp.GPIndividual@791517547{2141715845} 43.0 10822.0 10054.0 0.07638750745971752 5 16 21.0 0.0 0.07638750745971752 0
27 ec.gp.GPIndividual@136406723{-434544376} 45.0 11217.0 10054.0 0.1156753530932962 3 5 21.0 0.0 0.1156753530932962 0
27 ec.gp.GPIndividual@1674468668{-1845165366} 232.0 10054.0 10054.0 0.0 5 15 21.0 0.0 0.0 1
27 ec.gp.GPIndividual@1045583400{-1247129383} 250.0 10054.0 10054.0 0.0 5 21 21.0 0.0 0.0 1
27 ec.gp.GPIndividual@1657147461{-695489927} 265.0 10054.0 10054.0 0.0 5 21 21.0 0.0 0.0 1
27 ec.gp.GPIndividual@136406723{-434544376} 299.0 19584.0 8387.0 1.3350423274114702 3 5 21.0 0.0 1.3350423274114702 0
27 ec.gp.GPIndividual@429003739{-1368303374} 326.0 8448.0 8387.0 0.007273160844163586 5 10 21.0 0.0 0.007273160844163586 0
27 ec.gp.GPIndividual@791517547{2141715845} 325.0 8448.0 8387.0 0.007273160844163586 5 16 21.0 0.0 0.007273160844163586 0
27 ec.gp.GPIndividual@136406723{-434544376} 71.0 19584.0 14578.0 0.3433941555768967 3 5 21.0 0.0 0.3433941555768967 0
27 ec.gp.GPIndividual@791517547{2141715845} 89.0 14697.0 14578.0 0.008162985320345727 5 16 21.0 0.0 0.008162985320345727 0
27 ec.gp.GPIndividual@429003739{-1368303374} 93.0 14697.0 14578.0 0.008162985320345727 5 10 21.0 0.0 0.008162985320345727 0
27 ec.gp.GPIndividual@136406723{-434544376} 218.0 12610.0 10861.0 0.16103489549765215 3 5 21.0 0.0 0.16103489549765215 0
27 ec.gp.GPIndividual@429003739{-1368303374} 218.0 12100.0 10861.0 0.11407789337998343 5 10 21.0 0.0 0.11407789337998343 0
27 ec.gp.GPIndividual@791517547{2141715845} 228.0 12100.0 10861.0 0.11407789337998343 5 16 21.0 0.0 0.11407789337998343 0
27 ec.gp.GPIndividual@136406723{-434544376} 540.0 10033.0 8160.0 0.22953431372549019 3 5 21.0 0.0 0.22953431372549019 0
27 ec.gp.GPIndividual@429003739{-1368303374} 534.0 10033.0 8160.0 0.22953431372549019 5 10 21.0 0.0 0.22953431372549019 0
27 ec.gp.GPIndividual@136406723{-434544376} 53.0 19584.0 12802.0 0.52976097484768 3 5 21.0 0.0 0.52976097484768 0
27 ec.gp.GPIndividual@429003739{-1368303374} 59.0 13031.0 12802.0 0.01788783002655835 5 10 21.0 0.0 0.01788783002655835 0
27 ec.gp.GPIndividual@791517547{2141715845} 653.0 10033.0 8160.0 0.22953431372549019 5 16 21.0 0.0 0.22953431372549019 0
27 ec.gp.GPIndividual@791517547{2141715845} 64.0 13031.0 12802.0 0.01788783002655835 5 16 21.0 0.0 0.01788783002655835 0
27 ec.gp.GPIndividual@136406723{-434544376} 186.0 11590.0 10087.0 0.14900366808763754 3 5 21.0 0.0 0.14900366808763754 0
27 ec.gp.GPIndividual@1657147461{-695489927} 1276.0 8624.0 8387.0 0.028258018361750327 5 21 21.0 0.0 0.028258018361750327 1
27 ec.gp.GPIndividual@429003739{-1368303374} 310.0 11159.0 10087.0 0.10627540398532764 5 10 21.0 0.0 0.10627540398532764 0
27 ec.gp.GPIndividual@1674468668{-1845165366} 1450.0 8624.0 8387.0 0.028258018361750327 5 15 21.0 0.0 0.028258018361750327 1
27 ec.gp.GPIndividual@791517547{2141715845} 339.0 11159.0 10087.0 0.10627540398532764 5 16 21.0 0.0 0.10627540398532764 0
27 ec.gp.GPIndividual@136406723{-434544376} 536.0 8328.0 8317.0 0.0013225922808705061 3 5 21.0 0.0 0.0013225922808705061 0
27 ec.gp.GPIndividual@1470193292{2135039907} 0.0 104262.0 10054.0 0.9556395464491745 2 3 21.0 0.0 0.9556395464491745 0
27 ec.gp.GPIndividual@1470193292{2135039907} 0.0 104262.0 8387.0 0.9468224633361154 2 3 21.0 0.0 0.9468224633361154 0
27 ec.gp.GPIndividual@1470193292{2135039907} 0.0 104262.0 14578.0 0.9694059541775277 2 3 21.0 0.0 0.9694059541775277 0
27 ec.gp.GPIndividual@1470193292{2135039907} 0.0 104262.0 10861.0 0.9589356412853328 2 3 21.0 0.0 0.9589356412853328 0
27 ec.gp.GPIndividual@1470193292{2135039907} 0.0 104262.0 8160.0 0.9453431372549019 2 3 21.0 0.0 0.9453431372549019 0
27 ec.gp.GPIndividual@1470193292{2135039907} 0.0 104262.0 12802.0 0.9651616934853929 2 3 21.0 0.0 0.9651616934853929 0
27 ec.gp.GPIndividual@1470193292{2135039907} 0.0 104262.0 10087.0 0.9557846733419253 2 3 21.0 0.0 0.9557846733419253 0
27 ec.gp.GPIndividual@1470193292{2135039907} 0.0 104262.0 8317.0 0.9463748947937959 2 3 21.0 0.0 0.9463748947937959 0
27 ec.gp.GPIndividual@1838352009{972807469} 214.0 10054.0 10054.0 0.0 5 21 21.0 0.0 0.0 1
27 ec.gp.GPIndividual@1674468668{-1845165366} 516.0 15186.0 14578.0 0.04170668130058993 5 15 21.0 0.0 0.04170668130058993 1
27 ec.gp.GPIndividual@429003739{-1368303374} 630.0 8328.0 8317.0 0.0013225922808705061 5 10 21.0 0.0 0.0013225922808705061 0
27 ec.gp.GPIndividual@1689517815{-1880003920} 0.0 104262.0 10054.0 0.9556395464491745 5 13 21.0 0.0 0.9556395464491745 0
27 ec.gp.GPIndividual@1689517815{-1880003920} 0.0 104262.0 8387.0 0.9468224633361154 5 13 21.0 0.0 0.9468224633361154 0
27 ec.gp.GPIndividual@1689517815{-1880003920} 0.0 104262.0 14578.0 0.9694059541775277 5 13 21.0 0.0 0.9694059541775277 0
27 ec.gp.GPIndividual@1689517815{-1880003920} 0.0 104262.0 10861.0 0.9589356412853328 5 13 21.0 0.0 0.9589356412853328 0
27 ec.gp.GPIndividual@1689517815{-1880003920} 0.0 104262.0 8160.0 0.9453431372549019 5 13 21.0 0.0 0.9453431372549019 0
27 ec.gp.GPIndividual@1689517815{-1880003920} 0.0 104262.0 12802.0 0.9651616934853929 5 13 21.0 0.0 0.9651616934853929 0
27 ec.gp.GPIndividual@1689517815{-1880003920} 0.0 104262.0 10087.0 0.9557846733419253 5 13 21.0 0.0 0.9557846733419253 0
27 ec.gp.GPIndividual@1689517815{-1880003920} 0.0 104262.0 8317.0 0.9463748947937959 5 13 21.0 0.0 0.9463748947937959 0
27 ec.gp.GPIndividual@1045583400{-1247129383} 2121.0 8528.0 8387.0 0.016811732443066652 5 21 21.0 0.0 0.016811732443066652 1
27 ec.gp.GPIndividual@633253392{1340124537} 203.0 10054.0 10054.0 0.0 5 21 21.0 0.0 0.0 1
27 ec.gp.GPIndividual@1657147461{-695489927} 952.0 15186.0 14578.0 0.04170668130058993 5 21 21.0 0.0 0.04170668130058993 1
27 ec.gp.GPIndividual@791517547{2141715845} 863.0 8328.0 8317.0 0.0013225922808705061 5 16 21.0 0.0 0.0013225922808705061 0
27 ec.gp.GPIndividual@1765302608{2114378778} 0.0 109280.0 10054.0 1.0 2 3 21.0 0.0 1.0 0
27 ec.gp.GPIndividual@1765302608{2114378778} 0.0 109280.0 8387.0 1.0 2 3 21.0 0.0 1.0 0
27 ec.gp.GPIndividual@1765302608{2114378778} 0.0 109280.0 14578.0 1.0 2 3 21.0 0.0 1.0 0
27 ec.gp.GPIndividual@1765302608{2114378778} 0.0 109280.0 10861.0 1.0 2 3 21.0 0.0 1.0 0
27 ec.gp.GPIndividual@1765302608{2114378778} 0.0 109280.0 8160.0 1.0 2 3 21.0 0.0 1.0 0
27 ec.gp.GPIndividual@1765302608{2114378778} 0.0 109280.0 12802.0 1.0 2 3 21.0 0.0 1.0 0
27 ec.gp.GPIndividual@1765302608{2114378778} 0.0 109280.0 10087.0 1.0 2 3 21.0 0.0 1.0 0
27 ec.gp.GPIndividual@1765302608{2114378778} 0.0 109280.0 8317.0 1.0 2 3 21.0 0.0 1.0 0
27 ec.gp.GPIndividual@1456779714{-754414326} 48.0 10822.0 10054.0 0.07638750745971752 5 15 21.0 0.0 0.07638750745971752 0
27 ec.gp.GPIndividual@633253392{1340124537} 314.0 8448.0 8387.0 0.007273160844163586 5 21 21.0 0.0 0.007273160844163586 1
27 ec.gp.GPIndividual@1657147461{-695489927} 313.0 12100.0 10861.0 0.11407789337998343 5 21 21.0 0.0 0.11407789337998343 1
27 ec.gp.GPIndividual@1045583400{-1247129383} 451.0 15186.0 14578.0 0.04170668130058993 5 21 21.0 0.0 0.04170668130058993 1
27 ec.gp.GPIndividual@1456779714{-754414326} 317.0 8448.0 8387.0 0.007273160844163586 5 15 21.0 0.0 0.007273160844163586 0
27 ec.gp.GPIndividual@1674468668{-1845165366} 810.0 11066.0 10861.0 0.018874873400239387 5 15 21.0 0.0 0.018874873400239387 1
27 ec.gp.GPIndividual@1456779714{-754414326} 92.0 14697.0 14578.0 0.008162985320345727 5 15 21.0 0.0 0.008162985320345727 0
27 ec.gp.GPIndividual@1456779714{-754414326} 215.0 12100.0 10861.0 0.11407789337998343 5 15 21.0 0.0 0.11407789337998343 0
27 ec.gp.GPIndividual@1674468668{-1845165366} 545.0 10033.0 8160.0 0.22953431372549019 5 15 21.0 0.0 0.22953431372549019 1
27 ec.gp.GPIndividual@1045583400{-1247129383} 773.0 11066.0 10861.0 0.018874873400239387 5 21 21.0 0.0 0.018874873400239387 1
27 ec.gp.GPIndividual@1838352009{972807469} 1844.0 8624.0 8387.0 0.028258018361750327 5 21 21.0 0.0 0.028258018361750327 1
27 ec.gp.GPIndividual@1045583400{-1247129383} 554.0 10033.0 8160.0 0.22953431372549019 5 21 21.0 0.0 0.22953431372549019 1
27 ec.gp.GPIndividual@1456779714{-754414326} 885.0 8347.0 8160.0 0.022916666666666665 5 15 21.0 0.0 0.022916666666666665 0
27 ec.gp.GPIndividual@1045583400{-1247129383} 72.0 13031.0 12802.0 0.01788783002655835 5 21 21.0 0.0 0.01788783002655835 1
27 ec.gp.GPIndividual@1456779714{-754414326} 56.0 13031.0 12802.0 0.01788783002655835 5 15 21.0 0.0 0.01788783002655835 0
27 ec.gp.GPIndividual@633253392{1340124537} 1654.0 15186.0 14578.0 0.04170668130058993 5 21 21.0 0.0 0.04170668130058993 1
27 ec.gp.GPIndividual@1456779714{-754414326} 194.0 11590.0 10087.0 0.14900366808763754 5 15 21.0 0.0 0.14900366808763754 0
27 ec.gp.GPIndividual@1674468668{-1845165366} 957.0 12802.0 12802.0 0.0 5 15 21.0 0.0 0.0 2
27 ec.gp.GPIndividual@1657147461{-695489927} 1732.0 8347.0 8160.0 0.022916666666666665 5 21 21.0 0.0 0.022916666666666665 1
27 ec.gp.GPIndividual@633253392{1340124537} 214.0 12100.0 10861.0 0.11407789337998343 5 21 21.0 0.0 0.11407789337998343 1
27 ec.gp.GPIndividual@1838352009{972807469} 593.0 14697.0 14578.0 0.008162985320345727 5 21 21.0 0.0 0.008162985320345727 1
27 ec.gp.GPIndividual@1674468668{-1845165366} 200.0 11590.0 10087.0 0.14900366808763754 5 15 21.0 0.0 0.14900366808763754 2
27 ec.gp.GPIndividual@1674468668{-1845165366} 536.0 8328.0 8317.0 0.0013225922808705061 5 15 21.0 0.0 0.0013225922808705061 2
27 ec.gp.GPIndividual@1456779714{-754414326} 1013.0 8328.0 8317.0 0.0013225922808705061 5 15 21.0 0.0 0.0013225922808705061 0
27 ec.gp.GPIndividual@1189562279{1280342736} 0.0 104262.0 10054.0 0.9556395464491745 5 13 21.0 0.0 0.9556395464491745 0
27 ec.gp.GPIndividual@1189562279{1280342736} 0.0 104262.0 8387.0 0.9468224633361154 5 13 21.0 0.0 0.9468224633361154 0
27 ec.gp.GPIndividual@1189562279{1280342736} 0.0 104262.0 14578.0 0.9694059541775277 5 13 21.0 0.0 0.9694059541775277 0
27 ec.gp.GPIndividual@1189562279{1280342736} 0.0 104262.0 10861.0 0.9589356412853328 5 13 21.0 0.0 0.9589356412853328 0
27 ec.gp.GPIndividual@1189562279{1280342736} 0.0 104262.0 8160.0 0.9453431372549019 5 13 21.0 0.0 0.9453431372549019 0
27 ec.gp.GPIndividual@1189562279{1280342736} 0.0 104262.0 12802.0 0.9651616934853929 5 13 21.0 0.0 0.9651616934853929 0
27 ec.gp.GPIndividual@1189562279{1280342736} 0.0 104262.0 10087.0 0.9557846733419253 5 13 21.0 0.0 0.9557846733419253 0
27 ec.gp.GPIndividual@1189562279{1280342736} 0.0 104262.0 8317.0 0.9463748947937959 5 13 21.0 0.0 0.9463748947937959 0
27 ec.gp.GPIndividual@633253392{1340124537} 872.0 8347.0 8160.0 0.022916666666666665 5 21 21.0 0.0 0.022916666666666665 1
27 ec.gp.GPIndividual@555360548{-797307439} 249.0 10054.0 10054.0 0.0 5 16 21.0 0.0 0.0 1
27 ec.gp.GPIndividual@1838352009{972807469} 1305.0 11066.0 10861.0 0.018874873400239387 5 21 21.0 0.0 0.018874873400239387 1
27 ec.gp.GPIndividual@633253392{1340124537} 440.0 12802.0 12802.0 0.0 5 21 21.0 0.0 0.0 2
27 ec.gp.GPIndividual@1657147461{-695489927} 1421.0 12802.0 12802.0 0.0 5 21 21.0 0.0 0.0 2
27 ec.gp.GPIndividual@633253392{1340124537} 279.0 11159.0 10087.0 0.10627540398532764 5 21 21.0 0.0 0.10627540398532764 2
27 ec.gp.GPIndividual@1045583400{-1247129383} 2021.0 10087.0 10087.0 0.0 5 21 21.0 0.0 0.0 2
27 ec.gp.GPIndividual@1045583400{-1247129383} 1231.0 8328.0 8317.0 0.0013225922808705061 5 21 21.0 0.0 0.0013225922808705061 2
27 ec.gp.GPIndividual@1838352009{972807469} 1719.0 8347.0 8160.0 0.022916666666666665 5 21 21.0 0.0 0.022916666666666665 1
27 ec.gp.GPIndividual@878867542{-834415407} 204.0 10054.0 10054.0 0.0 5 21 21.0 0.0 0.0 1
27 ec.gp.GPIndividual@633253392{1340124537} 1543.0 8328.0 8317.0 0.0013225922808705061 5 21 21.0 0.0 0.0013225922808705061 2
27 ec.gp.GPIndividual@555360548{-797307439} 2365.0 8624.0 8387.0 0.028258018361750327 5 16 21.0 0.0 0.028258018361750327 1
27 ec.gp.GPIndividual@1657147461{-695489927} 1933.0 10087.0 10087.0 0.0 5 21 21.0 0.0 0.0 3
27 ec.gp.GPIndividual@555360548{-797307439} 88.0 15613.0 14578.0 0.07099739333241871 5 16 21.0 0.0 0.07099739333241871 1
27 ec.gp.GPIndividual@1331109057{-254710855} 237.0 10054.0 10054.0 0.0 5 21 21.0 0.0 0.0 1
27 ec.gp.GPIndividual@878867542{-834415407} 532.0 8624.0 8387.0 0.028258018361750327 5 21 21.0 0.0 0.028258018361750327 1
27 ec.gp.GPIndividual@555360548{-797307439} 302.0 12100.0 10861.0 0.11407789337998343 5 16 21.0 0.0 0.11407789337998343 1
27 ec.gp.GPIndividual@1838352009{972807469} 688.0 12802.0 12802.0 0.0 5 21 21.0 0.0 0.0 2
27 ec.gp.GPIndividual@878867542{-834415407} 336.0 15306.0 14578.0 0.04993826313623268 5 21 21.0 0.0 0.04993826313623268 1
27 ec.gp.GPIndividual@1838352009{972807469} 248.0 11590.0 10087.0 0.14900366808763754 5 21 21.0 0.0 0.14900366808763754 2
27 ec.gp.GPIndividual@1657147461{-695489927} 688.0 8328.0 8317.0 0.0013225922808705061 5 21 21.0 0.0 0.0013225922808705061 3
27 ec.gp.GPIndividual@555360548{-797307439} 493.0 10033.0 8160.0 0.22953431372549019 5 16 21.0 0.0 0.22953431372549019 1
27 ec.gp.GPIndividual@878867542{-834415407} 204.0 12100.0 10861.0 0.11407789337998343 5 21 21.0 0.0 0.11407789337998343 1
27 ec.gp.GPIndividual@1035100891{-695489927} 219.0 10054.0 10054.0 0.0 5 21 21.0 0.0 0.0 1
27 ec.gp.GPIndividual@1838352009{972807469} 546.0 8328.0 8317.0 0.0013225922808705061 5 21 21.0 0.0 0.0013225922808705061 2
27 ec.gp.GPIndividual@1331109057{-254710855} 1216.0 8624.0 8387.0 0.028258018361750327 5 21 21.0 0.0 0.028258018361750327 1
27 ec.gp.GPIndividual@878867542{-834415407} 510.0 10033.0 8160.0 0.22953431372549019 5 21 21.0 0.0 0.22953431372549019 1
27 ec.gp.GPIndividual@506245558{-695489927} 195.0 10054.0 10054.0 0.0 5 21 21.0 0.0 0.0 1
27 ec.gp.GPIndividual@1035100891{-695489927} 764.0 8624.0 8387.0 0.028258018361750327 5 21 21.0 0.0 0.028258018361750327 1
27 ec.gp.GPIndividual@878867542{-834415407} 332.0 13528.0 12802.0 0.05670988907983127 5 21 21.0 0.0 0.05670988907983127 1
27 ec.gp.GPIndividual@555360548{-797307439} 898.0 12802.0 12802.0 0.0 5 16 21.0 0.0 0.0 2
27 ec.gp.GPIndividual@1331109057{-254710855} 517.0 14697.0 14578.0 0.008162985320345727 5 21 21.0 0.0 0.008162985320345727 1
27 ec.gp.GPIndividual@555360548{-797307439} 190.0 11590.0 10087.0 0.14900366808763754 5 16 21.0 0.0 0.14900366808763754 2
27 ec.gp.GPIndividual@878867542{-834415407} 283.0 11159.0 10087.0 0.10627540398532764 5 21 21.0 0.0 0.10627540398532764 1
27 ec.gp.GPIndividual@555360548{-797307439} 485.0 8328.0 8317.0 0.0013225922808705061 5 16 21.0 0.0 0.0013225922808705061 2
27 ec.gp.GPIndividual@2096368955{82247139} 0.0 99026.0 10054.0 0.9329620051720708 2 4 21.0 0.0 0.9329620051720708 0
27 ec.gp.GPIndividual@2096368955{82247139} 0.0 99026.0 8387.0 0.9196375342792417 2 4 21.0 0.0 0.9196375342792417 0
27 ec.gp.GPIndividual@2096368955{82247139} 0.0 99026.0 14578.0 0.9537659486898066 2 4 21.0 0.0 0.9537659486898066 0
27 ec.gp.GPIndividual@2096368955{82247139} 0.0 99026.0 10861.0 0.9379430991621398 2 4 21.0 0.0 0.9379430991621398 0
27 ec.gp.GPIndividual@2096368955{82247139} 0.0 99026.0 8160.0 0.9174019607843137 2 4 21.0 0.0 0.9174019607843137 0
27 ec.gp.GPIndividual@2096368955{82247139} 0.0 99026.0 12802.0 0.9473519762537104 2 4 21.0 0.0 0.9473519762537104 0
27 ec.gp.GPIndividual@2096368955{82247139} 0.0 99026.0 10087.0 0.9331813224942996 2 4 21.0 0.0 0.9331813224942996 0
27 ec.gp.GPIndividual@2096368955{82247139} 0.0 99026.0 8317.0 0.9189611638812072 2 4 21.0 0.0 0.9189611638812072 0
27 ec.gp.GPIndividual@2004624942{-401933197} 232.0 10054.0 10054.0 0.0 5 21 21.0 0.0 0.0 1
27 ec.gp.GPIndividual@878867542{-834415407} 921.0 8328.0 8317.0 0.0013225922808705061 5 21 21.0 0.0 0.0013225922808705061 1
27 ec.gp.GPIndividual@1331109057{-254710855} 1122.0 11066.0 10861.0 0.018874873400239387 5 21 21.0 0.0 0.018874873400239387 1
27 ec.gp.GPIndividual@1035100891{-695489927} 1924.0 15186.0 14578.0 0.04170668130058993 5 21 21.0 0.0 0.04170668130058993 1
27 ec.gp.GPIndividual@506245558{-695489927} 2229.0 8624.0 8387.0 0.028258018361750327 5 21 21.0 0.0 0.028258018361750327 1
27 ec.gp.GPIndividual@1331109057{-254710855} 812.0 8347.0 8160.0 0.022916666666666665 5 21 21.0 0.0 0.022916666666666665 1
27 ec.gp.GPIndividual@1035100891{-695489927} 199.0 12100.0 10861.0 0.11407789337998343 5 21 21.0 0.0 0.11407789337998343 1
27 ec.gp.GPIndividual@2004624942{-401933197} 1881.0 8528.0 8387.0 0.016811732443066652 5 21 21.0 0.0 0.016811732443066652 1
27 ec.gp.GPIndividual@1035100891{-695489927} 819.0 10033.0 8160.0 0.22953431372549019 5 21 21.0 0.0 0.22953431372549019 1
27 ec.gp.GPIndividual@1331109057{-254710855} 882.0 12802.0 12802.0 0.0 5 21 21.0 0.0 0.0 2
27 ec.gp.GPIndividual@1468706216{139530601} 1987.0 10141.0 10054.0 0.008653272329421126 5 23 21.0 0.0 0.008653272329421126 0
27 ec.gp.GPIndividual@2004624942{-401933197} 494.0 14697.0 14578.0 0.008162985320345727 5 21 21.0 0.0 0.008162985320345727 1
27 ec.gp.GPIndividual@506245558{-695489927} 1457.0 14697.0 14578.0 0.008162985320345727 5 21 21.0 0.0 0.008162985320345727 1
27 ec.gp.GPIndividual@1035100891{-695489927} 561.0 12802.0 12802.0 0.0 5 21 21.0 0.0 0.0 2
27 ec.gp.GPIndividual@506245558{-695489927} 233.0 12100.0 10861.0 0.11407789337998343 5 21 21.0 0.0 0.11407789337998343 1
27 ec.gp.GPIndividual@1331109057{-254710855} 779.0 10087.0 10087.0 0.0 5 21 21.0 0.0 0.0 3
27 ec.gp.GPIndividual@1331109057{-254710855} 1270.0 8328.0 8317.0 0.0013225922808705061 5 21 21.0 0.0 0.0013225922808705061 3
27 ec.gp.GPIndividual@506245558{-695489927} 1421.0 8347.0 8160.0 0.022916666666666665 5 21 21.0 0.0 0.022916666666666665 1
27 ec.gp.GPIndividual@1468706216{139530601} 1942.0 8560.0 8387.0 0.020627161082627875 5 23 21.0 0.0 0.020627161082627875 0
27 ec.gp.GPIndividual@1179832891{2069255496} 228.0 10959.0 10054.0 0.09001392480604735 5 16 21.0 0.0 0.09001392480604735 0
27 ec.gp.GPIndividual@1035100891{-695489927} 1795.0 10087.0 10087.0 0.0 5 21 21.0 0.0 0.0 3
27 ec.gp.GPIndividual@506245558{-695489927} 1068.0 12870.0 12802.0 0.005311670051554445 5 21 21.0 0.0 0.005311670051554445 1
27 ec.gp.GPIndividual@1035100891{-695489927} 1048.0 8328.0 8317.0 0.0013225922808705061 5 21 21.0 0.0 0.0013225922808705061 3
27 ec.gp.GPIndividual@1179832891{2069255496} 1290.0 8767.0 8387.0 0.04530821509478956 5 16 21.0 0.0 0.04530821509478956 0
27 ec.gp.GPIndividual@2004624942{-401933197} 3203.0 11063.0 10861.0 0.01859865574072369 5 21 21.0 0.0 0.01859865574072369 1
27 ec.gp.GPIndividual@506245558{-695489927} 431.0 10555.0 10087.0 0.04639635173986319 5 21 21.0 0.0 0.04639635173986319 1
27 ec.gp.GPIndividual@2004624942{-401933197} 1564.0 8347.0 8160.0 0.022916666666666665 5 21 21.0 0.0 0.022916666666666665 1
27 ec.gp.GPIndividual@506245558{-695489927} 1578.0 8328.0 8317.0 0.0013225922808705061 5 21 21.0 0.0 0.0013225922808705061 1
27 ec.gp.GPIndividual@1468706216{139530601} 3023.0 14888.0 14578.0 0.0212649197420771 5 23 21.0 0.0 0.0212649197420771 0
27 ec.gp.GPIndividual@2004624942{-401933197} 763.0 12802.0 12802.0 0.0 5 21 21.0 0.0 0.0 2
27 ec.gp.GPIndividual@1179832891{2069255496} 2398.0 15194.0 14578.0 0.04225545342296611 5 16 21.0 0.0 0.04225545342296611 0
27 ec.gp.GPIndividual@1030187644{976375421} 4234.0 10141.0 10054.0 0.008653272329421126 5 29 21.0 0.0 0.008653272329421126 0
27 ec.gp.GPIndividual@1179832891{2069255496} 1896.0 11063.0 10861.0 0.01859865574072369 5 16 21.0 0.0 0.01859865574072369 0
27 ec.gp.GPIndividual@2004624942{-401933197} 2201.0 10087.0 10087.0 0.0 5 21 21.0 0.0 0.0 3
27 ec.gp.GPIndividual@1468706216{139530601} 3472.0 11066.0 10861.0 0.018874873400239387 5 23 21.0 0.0 0.018874873400239387 0
27 ec.gp.GPIndividual@1468706216{139530601} 1559.0 8347.0 8160.0 0.022916666666666665 5 23 21.0 0.0 0.022916666666666665 0
27 ec.gp.GPIndividual@1030187644{976375421} 2694.0 8519.0 8387.0 0.015738643138190057 5 29 21.0 0.0 0.015738643138190057 0
27 ec.gp.GPIndividual@1179832891{2069255496} 2463.0 8222.0 8160.0 0.007598039215686274 5 16 21.0 0.0 0.007598039215686274 0
27 ec.gp.GPIndividual@2004624942{-401933197} 2214.0 8328.0 8317.0 0.0013225922808705061 5 21 21.0 0.0 0.0013225922808705061 3
27 ec.gp.GPIndividual@1179832891{2069255496} 72.0 16275.0 12802.0 0.2712857366036557 5 16 21.0 0.0 0.2712857366036557 0
27 ec.gp.GPIndividual@1030187644{976375421} 691.0 15194.0 14578.0 0.04225545342296611 5 29 21.0 0.0 0.04225545342296611 0
27 ec.gp.GPIndividual@1030187644{976375421} 2781.0 11066.0 10861.0 0.018874873400239387 5 29 21.0 0.0 0.018874873400239387 0
27 ec.gp.GPIndividual@1468706216{139530601} 3900.0 12802.0 12802.0 0.0 5 23 21.0 0.0 0.0 1
27 ec.gp.GPIndividual@1179832891{2069255496} 3862.0 10364.0 10087.0 0.02746108852979082 5 16 21.0 0.0 0.02746108852979082 0
27 ec.gp.GPIndividual@1030187644{976375421} 3394.0 8347.0 8160.0 0.022916666666666665 5 29 21.0 0.0 0.022916666666666665 0
27 ec.gp.GPIndividual@1030187644{976375421} 155.0 19584.0 12802.0 0.52976097484768 5 29 21.0 0.0 0.52976097484768 0
27 ec.gp.GPIndividual@1468706216{139530601} 3804.0 10087.0 10087.0 0.0 5 23 21.0 0.0 0.0 2
27 ec.gp.GPIndividual@1179832891{2069255496} 4299.0 8328.0 8317.0 0.0013225922808705061 5 16 21.0 0.0 0.0013225922808705061 0
27 ec.gp.GPIndividual@1030608960{1318328171} 214.0 10054.0 10054.0 0.0 5 23 21.0 0.0 0.0 1
27 ec.gp.GPIndividual@1030608960{1318328171} 723.0 8624.0 8387.0 0.028258018361750327 5 23 21.0 0.0 0.028258018361750327 1
27 ec.gp.GPIndividual@1030608960{1318328171} 311.0 15443.0 14578.0 0.05933598573192482 5 23 21.0 0.0 0.05933598573192482 1
27 ec.gp.GPIndividual@1468706216{139530601} 3314.0 8328.0 8317.0 0.0013225922808705061 5 23 21.0 0.0 0.0013225922808705061 2
27 ec.gp.GPIndividual@2028847874{-153331380} 37.0 11217.0 10054.0 0.1156753530932962 5 16 21.0 0.0 0.1156753530932962 0
27 ec.gp.GPIndividual@2028847874{-153331380} 312.0 8767.0 8387.0 0.04530821509478956 5 16 21.0 0.0 0.04530821509478956 0
27 ec.gp.GPIndividual@2028847874{-153331380} 77.0 15613.0 14578.0 0.07099739333241871 5 16 21.0 0.0 0.07099739333241871 0
27 ec.gp.GPIndividual@2028847874{-153331380} 156.0 11329.0 10861.0 0.043089954884448944 5 16 21.0 0.0 0.043089954884448944 0
27 ec.gp.GPIndividual@1030187644{976375421} 4924.0 10087.0 10087.0 0.0 5 29 21.0 0.0 0.0 1
27 ec.gp.GPIndividual@2028847874{-153331380} 733.0 8773.0 8160.0 0.07512254901960784 5 16 21.0 0.0 0.07512254901960784 0
27 ec.gp.GPIndividual@2028847874{-153331380} 69.0 16275.0 12802.0 0.2712857366036557 5 16 21.0 0.0 0.2712857366036557 0
27 ec.gp.GPIndividual@2028847874{-153331380} 103.0 11488.0 10087.0 0.1388916427084366 5 16 21.0 0.0 0.1388916427084366 0
27 ec.gp.GPIndividual@1030608960{1318328171} 3050.0 11066.0 10861.0 0.018874873400239387 5 23 21.0 0.0 0.018874873400239387 1
27 ec.gp.GPIndividual@1030187644{976375421} 2713.0 8328.0 8317.0 0.0013225922808705061 5 29 21.0 0.0 0.0013225922808705061 1
27 ec.gp.GPIndividual@1030608960{1318328171} 2231.0 8347.0 8160.0 0.022916666666666665 5 23 21.0 0.0 0.022916666666666665 1
27 ec.gp.GPIndividual@145361981{-1301200403} 185.0 10959.0 10054.0 0.09001392480604735 5 13 21.0 0.0 0.09001392480604735 0
27 ec.gp.GPIndividual@2028847874{-153331380} 2828.0 8328.0 8317.0 0.0013225922808705061 5 16 21.0 0.0 0.0013225922808705061 0
27 ec.gp.GPIndividual@145361981{-1301200403} 579.0 8767.0 8387.0 0.04530821509478956 5 13 21.0 0.0 0.04530821509478956 0
27 ec.gp.GPIndividual@1411528993{-1247129383} 202.0 10054.0 10054.0 0.0 5 21 21.0 0.0 0.0 1
27 ec.gp.GPIndividual@1030608960{1318328171} 777.0 12802.0 12802.0 0.0 5 23 21.0 0.0 0.0 2
27 ec.gp.GPIndividual@1411528993{-1247129383} 659.0 8624.0 8387.0 0.028258018361750327 5 21 21.0 0.0 0.028258018361750327 1
27 ec.gp.GPIndividual@1030608960{1318328171} 654.0 10087.0 10087.0 0.0 5 23 21.0 0.0 0.0 3
27 ec.gp.GPIndividual@145361981{-1301200403} 795.0 15194.0 14578.0 0.04225545342296611 5 13 21.0 0.0 0.04225545342296611 0
27 ec.gp.GPIndividual@1030608960{1318328171} 2609.0 8328.0 8317.0 0.0013225922808705061 5 23 21.0 0.0 0.0013225922808705061 3
27 ec.gp.GPIndividual@145361981{-1301200403} 2723.0 11066.0 10861.0 0.018874873400239387 5 13 21.0 0.0 0.018874873400239387 0
27 ec.gp.GPIndividual@1836269523{-720714739} 211.0 10054.0 10054.0 0.0 5 21 21.0 0.0 0.0 1
27 ec.gp.GPIndividual@145361981{-1301200403} 672.0 10033.0 8160.0 0.22953431372549019 5 13 21.0 0.0 0.22953431372549019 0
27 ec.gp.GPIndividual@145361981{-1301200403} 123.0 19584.0 12802.0 0.52976097484768 5 13 21.0 0.0 0.52976097484768 0
27 ec.gp.GPIndividual@1836269523{-720714739} 736.0 8624.0 8387.0 0.028258018361750327 5 21 21.0 0.0 0.028258018361750327 1
27 ec.gp.GPIndividual@145361981{-1301200403} 203.0 11590.0 10087.0 0.14900366808763754 5 13 21.0 0.0 0.14900366808763754 0
27 ec.gp.GPIndividual@1836269523{-720714739} 184.0 15613.0 14578.0 0.07099739333241871 5 21 21.0 0.0 0.07099739333241871 1
27 ec.gp.GPIndividual@1411528993{-1247129383} 6034.0 14697.0 14578.0 0.008162985320345727 5 21 21.0 0.0 0.008162985320345727 1
27 ec.gp.GPIndividual@145361981{-1301200403} 2266.0 8328.0 8317.0 0.0013225922808705061 5 13 21.0 0.0 0.0013225922808705061 0
27 ec.gp.GPIndividual@1836269523{-720714739} 2421.0 11066.0 10861.0 0.018874873400239387 5 21 21.0 0.0 0.018874873400239387 1
27 ec.gp.GPIndividual@1836269523{-720714739} 667.0 8347.0 8160.0 0.022916666666666665 5 21 21.0 0.0 0.022916666666666665 1
27 ec.gp.GPIndividual@1836269523{-720714739} 173.0 13688.0 12802.0 0.06920793625995939 5 21 21.0 0.0 0.06920793625995939 1
27 ec.gp.GPIndividual@1836269523{-720714739} 241.0 11159.0 10087.0 0.10627540398532764 5 21 21.0 0.0 0.10627540398532764 1
27 ec.gp.GPIndividual@1411528993{-1247129383} 3320.0 11066.0 10861.0 0.018874873400239387 5 21 21.0 0.0 0.018874873400239387 1
27 ec.gp.GPIndividual@1836269523{-720714739} 4570.0 8328.0 8317.0 0.0013225922808705061 5 21 21.0 0.0 0.0013225922808705061 1
27 ec.gp.GPIndividual@1411528993{-1247129383} 3989.0 8222.0 8160.0 0.007598039215686274 5 21 21.0 0.0 0.007598039215686274 1
27 ec.gp.GPIndividual@1411528993{-1247129383} 371.0 13661.0 12802.0 0.06709889079831276 5 21 21.0 0.0 0.06709889079831276 1
27 ec.gp.GPIndividual@1411528993{-1247129383} 2186.0 10087.0 10087.0 0.0 5 21 21.0 0.0 0.0 2
27 ec.gp.GPIndividual@1411528993{-1247129383} 8777.0 8328.0 8317.0 0.0013225922808705061 5 21 21.0 0.0 0.0013225922808705061 2
27 ec.gp.GPIndividual@1942304567{1295570354} 0.0 109280.0 10054.0 1.0 1 1 21.0 0.0 1.0 0
27 ec.gp.GPIndividual@1942304567{1295570354} 0.0 109280.0 8387.0 1.0 1 1 21.0 0.0 1.0 0
27 ec.gp.GPIndividual@1942304567{1295570354} 0.0 109280.0 14578.0 1.0 1 1 21.0 0.0 1.0 0
27 ec.gp.GPIndividual@1942304567{1295570354} 0.0 109280.0 10861.0 1.0 1 1 21.0 0.0 1.0 0
27 ec.gp.GPIndividual@1942304567{1295570354} 0.0 109280.0 8160.0 1.0 1 1 21.0 0.0 1.0 0
27 ec.gp.GPIndividual@1942304567{1295570354} 0.0 109280.0 12802.0 1.0 1 1 21.0 0.0 1.0 0
27 ec.gp.GPIndividual@1942304567{1295570354} 0.0 109280.0 10087.0 1.0 1 1 21.0 0.0 1.0 0
27 ec.gp.GPIndividual@1942304567{1295570354} 0.0 109280.0 8317.0 1.0 1 1 21.0 0.0 1.0 0
28 ec.gp.GPIndividual@439715752{82247139} 0.0 99026.0 10054.0 0.9329620051720708 2 4 21.0 0.0 0.9329620051720708 0
28 ec.gp.GPIndividual@1513906517{-685073482} 0.0 12734.0 10054.0 0.26656057290630597 5 24 21.0 0.0 0.26656057290630597 0
28 ec.gp.GPIndividual@439715752{82247139} 0.0 99026.0 8387.0 0.9196375342792417 2 4 21.0 0.0 0.9196375342792417 0
28 ec.gp.GPIndividual@439715752{82247139} 0.0 99026.0 8387.0 0.9537659486898066 2 4 21.0 0.0 28 ec.gp.GPIndividual@1513906517{-685073482} 0.9537659486898066 0
0.0 12779.0 8387.0 0.5236675807797783 5 24 21.0 0.0 0.5236675807797783 0
28 ec.gp.GPIndividual@439715752{82247139} 0.0 99026.0 10861.0 0.9379430991621398 2 4 21.0 0.0 0.9379430991621398 0
28 ec.gp.GPIndividual@439715752{82247139} 0.0 99026.0 8160.0 0.9174019607843137 2 4 21.0 0.0 0.9174019607843137 0
28 ec.gp.GPIndividual@1513906517{-685073482} 0.0 16030.0 14578.0 0.09960214021127727 5 24 21.0 0.0 0.09960214021127727 0
28 ec.gp.GPIndividual@439715752{82247139} 0.0 99026.0 12802.0 0.9473519762537104 2 4 21.0 0.0 0.9473519762537104 0
28 ec.gp.GPIndividual@439715752{82247139} 0.0 99026.0 10087.0 0.9331813224942996 2 4 21.0 0.0 0.9331813224942996 0
28 ec.gp.GPIndividual@439715752{82247139} 0.0 99026.0 8317.0 0.9189611638812072 2 4 21.0 0.0 0.9189611638812072 0
28 ec.gp.GPIndividual@1513906517{-685073482} 0.0 13224.0 10861.0 0.2175674431451984 5 24 21.0 0.0 0.2175674431451984 0
28 ec.gp.GPIndividual@1513906517{-685073482} 0.0 11843.0 8160.0 0.4513480392156863 5 24 21.0 0.0 0.4513480392156863 0
28 ec.gp.GPIndividual@1513906517{-685073482} 0.0 15051.0 12802.0 0.17567567567567569 5 24 21.0 0.0 0.17567567567567569 0
28 ec.gp.GPIndividual@1513906517{-685073482} 0.0 12600.0 10087.0 0.24913254684247052 5 24 21.0 0.0 0.24913254684247052 0
28 ec.gp.GPIndividual@1513906517{-685073482} 0.0 10746.0 8317.0 0.2920524227485872 5 24 21.0 0.0 0.2920524227485872 0
28 ec.gp.GPIndividual@1244024287{-1461197599} 46.0 10822.0 10054.0 0.07638750745971752 5 21 21.0 0.0 0.07638750745971752 0
28 ec.gp.GPIndividual@1897935626{576055012} 226.0 10959.0 10054.0 0.09001392480604735 5 13 21.0 0.0 0.09001392480604735 0
28 ec.gp.GPIndividual@1958114419{144349684} 260.0 10054.0 10054.0 0.0 5 25 21.0 0.0 0.0 1
28 ec.gp.GPIndividual@96626897{-1076038686} 264.0 10054.0 10054.0 0.0 5 19 21.0 0.0 0.0 1
28 ec.gp.GPIndividual@498654158{526418493} 269.0 10054.0 10054.0 0.0 5 19 21.0 0.0 0.0 1
28 ec.gp.GPIndividual@1716171328{1172986748} 269.0 10054.0 10054.0 0.0 5 15 21.0 0.0 0.0 1
28 ec.gp.GPIndividual@1244024287{-1461197599} 313.0 18390.0 8387.0 1.1926791462978419 5 21 21.0 0.0 1.1926791462978419 0
28 ec.gp.GPIndividual@1244024287{-1461197599} 70.0 18619.0 14578.0 0.2771985183152696 5 21 21.0 0.0 0.2771985183152696 0
28 ec.gp.GPIndividual@1244024287{-1461197599} 220.0 12100.0 10861.0 0.11407789337998343 5 21 21.0 0.0 0.11407789337998343 0
28 ec.gp.GPIndividual@1244024287{-1461197599} 534.0 10033.0 8160.0 0.22953431372549019 5 21 21.0 0.0 0.22953431372549019 0
28 ec.gp.GPIndividual@1958114419{144349684} 928.0 8624.0 8387.0 0.028258018361750327 5 25 21.0 0.0 0.028258018361750327 1
28 ec.gp.GPIndividual@1244024287{-1461197599} 41.0 18424.0 12802.0 0.4391501327917513 5 21 21.0 0.0 0.4391501327917513 0
28 ec.gp.GPIndividual@498654158{526418493} 1099.0 8624.0 8387.0 0.028258018361750327 5 19 21.0 0.0 0.028258018361750327 1
28 ec.gp.GPIndividual@1958114419{144349684} 207.0 15613.0 14578.0 0.07099739333241871 5 25 21.0 0.0 0.07099739333241871 1
28 ec.gp.GPIndividual@1244024287{-1461197599} 191.0 11590.0 10087.0 0.14900366808763754 5 21 21.0 0.0 0.14900366808763754 0
28 ec.gp.GPIndividual@1716171328{1172986748} 1237.0 8624.0 8387.0 0.028258018361750327 5 15 21.0 0.0 0.028258018361750327 1
28 ec.gp.GPIndividual@1897935626{576055012} 1354.0 8560.0 8387.0 0.020627161082627875 5 13 21.0 0.0 0.020627161082627875 0
28 ec.gp.GPIndividual@498654158{526418493} 217.0 15613.0 14578.0 0.07099739333241871 5 19 21.0 0.0 0.07099739333241871 1
28 ec.gp.GPIndividual@96626897{-1076038686} 1399.0 8624.0 8387.0 0.028258018361750327 5 19 21.0 0.0 0.028258018361750327 1
28 ec.gp.GPIndividual@1958114419{144349684} 343.0 11658.0 10861.0 0.07338182487800386 5 25 21.0 0.0 0.07338182487800386 1
28 ec.gp.GPIndividual@1244024287{-1461197599} 563.0 8328.0 8317.0 0.0013225922808705061 5 21 21.0 0.0 0.0013225922808705061 0
28 ec.gp.GPIndividual@433726211{-720714739} 252.0 10054.0 10054.0 0.0 5 21 21.0 0.0 0.0 1
28 ec.gp.GPIndividual@1958114419{144349684} 555.0 10033.0 8160.0 0.22953431372549019 5 25 21.0 0.0 0.22953431372549019 1
28 ec.gp.GPIndividual@498654158{526418493} 787.0 11066.0 10861.0 0.018874873400239387 5 19 21.0 0.0 0.018874873400239387 1
28 ec.gp.GPIndividual@1897935626{576055012} 880.0 15194.0 14578.0 0.04225545342296611 5 13 21.0 0.0 0.04225545342296611 0
28 ec.gp.GPIndividual@96626897{-1076038686} 859.0 15186.0 14578.0 0.04170668130058993 5 19 21.0 0.0 0.04170668130058993 1
28 ec.gp.GPIndividual@1716171328{1172986748} 1188.0 14697.0 14578.0 0.008162985320345727 5 15 21.0 0.0 0.008162985320345727 1
28 ec.gp.GPIndividual@498654158{526418493} 897.0 8347.0 8160.0 0.022916666666666665 5 19 21.0 0.0 0.022916666666666665 1
28 ec.gp.GPIndividual@96626897{-1076038686} 748.0 11066.0 10861.0 0.018874873400239387 5 19 21.0 0.0 0.018874873400239387 1
28 ec.gp.GPIndividual@1958114419{144349684} 1017.0 12870.0 12802.0 0.005311670051554445 5 25 21.0 0.0 0.005311670051554445 1
28 ec.gp.GPIndividual@1897935626{576055012} 920.0 11066.0 10861.0 0.018874873400239387 5 13 21.0 0.0 0.018874873400239387 0
28 ec.gp.GPIndividual@1897935626{576055012} 517.0 10033.0 8160.0 0.22953431372549019 5 13 21.0 0.0 0.22953431372549019 0
28 ec.gp.GPIndividual@1897935626{576055012} 70.0 19584.0 12802.0 0.52976097484768 5 13 21.0 0.0 0.52976097484768 0
28 ec.gp.GPIndividual@96626897{-1076038686} 706.0 10033.0 8160.0 0.22953431372549019 5 19 21.0 0.0 0.22953431372549019 1
28 ec.gp.GPIndividual@433726211{-720714739} 1749.0 8528.0 8387.0 0.016811732443066652 5 21 21.0 0.0 0.016811732443066652 1
28 ec.gp.GPIndividual@96626897{-1076038686} 111.0 13031.0 12802.0 0.01788783002655835 5 19 21.0 0.0 0.01788783002655835 1
28 ec.gp.GPIndividual@498654158{526418493} 825.0 12802.0 12802.0 0.0 5 19 21.0 0.0 0.0 2
28 ec.gp.GPIndividual@498654158{526418493} 203.0 11590.0 10087.0 0.14900366808763754 5 19 21.0 0.0 0.14900366808763754 2
28 ec.gp.GPIndividual@96626897{-1076038686} 224.0 11590.0 10087.0 0.14900366808763754 5 19 21.0 0.0 0.14900366808763754 1
28 ec.gp.GPIndividual@1897935626{576055012} 421.0 11159.0 10087.0 0.10627540398532764 5 13 21.0 0.0 0.10627540398532764 0
28 ec.gp.GPIndividual@1716171328{1172986748} 1743.0 11066.0 10861.0 0.018874873400239387 5 15 21.0 0.0 0.018874873400239387 1
28 ec.gp.GPIndividual@1897935626{576055012} 674.0 8328.0 8317.0 0.0013225922808705061 5 13 21.0 0.0 0.0013225922808705061 0
28 ec.gp.GPIndividual@1740839935{-1594379254} 40.0 11217.0 10054.0 0.1156753530932962 5 19 21.0 0.0 0.1156753530932962 0
28 ec.gp.GPIndividual@1716171328{1172986748} 811.0 8347.0 8160.0 0.022916666666666665 5 15 21.0 0.0 0.022916666666666665 1
28 ec.gp.GPIndividual@1716171328{1172986748} 102.0 13031.0 12802.0 0.01788783002655835 5 15 21.0 0.0 0.01788783002655835 1
28 ec.gp.GPIndividual@1740839935{-1594379254} 289.0 19584.0 8387.0 1.3350423274114702 5 19 21.0 0.0 1.3350423274114702 0
28 ec.gp.GPIndividual@433726211{-720714739} 1414.0 15173.0 14578.0 0.040814926601728634 5 21 21.0 0.0 0.040814926601728634 1
28 ec.gp.GPIndividual@498654158{526418493} 1124.0 8328.0 8317.0 0.0013225922808705061 5 19 21.0 0.0 0.0013225922808705061 2
28 ec.gp.GPIndividual@1740839935{-1594379254} 73.0 19584.0 14578.0 0.3433941555768967 5 19 21.0 0.0 0.3433941555768967 0
28 ec.gp.GPIndividual@96626897{-1076038686} 1332.0 8328.0 8317.0 0.0013225922808705061 5 19 21.0 0.0 0.0013225922808705061 1
28 ec.gp.GPIndividual@1716171328{1172986748} 301.0 11159.0 10087.0 0.10627540398532764 5 15 21.0 0.0 0.10627540398532764 1
28 ec.gp.GPIndividual@1085318091{1125907668} 265.0 10054.0 10054.0 0.0 5 22 21.0 0.0 0.0 1
28 ec.gp.GPIndividual@1740839935{-1594379254} 235.0 12610.0 10861.0 0.16103489549765215 5 19 21.0 0.0 0.16103489549765215 0
28 ec.gp.GPIndividual@1958114419{144349684} 2484.0 10087.0 10087.0 0.0 5 25 21.0 0.0 0.0 2
28 ec.gp.GPIndividual@794471384{-1432736728} 255.0 10054.0 10054.0 0.0 5 15 21.0 0.0 0.0 1
28 ec.gp.GPIndividual@433726211{-720714739} 758.0 11247.0 10861.0 0.03554000552435319 5 21 21.0 0.0 0.03554000552435319 1
28 ec.gp.GPIndividual@1740839935{-1594379254} 515.0 10033.0 8160.0 0.22953431372549019 5 19 21.0 0.0 0.22953431372549019 0
28 ec.gp.GPIndividual@1740839935{-1594379254} 45.0 19584.0 12802.0 0.52976097484768 5 19 21.0 0.0 0.52976097484768 0
28 ec.gp.GPIndividual@1958114419{144349684} 611.0 8328.0 8317.0 0.0013225922808705061 5 25 21.0 0.0 0.0013225922808705061 2
28 ec.gp.GPIndividual@1740839935{-1594379254} 190.0 11590.0 10087.0 0.14900366808763754 5 19 21.0 0.0 0.14900366808763754 0
28 ec.gp.GPIndividual@1716171328{1172986748} 1261.0 8328.0 8317.0 0.0013225922808705061 5 15 21.0 0.0 0.0013225922808705061 1
28 ec.gp.GPIndividual@433726211{-720714739} 807.0 8347.0 8160.0 0.022916666666666665 5 21 21.0 0.0 0.022916666666666665 1
28 ec.gp.GPIndividual@1740839935{-1594379254} 540.0 8328.0 8317.0 0.0013225922808705061 5 19 21.0 0.0 0.0013225922808705061 0
28 ec.gp.GPIndividual@371829932{1435384832} 84.0 10822.0 10054.0 0.07638750745971752 5 17 21.0 0.0 0.07638750745971752 0
28 ec.gp.GPIndividual@577621271{-695489927} 242.0 10054.0 10054.0 0.0 5 21 21.0 0.0 0.0 1
28 ec.gp.GPIndividual@794471384{-1432736728} 1516.0 8561.0 8387.0 0.020746393227614165 5 15 21.0 0.0 0.020746393227614165 1
28 ec.gp.GPIndividual@433726211{-720714739} 504.0 12802.0 12802.0 0.0 5 21 21.0 0.0 0.0 2
28 ec.gp.GPIndividual@1921303571{1789513058} 1264.0 10331.0 10054.0 0.02755122339367416 5 17 21.0 0.0 0.02755122339367416 0
28 ec.gp.GPIndividual@794471384{-1432736728} 302.0 15613.0 14578.0 0.07099739333241871 5 15 21.0 0.0 0.07099739333241871 1
28 ec.gp.GPIndividual@433726211{-720714739} 328.0 11159.0 10087.0 0.10627540398532764 5 21 21.0 0.0 0.10627540398532764 2
28 ec.gp.GPIndividual@1085318091{1125907668} 2236.0 8624.0 8387.0 0.028258018361750327 5 22 21.0 0.0 0.028258018361750327 1
28 ec.gp.GPIndividual@794471384{-1432736728} 221.0 12100.0 10861.0 0.11407789337998343 5 15 21.0 0.0 0.11407789337998343 1
28 ec.gp.GPIndividual@794471384{-1432736728} 508.0 10033.0 8160.0 0.22953431372549019 5 15 21.0 0.0 0.22953431372549019 1
28 ec.gp.GPIndividual@1085318091{1125907668} 558.0 15186.0 14578.0 0.04170668130058993 5 22 21.0 0.0 0.04170668130058993 1
28 ec.gp.GPIndividual@433726211{-720714739} 819.0 8328.0 8317.0 0.0013225922808705061 5 21 21.0 0.0 0.0013225922808705061 2
28 ec.gp.GPIndividual@577621271{-695489927} 1546.0 8624.0 8387.0 0.028258018361750327 5 21 21.0 0.0 0.028258018361750327 1
28 ec.gp.GPIndividual@1831017036{326407086} 217.0 10054.0 10054.0 0.0 5 20 21.0 0.0 0.0 1
28 ec.gp.GPIndividual@371829932{1435384832} 1880.0 8624.0 8387.0 0.028258018361750327 5 17 21.0 0.0 0.028258018361750327 0
28 ec.gp.GPIndividual@1085318091{1125907668} 498.0 11444.0 10861.0 0.05367829849921738 5 22 21.0 0.0 0.05367829849921738 1
28 ec.gp.GPIndividual@794471384{-1432736728} 602.0 12802.0 12802.0 0.0 5 15 21.0 0.0 0.0 2
28 ec.gp.GPIndividual@794471384{-1432736728} 201.0 11590.0 10087.0 0.14900366808763754 5 15 21.0 0.0 0.14900366808763754 2
28 ec.gp.GPIndividual@371829932{1435384832} 374.0 15613.0 14578.0 0.07099739333241871 5 17 21.0 0.0 0.07099739333241871 0
28 ec.gp.GPIndividual@577621271{-695489927} 515.0 15186.0 14578.0 0.04170668130058993 5 21 21.0 0.0 0.04170668130058993 1
28 ec.gp.GPIndividual@794471384{-1432736728} 503.0 8328.0 8317.0 0.0013225922808705061 5 15 21.0 0.0 0.0013225922808705061 2
28 ec.gp.GPIndividual@1551062352{-209127782} 47.0 10822.0 10054.0 0.07638750745971752 5 18 21.0 0.0 0.07638750745971752 0
28 ec.gp.GPIndividual@1831017036{326407086} 1117.0 8624.0 8387.0 0.028258018361750327 5 20 21.0 0.0 0.028258018361750327 1
28 ec.gp.GPIndividual@577621271{-695489927} 671.0 11247.0 10861.0 0.03554000552435319 5 21 21.0 0.0 0.03554000552435319 1
28 ec.gp.GPIndividual@1085318091{1125907668} 992.0 8347.0 8160.0 0.022916666666666665 5 22 21.0 0.0 0.022916666666666665 1
28 ec.gp.GPIndividual@371829932{1435384832} 749.0 11247.0 10861.0 0.03554000552435319 5 17 21.0 0.0 0.03554000552435319 0
28 ec.gp.GPIndividual@1921303571{1789513058} 2398.0 8528.0 8387.0 0.016811732443066652 5 17 21.0 0.0 0.016811732443066652 0
28 ec.gp.GPIndividual@1551062352{-209127782} 298.0 8448.0 8387.0 0.007273160844163586 5 18 21.0 0.0 0.007273160844163586 0
28 ec.gp.GPIndividual@1831017036{326407086} 200.0 15613.0 14578.0 0.07099739333241871 5 20 21.0 0.0 0.07099739333241871 1
28 ec.gp.GPIndividual@1085318091{1125907668} 185.0 13688.0 12802.0 0.06920793625995939 5 22 21.0 0.0 0.06920793625995939 1
28 ec.gp.GPIndividual@1551062352{-209127782} 82.0 14697.0 14578.0 0.008162985320345727 5 18 21.0 0.0 0.008162985320345727 0
28 ec.gp.GPIndividual@1551062352{-209127782} 223.0 12100.0 10861.0 0.11407789337998343 5 18 21.0 0.0 0.11407789337998343 0
28 ec.gp.GPIndividual@371829932{1435384832} 520.0 10033.0 8160.0 0.22953431372549019 5 17 21.0 0.0 0.22953431372549019 0
28 ec.gp.GPIndividual@1085318091{1125907668} 422.0 10555.0 10087.0 0.04639635173986319 5 22 21.0 0.0 0.04639635173986319 1
28 ec.gp.GPIndividual@1921303571{1789513058} 1486.0 14697.0 14578.0 0.008162985320345727 5 17 21.0 0.0 0.008162985320345727 0
28 ec.gp.GPIndividual@1085318091{1125907668} 1176.0 8328.0 8317.0 0.0013225922808705061 5 22 21.0 0.0 0.0013225922808705061 1
28 ec.gp.GPIndividual@1551062352{-209127782} 1352.0 8347.0 8160.0 0.022916666666666665 5 18 21.0 0.0 0.022916666666666665 0
28 ec.gp.GPIndividual@1921303571{1789513058} 243.0 12100.0 10861.0 0.11407789337998343 5 17 21.0 0.0 0.11407789337998343 0
28 ec.gp.GPIndividual@371829932{1435384832} 1282.0 12802.0 12802.0 0.0 5 17 21.0 0.0 0.0 1
28 ec.gp.GPIndividual@1551062352{-209127782} 55.0 13031.0 12802.0 0.01788783002655835 5 18 21.0 0.0 0.01788783002655835 0
28 ec.gp.GPIndividual@371829932{1435384832} 183.0 11590.0 10087.0 0.14900366808763754 5 17 21.0 0.0 0.14900366808763754 1
28 ec.gp.GPIndividual@1831017036{326407086} 1852.0 11066.0 10861.0 0.018874873400239387 5 20 21.0 0.0 0.018874873400239387 1
28 ec.gp.GPIndividual@577621271{-695489927} 2061.0 8347.0 8160.0 0.022916666666666665 5 21 21.0 0.0 0.022916666666666665 1
28 ec.gp.GPIndividual@1551062352{-209127782} 290.0 11159.0 10087.0 0.10627540398532764 5 18 21.0 0.0 0.10627540398532764 0
28 ec.gp.GPIndividual@371829932{1435384832} 532.0 8328.0 8317.0 0.0013225922808705061 5 17 21.0 0.0 0.0013225922808705061 1
28 ec.gp.GPIndividual@1921303571{1789513058} 846.0 8347.0 8160.0 0.022916666666666665 5 17 21.0 0.0 0.022916666666666665 0
28 ec.gp.GPIndividual@1921303571{1789513058} 75.0 18424.0 12802.0 0.4391501327917513 5 17 21.0 0.0 0.4391501327917513 0
28 ec.gp.GPIndividual@1551062352{-209127782} 615.0 8328.0 8317.0 0.0013225922808705061 5 18 21.0 0.0 0.0013225922808705061 0
28 ec.gp.GPIndividual@550894342{163882760} 241.0 10054.0 10054.0 0.0 5 19 21.0 0.0 0.0 1
28 ec.gp.GPIndividual@1248388743{-2106178451} 635.0 10449.0 10054.0 0.03928784563357868 5 16 21.0 0.0 0.03928784563357868 0
28 ec.gp.GPIndividual@1831017036{326407086} 1202.0 8347.0 8160.0 0.022916666666666665 5 20 21.0 0.0 0.022916666666666665 1
28 ec.gp.GPIndividual@1921303571{1789513058} 515.0 10555.0 10087.0 0.04639635173986319 5 17 21.0 0.0 0.04639635173986319 0
28 ec.gp.GPIndividual@577621271{-695489927} 1407.0 12802.0 12802.0 0.0 5 21 21.0 0.0 0.0 2
28 ec.gp.GPIndividual@904024602{2022290926} 1697.0 10141.0 10054.0 0.008653272329421126 5 20 21.0 0.0 0.008653272329421126 0
28 ec.gp.GPIndividual@1248388743{-2106178451} 491.0 19584.0 8387.0 1.3350423274114702 5 16 21.0 0.0 1.3350423274114702 0
28 ec.gp.GPIndividual@550894342{163882760} 691.0 8624.0 8387.0 0.028258018361750327 5 19 21.0 0.0 0.028258018361750327 1
28 ec.gp.GPIndividual@1831017036{326407086} 538.0 12802.0 12802.0 0.0 5 20 21.0 0.0 0.0 2
28 ec.gp.GPIndividual@904024602{2022290926} 298.0 17367.0 8387.0 1.070704661976869 5 20 21.0 0.0 1.070704661976869 0
28 ec.gp.GPIndividual@1248388743{-2106178451} 118.0 19584.0 14578.0 0.3433941555768967 5 16 21.0 0.0 0.3433941555768967 0
28 ec.gp.GPIndividual@904024602{2022290926} 75.0 18114.0 14578.0 0.24255727809027303 5 20 21.0 0.0 0.24255727809027303 0
28 ec.gp.GPIndividual@904024602{2022290926} 954.0 11066.0 10861.0 0.018874873400239387 5 20 21.0 0.0 0.018874873400239387 0
28 ec.gp.GPIndividual@1831017036{326407086} 1076.0 10087.0 10087.0 0.0 5 20 21.0 0.0 0.0 3
28 ec.gp.GPIndividual@1921303571{1789513058} 1673.0 8328.0 8317.0 0.0013225922808705061 5 17 21.0 0.0 0.0013225922808705061 0
28 ec.gp.GPIndividual@550894342{163882760} 1268.0 15186.0 14578.0 0.04170668130058993 5 19 21.0 0.0 0.04170668130058993 1
28 ec.gp.GPIndividual@714597786{-452579153} 248.0 10054.0 10054.0 0.0 5 21 21.0 0.0 0.0 1
28 ec.gp.GPIndividual@1831017036{326407086} 555.0 8328.0 8317.0 0.0013225922808705061 5 20 21.0 0.0 0.0013225922808705061 3
28 ec.gp.GPIndividual@577621271{-695489927} 2171.0 10087.0 10087.0 0.0 5 21 21.0 0.0 0.0 3
28 ec.gp.GPIndividual@1537067143{-1809514597} 246.0 10054.0 10054.0 0.0 5 23 21.0 0.0 0.0 1
28 ec.gp.GPIndividual@904024602{2022290926} 925.0 8773.0 8160.0 0.07512254901960784 5 20 21.0 0.0 0.07512254901960784 0
28 ec.gp.GPIndividual@904024602{2022290926} 43.0 16275.0 12802.0 0.2712857366036557 5 20 21.0 0.0 0.2712857366036557 0
28 ec.gp.GPIndividual@550894342{163882760} 1009.0 11066.0 10861.0 0.018874873400239387 5 19 21.0 0.0 0.018874873400239387 1
28 ec.gp.GPIndividual@1248388743{-2106178451} 2428.0 11066.0 10861.0 0.018874873400239387 5 16 21.0 0.0 0.018874873400239387 0
28 ec.gp.GPIndividual@577621271{-695489927} 1204.0 8328.0 8317.0 0.0013225922808705061 5 21 21.0 0.0 0.0013225922808705061 3
28 ec.gp.GPIndividual@1248388743{-2106178451} 730.0 10033.0 8160.0 0.22953431372549019 5 16 21.0 0.0 0.22953431372549019 0
28 ec.gp.GPIndividual@1248388743{-2106178451} 78.0 19584.0 12802.0 0.52976097484768 5 16 21.0 0.0 0.52976097484768 0
28 ec.gp.GPIndividual@714597786{-452579153} 1909.0 8624.0 8387.0 0.028258018361750327 5 21 21.0 0.0 0.028258018361750327 1
28 ec.gp.GPIndividual@2018196194{-695489927} 264.0 10054.0 10054.0 0.0 5 21 21.0 0.0 0.0 1
28 ec.gp.GPIndividual@550894342{163882760} 1210.0 8347.0 8160.0 0.022916666666666665 5 19 21.0 0.0 0.022916666666666665 1
28 ec.gp.GPIndividual@1537067143{-1809514597} 1536.0 8624.0 8387.0 0.028258018361750327 5 23 21.0 0.0 0.028258018361750327 1
28 ec.gp.GPIndividual@1248388743{-2106178451} 199.0 11590.0 10087.0 0.14900366808763754 5 16 21.0 0.0 0.14900366808763754 0
28 ec.gp.GPIndividual@2018196194{-695489927} 829.0 8624.0 8387.0 0.028258018361750327 5 21 21.0 0.0 0.028258018361750327 1
28 ec.gp.GPIndividual@1248388743{-2106178451} 837.0 8328.0 8317.0 0.0013225922808705061 5 16 21.0 0.0 0.0013225922808705061 0
28 ec.gp.GPIndividual@714597786{-452579153} 1030.0 14697.0 14578.0 0.008162985320345727 5 21 21.0 0.0 0.008162985320345727 1
28 ec.gp.GPIndividual@550894342{163882760} 998.0 12802.0 12802.0 0.0 5 19 21.0 0.0 0.0 2
28 ec.gp.GPIndividual@1537067143{-1809514597} 1000.0 15186.0 14578.0 0.04170668130058993 5 23 21.0 0.0 0.04170668130058993 1
28 ec.gp.GPIndividual@1555293362{114162273} 256.0 10054.0 10054.0 0.0 5 21 21.0 0.0 0.0 1
28 ec.gp.GPIndividual@904024602{2022290926} 2546.0 10482.0 10087.0 0.039159313968474274 5 20 21.0 0.0 0.039159313968474274 0
28 ec.gp.GPIndividual@1555293362{114162273} 794.0 8624.0 8387.0 0.028258018361750327 5 21 21.0 0.0 0.028258018361750327 1
28 ec.gp.GPIndividual@714597786{-452579153} 1077.0 11066.0 10861.0 0.018874873400239387 5 21 21.0 0.0 0.018874873400239387 1
28 ec.gp.GPIndividual@1537067143{-1809514597} 1028.0 11066.0 10861.0 0.018874873400239387 5 23 21.0 0.0 0.018874873400239387 1
28 ec.gp.GPIndividual@2018196194{-695489927} 1745.0 14697.0 14578.0 0.008162985320345727 5 21 21.0 0.0 0.008162985320345727 1
28 ec.gp.GPIndividual@550894342{163882760} 1964.0 10087.0 10087.0 0.0 5 19 21.0 0.0 0.0 3
28 ec.gp.GPIndividual@1555293362{114162273} 1047.0 15186.0 14578.0 0.04170668130058993 5 21 21.0 0.0 0.04170668130058993 1
28 ec.gp.GPIndividual@714597786{-452579153} 1112.0 8347.0 8160.0 0.022916666666666665 5 21 21.0 0.0 0.022916666666666665 1
28 ec.gp.GPIndividual@2018196194{-695489927} 654.0 11247.0 10861.0 0.03554000552435319 5 21 21.0 0.0 0.03554000552435319 1
28 ec.gp.GPIndividual@904024602{2022290926} 2185.0 8328.0 8317.0 0.0013225922808705061 5 20 21.0 0.0 0.0013225922808705061 0
28 ec.gp.GPIndividual@2018196194{-695489927} 504.0 10033.0 8160.0 0.22953431372549019 5 21 21.0 0.0 0.22953431372549019 1
28 ec.gp.GPIndividual@714597786{-452579153} 574.0 12802.0 12802.0 0.0 5 21 21.0 0.0 0.0 2
28 ec.gp.GPIndividual@1555293362{114162273} 999.0 11066.0 10861.0 0.018874873400239387 5 21 21.0 0.0 0.018874873400239387 1
28 ec.gp.GPIndividual@550894342{163882760} 1055.0 8328.0 8317.0 0.0013225922808705061 5 19 21.0 0.0 0.0013225922808705061 3
28 ec.gp.GPIndividual@1537067143{-1809514597} 2138.0 8347.0 8160.0 0.022916666666666665 5 23 21.0 0.0 0.022916666666666665 1
28 ec.gp.GPIndividual@919051053{1293252895} 182.0 10054.0 10054.0 0.0 5 23 21.0 0.0 0.0 1
28 ec.gp.GPIndividual@1555293362{114162273} 545.0 10033.0 8160.0 0.22953431372549019 5 21 21.0 0.0 0.22953431372549019 1
28 ec.gp.GPIndividual@1537067143{-1809514597} 375.0 13528.0 12802.0 0.05670988907983127 5 23 21.0 0.0 0.05670988907983127 1
28 ec.gp.GPIndividual@2018196194{-695489927} 1026.0 12802.0 12802.0 0.0 5 21 21.0 0.0 0.0 2
28 ec.gp.GPIndividual@919051053{1293252895} 698.0 8448.0 8387.0 0.007273160844163586 5 23 21.0 0.0 0.007273160844163586 1
28 ec.gp.GPIndividual@714597786{-452579153} 1198.0 10087.0 10087.0 0.0 5 21 21.0 0.0 0.0 3
28 ec.gp.GPIndividual@919051053{1293252895} 213.0 15443.0 14578.0 0.05933598573192482 5 23 21.0 0.0 0.05933598573192482 1
28 ec.gp.GPIndividual@714597786{-452579153} 1613.0 8328.0 8317.0 0.0013225922808705061 5 21 21.0 0.0 0.0013225922808705061 3
28 ec.gp.GPIndividual@320343892{152172750} 36.0 11217.0 10054.0 0.1156753530932962 3 9 21.0 0.0 0.1156753530932962 0
28 ec.gp.GPIndividual@1555293362{114162273} 2071.0 12802.0 12802.0 0.0 5 21 21.0 0.0 0.0 2
28 ec.gp.GPIndividual@2018196194{-695489927} 2004.0 10087.0 10087.0 0.0 5 21 21.0 0.0 0.0 3
28 ec.gp.GPIndividual@1537067143{-1809514597} 2160.0 10087.0 10087.0 0.0 5 23 21.0 0.0 0.0 2
28 ec.gp.GPIndividual@919051053{1293252895} 1651.0 11066.0 10861.0 0.018874873400239387 5 23 21.0 0.0 0.018874873400239387 1
28 ec.gp.GPIndividual@320343892{152172750} 322.0 19584.0 8387.0 1.3350423274114702 3 9 21.0 0.0 1.3350423274114702 0
28 ec.gp.GPIndividual@320343892{152172750} 79.0 19584.0 14578.0 0.3433941555768967 3 9 21.0 0.0 0.3433941555768967 0
28 ec.gp.GPIndividual@1555293362{114162273} 524.0 10383.0 10087.0 0.02934470110042629 5 21 21.0 0.0 0.02934470110042629 2
28 ec.gp.GPIndividual@320343892{152172750} 193.0 12610.0 10861.0 0.16103489549765215 3 9 21.0 0.0 0.16103489549765215 0
28 ec.gp.GPIndividual@919051053{1293252895} 776.0 8347.0 8160.0 0.022916666666666665 5 23 21.0 0.0 0.022916666666666665 1
28 ec.gp.GPIndividual@1555293362{114162273} 514.0 8328.0 8317.0 0.0013225922808705061 5 21 21.0 0.0 0.0013225922808705061 2
28 ec.gp.GPIndividual@1868072406{-1880003920} 0.0 104262.0 10054.0 0.9556395464491745 5 13 21.0 0.0 0.9556395464491745 0
28 ec.gp.GPIndividual@1868072406{-1880003920} 0.0 104262.0 8387.0 0.9468224633361154 5 13 21.0 0.0 0.9468224633361154 0
28 ec.gp.GPIndividual@1868072406{-1880003920} 0.0 104262.0 14578.0 0.9694059541775277 5 13 21.0 0.0 0.9694059541775277 0
28 ec.gp.GPIndividual@1868072406{-1880003920} 0.0 104262.0 10861.0 0.9589356412853328 5 13 21.0 0.0 0.9589356412853328 0
28 ec.gp.GPIndividual@1868072406{-1880003920} 0.0 104262.0 8160.0 0.9453431372549019 5 13 21.0 0.0 0.9453431372549019 0
28 ec.gp.GPIndividual@1868072406{-1880003920} 0.0 104262.0 12802.0 0.9651616934853929 5 13 21.0 0.0 0.9651616934853929 0
28 ec.gp.GPIndividual@1868072406{-1880003920} 0.0 104262.0 10087.0 0.9557846733419253 5 13 21.0 0.0 0.9557846733419253 0
28 ec.gp.GPIndividual@1868072406{-1880003920} 0.0 104262.0 8317.0 0.9463748947937959 5 13 21.0 0.0 0.9463748947937959 0
28 ec.gp.GPIndividual@320343892{152172750} 517.0 10033.0 8160.0 0.22953431372549019 3 9 21.0 0.0 0.22953431372549019 0
28 ec.gp.GPIndividual@320343892{152172750} 52.0 19584.0 12802.0 0.52976097484768 3 9 21.0 0.0 0.52976097484768 0
28 ec.gp.GPIndividual@320343892{152172750} 160.0 11590.0 10087.0 0.14900366808763754 3 9 21.0 0.0 0.14900366808763754 0
28 ec.gp.GPIndividual@1537067143{-1809514597} 1436.0 8328.0 8317.0 0.0013225922808705061 5 23 21.0 0.0 0.0013225922808705061 2
28 ec.gp.GPIndividual@590167710{-1708881022} 37.0 11217.0 10054.0 0.1156753530932962 2 3 21.0 0.0 0.1156753530932962 0
28 ec.gp.GPIndividual@320343892{152172750} 459.0 8328.0 8317.0 0.0013225922808705061 3 9 21.0 0.0 0.0013225922808705061 0
28 ec.gp.GPIndividual@2018196194{-695489927} 1674.0 8328.0 8317.0 0.0013225922808705061 5 21 21.0 0.0 0.0013225922808705061 3
28 ec.gp.GPIndividual@919051053{1293252895} 927.0 12870.0 12802.0 0.005311670051554445 5 23 21.0 0.0 0.005311670051554445 1
28 ec.gp.GPIndividual@590167710{-1708881022} 334.0 8767.0 8387.0 0.04530821509478956 2 3 21.0 0.0 0.04530821509478956 0
28 ec.gp.GPIndividual@142864002{972807469} 215.0 10054.0 10054.0 0.0 5 21 21.0 0.0 0.0 1
28 ec.gp.GPIndividual@590167710{-1708881022} 81.0 15613.0 14578.0 0.07099739333241871 2 3 21.0 0.0 0.07099739333241871 0
28 ec.gp.GPIndividual@919051053{1293252895} 257.0 11159.0 10087.0 0.10627540398532764 5 23 21.0 0.0 0.10627540398532764 1
28 ec.gp.GPIndividual@590167710{-1708881022} 183.0 12610.0 10861.0 0.16103489549765215 2 3 21.0 0.0 0.16103489549765215 0
28 ec.gp.GPIndividual@590167710{-1708881022} 448.0 10033.0 8160.0 0.22953431372549019 2 3 21.0 0.0 0.22953431372549019 0
28 ec.gp.GPIndividual@590167710{-1708881022} 72.0 19584.0 12802.0 0.52976097484768 2 3 21.0 0.0 0.52976097484768 0
28 ec.gp.GPIndividual@590167710{-1708881022} 161.0 11590.0 10087.0 0.14900366808763754 2 3 21.0 0.0 0.14900366808763754 0
28 ec.gp.GPIndividual@142864002{972807469} 1221.0 8560.0 8387.0 0.020627161082627875 5 21 21.0 0.0 0.020627161082627875 1
28 ec.gp.GPIndividual@590167710{-1708881022} 448.0 8328.0 8317.0 0.0013225922808705061 2 3 21.0 0.0 0.0013225922808705061 0
28 ec.gp.GPIndividual@142864002{972807469} 200.0 15443.0 14578.0 0.05933598573192482 5 21 21.0 0.0 0.05933598573192482 1
28 ec.gp.GPIndividual@919051053{1293252895} 2677.0 8328.0 8317.0 0.0013225922808705061 5 23 21.0 0.0 0.0013225922808705061 1
28 ec.gp.GPIndividual@1278861894{-1694334269} 203.0 10054.0 10054.0 0.0 5 21 21.0 0.0 0.0 1
28 ec.gp.GPIndividual@1278861894{-1694334269} 1299.0 8560.0 8387.0 0.020627161082627875 5 21 21.0 0.0 0.020627161082627875 1
28 ec.gp.GPIndividual@1278861894{-1694334269} 371.0 15314.0 14578.0 0.05048703525860886 5 21 21.0 0.0 0.05048703525860886 1
28 ec.gp.GPIndividual@1278861894{-1694334269} 3225.0 11066.0 10861.0 0.018874873400239387 5 21 21.0 0.0 0.018874873400239387 1
28 ec.gp.GPIndividual@142864002{972807469} 7498.0 11028.0 10861.0 0.015376116379707209 5 21 21.0 0.0 0.015376116379707209 1
28 ec.gp.GPIndividual@1278861894{-1694334269} 3430.0 8347.0 8160.0 0.022916666666666665 5 21 21.0 0.0 0.022916666666666665 1
28 ec.gp.GPIndividual@1278861894{-1694334269} 168.0 13688.0 12802.0 0.06920793625995939 5 21 21.0 0.0 0.06920793625995939 1
28 ec.gp.GPIndividual@142864002{972807469} 3452.0 8347.0 8160.0 0.022916666666666665 5 21 21.0 0.0 0.022916666666666665 1
28 ec.gp.GPIndividual@142864002{972807469} 169.0 13688.0 12802.0 0.06920793625995939 5 21 21.0 0.0 0.06920793625995939 1
28 ec.gp.GPIndividual@1278861894{-1694334269} 1863.0 10087.0 10087.0 0.0 5 21 21.0 0.0 0.0 2
28 ec.gp.GPIndividual@142864002{972807469} 5144.0 10087.0 10087.0 0.0 5 21 21.0 0.0 0.0 2
28 ec.gp.GPIndividual@1278861894{-1694334269} 4389.0 8328.0 8317.0 0.0013225922808705061 5 21 21.0 0.0 0.0013225922808705061 2
28 ec.gp.GPIndividual@142864002{972807469} 5640.0 8328.0 8317.0 0.0013225922808705061 5 21 21.0 0.0 0.0013225922808705061 2
29 ec.gp.GPIndividual@877594717{2135039907} 0.0 104262.0 10054.0 0.9556395464491745 2 3 21.0 0.0 0.9556395464491745 0
29 ec.gp.GPIndividual@877594717{2135039907} 0.0 104262.0 8387.0 0.9468224633361154 2 3 21.0 0.0 0.9468224633361154 0
29 ec.gp.GPIndividual@877594717{2135039907} 0.0 104262.0 14578.0 0.9694059541775277 2 3 21.0 0.0 0.9694059541775277 0
29 ec.gp.GPIndividual@877594717{2135039907} 0.0 104262.0 10861.0 0.9589356412853328 2 3 21.0 0.0 0.9589356412853328 0
29 ec.gp.GPIndividual@877594717{2135039907} 0.0 104262.0 8160.0 0.9453431372549019 2 3 21.0 0.0 0.9453431372549019 0
29 ec.gp.GPIndividual@877594717{2135039907} 0.0 104262.0 12802.0 0.9651616934853929 2 3 21.0 0.0 0.9651616934853929 0
29 ec.gp.GPIndividual@877594717{2135039907} 0.0 104262.0 10087.0 0.9557846733419253 2 3 21.0 0.0 0.9557846733419253 0
29 ec.gp.GPIndividual@877594717{2135039907} 0.0 104262.0 8317.0 0.9463748947937959 2 3 21.0 0.0 0.9463748947937959 0
29 ec.gp.GPIndividual@2011173006{1874375768} 270.0 10054.0 10054.0 0.0 5 17 21.0 0.0 0.0 1
29 ec.gp.GPIndividual@170321732{-2134326516} 279.0 10054.0 10054.0 0.0 5 17 21.0 0.0 0.0 1
29 ec.gp.GPIndividual@1806160835{-364774051} 279.0 10054.0 10054.0 0.0 5 21 21.0 0.0 0.0 1
29 ec.gp.GPIndividual@966691981{1978169703} 308.0 10959.0 10054.0 0.09001392480604735 5 18 21.0 0.0 0.09001392480604735 0
29 ec.gp.GPIndividual@1422587048{2022290926} 562.0 10449.0 10054.0 0.03928784563357868 5 20 21.0 0.0 0.03928784563357868 0
29 ec.gp.GPIndividual@966691981{1978169703} 288.0 19584.0 8387.0 1.3350423274114702 5 18 21.0 0.0 1.3350423274114702 0
29 ec.gp.GPIndividual@1312355345{-1225068288} 654.0 10449.0 10054.0 0.03928784563357868 5 19 21.0 0.0 0.03928784563357868 0
29 ec.gp.GPIndividual@1422587048{2022290926} 297.0 17367.0 8387.0 1.070704661976869 5 20 21.0 0.0 1.070704661976869 0
29 ec.gp.GPIndividual@966691981{1978169703} 288.0 15613.0 14578.0 0.07099739333241871 5 18 21.0 0.0 0.07099739333241871 0
29 ec.gp.GPIndividual@1422587048{2022290926} 77.0 18114.0 14578.0 0.24255727809027303 5 20 21.0 0.0 0.24255727809027303 0
29 ec.gp.GPIndividual@1422587048{2022290926} 656.0 11066.0 10861.0 0.018874873400239387 5 20 21.0 0.0 0.018874873400239387 0
29 ec.gp.GPIndividual@1312355345{-1225068288} 965.0 8767.0 8387.0 0.04530821509478956 5 19 21.0 0.0 0.04530821509478956 0
29 ec.gp.GPIndividual@966691981{1978169703} 769.0 11247.0 10861.0 0.03554000552435319 5 18 21.0 0.0 0.03554000552435319 0
29 ec.gp.GPIndividual@1806160835{-364774051} 1491.0 8624.0 8387.0 0.028258018361750327 5 21 21.0 0.0 0.028258018361750327 1
29 ec.gp.GPIndividual@1312355345{-1225068288} 208.0 15613.0 14578.0 0.07099739333241871 5 19 21.0 0.0 0.07099739333241871 0
29 ec.gp.GPIndividual@2011173006{1874375768} 1652.0 8624.0 8387.0 0.028258018361750327 5 17 21.0 0.0 0.028258018361750327 1
29 ec.gp.GPIndividual@1806160835{-364774051} 213.0 15613.0 14578.0 0.07099739333241871 5 21 21.0 0.0 0.07099739333241871 1
29 ec.gp.GPIndividual@170321732{-2134326516} 1861.0 8624.0 8387.0 0.028258018361750327 5 17 21.0 0.0 0.028258018361750327 1
29 ec.gp.GPIndividual@966691981{1978169703} 533.0 10033.0 8160.0 0.22953431372549019 5 18 21.0 0.0 0.22953431372549019 0
29 ec.gp.GPIndividual@1312355345{-1225068288} 370.0 11658.0 10861.0 0.07338182487800386 5 19 21.0 0.0 0.07338182487800386 0
29 ec.gp.GPIndividual@1806160835{-364774051} 745.0 11247.0 10861.0 0.03554000552435319 5 21 21.0 0.0 0.03554000552435319 1
29 ec.gp.GPIndividual@170321732{-2134326516} 621.0 15186.0 14578.0 0.04170668130058993 5 17 21.0 0.0 0.04170668130058993 1
29 ec.gp.GPIndividual@1422587048{2022290926} 1246.0 8773.0 8160.0 0.07512254901960784 5 20 21.0 0.0 0.07512254901960784 0
29 ec.gp.GPIndividual@1422587048{2022290926} 45.0 16275.0 12802.0 0.2712857366036557 5 20 21.0 0.0 0.2712857366036557 0
29 ec.gp.GPIndividual@2011173006{1874375768} 1156.0 15186.0 14578.0 0.04170668130058993 5 17 21.0 0.0 0.04170668130058993 1
29 ec.gp.GPIndividual@1806160835{-364774051} 857.0 8347.0 8160.0 0.022916666666666665 5 21 21.0 0.0 0.022916666666666665 1
29 ec.gp.GPIndividual@966691981{1978169703} 1418.0 12802.0 12802.0 0.0 5 18 21.0 0.0 0.0 1
29 ec.gp.GPIndividual@170321732{-2134326516} 1016.0 11066.0 10861.0 0.018874873400239387 5 17 21.0 0.0 0.018874873400239387 1
29 ec.gp.GPIndividual@1312355345{-1225068288} 1986.0 8347.0 8160.0 0.022916666666666665 5 19 21.0 0.0 0.022916666666666665 0
29 ec.gp.GPIndividual@1312355345{-1225068288} 93.0 19584.0 12802.0 0.52976097484768 5 19 21.0 0.0 0.52976097484768 0
29 ec.gp.GPIndividual@170321732{-2134326516} 608.0 10033.0 8160.0 0.22953431372549019 5 17 21.0 0.0 0.22953431372549019 1
29 ec.gp.GPIndividual@1312355345{-1225068288} 195.0 11590.0 10087.0 0.14900366808763754 5 19 21.0 0.0 0.14900366808763754 0
29 ec.gp.GPIndividual@1806160835{-364774051} 973.0 12802.0 12802.0 0.0 5 21 21.0 0.0 0.0 2
29 ec.gp.GPIndividual@1422587048{2022290926} 1689.0 10482.0 10087.0 0.039159313968474274 5 20 21.0 0.0 0.039159313968474274 0
29 ec.gp.GPIndividual@966691981{1978169703} 968.0 10087.0 10087.0 0.0 5 18 21.0 0.0 0.0 2
29 ec.gp.GPIndividual@2011173006{1874375768} 1669.0 11066.0 10861.0 0.018874873400239387 5 17 21.0 0.0 0.018874873400239387 1
29 ec.gp.GPIndividual@1806160835{-364774051} 316.0 11159.0 10087.0 0.10627540398532764 5 21 21.0 0.0 0.10627540398532764 2
29 ec.gp.GPIndividual@170321732{-2134326516} 1050.0 12870.0 12802.0 0.005311670051554445 5 17 21.0 0.0 0.005311670051554445 1
29 ec.gp.GPIndividual@1806160835{-364774051} 766.0 8328.0 8317.0 0.0013225922808705061 5 21 21.0 0.0 0.0013225922808705061 2
29 ec.gp.GPIndividual@2011173006{1874375768} 1067.0 8347.0 8160.0 0.022916666666666665 5 17 21.0 0.0 0.022916666666666665 1
29 ec.gp.GPIndividual@514016641{1172986748} 205.0 10054.0 10054.0 0.0 5 15 21.0 0.0 0.0 1
29 ec.gp.GPIndividual@1422587048{2022290926} 1330.0 8328.0 8317.0 0.0013225922808705061 5 20 21.0 0.0 0.0013225922808705061 0
29 ec.gp.GPIndividual@966691981{1978169703} 1530.0 8328.0 8317.0 0.0013225922808705061 5 18 21.0 0.0 0.0013225922808705061 2
29 ec.gp.GPIndividual@3806846{-1402238080} 261.0 10054.0 10054.0 0.0 5 22 21.0 0.0 0.0 1
29 ec.gp.GPIndividual@1312355345{-1225068288} 1776.0 8328.0 8317.0 0.0013225922808705061 5 19 21.0 0.0 0.0013225922808705061 0
29 ec.gp.GPIndividual@170321732{-2134326516} 950.0 10087.0 10087.0 0.0 5 17 21.0 0.0 0.0 2
29 ec.gp.GPIndividual@2011173006{1874375768} 604.0 12802.0 12802.0 0.0 5 17 21.0 0.0 0.0 2
29 ec.gp.GPIndividual@352661683{1552028885} 261.0 10054.0 10054.0 0.0 5 23 21.0 0.0 0.0 1
29 ec.gp.GPIndividual@2011173006{1874375768} 301.0 11159.0 10087.0 0.10627540398532764 5 17 21.0 0.0 0.10627540398532764 2
29 ec.gp.GPIndividual@2011173006{1874375768} 714.0 8328.0 8317.0 0.0013225922808705061 5 17 21.0 0.0 0.0013225922808705061 2
29 ec.gp.GPIndividual@514016641{1172986748} 1730.0 8624.0 8387.0 0.028258018361750327 5 15 21.0 0.0 0.028258018361750327 1
29 ec.gp.GPIndividual@1000959504{681963250} 216.0 10959.0 10054.0 0.09001392480604735 5 11 21.0 0.0 0.09001392480604735 0
29 ec.gp.GPIndividual@352661683{1552028885} 1221.0 8624.0 8387.0 0.028258018361750327 5 23 21.0 0.0 0.028258018361750327 1
29 ec.gp.GPIndividual@514016641{1172986748} 214.0 15613.0 14578.0 0.07099739333241871 5 15 21.0 0.0 0.07099739333241871 1
29 ec.gp.GPIndividual@3806846{-1402238080} 1658.0 8624.0 8387.0 0.028258018361750327 5 22 21.0 0.0 0.028258018361750327 1
29 ec.gp.GPIndividual@2060155256{1997184935} 1750.0 10141.0 10054.0 0.008653272329421126 5 24 21.0 0.0 0.008653272329421126 0
29 ec.gp.GPIndividual@170321732{-2134326516} 1483.0 8328.0 8317.0 0.0013225922808705061 5 17 21.0 0.0 0.0013225922808705061 2
29 ec.gp.GPIndividual@94646477{477572434} 254.0 10054.0 10054.0 0.0 5 13 21.0 0.0 0.0 1
29 ec.gp.GPIndividual@514016641{1172986748} 437.0 11658.0 10861.0 0.07338182487800386 5 15 21.0 0.0 0.07338182487800386 1
29 ec.gp.GPIndividual@352661683{1552028885} 501.0 15186.0 14578.0 0.04170668130058993 5 23 21.0 0.0 0.04170668130058993 1
29 ec.gp.GPIndividual@2060155256{1997184935} 405.0 19584.0 8387.0 1.3350423274114702 5 24 21.0 0.0 1.3350423274114702 0
29 ec.gp.GPIndividual@1000959504{681963250} 665.0 19584.0 8387.0 1.3350423274114702 5 11 21.0 0.0 1.3350423274114702 0
29 ec.gp.GPIndividual@2060155256{1997184935} 123.0 19584.0 14578.0 0.3433941555768967 5 24 21.0 0.0 0.3433941555768967 0
29 ec.gp.GPIndividual@514016641{1172986748} 860.0 8347.0 8160.0 0.022916666666666665 5 15 21.0 0.0 0.022916666666666665 1
29 ec.gp.GPIndividual@1000959504{681963250} 823.0 15194.0 14578.0 0.04225545342296611 5 11 21.0 0.0 0.04225545342296611 0
29 ec.gp.GPIndividual@352661683{1552028885} 940.0 11066.0 10861.0 0.018874873400239387 5 23 21.0 0.0 0.018874873400239387 1
29 ec.gp.GPIndividual@94646477{477572434} 1051.0 8624.0 8387.0 0.028258018361750327 5 13 21.0 0.0 0.028258018361750327 1
29 ec.gp.GPIndividual@514016641{1172986748} 189.0 13688.0 12802.0 0.06920793625995939 5 15 21.0 0.0 0.06920793625995939 1
29 ec.gp.GPIndividual@514016641{1172986748} 187.0 11590.0 10087.0 0.14900366808763754 5 15 21.0 0.0 0.14900366808763754 1
29 ec.gp.GPIndividual@1000959504{681963250} 404.0 11658.0 10861.0 0.07338182487800386 5 11 21.0 0.0 0.07338182487800386 0
29 ec.gp.GPIndividual@94646477{477572434} 368.0 15613.0 14578.0 0.07099739333241871 5 13 21.0 0.0 0.07099739333241871 1
29 ec.gp.GPIndividual@352661683{1552028885} 847.0 8347.0 8160.0 0.022916666666666665 5 23 21.0 0.0 0.022916666666666665 1
29 ec.gp.GPIndividual@94646477{477572434} 493.0 11444.0 10861.0 0.05367829849921738 5 13 21.0 0.0 0.05367829849921738 1
29 ec.gp.GPIndividual@94646477{477572434} 546.0 10033.0 8160.0 0.22953431372549019 5 13 21.0 0.0 0.22953431372549019 1
29 ec.gp.GPIndividual@352661683{1552028885} 573.0 12802.0 12802.0 0.0 5 23 21.0 0.0 0.0 2
29 ec.gp.GPIndividual@3806846{-1402238080} 2781.0 14787.0 14578.0 0.014336671697077788 5 22 21.0 0.0 0.014336671697077788 1
29 ec.gp.GPIndividual@514016641{1172986748} 1234.0 8328.0 8317.0 0.0013225922808705061 5 15 21.0 0.0 0.0013225922808705061 1
29 ec.gp.GPIndividual@2060155256{1997184935} 2422.0 11066.0 10861.0 0.018874873400239387 5 24 21.0 0.0 0.018874873400239387 0
29 ec.gp.GPIndividual@352661683{1552028885} 304.0 11159.0 10087.0 0.10627540398532764 5 23 21.0 0.0 0.10627540398532764 2
29 ec.gp.GPIndividual@735014690{-401933197} 255.0 10054.0 10054.0 0.0 5 21 21.0 0.0 0.0 1
29 ec.gp.GPIndividual@1000959504{681963250} 1435.0 8347.0 8160.0 0.022916666666666665 5 11 21.0 0.0 0.022916666666666665 0
29 ec.gp.GPIndividual@1000959504{681963250} 76.0 19584.0 12802.0 0.52976097484768 5 11 21.0 0.0 0.52976097484768 0
29 ec.gp.GPIndividual@94646477{477572434} 648.0 12802.0 12802.0 0.0 5 13 21.0 0.0 0.0 2
29 ec.gp.GPIndividual@3806846{-1402238080} 719.0 11247.0 10861.0 0.03554000552435319 5 22 21.0 0.0 0.03554000552435319 1
29 ec.gp.GPIndividual@94646477{477572434} 209.0 11590.0 10087.0 0.14900366808763754 5 13 21.0 0.0 0.14900366808763754 2
29 ec.gp.GPIndividual@94646477{477572434} 559.0 8328.0 8317.0 0.0013225922808705061 5 13 21.0 0.0 0.0013225922808705061 2
29 ec.gp.GPIndividual@352661683{1552028885} 1115.0 8328.0 8317.0 0.0013225922808705061 5 23 21.0 0.0 0.0013225922808705061 2
29 ec.gp.GPIndividual@254860711{-605289110} 249.0 10054.0 10054.0 0.0 5 21 21.0 0.0 0.0 1
29 ec.gp.GPIndividual@1357801251{-695489927} 281.0 10054.0 10054.0 0.0 5 21 21.0 0.0 0.0 1
29 ec.gp.GPIndividual@3806846{-1402238080} 1202.0 8347.0 8160.0 0.022916666666666665 5 22 21.0 0.0 0.022916666666666665 1
29 ec.gp.GPIndividual@254860711{-605289110} 302.0 8448.0 8387.0 0.007273160844163586 5 21 21.0 0.0 0.007273160844163586 1
29 ec.gp.GPIndividual@1357801251{-695489927} 306.0 8448.0 8387.0 0.007273160844163586 5 21 21.0 0.0 0.007273160844163586 1
29 ec.gp.GPIndividual@254860711{-605289110} 122.0 14697.0 14578.0 0.008162985320345727 5 21 21.0 0.0 0.008162985320345727 1
29 ec.gp.GPIndividual@3806846{-1402238080} 150.0 13031.0 12802.0 0.01788783002655835 5 22 21.0 0.0 0.01788783002655835 1
29 ec.gp.GPIndividual@735014690{-401933197} 1866.0 8624.0 8387.0 0.028258018361750327 5 21 21.0 0.0 0.028258018361750327 1
29 ec.gp.GPIndividual@2060155256{1997184935} 2047.0 8347.0 8160.0 0.022916666666666665 5 24 21.0 0.0 0.022916666666666665 0
29 ec.gp.GPIndividual@3806846{-1402238080} 211.0 11590.0 10087.0 0.14900366808763754 5 22 21.0 0.0 0.14900366808763754 1
29 ec.gp.GPIndividual@1000959504{681963250} 1875.0 10087.0 10087.0 0.0 5 11 21.0 0.0 0.0 1
29 ec.gp.GPIndividual@3806846{-1402238080} 1090.0 8328.0 8317.0 0.0013225922808705061 5 22 21.0 0.0 0.0013225922808705061 1
29 ec.gp.GPIndividual@1000959504{681963250} 1255.0 8328.0 8317.0 0.0013225922808705061 5 11 21.0 0.0 0.0013225922808705061 1
29 ec.gp.GPIndividual@362055894{-418184046} 254.0 10054.0 10054.0 0.0 5 15 21.0 0.0 0.0 1
29 ec.gp.GPIndividual@735014690{-401933197} 1439.0 15173.0 14578.0 0.040814926601728634 5 21 21.0 0.0 0.040814926601728634 1
29 ec.gp.GPIndividual@1357801251{-695489927} 1722.0 15186.0 14578.0 0.04170668130058993 5 21 21.0 0.0 0.04170668130058993 1
29 ec.gp.GPIndividual@254860711{-605289110} 1724.0 11066.0 10861.0 0.018874873400239387 5 21 21.0 0.0 0.018874873400239387 1
29 ec.gp.GPIndividual@437575597{127159486} 251.0 10054.0 10054.0 0.0 5 21 21.0 0.0 0.0 1
29 ec.gp.GPIndividual@2060155256{1997184935} 1642.0 12802.0 12802.0 0.0 5 24 21.0 0.0 0.0 1
29 ec.gp.GPIndividual@1357801251{-695489927} 354.0 11658.0 10861.0 0.07338182487800386 5 21 21.0 0.0 0.07338182487800386 1
29 ec.gp.GPIndividual@735014690{-401933197} 450.0 11658.0 10861.0 0.07338182487800386 5 21 21.0 0.0 0.07338182487800386 1
29 ec.gp.GPIndividual@1357801251{-695489927} 532.0 10033.0 8160.0 0.22953431372549019 5 21 21.0 0.0 0.22953431372549019 1
29 ec.gp.GPIndividual@254860711{-605289110} 856.0 8347.0 8160.0 0.022916666666666665 5 21 21.0 0.0 0.022916666666666665 1
29 ec.gp.GPIndividual@735014690{-401933197} 563.0 10033.0 8160.0 0.22953431372549019 5 21 21.0 0.0 0.22953431372549019 1
29 ec.gp.GPIndividual@254860711{-605289110} 72.0 13031.0 12802.0 0.01788783002655835 5 21 21.0 0.0 0.01788783002655835 1
29 ec.gp.GPIndividual@437575597{127159486} 951.0 8624.0 8387.0 0.028258018361750327 5 21 21.0 0.0 0.028258018361750327 1
29 ec.gp.GPIndividual@2060155256{1997184935} 917.0 10087.0 10087.0 0.0 5 24 21.0 0.0 0.0 2
29 ec.gp.GPIndividual@1357801251{-695489927} 244.0 13031.0 12802.0 0.01788783002655835 5 21 21.0 0.0 0.01788783002655835 1
29 ec.gp.GPIndividual@362055894{-418184046} 1292.0 8624.0 8387.0 0.028258018361750327 5 15 21.0 0.0 0.028258018361750327 1
29 ec.gp.GPIndividual@735014690{-401933197} 311.0 13031.0 12802.0 0.01788783002655835 5 21 21.0 0.0 0.01788783002655835 1
29 ec.gp.GPIndividual@437575597{127159486} 210.0 15613.0 14578.0 0.07099739333241871 5 21 21.0 0.0 0.07099739333241871 1
29 ec.gp.GPIndividual@437575597{127159486} 703.0 11247.0 10861.0 0.03554000552435319 5 21 21.0 0.0 0.03554000552435319 1
29 ec.gp.GPIndividual@362055894{-418184046} 905.0 15186.0 14578.0 0.04170668130058993 5 15 21.0 0.0 0.04170668130058993 1
29 ec.gp.GPIndividual@2060155256{1997184935} 1065.0 8328.0 8317.0 0.0013225922808705061 5 24 21.0 0.0 0.0013225922808705061 2
29 ec.gp.GPIndividual@1360410050{-1095107092} 248.0 10054.0 10054.0 0.0 5 21 21.0 0.0 0.0 1
29 ec.gp.GPIndividual@437575597{127159486} 549.0 10033.0 8160.0 0.22953431372549019 5 21 21.0 0.0 0.22953431372549019 1
29 ec.gp.GPIndividual@362055894{-418184046} 496.0 11444.0 10861.0 0.05367829849921738 5 15 21.0 0.0 0.05367829849921738 1
29 ec.gp.GPIndividual@254860711{-605289110} 1854.0 10087.0 10087.0 0.0 5 21 21.0 0.0 0.0 2
29 ec.gp.GPIndividual@1357801251{-695489927} 1832.0 10087.0 10087.0 0.0 5 21 21.0 0.0 0.0 2
29 ec.gp.GPIndividual@362055894{-418184046} 861.0 8347.0 8160.0 0.022916666666666665 5 15 21.0 0.0 0.022916666666666665 1
29 ec.gp.GPIndividual@1357801251{-695489927} 550.0 8328.0 8317.0 0.0013225922808705061 5 21 21.0 0.0 0.0013225922808705061 2
29 ec.gp.GPIndividual@2008784294{-452579153} 248.0 10054.0 10054.0 0.0 5 21 21.0 0.0 0.0 1
29 ec.gp.GPIndividual@254860711{-605289110} 995.0 8328.0 8317.0 0.0013225922808705061 5 21 21.0 0.0 0.0013225922808705061 2
29 ec.gp.GPIndividual@437575597{127159486} 1513.0 12802.0 12802.0 0.0 5 21 21.0 0.0 0.0 2
29 ec.gp.GPIndividual@211301845{-2122337718} 217.0 10822.0 10054.0 0.07638750745971752 5 13 21.0 0.0 0.07638750745971752 0
29 ec.gp.GPIndividual@362055894{-418184046} 612.0 12802.0 12802.0 0.0 5 15 21.0 0.0 0.0 2
29 ec.gp.GPIndividual@735014690{-401933197} 2824.0 10087.0 10087.0 0.0 5 21 21.0 0.0 0.0 2
29 ec.gp.GPIndividual@1360410050{-1095107092} 1706.0 8561.0 8387.0 0.020746393227614165 5 21 21.0 0.0 0.020746393227614165 1
29 ec.gp.GPIndividual@437575597{127159486} 193.0 11590.0 10087.0 0.14900366808763754 5 21 21.0 0.0 0.14900366808763754 2
29 ec.gp.GPIndividual@362055894{-418184046} 325.0 11159.0 10087.0 0.10627540398532764 5 15 21.0 0.0 0.10627540398532764 2
29 ec.gp.GPIndividual@362055894{-418184046} 969.0 8328.0 8317.0 0.0013225922808705061 5 15 21.0 0.0 0.0013225922808705061 2
29 ec.gp.GPIndividual@437575597{127159486} 1234.0 8328.0 8317.0 0.0013225922808705061 5 21 21.0 0.0 0.0013225922808705061 2
29 ec.gp.GPIndividual@1176852383{-1894327209} 256.0 10054.0 10054.0 0.0 5 19 21.0 0.0 0.0 1
29 ec.gp.GPIndividual@2008784294{-452579153} 1939.0 8624.0 8387.0 0.028258018361750327 5 21 21.0 0.0 0.028258018361750327 1
29 ec.gp.GPIndividual@234149267{-1193808619} 258.0 10054.0 10054.0 0.0 5 21 21.0 0.0 0.0 1
29 ec.gp.GPIndividual@211301845{-2122337718} 1677.0 8561.0 8387.0 0.020746393227614165 5 13 21.0 0.0 0.020746393227614165 0
29 ec.gp.GPIndividual@735014690{-401933197} 1740.0 8328.0 8317.0 0.0013225922808705061 5 21 21.0 0.0 0.0013225922808705061 2
29 ec.gp.GPIndividual@1360410050{-1095107092} 1843.0 14697.0 14578.0 0.008162985320345727 5 21 21.0 0.0 0.008162985320345727 1
29 ec.gp.GPIndividual@1641835787{153182845} 265.0 10054.0 10054.0 0.0 5 21 21.0 0.0 0.0 1
29 ec.gp.GPIndividual@2008784294{-452579153} 608.0 14697.0 14578.0 0.008162985320345727 5 21 21.0 0.0 0.008162985320345727 1
29 ec.gp.GPIndividual@211301845{-2122337718} 564.0 15186.0 14578.0 0.04170668130058993 5 13 21.0 0.0 0.04170668130058993 0
29 ec.gp.GPIndividual@1360410050{-1095107092} 389.0 11658.0 10861.0 0.07338182487800386 5 21 21.0 0.0 0.07338182487800386 1
29 ec.gp.GPIndividual@1360410050{-1095107092} 560.0 10033.0 8160.0 0.22953431372549019 5 21 21.0 0.0 0.22953431372549019 1
29 ec.gp.GPIndividual@211301845{-2122337718} 632.0 11247.0 10861.0 0.03554000552435319 5 13 21.0 0.0 0.03554000552435319 0
29 ec.gp.GPIndividual@1641835787{153182845} 997.0 8624.0 8387.0 0.028258018361750327 5 21 21.0 0.0 0.028258018361750327 1
29 ec.gp.GPIndividual@2008784294{-452579153} 795.0 11066.0 10861.0 0.018874873400239387 5 21 21.0 0.0 0.018874873400239387 1
29 ec.gp.GPIndividual@234149267{-1193808619} 1440.0 8624.0 8387.0 0.028258018361750327 5 21 21.0 0.0 0.028258018361750327 1
29 ec.gp.GPIndividual@1360410050{-1095107092} 313.0 13528.0 12802.0 0.05670988907983127 5 21 21.0 0.0 0.05670988907983127 1
29 ec.gp.GPIndividual@1176852383{-1894327209} 1801.0 8528.0 8387.0 0.016811732443066652 5 19 21.0 0.0 0.016811732443066652 1
29 ec.gp.GPIndividual@1360410050{-1095107092} 265.0 11590.0 10087.0 0.14900366808763754 5 21 21.0 0.0 0.14900366808763754 1
29 ec.gp.GPIndividual@211301845{-2122337718} 540.0 10033.0 8160.0 0.22953431372549019 5 13 21.0 0.0 0.22953431372549019 0
29 ec.gp.GPIndividual@1641835787{153182845} 422.0 15306.0 14578.0 0.04993826313623268 5 21 21.0 0.0 0.04993826313623268 1
29 ec.gp.GPIndividual@1360410050{-1095107092} 751.0 8328.0 8317.0 0.0013225922808705061 5 21 21.0 0.0 0.0013225922808705061 1
29 ec.gp.GPIndividual@2008784294{-452579153} 1314.0 8347.0 8160.0 0.022916666666666665 5 21 21.0 0.0 0.022916666666666665 1
29 ec.gp.GPIndividual@211301845{-2122337718} 1011.0 12802.0 12802.0 0.0 5 13 21.0 0.0 0.0 1
29 ec.gp.GPIndividual@234149267{-1193808619} 1397.0 15173.0 14578.0 0.040814926601728634 5 21 21.0 0.0 0.040814926601728634 1
29 ec.gp.GPIndividual@1176852383{-1894327209} 1147.0 14871.0 14578.0 0.020098778982027714 5 19 21.0 0.0 0.020098778982027714 1
29 ec.gp.GPIndividual@211301845{-2122337718} 204.0 11590.0 10087.0 0.14900366808763754 5 13 21.0 0.0 0.14900366808763754 1
29 ec.gp.GPIndividual@1641835787{153182845} 1266.0 11066.0 10861.0 0.018874873400239387 5 21 21.0 0.0 0.018874873400239387 1
29 ec.gp.GPIndividual@211301845{-2122337718} 563.0 8328.0 8317.0 0.0013225922808705061 5 13 21.0 0.0 0.0013225922808705061 1
29 ec.gp.GPIndividual@1641835787{153182845} 543.0 10033.0 8160.0 0.22953431372549019 5 21 21.0 0.0 0.22953431372549019 1
29 ec.gp.GPIndividual@1176852383{-1894327209} 750.0 11066.0 10861.0 0.018874873400239387 5 19 21.0 0.0 0.018874873400239387 1
29 ec.gp.GPIndividual@2008784294{-452579153} 1060.0 12870.0 12802.0 0.005311670051554445 5 21 21.0 0.0 0.005311670051554445 1
29 ec.gp.GPIndividual@1641835787{153182845} 301.0 13528.0 12802.0 0.05670988907983127 5 21 21.0 0.0 0.05670988907983127 1
29 ec.gp.GPIndividual@492290653{-426852880} 1419.0 10141.0 10054.0 0.008653272329421126 5 21 21.0 0.0 0.008653272329421126 0
29 ec.gp.GPIndividual@1176852383{-1894327209} 492.0 10033.0 8160.0 0.22953431372549019 5 19 21.0 0.0 0.22953431372549019 1
29 ec.gp.GPIndividual@2008784294{-452579153} 409.0 10555.0 10087.0 0.04639635173986319 5 21 21.0 0.0 0.04639635173986319 1
29 ec.gp.GPIndividual@1641835787{153182845} 301.0 11159.0 10087.0 0.10627540398532764 5 21 21.0 0.0 0.10627540398532764 1
29 ec.gp.GPIndividual@234149267{-1193808619} 1946.0 11066.0 10861.0 0.018874873400239387 5 21 21.0 0.0 0.018874873400239387 1
29 ec.gp.GPIndividual@1641835787{153182845} 1446.0 8328.0 8317.0 0.0013225922808705061 5 21 21.0 0.0 0.0013225922808705061 1
29 ec.gp.GPIndividual@875598648{-880628345} 243.0 10054.0 10054.0 0.0 5 19 21.0 0.0 0.0 1
29 ec.gp.GPIndividual@2008784294{-452579153} 1777.0 8328.0 8317.0 0.0013225922808705061 5 21 21.0 0.0 0.0013225922808705061 1
29 ec.gp.GPIndividual@1176852383{-1894327209} 1925.0 12802.0 12802.0 0.0 5 19 21.0 0.0 0.0 2
29 ec.gp.GPIndividual@234149267{-1193808619} 1467.0 8347.0 8160.0 0.022916666666666665 5 21 21.0 0.0 0.022916666666666665 1
29 ec.gp.GPIndividual@1176852383{-1894327209} 280.0 11159.0 10087.0 0.10627540398532764 5 19 21.0 0.0 0.10627540398532764 2
29 ec.gp.GPIndividual@1176852383{-1894327209} 1425.0 8328.0 8317.0 0.0013225922808705061 5 19 21.0 0.0 0.0013225922808705061 2
29 ec.gp.GPIndividual@875598648{-880628345} 1866.0 8624.0 8387.0 0.028258018361750327 5 19 21.0 0.0 0.028258018361750327 1
29 ec.gp.GPIndividual@492290653{-426852880} 3841.0 8519.0 8387.0 0.015738643138190057 5 21 21.0 0.0 0.015738643138190057 0
29 ec.gp.GPIndividual@1170834503{-56932659} 123.0 10822.0 10054.0 0.07638750745971752 5 15 21.0 0.0 0.07638750745971752 0
29 ec.gp.GPIndividual@2125100860{2120229067} 1953.0 10141.0 10054.0 0.008653272329421126 5 15 21.0 0.0 0.008653272329421126 0
29 ec.gp.GPIndividual@234149267{-1193808619} 1646.0 12802.0 12802.0 0.0 5 21 21.0 0.0 0.0 2
29 ec.gp.GPIndividual@875598648{-880628345} 445.0 15186.0 14578.0 0.04170668130058993 5 19 21.0 0.0 0.04170668130058993 1
29 ec.gp.GPIndividual@234149267{-1193808619} 551.0 10383.0 10087.0 0.02934470110042629 5 21 21.0 0.0 0.02934470110042629 2
29 ec.gp.GPIndividual@492290653{-426852880} 2139.0 15053.0 14578.0 0.03258334476608588 5 21 21.0 0.0 0.03258334476608588 0
29 ec.gp.GPIndividual@234149267{-1193808619} 1501.0 8328.0 8317.0 0.0013225922808705061 5 21 21.0 0.0 0.0013225922808705061 2
29 ec.gp.GPIndividual@875598648{-880628345} 1879.0 11066.0 10861.0 0.018874873400239387 5 19 21.0 0.0 0.018874873400239387 1
29 ec.gp.GPIndividual@1170834503{-56932659} 2264.0 8624.0 8387.0 0.028258018361750327 5 15 21.0 0.0 0.028258018361750327 0
29 ec.gp.GPIndividual@492290653{-426852880} 209.0 12610.0 10861.0 0.16103489549765215 5 21 21.0 0.0 0.16103489549765215 0
29 ec.gp.GPIndividual@1170834503{-56932659} 195.0 15443.0 14578.0 0.05933598573192482 5 15 21.0 0.0 0.05933598573192482 0
29 ec.gp.GPIndividual@2125100860{2120229067} 3439.0 8528.0 8387.0 0.016811732443066652 5 15 21.0 0.0 0.016811732443066652 0
29 ec.gp.GPIndividual@2125100860{2120229067} 120.0 19584.0 14578.0 0.3433941555768967 5 15 21.0 0.0 0.3433941555768967 0
29 ec.gp.GPIndividual@492290653{-426852880} 1415.0 8347.0 8160.0 0.022916666666666665 5 21 21.0 0.0 0.022916666666666665 0
29 ec.gp.GPIndividual@1170834503{-56932659} 1241.0 11066.0 10861.0 0.018874873400239387 5 15 21.0 0.0 0.018874873400239387 0
29 ec.gp.GPIndividual@875598648{-880628345} 1531.0 8347.0 8160.0 0.022916666666666665 5 19 21.0 0.0 0.022916666666666665 1
29 ec.gp.GPIndividual@2125100860{2120229067} 216.0 12610.0 10861.0 0.16103489549765215 5 15 21.0 0.0 0.16103489549765215 0
29 ec.gp.GPIndividual@2125100860{2120229067} 492.0 10033.0 8160.0 0.22953431372549019 5 15 21.0 0.0 0.22953431372549019 0
29 ec.gp.GPIndividual@492290653{-426852880} 693.0 13012.0 12802.0 0.016403686923918137 5 21 21.0 0.0 0.016403686923918137 0
29 ec.gp.GPIndividual@2125100860{2120229067} 71.0 19584.0 12802.0 0.52976097484768 5 15 21.0 0.0 0.52976097484768 0
29 ec.gp.GPIndividual@875598648{-880628345} 703.0 12802.0 12802.0 0.0 5 19 21.0 0.0 0.0 2
29 ec.gp.GPIndividual@1170834503{-56932659} 770.0 8347.0 8160.0 0.022916666666666665 5 15 21.0 0.0 0.022916666666666665 0
29 ec.gp.GPIndividual@2125100860{2120229067} 169.0 11590.0 10087.0 0.14900366808763754 5 15 21.0 0.0 0.14900366808763754 0
29 ec.gp.GPIndividual@2062012611{-304619819} 2532.0 10141.0 10054.0 0.008653272329421126 5 23 21.0 0.0 0.008653272329421126 0
29 ec.gp.GPIndividual@1170834503{-56932659} 366.0 13528.0 12802.0 0.05670988907983127 5 15 21.0 0.0 0.05670988907983127 0
29 ec.gp.GPIndividual@875598648{-880628345} 560.0 10383.0 10087.0 0.02934470110042629 5 19 21.0 0.0 0.02934470110042629 2
29 ec.gp.GPIndividual@1170834503{-56932659} 233.0 11590.0 10087.0 0.14900366808763754 5 15 21.0 0.0 0.14900366808763754 0
29 ec.gp.GPIndividual@1170834503{-56932659} 1515.0 8328.0 8317.0 0.0013225922808705061 5 15 21.0 0.0 0.0013225922808705061 0
29 ec.gp.GPIndividual@2125100860{2120229067} 2039.0 8328.0 8317.0 0.0013225922808705061 5 15 21.0 0.0 0.0013225922808705061 0
29 ec.gp.GPIndividual@2062012611{-304619819} 2167.0 8528.0 8387.0 0.016811732443066652 5 23 21.0 0.0 0.016811732443066652 0
29 ec.gp.GPIndividual@875598648{-880628345} 1787.0 8328.0 8317.0 0.0013225922808705061 5 19 21.0 0.0 0.0013225922808705061 2
29 ec.gp.GPIndividual@1108754674{-1742560516} 228.0 10054.0 10054.0 0.0 5 19 21.0 0.0 0.0 1
29 ec.gp.GPIndividual@817579890{152172750} 39.0 11217.0 10054.0 0.1156753530932962 3 9 21.0 0.0 0.1156753530932962 0
29 ec.gp.GPIndividual@492290653{-426852880} 2590.0 10087.0 10087.0 0.0 5 21 21.0 0.0 0.0 1
29 ec.gp.GPIndividual@817579890{152172750} 320.0 8767.0 8387.0 0.04530821509478956 3 9 21.0 0.0 0.04530821509478956 0
29 ec.gp.GPIndividual@817579890{152172750} 76.0 15613.0 14578.0 0.07099739333241871 3 9 21.0 0.0 0.07099739333241871 0
29 ec.gp.GPIndividual@817579890{152172750} 194.0 12610.0 10861.0 0.16103489549765215 3 9 21.0 0.0 0.16103489549765215 0
29 ec.gp.GPIndividual@817579890{152172750} 478.0 10033.0 8160.0 0.22953431372549019 3 9 21.0 0.0 0.22953431372549019 0
29 ec.gp.GPIndividual@817579890{152172750} 61.0 19584.0 12802.0 0.52976097484768 3 9 21.0 0.0 0.52976097484768 0
29 ec.gp.GPIndividual@817579890{152172750} 171.0 11590.0 10087.0 0.14900366808763754 3 9 21.0 0.0 0.14900366808763754 0
29 ec.gp.GPIndividual@817579890{152172750} 469.0 8328.0 8317.0 0.0013225922808705061 3 9 21.0 0.0 0.0013225922808705061 0
29 ec.gp.GPIndividual@492290653{-426852880} 2408.0 8328.0 8317.0 0.0013225922808705061 5 21 21.0 0.0 0.0013225922808705061 1
29 ec.gp.GPIndividual@1108754674{-1742560516} 3312.0 8507.0 8387.0 0.014307857398354596 5 19 21.0 0.0 0.014307857398354596 1
29 ec.gp.GPIndividual@1108754674{-1742560516} 193.0 15443.0 14578.0 0.05933598573192482 5 19 21.0 0.0 0.05933598573192482 1
29 ec.gp.GPIndividual@2062012611{-304619819} 7427.0 14787.0 14578.0 0.014336671697077788 5 23 21.0 0.0 0.014336671697077788 0
29 ec.gp.GPIndividual@1108754674{-1742560516} 5310.0 11063.0 10861.0 0.01859865574072369 5 19 21.0 0.0 0.01859865574072369 1
29 ec.gp.GPIndividual@1108754674{-1742560516} 674.0 8347.0 8160.0 0.022916666666666665 5 19 21.0 0.0 0.022916666666666665 1
29 ec.gp.GPIndividual@1108754674{-1742560516} 183.0 13688.0 12802.0 0.06920793625995939 5 19 21.0 0.0 0.06920793625995939 1
29 ec.gp.GPIndividual@1108754674{-1742560516} 239.0 11159.0 10087.0 0.10627540398532764 5 19 21.0 0.0 0.10627540398532764 1
29 ec.gp.GPIndividual@1108754674{-1742560516} 4559.0 8328.0 8317.0 0.0013225922808705061 5 19 21.0 0.0 0.0013225922808705061 1
29 ec.gp.GPIndividual@1642262764{271532587} 0.0 109280.0 10054.0 1.0 1 1 21.0 0.0 1.0 0
29 ec.gp.GPIndividual@1642262764{271532587} 0.0 109280.0 8387.0 1.0 1 1 21.0 0.0 1.0 0
29 ec.gp.GPIndividual@1642262764{271532587} 0.0 109280.0 14578.0 1.0 1 1 21.0 0.0 1.0 0
29 ec.gp.GPIndividual@1642262764{271532587} 0.0 109280.0 10861.0 1.0 1 1 21.0 0.0 1.0 0
29 ec.gp.GPIndividual@1642262764{271532587} 0.0 109280.0 8160.0 1.0 1 1 21.0 0.0 1.0 0
29 ec.gp.GPIndividual@1642262764{271532587} 0.0 109280.0 12802.0 1.0 1 1 21.0 0.0 1.0 0
29 ec.gp.GPIndividual@1642262764{271532587} 0.0 109280.0 10087.0 1.0 1 1 21.0 0.0 1.0 0
29 ec.gp.GPIndividual@1642262764{271532587} 0.0 109280.0 8317.0 1.0 1 1 21.0 0.0 1.0 0
29 ec.gp.GPIndividual@2062012611{-304619819} 23893.0 10861.0 10861.0 0.0 5 23 21.0 0.0 0.0 1
29 ec.gp.GPIndividual@2062012611{-304619819} 12216.0 8215.0 8160.0 0.006740196078431373 5 23 21.0 0.0 0.006740196078431373 1
29 ec.gp.GPIndividual@2062012611{-304619819} 451.0 13661.0 12802.0 0.06709889079831276 5 23 21.0 0.0 0.06709889079831276 1
29 ec.gp.GPIndividual@2062012611{-304619819} 3735.0 10087.0 10087.0 0.0 5 23 21.0 0.0 0.0 2
29 ec.gp.GPIndividual@2062012611{-304619819} 13817.0 8328.0 8317.0 0.0013225922808705061 5 23 21.0 0.0 0.0013225922808705061 2
29 ec.gp.GPIndividual@172943457{-682651744} 37.0 11217.0 10054.0 0.1156753530932962 5 19 21.0 0.0 0.1156753530932962 0
29 ec.gp.GPIndividual@172943457{-682651744} 295.0 8767.0 8387.0 0.04530821509478956 5 19 21.0 0.0 0.04530821509478956 0
29 ec.gp.GPIndividual@172943457{-682651744} 74.0 15613.0 14578.0 0.07099739333241871 5 19 21.0 0.0 0.07099739333241871 0
29 ec.gp.GPIndividual@172943457{-682651744} 168.0 12610.0 10861.0 0.16103489549765215 5 19 21.0 0.0 0.16103489549765215 0
29 ec.gp.GPIndividual@172943457{-682651744} 411.0 10033.0 8160.0 0.22953431372549019 5 19 21.0 0.0 0.22953431372549019 0
29 ec.gp.GPIndividual@172943457{-682651744} 98.0 13688.0 12802.0 0.06920793625995939 5 19 21.0 0.0 0.06920793625995939 0
29 ec.gp.GPIndividual@172943457{-682651744} 145.0 11590.0 10087.0 0.14900366808763754 5 19 21.0 0.0 0.14900366808763754 0
29 ec.gp.GPIndividual@172943457{-682651744} 396.0 8328.0 8317.0 0.0013225922808705061 5 19 21.0 0.0 0.0013225922808705061 0
1950348