Generation,Individual,Instance,BaselineTime,BudgetPercentage,BudgetCalculated,TotalCalls,TotalTimeUsed,BudgetUtilization,AvgTimePerCall,MaxTimePerCall,MinTimePerCall
0,ec.gp.GPIndividual@705390562{-1024744773},3C_20_50-02.txt,61.404,0.100,6.140,1,0.000,0.00,0.000,0.000,0.000
0,ec.gp.GPIndividual@705390562{-1024744773},3C_20_50-02.txt,61.404,0.100,6.140,1,0.000,0.00,0.000,0.000,0.000
0,ec.gp.GPIndividual@705390562{-1024744773},3C_20_50-02.txt,61.404,0.100,6.140,1,0.000,0.00,0.000,0.000,0.000
0,ec.gp.GPIndividual@705390562{-1024744773},3C_20_50-03.txt,30.993,0.100,3.099,0,0.000,0.00,0.000,0.000,0.000
0,ec.gp.GPIndividual@705390562{-1024744773},3C_20_50-03.txt,30.993,0.100,3.099,0,0.000,0.00,0.000,0.000,0.000
0,ec.gp.GPIndividual@705390562{-1024744773},3C_20_50-03.txt,30.993,0.100,3.099,0,0.000,0.00,0.000,0.000,0.000
0,ec.gp.GPIndividual@705390562{-1024744773},3C_20_50-03.txt,30.993,0.100,3.099,0,0.000,0.00,0.000,0.000,0.000
0,ec.gp.GPIndividual@705390562{-1024744773},3C_20_50-03.txt,30.993,0.100,3.099,0,0.000,0.00,0.000,0.000,0.000
0,ec.gp.GPIndividual@705390562{-1024744773},3C_20_50-03.txt,30.993,0.100,3.099,0,0.000,0.00,0.000,0.000,0.000
0,ec.gp.GPIndividual@705390562{-1024744773},3C_20_66-02.txt,154.245,0.100,15.424,0,0.000,0.00,0.000,0.000,0.000
0,ec.gp.GPIndividual@705390562{-1024744773},3C_20_66-02.txt,154.245,0.100,15.424,0,0.000,0.00,0.000,0.000,0.000
0,ec.gp.GPIndividual@705390562{-1024744773},3C_20_66-02.txt,154.245,0.100,15.424,0,0.000,0.00,0.000,0.000,0.000
0,ec.gp.GPIndividual@705390562{-1024744773},3C_20_66-02.txt,154.245,0.100,15.424,0,0.000,0.00,0.000,0.000,0.000
0,ec.gp.GPIndividual@705390562{-1024744773},3C_20_66-03.txt,118.340,0.100,11.834,0,0.000,0.00,0.000,0.000,0.000
0,ec.gp.GPIndividual@705390562{-1024744773},3C_20_66-03.txt,118.340,0.100,11.834,0,0.000,0.00,0.000,0.000,0.000
0,ec.gp.GPIndividual@705390562{-1024744773},3C_20_80-01.txt,4.194,0.100,0.419,0,0.000,0.00,0.000,0.000,0.000
0,ec.gp.GPIndividual@705390562{-1024744773},3C_20_80-01.txt,4.194,0.100,0.419,0,0.000,0.00,0.000,0.000,0.000
0,ec.gp.GPIndividual@705390562{-1024744773},3C_20_80-01.txt,4.194,0.100,0.419,0,0.000,0.00,0.000,0.000,0.000
0,ec.gp.GPIndividual@705390562{-1024744773},3C_20_80-01.txt,4.194,0.100,0.419,0,0.000,0.00,0.000,0.000,0.000
0,ec.gp.GPIndividual@705390562{-1024744773},3C_20_66-02.txt,154.245,0.100,15.424,0,0.000,0.00,0.000,0.000,0.000
0,ec.gp.GPIndividual@705390562{-1024744773},3C_20_66-02.txt,154.245,0.100,15.424,0,0.000,0.00,0.000,0.000,0.000
0,ec.gp.GPIndividual@705390562{-1024744773},3C_20_66-02.txt,154.245,0.100,15.424,0,0.000,0.00,0.000,0.000,0.000
0,ec.gp.GPIndividual@705390562{-1024744773},3C_20_80-03.txt,169.439,0.100,16.944,0,0.000,0.00,0.000,0.000,0.000
0,ec.gp.GPIndividual@705390562{-1024744773},3C_20_80-03.txt,169.439,0.100,16.944,0,0.000,0.00,0.000,0.000,0.000
0,ec.gp.GPIndividual@304889368{-10636052},null,0.000,0.100,0.000,0,0.000,0.00,0.000,0.000,0.000
0,ec.gp.GPIndividual@1449597841{179487682},3C_20_50-02.txt,61.404,0.100,6.140,0,0.000,0.00,0.000,0.000,0.000
0,ec.gp.GPIndividual@1449597841{179487682},3C_20_50-03.txt,30.993,0.100,3.099,0,0.000,0.00,0.000,0.000,0.000
0,ec.gp.GPIndividual@1449597841{179487682},3C_20_50-03.txt,30.993,0.100,3.099,0,0.000,0.00,0.000,0.000,0.000
0,ec.gp.GPIndividual@1449597841{179487682},3C_20_50-03.txt,30.993,0.100,3.099,0,0.000,0.00,0.000,0.000,0.000
0,ec.gp.GPIndividual@1449597841{179487682},3C_20_80-03.txt,169.439,0.100,16.944,0,0.000,0.00,0.000,0.000,0.000
0,ec.gp.GPIndividual@1449597841{179487682},3C_20_66-02.txt,154.245,0.100,15.424,0,0.000,0.00,0.000,0.000,0.000
0,ec.gp.GPIndividual@426691697{664513076},3C_20_50-02.txt,61.404,0.100,6.140,0,0.000,0.00,0.000,0.000,0.000
0,ec.gp.GPIndividual@426691697{664513076},3C_20_50-02.txt,61.404,0.100,6.140,0,0.000,0.00,0.000,0.000,0.000
0,ec.gp.GPIndividual@426691697{664513076},3C_20_50-03.txt,30.993,0.100,3.099,0,0.000,0.00,0.000,0.000,0.000
0,ec.gp.GPIndividual@426691697{664513076},3C_20_50-03.txt,30.993,0.100,3.099,0,0.000,0.00,0.000,0.000,0.000
0,ec.gp.GPIndividual@426691697{664513076},3C_20_80-02.txt,35.738,0.100,3.574,0,0.000,0.00,0.000,0.000,0.000
0,ec.gp.GPIndividual@426691697{664513076},3C_20_80-02.txt,35.738,0.100,3.574,0,0.000,0.00,0.000,0.000,0.000
0,ec.gp.GPIndividual@426691697{664513076},3C_20_66-01.txt,7.322,0.100,0.732,0,0.000,0.00,0.000,0.000,0.000
0,ec.gp.GPIndividual@1381537157{-2146142757},3C_20_50-02.txt,61.404,0.100,6.140,0,0.000,0.00,0.000,0.000,0.000
0,ec.gp.GPIndividual@1381537157{-2146142757},3C_20_66-03.txt,118.340,0.100,11.834,0,0.000,0.00,0.000,0.000,0.000
0,ec.gp.GPIndividual@1381537157{-2146142757},3C_20_80-01.txt,4.194,0.100,0.419,0,0.000,0.00,0.000,0.000,0.000
0,ec.gp.GPIndividual@1381537157{-2146142757},3C_20_80-02.txt,35.738,0.100,3.574,0,0.000,0.00,0.000,0.000,0.000
0,ec.gp.GPIndividual@1381537157{-2146142757},3C_20_80-02.txt,35.738,0.100,3.574,0,0.000,0.00,0.000,0.000,0.000
0,ec.gp.GPIndividual@1381537157{-2146142757},3C_20_80-03.txt,169.439,0.100,16.944,0,0.000,0.00,0.000,0.000,0.000
0,ec.gp.GPIndividual@491867012{-1527117524},3C_20_50-02.txt,61.404,0.100,6.140,0,0.000,0.00,0.000,0.000,0.000
0,ec.gp.GPIndividual@491867012{-1527117524},3C_20_50-03.txt,30.993,0.100,3.099,0,0.000,0.00,0.000,0.000,0.000
0,ec.gp.GPIndividual@491867012{-1527117524},3C_20_66-01.txt,7.322,0.100,0.732,0,0.000,0.00,0.000,0.000,0.000
0,ec.gp.GPIndividual@491867012{-1527117524},3C_20_66-01.txt,7.322,0.100,0.732,0,0.000,0.00,0.000,0.000,0.000
0,ec.gp.GPIndividual@617389267{-1991326245},3C_20_50-02.txt,61.404,0.100,6.140,0,0.000,0.00,0.000,0.000,0.000
0,ec.gp.GPIndividual@617389267{-1991326245},3C_20_50-02.txt,61.404,0.100,6.140,0,0.000,0.00,0.000,0.000,0.000
0,ec.gp.GPIndividual@617389267{-1991326245},3C_20_50-03.txt,30.993,0.100,3.099,0,0.000,0.00,0.000,0.000,0.000
0,ec.gp.GPIndividual@617389267{-1991326245},3C_20_50-03.txt,30.993,0.100,3.099,0,0.000,0.00,0.000,0.000,0.000
0,ec.gp.GPIndividual@617389267{-1991326245},3C_20_80-01.txt,4.194,0.100,0.419,0,0.000,0.00,0.000,0.000,0.000
0,ec.gp.GPIndividual@617389267{-1991326245},3C_20_80-01.txt,4.194,0.100,0.419,0,0.000,0.00,0.000,0.000,0.000
0,ec.gp.GPIndividual@617389267{-1991326245},3C_20_66-02.txt,154.245,0.100,15.424,0,0.000,0.00,0.000,0.000,0.000
0,ec.gp.GPIndividual@617389267{-1991326245},3C_20_66-02.txt,154.245,0.100,15.424,0,0.000,0.00,0.000,0.000,0.000
0,ec.gp.GPIndividual@617389267{-1991326245},3C_20_66-03.txt,118.340,0.100,11.834,0,0.000,0.00,0.000,0.000,0.000
0,ec.gp.GPIndividual@617389267{-1991326245},3C_20_66-03.txt,118.340,0.100,11.834,0,0.000,0.00,0.000,0.000,0.000
0,ec.gp.GPIndividual@1481885258{1178071690},3C_20_50-02.txt,61.404,0.100,6.140,0,0.000,0.00,0.000,0.000,0.000
0,ec.gp.GPIndividual@1481885258{1178071690},3C_20_50-02.txt,61.404,0.100,6.140,0,0.000,0.00,0.000,0.000,0.000
0,ec.gp.GPIndividual@1481885258{1178071690},3C_20_50-03.txt,30.993,0.100,3.099,0,0.000,0.00,0.000,0.000,0.000
0,ec.gp.GPIndividual@1481885258{1178071690},3C_20_50-03.txt,30.993,0.100,3.099,0,0.000,0.00,0.000,0.000,0.000
0,ec.gp.GPIndividual@1481885258{1178071690},3C_20_66-01.txt,7.322,0.100,0.732,0,0.000,0.00,0.000,0.000,0.000
0,ec.gp.GPIndividual@552799378{1759966666},3C_20_50-02.txt,61.404,0.100,6.140,1,0.000,0.00,0.000,0.000,0.000
0,ec.gp.GPIndividual@552799378{1759966666},3C_20_50-02.txt,61.404,0.100,6.140,1,0.000,0.00,0.000,0.000,0.000
0,ec.gp.GPIndividual@552799378{1759966666},3C_20_50-03.txt,30.993,0.100,3.099,1,0.000,0.00,0.000,0.000,0.000
0,ec.gp.GPIndividual@552799378{1759966666},3C_20_50-03.txt,30.993,0.100,3.099,1,0.000,0.00,0.000,0.000,0.000
0,ec.gp.GPIndividual@552799378{1759966666},3C_20_66-01.txt,7.322,0.100,0.732,1,0.000,0.00,0.000,0.000,0.000
0,ec.gp.GPIndividual@552799378{1759966666},3C_20_66-01.txt,7.322,0.100,0.732,1,0.000,0.00,0.000,0.000,0.000
0,ec.gp.GPIndividual@552799378{1759966666},3C_20_66-02.txt,154.245,0.100,15.424,1,0.000,0.00,0.000,0.000,0.000
0,ec.gp.GPIndividual@552799378{1759966666},3C_20_66-02.txt,154.245,0.100,15.424,1,0.000,0.00,0.000,0.000,0.000
0,ec.gp.GPIndividual@552799378{1759966666},3C_20_66-03.txt,118.340,0.100,11.834,1,0.000,0.00,0.000,0.000,0.000
0,ec.gp.GPIndividual@103015220{-1429518782},3C_20_50-02.txt,61.404,0.100,6.140,0,0.000,0.00,0.000,0.000,0.000
0,ec.gp.GPIndividual@103015220{-1429518782},3C_20_80-02.txt,35.738,0.100,3.574,1,0.000,0.00,0.000,0.000,0.000
0,ec.gp.GPIndividual@103015220{-1429518782},3C_20_80-03.txt,169.439,0.100,16.944,1,0.000,0.00,0.000,0.000,0.000
0,ec.gp.GPIndividual@1710331624{-348298996},3C_20_50-02.txt,61.404,0.100,6.140,0,0.000,0.00,0.000,0.000,0.000
0,ec.gp.GPIndividual@1710331624{-348298996},3C_20_50-03.txt,30.993,0.100,3.099,0,0.000,0.00,0.000,0.000,0.000
0,ec.gp.GPIndividual@1710331624{-348298996},3C_20_66-01.txt,7.322,0.100,0.732,0,0.000,0.00,0.000,0.000,0.000
0,ec.gp.GPIndividual@1710331624{-348298996},3C_20_66-02.txt,154.245,0.100,15.424,0,0.000,0.00,0.000,0.000,0.000
0,ec.gp.GPIndividual@1710331624{-348298996},3C_20_66-03.txt,118.340,0.100,11.834,0,0.000,0.00,0.000,0.000,0.000
0,ec.gp.GPIndividual@1710331624{-348298996},3C_20_80-01.txt,4.194,0.100,0.419,0,0.000,0.00,0.000,0.000,0.000
0,ec.gp.GPIndividual@1710331624{-348298996},3C_20_80-02.txt,35.738,0.100,3.574,0,0.000,0.00,0.000,0.000,0.000
0,ec.gp.GPIndividual@1710331624{-348298996},3C_20_80-03.txt,169.439,0.100,16.944,0,0.000,0.00,0.000,0.000,0.000
0,ec.gp.GPIndividual@347392451{1903782698},3C_20_50-02.txt,61.404,0.100,6.140,0,0.000,0.00,0.000,0.000,0.000
0,ec.gp.GPIndividual@347392451{1903782698},3C_20_50-03.txt,30.993,0.100,3.099,0,0.000,0.00,0.000,0.000,0.000
0,ec.gp.GPIndividual@347392451{1903782698},3C_20_50-03.txt,30.993,0.100,3.099,0,0.000,0.00,0.000,0.000,0.000
0,ec.gp.GPIndividual@347392451{1903782698},3C_20_50-03.txt,30.993,0.100,3.099,0,0.000,0.00,0.000,0.000,0.000
0,ec.gp.GPIndividual@347392451{1903782698},3C_20_66-02.txt,154.245,0.100,15.424,0,0.000,0.00,0.000,0.000,0.000
0,ec.gp.GPIndividual@347392451{1903782698},3C_20_66-03.txt,118.340,0.100,11.834,0,0.000,0.00,0.000,0.000,0.000
0,ec.gp.GPIndividual@347392451{1903782698},3C_20_80-01.txt,4.194,0.100,0.419,0,0.000,0.00,0.000,0.000,0.000
0,ec.gp.GPIndividual@347392451{1903782698},3C_20_80-02.txt,35.738,0.100,3.574,0,0.000,0.00,0.000,0.000,0.000
0,ec.gp.GPIndividual@347392451{1903782698},3C_20_80-03.txt,169.439,0.100,16.944,0,0.000,0.00,0.000,0.000,0.000
0,ec.gp.GPIndividual@1415509378{1596544883},3C_20_50-02.txt,61.404,0.100,6.140,2,0.000,0.00,0.000,0.000,0.000
0,ec.gp.GPIndividual@1415509378{1596544883},3C_20_50-03.txt,30.993,0.100,3.099,2,0.000,0.00,0.000,0.000,0.000
0,ec.gp.GPIndividual@1415509378{1596544883},3C_20_66-01.txt,7.322,0.100,0.732,2,0.000,0.00,0.000,0.000,0.000
0,ec.gp.GPIndividual@1415509378{1596544883},3C_20_66-02.txt,154.245,0.100,15.424,2,0.000,0.00,0.000,0.000,0.000
0,ec.gp.GPIndividual@1415509378{1596544883},3C_20_66-03.txt,118.340,0.100,11.834,2,0.000,0.00,0.000,0.000,0.000
0,ec.gp.GPIndividual@1415509378{1596544883},3C_20_80-01.txt,4.194,0.100,0.419,2,0.000,0.00,0.000,0.000,0.000
0,ec.gp.GPIndividual@1415509378{1596544883},3C_20_80-02.txt,35.738,0.100,3.574,2,0.000,0.00,0.000,0.000,0.000
0,ec.gp.GPIndividual@1415509378{1596544883},3C_20_80-03.txt,169.439,0.100,16.944,2,0.000,0.00,0.000,0.000,0.000
0,ec.gp.GPIndividual@1827795975{433267433},3C_20_50-02.txt,61.404,0.100,6.140,0,0.000,0.00,0.000,0.000,0.000
0,ec.gp.GPIndividual@1827795975{433267433},3C_20_50-03.txt,30.993,0.100,3.099,0,0.000,0.00,0.000,0.000,0.000
0,ec.gp.GPIndividual@1827795975{433267433},3C_20_66-01.txt,7.322,0.100,0.732,0,0.000,0.00,0.000,0.000,0.000
0,ec.gp.GPIndividual@1827795975{433267433},3C_20_66-02.txt,154.245,0.100,15.424,0,0.000,0.00,0.000,0.000,0.000
0,ec.gp.GPIndividual@1827795975{433267433},3C_20_66-03.txt,118.340,0.100,11.834,0,0.000,0.00,0.000,0.000,0.000
0,ec.gp.GPIndividual@1827795975{433267433},3C_20_80-01.txt,4.194,0.100,0.419,0,0.000,0.00,0.000,0.000,0.000
0,ec.gp.GPIndividual@1827795975{433267433},3C_20_80-02.txt,35.738,0.100,3.574,0,0.000,0.00,0.000,0.000,0.000
0,ec.gp.GPIndividual@1827795975{433267433},3C_20_80-03.txt,169.439,0.100,16.944,0,0.000,0.00,0.000,0.000,0.000
0,ec.gp.GPIndividual@98462119{-1391879021},3C_20_50-02.txt,61.404,0.100,6.140,0,0.000,0.00,0.000,0.000,0.000
0,ec.gp.GPIndividual@98462119{-1391879021},3C_20_50-02.txt,61.404,0.100,6.140,0,0.000,0.00,0.000,0.000,0.000
0,ec.gp.GPIndividual@98462119{-1391879021},3C_20_66-01.txt,7.322,0.100,0.732,0,0.000,0.00,0.000,0.000,0.000
0,ec.gp.GPIndividual@98462119{-1391879021},3C_20_66-01.txt,7.322,0.100,0.732,0,0.000,0.00,0.000,0.000,0.000
0,ec.gp.GPIndividual@98462119{-1391879021},3C_20_66-02.txt,154.245,0.100,15.424,0,0.000,0.00,0.000,0.000,0.000
0,ec.gp.GPIndividual@98462119{-1391879021},3C_20_66-03.txt,118.340,0.100,11.834,0,0.000,0.00,0.000,0.000,0.000
0,ec.gp.GPIndividual@98462119{-1391879021},3C_20_80-01.txt,4.194,0.100,0.419,0,0.000,0.00,0.000,0.000,0.000
0,ec.gp.GPIndividual@98462119{-1391879021},3C_20_80-02.txt,35.738,0.100,3.574,0,0.000,0.00,0.000,0.000,0.000
0,ec.gp.GPIndividual@98462119{-1391879021},3C_20_80-03.txt,169.439,0.100,16.944,0,0.000,0.00,0.000,0.000,0.000
0,ec.gp.GPIndividual@1765915333{-1988843072},3C_20_50-02.txt,61.404,0.100,6.140,1,0.000,0.00,0.000,0.000,0.000
0,ec.gp.GPIndividual@1765915333{-1988843072},3C_20_50-03.txt,30.993,0.100,3.099,1,0.000,0.00,0.000,0.000,0.000
0,ec.gp.GPIndividual@1765915333{-1988843072},3C_20_66-01.txt,7.322,0.100,0.732,1,0.000,0.00,0.000,0.000,0.000
0,ec.gp.GPIndividual@1765915333{-1988843072},3C_20_66-02.txt,154.245,0.100,15.424,1,0.000,0.00,0.000,0.000,0.000
0,ec.gp.GPIndividual@1765915333{-1988843072},3C_20_66-03.txt,118.340,0.100,11.834,1,0.000,0.00,0.000,0.000,0.000
0,ec.gp.GPIndividual@1765915333{-1988843072},3C_20_80-01.txt,4.194,0.100,0.419,1,0.000,0.00,0.000,0.000,0.000
0,ec.gp.GPIndividual@1765915333{-1988843072},3C_20_80-02.txt,35.738,0.100,3.574,1,0.000,0.00,0.000,0.000,0.000
0,ec.gp.GPIndividual@1765915333{-1988843072},3C_20_80-03.txt,169.439,0.100,16.944,1,0.000,0.00,0.000,0.000,0.000
0,ec.gp.GPIndividual@2128331010{495187179},3C_20_50-02.txt,61.404,0.100,6.140,0,0.000,0.00,0.000,0.000,0.000
0,ec.gp.GPIndividual@2128331010{495187179},3C_20_50-03.txt,30.993,0.100,3.099,0,0.000,0.00,0.000,0.000,0.000
0,ec.gp.GPIndividual@2128331010{495187179},3C_20_66-01.txt,7.322,0.100,0.732,0,0.000,0.00,0.000,0.000,0.000
0,ec.gp.GPIndividual@2128331010{495187179},3C_20_66-02.txt,154.245,0.100,15.424,0,0.000,0.00,0.000,0.000,0.000
0,ec.gp.GPIndividual@2128331010{495187179},3C_20_66-03.txt,118.340,0.100,11.834,0,0.000,0.00,0.000,0.000,0.000
0,ec.gp.GPIndividual@2128331010{495187179},3C_20_80-01.txt,4.194,0.100,0.419,0,0.000,0.00,0.000,0.000,0.000
0,ec.gp.GPIndividual@2128331010{495187179},3C_20_80-02.txt,35.738,0.100,3.574,0,0.000,0.00,0.000,0.000,0.000
0,ec.gp.GPIndividual@2128331010{495187179},3C_20_80-03.txt,169.439,0.100,16.944,0,0.000,0.00,0.000,0.000,0.000
0,ec.gp.GPIndividual@947665157{-952829793},3C_20_50-02.txt,61.404,0.100,6.140,0,0.000,0.00,0.000,0.000,0.000
0,ec.gp.GPIndividual@947665157{-952829793},3C_20_50-03.txt,30.993,0.100,3.099,0,0.000,0.00,0.000,0.000,0.000
0,ec.gp.GPIndividual@947665157{-952829793},3C_20_66-01.txt,7.322,0.100,0.732,0,0.000,0.00,0.000,0.000,0.000
0,ec.gp.GPIndividual@947665157{-952829793},3C_20_66-02.txt,154.245,0.100,15.424,0,0.000,0.00,0.000,0.000,0.000
0,ec.gp.GPIndividual@947665157{-952829793},3C_20_66-03.txt,118.340,0.100,11.834,0,0.000,0.00,0.000,0.000,0.000
0,ec.gp.GPIndividual@947665157{-952829793},3C_20_80-01.txt,4.194,0.100,0.419,0,0.000,0.00,0.000,0.000,0.000
0,ec.gp.GPIndividual@947665157{-952829793},3C_20_80-02.txt,35.738,0.100,3.574,0,0.000,0.00,0.000,0.000,0.000
0,ec.gp.GPIndividual@947665157{-952829793},3C_20_80-03.txt,169.439,0.100,16.944,0,0.000,0.00,0.000,0.000,0.000
0,ec.gp.GPIndividual@1482770640{180198847},3C_20_50-02.txt,61.404,0.100,6.140,0,0.000,0.00,0.000,0.000,0.000
0,ec.gp.GPIndividual@1482770640{180198847},3C_20_50-03.txt,30.993,0.100,3.099,0,0.000,0.00,0.000,0.000,0.000
0,ec.gp.GPIndividual@1482770640{180198847},3C_20_66-01.txt,7.322,0.100,0.732,0,0.000,0.00,0.000,0.000,0.000
0,ec.gp.GPIndividual@1482770640{180198847},3C_20_66-02.txt,154.245,0.100,15.424,0,0.000,0.00,0.000,0.000,0.000
0,ec.gp.GPIndividual@1482770640{180198847},3C_20_66-03.txt,118.340,0.100,11.834,0,0.000,0.00,0.000,0.000,0.000
0,ec.gp.GPIndividual@1482770640{180198847},3C_20_80-01.txt,4.194,0.100,0.419,0,0.000,0.00,0.000,0.000,0.000
0,ec.gp.GPIndividual@1482770640{180198847},3C_20_80-02.txt,35.738,0.100,3.574,0,0.000,0.00,0.000,0.000,0.000
0,ec.gp.GPIndividual@1482770640{180198847},3C_20_80-03.txt,169.439,0.100,16.944,0,0.000,0.00,0.000,0.000,0.000
0,ec.gp.GPIndividual@1549719300{-829378860},3C_20_50-02.txt,61.404,0.100,6.140,0,0.000,0.00,0.000,0.000,0.000
0,ec.gp.GPIndividual@1549719300{-829378860},3C_20_50-03.txt,30.993,0.100,3.099,0,0.000,0.00,0.000,0.000,0.000
0,ec.gp.GPIndividual@1549719300{-829378860},3C_20_66-01.txt,7.322,0.100,0.732,0,0.000,0.00,0.000,0.000,0.000
0,ec.gp.GPIndividual@1549719300{-829378860},3C_20_66-02.txt,154.245,0.100,15.424,0,0.000,0.00,0.000,0.000,0.000
0,ec.gp.GPIndividual@1549719300{-829378860},3C_20_66-03.txt,118.340,0.100,11.834,0,0.000,0.00,0.000,0.000,0.000
0,ec.gp.GPIndividual@1549719300{-829378860},3C_20_80-01.txt,4.194,0.100,0.419,0,0.000,0.00,0.000,0.000,0.000
0,ec.gp.GPIndividual@1549719300{-829378860},3C_20_80-02.txt,35.738,0.100,3.574,0,0.000,0.00,0.000,0.000,0.000
0,ec.gp.GPIndividual@1549719300{-829378860},3C_20_80-03.txt,169.439,0.100,16.944,0,0.000,0.00,0.000,0.000,0.000
0,ec.gp.GPIndividual@425476843{917948461},3C_20_50-02.txt,61.404,0.100,6.140,0,0.000,0.00,0.000,0.000,0.000
0,ec.gp.GPIndividual@425476843{917948461},3C_20_50-03.txt,30.993,0.100,3.099,0,0.000,0.00,0.000,0.000,0.000
0,ec.gp.GPIndividual@425476843{917948461},3C_20_66-01.txt,7.322,0.100,0.732,0,0.000,0.00,0.000,0.000,0.000
0,ec.gp.GPIndividual@425476843{917948461},3C_20_66-02.txt,154.245,0.100,15.424,0,0.000,0.00,0.000,0.000,0.000
0,ec.gp.GPIndividual@425476843{917948461},3C_20_66-03.txt,118.340,0.100,11.834,0,0.000,0.00,0.000,0.000,0.000
0,ec.gp.GPIndividual@425476843{917948461},3C_20_80-01.txt,4.194,0.100,0.419,0,0.000,0.00,0.000,0.000,0.000
0,ec.gp.GPIndividual@425476843{917948461},3C_20_80-02.txt,35.738,0.100,3.574,0,0.000,0.00,0.000,0.000,0.000
0,ec.gp.GPIndividual@425476843{917948461},3C_20_80-03.txt,169.439,0.100,16.944,0,0.000,0.00,0.000,0.000,0.000
0,ec.gp.GPIndividual@2054817960{917948461},3C_20_50-02.txt,61.404,0.100,6.140,1,0.000,0.00,0.000,0.000,0.000
0,ec.gp.GPIndividual@2054817960{917948461},3C_20_50-03.txt,30.993,0.100,3.099,1,0.000,0.00,0.000,0.000,0.000
0,ec.gp.GPIndividual@2054817960{917948461},3C_20_66-01.txt,7.322,0.100,0.732,1,0.000,0.00,0.000,0.000,0.000
0,ec.gp.GPIndividual@2054817960{917948461},3C_20_66-02.txt,154.245,0.100,15.424,1,0.000,0.00,0.000,0.000,0.000
0,ec.gp.GPIndividual@2054817960{917948461},3C_20_66-03.txt,118.340,0.100,11.834,1,0.000,0.00,0.000,0.000,0.000
0,ec.gp.GPIndividual@2054817960{917948461},3C_20_80-01.txt,4.194,0.100,0.419,1,0.000,0.00,0.000,0.000,0.000
0,ec.gp.GPIndividual@2054817960{917948461},3C_20_80-02.txt,35.738,0.100,3.574,1,0.000,0.00,0.000,0.000,0.000
0,ec.gp.GPIndividual@2054817960{917948461},3C_20_80-03.txt,169.439,0.100,16.944,1,0.000,0.00,0.000,0.000,0.000
0,ec.gp.GPIndividual@680524031{-2105022529},3C_20_50-02.txt,61.404,0.100,6.140,1,3.531,57.51,3.531,3.531,3.531
0,ec.gp.GPIndividual@353537503{-1045936278},3C_20_50-02.txt,61.404,0.100,6.140,0,0.000,0.00,0.000,0.000,0.000
0,ec.gp.GPIndividual@353537503{-1045936278},3C_20_50-03.txt,30.993,0.100,3.099,0,0.000,0.00,0.000,0.000,0.000
0,ec.gp.GPIndividual@353537503{-1045936278},3C_20_66-01.txt,7.322,0.100,0.732,0,0.000,0.00,0.000,0.000,0.000
0,ec.gp.GPIndividual@353537503{-1045936278},3C_20_66-02.txt,154.245,0.100,15.424,0,0.000,0.00,0.000,0.000,0.000
0,ec.gp.GPIndividual@353537503{-1045936278},3C_20_66-03.txt,118.340,0.100,11.834,0,0.000,0.00,0.000,0.000,0.000
0,ec.gp.GPIndividual@353537503{-1045936278},3C_20_80-01.txt,4.194,0.100,0.419,0,0.000,0.00,0.000,0.000,0.000
0,ec.gp.GPIndividual@353537503{-1045936278},3C_20_80-02.txt,35.738,0.100,3.574,0,0.000,0.00,0.000,0.000,0.000
0,ec.gp.GPIndividual@353537503{-1045936278},3C_20_80-03.txt,169.439,0.100,16.944,0,0.000,0.00,0.000,0.000,0.000
0,ec.gp.GPIndividual@288168869{-266146218},3C_20_50-02.txt,61.404,0.100,6.140,0,0.000,0.00,0.000,0.000,0.000
0,ec.gp.GPIndividual@288168869{-266146218},3C_20_50-03.txt,30.993,0.100,3.099,0,0.000,0.00,0.000,0.000,0.000
0,ec.gp.GPIndividual@288168869{-266146218},3C_20_66-01.txt,7.322,0.100,0.732,0,0.000,0.00,0.000,0.000,0.000
0,ec.gp.GPIndividual@288168869{-266146218},3C_20_66-02.txt,154.245,0.100,15.424,0,0.000,0.00,0.000,0.000,0.000
0,ec.gp.GPIndividual@288168869{-266146218},3C_20_66-03.txt,118.340,0.100,11.834,0,0.000,0.00,0.000,0.000,0.000
0,ec.gp.GPIndividual@288168869{-266146218},3C_20_80-01.txt,4.194,0.100,0.419,0,0.000,0.00,0.000,0.000,0.000
0,ec.gp.GPIndividual@288168869{-266146218},3C_20_80-02.txt,35.738,0.100,3.574,0,0.000,0.00,0.000,0.000,0.000
0,ec.gp.GPIndividual@288168869{-266146218},3C_20_80-03.txt,169.439,0.100,16.944,0,0.000,0.00,0.000,0.000,0.000
0,ec.gp.GPIndividual@1412401124{271532587},3C_20_50-02.txt,61.404,0.100,6.140,0,0.000,0.00,0.000,0.000,0.000
0,ec.gp.GPIndividual@1412401124{271532587},3C_20_50-03.txt,30.993,0.100,3.099,0,0.000,0.00,0.000,0.000,0.000
0,ec.gp.GPIndividual@1412401124{271532587},3C_20_66-01.txt,7.322,0.100,0.732,0,0.000,0.00,0.000,0.000,0.000
0,ec.gp.GPIndividual@1412401124{271532587},3C_20_66-02.txt,154.245,0.100,15.424,0,0.000,0.00,0.000,0.000,0.000
0,ec.gp.GPIndividual@1412401124{271532587},3C_20_66-03.txt,118.340,0.100,11.834,0,0.000,0.00,0.000,0.000,0.000
0,ec.gp.GPIndividual@1412401124{271532587},3C_20_80-01.txt,4.194,0.100,0.419,0,0.000,0.00,0.000,0.000,0.000
0,ec.gp.GPIndividual@1412401124{271532587},3C_20_80-02.txt,35.738,0.100,3.574,0,0.000,0.00,0.000,0.000,0.000
0,ec.gp.GPIndividual@1412401124{271532587},3C_20_80-03.txt,169.439,0.100,16.944,0,0.000,0.00,0.000,0.000,0.000
0,ec.gp.GPIndividual@1691096684{1295570354},3C_20_50-02.txt,61.404,0.100,6.140,1,0.000,0.00,0.000,0.000,0.000
0,ec.gp.GPIndividual@1691096684{1295570354},3C_20_50-03.txt,30.993,0.100,3.099,1,0.000,0.00,0.000,0.000,0.000
0,ec.gp.GPIndividual@1691096684{1295570354},3C_20_66-01.txt,7.322,0.100,0.732,1,0.000,0.00,0.000,0.000,0.000
0,ec.gp.GPIndividual@1691096684{1295570354},3C_20_66-02.txt,154.245,0.100,15.424,1,0.000,0.00,0.000,0.000,0.000
0,ec.gp.GPIndividual@1691096684{1295570354},3C_20_66-03.txt,118.340,0.100,11.834,1,0.000,0.00,0.000,0.000,0.000
0,ec.gp.GPIndividual@1691096684{1295570354},3C_20_80-01.txt,4.194,0.100,0.419,1,0.000,0.00,0.000,0.000,0.000
0,ec.gp.GPIndividual@1691096684{1295570354},3C_20_80-02.txt,35.738,0.100,3.574,1,0.000,0.00,0.000,0.000,0.000
0,ec.gp.GPIndividual@1691096684{1295570354},3C_20_80-03.txt,169.439,0.100,16.944,1,0.000,0.00,0.000,0.000,0.000
0,ec.gp.GPIndividual@1706103647{411934990},3C_20_50-02.txt,61.404,0.100,6.140,0,0.000,0.00,0.000,0.000,0.000
0,ec.gp.GPIndividual@1706103647{411934990},3C_20_50-03.txt,30.993,0.100,3.099,0,0.000,0.00,0.000,0.000,0.000
0,ec.gp.GPIndividual@1706103647{411934990},3C_20_66-01.txt,7.322,0.100,0.732,0,0.000,0.00,0.000,0.000,0.000
0,ec.gp.GPIndividual@1706103647{411934990},3C_20_66-02.txt,154.245,0.100,15.424,0,0.000,0.00,0.000,0.000,0.000
0,ec.gp.GPIndividual@1706103647{411934990},3C_20_66-03.txt,118.340,0.100,11.834,0,0.000,0.00,0.000,0.000,0.000
0,ec.gp.GPIndividual@1706103647{411934990},3C_20_80-01.txt,4.194,0.100,0.419,0,0.000,0.00,0.000,0.000,0.000
0,ec.gp.GPIndividual@1706103647{411934990},3C_20_80-02.txt,35.738,0.100,3.574,0,0.000,0.00,0.000,0.000,0.000
0,ec.gp.GPIndividual@1706103647{411934990},3C_20_80-03.txt,169.439,0.100,16.944,0,0.000,0.00,0.000,0.000,0.000
0,ec.gp.GPIndividual@481877119{-1318170628},3C_20_50-02.txt,61.404,0.100,6.140,1,0.000,0.00,0.000,0.000,0.000
0,ec.gp.GPIndividual@481877119{-1318170628},3C_20_50-03.txt,30.993,0.100,3.099,1,0.000,0.00,0.000,0.000,0.000
0,ec.gp.GPIndividual@481877119{-1318170628},3C_20_66-01.txt,7.322,0.100,0.732,1,0.000,0.00,0.000,0.000,0.000
0,ec.gp.GPIndividual@481877119{-1318170628},3C_20_66-02.txt,154.245,0.100,15.424,1,0.000,0.00,0.000,0.000,0.000
0,ec.gp.GPIndividual@481877119{-1318170628},3C_20_66-03.txt,118.340,0.100,11.834,1,0.000,0.00,0.000,0.000,0.000
0,ec.gp.GPIndividual@481877119{-1318170628},3C_20_80-01.txt,4.194,0.100,0.419,1,0.000,0.00,0.000,0.000,0.000
0,ec.gp.GPIndividual@481877119{-1318170628},3C_20_80-02.txt,35.738,0.100,3.574,1,0.000,0.00,0.000,0.000,0.000
0,ec.gp.GPIndividual@481877119{-1318170628},3C_20_80-03.txt,169.439,0.100,16.944,1,0.000,0.00,0.000,0.000,0.000
0,ec.gp.GPIndividual@872446123{2132042299},3C_20_50-02.txt,61.404,0.100,6.140,0,0.000,0.00,0.000,0.000,0.000
0,ec.gp.GPIndividual@872446123{2132042299},3C_20_50-03.txt,30.993,0.100,3.099,0,0.000,0.00,0.000,0.000,0.000
0,ec.gp.GPIndividual@872446123{2132042299},3C_20_66-01.txt,7.322,0.100,0.732,0,0.000,0.00,0.000,0.000,0.000
0,ec.gp.GPIndividual@872446123{2132042299},3C_20_66-02.txt,154.245,0.100,15.424,0,0.000,0.00,0.000,0.000,0.000
0,ec.gp.GPIndividual@872446123{2132042299},3C_20_66-03.txt,118.340,0.100,11.834,0,0.000,0.00,0.000,0.000,0.000
0,ec.gp.GPIndividual@872446123{2132042299},3C_20_80-01.txt,4.194,0.100,0.419,0,0.000,0.00,0.000,0.000,0.000
0,ec.gp.GPIndividual@872446123{2132042299},3C_20_80-02.txt,35.738,0.100,3.574,0,0.000,0.00,0.000,0.000,0.000
0,ec.gp.GPIndividual@872446123{2132042299},3C_20_80-03.txt,169.439,0.100,16.944,0,0.000,0.00,0.000,0.000,0.000
0,ec.gp.GPIndividual@813397809{-720662325},3C_20_50-02.txt,61.404,0.100,6.140,0,0.000,0.00,0.000,0.000,0.000
0,ec.gp.GPIndividual@813397809{-720662325},3C_20_50-03.txt,30.993,0.100,3.099,0,0.000,0.00,0.000,0.000,0.000
0,ec.gp.GPIndividual@813397809{-720662325},3C_20_66-01.txt,7.322,0.100,0.732,0,0.000,0.00,0.000,0.000,0.000
0,ec.gp.GPIndividual@813397809{-720662325},3C_20_66-02.txt,154.245,0.100,15.424,0,0.000,0.00,0.000,0.000,0.000
0,ec.gp.GPIndividual@813397809{-720662325},3C_20_66-03.txt,118.340,0.100,11.834,0,0.000,0.00,0.000,0.000,0.000
0,ec.gp.GPIndividual@813397809{-720662325},3C_20_80-01.txt,4.194,0.100,0.419,0,0.000,0.00,0.000,0.000,0.000
0,ec.gp.GPIndividual@813397809{-720662325},3C_20_80-02.txt,35.738,0.100,3.574,0,0.000,0.00,0.000,0.000,0.000
0,ec.gp.GPIndividual@813397809{-720662325},3C_20_80-03.txt,169.439,0.100,16.944,0,0.000,0.00,0.000,0.000,0.000
0,ec.gp.GPIndividual@370387077{-1999614610},3C_20_50-02.txt,61.404,0.100,6.140,0,0.000,0.00,0.000,0.000,0.000
0,ec.gp.GPIndividual@370387077{-1999614610},3C_20_50-03.txt,30.993,0.100,3.099,0,0.000,0.00,0.000,0.000,0.000
0,ec.gp.GPIndividual@370387077{-1999614610},3C_20_66-01.txt,7.322,0.100,0.732,0,0.000,0.00,0.000,0.000,0.000
0,ec.gp.GPIndividual@370387077{-1999614610},3C_20_66-02.txt,154.245,0.100,15.424,0,0.000,0.00,0.000,0.000,0.000
0,ec.gp.GPIndividual@370387077{-1999614610},3C_20_66-03.txt,118.340,0.100,11.834,0,0.000,0.00,0.000,0.000,0.000
0,ec.gp.GPIndividual@370387077{-1999614610},3C_20_80-01.txt,4.194,0.100,0.419,0,0.000,0.00,0.000,0.000,0.000
0,ec.gp.GPIndividual@370387077{-1999614610},3C_20_80-02.txt,35.738,0.100,3.574,0,0.000,0.00,0.000,0.000,0.000
0,ec.gp.GPIndividual@370387077{-1999614610},3C_20_80-03.txt,169.439,0.100,16.944,0,0.000,0.00,0.000,0.000,0.000
0,ec.gp.GPIndividual@1393636387{753425794},3C_20_50-02.txt,61.404,0.100,6.140,0,0.000,0.00,0.000,0.000,0.000
0,ec.gp.GPIndividual@1393636387{753425794},3C_20_50-03.txt,30.993,0.100,3.099,0,0.000,0.00,0.000,0.000,0.000
0,ec.gp.GPIndividual@1393636387{753425794},3C_20_66-01.txt,7.322,0.100,0.732,0,0.000,0.00,0.000,0.000,0.000
0,ec.gp.GPIndividual@1393636387{753425794},3C_20_66-02.txt,154.245,0.100,15.424,0,0.000,0.00,0.000,0.000,0.000
0,ec.gp.GPIndividual@1393636387{753425794},3C_20_66-03.txt,118.340,0.100,11.834,0,0.000,0.00,0.000,0.000,0.000
0,ec.gp.GPIndividual@1393636387{753425794},3C_20_80-01.txt,4.194,0.100,0.419,0,0.000,0.00,0.000,0.000,0.000
0,ec.gp.GPIndividual@1393636387{753425794},3C_20_80-02.txt,35.738,0.100,3.574,0,0.000,0.00,0.000,0.000,0.000
0,ec.gp.GPIndividual@1393636387{753425794},3C_20_80-03.txt,169.439,0.100,16.944,0,0.000,0.00,0.000,0.000,0.000
0,ec.gp.GPIndividual@296202719{1725757283},3C_20_50-02.txt,61.404,0.100,6.140,0,0.000,0.00,0.000,0.000,0.000
0,ec.gp.GPIndividual@296202719{1725757283},3C_20_50-03.txt,30.993,0.100,3.099,0,0.000,0.00,0.000,0.000,0.000
0,ec.gp.GPIndividual@296202719{1725757283},3C_20_66-01.txt,7.322,0.100,0.732,0,0.000,0.00,0.000,0.000,0.000
0,ec.gp.GPIndividual@296202719{1725757283},3C_20_66-02.txt,154.245,0.100,15.424,0,0.000,0.00,0.000,0.000,0.000
0,ec.gp.GPIndividual@296202719{1725757283},3C_20_66-03.txt,118.340,0.100,11.834,0,0.000,0.00,0.000,0.000,0.000
0,ec.gp.GPIndividual@296202719{1725757283},3C_20_80-01.txt,4.194,0.100,0.419,0,0.000,0.00,0.000,0.000,0.000
0,ec.gp.GPIndividual@296202719{1725757283},3C_20_80-02.txt,35.738,0.100,3.574,0,0.000,0.00,0.000,0.000,0.000
0,ec.gp.GPIndividual@296202719{1725757283},3C_20_80-03.txt,169.439,0.100,16.944,0,0.000,0.00,0.000,0.000,0.000
0,ec.gp.GPIndividual@1653113101{-104946749},3C_20_50-02.txt,61.404,0.100,6.140,0,0.000,0.00,0.000,0.000,0.000
0,ec.gp.GPIndividual@1653113101{-104946749},3C_20_50-03.txt,30.993,0.100,3.099,0,0.000,0.00,0.000,0.000,0.000
0,ec.gp.GPIndividual@1653113101{-104946749},3C_20_66-01.txt,7.322,0.100,0.732,0,0.000,0.00,0.000,0.000,0.000
0,ec.gp.GPIndividual@1653113101{-104946749},3C_20_66-02.txt,154.245,0.100,15.424,0,0.000,0.00,0.000,0.000,0.000
0,ec.gp.GPIndividual@1653113101{-104946749},3C_20_66-03.txt,118.340,0.100,11.834,0,0.000,0.00,0.000,0.000,0.000
0,ec.gp.GPIndividual@1653113101{-104946749},3C_20_80-01.txt,4.194,0.100,0.419,0,0.000,0.00,0.000,0.000,0.000
0,ec.gp.GPIndividual@1653113101{-104946749},3C_20_80-02.txt,35.738,0.100,3.574,0,0.000,0.00,0.000,0.000,0.000
0,ec.gp.GPIndividual@1653113101{-104946749},3C_20_80-03.txt,169.439,0.100,16.944,0,0.000,0.00,0.000,0.000,0.000
0,ec.gp.GPIndividual@1775524441{-1556229795},3C_20_50-02.txt,61.404,0.100,6.140,0,0.000,0.00,0.000,0.000,0.000
0,ec.gp.GPIndividual@1775524441{-1556229795},3C_20_50-03.txt,30.993,0.100,3.099,0,0.000,0.00,0.000,0.000,0.000
0,ec.gp.GPIndividual@1775524441{-1556229795},3C_20_66-01.txt,7.322,0.100,0.732,0,0.000,0.00,0.000,0.000,0.000
0,ec.gp.GPIndividual@1775524441{-1556229795},3C_20_66-02.txt,154.245,0.100,15.424,0,0.000,0.00,0.000,0.000,0.000
0,ec.gp.GPIndividual@1775524441{-1556229795},3C_20_66-03.txt,118.340,0.100,11.834,0,0.000,0.00,0.000,0.000,0.000
0,ec.gp.GPIndividual@1775524441{-1556229795},3C_20_80-01.txt,4.194,0.100,0.419,0,0.000,0.00,0.000,0.000,0.000
0,ec.gp.GPIndividual@1775524441{-1556229795},3C_20_80-02.txt,35.738,0.100,3.574,0,0.000,0.00,0.000,0.000,0.000
0,ec.gp.GPIndividual@1775524441{-1556229795},3C_20_80-03.txt,169.439,0.100,16.944,0,0.000,0.00,0.000,0.000,0.000
0,ec.gp.GPIndividual@859753324{1801589874},3C_20_50-02.txt,61.404,0.100,6.140,0,0.000,0.00,0.000,0.000,0.000
0,ec.gp.GPIndividual@859753324{1801589874},3C_20_50-03.txt,30.993,0.100,3.099,0,0.000,0.00,0.000,0.000,0.000
0,ec.gp.GPIndividual@859753324{1801589874},3C_20_66-01.txt,7.322,0.100,0.732,0,0.000,0.00,0.000,0.000,0.000
0,ec.gp.GPIndividual@859753324{1801589874},3C_20_66-02.txt,154.245,0.100,15.424,0,0.000,0.00,0.000,0.000,0.000
0,ec.gp.GPIndividual@859753324{1801589874},3C_20_66-03.txt,118.340,0.100,11.834,0,0.000,0.00,0.000,0.000,0.000
0,ec.gp.GPIndividual@859753324{1801589874},3C_20_80-01.txt,4.194,0.100,0.419,0,0.000,0.00,0.000,0.000,0.000
0,ec.gp.GPIndividual@859753324{1801589874},3C_20_80-02.txt,35.738,0.100,3.574,0,0.000,0.00,0.000,0.000,0.000
0,ec.gp.GPIndividual@859753324{1801589874},3C_20_80-03.txt,169.439,0.100,16.944,0,0.000,0.00,0.000,0.000,0.000
0,ec.gp.GPIndividual@532393373{1096608486},3C_20_50-02.txt,61.404,0.100,6.140,0,0.000,0.00,0.000,0.000,0.000
0,ec.gp.GPIndividual@532393373{1096608486},3C_20_50-03.txt,30.993,0.100,3.099,0,0.000,0.00,0.000,0.000,0.000
0,ec.gp.GPIndividual@532393373{1096608486},3C_20_66-01.txt,7.322,0.100,0.732,0,0.000,0.00,0.000,0.000,0.000
0,ec.gp.GPIndividual@532393373{1096608486},3C_20_66-02.txt,154.245,0.100,15.424,0,0.000,0.00,0.000,0.000,0.000
0,ec.gp.GPIndividual@532393373{1096608486},3C_20_66-03.txt,118.340,0.100,11.834,0,0.000,0.00,0.000,0.000,0.000
0,ec.gp.GPIndividual@532393373{1096608486},3C_20_80-01.txt,4.194,0.100,0.419,0,0.000,0.00,0.000,0.000,0.000
0,ec.gp.GPIndividual@532393373{1096608486},3C_20_80-02.txt,35.738,0.100,3.574,0,0.000,0.00,0.000,0.000,0.000
0,ec.gp.GPIndividual@532393373{1096608486},3C_20_80-03.txt,169.439,0.100,16.944,0,0.000,0.00,0.000,0.000,0.000
0,ec.gp.GPIndividual@38005789{-1061800658},3C_20_50-02.txt,61.404,0.100,6.140,5,5.500,89.57,1.100,4.109,0.000
0,ec.gp.GPIndividual@391778730{1952945549},3C_20_50-02.txt,61.404,0.100,6.140,0,0.000,0.00,0.000,0.000,0.000
0,ec.gp.GPIndividual@391778730{1952945549},3C_20_50-03.txt,30.993,0.100,3.099,0,0.000,0.00,0.000,0.000,0.000
0,ec.gp.GPIndividual@391778730{1952945549},3C_20_66-01.txt,7.322,0.100,0.732,0,0.000,0.00,0.000,0.000,0.000
0,ec.gp.GPIndividual@391778730{1952945549},3C_20_66-02.txt,154.245,0.100,15.424,0,0.000,0.00,0.000,0.000,0.000
0,ec.gp.GPIndividual@391778730{1952945549},3C_20_66-03.txt,118.340,0.100,11.834,0,0.000,0.00,0.000,0.000,0.000
0,ec.gp.GPIndividual@391778730{1952945549},3C_20_80-01.txt,4.194,0.100,0.419,0,0.000,0.00,0.000,0.000,0.000
0,ec.gp.GPIndividual@391778730{1952945549},3C_20_80-02.txt,35.738,0.100,3.574,0,0.000,0.00,0.000,0.000,0.000
0,ec.gp.GPIndividual@391778730{1952945549},3C_20_80-03.txt,169.439,0.100,16.944,0,0.000,0.00,0.000,0.000,0.000
0,ec.gp.GPIndividual@1221726946{1934161627},3C_20_50-02.txt,61.404,0.100,6.140,1,0.000,0.00,0.000,0.000,0.000
0,ec.gp.GPIndividual@1221726946{1934161627},3C_20_50-03.txt,30.993,0.100,3.099,1,0.000,0.00,0.000,0.000,0.000
0,ec.gp.GPIndividual@1221726946{1934161627},3C_20_66-01.txt,7.322,0.100,0.732,1,0.000,0.00,0.000,0.000,0.000
0,ec.gp.GPIndividual@1221726946{1934161627},3C_20_66-02.txt,154.245,0.100,15.424,1,0.000,0.00,0.000,0.000,0.000
0,ec.gp.GPIndividual@1221726946{1934161627},3C_20_66-03.txt,118.340,0.100,11.834,1,0.000,0.00,0.000,0.000,0.000
0,ec.gp.GPIndividual@1221726946{1934161627},3C_20_80-01.txt,4.194,0.100,0.419,1,0.000,0.00,0.000,0.000,0.000
0,ec.gp.GPIndividual@1221726946{1934161627},3C_20_80-02.txt,35.738,0.100,3.574,1,0.000,0.00,0.000,0.000,0.000
0,ec.gp.GPIndividual@1221726946{1934161627},3C_20_80-03.txt,169.439,0.100,16.944,1,0.000,0.00,0.000,0.000,0.000
0,ec.gp.GPIndividual@638002170{929903437},3C_20_50-02.txt,61.404,0.100,6.140,0,0.000,0.00,0.000,0.000,0.000
0,ec.gp.GPIndividual@638002170{929903437},3C_20_50-03.txt,30.993,0.100,3.099,0,0.000,0.00,0.000,0.000,0.000
0,ec.gp.GPIndividual@638002170{929903437},3C_20_66-01.txt,7.322,0.100,0.732,0,0.000,0.00,0.000,0.000,0.000
0,ec.gp.GPIndividual@638002170{929903437},3C_20_66-02.txt,154.245,0.100,15.424,0,0.000,0.00,0.000,0.000,0.000
0,ec.gp.GPIndividual@638002170{929903437},3C_20_66-03.txt,118.340,0.100,11.834,0,0.000,0.00,0.000,0.000,0.000
0,ec.gp.GPIndividual@638002170{929903437},3C_20_80-01.txt,4.194,0.100,0.419,0,0.000,0.00,0.000,0.000,0.000
0,ec.gp.GPIndividual@638002170{929903437},3C_20_80-02.txt,35.738,0.100,3.574,0,0.000,0.00,0.000,0.000,0.000
0,ec.gp.GPIndividual@638002170{929903437},3C_20_80-03.txt,169.439,0.100,16.944,0,0.000,0.00,0.000,0.000,0.000
0,ec.gp.GPIndividual@811957762{1948675049},3C_20_50-02.txt,61.404,0.100,6.140,0,0.000,0.00,0.000,0.000,0.000
0,ec.gp.GPIndividual@811957762{1948675049},3C_20_50-03.txt,30.993,0.100,3.099,0,0.000,0.00,0.000,0.000,0.000
0,ec.gp.GPIndividual@811957762{1948675049},3C_20_66-01.txt,7.322,0.100,0.732,0,0.000,0.00,0.000,0.000,0.000
0,ec.gp.GPIndividual@811957762{1948675049},3C_20_66-02.txt,154.245,0.100,15.424,0,0.000,0.00,0.000,0.000,0.000
0,ec.gp.GPIndividual@811957762{1948675049},3C_20_66-03.txt,118.340,0.100,11.834,0,0.000,0.00,0.000,0.000,0.000
0,ec.gp.GPIndividual@811957762{1948675049},3C_20_80-01.txt,4.194,0.100,0.419,0,0.000,0.00,0.000,0.000,0.000
0,ec.gp.GPIndividual@811957762{1948675049},3C_20_80-02.txt,35.738,0.100,3.574,0,0.000,0.00,0.000,0.000,0.000
0,ec.gp.GPIndividual@811957762{1948675049},3C_20_80-03.txt,169.439,0.100,16.944,0,0.000,0.00,0.000,0.000,0.000
0,ec.gp.GPIndividual@2004217573{-173130596},3C_20_50-02.txt,61.404,0.100,6.140,1,0.094,1.53,0.094,0.094,0.094
0,ec.gp.GPIndividual@2004217573{-173130596},3C_20_50-03.txt,30.993,0.100,3.099,1,0.766,24.70,0.766,0.766,0.094
0,ec.gp.GPIndividual@2004217573{-173130596},3C_20_50-03.txt,30.993,0.100,3.099,2,1.203,38.82,0.602,1.203,0.000
0,ec.gp.GPIndividual@2004217573{-173130596},3C_20_66-01.txt,7.322,0.100,0.732,1,0.281,38.41,0.281,1.203,0.000
0,ec.gp.GPIndividual@2004217573{-173130596},3C_20_66-02.txt,154.245,0.100,15.424,2,1.703,11.04,0.852,1.203,0.000
0,ec.gp.GPIndividual@2004217573{-173130596},3C_20_66-03.txt,118.340,0.100,11.834,1,1.219,10.30,1.219,1.219,0.000
0,ec.gp.GPIndividual@2004217573{-173130596},3C_20_80-01.txt,4.194,0.100,0.419,1,0.219,52.15,0.219,1.219,0.000
0,ec.gp.GPIndividual@2004217573{-173130596},3C_20_80-02.txt,35.738,0.100,3.574,2,2.250,62.96,1.125,1.906,0.000
0,ec.gp.GPIndividual@2004217573{-173130596},3C_20_80-03.txt,169.439,0.100,16.944,2,2.188,12.91,1.094,1.906,0.000
0,ec.gp.GPIndividual@2037628324{1498742568},3C_20_50-02.txt,61.404,0.100,6.140,1,0.031,0.51,0.031,0.031,0.031
0,ec.gp.GPIndividual@2037628324{1498742568},3C_20_50-03.txt,30.993,0.100,3.099,1,0.609,19.66,0.609,0.609,0.031
0,ec.gp.GPIndividual@2037628324{1498742568},3C_20_66-01.txt,7.322,0.100,0.732,1,0.141,19.21,0.141,0.609,0.031
0,ec.gp.GPIndividual@2037628324{1498742568},3C_20_66-02.txt,154.245,0.100,15.424,1,0.234,1.52,0.234,0.609,0.031
0,ec.gp.GPIndividual@2037628324{1498742568},3C_20_66-03.txt,118.340,0.100,11.834,1,0.688,5.81,0.688,0.688,0.031
0,ec.gp.GPIndividual@2037628324{1498742568},3C_20_80-01.txt,4.194,0.100,0.419,1,0.172,40.98,0.172,0.688,0.031
0,ec.gp.GPIndividual@2037628324{1498742568},3C_20_80-02.txt,35.738,0.100,3.574,1,0.234,6.56,0.234,0.688,0.031
0,ec.gp.GPIndividual@2037628324{1498742568},3C_20_80-03.txt,169.439,0.100,16.944,1,0.828,4.89,0.828,0.828,0.031
1,ec.gp.GPIndividual@1572712842{-1621410174},3C_20_50-02.txt,61.404,0.100,6.140,1,0.000,0.00,0.000,0.000,0.000
1,ec.gp.GPIndividual@1572712842{-1621410174},3C_20_50-02.txt,61.404,0.100,6.140,1,0.000,0.00,0.000,0.000,0.000
1,ec.gp.GPIndividual@1572712842{-1621410174},3C_20_50-03.txt,30.993,0.100,3.099,0,0.000,0.00,0.000,0.000,0.000
1,ec.gp.GPIndividual@1572712842{-1621410174},3C_20_50-03.txt,30.993,0.100,3.099,0,0.000,0.00,0.000,0.000,0.000
1,ec.gp.GPIndividual@1572712842{-1621410174},3C_20_66-01.txt,7.322,0.100,0.732,0,0.000,0.00,0.000,0.000,0.000
1,ec.gp.GPIndividual@1572712842{-1621410174},3C_20_66-02.txt,154.245,0.100,15.424,0,0.000,0.00,0.000,0.000,0.000
1,ec.gp.GPIndividual@1572712842{-1621410174},3C_20_66-02.txt,154.245,0.100,15.424,0,0.000,0.00,0.000,0.000,0.000
1,ec.gp.GPIndividual@1572712842{-1621410174},3C_20_66-02.txt,154.245,0.100,15.424,0,0.000,0.00,0.000,0.000,0.000
1,ec.gp.GPIndividual@1572712842{-1621410174},3C_20_66-03.txt,118.340,0.100,11.834,0,0.000,0.00,0.000,0.000,0.000
1,ec.gp.GPIndividual@1572712842{-1621410174},3C_20_80-01.txt,4.194,0.100,0.419,0,0.000,0.00,0.000,0.000,0.000
1,ec.gp.GPIndividual@1572712842{-1621410174},3C_20_80-01.txt,4.194,0.100,0.419,0,0.000,0.00,0.000,0.000,0.000
1,ec.gp.GPIndividual@1572712842{-1621410174},3C_20_80-02.txt,35.738,0.100,3.574,0,0.000,0.00,0.000,0.000,0.000
1,ec.gp.GPIndividual@1572712842{-1621410174},3C_20_80-02.txt,35.738,0.100,3.574,0,0.000,0.00,0.000,0.000,0.000
1,ec.gp.GPIndividual@1572712842{-1621410174},3C_20_80-03.txt,169.439,0.100,16.944,0,0.000,0.00,0.000,0.000,0.000
1,ec.gp.GPIndividual@1572712842{-1621410174},3C_20_80-03.txt,169.439,0.100,16.944,0,0.000,0.00,0.000,0.000,0.000
1,ec.gp.GPIndividual@340218763{-1260669122},3C_20_50-02.txt,61.404,0.100,6.140,0,0.000,0.00,0.000,0.000,0.000
1,ec.gp.GPIndividual@1168922129{1305593443},3C_20_50-02.txt,61.404,0.100,6.140,0,0.000,0.00,0.000,0.000,0.000
1,ec.gp.GPIndividual@1168922129{1305593443},3C_20_50-03.txt,30.993,0.100,3.099,0,0.000,0.00,0.000,0.000,0.000
1,ec.gp.GPIndividual@1168922129{1305593443},3C_20_66-01.txt,7.322,0.100,0.732,0,0.000,0.00,0.000,0.000,0.000
1,ec.gp.GPIndividual@1168922129{1305593443},3C_20_66-02.txt,154.245,0.100,15.424,0,0.000,0.00,0.000,0.000,0.000
1,ec.gp.GPIndividual@1168922129{1305593443},3C_20_66-03.txt,118.340,0.100,11.834,0,0.000,0.00,0.000,0.000,0.000
1,ec.gp.GPIndividual@1168922129{1305593443},3C_20_80-01.txt,4.194,0.100,0.419,0,0.000,0.00,0.000,0.000,0.000
1,ec.gp.GPIndividual@1168922129{1305593443},3C_20_80-02.txt,35.738,0.100,3.574,0,0.000,0.00,0.000,0.000,0.000
1,ec.gp.GPIndividual@1168922129{1305593443},3C_20_80-03.txt,169.439,0.100,16.944,0,0.000,0.00,0.000,0.000,0.000
1,ec.gp.GPIndividual@1709132919{136851896},3C_20_50-02.txt,61.404,0.100,6.140,0,0.000,0.00,0.000,0.000,0.000
1,ec.gp.GPIndividual@1709132919{136851896},3C_20_50-03.txt,30.993,0.100,3.099,0,0.000,0.00,0.000,0.000,0.000
1,ec.gp.GPIndividual@1709132919{136851896},3C_20_66-01.txt,7.322,0.100,0.732,0,0.000,0.00,0.000,0.000,0.000
1,ec.gp.GPIndividual@1709132919{136851896},3C_20_66-02.txt,154.245,0.100,15.424,0,0.000,0.00,0.000,0.000,0.000
1,ec.gp.GPIndividual@1709132919{136851896},3C_20_66-03.txt,118.340,0.100,11.834,0,0.000,0.00,0.000,0.000,0.000
1,ec.gp.GPIndividual@1709132919{136851896},3C_20_80-01.txt,4.194,0.100,0.419,0,0.000,0.00,0.000,0.000,0.000
1,ec.gp.GPIndividual@1709132919{136851896},3C_20_80-02.txt,35.738,0.100,3.574,0,0.000,0.00,0.000,0.000,0.000
1,ec.gp.GPIndividual@1709132919{136851896},3C_20_80-03.txt,169.439,0.100,16.944,0,0.000,0.00,0.000,0.000,0.000
1,ec.gp.GPIndividual@1009968600{-110871622},3C_20_50-02.txt,61.404,0.100,6.140,0,0.000,0.00,0.000,0.000,0.000
1,ec.gp.GPIndividual@1009968600{-110871622},3C_20_50-03.txt,30.993,0.100,3.099,0,0.000,0.00,0.000,0.000,0.000
1,ec.gp.GPIndividual@1009968600{-110871622},3C_20_66-01.txt,7.322,0.100,0.732,0,0.000,0.00,0.000,0.000,0.000
1,ec.gp.GPIndividual@1009968600{-110871622},3C_20_66-02.txt,154.245,0.100,15.424,0,0.000,0.00,0.000,0.000,0.000
1,ec.gp.GPIndividual@1009968600{-110871622},3C_20_66-03.txt,118.340,0.100,11.834,0,0.000,0.00,0.000,0.000,0.000
1,ec.gp.GPIndividual@1009968600{-110871622},3C_20_80-01.txt,4.194,0.100,0.419,0,0.000,0.00,0.000,0.000,0.000
1,ec.gp.GPIndividual@1009968600{-110871622},3C_20_80-02.txt,35.738,0.100,3.574,0,0.000,0.00,0.000,0.000,0.000
1,ec.gp.GPIndividual@1009968600{-110871622},3C_20_80-03.txt,169.439,0.100,16.944,0,0.000,0.00,0.000,0.000,0.000
1,ec.gp.GPIndividual@1737308572{-78272949},3C_20_50-02.txt,61.404,0.100,6.140,0,0.000,0.00,0.000,0.000,0.000
1,ec.gp.GPIndividual@1737308572{-78272949},3C_20_50-03.txt,30.993,0.100,3.099,0,0.000,0.00,0.000,0.000,0.000
1,ec.gp.GPIndividual@1737308572{-78272949},3C_20_66-01.txt,7.322,0.100,0.732,0,0.000,0.00,0.000,0.000,0.000
1,ec.gp.GPIndividual@1737308572{-78272949},3C_20_66-02.txt,154.245,0.100,15.424,0,0.000,0.00,0.000,0.000,0.000
1,ec.gp.GPIndividual@1737308572{-78272949},3C_20_66-03.txt,118.340,0.100,11.834,0,0.000,0.00,0.000,0.000,0.000
1,ec.gp.GPIndividual@1737308572{-78272949},3C_20_80-01.txt,4.194,0.100,0.419,0,0.000,0.00,0.000,0.000,0.000
1,ec.gp.GPIndividual@1737308572{-78272949},3C_20_80-02.txt,35.738,0.100,3.574,0,0.000,0.00,0.000,0.000,0.000
1,ec.gp.GPIndividual@1737308572{-78272949},3C_20_80-03.txt,169.439,0.100,16.944,0,0.000,0.00,0.000,0.000,0.000
1,ec.gp.GPIndividual@1077340066{869548525},3C_20_50-02.txt,61.404,0.100,6.140,4,0.844,13.74,0.211,0.281,0.000
1,ec.gp.GPIndividual@1077340066{869548525},3C_20_50-03.txt,30.993,0.100,3.099,0,0.000,0.00,0.000,0.281,0.000
1,ec.gp.GPIndividual@1077340066{869548525},3C_20_50-03.txt,30.993,0.100,3.099,2,0.563,18.15,0.281,0.281,0.000
1,ec.gp.GPIndividual@1077340066{869548525},3C_20_50-03.txt,30.993,0.100,3.099,0,0.000,0.00,0.000,0.281,0.000
1,ec.gp.GPIndividual@1077340066{869548525},3C_20_50-03.txt,30.993,0.100,3.099,4,2.797,90.24,0.699,1.344,0.000
1,ec.gp.GPIndividual@1077340066{869548525},3C_20_66-01.txt,7.322,0.100,0.732,2,2.688,367.04,1.344,1.344,0.000
1,ec.gp.GPIndividual@1077340066{869548525},3C_20_66-01.txt,7.322,0.100,0.732,0,0.000,0.00,0.000,1.344,0.000
1,ec.gp.GPIndividual@1077340066{869548525},3C_20_66-01.txt,7.322,0.100,0.732,1,1.250,170.71,1.250,1.344,0.000
1,ec.gp.GPIndividual@1077340066{869548525},3C_20_66-01.txt,7.322,0.100,0.732,2,0.594,81.09,0.297,1.344,0.000
1,ec.gp.GPIndividual@1077340066{869548525},3C_20_66-02.txt,154.245,0.100,15.424,2,0.594,3.85,0.297,1.344,0.000
1,ec.gp.GPIndividual@1077340066{869548525},3C_20_66-02.txt,154.245,0.100,15.424,0,0.000,0.00,0.000,1.344,0.000
1,ec.gp.GPIndividual@1077340066{869548525},3C_20_66-02.txt,154.245,0.100,15.424,0,0.000,0.00,0.000,1.344,0.000
1,ec.gp.GPIndividual@1077340066{869548525},3C_20_66-02.txt,154.245,0.100,15.424,2,2.391,15.50,1.195,1.641,0.000
1,ec.gp.GPIndividual@1077340066{869548525},3C_20_50-03.txt,30.993,0.100,3.099,3,2.984,96.29,0.995,1.719,0.000
1,ec.gp.GPIndividual@1077340066{869548525},3C_20_66-03.txt,118.340,0.100,11.834,1,2.078,17.56,2.078,2.078,0.000
1,ec.gp.GPIndividual@1077340066{869548525},3C_20_66-03.txt,118.340,0.100,11.834,1,2.250,19.01,2.250,2.250,0.000
1,ec.gp.GPIndividual@1077340066{869548525},3C_20_66-03.txt,118.340,0.100,11.834,3,3.406,28.78,1.135,2.547,0.000
1,ec.gp.GPIndividual@1077340066{869548525},3C_20_66-03.txt,118.340,0.100,11.834,2,5.344,45.16,2.672,2.938,0.000
1,ec.gp.GPIndividual@1077340066{869548525},3C_20_50-03.txt,30.993,0.100,3.099,2,4.844,156.29,2.422,4.844,0.000
1,ec.gp.GPIndividual@1077340066{869548525},3C_20_80-01.txt,4.194,0.100,0.419,2,4.656,1110.09,2.328,4.844,0.000
1,ec.gp.GPIndividual@1077340066{869548525},3C_20_80-02.txt,35.738,0.100,3.574,0,0.000,0.00,0.000,4.844,0.000
1,ec.gp.GPIndividual@1077340066{869548525},3C_20_80-01.txt,4.194,0.100,0.419,1,1.250,298.01,1.250,4.844,0.000
1,ec.gp.GPIndividual@1077340066{869548525},3C_20_66-01.txt,7.322,0.100,0.732,2,4.328,591.10,2.164,4.844,0.000
1,ec.gp.GPIndividual@1077340066{869548525},3C_20_66-01.txt,7.322,0.100,0.732,2,0.266,36.28,0.133,4.844,0.000
1,ec.gp.GPIndividual@1077340066{869548525},3C_20_80-02.txt,35.738,0.100,3.574,3,5.594,156.52,1.865,4.844,0.000
1,ec.gp.GPIndividual@1077340066{869548525},3C_20_80-01.txt,4.194,0.100,0.419,1,4.750,1132.44,4.750,4.844,0.000
1,ec.gp.GPIndividual@1077340066{869548525},3C_20_80-01.txt,4.194,0.100,0.419,1,0.297,70.78,0.297,4.844,0.000
1,ec.gp.GPIndividual@1077340066{869548525},3C_20_80-02.txt,35.738,0.100,3.574,1,0.313,8.74,0.313,4.844,0.000
1,ec.gp.GPIndividual@1077340066{869548525},3C_20_80-02.txt,35.738,0.100,3.574,3,3.438,96.19,1.146,4.844,0.000
1,ec.gp.GPIndividual@1077340066{869548525},3C_20_80-03.txt,169.439,0.100,16.944,1,1.266,7.47,1.266,4.844,0.000
1,ec.gp.GPIndividual@1077340066{869548525},3C_20_80-03.txt,169.439,0.100,16.944,2,2.203,13.00,1.102,4.844,0.000
1,ec.gp.GPIndividual@1077340066{869548525},3C_20_80-03.txt,169.439,0.100,16.944,1,1.531,9.04,1.531,4.844,0.000
1,ec.gp.GPIndividual@1077340066{869548525},3C_20_80-03.txt,169.439,0.100,16.944,2,2.406,14.20,1.203,4.844,0.000
1,ec.gp.GPIndividual@1077340066{869548525},3C_20_66-02.txt,154.245,0.100,15.424,2,1.438,9.32,0.719,4.844,0.000
1,ec.gp.GPIndividual@1077340066{869548525},3C_20_66-02.txt,154.245,0.100,15.424,5,11.406,73.95,2.281,5.563,0.000
1,ec.gp.GPIndividual@129815910{2055096840},3C_20_50-02.txt,61.404,0.100,6.140,2,0.516,8.40,0.258,0.516,0.000
1,ec.gp.GPIndividual@129815910{2055096840},3C_20_50-03.txt,30.993,0.100,3.099,3,6.953,224.35,2.318,5.719,0.000
1,ec.gp.GPIndividual@820988175{-1984035044},3C_20_50-02.txt,61.404,0.100,6.140,2,8.141,132.57,4.070,6.766,1.375
1,ec.gp.GPIndividual@2012601544{-1227621008},3C_20_50-02.txt,61.404,0.100,6.140,0,0.000,0.00,0.000,0.000,0.000
1,ec.gp.GPIndividual@2012601544{-1227621008},3C_20_50-03.txt,30.993,0.100,3.099,0,0.000,0.00,0.000,0.000,0.000
1,ec.gp.GPIndividual@2012601544{-1227621008},3C_20_66-01.txt,7.322,0.100,0.732,0,0.000,0.00,0.000,0.000,0.000
1,ec.gp.GPIndividual@2012601544{-1227621008},3C_20_66-02.txt,154.245,0.100,15.424,0,0.000,0.00,0.000,0.000,0.000
1,ec.gp.GPIndividual@2012601544{-1227621008},3C_20_66-03.txt,118.340,0.100,11.834,0,0.000,0.00,0.000,0.000,0.000
1,ec.gp.GPIndividual@2012601544{-1227621008},3C_20_80-01.txt,4.194,0.100,0.419,0,0.000,0.00,0.000,0.000,0.000
1,ec.gp.GPIndividual@2012601544{-1227621008},3C_20_80-02.txt,35.738,0.100,3.574,0,0.000,0.00,0.000,0.000,0.000
1,ec.gp.GPIndividual@2012601544{-1227621008},3C_20_80-03.txt,169.439,0.100,16.944,0,0.000,0.00,0.000,0.000,0.000
1,ec.gp.GPIndividual@26218688{-829378860},3C_20_50-02.txt,61.404,0.100,6.140,0,0.000,0.00,0.000,0.000,0.000
1,ec.gp.GPIndividual@26218688{-829378860},3C_20_50-03.txt,30.993,0.100,3.099,0,0.000,0.00,0.000,0.000,0.000
1,ec.gp.GPIndividual@26218688{-829378860},3C_20_66-01.txt,7.322,0.100,0.732,0,0.000,0.00,0.000,0.000,0.000
1,ec.gp.GPIndividual@26218688{-829378860},3C_20_66-02.txt,154.245,0.100,15.424,0,0.000,0.00,0.000,0.000,0.000
1,ec.gp.GPIndividual@26218688{-829378860},3C_20_66-03.txt,118.340,0.100,11.834,0,0.000,0.00,0.000,0.000,0.000
1,ec.gp.GPIndividual@26218688{-829378860},3C_20_80-01.txt,4.194,0.100,0.419,0,0.000,0.00,0.000,0.000,0.000
1,ec.gp.GPIndividual@26218688{-829378860},3C_20_80-02.txt,35.738,0.100,3.574,0,0.000,0.00,0.000,0.000,0.000
1,ec.gp.GPIndividual@26218688{-829378860},3C_20_80-03.txt,169.439,0.100,16.944,0,0.000,0.00,0.000,0.000,0.000
1,ec.gp.GPIndividual@68367566{-1045936278},3C_20_50-02.txt,61.404,0.100,6.140,0,0.000,0.00,0.000,0.000,0.000
1,ec.gp.GPIndividual@68367566{-1045936278},3C_20_50-03.txt,30.993,0.100,3.099,0,0.000,0.00,0.000,0.000,0.000
1,ec.gp.GPIndividual@68367566{-1045936278},3C_20_66-01.txt,7.322,0.100,0.732,0,0.000,0.00,0.000,0.000,0.000
1,ec.gp.GPIndividual@68367566{-1045936278},3C_20_66-02.txt,154.245,0.100,15.424,0,0.000,0.00,0.000,0.000,0.000
1,ec.gp.GPIndividual@68367566{-1045936278},3C_20_66-03.txt,118.340,0.100,11.834,0,0.000,0.00,0.000,0.000,0.000
1,ec.gp.GPIndividual@68367566{-1045936278},3C_20_80-01.txt,4.194,0.100,0.419,0,0.000,0.00,0.000,0.000,0.000
1,ec.gp.GPIndividual@68367566{-1045936278},3C_20_80-02.txt,35.738,0.100,3.574,0,0.000,0.00,0.000,0.000,0.000
1,ec.gp.GPIndividual@68367566{-1045936278},3C_20_80-03.txt,169.439,0.100,16.944,0,0.000,0.00,0.000,0.000,0.000
1,ec.gp.GPIndividual@711386316{717864869},3C_20_50-02.txt,61.404,0.100,6.140,0,0.000,0.00,0.000,0.000,0.000
1,ec.gp.GPIndividual@711386316{717864869},3C_20_50-03.txt,30.993,0.100,3.099,0,0.000,0.00,0.000,0.000,0.000
1,ec.gp.GPIndividual@711386316{717864869},3C_20_66-01.txt,7.322,0.100,0.732,0,0.000,0.00,0.000,0.000,0.000
1,ec.gp.GPIndividual@711386316{717864869},3C_20_66-02.txt,154.245,0.100,15.424,0,0.000,0.00,0.000,0.000,0.000
1,ec.gp.GPIndividual@711386316{717864869},3C_20_66-03.txt,118.340,0.100,11.834,0,0.000,0.00,0.000,0.000,0.000
1,ec.gp.GPIndividual@711386316{717864869},3C_20_80-01.txt,4.194,0.100,0.419,0,0.000,0.00,0.000,0.000,0.000
1,ec.gp.GPIndividual@711386316{717864869},3C_20_80-02.txt,35.738,0.100,3.574,0,0.000,0.00,0.000,0.000,0.000
1,ec.gp.GPIndividual@711386316{717864869},3C_20_80-03.txt,169.439,0.100,16.944,0,0.000,0.00,0.000,0.000,0.000
1,ec.gp.GPIndividual@1940684500{342135368},3C_20_50-02.txt,61.404,0.100,6.140,0,0.000,0.00,0.000,0.000,0.000
1,ec.gp.GPIndividual@1940684500{342135368},3C_20_50-03.txt,30.993,0.100,3.099,0,0.000,0.00,0.000,0.000,0.000
1,ec.gp.GPIndividual@1940684500{342135368},3C_20_66-01.txt,7.322,0.100,0.732,0,0.000,0.00,0.000,0.000,0.000
1,ec.gp.GPIndividual@1940684500{342135368},3C_20_66-02.txt,154.245,0.100,15.424,0,0.000,0.00,0.000,0.000,0.000
1,ec.gp.GPIndividual@1940684500{342135368},3C_20_66-03.txt,118.340,0.100,11.834,0,0.000,0.00,0.000,0.000,0.000
1,ec.gp.GPIndividual@1940684500{342135368},3C_20_80-01.txt,4.194,0.100,0.419,0,0.000,0.00,0.000,0.000,0.000
1,ec.gp.GPIndividual@1940684500{342135368},3C_20_80-02.txt,35.738,0.100,3.574,0,0.000,0.00,0.000,0.000,0.000
1,ec.gp.GPIndividual@1940684500{342135368},3C_20_80-03.txt,169.439,0.100,16.944,0,0.000,0.00,0.000,0.000,0.000
1,ec.gp.GPIndividual@1924888177{600965189},3C_20_50-02.txt,61.404,0.100,6.140,1,0.000,0.00,0.000,0.000,0.000
1,ec.gp.GPIndividual@1924888177{600965189},3C_20_50-03.txt,30.993,0.100,3.099,1,0.000,0.00,0.000,0.000,0.000
1,ec.gp.GPIndividual@1924888177{600965189},3C_20_66-01.txt,7.322,0.100,0.732,1,0.000,0.00,0.000,0.000,0.000
1,ec.gp.GPIndividual@1924888177{600965189},3C_20_66-02.txt,154.245,0.100,15.424,1,0.000,0.00,0.000,0.000,0.000
1,ec.gp.GPIndividual@1924888177{600965189},3C_20_66-03.txt,118.340,0.100,11.834,1,0.000,0.00,0.000,0.000,0.000
1,ec.gp.GPIndividual@1924888177{600965189},3C_20_80-01.txt,4.194,0.100,0.419,1,0.000,0.00,0.000,0.000,0.000
1,ec.gp.GPIndividual@1924888177{600965189},3C_20_80-02.txt,35.738,0.100,3.574,1,0.000,0.00,0.000,0.000,0.000
1,ec.gp.GPIndividual@1924888177{600965189},3C_20_80-03.txt,169.439,0.100,16.944,1,0.000,0.00,0.000,0.000,0.000
1,ec.gp.GPIndividual@75073529{-1949163428},3C_20_50-02.txt,61.404,0.100,6.140,0,0.000,0.00,0.000,0.000,0.000
1,ec.gp.GPIndividual@75073529{-1949163428},3C_20_50-03.txt,30.993,0.100,3.099,0,0.000,0.00,0.000,0.000,0.000
1,ec.gp.GPIndividual@75073529{-1949163428},3C_20_66-01.txt,7.322,0.100,0.732,0,0.000,0.00,0.000,0.000,0.000
1,ec.gp.GPIndividual@75073529{-1949163428},3C_20_66-02.txt,154.245,0.100,15.424,0,0.000,0.00,0.000,0.000,0.000
1,ec.gp.GPIndividual@75073529{-1949163428},3C_20_66-03.txt,118.340,0.100,11.834,0,0.000,0.00,0.000,0.000,0.000
1,ec.gp.GPIndividual@75073529{-1949163428},3C_20_80-01.txt,4.194,0.100,0.419,0,0.000,0.00,0.000,0.000,0.000
1,ec.gp.GPIndividual@75073529{-1949163428},3C_20_80-02.txt,35.738,0.100,3.574,0,0.000,0.00,0.000,0.000,0.000
1,ec.gp.GPIndividual@75073529{-1949163428},3C_20_80-03.txt,169.439,0.100,16.944,0,0.000,0.00,0.000,0.000,0.000
1,ec.gp.GPIndividual@424124527{1801589874},3C_20_50-02.txt,61.404,0.100,6.140,0,0.000,0.00,0.000,0.000,0.000
1,ec.gp.GPIndividual@424124527{1801589874},3C_20_50-03.txt,30.993,0.100,3.099,0,0.000,0.00,0.000,0.000,0.000
1,ec.gp.GPIndividual@424124527{1801589874},3C_20_66-01.txt,7.322,0.100,0.732,0,0.000,0.00,0.000,0.000,0.000
1,ec.gp.GPIndividual@424124527{1801589874},3C_20_66-02.txt,154.245,0.100,15.424,0,0.000,0.00,0.000,0.000,0.000
1,ec.gp.GPIndividual@424124527{1801589874},3C_20_66-03.txt,118.340,0.100,11.834,0,0.000,0.00,0.000,0.000,0.000
1,ec.gp.GPIndividual@424124527{1801589874},3C_20_80-01.txt,4.194,0.100,0.419,0,0.000,0.00,0.000,0.000,0.000
1,ec.gp.GPIndividual@424124527{1801589874},3C_20_80-02.txt,35.738,0.100,3.574,0,0.000,0.00,0.000,0.000,0.000
1,ec.gp.GPIndividual@424124527{1801589874},3C_20_80-03.txt,169.439,0.100,16.944,0,0.000,0.00,0.000,0.000,0.000
1,ec.gp.GPIndividual@2101190782{-10636052},3C_20_50-02.txt,61.404,0.100,6.140,2,0.422,6.87,0.211,0.422,0.000
1,ec.gp.GPIndividual@2101190782{-10636052},3C_20_50-03.txt,30.993,0.100,3.099,1,1.328,42.85,1.328,1.328,0.000
1,ec.gp.GPIndividual@2101190782{-10636052},3C_20_66-01.txt,7.322,0.100,0.732,2,0.500,68.29,0.250,1.328,0.000
1,ec.gp.GPIndividual@2101190782{-10636052},3C_20_50-03.txt,30.993,0.100,3.099,2,0.391,12.60,0.195,1.328,0.000
1,ec.gp.GPIndividual@2101190782{-10636052},3C_20_66-02.txt,154.245,0.100,15.424,2,1.031,6.69,0.516,1.328,0.000
1,ec.gp.GPIndividual@2101190782{-10636052},3C_20_66-03.txt,118.340,0.100,11.834,2,1.297,10.96,0.648,1.328,0.000
1,ec.gp.GPIndividual@2101190782{-10636052},3C_20_66-03.txt,118.340,0.100,11.834,2,1.375,11.62,0.688,1.375,0.000
1,ec.gp.GPIndividual@2101190782{-10636052},3C_20_66-01.txt,7.322,0.100,0.732,1,1.375,187.79,1.375,1.375,0.000
1,ec.gp.GPIndividual@2101190782{-10636052},3C_20_66-01.txt,7.322,0.100,0.732,3,0.734,100.29,0.245,1.375,0.000
1,ec.gp.GPIndividual@2101190782{-10636052},3C_20_66-02.txt,154.245,0.100,15.424,1,0.000,0.00,0.000,1.375,0.000
1,ec.gp.GPIndividual@2101190782{-10636052},3C_20_66-02.txt,154.245,0.100,15.424,1,1.844,11.95,1.844,1.844,0.000
1,ec.gp.GPIndividual@2101190782{-10636052},3C_20_66-03.txt,118.340,0.100,11.834,2,1.781,15.05,0.891,1.844,0.000
1,ec.gp.GPIndividual@2101190782{-10636052},3C_20_66-03.txt,118.340,0.100,11.834,2,2.063,17.43,1.031,2.063,0.000
1,ec.gp.GPIndividual@2101190782{-10636052},3C_20_66-03.txt,118.340,0.100,11.834,6,16.063,135.73,2.677,4.859,0.000
1,ec.gp.GPIndividual@2101190782{-10636052},3C_20_80-01.txt,4.194,0.100,0.419,1,0.000,0.00,0.000,4.859,0.000
1,ec.gp.GPIndividual@2101190782{-10636052},3C_20_80-01.txt,4.194,0.100,0.419,3,0.531,126.65,0.177,4.859,0.000
1,ec.gp.GPIndividual@2101190782{-10636052},3C_20_80-02.txt,35.738,0.100,3.574,4,4.750,132.91,1.188,4.859,0.000
1,ec.gp.GPIndividual@2101190782{-10636052},3C_20_80-01.txt,4.194,0.100,0.419,2,0.281,67.05,0.141,4.859,0.000
1,ec.gp.GPIndividual@2101190782{-10636052},3C_20_80-02.txt,35.738,0.100,3.574,4,3.813,106.68,0.953,4.859,0.000
1,ec.gp.GPIndividual@2101190782{-10636052},3C_20_80-02.txt,35.738,0.100,3.574,2,4.609,128.98,2.305,4.859,0.000
1,ec.gp.GPIndividual@2101190782{-10636052},3C_20_80-01.txt,4.194,0.100,0.419,1,0.266,63.33,0.266,4.859,0.000
1,ec.gp.GPIndividual@2101190782{-10636052},3C_20_80-01.txt,4.194,0.100,0.419,3,0.563,134.10,0.188,4.859,0.000
1,ec.gp.GPIndividual@2101190782{-10636052},3C_20_80-02.txt,35.738,0.100,3.574,2,1.547,43.28,0.773,4.859,0.000
1,ec.gp.GPIndividual@2101190782{-10636052},3C_20_80-03.txt,169.439,0.100,16.944,1,0.000,0.00,0.000,4.859,0.000
1,ec.gp.GPIndividual@2101190782{-10636052},3C_20_80-02.txt,35.738,0.100,3.574,1,1.500,41.97,1.500,4.859,0.000
1,ec.gp.GPIndividual@2101190782{-10636052},3C_20_80-03.txt,169.439,0.100,16.944,4,4.625,27.30,1.156,4.859,0.000
1,ec.gp.GPIndividual@2101190782{-10636052},3C_20_80-03.txt,169.439,0.100,16.944,5,9.438,55.70,1.888,4.859,0.000
1,ec.gp.GPIndividual@810426394{686250381},3C_20_50-02.txt,61.404,0.100,6.140,0,0.000,0.00,0.000,0.000,0.000
1,ec.gp.GPIndividual@810426394{686250381},3C_20_50-03.txt,30.993,0.100,3.099,0,0.000,0.00,0.000,0.000,0.000
1,ec.gp.GPIndividual@810426394{686250381},3C_20_66-01.txt,7.322,0.100,0.732,0,0.000,0.00,0.000,0.000,0.000
1,ec.gp.GPIndividual@810426394{686250381},3C_20_66-02.txt,154.245,0.100,15.424,0,0.000,0.00,0.000,0.000,0.000
1,ec.gp.GPIndividual@810426394{686250381},3C_20_66-03.txt,118.340,0.100,11.834,0,0.000,0.00,0.000,0.000,0.000
1,ec.gp.GPIndividual@810426394{686250381},3C_20_80-01.txt,4.194,0.100,0.419,0,0.000,0.00,0.000,0.000,0.000
1,ec.gp.GPIndividual@810426394{686250381},3C_20_80-02.txt,35.738,0.100,3.574,0,0.000,0.00,0.000,0.000,0.000
1,ec.gp.GPIndividual@810426394{686250381},3C_20_80-03.txt,169.439,0.100,16.944,0,0.000,0.00,0.000,0.000,0.000
1,ec.gp.GPIndividual@1533479901{-348298996},3C_20_50-02.txt,61.404,0.100,6.140,0,0.000,0.00,0.000,0.000,0.000
1,ec.gp.GPIndividual@1533479901{-348298996},3C_20_50-03.txt,30.993,0.100,3.099,0,0.000,0.00,0.000,0.000,0.000
1,ec.gp.GPIndividual@1533479901{-348298996},3C_20_66-01.txt,7.322,0.100,0.732,0,0.000,0.00,0.000,0.000,0.000
1,ec.gp.GPIndividual@1533479901{-348298996},3C_20_66-02.txt,154.245,0.100,15.424,0,0.000,0.00,0.000,0.000,0.000
1,ec.gp.GPIndividual@1533479901{-348298996},3C_20_66-03.txt,118.340,0.100,11.834,0,0.000,0.00,0.000,0.000,0.000
1,ec.gp.GPIndividual@1533479901{-348298996},3C_20_80-01.txt,4.194,0.100,0.419,0,0.000,0.00,0.000,0.000,0.000
1,ec.gp.GPIndividual@1533479901{-348298996},3C_20_80-02.txt,35.738,0.100,3.574,0,0.000,0.00,0.000,0.000,0.000
1,ec.gp.GPIndividual@1533479901{-348298996},3C_20_80-03.txt,169.439,0.100,16.944,0,0.000,0.00,0.000,0.000,0.000
1,ec.gp.GPIndividual@1801900250{1548393295},3C_20_50-02.txt,61.404,0.100,6.140,1,1.172,19.08,1.172,1.172,1.172
1,ec.gp.GPIndividual@1801900250{1548393295},3C_20_80-03.txt,169.439,0.100,16.944,2,0.422,2.49,0.211,1.172,0.000
1,ec.gp.GPIndividual@1801900250{1548393295},3C_20_50-03.txt,30.993,0.100,3.099,1,0.984,31.76,0.984,1.172,0.000
1,ec.gp.GPIndividual@1801900250{1548393295},3C_20_80-03.txt,169.439,0.100,16.944,2,4.859,28.68,2.430,4.859,0.000
1,ec.gp.GPIndividual@404055846{-266146218},3C_20_50-02.txt,61.404,0.100,6.140,0,0.000,0.00,0.000,0.000,0.000
1,ec.gp.GPIndividual@404055846{-266146218},3C_20_50-03.txt,30.993,0.100,3.099,0,0.000,0.00,0.000,0.000,0.000
1,ec.gp.GPIndividual@404055846{-266146218},3C_20_66-01.txt,7.322,0.100,0.732,0,0.000,0.00,0.000,0.000,0.000
1,ec.gp.GPIndividual@404055846{-266146218},3C_20_66-02.txt,154.245,0.100,15.424,0,0.000,0.00,0.000,0.000,0.000
1,ec.gp.GPIndividual@404055846{-266146218},3C_20_66-03.txt,118.340,0.100,11.834,0,0.000,0.00,0.000,0.000,0.000
1,ec.gp.GPIndividual@404055846{-266146218},3C_20_80-01.txt,4.194,0.100,0.419,0,0.000,0.00,0.000,0.000,0.000
1,ec.gp.GPIndividual@404055846{-266146218},3C_20_80-02.txt,35.738,0.100,3.574,0,0.000,0.00,0.000,0.000,0.000
1,ec.gp.GPIndividual@404055846{-266146218},3C_20_80-03.txt,169.439,0.100,16.944,0,0.000,0.00,0.000,0.000,0.000
1,ec.gp.GPIndividual@1352367506{1178071690},3C_20_50-02.txt,61.404,0.100,6.140,0,0.000,0.00,0.000,0.000,0.000
1,ec.gp.GPIndividual@1352367506{1178071690},3C_20_50-03.txt,30.993,0.100,3.099,0,0.000,0.00,0.000,0.000,0.000
1,ec.gp.GPIndividual@1352367506{1178071690},3C_20_66-01.txt,7.322,0.100,0.732,0,0.000,0.00,0.000,0.000,0.000
1,ec.gp.GPIndividual@1352367506{1178071690},3C_20_66-02.txt,154.245,0.100,15.424,0,0.000,0.00,0.000,0.000,0.000
1,ec.gp.GPIndividual@1352367506{1178071690},3C_20_66-03.txt,118.340,0.100,11.834,0,0.000,0.00,0.000,0.000,0.000
1,ec.gp.GPIndividual@1352367506{1178071690},3C_20_80-01.txt,4.194,0.100,0.419,0,0.000,0.00,0.000,0.000,0.000
1,ec.gp.GPIndividual@1352367506{1178071690},3C_20_80-02.txt,35.738,0.100,3.574,0,0.000,0.00,0.000,0.000,0.000
1,ec.gp.GPIndividual@1352367506{1178071690},3C_20_80-03.txt,169.439,0.100,16.944,0,0.000,0.00,0.000,0.000,0.000
1,ec.gp.GPIndividual@1962666806{1773611379},3C_20_50-02.txt,61.404,0.100,6.140,1,1.313,21.37,1.313,1.313,1.313
1,ec.gp.GPIndividual@1962666806{1773611379},3C_20_66-01.txt,7.322,0.100,0.732,1,4.563,623.11,4.563,4.563,1.313
1,ec.gp.GPIndividual@727823486{-1528668714},3C_20_50-02.txt,61.404,0.100,6.140,0,0.000,0.00,0.000,0.000,0.000
1,ec.gp.GPIndividual@727823486{-1528668714},3C_20_50-03.txt,30.993,0.100,3.099,0,0.000,0.00,0.000,0.000,0.000
1,ec.gp.GPIndividual@727823486{-1528668714},3C_20_66-01.txt,7.322,0.100,0.732,0,0.000,0.00,0.000,0.000,0.000
1,ec.gp.GPIndividual@727823486{-1528668714},3C_20_66-02.txt,154.245,0.100,15.424,0,0.000,0.00,0.000,0.000,0.000
1,ec.gp.GPIndividual@727823486{-1528668714},3C_20_66-03.txt,118.340,0.100,11.834,0,0.000,0.00,0.000,0.000,0.000
1,ec.gp.GPIndividual@727823486{-1528668714},3C_20_80-01.txt,4.194,0.100,0.419,0,0.000,0.00,0.000,0.000,0.000
1,ec.gp.GPIndividual@727823486{-1528668714},3C_20_80-02.txt,35.738,0.100,3.574,0,0.000,0.00,0.000,0.000,0.000
1,ec.gp.GPIndividual@727823486{-1528668714},3C_20_80-03.txt,169.439,0.100,16.944,0,0.000,0.00,0.000,0.000,0.000
1,ec.gp.GPIndividual@1933276465{-1214752018},3C_20_50-02.txt,61.404,0.100,6.140,0,0.000,0.00,0.000,0.000,0.000
1,ec.gp.GPIndividual@1933276465{-1214752018},3C_20_50-03.txt,30.993,0.100,3.099,0,0.000,0.00,0.000,0.000,0.000
1,ec.gp.GPIndividual@1933276465{-1214752018},3C_20_66-01.txt,7.322,0.100,0.732,0,0.000,0.00,0.000,0.000,0.000
1,ec.gp.GPIndividual@1933276465{-1214752018},3C_20_66-02.txt,154.245,0.100,15.424,1,0.422,2.74,0.422,0.422,0.422
1,ec.gp.GPIndividual@1933276465{-1214752018},3C_20_50-03.txt,30.993,0.100,3.099,1,0.375,12.10,0.375,0.422,0.375
1,ec.gp.GPIndividual@1933276465{-1214752018},3C_20_66-02.txt,154.245,0.100,15.424,1,1.313,8.51,1.313,1.313,0.375
1,ec.gp.GPIndividual@1933276465{-1214752018},3C_20_66-01.txt,7.322,0.100,0.732,1,0.297,40.54,0.297,1.313,0.297
1,ec.gp.GPIndividual@1933276465{-1214752018},3C_20_66-02.txt,154.245,0.100,15.424,1,2.031,13.17,2.031,2.031,0.297
1,ec.gp.GPIndividual@1933276465{-1214752018},3C_20_66-03.txt,118.340,0.100,11.834,0,0.000,0.00,0.000,2.031,0.297
1,ec.gp.GPIndividual@1933276465{-1214752018},3C_20_80-01.txt,4.194,0.100,0.419,2,2.188,521.52,1.094,2.031,0.266
1,ec.gp.GPIndividual@1933276465{-1214752018},3C_20_80-02.txt,35.738,0.100,3.574,0,0.000,0.00,0.000,2.031,0.266
1,ec.gp.GPIndividual@1933276465{-1214752018},3C_20_66-03.txt,118.340,0.100,11.834,0,0.000,0.00,0.000,2.031,0.266
1,ec.gp.GPIndividual@1933276465{-1214752018},3C_20_80-03.txt,169.439,0.100,16.944,0,0.000,0.00,0.000,2.031,0.266
1,ec.gp.GPIndividual@419840850{-1276381301},3C_20_50-02.txt,61.404,0.100,6.140,1,0.266,4.33,0.266,0.266,0.266
1,ec.gp.GPIndividual@419840850{-1276381301},3C_20_50-03.txt,30.993,0.100,3.099,1,4.453,143.68,4.453,4.453,0.266
1,ec.gp.GPIndividual@1926255718{274383064},3C_20_50-02.txt,61.404,0.100,6.140,2,1.406,22.90,0.703,1.406,0.000
1,ec.gp.GPIndividual@1926255718{274383064},3C_20_66-03.txt,118.340,0.100,11.834,1,0.422,3.56,0.422,1.406,0.000
1,ec.gp.GPIndividual@1926255718{274383064},3C_20_50-03.txt,30.993,0.100,3.099,2,4.453,143.68,2.227,4.453,0.000
1,ec.gp.GPIndividual@1595254567{-1075354226},3C_20_50-02.txt,61.404,0.100,6.140,0,0.000,0.00,0.000,0.000,0.000
1,ec.gp.GPIndividual@1595254567{-1075354226},3C_20_50-03.txt,30.993,0.100,3.099,0,0.000,0.00,0.000,0.000,0.000
1,ec.gp.GPIndividual@1595254567{-1075354226},3C_20_66-01.txt,7.322,0.100,0.732,0,0.000,0.00,0.000,0.000,0.000
1,ec.gp.GPIndividual@1595254567{-1075354226},3C_20_66-02.txt,154.245,0.100,15.424,0,0.000,0.00,0.000,0.000,0.000
1,ec.gp.GPIndividual@1595254567{-1075354226},3C_20_66-03.txt,118.340,0.100,11.834,0,0.000,0.00,0.000,0.000,0.000
1,ec.gp.GPIndividual@1595254567{-1075354226},3C_20_80-01.txt,4.194,0.100,0.419,0,0.000,0.00,0.000,0.000,0.000
1,ec.gp.GPIndividual@1595254567{-1075354226},3C_20_80-02.txt,35.738,0.100,3.574,0,0.000,0.00,0.000,0.000,0.000
1,ec.gp.GPIndividual@1595254567{-1075354226},3C_20_80-03.txt,169.439,0.100,16.944,0,0.000,0.00,0.000,0.000,0.000
1,ec.gp.GPIndividual@1691716487{1968273103},3C_20_50-02.txt,61.404,0.100,6.140,2,0.188,3.05,0.094,0.188,0.000
1,ec.gp.GPIndividual@1691716487{1968273103},3C_20_80-02.txt,35.738,0.100,3.574,3,3.625,101.43,1.208,3.328,0.000
1,ec.gp.GPIndividual@1407960652{1576443792},3C_20_50-02.txt,61.404,0.100,6.140,0,0.000,0.00,0.000,0.000,0.000
1,ec.gp.GPIndividual@1407960652{1576443792},3C_20_50-03.txt,30.993,0.100,3.099,0,0.000,0.00,0.000,0.000,0.000
1,ec.gp.GPIndividual@1407960652{1576443792},3C_20_66-01.txt,7.322,0.100,0.732,0,0.000,0.00,0.000,0.000,0.000
1,ec.gp.GPIndividual@1407960652{1576443792},3C_20_66-02.txt,154.245,0.100,15.424,0,0.000,0.00,0.000,0.000,0.000
1,ec.gp.GPIndividual@1407960652{1576443792},3C_20_66-03.txt,118.340,0.100,11.834,0,0.000,0.00,0.000,0.000,0.000
1,ec.gp.GPIndividual@1407960652{1576443792},3C_20_80-01.txt,4.194,0.100,0.419,0,0.000,0.00,0.000,0.000,0.000
1,ec.gp.GPIndividual@1407960652{1576443792},3C_20_80-02.txt,35.738,0.100,3.574,0,0.000,0.00,0.000,0.000,0.000
1,ec.gp.GPIndividual@1407960652{1576443792},3C_20_80-03.txt,169.439,0.100,16.944,0,0.000,0.00,0.000,0.000,0.000
1,ec.gp.GPIndividual@1963940363{674040213},3C_20_50-02.txt,61.404,0.100,6.140,0,0.000,0.00,0.000,0.000,0.000
1,ec.gp.GPIndividual@1963940363{674040213},3C_20_50-03.txt,30.993,0.100,3.099,0,0.000,0.00,0.000,0.000,0.000
1,ec.gp.GPIndividual@1963940363{674040213},3C_20_66-01.txt,7.322,0.100,0.732,0,0.000,0.00,0.000,0.000,0.000
1,ec.gp.GPIndividual@1963940363{674040213},3C_20_66-02.txt,154.245,0.100,15.424,0,0.000,0.00,0.000,0.000,0.000
1,ec.gp.GPIndividual@1963940363{674040213},3C_20_66-03.txt,118.340,0.100,11.834,0,0.000,0.00,0.000,0.000,0.000
1,ec.gp.GPIndividual@1963940363{674040213},3C_20_80-01.txt,4.194,0.100,0.419,0,0.000,0.00,0.000,0.000,0.000
1,ec.gp.GPIndividual@1963940363{674040213},3C_20_80-02.txt,35.738,0.100,3.574,0,0.000,0.00,0.000,0.000,0.000
1,ec.gp.GPIndividual@1963940363{674040213},3C_20_80-03.txt,169.439,0.100,16.944,0,0.000,0.00,0.000,0.000,0.000
1,ec.gp.GPIndividual@930125051{1562192494},3C_20_50-02.txt,61.404,0.100,6.140,0,0.000,0.00,0.000,0.000,0.000
1,ec.gp.GPIndividual@930125051{1562192494},3C_20_50-03.txt,30.993,0.100,3.099,0,0.000,0.00,0.000,0.000,0.000
1,ec.gp.GPIndividual@930125051{1562192494},3C_20_66-01.txt,7.322,0.100,0.732,0,0.000,0.00,0.000,0.000,0.000
1,ec.gp.GPIndividual@930125051{1562192494},3C_20_66-02.txt,154.245,0.100,15.424,0,0.000,0.00,0.000,0.000,0.000
1,ec.gp.GPIndividual@930125051{1562192494},3C_20_66-03.txt,118.340,0.100,11.834,0,0.000,0.00,0.000,0.000,0.000
1,ec.gp.GPIndividual@930125051{1562192494},3C_20_80-01.txt,4.194,0.100,0.419,0,0.000,0.00,0.000,0.000,0.000
1,ec.gp.GPIndividual@930125051{1562192494},3C_20_80-02.txt,35.738,0.100,3.574,0,0.000,0.00,0.000,0.000,0.000
1,ec.gp.GPIndividual@930125051{1562192494},3C_20_80-03.txt,169.439,0.100,16.944,0,0.000,0.00,0.000,0.000,0.000
1,ec.gp.GPIndividual@1977946317{-88771222},3C_20_50-02.txt,61.404,0.100,6.140,0,0.000,0.00,0.000,0.000,0.000
1,ec.gp.GPIndividual@1977946317{-88771222},3C_20_50-03.txt,30.993,0.100,3.099,0,0.000,0.00,0.000,0.000,0.000
1,ec.gp.GPIndividual@1977946317{-88771222},3C_20_66-01.txt,7.322,0.100,0.732,0,0.000,0.00,0.000,0.000,0.000
1,ec.gp.GPIndividual@1977946317{-88771222},3C_20_66-02.txt,154.245,0.100,15.424,0,0.000,0.00,0.000,0.000,0.000
1,ec.gp.GPIndividual@1977946317{-88771222},3C_20_66-03.txt,118.340,0.100,11.834,0,0.000,0.00,0.000,0.000,0.000
1,ec.gp.GPIndividual@1977946317{-88771222},3C_20_80-01.txt,4.194,0.100,0.419,0,0.000,0.00,0.000,0.000,0.000
1,ec.gp.GPIndividual@1977946317{-88771222},3C_20_80-02.txt,35.738,0.100,3.574,0,0.000,0.00,0.000,0.000,0.000
1,ec.gp.GPIndividual@1977946317{-88771222},3C_20_80-03.txt,169.439,0.100,16.944,0,0.000,0.00,0.000,0.000,0.000
1,ec.gp.GPIndividual@571672664{-588835397},3C_20_50-02.txt,61.404,0.100,6.140,1,0.156,2.54,0.156,0.156,0.156
1,ec.gp.GPIndividual@571672664{-588835397},3C_20_50-03.txt,30.993,0.100,3.099,1,1.266,40.84,1.266,1.266,0.156
1,ec.gp.GPIndividual@571672664{-588835397},3C_20_66-01.txt,7.322,0.100,0.732,3,0.484,66.15,0.161,1.266,0.000
1,ec.gp.GPIndividual@571672664{-588835397},3C_20_66-02.txt,154.245,0.100,15.424,2,1.141,7.39,0.570,1.266,0.000
1,ec.gp.GPIndividual@571672664{-588835397},3C_20_66-01.txt,7.322,0.100,0.732,1,0.281,38.41,0.281,1.266,0.000
1,ec.gp.GPIndividual@571672664{-588835397},3C_20_66-02.txt,154.245,0.100,15.424,2,1.047,6.79,0.523,1.266,0.000
1,ec.gp.GPIndividual@571672664{-588835397},3C_20_66-03.txt,118.340,0.100,11.834,2,0.656,5.55,0.328,1.266,0.000
1,ec.gp.GPIndividual@571672664{-588835397},3C_20_66-03.txt,118.340,0.100,11.834,2,3.266,27.60,1.633,1.641,0.000
1,ec.gp.GPIndividual@571672664{-588835397},3C_20_80-01.txt,4.194,0.100,0.419,1,0.219,52.15,0.219,1.641,0.000
1,ec.gp.GPIndividual@571672664{-588835397},3C_20_80-02.txt,35.738,0.100,3.574,1,0.922,25.80,0.922,1.641,0.000
1,ec.gp.GPIndividual@571672664{-588835397},3C_20_80-01.txt,4.194,0.100,0.419,2,0.563,134.10,0.281,1.641,0.000
1,ec.gp.GPIndividual@571672664{-588835397},3C_20_80-03.txt,169.439,0.100,16.944,2,0.469,2.77,0.234,1.641,0.000
1,ec.gp.GPIndividual@571672664{-588835397},3C_20_80-02.txt,35.738,0.100,3.574,3,0.906,25.36,0.302,1.641,0.000
1,ec.gp.GPIndividual@571672664{-588835397},3C_20_80-03.txt,169.439,0.100,16.944,2,1.563,9.22,0.781,1.641,0.000
1,ec.gp.GPIndividual@1385171736{1096608486},3C_20_50-02.txt,61.404,0.100,6.140,0,0.000,0.00,0.000,0.000,0.000
1,ec.gp.GPIndividual@1385171736{1096608486},3C_20_50-03.txt,30.993,0.100,3.099,0,0.000,0.00,0.000,0.000,0.000
1,ec.gp.GPIndividual@1385171736{1096608486},3C_20_66-01.txt,7.322,0.100,0.732,0,0.000,0.00,0.000,0.000,0.000
1,ec.gp.GPIndividual@1385171736{1096608486},3C_20_66-02.txt,154.245,0.100,15.424,0,0.000,0.00,0.000,0.000,0.000
1,ec.gp.GPIndividual@1385171736{1096608486},3C_20_66-03.txt,118.340,0.100,11.834,0,0.000,0.00,0.000,0.000,0.000
1,ec.gp.GPIndividual@1385171736{1096608486},3C_20_80-01.txt,4.194,0.100,0.419,0,0.000,0.00,0.000,0.000,0.000
1,ec.gp.GPIndividual@1385171736{1096608486},3C_20_80-02.txt,35.738,0.100,3.574,0,0.000,0.00,0.000,0.000,0.000
1,ec.gp.GPIndividual@1385171736{1096608486},3C_20_80-03.txt,169.439,0.100,16.944,0,0.000,0.00,0.000,0.000,0.000
1,ec.gp.GPIndividual@1635031805{-952829793},3C_20_50-02.txt,61.404,0.100,6.140,0,0.000,0.00,0.000,0.000,0.000
1,ec.gp.GPIndividual@1635031805{-952829793},3C_20_50-03.txt,30.993,0.100,3.099,0,0.000,0.00,0.000,0.000,0.000
1,ec.gp.GPIndividual@1635031805{-952829793},3C_20_66-01.txt,7.322,0.100,0.732,0,0.000,0.00,0.000,0.000,0.000
1,ec.gp.GPIndividual@1635031805{-952829793},3C_20_66-02.txt,154.245,0.100,15.424,0,0.000,0.00,0.000,0.000,0.000
1,ec.gp.GPIndividual@1635031805{-952829793},3C_20_66-03.txt,118.340,0.100,11.834,0,0.000,0.00,0.000,0.000,0.000
1,ec.gp.GPIndividual@1635031805{-952829793},3C_20_80-01.txt,4.194,0.100,0.419,0,0.000,0.00,0.000,0.000,0.000
1,ec.gp.GPIndividual@1635031805{-952829793},3C_20_80-02.txt,35.738,0.100,3.574,0,0.000,0.00,0.000,0.000,0.000
1,ec.gp.GPIndividual@1635031805{-952829793},3C_20_80-03.txt,169.439,0.100,16.944,0,0.000,0.00,0.000,0.000,0.000
1,ec.gp.GPIndividual@1019907430{-348298996},3C_20_50-02.txt,61.404,0.100,6.140,0,0.000,0.00,0.000,0.000,0.000
1,ec.gp.GPIndividual@1019907430{-348298996},3C_20_50-03.txt,30.993,0.100,3.099,0,0.000,0.00,0.000,0.000,0.000
1,ec.gp.GPIndividual@1019907430{-348298996},3C_20_66-01.txt,7.322,0.100,0.732,0,0.000,0.00,0.000,0.000,0.000
1,ec.gp.GPIndividual@1019907430{-348298996},3C_20_66-02.txt,154.245,0.100,15.424,0,0.000,0.00,0.000,0.000,0.000
1,ec.gp.GPIndividual@1019907430{-348298996},3C_20_66-03.txt,118.340,0.100,11.834,0,0.000,0.00,0.000,0.000,0.000
1,ec.gp.GPIndividual@1019907430{-348298996},3C_20_80-01.txt,4.194,0.100,0.419,0,0.000,0.00,0.000,0.000,0.000
1,ec.gp.GPIndividual@1019907430{-348298996},3C_20_80-02.txt,35.738,0.100,3.574,0,0.000,0.00,0.000,0.000,0.000
1,ec.gp.GPIndividual@1019907430{-348298996},3C_20_80-03.txt,169.439,0.100,16.944,0,0.000,0.00,0.000,0.000,0.000
2,ec.gp.GPIndividual@1472920684{-1621410174},3C_20_50-02.txt,61.404,0.100,6.140,0,0.000,0.00,0.000,0.000,0.000
2,ec.gp.GPIndividual@1472920684{-1621410174},3C_20_50-02.txt,61.404,0.100,6.140,0,0.000,0.00,0.000,0.000,0.000
2,ec.gp.GPIndividual@1472920684{-1621410174},3C_20_50-03.txt,30.993,0.100,3.099,0,0.000,0.00,0.000,0.000,0.000
2,ec.gp.GPIndividual@1472920684{-1621410174},3C_20_50-03.txt,30.993,0.100,3.099,0,0.000,0.00,0.000,0.000,0.000
2,ec.gp.GPIndividual@1472920684{-1621410174},3C_20_50-03.txt,30.993,0.100,3.099,0,0.000,0.00,0.000,0.000,0.000
2,ec.gp.GPIndividual@1472920684{-1621410174},3C_20_50-03.txt,30.993,0.100,3.099,0,0.000,0.00,0.000,0.000,0.000
2,ec.gp.GPIndividual@1472920684{-1621410174},3C_20_50-03.txt,30.993,0.100,3.099,0,0.000,0.00,0.000,0.000,0.000
2,ec.gp.GPIndividual@1472920684{-1621410174},3C_20_66-02.txt,154.245,0.100,15.424,0,0.000,0.00,0.000,0.000,0.000
2,ec.gp.GPIndividual@1472920684{-1621410174},3C_20_66-02.txt,154.245,0.100,15.424,0,0.000,0.00,0.000,0.000,0.000
2,ec.gp.GPIndividual@1472920684{-1621410174},3C_20_66-01.txt,7.322,0.100,0.732,0,0.000,0.00,0.000,0.000,0.000
2,ec.gp.GPIndividual@1472920684{-1621410174},3C_20_66-01.txt,7.322,0.100,0.732,0,0.000,0.00,0.000,0.000,0.000
2,ec.gp.GPIndividual@1472920684{-1621410174},3C_20_66-03.txt,118.340,0.100,11.834,0,0.000,0.00,0.000,0.000,0.000
2,ec.gp.GPIndividual@1472920684{-1621410174},3C_20_66-03.txt,118.340,0.100,11.834,0,0.000,0.00,0.000,0.000,0.000
2,ec.gp.GPIndividual@1472920684{-1621410174},3C_20_66-03.txt,118.340,0.100,11.834,0,0.000,0.00,0.000,0.000,0.000
2,ec.gp.GPIndividual@1472920684{-1621410174},3C_20_80-01.txt,4.194,0.100,0.419,0,0.000,0.00,0.000,0.000,0.000
2,ec.gp.GPIndividual@1472920684{-1621410174},3C_20_80-03.txt,169.439,0.100,16.944,0,0.000,0.00,0.000,0.000,0.000
2,ec.gp.GPIndividual@1472920684{-1621410174},3C_20_80-02.txt,35.738,0.100,3.574,0,0.000,0.00,0.000,0.000,0.000
2,ec.gp.GPIndividual@1472920684{-1621410174},3C_20_80-02.txt,35.738,0.100,3.574,0,0.000,0.00,0.000,0.000,0.000
2,ec.gp.GPIndividual@1472920684{-1621410174},3C_20_80-02.txt,35.738,0.100,3.574,0,0.000,0.00,0.000,0.000,0.000
2,ec.gp.GPIndividual@1988292417{1485801015},3C_20_50-02.txt,61.404,0.100,6.140,1,0.000,0.00,0.000,0.000,0.000
2,ec.gp.GPIndividual@1988292417{1485801015},3C_20_80-01.txt,4.194,0.100,0.419,0,0.000,0.00,0.000,0.000,0.000
2,ec.gp.GPIndividual@1988292417{1485801015},3C_20_80-01.txt,4.194,0.100,0.419,0,0.000,0.00,0.000,0.000,0.000
2,ec.gp.GPIndividual@1421545576{1158964286},3C_20_50-02.txt,61.404,0.100,6.140,0,0.000,0.00,0.000,0.000,0.000
2,ec.gp.GPIndividual@1421545576{1158964286},3C_20_80-03.txt,169.439,0.100,16.944,0,0.000,0.00,0.000,0.000,0.000
2,ec.gp.GPIndividual@1268748445{557967289},3C_20_50-02.txt,61.404,0.100,6.140,1,0.313,5.09,0.313,0.313,0.313
2,ec.gp.GPIndividual@1268748445{557967289},3C_20_50-03.txt,30.993,0.100,3.099,1,0.313,10.08,0.313,0.313,0.313
2,ec.gp.GPIndividual@1268748445{557967289},3C_20_50-03.txt,30.993,0.100,3.099,1,0.313,10.08,0.313,0.313,0.313
2,ec.gp.GPIndividual@1268748445{557967289},3C_20_50-03.txt,30.993,0.100,3.099,3,0.938,30.25,0.313,0.313,0.313
2,ec.gp.GPIndividual@1268748445{557967289},3C_20_50-03.txt,30.993,0.100,3.099,1,1.125,36.30,1.125,1.125,0.313
2,ec.gp.GPIndividual@1268748445{557967289},3C_20_50-03.txt,30.993,0.100,3.099,3,2.406,77.64,0.802,1.281,0.000
2,ec.gp.GPIndividual@1268748445{557967289},3C_20_66-01.txt,7.322,0.100,0.732,1,1.281,174.98,1.281,1.281,0.000
2,ec.gp.GPIndividual@1268748445{557967289},3C_20_66-01.txt,7.322,0.100,0.732,1,1.281,174.98,1.281,1.281,0.000
2,ec.gp.GPIndividual@1268748445{557967289},3C_20_66-01.txt,7.322,0.100,0.732,1,1.344,183.52,1.344,1.344,0.000
2,ec.gp.GPIndividual@1268748445{557967289},3C_20_66-01.txt,7.322,0.100,0.732,2,0.813,110.96,0.406,1.344,0.000
2,ec.gp.GPIndividual@1268748445{557967289},3C_20_66-02.txt,154.245,0.100,15.424,1,0.469,3.04,0.469,1.344,0.000
2,ec.gp.GPIndividual@1268748445{557967289},3C_20_66-02.txt,154.245,0.100,15.424,1,0.469,3.04,0.469,1.344,0.000
2,ec.gp.GPIndividual@1268748445{557967289},3C_20_66-02.txt,154.245,0.100,15.424,0,0.000,0.00,0.000,1.344,0.000
2,ec.gp.GPIndividual@1268748445{557967289},3C_20_66-02.txt,154.245,0.100,15.424,1,0.922,5.98,0.922,1.344,0.000
2,ec.gp.GPIndividual@1268748445{557967289},3C_20_50-03.txt,30.993,0.100,3.099,3,2.000,64.53,0.667,1.344,0.000
2,ec.gp.GPIndividual@1268748445{557967289},3C_20_66-01.txt,7.322,0.100,0.732,1,1.250,170.71,1.250,1.344,0.000
2,ec.gp.GPIndividual@1268748445{557967289},3C_20_66-01.txt,7.322,0.100,0.732,2,1.547,211.26,0.773,1.547,0.000
2,ec.gp.GPIndividual@1268748445{557967289},3C_20_66-03.txt,118.340,0.100,11.834,1,1.547,13.07,1.547,1.547,0.000
2,ec.gp.GPIndividual@1268748445{557967289},3C_20_66-03.txt,118.340,0.100,11.834,2,2.219,18.75,1.109,1.797,0.000
2,ec.gp.GPIndividual@1268748445{557967289},3C_20_66-03.txt,118.340,0.100,11.834,2,2.688,22.71,1.344,2.281,0.000
2,ec.gp.GPIndividual@1268748445{557967289},3C_20_66-03.txt,118.340,0.100,11.834,1,0.813,6.87,0.813,2.281,0.000
2,ec.gp.GPIndividual@1268748445{557967289},3C_20_66-02.txt,154.245,0.100,15.424,4,6.688,43.36,1.672,2.734,0.000
2,ec.gp.GPIndividual@1268748445{557967289},3C_20_66-02.txt,154.245,0.100,15.424,2,4.109,26.64,2.055,4.109,0.000
2,ec.gp.GPIndividual@1268748445{557967289},3C_20_80-01.txt,4.194,0.100,0.419,2,5.141,1225.57,2.570,4.828,0.000
2,ec.gp.GPIndividual@1268748445{557967289},3C_20_80-01.txt,4.194,0.100,0.419,0,0.000,0.00,0.000,4.828,0.000
2,ec.gp.GPIndividual@1268748445{557967289},3C_20_80-02.txt,35.738,0.100,3.574,1,4.734,132.47,4.734,4.828,0.000
2,ec.gp.GPIndividual@1268748445{557967289},3C_20_80-01.txt,4.194,0.100,0.419,1,1.172,279.38,1.172,4.828,0.000
2,ec.gp.GPIndividual@1268748445{557967289},3C_20_66-03.txt,118.340,0.100,11.834,1,0.281,2.38,0.281,4.828,0.000
2,ec.gp.GPIndividual@1268748445{557967289},3C_20_80-02.txt,35.738,0.100,3.574,1,0.281,7.87,0.281,4.828,0.000
2,ec.gp.GPIndividual@1268748445{557967289},3C_20_80-02.txt,35.738,0.100,3.574,1,4.891,136.85,4.891,4.891,0.000
2,ec.gp.GPIndividual@1268748445{557967289},3C_20_80-01.txt,4.194,0.100,0.419,1,0.172,40.98,0.172,4.891,0.000
2,ec.gp.GPIndividual@1268748445{557967289},3C_20_80-02.txt,35.738,0.100,3.574,1,1.313,36.73,1.313,4.891,0.000
2,ec.gp.GPIndividual@1268748445{557967289},3C_20_80-03.txt,169.439,0.100,16.944,1,1.563,9.22,1.563,4.891,0.000
2,ec.gp.GPIndividual@1268748445{557967289},3C_20_80-03.txt,169.439,0.100,16.944,1,1.563,9.22,1.563,4.891,0.000
2,ec.gp.GPIndividual@1268748445{557967289},3C_20_80-03.txt,169.439,0.100,16.944,2,3.875,22.87,1.938,4.891,0.000
2,ec.gp.GPIndividual@1268748445{557967289},3C_20_80-03.txt,169.439,0.100,16.944,4,8.984,53.02,2.246,4.891,0.000
2,ec.gp.GPIndividual@1268748445{557967289},3C_20_66-03.txt,118.340,0.100,11.834,2,5.422,45.82,2.711,5.422,0.000
2,ec.gp.GPIndividual@1547070698{1498742568},3C_20_50-02.txt,61.404,0.100,6.140,1,0.359,5.85,0.359,0.359,0.359
2,ec.gp.GPIndividual@1547070698{1498742568},3C_20_50-03.txt,30.993,0.100,3.099,1,1.297,41.84,1.297,1.297,0.359
2,ec.gp.GPIndividual@1547070698{1498742568},3C_20_66-01.txt,7.322,0.100,0.732,1,6.703,915.45,6.703,6.703,0.359
2,ec.gp.GPIndividual@684020688{-1715479628},3C_20_50-02.txt,61.404,0.100,6.140,0,0.000,0.00,0.000,0.000,0.000
2,ec.gp.GPIndividual@684020688{-1715479628},3C_20_50-03.txt,30.993,0.100,3.099,0,0.000,0.00,0.000,0.000,0.000
2,ec.gp.GPIndividual@684020688{-1715479628},3C_20_66-01.txt,7.322,0.100,0.732,0,0.000,0.00,0.000,0.000,0.000
2,ec.gp.GPIndividual@684020688{-1715479628},3C_20_66-02.txt,154.245,0.100,15.424,0,0.000,0.00,0.000,0.000,0.000
2,ec.gp.GPIndividual@684020688{-1715479628},3C_20_66-03.txt,118.340,0.100,11.834,0,0.000,0.00,0.000,0.000,0.000
2,ec.gp.GPIndividual@684020688{-1715479628},3C_20_80-01.txt,4.194,0.100,0.419,0,0.000,0.00,0.000,0.000,0.000
2,ec.gp.GPIndividual@684020688{-1715479628},3C_20_80-02.txt,35.738,0.100,3.574,0,0.000,0.00,0.000,0.000,0.000
2,ec.gp.GPIndividual@684020688{-1715479628},3C_20_80-03.txt,169.439,0.100,16.944,0,0.000,0.00,0.000,0.000,0.000
2,ec.gp.GPIndividual@1970841106{679109377},3C_20_50-02.txt,61.404,0.100,6.140,1,6.859,111.71,6.859,6.859,6.859
2,ec.gp.GPIndividual@1917734934{-576025441},3C_20_50-02.txt,61.404,0.100,6.140,1,0.000,0.00,0.000,0.000,0.000
2,ec.gp.GPIndividual@1917734934{-576025441},3C_20_50-03.txt,30.993,0.100,3.099,1,0.313,10.08,0.313,0.313,0.000
2,ec.gp.GPIndividual@1917734934{-576025441},3C_20_66-02.txt,154.245,0.100,15.424,0,0.000,0.00,0.000,0.313,0.000
2,ec.gp.GPIndividual@1917734934{-576025441},3C_20_66-01.txt,7.322,0.100,0.732,1,6.328,864.24,6.328,6.328,0.000
2,ec.gp.GPIndividual@2053968873{-1956670461},3C_20_50-02.txt,61.404,0.100,6.140,0,0.000,0.00,0.000,0.000,0.000
2,ec.gp.GPIndividual@2053968873{-1956670461},3C_20_50-03.txt,30.993,0.100,3.099,0,0.000,0.00,0.000,0.000,0.000
2,ec.gp.GPIndividual@2053968873{-1956670461},3C_20_66-01.txt,7.322,0.100,0.732,0,0.000,0.00,0.000,0.000,0.000
2,ec.gp.GPIndividual@2053968873{-1956670461},3C_20_66-02.txt,154.245,0.100,15.424,0,0.000,0.00,0.000,0.000,0.000
2,ec.gp.GPIndividual@2053968873{-1956670461},3C_20_66-03.txt,118.340,0.100,11.834,0,0.000,0.00,0.000,0.000,0.000
2,ec.gp.GPIndividual@2053968873{-1956670461},3C_20_80-01.txt,4.194,0.100,0.419,0,0.000,0.00,0.000,0.000,0.000
2,ec.gp.GPIndividual@2053968873{-1956670461},3C_20_80-02.txt,35.738,0.100,3.574,0,0.000,0.00,0.000,0.000,0.000
2,ec.gp.GPIndividual@2053968873{-1956670461},3C_20_80-03.txt,169.439,0.100,16.944,0,0.000,0.00,0.000,0.000,0.000
2,ec.gp.GPIndividual@227668209{-726652673},3C_20_50-02.txt,61.404,0.100,6.140,2,3.953,64.38,1.977,3.953,0.000
2,ec.gp.GPIndividual@227668209{-726652673},3C_20_80-01.txt,4.194,0.100,0.419,0,0.000,0.00,0.000,3.953,0.000
2,ec.gp.GPIndividual@227668209{-726652673},3C_20_66-02.txt,154.245,0.100,15.424,0,0.000,0.00,0.000,3.953,0.000
2,ec.gp.GPIndividual@227668209{-726652673},3C_20_66-03.txt,118.340,0.100,11.834,1,0.406,3.43,0.406,3.953,0.000
2,ec.gp.GPIndividual@227668209{-726652673},3C_20_80-01.txt,4.194,0.100,0.419,0,0.000,0.00,0.000,3.953,0.000
2,ec.gp.GPIndividual@227668209{-726652673},3C_20_80-02.txt,35.738,0.100,3.574,2,0.672,18.80,0.336,3.953,0.000
2,ec.gp.GPIndividual@227668209{-726652673},3C_20_80-03.txt,169.439,0.100,16.944,0,0.000,0.00,0.000,3.953,0.000
2,ec.gp.GPIndividual@2124043791{574090823},3C_20_50-02.txt,61.404,0.100,6.140,1,0.531,8.65,0.531,0.531,0.531
2,ec.gp.GPIndividual@2124043791{574090823},3C_20_50-03.txt,30.993,0.100,3.099,1,1.391,44.87,1.391,1.391,0.531
2,ec.gp.GPIndividual@2124043791{574090823},3C_20_66-03.txt,118.340,0.100,11.834,1,1.000,8.45,1.000,1.391,0.531
2,ec.gp.GPIndividual@2124043791{574090823},3C_20_80-02.txt,35.738,0.100,3.574,3,2.953,82.63,0.984,1.625,0.000
2,ec.gp.GPIndividual@2124043791{574090823},3C_20_50-03.txt,30.993,0.100,3.099,2,1.344,43.36,0.672,1.625,0.000
2,ec.gp.GPIndividual@2124043791{574090823},3C_20_66-01.txt,7.322,0.100,0.732,1,4.875,665.78,4.875,4.875,0.000
2,ec.gp.GPIndividual@2124043791{574090823},3C_20_80-01.txt,4.194,0.100,0.419,3,1.344,320.36,0.448,4.875,0.000
2,ec.gp.GPIndividual@2124043791{574090823},3C_20_66-02.txt,154.245,0.100,15.424,0,0.000,0.00,0.000,4.875,0.000
2,ec.gp.GPIndividual@2124043791{574090823},3C_20_50-03.txt,30.993,0.100,3.099,4,3.234,104.36,0.809,4.875,0.000
2,ec.gp.GPIndividual@2124043791{574090823},3C_20_66-01.txt,7.322,0.100,0.732,3,0.844,115.23,0.281,4.875,0.000
2,ec.gp.GPIndividual@2124043791{574090823},3C_20_80-03.txt,169.439,0.100,16.944,3,3.203,18.90,1.068,4.875,0.000
2,ec.gp.GPIndividual@2124043791{574090823},3C_20_66-02.txt,154.245,0.100,15.424,2,2.234,14.49,1.117,4.875,0.000
2,ec.gp.GPIndividual@2124043791{574090823},3C_20_66-03.txt,118.340,0.100,11.834,2,6.047,51.10,3.023,4.875,0.000
2,ec.gp.GPIndividual@2124043791{574090823},3C_20_80-01.txt,4.194,0.100,0.419,1,0.172,40.98,0.172,4.875,0.000
2,ec.gp.GPIndividual@2124043791{574090823},3C_20_80-02.txt,35.738,0.100,3.574,2,3.969,111.05,1.984,4.875,0.000
2,ec.gp.GPIndividual@2124043791{574090823},3C_20_80-03.txt,169.439,0.100,16.944,1,0.531,3.14,0.531,4.875,0.000
2,ec.gp.GPIndividual@2124043791{574090823},3C_20_66-03.txt,118.340,0.100,11.834,3,7.875,66.55,2.625,4.875,0.000
2,ec.gp.GPIndividual@2124043791{574090823},3C_20_80-02.txt,35.738,0.100,3.574,2,6.031,168.76,3.016,6.031,0.000
2,ec.gp.GPIndividual@299748208{639407829},3C_20_50-02.txt,61.404,0.100,6.140,0,0.000,0.00,0.000,0.000,0.000
2,ec.gp.GPIndividual@299748208{639407829},3C_20_50-03.txt,30.993,0.100,3.099,0,0.000,0.00,0.000,0.000,0.000
2,ec.gp.GPIndividual@299748208{639407829},3C_20_66-01.txt,7.322,0.100,0.732,0,0.000,0.00,0.000,0.000,0.000
2,ec.gp.GPIndividual@299748208{639407829},3C_20_66-02.txt,154.245,0.100,15.424,0,0.000,0.00,0.000,0.000,0.000
2,ec.gp.GPIndividual@299748208{639407829},3C_20_66-03.txt,118.340,0.100,11.834,0,0.000,0.00,0.000,0.000,0.000
2,ec.gp.GPIndividual@299748208{639407829},3C_20_80-01.txt,4.194,0.100,0.419,0,0.000,0.00,0.000,0.000,0.000
2,ec.gp.GPIndividual@299748208{639407829},3C_20_80-02.txt,35.738,0.100,3.574,0,0.000,0.00,0.000,0.000,0.000
2,ec.gp.GPIndividual@299748208{639407829},3C_20_80-03.txt,169.439,0.100,16.944,0,0.000,0.00,0.000,0.000,0.000
2,ec.gp.GPIndividual@2039793040{1773409104},3C_20_50-02.txt,61.404,0.100,6.140,1,4.828,78.63,4.828,4.828,4.828
2,ec.gp.GPIndividual@2039793040{1773409104},3C_20_80-01.txt,4.194,0.100,0.419,1,0.500,119.20,0.500,4.828,0.500
2,ec.gp.GPIndividual@2039793040{1773409104},3C_20_50-03.txt,30.993,0.100,3.099,1,0.313,10.08,0.313,4.828,0.313
2,ec.gp.GPIndividual@2039793040{1773409104},3C_20_80-02.txt,35.738,0.100,3.574,2,4.688,131.16,2.344,4.828,0.313
2,ec.gp.GPIndividual@2039793040{1773409104},3C_20_66-01.txt,7.322,0.100,0.732,2,0.906,123.77,0.453,4.828,0.000
2,ec.gp.GPIndividual@2039793040{1773409104},3C_20_80-03.txt,169.439,0.100,16.944,2,1.406,8.30,0.703,4.828,0.000
2,ec.gp.GPIndividual@2039793040{1773409104},3C_20_66-01.txt,7.322,0.100,0.732,2,1.844,251.80,0.922,4.828,0.000
2,ec.gp.GPIndividual@2039793040{1773409104},3C_20_80-03.txt,169.439,0.100,16.944,3,0.734,4.33,0.245,4.828,0.000
2,ec.gp.GPIndividual@2039793040{1773409104},3C_20_66-02.txt,154.245,0.100,15.424,2,5.672,36.77,2.836,4.828,0.000
2,ec.gp.GPIndividual@2039793040{1773409104},3C_20_66-02.txt,154.245,0.100,15.424,2,6.063,39.30,3.031,6.063,0.000
2,ec.gp.GPIndividual@2000653825{-214219211},3C_20_50-02.txt,61.404,0.100,6.140,3,3.000,48.86,1.000,2.469,0.000
2,ec.gp.GPIndividual@2000653825{-214219211},3C_20_66-03.txt,118.340,0.100,11.834,4,9.688,81.86,2.422,4.297,0.000
2,ec.gp.GPIndividual@2000653825{-214219211},3C_20_80-01.txt,4.194,0.100,0.419,3,0.344,81.95,0.115,4.297,0.000
2,ec.gp.GPIndividual@2000653825{-214219211},3C_20_80-02.txt,35.738,0.100,3.574,2,5.953,166.58,2.977,5.953,0.000
2,ec.gp.GPIndividual@2077658747{1476370862},3C_20_50-02.txt,61.404,0.100,6.140,1,6.000,97.71,6.000,6.000,6.000
2,ec.gp.GPIndividual@1236679225{-987408870},3C_20_50-02.txt,61.404,0.100,6.140,0,0.000,0.00,0.000,0.000,0.000
2,ec.gp.GPIndividual@1236679225{-987408870},3C_20_50-03.txt,30.993,0.100,3.099,0,0.000,0.00,0.000,0.000,0.000
2,ec.gp.GPIndividual@1236679225{-987408870},3C_20_66-01.txt,7.322,0.100,0.732,0,0.000,0.00,0.000,0.000,0.000
2,ec.gp.GPIndividual@1236679225{-987408870},3C_20_66-02.txt,154.245,0.100,15.424,0,0.000,0.00,0.000,0.000,0.000
2,ec.gp.GPIndividual@1236679225{-987408870},3C_20_66-03.txt,118.340,0.100,11.834,0,0.000,0.00,0.000,0.000,0.000
2,ec.gp.GPIndividual@1236679225{-987408870},3C_20_80-01.txt,4.194,0.100,0.419,0,0.000,0.00,0.000,0.000,0.000
2,ec.gp.GPIndividual@1236679225{-987408870},3C_20_80-02.txt,35.738,0.100,3.574,0,0.000,0.00,0.000,0.000,0.000
2,ec.gp.GPIndividual@1236679225{-987408870},3C_20_80-03.txt,169.439,0.100,16.944,0,0.000,0.00,0.000,0.000,0.000
2,ec.gp.GPIndividual@1265613580{664513076},3C_20_50-02.txt,61.404,0.100,6.140,0,0.000,0.00,0.000,0.000,0.000
2,ec.gp.GPIndividual@1265613580{664513076},3C_20_50-03.txt,30.993,0.100,3.099,0,0.000,0.00,0.000,0.000,0.000
2,ec.gp.GPIndividual@1265613580{664513076},3C_20_66-01.txt,7.322,0.100,0.732,0,0.000,0.00,0.000,0.000,0.000
2,ec.gp.GPIndividual@1265613580{664513076},3C_20_66-02.txt,154.245,0.100,15.424,0,0.000,0.00,0.000,0.000,0.000
2,ec.gp.GPIndividual@1265613580{664513076},3C_20_66-03.txt,118.340,0.100,11.834,0,0.000,0.00,0.000,0.000,0.000
2,ec.gp.GPIndividual@1265613580{664513076},3C_20_80-01.txt,4.194,0.100,0.419,0,0.000,0.00,0.000,0.000,0.000
2,ec.gp.GPIndividual@1265613580{664513076},3C_20_80-02.txt,35.738,0.100,3.574,0,0.000,0.00,0.000,0.000,0.000
2,ec.gp.GPIndividual@1265613580{664513076},3C_20_80-03.txt,169.439,0.100,16.944,0,0.000,0.00,0.000,0.000,0.000
2,ec.gp.GPIndividual@1644485205{-5934579},3C_20_50-02.txt,61.404,0.100,6.140,1,3.609,58.78,3.609,3.609,3.609
2,ec.gp.GPIndividual@1644485205{-5934579},3C_20_80-01.txt,4.194,0.100,0.419,1,0.406,96.85,0.406,3.609,0.406
2,ec.gp.GPIndividual@1644485205{-5934579},3C_20_50-03.txt,30.993,0.100,3.099,1,0.250,8.07,0.250,3.609,0.250
2,ec.gp.GPIndividual@1644485205{-5934579},3C_20_80-02.txt,35.738,0.100,3.574,2,6.141,171.82,3.070,4.578,0.250
2,ec.gp.GPIndividual@1954962440{-263214501},3C_20_50-02.txt,61.404,0.100,6.140,6,7.000,114.00,1.167,3.469,0.000
2,ec.gp.GPIndividual@1954962440{-263214501},3C_20_80-01.txt,4.194,0.100,0.419,1,0.328,78.23,0.328,3.469,0.000
2,ec.gp.GPIndividual@1954962440{-263214501},3C_20_80-02.txt,35.738,0.100,3.574,2,7.219,201.99,3.609,5.828,0.000
2,ec.gp.GPIndividual@1954962440{-263214501},3C_20_80-01.txt,4.194,0.100,0.419,2,0.891,212.33,0.445,5.828,0.000
2,ec.gp.GPIndividual@1954962440{-263214501},3C_20_66-03.txt,118.340,0.100,11.834,4,1.609,13.60,0.402,5.828,0.000
2,ec.gp.GPIndividual@1954962440{-263214501},3C_20_50-03.txt,30.993,0.100,3.099,2,1.125,36.30,0.563,5.828,0.000
2,ec.gp.GPIndividual@1954962440{-263214501},3C_20_80-03.txt,169.439,0.100,16.944,4,7.531,44.45,1.883,5.828,0.000
2,ec.gp.GPIndividual@1954962440{-263214501},3C_20_80-02.txt,35.738,0.100,3.574,3,6.172,172.70,2.057,5.828,0.000
2,ec.gp.GPIndividual@1269112986{1880235838},3C_20_50-02.txt,61.404,0.100,6.140,1,0.203,3.31,0.203,0.203,0.203
2,ec.gp.GPIndividual@1269112986{1880235838},3C_20_50-03.txt,30.993,0.100,3.099,3,3.609,116.46,1.203,1.938,0.203
2,ec.gp.GPIndividual@1269112986{1880235838},3C_20_80-01.txt,4.194,0.100,0.419,5,0.438,104.30,0.088,1.938,0.000
2,ec.gp.GPIndividual@1269112986{1880235838},3C_20_80-02.txt,35.738,0.100,3.574,3,1.266,35.41,0.422,1.938,0.000
2,ec.gp.GPIndividual@1269112986{1880235838},3C_20_66-01.txt,7.322,0.100,0.732,3,1.609,219.79,0.536,1.938,0.000
2,ec.gp.GPIndividual@1269112986{1880235838},3C_20_66-01.txt,7.322,0.100,0.732,3,0.484,66.15,0.161,1.938,0.000
2,ec.gp.GPIndividual@1269112986{1880235838},3C_20_66-02.txt,154.245,0.100,15.424,2,1.031,6.69,0.516,1.938,0.000
2,ec.gp.GPIndividual@1269112986{1880235838},3C_20_66-02.txt,154.245,0.100,15.424,3,1.813,11.75,0.604,1.938,0.000
2,ec.gp.GPIndividual@1269112986{1880235838},3C_20_80-03.txt,169.439,0.100,16.944,3,2.016,11.90,0.672,1.938,0.000
2,ec.gp.GPIndividual@1269112986{1880235838},3C_20_66-03.txt,118.340,0.100,11.834,4,3.703,31.29,0.926,1.938,0.000
2,ec.gp.GPIndividual@1269112986{1880235838},3C_20_80-03.txt,169.439,0.100,16.944,3,1.500,8.85,0.500,1.938,0.000
2,ec.gp.GPIndividual@1269112986{1880235838},3C_20_66-03.txt,118.340,0.100,11.834,3,6.703,56.64,2.234,3.375,0.000
2,ec.gp.GPIndividual@1269112986{1880235838},3C_20_80-01.txt,4.194,0.100,0.419,1,0.219,52.15,0.219,3.375,0.000
2,ec.gp.GPIndividual@1269112986{1880235838},3C_20_80-02.txt,35.738,0.100,3.574,4,4.688,131.16,1.172,3.375,0.000
2,ec.gp.GPIndividual@1269112986{1880235838},3C_20_80-03.txt,169.439,0.100,16.944,1,0.094,0.55,0.094,3.375,0.000
2,ec.gp.GPIndividual@1065269970{-1231218994},3C_20_50-02.txt,61.404,0.100,6.140,2,0.234,3.82,0.117,0.234,0.000
2,ec.gp.GPIndividual@1065269970{-1231218994},3C_20_50-03.txt,30.993,0.100,3.099,2,3.453,111.42,1.727,3.453,0.000
2,ec.gp.GPIndividual@2144289531{1901642890},3C_20_50-02.txt,61.404,0.100,6.140,2,4.969,80.92,2.484,3.672,1.297
2,ec.gp.GPIndividual@2144289531{1901642890},3C_20_66-01.txt,7.322,0.100,0.732,2,0.203,27.74,0.102,3.672,0.000
2,ec.gp.GPIndividual@2144289531{1901642890},3C_20_50-03.txt,30.993,0.100,3.099,1,0.297,9.58,0.297,3.672,0.000
2,ec.gp.GPIndividual@2144289531{1901642890},3C_20_66-02.txt,154.245,0.100,15.424,4,2.297,14.89,0.574,3.672,0.000
2,ec.gp.GPIndividual@2144289531{1901642890},3C_20_66-01.txt,7.322,0.100,0.732,1,0.359,49.08,0.359,3.672,0.000
2,ec.gp.GPIndividual@2144289531{1901642890},3C_20_66-02.txt,154.245,0.100,15.424,1,1.453,9.42,1.453,3.672,0.000
2,ec.gp.GPIndividual@2144289531{1901642890},3C_20_66-03.txt,118.340,0.100,11.834,2,3.484,29.44,1.742,3.672,0.000
2,ec.gp.GPIndividual@940052139{1888431771},3C_20_50-02.txt,61.404,0.100,6.140,0,0.000,0.00,0.000,0.000,0.000
2,ec.gp.GPIndividual@940052139{1888431771},3C_20_50-03.txt,30.993,0.100,3.099,0,0.000,0.00,0.000,0.000,0.000
2,ec.gp.GPIndividual@940052139{1888431771},3C_20_66-01.txt,7.322,0.100,0.732,0,0.000,0.00,0.000,0.000,0.000
2,ec.gp.GPIndividual@940052139{1888431771},3C_20_66-02.txt,154.245,0.100,15.424,0,0.000,0.00,0.000,0.000,0.000
2,ec.gp.GPIndividual@940052139{1888431771},3C_20_66-03.txt,118.340,0.100,11.834,0,0.000,0.00,0.000,0.000,0.000
2,ec.gp.GPIndividual@940052139{1888431771},3C_20_80-01.txt,4.194,0.100,0.419,0,0.000,0.00,0.000,0.000,0.000
2,ec.gp.GPIndividual@940052139{1888431771},3C_20_80-02.txt,35.738,0.100,3.574,0,0.000,0.00,0.000,0.000,0.000
2,ec.gp.GPIndividual@940052139{1888431771},3C_20_80-03.txt,169.439,0.100,16.944,0,0.000,0.00,0.000,0.000,0.000
2,ec.gp.GPIndividual@952514396{1663654269},3C_20_50-02.txt,61.404,0.100,6.140,2,1.234,20.10,0.617,0.906,0.328
2,ec.gp.GPIndividual@952514396{1663654269},3C_20_66-03.txt,118.340,0.100,11.834,1,1.859,15.71,1.859,1.859,0.328
2,ec.gp.GPIndividual@952514396{1663654269},3C_20_80-01.txt,4.194,0.100,0.419,5,1.250,298.01,0.250,1.859,0.000
2,ec.gp.GPIndividual@952514396{1663654269},3C_20_50-03.txt,30.993,0.100,3.099,1,0.109,3.53,0.109,1.859,0.000
2,ec.gp.GPIndividual@952514396{1663654269},3C_20_80-02.txt,35.738,0.100,3.574,6,3.641,101.87,0.607,1.859,0.000
2,ec.gp.GPIndividual@952514396{1663654269},3C_20_80-03.txt,169.439,0.100,16.944,2,0.344,2.03,0.172,1.859,0.000
2,ec.gp.GPIndividual@952514396{1663654269},3C_20_66-01.txt,7.322,0.100,0.732,1,3.516,480.13,3.516,3.516,0.000
2,ec.gp.GPIndividual@952514396{1663654269},3C_20_80-01.txt,4.194,0.100,0.419,2,2.906,692.87,1.453,3.516,0.000
2,ec.gp.GPIndividual@952514396{1663654269},3C_20_80-01.txt,4.194,0.100,0.419,1,0.219,52.15,0.219,3.516,0.000
2,ec.gp.GPIndividual@952514396{1663654269},3C_20_80-02.txt,35.738,0.100,3.574,3,0.500,13.99,0.167,3.516,0.000
2,ec.gp.GPIndividual@952514396{1663654269},3C_20_80-02.txt,35.738,0.100,3.574,2,1.516,42.41,0.758,3.516,0.000
2,ec.gp.GPIndividual@952514396{1663654269},3C_20_80-03.txt,169.439,0.100,16.944,1,1.156,6.82,1.156,3.516,0.000
2,ec.gp.GPIndividual@952514396{1663654269},3C_20_80-03.txt,169.439,0.100,16.944,3,1.813,10.70,0.604,3.516,0.000
2,ec.gp.GPIndividual@952514396{1663654269},3C_20_66-02.txt,154.245,0.100,15.424,4,8.969,58.15,2.242,3.516,0.000
2,ec.gp.GPIndividual@1062672589{1484474562},3C_20_50-02.txt,61.404,0.100,6.140,1,0.328,5.34,0.328,0.328,0.328
2,ec.gp.GPIndividual@1062672589{1484474562},3C_20_50-03.txt,30.993,0.100,3.099,1,4.172,134.61,4.172,4.172,0.328
2,ec.gp.GPIndividual@522486655{833096055},3C_20_50-02.txt,61.404,0.100,6.140,4,2.344,38.17,0.586,1.266,0.000
2,ec.gp.GPIndividual@522486655{833096055},3C_20_66-01.txt,7.322,0.100,0.732,1,0.938,128.04,0.938,1.266,0.000
2,ec.gp.GPIndividual@522486655{833096055},3C_20_66-03.txt,118.340,0.100,11.834,2,1.234,10.43,0.617,1.266,0.000
2,ec.gp.GPIndividual@522486655{833096055},3C_20_66-02.txt,154.245,0.100,15.424,3,6.313,40.93,2.104,4.781,0.000
2,ec.gp.GPIndividual@522486655{833096055},3C_20_50-03.txt,30.993,0.100,3.099,2,1.438,46.38,0.719,4.781,0.000
2,ec.gp.GPIndividual@522486655{833096055},3C_20_66-03.txt,118.340,0.100,11.834,3,8.266,69.85,2.755,4.781,0.000
2,ec.gp.GPIndividual@522486655{833096055},3C_20_80-01.txt,4.194,0.100,0.419,1,2.438,581.12,2.438,4.781,0.000
2,ec.gp.GPIndividual@522486655{833096055},3C_20_66-01.txt,7.322,0.100,0.732,2,0.328,44.81,0.164,4.781,0.000
2,ec.gp.GPIndividual@522486655{833096055},3C_20_80-02.txt,35.738,0.100,3.574,3,6.766,189.31,2.255,4.781,0.000
2,ec.gp.GPIndividual@2085913699{47104930},3C_20_50-02.txt,61.404,0.100,6.140,0,0.000,0.00,0.000,0.000,0.000
2,ec.gp.GPIndividual@2085913699{47104930},3C_20_50-03.txt,30.993,0.100,3.099,0,0.000,0.00,0.000,0.000,0.000
2,ec.gp.GPIndividual@2085913699{47104930},3C_20_66-01.txt,7.322,0.100,0.732,0,0.000,0.00,0.000,0.000,0.000
2,ec.gp.GPIndividual@2085913699{47104930},3C_20_66-02.txt,154.245,0.100,15.424,0,0.000,0.00,0.000,0.000,0.000
2,ec.gp.GPIndividual@2085913699{47104930},3C_20_66-03.txt,118.340,0.100,11.834,0,0.000,0.00,0.000,0.000,0.000
2,ec.gp.GPIndividual@2085913699{47104930},3C_20_80-01.txt,4.194,0.100,0.419,0,0.000,0.00,0.000,0.000,0.000
2,ec.gp.GPIndividual@2085913699{47104930},3C_20_80-02.txt,35.738,0.100,3.574,0,0.000,0.00,0.000,0.000,0.000
2,ec.gp.GPIndividual@2085913699{47104930},3C_20_80-03.txt,169.439,0.100,16.944,0,0.000,0.00,0.000,0.000,0.000
2,ec.gp.GPIndividual@222570793{717864869},3C_20_50-02.txt,61.404,0.100,6.140,0,0.000,0.00,0.000,0.000,0.000
2,ec.gp.GPIndividual@222570793{717864869},3C_20_50-03.txt,30.993,0.100,3.099,0,0.000,0.00,0.000,0.000,0.000
2,ec.gp.GPIndividual@222570793{717864869},3C_20_66-01.txt,7.322,0.100,0.732,0,0.000,0.00,0.000,0.000,0.000
2,ec.gp.GPIndividual@222570793{717864869},3C_20_66-02.txt,154.245,0.100,15.424,0,0.000,0.00,0.000,0.000,0.000
2,ec.gp.GPIndividual@222570793{717864869},3C_20_66-03.txt,118.340,0.100,11.834,0,0.000,0.00,0.000,0.000,0.000
2,ec.gp.GPIndividual@222570793{717864869},3C_20_80-01.txt,4.194,0.100,0.419,0,0.000,0.00,0.000,0.000,0.000
2,ec.gp.GPIndividual@222570793{717864869},3C_20_80-02.txt,35.738,0.100,3.574,0,0.000,0.00,0.000,0.000,0.000
2,ec.gp.GPIndividual@222570793{717864869},3C_20_80-03.txt,169.439,0.100,16.944,0,0.000,0.00,0.000,0.000,0.000
3,ec.gp.GPIndividual@2006977462{1551489822},3C_20_50-02.txt,61.404,0.100,6.140,9,7.109,115.78,0.790,1.734,0.000
3,ec.gp.GPIndividual@2006977462{1551489822},3C_20_50-03.txt,30.993,0.100,3.099,2,3.656,117.97,1.828,1.828,0.000
3,ec.gp.GPIndividual@2006977462{1551489822},3C_20_50-03.txt,30.993,0.100,3.099,3,2.297,74.11,0.766,1.859,0.000
3,ec.gp.GPIndividual@2006977462{1551489822},3C_20_50-03.txt,30.993,0.100,3.099,3,2.344,75.62,0.781,1.859,0.000
3,ec.gp.GPIndividual@2006977462{1551489822},3C_20_50-03.txt,30.993,0.100,3.099,7,4.781,154.27,0.683,1.859,0.000
3,ec.gp.GPIndividual@2006977462{1551489822},3C_20_50-03.txt,30.993,0.100,3.099,1,0.000,0.00,0.000,1.859,0.000
3,ec.gp.GPIndividual@2006977462{1551489822},3C_20_50-03.txt,30.993,0.100,3.099,2,0.141,4.54,0.070,1.859,0.000
3,ec.gp.GPIndividual@2006977462{1551489822},3C_20_66-01.txt,7.322,0.100,0.732,1,1.328,181.38,1.328,1.859,0.000
3,ec.gp.GPIndividual@2006977462{1551489822},3C_20_66-01.txt,7.322,0.100,0.732,3,1.375,187.79,0.458,1.859,0.000
3,ec.gp.GPIndividual@2006977462{1551489822},3C_20_66-01.txt,7.322,0.100,0.732,4,1.406,192.05,0.352,1.859,0.000
3,ec.gp.GPIndividual@2006977462{1551489822},3C_20_66-01.txt,7.322,0.100,0.732,4,0.969,132.30,0.242,1.859,0.000
3,ec.gp.GPIndividual@2006977462{1551489822},3C_20_66-02.txt,154.245,0.100,15.424,4,0.906,5.88,0.227,1.859,0.000
3,ec.gp.GPIndividual@2006977462{1551489822},3C_20_66-02.txt,154.245,0.100,15.424,3,3.406,22.08,1.135,1.859,0.000
3,ec.gp.GPIndividual@2006977462{1551489822},3C_20_66-02.txt,154.245,0.100,15.424,5,7.391,47.91,1.478,2.516,0.000
3,ec.gp.GPIndividual@2006977462{1551489822},3C_20_66-02.txt,154.245,0.100,15.424,7,16.969,110.01,2.424,4.563,0.000
3,ec.gp.GPIndividual@2006977462{1551489822},3C_20_66-03.txt,118.340,0.100,11.834,3,2.750,23.24,0.917,4.563,0.000
3,ec.gp.GPIndividual@2006977462{1551489822},3C_20_66-03.txt,118.340,0.100,11.834,2,1.828,15.45,0.914,4.563,0.000
3,ec.gp.GPIndividual@2006977462{1551489822},3C_20_66-03.txt,118.340,0.100,11.834,3,4.953,41.86,1.651,4.563,0.000
3,ec.gp.GPIndividual@2006977462{1551489822},3C_20_66-03.txt,118.340,0.100,11.834,3,9.594,81.07,3.198,4.906,0.000
3,ec.gp.GPIndividual@2006977462{1551489822},3C_20_66-01.txt,7.322,0.100,0.732,3,5.125,699.93,1.708,4.906,0.000
3,ec.gp.GPIndividual@2006977462{1551489822},3C_20_66-02.txt,154.245,0.100,15.424,3,8.219,53.28,2.740,4.906,0.000
3,ec.gp.GPIndividual@2006977462{1551489822},3C_20_66-01.txt,7.322,0.100,0.732,2,0.297,40.54,0.148,4.906,0.000
3,ec.gp.GPIndividual@2006977462{1551489822},3C_20_80-01.txt,4.194,0.100,0.419,2,0.500,119.20,0.250,4.906,0.000
3,ec.gp.GPIndividual@2006977462{1551489822},3C_20_66-02.txt,154.245,0.100,15.424,4,1.422,9.22,0.355,4.906,0.000
3,ec.gp.GPIndividual@2006977462{1551489822},3C_20_80-02.txt,35.738,0.100,3.574,2,5.391,150.84,2.695,4.906,0.000
3,ec.gp.GPIndividual@2006977462{1551489822},3C_20_80-01.txt,4.194,0.100,0.419,2,4.844,1154.79,2.422,4.906,0.000
3,ec.gp.GPIndividual@2006977462{1551489822},3C_20_80-01.txt,4.194,0.100,0.419,3,0.625,149.01,0.208,4.906,0.000
3,ec.gp.GPIndividual@2006977462{1551489822},3C_20_80-02.txt,35.738,0.100,3.574,5,0.625,17.49,0.125,4.906,0.000
3,ec.gp.GPIndividual@2006977462{1551489822},3C_20_80-02.txt,35.738,0.100,3.574,6,4.750,132.91,0.792,4.906,0.000
3,ec.gp.GPIndividual@2006977462{1551489822},3C_20_66-03.txt,118.340,0.100,11.834,2,1.156,9.77,0.578,4.906,0.000
3,ec.gp.GPIndividual@2006977462{1551489822},3C_20_66-03.txt,118.340,0.100,11.834,4,7.484,63.24,1.871,4.906,0.000
3,ec.gp.GPIndividual@2006977462{1551489822},3C_20_80-03.txt,169.439,0.100,16.944,2,1.766,10.42,0.883,4.906,0.000
3,ec.gp.GPIndividual@2006977462{1551489822},3C_20_80-03.txt,169.439,0.100,16.944,3,5.078,29.97,1.693,4.906,0.000
3,ec.gp.GPIndividual@2006977462{1551489822},3C_20_80-01.txt,4.194,0.100,0.419,3,1.422,338.99,0.474,4.906,0.000
3,ec.gp.GPIndividual@2006977462{1551489822},3C_20_80-03.txt,169.439,0.100,16.944,2,0.172,1.01,0.086,4.906,0.000
3,ec.gp.GPIndividual@2006977462{1551489822},3C_20_80-02.txt,35.738,0.100,3.574,1,4.828,135.10,4.828,4.906,0.000
3,ec.gp.GPIndividual@2006977462{1551489822},3C_20_80-01.txt,4.194,0.100,0.419,5,5.359,1277.72,1.072,5.016,0.000
3,ec.gp.GPIndividual@2006977462{1551489822},3C_20_80-01.txt,4.194,0.100,0.419,2,0.156,37.25,0.078,5.016,0.000
3,ec.gp.GPIndividual@2006977462{1551489822},3C_20_80-02.txt,35.738,0.100,3.574,4,7.313,204.61,1.828,5.422,0.000
3,ec.gp.GPIndividual@168629651{387277593},3C_20_50-02.txt,61.404,0.100,6.140,2,1.219,19.85,0.609,0.688,0.531
3,ec.gp.GPIndividual@168629651{387277593},3C_20_50-03.txt,30.993,0.100,3.099,5,3.141,101.33,0.628,1.563,0.000
3,ec.gp.GPIndividual@168629651{387277593},3C_20_80-03.txt,169.439,0.100,16.944,3,2.297,13.56,0.766,1.563,0.000
3,ec.gp.GPIndividual@168629651{387277593},3C_20_66-01.txt,7.322,0.100,0.732,1,5.750,785.28,5.750,5.750,0.000
3,ec.gp.GPIndividual@1469171462{297095898},3C_20_50-02.txt,61.404,0.100,6.140,1,0.344,5.60,0.344,0.344,0.344
3,ec.gp.GPIndividual@1469171462{297095898},3C_20_66-02.txt,154.245,0.100,15.424,1,2.094,13.57,2.094,2.094,0.344
3,ec.gp.GPIndividual@1469171462{297095898},3C_20_80-03.txt,169.439,0.100,16.944,1,0.313,1.84,0.313,2.094,0.313
3,ec.gp.GPIndividual@1469171462{297095898},3C_20_50-03.txt,30.993,0.100,3.099,1,1.328,42.85,1.328,2.094,0.313
3,ec.gp.GPIndividual@1469171462{297095898},3C_20_80-02.txt,35.738,0.100,3.574,2,5.703,159.58,2.852,5.703,0.000
3,ec.gp.GPIndividual@1720902332{-2080129718},3C_20_50-02.txt,61.404,0.100,6.140,3,1.766,28.75,0.589,1.406,0.000
3,ec.gp.GPIndividual@1720902332{-2080129718},3C_20_66-01.txt,7.322,0.100,0.732,1,1.891,258.21,1.891,1.891,0.000
3,ec.gp.GPIndividual@1720902332{-2080129718},3C_20_66-03.txt,118.340,0.100,11.834,1,0.344,2.90,0.344,1.891,0.000
3,ec.gp.GPIndividual@1720902332{-2080129718},3C_20_66-02.txt,154.245,0.100,15.424,3,5.172,33.53,1.724,1.969,0.000
3,ec.gp.GPIndividual@1720902332{-2080129718},3C_20_66-03.txt,118.340,0.100,11.834,4,14.328,121.08,3.582,5.641,0.000
3,ec.gp.GPIndividual@2064940410{-426590495},3C_20_50-02.txt,61.404,0.100,6.140,4,7.922,129.01,1.980,4.766,0.000
3,ec.gp.GPIndividual@2064940410{-426590495},3C_20_80-01.txt,4.194,0.100,0.419,1,1.719,409.76,1.719,4.766,0.000
3,ec.gp.GPIndividual@1627727936{365379049},3C_20_50-02.txt,61.404,0.100,6.140,2,0.313,5.09,0.156,0.313,0.000
3,ec.gp.GPIndividual@1627727936{365379049},3C_20_80-02.txt,35.738,0.100,3.574,1,1.328,37.16,1.328,1.328,0.000
3,ec.gp.GPIndividual@1627727936{365379049},3C_20_80-03.txt,169.439,0.100,16.944,3,1.797,10.60,0.599,1.328,0.000
3,ec.gp.GPIndividual@1627727936{365379049},3C_20_50-03.txt,30.993,0.100,3.099,3,3.078,99.32,1.026,1.859,0.000
3,ec.gp.GPIndividual@1627727936{365379049},3C_20_80-03.txt,169.439,0.100,16.944,1,4.859,28.68,4.859,4.859,0.000
3,ec.gp.GPIndividual@1627727936{365379049},3C_20_80-01.txt,4.194,0.100,0.419,1,0.531,126.65,0.531,4.859,0.000
3,ec.gp.GPIndividual@1627727936{365379049},3C_20_50-03.txt,30.993,0.100,3.099,3,1.922,62.01,0.641,4.859,0.000
3,ec.gp.GPIndividual@1627727936{365379049},3C_20_80-02.txt,35.738,0.100,3.574,2,2.063,57.71,1.031,4.859,0.000
3,ec.gp.GPIndividual@1627727936{365379049},3C_20_50-03.txt,30.993,0.100,3.099,6,2.641,85.20,0.440,4.859,0.000
3,ec.gp.GPIndividual@1627727936{365379049},3C_20_66-01.txt,7.322,0.100,0.732,2,1.594,217.66,0.797,4.859,0.000
3,ec.gp.GPIndividual@1627727936{365379049},3C_20_80-03.txt,169.439,0.100,16.944,3,2.563,15.12,0.854,4.859,0.000
3,ec.gp.GPIndividual@1627727936{365379049},3C_20_66-01.txt,7.322,0.100,0.732,5,0.688,93.89,0.138,4.859,0.000
3,ec.gp.GPIndividual@1627727936{365379049},3C_20_66-02.txt,154.245,0.100,15.424,4,8.016,51.97,2.004,5.719,0.000
3,ec.gp.GPIndividual@1627727936{365379049},3C_20_66-02.txt,154.245,0.100,15.424,2,5.219,33.83,2.609,5.719,0.000
3,ec.gp.GPIndividual@822694102{-1679701181},3C_20_50-02.txt,61.404,0.100,6.140,4,7.125,116.03,1.781,4.156,0.000
3,ec.gp.GPIndividual@822694102{-1679701181},3C_20_66-01.txt,7.322,0.100,0.732,4,0.516,70.42,0.129,4.156,0.000
3,ec.gp.GPIndividual@822694102{-1679701181},3C_20_66-02.txt,154.245,0.100,15.424,8,15.250,98.87,1.906,6.063,0.000
3,ec.gp.GPIndividual@789469247{-1384936571},3C_20_50-02.txt,61.404,0.100,6.140,0,0.000,0.00,0.000,0.000,0.000
3,ec.gp.GPIndividual@789469247{-1384936571},3C_20_50-03.txt,30.993,0.100,3.099,0,0.000,0.00,0.000,0.000,0.000
3,ec.gp.GPIndividual@789469247{-1384936571},3C_20_66-01.txt,7.322,0.100,0.732,0,0.000,0.00,0.000,0.000,0.000
3,ec.gp.GPIndividual@789469247{-1384936571},3C_20_66-02.txt,154.245,0.100,15.424,0,0.000,0.00,0.000,0.000,0.000
3,ec.gp.GPIndividual@789469247{-1384936571},3C_20_66-03.txt,118.340,0.100,11.834,0,0.000,0.00,0.000,0.000,0.000
3,ec.gp.GPIndividual@789469247{-1384936571},3C_20_80-01.txt,4.194,0.100,0.419,0,0.000,0.00,0.000,0.000,0.000
3,ec.gp.GPIndividual@789469247{-1384936571},3C_20_80-02.txt,35.738,0.100,3.574,0,0.000,0.00,0.000,0.000,0.000
3,ec.gp.GPIndividual@789469247{-1384936571},3C_20_80-03.txt,169.439,0.100,16.944,0,0.000,0.00,0.000,0.000,0.000
3,ec.gp.GPIndividual@420421897{121749085},3C_20_50-02.txt,61.404,0.100,6.140,0,0.000,0.00,0.000,0.000,0.000
3,ec.gp.GPIndividual@420421897{121749085},3C_20_50-03.txt,30.993,0.100,3.099,0,0.000,0.00,0.000,0.000,0.000
3,ec.gp.GPIndividual@420421897{121749085},3C_20_66-01.txt,7.322,0.100,0.732,0,0.000,0.00,0.000,0.000,0.000
3,ec.gp.GPIndividual@420421897{121749085},3C_20_66-02.txt,154.245,0.100,15.424,0,0.000,0.00,0.000,0.000,0.000
3,ec.gp.GPIndividual@420421897{121749085},3C_20_66-03.txt,118.340,0.100,11.834,0,0.000,0.00,0.000,0.000,0.000
3,ec.gp.GPIndividual@420421897{121749085},3C_20_80-01.txt,4.194,0.100,0.419,0,0.000,0.00,0.000,0.000,0.000
3,ec.gp.GPIndividual@420421897{121749085},3C_20_80-02.txt,35.738,0.100,3.574,0,0.000,0.00,0.000,0.000,0.000
3,ec.gp.GPIndividual@420421897{121749085},3C_20_80-03.txt,169.439,0.100,16.944,0,0.000,0.00,0.000,0.000,0.000
3,ec.gp.GPIndividual@1556030361{-986101551},3C_20_50-02.txt,61.404,0.100,6.140,2,1.391,22.65,0.695,1.391,0.000
3,ec.gp.GPIndividual@1556030361{-986101551},3C_20_66-03.txt,118.340,0.100,11.834,6,8.094,68.39,1.349,2.422,0.000
3,ec.gp.GPIndividual@1556030361{-986101551},3C_20_66-03.txt,118.340,0.100,11.834,2,2.609,22.05,1.305,2.609,0.000
3,ec.gp.GPIndividual@1538109819{664513076},3C_20_50-02.txt,61.404,0.100,6.140,0,0.000,0.00,0.000,0.000,0.000
3,ec.gp.GPIndividual@1538109819{664513076},3C_20_50-03.txt,30.993,0.100,3.099,0,0.000,0.00,0.000,0.000,0.000
3,ec.gp.GPIndividual@1538109819{664513076},3C_20_66-01.txt,7.322,0.100,0.732,0,0.000,0.00,0.000,0.000,0.000
3,ec.gp.GPIndividual@1538109819{664513076},3C_20_66-02.txt,154.245,0.100,15.424,0,0.000,0.00,0.000,0.000,0.000
3,ec.gp.GPIndividual@1538109819{664513076},3C_20_66-03.txt,118.340,0.100,11.834,0,0.000,0.00,0.000,0.000,0.000
3,ec.gp.GPIndividual@1538109819{664513076},3C_20_80-01.txt,4.194,0.100,0.419,0,0.000,0.00,0.000,0.000,0.000
3,ec.gp.GPIndividual@1538109819{664513076},3C_20_80-02.txt,35.738,0.100,3.574,0,0.000,0.00,0.000,0.000,0.000
3,ec.gp.GPIndividual@1538109819{664513076},3C_20_80-03.txt,169.439,0.100,16.944,0,0.000,0.00,0.000,0.000,0.000
3,ec.gp.GPIndividual@290404598{2131265048},3C_20_50-02.txt,61.404,0.100,6.140,6,6.234,101.53,1.039,1.906,0.000
3,ec.gp.GPIndividual@290404598{2131265048},3C_20_66-03.txt,118.340,0.100,11.834,2,2.250,19.01,1.125,2.250,0.000
3,ec.gp.GPIndividual@290404598{2131265048},3C_20_50-03.txt,30.993,0.100,3.099,4,1.703,54.95,0.426,2.250,0.000
3,ec.gp.GPIndividual@290404598{2131265048},3C_20_50-03.txt,30.993,0.100,3.099,2,0.828,26.72,0.414,2.250,0.000
3,ec.gp.GPIndividual@290404598{2131265048},3C_20_50-03.txt,30.993,0.100,3.099,2,4.781,154.27,2.391,4.781,0.000
3,ec.gp.GPIndividual@290404598{2131265048},3C_20_80-01.txt,4.194,0.100,0.419,3,1.516,361.34,0.505,4.781,0.000
3,ec.gp.GPIndividual@290404598{2131265048},3C_20_66-01.txt,7.322,0.100,0.732,8,2.453,335.03,0.307,4.781,0.000
3,ec.gp.GPIndividual@290404598{2131265048},3C_20_66-01.txt,7.322,0.100,0.732,1,0.000,0.00,0.000,4.781,0.000
3,ec.gp.GPIndividual@290404598{2131265048},3C_20_80-02.txt,35.738,0.100,3.574,2,0.156,4.37,0.078,4.781,0.000
3,ec.gp.GPIndividual@290404598{2131265048},3C_20_66-02.txt,154.245,0.100,15.424,9,17.500,113.46,1.944,4.906,0.000
3,ec.gp.GPIndividual@290404598{2131265048},3C_20_80-01.txt,4.194,0.100,0.419,4,0.344,81.95,0.086,4.906,0.000
3,ec.gp.GPIndividual@290404598{2131265048},3C_20_80-02.txt,35.738,0.100,3.574,5,4.484,125.48,0.897,4.906,0.000
3,ec.gp.GPIndividual@290404598{2131265048},3C_20_66-02.txt,154.245,0.100,15.424,2,0.156,1.01,0.078,4.906,0.000
3,ec.gp.GPIndividual@290404598{2131265048},3C_20_66-03.txt,118.340,0.100,11.834,6,10.172,85.95,1.695,4.906,0.000
3,ec.gp.GPIndividual@290404598{2131265048},3C_20_80-01.txt,4.194,0.100,0.419,2,0.859,204.88,0.430,4.906,0.000
3,ec.gp.GPIndividual@290404598{2131265048},3C_20_80-03.txt,169.439,0.100,16.944,8,11.609,68.52,1.451,4.906,0.000
3,ec.gp.GPIndividual@290404598{2131265048},3C_20_80-02.txt,35.738,0.100,3.574,2,0.875,24.48,0.438,4.906,0.000
3,ec.gp.GPIndividual@290404598{2131265048},3C_20_80-03.txt,169.439,0.100,16.944,5,11.250,66.40,2.250,4.906,0.000
3,ec.gp.GPIndividual@290404598{2131265048},3C_20_66-01.txt,7.322,0.100,0.732,3,1.953,266.74,0.651,4.906,0.000
3,ec.gp.GPIndividual@290404598{2131265048},3C_20_66-03.txt,118.340,0.100,11.834,6,9.297,78.56,1.549,6.156,0.000
3,ec.gp.GPIndividual@290404598{2131265048},3C_20_66-02.txt,154.245,0.100,15.424,2,1.266,8.21,0.633,6.156,0.000
3,ec.gp.GPIndividual@290404598{2131265048},3C_20_80-03.txt,169.439,0.100,16.944,10,16.844,99.41,1.684,6.188,0.000
3,ec.gp.GPIndividual@290404598{2131265048},3C_20_66-03.txt,118.340,0.100,11.834,3,1.422,12.02,0.474,6.188,0.000
3,ec.gp.GPIndividual@779077453{2003177752},3C_20_50-02.txt,61.404,0.100,6.140,2,5.250,85.50,2.625,4.750,0.500
3,ec.gp.GPIndividual@779077453{2003177752},3C_20_50-03.txt,30.993,0.100,3.099,3,1.938,62.51,0.646,4.750,0.000
3,ec.gp.GPIndividual@779077453{2003177752},3C_20_66-01.txt,7.322,0.100,0.732,1,1.078,147.24,1.078,4.750,0.000
3,ec.gp.GPIndividual@779077453{2003177752},3C_20_80-01.txt,4.194,0.100,0.419,3,0.516,122.93,0.172,4.750,0.000
3,ec.gp.GPIndividual@779077453{2003177752},3C_20_66-02.txt,154.245,0.100,15.424,3,4.172,27.05,1.391,4.750,0.000
3,ec.gp.GPIndividual@779077453{2003177752},3C_20_80-01.txt,4.194,0.100,0.419,2,0.172,40.98,0.086,4.750,0.000
3,ec.gp.GPIndividual@779077453{2003177752},3C_20_80-02.txt,35.738,0.100,3.574,2,5.969,167.01,2.984,5.969,0.000
3,ec.gp.GPIndividual@82689827{1517834813},3C_20_50-02.txt,61.404,0.100,6.140,2,1.234,20.10,0.617,1.234,0.000
3,ec.gp.GPIndividual@82689827{1517834813},3C_20_80-02.txt,35.738,0.100,3.574,3,6.438,180.13,2.146,5.922,0.000
3,ec.gp.GPIndividual@1869043173{1058302081},3C_20_50-02.txt,61.404,0.100,6.140,3,3.594,58.53,1.198,2.047,0.000
3,ec.gp.GPIndividual@1869043173{1058302081},3C_20_66-03.txt,118.340,0.100,11.834,7,11.875,100.35,1.696,4.813,0.000
3,ec.gp.GPIndividual@1869043173{1058302081},3C_20_50-03.txt,30.993,0.100,3.099,2,1.609,51.93,0.805,4.813,0.000
3,ec.gp.GPIndividual@1869043173{1058302081},3C_20_50-03.txt,30.993,0.100,3.099,2,0.859,27.73,0.430,4.813,0.000
3,ec.gp.GPIndividual@1869043173{1058302081},3C_20_80-03.txt,169.439,0.100,16.944,8,12.969,76.54,1.621,4.813,0.000
3,ec.gp.GPIndividual@1869043173{1058302081},3C_20_80-01.txt,4.194,0.100,0.419,1,0.172,40.98,0.172,4.813,0.000
3,ec.gp.GPIndividual@1869043173{1058302081},3C_20_80-02.txt,35.738,0.100,3.574,1,1.281,35.85,1.281,4.813,0.000
3,ec.gp.GPIndividual@1869043173{1058302081},3C_20_80-03.txt,169.439,0.100,16.944,2,1.266,7.47,0.633,4.813,0.000
3,ec.gp.GPIndividual@1869043173{1058302081},3C_20_80-03.txt,169.439,0.100,16.944,4,13.625,80.41,3.406,5.063,0.000
3,ec.gp.GPIndividual@1869043173{1058302081},3C_20_80-01.txt,4.194,0.100,0.419,2,5.578,1329.87,2.789,5.578,0.000
3,ec.gp.GPIndividual@497564351{664513076},3C_20_50-02.txt,61.404,0.100,6.140,0,0.000,0.00,0.000,0.000,0.000
3,ec.gp.GPIndividual@497564351{664513076},3C_20_50-03.txt,30.993,0.100,3.099,0,0.000,0.00,0.000,0.000,0.000
3,ec.gp.GPIndividual@497564351{664513076},3C_20_66-01.txt,7.322,0.100,0.732,0,0.000,0.00,0.000,0.000,0.000
3,ec.gp.GPIndividual@497564351{664513076},3C_20_66-02.txt,154.245,0.100,15.424,0,0.000,0.00,0.000,0.000,0.000
3,ec.gp.GPIndividual@497564351{664513076},3C_20_66-03.txt,118.340,0.100,11.834,0,0.000,0.00,0.000,0.000,0.000
3,ec.gp.GPIndividual@497564351{664513076},3C_20_80-01.txt,4.194,0.100,0.419,0,0.000,0.00,0.000,0.000,0.000
3,ec.gp.GPIndividual@497564351{664513076},3C_20_80-02.txt,35.738,0.100,3.574,0,0.000,0.00,0.000,0.000,0.000
3,ec.gp.GPIndividual@497564351{664513076},3C_20_80-03.txt,169.439,0.100,16.944,0,0.000,0.00,0.000,0.000,0.000
3,ec.gp.GPIndividual@1758443668{-1858924425},3C_20_50-02.txt,61.404,0.100,6.140,3,3.719,60.56,1.240,3.422,0.000
3,ec.gp.GPIndividual@1758443668{-1858924425},3C_20_66-01.txt,7.322,0.100,0.732,2,3.250,443.86,1.625,3.422,0.000
3,ec.gp.GPIndividual@1758443668{-1858924425},3C_20_66-01.txt,7.322,0.100,0.732,3,0.813,110.96,0.271,3.422,0.000
3,ec.gp.GPIndividual@1758443668{-1858924425},3C_20_66-02.txt,154.245,0.100,15.424,4,2.469,16.01,0.617,3.422,0.000
3,ec.gp.GPIndividual@1758443668{-1858924425},3C_20_66-02.txt,154.245,0.100,15.424,2,3.016,19.55,1.508,3.422,0.000
3,ec.gp.GPIndividual@1758443668{-1858924425},3C_20_80-02.txt,35.738,0.100,3.574,5,6.594,184.50,1.319,3.922,0.000
3,ec.gp.GPIndividual@97482495{-2522726},3C_20_50-02.txt,61.404,0.100,6.140,0,0.000,0.00,0.000,0.000,0.000
3,ec.gp.GPIndividual@97482495{-2522726},3C_20_50-03.txt,30.993,0.100,3.099,0,0.000,0.00,0.000,0.000,0.000
3,ec.gp.GPIndividual@97482495{-2522726},3C_20_66-01.txt,7.322,0.100,0.732,0,0.000,0.00,0.000,0.000,0.000
3,ec.gp.GPIndividual@97482495{-2522726},3C_20_66-02.txt,154.245,0.100,15.424,0,0.000,0.00,0.000,0.000,0.000
3,ec.gp.GPIndividual@97482495{-2522726},3C_20_66-03.txt,118.340,0.100,11.834,0,0.000,0.00,0.000,0.000,0.000
3,ec.gp.GPIndividual@97482495{-2522726},3C_20_80-01.txt,4.194,0.100,0.419,0,0.000,0.00,0.000,0.000,0.000
3,ec.gp.GPIndividual@97482495{-2522726},3C_20_80-02.txt,35.738,0.100,3.574,0,0.000,0.00,0.000,0.000,0.000
3,ec.gp.GPIndividual@97482495{-2522726},3C_20_80-03.txt,169.439,0.100,16.944,0,0.000,0.00,0.000,0.000,0.000
3,ec.gp.GPIndividual@383376226{799101403},3C_20_50-02.txt,61.404,0.100,6.140,2,0.094,1.53,0.047,0.094,0.000
3,ec.gp.GPIndividual@383376226{799101403},3C_20_80-01.txt,4.194,0.100,0.419,4,0.500,119.20,0.125,0.203,0.000
3,ec.gp.GPIndividual@383376226{799101403},3C_20_80-02.txt,35.738,0.100,3.574,5,3.297,92.25,0.659,2.953,0.000
3,ec.gp.GPIndividual@383376226{799101403},3C_20_80-01.txt,4.194,0.100,0.419,2,0.953,227.23,0.477,2.953,0.000
3,ec.gp.GPIndividual@383376226{799101403},3C_20_50-03.txt,30.993,0.100,3.099,3,4.063,131.08,1.354,3.844,0.000
3,ec.gp.GPIndividual@383376226{799101403},3C_20_66-01.txt,7.322,0.100,0.732,2,1.141,155.78,0.570,3.844,0.000
3,ec.gp.GPIndividual@383376226{799101403},3C_20_80-03.txt,169.439,0.100,16.944,8,5.344,31.54,0.668,3.844,0.000
3,ec.gp.GPIndividual@383376226{799101403},3C_20_66-02.txt,154.245,0.100,15.424,4,8.016,51.97,2.004,3.844,0.000
3,ec.gp.GPIndividual@383376226{799101403},3C_20_80-02.txt,35.738,0.100,3.574,6,3.656,102.31,0.609,3.844,0.000
3,ec.gp.GPIndividual@383376226{799101403},3C_20_80-03.txt,169.439,0.100,16.944,3,1.281,7.56,0.427,3.844,0.000
3,ec.gp.GPIndividual@383376226{799101403},3C_20_66-03.txt,118.340,0.100,11.834,4,12.313,104.04,3.078,4.859,0.000
3,ec.gp.GPIndividual@927511542{1924198245},3C_20_50-02.txt,61.404,0.100,6.140,3,1.531,24.94,0.510,1.313,0.000
3,ec.gp.GPIndividual@1535787627{121499554},3C_20_50-02.txt,61.404,0.100,6.140,5,7.953,129.52,1.591,3.500,0.000
3,ec.gp.GPIndividual@1535787627{121499554},3C_20_66-01.txt,7.322,0.100,0.732,3,0.734,100.29,0.245,3.500,0.000
3,ec.gp.GPIndividual@1535787627{121499554},3C_20_50-03.txt,30.993,0.100,3.099,6,2.484,80.16,0.414,3.500,0.000
3,ec.gp.GPIndividual@1535787627{121499554},3C_20_50-03.txt,30.993,0.100,3.099,3,1.484,47.89,0.495,3.500,0.000
3,ec.gp.GPIndividual@1535787627{121499554},3C_20_80-01.txt,4.194,0.100,0.419,3,1.516,361.34,0.505,3.500,0.000
3,ec.gp.GPIndividual@1535787627{121499554},3C_20_66-01.txt,7.322,0.100,0.732,4,1.344,183.52,0.336,3.500,0.000
3,ec.gp.GPIndividual@1535787627{121499554},3C_20_66-01.txt,7.322,0.100,0.732,3,1.078,147.24,0.359,3.500,0.000
3,ec.gp.GPIndividual@1535787627{121499554},3C_20_66-02.txt,154.245,0.100,15.424,2,0.281,1.82,0.141,3.500,0.000
3,ec.gp.GPIndividual@1535787627{121499554},3C_20_80-02.txt,35.738,0.100,3.574,6,1.828,51.15,0.305,3.500,0.000
3,ec.gp.GPIndividual@1535787627{121499554},3C_20_66-02.txt,154.245,0.100,15.424,4,3.125,20.26,0.781,3.500,0.000
3,ec.gp.GPIndividual@1535787627{121499554},3C_20_66-02.txt,154.245,0.100,15.424,9,7.547,48.93,0.839,3.500,0.000
3,ec.gp.GPIndividual@1535787627{121499554},3C_20_80-03.txt,169.439,0.100,16.944,4,2.391,14.11,0.598,3.500,0.000
3,ec.gp.GPIndividual@1535787627{121499554},3C_20_66-03.txt,118.340,0.100,11.834,2,0.891,7.53,0.445,3.500,0.000
3,ec.gp.GPIndividual@1535787627{121499554},3C_20_66-03.txt,118.340,0.100,11.834,2,0.797,6.73,0.398,3.500,0.000
3,ec.gp.GPIndividual@1535787627{121499554},3C_20_66-03.txt,118.340,0.100,11.834,5,14.984,126.62,2.997,3.828,0.000
3,ec.gp.GPIndividual@1535787627{121499554},3C_20_80-01.txt,4.194,0.100,0.419,3,0.344,81.95,0.115,3.828,0.000
3,ec.gp.GPIndividual@1535787627{121499554},3C_20_80-01.txt,4.194,0.100,0.419,5,0.531,126.65,0.106,3.828,0.000
3,ec.gp.GPIndividual@1535787627{121499554},3C_20_80-02.txt,35.738,0.100,3.574,2,0.094,2.62,0.047,3.828,0.000
3,ec.gp.GPIndividual@1535787627{121499554},3C_20_80-02.txt,35.738,0.100,3.574,5,4.250,118.92,0.850,3.828,0.000
3,ec.gp.GPIndividual@1535787627{121499554},3C_20_80-03.txt,169.439,0.100,16.944,2,0.844,4.98,0.422,3.828,0.000
3,ec.gp.GPIndividual@1535787627{121499554},3C_20_80-01.txt,4.194,0.100,0.419,3,0.328,78.23,0.109,3.828,0.000
3,ec.gp.GPIndividual@1535787627{121499554},3C_20_80-03.txt,169.439,0.100,16.944,9,14.078,83.09,1.564,3.828,0.000
3,ec.gp.GPIndividual@1535787627{121499554},3C_20_80-02.txt,35.738,0.100,3.574,4,3.281,91.81,0.820,3.828,0.000
3,ec.gp.GPIndividual@746594071{400717039},3C_20_50-02.txt,61.404,0.100,6.140,3,5.734,93.39,1.911,5.406,0.000
3,ec.gp.GPIndividual@160242039{773548632},3C_20_50-02.txt,61.404,0.100,6.140,7,6.563,106.87,0.938,3.422,0.000
3,ec.gp.GPIndividual@160242039{773548632},3C_20_80-03.txt,169.439,0.100,16.944,4,1.891,11.16,0.473,3.422,0.000
3,ec.gp.GPIndividual@397091918{-745991823},3C_20_50-02.txt,61.404,0.100,6.140,1,0.000,0.00,0.000,0.000,0.000
3,ec.gp.GPIndividual@397091918{-745991823},3C_20_50-03.txt,30.993,0.100,3.099,1,0.000,0.00,0.000,0.000,0.000
3,ec.gp.GPIndividual@397091918{-745991823},3C_20_66-01.txt,7.322,0.100,0.732,1,0.000,0.00,0.000,0.000,0.000
3,ec.gp.GPIndividual@397091918{-745991823},3C_20_66-02.txt,154.245,0.100,15.424,1,0.000,0.00,0.000,0.000,0.000
3,ec.gp.GPIndividual@397091918{-745991823},3C_20_66-03.txt,118.340,0.100,11.834,1,0.000,0.00,0.000,0.000,0.000
3,ec.gp.GPIndividual@397091918{-745991823},3C_20_80-01.txt,4.194,0.100,0.419,1,0.000,0.00,0.000,0.000,0.000
3,ec.gp.GPIndividual@397091918{-745991823},3C_20_80-02.txt,35.738,0.100,3.574,1,0.000,0.00,0.000,0.000,0.000
3,ec.gp.GPIndividual@397091918{-745991823},3C_20_80-03.txt,169.439,0.100,16.944,1,0.000,0.00,0.000,0.000,0.000
3,ec.gp.GPIndividual@222055842{1498742568},3C_20_50-02.txt,61.404,0.100,6.140,1,0.234,3.82,0.234,0.234,0.234
3,ec.gp.GPIndividual@222055842{1498742568},3C_20_50-03.txt,30.993,0.100,3.099,4,3.359,108.39,0.840,1.313,0.000
3,ec.gp.GPIndividual@222055842{1498742568},3C_20_66-01.txt,7.322,0.100,0.732,3,1.375,187.79,0.458,1.313,0.000
3,ec.gp.GPIndividual@222055842{1498742568},3C_20_66-01.txt,7.322,0.100,0.732,3,0.469,64.02,0.156,1.313,0.000
3,ec.gp.GPIndividual@222055842{1498742568},3C_20_66-02.txt,154.245,0.100,15.424,0,0.000,0.00,0.000,1.313,0.000
3,ec.gp.GPIndividual@222055842{1498742568},3C_20_66-01.txt,7.322,0.100,0.732,4,0.734,100.29,0.184,1.313,0.000
3,ec.gp.GPIndividual@222055842{1498742568},3C_20_66-02.txt,154.245,0.100,15.424,4,0.844,5.47,0.211,1.313,0.000
3,ec.gp.GPIndividual@222055842{1498742568},3C_20_66-03.txt,118.340,0.100,11.834,1,0.422,3.56,0.422,1.313,0.000
3,ec.gp.GPIndividual@222055842{1498742568},3C_20_66-02.txt,154.245,0.100,15.424,7,5.859,37.99,0.837,2.188,0.000
3,ec.gp.GPIndividual@222055842{1498742568},3C_20_80-01.txt,4.194,0.100,0.419,1,0.188,44.70,0.188,2.188,0.000
3,ec.gp.GPIndividual@222055842{1498742568},3C_20_80-02.txt,35.738,0.100,3.574,1,0.609,17.05,0.609,2.188,0.000
3,ec.gp.GPIndividual@222055842{1498742568},3C_20_66-03.txt,118.340,0.100,11.834,3,1.281,10.83,0.427,2.188,0.000
3,ec.gp.GPIndividual@222055842{1498742568},3C_20_80-03.txt,169.439,0.100,16.944,1,0.688,4.06,0.688,2.188,0.000
3,ec.gp.GPIndividual@222055842{1498742568},3C_20_66-03.txt,118.340,0.100,11.834,4,8.047,68.00,2.012,2.844,0.000
3,ec.gp.GPIndividual@992744215{-288696823},3C_20_50-02.txt,61.404,0.100,6.140,0,0.000,0.00,0.000,0.000,0.000
3,ec.gp.GPIndividual@992744215{-288696823},3C_20_50-03.txt,30.993,0.100,3.099,0,0.000,0.00,0.000,0.000,0.000
3,ec.gp.GPIndividual@992744215{-288696823},3C_20_66-01.txt,7.322,0.100,0.732,0,0.000,0.00,0.000,0.000,0.000
3,ec.gp.GPIndividual@992744215{-288696823},3C_20_66-02.txt,154.245,0.100,15.424,0,0.000,0.00,0.000,0.000,0.000
3,ec.gp.GPIndividual@992744215{-288696823},3C_20_66-03.txt,118.340,0.100,11.834,0,0.000,0.00,0.000,0.000,0.000
3,ec.gp.GPIndividual@992744215{-288696823},3C_20_80-01.txt,4.194,0.100,0.419,0,0.000,0.00,0.000,0.000,0.000
3,ec.gp.GPIndividual@992744215{-288696823},3C_20_80-02.txt,35.738,0.100,3.574,0,0.000,0.00,0.000,0.000,0.000
3,ec.gp.GPIndividual@992744215{-288696823},3C_20_80-03.txt,169.439,0.100,16.944,0,0.000,0.00,0.000,0.000,0.000
3,ec.gp.GPIndividual@1957120080{-1233150909},3C_20_50-02.txt,61.404,0.100,6.140,2,0.328,5.34,0.164,0.328,0.000
3,ec.gp.GPIndividual@1957120080{-1233150909},3C_20_80-03.txt,169.439,0.100,16.944,3,0.563,3.32,0.188,0.453,0.000
3,ec.gp.GPIndividual@1957120080{-1233150909},3C_20_50-03.txt,30.993,0.100,3.099,4,2.922,94.28,0.730,1.578,0.000
3,ec.gp.GPIndividual@1957120080{-1233150909},3C_20_66-01.txt,7.322,0.100,0.732,3,0.859,117.37,0.286,1.578,0.000
4,ec.gp.GPIndividual@1405879308{1171208015},3C_20_50-02.txt,61.404,0.100,6.140,2,0.000,0.00,0.000,0.000,0.000
4,ec.gp.GPIndividual@1405879308{1171208015},3C_20_50-03.txt,30.993,0.100,3.099,1,0.000,0.00,0.000,0.000,0.000
4,ec.gp.GPIndividual@1405879308{1171208015},3C_20_66-01.txt,7.322,0.100,0.732,1,0.000,0.00,0.000,0.000,0.000
4,ec.gp.GPIndividual@1405879308{1171208015},3C_20_66-02.txt,154.245,0.100,15.424,1,0.000,0.00,0.000,0.000,0.000
4,ec.gp.GPIndividual@1405879308{1171208015},3C_20_66-03.txt,118.340,0.100,11.834,1,0.000,0.00,0.000,0.000,0.000
4,ec.gp.GPIndividual@1405879308{1171208015},3C_20_80-01.txt,4.194,0.100,0.419,1,0.000,0.00,0.000,0.000,0.000
4,ec.gp.GPIndividual@1405879308{1171208015},3C_20_80-02.txt,35.738,0.100,3.574,1,0.000,0.00,0.000,0.000,0.000
4,ec.gp.GPIndividual@1405879308{1171208015},3C_20_80-03.txt,169.439,0.100,16.944,1,0.000,0.00,0.000,0.000,0.000
4,ec.gp.GPIndividual@186046428{657711673},3C_20_50-02.txt,61.404,0.100,6.140,4,1.172,19.08,0.293,0.391,0.000
4,ec.gp.GPIndividual@186046428{657711673},3C_20_50-03.txt,30.993,0.100,3.099,1,0.391,12.60,0.391,0.391,0.000
4,ec.gp.GPIndividual@186046428{657711673},3C_20_50-03.txt,30.993,0.100,3.099,8,3.156,101.84,0.395,1.188,0.000
4,ec.gp.GPIndividual@186046428{657711673},3C_20_50-03.txt,30.993,0.100,3.099,2,1.359,43.86,0.680,1.359,0.000
4,ec.gp.GPIndividual@186046428{657711673},3C_20_66-01.txt,7.322,0.100,0.732,1,1.359,185.65,1.359,1.359,0.000
4,ec.gp.GPIndividual@186046428{657711673},3C_20_66-01.txt,7.322,0.100,0.732,2,0.297,40.54,0.148,1.359,0.000
4,ec.gp.GPIndividual@186046428{657711673},3C_20_66-02.txt,154.245,0.100,15.424,2,0.297,1.92,0.148,1.359,0.000
4,ec.gp.GPIndividual@186046428{657711673},3C_20_66-02.txt,154.245,0.100,15.424,1,0.641,4.15,0.641,1.359,0.000
4,ec.gp.GPIndividual@186046428{657711673},3C_20_50-03.txt,30.993,0.100,3.099,3,3.313,106.88,1.104,1.656,0.000
4,ec.gp.GPIndividual@186046428{657711673},3C_20_50-03.txt,30.993,0.100,3.099,4,3.250,104.86,0.813,1.656,0.000
4,ec.gp.GPIndividual@186046428{657711673},3C_20_66-01.txt,7.322,0.100,0.732,4,1.969,268.87,0.492,1.656,0.000
4,ec.gp.GPIndividual@186046428{657711673},3C_20_66-01.txt,7.322,0.100,0.732,2,0.141,19.21,0.070,1.656,0.000
4,ec.gp.GPIndividual@186046428{657711673},3C_20_66-01.txt,7.322,0.100,0.732,3,1.375,187.79,0.458,1.656,0.000
4,ec.gp.GPIndividual@186046428{657711673},3C_20_50-03.txt,30.993,0.100,3.099,2,1.672,53.94,0.836,1.672,0.000
4,ec.gp.GPIndividual@186046428{657711673},3C_20_66-03.txt,118.340,0.100,11.834,5,3.344,28.26,0.669,2.250,0.000
4,ec.gp.GPIndividual@186046428{657711673},3C_20_66-03.txt,118.340,0.100,11.834,2,0.844,7.13,0.422,2.250,0.000
4,ec.gp.GPIndividual@186046428{657711673},3C_20_66-02.txt,154.245,0.100,15.424,3,2.297,14.89,0.766,2.250,0.000
4,ec.gp.GPIndividual@186046428{657711673},3C_20_66-02.txt,154.245,0.100,15.424,6,8.750,56.73,1.458,2.328,0.000
4,ec.gp.GPIndividual@186046428{657711673},3C_20_66-02.txt,154.245,0.100,15.424,2,4.859,31.50,2.430,4.859,0.000
4,ec.gp.GPIndividual@186046428{657711673},3C_20_80-01.txt,4.194,0.100,0.419,1,0.172,40.98,0.172,4.859,0.000
4,ec.gp.GPIndividual@186046428{657711673},3C_20_80-02.txt,35.738,0.100,3.574,1,1.422,39.79,1.422,4.859,0.000
4,ec.gp.GPIndividual@186046428{657711673},3C_20_66-03.txt,118.340,0.100,11.834,4,9.891,83.58,2.473,4.859,0.000
4,ec.gp.GPIndividual@186046428{657711673},3C_20_80-01.txt,4.194,0.100,0.419,2,0.313,74.50,0.156,4.859,0.000
4,ec.gp.GPIndividual@186046428{657711673},3C_20_80-02.txt,35.738,0.100,3.574,2,1.516,42.41,0.758,4.859,0.000
4,ec.gp.GPIndividual@186046428{657711673},3C_20_80-03.txt,169.439,0.100,16.944,3,5.344,31.54,1.781,4.859,0.000
4,ec.gp.GPIndividual@186046428{657711673},3C_20_80-03.txt,169.439,0.100,16.944,3,4.578,27.02,1.526,4.859,0.000
4,ec.gp.GPIndividual@186046428{657711673},3C_20_66-03.txt,118.340,0.100,11.834,5,9.234,78.03,1.847,4.891,0.000
4,ec.gp.GPIndividual@186046428{657711673},3C_20_66-03.txt,118.340,0.100,11.834,2,1.641,13.86,0.820,4.891,0.000
4,ec.gp.GPIndividual@186046428{657711673},3C_20_80-01.txt,4.194,0.100,0.419,2,0.172,40.98,0.086,4.891,0.000
4,ec.gp.GPIndividual@186046428{657711673},3C_20_80-02.txt,35.738,0.100,3.574,2,6.469,181.00,3.234,6.469,0.000
4,ec.gp.GPIndividual@285709804{-88402326},3C_20_50-02.txt,61.404,0.100,6.140,2,6.344,103.31,3.172,4.891,1.453
4,ec.gp.GPIndividual@285709804{-88402326},3C_20_80-03.txt,169.439,0.100,16.944,2,5.953,35.13,2.977,5.953,0.000
4,ec.gp.GPIndividual@1680398913{1375357780},3C_20_50-02.txt,61.404,0.100,6.140,2,0.453,7.38,0.227,0.453,0.000
4,ec.gp.GPIndividual@1680398913{1375357780},3C_20_50-03.txt,30.993,0.100,3.099,4,6.750,217.79,1.688,5.672,0.000
4,ec.gp.GPIndividual@1680398913{1375357780},3C_20_66-01.txt,7.322,0.100,0.732,5,0.672,91.76,0.134,5.672,0.000
4,ec.gp.GPIndividual@1680398913{1375357780},3C_20_66-02.txt,154.245,0.100,15.424,2,0.844,5.47,0.422,5.672,0.000
4,ec.gp.GPIndividual@1680398913{1375357780},3C_20_80-01.txt,4.194,0.100,0.419,2,1.344,320.36,0.672,5.672,0.000
4,ec.gp.GPIndividual@1680398913{1375357780},3C_20_66-01.txt,7.322,0.100,0.732,1,1.172,160.04,1.172,5.672,0.000
4,ec.gp.GPIndividual@1680398913{1375357780},3C_20_50-03.txt,30.993,0.100,3.099,3,0.750,24.20,0.250,5.672,0.000
4,ec.gp.GPIndividual@1680398913{1375357780},3C_20_66-02.txt,154.245,0.100,15.424,4,8.234,53.39,2.059,5.672,0.000
4,ec.gp.GPIndividual@1680398913{1375357780},3C_20_66-03.txt,118.340,0.100,11.834,5,11.766,99.42,2.353,5.844,0.000
4,ec.gp.GPIndividual@1921413378{-32181320},3C_20_50-02.txt,61.404,0.100,6.140,5,9.453,153.95,1.891,4.328,0.000
4,ec.gp.GPIndividual@1921413378{-32181320},3C_20_80-01.txt,4.194,0.100,0.419,3,0.703,167.63,0.234,4.328,0.000
4,ec.gp.GPIndividual@1921413378{-32181320},3C_20_66-03.txt,118.340,0.100,11.834,2,4.172,35.25,2.086,4.328,0.000
4,ec.gp.GPIndividual@1921413378{-32181320},3C_20_80-01.txt,4.194,0.100,0.419,3,0.297,70.78,0.099,4.328,0.000
4,ec.gp.GPIndividual@1921413378{-32181320},3C_20_80-02.txt,35.738,0.100,3.574,2,0.297,8.31,0.148,4.328,0.000
4,ec.gp.GPIndividual@1921413378{-32181320},3C_20_80-02.txt,35.738,0.100,3.574,3,2.344,65.58,0.781,4.328,0.000
4,ec.gp.GPIndividual@1921413378{-32181320},3C_20_66-01.txt,7.322,0.100,0.732,1,0.000,0.00,0.000,4.328,0.000
4,ec.gp.GPIndividual@1921413378{-32181320},3C_20_50-03.txt,30.993,0.100,3.099,1,3.141,101.33,3.141,4.328,0.000
4,ec.gp.GPIndividual@1921413378{-32181320},3C_20_80-02.txt,35.738,0.100,3.574,3,1.547,43.28,0.516,4.328,0.000
4,ec.gp.GPIndividual@1921413378{-32181320},3C_20_80-03.txt,169.439,0.100,16.944,9,17.641,104.11,1.960,4.766,0.000
4,ec.gp.GPIndividual@1921413378{-32181320},3C_20_66-02.txt,154.245,0.100,15.424,7,8.422,54.60,1.203,4.766,0.000
4,ec.gp.GPIndividual@1921413378{-32181320},3C_20_80-03.txt,169.439,0.100,16.944,2,5.313,31.35,2.656,5.313,0.000
4,ec.gp.GPIndividual@77173824{2026617348},3C_20_50-02.txt,61.404,0.100,6.140,2,1.594,25.95,0.797,1.594,0.000
4,ec.gp.GPIndividual@77173824{2026617348},3C_20_80-03.txt,169.439,0.100,16.944,6,9.813,57.91,1.635,3.391,0.000
4,ec.gp.GPIndividual@77173824{2026617348},3C_20_66-01.txt,7.322,0.100,0.732,4,2.094,285.95,0.523,3.391,0.000
4,ec.gp.GPIndividual@77173824{2026617348},3C_20_66-03.txt,118.340,0.100,11.834,1,0.000,0.00,0.000,3.391,0.000
4,ec.gp.GPIndividual@77173824{2026617348},3C_20_66-02.txt,154.245,0.100,15.424,1,5.625,36.47,5.625,5.625,0.000
4,ec.gp.GPIndividual@77173824{2026617348},3C_20_80-01.txt,4.194,0.100,0.419,5,0.500,119.20,0.100,5.625,0.000
4,ec.gp.GPIndividual@77173824{2026617348},3C_20_80-02.txt,35.738,0.100,3.574,3,2.906,81.32,0.969,5.625,0.000
4,ec.gp.GPIndividual@77173824{2026617348},3C_20_50-03.txt,30.993,0.100,3.099,2,5.734,185.02,2.867,5.734,0.000
4,ec.gp.GPIndividual@951741602{138321672},3C_20_50-02.txt,61.404,0.100,6.140,2,6.094,99.24,3.047,5.750,0.344
4,ec.gp.GPIndividual@951741602{138321672},3C_20_50-03.txt,30.993,0.100,3.099,4,3.953,127.55,0.988,5.750,0.000
4,ec.gp.GPIndividual@951741602{138321672},3C_20_66-03.txt,118.340,0.100,11.834,4,3.469,29.31,0.867,5.750,0.000
4,ec.gp.GPIndividual@951741602{138321672},3C_20_66-01.txt,7.322,0.100,0.732,1,1.234,168.58,1.234,5.750,0.000
4,ec.gp.GPIndividual@868227670{1022755046},3C_20_50-02.txt,61.404,0.100,6.140,2,0.344,5.60,0.172,0.344,0.000
4,ec.gp.GPIndividual@868227670{1022755046},3C_20_66-02.txt,154.245,0.100,15.424,3,7.172,46.50,2.391,4.859,0.000
4,ec.gp.GPIndividual@868227670{1022755046},3C_20_80-03.txt,169.439,0.100,16.944,2,1.438,8.48,0.719,4.859,0.000
4,ec.gp.GPIndividual@868227670{1022755046},3C_20_66-03.txt,118.340,0.100,11.834,4,13.063,110.38,3.266,4.859,0.000
4,ec.gp.GPIndividual@868227670{1022755046},3C_20_50-03.txt,30.993,0.100,3.099,3,0.516,16.64,0.172,4.859,0.000
4,ec.gp.GPIndividual@868227670{1022755046},3C_20_80-01.txt,4.194,0.100,0.419,1,4.234,1009.51,4.234,4.859,0.000
4,ec.gp.GPIndividual@868227670{1022755046},3C_20_80-01.txt,4.194,0.100,0.419,2,1.359,324.09,0.680,4.859,0.000
4,ec.gp.GPIndividual@868227670{1022755046},3C_20_66-01.txt,7.322,0.100,0.732,5,1.047,142.97,0.209,4.859,0.000
4,ec.gp.GPIndividual@868227670{1022755046},3C_20_80-02.txt,35.738,0.100,3.574,4,3.250,90.94,0.813,4.859,0.000
4,ec.gp.GPIndividual@868227670{1022755046},3C_20_66-01.txt,7.322,0.100,0.732,2,4.781,652.98,2.391,4.859,0.000
4,ec.gp.GPIndividual@868227670{1022755046},3C_20_80-01.txt,4.194,0.100,0.419,1,0.266,63.33,0.266,4.859,0.000
4,ec.gp.GPIndividual@868227670{1022755046},3C_20_80-02.txt,35.738,0.100,3.574,0,0.000,0.00,0.000,4.859,0.000
4,ec.gp.GPIndividual@868227670{1022755046},3C_20_80-02.txt,35.738,0.100,3.574,3,7.141,199.80,2.380,5.875,0.000
4,ec.gp.GPIndividual@348812682{-372186495},3C_20_50-02.txt,61.404,0.100,6.140,6,5.609,91.35,0.935,1.547,0.000
4,ec.gp.GPIndividual@348812682{-372186495},3C_20_80-03.txt,169.439,0.100,16.944,2,2.375,14.02,1.188,1.547,0.000
4,ec.gp.GPIndividual@348812682{-372186495},3C_20_66-02.txt,154.245,0.100,15.424,8,7.969,51.66,0.996,1.906,0.000
4,ec.gp.GPIndividual@348812682{-372186495},3C_20_66-02.txt,154.245,0.100,15.424,3,2.672,17.32,0.891,1.906,0.000
4,ec.gp.GPIndividual@348812682{-372186495},3C_20_50-03.txt,30.993,0.100,3.099,1,0.000,0.00,0.000,1.906,0.000
4,ec.gp.GPIndividual@348812682{-372186495},3C_20_80-03.txt,169.439,0.100,16.944,2,4.313,25.45,2.156,2.406,0.000
4,ec.gp.GPIndividual@348812682{-372186495},3C_20_80-03.txt,169.439,0.100,16.944,7,14.906,87.97,2.129,6.906,0.000
4,ec.gp.GPIndividual@498869191{247221091},3C_20_50-02.txt,61.404,0.100,6.140,1,0.000,0.00,0.000,0.000,0.000
4,ec.gp.GPIndividual@498869191{247221091},3C_20_50-03.txt,30.993,0.100,3.099,1,0.000,0.00,0.000,0.000,0.000
4,ec.gp.GPIndividual@498869191{247221091},3C_20_66-01.txt,7.322,0.100,0.732,1,0.000,0.00,0.000,0.000,0.000
4,ec.gp.GPIndividual@498869191{247221091},3C_20_66-02.txt,154.245,0.100,15.424,1,0.000,0.00,0.000,0.000,0.000
4,ec.gp.GPIndividual@498869191{247221091},3C_20_66-03.txt,118.340,0.100,11.834,1,0.000,0.00,0.000,0.000,0.000
4,ec.gp.GPIndividual@498869191{247221091},3C_20_80-01.txt,4.194,0.100,0.419,1,0.000,0.00,0.000,0.000,0.000
4,ec.gp.GPIndividual@498869191{247221091},3C_20_80-02.txt,35.738,0.100,3.574,1,0.000,0.00,0.000,0.000,0.000
4,ec.gp.GPIndividual@498869191{247221091},3C_20_80-03.txt,169.439,0.100,16.944,1,0.000,0.00,0.000,0.000,0.000
4,ec.gp.GPIndividual@1664796161{1145954448},3C_20_50-02.txt,61.404,0.100,6.140,3,2.328,37.91,0.776,1.797,0.000
4,ec.gp.GPIndividual@1664796161{1145954448},3C_20_66-03.txt,118.340,0.100,11.834,6,11.734,99.16,1.956,5.844,0.000
4,ec.gp.GPIndividual@158470244{753425794},3C_20_50-02.txt,61.404,0.100,6.140,0,0.000,0.00,0.000,0.000,0.000
4,ec.gp.GPIndividual@158470244{753425794},3C_20_50-03.txt,30.993,0.100,3.099,0,0.000,0.00,0.000,0.000,0.000
4,ec.gp.GPIndividual@158470244{753425794},3C_20_66-01.txt,7.322,0.100,0.732,0,0.000,0.00,0.000,0.000,0.000
4,ec.gp.GPIndividual@158470244{753425794},3C_20_66-02.txt,154.245,0.100,15.424,0,0.000,0.00,0.000,0.000,0.000
4,ec.gp.GPIndividual@158470244{753425794},3C_20_66-03.txt,118.340,0.100,11.834,0,0.000,0.00,0.000,0.000,0.000
4,ec.gp.GPIndividual@158470244{753425794},3C_20_80-01.txt,4.194,0.100,0.419,0,0.000,0.00,0.000,0.000,0.000
4,ec.gp.GPIndividual@158470244{753425794},3C_20_80-02.txt,35.738,0.100,3.574,0,0.000,0.00,0.000,0.000,0.000
4,ec.gp.GPIndividual@158470244{753425794},3C_20_80-03.txt,169.439,0.100,16.944,0,0.000,0.00,0.000,0.000,0.000
4,ec.gp.GPIndividual@1439936055{1789178494},3C_20_50-02.txt,61.404,0.100,6.140,0,0.000,0.00,0.000,0.000,0.000
4,ec.gp.GPIndividual@1439936055{1789178494},3C_20_50-03.txt,30.993,0.100,3.099,0,0.000,0.00,0.000,0.000,0.000
4,ec.gp.GPIndividual@1439936055{1789178494},3C_20_66-01.txt,7.322,0.100,0.732,0,0.000,0.00,0.000,0.000,0.000
4,ec.gp.GPIndividual@1439936055{1789178494},3C_20_66-02.txt,154.245,0.100,15.424,0,0.000,0.00,0.000,0.000,0.000
4,ec.gp.GPIndividual@1439936055{1789178494},3C_20_66-03.txt,118.340,0.100,11.834,0,0.000,0.00,0.000,0.000,0.000
4,ec.gp.GPIndividual@1439936055{1789178494},3C_20_80-01.txt,4.194,0.100,0.419,0,0.000,0.00,0.000,0.000,0.000
4,ec.gp.GPIndividual@1439936055{1789178494},3C_20_80-02.txt,35.738,0.100,3.574,0,0.000,0.00,0.000,0.000,0.000
4,ec.gp.GPIndividual@1439936055{1789178494},3C_20_80-03.txt,169.439,0.100,16.944,0,0.000,0.00,0.000,0.000,0.000
4,ec.gp.GPIndividual@1061669240{1734059596},3C_20_50-02.txt,61.404,0.100,6.140,0,0.000,0.00,0.000,0.000,0.000
4,ec.gp.GPIndividual@1061669240{1734059596},3C_20_50-03.txt,30.993,0.100,3.099,0,0.000,0.00,0.000,0.000,0.000
4,ec.gp.GPIndividual@1061669240{1734059596},3C_20_66-01.txt,7.322,0.100,0.732,0,0.000,0.00,0.000,0.000,0.000
4,ec.gp.GPIndividual@1061669240{1734059596},3C_20_66-02.txt,154.245,0.100,15.424,0,0.000,0.00,0.000,0.000,0.000
4,ec.gp.GPIndividual@1061669240{1734059596},3C_20_66-03.txt,118.340,0.100,11.834,0,0.000,0.00,0.000,0.000,0.000
4,ec.gp.GPIndividual@1061669240{1734059596},3C_20_80-01.txt,4.194,0.100,0.419,0,0.000,0.00,0.000,0.000,0.000
4,ec.gp.GPIndividual@1061669240{1734059596},3C_20_80-02.txt,35.738,0.100,3.574,0,0.000,0.00,0.000,0.000,0.000
4,ec.gp.GPIndividual@1061669240{1734059596},3C_20_80-03.txt,169.439,0.100,16.944,0,0.000,0.00,0.000,0.000,0.000
4,ec.gp.GPIndividual@202921720{637990461},3C_20_50-02.txt,61.404,0.100,6.140,5,4.547,74.05,0.909,2.984,0.000
4,ec.gp.GPIndividual@202921720{637990461},3C_20_66-01.txt,7.322,0.100,0.732,2,4.797,655.12,2.398,4.797,0.000
4,ec.gp.GPIndividual@202921720{637990461},3C_20_80-01.txt,4.194,0.100,0.419,3,0.672,160.18,0.224,4.797,0.000
4,ec.gp.GPIndividual@202921720{637990461},3C_20_66-02.txt,154.245,0.100,15.424,6,3.969,25.73,0.661,4.797,0.000
4,ec.gp.GPIndividual@202921720{637990461},3C_20_80-02.txt,35.738,0.100,3.574,2,2.141,59.90,1.070,4.797,0.000
4,ec.gp.GPIndividual@202921720{637990461},3C_20_80-01.txt,4.194,0.100,0.419,3,0.422,100.58,0.141,4.797,0.000
4,ec.gp.GPIndividual@202921720{637990461},3C_20_80-02.txt,35.738,0.100,3.574,6,4.219,118.05,0.703,4.797,0.000
4,ec.gp.GPIndividual@202921720{637990461},3C_20_66-03.txt,118.340,0.100,11.834,2,0.125,1.06,0.063,4.797,0.000
4,ec.gp.GPIndividual@202921720{637990461},3C_20_80-03.txt,169.439,0.100,16.944,6,9.953,58.74,1.659,4.797,0.000
4,ec.gp.GPIndividual@202921720{637990461},3C_20_50-03.txt,30.993,0.100,3.099,3,1.938,62.51,0.646,4.797,0.000
4,ec.gp.GPIndividual@202921720{637990461},3C_20_80-03.txt,169.439,0.100,16.944,6,15.875,93.69,2.646,4.797,0.000
4,ec.gp.GPIndividual@202921720{637990461},3C_20_66-01.txt,7.322,0.100,0.732,5,0.750,102.43,0.150,4.797,0.000
4,ec.gp.GPIndividual@202921720{637990461},3C_20_66-02.txt,154.245,0.100,15.424,7,16.750,108.59,2.393,4.797,0.000
4,ec.gp.GPIndividual@202921720{637990461},3C_20_80-01.txt,4.194,0.100,0.419,3,0.422,100.58,0.141,4.797,0.000
4,ec.gp.GPIndividual@202921720{637990461},3C_20_80-02.txt,35.738,0.100,3.574,5,3.406,95.31,0.681,4.797,0.000
4,ec.gp.GPIndividual@1097193691{-1613251589},3C_20_50-02.txt,61.404,0.100,6.140,2,1.328,21.63,0.664,1.031,0.297
4,ec.gp.GPIndividual@1097193691{-1613251589},3C_20_50-03.txt,30.993,0.100,3.099,2,5.266,169.90,2.633,3.797,0.297
4,ec.gp.GPIndividual@1097193691{-1613251589},3C_20_66-01.txt,7.322,0.100,0.732,3,1.156,157.91,0.385,3.797,0.000
4,ec.gp.GPIndividual@1097193691{-1613251589},3C_20_80-03.txt,169.439,0.100,16.944,4,1.141,6.73,0.285,3.797,0.000
4,ec.gp.GPIndividual@1097193691{-1613251589},3C_20_66-03.txt,118.340,0.100,11.834,2,1.250,10.56,0.625,3.797,0.000
4,ec.gp.GPIndividual@1097193691{-1613251589},3C_20_66-01.txt,7.322,0.100,0.732,1,0.438,59.75,0.438,3.797,0.000
4,ec.gp.GPIndividual@1097193691{-1613251589},3C_20_66-02.txt,154.245,0.100,15.424,1,0.688,4.46,0.688,3.797,0.000
4,ec.gp.GPIndividual@1097193691{-1613251589},3C_20_66-02.txt,154.245,0.100,15.424,2,5.188,33.63,2.594,5.188,0.000
4,ec.gp.GPIndividual@1706980101{1093302392},3C_20_50-02.txt,61.404,0.100,6.140,3,1.578,25.70,0.526,1.313,0.000
4,ec.gp.GPIndividual@1706980101{1093302392},3C_20_66-03.txt,118.340,0.100,11.834,5,11.578,97.84,2.316,4.625,0.000
4,ec.gp.GPIndividual@1706980101{1093302392},3C_20_50-03.txt,30.993,0.100,3.099,2,4.734,152.76,2.367,4.734,0.000
4,ec.gp.GPIndividual@949921955{-1342341466},3C_20_50-02.txt,61.404,0.100,6.140,7,7.594,123.67,1.085,4.063,0.000
4,ec.gp.GPIndividual@949921955{-1342341466},3C_20_80-01.txt,4.194,0.100,0.419,1,0.266,63.33,0.266,4.063,0.000
4,ec.gp.GPIndividual@949921955{-1342341466},3C_20_80-02.txt,35.738,0.100,3.574,1,1.313,36.73,1.313,4.063,0.000
4,ec.gp.GPIndividual@949921955{-1342341466},3C_20_66-03.txt,118.340,0.100,11.834,4,4.063,34.33,1.016,4.063,0.000
4,ec.gp.GPIndividual@949921955{-1342341466},3C_20_80-01.txt,4.194,0.100,0.419,3,1.594,379.96,0.531,4.063,0.000
4,ec.gp.GPIndividual@949921955{-1342341466},3C_20_80-03.txt,169.439,0.100,16.944,4,2.922,17.24,0.730,4.063,0.000
4,ec.gp.GPIndividual@949921955{-1342341466},3C_20_80-02.txt,35.738,0.100,3.574,3,4.813,134.66,1.604,4.063,0.000
4,ec.gp.GPIndividual@949921955{-1342341466},3C_20_66-01.txt,7.322,0.100,0.732,2,2.406,328.62,1.203,4.063,0.000
4,ec.gp.GPIndividual@949921955{-1342341466},3C_20_50-03.txt,30.993,0.100,3.099,5,6.000,193.59,1.200,4.719,0.000
4,ec.gp.GPIndividual@949921955{-1342341466},3C_20_80-01.txt,4.194,0.100,0.419,3,0.438,104.30,0.146,4.719,0.000
4,ec.gp.GPIndividual@949921955{-1342341466},3C_20_80-02.txt,35.738,0.100,3.574,3,1.656,46.34,0.552,4.719,0.000
4,ec.gp.GPIndividual@949921955{-1342341466},3C_20_80-03.txt,169.439,0.100,16.944,3,6.031,35.60,2.010,4.719,0.000
4,ec.gp.GPIndividual@253894125{-2127614470},3C_20_50-02.txt,61.404,0.100,6.140,3,1.531,24.94,0.510,1.109,0.000
4,ec.gp.GPIndividual@253894125{-2127614470},3C_20_66-02.txt,154.245,0.100,15.424,9,13.188,85.50,1.465,3.250,0.000
4,ec.gp.GPIndividual@253894125{-2127614470},3C_20_50-03.txt,30.993,0.100,3.099,2,1.016,32.77,0.508,3.250,0.000
4,ec.gp.GPIndividual@253894125{-2127614470},3C_20_80-03.txt,169.439,0.100,16.944,3,5.516,32.55,1.839,4.594,0.000
4,ec.gp.GPIndividual@253894125{-2127614470},3C_20_66-03.txt,118.340,0.100,11.834,6,11.734,99.16,1.956,4.594,0.000
4,ec.gp.GPIndividual@253894125{-2127614470},3C_20_66-01.txt,7.322,0.100,0.732,1,0.000,0.00,0.000,4.594,0.000
4,ec.gp.GPIndividual@253894125{-2127614470},3C_20_66-02.txt,154.245,0.100,15.424,1,0.000,0.00,0.000,4.594,0.000
4,ec.gp.GPIndividual@253894125{-2127614470},3C_20_66-03.txt,118.340,0.100,11.834,4,9.000,76.05,2.250,5.016,0.000
4,ec.gp.GPIndividual@253894125{-2127614470},3C_20_66-01.txt,7.322,0.100,0.732,2,4.547,620.97,2.273,5.016,0.000
4,ec.gp.GPIndividual@253894125{-2127614470},3C_20_80-01.txt,4.194,0.100,0.419,3,0.547,130.38,0.182,5.016,0.000
4,ec.gp.GPIndividual@253894125{-2127614470},3C_20_80-02.txt,35.738,0.100,3.574,6,2.516,70.39,0.419,5.016,0.000
4,ec.gp.GPIndividual@253894125{-2127614470},3C_20_66-02.txt,154.245,0.100,15.424,3,2.203,14.28,0.734,5.016,0.000
4,ec.gp.GPIndividual@1394186366{-749116460},3C_20_50-02.txt,61.404,0.100,6.140,5,2.531,41.22,0.506,1.547,0.000
4,ec.gp.GPIndividual@1394186366{-749116460},3C_20_80-03.txt,169.439,0.100,16.944,6,7.313,43.16,1.219,3.906,0.000
4,ec.gp.GPIndividual@1394186366{-749116460},3C_20_66-03.txt,118.340,0.100,11.834,6,9.859,83.31,1.643,3.906,0.000
4,ec.gp.GPIndividual@1394186366{-749116460},3C_20_50-03.txt,30.993,0.100,3.099,4,5.547,178.97,1.387,3.906,0.000
4,ec.gp.GPIndividual@1394186366{-749116460},3C_20_80-01.txt,4.194,0.100,0.419,5,3.797,905.21,0.759,3.906,0.000
4,ec.gp.GPIndividual@1394186366{-749116460},3C_20_80-01.txt,4.194,0.100,0.419,1,0.000,0.00,0.000,3.906,0.000
4,ec.gp.GPIndividual@1394186366{-749116460},3C_20_80-02.txt,35.738,0.100,3.574,1,0.000,0.00,0.000,3.906,0.000
4,ec.gp.GPIndividual@1394186366{-749116460},3C_20_80-03.txt,169.439,0.100,16.944,2,0.094,0.55,0.047,3.906,0.000
4,ec.gp.GPIndividual@1394186366{-749116460},3C_20_80-02.txt,35.738,0.100,3.574,2,0.500,13.99,0.250,3.906,0.000
4,ec.gp.GPIndividual@936887195{1332435166},3C_20_50-02.txt,61.404,0.100,6.140,9,8.156,132.83,0.906,1.938,0.000
4,ec.gp.GPIndividual@936887195{1332435166},3C_20_80-03.txt,169.439,0.100,16.944,2,0.453,2.67,0.227,1.938,0.000
4,ec.gp.GPIndividual@936887195{1332435166},3C_20_50-03.txt,30.993,0.100,3.099,1,0.000,0.00,0.000,1.938,0.000
4,ec.gp.GPIndividual@936887195{1332435166},3C_20_66-01.txt,7.322,0.100,0.732,3,3.453,471.60,1.151,3.453,0.000
4,ec.gp.GPIndividual@1991606824{-980573923},3C_20_50-02.txt,61.404,0.100,6.140,0,0.000,0.00,0.000,0.000,0.000
4,ec.gp.GPIndividual@1991606824{-980573923},3C_20_50-03.txt,30.993,0.100,3.099,0,0.000,0.00,0.000,0.000,0.000
4,ec.gp.GPIndividual@1991606824{-980573923},3C_20_66-01.txt,7.322,0.100,0.732,0,0.000,0.00,0.000,0.000,0.000
4,ec.gp.GPIndividual@1991606824{-980573923},3C_20_66-02.txt,154.245,0.100,15.424,0,0.000,0.00,0.000,0.000,0.000
4,ec.gp.GPIndividual@1991606824{-980573923},3C_20_66-03.txt,118.340,0.100,11.834,0,0.000,0.00,0.000,0.000,0.000
4,ec.gp.GPIndividual@1991606824{-980573923},3C_20_80-01.txt,4.194,0.100,0.419,0,0.000,0.00,0.000,0.000,0.000
4,ec.gp.GPIndividual@1991606824{-980573923},3C_20_80-02.txt,35.738,0.100,3.574,2,0.000,0.00,0.000,0.000,0.000
4,ec.gp.GPIndividual@1991606824{-980573923},3C_20_80-02.txt,35.738,0.100,3.574,0,0.000,0.00,0.000,0.000,0.000
4,ec.gp.GPIndividual@1991606824{-980573923},3C_20_80-03.txt,169.439,0.100,16.944,0,0.000,0.00,0.000,0.000,0.000
4,ec.gp.GPIndividual@1007651163{-155685832},3C_20_50-02.txt,61.404,0.100,6.140,5,5.297,86.26,1.059,3.500,0.000
4,ec.gp.GPIndividual@1007651163{-155685832},3C_20_66-01.txt,7.322,0.100,0.732,3,0.953,130.17,0.318,3.500,0.000
4,ec.gp.GPIndividual@1007651163{-155685832},3C_20_80-03.txt,169.439,0.100,16.944,5,0.516,3.04,0.103,3.500,0.000
4,ec.gp.GPIndividual@1007651163{-155685832},3C_20_66-02.txt,154.245,0.100,15.424,4,3.172,20.56,0.793,3.500,0.000
4,ec.gp.GPIndividual@1007651163{-155685832},3C_20_50-03.txt,30.993,0.100,3.099,7,3.031,97.81,0.433,3.500,0.000
4,ec.gp.GPIndividual@942481859{1376085295},3C_20_50-02.txt,61.404,0.100,6.140,5,2.750,44.79,0.550,1.297,0.000
4,ec.gp.GPIndividual@942481859{1376085295},3C_20_66-03.txt,118.340,0.100,11.834,2,0.672,5.68,0.336,1.297,0.000
4,ec.gp.GPIndividual@942481859{1376085295},3C_20_50-03.txt,30.993,0.100,3.099,5,3.016,97.30,0.603,1.672,0.000
4,ec.gp.GPIndividual@942481859{1376085295},3C_20_66-01.txt,7.322,0.100,0.732,5,0.625,85.36,0.125,1.672,0.000
4,ec.gp.GPIndividual@942481859{1376085295},3C_20_66-02.txt,154.245,0.100,15.424,2,0.781,5.06,0.391,1.672,0.000
4,ec.gp.GPIndividual@942481859{1376085295},3C_20_66-01.txt,7.322,0.100,0.732,3,0.484,66.15,0.161,1.672,0.000
4,ec.gp.GPIndividual@942481859{1376085295},3C_20_66-02.txt,154.245,0.100,15.424,7,7.031,45.58,1.004,2.609,0.000
4,ec.gp.GPIndividual@942481859{1376085295},3C_20_66-03.txt,118.340,0.100,11.834,3,1.219,10.30,0.406,2.609,0.000
4,ec.gp.GPIndividual@942481859{1376085295},3C_20_66-03.txt,118.340,0.100,11.834,5,10.047,84.90,2.009,3.625,0.000
4,ec.gp.GPIndividual@942481859{1376085295},3C_20_80-01.txt,4.194,0.100,0.419,3,0.359,85.68,0.120,3.625,0.000
4,ec.gp.GPIndividual@942481859{1376085295},3C_20_80-02.txt,35.738,0.100,3.574,3,2.781,77.82,0.927,3.625,0.000
4,ec.gp.GPIndividual@942481859{1376085295},3C_20_80-01.txt,4.194,0.100,0.419,3,1.125,268.21,0.375,3.625,0.000
4,ec.gp.GPIndividual@942481859{1376085295},3C_20_80-03.txt,169.439,0.100,16.944,5,1.469,8.67,0.294,3.625,0.000
4,ec.gp.GPIndividual@942481859{1376085295},3C_20_80-02.txt,35.738,0.100,3.574,4,3.859,107.99,0.965,3.625,0.000
4,ec.gp.GPIndividual@1156816666{1818959988},3C_20_50-02.txt,61.404,0.100,6.140,0,0.000,0.00,0.000,0.000,0.000
4,ec.gp.GPIndividual@1156816666{1818959988},3C_20_50-03.txt,30.993,0.100,3.099,0,0.000,0.00,0.000,0.000,0.000
4,ec.gp.GPIndividual@1156816666{1818959988},3C_20_66-01.txt,7.322,0.100,0.732,0,0.000,0.00,0.000,0.000,0.000
4,ec.gp.GPIndividual@1156816666{1818959988},3C_20_66-02.txt,154.245,0.100,15.424,0,0.000,0.00,0.000,0.000,0.000
4,ec.gp.GPIndividual@1156816666{1818959988},3C_20_66-03.txt,118.340,0.100,11.834,0,0.000,0.00,0.000,0.000,0.000
4,ec.gp.GPIndividual@1156816666{1818959988},3C_20_80-01.txt,4.194,0.100,0.419,0,0.000,0.00,0.000,0.000,0.000
4,ec.gp.GPIndividual@1156816666{1818959988},3C_20_80-02.txt,35.738,0.100,3.574,0,0.000,0.00,0.000,0.000,0.000
4,ec.gp.GPIndividual@1156816666{1818959988},3C_20_80-03.txt,169.439,0.100,16.944,0,0.000,0.00,0.000,0.000,0.000
4,ec.gp.GPIndividual@450005112{224103742},3C_20_50-02.txt,61.404,0.100,6.140,5,2.094,34.10,0.419,0.813,0.000
4,ec.gp.GPIndividual@450005112{224103742},3C_20_50-03.txt,30.993,0.100,3.099,2,6.141,198.13,3.070,6.141,0.000
4,ec.gp.GPIndividual@2066668917{913540073},3C_20_50-02.txt,61.404,0.100,6.140,6,3.172,51.66,0.529,1.094,0.000
4,ec.gp.GPIndividual@2066668917{913540073},3C_20_50-03.txt,30.993,0.100,3.099,7,3.109,100.33,0.444,1.844,0.000
4,ec.gp.GPIndividual@2066668917{913540073},3C_20_66-01.txt,7.322,0.100,0.732,2,0.516,70.42,0.258,1.844,0.000
4,ec.gp.GPIndividual@2066668917{913540073},3C_20_66-01.txt,7.322,0.100,0.732,6,0.672,91.76,0.112,1.844,0.000
4,ec.gp.GPIndividual@2066668917{913540073},3C_20_66-02.txt,154.245,0.100,15.424,4,0.594,3.85,0.148,1.844,0.000
4,ec.gp.GPIndividual@2066668917{913540073},3C_20_66-02.txt,154.245,0.100,15.424,8,3.391,21.98,0.424,1.844,0.000
4,ec.gp.GPIndividual@2066668917{913540073},3C_20_66-03.txt,118.340,0.100,11.834,2,0.453,3.83,0.227,1.844,0.000
4,ec.gp.GPIndividual@2066668917{913540073},3C_20_66-03.txt,118.340,0.100,11.834,8,11.297,95.46,1.412,3.125,0.000
4,ec.gp.GPIndividual@2066668917{913540073},3C_20_80-01.txt,4.194,0.100,0.419,5,0.406,96.85,0.081,3.125,0.000
4,ec.gp.GPIndividual@2066668917{913540073},3C_20_80-02.txt,35.738,0.100,3.574,3,2.047,57.27,0.682,3.125,0.000
4,ec.gp.GPIndividual@2066668917{913540073},3C_20_80-01.txt,4.194,0.100,0.419,5,0.672,160.18,0.134,3.125,0.000
4,ec.gp.GPIndividual@2066668917{913540073},3C_20_80-03.txt,169.439,0.100,16.944,2,0.063,0.37,0.031,3.125,0.000
4,ec.gp.GPIndividual@2066668917{913540073},3C_20_80-02.txt,35.738,0.100,3.574,6,3.234,90.50,0.539,3.125,0.000
4,ec.gp.GPIndividual@2066668917{913540073},3C_20_80-03.txt,169.439,0.100,16.944,5,8.797,51.92,1.759,6.672,0.000
4,ec.gp.GPIndividual@909682947{-1940169680},3C_20_50-02.txt,61.404,0.100,6.140,1,0.109,1.78,0.109,0.109,0.109
4,ec.gp.GPIndividual@909682947{-1940169680},3C_20_50-03.txt,30.993,0.100,3.099,1,5.953,192.08,5.953,5.953,0.109
5,ec.gp.GPIndividual@1377903862{-972812790},3C_20_50-02.txt,61.404,0.100,6.140,1,0.000,0.00,0.000,0.000,0.000
5,ec.gp.GPIndividual@1377903862{-972812790},3C_20_50-03.txt,30.993,0.100,3.099,0,0.000,0.00,0.000,0.000,0.000
5,ec.gp.GPIndividual@1377903862{-972812790},3C_20_66-01.txt,7.322,0.100,0.732,0,0.000,0.00,0.000,0.000,0.000
5,ec.gp.GPIndividual@1377903862{-972812790},3C_20_66-02.txt,154.245,0.100,15.424,0,0.000,0.00,0.000,0.000,0.000
5,ec.gp.GPIndividual@1377903862{-972812790},3C_20_66-03.txt,118.340,0.100,11.834,0,0.000,0.00,0.000,0.000,0.000
5,ec.gp.GPIndividual@1377903862{-972812790},3C_20_80-01.txt,4.194,0.100,0.419,0,0.000,0.00,0.000,0.000,0.000
5,ec.gp.GPIndividual@1377903862{-972812790},3C_20_80-02.txt,35.738,0.100,3.574,0,0.000,0.00,0.000,0.000,0.000
5,ec.gp.GPIndividual@1377903862{-972812790},3C_20_80-03.txt,169.439,0.100,16.944,0,0.000,0.00,0.000,0.000,0.000
5,ec.gp.GPIndividual@773555439{-2077440310},3C_20_50-02.txt,61.404,0.100,6.140,1,0.266,4.33,0.266,0.266,0.266
5,ec.gp.GPIndividual@773555439{-2077440310},3C_20_50-03.txt,30.993,0.100,3.099,4,1.063,34.28,0.266,0.266,0.266
5,ec.gp.GPIndividual@773555439{-2077440310},3C_20_50-03.txt,30.993,0.100,3.099,6,3.672,118.48,0.612,1.266,0.000
5,ec.gp.GPIndividual@773555439{-2077440310},3C_20_66-01.txt,7.322,0.100,0.732,2,2.375,324.36,1.188,1.266,0.000
5,ec.gp.GPIndividual@773555439{-2077440310},3C_20_50-03.txt,30.993,0.100,3.099,2,0.297,9.58,0.148,1.266,0.000
5,ec.gp.GPIndividual@773555439{-2077440310},3C_20_50-03.txt,30.993,0.100,3.099,2,1.328,42.85,0.664,1.328,0.000
5,ec.gp.GPIndividual@773555439{-2077440310},3C_20_66-01.txt,7.322,0.100,0.732,2,0.875,119.50,0.438,1.328,0.000
5,ec.gp.GPIndividual@773555439{-2077440310},3C_20_66-02.txt,154.245,0.100,15.424,1,0.297,1.92,0.297,1.328,0.000
5,ec.gp.GPIndividual@773555439{-2077440310},3C_20_66-02.txt,154.245,0.100,15.424,1,0.141,0.91,0.141,1.328,0.000
5,ec.gp.GPIndividual@773555439{-2077440310},3C_20_50-03.txt,30.993,0.100,3.099,3,0.734,23.70,0.245,1.328,0.000
5,ec.gp.GPIndividual@773555439{-2077440310},3C_20_50-03.txt,30.993,0.100,3.099,6,4.328,139.65,0.721,1.375,0.000
5,ec.gp.GPIndividual@773555439{-2077440310},3C_20_66-03.txt,118.340,0.100,11.834,1,0.156,1.32,0.156,1.375,0.000
5,ec.gp.GPIndividual@773555439{-2077440310},3C_20_66-01.txt,7.322,0.100,0.732,2,1.391,189.92,0.695,1.391,0.000
5,ec.gp.GPIndividual@773555439{-2077440310},3C_20_66-01.txt,7.322,0.100,0.732,3,2.922,399.04,0.974,1.531,0.000
5,ec.gp.GPIndividual@773555439{-2077440310},3C_20_66-03.txt,118.340,0.100,11.834,9,8.047,68.00,0.894,1.531,0.000
5,ec.gp.GPIndividual@773555439{-2077440310},3C_20_66-02.txt,154.245,0.100,15.424,2,4.422,28.67,2.211,4.422,0.000
5,ec.gp.GPIndividual@773555439{-2077440310},3C_20_66-01.txt,7.322,0.100,0.732,2,1.484,202.72,0.742,4.422,0.000
5,ec.gp.GPIndividual@773555439{-2077440310},3C_20_66-02.txt,154.245,0.100,15.424,3,5.125,33.23,1.708,4.828,0.000
5,ec.gp.GPIndividual@773555439{-2077440310},3C_20_80-01.txt,4.194,0.100,0.419,1,4.875,1162.24,4.875,4.875,0.000
5,ec.gp.GPIndividual@773555439{-2077440310},3C_20_80-01.txt,4.194,0.100,0.419,1,4.109,979.71,4.109,4.875,0.000
5,ec.gp.GPIndividual@773555439{-2077440310},3C_20_66-01.txt,7.322,0.100,0.732,3,0.313,42.68,0.104,4.875,0.000
5,ec.gp.GPIndividual@773555439{-2077440310},3C_20_80-02.txt,35.738,0.100,3.574,1,0.297,8.31,0.297,4.875,0.000
5,ec.gp.GPIndividual@773555439{-2077440310},3C_20_80-02.txt,35.738,0.100,3.574,4,3.891,108.86,0.973,4.875,0.000
5,ec.gp.GPIndividual@773555439{-2077440310},3C_20_80-03.txt,169.439,0.100,16.944,6,5.500,32.46,0.917,4.875,0.000
5,ec.gp.GPIndividual@773555439{-2077440310},3C_20_80-03.txt,169.439,0.100,16.944,5,8.156,48.14,1.631,4.875,0.000
5,ec.gp.GPIndividual@773555439{-2077440310},3C_20_66-02.txt,154.245,0.100,15.424,7,9.688,62.81,1.384,4.875,0.000
5,ec.gp.GPIndividual@773555439{-2077440310},3C_20_66-03.txt,118.340,0.100,11.834,2,1.609,13.60,0.805,4.875,0.000
5,ec.gp.GPIndividual@773555439{-2077440310},3C_20_66-03.txt,118.340,0.100,11.834,3,8.438,71.30,2.813,6.875,0.000
5,ec.gp.GPIndividual@1150370796{271532587},3C_20_50-02.txt,61.404,0.100,6.140,0,0.000,0.00,0.000,0.000,0.000
5,ec.gp.GPIndividual@1150370796{271532587},3C_20_50-03.txt,30.993,0.100,3.099,0,0.000,0.00,0.000,0.000,0.000
5,ec.gp.GPIndividual@1150370796{271532587},3C_20_66-01.txt,7.322,0.100,0.732,0,0.000,0.00,0.000,0.000,0.000
5,ec.gp.GPIndividual@1150370796{271532587},3C_20_66-02.txt,154.245,0.100,15.424,0,0.000,0.00,0.000,0.000,0.000
5,ec.gp.GPIndividual@1150370796{271532587},3C_20_66-03.txt,118.340,0.100,11.834,0,0.000,0.00,0.000,0.000,0.000
5,ec.gp.GPIndividual@1150370796{271532587},3C_20_80-01.txt,4.194,0.100,0.419,0,0.000,0.00,0.000,0.000,0.000
5,ec.gp.GPIndividual@1150370796{271532587},3C_20_80-02.txt,35.738,0.100,3.574,0,0.000,0.00,0.000,0.000,0.000
5,ec.gp.GPIndividual@1150370796{271532587},3C_20_80-03.txt,169.439,0.100,16.944,0,0.000,0.00,0.000,0.000,0.000
5,ec.gp.GPIndividual@1297325054{1947166157},3C_20_50-02.txt,61.404,0.100,6.140,2,6.719,109.42,3.359,6.719,0.000
5,ec.gp.GPIndividual@930304120{-1386441109},3C_20_50-02.txt,61.404,0.100,6.140,12,6.188,100.77,0.516,3.000,0.000
5,ec.gp.GPIndividual@930304120{-1386441109},3C_20_66-02.txt,154.245,0.100,15.424,3,1.547,10.03,0.516,3.000,0.000
5,ec.gp.GPIndividual@930304120{-1386441109},3C_20_66-03.txt,118.340,0.100,11.834,3,3.484,29.44,1.161,3.000,0.000
5,ec.gp.GPIndividual@930304120{-1386441109},3C_20_50-03.txt,30.993,0.100,3.099,2,4.875,157.30,2.438,4.875,0.000
5,ec.gp.GPIndividual@930304120{-1386441109},3C_20_80-01.txt,4.194,0.100,0.419,2,4.875,1162.24,2.438,4.875,0.000
5,ec.gp.GPIndividual@930304120{-1386441109},3C_20_80-01.txt,4.194,0.100,0.419,3,0.625,149.01,0.208,4.875,0.000
5,ec.gp.GPIndividual@930304120{-1386441109},3C_20_80-02.txt,35.738,0.100,3.574,6,4.938,138.16,0.823,4.875,0.000
5,ec.gp.GPIndividual@930304120{-1386441109},3C_20_80-02.txt,35.738,0.100,3.574,3,2.453,68.64,0.818,4.875,0.000
5,ec.gp.GPIndividual@930304120{-1386441109},3C_20_66-01.txt,7.322,0.100,0.732,2,2.344,320.09,1.172,4.875,0.000
5,ec.gp.GPIndividual@930304120{-1386441109},3C_20_50-03.txt,30.993,0.100,3.099,6,3.953,127.55,0.659,4.875,0.000
5,ec.gp.GPIndividual@930304120{-1386441109},3C_20_80-03.txt,169.439,0.100,16.944,2,0.328,1.94,0.164,4.875,0.000
5,ec.gp.GPIndividual@930304120{-1386441109},3C_20_66-03.txt,118.340,0.100,11.834,3,1.031,8.71,0.344,4.875,0.000
5,ec.gp.GPIndividual@930304120{-1386441109},3C_20_66-02.txt,154.245,0.100,15.424,3,2.297,14.89,0.766,4.875,0.000
5,ec.gp.GPIndividual@930304120{-1386441109},3C_20_80-03.txt,169.439,0.100,16.944,4,8.797,51.92,2.199,4.875,0.000
5,ec.gp.GPIndividual@930304120{-1386441109},3C_20_66-03.txt,118.340,0.100,11.834,5,15.438,130.45,3.088,4.938,0.000
5,ec.gp.GPIndividual@930304120{-1386441109},3C_20_80-01.txt,4.194,0.100,0.419,3,6.438,1534.75,2.146,6.266,0.000
5,ec.gp.GPIndividual@332789282{1887368174},3C_20_50-02.txt,61.404,0.100,6.140,4,0.813,13.23,0.203,0.656,0.000
5,ec.gp.GPIndividual@332789282{1887368174},3C_20_66-01.txt,7.322,0.100,0.732,2,5.953,813.03,2.977,5.953,0.000
5,ec.gp.GPIndividual@1854537588{-66687298},3C_20_50-02.txt,61.404,0.100,6.140,4,1.125,18.32,0.281,0.484,0.000
5,ec.gp.GPIndividual@1854537588{-66687298},3C_20_50-03.txt,30.993,0.100,3.099,2,1.156,37.31,0.578,1.156,0.000
5,ec.gp.GPIndividual@1854537588{-66687298},3C_20_80-02.txt,35.738,0.100,3.574,4,5.094,142.53,1.273,2.875,0.000
5,ec.gp.GPIndividual@1854537588{-66687298},3C_20_66-01.txt,7.322,0.100,0.732,2,1.672,228.33,0.836,2.875,0.000
5,ec.gp.GPIndividual@1854537588{-66687298},3C_20_50-03.txt,30.993,0.100,3.099,2,0.297,9.58,0.148,2.875,0.000
5,ec.gp.GPIndividual@1854537588{-66687298},3C_20_66-02.txt,154.245,0.100,15.424,6,10.188,66.05,1.698,4.766,0.000
5,ec.gp.GPIndividual@1854537588{-66687298},3C_20_66-02.txt,154.245,0.100,15.424,2,2.438,15.80,1.219,4.766,0.000
5,ec.gp.GPIndividual@1854537588{-66687298},3C_20_66-03.txt,118.340,0.100,11.834,7,12.172,102.86,1.739,4.766,0.000
5,ec.gp.GPIndividual@1854537588{-66687298},3C_20_80-01.txt,4.194,0.100,0.419,3,0.500,119.20,0.167,4.766,0.000
5,ec.gp.GPIndividual@1854537588{-66687298},3C_20_80-02.txt,35.738,0.100,3.574,2,1.563,43.72,0.781,4.766,0.000
5,ec.gp.GPIndividual@1854537588{-66687298},3C_20_80-03.txt,169.439,0.100,16.944,5,9.172,54.13,1.834,6.172,0.000
5,ec.gp.GPIndividual@1854537588{-66687298},3C_20_80-01.txt,4.194,0.100,0.419,3,2.453,584.85,0.818,6.172,0.000
5,ec.gp.GPIndividual@1854537588{-66687298},3C_20_66-01.txt,7.322,0.100,0.732,7,2.391,326.49,0.342,6.172,0.000
5,ec.gp.GPIndividual@1854537588{-66687298},3C_20_66-03.txt,118.340,0.100,11.834,2,0.141,1.19,0.070,6.172,0.000
5,ec.gp.GPIndividual@1854537588{-66687298},3C_20_66-02.txt,154.245,0.100,15.424,2,4.813,31.20,2.406,6.172,0.000
5,ec.gp.GPIndividual@1854537588{-66687298},3C_20_80-01.txt,4.194,0.100,0.419,2,0.313,74.50,0.156,6.172,0.000
5,ec.gp.GPIndividual@1854537588{-66687298},3C_20_80-02.txt,35.738,0.100,3.574,2,2.109,59.02,1.055,6.172,0.000
5,ec.gp.GPIndividual@1854537588{-66687298},3C_20_80-03.txt,169.439,0.100,16.944,3,2.813,16.60,0.938,6.172,0.000
5,ec.gp.GPIndividual@1854537588{-66687298},3C_20_80-03.txt,169.439,0.100,16.944,3,3.766,22.22,1.255,6.172,0.000
5,ec.gp.GPIndividual@1854537588{-66687298},3C_20_80-02.txt,35.738,0.100,3.574,4,6.922,193.68,1.730,6.172,0.000
5,ec.gp.GPIndividual@742641852{403524291},3C_20_50-02.txt,61.404,0.100,6.140,5,7.797,126.98,1.559,4.828,0.000
5,ec.gp.GPIndividual@742641852{403524291},3C_20_80-01.txt,4.194,0.100,0.419,3,0.500,119.20,0.167,4.828,0.000
5,ec.gp.GPIndividual@742641852{403524291},3C_20_80-02.txt,35.738,0.100,3.574,3,3.141,87.88,1.047,4.828,0.000
5,ec.gp.GPIndividual@742641852{403524291},3C_20_66-03.txt,118.340,0.100,11.834,7,3.844,32.48,0.549,4.828,0.000
5,ec.gp.GPIndividual@742641852{403524291},3C_20_50-03.txt,30.993,0.100,3.099,2,6.141,198.13,3.070,6.141,0.000
5,ec.gp.GPIndividual@2140791479{1970953938},3C_20_50-02.txt,61.404,0.100,6.140,1,5.438,88.55,5.438,5.438,5.438
5,ec.gp.GPIndividual@1073477727{1098079300},3C_20_50-02.txt,61.404,0.100,6.140,7,5.828,94.91,0.833,1.891,0.000
5,ec.gp.GPIndividual@1073477727{1098079300},3C_20_50-03.txt,30.993,0.100,3.099,4,2.078,67.05,0.520,1.891,0.000
5,ec.gp.GPIndividual@1073477727{1098079300},3C_20_66-01.txt,7.322,0.100,0.732,3,1.781,243.27,0.594,1.891,0.000
5,ec.gp.GPIndividual@1073477727{1098079300},3C_20_50-03.txt,30.993,0.100,3.099,4,0.156,5.04,0.039,1.891,0.000
5,ec.gp.GPIndividual@1073477727{1098079300},3C_20_66-02.txt,154.245,0.100,15.424,3,1.594,10.33,0.531,1.891,0.000
5,ec.gp.GPIndividual@1073477727{1098079300},3C_20_80-03.txt,169.439,0.100,16.944,5,8.703,51.36,1.741,4.797,0.000
5,ec.gp.GPIndividual@1073477727{1098079300},3C_20_66-01.txt,7.322,0.100,0.732,3,3.547,484.40,1.182,4.797,0.000
5,ec.gp.GPIndividual@1073477727{1098079300},3C_20_80-03.txt,169.439,0.100,16.944,2,0.000,0.00,0.000,4.797,0.000
5,ec.gp.GPIndividual@1073477727{1098079300},3C_20_66-03.txt,118.340,0.100,11.834,1,0.000,0.00,0.000,4.797,0.000
5,ec.gp.GPIndividual@1073477727{1098079300},3C_20_66-02.txt,154.245,0.100,15.424,5,16.250,105.35,3.250,5.500,0.000
5,ec.gp.GPIndividual@1129073508{879817978},3C_20_50-02.txt,61.404,0.100,6.140,0,0.000,0.00,0.000,0.000,0.000
5,ec.gp.GPIndividual@1129073508{879817978},3C_20_50-03.txt,30.993,0.100,3.099,0,0.000,0.00,0.000,0.000,0.000
5,ec.gp.GPIndividual@1129073508{879817978},3C_20_66-01.txt,7.322,0.100,0.732,0,0.000,0.00,0.000,0.000,0.000
5,ec.gp.GPIndividual@1129073508{879817978},3C_20_66-02.txt,154.245,0.100,15.424,0,0.000,0.00,0.000,0.000,0.000
5,ec.gp.GPIndividual@1129073508{879817978},3C_20_66-03.txt,118.340,0.100,11.834,0,0.000,0.00,0.000,0.000,0.000
5,ec.gp.GPIndividual@1129073508{879817978},3C_20_80-01.txt,4.194,0.100,0.419,0,0.000,0.00,0.000,0.000,0.000
5,ec.gp.GPIndividual@1129073508{879817978},3C_20_80-02.txt,35.738,0.100,3.574,0,0.000,0.00,0.000,0.000,0.000
5,ec.gp.GPIndividual@1129073508{879817978},3C_20_80-03.txt,169.439,0.100,16.944,0,0.000,0.00,0.000,0.000,0.000
5,ec.gp.GPIndividual@412205423{-350388194},3C_20_50-02.txt,61.404,0.100,6.140,2,0.484,7.89,0.242,0.484,0.000
5,ec.gp.GPIndividual@412205423{-350388194},3C_20_66-03.txt,118.340,0.100,11.834,6,14.328,121.08,2.388,5.891,0.000
5,ec.gp.GPIndividual@927857398{1935696831},3C_20_50-02.txt,61.404,0.100,6.140,8,3.859,62.85,0.482,2.109,0.000
5,ec.gp.GPIndividual@927857398{1935696831},3C_20_66-01.txt,7.322,0.100,0.732,3,4.656,635.91,1.552,4.656,0.000
5,ec.gp.GPIndividual@927857398{1935696831},3C_20_80-01.txt,4.194,0.100,0.419,3,3.125,745.03,1.042,4.656,0.000
5,ec.gp.GPIndividual@927857398{1935696831},3C_20_80-01.txt,4.194,0.100,0.419,6,0.438,104.30,0.073,4.656,0.000
5,ec.gp.GPIndividual@927857398{1935696831},3C_20_80-02.txt,35.738,0.100,3.574,6,3.828,107.12,0.638,4.656,0.000
5,ec.gp.GPIndividual@927857398{1935696831},3C_20_50-03.txt,30.993,0.100,3.099,5,8.016,258.63,1.603,4.828,0.000
5,ec.gp.GPIndividual@927857398{1935696831},3C_20_80-03.txt,169.439,0.100,16.944,2,0.578,3.41,0.289,4.828,0.000
5,ec.gp.GPIndividual@927857398{1935696831},3C_20_80-02.txt,35.738,0.100,3.574,1,0.000,0.00,0.000,4.828,0.000
5,ec.gp.GPIndividual@927857398{1935696831},3C_20_66-02.txt,154.245,0.100,15.424,3,1.016,6.58,0.339,4.828,0.000
5,ec.gp.GPIndividual@927857398{1935696831},3C_20_50-03.txt,30.993,0.100,3.099,2,1.297,41.84,0.648,4.828,0.000
5,ec.gp.GPIndividual@927857398{1935696831},3C_20_80-01.txt,4.194,0.100,0.419,2,1.109,264.48,0.555,4.828,0.000
5,ec.gp.GPIndividual@927857398{1935696831},3C_20_66-01.txt,7.322,0.100,0.732,3,1.563,213.39,0.521,4.828,0.000
5,ec.gp.GPIndividual@927857398{1935696831},3C_20_66-01.txt,7.322,0.100,0.732,2,1.547,211.26,0.773,4.828,0.000
5,ec.gp.GPIndividual@927857398{1935696831},3C_20_80-03.txt,169.439,0.100,16.944,1,0.000,0.00,0.000,4.828,0.000
5,ec.gp.GPIndividual@927857398{1935696831},3C_20_80-02.txt,35.738,0.100,3.574,4,3.359,94.00,0.840,4.828,0.000
5,ec.gp.GPIndividual@927857398{1935696831},3C_20_66-02.txt,154.245,0.100,15.424,8,4.359,28.26,0.545,4.828,0.000
5,ec.gp.GPIndividual@927857398{1935696831},3C_20_80-03.txt,169.439,0.100,16.944,5,12.031,71.01,2.406,5.516,0.000
5,ec.gp.GPIndividual@927857398{1935696831},3C_20_66-02.txt,154.245,0.100,15.424,7,15.641,101.40,2.234,5.641,0.000
5,ec.gp.GPIndividual@307814697{538218370},3C_20_50-02.txt,61.404,0.100,6.140,8,11.266,183.47,1.408,5.813,0.000
5,ec.gp.GPIndividual@307814697{538218370},3C_20_66-03.txt,118.340,0.100,11.834,3,2.828,23.90,0.943,5.813,0.000
5,ec.gp.GPIndividual@554399028{1647813027},3C_20_50-02.txt,61.404,0.100,6.140,9,3.453,56.24,0.384,1.859,0.000
5,ec.gp.GPIndividual@554399028{1647813027},3C_20_50-03.txt,30.993,0.100,3.099,2,1.656,53.44,0.828,1.859,0.000
5,ec.gp.GPIndividual@554399028{1647813027},3C_20_50-03.txt,30.993,0.100,3.099,1,0.000,0.00,0.000,1.859,0.000
5,ec.gp.GPIndividual@926338276{-1191453248},3C_20_50-02.txt,61.404,0.100,6.140,5,3.344,54.45,0.669,1.484,0.000
5,ec.gp.GPIndividual@926338276{-1191453248},3C_20_66-03.txt,118.340,0.100,11.834,1,0.000,0.00,0.000,1.484,0.000
5,ec.gp.GPIndividual@926338276{-1191453248},3C_20_66-03.txt,118.340,0.100,11.834,4,2.688,22.71,0.672,1.484,0.000
5,ec.gp.GPIndividual@926338276{-1191453248},3C_20_66-01.txt,7.322,0.100,0.732,1,0.297,40.54,0.297,1.484,0.000
5,ec.gp.GPIndividual@926338276{-1191453248},3C_20_66-02.txt,154.245,0.100,15.424,2,3.203,20.77,1.602,1.656,0.000
5,ec.gp.GPIndividual@926338276{-1191453248},3C_20_66-03.txt,118.340,0.100,11.834,2,7.203,60.87,3.602,4.813,0.000
5,ec.gp.GPIndividual@926338276{-1191453248},3C_20_50-03.txt,30.993,0.100,3.099,2,4.328,139.65,2.164,4.813,0.000
5,ec.gp.GPIndividual@926338276{-1191453248},3C_20_66-01.txt,7.322,0.100,0.732,3,5.172,706.33,1.724,4.828,0.000
5,ec.gp.GPIndividual@926338276{-1191453248},3C_20_80-01.txt,4.194,0.100,0.419,2,1.250,298.01,0.625,4.828,0.000
5,ec.gp.GPIndividual@926338276{-1191453248},3C_20_66-01.txt,7.322,0.100,0.732,3,5.094,695.66,1.698,4.828,0.000
5,ec.gp.GPIndividual@926338276{-1191453248},3C_20_66-02.txt,154.245,0.100,15.424,7,5.500,35.66,0.786,4.828,0.000
5,ec.gp.GPIndividual@926338276{-1191453248},3C_20_80-01.txt,4.194,0.100,0.419,3,4.734,1128.71,1.578,4.828,0.000
5,ec.gp.GPIndividual@926338276{-1191453248},3C_20_80-01.txt,4.194,0.100,0.419,1,0.313,74.50,0.313,4.828,0.000
5,ec.gp.GPIndividual@926338276{-1191453248},3C_20_80-02.txt,35.738,0.100,3.574,3,3.844,107.55,1.281,4.828,0.000
5,ec.gp.GPIndividual@926338276{-1191453248},3C_20_66-02.txt,154.245,0.100,15.424,3,0.531,3.44,0.177,4.828,0.000
5,ec.gp.GPIndividual@926338276{-1191453248},3C_20_66-03.txt,118.340,0.100,11.834,4,3.844,32.48,0.961,4.828,0.000
5,ec.gp.GPIndividual@926338276{-1191453248},3C_20_80-03.txt,169.439,0.100,16.944,3,8.641,51.00,2.880,4.844,0.000
5,ec.gp.GPIndividual@926338276{-1191453248},3C_20_80-01.txt,4.194,0.100,0.419,5,0.516,122.93,0.103,4.844,0.000
5,ec.gp.GPIndividual@926338276{-1191453248},3C_20_80-02.txt,35.738,0.100,3.574,3,5.141,143.84,1.714,4.844,0.000
5,ec.gp.GPIndividual@926338276{-1191453248},3C_20_80-02.txt,35.738,0.100,3.574,2,1.047,29.29,0.523,4.844,0.000
5,ec.gp.GPIndividual@926338276{-1191453248},3C_20_66-03.txt,118.340,0.100,11.834,6,12.125,102.46,2.021,4.844,0.000
5,ec.gp.GPIndividual@926338276{-1191453248},3C_20_80-02.txt,35.738,0.100,3.574,4,3.609,101.00,0.902,4.844,0.000
5,ec.gp.GPIndividual@926338276{-1191453248},3C_20_80-03.txt,169.439,0.100,16.944,2,6.406,37.81,3.203,6.406,0.000
5,ec.gp.GPIndividual@1384689831{1719806954},3C_20_50-02.txt,61.404,0.100,6.140,0,0.000,0.00,0.000,0.000,0.000
5,ec.gp.GPIndividual@1384689831{1719806954},3C_20_50-03.txt,30.993,0.100,3.099,0,0.000,0.00,0.000,0.000,0.000
5,ec.gp.GPIndividual@1384689831{1719806954},3C_20_66-01.txt,7.322,0.100,0.732,0,0.000,0.00,0.000,0.000,0.000
5,ec.gp.GPIndividual@1384689831{1719806954},3C_20_66-02.txt,154.245,0.100,15.424,0,0.000,0.00,0.000,0.000,0.000
5,ec.gp.GPIndividual@1384689831{1719806954},3C_20_66-03.txt,118.340,0.100,11.834,0,0.000,0.00,0.000,0.000,0.000
5,ec.gp.GPIndividual@1384689831{1719806954},3C_20_80-01.txt,4.194,0.100,0.419,0,0.000,0.00,0.000,0.000,0.000
5,ec.gp.GPIndividual@1384689831{1719806954},3C_20_80-02.txt,35.738,0.100,3.574,0,0.000,0.00,0.000,0.000,0.000
5,ec.gp.GPIndividual@1384689831{1719806954},3C_20_80-03.txt,169.439,0.100,16.944,0,0.000,0.00,0.000,0.000,0.000
5,ec.gp.GPIndividual@140352609{-1061800658},3C_20_50-02.txt,61.404,0.100,6.140,3,1.141,18.58,0.380,0.828,0.000
5,ec.gp.GPIndividual@140352609{-1061800658},3C_20_80-03.txt,169.439,0.100,16.944,4,4.531,26.74,1.133,2.969,0.000
5,ec.gp.GPIndividual@140352609{-1061800658},3C_20_80-01.txt,4.194,0.100,0.419,3,0.469,111.75,0.156,2.969,0.000
5,ec.gp.GPIndividual@140352609{-1061800658},3C_20_80-02.txt,35.738,0.100,3.574,3,6.594,184.50,2.198,4.859,0.000
5,ec.gp.GPIndividual@140352609{-1061800658},3C_20_80-01.txt,4.194,0.100,0.419,3,1.906,454.47,0.635,4.859,0.000
5,ec.gp.GPIndividual@140352609{-1061800658},3C_20_80-03.txt,169.439,0.100,16.944,6,5.422,32.00,0.904,4.859,0.000
5,ec.gp.GPIndividual@140352609{-1061800658},3C_20_80-02.txt,35.738,0.100,3.574,4,5.781,161.77,1.445,4.859,0.000
5,ec.gp.GPIndividual@140352609{-1061800658},3C_20_50-03.txt,30.993,0.100,3.099,2,6.047,195.11,3.023,6.047,0.000
5,ec.gp.GPIndividual@1476480964{1438710721},3C_20_50-02.txt,61.404,0.100,6.140,4,7.969,129.77,1.992,6.016,0.469
5,ec.gp.GPIndividual@1165494801{-21189498},3C_20_50-02.txt,61.404,0.100,6.140,1,0.000,0.00,0.000,0.000,0.000
5,ec.gp.GPIndividual@1165494801{-21189498},3C_20_50-03.txt,30.993,0.100,3.099,1,0.000,0.00,0.000,0.000,0.000
5,ec.gp.GPIndividual@1165494801{-21189498},3C_20_66-01.txt,7.322,0.100,0.732,1,0.000,0.00,0.000,0.000,0.000
5,ec.gp.GPIndividual@1165494801{-21189498},3C_20_66-02.txt,154.245,0.100,15.424,1,0.000,0.00,0.000,0.000,0.000
5,ec.gp.GPIndividual@1165494801{-21189498},3C_20_66-03.txt,118.340,0.100,11.834,1,0.000,0.00,0.000,0.000,0.000
5,ec.gp.GPIndividual@1165494801{-21189498},3C_20_80-01.txt,4.194,0.100,0.419,1,0.000,0.00,0.000,0.000,0.000
5,ec.gp.GPIndividual@1165494801{-21189498},3C_20_80-02.txt,35.738,0.100,3.574,1,0.000,0.00,0.000,0.000,0.000
5,ec.gp.GPIndividual@1165494801{-21189498},3C_20_80-03.txt,169.439,0.100,16.944,1,0.000,0.00,0.000,0.000,0.000
5,ec.gp.GPIndividual@1547295244{-550901289},3C_20_50-02.txt,61.404,0.100,6.140,1,0.000,0.00,0.000,0.000,0.000
5,ec.gp.GPIndividual@1547295244{-550901289},3C_20_66-02.txt,154.245,0.100,15.424,7,5.844,37.89,0.835,1.375,0.000
5,ec.gp.GPIndividual@1547295244{-550901289},3C_20_66-03.txt,118.340,0.100,11.834,7,6.641,56.12,0.949,4.359,0.000
5,ec.gp.GPIndividual@1547295244{-550901289},3C_20_66-03.txt,118.340,0.100,11.834,1,1.828,15.45,1.828,4.359,0.000
5,ec.gp.GPIndividual@1547295244{-550901289},3C_20_50-03.txt,30.993,0.100,3.099,3,2.563,82.68,0.854,4.359,0.000
5,ec.gp.GPIndividual@1730718709{764917372},3C_20_50-02.txt,61.404,0.100,6.140,7,9.047,147.33,1.292,3.531,0.000
5,ec.gp.GPIndividual@1730718709{764917372},3C_20_80-01.txt,4.194,0.100,0.419,1,0.344,81.95,0.344,3.531,0.000
5,ec.gp.GPIndividual@1730718709{764917372},3C_20_80-01.txt,4.194,0.100,0.419,2,0.969,230.96,0.484,3.531,0.000
5,ec.gp.GPIndividual@1730718709{764917372},3C_20_50-03.txt,30.993,0.100,3.099,6,3.547,114.44,0.591,3.531,0.000
5,ec.gp.GPIndividual@1730718709{764917372},3C_20_66-01.txt,7.322,0.100,0.732,3,1.703,232.60,0.568,3.531,0.000
5,ec.gp.GPIndividual@1730718709{764917372},3C_20_66-01.txt,7.322,0.100,0.732,4,1.766,241.13,0.441,3.531,0.000
5,ec.gp.GPIndividual@1730718709{764917372},3C_20_66-02.txt,154.245,0.100,15.424,1,0.000,0.00,0.000,3.531,0.000
5,ec.gp.GPIndividual@1730718709{764917372},3C_20_80-02.txt,35.738,0.100,3.574,1,0.078,2.19,0.078,3.531,0.000
5,ec.gp.GPIndividual@1730718709{764917372},3C_20_80-02.txt,35.738,0.100,3.574,3,0.969,27.11,0.323,3.531,0.000
5,ec.gp.GPIndividual@1730718709{764917372},3C_20_66-02.txt,154.245,0.100,15.424,9,8.016,51.97,0.891,3.531,0.000
5,ec.gp.GPIndividual@1730718709{764917372},3C_20_80-03.txt,169.439,0.100,16.944,3,2.375,14.02,0.792,3.531,0.000
5,ec.gp.GPIndividual@1730718709{764917372},3C_20_66-03.txt,118.340,0.100,11.834,2,0.766,6.47,0.383,3.531,0.000
5,ec.gp.GPIndividual@1730718709{764917372},3C_20_80-03.txt,169.439,0.100,16.944,2,0.906,5.35,0.453,3.531,0.000
5,ec.gp.GPIndividual@1730718709{764917372},3C_20_66-03.txt,118.340,0.100,11.834,5,13.594,114.87,2.719,3.531,0.000
5,ec.gp.GPIndividual@1730718709{764917372},3C_20_80-01.txt,4.194,0.100,0.419,5,1.016,242.13,0.203,3.531,0.000
5,ec.gp.GPIndividual@1205075036{-508874858},3C_20_50-02.txt,61.404,0.100,6.140,1,0.000,0.00,0.000,0.000,0.000
5,ec.gp.GPIndividual@1205075036{-508874858},3C_20_50-03.txt,30.993,0.100,3.099,1,0.000,0.00,0.000,0.000,0.000
5,ec.gp.GPIndividual@1205075036{-508874858},3C_20_66-01.txt,7.322,0.100,0.732,1,0.000,0.00,0.000,0.000,0.000
5,ec.gp.GPIndividual@1205075036{-508874858},3C_20_66-02.txt,154.245,0.100,15.424,1,0.000,0.00,0.000,0.000,0.000
5,ec.gp.GPIndividual@1205075036{-508874858},3C_20_66-03.txt,118.340,0.100,11.834,1,0.000,0.00,0.000,0.000,0.000
5,ec.gp.GPIndividual@1205075036{-508874858},3C_20_80-01.txt,4.194,0.100,0.419,1,0.000,0.00,0.000,0.000,0.000
5,ec.gp.GPIndividual@1205075036{-508874858},3C_20_80-02.txt,35.738,0.100,3.574,1,0.000,0.00,0.000,0.000,0.000
5,ec.gp.GPIndividual@1205075036{-508874858},3C_20_80-03.txt,169.439,0.100,16.944,1,0.000,0.00,0.000,0.000,0.000
5,ec.gp.GPIndividual@558757579{-60914999},3C_20_50-02.txt,61.404,0.100,6.140,3,1.281,20.87,0.427,0.547,0.234
5,ec.gp.GPIndividual@558757579{-60914999},3C_20_80-03.txt,169.439,0.100,16.944,2,0.516,3.04,0.258,0.547,0.000
5,ec.gp.GPIndividual@558757579{-60914999},3C_20_80-03.txt,169.439,0.100,16.944,10,21.406,126.34,2.141,5.234,0.000
5,ec.gp.GPIndividual@61849683{1358293144},3C_20_50-02.txt,61.404,0.100,6.140,6,3.188,51.91,0.531,1.141,0.000
5,ec.gp.GPIndividual@61849683{1358293144},3C_20_50-03.txt,30.993,0.100,3.099,5,2.703,87.22,0.541,1.922,0.000
5,ec.gp.GPIndividual@61849683{1358293144},3C_20_66-01.txt,7.322,0.100,0.732,2,1.484,202.72,0.742,1.922,0.000
5,ec.gp.GPIndividual@61849683{1358293144},3C_20_66-01.txt,7.322,0.100,0.732,7,0.813,110.96,0.116,1.922,0.000
5,ec.gp.GPIndividual@61849683{1358293144},3C_20_66-02.txt,154.245,0.100,15.424,1,0.000,0.00,0.000,1.922,0.000
5,ec.gp.GPIndividual@61849683{1358293144},3C_20_66-02.txt,154.245,0.100,15.424,7,3.125,20.26,0.446,1.922,0.000
5,ec.gp.GPIndividual@61849683{1358293144},3C_20_66-03.txt,118.340,0.100,11.834,8,11.453,96.78,1.432,4.297,0.000
5,ec.gp.GPIndividual@61849683{1358293144},3C_20_80-01.txt,4.194,0.100,0.419,5,1.984,473.09,0.397,4.297,0.000
5,ec.gp.GPIndividual@61849683{1358293144},3C_20_66-03.txt,118.340,0.100,11.834,1,0.078,0.66,0.078,4.297,0.000
5,ec.gp.GPIndividual@61849683{1358293144},3C_20_80-02.txt,35.738,0.100,3.574,6,3.141,87.88,0.523,4.297,0.000
5,ec.gp.GPIndividual@61849683{1358293144},3C_20_80-03.txt,169.439,0.100,16.944,10,15.672,92.49,1.567,6.281,0.000
5,ec.gp.GPIndividual@61849683{1358293144},3C_20_80-01.txt,4.194,0.100,0.419,5,0.391,93.13,0.078,6.281,0.000
5,ec.gp.GPIndividual@61849683{1358293144},3C_20_80-02.txt,35.738,0.100,3.574,4,4.813,134.66,1.203,6.281,0.000
6,ec.gp.GPIndividual@1073169122{-8099621},3C_20_50-02.txt,61.404,0.100,6.140,3,0.000,0.00,0.000,0.000,0.000
6,ec.gp.GPIndividual@1073169122{-8099621},3C_20_50-03.txt,30.993,0.100,3.099,1,0.000,0.00,0.000,0.000,0.000
6,ec.gp.GPIndividual@1073169122{-8099621},3C_20_66-01.txt,7.322,0.100,0.732,1,0.000,0.00,0.000,0.000,0.000
6,ec.gp.GPIndividual@1073169122{-8099621},3C_20_66-02.txt,154.245,0.100,15.424,1,0.000,0.00,0.000,0.000,0.000
6,ec.gp.GPIndividual@1073169122{-8099621},3C_20_66-03.txt,118.340,0.100,11.834,1,0.000,0.00,0.000,0.000,0.000
6,ec.gp.GPIndividual@1073169122{-8099621},3C_20_80-01.txt,4.194,0.100,0.419,1,0.000,0.00,0.000,0.000,0.000
6,ec.gp.GPIndividual@1073169122{-8099621},3C_20_80-02.txt,35.738,0.100,3.574,1,0.000,0.00,0.000,0.000,0.000
6,ec.gp.GPIndividual@1073169122{-8099621},3C_20_80-03.txt,169.439,0.100,16.944,1,0.000,0.00,0.000,0.000,0.000
6,ec.gp.GPIndividual@1478076863{-1163848602},3C_20_50-02.txt,61.404,0.100,6.140,10,7.000,114.00,0.700,1.875,0.000
6,ec.gp.GPIndividual@1478076863{-1163848602},3C_20_50-03.txt,30.993,0.100,3.099,3,3.750,121.00,1.250,1.875,0.000
6,ec.gp.GPIndividual@1478076863{-1163848602},3C_20_50-03.txt,30.993,0.100,3.099,5,4.000,129.06,0.800,1.875,0.000
6,ec.gp.GPIndividual@1478076863{-1163848602},3C_20_50-03.txt,30.993,0.100,3.099,1,0.000,0.00,0.000,1.875,0.000
6,ec.gp.GPIndividual@1478076863{-1163848602},3C_20_50-03.txt,30.993,0.100,3.099,4,4.109,132.59,1.027,1.875,0.000
6,ec.gp.GPIndividual@1478076863{-1163848602},3C_20_66-01.txt,7.322,0.100,0.732,3,0.156,21.34,0.052,1.875,0.000
6,ec.gp.GPIndividual@1478076863{-1163848602},3C_20_66-01.txt,7.322,0.100,0.732,3,1.266,172.85,0.422,1.875,0.000
6,ec.gp.GPIndividual@1478076863{-1163848602},3C_20_50-03.txt,30.993,0.100,3.099,3,0.813,26.22,0.271,1.875,0.000
6,ec.gp.GPIndividual@1478076863{-1163848602},3C_20_50-03.txt,30.993,0.100,3.099,3,0.141,4.54,0.047,1.875,0.000
6,ec.gp.GPIndividual@1478076863{-1163848602},3C_20_66-02.txt,154.245,0.100,15.424,5,4.063,26.34,0.813,1.875,0.000
6,ec.gp.GPIndividual@1478076863{-1163848602},3C_20_66-02.txt,154.245,0.100,15.424,8,17.938,116.29,2.242,4.578,0.000
6,ec.gp.GPIndividual@1478076863{-1163848602},3C_20_66-01.txt,7.322,0.100,0.732,2,1.234,168.58,0.617,4.578,0.000
6,ec.gp.GPIndividual@1478076863{-1163848602},3C_20_66-03.txt,118.340,0.100,11.834,2,1.406,11.88,0.703,4.578,0.000
6,ec.gp.GPIndividual@1478076863{-1163848602},3C_20_66-03.txt,118.340,0.100,11.834,2,1.344,11.36,0.672,4.578,0.000
6,ec.gp.GPIndividual@1478076863{-1163848602},3C_20_66-01.txt,7.322,0.100,0.732,1,4.344,593.23,4.344,4.578,0.000
6,ec.gp.GPIndividual@1478076863{-1163848602},3C_20_66-01.txt,7.322,0.100,0.732,3,4.500,614.57,1.500,4.578,0.000
6,ec.gp.GPIndividual@1478076863{-1163848602},3C_20_66-01.txt,7.322,0.100,0.732,5,1.500,204.86,0.300,4.578,0.000
6,ec.gp.GPIndividual@1478076863{-1163848602},3C_20_66-02.txt,154.245,0.100,15.424,5,1.453,9.42,0.291,4.578,0.000
6,ec.gp.GPIndividual@1478076863{-1163848602},3C_20_66-02.txt,154.245,0.100,15.424,4,6.375,41.33,1.594,4.578,0.000
6,ec.gp.GPIndividual@1478076863{-1163848602},3C_20_66-02.txt,154.245,0.100,15.424,4,3.797,24.62,0.949,4.578,0.000
6,ec.gp.GPIndividual@1478076863{-1163848602},3C_20_66-02.txt,154.245,0.100,15.424,7,16.344,105.96,2.335,4.813,0.000
6,ec.gp.GPIndividual@1478076863{-1163848602},3C_20_66-03.txt,118.340,0.100,11.834,4,2.984,25.22,0.746,4.813,0.000
6,ec.gp.GPIndividual@1478076863{-1163848602},3C_20_66-03.txt,118.340,0.100,11.834,3,2.406,20.33,0.802,4.813,0.000
6,ec.gp.GPIndividual@1478076863{-1163848602},3C_20_80-01.txt,4.194,0.100,0.419,1,1.375,327.81,1.375,4.813,0.000
6,ec.gp.GPIndividual@1478076863{-1163848602},3C_20_66-03.txt,118.340,0.100,11.834,7,9.969,84.24,1.424,4.813,0.000
6,ec.gp.GPIndividual@1478076863{-1163848602},3C_20_80-02.txt,35.738,0.100,3.574,1,2.000,55.96,2.000,4.813,0.000
6,ec.gp.GPIndividual@1478076863{-1163848602},3C_20_80-01.txt,4.194,0.100,0.419,3,1.609,383.69,0.536,4.813,0.000
6,ec.gp.GPIndividual@1478076863{-1163848602},3C_20_66-03.txt,118.340,0.100,11.834,12,17.656,149.20,1.471,4.906,0.000
6,ec.gp.GPIndividual@1478076863{-1163848602},3C_20_80-02.txt,35.738,0.100,3.574,1,0.000,0.00,0.000,4.906,0.000
6,ec.gp.GPIndividual@1478076863{-1163848602},3C_20_80-01.txt,4.194,0.100,0.419,3,2.391,569.94,0.797,4.906,0.000
6,ec.gp.GPIndividual@1478076863{-1163848602},3C_20_80-03.txt,169.439,0.100,16.944,3,3.813,22.50,1.271,4.906,0.000
6,ec.gp.GPIndividual@1478076863{-1163848602},3C_20_80-02.txt,35.738,0.100,3.574,2,1.469,41.10,0.734,4.906,0.000
6,ec.gp.GPIndividual@1478076863{-1163848602},3C_20_80-01.txt,4.194,0.100,0.419,4,0.500,119.20,0.125,4.906,0.000
6,ec.gp.GPIndividual@1478076863{-1163848602},3C_20_80-02.txt,35.738,0.100,3.574,5,3.672,102.74,0.734,4.906,0.000
6,ec.gp.GPIndividual@1478076863{-1163848602},3C_20_80-03.txt,169.439,0.100,16.944,5,7.219,42.60,1.444,4.906,0.000
6,ec.gp.GPIndividual@1478076863{-1163848602},3C_20_80-03.txt,169.439,0.100,16.944,1,5.328,31.45,5.328,5.328,0.000
6,ec.gp.GPIndividual@1478076863{-1163848602},3C_20_80-01.txt,4.194,0.100,0.419,2,5.500,1311.25,2.750,5.500,0.000
6,ec.gp.GPIndividual@126653181{-861266298},3C_20_50-02.txt,61.404,0.100,6.140,0,0.000,0.00,0.000,0.000,0.000
6,ec.gp.GPIndividual@126653181{-861266298},3C_20_50-03.txt,30.993,0.100,3.099,0,0.000,0.00,0.000,0.000,0.000
6,ec.gp.GPIndividual@126653181{-861266298},3C_20_66-01.txt,7.322,0.100,0.732,0,0.000,0.00,0.000,0.000,0.000
6,ec.gp.GPIndividual@126653181{-861266298},3C_20_66-02.txt,154.245,0.100,15.424,0,0.000,0.00,0.000,0.000,0.000
6,ec.gp.GPIndividual@126653181{-861266298},3C_20_66-03.txt,118.340,0.100,11.834,0,0.000,0.00,0.000,0.000,0.000
6,ec.gp.GPIndividual@126653181{-861266298},3C_20_80-01.txt,4.194,0.100,0.419,0,0.000,0.00,0.000,0.000,0.000
6,ec.gp.GPIndividual@126653181{-861266298},3C_20_80-02.txt,35.738,0.100,3.574,0,0.000,0.00,0.000,0.000,0.000
6,ec.gp.GPIndividual@126653181{-861266298},3C_20_80-03.txt,169.439,0.100,16.944,0,0.000,0.00,0.000,0.000,0.000
6,ec.gp.GPIndividual@641396227{-184235172},3C_20_50-02.txt,61.404,0.100,6.140,6,9.719,158.27,1.620,4.906,0.281
6,ec.gp.GPIndividual@641396227{-184235172},3C_20_80-01.txt,4.194,0.100,0.419,2,0.531,126.65,0.266,4.906,0.000
6,ec.gp.GPIndividual@641396227{-184235172},3C_20_80-02.txt,35.738,0.100,3.574,9,8.813,246.59,0.979,5.734,0.000
6,ec.gp.GPIndividual@1506353076{-687659889},3C_20_50-02.txt,61.404,0.100,6.140,6,2.188,35.62,0.365,1.000,0.000
6,ec.gp.GPIndividual@1506353076{-687659889},3C_20_50-03.txt,30.993,0.100,3.099,5,8.188,264.18,1.638,5.641,0.000
6,ec.gp.GPIndividual@1089538882{236487798},3C_20_50-02.txt,61.404,0.100,6.140,1,0.000,0.00,0.000,0.000,0.000
6,ec.gp.GPIndividual@1089538882{236487798},3C_20_50-03.txt,30.993,0.100,3.099,1,0.000,0.00,0.000,0.000,0.000
6,ec.gp.GPIndividual@1089538882{236487798},3C_20_66-01.txt,7.322,0.100,0.732,1,0.000,0.00,0.000,0.000,0.000
6,ec.gp.GPIndividual@1089538882{236487798},3C_20_66-02.txt,154.245,0.100,15.424,1,0.000,0.00,0.000,0.000,0.000
6,ec.gp.GPIndividual@1089538882{236487798},3C_20_66-03.txt,118.340,0.100,11.834,1,0.000,0.00,0.000,0.000,0.000
6,ec.gp.GPIndividual@1089538882{236487798},3C_20_80-01.txt,4.194,0.100,0.419,1,0.000,0.00,0.000,0.000,0.000
6,ec.gp.GPIndividual@1089538882{236487798},3C_20_80-02.txt,35.738,0.100,3.574,1,0.000,0.00,0.000,0.000,0.000
6,ec.gp.GPIndividual@1089538882{236487798},3C_20_80-03.txt,169.439,0.100,16.944,1,0.000,0.00,0.000,0.000,0.000
6,ec.gp.GPIndividual@1466664563{1896734112},3C_20_50-02.txt,61.404,0.100,6.140,2,1.094,17.81,0.547,1.094,0.000
6,ec.gp.GPIndividual@1466664563{1896734112},3C_20_80-02.txt,35.738,0.100,3.574,3,1.563,43.72,0.521,1.250,0.000
6,ec.gp.GPIndividual@1466664563{1896734112},3C_20_80-03.txt,169.439,0.100,16.944,8,4.734,27.94,0.592,1.391,0.000
6,ec.gp.GPIndividual@1466664563{1896734112},3C_20_80-03.txt,169.439,0.100,16.944,4,3.344,19.73,0.836,1.797,0.000
6,ec.gp.GPIndividual@1466664563{1896734112},3C_20_50-03.txt,30.993,0.100,3.099,4,2.781,89.74,0.695,1.797,0.000
6,ec.gp.GPIndividual@1466664563{1896734112},3C_20_50-03.txt,30.993,0.100,3.099,3,3.359,108.39,1.120,1.953,0.000
6,ec.gp.GPIndividual@1466664563{1896734112},3C_20_80-03.txt,169.439,0.100,16.944,7,18.141,107.06,2.592,5.906,0.000
6,ec.gp.GPIndividual@1785970076{221860520},3C_20_50-02.txt,61.404,0.100,6.140,6,6.469,105.35,1.078,4.141,0.000
6,ec.gp.GPIndividual@1785970076{221860520},3C_20_66-01.txt,7.322,0.100,0.732,5,4.813,657.25,0.963,4.297,0.000
6,ec.gp.GPIndividual@1785970076{221860520},3C_20_66-01.txt,7.322,0.100,0.732,2,0.156,21.34,0.078,4.297,0.000
6,ec.gp.GPIndividual@1785970076{221860520},3C_20_66-02.txt,154.245,0.100,15.424,5,9.688,62.81,1.938,5.828,0.000
6,ec.gp.GPIndividual@1438534134{110647473},3C_20_50-02.txt,61.404,0.100,6.140,8,6.703,109.16,0.838,4.359,0.000
6,ec.gp.GPIndividual@1438534134{110647473},3C_20_66-02.txt,154.245,0.100,15.424,1,0.000,0.00,0.000,4.359,0.000
6,ec.gp.GPIndividual@1438534134{110647473},3C_20_50-03.txt,30.993,0.100,3.099,3,0.844,27.22,0.281,4.359,0.000
6,ec.gp.GPIndividual@1438534134{110647473},3C_20_66-01.txt,7.322,0.100,0.732,5,3.281,448.12,0.656,4.359,0.000
6,ec.gp.GPIndividual@1438534134{110647473},3C_20_66-03.txt,118.340,0.100,11.834,3,3.594,30.37,1.198,4.359,0.000
6,ec.gp.GPIndividual@1438534134{110647473},3C_20_66-02.txt,154.245,0.100,15.424,7,15.484,100.39,2.212,4.359,0.000
6,ec.gp.GPIndividual@1438534134{110647473},3C_20_66-01.txt,7.322,0.100,0.732,3,1.750,239.00,0.583,4.359,0.000
6,ec.gp.GPIndividual@1438534134{110647473},3C_20_66-03.txt,118.340,0.100,11.834,7,9.734,82.26,1.391,4.891,0.000
6,ec.gp.GPIndividual@1438534134{110647473},3C_20_66-02.txt,154.245,0.100,15.424,2,4.953,32.11,2.477,4.953,0.000
6,ec.gp.GPIndividual@723660244{355562152},3C_20_50-02.txt,61.404,0.100,6.140,11,8.531,138.94,0.776,2.813,0.000
6,ec.gp.GPIndividual@723660244{355562152},3C_20_66-03.txt,118.340,0.100,11.834,1,0.000,0.00,0.000,2.813,0.000
6,ec.gp.GPIndividual@723660244{355562152},3C_20_80-01.txt,4.194,0.100,0.419,2,1.234,294.29,0.617,2.813,0.000
6,ec.gp.GPIndividual@723660244{355562152},3C_20_50-03.txt,30.993,0.100,3.099,5,3.375,108.90,0.675,2.813,0.000
6,ec.gp.GPIndividual@723660244{355562152},3C_20_50-03.txt,30.993,0.100,3.099,5,6.188,199.64,1.238,4.844,0.000
6,ec.gp.GPIndividual@723660244{355562152},3C_20_80-01.txt,4.194,0.100,0.419,5,1.688,402.31,0.338,4.844,0.000
6,ec.gp.GPIndividual@723660244{355562152},3C_20_66-01.txt,7.322,0.100,0.732,4,2.328,317.95,0.582,4.844,0.000
6,ec.gp.GPIndividual@723660244{355562152},3C_20_80-02.txt,35.738,0.100,3.574,1,0.000,0.00,0.000,4.844,0.000
6,ec.gp.GPIndividual@723660244{355562152},3C_20_66-03.txt,118.340,0.100,11.834,1,0.938,7.92,0.938,4.844,0.000
6,ec.gp.GPIndividual@723660244{355562152},3C_20_80-02.txt,35.738,0.100,3.574,2,0.391,10.93,0.195,4.844,0.000
6,ec.gp.GPIndividual@723660244{355562152},3C_20_66-01.txt,7.322,0.100,0.732,4,1.172,160.04,0.293,4.844,0.000
6,ec.gp.GPIndividual@723660244{355562152},3C_20_66-02.txt,154.245,0.100,15.424,13,17.031,110.42,1.310,4.844,0.000
6,ec.gp.GPIndividual@723660244{355562152},3C_20_80-03.txt,169.439,0.100,16.944,7,9.750,57.54,1.393,4.906,0.000
6,ec.gp.GPIndividual@723660244{355562152},3C_20_80-03.txt,169.439,0.100,16.944,6,6.703,39.56,1.117,4.906,0.000
6,ec.gp.GPIndividual@723660244{355562152},3C_20_66-03.txt,118.340,0.100,11.834,7,11.484,97.05,1.641,5.891,0.000
6,ec.gp.GPIndividual@1550102046{341481237},3C_20_50-02.txt,61.404,0.100,6.140,6,10.813,176.09,1.802,5.766,0.000
6,ec.gp.GPIndividual@1550102046{341481237},3C_20_80-01.txt,4.194,0.100,0.419,4,0.859,204.88,0.215,5.766,0.000
6,ec.gp.GPIndividual@1550102046{341481237},3C_20_80-02.txt,35.738,0.100,3.574,2,6.453,180.57,3.227,6.453,0.000
6,ec.gp.GPIndividual@867284587{1545387539},3C_20_50-02.txt,61.404,0.100,6.140,1,0.000,0.00,0.000,0.000,0.000
6,ec.gp.GPIndividual@867284587{1545387539},3C_20_66-02.txt,154.245,0.100,15.424,7,9.797,63.52,1.400,4.750,0.000
6,ec.gp.GPIndividual@867284587{1545387539},3C_20_80-01.txt,4.194,0.100,0.419,2,1.766,420.94,0.883,4.750,0.000
6,ec.gp.GPIndividual@867284587{1545387539},3C_20_80-03.txt,169.439,0.100,16.944,11,16.203,95.63,1.473,4.750,0.000
6,ec.gp.GPIndividual@867284587{1545387539},3C_20_50-03.txt,30.993,0.100,3.099,5,6.766,218.30,1.353,4.750,0.000
6,ec.gp.GPIndividual@867284587{1545387539},3C_20_80-01.txt,4.194,0.100,0.419,1,0.000,0.00,0.000,4.750,0.000
6,ec.gp.GPIndividual@867284587{1545387539},3C_20_50-03.txt,30.993,0.100,3.099,5,3.438,110.91,0.688,4.750,0.000
6,ec.gp.GPIndividual@867284587{1545387539},3C_20_66-01.txt,7.322,0.100,0.732,4,0.797,108.83,0.199,4.750,0.000
6,ec.gp.GPIndividual@867284587{1545387539},3C_20_66-02.txt,154.245,0.100,15.424,1,0.000,0.00,0.000,4.750,0.000
6,ec.gp.GPIndividual@867284587{1545387539},3C_20_66-03.txt,118.340,0.100,11.834,6,1.422,12.02,0.237,4.750,0.000
6,ec.gp.GPIndividual@867284587{1545387539},3C_20_80-02.txt,35.738,0.100,3.574,2,7.219,201.99,3.609,5.797,0.000
6,ec.gp.GPIndividual@904362526{967707105},3C_20_50-02.txt,61.404,0.100,6.140,1,1.000,16.29,1.000,1.000,1.000
6,ec.gp.GPIndividual@904362526{967707105},3C_20_80-02.txt,35.738,0.100,3.574,2,0.484,13.55,0.242,1.000,0.000
6,ec.gp.GPIndividual@904362526{967707105},3C_20_50-03.txt,30.993,0.100,3.099,8,5.359,172.92,0.670,2.344,0.000
6,ec.gp.GPIndividual@904362526{967707105},3C_20_66-03.txt,118.340,0.100,11.834,3,2.328,19.67,0.776,2.344,0.000
6,ec.gp.GPIndividual@904362526{967707105},3C_20_66-01.txt,7.322,0.100,0.732,0,0.000,0.00,0.000,2.344,0.000
6,ec.gp.GPIndividual@904362526{967707105},3C_20_66-01.txt,7.322,0.100,0.732,2,1.484,202.72,0.742,2.344,0.000
6,ec.gp.GPIndividual@904362526{967707105},3C_20_80-03.txt,169.439,0.100,16.944,1,0.000,0.00,0.000,2.344,0.000
6,ec.gp.GPIndividual@904362526{967707105},3C_20_80-03.txt,169.439,0.100,16.944,2,0.875,5.16,0.438,2.344,0.000
6,ec.gp.GPIndividual@904362526{967707105},3C_20_66-02.txt,154.245,0.100,15.424,2,2.672,17.32,1.336,2.344,0.000
6,ec.gp.GPIndividual@904362526{967707105},3C_20_66-03.txt,118.340,0.100,11.834,4,12.703,107.34,3.176,4.875,0.000
6,ec.gp.GPIndividual@904362526{967707105},3C_20_66-02.txt,154.245,0.100,15.424,3,0.344,2.23,0.115,4.875,0.000
6,ec.gp.GPIndividual@904362526{967707105},3C_20_80-01.txt,4.194,0.100,0.419,4,3.359,800.90,0.840,4.875,0.000
6,ec.gp.GPIndividual@904362526{967707105},3C_20_80-02.txt,35.738,0.100,3.574,2,5.594,156.52,2.797,5.594,0.000
6,ec.gp.GPIndividual@1942689264{1595197478},3C_20_50-02.txt,61.404,0.100,6.140,1,0.000,0.00,0.000,0.000,0.000
6,ec.gp.GPIndividual@1942689264{1595197478},3C_20_80-01.txt,4.194,0.100,0.419,4,0.656,156.46,0.164,0.484,0.000
6,ec.gp.GPIndividual@1942689264{1595197478},3C_20_50-03.txt,30.993,0.100,3.099,6,6.094,196.62,1.016,5.938,0.000
6,ec.gp.GPIndividual@808900882{-1527817668},3C_20_50-02.txt,61.404,0.100,6.140,5,8.672,141.23,1.734,4.813,0.000
6,ec.gp.GPIndividual@808900882{-1527817668},3C_20_80-01.txt,4.194,0.100,0.419,1,0.172,40.98,0.172,4.813,0.000
6,ec.gp.GPIndividual@808900882{-1527817668},3C_20_80-02.txt,35.738,0.100,3.574,4,3.203,89.63,0.801,4.813,0.000
6,ec.gp.GPIndividual@808900882{-1527817668},3C_20_50-03.txt,30.993,0.100,3.099,6,3.109,100.33,0.518,4.813,0.000
6,ec.gp.GPIndividual@808900882{-1527817668},3C_20_80-02.txt,35.738,0.100,3.574,3,1.547,43.28,0.516,4.813,0.000
6,ec.gp.GPIndividual@808900882{-1527817668},3C_20_80-03.txt,169.439,0.100,16.944,2,1.891,11.16,0.945,4.813,0.000
6,ec.gp.GPIndividual@808900882{-1527817668},3C_20_80-03.txt,169.439,0.100,16.944,2,0.813,4.80,0.406,4.813,0.000
6,ec.gp.GPIndividual@808900882{-1527817668},3C_20_66-03.txt,118.340,0.100,11.834,2,0.641,5.41,0.320,4.813,0.000
6,ec.gp.GPIndividual@808900882{-1527817668},3C_20_66-01.txt,7.322,0.100,0.732,2,1.313,179.25,0.656,4.813,0.000
6,ec.gp.GPIndividual@808900882{-1527817668},3C_20_66-01.txt,7.322,0.100,0.732,4,0.953,130.17,0.238,4.813,0.000
6,ec.gp.GPIndividual@808900882{-1527817668},3C_20_66-02.txt,154.245,0.100,15.424,3,0.172,1.11,0.057,4.813,0.000
6,ec.gp.GPIndividual@808900882{-1527817668},3C_20_66-02.txt,154.245,0.100,15.424,8,15.813,102.52,1.977,4.813,0.000
6,ec.gp.GPIndividual@808900882{-1527817668},3C_20_80-01.txt,4.194,0.100,0.419,2,1.391,331.54,0.695,4.813,0.000
6,ec.gp.GPIndividual@808900882{-1527817668},3C_20_66-03.txt,118.340,0.100,11.834,4,12.281,103.78,3.070,6.078,0.000
6,ec.gp.GPIndividual@397543508{392389224},3C_20_50-02.txt,61.404,0.100,6.140,8,6.922,112.73,0.865,1.500,0.000
6,ec.gp.GPIndividual@397543508{392389224},3C_20_50-03.txt,30.993,0.100,3.099,2,0.156,5.04,0.078,1.500,0.000
6,ec.gp.GPIndividual@397543508{392389224},3C_20_80-02.txt,35.738,0.100,3.574,6,1.906,53.34,0.318,1.500,0.000
6,ec.gp.GPIndividual@397543508{392389224},3C_20_66-03.txt,118.340,0.100,11.834,3,2.266,19.15,0.755,2.266,0.000
6,ec.gp.GPIndividual@1110842800{-1429664164},3C_20_50-02.txt,61.404,0.100,6.140,5,3.109,50.64,0.622,1.391,0.000
6,ec.gp.GPIndividual@1110842800{-1429664164},3C_20_80-03.txt,169.439,0.100,16.944,10,17.891,105.59,1.789,4.859,0.000
6,ec.gp.GPIndividual@1110842800{-1429664164},3C_20_80-01.txt,4.194,0.100,0.419,5,0.516,122.93,0.103,4.859,0.000
6,ec.gp.GPIndividual@1110842800{-1429664164},3C_20_80-02.txt,35.738,0.100,3.574,3,5.484,153.46,1.828,4.859,0.000
6,ec.gp.GPIndividual@1110842800{-1429664164},3C_20_66-01.txt,7.322,0.100,0.732,3,0.844,115.23,0.281,4.859,0.000
6,ec.gp.GPIndividual@1110842800{-1429664164},3C_20_50-03.txt,30.993,0.100,3.099,2,1.344,43.36,0.672,4.859,0.000
6,ec.gp.GPIndividual@1110842800{-1429664164},3C_20_80-03.txt,169.439,0.100,16.944,5,4.594,27.11,0.919,4.859,0.000
6,ec.gp.GPIndividual@1110842800{-1429664164},3C_20_80-01.txt,4.194,0.100,0.419,4,0.344,81.95,0.086,4.859,0.000
6,ec.gp.GPIndividual@1110842800{-1429664164},3C_20_80-02.txt,35.738,0.100,3.574,3,7.313,204.61,2.438,5.875,0.000
6,ec.gp.GPIndividual@2022241124{2099507142},3C_20_50-02.txt,61.404,0.100,6.140,3,0.828,13.49,0.276,0.828,0.000
6,ec.gp.GPIndividual@2022241124{2099507142},3C_20_66-02.txt,154.245,0.100,15.424,10,11.063,71.72,1.106,2.500,0.000
6,ec.gp.GPIndividual@2022241124{2099507142},3C_20_80-03.txt,169.439,0.100,16.944,4,4.453,26.28,1.113,2.500,0.000
6,ec.gp.GPIndividual@2022241124{2099507142},3C_20_80-03.txt,169.439,0.100,16.944,6,14.125,83.36,2.354,5.672,0.000
6,ec.gp.GPIndividual@2022241124{2099507142},3C_20_50-03.txt,30.993,0.100,3.099,3,1.453,46.89,0.484,5.672,0.000
6,ec.gp.GPIndividual@2022241124{2099507142},3C_20_66-03.txt,118.340,0.100,11.834,8,16.125,136.26,2.016,5.875,0.000
6,ec.gp.GPIndividual@2022241124{2099507142},3C_20_66-01.txt,7.322,0.100,0.732,5,1.000,136.57,0.200,5.875,0.000
6,ec.gp.GPIndividual@1031687916{1417275443},3C_20_50-02.txt,61.404,0.100,6.140,3,6.156,100.26,2.052,6.016,0.000
6,ec.gp.GPIndividual@1841794137{-571055653},3C_20_50-02.txt,61.404,0.100,6.140,0,0.000,0.00,0.000,0.000,0.000
6,ec.gp.GPIndividual@1841794137{-571055653},3C_20_50-03.txt,30.993,0.100,3.099,0,0.000,0.00,0.000,0.000,0.000
6,ec.gp.GPIndividual@1841794137{-571055653},3C_20_66-01.txt,7.322,0.100,0.732,0,0.000,0.00,0.000,0.000,0.000
6,ec.gp.GPIndividual@1841794137{-571055653},3C_20_66-02.txt,154.245,0.100,15.424,0,0.000,0.00,0.000,0.000,0.000
6,ec.gp.GPIndividual@1841794137{-571055653},3C_20_66-03.txt,118.340,0.100,11.834,0,0.000,0.00,0.000,0.000,0.000
6,ec.gp.GPIndividual@1841794137{-571055653},3C_20_80-01.txt,4.194,0.100,0.419,0,0.000,0.00,0.000,0.000,0.000
6,ec.gp.GPIndividual@1841794137{-571055653},3C_20_80-02.txt,35.738,0.100,3.574,0,0.000,0.00,0.000,0.000,0.000
6,ec.gp.GPIndividual@1841794137{-571055653},3C_20_80-03.txt,169.439,0.100,16.944,0,0.000,0.00,0.000,0.000,0.000
6,ec.gp.GPIndividual@143806216{34203658},3C_20_50-02.txt,61.404,0.100,6.140,0,0.000,0.00,0.000,0.000,0.000
6,ec.gp.GPIndividual@143806216{34203658},3C_20_50-03.txt,30.993,0.100,3.099,0,0.000,0.00,0.000,0.000,0.000
6,ec.gp.GPIndividual@143806216{34203658},3C_20_66-01.txt,7.322,0.100,0.732,0,0.000,0.00,0.000,0.000,0.000
6,ec.gp.GPIndividual@143806216{34203658},3C_20_66-02.txt,154.245,0.100,15.424,0,0.000,0.00,0.000,0.000,0.000
6,ec.gp.GPIndividual@143806216{34203658},3C_20_66-03.txt,118.340,0.100,11.834,0,0.000,0.00,0.000,0.000,0.000
6,ec.gp.GPIndividual@143806216{34203658},3C_20_80-01.txt,4.194,0.100,0.419,0,0.000,0.00,0.000,0.000,0.000
6,ec.gp.GPIndividual@143806216{34203658},3C_20_80-02.txt,35.738,0.100,3.574,0,0.000,0.00,0.000,0.000,0.000
6,ec.gp.GPIndividual@143806216{34203658},3C_20_80-03.txt,169.439,0.100,16.944,0,0.000,0.00,0.000,0.000,0.000
6,ec.gp.GPIndividual@801396245{164065039},3C_20_50-02.txt,61.404,0.100,6.140,4,3.500,57.00,0.875,2.641,0.000
6,ec.gp.GPIndividual@173389231{-1061800658},3C_20_50-02.txt,61.404,0.100,6.140,2,0.797,12.98,0.398,0.797,0.000
6,ec.gp.GPIndividual@173389231{-1061800658},3C_20_80-03.txt,169.439,0.100,16.944,3,1.203,7.10,0.401,0.984,0.000
6,ec.gp.GPIndividual@173389231{-1061800658},3C_20_50-03.txt,30.993,0.100,3.099,3,4.563,147.21,1.521,3.484,0.000
6,ec.gp.GPIndividual@173389231{-1061800658},3C_20_50-03.txt,30.993,0.100,3.099,2,1.297,41.84,0.648,3.484,0.000
6,ec.gp.GPIndividual@173389231{-1061800658},3C_20_80-01.txt,4.194,0.100,0.419,8,1.234,294.29,0.154,3.484,0.000
6,ec.gp.GPIndividual@173389231{-1061800658},3C_20_66-01.txt,7.322,0.100,0.732,2,1.266,172.85,0.633,3.484,0.000
6,ec.gp.GPIndividual@173389231{-1061800658},3C_20_66-01.txt,7.322,0.100,0.732,3,0.750,102.43,0.250,3.484,0.000
6,ec.gp.GPIndividual@173389231{-1061800658},3C_20_66-02.txt,154.245,0.100,15.424,2,0.188,1.22,0.094,3.484,0.000
6,ec.gp.GPIndividual@173389231{-1061800658},3C_20_66-02.txt,154.245,0.100,15.424,1,0.000,0.00,0.000,3.484,0.000
6,ec.gp.GPIndividual@173389231{-1061800658},3C_20_80-02.txt,35.738,0.100,3.574,6,3.438,96.19,0.573,3.484,0.000
6,ec.gp.GPIndividual@89659774{109490316},3C_20_50-02.txt,61.404,0.100,6.140,4,3.609,58.78,0.902,2.359,0.094
6,ec.gp.GPIndividual@25621128{-1061800658},3C_20_50-02.txt,61.404,0.100,6.140,3,0.938,15.27,0.313,0.797,0.000
6,ec.gp.GPIndividual@25621128{-1061800658},3C_20_50-03.txt,30.993,0.100,3.099,6,2.875,92.76,0.479,1.141,0.000
6,ec.gp.GPIndividual@25621128{-1061800658},3C_20_66-01.txt,7.322,0.100,0.732,1,0.797,108.83,0.797,1.141,0.000
6,ec.gp.GPIndividual@25621128{-1061800658},3C_20_50-03.txt,30.993,0.100,3.099,6,2.406,77.64,0.401,1.141,0.000
6,ec.gp.GPIndividual@25621128{-1061800658},3C_20_66-02.txt,154.245,0.100,15.424,6,2.391,15.50,0.398,1.141,0.000
6,ec.gp.GPIndividual@25621128{-1061800658},3C_20_66-03.txt,118.340,0.100,11.834,1,1.906,16.11,1.906,1.906,0.000
6,ec.gp.GPIndividual@25621128{-1061800658},3C_20_66-01.txt,7.322,0.100,0.732,5,0.625,85.36,0.125,1.906,0.000
6,ec.gp.GPIndividual@25621128{-1061800658},3C_20_66-02.txt,154.245,0.100,15.424,7,4.375,28.36,0.625,1.906,0.000
6,ec.gp.GPIndividual@25621128{-1061800658},3C_20_66-03.txt,118.340,0.100,11.834,5,9.109,76.98,1.822,4.609,0.000
6,ec.gp.GPIndividual@25621128{-1061800658},3C_20_80-01.txt,4.194,0.100,0.419,2,3.906,931.28,1.953,4.609,0.000
6,ec.gp.GPIndividual@25621128{-1061800658},3C_20_80-01.txt,4.194,0.100,0.419,7,0.516,122.93,0.074,4.609,0.000
6,ec.gp.GPIndividual@25621128{-1061800658},3C_20_80-02.txt,35.738,0.100,3.574,1,0.031,0.87,0.031,4.609,0.000
6,ec.gp.GPIndividual@25621128{-1061800658},3C_20_80-02.txt,35.738,0.100,3.574,8,2.766,77.39,0.346,4.609,0.000
6,ec.gp.GPIndividual@25621128{-1061800658},3C_20_80-03.txt,169.439,0.100,16.944,1,0.344,2.03,0.344,4.609,0.000
6,ec.gp.GPIndividual@25621128{-1061800658},3C_20_80-03.txt,169.439,0.100,16.944,8,15.797,93.23,1.975,6.203,0.000
6,ec.gp.GPIndividual@4045669{1779406002},3C_20_50-02.txt,61.404,0.100,6.140,5,4.563,74.30,0.913,3.313,0.000
6,ec.gp.GPIndividual@2010479011{-1066033204},3C_20_50-02.txt,61.404,0.100,6.140,5,0.969,15.78,0.194,0.391,0.000
6,ec.gp.GPIndividual@2010479011{-1066033204},3C_20_50-03.txt,30.993,0.100,3.099,5,2.547,82.18,0.509,0.922,0.000
6,ec.gp.GPIndividual@2010479011{-1066033204},3C_20_66-01.txt,7.322,0.100,0.732,5,0.594,81.09,0.119,0.922,0.000
6,ec.gp.GPIndividual@2010479011{-1066033204},3C_20_66-02.txt,154.245,0.100,15.424,5,0.891,5.77,0.178,0.922,0.000
6,ec.gp.GPIndividual@2010479011{-1066033204},3C_20_66-03.txt,118.340,0.100,11.834,5,8.016,67.73,1.603,4.172,0.000
6,ec.gp.GPIndividual@2010479011{-1066033204},3C_20_80-01.txt,4.194,0.100,0.419,5,0.359,85.68,0.072,4.172,0.000
6,ec.gp.GPIndividual@2010479011{-1066033204},3C_20_80-02.txt,35.738,0.100,3.574,5,0.844,23.61,0.169,4.172,0.000
6,ec.gp.GPIndividual@2010479011{-1066033204},3C_20_80-03.txt,169.439,0.100,16.944,5,11.156,65.84,2.231,6.484,0.000
7,ec.gp.GPIndividual@1069157949{-37246730},3C_20_50-02.txt,61.404,0.100,6.140,4,0.000,0.00,0.000,0.000,0.000
7,ec.gp.GPIndividual@1215936494{-2105711310},3C_20_50-02.txt,61.404,0.100,6.140,1,0.000,0.00,0.000,0.000,0.000
7,ec.gp.GPIndividual@1215936494{-2105711310},3C_20_66-01.txt,7.322,0.100,0.732,1,0.000,0.00,0.000,0.000,0.000
7,ec.gp.GPIndividual@1215936494{-2105711310},3C_20_66-02.txt,154.245,0.100,15.424,1,0.000,0.00,0.000,0.000,0.000
7,ec.gp.GPIndividual@1215936494{-2105711310},3C_20_66-03.txt,118.340,0.100,11.834,1,0.000,0.00,0.000,0.000,0.000
7,ec.gp.GPIndividual@1215936494{-2105711310},3C_20_80-01.txt,4.194,0.100,0.419,1,0.000,0.00,0.000,0.000,0.000
7,ec.gp.GPIndividual@1215936494{-2105711310},3C_20_80-02.txt,35.738,0.100,3.574,1,0.000,0.00,0.000,0.000,0.000
7,ec.gp.GPIndividual@1215936494{-2105711310},3C_20_80-03.txt,169.439,0.100,16.944,1,0.000,0.00,0.000,0.000,0.000
7,ec.gp.GPIndividual@173102602{-661849718},3C_20_50-02.txt,61.404,0.100,6.140,0,0.000,0.00,0.000,0.000,0.000
7,ec.gp.GPIndividual@173102602{-661849718},3C_20_50-03.txt,30.993,0.100,3.099,0,0.000,0.00,0.000,0.000,0.000
7,ec.gp.GPIndividual@173102602{-661849718},3C_20_66-01.txt,7.322,0.100,0.732,0,0.000,0.00,0.000,0.000,0.000
7,ec.gp.GPIndividual@173102602{-661849718},3C_20_66-02.txt,154.245,0.100,15.424,0,0.000,0.00,0.000,0.000,0.000
7,ec.gp.GPIndividual@173102602{-661849718},3C_20_66-03.txt,118.340,0.100,11.834,0,0.000,0.00,0.000,0.000,0.000
7,ec.gp.GPIndividual@173102602{-661849718},3C_20_80-01.txt,4.194,0.100,0.419,0,0.000,0.00,0.000,0.000,0.000
7,ec.gp.GPIndividual@173102602{-661849718},3C_20_80-02.txt,35.738,0.100,3.574,0,0.000,0.00,0.000,0.000,0.000
7,ec.gp.GPIndividual@173102602{-661849718},3C_20_80-03.txt,169.439,0.100,16.944,0,0.000,0.00,0.000,0.000,0.000
7,ec.gp.GPIndividual@469032011{-652085262},3C_20_50-02.txt,61.404,0.100,6.140,12,6.625,107.89,0.552,1.688,0.000
7,ec.gp.GPIndividual@469032011{-652085262},3C_20_50-03.txt,30.993,0.100,3.099,3,3.375,108.90,1.125,1.688,0.000
7,ec.gp.GPIndividual@469032011{-652085262},3C_20_50-03.txt,30.993,0.100,3.099,4,3.156,101.84,0.789,1.781,0.000
7,ec.gp.GPIndividual@469032011{-652085262},3C_20_50-03.txt,30.993,0.100,3.099,5,1.000,32.27,0.200,1.781,0.000
7,ec.gp.GPIndividual@469032011{-652085262},3C_20_50-03.txt,30.993,0.100,3.099,4,3.828,123.52,0.957,1.781,0.000
7,ec.gp.GPIndividual@469032011{-652085262},3C_20_66-01.txt,7.322,0.100,0.732,4,0.859,117.37,0.215,1.781,0.000
7,ec.gp.GPIndividual@469032011{-652085262},3C_20_66-02.txt,154.245,0.100,15.424,0,0.000,0.00,0.000,1.781,0.000
7,ec.gp.GPIndividual@469032011{-652085262},3C_20_66-01.txt,7.322,0.100,0.732,2,1.000,136.57,0.500,1.781,0.000
7,ec.gp.GPIndividual@469032011{-652085262},3C_20_50-03.txt,30.993,0.100,3.099,2,0.844,27.22,0.422,1.781,0.000
7,ec.gp.GPIndividual@469032011{-652085262},3C_20_50-03.txt,30.993,0.100,3.099,5,3.125,100.83,0.625,1.781,0.000
7,ec.gp.GPIndividual@469032011{-652085262},3C_20_66-01.txt,7.322,0.100,0.732,3,1.031,140.84,0.344,1.781,0.000
7,ec.gp.GPIndividual@469032011{-652085262},3C_20_66-01.txt,7.322,0.100,0.732,6,1.125,153.64,0.188,1.781,0.000
7,ec.gp.GPIndividual@469032011{-652085262},3C_20_66-02.txt,154.245,0.100,15.424,4,1.875,12.16,0.469,1.781,0.000
7,ec.gp.GPIndividual@469032011{-652085262},3C_20_66-02.txt,154.245,0.100,15.424,9,13.547,87.83,1.505,2.469,0.000
7,ec.gp.GPIndividual@469032011{-652085262},3C_20_66-03.txt,118.340,0.100,11.834,5,8.016,67.73,1.603,3.891,0.000
7,ec.gp.GPIndividual@469032011{-652085262},3C_20_66-02.txt,154.245,0.100,15.424,6,6.844,44.37,1.141,4.375,0.000
7,ec.gp.GPIndividual@469032011{-652085262},3C_20_66-03.txt,118.340,0.100,11.834,4,6.125,51.76,1.531,4.375,0.000
7,ec.gp.GPIndividual@469032011{-652085262},3C_20_66-03.txt,118.340,0.100,11.834,5,12.094,102.20,2.419,4.766,0.000
7,ec.gp.GPIndividual@469032011{-652085262},3C_20_66-03.txt,118.340,0.100,11.834,4,0.531,4.49,0.133,4.766,0.000
7,ec.gp.GPIndividual@469032011{-652085262},3C_20_66-01.txt,7.322,0.100,0.732,5,5.313,725.53,1.063,4.813,0.000
7,ec.gp.GPIndividual@469032011{-652085262},3C_20_80-01.txt,4.194,0.100,0.419,2,0.156,37.25,0.078,4.813,0.000
7,ec.gp.GPIndividual@469032011{-652085262},3C_20_66-02.txt,154.245,0.100,15.424,2,3.875,25.12,1.938,4.813,0.000
7,ec.gp.GPIndividual@469032011{-652085262},3C_20_66-01.txt,7.322,0.100,0.732,4,0.781,106.70,0.195,4.813,0.000
7,ec.gp.GPIndividual@469032011{-652085262},3C_20_66-02.txt,154.245,0.100,15.424,6,8.578,55.61,1.430,4.875,0.000
7,ec.gp.GPIndividual@469032011{-652085262},3C_20_80-02.txt,35.738,0.100,3.574,5,5.094,142.53,1.019,4.875,0.000
7,ec.gp.GPIndividual@469032011{-652085262},3C_20_66-03.txt,118.340,0.100,11.834,2,0.328,2.77,0.164,4.875,0.000
7,ec.gp.GPIndividual@469032011{-652085262},3C_20_66-03.txt,118.340,0.100,11.834,7,11.844,100.08,1.692,4.875,0.000
7,ec.gp.GPIndividual@469032011{-652085262},3C_20_80-03.txt,169.439,0.100,16.944,2,0.891,5.26,0.445,4.875,0.000
7,ec.gp.GPIndividual@469032011{-652085262},3C_20_80-01.txt,4.194,0.100,0.419,3,0.500,119.20,0.167,4.875,0.000
7,ec.gp.GPIndividual@469032011{-652085262},3C_20_80-02.txt,35.738,0.100,3.574,2,5.141,143.84,2.570,5.141,0.000
7,ec.gp.GPIndividual@469032011{-652085262},3C_20_80-01.txt,4.194,0.100,0.419,1,2.266,540.14,2.266,5.141,0.000
7,ec.gp.GPIndividual@469032011{-652085262},3C_20_80-01.txt,4.194,0.100,0.419,5,0.453,108.03,0.091,5.141,0.000
7,ec.gp.GPIndividual@469032011{-652085262},3C_20_80-02.txt,35.738,0.100,3.574,3,6.656,186.25,2.219,5.141,0.000
7,ec.gp.GPIndividual@469032011{-652085262},3C_20_80-01.txt,4.194,0.100,0.419,2,1.281,305.46,0.641,5.141,0.000
7,ec.gp.GPIndividual@469032011{-652085262},3C_20_80-02.txt,35.738,0.100,3.574,5,5.063,141.66,1.013,5.141,0.000
7,ec.gp.GPIndividual@469032011{-652085262},3C_20_80-01.txt,4.194,0.100,0.419,3,1.844,439.57,0.615,5.141,0.000
7,ec.gp.GPIndividual@469032011{-652085262},3C_20_80-03.txt,169.439,0.100,16.944,7,4.625,27.30,0.661,5.141,0.000
7,ec.gp.GPIndividual@469032011{-652085262},3C_20_80-02.txt,35.738,0.100,3.574,2,1.922,53.78,0.961,5.141,0.000
7,ec.gp.GPIndividual@469032011{-652085262},3C_20_80-03.txt,169.439,0.100,16.944,8,15.094,89.08,1.887,5.641,0.000
7,ec.gp.GPIndividual@469032011{-652085262},3C_20_80-03.txt,169.439,0.100,16.944,6,11.078,65.38,1.846,5.859,0.000
7,ec.gp.GPIndividual@469032011{-652085262},3C_20_80-02.txt,35.738,0.100,3.574,2,3.984,111.49,1.992,5.859,0.000
7,ec.gp.GPIndividual@1293115367{-808794473},3C_20_50-02.txt,61.404,0.100,6.140,3,2.063,33.59,0.688,1.578,0.000
7,ec.gp.GPIndividual@1293115367{-808794473},3C_20_80-03.txt,169.439,0.100,16.944,8,16.750,98.86,2.094,6.063,0.000
7,ec.gp.GPIndividual@1293115367{-808794473},3C_20_80-03.txt,169.439,0.100,16.944,4,9.672,57.08,2.418,6.063,0.000
7,ec.gp.GPIndividual@229626998{-831108579},3C_20_50-02.txt,61.404,0.100,6.140,5,5.125,83.46,1.025,3.875,0.000
7,ec.gp.GPIndividual@2139381060{724125675},3C_20_50-02.txt,61.404,0.100,6.140,1,0.000,0.00,0.000,0.000,0.000
7,ec.gp.GPIndividual@2139381060{724125675},3C_20_50-03.txt,30.993,0.100,3.099,1,0.000,0.00,0.000,0.000,0.000
7,ec.gp.GPIndividual@2139381060{724125675},3C_20_66-01.txt,7.322,0.100,0.732,1,0.000,0.00,0.000,0.000,0.000
7,ec.gp.GPIndividual@2139381060{724125675},3C_20_66-02.txt,154.245,0.100,15.424,1,0.000,0.00,0.000,0.000,0.000
7,ec.gp.GPIndividual@2139381060{724125675},3C_20_66-03.txt,118.340,0.100,11.834,1,0.000,0.00,0.000,0.000,0.000
7,ec.gp.GPIndividual@2139381060{724125675},3C_20_80-01.txt,4.194,0.100,0.419,1,0.000,0.00,0.000,0.000,0.000
7,ec.gp.GPIndividual@2139381060{724125675},3C_20_80-02.txt,35.738,0.100,3.574,1,0.000,0.00,0.000,0.000,0.000
7,ec.gp.GPIndividual@2139381060{724125675},3C_20_80-03.txt,169.439,0.100,16.944,1,0.000,0.00,0.000,0.000,0.000
7,ec.gp.GPIndividual@2046617071{-808794473},3C_20_50-02.txt,61.404,0.100,6.140,3,6.547,106.62,2.182,6.016,0.000
7,ec.gp.GPIndividual@646623930{1156838729},3C_20_50-02.txt,61.404,0.100,6.140,2,1.766,28.75,0.883,1.766,0.000
7,ec.gp.GPIndividual@646623930{1156838729},3C_20_50-03.txt,30.993,0.100,3.099,3,3.453,111.42,1.151,2.938,0.000
7,ec.gp.GPIndividual@646623930{1156838729},3C_20_50-03.txt,30.993,0.100,3.099,2,3.500,112.93,1.750,3.500,0.000
7,ec.gp.GPIndividual@1654228341{1877258825},3C_20_50-02.txt,61.404,0.100,6.140,8,6.266,102.04,0.783,1.719,0.000
7,ec.gp.GPIndividual@1654228341{1877258825},3C_20_66-01.txt,7.322,0.100,0.732,4,1.547,211.26,0.387,1.719,0.000
7,ec.gp.GPIndividual@1654228341{1877258825},3C_20_50-03.txt,30.993,0.100,3.099,2,0.141,4.54,0.070,1.719,0.000
7,ec.gp.GPIndividual@1654228341{1877258825},3C_20_50-03.txt,30.993,0.100,3.099,3,1.609,51.93,0.536,1.719,0.000
7,ec.gp.GPIndividual@1654228341{1877258825},3C_20_66-01.txt,7.322,0.100,0.732,2,5.438,742.61,2.719,5.438,0.000
7,ec.gp.GPIndividual@118837290{-477642757},3C_20_50-02.txt,61.404,0.100,6.140,10,6.703,109.16,0.670,1.781,0.000
7,ec.gp.GPIndividual@118837290{-477642757},3C_20_66-02.txt,154.245,0.100,15.424,2,0.156,1.01,0.078,1.781,0.000
7,ec.gp.GPIndividual@118837290{-477642757},3C_20_66-01.txt,7.322,0.100,0.732,3,1.156,157.91,0.385,1.781,0.000
7,ec.gp.GPIndividual@118837290{-477642757},3C_20_66-01.txt,7.322,0.100,0.732,2,1.313,179.25,0.656,1.781,0.000
7,ec.gp.GPIndividual@118837290{-477642757},3C_20_66-02.txt,154.245,0.100,15.424,7,3.672,23.81,0.525,1.781,0.000
7,ec.gp.GPIndividual@118837290{-477642757},3C_20_50-03.txt,30.993,0.100,3.099,3,2.031,65.54,0.677,1.781,0.000
7,ec.gp.GPIndividual@118837290{-477642757},3C_20_66-02.txt,154.245,0.100,15.424,3,3.109,20.16,1.036,1.781,0.000
7,ec.gp.GPIndividual@118837290{-477642757},3C_20_50-03.txt,30.993,0.100,3.099,3,3.375,108.90,1.125,2.516,0.000
7,ec.gp.GPIndividual@118837290{-477642757},3C_20_66-03.txt,118.340,0.100,11.834,3,3.578,30.24,1.193,2.531,0.000
7,ec.gp.GPIndividual@118837290{-477642757},3C_20_66-02.txt,154.245,0.100,15.424,10,16.281,105.55,1.628,4.047,0.000
7,ec.gp.GPIndividual@118837290{-477642757},3C_20_66-03.txt,118.340,0.100,11.834,2,0.344,2.90,0.172,4.047,0.000
7,ec.gp.GPIndividual@118837290{-477642757},3C_20_66-01.txt,7.322,0.100,0.732,2,1.234,168.58,0.617,4.047,0.000
7,ec.gp.GPIndividual@118837290{-477642757},3C_20_66-03.txt,118.340,0.100,11.834,3,6.234,52.68,2.078,4.734,0.000
7,ec.gp.GPIndividual@118837290{-477642757},3C_20_66-03.txt,118.340,0.100,11.834,6,10.031,84.77,1.672,4.734,0.000
7,ec.gp.GPIndividual@118837290{-477642757},3C_20_80-01.txt,4.194,0.100,0.419,3,0.500,119.20,0.167,4.734,0.000
7,ec.gp.GPIndividual@118837290{-477642757},3C_20_80-02.txt,35.738,0.100,3.574,3,3.375,94.44,1.125,4.734,0.000
7,ec.gp.GPIndividual@118837290{-477642757},3C_20_66-01.txt,7.322,0.100,0.732,3,1.703,232.60,0.568,4.734,0.000
7,ec.gp.GPIndividual@118837290{-477642757},3C_20_66-02.txt,154.245,0.100,15.424,7,16.094,104.34,2.299,4.844,0.000
7,ec.gp.GPIndividual@118837290{-477642757},3C_20_80-01.txt,4.194,0.100,0.419,3,1.141,271.93,0.380,4.844,0.000
7,ec.gp.GPIndividual@118837290{-477642757},3C_20_66-02.txt,154.245,0.100,15.424,5,3.203,20.77,0.641,4.844,0.000
7,ec.gp.GPIndividual@118837290{-477642757},3C_20_80-02.txt,35.738,0.100,3.574,1,0.000,0.00,0.000,4.844,0.000
7,ec.gp.GPIndividual@118837290{-477642757},3C_20_80-03.txt,169.439,0.100,16.944,12,17.859,105.40,1.488,4.844,0.000
7,ec.gp.GPIndividual@118837290{-477642757},3C_20_66-03.txt,118.340,0.100,11.834,2,1.063,8.98,0.531,4.844,0.000
7,ec.gp.GPIndividual@118837290{-477642757},3C_20_80-01.txt,4.194,0.100,0.419,2,0.297,70.78,0.148,4.844,0.000
7,ec.gp.GPIndividual@118837290{-477642757},3C_20_66-03.txt,118.340,0.100,11.834,6,9.016,76.18,1.503,4.844,0.000
7,ec.gp.GPIndividual@118837290{-477642757},3C_20_80-01.txt,4.194,0.100,0.419,5,1.594,379.96,0.319,4.844,0.000
7,ec.gp.GPIndividual@118837290{-477642757},3C_20_80-03.txt,169.439,0.100,16.944,2,0.156,0.92,0.078,4.844,0.000
7,ec.gp.GPIndividual@118837290{-477642757},3C_20_80-02.txt,35.738,0.100,3.574,2,6.094,170.51,3.047,6.094,0.000
7,ec.gp.GPIndividual@1621405749{-1215240524},3C_20_50-02.txt,61.404,0.100,6.140,5,8.297,135.12,1.659,4.734,0.000
7,ec.gp.GPIndividual@1621405749{-1215240524},3C_20_80-01.txt,4.194,0.100,0.419,3,4.953,1180.87,1.651,4.781,0.000
7,ec.gp.GPIndividual@1621405749{-1215240524},3C_20_80-01.txt,4.194,0.100,0.419,4,2.109,502.89,0.527,4.781,0.000
7,ec.gp.GPIndividual@1621405749{-1215240524},3C_20_80-02.txt,35.738,0.100,3.574,2,0.141,3.93,0.070,4.781,0.000
7,ec.gp.GPIndividual@1621405749{-1215240524},3C_20_80-02.txt,35.738,0.100,3.574,6,3.344,93.56,0.557,4.781,0.000
7,ec.gp.GPIndividual@1621405749{-1215240524},3C_20_80-03.txt,169.439,0.100,16.944,7,5.875,34.67,0.839,4.781,0.000
7,ec.gp.GPIndividual@1621405749{-1215240524},3C_20_80-02.txt,35.738,0.100,3.574,2,2.313,64.71,1.156,4.781,0.000
7,ec.gp.GPIndividual@1621405749{-1215240524},3C_20_50-03.txt,30.993,0.100,3.099,3,7.859,253.59,2.620,5.891,0.000
7,ec.gp.GPIndividual@1783395111{-981044660},3C_20_50-02.txt,61.404,0.100,6.140,6,6.156,100.26,1.026,1.953,0.313
7,ec.gp.GPIndividual@1783395111{-981044660},3C_20_80-03.txt,169.439,0.100,16.944,3,1.688,9.96,0.563,1.953,0.000
7,ec.gp.GPIndividual@1783395111{-981044660},3C_20_80-03.txt,169.439,0.100,16.944,2,0.906,5.35,0.453,1.953,0.000
7,ec.gp.GPIndividual@1783395111{-981044660},3C_20_50-03.txt,30.993,0.100,3.099,1,1.047,33.78,1.047,1.953,0.000
7,ec.gp.GPIndividual@1783395111{-981044660},3C_20_80-03.txt,169.439,0.100,16.944,7,20.313,119.88,2.902,5.719,0.000
7,ec.gp.GPIndividual@1783395111{-981044660},3C_20_66-01.txt,7.322,0.100,0.732,1,6.172,842.90,6.172,6.172,0.000
7,ec.gp.GPIndividual@671620045{1096608486},3C_20_50-02.txt,61.404,0.100,6.140,0,0.000,0.00,0.000,0.000,0.000
7,ec.gp.GPIndividual@671620045{1096608486},3C_20_50-03.txt,30.993,0.100,3.099,0,0.000,0.00,0.000,0.000,0.000
7,ec.gp.GPIndividual@671620045{1096608486},3C_20_66-01.txt,7.322,0.100,0.732,0,0.000,0.00,0.000,0.000,0.000
7,ec.gp.GPIndividual@671620045{1096608486},3C_20_66-02.txt,154.245,0.100,15.424,0,0.000,0.00,0.000,0.000,0.000
7,ec.gp.GPIndividual@671620045{1096608486},3C_20_66-03.txt,118.340,0.100,11.834,0,0.000,0.00,0.000,0.000,0.000
7,ec.gp.GPIndividual@671620045{1096608486},3C_20_80-01.txt,4.194,0.100,0.419,0,0.000,0.00,0.000,0.000,0.000
7,ec.gp.GPIndividual@671620045{1096608486},3C_20_80-02.txt,35.738,0.100,3.574,0,0.000,0.00,0.000,0.000,0.000
7,ec.gp.GPIndividual@671620045{1096608486},3C_20_80-03.txt,169.439,0.100,16.944,0,0.000,0.00,0.000,0.000,0.000
7,ec.gp.GPIndividual@1014645612{-1940169680},3C_20_50-02.txt,61.404,0.100,6.140,1,6.266,102.04,6.266,6.266,6.266
7,ec.gp.GPIndividual@2132081088{-1061800658},3C_20_50-02.txt,61.404,0.100,6.140,4,2.891,47.08,0.723,2.234,0.000
7,ec.gp.GPIndividual@2132081088{-1061800658},3C_20_50-03.txt,30.993,0.100,3.099,2,1.063,34.28,0.531,2.234,0.000
7,ec.gp.GPIndividual@2132081088{-1061800658},3C_20_66-02.txt,154.245,0.100,15.424,1,1.328,8.61,1.328,2.234,0.000
7,ec.gp.GPIndividual@2132081088{-1061800658},3C_20_66-01.txt,7.322,0.100,0.732,1,1.188,162.18,1.188,2.234,0.000
7,ec.gp.GPIndividual@2132081088{-1061800658},3C_20_50-03.txt,30.993,0.100,3.099,2,1.672,53.94,0.836,2.234,0.000
7,ec.gp.GPIndividual@2132081088{-1061800658},3C_20_66-01.txt,7.322,0.100,0.732,2,0.391,53.35,0.195,2.234,0.000
7,ec.gp.GPIndividual@2132081088{-1061800658},3C_20_66-02.txt,154.245,0.100,15.424,5,5.625,36.47,1.125,2.234,0.000
7,ec.gp.GPIndividual@2132081088{-1061800658},3C_20_66-03.txt,118.340,0.100,11.834,1,1.031,8.71,1.031,2.234,0.000
7,ec.gp.GPIndividual@2132081088{-1061800658},3C_20_66-03.txt,118.340,0.100,11.834,4,6.609,55.85,1.652,4.391,0.000
7,ec.gp.GPIndividual@2132081088{-1061800658},3C_20_66-02.txt,154.245,0.100,15.424,3,6.188,40.11,2.063,4.391,0.000
7,ec.gp.GPIndividual@744137133{-21132848},3C_20_50-02.txt,61.404,0.100,6.140,4,6.844,111.45,1.711,4.328,0.000
7,ec.gp.GPIndividual@744137133{-21132848},3C_20_80-01.txt,4.194,0.100,0.419,1,0.313,74.50,0.313,4.328,0.000
7,ec.gp.GPIndividual@744137133{-21132848},3C_20_80-02.txt,35.738,0.100,3.574,2,5.813,162.64,2.906,4.781,0.000
7,ec.gp.GPIndividual@744137133{-21132848},3C_20_80-01.txt,4.194,0.100,0.419,1,1.500,357.61,1.500,4.781,0.000
7,ec.gp.GPIndividual@744137133{-21132848},3C_20_50-03.txt,30.993,0.100,3.099,3,1.563,50.42,0.521,4.781,0.000
7,ec.gp.GPIndividual@744137133{-21132848},3C_20_80-03.txt,169.439,0.100,16.944,2,1.875,11.07,0.938,4.781,0.000
7,ec.gp.GPIndividual@744137133{-21132848},3C_20_80-02.txt,35.738,0.100,3.574,2,2.609,73.01,1.305,4.781,0.000
7,ec.gp.GPIndividual@744137133{-21132848},3C_20_66-03.txt,118.340,0.100,11.834,3,1.047,8.85,0.349,4.781,0.000
7,ec.gp.GPIndividual@744137133{-21132848},3C_20_66-01.txt,7.322,0.100,0.732,2,4.828,659.38,2.414,4.828,0.000
7,ec.gp.GPIndividual@744137133{-21132848},3C_20_66-01.txt,7.322,0.100,0.732,2,1.469,200.59,0.734,4.828,0.000
7,ec.gp.GPIndividual@744137133{-21132848},3C_20_80-03.txt,169.439,0.100,16.944,5,3.375,19.92,0.675,4.828,0.000
7,ec.gp.GPIndividual@744137133{-21132848},3C_20_66-02.txt,154.245,0.100,15.424,3,5.906,38.29,1.969,4.828,0.000
7,ec.gp.GPIndividual@822337032{-1061800658},3C_20_50-02.txt,61.404,0.100,6.140,3,1.281,20.87,0.427,1.000,0.000
7,ec.gp.GPIndividual@822337032{-1061800658},3C_20_66-02.txt,154.245,0.100,15.424,10,15.500,100.49,1.550,4.500,0.000
7,ec.gp.GPIndividual@822337032{-1061800658},3C_20_66-03.txt,118.340,0.100,11.834,2,1.469,12.41,0.734,4.500,0.000
7,ec.gp.GPIndividual@1558765140{2038820186},3C_20_50-02.txt,61.404,0.100,6.140,3,1.000,16.29,0.333,1.000,0.000
7,ec.gp.GPIndividual@1558765140{2038820186},3C_20_66-03.txt,118.340,0.100,11.834,6,8.688,73.41,1.448,2.578,0.000
7,ec.gp.GPIndividual@1558765140{2038820186},3C_20_50-03.txt,30.993,0.100,3.099,2,3.141,101.33,1.570,3.141,0.000
7,ec.gp.GPIndividual@1558765140{2038820186},3C_20_80-01.txt,4.194,0.100,0.419,4,2.219,528.97,0.555,3.141,0.000
7,ec.gp.GPIndividual@1558765140{2038820186},3C_20_80-02.txt,35.738,0.100,3.574,4,6.047,169.20,1.512,4.469,0.000
7,ec.gp.GPIndividual@1558765140{2038820186},3C_20_80-01.txt,4.194,0.100,0.419,3,0.422,100.58,0.141,4.469,0.000
7,ec.gp.GPIndividual@1558765140{2038820186},3C_20_80-02.txt,35.738,0.100,3.574,2,4.625,129.41,2.313,4.625,0.000
7,ec.gp.GPIndividual@1558765140{2038820186},3C_20_80-01.txt,4.194,0.100,0.419,2,0.844,201.16,0.422,4.625,0.000
7,ec.gp.GPIndividual@1558765140{2038820186},3C_20_50-03.txt,30.993,0.100,3.099,9,3.000,96.80,0.333,4.625,0.000
7,ec.gp.GPIndividual@1558765140{2038820186},3C_20_80-03.txt,169.439,0.100,16.944,3,1.688,9.96,0.563,4.625,0.000
7,ec.gp.GPIndividual@1558765140{2038820186},3C_20_66-01.txt,7.322,0.100,0.732,2,1.531,209.12,0.766,4.625,0.000
7,ec.gp.GPIndividual@1558765140{2038820186},3C_20_80-03.txt,169.439,0.100,16.944,5,3.656,21.58,0.731,4.625,0.000
7,ec.gp.GPIndividual@1558765140{2038820186},3C_20_80-02.txt,35.738,0.100,3.574,5,3.188,89.19,0.638,4.625,0.000
7,ec.gp.GPIndividual@1558765140{2038820186},3C_20_80-03.txt,169.439,0.100,16.944,2,1.031,6.09,0.516,4.625,0.000
7,ec.gp.GPIndividual@1558765140{2038820186},3C_20_66-02.txt,154.245,0.100,15.424,8,15.359,99.58,1.920,4.859,0.000
7,ec.gp.GPIndividual@1558765140{2038820186},3C_20_66-03.txt,118.340,0.100,11.834,7,13.875,117.25,1.982,5.016,0.000
7,ec.gp.GPIndividual@1558765140{2038820186},3C_20_66-01.txt,7.322,0.100,0.732,4,1.641,224.06,0.410,5.016,0.000
7,ec.gp.GPIndividual@1671201764{562033755},3C_20_50-02.txt,61.404,0.100,6.140,7,5.438,88.55,0.777,4.344,0.000
7,ec.gp.GPIndividual@2138374446{469447838},3C_20_50-02.txt,61.404,0.100,6.140,2,3.063,49.87,1.531,3.063,0.000
7,ec.gp.GPIndividual@1012975075{243018103},3C_20_50-02.txt,61.404,0.100,6.140,4,6.672,108.65,1.668,4.719,0.000
7,ec.gp.GPIndividual@1012975075{243018103},3C_20_50-03.txt,30.993,0.100,3.099,8,2.766,89.24,0.346,4.719,0.000
7,ec.gp.GPIndividual@1012975075{243018103},3C_20_80-01.txt,4.194,0.100,0.419,2,0.703,167.63,0.352,4.719,0.000
7,ec.gp.GPIndividual@1012975075{243018103},3C_20_66-02.txt,154.245,0.100,15.424,4,0.813,5.27,0.203,4.719,0.000
7,ec.gp.GPIndividual@1012975075{243018103},3C_20_50-03.txt,30.993,0.100,3.099,5,3.000,96.80,0.600,4.719,0.000
7,ec.gp.GPIndividual@1012975075{243018103},3C_20_50-03.txt,30.993,0.100,3.099,6,3.125,100.83,0.521,4.719,0.000
7,ec.gp.GPIndividual@1012975075{243018103},3C_20_66-01.txt,7.322,0.100,0.732,2,1.688,230.46,0.844,4.719,0.000
7,ec.gp.GPIndividual@1012975075{243018103},3C_20_66-03.txt,118.340,0.100,11.834,3,0.563,4.75,0.188,4.719,0.000
7,ec.gp.GPIndividual@1012975075{243018103},3C_20_66-01.txt,7.322,0.100,0.732,3,1.391,189.92,0.464,4.719,0.000
7,ec.gp.GPIndividual@1012975075{243018103},3C_20_80-02.txt,35.738,0.100,3.574,6,2.516,70.39,0.419,4.719,0.000
7,ec.gp.GPIndividual@1012975075{243018103},3C_20_66-02.txt,154.245,0.100,15.424,9,8.125,52.68,0.903,4.719,0.000
7,ec.gp.GPIndividual@1012975075{243018103},3C_20_66-02.txt,154.245,0.100,15.424,5,9.953,64.53,1.991,4.719,0.000
7,ec.gp.GPIndividual@1012975075{243018103},3C_20_66-01.txt,7.322,0.100,0.732,2,1.047,142.97,0.523,4.719,0.000
7,ec.gp.GPIndividual@1012975075{243018103},3C_20_80-03.txt,169.439,0.100,16.944,7,6.109,36.06,0.873,4.719,0.000
7,ec.gp.GPIndividual@1012975075{243018103},3C_20_66-03.txt,118.340,0.100,11.834,5,5.813,49.12,1.163,4.719,0.000
7,ec.gp.GPIndividual@1012975075{243018103},3C_20_66-02.txt,154.245,0.100,15.424,2,1.203,7.80,0.602,4.719,0.000
7,ec.gp.GPIndividual@1012975075{243018103},3C_20_66-03.txt,118.340,0.100,11.834,6,11.906,100.61,1.984,4.984,0.000
7,ec.gp.GPIndividual@1012975075{243018103},3C_20_66-03.txt,118.340,0.100,11.834,6,12.641,106.82,2.107,4.984,0.000
7,ec.gp.GPIndividual@1012975075{243018103},3C_20_80-01.txt,4.194,0.100,0.419,3,0.422,100.58,0.141,4.984,0.000
7,ec.gp.GPIndividual@1012975075{243018103},3C_20_80-02.txt,35.738,0.100,3.574,3,2.719,76.07,0.906,4.984,0.000
7,ec.gp.GPIndividual@1012975075{243018103},3C_20_80-01.txt,4.194,0.100,0.419,3,2.844,677.97,0.948,4.984,0.000
7,ec.gp.GPIndividual@1012975075{243018103},3C_20_80-01.txt,4.194,0.100,0.419,2,1.609,383.69,0.805,4.984,0.000
7,ec.gp.GPIndividual@2135122039{-1058119504},3C_20_50-02.txt,61.404,0.100,6.140,3,0.844,13.74,0.281,0.375,0.234
7,ec.gp.GPIndividual@2135122039{-1058119504},3C_20_50-03.txt,30.993,0.100,3.099,3,3.125,100.83,1.042,1.406,0.234
7,ec.gp.GPIndividual@2135122039{-1058119504},3C_20_80-02.txt,35.738,0.100,3.574,5,5.906,165.26,1.181,4.766,0.000
7,ec.gp.GPIndividual@2135122039{-1058119504},3C_20_80-01.txt,4.194,0.100,0.419,2,1.297,309.19,0.648,4.766,0.000
7,ec.gp.GPIndividual@2135122039{-1058119504},3C_20_66-01.txt,7.322,0.100,0.732,4,0.984,134.44,0.246,4.766,0.000
7,ec.gp.GPIndividual@2135122039{-1058119504},3C_20_66-02.txt,154.245,0.100,15.424,1,0.125,0.81,0.125,4.766,0.000
7,ec.gp.GPIndividual@2135122039{-1058119504},3C_20_80-02.txt,35.738,0.100,3.574,2,0.844,23.61,0.422,4.766,0.000
7,ec.gp.GPIndividual@2135122039{-1058119504},3C_20_80-03.txt,169.439,0.100,16.944,4,4.297,25.36,1.074,4.766,0.000
7,ec.gp.GPIndividual@2135122039{-1058119504},3C_20_66-03.txt,118.340,0.100,11.834,7,10.203,86.22,1.458,4.766,0.000
7,ec.gp.GPIndividual@2135122039{-1058119504},3C_20_80-03.txt,169.439,0.100,16.944,3,1.875,11.07,0.625,4.766,0.000
7,ec.gp.GPIndividual@2135122039{-1058119504},3C_20_80-03.txt,169.439,0.100,16.944,3,8.719,51.46,2.906,4.766,0.000
7,ec.gp.GPIndividual@2135122039{-1058119504},3C_20_80-01.txt,4.194,0.100,0.419,1,0.281,67.05,0.281,4.766,0.000
7,ec.gp.GPIndividual@2135122039{-1058119504},3C_20_80-02.txt,35.738,0.100,3.574,5,4.047,113.24,0.809,4.766,0.000
7,ec.gp.GPIndividual@2135122039{-1058119504},3C_20_80-03.txt,169.439,0.100,16.944,7,16.891,99.69,2.413,5.094,0.000
7,ec.gp.GPIndividual@1122546854{-530419626},3C_20_50-02.txt,61.404,0.100,6.140,1,0.297,4.83,0.297,0.297,0.297
7,ec.gp.GPIndividual@1122546854{-530419626},3C_20_50-03.txt,30.993,0.100,3.099,1,1.375,44.37,1.375,1.375,0.297
7,ec.gp.GPIndividual@1122546854{-530419626},3C_20_66-01.txt,7.322,0.100,0.732,1,2.266,309.42,2.266,2.266,0.297
7,ec.gp.GPIndividual@967037766{-1317808605},3C_20_50-02.txt,61.404,0.100,6.140,2,0.422,6.87,0.211,0.422,0.000
7,ec.gp.GPIndividual@967037766{-1317808605},3C_20_66-02.txt,154.245,0.100,15.424,2,5.609,36.37,2.805,5.188,0.000
7,ec.gp.GPIndividual@212800071{1156838729},3C_20_50-02.txt,61.404,0.100,6.140,3,4.578,74.56,1.526,4.141,0.000
7,ec.gp.GPIndividual@212800071{1156838729},3C_20_80-02.txt,35.738,0.100,3.574,3,1.297,36.29,0.432,4.141,0.000
7,ec.gp.GPIndividual@212800071{1156838729},3C_20_66-03.txt,118.340,0.100,11.834,10,13.828,116.85,1.383,4.672,0.000
7,ec.gp.GPIndividual@212800071{1156838729},3C_20_50-03.txt,30.993,0.100,3.099,2,2.391,77.14,1.195,4.672,0.000
7,ec.gp.GPIndividual@1113496591{1214381828},3C_20_50-02.txt,61.404,0.100,6.140,1,0.000,0.00,0.000,0.000,0.000
7,ec.gp.GPIndividual@1113496591{1214381828},3C_20_50-03.txt,30.993,0.100,3.099,1,0.000,0.00,0.000,0.000,0.000
7,ec.gp.GPIndividual@1113496591{1214381828},3C_20_66-01.txt,7.322,0.100,0.732,1,0.000,0.00,0.000,0.000,0.000
7,ec.gp.GPIndividual@1113496591{1214381828},3C_20_66-02.txt,154.245,0.100,15.424,1,0.000,0.00,0.000,0.000,0.000
7,ec.gp.GPIndividual@1113496591{1214381828},3C_20_66-03.txt,118.340,0.100,11.834,1,0.000,0.00,0.000,0.000,0.000
7,ec.gp.GPIndividual@1113496591{1214381828},3C_20_80-01.txt,4.194,0.100,0.419,1,0.000,0.00,0.000,0.000,0.000
7,ec.gp.GPIndividual@1113496591{1214381828},3C_20_80-02.txt,35.738,0.100,3.574,1,0.000,0.00,0.000,0.000,0.000
7,ec.gp.GPIndividual@1113496591{1214381828},3C_20_80-03.txt,169.439,0.100,16.944,1,0.000,0.00,0.000,0.000,0.000
7,ec.gp.GPIndividual@1875978449{-1735881414},3C_20_50-02.txt,61.404,0.100,6.140,2,0.000,0.00,0.000,0.000,0.000
7,ec.gp.GPIndividual@1875978449{-1735881414},3C_20_50-03.txt,30.993,0.100,3.099,2,0.000,0.00,0.000,0.000,0.000
7,ec.gp.GPIndividual@1875978449{-1735881414},3C_20_66-01.txt,7.322,0.100,0.732,2,0.000,0.00,0.000,0.000,0.000
7,ec.gp.GPIndividual@1875978449{-1735881414},3C_20_66-02.txt,154.245,0.100,15.424,2,0.000,0.00,0.000,0.000,0.000
7,ec.gp.GPIndividual@1875978449{-1735881414},3C_20_66-03.txt,118.340,0.100,11.834,2,0.000,0.00,0.000,0.000,0.000
7,ec.gp.GPIndividual@1875978449{-1735881414},3C_20_80-01.txt,4.194,0.100,0.419,2,0.000,0.00,0.000,0.000,0.000
7,ec.gp.GPIndividual@1875978449{-1735881414},3C_20_80-02.txt,35.738,0.100,3.574,2,0.000,0.00,0.000,0.000,0.000
7,ec.gp.GPIndividual@1875978449{-1735881414},3C_20_80-03.txt,169.439,0.100,16.944,2,0.000,0.00,0.000,0.000,0.000
7,ec.gp.GPIndividual@377465679{-328516063},3C_20_50-02.txt,61.404,0.100,6.140,10,5.969,97.20,0.597,1.438,0.000
7,ec.gp.GPIndividual@377465679{-328516063},3C_20_66-03.txt,118.340,0.100,11.834,4,2.375,20.07,0.594,1.438,0.000
7,ec.gp.GPIndividual@377465679{-328516063},3C_20_66-03.txt,118.340,0.100,11.834,2,1.406,11.88,0.703,1.438,0.000
7,ec.gp.GPIndividual@377465679{-328516063},3C_20_50-03.txt,30.993,0.100,3.099,4,4.844,156.29,1.211,4.844,0.000
7,ec.gp.GPIndividual@860678162{-1657011},3C_20_50-02.txt,61.404,0.100,6.140,8,6.172,100.51,0.771,3.438,0.000
7,ec.gp.GPIndividual@860678162{-1657011},3C_20_80-01.txt,4.194,0.100,0.419,5,0.438,104.30,0.088,3.438,0.000
7,ec.gp.GPIndividual@860678162{-1657011},3C_20_80-02.txt,35.738,0.100,3.574,3,4.641,129.85,1.547,3.438,0.000
7,ec.gp.GPIndividual@860678162{-1657011},3C_20_80-01.txt,4.194,0.100,0.419,3,2.125,506.62,0.708,3.438,0.000
7,ec.gp.GPIndividual@860678162{-1657011},3C_20_66-01.txt,7.322,0.100,0.732,7,0.734,100.29,0.105,3.438,0.000
7,ec.gp.GPIndividual@860678162{-1657011},3C_20_80-02.txt,35.738,0.100,3.574,5,2.266,63.40,0.453,3.438,0.000
7,ec.gp.GPIndividual@860678162{-1657011},3C_20_50-03.txt,30.993,0.100,3.099,2,0.484,15.63,0.242,3.438,0.000
7,ec.gp.GPIndividual@860678162{-1657011},3C_20_66-02.txt,154.245,0.100,15.424,10,6.656,43.15,0.666,3.438,0.000
7,ec.gp.GPIndividual@860678162{-1657011},3C_20_80-03.txt,169.439,0.100,16.944,4,2.313,13.65,0.578,3.438,0.000
7,ec.gp.GPIndividual@860678162{-1657011},3C_20_80-03.txt,169.439,0.100,16.944,4,4.000,23.61,1.000,3.438,0.000
7,ec.gp.GPIndividual@860678162{-1657011},3C_20_66-03.txt,118.340,0.100,11.834,7,14.328,121.08,2.047,4.047,0.000
7,ec.gp.GPIndividual@860678162{-1657011},3C_20_66-01.txt,7.322,0.100,0.732,3,1.047,142.97,0.349,4.047,0.000
7,ec.gp.GPIndividual@860678162{-1657011},3C_20_80-01.txt,4.194,0.100,0.419,7,2.422,577.39,0.346,4.047,0.000
7,ec.gp.GPIndividual@1247587424{1576559459},3C_20_50-02.txt,61.404,0.100,6.140,6,6.344,103.31,1.057,2.484,0.094
7,ec.gp.GPIndividual@1247587424{1576559459},3C_20_80-01.txt,4.194,0.100,0.419,2,0.234,55.88,0.117,2.484,0.000
7,ec.gp.GPIndividual@1247587424{1576559459},3C_20_50-03.txt,30.993,0.100,3.099,3,4.484,144.69,1.495,3.828,0.000
7,ec.gp.GPIndividual@1693939195{-964838841},3C_20_50-02.txt,61.404,0.100,6.140,2,3.688,60.05,1.844,3.688,0.000
7,ec.gp.GPIndividual@1693939195{-964838841},3C_20_80-01.txt,4.194,0.100,0.419,5,0.375,89.40,0.075,3.688,0.000
7,ec.gp.GPIndividual@1693939195{-964838841},3C_20_80-02.txt,35.738,0.100,3.574,2,0.156,4.37,0.078,3.688,0.000
7,ec.gp.GPIndividual@1693939195{-964838841},3C_20_50-03.txt,30.993,0.100,3.099,6,2.797,90.24,0.466,3.688,0.000
7,ec.gp.GPIndividual@1693939195{-964838841},3C_20_66-01.txt,7.322,0.100,0.732,1,0.328,44.81,0.328,3.688,0.000
7,ec.gp.GPIndividual@1693939195{-964838841},3C_20_80-03.txt,169.439,0.100,16.944,3,1.094,6.46,0.365,3.688,0.000
7,ec.gp.GPIndividual@1693939195{-964838841},3C_20_66-02.txt,154.245,0.100,15.424,4,2.953,19.15,0.738,3.688,0.000
7,ec.gp.GPIndividual@1693939195{-964838841},3C_20_66-03.txt,118.340,0.100,11.834,5,8.203,69.32,1.641,5.563,0.000
7,ec.gp.GPIndividual@255629318{457222740},3C_20_50-02.txt,61.404,0.100,6.140,4,5.000,81.43,1.250,3.703,0.094
7,ec.gp.GPIndividual@255629318{457222740},3C_20_80-01.txt,4.194,0.100,0.419,4,1.000,238.41,0.250,3.703,0.000
7,ec.gp.GPIndividual@255629318{457222740},3C_20_50-03.txt,30.993,0.100,3.099,0,0.000,0.00,0.000,3.703,0.000
7,ec.gp.GPIndividual@255629318{457222740},3C_20_80-02.txt,35.738,0.100,3.574,4,2.422,67.77,0.605,3.703,0.000
7,ec.gp.GPIndividual@255629318{457222740},3C_20_80-03.txt,169.439,0.100,16.944,4,4.188,24.71,1.047,3.703,0.000
7,ec.gp.GPIndividual@255629318{457222740},3C_20_66-01.txt,7.322,0.100,0.732,4,0.625,85.36,0.156,3.703,0.000
7,ec.gp.GPIndividual@255629318{457222740},3C_20_66-02.txt,154.245,0.100,15.424,4,1.922,12.46,0.480,3.703,0.000
7,ec.gp.GPIndividual@255629318{457222740},3C_20_66-03.txt,118.340,0.100,11.834,4,8.547,72.22,2.137,5.906,0.000
8,ec.gp.GPIndividual@902368223{-57661142},3C_20_50-02.txt,61.404,0.100,6.140,0,0.000,0.00,0.000,0.000,0.000
8,ec.gp.GPIndividual@902368223{-57661142},3C_20_50-03.txt,30.993,0.100,3.099,0,0.000,0.00,0.000,0.000,0.000
8,ec.gp.GPIndividual@902368223{-57661142},3C_20_66-01.txt,7.322,0.100,0.732,0,0.000,0.00,0.000,0.000,0.000
8,ec.gp.GPIndividual@902368223{-57661142},3C_20_66-02.txt,154.245,0.100,15.424,0,0.000,0.00,0.000,0.000,0.000
8,ec.gp.GPIndividual@902368223{-57661142},3C_20_66-03.txt,118.340,0.100,11.834,0,0.000,0.00,0.000,0.000,0.000
8,ec.gp.GPIndividual@902368223{-57661142},3C_20_80-01.txt,4.194,0.100,0.419,0,0.000,0.00,0.000,0.000,0.000
8,ec.gp.GPIndividual@902368223{-57661142},3C_20_80-02.txt,35.738,0.100,3.574,0,0.000,0.00,0.000,0.000,0.000
8,ec.gp.GPIndividual@902368223{-57661142},3C_20_80-03.txt,169.439,0.100,16.944,0,0.000,0.00,0.000,0.000,0.000
8,ec.gp.GPIndividual@307742659{-1913168056},3C_20_50-02.txt,61.404,0.100,6.140,2,0.406,6.62,0.203,0.406,0.000
8,ec.gp.GPIndividual@307742659{-1913168056},3C_20_50-03.txt,30.993,0.100,3.099,8,3.109,100.33,0.389,0.625,0.000
8,ec.gp.GPIndividual@307742659{-1913168056},3C_20_50-03.txt,30.993,0.100,3.099,2,0.328,10.59,0.164,0.625,0.000
8,ec.gp.GPIndividual@307742659{-1913168056},3C_20_50-03.txt,30.993,0.100,3.099,8,2.953,95.28,0.369,1.078,0.000
8,ec.gp.GPIndividual@307742659{-1913168056},3C_20_50-03.txt,30.993,0.100,3.099,2,1.250,40.33,0.625,1.250,0.000
8,ec.gp.GPIndividual@307742659{-1913168056},3C_20_66-01.txt,7.322,0.100,0.732,1,0.328,44.81,0.328,1.250,0.000
8,ec.gp.GPIndividual@307742659{-1913168056},3C_20_66-02.txt,154.245,0.100,15.424,1,0.656,4.25,0.656,1.250,0.000
8,ec.gp.GPIndividual@307742659{-1913168056},3C_20_50-03.txt,30.993,0.100,3.099,2,0.969,31.26,0.484,1.250,0.000
8,ec.gp.GPIndividual@307742659{-1913168056},3C_20_50-03.txt,30.993,0.100,3.099,6,3.094,99.82,0.516,1.281,0.000
8,ec.gp.GPIndividual@307742659{-1913168056},3C_20_66-01.txt,7.322,0.100,0.732,2,1.344,183.52,0.672,1.344,0.000
8,ec.gp.GPIndividual@307742659{-1913168056},3C_20_66-01.txt,7.322,0.100,0.732,2,0.859,117.37,0.430,1.344,0.000
8,ec.gp.GPIndividual@307742659{-1913168056},3C_20_66-01.txt,7.322,0.100,0.732,4,2.000,273.14,0.500,1.344,0.000
8,ec.gp.GPIndividual@307742659{-1913168056},3C_20_66-01.txt,7.322,0.100,0.732,5,1.922,262.47,0.384,1.484,0.000
8,ec.gp.GPIndividual@307742659{-1913168056},3C_20_66-03.txt,118.340,0.100,11.834,7,2.484,20.99,0.355,1.484,0.000
8,ec.gp.GPIndividual@307742659{-1913168056},3C_20_66-02.txt,154.245,0.100,15.424,2,1.047,6.79,0.523,1.484,0.000
8,ec.gp.GPIndividual@307742659{-1913168056},3C_20_66-02.txt,154.245,0.100,15.424,3,2.094,13.57,0.698,1.484,0.000
8,ec.gp.GPIndividual@307742659{-1913168056},3C_20_66-02.txt,154.245,0.100,15.424,7,11.438,74.15,1.634,2.656,0.000
8,ec.gp.GPIndividual@307742659{-1913168056},3C_20_66-02.txt,154.245,0.100,15.424,4,9.219,59.77,2.305,4.875,0.000
8,ec.gp.GPIndividual@307742659{-1913168056},3C_20_80-01.txt,4.194,0.100,0.419,1,1.406,335.26,1.406,4.875,0.000
8,ec.gp.GPIndividual@307742659{-1913168056},3C_20_66-03.txt,118.340,0.100,11.834,3,1.500,12.68,0.500,4.875,0.000
8,ec.gp.GPIndividual@307742659{-1913168056},3C_20_80-02.txt,35.738,0.100,3.574,2,2.328,65.14,1.164,4.875,0.000
8,ec.gp.GPIndividual@307742659{-1913168056},3C_20_66-03.txt,118.340,0.100,11.834,2,1.500,12.68,0.750,4.875,0.000
8,ec.gp.GPIndividual@307742659{-1913168056},3C_20_80-03.txt,169.439,0.100,16.944,3,5.938,35.04,1.979,4.875,0.000
8,ec.gp.GPIndividual@307742659{-1913168056},3C_20_66-03.txt,118.340,0.100,11.834,3,5.781,48.85,1.927,4.875,0.000
8,ec.gp.GPIndividual@307742659{-1913168056},3C_20_66-01.txt,7.322,0.100,0.732,5,0.688,93.89,0.138,4.875,0.000
8,ec.gp.GPIndividual@307742659{-1913168056},3C_20_66-02.txt,154.245,0.100,15.424,5,12.609,81.75,2.522,4.875,0.000
8,ec.gp.GPIndividual@307742659{-1913168056},3C_20_66-03.txt,118.340,0.100,11.834,6,11.656,98.50,1.943,6.422,0.000
8,ec.gp.GPIndividual@1308373087{556562806},3C_20_50-02.txt,61.404,0.100,6.140,6,6.141,100.00,1.023,4.781,0.000
8,ec.gp.GPIndividual@1308373087{556562806},3C_20_80-01.txt,4.194,0.100,0.419,2,4.266,1016.96,2.133,4.781,0.000
8,ec.gp.GPIndividual@1308373087{556562806},3C_20_80-01.txt,4.194,0.100,0.419,2,0.484,115.48,0.242,4.781,0.000
8,ec.gp.GPIndividual@1308373087{556562806},3C_20_50-03.txt,30.993,0.100,3.099,5,2.563,82.68,0.513,4.781,0.000
8,ec.gp.GPIndividual@1308373087{556562806},3C_20_66-03.txt,118.340,0.100,11.834,7,6.297,53.21,0.900,4.781,0.000
8,ec.gp.GPIndividual@1308373087{556562806},3C_20_80-01.txt,4.194,0.100,0.419,6,5.328,1270.27,0.888,4.813,0.000
8,ec.gp.GPIndividual@1308373087{556562806},3C_20_80-01.txt,4.194,0.100,0.419,1,0.000,0.00,0.000,4.813,0.000
8,ec.gp.GPIndividual@1308373087{556562806},3C_20_80-02.txt,35.738,0.100,3.574,3,1.188,33.23,0.396,4.813,0.000
8,ec.gp.GPIndividual@1308373087{556562806},3C_20_80-02.txt,35.738,0.100,3.574,2,0.984,27.54,0.492,4.813,0.000
8,ec.gp.GPIndividual@1308373087{556562806},3C_20_80-02.txt,35.738,0.100,3.574,4,4.203,117.61,1.051,4.813,0.000
8,ec.gp.GPIndividual@1308373087{556562806},3C_20_80-03.txt,169.439,0.100,16.944,9,13.156,77.65,1.462,4.906,0.000
8,ec.gp.GPIndividual@1308373087{556562806},3C_20_80-02.txt,35.738,0.100,3.574,3,4.063,113.67,1.354,4.906,0.000
8,ec.gp.GPIndividual@1308373087{556562806},3C_20_80-03.txt,169.439,0.100,16.944,4,3.156,18.63,0.789,4.906,0.000
8,ec.gp.GPIndividual@1308373087{556562806},3C_20_80-03.txt,169.439,0.100,16.944,10,16.719,98.67,1.672,5.672,0.000
8,ec.gp.GPIndividual@1036473925{-578426416},3C_20_50-02.txt,61.404,0.100,6.140,2,0.891,14.50,0.445,0.891,0.000
8,ec.gp.GPIndividual@1036473925{-578426416},3C_20_80-03.txt,169.439,0.100,16.944,4,10.734,63.35,2.684,6.078,0.000
8,ec.gp.GPIndividual@1036473925{-578426416},3C_20_66-01.txt,7.322,0.100,0.732,3,2.313,315.82,0.771,6.078,0.000
8,ec.gp.GPIndividual@1036473925{-578426416},3C_20_50-03.txt,30.993,0.100,3.099,4,6.063,195.61,1.516,6.078,0.000
8,ec.gp.GPIndividual@1036473925{-578426416},3C_20_80-01.txt,4.194,0.100,0.419,2,6.078,1449.08,3.039,6.078,0.000
8,ec.gp.GPIndividual@2007731846{-1234105653},3C_20_50-02.txt,61.404,0.100,6.140,8,6.797,110.69,0.850,1.813,0.000
8,ec.gp.GPIndividual@2007731846{-1234105653},3C_20_50-03.txt,30.993,0.100,3.099,4,2.672,86.21,0.668,1.813,0.000
8,ec.gp.GPIndividual@2007731846{-1234105653},3C_20_66-02.txt,154.245,0.100,15.424,2,0.469,3.04,0.234,1.813,0.000
8,ec.gp.GPIndividual@2007731846{-1234105653},3C_20_80-02.txt,35.738,0.100,3.574,2,4.297,120.23,2.148,4.297,0.000
8,ec.gp.GPIndividual@876619197{-935428032},3C_20_50-02.txt,61.404,0.100,6.140,2,0.797,12.98,0.398,0.797,0.000
8,ec.gp.GPIndividual@876619197{-935428032},3C_20_66-01.txt,7.322,0.100,0.732,5,0.984,134.44,0.197,0.797,0.000
8,ec.gp.GPIndividual@876619197{-935428032},3C_20_66-02.txt,154.245,0.100,15.424,4,7.219,46.80,1.805,5.813,0.000
8,ec.gp.GPIndividual@876619197{-935428032},3C_20_50-03.txt,30.993,0.100,3.099,5,3.469,111.92,0.694,5.813,0.000
8,ec.gp.GPIndividual@876619197{-935428032},3C_20_66-01.txt,7.322,0.100,0.732,2,2.375,324.36,1.188,5.813,0.000
8,ec.gp.GPIndividual@876619197{-935428032},3C_20_66-03.txt,118.340,0.100,11.834,3,0.766,6.47,0.255,5.813,0.000
8,ec.gp.GPIndividual@876619197{-935428032},3C_20_80-03.txt,169.439,0.100,16.944,10,16.844,99.41,1.684,5.813,0.000
8,ec.gp.GPIndividual@876619197{-935428032},3C_20_66-02.txt,154.245,0.100,15.424,3,2.094,13.57,0.698,5.813,0.000
8,ec.gp.GPIndividual@876619197{-935428032},3C_20_66-03.txt,118.340,0.100,11.834,4,14.578,123.19,3.645,5.813,0.000
8,ec.gp.GPIndividual@74873451{-1609314986},3C_20_50-02.txt,61.404,0.100,6.140,6,6.688,108.91,1.115,2.859,0.000
8,ec.gp.GPIndividual@74873451{-1609314986},3C_20_80-01.txt,4.194,0.100,0.419,5,1.422,338.99,0.284,2.859,0.000
8,ec.gp.GPIndividual@380715738{-1772561347},3C_20_50-02.txt,61.404,0.100,6.140,5,1.375,22.39,0.275,1.234,0.000
8,ec.gp.GPIndividual@380715738{-1772561347},3C_20_80-02.txt,35.738,0.100,3.574,5,3.641,101.87,0.728,1.375,0.000
8,ec.gp.GPIndividual@380715738{-1772561347},3C_20_50-03.txt,30.993,0.100,3.099,2,4.750,153.26,2.375,4.750,0.000
8,ec.gp.GPIndividual@380715738{-1772561347},3C_20_80-01.txt,4.194,0.100,0.419,3,0.500,119.20,0.167,4.750,0.000
8,ec.gp.GPIndividual@380715738{-1772561347},3C_20_66-03.txt,118.340,0.100,11.834,5,3.391,28.65,0.678,4.750,0.000
8,ec.gp.GPIndividual@380715738{-1772561347},3C_20_50-03.txt,30.993,0.100,3.099,2,5.719,184.52,2.859,5.719,0.000
8,ec.gp.GPIndividual@380715738{-1772561347},3C_20_66-01.txt,7.322,0.100,0.732,3,1.656,226.20,0.552,5.719,0.000
8,ec.gp.GPIndividual@380715738{-1772561347},3C_20_66-01.txt,7.322,0.100,0.732,4,1.141,155.78,0.285,5.719,0.000
8,ec.gp.GPIndividual@380715738{-1772561347},3C_20_80-02.txt,35.738,0.100,3.574,4,1.969,55.09,0.492,5.719,0.000
8,ec.gp.GPIndividual@380715738{-1772561347},3C_20_66-02.txt,154.245,0.100,15.424,11,16.063,104.14,1.460,5.719,0.000
8,ec.gp.GPIndividual@380715738{-1772561347},3C_20_80-01.txt,4.194,0.100,0.419,2,2.156,514.07,1.078,5.719,0.000
8,ec.gp.GPIndividual@380715738{-1772561347},3C_20_80-03.txt,169.439,0.100,16.944,2,1.250,7.38,0.625,5.719,0.000
8,ec.gp.GPIndividual@380715738{-1772561347},3C_20_66-02.txt,154.245,0.100,15.424,4,1.828,11.85,0.457,5.719,0.000
8,ec.gp.GPIndividual@380715738{-1772561347},3C_20_80-03.txt,169.439,0.100,16.944,2,3.891,22.96,1.945,5.719,0.000
8,ec.gp.GPIndividual@380715738{-1772561347},3C_20_66-01.txt,7.322,0.100,0.732,2,1.188,162.18,0.594,5.719,0.000
8,ec.gp.GPIndividual@380715738{-1772561347},3C_20_80-02.txt,35.738,0.100,3.574,4,2.594,72.58,0.648,5.719,0.000
8,ec.gp.GPIndividual@380715738{-1772561347},3C_20_66-03.txt,118.340,0.100,11.834,10,11.859,100.21,1.186,5.719,0.000
8,ec.gp.GPIndividual@380715738{-1772561347},3C_20_80-03.txt,169.439,0.100,16.944,3,7.000,41.31,2.333,5.719,0.000
8,ec.gp.GPIndividual@380715738{-1772561347},3C_20_66-02.txt,154.245,0.100,15.424,2,1.000,6.48,0.500,5.719,0.000
8,ec.gp.GPIndividual@380715738{-1772561347},3C_20_66-03.txt,118.340,0.100,11.834,6,11.609,98.10,1.935,6.141,0.000
8,ec.gp.GPIndividual@380715738{-1772561347},3C_20_80-01.txt,4.194,0.100,0.419,5,0.516,122.93,0.103,6.141,0.000
8,ec.gp.GPIndividual@380715738{-1772561347},3C_20_80-02.txt,35.738,0.100,3.574,3,4.766,133.35,1.589,6.141,0.000
8,ec.gp.GPIndividual@702062927{1790179761},3C_20_50-02.txt,61.404,0.100,6.140,0,0.000,0.00,0.000,0.000,0.000
8,ec.gp.GPIndividual@702062927{1790179761},3C_20_50-03.txt,30.993,0.100,3.099,0,0.000,0.00,0.000,0.000,0.000
8,ec.gp.GPIndividual@702062927{1790179761},3C_20_66-01.txt,7.322,0.100,0.732,0,0.000,0.00,0.000,0.000,0.000
8,ec.gp.GPIndividual@702062927{1790179761},3C_20_66-02.txt,154.245,0.100,15.424,0,0.000,0.00,0.000,0.000,0.000
8,ec.gp.GPIndividual@702062927{1790179761},3C_20_66-03.txt,118.340,0.100,11.834,0,0.000,0.00,0.000,0.000,0.000
8,ec.gp.GPIndividual@702062927{1790179761},3C_20_80-01.txt,4.194,0.100,0.419,0,0.000,0.00,0.000,0.000,0.000
8,ec.gp.GPIndividual@702062927{1790179761},3C_20_80-02.txt,35.738,0.100,3.574,0,0.000,0.00,0.000,0.000,0.000
8,ec.gp.GPIndividual@702062927{1790179761},3C_20_80-03.txt,169.439,0.100,16.944,0,0.000,0.00,0.000,0.000,0.000
8,ec.gp.GPIndividual@1561441049{105832440},3C_20_50-02.txt,61.404,0.100,6.140,3,1.031,16.79,0.344,0.531,0.000
8,ec.gp.GPIndividual@1561441049{105832440},3C_20_50-03.txt,30.993,0.100,3.099,3,7.422,239.47,2.474,4.563,0.000
8,ec.gp.GPIndividual@1456477523{2063704508},3C_20_50-02.txt,61.404,0.100,6.140,1,0.000,0.00,0.000,0.000,0.000
8,ec.gp.GPIndividual@1456477523{2063704508},3C_20_66-03.txt,118.340,0.100,11.834,3,1.578,13.34,0.526,1.266,0.000
8,ec.gp.GPIndividual@1456477523{2063704508},3C_20_66-01.txt,7.322,0.100,0.732,4,1.188,162.18,0.297,1.266,0.000
8,ec.gp.GPIndividual@1456477523{2063704508},3C_20_66-02.txt,154.245,0.100,15.424,0,0.000,0.00,0.000,1.266,0.000
8,ec.gp.GPIndividual@1456477523{2063704508},3C_20_80-03.txt,169.439,0.100,16.944,5,13.922,82.16,2.784,5.891,0.000
8,ec.gp.GPIndividual@1456477523{2063704508},3C_20_66-03.txt,118.340,0.100,11.834,5,14.484,122.40,2.897,5.891,0.000
8,ec.gp.GPIndividual@1456477523{2063704508},3C_20_80-01.txt,4.194,0.100,0.419,3,1.266,301.74,0.422,5.891,0.000
8,ec.gp.GPIndividual@1456477523{2063704508},3C_20_80-01.txt,4.194,0.100,0.419,5,0.625,149.01,0.125,5.891,0.000
8,ec.gp.GPIndividual@1456477523{2063704508},3C_20_80-02.txt,35.738,0.100,3.574,1,0.000,0.00,0.000,5.891,0.000
8,ec.gp.GPIndividual@1456477523{2063704508},3C_20_80-02.txt,35.738,0.100,3.574,2,2.313,64.71,1.156,5.891,0.000
8,ec.gp.GPIndividual@1456477523{2063704508},3C_20_50-03.txt,30.993,0.100,3.099,2,6.031,194.60,3.016,6.031,0.000
8,ec.gp.GPIndividual@594801689{1478667931},3C_20_50-02.txt,61.404,0.100,6.140,2,4.813,78.37,2.406,4.813,0.000
8,ec.gp.GPIndividual@594801689{1478667931},3C_20_80-01.txt,4.194,0.100,0.419,2,0.484,115.48,0.242,4.813,0.000
8,ec.gp.GPIndividual@594801689{1478667931},3C_20_50-03.txt,30.993,0.100,3.099,2,0.313,10.08,0.156,4.813,0.000
8,ec.gp.GPIndividual@594801689{1478667931},3C_20_80-02.txt,35.738,0.100,3.574,1,3.797,106.24,3.797,4.813,0.000
8,ec.gp.GPIndividual@1676357226{1145954448},3C_20_50-02.txt,61.404,0.100,6.140,8,6.266,102.04,0.783,1.453,0.000
8,ec.gp.GPIndividual@1676357226{1145954448},3C_20_50-03.txt,30.993,0.100,3.099,4,3.234,104.36,0.809,1.531,0.000
8,ec.gp.GPIndividual@1676357226{1145954448},3C_20_80-03.txt,169.439,0.100,16.944,0,0.000,0.00,0.000,1.531,0.000
8,ec.gp.GPIndividual@1676357226{1145954448},3C_20_66-01.txt,7.322,0.100,0.732,2,1.344,183.52,0.672,1.531,0.000
8,ec.gp.GPIndividual@1676357226{1145954448},3C_20_80-03.txt,169.439,0.100,16.944,10,9.234,54.50,0.923,1.859,0.000
8,ec.gp.GPIndividual@1676357226{1145954448},3C_20_80-03.txt,169.439,0.100,16.944,2,1.453,8.58,0.727,1.859,0.000
8,ec.gp.GPIndividual@1676357226{1145954448},3C_20_66-02.txt,154.245,0.100,15.424,2,3.969,25.73,1.984,3.969,0.000
8,ec.gp.GPIndividual@1676357226{1145954448},3C_20_66-01.txt,7.322,0.100,0.732,5,0.703,96.03,0.141,3.969,0.000
8,ec.gp.GPIndividual@1676357226{1145954448},3C_20_66-02.txt,154.245,0.100,15.424,4,16.344,105.96,4.086,6.188,0.000
8,ec.gp.GPIndividual@1029549455{-765455169},3C_20_50-02.txt,61.404,0.100,6.140,5,7.531,122.65,1.506,2.594,0.000
8,ec.gp.GPIndividual@448476311{508931713},3C_20_50-02.txt,61.404,0.100,6.140,0,0.000,0.00,0.000,0.000,0.000
8,ec.gp.GPIndividual@448476311{508931713},3C_20_50-03.txt,30.993,0.100,3.099,2,1.438,46.38,0.719,1.438,0.000
8,ec.gp.GPIndividual@448476311{508931713},3C_20_66-01.txt,7.322,0.100,0.732,1,1.281,174.98,1.281,1.438,0.000
8,ec.gp.GPIndividual@448476311{508931713},3C_20_50-03.txt,30.993,0.100,3.099,1,0.000,0.00,0.000,1.438,0.000
8,ec.gp.GPIndividual@448476311{508931713},3C_20_66-02.txt,154.245,0.100,15.424,2,0.422,2.74,0.211,1.438,0.000
8,ec.gp.GPIndividual@448476311{508931713},3C_20_66-03.txt,118.340,0.100,11.834,0,0.000,0.00,0.000,1.438,0.000
8,ec.gp.GPIndividual@448476311{508931713},3C_20_80-01.txt,4.194,0.100,0.419,0,0.000,0.00,0.000,1.438,0.000
8,ec.gp.GPIndividual@448476311{508931713},3C_20_80-02.txt,35.738,0.100,3.574,0,0.000,0.00,0.000,1.438,0.000
8,ec.gp.GPIndividual@448476311{508931713},3C_20_80-03.txt,169.439,0.100,16.944,0,0.000,0.00,0.000,1.438,0.000
8,ec.gp.GPIndividual@1921356414{-1657468648},3C_20_50-02.txt,61.404,0.100,6.140,2,0.734,11.96,0.367,0.734,0.000
8,ec.gp.GPIndividual@1921356414{-1657468648},3C_20_66-03.txt,118.340,0.100,11.834,5,8.828,74.60,1.766,5.844,0.000
8,ec.gp.GPIndividual@1921356414{-1657468648},3C_20_66-03.txt,118.340,0.100,11.834,8,11.141,94.14,1.393,5.844,0.000
8,ec.gp.GPIndividual@1883273085{-583392033},3C_20_50-02.txt,61.404,0.100,6.140,3,1.938,31.55,0.646,1.594,0.000
8,ec.gp.GPIndividual@1883273085{-583392033},3C_20_66-01.txt,7.322,0.100,0.732,3,3.344,456.66,1.115,3.016,0.000
8,ec.gp.GPIndividual@1883273085{-583392033},3C_20_66-01.txt,7.322,0.100,0.732,2,2.250,307.29,1.125,3.016,0.000
8,ec.gp.GPIndividual@1883273085{-583392033},3C_20_50-03.txt,30.993,0.100,3.099,5,5.422,174.94,1.084,4.813,0.000
8,ec.gp.GPIndividual@1883273085{-583392033},3C_20_80-01.txt,4.194,0.100,0.419,3,0.500,119.20,0.167,4.813,0.000
8,ec.gp.GPIndividual@1883273085{-583392033},3C_20_80-02.txt,35.738,0.100,3.574,3,6.469,181.00,2.156,4.828,0.000
8,ec.gp.GPIndividual@1883273085{-583392033},3C_20_80-01.txt,4.194,0.100,0.419,2,0.969,230.96,0.484,4.828,0.000
8,ec.gp.GPIndividual@1883273085{-583392033},3C_20_66-02.txt,154.245,0.100,15.424,10,11.344,73.54,1.134,4.828,0.000
8,ec.gp.GPIndividual@1883273085{-583392033},3C_20_66-02.txt,154.245,0.100,15.424,3,4.156,26.95,1.385,4.828,0.000
8,ec.gp.GPIndividual@1883273085{-583392033},3C_20_50-03.txt,30.993,0.100,3.099,4,3.797,122.51,0.949,4.828,0.000
8,ec.gp.GPIndividual@1883273085{-583392033},3C_20_66-03.txt,118.340,0.100,11.834,2,0.328,2.77,0.164,4.828,0.000
8,ec.gp.GPIndividual@1883273085{-583392033},3C_20_80-03.txt,169.439,0.100,16.944,6,12.875,75.99,2.146,4.828,0.000
8,ec.gp.GPIndividual@1883273085{-583392033},3C_20_80-02.txt,35.738,0.100,3.574,4,7.750,216.86,1.938,4.828,0.000
8,ec.gp.GPIndividual@1883273085{-583392033},3C_20_80-01.txt,4.194,0.100,0.419,3,0.656,156.46,0.219,4.828,0.000
8,ec.gp.GPIndividual@1883273085{-583392033},3C_20_66-03.txt,118.340,0.100,11.834,8,11.250,95.07,1.406,5.234,0.000
8,ec.gp.GPIndividual@1883273085{-583392033},3C_20_66-01.txt,7.322,0.100,0.732,2,1.016,138.71,0.508,5.234,0.000
8,ec.gp.GPIndividual@1883273085{-583392033},3C_20_80-02.txt,35.738,0.100,3.574,2,6.125,171.39,3.063,6.125,0.000
8,ec.gp.GPIndividual@733641637{1498106210},3C_20_50-02.txt,61.404,0.100,6.140,4,3.969,64.63,0.992,2.094,0.313
8,ec.gp.GPIndividual@733641637{1498106210},3C_20_80-03.txt,169.439,0.100,16.944,8,15.844,93.51,1.980,4.844,0.000
8,ec.gp.GPIndividual@733641637{1498106210},3C_20_66-02.txt,154.245,0.100,15.424,6,6.266,40.62,1.044,4.844,0.000
8,ec.gp.GPIndividual@733641637{1498106210},3C_20_80-03.txt,169.439,0.100,16.944,3,7.672,45.28,2.557,5.016,0.000
8,ec.gp.GPIndividual@733641637{1498106210},3C_20_66-01.txt,7.322,0.100,0.732,5,6.516,889.85,1.303,6.016,0.000
8,ec.gp.GPIndividual@2087982369{17808170},3C_20_50-02.txt,61.404,0.100,6.140,1,0.156,2.54,0.156,0.156,0.156
8,ec.gp.GPIndividual@2087982369{17808170},3C_20_66-02.txt,154.245,0.100,15.424,3,3.344,21.68,1.115,2.844,0.000
8,ec.gp.GPIndividual@2087982369{17808170},3C_20_50-03.txt,30.993,0.100,3.099,3,3.359,108.39,1.120,2.844,0.000
8,ec.gp.GPIndividual@2087982369{17808170},3C_20_66-01.txt,7.322,0.100,0.732,1,0.359,49.08,0.359,2.844,0.000
8,ec.gp.GPIndividual@2087982369{17808170},3C_20_66-02.txt,154.245,0.100,15.424,1,0.531,3.44,0.531,2.844,0.000
8,ec.gp.GPIndividual@2087982369{17808170},3C_20_66-03.txt,118.340,0.100,11.834,2,5.469,46.21,2.734,5.469,0.000
8,ec.gp.GPIndividual@2087982369{17808170},3C_20_80-01.txt,4.194,0.100,0.419,2,2.484,592.30,1.242,5.469,0.000
8,ec.gp.GPIndividual@2087982369{17808170},3C_20_66-03.txt,118.340,0.100,11.834,4,3.781,31.95,0.945,5.469,0.000
8,ec.gp.GPIndividual@2087982369{17808170},3C_20_66-03.txt,118.340,0.100,11.834,4,12.297,103.91,3.074,5.875,0.000
8,ec.gp.GPIndividual@2087982369{17808170},3C_20_80-02.txt,35.738,0.100,3.574,4,6.875,192.37,1.719,5.875,0.000
8,ec.gp.GPIndividual@2087982369{17808170},3C_20_80-01.txt,4.194,0.100,0.419,2,2.516,599.75,1.258,5.875,0.000
8,ec.gp.GPIndividual@1314203161{-35229410},3C_20_50-02.txt,61.404,0.100,6.140,4,9.375,152.68,2.344,4.766,0.000
8,ec.gp.GPIndividual@462327785{482793941},3C_20_50-02.txt,61.404,0.100,6.140,6,7.109,115.78,1.185,5.078,0.000
8,ec.gp.GPIndividual@1440966908{528845244},3C_20_50-02.txt,61.404,0.100,6.140,5,9.078,147.84,1.816,4.656,0.391
8,ec.gp.GPIndividual@10578150{267649749},3C_20_50-02.txt,61.404,0.100,6.140,3,2.125,34.61,0.708,2.125,0.000
8,ec.gp.GPIndividual@10578150{267649749},3C_20_66-01.txt,7.322,0.100,0.732,1,0.234,32.01,0.234,2.125,0.000
8,ec.gp.GPIndividual@10578150{267649749},3C_20_50-03.txt,30.993,0.100,3.099,5,1.156,37.31,0.231,2.125,0.000
8,ec.gp.GPIndividual@10578150{267649749},3C_20_50-03.txt,30.993,0.100,3.099,1,1.344,43.36,1.344,2.125,0.000
8,ec.gp.GPIndividual@10578150{267649749},3C_20_50-03.txt,30.993,0.100,3.099,3,2.250,72.60,0.750,2.125,0.000
8,ec.gp.GPIndividual@10578150{267649749},3C_20_50-03.txt,30.993,0.100,3.099,2,1.391,44.87,0.695,2.125,0.000
8,ec.gp.GPIndividual@10578150{267649749},3C_20_66-01.txt,7.322,0.100,0.732,2,1.266,172.85,0.633,2.125,0.000
8,ec.gp.GPIndividual@10578150{267649749},3C_20_66-01.txt,7.322,0.100,0.732,1,0.438,59.75,0.438,2.125,0.000
8,ec.gp.GPIndividual@10578150{267649749},3C_20_66-02.txt,154.245,0.100,15.424,9,7.625,49.43,0.847,2.125,0.000
8,ec.gp.GPIndividual@10578150{267649749},3C_20_66-03.txt,118.340,0.100,11.834,7,11.172,94.41,1.596,3.422,0.000
8,ec.gp.GPIndividual@10578150{267649749},3C_20_66-01.txt,7.322,0.100,0.732,4,1.172,160.04,0.293,3.422,0.000
8,ec.gp.GPIndividual@10578150{267649749},3C_20_66-02.txt,154.245,0.100,15.424,1,0.281,1.82,0.281,3.422,0.000
8,ec.gp.GPIndividual@10578150{267649749},3C_20_66-02.txt,154.245,0.100,15.424,5,10.422,67.57,2.084,4.594,0.000
8,ec.gp.GPIndividual@10578150{267649749},3C_20_80-01.txt,4.194,0.100,0.419,2,0.281,67.05,0.141,4.594,0.000
8,ec.gp.GPIndividual@10578150{267649749},3C_20_80-02.txt,35.738,0.100,3.574,3,3.656,102.31,1.219,4.594,0.000
8,ec.gp.GPIndividual@10578150{267649749},3C_20_66-02.txt,154.245,0.100,15.424,3,3.500,22.69,1.167,4.594,0.000
8,ec.gp.GPIndividual@10578150{267649749},3C_20_80-03.txt,169.439,0.100,16.944,8,13.250,78.20,1.656,5.484,0.000
8,ec.gp.GPIndividual@10578150{267649749},3C_20_66-03.txt,118.340,0.100,11.834,2,6.609,55.85,3.305,5.484,0.000
8,ec.gp.GPIndividual@10578150{267649749},3C_20_66-03.txt,118.340,0.100,11.834,2,2.391,20.20,1.195,5.484,0.000
8,ec.gp.GPIndividual@10578150{267649749},3C_20_66-01.txt,7.322,0.100,0.732,2,4.781,652.98,2.391,5.484,0.000
8,ec.gp.GPIndividual@688198583{928278889},3C_20_50-02.txt,61.404,0.100,6.140,5,4.922,80.16,0.984,2.109,0.000
8,ec.gp.GPIndividual@688198583{928278889},3C_20_50-03.txt,30.993,0.100,3.099,3,3.969,128.05,1.323,2.906,0.000
8,ec.gp.GPIndividual@1459001582{-1401067550},3C_20_50-02.txt,61.404,0.100,6.140,8,5.578,90.84,0.697,1.297,0.000
8,ec.gp.GPIndividual@1459001582{-1401067550},3C_20_66-01.txt,7.322,0.100,0.732,3,0.813,110.96,0.271,1.297,0.000
8,ec.gp.GPIndividual@1459001582{-1401067550},3C_20_50-03.txt,30.993,0.100,3.099,3,2.406,77.64,0.802,2.094,0.000
8,ec.gp.GPIndividual@1459001582{-1401067550},3C_20_80-01.txt,4.194,0.100,0.419,2,1.734,413.49,0.867,2.094,0.000
8,ec.gp.GPIndividual@1459001582{-1401067550},3C_20_80-02.txt,35.738,0.100,3.574,2,0.781,21.86,0.391,2.094,0.000
8,ec.gp.GPIndividual@1459001582{-1401067550},3C_20_66-02.txt,154.245,0.100,15.424,8,6.844,44.37,0.855,2.094,0.000
8,ec.gp.GPIndividual@1459001582{-1401067550},3C_20_66-03.txt,118.340,0.100,11.834,7,7.938,67.07,1.134,2.344,0.000
8,ec.gp.GPIndividual@1459001582{-1401067550},3C_20_80-02.txt,35.738,0.100,3.574,3,4.813,134.66,1.604,3.594,0.000
8,ec.gp.GPIndividual@1459001582{-1401067550},3C_20_80-01.txt,4.194,0.100,0.419,3,0.313,74.50,0.104,3.594,0.000
8,ec.gp.GPIndividual@1459001582{-1401067550},3C_20_80-02.txt,35.738,0.100,3.574,4,5.906,165.26,1.477,3.594,0.000
8,ec.gp.GPIndividual@1459001582{-1401067550},3C_20_66-01.txt,7.322,0.100,0.732,3,0.797,108.83,0.266,3.594,0.000
8,ec.gp.GPIndividual@1459001582{-1401067550},3C_20_80-03.txt,169.439,0.100,16.944,6,2.641,15.58,0.440,3.594,0.000
8,ec.gp.GPIndividual@1459001582{-1401067550},3C_20_66-02.txt,154.245,0.100,15.424,2,0.625,4.05,0.313,3.594,0.000
8,ec.gp.GPIndividual@1459001582{-1401067550},3C_20_80-03.txt,169.439,0.100,16.944,7,10.875,64.18,1.554,3.594,0.000
8,ec.gp.GPIndividual@1459001582{-1401067550},3C_20_66-03.txt,118.340,0.100,11.834,3,6.406,54.13,2.135,6.406,0.000
8,ec.gp.GPIndividual@1459001582{-1401067550},3C_20_80-03.txt,169.439,0.100,16.944,1,2.828,16.69,2.828,6.406,0.000
8,ec.gp.GPIndividual@475903719{2075721847},3C_20_50-02.txt,61.404,0.100,6.140,1,0.234,3.82,0.234,0.234,0.234
8,ec.gp.GPIndividual@475903719{2075721847},3C_20_50-03.txt,30.993,0.100,3.099,1,4.609,148.73,4.609,4.609,0.234
8,ec.gp.GPIndividual@1705070315{-1172914866},3C_20_50-02.txt,61.404,0.100,6.140,4,5.406,88.04,1.352,3.891,0.000
8,ec.gp.GPIndividual@1705070315{-1172914866},3C_20_66-01.txt,7.322,0.100,0.732,1,1.078,147.24,1.078,3.891,0.000
8,ec.gp.GPIndividual@1705070315{-1172914866},3C_20_50-03.txt,30.993,0.100,3.099,2,0.359,11.60,0.180,3.891,0.000
8,ec.gp.GPIndividual@1705070315{-1172914866},3C_20_66-02.txt,154.245,0.100,15.424,4,5.125,33.23,1.281,3.891,0.000
8,ec.gp.GPIndividual@1705070315{-1172914866},3C_20_66-03.txt,118.340,0.100,11.834,2,3.250,27.46,1.625,3.891,0.000
8,ec.gp.GPIndividual@1705070315{-1172914866},3C_20_80-01.txt,4.194,0.100,0.419,5,0.469,111.75,0.094,3.891,0.000
8,ec.gp.GPIndividual@1705070315{-1172914866},3C_20_80-02.txt,35.738,0.100,3.574,3,3.703,103.62,1.234,3.891,0.000
8,ec.gp.GPIndividual@1705070315{-1172914866},3C_20_80-03.txt,169.439,0.100,16.944,2,2.969,17.52,1.484,3.891,0.000
8,ec.gp.GPIndividual@1705070315{-1172914866},3C_20_80-01.txt,4.194,0.100,0.419,1,0.188,44.70,0.188,3.891,0.000
8,ec.gp.GPIndividual@1705070315{-1172914866},3C_20_80-02.txt,35.738,0.100,3.574,1,0.516,14.43,0.516,3.891,0.000
8,ec.gp.GPIndividual@1705070315{-1172914866},3C_20_66-01.txt,7.322,0.100,0.732,4,0.578,78.96,0.145,3.891,0.000
8,ec.gp.GPIndividual@1705070315{-1172914866},3C_20_66-02.txt,154.245,0.100,15.424,4,5.625,36.47,1.406,4.578,0.000
8,ec.gp.GPIndividual@1705070315{-1172914866},3C_20_80-03.txt,169.439,0.100,16.944,4,6.469,38.18,1.617,4.578,0.000
8,ec.gp.GPIndividual@1705070315{-1172914866},3C_20_66-03.txt,118.340,0.100,11.834,2,3.563,30.10,1.781,4.578,0.000
8,ec.gp.GPIndividual@125819086{-33760986},3C_20_50-02.txt,61.404,0.100,6.140,2,0.438,7.12,0.219,0.438,0.000
8,ec.gp.GPIndividual@125819086{-33760986},3C_20_80-01.txt,4.194,0.100,0.419,2,0.234,55.88,0.117,0.438,0.000
8,ec.gp.GPIndividual@125819086{-33760986},3C_20_50-03.txt,30.993,0.100,3.099,2,5.047,162.84,2.523,4.828,0.000
8,ec.gp.GPIndividual@1498328442{-336070157},3C_20_50-02.txt,61.404,0.100,6.140,4,0.219,3.56,0.055,0.219,0.000
8,ec.gp.GPIndividual@1498328442{-336070157},3C_20_80-02.txt,35.738,0.100,3.574,2,0.578,16.18,0.289,0.469,0.000
8,ec.gp.GPIndividual@1498328442{-336070157},3C_20_80-03.txt,169.439,0.100,16.944,3,1.984,11.71,0.661,0.797,0.000
8,ec.gp.GPIndividual@1498328442{-336070157},3C_20_50-03.txt,30.993,0.100,3.099,4,1.656,53.44,0.414,1.656,0.000
8,ec.gp.GPIndividual@97478255{-652025981},3C_20_50-02.txt,61.404,0.100,6.140,5,1.016,16.54,0.203,0.422,0.000
8,ec.gp.GPIndividual@97478255{-652025981},3C_20_50-03.txt,30.993,0.100,3.099,5,2.563,82.68,0.513,0.953,0.000
8,ec.gp.GPIndividual@97478255{-652025981},3C_20_66-01.txt,7.322,0.100,0.732,5,0.594,81.09,0.119,0.953,0.000
8,ec.gp.GPIndividual@97478255{-652025981},3C_20_66-02.txt,154.245,0.100,15.424,5,0.906,5.88,0.181,0.953,0.000
8,ec.gp.GPIndividual@97478255{-652025981},3C_20_66-03.txt,118.340,0.100,11.834,5,8.031,67.87,1.606,4.172,0.000
8,ec.gp.GPIndividual@97478255{-652025981},3C_20_80-01.txt,4.194,0.100,0.419,5,0.375,89.40,0.075,4.172,0.000
8,ec.gp.GPIndividual@97478255{-652025981},3C_20_80-02.txt,35.738,0.100,3.574,5,0.859,24.05,0.172,4.172,0.000
8,ec.gp.GPIndividual@97478255{-652025981},3C_20_80-03.txt,169.439,0.100,16.944,5,11.125,65.66,2.225,6.484,0.000
9,ec.gp.GPIndividual@1649274145{-32181320},null,0.000,0.100,0.000,0,0.000,0.00,0.000,0.000,0.000
9,ec.gp.GPIndividual@1649274145{-32181320},3C_20_50-02.txt,61.404,0.100,6.140,0,0.000,0.00,0.000,0.000,0.000
9,ec.gp.GPIndividual@1649274145{-32181320},3C_20_66-01.txt,7.322,0.100,0.732,0,0.000,0.00,0.000,0.000,0.000
9,ec.gp.GPIndividual@1649274145{-32181320},3C_20_66-02.txt,154.245,0.100,15.424,0,0.000,0.00,0.000,0.000,0.000
9,ec.gp.GPIndividual@1649274145{-32181320},3C_20_66-03.txt,118.340,0.100,11.834,0,0.000,0.00,0.000,0.000,0.000
9,ec.gp.GPIndividual@1649274145{-32181320},3C_20_80-01.txt,4.194,0.100,0.419,0,0.000,0.00,0.000,0.000,0.000
9,ec.gp.GPIndividual@1649274145{-32181320},3C_20_80-02.txt,35.738,0.100,3.574,0,0.000,0.00,0.000,0.000,0.000
9,ec.gp.GPIndividual@1649274145{-32181320},3C_20_80-03.txt,169.439,0.100,16.944,0,0.000,0.00,0.000,0.000,0.000
9,ec.gp.GPIndividual@1953458774{1748848541},3C_20_50-02.txt,61.404,0.100,6.140,2,0.313,5.09,0.156,0.313,0.000
9,ec.gp.GPIndividual@1953458774{1748848541},3C_20_50-03.txt,30.993,0.100,3.099,8,2.203,71.09,0.275,0.641,0.000
9,ec.gp.GPIndividual@1953458774{1748848541},3C_20_50-03.txt,30.993,0.100,3.099,3,0.813,26.22,0.271,0.813,0.000
9,ec.gp.GPIndividual@1953458774{1748848541},3C_20_50-03.txt,30.993,0.100,3.099,4,3.219,103.86,0.805,1.125,0.000
9,ec.gp.GPIndividual@1953458774{1748848541},3C_20_50-03.txt,30.993,0.100,3.099,1,1.281,41.34,1.281,1.281,0.000
9,ec.gp.GPIndividual@1953458774{1748848541},3C_20_66-01.txt,7.322,0.100,0.732,1,0.359,49.08,0.359,1.281,0.000
9,ec.gp.GPIndividual@1953458774{1748848541},3C_20_66-02.txt,154.245,0.100,15.424,2,2.359,15.30,1.180,1.344,0.000
9,ec.gp.GPIndividual@1953458774{1748848541},3C_20_50-03.txt,30.993,0.100,3.099,4,2.859,92.26,0.715,1.359,0.000
9,ec.gp.GPIndividual@1953458774{1748848541},3C_20_66-01.txt,7.322,0.100,0.732,3,2.797,381.97,0.932,1.531,0.000
9,ec.gp.GPIndividual@1953458774{1748848541},3C_20_50-03.txt,30.993,0.100,3.099,3,1.531,49.41,0.510,1.531,0.000
9,ec.gp.GPIndividual@1953458774{1748848541},3C_20_66-03.txt,118.340,0.100,11.834,1,0.281,2.38,0.281,1.531,0.000
9,ec.gp.GPIndividual@1953458774{1748848541},3C_20_66-02.txt,154.245,0.100,15.424,1,1.328,8.61,1.328,1.531,0.000
9,ec.gp.GPIndividual@1953458774{1748848541},3C_20_66-01.txt,7.322,0.100,0.732,5,3.281,448.12,0.656,1.531,0.000
9,ec.gp.GPIndividual@1953458774{1748848541},3C_20_66-03.txt,118.340,0.100,11.834,0,0.000,0.00,0.000,1.531,0.000
9,ec.gp.GPIndividual@1953458774{1748848541},3C_20_66-02.txt,154.245,0.100,15.424,4,15.172,98.36,3.793,4.781,0.000
9,ec.gp.GPIndividual@1953458774{1748848541},3C_20_80-01.txt,4.194,0.100,0.419,1,0.188,44.70,0.188,4.781,0.000
9,ec.gp.GPIndividual@1953458774{1748848541},3C_20_80-02.txt,35.738,0.100,3.574,2,2.781,77.82,1.391,4.781,0.000
9,ec.gp.GPIndividual@1953458774{1748848541},3C_20_80-03.txt,169.439,0.100,16.944,3,10.453,61.69,3.484,4.844,0.000
9,ec.gp.GPIndividual@1953458774{1748848541},3C_20_66-03.txt,118.340,0.100,11.834,3,7.719,65.23,2.573,4.844,0.000
9,ec.gp.GPIndividual@1953458774{1748848541},3C_20_66-01.txt,7.322,0.100,0.732,5,0.516,70.42,0.103,4.844,0.000
9,ec.gp.GPIndividual@1953458774{1748848541},3C_20_66-02.txt,154.245,0.100,15.424,2,3.203,20.77,1.602,4.844,0.000
9,ec.gp.GPIndividual@1953458774{1748848541},3C_20_66-01.txt,7.322,0.100,0.732,5,2.875,392.64,0.575,4.844,0.000
9,ec.gp.GPIndividual@1953458774{1748848541},3C_20_66-03.txt,118.340,0.100,11.834,3,3.703,31.29,1.234,4.844,0.000
9,ec.gp.GPIndividual@1953458774{1748848541},3C_20_66-01.txt,7.322,0.100,0.732,6,5.594,763.95,0.932,4.891,0.000
9,ec.gp.GPIndividual@1953458774{1748848541},3C_20_80-01.txt,4.194,0.100,0.419,0,0.000,0.00,0.000,4.891,0.000
9,ec.gp.GPIndividual@1953458774{1748848541},3C_20_66-02.txt,154.245,0.100,15.424,5,7.641,49.54,1.528,4.891,0.000
9,ec.gp.GPIndividual@1953458774{1748848541},3C_20_80-02.txt,35.738,0.100,3.574,1,6.484,181.44,6.484,6.484,0.000
9,ec.gp.GPIndividual@1754622915{1324374019},3C_20_50-02.txt,61.404,0.100,6.140,6,6.969,113.49,1.161,2.250,0.000
9,ec.gp.GPIndividual@1754622915{1324374019},3C_20_80-03.txt,169.439,0.100,16.944,7,9.859,58.19,1.408,4.828,0.000
9,ec.gp.GPIndividual@1754622915{1324374019},3C_20_66-03.txt,118.340,0.100,11.834,4,5.188,43.84,1.297,4.828,0.000
9,ec.gp.GPIndividual@1754622915{1324374019},3C_20_80-01.txt,4.194,0.100,0.419,4,2.688,640.72,0.672,4.828,0.000
9,ec.gp.GPIndividual@1754622915{1324374019},3C_20_50-03.txt,30.993,0.100,3.099,3,0.984,31.76,0.328,4.828,0.000
9,ec.gp.GPIndividual@1754622915{1324374019},3C_20_66-02.txt,154.245,0.100,15.424,2,0.000,0.00,0.000,4.828,0.000
9,ec.gp.GPIndividual@1754622915{1324374019},3C_20_80-02.txt,35.738,0.100,3.574,2,5.203,145.59,2.602,4.828,0.000
9,ec.gp.GPIndividual@1754622915{1324374019},3C_20_80-01.txt,4.194,0.100,0.419,3,0.500,119.20,0.167,4.828,0.000
9,ec.gp.GPIndividual@1754622915{1324374019},3C_20_80-02.txt,35.738,0.100,3.574,5,4.938,138.16,0.988,4.828,0.000
9,ec.gp.GPIndividual@1754622915{1324374019},3C_20_66-03.txt,118.340,0.100,11.834,3,0.469,3.96,0.156,4.828,0.000
9,ec.gp.GPIndividual@1754622915{1324374019},3C_20_66-01.txt,7.322,0.100,0.732,2,5.828,795.95,2.914,5.828,0.000
9,ec.gp.GPIndividual@1445016789{715596906},3C_20_50-02.txt,61.404,0.100,6.140,0,0.000,0.00,0.000,0.000,0.000
9,ec.gp.GPIndividual@1445016789{715596906},3C_20_50-03.txt,30.993,0.100,3.099,0,0.000,0.00,0.000,0.000,0.000
9,ec.gp.GPIndividual@1445016789{715596906},3C_20_66-01.txt,7.322,0.100,0.732,2,5.094,695.66,2.547,4.781,0.313
9,ec.gp.GPIndividual@1445016789{715596906},3C_20_80-01.txt,4.194,0.100,0.419,1,0.000,0.00,0.000,4.781,0.000
9,ec.gp.GPIndividual@1445016789{715596906},3C_20_66-02.txt,154.245,0.100,15.424,0,0.000,0.00,0.000,4.781,0.000
9,ec.gp.GPIndividual@1445016789{715596906},3C_20_66-03.txt,118.340,0.100,11.834,6,3.031,25.61,0.505,4.781,0.000
9,ec.gp.GPIndividual@1445016789{715596906},3C_20_80-03.txt,169.439,0.100,16.944,1,0.984,5.81,0.984,4.781,0.000
9,ec.gp.GPIndividual@1445016789{715596906},3C_20_66-02.txt,154.245,0.100,15.424,9,19.297,125.11,2.144,4.875,0.000
9,ec.gp.GPIndividual@1445016789{715596906},3C_20_80-01.txt,4.194,0.100,0.419,0,0.000,0.00,0.000,4.875,0.000
9,ec.gp.GPIndividual@1445016789{715596906},3C_20_80-02.txt,35.738,0.100,3.574,1,1.078,30.17,1.078,4.875,0.000
9,ec.gp.GPIndividual@1445016789{715596906},3C_20_80-03.txt,169.439,0.100,16.944,2,2.094,12.36,1.047,4.875,0.000
9,ec.gp.GPIndividual@1445016789{715596906},3C_20_80-03.txt,169.439,0.100,16.944,3,2.453,14.48,0.818,4.875,0.000
9,ec.gp.GPIndividual@1445016789{715596906},3C_20_66-03.txt,118.340,0.100,11.834,2,4.047,34.20,2.023,4.875,0.000
9,ec.gp.GPIndividual@1445016789{715596906},3C_20_80-02.txt,35.738,0.100,3.574,2,6.016,168.33,3.008,6.016,0.000
9,ec.gp.GPIndividual@234107285{-1922053818},3C_20_50-02.txt,61.404,0.100,6.140,1,0.344,5.60,0.344,0.344,0.344
9,ec.gp.GPIndividual@234107285{-1922053818},3C_20_50-03.txt,30.993,0.100,3.099,2,2.891,93.27,1.445,1.609,0.344
9,ec.gp.GPIndividual@234107285{-1922053818},3C_20_66-01.txt,7.322,0.100,0.732,1,0.359,49.08,0.359,1.609,0.344
9,ec.gp.GPIndividual@234107285{-1922053818},3C_20_66-02.txt,154.245,0.100,15.424,3,6.234,40.42,2.078,5.531,0.000
9,ec.gp.GPIndividual@775817959{1788211629},3C_20_50-02.txt,61.404,0.100,6.140,2,1.813,29.52,0.906,1.813,0.000
9,ec.gp.GPIndividual@775817959{1788211629},3C_20_66-03.txt,118.340,0.100,11.834,2,2.297,19.41,1.148,1.813,0.000
9,ec.gp.GPIndividual@775817959{1788211629},3C_20_80-03.txt,169.439,0.100,16.944,5,17.000,100.33,3.400,6.375,0.000
9,ec.gp.GPIndividual@775817959{1788211629},3C_20_80-01.txt,4.194,0.100,0.419,6,2.219,528.97,0.370,6.375,0.000
9,ec.gp.GPIndividual@775817959{1788211629},3C_20_50-03.txt,30.993,0.100,3.099,4,2.344,75.62,0.586,6.375,0.000
9,ec.gp.GPIndividual@715587783{1793015741},3C_20_50-02.txt,61.404,0.100,6.140,5,7.984,130.03,1.597,4.797,0.000
9,ec.gp.GPIndividual@715587783{1793015741},3C_20_80-01.txt,4.194,0.100,0.419,1,0.172,40.98,0.172,4.797,0.000
9,ec.gp.GPIndividual@715587783{1793015741},3C_20_80-02.txt,35.738,0.100,3.574,1,1.281,35.85,1.281,4.797,0.000
9,ec.gp.GPIndividual@715587783{1793015741},3C_20_80-02.txt,35.738,0.100,3.574,4,1.766,49.40,0.441,4.797,0.000
9,ec.gp.GPIndividual@715587783{1793015741},3C_20_50-03.txt,30.993,0.100,3.099,2,4.984,160.82,2.492,4.984,0.000
9,ec.gp.GPIndividual@715587783{1793015741},3C_20_80-01.txt,4.194,0.100,0.419,2,1.938,461.92,0.969,4.984,0.000
9,ec.gp.GPIndividual@715587783{1793015741},3C_20_66-01.txt,7.322,0.100,0.732,4,0.891,121.63,0.223,4.984,0.000
9,ec.gp.GPIndividual@715587783{1793015741},3C_20_66-02.txt,154.245,0.100,15.424,6,9.625,62.40,1.604,6.078,0.000
9,ec.gp.GPIndividual@715587783{1793015741},3C_20_80-03.txt,169.439,0.100,16.944,2,2.422,14.29,1.211,6.078,0.000
9,ec.gp.GPIndividual@715587783{1793015741},3C_20_80-02.txt,35.738,0.100,3.574,3,4.516,126.35,1.505,6.078,0.000
9,ec.gp.GPIndividual@715587783{1793015741},3C_20_80-03.txt,169.439,0.100,16.944,5,1.922,11.34,0.384,6.078,0.000
9,ec.gp.GPIndividual@715587783{1793015741},3C_20_66-03.txt,118.340,0.100,11.834,7,11.453,96.78,1.636,6.078,0.000
9,ec.gp.GPIndividual@715587783{1793015741},3C_20_80-03.txt,169.439,0.100,16.944,2,1.594,9.41,0.797,6.078,0.000
9,ec.gp.GPIndividual@715587783{1793015741},3C_20_66-01.txt,7.322,0.100,0.732,4,0.516,70.42,0.129,6.078,0.000
9,ec.gp.GPIndividual@715587783{1793015741},3C_20_66-02.txt,154.245,0.100,15.424,2,3.391,21.98,1.695,6.078,0.000
9,ec.gp.GPIndividual@2108753172{-1061800658},3C_20_50-02.txt,61.404,0.100,6.140,2,6.844,111.45,3.422,6.844,0.000
9,ec.gp.GPIndividual@570259500{1049509453},3C_20_50-02.txt,61.404,0.100,6.140,8,6.359,103.57,0.795,4.781,0.000
9,ec.gp.GPIndividual@570259500{1049509453},3C_20_50-03.txt,30.993,0.100,3.099,3,0.547,17.65,0.182,4.781,0.000
9,ec.gp.GPIndividual@570259500{1049509453},3C_20_80-01.txt,4.194,0.100,0.419,2,5.641,1344.77,2.820,5.641,0.000
9,ec.gp.GPIndividual@960879299{553587036},3C_20_50-02.txt,61.404,0.100,6.140,8,6.063,98.73,0.758,2.000,0.000
9,ec.gp.GPIndividual@960879299{553587036},3C_20_80-02.txt,35.738,0.100,3.574,5,3.734,104.49,0.747,2.000,0.000
9,ec.gp.GPIndividual@960879299{553587036},3C_20_66-03.txt,118.340,0.100,11.834,3,2.297,19.41,0.766,2.000,0.000
9,ec.gp.GPIndividual@960879299{553587036},3C_20_50-03.txt,30.993,0.100,3.099,2,1.281,41.34,0.641,2.000,0.000
9,ec.gp.GPIndividual@960879299{553587036},3C_20_66-01.txt,7.322,0.100,0.732,2,5.219,712.73,2.609,5.219,0.000
9,ec.gp.GPIndividual@1762411981{-1957543959},3C_20_50-02.txt,61.404,0.100,6.140,3,2.109,34.35,0.703,1.453,0.328
9,ec.gp.GPIndividual@1762411981{-1957543959},3C_20_50-03.txt,30.993,0.100,3.099,5,5.766,186.03,1.153,2.438,0.328
9,ec.gp.GPIndividual@1762411981{-1957543959},3C_20_50-03.txt,30.993,0.100,3.099,2,0.281,9.07,0.141,2.438,0.000
9,ec.gp.GPIndividual@1762411981{-1957543959},3C_20_66-02.txt,154.245,0.100,15.424,2,1.344,8.71,0.672,2.438,0.000
9,ec.gp.GPIndividual@1762411981{-1957543959},3C_20_66-01.txt,7.322,0.100,0.732,1,1.813,247.54,1.813,2.438,0.000
9,ec.gp.GPIndividual@1762411981{-1957543959},3C_20_80-03.txt,169.439,0.100,16.944,2,0.453,2.67,0.227,2.438,0.000
9,ec.gp.GPIndividual@1762411981{-1957543959},3C_20_66-02.txt,154.245,0.100,15.424,0,0.000,0.00,0.000,2.438,0.000
9,ec.gp.GPIndividual@1762411981{-1957543959},3C_20_66-01.txt,7.322,0.100,0.732,6,1.906,260.34,0.318,2.438,0.000
9,ec.gp.GPIndividual@1762411981{-1957543959},3C_20_66-01.txt,7.322,0.100,0.732,5,0.875,119.50,0.175,2.438,0.000
9,ec.gp.GPIndividual@1762411981{-1957543959},3C_20_66-02.txt,154.245,0.100,15.424,3,6.313,40.93,2.104,4.813,0.000
9,ec.gp.GPIndividual@1762411981{-1957543959},3C_20_66-03.txt,118.340,0.100,11.834,0,0.000,0.00,0.000,4.813,0.000
9,ec.gp.GPIndividual@1762411981{-1957543959},3C_20_66-02.txt,154.245,0.100,15.424,9,18.250,118.32,2.028,5.953,0.000
9,ec.gp.GPIndividual@1467883078{206259585},3C_20_50-02.txt,61.404,0.100,6.140,3,4.281,69.72,1.427,4.281,0.000
9,ec.gp.GPIndividual@1467883078{206259585},3C_20_80-01.txt,4.194,0.100,0.419,4,0.938,223.51,0.234,4.281,0.000
9,ec.gp.GPIndividual@1467883078{206259585},3C_20_50-03.txt,30.993,0.100,3.099,1,0.000,0.00,0.000,4.281,0.000
9,ec.gp.GPIndividual@1467883078{206259585},3C_20_80-02.txt,35.738,0.100,3.574,2,4.750,132.91,2.375,4.750,0.000
9,ec.gp.GPIndividual@1467883078{206259585},3C_20_80-01.txt,4.194,0.100,0.419,1,1.547,368.79,1.547,4.750,0.000
9,ec.gp.GPIndividual@1467883078{206259585},3C_20_66-03.txt,118.340,0.100,11.834,3,1.672,14.13,0.557,4.750,0.000
9,ec.gp.GPIndividual@1467883078{206259585},3C_20_80-02.txt,35.738,0.100,3.574,3,3.547,99.25,1.182,4.750,0.000
9,ec.gp.GPIndividual@1467883078{206259585},3C_20_66-03.txt,118.340,0.100,11.834,5,3.313,27.99,0.663,4.750,0.000
9,ec.gp.GPIndividual@1467883078{206259585},3C_20_66-03.txt,118.340,0.100,11.834,2,1.531,12.94,0.766,4.750,0.000
9,ec.gp.GPIndividual@1467883078{206259585},3C_20_80-03.txt,169.439,0.100,16.944,3,7.969,47.03,2.656,4.750,0.000
9,ec.gp.GPIndividual@1467883078{206259585},3C_20_80-03.txt,169.439,0.100,16.944,2,4.484,26.47,2.242,4.750,0.000
9,ec.gp.GPIndividual@1467883078{206259585},3C_20_66-01.txt,7.322,0.100,0.732,3,5.141,702.06,1.714,4.813,0.000
9,ec.gp.GPIndividual@1467883078{206259585},3C_20_66-02.txt,154.245,0.100,15.424,2,4.844,31.40,2.422,4.844,0.000
9,ec.gp.GPIndividual@1467883078{206259585},3C_20_80-01.txt,4.194,0.100,0.419,5,6.719,1601.81,1.344,6.203,0.000
9,ec.gp.GPIndividual@404176005{1030341440},3C_20_50-02.txt,61.404,0.100,6.140,1,0.500,8.14,0.500,0.500,0.500
9,ec.gp.GPIndividual@404176005{1030341440},3C_20_50-03.txt,30.993,0.100,3.099,1,2.344,75.62,2.344,2.344,0.500
9,ec.gp.GPIndividual@404176005{1030341440},3C_20_80-02.txt,35.738,0.100,3.574,2,4.078,114.11,2.039,4.078,0.000
9,ec.gp.GPIndividual@404176005{1030341440},3C_20_80-01.txt,4.194,0.100,0.419,2,0.469,111.75,0.234,4.078,0.000
9,ec.gp.GPIndividual@404176005{1030341440},3C_20_66-03.txt,118.340,0.100,11.834,3,1.641,13.86,0.547,4.078,0.000
9,ec.gp.GPIndividual@404176005{1030341440},3C_20_66-01.txt,7.322,0.100,0.732,1,0.359,49.08,0.359,4.078,0.000
9,ec.gp.GPIndividual@404176005{1030341440},3C_20_66-02.txt,154.245,0.100,15.424,6,14.000,90.76,2.333,5.453,0.000
9,ec.gp.GPIndividual@404176005{1030341440},3C_20_66-03.txt,118.340,0.100,11.834,2,2.859,24.16,1.430,5.453,0.000
9,ec.gp.GPIndividual@404176005{1030341440},3C_20_80-01.txt,4.194,0.100,0.419,2,2.063,491.72,1.031,5.453,0.000
9,ec.gp.GPIndividual@404176005{1030341440},3C_20_80-03.txt,169.439,0.100,16.944,5,4.859,28.68,0.972,5.453,0.000
9,ec.gp.GPIndividual@566934317{-1061800658},3C_20_50-02.txt,61.404,0.100,6.140,6,6.250,101.78,1.042,4.859,0.000
9,ec.gp.GPIndividual@566934317{-1061800658},3C_20_80-01.txt,4.194,0.100,0.419,3,0.656,156.46,0.219,4.859,0.000
9,ec.gp.GPIndividual@566934317{-1061800658},3C_20_50-03.txt,30.993,0.100,3.099,5,5.453,175.95,1.091,4.859,0.000
9,ec.gp.GPIndividual@566934317{-1061800658},3C_20_80-02.txt,35.738,0.100,3.574,2,0.547,15.30,0.273,4.859,0.000
9,ec.gp.GPIndividual@566934317{-1061800658},3C_20_80-02.txt,35.738,0.100,3.574,2,1.219,34.10,0.609,4.859,0.000
9,ec.gp.GPIndividual@566934317{-1061800658},3C_20_80-02.txt,35.738,0.100,3.574,3,6.188,173.13,2.063,4.859,0.000
9,ec.gp.GPIndividual@566934317{-1061800658},3C_20_80-01.txt,4.194,0.100,0.419,1,0.172,40.98,0.172,4.859,0.000
9,ec.gp.GPIndividual@566934317{-1061800658},3C_20_80-02.txt,35.738,0.100,3.574,3,4.141,115.86,1.380,4.859,0.000
9,ec.gp.GPIndividual@566934317{-1061800658},3C_20_66-01.txt,7.322,0.100,0.732,5,0.813,110.96,0.163,4.859,0.000
9,ec.gp.GPIndividual@566934317{-1061800658},3C_20_80-03.txt,169.439,0.100,16.944,8,9.734,57.45,1.217,5.625,0.000
9,ec.gp.GPIndividual@566934317{-1061800658},3C_20_80-03.txt,169.439,0.100,16.944,1,1.031,6.09,1.031,5.625,0.000
9,ec.gp.GPIndividual@566934317{-1061800658},3C_20_66-02.txt,154.245,0.100,15.424,3,4.203,27.25,1.401,5.625,0.000
9,ec.gp.GPIndividual@566934317{-1061800658},3C_20_80-03.txt,169.439,0.100,16.944,7,8.453,49.89,1.208,5.625,0.000
9,ec.gp.GPIndividual@566934317{-1061800658},3C_20_80-03.txt,169.439,0.100,16.944,5,15.219,89.82,3.044,6.484,0.000
9,ec.gp.GPIndividual@1152338028{1748700516},3C_20_50-02.txt,61.404,0.100,6.140,3,2.109,34.35,0.703,1.594,0.000
9,ec.gp.GPIndividual@1152338028{1748700516},3C_20_66-03.txt,118.340,0.100,11.834,8,12.656,106.95,1.582,6.219,0.000
9,ec.gp.GPIndividual@1152338028{1748700516},3C_20_50-03.txt,30.993,0.100,3.099,2,0.313,10.08,0.156,6.219,0.000
9,ec.gp.GPIndividual@761854144{873646207},3C_20_50-02.txt,61.404,0.100,6.140,7,6.781,110.44,0.969,3.828,0.000
9,ec.gp.GPIndividual@1448868805{-50910730},3C_20_50-02.txt,61.404,0.100,6.140,1,0.156,2.54,0.156,0.156,0.156
9,ec.gp.GPIndividual@1448868805{-50910730},3C_20_66-01.txt,7.322,0.100,0.732,3,9.250,1263.28,3.083,6.141,0.000
9,ec.gp.GPIndividual@965022384{1498207345},3C_20_50-02.txt,61.404,0.100,6.140,7,8.703,141.73,1.243,4.797,0.000
9,ec.gp.GPIndividual@965022384{1498207345},3C_20_80-01.txt,4.194,0.100,0.419,3,1.906,454.47,0.635,4.797,0.000
9,ec.gp.GPIndividual@965022384{1498207345},3C_20_50-03.txt,30.993,0.100,3.099,2,1.750,56.47,0.875,4.797,0.000
9,ec.gp.GPIndividual@965022384{1498207345},3C_20_50-03.txt,30.993,0.100,3.099,4,2.844,91.76,0.711,4.797,0.000
9,ec.gp.GPIndividual@965022384{1498207345},3C_20_66-02.txt,154.245,0.100,15.424,6,4.000,25.93,0.667,4.797,0.000
9,ec.gp.GPIndividual@965022384{1498207345},3C_20_80-02.txt,35.738,0.100,3.574,4,3.141,87.88,0.785,4.797,0.000
9,ec.gp.GPIndividual@965022384{1498207345},3C_20_66-01.txt,7.322,0.100,0.732,2,0.516,70.42,0.258,4.797,0.000
9,ec.gp.GPIndividual@965022384{1498207345},3C_20_66-02.txt,154.245,0.100,15.424,5,7.188,46.60,1.438,4.797,0.000
9,ec.gp.GPIndividual@965022384{1498207345},3C_20_50-03.txt,30.993,0.100,3.099,6,5.359,172.92,0.893,4.797,0.000
9,ec.gp.GPIndividual@965022384{1498207345},3C_20_66-03.txt,118.340,0.100,11.834,1,0.766,6.47,0.766,4.797,0.000
9,ec.gp.GPIndividual@965022384{1498207345},3C_20_66-03.txt,118.340,0.100,11.834,3,2.375,20.07,0.792,4.797,0.000
9,ec.gp.GPIndividual@965022384{1498207345},3C_20_66-01.txt,7.322,0.100,0.732,5,0.672,91.76,0.134,4.797,0.000
9,ec.gp.GPIndividual@965022384{1498207345},3C_20_66-02.txt,154.245,0.100,15.424,4,10.063,65.24,2.516,5.047,0.000
9,ec.gp.GPIndividual@965022384{1498207345},3C_20_66-01.txt,7.322,0.100,0.732,5,0.688,93.89,0.138,5.047,0.000
9,ec.gp.GPIndividual@965022384{1498207345},3C_20_66-02.txt,154.245,0.100,15.424,2,1.391,9.02,0.695,5.047,0.000
9,ec.gp.GPIndividual@965022384{1498207345},3C_20_80-03.txt,169.439,0.100,16.944,7,20.219,119.33,2.888,5.047,0.000
9,ec.gp.GPIndividual@1602195042{-560042769},3C_20_50-02.txt,61.404,0.100,6.140,6,4.750,77.36,0.792,1.344,0.000
9,ec.gp.GPIndividual@1602195042{-560042769},3C_20_66-03.txt,118.340,0.100,11.834,2,2.438,20.60,1.219,2.438,0.000
9,ec.gp.GPIndividual@1602195042{-560042769},3C_20_80-01.txt,4.194,0.100,0.419,1,1.250,298.01,1.250,2.438,0.000
9,ec.gp.GPIndividual@1602195042{-560042769},3C_20_66-03.txt,118.340,0.100,11.834,4,4.594,38.82,1.148,2.438,0.000
9,ec.gp.GPIndividual@1602195042{-560042769},3C_20_80-01.txt,4.194,0.100,0.419,4,0.516,122.93,0.129,2.438,0.000
9,ec.gp.GPIndividual@1602195042{-560042769},3C_20_80-02.txt,35.738,0.100,3.574,2,5.906,165.26,2.953,5.906,0.000
9,ec.gp.GPIndividual@153929352{-111510057},3C_20_50-02.txt,61.404,0.100,6.140,2,1.000,16.29,0.500,1.000,0.000
9,ec.gp.GPIndividual@153929352{-111510057},3C_20_80-02.txt,35.738,0.100,3.574,4,3.328,93.13,0.832,1.578,0.000
9,ec.gp.GPIndividual@153929352{-111510057},3C_20_50-03.txt,30.993,0.100,3.099,3,4.188,135.11,1.396,2.594,0.000
9,ec.gp.GPIndividual@153929352{-111510057},3C_20_50-03.txt,30.993,0.100,3.099,3,1.328,42.85,0.443,2.594,0.000
9,ec.gp.GPIndividual@153929352{-111510057},3C_20_80-03.txt,169.439,0.100,16.944,2,2.438,14.39,1.219,2.594,0.000
9,ec.gp.GPIndividual@153929352{-111510057},3C_20_80-03.txt,169.439,0.100,16.944,7,17.734,104.67,2.533,4.781,0.000
9,ec.gp.GPIndividual@153929352{-111510057},3C_20_66-01.txt,7.322,0.100,0.732,2,1.469,200.59,0.734,4.781,0.000
9,ec.gp.GPIndividual@153929352{-111510057},3C_20_80-01.txt,4.194,0.100,0.419,2,4.391,1046.76,2.195,4.781,0.000
9,ec.gp.GPIndividual@153929352{-111510057},3C_20_66-01.txt,7.322,0.100,0.732,4,4.938,674.32,1.234,4.781,0.000
9,ec.gp.GPIndividual@153929352{-111510057},3C_20_80-01.txt,4.194,0.100,0.419,5,0.891,212.33,0.178,4.781,0.000
9,ec.gp.GPIndividual@153929352{-111510057},3C_20_66-02.txt,154.245,0.100,15.424,1,0.000,0.00,0.000,4.781,0.000
9,ec.gp.GPIndividual@153929352{-111510057},3C_20_66-02.txt,154.245,0.100,15.424,3,0.438,2.84,0.146,4.781,0.000
9,ec.gp.GPIndividual@153929352{-111510057},3C_20_80-02.txt,35.738,0.100,3.574,2,5.797,162.20,2.898,5.797,0.000
9,ec.gp.GPIndividual@881338376{1375004643},3C_20_50-02.txt,61.404,0.100,6.140,3,6.422,104.58,2.141,5.938,0.000
9,ec.gp.GPIndividual@1717374665{1701782872},3C_20_50-02.txt,61.404,0.100,6.140,4,3.031,49.37,0.758,1.453,0.000
9,ec.gp.GPIndividual@1717374665{1701782872},3C_20_80-03.txt,169.439,0.100,16.944,3,1.234,7.29,0.411,1.453,0.000
9,ec.gp.GPIndividual@1717374665{1701782872},3C_20_66-03.txt,118.340,0.100,11.834,3,2.328,19.67,0.776,1.453,0.000
9,ec.gp.GPIndividual@1717374665{1701782872},3C_20_50-03.txt,30.993,0.100,3.099,1,4.344,140.15,4.344,4.344,0.000
9,ec.gp.GPIndividual@2106136887{1939363438},3C_20_50-02.txt,61.404,0.100,6.140,7,3.734,60.82,0.533,1.359,0.000
9,ec.gp.GPIndividual@2106136887{1939363438},3C_20_80-03.txt,169.439,0.100,16.944,3,2.844,16.78,0.948,1.500,0.000
9,ec.gp.GPIndividual@2106136887{1939363438},3C_20_66-01.txt,7.322,0.100,0.732,2,0.594,81.09,0.297,1.500,0.000
9,ec.gp.GPIndividual@2106136887{1939363438},3C_20_66-02.txt,154.245,0.100,15.424,5,14.625,94.82,2.925,5.031,0.000
9,ec.gp.GPIndividual@2106136887{1939363438},3C_20_50-03.txt,30.993,0.100,3.099,4,1.078,34.79,0.270,5.031,0.000
9,ec.gp.GPIndividual@2106136887{1939363438},3C_20_66-03.txt,118.340,0.100,11.834,5,12.688,107.21,2.538,5.031,0.000
9,ec.gp.GPIndividual@1389777993{-908938969},3C_20_50-02.txt,61.404,0.100,6.140,6,6.188,100.77,1.031,3.469,0.000
9,ec.gp.GPIndividual@1389777993{-908938969},3C_20_50-03.txt,30.993,0.100,3.099,2,0.453,14.62,0.227,3.469,0.000
9,ec.gp.GPIndividual@1389777993{-908938969},3C_20_80-01.txt,4.194,0.100,0.419,2,4.328,1031.86,2.164,3.953,0.000
9,ec.gp.GPIndividual@1389777993{-908938969},3C_20_80-01.txt,4.194,0.100,0.419,2,0.094,22.35,0.047,3.953,0.000
9,ec.gp.GPIndividual@1389777993{-908938969},3C_20_80-02.txt,35.738,0.100,3.574,2,2.141,59.90,1.070,3.953,0.000
9,ec.gp.GPIndividual@1389777993{-908938969},3C_20_66-01.txt,7.322,0.100,0.732,5,1.656,226.20,0.331,3.953,0.000
9,ec.gp.GPIndividual@1389777993{-908938969},3C_20_66-01.txt,7.322,0.100,0.732,4,0.828,113.10,0.207,3.953,0.000
9,ec.gp.GPIndividual@1389777993{-908938969},3C_20_80-02.txt,35.738,0.100,3.574,4,1.500,41.97,0.375,3.953,0.000
9,ec.gp.GPIndividual@1389777993{-908938969},3C_20_66-02.txt,154.245,0.100,15.424,5,1.359,8.81,0.272,3.953,0.000
9,ec.gp.GPIndividual@1389777993{-908938969},3C_20_80-03.txt,169.439,0.100,16.944,5,5.000,29.51,1.000,3.953,0.000
9,ec.gp.GPIndividual@1389777993{-908938969},3C_20_66-02.txt,154.245,0.100,15.424,5,3.094,20.06,0.619,3.953,0.000
9,ec.gp.GPIndividual@1389777993{-908938969},3C_20_80-03.txt,169.439,0.100,16.944,3,2.250,13.28,0.750,3.953,0.000
9,ec.gp.GPIndividual@1389777993{-908938969},3C_20_66-03.txt,118.340,0.100,11.834,7,6.188,52.29,0.884,3.953,0.000
9,ec.gp.GPIndividual@1389777993{-908938969},3C_20_66-03.txt,118.340,0.100,11.834,3,6.500,54.93,2.167,3.953,0.000
9,ec.gp.GPIndividual@954882519{914287095},3C_20_50-02.txt,61.404,0.100,6.140,8,6.000,97.71,0.750,3.500,0.000
9,ec.gp.GPIndividual@954882519{914287095},3C_20_80-01.txt,4.194,0.100,0.419,7,0.453,108.03,0.065,3.500,0.000
9,ec.gp.GPIndividual@954882519{914287095},3C_20_80-02.txt,35.738,0.100,3.574,5,4.078,114.11,0.816,3.500,0.000
9,ec.gp.GPIndividual@954882519{914287095},3C_20_80-01.txt,4.194,0.100,0.419,5,0.438,104.30,0.088,3.500,0.000
9,ec.gp.GPIndividual@954882519{914287095},3C_20_80-02.txt,35.738,0.100,3.574,4,3.594,100.56,0.898,3.500,0.000
9,ec.gp.GPIndividual@333033350{1922985847},3C_20_50-02.txt,61.404,0.100,6.140,5,2.563,41.73,0.513,1.156,0.000
9,ec.gp.GPIndividual@333033350{1922985847},3C_20_50-03.txt,30.993,0.100,3.099,6,3.047,98.31,0.508,1.172,0.000
9,ec.gp.GPIndividual@333033350{1922985847},3C_20_50-03.txt,30.993,0.100,3.099,6,2.844,91.76,0.474,1.266,0.000
9,ec.gp.GPIndividual@333033350{1922985847},3C_20_80-03.txt,169.439,0.100,16.944,4,0.563,3.32,0.141,1.266,0.000
9,ec.gp.GPIndividual@333033350{1922985847},3C_20_80-03.txt,169.439,0.100,16.944,11,15.875,93.69,1.443,3.359,0.000
9,ec.gp.GPIndividual@336259249{987496129},3C_20_50-02.txt,61.404,0.100,6.140,5,8.469,137.92,1.694,3.813,0.000
9,ec.gp.GPIndividual@336259249{987496129},3C_20_66-01.txt,7.322,0.100,0.732,5,1.188,162.18,0.238,3.813,0.000
9,ec.gp.GPIndividual@336259249{987496129},3C_20_50-03.txt,30.993,0.100,3.099,3,1.063,34.28,0.354,3.813,0.000
9,ec.gp.GPIndividual@336259249{987496129},3C_20_66-01.txt,7.322,0.100,0.732,3,0.859,117.37,0.286,3.813,0.000
9,ec.gp.GPIndividual@336259249{987496129},3C_20_66-02.txt,154.245,0.100,15.424,4,0.688,4.46,0.172,3.813,0.000
9,ec.gp.GPIndividual@336259249{987496129},3C_20_66-02.txt,154.245,0.100,15.424,10,8.016,51.97,0.802,3.813,0.000
9,ec.gp.GPIndividual@336259249{987496129},3C_20_66-03.txt,118.340,0.100,11.834,2,0.703,5.94,0.352,3.813,0.000
9,ec.gp.GPIndividual@336259249{987496129},3C_20_66-03.txt,118.340,0.100,11.834,2,3.000,25.35,1.500,3.813,0.000
9,ec.gp.GPIndividual@336259249{987496129},3C_20_66-01.txt,7.322,0.100,0.732,2,2.641,360.63,1.320,3.813,0.000
9,ec.gp.GPIndividual@336259249{987496129},3C_20_80-01.txt,4.194,0.100,0.419,4,0.391,93.13,0.098,3.813,0.000
9,ec.gp.GPIndividual@336259249{987496129},3C_20_66-02.txt,154.245,0.100,15.424,9,7.609,49.33,0.845,3.813,0.000
9,ec.gp.GPIndividual@336259249{987496129},3C_20_66-03.txt,118.340,0.100,11.834,2,1.609,13.60,0.805,3.813,0.000
9,ec.gp.GPIndividual@336259249{987496129},3C_20_80-02.txt,35.738,0.100,3.574,4,4.016,112.36,1.004,3.813,0.000
9,ec.gp.GPIndividual@336259249{987496129},3C_20_80-01.txt,4.194,0.100,0.419,3,0.859,204.88,0.286,3.813,0.000
9,ec.gp.GPIndividual@336259249{987496129},3C_20_80-03.txt,169.439,0.100,16.944,3,0.141,0.83,0.047,3.813,0.000
9,ec.gp.GPIndividual@336259249{987496129},3C_20_80-02.txt,35.738,0.100,3.574,3,3.516,98.37,1.172,3.813,0.000
9,ec.gp.GPIndividual@336259249{987496129},3C_20_80-01.txt,4.194,0.100,0.419,6,1.250,298.01,0.208,3.813,0.000
9,ec.gp.GPIndividual@336259249{987496129},3C_20_80-03.txt,169.439,0.100,16.944,1,0.000,0.00,0.000,3.813,0.000
9,ec.gp.GPIndividual@336259249{987496129},3C_20_80-02.txt,35.738,0.100,3.574,4,3.625,101.43,0.906,3.813,0.000
9,ec.gp.GPIndividual@336259249{987496129},3C_20_80-03.txt,169.439,0.100,16.944,7,10.922,64.46,1.560,5.766,0.000
9,ec.gp.GPIndividual@1634129537{-1061800658},3C_20_50-02.txt,61.404,0.100,6.140,2,6.719,109.42,3.359,6.719,0.000
9,ec.gp.GPIndividual@81657084{-1981457030},3C_20_50-02.txt,61.404,0.100,6.140,9,5.438,88.55,0.604,1.781,0.000
9,ec.gp.GPIndividual@81657084{-1981457030},3C_20_66-01.txt,7.322,0.100,0.732,3,1.500,204.86,0.500,1.781,0.000
9,ec.gp.GPIndividual@81657084{-1981457030},3C_20_50-03.txt,30.993,0.100,3.099,4,0.625,20.17,0.156,1.781,0.000
9,ec.gp.GPIndividual@81657084{-1981457030},3C_20_66-02.txt,154.245,0.100,15.424,6,2.953,19.15,0.492,1.781,0.000
9,ec.gp.GPIndividual@81657084{-1981457030},3C_20_66-03.txt,118.340,0.100,11.834,7,11.922,100.74,1.703,2.984,0.000
9,ec.gp.GPIndividual@81657084{-1981457030},3C_20_80-01.txt,4.194,0.100,0.419,5,0.391,93.13,0.078,2.984,0.000
9,ec.gp.GPIndividual@81657084{-1981457030},3C_20_80-02.txt,35.738,0.100,3.574,2,1.188,33.23,0.594,2.984,0.000
9,ec.gp.GPIndividual@81657084{-1981457030},3C_20_66-01.txt,7.322,0.100,0.732,3,0.844,115.23,0.281,2.984,0.000
9,ec.gp.GPIndividual@81657084{-1981457030},3C_20_80-03.txt,169.439,0.100,16.944,5,0.969,5.72,0.194,2.984,0.000
9,ec.gp.GPIndividual@81657084{-1981457030},3C_20_66-02.txt,154.245,0.100,15.424,7,3.969,25.73,0.567,2.984,0.000
9,ec.gp.GPIndividual@81657084{-1981457030},3C_20_66-03.txt,118.340,0.100,11.834,6,9.688,81.86,1.615,5.578,0.000
10,ec.gp.GPIndividual@2122497823{-741687786},3C_20_50-02.txt,61.404,0.100,6.140,3,0.000,0.00,0.000,0.000,0.000
10,ec.gp.GPIndividual@231848561{545663144},3C_20_50-02.txt,61.404,0.100,6.140,2,0.000,0.00,0.000,0.000,0.000
10,ec.gp.GPIndividual@231848561{545663144},3C_20_50-02.txt,61.404,0.100,6.140,2,0.000,0.00,0.000,0.000,0.000
10,ec.gp.GPIndividual@231848561{545663144},3C_20_50-03.txt,30.993,0.100,3.099,1,0.000,0.00,0.000,0.000,0.000
10,ec.gp.GPIndividual@231848561{545663144},3C_20_66-01.txt,7.322,0.100,0.732,1,0.000,0.00,0.000,0.000,0.000
10,ec.gp.GPIndividual@231848561{545663144},3C_20_66-01.txt,7.322,0.100,0.732,1,0.000,0.00,0.000,0.000,0.000
10,ec.gp.GPIndividual@231848561{545663144},3C_20_50-03.txt,30.993,0.100,3.099,0,0.000,0.00,0.000,0.000,0.000
10,ec.gp.GPIndividual@231848561{545663144},3C_20_66-02.txt,154.245,0.100,15.424,0,0.000,0.00,0.000,0.000,0.000
10,ec.gp.GPIndividual@231848561{545663144},3C_20_66-03.txt,118.340,0.100,11.834,1,0.000,0.00,0.000,0.000,0.000
10,ec.gp.GPIndividual@231848561{545663144},3C_20_66-03.txt,118.340,0.100,11.834,1,0.000,0.00,0.000,0.000,0.000
10,ec.gp.GPIndividual@231848561{545663144},3C_20_66-03.txt,118.340,0.100,11.834,1,0.000,0.00,0.000,0.000,0.000
10,ec.gp.GPIndividual@231848561{545663144},3C_20_80-01.txt,4.194,0.100,0.419,1,0.000,0.00,0.000,0.000,0.000
10,ec.gp.GPIndividual@231848561{545663144},3C_20_80-01.txt,4.194,0.100,0.419,1,0.000,0.00,0.000,0.000,0.000
10,ec.gp.GPIndividual@231848561{545663144},3C_20_80-02.txt,35.738,0.100,3.574,1,0.000,0.00,0.000,0.000,0.000
10,ec.gp.GPIndividual@231848561{545663144},3C_20_80-03.txt,169.439,0.100,16.944,1,0.000,0.00,0.000,0.000,0.000
10,ec.gp.GPIndividual@231848561{545663144},3C_20_80-02.txt,35.738,0.100,3.574,0,0.000,0.00,0.000,0.000,0.000
10,ec.gp.GPIndividual@239107432{867764338},3C_20_50-02.txt,61.404,0.100,6.140,2,0.000,0.00,0.000,0.000,0.000
10,ec.gp.GPIndividual@239107432{867764338},3C_20_80-03.txt,169.439,0.100,16.944,0,0.000,0.00,0.000,0.000,0.000
10,ec.gp.GPIndividual@239107432{867764338},3C_20_66-02.txt,154.245,0.100,15.424,0,0.000,0.00,0.000,0.000,0.000
10,ec.gp.GPIndividual@1045916791{-26725028},3C_20_50-02.txt,61.404,0.100,6.140,0,0.000,0.00,0.000,0.000,0.000
10,ec.gp.GPIndividual@1045916791{-26725028},3C_20_66-03.txt,118.340,0.100,11.834,0,0.000,0.00,0.000,0.000,0.000
10,ec.gp.GPIndividual@1045916791{-26725028},3C_20_80-01.txt,4.194,0.100,0.419,0,0.000,0.00,0.000,0.000,0.000
10,ec.gp.GPIndividual@1045916791{-26725028},3C_20_80-02.txt,35.738,0.100,3.574,0,0.000,0.00,0.000,0.000,0.000
10,ec.gp.GPIndividual@1045916791{-26725028},3C_20_80-03.txt,169.439,0.100,16.944,0,0.000,0.00,0.000,0.000,0.000
10,ec.gp.GPIndividual@338536717{1713391911},3C_20_50-02.txt,61.404,0.100,6.140,2,0.219,3.56,0.109,0.219,0.000
10,ec.gp.GPIndividual@338536717{1713391911},3C_20_50-03.txt,30.993,0.100,3.099,3,1.125,36.30,0.375,0.375,0.000
10,ec.gp.GPIndividual@338536717{1713391911},3C_20_50-03.txt,30.993,0.100,3.099,8,4.016,129.57,0.502,1.141,0.000
10,ec.gp.GPIndividual@338536717{1713391911},3C_20_50-03.txt,30.993,0.100,3.099,3,1.266,40.84,0.422,1.141,0.000
10,ec.gp.GPIndividual@338536717{1713391911},3C_20_50-03.txt,30.993,0.100,3.099,4,1.266,40.84,0.316,1.266,0.000
10,ec.gp.GPIndividual@338536717{1713391911},3C_20_66-01.txt,7.322,0.100,0.732,1,1.266,172.85,1.266,1.266,0.000
10,ec.gp.GPIndividual@338536717{1713391911},3C_20_66-01.txt,7.322,0.100,0.732,1,0.313,42.68,0.313,1.266,0.000
10,ec.gp.GPIndividual@338536717{1713391911},3C_20_66-02.txt,154.245,0.100,15.424,1,0.313,2.03,0.313,1.266,0.000
10,ec.gp.GPIndividual@338536717{1713391911},3C_20_66-02.txt,154.245,0.100,15.424,1,0.594,3.85,0.594,1.266,0.000
10,ec.gp.GPIndividual@338536717{1713391911},3C_20_50-03.txt,30.993,0.100,3.099,4,3.578,115.45,0.895,1.344,0.000
10,ec.gp.GPIndividual@338536717{1713391911},3C_20_66-01.txt,7.322,0.100,0.732,5,1.719,234.73,0.344,1.375,0.000
10,ec.gp.GPIndividual@338536717{1713391911},3C_20_66-01.txt,7.322,0.100,0.732,4,1.391,189.92,0.348,1.375,0.000
10,ec.gp.GPIndividual@338536717{1713391911},3C_20_50-03.txt,30.993,0.100,3.099,3,0.125,4.03,0.042,1.375,0.000
10,ec.gp.GPIndividual@338536717{1713391911},3C_20_66-01.txt,7.322,0.100,0.732,2,1.500,204.86,0.750,1.500,0.000
10,ec.gp.GPIndividual@338536717{1713391911},3C_20_66-03.txt,118.340,0.100,11.834,3,1.875,15.84,0.625,1.625,0.000
10,ec.gp.GPIndividual@338536717{1713391911},3C_20_66-03.txt,118.340,0.100,11.834,7,6.422,54.27,0.917,1.625,0.000
10,ec.gp.GPIndividual@338536717{1713391911},3C_20_66-02.txt,154.245,0.100,15.424,6,4.359,28.26,0.727,1.625,0.000
10,ec.gp.GPIndividual@338536717{1713391911},3C_20_66-02.txt,154.245,0.100,15.424,2,1.625,10.54,0.813,1.625,0.000
10,ec.gp.GPIndividual@338536717{1713391911},3C_20_66-02.txt,154.245,0.100,15.424,2,4.734,30.69,2.367,4.734,0.000
10,ec.gp.GPIndividual@338536717{1713391911},3C_20_80-01.txt,4.194,0.100,0.419,1,4.734,1128.71,4.734,4.734,0.000
10,ec.gp.GPIndividual@338536717{1713391911},3C_20_80-01.txt,4.194,0.100,0.419,1,0.172,40.98,0.172,4.734,0.000
10,ec.gp.GPIndividual@338536717{1713391911},3C_20_80-02.txt,35.738,0.100,3.574,1,0.172,4.81,0.172,4.734,0.000
10,ec.gp.GPIndividual@338536717{1713391911},3C_20_80-02.txt,35.738,0.100,3.574,3,6.984,195.43,2.328,4.734,0.000
10,ec.gp.GPIndividual@338536717{1713391911},3C_20_66-03.txt,118.340,0.100,11.834,3,0.000,0.00,0.000,4.734,0.000
10,ec.gp.GPIndividual@338536717{1713391911},3C_20_66-01.txt,7.322,0.100,0.732,4,1.781,243.27,0.445,4.734,0.000
10,ec.gp.GPIndividual@338536717{1713391911},3C_20_80-03.txt,169.439,0.100,16.944,1,1.438,8.48,1.438,4.734,0.000
10,ec.gp.GPIndividual@338536717{1713391911},3C_20_80-03.txt,169.439,0.100,16.944,10,17.906,105.68,1.791,4.875,0.000
10,ec.gp.GPIndividual@338536717{1713391911},3C_20_80-01.txt,4.194,0.100,0.419,5,1.406,335.26,0.281,4.875,0.000
10,ec.gp.GPIndividual@338536717{1713391911},3C_20_66-02.txt,154.245,0.100,15.424,5,1.703,11.04,0.341,4.875,0.000
10,ec.gp.GPIndividual@338536717{1713391911},3C_20_66-03.txt,118.340,0.100,11.834,2,1.563,13.20,0.781,4.875,0.000
10,ec.gp.GPIndividual@338536717{1713391911},3C_20_66-03.txt,118.340,0.100,11.834,3,6.969,58.89,2.323,5.953,0.000
10,ec.gp.GPIndividual@888444155{-170747832},3C_20_50-02.txt,61.404,0.100,6.140,2,6.125,99.75,3.063,6.125,0.000
10,ec.gp.GPIndividual@2103133292{1876719490},3C_20_50-02.txt,61.404,0.100,6.140,5,4.391,71.50,0.878,2.375,0.000
10,ec.gp.GPIndividual@2103133292{1876719490},3C_20_80-02.txt,35.738,0.100,3.574,6,4.391,122.86,0.732,2.375,0.000
10,ec.gp.GPIndividual@2103133292{1876719490},3C_20_80-03.txt,169.439,0.100,16.944,10,16.969,100.15,1.697,4.875,0.000
10,ec.gp.GPIndividual@2103133292{1876719490},3C_20_50-03.txt,30.993,0.100,3.099,2,2.500,80.66,1.250,4.875,0.000
10,ec.gp.GPIndividual@2103133292{1876719490},3C_20_50-03.txt,30.993,0.100,3.099,5,3.016,97.30,0.603,4.875,0.000
10,ec.gp.GPIndividual@2103133292{1876719490},3C_20_80-01.txt,4.194,0.100,0.419,6,1.438,342.71,0.240,4.875,0.000
10,ec.gp.GPIndividual@2103133292{1876719490},3C_20_80-02.txt,35.738,0.100,3.574,1,0.000,0.00,0.000,4.875,0.000
10,ec.gp.GPIndividual@2103133292{1876719490},3C_20_66-03.txt,118.340,0.100,11.834,8,13.359,112.89,1.670,5.484,0.000
10,ec.gp.GPIndividual@210696013{440781901},3C_20_50-02.txt,61.404,0.100,6.140,0,0.000,0.00,0.000,0.000,0.000
10,ec.gp.GPIndividual@210696013{440781901},3C_20_50-03.txt,30.993,0.100,3.099,0,0.000,0.00,0.000,0.000,0.000
10,ec.gp.GPIndividual@210696013{440781901},3C_20_66-01.txt,7.322,0.100,0.732,0,0.000,0.00,0.000,0.000,0.000
10,ec.gp.GPIndividual@210696013{440781901},3C_20_66-02.txt,154.245,0.100,15.424,0,0.000,0.00,0.000,0.000,0.000
10,ec.gp.GPIndividual@210696013{440781901},3C_20_66-03.txt,118.340,0.100,11.834,0,0.000,0.00,0.000,0.000,0.000
10,ec.gp.GPIndividual@210696013{440781901},3C_20_80-01.txt,4.194,0.100,0.419,0,0.000,0.00,0.000,0.000,0.000
10,ec.gp.GPIndividual@210696013{440781901},3C_20_80-02.txt,35.738,0.100,3.574,0,0.000,0.00,0.000,0.000,0.000
10,ec.gp.GPIndividual@210696013{440781901},3C_20_80-03.txt,169.439,0.100,16.944,0,0.000,0.00,0.000,0.000,0.000
10,ec.gp.GPIndividual@769392973{1999479078},3C_20_50-02.txt,61.404,0.100,6.140,2,2.875,46.82,1.438,2.344,0.531
10,ec.gp.GPIndividual@769392973{1999479078},3C_20_80-01.txt,4.194,0.100,0.419,3,1.766,420.94,0.589,2.344,0.000
10,ec.gp.GPIndividual@769392973{1999479078},3C_20_80-03.txt,169.439,0.100,16.944,6,5.625,33.20,0.938,3.703,0.000
10,ec.gp.GPIndividual@769392973{1999479078},3C_20_50-03.txt,30.993,0.100,3.099,1,4.219,136.12,4.219,4.219,0.000
10,ec.gp.GPIndividual@769392973{1999479078},3C_20_66-01.txt,7.322,0.100,0.732,2,1.047,142.97,0.523,4.219,0.000
10,ec.gp.GPIndividual@769392973{1999479078},3C_20_80-02.txt,35.738,0.100,3.574,4,6.516,182.32,1.629,4.859,0.000
10,ec.gp.GPIndividual@769392973{1999479078},3C_20_66-01.txt,7.322,0.100,0.732,1,0.844,115.23,0.844,4.859,0.000
10,ec.gp.GPIndividual@769392973{1999479078},3C_20_66-02.txt,154.245,0.100,15.424,2,0.422,2.74,0.211,4.859,0.000
10,ec.gp.GPIndividual@769392973{1999479078},3C_20_80-01.txt,4.194,0.100,0.419,3,1.578,376.24,0.526,4.859,0.000
10,ec.gp.GPIndividual@769392973{1999479078},3C_20_80-03.txt,169.439,0.100,16.944,3,1.375,8.12,0.458,4.859,0.000
10,ec.gp.GPIndividual@769392973{1999479078},3C_20_66-02.txt,154.245,0.100,15.424,3,7.578,49.13,2.526,4.859,0.000
10,ec.gp.GPIndividual@769392973{1999479078},3C_20_66-01.txt,7.322,0.100,0.732,6,6.297,859.97,1.049,5.609,0.000
10,ec.gp.GPIndividual@1623882614{-805344435},3C_20_50-02.txt,61.404,0.100,6.140,0,0.000,0.00,0.000,0.000,0.000
10,ec.gp.GPIndividual@1623882614{-805344435},3C_20_50-03.txt,30.993,0.100,3.099,0,0.000,0.00,0.000,0.000,0.000
10,ec.gp.GPIndividual@1623882614{-805344435},3C_20_66-01.txt,7.322,0.100,0.732,0,0.000,0.00,0.000,0.000,0.000
10,ec.gp.GPIndividual@1623882614{-805344435},3C_20_66-02.txt,154.245,0.100,15.424,0,0.000,0.00,0.000,0.000,0.000
10,ec.gp.GPIndividual@1623882614{-805344435},3C_20_66-03.txt,118.340,0.100,11.834,0,0.000,0.00,0.000,0.000,0.000
10,ec.gp.GPIndividual@1623882614{-805344435},3C_20_66-03.txt,118.340,0.100,11.834,0,0.000,0.00,0.000,0.000,0.000
10,ec.gp.GPIndividual@1623882614{-805344435},3C_20_80-01.txt,4.194,0.100,0.419,1,0.000,0.00,0.000,0.000,0.000
10,ec.gp.GPIndividual@1623882614{-805344435},3C_20_80-02.txt,35.738,0.100,3.574,0,0.000,0.00,0.000,0.000,0.000
10,ec.gp.GPIndividual@1623882614{-805344435},3C_20_80-03.txt,169.439,0.100,16.944,0,0.000,0.00,0.000,0.000,0.000
10,ec.gp.GPIndividual@264104289{1207266287},3C_20_50-02.txt,61.404,0.100,6.140,8,6.063,98.73,0.758,2.234,0.000
10,ec.gp.GPIndividual@264104289{1207266287},3C_20_50-03.txt,30.993,0.100,3.099,4,2.922,94.28,0.730,2.234,0.000
10,ec.gp.GPIndividual@264104289{1207266287},3C_20_66-03.txt,118.340,0.100,11.834,4,3.688,31.16,0.922,2.234,0.000
10,ec.gp.GPIndividual@264104289{1207266287},3C_20_66-03.txt,118.340,0.100,11.834,4,9.000,76.05,2.250,5.656,0.000
10,ec.gp.GPIndividual@264104289{1207266287},3C_20_66-03.txt,118.340,0.100,11.834,6,14.891,125.83,2.482,5.656,0.000
10,ec.gp.GPIndividual@264104289{1207266287},3C_20_66-01.txt,7.322,0.100,0.732,2,0.531,72.55,0.266,5.656,0.000
10,ec.gp.GPIndividual@264104289{1207266287},3C_20_80-01.txt,4.194,0.100,0.419,2,0.516,122.93,0.258,5.656,0.000
10,ec.gp.GPIndividual@264104289{1207266287},3C_20_66-02.txt,154.245,0.100,15.424,3,4.984,32.31,1.661,5.656,0.000
10,ec.gp.GPIndividual@264104289{1207266287},3C_20_80-02.txt,35.738,0.100,3.574,1,2.469,69.08,2.469,5.656,0.000
10,ec.gp.GPIndividual@264104289{1207266287},3C_20_80-02.txt,35.738,0.100,3.574,4,6.391,178.82,1.598,5.656,0.000
10,ec.gp.GPIndividual@264104289{1207266287},3C_20_80-01.txt,4.194,0.100,0.419,2,4.063,968.53,2.031,5.656,0.000
10,ec.gp.GPIndividual@2028739499{493025276},3C_20_50-02.txt,61.404,0.100,6.140,5,4.000,65.14,0.800,2.547,0.000
10,ec.gp.GPIndividual@2028739499{493025276},3C_20_80-03.txt,169.439,0.100,16.944,10,14.547,85.85,1.455,4.281,0.000
10,ec.gp.GPIndividual@2028739499{493025276},3C_20_66-03.txt,118.340,0.100,11.834,3,2.641,22.31,0.880,4.281,0.000
10,ec.gp.GPIndividual@2028739499{493025276},3C_20_80-02.txt,35.738,0.100,3.574,3,4.078,114.11,1.359,4.281,0.000
10,ec.gp.GPIndividual@2028739499{493025276},3C_20_80-03.txt,169.439,0.100,16.944,3,0.531,3.14,0.177,4.281,0.000
10,ec.gp.GPIndividual@2028739499{493025276},3C_20_50-03.txt,30.993,0.100,3.099,3,5.234,168.89,1.745,4.281,0.000
10,ec.gp.GPIndividual@2028739499{493025276},3C_20_80-01.txt,4.194,0.100,0.419,2,5.547,1322.42,2.773,5.547,0.000
10,ec.gp.GPIndividual@319733938{2127485856},3C_20_50-02.txt,61.404,0.100,6.140,7,8.469,137.92,1.210,4.875,0.000
10,ec.gp.GPIndividual@319733938{2127485856},3C_20_80-01.txt,4.194,0.100,0.419,5,2.109,502.89,0.422,4.875,0.000
10,ec.gp.GPIndividual@319733938{2127485856},3C_20_50-03.txt,30.993,0.100,3.099,1,0.156,5.04,0.156,4.875,0.000
10,ec.gp.GPIndividual@319733938{2127485856},3C_20_80-02.txt,35.738,0.100,3.574,5,4.656,130.29,0.931,4.875,0.000
10,ec.gp.GPIndividual@319733938{2127485856},3C_20_80-03.txt,169.439,0.100,16.944,2,0.484,2.86,0.242,4.875,0.000
10,ec.gp.GPIndividual@319733938{2127485856},3C_20_66-01.txt,7.322,0.100,0.732,5,1.844,251.80,0.369,4.875,0.000
10,ec.gp.GPIndividual@319733938{2127485856},3C_20_66-01.txt,7.322,0.100,0.732,2,1.313,179.25,0.656,4.875,0.000
10,ec.gp.GPIndividual@319733938{2127485856},3C_20_80-02.txt,35.738,0.100,3.574,1,0.000,0.00,0.000,4.875,0.000
10,ec.gp.GPIndividual@319733938{2127485856},3C_20_66-02.txt,154.245,0.100,15.424,4,2.859,18.54,0.715,4.875,0.000
10,ec.gp.GPIndividual@319733938{2127485856},3C_20_66-02.txt,154.245,0.100,15.424,7,15.250,98.87,2.179,5.766,0.000
10,ec.gp.GPIndividual@319733938{2127485856},3C_20_66-03.txt,118.340,0.100,11.834,3,4.266,36.05,1.422,5.766,0.000
10,ec.gp.GPIndividual@319733938{2127485856},3C_20_80-03.txt,169.439,0.100,16.944,6,13.281,78.38,2.214,5.922,0.000
10,ec.gp.GPIndividual@319733938{2127485856},3C_20_80-03.txt,169.439,0.100,16.944,2,1.625,9.59,0.813,5.922,0.000
10,ec.gp.GPIndividual@319733938{2127485856},3C_20_66-03.txt,118.340,0.100,11.834,6,11.781,99.55,1.964,5.922,0.000
10,ec.gp.GPIndividual@710821784{-1061800658},3C_20_50-02.txt,61.404,0.100,6.140,3,6.438,104.84,2.146,6.078,0.000
10,ec.gp.GPIndividual@2018860959{-1826530411},3C_20_50-02.txt,61.404,0.100,6.140,1,1.797,29.26,1.797,1.797,1.797
10,ec.gp.GPIndividual@2018860959{-1826530411},3C_20_80-01.txt,4.194,0.100,0.419,1,0.359,85.68,0.359,1.797,0.359
10,ec.gp.GPIndividual@2018860959{-1826530411},3C_20_50-03.txt,30.993,0.100,3.099,2,3.953,127.55,1.977,3.781,0.172
10,ec.gp.GPIndividual@15008047{-1123405272},3C_20_50-02.txt,61.404,0.100,6.140,3,2.969,48.35,0.990,1.781,0.000
10,ec.gp.GPIndividual@15008047{-1123405272},3C_20_80-02.txt,35.738,0.100,3.574,1,4.797,134.22,4.797,4.797,0.000
10,ec.gp.GPIndividual@15008047{-1123405272},3C_20_80-01.txt,4.194,0.100,0.419,2,1.313,312.91,0.656,4.797,0.000
10,ec.gp.GPIndividual@15008047{-1123405272},3C_20_66-01.txt,7.322,0.100,0.732,2,0.828,113.10,0.414,4.797,0.000
10,ec.gp.GPIndividual@15008047{-1123405272},3C_20_50-03.txt,30.993,0.100,3.099,2,0.438,14.12,0.219,4.797,0.000
10,ec.gp.GPIndividual@15008047{-1123405272},3C_20_66-02.txt,154.245,0.100,15.424,7,11.766,76.28,1.681,5.875,0.000
10,ec.gp.GPIndividual@15008047{-1123405272},3C_20_80-02.txt,35.738,0.100,3.574,2,1.531,42.85,0.766,5.875,0.000
10,ec.gp.GPIndividual@15008047{-1123405272},3C_20_66-03.txt,118.340,0.100,11.834,1,1.391,11.75,1.391,5.875,0.000
10,ec.gp.GPIndividual@15008047{-1123405272},3C_20_80-03.txt,169.439,0.100,16.944,2,3.516,20.75,1.758,5.875,0.000
10,ec.gp.GPIndividual@15008047{-1123405272},3C_20_50-03.txt,30.993,0.100,3.099,4,6.391,206.20,1.598,5.875,0.000
10,ec.gp.GPIndividual@400228505{-426637572},3C_20_50-02.txt,61.404,0.100,6.140,1,0.344,5.60,0.344,0.344,0.344
10,ec.gp.GPIndividual@400228505{-426637572},3C_20_66-01.txt,7.322,0.100,0.732,2,1.250,170.71,0.625,1.250,0.000
10,ec.gp.GPIndividual@400228505{-426637572},3C_20_66-01.txt,7.322,0.100,0.732,3,0.859,117.37,0.286,1.250,0.000
10,ec.gp.GPIndividual@400228505{-426637572},3C_20_50-03.txt,30.993,0.100,3.099,5,2.844,91.76,0.569,1.906,0.000
10,ec.gp.GPIndividual@400228505{-426637572},3C_20_66-02.txt,154.245,0.100,15.424,4,2.828,18.34,0.707,1.906,0.000
10,ec.gp.GPIndividual@400228505{-426637572},3C_20_66-01.txt,7.322,0.100,0.732,1,0.359,49.08,0.359,1.906,0.000
10,ec.gp.GPIndividual@400228505{-426637572},3C_20_66-02.txt,154.245,0.100,15.424,1,0.859,5.57,0.859,1.906,0.000
10,ec.gp.GPIndividual@400228505{-426637572},3C_20_80-03.txt,169.439,0.100,16.944,2,4.859,28.68,2.430,4.859,0.000
10,ec.gp.GPIndividual@400228505{-426637572},3C_20_80-01.txt,4.194,0.100,0.419,1,0.172,40.98,0.172,4.859,0.000
10,ec.gp.GPIndividual@400228505{-426637572},3C_20_80-02.txt,35.738,0.100,3.574,2,4.016,112.36,2.008,4.859,0.000
10,ec.gp.GPIndividual@400228505{-426637572},3C_20_66-03.txt,118.340,0.100,11.834,3,6.766,57.17,2.255,5.203,0.000
10,ec.gp.GPIndividual@400228505{-426637572},3C_20_66-03.txt,118.340,0.100,11.834,1,0.828,7.00,0.828,5.203,0.000
10,ec.gp.GPIndividual@400228505{-426637572},3C_20_66-02.txt,154.245,0.100,15.424,2,1.531,9.93,0.766,5.203,0.000
10,ec.gp.GPIndividual@400228505{-426637572},3C_20_80-03.txt,169.439,0.100,16.944,1,2.828,16.69,2.828,5.203,0.000
10,ec.gp.GPIndividual@735287082{-1156013632},3C_20_50-02.txt,61.404,0.100,6.140,2,3.234,52.67,1.617,2.719,0.516
10,ec.gp.GPIndividual@735287082{-1156013632},3C_20_50-03.txt,30.993,0.100,3.099,3,2.750,88.73,0.917,2.719,0.000
10,ec.gp.GPIndividual@735287082{-1156013632},3C_20_66-01.txt,7.322,0.100,0.732,1,4.797,655.12,4.797,4.797,0.000
10,ec.gp.GPIndividual@735287082{-1156013632},3C_20_80-01.txt,4.194,0.100,0.419,2,0.172,40.98,0.086,4.797,0.000
10,ec.gp.GPIndividual@735287082{-1156013632},3C_20_80-02.txt,35.738,0.100,3.574,2,0.328,9.18,0.164,4.797,0.000
10,ec.gp.GPIndividual@735287082{-1156013632},3C_20_66-02.txt,154.245,0.100,15.424,1,4.813,31.20,4.813,4.813,0.000
10,ec.gp.GPIndividual@735287082{-1156013632},3C_20_80-01.txt,4.194,0.100,0.419,1,6.359,1516.13,6.359,6.359,0.000
10,ec.gp.GPIndividual@647446191{493025276},3C_20_50-02.txt,61.404,0.100,6.140,2,0.281,4.58,0.141,0.281,0.000
10,ec.gp.GPIndividual@647446191{493025276},3C_20_80-02.txt,35.738,0.100,3.574,1,0.766,21.42,0.766,0.766,0.000
10,ec.gp.GPIndividual@647446191{493025276},3C_20_66-03.txt,118.340,0.100,11.834,4,7.844,66.28,1.961,6.031,0.000
10,ec.gp.GPIndividual@30012505{1800200082},3C_20_50-02.txt,61.404,0.100,6.140,1,0.000,0.00,0.000,0.000,0.000
10,ec.gp.GPIndividual@30012505{1800200082},3C_20_50-03.txt,30.993,0.100,3.099,1,0.000,0.00,0.000,0.000,0.000
10,ec.gp.GPIndividual@30012505{1800200082},3C_20_66-01.txt,7.322,0.100,0.732,1,0.000,0.00,0.000,0.000,0.000
10,ec.gp.GPIndividual@30012505{1800200082},3C_20_66-02.txt,154.245,0.100,15.424,1,0.000,0.00,0.000,0.000,0.000
10,ec.gp.GPIndividual@30012505{1800200082},3C_20_66-03.txt,118.340,0.100,11.834,1,0.000,0.00,0.000,0.000,0.000
10,ec.gp.GPIndividual@30012505{1800200082},3C_20_80-01.txt,4.194,0.100,0.419,1,0.000,0.00,0.000,0.000,0.000
10,ec.gp.GPIndividual@30012505{1800200082},3C_20_80-02.txt,35.738,0.100,3.574,1,0.000,0.00,0.000,0.000,0.000
10,ec.gp.GPIndividual@30012505{1800200082},3C_20_80-03.txt,169.439,0.100,16.944,1,0.000,0.00,0.000,0.000,0.000
10,ec.gp.GPIndividual@2001693239{967057018},3C_20_50-02.txt,61.404,0.100,6.140,2,4.797,78.12,2.398,4.797,0.000
10,ec.gp.GPIndividual@2001693239{967057018},3C_20_80-01.txt,4.194,0.100,0.419,1,0.281,67.05,0.281,4.797,0.000
10,ec.gp.GPIndividual@2001693239{967057018},3C_20_80-02.txt,35.738,0.100,3.574,4,3.172,88.75,0.793,4.797,0.000
10,ec.gp.GPIndividual@2001693239{967057018},3C_20_80-03.txt,169.439,0.100,16.944,2,4.359,25.73,2.180,4.797,0.000
10,ec.gp.GPIndividual@2001693239{967057018},3C_20_50-03.txt,30.993,0.100,3.099,2,4.922,158.81,2.461,4.922,0.000
10,ec.gp.GPIndividual@1781253125{2062755878},3C_20_50-02.txt,61.404,0.100,6.140,5,7.188,117.05,1.438,4.922,0.000
10,ec.gp.GPIndividual@1781253125{2062755878},3C_20_66-01.txt,7.322,0.100,0.732,1,0.000,0.00,0.000,4.922,0.000
10,ec.gp.GPIndividual@1781253125{2062755878},3C_20_80-01.txt,4.194,0.100,0.419,2,0.422,100.58,0.211,4.922,0.000
10,ec.gp.GPIndividual@1781253125{2062755878},3C_20_50-03.txt,30.993,0.100,3.099,5,3.438,110.91,0.688,4.922,0.000
10,ec.gp.GPIndividual@1781253125{2062755878},3C_20_66-01.txt,7.322,0.100,0.732,2,0.547,74.69,0.273,4.922,0.000
10,ec.gp.GPIndividual@1781253125{2062755878},3C_20_66-02.txt,154.245,0.100,15.424,4,5.547,35.96,1.387,4.922,0.000
10,ec.gp.GPIndividual@1344027010{30455043},3C_20_50-02.txt,61.404,0.100,6.140,7,0.000,0.00,0.000,0.000,0.000
10,ec.gp.GPIndividual@1344027010{30455043},3C_20_50-03.txt,30.993,0.100,3.099,7,0.000,0.00,0.000,0.000,0.000
10,ec.gp.GPIndividual@1344027010{30455043},3C_20_66-01.txt,7.322,0.100,0.732,7,0.000,0.00,0.000,0.000,0.000
10,ec.gp.GPIndividual@1344027010{30455043},3C_20_66-02.txt,154.245,0.100,15.424,7,0.000,0.00,0.000,0.000,0.000
10,ec.gp.GPIndividual@1344027010{30455043},3C_20_66-03.txt,118.340,0.100,11.834,7,0.000,0.00,0.000,0.000,0.000
10,ec.gp.GPIndividual@1344027010{30455043},3C_20_80-01.txt,4.194,0.100,0.419,7,0.000,0.00,0.000,0.000,0.000
10,ec.gp.GPIndividual@1344027010{30455043},3C_20_80-02.txt,35.738,0.100,3.574,7,0.000,0.00,0.000,0.000,0.000
10,ec.gp.GPIndividual@1344027010{30455043},3C_20_80-03.txt,169.439,0.100,16.944,7,0.000,0.00,0.000,0.000,0.000
10,ec.gp.GPIndividual@898048114{-1061800658},3C_20_50-02.txt,61.404,0.100,6.140,4,0.344,5.60,0.086,0.172,0.000
10,ec.gp.GPIndividual@898048114{-1061800658},3C_20_80-02.txt,35.738,0.100,3.574,6,3.984,111.49,0.664,1.203,0.000
10,ec.gp.GPIndividual@898048114{-1061800658},3C_20_50-03.txt,30.993,0.100,3.099,2,0.219,7.06,0.109,1.203,0.000
10,ec.gp.GPIndividual@898048114{-1061800658},3C_20_80-03.txt,169.439,0.100,16.944,5,4.672,27.57,0.934,1.266,0.000
10,ec.gp.GPIndividual@898048114{-1061800658},3C_20_80-02.txt,35.738,0.100,3.574,2,0.813,22.73,0.406,1.266,0.000
10,ec.gp.GPIndividual@898048114{-1061800658},3C_20_80-03.txt,169.439,0.100,16.944,7,9.469,55.88,1.353,3.406,0.000
10,ec.gp.GPIndividual@898048114{-1061800658},3C_20_80-03.txt,169.439,0.100,16.944,5,11.813,69.72,2.363,4.641,0.000
10,ec.gp.GPIndividual@475941254{-1985201728},3C_20_50-02.txt,61.404,0.100,6.140,4,4.109,66.92,1.027,3.203,0.000
10,ec.gp.GPIndividual@475941254{-1985201728},3C_20_66-01.txt,7.322,0.100,0.732,2,5.391,736.20,2.695,5.391,0.000
10,ec.gp.GPIndividual@1304829085{85495946},3C_20_50-02.txt,61.404,0.100,6.140,9,4.781,77.86,0.531,0.984,0.000
10,ec.gp.GPIndividual@1304829085{85495946},3C_20_66-02.txt,154.245,0.100,15.424,3,1.750,11.35,0.583,1.172,0.000
10,ec.gp.GPIndividual@1304829085{85495946},3C_20_50-03.txt,30.993,0.100,3.099,7,3.031,97.81,0.433,1.281,0.000
10,ec.gp.GPIndividual@1304829085{85495946},3C_20_66-01.txt,7.322,0.100,0.732,3,0.688,93.89,0.229,1.281,0.000
10,ec.gp.GPIndividual@1304829085{85495946},3C_20_66-03.txt,118.340,0.100,11.834,5,1.984,16.77,0.397,1.281,0.000
10,ec.gp.GPIndividual@1304829085{85495946},3C_20_66-02.txt,154.245,0.100,15.424,7,9.828,63.72,1.404,5.766,0.000
10,ec.gp.GPIndividual@1304829085{85495946},3C_20_50-03.txt,30.993,0.100,3.099,4,2.516,81.17,0.629,5.766,0.000
10,ec.gp.GPIndividual@1304829085{85495946},3C_20_66-03.txt,118.340,0.100,11.834,7,12.281,103.78,1.754,5.766,0.000
10,ec.gp.GPIndividual@1304829085{85495946},3C_20_80-01.txt,4.194,0.100,0.419,5,0.422,100.58,0.084,5.766,0.000
10,ec.gp.GPIndividual@1304829085{85495946},3C_20_80-02.txt,35.738,0.100,3.574,5,3.422,95.75,0.684,5.766,0.000
10,ec.gp.GPIndividual@1304829085{85495946},3C_20_66-01.txt,7.322,0.100,0.732,2,1.672,228.33,0.836,5.766,0.000
10,ec.gp.GPIndividual@1304829085{85495946},3C_20_80-01.txt,4.194,0.100,0.419,2,0.875,208.61,0.438,5.766,0.000
10,ec.gp.GPIndividual@1304829085{85495946},3C_20_80-03.txt,169.439,0.100,16.944,8,3.422,20.20,0.428,5.766,0.000
10,ec.gp.GPIndividual@1304829085{85495946},3C_20_66-02.txt,154.245,0.100,15.424,3,4.031,26.14,1.344,5.766,0.000
10,ec.gp.GPIndividual@1304829085{85495946},3C_20_80-02.txt,35.738,0.100,3.574,7,3.625,101.43,0.518,5.766,0.000
10,ec.gp.GPIndividual@1304829085{85495946},3C_20_66-03.txt,118.340,0.100,11.834,2,0.234,1.98,0.117,5.766,0.000
10,ec.gp.GPIndividual@1304829085{85495946},3C_20_80-03.txt,169.439,0.100,16.944,7,14.391,84.93,2.056,5.766,0.000
10,ec.gp.GPIndividual@808896097{-2077453762},3C_20_50-02.txt,61.404,0.100,6.140,2,2.125,34.61,1.063,2.125,0.000
10,ec.gp.GPIndividual@808896097{-2077453762},3C_20_80-01.txt,4.194,0.100,0.419,6,0.578,137.83,0.096,2.125,0.000
10,ec.gp.GPIndividual@808896097{-2077453762},3C_20_80-02.txt,35.738,0.100,3.574,1,0.000,0.00,0.000,2.125,0.000
10,ec.gp.GPIndividual@808896097{-2077453762},3C_20_50-03.txt,30.993,0.100,3.099,2,5.766,186.03,2.883,4.813,0.000
10,ec.gp.GPIndividual@1296311654{188587036},3C_20_50-02.txt,61.404,0.100,6.140,9,6.578,107.13,0.731,1.688,0.000
10,ec.gp.GPIndividual@1296311654{188587036},3C_20_50-03.txt,30.993,0.100,3.099,5,1.875,60.50,0.375,1.688,0.000
10,ec.gp.GPIndividual@1296311654{188587036},3C_20_80-03.txt,169.439,0.100,16.944,4,2.438,14.39,0.609,1.688,0.000
10,ec.gp.GPIndividual@1296311654{188587036},3C_20_66-01.txt,7.322,0.100,0.732,5,0.688,93.89,0.138,1.688,0.000
10,ec.gp.GPIndividual@1296311654{188587036},3C_20_66-02.txt,154.245,0.100,15.424,9,12.500,81.04,1.389,2.875,0.000
10,ec.gp.GPIndividual@1296311654{188587036},3C_20_66-01.txt,7.322,0.100,0.732,3,6.922,945.33,2.307,4.719,0.000
10,ec.gp.GPIndividual@211633594{2094552545},3C_20_50-02.txt,61.404,0.100,6.140,1,0.000,0.00,0.000,0.000,0.000
10,ec.gp.GPIndividual@211633594{2094552545},3C_20_66-03.txt,118.340,0.100,11.834,7,3.750,31.69,0.536,1.000,0.000
10,ec.gp.GPIndividual@211633594{2094552545},3C_20_66-02.txt,154.245,0.100,15.424,4,4.547,29.48,1.137,2.406,0.000
10,ec.gp.GPIndividual@211633594{2094552545},3C_20_50-03.txt,30.993,0.100,3.099,5,2.828,91.25,0.566,2.406,0.000
10,ec.gp.GPIndividual@211633594{2094552545},3C_20_66-03.txt,118.340,0.100,11.834,7,12.141,102.59,1.734,4.594,0.000
10,ec.gp.GPIndividual@211633594{2094552545},3C_20_80-01.txt,4.194,0.100,0.419,2,3.188,759.93,1.594,4.594,0.000
10,ec.gp.GPIndividual@211633594{2094552545},3C_20_66-01.txt,7.322,0.100,0.732,7,0.766,104.56,0.109,4.594,0.000
10,ec.gp.GPIndividual@211633594{2094552545},3C_20_66-02.txt,154.245,0.100,15.424,2,1.734,11.24,0.867,4.594,0.000
10,ec.gp.GPIndividual@211633594{2094552545},3C_20_80-02.txt,35.738,0.100,3.574,6,3.844,107.55,0.641,4.594,0.000
10,ec.gp.GPIndividual@211633594{2094552545},3C_20_66-03.txt,118.340,0.100,11.834,3,0.063,0.53,0.021,4.594,0.000
10,ec.gp.GPIndividual@211633594{2094552545},3C_20_80-03.txt,169.439,0.100,16.944,3,10.625,62.71,3.542,5.516,0.000
10,ec.gp.GPIndividual@211633594{2094552545},3C_20_80-01.txt,4.194,0.100,0.419,2,1.375,327.81,0.688,5.516,0.000
10,ec.gp.GPIndividual@211633594{2094552545},3C_20_80-01.txt,4.194,0.100,0.419,3,0.422,100.58,0.141,5.516,0.000
10,ec.gp.GPIndividual@211633594{2094552545},3C_20_80-02.txt,35.738,0.100,3.574,4,0.594,16.61,0.148,5.516,0.000
10,ec.gp.GPIndividual@211633594{2094552545},3C_20_80-02.txt,35.738,0.100,3.574,8,3.563,99.68,0.445,5.516,0.000
10,ec.gp.GPIndividual@211633594{2094552545},3C_20_80-03.txt,169.439,0.100,16.944,2,0.313,1.84,0.156,5.516,0.000
10,ec.gp.GPIndividual@211633594{2094552545},3C_20_80-03.txt,169.439,0.100,16.944,8,17.578,103.74,2.197,5.516,0.000
10,ec.gp.GPIndividual@401181743{-476836386},3C_20_50-02.txt,61.404,0.100,6.140,7,5.781,94.15,0.826,3.984,0.000
10,ec.gp.GPIndividual@1441615398{1379115242},3C_20_50-02.txt,61.404,0.100,6.140,1,0.172,2.80,0.172,0.172,0.172
10,ec.gp.GPIndividual@1441615398{1379115242},3C_20_50-03.txt,30.993,0.100,3.099,1,1.781,57.47,1.781,1.781,0.172
11,ec.gp.GPIndividual@854277853{-1577567392},3C_20_50-02.txt,61.404,0.100,6.140,1,0.000,0.00,0.000,0.000,0.000
11,ec.gp.GPIndividual@854277853{-1577567392},3C_20_50-03.txt,30.993,0.100,3.099,1,0.000,0.00,0.000,0.000,0.000
11,ec.gp.GPIndividual@854277853{-1577567392},3C_20_66-01.txt,7.322,0.100,0.732,1,0.000,0.00,0.000,0.000,0.000
11,ec.gp.GPIndividual@854277853{-1577567392},3C_20_66-02.txt,154.245,0.100,15.424,1,0.000,0.00,0.000,0.000,0.000
11,ec.gp.GPIndividual@854277853{-1577567392},3C_20_66-03.txt,118.340,0.100,11.834,1,0.000,0.00,0.000,0.000,0.000
11,ec.gp.GPIndividual@854277853{-1577567392},3C_20_80-01.txt,4.194,0.100,0.419,1,0.000,0.00,0.000,0.000,0.000
11,ec.gp.GPIndividual@854277853{-1577567392},3C_20_80-02.txt,35.738,0.100,3.574,1,0.000,0.00,0.000,0.000,0.000
11,ec.gp.GPIndividual@854277853{-1577567392},3C_20_80-03.txt,169.439,0.100,16.944,1,0.000,0.00,0.000,0.000,0.000
11,ec.gp.GPIndividual@927969113{-1988990071},3C_20_50-02.txt,61.404,0.100,6.140,0,0.000,0.00,0.000,0.000,0.000
11,ec.gp.GPIndividual@927969113{-1988990071},3C_20_50-03.txt,30.993,0.100,3.099,0,0.000,0.00,0.000,0.000,0.000
11,ec.gp.GPIndividual@927969113{-1988990071},3C_20_66-01.txt,7.322,0.100,0.732,0,0.000,0.00,0.000,0.000,0.000
11,ec.gp.GPIndividual@927969113{-1988990071},3C_20_66-02.txt,154.245,0.100,15.424,0,0.000,0.00,0.000,0.000,0.000
11,ec.gp.GPIndividual@927969113{-1988990071},3C_20_66-03.txt,118.340,0.100,11.834,0,0.000,0.00,0.000,0.000,0.000
11,ec.gp.GPIndividual@927969113{-1988990071},3C_20_80-01.txt,4.194,0.100,0.419,0,0.000,0.00,0.000,0.000,0.000
11,ec.gp.GPIndividual@927969113{-1988990071},3C_20_80-02.txt,35.738,0.100,3.574,0,0.000,0.00,0.000,0.000,0.000
11,ec.gp.GPIndividual@927969113{-1988990071},3C_20_80-03.txt,169.439,0.100,16.944,0,0.000,0.00,0.000,0.000,0.000
11,ec.gp.GPIndividual@1540146115{755900476},3C_20_50-02.txt,61.404,0.100,6.140,2,0.391,6.36,0.195,0.391,0.000
11,ec.gp.GPIndividual@1540146115{755900476},3C_20_50-03.txt,30.993,0.100,3.099,4,1.563,50.42,0.391,0.391,0.000
11,ec.gp.GPIndividual@1540146115{755900476},3C_20_50-03.txt,30.993,0.100,3.099,3,1.250,40.33,0.417,0.844,0.000
11,ec.gp.GPIndividual@1540146115{755900476},3C_20_50-03.txt,30.993,0.100,3.099,2,1.016,32.77,0.508,1.016,0.000
11,ec.gp.GPIndividual@1540146115{755900476},3C_20_50-03.txt,30.993,0.100,3.099,4,2.500,80.66,0.625,1.328,0.000
11,ec.gp.GPIndividual@1540146115{755900476},3C_20_66-01.txt,7.322,0.100,0.732,1,1.219,166.45,1.219,1.328,0.000
11,ec.gp.GPIndividual@1540146115{755900476},3C_20_50-03.txt,30.993,0.100,3.099,2,1.328,42.85,0.664,1.328,0.000
11,ec.gp.GPIndividual@1540146115{755900476},3C_20_66-01.txt,7.322,0.100,0.732,2,0.625,85.36,0.313,1.328,0.000
11,ec.gp.GPIndividual@1540146115{755900476},3C_20_66-02.txt,154.245,0.100,15.424,0,0.000,0.00,0.000,1.328,0.000
11,ec.gp.GPIndividual@1540146115{755900476},3C_20_66-02.txt,154.245,0.100,15.424,1,0.797,5.17,0.797,1.328,0.000
11,ec.gp.GPIndividual@1540146115{755900476},3C_20_50-03.txt,30.993,0.100,3.099,5,2.938,94.78,0.588,1.328,0.000
11,ec.gp.GPIndividual@1540146115{755900476},3C_20_66-01.txt,7.322,0.100,0.732,2,1.328,181.38,0.664,1.328,0.000
11,ec.gp.GPIndividual@1540146115{755900476},3C_20_66-01.txt,7.322,0.100,0.732,5,1.625,221.93,0.325,1.328,0.000
11,ec.gp.GPIndividual@1540146115{755900476},3C_20_66-02.txt,154.245,0.100,15.424,2,1.469,9.52,0.734,1.469,0.000
11,ec.gp.GPIndividual@1540146115{755900476},3C_20_66-03.txt,118.340,0.100,11.834,1,1.469,12.41,1.469,1.469,0.000
11,ec.gp.GPIndividual@1540146115{755900476},3C_20_66-03.txt,118.340,0.100,11.834,2,0.250,2.11,0.125,1.469,0.000
11,ec.gp.GPIndividual@1540146115{755900476},3C_20_66-02.txt,154.245,0.100,15.424,2,1.266,8.21,0.633,1.469,0.000
11,ec.gp.GPIndividual@1540146115{755900476},3C_20_66-01.txt,7.322,0.100,0.732,3,0.531,72.55,0.177,1.469,0.000
11,ec.gp.GPIndividual@1540146115{755900476},3C_20_66-02.txt,154.245,0.100,15.424,7,18.484,119.84,2.641,4.906,0.000
11,ec.gp.GPIndividual@1540146115{755900476},3C_20_80-01.txt,4.194,0.100,0.419,1,4.906,1169.69,4.906,4.906,0.000
11,ec.gp.GPIndividual@1540146115{755900476},3C_20_80-01.txt,4.194,0.100,0.419,1,1.375,327.81,1.375,4.906,0.000
11,ec.gp.GPIndividual@1540146115{755900476},3C_20_66-03.txt,118.340,0.100,11.834,3,0.563,4.75,0.188,4.906,0.000
11,ec.gp.GPIndividual@1540146115{755900476},3C_20_80-02.txt,35.738,0.100,3.574,0,0.000,0.00,0.000,4.906,0.000
11,ec.gp.GPIndividual@1540146115{755900476},3C_20_80-02.txt,35.738,0.100,3.574,2,0.828,23.17,0.414,4.906,0.000
11,ec.gp.GPIndividual@1540146115{755900476},3C_20_66-03.txt,118.340,0.100,11.834,1,1.344,11.36,1.344,4.906,0.000
11,ec.gp.GPIndividual@1540146115{755900476},3C_20_66-03.txt,118.340,0.100,11.834,3,3.328,28.12,1.109,4.906,0.000
11,ec.gp.GPIndividual@1540146115{755900476},3C_20_80-03.txt,169.439,0.100,16.944,1,1.531,9.04,1.531,4.906,0.000
11,ec.gp.GPIndividual@1540146115{755900476},3C_20_80-03.txt,169.439,0.100,16.944,3,13.750,81.15,4.583,4.906,0.000
11,ec.gp.GPIndividual@1540146115{755900476},3C_20_66-01.txt,7.322,0.100,0.732,2,4.859,663.65,2.430,4.906,0.000
11,ec.gp.GPIndividual@1540146115{755900476},3C_20_80-01.txt,4.194,0.100,0.419,3,0.484,115.48,0.161,4.906,0.000
11,ec.gp.GPIndividual@1540146115{755900476},3C_20_66-02.txt,154.245,0.100,15.424,3,0.141,0.91,0.047,4.906,0.000
11,ec.gp.GPIndividual@1540146115{755900476},3C_20_80-02.txt,35.738,0.100,3.574,3,3.813,106.68,1.271,4.906,0.000
11,ec.gp.GPIndividual@1540146115{755900476},3C_20_66-03.txt,118.340,0.100,11.834,3,0.906,7.66,0.302,4.906,0.000
11,ec.gp.GPIndividual@1540146115{755900476},3C_20_80-03.txt,169.439,0.100,16.944,2,6.313,37.26,3.156,6.313,0.000
11,ec.gp.GPIndividual@2008651800{800945005},3C_20_50-02.txt,61.404,0.100,6.140,3,9.734,158.53,3.245,6.750,0.000
11,ec.gp.GPIndividual@1130059509{1916928212},3C_20_50-02.txt,61.404,0.100,6.140,3,0.734,11.96,0.245,0.438,0.000
11,ec.gp.GPIndividual@1130059509{1916928212},3C_20_80-01.txt,4.194,0.100,0.419,4,5.422,1292.62,1.355,4.906,0.000
11,ec.gp.GPIndividual@1130059509{1916928212},3C_20_80-01.txt,4.194,0.100,0.419,5,1.969,469.37,0.394,4.906,0.000
11,ec.gp.GPIndividual@1130059509{1916928212},3C_20_50-03.txt,30.993,0.100,3.099,1,0.141,4.54,0.141,4.906,0.000
11,ec.gp.GPIndividual@1130059509{1916928212},3C_20_80-02.txt,35.738,0.100,3.574,1,1.469,41.10,1.469,4.906,0.000
11,ec.gp.GPIndividual@1130059509{1916928212},3C_20_80-02.txt,35.738,0.100,3.574,5,4.422,123.73,0.884,4.906,0.000
11,ec.gp.GPIndividual@1130059509{1916928212},3C_20_50-03.txt,30.993,0.100,3.099,2,1.016,32.77,0.508,4.906,0.000
11,ec.gp.GPIndividual@1130059509{1916928212},3C_20_66-01.txt,7.322,0.100,0.732,1,4.828,659.38,4.828,4.906,0.000
11,ec.gp.GPIndividual@1130059509{1916928212},3C_20_80-01.txt,4.194,0.100,0.419,3,1.813,432.11,0.604,4.906,0.000
11,ec.gp.GPIndividual@1130059509{1916928212},3C_20_80-03.txt,169.439,0.100,16.944,1,0.000,0.00,0.000,4.906,0.000
11,ec.gp.GPIndividual@1130059509{1916928212},3C_20_80-03.txt,169.439,0.100,16.944,1,0.125,0.74,0.125,4.906,0.000
11,ec.gp.GPIndividual@1130059509{1916928212},3C_20_66-02.txt,154.245,0.100,15.424,7,12.438,80.63,1.777,5.063,0.000
11,ec.gp.GPIndividual@1130059509{1916928212},3C_20_66-03.txt,118.340,0.100,11.834,2,4.188,35.39,2.094,5.063,0.000
11,ec.gp.GPIndividual@2020197607{-2030691373},3C_20_50-02.txt,61.404,0.100,6.140,3,5.672,92.37,1.891,3.484,0.000
11,ec.gp.GPIndividual@2020197607{-2030691373},3C_20_80-02.txt,35.738,0.100,3.574,2,0.516,14.43,0.258,3.484,0.000
11,ec.gp.GPIndividual@2020197607{-2030691373},3C_20_50-03.txt,30.993,0.100,3.099,2,6.875,221.83,3.438,5.656,0.000
11,ec.gp.GPIndividual@1685007074{-1654501234},3C_20_50-02.txt,61.404,0.100,6.140,3,1.906,31.04,0.635,1.391,0.000
11,ec.gp.GPIndividual@1685007074{-1654501234},3C_20_66-01.txt,7.322,0.100,0.732,1,1.563,213.39,1.563,1.563,0.000
11,ec.gp.GPIndividual@1685007074{-1654501234},3C_20_80-03.txt,169.439,0.100,16.944,2,0.859,5.07,0.430,1.563,0.000
11,ec.gp.GPIndividual@1685007074{-1654501234},3C_20_66-01.txt,7.322,0.100,0.732,2,0.328,44.81,0.164,1.563,0.000
11,ec.gp.GPIndividual@1685007074{-1654501234},3C_20_66-02.txt,154.245,0.100,15.424,6,16.375,106.16,2.729,6.547,0.000
11,ec.gp.GPIndividual@1685007074{-1654501234},3C_20_66-03.txt,118.340,0.100,11.834,3,2.734,23.11,0.911,6.547,0.000
11,ec.gp.GPIndividual@1685007074{-1654501234},3C_20_80-01.txt,4.194,0.100,0.419,2,0.344,81.95,0.172,6.547,0.000
11,ec.gp.GPIndividual@1685007074{-1654501234},3C_20_80-02.txt,35.738,0.100,3.574,2,5.297,148.21,2.648,6.547,0.000
11,ec.gp.GPIndividual@1327466476{-1748239781},3C_20_50-02.txt,61.404,0.100,6.140,2,0.875,14.25,0.438,0.875,0.000
11,ec.gp.GPIndividual@1327466476{-1748239781},3C_20_66-02.txt,154.245,0.100,15.424,3,2.813,18.23,0.938,2.281,0.000
11,ec.gp.GPIndividual@1327466476{-1748239781},3C_20_50-03.txt,30.993,0.100,3.099,3,2.281,73.61,0.760,2.281,0.000
11,ec.gp.GPIndividual@1327466476{-1748239781},3C_20_80-03.txt,169.439,0.100,16.944,4,13.859,81.80,3.465,6.125,0.000
11,ec.gp.GPIndividual@1327466476{-1748239781},3C_20_80-01.txt,4.194,0.100,0.419,1,0.172,40.98,0.172,6.125,0.000
11,ec.gp.GPIndividual@1327466476{-1748239781},3C_20_80-02.txt,35.738,0.100,3.574,5,3.672,102.74,0.734,6.125,0.000
11,ec.gp.GPIndividual@1327466476{-1748239781},3C_20_66-03.txt,118.340,0.100,11.834,2,1.594,13.47,0.797,6.125,0.000
11,ec.gp.GPIndividual@1327466476{-1748239781},3C_20_80-03.txt,169.439,0.100,16.944,5,13.906,82.07,2.781,6.125,0.000
11,ec.gp.GPIndividual@1327466476{-1748239781},3C_20_50-03.txt,30.993,0.100,3.099,2,6.063,195.61,3.031,6.125,0.000
11,ec.gp.GPIndividual@1602032569{-1026917167},3C_20_50-02.txt,61.404,0.100,6.140,4,6.656,108.40,1.664,4.875,0.000
11,ec.gp.GPIndividual@1602032569{-1026917167},3C_20_66-01.txt,7.322,0.100,0.732,2,2.344,320.09,1.172,4.875,0.000
11,ec.gp.GPIndividual@1602032569{-1026917167},3C_20_66-01.txt,7.322,0.100,0.732,5,0.891,121.63,0.178,4.875,0.000
11,ec.gp.GPIndividual@1602032569{-1026917167},3C_20_66-02.txt,154.245,0.100,15.424,6,6.203,40.22,1.034,4.875,0.000
11,ec.gp.GPIndividual@1392328448{1838071122},3C_20_50-02.txt,61.404,0.100,6.140,2,1.000,16.29,0.500,1.000,0.000
11,ec.gp.GPIndividual@1392328448{1838071122},3C_20_66-02.txt,154.245,0.100,15.424,3,6.750,43.76,2.250,6.297,0.000
11,ec.gp.GPIndividual@1337222663{1172346591},3C_20_50-02.txt,61.404,0.100,6.140,5,7.000,114.00,1.400,2.578,0.000
11,ec.gp.GPIndividual@1337222663{1172346591},3C_20_50-03.txt,30.993,0.100,3.099,3,3.672,118.48,1.224,2.578,0.000
11,ec.gp.GPIndividual@1337222663{1172346591},3C_20_66-03.txt,118.340,0.100,11.834,6,6.063,51.23,1.010,2.578,0.000
11,ec.gp.GPIndividual@1337222663{1172346591},3C_20_66-03.txt,118.340,0.100,11.834,2,6.047,51.10,3.023,6.047,0.000
11,ec.gp.GPIndividual@1337222663{1172346591},3C_20_80-01.txt,4.194,0.100,0.419,3,2.688,640.72,0.896,6.047,0.000
11,ec.gp.GPIndividual@1337222663{1172346591},3C_20_50-03.txt,30.993,0.100,3.099,2,2.672,86.21,1.336,6.047,0.000
11,ec.gp.GPIndividual@1337222663{1172346591},3C_20_50-03.txt,30.993,0.100,3.099,5,2.969,95.79,0.594,6.047,0.000
11,ec.gp.GPIndividual@1337222663{1172346591},3C_20_66-01.txt,7.322,0.100,0.732,3,1.391,189.92,0.464,6.047,0.000
11,ec.gp.GPIndividual@1337222663{1172346591},3C_20_80-02.txt,35.738,0.100,3.574,3,0.156,4.37,0.052,6.047,0.000
11,ec.gp.GPIndividual@1337222663{1172346591},3C_20_66-02.txt,154.245,0.100,15.424,7,16.484,106.87,2.355,6.047,0.000
11,ec.gp.GPIndividual@1337222663{1172346591},3C_20_66-03.txt,118.340,0.100,11.834,8,14.891,125.83,1.861,6.047,0.000
11,ec.gp.GPIndividual@1337222663{1172346591},3C_20_66-01.txt,7.322,0.100,0.732,2,1.219,166.45,0.609,6.047,0.000
11,ec.gp.GPIndividual@1337222663{1172346591},3C_20_80-03.txt,169.439,0.100,16.944,3,0.953,5.63,0.318,6.047,0.000
11,ec.gp.GPIndividual@1337222663{1172346591},3C_20_66-01.txt,7.322,0.100,0.732,4,0.516,70.42,0.129,6.047,0.000
11,ec.gp.GPIndividual@1337222663{1172346591},3C_20_66-02.txt,154.245,0.100,15.424,3,3.250,21.07,1.083,6.047,0.000
11,ec.gp.GPIndividual@1337222663{1172346591},3C_20_80-01.txt,4.194,0.100,0.419,5,0.516,122.93,0.103,6.047,0.000
11,ec.gp.GPIndividual@1337222663{1172346591},3C_20_80-02.txt,35.738,0.100,3.574,3,6.250,174.88,2.083,6.047,0.000
11,ec.gp.GPIndividual@1337222663{1172346591},3C_20_80-01.txt,4.194,0.100,0.419,3,4.688,1117.54,1.563,6.047,0.000
11,ec.gp.GPIndividual@1337222663{1172346591},3C_20_80-01.txt,4.194,0.100,0.419,3,0.156,37.25,0.052,6.047,0.000
11,ec.gp.GPIndividual@1337222663{1172346591},3C_20_80-02.txt,35.738,0.100,3.574,3,3.188,89.19,1.063,6.047,0.000
11,ec.gp.GPIndividual@1337222663{1172346591},3C_20_66-02.txt,154.245,0.100,15.424,5,2.391,15.50,0.478,6.047,0.000
11,ec.gp.GPIndividual@1337222663{1172346591},3C_20_66-03.txt,118.340,0.100,11.834,6,12.547,106.02,2.091,6.047,0.000
11,ec.gp.GPIndividual@1337222663{1172346591},3C_20_66-03.txt,118.340,0.100,11.834,7,7.047,59.55,1.007,6.047,0.000
11,ec.gp.GPIndividual@1337222663{1172346591},3C_20_80-03.txt,169.439,0.100,16.944,2,1.109,6.55,0.555,6.047,0.000
11,ec.gp.GPIndividual@1337222663{1172346591},3C_20_80-03.txt,169.439,0.100,16.944,3,8.594,50.72,2.865,6.047,0.000
11,ec.gp.GPIndividual@1337222663{1172346591},3C_20_80-02.txt,35.738,0.100,3.574,2,3.781,105.80,1.891,6.047,0.000
11,ec.gp.GPIndividual@1163433265{192008925},3C_20_50-02.txt,61.404,0.100,6.140,8,6.375,103.82,0.797,4.828,0.000
11,ec.gp.GPIndividual@1163433265{192008925},3C_20_80-01.txt,4.194,0.100,0.419,3,0.516,122.93,0.172,4.828,0.000
11,ec.gp.GPIndividual@1163433265{192008925},3C_20_50-03.txt,30.993,0.100,3.099,9,3.063,98.81,0.340,4.828,0.000
11,ec.gp.GPIndividual@1163433265{192008925},3C_20_80-02.txt,35.738,0.100,3.574,2,0.328,9.18,0.164,4.828,0.000
11,ec.gp.GPIndividual@1163433265{192008925},3C_20_80-03.txt,169.439,0.100,16.944,4,6.266,36.98,1.566,4.922,0.000
11,ec.gp.GPIndividual@1163433265{192008925},3C_20_80-01.txt,4.194,0.100,0.419,3,1.766,420.94,0.589,4.922,0.000
11,ec.gp.GPIndividual@1163433265{192008925},3C_20_80-03.txt,169.439,0.100,16.944,3,0.156,0.92,0.052,4.922,0.000
11,ec.gp.GPIndividual@1163433265{192008925},3C_20_80-02.txt,35.738,0.100,3.574,2,5.938,166.14,2.969,5.938,0.000
11,ec.gp.GPIndividual@1807937471{-2146141562},3C_20_50-02.txt,61.404,0.100,6.140,5,6.266,102.04,1.253,5.938,0.000
11,ec.gp.GPIndividual@560195056{1085814678},3C_20_50-02.txt,61.404,0.100,6.140,3,0.781,12.72,0.260,0.453,0.000
11,ec.gp.GPIndividual@560195056{1085814678},3C_20_50-03.txt,30.993,0.100,3.099,4,2.219,71.59,0.555,1.484,0.000
11,ec.gp.GPIndividual@560195056{1085814678},3C_20_80-03.txt,169.439,0.100,16.944,2,1.438,8.48,0.719,1.484,0.000
11,ec.gp.GPIndividual@560195056{1085814678},3C_20_66-01.txt,7.322,0.100,0.732,2,1.766,241.13,0.883,1.766,0.000
11,ec.gp.GPIndividual@560195056{1085814678},3C_20_50-03.txt,30.993,0.100,3.099,2,0.469,15.12,0.234,1.766,0.000
11,ec.gp.GPIndividual@560195056{1085814678},3C_20_66-02.txt,154.245,0.100,15.424,5,13.734,89.04,2.747,5.719,0.000
11,ec.gp.GPIndividual@560195056{1085814678},3C_20_66-03.txt,118.340,0.100,11.834,5,12.063,101.93,2.413,5.719,0.000
11,ec.gp.GPIndividual@560195056{1085814678},3C_20_66-01.txt,7.322,0.100,0.732,5,4.500,614.57,0.900,5.719,0.000
11,ec.gp.GPIndividual@560195056{1085814678},3C_20_66-01.txt,7.322,0.100,0.732,4,1.984,271.01,0.496,5.719,0.000
11,ec.gp.GPIndividual@758498797{-2135765481},3C_20_50-02.txt,61.404,0.100,6.140,7,9.922,161.58,1.417,6.156,0.000
11,ec.gp.GPIndividual@2119534170{515814893},3C_20_50-02.txt,61.404,0.100,6.140,4,2.328,37.91,0.582,1.000,0.000
11,ec.gp.GPIndividual@2119534170{515814893},3C_20_66-02.txt,154.245,0.100,15.424,6,2.188,14.18,0.365,1.172,0.000
11,ec.gp.GPIndividual@8797031{-157030465},3C_20_50-02.txt,61.404,0.100,6.140,2,5.344,87.03,2.672,4.844,0.500
11,ec.gp.GPIndividual@8797031{-157030465},3C_20_80-01.txt,4.194,0.100,0.419,2,0.188,44.70,0.094,4.844,0.000
11,ec.gp.GPIndividual@8797031{-157030465},3C_20_80-02.txt,35.738,0.100,3.574,5,3.578,100.12,0.716,4.844,0.000
11,ec.gp.GPIndividual@8797031{-157030465},3C_20_50-03.txt,30.993,0.100,3.099,5,6.688,215.78,1.338,4.844,0.000
11,ec.gp.GPIndividual@8797031{-157030465},3C_20_66-03.txt,118.340,0.100,11.834,3,0.000,0.00,0.000,4.844,0.000
11,ec.gp.GPIndividual@8797031{-157030465},3C_20_50-03.txt,30.993,0.100,3.099,1,0.328,10.59,0.328,4.844,0.000
11,ec.gp.GPIndividual@8797031{-157030465},3C_20_66-02.txt,154.245,0.100,15.424,4,2.250,14.59,0.563,4.844,0.000
11,ec.gp.GPIndividual@8797031{-157030465},3C_20_80-03.txt,169.439,0.100,16.944,4,0.453,2.67,0.113,4.844,0.000
11,ec.gp.GPIndividual@8797031{-157030465},3C_20_50-03.txt,30.993,0.100,3.099,6,3.828,123.52,0.638,4.844,0.000
11,ec.gp.GPIndividual@8797031{-157030465},3C_20_66-01.txt,7.322,0.100,0.732,6,1.969,268.87,0.328,4.844,0.000
11,ec.gp.GPIndividual@8797031{-157030465},3C_20_66-02.txt,154.245,0.100,15.424,2,2.219,14.38,1.109,4.844,0.000
11,ec.gp.GPIndividual@8797031{-157030465},3C_20_66-01.txt,7.322,0.100,0.732,5,2.516,343.56,0.503,4.844,0.000
11,ec.gp.GPIndividual@8797031{-157030465},3C_20_66-03.txt,118.340,0.100,11.834,3,7.328,61.92,2.443,4.844,0.000
11,ec.gp.GPIndividual@8797031{-157030465},3C_20_66-02.txt,154.245,0.100,15.424,2,5.344,34.64,2.672,4.844,0.000
11,ec.gp.GPIndividual@8797031{-157030465},3C_20_66-01.txt,7.322,0.100,0.732,2,5.938,810.89,2.969,5.938,0.000
11,ec.gp.GPIndividual@1194706163{-1458731451},3C_20_50-02.txt,61.404,0.100,6.140,7,6.453,105.09,0.922,2.563,0.000
11,ec.gp.GPIndividual@1194706163{-1458731451},3C_20_66-03.txt,118.340,0.100,11.834,0,0.000,0.00,0.000,2.563,0.000
11,ec.gp.GPIndividual@1194706163{-1458731451},3C_20_66-02.txt,154.245,0.100,15.424,4,1.031,6.69,0.258,2.563,0.000
11,ec.gp.GPIndividual@1194706163{-1458731451},3C_20_66-03.txt,118.340,0.100,11.834,6,10.438,88.20,1.740,4.750,0.000
11,ec.gp.GPIndividual@1194706163{-1458731451},3C_20_66-03.txt,118.340,0.100,11.834,2,1.781,15.05,0.891,4.750,0.000
11,ec.gp.GPIndividual@1194706163{-1458731451},3C_20_50-03.txt,30.993,0.100,3.099,5,2.672,86.21,0.534,4.750,0.000
11,ec.gp.GPIndividual@1194706163{-1458731451},3C_20_80-01.txt,4.194,0.100,0.419,2,1.406,335.26,0.703,4.750,0.000
11,ec.gp.GPIndividual@1194706163{-1458731451},3C_20_66-01.txt,7.322,0.100,0.732,4,4.125,563.36,1.031,4.750,0.000
11,ec.gp.GPIndividual@1194706163{-1458731451},3C_20_80-01.txt,4.194,0.100,0.419,6,0.297,70.78,0.049,4.750,0.000
11,ec.gp.GPIndividual@1194706163{-1458731451},3C_20_66-02.txt,154.245,0.100,15.424,9,13.938,90.36,1.549,4.891,0.000
11,ec.gp.GPIndividual@1194706163{-1458731451},3C_20_80-02.txt,35.738,0.100,3.574,3,7.422,207.67,2.474,4.891,0.000
11,ec.gp.GPIndividual@1194706163{-1458731451},3C_20_66-03.txt,118.340,0.100,11.834,10,12.188,102.99,1.219,4.891,0.000
11,ec.gp.GPIndividual@1194706163{-1458731451},3C_20_80-03.txt,169.439,0.100,16.944,2,3.453,20.38,1.727,4.891,0.000
11,ec.gp.GPIndividual@1194706163{-1458731451},3C_20_80-01.txt,4.194,0.100,0.419,4,3.750,894.03,0.938,4.891,0.000
11,ec.gp.GPIndividual@1194706163{-1458731451},3C_20_80-01.txt,4.194,0.100,0.419,4,4.234,1009.51,1.059,4.891,0.000
11,ec.gp.GPIndividual@1194706163{-1458731451},3C_20_80-01.txt,4.194,0.100,0.419,3,0.438,104.30,0.146,4.891,0.000
11,ec.gp.GPIndividual@1194706163{-1458731451},3C_20_80-02.txt,35.738,0.100,3.574,3,1.188,33.23,0.396,4.891,0.000
11,ec.gp.GPIndividual@1194706163{-1458731451},3C_20_80-02.txt,35.738,0.100,3.574,4,4.766,133.35,1.191,4.891,0.000
11,ec.gp.GPIndividual@1194706163{-1458731451},3C_20_80-01.txt,4.194,0.100,0.419,1,0.000,0.00,0.000,4.891,0.000
11,ec.gp.GPIndividual@1194706163{-1458731451},3C_20_80-02.txt,35.738,0.100,3.574,0,0.000,0.00,0.000,4.891,0.000
11,ec.gp.GPIndividual@1194706163{-1458731451},3C_20_80-02.txt,35.738,0.100,3.574,5,4.406,123.29,0.881,4.891,0.000
11,ec.gp.GPIndividual@1194706163{-1458731451},3C_20_80-02.txt,35.738,0.100,3.574,5,3.125,87.44,0.625,4.891,0.000
11,ec.gp.GPIndividual@1194706163{-1458731451},3C_20_80-03.txt,169.439,0.100,16.944,12,18.391,108.54,1.533,5.578,0.000
11,ec.gp.GPIndividual@1194706163{-1458731451},3C_20_80-03.txt,169.439,0.100,16.944,7,3.531,20.84,0.504,5.578,0.000
11,ec.gp.GPIndividual@1194706163{-1458731451},3C_20_80-03.txt,169.439,0.100,16.944,2,1.406,8.30,0.703,5.578,0.000
11,ec.gp.GPIndividual@1194706163{-1458731451},3C_20_80-03.txt,169.439,0.100,16.944,8,13.453,79.40,1.682,5.781,0.000
11,ec.gp.GPIndividual@1194706163{-1458731451},3C_20_80-03.txt,169.439,0.100,16.944,2,2.953,17.43,1.477,5.781,0.000
11,ec.gp.GPIndividual@1741329013{-1940169680},3C_20_50-02.txt,61.404,0.100,6.140,1,0.344,5.60,0.344,0.344,0.344
11,ec.gp.GPIndividual@1741329013{-1940169680},3C_20_50-03.txt,30.993,0.100,3.099,1,6.422,207.21,6.422,6.422,0.344
11,ec.gp.GPIndividual@512483649{1157881093},3C_20_50-02.txt,61.404,0.100,6.140,2,6.266,102.04,3.133,5.750,0.516
11,ec.gp.GPIndividual@1603719041{-1090801792},3C_20_50-02.txt,61.404,0.100,6.140,5,6.797,110.69,1.359,5.125,0.000
11,ec.gp.GPIndividual@1310948370{-1834260141},3C_20_50-02.txt,61.404,0.100,6.140,3,4.422,72.01,1.474,3.984,0.000
11,ec.gp.GPIndividual@1775731752{708502704},3C_20_50-02.txt,61.404,0.100,6.140,8,9.422,153.44,1.178,3.891,0.000
11,ec.gp.GPIndividual@1775731752{708502704},3C_20_80-01.txt,4.194,0.100,0.419,1,0.344,81.95,0.344,3.891,0.000
11,ec.gp.GPIndividual@1775731752{708502704},3C_20_80-02.txt,35.738,0.100,3.574,1,0.344,9.62,0.344,3.891,0.000
11,ec.gp.GPIndividual@1775731752{708502704},3C_20_50-03.txt,30.993,0.100,3.099,1,0.000,0.00,0.000,3.891,0.000
11,ec.gp.GPIndividual@1775731752{708502704},3C_20_66-01.txt,7.322,0.100,0.732,1,1.406,192.05,1.406,3.891,0.000
11,ec.gp.GPIndividual@1775731752{708502704},3C_20_50-03.txt,30.993,0.100,3.099,4,2.188,70.58,0.547,3.891,0.000
11,ec.gp.GPIndividual@1775731752{708502704},3C_20_50-03.txt,30.993,0.100,3.099,4,2.109,68.06,0.527,3.891,0.000
11,ec.gp.GPIndividual@1775731752{708502704},3C_20_80-03.txt,169.439,0.100,16.944,4,4.938,29.14,1.234,3.891,0.000
11,ec.gp.GPIndividual@1775731752{708502704},3C_20_66-02.txt,154.245,0.100,15.424,4,12.469,80.84,3.117,3.891,0.000
11,ec.gp.GPIndividual@1775731752{708502704},3C_20_66-01.txt,7.322,0.100,0.732,2,1.219,166.45,0.609,3.891,0.000
11,ec.gp.GPIndividual@1775731752{708502704},3C_20_66-03.txt,118.340,0.100,11.834,2,1.250,10.56,0.625,3.891,0.000
11,ec.gp.GPIndividual@1775731752{708502704},3C_20_66-02.txt,154.245,0.100,15.424,2,5.031,32.62,2.516,5.031,0.000
11,ec.gp.GPIndividual@1385543762{1013884958},3C_20_50-02.txt,61.404,0.100,6.140,4,3.063,49.87,0.766,2.813,0.000
11,ec.gp.GPIndividual@634765021{-1103271305},3C_20_50-02.txt,61.404,0.100,6.140,13,7.141,116.29,0.549,1.328,0.000
11,ec.gp.GPIndividual@634765021{-1103271305},3C_20_80-02.txt,35.738,0.100,3.574,2,0.219,6.12,0.109,1.328,0.000
11,ec.gp.GPIndividual@634765021{-1103271305},3C_20_50-03.txt,30.993,0.100,3.099,3,0.734,23.70,0.245,1.328,0.000
11,ec.gp.GPIndividual@634765021{-1103271305},3C_20_80-03.txt,169.439,0.100,16.944,7,3.656,21.58,0.522,1.328,0.000
11,ec.gp.GPIndividual@634765021{-1103271305},3C_20_80-03.txt,169.439,0.100,16.944,9,18.422,108.72,2.047,5.844,0.000
11,ec.gp.GPIndividual@634765021{-1103271305},3C_20_66-01.txt,7.322,0.100,0.732,2,4.141,565.49,2.070,5.844,0.000
11,ec.gp.GPIndividual@1698863458{-1624868251},3C_20_50-02.txt,61.404,0.100,6.140,2,0.609,9.92,0.305,0.609,0.000
11,ec.gp.GPIndividual@1777231464{1818771725},3C_20_50-02.txt,61.404,0.100,6.140,12,6.047,98.48,0.504,1.078,0.000
11,ec.gp.GPIndividual@1777231464{1818771725},3C_20_50-03.txt,30.993,0.100,3.099,2,0.516,16.64,0.258,1.078,0.000
11,ec.gp.GPIndividual@1777231464{1818771725},3C_20_66-02.txt,154.245,0.100,15.424,2,0.594,3.85,0.297,1.078,0.000
11,ec.gp.GPIndividual@1777231464{1818771725},3C_20_50-03.txt,30.993,0.100,3.099,4,3.625,116.96,0.906,1.328,0.000
11,ec.gp.GPIndividual@1777231464{1818771725},3C_20_66-01.txt,7.322,0.100,0.732,5,1.281,174.98,0.256,1.328,0.000
11,ec.gp.GPIndividual@1777231464{1818771725},3C_20_66-01.txt,7.322,0.100,0.732,3,0.422,57.62,0.141,1.328,0.000
11,ec.gp.GPIndividual@1777231464{1818771725},3C_20_66-03.txt,118.340,0.100,11.834,5,0.922,7.79,0.184,1.328,0.000
11,ec.gp.GPIndividual@1777231464{1818771725},3C_20_66-02.txt,154.245,0.100,15.424,5,2.500,16.21,0.500,1.328,0.000
11,ec.gp.GPIndividual@1777231464{1818771725},3C_20_66-02.txt,154.245,0.100,15.424,6,5.141,33.33,0.857,2.422,0.000
11,ec.gp.GPIndividual@1777231464{1818771725},3C_20_66-03.txt,118.340,0.100,11.834,5,3.219,27.20,0.644,2.422,0.000
11,ec.gp.GPIndividual@1777231464{1818771725},3C_20_66-03.txt,118.340,0.100,11.834,7,11.422,96.52,1.632,3.984,0.000
11,ec.gp.GPIndividual@1777231464{1818771725},3C_20_80-01.txt,4.194,0.100,0.419,2,1.438,342.71,0.719,3.984,0.000
11,ec.gp.GPIndividual@1777231464{1818771725},3C_20_80-01.txt,4.194,0.100,0.419,5,0.531,126.65,0.106,3.984,0.000
11,ec.gp.GPIndividual@1777231464{1818771725},3C_20_80-02.txt,35.738,0.100,3.574,3,0.500,13.99,0.167,3.984,0.000
11,ec.gp.GPIndividual@1777231464{1818771725},3C_20_80-02.txt,35.738,0.100,3.574,5,5.406,151.27,1.081,3.984,0.000
11,ec.gp.GPIndividual@1777231464{1818771725},3C_20_80-01.txt,4.194,0.100,0.419,6,1.000,238.41,0.167,3.984,0.000
11,ec.gp.GPIndividual@1777231464{1818771725},3C_20_80-03.txt,169.439,0.100,16.944,2,0.500,2.95,0.250,3.984,0.000
11,ec.gp.GPIndividual@1777231464{1818771725},3C_20_80-02.txt,35.738,0.100,3.574,6,3.078,86.13,0.513,3.984,0.000
11,ec.gp.GPIndividual@1777231464{1818771725},3C_20_80-03.txt,169.439,0.100,16.944,4,3.359,19.83,0.840,3.984,0.000
11,ec.gp.GPIndividual@1777231464{1818771725},3C_20_80-03.txt,169.439,0.100,16.944,8,21.219,125.23,2.652,5.828,0.000
12,ec.gp.GPIndividual@84320524{327554819},3C_20_50-02.txt,61.404,0.100,6.140,13,5.766,93.90,0.444,1.891,0.000
12,ec.gp.GPIndividual@84320524{327554819},3C_20_50-03.txt,30.993,0.100,3.099,4,3.688,118.98,0.922,1.891,0.000
12,ec.gp.GPIndividual@84320524{327554819},3C_20_50-03.txt,30.993,0.100,3.099,3,3.781,122.01,1.260,1.891,0.000
12,ec.gp.GPIndividual@84320524{327554819},3C_20_50-03.txt,30.993,0.100,3.099,5,2.563,82.68,0.513,1.891,0.000
12,ec.gp.GPIndividual@84320524{327554819},3C_20_50-03.txt,30.993,0.100,3.099,5,4.766,153.77,0.953,1.891,0.000
12,ec.gp.GPIndividual@84320524{327554819},3C_20_50-03.txt,30.993,0.100,3.099,4,1.422,45.88,0.355,1.891,0.000
12,ec.gp.GPIndividual@84320524{327554819},3C_20_50-03.txt,30.993,0.100,3.099,6,3.406,109.91,0.568,1.891,0.000
12,ec.gp.GPIndividual@84320524{327554819},3C_20_66-01.txt,7.322,0.100,0.732,3,2.531,345.70,0.844,1.891,0.000
12,ec.gp.GPIndividual@84320524{327554819},3C_20_66-01.txt,7.322,0.100,0.732,1,0.000,0.00,0.000,1.891,0.000
12,ec.gp.GPIndividual@84320524{327554819},3C_20_66-01.txt,7.322,0.100,0.732,5,1.938,264.61,0.388,1.891,0.000
12,ec.gp.GPIndividual@84320524{327554819},3C_20_66-01.txt,7.322,0.100,0.732,4,0.984,134.44,0.246,1.891,0.000
12,ec.gp.GPIndividual@84320524{327554819},3C_20_66-01.txt,7.322,0.100,0.732,2,0.094,12.80,0.047,1.891,0.000
12,ec.gp.GPIndividual@84320524{327554819},3C_20_66-01.txt,7.322,0.100,0.732,5,1.172,160.04,0.234,1.891,0.000
12,ec.gp.GPIndividual@84320524{327554819},3C_20_66-02.txt,154.245,0.100,15.424,1,0.000,0.00,0.000,1.891,0.000
12,ec.gp.GPIndividual@84320524{327554819},3C_20_66-02.txt,154.245,0.100,15.424,7,2.266,14.69,0.324,1.891,0.000
12,ec.gp.GPIndividual@84320524{327554819},3C_20_66-02.txt,154.245,0.100,15.424,11,16.000,103.73,1.455,2.453,0.000
12,ec.gp.GPIndividual@84320524{327554819},3C_20_66-03.txt,118.340,0.100,11.834,6,4.469,37.76,0.745,2.453,0.000
12,ec.gp.GPIndividual@84320524{327554819},3C_20_66-02.txt,154.245,0.100,15.424,4,3.938,25.53,0.984,2.453,0.000
12,ec.gp.GPIndividual@84320524{327554819},3C_20_66-03.txt,118.340,0.100,11.834,2,1.219,10.30,0.609,2.453,0.000
12,ec.gp.GPIndividual@84320524{327554819},3C_20_66-02.txt,154.245,0.100,15.424,4,1.563,10.13,0.391,2.453,0.000
12,ec.gp.GPIndividual@84320524{327554819},3C_20_66-02.txt,154.245,0.100,15.424,7,11.625,75.37,1.661,2.641,0.000
12,ec.gp.GPIndividual@84320524{327554819},3C_20_66-03.txt,118.340,0.100,11.834,6,13.828,116.85,2.305,4.859,0.000
12,ec.gp.GPIndividual@84320524{327554819},3C_20_80-01.txt,4.194,0.100,0.419,5,0.547,130.38,0.109,4.859,0.000
12,ec.gp.GPIndividual@84320524{327554819},3C_20_80-02.txt,35.738,0.100,3.574,4,4.313,120.67,1.078,4.859,0.000
12,ec.gp.GPIndividual@84320524{327554819},3C_20_66-03.txt,118.340,0.100,11.834,3,3.344,28.26,1.115,4.859,0.000
12,ec.gp.GPIndividual@84320524{327554819},3C_20_80-01.txt,4.194,0.100,0.419,3,1.156,275.66,0.385,4.859,0.000
12,ec.gp.GPIndividual@84320524{327554819},3C_20_66-03.txt,118.340,0.100,11.834,3,1.641,13.86,0.547,4.859,0.000
12,ec.gp.GPIndividual@84320524{327554819},3C_20_80-02.txt,35.738,0.100,3.574,2,1.563,43.72,0.781,4.859,0.000
12,ec.gp.GPIndividual@84320524{327554819},3C_20_66-03.txt,118.340,0.100,11.834,8,14.484,122.40,1.811,4.875,0.000
12,ec.gp.GPIndividual@84320524{327554819},3C_20_80-01.txt,4.194,0.100,0.419,4,1.766,420.94,0.441,4.875,0.000
12,ec.gp.GPIndividual@84320524{327554819},3C_20_80-02.txt,35.738,0.100,3.574,1,0.000,0.00,0.000,4.875,0.000
12,ec.gp.GPIndividual@84320524{327554819},3C_20_80-03.txt,169.439,0.100,16.944,4,3.828,22.59,0.957,4.875,0.000
12,ec.gp.GPIndividual@84320524{327554819},3C_20_80-03.txt,169.439,0.100,16.944,9,17.438,102.91,1.938,4.906,0.000
12,ec.gp.GPIndividual@84320524{327554819},3C_20_80-03.txt,169.439,0.100,16.944,2,0.344,2.03,0.172,4.906,0.000
12,ec.gp.GPIndividual@84320524{327554819},3C_20_80-01.txt,4.194,0.100,0.419,5,0.500,119.20,0.100,4.906,0.000
12,ec.gp.GPIndividual@84320524{327554819},3C_20_80-02.txt,35.738,0.100,3.574,4,4.859,135.97,1.215,4.906,0.000
12,ec.gp.GPIndividual@84320524{327554819},3C_20_80-01.txt,4.194,0.100,0.419,2,5.672,1352.22,2.836,5.672,0.000
12,ec.gp.GPIndividual@84320524{327554819},3C_20_80-01.txt,4.194,0.100,0.419,3,0.453,108.03,0.151,5.672,0.000
12,ec.gp.GPIndividual@84320524{327554819},3C_20_80-02.txt,35.738,0.100,3.574,3,6.266,175.32,2.089,5.969,0.000
12,ec.gp.GPIndividual@1191222792{-1511150302},3C_20_50-02.txt,61.404,0.100,6.140,1,0.000,0.00,0.000,0.000,0.000
12,ec.gp.GPIndividual@1191222792{-1511150302},3C_20_50-03.txt,30.993,0.100,3.099,1,0.000,0.00,0.000,0.000,0.000
12,ec.gp.GPIndividual@1191222792{-1511150302},3C_20_66-01.txt,7.322,0.100,0.732,1,0.000,0.00,0.000,0.000,0.000
12,ec.gp.GPIndividual@1191222792{-1511150302},3C_20_66-02.txt,154.245,0.100,15.424,1,0.000,0.00,0.000,0.000,0.000
12,ec.gp.GPIndividual@1191222792{-1511150302},3C_20_66-03.txt,118.340,0.100,11.834,1,0.000,0.00,0.000,0.000,0.000
12,ec.gp.GPIndividual@1191222792{-1511150302},3C_20_80-01.txt,4.194,0.100,0.419,1,0.000,0.00,0.000,0.000,0.000
12,ec.gp.GPIndividual@1191222792{-1511150302},3C_20_80-02.txt,35.738,0.100,3.574,1,0.000,0.00,0.000,0.000,0.000
12,ec.gp.GPIndividual@1191222792{-1511150302},3C_20_80-03.txt,169.439,0.100,16.944,1,0.000,0.00,0.000,0.000,0.000
12,ec.gp.GPIndividual@1150890408{956962055},3C_20_50-02.txt,61.404,0.100,6.140,4,6.266,102.04,1.566,5.641,0.000
12,ec.gp.GPIndividual@1150890408{956962055},3C_20_50-03.txt,30.993,0.100,3.099,1,0.156,5.04,0.156,5.641,0.000
12,ec.gp.GPIndividual@1403479823{-1981457030},3C_20_50-02.txt,61.404,0.100,6.140,9,6.641,108.15,0.738,1.578,0.000
12,ec.gp.GPIndividual@1403479823{-1981457030},3C_20_80-03.txt,169.439,0.100,16.944,2,0.156,0.92,0.078,1.578,0.000
12,ec.gp.GPIndividual@1403479823{-1981457030},3C_20_66-01.txt,7.322,0.100,0.732,1,1.359,185.65,1.359,1.578,0.000
12,ec.gp.GPIndividual@1403479823{-1981457030},3C_20_80-03.txt,169.439,0.100,16.944,11,15.391,90.83,1.399,5.750,0.000
12,ec.gp.GPIndividual@1403479823{-1981457030},3C_20_66-02.txt,154.245,0.100,15.424,4,10.125,65.64,2.531,5.750,0.000
12,ec.gp.GPIndividual@1403479823{-1981457030},3C_20_80-02.txt,35.738,0.100,3.574,2,6.219,174.01,3.109,6.219,0.000
12,ec.gp.GPIndividual@797429233{-1341118261},3C_20_50-02.txt,61.404,0.100,6.140,2,6.250,101.78,3.125,6.250,0.000
12,ec.gp.GPIndividual@1277299902{489324647},3C_20_50-02.txt,61.404,0.100,6.140,8,8.688,141.48,1.086,2.984,0.000
12,ec.gp.GPIndividual@1277299902{489324647},3C_20_50-03.txt,30.993,0.100,3.099,5,4.094,132.09,0.819,2.984,0.000
12,ec.gp.GPIndividual@1462993056{-1741401075},3C_20_50-02.txt,61.404,0.100,6.140,8,6.672,108.65,0.834,1.656,0.000
12,ec.gp.GPIndividual@1462993056{-1741401075},3C_20_80-03.txt,169.439,0.100,16.944,4,1.672,9.87,0.418,1.656,0.000
12,ec.gp.GPIndividual@1462993056{-1741401075},3C_20_66-03.txt,118.340,0.100,11.834,1,0.828,7.00,0.828,1.656,0.000
12,ec.gp.GPIndividual@1462993056{-1741401075},3C_20_50-03.txt,30.993,0.100,3.099,5,2.844,91.76,0.569,1.656,0.000
12,ec.gp.GPIndividual@1462993056{-1741401075},3C_20_50-03.txt,30.993,0.100,3.099,4,0.859,27.73,0.215,1.656,0.000
12,ec.gp.GPIndividual@1462993056{-1741401075},3C_20_50-03.txt,30.993,0.100,3.099,6,3.703,119.48,0.617,1.656,0.000
12,ec.gp.GPIndividual@1462993056{-1741401075},3C_20_66-01.txt,7.322,0.100,0.732,2,1.250,170.71,0.625,1.656,0.000
12,ec.gp.GPIndividual@1462993056{-1741401075},3C_20_66-01.txt,7.322,0.100,0.732,2,0.141,19.21,0.070,1.656,0.000
12,ec.gp.GPIndividual@1462993056{-1741401075},3C_20_66-01.txt,7.322,0.100,0.732,3,0.766,104.56,0.255,1.656,0.000
12,ec.gp.GPIndividual@1462993056{-1741401075},3C_20_66-02.txt,154.245,0.100,15.424,11,20.797,134.83,1.891,5.625,0.000
12,ec.gp.GPIndividual@1561957156{-37076525},3C_20_50-02.txt,61.404,0.100,6.140,2,1.297,21.12,0.648,1.297,0.000
12,ec.gp.GPIndividual@1561957156{-37076525},3C_20_66-02.txt,154.245,0.100,15.424,4,0.203,1.32,0.051,1.297,0.000
12,ec.gp.GPIndividual@1561957156{-37076525},3C_20_66-02.txt,154.245,0.100,15.424,8,6.234,40.42,0.779,1.813,0.000
12,ec.gp.GPIndividual@1561957156{-37076525},3C_20_66-03.txt,118.340,0.100,11.834,4,9.328,78.83,2.332,4.438,0.000
12,ec.gp.GPIndividual@1561957156{-37076525},3C_20_66-01.txt,7.322,0.100,0.732,6,0.859,117.37,0.143,4.438,0.000
12,ec.gp.GPIndividual@1561957156{-37076525},3C_20_66-02.txt,154.245,0.100,15.424,4,5.078,32.92,1.270,4.438,0.000
12,ec.gp.GPIndividual@1561957156{-37076525},3C_20_50-03.txt,30.993,0.100,3.099,3,3.234,104.36,1.078,4.438,0.000
12,ec.gp.GPIndividual@1561957156{-37076525},3C_20_66-03.txt,118.340,0.100,11.834,4,7.172,60.60,1.793,5.063,0.000
12,ec.gp.GPIndividual@1561957156{-37076525},3C_20_80-01.txt,4.194,0.100,0.419,1,2.453,584.85,2.453,5.063,0.000
12,ec.gp.GPIndividual@1561957156{-37076525},3C_20_66-03.txt,118.340,0.100,11.834,4,6.484,54.79,1.621,5.063,0.000
12,ec.gp.GPIndividual@1561957156{-37076525},3C_20_66-03.txt,118.340,0.100,11.834,7,13.906,117.51,1.987,5.063,0.000
12,ec.gp.GPIndividual@1561957156{-37076525},3C_20_80-01.txt,4.194,0.100,0.419,5,0.547,130.38,0.109,5.063,0.000
12,ec.gp.GPIndividual@1561957156{-37076525},3C_20_80-02.txt,35.738,0.100,3.574,2,1.094,30.60,0.547,5.063,0.000
12,ec.gp.GPIndividual@1561957156{-37076525},3C_20_66-01.txt,7.322,0.100,0.732,3,5.297,723.40,1.766,5.063,0.000
12,ec.gp.GPIndividual@1561957156{-37076525},3C_20_80-01.txt,4.194,0.100,0.419,3,0.328,78.23,0.109,5.063,0.000
12,ec.gp.GPIndividual@1561957156{-37076525},3C_20_66-02.txt,154.245,0.100,15.424,5,9.406,60.98,1.881,5.063,0.000
12,ec.gp.GPIndividual@1561957156{-37076525},3C_20_80-01.txt,4.194,0.100,0.419,2,1.016,242.13,0.508,5.063,0.000
12,ec.gp.GPIndividual@1561957156{-37076525},3C_20_80-02.txt,35.738,0.100,3.574,3,4.109,114.99,1.370,5.063,0.000
12,ec.gp.GPIndividual@1561957156{-37076525},3C_20_80-02.txt,35.738,0.100,3.574,2,3.672,102.74,1.836,5.063,0.000
12,ec.gp.GPIndividual@1561957156{-37076525},3C_20_66-03.txt,118.340,0.100,11.834,8,13.813,116.72,1.727,5.063,0.000
12,ec.gp.GPIndividual@1561957156{-37076525},3C_20_80-01.txt,4.194,0.100,0.419,2,1.625,387.41,0.813,5.063,0.000
12,ec.gp.GPIndividual@1561957156{-37076525},3C_20_80-02.txt,35.738,0.100,3.574,4,3.781,105.80,0.945,5.063,0.000
12,ec.gp.GPIndividual@1561957156{-37076525},3C_20_80-03.txt,169.439,0.100,16.944,8,5.516,32.55,0.689,5.063,0.000
12,ec.gp.GPIndividual@1561957156{-37076525},3C_20_80-03.txt,169.439,0.100,16.944,3,7.344,43.34,2.448,5.063,0.000
12,ec.gp.GPIndividual@1561957156{-37076525},3C_20_80-03.txt,169.439,0.100,16.944,2,1.438,8.48,0.719,5.063,0.000
12,ec.gp.GPIndividual@1561957156{-37076525},3C_20_80-02.txt,35.738,0.100,3.574,4,3.188,89.19,0.797,5.063,0.000
12,ec.gp.GPIndividual@1561957156{-37076525},3C_20_80-03.txt,169.439,0.100,16.944,5,12.141,71.65,2.428,6.234,0.000
12,ec.gp.GPIndividual@1561957156{-37076525},3C_20_80-01.txt,4.194,0.100,0.419,3,2.172,517.79,0.724,6.234,0.000
12,ec.gp.GPIndividual@1561957156{-37076525},3C_20_80-03.txt,169.439,0.100,16.944,3,0.156,0.92,0.052,6.234,0.000
12,ec.gp.GPIndividual@1561957156{-37076525},3C_20_80-02.txt,35.738,0.100,3.574,2,6.266,175.32,3.133,6.266,0.000
12,ec.gp.GPIndividual@2004048500{-1195678932},3C_20_50-02.txt,61.404,0.100,6.140,2,1.797,29.26,0.898,1.453,0.344
12,ec.gp.GPIndividual@2004048500{-1195678932},3C_20_50-03.txt,30.993,0.100,3.099,1,5.688,183.51,5.688,5.688,0.344
12,ec.gp.GPIndividual@1389855063{-1981457030},3C_20_50-02.txt,61.404,0.100,6.140,3,1.750,28.50,0.583,1.406,0.000
12,ec.gp.GPIndividual@1389855063{-1981457030},3C_20_66-01.txt,7.322,0.100,0.732,1,3.688,503.61,3.688,3.688,0.000
12,ec.gp.GPIndividual@2047997951{1122278928},3C_20_50-02.txt,61.404,0.100,6.140,2,0.313,5.09,0.156,0.313,0.000
12,ec.gp.GPIndividual@2047997951{1122278928},3C_20_66-02.txt,154.245,0.100,15.424,2,1.875,12.16,0.938,1.875,0.000
12,ec.gp.GPIndividual@2047997951{1122278928},3C_20_80-03.txt,169.439,0.100,16.944,6,12.328,72.76,2.055,6.125,0.000
12,ec.gp.GPIndividual@2047997951{1122278928},3C_20_66-03.txt,118.340,0.100,11.834,4,14.063,118.83,3.516,6.266,0.000
12,ec.gp.GPIndividual@1051768576{1029676662},3C_20_50-02.txt,61.404,0.100,6.140,4,5.406,88.04,1.352,2.531,0.000
12,ec.gp.GPIndividual@1051768576{1029676662},3C_20_50-03.txt,30.993,0.100,3.099,1,0.859,27.73,0.859,2.531,0.000
12,ec.gp.GPIndividual@1051768576{1029676662},3C_20_50-03.txt,30.993,0.100,3.099,3,6.172,199.14,2.057,5.656,0.000
12,ec.gp.GPIndividual@1667997970{1991647377},3C_20_50-02.txt,61.404,0.100,6.140,3,1.719,27.99,0.573,1.391,0.000
12,ec.gp.GPIndividual@1667997970{1991647377},3C_20_66-01.txt,7.322,0.100,0.732,1,1.563,213.39,1.563,1.563,0.000
12,ec.gp.GPIndividual@1667997970{1991647377},3C_20_50-03.txt,30.993,0.100,3.099,2,0.328,10.59,0.164,1.563,0.000
12,ec.gp.GPIndividual@1667997970{1991647377},3C_20_66-02.txt,154.245,0.100,15.424,2,2.578,16.71,1.289,1.563,0.000
12,ec.gp.GPIndividual@856320576{-1520131611},3C_20_50-02.txt,61.404,0.100,6.140,2,4.734,77.10,2.367,4.734,0.000
12,ec.gp.GPIndividual@856320576{-1520131611},3C_20_80-01.txt,4.194,0.100,0.419,1,0.172,40.98,0.172,4.734,0.000
12,ec.gp.GPIndividual@856320576{-1520131611},3C_20_80-02.txt,35.738,0.100,3.574,4,3.688,103.18,0.922,4.734,0.000
12,ec.gp.GPIndividual@856320576{-1520131611},3C_20_66-01.txt,7.322,0.100,0.732,3,1.031,140.84,0.344,4.734,0.000
12,ec.gp.GPIndividual@856320576{-1520131611},3C_20_50-03.txt,30.993,0.100,3.099,2,1.516,48.90,0.758,4.734,0.000
12,ec.gp.GPIndividual@856320576{-1520131611},3C_20_66-03.txt,118.340,0.100,11.834,5,3.047,25.75,0.609,4.734,0.000
12,ec.gp.GPIndividual@856320576{-1520131611},3C_20_80-03.txt,169.439,0.100,16.944,1,1.078,6.36,1.078,4.734,0.000
12,ec.gp.GPIndividual@856320576{-1520131611},3C_20_66-02.txt,154.245,0.100,15.424,6,12.328,79.93,2.055,4.734,0.000
12,ec.gp.GPIndividual@856320576{-1520131611},3C_20_50-03.txt,30.993,0.100,3.099,2,4.859,156.79,2.430,4.859,0.000
12,ec.gp.GPIndividual@856320576{-1520131611},3C_20_80-01.txt,4.194,0.100,0.419,1,0.328,78.23,0.328,4.859,0.000
12,ec.gp.GPIndividual@856320576{-1520131611},3C_20_80-02.txt,35.738,0.100,3.574,2,5.531,154.77,2.766,4.859,0.000
12,ec.gp.GPIndividual@856320576{-1520131611},3C_20_66-01.txt,7.322,0.100,0.732,3,3.719,507.87,1.240,4.859,0.000
12,ec.gp.GPIndividual@856320576{-1520131611},3C_20_66-01.txt,7.322,0.100,0.732,2,1.359,185.65,0.680,4.859,0.000
12,ec.gp.GPIndividual@856320576{-1520131611},3C_20_66-01.txt,7.322,0.100,0.732,2,1.000,136.57,0.500,4.859,0.000
12,ec.gp.GPIndividual@856320576{-1520131611},3C_20_66-03.txt,118.340,0.100,11.834,4,6.109,51.63,1.527,5.828,0.000
12,ec.gp.GPIndividual@620190616{612085027},3C_20_50-02.txt,61.404,0.100,6.140,8,6.922,112.73,0.865,1.891,0.000
12,ec.gp.GPIndividual@620190616{612085027},3C_20_50-03.txt,30.993,0.100,3.099,5,3.938,127.05,0.788,2.594,0.000
12,ec.gp.GPIndividual@620190616{612085027},3C_20_66-03.txt,118.340,0.100,11.834,2,0.125,1.06,0.063,2.594,0.000
12,ec.gp.GPIndividual@620190616{612085027},3C_20_80-01.txt,4.194,0.100,0.419,2,1.234,294.29,0.617,2.594,0.000
12,ec.gp.GPIndividual@620190616{612085027},3C_20_66-03.txt,118.340,0.100,11.834,3,1.047,8.85,0.349,2.594,0.000
12,ec.gp.GPIndividual@620190616{612085027},3C_20_66-03.txt,118.340,0.100,11.834,6,11.953,101.01,1.992,4.797,0.000
12,ec.gp.GPIndividual@620190616{612085027},3C_20_80-01.txt,4.194,0.100,0.419,2,4.813,1147.34,2.406,4.813,0.000
12,ec.gp.GPIndividual@620190616{612085027},3C_20_80-01.txt,4.194,0.100,0.419,5,0.641,152.73,0.128,4.813,0.000
12,ec.gp.GPIndividual@620190616{612085027},3C_20_80-02.txt,35.738,0.100,3.574,3,4.906,137.28,1.635,4.813,0.000
12,ec.gp.GPIndividual@620190616{612085027},3C_20_80-01.txt,4.194,0.100,0.419,2,2.953,704.05,1.477,4.813,0.000
12,ec.gp.GPIndividual@620190616{612085027},3C_20_80-02.txt,35.738,0.100,3.574,3,1.109,31.04,0.370,4.813,0.000
12,ec.gp.GPIndividual@620190616{612085027},3C_20_80-02.txt,35.738,0.100,3.574,4,2.641,73.89,0.660,4.813,0.000
12,ec.gp.GPIndividual@620190616{612085027},3C_20_66-01.txt,7.322,0.100,0.732,2,1.516,206.99,0.758,4.813,0.000
12,ec.gp.GPIndividual@620190616{612085027},3C_20_80-03.txt,169.439,0.100,16.944,12,11.547,68.15,0.962,4.813,0.000
12,ec.gp.GPIndividual@620190616{612085027},3C_20_66-02.txt,154.245,0.100,15.424,2,1.047,6.79,0.523,4.813,0.000
12,ec.gp.GPIndividual@620190616{612085027},3C_20_80-03.txt,169.439,0.100,16.944,5,9.734,57.45,1.947,4.813,0.000
12,ec.gp.GPIndividual@620190616{612085027},3C_20_80-02.txt,35.738,0.100,3.574,3,3.656,102.31,1.219,4.813,0.000
12,ec.gp.GPIndividual@620190616{612085027},3C_20_80-03.txt,169.439,0.100,16.944,4,0.750,4.43,0.188,4.813,0.000
12,ec.gp.GPIndividual@620190616{612085027},3C_20_66-03.txt,118.340,0.100,11.834,9,12.063,101.93,1.340,4.813,0.000
12,ec.gp.GPIndividual@620190616{612085027},3C_20_80-03.txt,169.439,0.100,16.944,2,0.266,1.57,0.133,4.813,0.000
12,ec.gp.GPIndividual@1916443958{1046711455},3C_20_50-02.txt,61.404,0.100,6.140,1,0.297,4.83,0.297,0.297,0.297
12,ec.gp.GPIndividual@1916443958{1046711455},3C_20_50-03.txt,30.993,0.100,3.099,2,3.578,115.45,1.789,2.219,0.297
12,ec.gp.GPIndividual@1916443958{1046711455},3C_20_66-01.txt,7.322,0.100,0.732,1,4.891,667.92,4.891,4.891,0.297
12,ec.gp.GPIndividual@1114799306{-790191036},3C_20_50-02.txt,61.404,0.100,6.140,2,0.422,6.87,0.211,0.422,0.000
12,ec.gp.GPIndividual@168883152{-1796182652},3C_20_50-02.txt,61.404,0.100,6.140,3,4.906,79.90,1.635,4.563,0.000
12,ec.gp.GPIndividual@168883152{-1796182652},3C_20_66-02.txt,154.245,0.100,15.424,5,1.344,8.71,0.269,4.563,0.000
12,ec.gp.GPIndividual@168883152{-1796182652},3C_20_80-01.txt,4.194,0.100,0.419,3,0.422,100.58,0.141,4.563,0.000
12,ec.gp.GPIndividual@168883152{-1796182652},3C_20_80-02.txt,35.738,0.100,3.574,4,4.531,126.79,1.133,4.563,0.000
12,ec.gp.GPIndividual@168883152{-1796182652},3C_20_66-03.txt,118.340,0.100,11.834,10,12.313,104.04,1.231,4.563,0.000
12,ec.gp.GPIndividual@168883152{-1796182652},3C_20_50-03.txt,30.993,0.100,3.099,5,1.422,45.88,0.284,4.563,0.000
12,ec.gp.GPIndividual@168883152{-1796182652},3C_20_50-03.txt,30.993,0.100,3.099,5,3.141,101.33,0.628,4.563,0.000
12,ec.gp.GPIndividual@320336805{996987480},3C_20_50-02.txt,61.404,0.100,6.140,1,0.984,16.03,0.984,0.984,0.984
12,ec.gp.GPIndividual@320336805{996987480},3C_20_80-03.txt,169.439,0.100,16.944,5,7.563,44.63,1.513,4.750,0.000
12,ec.gp.GPIndividual@320336805{996987480},3C_20_80-01.txt,4.194,0.100,0.419,1,0.281,67.05,0.281,4.750,0.000
12,ec.gp.GPIndividual@320336805{996987480},3C_20_80-02.txt,35.738,0.100,3.574,1,1.453,40.66,1.453,4.750,0.000
12,ec.gp.GPIndividual@320336805{996987480},3C_20_50-03.txt,30.993,0.100,3.099,2,2.859,92.26,1.430,4.750,0.000
12,ec.gp.GPIndividual@320336805{996987480},3C_20_80-03.txt,169.439,0.100,16.944,1,0.734,4.33,0.734,4.750,0.000
12,ec.gp.GPIndividual@320336805{996987480},3C_20_66-01.txt,7.322,0.100,0.732,1,3.422,467.33,3.422,4.750,0.000
12,ec.gp.GPIndividual@320336805{996987480},3C_20_66-01.txt,7.322,0.100,0.732,2,3.250,443.86,1.625,4.750,0.000
12,ec.gp.GPIndividual@320336805{996987480},3C_20_66-01.txt,7.322,0.100,0.732,3,0.750,102.43,0.250,4.750,0.000
12,ec.gp.GPIndividual@320336805{996987480},3C_20_66-02.txt,154.245,0.100,15.424,9,11.031,71.52,1.226,4.750,0.000
12,ec.gp.GPIndividual@320336805{996987480},3C_20_66-02.txt,154.245,0.100,15.424,3,2.016,13.07,0.672,4.750,0.000
12,ec.gp.GPIndividual@320336805{996987480},3C_20_66-02.txt,154.245,0.100,15.424,2,4.422,28.67,2.211,4.750,0.000
12,ec.gp.GPIndividual@814824057{1014926013},3C_20_50-02.txt,61.404,0.100,6.140,3,1.328,21.63,0.443,1.031,0.000
12,ec.gp.GPIndividual@814824057{1014926013},3C_20_66-03.txt,118.340,0.100,11.834,4,6.172,52.15,1.543,4.125,0.000
12,ec.gp.GPIndividual@340365515{-1006853214},3C_20_50-02.txt,61.404,0.100,6.140,7,6.172,100.51,0.882,1.891,0.000
12,ec.gp.GPIndividual@340365515{-1006853214},3C_20_66-03.txt,118.340,0.100,11.834,5,4.672,39.48,0.934,1.891,0.000
12,ec.gp.GPIndividual@340365515{-1006853214},3C_20_66-03.txt,118.340,0.100,11.834,7,10.047,84.90,1.435,4.484,0.000
12,ec.gp.GPIndividual@340365515{-1006853214},3C_20_50-03.txt,30.993,0.100,3.099,3,6.781,218.80,2.260,4.641,0.000
12,ec.gp.GPIndividual@340365515{-1006853214},3C_20_80-01.txt,4.194,0.100,0.419,2,0.422,100.58,0.211,4.641,0.000
12,ec.gp.GPIndividual@340365515{-1006853214},3C_20_50-03.txt,30.993,0.100,3.099,3,3.266,105.37,1.089,4.641,0.000
12,ec.gp.GPIndividual@340365515{-1006853214},3C_20_80-01.txt,4.194,0.100,0.419,2,1.516,361.34,0.758,4.641,0.000
12,ec.gp.GPIndividual@340365515{-1006853214},3C_20_80-02.txt,35.738,0.100,3.574,2,5.594,156.52,2.797,4.813,0.000
12,ec.gp.GPIndividual@340365515{-1006853214},3C_20_80-01.txt,4.194,0.100,0.419,2,1.375,327.81,0.688,4.813,0.000
12,ec.gp.GPIndividual@340365515{-1006853214},3C_20_66-01.txt,7.322,0.100,0.732,5,0.953,130.17,0.191,4.813,0.000
12,ec.gp.GPIndividual@340365515{-1006853214},3C_20_66-02.txt,154.245,0.100,15.424,5,2.781,18.03,0.556,4.813,0.000
12,ec.gp.GPIndividual@340365515{-1006853214},3C_20_80-02.txt,35.738,0.100,3.574,8,3.422,95.75,0.428,4.813,0.000
12,ec.gp.GPIndividual@340365515{-1006853214},3C_20_80-02.txt,35.738,0.100,3.574,6,3.094,86.57,0.516,4.813,0.000
12,ec.gp.GPIndividual@340365515{-1006853214},3C_20_66-01.txt,7.322,0.100,0.732,2,1.797,245.40,0.898,4.813,0.000
12,ec.gp.GPIndividual@340365515{-1006853214},3C_20_66-03.txt,118.340,0.100,11.834,6,2.016,17.03,0.336,4.813,0.000
12,ec.gp.GPIndividual@340365515{-1006853214},3C_20_80-03.txt,169.439,0.100,16.944,1,0.000,0.00,0.000,4.813,0.000
12,ec.gp.GPIndividual@340365515{-1006853214},3C_20_80-03.txt,169.439,0.100,16.944,6,6.484,38.27,1.081,4.813,0.000
12,ec.gp.GPIndividual@340365515{-1006853214},3C_20_66-02.txt,154.245,0.100,15.424,6,15.125,98.06,2.521,4.813,0.000
12,ec.gp.GPIndividual@1258212613{1409962845},3C_20_50-02.txt,61.404,0.100,6.140,2,1.313,21.37,0.656,1.313,0.000
12,ec.gp.GPIndividual@1258212613{1409962845},3C_20_80-03.txt,169.439,0.100,16.944,8,6.703,39.56,0.838,2.172,0.000
12,ec.gp.GPIndividual@1376297947{-1609314986},3C_20_50-02.txt,61.404,0.100,6.140,8,6.391,104.07,0.799,1.625,0.000
12,ec.gp.GPIndividual@1376297947{-1609314986},3C_20_80-01.txt,4.194,0.100,0.419,3,0.547,130.38,0.182,1.625,0.000
12,ec.gp.GPIndividual@1376297947{-1609314986},3C_20_50-03.txt,30.993,0.100,3.099,4,1.563,50.42,0.391,1.625,0.000
12,ec.gp.GPIndividual@1376297947{-1609314986},3C_20_50-03.txt,30.993,0.100,3.099,3,2.063,66.55,0.688,2.063,0.000
12,ec.gp.GPIndividual@1376297947{-1609314986},3C_20_66-03.txt,118.340,0.100,11.834,5,4.063,34.33,0.813,2.063,0.000
12,ec.gp.GPIndividual@1376297947{-1609314986},3C_20_80-02.txt,35.738,0.100,3.574,3,3.750,104.93,1.250,2.422,0.000
12,ec.gp.GPIndividual@1376297947{-1609314986},3C_20_66-01.txt,7.322,0.100,0.732,2,0.734,100.29,0.367,2.422,0.000
12,ec.gp.GPIndividual@1376297947{-1609314986},3C_20_80-03.txt,169.439,0.100,16.944,8,10.531,62.15,1.316,3.469,0.000
12,ec.gp.GPIndividual@1376297947{-1609314986},3C_20_66-02.txt,154.245,0.100,15.424,7,12.563,81.45,1.795,3.984,0.000
12,ec.gp.GPIndividual@1376297947{-1609314986},3C_20_80-01.txt,4.194,0.100,0.419,6,0.438,104.30,0.073,3.984,0.000
12,ec.gp.GPIndividual@1376297947{-1609314986},3C_20_80-02.txt,35.738,0.100,3.574,3,1.750,48.97,0.583,3.984,0.000
12,ec.gp.GPIndividual@1376297947{-1609314986},3C_20_66-03.txt,118.340,0.100,11.834,9,12.047,101.80,1.339,4.844,0.000
12,ec.gp.GPIndividual@1597256802{1103090124},3C_20_50-02.txt,61.404,0.100,6.140,2,0.453,7.38,0.227,0.453,0.000
12,ec.gp.GPIndividual@1597256802{1103090124},3C_20_80-03.txt,169.439,0.100,16.944,4,7.125,42.05,1.781,3.516,0.000
12,ec.gp.GPIndividual@1597256802{1103090124},3C_20_66-01.txt,7.322,0.100,0.732,3,1.328,181.38,0.443,3.516,0.000
12,ec.gp.GPIndividual@1597256802{1103090124},3C_20_50-03.txt,30.993,0.100,3.099,5,3.938,127.05,0.788,3.516,0.000
12,ec.gp.GPIndividual@1597256802{1103090124},3C_20_80-01.txt,4.194,0.100,0.419,2,0.813,193.71,0.406,3.516,0.000
12,ec.gp.GPIndividual@1597256802{1103090124},3C_20_66-02.txt,154.245,0.100,15.424,6,4.313,27.96,0.719,3.516,0.000
12,ec.gp.GPIndividual@1597256802{1103090124},3C_20_66-01.txt,7.322,0.100,0.732,4,1.844,251.80,0.461,3.516,0.000
12,ec.gp.GPIndividual@1597256802{1103090124},3C_20_66-03.txt,118.340,0.100,11.834,2,0.844,7.13,0.422,3.516,0.000
12,ec.gp.GPIndividual@1597256802{1103090124},3C_20_66-02.txt,154.245,0.100,15.424,2,3.750,24.31,1.875,3.516,0.000
12,ec.gp.GPIndividual@1597256802{1103090124},3C_20_80-02.txt,35.738,0.100,3.574,3,1.594,44.60,0.531,3.516,0.000
12,ec.gp.GPIndividual@1597256802{1103090124},3C_20_66-03.txt,118.340,0.100,11.834,5,9.516,80.41,1.903,4.656,0.000
12,ec.gp.GPIndividual@571036746{966749433},3C_20_50-02.txt,61.404,0.100,6.140,0,0.000,0.00,0.000,0.000,0.000
12,ec.gp.GPIndividual@571036746{966749433},3C_20_80-03.txt,169.439,0.100,16.944,8,13.625,80.41,1.703,5.688,0.000
12,ec.gp.GPIndividual@244515544{1251941576},3C_20_50-02.txt,61.404,0.100,6.140,3,0.891,14.50,0.297,0.734,0.000
12,ec.gp.GPIndividual@244515544{1251941576},3C_20_50-03.txt,30.993,0.100,3.099,2,5.047,162.84,2.523,5.047,0.000
12,ec.gp.GPIndividual@1848324384{23352039},3C_20_50-02.txt,61.404,0.100,6.140,4,4.844,78.88,1.211,4.719,0.000
12,ec.gp.GPIndividual@1848324384{23352039},3C_20_66-02.txt,154.245,0.100,15.424,6,3.250,21.07,0.542,4.719,0.000
12,ec.gp.GPIndividual@1848324384{23352039},3C_20_50-03.txt,30.993,0.100,3.099,7,3.375,108.90,0.482,4.719,0.000
12,ec.gp.GPIndividual@1848324384{23352039},3C_20_66-03.txt,118.340,0.100,11.834,1,0.281,2.38,0.281,4.719,0.000
12,ec.gp.GPIndividual@1848324384{23352039},3C_20_66-01.txt,7.322,0.100,0.732,5,0.641,87.49,0.128,4.719,0.000
12,ec.gp.GPIndividual@1848324384{23352039},3C_20_66-02.txt,154.245,0.100,15.424,7,4.344,28.16,0.621,4.719,0.000
12,ec.gp.GPIndividual@1848324384{23352039},3C_20_66-03.txt,118.340,0.100,11.834,6,9.234,78.03,1.539,4.719,0.000
12,ec.gp.GPIndividual@1848324384{23352039},3C_20_80-01.txt,4.194,0.100,0.419,1,3.641,867.95,3.641,4.719,0.000
12,ec.gp.GPIndividual@1848324384{23352039},3C_20_80-01.txt,4.194,0.100,0.419,5,0.516,122.93,0.103,4.719,0.000
12,ec.gp.GPIndividual@1848324384{23352039},3C_20_80-02.txt,35.738,0.100,3.574,1,0.000,0.00,0.000,4.719,0.000
12,ec.gp.GPIndividual@1848324384{23352039},3C_20_80-02.txt,35.738,0.100,3.574,7,2.703,75.64,0.386,4.719,0.000
12,ec.gp.GPIndividual@1848324384{23352039},3C_20_80-03.txt,169.439,0.100,16.944,6,8.906,52.56,1.484,6.453,0.000
12,ec.gp.GPIndividual@1848324384{23352039},3C_20_80-03.txt,169.439,0.100,16.944,4,11.875,70.08,2.969,6.453,0.000
12,ec.gp.GPIndividual@1064211459{-49362671},3C_20_50-02.txt,61.404,0.100,6.140,2,0.094,1.53,0.047,0.094,0.000
12,ec.gp.GPIndividual@1064211459{-49362671},3C_20_50-03.txt,30.993,0.100,3.099,2,3.844,124.02,1.922,3.844,0.000
12,ec.gp.GPIndividual@1287300197{-1019782310},3C_20_50-02.txt,61.404,0.100,6.140,3,1.313,21.37,0.438,1.188,0.000
12,ec.gp.GPIndividual@1287300197{-1019782310},3C_20_66-01.txt,7.322,0.100,0.732,4,0.766,104.56,0.191,1.188,0.000
12,ec.gp.GPIndividual@1287300197{-1019782310},3C_20_66-02.txt,154.245,0.100,15.424,2,0.141,0.91,0.070,1.188,0.000
12,ec.gp.GPIndividual@1287300197{-1019782310},3C_20_50-03.txt,30.993,0.100,3.099,2,0.625,20.17,0.313,1.188,0.000
12,ec.gp.GPIndividual@1287300197{-1019782310},3C_20_66-03.txt,118.340,0.100,11.834,6,8.094,68.39,1.349,2.500,0.000
12,ec.gp.GPIndividual@1287300197{-1019782310},3C_20_66-01.txt,7.322,0.100,0.732,2,2.531,345.70,1.266,2.531,0.000
12,ec.gp.GPIndividual@1287300197{-1019782310},3C_20_80-01.txt,4.194,0.100,0.419,5,0.406,96.85,0.081,2.531,0.000
12,ec.gp.GPIndividual@1287300197{-1019782310},3C_20_66-02.txt,154.245,0.100,15.424,2,0.172,1.11,0.086,2.531,0.000
12,ec.gp.GPIndividual@1287300197{-1019782310},3C_20_80-02.txt,35.738,0.100,3.574,6,2.250,62.96,0.375,2.531,0.000
12,ec.gp.GPIndividual@1287300197{-1019782310},3C_20_66-03.txt,118.340,0.100,11.834,7,8.063,68.13,1.152,4.266,0.000
12,ec.gp.GPIndividual@1287300197{-1019782310},3C_20_80-03.txt,169.439,0.100,16.944,2,3.266,19.27,1.633,4.266,0.000
12,ec.gp.GPIndividual@1287300197{-1019782310},3C_20_80-01.txt,4.194,0.100,0.419,5,0.406,96.85,0.081,4.266,0.000
12,ec.gp.GPIndividual@1287300197{-1019782310},3C_20_80-02.txt,35.738,0.100,3.574,5,3.031,84.82,0.606,4.266,0.000
13,ec.gp.GPIndividual@1678217267{-2047028764},3C_20_50-02.txt,61.404,0.100,6.140,12,7.172,116.80,0.598,1.703,0.000
13,ec.gp.GPIndividual@1678217267{-2047028764},3C_20_50-03.txt,30.993,0.100,3.099,4,5.109,164.86,1.277,1.703,0.000
13,ec.gp.GPIndividual@1678217267{-2047028764},3C_20_50-03.txt,30.993,0.100,3.099,7,2.344,75.62,0.335,1.703,0.000
13,ec.gp.GPIndividual@1678217267{-2047028764},3C_20_50-03.txt,30.993,0.100,3.099,6,4.563,147.21,0.760,1.703,0.000
13,ec.gp.GPIndividual@1678217267{-2047028764},3C_20_66-01.txt,7.322,0.100,0.732,2,1.125,153.64,0.563,1.703,0.000
13,ec.gp.GPIndividual@1678217267{-2047028764},3C_20_50-03.txt,30.993,0.100,3.099,6,1.813,58.48,0.302,1.703,0.000
13,ec.gp.GPIndividual@1678217267{-2047028764},3C_20_50-03.txt,30.993,0.100,3.099,3,2.109,68.06,0.703,1.703,0.000
13,ec.gp.GPIndividual@1678217267{-2047028764},3C_20_66-02.txt,154.245,0.100,15.424,3,2.344,15.19,0.781,1.703,0.000
13,ec.gp.GPIndividual@1678217267{-2047028764},3C_20_50-03.txt,30.993,0.100,3.099,8,3.563,114.95,0.445,1.703,0.000
13,ec.gp.GPIndividual@1678217267{-2047028764},3C_20_66-01.txt,7.322,0.100,0.732,7,0.969,132.30,0.138,1.703,0.000
13,ec.gp.GPIndividual@1678217267{-2047028764},3C_20_66-02.txt,154.245,0.100,15.424,8,8.516,55.21,1.064,2.563,0.000
13,ec.gp.GPIndividual@1678217267{-2047028764},3C_20_66-03.txt,118.340,0.100,11.834,5,13.516,114.21,2.703,4.203,0.000
13,ec.gp.GPIndividual@1678217267{-2047028764},3C_20_66-01.txt,7.322,0.100,0.732,4,4.969,678.59,1.242,4.469,0.000
13,ec.gp.GPIndividual@1678217267{-2047028764},3C_20_66-02.txt,154.245,0.100,15.424,4,2.359,15.30,0.590,4.469,0.000
13,ec.gp.GPIndividual@1678217267{-2047028764},3C_20_66-01.txt,7.322,0.100,0.732,2,3.219,439.59,1.609,4.469,0.000
13,ec.gp.GPIndividual@1678217267{-2047028764},3C_20_66-01.txt,7.322,0.100,0.732,5,2.031,277.41,0.406,4.469,0.000
13,ec.gp.GPIndividual@1678217267{-2047028764},3C_20_66-03.txt,118.340,0.100,11.834,7,8.484,71.70,1.212,4.734,0.000
13,ec.gp.GPIndividual@1678217267{-2047028764},3C_20_66-02.txt,154.245,0.100,15.424,5,7.875,51.06,1.575,4.734,0.000
13,ec.gp.GPIndividual@1678217267{-2047028764},3C_20_80-01.txt,4.194,0.100,0.419,2,1.438,342.71,0.719,4.734,0.000
13,ec.gp.GPIndividual@1678217267{-2047028764},3C_20_66-03.txt,118.340,0.100,11.834,4,5.281,44.63,1.320,5.281,0.000
13,ec.gp.GPIndividual@1678217267{-2047028764},3C_20_66-01.txt,7.322,0.100,0.732,3,1.859,253.94,0.620,5.281,0.000
13,ec.gp.GPIndividual@1678217267{-2047028764},3C_20_66-02.txt,154.245,0.100,15.424,2,0.734,4.76,0.367,5.281,0.000
13,ec.gp.GPIndividual@1678217267{-2047028764},3C_20_80-02.txt,35.738,0.100,3.574,3,6.172,172.70,2.057,5.281,0.000
13,ec.gp.GPIndividual@1678217267{-2047028764},3C_20_80-01.txt,4.194,0.100,0.419,5,1.375,327.81,0.275,5.281,0.000
13,ec.gp.GPIndividual@1678217267{-2047028764},3C_20_66-02.txt,154.245,0.100,15.424,7,6.109,39.61,0.873,5.281,0.000
13,ec.gp.GPIndividual@1678217267{-2047028764},3C_20_80-02.txt,35.738,0.100,3.574,4,4.938,138.16,1.234,5.281,0.000
13,ec.gp.GPIndividual@1678217267{-2047028764},3C_20_66-03.txt,118.340,0.100,11.834,1,1.953,16.50,1.953,5.281,0.000
13,ec.gp.GPIndividual@1678217267{-2047028764},3C_20_80-03.txt,169.439,0.100,16.944,5,1.313,7.75,0.263,5.281,0.000
13,ec.gp.GPIndividual@1678217267{-2047028764},3C_20_66-03.txt,118.340,0.100,11.834,10,14.813,125.17,1.481,5.281,0.000
13,ec.gp.GPIndividual@1678217267{-2047028764},3C_20_66-03.txt,118.340,0.100,11.834,10,14.813,125.17,1.481,5.281,0.000
13,ec.gp.GPIndividual@1678217267{-2047028764},3C_20_80-03.txt,169.439,0.100,16.944,5,16.109,95.07,3.222,6.203,0.000
13,ec.gp.GPIndividual@1118786764{739225901},3C_20_50-02.txt,61.404,0.100,6.140,4,7.078,115.27,1.770,3.625,0.000
13,ec.gp.GPIndividual@1118786764{739225901},3C_20_80-01.txt,4.194,0.100,0.419,1,1.078,257.03,1.078,3.625,0.000
13,ec.gp.GPIndividual@1118786764{739225901},3C_20_80-01.txt,4.194,0.100,0.419,2,0.891,212.33,0.445,3.625,0.000
13,ec.gp.GPIndividual@1118786764{739225901},3C_20_50-03.txt,30.993,0.100,3.099,9,4.313,139.15,0.479,3.625,0.000
13,ec.gp.GPIndividual@1118786764{739225901},3C_20_66-01.txt,7.322,0.100,0.732,2,6.250,853.57,3.125,6.250,0.000
13,ec.gp.GPIndividual@1118786764{739225901},3C_20_80-01.txt,4.194,0.100,0.419,7,11.938,2846.00,1.705,6.516,0.000
13,ec.gp.GPIndividual@670575519{-757869109},3C_20_50-02.txt,61.404,0.100,6.140,1,0.000,0.00,0.000,0.000,0.000
13,ec.gp.GPIndividual@670575519{-757869109},3C_20_80-02.txt,35.738,0.100,3.574,5,1.313,36.73,0.263,0.672,0.000
13,ec.gp.GPIndividual@670575519{-757869109},3C_20_80-02.txt,35.738,0.100,3.574,1,0.391,10.93,0.391,0.672,0.000
13,ec.gp.GPIndividual@670575519{-757869109},3C_20_80-01.txt,4.194,0.100,0.419,3,1.172,279.38,0.391,0.875,0.000
13,ec.gp.GPIndividual@670575519{-757869109},3C_20_66-02.txt,154.245,0.100,15.424,16,16.125,104.54,1.008,2.250,0.000
13,ec.gp.GPIndividual@670575519{-757869109},3C_20_50-03.txt,30.993,0.100,3.099,4,2.078,67.05,0.520,2.250,0.000
13,ec.gp.GPIndividual@670575519{-757869109},3C_20_80-03.txt,169.439,0.100,16.944,2,0.688,4.06,0.344,2.250,0.000
13,ec.gp.GPIndividual@670575519{-757869109},3C_20_80-02.txt,35.738,0.100,3.574,5,3.063,85.69,0.613,2.250,0.000
13,ec.gp.GPIndividual@670575519{-757869109},3C_20_80-03.txt,169.439,0.100,16.944,7,11.938,70.45,1.705,2.922,0.000
13,ec.gp.GPIndividual@670575519{-757869109},3C_20_66-03.txt,118.340,0.100,11.834,5,10.563,89.26,2.113,4.469,0.000
13,ec.gp.GPIndividual@670575519{-757869109},3C_20_80-03.txt,169.439,0.100,16.944,10,16.188,95.54,1.619,6.406,0.000
13,ec.gp.GPIndividual@1412637714{-426346310},3C_20_50-02.txt,61.404,0.100,6.140,4,8.031,130.79,2.008,4.844,0.000
13,ec.gp.GPIndividual@1412637714{-426346310},3C_20_80-01.txt,4.194,0.100,0.419,5,3.734,890.31,0.747,4.844,0.000
13,ec.gp.GPIndividual@1412637714{-426346310},3C_20_66-01.txt,7.322,0.100,0.732,7,0.969,132.30,0.138,4.844,0.000
13,ec.gp.GPIndividual@1412637714{-426346310},3C_20_80-02.txt,35.738,0.100,3.574,5,2.844,79.57,0.569,4.844,0.000
13,ec.gp.GPIndividual@1412637714{-426346310},3C_20_80-02.txt,35.738,0.100,3.574,2,4.297,120.23,2.148,4.844,0.000
13,ec.gp.GPIndividual@1555465071{1014926013},3C_20_50-02.txt,61.404,0.100,6.140,7,11.203,182.45,1.600,5.563,0.000
13,ec.gp.GPIndividual@1555465071{1014926013},3C_20_80-03.txt,169.439,0.100,16.944,4,2.734,16.14,0.684,5.563,0.000
13,ec.gp.GPIndividual@2058501296{834700420},3C_20_50-02.txt,61.404,0.100,6.140,3,1.422,23.16,0.474,1.422,0.000
13,ec.gp.GPIndividual@2058501296{834700420},3C_20_66-02.txt,154.245,0.100,15.424,2,1.922,12.46,0.961,1.922,0.000
13,ec.gp.GPIndividual@2058501296{834700420},3C_20_50-03.txt,30.993,0.100,3.099,6,4.750,153.26,0.792,1.922,0.000
13,ec.gp.GPIndividual@2058501296{834700420},3C_20_80-03.txt,169.439,0.100,16.944,7,7.125,42.05,1.018,2.422,0.000
13,ec.gp.GPIndividual@2058501296{834700420},3C_20_50-03.txt,30.993,0.100,3.099,4,2.156,69.57,0.539,2.422,0.000
13,ec.gp.GPIndividual@2058501296{834700420},3C_20_66-03.txt,118.340,0.100,11.834,7,10.922,92.29,1.560,6.078,0.000
13,ec.gp.GPIndividual@2058501296{834700420},3C_20_50-03.txt,30.993,0.100,3.099,4,0.719,23.19,0.180,6.078,0.000
13,ec.gp.GPIndividual@1056746569{593296614},3C_20_50-02.txt,61.404,0.100,6.140,3,4.563,74.30,1.521,4.250,0.000
13,ec.gp.GPIndividual@1056746569{593296614},3C_20_66-01.txt,7.322,0.100,0.732,6,2.078,283.81,0.346,4.250,0.000
13,ec.gp.GPIndividual@1056746569{593296614},3C_20_66-02.txt,154.245,0.100,15.424,6,17.016,110.32,2.836,6.141,0.000
13,ec.gp.GPIndividual@1056746569{593296614},3C_20_80-01.txt,4.194,0.100,0.419,6,2.813,670.52,0.469,6.141,0.000
13,ec.gp.GPIndividual@1056746569{593296614},3C_20_66-03.txt,118.340,0.100,11.834,10,13.188,111.44,1.319,6.141,0.000
13,ec.gp.GPIndividual@1056746569{593296614},3C_20_66-01.txt,7.322,0.100,0.732,10,2.438,332.89,0.244,6.141,0.000
13,ec.gp.GPIndividual@1056746569{593296614},3C_20_80-02.txt,35.738,0.100,3.574,3,4.172,116.73,1.391,6.141,0.000
13,ec.gp.GPIndividual@1056746569{593296614},3C_20_50-03.txt,30.993,0.100,3.099,3,2.078,67.05,0.693,6.141,0.000
13,ec.gp.GPIndividual@1328949568{-1468126587},3C_20_50-02.txt,61.404,0.100,6.140,5,2.891,47.08,0.578,1.547,0.000
13,ec.gp.GPIndividual@1328949568{-1468126587},3C_20_66-02.txt,154.245,0.100,15.424,3,8.969,58.15,2.990,4.828,0.000
13,ec.gp.GPIndividual@1328949568{-1468126587},3C_20_66-01.txt,7.322,0.100,0.732,3,1.609,219.79,0.536,4.828,0.000
13,ec.gp.GPIndividual@1328949568{-1468126587},3C_20_66-01.txt,7.322,0.100,0.732,5,0.813,110.96,0.163,4.828,0.000
13,ec.gp.GPIndividual@1328949568{-1468126587},3C_20_66-02.txt,154.245,0.100,15.424,5,4.750,30.80,0.950,4.828,0.000
13,ec.gp.GPIndividual@1328949568{-1468126587},3C_20_66-02.txt,154.245,0.100,15.424,10,17.781,115.28,1.778,4.828,0.000
13,ec.gp.GPIndividual@1328949568{-1468126587},3C_20_66-03.txt,118.340,0.100,11.834,2,0.125,1.06,0.063,4.828,0.000
13,ec.gp.GPIndividual@1328949568{-1468126587},3C_20_80-01.txt,4.194,0.100,0.419,2,1.328,316.64,0.664,4.828,0.000
13,ec.gp.GPIndividual@1328949568{-1468126587},3C_20_66-03.txt,118.340,0.100,11.834,6,6.016,50.83,1.003,4.828,0.000
13,ec.gp.GPIndividual@1328949568{-1468126587},3C_20_50-03.txt,30.993,0.100,3.099,3,3.422,110.41,1.141,4.828,0.000
13,ec.gp.GPIndividual@1328949568{-1468126587},3C_20_80-02.txt,35.738,0.100,3.574,4,0.734,20.55,0.184,4.828,0.000
13,ec.gp.GPIndividual@1328949568{-1468126587},3C_20_66-03.txt,118.340,0.100,11.834,4,5.125,43.31,1.281,4.828,0.000
13,ec.gp.GPIndividual@1328949568{-1468126587},3C_20_80-03.txt,169.439,0.100,16.944,9,21.063,124.31,2.340,4.875,0.000
13,ec.gp.GPIndividual@1328949568{-1468126587},3C_20_80-03.txt,169.439,0.100,16.944,9,16.297,96.18,1.811,6.219,0.000
13,ec.gp.GPIndividual@421883203{-1127192803},3C_20_50-02.txt,61.404,0.100,6.140,2,0.344,5.60,0.172,0.344,0.000
13,ec.gp.GPIndividual@421883203{-1127192803},3C_20_50-03.txt,30.993,0.100,3.099,2,4.125,133.10,2.063,4.125,0.000
13,ec.gp.GPIndividual@421883203{-1127192803},3C_20_66-01.txt,7.322,0.100,0.732,2,3.078,420.38,1.539,4.125,0.000
13,ec.gp.GPIndividual@421883203{-1127192803},3C_20_80-01.txt,4.194,0.100,0.419,6,0.734,175.08,0.122,4.125,0.000
13,ec.gp.GPIndividual@421883203{-1127192803},3C_20_80-02.txt,35.738,0.100,3.574,2,1.266,35.41,0.633,4.125,0.000
13,ec.gp.GPIndividual@421883203{-1127192803},3C_20_66-01.txt,7.322,0.100,0.732,2,4.719,644.45,2.359,4.719,0.000
13,ec.gp.GPIndividual@421883203{-1127192803},3C_20_80-01.txt,4.194,0.100,0.419,3,5.250,1251.64,1.750,5.000,0.000
13,ec.gp.GPIndividual@421883203{-1127192803},3C_20_80-02.txt,35.738,0.100,3.574,2,0.406,11.37,0.203,5.000,0.000
13,ec.gp.GPIndividual@421883203{-1127192803},3C_20_66-02.txt,154.245,0.100,15.424,9,13.859,89.85,1.540,5.594,0.000
13,ec.gp.GPIndividual@421883203{-1127192803},3C_20_66-03.txt,118.340,0.100,11.834,8,9.500,80.28,1.188,5.594,0.000
13,ec.gp.GPIndividual@421883203{-1127192803},3C_20_66-02.txt,154.245,0.100,15.424,10,15.531,100.69,1.553,5.594,0.000
13,ec.gp.GPIndividual@421883203{-1127192803},3C_20_66-03.txt,118.340,0.100,11.834,2,0.844,7.13,0.422,5.594,0.000
13,ec.gp.GPIndividual@421883203{-1127192803},3C_20_80-03.txt,169.439,0.100,16.944,2,0.984,5.81,0.492,5.594,0.000
13,ec.gp.GPIndividual@421883203{-1127192803},3C_20_80-03.txt,169.439,0.100,16.944,2,4.875,28.77,2.438,5.594,0.000
13,ec.gp.GPIndividual@421883203{-1127192803},3C_20_80-01.txt,4.194,0.100,0.419,2,0.172,40.98,0.086,5.594,0.000
13,ec.gp.GPIndividual@421883203{-1127192803},3C_20_80-02.txt,35.738,0.100,3.574,4,4.969,139.03,1.242,5.594,0.000
13,ec.gp.GPIndividual@1925632143{1067662245},3C_20_50-02.txt,61.404,0.100,6.140,3,1.063,17.30,0.354,1.063,0.000
13,ec.gp.GPIndividual@1925632143{1067662245},3C_20_80-01.txt,4.194,0.100,0.419,2,0.344,81.95,0.172,1.063,0.000
13,ec.gp.GPIndividual@1925632143{1067662245},3C_20_50-03.txt,30.993,0.100,3.099,2,1.859,59.99,0.930,1.547,0.000
13,ec.gp.GPIndividual@1925632143{1067662245},3C_20_80-03.txt,169.439,0.100,16.944,3,2.453,14.48,0.818,1.547,0.000
13,ec.gp.GPIndividual@1925632143{1067662245},3C_20_66-01.txt,7.322,0.100,0.732,1,0.344,46.95,0.344,1.547,0.000
13,ec.gp.GPIndividual@1925632143{1067662245},3C_20_66-02.txt,154.245,0.100,15.424,4,18.234,118.22,4.559,5.984,0.000
13,ec.gp.GPIndividual@581252325{-811138522},3C_20_50-02.txt,61.404,0.100,6.140,2,2.453,39.95,1.227,2.453,0.000
13,ec.gp.GPIndividual@581252325{-811138522},3C_20_66-03.txt,118.340,0.100,11.834,4,8.063,68.13,2.016,6.172,0.000
13,ec.gp.GPIndividual@346461124{-1985201728},3C_20_50-02.txt,61.404,0.100,6.140,5,6.172,100.51,1.234,3.688,0.000
13,ec.gp.GPIndividual@346461124{-1985201728},3C_20_50-03.txt,30.993,0.100,3.099,3,4.500,145.20,1.500,4.344,0.000
13,ec.gp.GPIndividual@346461124{-1985201728},3C_20_80-01.txt,4.194,0.100,0.419,5,1.688,402.31,0.338,4.344,0.000
13,ec.gp.GPIndividual@346461124{-1985201728},3C_20_80-02.txt,35.738,0.100,3.574,3,2.531,70.83,0.844,4.344,0.000
13,ec.gp.GPIndividual@346461124{-1985201728},3C_20_50-03.txt,30.993,0.100,3.099,3,6.078,196.12,2.026,4.859,0.000
13,ec.gp.GPIndividual@346461124{-1985201728},3C_20_80-01.txt,4.194,0.100,0.419,1,0.172,40.98,0.172,4.859,0.000
13,ec.gp.GPIndividual@346461124{-1985201728},3C_20_80-02.txt,35.738,0.100,3.574,5,3.969,111.05,0.794,4.859,0.000
13,ec.gp.GPIndividual@346461124{-1985201728},3C_20_66-01.txt,7.322,0.100,0.732,5,1.313,179.25,0.263,4.859,0.000
13,ec.gp.GPIndividual@346461124{-1985201728},3C_20_80-02.txt,35.738,0.100,3.574,2,4.109,114.99,2.055,4.859,0.000
13,ec.gp.GPIndividual@166279303{-889931201},3C_20_50-02.txt,61.404,0.100,6.140,8,4.000,65.14,0.500,1.594,0.000
13,ec.gp.GPIndividual@166279303{-889931201},3C_20_80-03.txt,169.439,0.100,16.944,13,16.766,98.95,1.290,2.516,0.000
13,ec.gp.GPIndividual@166279303{-889931201},3C_20_50-03.txt,30.993,0.100,3.099,2,1.406,45.37,0.703,2.516,0.000
13,ec.gp.GPIndividual@166279303{-889931201},3C_20_66-02.txt,154.245,0.100,15.424,6,15.375,99.68,2.563,6.016,0.000
13,ec.gp.GPIndividual@1270705756{-1985201728},3C_20_50-02.txt,61.404,0.100,6.140,8,6.531,106.36,0.816,2.281,0.000
13,ec.gp.GPIndividual@1270705756{-1985201728},3C_20_80-03.txt,169.439,0.100,16.944,11,11.328,66.86,1.030,3.484,0.000
13,ec.gp.GPIndividual@1270705756{-1985201728},3C_20_80-03.txt,169.439,0.100,16.944,2,1.344,7.93,0.672,3.484,0.000
13,ec.gp.GPIndividual@1270705756{-1985201728},3C_20_66-03.txt,118.340,0.100,11.834,4,9.109,76.98,2.277,4.875,0.000
13,ec.gp.GPIndividual@1270705756{-1985201728},3C_20_66-01.txt,7.322,0.100,0.732,2,4.391,599.63,2.195,4.875,0.000
13,ec.gp.GPIndividual@1270705756{-1985201728},3C_20_66-01.txt,7.322,0.100,0.732,4,0.750,102.43,0.188,4.875,0.000
13,ec.gp.GPIndividual@1270705756{-1985201728},3C_20_66-02.txt,154.245,0.100,15.424,7,17.406,112.85,2.487,6.234,0.000
13,ec.gp.GPIndividual@888485815{372501072},3C_20_50-02.txt,61.404,0.100,6.140,4,5.000,81.43,1.250,3.094,0.000
13,ec.gp.GPIndividual@888485815{372501072},3C_20_50-03.txt,30.993,0.100,3.099,3,4.234,136.63,1.411,3.094,0.000
13,ec.gp.GPIndividual@586906152{-1984242477},3C_20_50-02.txt,61.404,0.100,6.140,11,6.531,106.36,0.594,1.703,0.000
13,ec.gp.GPIndividual@586906152{-1984242477},3C_20_66-03.txt,118.340,0.100,11.834,2,0.328,2.77,0.164,1.703,0.000
13,ec.gp.GPIndividual@586906152{-1984242477},3C_20_50-03.txt,30.993,0.100,3.099,5,1.766,56.97,0.353,1.703,0.000
13,ec.gp.GPIndividual@586906152{-1984242477},3C_20_66-02.txt,154.245,0.100,15.424,7,9.016,58.45,1.288,4.219,0.000
13,ec.gp.GPIndividual@586906152{-1984242477},3C_20_50-03.txt,30.993,0.100,3.099,8,3.016,97.30,0.377,4.219,0.000
13,ec.gp.GPIndividual@586906152{-1984242477},3C_20_66-03.txt,118.340,0.100,11.834,5,13.797,116.59,2.759,4.750,0.000
13,ec.gp.GPIndividual@586906152{-1984242477},3C_20_66-01.txt,7.322,0.100,0.732,2,3.906,533.48,1.953,4.750,0.000
13,ec.gp.GPIndividual@586906152{-1984242477},3C_20_80-01.txt,4.194,0.100,0.419,4,0.797,189.98,0.199,4.750,0.000
13,ec.gp.GPIndividual@586906152{-1984242477},3C_20_80-02.txt,35.738,0.100,3.574,5,2.906,81.32,0.581,4.750,0.000
13,ec.gp.GPIndividual@586906152{-1984242477},3C_20_80-01.txt,4.194,0.100,0.419,2,0.172,40.98,0.086,4.750,0.000
13,ec.gp.GPIndividual@586906152{-1984242477},3C_20_80-02.txt,35.738,0.100,3.574,3,4.094,114.55,1.365,4.750,0.000
13,ec.gp.GPIndividual@586906152{-1984242477},3C_20_66-01.txt,7.322,0.100,0.732,3,1.266,172.85,0.422,4.750,0.000
13,ec.gp.GPIndividual@586906152{-1984242477},3C_20_66-02.txt,154.245,0.100,15.424,10,13.906,90.16,1.391,4.875,0.000
13,ec.gp.GPIndividual@586906152{-1984242477},3C_20_66-02.txt,154.245,0.100,15.424,8,9.438,61.19,1.180,4.875,0.000
13,ec.gp.GPIndividual@586906152{-1984242477},3C_20_80-03.txt,169.439,0.100,16.944,5,8.719,51.46,1.744,4.875,0.000
13,ec.gp.GPIndividual@586906152{-1984242477},3C_20_66-01.txt,7.322,0.100,0.732,3,1.422,194.19,0.474,4.875,0.000
13,ec.gp.GPIndividual@586906152{-1984242477},3C_20_66-03.txt,118.340,0.100,11.834,2,1.391,11.75,0.695,4.875,0.000
13,ec.gp.GPIndividual@586906152{-1984242477},3C_20_80-03.txt,169.439,0.100,16.944,2,1.125,6.64,0.563,4.875,0.000
13,ec.gp.GPIndividual@586906152{-1984242477},3C_20_66-02.txt,154.245,0.100,15.424,6,16.969,110.01,2.828,5.984,0.000
13,ec.gp.GPIndividual@1548522487{-789720493},3C_20_50-02.txt,61.404,0.100,6.140,1,0.000,0.00,0.000,0.000,0.000
13,ec.gp.GPIndividual@1548522487{-789720493},3C_20_50-03.txt,30.993,0.100,3.099,1,0.000,0.00,0.000,0.000,0.000
13,ec.gp.GPIndividual@1548522487{-789720493},3C_20_66-01.txt,7.322,0.100,0.732,1,0.000,0.00,0.000,0.000,0.000
13,ec.gp.GPIndividual@1548522487{-789720493},3C_20_66-02.txt,154.245,0.100,15.424,1,0.000,0.00,0.000,0.000,0.000
13,ec.gp.GPIndividual@1548522487{-789720493},3C_20_66-03.txt,118.340,0.100,11.834,1,0.000,0.00,0.000,0.000,0.000
13,ec.gp.GPIndividual@1548522487{-789720493},3C_20_80-01.txt,4.194,0.100,0.419,1,0.000,0.00,0.000,0.000,0.000
13,ec.gp.GPIndividual@1548522487{-789720493},3C_20_80-02.txt,35.738,0.100,3.574,1,0.000,0.00,0.000,0.000,0.000
13,ec.gp.GPIndividual@1548522487{-789720493},3C_20_80-03.txt,169.439,0.100,16.944,1,0.000,0.00,0.000,0.000,0.000
13,ec.gp.GPIndividual@68290117{-259525628},3C_20_50-02.txt,61.404,0.100,6.140,0,0.000,0.00,0.000,0.000,0.000
13,ec.gp.GPIndividual@68290117{-259525628},3C_20_50-03.txt,30.993,0.100,3.099,0,0.000,0.00,0.000,0.000,0.000
13,ec.gp.GPIndividual@68290117{-259525628},3C_20_66-01.txt,7.322,0.100,0.732,0,0.000,0.00,0.000,0.000,0.000
13,ec.gp.GPIndividual@68290117{-259525628},3C_20_66-02.txt,154.245,0.100,15.424,0,0.000,0.00,0.000,0.000,0.000
13,ec.gp.GPIndividual@68290117{-259525628},3C_20_66-03.txt,118.340,0.100,11.834,0,0.000,0.00,0.000,0.000,0.000
13,ec.gp.GPIndividual@68290117{-259525628},3C_20_80-01.txt,4.194,0.100,0.419,0,0.000,0.00,0.000,0.000,0.000
13,ec.gp.GPIndividual@68290117{-259525628},3C_20_80-02.txt,35.738,0.100,3.574,0,0.000,0.00,0.000,0.000,0.000
13,ec.gp.GPIndividual@68290117{-259525628},3C_20_80-03.txt,169.439,0.100,16.944,0,0.000,0.00,0.000,0.000,0.000
13,ec.gp.GPIndividual@1873735115{700366102},3C_20_50-02.txt,61.404,0.100,6.140,2,6.203,101.02,3.102,4.766,1.438
13,ec.gp.GPIndividual@1873735115{700366102},3C_20_66-03.txt,118.340,0.100,11.834,8,12.109,102.33,1.514,5.813,0.000
13,ec.gp.GPIndividual@1873735115{700366102},3C_20_80-01.txt,4.194,0.100,0.419,7,2.078,495.44,0.297,5.813,0.000
13,ec.gp.GPIndividual@1873735115{700366102},3C_20_50-03.txt,30.993,0.100,3.099,4,3.313,106.88,0.828,5.813,0.000
13,ec.gp.GPIndividual@1114401589{-167449042},3C_20_50-02.txt,61.404,0.100,6.140,4,1.719,27.99,0.430,1.406,0.000
13,ec.gp.GPIndividual@1114401589{-167449042},3C_20_80-02.txt,35.738,0.100,3.574,3,4.109,114.99,1.370,3.641,0.000
13,ec.gp.GPIndividual@1114401589{-167449042},3C_20_66-03.txt,118.340,0.100,11.834,4,9.141,77.24,2.285,4.828,0.000
13,ec.gp.GPIndividual@1114401589{-167449042},3C_20_80-01.txt,4.194,0.100,0.419,2,1.563,372.51,0.781,4.828,0.000
13,ec.gp.GPIndividual@1114401589{-167449042},3C_20_80-03.txt,169.439,0.100,16.944,8,6.719,39.65,0.840,4.828,0.000
13,ec.gp.GPIndividual@1114401589{-167449042},3C_20_50-03.txt,30.993,0.100,3.099,4,3.156,101.84,0.789,4.828,0.000
13,ec.gp.GPIndividual@1114401589{-167449042},3C_20_80-01.txt,4.194,0.100,0.419,2,1.438,342.71,0.719,4.828,0.000
13,ec.gp.GPIndividual@1114401589{-167449042},3C_20_80-02.txt,35.738,0.100,3.574,5,7.531,210.73,1.506,4.906,0.000
13,ec.gp.GPIndividual@1114401589{-167449042},3C_20_66-01.txt,7.322,0.100,0.732,2,1.250,170.71,0.625,4.906,0.000
13,ec.gp.GPIndividual@1114401589{-167449042},3C_20_80-02.txt,35.738,0.100,3.574,7,6.609,184.94,0.944,4.906,0.000
13,ec.gp.GPIndividual@1114401589{-167449042},3C_20_66-01.txt,7.322,0.100,0.732,4,1.078,147.24,0.270,4.906,0.000
13,ec.gp.GPIndividual@1114401589{-167449042},3C_20_80-03.txt,169.439,0.100,16.944,9,10.250,60.49,1.139,6.266,0.000
13,ec.gp.GPIndividual@1114401589{-167449042},3C_20_66-02.txt,154.245,0.100,15.424,3,4.938,32.01,1.646,6.266,0.000
13,ec.gp.GPIndividual@1114401589{-167449042},3C_20_66-02.txt,154.245,0.100,15.424,5,5.375,34.85,1.075,6.266,0.000
13,ec.gp.GPIndividual@1783081139{-1060350747},3C_20_50-02.txt,61.404,0.100,6.140,2,0.859,14.00,0.430,0.859,0.000
13,ec.gp.GPIndividual@1783081139{-1060350747},3C_20_80-03.txt,169.439,0.100,16.944,10,18.281,107.89,1.828,5.688,0.000
13,ec.gp.GPIndividual@1783081139{-1060350747},3C_20_66-03.txt,118.340,0.100,11.834,1,0.156,1.32,0.156,5.688,0.000
13,ec.gp.GPIndividual@1783081139{-1060350747},3C_20_50-03.txt,30.993,0.100,3.099,8,4.156,134.10,0.520,5.688,0.000
13,ec.gp.GPIndividual@1783081139{-1060350747},3C_20_66-03.txt,118.340,0.100,11.834,5,11.938,100.87,2.388,6.141,0.000
13,ec.gp.GPIndividual@1079247212{986103753},3C_20_50-02.txt,61.404,0.100,6.140,8,8.578,139.70,1.072,4.828,0.000
13,ec.gp.GPIndividual@1079247212{986103753},3C_20_80-01.txt,4.194,0.100,0.419,2,4.172,994.61,2.086,4.828,0.000
13,ec.gp.GPIndividual@1079247212{986103753},3C_20_66-01.txt,7.322,0.100,0.732,2,1.641,224.06,0.820,4.828,0.000
13,ec.gp.GPIndividual@1079247212{986103753},3C_20_50-03.txt,30.993,0.100,3.099,3,4.984,160.82,1.661,4.828,0.000
13,ec.gp.GPIndividual@1079247212{986103753},3C_20_80-01.txt,4.194,0.100,0.419,3,5.156,1229.29,1.719,4.828,0.000
13,ec.gp.GPIndividual@1079247212{986103753},3C_20_66-02.txt,154.245,0.100,15.424,2,0.266,1.72,0.133,4.828,0.000
13,ec.gp.GPIndividual@1079247212{986103753},3C_20_80-01.txt,4.194,0.100,0.419,3,1.391,331.54,0.464,4.828,0.000
13,ec.gp.GPIndividual@1079247212{986103753},3C_20_80-02.txt,35.738,0.100,3.574,3,2.281,63.83,0.760,4.828,0.000
13,ec.gp.GPIndividual@1079247212{986103753},3C_20_80-02.txt,35.738,0.100,3.574,5,5.469,153.02,1.094,4.828,0.000
13,ec.gp.GPIndividual@1079247212{986103753},3C_20_66-03.txt,118.340,0.100,11.834,7,3.734,31.56,0.533,4.828,0.000
13,ec.gp.GPIndividual@1079247212{986103753},3C_20_80-02.txt,35.738,0.100,3.574,4,3.594,100.56,0.898,4.828,0.000
13,ec.gp.GPIndividual@1079247212{986103753},3C_20_80-03.txt,169.439,0.100,16.944,4,5.578,32.92,1.395,4.906,0.000
13,ec.gp.GPIndividual@1079247212{986103753},3C_20_80-03.txt,169.439,0.100,16.944,5,12.469,73.59,2.494,4.906,0.000
13,ec.gp.GPIndividual@1079247212{986103753},3C_20_66-01.txt,7.322,0.100,0.732,2,1.266,172.85,0.633,4.906,0.000
13,ec.gp.GPIndividual@1079247212{986103753},3C_20_80-03.txt,169.439,0.100,16.944,7,17.219,101.62,2.460,5.734,0.000
13,ec.gp.GPIndividual@1079247212{986103753},3C_20_80-01.txt,4.194,0.100,0.419,5,0.516,122.93,0.103,5.734,0.000
13,ec.gp.GPIndividual@1079247212{986103753},3C_20_80-02.txt,35.738,0.100,3.574,2,6.094,170.51,3.047,6.094,0.000
13,ec.gp.GPIndividual@775878797{-1609314986},3C_20_50-02.txt,61.404,0.100,6.140,7,6.156,100.26,0.879,1.594,0.000
13,ec.gp.GPIndividual@363258040{917948461},3C_20_50-02.txt,61.404,0.100,6.140,0,0.000,0.00,0.000,0.000,0.000
13,ec.gp.GPIndividual@363258040{917948461},3C_20_50-03.txt,30.993,0.100,3.099,0,0.000,0.00,0.000,0.000,0.000
13,ec.gp.GPIndividual@363258040{917948461},3C_20_66-01.txt,7.322,0.100,0.732,0,0.000,0.00,0.000,0.000,0.000
13,ec.gp.GPIndividual@363258040{917948461},3C_20_66-02.txt,154.245,0.100,15.424,0,0.000,0.00,0.000,0.000,0.000
13,ec.gp.GPIndividual@363258040{917948461},3C_20_66-03.txt,118.340,0.100,11.834,0,0.000,0.00,0.000,0.000,0.000
13,ec.gp.GPIndividual@363258040{917948461},3C_20_80-01.txt,4.194,0.100,0.419,0,0.000,0.00,0.000,0.000,0.000
13,ec.gp.GPIndividual@363258040{917948461},3C_20_80-02.txt,35.738,0.100,3.574,0,0.000,0.00,0.000,0.000,0.000
13,ec.gp.GPIndividual@363258040{917948461},3C_20_80-03.txt,169.439,0.100,16.944,0,0.000,0.00,0.000,0.000,0.000
13,ec.gp.GPIndividual@762651840{1757642170},3C_20_50-02.txt,61.404,0.100,6.140,4,6.359,103.57,1.590,4.734,0.000
13,ec.gp.GPIndividual@2028283038{1335160352},3C_20_50-02.txt,61.404,0.100,6.140,7,2.844,46.31,0.406,0.672,0.000
13,ec.gp.GPIndividual@2028283038{1335160352},3C_20_80-03.txt,169.439,0.100,16.944,2,0.500,2.95,0.250,0.672,0.000
13,ec.gp.GPIndividual@2028283038{1335160352},3C_20_80-03.txt,169.439,0.100,16.944,10,16.422,96.92,1.642,5.000,0.000
13,ec.gp.GPIndividual@1675647724{1765348228},3C_20_50-02.txt,61.404,0.100,6.140,3,6.156,100.26,2.052,5.969,0.000
13,ec.gp.GPIndividual@1675647724{1765348228},3C_20_50-03.txt,30.993,0.100,3.099,3,3.234,104.36,1.078,5.969,0.000
13,ec.gp.GPIndividual@705353070{1022755046},3C_20_50-02.txt,61.404,0.100,6.140,6,4.156,67.69,0.693,1.266,0.000
13,ec.gp.GPIndividual@705353070{1022755046},3C_20_50-03.txt,30.993,0.100,3.099,4,2.859,92.26,0.715,1.703,0.000
13,ec.gp.GPIndividual@705353070{1022755046},3C_20_50-03.txt,30.993,0.100,3.099,4,3.188,102.85,0.797,1.703,0.000
13,ec.gp.GPIndividual@705353070{1022755046},3C_20_66-01.txt,7.322,0.100,0.732,4,1.578,215.53,0.395,1.703,0.000
13,ec.gp.GPIndividual@705353070{1022755046},3C_20_66-01.txt,7.322,0.100,0.732,2,0.141,19.21,0.070,1.703,0.000
13,ec.gp.GPIndividual@705353070{1022755046},3C_20_66-01.txt,7.322,0.100,0.732,4,0.734,100.29,0.184,1.703,0.000
13,ec.gp.GPIndividual@705353070{1022755046},3C_20_66-02.txt,154.245,0.100,15.424,5,0.859,5.57,0.172,1.703,0.000
13,ec.gp.GPIndividual@705353070{1022755046},3C_20_66-02.txt,154.245,0.100,15.424,7,4.141,26.84,0.592,1.703,0.000
13,ec.gp.GPIndividual@705353070{1022755046},3C_20_66-02.txt,154.245,0.100,15.424,8,4.672,30.29,0.584,1.703,0.000
13,ec.gp.GPIndividual@705353070{1022755046},3C_20_66-03.txt,118.340,0.100,11.834,2,0.688,5.81,0.344,1.703,0.000
13,ec.gp.GPIndividual@705353070{1022755046},3C_20_66-03.txt,118.340,0.100,11.834,3,1.219,10.30,0.406,1.703,0.000
13,ec.gp.GPIndividual@705353070{1022755046},3C_20_66-03.txt,118.340,0.100,11.834,9,11.609,98.10,1.290,2.625,0.000
13,ec.gp.GPIndividual@705353070{1022755046},3C_20_80-01.txt,4.194,0.100,0.419,2,1.125,268.21,0.563,2.625,0.000
13,ec.gp.GPIndividual@705353070{1022755046},3C_20_80-01.txt,4.194,0.100,0.419,3,0.469,111.75,0.156,2.625,0.000
13,ec.gp.GPIndividual@705353070{1022755046},3C_20_80-02.txt,35.738,0.100,3.574,7,3.656,102.31,0.522,2.625,0.000
13,ec.gp.GPIndividual@705353070{1022755046},3C_20_80-01.txt,4.194,0.100,0.419,5,0.859,204.88,0.172,2.625,0.000
13,ec.gp.GPIndividual@705353070{1022755046},3C_20_80-03.txt,169.439,0.100,16.944,2,0.734,4.33,0.367,2.625,0.000
13,ec.gp.GPIndividual@705353070{1022755046},3C_20_80-02.txt,35.738,0.100,3.574,2,0.047,1.31,0.023,2.625,0.000
13,ec.gp.GPIndividual@705353070{1022755046},3C_20_80-02.txt,35.738,0.100,3.574,7,3.719,104.06,0.531,2.625,0.000
13,ec.gp.GPIndividual@705353070{1022755046},3C_20_80-03.txt,169.439,0.100,16.944,2,0.234,1.38,0.117,2.625,0.000
13,ec.gp.GPIndividual@705353070{1022755046},3C_20_80-03.txt,169.439,0.100,16.944,7,17.016,100.42,2.431,5.844,0.000
13,ec.gp.GPIndividual@107445995{2131265048},3C_20_50-02.txt,61.404,0.100,6.140,3,1.656,26.97,0.552,1.563,0.000
14,ec.gp.GPIndividual@2142535221{457903470},3C_20_50-02.txt,61.404,0.100,6.140,1,0.000,0.00,0.000,0.000,0.000
14,ec.gp.GPIndividual@2142535221{457903470},3C_20_50-03.txt,30.993,0.100,3.099,2,0.000,0.00,0.000,0.000,0.000
14,ec.gp.GPIndividual@2142535221{457903470},3C_20_66-01.txt,7.322,0.100,0.732,2,0.000,0.00,0.000,0.000,0.000
14,ec.gp.GPIndividual@2142535221{457903470},3C_20_66-02.txt,154.245,0.100,15.424,2,0.000,0.00,0.000,0.000,0.000
14,ec.gp.GPIndividual@2142535221{457903470},3C_20_66-03.txt,118.340,0.100,11.834,2,0.000,0.00,0.000,0.000,0.000
14,ec.gp.GPIndividual@2142535221{457903470},3C_20_80-01.txt,4.194,0.100,0.419,2,0.000,0.00,0.000,0.000,0.000
14,ec.gp.GPIndividual@2142535221{457903470},3C_20_80-02.txt,35.738,0.100,3.574,2,0.000,0.00,0.000,0.000,0.000
14,ec.gp.GPIndividual@2142535221{457903470},3C_20_80-03.txt,169.439,0.100,16.944,2,0.000,0.00,0.000,0.000,0.000
14,ec.gp.GPIndividual@1056499985{-1955699315},3C_20_50-02.txt,61.404,0.100,6.140,7,1.984,32.32,0.283,0.359,0.000
14,ec.gp.GPIndividual@1056499985{-1955699315},3C_20_50-03.txt,30.993,0.100,3.099,2,1.328,42.85,0.664,1.328,0.000
14,ec.gp.GPIndividual@1056499985{-1955699315},3C_20_66-01.txt,7.322,0.100,0.732,2,1.672,228.33,0.836,1.672,0.000
14,ec.gp.GPIndividual@1056499985{-1955699315},3C_20_50-03.txt,30.993,0.100,3.099,3,3.344,107.89,1.115,1.672,0.000
14,ec.gp.GPIndividual@1056499985{-1955699315},3C_20_50-03.txt,30.993,0.100,3.099,4,4.063,131.08,1.016,1.797,0.000
14,ec.gp.GPIndividual@1056499985{-1955699315},3C_20_50-03.txt,30.993,0.100,3.099,3,1.344,43.36,0.448,1.797,0.000
14,ec.gp.GPIndividual@1056499985{-1955699315},3C_20_50-03.txt,30.993,0.100,3.099,1,0.000,0.00,0.000,1.797,0.000
14,ec.gp.GPIndividual@1056499985{-1955699315},3C_20_66-02.txt,154.245,0.100,15.424,5,4.969,32.21,0.994,1.797,0.000
14,ec.gp.GPIndividual@1056499985{-1955699315},3C_20_50-03.txt,30.993,0.100,3.099,4,2.016,65.04,0.504,1.797,0.000
14,ec.gp.GPIndividual@1056499985{-1955699315},3C_20_66-01.txt,7.322,0.100,0.732,2,1.391,189.92,0.695,1.797,0.000
14,ec.gp.GPIndividual@1056499985{-1955699315},3C_20_66-01.txt,7.322,0.100,0.732,4,3.000,409.71,0.750,2.359,0.000
14,ec.gp.GPIndividual@1056499985{-1955699315},3C_20_66-03.txt,118.340,0.100,11.834,5,0.438,3.70,0.088,2.359,0.000
14,ec.gp.GPIndividual@1056499985{-1955699315},3C_20_66-02.txt,154.245,0.100,15.424,2,0.891,5.77,0.445,2.359,0.000
14,ec.gp.GPIndividual@1056499985{-1955699315},3C_20_66-02.txt,154.245,0.100,15.424,10,15.422,99.98,1.542,4.359,0.000
14,ec.gp.GPIndividual@1056499985{-1955699315},3C_20_66-01.txt,7.322,0.100,0.732,6,2.781,379.84,0.464,4.359,0.000
14,ec.gp.GPIndividual@1056499985{-1955699315},3C_20_66-03.txt,118.340,0.100,11.834,9,9.563,80.81,1.063,4.859,0.000
14,ec.gp.GPIndividual@1056499985{-1955699315},3C_20_80-01.txt,4.194,0.100,0.419,3,1.578,376.24,0.526,4.859,0.000
14,ec.gp.GPIndividual@1056499985{-1955699315},3C_20_66-03.txt,118.340,0.100,11.834,3,0.984,8.32,0.328,4.859,0.000
14,ec.gp.GPIndividual@1056499985{-1955699315},3C_20_66-02.txt,154.245,0.100,15.424,1,0.000,0.00,0.000,4.859,0.000
14,ec.gp.GPIndividual@1056499985{-1955699315},3C_20_80-02.txt,35.738,0.100,3.574,2,4.609,128.98,2.305,4.859,0.000
14,ec.gp.GPIndividual@1056499985{-1955699315},3C_20_66-01.txt,7.322,0.100,0.732,7,2.438,332.89,0.348,4.859,0.000
14,ec.gp.GPIndividual@1056499985{-1955699315},3C_20_66-02.txt,154.245,0.100,15.424,1,0.000,0.00,0.000,4.859,0.000
14,ec.gp.GPIndividual@1056499985{-1955699315},3C_20_80-03.txt,169.439,0.100,16.944,8,16.969,100.15,2.121,4.891,0.000
14,ec.gp.GPIndividual@1056499985{-1955699315},3C_20_80-01.txt,4.194,0.100,0.419,4,0.344,81.95,0.086,4.891,0.000
14,ec.gp.GPIndividual@1056499985{-1955699315},3C_20_80-02.txt,35.738,0.100,3.574,3,5.109,142.97,1.703,4.891,0.000
14,ec.gp.GPIndividual@1056499985{-1955699315},3C_20_80-01.txt,4.194,0.100,0.419,2,0.172,40.98,0.086,4.891,0.000
14,ec.gp.GPIndividual@1056499985{-1955699315},3C_20_80-02.txt,35.738,0.100,3.574,6,4.141,115.86,0.690,4.891,0.000
14,ec.gp.GPIndividual@1056499985{-1955699315},3C_20_80-03.txt,169.439,0.100,16.944,3,0.516,3.04,0.172,4.891,0.000
14,ec.gp.GPIndividual@1056499985{-1955699315},3C_20_66-03.txt,118.340,0.100,11.834,4,8.266,69.85,2.066,5.547,0.000
14,ec.gp.GPIndividual@1056499985{-1955699315},3C_20_66-01.txt,7.322,0.100,0.732,2,5.719,781.02,2.859,5.719,0.000
14,ec.gp.GPIndividual@1548491423{816265909},3C_20_50-02.txt,61.404,0.100,6.140,3,1.734,28.25,0.578,1.406,0.000
14,ec.gp.GPIndividual@1548491423{816265909},3C_20_66-03.txt,118.340,0.100,11.834,8,12.781,108.00,1.598,4.891,0.000
14,ec.gp.GPIndividual@1548491423{816265909},3C_20_80-01.txt,4.194,0.100,0.419,2,1.578,376.24,0.789,4.891,0.000
14,ec.gp.GPIndividual@1548491423{816265909},3C_20_80-03.txt,169.439,0.100,16.944,9,16.406,96.83,1.823,5.438,0.000
14,ec.gp.GPIndividual@1548491423{816265909},3C_20_66-02.txt,154.245,0.100,15.424,3,0.891,5.77,0.297,5.438,0.000
14,ec.gp.GPIndividual@1548491423{816265909},3C_20_80-02.txt,35.738,0.100,3.574,4,3.766,105.37,0.941,5.438,0.000
14,ec.gp.GPIndividual@1548491423{816265909},3C_20_50-03.txt,30.993,0.100,3.099,3,3.391,109.40,1.130,5.438,0.000
14,ec.gp.GPIndividual@1548491423{816265909},3C_20_66-03.txt,118.340,0.100,11.834,3,2.406,20.33,0.802,5.438,0.000
14,ec.gp.GPIndividual@1548491423{816265909},3C_20_80-01.txt,4.194,0.100,0.419,3,4.844,1154.79,1.615,5.438,0.000
14,ec.gp.GPIndividual@1595558362{-2147432239},3C_20_50-02.txt,61.404,0.100,6.140,6,7.484,121.89,1.247,5.672,0.000
14,ec.gp.GPIndividual@235842810{686250381},3C_20_50-02.txt,61.404,0.100,6.140,0,0.000,0.00,0.000,0.000,0.000
14,ec.gp.GPIndividual@235842810{686250381},3C_20_50-03.txt,30.993,0.100,3.099,0,0.000,0.00,0.000,0.000,0.000
14,ec.gp.GPIndividual@235842810{686250381},3C_20_66-01.txt,7.322,0.100,0.732,0,0.000,0.00,0.000,0.000,0.000
14,ec.gp.GPIndividual@235842810{686250381},3C_20_66-02.txt,154.245,0.100,15.424,0,0.000,0.00,0.000,0.000,0.000
14,ec.gp.GPIndividual@235842810{686250381},3C_20_66-03.txt,118.340,0.100,11.834,0,0.000,0.00,0.000,0.000,0.000
14,ec.gp.GPIndividual@235842810{686250381},3C_20_80-01.txt,4.194,0.100,0.419,0,0.000,0.00,0.000,0.000,0.000
14,ec.gp.GPIndividual@235842810{686250381},3C_20_80-02.txt,35.738,0.100,3.574,0,0.000,0.00,0.000,0.000,0.000
14,ec.gp.GPIndividual@235842810{686250381},3C_20_80-03.txt,169.439,0.100,16.944,0,0.000,0.00,0.000,0.000,0.000
14,ec.gp.GPIndividual@798645197{-1126507702},3C_20_50-02.txt,61.404,0.100,6.140,6,6.781,110.44,1.130,2.016,0.000
14,ec.gp.GPIndividual@798645197{-1126507702},3C_20_66-01.txt,7.322,0.100,0.732,2,1.047,142.97,0.523,2.016,0.000
14,ec.gp.GPIndividual@798645197{-1126507702},3C_20_80-03.txt,169.439,0.100,16.944,7,3.469,20.47,0.496,2.016,0.000
14,ec.gp.GPIndividual@798645197{-1126507702},3C_20_80-02.txt,35.738,0.100,3.574,3,5.938,166.14,1.979,4.906,0.000
14,ec.gp.GPIndividual@798645197{-1126507702},3C_20_80-01.txt,4.194,0.100,0.419,4,2.219,528.97,0.555,4.906,0.000
14,ec.gp.GPIndividual@798645197{-1126507702},3C_20_50-03.txt,30.993,0.100,3.099,3,3.906,126.04,1.302,4.906,0.000
14,ec.gp.GPIndividual@798645197{-1126507702},3C_20_50-03.txt,30.993,0.100,3.099,3,1.156,37.31,0.385,4.906,0.000
14,ec.gp.GPIndividual@798645197{-1126507702},3C_20_66-02.txt,154.245,0.100,15.424,10,11.766,76.28,1.177,4.906,0.000
14,ec.gp.GPIndividual@798645197{-1126507702},3C_20_80-03.txt,169.439,0.100,16.944,7,18.016,106.33,2.574,5.922,0.000
14,ec.gp.GPIndividual@798645197{-1126507702},3C_20_66-01.txt,7.322,0.100,0.732,5,0.719,98.16,0.144,5.922,0.000
14,ec.gp.GPIndividual@798645197{-1126507702},3C_20_66-02.txt,154.245,0.100,15.424,10,10.797,70.00,1.080,5.922,0.000
14,ec.gp.GPIndividual@518026681{-1212492696},3C_20_50-02.txt,61.404,0.100,6.140,5,10.344,168.45,2.069,5.734,0.000
14,ec.gp.GPIndividual@529223630{1697346527},3C_20_50-02.txt,61.404,0.100,6.140,9,4.891,79.65,0.543,1.922,0.000
14,ec.gp.GPIndividual@529223630{1697346527},3C_20_66-03.txt,118.340,0.100,11.834,2,1.359,11.49,0.680,1.922,0.000
14,ec.gp.GPIndividual@529223630{1697346527},3C_20_66-03.txt,118.340,0.100,11.834,2,3.688,31.16,1.844,3.688,0.000
14,ec.gp.GPIndividual@529223630{1697346527},3C_20_80-02.txt,35.738,0.100,3.574,3,3.641,101.87,1.214,3.688,0.000
14,ec.gp.GPIndividual@529223630{1697346527},3C_20_50-03.txt,30.993,0.100,3.099,2,5.797,187.04,2.898,5.797,0.000
14,ec.gp.GPIndividual@529223630{1697346527},3C_20_66-01.txt,7.322,0.100,0.732,3,2.250,307.29,0.750,5.797,0.000
14,ec.gp.GPIndividual@529223630{1697346527},3C_20_50-03.txt,30.993,0.100,3.099,7,5.766,186.03,0.824,5.797,0.000
14,ec.gp.GPIndividual@529223630{1697346527},3C_20_66-01.txt,7.322,0.100,0.732,5,1.375,187.79,0.275,5.797,0.000
14,ec.gp.GPIndividual@529223630{1697346527},3C_20_80-03.txt,169.439,0.100,16.944,6,0.438,2.58,0.073,5.797,0.000
14,ec.gp.GPIndividual@529223630{1697346527},3C_20_66-02.txt,154.245,0.100,15.424,3,5.594,36.27,1.865,5.797,0.000
14,ec.gp.GPIndividual@529223630{1697346527},3C_20_66-02.txt,154.245,0.100,15.424,11,15.281,99.07,1.389,5.797,0.000
14,ec.gp.GPIndividual@529223630{1697346527},3C_20_66-01.txt,7.322,0.100,0.732,2,1.250,170.71,0.625,5.797,0.000
14,ec.gp.GPIndividual@529223630{1697346527},3C_20_66-03.txt,118.340,0.100,11.834,10,17.375,146.82,1.738,5.953,0.000
14,ec.gp.GPIndividual@126482841{753425794},3C_20_50-02.txt,61.404,0.100,6.140,0,0.000,0.00,0.000,0.000,0.000
14,ec.gp.GPIndividual@126482841{753425794},3C_20_50-03.txt,30.993,0.100,3.099,0,0.000,0.00,0.000,0.000,0.000
14,ec.gp.GPIndividual@126482841{753425794},3C_20_66-01.txt,7.322,0.100,0.732,0,0.000,0.00,0.000,0.000,0.000
14,ec.gp.GPIndividual@126482841{753425794},3C_20_66-02.txt,154.245,0.100,15.424,0,0.000,0.00,0.000,0.000,0.000
14,ec.gp.GPIndividual@126482841{753425794},3C_20_66-03.txt,118.340,0.100,11.834,0,0.000,0.00,0.000,0.000,0.000
14,ec.gp.GPIndividual@126482841{753425794},3C_20_80-01.txt,4.194,0.100,0.419,0,0.000,0.00,0.000,0.000,0.000
14,ec.gp.GPIndividual@126482841{753425794},3C_20_80-02.txt,35.738,0.100,3.574,0,0.000,0.00,0.000,0.000,0.000
14,ec.gp.GPIndividual@126482841{753425794},3C_20_80-03.txt,169.439,0.100,16.944,0,0.000,0.00,0.000,0.000,0.000
14,ec.gp.GPIndividual@1588237173{-1224950877},3C_20_50-02.txt,61.404,0.100,6.140,3,0.172,2.80,0.057,0.172,0.000
14,ec.gp.GPIndividual@1588237173{-1224950877},3C_20_66-02.txt,154.245,0.100,15.424,3,0.969,6.28,0.323,0.641,0.000
14,ec.gp.GPIndividual@1588237173{-1224950877},3C_20_80-01.txt,4.194,0.100,0.419,3,1.813,432.11,0.604,1.500,0.000
14,ec.gp.GPIndividual@1588237173{-1224950877},3C_20_80-02.txt,35.738,0.100,3.574,6,4.469,125.04,0.745,2.375,0.000
14,ec.gp.GPIndividual@1588237173{-1224950877},3C_20_50-03.txt,30.993,0.100,3.099,3,3.156,101.84,1.052,2.375,0.000
14,ec.gp.GPIndividual@1588237173{-1224950877},3C_20_66-03.txt,118.340,0.100,11.834,11,11.984,101.27,1.089,4.734,0.000
14,ec.gp.GPIndividual@1588237173{-1224950877},3C_20_66-03.txt,118.340,0.100,11.834,9,5.766,48.72,0.641,4.734,0.000
14,ec.gp.GPIndividual@1588237173{-1224950877},3C_20_80-03.txt,169.439,0.100,16.944,3,8.094,47.77,2.698,4.781,0.000
14,ec.gp.GPIndividual@1588237173{-1224950877},3C_20_80-01.txt,4.194,0.100,0.419,6,8.906,2123.32,1.484,4.781,0.000
14,ec.gp.GPIndividual@1588237173{-1224950877},3C_20_80-01.txt,4.194,0.100,0.419,2,0.141,33.53,0.070,4.781,0.000
14,ec.gp.GPIndividual@1588237173{-1224950877},3C_20_80-02.txt,35.738,0.100,3.574,2,4.859,135.97,2.430,4.859,0.000
14,ec.gp.GPIndividual@1588237173{-1224950877},3C_20_80-01.txt,4.194,0.100,0.419,4,0.531,126.65,0.133,4.859,0.000
14,ec.gp.GPIndividual@1588237173{-1224950877},3C_20_80-01.txt,4.194,0.100,0.419,4,0.531,126.65,0.133,4.859,0.000
14,ec.gp.GPIndividual@1588237173{-1224950877},3C_20_80-02.txt,35.738,0.100,3.574,5,3.875,108.43,0.775,4.859,0.000
14,ec.gp.GPIndividual@1588237173{-1224950877},3C_20_80-02.txt,35.738,0.100,3.574,4,2.000,55.96,0.500,4.859,0.000
14,ec.gp.GPIndividual@1588237173{-1224950877},3C_20_66-02.txt,154.245,0.100,15.424,18,17.422,112.95,0.968,5.734,0.000
14,ec.gp.GPIndividual@1588237173{-1224950877},3C_20_66-03.txt,118.340,0.100,11.834,2,2.172,18.35,1.086,5.734,0.000
14,ec.gp.GPIndividual@1588237173{-1224950877},3C_20_80-03.txt,169.439,0.100,16.944,15,24.203,142.84,1.614,5.734,0.000
14,ec.gp.GPIndividual@1540171229{1916683031},3C_20_50-02.txt,61.404,0.100,6.140,4,5.172,84.23,1.293,4.672,0.000
14,ec.gp.GPIndividual@1540171229{1916683031},3C_20_80-03.txt,169.439,0.100,16.944,3,0.844,4.98,0.281,4.672,0.000
14,ec.gp.GPIndividual@1540171229{1916683031},3C_20_80-03.txt,169.439,0.100,16.944,8,11.109,65.57,1.389,5.594,0.000
14,ec.gp.GPIndividual@1540171229{1916683031},3C_20_80-01.txt,4.194,0.100,0.419,4,0.516,122.93,0.129,5.594,0.000
14,ec.gp.GPIndividual@1540171229{1916683031},3C_20_80-02.txt,35.738,0.100,3.574,2,4.141,115.86,2.070,5.594,0.000
14,ec.gp.GPIndividual@1310415221{-982626878},3C_20_50-02.txt,61.404,0.100,6.140,2,2.641,43.00,1.320,2.641,0.000
14,ec.gp.GPIndividual@1310415221{-982626878},3C_20_50-03.txt,30.993,0.100,3.099,7,10.078,325.18,1.440,6.172,0.000
14,ec.gp.GPIndividual@1228231910{-1300877901},3C_20_50-02.txt,61.404,0.100,6.140,2,6.172,100.51,3.086,6.172,0.000
14,ec.gp.GPIndividual@1224216445{1810555076},3C_20_50-02.txt,61.404,0.100,6.140,7,1.938,31.55,0.277,1.172,0.000
14,ec.gp.GPIndividual@1224216445{1810555076},3C_20_50-03.txt,30.993,0.100,3.099,4,7.250,233.93,1.813,6.469,0.000
14,ec.gp.GPIndividual@1224216445{1810555076},3C_20_80-01.txt,4.194,0.100,0.419,3,0.500,119.20,0.167,6.469,0.000
14,ec.gp.GPIndividual@1224216445{1810555076},3C_20_80-02.txt,35.738,0.100,3.574,6,4.719,132.04,0.786,6.469,0.000
14,ec.gp.GPIndividual@1224216445{1810555076},3C_20_50-03.txt,30.993,0.100,3.099,1,0.000,0.00,0.000,6.469,0.000
14,ec.gp.GPIndividual@1224216445{1810555076},3C_20_66-01.txt,7.322,0.100,0.732,2,0.469,64.02,0.234,6.469,0.000
14,ec.gp.GPIndividual@1224216445{1810555076},3C_20_50-03.txt,30.993,0.100,3.099,5,5.266,169.90,1.053,6.469,0.000
14,ec.gp.GPIndividual@1224216445{1810555076},3C_20_66-01.txt,7.322,0.100,0.732,6,1.844,251.80,0.307,6.469,0.000
14,ec.gp.GPIndividual@1224216445{1810555076},3C_20_66-02.txt,154.245,0.100,15.424,1,0.000,0.00,0.000,6.469,0.000
14,ec.gp.GPIndividual@1224216445{1810555076},3C_20_66-01.txt,7.322,0.100,0.732,4,0.859,117.37,0.215,6.469,0.000
14,ec.gp.GPIndividual@1224216445{1810555076},3C_20_80-03.txt,169.439,0.100,16.944,7,2.234,13.19,0.319,6.469,0.000
14,ec.gp.GPIndividual@1224216445{1810555076},3C_20_66-02.txt,154.245,0.100,15.424,4,4.422,28.67,1.105,6.469,0.000
14,ec.gp.GPIndividual@1224216445{1810555076},3C_20_66-03.txt,118.340,0.100,11.834,5,6.953,58.76,1.391,6.469,0.000
14,ec.gp.GPIndividual@1224216445{1810555076},3C_20_66-02.txt,154.245,0.100,15.424,7,19.047,123.48,2.721,6.469,0.000
14,ec.gp.GPIndividual@1224216445{1810555076},3C_20_80-03.txt,169.439,0.100,16.944,5,5.094,30.06,1.019,6.469,0.000
14,ec.gp.GPIndividual@1224216445{1810555076},3C_20_80-01.txt,4.194,0.100,0.419,3,1.359,324.09,0.453,6.469,0.000
14,ec.gp.GPIndividual@1224216445{1810555076},3C_20_66-03.txt,118.340,0.100,11.834,3,1.906,16.11,0.635,6.469,0.000
14,ec.gp.GPIndividual@1065125238{-2135765481},3C_20_50-02.txt,61.404,0.100,6.140,2,0.453,7.38,0.227,0.453,0.000
14,ec.gp.GPIndividual@1065125238{-2135765481},3C_20_80-02.txt,35.738,0.100,3.574,3,5.922,165.70,1.974,4.641,0.000
14,ec.gp.GPIndividual@1065125238{-2135765481},3C_20_66-01.txt,7.322,0.100,0.732,3,1.719,234.73,0.573,4.641,0.000
14,ec.gp.GPIndividual@1065125238{-2135765481},3C_20_66-02.txt,154.245,0.100,15.424,5,2.938,19.04,0.588,4.641,0.000
14,ec.gp.GPIndividual@1065125238{-2135765481},3C_20_80-03.txt,169.439,0.100,16.944,3,0.484,2.86,0.161,4.641,0.000
14,ec.gp.GPIndividual@1065125238{-2135765481},3C_20_50-03.txt,30.993,0.100,3.099,3,2.078,67.05,0.693,4.641,0.000
14,ec.gp.GPIndividual@1065125238{-2135765481},3C_20_66-03.txt,118.340,0.100,11.834,5,14.094,119.10,2.819,5.813,0.000
14,ec.gp.GPIndividual@219925926{624995507},3C_20_50-02.txt,61.404,0.100,6.140,7,6.266,102.04,0.895,1.641,0.000
14,ec.gp.GPIndividual@219925926{624995507},3C_20_50-03.txt,30.993,0.100,3.099,1,0.703,22.69,0.703,1.641,0.000
14,ec.gp.GPIndividual@219925926{624995507},3C_20_66-03.txt,118.340,0.100,11.834,2,1.250,10.56,0.625,1.641,0.000
14,ec.gp.GPIndividual@219925926{624995507},3C_20_80-01.txt,4.194,0.100,0.419,4,6.250,1490.05,1.563,5.766,0.000
14,ec.gp.GPIndividual@1795667725{1557885637},3C_20_50-02.txt,61.404,0.100,6.140,6,10.922,177.87,1.820,4.828,0.000
14,ec.gp.GPIndividual@1795667725{1557885637},3C_20_80-01.txt,4.194,0.100,0.419,1,0.000,0.00,0.000,4.828,0.000
14,ec.gp.GPIndividual@1795667725{1557885637},3C_20_66-01.txt,7.322,0.100,0.732,5,2.203,300.88,0.441,4.828,0.000
14,ec.gp.GPIndividual@1795667725{1557885637},3C_20_80-02.txt,35.738,0.100,3.574,1,0.000,0.00,0.000,4.828,0.000
14,ec.gp.GPIndividual@1795667725{1557885637},3C_20_66-01.txt,7.322,0.100,0.732,3,1.500,204.86,0.500,4.828,0.000
14,ec.gp.GPIndividual@1795667725{1557885637},3C_20_80-02.txt,35.738,0.100,3.574,1,0.000,0.00,0.000,4.828,0.000
14,ec.gp.GPIndividual@1795667725{1557885637},3C_20_66-02.txt,154.245,0.100,15.424,4,3.281,21.27,0.820,4.828,0.000
14,ec.gp.GPIndividual@1795667725{1557885637},3C_20_50-03.txt,30.993,0.100,3.099,1,0.000,0.00,0.000,4.828,0.000
14,ec.gp.GPIndividual@1795667725{1557885637},3C_20_66-02.txt,154.245,0.100,15.424,8,15.641,101.40,1.955,4.891,0.000
14,ec.gp.GPIndividual@1795667725{1557885637},3C_20_66-03.txt,118.340,0.100,11.834,1,2.422,20.47,2.422,4.891,0.000
14,ec.gp.GPIndividual@1795667725{1557885637},3C_20_66-03.txt,118.340,0.100,11.834,2,0.484,4.09,0.242,4.891,0.000
14,ec.gp.GPIndividual@1795667725{1557885637},3C_20_80-03.txt,169.439,0.100,16.944,5,4.563,26.93,0.913,4.891,0.000
14,ec.gp.GPIndividual@1795667725{1557885637},3C_20_80-03.txt,169.439,0.100,16.944,7,19.766,116.65,2.824,5.797,0.000
14,ec.gp.GPIndividual@655370863{-146529885},3C_20_50-02.txt,61.404,0.100,6.140,5,7.375,120.11,1.475,5.609,0.000
14,ec.gp.GPIndividual@655370863{-146529885},3C_20_80-01.txt,4.194,0.100,0.419,5,0.516,122.93,0.103,5.609,0.000
14,ec.gp.GPIndividual@655370863{-146529885},3C_20_80-02.txt,35.738,0.100,3.574,2,4.500,125.92,2.250,5.609,0.000
14,ec.gp.GPIndividual@655370863{-146529885},3C_20_66-01.txt,7.322,0.100,0.732,3,3.453,471.60,1.151,5.609,0.000
14,ec.gp.GPIndividual@655370863{-146529885},3C_20_80-01.txt,4.194,0.100,0.419,2,2.000,476.82,1.000,5.609,0.000
14,ec.gp.GPIndividual@655370863{-146529885},3C_20_50-03.txt,30.993,0.100,3.099,7,8.641,278.80,1.234,6.203,0.000
14,ec.gp.GPIndividual@655370863{-146529885},3C_20_80-02.txt,35.738,0.100,3.574,0,0.000,0.00,0.000,6.203,0.000
14,ec.gp.GPIndividual@655370863{-146529885},3C_20_80-01.txt,4.194,0.100,0.419,3,1.766,420.94,0.589,6.203,0.000
14,ec.gp.GPIndividual@655370863{-146529885},3C_20_80-03.txt,169.439,0.100,16.944,3,2.375,14.02,0.792,6.203,0.000
14,ec.gp.GPIndividual@655370863{-146529885},3C_20_80-02.txt,35.738,0.100,3.574,9,3.656,102.31,0.406,6.203,0.000
14,ec.gp.GPIndividual@1932977787{-1985201728},3C_20_50-02.txt,61.404,0.100,6.140,4,2.000,32.57,0.500,1.172,0.000
14,ec.gp.GPIndividual@1932977787{-1985201728},3C_20_80-03.txt,169.439,0.100,16.944,2,1.781,10.51,0.891,1.469,0.000
14,ec.gp.GPIndividual@1932977787{-1985201728},3C_20_80-03.txt,169.439,0.100,16.944,5,4.266,25.17,0.853,1.781,0.000
14,ec.gp.GPIndividual@1932977787{-1985201728},3C_20_66-02.txt,154.245,0.100,15.424,12,15.500,100.49,1.292,5.375,0.000
14,ec.gp.GPIndividual@1932977787{-1985201728},3C_20_66-03.txt,118.340,0.100,11.834,2,1.422,12.02,0.711,5.375,0.000
14,ec.gp.GPIndividual@1932977787{-1985201728},3C_20_50-03.txt,30.993,0.100,3.099,2,6.063,195.61,3.031,6.063,0.000
14,ec.gp.GPIndividual@1352692508{851375502},3C_20_50-02.txt,61.404,0.100,6.140,4,6.547,106.62,1.637,6.016,0.000
14,ec.gp.GPIndividual@800025598{-484725613},3C_20_50-02.txt,61.404,0.100,6.140,2,0.219,3.56,0.109,0.219,0.000
14,ec.gp.GPIndividual@800025598{-484725613},3C_20_50-03.txt,30.993,0.100,3.099,2,4.984,160.82,2.492,4.984,0.000
14,ec.gp.GPIndividual@315521821{1251047636},3C_20_50-02.txt,61.404,0.100,6.140,3,3.719,60.56,1.240,3.563,0.000
14,ec.gp.GPIndividual@195751449{-418997849},3C_20_50-02.txt,61.404,0.100,6.140,2,1.484,24.17,0.742,1.328,0.156
14,ec.gp.GPIndividual@195751449{-418997849},3C_20_66-01.txt,7.322,0.100,0.732,2,0.766,104.56,0.383,1.328,0.000
14,ec.gp.GPIndividual@195751449{-418997849},3C_20_50-03.txt,30.993,0.100,3.099,3,1.047,33.78,0.349,1.328,0.000
14,ec.gp.GPIndividual@195751449{-418997849},3C_20_66-02.txt,154.245,0.100,15.424,5,3.250,21.07,0.650,1.328,0.000
14,ec.gp.GPIndividual@195751449{-418997849},3C_20_66-03.txt,118.340,0.100,11.834,2,0.703,5.94,0.352,1.328,0.000
14,ec.gp.GPIndividual@195751449{-418997849},3C_20_50-03.txt,30.993,0.100,3.099,5,3.688,118.98,0.738,1.750,0.000
14,ec.gp.GPIndividual@195751449{-418997849},3C_20_66-01.txt,7.322,0.100,0.732,3,2.703,369.17,0.901,2.406,0.000
14,ec.gp.GPIndividual@195751449{-418997849},3C_20_80-01.txt,4.194,0.100,0.419,4,0.250,59.60,0.063,2.406,0.000
14,ec.gp.GPIndividual@195751449{-418997849},3C_20_66-02.txt,154.245,0.100,15.424,4,0.531,3.44,0.133,2.406,0.000
14,ec.gp.GPIndividual@195751449{-418997849},3C_20_80-02.txt,35.738,0.100,3.574,5,4.063,113.67,0.813,2.406,0.000
14,ec.gp.GPIndividual@195751449{-418997849},3C_20_66-01.txt,7.322,0.100,0.732,4,1.500,204.86,0.375,2.406,0.000
14,ec.gp.GPIndividual@195751449{-418997849},3C_20_66-03.txt,118.340,0.100,11.834,2,0.047,0.40,0.023,2.406,0.000
14,ec.gp.GPIndividual@195751449{-418997849},3C_20_80-03.txt,169.439,0.100,16.944,17,15.359,90.65,0.903,2.969,0.000
14,ec.gp.GPIndividual@195751449{-418997849},3C_20_80-01.txt,4.194,0.100,0.419,2,0.516,122.93,0.258,2.969,0.000
14,ec.gp.GPIndividual@195751449{-418997849},3C_20_66-02.txt,154.245,0.100,15.424,4,5.828,37.78,1.457,5.188,0.000
14,ec.gp.GPIndividual@1780458746{25136661},3C_20_50-02.txt,61.404,0.100,6.140,9,6.391,104.07,0.710,1.609,0.000
14,ec.gp.GPIndividual@1780458746{25136661},3C_20_80-02.txt,35.738,0.100,3.574,8,3.125,87.44,0.391,1.609,0.000
14,ec.gp.GPIndividual@1780458746{25136661},3C_20_80-03.txt,169.439,0.100,16.944,6,1.656,9.77,0.276,1.609,0.000
14,ec.gp.GPIndividual@1780458746{25136661},3C_20_66-03.txt,118.340,0.100,11.834,5,11.938,100.87,2.388,4.266,0.000
14,ec.gp.GPIndividual@1780458746{25136661},3C_20_50-03.txt,30.993,0.100,3.099,2,3.297,106.38,1.648,4.266,0.000
14,ec.gp.GPIndividual@253663552{-703547724},3C_20_50-02.txt,61.404,0.100,6.140,7,6.625,107.89,0.946,1.781,0.000
14,ec.gp.GPIndividual@253663552{-703547724},3C_20_80-01.txt,4.194,0.100,0.419,1,0.953,227.23,0.953,1.781,0.000
14,ec.gp.GPIndividual@253663552{-703547724},3C_20_66-01.txt,7.322,0.100,0.732,6,1.297,177.12,0.216,1.781,0.000
14,ec.gp.GPIndividual@253663552{-703547724},3C_20_50-03.txt,30.993,0.100,3.099,1,0.000,0.00,0.000,1.781,0.000
14,ec.gp.GPIndividual@253663552{-703547724},3C_20_66-02.txt,154.245,0.100,15.424,10,8.688,56.32,0.869,1.781,0.000
14,ec.gp.GPIndividual@253663552{-703547724},3C_20_66-03.txt,118.340,0.100,11.834,11,11.000,92.95,1.000,3.063,0.000
14,ec.gp.GPIndividual@253663552{-703547724},3C_20_66-01.txt,7.322,0.100,0.732,6,1.500,204.86,0.250,3.063,0.000
14,ec.gp.GPIndividual@253663552{-703547724},3C_20_80-01.txt,4.194,0.100,0.419,8,0.547,130.38,0.068,3.063,0.000
14,ec.gp.GPIndividual@253663552{-703547724},3C_20_66-02.txt,154.245,0.100,15.424,1,0.000,0.00,0.000,3.063,0.000
14,ec.gp.GPIndividual@253663552{-703547724},3C_20_80-02.txt,35.738,0.100,3.574,2,3.859,107.99,1.930,3.859,0.000
14,ec.gp.GPIndividual@253663552{-703547724},3C_20_80-02.txt,35.738,0.100,3.574,5,3.844,107.55,0.769,3.859,0.000
14,ec.gp.GPIndividual@253663552{-703547724},3C_20_80-03.txt,169.439,0.100,16.944,5,0.641,3.78,0.128,3.859,0.000
14,ec.gp.GPIndividual@253663552{-703547724},3C_20_66-03.txt,118.340,0.100,11.834,10,11.719,99.03,1.172,3.859,0.000
14,ec.gp.GPIndividual@253663552{-703547724},3C_20_80-03.txt,169.439,0.100,16.944,2,1.172,6.92,0.586,3.859,0.000
14,ec.gp.GPIndividual@253663552{-703547724},3C_20_80-01.txt,4.194,0.100,0.419,2,3.078,733.85,1.539,3.859,0.000
14,ec.gp.GPIndividual@2119927869{-1245257573},3C_20_50-02.txt,61.404,0.100,6.140,0,0.000,0.00,0.000,0.000,0.000
14,ec.gp.GPIndividual@2119927869{-1245257573},3C_20_50-03.txt,30.993,0.100,3.099,0,0.000,0.00,0.000,0.000,0.000
14,ec.gp.GPIndividual@2119927869{-1245257573},3C_20_66-01.txt,7.322,0.100,0.732,0,0.000,0.00,0.000,0.000,0.000
14,ec.gp.GPIndividual@2119927869{-1245257573},3C_20_66-02.txt,154.245,0.100,15.424,0,0.000,0.00,0.000,0.000,0.000
14,ec.gp.GPIndividual@2119927869{-1245257573},3C_20_66-03.txt,118.340,0.100,11.834,0,0.000,0.00,0.000,0.000,0.000
14,ec.gp.GPIndividual@2119927869{-1245257573},3C_20_80-01.txt,4.194,0.100,0.419,0,0.000,0.00,0.000,0.000,0.000
14,ec.gp.GPIndividual@2119927869{-1245257573},3C_20_80-02.txt,35.738,0.100,3.574,0,0.000,0.00,0.000,0.000,0.000
14,ec.gp.GPIndividual@2119927869{-1245257573},3C_20_80-03.txt,169.439,0.100,16.944,0,0.000,0.00,0.000,0.000,0.000
14,ec.gp.GPIndividual@932087057{2011391261},3C_20_50-02.txt,61.404,0.100,6.140,8,3.344,54.45,0.418,0.797,0.000
14,ec.gp.GPIndividual@932087057{2011391261},3C_20_50-03.txt,30.993,0.100,3.099,3,1.734,55.96,0.578,1.734,0.000
14,ec.gp.GPIndividual@932087057{2011391261},3C_20_80-03.txt,169.439,0.100,16.944,8,12.922,76.26,1.615,5.734,0.000
15,ec.gp.GPIndividual@433359464{-804157050},null,0.000,0.100,0.000,0,0.000,0.00,0.000,0.000,0.000
15,ec.gp.GPIndividual@1819242017{262594909},3C_20_50-02.txt,61.404,0.100,6.140,2,0.000,0.00,0.000,0.000,0.000
15,ec.gp.GPIndividual@1819242017{262594909},3C_20_66-01.txt,7.322,0.100,0.732,0,0.000,0.00,0.000,0.000,0.000
15,ec.gp.GPIndividual@1819242017{262594909},3C_20_66-02.txt,154.245,0.100,15.424,0,0.000,0.00,0.000,0.000,0.000
15,ec.gp.GPIndividual@1819242017{262594909},3C_20_66-03.txt,118.340,0.100,11.834,0,0.000,0.00,0.000,0.000,0.000
15,ec.gp.GPIndividual@1819242017{262594909},3C_20_80-01.txt,4.194,0.100,0.419,0,0.000,0.00,0.000,0.000,0.000
15,ec.gp.GPIndividual@1819242017{262594909},3C_20_80-02.txt,35.738,0.100,3.574,0,0.000,0.00,0.000,0.000,0.000
15,ec.gp.GPIndividual@1819242017{262594909},3C_20_80-03.txt,169.439,0.100,16.944,0,0.000,0.00,0.000,0.000,0.000
15,ec.gp.GPIndividual@620590159{1136969057},3C_20_50-02.txt,61.404,0.100,6.140,13,8.703,141.73,0.669,1.656,0.000
15,ec.gp.GPIndividual@620590159{1136969057},3C_20_50-03.txt,30.993,0.100,3.099,1,0.000,0.00,0.000,1.656,0.000
15,ec.gp.GPIndividual@620590159{1136969057},3C_20_50-03.txt,30.993,0.100,3.099,3,3.391,109.40,1.130,1.734,0.000
15,ec.gp.GPIndividual@620590159{1136969057},3C_20_50-03.txt,30.993,0.100,3.099,4,0.344,11.09,0.086,1.734,0.000
15,ec.gp.GPIndividual@620590159{1136969057},3C_20_50-03.txt,30.993,0.100,3.099,9,6.000,193.59,0.667,1.734,0.000
15,ec.gp.GPIndividual@620590159{1136969057},3C_20_66-01.txt,7.322,0.100,0.732,7,3.125,426.79,0.446,1.734,0.000
15,ec.gp.GPIndividual@620590159{1136969057},3C_20_50-03.txt,30.993,0.100,3.099,9,1.641,52.94,0.182,1.734,0.000
15,ec.gp.GPIndividual@620590159{1136969057},3C_20_50-03.txt,30.993,0.100,3.099,15,5.672,183.01,0.378,1.734,0.000
15,ec.gp.GPIndividual@620590159{1136969057},3C_20_66-01.txt,7.322,0.100,0.732,7,1.469,200.59,0.210,1.734,0.000
15,ec.gp.GPIndividual@620590159{1136969057},3C_20_66-02.txt,154.245,0.100,15.424,8,1.531,9.93,0.191,1.734,0.000
15,ec.gp.GPIndividual@620590159{1136969057},3C_20_66-01.txt,7.322,0.100,0.732,3,1.328,181.38,0.443,1.734,0.000
15,ec.gp.GPIndividual@620590159{1136969057},3C_20_66-01.txt,7.322,0.100,0.732,7,1.250,170.71,0.179,1.734,0.000
15,ec.gp.GPIndividual@620590159{1136969057},3C_20_66-02.txt,154.245,0.100,15.424,8,15.813,102.52,1.977,4.391,0.000
15,ec.gp.GPIndividual@620590159{1136969057},3C_20_66-01.txt,7.322,0.100,0.732,2,1.188,162.18,0.594,4.391,0.000
15,ec.gp.GPIndividual@620590159{1136969057},3C_20_66-03.txt,118.340,0.100,11.834,9,13.719,115.93,1.524,5.422,0.000
15,ec.gp.GPIndividual@620590159{1136969057},3C_20_66-02.txt,154.245,0.100,15.424,3,5.766,37.38,1.922,5.766,0.000
15,ec.gp.GPIndividual@620590159{1136969057},3C_20_66-02.txt,154.245,0.100,15.424,2,1.406,9.12,0.703,5.766,0.000
15,ec.gp.GPIndividual@620590159{1136969057},3C_20_66-03.txt,118.340,0.100,11.834,5,4.391,37.10,0.878,5.766,0.000
15,ec.gp.GPIndividual@620590159{1136969057},3C_20_66-01.txt,7.322,0.100,0.732,6,5.281,721.27,0.880,5.766,0.000
15,ec.gp.GPIndividual@620590159{1136969057},3C_20_66-02.txt,154.245,0.100,15.424,2,1.203,7.80,0.602,5.766,0.000
15,ec.gp.GPIndividual@620590159{1136969057},3C_20_66-02.txt,154.245,0.100,15.424,10,17.938,116.29,1.794,5.766,0.000
15,ec.gp.GPIndividual@620590159{1136969057},3C_20_80-01.txt,4.194,0.100,0.419,4,5.438,1296.34,1.359,5.766,0.000
15,ec.gp.GPIndividual@620590159{1136969057},3C_20_80-01.txt,4.194,0.100,0.419,2,1.141,271.93,0.570,5.766,0.000
15,ec.gp.GPIndividual@620590159{1136969057},3C_20_66-03.txt,118.340,0.100,11.834,3,0.125,1.06,0.042,5.766,0.000
15,ec.gp.GPIndividual@620590159{1136969057},3C_20_66-03.txt,118.340,0.100,11.834,15,11.844,100.08,0.790,5.766,0.000
15,ec.gp.GPIndividual@620590159{1136969057},3C_20_80-02.txt,35.738,0.100,3.574,4,3.891,108.86,0.973,5.766,0.000
15,ec.gp.GPIndividual@620590159{1136969057},3C_20_80-02.txt,35.738,0.100,3.574,8,12.609,352.83,1.576,5.766,0.000
15,ec.gp.GPIndividual@620590159{1136969057},3C_20_80-01.txt,4.194,0.100,0.419,2,1.016,242.13,0.508,5.766,0.000
15,ec.gp.GPIndividual@620590159{1136969057},3C_20_66-03.txt,118.340,0.100,11.834,10,2.156,18.22,0.216,5.766,0.000
15,ec.gp.GPIndividual@620590159{1136969057},3C_20_66-03.txt,118.340,0.100,11.834,7,6.750,57.04,0.964,5.766,0.000
15,ec.gp.GPIndividual@620590159{1136969057},3C_20_80-03.txt,169.439,0.100,16.944,7,17.000,100.33,2.429,5.766,0.000
15,ec.gp.GPIndividual@620590159{1136969057},3C_20_80-01.txt,4.194,0.100,0.419,7,1.547,368.79,0.221,5.766,0.000
15,ec.gp.GPIndividual@620590159{1136969057},3C_20_80-03.txt,169.439,0.100,16.944,10,18.719,110.47,1.872,6.031,0.000
15,ec.gp.GPIndividual@1700820031{-1766421983},3C_20_50-02.txt,61.404,0.100,6.140,7,4.875,79.39,0.696,1.734,0.000
15,ec.gp.GPIndividual@1700820031{-1766421983},3C_20_80-01.txt,4.194,0.100,0.419,7,2.141,510.34,0.306,1.734,0.000
15,ec.gp.GPIndividual@1700820031{-1766421983},3C_20_50-03.txt,30.993,0.100,3.099,4,4.281,138.14,1.070,2.563,0.000
15,ec.gp.GPIndividual@1700820031{-1766421983},3C_20_80-02.txt,35.738,0.100,3.574,1,0.000,0.00,0.000,2.563,0.000
15,ec.gp.GPIndividual@1700820031{-1766421983},3C_20_80-02.txt,35.738,0.100,3.574,2,5.766,161.33,2.883,5.766,0.000
15,ec.gp.GPIndividual@1506019118{907184886},3C_20_50-02.txt,61.404,0.100,6.140,5,8.203,133.59,1.641,5.219,0.000
15,ec.gp.GPIndividual@1506019118{907184886},3C_20_80-01.txt,4.194,0.100,0.419,4,0.516,122.93,0.129,5.219,0.000
15,ec.gp.GPIndividual@1506019118{907184886},3C_20_80-02.txt,35.738,0.100,3.574,8,4.969,139.03,0.621,5.219,0.000
15,ec.gp.GPIndividual@1506019118{907184886},3C_20_80-03.txt,169.439,0.100,16.944,12,17.422,102.82,1.452,5.219,0.000
15,ec.gp.GPIndividual@1506019118{907184886},3C_20_80-02.txt,35.738,0.100,3.574,3,5.484,153.46,1.828,5.219,0.000
15,ec.gp.GPIndividual@1506019118{907184886},3C_20_66-01.txt,7.322,0.100,0.732,9,1.688,230.46,0.188,5.219,0.000
15,ec.gp.GPIndividual@1506019118{907184886},3C_20_80-03.txt,169.439,0.100,16.944,9,18.563,109.55,2.063,5.938,0.000
15,ec.gp.GPIndividual@1819171589{1843308425},3C_20_50-02.txt,61.404,0.100,6.140,2,0.344,5.60,0.172,0.344,0.000
15,ec.gp.GPIndividual@1819171589{1843308425},3C_20_66-02.txt,154.245,0.100,15.424,3,0.859,5.57,0.286,0.859,0.000
15,ec.gp.GPIndividual@1819171589{1843308425},3C_20_80-03.txt,169.439,0.100,16.944,2,2.828,16.69,1.414,2.828,0.000
15,ec.gp.GPIndividual@1819171589{1843308425},3C_20_50-03.txt,30.993,0.100,3.099,9,3.141,101.33,0.349,2.828,0.000
15,ec.gp.GPIndividual@1819171589{1843308425},3C_20_66-01.txt,7.322,0.100,0.732,2,0.688,93.89,0.344,2.828,0.000
15,ec.gp.GPIndividual@1819171589{1843308425},3C_20_50-03.txt,30.993,0.100,3.099,7,9.000,290.39,1.286,5.906,0.000
15,ec.gp.GPIndividual@1857998997{1014926013},3C_20_50-02.txt,61.404,0.100,6.140,4,0.156,2.54,0.039,0.156,0.000
15,ec.gp.GPIndividual@1857998997{1014926013},3C_20_66-03.txt,118.340,0.100,11.834,3,6.234,52.68,2.078,6.234,0.000
15,ec.gp.GPIndividual@1857998997{1014926013},3C_20_80-03.txt,169.439,0.100,16.944,11,21.891,129.19,1.990,6.234,0.000
15,ec.gp.GPIndividual@1857998997{1014926013},3C_20_66-02.txt,154.245,0.100,15.424,3,4.953,32.11,1.651,6.234,0.000
15,ec.gp.GPIndividual@1857998997{1014926013},3C_20_50-03.txt,30.993,0.100,3.099,4,2.125,68.56,0.531,6.234,0.000
15,ec.gp.GPIndividual@344802321{-757869109},3C_20_50-02.txt,61.404,0.100,6.140,4,8.484,138.17,2.121,6.547,0.000
15,ec.gp.GPIndividual@973476734{-333829674},3C_20_50-02.txt,61.404,0.100,6.140,8,7.500,122.14,0.938,2.609,0.000
15,ec.gp.GPIndividual@973476734{-333829674},3C_20_50-03.txt,30.993,0.100,3.099,6,6.703,216.28,1.117,4.141,0.000
15,ec.gp.GPIndividual@973476734{-333829674},3C_20_80-01.txt,4.194,0.100,0.419,3,0.516,122.93,0.172,4.141,0.000
15,ec.gp.GPIndividual@973476734{-333829674},3C_20_50-03.txt,30.993,0.100,3.099,5,5.469,176.45,1.094,4.484,0.000
15,ec.gp.GPIndividual@973476734{-333829674},3C_20_66-01.txt,7.322,0.100,0.732,4,2.984,407.58,0.746,4.484,0.000
15,ec.gp.GPIndividual@973476734{-333829674},3C_20_66-01.txt,7.322,0.100,0.732,8,1.938,264.61,0.242,4.484,0.000
15,ec.gp.GPIndividual@973476734{-333829674},3C_20_80-02.txt,35.738,0.100,3.574,2,0.938,26.23,0.469,4.484,0.000
15,ec.gp.GPIndividual@973476734{-333829674},3C_20_66-03.txt,118.340,0.100,11.834,3,1.563,13.20,0.521,4.484,0.000
15,ec.gp.GPIndividual@973476734{-333829674},3C_20_66-02.txt,154.245,0.100,15.424,16,15.484,100.39,0.968,4.484,0.000
15,ec.gp.GPIndividual@973476734{-333829674},3C_20_66-01.txt,7.322,0.100,0.732,3,5.203,710.60,1.734,4.859,0.000
15,ec.gp.GPIndividual@973476734{-333829674},3C_20_80-01.txt,4.194,0.100,0.419,2,1.188,283.11,0.594,4.859,0.000
15,ec.gp.GPIndividual@973476734{-333829674},3C_20_80-03.txt,169.439,0.100,16.944,13,15.656,92.40,1.204,5.406,0.000
15,ec.gp.GPIndividual@973476734{-333829674},3C_20_66-03.txt,118.340,0.100,11.834,10,11.031,93.22,1.103,5.406,0.000
15,ec.gp.GPIndividual@973476734{-333829674},3C_20_66-02.txt,154.245,0.100,15.424,7,15.484,100.39,2.212,6.109,0.000
15,ec.gp.GPIndividual@973476734{-333829674},3C_20_80-01.txt,4.194,0.100,0.419,5,4.578,1091.46,0.916,6.109,0.000
15,ec.gp.GPIndividual@973476734{-333829674},3C_20_66-02.txt,154.245,0.100,15.424,2,0.156,1.01,0.078,6.109,0.000
15,ec.gp.GPIndividual@973476734{-333829674},3C_20_80-02.txt,35.738,0.100,3.574,6,4.891,136.85,0.815,6.109,0.000
15,ec.gp.GPIndividual@973476734{-333829674},3C_20_80-02.txt,35.738,0.100,3.574,8,5.125,143.40,0.641,6.109,0.000
15,ec.gp.GPIndividual@973476734{-333829674},3C_20_66-03.txt,118.340,0.100,11.834,7,7.328,61.92,1.047,6.109,0.000
15,ec.gp.GPIndividual@1876648669{1837935673},3C_20_50-02.txt,61.404,0.100,6.140,3,1.938,31.55,0.646,1.500,0.000
15,ec.gp.GPIndividual@1876648669{1837935673},3C_20_80-03.txt,169.439,0.100,16.944,3,1.313,7.75,0.438,1.500,0.000
15,ec.gp.GPIndividual@1876648669{1837935673},3C_20_66-03.txt,118.340,0.100,11.834,9,7.219,61.00,0.802,3.344,0.000
15,ec.gp.GPIndividual@1876648669{1837935673},3C_20_66-01.txt,7.322,0.100,0.732,10,3.000,409.71,0.300,3.344,0.000
15,ec.gp.GPIndividual@1876648669{1837935673},3C_20_80-03.txt,169.439,0.100,16.944,6,18.875,111.40,3.146,5.813,0.000
15,ec.gp.GPIndividual@812165815{-1370574868},3C_20_50-02.txt,61.404,0.100,6.140,8,7.219,117.56,0.902,3.172,0.000
15,ec.gp.GPIndividual@812165815{-1370574868},3C_20_50-03.txt,30.993,0.100,3.099,8,4.766,153.77,0.596,3.172,0.000
15,ec.gp.GPIndividual@812165815{-1370574868},3C_20_66-02.txt,154.245,0.100,15.424,1,0.000,0.00,0.000,3.172,0.000
15,ec.gp.GPIndividual@812165815{-1370574868},3C_20_50-03.txt,30.993,0.100,3.099,7,7.734,249.56,1.105,4.922,0.000
15,ec.gp.GPIndividual@812165815{-1370574868},3C_20_80-01.txt,4.194,0.100,0.419,8,3.016,718.95,0.377,4.922,0.000
15,ec.gp.GPIndividual@812165815{-1370574868},3C_20_80-02.txt,35.738,0.100,3.574,2,6.172,172.70,3.086,6.172,0.000
15,ec.gp.GPIndividual@182552397{280916195},3C_20_50-02.txt,61.404,0.100,6.140,8,9.031,147.08,1.129,2.328,0.000
15,ec.gp.GPIndividual@182552397{280916195},3C_20_80-01.txt,4.194,0.100,0.419,7,0.844,201.16,0.121,2.328,0.000
15,ec.gp.GPIndividual@182552397{280916195},3C_20_66-01.txt,7.322,0.100,0.732,2,1.156,157.91,0.578,2.328,0.000
15,ec.gp.GPIndividual@182552397{280916195},3C_20_66-03.txt,118.340,0.100,11.834,17,10.047,84.90,0.591,2.547,0.000
15,ec.gp.GPIndividual@182552397{280916195},3C_20_50-03.txt,30.993,0.100,3.099,2,3.234,104.36,1.617,2.547,0.000
15,ec.gp.GPIndividual@182552397{280916195},3C_20_80-02.txt,35.738,0.100,3.574,6,4.328,121.11,0.721,2.547,0.000
15,ec.gp.GPIndividual@182552397{280916195},3C_20_66-01.txt,7.322,0.100,0.732,0,0.000,0.00,0.000,2.547,0.000
15,ec.gp.GPIndividual@182552397{280916195},3C_20_80-03.txt,169.439,0.100,16.944,9,7.078,41.77,0.786,3.953,0.000
15,ec.gp.GPIndividual@182552397{280916195},3C_20_66-02.txt,154.245,0.100,15.424,6,11.734,76.08,1.956,4.875,0.000
15,ec.gp.GPIndividual@182552397{280916195},3C_20_66-02.txt,154.245,0.100,15.424,12,16.109,104.44,1.342,4.875,0.000
15,ec.gp.GPIndividual@182552397{280916195},3C_20_66-03.txt,118.340,0.100,11.834,4,1.172,9.90,0.293,4.875,0.000
15,ec.gp.GPIndividual@182552397{280916195},3C_20_66-03.txt,118.340,0.100,11.834,0,0.000,0.00,0.000,4.875,0.000
15,ec.gp.GPIndividual@182552397{280916195},3C_20_80-01.txt,4.194,0.100,0.419,1,5.984,1426.72,5.984,5.984,0.000
15,ec.gp.GPIndividual@2031190476{1454887025},3C_20_50-02.txt,61.404,0.100,6.140,8,6.734,109.67,0.842,3.625,0.000
15,ec.gp.GPIndividual@2031190476{1454887025},3C_20_66-01.txt,7.322,0.100,0.732,2,1.813,247.54,0.906,3.625,0.000
15,ec.gp.GPIndividual@2031190476{1454887025},3C_20_50-03.txt,30.993,0.100,3.099,9,4.156,134.10,0.462,3.625,0.000
15,ec.gp.GPIndividual@2031190476{1454887025},3C_20_80-02.txt,35.738,0.100,3.574,10,5.953,166.58,0.595,3.625,0.000
15,ec.gp.GPIndividual@2031190476{1454887025},3C_20_80-03.txt,169.439,0.100,16.944,0,0.000,0.00,0.000,3.625,0.000
15,ec.gp.GPIndividual@779875055{-1767453996},3C_20_50-02.txt,61.404,0.100,6.140,3,4.516,73.54,1.505,4.516,0.000
15,ec.gp.GPIndividual@779875055{-1767453996},3C_20_66-02.txt,154.245,0.100,15.424,16,18.922,122.67,1.183,4.766,0.000
15,ec.gp.GPIndividual@779875055{-1767453996},3C_20_66-01.txt,7.322,0.100,0.732,2,1.438,196.32,0.719,4.766,0.000
15,ec.gp.GPIndividual@779875055{-1767453996},3C_20_66-03.txt,118.340,0.100,11.834,9,14.688,124.11,1.632,6.328,0.000
15,ec.gp.GPIndividual@779875055{-1767453996},3C_20_80-03.txt,169.439,0.100,16.944,2,1.828,10.79,0.914,6.328,0.000
15,ec.gp.GPIndividual@779875055{-1767453996},3C_20_50-03.txt,30.993,0.100,3.099,3,1.484,47.89,0.495,6.328,0.000
15,ec.gp.GPIndividual@779875055{-1767453996},3C_20_66-02.txt,154.245,0.100,15.424,9,16.203,105.05,1.800,6.328,0.000
15,ec.gp.GPIndividual@779875055{-1767453996},3C_20_66-03.txt,118.340,0.100,11.834,9,12.094,102.20,1.344,6.328,0.000
15,ec.gp.GPIndividual@779875055{-1767453996},3C_20_80-01.txt,4.194,0.100,0.419,3,4.672,1113.81,1.557,6.328,0.000
15,ec.gp.GPIndividual@779875055{-1767453996},3C_20_66-01.txt,7.322,0.100,0.732,8,0.969,132.30,0.121,6.328,0.000
15,ec.gp.GPIndividual@779875055{-1767453996},3C_20_80-02.txt,35.738,0.100,3.574,2,0.156,4.37,0.078,6.328,0.000
15,ec.gp.GPIndividual@779875055{-1767453996},3C_20_66-02.txt,154.245,0.100,15.424,12,15.172,98.36,1.264,6.328,0.000
15,ec.gp.GPIndividual@1542558128{-1985201728},3C_20_50-02.txt,61.404,0.100,6.140,10,6.203,101.02,0.620,2.609,0.000
15,ec.gp.GPIndividual@1542558128{-1985201728},3C_20_66-03.txt,118.340,0.100,11.834,15,12.688,107.21,0.846,4.688,0.000
15,ec.gp.GPIndividual@1542558128{-1985201728},3C_20_80-01.txt,4.194,0.100,0.419,6,2.094,499.17,0.349,4.688,0.000
15,ec.gp.GPIndividual@1542558128{-1985201728},3C_20_50-03.txt,30.993,0.100,3.099,9,3.609,116.46,0.401,4.688,0.000
15,ec.gp.GPIndividual@1542558128{-1985201728},3C_20_80-03.txt,169.439,0.100,16.944,18,16.844,99.41,0.936,4.828,0.000
15,ec.gp.GPIndividual@1542558128{-1985201728},3C_20_80-01.txt,4.194,0.100,0.419,4,1.219,290.56,0.305,4.828,0.000
15,ec.gp.GPIndividual@1542558128{-1985201728},3C_20_80-02.txt,35.738,0.100,3.574,2,4.250,118.92,2.125,4.828,0.000
15,ec.gp.GPIndividual@1542558128{-1985201728},3C_20_80-01.txt,4.194,0.100,0.419,4,4.703,1121.26,1.176,4.828,0.000
15,ec.gp.GPIndividual@1542558128{-1985201728},3C_20_66-01.txt,7.322,0.100,0.732,7,1.594,217.66,0.228,4.828,0.000
15,ec.gp.GPIndividual@1542558128{-1985201728},3C_20_80-02.txt,35.738,0.100,3.574,10,10.250,286.81,1.025,6.016,0.000
15,ec.gp.GPIndividual@878120293{-257680194},3C_20_50-02.txt,61.404,0.100,6.140,5,6.375,103.82,1.275,3.938,0.000
15,ec.gp.GPIndividual@1642832995{-1339474233},3C_20_50-02.txt,61.404,0.100,6.140,6,3.688,60.05,0.615,2.094,0.000
15,ec.gp.GPIndividual@1642832995{-1339474233},3C_20_80-03.txt,169.439,0.100,16.944,10,13.000,76.72,1.300,4.531,0.000
15,ec.gp.GPIndividual@1642832995{-1339474233},3C_20_50-03.txt,30.993,0.100,3.099,3,3.266,105.37,1.089,4.531,0.000
15,ec.gp.GPIndividual@1642832995{-1339474233},3C_20_50-03.txt,30.993,0.100,3.099,4,5.000,161.33,1.250,4.531,0.000
15,ec.gp.GPIndividual@1642832995{-1339474233},3C_20_80-01.txt,4.194,0.100,0.419,2,0.422,100.58,0.211,4.531,0.000
15,ec.gp.GPIndividual@1642832995{-1339474233},3C_20_66-01.txt,7.322,0.100,0.732,3,1.516,206.99,0.505,4.531,0.000
15,ec.gp.GPIndividual@1642832995{-1339474233},3C_20_66-01.txt,7.322,0.100,0.732,3,4.984,680.72,1.661,4.625,0.000
15,ec.gp.GPIndividual@1642832995{-1339474233},3C_20_66-02.txt,154.245,0.100,15.424,1,0.000,0.00,0.000,4.625,0.000
15,ec.gp.GPIndividual@1938626470{86758209},3C_20_50-02.txt,61.404,0.100,6.140,3,0.922,15.01,0.307,0.922,0.000
15,ec.gp.GPIndividual@1938626470{86758209},3C_20_80-03.txt,169.439,0.100,16.944,14,10.922,64.46,0.780,1.734,0.000
15,ec.gp.GPIndividual@1938626470{86758209},3C_20_66-02.txt,154.245,0.100,15.424,3,3.063,19.85,1.021,1.906,0.000
15,ec.gp.GPIndividual@1938626470{86758209},3C_20_66-03.txt,118.340,0.100,11.834,5,12.078,102.06,2.416,4.516,0.000
15,ec.gp.GPIndividual@1938626470{86758209},3C_20_50-03.txt,30.993,0.100,3.099,5,2.781,89.74,0.556,4.516,0.000
15,ec.gp.GPIndividual@1938626470{86758209},3C_20_66-03.txt,118.340,0.100,11.834,5,4.250,35.91,0.850,4.516,0.000
15,ec.gp.GPIndividual@1529476275{537762254},3C_20_50-02.txt,61.404,0.100,6.140,3,0.516,8.40,0.172,0.516,0.000
15,ec.gp.GPIndividual@1529476275{537762254},3C_20_80-02.txt,35.738,0.100,3.574,3,5.188,145.15,1.729,4.828,0.000
15,ec.gp.GPIndividual@1529476275{537762254},3C_20_80-01.txt,4.194,0.100,0.419,2,1.469,350.16,0.734,4.828,0.000
15,ec.gp.GPIndividual@1529476275{537762254},3C_20_80-03.txt,169.439,0.100,16.944,9,8.156,48.14,0.906,4.828,0.000
15,ec.gp.GPIndividual@1529476275{537762254},3C_20_80-02.txt,35.738,0.100,3.574,2,4.641,129.85,2.320,4.828,0.000
15,ec.gp.GPIndividual@1529476275{537762254},3C_20_80-01.txt,4.194,0.100,0.419,3,0.422,100.58,0.141,4.828,0.000
15,ec.gp.GPIndividual@1529476275{537762254},3C_20_80-02.txt,35.738,0.100,3.574,4,3.625,101.43,0.906,4.828,0.000
15,ec.gp.GPIndividual@1529476275{537762254},3C_20_80-03.txt,169.439,0.100,16.944,2,0.719,4.24,0.359,4.828,0.000
15,ec.gp.GPIndividual@1529476275{537762254},3C_20_50-03.txt,30.993,0.100,3.099,2,4.656,150.24,2.328,4.828,0.000
15,ec.gp.GPIndividual@551470871{-1985201728},3C_20_50-02.txt,61.404,0.100,6.140,6,8.125,132.32,1.354,4.078,0.000
15,ec.gp.GPIndividual@551470871{-1985201728},3C_20_66-01.txt,7.322,0.100,0.732,8,1.844,251.80,0.230,4.078,0.000
15,ec.gp.GPIndividual@551470871{-1985201728},3C_20_50-03.txt,30.993,0.100,3.099,3,0.953,30.75,0.318,4.078,0.000
15,ec.gp.GPIndividual@551470871{-1985201728},3C_20_80-03.txt,169.439,0.100,16.944,11,21.563,127.26,1.960,5.000,0.000
15,ec.gp.GPIndividual@1901468176{-1196239714},3C_20_50-02.txt,61.404,0.100,6.140,7,7.047,114.76,1.007,3.594,0.000
15,ec.gp.GPIndividual@1671659674{1549881029},3C_20_50-02.txt,61.404,0.100,6.140,4,1.781,29.01,0.445,1.563,0.000
15,ec.gp.GPIndividual@928496459{-1985201728},3C_20_50-02.txt,61.404,0.100,6.140,4,3.234,52.67,0.809,3.016,0.000
15,ec.gp.GPIndividual@928496459{-1985201728},3C_20_80-01.txt,4.194,0.100,0.419,3,1.375,327.81,0.458,3.016,0.000
15,ec.gp.GPIndividual@928496459{-1985201728},3C_20_80-03.txt,169.439,0.100,16.944,17,15.109,89.17,0.889,3.438,0.000
15,ec.gp.GPIndividual@928496459{-1985201728},3C_20_50-03.txt,30.993,0.100,3.099,4,1.969,63.52,0.492,3.438,0.000
15,ec.gp.GPIndividual@876196945{1856760549},3C_20_50-02.txt,61.404,0.100,6.140,5,8.938,145.55,1.788,4.000,0.000
15,ec.gp.GPIndividual@876196945{1856760549},3C_20_80-02.txt,35.738,0.100,3.574,4,1.609,45.03,0.402,4.000,0.000
15,ec.gp.GPIndividual@876196945{1856760549},3C_20_50-03.txt,30.993,0.100,3.099,5,2.734,88.23,0.547,4.000,0.000
15,ec.gp.GPIndividual@876196945{1856760549},3C_20_80-03.txt,169.439,0.100,16.944,7,5.406,31.91,0.772,4.000,0.000
15,ec.gp.GPIndividual@876196945{1856760549},3C_20_50-03.txt,30.993,0.100,3.099,3,4.969,160.32,1.656,4.000,0.000
15,ec.gp.GPIndividual@876196945{1856760549},3C_20_66-01.txt,7.322,0.100,0.732,5,1.000,136.57,0.200,4.000,0.000
15,ec.gp.GPIndividual@876196945{1856760549},3C_20_66-01.txt,7.322,0.100,0.732,1,0.000,0.00,0.000,4.000,0.000
15,ec.gp.GPIndividual@876196945{1856760549},3C_20_66-02.txt,154.245,0.100,15.424,9,11.453,74.25,1.273,4.000,0.000
15,ec.gp.GPIndividual@876196945{1856760549},3C_20_66-02.txt,154.245,0.100,15.424,8,9.531,61.79,1.191,4.359,0.000
15,ec.gp.GPIndividual@393304457{223865982},3C_20_50-02.txt,61.404,0.100,6.140,8,6.172,100.51,0.771,1.875,0.000
15,ec.gp.GPIndividual@393304457{223865982},3C_20_66-03.txt,118.340,0.100,11.834,1,1.078,9.11,1.078,1.875,0.000
15,ec.gp.GPIndividual@393304457{223865982},3C_20_50-03.txt,30.993,0.100,3.099,4,0.813,26.22,0.203,1.875,0.000
15,ec.gp.GPIndividual@393304457{223865982},3C_20_66-03.txt,118.340,0.100,11.834,6,11.328,95.73,1.888,3.828,0.000
15,ec.gp.GPIndividual@393304457{223865982},3C_20_66-01.txt,7.322,0.100,0.732,2,3.531,482.27,1.766,3.828,0.000
15,ec.gp.GPIndividual@393304457{223865982},3C_20_80-01.txt,4.194,0.100,0.419,3,2.938,700.32,0.979,3.828,0.000
15,ec.gp.GPIndividual@393304457{223865982},3C_20_66-01.txt,7.322,0.100,0.732,7,0.875,119.50,0.125,3.828,0.000
15,ec.gp.GPIndividual@393304457{223865982},3C_20_66-02.txt,154.245,0.100,15.424,7,1.734,11.24,0.248,3.828,0.000
15,ec.gp.GPIndividual@393304457{223865982},3C_20_66-02.txt,154.245,0.100,15.424,14,12.203,79.12,0.872,3.828,0.000
15,ec.gp.GPIndividual@393304457{223865982},3C_20_66-03.txt,118.340,0.100,11.834,5,4.109,34.73,0.822,3.828,0.000
15,ec.gp.GPIndividual@393304457{223865982},3C_20_80-02.txt,35.738,0.100,3.574,3,3.578,100.12,1.193,3.828,0.000
15,ec.gp.GPIndividual@393304457{223865982},3C_20_80-01.txt,4.194,0.100,0.419,4,0.438,104.30,0.109,3.828,0.000
15,ec.gp.GPIndividual@393304457{223865982},3C_20_80-02.txt,35.738,0.100,3.574,5,3.438,96.19,0.688,3.828,0.000
15,ec.gp.GPIndividual@393304457{223865982},3C_20_80-03.txt,169.439,0.100,16.944,13,16.922,99.87,1.302,4.469,0.000
15,ec.gp.GPIndividual@393304457{223865982},3C_20_80-03.txt,169.439,0.100,16.944,3,0.578,3.41,0.193,4.469,0.000
15,ec.gp.GPIndividual@1036047164{-1985201728},3C_20_50-02.txt,61.404,0.100,6.140,5,6.328,103.06,1.266,2.984,0.000
15,ec.gp.GPIndividual@1036047164{-1985201728},3C_20_50-03.txt,30.993,0.100,3.099,2,0.344,11.09,0.172,2.984,0.000
15,ec.gp.GPIndividual@1036047164{-1985201728},3C_20_66-03.txt,118.340,0.100,11.834,6,11.922,100.74,1.987,3.406,0.000
15,ec.gp.GPIndividual@2097891736{-771366047},3C_20_50-02.txt,61.404,0.100,6.140,5,8.063,131.30,1.613,4.234,0.000
15,ec.gp.GPIndividual@2097891736{-771366047},3C_20_80-01.txt,4.194,0.100,0.419,5,1.281,305.46,0.256,4.234,0.000
15,ec.gp.GPIndividual@2097891736{-771366047},3C_20_50-03.txt,30.993,0.100,3.099,6,2.766,89.24,0.461,4.234,0.000
15,ec.gp.GPIndividual@2097891736{-771366047},3C_20_80-01.txt,4.194,0.100,0.419,3,0.891,212.33,0.297,4.234,0.000
15,ec.gp.GPIndividual@2097891736{-771366047},3C_20_80-02.txt,35.738,0.100,3.574,5,0.781,21.86,0.156,4.234,0.000
15,ec.gp.GPIndividual@2097891736{-771366047},3C_20_66-01.txt,7.322,0.100,0.732,3,1.594,217.66,0.531,4.234,0.000
15,ec.gp.GPIndividual@2097891736{-771366047},3C_20_66-01.txt,7.322,0.100,0.732,5,0.781,106.70,0.156,4.234,0.000
15,ec.gp.GPIndividual@2097891736{-771366047},3C_20_80-02.txt,35.738,0.100,3.574,9,3.609,101.00,0.401,4.234,0.000
15,ec.gp.GPIndividual@2097891736{-771366047},3C_20_80-03.txt,169.439,0.100,16.944,4,1.688,9.96,0.422,4.234,0.000
15,ec.gp.GPIndividual@2097891736{-771366047},3C_20_66-02.txt,154.245,0.100,15.424,3,0.344,2.23,0.115,4.234,0.000
15,ec.gp.GPIndividual@2097891736{-771366047},3C_20_66-02.txt,154.245,0.100,15.424,14,14.156,91.78,1.011,4.234,0.000
15,ec.gp.GPIndividual@2097891736{-771366047},3C_20_66-03.txt,118.340,0.100,11.834,5,2.156,18.22,0.431,4.234,0.000
15,ec.gp.GPIndividual@2097891736{-771366047},3C_20_66-03.txt,118.340,0.100,11.834,6,13.609,115.00,2.268,4.297,0.000
15,ec.gp.GPIndividual@2097891736{-771366047},3C_20_80-03.txt,169.439,0.100,16.944,6,7.172,42.33,1.195,4.297,0.000
15,ec.gp.GPIndividual@2097891736{-771366047},3C_20_80-01.txt,4.194,0.100,0.419,6,0.438,104.30,0.073,4.297,0.000
15,ec.gp.GPIndividual@2097891736{-771366047},3C_20_80-02.txt,35.738,0.100,3.574,3,4.656,130.29,1.552,4.297,0.000
15,ec.gp.GPIndividual@587729968{2115292768},3C_20_50-02.txt,61.404,0.100,6.140,7,7.828,127.48,1.118,4.375,0.000
15,ec.gp.GPIndividual@587729968{2115292768},3C_20_80-01.txt,4.194,0.100,0.419,5,0.328,78.23,0.066,4.375,0.000
15,ec.gp.GPIndividual@587729968{2115292768},3C_20_80-02.txt,35.738,0.100,3.574,2,5.188,145.15,2.594,5.188,0.000
15,ec.gp.GPIndividual@740028475{-570884465},3C_20_50-02.txt,61.404,0.100,6.140,0,0.000,0.00,0.000,0.000,0.000
15,ec.gp.GPIndividual@740028475{-570884465},3C_20_50-03.txt,30.993,0.100,3.099,0,0.000,0.00,0.000,0.000,0.000
15,ec.gp.GPIndividual@740028475{-570884465},3C_20_66-01.txt,7.322,0.100,0.732,0,0.000,0.00,0.000,0.000,0.000
15,ec.gp.GPIndividual@740028475{-570884465},3C_20_66-02.txt,154.245,0.100,15.424,0,0.000,0.00,0.000,0.000,0.000
15,ec.gp.GPIndividual@740028475{-570884465},3C_20_66-03.txt,118.340,0.100,11.834,0,0.000,0.00,0.000,0.000,0.000
15,ec.gp.GPIndividual@740028475{-570884465},3C_20_80-01.txt,4.194,0.100,0.419,0,0.000,0.00,0.000,0.000,0.000
15,ec.gp.GPIndividual@740028475{-570884465},3C_20_80-02.txt,35.738,0.100,3.574,0,0.000,0.00,0.000,0.000,0.000
15,ec.gp.GPIndividual@740028475{-570884465},3C_20_80-03.txt,169.439,0.100,16.944,0,0.000,0.00,0.000,0.000,0.000
15,ec.gp.GPIndividual@1508969365{1054184016},3C_20_50-02.txt,61.404,0.100,6.140,6,2.766,45.04,0.461,1.469,0.000
15,ec.gp.GPIndividual@1508969365{1054184016},3C_20_80-03.txt,169.439,0.100,16.944,5,4.828,28.49,0.966,1.906,0.000
15,ec.gp.GPIndividual@1508969365{1054184016},3C_20_50-03.txt,30.993,0.100,3.099,4,2.656,85.71,0.664,1.906,0.000
15,ec.gp.GPIndividual@1508969365{1054184016},3C_20_80-03.txt,169.439,0.100,16.944,2,0.703,4.15,0.352,1.906,0.000
15,ec.gp.GPIndividual@1508969365{1054184016},3C_20_50-03.txt,30.993,0.100,3.099,3,4.609,148.73,1.536,3.313,0.000
15,ec.gp.GPIndividual@1793829157{-192848},3C_20_50-02.txt,61.404,0.100,6.140,9,6.188,100.77,0.688,1.578,0.000
15,ec.gp.GPIndividual@1793829157{-192848},3C_20_50-03.txt,30.993,0.100,3.099,1,3.328,107.38,3.328,3.328,0.000
15,ec.gp.GPIndividual@1020996880{270181017},3C_20_50-02.txt,61.404,0.100,6.140,7,1.125,18.32,0.161,0.328,0.031
15,ec.gp.GPIndividual@1020996880{270181017},3C_20_50-03.txt,30.993,0.100,3.099,5,2.547,82.18,0.509,0.969,0.000
15,ec.gp.GPIndividual@1020996880{270181017},3C_20_66-01.txt,7.322,0.100,0.732,5,0.609,83.22,0.122,0.969,0.000
15,ec.gp.GPIndividual@1020996880{270181017},3C_20_66-02.txt,154.245,0.100,15.424,9,12.172,78.91,1.352,5.250,0.000
15,ec.gp.GPIndividual@1020996880{270181017},3C_20_66-03.txt,118.340,0.100,11.834,5,8.031,67.87,1.606,5.250,0.000
15,ec.gp.GPIndividual@1020996880{270181017},3C_20_80-01.txt,4.194,0.100,0.419,6,0.422,100.58,0.070,5.250,0.000
15,ec.gp.GPIndividual@1020996880{270181017},3C_20_80-02.txt,35.738,0.100,3.574,7,2.063,57.71,0.295,5.250,0.000
15,ec.gp.GPIndividual@1020996880{270181017},3C_20_80-03.txt,169.439,0.100,16.944,5,11.141,65.75,2.228,6.469,0.000
16,ec.gp.GPIndividual@409940487{-827192399},3C_20_50-02.txt,61.404,0.100,6.140,13,9.188,149.62,0.707,1.875,0.000
16,ec.gp.GPIndividual@409940487{-827192399},3C_20_50-03.txt,30.993,0.100,3.099,3,3.859,124.53,1.286,1.984,0.000
16,ec.gp.GPIndividual@409940487{-827192399},3C_20_50-03.txt,30.993,0.100,3.099,8,0.625,20.17,0.078,1.984,0.000
16,ec.gp.GPIndividual@409940487{-827192399},3C_20_50-03.txt,30.993,0.100,3.099,6,1.609,51.93,0.268,1.984,0.000
16,ec.gp.GPIndividual@409940487{-827192399},3C_20_50-03.txt,30.993,0.100,3.099,4,3.594,115.96,0.898,1.984,0.000
16,ec.gp.GPIndividual@409940487{-827192399},3C_20_50-03.txt,30.993,0.100,3.099,10,4.031,130.07,0.403,1.984,0.000
16,ec.gp.GPIndividual@409940487{-827192399},3C_20_66-01.txt,7.322,0.100,0.732,4,0.297,40.54,0.074,1.984,0.000
16,ec.gp.GPIndividual@409940487{-827192399},3C_20_50-03.txt,30.993,0.100,3.099,19,4.344,140.15,0.229,1.984,0.000
16,ec.gp.GPIndividual@409940487{-827192399},3C_20_66-01.txt,7.322,0.100,0.732,3,1.594,217.66,0.531,1.984,0.000
16,ec.gp.GPIndividual@409940487{-827192399},3C_20_66-02.txt,154.245,0.100,15.424,17,14.844,96.23,0.873,3.406,0.000
16,ec.gp.GPIndividual@409940487{-827192399},3C_20_66-02.txt,154.245,0.100,15.424,4,4.141,26.84,1.035,4.141,0.000
16,ec.gp.GPIndividual@409940487{-827192399},3C_20_66-01.txt,7.322,0.100,0.732,6,4.984,680.72,0.831,4.469,0.000
16,ec.gp.GPIndividual@409940487{-827192399},3C_20_66-01.txt,7.322,0.100,0.732,2,4.469,610.30,2.234,4.469,0.000
16,ec.gp.GPIndividual@409940487{-827192399},3C_20_66-01.txt,7.322,0.100,0.732,5,1.078,147.24,0.216,4.469,0.000
16,ec.gp.GPIndividual@409940487{-827192399},3C_20_66-03.txt,118.340,0.100,11.834,15,12.703,107.34,0.847,4.469,0.000
16,ec.gp.GPIndividual@409940487{-827192399},3C_20_66-02.txt,154.245,0.100,15.424,3,1.406,9.12,0.469,4.469,0.000
16,ec.gp.GPIndividual@409940487{-827192399},3C_20_66-02.txt,154.245,0.100,15.424,3,0.453,2.94,0.151,4.469,0.000
16,ec.gp.GPIndividual@409940487{-827192399},3C_20_66-03.txt,118.340,0.100,11.834,3,0.797,6.73,0.266,4.469,0.000
16,ec.gp.GPIndividual@409940487{-827192399},3C_20_66-02.txt,154.245,0.100,15.424,4,4.109,26.64,1.027,4.469,0.000
16,ec.gp.GPIndividual@409940487{-827192399},3C_20_66-01.txt,7.322,0.100,0.732,9,5.484,749.01,0.609,4.797,0.000
16,ec.gp.GPIndividual@409940487{-827192399},3C_20_80-01.txt,4.194,0.100,0.419,5,2.328,555.04,0.466,4.797,0.000
16,ec.gp.GPIndividual@409940487{-827192399},3C_20_66-03.txt,118.340,0.100,11.834,12,11.125,94.01,0.927,4.797,0.000
16,ec.gp.GPIndividual@409940487{-827192399},3C_20_80-02.txt,35.738,0.100,3.574,4,1.031,28.86,0.258,4.797,0.000
16,ec.gp.GPIndividual@409940487{-827192399},3C_20_66-03.txt,118.340,0.100,11.834,4,6.313,53.34,1.578,4.797,0.000
16,ec.gp.GPIndividual@409940487{-827192399},3C_20_66-03.txt,118.340,0.100,11.834,13,13.266,112.10,1.020,4.813,0.000
16,ec.gp.GPIndividual@409940487{-827192399},3C_20_80-01.txt,4.194,0.100,0.419,2,2.125,506.62,1.063,4.813,0.000
16,ec.gp.GPIndividual@409940487{-827192399},3C_20_80-03.txt,169.439,0.100,16.944,8,4.688,27.66,0.586,4.813,0.000
16,ec.gp.GPIndividual@409940487{-827192399},3C_20_66-02.txt,154.245,0.100,15.424,9,16.906,109.61,1.878,4.813,0.000
16,ec.gp.GPIndividual@409940487{-827192399},3C_20_66-03.txt,118.340,0.100,11.834,16,17.016,143.79,1.063,6.281,0.000
16,ec.gp.GPIndividual@12156262{-1949163428},3C_20_50-02.txt,61.404,0.100,6.140,0,0.000,0.00,0.000,0.000,0.000
16,ec.gp.GPIndividual@12156262{-1949163428},3C_20_50-03.txt,30.993,0.100,3.099,0,0.000,0.00,0.000,0.000,0.000
16,ec.gp.GPIndividual@12156262{-1949163428},3C_20_66-01.txt,7.322,0.100,0.732,0,0.000,0.00,0.000,0.000,0.000
16,ec.gp.GPIndividual@12156262{-1949163428},3C_20_66-02.txt,154.245,0.100,15.424,0,0.000,0.00,0.000,0.000,0.000
16,ec.gp.GPIndividual@12156262{-1949163428},3C_20_66-03.txt,118.340,0.100,11.834,0,0.000,0.00,0.000,0.000,0.000
16,ec.gp.GPIndividual@12156262{-1949163428},3C_20_80-01.txt,4.194,0.100,0.419,0,0.000,0.00,0.000,0.000,0.000
16,ec.gp.GPIndividual@12156262{-1949163428},3C_20_80-02.txt,35.738,0.100,3.574,0,0.000,0.00,0.000,0.000,0.000
16,ec.gp.GPIndividual@12156262{-1949163428},3C_20_80-03.txt,169.439,0.100,16.944,0,0.000,0.00,0.000,0.000,0.000
16,ec.gp.GPIndividual@1032003795{-1994433700},3C_20_50-02.txt,61.404,0.100,6.140,9,3.547,57.76,0.394,2.516,0.000
16,ec.gp.GPIndividual@1032003795{-1994433700},3C_20_80-02.txt,35.738,0.100,3.574,6,3.406,95.31,0.568,3.063,0.000
16,ec.gp.GPIndividual@1032003795{-1994433700},3C_20_80-01.txt,4.194,0.100,0.419,7,4.594,1095.19,0.656,4.078,0.000
16,ec.gp.GPIndividual@1032003795{-1994433700},3C_20_80-01.txt,4.194,0.100,0.419,3,0.656,156.46,0.219,4.078,0.000
16,ec.gp.GPIndividual@1032003795{-1994433700},3C_20_80-02.txt,35.738,0.100,3.574,7,8.078,226.04,1.154,4.734,0.000
16,ec.gp.GPIndividual@1032003795{-1994433700},3C_20_50-03.txt,30.993,0.100,3.099,8,3.656,117.97,0.457,4.734,0.000
16,ec.gp.GPIndividual@1032003795{-1994433700},3C_20_80-03.txt,169.439,0.100,16.944,13,20.156,118.96,1.550,4.734,0.000
16,ec.gp.GPIndividual@1032003795{-1994433700},3C_20_80-01.txt,4.194,0.100,0.419,2,4.594,1095.19,2.297,4.734,0.000
16,ec.gp.GPIndividual@1032003795{-1994433700},3C_20_66-01.txt,7.322,0.100,0.732,3,0.969,132.30,0.323,4.734,0.000
16,ec.gp.GPIndividual@1032003795{-1994433700},3C_20_80-01.txt,4.194,0.100,0.419,2,1.484,353.89,0.742,4.734,0.000
16,ec.gp.GPIndividual@1032003795{-1994433700},3C_20_80-03.txt,169.439,0.100,16.944,10,3.688,21.76,0.369,4.734,0.000
16,ec.gp.GPIndividual@1032003795{-1994433700},3C_20_80-02.txt,35.738,0.100,3.574,2,6.172,172.70,3.086,6.172,0.000
16,ec.gp.GPIndividual@230566119{-1439193137},3C_20_50-02.txt,61.404,0.100,6.140,13,7.016,114.25,0.540,1.500,0.000
16,ec.gp.GPIndividual@230566119{-1439193137},3C_20_80-02.txt,35.738,0.100,3.574,4,4.500,125.92,1.125,1.672,0.000
16,ec.gp.GPIndividual@230566119{-1439193137},3C_20_50-03.txt,30.993,0.100,3.099,7,4.125,133.10,0.589,1.672,0.000
16,ec.gp.GPIndividual@230566119{-1439193137},3C_20_66-02.txt,154.245,0.100,15.424,3,1.016,6.58,0.339,1.672,0.000
16,ec.gp.GPIndividual@230566119{-1439193137},3C_20_80-03.txt,169.439,0.100,16.944,3,1.188,7.01,0.396,1.672,0.000
16,ec.gp.GPIndividual@230566119{-1439193137},3C_20_80-02.txt,35.738,0.100,3.574,4,2.250,62.96,0.563,1.672,0.000
16,ec.gp.GPIndividual@230566119{-1439193137},3C_20_66-01.txt,7.322,0.100,0.732,3,2.094,285.95,0.698,1.750,0.000
16,ec.gp.GPIndividual@230566119{-1439193137},3C_20_80-03.txt,169.439,0.100,16.944,4,6.031,35.60,1.508,5.719,0.000
16,ec.gp.GPIndividual@230566119{-1439193137},3C_20_66-02.txt,154.245,0.100,15.424,10,18.203,118.01,1.820,5.719,0.000
16,ec.gp.GPIndividual@325611269{-1167326565},3C_20_50-02.txt,61.404,0.100,6.140,6,6.125,99.75,1.021,5.969,0.000
16,ec.gp.GPIndividual@514987432{-380592739},3C_20_50-02.txt,61.404,0.100,6.140,5,4.078,66.41,0.816,1.563,0.000
16,ec.gp.GPIndividual@514987432{-380592739},3C_20_66-03.txt,118.340,0.100,11.834,11,10.063,85.03,0.915,5.672,0.000
16,ec.gp.GPIndividual@514987432{-380592739},3C_20_66-03.txt,118.340,0.100,11.834,6,4.172,35.25,0.695,5.672,0.000
16,ec.gp.GPIndividual@514987432{-380592739},3C_20_50-03.txt,30.993,0.100,3.099,6,2.438,78.65,0.406,5.672,0.000
16,ec.gp.GPIndividual@873156276{785937266},3C_20_50-02.txt,61.404,0.100,6.140,5,9.531,155.22,1.906,4.906,0.000
16,ec.gp.GPIndividual@873156276{785937266},3C_20_80-01.txt,4.194,0.100,0.419,4,0.359,85.68,0.090,4.906,0.000
16,ec.gp.GPIndividual@873156276{785937266},3C_20_80-02.txt,35.738,0.100,3.574,2,0.719,20.11,0.359,4.906,0.000
16,ec.gp.GPIndividual@873156276{785937266},3C_20_50-03.txt,30.993,0.100,3.099,3,3.719,119.99,1.240,4.906,0.000
16,ec.gp.GPIndividual@873156276{785937266},3C_20_66-01.txt,7.322,0.100,0.732,3,3.703,505.74,1.234,4.906,0.000
16,ec.gp.GPIndividual@873156276{785937266},3C_20_80-03.txt,169.439,0.100,16.944,16,16.219,95.72,1.014,4.906,0.000
16,ec.gp.GPIndividual@873156276{785937266},3C_20_50-03.txt,30.993,0.100,3.099,2,0.672,21.68,0.336,4.906,0.000
16,ec.gp.GPIndividual@873156276{785937266},3C_20_80-03.txt,169.439,0.100,16.944,11,18.859,111.30,1.714,6.141,0.000
16,ec.gp.GPIndividual@1853819004{1886432730},3C_20_50-02.txt,61.404,0.100,6.140,10,7.516,122.40,0.752,2.844,0.000
16,ec.gp.GPIndividual@1853819004{1886432730},3C_20_66-01.txt,7.322,0.100,0.732,6,1.172,160.04,0.195,2.844,0.000
16,ec.gp.GPIndividual@1853819004{1886432730},3C_20_66-02.txt,154.245,0.100,15.424,1,0.000,0.00,0.000,2.844,0.000
16,ec.gp.GPIndividual@1853819004{1886432730},3C_20_66-01.txt,7.322,0.100,0.732,2,1.719,234.73,0.859,2.844,0.000
16,ec.gp.GPIndividual@1853819004{1886432730},3C_20_50-03.txt,30.993,0.100,3.099,5,2.000,64.53,0.400,2.844,0.000
16,ec.gp.GPIndividual@1853819004{1886432730},3C_20_66-02.txt,154.245,0.100,15.424,11,17.234,111.73,1.567,5.547,0.000
16,ec.gp.GPIndividual@1853819004{1886432730},3C_20_66-02.txt,154.245,0.100,15.424,7,5.344,34.64,0.763,5.547,0.000
16,ec.gp.GPIndividual@984292084{381633230},3C_20_50-02.txt,61.404,0.100,6.140,5,7.453,121.38,1.491,4.203,0.000
16,ec.gp.GPIndividual@984292084{381633230},3C_20_80-01.txt,4.194,0.100,0.419,3,2.594,618.37,0.865,4.203,0.000
16,ec.gp.GPIndividual@984292084{381633230},3C_20_66-03.txt,118.340,0.100,11.834,11,12.250,103.52,1.114,4.203,0.000
16,ec.gp.GPIndividual@984292084{381633230},3C_20_66-03.txt,118.340,0.100,11.834,10,13.797,116.59,1.380,4.734,0.000
16,ec.gp.GPIndividual@984292084{381633230},3C_20_80-01.txt,4.194,0.100,0.419,3,2.516,599.75,0.839,4.734,0.000
16,ec.gp.GPIndividual@984292084{381633230},3C_20_66-01.txt,7.322,0.100,0.732,6,1.672,228.33,0.279,4.734,0.000
16,ec.gp.GPIndividual@984292084{381633230},3C_20_66-03.txt,118.340,0.100,11.834,10,5.406,45.68,0.541,4.734,0.000
16,ec.gp.GPIndividual@984292084{381633230},3C_20_80-02.txt,35.738,0.100,3.574,4,7.266,203.30,1.816,4.828,0.000
16,ec.gp.GPIndividual@984292084{381633230},3C_20_80-01.txt,4.194,0.100,0.419,8,0.844,201.16,0.105,4.828,0.000
16,ec.gp.GPIndividual@984292084{381633230},3C_20_66-02.txt,154.245,0.100,15.424,4,0.156,1.01,0.039,4.828,0.000
16,ec.gp.GPIndividual@984292084{381633230},3C_20_80-02.txt,35.738,0.100,3.574,5,2.531,70.83,0.506,4.828,0.000
16,ec.gp.GPIndividual@984292084{381633230},3C_20_80-02.txt,35.738,0.100,3.574,6,5.844,163.52,0.974,4.828,0.000
16,ec.gp.GPIndividual@984292084{381633230},3C_20_50-03.txt,30.993,0.100,3.099,1,0.000,0.00,0.000,4.828,0.000
16,ec.gp.GPIndividual@984292084{381633230},3C_20_80-03.txt,169.439,0.100,16.944,14,16.641,98.21,1.189,4.828,0.000
16,ec.gp.GPIndividual@984292084{381633230},3C_20_80-03.txt,169.439,0.100,16.944,3,1.219,7.19,0.406,4.828,0.000
16,ec.gp.GPIndividual@984292084{381633230},3C_20_66-03.txt,118.340,0.100,11.834,13,14.922,126.09,1.148,6.234,0.000
16,ec.gp.GPIndividual@1823513250{-949310123},3C_20_50-02.txt,61.404,0.100,6.140,5,7.969,129.77,1.594,4.188,0.000
16,ec.gp.GPIndividual@1823513250{-949310123},3C_20_80-03.txt,169.439,0.100,16.944,16,16.953,100.05,1.060,6.094,0.000
16,ec.gp.GPIndividual@1823513250{-949310123},3C_20_80-01.txt,4.194,0.100,0.419,4,0.516,122.93,0.129,6.094,0.000
16,ec.gp.GPIndividual@1823513250{-949310123},3C_20_80-02.txt,35.738,0.100,3.574,4,1.391,38.91,0.348,6.094,0.000
16,ec.gp.GPIndividual@1197668902{391080592},3C_20_50-02.txt,61.404,0.100,6.140,3,2.969,48.35,0.990,2.438,0.000
16,ec.gp.GPIndividual@1197668902{391080592},3C_20_50-03.txt,30.993,0.100,3.099,5,3.594,115.96,0.719,2.438,0.000
16,ec.gp.GPIndividual@1197668902{391080592},3C_20_66-01.txt,7.322,0.100,0.732,1,1.766,241.13,1.766,2.438,0.000
16,ec.gp.GPIndividual@1197668902{391080592},3C_20_50-03.txt,30.993,0.100,3.099,3,4.813,155.28,1.604,4.516,0.000
16,ec.gp.GPIndividual@1197668902{391080592},3C_20_66-01.txt,7.322,0.100,0.732,12,5.984,817.29,0.499,4.953,0.000
16,ec.gp.GPIndividual@1197668902{391080592},3C_20_66-02.txt,154.245,0.100,15.424,1,0.000,0.00,0.000,4.953,0.000
16,ec.gp.GPIndividual@1197668902{391080592},3C_20_80-03.txt,169.439,0.100,16.944,5,9.359,55.24,1.872,5.594,0.000
16,ec.gp.GPIndividual@1197668902{391080592},3C_20_66-02.txt,154.245,0.100,15.424,7,18.766,121.66,2.681,5.594,0.000
16,ec.gp.GPIndividual@1129334462{2137772147},3C_20_50-02.txt,61.404,0.100,6.140,2,0.703,11.45,0.352,0.703,0.000
16,ec.gp.GPIndividual@1129334462{2137772147},3C_20_66-01.txt,7.322,0.100,0.732,2,1.234,168.58,0.617,1.234,0.000
16,ec.gp.GPIndividual@1129334462{2137772147},3C_20_66-03.txt,118.340,0.100,11.834,8,11.422,96.52,1.428,5.344,0.000
16,ec.gp.GPIndividual@1129334462{2137772147},3C_20_66-03.txt,118.340,0.100,11.834,6,7.172,60.60,1.195,5.344,0.000
16,ec.gp.GPIndividual@1873764379{998142428},3C_20_50-02.txt,61.404,0.100,6.140,4,3.500,57.00,0.875,1.656,0.000
16,ec.gp.GPIndividual@1873764379{998142428},3C_20_66-02.txt,154.245,0.100,15.424,4,8.984,58.25,2.246,4.734,0.000
16,ec.gp.GPIndividual@1873764379{998142428},3C_20_50-03.txt,30.993,0.100,3.099,4,2.984,96.29,0.746,4.734,0.000
16,ec.gp.GPIndividual@1873764379{998142428},3C_20_80-01.txt,4.194,0.100,0.419,4,0.516,122.93,0.129,4.734,0.000
16,ec.gp.GPIndividual@1873764379{998142428},3C_20_80-02.txt,35.738,0.100,3.574,3,6.281,175.76,2.094,4.891,0.000
16,ec.gp.GPIndividual@1873764379{998142428},3C_20_80-01.txt,4.194,0.100,0.419,3,2.719,648.17,0.906,4.891,0.000
16,ec.gp.GPIndividual@1873764379{998142428},3C_20_80-02.txt,35.738,0.100,3.574,4,3.578,100.12,0.895,4.891,0.000
16,ec.gp.GPIndividual@1873764379{998142428},3C_20_66-01.txt,7.322,0.100,0.732,3,2.016,275.28,0.672,4.891,0.000
16,ec.gp.GPIndividual@1873764379{998142428},3C_20_50-03.txt,30.993,0.100,3.099,4,3.172,102.34,0.793,4.891,0.000
16,ec.gp.GPIndividual@1873764379{998142428},3C_20_80-03.txt,169.439,0.100,16.944,3,2.359,13.92,0.786,4.891,0.000
16,ec.gp.GPIndividual@1873764379{998142428},3C_20_66-03.txt,118.340,0.100,11.834,12,15.156,128.07,1.263,4.891,0.000
16,ec.gp.GPIndividual@1873764379{998142428},3C_20_66-02.txt,154.245,0.100,15.424,1,0.000,0.00,0.000,4.891,0.000
16,ec.gp.GPIndividual@1873764379{998142428},3C_20_80-01.txt,4.194,0.100,0.419,3,2.203,525.24,0.734,4.891,0.000
16,ec.gp.GPIndividual@1873764379{998142428},3C_20_80-03.txt,169.439,0.100,16.944,10,19.859,117.21,1.986,6.297,0.000
16,ec.gp.GPIndividual@1873764379{998142428},3C_20_66-01.txt,7.322,0.100,0.732,3,0.344,46.95,0.115,6.297,0.000
16,ec.gp.GPIndividual@1271945509{5334100},3C_20_50-02.txt,61.404,0.100,6.140,8,6.688,108.91,0.836,1.391,0.000
16,ec.gp.GPIndividual@1271945509{5334100},3C_20_80-02.txt,35.738,0.100,3.574,4,1.203,33.67,0.301,1.391,0.000
16,ec.gp.GPIndividual@1271945509{5334100},3C_20_66-03.txt,118.340,0.100,11.834,1,0.000,0.00,0.000,1.391,0.000
16,ec.gp.GPIndividual@1271945509{5334100},3C_20_66-02.txt,154.245,0.100,15.424,10,16.641,107.88,1.664,5.719,0.000
16,ec.gp.GPIndividual@1271945509{5334100},3C_20_66-03.txt,118.340,0.100,11.834,3,4.219,35.65,1.406,5.719,0.000
16,ec.gp.GPIndividual@1271945509{5334100},3C_20_80-01.txt,4.194,0.100,0.419,3,0.938,223.51,0.313,5.719,0.000
16,ec.gp.GPIndividual@1271945509{5334100},3C_20_80-03.txt,169.439,0.100,16.944,6,3.438,20.29,0.573,5.719,0.000
16,ec.gp.GPIndividual@1944041771{2106794857},3C_20_50-02.txt,61.404,0.100,6.140,4,6.344,103.31,1.586,4.781,0.000
16,ec.gp.GPIndividual@1944041771{2106794857},3C_20_80-01.txt,4.194,0.100,0.419,5,0.516,122.93,0.103,4.781,0.000
16,ec.gp.GPIndividual@1944041771{2106794857},3C_20_80-02.txt,35.738,0.100,3.574,2,2.703,75.64,1.352,4.781,0.000
16,ec.gp.GPIndividual@1944041771{2106794857},3C_20_50-03.txt,30.993,0.100,3.099,4,3.219,103.86,0.805,4.781,0.000
16,ec.gp.GPIndividual@1944041771{2106794857},3C_20_50-03.txt,30.993,0.100,3.099,2,0.875,28.23,0.438,4.781,0.000
16,ec.gp.GPIndividual@1944041771{2106794857},3C_20_80-02.txt,35.738,0.100,3.574,7,8.125,227.35,1.161,4.781,0.000
16,ec.gp.GPIndividual@1944041771{2106794857},3C_20_80-03.txt,169.439,0.100,16.944,10,16.844,99.41,1.684,5.438,0.000
16,ec.gp.GPIndividual@1944041771{2106794857},3C_20_80-03.txt,169.439,0.100,16.944,4,3.109,18.35,0.777,5.438,0.000
16,ec.gp.GPIndividual@1610416924{316092860},3C_20_50-02.txt,61.404,0.100,6.140,6,10.000,162.85,1.667,4.453,0.000
16,ec.gp.GPIndividual@1610416924{316092860},3C_20_66-01.txt,7.322,0.100,0.732,4,1.156,157.91,0.289,4.453,0.000
16,ec.gp.GPIndividual@1610416924{316092860},3C_20_80-01.txt,4.194,0.100,0.419,1,0.000,0.00,0.000,4.453,0.000
16,ec.gp.GPIndividual@1610416924{316092860},3C_20_50-03.txt,30.993,0.100,3.099,7,7.234,233.42,1.033,5.891,0.000
16,ec.gp.GPIndividual@109952684{-1716517811},3C_20_50-02.txt,61.404,0.100,6.140,2,0.703,11.45,0.352,0.703,0.000
16,ec.gp.GPIndividual@109952684{-1716517811},3C_20_66-02.txt,154.245,0.100,15.424,7,1.859,12.05,0.266,1.000,0.000
16,ec.gp.GPIndividual@109952684{-1716517811},3C_20_66-01.txt,7.322,0.100,0.732,3,1.750,239.00,0.583,1.281,0.000
16,ec.gp.GPIndividual@109952684{-1716517811},3C_20_50-03.txt,30.993,0.100,3.099,11,4.531,146.20,0.412,1.375,0.000
16,ec.gp.GPIndividual@109952684{-1716517811},3C_20_66-02.txt,154.245,0.100,15.424,16,15.391,99.78,0.962,5.531,0.000
16,ec.gp.GPIndividual@109952684{-1716517811},3C_20_66-03.txt,118.340,0.100,11.834,3,1.234,10.43,0.411,5.531,0.000
16,ec.gp.GPIndividual@379514108{-385624110},3C_20_50-02.txt,61.404,0.100,6.140,5,6.656,108.40,1.331,3.594,0.000
16,ec.gp.GPIndividual@379514108{-385624110},3C_20_66-01.txt,7.322,0.100,0.732,3,4.250,580.43,1.417,3.922,0.000
16,ec.gp.GPIndividual@379514108{-385624110},3C_20_66-01.txt,7.322,0.100,0.732,5,1.406,192.05,0.281,3.922,0.000
16,ec.gp.GPIndividual@379514108{-385624110},3C_20_80-02.txt,35.738,0.100,3.574,6,2.234,62.52,0.372,3.922,0.000
16,ec.gp.GPIndividual@379514108{-385624110},3C_20_66-03.txt,118.340,0.100,11.834,11,13.109,110.78,1.192,4.750,0.000
16,ec.gp.GPIndividual@379514108{-385624110},3C_20_80-01.txt,4.194,0.100,0.419,2,1.953,465.64,0.977,4.750,0.000
16,ec.gp.GPIndividual@379514108{-385624110},3C_20_80-03.txt,169.439,0.100,16.944,3,1.688,9.96,0.563,4.750,0.000
16,ec.gp.GPIndividual@379514108{-385624110},3C_20_66-02.txt,154.245,0.100,15.424,8,5.219,33.83,0.652,4.750,0.000
16,ec.gp.GPIndividual@379514108{-385624110},3C_20_50-03.txt,30.993,0.100,3.099,2,4.813,155.28,2.406,4.813,0.000
16,ec.gp.GPIndividual@379514108{-385624110},3C_20_80-01.txt,4.194,0.100,0.419,3,0.484,115.48,0.161,4.813,0.000
16,ec.gp.GPIndividual@379514108{-385624110},3C_20_80-02.txt,35.738,0.100,3.574,3,3.875,108.43,1.292,4.813,0.000
16,ec.gp.GPIndividual@379514108{-385624110},3C_20_80-02.txt,35.738,0.100,3.574,6,3.578,100.12,0.596,4.813,0.000
16,ec.gp.GPIndividual@379514108{-385624110},3C_20_80-03.txt,169.439,0.100,16.944,4,0.719,4.24,0.180,4.813,0.000
16,ec.gp.GPIndividual@379514108{-385624110},3C_20_66-03.txt,118.340,0.100,11.834,7,14.047,118.70,2.007,5.766,0.000
16,ec.gp.GPIndividual@379514108{-385624110},3C_20_66-02.txt,154.245,0.100,15.424,5,3.625,23.50,0.725,5.766,0.000
16,ec.gp.GPIndividual@1406867761{896779682},3C_20_50-02.txt,61.404,0.100,6.140,2,1.578,25.70,0.789,1.063,0.516
16,ec.gp.GPIndividual@1406867761{896779682},3C_20_50-03.txt,30.993,0.100,3.099,2,6.750,217.79,3.375,4.453,0.516
16,ec.gp.GPIndividual@1406867761{896779682},3C_20_66-03.txt,118.340,0.100,11.834,5,13.375,113.02,2.675,5.813,0.000
16,ec.gp.GPIndividual@1489786442{-226874966},3C_20_50-02.txt,61.404,0.100,6.140,2,0.484,7.89,0.242,0.484,0.000
16,ec.gp.GPIndividual@1489786442{-226874966},3C_20_50-03.txt,30.993,0.100,3.099,1,0.000,0.00,0.000,0.484,0.000
16,ec.gp.GPIndividual@1489786442{-226874966},3C_20_66-01.txt,7.322,0.100,0.732,1,0.984,134.44,0.984,0.984,0.000
16,ec.gp.GPIndividual@1489786442{-226874966},3C_20_80-03.txt,169.439,0.100,16.944,2,0.313,1.84,0.156,0.984,0.000
16,ec.gp.GPIndividual@1489786442{-226874966},3C_20_66-02.txt,154.245,0.100,15.424,1,1.344,8.71,1.344,1.344,0.000
16,ec.gp.GPIndividual@1489786442{-226874966},3C_20_66-01.txt,7.322,0.100,0.732,3,3.188,435.32,1.063,2.844,0.000
16,ec.gp.GPIndividual@1489786442{-226874966},3C_20_80-01.txt,4.194,0.100,0.419,3,0.469,111.75,0.156,2.844,0.000
16,ec.gp.GPIndividual@1489786442{-226874966},3C_20_80-02.txt,35.738,0.100,3.574,2,3.953,110.61,1.977,3.953,0.000
16,ec.gp.GPIndividual@1489786442{-226874966},3C_20_66-01.txt,7.322,0.100,0.732,1,0.000,0.00,0.000,3.953,0.000
16,ec.gp.GPIndividual@1489786442{-226874966},3C_20_66-02.txt,154.245,0.100,15.424,4,7.453,48.32,1.863,4.750,0.000
16,ec.gp.GPIndividual@1489786442{-226874966},3C_20_66-03.txt,118.340,0.100,11.834,3,4.734,40.01,1.578,4.750,0.000
16,ec.gp.GPIndividual@1489786442{-226874966},3C_20_66-03.txt,118.340,0.100,11.834,5,10.281,86.88,2.056,5.219,0.000
16,ec.gp.GPIndividual@1489786442{-226874966},3C_20_66-02.txt,154.245,0.100,15.424,8,8.000,51.87,1.000,5.219,0.000
16,ec.gp.GPIndividual@282411756{860852261},3C_20_50-02.txt,61.404,0.100,6.140,4,6.797,110.69,1.699,4.781,0.000
16,ec.gp.GPIndividual@282411756{860852261},3C_20_80-03.txt,169.439,0.100,16.944,3,0.484,2.86,0.161,4.781,0.000
16,ec.gp.GPIndividual@282411756{860852261},3C_20_80-01.txt,4.194,0.100,0.419,1,2.344,558.77,2.344,4.781,0.000
16,ec.gp.GPIndividual@282411756{860852261},3C_20_66-03.txt,118.340,0.100,11.834,3,5.188,43.84,1.729,4.781,0.000
16,ec.gp.GPIndividual@282411756{860852261},3C_20_80-01.txt,4.194,0.100,0.419,2,0.172,40.98,0.086,4.781,0.000
16,ec.gp.GPIndividual@282411756{860852261},3C_20_80-02.txt,35.738,0.100,3.574,1,1.563,43.72,1.563,4.781,0.000
16,ec.gp.GPIndividual@282411756{860852261},3C_20_50-03.txt,30.993,0.100,3.099,1,0.000,0.00,0.000,4.781,0.000
16,ec.gp.GPIndividual@282411756{860852261},3C_20_80-02.txt,35.738,0.100,3.574,4,6.953,194.56,1.738,4.781,0.000
16,ec.gp.GPIndividual@282411756{860852261},3C_20_66-01.txt,7.322,0.100,0.732,6,0.797,108.83,0.133,4.781,0.000
16,ec.gp.GPIndividual@282411756{860852261},3C_20_66-02.txt,154.245,0.100,15.424,5,1.969,12.76,0.394,4.781,0.000
16,ec.gp.GPIndividual@282411756{860852261},3C_20_80-03.txt,169.439,0.100,16.944,1,0.000,0.00,0.000,4.781,0.000
16,ec.gp.GPIndividual@282411756{860852261},3C_20_80-03.txt,169.439,0.100,16.944,5,17.781,104.94,3.556,5.578,0.000
16,ec.gp.GPIndividual@282411756{860852261},3C_20_66-03.txt,118.340,0.100,11.834,6,3.016,25.48,0.503,5.578,0.000
16,ec.gp.GPIndividual@1301590358{-2126156929},3C_20_50-02.txt,61.404,0.100,6.140,0,0.000,0.00,0.000,0.000,0.000
16,ec.gp.GPIndividual@1301590358{-2126156929},3C_20_50-03.txt,30.993,0.100,3.099,0,0.000,0.00,0.000,0.000,0.000
16,ec.gp.GPIndividual@1301590358{-2126156929},3C_20_66-01.txt,7.322,0.100,0.732,0,0.000,0.00,0.000,0.000,0.000
16,ec.gp.GPIndividual@1301590358{-2126156929},3C_20_66-02.txt,154.245,0.100,15.424,0,0.000,0.00,0.000,0.000,0.000
16,ec.gp.GPIndividual@1301590358{-2126156929},3C_20_66-03.txt,118.340,0.100,11.834,0,0.000,0.00,0.000,0.000,0.000
16,ec.gp.GPIndividual@1301590358{-2126156929},3C_20_80-01.txt,4.194,0.100,0.419,0,0.000,0.00,0.000,0.000,0.000
16,ec.gp.GPIndividual@1301590358{-2126156929},3C_20_80-02.txt,35.738,0.100,3.574,0,0.000,0.00,0.000,0.000,0.000
16,ec.gp.GPIndividual@1301590358{-2126156929},3C_20_80-03.txt,169.439,0.100,16.944,0,0.000,0.00,0.000,0.000,0.000
16,ec.gp.GPIndividual@851834439{-26975347},3C_20_50-02.txt,61.404,0.100,6.140,3,5.984,97.46,1.995,5.859,0.000
16,ec.gp.GPIndividual@351683595{-404537491},3C_20_50-02.txt,61.404,0.100,6.140,2,0.219,3.56,0.109,0.219,0.000
16,ec.gp.GPIndividual@351683595{-404537491},3C_20_50-03.txt,30.993,0.100,3.099,2,4.750,153.26,2.375,4.750,0.000
16,ec.gp.GPIndividual@351683595{-404537491},3C_20_80-01.txt,4.194,0.100,0.419,7,2.859,681.70,0.408,4.750,0.000
16,ec.gp.GPIndividual@351683595{-404537491},3C_20_66-01.txt,7.322,0.100,0.732,10,1.031,140.84,0.103,4.750,0.000
16,ec.gp.GPIndividual@351683595{-404537491},3C_20_80-02.txt,35.738,0.100,3.574,2,1.281,35.85,0.641,4.750,0.000
16,ec.gp.GPIndividual@351683595{-404537491},3C_20_66-01.txt,7.322,0.100,0.732,3,0.953,130.17,0.318,4.750,0.000
16,ec.gp.GPIndividual@351683595{-404537491},3C_20_66-02.txt,154.245,0.100,15.424,1,0.000,0.00,0.000,4.750,0.000
16,ec.gp.GPIndividual@351683595{-404537491},3C_20_66-02.txt,154.245,0.100,15.424,6,7.781,50.45,1.297,4.750,0.000
16,ec.gp.GPIndividual@351683595{-404537491},3C_20_66-03.txt,118.340,0.100,11.834,10,14.531,122.79,1.453,4.969,0.000
16,ec.gp.GPIndividual@2139781502{-1916520940},3C_20_50-02.txt,61.404,0.100,6.140,3,1.156,18.83,0.385,0.938,0.000
16,ec.gp.GPIndividual@2139781502{-1916520940},3C_20_80-01.txt,4.194,0.100,0.419,3,1.141,271.93,0.380,0.938,0.000
16,ec.gp.GPIndividual@2139781502{-1916520940},3C_20_50-03.txt,30.993,0.100,3.099,1,0.000,0.00,0.000,0.938,0.000
16,ec.gp.GPIndividual@2139781502{-1916520940},3C_20_80-02.txt,35.738,0.100,3.574,3,3.094,86.57,1.031,3.094,0.000
16,ec.gp.GPIndividual@2139781502{-1916520940},3C_20_80-03.txt,169.439,0.100,16.944,3,2.375,14.02,0.792,3.094,0.000
16,ec.gp.GPIndividual@2139781502{-1916520940},3C_20_66-03.txt,118.340,0.100,11.834,9,14.141,119.49,1.571,3.594,0.000
16,ec.gp.GPIndividual@2139781502{-1916520940},3C_20_80-01.txt,4.194,0.100,0.419,3,0.797,189.98,0.266,3.594,0.000
16,ec.gp.GPIndividual@2139781502{-1916520940},3C_20_80-03.txt,169.439,0.100,16.944,4,0.891,5.26,0.223,3.594,0.000
16,ec.gp.GPIndividual@190069148{687469036},3C_20_50-02.txt,61.404,0.100,6.140,10,5.500,89.57,0.550,2.313,0.000
16,ec.gp.GPIndividual@190069148{687469036},3C_20_50-03.txt,30.993,0.100,3.099,9,3.531,113.94,0.392,2.313,0.000
16,ec.gp.GPIndividual@190069148{687469036},3C_20_66-01.txt,7.322,0.100,0.732,1,0.000,0.00,0.000,2.313,0.000
16,ec.gp.GPIndividual@190069148{687469036},3C_20_80-02.txt,35.738,0.100,3.574,3,4.688,131.16,1.563,3.375,0.000
16,ec.gp.GPIndividual@1020574434{-1985201728},3C_20_50-02.txt,61.404,0.100,6.140,2,5.594,91.10,2.797,5.594,0.000
16,ec.gp.GPIndividual@1020574434{-1985201728},3C_20_66-03.txt,118.340,0.100,11.834,5,4.156,35.12,0.831,5.594,0.000
16,ec.gp.GPIndividual@1020574434{-1985201728},3C_20_80-01.txt,4.194,0.100,0.419,3,0.875,208.61,0.292,5.594,0.000
16,ec.gp.GPIndividual@1020574434{-1985201728},3C_20_50-03.txt,30.993,0.100,3.099,5,0.141,4.54,0.028,5.594,0.000
16,ec.gp.GPIndividual@1020574434{-1985201728},3C_20_80-02.txt,35.738,0.100,3.574,5,5.219,146.03,1.044,5.594,0.000
16,ec.gp.GPIndividual@1020574434{-1985201728},3C_20_80-01.txt,4.194,0.100,0.419,4,1.125,268.21,0.281,5.594,0.000
16,ec.gp.GPIndividual@1020574434{-1985201728},3C_20_80-03.txt,169.439,0.100,16.944,14,13.313,78.57,0.951,5.594,0.000
17,ec.gp.GPIndividual@678406875{2069724372},3C_20_50-02.txt,61.404,0.100,6.140,1,0.000,0.00,0.000,0.000,0.000
17,ec.gp.GPIndividual@2010239233{-703547724},null,0.000,0.100,0.000,0,0.000,0.00,0.000,0.000,0.000
17,ec.gp.GPIndividual@1772134939{975698763},3C_20_50-02.txt,61.404,0.100,6.140,1,0.000,0.00,0.000,0.000,0.000
17,ec.gp.GPIndividual@1772134939{975698763},3C_20_66-02.txt,154.245,0.100,15.424,0,0.000,0.00,0.000,0.000,0.000
17,ec.gp.GPIndividual@1772134939{975698763},3C_20_66-03.txt,118.340,0.100,11.834,0,0.000,0.00,0.000,0.000,0.000
17,ec.gp.GPIndividual@1772134939{975698763},3C_20_80-01.txt,4.194,0.100,0.419,0,0.000,0.00,0.000,0.000,0.000
17,ec.gp.GPIndividual@1772134939{975698763},3C_20_80-02.txt,35.738,0.100,3.574,0,0.000,0.00,0.000,0.000,0.000
17,ec.gp.GPIndividual@1772134939{975698763},3C_20_80-03.txt,169.439,0.100,16.944,0,0.000,0.00,0.000,0.000,0.000
17,ec.gp.GPIndividual@594947190{-130175342},3C_20_50-02.txt,61.404,0.100,6.140,0,0.000,0.00,0.000,0.000,0.000
17,ec.gp.GPIndividual@594947190{-130175342},3C_20_50-03.txt,30.993,0.100,3.099,0,0.000,0.00,0.000,0.000,0.000
17,ec.gp.GPIndividual@594947190{-130175342},3C_20_66-01.txt,7.322,0.100,0.732,0,0.000,0.00,0.000,0.000,0.000
17,ec.gp.GPIndividual@594947190{-130175342},3C_20_66-02.txt,154.245,0.100,15.424,0,0.000,0.00,0.000,0.000,0.000
17,ec.gp.GPIndividual@594947190{-130175342},3C_20_66-03.txt,118.340,0.100,11.834,0,0.000,0.00,0.000,0.000,0.000
17,ec.gp.GPIndividual@594947190{-130175342},3C_20_80-01.txt,4.194,0.100,0.419,0,0.000,0.00,0.000,0.000,0.000
17,ec.gp.GPIndividual@594947190{-130175342},3C_20_80-02.txt,35.738,0.100,3.574,0,0.000,0.00,0.000,0.000,0.000
17,ec.gp.GPIndividual@594947190{-130175342},3C_20_80-03.txt,169.439,0.100,16.944,0,0.000,0.00,0.000,0.000,0.000
17,ec.gp.GPIndividual@1042059665{-2098399958},3C_20_50-02.txt,61.404,0.100,6.140,2,0.000,0.00,0.000,0.000,0.000
17,ec.gp.GPIndividual@1042059665{-2098399958},3C_20_50-03.txt,30.993,0.100,3.099,2,0.000,0.00,0.000,0.000,0.000
17,ec.gp.GPIndividual@1042059665{-2098399958},3C_20_66-01.txt,7.322,0.100,0.732,2,0.000,0.00,0.000,0.000,0.000
17,ec.gp.GPIndividual@1042059665{-2098399958},3C_20_66-02.txt,154.245,0.100,15.424,2,0.000,0.00,0.000,0.000,0.000
17,ec.gp.GPIndividual@1042059665{-2098399958},3C_20_66-03.txt,118.340,0.100,11.834,2,0.000,0.00,0.000,0.000,0.000
17,ec.gp.GPIndividual@1042059665{-2098399958},3C_20_80-01.txt,4.194,0.100,0.419,2,0.000,0.00,0.000,0.000,0.000
17,ec.gp.GPIndividual@1042059665{-2098399958},3C_20_80-02.txt,35.738,0.100,3.574,2,0.000,0.00,0.000,0.000,0.000
17,ec.gp.GPIndividual@1042059665{-2098399958},3C_20_80-03.txt,169.439,0.100,16.944,2,0.000,0.00,0.000,0.000,0.000
17,ec.gp.GPIndividual@663109402{1071580123},3C_20_50-02.txt,61.404,0.100,6.140,0,0.000,0.00,0.000,0.000,0.000
17,ec.gp.GPIndividual@663109402{1071580123},3C_20_50-03.txt,30.993,0.100,3.099,0,0.000,0.00,0.000,0.000,0.000
17,ec.gp.GPIndividual@663109402{1071580123},3C_20_66-01.txt,7.322,0.100,0.732,0,0.000,0.00,0.000,0.000,0.000
17,ec.gp.GPIndividual@663109402{1071580123},3C_20_66-02.txt,154.245,0.100,15.424,0,0.000,0.00,0.000,0.000,0.000
17,ec.gp.GPIndividual@663109402{1071580123},3C_20_66-03.txt,118.340,0.100,11.834,0,0.000,0.00,0.000,0.000,0.000
17,ec.gp.GPIndividual@663109402{1071580123},3C_20_80-01.txt,4.194,0.100,0.419,0,0.000,0.00,0.000,0.000,0.000
17,ec.gp.GPIndividual@663109402{1071580123},3C_20_80-02.txt,35.738,0.100,3.574,0,0.000,0.00,0.000,0.000,0.000
17,ec.gp.GPIndividual@663109402{1071580123},3C_20_80-03.txt,169.439,0.100,16.944,0,0.000,0.00,0.000,0.000,0.000
17,ec.gp.GPIndividual@680614817{519612985},3C_20_50-02.txt,61.404,0.100,6.140,5,1.984,32.32,0.397,1.563,0.000
17,ec.gp.GPIndividual@680614817{519612985},3C_20_80-02.txt,35.738,0.100,3.574,4,6.656,186.25,1.664,4.266,0.000
17,ec.gp.GPIndividual@713400447{-227524672},3C_20_50-02.txt,61.404,0.100,6.140,5,2.094,34.10,0.419,1.188,0.000
17,ec.gp.GPIndividual@713400447{-227524672},3C_20_80-02.txt,35.738,0.100,3.574,6,3.250,90.94,0.542,1.547,0.000
17,ec.gp.GPIndividual@713400447{-227524672},3C_20_80-03.txt,169.439,0.100,16.944,18,14.406,85.02,0.800,2.094,0.000
17,ec.gp.GPIndividual@713400447{-227524672},3C_20_50-03.txt,30.993,0.100,3.099,4,6.672,215.27,1.668,4.266,0.000
17,ec.gp.GPIndividual@365894069{-827192399},3C_20_50-02.txt,61.404,0.100,6.140,8,3.797,61.83,0.475,2.141,0.000
17,ec.gp.GPIndividual@365894069{-827192399},3C_20_80-03.txt,169.439,0.100,16.944,6,3.953,23.33,0.659,2.141,0.000
17,ec.gp.GPIndividual@365894069{-827192399},3C_20_50-03.txt,30.993,0.100,3.099,2,2.484,80.16,1.242,2.484,0.000
17,ec.gp.GPIndividual@365894069{-827192399},3C_20_80-03.txt,169.439,0.100,16.944,10,17.078,100.79,1.708,4.656,0.000
17,ec.gp.GPIndividual@365894069{-827192399},3C_20_66-01.txt,7.322,0.100,0.732,3,1.781,243.27,0.594,4.656,0.000
17,ec.gp.GPIndividual@365894069{-827192399},3C_20_50-03.txt,30.993,0.100,3.099,2,4.797,154.77,2.398,4.797,0.000
17,ec.gp.GPIndividual@1610736680{-1196239714},3C_20_50-02.txt,61.404,0.100,6.140,8,2.875,46.82,0.359,2.422,0.000
17,ec.gp.GPIndividual@1740134629{-407632122},3C_20_50-02.txt,61.404,0.100,6.140,0,0.000,0.00,0.000,0.000,0.000
17,ec.gp.GPIndividual@1740134629{-407632122},3C_20_50-03.txt,30.993,0.100,3.099,0,0.000,0.00,0.000,0.000,0.000
17,ec.gp.GPIndividual@1740134629{-407632122},3C_20_66-01.txt,7.322,0.100,0.732,0,0.000,0.00,0.000,0.000,0.000
17,ec.gp.GPIndividual@1740134629{-407632122},3C_20_66-02.txt,154.245,0.100,15.424,0,0.000,0.00,0.000,0.000,0.000
17,ec.gp.GPIndividual@1740134629{-407632122},3C_20_66-03.txt,118.340,0.100,11.834,0,0.000,0.00,0.000,0.000,0.000
17,ec.gp.GPIndividual@1740134629{-407632122},3C_20_80-01.txt,4.194,0.100,0.419,0,0.000,0.00,0.000,0.000,0.000
17,ec.gp.GPIndividual@1740134629{-407632122},3C_20_80-02.txt,35.738,0.100,3.574,0,0.000,0.00,0.000,0.000,0.000
17,ec.gp.GPIndividual@1740134629{-407632122},3C_20_80-03.txt,169.439,0.100,16.944,0,0.000,0.00,0.000,0.000,0.000
17,ec.gp.GPIndividual@1564521692{-1019426559},3C_20_50-02.txt,61.404,0.100,6.140,10,7.344,119.60,0.734,4.359,0.000
17,ec.gp.GPIndividual@1564521692{-1019426559},3C_20_66-01.txt,7.322,0.100,0.732,2,1.250,170.71,0.625,4.359,0.000
17,ec.gp.GPIndividual@1564521692{-1019426559},3C_20_50-03.txt,30.993,0.100,3.099,10,3.172,102.34,0.317,4.359,0.000
17,ec.gp.GPIndividual@1564521692{-1019426559},3C_20_50-03.txt,30.993,0.100,3.099,2,0.672,21.68,0.336,4.359,0.000
17,ec.gp.GPIndividual@1564521692{-1019426559},3C_20_66-02.txt,154.245,0.100,15.424,12,10.766,69.80,0.897,4.359,0.000
17,ec.gp.GPIndividual@1564521692{-1019426559},3C_20_66-02.txt,154.245,0.100,15.424,14,16.953,109.91,1.211,4.359,0.000
17,ec.gp.GPIndividual@1564521692{-1019426559},3C_20_66-01.txt,7.322,0.100,0.732,2,0.125,17.07,0.063,4.359,0.000
17,ec.gp.GPIndividual@1564521692{-1019426559},3C_20_66-03.txt,118.340,0.100,11.834,10,11.953,101.01,1.195,4.906,0.000
17,ec.gp.GPIndividual@1564521692{-1019426559},3C_20_66-01.txt,7.322,0.100,0.732,9,0.859,117.37,0.095,4.906,0.000
17,ec.gp.GPIndividual@1564521692{-1019426559},3C_20_66-02.txt,154.245,0.100,15.424,2,1.125,7.29,0.563,4.906,0.000
17,ec.gp.GPIndividual@1564521692{-1019426559},3C_20_66-02.txt,154.245,0.100,15.424,4,2.734,17.73,0.684,4.906,0.000
17,ec.gp.GPIndividual@1564521692{-1019426559},3C_20_66-01.txt,7.322,0.100,0.732,10,5.469,746.87,0.547,4.906,0.000
17,ec.gp.GPIndividual@1564521692{-1019426559},3C_20_80-01.txt,4.194,0.100,0.419,2,4.328,1031.86,2.164,4.906,0.000
17,ec.gp.GPIndividual@1564521692{-1019426559},3C_20_66-03.txt,118.340,0.100,11.834,16,11.906,100.61,0.744,4.906,0.000
17,ec.gp.GPIndividual@1564521692{-1019426559},3C_20_66-03.txt,118.340,0.100,11.834,9,10.750,90.84,1.194,4.906,0.000
17,ec.gp.GPIndividual@1564521692{-1019426559},3C_20_66-03.txt,118.340,0.100,11.834,4,1.359,11.49,0.340,4.906,0.000
17,ec.gp.GPIndividual@1564521692{-1019426559},3C_20_80-01.txt,4.194,0.100,0.419,6,0.531,126.65,0.089,4.906,0.000
17,ec.gp.GPIndividual@1564521692{-1019426559},3C_20_80-02.txt,35.738,0.100,3.574,3,5.813,162.64,1.938,4.906,0.000
17,ec.gp.GPIndividual@1564521692{-1019426559},3C_20_66-02.txt,154.245,0.100,15.424,4,1.328,8.61,0.332,4.906,0.000
17,ec.gp.GPIndividual@1564521692{-1019426559},3C_20_80-02.txt,35.738,0.100,3.574,2,4.531,126.79,2.266,4.906,0.000
17,ec.gp.GPIndividual@1564521692{-1019426559},3C_20_80-01.txt,4.194,0.100,0.419,3,1.688,402.31,0.563,4.906,0.000
17,ec.gp.GPIndividual@1564521692{-1019426559},3C_20_80-03.txt,169.439,0.100,16.944,15,16.734,98.76,1.116,4.906,0.000
17,ec.gp.GPIndividual@1564521692{-1019426559},3C_20_66-03.txt,118.340,0.100,11.834,5,1.953,16.50,0.391,4.906,0.000
17,ec.gp.GPIndividual@1564521692{-1019426559},3C_20_80-02.txt,35.738,0.100,3.574,5,6.625,185.38,1.325,4.906,0.000
17,ec.gp.GPIndividual@1260208351{220778558},3C_20_50-02.txt,61.404,0.100,6.140,9,6.594,107.38,0.733,1.578,0.000
17,ec.gp.GPIndividual@1260208351{220778558},3C_20_80-03.txt,169.439,0.100,16.944,17,12.188,71.93,0.717,4.375,0.000
17,ec.gp.GPIndividual@1260208351{220778558},3C_20_50-03.txt,30.993,0.100,3.099,4,5.625,181.50,1.406,4.375,0.000
17,ec.gp.GPIndividual@1260208351{220778558},3C_20_80-01.txt,4.194,0.100,0.419,3,1.844,439.57,0.615,4.375,0.000
17,ec.gp.GPIndividual@1260208351{220778558},3C_20_80-03.txt,169.439,0.100,16.944,11,16.844,99.41,1.531,4.578,0.000
17,ec.gp.GPIndividual@1124268225{-1236281025},3C_20_50-02.txt,61.404,0.100,6.140,4,8.203,133.59,2.051,4.922,0.000
17,ec.gp.GPIndividual@1124268225{-1236281025},3C_20_80-02.txt,35.738,0.100,3.574,6,2.156,60.33,0.359,4.922,0.000
17,ec.gp.GPIndividual@1898805123{1301402048},3C_20_50-02.txt,61.404,0.100,6.140,4,5.922,96.44,1.480,5.641,0.000
17,ec.gp.GPIndividual@1898805123{1301402048},3C_20_80-01.txt,4.194,0.100,0.419,2,1.406,335.26,0.703,5.641,0.000
17,ec.gp.GPIndividual@1898805123{1301402048},3C_20_50-03.txt,30.993,0.100,3.099,5,1.078,34.79,0.216,5.641,0.000
17,ec.gp.GPIndividual@1898805123{1301402048},3C_20_66-01.txt,7.322,0.100,0.732,6,2.047,279.54,0.341,5.641,0.000
17,ec.gp.GPIndividual@1898805123{1301402048},3C_20_66-02.txt,154.245,0.100,15.424,12,16.531,107.18,1.378,5.641,0.000
17,ec.gp.GPIndividual@1898805123{1301402048},3C_20_66-01.txt,7.322,0.100,0.732,5,1.578,215.53,0.316,5.641,0.000
17,ec.gp.GPIndividual@1898805123{1301402048},3C_20_66-03.txt,118.340,0.100,11.834,4,2.266,19.15,0.566,5.641,0.000
17,ec.gp.GPIndividual@1898805123{1301402048},3C_20_50-03.txt,30.993,0.100,3.099,4,0.891,28.74,0.223,5.641,0.000
17,ec.gp.GPIndividual@1898805123{1301402048},3C_20_80-03.txt,169.439,0.100,16.944,6,7.594,44.82,1.266,5.641,0.000
17,ec.gp.GPIndividual@1898805123{1301402048},3C_20_66-02.txt,154.245,0.100,15.424,7,18.125,117.51,2.589,5.641,0.000
17,ec.gp.GPIndividual@572333555{-827192399},3C_20_50-02.txt,61.404,0.100,6.140,6,2.203,35.88,0.367,0.969,0.000
17,ec.gp.GPIndividual@572333555{-827192399},3C_20_80-02.txt,35.738,0.100,3.574,5,3.875,108.43,0.775,1.547,0.000
17,ec.gp.GPIndividual@572333555{-827192399},3C_20_50-03.txt,30.993,0.100,3.099,3,0.438,14.12,0.146,1.547,0.000
17,ec.gp.GPIndividual@572333555{-827192399},3C_20_66-03.txt,118.340,0.100,11.834,6,3.422,28.92,0.570,2.547,0.000
17,ec.gp.GPIndividual@572333555{-827192399},3C_20_66-01.txt,7.322,0.100,0.732,2,1.438,196.32,0.719,2.547,0.000
17,ec.gp.GPIndividual@572333555{-827192399},3C_20_80-03.txt,169.439,0.100,16.944,6,4.578,27.02,0.763,2.547,0.000
17,ec.gp.GPIndividual@572333555{-827192399},3C_20_66-02.txt,154.245,0.100,15.424,3,3.828,24.82,1.276,3.828,0.000
17,ec.gp.GPIndividual@572333555{-827192399},3C_20_80-01.txt,4.194,0.100,0.419,3,0.422,100.58,0.141,3.828,0.000
17,ec.gp.GPIndividual@572333555{-827192399},3C_20_80-02.txt,35.738,0.100,3.574,2,4.422,123.73,2.211,4.422,0.000
17,ec.gp.GPIndividual@572333555{-827192399},3C_20_80-01.txt,4.194,0.100,0.419,3,3.625,864.23,1.208,4.422,0.000
17,ec.gp.GPIndividual@572333555{-827192399},3C_20_66-01.txt,7.322,0.100,0.732,4,4.781,652.98,1.195,4.656,0.000
17,ec.gp.GPIndividual@701595772{-320398584},3C_20_50-02.txt,61.404,0.100,6.140,11,6.984,113.74,0.635,1.766,0.000
17,ec.gp.GPIndividual@701595772{-320398584},3C_20_66-03.txt,118.340,0.100,11.834,2,0.125,1.06,0.063,1.766,0.000
17,ec.gp.GPIndividual@701595772{-320398584},3C_20_80-02.txt,35.738,0.100,3.574,4,0.563,15.74,0.141,1.766,0.000
17,ec.gp.GPIndividual@701595772{-320398584},3C_20_80-03.txt,169.439,0.100,16.944,5,4.844,28.59,0.969,1.766,0.000
17,ec.gp.GPIndividual@701595772{-320398584},3C_20_66-02.txt,154.245,0.100,15.424,6,8.656,56.12,1.443,2.266,0.000
17,ec.gp.GPIndividual@701595772{-320398584},3C_20_50-03.txt,30.993,0.100,3.099,3,5.875,189.56,1.958,4.766,0.000
17,ec.gp.GPIndividual@701595772{-320398584},3C_20_80-01.txt,4.194,0.100,0.419,2,4.766,1136.16,2.383,4.766,0.000
17,ec.gp.GPIndividual@1835897771{-1518602716},3C_20_50-02.txt,61.404,0.100,6.140,6,2.453,39.95,0.409,1.016,0.000
17,ec.gp.GPIndividual@1835897771{-1518602716},3C_20_66-03.txt,118.340,0.100,11.834,10,15.047,127.15,1.505,3.625,0.000
17,ec.gp.GPIndividual@1835897771{-1518602716},3C_20_80-03.txt,169.439,0.100,16.944,3,2.844,16.78,0.948,3.625,0.000
17,ec.gp.GPIndividual@1835897771{-1518602716},3C_20_66-01.txt,7.322,0.100,0.732,3,5.172,706.33,1.724,4.734,0.000
17,ec.gp.GPIndividual@1835897771{-1518602716},3C_20_80-01.txt,4.194,0.100,0.419,4,0.250,59.60,0.063,4.734,0.000
17,ec.gp.GPIndividual@1835897771{-1518602716},3C_20_66-02.txt,154.245,0.100,15.424,3,2.094,13.57,0.698,4.734,0.000
17,ec.gp.GPIndividual@1835897771{-1518602716},3C_20_50-03.txt,30.993,0.100,3.099,5,3.625,116.96,0.725,4.734,0.000
17,ec.gp.GPIndividual@1835897771{-1518602716},3C_20_80-02.txt,35.738,0.100,3.574,3,4.797,134.22,1.599,4.734,0.000
17,ec.gp.GPIndividual@1835897771{-1518602716},3C_20_80-02.txt,35.738,0.100,3.574,5,3.578,100.12,0.716,4.734,0.000
17,ec.gp.GPIndividual@1835897771{-1518602716},3C_20_66-01.txt,7.322,0.100,0.732,2,1.484,202.72,0.742,4.734,0.000
17,ec.gp.GPIndividual@1835897771{-1518602716},3C_20_80-03.txt,169.439,0.100,16.944,2,0.891,5.26,0.445,4.734,0.000
17,ec.gp.GPIndividual@1835897771{-1518602716},3C_20_66-03.txt,118.340,0.100,11.834,11,13.250,111.97,1.205,4.734,0.000
17,ec.gp.GPIndividual@729087990{-1985201728},3C_20_50-02.txt,61.404,0.100,6.140,2,0.953,15.52,0.477,0.953,0.000
17,ec.gp.GPIndividual@729087990{-1985201728},3C_20_66-02.txt,154.245,0.100,15.424,14,14.797,95.93,1.057,4.766,0.000
17,ec.gp.GPIndividual@729087990{-1985201728},3C_20_66-03.txt,118.340,0.100,11.834,9,9.641,81.47,1.071,4.766,0.000
17,ec.gp.GPIndividual@502379463{1996472808},3C_20_50-02.txt,61.404,0.100,6.140,7,0.984,16.03,0.141,0.422,0.000
17,ec.gp.GPIndividual@502379463{1996472808},3C_20_50-03.txt,30.993,0.100,3.099,2,5.828,188.05,2.914,5.828,0.000
17,ec.gp.GPIndividual@502379463{1996472808},3C_20_80-03.txt,169.439,0.100,16.944,2,3.422,20.20,1.711,5.828,0.000
17,ec.gp.GPIndividual@502379463{1996472808},3C_20_80-01.txt,4.194,0.100,0.419,2,1.297,309.19,0.648,5.828,0.000
17,ec.gp.GPIndividual@502379463{1996472808},3C_20_50-03.txt,30.993,0.100,3.099,5,7.156,230.90,1.431,5.828,0.000
17,ec.gp.GPIndividual@502379463{1996472808},3C_20_80-01.txt,4.194,0.100,0.419,2,0.891,212.33,0.445,5.828,0.000
17,ec.gp.GPIndividual@502379463{1996472808},3C_20_80-02.txt,35.738,0.100,3.574,13,4.484,125.48,0.345,5.828,0.000
17,ec.gp.GPIndividual@502379463{1996472808},3C_20_80-02.txt,35.738,0.100,3.574,1,0.000,0.00,0.000,5.828,0.000
17,ec.gp.GPIndividual@502379463{1996472808},3C_20_66-01.txt,7.322,0.100,0.732,2,1.438,196.32,0.719,5.828,0.000
17,ec.gp.GPIndividual@502379463{1996472808},3C_20_80-03.txt,169.439,0.100,16.944,11,10.422,61.51,0.947,5.828,0.000
17,ec.gp.GPIndividual@502379463{1996472808},3C_20_66-02.txt,154.245,0.100,15.424,9,17.453,113.15,1.939,5.828,0.000
17,ec.gp.GPIndividual@137320693{398829303},3C_20_50-02.txt,61.404,0.100,6.140,7,8.094,131.81,1.156,3.391,0.000
17,ec.gp.GPIndividual@137320693{398829303},3C_20_66-01.txt,7.322,0.100,0.732,2,1.313,179.25,0.656,3.391,0.000
17,ec.gp.GPIndividual@137320693{398829303},3C_20_50-03.txt,30.993,0.100,3.099,3,1.109,35.79,0.370,3.391,0.000
17,ec.gp.GPIndividual@320204042{-1548055531},3C_20_50-02.txt,61.404,0.100,6.140,6,3.094,50.38,0.516,1.828,0.000
17,ec.gp.GPIndividual@320204042{-1548055531},3C_20_80-03.txt,169.439,0.100,16.944,10,10.484,61.88,1.048,1.828,0.000
17,ec.gp.GPIndividual@320204042{-1548055531},3C_20_66-02.txt,154.245,0.100,15.424,6,16.109,104.44,2.685,4.594,0.000
17,ec.gp.GPIndividual@320204042{-1548055531},3C_20_66-03.txt,118.340,0.100,11.834,5,2.531,21.39,0.506,4.594,0.000
17,ec.gp.GPIndividual@320204042{-1548055531},3C_20_50-03.txt,30.993,0.100,3.099,3,4.234,136.63,1.411,4.594,0.000
17,ec.gp.GPIndividual@561078375{-556191559},3C_20_50-02.txt,61.404,0.100,6.140,4,7.578,123.41,1.895,4.922,0.438
17,ec.gp.GPIndividual@561078375{-556191559},3C_20_66-01.txt,7.322,0.100,0.732,9,0.859,117.37,0.095,4.922,0.000
17,ec.gp.GPIndividual@561078375{-556191559},3C_20_66-02.txt,154.245,0.100,15.424,10,14.125,91.58,1.413,4.922,0.000
17,ec.gp.GPIndividual@561078375{-556191559},3C_20_50-03.txt,30.993,0.100,3.099,5,4.922,158.81,0.984,4.922,0.000
17,ec.gp.GPIndividual@561078375{-556191559},3C_20_66-01.txt,7.322,0.100,0.732,0,0.000,0.00,0.000,4.922,0.000
17,ec.gp.GPIndividual@561078375{-556191559},3C_20_66-03.txt,118.340,0.100,11.834,3,0.859,7.26,0.286,4.922,0.000
17,ec.gp.GPIndividual@561078375{-556191559},3C_20_66-03.txt,118.340,0.100,11.834,4,2.656,22.45,0.664,4.922,0.000
17,ec.gp.GPIndividual@561078375{-556191559},3C_20_80-01.txt,4.194,0.100,0.419,4,3.891,927.56,0.973,4.922,0.000
17,ec.gp.GPIndividual@561078375{-556191559},3C_20_66-01.txt,7.322,0.100,0.732,8,1.172,160.04,0.146,4.922,0.000
17,ec.gp.GPIndividual@561078375{-556191559},3C_20_66-02.txt,154.245,0.100,15.424,9,17.891,115.99,1.988,4.922,0.000
17,ec.gp.GPIndividual@561078375{-556191559},3C_20_80-01.txt,4.194,0.100,0.419,3,0.422,100.58,0.141,4.922,0.000
17,ec.gp.GPIndividual@561078375{-556191559},3C_20_80-02.txt,35.738,0.100,3.574,6,5.250,146.90,0.875,4.922,0.000
17,ec.gp.GPIndividual@561078375{-556191559},3C_20_80-02.txt,35.738,0.100,3.574,7,3.500,97.93,0.500,4.922,0.000
17,ec.gp.GPIndividual@561078375{-556191559},3C_20_80-01.txt,4.194,0.100,0.419,2,4.266,1016.96,2.133,4.922,0.000
17,ec.gp.GPIndividual@561078375{-556191559},3C_20_66-02.txt,154.245,0.100,15.424,6,2.031,13.17,0.339,4.922,0.000
17,ec.gp.GPIndividual@561078375{-556191559},3C_20_80-03.txt,169.439,0.100,16.944,13,17.750,104.76,1.365,4.922,0.000
17,ec.gp.GPIndividual@561078375{-556191559},3C_20_80-03.txt,169.439,0.100,16.944,5,3.719,21.95,0.744,4.922,0.000
17,ec.gp.GPIndividual@561078375{-556191559},3C_20_66-03.txt,118.340,0.100,11.834,5,6.453,54.53,1.291,5.656,0.000
17,ec.gp.GPIndividual@1905248552{-383524296},3C_20_50-02.txt,61.404,0.100,6.140,6,5.125,83.46,0.854,2.531,0.000
17,ec.gp.GPIndividual@1905248552{-383524296},3C_20_66-03.txt,118.340,0.100,11.834,6,12.750,107.74,2.125,4.797,0.000
17,ec.gp.GPIndividual@1905248552{-383524296},3C_20_80-01.txt,4.194,0.100,0.419,2,2.266,540.14,1.133,4.797,0.000
17,ec.gp.GPIndividual@1905248552{-383524296},3C_20_80-02.txt,35.738,0.100,3.574,6,4.047,113.24,0.674,4.797,0.000
17,ec.gp.GPIndividual@2074157547{863577232},3C_20_50-02.txt,61.404,0.100,6.140,7,7.922,129.01,1.132,6.219,0.000
17,ec.gp.GPIndividual@644921966{1444175152},3C_20_50-02.txt,61.404,0.100,6.140,11,3.813,62.09,0.347,0.703,0.000
17,ec.gp.GPIndividual@644921966{1444175152},3C_20_66-02.txt,154.245,0.100,15.424,2,1.047,6.79,0.523,1.047,0.000
17,ec.gp.GPIndividual@644921966{1444175152},3C_20_50-03.txt,30.993,0.100,3.099,7,3.391,109.40,0.484,1.156,0.000
17,ec.gp.GPIndividual@644921966{1444175152},3C_20_80-02.txt,35.738,0.100,3.574,5,1.469,41.10,0.294,1.250,0.000
17,ec.gp.GPIndividual@644921966{1444175152},3C_20_66-03.txt,118.340,0.100,11.834,9,7.953,67.21,0.884,2.531,0.000
17,ec.gp.GPIndividual@644921966{1444175152},3C_20_66-01.txt,7.322,0.100,0.732,6,1.313,179.25,0.219,2.531,0.000
17,ec.gp.GPIndividual@644921966{1444175152},3C_20_80-03.txt,169.439,0.100,16.944,1,0.000,0.00,0.000,2.531,0.000
17,ec.gp.GPIndividual@644921966{1444175152},3C_20_66-02.txt,154.245,0.100,15.424,10,12.797,82.96,1.280,5.688,0.000
17,ec.gp.GPIndividual@644921966{1444175152},3C_20_80-01.txt,4.194,0.100,0.419,2,4.125,983.43,2.063,5.688,0.000
17,ec.gp.GPIndividual@484471837{-1131637607},3C_20_50-02.txt,61.404,0.100,6.140,5,4.063,66.16,0.813,3.344,0.000
17,ec.gp.GPIndividual@484471837{-1131637607},3C_20_66-03.txt,118.340,0.100,11.834,11,12.688,107.21,1.153,3.344,0.000
17,ec.gp.GPIndividual@484471837{-1131637607},3C_20_50-03.txt,30.993,0.100,3.099,2,0.328,10.59,0.164,3.344,0.000
17,ec.gp.GPIndividual@484471837{-1131637607},3C_20_80-01.txt,4.194,0.100,0.419,3,0.953,227.23,0.318,3.344,0.000
17,ec.gp.GPIndividual@484471837{-1131637607},3C_20_80-02.txt,35.738,0.100,3.574,8,3.547,99.25,0.443,3.344,0.000
17,ec.gp.GPIndividual@484471837{-1131637607},3C_20_80-02.txt,35.738,0.100,3.574,9,4.250,118.92,0.472,3.344,0.000
17,ec.gp.GPIndividual@484471837{-1131637607},3C_20_66-01.txt,7.322,0.100,0.732,3,0.516,70.42,0.172,3.344,0.000
17,ec.gp.GPIndividual@484471837{-1131637607},3C_20_80-03.txt,169.439,0.100,16.944,4,0.281,1.66,0.070,3.344,0.000
17,ec.gp.GPIndividual@484471837{-1131637607},3C_20_80-03.txt,169.439,0.100,16.944,11,11.156,65.84,1.014,3.906,0.000
17,ec.gp.GPIndividual@351189523{1395853473},3C_20_50-02.txt,61.404,0.100,6.140,3,5.125,83.46,1.708,4.969,0.000
17,ec.gp.GPIndividual@351189523{1395853473},3C_20_66-02.txt,154.245,0.100,15.424,3,5.125,33.23,1.708,5.125,0.000
17,ec.gp.GPIndividual@122293703{708877582},3C_20_50-02.txt,61.404,0.100,6.140,6,3.703,60.31,0.617,1.031,0.000
17,ec.gp.GPIndividual@122293703{708877582},3C_20_50-03.txt,30.993,0.100,3.099,5,3.594,115.96,0.719,1.328,0.000
17,ec.gp.GPIndividual@122293703{708877582},3C_20_66-01.txt,7.322,0.100,0.732,3,1.000,136.57,0.333,1.328,0.000
17,ec.gp.GPIndividual@122293703{708877582},3C_20_50-03.txt,30.993,0.100,3.099,7,2.281,73.61,0.326,1.328,0.000
17,ec.gp.GPIndividual@122293703{708877582},3C_20_66-02.txt,154.245,0.100,15.424,3,1.891,12.26,0.630,1.328,0.000
17,ec.gp.GPIndividual@122293703{708877582},3C_20_66-03.txt,118.340,0.100,11.834,5,3.953,33.40,0.791,1.813,0.000
17,ec.gp.GPIndividual@122293703{708877582},3C_20_66-03.txt,118.340,0.100,11.834,7,11.906,100.61,1.701,2.891,0.000
17,ec.gp.GPIndividual@122293703{708877582},3C_20_80-01.txt,4.194,0.100,0.419,3,0.734,175.08,0.245,2.891,0.000
17,ec.gp.GPIndividual@122293703{708877582},3C_20_66-01.txt,7.322,0.100,0.732,4,0.672,91.76,0.168,2.891,0.000
17,ec.gp.GPIndividual@122293703{708877582},3C_20_80-02.txt,35.738,0.100,3.574,7,3.891,108.86,0.556,3.172,0.000
17,ec.gp.GPIndividual@122293703{708877582},3C_20_66-02.txt,154.245,0.100,15.424,3,0.141,0.91,0.047,3.172,0.000
17,ec.gp.GPIndividual@122293703{708877582},3C_20_80-01.txt,4.194,0.100,0.419,2,0.859,204.88,0.430,3.172,0.000
17,ec.gp.GPIndividual@122293703{708877582},3C_20_80-03.txt,169.439,0.100,16.944,16,14.344,84.65,0.896,3.391,0.000
17,ec.gp.GPIndividual@122293703{708877582},3C_20_66-03.txt,118.340,0.100,11.834,8,11.500,97.18,1.438,4.531,0.000
17,ec.gp.GPIndividual@122293703{708877582},3C_20_80-02.txt,35.738,0.100,3.574,2,2.922,81.76,1.461,4.531,0.000
17,ec.gp.GPIndividual@823728786{-993618139},3C_20_50-02.txt,61.404,0.100,6.140,5,1.172,19.08,0.234,1.031,0.000
17,ec.gp.GPIndividual@823728786{-993618139},3C_20_80-01.txt,4.194,0.100,0.419,9,1.172,279.38,0.130,1.031,0.000
17,ec.gp.GPIndividual@823728786{-993618139},3C_20_80-03.txt,169.439,0.100,16.944,17,9.453,55.79,0.556,2.359,0.000
17,ec.gp.GPIndividual@823728786{-993618139},3C_20_80-02.txt,35.738,0.100,3.574,4,5.188,145.15,1.297,3.813,0.000
17,ec.gp.GPIndividual@1456996599{1674300404},3C_20_50-02.txt,61.404,0.100,6.140,6,7.125,116.03,1.188,5.063,0.000
17,ec.gp.GPIndividual@1456996599{1674300404},3C_20_50-03.txt,30.993,0.100,3.099,5,3.719,119.99,0.744,5.063,0.000
17,ec.gp.GPIndividual@1456996599{1674300404},3C_20_66-01.txt,7.322,0.100,0.732,2,0.953,130.17,0.477,5.063,0.000
17,ec.gp.GPIndividual@1456996599{1674300404},3C_20_80-03.txt,169.439,0.100,16.944,2,0.281,1.66,0.141,5.063,0.000
17,ec.gp.GPIndividual@1456996599{1674300404},3C_20_50-03.txt,30.993,0.100,3.099,12,3.594,115.96,0.299,5.063,0.000
17,ec.gp.GPIndividual@1456996599{1674300404},3C_20_66-02.txt,154.245,0.100,15.424,15,15.359,99.58,1.024,5.297,0.000
18,ec.gp.GPIndividual@942391276{146836304},3C_20_50-02.txt,61.404,0.100,6.140,1,0.000,0.00,0.000,0.000,0.000
18,ec.gp.GPIndividual@942391276{146836304},3C_20_50-03.txt,30.993,0.100,3.099,0,0.000,0.00,0.000,0.000,0.000
18,ec.gp.GPIndividual@942391276{146836304},3C_20_66-01.txt,7.322,0.100,0.732,0,0.000,0.00,0.000,0.000,0.000
18,ec.gp.GPIndividual@942391276{146836304},3C_20_66-02.txt,154.245,0.100,15.424,0,0.000,0.00,0.000,0.000,0.000
18,ec.gp.GPIndividual@942391276{146836304},3C_20_66-03.txt,118.340,0.100,11.834,0,0.000,0.00,0.000,0.000,0.000
18,ec.gp.GPIndividual@942391276{146836304},3C_20_80-01.txt,4.194,0.100,0.419,0,0.000,0.00,0.000,0.000,0.000
18,ec.gp.GPIndividual@942391276{146836304},3C_20_80-02.txt,35.738,0.100,3.574,0,0.000,0.00,0.000,0.000,0.000
18,ec.gp.GPIndividual@942391276{146836304},3C_20_80-03.txt,169.439,0.100,16.944,0,0.000,0.00,0.000,0.000,0.000
18,ec.gp.GPIndividual@2139363887{-284623222},3C_20_50-02.txt,61.404,0.100,6.140,3,0.188,3.05,0.063,0.094,0.000
18,ec.gp.GPIndividual@2139363887{-284623222},3C_20_50-03.txt,30.993,0.100,3.099,2,0.094,3.02,0.047,0.094,0.000
18,ec.gp.GPIndividual@2139363887{-284623222},3C_20_50-03.txt,30.993,0.100,3.099,10,3.953,127.55,0.395,1.188,0.000
18,ec.gp.GPIndividual@2139363887{-284623222},3C_20_50-03.txt,30.993,0.100,3.099,4,0.156,5.04,0.039,1.188,0.000
18,ec.gp.GPIndividual@2139363887{-284623222},3C_20_50-03.txt,30.993,0.100,3.099,3,2.688,86.71,0.896,1.344,0.000
18,ec.gp.GPIndividual@2139363887{-284623222},3C_20_66-01.txt,7.322,0.100,0.732,1,0.000,0.00,0.000,1.344,0.000
18,ec.gp.GPIndividual@2139363887{-284623222},3C_20_66-01.txt,7.322,0.100,0.732,2,1.578,215.53,0.789,1.578,0.000
18,ec.gp.GPIndividual@2139363887{-284623222},3C_20_50-03.txt,30.993,0.100,3.099,2,0.703,22.69,0.352,1.578,0.000
18,ec.gp.GPIndividual@2139363887{-284623222},3C_20_50-03.txt,30.993,0.100,3.099,3,0.875,28.23,0.292,1.578,0.000
18,ec.gp.GPIndividual@2139363887{-284623222},3C_20_66-02.txt,154.245,0.100,15.424,2,1.344,8.71,0.672,1.578,0.000
18,ec.gp.GPIndividual@2139363887{-284623222},3C_20_66-02.txt,154.245,0.100,15.424,5,6.156,39.91,1.231,2.250,0.000
18,ec.gp.GPIndividual@2139363887{-284623222},3C_20_66-03.txt,118.340,0.100,11.834,2,2.500,21.13,1.250,2.500,0.000
18,ec.gp.GPIndividual@2139363887{-284623222},3C_20_66-03.txt,118.340,0.100,11.834,4,13.125,110.91,3.281,4.578,0.000
18,ec.gp.GPIndividual@2139363887{-284623222},3C_20_66-01.txt,7.322,0.100,0.732,2,4.578,625.24,2.289,4.578,0.000
18,ec.gp.GPIndividual@2139363887{-284623222},3C_20_66-01.txt,7.322,0.100,0.732,5,1.141,155.78,0.228,4.578,0.000
18,ec.gp.GPIndividual@2139363887{-284623222},3C_20_66-02.txt,154.245,0.100,15.424,1,0.000,0.00,0.000,4.578,0.000
18,ec.gp.GPIndividual@2139363887{-284623222},3C_20_66-02.txt,154.245,0.100,15.424,4,6.156,39.91,1.539,4.828,0.000
18,ec.gp.GPIndividual@2139363887{-284623222},3C_20_80-01.txt,4.194,0.100,0.419,2,0.172,40.98,0.086,4.828,0.000
18,ec.gp.GPIndividual@2139363887{-284623222},3C_20_80-02.txt,35.738,0.100,3.574,7,3.328,93.13,0.475,4.828,0.000
18,ec.gp.GPIndividual@2139363887{-284623222},3C_20_66-01.txt,7.322,0.100,0.732,2,4.766,650.85,2.383,4.828,0.000
18,ec.gp.GPIndividual@2139363887{-284623222},3C_20_80-01.txt,4.194,0.100,0.419,4,0.813,193.71,0.203,4.828,0.000
18,ec.gp.GPIndividual@2139363887{-284623222},3C_20_66-02.txt,154.245,0.100,15.424,4,6.641,43.05,1.660,4.828,0.000
18,ec.gp.GPIndividual@2139363887{-284623222},3C_20_80-03.txt,169.439,0.100,16.944,1,0.000,0.00,0.000,4.828,0.000
18,ec.gp.GPIndividual@2139363887{-284623222},3C_20_80-02.txt,35.738,0.100,3.574,4,3.156,88.32,0.789,4.828,0.000
18,ec.gp.GPIndividual@2139363887{-284623222},3C_20_66-03.txt,118.340,0.100,11.834,6,4.953,41.86,0.826,4.828,0.000
18,ec.gp.GPIndividual@2139363887{-284623222},3C_20_66-03.txt,118.340,0.100,11.834,1,0.000,0.00,0.000,4.828,0.000
18,ec.gp.GPIndividual@2139363887{-284623222},3C_20_80-03.txt,169.439,0.100,16.944,4,5.672,33.47,1.418,5.672,0.000
18,ec.gp.GPIndividual@2139363887{-284623222},3C_20_66-01.txt,7.322,0.100,0.732,2,1.391,189.92,0.695,5.672,0.000
18,ec.gp.GPIndividual@2139363887{-284623222},3C_20_66-03.txt,118.340,0.100,11.834,6,13.328,112.63,2.221,5.813,0.000
18,ec.gp.GPIndividual@2139363887{-284623222},3C_20_80-01.txt,4.194,0.100,0.419,5,5.328,1270.27,1.066,5.813,0.000
18,ec.gp.GPIndividual@2139363887{-284623222},3C_20_80-01.txt,4.194,0.100,0.419,2,1.375,327.81,0.688,5.813,0.000
18,ec.gp.GPIndividual@2139363887{-284623222},3C_20_66-02.txt,154.245,0.100,15.424,3,2.297,14.89,0.766,5.813,0.000
18,ec.gp.GPIndividual@1279696093{685329472},3C_20_50-02.txt,61.404,0.100,6.140,1,0.000,0.00,0.000,0.000,0.000
18,ec.gp.GPIndividual@1279696093{685329472},3C_20_80-02.txt,35.738,0.100,3.574,2,5.906,165.26,2.953,5.906,0.000
18,ec.gp.GPIndividual@509286894{1147098675},3C_20_50-02.txt,61.404,0.100,6.140,0,0.000,0.00,0.000,0.000,0.000
18,ec.gp.GPIndividual@509286894{1147098675},3C_20_50-03.txt,30.993,0.100,3.099,0,0.000,0.00,0.000,0.000,0.000
18,ec.gp.GPIndividual@509286894{1147098675},3C_20_66-01.txt,7.322,0.100,0.732,0,0.000,0.00,0.000,0.000,0.000
18,ec.gp.GPIndividual@509286894{1147098675},3C_20_66-02.txt,154.245,0.100,15.424,0,0.000,0.00,0.000,0.000,0.000
18,ec.gp.GPIndividual@509286894{1147098675},3C_20_66-03.txt,118.340,0.100,11.834,0,0.000,0.00,0.000,0.000,0.000
18,ec.gp.GPIndividual@509286894{1147098675},3C_20_80-01.txt,4.194,0.100,0.419,0,0.000,0.00,0.000,0.000,0.000
18,ec.gp.GPIndividual@509286894{1147098675},3C_20_80-02.txt,35.738,0.100,3.574,0,0.000,0.00,0.000,0.000,0.000
18,ec.gp.GPIndividual@509286894{1147098675},3C_20_80-03.txt,169.439,0.100,16.944,0,0.000,0.00,0.000,0.000,0.000
18,ec.gp.GPIndividual@1743740221{232959455},3C_20_50-02.txt,61.404,0.100,6.140,6,6.344,103.31,1.057,4.859,0.000
18,ec.gp.GPIndividual@1743740221{232959455},3C_20_50-03.txt,30.993,0.100,3.099,1,0.000,0.00,0.000,4.859,0.000
18,ec.gp.GPIndividual@1743740221{232959455},3C_20_80-02.txt,35.738,0.100,3.574,6,4.063,113.67,0.677,4.859,0.000
18,ec.gp.GPIndividual@1743740221{232959455},3C_20_80-03.txt,169.439,0.100,16.944,17,16.406,96.83,0.965,4.859,0.000
18,ec.gp.GPIndividual@1743740221{232959455},3C_20_50-03.txt,30.993,0.100,3.099,2,4.281,138.14,2.141,4.859,0.000
18,ec.gp.GPIndividual@1743740221{232959455},3C_20_66-01.txt,7.322,0.100,0.732,2,1.094,149.37,0.547,4.859,0.000
18,ec.gp.GPIndividual@1743740221{232959455},3C_20_80-03.txt,169.439,0.100,16.944,13,16.641,98.21,1.280,5.969,0.000
18,ec.gp.GPIndividual@1743740221{232959455},3C_20_66-03.txt,118.340,0.100,11.834,5,2.453,20.73,0.491,5.969,0.000
18,ec.gp.GPIndividual@722159888{-1196239714},3C_20_50-02.txt,61.404,0.100,6.140,3,1.953,31.81,0.651,1.609,0.000
18,ec.gp.GPIndividual@722159888{-1196239714},3C_20_66-02.txt,154.245,0.100,15.424,10,15.719,101.91,1.572,5.438,0.000
18,ec.gp.GPIndividual@744692902{819368271},3C_20_50-02.txt,61.404,0.100,6.140,4,7.594,123.67,1.898,4.781,0.000
18,ec.gp.GPIndividual@744692902{819368271},3C_20_80-01.txt,4.194,0.100,0.419,4,2.438,581.12,0.609,4.781,0.000
18,ec.gp.GPIndividual@744692902{819368271},3C_20_66-01.txt,7.322,0.100,0.732,2,2.563,349.96,1.281,4.781,0.000
18,ec.gp.GPIndividual@744692902{819368271},3C_20_50-03.txt,30.993,0.100,3.099,2,1.656,53.44,0.828,4.781,0.000
18,ec.gp.GPIndividual@744692902{819368271},3C_20_50-03.txt,30.993,0.100,3.099,10,3.750,121.00,0.375,4.781,0.000
18,ec.gp.GPIndividual@744692902{819368271},3C_20_66-03.txt,118.340,0.100,11.834,10,12.266,103.65,1.227,4.781,0.000
18,ec.gp.GPIndividual@744692902{819368271},3C_20_80-01.txt,4.194,0.100,0.419,3,0.703,167.63,0.234,4.781,0.000
18,ec.gp.GPIndividual@744692902{819368271},3C_20_80-02.txt,35.738,0.100,3.574,6,1.203,33.67,0.201,4.781,0.000
18,ec.gp.GPIndividual@744692902{819368271},3C_20_66-02.txt,154.245,0.100,15.424,7,6.000,38.90,0.857,4.781,0.000
18,ec.gp.GPIndividual@744692902{819368271},3C_20_66-01.txt,7.322,0.100,0.732,3,4.203,574.03,1.401,4.781,0.000
18,ec.gp.GPIndividual@744692902{819368271},3C_20_66-01.txt,7.322,0.100,0.732,2,1.234,168.58,0.617,4.781,0.000
18,ec.gp.GPIndividual@744692902{819368271},3C_20_80-02.txt,35.738,0.100,3.574,5,7.875,220.35,1.575,4.797,0.000
18,ec.gp.GPIndividual@744692902{819368271},3C_20_80-01.txt,4.194,0.100,0.419,4,0.234,55.88,0.059,4.797,0.000
18,ec.gp.GPIndividual@744692902{819368271},3C_20_66-02.txt,154.245,0.100,15.424,5,0.391,2.53,0.078,4.797,0.000
18,ec.gp.GPIndividual@744692902{819368271},3C_20_66-03.txt,118.340,0.100,11.834,9,12.109,102.33,1.345,4.797,0.000
18,ec.gp.GPIndividual@744692902{819368271},3C_20_80-02.txt,35.738,0.100,3.574,4,4.156,116.30,1.039,4.797,0.000
18,ec.gp.GPIndividual@744692902{819368271},3C_20_66-03.txt,118.340,0.100,11.834,3,0.172,1.45,0.057,4.797,0.000
18,ec.gp.GPIndividual@744692902{819368271},3C_20_80-03.txt,169.439,0.100,16.944,2,1.547,9.13,0.773,4.797,0.000
18,ec.gp.GPIndividual@744692902{819368271},3C_20_66-02.txt,154.245,0.100,15.424,4,0.984,6.38,0.246,4.797,0.000
18,ec.gp.GPIndividual@744692902{819368271},3C_20_80-03.txt,169.439,0.100,16.944,8,17.750,104.76,2.219,4.813,0.000
18,ec.gp.GPIndividual@744692902{819368271},3C_20_80-01.txt,4.194,0.100,0.419,3,1.594,379.96,0.531,4.813,0.000
18,ec.gp.GPIndividual@744692902{819368271},3C_20_66-03.txt,118.340,0.100,11.834,6,5.859,49.51,0.977,4.813,0.000
18,ec.gp.GPIndividual@744692902{819368271},3C_20_80-02.txt,35.738,0.100,3.574,2,6.250,174.88,3.125,6.250,0.000
18,ec.gp.GPIndividual@1620384353{-698875543},3C_20_50-02.txt,61.404,0.100,6.140,3,6.641,108.15,2.214,6.109,0.000
18,ec.gp.GPIndividual@1617819636{1404212586},3C_20_50-02.txt,61.404,0.100,6.140,12,7.609,123.92,0.634,1.938,0.000
18,ec.gp.GPIndividual@1617819636{1404212586},3C_20_50-03.txt,30.993,0.100,3.099,3,3.469,111.92,1.156,2.063,0.000
18,ec.gp.GPIndividual@1617819636{1404212586},3C_20_80-03.txt,169.439,0.100,16.944,12,17.953,105.96,1.496,4.891,0.000
18,ec.gp.GPIndividual@1617819636{1404212586},3C_20_66-01.txt,7.322,0.100,0.732,2,2.172,296.62,1.086,4.891,0.000
18,ec.gp.GPIndividual@1617819636{1404212586},3C_20_50-03.txt,30.993,0.100,3.099,6,5.375,173.43,0.896,4.891,0.000
18,ec.gp.GPIndividual@1617819636{1404212586},3C_20_80-01.txt,4.194,0.100,0.419,6,6.031,1437.90,1.005,5.688,0.000
18,ec.gp.GPIndividual@266563726{1563278353},3C_20_50-02.txt,61.404,0.100,6.140,11,10.547,171.76,0.959,6.813,0.000
18,ec.gp.GPIndividual@266563726{1563278353},3C_20_80-03.txt,169.439,0.100,16.944,13,8.047,47.49,0.619,6.813,0.000
18,ec.gp.GPIndividual@266563726{1563278353},3C_20_66-02.txt,154.245,0.100,15.424,8,18.734,121.46,2.342,6.813,0.000
18,ec.gp.GPIndividual@266563726{1563278353},3C_20_80-01.txt,4.194,0.100,0.419,3,0.500,119.20,0.167,6.813,0.000
18,ec.gp.GPIndividual@266563726{1563278353},3C_20_66-01.txt,7.322,0.100,0.732,5,1.328,181.38,0.266,6.813,0.000
18,ec.gp.GPIndividual@266563726{1563278353},3C_20_66-03.txt,118.340,0.100,11.834,13,16.172,136.66,1.244,6.813,0.000
18,ec.gp.GPIndividual@266563726{1563278353},3C_20_80-02.txt,35.738,0.100,3.574,1,0.000,0.00,0.000,6.813,0.000
18,ec.gp.GPIndividual@266563726{1563278353},3C_20_80-02.txt,35.738,0.100,3.574,5,0.703,19.67,0.141,6.813,0.000
18,ec.gp.GPIndividual@266563726{1563278353},3C_20_50-03.txt,30.993,0.100,3.099,3,3.250,104.86,1.083,6.813,0.000
18,ec.gp.GPIndividual@408330596{-1743251629},3C_20_50-02.txt,61.404,0.100,6.140,5,8.953,145.81,1.791,4.609,0.000
18,ec.gp.GPIndividual@877957360{-1548055531},3C_20_50-02.txt,61.404,0.100,6.140,10,4.031,65.65,0.403,2.453,0.000
18,ec.gp.GPIndividual@877957360{-1548055531},3C_20_66-03.txt,118.340,0.100,11.834,4,1.750,14.79,0.438,2.453,0.000
18,ec.gp.GPIndividual@877957360{-1548055531},3C_20_80-01.txt,4.194,0.100,0.419,6,0.516,122.93,0.086,2.453,0.000
18,ec.gp.GPIndividual@877957360{-1548055531},3C_20_80-02.txt,35.738,0.100,3.574,4,1.234,34.54,0.309,2.453,0.000
18,ec.gp.GPIndividual@877957360{-1548055531},3C_20_80-01.txt,4.194,0.100,0.419,2,1.484,353.89,0.742,2.453,0.000
18,ec.gp.GPIndividual@877957360{-1548055531},3C_20_50-03.txt,30.993,0.100,3.099,6,3.938,127.05,0.656,2.453,0.000
18,ec.gp.GPIndividual@877957360{-1548055531},3C_20_50-03.txt,30.993,0.100,3.099,4,3.203,103.35,0.801,2.453,0.000
18,ec.gp.GPIndividual@877957360{-1548055531},3C_20_80-03.txt,169.439,0.100,16.944,6,1.406,8.30,0.234,2.453,0.000
18,ec.gp.GPIndividual@877957360{-1548055531},3C_20_80-02.txt,35.738,0.100,3.574,6,6.813,190.62,1.135,4.516,0.000
18,ec.gp.GPIndividual@877957360{-1548055531},3C_20_80-01.txt,4.194,0.100,0.419,3,1.719,409.76,0.573,4.516,0.000
18,ec.gp.GPIndividual@877957360{-1548055531},3C_20_80-03.txt,169.439,0.100,16.944,16,20.719,122.28,1.295,4.781,0.000
18,ec.gp.GPIndividual@2048850079{8199982},3C_20_50-02.txt,61.404,0.100,6.140,4,0.406,6.62,0.102,0.406,0.000
18,ec.gp.GPIndividual@2048850079{8199982},3C_20_66-01.txt,7.322,0.100,0.732,4,1.078,147.24,0.270,0.406,0.000
18,ec.gp.GPIndividual@2048850079{8199982},3C_20_50-03.txt,30.993,0.100,3.099,4,2.609,84.19,0.652,2.609,0.000
18,ec.gp.GPIndividual@975663729{-703547724},3C_20_50-02.txt,61.404,0.100,6.140,4,7.047,114.76,1.762,4.516,0.000
18,ec.gp.GPIndividual@975663729{-703547724},3C_20_66-01.txt,7.322,0.100,0.732,2,0.953,130.17,0.477,4.516,0.000
18,ec.gp.GPIndividual@975663729{-703547724},3C_20_66-02.txt,154.245,0.100,15.424,6,3.359,21.78,0.560,4.516,0.000
18,ec.gp.GPIndividual@975663729{-703547724},3C_20_80-02.txt,35.738,0.100,3.574,5,2.781,77.82,0.556,4.516,0.000
18,ec.gp.GPIndividual@975663729{-703547724},3C_20_66-02.txt,154.245,0.100,15.424,11,15.484,100.39,1.408,4.516,0.000
18,ec.gp.GPIndividual@975663729{-703547724},3C_20_66-01.txt,7.322,0.100,0.732,7,1.078,147.24,0.154,4.516,0.000
18,ec.gp.GPIndividual@975663729{-703547724},3C_20_50-03.txt,30.993,0.100,3.099,5,3.500,112.93,0.700,4.516,0.000
18,ec.gp.GPIndividual@975663729{-703547724},3C_20_66-03.txt,118.340,0.100,11.834,1,0.000,0.00,0.000,4.516,0.000
18,ec.gp.GPIndividual@975663729{-703547724},3C_20_66-03.txt,118.340,0.100,11.834,5,4.266,36.05,0.853,4.516,0.000
18,ec.gp.GPIndividual@975663729{-703547724},3C_20_66-02.txt,154.245,0.100,15.424,10,17.734,114.98,1.773,4.781,0.000
18,ec.gp.GPIndividual@975663729{-703547724},3C_20_80-01.txt,4.194,0.100,0.419,3,0.422,100.58,0.141,4.781,0.000
18,ec.gp.GPIndividual@975663729{-703547724},3C_20_80-02.txt,35.738,0.100,3.574,9,3.922,109.74,0.436,4.781,0.000
18,ec.gp.GPIndividual@975663729{-703547724},3C_20_80-01.txt,4.194,0.100,0.419,1,0.000,0.00,0.000,4.781,0.000
18,ec.gp.GPIndividual@975663729{-703547724},3C_20_66-03.txt,118.340,0.100,11.834,9,12.047,101.80,1.339,5.188,0.000
18,ec.gp.GPIndividual@975663729{-703547724},3C_20_80-03.txt,169.439,0.100,16.944,3,0.281,1.66,0.094,5.188,0.000
18,ec.gp.GPIndividual@975663729{-703547724},3C_20_80-02.txt,35.738,0.100,3.574,14,4.875,136.41,0.348,5.188,0.000
18,ec.gp.GPIndividual@975663729{-703547724},3C_20_80-03.txt,169.439,0.100,16.944,4,0.688,4.06,0.172,5.188,0.000
18,ec.gp.GPIndividual@975663729{-703547724},3C_20_80-03.txt,169.439,0.100,16.944,6,19.734,116.47,3.289,5.188,0.000
18,ec.gp.GPIndividual@1477468288{-1019426559},3C_20_50-02.txt,61.404,0.100,6.140,3,5.938,96.70,1.979,5.047,0.000
18,ec.gp.GPIndividual@1477468288{-1019426559},3C_20_80-01.txt,4.194,0.100,0.419,2,1.969,469.37,0.984,5.047,0.000
18,ec.gp.GPIndividual@1477468288{-1019426559},3C_20_66-01.txt,7.322,0.100,0.732,7,0.828,113.10,0.118,5.047,0.000
18,ec.gp.GPIndividual@1477468288{-1019426559},3C_20_50-03.txt,30.993,0.100,3.099,6,0.875,28.23,0.146,5.047,0.000
18,ec.gp.GPIndividual@349271767{1458450091},3C_20_50-02.txt,61.404,0.100,6.140,6,4.047,65.91,0.674,3.281,0.000
18,ec.gp.GPIndividual@580776245{1101089937},3C_20_50-02.txt,61.404,0.100,6.140,8,6.688,108.91,0.836,1.359,0.000
18,ec.gp.GPIndividual@580776245{1101089937},3C_20_80-02.txt,35.738,0.100,3.574,4,2.172,60.77,0.543,1.359,0.000
18,ec.gp.GPIndividual@580776245{1101089937},3C_20_50-03.txt,30.993,0.100,3.099,6,2.094,67.56,0.349,1.359,0.000
18,ec.gp.GPIndividual@580776245{1101089937},3C_20_66-02.txt,154.245,0.100,15.424,2,0.984,6.38,0.492,1.359,0.000
18,ec.gp.GPIndividual@580776245{1101089937},3C_20_50-03.txt,30.993,0.100,3.099,6,3.469,111.92,0.578,1.375,0.000
18,ec.gp.GPIndividual@580776245{1101089937},3C_20_66-01.txt,7.322,0.100,0.732,3,0.844,115.23,0.281,1.375,0.000
18,ec.gp.GPIndividual@580776245{1101089937},3C_20_80-03.txt,169.439,0.100,16.944,3,0.125,0.74,0.042,1.375,0.000
18,ec.gp.GPIndividual@580776245{1101089937},3C_20_66-02.txt,154.245,0.100,15.424,12,16.453,106.67,1.371,3.563,0.000
18,ec.gp.GPIndividual@580776245{1101089937},3C_20_66-01.txt,7.322,0.100,0.732,3,1.672,228.33,0.557,3.563,0.000
18,ec.gp.GPIndividual@580776245{1101089937},3C_20_66-03.txt,118.340,0.100,11.834,2,1.000,8.45,0.500,3.563,0.000
18,ec.gp.GPIndividual@580776245{1101089937},3C_20_66-03.txt,118.340,0.100,11.834,8,7.797,65.89,0.975,4.406,0.000
18,ec.gp.GPIndividual@580776245{1101089937},3C_20_66-02.txt,154.245,0.100,15.424,4,2.594,16.82,0.648,4.406,0.000
18,ec.gp.GPIndividual@580776245{1101089937},3C_20_66-01.txt,7.322,0.100,0.732,2,3.031,413.98,1.516,4.406,0.000
18,ec.gp.GPIndividual@1793131408{1295570354},3C_20_50-02.txt,61.404,0.100,6.140,1,0.000,0.00,0.000,0.000,0.000
18,ec.gp.GPIndividual@1793131408{1295570354},3C_20_50-03.txt,30.993,0.100,3.099,1,0.000,0.00,0.000,0.000,0.000
18,ec.gp.GPIndividual@1793131408{1295570354},3C_20_66-01.txt,7.322,0.100,0.732,1,0.000,0.00,0.000,0.000,0.000
18,ec.gp.GPIndividual@1793131408{1295570354},3C_20_66-02.txt,154.245,0.100,15.424,1,0.000,0.00,0.000,0.000,0.000
18,ec.gp.GPIndividual@1793131408{1295570354},3C_20_66-03.txt,118.340,0.100,11.834,1,0.000,0.00,0.000,0.000,0.000
18,ec.gp.GPIndividual@1793131408{1295570354},3C_20_80-01.txt,4.194,0.100,0.419,1,0.000,0.00,0.000,0.000,0.000
18,ec.gp.GPIndividual@1793131408{1295570354},3C_20_80-02.txt,35.738,0.100,3.574,1,0.000,0.00,0.000,0.000,0.000
18,ec.gp.GPIndividual@1793131408{1295570354},3C_20_80-03.txt,169.439,0.100,16.944,1,0.000,0.00,0.000,0.000,0.000
18,ec.gp.GPIndividual@265291263{-850797772},3C_20_50-02.txt,61.404,0.100,6.140,6,7.984,130.03,1.331,4.578,0.000
18,ec.gp.GPIndividual@265291263{-850797772},3C_20_80-01.txt,4.194,0.100,0.419,3,5.109,1218.12,1.703,4.828,0.000
18,ec.gp.GPIndividual@265291263{-850797772},3C_20_80-01.txt,4.194,0.100,0.419,5,1.547,368.79,0.309,4.828,0.000
18,ec.gp.GPIndividual@265291263{-850797772},3C_20_50-03.txt,30.993,0.100,3.099,11,3.703,119.48,0.337,4.828,0.000
18,ec.gp.GPIndividual@265291263{-850797772},3C_20_66-02.txt,154.245,0.100,15.424,1,0.000,0.00,0.000,4.828,0.000
18,ec.gp.GPIndividual@265291263{-850797772},3C_20_66-03.txt,118.340,0.100,11.834,5,4.297,36.31,0.859,4.828,0.000
18,ec.gp.GPIndividual@265291263{-850797772},3C_20_80-02.txt,35.738,0.100,3.574,8,4.188,117.17,0.523,4.828,0.000
18,ec.gp.GPIndividual@265291263{-850797772},3C_20_66-03.txt,118.340,0.100,11.834,1,0.000,0.00,0.000,4.828,0.000
18,ec.gp.GPIndividual@265291263{-850797772},3C_20_80-02.txt,35.738,0.100,3.574,4,2.359,66.02,0.590,4.828,0.000
18,ec.gp.GPIndividual@265291263{-850797772},3C_20_80-03.txt,169.439,0.100,16.944,8,17.781,104.94,2.223,4.828,0.000
18,ec.gp.GPIndividual@265291263{-850797772},3C_20_80-03.txt,169.439,0.100,16.944,4,0.281,1.66,0.070,4.828,0.000
18,ec.gp.GPIndividual@265291263{-850797772},3C_20_80-01.txt,4.194,0.100,0.419,3,2.813,670.52,0.938,4.828,0.000
18,ec.gp.GPIndividual@265291263{-850797772},3C_20_80-01.txt,4.194,0.100,0.419,5,0.531,126.65,0.106,4.828,0.000
18,ec.gp.GPIndividual@265291263{-850797772},3C_20_80-02.txt,35.738,0.100,3.574,2,4.688,131.16,2.344,4.828,0.000
18,ec.gp.GPIndividual@1042576889{1313641390},3C_20_50-02.txt,61.404,0.100,6.140,5,6.203,101.02,1.241,4.828,0.000
18,ec.gp.GPIndividual@1042576889{1313641390},3C_20_80-02.txt,35.738,0.100,3.574,7,0.969,27.11,0.138,4.828,0.000
18,ec.gp.GPIndividual@1042576889{1313641390},3C_20_66-01.txt,7.322,0.100,0.732,2,1.531,209.12,0.766,4.828,0.000
18,ec.gp.GPIndividual@1042576889{1313641390},3C_20_80-03.txt,169.439,0.100,16.944,6,3.016,17.80,0.503,4.828,0.000
18,ec.gp.GPIndividual@1042576889{1313641390},3C_20_50-03.txt,30.993,0.100,3.099,4,1.766,56.97,0.441,4.828,0.000
18,ec.gp.GPIndividual@1042576889{1313641390},3C_20_66-02.txt,154.245,0.100,15.424,8,15.656,101.50,1.957,4.828,0.000
18,ec.gp.GPIndividual@1042576889{1313641390},3C_20_80-03.txt,169.439,0.100,16.944,4,0.422,2.49,0.105,4.828,0.000
18,ec.gp.GPIndividual@130458778{-1686234132},3C_20_50-02.txt,61.404,0.100,6.140,6,6.313,102.80,1.052,3.109,0.000
18,ec.gp.GPIndividual@130458778{-1686234132},3C_20_66-03.txt,118.340,0.100,11.834,4,0.406,3.43,0.102,3.109,0.000
18,ec.gp.GPIndividual@130458778{-1686234132},3C_20_66-01.txt,7.322,0.100,0.732,2,1.281,174.98,0.641,3.109,0.000
18,ec.gp.GPIndividual@130458778{-1686234132},3C_20_50-03.txt,30.993,0.100,3.099,1,4.516,145.70,4.516,4.516,0.000
18,ec.gp.GPIndividual@751826112{-703547724},3C_20_50-02.txt,61.404,0.100,6.140,8,9.719,158.27,1.215,4.469,0.000
18,ec.gp.GPIndividual@377121797{1286465760},3C_20_50-02.txt,61.404,0.100,6.140,3,1.328,21.63,0.443,1.328,0.000
18,ec.gp.GPIndividual@377121797{1286465760},3C_20_66-01.txt,7.322,0.100,0.732,1,0.891,121.63,0.891,1.328,0.000
18,ec.gp.GPIndividual@377121797{1286465760},3C_20_50-03.txt,30.993,0.100,3.099,9,3.156,101.84,0.351,1.328,0.000
18,ec.gp.GPIndividual@377121797{1286465760},3C_20_50-03.txt,30.993,0.100,3.099,1,0.000,0.00,0.000,1.328,0.000
18,ec.gp.GPIndividual@377121797{1286465760},3C_20_66-02.txt,154.245,0.100,15.424,2,1.125,7.29,0.563,1.328,0.000
18,ec.gp.GPIndividual@377121797{1286465760},3C_20_66-02.txt,154.245,0.100,15.424,9,15.906,103.12,1.767,4.641,0.000
18,ec.gp.GPIndividual@377121797{1286465760},3C_20_66-03.txt,118.340,0.100,11.834,3,3.734,31.56,1.245,4.641,0.000
18,ec.gp.GPIndividual@377121797{1286465760},3C_20_66-03.txt,118.340,0.100,11.834,3,0.828,7.00,0.276,4.641,0.000
18,ec.gp.GPIndividual@377121797{1286465760},3C_20_80-01.txt,4.194,0.100,0.419,3,0.422,100.58,0.141,4.641,0.000
18,ec.gp.GPIndividual@377121797{1286465760},3C_20_80-02.txt,35.738,0.100,3.574,3,3.469,97.06,1.156,4.641,0.000
18,ec.gp.GPIndividual@377121797{1286465760},3C_20_66-01.txt,7.322,0.100,0.732,6,2.203,300.88,0.367,4.641,0.000
18,ec.gp.GPIndividual@377121797{1286465760},3C_20_80-03.txt,169.439,0.100,16.944,1,0.000,0.00,0.000,4.641,0.000
18,ec.gp.GPIndividual@377121797{1286465760},3C_20_66-02.txt,154.245,0.100,15.424,9,15.328,99.38,1.703,4.797,0.000
18,ec.gp.GPIndividual@377121797{1286465760},3C_20_66-03.txt,118.340,0.100,11.834,4,1.156,9.77,0.289,4.797,0.000
18,ec.gp.GPIndividual@377121797{1286465760},3C_20_80-01.txt,4.194,0.100,0.419,3,0.422,100.58,0.141,4.797,0.000
18,ec.gp.GPIndividual@377121797{1286465760},3C_20_80-02.txt,35.738,0.100,3.574,2,4.406,123.29,2.203,4.797,0.000
18,ec.gp.GPIndividual@1205747830{1325538003},3C_20_50-02.txt,61.404,0.100,6.140,3,3.203,52.16,1.068,2.906,0.000
18,ec.gp.GPIndividual@1205747830{1325538003},3C_20_80-01.txt,4.194,0.100,0.419,2,1.750,417.21,0.875,2.906,0.000
18,ec.gp.GPIndividual@1205747830{1325538003},3C_20_80-03.txt,169.439,0.100,16.944,3,0.141,0.83,0.047,2.906,0.000
18,ec.gp.GPIndividual@1205747830{1325538003},3C_20_80-02.txt,35.738,0.100,3.574,1,4.844,135.53,4.844,4.844,0.000
18,ec.gp.GPIndividual@1205747830{1325538003},3C_20_66-01.txt,7.322,0.100,0.732,2,1.406,192.05,0.703,4.844,0.000
18,ec.gp.GPIndividual@1205747830{1325538003},3C_20_50-03.txt,30.993,0.100,3.099,4,7.188,231.91,1.797,4.844,0.000
18,ec.gp.GPIndividual@1205747830{1325538003},3C_20_80-01.txt,4.194,0.100,0.419,3,0.281,67.05,0.094,4.844,0.000
18,ec.gp.GPIndividual@1205747830{1325538003},3C_20_66-02.txt,154.245,0.100,15.424,5,2.063,13.37,0.413,4.844,0.000
18,ec.gp.GPIndividual@1205747830{1325538003},3C_20_80-03.txt,169.439,0.100,16.944,8,18.938,111.77,2.367,4.844,0.000
18,ec.gp.GPIndividual@1732830227{-360286626},3C_20_50-02.txt,61.404,0.100,6.140,13,6.141,100.00,0.472,1.047,0.000
18,ec.gp.GPIndividual@1732830227{-360286626},3C_20_50-03.txt,30.993,0.100,3.099,4,1.359,43.86,0.340,1.359,0.000
18,ec.gp.GPIndividual@1732830227{-360286626},3C_20_80-02.txt,35.738,0.100,3.574,7,4.078,114.11,0.583,1.359,0.000
18,ec.gp.GPIndividual@1732830227{-360286626},3C_20_80-03.txt,169.439,0.100,16.944,2,0.078,0.46,0.039,1.359,0.000
18,ec.gp.GPIndividual@1732830227{-360286626},3C_20_66-01.txt,7.322,0.100,0.732,4,0.656,89.62,0.164,1.359,0.000
18,ec.gp.GPIndividual@1732830227{-360286626},3C_20_80-03.txt,169.439,0.100,16.944,6,4.906,28.96,0.818,2.453,0.000
18,ec.gp.GPIndividual@1732830227{-360286626},3C_20_66-02.txt,154.245,0.100,15.424,10,11.156,72.33,1.116,5.109,0.000
18,ec.gp.GPIndividual@226910562{-711061861},3C_20_50-02.txt,61.404,0.100,6.140,5,5.781,94.15,1.156,5.234,0.000
18,ec.gp.GPIndividual@39581041{-1776013238},3C_20_50-02.txt,61.404,0.100,6.140,0,0.000,0.00,0.000,0.000,0.000
18,ec.gp.GPIndividual@39581041{-1776013238},3C_20_50-03.txt,30.993,0.100,3.099,0,0.000,0.00,0.000,0.000,0.000
18,ec.gp.GPIndividual@39581041{-1776013238},3C_20_66-01.txt,7.322,0.100,0.732,0,0.000,0.00,0.000,0.000,0.000
18,ec.gp.GPIndividual@39581041{-1776013238},3C_20_66-02.txt,154.245,0.100,15.424,0,0.000,0.00,0.000,0.000,0.000
18,ec.gp.GPIndividual@39581041{-1776013238},3C_20_66-03.txt,118.340,0.100,11.834,0,0.000,0.00,0.000,0.000,0.000
18,ec.gp.GPIndividual@39581041{-1776013238},3C_20_80-01.txt,4.194,0.100,0.419,0,0.000,0.00,0.000,0.000,0.000
18,ec.gp.GPIndividual@39581041{-1776013238},3C_20_80-02.txt,35.738,0.100,3.574,0,0.000,0.00,0.000,0.000,0.000
18,ec.gp.GPIndividual@39581041{-1776013238},3C_20_80-03.txt,169.439,0.100,16.944,0,0.000,0.00,0.000,0.000,0.000
18,ec.gp.GPIndividual@57584561{840968700},3C_20_50-02.txt,61.404,0.100,6.140,1,0.000,0.00,0.000,0.000,0.000
18,ec.gp.GPIndividual@57584561{840968700},3C_20_50-03.txt,30.993,0.100,3.099,1,0.000,0.00,0.000,0.000,0.000
18,ec.gp.GPIndividual@57584561{840968700},3C_20_66-01.txt,7.322,0.100,0.732,1,0.000,0.00,0.000,0.000,0.000
18,ec.gp.GPIndividual@57584561{840968700},3C_20_66-02.txt,154.245,0.100,15.424,1,0.000,0.00,0.000,0.000,0.000
18,ec.gp.GPIndividual@57584561{840968700},3C_20_66-03.txt,118.340,0.100,11.834,1,0.000,0.00,0.000,0.000,0.000
18,ec.gp.GPIndividual@57584561{840968700},3C_20_80-01.txt,4.194,0.100,0.419,1,0.000,0.00,0.000,0.000,0.000
18,ec.gp.GPIndividual@57584561{840968700},3C_20_80-02.txt,35.738,0.100,3.574,1,0.000,0.00,0.000,0.000,0.000
18,ec.gp.GPIndividual@57584561{840968700},3C_20_80-03.txt,169.439,0.100,16.944,1,0.000,0.00,0.000,0.000,0.000
18,ec.gp.GPIndividual@1997220634{1109885319},3C_20_50-02.txt,61.404,0.100,6.140,8,3.078,50.13,0.385,2.078,0.000
18,ec.gp.GPIndividual@1997220634{1109885319},3C_20_50-03.txt,30.993,0.100,3.099,5,2.109,68.06,0.422,2.078,0.000
18,ec.gp.GPIndividual@1997220634{1109885319},3C_20_66-01.txt,7.322,0.100,0.732,5,0.484,66.15,0.097,2.078,0.000
18,ec.gp.GPIndividual@1997220634{1109885319},3C_20_66-02.txt,154.245,0.100,15.424,10,12.172,78.91,1.217,5.281,0.000
18,ec.gp.GPIndividual@1997220634{1109885319},3C_20_66-03.txt,118.340,0.100,11.834,7,9.563,80.81,1.366,5.281,0.000
18,ec.gp.GPIndividual@1997220634{1109885319},3C_20_80-01.txt,4.194,0.100,0.419,9,0.422,100.58,0.047,5.281,0.000
18,ec.gp.GPIndividual@1997220634{1109885319},3C_20_80-02.txt,35.738,0.100,3.574,8,2.094,58.59,0.262,5.281,0.000
18,ec.gp.GPIndividual@1997220634{1109885319},3C_20_80-03.txt,169.439,0.100,16.944,5,7.250,42.79,1.450,6.469,0.000
18,ec.gp.GPIndividual@986871959{-2125478272},3C_20_50-02.txt,61.404,0.100,6.140,8,3.078,50.13,0.385,2.063,0.000
18,ec.gp.GPIndividual@986871959{-2125478272},3C_20_50-03.txt,30.993,0.100,3.099,5,2.156,69.57,0.431,2.063,0.000
18,ec.gp.GPIndividual@986871959{-2125478272},3C_20_66-01.txt,7.322,0.100,0.732,5,0.500,68.29,0.100,2.063,0.000
18,ec.gp.GPIndividual@986871959{-2125478272},3C_20_66-02.txt,154.245,0.100,15.424,10,12.203,79.12,1.220,5.359,0.000
18,ec.gp.GPIndividual@986871959{-2125478272},3C_20_66-03.txt,118.340,0.100,11.834,7,9.531,80.54,1.362,5.359,0.000
18,ec.gp.GPIndividual@986871959{-2125478272},3C_20_80-01.txt,4.194,0.100,0.419,5,0.266,63.33,0.053,5.359,0.000
18,ec.gp.GPIndividual@986871959{-2125478272},3C_20_80-02.txt,35.738,0.100,3.574,8,2.109,59.02,0.264,5.359,0.000
18,ec.gp.GPIndividual@986871959{-2125478272},3C_20_80-03.txt,169.439,0.100,16.944,5,7.250,42.79,1.450,6.484,0.000
18,ec.gp.GPIndividual@2131566988{1998648317},3C_20_50-02.txt,61.404,0.100,6.140,2,0.031,0.51,0.016,0.031,0.000
18,ec.gp.GPIndividual@2131566988{1998648317},3C_20_50-03.txt,30.993,0.100,3.099,2,0.563,18.15,0.281,0.563,0.000
18,ec.gp.GPIndividual@2131566988{1998648317},3C_20_66-01.txt,7.322,0.100,0.732,4,0.500,68.29,0.125,0.563,0.000
18,ec.gp.GPIndividual@2131566988{1998648317},3C_20_66-02.txt,154.245,0.100,15.424,2,0.313,2.03,0.156,0.563,0.000
18,ec.gp.GPIndividual@2131566988{1998648317},3C_20_66-03.txt,118.340,0.100,11.834,6,9.531,80.54,1.589,4.141,0.000
18,ec.gp.GPIndividual@2131566988{1998648317},3C_20_80-01.txt,4.194,0.100,0.419,3,0.266,63.33,0.089,4.141,0.000
18,ec.gp.GPIndividual@2131566988{1998648317},3C_20_80-02.txt,35.738,0.100,3.574,7,2.078,58.15,0.297,4.141,0.000
18,ec.gp.GPIndividual@2131566988{1998648317},3C_20_80-03.txt,169.439,0.100,16.944,3,7.250,42.79,2.417,6.500,0.000
19,ec.gp.GPIndividual@1190962836{-1201728897},3C_20_50-02.txt,61.404,0.100,6.140,1,0.000,0.00,0.000,0.000,0.000
19,ec.gp.GPIndividual@1190962836{-1201728897},3C_20_50-02.txt,61.404,0.100,6.140,1,0.000,0.00,0.000,0.000,0.000
19,ec.gp.GPIndividual@1190962836{-1201728897},3C_20_50-03.txt,30.993,0.100,3.099,1,0.000,0.00,0.000,0.000,0.000
19,ec.gp.GPIndividual@1190962836{-1201728897},3C_20_66-01.txt,7.322,0.100,0.732,1,0.000,0.00,0.000,0.000,0.000
19,ec.gp.GPIndividual@1190962836{-1201728897},3C_20_66-01.txt,7.322,0.100,0.732,2,0.000,0.00,0.000,0.000,0.000
19,ec.gp.GPIndividual@1190962836{-1201728897},3C_20_66-01.txt,7.322,0.100,0.732,2,0.000,0.00,0.000,0.000,0.000
19,ec.gp.GPIndividual@1190962836{-1201728897},3C_20_66-02.txt,154.245,0.100,15.424,3,0.000,0.00,0.000,0.000,0.000
19,ec.gp.GPIndividual@1190962836{-1201728897},3C_20_66-03.txt,118.340,0.100,11.834,2,0.000,0.00,0.000,0.000,0.000
19,ec.gp.GPIndividual@1190962836{-1201728897},3C_20_66-03.txt,118.340,0.100,11.834,0,0.000,0.00,0.000,0.000,0.000
19,ec.gp.GPIndividual@1190962836{-1201728897},3C_20_80-01.txt,4.194,0.100,0.419,2,0.000,0.00,0.000,0.000,0.000
19,ec.gp.GPIndividual@1190962836{-1201728897},3C_20_80-01.txt,4.194,0.100,0.419,0,0.000,0.00,0.000,0.000,0.000
19,ec.gp.GPIndividual@1190962836{-1201728897},3C_20_80-02.txt,35.738,0.100,3.574,2,0.000,0.00,0.000,0.000,0.000
19,ec.gp.GPIndividual@1190962836{-1201728897},3C_20_80-02.txt,35.738,0.100,3.574,0,0.000,0.00,0.000,0.000,0.000
19,ec.gp.GPIndividual@1190962836{-1201728897},3C_20_80-03.txt,169.439,0.100,16.944,2,0.000,0.00,0.000,0.000,0.000
19,ec.gp.GPIndividual@1190962836{-1201728897},3C_20_80-03.txt,169.439,0.100,16.944,2,0.000,0.00,0.000,0.000,0.000
19,ec.gp.GPIndividual@1190962836{-1201728897},3C_20_80-03.txt,169.439,0.100,16.944,1,0.000,0.00,0.000,0.000,0.000
19,ec.gp.GPIndividual@680977728{-444359564},3C_20_50-02.txt,61.404,0.100,6.140,1,0.000,0.00,0.000,0.000,0.000
19,ec.gp.GPIndividual@1930835940{1510978835},3C_20_50-02.txt,61.404,0.100,6.140,1,0.000,0.00,0.000,0.000,0.000
19,ec.gp.GPIndividual@1930835940{1510978835},3C_20_66-01.txt,7.322,0.100,0.732,0,0.000,0.00,0.000,0.000,0.000
19,ec.gp.GPIndividual@1930835940{1510978835},3C_20_66-02.txt,154.245,0.100,15.424,0,0.000,0.00,0.000,0.000,0.000
19,ec.gp.GPIndividual@1930835940{1510978835},3C_20_66-03.txt,118.340,0.100,11.834,0,0.000,0.00,0.000,0.000,0.000
19,ec.gp.GPIndividual@1930835940{1510978835},3C_20_80-01.txt,4.194,0.100,0.419,0,0.000,0.00,0.000,0.000,0.000
19,ec.gp.GPIndividual@1930835940{1510978835},3C_20_80-02.txt,35.738,0.100,3.574,0,0.000,0.00,0.000,0.000,0.000
19,ec.gp.GPIndividual@1930835940{1510978835},3C_20_80-03.txt,169.439,0.100,16.944,0,0.000,0.00,0.000,0.000,0.000
19,ec.gp.GPIndividual@1852293361{632646340},3C_20_50-02.txt,61.404,0.100,6.140,4,1.125,18.32,0.281,0.281,0.281
19,ec.gp.GPIndividual@1852293361{632646340},3C_20_50-03.txt,30.993,0.100,3.099,1,0.000,0.00,0.000,0.281,0.000
19,ec.gp.GPIndividual@1852293361{632646340},3C_20_50-03.txt,30.993,0.100,3.099,2,0.563,18.15,0.281,0.281,0.000
19,ec.gp.GPIndividual@1852293361{632646340},3C_20_50-03.txt,30.993,0.100,3.099,6,5.203,167.88,0.867,1.344,0.000
19,ec.gp.GPIndividual@1852293361{632646340},3C_20_66-01.txt,7.322,0.100,0.732,0,0.000,0.00,0.000,1.344,0.000
19,ec.gp.GPIndividual@1852293361{632646340},3C_20_66-01.txt,7.322,0.100,0.732,2,0.297,40.54,0.148,1.344,0.000
19,ec.gp.GPIndividual@1852293361{632646340},3C_20_66-02.txt,154.245,0.100,15.424,6,4.813,31.20,0.802,1.766,0.000
19,ec.gp.GPIndividual@1852293361{632646340},3C_20_50-03.txt,30.993,0.100,3.099,1,0.000,0.00,0.000,1.766,0.000
19,ec.gp.GPIndividual@1852293361{632646340},3C_20_66-01.txt,7.322,0.100,0.732,1,0.313,42.68,0.313,1.766,0.000
19,ec.gp.GPIndividual@1852293361{632646340},3C_20_66-02.txt,154.245,0.100,15.424,2,1.266,8.21,0.633,1.766,0.000
19,ec.gp.GPIndividual@1852293361{632646340},3C_20_66-02.txt,154.245,0.100,15.424,2,4.094,26.54,2.047,2.047,0.000
19,ec.gp.GPIndividual@1852293361{632646340},3C_20_66-03.txt,118.340,0.100,11.834,2,4.609,38.95,2.305,2.359,0.000
19,ec.gp.GPIndividual@1852293361{632646340},3C_20_66-03.txt,118.340,0.100,11.834,2,2.656,22.45,1.328,2.656,0.000
19,ec.gp.GPIndividual@1852293361{632646340},3C_20_66-03.txt,118.340,0.100,11.834,7,16.250,137.32,2.321,4.844,0.000
19,ec.gp.GPIndividual@1852293361{632646340},3C_20_66-01.txt,7.322,0.100,0.732,7,3.484,475.87,0.498,4.844,0.000
19,ec.gp.GPIndividual@1852293361{632646340},3C_20_80-01.txt,4.194,0.100,0.419,0,0.000,0.00,0.000,4.844,0.000
19,ec.gp.GPIndividual@1852293361{632646340},3C_20_50-03.txt,30.993,0.100,3.099,5,0.594,19.16,0.119,4.844,0.000
19,ec.gp.GPIndividual@1852293361{632646340},3C_20_80-02.txt,35.738,0.100,3.574,1,4.734,132.47,4.734,4.844,0.000
19,ec.gp.GPIndividual@1852293361{632646340},3C_20_80-01.txt,4.194,0.100,0.419,3,4.063,968.53,1.354,4.844,0.000
19,ec.gp.GPIndividual@1852293361{632646340},3C_20_50-03.txt,30.993,0.100,3.099,4,7.203,232.41,1.801,4.844,0.000
19,ec.gp.GPIndividual@1852293361{632646340},3C_20_66-02.txt,154.245,0.100,15.424,1,0.000,0.00,0.000,4.844,0.000
19,ec.gp.GPIndividual@1852293361{632646340},3C_20_80-02.txt,35.738,0.100,3.574,2,1.484,41.53,0.742,4.844,0.000
19,ec.gp.GPIndividual@1852293361{632646340},3C_20_80-03.txt,169.439,0.100,16.944,0,0.000,0.00,0.000,4.844,0.000
19,ec.gp.GPIndividual@1852293361{632646340},3C_20_80-01.txt,4.194,0.100,0.419,2,1.547,368.79,0.773,4.844,0.000
19,ec.gp.GPIndividual@1852293361{632646340},3C_20_66-01.txt,7.322,0.100,0.732,9,2.219,303.02,0.247,4.844,0.000
19,ec.gp.GPIndividual@1852293361{632646340},3C_20_66-02.txt,154.245,0.100,15.424,1,0.000,0.00,0.000,4.844,0.000
19,ec.gp.GPIndividual@1852293361{632646340},3C_20_80-02.txt,35.738,0.100,3.574,0,0.000,0.00,0.000,4.844,0.000
19,ec.gp.GPIndividual@1852293361{632646340},3C_20_80-03.txt,169.439,0.100,16.944,6,10.484,61.88,1.747,4.844,0.000
19,ec.gp.GPIndividual@1852293361{632646340},3C_20_80-03.txt,169.439,0.100,16.944,7,17.766,104.85,2.538,5.453,0.000
19,ec.gp.GPIndividual@1852293361{632646340},3C_20_66-01.txt,7.322,0.100,0.732,2,6.219,849.30,3.109,6.219,0.000
19,ec.gp.GPIndividual@661058128{353753850},3C_20_50-02.txt,61.404,0.100,6.140,3,0.766,12.47,0.255,0.469,0.000
19,ec.gp.GPIndividual@661058128{353753850},3C_20_50-03.txt,30.993,0.100,3.099,4,6.125,197.63,1.531,3.547,0.000
19,ec.gp.GPIndividual@868896817{600965189},3C_20_50-02.txt,61.404,0.100,6.140,1,0.000,0.00,0.000,0.000,0.000
19,ec.gp.GPIndividual@868896817{600965189},3C_20_50-03.txt,30.993,0.100,3.099,1,0.000,0.00,0.000,0.000,0.000
19,ec.gp.GPIndividual@868896817{600965189},3C_20_66-01.txt,7.322,0.100,0.732,1,0.000,0.00,0.000,0.000,0.000
19,ec.gp.GPIndividual@868896817{600965189},3C_20_66-02.txt,154.245,0.100,15.424,1,0.000,0.00,0.000,0.000,0.000
19,ec.gp.GPIndividual@868896817{600965189},3C_20_66-03.txt,118.340,0.100,11.834,1,0.000,0.00,0.000,0.000,0.000
19,ec.gp.GPIndividual@868896817{600965189},3C_20_80-01.txt,4.194,0.100,0.419,1,0.000,0.00,0.000,0.000,0.000
19,ec.gp.GPIndividual@868896817{600965189},3C_20_80-02.txt,35.738,0.100,3.574,1,0.000,0.00,0.000,0.000,0.000
19,ec.gp.GPIndividual@868896817{600965189},3C_20_80-03.txt,169.439,0.100,16.944,1,0.000,0.00,0.000,0.000,0.000
19,ec.gp.GPIndividual@1167021786{-479833026},3C_20_50-02.txt,61.404,0.100,6.140,4,0.703,11.45,0.176,0.703,0.000
19,ec.gp.GPIndividual@1167021786{-479833026},3C_20_66-03.txt,118.340,0.100,11.834,3,0.313,2.64,0.104,0.703,0.000
19,ec.gp.GPIndividual@1167021786{-479833026},3C_20_66-02.txt,154.245,0.100,15.424,3,1.656,10.74,0.552,1.656,0.000
19,ec.gp.GPIndividual@1167021786{-479833026},3C_20_66-03.txt,118.340,0.100,11.834,2,1.313,11.09,0.656,1.656,0.000
19,ec.gp.GPIndividual@1167021786{-479833026},3C_20_66-01.txt,7.322,0.100,0.732,4,1.250,170.71,0.313,1.656,0.000
19,ec.gp.GPIndividual@1167021786{-479833026},3C_20_66-02.txt,154.245,0.100,15.424,2,5.828,37.78,2.914,5.828,0.000
19,ec.gp.GPIndividual@654798600{-698875543},3C_20_50-02.txt,61.404,0.100,6.140,5,6.984,113.74,1.397,2.500,0.000
19,ec.gp.GPIndividual@654798600{-698875543},3C_20_66-03.txt,118.340,0.100,11.834,14,15.906,134.41,1.136,4.766,0.000
19,ec.gp.GPIndividual@654798600{-698875543},3C_20_50-03.txt,30.993,0.100,3.099,6,3.063,98.81,0.510,4.766,0.000
19,ec.gp.GPIndividual@654798600{-698875543},3C_20_50-03.txt,30.993,0.100,3.099,6,4.063,131.08,0.677,4.766,0.000
19,ec.gp.GPIndividual@654798600{-698875543},3C_20_80-01.txt,4.194,0.100,0.419,3,1.500,357.61,0.500,4.766,0.000
19,ec.gp.GPIndividual@654798600{-698875543},3C_20_80-01.txt,4.194,0.100,0.419,4,0.594,141.55,0.148,4.766,0.000
19,ec.gp.GPIndividual@654798600{-698875543},3C_20_66-01.txt,7.322,0.100,0.732,3,1.047,142.97,0.349,4.766,0.000
19,ec.gp.GPIndividual@654798600{-698875543},3C_20_66-03.txt,118.340,0.100,11.834,10,7.344,62.06,0.734,4.766,0.000
19,ec.gp.GPIndividual@654798600{-698875543},3C_20_80-01.txt,4.194,0.100,0.419,2,0.172,40.98,0.086,4.766,0.000
19,ec.gp.GPIndividual@654798600{-698875543},3C_20_80-02.txt,35.738,0.100,3.574,9,3.500,97.93,0.389,4.766,0.000
19,ec.gp.GPIndividual@654798600{-698875543},3C_20_80-02.txt,35.738,0.100,3.574,3,0.688,19.24,0.229,4.766,0.000
19,ec.gp.GPIndividual@654798600{-698875543},3C_20_80-02.txt,35.738,0.100,3.574,2,1.547,43.28,0.773,4.766,0.000
19,ec.gp.GPIndividual@654798600{-698875543},3C_20_80-03.txt,169.439,0.100,16.944,6,5.828,34.40,0.971,4.766,0.000
19,ec.gp.GPIndividual@654798600{-698875543},3C_20_66-02.txt,154.245,0.100,15.424,9,16.063,104.14,1.785,4.766,0.000
19,ec.gp.GPIndividual@654798600{-698875543},3C_20_66-03.txt,118.340,0.100,11.834,9,17.125,144.71,1.903,6.234,0.000
19,ec.gp.GPIndividual@311348026{685329472},3C_20_50-02.txt,61.404,0.100,6.140,9,7.922,129.01,0.880,2.984,0.000
19,ec.gp.GPIndividual@311348026{685329472},3C_20_50-02.txt,61.404,0.100,6.140,9,7.922,129.01,0.880,2.984,0.000
19,ec.gp.GPIndividual@311348026{685329472},3C_20_80-01.txt,4.194,0.100,0.419,3,1.250,298.01,0.417,2.984,0.000
19,ec.gp.GPIndividual@311348026{685329472},3C_20_80-03.txt,169.439,0.100,16.944,7,3.266,19.27,0.467,2.984,0.000
19,ec.gp.GPIndividual@311348026{685329472},3C_20_66-01.txt,7.322,0.100,0.732,10,1.000,136.57,0.100,2.984,0.000
19,ec.gp.GPIndividual@311348026{685329472},3C_20_80-02.txt,35.738,0.100,3.574,3,5.313,148.65,1.771,4.875,0.000
19,ec.gp.GPIndividual@311348026{685329472},3C_20_80-01.txt,4.194,0.100,0.419,6,0.516,122.93,0.086,4.875,0.000
19,ec.gp.GPIndividual@311348026{685329472},3C_20_80-02.txt,35.738,0.100,3.574,6,4.344,121.54,0.724,4.875,0.000
19,ec.gp.GPIndividual@311348026{685329472},3C_20_66-02.txt,154.245,0.100,15.424,10,4.391,28.47,0.439,4.875,0.000
19,ec.gp.GPIndividual@311348026{685329472},3C_20_50-03.txt,30.993,0.100,3.099,5,5.563,179.48,1.113,4.875,0.000
19,ec.gp.GPIndividual@311348026{685329472},3C_20_66-03.txt,118.340,0.100,11.834,1,0.000,0.00,0.000,4.875,0.000
19,ec.gp.GPIndividual@311348026{685329472},3C_20_66-01.txt,7.322,0.100,0.732,3,0.688,93.89,0.229,4.875,0.000
19,ec.gp.GPIndividual@311348026{685329472},3C_20_80-03.txt,169.439,0.100,16.944,12,18.266,107.80,1.522,5.734,0.000
19,ec.gp.GPIndividual@311348026{685329472},3C_20_66-02.txt,154.245,0.100,15.424,2,0.156,1.01,0.078,5.734,0.000
19,ec.gp.GPIndividual@311348026{685329472},3C_20_80-03.txt,169.439,0.100,16.944,3,1.063,6.27,0.354,5.734,0.000
19,ec.gp.GPIndividual@893699073{229251586},3C_20_50-02.txt,61.404,0.100,6.140,5,3.938,64.12,0.788,3.594,0.000
19,ec.gp.GPIndividual@1804366510{215636652},3C_20_50-02.txt,61.404,0.100,6.140,4,7.031,114.51,1.758,4.766,0.000
19,ec.gp.GPIndividual@1804366510{215636652},3C_20_50-03.txt,30.993,0.100,3.099,6,3.234,104.36,0.539,4.766,0.000
19,ec.gp.GPIndividual@1804366510{215636652},3C_20_66-03.txt,118.340,0.100,11.834,13,12.344,104.31,0.950,5.891,0.000
19,ec.gp.GPIndividual@1804366510{215636652},3C_20_66-01.txt,7.322,0.100,0.732,5,2.625,358.50,0.525,5.891,0.000
19,ec.gp.GPIndividual@1907923211{-703547724},3C_20_50-02.txt,61.404,0.100,6.140,6,2.469,40.20,0.411,1.906,0.000
19,ec.gp.GPIndividual@1907923211{-703547724},3C_20_50-03.txt,30.993,0.100,3.099,3,6.094,196.62,2.031,5.656,0.000
19,ec.gp.GPIndividual@882760693{-1576426021},3C_20_50-02.txt,61.404,0.100,6.140,16,12.313,200.52,0.770,4.813,0.000
19,ec.gp.GPIndividual@882760693{-1576426021},3C_20_66-02.txt,154.245,0.100,15.424,4,0.984,6.38,0.246,4.813,0.000
19,ec.gp.GPIndividual@882760693{-1576426021},3C_20_50-03.txt,30.993,0.100,3.099,3,3.172,102.34,1.057,4.813,0.000
19,ec.gp.GPIndividual@882760693{-1576426021},3C_20_66-01.txt,7.322,0.100,0.732,5,1.172,160.04,0.234,4.813,0.000
19,ec.gp.GPIndividual@882760693{-1576426021},3C_20_50-03.txt,30.993,0.100,3.099,6,3.234,104.36,0.539,4.813,0.000
19,ec.gp.GPIndividual@882760693{-1576426021},3C_20_66-02.txt,154.245,0.100,15.424,12,16.813,109.00,1.401,4.813,0.000
19,ec.gp.GPIndividual@882760693{-1576426021},3C_20_66-03.txt,118.340,0.100,11.834,4,2.891,24.43,0.723,4.813,0.000
19,ec.gp.GPIndividual@882760693{-1576426021},3C_20_66-03.txt,118.340,0.100,11.834,8,11.953,101.01,1.494,4.813,0.000
19,ec.gp.GPIndividual@882760693{-1576426021},3C_20_66-01.txt,7.322,0.100,0.732,9,0.859,117.37,0.095,4.813,0.000
19,ec.gp.GPIndividual@882760693{-1576426021},3C_20_66-02.txt,154.245,0.100,15.424,6,6.266,40.62,1.044,4.813,0.000
19,ec.gp.GPIndividual@882760693{-1576426021},3C_20_80-01.txt,4.194,0.100,0.419,7,5.391,1285.17,0.770,4.875,0.000
19,ec.gp.GPIndividual@882760693{-1576426021},3C_20_80-02.txt,35.738,0.100,3.574,2,3.922,109.74,1.961,4.875,0.000
19,ec.gp.GPIndividual@882760693{-1576426021},3C_20_80-01.txt,4.194,0.100,0.419,6,2.719,648.17,0.453,4.875,0.000
19,ec.gp.GPIndividual@882760693{-1576426021},3C_20_66-03.txt,118.340,0.100,11.834,14,11.891,100.48,0.849,4.875,0.000
19,ec.gp.GPIndividual@882760693{-1576426021},3C_20_80-02.txt,35.738,0.100,3.574,6,5.500,153.90,0.917,4.875,0.000
19,ec.gp.GPIndividual@882760693{-1576426021},3C_20_80-01.txt,4.194,0.100,0.419,3,0.672,160.18,0.224,4.875,0.000
19,ec.gp.GPIndividual@882760693{-1576426021},3C_20_80-03.txt,169.439,0.100,16.944,7,5.641,33.29,0.806,5.484,0.000
19,ec.gp.GPIndividual@882760693{-1576426021},3C_20_66-01.txt,7.322,0.100,0.732,3,1.813,247.54,0.604,5.484,0.000
19,ec.gp.GPIndividual@882760693{-1576426021},3C_20_80-03.txt,169.439,0.100,16.944,11,16.969,100.15,1.543,5.484,0.000
19,ec.gp.GPIndividual@882760693{-1576426021},3C_20_80-01.txt,4.194,0.100,0.419,4,1.734,413.49,0.434,5.484,0.000
19,ec.gp.GPIndividual@882760693{-1576426021},3C_20_66-02.txt,154.245,0.100,15.424,12,19.891,128.95,1.658,6.188,0.000
19,ec.gp.GPIndividual@2085097224{746972077},3C_20_50-02.txt,61.404,0.100,6.140,7,2.438,39.70,0.348,1.219,0.000
19,ec.gp.GPIndividual@336712299{763546723},3C_20_50-02.txt,61.404,0.100,6.140,4,4.297,69.98,1.074,2.438,0.000
19,ec.gp.GPIndividual@336712299{763546723},3C_20_80-02.txt,35.738,0.100,3.574,4,4.484,125.48,1.121,2.438,0.000
19,ec.gp.GPIndividual@336712299{763546723},3C_20_50-03.txt,30.993,0.100,3.099,4,4.063,131.08,1.016,3.719,0.000
19,ec.gp.GPIndividual@336712299{763546723},3C_20_80-02.txt,35.738,0.100,3.574,3,1.031,28.86,0.344,3.719,0.000
19,ec.gp.GPIndividual@336712299{763546723},3C_20_66-03.txt,118.340,0.100,11.834,12,8.953,75.66,0.746,4.375,0.000
19,ec.gp.GPIndividual@336712299{763546723},3C_20_50-03.txt,30.993,0.100,3.099,9,4.828,155.78,0.536,4.375,0.000
19,ec.gp.GPIndividual@336712299{763546723},3C_20_80-03.txt,169.439,0.100,16.944,15,19.141,112.96,1.276,4.875,0.000
19,ec.gp.GPIndividual@336712299{763546723},3C_20_66-01.txt,7.322,0.100,0.732,4,7.156,977.34,1.789,4.875,0.000
19,ec.gp.GPIndividual@336712299{763546723},3C_20_66-01.txt,7.322,0.100,0.732,2,4.484,612.44,2.242,4.875,0.000
19,ec.gp.GPIndividual@336712299{763546723},3C_20_80-01.txt,4.194,0.100,0.419,6,1.219,290.56,0.203,4.875,0.000
19,ec.gp.GPIndividual@336712299{763546723},3C_20_66-02.txt,154.245,0.100,15.424,4,0.906,5.88,0.227,4.875,0.000
19,ec.gp.GPIndividual@336712299{763546723},3C_20_80-03.txt,169.439,0.100,16.944,10,12.641,74.60,1.264,5.922,0.000
19,ec.gp.GPIndividual@336712299{763546723},3C_20_66-02.txt,154.245,0.100,15.424,12,15.406,99.88,1.284,5.922,0.000
19,ec.gp.GPIndividual@336712299{763546723},3C_20_66-03.txt,118.340,0.100,11.834,6,12.438,105.10,2.073,5.922,0.000
19,ec.gp.GPIndividual@677339425{-1434717529},3C_20_50-02.txt,61.404,0.100,6.140,3,0.531,8.65,0.177,0.531,0.000
19,ec.gp.GPIndividual@677339425{-1434717529},3C_20_80-02.txt,35.738,0.100,3.574,4,5.953,166.58,1.488,4.203,0.000
19,ec.gp.GPIndividual@677339425{-1434717529},3C_20_80-01.txt,4.194,0.100,0.419,6,1.188,283.11,0.198,4.203,0.000
19,ec.gp.GPIndividual@677339425{-1434717529},3C_20_66-03.txt,118.340,0.100,11.834,10,12.953,109.46,1.295,4.891,0.000
19,ec.gp.GPIndividual@677339425{-1434717529},3C_20_50-03.txt,30.993,0.100,3.099,5,3.938,127.05,0.788,4.891,0.000
19,ec.gp.GPIndividual@677339425{-1434717529},3C_20_80-02.txt,35.738,0.100,3.574,6,0.625,17.49,0.104,4.891,0.000
19,ec.gp.GPIndividual@677339425{-1434717529},3C_20_80-03.txt,169.439,0.100,16.944,3,5.203,30.71,1.734,4.891,0.000
19,ec.gp.GPIndividual@1962202822{1514603214},3C_20_50-02.txt,61.404,0.100,6.140,4,6.922,112.73,1.730,4.891,0.000
19,ec.gp.GPIndividual@1962202822{1514603214},3C_20_80-01.txt,4.194,0.100,0.419,7,4.188,998.33,0.598,4.891,0.000
19,ec.gp.GPIndividual@1962202822{1514603214},3C_20_50-03.txt,30.993,0.100,3.099,1,0.000,0.00,0.000,4.891,0.000
19,ec.gp.GPIndividual@1962202822{1514603214},3C_20_80-02.txt,35.738,0.100,3.574,2,4.141,115.86,2.070,4.891,0.000
19,ec.gp.GPIndividual@1962202822{1514603214},3C_20_80-01.txt,4.194,0.100,0.419,7,3.031,722.67,0.433,4.891,0.000
19,ec.gp.GPIndividual@1962202822{1514603214},3C_20_80-02.txt,35.738,0.100,3.574,1,0.000,0.00,0.000,4.891,0.000
19,ec.gp.GPIndividual@1962202822{1514603214},3C_20_80-03.txt,169.439,0.100,16.944,11,17.922,105.77,1.629,5.563,0.000
19,ec.gp.GPIndividual@1962202822{1514603214},3C_20_80-03.txt,169.439,0.100,16.944,7,4.078,24.07,0.583,5.563,0.000
19,ec.gp.GPIndividual@1476870507{-479833026},3C_20_50-02.txt,61.404,0.100,6.140,12,5.984,97.46,0.499,3.516,0.000
19,ec.gp.GPIndividual@1476870507{-479833026},3C_20_66-01.txt,7.322,0.100,0.732,2,4.688,640.18,2.344,4.688,0.000
19,ec.gp.GPIndividual@196249932{-351648054},3C_20_50-02.txt,61.404,0.100,6.140,7,4.672,76.08,0.667,3.453,0.000
19,ec.gp.GPIndividual@196249932{-351648054},3C_20_66-01.txt,7.322,0.100,0.732,1,2.406,328.62,2.406,3.453,0.000
19,ec.gp.GPIndividual@196249932{-351648054},3C_20_80-03.txt,169.439,0.100,16.944,4,2.359,13.92,0.590,3.453,0.000
19,ec.gp.GPIndividual@196249932{-351648054},3C_20_50-03.txt,30.993,0.100,3.099,2,1.391,44.87,0.695,3.453,0.000
19,ec.gp.GPIndividual@196249932{-351648054},3C_20_50-03.txt,30.993,0.100,3.099,5,4.813,155.28,0.963,3.453,0.000
19,ec.gp.GPIndividual@196249932{-351648054},3C_20_66-02.txt,154.245,0.100,15.424,2,0.266,1.72,0.133,3.453,0.000
19,ec.gp.GPIndividual@196249932{-351648054},3C_20_66-02.txt,154.245,0.100,15.424,11,18.813,121.97,1.710,4.641,0.000
19,ec.gp.GPIndividual@196249932{-351648054},3C_20_66-01.txt,7.322,0.100,0.732,1,1.016,138.71,1.016,4.641,0.000
19,ec.gp.GPIndividual@196249932{-351648054},3C_20_66-03.txt,118.340,0.100,11.834,2,0.813,6.87,0.406,4.641,0.000
19,ec.gp.GPIndividual@196249932{-351648054},3C_20_66-01.txt,7.322,0.100,0.732,2,0.953,130.17,0.477,4.641,0.000
19,ec.gp.GPIndividual@196249932{-351648054},3C_20_66-03.txt,118.340,0.100,11.834,3,1.156,9.77,0.385,4.641,0.000
19,ec.gp.GPIndividual@196249932{-351648054},3C_20_66-02.txt,154.245,0.100,15.424,3,2.375,15.40,0.792,4.641,0.000
19,ec.gp.GPIndividual@1310230127{-841069304},3C_20_50-02.txt,61.404,0.100,6.140,7,5.719,93.13,0.817,1.906,0.000
19,ec.gp.GPIndividual@1310230127{-841069304},3C_20_66-03.txt,118.340,0.100,11.834,3,2.438,20.60,0.813,1.906,0.000
19,ec.gp.GPIndividual@1310230127{-841069304},3C_20_50-03.txt,30.993,0.100,3.099,2,0.891,28.74,0.445,1.906,0.000
19,ec.gp.GPIndividual@1310230127{-841069304},3C_20_66-02.txt,154.245,0.100,15.424,8,14.938,96.84,1.867,4.578,0.000
19,ec.gp.GPIndividual@1310230127{-841069304},3C_20_80-01.txt,4.194,0.100,0.419,2,2.172,517.79,1.086,4.578,0.000
19,ec.gp.GPIndividual@1310230127{-841069304},3C_20_66-01.txt,7.322,0.100,0.732,2,0.922,125.90,0.461,4.578,0.000
19,ec.gp.GPIndividual@1310230127{-841069304},3C_20_66-03.txt,118.340,0.100,11.834,8,11.344,95.86,1.418,4.688,0.000
19,ec.gp.GPIndividual@1310230127{-841069304},3C_20_80-01.txt,4.194,0.100,0.419,1,0.906,216.06,0.906,4.688,0.000
19,ec.gp.GPIndividual@1310230127{-841069304},3C_20_66-02.txt,154.245,0.100,15.424,4,1.438,9.32,0.359,4.688,0.000
19,ec.gp.GPIndividual@1310230127{-841069304},3C_20_80-02.txt,35.738,0.100,3.574,2,0.906,25.36,0.453,4.688,0.000
19,ec.gp.GPIndividual@1310230127{-841069304},3C_20_80-02.txt,35.738,0.100,3.574,2,5.156,144.28,2.578,4.688,0.000
19,ec.gp.GPIndividual@1310230127{-841069304},3C_20_80-01.txt,4.194,0.100,0.419,1,1.906,454.47,1.906,4.688,0.000
19,ec.gp.GPIndividual@1310230127{-841069304},3C_20_66-03.txt,118.340,0.100,11.834,9,9.203,77.77,1.023,4.688,0.000
19,ec.gp.GPIndividual@1310230127{-841069304},3C_20_80-03.txt,169.439,0.100,16.944,2,2.672,15.77,1.336,4.688,0.000
19,ec.gp.GPIndividual@1310230127{-841069304},3C_20_80-02.txt,35.738,0.100,3.574,4,2.641,73.89,0.660,4.688,0.000
19,ec.gp.GPIndividual@1310230127{-841069304},3C_20_80-01.txt,4.194,0.100,0.419,2,1.172,279.38,0.586,4.688,0.000
19,ec.gp.GPIndividual@1310230127{-841069304},3C_20_80-03.txt,169.439,0.100,16.944,8,10.734,63.35,1.342,4.797,0.000
19,ec.gp.GPIndividual@1310230127{-841069304},3C_20_80-03.txt,169.439,0.100,16.944,5,12.516,73.87,2.503,4.797,0.000
19,ec.gp.GPIndividual@1310230127{-841069304},3C_20_80-01.txt,4.194,0.100,0.419,2,2.859,681.70,1.430,4.797,0.000
19,ec.gp.GPIndividual@1310230127{-841069304},3C_20_80-02.txt,35.738,0.100,3.574,8,4.203,117.61,0.525,4.797,0.000
19,ec.gp.GPIndividual@1310230127{-841069304},3C_20_80-02.txt,35.738,0.100,3.574,2,4.813,134.66,2.406,4.813,0.000
19,ec.gp.GPIndividual@1680245973{1282619465},3C_20_50-02.txt,61.404,0.100,6.140,4,3.250,52.93,0.813,3.250,0.000
19,ec.gp.GPIndividual@467013144{118253480},3C_20_50-02.txt,61.404,0.100,6.140,2,0.781,12.72,0.391,0.781,0.000
19,ec.gp.GPIndividual@467013144{118253480},3C_20_80-03.txt,169.439,0.100,16.944,4,2.844,16.78,0.711,1.344,0.000
19,ec.gp.GPIndividual@467013144{118253480},3C_20_66-01.txt,7.322,0.100,0.732,2,0.938,128.04,0.469,1.344,0.000
19,ec.gp.GPIndividual@467013144{118253480},3C_20_50-03.txt,30.993,0.100,3.099,3,1.000,32.27,0.333,1.344,0.000
19,ec.gp.GPIndividual@467013144{118253480},3C_20_66-02.txt,154.245,0.100,15.424,4,3.391,21.98,0.848,1.344,0.000
19,ec.gp.GPIndividual@467013144{118253480},3C_20_66-03.txt,118.340,0.100,11.834,2,0.719,6.07,0.359,1.344,0.000
19,ec.gp.GPIndividual@467013144{118253480},3C_20_80-03.txt,169.439,0.100,16.944,8,14.375,84.84,1.797,3.406,0.000
19,ec.gp.GPIndividual@1569215002{686250381},3C_20_50-02.txt,61.404,0.100,6.140,0,0.000,0.00,0.000,0.000,0.000
19,ec.gp.GPIndividual@1569215002{686250381},3C_20_50-03.txt,30.993,0.100,3.099,0,0.000,0.00,0.000,0.000,0.000
19,ec.gp.GPIndividual@1569215002{686250381},3C_20_66-01.txt,7.322,0.100,0.732,0,0.000,0.00,0.000,0.000,0.000
19,ec.gp.GPIndividual@1569215002{686250381},3C_20_66-02.txt,154.245,0.100,15.424,0,0.000,0.00,0.000,0.000,0.000
19,ec.gp.GPIndividual@1569215002{686250381},3C_20_66-03.txt,118.340,0.100,11.834,0,0.000,0.00,0.000,0.000,0.000
19,ec.gp.GPIndividual@1569215002{686250381},3C_20_80-01.txt,4.194,0.100,0.419,0,0.000,0.00,0.000,0.000,0.000
19,ec.gp.GPIndividual@1569215002{686250381},3C_20_80-02.txt,35.738,0.100,3.574,0,0.000,0.00,0.000,0.000,0.000
19,ec.gp.GPIndividual@1569215002{686250381},3C_20_80-03.txt,169.439,0.100,16.944,0,0.000,0.00,0.000,0.000,0.000
19,ec.gp.GPIndividual@1318066854{-1196239714},3C_20_50-02.txt,61.404,0.100,6.140,3,0.938,15.27,0.313,0.781,0.000
19,ec.gp.GPIndividual@1318066854{-1196239714},3C_20_66-01.txt,7.322,0.100,0.732,3,1.063,145.11,0.354,0.781,0.000
19,ec.gp.GPIndividual@1318066854{-1196239714},3C_20_50-03.txt,30.993,0.100,3.099,5,6.375,205.69,1.275,6.141,0.000
19,ec.gp.GPIndividual@1318066854{-1196239714},3C_20_80-01.txt,4.194,0.100,0.419,2,0.531,126.65,0.266,6.141,0.000
19,ec.gp.GPIndividual@1318066854{-1196239714},3C_20_66-02.txt,154.245,0.100,15.424,2,0.234,1.52,0.117,6.141,0.000
19,ec.gp.GPIndividual@1318066854{-1196239714},3C_20_80-02.txt,35.738,0.100,3.574,11,3.578,100.12,0.325,6.141,0.000
19,ec.gp.GPIndividual@1318066854{-1196239714},3C_20_66-03.txt,118.340,0.100,11.834,14,12.250,103.52,0.875,6.141,0.000
19,ec.gp.GPIndividual@1318066854{-1196239714},3C_20_66-01.txt,7.322,0.100,0.732,2,2.594,354.23,1.297,6.141,0.000
19,ec.gp.GPIndividual@1318066854{-1196239714},3C_20_80-03.txt,169.439,0.100,16.944,3,1.297,7.65,0.432,6.141,0.000
19,ec.gp.GPIndividual@1318066854{-1196239714},3C_20_80-01.txt,4.194,0.100,0.419,9,0.781,186.26,0.087,6.141,0.000
19,ec.gp.GPIndividual@1318066854{-1196239714},3C_20_66-02.txt,154.245,0.100,15.424,20,10.656,69.09,0.533,6.141,0.000
19,ec.gp.GPIndividual@1318066854{-1196239714},3C_20_80-02.txt,35.738,0.100,3.574,2,4.031,112.80,2.016,6.141,0.000
19,ec.gp.GPIndividual@642590370{-2062901518},3C_20_50-02.txt,61.404,0.100,6.140,5,3.906,63.62,0.781,2.766,0.000
19,ec.gp.GPIndividual@642590370{-2062901518},3C_20_66-03.txt,118.340,0.100,11.834,15,11.547,97.57,0.770,2.766,0.000
19,ec.gp.GPIndividual@642590370{-2062901518},3C_20_50-03.txt,30.993,0.100,3.099,3,0.891,28.74,0.297,2.766,0.000
19,ec.gp.GPIndividual@642590370{-2062901518},3C_20_80-01.txt,4.194,0.100,0.419,10,3.563,849.33,0.356,3.078,0.000
19,ec.gp.GPIndividual@642590370{-2062901518},3C_20_80-03.txt,169.439,0.100,16.944,13,9.766,57.64,0.751,3.078,0.000
19,ec.gp.GPIndividual@642590370{-2062901518},3C_20_80-02.txt,35.738,0.100,3.574,4,4.125,115.42,1.031,3.078,0.000
19,ec.gp.GPIndividual@642590370{-2062901518},3C_20_80-03.txt,169.439,0.100,16.944,5,0.141,0.83,0.028,3.078,0.000
19,ec.gp.GPIndividual@642590370{-2062901518},3C_20_66-01.txt,7.322,0.100,0.732,9,4.531,618.84,0.503,3.828,0.000
19,ec.gp.GPIndividual@947076172{-1196154117},3C_20_50-02.txt,61.404,0.100,6.140,2,0.094,1.53,0.047,0.094,0.000
19,ec.gp.GPIndividual@947076172{-1196154117},3C_20_50-03.txt,30.993,0.100,3.099,2,4.281,138.14,2.141,4.281,0.000
19,ec.gp.GPIndividual@947076172{-1196154117},3C_20_66-03.txt,118.340,0.100,11.834,2,1.109,9.37,0.555,4.281,0.000
19,ec.gp.GPIndividual@947076172{-1196154117},3C_20_66-01.txt,7.322,0.100,0.732,3,0.469,64.02,0.156,4.281,0.000
19,ec.gp.GPIndividual@947076172{-1196154117},3C_20_66-02.txt,154.245,0.100,15.424,3,2.203,14.28,0.734,4.281,0.000
19,ec.gp.GPIndividual@947076172{-1196154117},3C_20_66-03.txt,118.340,0.100,11.834,7,11.250,95.07,1.607,4.375,0.000
19,ec.gp.GPIndividual@947076172{-1196154117},3C_20_80-01.txt,4.194,0.100,0.419,3,1.797,428.39,0.599,4.375,0.000
19,ec.gp.GPIndividual@947076172{-1196154117},3C_20_80-01.txt,4.194,0.100,0.419,1,0.000,0.00,0.000,4.375,0.000
19,ec.gp.GPIndividual@947076172{-1196154117},3C_20_80-02.txt,35.738,0.100,3.574,10,3.563,99.68,0.356,4.375,0.000
19,ec.gp.GPIndividual@947076172{-1196154117},3C_20_80-03.txt,169.439,0.100,16.944,5,0.203,1.20,0.041,4.375,0.000
19,ec.gp.GPIndividual@947076172{-1196154117},3C_20_80-02.txt,35.738,0.100,3.574,6,3.172,88.75,0.529,4.375,0.000
19,ec.gp.GPIndividual@230070920{1680710920},3C_20_50-02.txt,61.404,0.100,6.140,11,5.531,90.08,0.503,2.063,0.000
19,ec.gp.GPIndividual@230070920{1680710920},3C_20_80-03.txt,169.439,0.100,16.944,4,1.266,7.47,0.316,2.063,0.000
19,ec.gp.GPIndividual@230070920{1680710920},3C_20_50-03.txt,30.993,0.100,3.099,8,3.016,97.30,0.377,2.063,0.000
20,ec.gp.GPIndividual@2145767747{-698875543},3C_20_50-02.txt,61.404,0.100,6.140,1,0.000,0.00,0.000,0.000,0.000
20,ec.gp.GPIndividual@2145767747{-698875543},3C_20_50-03.txt,30.993,0.100,3.099,0,0.000,0.00,0.000,0.000,0.000
20,ec.gp.GPIndividual@2145767747{-698875543},3C_20_66-01.txt,7.322,0.100,0.732,0,0.000,0.00,0.000,0.000,0.000
20,ec.gp.GPIndividual@2145767747{-698875543},3C_20_66-02.txt,154.245,0.100,15.424,0,0.000,0.00,0.000,0.000,0.000
20,ec.gp.GPIndividual@2145767747{-698875543},3C_20_66-03.txt,118.340,0.100,11.834,0,0.000,0.00,0.000,0.000,0.000
20,ec.gp.GPIndividual@2145767747{-698875543},3C_20_80-01.txt,4.194,0.100,0.419,0,0.000,0.00,0.000,0.000,0.000
20,ec.gp.GPIndividual@2145767747{-698875543},3C_20_80-02.txt,35.738,0.100,3.574,0,0.000,0.00,0.000,0.000,0.000
20,ec.gp.GPIndividual@2145767747{-698875543},3C_20_80-03.txt,169.439,0.100,16.944,0,0.000,0.00,0.000,0.000,0.000
20,ec.gp.GPIndividual@567540779{-59656174},3C_20_50-02.txt,61.404,0.100,6.140,5,1.313,21.37,0.263,0.328,0.000
20,ec.gp.GPIndividual@567540779{-59656174},3C_20_50-03.txt,30.993,0.100,3.099,13,4.297,138.64,0.331,1.328,0.000
20,ec.gp.GPIndividual@567540779{-59656174},3C_20_66-01.txt,7.322,0.100,0.732,1,0.000,0.00,0.000,1.328,0.000
20,ec.gp.GPIndividual@567540779{-59656174},3C_20_50-03.txt,30.993,0.100,3.099,2,0.313,10.08,0.156,1.328,0.000
20,ec.gp.GPIndividual@567540779{-59656174},3C_20_66-02.txt,154.245,0.100,15.424,4,0.656,4.25,0.164,1.328,0.000
20,ec.gp.GPIndividual@567540779{-59656174},3C_20_50-03.txt,30.993,0.100,3.099,3,3.281,105.87,1.094,1.641,0.000
20,ec.gp.GPIndividual@567540779{-59656174},3C_20_50-03.txt,30.993,0.100,3.099,8,3.547,114.44,0.443,1.750,0.000
20,ec.gp.GPIndividual@567540779{-59656174},3C_20_50-03.txt,30.993,0.100,3.099,1,0.000,0.00,0.000,1.750,0.000
20,ec.gp.GPIndividual@567540779{-59656174},3C_20_50-03.txt,30.993,0.100,3.099,5,4.266,137.63,0.853,1.750,0.000
20,ec.gp.GPIndividual@567540779{-59656174},3C_20_66-01.txt,7.322,0.100,0.732,4,1.469,200.59,0.367,1.750,0.000
20,ec.gp.GPIndividual@567540779{-59656174},3C_20_66-01.txt,7.322,0.100,0.732,2,2.094,285.95,1.047,2.094,0.000
20,ec.gp.GPIndividual@567540779{-59656174},3C_20_66-03.txt,118.340,0.100,11.834,19,17.625,148.94,0.928,3.828,0.000
20,ec.gp.GPIndividual@567540779{-59656174},3C_20_66-01.txt,7.322,0.100,0.732,1,0.000,0.00,0.000,3.828,0.000
20,ec.gp.GPIndividual@567540779{-59656174},3C_20_66-02.txt,154.245,0.100,15.424,2,1.578,10.23,0.789,3.828,0.000
20,ec.gp.GPIndividual@567540779{-59656174},3C_20_66-02.txt,154.245,0.100,15.424,9,9.891,64.12,1.099,4.734,0.000
20,ec.gp.GPIndividual@567540779{-59656174},3C_20_80-01.txt,4.194,0.100,0.419,2,0.328,78.23,0.164,4.734,0.000
20,ec.gp.GPIndividual@567540779{-59656174},3C_20_80-02.txt,35.738,0.100,3.574,3,2.469,69.08,0.823,4.734,0.000
20,ec.gp.GPIndividual@567540779{-59656174},3C_20_80-03.txt,169.439,0.100,16.944,4,3.422,20.20,0.855,4.734,0.000
20,ec.gp.GPIndividual@567540779{-59656174},3C_20_66-02.txt,154.245,0.100,15.424,8,15.703,101.81,1.963,4.734,0.000
20,ec.gp.GPIndividual@567540779{-59656174},3C_20_66-03.txt,118.340,0.100,11.834,14,10.969,92.69,0.783,4.734,0.000
20,ec.gp.GPIndividual@567540779{-59656174},3C_20_66-01.txt,7.322,0.100,0.732,2,1.297,177.12,0.648,4.734,0.000
20,ec.gp.GPIndividual@567540779{-59656174},3C_20_66-03.txt,118.340,0.100,11.834,3,7.563,63.91,2.521,6.109,0.000
20,ec.gp.GPIndividual@6501633{1313641390},3C_20_50-02.txt,61.404,0.100,6.140,6,4.375,71.25,0.729,3.516,0.000
20,ec.gp.GPIndividual@6501633{1313641390},3C_20_66-01.txt,7.322,0.100,0.732,3,1.469,200.59,0.490,3.516,0.000
20,ec.gp.GPIndividual@6501633{1313641390},3C_20_66-02.txt,154.245,0.100,15.424,10,14.813,96.03,1.481,4.875,0.000
20,ec.gp.GPIndividual@6501633{1313641390},3C_20_66-03.txt,118.340,0.100,11.834,6,11.563,97.71,1.927,4.875,0.000
20,ec.gp.GPIndividual@6501633{1313641390},3C_20_66-02.txt,154.245,0.100,15.424,6,4.984,32.31,0.831,4.875,0.000
20,ec.gp.GPIndividual@6501633{1313641390},3C_20_66-03.txt,118.340,0.100,11.834,2,1.391,11.75,0.695,4.875,0.000
20,ec.gp.GPIndividual@6501633{1313641390},3C_20_50-03.txt,30.993,0.100,3.099,8,3.891,125.53,0.486,4.875,0.000
20,ec.gp.GPIndividual@6501633{1313641390},3C_20_80-01.txt,4.194,0.100,0.419,5,0.625,149.01,0.125,4.875,0.000
20,ec.gp.GPIndividual@6501633{1313641390},3C_20_66-01.txt,7.322,0.100,0.732,2,2.375,324.36,1.188,4.875,0.000
20,ec.gp.GPIndividual@6501633{1313641390},3C_20_66-03.txt,118.340,0.100,11.834,9,12.094,102.20,1.344,4.875,0.000
20,ec.gp.GPIndividual@6501633{1313641390},3C_20_80-01.txt,4.194,0.100,0.419,3,1.781,424.66,0.594,4.875,0.000
20,ec.gp.GPIndividual@6501633{1313641390},3C_20_66-02.txt,154.245,0.100,15.424,12,16.344,105.96,1.362,4.875,0.000
20,ec.gp.GPIndividual@6501633{1313641390},3C_20_80-01.txt,4.194,0.100,0.419,2,2.516,599.75,1.258,4.875,0.000
20,ec.gp.GPIndividual@6501633{1313641390},3C_20_66-03.txt,118.340,0.100,11.834,10,12.813,108.27,1.281,4.875,0.000
20,ec.gp.GPIndividual@6501633{1313641390},3C_20_80-01.txt,4.194,0.100,0.419,3,2.109,502.89,0.703,4.875,0.000
20,ec.gp.GPIndividual@6501633{1313641390},3C_20_80-02.txt,35.738,0.100,3.574,8,3.063,85.69,0.383,4.875,0.000
20,ec.gp.GPIndividual@6501633{1313641390},3C_20_80-02.txt,35.738,0.100,3.574,6,4.516,126.35,0.753,4.875,0.000
20,ec.gp.GPIndividual@6501633{1313641390},3C_20_80-02.txt,35.738,0.100,3.574,3,0.141,3.93,0.047,4.875,0.000
20,ec.gp.GPIndividual@6501633{1313641390},3C_20_80-02.txt,35.738,0.100,3.574,8,9.281,259.70,1.160,4.875,0.000
20,ec.gp.GPIndividual@6501633{1313641390},3C_20_80-03.txt,169.439,0.100,16.944,13,17.313,102.18,1.332,4.875,0.000
20,ec.gp.GPIndividual@6501633{1313641390},3C_20_80-01.txt,4.194,0.100,0.419,3,4.609,1098.91,1.536,4.875,0.000
20,ec.gp.GPIndividual@6501633{1313641390},3C_20_80-01.txt,4.194,0.100,0.419,8,0.625,149.01,0.078,4.875,0.000
20,ec.gp.GPIndividual@6501633{1313641390},3C_20_80-02.txt,35.738,0.100,3.574,4,5.188,145.15,1.297,4.875,0.000
20,ec.gp.GPIndividual@6501633{1313641390},3C_20_80-03.txt,169.439,0.100,16.944,4,0.516,3.04,0.129,4.875,0.000
20,ec.gp.GPIndividual@6501633{1313641390},3C_20_80-03.txt,169.439,0.100,16.944,5,6.875,40.58,1.375,5.875,0.000
20,ec.gp.GPIndividual@6501633{1313641390},3C_20_80-03.txt,169.439,0.100,16.944,9,11.875,70.08,1.319,5.875,0.000
20,ec.gp.GPIndividual@92764851{-8513421},3C_20_50-02.txt,61.404,0.100,6.140,6,12.203,198.73,2.034,6.250,0.000
20,ec.gp.GPIndividual@1711134302{1404212586},3C_20_50-02.txt,61.404,0.100,6.140,1,0.000,0.00,0.000,0.000,0.000
20,ec.gp.GPIndividual@1711134302{1404212586},3C_20_80-02.txt,35.738,0.100,3.574,3,7.063,197.62,2.354,6.063,0.000
20,ec.gp.GPIndividual@1723835225{347080123},3C_20_50-02.txt,61.404,0.100,6.140,3,6.641,108.15,2.214,6.188,0.000
20,ec.gp.GPIndividual@2112319206{1665546640},3C_20_50-02.txt,61.404,0.100,6.140,8,3.672,59.80,0.459,1.766,0.000
20,ec.gp.GPIndividual@2112319206{1665546640},3C_20_80-03.txt,169.439,0.100,16.944,4,4.703,27.76,1.176,1.781,0.000
20,ec.gp.GPIndividual@2112319206{1665546640},3C_20_50-03.txt,30.993,0.100,3.099,3,3.297,106.38,1.099,1.781,0.000
20,ec.gp.GPIndividual@2112319206{1665546640},3C_20_50-03.txt,30.993,0.100,3.099,7,4.375,141.16,0.625,1.984,0.000
20,ec.gp.GPIndividual@2112319206{1665546640},3C_20_80-03.txt,169.439,0.100,16.944,8,2.750,16.23,0.344,1.984,0.000
20,ec.gp.GPIndividual@2112319206{1665546640},3C_20_50-03.txt,30.993,0.100,3.099,3,2.906,93.77,0.969,2.563,0.000
20,ec.gp.GPIndividual@2112319206{1665546640},3C_20_50-03.txt,30.993,0.100,3.099,10,3.734,120.49,0.373,2.563,0.000
20,ec.gp.GPIndividual@2112319206{1665546640},3C_20_66-01.txt,7.322,0.100,0.732,2,5.797,791.69,2.898,5.797,0.000
20,ec.gp.GPIndividual@968396127{1519868981},3C_20_50-02.txt,61.404,0.100,6.140,8,9.172,149.37,1.146,4.125,0.000
20,ec.gp.GPIndividual@968396127{1519868981},3C_20_66-01.txt,7.322,0.100,0.732,1,0.000,0.00,0.000,4.125,0.000
20,ec.gp.GPIndividual@968396127{1519868981},3C_20_66-01.txt,7.322,0.100,0.732,2,0.813,110.96,0.406,4.125,0.000
20,ec.gp.GPIndividual@968396127{1519868981},3C_20_66-02.txt,154.245,0.100,15.424,10,12.609,81.75,1.261,5.641,0.000
20,ec.gp.GPIndividual@968396127{1519868981},3C_20_66-02.txt,154.245,0.100,15.424,12,14.516,94.11,1.210,5.641,0.000
20,ec.gp.GPIndividual@1242115490{-434959212},3C_20_50-02.txt,61.404,0.100,6.140,2,1.375,22.39,0.688,1.375,0.000
20,ec.gp.GPIndividual@1242115490{-434959212},3C_20_66-02.txt,154.245,0.100,15.424,4,3.438,22.29,0.859,1.547,0.000
20,ec.gp.GPIndividual@1242115490{-434959212},3C_20_66-03.txt,118.340,0.100,11.834,6,12.859,108.67,2.143,4.031,0.000
20,ec.gp.GPIndividual@1242115490{-434959212},3C_20_66-01.txt,7.322,0.100,0.732,9,0.844,115.23,0.094,4.031,0.000
20,ec.gp.GPIndividual@1242115490{-434959212},3C_20_66-02.txt,154.245,0.100,15.424,5,2.531,16.41,0.506,4.031,0.000
20,ec.gp.GPIndividual@1242115490{-434959212},3C_20_66-03.txt,118.340,0.100,11.834,3,4.234,35.78,1.411,4.031,0.000
20,ec.gp.GPIndividual@1242115490{-434959212},3C_20_50-03.txt,30.993,0.100,3.099,5,8.172,263.67,1.634,4.844,0.000
20,ec.gp.GPIndividual@1242115490{-434959212},3C_20_66-03.txt,118.340,0.100,11.834,9,13.078,110.51,1.453,4.844,0.000
20,ec.gp.GPIndividual@1242115490{-434959212},3C_20_66-03.txt,118.340,0.100,11.834,7,3.047,25.75,0.435,4.844,0.000
20,ec.gp.GPIndividual@1242115490{-434959212},3C_20_50-03.txt,30.993,0.100,3.099,2,4.328,139.65,2.164,4.844,0.000
20,ec.gp.GPIndividual@1242115490{-434959212},3C_20_66-01.txt,7.322,0.100,0.732,5,11.203,1530.02,2.241,4.844,0.000
20,ec.gp.GPIndividual@1242115490{-434959212},3C_20_80-01.txt,4.194,0.100,0.419,7,1.188,283.11,0.170,4.844,0.000
20,ec.gp.GPIndividual@1242115490{-434959212},3C_20_80-02.txt,35.738,0.100,3.574,4,4.609,128.98,1.152,4.844,0.000
20,ec.gp.GPIndividual@1242115490{-434959212},3C_20_80-03.txt,169.439,0.100,16.944,11,13.563,80.04,1.233,4.844,0.000
20,ec.gp.GPIndividual@1242115490{-434959212},3C_20_66-02.txt,154.245,0.100,15.424,8,16.516,107.07,2.064,4.844,0.000
20,ec.gp.GPIndividual@1242115490{-434959212},3C_20_80-01.txt,4.194,0.100,0.419,4,0.516,122.93,0.129,4.844,0.000
20,ec.gp.GPIndividual@1242115490{-434959212},3C_20_80-02.txt,35.738,0.100,3.574,5,7.234,202.43,1.447,6.031,0.000
20,ec.gp.GPIndividual@2001122507{-1196239714},3C_20_50-02.txt,61.404,0.100,6.140,9,9.750,158.78,1.083,4.375,0.000
20,ec.gp.GPIndividual@2001122507{-1196239714},3C_20_80-01.txt,4.194,0.100,0.419,5,4.344,1035.59,0.869,4.375,0.000
20,ec.gp.GPIndividual@2001122507{-1196239714},3C_20_66-01.txt,7.322,0.100,0.732,5,1.109,151.51,0.222,4.375,0.000
20,ec.gp.GPIndividual@2001122507{-1196239714},3C_20_66-03.txt,118.340,0.100,11.834,9,2.625,22.18,0.292,4.375,0.000
20,ec.gp.GPIndividual@2001122507{-1196239714},3C_20_80-01.txt,4.194,0.100,0.419,2,1.766,420.94,0.883,4.375,0.000
20,ec.gp.GPIndividual@2001122507{-1196239714},3C_20_50-03.txt,30.993,0.100,3.099,5,3.328,107.38,0.666,4.375,0.000
20,ec.gp.GPIndividual@2001122507{-1196239714},3C_20_66-02.txt,154.245,0.100,15.424,4,1.797,11.65,0.449,4.375,0.000
20,ec.gp.GPIndividual@2001122507{-1196239714},3C_20_80-02.txt,35.738,0.100,3.574,4,1.859,52.03,0.465,4.375,0.000
20,ec.gp.GPIndividual@2001122507{-1196239714},3C_20_80-03.txt,169.439,0.100,16.944,3,1.078,6.36,0.359,4.375,0.000
20,ec.gp.GPIndividual@2001122507{-1196239714},3C_20_80-02.txt,35.738,0.100,3.574,3,4.047,113.24,1.349,4.375,0.000
20,ec.gp.GPIndividual@2001122507{-1196239714},3C_20_66-03.txt,118.340,0.100,11.834,10,13.641,115.27,1.364,4.734,0.000
20,ec.gp.GPIndividual@2001122507{-1196239714},3C_20_80-03.txt,169.439,0.100,16.944,4,0.156,0.92,0.039,4.734,0.000
20,ec.gp.GPIndividual@2001122507{-1196239714},3C_20_66-01.txt,7.322,0.100,0.732,3,2.422,330.76,0.807,4.734,0.000
20,ec.gp.GPIndividual@2001122507{-1196239714},3C_20_80-03.txt,169.439,0.100,16.944,15,17.078,100.79,1.139,5.813,0.000
20,ec.gp.GPIndividual@2001122507{-1196239714},3C_20_66-02.txt,154.245,0.100,15.424,7,4.281,27.76,0.612,5.813,0.000
20,ec.gp.GPIndividual@913281911{614218676},3C_20_50-02.txt,61.404,0.100,6.140,2,0.531,8.65,0.266,0.531,0.000
20,ec.gp.GPIndividual@913281911{614218676},3C_20_50-03.txt,30.993,0.100,3.099,2,5.531,178.47,2.766,5.531,0.000
20,ec.gp.GPIndividual@913281911{614218676},3C_20_80-01.txt,4.194,0.100,0.419,3,8.359,1992.94,2.786,5.859,0.000
20,ec.gp.GPIndividual@973194591{1940524456},3C_20_50-02.txt,61.404,0.100,6.140,0,0.000,0.00,0.000,0.000,0.000
20,ec.gp.GPIndividual@973194591{1940524456},3C_20_66-03.txt,118.340,0.100,11.834,4,6.984,59.02,1.746,6.328,0.000
20,ec.gp.GPIndividual@973194591{1940524456},3C_20_50-03.txt,30.993,0.100,3.099,1,1.266,40.84,1.266,6.328,0.000
20,ec.gp.GPIndividual@973194591{1940524456},3C_20_66-01.txt,7.322,0.100,0.732,2,0.344,46.95,0.172,6.328,0.000
20,ec.gp.GPIndividual@973194591{1940524456},3C_20_66-02.txt,154.245,0.100,15.424,7,8.594,55.71,1.228,6.328,0.000
20,ec.gp.GPIndividual@2056969028{-1063765554},3C_20_50-02.txt,61.404,0.100,6.140,2,0.469,7.63,0.234,0.469,0.000
20,ec.gp.GPIndividual@2056969028{-1063765554},3C_20_66-01.txt,7.322,0.100,0.732,1,1.469,200.59,1.469,1.469,0.000
20,ec.gp.GPIndividual@2056969028{-1063765554},3C_20_80-02.txt,35.738,0.100,3.574,3,2.563,71.70,0.854,2.266,0.000
20,ec.gp.GPIndividual@2056969028{-1063765554},3C_20_66-03.txt,118.340,0.100,11.834,1,0.000,0.00,0.000,2.266,0.000
20,ec.gp.GPIndividual@2056969028{-1063765554},3C_20_66-02.txt,154.245,0.100,15.424,7,16.156,104.74,2.308,4.891,0.000
20,ec.gp.GPIndividual@2056969028{-1063765554},3C_20_66-03.txt,118.340,0.100,11.834,6,4.891,41.33,0.815,4.891,0.000
20,ec.gp.GPIndividual@2056969028{-1063765554},3C_20_80-01.txt,4.194,0.100,0.419,3,0.500,119.20,0.167,4.891,0.000
20,ec.gp.GPIndividual@2056969028{-1063765554},3C_20_80-02.txt,35.738,0.100,3.574,5,3.984,111.49,0.797,4.891,0.000
20,ec.gp.GPIndividual@2056969028{-1063765554},3C_20_80-03.txt,169.439,0.100,16.944,2,4.813,28.40,2.406,4.891,0.000
20,ec.gp.GPIndividual@2056969028{-1063765554},3C_20_80-01.txt,4.194,0.100,0.419,6,0.734,175.08,0.122,4.891,0.000
20,ec.gp.GPIndividual@2056969028{-1063765554},3C_20_80-02.txt,35.738,0.100,3.574,3,2.938,82.20,0.979,4.891,0.000
20,ec.gp.GPIndividual@2056969028{-1063765554},3C_20_80-03.txt,169.439,0.100,16.944,10,12.156,71.74,1.216,4.891,0.000
20,ec.gp.GPIndividual@2056969028{-1063765554},3C_20_80-01.txt,4.194,0.100,0.419,2,1.516,361.34,0.758,4.891,0.000
20,ec.gp.GPIndividual@2056969028{-1063765554},3C_20_80-03.txt,169.439,0.100,16.944,1,0.000,0.00,0.000,4.891,0.000
20,ec.gp.GPIndividual@2056969028{-1063765554},3C_20_80-02.txt,35.738,0.100,3.574,1,5.672,158.71,5.672,5.672,0.000
20,ec.gp.GPIndividual@314138314{2004403610},3C_20_50-02.txt,61.404,0.100,6.140,3,5.250,85.50,1.750,4.234,0.297
20,ec.gp.GPIndividual@314138314{2004403610},3C_20_50-03.txt,30.993,0.100,3.099,3,6.047,195.11,2.016,5.141,0.000
20,ec.gp.GPIndividual@314138314{2004403610},3C_20_50-03.txt,30.993,0.100,3.099,3,7.141,230.40,2.380,5.625,0.000
20,ec.gp.GPIndividual@2035866414{-118696113},3C_20_50-02.txt,61.404,0.100,6.140,6,1.453,23.66,0.242,0.969,0.000
20,ec.gp.GPIndividual@2035866414{-118696113},3C_20_80-01.txt,4.194,0.100,0.419,2,1.297,309.19,0.648,1.297,0.000
20,ec.gp.GPIndividual@2035866414{-118696113},3C_20_66-01.txt,7.322,0.100,0.732,0,0.000,0.00,0.000,1.297,0.000
20,ec.gp.GPIndividual@2035866414{-118696113},3C_20_80-03.txt,169.439,0.100,16.944,6,6.094,35.96,1.016,1.656,0.000
20,ec.gp.GPIndividual@2035866414{-118696113},3C_20_66-02.txt,154.245,0.100,15.424,5,16.063,104.14,3.213,5.391,0.000
20,ec.gp.GPIndividual@2035866414{-118696113},3C_20_66-03.txt,118.340,0.100,11.834,3,6.750,57.04,2.250,5.891,0.000
20,ec.gp.GPIndividual@1620698009{-1761813350},3C_20_50-02.txt,61.404,0.100,6.140,1,0.516,8.40,0.516,0.516,0.516
20,ec.gp.GPIndividual@1620698009{-1761813350},3C_20_50-03.txt,30.993,0.100,3.099,2,5.734,185.02,2.867,3.438,0.516
20,ec.gp.GPIndividual@1620698009{-1761813350},3C_20_80-02.txt,35.738,0.100,3.574,3,4.594,128.54,1.531,4.109,0.000
20,ec.gp.GPIndividual@1108881231{14509467},3C_20_50-02.txt,61.404,0.100,6.140,3,1.891,30.79,0.630,1.359,0.000
20,ec.gp.GPIndividual@1108881231{14509467},3C_20_66-01.txt,7.322,0.100,0.732,1,0.344,46.95,0.344,1.359,0.000
20,ec.gp.GPIndividual@1108881231{14509467},3C_20_66-02.txt,154.245,0.100,15.424,3,2.922,18.94,0.974,1.547,0.000
20,ec.gp.GPIndividual@1108881231{14509467},3C_20_50-03.txt,30.993,0.100,3.099,3,4.906,158.30,1.635,4.906,0.000
20,ec.gp.GPIndividual@1108881231{14509467},3C_20_80-01.txt,4.194,0.100,0.419,2,1.922,458.19,0.961,4.906,0.000
20,ec.gp.GPIndividual@1108881231{14509467},3C_20_50-03.txt,30.993,0.100,3.099,2,0.156,5.04,0.078,4.906,0.000
20,ec.gp.GPIndividual@1108881231{14509467},3C_20_80-02.txt,35.738,0.100,3.574,1,4.531,126.79,4.531,4.906,0.000
20,ec.gp.GPIndividual@1108881231{14509467},3C_20_66-01.txt,7.322,0.100,0.732,3,1.813,247.54,0.604,4.906,0.000
20,ec.gp.GPIndividual@1108881231{14509467},3C_20_66-02.txt,154.245,0.100,15.424,3,4.109,26.64,1.370,4.906,0.000
20,ec.gp.GPIndividual@1108881231{14509467},3C_20_66-03.txt,118.340,0.100,11.834,0,0.000,0.00,0.000,4.906,0.000
20,ec.gp.GPIndividual@1108881231{14509467},3C_20_66-01.txt,7.322,0.100,0.732,10,3.563,486.54,0.356,4.906,0.000
20,ec.gp.GPIndividual@1108881231{14509467},3C_20_80-03.txt,169.439,0.100,16.944,0,0.000,0.00,0.000,4.906,0.000
20,ec.gp.GPIndividual@1108881231{14509467},3C_20_66-01.txt,7.322,0.100,0.732,2,0.938,128.04,0.469,4.906,0.000
20,ec.gp.GPIndividual@1108881231{14509467},3C_20_80-03.txt,169.439,0.100,16.944,2,0.422,2.49,0.211,4.906,0.000
20,ec.gp.GPIndividual@1108881231{14509467},3C_20_66-02.txt,154.245,0.100,15.424,9,14.672,95.12,1.630,4.906,0.000
20,ec.gp.GPIndividual@1108881231{14509467},3C_20_80-01.txt,4.194,0.100,0.419,1,1.422,338.99,1.422,4.906,0.000
20,ec.gp.GPIndividual@1108881231{14509467},3C_20_66-02.txt,154.245,0.100,15.424,2,0.313,2.03,0.156,4.906,0.000
20,ec.gp.GPIndividual@1108881231{14509467},3C_20_80-02.txt,35.738,0.100,3.574,3,3.813,106.68,1.271,4.906,0.000
20,ec.gp.GPIndividual@1108881231{14509467},3C_20_66-03.txt,118.340,0.100,11.834,7,11.641,98.37,1.663,5.813,0.000
20,ec.gp.GPIndividual@1749102779{-1046108395},3C_20_50-02.txt,61.404,0.100,6.140,2,1.500,24.43,0.750,1.500,0.000
20,ec.gp.GPIndividual@1749102779{-1046108395},3C_20_80-03.txt,169.439,0.100,16.944,3,0.438,2.58,0.146,1.500,0.000
20,ec.gp.GPIndividual@1749102779{-1046108395},3C_20_66-03.txt,118.340,0.100,11.834,8,10.313,87.14,1.289,2.734,0.000
20,ec.gp.GPIndividual@741726738{1583199740},3C_20_50-02.txt,61.404,0.100,6.140,2,1.969,32.06,0.984,1.453,0.516
20,ec.gp.GPIndividual@741726738{1583199740},3C_20_50-03.txt,30.993,0.100,3.099,2,7.375,237.96,3.688,4.891,0.516
20,ec.gp.GPIndividual@741726738{1583199740},3C_20_50-03.txt,30.993,0.100,3.099,2,4.781,154.27,2.391,4.891,0.000
20,ec.gp.GPIndividual@741726738{1583199740},3C_20_80-01.txt,4.194,0.100,0.419,3,1.672,398.59,0.557,4.891,0.000
20,ec.gp.GPIndividual@741726738{1583199740},3C_20_66-03.txt,118.340,0.100,11.834,4,0.141,1.19,0.035,4.891,0.000
20,ec.gp.GPIndividual@741726738{1583199740},3C_20_80-01.txt,4.194,0.100,0.419,3,1.266,301.74,0.422,4.891,0.000
20,ec.gp.GPIndividual@741726738{1583199740},3C_20_66-01.txt,7.322,0.100,0.732,2,5.891,804.49,2.945,5.719,0.000
20,ec.gp.GPIndividual@416710937{976739778},3C_20_50-02.txt,61.404,0.100,6.140,7,6.188,100.77,0.884,3.547,0.000
20,ec.gp.GPIndividual@416710937{976739778},3C_20_80-01.txt,4.194,0.100,0.419,1,0.000,0.00,0.000,3.547,0.000
20,ec.gp.GPIndividual@416710937{976739778},3C_20_50-03.txt,30.993,0.100,3.099,5,1.297,41.84,0.259,3.547,0.000
20,ec.gp.GPIndividual@1360510145{1109885319},3C_20_50-02.txt,61.404,0.100,6.140,7,8.922,145.30,1.275,4.875,0.000
20,ec.gp.GPIndividual@1360510145{1109885319},3C_20_80-01.txt,4.194,0.100,0.419,6,0.453,108.03,0.076,4.875,0.000
20,ec.gp.GPIndividual@1360510145{1109885319},3C_20_80-02.txt,35.738,0.100,3.574,6,3.828,107.12,0.638,4.875,0.000
20,ec.gp.GPIndividual@1360510145{1109885319},3C_20_80-02.txt,35.738,0.100,3.574,2,0.453,12.68,0.227,4.875,0.000
20,ec.gp.GPIndividual@1360510145{1109885319},3C_20_66-01.txt,7.322,0.100,0.732,2,1.266,172.85,0.633,4.875,0.000
20,ec.gp.GPIndividual@1360510145{1109885319},3C_20_80-03.txt,169.439,0.100,16.944,8,1.703,10.05,0.213,4.875,0.000
20,ec.gp.GPIndividual@1360510145{1109885319},3C_20_50-03.txt,30.993,0.100,3.099,4,2.219,71.59,0.555,4.875,0.000
20,ec.gp.GPIndividual@1360510145{1109885319},3C_20_66-02.txt,154.245,0.100,15.424,15,15.438,100.08,1.029,4.875,0.000
20,ec.gp.GPIndividual@1360510145{1109885319},3C_20_66-01.txt,7.322,0.100,0.732,2,0.594,81.09,0.297,4.875,0.000
20,ec.gp.GPIndividual@1360510145{1109885319},3C_20_66-03.txt,118.340,0.100,11.834,4,2.547,21.52,0.637,4.875,0.000
20,ec.gp.GPIndividual@1360510145{1109885319},3C_20_80-03.txt,169.439,0.100,16.944,4,2.969,17.52,0.742,4.875,0.000
20,ec.gp.GPIndividual@277386028{597342104},3C_20_50-02.txt,61.404,0.100,6.140,2,0.781,12.72,0.391,0.563,0.219
20,ec.gp.GPIndividual@277386028{597342104},3C_20_50-03.txt,30.993,0.100,3.099,2,2.109,68.06,1.055,1.297,0.219
20,ec.gp.GPIndividual@277386028{597342104},3C_20_66-01.txt,7.322,0.100,0.732,1,0.375,51.21,0.375,1.297,0.219
20,ec.gp.GPIndividual@277386028{597342104},3C_20_66-02.txt,154.245,0.100,15.424,1,0.859,5.57,0.859,1.297,0.219
20,ec.gp.GPIndividual@277386028{597342104},3C_20_66-02.txt,154.245,0.100,15.424,4,8.016,51.97,2.004,3.406,0.000
20,ec.gp.GPIndividual@277386028{597342104},3C_20_66-03.txt,118.340,0.100,11.834,8,9.875,83.45,1.234,3.641,0.000
20,ec.gp.GPIndividual@1912562518{-2073600842},3C_20_50-02.txt,61.404,0.100,6.140,3,4.531,73.79,1.510,3.594,0.000
20,ec.gp.GPIndividual@1912562518{-2073600842},3C_20_80-01.txt,4.194,0.100,0.419,1,0.188,44.70,0.188,3.594,0.000
20,ec.gp.GPIndividual@1912562518{-2073600842},3C_20_80-02.txt,35.738,0.100,3.574,2,2.953,82.63,1.477,3.594,0.000
20,ec.gp.GPIndividual@1912562518{-2073600842},3C_20_80-01.txt,4.194,0.100,0.419,5,1.250,298.01,0.250,3.594,0.000
20,ec.gp.GPIndividual@1912562518{-2073600842},3C_20_50-03.txt,30.993,0.100,3.099,3,1.203,38.82,0.401,3.594,0.000
20,ec.gp.GPIndividual@1912562518{-2073600842},3C_20_80-03.txt,169.439,0.100,16.944,0,0.000,0.00,0.000,3.594,0.000
20,ec.gp.GPIndividual@1912562518{-2073600842},3C_20_80-02.txt,35.738,0.100,3.574,6,3.531,98.81,0.589,3.594,0.000
20,ec.gp.GPIndividual@1912562518{-2073600842},3C_20_66-01.txt,7.322,0.100,0.732,3,1.828,249.67,0.609,3.594,0.000
20,ec.gp.GPIndividual@1912562518{-2073600842},3C_20_80-03.txt,169.439,0.100,16.944,3,0.094,0.55,0.031,3.594,0.000
20,ec.gp.GPIndividual@1912562518{-2073600842},3C_20_66-03.txt,118.340,0.100,11.834,5,5.156,43.57,1.031,3.594,0.000
20,ec.gp.GPIndividual@1860472111{-479833026},3C_20_50-02.txt,61.404,0.100,6.140,6,6.172,100.51,1.029,3.297,0.000
20,ec.gp.GPIndividual@57166897{-1794357060},3C_20_50-02.txt,61.404,0.100,6.140,6,6.516,106.11,1.086,3.406,0.000
20,ec.gp.GPIndividual@57166897{-1794357060},3C_20_50-03.txt,30.993,0.100,3.099,4,1.156,37.31,0.289,3.406,0.000
20,ec.gp.GPIndividual@57166897{-1794357060},3C_20_80-01.txt,4.194,0.100,0.419,2,1.031,245.86,0.516,3.406,0.000
20,ec.gp.GPIndividual@57166897{-1794357060},3C_20_50-03.txt,30.993,0.100,3.099,4,0.688,22.18,0.172,3.406,0.000
20,ec.gp.GPIndividual@57166897{-1794357060},3C_20_66-02.txt,154.245,0.100,15.424,12,14.875,96.44,1.240,3.406,0.000
20,ec.gp.GPIndividual@57166897{-1794357060},3C_20_66-03.txt,118.340,0.100,11.834,4,0.578,4.89,0.145,3.406,0.000
20,ec.gp.GPIndividual@57166897{-1794357060},3C_20_80-02.txt,35.738,0.100,3.574,5,3.703,103.62,0.741,3.406,0.000
20,ec.gp.GPIndividual@57166897{-1794357060},3C_20_66-01.txt,7.322,0.100,0.732,4,0.344,46.95,0.086,3.406,0.000
20,ec.gp.GPIndividual@57166897{-1794357060},3C_20_80-03.txt,169.439,0.100,16.944,8,8.906,52.56,1.113,3.813,0.000
20,ec.gp.GPIndividual@57166897{-1794357060},3C_20_66-02.txt,154.245,0.100,15.424,10,14.922,96.74,1.492,4.266,0.000
20,ec.gp.GPIndividual@57166897{-1794357060},3C_20_66-01.txt,7.322,0.100,0.732,2,0.969,132.30,0.484,4.266,0.000
20,ec.gp.GPIndividual@57166897{-1794357060},3C_20_66-03.txt,118.340,0.100,11.834,8,9.938,83.97,1.242,4.906,0.000
20,ec.gp.GPIndividual@2691177{-1372191087},3C_20_50-02.txt,61.404,0.100,6.140,6,3.500,57.00,0.583,0.969,0.000
20,ec.gp.GPIndividual@2691177{-1372191087},3C_20_66-02.txt,154.245,0.100,15.424,4,6.203,40.22,1.551,3.469,0.000
20,ec.gp.GPIndividual@2691177{-1372191087},3C_20_80-01.txt,4.194,0.100,0.419,3,1.594,379.96,0.531,3.469,0.000
20,ec.gp.GPIndividual@2691177{-1372191087},3C_20_50-03.txt,30.993,0.100,3.099,5,1.391,44.87,0.278,3.469,0.000
20,ec.gp.GPIndividual@2691177{-1372191087},3C_20_80-02.txt,35.738,0.100,3.574,6,3.828,107.12,0.638,3.469,0.000
20,ec.gp.GPIndividual@2691177{-1372191087},3C_20_66-01.txt,7.322,0.100,0.732,6,1.547,211.26,0.258,3.469,0.000
20,ec.gp.GPIndividual@2691177{-1372191087},3C_20_80-01.txt,4.194,0.100,0.419,2,0.203,48.43,0.102,3.469,0.000
20,ec.gp.GPIndividual@2691177{-1372191087},3C_20_66-03.txt,118.340,0.100,11.834,12,5.859,49.51,0.488,3.469,0.000
20,ec.gp.GPIndividual@2691177{-1372191087},3C_20_80-03.txt,169.439,0.100,16.944,9,17.188,101.44,1.910,3.969,0.000
20,ec.gp.GPIndividual@2691177{-1372191087},3C_20_80-02.txt,35.738,0.100,3.574,7,3.344,93.56,0.478,3.969,0.000
20,ec.gp.GPIndividual@2691177{-1372191087},3C_20_66-02.txt,154.245,0.100,15.424,6,4.406,28.57,0.734,3.969,0.000
20,ec.gp.GPIndividual@1828968812{-1434717529},3C_20_50-02.txt,61.404,0.100,6.140,7,4.984,81.17,0.712,1.578,0.000
20,ec.gp.GPIndividual@1851978196{-2062901518},3C_20_50-02.txt,61.404,0.100,6.140,10,4.313,70.23,0.431,2.078,0.000
20,ec.gp.GPIndividual@1851978196{-2062901518},3C_20_50-03.txt,30.993,0.100,3.099,10,2.578,83.19,0.258,2.078,0.000
20,ec.gp.GPIndividual@1851978196{-2062901518},3C_20_66-01.txt,7.322,0.100,0.732,7,0.609,83.22,0.087,2.078,0.000
20,ec.gp.GPIndividual@1851978196{-2062901518},3C_20_66-02.txt,154.245,0.100,15.424,12,12.172,78.91,1.014,5.281,0.000
20,ec.gp.GPIndividual@1851978196{-2062901518},3C_20_66-03.txt,118.340,0.100,11.834,9,9.594,81.07,1.066,5.281,0.000
20,ec.gp.GPIndividual@1851978196{-2062901518},3C_20_80-01.txt,4.194,0.100,0.419,7,0.359,85.68,0.051,5.281,0.000
20,ec.gp.GPIndividual@1851978196{-2062901518},3C_20_80-02.txt,35.738,0.100,3.574,10,2.672,74.76,0.267,5.281,0.000
20,ec.gp.GPIndividual@1851978196{-2062901518},3C_20_80-03.txt,169.439,0.100,16.944,7,11.141,65.75,1.592,6.516,0.000
20,ec.gp.GPIndividual@975638215{563280538},3C_20_50-02.txt,61.404,0.100,6.140,2,0.047,0.76,0.023,0.047,0.000
20,ec.gp.GPIndividual@975638215{563280538},3C_20_50-03.txt,30.993,0.100,3.099,2,0.547,17.65,0.273,0.547,0.000
20,ec.gp.GPIndividual@975638215{563280538},3C_20_66-01.txt,7.322,0.100,0.732,2,0.125,17.07,0.063,0.547,0.000
20,ec.gp.GPIndividual@975638215{563280538},3C_20_66-02.txt,154.245,0.100,15.424,2,0.313,2.03,0.156,0.547,0.000
20,ec.gp.GPIndividual@975638215{563280538},3C_20_66-03.txt,118.340,0.100,11.834,2,0.781,6.60,0.391,0.781,0.000
20,ec.gp.GPIndividual@975638215{563280538},3C_20_80-01.txt,4.194,0.100,0.419,2,0.156,37.25,0.078,0.781,0.000
20,ec.gp.GPIndividual@975638215{563280538},3C_20_80-02.txt,35.738,0.100,3.574,2,0.281,7.87,0.141,0.781,0.000
20,ec.gp.GPIndividual@975638215{563280538},3C_20_80-03.txt,169.439,0.100,16.944,2,0.797,4.70,0.398,0.797,0.000
21,ec.gp.GPIndividual@1238799104{115383170},3C_20_50-02.txt,61.404,0.100,6.140,1,0.000,0.00,0.000,0.000,0.000
21,ec.gp.GPIndividual@904341928{1569583326},3C_20_50-02.txt,61.404,0.100,6.140,1,0.000,0.00,0.000,0.000,0.000
21,ec.gp.GPIndividual@904341928{1569583326},3C_20_66-01.txt,7.322,0.100,0.732,0,0.000,0.00,0.000,0.000,0.000
21,ec.gp.GPIndividual@904341928{1569583326},3C_20_66-02.txt,154.245,0.100,15.424,0,0.000,0.00,0.000,0.000,0.000
21,ec.gp.GPIndividual@904341928{1569583326},3C_20_66-03.txt,118.340,0.100,11.834,0,0.000,0.00,0.000,0.000,0.000
21,ec.gp.GPIndividual@904341928{1569583326},3C_20_80-01.txt,4.194,0.100,0.419,0,0.000,0.00,0.000,0.000,0.000
21,ec.gp.GPIndividual@904341928{1569583326},3C_20_80-02.txt,35.738,0.100,3.574,0,0.000,0.00,0.000,0.000,0.000
21,ec.gp.GPIndividual@904341928{1569583326},3C_20_80-03.txt,169.439,0.100,16.944,0,0.000,0.00,0.000,0.000,0.000
21,ec.gp.GPIndividual@1963698451{-2129479352},3C_20_50-02.txt,61.404,0.100,6.140,2,0.188,3.05,0.094,0.188,0.000
21,ec.gp.GPIndividual@1963698451{-2129479352},3C_20_50-03.txt,30.993,0.100,3.099,6,1.375,44.37,0.229,0.297,0.000
21,ec.gp.GPIndividual@1963698451{-2129479352},3C_20_50-03.txt,30.993,0.100,3.099,12,2.891,93.27,0.241,0.969,0.000
21,ec.gp.GPIndividual@1963698451{-2129479352},3C_20_50-03.txt,30.993,0.100,3.099,6,3.891,125.53,0.648,1.297,0.000
21,ec.gp.GPIndividual@1963698451{-2129479352},3C_20_66-01.txt,7.322,0.100,0.732,5,0.891,121.63,0.178,1.297,0.000
21,ec.gp.GPIndividual@1963698451{-2129479352},3C_20_50-03.txt,30.993,0.100,3.099,1,0.000,0.00,0.000,1.297,0.000
21,ec.gp.GPIndividual@1963698451{-2129479352},3C_20_50-03.txt,30.993,0.100,3.099,2,0.328,10.59,0.164,1.297,0.000
21,ec.gp.GPIndividual@1963698451{-2129479352},3C_20_66-02.txt,154.245,0.100,15.424,4,0.953,6.18,0.238,1.297,0.000
21,ec.gp.GPIndividual@1963698451{-2129479352},3C_20_66-01.txt,7.322,0.100,0.732,2,1.594,217.66,0.797,1.297,0.000
21,ec.gp.GPIndividual@1963698451{-2129479352},3C_20_66-01.txt,7.322,0.100,0.732,4,2.844,388.37,0.711,1.297,0.000
21,ec.gp.GPIndividual@1963698451{-2129479352},3C_20_66-01.txt,7.322,0.100,0.732,5,1.625,221.93,0.325,1.359,0.000
21,ec.gp.GPIndividual@1963698451{-2129479352},3C_20_50-03.txt,30.993,0.100,3.099,1,0.000,0.00,0.000,1.359,0.000
21,ec.gp.GPIndividual@1963698451{-2129479352},3C_20_66-02.txt,154.245,0.100,15.424,8,2.984,19.35,0.373,1.906,0.000
21,ec.gp.GPIndividual@1963698451{-2129479352},3C_20_66-03.txt,118.340,0.100,11.834,5,5.813,49.12,1.163,2.219,0.000
21,ec.gp.GPIndividual@1963698451{-2129479352},3C_20_66-03.txt,118.340,0.100,11.834,3,4.469,37.76,1.490,2.219,0.000
21,ec.gp.GPIndividual@1963698451{-2129479352},3C_20_66-02.txt,154.245,0.100,15.424,2,1.453,9.42,0.727,2.219,0.000
21,ec.gp.GPIndividual@1963698451{-2129479352},3C_20_66-02.txt,154.245,0.100,15.424,8,13.156,85.29,1.645,4.828,0.000
21,ec.gp.GPIndividual@1963698451{-2129479352},3C_20_80-01.txt,4.194,0.100,0.419,2,0.188,44.70,0.094,4.828,0.000
21,ec.gp.GPIndividual@1963698451{-2129479352},3C_20_80-02.txt,35.738,0.100,3.574,3,3.797,106.24,1.266,4.828,0.000
21,ec.gp.GPIndividual@1963698451{-2129479352},3C_20_80-03.txt,169.439,0.100,16.944,9,10.625,62.71,1.181,4.828,0.000
21,ec.gp.GPIndividual@1963698451{-2129479352},3C_20_80-01.txt,4.194,0.100,0.419,2,1.578,376.24,0.789,4.828,0.000
21,ec.gp.GPIndividual@1963698451{-2129479352},3C_20_66-03.txt,118.340,0.100,11.834,5,5.578,47.14,1.116,4.828,0.000
21,ec.gp.GPIndividual@1963698451{-2129479352},3C_20_66-01.txt,7.322,0.100,0.732,2,0.313,42.68,0.156,4.828,0.000
21,ec.gp.GPIndividual@1963698451{-2129479352},3C_20_80-02.txt,35.738,0.100,3.574,8,7.906,221.23,0.988,4.828,0.000
21,ec.gp.GPIndividual@1963698451{-2129479352},3C_20_66-02.txt,154.245,0.100,15.424,3,0.578,3.75,0.193,4.828,0.000
21,ec.gp.GPIndividual@1963698451{-2129479352},3C_20_66-03.txt,118.340,0.100,11.834,1,0.000,0.00,0.000,4.828,0.000
21,ec.gp.GPIndividual@1963698451{-2129479352},3C_20_80-03.txt,169.439,0.100,16.944,1,5.734,33.84,5.734,5.734,0.000
21,ec.gp.GPIndividual@1212713022{-1379094348},3C_20_50-02.txt,61.404,0.100,6.140,4,7.563,123.16,1.891,4.844,0.000
21,ec.gp.GPIndividual@1212713022{-1379094348},3C_20_66-03.txt,118.340,0.100,11.834,14,11.906,100.61,0.850,4.844,0.000
21,ec.gp.GPIndividual@1212713022{-1379094348},3C_20_80-01.txt,4.194,0.100,0.419,3,2.516,599.75,0.839,4.844,0.000
21,ec.gp.GPIndividual@1212713022{-1379094348},3C_20_50-03.txt,30.993,0.100,3.099,2,5.859,189.06,2.930,5.859,0.000
21,ec.gp.GPIndividual@1442696315{-1914581514},3C_20_50-02.txt,61.404,0.100,6.140,7,8.469,137.92,1.210,4.828,0.000
21,ec.gp.GPIndividual@1442696315{-1914581514},3C_20_80-01.txt,4.194,0.100,0.419,3,4.828,1151.06,1.609,4.828,0.000
21,ec.gp.GPIndividual@1442696315{-1914581514},3C_20_80-01.txt,4.194,0.100,0.419,3,1.125,268.21,0.375,4.828,0.000
21,ec.gp.GPIndividual@1442696315{-1914581514},3C_20_80-02.txt,35.738,0.100,3.574,9,3.203,89.63,0.356,4.828,0.000
21,ec.gp.GPIndividual@1442696315{-1914581514},3C_20_66-01.txt,7.322,0.100,0.732,2,1.594,217.66,0.797,4.828,0.000
21,ec.gp.GPIndividual@1442696315{-1914581514},3C_20_50-03.txt,30.993,0.100,3.099,8,3.188,102.85,0.398,4.828,0.000
21,ec.gp.GPIndividual@1442696315{-1914581514},3C_20_80-02.txt,35.738,0.100,3.574,9,3.875,108.43,0.431,4.828,0.000
21,ec.gp.GPIndividual@1442696315{-1914581514},3C_20_66-02.txt,154.245,0.100,15.424,19,16.047,104.04,0.845,4.828,0.000
21,ec.gp.GPIndividual@1442696315{-1914581514},3C_20_80-02.txt,35.738,0.100,3.574,6,7.344,205.49,1.224,4.828,0.000
21,ec.gp.GPIndividual@1442696315{-1914581514},3C_20_66-01.txt,7.322,0.100,0.732,2,0.344,46.95,0.172,4.828,0.000
21,ec.gp.GPIndividual@1442696315{-1914581514},3C_20_80-03.txt,169.439,0.100,16.944,3,0.984,5.81,0.328,4.828,0.000
21,ec.gp.GPIndividual@1442696315{-1914581514},3C_20_80-03.txt,169.439,0.100,16.944,4,1.281,7.56,0.320,4.828,0.000
21,ec.gp.GPIndividual@1442696315{-1914581514},3C_20_66-02.txt,154.245,0.100,15.424,5,7.406,48.02,1.481,4.828,0.000
21,ec.gp.GPIndividual@1442696315{-1914581514},3C_20_66-03.txt,118.340,0.100,11.834,5,6.984,59.02,1.397,4.828,0.000
21,ec.gp.GPIndividual@1442696315{-1914581514},3C_20_66-03.txt,118.340,0.100,11.834,4,17.094,144.45,4.273,6.063,0.000
21,ec.gp.GPIndividual@64687760{-239129547},3C_20_50-02.txt,61.404,0.100,6.140,4,0.344,5.60,0.086,0.344,0.000
21,ec.gp.GPIndividual@662815686{1697862663},3C_20_50-02.txt,61.404,0.100,6.140,7,6.484,105.60,0.926,4.797,0.000
21,ec.gp.GPIndividual@662815686{1697862663},3C_20_50-03.txt,30.993,0.100,3.099,3,3.828,123.52,1.276,4.797,0.000
21,ec.gp.GPIndividual@662815686{1697862663},3C_20_66-01.txt,7.322,0.100,0.732,2,1.063,145.11,0.531,4.797,0.000
21,ec.gp.GPIndividual@662815686{1697862663},3C_20_50-03.txt,30.993,0.100,3.099,6,3.156,101.84,0.526,4.797,0.000
21,ec.gp.GPIndividual@662815686{1697862663},3C_20_66-01.txt,7.322,0.100,0.732,3,2.547,347.83,0.849,4.797,0.000
21,ec.gp.GPIndividual@662815686{1697862663},3C_20_80-03.txt,169.439,0.100,16.944,14,14.016,82.72,1.001,4.813,0.000
21,ec.gp.GPIndividual@662815686{1697862663},3C_20_66-02.txt,154.245,0.100,15.424,2,1.250,8.10,0.625,4.813,0.000
21,ec.gp.GPIndividual@662815686{1697862663},3C_20_66-02.txt,154.245,0.100,15.424,2,4.094,26.54,2.047,4.813,0.000
21,ec.gp.GPIndividual@662815686{1697862663},3C_20_66-01.txt,7.322,0.100,0.732,2,4.547,620.97,2.273,4.813,0.000
21,ec.gp.GPIndividual@662815686{1697862663},3C_20_80-01.txt,4.194,0.100,0.419,4,5.156,1229.29,1.289,4.813,0.000
21,ec.gp.GPIndividual@662815686{1697862663},3C_20_80-01.txt,4.194,0.100,0.419,1,0.313,74.50,0.313,4.813,0.000
21,ec.gp.GPIndividual@662815686{1697862663},3C_20_80-02.txt,35.738,0.100,3.574,5,6.422,179.69,1.284,5.797,0.000
21,ec.gp.GPIndividual@338598881{968891471},3C_20_50-02.txt,61.404,0.100,6.140,4,3.813,62.09,0.953,2.297,0.000
21,ec.gp.GPIndividual@338598881{968891471},3C_20_50-03.txt,30.993,0.100,3.099,1,0.000,0.00,0.000,2.297,0.000
21,ec.gp.GPIndividual@338598881{968891471},3C_20_66-02.txt,154.245,0.100,15.424,6,7.375,47.81,1.229,2.297,0.000
21,ec.gp.GPIndividual@338598881{968891471},3C_20_66-01.txt,7.322,0.100,0.732,2,1.375,187.79,0.688,2.297,0.000
21,ec.gp.GPIndividual@338598881{968891471},3C_20_66-03.txt,118.340,0.100,11.834,2,0.313,2.64,0.156,2.297,0.000
21,ec.gp.GPIndividual@338598881{968891471},3C_20_66-02.txt,154.245,0.100,15.424,5,7.672,49.74,1.534,2.531,0.000
21,ec.gp.GPIndividual@338598881{968891471},3C_20_80-03.txt,169.439,0.100,16.944,2,3.891,22.96,1.945,2.531,0.000
21,ec.gp.GPIndividual@338598881{968891471},3C_20_66-03.txt,118.340,0.100,11.834,6,13.484,113.95,2.247,4.781,0.000
21,ec.gp.GPIndividual@338598881{968891471},3C_20_80-01.txt,4.194,0.100,0.419,6,1.406,335.26,0.234,4.781,0.000
21,ec.gp.GPIndividual@338598881{968891471},3C_20_80-02.txt,35.738,0.100,3.574,7,3.813,106.68,0.545,4.781,0.000
21,ec.gp.GPIndividual@338598881{968891471},3C_20_80-02.txt,35.738,0.100,3.574,2,5.828,163.08,2.914,5.828,0.000
21,ec.gp.GPIndividual@1633861798{518341741},3C_20_50-02.txt,61.404,0.100,6.140,4,4.469,72.78,1.117,2.938,0.000
21,ec.gp.GPIndividual@1633861798{518341741},3C_20_66-03.txt,118.340,0.100,11.834,4,5.672,47.93,1.418,4.859,0.000
21,ec.gp.GPIndividual@1633861798{518341741},3C_20_80-01.txt,4.194,0.100,0.419,2,0.172,40.98,0.086,4.859,0.000
21,ec.gp.GPIndividual@1633861798{518341741},3C_20_80-02.txt,35.738,0.100,3.574,5,5.281,147.78,1.056,4.859,0.000
21,ec.gp.GPIndividual@1633861798{518341741},3C_20_66-03.txt,118.340,0.100,11.834,3,3.313,27.99,1.104,4.859,0.000
21,ec.gp.GPIndividual@1633861798{518341741},3C_20_80-03.txt,169.439,0.100,16.944,13,21.922,129.38,1.686,4.859,0.000
21,ec.gp.GPIndividual@1633861798{518341741},3C_20_80-03.txt,169.439,0.100,16.944,2,2.125,12.54,1.063,4.859,0.000
21,ec.gp.GPIndividual@1633861798{518341741},3C_20_50-03.txt,30.993,0.100,3.099,3,0.656,21.17,0.219,4.859,0.000
21,ec.gp.GPIndividual@1633861798{518341741},3C_20_80-03.txt,169.439,0.100,16.944,5,9.047,53.39,1.809,5.875,0.000
21,ec.gp.GPIndividual@507621345{2004403610},3C_20_50-02.txt,61.404,0.100,6.140,7,5.766,93.90,0.824,2.016,0.000
21,ec.gp.GPIndividual@507621345{2004403610},3C_20_50-03.txt,30.993,0.100,3.099,4,5.516,177.97,1.379,4.625,0.000
21,ec.gp.GPIndividual@507621345{2004403610},3C_20_80-01.txt,4.194,0.100,0.419,4,1.609,383.69,0.402,4.625,0.000
21,ec.gp.GPIndividual@507621345{2004403610},3C_20_66-01.txt,7.322,0.100,0.732,2,1.375,187.79,0.688,4.625,0.000
21,ec.gp.GPIndividual@507621345{2004403610},3C_20_66-02.txt,154.245,0.100,15.424,1,5.516,35.76,5.516,5.516,0.000
21,ec.gp.GPIndividual@507621345{2004403610},3C_20_80-02.txt,35.738,0.100,3.574,2,5.891,164.83,2.945,5.891,0.000
21,ec.gp.GPIndividual@2060366702{685329472},3C_20_50-02.txt,61.404,0.100,6.140,5,6.203,101.02,1.241,5.344,0.000
21,ec.gp.GPIndividual@2060366702{685329472},3C_20_50-03.txt,30.993,0.100,3.099,4,0.328,10.59,0.082,5.344,0.000
21,ec.gp.GPIndividual@2060366702{685329472},3C_20_80-01.txt,4.194,0.100,0.419,3,1.813,432.11,0.604,5.344,0.000
21,ec.gp.GPIndividual@2060366702{685329472},3C_20_80-03.txt,169.439,0.100,16.944,11,16.969,100.15,1.543,5.344,0.000
21,ec.gp.GPIndividual@2060366702{685329472},3C_20_66-03.txt,118.340,0.100,11.834,2,1.969,16.64,0.984,5.344,0.000
21,ec.gp.GPIndividual@1994961087{-1906482443},3C_20_50-02.txt,61.404,0.100,6.140,1,0.000,0.00,0.000,0.000,0.000
21,ec.gp.GPIndividual@1994961087{-1906482443},3C_20_50-03.txt,30.993,0.100,3.099,1,0.000,0.00,0.000,0.000,0.000
21,ec.gp.GPIndividual@1994961087{-1906482443},3C_20_66-01.txt,7.322,0.100,0.732,1,0.000,0.00,0.000,0.000,0.000
21,ec.gp.GPIndividual@1994961087{-1906482443},3C_20_66-02.txt,154.245,0.100,15.424,1,0.000,0.00,0.000,0.000,0.000
21,ec.gp.GPIndividual@1994961087{-1906482443},3C_20_66-03.txt,118.340,0.100,11.834,1,0.000,0.00,0.000,0.000,0.000
21,ec.gp.GPIndividual@1994961087{-1906482443},3C_20_80-01.txt,4.194,0.100,0.419,1,0.000,0.00,0.000,0.000,0.000
21,ec.gp.GPIndividual@1994961087{-1906482443},3C_20_80-02.txt,35.738,0.100,3.574,1,0.000,0.00,0.000,0.000,0.000
21,ec.gp.GPIndividual@1994961087{-1906482443},3C_20_80-03.txt,169.439,0.100,16.944,1,0.000,0.00,0.000,0.000,0.000
21,ec.gp.GPIndividual@1520056626{1468245239},3C_20_50-02.txt,61.404,0.100,6.140,0,0.000,0.00,0.000,0.000,0.000
21,ec.gp.GPIndividual@1520056626{1468245239},3C_20_50-03.txt,30.993,0.100,3.099,0,0.000,0.00,0.000,0.000,0.000
21,ec.gp.GPIndividual@1520056626{1468245239},3C_20_66-01.txt,7.322,0.100,0.732,0,0.000,0.00,0.000,0.000,0.000
21,ec.gp.GPIndividual@1520056626{1468245239},3C_20_66-02.txt,154.245,0.100,15.424,0,0.000,0.00,0.000,0.000,0.000
21,ec.gp.GPIndividual@1520056626{1468245239},3C_20_66-03.txt,118.340,0.100,11.834,0,0.000,0.00,0.000,0.000,0.000
21,ec.gp.GPIndividual@1520056626{1468245239},3C_20_80-01.txt,4.194,0.100,0.419,0,0.000,0.00,0.000,0.000,0.000
21,ec.gp.GPIndividual@1520056626{1468245239},3C_20_80-02.txt,35.738,0.100,3.574,0,0.000,0.00,0.000,0.000,0.000
21,ec.gp.GPIndividual@1520056626{1468245239},3C_20_80-03.txt,169.439,0.100,16.944,0,0.000,0.00,0.000,0.000,0.000
21,ec.gp.GPIndividual@466812820{-1936318807},3C_20_50-02.txt,61.404,0.100,6.140,3,0.313,5.09,0.104,0.313,0.000
21,ec.gp.GPIndividual@466812820{-1936318807},3C_20_80-02.txt,35.738,0.100,3.574,5,7.375,206.36,1.475,4.250,0.000
21,ec.gp.GPIndividual@466812820{-1936318807},3C_20_66-01.txt,7.322,0.100,0.732,1,0.000,0.00,0.000,4.250,0.000
21,ec.gp.GPIndividual@466812820{-1936318807},3C_20_66-01.txt,7.322,0.100,0.732,2,1.406,192.05,0.703,4.250,0.000
21,ec.gp.GPIndividual@466812820{-1936318807},3C_20_50-03.txt,30.993,0.100,3.099,9,9.500,306.53,1.056,5.891,0.000
21,ec.gp.GPIndividual@1268552259{988205819},3C_20_50-02.txt,61.404,0.100,6.140,1,0.000,0.00,0.000,0.000,0.000
21,ec.gp.GPIndividual@1268552259{988205819},3C_20_50-03.txt,30.993,0.100,3.099,1,0.000,0.00,0.000,0.000,0.000
21,ec.gp.GPIndividual@1268552259{988205819},3C_20_66-01.txt,7.322,0.100,0.732,1,0.000,0.00,0.000,0.000,0.000
21,ec.gp.GPIndividual@1268552259{988205819},3C_20_66-02.txt,154.245,0.100,15.424,1,0.000,0.00,0.000,0.000,0.000
21,ec.gp.GPIndividual@1268552259{988205819},3C_20_66-03.txt,118.340,0.100,11.834,1,0.000,0.00,0.000,0.000,0.000
21,ec.gp.GPIndividual@1268552259{988205819},3C_20_80-01.txt,4.194,0.100,0.419,1,0.000,0.00,0.000,0.000,0.000
21,ec.gp.GPIndividual@1268552259{988205819},3C_20_80-02.txt,35.738,0.100,3.574,1,0.000,0.00,0.000,0.000,0.000
21,ec.gp.GPIndividual@1268552259{988205819},3C_20_80-03.txt,169.439,0.100,16.944,1,0.000,0.00,0.000,0.000,0.000
21,ec.gp.GPIndividual@58616065{-1847451534},3C_20_50-02.txt,61.404,0.100,6.140,12,5.438,88.55,0.453,1.266,0.000
21,ec.gp.GPIndividual@58616065{-1847451534},3C_20_66-02.txt,154.245,0.100,15.424,5,7.469,48.42,1.494,4.766,0.000
21,ec.gp.GPIndividual@58616065{-1847451534},3C_20_66-01.txt,7.322,0.100,0.732,2,1.734,236.87,0.867,4.766,0.000
21,ec.gp.GPIndividual@58616065{-1847451534},3C_20_50-03.txt,30.993,0.100,3.099,3,2.828,91.25,0.943,4.766,0.000
21,ec.gp.GPIndividual@58616065{-1847451534},3C_20_66-02.txt,154.245,0.100,15.424,3,0.500,3.24,0.167,4.766,0.000
21,ec.gp.GPIndividual@58616065{-1847451534},3C_20_80-03.txt,169.439,0.100,16.944,8,11.281,66.58,1.410,4.766,0.000
21,ec.gp.GPIndividual@58616065{-1847451534},3C_20_66-02.txt,154.245,0.100,15.424,3,4.328,28.06,1.443,4.766,0.000
21,ec.gp.GPIndividual@58616065{-1847451534},3C_20_80-01.txt,4.194,0.100,0.419,1,0.172,40.98,0.172,4.766,0.000
21,ec.gp.GPIndividual@58616065{-1847451534},3C_20_80-02.txt,35.738,0.100,3.574,4,4.016,112.36,1.004,4.766,0.000
21,ec.gp.GPIndividual@58616065{-1847451534},3C_20_66-03.txt,118.340,0.100,11.834,3,0.344,2.90,0.115,4.766,0.000
21,ec.gp.GPIndividual@58616065{-1847451534},3C_20_66-03.txt,118.340,0.100,11.834,5,14.031,118.57,2.806,5.641,0.000
21,ec.gp.GPIndividual@274710771{524213428},3C_20_50-02.txt,61.404,0.100,6.140,7,6.938,112.98,0.991,3.031,0.000
21,ec.gp.GPIndividual@274710771{524213428},3C_20_66-01.txt,7.322,0.100,0.732,1,2.000,273.14,2.000,3.031,0.000
21,ec.gp.GPIndividual@274710771{524213428},3C_20_50-03.txt,30.993,0.100,3.099,6,2.891,93.27,0.482,3.031,0.000
21,ec.gp.GPIndividual@274710771{524213428},3C_20_80-03.txt,169.439,0.100,16.944,1,0.656,3.87,0.656,3.031,0.000
21,ec.gp.GPIndividual@274710771{524213428},3C_20_66-02.txt,154.245,0.100,15.424,2,0.828,5.37,0.414,3.031,0.000
21,ec.gp.GPIndividual@274710771{524213428},3C_20_66-03.txt,118.340,0.100,11.834,14,12.000,101.40,0.857,4.828,0.000
21,ec.gp.GPIndividual@274710771{524213428},3C_20_80-01.txt,4.194,0.100,0.419,4,0.516,122.93,0.129,4.828,0.000
21,ec.gp.GPIndividual@274710771{524213428},3C_20_80-02.txt,35.738,0.100,3.574,4,5.359,149.96,1.340,4.828,0.000
21,ec.gp.GPIndividual@274710771{524213428},3C_20_66-03.txt,118.340,0.100,11.834,1,2.906,24.56,2.906,4.828,0.000
21,ec.gp.GPIndividual@274710771{524213428},3C_20_80-01.txt,4.194,0.100,0.419,3,0.344,81.95,0.115,4.828,0.000
21,ec.gp.GPIndividual@274710771{524213428},3C_20_80-02.txt,35.738,0.100,3.574,7,12.766,357.20,1.824,5.516,0.000
21,ec.gp.GPIndividual@1678549203{-481299799},3C_20_50-02.txt,61.404,0.100,6.140,8,5.781,94.15,0.723,1.781,0.000
21,ec.gp.GPIndividual@1678549203{-481299799},3C_20_80-03.txt,169.439,0.100,16.944,7,6.984,41.22,0.998,4.516,0.000
21,ec.gp.GPIndividual@1678549203{-481299799},3C_20_80-03.txt,169.439,0.100,16.944,9,19.266,113.70,2.141,4.844,0.000
21,ec.gp.GPIndividual@1678549203{-481299799},3C_20_80-01.txt,4.194,0.100,0.419,2,4.813,1147.34,2.406,4.844,0.000
21,ec.gp.GPIndividual@1678549203{-481299799},3C_20_66-01.txt,7.322,0.100,0.732,3,0.797,108.83,0.266,4.844,0.000
21,ec.gp.GPIndividual@1678549203{-481299799},3C_20_80-01.txt,4.194,0.100,0.419,1,0.000,0.00,0.000,4.844,0.000
21,ec.gp.GPIndividual@1678549203{-481299799},3C_20_80-02.txt,35.738,0.100,3.574,3,6.703,187.56,2.234,6.125,0.000
21,ec.gp.GPIndividual@1717641597{-1634084096},3C_20_50-02.txt,61.404,0.100,6.140,8,6.500,105.86,0.813,2.297,0.000
21,ec.gp.GPIndividual@1717641597{-1634084096},3C_20_80-03.txt,169.439,0.100,16.944,2,6.750,39.84,3.375,6.188,0.000
21,ec.gp.GPIndividual@1717641597{-1634084096},3C_20_50-03.txt,30.993,0.100,3.099,5,2.781,89.74,0.556,6.188,0.000
21,ec.gp.GPIndividual@1717641597{-1634084096},3C_20_80-02.txt,35.738,0.100,3.574,4,3.797,106.24,0.949,6.188,0.000
21,ec.gp.GPIndividual@1717641597{-1634084096},3C_20_66-01.txt,7.322,0.100,0.732,4,0.516,70.42,0.129,6.188,0.000
21,ec.gp.GPIndividual@1717641597{-1634084096},3C_20_66-02.txt,154.245,0.100,15.424,9,7.953,51.56,0.884,6.188,0.000
21,ec.gp.GPIndividual@1313366584{1262057040},3C_20_50-02.txt,61.404,0.100,6.140,4,1.984,32.32,0.496,0.969,0.000
21,ec.gp.GPIndividual@1313366584{1262057040},3C_20_50-03.txt,30.993,0.100,3.099,2,0.844,27.22,0.422,0.969,0.000
21,ec.gp.GPIndividual@1313366584{1262057040},3C_20_66-02.txt,154.245,0.100,15.424,9,14.047,91.07,1.561,3.422,0.000
21,ec.gp.GPIndividual@1313366584{1262057040},3C_20_66-01.txt,7.322,0.100,0.732,3,1.281,174.98,0.427,3.422,0.000
21,ec.gp.GPIndividual@1313366584{1262057040},3C_20_66-03.txt,118.340,0.100,11.834,2,0.219,1.85,0.109,3.422,0.000
21,ec.gp.GPIndividual@1313366584{1262057040},3C_20_66-02.txt,154.245,0.100,15.424,7,9.547,61.89,1.364,5.500,0.000
21,ec.gp.GPIndividual@1313366584{1262057040},3C_20_66-03.txt,118.340,0.100,11.834,3,6.313,53.34,2.104,5.500,0.000
21,ec.gp.GPIndividual@1313366584{1262057040},3C_20_80-01.txt,4.194,0.100,0.419,6,0.438,104.30,0.073,5.500,0.000
21,ec.gp.GPIndividual@1313366584{1262057040},3C_20_80-02.txt,35.738,0.100,3.574,3,5.500,153.90,1.833,5.500,0.000
21,ec.gp.GPIndividual@1313366584{1262057040},3C_20_80-01.txt,4.194,0.100,0.419,3,1.516,361.34,0.505,5.500,0.000
21,ec.gp.GPIndividual@1313366584{1262057040},3C_20_80-03.txt,169.439,0.100,16.944,2,0.094,0.55,0.047,5.500,0.000
21,ec.gp.GPIndividual@1313366584{1262057040},3C_20_80-02.txt,35.738,0.100,3.574,2,5.453,152.59,2.727,5.500,0.000
21,ec.gp.GPIndividual@1313366584{1262057040},3C_20_80-01.txt,4.194,0.100,0.419,2,0.781,186.26,0.391,5.500,0.000
21,ec.gp.GPIndividual@1313366584{1262057040},3C_20_80-01.txt,4.194,0.100,0.419,5,0.563,134.10,0.113,5.500,0.000
21,ec.gp.GPIndividual@1313366584{1262057040},3C_20_80-02.txt,35.738,0.100,3.574,1,0.000,0.00,0.000,5.500,0.000
21,ec.gp.GPIndividual@1313366584{1262057040},3C_20_80-02.txt,35.738,0.100,3.574,4,3.609,101.00,0.902,5.500,0.000
21,ec.gp.GPIndividual@1313366584{1262057040},3C_20_80-03.txt,169.439,0.100,16.944,2,0.703,4.15,0.352,5.500,0.000
21,ec.gp.GPIndividual@1313366584{1262057040},3C_20_80-03.txt,169.439,0.100,16.944,5,1.266,7.47,0.253,5.500,0.000
21,ec.gp.GPIndividual@1313366584{1262057040},3C_20_80-03.txt,169.439,0.100,16.944,6,16.547,97.66,2.758,5.500,0.000
21,ec.gp.GPIndividual@783499528{-552713885},3C_20_50-02.txt,61.404,0.100,6.140,6,7.063,115.02,1.177,5.500,0.000
21,ec.gp.GPIndividual@305687968{1558200791},3C_20_50-02.txt,61.404,0.100,6.140,6,5.469,89.06,0.911,4.125,0.000
21,ec.gp.GPIndividual@1438586950{-1479191111},3C_20_50-02.txt,61.404,0.100,6.140,4,3.141,51.15,0.785,2.000,0.000
21,ec.gp.GPIndividual@1290260080{445659153},3C_20_50-02.txt,61.404,0.100,6.140,3,1.563,25.45,0.521,1.359,0.000
21,ec.gp.GPIndividual@1290260080{445659153},3C_20_50-03.txt,30.993,0.100,3.099,4,3.359,108.39,0.840,1.375,0.000
21,ec.gp.GPIndividual@1290260080{445659153},3C_20_50-03.txt,30.993,0.100,3.099,10,3.156,101.84,0.316,1.375,0.000
21,ec.gp.GPIndividual@1290260080{445659153},3C_20_50-03.txt,30.993,0.100,3.099,7,1.094,35.29,0.156,1.375,0.000
21,ec.gp.GPIndividual@1290260080{445659153},3C_20_50-03.txt,30.993,0.100,3.099,4,3.813,123.01,0.953,1.375,0.000
21,ec.gp.GPIndividual@1290260080{445659153},3C_20_66-01.txt,7.322,0.100,0.732,2,0.797,108.83,0.398,1.375,0.000
21,ec.gp.GPIndividual@1290260080{445659153},3C_20_66-01.txt,7.322,0.100,0.732,6,0.781,106.70,0.130,1.375,0.000
21,ec.gp.GPIndividual@1290260080{445659153},3C_20_66-01.txt,7.322,0.100,0.732,3,1.656,226.20,0.552,1.375,0.000
21,ec.gp.GPIndividual@1290260080{445659153},3C_20_66-01.txt,7.322,0.100,0.732,1,0.000,0.00,0.000,1.375,0.000
21,ec.gp.GPIndividual@1290260080{445659153},3C_20_66-02.txt,154.245,0.100,15.424,10,3.953,25.63,0.395,1.375,0.000
21,ec.gp.GPIndividual@1290260080{445659153},3C_20_66-03.txt,118.340,0.100,11.834,6,4.141,34.99,0.690,1.375,0.000
21,ec.gp.GPIndividual@1290260080{445659153},3C_20_66-02.txt,154.245,0.100,15.424,2,0.828,5.37,0.414,1.375,0.000
21,ec.gp.GPIndividual@1290260080{445659153},3C_20_66-02.txt,154.245,0.100,15.424,16,16.828,109.10,1.052,3.250,0.000
21,ec.gp.GPIndividual@1290260080{445659153},3C_20_80-01.txt,4.194,0.100,0.419,4,0.203,48.43,0.051,3.250,0.000
21,ec.gp.GPIndividual@1290260080{445659153},3C_20_66-03.txt,118.340,0.100,11.834,4,1.641,13.86,0.410,3.250,0.000
21,ec.gp.GPIndividual@1290260080{445659153},3C_20_80-02.txt,35.738,0.100,3.574,7,3.016,84.38,0.431,3.250,0.000
21,ec.gp.GPIndividual@1290260080{445659153},3C_20_80-03.txt,169.439,0.100,16.944,7,9.938,58.65,1.420,4.125,0.000
21,ec.gp.GPIndividual@1290260080{445659153},3C_20_66-03.txt,118.340,0.100,11.834,10,10.891,92.03,1.089,4.125,0.000
21,ec.gp.GPIndividual@353820337{343568128},3C_20_50-02.txt,61.404,0.100,6.140,5,8.078,131.56,1.616,3.531,0.000
21,ec.gp.GPIndividual@353820337{343568128},3C_20_80-01.txt,4.194,0.100,0.419,2,0.953,227.23,0.477,3.531,0.000
21,ec.gp.GPIndividual@353820337{343568128},3C_20_50-03.txt,30.993,0.100,3.099,6,1.969,63.52,0.328,3.531,0.000
21,ec.gp.GPIndividual@353820337{343568128},3C_20_80-01.txt,4.194,0.100,0.419,9,0.500,119.20,0.056,3.531,0.000
21,ec.gp.GPIndividual@353820337{343568128},3C_20_80-02.txt,35.738,0.100,3.574,6,4.234,118.48,0.706,3.531,0.000
21,ec.gp.GPIndividual@353820337{343568128},3C_20_66-02.txt,154.245,0.100,15.424,19,16.313,105.76,0.859,3.531,0.000
21,ec.gp.GPIndividual@353820337{343568128},3C_20_80-03.txt,169.439,0.100,16.944,4,0.094,0.55,0.023,3.531,0.000
21,ec.gp.GPIndividual@353820337{343568128},3C_20_80-02.txt,35.738,0.100,3.574,6,2.672,74.76,0.445,3.531,0.000
21,ec.gp.GPIndividual@353820337{343568128},3C_20_66-03.txt,118.340,0.100,11.834,4,0.656,5.55,0.164,3.531,0.000
21,ec.gp.GPIndividual@353820337{343568128},3C_20_66-01.txt,7.322,0.100,0.732,6,1.875,256.07,0.313,3.531,0.000
21,ec.gp.GPIndividual@353820337{343568128},3C_20_80-03.txt,169.439,0.100,16.944,9,9.031,53.30,1.003,3.531,0.000
21,ec.gp.GPIndividual@353820337{343568128},3C_20_66-02.txt,154.245,0.100,15.424,10,14.063,91.17,1.406,4.844,0.000
21,ec.gp.GPIndividual@513719334{1948675049},3C_20_50-02.txt,61.404,0.100,6.140,0,0.000,0.00,0.000,0.000,0.000
21,ec.gp.GPIndividual@513719334{1948675049},3C_20_50-03.txt,30.993,0.100,3.099,0,0.000,0.00,0.000,0.000,0.000
21,ec.gp.GPIndividual@513719334{1948675049},3C_20_66-01.txt,7.322,0.100,0.732,0,0.000,0.00,0.000,0.000,0.000
21,ec.gp.GPIndividual@513719334{1948675049},3C_20_66-02.txt,154.245,0.100,15.424,0,0.000,0.00,0.000,0.000,0.000
21,ec.gp.GPIndividual@513719334{1948675049},3C_20_66-03.txt,118.340,0.100,11.834,0,0.000,0.00,0.000,0.000,0.000
21,ec.gp.GPIndividual@513719334{1948675049},3C_20_80-01.txt,4.194,0.100,0.419,0,0.000,0.00,0.000,0.000,0.000
21,ec.gp.GPIndividual@513719334{1948675049},3C_20_80-02.txt,35.738,0.100,3.574,0,0.000,0.00,0.000,0.000,0.000
21,ec.gp.GPIndividual@513719334{1948675049},3C_20_80-03.txt,169.439,0.100,16.944,0,0.000,0.00,0.000,0.000,0.000
21,ec.gp.GPIndividual@1644583749{-849125722},3C_20_50-02.txt,61.404,0.100,6.140,8,3.047,49.62,0.381,2.078,0.000
21,ec.gp.GPIndividual@1644583749{-849125722},3C_20_50-03.txt,30.993,0.100,3.099,5,2.188,70.58,0.438,2.078,0.000
21,ec.gp.GPIndividual@1644583749{-849125722},3C_20_66-01.txt,7.322,0.100,0.732,5,0.500,68.29,0.100,2.078,0.000
21,ec.gp.GPIndividual@1644583749{-849125722},3C_20_66-02.txt,154.245,0.100,15.424,10,12.203,79.12,1.220,5.297,0.000
21,ec.gp.GPIndividual@1644583749{-849125722},3C_20_66-03.txt,118.340,0.100,11.834,7,9.531,80.54,1.362,5.297,0.000
21,ec.gp.GPIndividual@1644583749{-849125722},3C_20_80-01.txt,4.194,0.100,0.419,5,0.266,63.33,0.053,5.297,0.000
21,ec.gp.GPIndividual@1644583749{-849125722},3C_20_80-02.txt,35.738,0.100,3.574,8,2.078,58.15,0.260,5.297,0.000
21,ec.gp.GPIndividual@1644583749{-849125722},3C_20_80-03.txt,169.439,0.100,16.944,5,7.266,42.88,1.453,6.500,0.000
22,ec.gp.GPIndividual@2015218630{-2123531839},3C_20_50-02.txt,61.404,0.100,6.140,1,0.000,0.00,0.000,0.000,0.000
22,ec.gp.GPIndividual@1583868010{-1479191111},3C_20_50-02.txt,61.404,0.100,6.140,3,0.000,0.00,0.000,0.000,0.000
22,ec.gp.GPIndividual@1583868010{-1479191111},3C_20_66-01.txt,7.322,0.100,0.732,0,0.000,0.00,0.000,0.000,0.000
22,ec.gp.GPIndividual@1583868010{-1479191111},3C_20_66-02.txt,154.245,0.100,15.424,0,0.000,0.00,0.000,0.000,0.000
22,ec.gp.GPIndividual@1583868010{-1479191111},3C_20_66-03.txt,118.340,0.100,11.834,0,0.000,0.00,0.000,0.000,0.000
22,ec.gp.GPIndividual@1583868010{-1479191111},3C_20_80-01.txt,4.194,0.100,0.419,0,0.000,0.00,0.000,0.000,0.000
22,ec.gp.GPIndividual@1583868010{-1479191111},3C_20_80-02.txt,35.738,0.100,3.574,0,0.000,0.00,0.000,0.000,0.000
22,ec.gp.GPIndividual@1583868010{-1479191111},3C_20_80-03.txt,169.439,0.100,16.944,0,0.000,0.00,0.000,0.000,0.000
22,ec.gp.GPIndividual@2083376203{685329472},3C_20_50-02.txt,61.404,0.100,6.140,2,0.359,5.85,0.180,0.359,0.000
22,ec.gp.GPIndividual@2083376203{685329472},3C_20_50-03.txt,30.993,0.100,3.099,1,0.359,11.60,0.359,0.359,0.000
22,ec.gp.GPIndividual@2083376203{685329472},3C_20_50-03.txt,30.993,0.100,3.099,11,3.172,102.34,0.288,0.953,0.000
22,ec.gp.GPIndividual@2083376203{685329472},3C_20_50-03.txt,30.993,0.100,3.099,8,2.672,86.21,0.334,1.250,0.000
22,ec.gp.GPIndividual@2083376203{685329472},3C_20_66-01.txt,7.322,0.100,0.732,5,2.500,341.43,0.500,1.250,0.000
22,ec.gp.GPIndividual@2083376203{685329472},3C_20_66-01.txt,7.322,0.100,0.732,0,0.000,0.00,0.000,1.250,0.000
22,ec.gp.GPIndividual@2083376203{685329472},3C_20_50-03.txt,30.993,0.100,3.099,2,0.453,14.62,0.227,1.250,0.000
22,ec.gp.GPIndividual@2083376203{685329472},3C_20_66-02.txt,154.245,0.100,15.424,1,0.453,2.94,0.453,1.250,0.000
22,ec.gp.GPIndividual@2083376203{685329472},3C_20_66-02.txt,154.245,0.100,15.424,7,1.813,11.75,0.259,1.250,0.000
22,ec.gp.GPIndividual@2083376203{685329472},3C_20_50-03.txt,30.993,0.100,3.099,3,0.734,23.70,0.245,1.250,0.000
22,ec.gp.GPIndividual@2083376203{685329472},3C_20_50-03.txt,30.993,0.100,3.099,6,5.234,168.89,0.872,1.406,0.000
22,ec.gp.GPIndividual@2083376203{685329472},3C_20_66-01.txt,7.322,0.100,0.732,2,2.125,290.21,1.063,2.125,0.000
22,ec.gp.GPIndividual@2083376203{685329472},3C_20_66-03.txt,118.340,0.100,11.834,8,3.656,30.90,0.457,2.297,0.000
22,ec.gp.GPIndividual@2083376203{685329472},3C_20_66-03.txt,118.340,0.100,11.834,7,7.813,66.02,1.116,3.969,0.000
22,ec.gp.GPIndividual@2083376203{685329472},3C_20_66-02.txt,154.245,0.100,15.424,6,10.984,71.21,1.831,4.172,0.000
22,ec.gp.GPIndividual@2083376203{685329472},3C_20_66-01.txt,7.322,0.100,0.732,3,9.672,1320.90,3.224,4.875,0.000
22,ec.gp.GPIndividual@2083376203{685329472},3C_20_80-01.txt,4.194,0.100,0.419,7,1.156,275.66,0.165,4.875,0.000
22,ec.gp.GPIndividual@2083376203{685329472},3C_20_80-02.txt,35.738,0.100,3.574,5,3.672,102.74,0.734,4.875,0.000
22,ec.gp.GPIndividual@2083376203{685329472},3C_20_66-02.txt,154.245,0.100,15.424,2,1.594,10.33,0.797,4.875,0.000
22,ec.gp.GPIndividual@2083376203{685329472},3C_20_80-03.txt,169.439,0.100,16.944,10,5.219,30.80,0.522,4.875,0.000
22,ec.gp.GPIndividual@2083376203{685329472},3C_20_66-01.txt,7.322,0.100,0.732,10,2.188,298.75,0.219,4.875,0.000
22,ec.gp.GPIndividual@2083376203{685329472},3C_20_66-03.txt,118.340,0.100,11.834,10,11.500,97.18,1.150,4.875,0.000
22,ec.gp.GPIndividual@2083376203{685329472},3C_20_66-02.txt,154.245,0.100,15.424,6,8.625,55.92,1.438,4.875,0.000
22,ec.gp.GPIndividual@2083376203{685329472},3C_20_66-01.txt,7.322,0.100,0.732,9,0.844,115.23,0.094,4.875,0.000
22,ec.gp.GPIndividual@2083376203{685329472},3C_20_66-02.txt,154.245,0.100,15.424,3,7.234,46.90,2.411,5.891,0.000
22,ec.gp.GPIndividual@1532824428{268166951},3C_20_50-02.txt,61.404,0.100,6.140,4,7.578,123.41,1.895,4.813,0.000
22,ec.gp.GPIndividual@1532824428{268166951},3C_20_66-03.txt,118.340,0.100,11.834,5,1.156,9.77,0.231,4.813,0.000
22,ec.gp.GPIndividual@1532824428{268166951},3C_20_50-03.txt,30.993,0.100,3.099,3,3.906,126.04,1.302,4.813,0.000
22,ec.gp.GPIndividual@1532824428{268166951},3C_20_66-03.txt,118.340,0.100,11.834,7,9.906,83.71,1.415,4.813,0.000
22,ec.gp.GPIndividual@1532824428{268166951},3C_20_80-01.txt,4.194,0.100,0.419,1,0.172,40.98,0.172,4.813,0.000
22,ec.gp.GPIndividual@1532824428{268166951},3C_20_80-02.txt,35.738,0.100,3.574,2,6.484,181.44,3.242,4.813,0.000
22,ec.gp.GPIndividual@1532824428{268166951},3C_20_66-03.txt,118.340,0.100,11.834,3,8.750,73.94,2.917,4.813,0.000
22,ec.gp.GPIndividual@1532824428{268166951},3C_20_66-01.txt,7.322,0.100,0.732,4,2.063,281.68,0.516,4.813,0.000
22,ec.gp.GPIndividual@1532824428{268166951},3C_20_80-03.txt,169.439,0.100,16.944,0,0.000,0.00,0.000,4.813,0.000
22,ec.gp.GPIndividual@1532824428{268166951},3C_20_66-02.txt,154.245,0.100,15.424,11,20.063,130.07,1.824,4.813,0.000
22,ec.gp.GPIndividual@1532824428{268166951},3C_20_80-01.txt,4.194,0.100,0.419,7,0.625,149.01,0.089,4.813,0.000
22,ec.gp.GPIndividual@1532824428{268166951},3C_20_80-01.txt,4.194,0.100,0.419,2,1.359,324.09,0.680,4.813,0.000
22,ec.gp.GPIndividual@1532824428{268166951},3C_20_66-03.txt,118.340,0.100,11.834,14,16.125,136.26,1.152,5.594,0.000
22,ec.gp.GPIndividual@1071331670{14509467},3C_20_50-02.txt,61.404,0.100,6.140,3,0.641,10.43,0.214,0.641,0.000
22,ec.gp.GPIndividual@1071331670{14509467},3C_20_80-02.txt,35.738,0.100,3.574,8,3.375,94.44,0.422,1.547,0.000
22,ec.gp.GPIndividual@1071331670{14509467},3C_20_80-02.txt,35.738,0.100,3.574,9,5.000,139.91,0.556,2.750,0.000
22,ec.gp.GPIndividual@1071331670{14509467},3C_20_50-03.txt,30.993,0.100,3.099,5,4.953,159.82,0.991,2.750,0.000
22,ec.gp.GPIndividual@1071331670{14509467},3C_20_80-01.txt,4.194,0.100,0.419,7,0.563,134.10,0.080,2.750,0.000
22,ec.gp.GPIndividual@1071331670{14509467},3C_20_80-02.txt,35.738,0.100,3.574,9,7.672,214.67,0.852,4.813,0.000
22,ec.gp.GPIndividual@1071331670{14509467},3C_20_80-01.txt,4.194,0.100,0.419,3,0.656,156.46,0.219,4.813,0.000
22,ec.gp.GPIndividual@1071331670{14509467},3C_20_80-01.txt,4.194,0.100,0.419,3,0.656,156.46,0.219,4.813,0.000
22,ec.gp.GPIndividual@1071331670{14509467},3C_20_80-02.txt,35.738,0.100,3.574,9,5.313,148.65,0.590,4.813,0.000
22,ec.gp.GPIndividual@1071331670{14509467},3C_20_80-03.txt,169.439,0.100,16.944,21,16.688,98.49,0.795,4.813,0.000
22,ec.gp.GPIndividual@1071331670{14509467},3C_20_80-03.txt,169.439,0.100,16.944,4,1.594,9.41,0.398,4.813,0.000
22,ec.gp.GPIndividual@1071331670{14509467},3C_20_80-02.txt,35.738,0.100,3.574,2,4.219,118.05,2.109,4.813,0.000
22,ec.gp.GPIndividual@1071331670{14509467},3C_20_66-01.txt,7.322,0.100,0.732,2,1.016,138.71,0.508,4.813,0.000
22,ec.gp.GPIndividual@1071331670{14509467},3C_20_80-03.txt,169.439,0.100,16.944,9,17.688,104.39,1.965,5.656,0.000
22,ec.gp.GPIndividual@1250784737{1096608486},3C_20_50-02.txt,61.404,0.100,6.140,0,0.000,0.00,0.000,0.000,0.000
22,ec.gp.GPIndividual@1250784737{1096608486},3C_20_50-03.txt,30.993,0.100,3.099,0,0.000,0.00,0.000,0.000,0.000
22,ec.gp.GPIndividual@1250784737{1096608486},3C_20_66-01.txt,7.322,0.100,0.732,0,0.000,0.00,0.000,0.000,0.000
22,ec.gp.GPIndividual@1250784737{1096608486},3C_20_66-02.txt,154.245,0.100,15.424,0,0.000,0.00,0.000,0.000,0.000
22,ec.gp.GPIndividual@1250784737{1096608486},3C_20_66-03.txt,118.340,0.100,11.834,0,0.000,0.00,0.000,0.000,0.000
22,ec.gp.GPIndividual@1250784737{1096608486},3C_20_80-01.txt,4.194,0.100,0.419,0,0.000,0.00,0.000,0.000,0.000
22,ec.gp.GPIndividual@1250784737{1096608486},3C_20_80-02.txt,35.738,0.100,3.574,0,0.000,0.00,0.000,0.000,0.000
22,ec.gp.GPIndividual@1250784737{1096608486},3C_20_80-03.txt,169.439,0.100,16.944,0,0.000,0.00,0.000,0.000,0.000
22,ec.gp.GPIndividual@1697441913{-1379094348},3C_20_50-02.txt,61.404,0.100,6.140,3,2.188,35.62,0.729,1.281,0.000
22,ec.gp.GPIndividual@1697441913{-1379094348},3C_20_66-02.txt,154.245,0.100,15.424,6,19.984,129.56,3.331,6.219,0.000
22,ec.gp.GPIndividual@2023601632{-522882388},3C_20_50-02.txt,61.404,0.100,6.140,5,6.422,104.58,1.284,2.438,0.344
22,ec.gp.GPIndividual@2023601632{-522882388},3C_20_80-03.txt,169.439,0.100,16.944,5,0.766,4.52,0.153,2.438,0.000
22,ec.gp.GPIndividual@2023601632{-522882388},3C_20_80-03.txt,169.439,0.100,16.944,11,9.844,58.10,0.895,3.813,0.000
22,ec.gp.GPIndividual@1388675693{419132931},3C_20_50-02.txt,61.404,0.100,6.140,2,0.516,8.40,0.258,0.516,0.000
22,ec.gp.GPIndividual@1388675693{419132931},3C_20_50-03.txt,30.993,0.100,3.099,3,3.922,126.54,1.307,2.500,0.000
22,ec.gp.GPIndividual@1388675693{419132931},3C_20_50-03.txt,30.993,0.100,3.099,2,1.391,44.87,0.695,2.500,0.000
22,ec.gp.GPIndividual@1388675693{419132931},3C_20_66-01.txt,7.322,0.100,0.732,2,0.344,46.95,0.172,2.500,0.000
22,ec.gp.GPIndividual@1388675693{419132931},3C_20_66-02.txt,154.245,0.100,15.424,6,16.156,104.74,2.693,5.953,0.000
22,ec.gp.GPIndividual@184846133{-1292293620},3C_20_50-02.txt,61.404,0.100,6.140,4,4.359,70.99,1.090,2.266,0.000
22,ec.gp.GPIndividual@184846133{-1292293620},3C_20_66-03.txt,118.340,0.100,11.834,5,3.719,31.42,0.744,2.266,0.000
22,ec.gp.GPIndividual@757725955{1595396901},3C_20_50-02.txt,61.404,0.100,6.140,7,12.172,198.22,1.739,5.406,0.000
22,ec.gp.GPIndividual@757725955{1595396901},3C_20_50-03.txt,30.993,0.100,3.099,2,3.344,107.89,1.672,5.406,0.000
22,ec.gp.GPIndividual@757725955{1595396901},3C_20_50-03.txt,30.993,0.100,3.099,6,1.031,33.27,0.172,5.406,0.000
22,ec.gp.GPIndividual@757725955{1595396901},3C_20_50-03.txt,30.993,0.100,3.099,10,8.156,263.17,0.816,5.406,0.000
22,ec.gp.GPIndividual@757725955{1595396901},3C_20_80-01.txt,4.194,0.100,0.419,3,1.500,357.61,0.500,5.406,0.000
22,ec.gp.GPIndividual@757725955{1595396901},3C_20_66-01.txt,7.322,0.100,0.732,1,0.000,0.00,0.000,5.406,0.000
22,ec.gp.GPIndividual@757725955{1595396901},3C_20_66-01.txt,7.322,0.100,0.732,1,0.266,36.28,0.266,5.406,0.000
22,ec.gp.GPIndividual@757725955{1595396901},3C_20_80-02.txt,35.738,0.100,3.574,2,4.125,115.42,2.063,5.406,0.000
22,ec.gp.GPIndividual@757725955{1595396901},3C_20_66-03.txt,118.340,0.100,11.834,10,5.891,49.78,0.589,5.406,0.000
22,ec.gp.GPIndividual@757725955{1595396901},3C_20_80-03.txt,169.439,0.100,16.944,2,1.625,9.59,0.813,5.406,0.000
22,ec.gp.GPIndividual@757725955{1595396901},3C_20_66-02.txt,154.245,0.100,15.424,2,3.234,20.97,1.617,5.406,0.000
22,ec.gp.GPIndividual@757725955{1595396901},3C_20_66-02.txt,154.245,0.100,15.424,12,15.563,100.89,1.297,5.406,0.000
22,ec.gp.GPIndividual@757725955{1595396901},3C_20_66-03.txt,118.340,0.100,11.834,5,9.188,77.64,1.838,5.688,0.000
22,ec.gp.GPIndividual@1027615617{1109885319},3C_20_50-02.txt,61.404,0.100,6.140,8,5.422,88.30,0.678,2.984,0.000
22,ec.gp.GPIndividual@1027615617{1109885319},3C_20_66-03.txt,118.340,0.100,11.834,11,17.516,148.01,1.592,4.797,0.000
22,ec.gp.GPIndividual@1027615617{1109885319},3C_20_50-03.txt,30.993,0.100,3.099,3,0.141,4.54,0.047,4.797,0.000
22,ec.gp.GPIndividual@1027615617{1109885319},3C_20_80-01.txt,4.194,0.100,0.419,2,2.406,573.67,1.203,4.797,0.000
22,ec.gp.GPIndividual@1027615617{1109885319},3C_20_66-01.txt,7.322,0.100,0.732,8,3.484,475.87,0.436,4.797,0.000
22,ec.gp.GPIndividual@1027615617{1109885319},3C_20_66-01.txt,7.322,0.100,0.732,3,2.500,341.43,0.833,4.797,0.000
22,ec.gp.GPIndividual@1027615617{1109885319},3C_20_80-01.txt,4.194,0.100,0.419,1,0.000,0.00,0.000,4.797,0.000
22,ec.gp.GPIndividual@1027615617{1109885319},3C_20_80-02.txt,35.738,0.100,3.574,10,4.406,123.29,0.441,4.797,0.000
22,ec.gp.GPIndividual@1027615617{1109885319},3C_20_66-02.txt,154.245,0.100,15.424,8,8.375,54.30,1.047,4.797,0.000
22,ec.gp.GPIndividual@1027615617{1109885319},3C_20_66-02.txt,154.245,0.100,15.424,7,11.078,71.82,1.583,4.797,0.000
22,ec.gp.GPIndividual@1027615617{1109885319},3C_20_80-03.txt,169.439,0.100,16.944,13,17.844,105.31,1.373,4.797,0.000
22,ec.gp.GPIndividual@1027615617{1109885319},3C_20_66-03.txt,118.340,0.100,11.834,1,0.000,0.00,0.000,4.797,0.000
22,ec.gp.GPIndividual@1027615617{1109885319},3C_20_80-02.txt,35.738,0.100,3.574,4,1.563,43.72,0.391,4.797,0.000
22,ec.gp.GPIndividual@1027615617{1109885319},3C_20_66-03.txt,118.340,0.100,11.834,6,15.547,131.38,2.591,5.672,0.000
22,ec.gp.GPIndividual@1027615617{1109885319},3C_20_80-01.txt,4.194,0.100,0.419,3,0.500,119.20,0.167,5.672,0.000
22,ec.gp.GPIndividual@1027615617{1109885319},3C_20_80-02.txt,35.738,0.100,3.574,3,0.844,23.61,0.281,5.672,0.000
22,ec.gp.GPIndividual@680596933{480601976},3C_20_50-02.txt,61.404,0.100,6.140,5,7.500,122.14,1.500,3.703,0.000
22,ec.gp.GPIndividual@680596933{480601976},3C_20_66-01.txt,7.322,0.100,0.732,6,1.531,209.12,0.255,3.703,0.000
22,ec.gp.GPIndividual@680596933{480601976},3C_20_80-03.txt,169.439,0.100,16.944,10,12.484,73.68,1.248,4.844,0.000
22,ec.gp.GPIndividual@680596933{480601976},3C_20_50-03.txt,30.993,0.100,3.099,5,3.703,119.48,0.741,4.844,0.000
22,ec.gp.GPIndividual@680596933{480601976},3C_20_66-02.txt,154.245,0.100,15.424,1,0.000,0.00,0.000,4.844,0.000
22,ec.gp.GPIndividual@680596933{480601976},3C_20_66-01.txt,7.322,0.100,0.732,2,1.953,266.74,0.977,4.844,0.000
22,ec.gp.GPIndividual@680596933{480601976},3C_20_80-03.txt,169.439,0.100,16.944,10,13.281,78.38,1.328,4.953,0.000
22,ec.gp.GPIndividual@680596933{480601976},3C_20_66-02.txt,154.245,0.100,15.424,9,14.219,92.18,1.580,6.000,0.000
22,ec.gp.GPIndividual@680596933{480601976},3C_20_66-03.txt,118.340,0.100,11.834,9,13.516,114.21,1.502,6.094,0.000
22,ec.gp.GPIndividual@680596933{480601976},3C_20_66-03.txt,118.340,0.100,11.834,7,3.453,29.18,0.493,6.094,0.000
22,ec.gp.GPIndividual@1045437510{1145973982},3C_20_50-02.txt,61.404,0.100,6.140,2,0.000,0.00,0.000,0.000,0.000
22,ec.gp.GPIndividual@1045437510{1145973982},3C_20_50-03.txt,30.993,0.100,3.099,2,0.000,0.00,0.000,0.000,0.000
22,ec.gp.GPIndividual@1045437510{1145973982},3C_20_66-01.txt,7.322,0.100,0.732,2,0.000,0.00,0.000,0.000,0.000
22,ec.gp.GPIndividual@1045437510{1145973982},3C_20_66-02.txt,154.245,0.100,15.424,2,0.000,0.00,0.000,0.000,0.000
22,ec.gp.GPIndividual@1045437510{1145973982},3C_20_66-03.txt,118.340,0.100,11.834,2,0.000,0.00,0.000,0.000,0.000
22,ec.gp.GPIndividual@1045437510{1145973982},3C_20_80-01.txt,4.194,0.100,0.419,2,0.000,0.00,0.000,0.000,0.000
22,ec.gp.GPIndividual@1045437510{1145973982},3C_20_80-02.txt,35.738,0.100,3.574,2,0.000,0.00,0.000,0.000,0.000
22,ec.gp.GPIndividual@1045437510{1145973982},3C_20_80-03.txt,169.439,0.100,16.944,2,0.000,0.00,0.000,0.000,0.000
22,ec.gp.GPIndividual@1287045554{2002244892},3C_20_50-02.txt,61.404,0.100,6.140,8,5.328,86.77,0.666,2.422,0.000
22,ec.gp.GPIndividual@367702972{-369715447},3C_20_50-02.txt,61.404,0.100,6.140,14,5.922,96.44,0.423,1.625,0.000
22,ec.gp.GPIndividual@367702972{-369715447},3C_20_50-03.txt,30.993,0.100,3.099,7,2.625,84.70,0.375,1.938,0.000
22,ec.gp.GPIndividual@367702972{-369715447},3C_20_50-03.txt,30.993,0.100,3.099,2,4.422,142.68,2.211,4.422,0.000
22,ec.gp.GPIndividual@367702972{-369715447},3C_20_80-01.txt,4.194,0.100,0.419,3,5.359,1277.72,1.786,4.875,0.000
22,ec.gp.GPIndividual@367702972{-369715447},3C_20_80-01.txt,4.194,0.100,0.419,5,5.547,1322.42,1.109,4.875,0.000
22,ec.gp.GPIndividual@367702972{-369715447},3C_20_80-01.txt,4.194,0.100,0.419,4,1.672,398.59,0.418,4.875,0.000
22,ec.gp.GPIndividual@367702972{-369715447},3C_20_66-01.txt,7.322,0.100,0.732,6,0.750,102.43,0.125,4.875,0.000
22,ec.gp.GPIndividual@367702972{-369715447},3C_20_80-01.txt,4.194,0.100,0.419,10,1.203,286.83,0.120,4.875,0.000
22,ec.gp.GPIndividual@367702972{-369715447},3C_20_80-02.txt,35.738,0.100,3.574,1,0.000,0.00,0.000,4.875,0.000
22,ec.gp.GPIndividual@367702972{-369715447},3C_20_80-02.txt,35.738,0.100,3.574,1,0.000,0.00,0.000,4.875,0.000
22,ec.gp.GPIndividual@367702972{-369715447},3C_20_80-02.txt,35.738,0.100,3.574,10,4.844,135.53,0.484,4.875,0.000
22,ec.gp.GPIndividual@367702972{-369715447},3C_20_80-02.txt,35.738,0.100,3.574,9,4.969,139.03,0.552,4.875,0.000
22,ec.gp.GPIndividual@367702972{-369715447},3C_20_66-02.txt,154.245,0.100,15.424,16,15.453,100.19,0.966,4.875,0.000
22,ec.gp.GPIndividual@367702972{-369715447},3C_20_80-03.txt,169.439,0.100,16.944,3,0.656,3.87,0.219,4.875,0.000
22,ec.gp.GPIndividual@367702972{-369715447},3C_20_80-03.txt,169.439,0.100,16.944,10,21.563,127.26,2.156,6.031,0.000
22,ec.gp.GPIndividual@1381855756{1555729297},3C_20_50-02.txt,61.404,0.100,6.140,4,6.047,98.48,1.512,5.875,0.000
22,ec.gp.GPIndividual@1381855756{1555729297},3C_20_80-03.txt,169.439,0.100,16.944,2,0.516,3.04,0.258,5.875,0.000
22,ec.gp.GPIndividual@1381855756{1555729297},3C_20_50-03.txt,30.993,0.100,3.099,2,6.203,200.15,3.102,6.203,0.000
22,ec.gp.GPIndividual@277899591{-1479191111},3C_20_50-02.txt,61.404,0.100,6.140,4,0.578,9.42,0.145,0.578,0.000
22,ec.gp.GPIndividual@277899591{-1479191111},3C_20_66-01.txt,7.322,0.100,0.732,2,6.859,936.79,3.430,6.859,0.000
22,ec.gp.GPIndividual@277899591{-1479191111},3C_20_80-03.txt,169.439,0.100,16.944,5,3.172,18.72,0.634,6.859,0.000
22,ec.gp.GPIndividual@277899591{-1479191111},3C_20_66-03.txt,118.340,0.100,11.834,2,1.344,11.36,0.672,6.859,0.000
22,ec.gp.GPIndividual@277899591{-1479191111},3C_20_66-01.txt,7.322,0.100,0.732,2,0.875,119.50,0.438,6.859,0.000
22,ec.gp.GPIndividual@277899591{-1479191111},3C_20_66-02.txt,154.245,0.100,15.424,2,0.328,2.13,0.164,6.859,0.000
22,ec.gp.GPIndividual@277899591{-1479191111},3C_20_66-02.txt,154.245,0.100,15.424,4,6.422,41.63,1.605,6.859,0.000
22,ec.gp.GPIndividual@277899591{-1479191111},3C_20_66-03.txt,118.340,0.100,11.834,6,20.328,171.78,3.388,6.859,0.000
22,ec.gp.GPIndividual@1349564235{1096608486},3C_20_50-02.txt,61.404,0.100,6.140,0,0.000,0.00,0.000,0.000,0.000
22,ec.gp.GPIndividual@1349564235{1096608486},3C_20_50-03.txt,30.993,0.100,3.099,0,0.000,0.00,0.000,0.000,0.000
22,ec.gp.GPIndividual@1349564235{1096608486},3C_20_66-01.txt,7.322,0.100,0.732,0,0.000,0.00,0.000,0.000,0.000
22,ec.gp.GPIndividual@1349564235{1096608486},3C_20_66-02.txt,154.245,0.100,15.424,0,0.000,0.00,0.000,0.000,0.000
22,ec.gp.GPIndividual@1349564235{1096608486},3C_20_66-03.txt,118.340,0.100,11.834,0,0.000,0.00,0.000,0.000,0.000
22,ec.gp.GPIndividual@1349564235{1096608486},3C_20_80-01.txt,4.194,0.100,0.419,0,0.000,0.00,0.000,0.000,0.000
22,ec.gp.GPIndividual@1349564235{1096608486},3C_20_80-02.txt,35.738,0.100,3.574,0,0.000,0.00,0.000,0.000,0.000
22,ec.gp.GPIndividual@1349564235{1096608486},3C_20_80-03.txt,169.439,0.100,16.944,0,0.000,0.00,0.000,0.000,0.000
22,ec.gp.GPIndividual@1604987880{1519868981},3C_20_50-02.txt,61.404,0.100,6.140,5,2.906,47.33,0.581,1.391,0.000
22,ec.gp.GPIndividual@1178406156{-221598701},3C_20_50-02.txt,61.404,0.100,6.140,2,0.359,5.85,0.180,0.359,0.000
22,ec.gp.GPIndividual@1178406156{-221598701},3C_20_50-03.txt,30.993,0.100,3.099,3,3.141,101.33,1.047,2.969,0.000
22,ec.gp.GPIndividual@1178406156{-221598701},3C_20_50-03.txt,30.993,0.100,3.099,3,3.500,112.93,1.167,2.969,0.000
22,ec.gp.GPIndividual@1178406156{-221598701},3C_20_50-03.txt,30.993,0.100,3.099,2,1.391,44.87,0.695,2.969,0.000
22,ec.gp.GPIndividual@1178406156{-221598701},3C_20_66-01.txt,7.322,0.100,0.732,2,2.578,352.10,1.289,2.969,0.000
22,ec.gp.GPIndividual@1178406156{-221598701},3C_20_80-01.txt,4.194,0.100,0.419,2,0.313,74.50,0.156,2.969,0.000
22,ec.gp.GPIndividual@1178406156{-221598701},3C_20_66-02.txt,154.245,0.100,15.424,4,0.938,6.08,0.234,2.969,0.000
22,ec.gp.GPIndividual@1178406156{-221598701},3C_20_66-03.txt,118.340,0.100,11.834,3,6.109,51.63,2.036,4.766,0.000
22,ec.gp.GPIndividual@1178406156{-221598701},3C_20_80-01.txt,4.194,0.100,0.419,2,0.313,74.50,0.156,4.766,0.000
22,ec.gp.GPIndividual@1178406156{-221598701},3C_20_80-02.txt,35.738,0.100,3.574,5,3.094,86.57,0.619,4.766,0.000
22,ec.gp.GPIndividual@1178406156{-221598701},3C_20_80-02.txt,35.738,0.100,3.574,5,2.484,69.52,0.497,4.766,0.000
22,ec.gp.GPIndividual@1178406156{-221598701},3C_20_80-03.txt,169.439,0.100,16.944,2,2.344,13.83,1.172,4.766,0.000
22,ec.gp.GPIndividual@1178406156{-221598701},3C_20_66-03.txt,118.340,0.100,11.834,7,11.844,100.08,1.692,4.906,0.000
22,ec.gp.GPIndividual@1178406156{-221598701},3C_20_80-01.txt,4.194,0.100,0.419,3,2.172,517.79,0.724,4.906,0.000
22,ec.gp.GPIndividual@1178406156{-221598701},3C_20_80-03.txt,169.439,0.100,16.944,9,12.141,71.65,1.349,4.906,0.000
22,ec.gp.GPIndividual@1178406156{-221598701},3C_20_80-01.txt,4.194,0.100,0.419,2,0.172,40.98,0.086,4.906,0.000
22,ec.gp.GPIndividual@1178406156{-221598701},3C_20_80-02.txt,35.738,0.100,3.574,2,5.859,163.95,2.930,5.859,0.000
22,ec.gp.GPIndividual@1642599744{1295570354},3C_20_50-02.txt,61.404,0.100,6.140,1,0.000,0.00,0.000,0.000,0.000
22,ec.gp.GPIndividual@1642599744{1295570354},3C_20_50-03.txt,30.993,0.100,3.099,1,0.000,0.00,0.000,0.000,0.000
22,ec.gp.GPIndividual@1642599744{1295570354},3C_20_66-01.txt,7.322,0.100,0.732,1,0.000,0.00,0.000,0.000,0.000
22,ec.gp.GPIndividual@1642599744{1295570354},3C_20_66-02.txt,154.245,0.100,15.424,1,0.000,0.00,0.000,0.000,0.000
22,ec.gp.GPIndividual@1642599744{1295570354},3C_20_66-03.txt,118.340,0.100,11.834,1,0.000,0.00,0.000,0.000,0.000
22,ec.gp.GPIndividual@1642599744{1295570354},3C_20_80-01.txt,4.194,0.100,0.419,1,0.000,0.00,0.000,0.000,0.000
22,ec.gp.GPIndividual@1642599744{1295570354},3C_20_80-02.txt,35.738,0.100,3.574,1,0.000,0.00,0.000,0.000,0.000
22,ec.gp.GPIndividual@1642599744{1295570354},3C_20_80-03.txt,169.439,0.100,16.944,1,0.000,0.00,0.000,0.000,0.000
22,ec.gp.GPIndividual@1433782255{-329212352},3C_20_50-02.txt,61.404,0.100,6.140,1,0.281,4.58,0.281,0.281,0.281
22,ec.gp.GPIndividual@1433782255{-329212352},3C_20_50-03.txt,30.993,0.100,3.099,2,8.484,273.76,4.242,6.422,0.281
22,ec.gp.GPIndividual@1433782255{-329212352},3C_20_80-02.txt,35.738,0.100,3.574,5,1.844,51.59,0.369,6.422,0.000
22,ec.gp.GPIndividual@1433782255{-329212352},3C_20_66-01.txt,7.322,0.100,0.732,1,0.438,59.75,0.438,6.422,0.000
22,ec.gp.GPIndividual@1433782255{-329212352},3C_20_66-02.txt,154.245,0.100,15.424,3,5.688,36.87,1.896,6.422,0.000
22,ec.gp.GPIndividual@776452783{-1312762852},3C_20_50-02.txt,61.404,0.100,6.140,1,0.156,2.54,0.156,0.156,0.156
22,ec.gp.GPIndividual@776452783{-1312762852},3C_20_50-03.txt,30.993,0.100,3.099,1,3.422,110.41,3.422,3.422,0.156
22,ec.gp.GPIndividual@776452783{-1312762852},3C_20_66-03.txt,118.340,0.100,11.834,3,6.094,51.49,2.031,6.094,0.000
22,ec.gp.GPIndividual@776452783{-1312762852},3C_20_80-01.txt,4.194,0.100,0.419,9,0.484,115.48,0.054,6.094,0.000
22,ec.gp.GPIndividual@776452783{-1312762852},3C_20_80-02.txt,35.738,0.100,3.574,2,1.313,36.73,0.656,6.094,0.000
22,ec.gp.GPIndividual@776452783{-1312762852},3C_20_66-01.txt,7.322,0.100,0.732,1,0.313,42.68,0.313,6.094,0.000
22,ec.gp.GPIndividual@776452783{-1312762852},3C_20_66-02.txt,154.245,0.100,15.424,2,1.953,12.66,0.977,6.094,0.000
22,ec.gp.GPIndividual@776452783{-1312762852},3C_20_66-03.txt,118.340,0.100,11.834,7,8.734,73.81,1.248,6.094,0.000
22,ec.gp.GPIndividual@776452783{-1312762852},3C_20_80-01.txt,4.194,0.100,0.419,1,0.250,59.60,0.250,6.094,0.000
22,ec.gp.GPIndividual@776452783{-1312762852},3C_20_80-02.txt,35.738,0.100,3.574,1,0.922,25.80,0.922,6.094,0.000
22,ec.gp.GPIndividual@776452783{-1312762852},3C_20_80-03.txt,169.439,0.100,16.944,2,2.266,13.37,1.133,6.094,0.000
22,ec.gp.GPIndividual@776452783{-1312762852},3C_20_80-03.txt,169.439,0.100,16.944,4,5.063,29.88,1.266,6.094,0.000
22,ec.gp.GPIndividual@264560891{-1213694865},3C_20_50-02.txt,61.404,0.100,6.140,3,3.438,55.98,1.146,2.547,0.156
22,ec.gp.GPIndividual@264560891{-1213694865},3C_20_50-03.txt,30.993,0.100,3.099,4,2.719,87.72,0.680,2.547,0.000
22,ec.gp.GPIndividual@1901459335{-1372191087},3C_20_50-02.txt,61.404,0.100,6.140,4,1.688,27.48,0.422,0.766,0.000
22,ec.gp.GPIndividual@1901459335{-1372191087},3C_20_66-01.txt,7.322,0.100,0.732,3,1.484,202.72,0.495,0.969,0.000
22,ec.gp.GPIndividual@1901459335{-1372191087},3C_20_50-03.txt,30.993,0.100,3.099,1,0.000,0.00,0.000,0.969,0.000
22,ec.gp.GPIndividual@1901459335{-1372191087},3C_20_66-02.txt,154.245,0.100,15.424,1,5.766,37.38,5.766,5.766,0.000
22,ec.gp.GPIndividual@1901459335{-1372191087},3C_20_80-01.txt,4.194,0.100,0.419,6,0.469,111.75,0.078,5.766,0.000
22,ec.gp.GPIndividual@1901459335{-1372191087},3C_20_80-02.txt,35.738,0.100,3.574,5,3.703,103.62,0.741,5.766,0.000
22,ec.gp.GPIndividual@1901459335{-1372191087},3C_20_66-03.txt,118.340,0.100,11.834,6,1.234,10.43,0.206,5.766,0.000
22,ec.gp.GPIndividual@1901459335{-1372191087},3C_20_80-03.txt,169.439,0.100,16.944,5,8.063,47.58,1.613,5.766,0.000
22,ec.gp.GPIndividual@1901459335{-1372191087},3C_20_80-01.txt,4.194,0.100,0.419,3,2.859,681.70,0.953,5.766,0.000
22,ec.gp.GPIndividual@1901459335{-1372191087},3C_20_66-01.txt,7.322,0.100,0.732,1,0.000,0.00,0.000,5.766,0.000
22,ec.gp.GPIndividual@1901459335{-1372191087},3C_20_80-02.txt,35.738,0.100,3.574,4,2.172,60.77,0.543,5.766,0.000
22,ec.gp.GPIndividual@1901459335{-1372191087},3C_20_80-03.txt,169.439,0.100,16.944,8,12.938,76.35,1.617,5.766,0.000
22,ec.gp.GPIndividual@1233094688{424370899},3C_20_50-02.txt,61.404,0.100,6.140,3,3.625,59.03,1.208,3.438,0.000
22,ec.gp.GPIndividual@229228122{-421573766},3C_20_50-02.txt,61.404,0.100,6.140,5,7.703,125.45,1.541,6.125,0.000
22,ec.gp.GPIndividual@229228122{-421573766},3C_20_66-02.txt,154.245,0.100,15.424,13,11.578,75.06,0.891,6.125,0.000
22,ec.gp.GPIndividual@229228122{-421573766},3C_20_50-03.txt,30.993,0.100,3.099,2,4.344,140.15,2.172,6.125,0.000
22,ec.gp.GPIndividual@229228122{-421573766},3C_20_50-03.txt,30.993,0.100,3.099,2,3.203,103.35,1.602,6.125,0.000
22,ec.gp.GPIndividual@229228122{-421573766},3C_20_66-03.txt,118.340,0.100,11.834,8,9.969,84.24,1.246,6.125,0.000
22,ec.gp.GPIndividual@229228122{-421573766},3C_20_80-01.txt,4.194,0.100,0.419,8,0.484,115.48,0.061,6.125,0.000
22,ec.gp.GPIndividual@229228122{-421573766},3C_20_80-02.txt,35.738,0.100,3.574,6,2.828,79.13,0.471,6.125,0.000
22,ec.gp.GPIndividual@229228122{-421573766},3C_20_66-01.txt,7.322,0.100,0.732,2,2.891,394.78,1.445,6.125,0.000
22,ec.gp.GPIndividual@229228122{-421573766},3C_20_66-01.txt,7.322,0.100,0.732,2,0.844,115.23,0.422,6.125,0.000
22,ec.gp.GPIndividual@229228122{-421573766},3C_20_80-03.txt,169.439,0.100,16.944,8,3.250,19.18,0.406,6.125,0.000
22,ec.gp.GPIndividual@229228122{-421573766},3C_20_66-02.txt,154.245,0.100,15.424,2,0.594,3.85,0.297,6.125,0.000
22,ec.gp.GPIndividual@229228122{-421573766},3C_20_66-02.txt,154.245,0.100,15.424,14,14.688,95.22,1.049,6.125,0.000
22,ec.gp.GPIndividual@268293418{1048864987},3C_20_50-02.txt,61.404,0.100,6.140,4,2.641,43.00,0.660,2.469,0.000
22,ec.gp.GPIndividual@268293418{1048864987},3C_20_66-03.txt,118.340,0.100,11.834,3,2.641,22.31,0.880,2.641,0.000
22,ec.gp.GPIndividual@268293418{1048864987},3C_20_66-03.txt,118.340,0.100,11.834,9,12.328,104.18,1.370,2.641,0.000
22,ec.gp.GPIndividual@268293418{1048864987},3C_20_50-03.txt,30.993,0.100,3.099,3,0.453,14.62,0.151,2.641,0.000
22,ec.gp.GPIndividual@268293418{1048864987},3C_20_80-01.txt,4.194,0.100,0.419,7,1.500,357.61,0.214,2.641,0.000
22,ec.gp.GPIndividual@268293418{1048864987},3C_20_80-01.txt,4.194,0.100,0.419,5,0.438,104.30,0.088,2.641,0.000
22,ec.gp.GPIndividual@268293418{1048864987},3C_20_80-02.txt,35.738,0.100,3.574,4,0.141,3.93,0.035,2.641,0.000
22,ec.gp.GPIndividual@268293418{1048864987},3C_20_80-02.txt,35.738,0.100,3.574,7,3.250,90.94,0.464,2.641,0.000
22,ec.gp.GPIndividual@268293418{1048864987},3C_20_80-03.txt,169.439,0.100,16.944,14,14.016,82.72,1.001,3.797,0.000
22,ec.gp.GPIndividual@1726845717{908110642},3C_20_50-02.txt,61.404,0.100,6.140,5,5.313,86.52,1.063,4.703,0.000
22,ec.gp.GPIndividual@1726845717{908110642},3C_20_66-03.txt,118.340,0.100,11.834,8,8.250,69.71,1.031,4.703,0.000
22,ec.gp.GPIndividual@1726845717{908110642},3C_20_50-03.txt,30.993,0.100,3.099,2,3.125,100.83,1.563,4.703,0.000
22,ec.gp.GPIndividual@1726845717{908110642},3C_20_80-01.txt,4.194,0.100,0.419,9,0.438,104.30,0.049,4.703,0.000
22,ec.gp.GPIndividual@1726845717{908110642},3C_20_80-02.txt,35.738,0.100,3.574,10,3.578,100.12,0.358,4.703,0.000
22,ec.gp.GPIndividual@1726845717{908110642},3C_20_80-03.txt,169.439,0.100,16.944,4,0.234,1.38,0.059,4.703,0.000
22,ec.gp.GPIndividual@1726845717{908110642},3C_20_66-01.txt,7.322,0.100,0.732,12,0.750,102.43,0.063,4.703,0.000
22,ec.gp.GPIndividual@1726845717{908110642},3C_20_66-02.txt,154.245,0.100,15.424,10,9.094,58.96,0.909,5.328,0.000
23,ec.gp.GPIndividual@871541356{-1257493070},3C_20_50-02.txt,61.404,0.100,6.140,1,0.000,0.00,0.000,0.000,0.000
23,ec.gp.GPIndividual@871541356{-1257493070},3C_20_50-02.txt,61.404,0.100,6.140,1,0.000,0.00,0.000,0.000,0.000
23,ec.gp.GPIndividual@871541356{-1257493070},3C_20_50-02.txt,61.404,0.100,6.140,1,0.000,0.00,0.000,0.000,0.000
23,ec.gp.GPIndividual@871541356{-1257493070},3C_20_50-03.txt,30.993,0.100,3.099,0,0.000,0.00,0.000,0.000,0.000
23,ec.gp.GPIndividual@871541356{-1257493070},3C_20_50-03.txt,30.993,0.100,3.099,0,0.000,0.00,0.000,0.000,0.000
23,ec.gp.GPIndividual@871541356{-1257493070},3C_20_50-03.txt,30.993,0.100,3.099,1,0.000,0.00,0.000,0.000,0.000
23,ec.gp.GPIndividual@871541356{-1257493070},3C_20_50-03.txt,30.993,0.100,3.099,1,0.000,0.00,0.000,0.000,0.000
23,ec.gp.GPIndividual@871541356{-1257493070},3C_20_50-03.txt,30.993,0.100,3.099,1,0.000,0.00,0.000,0.000,0.000
23,ec.gp.GPIndividual@871541356{-1257493070},3C_20_66-01.txt,7.322,0.100,0.732,0,0.000,0.00,0.000,0.000,0.000
23,ec.gp.GPIndividual@871541356{-1257493070},3C_20_66-01.txt,7.322,0.100,0.732,0,0.000,0.00,0.000,0.000,0.000
23,ec.gp.GPIndividual@871541356{-1257493070},3C_20_66-01.txt,7.322,0.100,0.732,0,0.000,0.00,0.000,0.000,0.000
23,ec.gp.GPIndividual@871541356{-1257493070},3C_20_66-02.txt,154.245,0.100,15.424,1,0.000,0.00,0.000,0.000,0.000
23,ec.gp.GPIndividual@871541356{-1257493070},3C_20_66-02.txt,154.245,0.100,15.424,0,0.000,0.00,0.000,0.000,0.000
23,ec.gp.GPIndividual@871541356{-1257493070},3C_20_66-03.txt,118.340,0.100,11.834,0,0.000,0.00,0.000,0.000,0.000
23,ec.gp.GPIndividual@871541356{-1257493070},3C_20_66-03.txt,118.340,0.100,11.834,0,0.000,0.00,0.000,0.000,0.000
23,ec.gp.GPIndividual@871541356{-1257493070},3C_20_66-03.txt,118.340,0.100,11.834,0,0.000,0.00,0.000,0.000,0.000
23,ec.gp.GPIndividual@871541356{-1257493070},3C_20_66-02.txt,154.245,0.100,15.424,1,0.000,0.00,0.000,0.000,0.000
23,ec.gp.GPIndividual@871541356{-1257493070},3C_20_80-01.txt,4.194,0.100,0.419,0,0.000,0.00,0.000,0.000,0.000
23,ec.gp.GPIndividual@871541356{-1257493070},3C_20_80-01.txt,4.194,0.100,0.419,0,0.000,0.00,0.000,0.000,0.000
23,ec.gp.GPIndividual@871541356{-1257493070},3C_20_80-01.txt,4.194,0.100,0.419,0,0.000,0.00,0.000,0.000,0.000
23,ec.gp.GPIndividual@871541356{-1257493070},3C_20_80-02.txt,35.738,0.100,3.574,0,0.000,0.00,0.000,0.000,0.000
23,ec.gp.GPIndividual@871541356{-1257493070},3C_20_80-02.txt,35.738,0.100,3.574,0,0.000,0.00,0.000,0.000,0.000
23,ec.gp.GPIndividual@871541356{-1257493070},3C_20_80-02.txt,35.738,0.100,3.574,0,0.000,0.00,0.000,0.000,0.000
23,ec.gp.GPIndividual@871541356{-1257493070},3C_20_80-02.txt,35.738,0.100,3.574,0,0.000,0.00,0.000,0.000,0.000
23,ec.gp.GPIndividual@871541356{-1257493070},3C_20_80-03.txt,169.439,0.100,16.944,0,0.000,0.00,0.000,0.000,0.000
23,ec.gp.GPIndividual@871541356{-1257493070},3C_20_80-01.txt,4.194,0.100,0.419,0,0.000,0.00,0.000,0.000,0.000
23,ec.gp.GPIndividual@871541356{-1257493070},3C_20_80-01.txt,4.194,0.100,0.419,0,0.000,0.00,0.000,0.000,0.000
23,ec.gp.GPIndividual@1414562393{897392436},null,0.000,0.100,0.000,0,0.000,0.00,0.000,0.000,0.000
23,ec.gp.GPIndividual@219073940{-312393667},3C_20_50-02.txt,61.404,0.100,6.140,1,0.000,0.00,0.000,0.000,0.000
23,ec.gp.GPIndividual@219073940{-312393667},3C_20_80-02.txt,35.738,0.100,3.574,1,0.000,0.00,0.000,0.000,0.000
23,ec.gp.GPIndividual@219073940{-312393667},3C_20_80-03.txt,169.439,0.100,16.944,1,0.000,0.00,0.000,0.000,0.000
23,ec.gp.GPIndividual@407041954{343568128},3C_20_50-02.txt,61.404,0.100,6.140,2,0.375,6.11,0.188,0.375,0.000
23,ec.gp.GPIndividual@407041954{343568128},3C_20_50-03.txt,30.993,0.100,3.099,10,4.094,132.09,0.409,0.797,0.000
23,ec.gp.GPIndividual@407041954{343568128},3C_20_50-03.txt,30.993,0.100,3.099,1,0.000,0.00,0.000,0.797,0.000
23,ec.gp.GPIndividual@407041954{343568128},3C_20_50-03.txt,30.993,0.100,3.099,4,0.328,10.59,0.082,0.797,0.000
23,ec.gp.GPIndividual@407041954{343568128},3C_20_50-03.txt,30.993,0.100,3.099,8,3.297,106.38,0.412,1.250,0.000
23,ec.gp.GPIndividual@407041954{343568128},3C_20_66-01.txt,7.322,0.100,0.732,4,0.844,115.23,0.211,1.250,0.000
23,ec.gp.GPIndividual@407041954{343568128},3C_20_66-02.txt,154.245,0.100,15.424,0,0.000,0.00,0.000,1.250,0.000
23,ec.gp.GPIndividual@407041954{343568128},3C_20_50-03.txt,30.993,0.100,3.099,4,0.984,31.76,0.246,1.250,0.000
23,ec.gp.GPIndividual@407041954{343568128},3C_20_50-03.txt,30.993,0.100,3.099,5,4.234,136.63,0.847,1.313,0.000
23,ec.gp.GPIndividual@407041954{343568128},3C_20_66-01.txt,7.322,0.100,0.732,9,3.078,420.38,0.342,1.313,0.000
23,ec.gp.GPIndividual@407041954{343568128},3C_20_66-01.txt,7.322,0.100,0.732,10,2.453,335.03,0.245,1.313,0.000
23,ec.gp.GPIndividual@407041954{343568128},3C_20_66-02.txt,154.245,0.100,15.424,8,2.438,15.80,0.305,2.219,0.000
23,ec.gp.GPIndividual@407041954{343568128},3C_20_66-03.txt,118.340,0.100,11.834,6,15.156,128.07,2.526,4.313,0.000
23,ec.gp.GPIndividual@407041954{343568128},3C_20_66-01.txt,7.322,0.100,0.732,4,5.109,697.79,1.277,4.594,0.000
23,ec.gp.GPIndividual@407041954{343568128},3C_20_66-01.txt,7.322,0.100,0.732,4,0.156,21.34,0.039,4.594,0.000
23,ec.gp.GPIndividual@407041954{343568128},3C_20_66-01.txt,7.322,0.100,0.732,7,1.219,166.45,0.174,4.594,0.000
23,ec.gp.GPIndividual@407041954{343568128},3C_20_66-02.txt,154.245,0.100,15.424,6,4.078,26.44,0.680,4.594,0.000
23,ec.gp.GPIndividual@407041954{343568128},3C_20_66-02.txt,154.245,0.100,15.424,2,4.875,31.61,2.438,4.875,0.000
23,ec.gp.GPIndividual@407041954{343568128},3C_20_80-01.txt,4.194,0.100,0.419,1,0.250,59.60,0.250,4.875,0.000
23,ec.gp.GPIndividual@407041954{343568128},3C_20_80-02.txt,35.738,0.100,3.574,4,2.875,80.45,0.719,4.875,0.000
23,ec.gp.GPIndividual@407041954{343568128},3C_20_66-02.txt,154.245,0.100,15.424,5,4.250,27.55,0.850,4.875,0.000
23,ec.gp.GPIndividual@407041954{343568128},3C_20_80-03.txt,169.439,0.100,16.944,0,0.000,0.00,0.000,4.875,0.000
23,ec.gp.GPIndividual@407041954{343568128},3C_20_66-02.txt,154.245,0.100,15.424,12,15.984,103.63,1.332,4.875,0.000
23,ec.gp.GPIndividual@407041954{343568128},3C_20_66-03.txt,118.340,0.100,11.834,6,3.328,28.12,0.555,4.875,0.000
23,ec.gp.GPIndividual@407041954{343568128},3C_20_66-03.txt,118.340,0.100,11.834,5,7.047,59.55,1.409,4.875,0.000
23,ec.gp.GPIndividual@407041954{343568128},3C_20_66-03.txt,118.340,0.100,11.834,2,5.750,48.59,2.875,5.750,0.000
23,ec.gp.GPIndividual@538211850{-7979326},3C_20_50-02.txt,61.404,0.100,6.140,2,0.344,5.60,0.172,0.344,0.000
23,ec.gp.GPIndividual@538211850{-7979326},3C_20_50-03.txt,30.993,0.100,3.099,4,3.141,101.33,0.785,1.563,0.000
23,ec.gp.GPIndividual@538211850{-7979326},3C_20_66-03.txt,118.340,0.100,11.834,3,0.844,7.13,0.281,1.563,0.000
23,ec.gp.GPIndividual@538211850{-7979326},3C_20_66-03.txt,118.340,0.100,11.834,2,1.375,11.62,0.688,1.563,0.000
23,ec.gp.GPIndividual@538211850{-7979326},3C_20_66-01.txt,7.322,0.100,0.732,2,0.344,46.95,0.172,1.563,0.000
23,ec.gp.GPIndividual@538211850{-7979326},3C_20_66-02.txt,154.245,0.100,15.424,5,16.672,108.09,3.334,4.797,0.000
23,ec.gp.GPIndividual@538211850{-7979326},3C_20_66-03.txt,118.340,0.100,11.834,9,12.703,107.34,1.411,4.828,0.000
23,ec.gp.GPIndividual@538211850{-7979326},3C_20_80-01.txt,4.194,0.100,0.419,4,4.625,1102.64,1.156,4.828,0.000
23,ec.gp.GPIndividual@538211850{-7979326},3C_20_80-01.txt,4.194,0.100,0.419,5,0.625,149.01,0.125,4.828,0.000
23,ec.gp.GPIndividual@538211850{-7979326},3C_20_80-02.txt,35.738,0.100,3.574,7,4.172,116.73,0.596,4.828,0.000
23,ec.gp.GPIndividual@538211850{-7979326},3C_20_80-01.txt,4.194,0.100,0.419,1,0.000,0.00,0.000,4.828,0.000
23,ec.gp.GPIndividual@538211850{-7979326},3C_20_80-02.txt,35.738,0.100,3.574,4,5.469,153.02,1.367,4.828,0.000
23,ec.gp.GPIndividual@538211850{-7979326},3C_20_80-01.txt,4.194,0.100,0.419,3,4.953,1180.87,1.651,4.828,0.000
23,ec.gp.GPIndividual@538211850{-7979326},3C_20_80-01.txt,4.194,0.100,0.419,4,5.688,1355.95,1.422,4.828,0.000
23,ec.gp.GPIndividual@538211850{-7979326},3C_20_80-01.txt,4.194,0.100,0.419,2,0.266,63.33,0.133,4.828,0.000
23,ec.gp.GPIndividual@538211850{-7979326},3C_20_80-02.txt,35.738,0.100,3.574,17,4.422,123.73,0.260,4.828,0.000
23,ec.gp.GPIndividual@538211850{-7979326},3C_20_80-03.txt,169.439,0.100,16.944,11,4.656,27.48,0.423,4.828,0.000
23,ec.gp.GPIndividual@538211850{-7979326},3C_20_80-03.txt,169.439,0.100,16.944,6,3.422,20.20,0.570,4.828,0.000
23,ec.gp.GPIndividual@538211850{-7979326},3C_20_80-02.txt,35.738,0.100,3.574,4,2.219,62.08,0.555,4.828,0.000
23,ec.gp.GPIndividual@538211850{-7979326},3C_20_80-02.txt,35.738,0.100,3.574,5,4.875,136.41,0.975,4.828,0.000
23,ec.gp.GPIndividual@538211850{-7979326},3C_20_80-02.txt,35.738,0.100,3.574,9,7.266,203.30,0.807,4.828,0.000
23,ec.gp.GPIndividual@538211850{-7979326},3C_20_80-03.txt,169.439,0.100,16.944,6,16.547,97.66,2.758,5.984,0.000
23,ec.gp.GPIndividual@2124629056{2022526139},3C_20_50-02.txt,61.404,0.100,6.140,7,6.953,113.24,0.993,1.547,0.000
23,ec.gp.GPIndividual@2124629056{2022526139},3C_20_50-03.txt,30.993,0.100,3.099,3,0.328,10.59,0.109,1.547,0.000
23,ec.gp.GPIndividual@2124629056{2022526139},3C_20_80-03.txt,169.439,0.100,16.944,7,8.156,48.14,1.165,3.938,0.000
23,ec.gp.GPIndividual@2060576330{1260997746},3C_20_50-02.txt,61.404,0.100,6.140,4,5.922,96.44,1.480,5.766,0.000
23,ec.gp.GPIndividual@1831098317{1981673313},3C_20_50-02.txt,61.404,0.100,6.140,2,0.484,7.89,0.242,0.484,0.000
23,ec.gp.GPIndividual@1831098317{1981673313},3C_20_50-03.txt,30.993,0.100,3.099,2,1.719,55.46,0.859,1.406,0.000
23,ec.gp.GPIndividual@1831098317{1981673313},3C_20_66-01.txt,7.322,0.100,0.732,1,0.344,46.95,0.344,1.406,0.000
23,ec.gp.GPIndividual@1831098317{1981673313},3C_20_66-02.txt,154.245,0.100,15.424,5,9.594,62.20,1.919,4.031,0.000
23,ec.gp.GPIndividual@1831098317{1981673313},3C_20_66-03.txt,118.340,0.100,11.834,2,11.938,100.87,5.969,6.141,0.000
23,ec.gp.GPIndividual@1831098317{1981673313},3C_20_80-03.txt,169.439,0.100,16.944,3,6.500,38.36,2.167,6.500,0.000
23,ec.gp.GPIndividual@1831098317{1981673313},3C_20_80-03.txt,169.439,0.100,16.944,5,5.000,29.51,1.000,6.500,0.000
23,ec.gp.GPIndividual@2001675990{134608188},3C_20_50-02.txt,61.404,0.100,6.140,1,0.531,8.65,0.531,0.531,0.531
23,ec.gp.GPIndividual@2001675990{134608188},3C_20_50-03.txt,30.993,0.100,3.099,1,4.078,131.58,4.078,4.078,0.531
23,ec.gp.GPIndividual@2001675990{134608188},3C_20_66-01.txt,7.322,0.100,0.732,8,0.859,117.37,0.107,4.078,0.000
23,ec.gp.GPIndividual@2001675990{134608188},3C_20_66-02.txt,154.245,0.100,15.424,2,1.375,8.91,0.688,4.078,0.000
23,ec.gp.GPIndividual@2001675990{134608188},3C_20_66-01.txt,7.322,0.100,0.732,1,0.328,44.81,0.328,4.078,0.000
23,ec.gp.GPIndividual@2001675990{134608188},3C_20_66-02.txt,154.245,0.100,15.424,3,16.844,109.20,5.615,6.234,0.000
23,ec.gp.GPIndividual@1032401553{2040673755},3C_20_50-02.txt,61.404,0.100,6.140,2,4.984,81.17,2.492,2.578,2.406
23,ec.gp.GPIndividual@1032401553{2040673755},3C_20_66-03.txt,118.340,0.100,11.834,2,6.281,53.08,3.141,5.875,0.406
23,ec.gp.GPIndividual@1032401553{2040673755},3C_20_50-03.txt,30.993,0.100,3.099,3,3.172,102.34,1.057,5.875,0.000
23,ec.gp.GPIndividual@1995711198{-1531091857},3C_20_50-02.txt,61.404,0.100,6.140,5,7.578,123.41,1.516,4.297,0.000
23,ec.gp.GPIndividual@1995711198{-1531091857},3C_20_80-01.txt,4.194,0.100,0.419,1,1.359,324.09,1.359,4.297,0.000
23,ec.gp.GPIndividual@1995711198{-1531091857},3C_20_66-01.txt,7.322,0.100,0.732,2,0.313,42.68,0.156,4.297,0.000
23,ec.gp.GPIndividual@1995711198{-1531091857},3C_20_80-02.txt,35.738,0.100,3.574,3,1.641,45.91,0.547,4.297,0.000
23,ec.gp.GPIndividual@1995711198{-1531091857},3C_20_50-03.txt,30.993,0.100,3.099,2,3.141,101.33,1.570,4.297,0.000
23,ec.gp.GPIndividual@1995711198{-1531091857},3C_20_50-03.txt,30.993,0.100,3.099,5,3.453,111.42,0.691,4.297,0.000
23,ec.gp.GPIndividual@1995711198{-1531091857},3C_20_80-03.txt,169.439,0.100,16.944,0,0.000,0.00,0.000,4.297,0.000
23,ec.gp.GPIndividual@1995711198{-1531091857},3C_20_66-03.txt,118.340,0.100,11.834,4,7.016,59.28,1.754,4.828,0.000
23,ec.gp.GPIndividual@1995711198{-1531091857},3C_20_80-01.txt,4.194,0.100,0.419,1,0.172,40.98,0.172,4.828,0.000
23,ec.gp.GPIndividual@1995711198{-1531091857},3C_20_80-02.txt,35.738,0.100,3.574,4,3.688,103.18,0.922,4.828,0.000
23,ec.gp.GPIndividual@1995711198{-1531091857},3C_20_66-02.txt,154.245,0.100,15.424,2,1.594,10.33,0.797,4.828,0.000
23,ec.gp.GPIndividual@1995711198{-1531091857},3C_20_80-03.txt,169.439,0.100,16.944,8,19.531,115.27,2.441,6.031,0.000
23,ec.gp.GPIndividual@1412092273{-1431085080},3C_20_50-02.txt,61.404,0.100,6.140,5,7.906,128.76,1.581,4.094,0.000
23,ec.gp.GPIndividual@1412092273{-1431085080},3C_20_66-03.txt,118.340,0.100,11.834,4,6.688,56.51,1.672,5.844,0.000
23,ec.gp.GPIndividual@209636719{-2107162764},3C_20_50-02.txt,61.404,0.100,6.140,4,5.922,96.44,1.480,4.000,0.000
23,ec.gp.GPIndividual@209636719{-2107162764},3C_20_66-01.txt,7.322,0.100,0.732,1,0.500,68.29,0.500,4.000,0.000
23,ec.gp.GPIndividual@209636719{-2107162764},3C_20_50-03.txt,30.993,0.100,3.099,3,1.578,50.92,0.526,4.000,0.000
23,ec.gp.GPIndividual@209636719{-2107162764},3C_20_66-01.txt,7.322,0.100,0.732,2,1.094,149.37,0.547,4.000,0.000
23,ec.gp.GPIndividual@209636719{-2107162764},3C_20_66-02.txt,154.245,0.100,15.424,3,2.031,13.17,0.677,4.000,0.000
23,ec.gp.GPIndividual@209636719{-2107162764},3C_20_66-02.txt,154.245,0.100,15.424,6,12.781,82.86,2.130,4.734,0.000
23,ec.gp.GPIndividual@209636719{-2107162764},3C_20_66-01.txt,7.322,0.100,0.732,3,2.781,379.84,0.927,4.734,0.000
23,ec.gp.GPIndividual@209636719{-2107162764},3C_20_66-03.txt,118.340,0.100,11.834,3,2.453,20.73,0.818,4.734,0.000
23,ec.gp.GPIndividual@209636719{-2107162764},3C_20_66-03.txt,118.340,0.100,11.834,7,3.609,30.50,0.516,4.734,0.000
23,ec.gp.GPIndividual@209636719{-2107162764},3C_20_50-03.txt,30.993,0.100,3.099,4,2.047,66.04,0.512,4.734,0.000
23,ec.gp.GPIndividual@209636719{-2107162764},3C_20_66-02.txt,154.245,0.100,15.424,8,16.625,107.78,2.078,4.891,0.000
23,ec.gp.GPIndividual@209636719{-2107162764},3C_20_66-03.txt,118.340,0.100,11.834,2,4.734,40.01,2.367,4.891,0.000
23,ec.gp.GPIndividual@209636719{-2107162764},3C_20_80-01.txt,4.194,0.100,0.419,2,0.313,74.50,0.156,4.891,0.000
23,ec.gp.GPIndividual@209636719{-2107162764},3C_20_80-02.txt,35.738,0.100,3.574,5,3.266,91.38,0.653,4.891,0.000
23,ec.gp.GPIndividual@209636719{-2107162764},3C_20_80-01.txt,4.194,0.100,0.419,5,0.516,122.93,0.103,4.891,0.000
23,ec.gp.GPIndividual@209636719{-2107162764},3C_20_80-02.txt,35.738,0.100,3.574,3,1.188,33.23,0.396,4.891,0.000
23,ec.gp.GPIndividual@209636719{-2107162764},3C_20_80-01.txt,4.194,0.100,0.419,2,1.703,406.04,0.852,4.891,0.000
23,ec.gp.GPIndividual@209636719{-2107162764},3C_20_80-03.txt,169.439,0.100,16.944,8,18.422,108.72,2.303,4.891,0.000
23,ec.gp.GPIndividual@209636719{-2107162764},3C_20_80-02.txt,35.738,0.100,3.574,4,5.703,159.58,1.426,4.891,0.000
23,ec.gp.GPIndividual@209636719{-2107162764},3C_20_80-01.txt,4.194,0.100,0.419,3,0.688,163.91,0.229,4.891,0.000
23,ec.gp.GPIndividual@209636719{-2107162764},3C_20_80-03.txt,169.439,0.100,16.944,11,15.188,89.63,1.381,5.797,0.000
23,ec.gp.GPIndividual@770787275{-1312762852},3C_20_50-02.txt,61.404,0.100,6.140,1,0.531,8.65,0.531,0.531,0.531
23,ec.gp.GPIndividual@770787275{-1312762852},3C_20_50-03.txt,30.993,0.100,3.099,2,3.406,109.91,1.703,1.969,0.531
23,ec.gp.GPIndividual@770787275{-1312762852},3C_20_80-02.txt,35.738,0.100,3.574,3,0.531,14.87,0.177,1.969,0.000
23,ec.gp.GPIndividual@770787275{-1312762852},3C_20_80-03.txt,169.439,0.100,16.944,1,1.422,8.39,1.422,1.969,0.000
23,ec.gp.GPIndividual@770787275{-1312762852},3C_20_66-01.txt,7.322,0.100,0.732,1,0.344,46.95,0.344,1.969,0.000
23,ec.gp.GPIndividual@770787275{-1312762852},3C_20_66-02.txt,154.245,0.100,15.424,4,4.750,30.80,1.188,3.172,0.000
23,ec.gp.GPIndividual@770787275{-1312762852},3C_20_66-01.txt,7.322,0.100,0.732,3,4.578,625.24,1.526,4.234,0.000
23,ec.gp.GPIndividual@770787275{-1312762852},3C_20_80-01.txt,4.194,0.100,0.419,4,0.625,149.01,0.156,4.234,0.000
23,ec.gp.GPIndividual@770787275{-1312762852},3C_20_66-02.txt,154.245,0.100,15.424,3,8.063,52.27,2.688,5.703,0.000
23,ec.gp.GPIndividual@770787275{-1312762852},3C_20_66-03.txt,118.340,0.100,11.834,6,14.016,118.44,2.336,5.719,0.000
23,ec.gp.GPIndividual@134386568{-973332684},3C_20_50-02.txt,61.404,0.100,6.140,6,8.844,144.02,1.474,3.891,0.000
23,ec.gp.GPIndividual@529959483{-1372191087},3C_20_50-02.txt,61.404,0.100,6.140,4,0.516,8.40,0.129,0.516,0.000
23,ec.gp.GPIndividual@529959483{-1372191087},3C_20_80-02.txt,35.738,0.100,3.574,5,3.906,109.30,0.781,1.344,0.000
23,ec.gp.GPIndividual@529959483{-1372191087},3C_20_50-03.txt,30.993,0.100,3.099,4,6.422,207.21,1.605,4.875,0.000
23,ec.gp.GPIndividual@529959483{-1372191087},3C_20_50-03.txt,30.993,0.100,3.099,4,6.422,207.21,1.605,4.875,0.000
23,ec.gp.GPIndividual@529959483{-1372191087},3C_20_80-01.txt,4.194,0.100,0.419,1,1.047,249.58,1.047,4.875,0.000
23,ec.gp.GPIndividual@529959483{-1372191087},3C_20_50-03.txt,30.993,0.100,3.099,3,0.563,18.15,0.188,4.875,0.000
23,ec.gp.GPIndividual@529959483{-1372191087},3C_20_80-02.txt,35.738,0.100,3.574,3,2.594,72.58,0.865,4.875,0.000
23,ec.gp.GPIndividual@529959483{-1372191087},3C_20_66-03.txt,118.340,0.100,11.834,8,6.219,52.55,0.777,4.875,0.000
23,ec.gp.GPIndividual@529959483{-1372191087},3C_20_80-03.txt,169.439,0.100,16.944,10,18.234,107.62,1.823,4.875,0.000
23,ec.gp.GPIndividual@529959483{-1372191087},3C_20_80-01.txt,4.194,0.100,0.419,3,0.500,119.20,0.167,4.875,0.000
23,ec.gp.GPIndividual@529959483{-1372191087},3C_20_80-02.txt,35.738,0.100,3.574,6,3.734,104.49,0.622,4.875,0.000
23,ec.gp.GPIndividual@529959483{-1372191087},3C_20_66-01.txt,7.322,0.100,0.732,2,5.609,766.08,2.805,5.609,0.000
23,ec.gp.GPIndividual@1458064780{917948461},3C_20_50-02.txt,61.404,0.100,6.140,0,0.000,0.00,0.000,0.000,0.000
23,ec.gp.GPIndividual@1458064780{917948461},3C_20_50-03.txt,30.993,0.100,3.099,0,0.000,0.00,0.000,0.000,0.000
23,ec.gp.GPIndividual@1458064780{917948461},3C_20_66-01.txt,7.322,0.100,0.732,0,0.000,0.00,0.000,0.000,0.000
23,ec.gp.GPIndividual@1458064780{917948461},3C_20_66-02.txt,154.245,0.100,15.424,0,0.000,0.00,0.000,0.000,0.000
23,ec.gp.GPIndividual@1458064780{917948461},3C_20_66-03.txt,118.340,0.100,11.834,0,0.000,0.00,0.000,0.000,0.000
23,ec.gp.GPIndividual@1458064780{917948461},3C_20_80-01.txt,4.194,0.100,0.419,0,0.000,0.00,0.000,0.000,0.000
23,ec.gp.GPIndividual@1458064780{917948461},3C_20_80-02.txt,35.738,0.100,3.574,0,0.000,0.00,0.000,0.000,0.000
23,ec.gp.GPIndividual@1458064780{917948461},3C_20_80-03.txt,169.439,0.100,16.944,0,0.000,0.00,0.000,0.000,0.000
23,ec.gp.GPIndividual@1478469649{908110642},3C_20_50-02.txt,61.404,0.100,6.140,15,6.391,104.07,0.426,3.031,0.000
23,ec.gp.GPIndividual@1478469649{908110642},3C_20_66-02.txt,154.245,0.100,15.424,11,15.578,101.00,1.416,5.078,0.000
23,ec.gp.GPIndividual@1478469649{908110642},3C_20_80-03.txt,169.439,0.100,16.944,8,3.297,19.46,0.412,5.078,0.000
23,ec.gp.GPIndividual@1478469649{908110642},3C_20_50-03.txt,30.993,0.100,3.099,11,4.234,136.63,0.385,5.078,0.000
23,ec.gp.GPIndividual@1478469649{908110642},3C_20_66-03.txt,118.340,0.100,11.834,8,9.609,81.20,1.201,5.078,0.000
23,ec.gp.GPIndividual@1478469649{908110642},3C_20_80-03.txt,169.439,0.100,16.944,12,21.781,128.55,1.815,5.922,0.000
23,ec.gp.GPIndividual@1288117564{-1213694865},3C_20_50-02.txt,61.404,0.100,6.140,4,2.469,40.20,0.617,2.141,0.000
23,ec.gp.GPIndividual@665804823{1824773720},3C_20_50-02.txt,61.404,0.100,6.140,3,6.484,105.60,2.161,5.969,0.000
23,ec.gp.GPIndividual@913246516{-1701090855},3C_20_50-02.txt,61.404,0.100,6.140,2,1.813,29.52,0.906,1.813,0.000
23,ec.gp.GPIndividual@913246516{-1701090855},3C_20_50-03.txt,30.993,0.100,3.099,5,3.109,100.33,0.622,2.469,0.000
23,ec.gp.GPIndividual@913246516{-1701090855},3C_20_50-03.txt,30.993,0.100,3.099,5,4.719,152.25,0.944,4.391,0.000
23,ec.gp.GPIndividual@913246516{-1701090855},3C_20_66-01.txt,7.322,0.100,0.732,2,4.563,623.11,2.281,4.563,0.000
23,ec.gp.GPIndividual@913246516{-1701090855},3C_20_66-01.txt,7.322,0.100,0.732,5,1.078,147.24,0.216,4.563,0.000
23,ec.gp.GPIndividual@913246516{-1701090855},3C_20_66-02.txt,154.245,0.100,15.424,1,0.000,0.00,0.000,4.563,0.000
23,ec.gp.GPIndividual@913246516{-1701090855},3C_20_66-02.txt,154.245,0.100,15.424,11,14.359,93.09,1.305,4.563,0.000
23,ec.gp.GPIndividual@913246516{-1701090855},3C_20_50-03.txt,30.993,0.100,3.099,4,6.234,201.16,1.559,4.563,0.000
23,ec.gp.GPIndividual@913246516{-1701090855},3C_20_80-01.txt,4.194,0.100,0.419,3,0.656,156.46,0.219,4.563,0.000
23,ec.gp.GPIndividual@913246516{-1701090855},3C_20_66-03.txt,118.340,0.100,11.834,2,4.391,37.10,2.195,4.563,0.000
23,ec.gp.GPIndividual@913246516{-1701090855},3C_20_66-01.txt,7.322,0.100,0.732,4,4.953,676.45,1.238,4.563,0.000
23,ec.gp.GPIndividual@913246516{-1701090855},3C_20_66-03.txt,118.340,0.100,11.834,7,3.172,26.80,0.453,4.563,0.000
23,ec.gp.GPIndividual@913246516{-1701090855},3C_20_66-02.txt,154.245,0.100,15.424,11,24.641,159.75,2.240,4.875,0.000
23,ec.gp.GPIndividual@913246516{-1701090855},3C_20_80-02.txt,35.738,0.100,3.574,5,2.281,63.83,0.456,4.875,0.000
23,ec.gp.GPIndividual@913246516{-1701090855},3C_20_66-03.txt,118.340,0.100,11.834,7,4.234,35.78,0.605,4.875,0.000
23,ec.gp.GPIndividual@913246516{-1701090855},3C_20_80-01.txt,4.194,0.100,0.419,2,1.578,376.24,0.789,4.875,0.000
23,ec.gp.GPIndividual@913246516{-1701090855},3C_20_80-01.txt,4.194,0.100,0.419,3,2.781,663.07,0.927,4.875,0.000
23,ec.gp.GPIndividual@913246516{-1701090855},3C_20_66-01.txt,7.322,0.100,0.732,13,1.469,200.59,0.113,4.875,0.000
23,ec.gp.GPIndividual@913246516{-1701090855},3C_20_80-02.txt,35.738,0.100,3.574,4,4.531,126.79,1.133,4.875,0.000
23,ec.gp.GPIndividual@913246516{-1701090855},3C_20_80-02.txt,35.738,0.100,3.574,6,3.609,101.00,0.602,4.875,0.000
23,ec.gp.GPIndividual@913246516{-1701090855},3C_20_80-03.txt,169.439,0.100,16.944,3,1.172,6.92,0.391,4.875,0.000
23,ec.gp.GPIndividual@913246516{-1701090855},3C_20_66-02.txt,154.245,0.100,15.424,10,17.047,110.52,1.705,4.875,0.000
23,ec.gp.GPIndividual@913246516{-1701090855},3C_20_80-03.txt,169.439,0.100,16.944,11,9.016,53.21,0.820,4.875,0.000
23,ec.gp.GPIndividual@913246516{-1701090855},3C_20_80-01.txt,4.194,0.100,0.419,3,6.047,1441.62,2.016,5.703,0.000
23,ec.gp.GPIndividual@1137466621{-2126849043},3C_20_50-02.txt,61.404,0.100,6.140,3,1.828,29.77,0.609,1.359,0.000
23,ec.gp.GPIndividual@1137466621{-2126849043},3C_20_80-02.txt,35.738,0.100,3.574,1,3.766,105.37,3.766,3.766,0.000
23,ec.gp.GPIndividual@1137466621{-2126849043},3C_20_66-01.txt,7.322,0.100,0.732,6,1.969,268.87,0.328,3.766,0.000
23,ec.gp.GPIndividual@1137466621{-2126849043},3C_20_66-03.txt,118.340,0.100,11.834,9,15.188,128.34,1.688,5.328,0.000
23,ec.gp.GPIndividual@1137466621{-2126849043},3C_20_80-03.txt,169.439,0.100,16.944,3,0.891,5.26,0.297,5.328,0.000
23,ec.gp.GPIndividual@1137466621{-2126849043},3C_20_66-02.txt,154.245,0.100,15.424,4,1.422,9.22,0.355,5.328,0.000
23,ec.gp.GPIndividual@50191526{964149335},3C_20_50-02.txt,61.404,0.100,6.140,4,6.953,113.24,1.738,4.484,0.000
23,ec.gp.GPIndividual@50191526{964149335},3C_20_50-03.txt,30.993,0.100,3.099,2,0.563,18.15,0.281,4.484,0.000
23,ec.gp.GPIndividual@1156703298{983345588},3C_20_50-02.txt,61.404,0.100,6.140,10,7.531,122.65,0.753,3.172,0.000
23,ec.gp.GPIndividual@1156703298{983345588},3C_20_50-03.txt,30.993,0.100,3.099,9,2.688,86.71,0.299,3.172,0.000
23,ec.gp.GPIndividual@1156703298{983345588},3C_20_50-03.txt,30.993,0.100,3.099,3,0.266,8.57,0.089,3.172,0.000
23,ec.gp.GPIndividual@1156703298{983345588},3C_20_66-03.txt,118.340,0.100,11.834,13,14.656,123.85,1.127,3.641,0.000
23,ec.gp.GPIndividual@1156703298{983345588},3C_20_66-01.txt,7.322,0.100,0.732,2,3.422,467.33,1.711,3.641,0.000
23,ec.gp.GPIndividual@1156703298{983345588},3C_20_80-01.txt,4.194,0.100,0.419,4,1.016,242.13,0.254,3.641,0.000
23,ec.gp.GPIndividual@1156703298{983345588},3C_20_66-01.txt,7.322,0.100,0.732,4,4.844,661.52,1.211,4.750,0.000
23,ec.gp.GPIndividual@1156703298{983345588},3C_20_80-01.txt,4.194,0.100,0.419,4,0.750,178.81,0.188,4.750,0.000
23,ec.gp.GPIndividual@1156703298{983345588},3C_20_80-02.txt,35.738,0.100,3.574,12,4.266,119.36,0.355,4.750,0.000
23,ec.gp.GPIndividual@1156703298{983345588},3C_20_66-01.txt,7.322,0.100,0.732,2,1.078,147.24,0.539,4.750,0.000
23,ec.gp.GPIndividual@1156703298{983345588},3C_20_80-02.txt,35.738,0.100,3.574,3,0.125,3.50,0.042,4.750,0.000
23,ec.gp.GPIndividual@1156703298{983345588},3C_20_66-02.txt,154.245,0.100,15.424,19,15.328,99.38,0.807,4.750,0.000
23,ec.gp.GPIndividual@1156703298{983345588},3C_20_80-03.txt,169.439,0.100,16.944,3,1.891,11.16,0.630,4.750,0.000
23,ec.gp.GPIndividual@1156703298{983345588},3C_20_66-02.txt,154.245,0.100,15.424,5,3.438,22.29,0.688,4.750,0.000
23,ec.gp.GPIndividual@1156703298{983345588},3C_20_80-03.txt,169.439,0.100,16.944,2,6.047,35.69,3.023,6.047,0.000
23,ec.gp.GPIndividual@1156703298{983345588},3C_20_66-02.txt,154.245,0.100,15.424,12,15.734,102.01,1.311,6.047,0.000
23,ec.gp.GPIndividual@1156703298{983345588},3C_20_66-03.txt,118.340,0.100,11.834,4,1.453,12.28,0.363,6.047,0.000
23,ec.gp.GPIndividual@677346471{179927959},3C_20_50-02.txt,61.404,0.100,6.140,2,0.109,1.78,0.055,0.109,0.000
23,ec.gp.GPIndividual@677346471{179927959},3C_20_66-03.txt,118.340,0.100,11.834,5,10.406,87.94,2.081,5.094,0.000
23,ec.gp.GPIndividual@677346471{179927959},3C_20_66-03.txt,118.340,0.100,11.834,5,5.938,50.17,1.188,5.094,0.000
23,ec.gp.GPIndividual@677346471{179927959},3C_20_50-03.txt,30.993,0.100,3.099,2,4.750,153.26,2.375,5.094,0.000
23,ec.gp.GPIndividual@677346471{179927959},3C_20_80-01.txt,4.194,0.100,0.419,2,4.781,1139.89,2.391,5.094,0.000
23,ec.gp.GPIndividual@677346471{179927959},3C_20_80-01.txt,4.194,0.100,0.419,3,1.609,383.69,0.536,5.094,0.000
23,ec.gp.GPIndividual@677346471{179927959},3C_20_66-01.txt,7.322,0.100,0.732,7,1.297,177.12,0.185,5.094,0.000
23,ec.gp.GPIndividual@677346471{179927959},3C_20_80-02.txt,35.738,0.100,3.574,2,4.719,132.04,2.359,5.094,0.000
23,ec.gp.GPIndividual@677346471{179927959},3C_20_80-01.txt,4.194,0.100,0.419,7,3.641,867.95,0.520,5.094,0.000
23,ec.gp.GPIndividual@261145202{745938070},3C_20_50-02.txt,61.404,0.100,6.140,11,5.531,90.08,0.503,1.469,0.000
23,ec.gp.GPIndividual@261145202{745938070},3C_20_80-02.txt,35.738,0.100,3.574,7,4.703,131.60,0.672,1.469,0.000
23,ec.gp.GPIndividual@261145202{745938070},3C_20_50-03.txt,30.993,0.100,3.099,2,0.250,8.07,0.125,1.469,0.000
23,ec.gp.GPIndividual@261145202{745938070},3C_20_80-03.txt,169.439,0.100,16.944,2,0.656,3.87,0.328,1.469,0.000
23,ec.gp.GPIndividual@261145202{745938070},3C_20_66-02.txt,154.245,0.100,15.424,12,18.094,117.31,1.508,3.531,0.000
23,ec.gp.GPIndividual@261145202{745938070},3C_20_66-01.txt,7.322,0.100,0.732,2,4.578,625.24,2.289,4.578,0.000
23,ec.gp.GPIndividual@620406623{1030623202},3C_20_50-02.txt,61.404,0.100,6.140,8,6.000,97.71,0.750,3.656,0.000
23,ec.gp.GPIndividual@620406623{1030623202},3C_20_80-01.txt,4.194,0.100,0.419,2,2.063,491.72,1.031,3.656,0.000
23,ec.gp.GPIndividual@620406623{1030623202},3C_20_80-02.txt,35.738,0.100,3.574,2,3.594,100.56,1.797,3.656,0.000
23,ec.gp.GPIndividual@342090959{934126695},3C_20_50-02.txt,61.404,0.100,6.140,8,6.344,103.31,0.793,1.375,0.281
23,ec.gp.GPIndividual@342090959{934126695},3C_20_50-03.txt,30.993,0.100,3.099,6,3.313,106.88,0.552,1.641,0.094
23,ec.gp.GPIndividual@342090959{934126695},3C_20_80-02.txt,35.738,0.100,3.574,1,0.000,0.00,0.000,1.641,0.000
23,ec.gp.GPIndividual@342090959{934126695},3C_20_80-03.txt,169.439,0.100,16.944,12,17.016,100.42,1.418,3.375,0.000
23,ec.gp.GPIndividual@342090959{934126695},3C_20_80-03.txt,169.439,0.100,16.944,3,0.719,4.24,0.240,3.375,0.000
23,ec.gp.GPIndividual@342090959{934126695},3C_20_66-01.txt,7.322,0.100,0.732,1,6.547,894.11,6.547,6.547,0.000
23,ec.gp.GPIndividual@342090959{934126695},3C_20_50-03.txt,30.993,0.100,3.099,2,0.359,11.60,0.180,6.547,0.000
23,ec.gp.GPIndividual@342090959{934126695},3C_20_66-02.txt,154.245,0.100,15.424,2,3.625,23.50,1.813,6.547,0.000
23,ec.gp.GPIndividual@1565076560{1134294842},3C_20_50-02.txt,61.404,0.100,6.140,7,6.281,102.29,0.897,1.578,0.000
23,ec.gp.GPIndividual@1565076560{1134294842},3C_20_50-03.txt,30.993,0.100,3.099,2,0.609,19.66,0.305,1.578,0.000
23,ec.gp.GPIndividual@1565076560{1134294842},3C_20_66-03.txt,118.340,0.100,11.834,8,11.953,101.01,1.494,3.516,0.000
23,ec.gp.GPIndividual@792295660{1942555398},3C_20_50-02.txt,61.404,0.100,6.140,7,6.031,98.22,0.862,3.469,0.000
23,ec.gp.GPIndividual@792295660{1942555398},3C_20_80-01.txt,4.194,0.100,0.419,1,1.047,249.58,1.047,3.469,0.000
23,ec.gp.GPIndividual@792295660{1942555398},3C_20_66-01.txt,7.322,0.100,0.732,2,0.188,25.61,0.094,3.469,0.000
23,ec.gp.GPIndividual@792295660{1942555398},3C_20_80-02.txt,35.738,0.100,3.574,7,3.641,101.87,0.520,3.469,0.000
23,ec.gp.GPIndividual@792295660{1942555398},3C_20_66-01.txt,7.322,0.100,0.732,2,1.141,155.78,0.570,3.469,0.000
23,ec.gp.GPIndividual@792295660{1942555398},3C_20_80-03.txt,169.439,0.100,16.944,1,1.109,6.55,1.109,3.469,0.000
23,ec.gp.GPIndividual@792295660{1942555398},3C_20_50-03.txt,30.993,0.100,3.099,5,1.078,34.79,0.216,3.469,0.000
23,ec.gp.GPIndividual@792295660{1942555398},3C_20_66-02.txt,154.245,0.100,15.424,13,14.828,96.13,1.141,3.469,0.000
23,ec.gp.GPIndividual@792295660{1942555398},3C_20_66-01.txt,7.322,0.100,0.732,3,0.813,110.96,0.271,3.469,0.000
23,ec.gp.GPIndividual@792295660{1942555398},3C_20_66-03.txt,118.340,0.100,11.834,6,5.906,49.91,0.984,3.469,0.000
23,ec.gp.GPIndividual@1530287025{-2103980060},3C_20_50-02.txt,61.404,0.100,6.140,4,1.984,32.32,0.496,0.953,0.000
23,ec.gp.GPIndividual@1530287025{-2103980060},3C_20_50-03.txt,30.993,0.100,3.099,4,4.828,155.78,1.207,3.281,0.000
23,ec.gp.GPIndividual@1530287025{-2103980060},3C_20_80-01.txt,4.194,0.100,0.419,3,1.625,387.41,0.542,3.281,0.000
23,ec.gp.GPIndividual@1530287025{-2103980060},3C_20_66-01.txt,7.322,0.100,0.732,2,0.625,85.36,0.313,3.281,0.000
23,ec.gp.GPIndividual@1530287025{-2103980060},3C_20_66-02.txt,154.245,0.100,15.424,4,0.297,1.92,0.074,3.281,0.000
23,ec.gp.GPIndividual@1530287025{-2103980060},3C_20_80-02.txt,35.738,0.100,3.574,3,4.047,113.24,1.349,3.750,0.000
23,ec.gp.GPIndividual@1530287025{-2103980060},3C_20_66-02.txt,154.245,0.100,15.424,9,7.656,49.64,0.851,3.750,0.000
23,ec.gp.GPIndividual@1530287025{-2103980060},3C_20_66-02.txt,154.245,0.100,15.424,17,17.328,112.34,1.019,3.750,0.000
23,ec.gp.GPIndividual@1530287025{-2103980060},3C_20_80-03.txt,169.439,0.100,16.944,3,0.328,1.94,0.109,3.750,0.000
23,ec.gp.GPIndividual@1530287025{-2103980060},3C_20_66-03.txt,118.340,0.100,11.834,7,13.672,115.53,1.953,3.750,0.000
23,ec.gp.GPIndividual@1530287025{-2103980060},3C_20_80-01.txt,4.194,0.100,0.419,5,0.422,100.58,0.084,3.750,0.000
23,ec.gp.GPIndividual@1530287025{-2103980060},3C_20_80-02.txt,35.738,0.100,3.574,3,0.734,20.55,0.245,3.750,0.000
23,ec.gp.GPIndividual@1530287025{-2103980060},3C_20_66-03.txt,118.340,0.100,11.834,2,4.391,37.10,2.195,4.391,0.000
23,ec.gp.GPIndividual@1530287025{-2103980060},3C_20_66-03.txt,118.340,0.100,11.834,6,3.469,29.31,0.578,4.391,0.000
23,ec.gp.GPIndividual@1343423723{-573150279},3C_20_50-02.txt,61.404,0.100,6.140,4,1.969,32.06,0.492,1.078,0.000
23,ec.gp.GPIndividual@1343423723{-573150279},3C_20_50-03.txt,30.993,0.100,3.099,4,4.969,160.32,1.242,3.359,0.000
23,ec.gp.GPIndividual@1343423723{-573150279},3C_20_80-01.txt,4.194,0.100,0.419,2,3.422,815.80,1.711,3.422,0.000
23,ec.gp.GPIndividual@1343423723{-573150279},3C_20_80-01.txt,4.194,0.100,0.419,5,0.594,141.55,0.119,3.422,0.000
23,ec.gp.GPIndividual@1343423723{-573150279},3C_20_80-02.txt,35.738,0.100,3.574,4,1.953,54.65,0.488,3.422,0.000
23,ec.gp.GPIndividual@1343423723{-573150279},3C_20_80-03.txt,169.439,0.100,16.944,3,1.594,9.41,0.531,3.422,0.000
23,ec.gp.GPIndividual@1343423723{-573150279},3C_20_66-01.txt,7.322,0.100,0.732,2,1.141,155.78,0.570,3.422,0.000
23,ec.gp.GPIndividual@1343423723{-573150279},3C_20_80-03.txt,169.439,0.100,16.944,8,7.375,43.53,0.922,3.422,0.000
23,ec.gp.GPIndividual@1343423723{-573150279},3C_20_66-02.txt,154.245,0.100,15.424,7,11.016,71.42,1.574,4.313,0.000
23,ec.gp.GPIndividual@795642646{459543405},3C_20_50-02.txt,61.404,0.100,6.140,3,0.984,16.03,0.328,0.844,0.000
23,ec.gp.GPIndividual@795642646{459543405},3C_20_66-03.txt,118.340,0.100,11.834,3,0.281,2.38,0.094,0.844,0.000
23,ec.gp.GPIndividual@795642646{459543405},3C_20_80-03.txt,169.439,0.100,16.944,9,17.078,100.79,1.898,4.063,0.000
24,ec.gp.GPIndividual@1600835537{251892088},3C_20_50-02.txt,61.404,0.100,6.140,1,0.000,0.00,0.000,0.000,0.000
24,ec.gp.GPIndividual@1080809128{390191851},null,0.000,0.100,0.000,0,0.000,0.00,0.000,0.000,0.000
24,ec.gp.GPIndividual@1080809128{390191851},3C_20_50-02.txt,61.404,0.100,6.140,1,0.000,0.00,0.000,0.000,0.000
24,ec.gp.GPIndividual@1080809128{390191851},3C_20_66-02.txt,154.245,0.100,15.424,0,0.000,0.00,0.000,0.000,0.000
24,ec.gp.GPIndividual@1080809128{390191851},3C_20_66-03.txt,118.340,0.100,11.834,0,0.000,0.00,0.000,0.000,0.000
24,ec.gp.GPIndividual@1080809128{390191851},3C_20_80-01.txt,4.194,0.100,0.419,0,0.000,0.00,0.000,0.000,0.000
24,ec.gp.GPIndividual@1080809128{390191851},3C_20_80-02.txt,35.738,0.100,3.574,0,0.000,0.00,0.000,0.000,0.000
24,ec.gp.GPIndividual@1080809128{390191851},3C_20_80-03.txt,169.439,0.100,16.944,0,0.000,0.00,0.000,0.000,0.000
24,ec.gp.GPIndividual@551927402{988205819},3C_20_50-02.txt,61.404,0.100,6.140,1,0.000,0.00,0.000,0.000,0.000
24,ec.gp.GPIndividual@551927402{988205819},3C_20_50-03.txt,30.993,0.100,3.099,1,0.000,0.00,0.000,0.000,0.000
24,ec.gp.GPIndividual@551927402{988205819},3C_20_66-01.txt,7.322,0.100,0.732,1,0.000,0.00,0.000,0.000,0.000
24,ec.gp.GPIndividual@551927402{988205819},3C_20_66-02.txt,154.245,0.100,15.424,1,0.000,0.00,0.000,0.000,0.000
24,ec.gp.GPIndividual@551927402{988205819},3C_20_66-03.txt,118.340,0.100,11.834,1,0.000,0.00,0.000,0.000,0.000
24,ec.gp.GPIndividual@551927402{988205819},3C_20_80-01.txt,4.194,0.100,0.419,1,0.000,0.00,0.000,0.000,0.000
24,ec.gp.GPIndividual@551927402{988205819},3C_20_80-02.txt,35.738,0.100,3.574,1,0.000,0.00,0.000,0.000,0.000
24,ec.gp.GPIndividual@551927402{988205819},3C_20_80-03.txt,169.439,0.100,16.944,1,0.000,0.00,0.000,0.000,0.000
24,ec.gp.GPIndividual@1372861814{1111550536},3C_20_50-02.txt,61.404,0.100,6.140,3,0.750,12.21,0.250,0.375,0.000
24,ec.gp.GPIndividual@1372861814{1111550536},3C_20_50-03.txt,30.993,0.100,3.099,6,2.313,74.61,0.385,0.813,0.000
24,ec.gp.GPIndividual@1372861814{1111550536},3C_20_50-03.txt,30.993,0.100,3.099,12,4.328,139.65,0.361,1.281,0.000
24,ec.gp.GPIndividual@1372861814{1111550536},3C_20_66-01.txt,7.322,0.100,0.732,2,0.172,23.47,0.086,1.281,0.000
24,ec.gp.GPIndividual@1372861814{1111550536},3C_20_50-03.txt,30.993,0.100,3.099,5,2.109,68.06,0.422,1.453,0.000
24,ec.gp.GPIndividual@1372861814{1111550536},3C_20_50-03.txt,30.993,0.100,3.099,2,0.328,10.59,0.164,1.453,0.000
24,ec.gp.GPIndividual@1372861814{1111550536},3C_20_66-02.txt,154.245,0.100,15.424,4,0.922,5.98,0.230,1.453,0.000
24,ec.gp.GPIndividual@1372861814{1111550536},3C_20_50-03.txt,30.993,0.100,3.099,8,3.891,125.53,0.486,1.453,0.000
24,ec.gp.GPIndividual@1372861814{1111550536},3C_20_66-01.txt,7.322,0.100,0.732,3,2.000,273.14,0.667,1.453,0.000
24,ec.gp.GPIndividual@1372861814{1111550536},3C_20_66-01.txt,7.322,0.100,0.732,4,0.266,36.28,0.066,1.453,0.000
24,ec.gp.GPIndividual@1372861814{1111550536},3C_20_50-03.txt,30.993,0.100,3.099,15,4.125,133.10,0.275,1.453,0.000
24,ec.gp.GPIndividual@1372861814{1111550536},3C_20_66-02.txt,154.245,0.100,15.424,2,2.172,14.08,1.086,2.172,0.000
24,ec.gp.GPIndividual@1372861814{1111550536},3C_20_66-03.txt,118.340,0.100,11.834,10,12.750,107.74,1.275,3.906,0.000
24,ec.gp.GPIndividual@1372861814{1111550536},3C_20_66-03.txt,118.340,0.100,11.834,9,14.422,121.87,1.602,4.734,0.000
24,ec.gp.GPIndividual@1372861814{1111550536},3C_20_80-01.txt,4.194,0.100,0.419,2,0.813,193.71,0.406,4.734,0.000
24,ec.gp.GPIndividual@1372861814{1111550536},3C_20_66-02.txt,154.245,0.100,15.424,2,0.313,2.03,0.156,4.734,0.000
24,ec.gp.GPIndividual@1372861814{1111550536},3C_20_80-02.txt,35.738,0.100,3.574,5,2.469,69.08,0.494,4.734,0.000
24,ec.gp.GPIndividual@1372861814{1111550536},3C_20_80-03.txt,169.439,0.100,16.944,10,10.516,62.06,1.052,4.734,0.000
24,ec.gp.GPIndividual@1372861814{1111550536},3C_20_66-01.txt,7.322,0.100,0.732,3,6.219,849.30,2.073,4.781,0.000
24,ec.gp.GPIndividual@1372861814{1111550536},3C_20_66-03.txt,118.340,0.100,11.834,6,12.734,107.61,2.122,5.406,0.000
24,ec.gp.GPIndividual@1372861814{1111550536},3C_20_66-01.txt,7.322,0.100,0.732,2,3.641,497.20,1.820,5.406,0.000
24,ec.gp.GPIndividual@1372861814{1111550536},3C_20_80-01.txt,4.194,0.100,0.419,2,5.906,1408.10,2.953,5.906,0.000
24,ec.gp.GPIndividual@1874488464{-1513362502},3C_20_50-02.txt,61.404,0.100,6.140,7,8.141,132.57,1.163,4.766,0.000
24,ec.gp.GPIndividual@1874488464{-1513362502},3C_20_66-02.txt,154.245,0.100,15.424,8,10.063,65.24,1.258,4.766,0.000
24,ec.gp.GPIndividual@1874488464{-1513362502},3C_20_50-03.txt,30.993,0.100,3.099,7,3.016,97.30,0.431,4.766,0.000
24,ec.gp.GPIndividual@1874488464{-1513362502},3C_20_66-03.txt,118.340,0.100,11.834,3,5.500,46.48,1.833,4.766,0.000
24,ec.gp.GPIndividual@1874488464{-1513362502},3C_20_66-02.txt,154.245,0.100,15.424,2,2.906,18.84,1.453,4.766,0.000
24,ec.gp.GPIndividual@1874488464{-1513362502},3C_20_80-02.txt,35.738,0.100,3.574,2,5.234,146.46,2.617,5.234,0.000
24,ec.gp.GPIndividual@1874488464{-1513362502},3C_20_66-01.txt,7.322,0.100,0.732,2,5.563,759.68,2.781,5.563,0.000
24,ec.gp.GPIndividual@1874488464{-1513362502},3C_20_80-01.txt,4.194,0.100,0.419,3,0.516,122.93,0.172,5.563,0.000
24,ec.gp.GPIndividual@1874488464{-1513362502},3C_20_66-02.txt,154.245,0.100,15.424,10,16.844,109.20,1.684,5.563,0.000
24,ec.gp.GPIndividual@1874488464{-1513362502},3C_20_66-03.txt,118.340,0.100,11.834,2,0.422,3.56,0.211,5.563,0.000
24,ec.gp.GPIndividual@1874488464{-1513362502},3C_20_66-01.txt,7.322,0.100,0.732,2,1.859,253.94,0.930,5.563,0.000
24,ec.gp.GPIndividual@1874488464{-1513362502},3C_20_80-03.txt,169.439,0.100,16.944,14,19.656,116.01,1.404,5.563,0.000
24,ec.gp.GPIndividual@1874488464{-1513362502},3C_20_66-03.txt,118.340,0.100,11.834,5,4.813,40.67,0.963,5.563,0.000
24,ec.gp.GPIndividual@1874488464{-1513362502},3C_20_66-02.txt,154.245,0.100,15.424,6,12.688,82.26,2.115,6.188,0.000
24,ec.gp.GPIndividual@60404723{-363837495},3C_20_50-02.txt,61.404,0.100,6.140,7,6.656,108.40,0.951,3.438,0.000
24,ec.gp.GPIndividual@60404723{-363837495},3C_20_50-03.txt,30.993,0.100,3.099,3,9.656,311.57,3.219,4.828,0.000
24,ec.gp.GPIndividual@60404723{-363837495},3C_20_80-01.txt,4.194,0.100,0.419,2,1.375,327.81,0.688,4.828,0.000
24,ec.gp.GPIndividual@60404723{-363837495},3C_20_66-03.txt,118.340,0.100,11.834,10,7.656,64.70,0.766,4.828,0.000
24,ec.gp.GPIndividual@60404723{-363837495},3C_20_80-02.txt,35.738,0.100,3.574,4,3.672,102.74,0.918,4.828,0.000
24,ec.gp.GPIndividual@60404723{-363837495},3C_20_80-02.txt,35.738,0.100,3.574,5,4.094,114.55,0.819,4.828,0.000
24,ec.gp.GPIndividual@60404723{-363837495},3C_20_80-01.txt,4.194,0.100,0.419,5,3.031,722.67,0.606,4.828,0.000
24,ec.gp.GPIndividual@60404723{-363837495},3C_20_80-03.txt,169.439,0.100,16.944,15,18.016,106.33,1.201,4.828,0.000
24,ec.gp.GPIndividual@60404723{-363837495},3C_20_80-03.txt,169.439,0.100,16.944,1,0.000,0.00,0.000,4.828,0.000
24,ec.gp.GPIndividual@60404723{-363837495},3C_20_80-02.txt,35.738,0.100,3.574,3,2.328,65.14,0.776,4.828,0.000
24,ec.gp.GPIndividual@60404723{-363837495},3C_20_80-01.txt,4.194,0.100,0.419,4,0.516,122.93,0.129,4.828,0.000
24,ec.gp.GPIndividual@60404723{-363837495},3C_20_80-02.txt,35.738,0.100,3.574,3,4.922,137.72,1.641,4.828,0.000
24,ec.gp.GPIndividual@60404723{-363837495},3C_20_80-01.txt,4.194,0.100,0.419,5,4.750,1132.44,0.950,4.828,0.000
24,ec.gp.GPIndividual@60404723{-363837495},3C_20_66-01.txt,7.322,0.100,0.732,5,1.000,136.57,0.200,4.828,0.000
24,ec.gp.GPIndividual@60404723{-363837495},3C_20_80-02.txt,35.738,0.100,3.574,5,8.453,236.53,1.691,5.906,0.000
24,ec.gp.GPIndividual@920964491{2002490784},3C_20_50-02.txt,61.404,0.100,6.140,8,4.953,80.66,0.619,1.547,0.000
24,ec.gp.GPIndividual@920964491{2002490784},3C_20_80-03.txt,169.439,0.100,16.944,16,16.859,99.50,1.054,5.391,0.000
24,ec.gp.GPIndividual@920964491{2002490784},3C_20_80-03.txt,169.439,0.100,16.944,2,1.219,7.19,0.609,5.391,0.000
24,ec.gp.GPIndividual@920964491{2002490784},3C_20_66-02.txt,154.245,0.100,15.424,2,2.328,15.09,1.164,5.391,0.000
24,ec.gp.GPIndividual@920964491{2002490784},3C_20_50-03.txt,30.993,0.100,3.099,7,1.875,60.50,0.268,5.391,0.000
24,ec.gp.GPIndividual@920964491{2002490784},3C_20_80-03.txt,169.439,0.100,16.944,4,3.875,22.87,0.969,5.391,0.000
24,ec.gp.GPIndividual@604904353{1680710920},3C_20_50-02.txt,61.404,0.100,6.140,4,7.938,129.27,1.984,6.063,0.000
24,ec.gp.GPIndividual@116920589{-1914705095},3C_20_50-02.txt,61.404,0.100,6.140,6,6.438,104.84,1.073,2.406,0.000
24,ec.gp.GPIndividual@116920589{-1914705095},3C_20_50-03.txt,30.993,0.100,3.099,5,3.281,105.87,0.656,2.406,0.000
24,ec.gp.GPIndividual@116920589{-1914705095},3C_20_50-03.txt,30.993,0.100,3.099,9,3.109,100.33,0.345,2.406,0.000
24,ec.gp.GPIndividual@116920589{-1914705095},3C_20_66-01.txt,7.322,0.100,0.732,2,0.688,93.89,0.344,2.406,0.000
24,ec.gp.GPIndividual@116920589{-1914705095},3C_20_66-03.txt,118.340,0.100,11.834,10,16.781,141.81,1.678,5.891,0.000
24,ec.gp.GPIndividual@85514066{-1128159207},3C_20_50-02.txt,61.404,0.100,6.140,8,4.078,66.41,0.510,2.078,0.000
24,ec.gp.GPIndividual@85514066{-1128159207},3C_20_66-02.txt,154.245,0.100,15.424,3,2.563,16.61,0.854,2.563,0.000
24,ec.gp.GPIndividual@430462971{1266050509},3C_20_50-02.txt,61.404,0.100,6.140,11,6.250,101.78,0.568,2.094,0.000
24,ec.gp.GPIndividual@430462971{1266050509},3C_20_66-01.txt,7.322,0.100,0.732,2,1.609,219.79,0.805,2.094,0.000
24,ec.gp.GPIndividual@430462971{1266050509},3C_20_50-03.txt,30.993,0.100,3.099,3,7.297,235.44,2.432,4.844,0.000
24,ec.gp.GPIndividual@430462971{1266050509},3C_20_66-03.txt,118.340,0.100,11.834,9,7.984,67.47,0.887,4.844,0.000
24,ec.gp.GPIndividual@430462971{1266050509},3C_20_50-03.txt,30.993,0.100,3.099,4,2.375,76.63,0.594,4.844,0.000
24,ec.gp.GPIndividual@430462971{1266050509},3C_20_66-02.txt,154.245,0.100,15.424,10,17.516,113.56,1.752,4.844,0.000
24,ec.gp.GPIndividual@430462971{1266050509},3C_20_80-01.txt,4.194,0.100,0.419,4,0.531,126.65,0.133,4.844,0.000
24,ec.gp.GPIndividual@430462971{1266050509},3C_20_80-02.txt,35.738,0.100,3.574,2,1.219,34.10,0.609,4.844,0.000
24,ec.gp.GPIndividual@430462971{1266050509},3C_20_80-01.txt,4.194,0.100,0.419,2,2.188,521.52,1.094,4.844,0.000
24,ec.gp.GPIndividual@430462971{1266050509},3C_20_66-03.txt,118.340,0.100,11.834,9,14.375,121.47,1.597,4.844,0.000
24,ec.gp.GPIndividual@430462971{1266050509},3C_20_66-01.txt,7.322,0.100,0.732,3,1.109,151.51,0.370,4.844,0.000
24,ec.gp.GPIndividual@430462971{1266050509},3C_20_66-01.txt,7.322,0.100,0.732,5,1.953,266.74,0.391,4.844,0.000
24,ec.gp.GPIndividual@430462971{1266050509},3C_20_80-02.txt,35.738,0.100,3.574,8,3.188,89.19,0.398,4.844,0.000
24,ec.gp.GPIndividual@430462971{1266050509},3C_20_80-03.txt,169.439,0.100,16.944,16,18.125,106.97,1.133,4.844,0.000
24,ec.gp.GPIndividual@430462971{1266050509},3C_20_66-02.txt,154.245,0.100,15.424,2,0.156,1.01,0.078,4.844,0.000
24,ec.gp.GPIndividual@430462971{1266050509},3C_20_80-03.txt,169.439,0.100,16.944,2,1.016,5.99,0.508,4.844,0.000
24,ec.gp.GPIndividual@430462971{1266050509},3C_20_66-02.txt,154.245,0.100,15.424,7,15.563,100.89,2.223,6.031,0.000
24,ec.gp.GPIndividual@266508873{-1669258324},3C_20_50-02.txt,61.404,0.100,6.140,3,2.844,46.31,0.948,2.344,0.000
24,ec.gp.GPIndividual@266508873{-1669258324},3C_20_50-03.txt,30.993,0.100,3.099,3,4.938,159.31,1.646,3.547,0.000
24,ec.gp.GPIndividual@266508873{-1669258324},3C_20_66-01.txt,7.322,0.100,0.732,3,0.859,117.37,0.286,3.547,0.000
24,ec.gp.GPIndividual@266508873{-1669258324},3C_20_66-03.txt,118.340,0.100,11.834,4,3.047,25.75,0.762,3.547,0.000
24,ec.gp.GPIndividual@266508873{-1669258324},3C_20_66-01.txt,7.322,0.100,0.732,3,1.375,187.79,0.458,3.547,0.000
24,ec.gp.GPIndividual@266508873{-1669258324},3C_20_66-02.txt,154.245,0.100,15.424,5,12.266,79.52,2.453,5.750,0.000
24,ec.gp.GPIndividual@266508873{-1669258324},3C_20_66-02.txt,154.245,0.100,15.424,4,3.391,21.98,0.848,5.750,0.000
24,ec.gp.GPIndividual@1357925731{383246182},3C_20_50-02.txt,61.404,0.100,6.140,4,5.250,85.50,1.313,2.500,0.000
24,ec.gp.GPIndividual@1357925731{383246182},3C_20_66-03.txt,118.340,0.100,11.834,7,13.328,112.63,1.904,4.828,0.000
24,ec.gp.GPIndividual@1357925731{383246182},3C_20_80-01.txt,4.194,0.100,0.419,6,2.063,491.72,0.344,4.828,0.000
24,ec.gp.GPIndividual@1357925731{383246182},3C_20_66-03.txt,118.340,0.100,11.834,4,1.188,10.03,0.297,4.828,0.000
24,ec.gp.GPIndividual@1357925731{383246182},3C_20_50-03.txt,30.993,0.100,3.099,5,2.203,71.09,0.441,4.828,0.000
24,ec.gp.GPIndividual@1357925731{383246182},3C_20_66-03.txt,118.340,0.100,11.834,7,11.297,95.46,1.614,4.891,0.000
24,ec.gp.GPIndividual@1357925731{383246182},3C_20_80-01.txt,4.194,0.100,0.419,3,1.188,283.11,0.396,4.891,0.000
24,ec.gp.GPIndividual@1357925731{383246182},3C_20_80-02.txt,35.738,0.100,3.574,1,0.000,0.00,0.000,4.891,0.000
24,ec.gp.GPIndividual@1357925731{383246182},3C_20_80-02.txt,35.738,0.100,3.574,7,8.156,228.22,1.165,4.891,0.000
24,ec.gp.GPIndividual@1357925731{383246182},3C_20_66-01.txt,7.322,0.100,0.732,2,3.984,544.15,1.992,4.891,0.000
24,ec.gp.GPIndividual@1357925731{383246182},3C_20_80-01.txt,4.194,0.100,0.419,6,0.750,178.81,0.125,4.891,0.000
24,ec.gp.GPIndividual@1357925731{383246182},3C_20_66-02.txt,154.245,0.100,15.424,4,3.281,21.27,0.820,4.891,0.000
24,ec.gp.GPIndividual@1357925731{383246182},3C_20_80-03.txt,169.439,0.100,16.944,9,18.047,106.51,2.005,4.891,0.000
24,ec.gp.GPIndividual@1357925731{383246182},3C_20_66-03.txt,118.340,0.100,11.834,11,15.531,131.24,1.412,6.016,0.000
24,ec.gp.GPIndividual@786961660{-572720400},3C_20_50-02.txt,61.404,0.100,6.140,3,1.078,17.56,0.359,1.078,0.000
24,ec.gp.GPIndividual@786961660{-572720400},3C_20_80-03.txt,169.439,0.100,16.944,5,1.719,10.14,0.344,1.234,0.000
24,ec.gp.GPIndividual@786961660{-572720400},3C_20_50-03.txt,30.993,0.100,3.099,2,1.266,40.84,0.633,1.266,0.000
24,ec.gp.GPIndividual@786961660{-572720400},3C_20_66-01.txt,7.322,0.100,0.732,2,3.359,458.79,1.680,3.359,0.000
24,ec.gp.GPIndividual@786961660{-572720400},3C_20_80-02.txt,35.738,0.100,3.574,2,0.313,8.74,0.156,3.359,0.000
24,ec.gp.GPIndividual@786961660{-572720400},3C_20_66-02.txt,154.245,0.100,15.424,5,9.547,61.89,1.909,4.859,0.000
24,ec.gp.GPIndividual@786961660{-572720400},3C_20_80-01.txt,4.194,0.100,0.419,3,0.484,115.48,0.161,4.859,0.000
24,ec.gp.GPIndividual@786961660{-572720400},3C_20_80-02.txt,35.738,0.100,3.574,6,6.250,174.88,1.042,4.859,0.000
24,ec.gp.GPIndividual@786961660{-572720400},3C_20_66-03.txt,118.340,0.100,11.834,7,12.703,107.34,1.815,6.094,0.000
24,ec.gp.GPIndividual@1064180343{-1612240534},3C_20_50-02.txt,61.404,0.100,6.140,4,6.656,108.40,1.664,4.375,0.000
24,ec.gp.GPIndividual@1064180343{-1612240534},3C_20_80-03.txt,169.439,0.100,16.944,2,0.500,2.95,0.250,4.375,0.000
24,ec.gp.GPIndividual@1064180343{-1612240534},3C_20_50-03.txt,30.993,0.100,3.099,5,3.656,117.97,0.731,4.375,0.000
24,ec.gp.GPIndividual@1064180343{-1612240534},3C_20_80-01.txt,4.194,0.100,0.419,3,1.844,439.57,0.615,4.375,0.000
24,ec.gp.GPIndividual@1064180343{-1612240534},3C_20_80-03.txt,169.439,0.100,16.944,4,1.484,8.76,0.371,4.375,0.000
24,ec.gp.GPIndividual@1064180343{-1612240534},3C_20_66-01.txt,7.322,0.100,0.732,2,0.359,49.08,0.180,4.375,0.000
24,ec.gp.GPIndividual@1064180343{-1612240534},3C_20_66-02.txt,154.245,0.100,15.424,6,7.063,45.79,1.177,4.844,0.000
24,ec.gp.GPIndividual@1064180343{-1612240534},3C_20_80-01.txt,4.194,0.100,0.419,2,0.172,40.98,0.086,4.844,0.000
24,ec.gp.GPIndividual@1064180343{-1612240534},3C_20_80-02.txt,35.738,0.100,3.574,3,3.984,111.49,1.328,4.844,0.000
24,ec.gp.GPIndividual@1064180343{-1612240534},3C_20_66-03.txt,118.340,0.100,11.834,2,1.453,12.28,0.727,4.844,0.000
24,ec.gp.GPIndividual@1064180343{-1612240534},3C_20_80-03.txt,169.439,0.100,16.944,6,18.234,107.62,3.039,5.922,0.000
24,ec.gp.GPIndividual@294157904{1231426039},3C_20_50-02.txt,61.404,0.100,6.140,1,0.531,8.65,0.531,0.531,0.531
24,ec.gp.GPIndividual@294157904{1231426039},3C_20_50-03.txt,30.993,0.100,3.099,3,3.250,104.86,1.083,1.984,0.000
24,ec.gp.GPIndividual@294157904{1231426039},3C_20_66-01.txt,7.322,0.100,0.732,3,0.516,70.42,0.172,1.984,0.000
24,ec.gp.GPIndividual@294157904{1231426039},3C_20_80-01.txt,4.194,0.100,0.419,2,0.313,74.50,0.156,1.984,0.000
24,ec.gp.GPIndividual@294157904{1231426039},3C_20_66-02.txt,154.245,0.100,15.424,1,4.859,31.50,4.859,4.859,0.000
24,ec.gp.GPIndividual@294157904{1231426039},3C_20_80-01.txt,4.194,0.100,0.419,4,0.719,171.36,0.180,4.859,0.000
24,ec.gp.GPIndividual@294157904{1231426039},3C_20_80-02.txt,35.738,0.100,3.574,2,3.719,104.06,1.859,4.859,0.000
24,ec.gp.GPIndividual@294157904{1231426039},3C_20_80-02.txt,35.738,0.100,3.574,2,5.656,158.27,2.828,5.656,0.000
24,ec.gp.GPIndividual@807946527{-1469636916},3C_20_50-02.txt,61.404,0.100,6.140,4,4.234,68.96,1.059,4.234,0.000
24,ec.gp.GPIndividual@1608686527{1044012321},3C_20_50-02.txt,61.404,0.100,6.140,1,0.328,5.34,0.328,0.328,0.328
24,ec.gp.GPIndividual@1608686527{1044012321},3C_20_50-03.txt,30.993,0.100,3.099,3,3.078,99.32,1.026,1.453,0.328
24,ec.gp.GPIndividual@1608686527{1044012321},3C_20_80-03.txt,169.439,0.100,16.944,3,0.656,3.87,0.219,1.453,0.000
24,ec.gp.GPIndividual@1608686527{1044012321},3C_20_80-02.txt,35.738,0.100,3.574,3,3.703,103.62,1.234,2.250,0.000
24,ec.gp.GPIndividual@1608686527{1044012321},3C_20_66-03.txt,118.340,0.100,11.834,1,1.313,11.09,1.313,2.250,0.000
24,ec.gp.GPIndividual@1608686527{1044012321},3C_20_66-01.txt,7.322,0.100,0.732,1,1.156,157.91,1.156,2.250,0.000
24,ec.gp.GPIndividual@1608686527{1044012321},3C_20_50-03.txt,30.993,0.100,3.099,2,0.313,10.08,0.156,2.250,0.000
24,ec.gp.GPIndividual@1608686527{1044012321},3C_20_66-02.txt,154.245,0.100,15.424,6,7.984,51.76,1.331,2.328,0.000
24,ec.gp.GPIndividual@1608686527{1044012321},3C_20_66-03.txt,118.340,0.100,11.834,5,15.578,131.64,3.116,5.969,0.000
24,ec.gp.GPIndividual@1534393198{1629971380},3C_20_50-02.txt,61.404,0.100,6.140,5,5.813,94.66,1.163,4.281,0.000
24,ec.gp.GPIndividual@1534393198{1629971380},3C_20_50-03.txt,30.993,0.100,3.099,8,3.250,104.86,0.406,4.281,0.000
24,ec.gp.GPIndividual@1534393198{1629971380},3C_20_80-03.txt,169.439,0.100,16.944,2,1.391,8.21,0.695,4.281,0.000
24,ec.gp.GPIndividual@1534393198{1629971380},3C_20_66-01.txt,7.322,0.100,0.732,2,3.469,473.73,1.734,4.281,0.000
24,ec.gp.GPIndividual@1534393198{1629971380},3C_20_80-03.txt,169.439,0.100,16.944,2,0.344,2.03,0.172,4.281,0.000
24,ec.gp.GPIndividual@1534393198{1629971380},3C_20_66-02.txt,154.245,0.100,15.424,2,4.875,31.61,2.438,4.875,0.000
24,ec.gp.GPIndividual@1534393198{1629971380},3C_20_80-01.txt,4.194,0.100,0.419,1,2.047,487.99,2.047,4.875,0.000
24,ec.gp.GPIndividual@1534393198{1629971380},3C_20_80-01.txt,4.194,0.100,0.419,1,0.281,67.05,0.281,4.875,0.000
24,ec.gp.GPIndividual@1534393198{1629971380},3C_20_80-02.txt,35.738,0.100,3.574,1,0.172,4.81,0.172,4.875,0.000
24,ec.gp.GPIndividual@1534393198{1629971380},3C_20_80-02.txt,35.738,0.100,3.574,1,1.469,41.10,1.469,4.875,0.000
24,ec.gp.GPIndividual@1534393198{1629971380},3C_20_80-03.txt,169.439,0.100,16.944,1,1.469,8.67,1.469,4.875,0.000
24,ec.gp.GPIndividual@1534393198{1629971380},3C_20_80-03.txt,169.439,0.100,16.944,1,2.422,14.29,2.422,4.875,0.000
24,ec.gp.GPIndividual@1534393198{1629971380},3C_20_66-03.txt,118.340,0.100,11.834,4,11.969,101.14,2.992,6.250,0.000
24,ec.gp.GPIndividual@1300696831{-727755440},3C_20_50-02.txt,61.404,0.100,6.140,3,7.266,118.32,2.422,6.922,0.000
24,ec.gp.GPIndividual@1300696831{-727755440},3C_20_66-01.txt,7.322,0.100,0.732,9,0.859,117.37,0.095,6.922,0.000
24,ec.gp.GPIndividual@1300696831{-727755440},3C_20_66-02.txt,154.245,0.100,15.424,2,4.844,31.40,2.422,6.922,0.000
24,ec.gp.GPIndividual@1300696831{-727755440},3C_20_80-01.txt,4.194,0.100,0.419,2,0.313,74.50,0.156,6.922,0.000
24,ec.gp.GPIndividual@1300696831{-727755440},3C_20_80-02.txt,35.738,0.100,3.574,3,3.859,107.99,1.286,6.922,0.000
24,ec.gp.GPIndividual@1146081409{127220218},3C_20_50-02.txt,61.404,0.100,6.140,3,6.109,99.49,2.036,6.109,0.000
24,ec.gp.GPIndividual@1383688391{508149307},3C_20_50-02.txt,61.404,0.100,6.140,3,6.578,107.13,2.193,6.109,0.000
24,ec.gp.GPIndividual@1383688391{508149307},3C_20_50-03.txt,30.993,0.100,3.099,4,0.141,4.54,0.035,6.109,0.000
24,ec.gp.GPIndividual@888275792{-20654552},3C_20_50-02.txt,61.404,0.100,6.140,2,0.922,15.01,0.461,0.922,0.000
24,ec.gp.GPIndividual@888275792{-20654552},3C_20_50-03.txt,30.993,0.100,3.099,4,2.344,75.62,0.586,1.578,0.000
24,ec.gp.GPIndividual@888275792{-20654552},3C_20_80-03.txt,169.439,0.100,16.944,3,3.688,21.76,1.229,2.406,0.000
24,ec.gp.GPIndividual@888275792{-20654552},3C_20_66-01.txt,7.322,0.100,0.732,3,1.156,157.91,0.385,2.406,0.000
24,ec.gp.GPIndividual@888275792{-20654552},3C_20_50-03.txt,30.993,0.100,3.099,2,0.328,10.59,0.164,2.406,0.000
24,ec.gp.GPIndividual@888275792{-20654552},3C_20_66-02.txt,154.245,0.100,15.424,11,10.766,69.80,0.979,2.484,0.000
24,ec.gp.GPIndividual@888275792{-20654552},3C_20_66-03.txt,118.340,0.100,11.834,7,14.406,121.74,2.058,4.484,0.000
24,ec.gp.GPIndividual@888275792{-20654552},3C_20_66-03.txt,118.340,0.100,11.834,3,7.547,63.77,2.516,6.188,0.000
24,ec.gp.GPIndividual@888275792{-20654552},3C_20_50-03.txt,30.993,0.100,3.099,2,2.422,78.14,1.211,6.188,0.000
24,ec.gp.GPIndividual@888275792{-20654552},3C_20_66-01.txt,7.322,0.100,0.732,3,5.109,697.79,1.703,6.188,0.000
24,ec.gp.GPIndividual@888275792{-20654552},3C_20_80-01.txt,4.194,0.100,0.419,3,1.250,298.01,0.417,6.188,0.000
24,ec.gp.GPIndividual@888275792{-20654552},3C_20_66-01.txt,7.322,0.100,0.732,2,0.297,40.54,0.148,6.188,0.000
24,ec.gp.GPIndividual@888275792{-20654552},3C_20_80-02.txt,35.738,0.100,3.574,8,2.938,82.20,0.367,6.188,0.000
24,ec.gp.GPIndividual@1099592050{-2092860717},3C_20_50-02.txt,61.404,0.100,6.140,5,4.109,66.92,0.822,1.531,0.000
24,ec.gp.GPIndividual@1099592050{-2092860717},3C_20_80-03.txt,169.439,0.100,16.944,8,14.391,84.93,1.799,4.844,0.000
24,ec.gp.GPIndividual@1099592050{-2092860717},3C_20_66-02.txt,154.245,0.100,15.424,2,1.500,9.72,0.750,4.844,0.000
24,ec.gp.GPIndividual@1099592050{-2092860717},3C_20_66-02.txt,154.245,0.100,15.424,10,20.047,129.97,2.005,5.438,0.000
24,ec.gp.GPIndividual@1297255326{509656167},3C_20_50-02.txt,61.404,0.100,6.140,4,0.328,5.34,0.082,0.328,0.000
24,ec.gp.GPIndividual@1297255326{509656167},3C_20_66-01.txt,7.322,0.100,0.732,4,1.047,142.97,0.262,0.516,0.000
24,ec.gp.GPIndividual@1297255326{509656167},3C_20_50-03.txt,30.993,0.100,3.099,3,4.016,129.57,1.339,2.656,0.000
24,ec.gp.GPIndividual@1297255326{509656167},3C_20_50-03.txt,30.993,0.100,3.099,5,2.859,92.26,0.572,2.656,0.000
24,ec.gp.GPIndividual@1297255326{509656167},3C_20_66-03.txt,118.340,0.100,11.834,4,1.688,14.26,0.422,2.656,0.000
24,ec.gp.GPIndividual@1297255326{509656167},3C_20_66-03.txt,118.340,0.100,11.834,8,11.844,100.08,1.480,5.078,0.000
24,ec.gp.GPIndividual@1297255326{509656167},3C_20_66-02.txt,154.245,0.100,15.424,10,15.859,102.82,1.586,5.078,0.000
24,ec.gp.GPIndividual@1297255326{509656167},3C_20_66-03.txt,118.340,0.100,11.834,6,8.422,71.17,1.404,5.078,0.000
24,ec.gp.GPIndividual@1297255326{509656167},3C_20_66-01.txt,7.322,0.100,0.732,4,0.688,93.89,0.172,5.078,0.000
24,ec.gp.GPIndividual@1297255326{509656167},3C_20_66-02.txt,154.245,0.100,15.424,10,15.906,103.12,1.591,6.094,0.000
24,ec.gp.GPIndividual@1297255326{509656167},3C_20_80-01.txt,4.194,0.100,0.419,6,0.516,122.93,0.086,6.094,0.000
24,ec.gp.GPIndividual@1297255326{509656167},3C_20_80-02.txt,35.738,0.100,3.574,2,4.781,133.79,2.391,6.094,0.000
24,ec.gp.GPIndividual@1297255326{509656167},3C_20_80-01.txt,4.194,0.100,0.419,6,2.578,614.65,0.430,6.094,0.000
24,ec.gp.GPIndividual@1297255326{509656167},3C_20_66-03.txt,118.340,0.100,11.834,13,14.484,122.40,1.114,6.094,0.000
24,ec.gp.GPIndividual@1297255326{509656167},3C_20_80-01.txt,4.194,0.100,0.419,2,1.813,432.11,0.906,6.094,0.000
24,ec.gp.GPIndividual@1297255326{509656167},3C_20_80-02.txt,35.738,0.100,3.574,8,3.938,110.18,0.492,6.094,0.000
24,ec.gp.GPIndividual@1297255326{509656167},3C_20_80-02.txt,35.738,0.100,3.574,8,3.938,110.18,0.492,6.094,0.000
24,ec.gp.GPIndividual@1297255326{509656167},3C_20_80-01.txt,4.194,0.100,0.419,5,0.969,230.96,0.194,6.094,0.000
24,ec.gp.GPIndividual@1297255326{509656167},3C_20_80-03.txt,169.439,0.100,16.944,17,16.797,99.13,0.988,6.094,0.000
24,ec.gp.GPIndividual@1297255326{509656167},3C_20_80-03.txt,169.439,0.100,16.944,12,16.797,99.13,1.400,6.094,0.000
24,ec.gp.GPIndividual@373209173{816348571},3C_20_50-02.txt,61.404,0.100,6.140,4,3.656,59.54,0.914,2.938,0.000
24,ec.gp.GPIndividual@217639107{2091246358},3C_20_50-02.txt,61.404,0.100,6.140,3,2.375,38.68,0.792,1.094,0.219
24,ec.gp.GPIndividual@217639107{2091246358},3C_20_50-03.txt,30.993,0.100,3.099,1,2.281,73.61,2.281,2.281,0.219
24,ec.gp.GPIndividual@217639107{2091246358},3C_20_80-03.txt,169.439,0.100,16.944,5,2.125,12.54,0.425,2.281,0.000
24,ec.gp.GPIndividual@217639107{2091246358},3C_20_50-03.txt,30.993,0.100,3.099,1,3.609,116.46,3.609,3.609,0.000
24,ec.gp.GPIndividual@217639107{2091246358},3C_20_80-01.txt,4.194,0.100,0.419,6,1.766,420.94,0.294,3.609,0.000
24,ec.gp.GPIndividual@217639107{2091246358},3C_20_66-01.txt,7.322,0.100,0.732,5,0.734,100.29,0.147,3.609,0.000
24,ec.gp.GPIndividual@217639107{2091246358},3C_20_80-02.txt,35.738,0.100,3.574,3,1.484,41.53,0.495,3.609,0.000
24,ec.gp.GPIndividual@217639107{2091246358},3C_20_66-02.txt,154.245,0.100,15.424,7,8.828,57.23,1.261,3.609,0.000
24,ec.gp.GPIndividual@217639107{2091246358},3C_20_66-03.txt,118.340,0.100,11.834,5,12.313,104.04,2.463,4.094,0.000
24,ec.gp.GPIndividual@217639107{2091246358},3C_20_80-01.txt,4.194,0.100,0.419,3,1.656,394.86,0.552,4.094,0.000
24,ec.gp.GPIndividual@60469228{191126599},3C_20_50-02.txt,61.404,0.100,6.140,1,0.000,0.00,0.000,0.000,0.000
24,ec.gp.GPIndividual@60469228{191126599},3C_20_80-02.txt,35.738,0.100,3.574,3,3.453,96.62,1.151,3.344,0.000
24,ec.gp.GPIndividual@60469228{191126599},3C_20_66-01.txt,7.322,0.100,0.732,7,0.609,83.22,0.087,3.344,0.000
24,ec.gp.GPIndividual@60469228{191126599},3C_20_50-03.txt,30.993,0.100,3.099,2,0.328,10.59,0.164,3.344,0.000
24,ec.gp.GPIndividual@60469228{191126599},3C_20_66-02.txt,154.245,0.100,15.424,2,2.922,18.94,1.461,3.344,0.000
24,ec.gp.GPIndividual@60469228{191126599},3C_20_80-03.txt,169.439,0.100,16.944,5,4.563,26.93,0.913,3.344,0.000
24,ec.gp.GPIndividual@60469228{191126599},3C_20_80-03.txt,169.439,0.100,16.944,1,0.703,4.15,0.703,3.344,0.000
24,ec.gp.GPIndividual@60469228{191126599},3C_20_66-03.txt,118.340,0.100,11.834,4,13.266,112.10,3.316,3.672,0.000
24,ec.gp.GPIndividual@60469228{191126599},3C_20_80-01.txt,4.194,0.100,0.419,1,0.234,55.88,0.234,3.672,0.000
24,ec.gp.GPIndividual@60469228{191126599},3C_20_80-02.txt,35.738,0.100,3.574,1,0.953,26.67,0.953,3.672,0.000
24,ec.gp.GPIndividual@815450912{-1359365374},3C_20_50-02.txt,61.404,0.100,6.140,7,6.094,99.24,0.871,3.422,0.000
24,ec.gp.GPIndividual@1360163933{602993003},3C_20_50-02.txt,61.404,0.100,6.140,2,0.219,3.56,0.109,0.219,0.000
24,ec.gp.GPIndividual@1360163933{602993003},3C_20_50-03.txt,30.993,0.100,3.099,6,4.109,132.59,0.685,1.563,0.000
24,ec.gp.GPIndividual@1360163933{602993003},3C_20_66-01.txt,7.322,0.100,0.732,2,0.672,91.76,0.336,1.563,0.000
24,ec.gp.GPIndividual@1360163933{602993003},3C_20_80-03.txt,169.439,0.100,16.944,7,0.844,4.98,0.121,1.563,0.000
24,ec.gp.GPIndividual@1360163933{602993003},3C_20_50-03.txt,30.993,0.100,3.099,2,1.313,42.35,0.656,1.563,0.000
24,ec.gp.GPIndividual@1360163933{602993003},3C_20_66-01.txt,7.322,0.100,0.732,3,0.734,100.29,0.245,1.563,0.000
24,ec.gp.GPIndividual@1360163933{602993003},3C_20_66-02.txt,154.245,0.100,15.424,3,0.203,1.32,0.068,1.563,0.000
24,ec.gp.GPIndividual@1360163933{602993003},3C_20_66-02.txt,154.245,0.100,15.424,3,2.781,18.03,0.927,1.563,0.000
24,ec.gp.GPIndividual@1360163933{602993003},3C_20_66-03.txt,118.340,0.100,11.834,10,14.234,120.28,1.423,3.469,0.000
24,ec.gp.GPIndividual@1360163933{602993003},3C_20_80-01.txt,4.194,0.100,0.419,2,0.453,108.03,0.227,3.469,0.000
24,ec.gp.GPIndividual@1360163933{602993003},3C_20_66-01.txt,7.322,0.100,0.732,2,0.813,110.96,0.406,3.469,0.000
24,ec.gp.GPIndividual@1360163933{602993003},3C_20_66-03.txt,118.340,0.100,11.834,2,0.188,1.58,0.094,3.469,0.000
24,ec.gp.GPIndividual@1360163933{602993003},3C_20_80-02.txt,35.738,0.100,3.574,2,2.578,72.14,1.289,3.469,0.000
24,ec.gp.GPIndividual@1364423081{1749608934},3C_20_50-02.txt,61.404,0.100,6.140,17,5.406,88.04,0.318,0.891,0.000
24,ec.gp.GPIndividual@1364423081{1749608934},3C_20_50-03.txt,30.993,0.100,3.099,4,0.406,13.11,0.102,0.891,0.000
24,ec.gp.GPIndividual@1364423081{1749608934},3C_20_80-02.txt,35.738,0.100,3.574,10,3.594,100.56,0.359,1.219,0.000
24,ec.gp.GPIndividual@1364423081{1749608934},3C_20_66-01.txt,7.322,0.100,0.732,3,0.266,36.28,0.089,1.219,0.000
24,ec.gp.GPIndividual@1364423081{1749608934},3C_20_80-03.txt,169.439,0.100,16.944,5,1.328,7.84,0.266,1.219,0.000
24,ec.gp.GPIndividual@1364423081{1749608934},3C_20_66-02.txt,154.245,0.100,15.424,10,9.344,60.58,0.934,5.609,0.000
25,ec.gp.GPIndividual@586582139{-648132505},3C_20_50-02.txt,61.404,0.100,6.140,7,2.250,36.64,0.321,0.375,0.000
25,ec.gp.GPIndividual@586582139{-648132505},3C_20_50-03.txt,30.993,0.100,3.099,0,0.000,0.00,0.000,0.375,0.000
25,ec.gp.GPIndividual@586582139{-648132505},3C_20_50-03.txt,30.993,0.100,3.099,3,2.594,83.69,0.865,1.297,0.000
25,ec.gp.GPIndividual@586582139{-648132505},3C_20_66-01.txt,7.322,0.100,0.732,1,0.313,42.68,0.313,1.297,0.000
25,ec.gp.GPIndividual@586582139{-648132505},3C_20_66-02.txt,154.245,0.100,15.424,4,6.563,42.55,1.641,1.734,0.000
25,ec.gp.GPIndividual@586582139{-648132505},3C_20_66-01.txt,7.322,0.100,0.732,2,0.344,46.95,0.172,1.734,0.000
25,ec.gp.GPIndividual@586582139{-648132505},3C_20_66-02.txt,154.245,0.100,15.424,2,2.172,14.08,1.086,2.172,0.000
25,ec.gp.GPIndividual@586582139{-648132505},3C_20_66-03.txt,118.340,0.100,11.834,5,10.234,86.48,2.047,2.344,0.000
25,ec.gp.GPIndividual@586582139{-648132505},3C_20_50-03.txt,30.993,0.100,3.099,2,2.469,79.66,1.234,2.469,0.000
25,ec.gp.GPIndividual@586582139{-648132505},3C_20_66-03.txt,118.340,0.100,11.834,2,2.109,17.82,1.055,2.469,0.000
25,ec.gp.GPIndividual@586582139{-648132505},3C_20_50-03.txt,30.993,0.100,3.099,3,4.391,141.67,1.464,2.984,0.000
25,ec.gp.GPIndividual@586582139{-648132505},3C_20_50-03.txt,30.993,0.100,3.099,4,3.141,101.33,0.785,2.984,0.000
25,ec.gp.GPIndividual@586582139{-648132505},3C_20_50-03.txt,30.993,0.100,3.099,9,3.266,105.37,0.363,2.984,0.000
25,ec.gp.GPIndividual@586582139{-648132505},3C_20_66-01.txt,7.322,0.100,0.732,4,1.984,271.01,0.496,2.984,0.000
25,ec.gp.GPIndividual@586582139{-648132505},3C_20_66-01.txt,7.322,0.100,0.732,2,1.344,183.52,0.672,2.984,0.000
25,ec.gp.GPIndividual@586582139{-648132505},3C_20_66-01.txt,7.322,0.100,0.732,2,4.750,648.71,2.375,4.750,0.000
25,ec.gp.GPIndividual@586582139{-648132505},3C_20_80-01.txt,4.194,0.100,0.419,4,0.813,193.71,0.203,4.750,0.000
25,ec.gp.GPIndividual@586582139{-648132505},3C_20_66-02.txt,154.245,0.100,15.424,2,0.250,1.62,0.125,4.750,0.000
25,ec.gp.GPIndividual@586582139{-648132505},3C_20_80-02.txt,35.738,0.100,3.574,0,0.000,0.00,0.000,4.750,0.000
25,ec.gp.GPIndividual@586582139{-648132505},3C_20_66-01.txt,7.322,0.100,0.732,10,1.156,157.91,0.116,4.750,0.000
25,ec.gp.GPIndividual@586582139{-648132505},3C_20_66-02.txt,154.245,0.100,15.424,2,0.891,5.77,0.445,4.750,0.000
25,ec.gp.GPIndividual@586582139{-648132505},3C_20_66-02.txt,154.245,0.100,15.424,3,1.594,10.33,0.531,4.750,0.000
25,ec.gp.GPIndividual@586582139{-648132505},3C_20_80-03.txt,169.439,0.100,16.944,2,7.000,41.31,3.500,4.813,0.000
25,ec.gp.GPIndividual@586582139{-648132505},3C_20_80-01.txt,4.194,0.100,0.419,3,2.484,592.30,0.828,4.813,0.000
25,ec.gp.GPIndividual@586582139{-648132505},3C_20_66-03.txt,118.340,0.100,11.834,3,3.266,27.60,1.089,4.813,0.000
25,ec.gp.GPIndividual@586582139{-648132505},3C_20_80-02.txt,35.738,0.100,3.574,6,4.609,128.98,0.768,4.813,0.000
25,ec.gp.GPIndividual@586582139{-648132505},3C_20_66-03.txt,118.340,0.100,11.834,3,1.031,8.71,0.344,4.813,0.000
25,ec.gp.GPIndividual@586582139{-648132505},3C_20_80-03.txt,169.439,0.100,16.944,4,10.906,64.37,2.727,5.859,0.000
25,ec.gp.GPIndividual@125288834{266831021},3C_20_50-02.txt,61.404,0.100,6.140,1,0.000,0.00,0.000,0.000,0.000
25,ec.gp.GPIndividual@125288834{266831021},3C_20_66-02.txt,154.245,0.100,15.424,9,18.313,118.72,2.035,4.906,0.000
25,ec.gp.GPIndividual@125288834{266831021},3C_20_66-03.txt,118.340,0.100,11.834,2,2.438,20.60,1.219,4.906,0.000
25,ec.gp.GPIndividual@125288834{266831021},3C_20_80-01.txt,4.194,0.100,0.419,6,7.125,1698.66,1.188,4.906,0.000
25,ec.gp.GPIndividual@125288834{266831021},3C_20_66-03.txt,118.340,0.100,11.834,2,5.688,48.06,2.844,5.688,0.000
25,ec.gp.GPIndividual@846532683{-76666574},3C_20_50-02.txt,61.404,0.100,6.140,0,0.000,0.00,0.000,0.000,0.000
25,ec.gp.GPIndividual@846532683{-76666574},3C_20_80-02.txt,35.738,0.100,3.574,11,4.531,126.79,0.412,1.594,0.000
25,ec.gp.GPIndividual@846532683{-76666574},3C_20_50-03.txt,30.993,0.100,3.099,1,3.875,125.03,3.875,3.875,0.000
25,ec.gp.GPIndividual@846532683{-76666574},3C_20_50-03.txt,30.993,0.100,3.099,3,8.375,270.23,2.792,4.844,0.000
25,ec.gp.GPIndividual@846532683{-76666574},3C_20_80-01.txt,4.194,0.100,0.419,1,0.000,0.00,0.000,4.844,0.000
25,ec.gp.GPIndividual@846532683{-76666574},3C_20_80-03.txt,169.439,0.100,16.944,13,18.359,108.35,1.412,4.859,0.000
25,ec.gp.GPIndividual@846532683{-76666574},3C_20_80-01.txt,4.194,0.100,0.419,2,1.031,245.86,0.516,4.859,0.000
25,ec.gp.GPIndividual@846532683{-76666574},3C_20_80-01.txt,4.194,0.100,0.419,2,4.484,1069.11,2.242,4.859,0.000
25,ec.gp.GPIndividual@846532683{-76666574},3C_20_66-01.txt,7.322,0.100,0.732,2,4.500,614.57,2.250,4.859,0.000
25,ec.gp.GPIndividual@846532683{-76666574},3C_20_66-01.txt,7.322,0.100,0.732,5,3.422,467.33,0.684,4.859,0.000
25,ec.gp.GPIndividual@846532683{-76666574},3C_20_80-02.txt,35.738,0.100,3.574,8,6.703,187.56,0.838,5.906,0.000
25,ec.gp.GPIndividual@1647527571{-1939819021},3C_20_50-02.txt,61.404,0.100,6.140,7,6.250,101.78,0.893,1.563,0.000
25,ec.gp.GPIndividual@1647527571{-1939819021},3C_20_80-03.txt,169.439,0.100,16.944,3,0.672,3.97,0.224,1.563,0.000
25,ec.gp.GPIndividual@1647527571{-1939819021},3C_20_80-02.txt,35.738,0.100,3.574,5,4.125,115.42,0.825,1.563,0.000
25,ec.gp.GPIndividual@1647527571{-1939819021},3C_20_66-02.txt,154.245,0.100,15.424,2,1.531,9.93,0.766,1.563,0.000
25,ec.gp.GPIndividual@1647527571{-1939819021},3C_20_80-02.txt,35.738,0.100,3.574,2,0.484,13.55,0.242,1.563,0.000
25,ec.gp.GPIndividual@1647527571{-1939819021},3C_20_50-03.txt,30.993,0.100,3.099,3,2.703,87.22,0.901,1.563,0.000
25,ec.gp.GPIndividual@1647527571{-1939819021},3C_20_66-02.txt,154.245,0.100,15.424,14,16.172,104.85,1.155,2.500,0.000
25,ec.gp.GPIndividual@1647527571{-1939819021},3C_20_66-03.txt,118.340,0.100,11.834,3,0.344,2.90,0.115,2.500,0.000
25,ec.gp.GPIndividual@1647527571{-1939819021},3C_20_80-03.txt,169.439,0.100,16.944,12,16.906,99.78,1.409,6.016,0.000
25,ec.gp.GPIndividual@1647527571{-1939819021},3C_20_66-03.txt,118.340,0.100,11.834,3,1.063,8.98,0.354,6.016,0.000
25,ec.gp.GPIndividual@1647527571{-1939819021},3C_20_80-03.txt,169.439,0.100,16.944,2,1.734,10.24,0.867,6.016,0.000
25,ec.gp.GPIndividual@1647527571{-1939819021},3C_20_66-01.txt,7.322,0.100,0.732,9,4.375,597.50,0.486,6.016,0.000
25,ec.gp.GPIndividual@61459611{-363837495},3C_20_50-02.txt,61.404,0.100,6.140,1,0.000,0.00,0.000,0.000,0.000
25,ec.gp.GPIndividual@61459611{-363837495},3C_20_66-02.txt,154.245,0.100,15.424,11,15.422,99.98,1.402,5.703,0.000
25,ec.gp.GPIndividual@61459611{-363837495},3C_20_66-03.txt,118.340,0.100,11.834,3,5.984,50.57,1.995,5.703,0.000
25,ec.gp.GPIndividual@61459611{-363837495},3C_20_50-03.txt,30.993,0.100,3.099,4,1.938,62.51,0.484,5.703,0.000
25,ec.gp.GPIndividual@2042238033{-1935442128},3C_20_50-02.txt,61.404,0.100,6.140,4,7.875,128.25,1.969,6.125,0.000
25,ec.gp.GPIndividual@2139386294{-1167682118},3C_20_50-02.txt,61.404,0.100,6.140,9,7.234,117.82,0.804,4.078,0.000
25,ec.gp.GPIndividual@2139386294{-1167682118},3C_20_50-03.txt,30.993,0.100,3.099,8,3.953,127.55,0.494,4.078,0.000
25,ec.gp.GPIndividual@2139386294{-1167682118},3C_20_80-01.txt,4.194,0.100,0.419,3,2.328,555.04,0.776,4.078,0.000
25,ec.gp.GPIndividual@2139386294{-1167682118},3C_20_80-02.txt,35.738,0.100,3.574,9,3.516,98.37,0.391,4.078,0.000
25,ec.gp.GPIndividual@2139386294{-1167682118},3C_20_50-03.txt,30.993,0.100,3.099,2,4.766,153.77,2.383,4.766,0.000
25,ec.gp.GPIndividual@2139386294{-1167682118},3C_20_80-01.txt,4.194,0.100,0.419,4,1.453,346.44,0.363,4.766,0.000
25,ec.gp.GPIndividual@2139386294{-1167682118},3C_20_80-01.txt,4.194,0.100,0.419,4,0.594,141.55,0.148,4.766,0.000
25,ec.gp.GPIndividual@2139386294{-1167682118},3C_20_80-02.txt,35.738,0.100,3.574,8,3.578,100.12,0.447,4.766,0.000
25,ec.gp.GPIndividual@2139386294{-1167682118},3C_20_66-01.txt,7.322,0.100,0.732,3,1.703,232.60,0.568,4.766,0.000
25,ec.gp.GPIndividual@2139386294{-1167682118},3C_20_66-01.txt,7.322,0.100,0.732,2,0.891,121.63,0.445,4.766,0.000
25,ec.gp.GPIndividual@2139386294{-1167682118},3C_20_80-03.txt,169.439,0.100,16.944,3,0.656,3.87,0.219,4.766,0.000
25,ec.gp.GPIndividual@2139386294{-1167682118},3C_20_66-02.txt,154.245,0.100,15.424,14,15.781,102.31,1.127,4.766,0.000
25,ec.gp.GPIndividual@2139386294{-1167682118},3C_20_66-02.txt,154.245,0.100,15.424,5,1.531,9.93,0.306,4.766,0.000
25,ec.gp.GPIndividual@2139386294{-1167682118},3C_20_80-03.txt,169.439,0.100,16.944,6,17.922,105.77,2.987,5.891,0.000
25,ec.gp.GPIndividual@2139386294{-1167682118},3C_20_66-03.txt,118.340,0.100,11.834,7,6.031,50.97,0.862,5.891,0.000
25,ec.gp.GPIndividual@2139386294{-1167682118},3C_20_80-02.txt,35.738,0.100,3.574,4,7.391,206.80,1.848,5.891,0.000
25,ec.gp.GPIndividual@2139386294{-1167682118},3C_20_66-01.txt,7.322,0.100,0.732,7,2.578,352.10,0.368,5.891,0.000
25,ec.gp.GPIndividual@2139386294{-1167682118},3C_20_66-03.txt,118.340,0.100,11.834,8,15.563,131.51,1.945,6.000,0.000
25,ec.gp.GPIndividual@2139386294{-1167682118},3C_20_80-01.txt,4.194,0.100,0.419,3,0.688,163.91,0.229,6.000,0.000
25,ec.gp.GPIndividual@1690713126{-1285730550},3C_20_50-02.txt,61.404,0.100,6.140,6,3.109,50.64,0.518,1.328,0.000
25,ec.gp.GPIndividual@1690713126{-1285730550},3C_20_50-03.txt,30.993,0.100,3.099,2,2.469,79.66,1.234,1.328,0.000
25,ec.gp.GPIndividual@1690713126{-1285730550},3C_20_66-01.txt,7.322,0.100,0.732,1,2.422,330.76,2.422,2.422,0.000
25,ec.gp.GPIndividual@1889581638{493066769},3C_20_50-02.txt,61.404,0.100,6.140,2,1.406,22.90,0.703,1.406,0.000
25,ec.gp.GPIndividual@1889581638{493066769},3C_20_66-02.txt,154.245,0.100,15.424,2,0.297,1.92,0.148,1.406,0.000
25,ec.gp.GPIndividual@1889581638{493066769},3C_20_66-02.txt,154.245,0.100,15.424,2,2.109,13.68,1.055,1.688,0.000
25,ec.gp.GPIndividual@1889581638{493066769},3C_20_50-03.txt,30.993,0.100,3.099,4,1.813,58.48,0.453,1.688,0.000
25,ec.gp.GPIndividual@1889581638{493066769},3C_20_80-02.txt,35.738,0.100,3.574,2,1.391,38.91,0.695,1.688,0.000
25,ec.gp.GPIndividual@1889581638{493066769},3C_20_66-01.txt,7.322,0.100,0.732,2,5.250,717.00,2.625,4.891,0.000
25,ec.gp.GPIndividual@1889581638{493066769},3C_20_66-02.txt,154.245,0.100,15.424,0,0.000,0.00,0.000,4.891,0.000
25,ec.gp.GPIndividual@1889581638{493066769},3C_20_80-01.txt,4.194,0.100,0.419,2,2.328,555.04,1.164,4.891,0.000
25,ec.gp.GPIndividual@1889581638{493066769},3C_20_66-03.txt,118.340,0.100,11.834,2,2.188,18.48,1.094,4.891,0.000
25,ec.gp.GPIndividual@1889581638{493066769},3C_20_66-03.txt,118.340,0.100,11.834,7,14.438,122.00,2.063,5.531,0.000
25,ec.gp.GPIndividual@1889581638{493066769},3C_20_80-03.txt,169.439,0.100,16.944,5,3.469,20.47,0.694,5.531,0.000
25,ec.gp.GPIndividual@1889581638{493066769},3C_20_80-02.txt,35.738,0.100,3.574,3,9.500,265.82,3.167,5.531,0.000
25,ec.gp.GPIndividual@1889581638{493066769},3C_20_80-01.txt,4.194,0.100,0.419,1,0.328,78.23,0.328,5.531,0.000
25,ec.gp.GPIndividual@1889581638{493066769},3C_20_80-02.txt,35.738,0.100,3.574,10,5.094,142.53,0.509,5.531,0.000
25,ec.gp.GPIndividual@1889581638{493066769},3C_20_80-03.txt,169.439,0.100,16.944,6,3.594,21.21,0.599,5.531,0.000
25,ec.gp.GPIndividual@1889581638{493066769},3C_20_80-03.txt,169.439,0.100,16.944,7,18.734,110.57,2.676,6.109,0.000
25,ec.gp.GPIndividual@1889581638{493066769},3C_20_80-01.txt,4.194,0.100,0.419,4,2.172,517.79,0.543,6.109,0.000
25,ec.gp.GPIndividual@591116991{-190844094},3C_20_50-02.txt,61.404,0.100,6.140,6,6.656,108.40,1.109,5.875,0.000
25,ec.gp.GPIndividual@287692110{1948675049},3C_20_50-02.txt,61.404,0.100,6.140,0,0.000,0.00,0.000,0.000,0.000
25,ec.gp.GPIndividual@287692110{1948675049},3C_20_50-03.txt,30.993,0.100,3.099,0,0.000,0.00,0.000,0.000,0.000
25,ec.gp.GPIndividual@287692110{1948675049},3C_20_66-01.txt,7.322,0.100,0.732,0,0.000,0.00,0.000,0.000,0.000
25,ec.gp.GPIndividual@287692110{1948675049},3C_20_66-02.txt,154.245,0.100,15.424,0,0.000,0.00,0.000,0.000,0.000
25,ec.gp.GPIndividual@287692110{1948675049},3C_20_66-03.txt,118.340,0.100,11.834,0,0.000,0.00,0.000,0.000,0.000
25,ec.gp.GPIndividual@287692110{1948675049},3C_20_80-01.txt,4.194,0.100,0.419,0,0.000,0.00,0.000,0.000,0.000
25,ec.gp.GPIndividual@287692110{1948675049},3C_20_80-02.txt,35.738,0.100,3.574,0,0.000,0.00,0.000,0.000,0.000
25,ec.gp.GPIndividual@287692110{1948675049},3C_20_80-03.txt,169.439,0.100,16.944,0,0.000,0.00,0.000,0.000,0.000
25,ec.gp.GPIndividual@1672939204{1905423412},3C_20_50-02.txt,61.404,0.100,6.140,4,7.328,119.34,1.832,5.672,0.000
25,ec.gp.GPIndividual@777180974{-509617637},3C_20_50-02.txt,61.404,0.100,6.140,6,9.047,147.33,1.508,4.328,0.000
25,ec.gp.GPIndividual@777180974{-509617637},3C_20_66-03.txt,118.340,0.100,11.834,9,7.438,62.85,0.826,4.328,0.000
25,ec.gp.GPIndividual@777180974{-509617637},3C_20_50-03.txt,30.993,0.100,3.099,4,3.344,107.89,0.836,4.328,0.000
25,ec.gp.GPIndividual@777180974{-509617637},3C_20_80-02.txt,35.738,0.100,3.574,5,4.484,125.48,0.897,4.328,0.000
25,ec.gp.GPIndividual@777180974{-509617637},3C_20_80-03.txt,169.439,0.100,16.944,4,2.484,14.66,0.621,4.328,0.000
25,ec.gp.GPIndividual@777180974{-509617637},3C_20_50-03.txt,30.993,0.100,3.099,9,3.219,103.86,0.358,4.328,0.000
25,ec.gp.GPIndividual@777180974{-509617637},3C_20_66-01.txt,7.322,0.100,0.732,3,2.063,281.68,0.688,4.328,0.000
25,ec.gp.GPIndividual@777180974{-509617637},3C_20_66-01.txt,7.322,0.100,0.732,3,5.047,689.26,1.682,4.750,0.000
25,ec.gp.GPIndividual@777180974{-509617637},3C_20_80-01.txt,4.194,0.100,0.419,4,1.469,350.16,0.367,4.750,0.000
25,ec.gp.GPIndividual@777180974{-509617637},3C_20_80-03.txt,169.439,0.100,16.944,9,4.594,27.11,0.510,4.750,0.000
25,ec.gp.GPIndividual@777180974{-509617637},3C_20_50-03.txt,30.993,0.100,3.099,5,2.813,90.75,0.563,4.750,0.000
25,ec.gp.GPIndividual@777180974{-509617637},3C_20_66-02.txt,154.245,0.100,15.424,12,14.969,97.05,1.247,5.703,0.000
25,ec.gp.GPIndividual@777180974{-509617637},3C_20_66-03.txt,118.340,0.100,11.834,3,1.094,9.24,0.365,5.703,0.000
25,ec.gp.GPIndividual@777180974{-509617637},3C_20_80-02.txt,35.738,0.100,3.574,1,6.125,171.39,6.125,6.125,0.000
25,ec.gp.GPIndividual@852379578{127220218},3C_20_50-02.txt,61.404,0.100,6.140,4,3.016,49.11,0.754,3.016,0.000
25,ec.gp.GPIndividual@1214026461{831907540},3C_20_50-02.txt,61.404,0.100,6.140,3,5.266,85.75,1.755,5.266,0.000
25,ec.gp.GPIndividual@1214026461{831907540},3C_20_66-02.txt,154.245,0.100,15.424,2,0.453,2.94,0.227,5.266,0.000
25,ec.gp.GPIndividual@1214026461{831907540},3C_20_50-03.txt,30.993,0.100,3.099,3,0.469,15.12,0.156,5.266,0.000
25,ec.gp.GPIndividual@1214026461{831907540},3C_20_50-03.txt,30.993,0.100,3.099,2,4.375,141.16,2.188,5.266,0.000
25,ec.gp.GPIndividual@1214026461{831907540},3C_20_66-01.txt,7.322,0.100,0.732,6,2.109,288.08,0.352,5.266,0.000
25,ec.gp.GPIndividual@1214026461{831907540},3C_20_66-02.txt,154.245,0.100,15.424,2,1.313,8.51,0.656,5.266,0.000
25,ec.gp.GPIndividual@1214026461{831907540},3C_20_66-01.txt,7.322,0.100,0.732,3,1.328,181.38,0.443,5.266,0.000
25,ec.gp.GPIndividual@1214026461{831907540},3C_20_66-01.txt,7.322,0.100,0.732,2,0.344,46.95,0.172,5.266,0.000
25,ec.gp.GPIndividual@1214026461{831907540},3C_20_66-02.txt,154.245,0.100,15.424,10,11.297,73.24,1.130,5.266,0.000
25,ec.gp.GPIndividual@1214026461{831907540},3C_20_66-03.txt,118.340,0.100,11.834,10,11.734,99.16,1.173,5.266,0.000
25,ec.gp.GPIndividual@1214026461{831907540},3C_20_80-03.txt,169.439,0.100,16.944,1,1.391,8.21,1.391,5.266,0.000
25,ec.gp.GPIndividual@1214026461{831907540},3C_20_66-02.txt,154.245,0.100,15.424,3,1.203,7.80,0.401,5.266,0.000
25,ec.gp.GPIndividual@1214026461{831907540},3C_20_66-03.txt,118.340,0.100,11.834,7,13.781,116.46,1.969,5.266,0.000
25,ec.gp.GPIndividual@1214026461{831907540},3C_20_80-01.txt,4.194,0.100,0.419,3,0.172,40.98,0.057,5.266,0.000
25,ec.gp.GPIndividual@1214026461{831907540},3C_20_80-02.txt,35.738,0.100,3.574,5,2.500,69.95,0.500,5.266,0.000
25,ec.gp.GPIndividual@1214026461{831907540},3C_20_66-03.txt,118.340,0.100,11.834,5,4.484,37.89,0.897,5.266,0.000
25,ec.gp.GPIndividual@1214026461{831907540},3C_20_80-03.txt,169.439,0.100,16.944,5,12.109,71.47,2.422,6.234,0.000
25,ec.gp.GPIndividual@844273811{1305518400},3C_20_50-02.txt,61.404,0.100,6.140,3,1.422,23.16,0.474,1.422,0.000
25,ec.gp.GPIndividual@844273811{1305518400},3C_20_66-03.txt,118.340,0.100,11.834,18,16.375,138.37,0.910,4.797,0.000
25,ec.gp.GPIndividual@844273811{1305518400},3C_20_80-01.txt,4.194,0.100,0.419,6,0.813,193.71,0.135,4.797,0.000
25,ec.gp.GPIndividual@844273811{1305518400},3C_20_80-02.txt,35.738,0.100,3.574,5,8.359,233.91,1.672,5.953,0.000
25,ec.gp.GPIndividual@736636532{-1870546242},3C_20_50-02.txt,61.404,0.100,6.140,2,4.859,79.14,2.430,4.859,0.000
25,ec.gp.GPIndividual@736636532{-1870546242},3C_20_80-01.txt,4.194,0.100,0.419,3,0.672,160.18,0.224,4.859,0.000
25,ec.gp.GPIndividual@736636532{-1870546242},3C_20_50-03.txt,30.993,0.100,3.099,6,3.859,124.53,0.643,4.859,0.000
25,ec.gp.GPIndividual@736636532{-1870546242},3C_20_80-01.txt,4.194,0.100,0.419,5,3.219,767.38,0.644,4.859,0.000
25,ec.gp.GPIndividual@736636532{-1870546242},3C_20_80-01.txt,4.194,0.100,0.419,4,0.703,167.63,0.176,4.859,0.000
25,ec.gp.GPIndividual@736636532{-1870546242},3C_20_80-03.txt,169.439,0.100,16.944,2,0.891,5.26,0.445,4.859,0.000
25,ec.gp.GPIndividual@736636532{-1870546242},3C_20_80-02.txt,35.738,0.100,3.574,3,2.422,67.77,0.807,4.859,0.000
25,ec.gp.GPIndividual@736636532{-1870546242},3C_20_80-02.txt,35.738,0.100,3.574,6,1.625,45.47,0.271,4.859,0.000
25,ec.gp.GPIndividual@736636532{-1870546242},3C_20_50-03.txt,30.993,0.100,3.099,6,3.047,98.31,0.508,4.859,0.000
25,ec.gp.GPIndividual@736636532{-1870546242},3C_20_80-03.txt,169.439,0.100,16.944,4,2.891,17.06,0.723,4.859,0.000
25,ec.gp.GPIndividual@736636532{-1870546242},3C_20_66-01.txt,7.322,0.100,0.732,3,0.813,110.96,0.271,4.859,0.000
25,ec.gp.GPIndividual@736636532{-1870546242},3C_20_80-02.txt,35.738,0.100,3.574,5,3.594,100.56,0.719,4.859,0.000
25,ec.gp.GPIndividual@736636532{-1870546242},3C_20_66-02.txt,154.245,0.100,15.424,4,2.047,13.27,0.512,4.859,0.000
25,ec.gp.GPIndividual@736636532{-1870546242},3C_20_66-01.txt,7.322,0.100,0.732,2,2.063,281.68,1.031,4.859,0.000
25,ec.gp.GPIndividual@736636532{-1870546242},3C_20_80-03.txt,169.439,0.100,16.944,10,21.172,124.95,2.117,5.813,0.000
25,ec.gp.GPIndividual@779715389{-1315752463},3C_20_50-02.txt,61.404,0.100,6.140,8,7.359,119.85,0.920,3.344,0.000
25,ec.gp.GPIndividual@1456348822{1035678549},3C_20_50-02.txt,61.404,0.100,6.140,6,3.156,51.40,0.526,1.219,0.000
25,ec.gp.GPIndividual@1456348822{1035678549},3C_20_66-03.txt,118.340,0.100,11.834,4,2.031,17.16,0.508,1.531,0.000
25,ec.gp.GPIndividual@1456348822{1035678549},3C_20_66-02.txt,154.245,0.100,15.424,4,7.672,49.74,1.918,5.953,0.000
25,ec.gp.GPIndividual@1456348822{1035678549},3C_20_80-03.txt,169.439,0.100,16.944,3,3.609,21.30,1.203,5.953,0.000
25,ec.gp.GPIndividual@1456348822{1035678549},3C_20_50-03.txt,30.993,0.100,3.099,2,3.922,126.54,1.961,5.953,0.000
25,ec.gp.GPIndividual@1456348822{1035678549},3C_20_66-01.txt,7.322,0.100,0.732,3,0.828,113.10,0.276,5.953,0.000
25,ec.gp.GPIndividual@1456348822{1035678549},3C_20_66-03.txt,118.340,0.100,11.834,2,0.156,1.32,0.078,5.953,0.000
25,ec.gp.GPIndividual@1456348822{1035678549},3C_20_66-02.txt,154.245,0.100,15.424,3,6.516,42.24,2.172,5.953,0.000
25,ec.gp.GPIndividual@1076122269{645096150},3C_20_50-02.txt,61.404,0.100,6.140,8,6.297,102.55,0.787,4.891,0.000
25,ec.gp.GPIndividual@1076122269{645096150},3C_20_50-03.txt,30.993,0.100,3.099,3,0.156,5.04,0.052,4.891,0.000
25,ec.gp.GPIndividual@1076122269{645096150},3C_20_80-01.txt,4.194,0.100,0.419,4,2.797,666.80,0.699,4.891,0.000
25,ec.gp.GPIndividual@1076122269{645096150},3C_20_66-03.txt,118.340,0.100,11.834,8,13.266,112.10,1.658,5.766,0.000
25,ec.gp.GPIndividual@1076122269{645096150},3C_20_80-01.txt,4.194,0.100,0.419,4,0.531,126.65,0.133,5.766,0.000
25,ec.gp.GPIndividual@1076122269{645096150},3C_20_80-02.txt,35.738,0.100,3.574,7,3.391,94.87,0.484,5.766,0.000
25,ec.gp.GPIndividual@1285798732{1774610438},3C_20_50-02.txt,61.404,0.100,6.140,6,7.172,116.80,1.195,2.844,0.000
25,ec.gp.GPIndividual@1036766754{-707683495},3C_20_50-02.txt,61.404,0.100,6.140,2,0.219,3.56,0.109,0.219,0.000
25,ec.gp.GPIndividual@1036766754{-707683495},3C_20_50-03.txt,30.993,0.100,3.099,4,1.703,54.95,0.426,0.906,0.000
25,ec.gp.GPIndividual@1036766754{-707683495},3C_20_80-01.txt,4.194,0.100,0.419,6,0.438,104.30,0.073,0.906,0.000
25,ec.gp.GPIndividual@1036766754{-707683495},3C_20_80-02.txt,35.738,0.100,3.574,5,4.156,116.30,0.831,2.094,0.000
25,ec.gp.GPIndividual@1036766754{-707683495},3C_20_66-01.txt,7.322,0.100,0.732,3,0.328,44.81,0.109,2.094,0.000
25,ec.gp.GPIndividual@1036766754{-707683495},3C_20_80-01.txt,4.194,0.100,0.419,2,0.328,78.23,0.164,2.094,0.000
25,ec.gp.GPIndividual@1036766754{-707683495},3C_20_66-02.txt,154.245,0.100,15.424,7,4.688,30.39,0.670,2.094,0.000
25,ec.gp.GPIndividual@1036766754{-707683495},3C_20_66-03.txt,118.340,0.100,11.834,8,9.891,83.58,1.236,3.500,0.000
25,ec.gp.GPIndividual@1036766754{-707683495},3C_20_80-01.txt,4.194,0.100,0.419,2,0.219,52.15,0.109,3.500,0.000
25,ec.gp.GPIndividual@1036766754{-707683495},3C_20_80-02.txt,35.738,0.100,3.574,2,5.859,163.95,2.930,5.859,0.000
25,ec.gp.GPIndividual@1036766754{-707683495},3C_20_66-03.txt,118.340,0.100,11.834,3,2.656,22.45,0.885,5.859,0.000
25,ec.gp.GPIndividual@1036766754{-707683495},3C_20_80-03.txt,169.439,0.100,16.944,3,3.453,20.38,1.151,5.859,0.000
25,ec.gp.GPIndividual@1036766754{-707683495},3C_20_80-03.txt,169.439,0.100,16.944,4,8.188,48.32,2.047,5.859,0.000
25,ec.gp.GPIndividual@343563606{602567784},3C_20_50-02.txt,61.404,0.100,6.140,5,5.422,88.30,1.084,3.594,0.000
25,ec.gp.GPIndividual@343563606{602567784},3C_20_50-03.txt,30.993,0.100,3.099,5,2.906,93.77,0.581,3.594,0.000
25,ec.gp.GPIndividual@1055388745{1675410273},3C_20_50-02.txt,61.404,0.100,6.140,3,0.750,12.21,0.250,0.531,0.000
25,ec.gp.GPIndividual@1055388745{1675410273},3C_20_80-01.txt,4.194,0.100,0.419,3,0.344,81.95,0.115,0.531,0.000
25,ec.gp.GPIndividual@1055388745{1675410273},3C_20_80-02.txt,35.738,0.100,3.574,4,8.656,242.21,2.164,6.375,0.000
25,ec.gp.GPIndividual@1055388745{1675410273},3C_20_80-02.txt,35.738,0.100,3.574,5,3.125,87.44,0.625,6.375,0.000
25,ec.gp.GPIndividual@1055388745{1675410273},3C_20_66-01.txt,7.322,0.100,0.732,2,0.750,102.43,0.375,6.375,0.000
25,ec.gp.GPIndividual@1055388745{1675410273},3C_20_80-03.txt,169.439,0.100,16.944,7,4.844,28.59,0.692,6.375,0.000
25,ec.gp.GPIndividual@1055388745{1675410273},3C_20_50-03.txt,30.993,0.100,3.099,2,0.828,26.72,0.414,6.375,0.000
25,ec.gp.GPIndividual@1055388745{1675410273},3C_20_66-02.txt,154.245,0.100,15.424,9,10.281,66.66,1.142,6.375,0.000
25,ec.gp.GPIndividual@1055388745{1675410273},3C_20_66-03.txt,118.340,0.100,11.834,5,8.047,68.00,1.609,6.375,0.000
25,ec.gp.GPIndividual@1873317497{-472535156},3C_20_50-02.txt,61.404,0.100,6.140,8,8.266,134.61,1.033,4.328,0.000
25,ec.gp.GPIndividual@1422474228{-1084292047},3C_20_50-02.txt,61.404,0.100,6.140,2,0.172,2.80,0.086,0.172,0.000
25,ec.gp.GPIndividual@1422474228{-1084292047},3C_20_50-03.txt,30.993,0.100,3.099,3,2.297,74.11,0.766,1.344,0.000
25,ec.gp.GPIndividual@1422474228{-1084292047},3C_20_50-03.txt,30.993,0.100,3.099,5,0.703,22.69,0.141,1.344,0.000
25,ec.gp.GPIndividual@1422474228{-1084292047},3C_20_66-03.txt,118.340,0.100,11.834,2,1.328,11.22,0.664,1.344,0.000
25,ec.gp.GPIndividual@1422474228{-1084292047},3C_20_66-01.txt,7.322,0.100,0.732,2,1.250,170.71,0.625,1.344,0.000
25,ec.gp.GPIndividual@1422474228{-1084292047},3C_20_66-01.txt,7.322,0.100,0.732,2,0.313,42.68,0.156,1.344,0.000
25,ec.gp.GPIndividual@1422474228{-1084292047},3C_20_66-02.txt,154.245,0.100,15.424,4,1.688,10.94,0.422,1.344,0.000
25,ec.gp.GPIndividual@1422474228{-1084292047},3C_20_66-03.txt,118.340,0.100,11.834,4,3.625,30.63,0.906,2.500,0.000
25,ec.gp.GPIndividual@1422474228{-1084292047},3C_20_66-02.txt,154.245,0.100,15.424,5,5.609,36.37,1.122,2.563,0.000
25,ec.gp.GPIndividual@1422474228{-1084292047},3C_20_80-01.txt,4.194,0.100,0.419,2,0.234,55.88,0.117,2.563,0.000
25,ec.gp.GPIndividual@1422474228{-1084292047},3C_20_80-02.txt,35.738,0.100,3.574,3,1.500,41.97,0.500,2.563,0.000
25,ec.gp.GPIndividual@1422474228{-1084292047},3C_20_80-03.txt,169.439,0.100,16.944,4,3.703,21.86,0.926,2.563,0.000
25,ec.gp.GPIndividual@1458190815{1002801784},3C_20_50-02.txt,61.404,0.100,6.140,3,0.125,2.04,0.042,0.125,0.000
25,ec.gp.GPIndividual@1458190815{1002801784},3C_20_50-03.txt,30.993,0.100,3.099,3,1.219,39.32,0.406,1.219,0.000
25,ec.gp.GPIndividual@1458190815{1002801784},3C_20_66-01.txt,7.322,0.100,0.732,3,2.047,279.54,0.682,2.047,0.000
25,ec.gp.GPIndividual@1944529434{-245029405},3C_20_50-02.txt,61.404,0.100,6.140,1,0.266,4.33,0.266,0.266,0.266
25,ec.gp.GPIndividual@1944529434{-245029405},3C_20_66-02.txt,154.245,0.100,15.424,3,0.078,0.51,0.026,0.266,0.000
25,ec.gp.GPIndividual@1944529434{-245029405},3C_20_50-03.txt,30.993,0.100,3.099,1,0.609,19.66,0.609,0.609,0.000
25,ec.gp.GPIndividual@1944529434{-245029405},3C_20_66-03.txt,118.340,0.100,11.834,3,1.172,9.90,0.391,1.172,0.000
25,ec.gp.GPIndividual@1944529434{-245029405},3C_20_66-01.txt,7.322,0.100,0.732,1,0.234,32.01,0.234,1.172,0.000
25,ec.gp.GPIndividual@1944529434{-245029405},3C_20_66-02.txt,154.245,0.100,15.424,1,0.719,4.66,0.719,1.172,0.000
25,ec.gp.GPIndividual@1944529434{-245029405},3C_20_66-03.txt,118.340,0.100,11.834,1,1.594,13.47,1.594,1.594,0.000
25,ec.gp.GPIndividual@1944529434{-245029405},3C_20_80-01.txt,4.194,0.100,0.419,3,0.172,40.98,0.057,1.594,0.000
25,ec.gp.GPIndividual@1944529434{-245029405},3C_20_80-02.txt,35.738,0.100,3.574,3,0.531,14.87,0.177,1.594,0.000
25,ec.gp.GPIndividual@1944529434{-245029405},3C_20_80-03.txt,169.439,0.100,16.944,4,3.203,18.90,0.801,1.641,0.000
25,ec.gp.GPIndividual@687509503{-1536773224},3C_20_50-02.txt,61.404,0.100,6.140,1,0.000,0.00,0.000,0.000,0.000
25,ec.gp.GPIndividual@687509503{-1536773224},3C_20_50-03.txt,30.993,0.100,3.099,1,0.000,0.00,0.000,0.000,0.000
25,ec.gp.GPIndividual@687509503{-1536773224},3C_20_66-01.txt,7.322,0.100,0.732,1,0.000,0.00,0.000,0.000,0.000
25,ec.gp.GPIndividual@687509503{-1536773224},3C_20_66-02.txt,154.245,0.100,15.424,1,0.000,0.00,0.000,0.000,0.000
25,ec.gp.GPIndividual@687509503{-1536773224},3C_20_66-03.txt,118.340,0.100,11.834,1,0.000,0.00,0.000,0.000,0.000
25,ec.gp.GPIndividual@687509503{-1536773224},3C_20_80-01.txt,4.194,0.100,0.419,1,0.000,0.00,0.000,0.000,0.000
25,ec.gp.GPIndividual@687509503{-1536773224},3C_20_80-02.txt,35.738,0.100,3.574,1,0.000,0.00,0.000,0.000,0.000
25,ec.gp.GPIndividual@687509503{-1536773224},3C_20_80-03.txt,169.439,0.100,16.944,1,0.000,0.00,0.000,0.000,0.000
25,ec.gp.GPIndividual@1593935041{600965189},3C_20_50-02.txt,61.404,0.100,6.140,1,0.000,0.00,0.000,0.000,0.000
25,ec.gp.GPIndividual@1593935041{600965189},3C_20_50-03.txt,30.993,0.100,3.099,1,0.000,0.00,0.000,0.000,0.000
25,ec.gp.GPIndividual@1593935041{600965189},3C_20_66-01.txt,7.322,0.100,0.732,1,0.000,0.00,0.000,0.000,0.000
25,ec.gp.GPIndividual@1593935041{600965189},3C_20_66-02.txt,154.245,0.100,15.424,1,0.000,0.00,0.000,0.000,0.000
25,ec.gp.GPIndividual@1593935041{600965189},3C_20_66-03.txt,118.340,0.100,11.834,1,0.000,0.00,0.000,0.000,0.000
25,ec.gp.GPIndividual@1593935041{600965189},3C_20_80-01.txt,4.194,0.100,0.419,1,0.000,0.00,0.000,0.000,0.000
25,ec.gp.GPIndividual@1593935041{600965189},3C_20_80-02.txt,35.738,0.100,3.574,1,0.000,0.00,0.000,0.000,0.000
25,ec.gp.GPIndividual@1593935041{600965189},3C_20_80-03.txt,169.439,0.100,16.944,1,0.000,0.00,0.000,0.000,0.000
25,ec.gp.GPIndividual@1032033399{1932597150},3C_20_50-02.txt,61.404,0.100,6.140,3,0.266,4.33,0.089,0.234,0.000
25,ec.gp.GPIndividual@1032033399{1932597150},3C_20_50-03.txt,30.993,0.100,3.099,4,2.156,69.57,0.539,0.953,0.000
25,ec.gp.GPIndividual@1032033399{1932597150},3C_20_66-01.txt,7.322,0.100,0.732,4,0.500,68.29,0.125,0.953,0.000
25,ec.gp.GPIndividual@1032033399{1932597150},3C_20_66-02.txt,154.245,0.100,15.424,8,10.031,65.03,1.254,5.250,0.000
25,ec.gp.GPIndividual@1032033399{1932597150},3C_20_66-03.txt,118.340,0.100,11.834,5,7.984,67.47,1.597,5.250,0.000
25,ec.gp.GPIndividual@1032033399{1932597150},3C_20_80-01.txt,4.194,0.100,0.419,3,0.266,63.33,0.089,5.250,0.000
25,ec.gp.GPIndividual@1032033399{1932597150},3C_20_80-02.txt,35.738,0.100,3.574,7,2.063,57.71,0.295,5.250,0.000
25,ec.gp.GPIndividual@1032033399{1932597150},3C_20_80-03.txt,169.439,0.100,16.944,3,7.266,42.88,2.422,6.500,0.000
26,ec.gp.GPIndividual@799199826{-1855552270},3C_20_50-02.txt,61.404,0.100,6.140,4,0.844,13.74,0.211,0.281,0.000
26,ec.gp.GPIndividual@799199826{-1855552270},3C_20_50-03.txt,30.993,0.100,3.099,3,0.844,27.22,0.281,0.281,0.000
26,ec.gp.GPIndividual@799199826{-1855552270},3C_20_50-03.txt,30.993,0.100,3.099,4,2.375,76.63,0.594,1.188,0.000
26,ec.gp.GPIndividual@799199826{-1855552270},3C_20_50-03.txt,30.993,0.100,3.099,2,1.344,43.36,0.672,1.344,0.000
26,ec.gp.GPIndividual@799199826{-1855552270},3C_20_66-01.txt,7.322,0.100,0.732,2,1.750,239.00,0.875,1.344,0.000
26,ec.gp.GPIndividual@799199826{-1855552270},3C_20_50-03.txt,30.993,0.100,3.099,1,0.000,0.00,0.000,1.344,0.000
26,ec.gp.GPIndividual@799199826{-1855552270},3C_20_66-01.txt,7.322,0.100,0.732,3,2.031,277.41,0.677,1.688,0.000
26,ec.gp.GPIndividual@799199826{-1855552270},3C_20_66-02.txt,154.245,0.100,15.424,4,4.750,30.80,1.188,1.688,0.000
26,ec.gp.GPIndividual@799199826{-1855552270},3C_20_66-02.txt,154.245,0.100,15.424,3,4.375,28.36,1.458,2.188,0.000
26,ec.gp.GPIndividual@799199826{-1855552270},3C_20_66-03.txt,118.340,0.100,11.834,6,3.156,26.67,0.526,2.344,0.000
26,ec.gp.GPIndividual@799199826{-1855552270},3C_20_50-03.txt,30.993,0.100,3.099,2,2.422,78.14,1.211,2.422,0.000
26,ec.gp.GPIndividual@799199826{-1855552270},3C_20_66-03.txt,118.340,0.100,11.834,3,5.438,45.95,1.813,4.188,0.000
26,ec.gp.GPIndividual@799199826{-1855552270},3C_20_66-01.txt,7.322,0.100,0.732,2,2.672,364.90,1.336,4.188,0.000
26,ec.gp.GPIndividual@799199826{-1855552270},3C_20_50-03.txt,30.993,0.100,3.099,3,4.500,145.20,1.500,4.188,0.000
26,ec.gp.GPIndividual@799199826{-1855552270},3C_20_66-01.txt,7.322,0.100,0.732,8,1.531,209.12,0.191,4.188,0.000
26,ec.gp.GPIndividual@799199826{-1855552270},3C_20_66-02.txt,154.245,0.100,15.424,6,6.250,40.52,1.042,4.797,0.000
26,ec.gp.GPIndividual@799199826{-1855552270},3C_20_80-01.txt,4.194,0.100,0.419,1,0.172,40.98,0.172,4.797,0.000
26,ec.gp.GPIndividual@799199826{-1855552270},3C_20_80-02.txt,35.738,0.100,3.574,2,5.094,142.53,2.547,4.797,0.000
26,ec.gp.GPIndividual@799199826{-1855552270},3C_20_66-01.txt,7.322,0.100,0.732,3,5.094,695.66,1.698,4.797,0.000
26,ec.gp.GPIndividual@799199826{-1855552270},3C_20_80-01.txt,4.194,0.100,0.419,2,2.313,551.32,1.156,4.797,0.000
26,ec.gp.GPIndividual@799199826{-1855552270},3C_20_66-03.txt,118.340,0.100,11.834,4,2.453,20.73,0.613,4.797,0.000
26,ec.gp.GPIndividual@799199826{-1855552270},3C_20_80-03.txt,169.439,0.100,16.944,0,0.000,0.00,0.000,4.797,0.000
26,ec.gp.GPIndividual@799199826{-1855552270},3C_20_66-02.txt,154.245,0.100,15.424,5,0.484,3.14,0.097,4.797,0.000
26,ec.gp.GPIndividual@799199826{-1855552270},3C_20_80-02.txt,35.738,0.100,3.574,3,5.063,141.66,1.688,4.797,0.000
26,ec.gp.GPIndividual@799199826{-1855552270},3C_20_66-01.txt,7.322,0.100,0.732,2,1.078,147.24,0.539,4.797,0.000
26,ec.gp.GPIndividual@799199826{-1855552270},3C_20_66-02.txt,154.245,0.100,15.424,4,4.172,27.05,1.043,4.797,0.000
26,ec.gp.GPIndividual@799199826{-1855552270},3C_20_80-03.txt,169.439,0.100,16.944,8,18.250,107.71,2.281,5.969,0.000
26,ec.gp.GPIndividual@1566656428{-433054176},3C_20_50-02.txt,61.404,0.100,6.140,0,0.000,0.00,0.000,0.000,0.000
26,ec.gp.GPIndividual@1566656428{-433054176},3C_20_50-03.txt,30.993,0.100,3.099,0,0.000,0.00,0.000,0.000,0.000
26,ec.gp.GPIndividual@1566656428{-433054176},3C_20_66-01.txt,7.322,0.100,0.732,0,0.000,0.00,0.000,0.000,0.000
26,ec.gp.GPIndividual@1566656428{-433054176},3C_20_66-02.txt,154.245,0.100,15.424,0,0.000,0.00,0.000,0.000,0.000
26,ec.gp.GPIndividual@1566656428{-433054176},3C_20_66-03.txt,118.340,0.100,11.834,0,0.000,0.00,0.000,0.000,0.000
26,ec.gp.GPIndividual@1566656428{-433054176},3C_20_80-01.txt,4.194,0.100,0.419,0,0.000,0.00,0.000,0.000,0.000
26,ec.gp.GPIndividual@1566656428{-433054176},3C_20_80-02.txt,35.738,0.100,3.574,0,0.000,0.00,0.000,0.000,0.000
26,ec.gp.GPIndividual@1566656428{-433054176},3C_20_80-03.txt,169.439,0.100,16.944,0,0.000,0.00,0.000,0.000,0.000
26,ec.gp.GPIndividual@456597947{-550414373},3C_20_50-02.txt,61.404,0.100,6.140,3,2.813,45.80,0.938,1.422,0.000
26,ec.gp.GPIndividual@456597947{-550414373},3C_20_66-02.txt,154.245,0.100,15.424,8,13.000,84.28,1.625,4.000,0.000
26,ec.gp.GPIndividual@456597947{-550414373},3C_20_80-01.txt,4.194,0.100,0.419,2,5.953,1419.27,2.977,5.953,0.000
26,ec.gp.GPIndividual@1641546925{-417198455},3C_20_50-02.txt,61.404,0.100,6.140,7,6.531,106.36,0.933,1.594,0.000
26,ec.gp.GPIndividual@1641546925{-417198455},3C_20_66-03.txt,118.340,0.100,11.834,3,0.531,4.49,0.177,1.594,0.000
26,ec.gp.GPIndividual@1641546925{-417198455},3C_20_80-02.txt,35.738,0.100,3.574,3,4.141,115.86,1.380,2.563,0.000
26,ec.gp.GPIndividual@1641546925{-417198455},3C_20_50-03.txt,30.993,0.100,3.099,3,0.984,31.76,0.328,2.563,0.000
26,ec.gp.GPIndividual@1641546925{-417198455},3C_20_66-03.txt,118.340,0.100,11.834,2,0.438,3.70,0.219,2.563,0.000
26,ec.gp.GPIndividual@1641546925{-417198455},3C_20_50-03.txt,30.993,0.100,3.099,7,7.328,236.45,1.047,4.250,0.000
26,ec.gp.GPIndividual@1641546925{-417198455},3C_20_66-03.txt,118.340,0.100,11.834,6,2.109,17.82,0.352,4.250,0.000
26,ec.gp.GPIndividual@1641546925{-417198455},3C_20_80-03.txt,169.439,0.100,16.944,7,18.234,107.62,2.605,4.906,0.000
26,ec.gp.GPIndividual@1641546925{-417198455},3C_20_66-01.txt,7.322,0.100,0.732,3,5.125,699.93,1.708,4.906,0.000
26,ec.gp.GPIndividual@1641546925{-417198455},3C_20_80-01.txt,4.194,0.100,0.419,5,0.656,156.46,0.131,4.906,0.000
26,ec.gp.GPIndividual@1641546925{-417198455},3C_20_66-02.txt,154.245,0.100,15.424,11,19.219,124.60,1.747,6.047,0.000
26,ec.gp.GPIndividual@1641546925{-417198455},3C_20_66-03.txt,118.340,0.100,11.834,6,12.953,109.46,2.159,6.047,0.000
26,ec.gp.GPIndividual@1641546925{-417198455},3C_20_80-01.txt,4.194,0.100,0.419,4,1.766,420.94,0.441,6.047,0.000
26,ec.gp.GPIndividual@1641546925{-417198455},3C_20_80-02.txt,35.738,0.100,3.574,4,4.859,135.97,1.215,6.047,0.000
26,ec.gp.GPIndividual@1641546925{-417198455},3C_20_80-01.txt,4.194,0.100,0.419,2,3.563,849.33,1.781,6.047,0.000
26,ec.gp.GPIndividual@1474109163{1675410273},3C_20_50-02.txt,61.404,0.100,6.140,7,2.750,44.79,0.393,1.016,0.000
26,ec.gp.GPIndividual@1474109163{1675410273},3C_20_66-01.txt,7.322,0.100,0.732,3,1.797,245.40,0.599,1.469,0.000
26,ec.gp.GPIndividual@1474109163{1675410273},3C_20_80-03.txt,169.439,0.100,16.944,11,17.188,101.44,1.563,4.781,0.000
26,ec.gp.GPIndividual@1474109163{1675410273},3C_20_50-03.txt,30.993,0.100,3.099,2,0.719,23.19,0.359,4.781,0.000
26,ec.gp.GPIndividual@1474109163{1675410273},3C_20_66-02.txt,154.245,0.100,15.424,4,1.219,7.90,0.305,4.781,0.000
26,ec.gp.GPIndividual@1474109163{1675410273},3C_20_80-02.txt,35.738,0.100,3.574,10,9.344,261.45,0.934,4.953,0.000
26,ec.gp.GPIndividual@1474109163{1675410273},3C_20_80-02.txt,35.738,0.100,3.574,3,7.344,205.49,2.448,5.781,0.000
26,ec.gp.GPIndividual@665370845{788256696},3C_20_50-02.txt,61.404,0.100,6.140,9,8.156,132.83,0.906,2.422,0.000
26,ec.gp.GPIndividual@665370845{788256696},3C_20_66-01.txt,7.322,0.100,0.732,7,2.141,292.35,0.306,2.422,0.000
26,ec.gp.GPIndividual@665370845{788256696},3C_20_66-03.txt,118.340,0.100,11.834,3,0.125,1.06,0.042,2.422,0.000
26,ec.gp.GPIndividual@665370845{788256696},3C_20_80-01.txt,4.194,0.100,0.419,5,2.313,551.32,0.463,2.422,0.000
26,ec.gp.GPIndividual@665370845{788256696},3C_20_50-03.txt,30.993,0.100,3.099,13,5.656,182.50,0.435,2.422,0.000
26,ec.gp.GPIndividual@665370845{788256696},3C_20_80-03.txt,169.439,0.100,16.944,4,1.953,11.53,0.488,2.422,0.000
26,ec.gp.GPIndividual@665370845{788256696},3C_20_80-03.txt,169.439,0.100,16.944,9,17.234,101.71,1.915,4.844,0.000
26,ec.gp.GPIndividual@665370845{788256696},3C_20_80-02.txt,35.738,0.100,3.574,2,6.094,170.51,3.047,6.094,0.000
26,ec.gp.GPIndividual@1991909450{1680710920},3C_20_50-02.txt,61.404,0.100,6.140,3,0.672,10.94,0.224,0.672,0.000
26,ec.gp.GPIndividual@1991909450{1680710920},3C_20_66-01.txt,7.322,0.100,0.732,7,4.391,599.63,0.627,3.391,0.000
26,ec.gp.GPIndividual@1991909450{1680710920},3C_20_66-02.txt,154.245,0.100,15.424,4,0.125,0.81,0.031,3.391,0.000
26,ec.gp.GPIndividual@1991909450{1680710920},3C_20_50-03.txt,30.993,0.100,3.099,2,6.406,206.70,3.203,6.406,0.000
26,ec.gp.GPIndividual@562222657{53110325},3C_20_50-02.txt,61.404,0.100,6.140,4,8.484,138.17,2.121,6.484,0.000
26,ec.gp.GPIndividual@562222657{53110325},3C_20_66-02.txt,154.245,0.100,15.424,6,4.906,31.81,0.818,6.484,0.000
26,ec.gp.GPIndividual@562222657{53110325},3C_20_50-03.txt,30.993,0.100,3.099,5,2.906,93.77,0.581,6.484,0.000
26,ec.gp.GPIndividual@562222657{53110325},3C_20_66-03.txt,118.340,0.100,11.834,7,11.891,100.48,1.699,6.484,0.000
26,ec.gp.GPIndividual@562222657{53110325},3C_20_80-01.txt,4.194,0.100,0.419,7,2.109,502.89,0.301,6.484,0.000
26,ec.gp.GPIndividual@562222657{53110325},3C_20_80-03.txt,169.439,0.100,16.944,4,9.109,53.76,2.277,6.484,0.000
26,ec.gp.GPIndividual@562222657{53110325},3C_20_66-01.txt,7.322,0.100,0.732,2,1.563,213.39,0.781,6.484,0.000
26,ec.gp.GPIndividual@562222657{53110325},3C_20_80-02.txt,35.738,0.100,3.574,4,6.828,191.06,1.707,6.484,0.000
26,ec.gp.GPIndividual@562222657{53110325},3C_20_80-01.txt,4.194,0.100,0.419,3,0.875,208.61,0.292,6.484,0.000
26,ec.gp.GPIndividual@562222657{53110325},3C_20_66-03.txt,118.340,0.100,11.834,2,0.859,7.26,0.430,6.484,0.000
26,ec.gp.GPIndividual@562222657{53110325},3C_20_66-02.txt,154.245,0.100,15.424,9,14.203,92.08,1.578,6.484,0.000
26,ec.gp.GPIndividual@562222657{53110325},3C_20_80-02.txt,35.738,0.100,3.574,2,5.922,165.70,2.961,6.484,0.000
26,ec.gp.GPIndividual@1719397768{2126105795},3C_20_50-02.txt,61.404,0.100,6.140,4,2.828,46.06,0.707,1.328,0.000
26,ec.gp.GPIndividual@1719397768{2126105795},3C_20_66-03.txt,118.340,0.100,11.834,5,3.563,30.10,0.713,2.031,0.000
26,ec.gp.GPIndividual@1719397768{2126105795},3C_20_66-01.txt,7.322,0.100,0.732,3,5.219,712.73,1.740,4.891,0.000
26,ec.gp.GPIndividual@1719397768{2126105795},3C_20_80-01.txt,4.194,0.100,0.419,2,1.359,324.09,0.680,4.891,0.000
26,ec.gp.GPIndividual@1719397768{2126105795},3C_20_80-03.txt,169.439,0.100,16.944,13,16.953,100.05,1.304,4.906,0.000
26,ec.gp.GPIndividual@1719397768{2126105795},3C_20_80-03.txt,169.439,0.100,16.944,2,0.688,4.06,0.344,4.906,0.000
26,ec.gp.GPIndividual@1719397768{2126105795},3C_20_80-01.txt,4.194,0.100,0.419,3,0.344,81.95,0.115,4.906,0.000
26,ec.gp.GPIndividual@1719397768{2126105795},3C_20_80-02.txt,35.738,0.100,3.574,5,5.672,158.71,1.134,4.906,0.000
26,ec.gp.GPIndividual@1719397768{2126105795},3C_20_50-03.txt,30.993,0.100,3.099,2,5.672,183.01,2.836,5.672,0.000
26,ec.gp.GPIndividual@104640434{-2060052519},3C_20_50-02.txt,61.404,0.100,6.140,5,8.844,144.02,1.769,6.609,0.000
26,ec.gp.GPIndividual@104640434{-2060052519},3C_20_66-02.txt,154.245,0.100,15.424,6,4.672,30.29,0.779,6.609,0.000
26,ec.gp.GPIndividual@104640434{-2060052519},3C_20_80-03.txt,169.439,0.100,16.944,2,2.453,14.48,1.227,6.609,0.000
26,ec.gp.GPIndividual@104640434{-2060052519},3C_20_80-02.txt,35.738,0.100,3.574,2,5.375,150.40,2.688,6.609,0.000
26,ec.gp.GPIndividual@404287171{-911495189},3C_20_50-02.txt,61.404,0.100,6.140,4,6.281,102.29,1.570,2.484,0.500
26,ec.gp.GPIndividual@404287171{-911495189},3C_20_80-03.txt,169.439,0.100,16.944,3,0.688,4.06,0.229,2.484,0.000
26,ec.gp.GPIndividual@404287171{-911495189},3C_20_50-03.txt,30.993,0.100,3.099,8,2.969,95.79,0.371,2.484,0.000
26,ec.gp.GPIndividual@404287171{-911495189},3C_20_66-03.txt,118.340,0.100,11.834,5,4.266,36.05,0.853,3.953,0.000
26,ec.gp.GPIndividual@404287171{-911495189},3C_20_50-03.txt,30.993,0.100,3.099,4,2.172,70.08,0.543,3.953,0.000
26,ec.gp.GPIndividual@404287171{-911495189},3C_20_66-01.txt,7.322,0.100,0.732,1,1.406,192.05,1.406,3.953,0.000
26,ec.gp.GPIndividual@404287171{-911495189},3C_20_66-01.txt,7.322,0.100,0.732,5,1.125,153.64,0.225,3.953,0.000
26,ec.gp.GPIndividual@404287171{-911495189},3C_20_66-02.txt,154.245,0.100,15.424,7,18.734,121.46,2.676,5.563,0.000
26,ec.gp.GPIndividual@404287171{-911495189},3C_20_66-02.txt,154.245,0.100,15.424,5,8.453,54.80,1.691,6.156,0.000
26,ec.gp.GPIndividual@404287171{-911495189},3C_20_66-01.txt,7.322,0.100,0.732,2,1.203,164.31,0.602,6.156,0.000
26,ec.gp.GPIndividual@404287171{-911495189},3C_20_66-03.txt,118.340,0.100,11.834,2,4.406,37.23,2.203,6.156,0.000
26,ec.gp.GPIndividual@119428681{600965189},3C_20_50-02.txt,61.404,0.100,6.140,1,0.000,0.00,0.000,0.000,0.000
26,ec.gp.GPIndividual@119428681{600965189},3C_20_50-03.txt,30.993,0.100,3.099,1,0.000,0.00,0.000,0.000,0.000
26,ec.gp.GPIndividual@119428681{600965189},3C_20_66-01.txt,7.322,0.100,0.732,1,0.000,0.00,0.000,0.000,0.000
26,ec.gp.GPIndividual@119428681{600965189},3C_20_66-02.txt,154.245,0.100,15.424,1,0.000,0.00,0.000,0.000,0.000
26,ec.gp.GPIndividual@119428681{600965189},3C_20_66-03.txt,118.340,0.100,11.834,1,0.000,0.00,0.000,0.000,0.000
26,ec.gp.GPIndividual@119428681{600965189},3C_20_80-01.txt,4.194,0.100,0.419,1,0.000,0.00,0.000,0.000,0.000
26,ec.gp.GPIndividual@119428681{600965189},3C_20_80-02.txt,35.738,0.100,3.574,1,0.000,0.00,0.000,0.000,0.000
26,ec.gp.GPIndividual@119428681{600965189},3C_20_80-03.txt,169.439,0.100,16.944,1,0.000,0.00,0.000,0.000,0.000
26,ec.gp.GPIndividual@1446442045{343568128},3C_20_50-02.txt,61.404,0.100,6.140,8,6.172,100.51,0.771,2.406,0.000
26,ec.gp.GPIndividual@1446442045{343568128},3C_20_66-03.txt,118.340,0.100,11.834,6,5.969,50.44,0.995,3.672,0.000
26,ec.gp.GPIndividual@1446442045{343568128},3C_20_50-03.txt,30.993,0.100,3.099,2,3.781,122.01,1.891,3.781,0.000
26,ec.gp.GPIndividual@584776924{-1372191087},3C_20_50-02.txt,61.404,0.100,6.140,3,1.891,30.79,0.630,1.375,0.000
26,ec.gp.GPIndividual@584776924{-1372191087},3C_20_66-02.txt,154.245,0.100,15.424,12,19.781,128.25,1.648,4.875,0.000
26,ec.gp.GPIndividual@584776924{-1372191087},3C_20_66-03.txt,118.340,0.100,11.834,4,1.766,14.92,0.441,4.875,0.000
26,ec.gp.GPIndividual@584776924{-1372191087},3C_20_80-01.txt,4.194,0.100,0.419,2,2.469,588.57,1.234,4.875,0.000
26,ec.gp.GPIndividual@584776924{-1372191087},3C_20_50-03.txt,30.993,0.100,3.099,3,4.188,135.11,1.396,4.875,0.000
26,ec.gp.GPIndividual@584776924{-1372191087},3C_20_80-01.txt,4.194,0.100,0.419,2,4.563,1087.74,2.281,4.875,0.000
26,ec.gp.GPIndividual@584776924{-1372191087},3C_20_66-01.txt,7.322,0.100,0.732,3,0.156,21.34,0.052,4.875,0.000
26,ec.gp.GPIndividual@584776924{-1372191087},3C_20_80-02.txt,35.738,0.100,3.574,9,4.219,118.05,0.469,4.875,0.000
26,ec.gp.GPIndividual@584776924{-1372191087},3C_20_66-02.txt,154.245,0.100,15.424,6,1.203,7.80,0.201,4.875,0.000
26,ec.gp.GPIndividual@584776924{-1372191087},3C_20_80-02.txt,35.738,0.100,3.574,4,6.188,173.13,1.547,4.875,0.000
26,ec.gp.GPIndividual@584776924{-1372191087},3C_20_80-03.txt,169.439,0.100,16.944,11,16.891,99.69,1.536,4.875,0.000
26,ec.gp.GPIndividual@584776924{-1372191087},3C_20_66-01.txt,7.322,0.100,0.732,3,1.516,206.99,0.505,4.875,0.000
26,ec.gp.GPIndividual@584776924{-1372191087},3C_20_80-03.txt,169.439,0.100,16.944,10,22.781,134.45,2.278,6.922,0.000
26,ec.gp.GPIndividual@584776924{-1372191087},3C_20_80-01.txt,4.194,0.100,0.419,3,0.703,167.63,0.234,6.922,0.000
26,ec.gp.GPIndividual@584776924{-1372191087},3C_20_66-02.txt,154.245,0.100,15.424,6,1.188,7.70,0.198,6.922,0.000
26,ec.gp.GPIndividual@1136806434{-786627173},3C_20_50-02.txt,61.404,0.100,6.140,5,5.203,84.74,1.041,1.766,0.000
26,ec.gp.GPIndividual@1136806434{-786627173},3C_20_66-03.txt,118.340,0.100,11.834,10,15.313,129.39,1.531,5.953,0.000
26,ec.gp.GPIndividual@625907152{-328664753},3C_20_50-02.txt,61.404,0.100,6.140,5,1.547,25.19,0.309,1.047,0.000
26,ec.gp.GPIndividual@625907152{-328664753},3C_20_80-02.txt,35.738,0.100,3.574,4,4.625,129.41,1.156,1.688,0.000
26,ec.gp.GPIndividual@625907152{-328664753},3C_20_80-01.txt,4.194,0.100,0.419,3,0.500,119.20,0.167,1.688,0.000
26,ec.gp.GPIndividual@625907152{-328664753},3C_20_50-03.txt,30.993,0.100,3.099,7,2.844,91.76,0.406,1.688,0.000
26,ec.gp.GPIndividual@625907152{-328664753},3C_20_66-03.txt,118.340,0.100,11.834,8,13.109,110.78,1.639,4.766,0.000
26,ec.gp.GPIndividual@625907152{-328664753},3C_20_80-03.txt,169.439,0.100,16.944,7,4.484,26.47,0.641,4.766,0.000
26,ec.gp.GPIndividual@625907152{-328664753},3C_20_50-03.txt,30.993,0.100,3.099,5,3.078,99.32,0.616,4.766,0.000
26,ec.gp.GPIndividual@625907152{-328664753},3C_20_66-01.txt,7.322,0.100,0.732,1,1.203,164.31,1.203,4.766,0.000
26,ec.gp.GPIndividual@625907152{-328664753},3C_20_80-02.txt,35.738,0.100,3.574,4,6.594,184.50,1.648,4.844,0.000
26,ec.gp.GPIndividual@625907152{-328664753},3C_20_80-01.txt,4.194,0.100,0.419,2,1.047,249.58,0.523,4.844,0.000
26,ec.gp.GPIndividual@625907152{-328664753},3C_20_66-02.txt,154.245,0.100,15.424,10,19.750,128.04,1.975,5.938,0.000
26,ec.gp.GPIndividual@2044669822{724233571},3C_20_50-02.txt,61.404,0.100,6.140,9,6.516,106.11,0.724,1.609,0.000
26,ec.gp.GPIndividual@2044669822{724233571},3C_20_80-01.txt,4.194,0.100,0.419,3,4.578,1091.46,1.526,4.406,0.000
26,ec.gp.GPIndividual@2044669822{724233571},3C_20_66-01.txt,7.322,0.100,0.732,3,0.344,46.95,0.115,4.406,0.000
26,ec.gp.GPIndividual@2044669822{724233571},3C_20_66-03.txt,118.340,0.100,11.834,8,3.688,31.16,0.461,4.406,0.000
26,ec.gp.GPIndividual@2044669822{724233571},3C_20_80-02.txt,35.738,0.100,3.574,4,3.813,106.68,0.953,4.406,0.000
26,ec.gp.GPIndividual@2044669822{724233571},3C_20_80-02.txt,35.738,0.100,3.574,2,0.875,24.48,0.438,4.406,0.000
26,ec.gp.GPIndividual@2044669822{724233571},3C_20_50-03.txt,30.993,0.100,3.099,4,3.453,111.42,0.863,4.406,0.000
26,ec.gp.GPIndividual@2044669822{724233571},3C_20_66-02.txt,154.245,0.100,15.424,3,0.672,4.36,0.224,4.406,0.000
26,ec.gp.GPIndividual@2044669822{724233571},3C_20_80-03.txt,169.439,0.100,16.944,10,17.578,103.74,1.758,4.859,0.000
26,ec.gp.GPIndividual@2044669822{724233571},3C_20_66-03.txt,118.340,0.100,11.834,3,0.328,2.77,0.109,4.859,0.000
26,ec.gp.GPIndividual@2044669822{724233571},3C_20_80-03.txt,169.439,0.100,16.944,11,16.563,97.75,1.506,5.625,0.000
26,ec.gp.GPIndividual@436339663{343568128},3C_20_50-02.txt,61.404,0.100,6.140,3,0.734,11.96,0.245,0.734,0.000
26,ec.gp.GPIndividual@436339663{343568128},3C_20_80-03.txt,169.439,0.100,16.944,4,9.125,53.85,2.281,4.813,0.000
26,ec.gp.GPIndividual@436339663{343568128},3C_20_66-01.txt,7.322,0.100,0.732,2,1.813,247.54,0.906,4.813,0.000
26,ec.gp.GPIndividual@436339663{343568128},3C_20_50-03.txt,30.993,0.100,3.099,3,6.016,194.10,2.005,5.703,0.000
26,ec.gp.GPIndividual@82476564{-572720400},3C_20_50-02.txt,61.404,0.100,6.140,2,0.328,5.34,0.164,0.328,0.000
26,ec.gp.GPIndividual@82476564{-572720400},3C_20_50-03.txt,30.993,0.100,3.099,3,6.672,215.27,2.224,5.641,0.000
26,ec.gp.GPIndividual@82476564{-572720400},3C_20_80-01.txt,4.194,0.100,0.419,1,1.359,324.09,1.359,5.641,0.000
26,ec.gp.GPIndividual@82476564{-572720400},3C_20_66-01.txt,7.322,0.100,0.732,5,1.125,153.64,0.225,5.641,0.000
26,ec.gp.GPIndividual@82476564{-572720400},3C_20_80-02.txt,35.738,0.100,3.574,2,2.469,69.08,1.234,5.641,0.000
26,ec.gp.GPIndividual@82476564{-572720400},3C_20_66-01.txt,7.322,0.100,0.732,2,0.313,42.68,0.156,5.641,0.000
26,ec.gp.GPIndividual@82476564{-572720400},3C_20_66-02.txt,154.245,0.100,15.424,2,1.219,7.90,0.609,5.641,0.000
26,ec.gp.GPIndividual@82476564{-572720400},3C_20_66-02.txt,154.245,0.100,15.424,9,14.406,93.40,1.601,6.000,0.000
26,ec.gp.GPIndividual@1136519424{-1729684535},3C_20_50-02.txt,61.404,0.100,6.140,1,2.453,39.95,2.453,2.453,2.453
26,ec.gp.GPIndividual@1136519424{-1729684535},3C_20_66-03.txt,118.340,0.100,11.834,6,7.609,64.30,1.268,2.453,0.000
26,ec.gp.GPIndividual@1136519424{-1729684535},3C_20_66-02.txt,154.245,0.100,15.424,3,3.266,21.17,1.089,2.453,0.000
26,ec.gp.GPIndividual@1136519424{-1729684535},3C_20_50-03.txt,30.993,0.100,3.099,1,3.250,104.86,3.250,3.250,0.000
26,ec.gp.GPIndividual@1136519424{-1729684535},3C_20_80-01.txt,4.194,0.100,0.419,2,1.531,365.06,0.766,3.250,0.000
26,ec.gp.GPIndividual@1136519424{-1729684535},3C_20_66-03.txt,118.340,0.100,11.834,8,12.344,104.31,1.543,4.813,0.000
26,ec.gp.GPIndividual@1136519424{-1729684535},3C_20_80-01.txt,4.194,0.100,0.419,2,0.172,40.98,0.086,4.813,0.000
26,ec.gp.GPIndividual@1136519424{-1729684535},3C_20_80-02.txt,35.738,0.100,3.574,8,3.547,99.25,0.443,4.813,0.000
26,ec.gp.GPIndividual@1136519424{-1729684535},3C_20_80-02.txt,35.738,0.100,3.574,3,1.766,49.40,0.589,4.813,0.000
26,ec.gp.GPIndividual@1136519424{-1729684535},3C_20_80-03.txt,169.439,0.100,16.944,2,0.875,5.16,0.438,4.813,0.000
26,ec.gp.GPIndividual@1136519424{-1729684535},3C_20_66-03.txt,118.340,0.100,11.834,2,1.547,13.07,0.773,4.813,0.000
26,ec.gp.GPIndividual@1136519424{-1729684535},3C_20_80-03.txt,169.439,0.100,16.944,3,8.578,50.63,2.859,4.891,0.000
26,ec.gp.GPIndividual@1136519424{-1729684535},3C_20_66-01.txt,7.322,0.100,0.732,2,1.859,253.94,0.930,4.891,0.000
26,ec.gp.GPIndividual@1136519424{-1729684535},3C_20_66-01.txt,7.322,0.100,0.732,2,1.859,253.94,0.930,4.891,0.000
26,ec.gp.GPIndividual@1136519424{-1729684535},3C_20_66-02.txt,154.245,0.100,15.424,3,8.516,55.21,2.839,4.891,0.000
26,ec.gp.GPIndividual@1136519424{-1729684535},3C_20_66-03.txt,118.340,0.100,11.834,6,17.438,147.35,2.906,6.125,0.000
26,ec.gp.GPIndividual@1029901465{343568128},3C_20_50-02.txt,61.404,0.100,6.140,3,6.859,111.71,2.286,6.344,0.000
26,ec.gp.GPIndividual@72326434{908110642},3C_20_50-02.txt,61.404,0.100,6.140,8,6.000,97.71,0.750,3.375,0.000
26,ec.gp.GPIndividual@1343405728{776580355},3C_20_50-02.txt,61.404,0.100,6.140,4,2.672,43.51,0.668,1.703,0.000
26,ec.gp.GPIndividual@1343405728{776580355},3C_20_50-03.txt,30.993,0.100,3.099,5,4.016,129.57,0.803,2.563,0.000
26,ec.gp.GPIndividual@1343405728{776580355},3C_20_80-01.txt,4.194,0.100,0.419,4,0.656,156.46,0.164,2.563,0.000
26,ec.gp.GPIndividual@1343405728{776580355},3C_20_80-01.txt,4.194,0.100,0.419,6,5.453,1300.07,0.909,4.797,0.000
26,ec.gp.GPIndividual@1343405728{776580355},3C_20_80-01.txt,4.194,0.100,0.419,4,1.438,342.71,0.359,4.797,0.000
26,ec.gp.GPIndividual@1343405728{776580355},3C_20_66-01.txt,7.322,0.100,0.732,2,1.625,221.93,0.813,4.797,0.000
26,ec.gp.GPIndividual@1343405728{776580355},3C_20_50-03.txt,30.993,0.100,3.099,10,2.813,90.75,0.281,4.797,0.000
26,ec.gp.GPIndividual@1343405728{776580355},3C_20_66-02.txt,154.245,0.100,15.424,7,0.641,4.15,0.092,4.797,0.000
26,ec.gp.GPIndividual@1343405728{776580355},3C_20_50-03.txt,30.993,0.100,3.099,5,2.094,67.56,0.419,4.797,0.000
26,ec.gp.GPIndividual@1343405728{776580355},3C_20_80-02.txt,35.738,0.100,3.574,10,5.266,147.34,0.527,4.797,0.000
26,ec.gp.GPIndividual@1343405728{776580355},3C_20_80-02.txt,35.738,0.100,3.574,3,3.500,97.93,1.167,4.797,0.000
26,ec.gp.GPIndividual@1343405728{776580355},3C_20_66-03.txt,118.340,0.100,11.834,8,3.703,31.29,0.463,4.797,0.000
26,ec.gp.GPIndividual@1343405728{776580355},3C_20_80-02.txt,35.738,0.100,3.574,12,3.703,103.62,0.309,4.797,0.000
26,ec.gp.GPIndividual@1343405728{776580355},3C_20_66-01.txt,7.322,0.100,0.732,3,2.734,373.44,0.911,4.797,0.000
26,ec.gp.GPIndividual@1343405728{776580355},3C_20_80-03.txt,169.439,0.100,16.944,11,17.172,101.35,1.561,4.844,0.000
26,ec.gp.GPIndividual@1343405728{776580355},3C_20_80-01.txt,4.194,0.100,0.419,2,0.172,40.98,0.086,4.844,0.000
26,ec.gp.GPIndividual@1343405728{776580355},3C_20_80-02.txt,35.738,0.100,3.574,3,2.594,72.58,0.865,4.844,0.000
26,ec.gp.GPIndividual@1343405728{776580355},3C_20_66-02.txt,154.245,0.100,15.424,6,4.500,29.17,0.750,4.844,0.000
26,ec.gp.GPIndividual@1343405728{776580355},3C_20_80-03.txt,169.439,0.100,16.944,8,16.766,98.95,2.096,5.766,0.000
26,ec.gp.GPIndividual@1343405728{776580355},3C_20_80-03.txt,169.439,0.100,16.944,6,13.609,80.32,2.268,5.766,0.000
26,ec.gp.GPIndividual@1949966312{343568128},3C_20_50-02.txt,61.404,0.100,6.140,3,7.000,114.00,2.333,6.469,0.000
26,ec.gp.GPIndividual@836579927{343568128},3C_20_50-02.txt,61.404,0.100,6.140,7,5.656,92.11,0.808,1.766,0.000
26,ec.gp.GPIndividual@836579927{343568128},3C_20_66-03.txt,118.340,0.100,11.834,3,3.719,31.42,1.240,3.719,0.000
26,ec.gp.GPIndividual@836579927{343568128},3C_20_80-03.txt,169.439,0.100,16.944,11,17.000,100.33,1.545,6.172,0.000
26,ec.gp.GPIndividual@777276366{-100430291},3C_20_50-02.txt,61.404,0.100,6.140,8,3.844,62.60,0.480,2.484,0.000
26,ec.gp.GPIndividual@777276366{-100430291},3C_20_50-03.txt,30.993,0.100,3.099,6,0.672,21.68,0.112,2.484,0.000
26,ec.gp.GPIndividual@777276366{-100430291},3C_20_50-03.txt,30.993,0.100,3.099,2,4.188,135.11,2.094,4.188,0.000
26,ec.gp.GPIndividual@777276366{-100430291},3C_20_66-01.txt,7.322,0.100,0.732,4,3.531,482.27,0.883,4.188,0.000
26,ec.gp.GPIndividual@777276366{-100430291},3C_20_66-01.txt,7.322,0.100,0.732,2,4.797,655.12,2.398,4.797,0.000
26,ec.gp.GPIndividual@777276366{-100430291},3C_20_80-01.txt,4.194,0.100,0.419,3,0.656,156.46,0.219,4.797,0.000
26,ec.gp.GPIndividual@777276366{-100430291},3C_20_50-03.txt,30.993,0.100,3.099,13,8.234,265.69,0.633,5.578,0.000
26,ec.gp.GPIndividual@337778416{1110894977},3C_20_50-02.txt,61.404,0.100,6.140,17,6.516,106.11,0.383,1.422,0.000
26,ec.gp.GPIndividual@337778416{1110894977},3C_20_66-02.txt,154.245,0.100,15.424,13,14.344,92.99,1.103,2.469,0.000
26,ec.gp.GPIndividual@337778416{1110894977},3C_20_66-02.txt,154.245,0.100,15.424,9,8.906,57.74,0.990,4.203,0.000
26,ec.gp.GPIndividual@337778416{1110894977},3C_20_50-03.txt,30.993,0.100,3.099,2,5.047,162.84,2.523,4.203,0.000
26,ec.gp.GPIndividual@337778416{1110894977},3C_20_66-01.txt,7.322,0.100,0.732,2,2.563,349.96,1.281,4.203,0.000
26,ec.gp.GPIndividual@337778416{1110894977},3C_20_66-03.txt,118.340,0.100,11.834,5,2.500,21.13,0.500,4.203,0.000
26,ec.gp.GPIndividual@337778416{1110894977},3C_20_66-03.txt,118.340,0.100,11.834,7,11.234,94.93,1.605,5.797,0.000
26,ec.gp.GPIndividual@337778416{1110894977},3C_20_80-02.txt,35.738,0.100,3.574,2,1.453,40.66,0.727,5.797,0.000
26,ec.gp.GPIndividual@337778416{1110894977},3C_20_66-02.txt,154.245,0.100,15.424,7,13.469,87.32,1.924,5.797,0.000
26,ec.gp.GPIndividual@337778416{1110894977},3C_20_66-01.txt,7.322,0.100,0.732,3,5.156,704.20,1.719,5.797,0.000
26,ec.gp.GPIndividual@337778416{1110894977},3C_20_80-01.txt,4.194,0.100,0.419,4,0.656,156.46,0.164,5.797,0.000
26,ec.gp.GPIndividual@337778416{1110894977},3C_20_66-02.txt,154.245,0.100,15.424,13,18.328,118.82,1.410,5.797,0.000
26,ec.gp.GPIndividual@337778416{1110894977},3C_20_66-01.txt,7.322,0.100,0.732,1,0.328,44.81,0.328,5.797,0.000
26,ec.gp.GPIndividual@337778416{1110894977},3C_20_66-02.txt,154.245,0.100,15.424,13,15.484,100.39,1.191,5.797,0.000
26,ec.gp.GPIndividual@337778416{1110894977},3C_20_66-03.txt,118.340,0.100,11.834,4,4.500,38.03,1.125,5.797,0.000
26,ec.gp.GPIndividual@337778416{1110894977},3C_20_80-02.txt,35.738,0.100,3.574,4,7.109,198.93,1.777,5.797,0.000
26,ec.gp.GPIndividual@337778416{1110894977},3C_20_66-03.txt,118.340,0.100,11.834,3,0.516,4.36,0.172,5.797,0.000
26,ec.gp.GPIndividual@337778416{1110894977},3C_20_80-03.txt,169.439,0.100,16.944,4,5.453,32.18,1.363,5.797,0.000
26,ec.gp.GPIndividual@337778416{1110894977},3C_20_66-03.txt,118.340,0.100,11.834,6,17.625,148.94,2.938,5.797,0.000
26,ec.gp.GPIndividual@337778416{1110894977},3C_20_80-01.txt,4.194,0.100,0.419,2,1.281,305.46,0.641,5.797,0.000
26,ec.gp.GPIndividual@337778416{1110894977},3C_20_80-03.txt,169.439,0.100,16.944,10,17.156,101.25,1.716,6.094,0.000
26,ec.gp.GPIndividual@337778416{1110894977},3C_20_80-02.txt,35.738,0.100,3.574,5,3.813,106.68,0.763,6.094,0.000
26,ec.gp.GPIndividual@64942435{343568128},3C_20_50-02.txt,61.404,0.100,6.140,6,7.031,114.51,1.172,4.328,0.000
26,ec.gp.GPIndividual@64942435{343568128},3C_20_80-01.txt,4.194,0.100,0.419,3,0.641,152.73,0.214,4.328,0.000
26,ec.gp.GPIndividual@64942435{343568128},3C_20_50-03.txt,30.993,0.100,3.099,4,5.953,192.08,1.488,5.828,0.000
26,ec.gp.GPIndividual@41318296{753425794},3C_20_50-02.txt,61.404,0.100,6.140,0,0.000,0.00,0.000,0.000,0.000
26,ec.gp.GPIndividual@41318296{753425794},3C_20_50-03.txt,30.993,0.100,3.099,0,0.000,0.00,0.000,0.000,0.000
26,ec.gp.GPIndividual@41318296{753425794},3C_20_66-01.txt,7.322,0.100,0.732,0,0.000,0.00,0.000,0.000,0.000
26,ec.gp.GPIndividual@41318296{753425794},3C_20_66-02.txt,154.245,0.100,15.424,0,0.000,0.00,0.000,0.000,0.000
26,ec.gp.GPIndividual@41318296{753425794},3C_20_66-03.txt,118.340,0.100,11.834,0,0.000,0.00,0.000,0.000,0.000
26,ec.gp.GPIndividual@41318296{753425794},3C_20_80-01.txt,4.194,0.100,0.419,0,0.000,0.00,0.000,0.000,0.000
26,ec.gp.GPIndividual@41318296{753425794},3C_20_80-02.txt,35.738,0.100,3.574,0,0.000,0.00,0.000,0.000,0.000
26,ec.gp.GPIndividual@41318296{753425794},3C_20_80-03.txt,169.439,0.100,16.944,0,0.000,0.00,0.000,0.000,0.000
26,ec.gp.GPIndividual@1852615769{-734969456},3C_20_50-02.txt,61.404,0.100,6.140,1,0.000,0.00,0.000,0.000,0.000
26,ec.gp.GPIndividual@1852615769{-734969456},3C_20_50-03.txt,30.993,0.100,3.099,1,0.000,0.00,0.000,0.000,0.000
26,ec.gp.GPIndividual@1852615769{-734969456},3C_20_66-01.txt,7.322,0.100,0.732,1,0.000,0.00,0.000,0.000,0.000
26,ec.gp.GPIndividual@1852615769{-734969456},3C_20_66-02.txt,154.245,0.100,15.424,1,0.000,0.00,0.000,0.000,0.000
26,ec.gp.GPIndividual@1852615769{-734969456},3C_20_66-03.txt,118.340,0.100,11.834,1,0.000,0.00,0.000,0.000,0.000
26,ec.gp.GPIndividual@1852615769{-734969456},3C_20_80-01.txt,4.194,0.100,0.419,1,0.000,0.00,0.000,0.000,0.000
26,ec.gp.GPIndividual@1852615769{-734969456},3C_20_80-02.txt,35.738,0.100,3.574,1,0.000,0.00,0.000,0.000,0.000
26,ec.gp.GPIndividual@1852615769{-734969456},3C_20_80-03.txt,169.439,0.100,16.944,1,0.000,0.00,0.000,0.000,0.000
26,ec.gp.GPIndividual@214732102{1620241429},3C_20_50-02.txt,61.404,0.100,6.140,9,5.984,97.46,0.665,3.781,0.000
26,ec.gp.GPIndividual@23307064{343568128},3C_20_50-02.txt,61.404,0.100,6.140,8,5.969,97.20,0.746,1.609,0.000
26,ec.gp.GPIndividual@23307064{343568128},3C_20_50-03.txt,30.993,0.100,3.099,2,0.609,19.66,0.305,1.609,0.000
26,ec.gp.GPIndividual@23307064{343568128},3C_20_50-03.txt,30.993,0.100,3.099,3,1.125,36.30,0.375,1.609,0.000
26,ec.gp.GPIndividual@23307064{343568128},3C_20_80-02.txt,35.738,0.100,3.574,5,3.641,101.87,0.728,1.609,0.000
26,ec.gp.GPIndividual@23307064{343568128},3C_20_66-01.txt,7.322,0.100,0.732,4,0.656,89.62,0.164,1.609,0.000
26,ec.gp.GPIndividual@23307064{343568128},3C_20_80-03.txt,169.439,0.100,16.944,15,13.984,82.53,0.932,3.797,0.000
26,ec.gp.GPIndividual@608254242{2118587753},3C_20_50-02.txt,61.404,0.100,6.140,4,4.922,80.16,1.230,4.766,0.000
26,ec.gp.GPIndividual@608254242{2118587753},3C_20_66-02.txt,154.245,0.100,15.424,13,13.703,88.84,1.054,4.766,0.000
26,ec.gp.GPIndividual@608254242{2118587753},3C_20_66-01.txt,7.322,0.100,0.732,3,1.734,236.87,0.578,4.766,0.000
26,ec.gp.GPIndividual@608254242{2118587753},3C_20_66-03.txt,118.340,0.100,11.834,7,3.375,28.52,0.482,4.766,0.000
26,ec.gp.GPIndividual@608254242{2118587753},3C_20_50-03.txt,30.993,0.100,3.099,5,2.891,93.27,0.578,4.766,0.000
26,ec.gp.GPIndividual@608254242{2118587753},3C_20_66-02.txt,154.245,0.100,15.424,14,15.938,103.33,1.138,4.766,0.000
26,ec.gp.GPIndividual@608254242{2118587753},3C_20_80-01.txt,4.194,0.100,0.419,2,2.391,569.94,1.195,4.766,0.000
26,ec.gp.GPIndividual@608254242{2118587753},3C_20_66-03.txt,118.340,0.100,11.834,12,11.531,97.44,0.961,4.766,0.000
26,ec.gp.GPIndividual@608254242{2118587753},3C_20_80-01.txt,4.194,0.100,0.419,2,0.813,193.71,0.406,4.766,0.000
26,ec.gp.GPIndividual@608254242{2118587753},3C_20_80-02.txt,35.738,0.100,3.574,3,1.672,46.78,0.557,4.766,0.000
26,ec.gp.GPIndividual@608254242{2118587753},3C_20_66-01.txt,7.322,0.100,0.732,4,0.734,100.29,0.184,4.766,0.000
26,ec.gp.GPIndividual@608254242{2118587753},3C_20_80-02.txt,35.738,0.100,3.574,10,3.797,106.24,0.380,4.766,0.000
26,ec.gp.GPIndividual@608254242{2118587753},3C_20_80-03.txt,169.439,0.100,16.944,2,0.078,0.46,0.039,4.766,0.000
26,ec.gp.GPIndividual@608254242{2118587753},3C_20_66-02.txt,154.245,0.100,15.424,13,11.422,74.05,0.879,4.766,0.000
26,ec.gp.GPIndividual@1978714223{-1855552270},3C_20_50-02.txt,61.404,0.100,6.140,3,0.281,4.58,0.094,0.250,0.000
26,ec.gp.GPIndividual@1978714223{-1855552270},3C_20_50-03.txt,30.993,0.100,3.099,5,2.203,71.09,0.441,1.000,0.000
26,ec.gp.GPIndividual@1978714223{-1855552270},3C_20_66-01.txt,7.322,0.100,0.732,5,0.594,81.09,0.119,1.000,0.000
26,ec.gp.GPIndividual@1978714223{-1855552270},3C_20_66-02.txt,154.245,0.100,15.424,9,10.000,64.83,1.111,5.250,0.000
26,ec.gp.GPIndividual@1978714223{-1855552270},3C_20_66-03.txt,118.340,0.100,11.834,6,9.563,80.81,1.594,5.250,0.000
26,ec.gp.GPIndividual@1978714223{-1855552270},3C_20_80-01.txt,4.194,0.100,0.419,3,0.297,70.78,0.099,5.250,0.000
26,ec.gp.GPIndividual@1978714223{-1855552270},3C_20_80-02.txt,35.738,0.100,3.574,8,2.719,76.07,0.340,5.250,0.000
26,ec.gp.GPIndividual@1978714223{-1855552270},3C_20_80-03.txt,169.439,0.100,16.944,4,11.172,65.93,2.793,6.516,0.000
27,ec.gp.GPIndividual@1612003381{22417589},3C_20_50-02.txt,61.404,0.100,6.140,5,0.750,12.21,0.150,0.188,0.000
27,ec.gp.GPIndividual@1612003381{22417589},3C_20_50-03.txt,30.993,0.100,3.099,9,4.250,137.13,0.472,1.297,0.000
27,ec.gp.GPIndividual@1612003381{22417589},3C_20_66-01.txt,7.322,0.100,0.732,4,0.156,21.34,0.039,1.297,0.000
27,ec.gp.GPIndividual@1612003381{22417589},3C_20_50-03.txt,30.993,0.100,3.099,2,0.313,10.08,0.156,1.297,0.000
27,ec.gp.GPIndividual@1612003381{22417589},3C_20_66-02.txt,154.245,0.100,15.424,6,5.563,36.06,0.927,1.734,0.000
27,ec.gp.GPIndividual@1612003381{22417589},3C_20_50-03.txt,30.993,0.100,3.099,9,4.094,132.09,0.455,1.734,0.000
27,ec.gp.GPIndividual@1612003381{22417589},3C_20_66-01.txt,7.322,0.100,0.732,2,2.344,320.09,1.172,2.344,0.000
27,ec.gp.GPIndividual@1612003381{22417589},3C_20_66-03.txt,118.340,0.100,11.834,8,7.625,64.43,0.953,2.406,0.000
27,ec.gp.GPIndividual@1612003381{22417589},3C_20_50-03.txt,30.993,0.100,3.099,6,3.484,112.43,0.581,2.406,0.000
27,ec.gp.GPIndividual@1612003381{22417589},3C_20_66-02.txt,154.245,0.100,15.424,9,8.938,57.94,0.993,2.922,0.000
27,ec.gp.GPIndividual@1612003381{22417589},3C_20_50-03.txt,30.993,0.100,3.099,3,3.750,121.00,1.250,2.922,0.000
27,ec.gp.GPIndividual@1612003381{22417589},3C_20_66-03.txt,118.340,0.100,11.834,2,4.844,40.93,2.422,4.844,0.000
27,ec.gp.GPIndividual@1612003381{22417589},3C_20_80-01.txt,4.194,0.100,0.419,2,0.188,44.70,0.094,4.844,0.000
27,ec.gp.GPIndividual@1612003381{22417589},3C_20_80-02.txt,35.738,0.100,3.574,8,3.406,95.31,0.426,4.844,0.000
27,ec.gp.GPIndividual@1612003381{22417589},3C_20_80-03.txt,169.439,0.100,16.944,6,11.859,69.99,1.977,4.844,0.000
27,ec.gp.GPIndividual@1612003381{22417589},3C_20_50-03.txt,30.993,0.100,3.099,8,3.125,100.83,0.391,4.844,0.000
27,ec.gp.GPIndividual@1612003381{22417589},3C_20_66-01.txt,7.322,0.100,0.732,7,1.000,136.57,0.143,4.844,0.000
27,ec.gp.GPIndividual@1612003381{22417589},3C_20_66-01.txt,7.322,0.100,0.732,7,1.031,140.84,0.147,4.844,0.000
27,ec.gp.GPIndividual@1612003381{22417589},3C_20_66-02.txt,154.245,0.100,15.424,10,15.203,98.56,1.520,5.094,0.000
27,ec.gp.GPIndividual@1612003381{22417589},3C_20_66-01.txt,7.322,0.100,0.732,2,2.703,369.17,1.352,5.094,0.000
27,ec.gp.GPIndividual@1612003381{22417589},3C_20_66-03.txt,118.340,0.100,11.834,3,6.047,51.10,2.016,5.734,0.000
27,ec.gp.GPIndividual@2056009223{-1402417758},3C_20_50-02.txt,61.404,0.100,6.140,6,6.391,104.07,1.065,2.781,0.000
27,ec.gp.GPIndividual@2056009223{-1402417758},3C_20_66-01.txt,7.322,0.100,0.732,7,5.063,691.39,0.723,4.391,0.000
27,ec.gp.GPIndividual@2056009223{-1402417758},3C_20_80-01.txt,4.194,0.100,0.419,6,1.828,435.84,0.305,4.391,0.000
27,ec.gp.GPIndividual@2056009223{-1402417758},3C_20_66-02.txt,154.245,0.100,15.424,7,1.625,10.54,0.232,4.391,0.000
27,ec.gp.GPIndividual@2056009223{-1402417758},3C_20_66-02.txt,154.245,0.100,15.424,2,1.656,10.74,0.828,4.391,0.000
27,ec.gp.GPIndividual@2056009223{-1402417758},3C_20_50-03.txt,30.993,0.100,3.099,5,4.094,132.09,0.819,4.391,0.000
27,ec.gp.GPIndividual@2056009223{-1402417758},3C_20_66-02.txt,154.245,0.100,15.424,9,17.078,110.72,1.898,4.875,0.000
27,ec.gp.GPIndividual@2056009223{-1402417758},3C_20_66-03.txt,118.340,0.100,11.834,3,0.344,2.90,0.115,4.875,0.000
27,ec.gp.GPIndividual@2056009223{-1402417758},3C_20_66-03.txt,118.340,0.100,11.834,4,5.156,43.57,1.289,4.875,0.000
27,ec.gp.GPIndividual@2056009223{-1402417758},3C_20_66-01.txt,7.322,0.100,0.732,3,0.516,70.42,0.172,4.875,0.000
27,ec.gp.GPIndividual@2056009223{-1402417758},3C_20_66-02.txt,154.245,0.100,15.424,8,8.516,55.21,1.064,4.875,0.000
27,ec.gp.GPIndividual@2056009223{-1402417758},3C_20_80-02.txt,35.738,0.100,3.574,3,2.906,81.32,0.969,4.875,0.000
27,ec.gp.GPIndividual@2056009223{-1402417758},3C_20_66-03.txt,118.340,0.100,11.834,6,13.109,110.78,2.185,4.875,0.000
27,ec.gp.GPIndividual@2056009223{-1402417758},3C_20_80-03.txt,169.439,0.100,16.944,7,7.344,43.34,1.049,5.031,0.000
27,ec.gp.GPIndividual@2056009223{-1402417758},3C_20_66-03.txt,118.340,0.100,11.834,6,12.141,102.59,2.023,5.031,0.000
27,ec.gp.GPIndividual@2056009223{-1402417758},3C_20_80-01.txt,4.194,0.100,0.419,6,0.531,126.65,0.089,5.031,0.000
27,ec.gp.GPIndividual@2056009223{-1402417758},3C_20_80-02.txt,35.738,0.100,3.574,2,4.359,121.98,2.180,5.031,0.000
27,ec.gp.GPIndividual@2056009223{-1402417758},3C_20_80-01.txt,4.194,0.100,0.419,2,1.750,417.21,0.875,5.031,0.000
27,ec.gp.GPIndividual@2056009223{-1402417758},3C_20_80-01.txt,4.194,0.100,0.419,3,6.063,1445.35,2.021,5.750,0.000
27,ec.gp.GPIndividual@544382267{-2111389630},3C_20_50-02.txt,61.404,0.100,6.140,12,11.547,188.05,0.962,4.891,0.000
27,ec.gp.GPIndividual@544382267{-2111389630},3C_20_50-03.txt,30.993,0.100,3.099,1,0.000,0.00,0.000,4.891,0.000
27,ec.gp.GPIndividual@544382267{-2111389630},3C_20_80-01.txt,4.194,0.100,0.419,2,1.109,264.48,0.555,4.891,0.000
27,ec.gp.GPIndividual@544382267{-2111389630},3C_20_80-02.txt,35.738,0.100,3.574,5,1.359,38.04,0.272,4.891,0.000
27,ec.gp.GPIndividual@544382267{-2111389630},3C_20_80-03.txt,169.439,0.100,16.944,8,3.406,20.10,0.426,4.891,0.000
27,ec.gp.GPIndividual@544382267{-2111389630},3C_20_80-02.txt,35.738,0.100,3.574,4,3.125,87.44,0.781,4.891,0.000
27,ec.gp.GPIndividual@544382267{-2111389630},3C_20_80-03.txt,169.439,0.100,16.944,9,17.125,101.07,1.903,4.891,0.000
27,ec.gp.GPIndividual@544382267{-2111389630},3C_20_66-01.txt,7.322,0.100,0.732,2,5.828,795.95,2.914,5.828,0.000
27,ec.gp.GPIndividual@1875547166{603378233},3C_20_50-02.txt,61.404,0.100,6.140,4,1.172,19.08,0.293,0.484,0.000
27,ec.gp.GPIndividual@1875547166{603378233},3C_20_50-03.txt,30.993,0.100,3.099,3,3.297,106.38,1.099,2.438,0.000
27,ec.gp.GPIndividual@1875547166{603378233},3C_20_80-01.txt,4.194,0.100,0.419,4,3.859,920.11,0.965,3.516,0.000
27,ec.gp.GPIndividual@1875547166{603378233},3C_20_80-02.txt,35.738,0.100,3.574,2,5.688,159.14,2.844,5.688,0.000
27,ec.gp.GPIndividual@572259467{-1013727822},3C_20_50-02.txt,61.404,0.100,6.140,5,2.922,47.58,0.584,1.391,0.000
27,ec.gp.GPIndividual@572259467{-1013727822},3C_20_66-01.txt,7.322,0.100,0.732,5,1.047,142.97,0.209,1.391,0.000
27,ec.gp.GPIndividual@572259467{-1013727822},3C_20_66-02.txt,154.245,0.100,15.424,3,0.953,6.18,0.318,1.391,0.000
27,ec.gp.GPIndividual@572259467{-1013727822},3C_20_66-02.txt,154.245,0.100,15.424,4,0.141,0.91,0.035,1.391,0.000
27,ec.gp.GPIndividual@572259467{-1013727822},3C_20_50-03.txt,30.993,0.100,3.099,5,3.906,126.04,0.781,1.594,0.000
27,ec.gp.GPIndividual@572259467{-1013727822},3C_20_80-02.txt,35.738,0.100,3.574,6,5.063,141.66,0.844,2.172,0.000
27,ec.gp.GPIndividual@572259467{-1013727822},3C_20_66-03.txt,118.340,0.100,11.834,6,1.375,11.62,0.229,2.172,0.000
27,ec.gp.GPIndividual@572259467{-1013727822},3C_20_80-03.txt,169.439,0.100,16.944,2,2.344,13.83,1.172,2.344,0.000
27,ec.gp.GPIndividual@572259467{-1013727822},3C_20_66-03.txt,118.340,0.100,11.834,11,12.438,105.10,1.131,4.078,0.000
27,ec.gp.GPIndividual@572259467{-1013727822},3C_20_66-01.txt,7.322,0.100,0.732,8,5.453,744.74,0.682,4.766,0.000
27,ec.gp.GPIndividual@572259467{-1013727822},3C_20_66-02.txt,154.245,0.100,15.424,5,7.078,45.89,1.416,4.766,0.000
27,ec.gp.GPIndividual@572259467{-1013727822},3C_20_80-01.txt,4.194,0.100,0.419,2,1.375,327.81,0.688,4.766,0.000
27,ec.gp.GPIndividual@572259467{-1013727822},3C_20_80-03.txt,169.439,0.100,16.944,2,0.234,1.38,0.117,4.766,0.000
27,ec.gp.GPIndividual@572259467{-1013727822},3C_20_80-02.txt,35.738,0.100,3.574,2,5.844,163.52,2.922,5.844,0.000
27,ec.gp.GPIndividual@1288448222{-2055915598},3C_20_50-02.txt,61.404,0.100,6.140,1,0.531,8.65,0.531,0.531,0.531
27,ec.gp.GPIndividual@1288448222{-2055915598},3C_20_50-03.txt,30.993,0.100,3.099,1,1.578,50.92,1.578,1.578,0.531
27,ec.gp.GPIndividual@1288448222{-2055915598},3C_20_80-03.txt,169.439,0.100,16.944,4,2.125,12.54,0.531,2.125,0.000
27,ec.gp.GPIndividual@1288448222{-2055915598},3C_20_80-03.txt,169.439,0.100,16.944,3,3.828,22.59,1.276,2.453,0.000
27,ec.gp.GPIndividual@1288448222{-2055915598},3C_20_66-01.txt,7.322,0.100,0.732,6,1.906,260.34,0.318,2.453,0.000
27,ec.gp.GPIndividual@1288448222{-2055915598},3C_20_66-03.txt,118.340,0.100,11.834,9,11.344,95.86,1.260,5.578,0.000
27,ec.gp.GPIndividual@206580031{1675410273},3C_20_50-02.txt,61.404,0.100,6.140,5,6.219,101.28,1.244,3.125,0.000
27,ec.gp.GPIndividual@206580031{1675410273},3C_20_66-02.txt,154.245,0.100,15.424,1,5.859,37.99,5.859,5.859,0.000
27,ec.gp.GPIndividual@1665968146{-787688803},3C_20_50-02.txt,61.404,0.100,6.140,5,13.281,216.29,2.656,6.391,0.000
27,ec.gp.GPIndividual@2039435345{1206065373},3C_20_50-02.txt,61.404,0.100,6.140,3,1.203,19.59,0.401,1.203,0.000
27,ec.gp.GPIndividual@2039435345{1206065373},3C_20_80-01.txt,4.194,0.100,0.419,3,0.781,186.26,0.260,1.203,0.000
27,ec.gp.GPIndividual@2039435345{1206065373},3C_20_50-03.txt,30.993,0.100,3.099,2,4.141,133.60,2.070,2.406,0.000
27,ec.gp.GPIndividual@2039435345{1206065373},3C_20_50-03.txt,30.993,0.100,3.099,5,3.094,99.82,0.619,2.406,0.000
27,ec.gp.GPIndividual@2039435345{1206065373},3C_20_80-02.txt,35.738,0.100,3.574,3,0.297,8.31,0.099,2.406,0.000
27,ec.gp.GPIndividual@2039435345{1206065373},3C_20_66-03.txt,118.340,0.100,11.834,9,10.031,84.77,1.115,2.484,0.000
27,ec.gp.GPIndividual@2039435345{1206065373},3C_20_50-03.txt,30.993,0.100,3.099,6,7.563,244.01,1.260,3.047,0.000
27,ec.gp.GPIndividual@2039435345{1206065373},3C_20_66-01.txt,7.322,0.100,0.732,8,1.422,194.19,0.178,3.047,0.000
27,ec.gp.GPIndividual@2039435345{1206065373},3C_20_80-01.txt,4.194,0.100,0.419,2,4.172,994.61,2.086,4.172,0.000
27,ec.gp.GPIndividual@2039435345{1206065373},3C_20_66-01.txt,7.322,0.100,0.732,5,0.891,121.63,0.178,4.172,0.000
27,ec.gp.GPIndividual@2039435345{1206065373},3C_20_80-03.txt,169.439,0.100,16.944,6,6.484,38.27,1.081,4.750,0.000
27,ec.gp.GPIndividual@2039435345{1206065373},3C_20_80-01.txt,4.194,0.100,0.419,4,0.516,122.93,0.129,4.750,0.000
27,ec.gp.GPIndividual@2039435345{1206065373},3C_20_80-02.txt,35.738,0.100,3.574,5,3.391,94.87,0.678,4.750,0.000
27,ec.gp.GPIndividual@2039435345{1206065373},3C_20_80-02.txt,35.738,0.100,3.574,5,3.391,94.87,0.678,4.750,0.000
27,ec.gp.GPIndividual@2039435345{1206065373},3C_20_66-02.txt,154.245,0.100,15.424,7,10.078,65.34,1.440,4.750,0.000
27,ec.gp.GPIndividual@2039435345{1206065373},3C_20_66-02.txt,154.245,0.100,15.424,8,14.656,95.02,1.832,5.781,0.000
27,ec.gp.GPIndividual@2039435345{1206065373},3C_20_66-03.txt,118.340,0.100,11.834,3,1.234,10.43,0.411,5.781,0.000
27,ec.gp.GPIndividual@2039435345{1206065373},3C_20_80-03.txt,169.439,0.100,16.944,6,6.734,39.75,1.122,5.781,0.000
27,ec.gp.GPIndividual@97536616{-444439213},3C_20_50-02.txt,61.404,0.100,6.140,5,5.719,93.13,1.144,3.828,0.000
27,ec.gp.GPIndividual@97536616{-444439213},3C_20_80-03.txt,169.439,0.100,16.944,1,1.641,9.68,1.641,3.828,0.000
27,ec.gp.GPIndividual@97536616{-444439213},3C_20_50-03.txt,30.993,0.100,3.099,4,3.375,108.90,0.844,3.828,0.000
27,ec.gp.GPIndividual@97536616{-444439213},3C_20_66-03.txt,118.340,0.100,11.834,2,0.344,2.90,0.172,3.828,0.000
27,ec.gp.GPIndividual@97536616{-444439213},3C_20_66-01.txt,7.322,0.100,0.732,4,5.359,731.94,1.340,4.859,0.000
27,ec.gp.GPIndividual@97536616{-444439213},3C_20_66-02.txt,154.245,0.100,15.424,3,4.719,30.59,1.573,4.859,0.000
27,ec.gp.GPIndividual@97536616{-444439213},3C_20_66-01.txt,7.322,0.100,0.732,7,0.859,117.37,0.123,4.859,0.000
27,ec.gp.GPIndividual@97536616{-444439213},3C_20_66-02.txt,154.245,0.100,15.424,6,17.969,116.49,2.995,6.156,0.000
27,ec.gp.GPIndividual@1756216304{1305518400},3C_20_50-02.txt,61.404,0.100,6.140,9,6.328,103.06,0.703,4.750,0.000
27,ec.gp.GPIndividual@1756216304{1305518400},3C_20_80-01.txt,4.194,0.100,0.419,2,1.547,368.79,0.773,4.750,0.000
27,ec.gp.GPIndividual@1756216304{1305518400},3C_20_66-03.txt,118.340,0.100,11.834,3,0.313,2.64,0.104,4.750,0.000
27,ec.gp.GPIndividual@1756216304{1305518400},3C_20_50-03.txt,30.993,0.100,3.099,5,5.484,176.96,1.097,4.750,0.000
27,ec.gp.GPIndividual@698254069{-86560650},3C_20_50-02.txt,61.404,0.100,6.140,5,7.000,114.00,1.400,5.328,0.000
27,ec.gp.GPIndividual@698254069{-86560650},3C_20_66-03.txt,118.340,0.100,11.834,11,12.750,107.74,1.159,5.328,0.000
27,ec.gp.GPIndividual@698254069{-86560650},3C_20_80-01.txt,4.194,0.100,0.419,3,0.344,81.95,0.115,5.328,0.000
27,ec.gp.GPIndividual@698254069{-86560650},3C_20_80-02.txt,35.738,0.100,3.574,4,7.359,205.92,1.840,5.328,0.000
27,ec.gp.GPIndividual@698254069{-86560650},3C_20_80-01.txt,4.194,0.100,0.419,1,4.078,972.26,4.078,5.328,0.000
27,ec.gp.GPIndividual@698254069{-86560650},3C_20_66-01.txt,7.322,0.100,0.732,4,5.000,682.86,1.250,5.328,0.000
27,ec.gp.GPIndividual@698254069{-86560650},3C_20_80-01.txt,4.194,0.100,0.419,4,0.359,85.68,0.090,5.328,0.000
27,ec.gp.GPIndividual@698254069{-86560650},3C_20_50-03.txt,30.993,0.100,3.099,10,3.094,99.82,0.309,5.328,0.000
27,ec.gp.GPIndividual@698254069{-86560650},3C_20_80-02.txt,35.738,0.100,3.574,5,4.641,129.85,0.928,5.328,0.000
27,ec.gp.GPIndividual@698254069{-86560650},3C_20_80-02.txt,35.738,0.100,3.574,6,3.125,87.44,0.521,5.328,0.000
27,ec.gp.GPIndividual@698254069{-86560650},3C_20_80-03.txt,169.439,0.100,16.944,7,2.547,15.03,0.364,5.328,0.000
27,ec.gp.GPIndividual@698254069{-86560650},3C_20_66-02.txt,154.245,0.100,15.424,10,13.313,86.31,1.331,5.328,0.000
27,ec.gp.GPIndividual@698254069{-86560650},3C_20_80-03.txt,169.439,0.100,16.944,6,10.969,64.74,1.828,5.328,0.000
27,ec.gp.GPIndividual@698254069{-86560650},3C_20_80-02.txt,35.738,0.100,3.574,3,7.563,211.61,2.521,5.984,0.000
27,ec.gp.GPIndividual@875247613{404639828},3C_20_50-02.txt,61.404,0.100,6.140,6,5.359,87.28,0.893,1.531,0.000
27,ec.gp.GPIndividual@875247613{404639828},3C_20_80-03.txt,169.439,0.100,16.944,10,17.563,103.65,1.756,5.641,0.000
27,ec.gp.GPIndividual@875247613{404639828},3C_20_80-03.txt,169.439,0.100,16.944,3,0.672,3.97,0.224,5.641,0.000
27,ec.gp.GPIndividual@1412099691{-616734058},3C_20_50-02.txt,61.404,0.100,6.140,4,4.266,69.47,1.066,2.469,0.000
27,ec.gp.GPIndividual@1412099691{-616734058},3C_20_50-03.txt,30.993,0.100,3.099,6,4.766,153.77,0.794,2.813,0.000
27,ec.gp.GPIndividual@1412099691{-616734058},3C_20_66-03.txt,118.340,0.100,11.834,0,0.000,0.00,0.000,2.813,0.000
27,ec.gp.GPIndividual@1412099691{-616734058},3C_20_50-03.txt,30.993,0.100,3.099,2,3.469,111.92,1.734,3.469,0.000
27,ec.gp.GPIndividual@1412099691{-616734058},3C_20_66-01.txt,7.322,0.100,0.732,9,2.031,277.41,0.226,3.469,0.000
27,ec.gp.GPIndividual@1412099691{-616734058},3C_20_66-02.txt,154.245,0.100,15.424,8,17.469,113.25,2.184,5.875,0.000
27,ec.gp.GPIndividual@1412099691{-616734058},3C_20_66-03.txt,118.340,0.100,11.834,3,0.344,2.90,0.115,5.875,0.000
27,ec.gp.GPIndividual@184725376{864149084},3C_20_50-02.txt,61.404,0.100,6.140,4,0.000,0.00,0.000,0.000,0.000
27,ec.gp.GPIndividual@184725376{864149084},3C_20_50-03.txt,30.993,0.100,3.099,4,0.000,0.00,0.000,0.000,0.000
27,ec.gp.GPIndividual@184725376{864149084},3C_20_66-01.txt,7.322,0.100,0.732,4,0.000,0.00,0.000,0.000,0.000
27,ec.gp.GPIndividual@184725376{864149084},3C_20_66-02.txt,154.245,0.100,15.424,4,0.000,0.00,0.000,0.000,0.000
27,ec.gp.GPIndividual@184725376{864149084},3C_20_66-03.txt,118.340,0.100,11.834,4,0.000,0.00,0.000,0.000,0.000
27,ec.gp.GPIndividual@184725376{864149084},3C_20_80-01.txt,4.194,0.100,0.419,4,0.000,0.00,0.000,0.000,0.000
27,ec.gp.GPIndividual@184725376{864149084},3C_20_80-02.txt,35.738,0.100,3.574,4,0.000,0.00,0.000,0.000,0.000
27,ec.gp.GPIndividual@184725376{864149084},3C_20_80-03.txt,169.439,0.100,16.944,4,0.000,0.00,0.000,0.000,0.000
27,ec.gp.GPIndividual@105271041{-1430800454},3C_20_50-02.txt,61.404,0.100,6.140,6,8.172,133.08,1.362,4.859,0.000
27,ec.gp.GPIndividual@105271041{-1430800454},3C_20_80-01.txt,4.194,0.100,0.419,3,4.469,1065.39,1.490,4.859,0.000
27,ec.gp.GPIndividual@105271041{-1430800454},3C_20_66-01.txt,7.322,0.100,0.732,3,1.422,194.19,0.474,4.859,0.000
27,ec.gp.GPIndividual@105271041{-1430800454},3C_20_50-03.txt,30.993,0.100,3.099,5,5.891,190.07,1.178,4.859,0.000
27,ec.gp.GPIndividual@105271041{-1430800454},3C_20_80-01.txt,4.194,0.100,0.419,7,0.609,145.28,0.087,4.859,0.000
27,ec.gp.GPIndividual@105271041{-1430800454},3C_20_80-02.txt,35.738,0.100,3.574,8,3.984,111.49,0.498,4.859,0.000
27,ec.gp.GPIndividual@105271041{-1430800454},3C_20_66-01.txt,7.322,0.100,0.732,2,1.453,198.46,0.727,4.859,0.000
27,ec.gp.GPIndividual@105271041{-1430800454},3C_20_80-03.txt,169.439,0.100,16.944,7,1.266,7.47,0.181,4.859,0.000
27,ec.gp.GPIndividual@105271041{-1430800454},3C_20_66-02.txt,154.245,0.100,15.424,13,17.953,116.39,1.381,4.859,0.000
27,ec.gp.GPIndividual@1951121342{93118961},3C_20_50-02.txt,61.404,0.100,6.140,9,5.219,84.99,0.580,2.188,0.000
27,ec.gp.GPIndividual@1951121342{93118961},3C_20_66-03.txt,118.340,0.100,11.834,4,5.016,42.38,1.254,5.016,0.000
27,ec.gp.GPIndividual@1951121342{93118961},3C_20_80-02.txt,35.738,0.100,3.574,7,4.953,138.59,0.708,5.016,0.000
27,ec.gp.GPIndividual@1951121342{93118961},3C_20_66-02.txt,154.245,0.100,15.424,2,0.297,1.92,0.148,5.016,0.000
27,ec.gp.GPIndividual@1951121342{93118961},3C_20_66-01.txt,7.322,0.100,0.732,2,1.000,136.57,0.500,5.016,0.000
27,ec.gp.GPIndividual@1951121342{93118961},3C_20_50-03.txt,30.993,0.100,3.099,6,2.453,79.15,0.409,5.016,0.000
27,ec.gp.GPIndividual@1951121342{93118961},3C_20_80-03.txt,169.439,0.100,16.944,12,17.047,100.61,1.421,5.016,0.000
27,ec.gp.GPIndividual@1951121342{93118961},3C_20_66-01.txt,7.322,0.100,0.732,5,1.891,258.21,0.378,5.016,0.000
27,ec.gp.GPIndividual@1951121342{93118961},3C_20_66-03.txt,118.340,0.100,11.834,5,6.063,51.23,1.213,5.016,0.000
27,ec.gp.GPIndividual@1951121342{93118961},3C_20_66-02.txt,154.245,0.100,15.424,4,2.297,14.89,0.574,5.016,0.000
27,ec.gp.GPIndividual@1951121342{93118961},3C_20_80-01.txt,4.194,0.100,0.419,7,1.469,350.16,0.210,5.016,0.000
27,ec.gp.GPIndividual@1951121342{93118961},3C_20_66-02.txt,154.245,0.100,15.424,7,7.563,49.03,1.080,5.016,0.000
27,ec.gp.GPIndividual@1698428466{1366291925},3C_20_50-02.txt,61.404,0.100,6.140,7,9.125,148.61,1.304,4.703,0.000
27,ec.gp.GPIndividual@1698428466{1366291925},3C_20_80-01.txt,4.194,0.100,0.419,2,1.156,275.66,0.578,4.703,0.000
27,ec.gp.GPIndividual@1698428466{1366291925},3C_20_66-03.txt,118.340,0.100,11.834,4,0.703,5.94,0.176,4.703,0.000
27,ec.gp.GPIndividual@1698428466{1366291925},3C_20_80-02.txt,35.738,0.100,3.574,7,3.359,94.00,0.480,4.703,0.000
27,ec.gp.GPIndividual@1698428466{1366291925},3C_20_66-03.txt,118.340,0.100,11.834,4,1.969,16.64,0.492,4.703,0.000
27,ec.gp.GPIndividual@1698428466{1366291925},3C_20_50-03.txt,30.993,0.100,3.099,6,3.078,99.32,0.513,4.703,0.000
27,ec.gp.GPIndividual@1698428466{1366291925},3C_20_80-03.txt,169.439,0.100,16.944,7,8.766,51.73,1.252,4.750,0.000
27,ec.gp.GPIndividual@1698428466{1366291925},3C_20_80-02.txt,35.738,0.100,3.574,2,4.609,128.98,2.305,4.750,0.000
27,ec.gp.GPIndividual@1698428466{1366291925},3C_20_80-01.txt,4.194,0.100,0.419,3,3.875,923.83,1.292,4.750,0.000
27,ec.gp.GPIndividual@1698428466{1366291925},3C_20_66-01.txt,7.322,0.100,0.732,3,1.563,213.39,0.521,4.750,0.000
27,ec.gp.GPIndividual@1698428466{1366291925},3C_20_80-03.txt,169.439,0.100,16.944,11,16.953,100.05,1.541,4.750,0.000
27,ec.gp.GPIndividual@1698428466{1366291925},3C_20_80-01.txt,4.194,0.100,0.419,2,2.094,499.17,1.047,4.750,0.000
27,ec.gp.GPIndividual@1698428466{1366291925},3C_20_80-02.txt,35.738,0.100,3.574,3,4.828,135.10,1.609,4.750,0.000
27,ec.gp.GPIndividual@39275695{-1257104338},3C_20_50-02.txt,61.404,0.100,6.140,2,1.641,26.72,0.820,1.250,0.391
27,ec.gp.GPIndividual@39275695{-1257104338},3C_20_66-02.txt,154.245,0.100,15.424,5,5.641,36.57,1.128,4.813,0.000
27,ec.gp.GPIndividual@958513561{-1728215679},3C_20_50-02.txt,61.404,0.100,6.140,4,3.094,50.38,0.773,1.516,0.000
27,ec.gp.GPIndividual@958513561{-1728215679},3C_20_50-03.txt,30.993,0.100,3.099,4,5.141,165.87,1.285,1.859,0.000
27,ec.gp.GPIndividual@958513561{-1728215679},3C_20_50-03.txt,30.993,0.100,3.099,5,2.984,96.29,0.597,1.859,0.000
27,ec.gp.GPIndividual@958513561{-1728215679},3C_20_66-01.txt,7.322,0.100,0.732,2,1.156,157.91,0.578,1.859,0.000
27,ec.gp.GPIndividual@958513561{-1728215679},3C_20_80-02.txt,35.738,0.100,3.574,4,2.203,61.65,0.551,1.859,0.000
27,ec.gp.GPIndividual@958513561{-1728215679},3C_20_66-02.txt,154.245,0.100,15.424,4,3.141,20.36,0.785,1.859,0.000
27,ec.gp.GPIndividual@958513561{-1728215679},3C_20_66-03.txt,118.340,0.100,11.834,6,6.359,53.74,1.060,1.859,0.000
27,ec.gp.GPIndividual@958513561{-1728215679},3C_20_66-03.txt,118.340,0.100,11.834,8,13.094,110.65,1.637,4.766,0.000
27,ec.gp.GPIndividual@958513561{-1728215679},3C_20_80-03.txt,169.439,0.100,16.944,12,17.453,103.01,1.454,4.766,0.000
27,ec.gp.GPIndividual@958513561{-1728215679},3C_20_80-03.txt,169.439,0.100,16.944,8,16.359,96.55,2.045,5.609,0.000
27,ec.gp.GPIndividual@958513561{-1728215679},3C_20_80-01.txt,4.194,0.100,0.419,1,1.531,365.06,1.531,5.609,0.000
27,ec.gp.GPIndividual@958513561{-1728215679},3C_20_66-01.txt,7.322,0.100,0.732,3,0.531,72.55,0.177,5.609,0.000
27,ec.gp.GPIndividual@958513561{-1728215679},3C_20_80-02.txt,35.738,0.100,3.574,2,4.141,115.86,2.070,5.609,0.000
27,ec.gp.GPIndividual@661321521{1096608486},3C_20_50-02.txt,61.404,0.100,6.140,0,0.000,0.00,0.000,0.000,0.000
27,ec.gp.GPIndividual@661321521{1096608486},3C_20_50-03.txt,30.993,0.100,3.099,0,0.000,0.00,0.000,0.000,0.000
27,ec.gp.GPIndividual@661321521{1096608486},3C_20_66-01.txt,7.322,0.100,0.732,0,0.000,0.00,0.000,0.000,0.000
27,ec.gp.GPIndividual@661321521{1096608486},3C_20_66-02.txt,154.245,0.100,15.424,0,0.000,0.00,0.000,0.000,0.000
27,ec.gp.GPIndividual@661321521{1096608486},3C_20_66-03.txt,118.340,0.100,11.834,0,0.000,0.00,0.000,0.000,0.000
27,ec.gp.GPIndividual@661321521{1096608486},3C_20_80-01.txt,4.194,0.100,0.419,0,0.000,0.00,0.000,0.000,0.000
27,ec.gp.GPIndividual@661321521{1096608486},3C_20_80-02.txt,35.738,0.100,3.574,0,0.000,0.00,0.000,0.000,0.000
27,ec.gp.GPIndividual@661321521{1096608486},3C_20_80-03.txt,169.439,0.100,16.944,0,0.000,0.00,0.000,0.000,0.000
27,ec.gp.GPIndividual@1565895615{1304901370},3C_20_50-02.txt,61.404,0.100,6.140,3,1.000,16.29,0.333,0.750,0.000
27,ec.gp.GPIndividual@1565895615{1304901370},3C_20_50-03.txt,30.993,0.100,3.099,2,4.719,152.25,2.359,4.719,0.000
27,ec.gp.GPIndividual@1029109138{972172248},3C_20_50-02.txt,61.404,0.100,6.140,0,0.000,0.00,0.000,0.000,0.000
27,ec.gp.GPIndividual@1029109138{972172248},3C_20_50-03.txt,30.993,0.100,3.099,0,0.000,0.00,0.000,0.000,0.000
27,ec.gp.GPIndividual@1029109138{972172248},3C_20_66-01.txt,7.322,0.100,0.732,0,0.000,0.00,0.000,0.000,0.000
27,ec.gp.GPIndividual@1029109138{972172248},3C_20_66-02.txt,154.245,0.100,15.424,0,0.000,0.00,0.000,0.000,0.000
27,ec.gp.GPIndividual@1029109138{972172248},3C_20_66-03.txt,118.340,0.100,11.834,0,0.000,0.00,0.000,0.000,0.000
27,ec.gp.GPIndividual@1029109138{972172248},3C_20_80-01.txt,4.194,0.100,0.419,0,0.000,0.00,0.000,0.000,0.000
27,ec.gp.GPIndividual@1029109138{972172248},3C_20_80-02.txt,35.738,0.100,3.574,0,0.000,0.00,0.000,0.000,0.000
27,ec.gp.GPIndividual@1029109138{972172248},3C_20_80-03.txt,169.439,0.100,16.944,0,0.000,0.00,0.000,0.000,0.000
27,ec.gp.GPIndividual@1591440796{343568128},3C_20_50-02.txt,61.404,0.100,6.140,7,4.484,73.03,0.641,2.047,0.000
27,ec.gp.GPIndividual@1591440796{343568128},3C_20_80-01.txt,4.194,0.100,0.419,2,1.359,324.09,0.680,2.047,0.000
27,ec.gp.GPIndividual@1591440796{343568128},3C_20_50-03.txt,30.993,0.100,3.099,3,6.609,213.26,2.203,6.422,0.000
27,ec.gp.GPIndividual@1591440796{343568128},3C_20_80-02.txt,35.738,0.100,3.574,4,6.922,193.68,1.730,6.422,0.000
27,ec.gp.GPIndividual@1128641133{-1257104338},3C_20_50-02.txt,61.404,0.100,6.140,8,4.938,80.41,0.617,1.250,0.000
27,ec.gp.GPIndividual@1128641133{-1257104338},3C_20_50-03.txt,30.993,0.100,3.099,5,4.297,138.64,0.859,2.188,0.000
27,ec.gp.GPIndividual@1128641133{-1257104338},3C_20_80-02.txt,35.738,0.100,3.574,4,0.453,12.68,0.113,2.188,0.000
27,ec.gp.GPIndividual@1128641133{-1257104338},3C_20_80-03.txt,169.439,0.100,16.944,9,9.016,53.21,1.002,2.516,0.000
27,ec.gp.GPIndividual@1128641133{-1257104338},3C_20_66-01.txt,7.322,0.100,0.732,1,0.828,113.10,0.828,2.516,0.000
27,ec.gp.GPIndividual@1128641133{-1257104338},3C_20_80-03.txt,169.439,0.100,16.944,4,4.297,25.36,1.074,3.281,0.000
27,ec.gp.GPIndividual@1128641133{-1257104338},3C_20_66-02.txt,154.245,0.100,15.424,3,5.656,36.67,1.885,3.328,0.000
27,ec.gp.GPIndividual@1128641133{-1257104338},3C_20_66-03.txt,118.340,0.100,11.834,3,8.813,74.47,2.938,5.359,0.000
27,ec.gp.GPIndividual@2115819676{209558500},3C_20_50-02.txt,61.404,0.100,6.140,3,6.844,111.45,2.281,3.375,0.219
27,ec.gp.GPIndividual@1322349291{1154373271},3C_20_50-02.txt,61.404,0.100,6.140,9,4.484,73.03,0.498,0.844,0.000
27,ec.gp.GPIndividual@1322349291{1154373271},3C_20_80-03.txt,169.439,0.100,16.944,4,1.922,11.34,0.480,0.969,0.000
27,ec.gp.GPIndividual@1322349291{1154373271},3C_20_80-02.txt,35.738,0.100,3.574,5,3.578,100.12,0.716,1.297,0.000
27,ec.gp.GPIndividual@1322349291{1154373271},3C_20_50-03.txt,30.993,0.100,3.099,4,2.938,94.78,0.734,2.516,0.000
27,ec.gp.GPIndividual@1322349291{1154373271},3C_20_80-03.txt,169.439,0.100,16.944,7,15.453,91.20,2.208,6.656,0.000
27,ec.gp.GPIndividual@1560379802{343568128},3C_20_50-02.txt,61.404,0.100,6.140,6,4.953,80.66,0.826,2.875,0.000
27,ec.gp.GPIndividual@1560379802{343568128},3C_20_50-03.txt,30.993,0.100,3.099,5,1.938,62.51,0.388,2.875,0.000
27,ec.gp.GPIndividual@1560379802{343568128},3C_20_66-01.txt,7.322,0.100,0.732,2,1.125,153.64,0.563,2.875,0.000
27,ec.gp.GPIndividual@1560379802{343568128},3C_20_66-01.txt,7.322,0.100,0.732,4,0.734,100.29,0.184,2.875,0.000
27,ec.gp.GPIndividual@1560379802{343568128},3C_20_66-02.txt,154.245,0.100,15.424,4,0.141,0.91,0.035,2.875,0.000
27,ec.gp.GPIndividual@1560379802{343568128},3C_20_66-02.txt,154.245,0.100,15.424,16,14.672,95.12,0.917,4.328,0.000
27,ec.gp.GPIndividual@1560379802{343568128},3C_20_66-03.txt,118.340,0.100,11.834,3,2.656,22.45,0.885,4.328,0.000
27,ec.gp.GPIndividual@1560379802{343568128},3C_20_66-03.txt,118.340,0.100,11.834,7,8.844,74.73,1.263,4.328,0.000
27,ec.gp.GPIndividual@1560379802{343568128},3C_20_80-01.txt,4.194,0.100,0.419,2,2.719,648.17,1.359,4.328,0.000
27,ec.gp.GPIndividual@1560379802{343568128},3C_20_80-01.txt,4.194,0.100,0.419,6,0.531,126.65,0.089,4.328,0.000
27,ec.gp.GPIndividual@1560379802{343568128},3C_20_80-02.txt,35.738,0.100,3.574,14,3.375,94.44,0.241,4.328,0.000
27,ec.gp.GPIndividual@1560379802{343568128},3C_20_80-02.txt,35.738,0.100,3.574,8,3.063,85.69,0.383,4.328,0.000
27,ec.gp.GPIndividual@1560379802{343568128},3C_20_80-03.txt,169.439,0.100,16.944,6,8.875,52.38,1.479,6.406,0.000
27,ec.gp.GPIndividual@1560379802{343568128},3C_20_80-03.txt,169.439,0.100,16.944,4,5.797,34.21,1.449,6.406,0.000
27,ec.gp.GPIndividual@2061177463{-1980076891},3C_20_50-02.txt,61.404,0.100,6.140,9,5.266,85.75,0.585,1.641,0.000
27,ec.gp.GPIndividual@1120996279{-86560650},3C_20_50-02.txt,61.404,0.100,6.140,8,3.109,50.64,0.389,2.109,0.000
27,ec.gp.GPIndividual@1120996279{-86560650},3C_20_50-03.txt,30.993,0.100,3.099,5,2.156,69.57,0.431,2.109,0.000
27,ec.gp.GPIndividual@1120996279{-86560650},3C_20_66-01.txt,7.322,0.100,0.732,5,0.500,68.29,0.100,2.109,0.000
27,ec.gp.GPIndividual@1120996279{-86560650},3C_20_66-02.txt,154.245,0.100,15.424,10,12.172,78.91,1.217,5.266,0.000
27,ec.gp.GPIndividual@1120996279{-86560650},3C_20_66-03.txt,118.340,0.100,11.834,7,9.547,80.67,1.364,5.266,0.000
27,ec.gp.GPIndividual@1120996279{-86560650},3C_20_80-01.txt,4.194,0.100,0.419,9,0.422,100.58,0.047,5.266,0.000
27,ec.gp.GPIndividual@1120996279{-86560650},3C_20_80-02.txt,35.738,0.100,3.574,8,2.047,57.27,0.256,5.266,0.000
27,ec.gp.GPIndividual@1120996279{-86560650},3C_20_80-03.txt,169.439,0.100,16.944,5,7.234,42.70,1.447,6.500,0.000
27,ec.gp.GPIndividual@745086810{1644490801},3C_20_50-02.txt,61.404,0.100,6.140,7,0.672,10.94,0.096,0.328,0.000
27,ec.gp.GPIndividual@745086810{1644490801},3C_20_50-03.txt,30.993,0.100,3.099,3,1.516,48.90,0.505,0.984,0.000
27,ec.gp.GPIndividual@745086810{1644490801},3C_20_66-01.txt,7.322,0.100,0.732,3,0.281,38.41,0.094,0.984,0.000
27,ec.gp.GPIndividual@745086810{1644490801},3C_20_66-02.txt,154.245,0.100,15.424,3,0.469,3.04,0.156,0.984,0.000
27,ec.gp.GPIndividual@745086810{1644490801},3C_20_66-03.txt,118.340,0.100,11.834,3,1.266,10.69,0.422,0.984,0.000
27,ec.gp.GPIndividual@745086810{1644490801},3C_20_80-01.txt,4.194,0.100,0.419,3,0.266,63.33,0.089,0.984,0.000
27,ec.gp.GPIndividual@745086810{1644490801},3C_20_80-02.txt,35.738,0.100,3.574,3,0.422,11.80,0.141,0.984,0.000
27,ec.gp.GPIndividual@745086810{1644490801},3C_20_80-03.txt,169.439,0.100,16.944,3,7.266,42.88,2.422,6.500,0.000
28,ec.gp.GPIndividual@60726384{-445568312},3C_20_50-02.txt,61.404,0.100,6.140,0,0.000,0.00,0.000,0.000,0.000
28,ec.gp.GPIndividual@60726384{-445568312},3C_20_50-03.txt,30.993,0.100,3.099,0,0.000,0.00,0.000,0.000,0.000
28,ec.gp.GPIndividual@60726384{-445568312},3C_20_50-03.txt,30.993,0.100,3.099,0,0.000,0.00,0.000,0.000,0.000
28,ec.gp.GPIndividual@60726384{-445568312},3C_20_50-03.txt,30.993,0.100,3.099,0,0.000,0.00,0.000,0.000,0.000
28,ec.gp.GPIndividual@60726384{-445568312},3C_20_66-02.txt,154.245,0.100,15.424,0,0.000,0.00,0.000,0.000,0.000
28,ec.gp.GPIndividual@60726384{-445568312},3C_20_66-02.txt,154.245,0.100,15.424,0,0.000,0.00,0.000,0.000,0.000
28,ec.gp.GPIndividual@60726384{-445568312},3C_20_66-03.txt,118.340,0.100,11.834,0,0.000,0.00,0.000,0.000,0.000
28,ec.gp.GPIndividual@60726384{-445568312},3C_20_66-02.txt,154.245,0.100,15.424,0,0.000,0.00,0.000,0.000,0.000
28,ec.gp.GPIndividual@60726384{-445568312},3C_20_80-01.txt,4.194,0.100,0.419,0,0.000,0.00,0.000,0.000,0.000
28,ec.gp.GPIndividual@60726384{-445568312},3C_20_80-01.txt,4.194,0.100,0.419,0,0.000,0.00,0.000,0.000,0.000
28,ec.gp.GPIndividual@60726384{-445568312},3C_20_80-02.txt,35.738,0.100,3.574,0,0.000,0.00,0.000,0.000,0.000
28,ec.gp.GPIndividual@60726384{-445568312},3C_20_80-02.txt,35.738,0.100,3.574,0,0.000,0.00,0.000,0.000,0.000
28,ec.gp.GPIndividual@60726384{-445568312},3C_20_80-03.txt,169.439,0.100,16.944,0,0.000,0.00,0.000,0.000,0.000
28,ec.gp.GPIndividual@1590308828{-528996507},3C_20_80-02.txt,35.738,0.100,3.574,1,0.000,0.00,0.000,0.000,0.000
28,ec.gp.GPIndividual@1590308828{-528996507},3C_20_80-03.txt,169.439,0.100,16.944,0,0.000,0.00,0.000,0.000,0.000
28,ec.gp.GPIndividual@1566210092{1828703716},3C_20_50-02.txt,61.404,0.100,6.140,4,1.078,17.56,0.270,0.359,0.000
28,ec.gp.GPIndividual@1566210092{1828703716},3C_20_50-03.txt,30.993,0.100,3.099,13,3.297,106.38,0.254,0.953,0.000
28,ec.gp.GPIndividual@1566210092{1828703716},3C_20_50-03.txt,30.993,0.100,3.099,5,2.359,76.13,0.472,1.250,0.000
28,ec.gp.GPIndividual@1566210092{1828703716},3C_20_66-01.txt,7.322,0.100,0.732,2,0.344,46.95,0.172,1.250,0.000
28,ec.gp.GPIndividual@1566210092{1828703716},3C_20_66-02.txt,154.245,0.100,15.424,6,3.984,25.83,0.664,1.594,0.000
28,ec.gp.GPIndividual@1566210092{1828703716},3C_20_50-03.txt,30.993,0.100,3.099,7,3.344,107.89,0.478,1.594,0.000
28,ec.gp.GPIndividual@1566210092{1828703716},3C_20_50-03.txt,30.993,0.100,3.099,3,3.641,117.47,1.214,2.250,0.000
28,ec.gp.GPIndividual@1566210092{1828703716},3C_20_50-03.txt,30.993,0.100,3.099,5,3.141,101.33,0.628,2.422,0.000
28,ec.gp.GPIndividual@1566210092{1828703716},3C_20_50-03.txt,30.993,0.100,3.099,2,2.578,83.19,1.289,2.578,0.000
28,ec.gp.GPIndividual@1566210092{1828703716},3C_20_66-03.txt,118.340,0.100,11.834,25,15.797,133.49,0.632,3.703,0.000
28,ec.gp.GPIndividual@1566210092{1828703716},3C_20_66-01.txt,7.322,0.100,0.732,3,6.656,909.05,2.219,3.969,0.000
28,ec.gp.GPIndividual@1566210092{1828703716},3C_20_66-01.txt,7.322,0.100,0.732,6,1.109,151.51,0.185,3.969,0.000
28,ec.gp.GPIndividual@1566210092{1828703716},3C_20_66-01.txt,7.322,0.100,0.732,6,1.094,149.37,0.182,3.969,0.000
28,ec.gp.GPIndividual@1566210092{1828703716},3C_20_66-01.txt,7.322,0.100,0.732,10,5.953,813.03,0.595,4.750,0.000
28,ec.gp.GPIndividual@1566210092{1828703716},3C_20_80-01.txt,4.194,0.100,0.419,9,0.891,212.33,0.099,4.750,0.000
28,ec.gp.GPIndividual@1566210092{1828703716},3C_20_66-01.txt,7.322,0.100,0.732,2,0.250,34.14,0.125,4.750,0.000
28,ec.gp.GPIndividual@1566210092{1828703716},3C_20_80-02.txt,35.738,0.100,3.574,11,3.734,104.49,0.339,4.750,0.000
28,ec.gp.GPIndividual@1566210092{1828703716},3C_20_66-02.txt,154.245,0.100,15.424,12,5.000,32.42,0.417,4.750,0.000
28,ec.gp.GPIndividual@1566210092{1828703716},3C_20_80-03.txt,169.439,0.100,16.944,10,12.563,74.14,1.256,4.750,0.000
28,ec.gp.GPIndividual@1566210092{1828703716},3C_20_66-02.txt,154.245,0.100,15.424,4,8.484,55.01,2.121,5.813,0.000
28,ec.gp.GPIndividual@1258330598{-267795559},3C_20_50-02.txt,61.404,0.100,6.140,3,7.672,124.94,2.557,5.141,0.000
28,ec.gp.GPIndividual@1258330598{-267795559},3C_20_66-02.txt,154.245,0.100,15.424,2,0.484,3.14,0.242,5.141,0.000
28,ec.gp.GPIndividual@1258330598{-267795559},3C_20_50-03.txt,30.993,0.100,3.099,5,2.328,75.12,0.466,5.141,0.000
28,ec.gp.GPIndividual@1258330598{-267795559},3C_20_66-03.txt,118.340,0.100,11.834,5,9.313,78.69,1.863,6.563,0.000
28,ec.gp.GPIndividual@1258330598{-267795559},3C_20_66-01.txt,7.322,0.100,0.732,2,0.344,46.95,0.172,6.563,0.000
28,ec.gp.GPIndividual@1258330598{-267795559},3C_20_66-02.txt,154.245,0.100,15.424,5,11.750,76.18,2.350,6.563,0.000
28,ec.gp.GPIndividual@1258330598{-267795559},3C_20_66-02.txt,154.245,0.100,15.424,4,4.938,32.01,1.234,6.563,0.000
28,ec.gp.GPIndividual@1258330598{-267795559},3C_20_66-03.txt,118.340,0.100,11.834,10,14.703,124.25,1.470,6.563,0.000
28,ec.gp.GPIndividual@1258330598{-267795559},3C_20_66-02.txt,154.245,0.100,15.424,4,3.578,23.20,0.895,6.563,0.000
28,ec.gp.GPIndividual@1258330598{-267795559},3C_20_66-03.txt,118.340,0.100,11.834,7,10.063,85.03,1.438,6.563,0.000
28,ec.gp.GPIndividual@1258330598{-267795559},3C_20_80-01.txt,4.194,0.100,0.419,2,0.188,44.70,0.094,6.563,0.000
28,ec.gp.GPIndividual@1258330598{-267795559},3C_20_80-02.txt,35.738,0.100,3.574,6,4.234,118.48,0.706,6.563,0.000
28,ec.gp.GPIndividual@1258330598{-267795559},3C_20_66-03.txt,118.340,0.100,11.834,5,1.906,16.11,0.381,6.563,0.000
28,ec.gp.GPIndividual@1258330598{-267795559},3C_20_80-03.txt,169.439,0.100,16.944,3,2.656,15.68,0.885,6.563,0.000
28,ec.gp.GPIndividual@1258330598{-267795559},3C_20_66-03.txt,118.340,0.100,11.834,9,12.609,106.55,1.401,6.563,0.000
28,ec.gp.GPIndividual@1258330598{-267795559},3C_20_66-03.txt,118.340,0.100,11.834,1,0.000,0.00,0.000,6.563,0.000
28,ec.gp.GPIndividual@1258330598{-267795559},3C_20_80-01.txt,4.194,0.100,0.419,6,0.500,119.20,0.083,6.563,0.000
28,ec.gp.GPIndividual@1258330598{-267795559},3C_20_80-02.txt,35.738,0.100,3.574,3,7.578,212.05,2.526,6.563,0.000
28,ec.gp.GPIndividual@1258330598{-267795559},3C_20_80-01.txt,4.194,0.100,0.419,7,0.688,163.91,0.098,6.563,0.000
28,ec.gp.GPIndividual@1258330598{-267795559},3C_20_80-01.txt,4.194,0.100,0.419,3,1.859,443.29,0.620,6.563,0.000
28,ec.gp.GPIndividual@1258330598{-267795559},3C_20_80-03.txt,169.439,0.100,16.944,7,12.438,73.40,1.777,6.563,0.000
28,ec.gp.GPIndividual@29802370{1581034953},3C_20_50-02.txt,61.404,0.100,6.140,3,0.000,0.00,0.000,0.000,0.000
28,ec.gp.GPIndividual@29802370{1581034953},3C_20_50-03.txt,30.993,0.100,3.099,3,0.000,0.00,0.000,0.000,0.000
28,ec.gp.GPIndividual@29802370{1581034953},3C_20_66-01.txt,7.322,0.100,0.732,3,0.000,0.00,0.000,0.000,0.000
28,ec.gp.GPIndividual@29802370{1581034953},3C_20_66-02.txt,154.245,0.100,15.424,3,0.000,0.00,0.000,0.000,0.000
28,ec.gp.GPIndividual@29802370{1581034953},3C_20_66-03.txt,118.340,0.100,11.834,3,0.000,0.00,0.000,0.000,0.000
28,ec.gp.GPIndividual@29802370{1581034953},3C_20_80-01.txt,4.194,0.100,0.419,3,0.000,0.00,0.000,0.000,0.000
28,ec.gp.GPIndividual@29802370{1581034953},3C_20_80-02.txt,35.738,0.100,3.574,3,0.000,0.00,0.000,0.000,0.000
28,ec.gp.GPIndividual@29802370{1581034953},3C_20_80-03.txt,169.439,0.100,16.944,3,0.000,0.00,0.000,0.000,0.000
28,ec.gp.GPIndividual@176853008{343568128},3C_20_50-02.txt,61.404,0.100,6.140,5,6.734,109.67,1.347,3.156,0.000
28,ec.gp.GPIndividual@176853008{343568128},3C_20_80-02.txt,35.738,0.100,3.574,2,3.859,107.99,1.930,3.859,0.000
28,ec.gp.GPIndividual@176853008{343568128},3C_20_80-01.txt,4.194,0.100,0.419,2,0.813,193.71,0.406,3.859,0.000
28,ec.gp.GPIndividual@176853008{343568128},3C_20_80-02.txt,35.738,0.100,3.574,9,4.766,133.35,0.530,3.859,0.000
28,ec.gp.GPIndividual@176853008{343568128},3C_20_50-03.txt,30.993,0.100,3.099,1,0.000,0.00,0.000,3.859,0.000
28,ec.gp.GPIndividual@176853008{343568128},3C_20_80-02.txt,35.738,0.100,3.574,8,3.484,97.50,0.436,3.859,0.000
28,ec.gp.GPIndividual@176853008{343568128},3C_20_80-03.txt,169.439,0.100,16.944,16,17.938,105.86,1.121,3.859,0.000
28,ec.gp.GPIndividual@176853008{343568128},3C_20_66-01.txt,7.322,0.100,0.732,2,4.313,588.96,2.156,4.313,0.000
28,ec.gp.GPIndividual@674737366{-270002729},3C_20_50-02.txt,61.404,0.100,6.140,8,3.641,59.29,0.455,1.078,0.000
28,ec.gp.GPIndividual@674737366{-270002729},3C_20_80-03.txt,169.439,0.100,16.944,7,4.625,27.30,0.661,1.469,0.000
28,ec.gp.GPIndividual@674737366{-270002729},3C_20_80-03.txt,169.439,0.100,16.944,3,3.188,18.81,1.063,2.000,0.000
28,ec.gp.GPIndividual@674737366{-270002729},3C_20_66-02.txt,154.245,0.100,15.424,2,1.750,11.35,0.875,2.000,0.000
28,ec.gp.GPIndividual@674737366{-270002729},3C_20_50-03.txt,30.993,0.100,3.099,4,2.234,72.09,0.559,2.000,0.000
28,ec.gp.GPIndividual@674737366{-270002729},3C_20_80-02.txt,35.738,0.100,3.574,7,7.906,221.23,1.129,4.453,0.000
28,ec.gp.GPIndividual@352775147{686250381},3C_20_50-02.txt,61.404,0.100,6.140,0,0.000,0.00,0.000,0.000,0.000
28,ec.gp.GPIndividual@352775147{686250381},3C_20_50-03.txt,30.993,0.100,3.099,0,0.000,0.00,0.000,0.000,0.000
28,ec.gp.GPIndividual@352775147{686250381},3C_20_66-01.txt,7.322,0.100,0.732,0,0.000,0.00,0.000,0.000,0.000
28,ec.gp.GPIndividual@352775147{686250381},3C_20_66-02.txt,154.245,0.100,15.424,0,0.000,0.00,0.000,0.000,0.000
28,ec.gp.GPIndividual@352775147{686250381},3C_20_66-03.txt,118.340,0.100,11.834,0,0.000,0.00,0.000,0.000,0.000
28,ec.gp.GPIndividual@352775147{686250381},3C_20_80-01.txt,4.194,0.100,0.419,0,0.000,0.00,0.000,0.000,0.000
28,ec.gp.GPIndividual@352775147{686250381},3C_20_80-02.txt,35.738,0.100,3.574,0,0.000,0.00,0.000,0.000,0.000
28,ec.gp.GPIndividual@352775147{686250381},3C_20_80-03.txt,169.439,0.100,16.944,0,0.000,0.00,0.000,0.000,0.000
28,ec.gp.GPIndividual@1016664250{343568128},3C_20_50-02.txt,61.404,0.100,6.140,4,0.125,2.04,0.031,0.125,0.000
28,ec.gp.GPIndividual@1016664250{343568128},3C_20_66-03.txt,118.340,0.100,11.834,14,12.516,105.76,0.894,4.547,0.000
28,ec.gp.GPIndividual@1016664250{343568128},3C_20_80-03.txt,169.439,0.100,16.944,8,2.094,12.36,0.262,4.547,0.000
28,ec.gp.GPIndividual@1016664250{343568128},3C_20_50-03.txt,30.993,0.100,3.099,2,3.422,110.41,1.711,4.547,0.000
28,ec.gp.GPIndividual@1016664250{343568128},3C_20_66-01.txt,7.322,0.100,0.732,6,5.109,697.79,0.852,4.547,0.000
28,ec.gp.GPIndividual@1016664250{343568128},3C_20_80-01.txt,4.194,0.100,0.419,1,0.000,0.00,0.000,4.547,0.000
28,ec.gp.GPIndividual@1016664250{343568128},3C_20_66-02.txt,154.245,0.100,15.424,12,16.016,103.83,1.335,4.547,0.000
28,ec.gp.GPIndividual@1016664250{343568128},3C_20_66-03.txt,118.340,0.100,11.834,4,0.281,2.38,0.070,4.547,0.000
28,ec.gp.GPIndividual@1016664250{343568128},3C_20_66-01.txt,7.322,0.100,0.732,6,2.328,317.95,0.388,4.547,0.000
28,ec.gp.GPIndividual@1479049614{127220218},3C_20_50-02.txt,61.404,0.100,6.140,3,6.172,100.51,2.057,6.172,0.000
28,ec.gp.GPIndividual@1685768273{63039963},3C_20_50-02.txt,61.404,0.100,6.140,4,0.328,5.34,0.082,0.219,0.000
28,ec.gp.GPIndividual@1685768273{63039963},3C_20_50-03.txt,30.993,0.100,3.099,5,3.203,103.35,0.641,2.844,0.000
28,ec.gp.GPIndividual@1685768273{63039963},3C_20_80-02.txt,35.738,0.100,3.574,5,3.188,89.19,0.638,2.844,0.000
28,ec.gp.GPIndividual@1685768273{63039963},3C_20_66-01.txt,7.322,0.100,0.732,3,0.438,59.75,0.146,2.844,0.000
28,ec.gp.GPIndividual@1685768273{63039963},3C_20_66-02.txt,154.245,0.100,15.424,5,3.203,20.77,0.641,2.844,0.000
28,ec.gp.GPIndividual@1685768273{63039963},3C_20_50-03.txt,30.993,0.100,3.099,1,0.969,31.26,0.969,2.844,0.000
28,ec.gp.GPIndividual@1685768273{63039963},3C_20_66-02.txt,154.245,0.100,15.424,5,8.984,58.25,1.797,4.328,0.000
28,ec.gp.GPIndividual@1685768273{63039963},3C_20_66-03.txt,118.340,0.100,11.834,10,11.859,100.21,1.186,4.328,0.000
28,ec.gp.GPIndividual@1685768273{63039963},3C_20_66-01.txt,7.322,0.100,0.732,1,1.016,138.71,1.016,4.328,0.000
28,ec.gp.GPIndividual@1685768273{63039963},3C_20_66-03.txt,118.340,0.100,11.834,3,1.891,15.98,0.630,4.328,0.000
28,ec.gp.GPIndividual@1685768273{63039963},3C_20_80-01.txt,4.194,0.100,0.419,3,1.016,242.13,0.339,4.328,0.000
28,ec.gp.GPIndividual@1685768273{63039963},3C_20_66-02.txt,154.245,0.100,15.424,3,4.688,30.39,1.563,4.563,0.000
28,ec.gp.GPIndividual@1685768273{63039963},3C_20_80-01.txt,4.194,0.100,0.419,3,0.281,67.05,0.094,4.563,0.000
28,ec.gp.GPIndividual@1685768273{63039963},3C_20_80-02.txt,35.738,0.100,3.574,4,2.547,71.26,0.637,4.563,0.000
28,ec.gp.GPIndividual@1685768273{63039963},3C_20_80-03.txt,169.439,0.100,16.944,3,2.297,13.56,0.766,4.563,0.000
28,ec.gp.GPIndividual@1685768273{63039963},3C_20_80-03.txt,169.439,0.100,16.944,8,10.797,63.72,1.350,4.563,0.000
28,ec.gp.GPIndividual@1685768273{63039963},3C_20_66-03.txt,118.340,0.100,11.834,3,11.891,100.48,3.964,4.813,0.000
28,ec.gp.GPIndividual@158647872{-2052209397},3C_20_50-02.txt,61.404,0.100,6.140,3,5.141,83.72,1.714,4.859,0.000
28,ec.gp.GPIndividual@158647872{-2052209397},3C_20_80-02.txt,35.738,0.100,3.574,3,1.969,55.09,0.656,4.859,0.000
28,ec.gp.GPIndividual@158647872{-2052209397},3C_20_80-01.txt,4.194,0.100,0.419,3,3.234,771.10,1.078,4.859,0.000
28,ec.gp.GPIndividual@1735641699{1252927876},3C_20_50-02.txt,61.404,0.100,6.140,7,6.531,106.36,0.933,4.734,0.000
28,ec.gp.GPIndividual@1735641699{1252927876},3C_20_80-01.txt,4.194,0.100,0.419,2,1.125,268.21,0.563,4.734,0.000
28,ec.gp.GPIndividual@1735641699{1252927876},3C_20_80-02.txt,35.738,0.100,3.574,8,4.047,113.24,0.506,4.734,0.000
28,ec.gp.GPIndividual@1735641699{1252927876},3C_20_80-02.txt,35.738,0.100,3.574,2,0.891,24.92,0.445,4.734,0.000
28,ec.gp.GPIndividual@1735641699{1252927876},3C_20_80-03.txt,169.439,0.100,16.944,4,2.109,12.45,0.527,4.734,0.000
28,ec.gp.GPIndividual@1735641699{1252927876},3C_20_50-03.txt,30.993,0.100,3.099,5,2.172,70.08,0.434,4.734,0.000
28,ec.gp.GPIndividual@1735641699{1252927876},3C_20_80-03.txt,169.439,0.100,16.944,6,8.453,49.89,1.409,4.734,0.000
28,ec.gp.GPIndividual@1735641699{1252927876},3C_20_80-03.txt,169.439,0.100,16.944,4,16.969,100.15,4.242,4.969,0.000
28,ec.gp.GPIndividual@1735641699{1252927876},3C_20_50-03.txt,30.993,0.100,3.099,4,1.500,48.40,0.375,4.969,0.000
28,ec.gp.GPIndividual@912885982{1675410273},3C_20_50-02.txt,61.404,0.100,6.140,6,9.984,162.60,1.664,4.781,0.000
28,ec.gp.GPIndividual@2092573818{2125673932},3C_20_50-02.txt,61.404,0.100,6.140,3,0.422,6.87,0.141,0.422,0.000
28,ec.gp.GPIndividual@2092573818{2125673932},3C_20_66-01.txt,7.322,0.100,0.732,6,1.859,253.94,0.310,1.297,0.000
28,ec.gp.GPIndividual@2092573818{2125673932},3C_20_50-03.txt,30.993,0.100,3.099,4,0.125,4.03,0.031,1.297,0.000
28,ec.gp.GPIndividual@2092573818{2125673932},3C_20_50-03.txt,30.993,0.100,3.099,3,5.391,173.93,1.797,4.984,0.000
28,ec.gp.GPIndividual@784178682{-368157516},3C_20_50-02.txt,61.404,0.100,6.140,3,1.016,16.54,0.339,0.719,0.000
28,ec.gp.GPIndividual@784178682{-368157516},3C_20_50-03.txt,30.993,0.100,3.099,5,4.469,144.19,0.894,1.813,0.000
28,ec.gp.GPIndividual@784178682{-368157516},3C_20_66-01.txt,7.322,0.100,0.732,2,0.547,74.69,0.273,1.813,0.000
28,ec.gp.GPIndividual@784178682{-368157516},3C_20_66-01.txt,7.322,0.100,0.732,4,1.172,160.04,0.293,1.813,0.000
28,ec.gp.GPIndividual@784178682{-368157516},3C_20_66-02.txt,154.245,0.100,15.424,4,2.594,16.82,0.648,1.813,0.000
28,ec.gp.GPIndividual@784178682{-368157516},3C_20_66-01.txt,7.322,0.100,0.732,2,0.422,57.62,0.211,1.813,0.000
28,ec.gp.GPIndividual@784178682{-368157516},3C_20_66-02.txt,154.245,0.100,15.424,3,2.188,14.18,0.729,1.813,0.000
28,ec.gp.GPIndividual@784178682{-368157516},3C_20_66-02.txt,154.245,0.100,15.424,4,4.781,31.00,1.195,1.984,0.000
28,ec.gp.GPIndividual@784178682{-368157516},3C_20_66-03.txt,118.340,0.100,11.834,4,3.969,33.54,0.992,1.984,0.000
28,ec.gp.GPIndividual@784178682{-368157516},3C_20_66-02.txt,154.245,0.100,15.424,9,11.594,75.16,1.288,3.266,0.000
28,ec.gp.GPIndividual@784178682{-368157516},3C_20_66-03.txt,118.340,0.100,11.834,2,3.391,28.65,1.695,3.391,0.000
28,ec.gp.GPIndividual@784178682{-368157516},3C_20_66-01.txt,7.322,0.100,0.732,2,1.172,160.04,0.586,3.391,0.000
28,ec.gp.GPIndividual@784178682{-368157516},3C_20_66-03.txt,118.340,0.100,11.834,9,11.875,100.35,1.319,4.391,0.000
28,ec.gp.GPIndividual@784178682{-368157516},3C_20_80-01.txt,4.194,0.100,0.419,2,1.188,283.11,0.594,4.391,0.000
28,ec.gp.GPIndividual@784178682{-368157516},3C_20_66-03.txt,118.340,0.100,11.834,2,0.266,2.24,0.133,4.391,0.000
28,ec.gp.GPIndividual@784178682{-368157516},3C_20_80-02.txt,35.738,0.100,3.574,5,5.547,155.21,1.109,4.391,0.000
28,ec.gp.GPIndividual@784178682{-368157516},3C_20_80-01.txt,4.194,0.100,0.419,3,0.422,100.58,0.141,4.391,0.000
28,ec.gp.GPIndividual@784178682{-368157516},3C_20_80-02.txt,35.738,0.100,3.574,3,2.484,69.52,0.828,4.391,0.000
28,ec.gp.GPIndividual@784178682{-368157516},3C_20_80-03.txt,169.439,0.100,16.944,3,5.766,34.03,1.922,4.609,0.000
28,ec.gp.GPIndividual@784178682{-368157516},3C_20_66-02.txt,154.245,0.100,15.424,13,15.313,99.27,1.178,4.734,0.000
28,ec.gp.GPIndividual@784178682{-368157516},3C_20_66-03.txt,118.340,0.100,11.834,3,5.203,43.97,1.734,4.734,0.000
28,ec.gp.GPIndividual@784178682{-368157516},3C_20_80-03.txt,169.439,0.100,16.944,6,7.859,46.38,1.310,4.734,0.000
28,ec.gp.GPIndividual@819812610{158917049},3C_20_50-02.txt,61.404,0.100,6.140,4,6.672,108.65,1.668,4.859,0.000
28,ec.gp.GPIndividual@819812610{158917049},3C_20_50-03.txt,30.993,0.100,3.099,2,4.703,151.75,2.352,4.859,0.000
28,ec.gp.GPIndividual@1349120541{343568128},3C_20_50-02.txt,61.404,0.100,6.140,6,6.188,100.77,1.031,4.156,0.000
28,ec.gp.GPIndividual@1349120541{343568128},3C_20_66-01.txt,7.322,0.100,0.732,6,0.719,98.16,0.120,4.156,0.000
28,ec.gp.GPIndividual@1349120541{343568128},3C_20_80-01.txt,4.194,0.100,0.419,2,0.422,100.58,0.211,4.156,0.000
28,ec.gp.GPIndividual@1349120541{343568128},3C_20_66-02.txt,154.245,0.100,15.424,2,6.094,39.51,3.047,6.094,0.000
28,ec.gp.GPIndividual@1349120541{343568128},3C_20_80-01.txt,4.194,0.100,0.419,2,1.266,301.74,0.633,6.094,0.000
28,ec.gp.GPIndividual@1349120541{343568128},3C_20_50-03.txt,30.993,0.100,3.099,7,3.672,118.48,0.525,6.094,0.000
28,ec.gp.GPIndividual@1349120541{343568128},3C_20_80-02.txt,35.738,0.100,3.574,5,4.359,121.98,0.872,6.094,0.000
28,ec.gp.GPIndividual@1349120541{343568128},3C_20_66-03.txt,118.340,0.100,11.834,6,2.422,20.47,0.404,6.094,0.000
28,ec.gp.GPIndividual@1349120541{343568128},3C_20_80-01.txt,4.194,0.100,0.419,3,1.797,428.39,0.599,6.094,0.000
28,ec.gp.GPIndividual@1349120541{343568128},3C_20_80-03.txt,169.439,0.100,16.944,11,19.672,116.10,1.788,6.094,0.000
28,ec.gp.GPIndividual@903463068{1115726639},3C_20_50-02.txt,61.404,0.100,6.140,4,0.734,11.96,0.184,0.734,0.000
28,ec.gp.GPIndividual@903463068{1115726639},3C_20_80-02.txt,35.738,0.100,3.574,2,0.281,7.87,0.141,0.734,0.000
28,ec.gp.GPIndividual@903463068{1115726639},3C_20_50-03.txt,30.993,0.100,3.099,3,1.000,32.27,0.333,1.000,0.000
28,ec.gp.GPIndividual@903463068{1115726639},3C_20_80-01.txt,4.194,0.100,0.419,3,0.406,96.85,0.135,1.000,0.000
28,ec.gp.GPIndividual@903463068{1115726639},3C_20_80-02.txt,35.738,0.100,3.574,3,4.234,118.48,1.411,2.781,0.000
28,ec.gp.GPIndividual@903463068{1115726639},3C_20_80-02.txt,35.738,0.100,3.574,2,1.328,37.16,0.664,2.781,0.000
28,ec.gp.GPIndividual@903463068{1115726639},3C_20_66-01.txt,7.322,0.100,0.732,3,3.172,433.19,1.057,3.172,0.000
28,ec.gp.GPIndividual@903463068{1115726639},3C_20_66-01.txt,7.322,0.100,0.732,2,0.359,49.08,0.180,3.172,0.000
28,ec.gp.GPIndividual@903463068{1115726639},3C_20_66-02.txt,154.245,0.100,15.424,7,2.766,17.93,0.395,3.172,0.000
28,ec.gp.GPIndividual@903463068{1115726639},3C_20_80-03.txt,169.439,0.100,16.944,3,1.547,9.13,0.516,3.172,0.000
28,ec.gp.GPIndividual@903463068{1115726639},3C_20_80-03.txt,169.439,0.100,16.944,3,3.391,20.01,1.130,3.172,0.000
28,ec.gp.GPIndividual@903463068{1115726639},3C_20_66-03.txt,118.340,0.100,11.834,5,3.859,32.61,0.772,3.172,0.000
28,ec.gp.GPIndividual@903463068{1115726639},3C_20_66-02.txt,154.245,0.100,15.424,8,14.297,92.69,1.787,4.625,0.000
28,ec.gp.GPIndividual@379293561{1774610438},3C_20_50-02.txt,61.404,0.100,6.140,3,5.813,94.66,1.938,4.656,0.000
28,ec.gp.GPIndividual@379293561{1774610438},3C_20_80-01.txt,4.194,0.100,0.419,4,0.391,93.13,0.098,4.656,0.000
28,ec.gp.GPIndividual@379293561{1774610438},3C_20_50-03.txt,30.993,0.100,3.099,2,0.250,8.07,0.125,4.656,0.000
28,ec.gp.GPIndividual@379293561{1774610438},3C_20_80-02.txt,35.738,0.100,3.574,4,3.625,101.43,0.906,4.656,0.000
28,ec.gp.GPIndividual@379293561{1774610438},3C_20_80-03.txt,169.439,0.100,16.944,3,2.813,16.60,0.938,4.656,0.000
28,ec.gp.GPIndividual@379293561{1774610438},3C_20_80-03.txt,169.439,0.100,16.944,6,4.734,27.94,0.789,4.656,0.000
28,ec.gp.GPIndividual@196102785{-1084292047},3C_20_50-02.txt,61.404,0.100,6.140,2,0.281,4.58,0.141,0.281,0.000
28,ec.gp.GPIndividual@196102785{-1084292047},3C_20_50-03.txt,30.993,0.100,3.099,3,2.516,81.17,0.839,1.359,0.000
28,ec.gp.GPIndividual@196102785{-1084292047},3C_20_66-01.txt,7.322,0.100,0.732,2,0.906,123.77,0.453,1.359,0.000
28,ec.gp.GPIndividual@196102785{-1084292047},3C_20_66-03.txt,118.340,0.100,11.834,2,0.422,3.56,0.211,1.359,0.000
28,ec.gp.GPIndividual@196102785{-1084292047},3C_20_66-02.txt,154.245,0.100,15.424,2,3.328,21.58,1.664,3.328,0.000
28,ec.gp.GPIndividual@196102785{-1084292047},3C_20_66-01.txt,7.322,0.100,0.732,3,0.594,81.09,0.198,3.328,0.000
28,ec.gp.GPIndividual@196102785{-1084292047},3C_20_66-02.txt,154.245,0.100,15.424,3,6.188,40.11,2.063,4.391,0.000
28,ec.gp.GPIndividual@196102785{-1084292047},3C_20_66-03.txt,118.340,0.100,11.834,2,4.438,37.50,2.219,4.438,0.000
28,ec.gp.GPIndividual@994858259{-1870546242},3C_20_50-02.txt,61.404,0.100,6.140,7,10.422,169.73,1.489,4.750,0.000
28,ec.gp.GPIndividual@994858259{-1870546242},3C_20_50-03.txt,30.993,0.100,3.099,2,0.734,23.70,0.367,4.750,0.000
28,ec.gp.GPIndividual@994858259{-1870546242},3C_20_66-03.txt,118.340,0.100,11.834,8,11.813,99.82,1.477,4.750,0.000
28,ec.gp.GPIndividual@994858259{-1870546242},3C_20_80-01.txt,4.194,0.100,0.419,2,0.281,67.05,0.141,4.750,0.000
28,ec.gp.GPIndividual@994858259{-1870546242},3C_20_80-02.txt,35.738,0.100,3.574,3,3.469,97.06,1.156,4.750,0.000
28,ec.gp.GPIndividual@994858259{-1870546242},3C_20_80-03.txt,169.439,0.100,16.944,2,0.734,4.33,0.367,4.750,0.000
28,ec.gp.GPIndividual@721731181{1110894977},3C_20_50-02.txt,61.404,0.100,6.140,1,0.281,4.58,0.281,0.281,0.281
28,ec.gp.GPIndividual@721731181{1110894977},3C_20_50-03.txt,30.993,0.100,3.099,1,3.391,109.40,3.391,3.391,0.281
28,ec.gp.GPIndividual@721731181{1110894977},3C_20_66-01.txt,7.322,0.100,0.732,2,4.594,627.37,2.297,4.594,0.000
28,ec.gp.GPIndividual@721731181{1110894977},3C_20_80-01.txt,4.194,0.100,0.419,5,4.563,1087.74,0.913,4.594,0.000
28,ec.gp.GPIndividual@721731181{1110894977},3C_20_80-02.txt,35.738,0.100,3.574,2,1.250,34.98,0.625,4.594,0.000
28,ec.gp.GPIndividual@721731181{1110894977},3C_20_66-01.txt,7.322,0.100,0.732,1,0.438,59.75,0.438,4.594,0.000
28,ec.gp.GPIndividual@721731181{1110894977},3C_20_66-02.txt,154.245,0.100,15.424,6,5.328,34.54,0.888,4.594,0.000
28,ec.gp.GPIndividual@721731181{1110894977},3C_20_66-02.txt,154.245,0.100,15.424,3,2.797,18.13,0.932,4.594,0.000
28,ec.gp.GPIndividual@721731181{1110894977},3C_20_66-03.txt,118.340,0.100,11.834,1,4.422,37.37,4.422,4.594,0.000
28,ec.gp.GPIndividual@67842276{965461811},3C_20_50-02.txt,61.404,0.100,6.140,5,6.297,102.55,1.259,3.063,0.000
28,ec.gp.GPIndividual@67842276{965461811},3C_20_80-01.txt,4.194,0.100,0.419,2,1.063,253.31,0.531,3.063,0.000
28,ec.gp.GPIndividual@67842276{965461811},3C_20_80-03.txt,169.439,0.100,16.944,9,11.547,68.15,1.283,4.109,0.000
28,ec.gp.GPIndividual@67842276{965461811},3C_20_80-01.txt,4.194,0.100,0.419,1,0.281,67.05,0.281,4.109,0.000
28,ec.gp.GPIndividual@67842276{965461811},3C_20_80-02.txt,35.738,0.100,3.574,3,4.438,124.17,1.479,4.109,0.000
28,ec.gp.GPIndividual@67842276{965461811},3C_20_50-03.txt,30.993,0.100,3.099,2,1.516,48.90,0.758,4.109,0.000
28,ec.gp.GPIndividual@67842276{965461811},3C_20_80-03.txt,169.439,0.100,16.944,1,0.609,3.60,0.609,4.109,0.000
28,ec.gp.GPIndividual@67842276{965461811},3C_20_66-03.txt,118.340,0.100,11.834,11,11.813,99.82,1.074,4.344,0.000
28,ec.gp.GPIndividual@67842276{965461811},3C_20_80-02.txt,35.738,0.100,3.574,7,3.563,99.68,0.509,4.344,0.000
28,ec.gp.GPIndividual@159338837{-273247119},3C_20_50-02.txt,61.404,0.100,6.140,7,6.859,111.71,0.980,4.203,0.000
28,ec.gp.GPIndividual@159338837{-273247119},3C_20_80-03.txt,169.439,0.100,16.944,2,0.297,1.75,0.148,4.203,0.000
28,ec.gp.GPIndividual@159338837{-273247119},3C_20_50-03.txt,30.993,0.100,3.099,2,1.578,50.92,0.789,4.203,0.000
28,ec.gp.GPIndividual@159338837{-273247119},3C_20_66-01.txt,7.322,0.100,0.732,1,1.234,168.58,1.234,4.203,0.000
28,ec.gp.GPIndividual@159338837{-273247119},3C_20_80-01.txt,4.194,0.100,0.419,4,0.656,156.46,0.164,4.203,0.000
28,ec.gp.GPIndividual@159338837{-273247119},3C_20_66-02.txt,154.245,0.100,15.424,20,15.500,100.49,0.775,4.203,0.000
28,ec.gp.GPIndividual@159338837{-273247119},3C_20_66-03.txt,118.340,0.100,11.834,5,0.578,4.89,0.116,4.203,0.000
28,ec.gp.GPIndividual@159338837{-273247119},3C_20_66-01.txt,7.322,0.100,0.732,2,2.375,324.36,1.188,4.203,0.000
28,ec.gp.GPIndividual@159338837{-273247119},3C_20_80-02.txt,35.738,0.100,3.574,4,2.953,82.63,0.738,4.203,0.000
28,ec.gp.GPIndividual@761045203{343568128},3C_20_50-02.txt,61.404,0.100,6.140,11,7.297,118.83,0.663,1.188,0.000
28,ec.gp.GPIndividual@761045203{343568128},3C_20_50-03.txt,30.993,0.100,3.099,2,0.094,3.02,0.047,1.188,0.000
28,ec.gp.GPIndividual@761045203{343568128},3C_20_80-03.txt,169.439,0.100,16.944,2,0.297,1.75,0.148,1.188,0.000
28,ec.gp.GPIndividual@761045203{343568128},3C_20_66-02.txt,154.245,0.100,15.424,2,3.313,21.48,1.656,3.313,0.000
28,ec.gp.GPIndividual@761045203{343568128},3C_20_80-01.txt,4.194,0.100,0.419,4,0.438,104.30,0.109,3.313,0.000
28,ec.gp.GPIndividual@761045203{343568128},3C_20_80-02.txt,35.738,0.100,3.574,11,3.375,94.44,0.307,3.313,0.000
28,ec.gp.GPIndividual@761045203{343568128},3C_20_66-03.txt,118.340,0.100,11.834,12,13.234,111.83,1.103,3.313,0.000
28,ec.gp.GPIndividual@670340869{343568128},3C_20_50-02.txt,61.404,0.100,6.140,6,4.984,81.17,0.831,3.547,0.000
28,ec.gp.GPIndividual@670340869{343568128},3C_20_80-03.txt,169.439,0.100,16.944,4,0.953,5.63,0.238,3.547,0.000
28,ec.gp.GPIndividual@670340869{343568128},3C_20_66-01.txt,7.322,0.100,0.732,3,1.453,198.46,0.484,3.547,0.000
28,ec.gp.GPIndividual@670340869{343568128},3C_20_80-01.txt,4.194,0.100,0.419,2,1.016,242.13,0.508,3.547,0.000
28,ec.gp.GPIndividual@670340869{343568128},3C_20_50-03.txt,30.993,0.100,3.099,12,3.609,116.46,0.301,3.547,0.000
28,ec.gp.GPIndividual@670340869{343568128},3C_20_66-02.txt,154.245,0.100,15.424,4,0.938,6.08,0.234,3.547,0.000
28,ec.gp.GPIndividual@670340869{343568128},3C_20_80-02.txt,35.738,0.100,3.574,2,3.344,93.56,1.672,3.547,0.000
28,ec.gp.GPIndividual@2107083776{1166278266},3C_20_50-02.txt,61.404,0.100,6.140,1,0.344,5.60,0.344,0.344,0.344
28,ec.gp.GPIndividual@2107083776{1166278266},3C_20_50-03.txt,30.993,0.100,3.099,6,2.828,91.25,0.471,1.422,0.000
28,ec.gp.GPIndividual@2107083776{1166278266},3C_20_80-03.txt,169.439,0.100,16.944,6,4.328,25.54,0.721,2.359,0.000
28,ec.gp.GPIndividual@2107083776{1166278266},3C_20_66-01.txt,7.322,0.100,0.732,2,1.000,136.57,0.500,2.359,0.000
28,ec.gp.GPIndividual@2107083776{1166278266},3C_20_66-02.txt,154.245,0.100,15.424,2,0.094,0.61,0.047,2.359,0.000
28,ec.gp.GPIndividual@2107083776{1166278266},3C_20_66-03.txt,118.340,0.100,11.834,2,1.422,12.02,0.711,2.359,0.000
28,ec.gp.GPIndividual@2107083776{1166278266},3C_20_66-03.txt,118.340,0.100,11.834,6,11.188,94.54,1.865,3.672,0.000
28,ec.gp.GPIndividual@2107083776{1166278266},3C_20_80-01.txt,4.194,0.100,0.419,6,0.438,104.30,0.073,3.672,0.000
28,ec.gp.GPIndividual@2107083776{1166278266},3C_20_80-02.txt,35.738,0.100,3.574,2,3.438,96.19,1.719,3.672,0.000
28,ec.gp.GPIndividual@2107083776{1166278266},3C_20_80-01.txt,4.194,0.100,0.419,1,0.219,52.15,0.219,3.672,0.000
28,ec.gp.GPIndividual@2107083776{1166278266},3C_20_80-02.txt,35.738,0.100,3.574,2,5.359,149.96,2.680,3.672,0.000
28,ec.gp.GPIndividual@1938337656{686250381},3C_20_50-02.txt,61.404,0.100,6.140,0,0.000,0.00,0.000,0.000,0.000
28,ec.gp.GPIndividual@1938337656{686250381},3C_20_50-03.txt,30.993,0.100,3.099,0,0.000,0.00,0.000,0.000,0.000
28,ec.gp.GPIndividual@1938337656{686250381},3C_20_66-01.txt,7.322,0.100,0.732,0,0.000,0.00,0.000,0.000,0.000
28,ec.gp.GPIndividual@1938337656{686250381},3C_20_66-02.txt,154.245,0.100,15.424,0,0.000,0.00,0.000,0.000,0.000
28,ec.gp.GPIndividual@1938337656{686250381},3C_20_66-03.txt,118.340,0.100,11.834,0,0.000,0.00,0.000,0.000,0.000
28,ec.gp.GPIndividual@1938337656{686250381},3C_20_80-01.txt,4.194,0.100,0.419,0,0.000,0.00,0.000,0.000,0.000
28,ec.gp.GPIndividual@1938337656{686250381},3C_20_80-02.txt,35.738,0.100,3.574,0,0.000,0.00,0.000,0.000,0.000
28,ec.gp.GPIndividual@1938337656{686250381},3C_20_80-03.txt,169.439,0.100,16.944,0,0.000,0.00,0.000,0.000,0.000
28,ec.gp.GPIndividual@181490616{253952640},3C_20_50-02.txt,61.404,0.100,6.140,10,5.672,92.37,0.567,1.656,0.000
28,ec.gp.GPIndividual@181490616{253952640},3C_20_50-03.txt,30.993,0.100,3.099,3,0.594,19.16,0.198,1.656,0.000
28,ec.gp.GPIndividual@181490616{253952640},3C_20_80-01.txt,4.194,0.100,0.419,9,0.422,100.58,0.047,1.656,0.000
28,ec.gp.GPIndividual@181490616{253952640},3C_20_80-02.txt,35.738,0.100,3.574,11,3.438,96.19,0.313,1.656,0.000
28,ec.gp.GPIndividual@181490616{253952640},3C_20_66-01.txt,7.322,0.100,0.732,6,0.719,98.16,0.120,1.656,0.000
28,ec.gp.GPIndividual@181490616{253952640},3C_20_66-02.txt,154.245,0.100,15.424,4,0.141,0.91,0.035,1.656,0.000
28,ec.gp.GPIndividual@181490616{253952640},3C_20_80-03.txt,169.439,0.100,16.944,10,9.391,55.42,0.939,5.563,0.000
28,ec.gp.GPIndividual@144511869{-86560650},3C_20_50-02.txt,61.404,0.100,6.140,4,5.391,87.79,1.348,5.297,0.000
28,ec.gp.GPIndividual@144511869{-86560650},3C_20_66-03.txt,118.340,0.100,11.834,9,7.844,66.28,0.872,5.297,0.000
28,ec.gp.GPIndividual@144511869{-86560650},3C_20_50-03.txt,30.993,0.100,3.099,3,2.984,96.29,0.995,5.297,0.000
28,ec.gp.GPIndividual@144511869{-86560650},3C_20_80-01.txt,4.194,0.100,0.419,9,0.422,100.58,0.047,5.297,0.000
28,ec.gp.GPIndividual@144511869{-86560650},3C_20_80-02.txt,35.738,0.100,3.574,10,3.594,100.56,0.359,5.297,0.000
28,ec.gp.GPIndividual@144511869{-86560650},3C_20_80-03.txt,169.439,0.100,16.944,4,0.250,1.48,0.063,5.297,0.000
28,ec.gp.GPIndividual@144511869{-86560650},3C_20_66-01.txt,7.322,0.100,0.732,12,0.750,102.43,0.063,5.297,0.000
28,ec.gp.GPIndividual@144511869{-86560650},3C_20_66-02.txt,154.245,0.100,15.424,10,9.156,59.36,0.916,5.359,0.000
29,ec.gp.GPIndividual@364360165{-749474181},3C_20_50-02.txt,61.404,0.100,6.140,1,0.000,0.00,0.000,0.000,0.000
29,ec.gp.GPIndividual@914442356{1620456779},3C_20_50-02.txt,61.404,0.100,6.140,1,0.000,0.00,0.000,0.000,0.000
29,ec.gp.GPIndividual@914442356{1620456779},3C_20_50-02.txt,61.404,0.100,6.140,1,0.000,0.00,0.000,0.000,0.000
29,ec.gp.GPIndividual@914442356{1620456779},3C_20_50-03.txt,30.993,0.100,3.099,2,0.000,0.00,0.000,0.000,0.000
29,ec.gp.GPIndividual@914442356{1620456779},3C_20_66-01.txt,7.322,0.100,0.732,1,0.000,0.00,0.000,0.000,0.000
29,ec.gp.GPIndividual@914442356{1620456779},3C_20_66-01.txt,7.322,0.100,0.732,1,0.000,0.00,0.000,0.000,0.000
29,ec.gp.GPIndividual@914442356{1620456779},3C_20_66-02.txt,154.245,0.100,15.424,1,0.000,0.00,0.000,0.000,0.000
29,ec.gp.GPIndividual@914442356{1620456779},3C_20_66-02.txt,154.245,0.100,15.424,1,0.000,0.00,0.000,0.000,0.000
29,ec.gp.GPIndividual@914442356{1620456779},3C_20_66-03.txt,118.340,0.100,11.834,1,0.000,0.00,0.000,0.000,0.000
29,ec.gp.GPIndividual@914442356{1620456779},3C_20_80-01.txt,4.194,0.100,0.419,0,0.000,0.00,0.000,0.000,0.000
29,ec.gp.GPIndividual@914442356{1620456779},3C_20_80-01.txt,4.194,0.100,0.419,0,0.000,0.00,0.000,0.000,0.000
29,ec.gp.GPIndividual@914442356{1620456779},3C_20_80-01.txt,4.194,0.100,0.419,1,0.000,0.00,0.000,0.000,0.000
29,ec.gp.GPIndividual@914442356{1620456779},3C_20_80-02.txt,35.738,0.100,3.574,0,0.000,0.00,0.000,0.000,0.000
29,ec.gp.GPIndividual@914442356{1620456779},3C_20_80-03.txt,169.439,0.100,16.944,1,0.000,0.00,0.000,0.000,0.000
29,ec.gp.GPIndividual@914442356{1620456779},3C_20_80-03.txt,169.439,0.100,16.944,0,0.000,0.00,0.000,0.000,0.000
29,ec.gp.GPIndividual@914442356{1620456779},3C_20_80-03.txt,169.439,0.100,16.944,0,0.000,0.00,0.000,0.000,0.000
29,ec.gp.GPIndividual@705087595{1413855945},3C_20_50-02.txt,61.404,0.100,6.140,1,0.000,0.00,0.000,0.000,0.000
29,ec.gp.GPIndividual@705087595{1413855945},3C_20_50-03.txt,30.993,0.100,3.099,0,0.000,0.00,0.000,0.000,0.000
29,ec.gp.GPIndividual@705087595{1413855945},3C_20_66-01.txt,7.322,0.100,0.732,0,0.000,0.00,0.000,0.000,0.000
29,ec.gp.GPIndividual@705087595{1413855945},3C_20_66-02.txt,154.245,0.100,15.424,0,0.000,0.00,0.000,0.000,0.000
29,ec.gp.GPIndividual@705087595{1413855945},3C_20_66-03.txt,118.340,0.100,11.834,0,0.000,0.00,0.000,0.000,0.000
29,ec.gp.GPIndividual@705087595{1413855945},3C_20_80-01.txt,4.194,0.100,0.419,0,0.000,0.00,0.000,0.000,0.000
29,ec.gp.GPIndividual@705087595{1413855945},3C_20_80-02.txt,35.738,0.100,3.574,0,0.000,0.00,0.000,0.000,0.000
29,ec.gp.GPIndividual@705087595{1413855945},3C_20_80-03.txt,169.439,0.100,16.944,0,0.000,0.00,0.000,0.000,0.000
29,ec.gp.GPIndividual@273747708{343568128},3C_20_50-02.txt,61.404,0.100,6.140,10,6.781,110.44,0.678,1.891,0.000
29,ec.gp.GPIndividual@273747708{343568128},3C_20_50-03.txt,30.993,0.100,3.099,3,3.781,122.01,1.260,1.891,0.000
29,ec.gp.GPIndividual@273747708{343568128},3C_20_50-03.txt,30.993,0.100,3.099,7,3.531,113.94,0.504,1.953,0.000
29,ec.gp.GPIndividual@273747708{343568128},3C_20_50-03.txt,30.993,0.100,3.099,3,0.156,5.04,0.052,1.953,0.000
29,ec.gp.GPIndividual@273747708{343568128},3C_20_50-03.txt,30.993,0.100,3.099,4,0.297,9.58,0.074,1.953,0.000
29,ec.gp.GPIndividual@273747708{343568128},3C_20_50-03.txt,30.993,0.100,3.099,5,3.953,127.55,0.791,1.953,0.000
29,ec.gp.GPIndividual@273747708{343568128},3C_20_66-01.txt,7.322,0.100,0.732,6,1.938,264.61,0.323,1.953,0.000
29,ec.gp.GPIndividual@273747708{343568128},3C_20_66-01.txt,7.322,0.100,0.732,7,1.281,174.98,0.183,1.953,0.000
29,ec.gp.GPIndividual@273747708{343568128},3C_20_50-03.txt,30.993,0.100,3.099,9,3.313,106.88,0.368,1.953,0.000
29,ec.gp.GPIndividual@273747708{343568128},3C_20_66-01.txt,7.322,0.100,0.732,6,1.938,264.61,0.323,1.953,0.000
29,ec.gp.GPIndividual@273747708{343568128},3C_20_66-01.txt,7.322,0.100,0.732,4,0.781,106.70,0.195,1.953,0.000
29,ec.gp.GPIndividual@273747708{343568128},3C_20_66-02.txt,154.245,0.100,15.424,17,14.031,90.97,0.825,2.406,0.000
29,ec.gp.GPIndividual@273747708{343568128},3C_20_66-02.txt,154.245,0.100,15.424,2,1.344,8.71,0.672,2.406,0.000
29,ec.gp.GPIndividual@273747708{343568128},3C_20_66-02.txt,154.245,0.100,15.424,6,13.859,89.85,2.310,4.500,0.000
29,ec.gp.GPIndividual@273747708{343568128},3C_20_66-02.txt,154.245,0.100,15.424,10,16.266,105.45,1.627,4.500,0.000
29,ec.gp.GPIndividual@273747708{343568128},3C_20_66-03.txt,118.340,0.100,11.834,10,9.500,80.28,0.950,4.578,0.000
29,ec.gp.GPIndividual@273747708{343568128},3C_20_66-01.txt,7.322,0.100,0.732,2,1.234,168.58,0.617,4.578,0.000
29,ec.gp.GPIndividual@273747708{343568128},3C_20_66-03.txt,118.340,0.100,11.834,8,6.578,55.59,0.822,4.578,0.000
29,ec.gp.GPIndividual@273747708{343568128},3C_20_66-01.txt,7.322,0.100,0.732,3,1.547,211.26,0.516,4.578,0.000
29,ec.gp.GPIndividual@273747708{343568128},3C_20_66-03.txt,118.340,0.100,11.834,11,11.500,97.18,1.045,4.813,0.000
29,ec.gp.GPIndividual@273747708{343568128},3C_20_66-02.txt,154.245,0.100,15.424,3,0.734,4.76,0.245,4.813,0.000
29,ec.gp.GPIndividual@273747708{343568128},3C_20_66-02.txt,154.245,0.100,15.424,8,15.703,101.81,1.963,4.844,0.000
29,ec.gp.GPIndividual@273747708{343568128},3C_20_66-03.txt,118.340,0.100,11.834,7,10.953,92.56,1.565,4.844,0.000
29,ec.gp.GPIndividual@273747708{343568128},3C_20_80-01.txt,4.194,0.100,0.419,6,0.516,122.93,0.086,4.844,0.000
29,ec.gp.GPIndividual@273747708{343568128},3C_20_80-02.txt,35.738,0.100,3.574,2,4.266,119.36,2.133,4.844,0.000
29,ec.gp.GPIndividual@273747708{343568128},3C_20_80-01.txt,4.194,0.100,0.419,3,1.672,398.59,0.557,4.844,0.000
29,ec.gp.GPIndividual@273747708{343568128},3C_20_66-03.txt,118.340,0.100,11.834,10,14.875,125.70,1.488,4.844,0.000
29,ec.gp.GPIndividual@273747708{343568128},3C_20_80-01.txt,4.194,0.100,0.419,5,0.516,122.93,0.103,4.844,0.000
29,ec.gp.GPIndividual@273747708{343568128},3C_20_80-02.txt,35.738,0.100,3.574,6,4.328,121.11,0.721,4.844,0.000
29,ec.gp.GPIndividual@273747708{343568128},3C_20_80-03.txt,169.439,0.100,16.944,2,0.484,2.86,0.242,4.844,0.000
29,ec.gp.GPIndividual@273747708{343568128},3C_20_80-02.txt,35.738,0.100,3.574,7,5.281,147.78,0.754,4.844,0.000
29,ec.gp.GPIndividual@273747708{343568128},3C_20_66-03.txt,118.340,0.100,11.834,11,13.141,111.04,1.195,4.875,0.000
29,ec.gp.GPIndividual@273747708{343568128},3C_20_80-03.txt,169.439,0.100,16.944,6,17.969,106.05,2.995,5.969,0.000
29,ec.gp.GPIndividual@273747708{343568128},3C_20_80-01.txt,4.194,0.100,0.419,4,0.516,122.93,0.129,5.969,0.000
29,ec.gp.GPIndividual@273747708{343568128},3C_20_80-02.txt,35.738,0.100,3.574,8,4.313,120.67,0.539,5.969,0.000
29,ec.gp.GPIndividual@154924375{-445568312},3C_20_50-02.txt,61.404,0.100,6.140,0,0.000,0.00,0.000,0.000,0.000
29,ec.gp.GPIndividual@154924375{-445568312},3C_20_50-03.txt,30.993,0.100,3.099,0,0.000,0.00,0.000,0.000,0.000
29,ec.gp.GPIndividual@154924375{-445568312},3C_20_66-01.txt,7.322,0.100,0.732,0,0.000,0.00,0.000,0.000,0.000
29,ec.gp.GPIndividual@154924375{-445568312},3C_20_66-02.txt,154.245,0.100,15.424,0,0.000,0.00,0.000,0.000,0.000
29,ec.gp.GPIndividual@154924375{-445568312},3C_20_66-03.txt,118.340,0.100,11.834,0,0.000,0.00,0.000,0.000,0.000
29,ec.gp.GPIndividual@154924375{-445568312},3C_20_80-01.txt,4.194,0.100,0.419,0,0.000,0.00,0.000,0.000,0.000
29,ec.gp.GPIndividual@154924375{-445568312},3C_20_80-02.txt,35.738,0.100,3.574,0,0.000,0.00,0.000,0.000,0.000
29,ec.gp.GPIndividual@154924375{-445568312},3C_20_80-03.txt,169.439,0.100,16.944,0,0.000,0.00,0.000,0.000,0.000
29,ec.gp.GPIndividual@2050877660{1828703716},3C_20_50-02.txt,61.404,0.100,6.140,6,9.891,161.07,1.648,5.422,0.000
29,ec.gp.GPIndividual@2050877660{1828703716},3C_20_80-01.txt,4.194,0.100,0.419,2,5.750,1370.85,2.875,5.750,0.000
29,ec.gp.GPIndividual@1095749564{-416987852},3C_20_50-02.txt,61.404,0.100,6.140,4,0.141,2.29,0.035,0.141,0.000
29,ec.gp.GPIndividual@1095749564{-416987852},3C_20_80-01.txt,4.194,0.100,0.419,4,2.141,510.34,0.535,1.703,0.000
29,ec.gp.GPIndividual@1095749564{-416987852},3C_20_80-03.txt,169.439,0.100,16.944,12,18.344,108.26,1.529,5.766,0.000
29,ec.gp.GPIndividual@1095749564{-416987852},3C_20_80-02.txt,35.738,0.100,3.574,6,3.656,102.31,0.609,5.766,0.000
29,ec.gp.GPIndividual@1095749564{-416987852},3C_20_80-02.txt,35.738,0.100,3.574,2,3.172,88.75,1.586,5.766,0.000
29,ec.gp.GPIndividual@1095749564{-416987852},3C_20_80-03.txt,169.439,0.100,16.944,4,3.000,17.71,0.750,5.766,0.000
29,ec.gp.GPIndividual@1095749564{-416987852},3C_20_50-03.txt,30.993,0.100,3.099,12,10.516,339.30,0.876,5.984,0.000
29,ec.gp.GPIndividual@464859946{732842467},3C_20_50-02.txt,61.404,0.100,6.140,2,0.500,8.14,0.250,0.500,0.000
29,ec.gp.GPIndividual@464859946{732842467},3C_20_50-03.txt,30.993,0.100,3.099,5,2.641,85.20,0.528,1.844,0.000
29,ec.gp.GPIndividual@464859946{732842467},3C_20_80-03.txt,169.439,0.100,16.944,13,16.078,94.89,1.237,5.797,0.000
29,ec.gp.GPIndividual@1571144120{-1399081225},3C_20_50-02.txt,61.404,0.100,6.140,4,7.594,123.67,1.898,4.344,0.000
29,ec.gp.GPIndividual@1571144120{-1399081225},3C_20_50-03.txt,30.993,0.100,3.099,3,4.281,138.14,1.427,4.344,0.000
29,ec.gp.GPIndividual@1571144120{-1399081225},3C_20_80-03.txt,169.439,0.100,16.944,16,18.016,106.33,1.126,5.703,0.000
29,ec.gp.GPIndividual@1571144120{-1399081225},3C_20_66-01.txt,7.322,0.100,0.732,5,0.656,89.62,0.131,5.703,0.000
29,ec.gp.GPIndividual@1571144120{-1399081225},3C_20_50-03.txt,30.993,0.100,3.099,3,2.297,74.11,0.766,5.703,0.000
29,ec.gp.GPIndividual@1571144120{-1399081225},3C_20_66-01.txt,7.322,0.100,0.732,4,3.141,428.92,0.785,5.703,0.000
29,ec.gp.GPIndividual@1571144120{-1399081225},3C_20_66-01.txt,7.322,0.100,0.732,4,0.906,123.77,0.227,5.703,0.000
29,ec.gp.GPIndividual@1571144120{-1399081225},3C_20_66-02.txt,154.245,0.100,15.424,6,0.469,3.04,0.078,5.703,0.000
29,ec.gp.GPIndividual@1571144120{-1399081225},3C_20_66-02.txt,154.245,0.100,15.424,4,5.891,38.19,1.473,5.703,0.000
29,ec.gp.GPIndividual@618633691{343568128},3C_20_50-02.txt,61.404,0.100,6.140,4,7.000,114.00,1.750,5.469,0.000
29,ec.gp.GPIndividual@701050513{1531103492},3C_20_50-02.txt,61.404,0.100,6.140,7,7.328,119.34,1.047,2.547,0.000
29,ec.gp.GPIndividual@701050513{1531103492},3C_20_66-02.txt,154.245,0.100,15.424,3,0.156,1.01,0.052,2.547,0.000
29,ec.gp.GPIndividual@701050513{1531103492},3C_20_66-03.txt,118.340,0.100,11.834,7,12.031,101.67,1.719,4.750,0.000
29,ec.gp.GPIndividual@701050513{1531103492},3C_20_66-01.txt,7.322,0.100,0.732,2,1.625,221.93,0.813,4.750,0.000
29,ec.gp.GPIndividual@701050513{1531103492},3C_20_66-03.txt,118.340,0.100,11.834,7,8.000,67.60,1.143,4.750,0.000
29,ec.gp.GPIndividual@701050513{1531103492},3C_20_50-03.txt,30.993,0.100,3.099,2,4.906,158.30,2.453,4.906,0.000
29,ec.gp.GPIndividual@701050513{1531103492},3C_20_80-01.txt,4.194,0.100,0.419,2,1.547,368.79,0.773,4.906,0.000
29,ec.gp.GPIndividual@701050513{1531103492},3C_20_66-03.txt,118.340,0.100,11.834,3,0.156,1.32,0.052,4.906,0.000
29,ec.gp.GPIndividual@701050513{1531103492},3C_20_80-02.txt,35.738,0.100,3.574,4,6.078,170.07,1.520,4.906,0.000
29,ec.gp.GPIndividual@701050513{1531103492},3C_20_50-03.txt,30.993,0.100,3.099,8,3.844,124.02,0.480,4.906,0.000
29,ec.gp.GPIndividual@701050513{1531103492},3C_20_80-03.txt,169.439,0.100,16.944,0,0.000,0.00,0.000,4.906,0.000
29,ec.gp.GPIndividual@701050513{1531103492},3C_20_66-02.txt,154.245,0.100,15.424,3,2.625,17.02,0.875,4.906,0.000
29,ec.gp.GPIndividual@701050513{1531103492},3C_20_66-01.txt,7.322,0.100,0.732,3,5.281,721.27,1.760,4.906,0.000
29,ec.gp.GPIndividual@701050513{1531103492},3C_20_80-01.txt,4.194,0.100,0.419,3,0.656,156.46,0.219,4.906,0.000
29,ec.gp.GPIndividual@701050513{1531103492},3C_20_66-02.txt,154.245,0.100,15.424,12,19.203,124.50,1.600,4.906,0.000
29,ec.gp.GPIndividual@701050513{1531103492},3C_20_66-01.txt,7.322,0.100,0.732,4,0.344,46.95,0.086,4.906,0.000
29,ec.gp.GPIndividual@701050513{1531103492},3C_20_80-02.txt,35.738,0.100,3.574,5,2.891,80.88,0.578,4.906,0.000
29,ec.gp.GPIndividual@701050513{1531103492},3C_20_66-03.txt,118.340,0.100,11.834,12,12.047,101.80,1.004,5.672,0.000
29,ec.gp.GPIndividual@701050513{1531103492},3C_20_66-02.txt,154.245,0.100,15.424,7,2.891,18.74,0.413,5.672,0.000
29,ec.gp.GPIndividual@316184223{1937828828},3C_20_50-02.txt,61.404,0.100,6.140,3,2.313,37.66,0.771,1.781,0.000
29,ec.gp.GPIndividual@316184223{1937828828},3C_20_66-03.txt,118.340,0.100,11.834,8,14.156,119.62,1.770,4.844,0.000
29,ec.gp.GPIndividual@316184223{1937828828},3C_20_80-01.txt,4.194,0.100,0.419,3,1.563,372.51,0.521,4.844,0.000
29,ec.gp.GPIndividual@316184223{1937828828},3C_20_80-03.txt,169.439,0.100,16.944,17,18.078,106.69,1.063,4.844,0.000
29,ec.gp.GPIndividual@316184223{1937828828},3C_20_66-03.txt,118.340,0.100,11.834,5,0.781,6.60,0.156,4.844,0.000
29,ec.gp.GPIndividual@316184223{1937828828},3C_20_50-03.txt,30.993,0.100,3.099,4,3.328,107.38,0.832,4.844,0.000
29,ec.gp.GPIndividual@316184223{1937828828},3C_20_66-01.txt,7.322,0.100,0.732,2,4.406,601.77,2.203,4.844,0.000
29,ec.gp.GPIndividual@316184223{1937828828},3C_20_80-01.txt,4.194,0.100,0.419,7,1.188,283.11,0.170,4.844,0.000
29,ec.gp.GPIndividual@316184223{1937828828},3C_20_80-02.txt,35.738,0.100,3.574,2,6.063,169.64,3.031,6.063,0.000
29,ec.gp.GPIndividual@453024734{723525473},3C_20_50-02.txt,61.404,0.100,6.140,9,6.578,107.13,0.731,1.516,0.000
29,ec.gp.GPIndividual@453024734{723525473},3C_20_66-02.txt,154.245,0.100,15.424,11,15.672,101.60,1.425,4.859,0.000
29,ec.gp.GPIndividual@453024734{723525473},3C_20_80-02.txt,35.738,0.100,3.574,10,3.078,86.13,0.308,4.859,0.000
29,ec.gp.GPIndividual@453024734{723525473},3C_20_80-03.txt,169.439,0.100,16.944,4,5.547,32.74,1.387,4.859,0.000
29,ec.gp.GPIndividual@453024734{723525473},3C_20_80-01.txt,4.194,0.100,0.419,3,0.250,59.60,0.083,4.859,0.000
29,ec.gp.GPIndividual@453024734{723525473},3C_20_50-03.txt,30.993,0.100,3.099,7,3.516,113.43,0.502,4.859,0.000
29,ec.gp.GPIndividual@453024734{723525473},3C_20_66-03.txt,118.340,0.100,11.834,13,12.547,106.02,0.965,4.859,0.000
29,ec.gp.GPIndividual@453024734{723525473},3C_20_80-01.txt,4.194,0.100,0.419,3,1.766,420.94,0.589,4.859,0.000
29,ec.gp.GPIndividual@453024734{723525473},3C_20_80-03.txt,169.439,0.100,16.944,20,17.031,100.52,0.852,5.641,0.000
29,ec.gp.GPIndividual@453024734{723525473},3C_20_80-01.txt,4.194,0.100,0.419,3,1.906,454.47,0.635,5.641,0.000
29,ec.gp.GPIndividual@453024734{723525473},3C_20_80-02.txt,35.738,0.100,3.574,5,2.438,68.20,0.488,5.641,0.000
29,ec.gp.GPIndividual@1801471515{917948461},3C_20_50-02.txt,61.404,0.100,6.140,0,0.000,0.00,0.000,0.000,0.000
29,ec.gp.GPIndividual@1801471515{917948461},3C_20_50-03.txt,30.993,0.100,3.099,0,0.000,0.00,0.000,0.000,0.000
29,ec.gp.GPIndividual@1801471515{917948461},3C_20_66-01.txt,7.322,0.100,0.732,0,0.000,0.00,0.000,0.000,0.000
29,ec.gp.GPIndividual@1801471515{917948461},3C_20_66-02.txt,154.245,0.100,15.424,0,0.000,0.00,0.000,0.000,0.000
29,ec.gp.GPIndividual@1801471515{917948461},3C_20_66-03.txt,118.340,0.100,11.834,0,0.000,0.00,0.000,0.000,0.000
29,ec.gp.GPIndividual@1801471515{917948461},3C_20_80-01.txt,4.194,0.100,0.419,0,0.000,0.00,0.000,0.000,0.000
29,ec.gp.GPIndividual@1801471515{917948461},3C_20_80-02.txt,35.738,0.100,3.574,0,0.000,0.00,0.000,0.000,0.000
29,ec.gp.GPIndividual@1801471515{917948461},3C_20_80-03.txt,169.439,0.100,16.944,0,0.000,0.00,0.000,0.000,0.000
29,ec.gp.GPIndividual@1806468188{-86560650},3C_20_50-02.txt,61.404,0.100,6.140,6,7.266,118.32,1.211,3.875,0.000
29,ec.gp.GPIndividual@1806468188{-86560650},3C_20_80-03.txt,169.439,0.100,16.944,1,0.000,0.00,0.000,3.875,0.000
29,ec.gp.GPIndividual@1806468188{-86560650},3C_20_50-03.txt,30.993,0.100,3.099,3,1.578,50.92,0.526,3.875,0.000
29,ec.gp.GPIndividual@1806468188{-86560650},3C_20_80-02.txt,35.738,0.100,3.574,2,4.469,125.04,2.234,4.469,0.000
29,ec.gp.GPIndividual@1806468188{-86560650},3C_20_66-01.txt,7.322,0.100,0.732,2,5.703,778.88,2.852,5.703,0.000
29,ec.gp.GPIndividual@999005207{1774610438},3C_20_50-02.txt,61.404,0.100,6.140,4,1.359,22.14,0.340,1.047,0.000
29,ec.gp.GPIndividual@999005207{1774610438},3C_20_80-02.txt,35.738,0.100,3.574,6,3.672,102.74,0.612,1.531,0.000
29,ec.gp.GPIndividual@999005207{1774610438},3C_20_80-03.txt,169.439,0.100,16.944,5,1.875,11.07,0.375,1.531,0.000
29,ec.gp.GPIndividual@999005207{1774610438},3C_20_50-03.txt,30.993,0.100,3.099,10,4.000,129.06,0.400,1.531,0.000
29,ec.gp.GPIndividual@999005207{1774610438},3C_20_66-02.txt,154.245,0.100,15.424,12,15.531,100.69,1.294,5.516,0.000
29,ec.gp.GPIndividual@999005207{1774610438},3C_20_66-03.txt,118.340,0.100,11.834,3,0.688,5.81,0.229,5.516,0.000
29,ec.gp.GPIndividual@999005207{1774610438},3C_20_80-03.txt,169.439,0.100,16.944,2,4.250,25.08,2.125,5.516,0.000
29,ec.gp.GPIndividual@999005207{1774610438},3C_20_66-01.txt,7.322,0.100,0.732,2,4.406,601.77,2.203,5.516,0.000
29,ec.gp.GPIndividual@999005207{1774610438},3C_20_66-01.txt,7.322,0.100,0.732,2,5.750,785.28,2.875,5.750,0.000
29,ec.gp.GPIndividual@1227871790{-836039260},3C_20_50-02.txt,61.404,0.100,6.140,4,2.563,41.73,0.641,2.563,0.000
29,ec.gp.GPIndividual@1310535396{-1257493070},3C_20_50-02.txt,61.404,0.100,6.140,9,7.109,115.78,0.790,1.969,0.000
29,ec.gp.GPIndividual@1310535396{-1257493070},3C_20_50-03.txt,30.993,0.100,3.099,3,1.266,40.84,0.422,1.969,0.000
29,ec.gp.GPIndividual@1310535396{-1257493070},3C_20_66-02.txt,154.245,0.100,15.424,7,9.453,61.29,1.350,4.750,0.000
29,ec.gp.GPIndividual@1310535396{-1257493070},3C_20_66-02.txt,154.245,0.100,15.424,11,15.844,102.72,1.440,5.828,0.000
29,ec.gp.GPIndividual@1310535396{-1257493070},3C_20_66-03.txt,118.340,0.100,11.834,7,3.719,31.42,0.531,5.828,0.000
29,ec.gp.GPIndividual@1310535396{-1257493070},3C_20_50-03.txt,30.993,0.100,3.099,3,0.938,30.25,0.313,5.828,0.000
29,ec.gp.GPIndividual@1310535396{-1257493070},3C_20_66-03.txt,118.340,0.100,11.834,5,7.125,60.21,1.425,5.828,0.000
29,ec.gp.GPIndividual@1325996080{-1084292047},3C_20_50-02.txt,61.404,0.100,6.140,3,1.891,30.79,0.630,1.375,0.000
29,ec.gp.GPIndividual@1325996080{-1084292047},3C_20_50-03.txt,30.993,0.100,3.099,2,1.281,41.34,0.641,1.375,0.000
29,ec.gp.GPIndividual@1325996080{-1084292047},3C_20_66-01.txt,7.322,0.100,0.732,2,0.359,49.08,0.180,1.375,0.000
29,ec.gp.GPIndividual@1325996080{-1084292047},3C_20_66-02.txt,154.245,0.100,15.424,12,19.172,124.30,1.598,4.891,0.000
29,ec.gp.GPIndividual@1325996080{-1084292047},3C_20_80-01.txt,4.194,0.100,0.419,4,0.813,193.71,0.203,4.891,0.000
29,ec.gp.GPIndividual@1325996080{-1084292047},3C_20_80-02.txt,35.738,0.100,3.574,2,2.453,68.64,1.227,4.891,0.000
29,ec.gp.GPIndividual@1325996080{-1084292047},3C_20_66-03.txt,118.340,0.100,11.834,4,2.797,23.63,0.699,4.891,0.000
29,ec.gp.GPIndividual@1325996080{-1084292047},3C_20_66-01.txt,7.322,0.100,0.732,4,3.469,473.73,0.867,4.891,0.000
29,ec.gp.GPIndividual@1325996080{-1084292047},3C_20_80-01.txt,4.194,0.100,0.419,4,0.891,212.33,0.223,4.891,0.000
29,ec.gp.GPIndividual@1325996080{-1084292047},3C_20_80-03.txt,169.439,0.100,16.944,10,18.938,111.77,1.894,4.891,0.000
29,ec.gp.GPIndividual@1325996080{-1084292047},3C_20_80-01.txt,4.194,0.100,0.419,2,0.172,40.98,0.086,4.891,0.000
29,ec.gp.GPIndividual@1325996080{-1084292047},3C_20_80-02.txt,35.738,0.100,3.574,4,3.594,100.56,0.898,4.891,0.000
29,ec.gp.GPIndividual@1325996080{-1084292047},3C_20_80-01.txt,4.194,0.100,0.419,2,1.219,290.56,0.609,4.891,0.000
29,ec.gp.GPIndividual@1325996080{-1084292047},3C_20_80-02.txt,35.738,0.100,3.574,2,1.219,34.10,0.609,4.891,0.000
29,ec.gp.GPIndividual@1325996080{-1084292047},3C_20_66-02.txt,154.245,0.100,15.424,4,6.078,39.41,1.520,4.891,0.000
29,ec.gp.GPIndividual@1325996080{-1084292047},3C_20_80-03.txt,169.439,0.100,16.944,9,17.297,102.08,1.922,6.125,0.000
29,ec.gp.GPIndividual@1325996080{-1084292047},3C_20_80-03.txt,169.439,0.100,16.944,3,0.375,2.21,0.125,6.125,0.000
29,ec.gp.GPIndividual@1325996080{-1084292047},3C_20_66-03.txt,118.340,0.100,11.834,5,9.328,78.83,1.866,6.125,0.000
29,ec.gp.GPIndividual@720903446{715418755},3C_20_50-02.txt,61.404,0.100,6.140,3,6.656,108.40,2.219,6.125,0.000
29,ec.gp.GPIndividual@1937189709{2125673932},3C_20_50-02.txt,61.404,0.100,6.140,12,7.281,118.58,0.607,2.328,0.000
29,ec.gp.GPIndividual@1937189709{2125673932},3C_20_66-01.txt,7.322,0.100,0.732,2,3.906,533.48,1.953,3.906,0.000
29,ec.gp.GPIndividual@1937189709{2125673932},3C_20_80-02.txt,35.738,0.100,3.574,7,1.641,45.91,0.234,3.906,0.000
29,ec.gp.GPIndividual@1937189709{2125673932},3C_20_50-03.txt,30.993,0.100,3.099,3,5.328,171.92,1.776,4.875,0.000
29,ec.gp.GPIndividual@1937189709{2125673932},3C_20_80-01.txt,4.194,0.100,0.419,3,1.172,279.38,0.391,4.875,0.000
29,ec.gp.GPIndividual@1937189709{2125673932},3C_20_50-03.txt,30.993,0.100,3.099,8,9.969,321.65,1.246,5.906,0.000
29,ec.gp.GPIndividual@1136404565{-2031765872},3C_20_50-02.txt,61.404,0.100,6.140,12,6.734,109.67,0.561,1.391,0.000
29,ec.gp.GPIndividual@1136404565{-2031765872},3C_20_66-02.txt,154.245,0.100,15.424,3,1.594,10.33,0.531,1.594,0.000
29,ec.gp.GPIndividual@1136404565{-2031765872},3C_20_80-02.txt,35.738,0.100,3.574,3,3.641,101.87,1.214,1.891,0.000
29,ec.gp.GPIndividual@1136404565{-2031765872},3C_20_80-03.txt,169.439,0.100,16.944,12,17.016,100.42,1.418,3.703,0.000
29,ec.gp.GPIndividual@1136404565{-2031765872},3C_20_66-03.txt,118.340,0.100,11.834,10,6.266,52.95,0.627,3.906,0.000
29,ec.gp.GPIndividual@1136404565{-2031765872},3C_20_50-03.txt,30.993,0.100,3.099,6,2.875,92.76,0.479,3.906,0.000
29,ec.gp.GPIndividual@1136404565{-2031765872},3C_20_80-03.txt,169.439,0.100,16.944,9,18.844,111.21,2.094,5.953,0.000
29,ec.gp.GPIndividual@1136404565{-2031765872},3C_20_66-01.txt,7.322,0.100,0.732,9,0.844,115.23,0.094,5.953,0.000
29,ec.gp.GPIndividual@1136404565{-2031765872},3C_20_66-02.txt,154.245,0.100,15.424,7,4.219,27.35,0.603,5.953,0.000
29,ec.gp.GPIndividual@1136404565{-2031765872},3C_20_66-01.txt,7.322,0.100,0.732,6,4.672,638.04,0.779,5.953,0.000
29,ec.gp.GPIndividual@1136404565{-2031765872},3C_20_66-01.txt,7.322,0.100,0.732,5,4.703,642.31,0.941,5.953,0.000
29,ec.gp.GPIndividual@1370111872{600965189},3C_20_50-02.txt,61.404,0.100,6.140,1,0.000,0.00,0.000,0.000,0.000
29,ec.gp.GPIndividual@1370111872{600965189},3C_20_50-03.txt,30.993,0.100,3.099,1,0.000,0.00,0.000,0.000,0.000
29,ec.gp.GPIndividual@1370111872{600965189},3C_20_66-01.txt,7.322,0.100,0.732,1,0.000,0.00,0.000,0.000,0.000
29,ec.gp.GPIndividual@1370111872{600965189},3C_20_66-02.txt,154.245,0.100,15.424,1,0.000,0.00,0.000,0.000,0.000
29,ec.gp.GPIndividual@1370111872{600965189},3C_20_66-03.txt,118.340,0.100,11.834,1,0.000,0.00,0.000,0.000,0.000
29,ec.gp.GPIndividual@1370111872{600965189},3C_20_80-01.txt,4.194,0.100,0.419,1,0.000,0.00,0.000,0.000,0.000
29,ec.gp.GPIndividual@1370111872{600965189},3C_20_80-02.txt,35.738,0.100,3.574,1,0.000,0.00,0.000,0.000,0.000
29,ec.gp.GPIndividual@1370111872{600965189},3C_20_80-03.txt,169.439,0.100,16.944,1,0.000,0.00,0.000,0.000,0.000
29,ec.gp.GPIndividual@747321605{1504179291},3C_20_50-02.txt,61.404,0.100,6.140,6,1.047,17.05,0.174,0.453,0.000
29,ec.gp.GPIndividual@747321605{1504179291},3C_20_50-03.txt,30.993,0.100,3.099,2,5.672,183.01,2.836,5.672,0.000
29,ec.gp.GPIndividual@444749765{1153519193},3C_20_50-02.txt,61.404,0.100,6.140,6,6.453,105.09,1.076,2.453,0.000
29,ec.gp.GPIndividual@444749765{1153519193},3C_20_66-01.txt,7.322,0.100,0.732,2,0.344,46.95,0.172,2.453,0.000
29,ec.gp.GPIndividual@444749765{1153519193},3C_20_66-02.txt,154.245,0.100,15.424,3,0.516,3.34,0.172,2.453,0.000
29,ec.gp.GPIndividual@444749765{1153519193},3C_20_66-02.txt,154.245,0.100,15.424,3,1.156,7.50,0.385,2.453,0.000
29,ec.gp.GPIndividual@444749765{1153519193},3C_20_66-02.txt,154.245,0.100,15.424,9,12.938,83.88,1.438,5.188,0.000
29,ec.gp.GPIndividual@444749765{1153519193},3C_20_66-03.txt,118.340,0.100,11.834,11,11.703,98.89,1.064,5.188,0.000
29,ec.gp.GPIndividual@444749765{1153519193},3C_20_50-03.txt,30.993,0.100,3.099,4,4.203,135.62,1.051,5.188,0.000
29,ec.gp.GPIndividual@444749765{1153519193},3C_20_66-03.txt,118.340,0.100,11.834,6,1.156,9.77,0.193,5.188,0.000
29,ec.gp.GPIndividual@444749765{1153519193},3C_20_66-03.txt,118.340,0.100,11.834,5,9.281,78.43,1.856,5.188,0.000
29,ec.gp.GPIndividual@444749765{1153519193},3C_20_80-01.txt,4.194,0.100,0.419,2,0.172,40.98,0.086,5.188,0.000
29,ec.gp.GPIndividual@444749765{1153519193},3C_20_80-02.txt,35.738,0.100,3.574,3,2.906,81.32,0.969,5.188,0.000
29,ec.gp.GPIndividual@444749765{1153519193},3C_20_80-03.txt,169.439,0.100,16.944,3,0.875,5.16,0.292,5.188,0.000
29,ec.gp.GPIndividual@444749765{1153519193},3C_20_66-03.txt,118.340,0.100,11.834,6,13.391,113.15,2.232,5.188,0.000
29,ec.gp.GPIndividual@444749765{1153519193},3C_20_80-01.txt,4.194,0.100,0.419,4,5.375,1281.44,1.344,5.188,0.000
29,ec.gp.GPIndividual@444749765{1153519193},3C_20_80-01.txt,4.194,0.100,0.419,3,0.625,149.01,0.208,5.188,0.000
29,ec.gp.GPIndividual@444749765{1153519193},3C_20_80-02.txt,35.738,0.100,3.574,11,3.641,101.87,0.331,5.188,0.000
29,ec.gp.GPIndividual@444749765{1153519193},3C_20_80-02.txt,35.738,0.100,3.574,6,5.313,148.65,0.885,5.188,0.000
29,ec.gp.GPIndividual@444749765{1153519193},3C_20_66-01.txt,7.322,0.100,0.732,4,1.891,258.21,0.473,5.188,0.000
29,ec.gp.GPIndividual@444749765{1153519193},3C_20_80-03.txt,169.439,0.100,16.944,4,11.766,69.44,2.941,5.484,0.000
29,ec.gp.GPIndividual@820480411{711142515},3C_20_50-02.txt,61.404,0.100,6.140,9,9.750,158.78,1.083,5.281,0.000
29,ec.gp.GPIndividual@820480411{711142515},3C_20_80-01.txt,4.194,0.100,0.419,3,1.719,409.76,0.573,5.281,0.000
29,ec.gp.GPIndividual@1707537830{1759086172},3C_20_50-02.txt,61.404,0.100,6.140,5,8.656,140.97,1.731,6.797,0.000
29,ec.gp.GPIndividual@1707537830{1759086172},3C_20_66-02.txt,154.245,0.100,15.424,14,15.453,100.19,1.104,6.797,0.000
29,ec.gp.GPIndividual@1707537830{1759086172},3C_20_50-03.txt,30.993,0.100,3.099,3,1.016,32.77,0.339,6.797,0.000
29,ec.gp.GPIndividual@1707537830{1759086172},3C_20_66-03.txt,118.340,0.100,11.834,2,1.453,12.28,0.727,6.797,0.000
29,ec.gp.GPIndividual@1707537830{1759086172},3C_20_50-03.txt,30.993,0.100,3.099,4,5.594,180.49,1.398,6.797,0.000
29,ec.gp.GPIndividual@1707537830{1759086172},3C_20_80-01.txt,4.194,0.100,0.419,1,0.000,0.00,0.000,6.797,0.000
29,ec.gp.GPIndividual@1707537830{1759086172},3C_20_80-02.txt,35.738,0.100,3.574,5,3.766,105.37,0.753,6.797,0.000
29,ec.gp.GPIndividual@1707537830{1759086172},3C_20_80-02.txt,35.738,0.100,3.574,12,3.734,104.49,0.311,6.797,0.000
29,ec.gp.GPIndividual@1707537830{1759086172},3C_20_80-03.txt,169.439,0.100,16.944,13,17.531,103.47,1.349,6.797,0.000
29,ec.gp.GPIndividual@1707537830{1759086172},3C_20_80-03.txt,169.439,0.100,16.944,4,0.281,1.66,0.070,6.797,0.000
29,ec.gp.GPIndividual@1707537830{1759086172},3C_20_66-01.txt,7.322,0.100,0.732,2,4.469,610.30,2.234,6.797,0.000
29,ec.gp.GPIndividual@1105816170{-86560650},3C_20_50-02.txt,61.404,0.100,6.140,9,5.797,94.40,0.644,2.641,0.000
29,ec.gp.GPIndividual@1105816170{-86560650},3C_20_66-01.txt,7.322,0.100,0.732,3,0.844,115.23,0.281,2.641,0.000
29,ec.gp.GPIndividual@1105816170{-86560650},3C_20_66-02.txt,154.245,0.100,15.424,7,3.188,20.67,0.455,2.641,0.000
29,ec.gp.GPIndividual@1105816170{-86560650},3C_20_80-01.txt,4.194,0.100,0.419,3,1.000,238.41,0.333,2.641,0.000
29,ec.gp.GPIndividual@1105816170{-86560650},3C_20_66-02.txt,154.245,0.100,15.424,13,15.641,101.40,1.203,4.453,0.000
29,ec.gp.GPIndividual@1105816170{-86560650},3C_20_66-03.txt,118.340,0.100,11.834,3,1.563,13.20,0.521,4.453,0.000
29,ec.gp.GPIndividual@1105816170{-86560650},3C_20_50-03.txt,30.993,0.100,3.099,5,2.609,84.19,0.522,4.453,0.000
29,ec.gp.GPIndividual@2084557907{343568128},3C_20_50-02.txt,61.404,0.100,6.140,4,1.031,16.79,0.258,1.031,0.000
29,ec.gp.GPIndividual@2084557907{343568128},3C_20_80-02.txt,35.738,0.100,3.574,8,4.047,113.24,0.506,1.297,0.000
29,ec.gp.GPIndividual@2084557907{343568128},3C_20_50-03.txt,30.993,0.100,3.099,7,1.281,41.34,0.183,1.297,0.000
29,ec.gp.GPIndividual@2084557907{343568128},3C_20_66-03.txt,118.340,0.100,11.834,11,11.969,101.14,1.088,4.344,0.000
29,ec.gp.GPIndividual@2084557907{343568128},3C_20_80-01.txt,4.194,0.100,0.419,3,0.672,160.18,0.224,4.344,0.000
29,ec.gp.GPIndividual@2084557907{343568128},3C_20_80-03.txt,169.439,0.100,16.944,19,17.000,100.33,0.895,4.813,0.000
29,ec.gp.GPIndividual@2084557907{343568128},3C_20_80-01.txt,4.194,0.100,0.419,2,1.172,279.38,0.586,4.813,0.000
29,ec.gp.GPIndividual@2084557907{343568128},3C_20_80-02.txt,35.738,0.100,3.574,5,3.828,107.12,0.766,4.813,0.000
29,ec.gp.GPIndividual@2084557907{343568128},3C_20_80-02.txt,35.738,0.100,3.574,4,0.109,3.06,0.027,4.813,0.000
29,ec.gp.GPIndividual@2084557907{343568128},3C_20_66-01.txt,7.322,0.100,0.732,2,4.547,620.97,2.273,4.813,0.000
29,ec.gp.GPIndividual@37526663{1096913715},3C_20_50-02.txt,61.404,0.100,6.140,7,9.766,159.04,1.395,5.422,0.000
29,ec.gp.GPIndividual@37526663{1096913715},3C_20_66-01.txt,7.322,0.100,0.732,2,1.609,219.79,0.805,5.422,0.000
29,ec.gp.GPIndividual@37526663{1096913715},3C_20_50-03.txt,30.993,0.100,3.099,5,3.125,100.83,0.625,5.422,0.000
29,ec.gp.GPIndividual@37526663{1096913715},3C_20_80-03.txt,169.439,0.100,16.944,4,1.250,7.38,0.313,5.422,0.000
29,ec.gp.GPIndividual@37526663{1096913715},3C_20_80-03.txt,169.439,0.100,16.944,7,6.344,37.44,0.906,5.422,0.000
29,ec.gp.GPIndividual@37526663{1096913715},3C_20_66-02.txt,154.245,0.100,15.424,6,15.516,100.59,2.586,5.422,0.000
29,ec.gp.GPIndividual@2032086245{-245029405},3C_20_50-02.txt,61.404,0.100,6.140,2,1.469,23.92,0.734,1.203,0.266
29,ec.gp.GPIndividual@2032086245{-245029405},3C_20_50-03.txt,30.993,0.100,3.099,1,4.469,144.19,4.469,4.469,0.266
29,ec.gp.GPIndividual@2032086245{-245029405},3C_20_66-02.txt,154.245,0.100,15.424,3,2.297,14.89,0.766,4.469,0.000
29,ec.gp.GPIndividual@2032086245{-245029405},3C_20_66-01.txt,7.322,0.100,0.732,1,3.063,418.25,3.063,4.469,0.000
29,ec.gp.GPIndividual@399732902{-543603688},3C_20_50-02.txt,61.404,0.100,6.140,5,9.453,153.95,1.891,4.297,0.266
29,ec.gp.GPIndividual@432154865{865663276},3C_20_50-02.txt,61.404,0.100,6.140,2,0.469,7.63,0.234,0.469,0.000
29,ec.gp.GPIndividual@432154865{865663276},3C_20_80-01.txt,4.194,0.100,0.419,6,0.516,122.93,0.086,0.469,0.000
29,ec.gp.GPIndividual@432154865{865663276},3C_20_80-02.txt,35.738,0.100,3.574,5,0.094,2.62,0.019,0.469,0.000
29,ec.gp.GPIndividual@432154865{865663276},3C_20_50-03.txt,30.993,0.100,3.099,3,6.828,220.31,2.276,5.734,0.000
29,ec.gp.GPIndividual@432154865{865663276},3C_20_80-02.txt,35.738,0.100,3.574,2,0.828,23.17,0.414,5.734,0.000
29,ec.gp.GPIndividual@432154865{865663276},3C_20_50-03.txt,30.993,0.100,3.099,10,3.516,113.43,0.352,5.734,0.000
29,ec.gp.GPIndividual@432154865{865663276},3C_20_80-03.txt,169.439,0.100,16.944,16,15.344,90.56,0.959,5.734,0.000
29,ec.gp.GPIndividual@1775351808{-462561035},3C_20_50-02.txt,61.404,0.100,6.140,6,7.891,128.50,1.315,4.563,0.000
29,ec.gp.GPIndividual@1775351808{-462561035},3C_20_66-03.txt,118.340,0.100,11.834,4,3.953,33.40,0.988,4.563,0.000
29,ec.gp.GPIndividual@1775351808{-462561035},3C_20_50-03.txt,30.993,0.100,3.099,5,2.750,88.73,0.550,4.563,0.000
29,ec.gp.GPIndividual@1775351808{-462561035},3C_20_80-01.txt,4.194,0.100,0.419,6,0.422,100.58,0.070,4.563,0.000
29,ec.gp.GPIndividual@1775351808{-462561035},3C_20_80-02.txt,35.738,0.100,3.574,6,3.781,105.80,0.630,4.563,0.000
29,ec.gp.GPIndividual@1775351808{-462561035},3C_20_80-03.txt,169.439,0.100,16.944,2,4.141,24.44,2.070,4.563,0.000
29,ec.gp.GPIndividual@1775351808{-462561035},3C_20_80-01.txt,4.194,0.100,0.419,2,0.281,67.05,0.141,4.563,0.000
29,ec.gp.GPIndividual@1775351808{-462561035},3C_20_66-01.txt,7.322,0.100,0.732,5,0.813,110.96,0.163,4.563,0.000
29,ec.gp.GPIndividual@1775351808{-462561035},3C_20_66-02.txt,154.245,0.100,15.424,2,0.156,1.01,0.078,4.563,0.000
29,ec.gp.GPIndividual@1775351808{-462561035},3C_20_80-02.txt,35.738,0.100,3.574,5,5.172,144.72,1.034,4.563,0.000
