0 ec.gp.GPIndividual@1274803476{-862645276} 0.0 93836.0 10054.0 0.9057091704794111 3 5 21.0 0.0 0 ec.gp.GPIndividual@1751142849{1681712733} 0.0 0 ec.gp.GPIndividual@2068379726{-387505286} 0.0 104262.0 10054.0 0.9556395464491745 0.9057091704794111 0
0 ec.gp.GPIndividual@2013706732{-1953021601} 0.0 89816.0 10054.0 0.7620847423910881 2 3 21.0 0.0 4 15 21.0 0.0 0.9556395464491745 0
0 ec.gp.GPIndividual@1362787730{123860926} 0.0 101188.0 10054.0 0.7179232146409389 3 7 21.0 0.0 0.7179232146409389 0
0 ec.gp.GPIndividual@1274803476{-862645276} 0.0 93836.0 8387.0 0.8869679265529987 0.7620847423910881 0
0 ec.gp.GPIndividual@2068379726{-387505286} 0.0 101188.0 8387.0 0.6618576368188863 3 5 21.0 0.0 3 7 21.0 0.0 0.8869679265529987 0
0 ec.gp.GPIndividual@1751142849{1681712733} 0.0 104262.0 8387.0 0.9468224633361154 89095.0 8387.0 0.8337974935349115 2 3 21.0 0.0 0.9468224633361154 0
0.6618576368188863 0
0 ec.gp.GPIndividual@1274803476{-862645276} 0 ec.gp.GPIndividual@1751142849{1681712733} 0.0 0.0 4 15 21.0 0.0 0 ec.gp.GPIndividual@2068379726{-387505286} 94176.0 14578.0 0.9116476882974345 0.0 0.8337974935349115 0
0 ec.gp.GPIndividual@2013706732{-1953021601} 0.0 89816.0 14578.0 0.7147967091927984 104262.0 14578.0 0.9694059541775277 4 15 21.0 0.0 0.7147967091927984 0
3 5 21.0 0.0 0 ec.gp.GPIndividual@1362787730{123860926} 0.0 0.9116476882974345 0
101188.0 14578.0 0.805460282617643 3 7 21.0 0.0 0.805460282617643 0
89095.0 8387.0 0.8007630857279122 2 3 21.0 0.0 4 15 21.0 0.0 0.9694059541775277 0
0 ec.gp.GPIndividual@2068379726{-387505286} 0.0 0 ec.gp.GPIndividual@2013706732{-1953021601} 101188.0 10861.0 0.7388822392044931 0.0 3 7 21.0 0.0 90068.0 10861.0 0.8186308135546714 0.7388822392044931 0
0 ec.gp.GPIndividual@1274803476{-862645276} 0.0 93836.0 10861.0 0.9127152195930394 3 5 21.0 0.0 0.8007630857279122 0
0 ec.gp.GPIndividual@2068379726{-387505286} 0.0 0.9127152195930394 0
0 ec.gp.GPIndividual@1751142849{1681712733} 0.0 104262.0 8160.0 0.9589356412853328 4 15 21.0 0.0 2 3 21.0 0.0 0.9589356412853328 0
101188.0 8160.0 0.6524509803921569 0 ec.gp.GPIndividual@1274803476{-862645276} 3 7 21.0 0.0 0.6524509803921569 0
0.8186308135546714 0
0 ec.gp.GPIndividual@1751142849{1681712733} 0.0 104262.0 8160.0 0.9453431372549019 0.0 2 3 21.0 0.0 0.9453431372549019 0
0 ec.gp.GPIndividual@2068379726{-387505286} 0 ec.gp.GPIndividual@1751142849{1681712733} 0.0 0 ec.gp.GPIndividual@2013706732{-1953021601} 93836.0 8160.0 0.8838235294117647 0.0 101188.0 10861.0 0.7784721137322294 89816.0 10861.0 0.7797624528128165 3 5 21.0 0.0 0.0 0.8838235294117647 0
3 7 21.0 0.0 0.7784721137322294 0
0 ec.gp.GPIndividual@1274803476{-862645276} 0.0 104262.0 10861.0 0.9651616934853929 94176.0 12802.0 0.8993907201999688 3 5 21.0 0.0 2 3 21.0 0.0 0.8993907201999688 0
4 15 21.0 0.0 0.7797624528128165 0
0 ec.gp.GPIndividual@1274803476{-862645276} 0.9651616934853929 0
0.0 0 ec.gp.GPIndividual@1362787730{123860926} 0.0 93836.0 14578.0 0.9060176464756617 0 ec.gp.GPIndividual@2068379726{-387505286} 0 ec.gp.GPIndividual@1751142849{1681712733} 0.0 3 5 21.0 0.0 82314.0 14578.0 0.6009054740019207 0.0 0.9060176464756617 0
4 15 21.0 0.0 0.6009054740019207 0
104262.0 10087.0 0.9557846733419253 2 3 21.0 0.0 101188.0 10087.0 0.7188460394567264 0.9557846733419253 0
3 7 21.0 0.0 0.7188460394567264 0
0 ec.gp.GPIndividual@1274803476{-862645276} 0.0 0 ec.gp.GPIndividual@2013706732{-1953021601} 93836.0 8317.0 0.8860165925213418 0.0 3 5 21.0 0.0 0 ec.gp.GPIndividual@1751142849{1681712733} 89103.0 8317.0 0.7942401960784313 0 ec.gp.GPIndividual@2068379726{-387505286} 0.0 0.0 101188.0 8317.0 0.6590116628592041 0.8860165925213418 0
4 15 21.0 0.0 0.7942401960784313 0
3 7 21.0 0.0 0.6590116628592041 0
104262.0 8317.0 0.9463748947937959 0 ec.gp.GPIndividual@1161560603{1863506875} 0.0 94572.0 10054.0 0.8325044758305152 3 8 21.0 0.0 0.8325044758305152 0
2 3 21.0 0.0 0.9463748947937959 0
0 ec.gp.GPIndividual@2013706732{-1953021601} 0.0 90068.0 12802.0 0.7934697703483831 0 ec.gp.GPIndividual@1161560603{1863506875} 4 15 21.0 0.0 0.0 0.7934697703483831 0
94572.0 12802.0 0.7992130678430905 3 8 21.0 0.0 0.7992130678430905 0
0 ec.gp.GPIndividual@2013706732{-1953021601} 0.0 89816.0 10087.0 0.7628630911073659 0 ec.gp.GPIndividual@1972312407{-1356729653} 4 15 21.0 0.0 0.7628630911073659 0
0 ec.gp.GPIndividual@1722266301{887714562} 0.0 94572.0 14578.0 0.8325044758305152 0 ec.gp.GPIndividual@1362787730{123860926} 5 34 21.0 0.0 0.0 0.8325044758305152 0
0 ec.gp.GPIndividual@1161560603{1863506875} 0.0 94954.0 14578.0 0.8582795993963507 3 8 21.0 0.0 0.0 0.8582795993963507 0
0 ec.gp.GPIndividual@2013706732{-1953021601} 0 ec.gp.GPIndividual@1722266301{887714562} 0.0 0.0 94572.0 8317.0 0.7992130678430905 85744.0 14578.0 0.6236323851203501 5 34 21.0 0.0 89103.0 8317.0 0.7981243236744018 82314.0 14578.0 0.46432188564588894 0.7992130678430905 0
4 15 21.0 0.0 0.46432188564588894 0
0 ec.gp.GPIndividual@1161560603{1863506875} 0.0 94780.0 10861.0 0.8257987293987662 4 15 21.0 0.0 3 8 21.0 0.0 0.8257987293987662 0
5 32 21.0 0.0 0.6236323851203501 0
0 ec.gp.GPIndividual@1362787730{123860926} 0.0 0.7981243236744018 0
89103.0 8160.0 0.7942401960784313 0 ec.gp.GPIndividual@1972312407{-1356729653} 0.0 4 15 21.0 0.0 0 ec.gp.GPIndividual@1161560603{1863506875} 86095.0 8387.0 0.5069750804816978 0 ec.gp.GPIndividual@1992382620{-1520777465} 0.0 0.0 5 32 21.0 0.0 0.7942401960784313 0
94354.0 10054.0 0.8203431372549019 3 8 21.0 0.0 0.8203431372549019 0
109280.0 10054.0 1.0 3 8 21.0 0.0 0.5069750804816978 0
1.0 0
0 ec.gp.GPIndividual@1161560603{1863506875} 0.0 94780.0 12802.0 0.8522105920949852 3 8 21.0 0.0 0.8522105920949852 0
0 ec.gp.GPIndividual@1992382620{-1520777465} 0.0 109280.0 8387.0 1.0 3 8 21.0 0.0 1.0 0
0 ec.gp.GPIndividual@1972312407{-1356729653} 0 ec.gp.GPIndividual@1161560603{1863506875} 0.0 0.0 86084.0 14578.0 0.7171079709150775 94572.0 14578.0 0.8330524437394666 0 ec.gp.GPIndividual@1992382620{-1520777465} 3 8 21.0 0.0 5 32 21.0 0.0 0.0 0.7171079709150775 0
109280.0 14578.0 1.0 3 8 21.0 0.0 1.0 0
0.8330524437394666 0
0 ec.gp.GPIndividual@1992382620{-1520777465} 0.0 109280.0 10861.0 1.0 3 8 21.0 0.0 1.0 0
0 ec.gp.GPIndividual@1161560603{1863506875} 0.0 0 ec.gp.GPIndividual@1992382620{-1520777465} 0 ec.gp.GPIndividual@1972312407{-1356729653} 0.0 94354.0 8160.0 0.8237345196585307 0.0 109280.0 8160.0 1.0 85744.0 8160.0 0.6515974587975325 3 8 21.0 0.0 0.8237345196585307 0
5 32 21.0 0.0 0.6515974587975325 0
0 ec.gp.GPIndividual@1090756196{980212666} 0.0 0 ec.gp.GPIndividual@1362787730{123860926} 105260.0 10054.0 0.8563755719116769 0.0 82314.0 10054.0 0.5455397594125918 1 1 21.0 0.0 3 8 21.0 0.0 4 15 21.0 0.0 0.8563755719116769 0
0 ec.gp.GPIndividual@1972312407{-1356729653} 0.0 86095.0 8160.0 0.49325980392156865 1.0 0
0.5455397594125918 0
0 ec.gp.GPIndividual@1992382620{-1520777465} 0.0 0 ec.gp.GPIndividual@1090756196{980212666} 109280.0 12802.0 1.0 0.0 105260.0 12802.0 0.8278287826397996 3 8 21.0 0.0 1 1 21.0 0.0 1.0 0
5 32 21.0 0.0 0 ec.gp.GPIndividual@1992382620{-1520777465} 0.49325980392156865 0
0.8278287826397996 0
0.0 109280.0 10087.0 1.0 3 8 21.0 0.0 1.0 0
0 ec.gp.GPIndividual@1090756196{980212666} 0.0 105260.0 14578.0 0.9009466319110989 1 1 21.0 0.0 0.9009466319110989 0
0 ec.gp.GPIndividual@1992382620{-1520777465} 0.0 109280.0 8317.0 1.0 0 ec.gp.GPIndividual@1972312407{-1356729653} 3 8 21.0 0.0 0 ec.gp.GPIndividual@1090756196{980212666} 0.0 1.0 0
86084.0 10861.0 0.677862833932198 5 32 21.0 0.0 0.677862833932198 0
0.0 105260.0 10861.0 0.8670472332197772 1 1 21.0 0.0 0.8670472332197772 0
0 ec.gp.GPIndividual@1362787730{123860926} 0.0 82314.0 10087.0 0.4232180033706751 4 15 21.0 0.0 0 ec.gp.GPIndividual@1929302684{1427362431} 0.4232180033706751 0
0 ec.gp.GPIndividual@1090756196{980212666} 0.0 105260.0 8160.0 0.8230392156862745 0.0 1 1 21.0 0.0 0.8230392156862745 0
0 ec.gp.GPIndividual@1362787730{123860926} 0.0 89103.0 8317.0 0.7981243236744018 0 ec.gp.GPIndividual@1972312407{-1356729653} 0 ec.gp.GPIndividual@1090756196{980212666} 0.0 0.0 85744.0 12802.0 0.6248636859323882 105260.0 12802.0 0.8872051241993438 5 32 21.0 0.0 1 1 21.0 0.0 0.6248636859323882 0
85074.0 8160.0 0.6902725283469267 4 16 21.0 0.0 0.8872051241993438 0
4 15 21.0 0.0 0 ec.gp.GPIndividual@1090756196{980212666} 0 ec.gp.GPIndividual@1972312407{-1356729653} 0.0 0.0 86095.0 10087.0 0.502825538054587 105260.0 10087.0 0.8568454446317042 5 32 21.0 0.0 1 1 21.0 0.0 0.6902725283469267 0
0.8568454446317042 0
0.502825538054587 0
0 ec.gp.GPIndividual@1929302684{1427362431} 0.7981243236744018 0
0.0 0 ec.gp.GPIndividual@1907397438{1527400491} 0.0 0 ec.gp.GPIndividual@1090756196{980212666} 0 ec.gp.GPIndividual@1610451397{739864746} 0.0 0.0 96170.0 10054.0 0.6735627610901134 85074.0 10054.0 0.6287111005126982 104262.0 10054.0 0.9556395464491745 105260.0 10054.0 0.8263797042202717 3 9 21.0 0.0 0.6735627610901134 0
4 16 21.0 0.0 0.6287111005126982 0
1 1 21.0 0.0 0.8263797042202717 0
2 3 21.0 0.0 0.9556395464491745 0
0 ec.gp.GPIndividual@1929302684{1427362431} 0.0 0 ec.gp.GPIndividual@1907397438{1527400491} 85692.0 14578.0 0.7439978049115105 0.0 0 ec.gp.GPIndividual@67176480{540167701} 4 16 21.0 0.0 0.0 96170.0 14578.0 0.6086801001550017 0 ec.gp.GPIndividual@1610451397{739864746} 0.7439978049115105 0
105260.0 8387.0 0.8563755719116769 1 1 21.0 0.0 0.8563755719116769 0
0.0 104262.0 8387.0 0.9468224633361154 2 3 21.0 0.0 0.9468224633361154 0
3 9 21.0 0.0 0.6086801001550017 0
0 ec.gp.GPIndividual@1929302684{1427362431} 0.0 85240.0 14578.0 0.6980020255961698 0 ec.gp.GPIndividual@67176480{540167701} 4 16 21.0 0.0 0.0 0.6980020255961698 0
0 ec.gp.GPIndividual@1610451397{739864746} 0.0 104262.0 14578.0 0.9694059541775277 2 3 21.0 0.0 0.9694059541775277 0
0 ec.gp.GPIndividual@1929302684{1427362431} 0.0 84856.0 8160.0 0.6450980392156863 4 16 21.0 0.0 105260.0 14578.0 0.8278287826397996 0.6450980392156863 0
0 ec.gp.GPIndividual@1907397438{1527400491} 0.0 96170.0 10861.0 0.7748662367951709 3 9 21.0 0.0 0 ec.gp.GPIndividual@1610451397{739864746} 0.7748662367951709 0
1 1 21.0 0.0 0.8278287826397996 0
0 ec.gp.GPIndividual@1929302684{1427362431} 0 ec.gp.GPIndividual@1907397438{1527400491} 0.0 85263.0 10861.0 0.7419934385252305 0.0 4 16 21.0 0.0 0.0 96170.0 10861.0 0.697817880489826 0.7419934385252305 0
0 ec.gp.GPIndividual@67176480{540167701} 0.0 105260.0 14578.0 0.9009466319110989 104262.0 14578.0 0.9589356412853328 1 1 21.0 0.0 2 3 21.0 0.0 0.9589356412853328 0
3 9 21.0 0.0 0.697817880489826 0
0 ec.gp.GPIndividual@1929302684{1427362431} 0.0 0.9009466319110989 0
0 ec.gp.GPIndividual@1907397438{1527400491} 0.0 85074.0 8160.0 0.691285813423218 0 ec.gp.GPIndividual@67176480{540167701} 0 ec.gp.GPIndividual@1610451397{739864746} 96170.0 8160.0 0.5977941176470588 0.0 0.0 3 9 21.0 0.0 105260.0 10861.0 0.8670472332197772 104262.0 10861.0 0.9453431372549019 4 16 21.0 0.0 0.5977941176470588 0
2 3 21.0 0.0 0.9453431372549019 0
0.691285813423218 0
1 1 21.0 0.0 0.8670472332197772 0
0 ec.gp.GPIndividual@1610451397{739864746} 0.0 0 ec.gp.GPIndividual@1929302684{1427362431} 0 ec.gp.GPIndividual@1907397438{1527400491} 104262.0 8317.0 0.9651616934853929 0.0 0 ec.gp.GPIndividual@67176480{540167701} 0.0 2 3 21.0 0.0 0.0 84856.0 8160.0 0.6517975231453649 0.9651616934853929 0
4 16 21.0 0.0 0.6517975231453649 0
105260.0 8160.0 0.8230392156862745 1 1 21.0 0.0 0.8230392156862745 0
96170.0 8160.0 0.7436338072176223 3 9 21.0 0.0 0.7436338072176223 0
0 ec.gp.GPIndividual@939283111{263716684} 0.0 0 ec.gp.GPIndividual@1610451397{739864746} 99026.0 12802.0 0.9329620051720708 0.0 104262.0 12802.0 0.9557846733419253 2 3 21.0 0.0 2 3 21.0 0.0 0.9329620051720708 0
0 ec.gp.GPIndividual@67176480{540167701} 0.0 105260.0 10087.0 0.8872051241993438 1 1 21.0 0.0 0.8872051241993438 0
0.9557846733419253 0
0 ec.gp.GPIndividual@1907397438{1527400491} 0.0 96170.0 10087.0 0.6746307127986517 0 ec.gp.GPIndividual@67176480{540167701} 3 9 21.0 0.0 0.0 0.6746307127986517 0
0 ec.gp.GPIndividual@939283111{263716684} 0.0 99026.0 8317.0 0.9196375342792417 0 ec.gp.GPIndividual@1610451397{739864746} 2 3 21.0 0.0 0.0 104262.0 8317.0 0.9463748947937959 105260.0 8317.0 0.8568454446317042 0.9196375342792417 0
0 ec.gp.GPIndividual@1907397438{1527400491} 0.0 2 3 21.0 0.0 96170.0 8317.0 0.6053865576529999 0.9463748947937959 0
1 1 21.0 0.0 0.8568454446317042 0
0 ec.gp.GPIndividual@939283111{263716684} 0.0 3 9 21.0 0.0 99026.0 14578.0 0.9537659486898066 0 ec.gp.GPIndividual@67176480{540167701} 0.0 0.6053865576529999 0
0 ec.gp.GPIndividual@1539446498{-928984201} 0.0 105260.0 8317.0 0.8263797042202717 68441.0 10054.0 0.1707777998806445 1 1 21.0 0.0 0.8263797042202717 0
2 3 21.0 0.0 0.9537659486898066 0
0 ec.gp.GPIndividual@884085612{-1868114142} 0.0 104262.0 10054.0 0.9556395464491745 2 3 21.0 0.0 5 45 21.0 0.0 0.9556395464491745 0
0.1707777998806445 0
0 ec.gp.GPIndividual@939283111{263716684} 0.0 99026.0 8387.0 0.9379430991621398 0 ec.gp.GPIndividual@281419489{473318906} 2 3 21.0 0.0 0.9379430991621398 0
0 ec.gp.GPIndividual@884085612{-1868114142} 0.0 104262.0 8387.0 0.9468224633361154 0.0 2 3 21.0 0.0 0.9468224633361154 0
0 ec.gp.GPIndividual@1539446498{-928984201} 0.0 0 ec.gp.GPIndividual@939283111{263716684} 68407.0 8387.0 0.010015500178848218 5 45 21.0 0.0 0.0 0.010015500178848218 0
109280.0 8387.0 1.0 1 1 21.0 0.0 1.0 0
99026.0 14578.0 0.9174019607843137 0 ec.gp.GPIndividual@884085612{-1868114142} 0.0 0 ec.gp.GPIndividual@281419489{473318906} 2 3 21.0 0.0 0.0 0.9174019607843137 0
0 ec.gp.GPIndividual@1539446498{-928984201} 0.0 68360.0 14578.0 0.43366716970777885 109280.0 8387.0 1.0 5 45 21.0 0.0 1 1 21.0 0.0 1.0 0
104262.0 8387.0 0.9694059541775277 0 ec.gp.GPIndividual@281419489{473318906} 0 ec.gp.GPIndividual@2007834014{1016281465} 0.0 2 3 21.0 0.0 0.43366716970777885 0
0 ec.gp.GPIndividual@939283111{263716684} 0.0 99026.0 14578.0 0.9473519762537104 109280.0 14578.0 1.0 2 3 21.0 0.0 1 1 21.0 0.0 0.9694059541775277 0
2.0 14663.0 14578.0 0.45842450765864334 1.0 0
0 ec.gp.GPIndividual@1539446498{-928984201} 0.0 67710.0 10861.0 0.29969616057453274 0.9473519762537104 0
0 ec.gp.GPIndividual@281419489{473318906} 0.0 5 45 21.0 0.0 109280.0 10861.0 1.0 1 1 21.0 0.0 1.0 0
5 32 21.0 0.0 0.45842450765864334 0
0 ec.gp.GPIndividual@884085612{-1868114142} 0.0 104262.0 8160.0 0.9589356412853328 2 3 21.0 0.0 0.9589356412853328 0
0 ec.gp.GPIndividual@281419489{473318906} 0.0 0 ec.gp.GPIndividual@939283111{263716684} 0 ec.gp.GPIndividual@884085612{-1868114142} 0.0 109280.0 8160.0 1.0 0.0 0.29969616057453274 0
104262.0 8160.0 0.9453431372549019 2 3 21.0 0.0 0.9453431372549019 0
1 1 21.0 0.0 1.0 0
99026.0 8160.0 0.9331813224942996 2 3 21.0 0.0 0 ec.gp.GPIndividual@884085612{-1868114142} 0 ec.gp.GPIndividual@281419489{473318906} 0.0 0.9331813224942996 0
0.0 109280.0 8160.0 1.0 104262.0 12802.0 0.9651616934853929 1 1 21.0 0.0 0 ec.gp.GPIndividual@1539446498{-928984201} 2 3 21.0 0.0 0.0 1.0 0
68708.0 8317.0 0.054411764705882354 0 ec.gp.GPIndividual@281419489{473318906} 5 45 21.0 0.0 0 ec.gp.GPIndividual@939283111{263716684} 0.054411764705882354 0
0.9651616934853929 0
0.0 109280.0 10087.0 1.0 1 1 21.0 0.0 0.0 0 ec.gp.GPIndividual@884085612{-1868114142} 1.0 0
0.0 99026.0 10087.0 0.9189611638812072 104262.0 8317.0 0.9557846733419253 0 ec.gp.GPIndividual@281419489{473318906} 0.0 2 3 21.0 0.0 0 ec.gp.GPIndividual@1539446498{-928984201} 2 3 21.0 0.0 0.9557846733419253 0
0.9189611638812072 0
0.0 67425.0 8317.0 0.4281362287142634 5 45 21.0 0.0 109280.0 12802.0 1.0 0.4281362287142634 0
0 ec.gp.GPIndividual@2063090797{2104154215} 0.0 99026.0 10054.0 0.9329620051720708 2 3 21.0 0.0 1 1 21.0 0.0 0.9329620051720708 0
0 ec.gp.GPIndividual@884085612{-1868114142} 0.0 104262.0 10054.0 0.9463748947937959 1.0 0
0 ec.gp.GPIndividual@2063090797{2104154215} 0.0 0 ec.gp.GPIndividual@1539446498{-928984201} 2 3 21.0 0.0 0.0 99026.0 10087.0 0.9196375342792417 0.9463748947937959 0
2 3 21.0 0.0 0.9196375342792417 0
67710.0 10087.0 0.2459601467235055 5 45 21.0 0.0 0.2459601467235055 0
0 ec.gp.GPIndividual@142874428{-1747170819} 0.0 104262.0 14578.0 0.9556395464491745 3 5 21.0 0.0 0 ec.gp.GPIndividual@2063090797{2104154215} 0.9556395464491745 0
0.0 99026.0 14578.0 0.9537659486898066 2 3 21.0 0.0 0.9537659486898066 0
0 ec.gp.GPIndividual@1539446498{-928984201} 0 ec.gp.GPIndividual@142874428{-1747170819} 0.0 0.0 68696.0 8317.0 0.033064807021762656 104262.0 8317.0 0.9468224633361154 5 45 21.0 0.0 3 5 21.0 0.0 0.033064807021762656 0
0.9468224633361154 0
0 ec.gp.GPIndividual@515933182{-744545026} 0.0 101188.0 10054.0 0.7179232146409389 2 3 21.0 0.0 0.7179232146409389 0
0 ec.gp.GPIndividual@2063090797{2104154215} 0.0 99026.0 14578.0 0.9379430991621398 2 3 21.0 0.0 0 ec.gp.GPIndividual@142874428{-1747170819} 0 ec.gp.GPIndividual@515933182{-744545026} 0.9379430991621398 0
0.0 104262.0 8387.0 0.9694059541775277 3 5 21.0 0.0 0.9694059541775277 0
0.0 101188.0 8160.0 0.6618576368188863 2 3 21.0 0.0 0.6618576368188863 0
0 ec.gp.GPIndividual@2063090797{2104154215} 0.0 0 ec.gp.GPIndividual@142874428{-1747170819} 99026.0 10861.0 0.9174019607843137 0.0 0 ec.gp.GPIndividual@515933182{-744545026} 2 3 21.0 0.0 0.0 104262.0 14578.0 0.9589356412853328 101188.0 14578.0 0.805460282617643 3 5 21.0 0.0 2 3 21.0 0.0 0.805460282617643 0
0.9174019607843137 0
0 ec.gp.GPIndividual@515933182{-744545026} 0.0 101188.0 10861.0 0.7388822392044931 2 3 21.0 0.0 0.7388822392044931 0
0.9589356412853328 0
0 ec.gp.GPIndividual@515933182{-744545026} 0.0 101188.0 8160.0 0.6524509803921569 2 3 21.0 0.0 0.6524509803921569 0
0 ec.gp.GPIndividual@142874428{-1747170819} 0.0 104262.0 8160.0 0.9453431372549019 3 5 21.0 0.0 0 ec.gp.GPIndividual@2063090797{2104154215} 0.9453431372549019 0
0 ec.gp.GPIndividual@515933182{-744545026} 0.0 0 ec.gp.GPIndividual@142874428{-1747170819} 101188.0 12802.0 0.7784721137322294 0.0 2 3 21.0 0.0 0.7784721137322294 0
0.0 99026.0 12802.0 0.9473519762537104 2 3 21.0 0.0 0.9473519762537104 0
104262.0 12802.0 0.9651616934853929 3 5 21.0 0.0 0.9651616934853929 0
0 ec.gp.GPIndividual@515933182{-744545026} 0.0 101188.0 10087.0 0.7188460394567264 2 3 21.0 0.0 0 ec.gp.GPIndividual@142874428{-1747170819} 0.7188460394567264 0
0 ec.gp.GPIndividual@2063090797{2104154215} 0.0 0.0 99026.0 10087.0 0.9331813224942996 0 ec.gp.GPIndividual@515933182{-744545026} 0.0 2 3 21.0 0.0 101188.0 8317.0 0.6590116628592041 104262.0 8317.0 0.9557846733419253 0.9331813224942996 0
3 5 21.0 0.0 0.9557846733419253 0
2 3 21.0 0.0 0.6590116628592041 0
0 ec.gp.GPIndividual@2063090797{2104154215} 0.0 99026.0 8317.0 0.9189611638812072 0 ec.gp.GPIndividual@142874428{-1747170819} 2 3 21.0 0.0 0.0 0.9189611638812072 0
104262.0 8317.0 0.9463748947937959 3 5 21.0 0.0 0.9463748947937959 0
0 ec.gp.GPIndividual@97313498{-1579585639} 0.0 109280.0 10054.0 1.0 5 40 21.0 0.0 1.0 0
0 ec.gp.GPIndividual@97313498{-1579585639} 0.0 109280.0 8387.0 1.0 5 40 21.0 0.0 1.0 0
0 ec.gp.GPIndividual@97313498{-1579585639} 0.0 109280.0 14578.0 1.0 5 40 21.0 0.0 1.0 0
0 ec.gp.GPIndividual@479505241{1613498855} 0.0 12144.0 10054.0 0.20787746170678337 0 ec.gp.GPIndividual@97313498{-1579585639} 4 25 21.0 0.0 0.0 0.20787746170678337 0
109280.0 10861.0 1.0 5 40 21.0 0.0 1.0 0
0 ec.gp.GPIndividual@97313498{-1579585639} 0.0 109280.0 8160.0 1.0 5 40 21.0 0.0 1.0 0
0 ec.gp.GPIndividual@97313498{-1579585639} 0.0 109280.0 12802.0 1.0 5 40 21.0 0.0 1.0 0
0 ec.gp.GPIndividual@97313498{-1579585639} 0.0 109280.0 10087.0 1.0 5 40 21.0 0.0 1.0 0
0 ec.gp.GPIndividual@97313498{-1579585639} 0.0 109280.0 8317.0 1.0 5 40 21.0 0.0 1.0 0
0 ec.gp.GPIndividual@479505241{1613498855} 0.0 11666.0 8387.0 0.39096220341003934 4 25 21.0 0.0 0.39096220341003934 0
0 ec.gp.GPIndividual@1880143934{-1732372394} 0.0 89095.0 10054.0 0.8337974935349115 4 24 21.0 0.0 0.8337974935349115 0
0 ec.gp.GPIndividual@1880143934{-1732372394} 0.0 89095.0 8387.0 0.8007630857279122 4 24 21.0 0.0 0.8007630857279122 0
0 ec.gp.GPIndividual@1880143934{-1732372394} 0.0 89764.0 14578.0 0.8394841542049664 4 24 21.0 0.0 0.8394841542049664 0
0 ec.gp.GPIndividual@1880143934{-1732372394} 0.0 89544.0 10861.0 0.8048061872755732 4 24 21.0 0.0 0.8048061872755732 0
0 ec.gp.GPIndividual@479505241{1613498855} 0.0 16853.0 14578.0 0.15605707230072713 4 25 21.0 0.0 0.15605707230072713 0
0 ec.gp.GPIndividual@1880143934{-1732372394} 0.0 89103.0 8160.0 0.7942401960784313 4 24 21.0 0.0 0.7942401960784313 0
0 ec.gp.GPIndividual@1880143934{-1732372394} 0.0 89544.0 12802.0 0.8344008748633026 4 24 21.0 0.0 0.8344008748633026 0
0 ec.gp.GPIndividual@1880143934{-1732372394} 0.0 89445.0 10087.0 0.7996431049866164 4 24 21.0 0.0 0.7996431049866164 0
0 ec.gp.GPIndividual@479505241{1613498855} 0.0 14071.0 10861.0 0.29555289568179727 4 25 21.0 0.0 0.29555289568179727 0
0 ec.gp.GPIndividual@1880143934{-1732372394} 0.0 88967.0 8317.0 0.8144763736924372 4 24 21.0 0.0 0.8144763736924372 0
0 ec.gp.GPIndividual@1419635747{-1865729797} 0.0 97094.0 10054.0 0.5816590411776408 3 7 21.0 0.0 0.5816590411776408 0
0 ec.gp.GPIndividual@1419635747{-1865729797} 0.0 97094.0 8387.0 0.4985095981876714 3 7 21.0 0.0 0.4985095981876714 0
0 ec.gp.GPIndividual@479505241{1613498855} 0.0 10687.0 8160.0 0.3096813725490196 4 25 21.0 0.0 0.3096813725490196 0
0 ec.gp.GPIndividual@1419635747{-1865729797} 0.0 97094.0 14578.0 0.7114830566607216 3 7 21.0 0.0 0.7114830566607216 0
0 ec.gp.GPIndividual@1419635747{-1865729797} 0.0 97094.0 10861.0 0.6127428413589909 3 7 21.0 0.0 0.6127428413589909 0
0 ec.gp.GPIndividual@1419635747{-1865729797} 0.0 97094.0 8160.0 0.48455882352941176 3 7 21.0 0.0 0.48455882352941176 0
0 ec.gp.GPIndividual@1419635747{-1865729797} 0.0 97094.0 12802.0 0.6714575847523825 3 7 21.0 0.0 0.6714575847523825 0
0 ec.gp.GPIndividual@479505241{1613498855} 0.0 14505.0 12802.0 0.13302608967348853 0 ec.gp.GPIndividual@1419635747{-1865729797} 4 25 21.0 0.0 0.0 0.13302608967348853 0
97094.0 10087.0 0.5830276593635372 3 7 21.0 0.0 0.5830276593635372 0
0 ec.gp.GPIndividual@1419635747{-1865729797} 0.0 97094.0 8317.0 0.49428880605987735 3 7 21.0 0.0 0.49428880605987735 0
0 ec.gp.GPIndividual@479505241{1613498855} 0.0 11719.0 10087.0 0.16179240606721523 4 25 21.0 0.0 0.16179240606721523 0
0 ec.gp.GPIndividual@479505241{1613498855} 0.0 11722.0 8317.0 0.4094024287603703 4 25 21.0 0.0 0.4094024287603703 0
0 ec.gp.GPIndividual@789887663{102870554} 0.0 100242.0 10054.0 0.8120151183608514 2 4 21.0 0.0 0.8120151183608514 0
0 ec.gp.GPIndividual@789887663{102870554} 0.0 100242.0 8387.0 0.7746512459759151 2 4 21.0 0.0 0.7746512459759151 0
0 ec.gp.GPIndividual@789887663{102870554} 0.0 100242.0 14578.0 0.8703525860886266 2 4 21.0 0.0 0.8703525860886266 0
0 ec.gp.GPIndividual@789887663{102870554} 0.0 100242.0 10861.0 0.82598287450511 2 4 21.0 0.0 0.82598287450511 0
0 ec.gp.GPIndividual@789887663{102870554} 0.0 100242.0 8160.0 0.7683823529411765 2 4 21.0 0.0 0.7683823529411765 0
0 ec.gp.GPIndividual@789887663{102870554} 0.0 100242.0 12802.0 0.8523668176847368 2 4 21.0 0.0 0.8523668176847368 0
0 ec.gp.GPIndividual@789887663{102870554} 0.0 100242.0 10087.0 0.8126301179736294 2 4 21.0 0.0 0.8126301179736294 0
0 ec.gp.GPIndividual@789887663{102870554} 0.0 100242.0 8317.0 0.7727545990140676 2 4 21.0 0.0 0.7727545990140676 0
0 ec.gp.GPIndividual@902818360{1842771658} 0.0 16360.0 10054.0 0.6272130495325243 5 42 21.0 0.0 0.6272130495325243 0
0 ec.gp.GPIndividual@109176342{-2033547170} 1.0 19584.0 10054.0 0.9478814402227969 5 39 21.0 0.0 0.9478814402227969 0
0 ec.gp.GPIndividual@902818360{1842771658} 0.0 17476.0 8387.0 1.0837009657803744 5 42 21.0 0.0 1.0837009657803744 0
0 ec.gp.GPIndividual@2007834014{1016281465} 2.0 15110.0 8387.0 0.8015977107428163 0 ec.gp.GPIndividual@1688915113{1496381114} 5 32 21.0 0.0 1.0 0.8015977107428163 0
17312.0 10054.0 0.7219017306544658 5 39 21.0 0.0 0.7219017306544658 0
0 ec.gp.GPIndividual@902818360{1842771658} 1.0 17190.0 14578.0 0.17917409795582384 5 42 21.0 0.0 0.17917409795582384 0
0 ec.gp.GPIndividual@109176342{-2033547170} 1.0 19584.0 8387.0 1.3350423274114702 5 39 21.0 0.0 1.3350423274114702 0
0 ec.gp.GPIndividual@1688915113{1496381114} 1.0 14689.0 8387.0 0.7514009777035889 5 39 21.0 0.0 0.7514009777035889 0
0 ec.gp.GPIndividual@1688915113{1496381114} 0.0 16819.0 14578.0 0.15372479078062834 5 39 21.0 0.0 0.15372479078062834 0
0 ec.gp.GPIndividual@1688915113{1496381114} 0.0 13802.0 10861.0 0.2707853788785563 5 39 21.0 0.0 0.2707853788785563 0
0 ec.gp.GPIndividual@902818360{1842771658} 1.0 16405.0 10861.0 0.5104502347850106 5 42 21.0 0.0 0.5104502347850106 0
0 ec.gp.GPIndividual@109176342{-2033547170} 1.0 19584.0 14578.0 0.3433941555768967 5 39 21.0 0.0 0.3433941555768967 0
0 ec.gp.GPIndividual@902818360{1842771658} 0.0 17476.0 8160.0 1.1416666666666666 5 42 21.0 0.0 1.1416666666666666 0
0 ec.gp.GPIndividual@1688915113{1496381114} 1.0 15767.0 8160.0 0.9322303921568628 5 39 21.0 0.0 0.9322303921568628 0
0 ec.gp.GPIndividual@1688915113{1496381114} 0.0 14016.0 12802.0 0.094828932979222 5 39 21.0 0.0 0.094828932979222 0
0 ec.gp.GPIndividual@1688915113{1496381114} 0.0 12965.0 10087.0 0.2853177356994151 5 39 21.0 0.0 0.2853177356994151 0
0 ec.gp.GPIndividual@902818360{1842771658} 1.0 16052.0 12802.0 0.25386658334635215 5 42 21.0 0.0 0.25386658334635215 0
0 ec.gp.GPIndividual@2007834014{1016281465} 4.0 18316.0 14578.0 0.25641377418027167 5 32 21.0 0.0 0.25641377418027167 0
0 ec.gp.GPIndividual@109176342{-2033547170} 1.0 19584.0 10861.0 0.803148881318479 5 39 21.0 0.0 0.803148881318479 0
0 ec.gp.GPIndividual@1688915113{1496381114} 1.0 15755.0 8317.0 0.8943128531922568 5 39 21.0 0.0 0.8943128531922568 0
0 ec.gp.GPIndividual@902818360{1842771658} 0.0 16749.0 10087.0 0.6604540497670268 5 42 21.0 0.0 0.6604540497670268 0
0 ec.gp.GPIndividual@2129624241{1939949666} 0.0 14262.0 10054.0 0.4185398846230356 3 8 21.0 0.0 0.4185398846230356 0
0 ec.gp.GPIndividual@902818360{1842771658} 0.0 17233.0 8317.0 1.0720211614764938 5 42 21.0 0.0 1.0720211614764938 0
0 ec.gp.GPIndividual@2129624241{1939949666} 0.0 14256.0 8387.0 0.699773458924526 3 8 21.0 0.0 0.699773458924526 0
0 ec.gp.GPIndividual@1759683163{1473801438} 0.0 104262.0 10054.0 0.9556395464491745 1 1 21.0 0.0 0.9556395464491745 0
0 ec.gp.GPIndividual@1759683163{1473801438} 0.0 104262.0 8387.0 0.9468224633361154 1 1 21.0 0.0 0.9468224633361154 0
0 ec.gp.GPIndividual@1759683163{1473801438} 0.0 104262.0 14578.0 0.9694059541775277 1 1 21.0 0.0 0.9694059541775277 0
0 ec.gp.GPIndividual@1759683163{1473801438} 0.0 104262.0 10861.0 0.9589356412853328 1 1 21.0 0.0 0.9589356412853328 0
0 ec.gp.GPIndividual@1759683163{1473801438} 0.0 104262.0 8160.0 0.9453431372549019 1 1 21.0 0.0 0.9453431372549019 0
0 ec.gp.GPIndividual@1759683163{1473801438} 0.0 104262.0 12802.0 0.9651616934853929 1 1 21.0 0.0 0.9651616934853929 0
0 ec.gp.GPIndividual@1759683163{1473801438} 0.0 104262.0 10087.0 0.9557846733419253 1 1 21.0 0.0 0.9557846733419253 0
0 ec.gp.GPIndividual@1759683163{1473801438} 0.0 104262.0 8317.0 0.9463748947937959 1 1 21.0 0.0 0.9463748947937959 0
0 ec.gp.GPIndividual@1680799599{2112262730} 0.0 105260.0 10054.0 0.8563755719116769 1 1 21.0 0.0 0.8563755719116769 0
0 ec.gp.GPIndividual@1680799599{2112262730} 0.0 105260.0 8387.0 0.8278287826397996 1 1 21.0 0.0 0.8278287826397996 0
0 ec.gp.GPIndividual@1680799599{2112262730} 0.0 105260.0 14578.0 0.9009466319110989 1 1 21.0 0.0 0.9009466319110989 0
0 ec.gp.GPIndividual@1680799599{2112262730} 0.0 105260.0 10861.0 0.8670472332197772 1 1 21.0 0.0 0.8670472332197772 0
0 ec.gp.GPIndividual@1680799599{2112262730} 0.0 105260.0 8160.0 0.8230392156862745 1 1 21.0 0.0 0.8230392156862745 0
0 ec.gp.GPIndividual@109176342{-2033547170} 0 ec.gp.GPIndividual@1680799599{2112262730} 1.0 0.0 19584.0 12802.0 1.4 105260.0 12802.0 0.8872051241993438 5 39 21.0 0.0 1 1 21.0 0.0 1.4 0
0.8872051241993438 0
0 ec.gp.GPIndividual@1680799599{2112262730} 0.0 105260.0 10087.0 0.8568454446317042 1 1 21.0 0.0 0.8568454446317042 0
0 ec.gp.GPIndividual@1680799599{2112262730} 0.0 105260.0 8317.0 0.8263797042202717 1 1 21.0 0.0 0.8263797042202717 0
0 ec.gp.GPIndividual@1145035805{392061670} 0.0 12879.0 10054.0 0.28098269345534116 3 11 21.0 0.0 0.28098269345534116 0
0 ec.gp.GPIndividual@1145035805{392061670} 0.0 12887.0 8387.0 0.5365446524382974 3 11 21.0 0.0 0.5365446524382974 0
0 ec.gp.GPIndividual@1145035805{392061670} 0.0 16338.0 14578.0 0.12072986692276032 3 11 21.0 0.0 0.12072986692276032 0
0 ec.gp.GPIndividual@1145035805{392061670} 0.0 14127.0 10861.0 0.30070895865942365 3 11 21.0 0.0 0.30070895865942365 0
0 ec.gp.GPIndividual@1145035805{392061670} 0.0 11379.0 8160.0 0.39448529411764705 3 11 21.0 0.0 0.39448529411764705 0
0 ec.gp.GPIndividual@1145035805{392061670} 0.0 15065.0 12802.0 0.17676925480393688 3 11 21.0 0.0 0.17676925480393688 0
0 ec.gp.GPIndividual@2007834014{1016281465} 2.0 15210.0 10861.0 0.4004235337445907 5 32 21.0 0.0 0.4004235337445907 0
0 ec.gp.GPIndividual@1145035805{392061670} 0.0 13170.0 10087.0 0.30564092396153464 3 11 21.0 0.0 0.30564092396153464 0
0 ec.gp.GPIndividual@1145035805{392061670} 0.0 11786.0 8317.0 0.4170975111217987 3 11 21.0 0.0 0.4170975111217987 0
0 ec.gp.GPIndividual@2129624241{1939949666} 0.0 16981.0 14578.0 0.16483742625874606 3 8 21.0 0.0 0.16483742625874606 0
0 ec.gp.GPIndividual@2129624241{1939949666} 0.0 14482.0 10861.0 0.33339471503544793 3 8 21.0 0.0 0.33339471503544793 0
0 ec.gp.GPIndividual@109176342{-2033547170} 1.0 19584.0 12802.0 0.52976097484768 5 39 21.0 0.0 0.52976097484768 0
0 ec.gp.GPIndividual@2129624241{1939949666} 0.0 14253.0 8160.0 0.7466911764705882 3 8 21.0 0.0 0.7466911764705882 0
0 ec.gp.GPIndividual@2007834014{1016281465} 2.0 15069.0 8160.0 0.8466911764705882 5 32 21.0 0.0 0.8466911764705882 0
0 ec.gp.GPIndividual@2129624241{1939949666} 0.0 15346.0 12802.0 0.19871895016403687 3 8 21.0 0.0 0.19871895016403687 0
0 ec.gp.GPIndividual@109176342{-2033547170} 1.0 19584.0 10087.0 0.9415088728065827 5 39 21.0 0.0 0.9415088728065827 0
0 ec.gp.GPIndividual@2129624241{1939949666} 0.0 13243.0 10087.0 0.31287796173292354 3 8 21.0 0.0 0.31287796173292354 0
0 ec.gp.GPIndividual@2129624241{1939949666} 0.0 14423.0 8317.0 0.7341589515450283 3 8 21.0 0.0 0.7341589515450283 0
0 ec.gp.GPIndividual@109176342{-2033547170} 1.0 19584.0 8317.0 1.3546952025970902 5 39 21.0 0.0 1.3546952025970902 0
0 ec.gp.GPIndividual@40873576{111920147} 0.0 109280.0 10054.0 1.0 1 1 21.0 0.0 1.0 0
0 ec.gp.GPIndividual@40873576{111920147} 0.0 109280.0 8387.0 1.0 1 1 21.0 0.0 1.0 0
0 ec.gp.GPIndividual@40873576{111920147} 0.0 109280.0 14578.0 1.0 1 1 21.0 0.0 1.0 0
0 ec.gp.GPIndividual@40873576{111920147} 0.0 109280.0 10861.0 1.0 1 1 21.0 0.0 1.0 0
0 ec.gp.GPIndividual@2007834014{1016281465} 0 ec.gp.GPIndividual@40873576{111920147} 2.0 0.0 15962.0 8160.0 0.24683643180753007 109280.0 8160.0 1.0 5 32 21.0 0.0 1 1 21.0 0.0 0.24683643180753007 0
1.0 0
0 ec.gp.GPIndividual@40873576{111920147} 0.0 109280.0 12802.0 1.0 1 1 21.0 0.0 1.0 0
0 ec.gp.GPIndividual@40873576{111920147} 0.0 109280.0 10087.0 1.0 1 1 21.0 0.0 1.0 0
0 ec.gp.GPIndividual@40873576{111920147} 0.0 109280.0 8317.0 1.0 1 1 21.0 0.0 1.0 0
0 ec.gp.GPIndividual@1473490408{1461846853} 0.0 19584.0 10054.0 0.9478814402227969 3 7 21.0 0.0 0.9478814402227969 0
0 ec.gp.GPIndividual@1473490408{1461846853} 0.0 19584.0 8387.0 1.3350423274114702 3 7 21.0 0.0 1.3350423274114702 0
0 ec.gp.GPIndividual@1473490408{1461846853} 0.0 19584.0 14578.0 0.3433941555768967 3 7 21.0 0.0 0.3433941555768967 0
0 ec.gp.GPIndividual@1473490408{1461846853} 0.0 19584.0 10861.0 0.803148881318479 3 7 21.0 0.0 0.803148881318479 0
0 ec.gp.GPIndividual@1473490408{1461846853} 0.0 19584.0 8160.0 1.4 3 7 21.0 0.0 1.4 0
0 ec.gp.GPIndividual@1473490408{1461846853} 0.0 19584.0 12802.0 0.52976097484768 3 7 21.0 0.0 0.52976097484768 0
0 ec.gp.GPIndividual@1473490408{1461846853} 0.0 19584.0 10087.0 0.9415088728065827 3 7 21.0 0.0 0.9415088728065827 0
0 ec.gp.GPIndividual@1473490408{1461846853} 0.0 19584.0 8317.0 1.3546952025970902 3 7 21.0 0.0 1.3546952025970902 0
0 ec.gp.GPIndividual@2007834014{1016281465} 2.0 14456.0 10087.0 0.4331317537424408 5 32 21.0 0.0 0.4331317537424408 0
0 ec.gp.GPIndividual@2007834014{1016281465} 2.0 15069.0 8317.0 0.8118311891306962 5 32 21.0 0.0 0.8118311891306962 0
0 ec.gp.GPIndividual@2037054747{1177909548} 0.0 101188.0 10054.0 0.7179232146409389 2 3 21.0 0.0 0.7179232146409389 0
0 ec.gp.GPIndividual@2037054747{1177909548} 0.0 101188.0 8387.0 0.6618576368188863 2 3 21.0 0.0 0.6618576368188863 0
0 ec.gp.GPIndividual@2037054747{1177909548} 0.0 101188.0 14578.0 0.805460282617643 2 3 21.0 0.0 0.805460282617643 0
0 ec.gp.GPIndividual@2037054747{1177909548} 0.0 101188.0 10861.0 0.7388822392044931 2 3 21.0 0.0 0.7388822392044931 0
0 ec.gp.GPIndividual@2037054747{1177909548} 0.0 101188.0 8160.0 0.6524509803921569 2 3 21.0 0.0 0.6524509803921569 0
0 ec.gp.GPIndividual@2037054747{1177909548} 0.0 101188.0 12802.0 0.7784721137322294 2 3 21.0 0.0 0.7784721137322294 0
0 ec.gp.GPIndividual@2037054747{1177909548} 0.0 101188.0 10087.0 0.7188460394567264 2 3 21.0 0.0 0.7188460394567264 0
0 ec.gp.GPIndividual@2037054747{1177909548} 0.0 101188.0 8317.0 0.6590116628592041 2 3 21.0 0.0 0.6590116628592041 0
0 ec.gp.GPIndividual@2102753006{1654844881} 0.0 104262.0 10054.0 0.9556395464491745 1 1 21.0 0.0 0.9556395464491745 0
0 ec.gp.GPIndividual@2102753006{1654844881} 0.0 104262.0 8387.0 0.9468224633361154 1 1 21.0 0.0 0.9468224633361154 0
0 ec.gp.GPIndividual@2102753006{1654844881} 0.0 104262.0 14578.0 0.9694059541775277 1 1 21.0 0.0 0.9694059541775277 0
0 ec.gp.GPIndividual@2102753006{1654844881} 0.0 104262.0 10861.0 0.9589356412853328 1 1 21.0 0.0 0.9589356412853328 0
0 ec.gp.GPIndividual@2102753006{1654844881} 0.0 104262.0 8160.0 0.9453431372549019 1 1 21.0 0.0 0.9453431372549019 0
0 ec.gp.GPIndividual@2102753006{1654844881} 0.0 104262.0 12802.0 0.9651616934853929 1 1 21.0 0.0 0.9651616934853929 0
0 ec.gp.GPIndividual@2102753006{1654844881} 0.0 104262.0 10087.0 0.9557846733419253 1 1 21.0 0.0 0.9557846733419253 0
0 ec.gp.GPIndividual@2102753006{1654844881} 0.0 104262.0 8317.0 0.9463748947937959 1 1 21.0 0.0 0.9463748947937959 0
0 ec.gp.GPIndividual@945288992{1557321780} 0.0 61432.0 10054.0 0.32444798090312316 5 35 21.0 0.0 0.32444798090312316 0
0 ec.gp.GPIndividual@945288992{1557321780} 0.0 12350.0 8387.0 0.47251699058066055 5 35 21.0 0.0 0.47251699058066055 0
0 ec.gp.GPIndividual@945288992{1557321780} 0.0 65924.0 14578.0 0.6007682809713266 5 35 21.0 0.0 0.6007682809713266 0
0 ec.gp.GPIndividual@945288992{1557321780} 0.0 60766.0 10861.0 0.43596353926894393 5 35 21.0 0.0 0.43596353926894393 0
0 ec.gp.GPIndividual@945288992{1557321780} 0.0 13411.0 8160.0 0.6435049019607844 5 35 21.0 0.0 0.6435049019607844 0
0 ec.gp.GPIndividual@945288992{1557321780} 0.0 13714.0 12802.0 0.0712388689267302 5 35 21.0 0.0 0.0712388689267302 0
0 ec.gp.GPIndividual@1722266301{887714562} 22.0 18619.0 14578.0 0.2771985183152696 5 34 21.0 0.0 0.2771985183152696 0
0 ec.gp.GPIndividual@945288992{1557321780} 0.0 11996.0 10087.0 0.18925349459700605 5 35 21.0 0.0 0.18925349459700605 0
0 ec.gp.GPIndividual@945288992{1557321780} 0.0 13416.0 8317.0 0.6130816400144283 5 35 21.0 0.0 0.6130816400144283 0
0 ec.gp.GPIndividual@663313497{-2111334989} 1.0 17051.0 10054.0 0.6959419136662025 5 31 21.0 0.0 0.6959419136662025 0
0 ec.gp.GPIndividual@663313497{-2111334989} 1.0 15386.0 8387.0 0.8345057827590319 5 31 21.0 0.0 0.8345057827590319 0
0 ec.gp.GPIndividual@663313497{-2111334989} 2.0 18491.0 14578.0 0.26841816435725063 5 31 21.0 0.0 0.26841816435725063 0
0 ec.gp.GPIndividual@663313497{-2111334989} 1.0 16512.0 10861.0 0.5203019979744038 5 31 21.0 0.0 0.5203019979744038 0
0 ec.gp.GPIndividual@663313497{-2111334989} 1.0 15690.0 8160.0 0.9227941176470589 5 31 21.0 0.0 0.9227941176470589 0
0 ec.gp.GPIndividual@663313497{-2111334989} 1.0 18116.0 12802.0 0.41509139197000466 5 31 21.0 0.0 0.41509139197000466 0
0 ec.gp.GPIndividual@663313497{-2111334989} 1.0 17200.0 10087.0 0.7051650639436899 5 31 21.0 0.0 0.7051650639436899 0
0 ec.gp.GPIndividual@663313497{-2111334989} 1.0 17563.0 8317.0 1.1116989299026092 5 31 21.0 0.0 1.1116989299026092 0
0 ec.gp.GPIndividual@153481110{1861512604} 0.0 89204.0 10054.0 0.8229560373980506 4 19 21.0 0.0 0.8229560373980506 0
0 ec.gp.GPIndividual@153481110{1861512604} 0.0 89204.0 8387.0 0.7877667819244069 4 19 21.0 0.0 0.7877667819244069 0
0 ec.gp.GPIndividual@153481110{1861512604} 0.0 90054.0 14578.0 0.8195911647688298 4 19 21.0 0.0 0.8195911647688298 0
0 ec.gp.GPIndividual@153481110{1861512604} 0.0 90110.0 10861.0 0.7526931221802781 4 19 21.0 0.0 0.7526931221802781 0
0 ec.gp.GPIndividual@153481110{1861512604} 0.0 89113.0 8160.0 0.7930147058823529 4 19 21.0 0.0 0.7930147058823529 0
0 ec.gp.GPIndividual@153481110{1861512604} 0.0 90190.0 12802.0 0.7839400093735354 4 19 21.0 0.0 0.7839400093735354 0
0 ec.gp.GPIndividual@153481110{1861512604} 0.0 89492.0 10087.0 0.7949836423118866 4 19 21.0 0.0 0.7949836423118866 0
0 ec.gp.GPIndividual@153481110{1861512604} 0.0 89113.0 8317.0 0.7969219670554286 4 19 21.0 0.0 0.7969219670554286 0
0 ec.gp.GPIndividual@1594956378{938764518} 0.0 92330.0 10054.0 0.5120350109409191 4 23 21.0 0.0 0.5120350109409191 0
0 ec.gp.GPIndividual@1594956378{938764518} 0.0 92330.0 8387.0 0.4150470966972696 4 23 21.0 0.0 0.4150470966972696 0
0 ec.gp.GPIndividual@1594956378{938764518} 0.0 92096.0 14578.0 0.679517080532309 4 23 21.0 0.0 0.679517080532309 0
0 ec.gp.GPIndividual@1594956378{938764518} 0.0 92330.0 10861.0 0.5482920541386612 4 23 21.0 0.0 0.5482920541386612 0
0 ec.gp.GPIndividual@1594956378{938764518} 0.0 92330.0 8160.0 0.3987745098039216 4 23 21.0 0.0 0.3987745098039216 0
0 ec.gp.GPIndividual@1594956378{938764518} 0.0 92330.0 12802.0 0.616778628339322 4 23 21.0 0.0 0.616778628339322 0
0 ec.gp.GPIndividual@1594956378{938764518} 0.0 92330.0 10087.0 0.5136314067611778 4 23 21.0 0.0 0.5136314067611778 0
0 ec.gp.GPIndividual@1594956378{938764518} 0.0 92330.0 8317.0 0.41012384273175423 4 23 21.0 0.0 0.41012384273175423 0
0 ec.gp.GPIndividual@1484261487{1186522329} 0.0 12904.0 10054.0 0.2834692659637955 4 12 21.0 0.0 0.2834692659637955 0
0 ec.gp.GPIndividual@1484261487{1186522329} 0.0 14668.0 8387.0 0.7488971026588769 4 12 21.0 0.0 0.7488971026588769 0
0 ec.gp.GPIndividual@1484261487{1186522329} 0.0 16321.0 14578.0 0.11956372616271094 4 12 21.0 0.0 0.11956372616271094 0
0 ec.gp.GPIndividual@1484261487{1186522329} 0.0 12865.0 10861.0 0.18451339655648652 4 12 21.0 0.0 0.18451339655648652 0
0 ec.gp.GPIndividual@1484261487{1186522329} 0.0 14902.0 8160.0 0.8262254901960784 4 12 21.0 0.0 0.8262254901960784 0
0 ec.gp.GPIndividual@1484261487{1186522329} 0.0 15058.0 12802.0 0.17622246523980628 4 12 21.0 0.0 0.17622246523980628 0
0 ec.gp.GPIndividual@1484261487{1186522329} 0.0 12629.0 10087.0 0.25200753445028257 4 12 21.0 0.0 0.25200753445028257 0
0 ec.gp.GPIndividual@1484261487{1186522329} 0.0 14728.0 8317.0 0.7708308284237104 4 12 21.0 0.0 0.7708308284237104 0
0 ec.gp.GPIndividual@905899181{1376309298} 0.0 95726.0 10054.0 0.7177242888402626 3 7 21.0 0.0 0.7177242888402626 0
0 ec.gp.GPIndividual@905899181{1376309298} 0.0 95726.0 8387.0 0.6616191725289138 3 7 21.0 0.0 0.6616191725289138 0
0 ec.gp.GPIndividual@905899181{1376309298} 0.0 95900.0 14578.0 0.7933872959253669 3 7 21.0 0.0 0.7933872959253669 0
0 ec.gp.GPIndividual@905899181{1376309298} 0.0 95726.0 10861.0 0.7386980940981493 3 7 21.0 0.0 0.7386980940981493 0
0 ec.gp.GPIndividual@905899181{1376309298} 0.0 95726.0 8160.0 0.6522058823529412 3 7 21.0 0.0 0.6522058823529412 0
0 ec.gp.GPIndividual@905899181{1376309298} 0.0 95726.0 12802.0 0.7783158881424778 3 7 21.0 0.0 0.7783158881424778 0
0 ec.gp.GPIndividual@905899181{1376309298} 0.0 95726.0 10087.0 0.7186477644492911 3 7 21.0 0.0 0.7186477644492911 0
0 ec.gp.GPIndividual@905899181{1376309298} 0.0 95726.0 8317.0 0.6587711915354094 3 7 21.0 0.0 0.6587711915354094 0
0 ec.gp.GPIndividual@1722266301{887714562} 21.0 18390.0 10861.0 0.6932142528312311 5 34 21.0 0.0 0.6932142528312311 0
0 ec.gp.GPIndividual@1722266301{887714562} 0.0 94354.0 8160.0 0.8203431372549019 5 34 21.0 0.0 0.8203431372549019 0
0 ec.gp.GPIndividual@1722266301{887714562} 19.0 18424.0 12802.0 0.4391501327917513 5 34 21.0 0.0 0.4391501327917513 0
0 ec.gp.GPIndividual@1722266301{887714562} 0.0 94572.0 10087.0 0.8330524437394666 5 34 21.0 0.0 0.8330524437394666 0
0 ec.gp.GPIndividual@1722266301{887714562} 0.0 94354.0 8317.0 0.8237345196585307 5 34 21.0 0.0 0.8237345196585307 0
0 ec.gp.GPIndividual@1654143665{1539068810} 0.0 104262.0 10054.0 0.9556395464491745 1 1 21.0 0.0 0.9556395464491745 0
0 ec.gp.GPIndividual@1654143665{1539068810} 0.0 104262.0 8387.0 0.9468224633361154 1 1 21.0 0.0 0.9468224633361154 0
0 ec.gp.GPIndividual@1654143665{1539068810} 0.0 104262.0 14578.0 0.9694059541775277 1 1 21.0 0.0 0.9694059541775277 0
0 ec.gp.GPIndividual@1654143665{1539068810} 0.0 104262.0 10861.0 0.9589356412853328 1 1 21.0 0.0 0.9589356412853328 0
0 ec.gp.GPIndividual@1654143665{1539068810} 0.0 104262.0 8160.0 0.9453431372549019 1 1 21.0 0.0 0.9453431372549019 0
0 ec.gp.GPIndividual@1654143665{1539068810} 0.0 104262.0 12802.0 0.9651616934853929 1 1 21.0 0.0 0.9651616934853929 0
0 ec.gp.GPIndividual@1654143665{1539068810} 0.0 104262.0 10087.0 0.9557846733419253 1 1 21.0 0.0 0.9557846733419253 0
0 ec.gp.GPIndividual@1654143665{1539068810} 0.0 104262.0 8317.0 0.9463748947937959 1 1 21.0 0.0 0.9463748947937959 0
0 ec.gp.GPIndividual@664451206{1073276104} 0.0 99026.0 10054.0 0.9329620051720708 4 16 21.0 0.0 0.9329620051720708 0
0 ec.gp.GPIndividual@664451206{1073276104} 0.0 99026.0 8387.0 0.9196375342792417 4 16 21.0 0.0 0.9196375342792417 0
0 ec.gp.GPIndividual@664451206{1073276104} 0.0 99026.0 14578.0 0.9537659486898066 4 16 21.0 0.0 0.9537659486898066 0
0 ec.gp.GPIndividual@664451206{1073276104} 0.0 99026.0 10861.0 0.9379430991621398 4 16 21.0 0.0 0.9379430991621398 0
0 ec.gp.GPIndividual@664451206{1073276104} 0.0 99026.0 8160.0 0.9174019607843137 4 16 21.0 0.0 0.9174019607843137 0
0 ec.gp.GPIndividual@664451206{1073276104} 0.0 99026.0 12802.0 0.9473519762537104 4 16 21.0 0.0 0.9473519762537104 0
0 ec.gp.GPIndividual@664451206{1073276104} 0.0 99026.0 10087.0 0.9331813224942996 4 16 21.0 0.0 0.9331813224942996 0
0 ec.gp.GPIndividual@664451206{1073276104} 0.0 99026.0 8317.0 0.9189611638812072 4 16 21.0 0.0 0.9189611638812072 0
0 ec.gp.GPIndividual@1302203373{-1423618776} 0.0 109280.0 10054.0 1.0 5 9 21.0 0.0 1.0 0
0 ec.gp.GPIndividual@1302203373{-1423618776} 0.0 109280.0 8387.0 1.0 5 9 21.0 0.0 1.0 0
0 ec.gp.GPIndividual@1302203373{-1423618776} 0.0 109280.0 14578.0 1.0 5 9 21.0 0.0 1.0 0
0 ec.gp.GPIndividual@1302203373{-1423618776} 0.0 109280.0 10861.0 1.0 5 9 21.0 0.0 1.0 0
0 ec.gp.GPIndividual@1302203373{-1423618776} 0.0 109280.0 8160.0 1.0 5 9 21.0 0.0 1.0 0
0 ec.gp.GPIndividual@1302203373{-1423618776} 0.0 109280.0 12802.0 1.0 5 9 21.0 0.0 1.0 0
0 ec.gp.GPIndividual@1302203373{-1423618776} 0.0 109280.0 10087.0 1.0 5 9 21.0 0.0 1.0 0
0 ec.gp.GPIndividual@1302203373{-1423618776} 0.0 109280.0 8317.0 1.0 5 9 21.0 0.0 1.0 0
0 ec.gp.GPIndividual@385317561{-1641867014} 0.0 100242.0 10054.0 0.8120151183608514 3 5 21.0 0.0 0.8120151183608514 0
0 ec.gp.GPIndividual@385317561{-1641867014} 0.0 100242.0 8387.0 0.7746512459759151 3 5 21.0 0.0 0.7746512459759151 0
0 ec.gp.GPIndividual@385317561{-1641867014} 0.0 100242.0 14578.0 0.8703525860886266 3 5 21.0 0.0 0.8703525860886266 0
0 ec.gp.GPIndividual@385317561{-1641867014} 0.0 100242.0 10861.0 0.82598287450511 3 5 21.0 0.0 0.82598287450511 0
0 ec.gp.GPIndividual@385317561{-1641867014} 0.0 100242.0 8160.0 0.7683823529411765 3 5 21.0 0.0 0.7683823529411765 0
0 ec.gp.GPIndividual@385317561{-1641867014} 0.0 100242.0 12802.0 0.8523668176847368 3 5 21.0 0.0 0.8523668176847368 0
0 ec.gp.GPIndividual@385317561{-1641867014} 0.0 100242.0 10087.0 0.8126301179736294 3 5 21.0 0.0 0.8126301179736294 0
0 ec.gp.GPIndividual@385317561{-1641867014} 0.0 100242.0 8317.0 0.7727545990140676 3 5 21.0 0.0 0.7727545990140676 0
0 ec.gp.GPIndividual@890869604{1622786254} 0.0 96068.0 10054.0 0.6837079769246072 3 12 21.0 0.0 0.6837079769246072 0
0 ec.gp.GPIndividual@890869604{1622786254} 0.0 96068.0 8387.0 0.6208417789436032 3 12 21.0 0.0 0.6208417789436032 0
0 ec.gp.GPIndividual@890869604{1622786254} 0.0 96170.0 14578.0 0.7748662367951709 3 12 21.0 0.0 0.7748662367951709 0
0 ec.gp.GPIndividual@890869604{1622786254} 0.0 96141.0 10861.0 0.700487984531811 3 12 21.0 0.0 0.700487984531811 0
0 ec.gp.GPIndividual@890869604{1622786254} 0.0 95729.0 8160.0 0.6518382352941177 3 12 21.0 0.0 0.6518382352941177 0
0 ec.gp.GPIndividual@890869604{1622786254} 0.0 96170.0 12802.0 0.7436338072176223 3 12 21.0 0.0 0.7436338072176223 0
0 ec.gp.GPIndividual@890869604{1622786254} 0.0 96141.0 10087.0 0.6775057004064637 3 12 21.0 0.0 0.6775057004064637 0
0 ec.gp.GPIndividual@890869604{1622786254} 0.0 95729.0 8317.0 0.6584104845497174 3 12 21.0 0.0 0.6584104845497174 0
0 ec.gp.GPIndividual@1203062729{44797211} 4.0 19584.0 10054.0 0.9478814402227969 5 10 21.0 0.0 0.9478814402227969 0
0 ec.gp.GPIndividual@1203062729{44797211} 4.0 19584.0 8387.0 1.3350423274114702 5 10 21.0 0.0 1.3350423274114702 0
0 ec.gp.GPIndividual@1203062729{44797211} 4.0 19584.0 14578.0 0.3433941555768967 5 10 21.0 0.0 0.3433941555768967 0
0 ec.gp.GPIndividual@1203062729{44797211} 4.0 19584.0 10861.0 0.803148881318479 5 10 21.0 0.0 0.803148881318479 0
0 ec.gp.GPIndividual@1203062729{44797211} 4.0 19584.0 8160.0 1.4 5 10 21.0 0.0 1.4 0
0 ec.gp.GPIndividual@1203062729{44797211} 4.0 19584.0 12802.0 0.52976097484768 5 10 21.0 0.0 0.52976097484768 0
0 ec.gp.GPIndividual@1203062729{44797211} 4.0 19584.0 10087.0 0.9415088728065827 5 10 21.0 0.0 0.9415088728065827 0
0 ec.gp.GPIndividual@1203062729{44797211} 4.0 19584.0 8317.0 1.3546952025970902 5 10 21.0 0.0 1.3546952025970902 0
1 ec.gp.GPIndividual@1201200726{853012594} 0.0 105260.0 10054.0 0.8563755719116769 2 3 21.0 0.0 0.8563755719116769 0
1 ec.gp.GPIndividual@2051669425{1654844881} 0.0 1 ec.gp.GPIndividual@318893275{-652255578} 0.0 1 ec.gp.GPIndividual@1865433171{-17133490} 1 ec.gp.GPIndividual@250306696{980212666} 1 ec.gp.GPIndividual@1201200726{853012594} 104262.0 10054.0 0.9556395464491745 0.0 0.0 3 7 21.0 0.0 109280.0 10054.0 1.0 105260.0 10054.0 0.8563755719116769 104262.0 10054.0 0.9556395464491745 0.9556395464491745 0
0.0 1 ec.gp.GPIndividual@318893275{-652255578} 1 1 21.0 0.0 0.0 105260.0 8387.0 0.8278287826397996 0.9556395464491745 0
1 1 21.0 0.0 1 ec.gp.GPIndividual@2051669425{1654844881} 0.0 0.8563755719116769 0
2 3 21.0 0.0 1.0 0
1 ec.gp.GPIndividual@250306696{980212666} 0.0 104262.0 8387.0 0.9468224633361154 105260.0 8387.0 0.8278287826397996 1 1 21.0 0.0 1 ec.gp.GPIndividual@1865433171{-17133490} 0.9468224633361154 0
2 3 21.0 0.0 0.8278287826397996 0
104262.0 8387.0 0.9468224633361154 3 7 21.0 0.0 0.9468224633361154 0
1 ec.gp.GPIndividual@2051669425{1654844881} 0.0 104262.0 14578.0 0.9694059541775277 0.0 1 1 21.0 0.0 1 ec.gp.GPIndividual@318893275{-652255578} 109280.0 14578.0 1.0 0.0 0.9694059541775277 0
1 1 21.0 0.0 1 ec.gp.GPIndividual@2051669425{1654844881} 0.0 104262.0 10861.0 0.9589356412853328 0.8278287826397996 0
104262.0 14578.0 0.9694059541775277 3 7 21.0 0.0 2 3 21.0 0.0 0.9694059541775277 0
1 ec.gp.GPIndividual@1201200726{853012594} 0.0 105260.0 14578.0 0.9009466319110989 1 ec.gp.GPIndividual@250306696{980212666} 2 3 21.0 0.0 0.9009466319110989 0
1 ec.gp.GPIndividual@318893275{-652255578} 0.0 1.0 0
1 1 21.0 0.0 0.9589356412853328 0
1 ec.gp.GPIndividual@2080914555{1977148528} 0.0 1 ec.gp.GPIndividual@1201200726{853012594} 61933.0 10054.0 0.27461706783369805 5 35 21.0 0.0 0.0 0.27461706783369805 0
104262.0 10861.0 0.9589356412853328 3 7 21.0 0.0 0.9589356412853328 0
0.0 105260.0 8160.0 0.9009466319110989 1 ec.gp.GPIndividual@318893275{-652255578} 1 ec.gp.GPIndividual@2051669425{1654844881} 1 1 21.0 0.0 0.0 0.9009466319110989 0
105260.0 10054.0 0.8670472332197772 2 3 21.0 0.0 0.8670472332197772 0
1 ec.gp.GPIndividual@1865433171{-17133490} 0.0 109280.0 10861.0 1.0 2 3 21.0 0.0 1.0 0
1 ec.gp.GPIndividual@250306696{980212666} 1 ec.gp.GPIndividual@1865433171{-17133490} 0.0 0.0 104262.0 8160.0 0.9453431372549019 109280.0 10861.0 1.0 105260.0 10861.0 0.8670472332197772 1 1 21.0 0.0 3 7 21.0 0.0 0.8670472332197772 0
0.0 1 ec.gp.GPIndividual@250306696{980212666} 0.0 104262.0 8160.0 0.9453431372549019 105260.0 8160.0 0.8230392156862745 1 1 21.0 0.0 1 1 21.0 0.0 0.9453431372549019 0
2 3 21.0 0.0 1.0 0
1 ec.gp.GPIndividual@1201200726{853012594} 1 ec.gp.GPIndividual@1865433171{-17133490} 0.0 0.0 1 ec.gp.GPIndividual@318893275{-652255578} 105260.0 8160.0 0.8230392156862745 109280.0 8160.0 1.0 2 3 21.0 0.0 0.0 0.8230392156862745 0
0.9453431372549019 0
0.8230392156862745 0
1 ec.gp.GPIndividual@1201200726{853012594} 1 ec.gp.GPIndividual@2051669425{1654844881} 0.0 0.0 104262.0 12802.0 0.9651616934853929 2 3 21.0 0.0 105260.0 12802.0 0.8872051241993438 1 1 21.0 0.0 1.0 0
104262.0 8160.0 0.9651616934853929 1 ec.gp.GPIndividual@1865433171{-17133490} 0.0 0.9651616934853929 0
1 ec.gp.GPIndividual@250306696{980212666} 0.0 2 3 21.0 0.0 105260.0 12802.0 0.8872051241993438 1 ec.gp.GPIndividual@2051669425{1654844881} 0.8872051241993438 0
3 7 21.0 0.0 0.9651616934853929 0
1 ec.gp.GPIndividual@1201200726{853012594} 109280.0 12802.0 1.0 0.0 2 3 21.0 0.0 1.0 0
0.0 104262.0 10087.0 0.9557846733419253 1 1 21.0 0.0 1 ec.gp.GPIndividual@1865433171{-17133490} 1 1 21.0 0.0 0.8872051241993438 0
1 ec.gp.GPIndividual@318893275{-652255578} 0.0 105260.0 10087.0 0.8568454446317042 1 ec.gp.GPIndividual@250306696{980212666} 104262.0 10087.0 0.9557846733419253 0.0 0.9557846733419253 0
0.0 109280.0 10087.0 1.0 105260.0 10087.0 0.8568454446317042 2 3 21.0 0.0 1 ec.gp.GPIndividual@2051669425{1654844881} 1.0 0
3 7 21.0 0.0 2 3 21.0 0.0 0.9557846733419253 0
0.0 104262.0 8317.0 0.9463748947937959 1 1 21.0 0.0 1 1 21.0 0.0 0.9463748947937959 0
0.8568454446317042 0
0.8568454446317042 0
1 ec.gp.GPIndividual@1865433171{-17133490} 0.0 109280.0 8317.0 1.0 1 ec.gp.GPIndividual@250306696{980212666} 2 3 21.0 0.0 1 ec.gp.GPIndividual@1464234739{-1360079626} 0.0 1.0 0
1 ec.gp.GPIndividual@318893275{-652255578} 0.0 0.0 1 ec.gp.GPIndividual@1711848181{111920147} 104262.0 10054.0 0.9463748947937959 0.0 99026.0 10054.0 0.9329620051720708 1 ec.gp.GPIndividual@1201200726{853012594} 3 7 21.0 0.0 2 4 21.0 0.0 109280.0 10054.0 1.0 105260.0 8317.0 0.8263797042202717 0.0 0.9329620051720708 0
0.9463748947937959 0
1 1 21.0 0.0 1.0 0
1 1 21.0 0.0 0.8263797042202717 0
105260.0 10054.0 0.8263797042202717 2 3 21.0 0.0 0.8263797042202717 0
1 ec.gp.GPIndividual@1711848181{111920147} 1 ec.gp.GPIndividual@1944513396{-1339817573} 0.0 0.0 95726.0 10054.0 0.7177242888402626 1 ec.gp.GPIndividual@1464234739{-1360079626} 3 5 21.0 0.0 109280.0 10054.0 1.0 0.0 0.7177242888402626 0
99026.0 10054.0 0.9196375342792417 1 ec.gp.GPIndividual@1305724360{246021259} 0.0 2 4 21.0 0.0 97094.0 10054.0 0.5816590411776408 0.9196375342792417 0
1 1 21.0 0.0 1.0 0
1 ec.gp.GPIndividual@1944513396{-1339817573} 0.0 1 ec.gp.GPIndividual@1711848181{111920147} 95726.0 14578.0 0.6616191725289138 3 5 21.0 0.0 0.0 3 5 21.0 0.0 0.5816590411776408 0
1 ec.gp.GPIndividual@1464234739{-1360079626} 0.0 99026.0 14578.0 0.9537659486898066 2 4 21.0 0.0 0.6616191725289138 0
1 ec.gp.GPIndividual@1305724360{246021259} 0.0 97094.0 8387.0 0.4985095981876714 3 5 21.0 0.0 109280.0 14578.0 1.0 0.4985095981876714 0
1 ec.gp.GPIndividual@1944513396{-1339817573} 1 1 21.0 0.0 0.0 1.0 0
1 ec.gp.GPIndividual@1305724360{246021259} 0.9537659486898066 0
1 ec.gp.GPIndividual@1711848181{111920147} 0.0 109280.0 10861.0 1.0 0.0 1 1 21.0 0.0 97094.0 10861.0 0.7114830566607216 1.0 0
95900.0 14578.0 0.7933872959253669 3 5 21.0 0.0 1 ec.gp.GPIndividual@1711848181{111920147} 0.7933872959253669 0
1 ec.gp.GPIndividual@1464234739{-1360079626} 0.0 99026.0 8160.0 0.9379430991621398 3 5 21.0 0.0 2 4 21.0 0.0 0.7114830566607216 0
1 ec.gp.GPIndividual@1944513396{-1339817573} 0.0 95726.0 10861.0 0.7386980940981493 0.0 3 5 21.0 0.0 109280.0 10861.0 1.0 0.7386980940981493 0
1 ec.gp.GPIndividual@1305724360{246021259} 0.0 0.9379430991621398 0
1 ec.gp.GPIndividual@1944513396{-1339817573} 0.0 95726.0 8160.0 0.6522058823529412 97094.0 10861.0 0.6127428413589909 3 5 21.0 0.0 3 5 21.0 0.0 0.6127428413589909 0
1 1 21.0 0.0 1.0 0
1 ec.gp.GPIndividual@1464234739{-1360079626} 1 ec.gp.GPIndividual@1305724360{246021259} 0.0 99026.0 8160.0 0.9174019607843137 0.0 2 4 21.0 0.0 1 ec.gp.GPIndividual@1711848181{111920147} 97094.0 12802.0 0.48455882352941176 0.6522058823529412 0
0.0 109280.0 12802.0 1.0 1 1 21.0 0.0 3 5 21.0 0.0 1.0 0
0.9174019607843137 0
1 ec.gp.GPIndividual@1711848181{111920147} 0.0 109280.0 10087.0 1.0 1 1 21.0 0.0 1 ec.gp.GPIndividual@1944513396{-1339817573} 1.0 0
0.48455882352941176 0
1 ec.gp.GPIndividual@1711848181{111920147} 0.0 109280.0 8317.0 1.0 1 ec.gp.GPIndividual@1464234739{-1360079626} 1 1 21.0 0.0 0.0 99026.0 8317.0 0.9473519762537104 1.0 0
0.0 95726.0 12802.0 0.7783158881424778 1 ec.gp.GPIndividual@1305724360{246021259} 3 5 21.0 0.0 0.0 97094.0 12802.0 0.6714575847523825 0.7783158881424778 0
2 4 21.0 0.0 0.9473519762537104 0
1 ec.gp.GPIndividual@426460338{2106229754} 0.0 99026.0 10087.0 0.9329620051720708 3 5 21.0 0.0 2 3 21.0 0.0 0.6714575847523825 0
1 ec.gp.GPIndividual@1944513396{-1339817573} 0.0 95726.0 10087.0 0.7186477644492911 3 5 21.0 0.0 1 ec.gp.GPIndividual@1464234739{-1360079626} 0.7186477644492911 0
0.9329620051720708 0
1 ec.gp.GPIndividual@1305724360{246021259} 1 ec.gp.GPIndividual@1944513396{-1339817573} 0.0 97094.0 8317.0 0.5830276593635372 0.0 3 5 21.0 0.0 95726.0 8317.0 0.6587711915354094 0.5830276593635372 0
0.0 99026.0 8387.0 0.9331813224942996 2 4 21.0 0.0 1 ec.gp.GPIndividual@426460338{2106229754} 0.9331813224942996 0
3 5 21.0 0.0 0.6587711915354094 0
1 ec.gp.GPIndividual@1305724360{246021259} 0.0 97094.0 8317.0 0.49428880605987735 0.0 3 5 21.0 0.0 99026.0 8317.0 0.9196375342792417 0.49428880605987735 0
1 ec.gp.GPIndividual@1616965608{-1574836065} 1 ec.gp.GPIndividual@2080914555{1977148528} 0.0 0.0 90938.0 10054.0 0.6504873682116571 12350.0 10054.0 0.47251699058066055 4 12 21.0 0.0 5 35 21.0 0.0 0.6504873682116571 0
1 ec.gp.GPIndividual@1616965608{-1574836065} 0.0 1 ec.gp.GPIndividual@1464234739{-1360079626} 91128.0 8387.0 0.5583641349707881 0.0 99026.0 8387.0 0.9189611638812072 2 4 21.0 0.0 4 12 21.0 0.0 0.9189611638812072 0
0.47251699058066055 0
1 ec.gp.GPIndividual@773684680{1186369619} 2 3 21.0 0.0 0.0 0.9196375342792417 0
0.5583641349707881 0
1 ec.gp.GPIndividual@426460338{2106229754} 0.0 99026.0 14578.0 0.9537659486898066 100242.0 10054.0 0.8120151183608514 2 3 21.0 0.0 2 4 21.0 0.0 0.9537659486898066 0
1 ec.gp.GPIndividual@1616965608{-1574836065} 0.0 0.8120151183608514 0
1 ec.gp.GPIndividual@426460338{2106229754} 0.0 99026.0 10861.0 0.9379430991621398 2 3 21.0 0.0 0.9379430991621398 0
1 ec.gp.GPIndividual@773684680{1186369619} 0.0 90934.0 14578.0 0.7592262313074496 100242.0 8387.0 0.7746512459759151 2 4 21.0 0.0 1 ec.gp.GPIndividual@426460338{2106229754} 0.7746512459759151 0
0.0 99026.0 8160.0 0.9174019607843137 1 ec.gp.GPIndividual@773684680{1186369619} 4 12 21.0 0.0 0.0 2 3 21.0 0.0 0.7592262313074496 0
0.9174019607843137 0
1 ec.gp.GPIndividual@1616965608{-1574836065} 0.0 90938.0 10861.0 0.6764570481539454 4 12 21.0 0.0 0.6764570481539454 0
1 ec.gp.GPIndividual@426460338{2106229754} 0.0 99026.0 12802.0 0.9473519762537104 100242.0 14578.0 0.8703525860886266 2 3 21.0 0.0 0.9473519762537104 0
1 ec.gp.GPIndividual@1616965608{-1574836065} 0.0 91128.0 8160.0 0.546078431372549 4 12 21.0 0.0 2 4 21.0 0.0 1 ec.gp.GPIndividual@426460338{2106229754} 0.546078431372549 0
0.0 99026.0 10087.0 0.9331813224942996 0.8703525860886266 0
1 ec.gp.GPIndividual@1616965608{-1574836065} 0.0 90934.0 12802.0 0.7258240899859397 2 3 21.0 0.0 4 12 21.0 0.0 0.9331813224942996 0
1 ec.gp.GPIndividual@773684680{1186369619} 0.0 0.7258240899859397 0
100242.0 10861.0 0.82598287450511 2 4 21.0 0.0 0.82598287450511 0
1 ec.gp.GPIndividual@1616965608{-1574836065} 0.0 90938.0 10087.0 0.6516308119361555 1 ec.gp.GPIndividual@426460338{2106229754} 4 12 21.0 0.0 0.0 0.6516308119361555 0
1 ec.gp.GPIndividual@773684680{1186369619} 0.0 100242.0 8160.0 0.7683823529411765 99026.0 10087.0 0.9189611638812072 2 4 21.0 0.0 2 3 21.0 0.0 0.7683823529411765 0
1 ec.gp.GPIndividual@1616965608{-1574836065} 0.0 91128.0 8317.0 0.5546471083323313 0.9189611638812072 0
1 ec.gp.GPIndividual@773684680{1186369619} 0.0 100242.0 12802.0 0.8523668176847368 4 12 21.0 0.0 2 4 21.0 0.0 0.5546471083323313 0
1 ec.gp.GPIndividual@1402803866{1046756145} 1 ec.gp.GPIndividual@2080914555{1977148528} 0.0 0.0 62584.0 14578.0 0.45506928248045 0.8523668176847368 0
5 35 21.0 0.0 1 ec.gp.GPIndividual@1510283469{-1718460294} 0.0 0.45506928248045 0
104262.0 14578.0 0.9556395464491745 2 3 21.0 0.0 0.9556395464491745 0
1 ec.gp.GPIndividual@773684680{1186369619} 0.0 100242.0 10087.0 0.8126301179736294 101086.0 10054.0 0.7280684304754327 1 ec.gp.GPIndividual@1402803866{1046756145} 0.0 3 9 21.0 0.0 2 4 21.0 0.0 0.7280684304754327 0
104262.0 8387.0 0.9468224633361154 2 3 21.0 0.0 0.9468224633361154 0
1 ec.gp.GPIndividual@1510283469{-1718460294} 0.0 0.8126301179736294 0
1 ec.gp.GPIndividual@1402803866{1046756145} 0.0 104262.0 14578.0 0.9694059541775277 101086.0 8387.0 0.6740193156074877 2 3 21.0 0.0 3 9 21.0 0.0 0.9694059541775277 0
0.6740193156074877 0
1 ec.gp.GPIndividual@773684680{1186369619} 0.0 100242.0 10861.0 0.7727545990140676 1 ec.gp.GPIndividual@1402803866{1046756145} 2 4 21.0 0.0 0.0 0.7727545990140676 0
1 ec.gp.GPIndividual@1510283469{-1718460294} 0.0 104262.0 10861.0 0.9589356412853328 101188.0 14578.0 0.805460282617643 2 3 21.0 0.0 3 9 21.0 0.0 0.9589356412853328 0
0.805460282617643 0
1 ec.gp.GPIndividual@1402803866{1046756145} 0.0 104262.0 8160.0 0.9453431372549019 2 3 21.0 0.0 0.9453431372549019 0
1 ec.gp.GPIndividual@1510283469{-1718460294} 1 ec.gp.GPIndividual@1140587725{1642952219} 0.0 0.0 1 ec.gp.GPIndividual@1402803866{1046756145} 101188.0 10861.0 0.7388822392044931 0.0 69180.0 12802.0 0.09727471653073404 3 9 21.0 0.0 5 44 21.0 0.0 104262.0 12802.0 0.9651616934853929 0.7388822392044931 0
2 3 21.0 0.0 0.9651616934853929 0
0.09727471653073404 0
1 ec.gp.GPIndividual@1402803866{1046756145} 0.0 104262.0 10087.0 0.9557846733419253 2 3 21.0 0.0 1 ec.gp.GPIndividual@1510283469{-1718460294} 0.9557846733419253 0
0.0 101086.0 10087.0 0.6649509803921568 3 9 21.0 0.0 0.6649509803921568 0
1 ec.gp.GPIndividual@1402803866{1046756145} 1 ec.gp.GPIndividual@2080914555{1977148528} 0.0 0.0 104262.0 10861.0 0.9463748947937959 61494.0 10861.0 0.36893472055980114 2 3 21.0 0.0 5 35 21.0 0.0 1 ec.gp.GPIndividual@1140587725{1642952219} 0.9463748947937959 0
1 ec.gp.GPIndividual@1510283469{-1718460294} 0.0 101188.0 12802.0 0.7784721137322294 0.0 3 9 21.0 0.0 0.7784721137322294 0
0.36893472055980114 0
69146.0 12802.0 0.07809705496601883 5 44 21.0 0.0 0.07809705496601883 0
1 ec.gp.GPIndividual@1142290219{1993552212} 0.0 1 ec.gp.GPIndividual@1510283469{-1718460294} 28737.0 10054.0 0.2278695046747563 0.0 5 31 21.0 0.0 101188.0 10054.0 0.7188460394567264 0.2278695046747563 0
3 9 21.0 0.0 0.7188460394567264 0
1 ec.gp.GPIndividual@1510283469{-1718460294} 0.0 101086.0 8317.0 0.6712757003727305 3 9 21.0 0.0 1 ec.gp.GPIndividual@1140587725{1642952219} 0.6712757003727305 0
0.0 68678.0 14578.0 0.41185347784332554 5 44 21.0 0.0 0.41185347784332554 0
1 ec.gp.GPIndividual@1140587725{1642952219} 0.0 68091.0 10861.0 0.26461651781603907 5 44 21.0 0.0 0.26461651781603907 0
1 ec.gp.GPIndividual@1140587725{1642952219} 0.0 69146.0 8160.0 0.10808823529411765 5 44 21.0 0.0 0.10808823529411765 0
1 ec.gp.GPIndividual@1140587725{1642952219} 0.0 68104.0 12802.0 0.37509764099359477 5 44 21.0 0.0 0.37509764099359477 0
1 ec.gp.GPIndividual@1140587725{1642952219} 0.0 68091.0 10087.0 0.2081887578070784 5 44 21.0 0.0 0.2081887578070784 0
1 ec.gp.GPIndividual@1140587725{1642952219} 0.0 69146.0 8317.0 0.08717085487555609 5 44 21.0 0.0 0.08717085487555609 0
1 ec.gp.GPIndividual@1995056502{963651941} 0.0 92920.0 10054.0 0.45335189974139645 4 23 21.0 0.0 0.45335189974139645 0
1 ec.gp.GPIndividual@1995056502{963651941} 0.0 92920.0 8387.0 0.34470013115535947 4 23 21.0 0.0 0.34470013115535947 0
1 ec.gp.GPIndividual@1995056502{963651941} 0.0 92920.0 14578.0 0.6229935519275621 4 23 21.0 0.0 0.6229935519275621 0
1 ec.gp.GPIndividual@1995056502{963651941} 0.0 92920.0 10861.0 0.4939692477672406 4 23 21.0 0.0 0.4939692477672406 0
1 ec.gp.GPIndividual@1995056502{963651941} 0.0 92920.0 8160.0 0.3264705882352941 4 23 21.0 0.0 0.3264705882352941 0
1 ec.gp.GPIndividual@1995056502{963651941} 0.0 92920.0 12802.0 0.5706920793625996 4 23 21.0 0.0 0.5706920793625996 0
1 ec.gp.GPIndividual@1995056502{963651941} 0.0 92920.0 10087.0 0.4551402795677605 4 23 21.0 0.0 0.4551402795677605 0
1 ec.gp.GPIndividual@1995056502{963651941} 0.0 92920.0 8317.0 0.33918480221233616 4 23 21.0 0.0 0.33918480221233616 0
1 ec.gp.GPIndividual@316604594{1177909548} 0.0 101188.0 10054.0 0.7179232146409389 2 3 21.0 0.0 0.7179232146409389 0
1 ec.gp.GPIndividual@316604594{1177909548} 0.0 101188.0 8387.0 0.6618576368188863 2 3 21.0 0.0 0.6618576368188863 0
1 ec.gp.GPIndividual@316604594{1177909548} 0.0 101188.0 14578.0 0.805460282617643 2 3 21.0 0.0 0.805460282617643 0
1 ec.gp.GPIndividual@316604594{1177909548} 0.0 101188.0 10861.0 0.7388822392044931 2 3 21.0 0.0 0.7388822392044931 0
1 ec.gp.GPIndividual@316604594{1177909548} 0.0 101188.0 8160.0 0.6524509803921569 2 3 21.0 0.0 0.6524509803921569 0
1 ec.gp.GPIndividual@316604594{1177909548} 0.0 101188.0 12802.0 0.7784721137322294 2 3 21.0 0.0 0.7784721137322294 0
1 ec.gp.GPIndividual@316604594{1177909548} 0.0 101188.0 10087.0 0.7188460394567264 2 3 21.0 0.0 0.7188460394567264 0
1 ec.gp.GPIndividual@316604594{1177909548} 0.0 101188.0 8317.0 0.6590116628592041 2 3 21.0 0.0 0.6590116628592041 0
1 ec.gp.GPIndividual@1474939932{886115842} 0.0 104262.0 10054.0 0.9556395464491745 2 3 21.0 0.0 0.9556395464491745 0
1 ec.gp.GPIndividual@1474939932{886115842} 0.0 104262.0 8387.0 0.9468224633361154 2 3 21.0 0.0 0.9468224633361154 0
1 ec.gp.GPIndividual@1474939932{886115842} 0.0 104262.0 14578.0 0.9694059541775277 2 3 21.0 0.0 0.9694059541775277 0
1 ec.gp.GPIndividual@1474939932{886115842} 0.0 104262.0 10861.0 0.9589356412853328 2 3 21.0 0.0 0.9589356412853328 0
1 ec.gp.GPIndividual@1474939932{886115842} 0.0 104262.0 8160.0 0.9453431372549019 2 3 21.0 0.0 0.9453431372549019 0
1 ec.gp.GPIndividual@1474939932{886115842} 0.0 104262.0 12802.0 0.9651616934853929 2 3 21.0 0.0 0.9651616934853929 0
1 ec.gp.GPIndividual@1474939932{886115842} 0.0 104262.0 10087.0 0.9557846733419253 2 3 21.0 0.0 0.9557846733419253 0
1 ec.gp.GPIndividual@1474939932{886115842} 0.0 104262.0 8317.0 0.9463748947937959 2 3 21.0 0.0 0.9463748947937959 0
1 ec.gp.GPIndividual@1265131448{543976736} 0.0 94572.0 10054.0 0.8325044758305152 5 34 21.0 0.0 0.8325044758305152 0
1 ec.gp.GPIndividual@1265131448{543976736} 0.0 94572.0 8387.0 0.7992130678430905 5 34 21.0 0.0 0.7992130678430905 0
1 ec.gp.GPIndividual@264231973{1939949666} 0.0 14262.0 10054.0 0.4185398846230356 3 8 21.0 0.0 0.4185398846230356 0
1 ec.gp.GPIndividual@2080914555{1977148528} 0.0 12563.0 8160.0 0.5395833333333333 5 35 21.0 0.0 0.5395833333333333 0
1 ec.gp.GPIndividual@1142290219{1993552212} 0.0 14495.0 8387.0 0.7282699415762489 5 31 21.0 0.0 0.7282699415762489 0
1 ec.gp.GPIndividual@2080914555{1977148528} 0.0 61954.0 12802.0 0.428683018278394 5 35 21.0 0.0 0.428683018278394 0
1 ec.gp.GPIndividual@2080914555{1977148528} 0.0 61494.0 10087.0 0.3205115495191831 5 35 21.0 0.0 0.3205115495191831 0
1 ec.gp.GPIndividual@1142290219{1993552212} 0.0 58346.0 14578.0 0.3709699547262999 5 31 21.0 0.0 0.3709699547262999 0
1 ec.gp.GPIndividual@2142144351{-317290431} 1.0 14663.0 10054.0 0.45842450765864334 5 32 21.0 0.0 0.45842450765864334 0
1 ec.gp.GPIndividual@264231973{1939949666} 0.0 14256.0 8387.0 0.699773458924526 3 8 21.0 0.0 0.699773458924526 0
1 ec.gp.GPIndividual@1052964450{1840741340} 1.0 15969.0 10054.0 0.5883230555002984 5 39 21.0 0.0 0.5883230555002984 0
1 ec.gp.GPIndividual@1142290219{1993552212} 0.0 57228.0 10861.0 0.25863180185986556 5 31 21.0 0.0 0.25863180185986556 0
1 ec.gp.GPIndividual@2080914555{1977148528} 0.0 12681.0 8317.0 0.524708428519899 5 35 21.0 0.0 0.524708428519899 0
1 ec.gp.GPIndividual@506518290{-1665242842} 0.0 92330.0 10054.0 0.5120350109409191 5 26 21.0 0.0 0.5120350109409191 0
1 ec.gp.GPIndividual@506518290{-1665242842} 0.0 92330.0 8387.0 0.4150470966972696 5 26 21.0 0.0 0.4150470966972696 0
1 ec.gp.GPIndividual@506518290{-1665242842} 0.0 92096.0 14578.0 0.679517080532309 5 26 21.0 0.0 0.679517080532309 0
1 ec.gp.GPIndividual@506518290{-1665242842} 0.0 92330.0 10861.0 0.5482920541386612 5 26 21.0 0.0 0.5482920541386612 0
1 ec.gp.GPIndividual@506518290{-1665242842} 0.0 92330.0 8160.0 0.3987745098039216 5 26 21.0 0.0 0.3987745098039216 0
1 ec.gp.GPIndividual@506518290{-1665242842} 0.0 92330.0 12802.0 0.616778628339322 5 26 21.0 0.0 0.616778628339322 0
1 ec.gp.GPIndividual@506518290{-1665242842} 0.0 92330.0 10087.0 0.5136314067611778 5 26 21.0 0.0 0.5136314067611778 0
1 ec.gp.GPIndividual@506518290{-1665242842} 0.0 92330.0 8317.0 0.41012384273175423 5 26 21.0 0.0 0.41012384273175423 0
1 ec.gp.GPIndividual@264231973{1939949666} 0.0 16981.0 14578.0 0.16483742625874606 3 8 21.0 0.0 0.16483742625874606 0
1 ec.gp.GPIndividual@1142290219{1993552212} 0.0 13195.0 8160.0 0.6170343137254902 5 31 21.0 0.0 0.6170343137254902 0
1 ec.gp.GPIndividual@1796493730{898173191} 0.0 12144.0 10054.0 0.20787746170678337 4 22 21.0 0.0 0.20787746170678337 0
1 ec.gp.GPIndividual@1052964450{1840741340} 1.0 12738.0 8387.0 0.5187790628353404 5 39 21.0 0.0 0.5187790628353404 0
1 ec.gp.GPIndividual@264231973{1939949666} 0.0 14482.0 10861.0 0.33339471503544793 3 8 21.0 0.0 0.33339471503544793 0
1 ec.gp.GPIndividual@1796493730{898173191} 0.0 11666.0 8387.0 0.39096220341003934 4 22 21.0 0.0 0.39096220341003934 0
1 ec.gp.GPIndividual@2142144351{-317290431} 1.0 15110.0 8387.0 0.8015977107428163 5 32 21.0 0.0 0.8015977107428163 0
1 ec.gp.GPIndividual@1142290219{1993552212} 0.0 28830.0 12802.0 0.02843305733479144 5 31 21.0 0.0 0.02843305733479144 0
1 ec.gp.GPIndividual@1142290219{1993552212} 0.0 57228.0 10087.0 0.20174482006543076 5 31 21.0 0.0 0.20174482006543076 0
1 ec.gp.GPIndividual@264231973{1939949666} 0.0 14253.0 8160.0 0.7466911764705882 3 8 21.0 0.0 0.7466911764705882 0
1 ec.gp.GPIndividual@1796493730{898173191} 0.0 16853.0 14578.0 0.15605707230072713 4 22 21.0 0.0 0.15605707230072713 0
1 ec.gp.GPIndividual@264231973{1939949666} 0.0 15346.0 12802.0 0.19871895016403687 3 8 21.0 0.0 0.19871895016403687 0
1 ec.gp.GPIndividual@1142290219{1993552212} 0.0 13311.0 8317.0 0.6004568955152099 5 31 21.0 0.0 0.6004568955152099 0
1 ec.gp.GPIndividual@1547089078{520630512} 0.0 96068.0 10054.0 0.6837079769246072 3 9 21.0 0.0 0.6837079769246072 0
1 ec.gp.GPIndividual@1547089078{520630512} 0.0 96068.0 8387.0 0.6208417789436032 3 9 21.0 0.0 0.6208417789436032 0
1 ec.gp.GPIndividual@1547089078{520630512} 0.0 96170.0 14578.0 0.7748662367951709 3 9 21.0 0.0 0.7748662367951709 0
1 ec.gp.GPIndividual@1547089078{520630512} 0.0 96141.0 10861.0 0.700487984531811 3 9 21.0 0.0 0.700487984531811 0
1 ec.gp.GPIndividual@1796493730{898173191} 0.0 14071.0 10861.0 0.29555289568179727 4 22 21.0 0.0 0.29555289568179727 0
1 ec.gp.GPIndividual@1547089078{520630512} 0.0 95729.0 8160.0 0.6518382352941177 3 9 21.0 0.0 0.6518382352941177 0
1 ec.gp.GPIndividual@1547089078{520630512} 0.0 96170.0 12802.0 0.7436338072176223 3 9 21.0 0.0 0.7436338072176223 0
1 ec.gp.GPIndividual@1547089078{520630512} 0.0 96141.0 10087.0 0.6775057004064637 3 9 21.0 0.0 0.6775057004064637 0
1 ec.gp.GPIndividual@1547089078{520630512} 0.0 95729.0 8317.0 0.6584104845497174 3 9 21.0 0.0 0.6584104845497174 0
1 ec.gp.GPIndividual@510631961{741560908} 0.0 95726.0 10054.0 0.7177242888402626 4 11 21.0 0.0 0.7177242888402626 0
1 ec.gp.GPIndividual@510631961{741560908} 0.0 95726.0 8387.0 0.6616191725289138 4 11 21.0 0.0 0.6616191725289138 0
1 ec.gp.GPIndividual@510631961{741560908} 0.0 95900.0 14578.0 0.7933872959253669 4 11 21.0 0.0 0.7933872959253669 0
1 ec.gp.GPIndividual@510631961{741560908} 0.0 95726.0 10861.0 0.7386980940981493 4 11 21.0 0.0 0.7386980940981493 0
1 ec.gp.GPIndividual@510631961{741560908} 0.0 95726.0 8160.0 0.6522058823529412 4 11 21.0 0.0 0.6522058823529412 0
1 ec.gp.GPIndividual@510631961{741560908} 0.0 95726.0 12802.0 0.7783158881424778 4 11 21.0 0.0 0.7783158881424778 0
1 ec.gp.GPIndividual@510631961{741560908} 0.0 95726.0 10087.0 0.7186477644492911 4 11 21.0 0.0 0.7186477644492911 0
1 ec.gp.GPIndividual@510631961{741560908} 0.0 95726.0 8317.0 0.6587711915354094 4 11 21.0 0.0 0.6587711915354094 0
1 ec.gp.GPIndividual@1052964450{1840741340} 2.0 17959.0 14578.0 0.23192481821923447 5 39 21.0 0.0 0.23192481821923447 0
1 ec.gp.GPIndividual@1796493730{898173191} 0.0 10687.0 8160.0 0.3096813725490196 4 22 21.0 0.0 0.3096813725490196 0
1 ec.gp.GPIndividual@264231973{1939949666} 0.0 13243.0 10087.0 0.31287796173292354 3 8 21.0 0.0 0.31287796173292354 0
1 ec.gp.GPIndividual@43311163{2016455865} 0.0 12904.0 10054.0 0.2834692659637955 5 29 21.0 0.0 0.2834692659637955 0
1 ec.gp.GPIndividual@1796493730{898173191} 0.0 14505.0 12802.0 0.13302608967348853 4 22 21.0 0.0 0.13302608967348853 0
1 ec.gp.GPIndividual@264231973{1939949666} 0.0 14423.0 8317.0 0.7341589515450283 3 8 21.0 0.0 0.7341589515450283 0
1 ec.gp.GPIndividual@43311163{2016455865} 0.0 14668.0 8387.0 0.7488971026588769 5 29 21.0 0.0 0.7488971026588769 0
1 ec.gp.GPIndividual@1271278573{1376309298} 0.0 95726.0 10054.0 0.7177242888402626 3 7 21.0 0.0 0.7177242888402626 0
1 ec.gp.GPIndividual@1271278573{1376309298} 0.0 95726.0 8387.0 0.6616191725289138 3 7 21.0 0.0 0.6616191725289138 0
1 ec.gp.GPIndividual@1271278573{1376309298} 0.0 95900.0 14578.0 0.7933872959253669 3 7 21.0 0.0 0.7933872959253669 0
1 ec.gp.GPIndividual@1271278573{1376309298} 0.0 95726.0 10861.0 0.7386980940981493 3 7 21.0 0.0 0.7386980940981493 0
1 ec.gp.GPIndividual@1271278573{1376309298} 0.0 95726.0 8160.0 0.6522058823529412 3 7 21.0 0.0 0.6522058823529412 0
1 ec.gp.GPIndividual@2142144351{-317290431} 2.0 18316.0 14578.0 0.25641377418027167 5 32 21.0 0.0 0.25641377418027167 0
1 ec.gp.GPIndividual@1271278573{1376309298} 0.0 95726.0 12802.0 0.7783158881424778 3 7 21.0 0.0 0.7783158881424778 0
1 ec.gp.GPIndividual@1271278573{1376309298} 0.0 95726.0 10087.0 0.7186477644492911 3 7 21.0 0.0 0.7186477644492911 0
1 ec.gp.GPIndividual@1271278573{1376309298} 0.0 95726.0 8317.0 0.6587711915354094 3 7 21.0 0.0 0.6587711915354094 0
1 ec.gp.GPIndividual@1796493730{898173191} 0.0 11719.0 10087.0 0.16179240606721523 4 22 21.0 0.0 0.16179240606721523 0
1 ec.gp.GPIndividual@1052964450{1840741340} 1.0 15664.0 10861.0 0.44222447288463307 5 39 21.0 0.0 0.44222447288463307 0
1 ec.gp.GPIndividual@43311163{2016455865} 0.0 16321.0 14578.0 0.11956372616271094 5 29 21.0 0.0 0.11956372616271094 0
1 ec.gp.GPIndividual@1796493730{898173191} 0.0 11722.0 8317.0 0.4094024287603703 4 22 21.0 0.0 0.4094024287603703 0
1 ec.gp.GPIndividual@1356026903{540167701} 0.0 105260.0 10054.0 0.8563755719116769 1 1 21.0 0.0 0.8563755719116769 0
1 ec.gp.GPIndividual@1356026903{540167701} 0.0 105260.0 8387.0 0.8278287826397996 1 1 21.0 0.0 0.8278287826397996 0
1 ec.gp.GPIndividual@1356026903{540167701} 0.0 105260.0 14578.0 0.9009466319110989 1 1 21.0 0.0 0.9009466319110989 0
1 ec.gp.GPIndividual@1356026903{540167701} 0.0 105260.0 10861.0 0.8670472332197772 1 1 21.0 0.0 0.8670472332197772 0
1 ec.gp.GPIndividual@1356026903{540167701} 0.0 105260.0 8160.0 0.8230392156862745 1 1 21.0 0.0 0.8230392156862745 0
1 ec.gp.GPIndividual@1356026903{540167701} 0.0 105260.0 12802.0 0.8872051241993438 1 1 21.0 0.0 0.8872051241993438 0
1 ec.gp.GPIndividual@1356026903{540167701} 0.0 105260.0 10087.0 0.8568454446317042 1 1 21.0 0.0 0.8568454446317042 0
1 ec.gp.GPIndividual@1356026903{540167701} 0.0 105260.0 8317.0 0.8263797042202717 1 1 21.0 0.0 0.8263797042202717 0
1 ec.gp.GPIndividual@1829065106{-1530862748} 0.0 101188.0 10054.0 0.7179232146409389 4 10 21.0 0.0 0.7179232146409389 0
1 ec.gp.GPIndividual@1829065106{-1530862748} 0.0 101188.0 8387.0 0.6618576368188863 4 10 21.0 0.0 0.6618576368188863 0
1 ec.gp.GPIndividual@1829065106{-1530862748} 0.0 101188.0 14578.0 0.805460282617643 4 10 21.0 0.0 0.805460282617643 0
1 ec.gp.GPIndividual@1829065106{-1530862748} 0.0 101188.0 10861.0 0.7388822392044931 4 10 21.0 0.0 0.7388822392044931 0
1 ec.gp.GPIndividual@1829065106{-1530862748} 0.0 101188.0 8160.0 0.6524509803921569 4 10 21.0 0.0 0.6524509803921569 0
1 ec.gp.GPIndividual@1829065106{-1530862748} 0.0 101188.0 12802.0 0.7784721137322294 4 10 21.0 0.0 0.7784721137322294 0
1 ec.gp.GPIndividual@1829065106{-1530862748} 0.0 101188.0 10087.0 0.7188460394567264 4 10 21.0 0.0 0.7188460394567264 0
1 ec.gp.GPIndividual@1829065106{-1530862748} 0.0 101188.0 8317.0 0.6590116628592041 4 10 21.0 0.0 0.6590116628592041 0
1 ec.gp.GPIndividual@43311163{2016455865} 0.0 12865.0 10861.0 0.18451339655648652 5 29 21.0 0.0 0.18451339655648652 0
1 ec.gp.GPIndividual@1052964450{1840741340} 2.0 14337.0 8160.0 0.756985294117647 5 39 21.0 0.0 0.756985294117647 0
1 ec.gp.GPIndividual@1979055979{544884254} 1.0 28737.0 10054.0 0.2278695046747563 5 31 21.0 0.0 0.2278695046747563 0
1 ec.gp.GPIndividual@43311163{2016455865} 1.0 14902.0 8160.0 0.8262254901960784 5 29 21.0 0.0 0.8262254901960784 0
1 ec.gp.GPIndividual@2142144351{-317290431} 3.0 15210.0 10861.0 0.4004235337445907 5 32 21.0 0.0 0.4004235337445907 0
1 ec.gp.GPIndividual@43311163{2016455865} 0.0 15058.0 12802.0 0.17622246523980628 5 29 21.0 0.0 0.17622246523980628 0
1 ec.gp.GPIndividual@1979055979{544884254} 0.0 14495.0 8387.0 0.7282699415762489 5 31 21.0 0.0 0.7282699415762489 0
1 ec.gp.GPIndividual@1979055979{544884254} 0.0 58346.0 14578.0 0.3709699547262999 5 31 21.0 0.0 0.3709699547262999 0
1 ec.gp.GPIndividual@43311163{2016455865} 0.0 12629.0 10087.0 0.25200753445028257 5 29 21.0 0.0 0.25200753445028257 0
1 ec.gp.GPIndividual@1979055979{544884254} 0.0 57228.0 10861.0 0.25863180185986556 5 31 21.0 0.0 0.25863180185986556 0
1 ec.gp.GPIndividual@1052964450{1840741340} 1.0 17539.0 12802.0 0.3700203093266677 5 39 21.0 0.0 0.3700203093266677 0
1 ec.gp.GPIndividual@43311163{2016455865} 0.0 14056.0 8317.0 0.6900324636287123 5 29 21.0 0.0 0.6900324636287123 0
1 ec.gp.GPIndividual@1775494125{159129734} 0.0 105260.0 10054.0 0.8563755719116769 3 6 21.0 0.0 0.8563755719116769 0
1 ec.gp.GPIndividual@1775494125{159129734} 0.0 105260.0 8387.0 0.8278287826397996 3 6 21.0 0.0 0.8278287826397996 0
1 ec.gp.GPIndividual@1775494125{159129734} 0.0 105260.0 14578.0 0.9009466319110989 3 6 21.0 0.0 0.9009466319110989 0
1 ec.gp.GPIndividual@1775494125{159129734} 0.0 105260.0 10861.0 0.8670472332197772 3 6 21.0 0.0 0.8670472332197772 0
1 ec.gp.GPIndividual@1775494125{159129734} 0.0 105260.0 8160.0 0.8230392156862745 3 6 21.0 0.0 0.8230392156862745 0
1 ec.gp.GPIndividual@1775494125{159129734} 0.0 105260.0 12802.0 0.8872051241993438 3 6 21.0 0.0 0.8872051241993438 0
1 ec.gp.GPIndividual@1775494125{159129734} 0.0 105260.0 10087.0 0.8568454446317042 3 6 21.0 0.0 0.8568454446317042 0
1 ec.gp.GPIndividual@1775494125{159129734} 0.0 105260.0 8317.0 0.8263797042202717 3 6 21.0 0.0 0.8263797042202717 0
1 ec.gp.GPIndividual@2142144351{-317290431} 2.0 15069.0 8160.0 0.8466911764705882 5 32 21.0 0.0 0.8466911764705882 0
1 ec.gp.GPIndividual@1979055979{544884254} 0.0 13195.0 8160.0 0.6170343137254902 5 31 21.0 0.0 0.6170343137254902 0
1 ec.gp.GPIndividual@1979055979{544884254} 0.0 28830.0 12802.0 0.02843305733479144 5 31 21.0 0.0 0.02843305733479144 0
1 ec.gp.GPIndividual@1052964450{1840741340} 1.0 15898.0 10087.0 0.5760880341033012 5 39 21.0 0.0 0.5760880341033012 0
1 ec.gp.GPIndividual@1979055979{544884254} 0.0 57228.0 10087.0 0.20174482006543076 5 31 21.0 0.0 0.20174482006543076 0
1 ec.gp.GPIndividual@1979055979{544884254} 0.0 13311.0 8317.0 0.6004568955152099 5 31 21.0 0.0 0.6004568955152099 0
1 ec.gp.GPIndividual@1017456950{2009902621} 0.0 95726.0 10054.0 0.7177242888402626 3 7 21.0 0.0 0.7177242888402626 0
1 ec.gp.GPIndividual@1017456950{2009902621} 0.0 95726.0 8387.0 0.6616191725289138 3 7 21.0 0.0 0.6616191725289138 0
1 ec.gp.GPIndividual@1017456950{2009902621} 0.0 95900.0 14578.0 0.7933872959253669 3 7 21.0 0.0 0.7933872959253669 0
1 ec.gp.GPIndividual@1017456950{2009902621} 0.0 95726.0 10861.0 0.7386980940981493 3 7 21.0 0.0 0.7386980940981493 0
1 ec.gp.GPIndividual@1017456950{2009902621} 0.0 95726.0 8160.0 0.6522058823529412 3 7 21.0 0.0 0.6522058823529412 0
1 ec.gp.GPIndividual@2142144351{-317290431} 2.0 15962.0 12802.0 0.24683643180753007 5 32 21.0 0.0 0.24683643180753007 0
1 ec.gp.GPIndividual@1017456950{2009902621} 0.0 95726.0 12802.0 0.7783158881424778 3 7 21.0 0.0 0.7783158881424778 0
1 ec.gp.GPIndividual@1017456950{2009902621} 0.0 95726.0 10087.0 0.7186477644492911 3 7 21.0 0.0 0.7186477644492911 0
1 ec.gp.GPIndividual@1017456950{2009902621} 0.0 95726.0 8317.0 0.6587711915354094 3 7 21.0 0.0 0.6587711915354094 0
1 ec.gp.GPIndividual@1052964450{1840741340} 1.0 16678.0 8317.0 1.005290369123482 5 39 21.0 0.0 1.005290369123482 0
1 ec.gp.GPIndividual@490617949{1376309298} 0.0 95726.0 10054.0 0.7177242888402626 3 7 21.0 0.0 0.7177242888402626 0
1 ec.gp.GPIndividual@490617949{1376309298} 0.0 95726.0 8387.0 0.6616191725289138 3 7 21.0 0.0 0.6616191725289138 0
1 ec.gp.GPIndividual@490617949{1376309298} 0.0 95900.0 14578.0 0.7933872959253669 3 7 21.0 0.0 0.7933872959253669 0
1 ec.gp.GPIndividual@490617949{1376309298} 0.0 95726.0 10861.0 0.7386980940981493 3 7 21.0 0.0 0.7386980940981493 0
1 ec.gp.GPIndividual@490617949{1376309298} 0.0 95726.0 8160.0 0.6522058823529412 3 7 21.0 0.0 0.6522058823529412 0
1 ec.gp.GPIndividual@490617949{1376309298} 0.0 95726.0 12802.0 0.7783158881424778 3 7 21.0 0.0 0.7783158881424778 0
1 ec.gp.GPIndividual@490617949{1376309298} 0.0 95726.0 10087.0 0.7186477644492911 3 7 21.0 0.0 0.7186477644492911 0
1 ec.gp.GPIndividual@490617949{1376309298} 0.0 95726.0 8317.0 0.6587711915354094 3 7 21.0 0.0 0.6587711915354094 0
1 ec.gp.GPIndividual@1580443036{1427362431} 0.0 85074.0 10054.0 0.6902725283469267 4 16 21.0 0.0 0.6902725283469267 0
1 ec.gp.GPIndividual@1580443036{1427362431} 0.0 85074.0 8387.0 0.6287111005126982 4 16 21.0 0.0 0.6287111005126982 0
1 ec.gp.GPIndividual@1580443036{1427362431} 0.0 85692.0 14578.0 0.7439978049115105 4 16 21.0 0.0 0.7439978049115105 0
1 ec.gp.GPIndividual@1580443036{1427362431} 0.0 85240.0 10861.0 0.6980020255961698 4 16 21.0 0.0 0.6980020255961698 0
1 ec.gp.GPIndividual@1580443036{1427362431} 0.0 84856.0 8160.0 0.6450980392156863 4 16 21.0 0.0 0.6450980392156863 0
1 ec.gp.GPIndividual@1580443036{1427362431} 0.0 85263.0 12802.0 0.7419934385252305 4 16 21.0 0.0 0.7419934385252305 0
1 ec.gp.GPIndividual@1580443036{1427362431} 0.0 85074.0 10087.0 0.691285813423218 4 16 21.0 0.0 0.691285813423218 0
1 ec.gp.GPIndividual@1580443036{1427362431} 0.0 84856.0 8317.0 0.6517975231453649 4 16 21.0 0.0 0.6517975231453649 0
1 ec.gp.GPIndividual@2142144351{-317290431} 2.0 14456.0 10087.0 0.4331317537424408 5 32 21.0 0.0 0.4331317537424408 0
1 ec.gp.GPIndividual@2142144351{-317290431} 2.0 15069.0 8317.0 0.8118311891306962 5 32 21.0 0.0 0.8118311891306962 0
1 ec.gp.GPIndividual@2057397999{1095666115} 0.0 99798.0 10054.0 0.8561766461110006 3 7 21.0 0.0 0.8561766461110006 0
1 ec.gp.GPIndividual@2057397999{1095666115} 0.0 99798.0 8387.0 0.8275903183498271 3 7 21.0 0.0 0.8275903183498271 0
1 ec.gp.GPIndividual@2057397999{1095666115} 0.0 99972.0 14578.0 0.8888736452188228 3 7 21.0 0.0 0.8888736452188228 0
1 ec.gp.GPIndividual@2057397999{1095666115} 0.0 99798.0 10861.0 0.8668630881134334 3 7 21.0 0.0 0.8668630881134334 0
1 ec.gp.GPIndividual@2057397999{1095666115} 0.0 99798.0 8160.0 0.8227941176470588 3 7 21.0 0.0 0.8227941176470588 0
1 ec.gp.GPIndividual@2057397999{1095666115} 0.0 99798.0 12802.0 0.8870488986095922 3 7 21.0 0.0 0.8870488986095922 0
1 ec.gp.GPIndividual@2057397999{1095666115} 0.0 99798.0 10087.0 0.8566471696242689 3 7 21.0 0.0 0.8566471696242689 0
1 ec.gp.GPIndividual@2057397999{1095666115} 0.0 99798.0 8317.0 0.8261392328964771 3 7 21.0 0.0 0.8261392328964771 0
1 ec.gp.GPIndividual@2076867971{1186522329} 0.0 12904.0 10054.0 0.2834692659637955 4 12 21.0 0.0 0.2834692659637955 0
1 ec.gp.GPIndividual@2076867971{1186522329} 0.0 14668.0 8387.0 0.7488971026588769 4 12 21.0 0.0 0.7488971026588769 0
1 ec.gp.GPIndividual@2076867971{1186522329} 0.0 16321.0 14578.0 0.11956372616271094 4 12 21.0 0.0 0.11956372616271094 0
1 ec.gp.GPIndividual@2076867971{1186522329} 0.0 12865.0 10861.0 0.18451339655648652 4 12 21.0 0.0 0.18451339655648652 0
1 ec.gp.GPIndividual@2076867971{1186522329} 0.0 14902.0 8160.0 0.8262254901960784 4 12 21.0 0.0 0.8262254901960784 0
1 ec.gp.GPIndividual@2076867971{1186522329} 0.0 15058.0 12802.0 0.17622246523980628 4 12 21.0 0.0 0.17622246523980628 0
1 ec.gp.GPIndividual@2076867971{1186522329} 0.0 12629.0 10087.0 0.25200753445028257 4 12 21.0 0.0 0.25200753445028257 0
1 ec.gp.GPIndividual@2076867971{1186522329} 0.0 14728.0 8317.0 0.7708308284237104 4 12 21.0 0.0 0.7708308284237104 0
1 ec.gp.GPIndividual@686037687{1016281465} 1.0 14663.0 10054.0 0.45842450765864334 5 32 21.0 0.0 0.45842450765864334 0
1 ec.gp.GPIndividual@686037687{1016281465} 1.0 15110.0 8387.0 0.8015977107428163 5 32 21.0 0.0 0.8015977107428163 0
1 ec.gp.GPIndividual@1265131448{543976736} 23.0 18619.0 14578.0 0.2771985183152696 5 34 21.0 0.0 0.2771985183152696 0
1 ec.gp.GPIndividual@686037687{1016281465} 2.0 18316.0 14578.0 0.25641377418027167 5 32 21.0 0.0 0.25641377418027167 0
1 ec.gp.GPIndividual@686037687{1016281465} 1.0 15210.0 10861.0 0.4004235337445907 5 32 21.0 0.0 0.4004235337445907 0
1 ec.gp.GPIndividual@686037687{1016281465} 1.0 15069.0 8160.0 0.8466911764705882 5 32 21.0 0.0 0.8466911764705882 0
1 ec.gp.GPIndividual@686037687{1016281465} 2.0 15962.0 12802.0 0.24683643180753007 5 32 21.0 0.0 0.24683643180753007 0
1 ec.gp.GPIndividual@686037687{1016281465} 2.0 14456.0 10087.0 0.4331317537424408 5 32 21.0 0.0 0.4331317537424408 0
1 ec.gp.GPIndividual@686037687{1016281465} 1.0 15069.0 8317.0 0.8118311891306962 5 32 21.0 0.0 0.8118311891306962 0
1 ec.gp.GPIndividual@603714699{-1179618258} 0.0 12879.0 10054.0 0.28098269345534116 4 19 21.0 0.0 0.28098269345534116 0
1 ec.gp.GPIndividual@603714699{-1179618258} 0.0 12887.0 8387.0 0.5365446524382974 4 19 21.0 0.0 0.5365446524382974 0
1 ec.gp.GPIndividual@603714699{-1179618258} 0.0 16338.0 14578.0 0.12072986692276032 4 19 21.0 0.0 0.12072986692276032 0
1 ec.gp.GPIndividual@603714699{-1179618258} 0.0 14127.0 10861.0 0.30070895865942365 4 19 21.0 0.0 0.30070895865942365 0
1 ec.gp.GPIndividual@603714699{-1179618258} 0.0 11379.0 8160.0 0.39448529411764705 4 19 21.0 0.0 0.39448529411764705 0
1 ec.gp.GPIndividual@603714699{-1179618258} 0.0 15065.0 12802.0 0.17676925480393688 4 19 21.0 0.0 0.17676925480393688 0
1 ec.gp.GPIndividual@603714699{-1179618258} 0.0 13170.0 10087.0 0.30564092396153464 4 19 21.0 0.0 0.30564092396153464 0
1 ec.gp.GPIndividual@603714699{-1179618258} 0.0 11786.0 8317.0 0.4170975111217987 4 19 21.0 0.0 0.4170975111217987 0
1 ec.gp.GPIndividual@1385981957{2095494328} 0.0 90708.0 10054.0 0.673363835289437 4 11 21.0 0.0 0.673363835289437 0
1 ec.gp.GPIndividual@1385981957{2095494328} 0.0 90708.0 8387.0 0.6084416358650292 4 11 21.0 0.0 0.6084416358650292 0
1 ec.gp.GPIndividual@1385981957{2095494328} 0.0 90882.0 14578.0 0.7627932501028948 4 11 21.0 0.0 0.7627932501028948 0
1 ec.gp.GPIndividual@1385981957{2095494328} 0.0 90708.0 10861.0 0.6976337353834822 4 11 21.0 0.0 0.6976337353834822 0
1 ec.gp.GPIndividual@1385981957{2095494328} 0.0 90708.0 8160.0 0.5975490196078431 4 11 21.0 0.0 0.5975490196078431 0
1 ec.gp.GPIndividual@1385981957{2095494328} 0.0 90708.0 12802.0 0.7434775816278707 4 11 21.0 0.0 0.7434775816278707 0
1 ec.gp.GPIndividual@1385981957{2095494328} 0.0 90708.0 10087.0 0.6744324377912164 4 11 21.0 0.0 0.6744324377912164 0
1 ec.gp.GPIndividual@1385981957{2095494328} 0.0 90708.0 8317.0 0.6051460863292052 4 11 21.0 0.0 0.6051460863292052 0
1 ec.gp.GPIndividual@1265131448{543976736} 22.0 18390.0 10861.0 0.6932142528312311 5 34 21.0 0.0 0.6932142528312311 0
1 ec.gp.GPIndividual@1265131448{543976736} 0.0 94354.0 8160.0 0.8203431372549019 5 34 21.0 0.0 0.8203431372549019 0
1 ec.gp.GPIndividual@1265131448{543976736} 19.0 18424.0 12802.0 0.4391501327917513 5 34 21.0 0.0 0.4391501327917513 0
1 ec.gp.GPIndividual@1265131448{543976736} 0.0 94572.0 10087.0 0.8330524437394666 5 34 21.0 0.0 0.8330524437394666 0
1 ec.gp.GPIndividual@1265131448{543976736} 0.0 94354.0 8317.0 0.8237345196585307 5 34 21.0 0.0 0.8237345196585307 0
2 ec.gp.GPIndividual@11102565{980212666} 2 ec.gp.GPIndividual@742294226{-2125925148} 0.0 0.0 105260.0 10054.0 0.8563755719116769 101188.0 10054.0 0.7179232146409389 1 1 21.0 0.0 3 8 21.0 0.0 0.8563755719116769 0
2 ec.gp.GPIndividual@2048008624{1654844881} 2 ec.gp.GPIndividual@1981587801{428273951} 0.0 2 ec.gp.GPIndividual@11102565{980212666} 2 ec.gp.GPIndividual@1812857398{1654844881} 0.0 0.0 0.0 105260.0 8387.0 0.8278287826397996 104262.0 8387.0 0.9556395464491745 0.7179232146409389 0
1 1 21.0 0.0 0.9556395464491745 0
93850.0 8387.0 0.9043166898746767 4 15 21.0 0.0 1 1 21.0 0.0 0.9043166898746767 0
104262.0 8387.0 0.9556395464491745 1 1 21.0 0.0 0.9556395464491745 0
0.8278287826397996 0
2 ec.gp.GPIndividual@1812857398{1654844881} 0.0 2 ec.gp.GPIndividual@742294226{-2125925148} 2 ec.gp.GPIndividual@11102565{980212666} 104262.0 8387.0 0.9468224633361154 0.0 0.0 1 1 21.0 0.0 2 ec.gp.GPIndividual@2048008624{1654844881} 0.9468224633361154 0
2 ec.gp.GPIndividual@1981587801{428273951} 2 ec.gp.GPIndividual@1812857398{1654844881} 0.0 0.0 105260.0 14578.0 0.9009466319110989 101188.0 14578.0 0.6618576368188863 1 1 21.0 0.0 0.0 93850.0 14578.0 0.8852986765231906 3 8 21.0 0.0 104262.0 14578.0 0.9694059541775277 0.9009466319110989 0
4 15 21.0 0.0 0.8852986765231906 0
1 1 21.0 0.0 0.9694059541775277 0
2 ec.gp.GPIndividual@1981587801{428273951} 104262.0 14578.0 0.9468224633361154 0.0 94176.0 14578.0 0.9116476882974345 0.6618576368188863 0
1 1 21.0 0.0 0.9468224633361154 0
2 ec.gp.GPIndividual@1812857398{1654844881} 0.0 4 15 21.0 0.0 104262.0 14578.0 0.9589356412853328 2 ec.gp.GPIndividual@2048008624{1654844881} 0.9116476882974345 0
2 ec.gp.GPIndividual@11102565{980212666} 0.0 105260.0 14578.0 0.8670472332197772 0.0 1 1 21.0 0.0 0.8670472332197772 0
1 1 21.0 0.0 0.9589356412853328 0
2 ec.gp.GPIndividual@742294226{-2125925148} 0.0 2 ec.gp.GPIndividual@1812857398{1654844881} 2 ec.gp.GPIndividual@11102565{980212666} 0.0 101188.0 8160.0 0.805460282617643 0.0 2 ec.gp.GPIndividual@1981587801{428273951} 104262.0 8160.0 0.9453431372549019 3 8 21.0 0.0 104262.0 14578.0 0.9694059541775277 0.0 0.805460282617643 0
1 1 21.0 0.0 0.9453431372549019 0
1 1 21.0 0.0 0.9694059541775277 0
105260.0 8160.0 0.8230392156862745 2 ec.gp.GPIndividual@2048008624{1654844881} 0.0 1 1 21.0 0.0 104262.0 10861.0 0.9589356412853328 0.8230392156862745 0
94034.0 8160.0 0.8944848540650032 4 15 21.0 0.0 2 ec.gp.GPIndividual@11102565{980212666} 1 1 21.0 0.0 0.8944848540650032 0
2 ec.gp.GPIndividual@1812857398{1654844881} 0.0 104262.0 12802.0 0.9651616934853929 2 ec.gp.GPIndividual@742294226{-2125925148} 1 1 21.0 0.0 0.0 101188.0 12802.0 0.7388822392044931 0.9651616934853929 0
0.9589356412853328 0
0.0 105260.0 10087.0 0.8872051241993438 2 ec.gp.GPIndividual@2048008624{1654844881} 1 1 21.0 0.0 2 ec.gp.GPIndividual@1812857398{1654844881} 0.8872051241993438 0
2 ec.gp.GPIndividual@1981587801{428273951} 0.0 3 8 21.0 0.0 2 ec.gp.GPIndividual@11102565{980212666} 0.7388822392044931 0
0.0 104262.0 10087.0 0.9557846733419253 1 1 21.0 0.0 0.0 0.9557846733419253 0
93850.0 10087.0 0.8821078431372549 4 15 21.0 0.0 2 ec.gp.GPIndividual@1812857398{1654844881} 0.0 0.0 0.8821078431372549 0
2 ec.gp.GPIndividual@742294226{-2125925148} 0.0 101188.0 8317.0 0.6524509803921569 104262.0 10087.0 0.9453431372549019 3 8 21.0 0.0 1 1 21.0 0.0 0.9453431372549019 0
104262.0 8317.0 0.9463748947937959 1 1 21.0 0.0 0.9463748947937959 0
105260.0 8317.0 0.8568454446317042 1 1 21.0 0.0 0.8568454446317042 0
2 ec.gp.GPIndividual@2048008624{1654844881} 0.0 2 ec.gp.GPIndividual@11102565{980212666} 104262.0 8317.0 0.9651616934853929 2 ec.gp.GPIndividual@1981587801{428273951} 0.0 0.0 1 1 21.0 0.0 105260.0 8317.0 0.8263797042202717 0.6524509803921569 0
94176.0 8317.0 0.8993907201999688 1 1 21.0 0.0 2 ec.gp.GPIndividual@104748437{716343542} 4 15 21.0 0.0 0.8263797042202717 0
0.9651616934853929 0
0.8993907201999688 0
2 ec.gp.GPIndividual@742294226{-2125925148} 0.0 0.0 101188.0 10087.0 0.7784721137322294 68441.0 10087.0 0.1707777998806445 2 ec.gp.GPIndividual@1981587801{428273951} 2 ec.gp.GPIndividual@2048008624{1654844881} 0.0 0.0 5 38 21.0 0.0 93850.0 10087.0 0.9046297214236145 104262.0 10087.0 0.9557846733419253 0.1707777998806445 0
3 8 21.0 0.0 0.7784721137322294 0
1 1 21.0 0.0 0.9557846733419253 0
4 15 21.0 0.0 0.9046297214236145 0
2 ec.gp.GPIndividual@742294226{-2125925148} 0.0 101188.0 8387.0 0.7188460394567264 2 ec.gp.GPIndividual@104748437{716343542} 3 8 21.0 0.0 0.0 2 ec.gp.GPIndividual@2048008624{1654844881} 2 ec.gp.GPIndividual@1981587801{428273951} 0.7188460394567264 0
68407.0 8317.0 0.010015500178848218 5 38 21.0 0.0 0.010015500178848218 0
0.0 93850.0 8317.0 0.8843332932547794 0.0 4 15 21.0 0.0 0.8843332932547794 0
2 ec.gp.GPIndividual@742294226{-2125925148} 0.0 101188.0 8317.0 0.6590116628592041 104262.0 8317.0 0.9463748947937959 3 8 21.0 0.0 1 1 21.0 0.0 0.6590116628592041 0
2 ec.gp.GPIndividual@104748437{716343542} 0.9463748947937959 0
2 ec.gp.GPIndividual@835905481{-1087726082} 2 ec.gp.GPIndividual@1705066758{-567579727} 2 ec.gp.GPIndividual@1586443496{1360319878} 0.0 0.0 0.0 68360.0 10054.0 0.43366716970777885 90938.0 10054.0 0.6504873682116571 5 38 21.0 0.0 4 14 21.0 0.0 0.0 2 ec.gp.GPIndividual@1915465191{1539068810} 0.6504873682116571 0
92920.0 10054.0 0.45335189974139645 4 21 21.0 0.0 0.45335189974139645 0
0.0 104262.0 8387.0 0.9556395464491745 12144.0 10054.0 0.20787746170678337 1 1 21.0 0.0 5 26 21.0 0.0 0.20787746170678337 0
0.43366716970777885 0
2 ec.gp.GPIndividual@835905481{-1087726082} 0.0 92920.0 8387.0 0.34470013115535947 2 ec.gp.GPIndividual@1663397377{-1619137911} 4 21 21.0 0.0 0.34470013115535947 0
0.9556395464491745 0
2 ec.gp.GPIndividual@1586443496{1360319878} 0.0 2 ec.gp.GPIndividual@1915465191{1539068810} 0.0 0.0 91128.0 8387.0 0.5583641349707881 2 ec.gp.GPIndividual@104748437{716343542} 61933.0 10861.0 0.27461706783369805 104262.0 10861.0 0.9468224633361154 0.0 4 14 21.0 0.0 5 32 21.0 0.0 2 ec.gp.GPIndividual@835905481{-1087726082} 1 1 21.0 0.0 0.0 0.9468224633361154 0
0.5583641349707881 0
67710.0 14578.0 0.29969616057453274 5 38 21.0 0.0 0.29969616057453274 0
92920.0 14578.0 0.6229935519275621 2 ec.gp.GPIndividual@1586443496{1360319878} 4 21 21.0 0.0 0.0 0.6229935519275621 0
0.27461706783369805 0
90934.0 14578.0 0.7592262313074496 2 ec.gp.GPIndividual@104748437{716343542} 2 ec.gp.GPIndividual@1915465191{1539068810} 0.0 0.0 68708.0 8160.0 0.054411764705882354 5 38 21.0 0.0 0.054411764705882354 0
2 ec.gp.GPIndividual@835905481{-1087726082} 0.0 4 14 21.0 0.0 92920.0 10861.0 0.4939692477672406 4 21 21.0 0.0 0.4939692477672406 0
104262.0 8160.0 0.9694059541775277 1 1 21.0 0.0 0.9694059541775277 0
0.7592262313074496 0
2 ec.gp.GPIndividual@835905481{-1087726082} 0.0 92920.0 8160.0 0.3264705882352941 2 ec.gp.GPIndividual@1915465191{1539068810} 4 21 21.0 0.0 0.0 104262.0 8160.0 0.9589356412853328 0.3264705882352941 0
2 ec.gp.GPIndividual@1586443496{1360319878} 0.0 90938.0 10861.0 0.6764570481539454 4 14 21.0 0.0 2 ec.gp.GPIndividual@104748437{716343542} 0.6764570481539454 0
0.0 67425.0 10861.0 0.4281362287142634 1 1 21.0 0.0 5 38 21.0 0.0 0.9589356412853328 0
2 ec.gp.GPIndividual@835905481{-1087726082} 0.0 2 ec.gp.GPIndividual@1915465191{1539068810} 92920.0 8160.0 0.5706920793625996 2 ec.gp.GPIndividual@1586443496{1360319878} 0.0 4 21 21.0 0.0 0.0 104262.0 8160.0 0.9453431372549019 0.4281362287142634 0
1 1 21.0 0.0 0.9453431372549019 0
91128.0 8160.0 0.546078431372549 4 14 21.0 0.0 0.546078431372549 0
0.5706920793625996 0
2 ec.gp.GPIndividual@1586443496{1360319878} 0.0 90934.0 12802.0 0.7258240899859397 4 14 21.0 0.0 2 ec.gp.GPIndividual@104748437{716343542} 0.7258240899859397 0
2 ec.gp.GPIndividual@1915465191{1539068810} 0.0 104262.0 12802.0 0.9651616934853929 1 1 21.0 0.0 0.0 0.9651616934853929 0
2 ec.gp.GPIndividual@1586443496{1360319878} 0.0 2 ec.gp.GPIndividual@835905481{-1087726082} 0.0 90938.0 10087.0 0.6516308119361555 67710.0 12802.0 0.2459601467235055 2 ec.gp.GPIndividual@1915465191{1539068810} 4 14 21.0 0.0 0.0 0.6516308119361555 0
5 38 21.0 0.0 0.2459601467235055 0
104262.0 10087.0 0.9557846733419253 1 1 21.0 0.0 0.9557846733419253 0
92920.0 10087.0 0.4551402795677605 4 21 21.0 0.0 0.4551402795677605 0
2 ec.gp.GPIndividual@1586443496{1360319878} 0.0 91128.0 8317.0 0.5546471083323313 2 ec.gp.GPIndividual@1915465191{1539068810} 4 14 21.0 0.0 0.0 0.5546471083323313 0
2 ec.gp.GPIndividual@104748437{716343542} 0.0 104262.0 8317.0 0.9463748947937959 68696.0 8317.0 0.033064807021762656 2 ec.gp.GPIndividual@835905481{-1087726082} 1 1 21.0 0.0 5 38 21.0 0.0 0.0 0.9463748947937959 0
0.033064807021762656 0
92920.0 8317.0 0.33918480221233616 4 21 21.0 0.0 0.33918480221233616 0
2 ec.gp.GPIndividual@523169890{-932236616} 0.0 90300.0 10054.0 0.7139446986274119 2 ec.gp.GPIndividual@790664680{-1388739972} 3 10 21.0 0.0 0.0 0.7139446986274119 0
69180.0 10054.0 0.09727471653073404 5 42 21.0 0.0 0.09727471653073404 0
2 ec.gp.GPIndividual@235421829{-1482898111} 0.0 2 ec.gp.GPIndividual@523169890{-932236616} 67990.0 8387.0 0.21563556793316094 0.0 5 44 21.0 0.0 90300.0 8387.0 0.6570883510194349 0.21563556793316094 0
3 10 21.0 0.0 0.6570883510194349 0
2 ec.gp.GPIndividual@1795573823{2009097738} 2 ec.gp.GPIndividual@790664680{-1388739972} 0.0 0.0 69146.0 8387.0 0.07809705496601883 12845.0 8387.0 0.27760095484384323 5 42 21.0 0.0 4 23 21.0 0.0 0.07809705496601883 0
2 ec.gp.GPIndividual@523169890{-932236616} 2 ec.gp.GPIndividual@235421829{-1482898111} 0.0 0.0 0.27760095484384323 0
90882.0 8387.0 0.7627932501028948 3 10 21.0 0.0 0.7627932501028948 0
67956.0 8387.0 0.06378919756766424 5 44 21.0 0.0 0.06378919756766424 0
2 ec.gp.GPIndividual@790664680{-1388739972} 0.0 2 ec.gp.GPIndividual@523169890{-932236616} 68678.0 10861.0 0.41185347784332554 0.0 5 42 21.0 0.0 90300.0 10861.0 0.7351993370776172 0.41185347784332554 0
3 10 21.0 0.0 0.7351993370776172 0
2 ec.gp.GPIndividual@1795573823{2009097738} 0.0 13094.0 8387.0 0.561225706450459 4 23 21.0 0.0 0.561225706450459 0
2 ec.gp.GPIndividual@523169890{-932236616} 2 ec.gp.GPIndividual@790664680{-1388739972} 0.0 0.0 2 ec.gp.GPIndividual@235421829{-1482898111} 90282.0 10861.0 0.6497549019607843 68091.0 10861.0 0.26461651781603907 0.0 3 10 21.0 0.0 5 42 21.0 0.0 0.6497549019607843 0
0.26461651781603907 0
67497.0 10861.0 0.4928659624091096 5 44 21.0 0.0 2 ec.gp.GPIndividual@523169890{-932236616} 0.4928659624091096 0
2 ec.gp.GPIndividual@1705066758{-567579727} 0.0 0.0 11666.0 12802.0 0.39096220341003934 5 26 21.0 0.0 90300.0 12802.0 0.7753476019371973 0.39096220341003934 0
3 10 21.0 0.0 2 ec.gp.GPIndividual@790664680{-1388739972} 0.7753476019371973 0
0.0 2 ec.gp.GPIndividual@235421829{-1482898111} 0.0 2 ec.gp.GPIndividual@1795573823{2009097738} 69146.0 10861.0 0.10808823529411765 0.0 66881.0 10861.0 0.3760243071540374 5 42 21.0 0.0 2 ec.gp.GPIndividual@523169890{-932236616} 5 44 21.0 0.0 0.10808823529411765 0
15817.0 10087.0 0.08499108245301139 4 23 21.0 0.0 0.08499108245301139 0
0.3760243071540374 0
0.0 90300.0 10087.0 0.7148805393080202 3 10 21.0 0.0 0.7148805393080202 0
2 ec.gp.GPIndividual@790664680{-1388739972} 0.0 68104.0 12802.0 0.37509764099359477 5 42 21.0 0.0 0.37509764099359477 0
2 ec.gp.GPIndividual@523169890{-932236616} 2 ec.gp.GPIndividual@235421829{-1482898111} 0.0 0.0 90282.0 8160.0 0.656366478297463 67952.0 8160.0 0.03823529411764706 3 10 21.0 0.0 5 44 21.0 0.0 0.03823529411764706 0
0.656366478297463 0
2 ec.gp.GPIndividual@1795573823{2009097738} 0.0 13072.0 10861.0 0.2035724150630697 4 23 21.0 0.0 0.2035724150630697 0
2 ec.gp.GPIndividual@235421829{-1482898111} 2 ec.gp.GPIndividual@790664680{-1388739972} 0.0 0.0 66915.0 12802.0 0.46797375410092173 68091.0 12802.0 0.2081887578070784 5 44 21.0 0.0 5 42 21.0 0.0 0.46797375410092173 0
0.2081887578070784 0
2 ec.gp.GPIndividual@235421829{-1482898111} 0.0 66881.0 10087.0 0.32814513730544265 5 44 21.0 0.0 0.32814513730544265 0
2 ec.gp.GPIndividual@1795573823{2009097738} 0.0 10860.0 8160.0 0.33088235294117646 4 23 21.0 0.0 2 ec.gp.GPIndividual@790664680{-1388739972} 0.33088235294117646 0
0.0 69146.0 8317.0 0.08717085487555609 5 42 21.0 0.0 0.08717085487555609 0
2 ec.gp.GPIndividual@235421829{-1482898111} 0.0 67952.0 8317.0 0.05639052542984249 5 44 21.0 0.0 0.05639052542984249 0
2 ec.gp.GPIndividual@1430477474{704694252} 0.0 92271.0 10054.0 0.5179033220608713 3 7 21.0 0.0 0.5179033220608713 0
2 ec.gp.GPIndividual@1430477474{704694252} 0.0 92271.0 8387.0 0.4220817932514606 3 7 21.0 0.0 0.4220817932514606 0
2 ec.gp.GPIndividual@1663397377{-1619137911} 0.0 12350.0 8387.0 0.47251699058066055 5 32 21.0 0.0 0.47251699058066055 0
2 ec.gp.GPIndividual@1795573823{2009097738} 0.0 15084.0 12802.0 0.1782533979065771 2 ec.gp.GPIndividual@1430477474{704694252} 4 23 21.0 0.0 0.0 0.1782533979065771 0
91806.0 12802.0 0.6994100699684456 3 7 21.0 0.0 0.6994100699684456 0
2 ec.gp.GPIndividual@1430477474{704694252} 0.0 91632.0 10861.0 0.6125586962526471 3 7 21.0 0.0 0.6125586962526471 0
2 ec.gp.GPIndividual@1430477474{704694252} 0.0 92271.0 8160.0 0.4060049019607843 3 7 21.0 0.0 0.4060049019607843 0
2 ec.gp.GPIndividual@1430477474{704694252} 0.0 91632.0 12802.0 0.6713013591626308 3 7 21.0 0.0 0.6713013591626308 0
2 ec.gp.GPIndividual@1795573823{2009097738} 0.0 12131.0 10087.0 0.20263705759888967 4 23 21.0 0.0 0.20263705759888967 0
2 ec.gp.GPIndividual@1430477474{704694252} 0.0 91632.0 10087.0 0.5828293843561019 3 7 21.0 0.0 0.5828293843561019 0
2 ec.gp.GPIndividual@1430477474{704694252} 0.0 92271.0 8317.0 0.41721774678369605 3 7 21.0 0.0 0.41721774678369605 0
2 ec.gp.GPIndividual@229862090{980212666} 0.0 105260.0 10054.0 0.8563755719116769 1 1 21.0 0.0 0.8563755719116769 0
2 ec.gp.GPIndividual@229862090{980212666} 0.0 105260.0 8387.0 0.8278287826397996 1 1 21.0 0.0 0.8278287826397996 0
2 ec.gp.GPIndividual@229862090{980212666} 2 ec.gp.GPIndividual@1795573823{2009097738} 0.0 0.0 105260.0 14578.0 0.9009466319110989 11065.0 14578.0 0.3304075988938319 1 1 21.0 0.0 4 23 21.0 0.0 0.9009466319110989 0
0.3304075988938319 0
2 ec.gp.GPIndividual@229862090{980212666} 0.0 105260.0 10861.0 0.8670472332197772 1 1 21.0 0.0 0.8670472332197772 0
2 ec.gp.GPIndividual@2122260720{980212666} 0.0 105260.0 10054.0 0.8563755719116769 1 1 21.0 0.0 2 ec.gp.GPIndividual@229862090{980212666} 0.8563755719116769 0
0.0 105260.0 8160.0 0.8230392156862745 1 1 21.0 0.0 0.8230392156862745 0
2 ec.gp.GPIndividual@2122260720{980212666} 0.0 105260.0 8387.0 0.8278287826397996 1 1 21.0 0.0 0.8278287826397996 0
2 ec.gp.GPIndividual@229862090{980212666} 0.0 105260.0 12802.0 0.8872051241993438 1 1 21.0 0.0 0.8872051241993438 0
2 ec.gp.GPIndividual@2122260720{980212666} 0.0 105260.0 14578.0 0.9009466319110989 1 1 21.0 0.0 0.9009466319110989 0
2 ec.gp.GPIndividual@229862090{980212666} 0.0 105260.0 10087.0 0.8568454446317042 1 1 21.0 0.0 0.8568454446317042 0
2 ec.gp.GPIndividual@2122260720{980212666} 0.0 105260.0 10861.0 0.8670472332197772 1 1 21.0 0.0 0.8670472332197772 0
2 ec.gp.GPIndividual@229862090{980212666} 0.0 105260.0 8317.0 0.8263797042202717 1 1 21.0 0.0 0.8263797042202717 0
2 ec.gp.GPIndividual@2122260720{980212666} 0.0 105260.0 8160.0 0.8230392156862745 1 1 21.0 0.0 0.8230392156862745 0
2 ec.gp.GPIndividual@716974048{246021259} 0.0 2 ec.gp.GPIndividual@2122260720{980212666} 97094.0 12802.0 0.5816590411776408 0.0 2 ec.gp.GPIndividual@1663397377{-1619137911} 105260.0 14578.0 0.8872051241993438 3 5 21.0 0.0 1 1 21.0 0.0 0.5816590411776408 0
0.8872051241993438 0
0.0 62584.0 8387.0 0.45506928248045 2 ec.gp.GPIndividual@716974048{246021259} 5 32 21.0 0.0 0.0 0.45506928248045 0
97094.0 10087.0 0.4985095981876714 3 5 21.0 0.0 0.4985095981876714 0
2 ec.gp.GPIndividual@2122260720{980212666} 0.0 105260.0 10087.0 0.8568454446317042 1 1 21.0 0.0 0.8568454446317042 0
2 ec.gp.GPIndividual@716974048{246021259} 0.0 97094.0 14578.0 0.7114830566607216 3 5 21.0 0.0 0.7114830566607216 0
2 ec.gp.GPIndividual@2122260720{980212666} 0.0 105260.0 8317.0 0.8263797042202717 1 1 21.0 0.0 0.8263797042202717 0
2 ec.gp.GPIndividual@716974048{246021259} 0.0 97094.0 10861.0 0.6127428413589909 3 5 21.0 0.0 0.6127428413589909 0
2 ec.gp.GPIndividual@716974048{246021259} 0.0 97094.0 8160.0 0.48455882352941176 3 5 21.0 0.0 0.48455882352941176 0
2 ec.gp.GPIndividual@1845121039{1859735945} 0.0 74156.0 10054.0 0.1458126118957629 5 39 21.0 0.0 0.1458126118957629 0
2 ec.gp.GPIndividual@716974048{246021259} 0.0 97094.0 12802.0 0.6714575847523825 3 5 21.0 0.0 0.6714575847523825 0
2 ec.gp.GPIndividual@716974048{246021259} 0.0 97094.0 8387.0 0.5830276593635372 2 ec.gp.GPIndividual@1845121039{1859735945} 3 5 21.0 0.0 0.0 0.5830276593635372 0
74156.0 8387.0 0.02396566114224395 5 39 21.0 0.0 0.02396566114224395 0
2 ec.gp.GPIndividual@716974048{246021259} 0.0 97094.0 8317.0 0.49428880605987735 3 5 21.0 0.0 0.49428880605987735 0
2 ec.gp.GPIndividual@26765450{1911471278} 0.0 99026.0 10054.0 0.9329620051720708 2 3 21.0 0.0 0.9329620051720708 0
2 ec.gp.GPIndividual@1845121039{1859735945} 0.0 73696.0 14578.0 0.44244752366579776 5 39 21.0 0.0 2 ec.gp.GPIndividual@26765450{1911471278} 0.44244752366579776 0
0.0 99026.0 8387.0 0.9196375342792417 2 3 21.0 0.0 0.9196375342792417 0
2 ec.gp.GPIndividual@26765450{1911471278} 0.0 99026.0 14578.0 0.9537659486898066 2 3 21.0 0.0 0.9537659486898066 0
2 ec.gp.GPIndividual@1663397377{-1619137911} 0.0 2 ec.gp.GPIndividual@1845121039{1859735945} 61494.0 10861.0 0.36893472055980114 0.0 2 ec.gp.GPIndividual@26765450{1911471278} 5 32 21.0 0.0 0.0 0.36893472055980114 0
73517.0 10861.0 0.2681152748365712 5 39 21.0 0.0 0.2681152748365712 0
99026.0 10861.0 0.9379430991621398 2 3 21.0 0.0 0.9379430991621398 0
2 ec.gp.GPIndividual@26765450{1911471278} 0.0 99026.0 8160.0 0.9174019607843137 2 3 21.0 0.0 0.9174019607843137 0
2 ec.gp.GPIndividual@1845121039{1859735945} 0.0 74156.0 8160.0 0.052450980392156864 5 39 21.0 0.0 0.052450980392156864 0
2 ec.gp.GPIndividual@26765450{1911471278} 0.0 99026.0 12802.0 0.9473519762537104 2 3 21.0 0.0 0.9473519762537104 0
2 ec.gp.GPIndividual@26765450{1911471278} 0.0 99026.0 10087.0 0.9331813224942996 2 3 21.0 0.0 0.9331813224942996 0
2 ec.gp.GPIndividual@1845121039{1859735945} 0.0 73522.0 12802.0 0.3786908295578816 5 39 21.0 0.0 0.3786908295578816 0
2 ec.gp.GPIndividual@26765450{1911471278} 0.0 99026.0 8317.0 0.9189611638812072 2 3 21.0 0.0 0.9189611638812072 0
2 ec.gp.GPIndividual@1845121039{1859735945} 0.0 73517.0 10087.0 0.21195598294834936 5 39 21.0 0.0 0.21195598294834936 0
2 ec.gp.GPIndividual@1845121039{1859735945} 0.0 74156.0 8317.0 0.03258386437417338 5 39 21.0 0.0 0.03258386437417338 0
2 ec.gp.GPIndividual@1269829334{-1136023621} 0.0 85744.0 10054.0 0.6236323851203501 5 17 21.0 0.0 0.6236323851203501 0
2 ec.gp.GPIndividual@1269829334{-1136023621} 0.0 86095.0 14578.0 0.5069750804816978 2 ec.gp.GPIndividual@1705066758{-567579727} 5 17 21.0 0.0 0.0 0.5069750804816978 0
16853.0 14578.0 0.15605707230072713 5 26 21.0 0.0 0.15605707230072713 0
2 ec.gp.GPIndividual@1269829334{-1136023621} 0.0 86084.0 14578.0 0.7171079709150775 5 17 21.0 0.0 0.7171079709150775 0
2 ec.gp.GPIndividual@1269829334{-1136023621} 0.0 85744.0 10861.0 0.6515974587975325 5 17 21.0 0.0 0.6515974587975325 0
2 ec.gp.GPIndividual@1269829334{-1136023621} 0.0 86095.0 8160.0 0.49325980392156865 5 17 21.0 0.0 0.49325980392156865 0
2 ec.gp.GPIndividual@1269829334{-1136023621} 0.0 86084.0 12802.0 0.677862833932198 5 17 21.0 0.0 0.677862833932198 0
2 ec.gp.GPIndividual@1269829334{-1136023621} 0.0 85744.0 10087.0 0.6248636859323882 5 17 21.0 0.0 0.6248636859323882 0
2 ec.gp.GPIndividual@1269829334{-1136023621} 0.0 86095.0 8317.0 0.502825538054587 5 17 21.0 0.0 0.502825538054587 0
2 ec.gp.GPIndividual@1063636225{-318099242} 0.0 28737.0 10054.0 0.2278695046747563 5 32 21.0 0.0 0.2278695046747563 0
2 ec.gp.GPIndividual@1705066758{-567579727} 0.0 2 ec.gp.GPIndividual@1663397377{-1619137911} 0.0 14071.0 8160.0 0.29555289568179727 5 26 21.0 0.0 12563.0 8160.0 0.5395833333333333 0.29555289568179727 0
5 32 21.0 0.0 0.5395833333333333 0
2 ec.gp.GPIndividual@1663397377{-1619137911} 0.0 61954.0 12802.0 0.428683018278394 5 32 21.0 0.0 0.428683018278394 0
2 ec.gp.GPIndividual@1663397377{-1619137911} 0.0 61494.0 10087.0 0.3205115495191831 5 32 21.0 0.0 0.3205115495191831 0
2 ec.gp.GPIndividual@1705066758{-567579727} 0.0 2 ec.gp.GPIndividual@1063636225{-318099242} 10687.0 8387.0 0.3096813725490196 0.0 5 26 21.0 0.0 0.3096813725490196 0
14495.0 8387.0 0.7282699415762489 5 32 21.0 0.0 0.7282699415762489 0
2 ec.gp.GPIndividual@380823968{-756851376} 2.0 18390.0 10054.0 0.8291227372190173 5 27 21.0 0.0 0.8291227372190173 0
2 ec.gp.GPIndividual@1063636225{-318099242} 0.0 58346.0 14578.0 0.3709699547262999 5 32 21.0 0.0 0.3709699547262999 0
2 ec.gp.GPIndividual@1663397377{-1619137911} 0.0 12681.0 8317.0 0.524708428519899 5 32 21.0 0.0 0.524708428519899 0
2 ec.gp.GPIndividual@1063636225{-318099242} 0.0 57228.0 10861.0 0.25863180185986556 5 32 21.0 0.0 0.25863180185986556 0
2 ec.gp.GPIndividual@1175838566{1800767570} 0.0 68441.0 10054.0 0.1707777998806445 5 43 21.0 0.0 0.1707777998806445 0
2 ec.gp.GPIndividual@1175838566{1800767570} 0.0 68407.0 8387.0 0.010015500178848218 5 43 21.0 0.0 0.010015500178848218 0
2 ec.gp.GPIndividual@1175838566{1800767570} 0.0 68360.0 14578.0 0.43366716970777885 5 43 21.0 0.0 0.43366716970777885 0
2 ec.gp.GPIndividual@1705066758{-567579727} 0.0 14505.0 12802.0 0.13302608967348853 5 26 21.0 0.0 0.13302608967348853 0
2 ec.gp.GPIndividual@1175838566{1800767570} 0.0 67710.0 10861.0 0.29969616057453274 5 43 21.0 0.0 0.29969616057453274 0
2 ec.gp.GPIndividual@1175838566{1800767570} 0.0 68708.0 8160.0 0.054411764705882354 5 43 21.0 0.0 0.054411764705882354 0
2 ec.gp.GPIndividual@1175838566{1800767570} 0.0 67425.0 12802.0 0.4281362287142634 5 43 21.0 0.0 0.4281362287142634 0
2 ec.gp.GPIndividual@1175838566{1800767570} 0.0 67710.0 10087.0 0.2459601467235055 5 43 21.0 0.0 0.2459601467235055 0
2 ec.gp.GPIndividual@1175838566{1800767570} 0.0 68696.0 8317.0 0.033064807021762656 5 43 21.0 0.0 0.033064807021762656 0
2 ec.gp.GPIndividual@816812226{-1201235205} 0.0 61933.0 10054.0 0.27461706783369805 5 29 21.0 0.0 0.27461706783369805 0
2 ec.gp.GPIndividual@1705066758{-567579727} 0.0 11719.0 10087.0 0.16179240606721523 5 26 21.0 0.0 0.16179240606721523 0
2 ec.gp.GPIndividual@1063636225{-318099242} 0.0 13195.0 8160.0 0.6170343137254902 5 32 21.0 0.0 0.6170343137254902 0
2 ec.gp.GPIndividual@816812226{-1201235205} 0.0 12350.0 8387.0 0.47251699058066055 5 29 21.0 0.0 0.47251699058066055 0
2 ec.gp.GPIndividual@1705066758{-567579727} 0.0 11722.0 8317.0 0.4094024287603703 5 26 21.0 0.0 0.4094024287603703 0
2 ec.gp.GPIndividual@1291438646{339494720} 0.0 14126.0 10054.0 0.405012930177044 5 40 21.0 0.0 0.405012930177044 0
2 ec.gp.GPIndividual@1291438646{339494720} 0.0 14108.0 8387.0 0.6821271014665554 5 40 21.0 0.0 0.6821271014665554 0
2 ec.gp.GPIndividual@816812226{-1201235205} 0.0 62584.0 14578.0 0.45506928248045 5 29 21.0 0.0 0.45506928248045 0
2 ec.gp.GPIndividual@1291438646{339494720} 0.0 15775.0 14578.0 0.08211002881053643 5 40 21.0 0.0 0.08211002881053643 0
2 ec.gp.GPIndividual@380823968{-756851376} 1.0 18390.0 8387.0 1.1926791462978419 5 27 21.0 0.0 1.1926791462978419 0
2 ec.gp.GPIndividual@1291438646{339494720} 0.0 13562.0 10861.0 0.24868796611730043 5 40 21.0 0.0 0.24868796611730043 0
2 ec.gp.GPIndividual@1291438646{339494720} 0.0 13979.0 8160.0 0.7131127450980392 5 40 21.0 0.0 0.7131127450980392 0
2 ec.gp.GPIndividual@1291438646{339494720} 0.0 14590.0 12802.0 0.13966567723793158 5 40 21.0 0.0 0.13966567723793158 0
2 ec.gp.GPIndividual@816812226{-1201235205} 0.0 61494.0 10861.0 0.36893472055980114 5 29 21.0 0.0 0.36893472055980114 0
2 ec.gp.GPIndividual@1291438646{339494720} 0.0 13562.0 10087.0 0.34450282541885596 5 40 21.0 0.0 0.34450282541885596 0
2 ec.gp.GPIndividual@1291438646{339494720} 0.0 13979.0 8317.0 0.6807743176626188 5 40 21.0 0.0 0.6807743176626188 0
2 ec.gp.GPIndividual@1063636225{-318099242} 0.0 28830.0 12802.0 0.02843305733479144 5 32 21.0 0.0 0.02843305733479144 0
2 ec.gp.GPIndividual@1063636225{-318099242} 0.0 57228.0 10087.0 0.20174482006543076 5 32 21.0 0.0 0.20174482006543076 0
2 ec.gp.GPIndividual@816812226{-1201235205} 0.0 12563.0 8160.0 0.5395833333333333 5 29 21.0 0.0 0.5395833333333333 0
2 ec.gp.GPIndividual@550099744{-332293942} 0.0 16176.0 10054.0 0.6089118758703004 5 35 21.0 0.0 0.6089118758703004 0
2 ec.gp.GPIndividual@816812226{-1201235205} 0.0 61954.0 12802.0 0.428683018278394 5 29 21.0 0.0 0.428683018278394 0
2 ec.gp.GPIndividual@816812226{-1201235205} 0.0 61494.0 10087.0 0.3205115495191831 5 29 21.0 0.0 0.3205115495191831 0
2 ec.gp.GPIndividual@1063636225{-318099242} 0.0 13311.0 8317.0 0.6004568955152099 5 32 21.0 0.0 0.6004568955152099 0
2 ec.gp.GPIndividual@550099744{-332293942} 0.0 16482.0 8387.0 0.9651842136640039 2 ec.gp.GPIndividual@1410430204{-1093583190} 5 35 21.0 0.0 0.0 0.9651842136640039 0
12674.0 10054.0 0.2605927988860155 3 7 21.0 0.0 0.2605927988860155 0
2 ec.gp.GPIndividual@1410430204{-1093583190} 0.0 12661.0 8387.0 0.5095981876713962 3 7 21.0 0.0 0.5095981876713962 0
2 ec.gp.GPIndividual@1410430204{-1093583190} 0.0 15644.0 14578.0 0.07312388530662642 3 7 21.0 0.0 0.07312388530662642 0
2 ec.gp.GPIndividual@1410430204{-1093583190} 0.0 12894.0 10861.0 0.1871835005984716 3 7 21.0 0.0 0.1871835005984716 0
2 ec.gp.GPIndividual@1410430204{-1093583190} 0.0 12665.0 8160.0 0.5520833333333334 3 7 21.0 0.0 0.5520833333333334 0
2 ec.gp.GPIndividual@1410430204{-1093583190} 0.0 13918.0 12802.0 0.08717387908139353 3 7 21.0 0.0 0.08717387908139353 0
2 ec.gp.GPIndividual@816812226{-1201235205} 0.0 12681.0 8317.0 0.524708428519899 5 29 21.0 0.0 0.524708428519899 0
2 ec.gp.GPIndividual@2064004595{1473801438} 0.0 104262.0 10054.0 0.9556395464491745 1 1 21.0 0.0 0.9556395464491745 0
2 ec.gp.GPIndividual@2064004595{1473801438} 0.0 104262.0 8387.0 0.9468224633361154 1 1 21.0 0.0 0.9468224633361154 0
2 ec.gp.GPIndividual@2064004595{1473801438} 0.0 104262.0 14578.0 0.9694059541775277 1 1 21.0 0.0 0.9694059541775277 0
2 ec.gp.GPIndividual@2064004595{1473801438} 2 ec.gp.GPIndividual@1410430204{-1093583190} 0.0 0.0 104262.0 10087.0 0.9589356412853328 12674.0 10087.0 0.2564687221175771 1 1 21.0 0.0 3 7 21.0 0.0 0.9589356412853328 0
0.2564687221175771 0
2 ec.gp.GPIndividual@380823968{-756851376} 1.0 2 ec.gp.GPIndividual@2064004595{1473801438} 18619.0 14578.0 0.2771985183152696 0.0 5 27 21.0 0.0 104262.0 14578.0 0.9453431372549019 0.2771985183152696 0
1 1 21.0 0.0 0.9453431372549019 0
2 ec.gp.GPIndividual@2064004595{1473801438} 0.0 104262.0 12802.0 0.9651616934853929 1 1 21.0 0.0 0.9651616934853929 0
2 ec.gp.GPIndividual@2064004595{1473801438} 0.0 104262.0 10087.0 0.9557846733419253 1 1 21.0 0.0 0.9557846733419253 0
2 ec.gp.GPIndividual@2064004595{1473801438} 0.0 104262.0 8317.0 0.9463748947937959 1 1 21.0 0.0 0.9463748947937959 0
2 ec.gp.GPIndividual@1410430204{-1093583190} 0.0 12672.0 8317.0 0.5236263075628231 3 7 21.0 0.0 0.5236263075628231 0
2 ec.gp.GPIndividual@550099744{-332293942} 0.0 17528.0 14578.0 0.20235972012621758 5 35 21.0 0.0 0.20235972012621758 0
2 ec.gp.GPIndividual@550099744{-332293942} 0.0 16306.0 10861.0 0.5013350520209925 5 35 21.0 0.0 0.5013350520209925 0
2 ec.gp.GPIndividual@550099744{-332293942} 0.0 16184.0 8160.0 0.9833333333333333 5 35 21.0 0.0 0.9833333333333333 0
2 ec.gp.GPIndividual@380823968{-756851376} 1.0 18390.0 10861.0 0.6932142528312311 5 27 21.0 0.0 0.6932142528312311 0
2 ec.gp.GPIndividual@550099744{-332293942} 0.0 15490.0 12802.0 0.20996719262615215 5 35 21.0 0.0 0.20996719262615215 0
2 ec.gp.GPIndividual@550099744{-332293942} 0.0 16421.0 10087.0 0.6279369485476356 5 35 21.0 0.0 0.6279369485476356 0
2 ec.gp.GPIndividual@550099744{-332293942} 0.0 16481.0 8317.0 0.9816039437297103 5 35 21.0 0.0 0.9816039437297103 0
2 ec.gp.GPIndividual@1662354912{1363783629} 0.0 68441.0 10054.0 0.1707777998806445 5 45 21.0 0.0 0.1707777998806445 0
2 ec.gp.GPIndividual@1662354912{1363783629} 0.0 68407.0 8387.0 0.010015500178848218 5 45 21.0 0.0 0.010015500178848218 0
2 ec.gp.GPIndividual@1662354912{1363783629} 0.0 68360.0 14578.0 0.43366716970777885 5 45 21.0 0.0 0.43366716970777885 0
2 ec.gp.GPIndividual@1662354912{1363783629} 0.0 67710.0 10861.0 0.29969616057453274 5 45 21.0 0.0 0.29969616057453274 0
2 ec.gp.GPIndividual@1662354912{1363783629} 0.0 68708.0 8160.0 0.054411764705882354 5 45 21.0 0.0 0.054411764705882354 0
2 ec.gp.GPIndividual@1662354912{1363783629} 0.0 67425.0 12802.0 0.4281362287142634 5 45 21.0 0.0 0.4281362287142634 0
2 ec.gp.GPIndividual@1662354912{1363783629} 0.0 67710.0 10087.0 0.2459601467235055 5 45 21.0 0.0 0.2459601467235055 0
2 ec.gp.GPIndividual@1662354912{1363783629} 0.0 68696.0 8317.0 0.033064807021762656 5 45 21.0 0.0 0.033064807021762656 0
2 ec.gp.GPIndividual@380823968{-756851376} 1.0 18390.0 8160.0 1.2536764705882353 5 27 21.0 0.0 1.2536764705882353 0
2 ec.gp.GPIndividual@206782965{2016455865} 0.0 12904.0 10054.0 0.2834692659637955 5 29 21.0 0.0 0.2834692659637955 0
2 ec.gp.GPIndividual@206782965{2016455865} 0.0 14668.0 8387.0 0.7488971026588769 5 29 21.0 0.0 0.7488971026588769 0
2 ec.gp.GPIndividual@206782965{2016455865} 0.0 16321.0 14578.0 0.11956372616271094 5 29 21.0 0.0 0.11956372616271094 0
2 ec.gp.GPIndividual@380823968{-756851376} 1.0 18424.0 12802.0 0.4391501327917513 5 27 21.0 0.0 0.4391501327917513 0
2 ec.gp.GPIndividual@206782965{2016455865} 0.0 12865.0 10861.0 0.18451339655648652 5 29 21.0 0.0 0.18451339655648652 0
2 ec.gp.GPIndividual@206782965{2016455865} 0.0 14902.0 8160.0 0.8262254901960784 5 29 21.0 0.0 0.8262254901960784 0
2 ec.gp.GPIndividual@206782965{2016455865} 0.0 15058.0 12802.0 0.17622246523980628 5 29 21.0 0.0 0.17622246523980628 0
2 ec.gp.GPIndividual@380823968{-756851376} 1.0 18390.0 10087.0 0.823138693367701 5 27 21.0 0.0 0.823138693367701 0
2 ec.gp.GPIndividual@206782965{2016455865} 0.0 12629.0 10087.0 0.25200753445028257 5 29 21.0 0.0 0.25200753445028257 0
2 ec.gp.GPIndividual@206782965{2016455865} 0.0 14056.0 8317.0 0.6900324636287123 5 29 21.0 0.0 0.6900324636287123 0
2 ec.gp.GPIndividual@251236915{1473801438} 0.0 104262.0 10054.0 0.9556395464491745 1 1 21.0 0.0 0.9556395464491745 0
2 ec.gp.GPIndividual@251236915{1473801438} 0.0 104262.0 8387.0 0.9468224633361154 1 1 21.0 0.0 0.9468224633361154 0
2 ec.gp.GPIndividual@251236915{1473801438} 0.0 104262.0 14578.0 0.9694059541775277 1 1 21.0 0.0 0.9694059541775277 0
2 ec.gp.GPIndividual@251236915{1473801438} 0.0 104262.0 10861.0 0.9589356412853328 1 1 21.0 0.0 0.9589356412853328 0
2 ec.gp.GPIndividual@251236915{1473801438} 0.0 104262.0 8160.0 0.9453431372549019 1 1 21.0 0.0 0.9453431372549019 0
2 ec.gp.GPIndividual@251236915{1473801438} 0.0 104262.0 12802.0 0.9651616934853929 1 1 21.0 0.0 0.9651616934853929 0
2 ec.gp.GPIndividual@251236915{1473801438} 0.0 104262.0 10087.0 0.9557846733419253 1 1 21.0 0.0 0.9557846733419253 0
2 ec.gp.GPIndividual@251236915{1473801438} 0.0 104262.0 8317.0 0.9463748947937959 1 1 21.0 0.0 0.9463748947937959 0
2 ec.gp.GPIndividual@1619482647{-1414373051} 0.0 12879.0 10054.0 0.28098269345534116 3 11 21.0 0.0 0.28098269345534116 0
2 ec.gp.GPIndividual@1619482647{-1414373051} 0.0 12887.0 8387.0 0.5365446524382974 3 11 21.0 0.0 0.5365446524382974 0
2 ec.gp.GPIndividual@1619482647{-1414373051} 0.0 16338.0 14578.0 0.12072986692276032 3 11 21.0 0.0 0.12072986692276032 0
2 ec.gp.GPIndividual@1619482647{-1414373051} 0.0 14127.0 10861.0 0.30070895865942365 3 11 21.0 0.0 0.30070895865942365 0
2 ec.gp.GPIndividual@1619482647{-1414373051} 0.0 11379.0 8160.0 0.39448529411764705 3 11 21.0 0.0 0.39448529411764705 0
2 ec.gp.GPIndividual@1619482647{-1414373051} 0.0 15065.0 12802.0 0.17676925480393688 3 11 21.0 0.0 0.17676925480393688 0
2 ec.gp.GPIndividual@1619482647{-1414373051} 0.0 13170.0 10087.0 0.30564092396153464 3 11 21.0 0.0 0.30564092396153464 0
2 ec.gp.GPIndividual@1619482647{-1414373051} 0.0 11786.0 8317.0 0.4170975111217987 3 11 21.0 0.0 0.4170975111217987 0
2 ec.gp.GPIndividual@804449122{-1989866844} 0.0 12144.0 10054.0 0.20787746170678337 4 22 21.0 0.0 0.20787746170678337 0
2 ec.gp.GPIndividual@380823968{-756851376} 1.0 18390.0 8317.0 1.2111338222916916 5 27 21.0 0.0 1.2111338222916916 0
2 ec.gp.GPIndividual@804449122{-1989866844} 0.0 11666.0 8387.0 0.39096220341003934 4 22 21.0 0.0 0.39096220341003934 0
2 ec.gp.GPIndividual@804449122{-1989866844} 1.0 16853.0 14578.0 0.15605707230072713 4 22 21.0 0.0 0.15605707230072713 0
2 ec.gp.GPIndividual@804449122{-1989866844} 0.0 14071.0 10861.0 0.29555289568179727 4 22 21.0 0.0 0.29555289568179727 0
2 ec.gp.GPIndividual@804449122{-1989866844} 0.0 10687.0 8160.0 0.3096813725490196 4 22 21.0 0.0 0.3096813725490196 0
2 ec.gp.GPIndividual@804449122{-1989866844} 0.0 14505.0 12802.0 0.13302608967348853 4 22 21.0 0.0 0.13302608967348853 0
2 ec.gp.GPIndividual@804449122{-1989866844} 0.0 11719.0 10087.0 0.16179240606721523 4 22 21.0 0.0 0.16179240606721523 0
2 ec.gp.GPIndividual@804449122{-1989866844} 0.0 11722.0 8317.0 0.4094024287603703 4 22 21.0 0.0 0.4094024287603703 0
3 ec.gp.GPIndividual@171005682{513151867} 0.0 63788.0 10054.0 0.09011338770638552 5 45 21.0 0.0 0.09011338770638552 0
3 ec.gp.GPIndividual@1312928849{-650166858} 3 ec.gp.GPIndividual@305066031{837545861} 0.0 0.0 73149.0 10054.0 0.24597175253630396 69180.0 10054.0 0.09727471653073404 5 39 21.0 0.0 5 42 21.0 0.0 0.24597175253630396 0
3 ec.gp.GPIndividual@171005682{513151867} 0.0 63788.0 8387.0 0.0907356623345654 3 ec.gp.GPIndividual@865798644{625824572} 5 45 21.0 0.0 0.0 0.0907356623345654 0
0.09727471653073404 0
74802.0 8387.0 0.08155957827730256 5 27 21.0 0.0 0.08155957827730256 0
3 ec.gp.GPIndividual@305066031{837545861} 0.0 3 ec.gp.GPIndividual@171005682{513151867} 73127.0 8387.0 0.09872421604864672 0.0 5 39 21.0 0.0 63873.0 8387.0 0.36664837426258745 0.09872421604864672 0
3 ec.gp.GPIndividual@1312928849{-650166858} 0.0 69146.0 8387.0 0.07809705496601883 5 42 21.0 0.0 5 45 21.0 0.0 0.07809705496601883 0
3 ec.gp.GPIndividual@865798644{625824572} 0.0 74792.0 8387.0 0.09979730535352331 5 27 21.0 0.0 0.09979730535352331 0
0.36664837426258745 0
3 ec.gp.GPIndividual@1312928849{-650166858} 0.0 68678.0 14578.0 0.41185347784332554 5 42 21.0 0.0 0.41185347784332554 0
3 ec.gp.GPIndividual@959994752{1449061510} 0.0 3 ec.gp.GPIndividual@2080026380{1829804760} 61432.0 10054.0 0.32444798090312316 3 ec.gp.GPIndividual@305066031{837545861} 0.0 0.0 72064.0 14578.0 0.5543970366305392 5 29 21.0 0.0 5 39 21.0 0.0 0.32444798090312316 0
3 ec.gp.GPIndividual@1312928849{-650166858} 3 ec.gp.GPIndividual@171005682{513151867} 0.0 0.0 63788.0 10861.0 0.15772028358346377 61933.0 14578.0 0.27461706783369805 68091.0 10861.0 0.26461651781603907 5 45 21.0 0.0 0.15772028358346377 0
0.5543970366305392 0
5 35 21.0 0.0 0.27461706783369805 0
3 ec.gp.GPIndividual@865798644{625824572} 0.0 5 42 21.0 0.0 73840.0 14578.0 0.43256962546302646 3 ec.gp.GPIndividual@171005682{513151867} 0.26461651781603907 0
5 27 21.0 0.0 0.43256962546302646 0
0.0 3 ec.gp.GPIndividual@305066031{837545861} 0.0 63788.0 10861.0 0.12107843137254902 72365.0 10861.0 0.37418285609059937 5 45 21.0 0.0 5 39 21.0 0.0 0.37418285609059937 0
0.12107843137254902 0
3 ec.gp.GPIndividual@1312928849{-650166858} 0.0 69146.0 8160.0 0.10808823529411765 5 42 21.0 0.0 0.10808823529411765 0
3 ec.gp.GPIndividual@865798644{625824572} 0.0 74385.0 10861.0 0.1881962986833625 5 27 21.0 0.0 0.1881962986833625 0
3 ec.gp.GPIndividual@171005682{513151867} 0.0 63822.0 12802.0 0.2827683174503984 5 45 21.0 0.0 0.2827683174503984 0
3 ec.gp.GPIndividual@305066031{837545861} 0.0 73127.0 8160.0 0.07365196078431373 5 39 21.0 0.0 0.07365196078431373 0
3 ec.gp.GPIndividual@1312928849{-650166858} 0.0 68104.0 8160.0 0.37509764099359477 5 42 21.0 0.0 0.37509764099359477 0
3 ec.gp.GPIndividual@171005682{513151867} 0.0 63788.0 10087.0 0.09309011599087935 5 45 21.0 0.0 0.09309011599087935 0
3 ec.gp.GPIndividual@865798644{625824572} 0.0 74792.0 8160.0 0.1303921568627451 5 27 21.0 0.0 0.1303921568627451 0
3 ec.gp.GPIndividual@1312928849{-650166858} 0.0 68091.0 12802.0 0.2081887578070784 3 ec.gp.GPIndividual@305066031{837545861} 5 42 21.0 0.0 0.0 0.2081887578070784 0
3 ec.gp.GPIndividual@171005682{513151867} 0.0 63788.0 8317.0 0.09991583503667188 71857.0 12802.0 0.5087486330260896 5 45 21.0 0.0 0.09991583503667188 0
5 39 21.0 0.0 0.5087486330260896 0
3 ec.gp.GPIndividual@1312928849{-650166858} 0.0 69146.0 8317.0 0.08717085487555609 5 42 21.0 0.0 0.08717085487555609 0
3 ec.gp.GPIndividual@865798644{625824572} 0.0 73443.0 12802.0 0.38486174035306986 5 27 21.0 0.0 0.38486174035306986 0
3 ec.gp.GPIndividual@2119645404{230209556} 0.0 89412.0 10054.0 0.8022677541277103 5 35 21.0 0.0 0.8022677541277103 0
3 ec.gp.GPIndividual@305066031{837545861} 0.0 72427.0 10087.0 0.32001586200059484 5 39 21.0 0.0 0.32001586200059484 0
3 ec.gp.GPIndividual@2119645404{230209556} 0.0 89412.0 8387.0 0.7629664957672588 5 35 21.0 0.0 0.7629664957672588 0
3 ec.gp.GPIndividual@865798644{625824572} 3 ec.gp.GPIndividual@1488085609{-26601438} 0.0 0.0 74447.0 10054.0 0.11975810449092891 12904.0 10054.0 0.2834692659637955 5 27 21.0 0.0 5 27 21.0 0.0 0.11975810449092891 0
0.2834692659637955 0
3 ec.gp.GPIndividual@305066031{837545861} 0.0 73127.0 8317.0 0.0911386317181676 5 39 21.0 0.0 0.0911386317181676 0
3 ec.gp.GPIndividual@2119645404{230209556} 0.0 89764.0 14578.0 0.8394841542049664 5 35 21.0 0.0 0.8394841542049664 0
3 ec.gp.GPIndividual@865798644{625824572} 0.0 74792.0 8317.0 0.1090537453408681 5 27 21.0 0.0 0.1090537453408681 0
3 ec.gp.GPIndividual@1488085609{-26601438} 3 ec.gp.GPIndividual@366033466{-1824720014} 3 ec.gp.GPIndividual@2119645404{230209556} 0.0 0.0 3 ec.gp.GPIndividual@1537023502{473318906} 0.0 82837.0 10054.0 0.36930574895563956 0.0 89544.0 10054.0 0.8048061872755732 5 23 21.0 0.0 109280.0 10054.0 1.0 5 35 21.0 0.0 14668.0 10054.0 0.7488971026588769 1 1 21.0 0.0 5 27 21.0 0.0 1.0 0
0.8048061872755732 0
0.36930574895563956 0
3 ec.gp.GPIndividual@1537023502{473318906} 0.0 109280.0 8387.0 1.0 0.7488971026588769 0
1 1 21.0 0.0 1.0 0
3 ec.gp.GPIndividual@2119645404{230209556} 3 ec.gp.GPIndividual@1537023502{473318906} 0.0 0.0 109280.0 14578.0 1.0 89412.0 14578.0 0.7563725490196078 1 1 21.0 0.0 5 35 21.0 0.0 1.0 0
0.7563725490196078 0
3 ec.gp.GPIndividual@366033466{-1824720014} 0.0 82827.0 8387.0 0.24514129009180874 3 ec.gp.GPIndividual@1537023502{473318906} 5 23 21.0 0.0 0.0 0.24514129009180874 0
109280.0 8387.0 1.0 1 1 21.0 0.0 1.0 0
3 ec.gp.GPIndividual@1537023502{473318906} 0.0 109280.0 8160.0 1.0 1 1 21.0 0.0 1.0 0
3 ec.gp.GPIndividual@1537023502{473318906} 0.0 109280.0 12802.0 1.0 1 1 21.0 0.0 1.0 0
3 ec.gp.GPIndividual@2119645404{230209556} 0.0 89544.0 12802.0 0.8344008748633026 5 35 21.0 0.0 3 ec.gp.GPIndividual@1537023502{473318906} 0.8344008748633026 0
0.0 109280.0 10087.0 1.0 1 1 21.0 0.0 1.0 0
3 ec.gp.GPIndividual@1488085609{-26601438} 3 ec.gp.GPIndividual@1537023502{473318906} 0.0 0.0 109280.0 8317.0 1.0 16321.0 8317.0 0.11956372616271094 1 1 21.0 0.0 3 ec.gp.GPIndividual@366033466{-1824720014} 5 27 21.0 0.0 1.0 0
3 ec.gp.GPIndividual@2119645404{230209556} 0.0 89492.0 10087.0 0.7949836423118866 0.0 5 35 21.0 0.0 81667.0 10087.0 0.6452874193990945 5 23 21.0 0.0 0.7949836423118866 0
0.11956372616271094 0
0.6452874193990945 0
3 ec.gp.GPIndividual@402177087{-1155788069} 0.0 90300.0 10054.0 0.7139446986274119 5 26 21.0 0.0 0.7139446986274119 0
3 ec.gp.GPIndividual@2119645404{230209556} 0.0 89412.0 8317.0 0.7609715041481303 5 35 21.0 0.0 0.7609715041481303 0
3 ec.gp.GPIndividual@366033466{-1824720014} 0.0 82002.0 10861.0 0.4930485222355216 5 23 21.0 0.0 0.4930485222355216 0
3 ec.gp.GPIndividual@1488085609{-26601438} 3 ec.gp.GPIndividual@370305684{171961248} 0.0 0.0 12865.0 10054.0 0.18451339655648652 72047.0 10054.0 0.35557986870897157 5 37 21.0 0.0 5 27 21.0 0.0 0.35557986870897157 0
3 ec.gp.GPIndividual@402177087{-1155788069} 0.0 0.18451339655648652 0
90300.0 8387.0 0.6570883510194349 5 26 21.0 0.0 3 ec.gp.GPIndividual@370305684{171961248} 0.6570883510194349 0
0.0 72047.0 8387.0 0.22749493263383808 5 37 21.0 0.0 0.22749493263383808 0
3 ec.gp.GPIndividual@366033466{-1824720014} 0.0 82827.0 8160.0 0.2241421568627451 5 23 21.0 0.0 0.2241421568627451 0
3 ec.gp.GPIndividual@370305684{171961248} 0.0 72387.0 14578.0 0.5322403621896008 5 37 21.0 0.0 0.5322403621896008 0
3 ec.gp.GPIndividual@959994752{1449061510} 3 ec.gp.GPIndividual@1488085609{-26601438} 0.0 0.0 12350.0 8387.0 0.47251699058066055 14902.0 8387.0 0.8262254901960784 5 29 21.0 0.0 5 27 21.0 0.0 3 ec.gp.GPIndividual@402177087{-1155788069} 0.8262254901960784 0
3 ec.gp.GPIndividual@370305684{171961248} 0.0 0.0 3 ec.gp.GPIndividual@366033466{-1824720014} 90882.0 12802.0 0.7627932501028948 0.47251699058066055 0
72047.0 12802.0 0.4034619279992634 5 37 21.0 0.0 0.4034619279992634 0
5 26 21.0 0.0 0.7627932501028948 0
0.0 81460.0 12802.0 0.6122480862365255 5 23 21.0 0.0 0.6122480862365255 0
3 ec.gp.GPIndividual@370305684{171961248} 0.0 72047.0 8160.0 0.2060049019607843 3 ec.gp.GPIndividual@2080026380{1829804760} 5 37 21.0 0.0 0.0 0.2060049019607843 0
3 ec.gp.GPIndividual@1488085609{-26601438} 0.0 15058.0 12802.0 0.17622246523980628 12647.0 8160.0 0.5079289376415882 5 27 21.0 0.0 5 35 21.0 0.0 0.17622246523980628 0
0.5079289376415882 0
3 ec.gp.GPIndividual@402177087{-1155788069} 0.0 90300.0 10861.0 0.7351993370776172 5 26 21.0 0.0 0.7351993370776172 0
3 ec.gp.GPIndividual@370305684{171961248} 0.0 72354.0 12802.0 0.46992657397281673 5 37 21.0 0.0 0.46992657397281673 0
3 ec.gp.GPIndividual@366033466{-1824720014} 0.0 82064.0 10087.0 0.44800237930008924 5 23 21.0 0.0 0.44800237930008924 0
3 ec.gp.GPIndividual@370305684{171961248} 0.0 72047.0 10087.0 0.35768811341330425 5 37 21.0 0.0 0.35768811341330425 0
3 ec.gp.GPIndividual@1488085609{-26601438} 3 ec.gp.GPIndividual@959994752{1449061510} 3 ec.gp.GPIndividual@402177087{-1155788069} 0.0 0.0 0.0 12629.0 8160.0 0.25200753445028257 5 27 21.0 0.0 90267.0 8160.0 0.651593137254902 65924.0 8160.0 0.6007682809713266 0.25200753445028257 0
3 ec.gp.GPIndividual@370305684{171961248} 0.0 72047.0 8317.0 0.22099314656727184 5 37 21.0 0.0 5 29 21.0 0.0 0.22099314656727184 0
3 ec.gp.GPIndividual@366033466{-1824720014} 5 26 21.0 0.0 0.0 0.651593137254902 0
0.6007682809713266 0
82827.0 8317.0 0.23878802452807502 5 23 21.0 0.0 0.23878802452807502 0
3 ec.gp.GPIndividual@401374751{2098883642} 0.0 68441.0 10054.0 0.1707777998806445 5 41 21.0 0.0 0.1707777998806445 0
3 ec.gp.GPIndividual@1488085609{-26601438} 0.0 14728.0 8317.0 0.7708308284237104 5 27 21.0 0.0 0.7708308284237104 0
3 ec.gp.GPIndividual@402177087{-1155788069} 0.0 90300.0 12802.0 0.7753476019371973 5 26 21.0 0.0 0.7753476019371973 0
3 ec.gp.GPIndividual@714369703{1229159184} 0.0 69180.0 10054.0 0.09727471653073404 5 42 21.0 0.0 0.09727471653073404 0
3 ec.gp.GPIndividual@401374751{2098883642} 0.0 68407.0 8387.0 0.010015500178848218 5 41 21.0 0.0 0.010015500178848218 0
3 ec.gp.GPIndividual@326815160{-253443860} 0.0 68441.0 10054.0 0.1707777998806445 5 38 21.0 0.0 0.1707777998806445 0
3 ec.gp.GPIndividual@714369703{1229159184} 0.0 69146.0 8387.0 0.07809705496601883 3 ec.gp.GPIndividual@402177087{-1155788069} 5 42 21.0 0.0 0.0 0.07809705496601883 0
90300.0 10087.0 0.7148805393080202 5 26 21.0 0.0 3 ec.gp.GPIndividual@401374751{2098883642} 0.7148805393080202 0
3 ec.gp.GPIndividual@326815160{-253443860} 0.0 68407.0 8387.0 0.010015500178848218 0.0 5 38 21.0 0.0 0.010015500178848218 0
68360.0 8387.0 0.43366716970777885 5 41 21.0 0.0 0.43366716970777885 0
3 ec.gp.GPIndividual@2080026380{1829804760} 0.0 62628.0 14578.0 0.452051035807381 3 ec.gp.GPIndividual@714369703{1229159184} 5 35 21.0 0.0 0.0 0.452051035807381 0
68678.0 14578.0 0.41185347784332554 5 42 21.0 0.0 3 ec.gp.GPIndividual@326815160{-253443860} 0.41185347784332554 0
3 ec.gp.GPIndividual@401374751{2098883642} 0.0 67710.0 10861.0 0.29969616057453274 3 ec.gp.GPIndividual@402177087{-1155788069} 5 41 21.0 0.0 0.0 90267.0 10861.0 0.6581700132259228 0.29969616057453274 0
0.0 68360.0 10861.0 0.43366716970777885 5 38 21.0 0.0 0.43366716970777885 0
5 26 21.0 0.0 0.6581700132259228 0
3 ec.gp.GPIndividual@714369703{1229159184} 0.0 68091.0 10861.0 0.26461651781603907 5 42 21.0 0.0 0.26461651781603907 0
3 ec.gp.GPIndividual@959994752{1449061510} 0.0 60766.0 10861.0 0.43596353926894393 3 ec.gp.GPIndividual@401374751{2098883642} 5 29 21.0 0.0 0.0 0.43596353926894393 0
3 ec.gp.GPIndividual@326815160{-253443860} 0.0 68708.0 10861.0 0.054411764705882354 67710.0 10861.0 0.29969616057453274 5 41 21.0 0.0 5 38 21.0 0.0 0.054411764705882354 0
3 ec.gp.GPIndividual@1562098334{2121965684} 3 ec.gp.GPIndividual@714369703{1229159184} 0.0 0.0 0.29969616057453274 0
69146.0 8160.0 0.10808823529411765 5 42 21.0 0.0 0.10808823529411765 0
68441.0 8160.0 0.1707777998806445 5 38 21.0 0.0 0.1707777998806445 0
3 ec.gp.GPIndividual@401374751{2098883642} 0.0 67425.0 12802.0 0.4281362287142634 5 41 21.0 0.0 0.4281362287142634 0
3 ec.gp.GPIndividual@326815160{-253443860} 0.0 68708.0 8160.0 0.054411764705882354 5 38 21.0 0.0 0.054411764705882354 0
3 ec.gp.GPIndividual@714369703{1229159184} 0.0 68104.0 12802.0 0.37509764099359477 5 42 21.0 0.0 0.37509764099359477 0
3 ec.gp.GPIndividual@1562098334{2121965684} 0.0 68407.0 8387.0 0.010015500178848218 5 38 21.0 0.0 0.010015500178848218 0
3 ec.gp.GPIndividual@401374751{2098883642} 0.0 67710.0 10087.0 0.2459601467235055 5 41 21.0 0.0 0.2459601467235055 0
3 ec.gp.GPIndividual@326815160{-253443860} 0.0 67425.0 12802.0 0.4281362287142634 5 38 21.0 0.0 0.4281362287142634 0
3 ec.gp.GPIndividual@714369703{1229159184} 0.0 68091.0 10087.0 0.2081887578070784 5 42 21.0 0.0 0.2081887578070784 0
3 ec.gp.GPIndividual@326815160{-253443860} 0.0 3 ec.gp.GPIndividual@401374751{2098883642} 67710.0 10087.0 0.2459601467235055 0.0 68696.0 10087.0 0.033064807021762656 5 38 21.0 0.0 5 41 21.0 0.0 3 ec.gp.GPIndividual@2080026380{1829804760} 0.033064807021762656 0
3 ec.gp.GPIndividual@1562098334{2121965684} 0.0 68360.0 10087.0 0.43366716970777885 0.0 5 38 21.0 0.0 61722.0 10087.0 0.3479421784366081 0.43366716970777885 0
0.2459601467235055 0
3 ec.gp.GPIndividual@401226966{-1182441978} 0.0 92076.0 10054.0 0.5372985876268151 3 ec.gp.GPIndividual@714369703{1229159184} 5 25 21.0 0.0 0.0 0.5372985876268151 0
5 35 21.0 0.0 3 ec.gp.GPIndividual@1562098334{2121965684} 0.0 69146.0 10054.0 0.08717085487555609 0.3479421784366081 0
67710.0 10861.0 0.29969616057453274 3 ec.gp.GPIndividual@401226966{-1182441978} 5 38 21.0 0.0 0.29969616057453274 0
5 42 21.0 0.0 0.08717085487555609 0
3 ec.gp.GPIndividual@326815160{-253443860} 0.0 68696.0 8317.0 0.033064807021762656 5 38 21.0 0.0 0.0 0.033064807021762656 0
3 ec.gp.GPIndividual@1562098334{2121965684} 0.0 92076.0 8317.0 0.4453320615237868 68708.0 8160.0 0.054411764705882354 5 25 21.0 0.0 5 38 21.0 0.0 0.4453320615237868 0
3 ec.gp.GPIndividual@1637423005{-704123682} 0.0 78424.0 10054.0 0.2647702407002188 0.054411764705882354 0
5 30 21.0 0.0 0.2647702407002188 0
3 ec.gp.GPIndividual@401226966{-1182441978} 0.0 92076.0 14578.0 0.6808890108382494 5 25 21.0 0.0 0.6808890108382494 0
3 ec.gp.GPIndividual@1637423005{-704123682} 3 ec.gp.GPIndividual@1562098334{2121965684} 0.0 0.0 78424.0 12802.0 0.11863598426135687 67425.0 12802.0 0.4281362287142634 5 30 21.0 0.0 5 38 21.0 0.0 0.11863598426135687 0
3 ec.gp.GPIndividual@401226966{-1182441978} 0.0 92076.0 10861.0 0.5716784826443237 0.4281362287142634 0
5 25 21.0 0.0 0.5716784826443237 0
3 ec.gp.GPIndividual@1637423005{-704123682} 0.0 78568.0 14578.0 0.48305666072163533 5 30 21.0 0.0 0.48305666072163533 0
3 ec.gp.GPIndividual@1562098334{2121965684} 0.0 3 ec.gp.GPIndividual@401226966{-1182441978} 67710.0 8160.0 0.2459601467235055 0.0 5 38 21.0 0.0 92000.0 8160.0 0.4392156862745098 0.2459601467235055 0
3 ec.gp.GPIndividual@1637423005{-704123682} 0.0 77757.0 10861.0 0.38081207991897614 5 25 21.0 0.0 5 30 21.0 0.0 0.4392156862745098 0
0.38081207991897614 0
3 ec.gp.GPIndividual@1562098334{2121965684} 0.0 68696.0 8317.0 0.033064807021762656 5 38 21.0 0.0 0.033064807021762656 0
3 ec.gp.GPIndividual@401226966{-1182441978} 0.0 92076.0 12802.0 0.6366192782377753 5 25 21.0 0.0 0.6366192782377753 0
3 ec.gp.GPIndividual@1637423005{-704123682} 0.0 78424.0 8160.0 0.09411764705882353 5 30 21.0 0.0 0.09411764705882353 0
3 ec.gp.GPIndividual@401226966{-1182441978} 0.0 92076.0 10087.0 0.5388123327054625 5 25 21.0 0.0 0.5388123327054625 0
3 ec.gp.GPIndividual@916769888{-1220044662} 0.0 3 ec.gp.GPIndividual@1637423005{-704123682} 0.0 68441.0 12802.0 0.1707777998806445 5 43 21.0 0.0 77770.0 12802.0 0.4736759881268552 0.1707777998806445 0
5 30 21.0 0.0 0.4736759881268552 0
3 ec.gp.GPIndividual@401226966{-1182441978} 0.0 92000.0 8317.0 0.44980161115786943 5 25 21.0 0.0 0.44980161115786943 0
3 ec.gp.GPIndividual@916769888{-1220044662} 0.0 68407.0 10087.0 0.010015500178848218 3 ec.gp.GPIndividual@1637423005{-704123682} 5 43 21.0 0.0 0.0 0.010015500178848218 0
77757.0 10087.0 0.3333002874987608 5 30 21.0 0.0 0.3333002874987608 0
3 ec.gp.GPIndividual@1637423005{-704123682} 0.0 78424.0 8317.0 0.11121798725501984 5 30 21.0 0.0 0.11121798725501984 0
3 ec.gp.GPIndividual@916769888{-1220044662} 0.0 68360.0 14578.0 0.43366716970777885 5 43 21.0 0.0 0.43366716970777885 0
3 ec.gp.GPIndividual@916769888{-1220044662} 0.0 67710.0 10861.0 0.29969616057453274 5 43 21.0 0.0 0.29969616057453274 0
3 ec.gp.GPIndividual@916769888{-1220044662} 0.0 68708.0 8160.0 0.054411764705882354 5 43 21.0 0.0 0.054411764705882354 0
3 ec.gp.GPIndividual@916769888{-1220044662} 0.0 67425.0 12802.0 0.4281362287142634 5 43 21.0 0.0 0.4281362287142634 0
3 ec.gp.GPIndividual@916769888{-1220044662} 0.0 67710.0 10087.0 0.2459601467235055 5 43 21.0 0.0 0.2459601467235055 0
3 ec.gp.GPIndividual@916769888{-1220044662} 0.0 68696.0 8317.0 0.033064807021762656 5 43 21.0 0.0 0.033064807021762656 0
3 ec.gp.GPIndividual@959994752{1449061510} 0.0 13411.0 8160.0 0.6435049019607844 5 29 21.0 0.0 0.6435049019607844 0
3 ec.gp.GPIndividual@91933140{1265755871} 0.0 69180.0 10054.0 0.09727471653073404 5 45 21.0 0.0 0.09727471653073404 0
3 ec.gp.GPIndividual@91933140{1265755871} 0.0 69146.0 8387.0 0.07809705496601883 5 45 21.0 0.0 0.07809705496601883 0
3 ec.gp.GPIndividual@91933140{1265755871} 0.0 68678.0 14578.0 0.41185347784332554 5 45 21.0 0.0 0.41185347784332554 0
3 ec.gp.GPIndividual@91933140{1265755871} 0.0 68091.0 10861.0 0.26461651781603907 5 45 21.0 0.0 0.26461651781603907 0
3 ec.gp.GPIndividual@91933140{1265755871} 0.0 69146.0 8160.0 0.10808823529411765 5 45 21.0 0.0 0.10808823529411765 0
3 ec.gp.GPIndividual@91933140{1265755871} 0.0 68104.0 12802.0 0.37509764099359477 5 45 21.0 0.0 0.37509764099359477 0
3 ec.gp.GPIndividual@91933140{1265755871} 0.0 68091.0 10087.0 0.2081887578070784 5 45 21.0 0.0 0.2081887578070784 0
3 ec.gp.GPIndividual@91933140{1265755871} 0.0 69146.0 8317.0 0.08717085487555609 5 45 21.0 0.0 0.08717085487555609 0
3 ec.gp.GPIndividual@2080026380{1829804760} 0.0 12704.0 8160.0 0.5568627450980392 5 35 21.0 0.0 0.5568627450980392 0
3 ec.gp.GPIndividual@1471251456{1265755871} 0.0 69148.0 10054.0 0.1004575293415556 5 43 21.0 0.0 0.1004575293415556 0
3 ec.gp.GPIndividual@1471251456{1265755871} 0.0 69147.0 8387.0 0.07821628711100513 5 43 21.0 0.0 0.07821628711100513 0
3 ec.gp.GPIndividual@1471251456{1265755871} 0.0 68285.0 14578.0 0.43881190835505557 5 43 21.0 0.0 0.43881190835505557 0
3 ec.gp.GPIndividual@1471251456{1265755871} 0.0 68088.0 10861.0 0.26489273547555475 5 43 21.0 0.0 0.26489273547555475 0
3 ec.gp.GPIndividual@1346135855{1891231325} 0.0 12144.0 10054.0 0.20787746170678337 5 26 21.0 0.0 0.20787746170678337 0
3 ec.gp.GPIndividual@1471251456{1265755871} 0.0 69147.0 8160.0 0.1082107843137255 5 43 21.0 0.0 0.1082107843137255 0
3 ec.gp.GPIndividual@1471251456{1265755871} 0.0 68093.0 12802.0 0.3759568817372286 5 43 21.0 0.0 0.3759568817372286 0
3 ec.gp.GPIndividual@2080026380{1829804760} 0.0 62111.0 12802.0 0.4164193094828933 5 35 21.0 0.0 0.4164193094828933 0
3 ec.gp.GPIndividual@1471251456{1265755871} 0.0 68088.0 10087.0 0.20848617031823138 5 43 21.0 0.0 0.20848617031823138 0
3 ec.gp.GPIndividual@1471251456{1265755871} 0.0 69147.0 8317.0 0.0872910905374534 5 43 21.0 0.0 0.0872910905374534 0
3 ec.gp.GPIndividual@2080026380{1829804760} 0.0 61670.0 10087.0 0.30306334886487557 5 35 21.0 0.0 0.30306334886487557 0
3 ec.gp.GPIndividual@959994752{1449061510} 0.0 13714.0 12802.0 0.0712388689267302 5 29 21.0 0.0 0.0712388689267302 0
3 ec.gp.GPIndividual@1346135855{1891231325} 0.0 11666.0 8387.0 0.39096220341003934 5 26 21.0 0.0 0.39096220341003934 0
3 ec.gp.GPIndividual@2080026380{1829804760} 0.0 13058.0 8317.0 0.5700372730551881 5 35 21.0 0.0 0.5700372730551881 0
3 ec.gp.GPIndividual@926602398{-1175300163} 0.0 71640.0 10054.0 0.39606126914660833 5 28 21.0 0.0 0.39606126914660833 0
3 ec.gp.GPIndividual@959994752{1449061510} 0.0 11996.0 10087.0 0.18925349459700605 5 29 21.0 0.0 0.18925349459700605 0
3 ec.gp.GPIndividual@1346135855{1891231325} 0.0 16853.0 14578.0 0.15605707230072713 5 26 21.0 0.0 0.15605707230072713 0
3 ec.gp.GPIndividual@926602398{-1175300163} 0.0 52416.0 8387.0 0.037796589960653396 5 28 21.0 0.0 0.037796589960653396 0
3 ec.gp.GPIndividual@959994752{1449061510} 0.0 13416.0 10861.0 0.6130816400144283 3 ec.gp.GPIndividual@1346135855{1891231325} 5 29 21.0 0.0 0.0 0.6130816400144283 0
14071.0 10861.0 0.29555289568179727 5 26 21.0 0.0 0.29555289568179727 0
3 ec.gp.GPIndividual@2073177758{-1275033668} 0.0 61933.0 10054.0 0.27461706783369805 5 32 21.0 0.0 0.27461706783369805 0
3 ec.gp.GPIndividual@1346135855{1891231325} 0.0 10687.0 8160.0 0.3096813725490196 5 26 21.0 0.0 0.3096813725490196 0
3 ec.gp.GPIndividual@2073177758{-1275033668} 0.0 12350.0 8387.0 0.47251699058066055 5 32 21.0 0.0 0.47251699058066055 0
3 ec.gp.GPIndividual@2073177758{-1275033668} 0.0 62584.0 14578.0 0.45506928248045 5 32 21.0 0.0 0.45506928248045 0
3 ec.gp.GPIndividual@1346135855{1891231325} 0.0 14505.0 12802.0 0.13302608967348853 5 26 21.0 0.0 0.13302608967348853 0
3 ec.gp.GPIndividual@2073177758{-1275033668} 0.0 61494.0 10861.0 0.36893472055980114 5 32 21.0 0.0 0.36893472055980114 0
3 ec.gp.GPIndividual@1346135855{1891231325} 0.0 11719.0 10087.0 0.16179240606721523 5 26 21.0 0.0 0.16179240606721523 0
3 ec.gp.GPIndividual@2073177758{-1275033668} 0.0 12563.0 8160.0 0.5395833333333333 5 32 21.0 0.0 0.5395833333333333 0
3 ec.gp.GPIndividual@926602398{-1175300163} 2.0 15790.0 14578.0 0.08313897653999176 5 28 21.0 0.0 0.08313897653999176 0
3 ec.gp.GPIndividual@2073177758{-1275033668} 0.0 61954.0 12802.0 0.428683018278394 5 32 21.0 0.0 0.428683018278394 0
3 ec.gp.GPIndividual@1346135855{1891231325} 0.0 11722.0 8317.0 0.4094024287603703 5 26 21.0 0.0 0.4094024287603703 0
3 ec.gp.GPIndividual@1442836854{916730093} 0.0 69180.0 10054.0 0.09727471653073404 5 44 21.0 0.0 0.09727471653073404 0
3 ec.gp.GPIndividual@1442836854{916730093} 0.0 69146.0 8387.0 0.07809705496601883 5 44 21.0 0.0 0.07809705496601883 0
3 ec.gp.GPIndividual@2073177758{-1275033668} 0.0 61494.0 10087.0 0.3205115495191831 5 32 21.0 0.0 0.3205115495191831 0
3 ec.gp.GPIndividual@1442836854{916730093} 0.0 68678.0 14578.0 0.41185347784332554 5 44 21.0 0.0 0.41185347784332554 0
3 ec.gp.GPIndividual@1442836854{916730093} 0.0 68091.0 10861.0 0.26461651781603907 5 44 21.0 0.0 0.26461651781603907 0
3 ec.gp.GPIndividual@1442836854{916730093} 0.0 69146.0 8160.0 0.10808823529411765 5 44 21.0 0.0 0.10808823529411765 0
3 ec.gp.GPIndividual@1442836854{916730093} 0.0 68104.0 12802.0 0.37509764099359477 5 44 21.0 0.0 0.37509764099359477 0
3 ec.gp.GPIndividual@1442836854{916730093} 0.0 68091.0 10087.0 0.2081887578070784 5 44 21.0 0.0 0.2081887578070784 0
3 ec.gp.GPIndividual@1442836854{916730093} 0.0 69146.0 8317.0 0.08717085487555609 5 44 21.0 0.0 0.08717085487555609 0
3 ec.gp.GPIndividual@2073177758{-1275033668} 0.0 12681.0 8317.0 0.524708428519899 5 32 21.0 0.0 0.524708428519899 0
3 ec.gp.GPIndividual@926602398{-1175300163} 1.0 12563.0 10861.0 0.15670748549857288 5 28 21.0 0.0 0.15670748549857288 0
3 ec.gp.GPIndividual@926602398{-1175300163} 0.0 71431.0 8160.0 0.2814950980392157 5 28 21.0 0.0 0.2814950980392157 0
3 ec.gp.GPIndividual@563054107{-1275033668} 1.0 14785.0 10054.0 0.47055898149990055 5 32 21.0 0.0 0.47055898149990055 0
3 ec.gp.GPIndividual@926602398{-1175300163} 1.0 33409.0 12802.0 0.09756288079987502 5 28 21.0 0.0 0.09756288079987502 0
3 ec.gp.GPIndividual@563054107{-1275033668} 1.0 13295.0 8387.0 0.585191367592703 5 32 21.0 0.0 0.585191367592703 0
3 ec.gp.GPIndividual@563054107{-1275033668} 0.0 53507.0 14578.0 0.3280971326656606 5 32 21.0 0.0 0.3280971326656606 0
3 ec.gp.GPIndividual@563054107{-1275033668} 1.0 23332.0 10861.0 0.14206794954424087 5 32 21.0 0.0 0.14206794954424087 0
3 ec.gp.GPIndividual@926602398{-1175300163} 2.0 12095.0 10087.0 0.19906810746505402 5 28 21.0 0.0 0.19906810746505402 0
3 ec.gp.GPIndividual@926602398{-1175300163} 0.0 71431.0 8317.0 0.2950583142960202 5 28 21.0 0.0 0.2950583142960202 0
3 ec.gp.GPIndividual@640031421{-43306228} 0.0 12904.0 10054.0 0.2834692659637955 4 9 21.0 0.0 0.2834692659637955 0
3 ec.gp.GPIndividual@640031421{-43306228} 0.0 14668.0 8387.0 0.7488971026588769 4 9 21.0 0.0 0.7488971026588769 0
3 ec.gp.GPIndividual@640031421{-43306228} 0.0 16321.0 14578.0 0.11956372616271094 4 9 21.0 0.0 0.11956372616271094 0
3 ec.gp.GPIndividual@640031421{-43306228} 0.0 12865.0 10861.0 0.18451339655648652 4 9 21.0 0.0 0.18451339655648652 0
3 ec.gp.GPIndividual@640031421{-43306228} 0.0 14902.0 8160.0 0.8262254901960784 4 9 21.0 0.0 0.8262254901960784 0
3 ec.gp.GPIndividual@640031421{-43306228} 0.0 15058.0 12802.0 0.17622246523980628 4 9 21.0 0.0 0.17622246523980628 0
3 ec.gp.GPIndividual@640031421{-43306228} 0.0 12629.0 10087.0 0.25200753445028257 4 9 21.0 0.0 0.25200753445028257 0
3 ec.gp.GPIndividual@640031421{-43306228} 0.0 14728.0 8317.0 0.7708308284237104 4 9 21.0 0.0 0.7708308284237104 0
3 ec.gp.GPIndividual@2035235857{-147590133} 0.0 92271.0 10054.0 0.5179033220608713 5 24 21.0 0.0 0.5179033220608713 0
3 ec.gp.GPIndividual@2035235857{-147590133} 0.0 92271.0 8387.0 0.4220817932514606 5 24 21.0 0.0 0.4220817932514606 0
3 ec.gp.GPIndividual@2035235857{-147590133} 0.0 91806.0 14578.0 0.6994100699684456 5 24 21.0 0.0 0.6994100699684456 0
3 ec.gp.GPIndividual@2035235857{-147590133} 0.0 91632.0 10861.0 0.6125586962526471 5 24 21.0 0.0 0.6125586962526471 0
3 ec.gp.GPIndividual@2035235857{-147590133} 0.0 92271.0 8160.0 0.4060049019607843 5 24 21.0 0.0 0.4060049019607843 0
3 ec.gp.GPIndividual@2035235857{-147590133} 0.0 91632.0 12802.0 0.6713013591626308 5 24 21.0 0.0 0.6713013591626308 0
3 ec.gp.GPIndividual@2035235857{-147590133} 0.0 91632.0 10087.0 0.5828293843561019 5 24 21.0 0.0 0.5828293843561019 0
3 ec.gp.GPIndividual@2035235857{-147590133} 0.0 92271.0 8317.0 0.41721774678369605 5 24 21.0 0.0 0.41721774678369605 0
3 ec.gp.GPIndividual@1474522875{2083855835} 0.0 67990.0 10054.0 0.21563556793316094 5 44 21.0 0.0 0.21563556793316094 0
3 ec.gp.GPIndividual@1474522875{2083855835} 0.0 67956.0 8387.0 0.06378919756766424 5 44 21.0 0.0 0.06378919756766424 0
3 ec.gp.GPIndividual@1474522875{2083855835} 0.0 67497.0 14578.0 0.4928659624091096 5 44 21.0 0.0 0.4928659624091096 0
3 ec.gp.GPIndividual@1474522875{2083855835} 0.0 66881.0 10861.0 0.3760243071540374 5 44 21.0 0.0 0.3760243071540374 0
3 ec.gp.GPIndividual@1474522875{2083855835} 0.0 67956.0 8160.0 0.037745098039215684 5 44 21.0 0.0 0.037745098039215684 0
3 ec.gp.GPIndividual@1474522875{2083855835} 0.0 66915.0 12802.0 0.46797375410092173 5 44 21.0 0.0 0.46797375410092173 0
3 ec.gp.GPIndividual@1474522875{2083855835} 0.0 66881.0 10087.0 0.32814513730544265 5 44 21.0 0.0 0.32814513730544265 0
3 ec.gp.GPIndividual@1474522875{2083855835} 0.0 67956.0 8317.0 0.05590958278225321 5 44 21.0 0.0 0.05590958278225321 0
3 ec.gp.GPIndividual@563054107{-1275033668} 1.0 13567.0 8160.0 0.6626225490196078 5 32 21.0 0.0 0.6626225490196078 0
3 ec.gp.GPIndividual@916246205{-1384453682} 0.0 28737.0 10054.0 0.2278695046747563 5 31 21.0 0.0 0.2278695046747563 0
3 ec.gp.GPIndividual@563054107{-1275033668} 1.0 17009.0 12802.0 0.32862052804249337 5 32 21.0 0.0 0.32862052804249337 0
3 ec.gp.GPIndividual@916246205{-1384453682} 0.0 14547.0 8387.0 0.734470013115536 5 31 21.0 0.0 0.734470013115536 0
3 ec.gp.GPIndividual@916246205{-1384453682} 0.0 58187.0 14578.0 0.3818768006585265 5 31 21.0 0.0 0.3818768006585265 0
3 ec.gp.GPIndividual@563054107{-1275033668} 1.0 23332.0 10087.0 0.22970159611380986 5 32 21.0 0.0 0.22970159611380986 0
3 ec.gp.GPIndividual@916246205{-1384453682} 0.0 12919.0 10861.0 0.18948531442776909 5 31 21.0 0.0 0.18948531442776909 0
3 ec.gp.GPIndividual@563054107{-1275033668} 1.0 13606.0 8317.0 0.6359264157749188 5 32 21.0 0.0 0.6359264157749188 0
3 ec.gp.GPIndividual@429838515{-1153088176} 0.0 68441.0 10054.0 0.1707777998806445 5 41 21.0 0.0 0.1707777998806445 0
3 ec.gp.GPIndividual@916246205{-1384453682} 0.0 13389.0 8160.0 0.6408088235294118 5 31 21.0 0.0 0.6408088235294118 0
3 ec.gp.GPIndividual@429838515{-1153088176} 0.0 77206.0 8387.0 0.263860736854656 5 41 21.0 0.0 0.263860736854656 0
3 ec.gp.GPIndividual@429838515{-1153088176} 0.0 68360.0 14578.0 0.43366716970777885 5 41 21.0 0.0 0.43366716970777885 0
3 ec.gp.GPIndividual@429838515{-1153088176} 0.0 67710.0 10861.0 0.29969616057453274 5 41 21.0 0.0 0.29969616057453274 0
3 ec.gp.GPIndividual@916246205{-1384453682} 0.0 57858.0 12802.0 0.3218247148882987 5 31 21.0 0.0 0.3218247148882987 0
3 ec.gp.GPIndividual@429838515{-1153088176} 0.0 78313.0 8160.0 0.10772058823529412 5 41 21.0 0.0 0.10772058823529412 0
3 ec.gp.GPIndividual@429838515{-1153088176} 0.0 67425.0 12802.0 0.4281362287142634 5 41 21.0 0.0 0.4281362287142634 0
3 ec.gp.GPIndividual@429838515{-1153088176} 0.0 67710.0 10087.0 0.2459601467235055 5 41 21.0 0.0 0.2459601467235055 0
3 ec.gp.GPIndividual@429838515{-1153088176} 0.0 78313.0 8317.0 0.12456414572562222 5 41 21.0 0.0 0.12456414572562222 0
3 ec.gp.GPIndividual@1644264539{575426183} 0.0 92920.0 10054.0 0.45335189974139645 5 23 21.0 0.0 0.45335189974139645 0
3 ec.gp.GPIndividual@1644264539{575426183} 0.0 92920.0 8387.0 0.34470013115535947 5 23 21.0 0.0 0.34470013115535947 0
3 ec.gp.GPIndividual@1644264539{575426183} 0.0 92920.0 14578.0 0.6229935519275621 5 23 21.0 0.0 0.6229935519275621 0
3 ec.gp.GPIndividual@1644264539{575426183} 0.0 92920.0 10861.0 0.4939692477672406 5 23 21.0 0.0 0.4939692477672406 0
3 ec.gp.GPIndividual@1644264539{575426183} 0.0 92920.0 8160.0 0.3264705882352941 5 23 21.0 0.0 0.3264705882352941 0
3 ec.gp.GPIndividual@1644264539{575426183} 0.0 92920.0 12802.0 0.5706920793625996 5 23 21.0 0.0 0.5706920793625996 0
3 ec.gp.GPIndividual@1644264539{575426183} 0.0 92920.0 10087.0 0.4551402795677605 5 23 21.0 0.0 0.4551402795677605 0
3 ec.gp.GPIndividual@1644264539{575426183} 0.0 92920.0 8317.0 0.33918480221233616 5 23 21.0 0.0 0.33918480221233616 0
3 ec.gp.GPIndividual@135092315{919908924} 0.0 99026.0 10054.0 0.9329620051720708 3 9 21.0 0.0 0.9329620051720708 0
3 ec.gp.GPIndividual@135092315{919908924} 0.0 99026.0 8387.0 0.9196375342792417 3 9 21.0 0.0 0.9196375342792417 0
3 ec.gp.GPIndividual@135092315{919908924} 0.0 99026.0 14578.0 0.9537659486898066 3 9 21.0 0.0 0.9537659486898066 0
3 ec.gp.GPIndividual@135092315{919908924} 0.0 99026.0 10861.0 0.9379430991621398 3 9 21.0 0.0 0.9379430991621398 0
3 ec.gp.GPIndividual@135092315{919908924} 0.0 99026.0 8160.0 0.9174019607843137 3 9 21.0 0.0 0.9174019607843137 0
3 ec.gp.GPIndividual@135092315{919908924} 0.0 99026.0 12802.0 0.9473519762537104 3 9 21.0 0.0 0.9473519762537104 0
3 ec.gp.GPIndividual@135092315{919908924} 0.0 99026.0 10087.0 0.9331813224942996 3 9 21.0 0.0 0.9331813224942996 0
3 ec.gp.GPIndividual@135092315{919908924} 0.0 99026.0 8317.0 0.9189611638812072 3 9 21.0 0.0 0.9189611638812072 0
3 ec.gp.GPIndividual@916246205{-1384453682} 1.0 12720.0 10087.0 0.2610290472885893 5 31 21.0 0.0 0.2610290472885893 0
3 ec.gp.GPIndividual@916246205{-1384453682} 0.0 13502.0 8317.0 0.6234219069375977 5 31 21.0 0.0 0.6234219069375977 0
3 ec.gp.GPIndividual@544852257{-149069369} 0.0 68441.0 10054.0 0.1707777998806445 5 44 21.0 0.0 0.1707777998806445 0
3 ec.gp.GPIndividual@544852257{-149069369} 0.0 68407.0 8387.0 0.010015500178848218 5 44 21.0 0.0 0.010015500178848218 0
3 ec.gp.GPIndividual@544852257{-149069369} 0.0 68360.0 14578.0 0.43366716970777885 5 44 21.0 0.0 0.43366716970777885 0
3 ec.gp.GPIndividual@544852257{-149069369} 0.0 67710.0 10861.0 0.29969616057453274 5 44 21.0 0.0 0.29969616057453274 0
3 ec.gp.GPIndividual@544852257{-149069369} 0.0 68708.0 8160.0 0.054411764705882354 5 44 21.0 0.0 0.054411764705882354 0
3 ec.gp.GPIndividual@544852257{-149069369} 0.0 67425.0 12802.0 0.4281362287142634 5 44 21.0 0.0 0.4281362287142634 0
3 ec.gp.GPIndividual@544852257{-149069369} 0.0 67710.0 10087.0 0.2459601467235055 5 44 21.0 0.0 0.2459601467235055 0
3 ec.gp.GPIndividual@544852257{-149069369} 0.0 68696.0 8317.0 0.033064807021762656 5 44 21.0 0.0 0.033064807021762656 0
4 ec.gp.GPIndividual@563568976{980212666} 0.0 105260.0 10054.0 0.8563755719116769 1 1 21.0 0.0 0.8563755719116769 0
4 ec.gp.GPIndividual@1365519205{2113252065} 0.0 4 ec.gp.GPIndividual@80948233{1526670167} 4 ec.gp.GPIndividual@563568976{980212666} 4 ec.gp.GPIndividual@1476266786{1359638655} 0.0 0.0 0.0 4 ec.gp.GPIndividual@542561931{-635681284} 105260.0 10054.0 0.8278287826397996 69180.0 10054.0 0.09727471653073404 67990.0 8387.0 0.21563556793316094 0.0 1 1 21.0 0.0 5 44 21.0 0.0 0.8278287826397996 0
5 42 21.0 0.0 0.09727471653073404 0
74156.0 10054.0 0.1458126118957629 5 39 21.0 0.0 4 ec.gp.GPIndividual@563568976{980212666} 0.1458126118957629 0
0.21563556793316094 0
69180.0 10054.0 0.09727471653073404 5 36 21.0 0.0 0.09727471653073404 0
4 ec.gp.GPIndividual@1476266786{1359638655} 0.0 4 ec.gp.GPIndividual@80948233{1526670167} 74156.0 8387.0 0.02396566114224395 0.0 5 39 21.0 0.0 69146.0 8387.0 0.07809705496601883 0.02396566114224395 0
0.0 4 ec.gp.GPIndividual@1365519205{2113252065} 5 42 21.0 0.0 0.0 0.07809705496601883 0
4 ec.gp.GPIndividual@542561931{-635681284} 0.0 69146.0 8387.0 0.07809705496601883 5 36 21.0 0.0 0.07809705496601883 0
67956.0 8387.0 0.06378919756766424 5 44 21.0 0.0 105260.0 8387.0 0.9009466319110989 0.06378919756766424 0
1 1 21.0 0.0 0.9009466319110989 0
4 ec.gp.GPIndividual@1476266786{1359638655} 4 ec.gp.GPIndividual@80948233{1526670167} 4 ec.gp.GPIndividual@542561931{-635681284} 4 ec.gp.GPIndividual@563568976{980212666} 0.0 0.0 68678.0 10861.0 0.41185347784332554 5 36 21.0 0.0 0.41185347784332554 0
0.0 73696.0 10861.0 0.44244752366579776 105260.0 10861.0 0.8670472332197772 5 39 21.0 0.0 1 1 21.0 0.0 0.8670472332197772 0
0.0 4 ec.gp.GPIndividual@563568976{980212666} 4 ec.gp.GPIndividual@1365519205{2113252065} 0.0 0.0 67497.0 8160.0 0.4928659624091096 0.44244752366579776 0
4 ec.gp.GPIndividual@542561931{-635681284} 0.0 68091.0 10861.0 0.26461651781603907 5 36 21.0 0.0 5 44 21.0 0.0 0.26461651781603907 0
105260.0 8160.0 0.8230392156862745 1 1 21.0 0.0 0.8230392156862745 0
4 ec.gp.GPIndividual@1476266786{1359638655} 0.0 73517.0 10861.0 0.2681152748365712 5 39 21.0 0.0 68678.0 14578.0 0.41185347784332554 0.2681152748365712 0
5 42 21.0 0.0 0.41185347784332554 0
4 ec.gp.GPIndividual@563568976{980212666} 0.0 4 ec.gp.GPIndividual@1476266786{1359638655} 105260.0 8160.0 0.8872051241993438 0.0 1 1 21.0 0.0 0.8872051241993438 0
0.4928659624091096 0
4 ec.gp.GPIndividual@563568976{980212666} 0.0 105260.0 10087.0 0.8568454446317042 74156.0 8160.0 0.052450980392156864 1 1 21.0 0.0 5 39 21.0 0.0 0.052450980392156864 0
4 ec.gp.GPIndividual@542561931{-635681284} 0.0 4 ec.gp.GPIndividual@80948233{1526670167} 69146.0 10861.0 0.10808823529411765 5 36 21.0 0.0 0.0 0.10808823529411765 0
4 ec.gp.GPIndividual@1365519205{2113252065} 0.0 66881.0 10861.0 0.3760243071540374 5 44 21.0 0.0 0.3760243071540374 0
0.8568454446317042 0
4 ec.gp.GPIndividual@1476266786{1359638655} 0.0 73522.0 12802.0 0.3786908295578816 5 39 21.0 0.0 4 ec.gp.GPIndividual@563568976{980212666} 0.3786908295578816 0
68091.0 10861.0 0.26461651781603907 4 ec.gp.GPIndividual@542561931{-635681284} 5 42 21.0 0.0 0.0 0.26461651781603907 0
0.0 105260.0 8160.0 0.8263797042202717 1 1 21.0 0.0 0.8263797042202717 0
4 ec.gp.GPIndividual@1365519205{2113252065} 0.0 67956.0 10087.0 0.037745098039215684 5 44 21.0 0.0 68104.0 12802.0 0.37509764099359477 0.037745098039215684 0
5 36 21.0 0.0 4 ec.gp.GPIndividual@80948233{1526670167} 0.37509764099359477 0
4 ec.gp.GPIndividual@1734206776{1859735945} 4 ec.gp.GPIndividual@1476266786{1359638655} 0.0 0.0 73517.0 10054.0 0.21195598294834936 74156.0 10054.0 0.1458126118957629 5 39 21.0 0.0 0.0 0.21195598294834936 0
4 ec.gp.GPIndividual@1365519205{2113252065} 0.0 66915.0 12802.0 0.46797375410092173 5 44 21.0 0.0 0.46797375410092173 0
69146.0 10054.0 0.10808823529411765 5 42 21.0 0.0 0.10808823529411765 0
5 39 21.0 0.0 4 ec.gp.GPIndividual@1476266786{1359638655} 4 ec.gp.GPIndividual@542561931{-635681284} 0.1458126118957629 0
4 ec.gp.GPIndividual@1365519205{2113252065} 0.0 0.0 68091.0 10087.0 0.2081887578070784 5 36 21.0 0.0 0.2081887578070784 0
0.0 4 ec.gp.GPIndividual@80948233{1526670167} 0.0 66881.0 10087.0 0.32814513730544265 74156.0 12802.0 0.03258386437417338 68104.0 12802.0 0.37509764099359477 5 44 21.0 0.0 4 ec.gp.GPIndividual@1734206776{1859735945} 5 39 21.0 0.0 0.32814513730544265 0
0.0 4 ec.gp.GPIndividual@542561931{-635681284} 74156.0 8317.0 0.02396566114224395 0.0 0.03258386437417338 0
5 42 21.0 0.0 0.37509764099359477 0
69146.0 8317.0 0.08717085487555609 5 36 21.0 0.0 5 39 21.0 0.0 0.08717085487555609 0
4 ec.gp.GPIndividual@1365519205{2113252065} 0.0 4 ec.gp.GPIndividual@1193876081{-1827287660} 67956.0 10054.0 0.05590958278225321 0.0 5 44 21.0 0.0 0.02396566114224395 0
4 ec.gp.GPIndividual@80948233{1526670167} 0.0 0.05590958278225321 0
4 ec.gp.GPIndividual@1812914380{-557561360} 0.0 69180.0 10054.0 0.09727471653073404 5 42 21.0 0.0 0.09727471653073404 0
72238.0 10054.0 0.33658245474438037 5 31 21.0 0.0 0.33658245474438037 0
68091.0 10087.0 0.2081887578070784 5 42 21.0 0.0 0.2081887578070784 0
4 ec.gp.GPIndividual@1734206776{1859735945} 4 ec.gp.GPIndividual@314895908{513151867} 4 ec.gp.GPIndividual@1812914380{-557561360} 0.0 0.0 0.0 73696.0 8387.0 0.44244752366579776 63788.0 8387.0 0.09011338770638552 69146.0 8387.0 0.07809705496601883 5 39 21.0 0.0 4 ec.gp.GPIndividual@1193876081{-1827287660} 5 45 21.0 0.0 5 42 21.0 0.0 0.0 0.09011338770638552 0
4 ec.gp.GPIndividual@80948233{1526670167} 0.0 69146.0 8317.0 0.08717085487555609 5 42 21.0 0.0 0.08717085487555609 0
0.44244752366579776 0
72204.0 8387.0 0.20877548587099082 5 31 21.0 0.0 0.20877548587099082 0
0.07809705496601883 0
4 ec.gp.GPIndividual@407881283{-1741243135} 4 ec.gp.GPIndividual@1734206776{1859735945} 0.0 0.0 4 ec.gp.GPIndividual@314895908{513151867} 73517.0 10861.0 0.2681152748365712 0.0 5 39 21.0 0.0 69180.0 10861.0 0.09727471653073404 0.2681152748365712 0
5 44 21.0 0.0 0.09727471653073404 0
63788.0 10861.0 0.0907356623345654 5 45 21.0 0.0 0.0907356623345654 0
4 ec.gp.GPIndividual@1734206776{1859735945} 0.0 4 ec.gp.GPIndividual@1193876081{-1827287660} 74156.0 8160.0 0.052450980392156864 0.0 5 39 21.0 0.0 4 ec.gp.GPIndividual@1812914380{-557561360} 71774.0 14578.0 0.5742900260666758 0.052450980392156864 0
0.0 68678.0 14578.0 0.41185347784332554 5 42 21.0 0.0 4 ec.gp.GPIndividual@407881283{-1741243135} 0.41185347784332554 0
4 ec.gp.GPIndividual@314895908{513151867} 0.0 63873.0 14578.0 0.36664837426258745 5 31 21.0 0.0 5 45 21.0 0.0 0.5742900260666758 0
0.0 69146.0 12802.0 0.07809705496601883 5 44 21.0 0.0 4 ec.gp.GPIndividual@1734206776{1859735945} 0.07809705496601883 0
0.36664837426258745 0
4 ec.gp.GPIndividual@1812914380{-557561360} 0.0 0.0 4 ec.gp.GPIndividual@1193876081{-1827287660} 68091.0 10861.0 0.26461651781603907 0.0 73522.0 10861.0 0.3786908295578816 5 42 21.0 0.0 71140.0 10861.0 0.48697173372617625 5 39 21.0 0.0 0.26461651781603907 0
5 31 21.0 0.0 0.3786908295578816 0
4 ec.gp.GPIndividual@314895908{513151867} 0.0 63788.0 10861.0 0.15772028358346377 4 ec.gp.GPIndividual@407881283{-1741243135} 5 45 21.0 0.0 0.15772028358346377 0
0.48697173372617625 0
4 ec.gp.GPIndividual@1734206776{1859735945} 4 ec.gp.GPIndividual@1812914380{-557561360} 0.0 0.0 69146.0 10087.0 0.10808823529411765 73517.0 10087.0 0.21195598294834936 0.0 5 42 21.0 0.0 5 39 21.0 0.0 0.10808823529411765 0
4 ec.gp.GPIndividual@1193876081{-1827287660} 0.0 72192.0 8160.0 0.18823529411764706 4 ec.gp.GPIndividual@314895908{513151867} 5 31 21.0 0.0 0.0 63788.0 8160.0 0.12107843137254902 0.18823529411764706 0
68678.0 10087.0 0.41185347784332554 5 44 21.0 0.0 0.41185347784332554 0
0.21195598294834936 0
4 ec.gp.GPIndividual@1812914380{-557561360} 0.0 68104.0 12802.0 0.37509764099359477 5 42 21.0 0.0 5 45 21.0 0.0 0.37509764099359477 0
4 ec.gp.GPIndividual@1193876081{-1827287660} 0.0 71268.0 12802.0 0.5547570692079362 0.12107843137254902 0
4 ec.gp.GPIndividual@1734206776{1859735945} 0.0 4 ec.gp.GPIndividual@407881283{-1741243135} 74156.0 8317.0 0.03258386437417338 0.0 68091.0 8317.0 0.26461651781603907 5 39 21.0 0.0 5 31 21.0 0.0 5 44 21.0 0.0 0.03258386437417338 0
0.26461651781603907 0
4 ec.gp.GPIndividual@314895908{513151867} 0.5547570692079362 0
4 ec.gp.GPIndividual@1812914380{-557561360} 0.0 0.0 68091.0 12802.0 0.2081887578070784 63822.0 12802.0 0.2827683174503984 5 42 21.0 0.0 5 45 21.0 0.0 0.2081887578070784 0
0.2827683174503984 0
4 ec.gp.GPIndividual@1416356835{1217734381} 0.0 4 ec.gp.GPIndividual@1193876081{-1827287660} 73136.0 10087.0 0.24726477024070023 0.0 71140.0 10087.0 0.4476058292852186 5 31 21.0 0.0 5 32 21.0 0.0 4 ec.gp.GPIndividual@407881283{-1741243135} 0.24726477024070023 0
4 ec.gp.GPIndividual@1812914380{-557561360} 0.0 69146.0 8317.0 0.08717085487555609 0.0 5 42 21.0 0.0 69146.0 8317.0 0.10808823529411765 5 44 21.0 0.0 0.4476058292852186 0
4 ec.gp.GPIndividual@314895908{513151867} 0.0 63788.0 10087.0 0.09309011599087935 0.08717085487555609 0
0.10808823529411765 0
4 ec.gp.GPIndividual@1193876081{-1827287660} 0.0 72192.0 8317.0 0.20355897559216063 5 31 21.0 0.0 0.20355897559216063 0
5 45 21.0 0.0 0.09309011599087935 0
4 ec.gp.GPIndividual@1416356835{1217734381} 0.0 73136.0 8317.0 0.09765112674377012 5 32 21.0 0.0 4 ec.gp.GPIndividual@1010246358{-2045320957} 0.09765112674377012 0
4 ec.gp.GPIndividual@340680489{-999028857} 4 ec.gp.GPIndividual@407881283{-1741243135} 0.0 0.0 68104.0 12802.0 0.37509764099359477 5 44 21.0 0.0 74156.0 12802.0 0.1458126118957629 0.37509764099359477 0
0.0 69180.0 8317.0 0.09727471653073404 4 ec.gp.GPIndividual@314895908{513151867} 5 44 21.0 0.0 0.0 0.09727471653073404 0
5 40 21.0 0.0 0.1458126118957629 0
4 ec.gp.GPIndividual@1416356835{1217734381} 0.0 72499.0 10087.0 0.5245575524763342 63788.0 8317.0 0.09991583503667188 5 32 21.0 0.0 0.5245575524763342 0
4 ec.gp.GPIndividual@407881283{-1741243135} 0.0 68091.0 8387.0 0.2081887578070784 5 44 21.0 0.0 4 ec.gp.GPIndividual@1010246358{-2045320957} 0.2081887578070784 0
5 45 21.0 0.0 0.09991583503667188 0
4 ec.gp.GPIndividual@1416356835{1217734381} 0.0 73136.0 10861.0 0.3031949175950649 5 32 21.0 0.0 4 ec.gp.GPIndividual@340680489{-999028857} 0.3031949175950649 0
0.0 69146.0 10861.0 0.07809705496601883 5 44 21.0 0.0 0.07809705496601883 0
4 ec.gp.GPIndividual@407881283{-1741243135} 0.0 69146.0 8317.0 0.08717085487555609 5 44 21.0 0.0 0.08717085487555609 0
4 ec.gp.GPIndividual@1416356835{1217734381} 0.0 0.0 74156.0 8160.0 0.02396566114224395 72524.0 8160.0 0.14754901960784314 5 40 21.0 0.0 5 32 21.0 0.0 0.02396566114224395 0
4 ec.gp.GPIndividual@285689535{400669709} 0.0 81995.0 10054.0 0.45305351104038194 0.14754901960784314 0
4 ec.gp.GPIndividual@1010246358{-2045320957} 0.0 68678.0 14578.0 0.41185347784332554 5 44 21.0 0.0 0.41185347784332554 0
5 30 21.0 0.0 4 ec.gp.GPIndividual@340680489{-999028857} 0.0 4 ec.gp.GPIndividual@1504606015{-43306228} 0.45305351104038194 0
4 ec.gp.GPIndividual@1416356835{1217734381} 0.0 72341.0 12802.0 0.4709420403062022 0.0 5 32 21.0 0.0 0.4709420403062022 0
73696.0 14578.0 0.44244752366579776 4 ec.gp.GPIndividual@1010246358{-2045320957} 12904.0 12802.0 0.2834692659637955 0.0 4 ec.gp.GPIndividual@285689535{400669709} 4 9 21.0 0.0 68091.0 8387.0 0.26461651781603907 0.0 0.2834692659637955 0
5 40 21.0 0.0 4 ec.gp.GPIndividual@1416356835{1217734381} 0.44244752366579776 0
81995.0 8387.0 0.3443424347204006 5 30 21.0 0.0 0.3443424347204006 0
5 44 21.0 0.0 0.26461651781603907 0
4 ec.gp.GPIndividual@340680489{-999028857} 0.0 73517.0 10861.0 0.2681152748365712 0.0 5 40 21.0 0.0 4 ec.gp.GPIndividual@285689535{400669709} 0.2681152748365712 0
0.0 4 ec.gp.GPIndividual@1504606015{-43306228} 0.0 82203.0 8387.0 0.6085196871998902 73136.0 14578.0 0.24972737186477645 14668.0 8387.0 0.7488971026588769 5 30 21.0 0.0 5 32 21.0 0.0 0.6085196871998902 0
4 ec.gp.GPIndividual@1010246358{-2045320957} 4 ec.gp.GPIndividual@340680489{-999028857} 0.0 69146.0 8160.0 0.10808823529411765 0.0 5 44 21.0 0.0 0.24972737186477645 0
4 9 21.0 0.0 0.7488971026588769 0
4 ec.gp.GPIndividual@285689535{400669709} 0.0 81995.0 10861.0 0.49369303010772486 5 30 21.0 0.0 0.10808823529411765 0
74156.0 8160.0 0.052450980392156864 5 40 21.0 0.0 0.052450980392156864 0
4 ec.gp.GPIndividual@1416356835{1217734381} 0.0 72524.0 8317.0 0.1636407358422508 0.49369303010772486 0
4 ec.gp.GPIndividual@1010246358{-2045320957} 0.0 68104.0 12802.0 0.37509764099359477 5 32 21.0 0.0 5 44 21.0 0.0 0.1636407358422508 0
4 ec.gp.GPIndividual@340680489{-999028857} 0.0 0.37509764099359477 0
4 ec.gp.GPIndividual@285689535{400669709} 0.0 81995.0 8160.0 0.3261029411764706 73522.0 12802.0 0.3786908295578816 5 30 21.0 0.0 5 40 21.0 0.0 0.3261029411764706 0
4 ec.gp.GPIndividual@2125843545{1807924865} 0.0 83117.0 10054.0 0.3414561368609509 5 36 21.0 0.0 0.3414561368609509 0
0.3786908295578816 0
4 ec.gp.GPIndividual@285689535{400669709} 0.0 82029.0 12802.0 0.5678019059521949 5 30 21.0 0.0 0.5678019059521949 0
4 ec.gp.GPIndividual@1504606015{-43306228} 4 ec.gp.GPIndividual@2125843545{1807924865} 0.0 0.0 4 ec.gp.GPIndividual@1010246358{-2045320957} 83117.0 8387.0 0.21056396804578514 0.0 68091.0 8387.0 0.2081887578070784 5 44 21.0 0.0 0.2081887578070784 0
16321.0 8387.0 0.11956372616271094 4 9 21.0 0.0 0.11956372616271094 0
4 ec.gp.GPIndividual@340680489{-999028857} 0.0 73517.0 10087.0 0.21195598294834936 4 ec.gp.GPIndividual@285689535{400669709} 5 40 21.0 0.0 5 36 21.0 0.0 0.0 0.21195598294834936 0
4 ec.gp.GPIndividual@1010246358{-2045320957} 0.0 69146.0 8317.0 0.08717085487555609 0.21056396804578514 0
81995.0 10087.0 0.45484286705660754 5 30 21.0 0.0 0.45484286705660754 0
5 44 21.0 0.0 0.08717085487555609 0
4 ec.gp.GPIndividual@340680489{-999028857} 0.0 4 ec.gp.GPIndividual@2125843545{1807924865} 4 ec.gp.GPIndividual@285689535{400669709} 4 ec.gp.GPIndividual@1504606015{-43306228} 0.0 0.0 83232.0 10861.0 0.5379338729592537 0.0 5 36 21.0 0.0 81995.0 10861.0 0.3388240952266442 12865.0 10861.0 0.18451339655648652 5 30 21.0 0.0 0.5379338729592537 0
74156.0 10861.0 0.03258386437417338 5 40 21.0 0.0 0.03258386437417338 0
0.3388240952266442 0
4 9 21.0 0.0 4 ec.gp.GPIndividual@2125843545{1807924865} 0.18451339655648652 0
4 ec.gp.GPIndividual@1391051952{-1185353933} 0.0 82837.0 10054.0 0.36930574895563956 0.0 5 23 21.0 0.0 0.36930574895563956 0
4 ec.gp.GPIndividual@940285693{792613165} 0.0 74156.0 10054.0 0.1458126118957629 83219.0 10054.0 0.38099622502531993 5 30 21.0 0.0 5 36 21.0 0.0 0.1458126118957629 0
0.38099622502531993 0
4 ec.gp.GPIndividual@940285693{792613165} 0.0 74156.0 8387.0 0.02396566114224395 5 30 21.0 0.0 0.02396566114224395 0
4 ec.gp.GPIndividual@2125843545{1807924865} 0.0 83117.0 8160.0 0.18860294117647058 5 36 21.0 0.0 4 ec.gp.GPIndividual@1504606015{-43306228} 0.18860294117647058 0
4 ec.gp.GPIndividual@1391051952{-1185353933} 0.0 82827.0 8387.0 0.24514129009180874 5 23 21.0 0.0 0.0 0.24514129009180874 0
4 ec.gp.GPIndividual@940285693{792613165} 0.0 73696.0 14578.0 0.44244752366579776 14902.0 8387.0 0.8262254901960784 5 30 21.0 0.0 4 9 21.0 0.0 0.44244752366579776 0
0.8262254901960784 0
4 ec.gp.GPIndividual@2125843545{1807924865} 0.0 83220.0 12802.0 0.4747695672551164 5 36 21.0 0.0 0.4747695672551164 0
4 ec.gp.GPIndividual@940285693{792613165} 0.0 73517.0 10861.0 0.2681152748365712 5 30 21.0 0.0 0.2681152748365712 0
4 ec.gp.GPIndividual@1391051952{-1185353933} 0.0 81667.0 14578.0 0.6452874193990945 5 23 21.0 0.0 0.6452874193990945 0
4 ec.gp.GPIndividual@2125843545{1807924865} 0.0 83219.0 10087.0 0.3334985625061961 5 36 21.0 0.0 0.3334985625061961 0
4 ec.gp.GPIndividual@940285693{792613165} 0.0 74156.0 8160.0 0.052450980392156864 5 30 21.0 0.0 0.052450980392156864 0
4 ec.gp.GPIndividual@2125843545{1807924865} 0.0 83117.0 8317.0 0.2039196825778526 5 36 21.0 0.0 0.2039196825778526 0
4 ec.gp.GPIndividual@1504606015{-43306228} 0.0 15058.0 12802.0 0.17622246523980628 4 9 21.0 0.0 0.17622246523980628 0
4 ec.gp.GPIndividual@1391051952{-1185353933} 0.0 82002.0 10861.0 0.4930485222355216 5 23 21.0 0.0 4 ec.gp.GPIndividual@940285693{792613165} 0.4930485222355216 0
0.0 73522.0 10861.0 0.3786908295578816 5 30 21.0 0.0 0.3786908295578816 0
4 ec.gp.GPIndividual@940285693{792613165} 0.0 73517.0 10087.0 0.21195598294834936 5 30 21.0 0.0 0.21195598294834936 0
4 ec.gp.GPIndividual@1504606015{-43306228} 0.0 4 ec.gp.GPIndividual@1391051952{-1185353933} 12629.0 8160.0 0.25200753445028257 0.0 4 9 21.0 0.0 0.25200753445028257 0
82827.0 8160.0 0.2241421568627451 5 23 21.0 0.0 4 ec.gp.GPIndividual@940285693{792613165} 0.2241421568627451 0
0.0 74156.0 8317.0 0.03258386437417338 5 30 21.0 0.0 0.03258386437417338 0
4 ec.gp.GPIndividual@1504606015{-43306228} 0.0 14728.0 8317.0 0.7708308284237104 4 9 21.0 0.0 0.7708308284237104 0
4 ec.gp.GPIndividual@1391051952{-1185353933} 0.0 81460.0 12802.0 0.6122480862365255 5 23 21.0 0.0 0.6122480862365255 0
4 ec.gp.GPIndividual@477914815{332401325} 0.0 69180.0 10054.0 0.09727471653073404 5 44 21.0 0.0 0.09727471653073404 0
4 ec.gp.GPIndividual@1391051952{-1185353933} 0.0 82064.0 10087.0 0.44800237930008924 5 23 21.0 0.0 0.44800237930008924 0
4 ec.gp.GPIndividual@1441773599{-1839795002} 1.0 14537.0 10054.0 0.44589218221603344 5 28 21.0 0.0 0.44589218221603344 0
4 ec.gp.GPIndividual@477914815{332401325} 0.0 69146.0 8387.0 0.07809705496601883 5 44 21.0 0.0 0.07809705496601883 0
4 ec.gp.GPIndividual@1391051952{-1185353933} 0.0 82827.0 8317.0 0.23878802452807502 5 23 21.0 0.0 0.23878802452807502 0
4 ec.gp.GPIndividual@477914815{332401325} 0.0 68678.0 14578.0 0.41185347784332554 5 44 21.0 0.0 0.41185347784332554 0
4 ec.gp.GPIndividual@1142792936{641949077} 0.0 86165.0 10054.0 0.5817585040779789 5 23 21.0 0.0 0.5817585040779789 0
4 ec.gp.GPIndividual@477914815{332401325} 0.0 68091.0 10861.0 0.26461651781603907 5 44 21.0 0.0 0.26461651781603907 0
4 ec.gp.GPIndividual@1142792936{641949077} 0.0 86165.0 8387.0 0.4986288303326577 5 23 21.0 0.0 4 ec.gp.GPIndividual@477914815{332401325} 0.4986288303326577 0
0.0 69146.0 8160.0 0.10808823529411765 5 44 21.0 0.0 0.10808823529411765 0
4 ec.gp.GPIndividual@477914815{332401325} 0.0 68104.0 12802.0 0.37509764099359477 5 44 21.0 0.0 0.37509764099359477 0
4 ec.gp.GPIndividual@477914815{332401325} 0.0 68091.0 10087.0 0.2081887578070784 5 44 21.0 0.0 0.2081887578070784 0
4 ec.gp.GPIndividual@477914815{332401325} 0.0 69146.0 8317.0 0.08717085487555609 5 44 21.0 0.0 0.08717085487555609 0
4 ec.gp.GPIndividual@1823689046{1150897243} 0.0 69180.0 10054.0 0.09727471653073404 5 44 21.0 0.0 0.09727471653073404 0
4 ec.gp.GPIndividual@1823689046{1150897243} 0.0 69146.0 8387.0 0.07809705496601883 5 44 21.0 0.0 0.07809705496601883 0
4 ec.gp.GPIndividual@1823689046{1150897243} 0.0 68678.0 14578.0 0.41185347784332554 5 44 21.0 0.0 0.41185347784332554 0
4 ec.gp.GPIndividual@1823689046{1150897243} 0.0 68091.0 10861.0 0.26461651781603907 5 44 21.0 0.0 0.26461651781603907 0
4 ec.gp.GPIndividual@1823689046{1150897243} 0.0 69146.0 8160.0 0.10808823529411765 5 44 21.0 0.0 0.10808823529411765 0
4 ec.gp.GPIndividual@1823689046{1150897243} 0.0 68104.0 12802.0 0.37509764099359477 5 44 21.0 0.0 0.37509764099359477 0
4 ec.gp.GPIndividual@1823689046{1150897243} 0.0 68091.0 10087.0 0.2081887578070784 5 44 21.0 0.0 0.2081887578070784 0
4 ec.gp.GPIndividual@1823689046{1150897243} 0.0 69146.0 8317.0 0.08717085487555609 5 44 21.0 0.0 0.08717085487555609 0
4 ec.gp.GPIndividual@1325684772{-131317047} 0.0 28737.0 10054.0 0.2278695046747563 5 30 21.0 0.0 0.2278695046747563 0
4 ec.gp.GPIndividual@1504919338{805237016} 0.0 63788.0 10054.0 0.09011338770638552 5 45 21.0 0.0 0.09011338770638552 0
4 ec.gp.GPIndividual@1504919338{805237016} 0.0 63788.0 8387.0 0.0907356623345654 5 45 21.0 0.0 0.0907356623345654 0
4 ec.gp.GPIndividual@1504919338{805237016} 0.0 63873.0 14578.0 0.36664837426258745 5 45 21.0 0.0 0.36664837426258745 0
4 ec.gp.GPIndividual@1504919338{805237016} 0.0 63788.0 10861.0 0.15772028358346377 5 45 21.0 0.0 0.15772028358346377 0
4 ec.gp.GPIndividual@1504919338{805237016} 0.0 63788.0 8160.0 0.12107843137254902 5 45 21.0 0.0 0.12107843137254902 0
4 ec.gp.GPIndividual@1504919338{805237016} 0.0 63822.0 12802.0 0.2827683174503984 5 45 21.0 0.0 0.2827683174503984 0
4 ec.gp.GPIndividual@1504919338{805237016} 0.0 63788.0 10087.0 0.09309011599087935 5 45 21.0 0.0 0.09309011599087935 0
4 ec.gp.GPIndividual@1504919338{805237016} 0.0 63788.0 8317.0 0.09991583503667188 5 45 21.0 0.0 0.09991583503667188 0
4 ec.gp.GPIndividual@1938734252{-284098182} 0.0 73891.0 10054.0 0.17217028048537894 5 38 21.0 0.0 0.17217028048537894 0
4 ec.gp.GPIndividual@1938734252{-284098182} 0.0 77206.0 8387.0 0.263860736854656 5 38 21.0 0.0 0.263860736854656 0
4 ec.gp.GPIndividual@1938734252{-284098182} 0.0 73550.0 14578.0 0.4524626148991631 5 38 21.0 0.0 0.4524626148991631 0
4 ec.gp.GPIndividual@1938734252{-284098182} 0.0 73160.0 10861.0 0.30098517631893934 5 38 21.0 0.0 0.30098517631893934 0
4 ec.gp.GPIndividual@1938734252{-284098182} 0.0 78313.0 8160.0 0.10772058823529412 5 38 21.0 0.0 0.10772058823529412 0
4 ec.gp.GPIndividual@1938734252{-284098182} 0.0 72760.0 12802.0 0.4382127792532417 5 38 21.0 0.0 0.4382127792532417 0
4 ec.gp.GPIndividual@1938734252{-284098182} 0.0 73160.0 10087.0 0.24734807177555268 5 38 21.0 0.0 0.24734807177555268 0
4 ec.gp.GPIndividual@1938734252{-284098182} 0.0 78313.0 8317.0 0.12456414572562222 5 38 21.0 0.0 0.12456414572562222 0
4 ec.gp.GPIndividual@213415420{536564710} 0.0 72946.0 10054.0 0.2661627213049533 5 39 21.0 0.0 0.2661627213049533 0
4 ec.gp.GPIndividual@213415420{536564710} 0.0 72946.0 8387.0 0.1203052342911649 5 39 21.0 0.0 0.1203052342911649 0
4 ec.gp.GPIndividual@213415420{536564710} 0.0 72515.0 14578.0 0.5234600082315818 5 39 21.0 0.0 0.5234600082315818 0
4 ec.gp.GPIndividual@1325684772{-131317047} 0.0 14547.0 8387.0 0.734470013115536 5 30 21.0 0.0 0.734470013115536 0
4 ec.gp.GPIndividual@213415420{536564710} 0.0 72307.0 10861.0 0.37952306417456955 5 39 21.0 0.0 0.37952306417456955 0
4 ec.gp.GPIndividual@213415420{536564710} 0.0 72946.0 8160.0 0.09583333333333334 5 39 21.0 0.0 0.09583333333333334 0
4 ec.gp.GPIndividual@213415420{536564710} 0.0 72341.0 12802.0 0.4709420403062022 5 39 21.0 0.0 0.4709420403062022 0
4 ec.gp.GPIndividual@213415420{536564710} 0.0 72307.0 10087.0 0.33191236244671357 5 39 21.0 0.0 0.33191236244671357 0
4 ec.gp.GPIndividual@213415420{536564710} 0.0 72946.0 8317.0 0.1129012865215823 5 39 21.0 0.0 0.1129012865215823 0
4 ec.gp.GPIndividual@2058839236{-1294986617} 0.0 69180.0 10054.0 0.09727471653073404 5 42 21.0 0.0 0.09727471653073404 0
4 ec.gp.GPIndividual@2058839236{-1294986617} 0.0 69146.0 8387.0 0.07809705496601883 5 42 21.0 0.0 0.07809705496601883 0
4 ec.gp.GPIndividual@2058839236{-1294986617} 0.0 68678.0 14578.0 0.41185347784332554 5 42 21.0 0.0 0.41185347784332554 0
4 ec.gp.GPIndividual@2058839236{-1294986617} 0.0 68091.0 10861.0 0.26461651781603907 5 42 21.0 0.0 0.26461651781603907 0
4 ec.gp.GPIndividual@2058839236{-1294986617} 0.0 69146.0 8160.0 0.10808823529411765 5 42 21.0 0.0 0.10808823529411765 0
4 ec.gp.GPIndividual@2058839236{-1294986617} 0.0 68104.0 12802.0 0.37509764099359477 5 42 21.0 0.0 0.37509764099359477 0
4 ec.gp.GPIndividual@2058839236{-1294986617} 0.0 68091.0 10087.0 0.2081887578070784 5 42 21.0 0.0 0.2081887578070784 0
4 ec.gp.GPIndividual@1325684772{-131317047} 0.0 58187.0 14578.0 0.3818768006585265 5 30 21.0 0.0 0.3818768006585265 0
4 ec.gp.GPIndividual@1441773599{-1839795002} 4 ec.gp.GPIndividual@2058839236{-1294986617} 1.0 0.0 15676.0 8387.0 0.8690831048050555 69146.0 8387.0 0.08717085487555609 5 28 21.0 0.0 5 42 21.0 0.0 0.8690831048050555 0
0.08717085487555609 0
4 ec.gp.GPIndividual@1325684772{-131317047} 0.0 12919.0 10861.0 0.18948531442776909 5 30 21.0 0.0 0.18948531442776909 0
4 ec.gp.GPIndividual@1142792936{641949077} 3.0 15958.0 14578.0 0.09466319110989162 5 23 21.0 0.0 0.09466319110989162 0
4 ec.gp.GPIndividual@1142792936{641949077} 0.0 86157.0 10861.0 0.613571494337538 5 23 21.0 0.0 0.613571494337538 0
4 ec.gp.GPIndividual@1142792936{641949077} 0.0 66043.0 8160.0 0.2721813725490196 5 23 21.0 0.0 0.2721813725490196 0
4 ec.gp.GPIndividual@1325684772{-131317047} 0.0 13389.0 8160.0 0.6408088235294118 5 30 21.0 0.0 0.6408088235294118 0
4 ec.gp.GPIndividual@1325684772{-131317047} 0.0 57858.0 12802.0 0.3218247148882987 5 30 21.0 0.0 0.3218247148882987 0
4 ec.gp.GPIndividual@1441773599{-1839795002} 2.0 15790.0 14578.0 0.08313897653999176 5 28 21.0 0.0 0.08313897653999176 0
4 ec.gp.GPIndividual@1325684772{-131317047} 1.0 12720.0 10087.0 0.2610290472885893 5 30 21.0 0.0 0.2610290472885893 0
4 ec.gp.GPIndividual@1325684772{-131317047} 0.0 13502.0 8317.0 0.6234219069375977 5 30 21.0 0.0 0.6234219069375977 0
4 ec.gp.GPIndividual@1753542141{687156433} 0.0 100242.0 10054.0 0.8120151183608514 2 4 21.0 0.0 0.8120151183608514 0
4 ec.gp.GPIndividual@1753542141{687156433} 0.0 100242.0 8387.0 0.7746512459759151 2 4 21.0 0.0 0.7746512459759151 0
4 ec.gp.GPIndividual@1753542141{687156433} 0.0 100242.0 14578.0 0.8703525860886266 2 4 21.0 0.0 0.8703525860886266 0
4 ec.gp.GPIndividual@1753542141{687156433} 0.0 100242.0 10861.0 0.82598287450511 2 4 21.0 0.0 0.82598287450511 0
4 ec.gp.GPIndividual@1753542141{687156433} 0.0 100242.0 8160.0 0.7683823529411765 2 4 21.0 0.0 0.7683823529411765 0
4 ec.gp.GPIndividual@1753542141{687156433} 0.0 100242.0 12802.0 0.8523668176847368 2 4 21.0 0.0 0.8523668176847368 0
4 ec.gp.GPIndividual@1753542141{687156433} 0.0 100242.0 10087.0 0.8126301179736294 2 4 21.0 0.0 0.8126301179736294 0
4 ec.gp.GPIndividual@1753542141{687156433} 0.0 100242.0 8317.0 0.7727545990140676 2 4 21.0 0.0 0.7727545990140676 0
4 ec.gp.GPIndividual@1743882254{-1018227793} 0.0 74156.0 10054.0 0.1458126118957629 5 32 21.0 0.0 0.1458126118957629 0
4 ec.gp.GPIndividual@1743882254{-1018227793} 0.0 74156.0 8387.0 0.02396566114224395 5 32 21.0 0.0 0.02396566114224395 0
4 ec.gp.GPIndividual@1743882254{-1018227793} 0.0 73696.0 14578.0 0.44244752366579776 5 32 21.0 0.0 0.44244752366579776 0
4 ec.gp.GPIndividual@1743882254{-1018227793} 0.0 73517.0 10861.0 0.2681152748365712 5 32 21.0 0.0 0.2681152748365712 0
4 ec.gp.GPIndividual@1743882254{-1018227793} 0.0 74156.0 8160.0 0.052450980392156864 5 32 21.0 0.0 0.052450980392156864 0
4 ec.gp.GPIndividual@1743882254{-1018227793} 0.0 73522.0 12802.0 0.3786908295578816 5 32 21.0 0.0 0.3786908295578816 0
4 ec.gp.GPIndividual@1743882254{-1018227793} 0.0 73517.0 10087.0 0.21195598294834936 5 32 21.0 0.0 0.21195598294834936 0
4 ec.gp.GPIndividual@1743882254{-1018227793} 0.0 74156.0 8317.0 0.03258386437417338 5 32 21.0 0.0 0.03258386437417338 0
4 ec.gp.GPIndividual@1441773599{-1839795002} 2.0 12563.0 10861.0 0.15670748549857288 5 28 21.0 0.0 0.15670748549857288 0
4 ec.gp.GPIndividual@1142792936{641949077} 2.0 14028.0 12802.0 0.0957662865177316 5 23 21.0 0.0 0.0957662865177316 0
4 ec.gp.GPIndividual@1142792936{641949077} 0.0 86165.0 10087.0 0.5831267968672549 5 23 21.0 0.0 0.5831267968672549 0
4 ec.gp.GPIndividual@1142792936{641949077} 0.0 66043.0 8317.0 0.285920403991824 5 23 21.0 0.0 0.285920403991824 0
4 ec.gp.GPIndividual@1441773599{-1839795002} 1.0 15150.0 8160.0 0.8566176470588235 5 28 21.0 0.0 0.8566176470588235 0
4 ec.gp.GPIndividual@1441773599{-1839795002} 2.0 15147.0 12802.0 0.18317450398375254 5 28 21.0 0.0 0.18317450398375254 0
4 ec.gp.GPIndividual@1441773599{-1839795002} 2.0 12095.0 10087.0 0.19906810746505402 5 28 21.0 0.0 0.19906810746505402 0
4 ec.gp.GPIndividual@1441773599{-1839795002} 1.0 15739.0 8317.0 0.8923890826018998 5 28 21.0 0.0 0.8923890826018998 0
4 ec.gp.GPIndividual@983294297{957042431} 0.0 69180.0 10054.0 0.09727471653073404 5 42 21.0 0.0 0.09727471653073404 0
4 ec.gp.GPIndividual@983294297{957042431} 0.0 69146.0 8387.0 0.07809705496601883 5 42 21.0 0.0 0.07809705496601883 0
4 ec.gp.GPIndividual@983294297{957042431} 0.0 68678.0 14578.0 0.41185347784332554 5 42 21.0 0.0 0.41185347784332554 0
4 ec.gp.GPIndividual@983294297{957042431} 0.0 68091.0 10861.0 0.26461651781603907 5 42 21.0 0.0 0.26461651781603907 0
4 ec.gp.GPIndividual@983294297{957042431} 0.0 69146.0 8160.0 0.10808823529411765 5 42 21.0 0.0 0.10808823529411765 0
4 ec.gp.GPIndividual@983294297{957042431} 0.0 68104.0 12802.0 0.37509764099359477 5 42 21.0 0.0 0.37509764099359477 0
4 ec.gp.GPIndividual@983294297{957042431} 0.0 68091.0 10087.0 0.2081887578070784 5 42 21.0 0.0 0.2081887578070784 0
4 ec.gp.GPIndividual@983294297{957042431} 0.0 69146.0 8317.0 0.08717085487555609 5 42 21.0 0.0 0.08717085487555609 0
4 ec.gp.GPIndividual@1402053109{-58318524} 0.0 73814.0 10054.0 0.17982892381141835 5 42 21.0 0.0 0.17982892381141835 0
4 ec.gp.GPIndividual@1402053109{-58318524} 0.0 73414.0 8387.0 0.06450459043758197 5 42 21.0 0.0 0.06450459043758197 0
4 ec.gp.GPIndividual@1402053109{-58318524} 0.0 72926.0 14578.0 0.4952668404445054 5 42 21.0 0.0 0.4952668404445054 0
4 ec.gp.GPIndividual@1402053109{-58318524} 0.0 72921.0 10861.0 0.3229905165270233 5 42 21.0 0.0 0.3229905165270233 0
4 ec.gp.GPIndividual@1402053109{-58318524} 0.0 74158.0 8160.0 0.05269607843137255 5 42 21.0 0.0 0.05269607843137255 0
4 ec.gp.GPIndividual@1402053109{-58318524} 0.0 72760.0 12802.0 0.4382127792532417 5 42 21.0 0.0 0.4382127792532417 0
4 ec.gp.GPIndividual@1402053109{-58318524} 0.0 72921.0 10087.0 0.27104193516407254 5 42 21.0 0.0 0.27104193516407254 0
4 ec.gp.GPIndividual@1402053109{-58318524} 0.0 74158.0 8317.0 0.03282433569796802 5 42 21.0 0.0 0.03282433569796802 0
4 ec.gp.GPIndividual@826078300{814159419} 0.0 69180.0 10054.0 0.09727471653073404 5 44 21.0 0.0 0.09727471653073404 0
4 ec.gp.GPIndividual@826078300{814159419} 0.0 69146.0 8387.0 0.07809705496601883 5 44 21.0 0.0 0.07809705496601883 0
4 ec.gp.GPIndividual@826078300{814159419} 0.0 68678.0 14578.0 0.41185347784332554 5 44 21.0 0.0 0.41185347784332554 0
4 ec.gp.GPIndividual@826078300{814159419} 0.0 68091.0 10861.0 0.26461651781603907 5 44 21.0 0.0 0.26461651781603907 0
4 ec.gp.GPIndividual@826078300{814159419} 0.0 69146.0 8160.0 0.10808823529411765 5 44 21.0 0.0 0.10808823529411765 0
4 ec.gp.GPIndividual@826078300{814159419} 0.0 68104.0 12802.0 0.37509764099359477 5 44 21.0 0.0 0.37509764099359477 0
4 ec.gp.GPIndividual@826078300{814159419} 0.0 68091.0 10087.0 0.2081887578070784 5 44 21.0 0.0 0.2081887578070784 0
4 ec.gp.GPIndividual@826078300{814159419} 0.0 69146.0 8317.0 0.08717085487555609 5 44 21.0 0.0 0.08717085487555609 0
4 ec.gp.GPIndividual@423333156{-1245695866} 1.0 14785.0 10054.0 0.47055898149990055 5 32 21.0 0.0 0.47055898149990055 0
4 ec.gp.GPIndividual@423333156{-1245695866} 1.0 13295.0 8387.0 0.585191367592703 5 32 21.0 0.0 0.585191367592703 0
4 ec.gp.GPIndividual@423333156{-1245695866} 0.0 53507.0 14578.0 0.3280971326656606 5 32 21.0 0.0 0.3280971326656606 0
4 ec.gp.GPIndividual@423333156{-1245695866} 1.0 23332.0 10861.0 0.14206794954424087 5 32 21.0 0.0 0.14206794954424087 0
4 ec.gp.GPIndividual@423333156{-1245695866} 1.0 13567.0 8160.0 0.6626225490196078 5 32 21.0 0.0 0.6626225490196078 0
4 ec.gp.GPIndividual@423333156{-1245695866} 1.0 17009.0 12802.0 0.32862052804249337 5 32 21.0 0.0 0.32862052804249337 0
4 ec.gp.GPIndividual@423333156{-1245695866} 1.0 23332.0 10087.0 0.22970159611380986 5 32 21.0 0.0 0.22970159611380986 0
4 ec.gp.GPIndividual@423333156{-1245695866} 1.0 13606.0 8317.0 0.6359264157749188 5 32 21.0 0.0 0.6359264157749188 0
4 ec.gp.GPIndividual@2085561971{-1921135775} 0.0 72328.0 10054.0 0.3276307937139447 5 37 21.0 0.0 0.3276307937139447 0
4 ec.gp.GPIndividual@2085561971{-1921135775} 0.0 72328.0 8387.0 0.19399069989269108 5 37 21.0 0.0 0.19399069989269108 0
4 ec.gp.GPIndividual@2085561971{-1921135775} 0.0 72926.0 14578.0 0.4952668404445054 5 37 21.0 0.0 0.4952668404445054 0
4 ec.gp.GPIndividual@2085561971{-1921135775} 0.0 72752.0 10861.0 0.3385507780130743 5 37 21.0 0.0 0.3385507780130743 0
4 ec.gp.GPIndividual@2085561971{-1921135775} 0.0 72311.0 8160.0 0.17365196078431372 5 37 21.0 0.0 0.17365196078431372 0
4 ec.gp.GPIndividual@2085561971{-1921135775} 0.0 72752.0 12802.0 0.43883768161224807 5 37 21.0 0.0 0.43883768161224807 0
4 ec.gp.GPIndividual@2085561971{-1921135775} 0.0 72361.0 10087.0 0.32655893724596013 5 37 21.0 0.0 0.32655893724596013 0
4 ec.gp.GPIndividual@2085561971{-1921135775} 0.0 72311.0 8317.0 0.1892509318263797 5 37 21.0 0.0 0.1892509318263797 0
5 ec.gp.GPIndividual@623201937{-745523325} 0.0 74156.0 10054.0 0.1458126118957629 5 37 21.0 0.0 0.1458126118957629 0
5 ec.gp.GPIndividual@27276494{1169856310} 0.0 73517.0 10054.0 0.20936940521185599 5 ec.gp.GPIndividual@579845638{845765089} 5 38 21.0 0.0 0.0 0.20936940521185599 0
5 ec.gp.GPIndividual@1689435966{-1857571164} 0.0 75154.0 10054.0 0.046548637358265366 5 ec.gp.GPIndividual@623201937{-745523325} 5 26 21.0 0.0 0.046548637358265366 0
82255.0 10054.0 0.42719315695245674 5 28 21.0 0.0 5 ec.gp.GPIndividual@27276494{1169856310} 5 ec.gp.GPIndividual@1594761767{99841326} 0.0 0.42719315695245674 0
0.0 73517.0 8387.0 0.05222367950399428 59040.0 8387.0 0.018897951064253033 5 43 21.0 0.0 5 38 21.0 0.0 0.018897951064253033 0
0.0 5 ec.gp.GPIndividual@579845638{845765089} 0.0 0.05222367950399428 0
82255.0 8387.0 0.31334207702396566 74156.0 8387.0 0.02396566114224395 5 ec.gp.GPIndividual@985485015{667001022} 5 ec.gp.GPIndividual@1689435966{-1857571164} 5 37 21.0 0.0 5 28 21.0 0.0 0.02396566114224395 0
0.31334207702396566 0
0.0 5 ec.gp.GPIndividual@1594761767{99841326} 0.0 0.0 75154.0 8387.0 0.14295934183855968 59003.0 8387.0 0.17169428878025517 5 ec.gp.GPIndividual@27276494{1169856310} 0.0 5 ec.gp.GPIndividual@623201937{-745523325} 68757.0 8387.0 0.1393475233737816 5 26 21.0 0.0 5 43 21.0 0.0 0.0 5 42 21.0 0.0 73573.0 14578.0 0.4508848950473316 0.14295934183855968 0
5 ec.gp.GPIndividual@579845638{845765089} 0.0 81888.0 14578.0 0.6301275895184525 5 28 21.0 0.0 5 38 21.0 0.0 0.6301275895184525 0
73696.0 14578.0 0.44244752366579776 5 37 21.0 0.0 0.44244752366579776 0
0.1393475233737816 0
0.17169428878025517 0
5 ec.gp.GPIndividual@623201937{-745523325} 5 ec.gp.GPIndividual@579845638{845765089} 0.0 0.0 81616.0 10861.0 0.5285885277598747 5 28 21.0 0.0 73517.0 10861.0 0.2681152748365712 0.4508848950473316 0
5 ec.gp.GPIndividual@1689435966{-1857571164} 0.0 0.5285885277598747 0
5 37 21.0 0.0 0.2681152748365712 0
74144.0 14578.0 0.41171628481273154 5 26 21.0 0.0 0.41171628481273154 0
5 ec.gp.GPIndividual@579845638{845765089} 0.0 5 ec.gp.GPIndividual@27276494{1169856310} 82255.0 8160.0 0.2942401960784314 5 28 21.0 0.0 0.2942401960784314 0
5 ec.gp.GPIndividual@1594761767{99841326} 0.0 5 ec.gp.GPIndividual@623201937{-745523325} 0.0 59122.0 8160.0 0.3177390588558101 74156.0 8160.0 0.052450980392156864 0.0 5 37 21.0 0.0 5 43 21.0 0.0 0.3177390588558101 0
73517.0 8160.0 0.2681152748365712 5 ec.gp.GPIndividual@579845638{845765089} 0.0 5 38 21.0 0.0 81616.0 12802.0 0.6000624902359006 0.2681152748365712 0
0.052450980392156864 0
5 28 21.0 0.0 0.6000624902359006 0
5 ec.gp.GPIndividual@1689435966{-1857571164} 0.0 74215.0 10861.0 0.2038486327225854 5 ec.gp.GPIndividual@985485015{667001022} 5 26 21.0 0.0 5 ec.gp.GPIndividual@27276494{1169856310} 0.0 0.2038486327225854 0
5 ec.gp.GPIndividual@623201937{-745523325} 0.0 73522.0 12802.0 0.3786908295578816 0.0 5 37 21.0 0.0 73517.0 12802.0 0.0258578431372549 5 ec.gp.GPIndividual@1594761767{99841326} 0.3786908295578816 0
68757.0 8160.0 0.03171575056635269 5 ec.gp.GPIndividual@579845638{845765089} 5 42 21.0 0.0 0.0 0.0 0.03171575056635269 0
5 38 21.0 0.0 5 ec.gp.GPIndividual@623201937{-745523325} 0.0258578431372549 0
58911.0 10087.0 0.1036736948715588 5 43 21.0 0.0 0.1036736948715588 0
5 ec.gp.GPIndividual@1689435966{-1857571164} 81616.0 10087.0 0.4924159809655993 0.0 5 28 21.0 0.0 0.4924159809655993 0
0.0 73517.0 12802.0 0.21195598294834936 5 ec.gp.GPIndividual@27276494{1169856310} 5 37 21.0 0.0 0.21195598294834936 0
75154.0 8160.0 0.1747549019607843 5 26 21.0 0.0 0.0 0.1747549019607843 0
5 ec.gp.GPIndividual@579845638{845765089} 0.0 5 ec.gp.GPIndividual@1594761767{99841326} 73522.0 12802.0 0.3786908295578816 82255.0 8160.0 0.3075628231333413 0.0 5 38 21.0 0.0 5 28 21.0 0.0 59486.0 8160.0 0.26348039215686275 0.3786908295578816 0
5 ec.gp.GPIndividual@623201937{-745523325} 0.0 74156.0 8317.0 0.03258386437417338 5 43 21.0 0.0 5 37 21.0 0.0 0.26348039215686275 0
0.3075628231333413 0
5 ec.gp.GPIndividual@27276494{1169856310} 0.0 5 ec.gp.GPIndividual@985485015{667001022} 0.03258386437417338 0
73517.0 14578.0 0.21195598294834936 5 ec.gp.GPIndividual@1689435966{-1857571164} 0.0 74234.0 12802.0 0.3230745196063115 5 38 21.0 0.0 5 26 21.0 0.0 0.21195598294834936 0
5 ec.gp.GPIndividual@1136589224{345131756} 0.0 0.0 91632.0 10054.0 0.5814601153769644 69509.0 10054.0 0.3548497736314995 5 42 21.0 0.0 5 18 21.0 0.0 0.3548497736314995 0
0.3230745196063115 0
5 ec.gp.GPIndividual@27276494{1169856310} 0.0 73517.0 8317.0 0.0442467235782133 5 ec.gp.GPIndividual@1594761767{99841326} 5 38 21.0 0.0 0.0 0.5814601153769644 0
5 ec.gp.GPIndividual@1950822431{516883329} 0.0 59409.0 10054.0 0.01780385916053312 58396.0 8317.0 0.27980003124511793 5 43 21.0 0.0 5 43 21.0 0.0 0.0442467235782133 0
5 ec.gp.GPIndividual@1136589224{345131756} 0.0 91632.0 8387.0 0.49827113389769884 0.27980003124511793 0
0.01780385916053312 0
5 18 21.0 0.0 0.49827113389769884 0
5 ec.gp.GPIndividual@1689435966{-1857571164} 0.0 74658.0 10087.0 0.09884009120650342 5 26 21.0 0.0 0.09884009120650342 0
5 ec.gp.GPIndividual@1136589224{345131756} 0.0 91683.0 14578.0 0.7078474413499795 5 18 21.0 0.0 0.7078474413499795 0
5 ec.gp.GPIndividual@1594761767{99841326} 0.0 58911.0 10087.0 0.03489640130861505 5 43 21.0 0.0 0.03489640130861505 0
5 ec.gp.GPIndividual@1136589224{345131756} 0.0 91632.0 10861.0 0.6125586962526471 5 18 21.0 0.0 0.6125586962526471 0
5 ec.gp.GPIndividual@985485015{667001022} 0.0 68757.0 10861.0 0.203296197403554 5 42 21.0 0.0 0.203296197403554 0
5 ec.gp.GPIndividual@1950822431{516883329} 0.0 59409.0 8387.0 0.2201025396446882 5 43 21.0 0.0 5 ec.gp.GPIndividual@1136589224{345131756} 0.2201025396446882 0
0.0 91632.0 8387.0 0.4843137254901961 5 18 21.0 0.0 0.4843137254901961 0
5 ec.gp.GPIndividual@1594761767{99841326} 0.0 5 ec.gp.GPIndividual@1689435966{-1857571164} 59486.0 8317.0 0.23962967416135625 0.0 5 43 21.0 0.0 75154.0 8317.0 0.1525790549476975 0.23962967416135625 0
5 ec.gp.GPIndividual@1136589224{345131756} 0.0 91632.0 12802.0 0.6713013591626308 5 18 21.0 0.0 5 26 21.0 0.0 0.6713013591626308 0
0.1525790549476975 0
5 ec.gp.GPIndividual@1136589224{345131756} 0.0 91632.0 10087.0 0.5828293843561019 5 18 21.0 0.0 0.5828293843561019 0
5 ec.gp.GPIndividual@1512741506{1132792892} 0.0 69180.0 10054.0 0.09727471653073404 5 ec.gp.GPIndividual@1950822431{516883329} 5 43 21.0 0.0 0.0 0.09727471653073404 0
5 ec.gp.GPIndividual@1136589224{345131756} 0.0 91632.0 8317.0 0.49404833473608273 60038.0 10054.0 0.25490465084373715 5 18 21.0 0.0 5 43 21.0 0.0 0.49404833473608273 0
0.25490465084373715 0
5 ec.gp.GPIndividual@985485015{667001022} 0.0 5 ec.gp.GPIndividual@1512741506{1132792892} 68757.0 8387.0 0.06041666666666667 0.0 5 42 21.0 0.0 69146.0 8387.0 0.07809705496601883 0.06041666666666667 0
5 43 21.0 0.0 0.07809705496601883 0
5 ec.gp.GPIndividual@1825501877{-1221520363} 0.0 71730.0 10054.0 0.3871096081161727 5 43 21.0 0.0 0.3871096081161727 0
5 ec.gp.GPIndividual@1755807198{171864950} 0.0 64949.0 10054.0 0.025363039586234336 5 41 21.0 0.0 0.025363039586234336 0
5 ec.gp.GPIndividual@1512741506{1132792892} 0.0 68678.0 14578.0 0.41185347784332554 5 43 21.0 0.0 5 ec.gp.GPIndividual@1950822431{516883329} 0.41185347784332554 0
0.0 59421.0 10861.0 0.05671669275389007 5 43 21.0 0.0 0.05671669275389007 0
5 ec.gp.GPIndividual@1755807198{171864950} 0.0 64949.0 8387.0 0.22916418266364613 5 41 21.0 0.0 0.22916418266364613 0
5 ec.gp.GPIndividual@1512741506{1132792892} 5 ec.gp.GPIndividual@1825501877{-1221520363} 0.0 0.0 68091.0 8387.0 0.26461651781603907 71730.0 8387.0 0.26529152259449146 5 43 21.0 0.0 5 43 21.0 0.0 0.26461651781603907 0
0.26529152259449146 0
5 ec.gp.GPIndividual@985485015{667001022} 5 ec.gp.GPIndividual@1755807198{171864950} 0.0 0.0 68791.0 14578.0 0.3214341509139197 5 ec.gp.GPIndividual@1950822431{516883329} 5 ec.gp.GPIndividual@1512741506{1132792892} 64984.0 14578.0 0.290437645767595 5 42 21.0 0.0 0.0 0.0 5 41 21.0 0.0 0.3214341509139197 0
59408.0 8160.0 0.25392156862745097 5 43 21.0 0.0 0.25392156862745097 0
0.290437645767595 0
69146.0 8160.0 0.10808823529411765 5 43 21.0 0.0 0.10808823529411765 0
5 ec.gp.GPIndividual@1825501877{-1221520363} 0.0 62749.0 14578.0 0.4437508574564412 5 43 21.0 0.0 0.4437508574564412 0
5 ec.gp.GPIndividual@1755807198{171864950} 0.0 64949.0 10861.0 0.0508240493508885 5 41 21.0 0.0 0.0508240493508885 0
5 ec.gp.GPIndividual@1950822431{516883329} 0.0 60026.0 12802.0 0.15247617559756288 5 43 21.0 0.0 5 ec.gp.GPIndividual@1512741506{1132792892} 0.15247617559756288 0
0.0 68104.0 12802.0 0.37509764099359477 5 43 21.0 0.0 0.37509764099359477 0
5 ec.gp.GPIndividual@1825501877{-1221520363} 0.0 71730.0 10861.0 0.4326489273547556 5 43 21.0 0.0 0.4326489273547556 0
5 ec.gp.GPIndividual@1755807198{171864950} 0.0 64949.0 8160.0 0.2633578431372549 5 41 21.0 0.0 0.2633578431372549 0
5 ec.gp.GPIndividual@985485015{667001022} 0.0 68757.0 10087.0 0.14216318033111927 5 42 21.0 0.0 0.14216318033111927 0
5 ec.gp.GPIndividual@1512741506{1132792892} 0.0 68091.0 10087.0 0.2081887578070784 5 43 21.0 0.0 0.2081887578070784 0
5 ec.gp.GPIndividual@1950822431{516883329} 0.0 59421.0 10087.0 0.01566372558738971 5 43 21.0 0.0 0.01566372558738971 0
5 ec.gp.GPIndividual@1755807198{171864950} 0.0 64951.0 12802.0 0.19457897203561944 5 41 21.0 0.0 0.19457897203561944 0
5 ec.gp.GPIndividual@1512741506{1132792892} 5 ec.gp.GPIndividual@1825501877{-1221520363} 0.0 0.0 69146.0 8317.0 0.08717085487555609 71730.0 8317.0 0.24485294117647058 5 43 21.0 0.0 5 43 21.0 0.0 0.08717085487555609 0
0.24485294117647058 0
5 ec.gp.GPIndividual@1755807198{171864950} 0.0 64949.0 10087.0 0.02200852582531972 5 41 21.0 0.0 0.02200852582531972 0
5 ec.gp.GPIndividual@1950822431{516883329} 0.0 59408.0 8317.0 0.2302512925333654 5 43 21.0 0.0 0.2302512925333654 0
5 ec.gp.GPIndividual@1190795571{1099865565} 0.0 78396.0 10054.0 0.2675552019096877 5 32 21.0 0.0 0.2675552019096877 0
5 ec.gp.GPIndividual@1755807198{171864950} 0.0 64949.0 8317.0 0.23950943849945894 5 41 21.0 0.0 0.23950943849945894 0
5 ec.gp.GPIndividual@985485015{667001022} 0.0 68757.0 8317.0 0.040399182397499095 5 42 21.0 0.0 5 ec.gp.GPIndividual@827375902{-391519201} 0.040399182397499095 0
0.0 5 ec.gp.GPIndividual@1825501877{-1221520363} 0.0 73198.0 12802.0 0.24109807041973344 5 ec.gp.GPIndividual@1190795571{1099865565} 0.0 5 27 21.0 0.0 62643.0 8387.0 0.37486330260896733 78396.0 10054.0 0.12197448432097294 5 43 21.0 0.0 0.24109807041973344 0
5 32 21.0 0.0 0.12197448432097294 0
0.37486330260896733 0
5 ec.gp.GPIndividual@205519425{1668544141} 0.0 77204.0 8387.0 0.3861149791127909 5 41 21.0 0.0 0.3861149791127909 0
5 ec.gp.GPIndividual@1011941104{-40058478} 0.0 101188.0 8387.0 0.7179232146409389 5 ec.gp.GPIndividual@827375902{-391519201} 2 3 21.0 0.0 0.0 0.7179232146409389 0
5 ec.gp.GPIndividual@205519425{1668544141} 0.0 77398.0 8387.0 0.24096816501728865 5 ec.gp.GPIndividual@1190795571{1099865565} 5 41 21.0 0.0 0.0 81626.0 8387.0 0.6480998765262724 0.24096816501728865 0
73170.0 8387.0 0.09359723381423632 5 27 21.0 0.0 5 ec.gp.GPIndividual@1011941104{-40058478} 0.09359723381423632 0
5 32 21.0 0.0 5 ec.gp.GPIndividual@1825501877{-1221520363} 0.0 5 ec.gp.GPIndividual@205519425{1668544141} 0.6480998765262724 0
0.0 101188.0 14578.0 0.6618576368188863 71730.0 14578.0 0.3891147020918013 2 3 21.0 0.0 0.6618576368188863 0
5 ec.gp.GPIndividual@827375902{-391519201} 0.0 72926.0 14578.0 0.4952668404445054 5 27 21.0 0.0 0.0 0.4952668404445054 0
5 ec.gp.GPIndividual@1011941104{-40058478} 0.0 101188.0 14578.0 0.805460282617643 77237.0 14578.0 0.5743586225819728 2 3 21.0 0.0 0.805460282617643 0
5 43 21.0 0.0 0.3891147020918013 0
5 ec.gp.GPIndividual@1190795571{1099865565} 0.0 81418.0 10861.0 0.5468188932879109 5 32 21.0 0.0 5 41 21.0 0.0 0.5468188932879109 0
0.5743586225819728 0
5 ec.gp.GPIndividual@827375902{-391519201} 0.0 72752.0 10861.0 0.3385507780130743 5 ec.gp.GPIndividual@1011941104{-40058478} 5 27 21.0 0.0 0.0 0.3385507780130743 0
101188.0 10861.0 0.7388822392044931 2 3 21.0 0.0 0.7388822392044931 0
5 ec.gp.GPIndividual@205519425{1668544141} 5 ec.gp.GPIndividual@1190795571{1099865565} 0.0 0.0 77204.0 8160.0 0.43172820182303656 81993.0 8160.0 0.3263480392156863 5 41 21.0 0.0 5 32 21.0 0.0 0.43172820182303656 0
0.3263480392156863 0
5 ec.gp.GPIndividual@1011941104{-40058478} 5 ec.gp.GPIndividual@827375902{-391519201} 0.0 5 ec.gp.GPIndividual@205519425{1668544141} 0.0 5 ec.gp.GPIndividual@1825501877{-1221520363} 0.0 77398.0 8160.0 0.21985294117647058 0.0 73014.0 8160.0 0.0875 5 41 21.0 0.0 71730.0 8160.0 0.2591078513887219 5 27 21.0 0.0 5 43 21.0 0.0 101188.0 8160.0 0.6524509803921569 0.21985294117647058 0
0.0875 0
5 ec.gp.GPIndividual@1190795571{1099865565} 0.0 0.2591078513887219 0
5 ec.gp.GPIndividual@205519425{1668544141} 0.0 77204.0 12802.0 0.5178878300265584 5 41 21.0 0.0 2 3 21.0 0.0 0.5178878300265584 0
5 ec.gp.GPIndividual@827375902{-391519201} 0.0 72752.0 12802.0 0.43883768161224807 0.6524509803921569 0
77770.0 12802.0 0.4736759881268552 5 ec.gp.GPIndividual@205519425{1668544141} 0.0 5 32 21.0 0.0 5 27 21.0 0.0 77204.0 10087.0 0.38812332705462477 0.43883768161224807 0
0.4736759881268552 0
5 ec.gp.GPIndividual@1011941104{-40058478} 0.0 101188.0 10054.0 0.7784721137322294 5 41 21.0 0.0 2 3 21.0 0.0 0.38812332705462477 0
5 ec.gp.GPIndividual@1731289140{-46195742} 0.0 73149.0 10087.0 0.24597175253630396 5 41 21.0 0.0 5 ec.gp.GPIndividual@827375902{-391519201} 0.24597175253630396 0
5 ec.gp.GPIndividual@1190795571{1099865565} 0.7784721137322294 0
5 ec.gp.GPIndividual@205519425{1668544141} 0.0 77398.0 8317.0 0.23457977636166888 5 41 21.0 0.0 0.0 0.23457977636166888 0
5 ec.gp.GPIndividual@1731289140{-46195742} 0.0 73127.0 8387.0 0.09872421604864672 5 41 21.0 0.0 0.0 0.09872421604864672 0
72531.0 8387.0 0.30970556161395857 5 27 21.0 0.0 5 ec.gp.GPIndividual@1011941104{-40058478} 0.30970556161395857 0
81418.0 10087.0 0.5120452067016953 5 32 21.0 0.0 0.5120452067016953 0
0.0 5 ec.gp.GPIndividual@827375902{-391519201} 101188.0 8317.0 0.7188460394567264 0.0 2 3 21.0 0.0 73014.0 8317.0 0.10472526151256463 0.7188460394567264 0
5 27 21.0 0.0 0.10472526151256463 0
5 ec.gp.GPIndividual@1011941104{-40058478} 0.0 101188.0 8317.0 0.6590116628592041 2 3 21.0 0.0 0.6590116628592041 0
5 ec.gp.GPIndividual@1190795571{1099865565} 0.0 81993.0 8317.0 0.3390645665504389 5 32 21.0 0.0 0.3390645665504389 0
5 ec.gp.GPIndividual@1731289140{-46195742} 0.0 72064.0 14578.0 0.5543970366305392 5 41 21.0 0.0 5 ec.gp.GPIndividual@875103737{263713307} 0.5543970366305392 0
5 ec.gp.GPIndividual@65105041{-1566461678} 0.0 5 ec.gp.GPIndividual@1929931539{1702544973} 0.0 73560.0 10054.0 0.2050925004973145 0.0 5 39 21.0 0.0 72685.0 10054.0 0.2921225382932166 69180.0 10054.0 0.09727471653073404 5 ec.gp.GPIndividual@1868167654{-1809041847} 5 44 21.0 0.0 0.0 5 36 21.0 0.0 0.2921225382932166 0
0.09727471653073404 0
74156.0 10054.0 0.1458126118957629 5 40 21.0 0.0 0.1458126118957629 0
0.2050925004973145 0
5 ec.gp.GPIndividual@1731289140{-46195742} 0.0 72365.0 10861.0 0.37418285609059937 5 41 21.0 0.0 0.37418285609059937 0
5 ec.gp.GPIndividual@1868167654{-1809041847} 0.0 74156.0 8387.0 0.02396566114224395 5 40 21.0 0.0 5 ec.gp.GPIndividual@1929931539{1702544973} 0.02396566114224395 0
5 ec.gp.GPIndividual@875103737{263713307} 0.0 73560.0 8387.0 0.04709669726958388 0.0 5 39 21.0 0.0 0.04709669726958388 0
69146.0 8387.0 0.07809705496601883 5 36 21.0 0.0 0.07809705496601883 0
5 ec.gp.GPIndividual@1868167654{-1809041847} 0.0 73696.0 14578.0 0.44244752366579776 5 40 21.0 0.0 0.44244752366579776 0
5 ec.gp.GPIndividual@875103737{263713307} 0.0 73550.0 14578.0 0.4524626148991631 5 39 21.0 0.0 0.4524626148991631 0
5 ec.gp.GPIndividual@65105041{-1566461678} 0.0 72254.0 8387.0 0.2028138786216764 5 44 21.0 0.0 5 ec.gp.GPIndividual@1731289140{-46195742} 0.2028138786216764 0
5 ec.gp.GPIndividual@1868167654{-1809041847} 0.0 73517.0 10861.0 0.2681152748365712 0.0 5 ec.gp.GPIndividual@1929931539{1702544973} 5 40 21.0 0.0 0.0 0.2681152748365712 0
68678.0 14578.0 0.41185347784332554 5 36 21.0 0.0 0.41185347784332554 0
5 ec.gp.GPIndividual@875103737{263713307} 0.0 5 ec.gp.GPIndividual@1868167654{-1809041847} 0.0 73136.0 8160.0 0.3031949175950649 74156.0 8160.0 0.052450980392156864 73127.0 14578.0 0.07365196078431373 5 40 21.0 0.0 5 39 21.0 0.0 5 41 21.0 0.0 0.052450980392156864 0
0.07365196078431373 0
0.3031949175950649 0
5 ec.gp.GPIndividual@1929931539{1702544973} 5 ec.gp.GPIndividual@1868167654{-1809041847} 0.0 0.0 68091.0 12802.0 0.26461651781603907 73522.0 12802.0 0.3786908295578816 5 36 21.0 0.0 5 40 21.0 0.0 0.26461651781603907 0
5 ec.gp.GPIndividual@875103737{263713307} 0.0 73560.0 8160.0 0.020588235294117647 0.3786908295578816 0
5 39 21.0 0.0 0.020588235294117647 0
5 ec.gp.GPIndividual@1731289140{-46195742} 0.0 5 ec.gp.GPIndividual@65105041{-1566461678} 0.0 5 ec.gp.GPIndividual@1929931539{1702544973} 71857.0 14578.0 0.5087486330260896 72349.0 8160.0 0.5348470297708876 0.0 5 41 21.0 0.0 5 44 21.0 0.0 69146.0 8160.0 0.10808823529411765 5 ec.gp.GPIndividual@1868167654{-1809041847} 5 36 21.0 0.0 0.0 0.10808823529411765 0
5 ec.gp.GPIndividual@875103737{263713307} 0.0 73517.0 10087.0 0.21195598294834936 72341.0 12802.0 0.4709420403062022 5 40 21.0 0.0 0.21195598294834936 0
0.5348470297708876 0
0.5087486330260896 0
5 ec.gp.GPIndividual@1868167654{-1809041847} 0.0 74156.0 8317.0 0.03258386437417338 5 40 21.0 0.0 0.03258386437417338 0
5 ec.gp.GPIndividual@1929931539{1702544973} 0.0 68104.0 8317.0 0.37509764099359477 5 36 21.0 0.0 5 39 21.0 0.0 0.37509764099359477 0
0.4709420403062022 0
5 ec.gp.GPIndividual@1929931539{1702544973} 0.0 68091.0 10087.0 0.2081887578070784 5 ec.gp.GPIndividual@875103737{263713307} 5 36 21.0 0.0 0.0 0.2081887578070784 0
73136.0 10087.0 0.24972737186477645 5 39 21.0 0.0 0.24972737186477645 0
5 ec.gp.GPIndividual@65105041{-1566461678} 0.0 71171.0 10861.0 0.48411748457784737 5 44 21.0 0.0 0.48411748457784737 0
5 ec.gp.GPIndividual@1929931539{1702544973} 0.0 69146.0 8317.0 0.08717085487555609 5 36 21.0 0.0 0.08717085487555609 0
5 ec.gp.GPIndividual@1097392432{-1056047575} 0.0 64743.0 10054.0 0.00487368211657052 5 ec.gp.GPIndividual@875103737{263713307} 5 26 21.0 0.0 0.0 0.00487368211657052 0
73560.0 10054.0 0.03907659011662859 5 39 21.0 0.0 0.03907659011662859 0
5 ec.gp.GPIndividual@1795814132{540167701} 0.0 105260.0 10054.0 0.8563755719116769 1 1 21.0 0.0 0.8563755719116769 0
5 ec.gp.GPIndividual@1731289140{-46195742} 5 ec.gp.GPIndividual@1795814132{540167701} 0.0 0.0 72427.0 8387.0 0.32001586200059484 105260.0 8387.0 0.8278287826397996 5 41 21.0 0.0 1 1 21.0 0.0 0.32001586200059484 0
0.8278287826397996 0
5 ec.gp.GPIndividual@1795814132{540167701} 0.0 105260.0 14578.0 0.9009466319110989 1 1 21.0 0.0 0.9009466319110989 0
5 ec.gp.GPIndividual@65105041{-1566461678} 5 ec.gp.GPIndividual@1795814132{540167701} 0.0 0.0 105260.0 10861.0 0.8670472332197772 72225.0 10861.0 0.18419117647058825 1 1 21.0 0.0 0.8670472332197772 0
5 44 21.0 0.0 5 ec.gp.GPIndividual@1097392432{-1056047575} 0.18419117647058825 0
5 ec.gp.GPIndividual@1795814132{540167701} 0.0 105260.0 8317.0 0.8230392156862745 5 ec.gp.GPIndividual@1731289140{-46195742} 1 1 21.0 0.0 0.8230392156862745 0
0.0 64751.0 8317.0 0.20555621795636103 0.0 5 26 21.0 0.0 5 ec.gp.GPIndividual@1795814132{540167701} 0.20555621795636103 0
73127.0 12802.0 0.0911386317181676 5 41 21.0 0.0 0.0911386317181676 0
0.0 105260.0 12802.0 0.8872051241993438 1 1 21.0 0.0 0.8872051241993438 0
5 ec.gp.GPIndividual@1795814132{540167701} 0.0 105260.0 10087.0 0.8568454446317042 1 1 21.0 0.0 0.8568454446317042 0
5 ec.gp.GPIndividual@926334863{-1730564532} 0.0 70769.0 10054.0 0.06077183210662423 5 30 21.0 0.0 5 ec.gp.GPIndividual@1795814132{540167701} 0.06077183210662423 0
5 ec.gp.GPIndividual@65105041{-1566461678} 0.0 71299.0 12802.0 0.5523355725667864 0.0 5 44 21.0 0.0 0.5523355725667864 0
105260.0 12802.0 0.8263797042202717 1 1 21.0 0.0 0.8263797042202717 0
5 ec.gp.GPIndividual@926334863{-1730564532} 0.0 70309.0 8387.0 0.21676403958507215 5 30 21.0 0.0 5 ec.gp.GPIndividual@1097392432{-1056047575} 0.21676403958507215 0
0.0 64571.0 14578.0 0.3187680065852655 5 26 21.0 0.0 0.3187680065852655 0
5 ec.gp.GPIndividual@926334863{-1730564532} 0.0 69868.0 14578.0 0.3302236246398683 5 30 21.0 0.0 0.3302236246398683 0
5 ec.gp.GPIndividual@65105041{-1566461678} 0.0 71183.0 10087.0 0.44334291662535935 5 44 21.0 0.0 0.44334291662535935 0
5 ec.gp.GPIndividual@926334863{-1730564532} 0.0 69711.0 10861.0 0.11545898167756193 5 30 21.0 0.0 0.11545898167756193 0
5 ec.gp.GPIndividual@1097392432{-1056047575} 0.0 64585.0 10861.0 0.0843384587054599 5 26 21.0 0.0 0.0843384587054599 0
5 ec.gp.GPIndividual@926334863{-1730564532} 0.0 71113.0 8160.0 0.3491421568627451 5 30 21.0 0.0 0.3491421568627451 0
5 ec.gp.GPIndividual@926334863{-1730564532} 0.0 69711.0 12802.0 0.2495703796281831 5 30 21.0 0.0 0.2495703796281831 0
5 ec.gp.GPIndividual@65105041{-1566461678} 0.0 72225.0 8317.0 0.19959119874954911 5 44 21.0 0.0 0.19959119874954911 0
5 ec.gp.GPIndividual@926334863{-1730564532} 0.0 69711.0 10087.0 0.047586001784475064 5 30 21.0 0.0 0.047586001784475064 0
5 ec.gp.GPIndividual@925284092{1302329018} 0.0 72047.0 10054.0 0.35557986870897157 5 40 21.0 0.0 0.35557986870897157 0
5 ec.gp.GPIndividual@1097392432{-1056047575} 0.0 65008.0 8160.0 0.27058823529411763 5 26 21.0 0.0 0.27058823529411763 0
5 ec.gp.GPIndividual@925284092{1302329018} 0.0 72047.0 8387.0 0.22749493263383808 5 40 21.0 0.0 0.22749493263383808 0
5 ec.gp.GPIndividual@926334863{-1730564532} 0.0 71113.0 8317.0 0.32367440182758206 5 30 21.0 0.0 0.32367440182758206 0
5 ec.gp.GPIndividual@925284092{1302329018} 0.0 72387.0 14578.0 0.5322403621896008 5 40 21.0 0.0 0.5322403621896008 0
5 ec.gp.GPIndividual@1175235864{737390437} 0.0 69143.0 10054.0 0.10095484384324648 5 32 21.0 0.0 0.10095484384324648 0
5 ec.gp.GPIndividual@925284092{1302329018} 0.0 72047.0 10861.0 0.4034619279992634 5 40 21.0 0.0 0.4034619279992634 0
5 ec.gp.GPIndividual@1175235864{737390437} 0.0 69143.0 8387.0 0.07773935853105997 5 32 21.0 0.0 0.07773935853105997 0
5 ec.gp.GPIndividual@925284092{1302329018} 0.0 72047.0 8160.0 0.2060049019607843 5 40 21.0 0.0 5 ec.gp.GPIndividual@1097392432{-1056047575} 0.2060049019607843 0
0.0 63776.0 8160.0 0.2863615060146852 5 26 21.0 0.0 0.2863615060146852 0
5 ec.gp.GPIndividual@1175235864{737390437} 5 ec.gp.GPIndividual@925284092{1302329018} 0.0 0.0 68678.0 12802.0 0.41185347784332554 72354.0 12802.0 0.46992657397281673 5 32 21.0 0.0 5 40 21.0 0.0 0.41185347784332554 0
0.46992657397281673 0
5 ec.gp.GPIndividual@925284092{1302329018} 0.0 5 ec.gp.GPIndividual@1175235864{737390437} 0.0 72047.0 10861.0 0.35768811341330425 5 40 21.0 0.0 68504.0 10861.0 0.22659055335604456 0.35768811341330425 0
5 32 21.0 0.0 0.22659055335604456 0
5 ec.gp.GPIndividual@925284092{1302329018} 0.0 72047.0 8317.0 0.22099314656727184 5 40 21.0 0.0 0.22099314656727184 0
5 ec.gp.GPIndividual@1175235864{737390437} 0.0 69143.0 8160.0 0.10772058823529412 5 32 21.0 0.0 0.10772058823529412 0
5 ec.gp.GPIndividual@1097392432{-1056047575} 0.0 63852.0 10087.0 0.08674531575294935 5 26 21.0 0.0 0.08674531575294935 0
5 ec.gp.GPIndividual@1175235864{737390437} 0.0 68504.0 12802.0 0.3438525230432745 5 32 21.0 0.0 0.3438525230432745 0
5 ec.gp.GPIndividual@1175235864{737390437} 0.0 68504.0 10087.0 0.16724496877168632 5 32 21.0 0.0 0.16724496877168632 0
5 ec.gp.GPIndividual@1175235864{737390437} 0.0 69143.0 8317.0 0.08681014788986413 5 32 21.0 0.0 0.08681014788986413 0
5 ec.gp.GPIndividual@1097392432{-1056047575} 0.0 65008.0 8317.0 0.24660334255140073 5 26 21.0 0.0 0.24660334255140073 0
5 ec.gp.GPIndividual@1335397653{1458494045} 0.0 63788.0 10054.0 0.09011338770638552 5 46 21.0 0.0 0.09011338770638552 0
5 ec.gp.GPIndividual@1573696566{1360203097} 0.0 74802.0 10054.0 0.08155957827730256 5 27 21.0 0.0 0.08155957827730256 0
5 ec.gp.GPIndividual@1335397653{1458494045} 0.0 63788.0 8387.0 0.0907356623345654 5 46 21.0 0.0 0.0907356623345654 0
5 ec.gp.GPIndividual@1335397653{1458494045} 0.0 5 ec.gp.GPIndividual@1573696566{1360203097} 63873.0 8387.0 0.36664837426258745 0.0 5 46 21.0 0.0 0.36664837426258745 0
74792.0 8387.0 0.09979730535352331 5 27 21.0 0.0 0.09979730535352331 0
5 ec.gp.GPIndividual@1335397653{1458494045} 0.0 63788.0 10861.0 0.15772028358346377 5 46 21.0 0.0 0.15772028358346377 0
5 ec.gp.GPIndividual@1573696566{1360203097} 0.0 5 ec.gp.GPIndividual@1335397653{1458494045} 78858.0 8160.0 0.4631636712854987 0.0 5 27 21.0 0.0 63788.0 8160.0 0.12107843137254902 0.4631636712854987 0
5 46 21.0 0.0 0.12107843137254902 0
5 ec.gp.GPIndividual@1335397653{1458494045} 0.0 63822.0 12802.0 0.2827683174503984 5 46 21.0 0.0 0.2827683174503984 0
5 ec.gp.GPIndividual@1573696566{1360203097} 0.0 78474.0 10861.0 0.31479605929472426 5 27 21.0 0.0 0.31479605929472426 0
5 ec.gp.GPIndividual@1335397653{1458494045} 0.0 63788.0 10087.0 0.09309011599087935 5 46 21.0 0.0 0.09309011599087935 0
5 ec.gp.GPIndividual@1335397653{1458494045} 0.0 63788.0 8317.0 0.09991583503667188 5 46 21.0 0.0 0.09991583503667188 0
5 ec.gp.GPIndividual@1573696566{1360203097} 0.0 74792.0 8160.0 0.1303921568627451 5 ec.gp.GPIndividual@1497179732{111920147} 5 27 21.0 0.0 0.0 0.1303921568627451 0
109280.0 10054.0 1.0 1 1 21.0 0.0 1.0 0
5 ec.gp.GPIndividual@1497179732{111920147} 0.0 109280.0 8387.0 1.0 1 1 21.0 0.0 1.0 0
5 ec.gp.GPIndividual@1497179732{111920147} 0.0 109280.0 14578.0 1.0 1 1 21.0 0.0 1.0 0
5 ec.gp.GPIndividual@1497179732{111920147} 0.0 109280.0 10861.0 1.0 1 1 21.0 0.0 1.0 0
5 ec.gp.GPIndividual@1497179732{111920147} 0.0 109280.0 8160.0 1.0 1 1 21.0 0.0 1.0 0
5 ec.gp.GPIndividual@1497179732{111920147} 0.0 109280.0 12802.0 1.0 1 1 21.0 0.0 1.0 0
5 ec.gp.GPIndividual@1497179732{111920147} 0.0 109280.0 10087.0 1.0 1 1 21.0 0.0 1.0 0
5 ec.gp.GPIndividual@1573696566{1360203097} 5 ec.gp.GPIndividual@1497179732{111920147} 0.0 0.0 78474.0 8317.0 0.41868458053429153 109280.0 8317.0 1.0 5 27 21.0 0.0 1 1 21.0 0.0 0.41868458053429153 0
1.0 0
5 ec.gp.GPIndividual@2039181916{1360954830} 0.0 67310.0 10054.0 0.28327034016311914 5 43 21.0 0.0 0.28327034016311914 0
5 ec.gp.GPIndividual@1573696566{1360203097} 0.0 78882.0 10087.0 0.22177059581639735 5 27 21.0 0.0 0.22177059581639735 0
5 ec.gp.GPIndividual@2039181916{1360954830} 0.0 67310.0 8387.0 0.1408131632288065 5 43 21.0 0.0 0.1408131632288065 0
5 ec.gp.GPIndividual@1573696566{1360203097} 0.0 74792.0 8317.0 0.1090537453408681 5 27 21.0 0.0 5 ec.gp.GPIndividual@2039181916{1360954830} 0.1090537453408681 0
0.0 67736.0 14578.0 0.47647139525312115 5 43 21.0 0.0 0.47647139525312115 0
5 ec.gp.GPIndividual@823152507{814159419} 0.0 69180.0 10054.0 0.09727471653073404 5 44 21.0 0.0 0.09727471653073404 0
5 ec.gp.GPIndividual@2039181916{1360954830} 0.0 67516.0 10861.0 0.31755823588988125 5 43 21.0 0.0 0.31755823588988125 0
5 ec.gp.GPIndividual@823152507{814159419} 0.0 69146.0 8387.0 0.07809705496601883 5 44 21.0 0.0 0.07809705496601883 0
5 ec.gp.GPIndividual@2039181916{1360954830} 0.0 68063.0 8160.0 0.02463235294117647 5 43 21.0 0.0 0.02463235294117647 0
5 ec.gp.GPIndividual@823152507{814159419} 0.0 68678.0 14578.0 0.41185347784332554 5 44 21.0 0.0 5 ec.gp.GPIndividual@2039181916{1360954830} 0.41185347784332554 0
0.0 67516.0 12802.0 0.42102796438056556 5 43 21.0 0.0 0.42102796438056556 0
5 ec.gp.GPIndividual@823152507{814159419} 0.0 68091.0 10861.0 0.26461651781603907 5 44 21.0 0.0 0.26461651781603907 0
5 ec.gp.GPIndividual@2039181916{1360954830} 0.0 67343.0 10087.0 0.2823436105878854 5 43 21.0 0.0 0.2823436105878854 0
5 ec.gp.GPIndividual@823152507{814159419} 0.0 69146.0 8160.0 0.10808823529411765 5 44 21.0 0.0 0.10808823529411765 0
5 ec.gp.GPIndividual@2039181916{1360954830} 0.0 68063.0 8317.0 0.04304436695924011 5 43 21.0 0.0 0.04304436695924011 0
5 ec.gp.GPIndividual@823152507{814159419} 0.0 68104.0 12802.0 0.37509764099359477 5 44 21.0 0.0 0.37509764099359477 0
5 ec.gp.GPIndividual@823152507{814159419} 0.0 68091.0 10087.0 0.2081887578070784 5 44 21.0 0.0 0.2081887578070784 0
5 ec.gp.GPIndividual@646180930{-1996017873} 1.0 14785.0 10054.0 0.47055898149990055 5 32 21.0 0.0 0.47055898149990055 0
5 ec.gp.GPIndividual@823152507{814159419} 0.0 69146.0 8317.0 0.08717085487555609 5 44 21.0 0.0 0.08717085487555609 0
5 ec.gp.GPIndividual@869815313{-1677932125} 0.0 63534.0 10054.0 0.11537696439228168 5 41 21.0 0.0 0.11537696439228168 0
5 ec.gp.GPIndividual@869815313{-1677932125} 0.0 63504.0 8387.0 0.05687373315845952 5 41 21.0 0.0 0.05687373315845952 0
5 ec.gp.GPIndividual@869815313{-1677932125} 0.0 63488.0 14578.0 0.3930580326519413 5 41 21.0 0.0 0.3930580326519413 0
5 ec.gp.GPIndividual@869815313{-1677932125} 0.0 63031.0 10861.0 0.22741920633459164 5 41 21.0 0.0 0.22741920633459164 0
5 ec.gp.GPIndividual@869815313{-1677932125} 0.0 63329.0 8160.0 0.06482843137254903 5 41 21.0 0.0 0.06482843137254903 0
5 ec.gp.GPIndividual@869815313{-1677932125} 0.0 63086.0 12802.0 0.34025933447898765 5 41 21.0 0.0 0.34025933447898765 0
5 ec.gp.GPIndividual@869815313{-1677932125} 0.0 63455.0 10087.0 0.12610290472885893 5 41 21.0 0.0 0.12610290472885893 0
5 ec.gp.GPIndividual@869815313{-1677932125} 0.0 63329.0 8317.0 0.04472766622580257 5 41 21.0 0.0 0.04472766622580257 0
5 ec.gp.GPIndividual@646180930{-1996017873} 1.0 13295.0 8387.0 0.585191367592703 5 32 21.0 0.0 0.585191367592703 0
5 ec.gp.GPIndividual@646180930{-1996017873} 0.0 53507.0 14578.0 0.3280971326656606 5 32 21.0 0.0 0.3280971326656606 0
5 ec.gp.GPIndividual@646180930{-1996017873} 1.0 23332.0 10861.0 0.14206794954424087 5 32 21.0 0.0 0.14206794954424087 0
5 ec.gp.GPIndividual@646180930{-1996017873} 1.0 13567.0 8160.0 0.6626225490196078 5 32 21.0 0.0 0.6626225490196078 0
5 ec.gp.GPIndividual@646180930{-1996017873} 1.0 17009.0 12802.0 0.32862052804249337 5 32 21.0 0.0 0.32862052804249337 0
5 ec.gp.GPIndividual@646180930{-1996017873} 1.0 23332.0 10087.0 0.22970159611380986 5 32 21.0 0.0 0.22970159611380986 0
5 ec.gp.GPIndividual@646180930{-1996017873} 1.0 13606.0 8317.0 0.6359264157749188 5 32 21.0 0.0 0.6359264157749188 0
5 ec.gp.GPIndividual@1812498854{1226354102} 11.0 18390.0 10054.0 0.8291227372190173 5 32 21.0 0.0 0.8291227372190173 0
5 ec.gp.GPIndividual@1812498854{1226354102} 10.0 18390.0 8387.0 1.1926791462978419 5 32 21.0 0.0 1.1926791462978419 0
5 ec.gp.GPIndividual@1812498854{1226354102} 10.0 18619.0 14578.0 0.2771985183152696 5 32 21.0 0.0 0.2771985183152696 0
5 ec.gp.GPIndividual@1812498854{1226354102} 11.0 18390.0 10861.0 0.6932142528312311 5 32 21.0 0.0 0.6932142528312311 0
5 ec.gp.GPIndividual@1812498854{1226354102} 10.0 18390.0 8160.0 1.2536764705882353 5 32 21.0 0.0 1.2536764705882353 0
5 ec.gp.GPIndividual@1812498854{1226354102} 10.0 18424.0 12802.0 0.4391501327917513 5 32 21.0 0.0 0.4391501327917513 0
5 ec.gp.GPIndividual@1812498854{1226354102} 10.0 18390.0 10087.0 0.823138693367701 5 32 21.0 0.0 0.823138693367701 0
5 ec.gp.GPIndividual@1812498854{1226354102} 10.0 18390.0 8317.0 1.2111338222916916 5 32 21.0 0.0 1.2111338222916916 0
5 ec.gp.GPIndividual@598502111{1961642942} 0.0 74156.0 10054.0 0.1458126118957629 5 37 21.0 0.0 0.1458126118957629 0
5 ec.gp.GPIndividual@598502111{1961642942} 0.0 74156.0 8387.0 0.02396566114224395 5 37 21.0 0.0 0.02396566114224395 0
5 ec.gp.GPIndividual@598502111{1961642942} 0.0 73696.0 14578.0 0.44244752366579776 5 37 21.0 0.0 0.44244752366579776 0
5 ec.gp.GPIndividual@598502111{1961642942} 0.0 73517.0 10861.0 0.2681152748365712 5 37 21.0 0.0 0.2681152748365712 0
5 ec.gp.GPIndividual@598502111{1961642942} 0.0 74156.0 8160.0 0.052450980392156864 5 37 21.0 0.0 0.052450980392156864 0
5 ec.gp.GPIndividual@598502111{1961642942} 0.0 73522.0 12802.0 0.3786908295578816 5 37 21.0 0.0 0.3786908295578816 0
5 ec.gp.GPIndividual@598502111{1961642942} 0.0 73517.0 10087.0 0.21195598294834936 5 37 21.0 0.0 0.21195598294834936 0
5 ec.gp.GPIndividual@598502111{1961642942} 0.0 74156.0 8317.0 0.03258386437417338 5 37 21.0 0.0 0.03258386437417338 0
5 ec.gp.GPIndividual@1215702876{111920147} 0.0 109280.0 10054.0 1.0 1 1 21.0 0.0 1.0 0
5 ec.gp.GPIndividual@1215702876{111920147} 0.0 109280.0 8387.0 1.0 1 1 21.0 0.0 1.0 0
5 ec.gp.GPIndividual@1215702876{111920147} 0.0 109280.0 14578.0 1.0 1 1 21.0 0.0 1.0 0
5 ec.gp.GPIndividual@1215702876{111920147} 0.0 109280.0 10861.0 1.0 1 1 21.0 0.0 1.0 0
5 ec.gp.GPIndividual@1215702876{111920147} 0.0 109280.0 8160.0 1.0 1 1 21.0 0.0 1.0 0
5 ec.gp.GPIndividual@1215702876{111920147} 0.0 109280.0 12802.0 1.0 1 1 21.0 0.0 1.0 0
5 ec.gp.GPIndividual@1215702876{111920147} 0.0 109280.0 10087.0 1.0 1 1 21.0 0.0 1.0 0
5 ec.gp.GPIndividual@1215702876{111920147} 0.0 109280.0 8317.0 1.0 1 1 21.0 0.0 1.0 0
5 ec.gp.GPIndividual@1215327448{1666840336} 0.0 79822.0 10054.0 0.12572110602745176 5 40 21.0 0.0 0.12572110602745176 0
5 ec.gp.GPIndividual@1215327448{1666840336} 0.0 79812.0 8387.0 0.0468582329796113 5 40 21.0 0.0 0.0468582329796113 0
5 ec.gp.GPIndividual@1215327448{1666840336} 0.0 78666.0 14578.0 0.4763342022225271 5 40 21.0 0.0 0.4763342022225271 0
5 ec.gp.GPIndividual@1215327448{1666840336} 0.0 79019.0 10861.0 0.26461651781603907 5 40 21.0 0.0 0.26461651781603907 0
5 ec.gp.GPIndividual@1215327448{1666840336} 0.0 79812.0 8160.0 0.07598039215686274 5 40 21.0 0.0 0.07598039215686274 0
5 ec.gp.GPIndividual@1215327448{1666840336} 0.0 78492.0 12802.0 0.4172785502265271 5 40 21.0 0.0 0.4172785502265271 0
5 ec.gp.GPIndividual@1215327448{1666840336} 0.0 79081.0 10087.0 0.2020422325765837 5 40 21.0 0.0 0.2020422325765837 0
5 ec.gp.GPIndividual@1215327448{1666840336} 0.0 79812.0 8317.0 0.05566911145845858 5 40 21.0 0.0 0.05566911145845858 0
6 ec.gp.GPIndividual@270486303{-1812987425} 0.0 6 ec.gp.GPIndividual@292330941{1220102822} 74156.0 10054.0 0.1458126118957629 0.0 5 39 21.0 0.0 63788.0 10054.0 0.09011338770638552 0.1458126118957629 0
6 ec.gp.GPIndividual@2137816380{-2049577374} 0.0 6 ec.gp.GPIndividual@1681683531{-778589204} 63534.0 10054.0 0.11537696439228168 5 41 21.0 0.0 0.0 0.11537696439228168 0
6 ec.gp.GPIndividual@270486303{-1812987425} 0.0 74156.0 8387.0 0.02396566114224395 5 39 21.0 0.0 5 39 21.0 0.0 0.09011338770638552 0
6 ec.gp.GPIndividual@844669170{-46195742} 0.0 73149.0 8387.0 0.24597175253630396 64949.0 10054.0 0.025363039586234336 5 41 21.0 0.0 6 ec.gp.GPIndividual@2137816380{-2049577374} 5 41 21.0 0.0 0.0 0.02396566114224395 0
6 ec.gp.GPIndividual@292330941{1220102822} 0.0 0.24597175253630396 0
63504.0 8387.0 0.05687373315845952 5 41 21.0 0.0 0.05687373315845952 0
0.025363039586234336 0
6 ec.gp.GPIndividual@270486303{-1812987425} 0.0 63788.0 8387.0 0.0907356623345654 73696.0 14578.0 0.44244752366579776 5 39 21.0 0.0 5 39 21.0 0.0 0.0907356623345654 0
6 ec.gp.GPIndividual@2137816380{-2049577374} 0.0 63488.0 14578.0 0.3930580326519413 0.44244752366579776 0
6 ec.gp.GPIndividual@1681683531{-778589204} 0.0 64949.0 8387.0 0.22916418266364613 5 41 21.0 0.0 5 41 21.0 0.0 0.3930580326519413 0
6 ec.gp.GPIndividual@844669170{-46195742} 0.0 6 ec.gp.GPIndividual@292330941{1220102822} 0.0 73127.0 14578.0 0.09872421604864672 0.22916418266364613 0
6 ec.gp.GPIndividual@270486303{-1812987425} 63873.0 14578.0 0.36664837426258745 0.0 5 39 21.0 0.0 0.36664837426258745 0
5 41 21.0 0.0 6 ec.gp.GPIndividual@2137816380{-2049577374} 0.09872421604864672 0
73517.0 10861.0 0.2681152748365712 5 39 21.0 0.0 0.2681152748365712 0
6 ec.gp.GPIndividual@1681683531{-778589204} 0.0 0.0 64984.0 14578.0 0.290437645767595 63031.0 14578.0 0.22741920633459164 5 41 21.0 0.0 5 41 21.0 0.0 0.290437645767595 0
6 ec.gp.GPIndividual@292330941{1220102822} 0.0 63788.0 10861.0 0.15772028358346377 0.22741920633459164 0
5 39 21.0 0.0 0.15772028358346377 0
6 ec.gp.GPIndividual@270486303{-1812987425} 0.0 74156.0 8160.0 0.052450980392156864 5 39 21.0 0.0 0.052450980392156864 0
6 ec.gp.GPIndividual@2137816380{-2049577374} 0.0 63329.0 8160.0 0.06482843137254903 6 ec.gp.GPIndividual@1681683531{-778589204} 5 41 21.0 0.0 6 ec.gp.GPIndividual@844669170{-46195742} 6 ec.gp.GPIndividual@292330941{1220102822} 0.0 0.0 0.0 64949.0 8160.0 0.0508240493508885 72064.0 8160.0 0.5543970366305392 5 41 21.0 0.0 5 41 21.0 0.0 0.0508240493508885 0
0.06482843137254903 0
6 ec.gp.GPIndividual@270486303{-1812987425} 0.0 73522.0 12802.0 0.3786908295578816 5 39 21.0 0.0 0.3786908295578816 0
0.5543970366305392 0
6 ec.gp.GPIndividual@2137816380{-2049577374} 6 ec.gp.GPIndividual@1681683531{-778589204} 0.0 0.0 63086.0 8160.0 0.34025933447898765 64949.0 8160.0 0.2633578431372549 63788.0 8160.0 0.12107843137254902 5 41 21.0 0.0 5 41 21.0 0.0 5 39 21.0 0.0 0.2633578431372549 0
6 ec.gp.GPIndividual@270486303{-1812987425} 0.0 73517.0 10087.0 0.21195598294834936 5 39 21.0 0.0 0.12107843137254902 0
0.34025933447898765 0
0.21195598294834936 0
6 ec.gp.GPIndividual@1681683531{-778589204} 0.0 64951.0 12802.0 0.19457897203561944 5 41 21.0 0.0 0.19457897203561944 0
6 ec.gp.GPIndividual@2137816380{-2049577374} 0.0 63455.0 10087.0 0.12610290472885893 5 41 21.0 0.0 6 ec.gp.GPIndividual@844669170{-46195742} 0.12610290472885893 0
6 ec.gp.GPIndividual@292330941{1220102822} 0.0 63822.0 8317.0 0.2827683174503984 6 ec.gp.GPIndividual@270486303{-1812987425} 5 39 21.0 0.0 0.0 74156.0 8317.0 0.03258386437417338 0.2827683174503984 0
0.0 6 ec.gp.GPIndividual@1681683531{-778589204} 6 ec.gp.GPIndividual@2137816380{-2049577374} 0.0 72365.0 8317.0 0.37418285609059937 0.0 64949.0 8317.0 0.02200852582531972 5 41 21.0 0.0 5 39 21.0 0.0 5 41 21.0 0.0 0.37418285609059937 0
0.03258386437417338 0
0.02200852582531972 0
63329.0 8317.0 0.04472766622580257 5 41 21.0 0.0 0.04472766622580257 0
6 ec.gp.GPIndividual@292330941{1220102822} 0.0 63788.0 10087.0 0.09309011599087935 5 39 21.0 0.0 0.09309011599087935 0
6 ec.gp.GPIndividual@675946542{-43256713} 0.0 53571.0 10054.0 0.0193952655659439 5 45 21.0 0.0 0.0193952655659439 0
6 ec.gp.GPIndividual@844669170{-46195742} 0.0 6 ec.gp.GPIndividual@1956100065{1790744031} 0.0 73127.0 10054.0 0.07365196078431373 5 41 21.0 0.0 63788.0 10054.0 0.09011338770638552 0.07365196078431373 0
6 ec.gp.GPIndividual@1681683531{-778589204} 6 ec.gp.GPIndividual@292330941{1220102822} 0.0 5 46 21.0 0.0 0.0 64949.0 8317.0 0.23950943849945894 0.09011338770638552 0
6 ec.gp.GPIndividual@675946542{-43256713} 0.0 53765.0 8387.0 0.19864075354715632 5 41 21.0 0.0 5 45 21.0 0.0 0.19864075354715632 0
63788.0 8317.0 0.09991583503667188 5 39 21.0 0.0 0.09991583503667188 0
0.23950943849945894 0
6 ec.gp.GPIndividual@844669170{-46195742} 0.0 71857.0 12802.0 0.5087486330260896 5 41 21.0 0.0 6 ec.gp.GPIndividual@1956100065{1790744031} 0.5087486330260896 0
6 ec.gp.GPIndividual@675946542{-43256713} 0.0 53622.0 14578.0 0.32020853340650296 0.0 5 45 21.0 0.0 0.32020853340650296 0
63788.0 14578.0 0.0907356623345654 6 ec.gp.GPIndividual@388130687{-608480989} 5 46 21.0 0.0 0.0 0.0907356623345654 0
63534.0 10054.0 0.11537696439228168 5 37 21.0 0.0 0.11537696439228168 0
6 ec.gp.GPIndividual@844669170{-46195742} 6 ec.gp.GPIndividual@675946542{-43256713} 0.0 0.0 72427.0 10861.0 0.32001586200059484 53571.0 10861.0 0.09225669827824326 5 41 21.0 0.0 5 45 21.0 0.0 0.32001586200059484 0
6 ec.gp.GPIndividual@1956100065{1790744031} 0.0 0.09225669827824326 0
6 ec.gp.GPIndividual@388130687{-608480989} 6 ec.gp.GPIndividual@1830175908{-1056047575} 0.0 0.0 64743.0 10054.0 0.00487368211657052 63504.0 10054.0 0.05687373315845952 5 26 21.0 0.0 0.00487368211657052 0
63873.0 8387.0 0.36664837426258745 5 46 21.0 0.0 0.36664837426258745 0
6 ec.gp.GPIndividual@675946542{-43256713} 5 37 21.0 0.0 0.0 0.05687373315845952 0
6 ec.gp.GPIndividual@844669170{-46195742} 0.0 73127.0 8317.0 0.0911386317181676 53765.0 8160.0 0.23198529411764707 5 41 21.0 0.0 5 45 21.0 0.0 0.0911386317181676 0
0.23198529411764707 0
6 ec.gp.GPIndividual@1956100065{1790744031} 0.0 63788.0 10861.0 0.15772028358346377 5 46 21.0 0.0 0.15772028358346377 0
6 ec.gp.GPIndividual@388130687{-608480989} 0.0 63488.0 14578.0 0.3930580326519413 5 37 21.0 0.0 0.3930580326519413 0
6 ec.gp.GPIndividual@1648597912{-315293477} 0.0 63788.0 10054.0 0.09011338770638552 5 43 21.0 0.0 0.09011338770638552 0
6 ec.gp.GPIndividual@675946542{-43256713} 0.0 53571.0 12802.0 0.22988595531948133 5 45 21.0 0.0 0.22988595531948133 0
6 ec.gp.GPIndividual@1956100065{1790744031} 0.0 6 ec.gp.GPIndividual@1830175908{-1056047575} 63788.0 8387.0 0.12107843137254902 0.0 5 46 21.0 0.0 64751.0 8387.0 0.20555621795636103 0.12107843137254902 0
6 ec.gp.GPIndividual@388130687{-608480989} 0.0 63031.0 10861.0 0.22741920633459164 5 37 21.0 0.0 5 26 21.0 0.0 6 ec.gp.GPIndividual@1648597912{-315293477} 0.22741920633459164 0
6 ec.gp.GPIndividual@675946542{-43256713} 0.0 0.0 63788.0 10087.0 0.0907356623345654 5 43 21.0 0.0 0.0907356623345654 0
6 ec.gp.GPIndividual@1956100065{1790744031} 0.0 63822.0 12802.0 0.2827683174503984 5 46 21.0 0.0 0.2827683174503984 0
0.20555621795636103 0
6 ec.gp.GPIndividual@388130687{-608480989} 0.0 63329.0 8160.0 0.06482843137254903 5 37 21.0 0.0 0.06482843137254903 0
6 ec.gp.GPIndividual@1648597912{-315293477} 0.0 53571.0 10087.0 0.02260335084762566 63873.0 14578.0 0.36664837426258745 5 45 21.0 0.0 5 43 21.0 0.0 0.02260335084762566 0
0.36664837426258745 0
6 ec.gp.GPIndividual@1956100065{1790744031} 0.0 6 ec.gp.GPIndividual@388130687{-608480989} 0.0 63788.0 12802.0 0.09309011599087935 63086.0 12802.0 0.34025933447898765 5 46 21.0 0.0 5 37 21.0 0.0 0.09309011599087935 0
0.34025933447898765 0
6 ec.gp.GPIndividual@675946542{-43256713} 0.0 53765.0 8317.0 0.20872910905374534 5 45 21.0 0.0 0.20872910905374534 0
6 ec.gp.GPIndividual@1648597912{-315293477} 0.0 63788.0 10861.0 0.15772028358346377 5 43 21.0 0.0 0.15772028358346377 0
6 ec.gp.GPIndividual@1956100065{1790744031} 0.0 63788.0 8317.0 0.09991583503667188 5 46 21.0 0.0 6 ec.gp.GPIndividual@388130687{-608480989} 0.09991583503667188 0
6 ec.gp.GPIndividual@1830175908{-1056047575} 0.0 64571.0 14578.0 0.3187680065852655 0.0 5 26 21.0 0.0 0.3187680065852655 0
6 ec.gp.GPIndividual@1143480481{-2125925148} 6 ec.gp.GPIndividual@1648597912{-315293477} 0.0 101188.0 8160.0 0.7179232146409389 0.0 3 8 21.0 0.0 63788.0 8160.0 0.12107843137254902 0.7179232146409389 0
63455.0 14578.0 0.12610290472885893 5 37 21.0 0.0 0.12610290472885893 0
5 43 21.0 0.0 0.12107843137254902 0
6 ec.gp.GPIndividual@1143480481{-2125925148} 0.0 101188.0 10054.0 0.6618576368188863 6 ec.gp.GPIndividual@454220235{197882803} 3 8 21.0 0.0 0.0 0.6618576368188863 0
6 ec.gp.GPIndividual@388130687{-608480989} 0.0 63329.0 8317.0 0.04472766622580257 59409.0 10054.0 0.01780385916053312 6 ec.gp.GPIndividual@1143480481{-2125925148} 5 37 21.0 0.0 0.0 0.04472766622580257 0
6 ec.gp.GPIndividual@1648597912{-315293477} 0.0 63822.0 12802.0 0.2827683174503984 101188.0 14578.0 0.805460282617643 5 43 21.0 0.0 0.2827683174503984 0
5 44 21.0 0.0 0.01780385916053312 0
3 8 21.0 0.0 6 ec.gp.GPIndividual@523179246{2092624275} 0.0 0.805460282617643 0
6 ec.gp.GPIndividual@1648597912{-315293477} 0.0 63788.0 10087.0 0.09309011599087935 5 43 21.0 0.0 6 ec.gp.GPIndividual@1830175908{-1056047575} 0.09309011599087935 0
6 ec.gp.GPIndividual@1143480481{-2125925148} 0.0 101188.0 10861.0 0.7388822392044931 0.0 3 8 21.0 0.0 64585.0 10861.0 0.0843384587054599 5 26 21.0 0.0 0.7388822392044931 0
69143.0 10054.0 0.10095484384324648 5 32 21.0 0.0 0.10095484384324648 0
0.0843384587054599 0
6 ec.gp.GPIndividual@1648597912{-315293477} 0.0 63788.0 8317.0 0.09991583503667188 6 ec.gp.GPIndividual@1143480481{-2125925148} 5 43 21.0 0.0 0.0 0.09991583503667188 0
101188.0 8317.0 0.6524509803921569 3 8 21.0 0.0 0.6524509803921569 0
6 ec.gp.GPIndividual@523179246{2092624275} 0.0 69143.0 8387.0 0.07773935853105997 5 32 21.0 0.0 6 ec.gp.GPIndividual@1143480481{-2125925148} 0.07773935853105997 0
0.0 101188.0 12802.0 0.7784721137322294 3 8 21.0 0.0 0.7784721137322294 0
6 ec.gp.GPIndividual@454220235{197882803} 0.0 59409.0 8387.0 0.2201025396446882 5 44 21.0 0.0 0.2201025396446882 0
6 ec.gp.GPIndividual@1507810910{613278726} 0.0 74802.0 10054.0 0.08155957827730256 6 ec.gp.GPIndividual@1143480481{-2125925148} 5 27 21.0 0.0 0.0 0.08155957827730256 0
101188.0 14578.0 0.7188460394567264 3 8 21.0 0.0 0.7188460394567264 0
6 ec.gp.GPIndividual@1830175908{-1056047575} 0.0 65008.0 8160.0 0.27058823529411763 6 ec.gp.GPIndividual@523179246{2092624275} 5 26 21.0 0.0 0.0 0.27058823529411763 0
6 ec.gp.GPIndividual@1143480481{-2125925148} 0.0 101188.0 8317.0 0.6590116628592041 68678.0 8160.0 0.41185347784332554 3 8 21.0 0.0 0.6590116628592041 0
5 32 21.0 0.0 0.41185347784332554 0
6 ec.gp.GPIndividual@1712563178{1654844881} 6 ec.gp.GPIndividual@454220235{197882803} 0.0 0.0 6 ec.gp.GPIndividual@1507810910{613278726} 104262.0 8387.0 0.9556395464491745 0.0 60038.0 8387.0 0.25490465084373715 1 1 21.0 0.0 74792.0 8387.0 0.09979730535352331 5 44 21.0 0.0 0.9556395464491745 0
5 27 21.0 0.0 0.09979730535352331 0
0.25490465084373715 0
6 ec.gp.GPIndividual@523179246{2092624275} 0.0 68504.0 10861.0 0.22659055335604456 5 32 21.0 0.0 6 ec.gp.GPIndividual@1712563178{1654844881} 0.22659055335604456 0
0.0 104262.0 10861.0 0.9468224633361154 1 1 21.0 0.0 0.9468224633361154 0
6 ec.gp.GPIndividual@1830175908{-1056047575} 0.0 63776.0 12802.0 0.2863615060146852 5 26 21.0 0.0 6 ec.gp.GPIndividual@1712563178{1654844881} 0.2863615060146852 0
6 ec.gp.GPIndividual@523179246{2092624275} 0.0 69143.0 8160.0 0.10772058823529412 5 32 21.0 0.0 0.10772058823529412 0
6 ec.gp.GPIndividual@1507810910{613278726} 0.0 73840.0 14578.0 0.43256962546302646 5 27 21.0 0.0 0.43256962546302646 0
0.0 6 ec.gp.GPIndividual@454220235{197882803} 104262.0 10861.0 0.9694059541775277 0.0 1 1 21.0 0.0 59421.0 10861.0 0.05671669275389007 0.9694059541775277 0
5 44 21.0 0.0 6 ec.gp.GPIndividual@523179246{2092624275} 6 ec.gp.GPIndividual@1712563178{1654844881} 0.05671669275389007 0
0.0 68504.0 10861.0 0.3438525230432745 5 32 21.0 0.0 0.0 0.3438525230432745 0
104262.0 10861.0 0.9589356412853328 1 1 21.0 0.0 0.9589356412853328 0
6 ec.gp.GPIndividual@1507810910{613278726} 0.0 74385.0 10861.0 0.1881962986833625 5 27 21.0 0.0 0.1881962986833625 0
6 ec.gp.GPIndividual@1712563178{1654844881} 0.0 6 ec.gp.GPIndividual@1830175908{-1056047575} 104262.0 10087.0 0.9453431372549019 0.0 1 1 21.0 0.0 0.9453431372549019 0
6 ec.gp.GPIndividual@523179246{2092624275} 0.0 68504.0 10087.0 0.16724496877168632 63852.0 10087.0 0.08674531575294935 5 26 21.0 0.0 0.08674531575294935 0
5 32 21.0 0.0 0.16724496877168632 0
6 ec.gp.GPIndividual@454220235{197882803} 0.0 6 ec.gp.GPIndividual@1712563178{1654844881} 59408.0 8160.0 0.25392156862745097 0.0 5 44 21.0 0.0 104262.0 8160.0 0.9651616934853929 0.25392156862745097 0
1 1 21.0 0.0 0.9651616934853929 0
6 ec.gp.GPIndividual@523179246{2092624275} 6 ec.gp.GPIndividual@1507810910{613278726} 0.0 0.0 69143.0 8317.0 0.08681014788986413 74792.0 8317.0 0.1303921568627451 5 32 21.0 0.0 5 27 21.0 0.0 0.08681014788986413 0
0.1303921568627451 0
6 ec.gp.GPIndividual@1712563178{1654844881} 0.0 104262.0 10087.0 0.9557846733419253 1 1 21.0 0.0 0.9557846733419253 0
6 ec.gp.GPIndividual@1712563178{1654844881} 0.0 104262.0 8317.0 0.9463748947937959 1 1 21.0 0.0 0.9463748947937959 0
6 ec.gp.GPIndividual@498913441{-958803334} 0.0 63534.0 10054.0 0.11537696439228168 5 41 21.0 0.0 0.11537696439228168 0
6 ec.gp.GPIndividual@454220235{197882803} 0.0 6 ec.gp.GPIndividual@1830175908{-1056047575} 60026.0 8317.0 0.15247617559756288 0.0 5 44 21.0 0.0 65008.0 8317.0 0.24660334255140073 0.15247617559756288 0
6 ec.gp.GPIndividual@498913441{-958803334} 0.0 63504.0 8387.0 0.05687373315845952 5 41 21.0 0.0 0.05687373315845952 0
6 ec.gp.GPIndividual@1507810910{613278726} 0.0 73443.0 12802.0 0.38486174035306986 5 27 21.0 0.0 0.38486174035306986 0
5 26 21.0 0.0 0.24660334255140073 0
6 ec.gp.GPIndividual@498913441{-958803334} 0.0 63488.0 14578.0 0.3930580326519413 5 41 21.0 0.0 0.3930580326519413 0
6 ec.gp.GPIndividual@1236047264{1458494045} 0.0 63788.0 10054.0 0.09011338770638552 5 46 21.0 0.0 0.09011338770638552 0
6 ec.gp.GPIndividual@1507810910{613278726} 6 ec.gp.GPIndividual@498913441{-958803334} 0.0 63031.0 10861.0 0.22741920633459164 0.0 5 41 21.0 0.0 6 ec.gp.GPIndividual@454220235{197882803} 0.22741920633459164 0
0.0 59421.0 10861.0 0.01566372558738971 5 44 21.0 0.0 0.01566372558738971 0
74447.0 10861.0 0.11975810449092891 5 27 21.0 0.0 6 ec.gp.GPIndividual@498913441{-958803334} 0.11975810449092891 0
6 ec.gp.GPIndividual@1236047264{1458494045} 0.0 63788.0 8160.0 0.0907356623345654 5 46 21.0 0.0 0.0 0.0907356623345654 0
63329.0 8160.0 0.06482843137254903 5 41 21.0 0.0 0.06482843137254903 0
6 ec.gp.GPIndividual@1236047264{1458494045} 0.0 63873.0 14578.0 0.36664837426258745 5 46 21.0 0.0 0.36664837426258745 0
6 ec.gp.GPIndividual@498913441{-958803334} 0.0 6 ec.gp.GPIndividual@454220235{197882803} 0.0 63086.0 8317.0 0.34025933447898765 59408.0 8317.0 0.2302512925333654 5 41 21.0 0.0 5 44 21.0 0.0 0.34025933447898765 0
0.2302512925333654 0
6 ec.gp.GPIndividual@1507810910{613278726} 0.0 74792.0 8317.0 0.1090537453408681 5 27 21.0 0.0 0.1090537453408681 0
6 ec.gp.GPIndividual@1236047264{1458494045} 6 ec.gp.GPIndividual@498913441{-958803334} 0.0 0.0 63455.0 10087.0 0.12610290472885893 63788.0 10087.0 0.15772028358346377 5 41 21.0 0.0 5 46 21.0 0.0 0.12610290472885893 0
0.15772028358346377 0
6 ec.gp.GPIndividual@1780186724{851824780} 0.0 63788.0 10054.0 0.09011338770638552 5 41 21.0 0.0 0.09011338770638552 0
6 ec.gp.GPIndividual@1765795461{-1464920004} 0.0 68155.0 10054.0 0.19922418937736225 5 39 21.0 0.0 0.19922418937736225 0
6 ec.gp.GPIndividual@498913441{-958803334} 0.0 63329.0 8317.0 0.04472766622580257 5 41 21.0 0.0 0.04472766622580257 0
6 ec.gp.GPIndividual@1236047264{1458494045} 0.0 63788.0 8160.0 0.12107843137254902 5 46 21.0 0.0 0.12107843137254902 0
6 ec.gp.GPIndividual@1780186724{851824780} 6 ec.gp.GPIndividual@1765795461{-1464920004} 0.0 0.0 63788.0 8387.0 0.0907356623345654 68155.0 8387.0 0.04006200071539287 5 41 21.0 0.0 5 39 21.0 0.0 0.0907356623345654 0
0.04006200071539287 0
6 ec.gp.GPIndividual@447046001{-1045725350} 0.0 74711.0 10054.0 0.09061070220807639 5 38 21.0 0.0 0.09061070220807639 0
6 ec.gp.GPIndividual@1236047264{1458494045} 0.0 63822.0 12802.0 0.2827683174503984 5 46 21.0 0.0 0.2827683174503984 0
6 ec.gp.GPIndividual@1780186724{851824780} 0.0 63873.0 14578.0 0.36664837426258745 5 41 21.0 0.0 6 ec.gp.GPIndividual@1765795461{-1464920004} 0.36664837426258745 0
0.0 67736.0 14578.0 0.47647139525312115 5 39 21.0 0.0 6 ec.gp.GPIndividual@447046001{-1045725350} 0.47647139525312115 0
6 ec.gp.GPIndividual@1236047264{1458494045} 0.0 63788.0 10087.0 0.09309011599087935 5 46 21.0 0.0 0.0 0.09309011599087935 0
74711.0 10087.0 0.09013950160963395 5 38 21.0 0.0 0.09013950160963395 0
6 ec.gp.GPIndividual@1780186724{851824780} 0.0 63788.0 10861.0 0.15772028358346377 5 41 21.0 0.0 0.15772028358346377 0
6 ec.gp.GPIndividual@1765795461{-1464920004} 0.0 67707.0 10861.0 0.29997237823404843 5 39 21.0 0.0 0.29997237823404843 0
6 ec.gp.GPIndividual@1236047264{1458494045} 0.0 63788.0 8317.0 0.09991583503667188 5 46 21.0 0.0 0.09991583503667188 0
6 ec.gp.GPIndividual@447046001{-1045725350} 0.0 74713.0 14578.0 0.3726848676087255 5 38 21.0 0.0 0.3726848676087255 0
6 ec.gp.GPIndividual@1780186724{851824780} 0.0 63788.0 8160.0 0.12107843137254902 5 41 21.0 0.0 6 ec.gp.GPIndividual@1765795461{-1464920004} 0.12107843137254902 0
0.0 68155.0 8160.0 0.013357843137254901 5 39 21.0 0.0 0.013357843137254901 0
6 ec.gp.GPIndividual@447046001{-1045725350} 0.0 74711.0 10861.0 0.15818064634932327 5 38 21.0 0.0 0.15818064634932327 0
6 ec.gp.GPIndividual@1780186724{851824780} 0.0 63822.0 12802.0 0.2827683174503984 5 41 21.0 0.0 0.2827683174503984 0
6 ec.gp.GPIndividual@1765795461{-1464920004} 0.0 67516.0 12802.0 0.42102796438056556 5 39 21.0 0.0 0.42102796438056556 0
6 ec.gp.GPIndividual@1888775479{-1855203883} 0.0 71730.0 10054.0 0.3871096081161727 5 43 21.0 0.0 0.3871096081161727 0
6 ec.gp.GPIndividual@447046001{-1045725350} 0.0 74711.0 8160.0 0.1204656862745098 5 38 21.0 0.0 0.1204656862745098 0
6 ec.gp.GPIndividual@1765795461{-1464920004} 0.0 67707.0 10087.0 0.24625755923465847 5 39 21.0 0.0 6 ec.gp.GPIndividual@1780186724{851824780} 0.24625755923465847 0
0.0 63788.0 10087.0 0.09309011599087935 5 41 21.0 0.0 0.09309011599087935 0
6 ec.gp.GPIndividual@447046001{-1045725350} 0.0 74712.0 12802.0 0.2857366036556788 5 38 21.0 0.0 6 ec.gp.GPIndividual@1765795461{-1464920004} 0.2857366036556788 0
0.0 68155.0 8317.0 0.03198268606468679 5 39 21.0 0.0 0.03198268606468679 0
6 ec.gp.GPIndividual@1780186724{851824780} 0.0 63788.0 8317.0 0.09991583503667188 5 41 21.0 0.0 0.09991583503667188 0
6 ec.gp.GPIndividual@1888775479{-1855203883} 0.0 71730.0 8387.0 0.26529152259449146 5 43 21.0 0.0 0.26529152259449146 0
6 ec.gp.GPIndividual@447046001{-1045725350} 0.0 74711.0 10087.0 0.09358580350946763 5 38 21.0 0.0 0.09358580350946763 0
6 ec.gp.GPIndividual@513246304{-424751604} 0.0 69249.0 10054.0 0.09041177640740004 5 34 21.0 0.0 0.09041177640740004 0
6 ec.gp.GPIndividual@11962251{-110994573} 0.0 92818.0 10054.0 0.4634971155758902 4 12 21.0 0.0 0.4634971155758902 0
6 ec.gp.GPIndividual@447046001{-1045725350} 0.0 74711.0 8317.0 0.09931465672718529 5 38 21.0 0.0 0.09931465672718529 0
6 ec.gp.GPIndividual@513246304{-424751604} 0.0 69249.0 8387.0 0.09037796589960653 5 34 21.0 0.0 0.09037796589960653 0
6 ec.gp.GPIndividual@11962251{-110994573} 0.0 92818.0 8387.0 0.3568618099439609 4 12 21.0 0.0 0.3568618099439609 0
6 ec.gp.GPIndividual@507049157{-51778412} 0.0 6 ec.gp.GPIndividual@1888775479{-1855203883} 86845.0 14578.0 0.5141237318480207 0.0 5 15 21.0 0.0 62749.0 14578.0 0.4437508574564412 0.5141237318480207 0
5 43 21.0 0.0 0.4437508574564412 0
6 ec.gp.GPIndividual@11962251{-110994573} 6 ec.gp.GPIndividual@513246304{-424751604} 0.0 0.0 92920.0 14578.0 0.6229935519275621 69302.0 14578.0 0.36904925229798324 4 12 21.0 0.0 5 34 21.0 0.0 0.6229935519275621 0
6 ec.gp.GPIndividual@1612552649{-929174089} 2.0 6 ec.gp.GPIndividual@507049157{-51778412} 16417.0 10054.0 0.6328824348518003 0.36904925229798324 0
5 43 21.0 0.0 0.6328824348518003 0
0.0 86812.0 10861.0 0.42148563252652915 5 15 21.0 0.0 0.42148563252652915 0
6 ec.gp.GPIndividual@1888775479{-1855203883} 0.0 71730.0 10861.0 0.4326489273547556 5 43 21.0 0.0 0.4326489273547556 0
6 ec.gp.GPIndividual@11962251{-110994573} 0.0 92920.0 10861.0 0.4939692477672406 4 12 21.0 0.0 0.4939692477672406 0
6 ec.gp.GPIndividual@513246304{-424751604} 0.0 69249.0 14578.0 0.15799650124297948 5 34 21.0 0.0 0.15799650124297948 0
6 ec.gp.GPIndividual@507049157{-51778412} 0.0 86395.0 14578.0 0.6957744546577034 6 ec.gp.GPIndividual@11962251{-110994573} 5 15 21.0 0.0 0.0 0.6957744546577034 0
92818.0 8160.0 0.33897058823529413 4 12 21.0 0.0 0.33897058823529413 0
6 ec.gp.GPIndividual@1888775479{-1855203883} 0.0 71730.0 8160.0 0.24485294117647058 6 ec.gp.GPIndividual@513246304{-424751604} 5 43 21.0 0.0 0.0 0.24485294117647058 0
6 ec.gp.GPIndividual@507049157{-51778412} 0.0 86203.0 10861.0 0.6093361568916306 69249.0 8160.0 0.12071078431372549 5 15 21.0 0.0 0.6093361568916306 0
6 ec.gp.GPIndividual@11962251{-110994573} 0.0 92920.0 12802.0 0.5706920793625996 5 34 21.0 0.0 4 12 21.0 0.0 0.5706920793625996 0
6 ec.gp.GPIndividual@507049157{-51778412} 0.0 86812.0 8160.0 0.4053921568627451 5 15 21.0 0.0 0.12071078431372549 0
0.4053921568627451 0
6 ec.gp.GPIndividual@11962251{-110994573} 0.0 92920.0 10087.0 0.4551402795677605 4 12 21.0 0.0 0.4551402795677605 0
6 ec.gp.GPIndividual@1888775479{-1855203883} 0.0 62643.0 12802.0 0.37486330260896733 5 43 21.0 0.0 0.37486330260896733 0
6 ec.gp.GPIndividual@507049157{-51778412} 0.0 86203.0 12802.0 0.6685674113419778 5 15 21.0 0.0 0.6685674113419778 0
6 ec.gp.GPIndividual@11962251{-110994573} 0.0 6 ec.gp.GPIndividual@513246304{-424751604} 92818.0 8317.0 0.3514488397258627 0.0 4 12 21.0 0.0 0.3514488397258627 0
69251.0 8317.0 0.2855022652710514 6 ec.gp.GPIndividual@507049157{-51778412} 0.0 5 34 21.0 0.0 86203.0 10087.0 0.579359571725984 0.2855022652710514 0
6 ec.gp.GPIndividual@2038729955{-2053843380} 0.0 105260.0 10054.0 0.8563755719116769 5 15 21.0 0.0 2 3 21.0 0.0 0.579359571725984 0
0.8563755719116769 0
6 ec.gp.GPIndividual@1888775479{-1855203883} 0.0 71730.0 10087.0 0.3891147020918013 5 43 21.0 0.0 0.3891147020918013 0
6 ec.gp.GPIndividual@513246304{-424751604} 6 ec.gp.GPIndividual@507049157{-51778412} 0.0 0.0 86812.0 10087.0 0.41661656847420947 6 ec.gp.GPIndividual@2038729955{-2053843380} 5 15 21.0 0.0 0.41661656847420947 0
69249.0 10087.0 0.09338752850203232 5 34 21.0 0.0 0.09338752850203232 0
0.0 105260.0 10087.0 0.8278287826397996 2 3 21.0 0.0 0.8278287826397996 0
6 ec.gp.GPIndividual@2038729955{-2053843380} 0.0 105260.0 14578.0 0.9009466319110989 2 3 21.0 0.0 0.9009466319110989 0
6 ec.gp.GPIndividual@2038729955{-2053843380} 0.0 105260.0 8317.0 0.8670472332197772 6 ec.gp.GPIndividual@1888775479{-1855203883} 2 3 21.0 0.0 0.0 6 ec.gp.GPIndividual@513246304{-424751604} 0.8670472332197772 0
71730.0 8317.0 0.2591078513887219 5 43 21.0 0.0 6 ec.gp.GPIndividual@2038729955{-2053843380} 0.0 0.2591078513887219 0
69249.0 8160.0 0.09955512805097992 5 34 21.0 0.0 0.09955512805097992 0
0.0 105260.0 8160.0 0.8230392156862745 2 3 21.0 0.0 0.8230392156862745 0
6 ec.gp.GPIndividual@2038729955{-2053843380} 0.0 105260.0 12802.0 0.8872051241993438 2 3 21.0 0.0 0.8872051241993438 0
6 ec.gp.GPIndividual@98600941{-1726707906} 0.0 63788.0 10054.0 0.09011338770638552 6 ec.gp.GPIndividual@2038729955{-2053843380} 5 45 21.0 0.0 0.0 0.09011338770638552 0
105260.0 10087.0 0.8568454446317042 2 3 21.0 0.0 0.8568454446317042 0
6 ec.gp.GPIndividual@2038729955{-2053843380} 0.0 105260.0 8317.0 0.8263797042202717 2 3 21.0 0.0 0.8263797042202717 0
6 ec.gp.GPIndividual@98600941{-1726707906} 0.0 63788.0 8387.0 0.0907356623345654 5 45 21.0 0.0 0.0907356623345654 0
6 ec.gp.GPIndividual@1960169113{-2069207669} 0.0 66656.0 10054.0 0.3483190769842849 5 35 21.0 0.0 0.3483190769842849 0
6 ec.gp.GPIndividual@98600941{-1726707906} 0.0 63873.0 14578.0 0.36664837426258745 5 45 21.0 0.0 0.36664837426258745 0
6 ec.gp.GPIndividual@1960169113{-2069207669} 0.0 66526.0 8387.0 0.23429116489805651 5 35 21.0 0.0 0.23429116489805651 0
6 ec.gp.GPIndividual@98600941{-1726707906} 0.0 63788.0 10861.0 0.15772028358346377 5 45 21.0 0.0 0.15772028358346377 0
6 ec.gp.GPIndividual@1960169113{-2069207669} 0.0 66618.0 14578.0 0.5531622993551928 5 35 21.0 0.0 0.5531622993551928 0
6 ec.gp.GPIndividual@98600941{-1726707906} 0.0 63788.0 8160.0 0.12107843137254902 5 45 21.0 0.0 0.12107843137254902 0
6 ec.gp.GPIndividual@1960169113{-2069207669} 0.0 66080.0 10861.0 0.44977442224472886 5 35 21.0 0.0 0.44977442224472886 0
6 ec.gp.GPIndividual@98600941{-1726707906} 0.0 63822.0 12802.0 0.2827683174503984 5 45 21.0 0.0 0.2827683174503984 0
6 ec.gp.GPIndividual@1960169113{-2069207669} 0.0 66340.0 8160.0 0.2357843137254902 5 35 21.0 0.0 0.2357843137254902 0
6 ec.gp.GPIndividual@98600941{-1726707906} 0.0 63788.0 10087.0 0.09309011599087935 5 45 21.0 0.0 0.09309011599087935 0
6 ec.gp.GPIndividual@1960169113{-2069207669} 0.0 66250.0 12802.0 0.5199187626933292 5 35 21.0 0.0 0.5199187626933292 0
6 ec.gp.GPIndividual@98600941{-1726707906} 0.0 6 ec.gp.GPIndividual@1960169113{-2069207669} 63788.0 10087.0 0.09991583503667188 0.0 5 45 21.0 0.0 66896.0 10087.0 0.3266580747496778 0.09991583503667188 0
5 35 21.0 0.0 0.3266580747496778 0
6 ec.gp.GPIndividual@1960169113{-2069207669} 0.0 66340.0 8317.0 0.2502104124083203 5 35 21.0 0.0 0.2502104124083203 0
6 ec.gp.GPIndividual@1612552649{-929174089} 2.0 17319.0 8387.0 1.0649815190175271 5 43 21.0 0.0 1.0649815190175271 0
6 ec.gp.GPIndividual@1612552649{-929174089} 2.0 17243.0 14578.0 0.18280971326656606 5 43 21.0 0.0 0.18280971326656606 0
6 ec.gp.GPIndividual@1612552649{-929174089} 2.0 16335.0 10861.0 0.5040051560629776 5 43 21.0 0.0 0.5040051560629776 0
6 ec.gp.GPIndividual@1612552649{-929174089} 1.0 17077.0 8160.0 1.0927696078431373 5 43 21.0 0.0 1.0927696078431373 0
6 ec.gp.GPIndividual@1612552649{-929174089} 2.0 15798.0 12802.0 0.23402593344789877 5 43 21.0 0.0 0.23402593344789877 0
6 ec.gp.GPIndividual@1612552649{-929174089} 1.0 16860.0 10087.0 0.6714583126796867 5 43 21.0 0.0 0.6714583126796867 0
6 ec.gp.GPIndividual@1612552649{-929174089} 1.0 17090.0 8317.0 1.0548274618251774 5 43 21.0 0.0 1.0548274618251774 0
6 ec.gp.GPIndividual@547880327{812790470} 0.0 72331.0 10054.0 0.32733240501293015 5 38 21.0 0.0 0.32733240501293015 0
6 ec.gp.GPIndividual@547880327{812790470} 0.0 72331.0 8387.0 0.1936330034577322 5 38 21.0 0.0 0.1936330034577322 0
6 ec.gp.GPIndividual@547880327{812790470} 0.0 72926.0 14578.0 0.4952668404445054 5 38 21.0 0.0 0.4952668404445054 0
6 ec.gp.GPIndividual@547880327{812790470} 0.0 72331.0 10861.0 0.377313322898444 5 38 21.0 0.0 0.377313322898444 0
6 ec.gp.GPIndividual@547880327{812790470} 0.0 72326.0 8160.0 0.17181372549019608 5 38 21.0 0.0 0.17181372549019608 0
6 ec.gp.GPIndividual@547880327{812790470} 0.0 72344.0 12802.0 0.47070770192157474 5 38 21.0 0.0 0.47070770192157474 0
6 ec.gp.GPIndividual@547880327{812790470} 0.0 72331.0 10087.0 0.32953306235748986 5 38 21.0 0.0 0.32953306235748986 0
6 ec.gp.GPIndividual@547880327{812790470} 0.0 72326.0 8317.0 0.18744739689791992 5 38 21.0 0.0 0.18744739689791992 0
6 ec.gp.GPIndividual@1494381064{568276778} 0.0 68057.0 10054.0 0.2089715536105033 5 25 21.0 0.0 0.2089715536105033 0
6 ec.gp.GPIndividual@1494381064{568276778} 0.0 68057.0 8387.0 0.05174675092404912 5 25 21.0 0.0 0.05174675092404912 0
6 ec.gp.GPIndividual@1494381064{568276778} 0.0 68686.0 14578.0 0.41130470572094935 5 25 21.0 0.0 0.41130470572094935 0
6 ec.gp.GPIndividual@1494381064{568276778} 0.0 68069.0 10861.0 0.26664211398582083 5 25 21.0 0.0 0.26664211398582083 0
6 ec.gp.GPIndividual@1494381064{568276778} 0.0 68055.0 8160.0 0.025612745098039215 5 25 21.0 0.0 0.025612745098039215 0
6 ec.gp.GPIndividual@1494381064{568276778} 0.0 68674.0 12802.0 0.33057334791438836 5 25 21.0 0.0 0.33057334791438836 0
6 ec.gp.GPIndividual@1494381064{568276778} 0.0 68069.0 10087.0 0.21036978288886685 5 25 21.0 0.0 0.21036978288886685 0
6 ec.gp.GPIndividual@1494381064{568276778} 0.0 68055.0 8317.0 0.04400625225441866 5 25 21.0 0.0 0.04400625225441866 0
6 ec.gp.GPIndividual@315609950{1961642942} 0.0 74156.0 10054.0 0.1458126118957629 5 37 21.0 0.0 0.1458126118957629 0
6 ec.gp.GPIndividual@315609950{1961642942} 0.0 74156.0 8387.0 0.02396566114224395 5 37 21.0 0.0 0.02396566114224395 0
6 ec.gp.GPIndividual@315609950{1961642942} 0.0 73696.0 14578.0 0.44244752366579776 5 37 21.0 0.0 0.44244752366579776 0
6 ec.gp.GPIndividual@315609950{1961642942} 0.0 73517.0 10861.0 0.2681152748365712 5 37 21.0 0.0 0.2681152748365712 0
6 ec.gp.GPIndividual@315609950{1961642942} 0.0 74156.0 8160.0 0.052450980392156864 5 37 21.0 0.0 0.052450980392156864 0
6 ec.gp.GPIndividual@315609950{1961642942} 0.0 73522.0 12802.0 0.3786908295578816 5 37 21.0 0.0 0.3786908295578816 0
6 ec.gp.GPIndividual@315609950{1961642942} 0.0 73517.0 10087.0 0.21195598294834936 5 37 21.0 0.0 0.21195598294834936 0
6 ec.gp.GPIndividual@315609950{1961642942} 0.0 74156.0 8317.0 0.03258386437417338 5 37 21.0 0.0 0.03258386437417338 0
6 ec.gp.GPIndividual@512807711{-1514832785} 0.0 65588.0 10054.0 0.08891983290232743 5 37 21.0 0.0 0.08891983290232743 0
6 ec.gp.GPIndividual@512807711{-1514832785} 0.0 65588.0 8387.0 0.30535352330988436 5 37 21.0 0.0 0.30535352330988436 0
6 ec.gp.GPIndividual@512807711{-1514832785} 0.0 65128.0 14578.0 0.2805597475648237 5 37 21.0 0.0 0.2805597475648237 0
6 ec.gp.GPIndividual@512807711{-1514832785} 0.0 64949.0 10861.0 0.0508240493508885 5 37 21.0 0.0 0.0508240493508885 0
6 ec.gp.GPIndividual@512807711{-1514832785} 0.0 65588.0 8160.0 0.3416666666666667 5 37 21.0 0.0 0.3416666666666667 0
6 ec.gp.GPIndividual@512807711{-1514832785} 0.0 64951.0 12802.0 0.19457897203561944 5 37 21.0 0.0 0.19457897203561944 0
6 ec.gp.GPIndividual@512807711{-1514832785} 0.0 64949.0 10087.0 0.02200852582531972 5 37 21.0 0.0 0.02200852582531972 0
6 ec.gp.GPIndividual@512807711{-1514832785} 0.0 65588.0 8317.0 0.3163400264518456 5 37 21.0 0.0 0.3163400264518456 0
6 ec.gp.GPIndividual@29642383{1226354102} 10.0 18390.0 10054.0 0.8291227372190173 5 32 21.0 0.0 0.8291227372190173 0
6 ec.gp.GPIndividual@29642383{1226354102} 10.0 18390.0 8387.0 1.1926791462978419 5 32 21.0 0.0 1.1926791462978419 0
6 ec.gp.GPIndividual@29642383{1226354102} 10.0 18619.0 14578.0 0.2771985183152696 5 32 21.0 0.0 0.2771985183152696 0
6 ec.gp.GPIndividual@29642383{1226354102} 10.0 18390.0 10861.0 0.6932142528312311 5 32 21.0 0.0 0.6932142528312311 0
6 ec.gp.GPIndividual@29642383{1226354102} 10.0 18390.0 8160.0 1.2536764705882353 5 32 21.0 0.0 1.2536764705882353 0
6 ec.gp.GPIndividual@29642383{1226354102} 10.0 18424.0 12802.0 0.4391501327917513 5 32 21.0 0.0 0.4391501327917513 0
6 ec.gp.GPIndividual@29642383{1226354102} 10.0 18390.0 10087.0 0.823138693367701 5 32 21.0 0.0 0.823138693367701 0
6 ec.gp.GPIndividual@29642383{1226354102} 10.0 18390.0 8317.0 1.2111338222916916 5 32 21.0 0.0 1.2111338222916916 0
7 ec.gp.GPIndividual@2044140424{-1713954145} 0.0 72331.0 10054.0 0.32733240501293015 5 37 21.0 0.0 0.32733240501293015 0
7 ec.gp.GPIndividual@1259138701{805237016} 0.0 7 ec.gp.GPIndividual@1519177873{1094703053} 63788.0 10054.0 0.09011338770638552 0.0 7 ec.gp.GPIndividual@1166833209{805237016} 5 45 21.0 0.0 62609.0 10054.0 0.2073801472050925 0.09011338770638552 0
7 ec.gp.GPIndividual@1626755953{803188437} 0.0 7 ec.gp.GPIndividual@2044140424{-1713954145} 78396.0 8387.0 0.2675552019096877 0.0 72331.0 8387.0 0.1936330034577322 5 37 21.0 0.0 5 25 21.0 0.0 5 39 21.0 0.0 0.1936330034577322 0
0.0 7 ec.gp.GPIndividual@1259138701{805237016} 7 ec.gp.GPIndividual@2047522697{986741711} 0.0 0.0 73962.0 8387.0 0.1651084145613686 63788.0 8387.0 0.0907356623345654 5 35 21.0 0.0 5 45 21.0 0.0 0.1651084145613686 0
0.2073801472050925 0
0.2675552019096877 0
7 ec.gp.GPIndividual@2044140424{-1713954145} 0.0 0.0907356623345654 0
7 ec.gp.GPIndividual@1519177873{1094703053} 0.0 62609.0 8387.0 0.04983903660426851 63788.0 8387.0 0.09011338770638552 5 39 21.0 0.0 5 45 21.0 0.0 7 ec.gp.GPIndividual@1626755953{803188437} 72926.0 14578.0 0.4952668404445054 0.09011338770638552 0
0.04983903660426851 0
7 ec.gp.GPIndividual@1259138701{805237016} 0.0 0.0 63873.0 14578.0 0.36664837426258745 78396.0 14578.0 0.12197448432097294 5 37 21.0 0.0 5 45 21.0 0.0 5 25 21.0 0.0 0.36664837426258745 0
0.4952668404445054 0
7 ec.gp.GPIndividual@1519177873{1094703053} 0.12197448432097294 0
0.0 7 ec.gp.GPIndividual@1259138701{805237016} 7 ec.gp.GPIndividual@1166833209{805237016} 62801.0 10861.0 0.44018383866099603 0.0 0.0 5 39 21.0 0.0 7 ec.gp.GPIndividual@2047522697{986741711} 0.44018383866099603 0
7 ec.gp.GPIndividual@2044140424{-1713954145} 0.0 72331.0 14578.0 0.377313322898444 7 ec.gp.GPIndividual@1626755953{803188437} 5 37 21.0 0.0 0.0 0.0 0.377313322898444 0
63788.0 10861.0 0.15772028358346377 63788.0 10861.0 0.0907356623345654 5 45 21.0 0.0 7 ec.gp.GPIndividual@1519177873{1094703053} 0.0 5 45 21.0 0.0 77944.0 14578.0 0.5258608862669777 5 25 21.0 0.0 7 ec.gp.GPIndividual@2044140424{-1713954145} 0.0 0.15772028358346377 0
72326.0 8160.0 0.17181372549019608 5 37 21.0 0.0 0.0907356623345654 0
62609.0 10861.0 0.26627382377313324 0.5258608862669777 0
73962.0 14578.0 8.346250149040181E-4 5 39 21.0 0.0 7 ec.gp.GPIndividual@1259138701{805237016} 0.17181372549019608 0
0.26627382377313324 0
0.0 5 35 21.0 0.0 7 ec.gp.GPIndividual@2044140424{-1713954145} 0.0 7 ec.gp.GPIndividual@1626755953{803188437} 63788.0 10861.0 0.12107843137254902 5 45 21.0 0.0 0.0 7 ec.gp.GPIndividual@1166833209{805237016} 0.0 72344.0 12802.0 0.47070770192157474 0.12107843137254902 0
7 ec.gp.GPIndividual@1519177873{1094703053} 0.0 63873.0 12802.0 0.36664837426258745 8.346250149040181E-4 0
77757.0 12802.0 0.38081207991897614 5 25 21.0 0.0 5 37 21.0 0.0 0.38081207991897614 0
62609.0 8160.0 0.02340686274509804 5 39 21.0 0.0 5 45 21.0 0.0 0.02340686274509804 0
7 ec.gp.GPIndividual@1626755953{803188437} 0.0 0.47070770192157474 0
7 ec.gp.GPIndividual@1259138701{805237016} 78396.0 8160.0 0.09754901960784314 5 25 21.0 0.0 0.0 0.36664837426258745 0
63822.0 8160.0 0.2827683174503984 5 45 21.0 0.0 0.09754901960784314 0
0.2827683174503984 0
7 ec.gp.GPIndividual@1519177873{1094703053} 7 ec.gp.GPIndividual@1166833209{805237016} 0.0 0.0 7 ec.gp.GPIndividual@2044140424{-1713954145} 0.0 7 ec.gp.GPIndividual@1626755953{803188437} 62643.0 10861.0 0.37486330260896733 0.0 63788.0 10861.0 0.15772028358346377 5 39 21.0 0.0 72331.0 10861.0 0.32953306235748986 5 45 21.0 0.0 0.37486330260896733 0
7 ec.gp.GPIndividual@1259138701{805237016} 0.0 5 37 21.0 0.0 63788.0 10087.0 0.09309011599087935 0.15772028358346377 0
77770.0 12802.0 0.4736759881268552 5 25 21.0 0.0 0.32953306235748986 0
5 45 21.0 0.0 7 ec.gp.GPIndividual@2047522697{986741711} 0.0 7 ec.gp.GPIndividual@1519177873{1094703053} 0.09309011599087935 0
7 ec.gp.GPIndividual@1166833209{805237016} 0.0 0.4736759881268552 0
63788.0 8160.0 0.12107843137254902 5 45 21.0 0.0 7 ec.gp.GPIndividual@2044140424{-1713954145} 0.12107843137254902 0
74220.0 14578.0 0.40650294965015776 5 35 21.0 0.0 0.0 7 ec.gp.GPIndividual@1259138701{805237016} 0.40650294965015776 0
0.0 62609.0 10087.0 0.20997323287399625 72326.0 10087.0 0.18744739689791992 0.0 7 ec.gp.GPIndividual@1626755953{803188437} 5 39 21.0 0.0 7 ec.gp.GPIndividual@1166833209{805237016} 0.0 5 37 21.0 0.0 0.0 0.20997323287399625 0
0.18744739689791992 0
63788.0 12802.0 0.09991583503667188 5 45 21.0 0.0 77757.0 12802.0 0.3333002874987608 5 25 21.0 0.0 63822.0 12802.0 0.2827683174503984 0.09991583503667188 0
7 ec.gp.GPIndividual@1519177873{1094703053} 0.0 0.3333002874987608 0
5 45 21.0 0.0 62609.0 8317.0 0.041842010340266925 5 39 21.0 0.0 0.2827683174503984 0
0.041842010340266925 0
7 ec.gp.GPIndividual@1626755953{803188437} 0.0 78396.0 8317.0 0.11458458578814476 5 25 21.0 0.0 0.11458458578814476 0
7 ec.gp.GPIndividual@2047522697{986741711} 0.0 7 ec.gp.GPIndividual@1166833209{805237016} 0.0 73962.0 10861.0 0.22714298867507596 5 35 21.0 0.0 7 ec.gp.GPIndividual@1998606325{937298416} 0.0 63788.0 10087.0 0.09309011599087935 0.22714298867507596 0
7 ec.gp.GPIndividual@657818001{-638044396} 0.0 63788.0 10054.0 0.09011338770638552 5 46 21.0 0.0 5 45 21.0 0.0 88551.0 10054.0 0.34444002387109607 5 19 21.0 0.0 0.09011338770638552 0
0.34444002387109607 0
0.09309011599087935 0
7 ec.gp.GPIndividual@1998606325{937298416} 0.0 63788.0 8387.0 0.0907356623345654 5 46 21.0 0.0 0.0907356623345654 0
7 ec.gp.GPIndividual@1140382879{-954234924} 0.0 7 ec.gp.GPIndividual@1166833209{805237016} 0.0 59409.0 10054.0 0.01780385916053312 5 42 21.0 0.0 63788.0 8317.0 0.09991583503667188 5 45 21.0 0.0 0.01780385916053312 0
7 ec.gp.GPIndividual@657818001{-638044396} 0.09991583503667188 0
7 ec.gp.GPIndividual@34993611{1321949526} 0.0 7 ec.gp.GPIndividual@1998606325{937298416} 0.0 0.0 58328.0 14578.0 0.08971553610503283 7 ec.gp.GPIndividual@2047522697{986741711} 0.0 5 47 21.0 0.0 63873.0 14578.0 0.36664837426258745 5 46 21.0 0.0 0.08971553610503283 0
73962.0 8160.0 0.028676470588235293 0.36664837426258745 0
88551.0 8160.0 0.2141409323953738 5 19 21.0 0.0 5 35 21.0 0.0 0.2141409323953738 0
0.028676470588235293 0
7 ec.gp.GPIndividual@1140382879{-954234924} 0.0 7 ec.gp.GPIndividual@1998606325{937298416} 0.0 59409.0 8387.0 0.2201025396446882 7 ec.gp.GPIndividual@1899117532{291536275} 5 42 21.0 0.0 0.0 0.2201025396446882 0
59409.0 10054.0 0.01780385916053312 5 41 21.0 0.0 63788.0 10861.0 0.15772028358346377 5 46 21.0 0.0 0.01780385916053312 0
7 ec.gp.GPIndividual@657818001{-638044396} 0.0 0.15772028358346377 0
88105.0 14578.0 0.5784744134997942 5 19 21.0 0.0 0.5784744134997942 0
7 ec.gp.GPIndividual@1998606325{937298416} 0.0 63788.0 8160.0 0.12107843137254902 5 46 21.0 0.0 0.12107843137254902 0
7 ec.gp.GPIndividual@1140382879{-954234924} 0.0 60038.0 14578.0 0.25490465084373715 5 42 21.0 0.0 7 ec.gp.GPIndividual@1998606325{937298416} 7 ec.gp.GPIndividual@657818001{-638044396} 0.0 0.0 0.25490465084373715 0
88551.0 10861.0 0.3931498020440107 5 19 21.0 0.0 63822.0 10861.0 0.2827683174503984 5 46 21.0 0.0 0.3931498020440107 0
7 ec.gp.GPIndividual@34993611{1321949526} 0.0 7 ec.gp.GPIndividual@1899117532{291536275} 0.0 0.2827683174503984 0
59409.0 8387.0 0.2201025396446882 7 ec.gp.GPIndividual@2047522697{986741711} 58328.0 8387.0 0.09121259091451055 5 41 21.0 0.0 0.0 5 47 21.0 0.0 0.2201025396446882 0
74220.0 12802.0 0.3241680987345727 5 35 21.0 0.0 0.09121259091451055 0
7 ec.gp.GPIndividual@1998606325{937298416} 0.0 0.3241680987345727 0
63788.0 10087.0 0.09309011599087935 7 ec.gp.GPIndividual@1140382879{-954234924} 5 46 21.0 0.0 0.0 7 ec.gp.GPIndividual@657818001{-638044396} 0.0 88551.0 10861.0 0.1922794117647059 5 19 21.0 0.0 0.09309011599087935 0
59421.0 10861.0 0.05671669275389007 5 42 21.0 0.0 0.1922794117647059 0
7 ec.gp.GPIndividual@1899117532{291536275} 0.0 0.05671669275389007 0
60038.0 14578.0 0.25490465084373715 5 41 21.0 0.0 7 ec.gp.GPIndividual@1998606325{937298416} 0.0 0.25490465084373715 0
63788.0 8317.0 0.09991583503667188 5 46 21.0 0.0 0.09991583503667188 0
7 ec.gp.GPIndividual@657818001{-638044396} 0.0 88105.0 12802.0 0.519996875488205 5 19 21.0 0.0 0.519996875488205 0
7 ec.gp.GPIndividual@2047522697{986741711} 0.0 73962.0 10087.0 0.16783979379399228 5 35 21.0 0.0 0.16783979379399228 0
7 ec.gp.GPIndividual@1140382879{-954234924} 0.0 59408.0 8160.0 0.25392156862745097 5 42 21.0 0.0 0.25392156862745097 0
7 ec.gp.GPIndividual@1899117532{291536275} 0.0 7 ec.gp.GPIndividual@657818001{-638044396} 0.0 7 ec.gp.GPIndividual@613317107{197882803} 0.0 59421.0 10861.0 0.05671669275389007 5 41 21.0 0.0 88551.0 10054.0 0.3465847129969267 5 19 21.0 0.0 0.05671669275389007 0
59409.0 10054.0 0.01780385916053312 5 44 21.0 0.0 0.3465847129969267 0
7 ec.gp.GPIndividual@34993611{1321949526} 0.0 0.01780385916053312 0
58766.0 14578.0 0.3421594183015503 5 47 21.0 0.0 0.3421594183015503 0
7 ec.gp.GPIndividual@2047522697{986741711} 0.0 7 ec.gp.GPIndividual@1140382879{-954234924} 73962.0 8317.0 0.009258145966093543 0.0 7 ec.gp.GPIndividual@657818001{-638044396} 5 35 21.0 0.0 0.0 0.009258145966093543 0
7 ec.gp.GPIndividual@1899117532{291536275} 0.0 88551.0 8317.0 0.20752675243477214 5 19 21.0 0.0 59408.0 8160.0 0.25392156862745097 60026.0 8317.0 0.15247617559756288 5 41 21.0 0.0 0.20752675243477214 0
0.25392156862745097 0
5 42 21.0 0.0 0.15247617559756288 0
7 ec.gp.GPIndividual@613317107{197882803} 7 ec.gp.GPIndividual@1059436099{1775318507} 0.0 0.0 72307.0 10054.0 0.3297195146210464 5 23 21.0 0.0 59409.0 10054.0 0.2201025396446882 5 44 21.0 0.0 0.3297195146210464 0
7 ec.gp.GPIndividual@862666646{613278726} 0.0 0.2201025396446882 0
74802.0 10054.0 0.08155957827730256 5 27 21.0 0.0 7 ec.gp.GPIndividual@1059436099{1775318507} 0.0 0.08155957827730256 0
7 ec.gp.GPIndividual@1899117532{291536275} 0.0 72307.0 8387.0 0.19649457493740313 5 23 21.0 0.0 60026.0 12802.0 0.15247617559756288 5 41 21.0 0.0 0.19649457493740313 0
0.15247617559756288 0
7 ec.gp.GPIndividual@1140382879{-954234924} 0.0 59421.0 10087.0 0.01566372558738971 5 42 21.0 0.0 7 ec.gp.GPIndividual@1059436099{1775318507} 7 ec.gp.GPIndividual@34993611{1321949526} 0.01566372558738971 0
0.0 0.0 58328.0 14578.0 0.15735199337077618 5 47 21.0 0.0 72499.0 14578.0 0.5245575524763342 5 23 21.0 0.0 0.15735199337077618 0
7 ec.gp.GPIndividual@862666646{613278726} 0.0 7 ec.gp.GPIndividual@613317107{197882803} 0.0 0.5245575524763342 0
60038.0 8387.0 0.25490465084373715 5 44 21.0 0.0 74792.0 8387.0 0.09979730535352331 7 ec.gp.GPIndividual@1899117532{291536275} 0.25490465084373715 0
7 ec.gp.GPIndividual@1059436099{1775318507} 0.0 5 27 21.0 0.0 72307.0 10861.0 0.37952306417456955 5 23 21.0 0.0 0.0 0.09979730535352331 0
59421.0 10861.0 0.01566372558738971 7 ec.gp.GPIndividual@1140382879{-954234924} 5 41 21.0 0.0 0.0 0.37952306417456955 0
59408.0 8317.0 0.2302512925333654 5 42 21.0 0.0 0.01566372558738971 0
0.2302512925333654 0
7 ec.gp.GPIndividual@1059436099{1775318507} 0.0 72307.0 8160.0 0.1741421568627451 5 23 21.0 0.0 0.1741421568627451 0
7 ec.gp.GPIndividual@1432687019{-1374284773} 0.0 7 ec.gp.GPIndividual@613317107{197882803} 0.0 83219.0 10054.0 0.33131092102645715 5 27 21.0 0.0 59421.0 10861.0 0.05671669275389007 5 44 21.0 0.0 0.33131092102645715 0
0.05671669275389007 0
7 ec.gp.GPIndividual@1059436099{1775318507} 0.0 7 ec.gp.GPIndividual@862666646{613278726} 0.0 72341.0 14578.0 0.4709420403062022 7 ec.gp.GPIndividual@1432687019{-1374284773} 5 23 21.0 0.0 73840.0 14578.0 0.43256962546302646 0.0 5 27 21.0 0.0 0.4709420403062022 0
83219.0 8387.0 0.19840228925718373 0.43256962546302646 0
7 ec.gp.GPIndividual@1899117532{291536275} 0.0 7 ec.gp.GPIndividual@34993611{1321949526} 0.0 5 27 21.0 0.0 59408.0 8160.0 0.2302512925333654 7 ec.gp.GPIndividual@1059436099{1775318507} 5 41 21.0 0.0 0.0 58328.0 8160.0 0.12156862745098039 5 47 21.0 0.0 0.19840228925718373 0
0.12156862745098039 0
72307.0 10087.0 0.33191236244671357 5 23 21.0 0.0 0.2302512925333654 0
7 ec.gp.GPIndividual@1432687019{-1374284773} 7 ec.gp.GPIndividual@862666646{613278726} 0.0 0.0 7 ec.gp.GPIndividual@613317107{197882803} 0.0 74385.0 10861.0 0.1881962986833625 5 27 21.0 0.0 83232.0 10861.0 0.5379338729592537 59408.0 10861.0 0.25392156862745097 5 44 21.0 0.0 5 27 21.0 0.0 0.33191236244671357 0
0.1881962986833625 0
0.25392156862745097 0
0.5379338729592537 0
7 ec.gp.GPIndividual@1059436099{1775318507} 0.0 7 ec.gp.GPIndividual@739005069{2089471516} 0.0 72307.0 8317.0 0.18973187447396897 5 23 21.0 0.0 63788.0 8317.0 0.09011338770638552 5 46 21.0 0.0 0.18973187447396897 0
7 ec.gp.GPIndividual@1432687019{-1374284773} 0.0 0.09011338770638552 0
83219.0 10861.0 0.38099622502531993 7 ec.gp.GPIndividual@862666646{613278726} 0.0 5 27 21.0 0.0 0.38099622502531993 0
74792.0 8160.0 0.1303921568627451 5 27 21.0 0.0 7 ec.gp.GPIndividual@473311006{-272766610} 0.0 0.1303921568627451 0
7 ec.gp.GPIndividual@739005069{2089471516} 7 ec.gp.GPIndividual@613317107{197882803} 7 ec.gp.GPIndividual@1432687019{-1374284773} 0.0 0.0 83219.0 10054.0 0.33131092102645715 0.0 5 41 21.0 0.0 60026.0 8160.0 0.15247617559756288 63788.0 8160.0 0.0907356623345654 7 ec.gp.GPIndividual@34993611{1321949526} 5 46 21.0 0.0 5 44 21.0 0.0 0.0 0.33131092102645715 0
58375.0 12802.0 0.28144039993750974 5 47 21.0 0.0 0.15247617559756288 0
0.0907356623345654 0
83219.0 8160.0 0.1761029411764706 5 27 21.0 0.0 7 ec.gp.GPIndividual@473311006{-272766610} 0.1761029411764706 0
0.28144039993750974 0
0.0 7 ec.gp.GPIndividual@739005069{2089471516} 0.0 7 ec.gp.GPIndividual@862666646{613278726} 83219.0 14578.0 0.19840228925718373 0.0 7 ec.gp.GPIndividual@1432687019{-1374284773} 63873.0 14578.0 0.36664837426258745 5 41 21.0 0.0 0.0 73443.0 12802.0 0.38486174035306986 5 46 21.0 0.0 5 27 21.0 0.0 0.19840228925718373 0
7 ec.gp.GPIndividual@613317107{197882803} 0.0 0.38486174035306986 0
0.36664837426258745 0
7 ec.gp.GPIndividual@473311006{-272766610} 0.0 83220.0 12802.0 0.4747695672551164 5 27 21.0 0.0 59421.0 10087.0 0.01566372558738971 83232.0 14578.0 0.5379338729592537 5 44 21.0 0.0 5 41 21.0 0.0 0.4747695672551164 0
7 ec.gp.GPIndividual@34993611{1321949526} 7 ec.gp.GPIndividual@862666646{613278726} 0.0 0.0 7 ec.gp.GPIndividual@739005069{2089471516} 58328.0 10087.0 0.09269356597600872 0.0 74447.0 10087.0 0.11975810449092891 5 47 21.0 0.0 0.5379338729592537 0
7 ec.gp.GPIndividual@1432687019{-1374284773} 0.0 0.01566372558738971 0
83219.0 10087.0 0.3334985625061961 5 27 21.0 0.0 7 ec.gp.GPIndividual@473311006{-272766610} 63788.0 10087.0 0.15772028358346377 0.0 5 46 21.0 0.0 0.3334985625061961 0
0.09269356597600872 0
5 27 21.0 0.0 83219.0 10861.0 0.38099622502531993 0.11975810449092891 0
0.15772028358346377 0
7 ec.gp.GPIndividual@1432687019{-1374284773} 0.0 5 41 21.0 0.0 83219.0 8317.0 0.19165564506432609 0.38099622502531993 0
7 ec.gp.GPIndividual@613317107{197882803} 0.0 5 27 21.0 0.0 7 ec.gp.GPIndividual@739005069{2089471516} 0.0 59408.0 8317.0 0.2302512925333654 0.19165564506432609 0
7 ec.gp.GPIndividual@473311006{-272766610} 0.0 63788.0 8160.0 0.12107843137254902 5 46 21.0 0.0 83219.0 8160.0 0.1761029411764706 5 44 21.0 0.0 5 41 21.0 0.0 0.12107843137254902 0
0.2302512925333654 0
7 ec.gp.GPIndividual@862666646{613278726} 0.0 0.1761029411764706 0
74792.0 8317.0 0.1090537453408681 5 27 21.0 0.0 0.1090537453408681 0
7 ec.gp.GPIndividual@473311006{-272766610} 7 ec.gp.GPIndividual@739005069{2089471516} 0.0 0.0 63822.0 12802.0 0.2827683174503984 83220.0 12802.0 0.4747695672551164 5 46 21.0 0.0 5 41 21.0 0.0 0.2827683174503984 0
0.4747695672551164 0
7 ec.gp.GPIndividual@34993611{1321949526} 0.0 58328.0 8317.0 0.10039677768426115 5 47 21.0 0.0 0.10039677768426115 0
7 ec.gp.GPIndividual@473311006{-272766610} 0.0 7 ec.gp.GPIndividual@739005069{2089471516} 0.0 83219.0 10087.0 0.3334985625061961 63788.0 10087.0 0.09309011599087935 5 41 21.0 0.0 5 46 21.0 0.0 0.3334985625061961 0
7 ec.gp.GPIndividual@2012429283{1848780433} 0.0 7 ec.gp.GPIndividual@910371954{-314097842} 0.0 0.09309011599087935 0
59409.0 10054.0 0.01780385916053312 7 ec.gp.GPIndividual@473311006{-272766610} 0.0 5 42 21.0 0.0 13338.0 10054.0 0.32663616471056295 7 ec.gp.GPIndividual@626023776{692445501} 0.0 5 43 21.0 0.0 83219.0 8317.0 0.19165564506432609 0.01780385916053312 0
68248.0 10054.0 0.1899741396459121 7 ec.gp.GPIndividual@739005069{2089471516} 0.32663616471056295 0
5 41 21.0 0.0 5 42 21.0 0.0 0.19165564506432609 0
0.1899741396459121 0
0.0 7 ec.gp.GPIndividual@856334865{1656851035} 0.0 63788.0 10054.0 0.09991583503667188 5 46 21.0 0.0 73518.0 10054.0 0.2092699423115178 0.09991583503667188 0
5 39 21.0 0.0 7 ec.gp.GPIndividual@910371954{-314097842} 0.0 0.2092699423115178 0
59409.0 8387.0 0.2201025396446882 5 42 21.0 0.0 0.2201025396446882 0
7 ec.gp.GPIndividual@820173459{-888809905} 0.0 78081.0 10054.0 0.29888601551621247 5 19 21.0 0.0 0.29888601551621247 0
7 ec.gp.GPIndividual@2012429283{1848780433} 0.0 12976.0 8387.0 0.547156313342077 5 43 21.0 0.0 0.547156313342077 0
7 ec.gp.GPIndividual@820173459{-888809905} 0.0 78052.0 8387.0 0.1629903421962561 5 19 21.0 0.0 0.1629903421962561 0
7 ec.gp.GPIndividual@626023776{692445501} 0.0 7 ec.gp.GPIndividual@910371954{-314097842} 68248.0 8387.0 0.028973411231668057 0.0 5 42 21.0 0.0 60038.0 8387.0 0.25490465084373715 7 ec.gp.GPIndividual@856334865{1656851035} 0.028973411231668057 0
0.0 5 42 21.0 0.0 0.25490465084373715 0
73518.0 8387.0 0.05210444735900799 5 39 21.0 0.0 7 ec.gp.GPIndividual@1987571859{-1405630566} 0.05210444735900799 0
0.0 7 ec.gp.GPIndividual@820173459{-888809905} 0.0 69181.0 10054.0 0.09717525363039586 5 38 21.0 0.0 77714.0 14578.0 0.541638084785293 5 19 21.0 0.0 0.09717525363039586 0
0.541638084785293 0
7 ec.gp.GPIndividual@2012429283{1848780433} 0.0 15589.0 14578.0 0.06935107696529016 5 43 21.0 0.0 0.06935107696529016 0
7 ec.gp.GPIndividual@910371954{-314097842} 0.0 59421.0 10861.0 0.05671669275389007 5 42 21.0 0.0 0.05671669275389007 0
7 ec.gp.GPIndividual@856334865{1656851035} 0.0 7 ec.gp.GPIndividual@820173459{-888809905} 0.0 74136.0 14578.0 0.4122650569351077 5 39 21.0 0.0 0.4122650569351077 0
7 ec.gp.GPIndividual@626023776{692445501} 0.0 77442.0 10861.0 0.4098149341681245 68488.0 14578.0 0.4248868157497599 5 42 21.0 0.0 5 19 21.0 0.0 0.4098149341681245 0
0.4248868157497599 0
7 ec.gp.GPIndividual@910371954{-314097842} 0.0 59408.0 8160.0 0.25392156862745097 5 42 21.0 0.0 0.25392156862745097 0
7 ec.gp.GPIndividual@820173459{-888809905} 0.0 78052.0 8160.0 0.13970588235294118 5 19 21.0 0.0 0.13970588235294118 0
7 ec.gp.GPIndividual@2012429283{1848780433} 0.0 13744.0 10861.0 0.2654451707945861 7 ec.gp.GPIndividual@1987571859{-1405630566} 5 43 21.0 0.0 0.0 0.2654451707945861 0
7 ec.gp.GPIndividual@856334865{1656851035} 0.0 73519.0 10861.0 0.2679311297302274 69167.0 8387.0 0.08060093001073089 5 39 21.0 0.0 5 38 21.0 0.0 0.2679311297302274 0
0.08060093001073089 0
7 ec.gp.GPIndividual@820173459{-888809905} 0.0 77442.0 12802.0 0.4992969848461178 5 19 21.0 0.0 0.4992969848461178 0
7 ec.gp.GPIndividual@910371954{-314097842} 0.0 7 ec.gp.GPIndividual@626023776{692445501} 60026.0 10861.0 0.15247617559756288 0.0 5 42 21.0 0.0 0.15247617559756288 0
67962.0 10861.0 0.27649387717521406 5 42 21.0 0.0 0.27649387717521406 0
7 ec.gp.GPIndividual@820173459{-888809905} 0.0 77442.0 10087.0 0.36452860116982255 5 19 21.0 0.0 0.36452860116982255 0
7 ec.gp.GPIndividual@2012429283{1848780433} 7 ec.gp.GPIndividual@856334865{1656851035} 0.0 0.0 12976.0 8160.0 0.5901960784313726 73518.0 8160.0 0.025735294117647058 5 43 21.0 0.0 5 39 21.0 0.0 0.5901960784313726 0
7 ec.gp.GPIndividual@910371954{-314097842} 0.0 0.025735294117647058 0
7 ec.gp.GPIndividual@820173459{-888809905} 0.0 59421.0 10087.0 0.01566372558738971 5 42 21.0 0.0 78052.0 8317.0 0.1559456534808224 5 19 21.0 0.0 0.01566372558738971 0
0.1559456534808224 0
7 ec.gp.GPIndividual@1987571859{-1405630566} 0.0 69150.0 14578.0 0.37947592262313073 7 ec.gp.GPIndividual@626023776{692445501} 5 38 21.0 0.0 0.0 0.37947592262313073 0
68248.0 8160.0 0.00196078431372549 5 42 21.0 0.0 0.00196078431372549 0
7 ec.gp.GPIndividual@856334865{1656851035} 7 ec.gp.GPIndividual@910371954{-314097842} 0.0 0.0 74135.0 8317.0 0.3308076862990158 59408.0 8317.0 0.2302512925333654 5 39 21.0 0.0 5 42 21.0 0.0 0.3308076862990158 0
7 ec.gp.GPIndividual@2012429283{1848780433} 0.0 0.2302512925333654 0
14075.0 12802.0 0.09943758787689423 5 43 21.0 0.0 0.09943758787689423 0
7 ec.gp.GPIndividual@626023776{692445501} 0.0 67595.0 12802.0 0.4148570535853773 7 ec.gp.GPIndividual@856334865{1656851035} 7 ec.gp.GPIndividual@1987571859{-1405630566} 5 42 21.0 0.0 0.0 0.0 0.4148570535853773 0
69208.0 10087.0 0.16177147592302735 5 38 21.0 0.0 73519.0 10087.0 0.21175770794091406 0.16177147592302735 0
5 39 21.0 0.0 0.21175770794091406 0
7 ec.gp.GPIndividual@2012429283{1848780433} 0.0 13338.0 10087.0 0.3222960245861009 5 43 21.0 0.0 0.3222960245861009 0
7 ec.gp.GPIndividual@1303692707{667001022} 0.0 68757.0 10054.0 0.1393475233737816 5 42 21.0 0.0 0.1393475233737816 0
7 ec.gp.GPIndividual@856334865{1656851035} 0.0 7 ec.gp.GPIndividual@626023776{692445501} 0.0 73518.0 10087.0 0.04412648791631598 5 39 21.0 0.0 67928.0 10087.0 0.22434817091305642 5 42 21.0 0.0 0.04412648791631598 0
0.22434817091305642 0
7 ec.gp.GPIndividual@1987571859{-1405630566} 0.0 69167.0 8160.0 0.11066176470588235 5 38 21.0 0.0 0.11066176470588235 0
7 ec.gp.GPIndividual@2012429283{1848780433} 0.0 12970.0 8317.0 0.5594565348082241 5 43 21.0 0.0 0.5594565348082241 0
7 ec.gp.GPIndividual@1303692707{667001022} 0.0 68757.0 8387.0 0.03171575056635269 5 42 21.0 0.0 0.03171575056635269 0
7 ec.gp.GPIndividual@1783490153{1284752766} 0.0 64083.0 10054.0 0.06077183210662423 5 26 21.0 0.0 0.06077183210662423 0
7 ec.gp.GPIndividual@626023776{692445501} 0.0 68248.0 8317.0 0.020800769508236144 5 42 21.0 0.0 0.020800769508236144 0
7 ec.gp.GPIndividual@1987571859{-1405630566} 0.0 68791.0 12802.0 0.3214341509139197 5 38 21.0 0.0 0.3214341509139197 0
7 ec.gp.GPIndividual@1783490153{1284752766} 0.0 64134.0 8387.0 0.13198998449982116 5 26 21.0 0.0 0.13198998449982116 0
7 ec.gp.GPIndividual@1303692707{667001022} 0.0 69509.0 14578.0 0.3548497736314995 5 42 21.0 0.0 0.3548497736314995 0
7 ec.gp.GPIndividual@425990403{667001022} 0.0 68757.0 10054.0 0.1393475233737816 5 42 21.0 0.0 0.1393475233737816 0
7 ec.gp.GPIndividual@1987571859{-1405630566} 0.0 69208.0 10087.0 0.09745216615445623 5 38 21.0 0.0 7 ec.gp.GPIndividual@1783490153{1284752766} 0.09745216615445623 0
0.0 63795.0 14578.0 0.37199890245575523 5 26 21.0 0.0 0.37199890245575523 0
7 ec.gp.GPIndividual@1303692707{667001022} 0.0 68757.0 10861.0 0.203296197403554 5 42 21.0 0.0 0.203296197403554 0
7 ec.gp.GPIndividual@425990403{667001022} 0.0 68757.0 8387.0 0.03171575056635269 5 42 21.0 0.0 0.03171575056635269 0
7 ec.gp.GPIndividual@1987571859{-1405630566} 0.0 69167.0 8317.0 0.08969580377539978 5 38 21.0 0.0 0.08969580377539978 0
7 ec.gp.GPIndividual@1783490153{1284752766} 0.0 63712.0 10861.0 0.16471779762452812 5 26 21.0 0.0 0.16471779762452812 0
7 ec.gp.GPIndividual@1357671898{851824780} 0.0 63788.0 10054.0 0.09011338770638552 5 41 21.0 0.0 0.09011338770638552 0
7 ec.gp.GPIndividual@1303692707{667001022} 0.0 68757.0 8160.0 0.06041666666666667 5 42 21.0 0.0 0.06041666666666667 0
7 ec.gp.GPIndividual@1357671898{851824780} 0.0 63788.0 8387.0 0.0907356623345654 5 41 21.0 0.0 0.0907356623345654 0
7 ec.gp.GPIndividual@425990403{667001022} 0.0 69509.0 14578.0 0.3548497736314995 5 42 21.0 0.0 0.3548497736314995 0
7 ec.gp.GPIndividual@1783490153{1284752766} 0.0 63670.0 8160.0 0.10661764705882353 7 ec.gp.GPIndividual@1357671898{851824780} 5 26 21.0 0.0 0.0 0.10661764705882353 0
63873.0 8160.0 0.36664837426258745 5 41 21.0 0.0 0.36664837426258745 0
7 ec.gp.GPIndividual@1357671898{851824780} 0.0 63788.0 10861.0 0.15772028358346377 5 41 21.0 0.0 0.15772028358346377 0
7 ec.gp.GPIndividual@1303692707{667001022} 0.0 68791.0 12802.0 0.3214341509139197 5 42 21.0 0.0 0.3214341509139197 0
7 ec.gp.GPIndividual@1357671898{851824780} 0.0 63788.0 8160.0 0.12107843137254902 5 41 21.0 0.0 0.12107843137254902 0
7 ec.gp.GPIndividual@1357671898{851824780} 0.0 63822.0 12802.0 0.2827683174503984 5 41 21.0 0.0 0.2827683174503984 0
7 ec.gp.GPIndividual@425990403{667001022} 0.0 68757.0 10861.0 0.203296197403554 5 42 21.0 0.0 0.203296197403554 0
7 ec.gp.GPIndividual@1783490153{1284752766} 0.0 7 ec.gp.GPIndividual@1357671898{851824780} 0.0 67540.0 10087.0 0.4191532573035463 63788.0 10087.0 0.09309011599087935 5 26 21.0 0.0 5 41 21.0 0.0 0.4191532573035463 0
0.09309011599087935 0
7 ec.gp.GPIndividual@1357671898{851824780} 0.0 63788.0 8317.0 0.09991583503667188 5 41 21.0 0.0 0.09991583503667188 0
7 ec.gp.GPIndividual@1303692707{667001022} 0.0 68757.0 10087.0 0.14216318033111927 5 42 21.0 0.0 0.14216318033111927 0
7 ec.gp.GPIndividual@1783490153{1284752766} 0.0 63442.0 10087.0 0.12739169227718847 5 26 21.0 0.0 0.12739169227718847 0
7 ec.gp.GPIndividual@425990403{667001022} 0.0 68757.0 8160.0 0.06041666666666667 5 42 21.0 0.0 0.06041666666666667 0
7 ec.gp.GPIndividual@1303692707{667001022} 0.0 68757.0 8317.0 0.040399182397499095 5 42 21.0 0.0 0.040399182397499095 0
7 ec.gp.GPIndividual@1783490153{1284752766} 0.0 63670.0 8317.0 0.08572802693278826 5 26 21.0 0.0 0.08572802693278826 0
7 ec.gp.GPIndividual@425990403{667001022} 0.0 68791.0 12802.0 0.3214341509139197 5 42 21.0 0.0 0.3214341509139197 0
7 ec.gp.GPIndividual@1655539043{667001022} 0.0 68757.0 10054.0 0.1393475233737816 5 42 21.0 0.0 0.1393475233737816 0
7 ec.gp.GPIndividual@730311667{-1436574743} 0.0 68757.0 10054.0 0.1393475233737816 5 42 21.0 0.0 0.1393475233737816 0
7 ec.gp.GPIndividual@425990403{667001022} 0.0 68757.0 10087.0 0.14216318033111927 5 42 21.0 0.0 0.14216318033111927 0
7 ec.gp.GPIndividual@1655539043{667001022} 0.0 68757.0 8387.0 0.03171575056635269 5 42 21.0 0.0 0.03171575056635269 0
7 ec.gp.GPIndividual@730311667{-1436574743} 0.0 68757.0 8387.0 0.03171575056635269 5 42 21.0 0.0 0.03171575056635269 0
7 ec.gp.GPIndividual@425990403{667001022} 0.0 68757.0 8317.0 0.040399182397499095 5 42 21.0 0.0 0.040399182397499095 0
7 ec.gp.GPIndividual@1655539043{667001022} 0.0 69509.0 14578.0 0.3548497736314995 5 42 21.0 0.0 0.3548497736314995 0
7 ec.gp.GPIndividual@730311667{-1436574743} 0.0 69509.0 14578.0 0.3548497736314995 5 42 21.0 0.0 0.3548497736314995 0
7 ec.gp.GPIndividual@1825485373{-1358456464} 0.0 67873.0 10054.0 0.22727272727272727 5 31 21.0 0.0 0.22727272727272727 0
7 ec.gp.GPIndividual@1655539043{667001022} 0.0 68757.0 10861.0 0.203296197403554 5 42 21.0 0.0 0.203296197403554 0
7 ec.gp.GPIndividual@1825485373{-1358456464} 0.0 67872.0 8387.0 0.07380469774651247 5 31 21.0 0.0 0.07380469774651247 0
7 ec.gp.GPIndividual@730311667{-1436574743} 0.0 68757.0 10861.0 0.203296197403554 5 42 21.0 0.0 0.203296197403554 0
7 ec.gp.GPIndividual@1655539043{667001022} 0.0 68757.0 8160.0 0.06041666666666667 5 42 21.0 0.0 0.06041666666666667 0
7 ec.gp.GPIndividual@1825485373{-1358456464} 0.0 68488.0 14578.0 0.4248868157497599 5 31 21.0 0.0 0.4248868157497599 0
7 ec.gp.GPIndividual@730311667{-1436574743} 0.0 68757.0 8160.0 0.06041666666666667 5 42 21.0 0.0 0.06041666666666667 0
7 ec.gp.GPIndividual@1825485373{-1358456464} 0.0 67873.0 10861.0 0.2846883344075131 5 31 21.0 0.0 0.2846883344075131 0
7 ec.gp.GPIndividual@1655539043{667001022} 0.0 68791.0 12802.0 0.3214341509139197 5 42 21.0 0.0 0.3214341509139197 0
7 ec.gp.GPIndividual@730311667{-1436574743} 0.0 68791.0 12802.0 0.3214341509139197 5 42 21.0 0.0 0.3214341509139197 0
7 ec.gp.GPIndividual@1825485373{-1358456464} 0.0 68272.0 8160.0 9.80392156862745E-4 5 31 21.0 0.0 7 ec.gp.GPIndividual@1655539043{667001022} 0.0 68757.0 10087.0 0.14216318033111927 9.80392156862745E-4 0
5 42 21.0 0.0 0.14216318033111927 0
7 ec.gp.GPIndividual@730311667{-1436574743} 0.0 68757.0 10087.0 0.14216318033111927 5 42 21.0 0.0 0.14216318033111927 0
7 ec.gp.GPIndividual@1825485373{-1358456464} 0.0 67595.0 12802.0 0.4148570535853773 5 31 21.0 0.0 0.4148570535853773 0
7 ec.gp.GPIndividual@1655539043{667001022} 0.0 68757.0 8317.0 0.040399182397499095 5 42 21.0 0.0 0.040399182397499095 0
7 ec.gp.GPIndividual@147882287{1978512831} 0.0 90934.0 10054.0 0.6508852198130097 3 8 21.0 0.0 0.6508852198130097 0
7 ec.gp.GPIndividual@730311667{-1436574743} 0.0 68757.0 8317.0 0.040399182397499095 5 42 21.0 0.0 0.040399182397499095 0
7 ec.gp.GPIndividual@147882287{1978512831} 0.0 91128.0 8387.0 0.5583641349707881 3 8 21.0 0.0 0.5583641349707881 0
7 ec.gp.GPIndividual@101824741{1824320922} 0.0 87457.0 10054.0 0.45325243684105826 5 23 21.0 0.0 7 ec.gp.GPIndividual@147882287{1978512831} 0.45325243684105826 0
0.0 90934.0 14578.0 0.7592262313074496 3 8 21.0 0.0 0.7592262313074496 0
7 ec.gp.GPIndividual@101824741{1824320922} 0.0 87457.0 8387.0 0.3445808990103732 5 23 21.0 0.0 0.3445808990103732 0
7 ec.gp.GPIndividual@147882287{1978512831} 0.0 90934.0 10861.0 0.676825338366633 3 8 21.0 0.0 0.676825338366633 0
7 ec.gp.GPIndividual@1825485373{-1358456464} 0.0 67873.0 10087.0 0.2298007336175275 5 31 21.0 0.0 0.2298007336175275 0
7 ec.gp.GPIndividual@147882287{1978512831} 0.0 91128.0 8160.0 0.546078431372549 3 8 21.0 0.0 7 ec.gp.GPIndividual@101824741{1824320922} 0.546078431372549 0
0.0 87491.0 8160.0 0.6205926738921663 5 23 21.0 0.0 0.6205926738921663 0
7 ec.gp.GPIndividual@147882287{1978512831} 0.0 90934.0 12802.0 0.7258240899859397 3 8 21.0 0.0 0.7258240899859397 0
7 ec.gp.GPIndividual@101824741{1824320922} 0.0 7 ec.gp.GPIndividual@147882287{1978512831} 0.0 87457.0 10087.0 0.4938771752140687 90934.0 10087.0 0.6520273619510261 5 23 21.0 0.0 3 8 21.0 0.0 0.4938771752140687 0
0.6520273619510261 0
7 ec.gp.GPIndividual@101824741{1824320922} 0.0 87457.0 8160.0 0.3263480392156863 7 ec.gp.GPIndividual@147882287{1978512831} 7 ec.gp.GPIndividual@1825485373{-1358456464} 0.0 0.0 91128.0 8317.0 0.5546471083323313 3 8 21.0 0.0 0.5546471083323313 0
5 23 21.0 0.0 0.3263480392156863 0
68272.0 8317.0 0.017915113622700492 5 31 21.0 0.0 0.017915113622700492 0
7 ec.gp.GPIndividual@660544763{540167701} 0.0 105260.0 10054.0 0.8563755719116769 1 1 21.0 0.0 0.8563755719116769 0
7 ec.gp.GPIndividual@101824741{1824320922} 0.0 87458.0 12802.0 0.570535853772848 5 23 21.0 0.0 7 ec.gp.GPIndividual@660544763{540167701} 0.570535853772848 0
0.0 105260.0 8387.0 0.8278287826397996 1 1 21.0 0.0 0.8278287826397996 0
7 ec.gp.GPIndividual@660544763{540167701} 0.0 7 ec.gp.GPIndividual@101824741{1824320922} 105260.0 10087.0 0.9009466319110989 0.0 1 1 21.0 0.0 0.9009466319110989 0
87457.0 10087.0 0.45504114206404284 5 23 21.0 0.0 0.45504114206404284 0
7 ec.gp.GPIndividual@660544763{540167701} 0.0 105260.0 10861.0 0.8670472332197772 1 1 21.0 0.0 0.8670472332197772 0
7 ec.gp.GPIndividual@101824741{1824320922} 7 ec.gp.GPIndividual@660544763{540167701} 0.0 0.0 87457.0 8160.0 0.3390645665504389 105260.0 8160.0 0.8230392156862745 5 23 21.0 0.0 1 1 21.0 0.0 0.3390645665504389 0
0.8230392156862745 0
7 ec.gp.GPIndividual@660544763{540167701} 0.0 105260.0 12802.0 0.8872051241993438 1 1 21.0 0.0 0.8872051241993438 0
7 ec.gp.GPIndividual@660544763{540167701} 0.0 105260.0 10087.0 0.8568454446317042 1 1 21.0 0.0 0.8568454446317042 0
7 ec.gp.GPIndividual@660544763{540167701} 0.0 105260.0 8317.0 0.8263797042202717 1 1 21.0 0.0 0.8263797042202717 0
8 ec.gp.GPIndividual@995631030{540167701} 0.0 105260.0 10054.0 0.8563755719116769 1 1 21.0 0.0 0.8563755719116769 0
8 ec.gp.GPIndividual@995631030{540167701} 0.0 105260.0 8387.0 0.8278287826397996 1 1 21.0 0.0 0.8278287826397996 0
8 ec.gp.GPIndividual@995631030{540167701} 0.0 105260.0 14578.0 0.9009466319110989 1 1 21.0 0.0 0.9009466319110989 0
8 ec.gp.GPIndividual@1003551767{-309965431} 8 ec.gp.GPIndividual@995631030{540167701} 0.0 0.0 8 ec.gp.GPIndividual@625775543{-567204732} 0.0 59488.0 10054.0 0.025661428287248857 8 ec.gp.GPIndividual@811618496{1547457668} 0.0 5 41 21.0 0.0 64422.0 10054.0 0.02705390889198329 105260.0 10054.0 0.8670472332197772 0.025661428287248857 0
64949.0 10054.0 0.025363039586234336 5 39 21.0 0.0 0.025363039586234336 0
1 1 21.0 0.0 0.8670472332197772 0
5 37 21.0 0.0 8 ec.gp.GPIndividual@1003551767{-309965431} 0.02705390889198329 0
8 ec.gp.GPIndividual@1278037102{1778672015} 8 ec.gp.GPIndividual@811618496{1547457668} 0.0 0.0 8 ec.gp.GPIndividual@1617791004{-181072442} 64949.0 8387.0 0.22916418266364613 59409.0 8387.0 0.01780385916053312 5 39 21.0 0.0 5 42 21.0 0.0 0.22916418266364613 0
8 ec.gp.GPIndividual@995631030{540167701} 0.0 0.0 105260.0 8387.0 0.8230392156862745 1 1 21.0 0.0 59488.0 8387.0 0.229521879098605 5 41 21.0 0.0 0.8230392156862745 0
0.01780385916053312 0
0.0 8 ec.gp.GPIndividual@995631030{540167701} 69181.0 12802.0 0.09717525363039586 5 42 21.0 0.0 0.0 0.229521879098605 0
8 ec.gp.GPIndividual@625775543{-567204732} 0.0 8 ec.gp.GPIndividual@811618496{1547457668} 64496.0 8387.0 0.17515202098485752 5 37 21.0 0.0 0.0 105260.0 12802.0 0.8872051241993438 0.17515202098485752 0
0.09717525363039586 0
64963.0 8387.0 0.2918781725888325 5 39 21.0 0.0 1 1 21.0 0.0 0.2918781725888325 0
8 ec.gp.GPIndividual@1003551767{-309965431} 0.0 59573.0 14578.0 0.2868020304568528 8 ec.gp.GPIndividual@1278037102{1778672015} 5 41 21.0 0.0 0.0 0.2868020304568528 0
0.8872051241993438 0
8 ec.gp.GPIndividual@625775543{-567204732} 8 ec.gp.GPIndividual@811618496{1547457668} 0.0 59409.0 14578.0 0.2201025396446882 0.0 8 ec.gp.GPIndividual@995631030{540167701} 5 42 21.0 0.0 0.0 64949.0 10087.0 0.0508240493508885 0.2201025396446882 0
8 ec.gp.GPIndividual@1003551767{-309965431} 0.0 59488.0 10861.0 0.0505478316913728 5 39 21.0 0.0 5 41 21.0 0.0 0.0508240493508885 0
105260.0 10087.0 0.8568454446317042 1 1 21.0 0.0 0.8568454446317042 0
64386.0 10087.0 0.3314583619152147 8 ec.gp.GPIndividual@1617791004{-181072442} 5 37 21.0 0.0 0.0505478316913728 0
0.3314583619152147 0
0.0 8 ec.gp.GPIndividual@811618496{1547457668} 69167.0 8160.0 0.08060093001073089 0.0 5 42 21.0 0.0 8 ec.gp.GPIndividual@995631030{540167701} 0.0 0.08060093001073089 0
8 ec.gp.GPIndividual@1278037102{1778672015} 0.0 60038.0 14578.0 0.25490465084373715 64949.0 8160.0 0.2633578431372549 5 42 21.0 0.0 5 39 21.0 0.0 0.2633578431372549 0
105260.0 8160.0 0.8263797042202717 1 1 21.0 0.0 0.8263797042202717 0
8 ec.gp.GPIndividual@1003551767{-309965431} 0.0 59488.0 8160.0 0.26372549019607844 0.25490465084373715 0
8 ec.gp.GPIndividual@625775543{-567204732} 0.0 5 41 21.0 0.0 0.26372549019607844 0
8 ec.gp.GPIndividual@811618496{1547457668} 0.0 64061.0 10861.0 0.13258447656753522 64951.0 12802.0 0.19457897203561944 5 37 21.0 0.0 5 39 21.0 0.0 0.19457897203561944 0
8 ec.gp.GPIndividual@482668256{704861104} 0.0 0.13258447656753522 0
63769.0 10054.0 0.09200318281281082 5 43 21.0 0.0 0.09200318281281082 0
8 ec.gp.GPIndividual@1003551767{-309965431} 0.0 59522.0 12802.0 0.1918450242149664 5 41 21.0 0.0 0.1918450242149664 0
8 ec.gp.GPIndividual@811618496{1547457668} 0.0 64949.0 10087.0 0.02200852582531972 5 39 21.0 0.0 8 ec.gp.GPIndividual@1278037102{1778672015} 0.02200852582531972 0
0.0 8 ec.gp.GPIndividual@1617791004{-181072442} 0.0 59421.0 14578.0 0.05671669275389007 69150.0 14578.0 0.37947592262313073 5 42 21.0 0.0 5 42 21.0 0.0 8 ec.gp.GPIndividual@482668256{704861104} 0.37947592262313073 0
8 ec.gp.GPIndividual@625775543{-567204732} 8 ec.gp.GPIndividual@1003551767{-309965431} 0.0 0.0 59488.0 8160.0 0.022305938336472687 64421.0 8160.0 0.1986519607843137 0.0 5 41 21.0 0.0 5 37 21.0 0.0 0.022305938336472687 0
8 ec.gp.GPIndividual@811618496{1547457668} 0.0 64949.0 8317.0 0.23950943849945894 0.05671669275389007 0
5 39 21.0 0.0 0.23950943849945894 0
64271.0 8160.0 0.14832478836294266 5 43 21.0 0.0 0.1986519607843137 0
8 ec.gp.GPIndividual@1003551767{-309965431} 0.0 0.14832478836294266 0
59488.0 8317.0 0.2398701454851509 8 ec.gp.GPIndividual@2125919355{-1382581649} 0.0 5 41 21.0 0.0 0.2398701454851509 0
83219.0 10054.0 0.33131092102645715 5 27 21.0 0.0 0.33131092102645715 0
8 ec.gp.GPIndividual@1278037102{1778672015} 0.0 8 ec.gp.GPIndividual@2125919355{-1382581649} 59408.0 8387.0 0.25392156862745097 0.0 5 42 21.0 0.0 8 ec.gp.GPIndividual@482668256{704861104} 83219.0 14578.0 0.19840228925718373 8 ec.gp.GPIndividual@701878912{-2097242745} 0.25392156862745097 0
8 ec.gp.GPIndividual@625775543{-567204732} 0.0 0.0 64374.0 12802.0 0.23965005467895642 5 37 21.0 0.0 0.23965005467895642 0
5 27 21.0 0.0 0.19840228925718373 0
0.0 68678.0 10861.0 0.41185347784332554 8 ec.gp.GPIndividual@1617791004{-181072442} 5 43 21.0 0.0 63788.0 12802.0 0.09011338770638552 0.0 0.41185347784332554 0
8 ec.gp.GPIndividual@2125919355{-1382581649} 0.0 83232.0 14578.0 0.5379338729592537 69208.0 10861.0 0.16177147592302735 5 27 21.0 0.0 5 42 21.0 0.0 5 34 21.0 0.0 0.16177147592302735 0
8 ec.gp.GPIndividual@1278037102{1778672015} 0.0 60026.0 12802.0 0.15247617559756288 0.09011338770638552 0
8 ec.gp.GPIndividual@482668256{704861104} 0.0 0.5379338729592537 0
68091.0 10861.0 0.26461651781603907 5 43 21.0 0.0 0.26461651781603907 0
8 ec.gp.GPIndividual@625775543{-567204732} 0.0 64061.0 10861.0 0.06602557747595915 5 42 21.0 0.0 5 37 21.0 0.0 8 ec.gp.GPIndividual@2125919355{-1382581649} 8 ec.gp.GPIndividual@701878912{-2097242745} 0.15247617559756288 0
0.06602557747595915 0
0.0 63788.0 8387.0 0.0907356623345654 0.0 5 34 21.0 0.0 0.0907356623345654 0
8 ec.gp.GPIndividual@482668256{704861104} 0.0 83219.0 8387.0 0.38099622502531993 64270.0 8160.0 0.1801470588235294 5 27 21.0 0.0 5 43 21.0 0.0 0.38099622502531993 0
0.1801470588235294 0
8 ec.gp.GPIndividual@701878912{-2097242745} 0.0 63873.0 14578.0 0.36664837426258745 5 34 21.0 0.0 0.36664837426258745 0
8 ec.gp.GPIndividual@2125919355{-1382581649} 0.0 83219.0 8160.0 0.1761029411764706 5 27 21.0 0.0 8 ec.gp.GPIndividual@1278037102{1778672015} 0.0 0.1761029411764706 0
8 ec.gp.GPIndividual@1617791004{-181072442} 8 ec.gp.GPIndividual@482668256{704861104} 0.0 8 ec.gp.GPIndividual@701878912{-2097242745} 0.0 0.0 69167.0 10861.0 0.11066176470588235 68104.0 10861.0 0.37509764099359477 5 42 21.0 0.0 63788.0 10861.0 0.15772028358346377 5 43 21.0 0.0 8 ec.gp.GPIndividual@625775543{-567204732} 0.11066176470588235 0
59421.0 8317.0 0.01566372558738971 5 42 21.0 0.0 0.01566372558738971 0
8 ec.gp.GPIndividual@2125919355{-1382581649} 0.0 83220.0 12802.0 0.4747695672551164 0.0 5 27 21.0 0.0 64421.0 12802.0 0.17602500901767465 5 34 21.0 0.0 0.4747695672551164 0
0.37509764099359477 0
0.15772028358346377 0
5 37 21.0 0.0 0.17602500901767465 0
8 ec.gp.GPIndividual@2125919355{-1382581649} 0.0 83219.0 10087.0 0.3334985625061961 5 27 21.0 0.0 8 ec.gp.GPIndividual@482668256{704861104} 0.0 8 ec.gp.GPIndividual@1278037102{1778672015} 0.3334985625061961 0
8 ec.gp.GPIndividual@701878912{-2097242745} 0.0 68091.0 8317.0 0.2081887578070784 63788.0 8160.0 0.12107843137254902 5 34 21.0 0.0 5 43 21.0 0.0 0.12107843137254902 0
8 ec.gp.GPIndividual@2125919355{-1382581649} 0.0 0.0 83219.0 8317.0 0.19165564506432609 5 27 21.0 0.0 59408.0 8317.0 0.2302512925333654 0.2081887578070784 0
5 42 21.0 0.0 8 ec.gp.GPIndividual@550875045{-1178013045} 0.0 0.2302512925333654 0
8 ec.gp.GPIndividual@701878912{-2097242745} 0.0 63822.0 12802.0 0.2827683174503984 5 34 21.0 0.0 0.2827683174503984 0
0.19165564506432609 0
8 ec.gp.GPIndividual@1617791004{-181072442} 0.0 56084.0 10054.0 0.230555002983887 68791.0 12802.0 0.3214341509139197 8 ec.gp.GPIndividual@923557974{-1852321592} 5 42 21.0 0.0 5 42 21.0 0.0 0.0 8 ec.gp.GPIndividual@482668256{704861104} 0.230555002983887 0
8 ec.gp.GPIndividual@701878912{-2097242745} 0.0 63788.0 10087.0 0.09309011599087935 99798.0 8317.0 0.8561766461110006 5 34 21.0 0.0 2 3 21.0 0.0 0.8561766461110006 0
0.0 64270.0 10087.0 0.15786942407117951 0.3214341509139197 0
8 ec.gp.GPIndividual@923557974{-1852321592} 0.0 99798.0 10054.0 0.8275903183498271 8 ec.gp.GPIndividual@1109745173{-2075277658} 5 43 21.0 0.0 0.0 2 3 21.0 0.0 0.15786942407117951 0
0.09309011599087935 0
8 ec.gp.GPIndividual@550875045{-1178013045} 0.0 73518.0 10054.0 0.2092699423115178 56084.0 8387.0 0.47514009777035887 5 37 21.0 0.0 5 42 21.0 0.0 0.2092699423115178 0
0.8275903183498271 0
0.47514009777035887 0
8 ec.gp.GPIndividual@923557974{-1852321592} 0.0 99972.0 14578.0 0.8888736452188228 8 ec.gp.GPIndividual@701878912{-2097242745} 2 3 21.0 0.0 0.0 0.8888736452188228 0
63788.0 14578.0 0.09991583503667188 5 34 21.0 0.0 0.09991583503667188 0
8 ec.gp.GPIndividual@923557974{-1852321592} 0.0 99798.0 10861.0 0.8668630881134334 2 3 21.0 0.0 0.8668630881134334 0
8 ec.gp.GPIndividual@923557974{-1852321592} 0.0 99798.0 8160.0 0.8227941176470588 2 3 21.0 0.0 0.8227941176470588 0
8 ec.gp.GPIndividual@923557974{-1852321592} 0.0 8 ec.gp.GPIndividual@550875045{-1178013045} 0.0 99798.0 12802.0 0.8870488986095922 2 3 21.0 0.0 8 ec.gp.GPIndividual@1617791004{-181072442} 56089.0 12802.0 0.15098093016874742 0.0 0.8870488986095922 0
69208.0 8387.0 0.09745216615445623 8 ec.gp.GPIndividual@923557974{-1852321592} 5 42 21.0 0.0 0.0 5 42 21.0 0.0 0.09745216615445623 0
8 ec.gp.GPIndividual@1109745173{-2075277658} 0.0 0.15098093016874742 0
99798.0 10087.0 0.8566471696242689 73518.0 10087.0 0.05210444735900799 8 ec.gp.GPIndividual@634474618{-1113093978} 2 3 21.0 0.0 5 37 21.0 0.0 0.0 0.8566471696242689 0
68757.0 10054.0 0.1393475233737816 5 42 21.0 0.0 0.05210444735900799 0
8 ec.gp.GPIndividual@923557974{-1852321592} 0.1393475233737816 0
0.0 99798.0 8317.0 0.8261392328964771 2 3 21.0 0.0 8 ec.gp.GPIndividual@550875045{-1178013045} 0.0 0.8261392328964771 0
56084.0 10861.0 0.13912162784274007 5 42 21.0 0.0 0.13912162784274007 0
8 ec.gp.GPIndividual@74845811{1321158331} 0.0 62597.0 10054.0 0.2085737020091506 5 45 21.0 0.0 0.2085737020091506 0
8 ec.gp.GPIndividual@79518160{744407201} 0.0 78396.0 10054.0 0.2675552019096877 5 25 21.0 0.0 0.2675552019096877 0
8 ec.gp.GPIndividual@79518160{744407201} 0.0 78396.0 8387.0 0.12197448432097294 5 25 21.0 0.0 0.12197448432097294 0
8 ec.gp.GPIndividual@1617791004{-181072442} 0.0 69167.0 8317.0 0.08969580377539978 5 42 21.0 0.0 8 ec.gp.GPIndividual@1109745173{-2075277658} 0.08969580377539978 0
8 ec.gp.GPIndividual@79518160{744407201} 0.0 0.0 77944.0 14578.0 0.5258608862669777 74136.0 14578.0 0.4122650569351077 5 25 21.0 0.0 5 37 21.0 0.0 0.5258608862669777 0
8 ec.gp.GPIndividual@550875045{-1178013045} 0.0 56084.0 14578.0 0.5161764705882353 5 42 21.0 0.0 0.4122650569351077 0
0.5161764705882353 0
8 ec.gp.GPIndividual@79518160{744407201} 0.0 77757.0 10861.0 0.38081207991897614 5 25 21.0 0.0 0.38081207991897614 0
8 ec.gp.GPIndividual@634474618{-1113093978} 0.0 68757.0 8387.0 0.03171575056635269 5 42 21.0 0.0 0.03171575056635269 0
8 ec.gp.GPIndividual@79518160{744407201} 0.0 8 ec.gp.GPIndividual@1704350934{-868503815} 78396.0 10054.0 0.09754901960784314 0.0 5 25 21.0 0.0 59409.0 10054.0 0.01780385916053312 0.09754901960784314 0
5 43 21.0 0.0 0.01780385916053312 0
8 ec.gp.GPIndividual@74845811{1321158331} 0.0 8 ec.gp.GPIndividual@550875045{-1178013045} 62597.0 8387.0 0.05126982234410397 0.0 5 45 21.0 0.0 0.05126982234410397 0
8 ec.gp.GPIndividual@79518160{744407201} 0.0 56085.0 8387.0 0.03351038900171848 77770.0 12802.0 0.4736759881268552 5 25 21.0 0.0 5 42 21.0 0.0 8 ec.gp.GPIndividual@1109745173{-2075277658} 0.03351038900171848 0
0.0 73519.0 10861.0 0.2679311297302274 0.4736759881268552 0
5 37 21.0 0.0 0.2679311297302274 0
8 ec.gp.GPIndividual@79518160{744407201} 8 ec.gp.GPIndividual@1704350934{-868503815} 0.0 0.0 8 ec.gp.GPIndividual@550875045{-1178013045} 59409.0 8387.0 0.2201025396446882 77757.0 8387.0 0.3333002874987608 5 43 21.0 0.0 0.0 5 25 21.0 0.0 0.2201025396446882 0
0.3333002874987608 0
56084.0 10087.0 0.22652919599484486 5 42 21.0 0.0 0.22652919599484486 0
8 ec.gp.GPIndividual@634474618{-1113093978} 0.0 69509.0 14578.0 0.3548497736314995 8 ec.gp.GPIndividual@79518160{744407201} 5 42 21.0 0.0 0.0 0.3548497736314995 0
8 ec.gp.GPIndividual@1109745173{-2075277658} 0.0 78396.0 8317.0 0.11458458578814476 5 25 21.0 0.0 73518.0 8160.0 0.025735294117647058 5 37 21.0 0.0 0.11458458578814476 0
8 ec.gp.GPIndividual@74845811{1321158331} 0.0 64385.0 14578.0 0.3315269584305117 5 45 21.0 0.0 0.025735294117647058 0
8 ec.gp.GPIndividual@1704350934{-868503815} 0.0 60038.0 14578.0 0.25490465084373715 0.3315269584305117 0
8 ec.gp.GPIndividual@550875045{-1178013045} 0.0 5 43 21.0 0.0 56084.0 8317.0 0.4875556089936275 0.25490465084373715 0
5 42 21.0 0.0 0.4875556089936275 0
8 ec.gp.GPIndividual@1109745173{-2075277658} 0.0 74135.0 12802.0 0.3308076862990158 5 37 21.0 0.0 0.3308076862990158 0
8 ec.gp.GPIndividual@1704350934{-868503815} 0.0 59421.0 10861.0 0.05671669275389007 5 43 21.0 0.0 0.05671669275389007 0
8 ec.gp.GPIndividual@634474618{-1113093978} 0.0 68757.0 10861.0 0.203296197403554 5 42 21.0 0.0 0.203296197403554 0
8 ec.gp.GPIndividual@912912343{-1220050324} 0.0 72357.0 10054.0 0.32474636960413766 5 37 21.0 0.0 0.32474636960413766 0
8 ec.gp.GPIndividual@1572870749{-2134486604} 0.0 72283.0 10054.0 0.33210662422916254 5 43 21.0 0.0 8 ec.gp.GPIndividual@74845811{1321158331} 0.0 0.33210662422916254 0
62609.0 10861.0 0.26627382377313324 5 45 21.0 0.0 0.26627382377313324 0
8 ec.gp.GPIndividual@1109745173{-2075277658} 8 ec.gp.GPIndividual@1704350934{-868503815} 0.0 0.0 73519.0 10087.0 0.21175770794091406 59408.0 10087.0 0.25392156862745097 5 37 21.0 0.0 5 43 21.0 0.0 0.21175770794091406 0
0.25392156862745097 0
8 ec.gp.GPIndividual@1572870749{-2134486604} 0.0 8 ec.gp.GPIndividual@1704350934{-868503815} 0.0 72791.0 12802.0 0.13878621676403957 5 43 21.0 0.0 60026.0 12802.0 0.15247617559756288 0.13878621676403957 0
8 ec.gp.GPIndividual@1109745173{-2075277658} 0.0 8 ec.gp.GPIndividual@912912343{-1220050324} 73518.0 8317.0 0.04412648791631598 0.0 5 37 21.0 0.0 72357.0 8317.0 0.19053296768808872 5 37 21.0 0.0 0.04412648791631598 0
5 43 21.0 0.0 0.15247617559756288 0
8 ec.gp.GPIndividual@634474618{-1113093978} 0.0 0.19053296768808872 0
8 ec.gp.GPIndividual@74845811{1321158331} 0.0 68757.0 8317.0 0.06041666666666667 62595.0 8160.0 0.025122549019607844 5 42 21.0 0.0 5 45 21.0 0.0 0.025122549019607844 0
0.06041666666666667 0
8 ec.gp.GPIndividual@1315989127{1369038295} 0.0 59409.0 10054.0 0.01780385916053312 5 38 21.0 0.0 0.01780385916053312 0
8 ec.gp.GPIndividual@1572870749{-2134486604} 8 ec.gp.GPIndividual@1704350934{-868503815} 0.0 0.0 72439.0 10087.0 0.5286733433941556 59421.0 10087.0 0.01566372558738971 5 43 21.0 0.0 5 43 21.0 0.0 0.5286733433941556 0
0.01566372558738971 0
8 ec.gp.GPIndividual@1315989127{1369038295} 0.0 59409.0 8387.0 0.2201025396446882 5 38 21.0 0.0 0.2201025396446882 0
8 ec.gp.GPIndividual@912912343{-1220050324} 0.0 72795.0 14578.0 0.5042529839484154 5 37 21.0 0.0 0.5042529839484154 0
8 ec.gp.GPIndividual@1704350934{-868503815} 0.0 59408.0 8317.0 0.2302512925333654 5 43 21.0 0.0 0.2302512925333654 0
8 ec.gp.GPIndividual@74845811{1321158331} 0.0 63708.0 12802.0 0.29167317606623966 5 45 21.0 0.0 0.29167317606623966 0
8 ec.gp.GPIndividual@1572870749{-2134486604} 0.0 72283.0 10861.0 0.38173280545069516 5 43 21.0 0.0 8 ec.gp.GPIndividual@634474618{-1113093978} 0.38173280545069516 0
8 ec.gp.GPIndividual@1315989127{1369038295} 0.0 0.0 60038.0 14578.0 0.25490465084373715 5 38 21.0 0.0 68791.0 14578.0 0.3214341509139197 0.25490465084373715 0
5 42 21.0 0.0 0.3214341509139197 0
8 ec.gp.GPIndividual@1315989127{1369038295} 0.0 59421.0 10861.0 0.05671669275389007 5 38 21.0 0.0 0.05671669275389007 0
8 ec.gp.GPIndividual@912912343{-1220050324} 0.0 72357.0 10861.0 0.3749194365159746 5 37 21.0 0.0 0.3749194365159746 0
8 ec.gp.GPIndividual@1572870749{-2134486604} 0.0 72757.0 8160.0 0.11899509803921568 5 43 21.0 0.0 0.11899509803921568 0
8 ec.gp.GPIndividual@74845811{1321158331} 0.0 62609.0 10087.0 0.20997323287399625 5 45 21.0 0.0 0.20997323287399625 0
8 ec.gp.GPIndividual@1315989127{1369038295} 0.0 59408.0 8160.0 0.25392156862745097 5 38 21.0 0.0 0.25392156862745097 0
8 ec.gp.GPIndividual@634474618{-1113093978} 0.0 68757.0 10087.0 0.14216318033111927 5 42 21.0 0.0 0.14216318033111927 0
8 ec.gp.GPIndividual@1315989127{1369038295} 0.0 60026.0 12802.0 0.15247617559756288 5 38 21.0 0.0 8 ec.gp.GPIndividual@912912343{-1220050324} 0.15247617559756288 0
0.0 72357.0 8160.0 0.16801470588235295 5 37 21.0 0.0 0.16801470588235295 0
8 ec.gp.GPIndividual@1572870749{-2134486604} 0.0 77014.0 12802.0 0.5327292610529605 5 43 21.0 0.0 8 ec.gp.GPIndividual@74845811{1321158331} 0.5327292610529605 0
0.0 8 ec.gp.GPIndividual@1315989127{1369038295} 62595.0 8317.0 0.043525309606829383 0.0 5 45 21.0 0.0 59421.0 10087.0 0.01566372558738971 0.043525309606829383 0
5 38 21.0 0.0 0.01566372558738971 0
8 ec.gp.GPIndividual@634474618{-1113093978} 0.0 68757.0 8317.0 0.040399182397499095 5 42 21.0 0.0 0.040399182397499095 0
8 ec.gp.GPIndividual@1935188900{-941007583} 0.0 74680.0 10054.0 0.09369405211855977 5 39 21.0 0.0 0.09369405211855977 0
8 ec.gp.GPIndividual@585525804{695298359} 0.0 56084.0 10054.0 0.230555002983887 5 43 21.0 0.0 0.230555002983887 0
8 ec.gp.GPIndividual@1016549799{-1422016595} 0.0 8 ec.gp.GPIndividual@912912343{-1220050324} 0.0 64949.0 12802.0 0.025363039586234336 5 45 21.0 0.0 73551.0 12802.0 0.37642555850648335 0.025363039586234336 0
8 ec.gp.GPIndividual@1572870749{-2134486604} 0.0 8 ec.gp.GPIndividual@1315989127{1369038295} 72283.0 10087.0 0.33429166253593734 0.0 5 43 21.0 0.0 59408.0 10087.0 0.2302512925333654 0.33429166253593734 0
5 37 21.0 0.0 0.37642555850648335 0
5 38 21.0 0.0 0.2302512925333654 0
8 ec.gp.GPIndividual@1016549799{-1422016595} 0.0 8 ec.gp.GPIndividual@585525804{695298359} 64949.0 8387.0 0.22916418266364613 0.0 5 45 21.0 0.0 0.22916418266364613 0
56084.0 8387.0 0.47514009777035887 5 43 21.0 0.0 0.47514009777035887 0
8 ec.gp.GPIndividual@295113590{-2081781532} 0.0 74186.0 10054.0 0.14282872488561765 5 23 21.0 0.0 0.14282872488561765 0
8 ec.gp.GPIndividual@1016549799{-1422016595} 0.0 65034.0 14578.0 0.2870078200027439 5 45 21.0 0.0 0.2870078200027439 0
8 ec.gp.GPIndividual@295113590{-2081781532} 0.0 74186.0 8387.0 0.027542625491832597 5 23 21.0 0.0 0.027542625491832597 0
8 ec.gp.GPIndividual@1572870749{-2134486604} 0.0 72757.0 8317.0 0.13562582662017555 5 43 21.0 0.0 0.13562582662017555 0
8 ec.gp.GPIndividual@1016549799{-1422016595} 0.0 64949.0 10861.0 0.0508240493508885 8 ec.gp.GPIndividual@585525804{695298359} 5 45 21.0 0.0 0.0 0.0508240493508885 0
8 ec.gp.GPIndividual@295113590{-2081781532} 0.0 56089.0 10861.0 0.15098093016874742 73731.0 14578.0 0.44004664563040197 5 43 21.0 0.0 5 23 21.0 0.0 0.15098093016874742 0
8 ec.gp.GPIndividual@912912343{-1220050324} 0.0 72357.0 10087.0 0.3269554872608308 0.44004664563040197 0
8 ec.gp.GPIndividual@1016549799{-1422016595} 0.0 5 37 21.0 0.0 64949.0 8160.0 0.2633578431372549 0.3269554872608308 0
8 ec.gp.GPIndividual@864165413{1386883323} 0.0 5 45 21.0 0.0 59413.0 10054.0 0.018201710761885818 8 ec.gp.GPIndividual@295113590{-2081781532} 0.2633578431372549 0
0.0 8 ec.gp.GPIndividual@585525804{695298359} 0.0 5 43 21.0 0.0 73960.0 10861.0 0.22732713378141975 0.018201710761885818 0
5 23 21.0 0.0 0.22732713378141975 0
56084.0 10861.0 0.13912162784274007 5 43 21.0 0.0 8 ec.gp.GPIndividual@1016549799{-1422016595} 0.13912162784274007 0
0.0 64983.0 12802.0 0.19207936259959382 5 45 21.0 0.0 0.19207936259959382 0
8 ec.gp.GPIndividual@295113590{-2081781532} 0.0 74186.0 8160.0 0.05612745098039216 5 23 21.0 0.0 0.05612745098039216 0
8 ec.gp.GPIndividual@864165413{1386883323} 0.0 59413.0 8387.0 0.22057946822463337 8 ec.gp.GPIndividual@1016549799{-1422016595} 5 43 21.0 0.0 0.0 0.22057946822463337 0
8 ec.gp.GPIndividual@295113590{-2081781532} 8 ec.gp.GPIndividual@585525804{695298359} 0.0 0.0 73551.0 12802.0 0.37642555850648335 56084.0 12802.0 0.5161764705882353 8 ec.gp.GPIndividual@1935188900{-941007583} 5 43 21.0 0.0 5 23 21.0 0.0 0.0 0.5161764705882353 0
64949.0 10087.0 0.02200852582531972 5 45 21.0 0.0 74680.0 12802.0 0.08644330511505902 0.02200852582531972 0
0.37642555850648335 0
8 ec.gp.GPIndividual@912912343{-1220050324} 0.0 5 39 21.0 0.0 72357.0 8317.0 0.18372009137910303 0.08644330511505902 0
5 37 21.0 0.0 8 ec.gp.GPIndividual@1016549799{-1422016595} 0.18372009137910303 0
8 ec.gp.GPIndividual@585525804{695298359} 8 ec.gp.GPIndividual@295113590{-2081781532} 8 ec.gp.GPIndividual@864165413{1386883323} 0.0 0.0 0.0 56085.0 10087.0 0.03351038900171848 5 43 21.0 0.0 0.0 0.03351038900171848 0
60030.0 10087.0 0.25545342296611334 64949.0 10087.0 0.23950943849945894 5 43 21.0 0.0 73960.0 10087.0 0.16803806880142758 5 45 21.0 0.0 0.25545342296611334 0
0.23950943849945894 0
5 23 21.0 0.0 0.16803806880142758 0
8 ec.gp.GPIndividual@585525804{695298359} 0.0 56084.0 10087.0 0.22652919599484486 5 43 21.0 0.0 0.22652919599484486 0
8 ec.gp.GPIndividual@295113590{-2081781532} 0.0 74186.0 8317.0 0.036190934231092944 5 23 21.0 0.0 0.036190934231092944 0
8 ec.gp.GPIndividual@864165413{1386883323} 0.0 59413.0 10861.0 0.05745327317926526 5 43 21.0 0.0 0.05745327317926526 0
8 ec.gp.GPIndividual@2142621773{-326627077} 0.0 74215.0 10054.0 0.13994430077581063 5 44 21.0 0.0 0.13994430077581063 0
8 ec.gp.GPIndividual@585525804{695298359} 0.0 56084.0 8317.0 0.4875556089936275 5 43 21.0 0.0 0.4875556089936275 0
8 ec.gp.GPIndividual@1195990060{776420821} 0.0 68248.0 10054.0 0.1899741396459121 5 42 21.0 0.0 0.1899741396459121 0
8 ec.gp.GPIndividual@864165413{1386883323} 0.0 59408.0 8160.0 0.25392156862745097 5 43 21.0 0.0 0.25392156862745097 0
8 ec.gp.GPIndividual@518658595{100393402} 0.0 72380.0 10054.0 0.3224587228963597 5 40 21.0 0.0 0.3224587228963597 0
8 ec.gp.GPIndividual@864165413{1386883323} 0.0 60026.0 12802.0 0.15247617559756288 8 ec.gp.GPIndividual@2142621773{-326627077} 5 43 21.0 0.0 0.0 0.15247617559756288 0
74215.0 8387.0 0.031000357696434958 5 44 21.0 0.0 0.031000357696434958 0
8 ec.gp.GPIndividual@1195990060{776420821} 0.0 68248.0 8387.0 0.028973411231668057 5 42 21.0 0.0 0.028973411231668057 0
8 ec.gp.GPIndividual@518658595{100393402} 0.0 72734.0 8387.0 0.145582449028258 5 40 21.0 0.0 0.145582449028258 0
8 ec.gp.GPIndividual@864165413{1386883323} 0.0 59413.0 10087.0 0.014870625557648459 5 43 21.0 0.0 0.014870625557648459 0
8 ec.gp.GPIndividual@1935188900{-941007583} 0.0 74909.0 14578.0 0.359239950610509 5 39 21.0 0.0 0.359239950610509 0
8 ec.gp.GPIndividual@2142621773{-326627077} 0.0 8 ec.gp.GPIndividual@864165413{1386883323} 0.0 74967.0 8317.0 0.35526135272328163 5 44 21.0 0.0 59408.0 8317.0 0.2302512925333654 0.35526135272328163 0
5 43 21.0 0.0 0.2302512925333654 0
8 ec.gp.GPIndividual@518658595{100393402} 0.0 72726.0 14578.0 0.50898614350391 5 40 21.0 0.0 0.50898614350391 0
8 ec.gp.GPIndividual@1195990060{776420821} 0.0 68488.0 14578.0 0.4248868157497599 5 42 21.0 0.0 0.4248868157497599 0
8 ec.gp.GPIndividual@518658595{100393402} 0.0 72342.0 10861.0 0.3763005248135531 5 40 21.0 0.0 0.3763005248135531 0
8 ec.gp.GPIndividual@2142621773{-326627077} 0.0 74215.0 10861.0 0.2038486327225854 5 44 21.0 0.0 0.2038486327225854 0
8 ec.gp.GPIndividual@1913840329{-1794959826} 0.0 68757.0 10054.0 0.1393475233737816 8 ec.gp.GPIndividual@1195990060{776420821} 5 43 21.0 0.0 0.0 0.1393475233737816 0
67962.0 10861.0 0.27649387717521406 5 42 21.0 0.0 0.27649387717521406 0
8 ec.gp.GPIndividual@518658595{100393402} 0.0 72734.0 8160.0 0.12181372549019608 5 40 21.0 0.0 0.12181372549019608 0
8 ec.gp.GPIndividual@2142621773{-326627077} 0.0 74215.0 8160.0 0.05968137254901961 5 44 21.0 0.0 0.05968137254901961 0
8 ec.gp.GPIndividual@518658595{100393402} 0.0 71857.0 12802.0 0.5087486330260896 5 40 21.0 0.0 0.5087486330260896 0
8 ec.gp.GPIndividual@1195990060{776420821} 0.0 68248.0 8160.0 0.00196078431372549 5 42 21.0 0.0 0.00196078431372549 0
8 ec.gp.GPIndividual@1913840329{-1794959826} 0.0 68757.0 8387.0 0.03171575056635269 5 43 21.0 0.0 0.03171575056635269 0
8 ec.gp.GPIndividual@1935188900{-941007583} 0.0 74680.0 10861.0 0.16103489549765215 5 39 21.0 0.0 0.16103489549765215 0
8 ec.gp.GPIndividual@518658595{100393402} 0.0 72342.0 10087.0 0.3284425498165956 5 40 21.0 0.0 0.3284425498165956 0
8 ec.gp.GPIndividual@2142621773{-326627077} 0.0 74249.0 12802.0 0.3219028276831745 5 44 21.0 0.0 0.3219028276831745 0
8 ec.gp.GPIndividual@1195990060{776420821} 0.0 67595.0 12802.0 0.4148570535853773 5 42 21.0 0.0 0.4148570535853773 0
8 ec.gp.GPIndividual@518658595{100393402} 0.0 72734.0 8317.0 0.13839124684381388 5 40 21.0 0.0 0.13839124684381388 0
8 ec.gp.GPIndividual@1913840329{-1794959826} 0.0 69509.0 14578.0 0.3548497736314995 5 43 21.0 0.0 0.3548497736314995 0
8 ec.gp.GPIndividual@422349484{-1016181662} 0.0 68088.0 10054.0 0.2058882037000199 5 38 21.0 0.0 0.2058882037000199 0
8 ec.gp.GPIndividual@422349484{-1016181662} 0.0 68088.0 8387.0 0.04805055442947419 5 38 21.0 0.0 0.04805055442947419 0
8 ec.gp.GPIndividual@2142621773{-326627077} 0.0 74215.0 10087.0 0.1427580053534252 5 44 21.0 0.0 0.1427580053534252 0
8 ec.gp.GPIndividual@1195990060{776420821} 0.0 67928.0 10087.0 0.22434817091305642 8 ec.gp.GPIndividual@422349484{-1016181662} 5 42 21.0 0.0 0.0 0.22434817091305642 0
68285.0 10087.0 0.43881190835505557 5 38 21.0 0.0 0.43881190835505557 0
8 ec.gp.GPIndividual@1913840329{-1794959826} 0.0 68757.0 10861.0 0.203296197403554 5 43 21.0 0.0 0.203296197403554 0
8 ec.gp.GPIndividual@422349484{-1016181662} 0.0 68088.0 10861.0 0.26489273547555475 5 38 21.0 0.0 0.26489273547555475 0
8 ec.gp.GPIndividual@422349484{-1016181662} 0.0 68078.0 8160.0 0.022794117647058822 5 38 21.0 0.0 0.022794117647058822 0
8 ec.gp.GPIndividual@422349484{-1016181662} 0.0 68093.0 12802.0 0.3759568817372286 5 38 21.0 0.0 0.3759568817372286 0
8 ec.gp.GPIndividual@2142621773{-326627077} 0.0 74215.0 8317.0 0.03967776842611519 5 44 21.0 0.0 0.03967776842611519 0
8 ec.gp.GPIndividual@1935188900{-941007583} 8 ec.gp.GPIndividual@1195990060{776420821} 0.0 0.0 74680.0 8160.0 0.11666666666666667 8 ec.gp.GPIndividual@422349484{-1016181662} 5 39 21.0 0.0 68248.0 8160.0 0.020800769508236144 0.11666666666666667 0
5 42 21.0 0.0 0.020800769508236144 0
0.0 68088.0 10087.0 0.20848617031823138 5 38 21.0 0.0 8 ec.gp.GPIndividual@1913840329{-1794959826} 0.20848617031823138 0
0.0 68757.0 8160.0 0.06041666666666667 5 43 21.0 0.0 0.06041666666666667 0
8 ec.gp.GPIndividual@422349484{-1016181662} 0.0 68078.0 8317.0 0.04124083203078033 5 38 21.0 0.0 0.04124083203078033 0
8 ec.gp.GPIndividual@2084637131{871659256} 0.0 68452.0 10054.0 0.1696837079769246 5 37 21.0 0.0 0.1696837079769246 0
8 ec.gp.GPIndividual@1913840329{-1794959826} 0.0 68791.0 12802.0 0.3214341509139197 5 43 21.0 0.0 0.3214341509139197 0
8 ec.gp.GPIndividual@2084637131{871659256} 0.0 68459.0 8387.0 0.0038154286395612256 5 37 21.0 0.0 0.0038154286395612256 0
8 ec.gp.GPIndividual@1913840329{-1794959826} 0.0 68757.0 10087.0 0.14216318033111927 5 43 21.0 0.0 0.14216318033111927 0
8 ec.gp.GPIndividual@1935188900{-941007583} 0.0 74714.0 12802.0 0.2855803780659272 5 39 21.0 0.0 0.2855803780659272 0
8 ec.gp.GPIndividual@2084637131{871659256} 0.0 68337.0 14578.0 0.4352448895596104 5 37 21.0 0.0 0.4352448895596104 0
8 ec.gp.GPIndividual@1913840329{-1794959826} 0.0 68757.0 8317.0 0.040399182397499095 5 43 21.0 0.0 0.040399182397499095 0
8 ec.gp.GPIndividual@2084637131{871659256} 0.0 67813.0 10861.0 0.2902126875978271 5 37 21.0 0.0 0.2902126875978271 0
8 ec.gp.GPIndividual@2142749609{877903668} 0.0 63821.0 10054.0 0.08683111199522578 5 42 21.0 0.0 0.08683111199522578 0
8 ec.gp.GPIndividual@2084637131{871659256} 0.0 68470.0 8160.0 0.025245098039215687 5 37 21.0 0.0 0.025245098039215687 0
8 ec.gp.GPIndividual@1935188900{-941007583} 0.0 74680.0 10087.0 0.09665906612471498 5 39 21.0 0.0 0.09665906612471498 0
8 ec.gp.GPIndividual@2142749609{877903668} 0.0 63821.0 8387.0 0.09467032311911291 5 42 21.0 0.0 0.09467032311911291 0
8 ec.gp.GPIndividual@2084637131{871659256} 0.0 72365.0 12802.0 0.4690673332291829 5 37 21.0 0.0 0.4690673332291829 0
8 ec.gp.GPIndividual@2142749609{877903668} 0.0 64068.0 14578.0 0.35327205377966797 5 42 21.0 0.0 0.35327205377966797 0
8 ec.gp.GPIndividual@2084637131{871659256} 0.0 67813.0 10087.0 0.2357489838405869 5 37 21.0 0.0 0.2357489838405869 0
8 ec.gp.GPIndividual@2142749609{877903668} 0.0 63799.0 10861.0 0.15670748549857288 5 42 21.0 0.0 0.15670748549857288 0
8 ec.gp.GPIndividual@1935188900{-941007583} 0.0 8 ec.gp.GPIndividual@2084637131{871659256} 0.0 74680.0 8317.0 0.0955873512083684 5 39 21.0 0.0 68470.0 8317.0 0.005891547432968619 0.0955873512083684 0
5 37 21.0 0.0 0.005891547432968619 0
8 ec.gp.GPIndividual@2013658042{-979202543} 0.0 57307.0 10054.0 0.19126715735030833 5 46 21.0 0.0 0.19126715735030833 0
8 ec.gp.GPIndividual@2013658042{-979202543} 0.0 57209.0 8387.0 0.04220817932514606 5 46 21.0 0.0 0.04220817932514606 0
8 ec.gp.GPIndividual@2142749609{877903668} 0.0 63792.0 8160.0 0.12156862745098039 5 42 21.0 0.0 0.12156862745098039 0
8 ec.gp.GPIndividual@2013658042{-979202543} 0.0 58497.0 14578.0 0.36061188091644947 5 46 21.0 0.0 0.36061188091644947 0
8 ec.gp.GPIndividual@2013658042{-979202543} 0.0 57664.0 10861.0 0.21848816867691742 5 46 21.0 0.0 0.21848816867691742 0
8 ec.gp.GPIndividual@2142749609{877903668} 0.0 63914.0 12802.0 0.2755819403218247 5 42 21.0 0.0 0.2755819403218247 0
8 ec.gp.GPIndividual@2013658042{-979202543} 0.0 57238.0 8160.0 0.012009803921568628 5 46 21.0 0.0 0.012009803921568628 0
8 ec.gp.GPIndividual@2013658042{-979202543} 0.0 57850.0 12802.0 0.3224496172473051 5 46 21.0 0.0 0.3224496172473051 0
8 ec.gp.GPIndividual@2013658042{-979202543} 0.0 57381.0 10087.0 0.18657678199662933 5 46 21.0 0.0 0.18657678199662933 0
8 ec.gp.GPIndividual@2142749609{877903668} 0.0 63799.0 10087.0 0.09199960344998513 5 42 21.0 0.0 0.09199960344998513 0
8 ec.gp.GPIndividual@2013658042{-979202543} 0.0 57238.0 8317.0 0.03066009378381628 5 46 21.0 0.0 0.03066009378381628 0
8 ec.gp.GPIndividual@1948561870{68683432} 0.0 62662.0 10054.0 0.2021086134871693 5 40 21.0 0.0 0.2021086134871693 0
8 ec.gp.GPIndividual@1948561870{68683432} 0.0 62662.0 8387.0 0.04351973291999523 5 40 21.0 0.0 0.04351973291999523 0
8 ec.gp.GPIndividual@1948561870{68683432} 0.0 63267.0 14578.0 0.40821786253258335 5 40 21.0 0.0 0.40821786253258335 0
8 ec.gp.GPIndividual@2142749609{877903668} 0.0 63792.0 8317.0 0.10039677768426115 5 42 21.0 0.0 0.10039677768426115 0
8 ec.gp.GPIndividual@1948561870{68683432} 0.0 62662.0 10861.0 0.26139397845502255 5 40 21.0 0.0 0.26139397845502255 0
8 ec.gp.GPIndividual@1948561870{68683432} 0.0 62649.0 8160.0 0.018504901960784314 5 40 21.0 0.0 0.018504901960784314 0
8 ec.gp.GPIndividual@586689776{-1031306470} 0.0 8 ec.gp.GPIndividual@1948561870{68683432} 0.0 59409.0 12802.0 0.01780385916053312 62675.0 12802.0 0.3723636931729417 5 43 21.0 0.0 5 40 21.0 0.0 0.01780385916053312 0
0.3723636931729417 0
8 ec.gp.GPIndividual@1948561870{68683432} 0.0 62662.0 10087.0 0.20471894517696043 5 40 21.0 0.0 0.20471894517696043 0
8 ec.gp.GPIndividual@586689776{-1031306470} 0.0 59409.0 8387.0 0.2201025396446882 5 43 21.0 0.0 0.2201025396446882 0
8 ec.gp.GPIndividual@1948561870{68683432} 0.0 62649.0 8317.0 0.03703258386437417 5 40 21.0 0.0 0.03703258386437417 0
8 ec.gp.GPIndividual@586689776{-1031306470} 0.0 60038.0 14578.0 0.25490465084373715 5 43 21.0 0.0 0.25490465084373715 0
8 ec.gp.GPIndividual@591620984{-786690542} 0.0 59409.0 10054.0 0.01780385916053312 5 44 21.0 0.0 0.01780385916053312 0
8 ec.gp.GPIndividual@586689776{-1031306470} 0.0 59421.0 10861.0 0.05671669275389007 5 43 21.0 0.0 0.05671669275389007 0
8 ec.gp.GPIndividual@591620984{-786690542} 0.0 59409.0 8387.0 0.2201025396446882 5 44 21.0 0.0 0.2201025396446882 0
8 ec.gp.GPIndividual@586689776{-1031306470} 0.0 59408.0 8160.0 0.25392156862745097 5 43 21.0 0.0 0.25392156862745097 0
8 ec.gp.GPIndividual@591620984{-786690542} 0.0 60038.0 14578.0 0.25490465084373715 5 44 21.0 0.0 0.25490465084373715 0
8 ec.gp.GPIndividual@586689776{-1031306470} 0.0 60026.0 12802.0 0.15247617559756288 5 43 21.0 0.0 0.15247617559756288 0
8 ec.gp.GPIndividual@591620984{-786690542} 0.0 59421.0 10861.0 0.05671669275389007 5 44 21.0 0.0 0.05671669275389007 0
8 ec.gp.GPIndividual@586689776{-1031306470} 0.0 59421.0 10087.0 0.01566372558738971 5 43 21.0 0.0 0.01566372558738971 0
8 ec.gp.GPIndividual@591620984{-786690542} 0.0 59408.0 8160.0 0.25392156862745097 5 44 21.0 0.0 0.25392156862745097 0
8 ec.gp.GPIndividual@586689776{-1031306470} 0.0 59408.0 8317.0 0.2302512925333654 5 43 21.0 0.0 0.2302512925333654 0
8 ec.gp.GPIndividual@591620984{-786690542} 0.0 60026.0 12802.0 0.15247617559756288 5 44 21.0 0.0 0.15247617559756288 0
8 ec.gp.GPIndividual@591620984{-786690542} 0.0 59421.0 10087.0 0.01566372558738971 5 44 21.0 0.0 0.01566372558738971 0
8 ec.gp.GPIndividual@591620984{-786690542} 0.0 59408.0 8317.0 0.2302512925333654 5 44 21.0 0.0 0.2302512925333654 0
8 ec.gp.GPIndividual@355510583{1924234391} 0.0 59040.0 10054.0 0.018897951064253033 5 42 21.0 0.0 0.018897951064253033 0
8 ec.gp.GPIndividual@355510583{1924234391} 0.0 59003.0 8387.0 0.17169428878025517 5 42 21.0 0.0 0.17169428878025517 0
8 ec.gp.GPIndividual@355510583{1924234391} 0.0 59122.0 14578.0 0.3177390588558101 5 42 21.0 0.0 0.3177390588558101 0
8 ec.gp.GPIndividual@355510583{1924234391} 0.0 58911.0 10861.0 0.1036736948715588 5 42 21.0 0.0 0.1036736948715588 0
8 ec.gp.GPIndividual@355510583{1924234391} 0.0 59486.0 8160.0 0.26348039215686275 5 42 21.0 0.0 0.26348039215686275 0
8 ec.gp.GPIndividual@355510583{1924234391} 0.0 58396.0 12802.0 0.27980003124511793 5 42 21.0 0.0 0.27980003124511793 0
8 ec.gp.GPIndividual@355510583{1924234391} 0.0 58911.0 10087.0 0.03489640130861505 5 42 21.0 0.0 0.03489640130861505 0
8 ec.gp.GPIndividual@355510583{1924234391} 0.0 59486.0 8317.0 0.23962967416135625 5 42 21.0 0.0 0.23962967416135625 0
9 ec.gp.GPIndividual@1404880057{980212666} 0.0 105260.0 10054.0 0.8563755719116769 1 1 21.0 0.0 0.8563755719116769 0
9 ec.gp.GPIndividual@1119836160{-999518070} 0.0 9 ec.gp.GPIndividual@737087805{1392906783} 0.0 9 ec.gp.GPIndividual@1404880057{980212666} 68088.0 10054.0 0.2058882037000199 0.0 63788.0 8387.0 0.09011338770638552 5 38 21.0 0.0 5 41 21.0 0.0 0.2058882037000199 0
9 ec.gp.GPIndividual@756877932{-62705127} 0.0 9 ec.gp.GPIndividual@27815356{-1362107351} 69115.0 10054.0 0.10373980505271534 0.0 105260.0 8387.0 0.8278287826397996 9 ec.gp.GPIndividual@939483926{787240754} 5 35 21.0 0.0 0.0 1 1 21.0 0.0 0.09011338770638552 0
9 ec.gp.GPIndividual@1119836160{-999518070} 0.0 68088.0 8387.0 0.04805055442947419 0.8278287826397996 0
0.10373980505271534 0
66910.0 10054.0 0.3230555002983887 9 ec.gp.GPIndividual@737087805{1392906783} 5 47 21.0 0.0 0.0 69249.0 10054.0 0.09041177640740004 0.3230555002983887 0
5 35 21.0 0.0 0.09041177640740004 0
63788.0 8387.0 0.0907356623345654 5 41 21.0 0.0 9 ec.gp.GPIndividual@1404880057{980212666} 0.0907356623345654 0
5 38 21.0 0.0 0.04805055442947419 0
9 ec.gp.GPIndividual@27815356{-1362107351} 0.0 0.0 69249.0 8387.0 0.09037796589960653 5 35 21.0 0.0 105260.0 8387.0 0.9009466319110989 9 ec.gp.GPIndividual@756877932{-62705127} 0.09037796589960653 0
9 ec.gp.GPIndividual@939483926{787240754} 0.0 0.0 66910.0 8387.0 0.1885060212233218 1 1 21.0 0.0 69115.0 8387.0 0.0744008584714439 5 47 21.0 0.0 0.9009466319110989 0
9 ec.gp.GPIndividual@737087805{1392906783} 0.0 9 ec.gp.GPIndividual@27815356{-1362107351} 0.0 9 ec.gp.GPIndividual@1119836160{-999518070} 69284.0 14578.0 0.3702839895733297 63873.0 14578.0 0.36664837426258745 5 35 21.0 0.0 5 35 21.0 0.0 9 ec.gp.GPIndividual@1404880057{980212666} 0.0 0.0744008584714439 0
0.1885060212233218 0
68285.0 10861.0 0.43881190835505557 5 38 21.0 0.0 0.0 0.43881190835505557 0
0.3702839895733297 0
5 41 21.0 0.0 0.36664837426258745 0
9 ec.gp.GPIndividual@1119836160{-999518070} 105260.0 10861.0 0.8670472332197772 0.0 1 1 21.0 0.0 0.8670472332197772 0
9 ec.gp.GPIndividual@27815356{-1362107351} 0.0 9 ec.gp.GPIndividual@756877932{-62705127} 69249.0 10861.0 0.15799650124297948 0.0 68867.0 10861.0 0.39888873645218825 68088.0 10861.0 0.26489273547555475 9 ec.gp.GPIndividual@1404880057{980212666} 5 38 21.0 0.0 5 35 21.0 0.0 0.0 0.39888873645218825 0
9 ec.gp.GPIndividual@737087805{1392906783} 0.0 5 35 21.0 0.0 63788.0 10861.0 0.15772028358346377 0.15799650124297948 0
105260.0 8160.0 0.8230392156862745 1 1 21.0 0.0 0.8230392156862745 0
0.26489273547555475 0
9 ec.gp.GPIndividual@1404880057{980212666} 0.0 9 ec.gp.GPIndividual@756877932{-62705127} 9 ec.gp.GPIndividual@27815356{-1362107351} 105260.0 8160.0 0.8872051241993438 0.0 0.0 1 1 21.0 0.0 68672.0 8160.0 0.21112236442316545 5 35 21.0 0.0 0.8872051241993438 0
9 ec.gp.GPIndividual@1119836160{-999518070} 0.0 68078.0 8160.0 0.022794117647058822 5 38 21.0 0.0 9 ec.gp.GPIndividual@1404880057{980212666} 0.022794117647058822 0
9 ec.gp.GPIndividual@939483926{787240754} 0.0 5 41 21.0 0.0 68109.0 10087.0 0.4508848950473316 0.15772028358346377 0
0.0 9 ec.gp.GPIndividual@1119836160{-999518070} 0.0 68093.0 12802.0 0.3759568817372286 5 38 21.0 0.0 105260.0 12802.0 0.8568454446317042 69249.0 8160.0 0.12071078431372549 1 1 21.0 0.0 0.3759568817372286 0
0.21112236442316545 0
5 35 21.0 0.0 0.12071078431372549 0
9 ec.gp.GPIndividual@1119836160{-999518070} 0.0 68088.0 10087.0 0.20848617031823138 0.8568454446317042 0
5 47 21.0 0.0 5 38 21.0 0.0 0.4508848950473316 0
9 ec.gp.GPIndividual@737087805{1392906783} 0.0 63788.0 8317.0 0.12107843137254902 5 41 21.0 0.0 0.20848617031823138 0
9 ec.gp.GPIndividual@1404880057{980212666} 0.0 9 ec.gp.GPIndividual@756877932{-62705127} 105260.0 8160.0 0.8263797042202717 0.0 69115.0 8160.0 0.10428921568627451 5 35 21.0 0.0 9 ec.gp.GPIndividual@27815356{-1362107351} 1 1 21.0 0.0 0.10428921568627451 0
0.12107843137254902 0
9 ec.gp.GPIndividual@1119836160{-999518070} 0.0 0.8263797042202717 0
0.0 9 ec.gp.GPIndividual@939483926{787240754} 0.0 68078.0 8317.0 0.04124083203078033 67514.0 10861.0 0.31774238099622504 5 38 21.0 0.0 69251.0 10861.0 0.2855022652710514 5 47 21.0 0.0 0.04124083203078033 0
9 ec.gp.GPIndividual@737087805{1392906783} 0.0 9 ec.gp.GPIndividual@756877932{-62705127} 63822.0 12802.0 0.2827683174503984 5 41 21.0 0.0 0.0 0.2827683174503984 0
5 35 21.0 0.0 0.2855022652710514 0
0.31774238099622504 0
68674.0 12802.0 0.33057334791438836 5 35 21.0 0.0 0.33057334791438836 0
9 ec.gp.GPIndividual@1428208896{1965741410} 0.0 63757.0 10054.0 0.0931967376168689 5 37 21.0 0.0 0.0931967376168689 0
9 ec.gp.GPIndividual@737087805{1392906783} 0.0 63788.0 10087.0 0.09309011599087935 9 ec.gp.GPIndividual@27815356{-1362107351} 5 41 21.0 0.0 0.0 0.09309011599087935 0
69249.0 10087.0 0.09338752850203232 5 35 21.0 0.0 0.09338752850203232 0
9 ec.gp.GPIndividual@756877932{-62705127} 0.0 69115.0 10054.0 0.10667195400019827 9 ec.gp.GPIndividual@323238744{1386883323} 5 35 21.0 0.0 0.0 0.10667195400019827 0
9 ec.gp.GPIndividual@737087805{1392906783} 0.0 63788.0 8317.0 0.09991583503667188 5 41 21.0 0.0 59413.0 10054.0 0.018201710761885818 0.09991583503667188 0
9 ec.gp.GPIndividual@939483926{787240754} 9 ec.gp.GPIndividual@1428208896{1965741410} 0.0 5 43 21.0 0.0 0.0 66892.0 8387.0 0.1681372549019608 0.018201710761885818 0
9 ec.gp.GPIndividual@27815356{-1362107351} 0.0 5 47 21.0 0.0 69249.0 8317.0 0.09955512805097992 9 ec.gp.GPIndividual@756877932{-62705127} 0.1681372549019608 0
63757.0 8387.0 0.08703946583999046 5 37 21.0 0.0 5 35 21.0 0.0 0.08703946583999046 0
0.0 69115.0 8317.0 0.08344354935673921 5 35 21.0 0.0 0.09955512805097992 0
9 ec.gp.GPIndividual@1165143625{-1004126185} 0.0 0.08344354935673921 0
9 ec.gp.GPIndividual@323238744{1386883323} 0.0 59409.0 10054.0 0.01780385916053312 5 35 21.0 0.0 59413.0 8387.0 0.22057946822463337 0.01780385916053312 0
5 43 21.0 0.0 0.22057946822463337 0
9 ec.gp.GPIndividual@939483926{787240754} 0.0 67030.0 12802.0 0.45899078269020466 5 47 21.0 0.0 9 ec.gp.GPIndividual@1428208896{1965741410} 0.45899078269020466 0
0.0 64386.0 14578.0 0.3314583619152147 5 37 21.0 0.0 0.3314583619152147 0
9 ec.gp.GPIndividual@1165143625{-1004126185} 0.0 59409.0 8387.0 0.2201025396446882 5 35 21.0 0.0 0.2201025396446882 0
9 ec.gp.GPIndividual@939483926{787240754} 0.0 67514.0 10087.0 0.26539109745216616 5 47 21.0 0.0 0.26539109745216616 0
9 ec.gp.GPIndividual@323238744{1386883323} 9 ec.gp.GPIndividual@1428208896{1965741410} 0.0 0.0 63769.0 10861.0 0.15946966209372987 60030.0 10861.0 0.25545342296611334 5 37 21.0 0.0 5 43 21.0 0.0 0.15946966209372987 0
0.25545342296611334 0
9 ec.gp.GPIndividual@1165143625{-1004126185} 0.0 60038.0 14578.0 0.25490465084373715 5 35 21.0 0.0 0.25490465084373715 0
9 ec.gp.GPIndividual@1682555882{658171293} 0.0 62597.0 10054.0 0.2085737020091506 5 41 21.0 0.0 9 ec.gp.GPIndividual@939483926{787240754} 0.0 0.2085737020091506 0
9 ec.gp.GPIndividual@1428208896{1965741410} 0.0 66892.0 8317.0 0.18384032704100037 63755.0 8160.0 0.1170343137254902 5 47 21.0 0.0 5 37 21.0 0.0 0.1170343137254902 0
0.18384032704100037 0
9 ec.gp.GPIndividual@1165143625{-1004126185} 0.0 59421.0 10861.0 0.05671669275389007 5 35 21.0 0.0 0.05671669275389007 0
9 ec.gp.GPIndividual@323238744{1386883323} 0.0 9 ec.gp.GPIndividual@1018929897{1203991089} 0.0 59413.0 10054.0 0.05745327317926526 5 43 21.0 0.0 64982.0 10054.0 0.028645315297394072 0.05745327317926526 0
5 39 21.0 0.0 0.028645315297394072 0
9 ec.gp.GPIndividual@1428208896{1965741410} 0.0 64374.0 12802.0 0.23965005467895642 5 37 21.0 0.0 0.23965005467895642 0
9 ec.gp.GPIndividual@1165143625{-1004126185} 0.0 59408.0 8160.0 0.25392156862745097 5 35 21.0 0.0 0.25392156862745097 0
9 ec.gp.GPIndividual@323238744{1386883323} 0.0 59408.0 8160.0 0.25392156862745097 5 43 21.0 0.0 0.25392156862745097 0
9 ec.gp.GPIndividual@1428208896{1965741410} 0.0 63769.0 10087.0 0.09497372856151481 5 37 21.0 0.0 0.09497372856151481 0
9 ec.gp.GPIndividual@1165143625{-1004126185} 0.0 9 ec.gp.GPIndividual@1606567434{1416933712} 0.0 60026.0 10054.0 0.15247617559756288 55173.0 10054.0 0.13994430077581063 5 35 21.0 0.0 5 42 21.0 0.0 0.15247617559756288 0
9 ec.gp.GPIndividual@1682555882{658171293} 0.0 0.13994430077581063 0
62597.0 8387.0 0.05126982234410397 5 41 21.0 0.0 0.05126982234410397 0
9 ec.gp.GPIndividual@323238744{1386883323} 0.0 60026.0 12802.0 0.15247617559756288 5 43 21.0 0.0 9 ec.gp.GPIndividual@1428208896{1965741410} 0.0 0.15247617559756288 0
63755.0 8317.0 0.09594805819406035 5 37 21.0 0.0 0.09594805819406035 0
9 ec.gp.GPIndividual@1165143625{-1004126185} 0.0 59421.0 10087.0 0.01566372558738971 5 35 21.0 0.0 0.01566372558738971 0
9 ec.gp.GPIndividual@1018929897{1203991089} 0.0 64982.0 8387.0 0.23309884344819362 5 39 21.0 0.0 9 ec.gp.GPIndividual@323238744{1386883323} 0.23309884344819362 0
0.0 59413.0 10087.0 0.014870625557648459 5 43 21.0 0.0 0.014870625557648459 0
9 ec.gp.GPIndividual@1165143625{-1004126185} 0.0 9 ec.gp.GPIndividual@1485124532{-372959569} 59408.0 10054.0 0.2302512925333654 0.0 5 35 21.0 0.0 0.2302512925333654 0
9 ec.gp.GPIndividual@1682555882{658171293} 59409.0 10054.0 0.01780385916053312 0.0 5 39 21.0 0.0 64385.0 14578.0 0.3315269584305117 0.01780385916053312 0
9 ec.gp.GPIndividual@1606567434{1416933712} 0.0 55410.0 8387.0 0.3947776320496006 5 41 21.0 0.0 5 42 21.0 0.0 0.3947776320496006 0
0.3315269584305117 0
9 ec.gp.GPIndividual@323238744{1386883323} 0.0 59408.0 8317.0 0.2302512925333654 5 43 21.0 0.0 0.2302512925333654 0
9 ec.gp.GPIndividual@1008526951{-1496279576} 0.0 59409.0 10054.0 0.01780385916053312 5 40 21.0 0.0 0.01780385916053312 0
9 ec.gp.GPIndividual@1485124532{-372959569} 0.0 59409.0 8387.0 0.2201025396446882 5 39 21.0 0.0 0.2201025396446882 0
9 ec.gp.GPIndividual@1008526951{-1496279576} 0.0 59409.0 8387.0 0.2201025396446882 5 40 21.0 0.0 0.2201025396446882 0
9 ec.gp.GPIndividual@1485124532{-372959569} 0.0 60038.0 14578.0 0.25490465084373715 5 39 21.0 0.0 0.25490465084373715 0
9 ec.gp.GPIndividual@1682555882{658171293} 0.0 62609.0 10861.0 0.26627382377313324 5 41 21.0 0.0 0.26627382377313324 0
9 ec.gp.GPIndividual@1018929897{1203991089} 9 ec.gp.GPIndividual@1606567434{1416933712} 0.0 0.0 9 ec.gp.GPIndividual@728009443{667001022} 0.0 65226.0 10054.0 0.2738372890657155 55790.0 10054.0 0.17149128824255727 68757.0 10054.0 0.1393475233737816 5 39 21.0 0.0 5 42 21.0 0.0 5 42 21.0 0.0 9 ec.gp.GPIndividual@1008526951{-1496279576} 0.1393475233737816 0
9 ec.gp.GPIndividual@1485124532{-372959569} 0.0 59421.0 10861.0 0.05671669275389007 5 39 21.0 0.0 0.0 0.05671669275389007 0
0.2738372890657155 0
0.17149128824255727 0
60038.0 10861.0 0.25490465084373715 5 40 21.0 0.0 0.25490465084373715 0
9 ec.gp.GPIndividual@1485124532{-372959569} 0.0 59408.0 8160.0 0.25392156862745097 5 39 21.0 0.0 0.25392156862745097 0
9 ec.gp.GPIndividual@1682555882{658171293} 0.0 9 ec.gp.GPIndividual@1008526951{-1496279576} 0.0 62595.0 8160.0 0.025122549019607844 5 41 21.0 0.0 59421.0 10861.0 0.05671669275389007 5 40 21.0 0.0 0.025122549019607844 0
0.05671669275389007 0
9 ec.gp.GPIndividual@728009443{667001022} 0.0 68757.0 8387.0 0.03171575056635269 5 42 21.0 0.0 0.03171575056635269 0
9 ec.gp.GPIndividual@1485124532{-372959569} 0.0 60026.0 12802.0 0.15247617559756288 5 39 21.0 0.0 0.15247617559756288 0
9 ec.gp.GPIndividual@1606567434{1416933712} 0.0 55492.0 10861.0 0.0846146763649756 5 42 21.0 0.0 0.0846146763649756 0
9 ec.gp.GPIndividual@1008526951{-1496279576} 0.0 59408.0 8160.0 0.25392156862745097 5 40 21.0 0.0 0.25392156862745097 0
9 ec.gp.GPIndividual@1485124532{-372959569} 0.0 59421.0 10087.0 0.01566372558738971 5 39 21.0 0.0 0.01566372558738971 0
9 ec.gp.GPIndividual@1018929897{1203991089} 0.0 64961.0 10861.0 0.049719178712825704 5 39 21.0 0.0 0.049719178712825704 0
9 ec.gp.GPIndividual@1682555882{658171293} 0.0 63708.0 12802.0 0.29167317606623966 5 41 21.0 0.0 0.29167317606623966 0
9 ec.gp.GPIndividual@1008526951{-1496279576} 0.0 60026.0 12802.0 0.15247617559756288 5 40 21.0 0.0 0.15247617559756288 0
9 ec.gp.GPIndividual@728009443{667001022} 0.0 69509.0 14578.0 0.3548497736314995 5 42 21.0 0.0 0.3548497736314995 0
9 ec.gp.GPIndividual@1485124532{-372959569} 0.0 59408.0 8317.0 0.2302512925333654 5 39 21.0 0.0 0.2302512925333654 0
9 ec.gp.GPIndividual@1606567434{1416933712} 0.0 55446.0 8160.0 0.43799019607843137 5 42 21.0 0.0 0.43799019607843137 0
9 ec.gp.GPIndividual@1008526951{-1496279576} 0.0 59421.0 10087.0 0.01566372558738971 5 40 21.0 0.0 0.01566372558738971 0
9 ec.gp.GPIndividual@746485310{-641129462} 0.0 87488.0 10054.0 0.4501690869305749 5 27 21.0 0.0 0.4501690869305749 0
9 ec.gp.GPIndividual@1682555882{658171293} 0.0 62609.0 10087.0 0.20997323287399625 5 41 21.0 0.0 0.20997323287399625 0
9 ec.gp.GPIndividual@1008526951{-1496279576} 0.0 59408.0 8317.0 0.2302512925333654 5 40 21.0 0.0 0.2302512925333654 0
9 ec.gp.GPIndividual@728009443{667001022} 0.0 68757.0 10861.0 0.203296197403554 5 42 21.0 0.0 0.203296197403554 0
9 ec.gp.GPIndividual@746485310{-641129462} 0.0 87488.0 8387.0 0.3408847025157983 5 27 21.0 0.0 0.3408847025157983 0
9 ec.gp.GPIndividual@1836740113{-315293477} 0.0 63788.0 10054.0 0.09011338770638552 5 43 21.0 0.0 0.09011338770638552 0
9 ec.gp.GPIndividual@1018929897{1203991089} 9 ec.gp.GPIndividual@1606567434{1416933712} 0.0 0.0 55636.0 12802.0 0.06858303390095298 64953.0 12802.0 0.2638480392156863 5 42 21.0 0.0 5 39 21.0 0.0 0.06858303390095298 0
9 ec.gp.GPIndividual@1836740113{-315293477} 0.2638480392156863 0
0.0 63788.0 8387.0 0.0907356623345654 5 43 21.0 0.0 0.0907356623345654 0
9 ec.gp.GPIndividual@746485310{-641129462} 0.0 88105.0 14578.0 0.5784744134997942 5 27 21.0 0.0 0.5784744134997942 0
9 ec.gp.GPIndividual@728009443{667001022} 0.0 68757.0 8160.0 0.06041666666666667 9 ec.gp.GPIndividual@1836740113{-315293477} 5 42 21.0 0.0 9 ec.gp.GPIndividual@1682555882{658171293} 0.0 0.0 63873.0 8160.0 0.36664837426258745 5 43 21.0 0.0 0.06041666666666667 0
62595.0 8160.0 0.043525309606829383 5 41 21.0 0.0 0.043525309606829383 0
0.36664837426258745 0
9 ec.gp.GPIndividual@1606567434{1416933712} 0.0 55492.0 10087.0 0.16783979379399228 5 42 21.0 0.0 0.16783979379399228 0
9 ec.gp.GPIndividual@746485310{-641129462} 0.0 87488.0 10861.0 0.49102292606573983 5 27 21.0 0.0 0.49102292606573983 0
9 ec.gp.GPIndividual@1836740113{-315293477} 0.0 63788.0 10861.0 0.15772028358346377 5 43 21.0 0.0 0.15772028358346377 0
9 ec.gp.GPIndividual@623050305{-1193014230} 0.0 63757.0 10054.0 0.0931967376168689 5 35 21.0 0.0 0.0931967376168689 0
9 ec.gp.GPIndividual@1836740113{-315293477} 0.0 63788.0 8160.0 0.12107843137254902 5 43 21.0 0.0 0.12107843137254902 0
9 ec.gp.GPIndividual@1018929897{1203991089} 0.0 65072.0 12802.0 0.18512732385564756 5 39 21.0 0.0 9 ec.gp.GPIndividual@746485310{-641129462} 0.18512732385564756 0
0.0 87488.0 8160.0 0.32254901960784316 5 27 21.0 0.0 0.32254901960784316 0
9 ec.gp.GPIndividual@1836740113{-315293477} 0.0 9 ec.gp.GPIndividual@728009443{667001022} 63822.0 12802.0 0.2827683174503984 0.0 5 43 21.0 0.0 0.2827683174503984 0
68791.0 12802.0 0.3214341509139197 5 42 21.0 0.0 9 ec.gp.GPIndividual@623050305{-1193014230} 0.3214341509139197 0
0.0 63757.0 8387.0 0.08703946583999046 5 35 21.0 0.0 0.08703946583999046 0
9 ec.gp.GPIndividual@1836740113{-315293477} 0.0 9 ec.gp.GPIndividual@1606567434{1416933712} 0.0 63788.0 8317.0 0.09309011599087935 55446.0 8317.0 0.41084525670313815 9 ec.gp.GPIndividual@746485310{-641129462} 5 42 21.0 0.0 0.0 0.41084525670313815 0
5 43 21.0 0.0 87522.0 12802.0 0.5655366349007968 5 27 21.0 0.0 0.09309011599087935 0
0.5655366349007968 0
9 ec.gp.GPIndividual@623050305{-1193014230} 0.0 9 ec.gp.GPIndividual@1836740113{-315293477} 0.0 63788.0 8317.0 0.09991583503667188 64386.0 8317.0 0.3314583619152147 5 43 21.0 0.0 9 ec.gp.GPIndividual@306923307{1057985496} 0.09991583503667188 0
0.0 59001.0 10054.0 0.022777004177441815 5 35 21.0 0.0 5 43 21.0 0.0 0.022777004177441815 0
0.3314583619152147 0
9 ec.gp.GPIndividual@746485310{-641129462} 0.0 87488.0 10087.0 0.45196787944879546 5 27 21.0 0.0 0.45196787944879546 0
9 ec.gp.GPIndividual@1018929897{1203991089} 0.0 64961.0 10087.0 0.023198175869931593 5 39 21.0 0.0 0.023198175869931593 0
9 ec.gp.GPIndividual@728009443{667001022} 0.0 68757.0 10087.0 0.14216318033111927 9 ec.gp.GPIndividual@306923307{1057985496} 5 42 21.0 0.0 0.0 0.14216318033111927 0
9 ec.gp.GPIndividual@623050305{-1193014230} 0.0 59001.0 10087.0 0.17145582449028257 63769.0 10861.0 0.15946966209372987 5 43 21.0 0.0 5 35 21.0 0.0 0.17145582449028257 0
0.15946966209372987 0
9 ec.gp.GPIndividual@746485310{-641129462} 0.0 87488.0 8317.0 0.335337261031622 5 27 21.0 0.0 0.335337261031622 0
9 ec.gp.GPIndividual@306923307{1057985496} 0.0 59101.0 14578.0 0.31917958567704763 5 43 21.0 0.0 0.31917958567704763 0
9 ec.gp.GPIndividual@623050305{-1193014230} 0.0 63755.0 8160.0 0.1170343137254902 5 35 21.0 0.0 0.1170343137254902 0
9 ec.gp.GPIndividual@306923307{1057985496} 0.0 58911.0 10861.0 0.1036736948715588 5 43 21.0 0.0 0.1036736948715588 0
9 ec.gp.GPIndividual@728009443{667001022} 0.0 68757.0 8317.0 0.040399182397499095 5 42 21.0 0.0 0.040399182397499095 0
9 ec.gp.GPIndividual@623050305{-1193014230} 0.0 64374.0 12802.0 0.23965005467895642 5 35 21.0 0.0 0.23965005467895642 0
9 ec.gp.GPIndividual@1053817978{1153270070} 0.0 68058.0 10054.0 0.2088720907101651 5 37 21.0 0.0 0.2088720907101651 0
9 ec.gp.GPIndividual@306923307{1057985496} 0.0 59486.0 8160.0 0.26348039215686275 5 43 21.0 0.0 0.26348039215686275 0
9 ec.gp.GPIndividual@1018929897{1203991089} 0.0 64953.0 8317.0 0.2399903811470482 5 39 21.0 0.0 0.2399903811470482 0
9 ec.gp.GPIndividual@623050305{-1193014230} 0.0 63769.0 10087.0 0.09497372856151481 5 35 21.0 0.0 0.09497372856151481 0
9 ec.gp.GPIndividual@306923307{1057985496} 0.0 9 ec.gp.GPIndividual@999155625{918138891} 58924.0 10054.0 0.2385564755506952 0.0 5 43 21.0 0.0 68058.0 10054.0 0.2088720907101651 0.2385564755506952 0
5 39 21.0 0.0 0.2088720907101651 0
9 ec.gp.GPIndividual@1926138975{15082560} 0.0 59409.0 10054.0 0.01780385916053312 5 43 21.0 0.0 0.01780385916053312 0
9 ec.gp.GPIndividual@623050305{-1193014230} 0.0 63755.0 8317.0 0.09594805819406035 5 35 21.0 0.0 0.09594805819406035 0
9 ec.gp.GPIndividual@306923307{1057985496} 0.0 58911.0 10087.0 0.03489640130861505 5 43 21.0 0.0 0.03489640130861505 0
9 ec.gp.GPIndividual@1180617145{320967948} 0.0 69249.0 10054.0 0.09041177640740004 5 36 21.0 0.0 0.09041177640740004 0
9 ec.gp.GPIndividual@999155625{918138891} 0.0 68058.0 8387.0 0.05162751877906283 5 39 21.0 0.0 0.05162751877906283 0
9 ec.gp.GPIndividual@306923307{1057985496} 0.0 59486.0 8317.0 0.23962967416135625 5 43 21.0 0.0 9 ec.gp.GPIndividual@1926138975{15082560} 0.23962967416135625 0
0.0 9 ec.gp.GPIndividual@1180617145{320967948} 59409.0 8317.0 0.2201025396446882 0.0 5 43 21.0 0.0 0.2201025396446882 0
69249.0 8387.0 0.09037796589960653 5 36 21.0 0.0 0.09037796589960653 0
9 ec.gp.GPIndividual@1053817978{1153270070} 0.0 68058.0 8387.0 0.05162751877906283 5 37 21.0 0.0 0.05162751877906283 0
9 ec.gp.GPIndividual@1005513399{-2037970541} 0.0 59409.0 10054.0 0.01780385916053312 5 33 21.0 0.0 0.01780385916053312 0
9 ec.gp.GPIndividual@1180617145{320967948} 0.0 69284.0 14578.0 0.3702839895733297 5 36 21.0 0.0 0.3702839895733297 0
9 ec.gp.GPIndividual@999155625{918138891} 0.0 9 ec.gp.GPIndividual@1926138975{15082560} 69836.0 14578.0 0.33241871312937304 0.0 5 39 21.0 0.0 60038.0 14578.0 0.25490465084373715 0.33241871312937304 0
5 43 21.0 0.0 0.25490465084373715 0
9 ec.gp.GPIndividual@1180617145{320967948} 0.0 69249.0 10861.0 0.15799650124297948 5 36 21.0 0.0 0.15799650124297948 0
9 ec.gp.GPIndividual@1005513399{-2037970541} 0.0 59409.0 8387.0 0.2201025396446882 5 33 21.0 0.0 0.2201025396446882 0
9 ec.gp.GPIndividual@1180617145{320967948} 0.0 69249.0 8160.0 0.12071078431372549 5 36 21.0 0.0 0.12071078431372549 0
9 ec.gp.GPIndividual@1926138975{15082560} 0.0 59421.0 10861.0 0.05671669275389007 5 43 21.0 0.0 0.05671669275389007 0
9 ec.gp.GPIndividual@999155625{918138891} 0.0 68059.0 10861.0 0.26756283951753984 5 39 21.0 0.0 0.26756283951753984 0
9 ec.gp.GPIndividual@1180617145{320967948} 0.0 69251.0 12802.0 0.2855022652710514 5 36 21.0 0.0 0.2855022652710514 0
9 ec.gp.GPIndividual@1005513399{-2037970541} 0.0 60038.0 14578.0 0.25490465084373715 5 33 21.0 0.0 0.25490465084373715 0
9 ec.gp.GPIndividual@1180617145{320967948} 0.0 69249.0 10087.0 0.09338752850203232 5 36 21.0 0.0 0.09338752850203232 0
9 ec.gp.GPIndividual@1926138975{15082560} 0.0 59408.0 8160.0 0.25392156862745097 5 43 21.0 0.0 0.25392156862745097 0
9 ec.gp.GPIndividual@1053817978{1153270070} 0.0 68882.0 14578.0 0.39785978872273287 5 37 21.0 0.0 0.39785978872273287 0
9 ec.gp.GPIndividual@999155625{918138891} 0.0 9 ec.gp.GPIndividual@1180617145{320967948} 68058.0 8317.0 0.025245098039215687 0.0 5 39 21.0 0.0 69249.0 8317.0 0.09955512805097992 0.025245098039215687 0
9 ec.gp.GPIndividual@1005513399{-2037970541} 0.0 5 36 21.0 0.0 59421.0 10861.0 0.05671669275389007 0.09955512805097992 0
5 33 21.0 0.0 0.05671669275389007 0
9 ec.gp.GPIndividual@1926138975{15082560} 0.0 60026.0 12802.0 0.15247617559756288 5 43 21.0 0.0 0.15247617559756288 0
9 ec.gp.GPIndividual@999155625{918138891} 0.0 69712.0 12802.0 0.2494922668333073 5 39 21.0 0.0 0.2494922668333073 0
9 ec.gp.GPIndividual@1005513399{-2037970541} 0.0 59408.0 8160.0 0.25392156862745097 5 33 21.0 0.0 0.25392156862745097 0
9 ec.gp.GPIndividual@1926138975{15082560} 0.0 59421.0 10087.0 0.01566372558738971 5 43 21.0 0.0 0.01566372558738971 0
9 ec.gp.GPIndividual@1005513399{-2037970541} 0.0 60026.0 12802.0 0.15247617559756288 5 33 21.0 0.0 0.15247617559756288 0
9 ec.gp.GPIndividual@999155625{918138891} 0.0 68059.0 10087.0 0.21136115792604343 5 39 21.0 0.0 0.21136115792604343 0
9 ec.gp.GPIndividual@1053817978{1153270070} 0.0 9 ec.gp.GPIndividual@1926138975{15082560} 68070.0 10861.0 0.26655004143264893 0.0 5 37 21.0 0.0 59408.0 10861.0 0.2302512925333654 0.26655004143264893 0
5 43 21.0 0.0 0.2302512925333654 0
9 ec.gp.GPIndividual@1005513399{-2037970541} 0.0 59421.0 10087.0 0.01566372558738971 5 33 21.0 0.0 0.01566372558738971 0
9 ec.gp.GPIndividual@999155625{918138891} 0.0 68058.0 8317.0 0.0436455452687267 5 39 21.0 0.0 0.0436455452687267 0
9 ec.gp.GPIndividual@256508224{-1901899638} 0.0 72607.0 10054.0 0.2998806445195942 5 36 21.0 0.0 0.2998806445195942 0
9 ec.gp.GPIndividual@1005513399{-2037970541} 0.0 59408.0 8317.0 0.2302512925333654 5 33 21.0 0.0 0.2302512925333654 0
9 ec.gp.GPIndividual@55236480{-752105148} 0.0 59488.0 10054.0 0.025661428287248857 5 41 21.0 0.0 0.025661428287248857 0
9 ec.gp.GPIndividual@55236480{-752105148} 0.0 59488.0 8387.0 0.229521879098605 5 41 21.0 0.0 0.229521879098605 0
9 ec.gp.GPIndividual@256508224{-1901899638} 0.0 72607.0 8387.0 0.16072493144151664 5 36 21.0 0.0 0.16072493144151664 0
9 ec.gp.GPIndividual@2009450767{228798400} 0.0 58299.0 10054.0 0.09259996021483986 5 40 21.0 0.0 0.09259996021483986 0
9 ec.gp.GPIndividual@55236480{-752105148} 9 ec.gp.GPIndividual@1053817978{1153270070} 0.0 0.0 59573.0 8160.0 0.2868020304568528 68057.0 8160.0 0.02536764705882353 5 37 21.0 0.0 5 41 21.0 0.0 0.02536764705882353 0
0.2868020304568528 0
9 ec.gp.GPIndividual@2009450767{228798400} 0.0 58299.0 8387.0 0.08775485870990819 9 ec.gp.GPIndividual@256508224{-1901899638} 5 40 21.0 0.0 0.0 0.08775485870990819 0
9 ec.gp.GPIndividual@55236480{-752105148} 0.0 59488.0 10861.0 0.0505478316913728 73079.0 14578.0 0.4847715736040609 5 41 21.0 0.0 5 36 21.0 0.0 0.0505478316913728 0
0.4847715736040609 0
9 ec.gp.GPIndividual@55236480{-752105148} 0.0 59488.0 8160.0 0.26372549019607844 5 41 21.0 0.0 0.26372549019607844 0
9 ec.gp.GPIndividual@2009450767{228798400} 0.0 58928.0 14578.0 0.3310467828234326 5 40 21.0 0.0 0.3310467828234326 0
9 ec.gp.GPIndividual@55236480{-752105148} 0.0 59522.0 12802.0 0.1918450242149664 5 41 21.0 0.0 9 ec.gp.GPIndividual@256508224{-1901899638} 0.0 0.1918450242149664 0
72607.0 10861.0 0.3519012982229997 5 36 21.0 0.0 0.3519012982229997 0
9 ec.gp.GPIndividual@55236480{-752105148} 0.0 9 ec.gp.GPIndividual@2009450767{228798400} 59488.0 10087.0 0.022305938336472687 0.0 5 41 21.0 0.0 9 ec.gp.GPIndividual@1053817978{1153270070} 0.0 0.022305938336472687 0
68870.0 12802.0 0.31526324011873147 5 37 21.0 0.0 0.31526324011873147 0
58311.0 10861.0 0.15891722677469847 5 40 21.0 0.0 0.15891722677469847 0
9 ec.gp.GPIndividual@55236480{-752105148} 0.0 59488.0 8317.0 0.2398701454851509 5 41 21.0 0.0 0.2398701454851509 0
9 ec.gp.GPIndividual@256508224{-1901899638} 0.0 72311.0 8160.0 0.17365196078431372 5 36 21.0 0.0 0.17365196078431372 0
9 ec.gp.GPIndividual@837202506{-2030095369} 0.0 87457.0 10054.0 0.45325243684105826 5 28 21.0 0.0 0.45325243684105826 0
9 ec.gp.GPIndividual@837202506{-2030095369} 0.0 87457.0 8387.0 0.3445808990103732 5 28 21.0 0.0 0.3445808990103732 0
9 ec.gp.GPIndividual@2009450767{228798400} 0.0 58294.0 8160.0 0.11740196078431372 5 40 21.0 0.0 0.11740196078431372 0
9 ec.gp.GPIndividual@837202506{-2030095369} 0.0 87491.0 14578.0 0.6205926738921663 5 28 21.0 0.0 0.6205926738921663 0
9 ec.gp.GPIndividual@837202506{-2030095369} 0.0 87457.0 10861.0 0.4938771752140687 5 28 21.0 0.0 0.4938771752140687 0
9 ec.gp.GPIndividual@837202506{-2030095369} 0.0 87457.0 8160.0 0.3263480392156863 5 28 21.0 0.0 0.3263480392156863 0
9 ec.gp.GPIndividual@256508224{-1901899638} 0.0 73024.0 12802.0 0.4175910014060303 5 36 21.0 0.0 0.4175910014060303 0
9 ec.gp.GPIndividual@2009450767{228798400} 0.0 9 ec.gp.GPIndividual@837202506{-2030095369} 58916.0 12802.0 0.23918137790970162 0.0 5 40 21.0 0.0 87458.0 12802.0 0.570535853772848 0.23918137790970162 0
5 28 21.0 0.0 0.570535853772848 0
9 ec.gp.GPIndividual@837202506{-2030095369} 0.0 87457.0 10087.0 0.45504114206404284 5 28 21.0 0.0 0.45504114206404284 0
9 ec.gp.GPIndividual@1053817978{1153270070} 0.0 68070.0 10087.0 0.2102706453851492 5 37 21.0 0.0 0.2102706453851492 0
9 ec.gp.GPIndividual@837202506{-2030095369} 0.0 87457.0 8317.0 0.3390645665504389 5 28 21.0 0.0 0.3390645665504389 0
9 ec.gp.GPIndividual@256508224{-1901899638} 0.0 72607.0 10087.0 0.30217111133141666 5 36 21.0 0.0 0.30217111133141666 0
9 ec.gp.GPIndividual@2009450767{228798400} 0.0 58311.0 10087.0 0.09437890353920889 5 40 21.0 0.0 0.09437890353920889 0
9 ec.gp.GPIndividual@2009450767{228798400} 0.0 58294.0 8317.0 0.09630876517975231 5 40 21.0 0.0 0.09630876517975231 0
9 ec.gp.GPIndividual@256508224{-1901899638} 0.0 72311.0 8317.0 0.1892509318263797 5 36 21.0 0.0 0.1892509318263797 0
9 ec.gp.GPIndividual@1245783215{2112262730} 0.0 105260.0 10054.0 0.8563755719116769 1 1 21.0 0.0 0.8563755719116769 0
9 ec.gp.GPIndividual@1245783215{2112262730} 0.0 105260.0 8387.0 0.8278287826397996 1 1 21.0 0.0 0.8278287826397996 0
9 ec.gp.GPIndividual@1245783215{2112262730} 0.0 105260.0 14578.0 0.9009466319110989 1 1 21.0 0.0 0.9009466319110989 0
9 ec.gp.GPIndividual@1245783215{2112262730} 0.0 105260.0 10861.0 0.8670472332197772 1 1 21.0 0.0 0.8670472332197772 0
9 ec.gp.GPIndividual@1245783215{2112262730} 0.0 105260.0 8160.0 0.8230392156862745 1 1 21.0 0.0 0.8230392156862745 0
9 ec.gp.GPIndividual@1245783215{2112262730} 0.0 105260.0 12802.0 0.8872051241993438 1 1 21.0 0.0 0.8872051241993438 0
9 ec.gp.GPIndividual@1245783215{2112262730} 0.0 105260.0 10087.0 0.8568454446317042 1 1 21.0 0.0 0.8568454446317042 0
9 ec.gp.GPIndividual@1245783215{2112262730} 0.0 105260.0 8317.0 0.8263797042202717 1 1 21.0 0.0 0.8263797042202717 0
9 ec.gp.GPIndividual@1053817978{1153270070} 0.0 68057.0 8317.0 0.043765780930624026 5 37 21.0 0.0 0.043765780930624026 0
9 ec.gp.GPIndividual@730622948{-1738310534} 0.0 83219.0 10054.0 0.33131092102645715 5 28 21.0 0.0 0.33131092102645715 0
9 ec.gp.GPIndividual@730622948{-1738310534} 0.0 83219.0 8387.0 0.19840228925718373 5 28 21.0 0.0 0.19840228925718373 0
9 ec.gp.GPIndividual@730622948{-1738310534} 0.0 83232.0 14578.0 0.5379338729592537 5 28 21.0 0.0 0.5379338729592537 0
9 ec.gp.GPIndividual@1847528716{727519027} 0.0 68057.0 10054.0 0.2089715536105033 5 26 21.0 0.0 0.2089715536105033 0
9 ec.gp.GPIndividual@730622948{-1738310534} 0.0 83219.0 10861.0 0.38099622502531993 5 28 21.0 0.0 0.38099622502531993 0
9 ec.gp.GPIndividual@730622948{-1738310534} 0.0 83219.0 8160.0 0.1761029411764706 5 28 21.0 0.0 0.1761029411764706 0
9 ec.gp.GPIndividual@1847528716{727519027} 0.0 68057.0 8387.0 0.05174675092404912 5 26 21.0 0.0 0.05174675092404912 0
9 ec.gp.GPIndividual@730622948{-1738310534} 0.0 83220.0 12802.0 0.4747695672551164 5 28 21.0 0.0 0.4747695672551164 0
9 ec.gp.GPIndividual@730622948{-1738310534} 0.0 83219.0 10087.0 0.3334985625061961 5 28 21.0 0.0 0.3334985625061961 0
9 ec.gp.GPIndividual@1847528716{727519027} 0.0 68686.0 14578.0 0.41130470572094935 5 26 21.0 0.0 0.41130470572094935 0
9 ec.gp.GPIndividual@730622948{-1738310534} 0.0 83219.0 8317.0 0.19165564506432609 5 28 21.0 0.0 0.19165564506432609 0
9 ec.gp.GPIndividual@1847528716{727519027} 0.0 68069.0 10861.0 0.26664211398582083 5 26 21.0 0.0 0.26664211398582083 0
9 ec.gp.GPIndividual@1847528716{727519027} 0.0 68055.0 8160.0 0.025612745098039215 5 26 21.0 0.0 0.025612745098039215 0
9 ec.gp.GPIndividual@765900478{1994439227} 0.0 67873.0 10054.0 0.22727272727272727 5 38 21.0 0.0 0.22727272727272727 0
9 ec.gp.GPIndividual@1847528716{727519027} 0.0 68674.0 12802.0 0.33057334791438836 5 26 21.0 0.0 0.33057334791438836 0
9 ec.gp.GPIndividual@765900478{1994439227} 9 ec.gp.GPIndividual@1847528716{727519027} 0.0 0.0 67872.0 10087.0 0.07380469774651247 68069.0 10087.0 0.21036978288886685 5 38 21.0 0.0 5 26 21.0 0.0 0.07380469774651247 0
0.21036978288886685 0
9 ec.gp.GPIndividual@1847528716{727519027} 0.0 68055.0 8317.0 0.04400625225441866 5 26 21.0 0.0 0.04400625225441866 0
9 ec.gp.GPIndividual@765900478{1994439227} 0.0 68488.0 14578.0 0.4248868157497599 5 38 21.0 0.0 0.4248868157497599 0
9 ec.gp.GPIndividual@765900478{1994439227} 0.0 67873.0 10861.0 0.2846883344075131 5 38 21.0 0.0 0.2846883344075131 0
9 ec.gp.GPIndividual@765900478{1994439227} 0.0 68272.0 8160.0 9.80392156862745E-4 5 38 21.0 0.0 9.80392156862745E-4 0
9 ec.gp.GPIndividual@765900478{1994439227} 0.0 67595.0 12802.0 0.4148570535853773 5 38 21.0 0.0 0.4148570535853773 0
9 ec.gp.GPIndividual@765900478{1994439227} 0.0 67873.0 10087.0 0.2298007336175275 5 38 21.0 0.0 0.2298007336175275 0
9 ec.gp.GPIndividual@765900478{1994439227} 0.0 68272.0 8317.0 0.017915113622700492 5 38 21.0 0.0 0.017915113622700492 0
10 ec.gp.GPIndividual@81369411{1438283146} 0.0 10 ec.gp.GPIndividual@424863236{1517717138} 83219.0 10054.0 0.33131092102645715 0.0 5 29 21.0 0.0 72328.0 10054.0 0.3276307937139447 5 27 21.0 0.0 0.33131092102645715 0
0.3276307937139447 0
10 ec.gp.GPIndividual@989471723{1186193015} 10 ec.gp.GPIndividual@1924784715{1670920909} 0.0 0.0 10 ec.gp.GPIndividual@1054479623{1258072499} 64164.0 10054.0 0.052715337179232144 0.0 60354.0 10054.0 0.11179629998010741 63757.0 8387.0 0.0931967376168689 5 28 21.0 0.0 5 33 21.0 0.0 10 ec.gp.GPIndividual@424863236{1517717138} 0.11179629998010741 0
0.052715337179232144 0
0.0 72328.0 8387.0 0.19399069989269108 5 37 21.0 0.0 5 27 21.0 0.0 0.0931967376168689 0
10 ec.gp.GPIndividual@81369411{1438283146} 0.0 0.19399069989269108 0
83219.0 8387.0 0.19840228925718373 10 ec.gp.GPIndividual@904655222{-1931053455} 10 ec.gp.GPIndividual@989471723{1186193015} 5 29 21.0 0.0 0.0 0.19840228925718373 0
64130.0 8387.0 0.131513055919876 5 33 21.0 0.0 0.0 0.131513055919876 0
10 ec.gp.GPIndividual@81369411{1438283146} 10 ec.gp.GPIndividual@1924784715{1670920909} 0.0 0.0 60354.0 14578.0 0.33277691665673065 10 ec.gp.GPIndividual@424863236{1517717138} 83232.0 14578.0 0.5379338729592537 0.0 10 ec.gp.GPIndividual@1054479623{1258072499} 5 29 21.0 0.0 0.0 0.5379338729592537 0
76626.0 8387.0 0.4436045355082554 5 19 21.0 0.0 63757.0 8387.0 0.08703946583999046 0.4436045355082554 0
72926.0 8387.0 0.4952668404445054 10 ec.gp.GPIndividual@81369411{1438283146} 5 28 21.0 0.0 0.0 5 27 21.0 0.0 0.33277691665673065 0
5 37 21.0 0.0 0.08703946583999046 0
0.4952668404445054 0
10 ec.gp.GPIndividual@989471723{1186193015} 0.0 83219.0 10861.0 0.38099622502531993 5 29 21.0 0.0 63488.0 14578.0 0.3930580326519413 0.38099622502531993 0
10 ec.gp.GPIndividual@424863236{1517717138} 0.0 5 33 21.0 0.0 72752.0 10861.0 0.3385507780130743 5 27 21.0 0.0 0.3930580326519413 0
10 ec.gp.GPIndividual@1924784715{1670920909} 0.3385507780130743 0
10 ec.gp.GPIndividual@81369411{1438283146} 0.0 10 ec.gp.GPIndividual@1054479623{1258072499} 0.0 83219.0 14578.0 0.1761029411764706 0.0 5 29 21.0 0.0 60983.0 14578.0 0.1900809438880505 0.1761029411764706 0
10 ec.gp.GPIndividual@424863236{1517717138} 0.0 72311.0 8160.0 0.17365196078431372 64386.0 14578.0 0.3314583619152147 5 27 21.0 0.0 0.17365196078431372 0
5 28 21.0 0.0 0.1900809438880505 0
5 37 21.0 0.0 0.3314583619152147 0
10 ec.gp.GPIndividual@989471723{1186193015} 0.0 10 ec.gp.GPIndividual@904655222{-1931053455} 64204.0 12802.0 0.1194181014639536 0.0 5 33 21.0 0.0 10 ec.gp.GPIndividual@81369411{1438283146} 0.1194181014639536 0
10 ec.gp.GPIndividual@424863236{1517717138} 0.0 76626.0 12802.0 0.33301538094670324 72752.0 12802.0 0.43883768161224807 5 19 21.0 0.0 0.0 5 27 21.0 0.0 0.33301538094670324 0
10 ec.gp.GPIndividual@1924784715{1670920909} 0.0 0.43883768161224807 0
83220.0 12802.0 0.4747695672551164 5 29 21.0 0.0 0.4747695672551164 0
10 ec.gp.GPIndividual@989471723{1186193015} 60366.0 10861.0 0.03029186999355492 0.0 10 ec.gp.GPIndividual@1054479623{1258072499} 5 28 21.0 0.0 0.0 0.03029186999355492 0
63792.0 10861.0 0.12156862745098039 10 ec.gp.GPIndividual@81369411{1438283146} 5 33 21.0 0.0 0.0 0.12156862745098039 0
63769.0 10087.0 0.15946966209372987 5 37 21.0 0.0 10 ec.gp.GPIndividual@424863236{1517717138} 0.15946966209372987 0
0.0 83219.0 10087.0 0.3334985625061961 72361.0 10087.0 0.32655893724596013 5 27 21.0 0.0 5 29 21.0 0.0 0.32655893724596013 0
0.3334985625061961 0
10 ec.gp.GPIndividual@989471723{1186193015} 0.0 10 ec.gp.GPIndividual@424863236{1517717138} 63086.0 8317.0 0.34025933447898765 0.0 5 33 21.0 0.0 72311.0 8317.0 0.1892509318263797 0.34025933447898765 0
10 ec.gp.GPIndividual@904655222{-1931053455} 0.0 10 ec.gp.GPIndividual@1924784715{1670920909} 78414.0 14578.0 0.4936205240773769 5 19 21.0 0.0 0.0 0.4936205240773769 0
10 ec.gp.GPIndividual@81369411{1438283146} 0.0 83219.0 8160.0 0.19165564506432609 5 27 21.0 0.0 5 29 21.0 0.0 0.19165564506432609 0
10 ec.gp.GPIndividual@1054479623{1258072499} 0.0 60353.0 14578.0 0.36973039215686276 63755.0 10861.0 0.1170343137254902 5 28 21.0 0.0 5 37 21.0 0.0 10 ec.gp.GPIndividual@904655222{-1931053455} 0.36973039215686276 0
10 ec.gp.GPIndividual@989471723{1186193015} 0.0 0.1892509318263797 0
64204.0 10054.0 0.051848914444334294 5 33 21.0 0.0 10 ec.gp.GPIndividual@774196385{892837054} 0.051848914444334294 0
0.0 0.1170343137254902 0
76638.0 10054.0 0.4838412669183316 5 19 21.0 0.0 0.0 0.4838412669183316 0
10 ec.gp.GPIndividual@1924784715{1670920909} 0.0 64949.0 10054.0 0.025363039586234336 60971.0 12802.0 0.07865958443993126 5 28 21.0 0.0 5 35 21.0 0.0 0.07865958443993126 0
10 ec.gp.GPIndividual@1229619347{-385335249} 10 ec.gp.GPIndividual@989471723{1186193015} 0.0 0.0 0.025363039586234336 0
63792.0 8317.0 0.10039677768426115 5 33 21.0 0.0 64871.0 8317.0 0.017604933359856773 0.10039677768426115 0
10 ec.gp.GPIndividual@1054479623{1258072499} 0.0 5 40 21.0 0.0 64374.0 12802.0 0.23965005467895642 0.017604933359856773 0
5 37 21.0 0.0 0.23965005467895642 0
10 ec.gp.GPIndividual@1924784715{1670920909} 0.0 60366.0 10087.0 0.109348666600575 10 ec.gp.GPIndividual@774196385{892837054} 5 28 21.0 0.0 0.0 0.109348666600575 0
64949.0 10087.0 0.22916418266364613 5 35 21.0 0.0 0.22916418266364613 0
10 ec.gp.GPIndividual@1229619347{-385335249} 0.0 64871.0 8387.0 0.21986407535471564 5 40 21.0 0.0 10 ec.gp.GPIndividual@774196385{892837054} 0.21986407535471564 0
10 ec.gp.GPIndividual@904655222{-1931053455} 0.0 76625.0 8160.0 0.3145833333333333 10 ec.gp.GPIndividual@1054479623{1258072499} 5 19 21.0 0.0 0.0 0.0 0.3145833333333333 0
64963.0 8317.0 0.2918781725888325 5 35 21.0 0.0 0.2918781725888325 0
63769.0 8317.0 0.09497372856151481 5 37 21.0 0.0 0.09497372856151481 0
10 ec.gp.GPIndividual@1924784715{1670920909} 0.0 60353.0 8317.0 0.3438739930263316 5 28 21.0 0.0 0.3438739930263316 0
10 ec.gp.GPIndividual@1925208448{1274573454} 0.0 10 ec.gp.GPIndividual@832488687{2112262730} 0.0 10 ec.gp.GPIndividual@774196385{892837054} 66897.0 10054.0 0.32434851800278497 0.0 105260.0 10861.0 0.8563755719116769 5 35 21.0 0.0 1 1 21.0 0.0 64949.0 10861.0 0.0508240493508885 0.8563755719116769 0
10 ec.gp.GPIndividual@1229619347{-385335249} 10 ec.gp.GPIndividual@832488687{2112262730} 0.0 0.0 0.32434851800278497 0
5 35 21.0 0.0 0.0508240493508885 0
65488.0 8387.0 0.2558650020578955 5 40 21.0 0.0 105260.0 8387.0 0.8278287826397996 0.2558650020578955 0
10 ec.gp.GPIndividual@1054479623{1258072499} 0.0 1 1 21.0 0.0 63755.0 8317.0 0.09594805819406035 0.8278287826397996 0
5 37 21.0 0.0 0.09594805819406035 0
10 ec.gp.GPIndividual@904655222{-1931053455} 0.0 10 ec.gp.GPIndividual@774196385{892837054} 10 ec.gp.GPIndividual@832488687{2112262730} 0.0 0.0 77737.0 8160.0 0.4762537103577566 5 19 21.0 0.0 105260.0 8160.0 0.9009466319110989 64949.0 8160.0 0.2633578431372549 0.4762537103577566 0
5 35 21.0 0.0 0.2633578431372549 0
1 1 21.0 0.0 0.9009466319110989 0
10 ec.gp.GPIndividual@1229619347{-385335249} 0.0 10 ec.gp.GPIndividual@832488687{2112262730} 64871.0 10861.0 0.05800570849829666 0.0 5 40 21.0 0.0 105260.0 10861.0 0.8670472332197772 0.05800570849829666 0
10 ec.gp.GPIndividual@1790840282{-2141620515} 0.0 1 1 21.0 0.0 59409.0 10054.0 0.01780385916053312 0.8670472332197772 0
10 ec.gp.GPIndividual@1925208448{1274573454} 0.0 5 43 21.0 0.0 66897.0 8387.0 0.19005603910814356 0.01780385916053312 0
10 ec.gp.GPIndividual@774196385{892837054} 0.0 64951.0 8160.0 0.19457897203561944 5 35 21.0 0.0 5 35 21.0 0.0 0.19457897203561944 0
10 ec.gp.GPIndividual@832488687{2112262730} 0.0 0.19005603910814356 0
105260.0 8160.0 0.8230392156862745 1 1 21.0 0.0 10 ec.gp.GPIndividual@1229619347{-385335249} 0.8230392156862745 0
10 ec.gp.GPIndividual@904655222{-1931053455} 0.0 0.0 10 ec.gp.GPIndividual@832488687{2112262730} 76638.0 12802.0 0.44423515415881826 10 ec.gp.GPIndividual@774196385{892837054} 5 19 21.0 0.0 0.0 64871.0 10087.0 0.2537990196078431 0.44423515415881826 0
0.0 10 ec.gp.GPIndividual@1790840282{-2141620515} 105260.0 8387.0 0.8872051241993438 0.0 59409.0 8387.0 0.2201025396446882 5 40 21.0 0.0 1 1 21.0 0.0 5 43 21.0 0.0 0.2537990196078431 0
64949.0 10087.0 0.02200852582531972 5 35 21.0 0.0 0.02200852582531972 0
0.2201025396446882 0
0.8872051241993438 0
10 ec.gp.GPIndividual@832488687{2112262730} 0.0 105260.0 10087.0 0.8568454446317042 1 1 21.0 0.0 0.8568454446317042 0
10 ec.gp.GPIndividual@832488687{2112262730} 0.0 10 ec.gp.GPIndividual@774196385{892837054} 105260.0 8317.0 0.8263797042202717 0.0 1 1 21.0 0.0 0.8263797042202717 0
10 ec.gp.GPIndividual@1229619347{-385335249} 0.0 64949.0 8317.0 0.23950943849945894 5 35 21.0 0.0 65488.0 12802.0 0.15263240118731447 10 ec.gp.GPIndividual@1925208448{1274573454} 5 40 21.0 0.0 0.0 0.23950943849945894 0
68685.0 14578.0 0.4113733022362464 5 35 21.0 0.0 0.15263240118731447 0
10 ec.gp.GPIndividual@1790840282{-2141620515} 0.0 0.4113733022362464 0
60038.0 14578.0 0.25490465084373715 5 43 21.0 0.0 0.25490465084373715 0
10 ec.gp.GPIndividual@904655222{-1931053455} 0.0 76625.0 8317.0 0.32752194300829623 5 19 21.0 0.0 0.32752194300829623 0
10 ec.gp.GPIndividual@482832338{1965741410} 0.0 63757.0 10054.0 0.0931967376168689 5 37 21.0 0.0 0.0931967376168689 0
10 ec.gp.GPIndividual@190778172{1038572650} 10 ec.gp.GPIndividual@1229619347{-385335249} 0.0 0.0 64871.0 10087.0 0.01427580053534252 87457.0 10087.0 0.45325243684105826 5 40 21.0 0.0 5 26 21.0 0.0 0.01427580053534252 0
0.45325243684105826 0
10 ec.gp.GPIndividual@1790840282{-2141620515} 0.0 59421.0 10861.0 0.05671669275389007 5 43 21.0 0.0 0.05671669275389007 0
10 ec.gp.GPIndividual@190778172{1038572650} 0.0 87457.0 8387.0 0.3445808990103732 5 26 21.0 0.0 0.3445808990103732 0
10 ec.gp.GPIndividual@2030389875{297578839} 0.0 62597.0 10054.0 0.2085737020091506 5 39 21.0 0.0 0.2085737020091506 0
10 ec.gp.GPIndividual@482832338{1965741410} 0.0 63757.0 8387.0 0.08703946583999046 10 ec.gp.GPIndividual@190778172{1038572650} 5 37 21.0 0.0 0.0 0.08703946583999046 0
10 ec.gp.GPIndividual@1229619347{-385335249} 0.0 87491.0 10861.0 0.6205926738921663 64871.0 8317.0 0.23013105687146806 5 40 21.0 0.0 10 ec.gp.GPIndividual@1925208448{1274573454} 5 26 21.0 0.0 0.23013105687146806 0
10 ec.gp.GPIndividual@1790840282{-2141620515} 0.0 0.0 59408.0 8160.0 0.25392156862745097 66909.0 8160.0 0.3734462756652242 0.6205926738921663 0
5 35 21.0 0.0 0.3734462756652242 0
5 43 21.0 0.0 10 ec.gp.GPIndividual@190778172{1038572650} 0.25392156862745097 0
10 ec.gp.GPIndividual@482832338{1965741410} 10 ec.gp.GPIndividual@950207133{-1778900184} 0.0 0.0 0.0 64386.0 10054.0 0.3314583619152147 64372.0 10054.0 0.03202705390889198 87457.0 10054.0 0.4938771752140687 5 37 21.0 0.0 5 42 21.0 0.0 5 26 21.0 0.0 0.3314583619152147 0
0.03202705390889198 0
0.4938771752140687 0
10 ec.gp.GPIndividual@2030389875{297578839} 0.0 62597.0 8387.0 0.05126982234410397 5 39 21.0 0.0 0.05126982234410397 0
10 ec.gp.GPIndividual@190778172{1038572650} 10 ec.gp.GPIndividual@1790840282{-2141620515} 0.0 0.0 87457.0 12802.0 0.3263480392156863 60026.0 12802.0 0.15247617559756288 5 26 21.0 0.0 5 43 21.0 0.0 0.3263480392156863 0
10 ec.gp.GPIndividual@950207133{-1778900184} 0.0 10 ec.gp.GPIndividual@482832338{1965741410} 0.15247617559756288 0
10 ec.gp.GPIndividual@190778172{1038572650} 0.0 0.0 87458.0 12802.0 0.570535853772848 5 26 21.0 0.0 64372.0 10861.0 0.16036723500655778 0.570535853772848 0
63769.0 12802.0 0.15946966209372987 5 37 21.0 0.0 5 42 21.0 0.0 0.15946966209372987 0
10 ec.gp.GPIndividual@190778172{1038572650} 0.16036723500655778 0
10 ec.gp.GPIndividual@1925208448{1274573454} 0.0 0.0 66895.0 8160.0 0.16776960784313724 5 35 21.0 0.0 87457.0 8160.0 0.45504114206404284 0.16776960784313724 0
5 26 21.0 0.0 0.45504114206404284 0
10 ec.gp.GPIndividual@1790840282{-2141620515} 0.0 59421.0 10087.0 0.01566372558738971 5 43 21.0 0.0 0.01566372558738971 0
10 ec.gp.GPIndividual@190778172{1038572650} 0.0 87457.0 8317.0 0.3390645665504389 5 26 21.0 0.0 0.3390645665504389 0
10 ec.gp.GPIndividual@482832338{1965741410} 0.0 10 ec.gp.GPIndividual@950207133{-1778900184} 0.0 63755.0 8160.0 0.1170343137254902 5 37 21.0 0.0 64407.0 8160.0 0.33001783509397725 0.1170343137254902 0
5 42 21.0 0.0 0.33001783509397725 0
10 ec.gp.GPIndividual@2030389875{297578839} 0.0 64385.0 14578.0 0.3315269584305117 5 39 21.0 0.0 0.3315269584305117 0
10 ec.gp.GPIndividual@1253181953{473057783} 10 ec.gp.GPIndividual@1790840282{-2141620515} 0.0 0.0 59408.0 8317.0 0.2302512925333654 59040.0 8317.0 0.018897951064253033 5 43 21.0 0.0 5 43 21.0 0.0 0.2302512925333654 0
10 ec.gp.GPIndividual@950207133{-1778900184} 0.0 0.018897951064253033 0
10 ec.gp.GPIndividual@482832338{1965741410} 0.0 64372.0 10861.0 0.10394991253107448 64374.0 12802.0 0.23965005467895642 5 42 21.0 0.0 5 37 21.0 0.0 0.10394991253107448 0
0.23965005467895642 0
10 ec.gp.GPIndividual@1925208448{1274573454} 0.0 68008.0 12802.0 0.3825964693016716 5 35 21.0 0.0 0.3825964693016716 0
10 ec.gp.GPIndividual@1058877914{-2134741715} 0.0 64372.0 10054.0 0.03202705390889198 5 33 21.0 0.0 10 ec.gp.GPIndividual@1253181953{473057783} 0.03202705390889198 0
0.0 59003.0 8387.0 0.17169428878025517 5 43 21.0 0.0 10 ec.gp.GPIndividual@950207133{-1778900184} 0.17169428878025517 0
0.0 64372.0 8160.0 0.19264705882352942 5 42 21.0 0.0 0.19264705882352942 0
10 ec.gp.GPIndividual@2030389875{297578839} 0.0 62609.0 10861.0 0.26627382377313324 5 39 21.0 0.0 0.26627382377313324 0
10 ec.gp.GPIndividual@482832338{1965741410} 0.0 63769.0 10087.0 0.09497372856151481 5 37 21.0 0.0 0.09497372856151481 0
10 ec.gp.GPIndividual@1058877914{-2134741715} 0.0 64372.0 8387.0 0.16036723500655778 5 33 21.0 0.0 0.16036723500655778 0
10 ec.gp.GPIndividual@1253181953{473057783} 0.0 59122.0 14578.0 0.3177390588558101 5 43 21.0 0.0 0.3177390588558101 0
10 ec.gp.GPIndividual@950207133{-1778900184} 0.0 64374.0 12802.0 0.23965005467895642 5 42 21.0 0.0 0.23965005467895642 0
10 ec.gp.GPIndividual@1058877914{-2134741715} 0.0 64407.0 14578.0 0.33001783509397725 5 33 21.0 0.0 10 ec.gp.GPIndividual@482832338{1965741410} 0.33001783509397725 0
10 ec.gp.GPIndividual@1253181953{473057783} 0.0 58911.0 10861.0 0.1036736948715588 10 ec.gp.GPIndividual@1925208448{1274573454} 5 43 21.0 0.0 0.0 0.0 0.1036736948715588 0
63755.0 10087.0 0.09594805819406035 5 37 21.0 0.0 10 ec.gp.GPIndividual@950207133{-1778900184} 0.09594805819406035 0
66909.0 10861.0 0.3253692872013483 5 35 21.0 0.0 0.3253692872013483 0
0.0 64372.0 10861.0 0.03519381381976802 10 ec.gp.GPIndividual@1058877914{-2134741715} 5 42 21.0 0.0 0.0 10 ec.gp.GPIndividual@2030389875{297578839} 64372.0 8160.0 0.10394991253107448 0.03519381381976802 0
10 ec.gp.GPIndividual@1253181953{473057783} 0.0 5 33 21.0 0.0 59486.0 8160.0 0.26348039215686275 5 43 21.0 0.0 0.26348039215686275 0
0.0 0.10394991253107448 0
62595.0 8160.0 0.025122549019607844 5 39 21.0 0.0 0.025122549019607844 0
10 ec.gp.GPIndividual@950207133{-1778900184} 0.0 64372.0 8317.0 0.17013346158470602 5 42 21.0 0.0 0.17013346158470602 0
10 ec.gp.GPIndividual@1253181953{473057783} 0.0 59042.0 12802.0 0.22933916575535074 5 43 21.0 0.0 0.22933916575535074 0
10 ec.gp.GPIndividual@1058877914{-2134741715} 0.0 64372.0 8160.0 0.19264705882352942 5 33 21.0 0.0 0.19264705882352942 0
10 ec.gp.GPIndividual@753172210{1367085117} 0.0 72358.0 10054.0 0.3246469067037995 5 22 21.0 0.0 0.3246469067037995 0
10 ec.gp.GPIndividual@1253181953{473057783} 10 ec.gp.GPIndividual@1925208448{1274573454} 0.0 0.0 58911.0 8317.0 0.03489640130861505 66895.0 8317.0 0.1834796200553084 5 43 21.0 0.0 10 ec.gp.GPIndividual@1739807793{-1317386090} 5 35 21.0 0.0 0.0 0.03489640130861505 0
10 ec.gp.GPIndividual@1058877914{-2134741715} 0.0 64374.0 12802.0 0.23965005467895642 0.1834796200553084 0
59409.0 10054.0 0.01780385916053312 5 39 21.0 0.0 0.01780385916053312 0
5 33 21.0 0.0 0.23965005467895642 0
10 ec.gp.GPIndividual@1253181953{473057783} 0.0 59486.0 8317.0 0.23962967416135625 10 ec.gp.GPIndividual@1052225085{645402440} 5 43 21.0 0.0 0.0 10 ec.gp.GPIndividual@2030389875{297578839} 86614.0 8317.0 0.5370996618261389 0.23962967416135625 0
5 17 21.0 0.0 0.5370996618261389 0
0.0 63708.0 8317.0 0.29167317606623966 10 ec.gp.GPIndividual@1058877914{-2134741715} 0.0 5 39 21.0 0.0 0.29167317606623966 0
10 ec.gp.GPIndividual@1739807793{-1317386090} 10 ec.gp.GPIndividual@1052225085{645402440} 64372.0 10087.0 0.03519381381976802 10 ec.gp.GPIndividual@753172210{1367085117} 0.0 0.0 0.0 5 33 21.0 0.0 59409.0 8387.0 0.2201025396446882 5 39 21.0 0.0 0.2201025396446882 0
86614.0 8387.0 0.44509359723381425 5 17 21.0 0.0 0.03519381381976802 0
10 ec.gp.GPIndividual@1548945718{-984029908} 72358.0 8387.0 0.19041373554310242 0.0 5 22 21.0 0.0 0.19041373554310242 0
0.44509359723381425 0
61237.0 10054.0 0.19962204097871494 5 35 21.0 0.0 0.19962204097871494 0
10 ec.gp.GPIndividual@1052225085{645402440} 0.0 86665.0 14578.0 0.6772533955275072 5 17 21.0 0.0 10 ec.gp.GPIndividual@1058877914{-2134741715} 0.6772533955275072 0
10 ec.gp.GPIndividual@1739807793{-1317386090} 0.0 0.0 60038.0 14578.0 0.25490465084373715 5 39 21.0 0.0 64372.0 14578.0 0.17013346158470602 0.25490465084373715 0
10 ec.gp.GPIndividual@1052225085{645402440} 0.0 5 33 21.0 0.0 86614.0 10861.0 0.57149433753798 0.17013346158470602 0
10 ec.gp.GPIndividual@2030389875{297578839} 5 17 21.0 0.0 0.0 0.57149433753798 0
62609.0 10087.0 0.20997323287399625 10 ec.gp.GPIndividual@1548945718{-984029908} 5 39 21.0 0.0 0.0 0.20997323287399625 0
10 ec.gp.GPIndividual@1052225085{645402440} 0.0 61311.0 8387.0 0.4468820794086086 86614.0 8160.0 0.429656862745098 5 35 21.0 0.0 5 17 21.0 0.0 0.4468820794086086 0
0.429656862745098 0
10 ec.gp.GPIndividual@753172210{1367085117} 0.0 10 ec.gp.GPIndividual@1739807793{-1317386090} 74146.0 14578.0 0.4115790917821375 0.0 5 22 21.0 0.0 0.4115790917821375 0
10 ec.gp.GPIndividual@1052225085{645402440} 59421.0 14578.0 0.05671669275389007 0.0 5 39 21.0 0.0 0.05671669275389007 0
10 ec.gp.GPIndividual@997044369{360060441} 0.0 86614.0 12802.0 0.6364630526480237 59409.0 10054.0 0.01780385916053312 5 17 21.0 0.0 5 41 21.0 0.0 0.6364630526480237 0
0.01780385916053312 0
10 ec.gp.GPIndividual@1052225085{645402440} 0.0 10 ec.gp.GPIndividual@1548945718{-984029908} 86614.0 14578.0 0.5386140576980272 0.0 5 17 21.0 0.0 0.5386140576980272 0
60983.0 14578.0 0.1900809438880505 5 35 21.0 0.0 0.1900809438880505 0
10 ec.gp.GPIndividual@1052225085{645402440} 0.0 10 ec.gp.GPIndividual@1739807793{-1317386090} 0.0 86614.0 8160.0 0.44042322952987856 59408.0 8160.0 0.25392156862745097 5 17 21.0 0.0 5 39 21.0 0.0 0.44042322952987856 0
0.25392156862745097 0
10 ec.gp.GPIndividual@997044369{360060441} 0.0 59409.0 8387.0 0.2201025396446882 5 41 21.0 0.0 0.2201025396446882 0
10 ec.gp.GPIndividual@2030389875{297578839} 0.0 62595.0 8317.0 0.043525309606829383 10 ec.gp.GPIndividual@753172210{1367085117} 0.0 5 39 21.0 0.0 0.043525309606829383 0
72370.0 10861.0 0.3737224933247399 5 22 21.0 0.0 0.3737224933247399 0
10 ec.gp.GPIndividual@1548945718{-984029908} 0.0 60876.0 10861.0 0.07724887211122364 5 35 21.0 0.0 0.07724887211122364 0
10 ec.gp.GPIndividual@1739807793{-1317386090} 0.0 60026.0 12802.0 0.15247617559756288 5 39 21.0 0.0 0.15247617559756288 0
10 ec.gp.GPIndividual@997044369{360060441} 0.0 60038.0 14578.0 0.25490465084373715 5 41 21.0 0.0 0.25490465084373715 0
10 ec.gp.GPIndividual@1636696235{1896233751} 0.0 59409.0 10054.0 0.01780385916053312 5 42 21.0 0.0 0.01780385916053312 0
10 ec.gp.GPIndividual@1548945718{-984029908} 0.0 61236.0 8160.0 0.47794117647058826 5 35 21.0 0.0 0.47794117647058826 0
10 ec.gp.GPIndividual@1739807793{-1317386090} 0.0 59421.0 10087.0 0.01566372558738971 5 39 21.0 0.0 0.01566372558738971 0
10 ec.gp.GPIndividual@997044369{360060441} 0.0 59421.0 10861.0 0.05671669275389007 5 41 21.0 0.0 0.05671669275389007 0
10 ec.gp.GPIndividual@1636696235{1896233751} 0.0 59409.0 8387.0 0.2201025396446882 5 42 21.0 0.0 0.2201025396446882 0
10 ec.gp.GPIndividual@753172210{1367085117} 0.0 72357.0 8160.0 0.16801470588235295 5 22 21.0 0.0 0.16801470588235295 0
10 ec.gp.GPIndividual@1548945718{-984029908} 0.0 60971.0 12802.0 0.07865958443993126 5 35 21.0 0.0 0.07865958443993126 0
10 ec.gp.GPIndividual@1739807793{-1317386090} 0.0 10 ec.gp.GPIndividual@997044369{360060441} 0.0 59408.0 8160.0 0.2302512925333654 5 39 21.0 0.0 59408.0 8160.0 0.25392156862745097 0.2302512925333654 0
10 ec.gp.GPIndividual@1636696235{1896233751} 0.0 60038.0 14578.0 0.25490465084373715 5 41 21.0 0.0 5 42 21.0 0.0 0.25392156862745097 0
0.25490465084373715 0
10 ec.gp.GPIndividual@1548945718{-984029908} 0.0 60876.0 10087.0 0.15990879349657974 5 35 21.0 0.0 0.15990879349657974 0
10 ec.gp.GPIndividual@753172210{1367085117} 0.0 73469.0 12802.0 0.382830807686299 5 22 21.0 0.0 0.382830807686299 0
10 ec.gp.GPIndividual@997044369{360060441} 0.0 60026.0 12802.0 0.15247617559756288 5 41 21.0 0.0 0.15247617559756288 0
10 ec.gp.GPIndividual@1636696235{1896233751} 0.0 59421.0 10861.0 0.05671669275389007 5 42 21.0 0.0 0.05671669275389007 0
10 ec.gp.GPIndividual@1548945718{-984029908} 0.0 61236.0 8317.0 0.45004208248166405 5 35 21.0 0.0 0.45004208248166405 0
10 ec.gp.GPIndividual@1776284677{-1011131950} 0.0 68757.0 10054.0 0.1393475233737816 5 42 21.0 0.0 0.1393475233737816 0
10 ec.gp.GPIndividual@997044369{360060441} 0.0 59421.0 10087.0 0.01566372558738971 5 41 21.0 0.0 0.01566372558738971 0
10 ec.gp.GPIndividual@1636696235{1896233751} 0.0 59408.0 8160.0 0.25392156862745097 5 42 21.0 0.0 0.25392156862745097 0
10 ec.gp.GPIndividual@753172210{1367085117} 0.0 10 ec.gp.GPIndividual@920200075{197882803} 0.0 72370.0 10054.0 0.32566669971250123 5 22 21.0 0.0 59409.0 10054.0 0.01780385916053312 0.32566669971250123 0
5 44 21.0 0.0 0.01780385916053312 0
10 ec.gp.GPIndividual@997044369{360060441} 0.0 59408.0 8317.0 0.2302512925333654 5 41 21.0 0.0 0.2302512925333654 0
10 ec.gp.GPIndividual@1636696235{1896233751} 0.0 60026.0 12802.0 0.15247617559756288 5 42 21.0 0.0 0.15247617559756288 0
10 ec.gp.GPIndividual@1776284677{-1011131950} 0.0 68757.0 8387.0 0.03171575056635269 5 42 21.0 0.0 0.03171575056635269 0
10 ec.gp.GPIndividual@920200075{197882803} 0.0 59409.0 8387.0 0.2201025396446882 5 44 21.0 0.0 0.2201025396446882 0
10 ec.gp.GPIndividual@1441921238{-421199901} 0.0 63757.0 10054.0 0.0931967376168689 5 38 21.0 0.0 0.0931967376168689 0
10 ec.gp.GPIndividual@1636696235{1896233751} 0.0 59421.0 10087.0 0.01566372558738971 5 42 21.0 0.0 0.01566372558738971 0
10 ec.gp.GPIndividual@753172210{1367085117} 0.0 72357.0 8317.0 0.18372009137910303 5 22 21.0 0.0 0.18372009137910303 0
10 ec.gp.GPIndividual@920200075{197882803} 0.0 60038.0 14578.0 0.25490465084373715 5 44 21.0 0.0 0.25490465084373715 0
10 ec.gp.GPIndividual@1441921238{-421199901} 0.0 63757.0 8387.0 0.08703946583999046 5 38 21.0 0.0 0.08703946583999046 0
10 ec.gp.GPIndividual@1636696235{1896233751} 0.0 59408.0 8317.0 0.2302512925333654 5 42 21.0 0.0 0.2302512925333654 0
10 ec.gp.GPIndividual@1776284677{-1011131950} 0.0 69544.0 14578.0 0.3524488955961037 5 42 21.0 0.0 0.3524488955961037 0
10 ec.gp.GPIndividual@920200075{197882803} 0.0 59421.0 10861.0 0.05671669275389007 5 44 21.0 0.0 0.05671669275389007 0
10 ec.gp.GPIndividual@1441921238{-421199901} 0.0 64386.0 14578.0 0.3314583619152147 5 38 21.0 0.0 0.3314583619152147 0
10 ec.gp.GPIndividual@920200075{197882803} 0.0 59408.0 8160.0 0.25392156862745097 5 44 21.0 0.0 0.25392156862745097 0
10 ec.gp.GPIndividual@1441921238{-421199901} 0.0 63769.0 10861.0 0.15946966209372987 5 38 21.0 0.0 0.15946966209372987 0
10 ec.gp.GPIndividual@1545084267{-271322310} 0.0 68757.0 10054.0 0.1393475233737816 5 42 21.0 0.0 0.1393475233737816 0
10 ec.gp.GPIndividual@1690298796{435653837} 0.0 58205.0 10054.0 0.10194947284662821 5 41 21.0 0.0 0.10194947284662821 0
10 ec.gp.GPIndividual@1776284677{-1011131950} 0.0 68757.0 10861.0 0.203296197403554 5 42 21.0 0.0 0.203296197403554 0
10 ec.gp.GPIndividual@920200075{197882803} 0.0 60026.0 12802.0 0.15247617559756288 10 ec.gp.GPIndividual@1441921238{-421199901} 5 44 21.0 0.0 0.0 0.15247617559756288 0
63756.0 8160.0 0.11715686274509804 5 38 21.0 0.0 0.11715686274509804 0
10 ec.gp.GPIndividual@920200075{197882803} 0.0 59421.0 10087.0 0.01566372558738971 5 44 21.0 0.0 0.01566372558738971 0
10 ec.gp.GPIndividual@1441921238{-421199901} 0.0 10 ec.gp.GPIndividual@1545084267{-271322310} 0.0 64374.0 8387.0 0.23965005467895642 5 38 21.0 0.0 68757.0 8387.0 0.03171575056635269 5 42 21.0 0.0 0.23965005467895642 0
0.03171575056635269 0
10 ec.gp.GPIndividual@1776284677{-1011131950} 0.0 68757.0 8160.0 0.06041666666666667 5 42 21.0 0.0 0.06041666666666667 0
10 ec.gp.GPIndividual@920200075{197882803} 0.0 59408.0 8317.0 0.2302512925333654 5 44 21.0 0.0 0.2302512925333654 0
10 ec.gp.GPIndividual@1441921238{-421199901} 0.0 63769.0 10087.0 0.09497372856151481 5 38 21.0 0.0 0.09497372856151481 0
10 ec.gp.GPIndividual@1160566919{-1434452873} 0.0 74151.0 10054.0 0.14630992639745374 5 19 21.0 0.0 0.14630992639745374 0
10 ec.gp.GPIndividual@1441921238{-421199901} 0.0 63756.0 8317.0 0.09606829385595768 5 38 21.0 0.0 0.09606829385595768 0
10 ec.gp.GPIndividual@1545084267{-271322310} 0.0 69509.0 14578.0 0.3548497736314995 5 42 21.0 0.0 0.3548497736314995 0
10 ec.gp.GPIndividual@1776284677{-1011131950} 0.0 68791.0 12802.0 0.3214341509139197 5 42 21.0 0.0 0.3214341509139197 0
10 ec.gp.GPIndividual@1160566919{-1434452873} 0.0 74225.0 8387.0 0.032192679146297844 5 19 21.0 0.0 0.032192679146297844 0
10 ec.gp.GPIndividual@1329332079{-740651432} 0.0 59409.0 10054.0 0.01780385916053312 5 44 21.0 0.0 0.01780385916053312 0
10 ec.gp.GPIndividual@1160566919{-1434452873} 0.0 74147.0 14578.0 0.41151049526684047 5 19 21.0 0.0 0.41151049526684047 0
10 ec.gp.GPIndividual@1329332079{-740651432} 0.0 59409.0 8387.0 0.2201025396446882 5 44 21.0 0.0 0.2201025396446882 0
10 ec.gp.GPIndividual@1545084267{-271322310} 0.0 68757.0 10861.0 0.203296197403554 5 42 21.0 0.0 0.203296197403554 0
10 ec.gp.GPIndividual@1776284677{-1011131950} 0.0 68757.0 10087.0 0.14216318033111927 5 42 21.0 0.0 0.14216318033111927 0
10 ec.gp.GPIndividual@1160566919{-1434452873} 0.0 73790.0 10861.0 0.24297946782064267 5 19 21.0 0.0 0.24297946782064267 0
10 ec.gp.GPIndividual@1329332079{-740651432} 0.0 60038.0 14578.0 0.25490465084373715 5 44 21.0 0.0 0.25490465084373715 0
10 ec.gp.GPIndividual@1160566919{-1434452873} 0.0 74150.0 8160.0 0.0517156862745098 5 19 21.0 0.0 0.0517156862745098 0
10 ec.gp.GPIndividual@1329332079{-740651432} 0.0 59421.0 10861.0 0.05671669275389007 5 44 21.0 0.0 0.05671669275389007 0
10 ec.gp.GPIndividual@1545084267{-271322310} 0.0 68757.0 8160.0 0.06041666666666667 5 42 21.0 0.0 0.06041666666666667 0
10 ec.gp.GPIndividual@1160566919{-1434452873} 0.0 74135.0 12802.0 0.3308076862990158 10 ec.gp.GPIndividual@1776284677{-1011131950} 5 19 21.0 0.0 0.0 0.3308076862990158 0
68757.0 12802.0 0.040399182397499095 5 42 21.0 0.0 0.040399182397499095 0
10 ec.gp.GPIndividual@1329332079{-740651432} 0.0 59408.0 8160.0 0.25392156862745097 5 44 21.0 0.0 0.25392156862745097 0
10 ec.gp.GPIndividual@1160566919{-1434452873} 0.0 73790.0 10087.0 0.18489144443342917 5 19 21.0 0.0 0.18489144443342917 0
10 ec.gp.GPIndividual@1955377077{155043362} 0.0 59409.0 10054.0 0.01780385916053312 5 42 21.0 0.0 0.01780385916053312 0
10 ec.gp.GPIndividual@1329332079{-740651432} 0.0 60026.0 12802.0 0.15247617559756288 5 44 21.0 0.0 0.15247617559756288 0
10 ec.gp.GPIndividual@1160566919{-1434452873} 0.0 10 ec.gp.GPIndividual@1545084267{-271322310} 0.0 74150.0 12802.0 0.03186245040278947 5 19 21.0 0.0 68791.0 12802.0 0.3214341509139197 0.03186245040278947 0
5 42 21.0 0.0 0.3214341509139197 0
10 ec.gp.GPIndividual@1955377077{155043362} 0.0 59409.0 8387.0 0.2201025396446882 5 42 21.0 0.0 0.2201025396446882 0
10 ec.gp.GPIndividual@1329332079{-740651432} 0.0 59421.0 10087.0 0.01566372558738971 5 44 21.0 0.0 0.01566372558738971 0
10 ec.gp.GPIndividual@1955377077{155043362} 0.0 60038.0 14578.0 0.25490465084373715 5 42 21.0 0.0 0.25490465084373715 0
10 ec.gp.GPIndividual@1329332079{-740651432} 0.0 59408.0 8317.0 0.2302512925333654 5 44 21.0 0.0 0.2302512925333654 0
10 ec.gp.GPIndividual@1545084267{-271322310} 0.0 68757.0 10087.0 0.14216318033111927 5 42 21.0 0.0 0.14216318033111927 0
10 ec.gp.GPIndividual@1955377077{155043362} 0.0 59421.0 10861.0 0.05671669275389007 5 42 21.0 0.0 0.05671669275389007 0
10 ec.gp.GPIndividual@1955377077{155043362} 0.0 59408.0 8160.0 0.25392156862745097 5 42 21.0 0.0 0.25392156862745097 0
10 ec.gp.GPIndividual@436110515{-788441401} 0.0 10 ec.gp.GPIndividual@1545084267{-271322310} 0.0 55928.0 8317.0 0.2150387905311319 5 39 21.0 0.0 68757.0 8317.0 0.040399182397499095 0.2150387905311319 0
10 ec.gp.GPIndividual@1955377077{155043362} 0.0 5 42 21.0 0.0 60026.0 12802.0 0.15247617559756288 0.040399182397499095 0
5 42 21.0 0.0 0.15247617559756288 0
10 ec.gp.GPIndividual@1690298796{435653837} 0.0 25787.0 8387.0 0.12018600214617861 5 41 21.0 0.0 0.12018600214617861 0
10 ec.gp.GPIndividual@468063163{420371862} 0.0 59409.0 10054.0 0.01780385916053312 5 44 21.0 0.0 0.01780385916053312 0
10 ec.gp.GPIndividual@1955377077{155043362} 0.0 59421.0 10087.0 0.01566372558738971 5 42 21.0 0.0 0.01566372558738971 0
10 ec.gp.GPIndividual@1690298796{435653837} 0.0 69836.0 14578.0 0.33241871312937304 5 41 21.0 0.0 0.33241871312937304 0
10 ec.gp.GPIndividual@436110515{-788441401} 0.0 56099.0 8387.0 0.4769285799451532 5 39 21.0 0.0 10 ec.gp.GPIndividual@468063163{420371862} 0.4769285799451532 0
10 ec.gp.GPIndividual@1955377077{155043362} 0.0 0.0 59408.0 8317.0 0.2302512925333654 5 42 21.0 0.0 59409.0 8317.0 0.2201025396446882 0.2302512925333654 0
5 44 21.0 0.0 0.2201025396446882 0
10 ec.gp.GPIndividual@468063163{420371862} 0.0 60038.0 14578.0 0.25490465084373715 5 44 21.0 0.0 0.25490465084373715 0
10 ec.gp.GPIndividual@436110515{-788441401} 0.0 56367.0 14578.0 0.13191109891617506 5 39 21.0 0.0 0.13191109891617506 0
10 ec.gp.GPIndividual@468063163{420371862} 0.0 59421.0 10861.0 0.05671669275389007 5 44 21.0 0.0 0.05671669275389007 0
10 ec.gp.GPIndividual@1690298796{435653837} 0.0 58205.0 10861.0 0.1686769174109198 5 41 21.0 0.0 0.1686769174109198 0
10 ec.gp.GPIndividual@468063163{420371862} 0.0 59408.0 8160.0 0.25392156862745097 5 44 21.0 0.0 0.25392156862745097 0
10 ec.gp.GPIndividual@468063163{420371862} 0.0 60026.0 12802.0 0.15247617559756288 5 44 21.0 0.0 0.15247617559756288 0
10 ec.gp.GPIndividual@436110515{-788441401} 0.0 55585.0 10861.0 0.09317742380996225 5 39 21.0 0.0 0.09317742380996225 0
10 ec.gp.GPIndividual@468063163{420371862} 0.0 59421.0 10087.0 0.01566372558738971 5 44 21.0 0.0 0.01566372558738971 0
10 ec.gp.GPIndividual@468063163{420371862} 0.0 59408.0 8317.0 0.2302512925333654 5 44 21.0 0.0 0.2302512925333654 0
10 ec.gp.GPIndividual@436110515{-788441401} 0.0 56099.0 8160.0 0.518014705882353 5 39 21.0 0.0 0.518014705882353 0
10 ec.gp.GPIndividual@436110515{-788441401} 0.0 56213.0 12802.0 0.023511951257615998 5 39 21.0 0.0 0.023511951257615998 0
10 ec.gp.GPIndividual@436110515{-788441401} 0.0 55794.0 10087.0 0.19777931991672448 5 39 21.0 0.0 0.19777931991672448 0
10 ec.gp.GPIndividual@436110515{-788441401} 0.0 56099.0 8317.0 0.4893591439220873 5 39 21.0 0.0 0.4893591439220873 0
10 ec.gp.GPIndividual@1690298796{435653837} 0.0 25671.0 8160.0 0.13713235294117648 5 41 21.0 0.0 0.13713235294117648 0
10 ec.gp.GPIndividual@1690298796{435653837} 0.0 65365.0 12802.0 0.16224027495703797 5 41 21.0 0.0 0.16224027495703797 0
10 ec.gp.GPIndividual@1690298796{435653837} 0.0 58205.0 10087.0 0.10488747893328046 5 41 21.0 0.0 0.10488747893328046 0
10 ec.gp.GPIndividual@1690298796{435653837} 0.0 30841.0 8317.0 0.08031742214740892 5 41 21.0 0.0 0.08031742214740892 0
10 ec.gp.GPIndividual@1627120094{-2055685863} 0.0 59409.0 10054.0 0.01780385916053312 5 43 21.0 0.0 0.01780385916053312 0
10 ec.gp.GPIndividual@1627120094{-2055685863} 0.0 59409.0 8387.0 0.2201025396446882 5 43 21.0 0.0 0.2201025396446882 0
10 ec.gp.GPIndividual@1627120094{-2055685863} 0.0 60038.0 14578.0 0.25490465084373715 5 43 21.0 0.0 0.25490465084373715 0
10 ec.gp.GPIndividual@1627120094{-2055685863} 0.0 59421.0 10861.0 0.05671669275389007 5 43 21.0 0.0 0.05671669275389007 0
10 ec.gp.GPIndividual@1627120094{-2055685863} 0.0 59408.0 8160.0 0.25392156862745097 5 43 21.0 0.0 0.25392156862745097 0
10 ec.gp.GPIndividual@1627120094{-2055685863} 0.0 60026.0 12802.0 0.15247617559756288 5 43 21.0 0.0 0.15247617559756288 0
10 ec.gp.GPIndividual@1627120094{-2055685863} 0.0 59421.0 10087.0 0.01566372558738971 5 43 21.0 0.0 0.01566372558738971 0
10 ec.gp.GPIndividual@1627120094{-2055685863} 0.0 59408.0 8317.0 0.2302512925333654 5 43 21.0 0.0 0.2302512925333654 0
11 ec.gp.GPIndividual@1419508819{1928355357} 0.0 101188.0 10054.0 0.7179232146409389 2 3 21.0 0.0 0.7179232146409389 0
11 ec.gp.GPIndividual@1419508819{1928355357} 0.0 11 ec.gp.GPIndividual@1214485606{1957168242} 101188.0 10054.0 0.6618576368188863 0.0 2 3 21.0 0.0 11 ec.gp.GPIndividual@1197845484{-1069485567} 0.0 0.6618576368188863 0
86614.0 10054.0 0.5370996618261389 11 ec.gp.GPIndividual@1419508819{1928355357} 77204.0 10054.0 0.3861149791127909 5 17 21.0 0.0 0.0 5 37 21.0 0.0 0.5370996618261389 0
11 ec.gp.GPIndividual@529805345{1606152838} 0.0 59409.0 10054.0 0.01780385916053312 0.3861149791127909 0
11 ec.gp.GPIndividual@1734579541{-1155114640} 11 ec.gp.GPIndividual@1197845484{-1069485567} 0.0 0.0 86614.0 8387.0 0.44509359723381425 101188.0 14578.0 0.805460282617643 59409.0 8387.0 0.01780385916053312 5 17 21.0 0.0 2 3 21.0 0.0 5 43 21.0 0.0 0.44509359723381425 0
5 33 21.0 0.0 0.01780385916053312 0
11 ec.gp.GPIndividual@1197845484{-1069485567} 0.0 0.01780385916053312 0
0.805460282617643 0
86665.0 14578.0 0.6772533955275072 5 17 21.0 0.0 11 ec.gp.GPIndividual@1214485606{1957168242} 0.6772533955275072 0
0.0 77204.0 10861.0 0.2640992011446286 11 ec.gp.GPIndividual@1419508819{1928355357} 5 37 21.0 0.0 0.0 0.2640992011446286 0
101188.0 10861.0 0.7388822392044931 2 3 21.0 0.0 0.7388822392044931 0
11 ec.gp.GPIndividual@529805345{1606152838} 11 ec.gp.GPIndividual@1197845484{-1069485567} 0.0 0.0 11 ec.gp.GPIndividual@1338070565{-374970515} 59409.0 14578.0 0.2201025396446882 11 ec.gp.GPIndividual@1419508819{1928355357} 0.0 86614.0 8160.0 0.57149433753798 5 33 21.0 0.0 0.0 68058.0 8160.0 0.2088720907101651 5 17 21.0 0.0 11 ec.gp.GPIndividual@1214485606{1957168242} 0.2201025396446882 0
11 ec.gp.GPIndividual@1734579541{-1155114640} 0.0 0.0 59409.0 8160.0 0.2201025396446882 77237.0 8160.0 0.5743586225819728 5 33 21.0 0.0 5 37 21.0 0.0 5 43 21.0 0.0 0.2088720907101651 0
101188.0 8160.0 0.6524509803921569 2 3 21.0 0.0 0.57149433753798 0
0.6524509803921569 0
0.5743586225819728 0
11 ec.gp.GPIndividual@1419508819{1928355357} 11 ec.gp.GPIndividual@529805345{1606152838} 0.0 0.0 101188.0 14578.0 0.7784721137322294 2 3 21.0 0.0 60038.0 14578.0 0.25490465084373715 0.2201025396446882 0
5 33 21.0 0.0 11 ec.gp.GPIndividual@1214485606{1957168242} 0.0 0.25490465084373715 0
0.7784721137322294 0
11 ec.gp.GPIndividual@1197845484{-1069485567} 0.0 90303.0 10861.0 0.6471813725490196 77204.0 10861.0 0.43172820182303656 11 ec.gp.GPIndividual@1419508819{1928355357} 5 17 21.0 0.0 0.0 5 37 21.0 0.0 0.6471813725490196 0
0.43172820182303656 0
101188.0 10087.0 0.7188460394567264 2 3 21.0 0.0 0.7188460394567264 0
11 ec.gp.GPIndividual@1214485606{1957168242} 0.0 77204.0 8160.0 0.24362745098039215 11 ec.gp.GPIndividual@1734579541{-1155114640} 5 37 21.0 0.0 0.0 11 ec.gp.GPIndividual@1419508819{1928355357} 11 ec.gp.GPIndividual@1197845484{-1069485567} 11 ec.gp.GPIndividual@529805345{1606152838} 0.0 60038.0 8317.0 0.25490465084373715 0.0 0.0 5 43 21.0 0.0 86614.0 10861.0 0.6364630526480237 59421.0 10861.0 0.05671669275389007 5 17 21.0 0.0 5 33 21.0 0.0 0.24362745098039215 0
101188.0 10861.0 0.6590116628592041 2 3 21.0 0.0 0.05671669275389007 0
0.25490465084373715 0
0.6364630526480237 0
11 ec.gp.GPIndividual@1214485606{1957168242} 0.0 77204.0 12802.0 0.5178878300265584 0.6590116628592041 0
5 37 21.0 0.0 0.5178878300265584 0
11 ec.gp.GPIndividual@1197845484{-1069485567} 0.0 11 ec.gp.GPIndividual@691298341{1473801438} 86614.0 10087.0 0.5386140576980272 5 17 21.0 0.0 0.0 0.5386140576980272 0
11 ec.gp.GPIndividual@529805345{1606152838} 11 ec.gp.GPIndividual@1214485606{1957168242} 0.0 0.0 11 ec.gp.GPIndividual@1734579541{-1155114640} 77204.0 10861.0 0.38812332705462477 0.0 5 37 21.0 0.0 59408.0 10861.0 0.25392156862745097 0.38812332705462477 0
11 ec.gp.GPIndividual@1197845484{-1069485567} 0.0 11 ec.gp.GPIndividual@1338070565{-374970515} 90303.0 8317.0 0.6538415293976193 0.0 68058.0 8317.0 0.05162751877906283 5 33 21.0 0.0 5 33 21.0 0.0 5 17 21.0 0.0 0.25392156862745097 0
59421.0 10861.0 0.05671669275389007 5 43 21.0 0.0 0.05671669275389007 0
104262.0 10087.0 0.9556395464491745 1 1 21.0 0.0 0.9556395464491745 0
11 ec.gp.GPIndividual@1214485606{1957168242} 0.0 0.6538415293976193 0
0.05162751877906283 0
11 ec.gp.GPIndividual@691298341{1473801438} 0.0 104262.0 8387.0 0.9468224633361154 77204.0 8317.0 0.2579054947697487 1 1 21.0 0.0 5 37 21.0 0.0 0.9468224633361154 0
11 ec.gp.GPIndividual@529805345{1606152838} 0.0 11 ec.gp.GPIndividual@691298341{1473801438} 0.2579054947697487 0
11 ec.gp.GPIndividual@1734579541{-1155114640} 0.0 60026.0 14578.0 0.15247617559756288 59408.0 8160.0 0.25392156862745097 5 43 21.0 0.0 5 33 21.0 0.0 0.25392156862745097 0
0.0 104262.0 8160.0 0.9694059541775277 0.15247617559756288 0
11 ec.gp.GPIndividual@1215913500{2108711692} 0.0 60354.0 10054.0 0.11179629998010741 1 1 21.0 0.0 5 28 21.0 0.0 0.11179629998010741 0
0.9694059541775277 0
11 ec.gp.GPIndividual@691298341{1473801438} 0.0 104262.0 10861.0 0.9589356412853328 1 1 21.0 0.0 0.9589356412853328 0
11 ec.gp.GPIndividual@1509514905{1565042575} 0.0 59409.0 10054.0 0.01780385916053312 11 ec.gp.GPIndividual@691298341{1473801438} 5 40 21.0 0.0 0.0 0.01780385916053312 0
104262.0 8160.0 0.9453431372549019 1 1 21.0 0.0 0.9453431372549019 0
11 ec.gp.GPIndividual@1734579541{-1155114640} 0.0 60026.0 12802.0 0.15247617559756288 11 ec.gp.GPIndividual@691298341{1473801438} 11 ec.gp.GPIndividual@529805345{1606152838} 5 43 21.0 0.0 0.0 0.0 0.15247617559756288 0
11 ec.gp.GPIndividual@1215913500{2108711692} 0.0 60354.0 8387.0 0.33277691665673065 59421.0 10087.0 0.01566372558738971 5 28 21.0 0.0 5 33 21.0 0.0 0.01566372558738971 0
104262.0 10087.0 0.9651616934853929 1 1 21.0 0.0 0.33277691665673065 0
11 ec.gp.GPIndividual@1509514905{1565042575} 0.0 0.9651616934853929 0
59409.0 8387.0 0.2201025396446882 5 40 21.0 0.0 0.2201025396446882 0
11 ec.gp.GPIndividual@691298341{1473801438} 11 ec.gp.GPIndividual@1734579541{-1155114640} 0.0 0.0 11 ec.gp.GPIndividual@1338070565{-374970515} 0.0 59421.0 10087.0 0.01566372558738971 68882.0 14578.0 0.39785978872273287 5 43 21.0 0.0 5 33 21.0 0.0 0.39785978872273287 0
104262.0 10087.0 0.9557846733419253 1 1 21.0 0.0 11 ec.gp.GPIndividual@529805345{1606152838} 11 ec.gp.GPIndividual@1215913500{2108711692} 0.9557846733419253 0
0.01566372558738971 0
11 ec.gp.GPIndividual@1509514905{1565042575} 0.0 60038.0 14578.0 0.25490465084373715 11 ec.gp.GPIndividual@691298341{1473801438} 5 40 21.0 0.0 0.0 0.0 0.25490465084373715 0
0.0 60983.0 14578.0 0.1900809438880505 5 28 21.0 0.0 59408.0 14578.0 0.2302512925333654 0.1900809438880505 0
104262.0 14578.0 0.9463748947937959 1 1 21.0 0.0 5 33 21.0 0.0 0.9463748947937959 0
0.2302512925333654 0
11 ec.gp.GPIndividual@1734579541{-1155114640} 0.0 59408.0 8317.0 0.2302512925333654 5 43 21.0 0.0 0.2302512925333654 0
11 ec.gp.GPIndividual@1509514905{1565042575} 0.0 59421.0 10861.0 0.05671669275389007 5 40 21.0 0.0 11 ec.gp.GPIndividual@1531613276{-2139899324} 0.05671669275389007 0
11 ec.gp.GPIndividual@1071498970{-601240562} 11 ec.gp.GPIndividual@1215913500{2108711692} 0.0 0.0 64949.0 10861.0 0.025363039586234336 0.0 60366.0 10861.0 0.03029186999355492 5 38 21.0 0.0 0.025363039586234336 0
5 28 21.0 0.0 0.03029186999355492 0
66993.0 10861.0 0.31480007957032025 5 38 21.0 0.0 0.31480007957032025 0
11 ec.gp.GPIndividual@1071498970{-601240562} 0.0 64949.0 8387.0 0.22916418266364613 11 ec.gp.GPIndividual@1509514905{1565042575} 5 38 21.0 0.0 0.0 11 ec.gp.GPIndividual@1338070565{-374970515} 0.22916418266364613 0
59408.0 10861.0 0.25392156862745097 5 40 21.0 0.0 0.25392156862745097 0
11 ec.gp.GPIndividual@1531613276{-2139899324} 0.0 66993.0 8387.0 0.17860975318945987 0.0 5 38 21.0 0.0 11 ec.gp.GPIndividual@1215913500{2108711692} 0.17860975318945987 0
11 ec.gp.GPIndividual@1071498970{-601240562} 0.0 64963.0 14578.0 0.2918781725888325 11 ec.gp.GPIndividual@216860457{290452650} 5 38 21.0 0.0 0.2918781725888325 0
0.0 60353.0 14578.0 0.36973039215686276 5 28 21.0 0.0 68070.0 8160.0 0.26655004143264893 0.36973039215686276 0
11 ec.gp.GPIndividual@1509514905{1565042575} 0.0 60026.0 12802.0 0.15247617559756288 11 ec.gp.GPIndividual@1531613276{-2139899324} 5 40 21.0 0.0 0.0 67736.0 12802.0 0.47647139525312115 0.15247617559756288 0
5 33 21.0 0.0 0.26655004143264893 0
0.0 69181.0 10861.0 0.09717525363039586 11 ec.gp.GPIndividual@1071498970{-601240562} 5 42 21.0 0.0 0.09717525363039586 0
5 38 21.0 0.0 0.47647139525312115 0
0.0 64949.0 10861.0 0.0508240493508885 5 38 21.0 0.0 0.0508240493508885 0
11 ec.gp.GPIndividual@1215913500{2108711692} 0.0 11 ec.gp.GPIndividual@1509514905{1565042575} 60971.0 10087.0 0.07865958443993126 0.0 5 28 21.0 0.0 0.07865958443993126 0
11 ec.gp.GPIndividual@1531613276{-2139899324} 59421.0 10087.0 0.01566372558738971 0.0 5 40 21.0 0.0 67516.0 10861.0 0.31755823588988125 0.01566372558738971 0
11 ec.gp.GPIndividual@1071498970{-601240562} 0.0 64949.0 8160.0 0.2633578431372549 5 38 21.0 0.0 0.2633578431372549 0
5 38 21.0 0.0 0.31755823588988125 0
11 ec.gp.GPIndividual@1215913500{2108711692} 0.0 11 ec.gp.GPIndividual@1071498970{-601240562} 0.0 60366.0 12802.0 0.109348666600575 5 28 21.0 0.0 0.109348666600575 0
11 ec.gp.GPIndividual@1531613276{-2139899324} 11 ec.gp.GPIndividual@1509514905{1565042575} 0.0 64951.0 12802.0 0.19457897203561944 11 ec.gp.GPIndividual@216860457{290452650} 0.0 67075.0 8387.0 0.1457107843137255 5 38 21.0 0.0 0.0 5 38 21.0 0.0 69167.0 8387.0 0.08060093001073089 0.19457897203561944 0
5 42 21.0 0.0 0.08060093001073089 0
0.1457107843137255 0
59408.0 8387.0 0.2302512925333654 5 40 21.0 0.0 0.2302512925333654 0
11 ec.gp.GPIndividual@1215913500{2108711692} 0.0 11 ec.gp.GPIndividual@1071498970{-601240562} 60353.0 8317.0 0.3438739930263316 0.0 5 28 21.0 0.0 64949.0 8317.0 0.02200852582531972 0.3438739930263316 0
5 38 21.0 0.0 11 ec.gp.GPIndividual@1531613276{-2139899324} 0.0 0.02200852582531972 0
11 ec.gp.GPIndividual@1338070565{-374970515} 0.0 67516.0 12802.0 0.42102796438056556 68057.0 8160.0 0.02536764705882353 5 38 21.0 0.0 5 33 21.0 0.0 0.02536764705882353 0
0.42102796438056556 0
11 ec.gp.GPIndividual@1071498970{-601240562} 0.0 64949.0 8317.0 0.23950943849945894 5 38 21.0 0.0 0.23950943849945894 0
11 ec.gp.GPIndividual@1531613276{-2139899324} 0.0 67464.0 10087.0 0.270347972638049 11 ec.gp.GPIndividual@1167520648{228798400} 5 38 21.0 0.0 0.0 0.270347972638049 0
58299.0 10087.0 0.09259996021483986 5 40 21.0 0.0 0.09259996021483986 0
11 ec.gp.GPIndividual@216860457{290452650} 0.0 69159.0 14578.0 0.37885855398545754 11 ec.gp.GPIndividual@1531613276{-2139899324} 5 42 21.0 0.0 0.0 0.37885855398545754 0
11 ec.gp.GPIndividual@775759763{758861007} 0.0 67075.0 8317.0 0.16183720091379103 5 38 21.0 0.0 64372.0 10054.0 0.03202705390889198 0.16183720091379103 0
5 39 21.0 0.0 0.03202705390889198 0
11 ec.gp.GPIndividual@1393568822{1367085117} 0.0 72358.0 10054.0 0.3246469067037995 5 22 21.0 0.0 0.3246469067037995 0
11 ec.gp.GPIndividual@1167520648{228798400} 0.0 58299.0 8387.0 0.08775485870990819 5 40 21.0 0.0 0.08775485870990819 0
11 ec.gp.GPIndividual@775759763{758861007} 0.0 64372.0 8387.0 0.16036723500655778 5 39 21.0 0.0 0.16036723500655778 0
11 ec.gp.GPIndividual@619722181{2018381352} 0.0 59409.0 10054.0 0.01780385916053312 5 34 21.0 0.0 0.01780385916053312 0
11 ec.gp.GPIndividual@1167520648{228798400} 0.0 58928.0 14578.0 0.3310467828234326 5 40 21.0 0.0 0.3310467828234326 0
11 ec.gp.GPIndividual@775759763{758861007} 0.0 64407.0 14578.0 0.33001783509397725 11 ec.gp.GPIndividual@1338070565{-374970515} 5 39 21.0 0.0 0.0 0.33001783509397725 0
11 ec.gp.GPIndividual@216860457{290452650} 0.0 68870.0 12802.0 0.31526324011873147 68757.0 10861.0 0.203296197403554 5 33 21.0 0.0 5 42 21.0 0.0 0.31526324011873147 0
11 ec.gp.GPIndividual@619722181{2018381352} 11 ec.gp.GPIndividual@1393568822{1367085117} 0.0 59409.0 8387.0 0.2201025396446882 0.0 5 34 21.0 0.0 72358.0 8387.0 0.19041373554310242 0.2201025396446882 0
11 ec.gp.GPIndividual@1167520648{228798400} 11 ec.gp.GPIndividual@775759763{758861007} 0.0 0.0 0.203296197403554 0
64372.0 10861.0 0.10394991253107448 5 39 21.0 0.0 0.10394991253107448 0
58311.0 10861.0 0.15891722677469847 5 40 21.0 0.0 0.15891722677469847 0
5 22 21.0 0.0 0.19041373554310242 0
11 ec.gp.GPIndividual@619722181{2018381352} 0.0 11 ec.gp.GPIndividual@775759763{758861007} 0.0 60038.0 14578.0 0.25490465084373715 5 34 21.0 0.0 64372.0 8160.0 0.19264705882352942 0.25490465084373715 0
5 39 21.0 0.0 0.19264705882352942 0
11 ec.gp.GPIndividual@1167520648{228798400} 0.0 58294.0 8160.0 0.11740196078431372 5 40 21.0 0.0 0.11740196078431372 0
11 ec.gp.GPIndividual@775759763{758861007} 0.0 64374.0 12802.0 0.23965005467895642 5 39 21.0 0.0 0.23965005467895642 0
11 ec.gp.GPIndividual@619722181{2018381352} 0.0 11 ec.gp.GPIndividual@216860457{290452650} 0.0 59421.0 8160.0 0.05671669275389007 5 34 21.0 0.0 0.05671669275389007 0
69167.0 8160.0 0.11066176470588235 5 42 21.0 0.0 0.11066176470588235 0
11 ec.gp.GPIndividual@1167520648{228798400} 0.0 11 ec.gp.GPIndividual@1393568822{1367085117} 0.0 58916.0 14578.0 0.23918137790970162 5 40 21.0 0.0 74146.0 14578.0 0.4115790917821375 0.23918137790970162 0
11 ec.gp.GPIndividual@1338070565{-374970515} 0.0 5 22 21.0 0.0 68070.0 10087.0 0.2102706453851492 0.4115790917821375 0
11 ec.gp.GPIndividual@775759763{758861007} 0.0 11 ec.gp.GPIndividual@619722181{2018381352} 0.0 64372.0 8160.0 0.03519381381976802 59408.0 8160.0 0.25392156862745097 5 39 21.0 0.0 0.03519381381976802 0
5 33 21.0 0.0 0.2102706453851492 0
5 34 21.0 0.0 0.25392156862745097 0
11 ec.gp.GPIndividual@1167520648{228798400} 0.0 58311.0 10087.0 0.09437890353920889 5 40 21.0 0.0 0.09437890353920889 0
11 ec.gp.GPIndividual@775759763{758861007} 0.0 64372.0 8317.0 0.17013346158470602 5 39 21.0 0.0 0.17013346158470602 0
11 ec.gp.GPIndividual@216860457{290452650} 0.0 68791.0 12802.0 0.3214341509139197 5 42 21.0 0.0 0.3214341509139197 0
11 ec.gp.GPIndividual@619722181{2018381352} 0.0 60026.0 12802.0 0.15247617559756288 5 34 21.0 0.0 0.15247617559756288 0
11 ec.gp.GPIndividual@625946467{-61341945} 11 ec.gp.GPIndividual@1167520648{228798400} 0.0 0.0 11 ec.gp.GPIndividual@1393568822{1367085117} 0.0 66065.0 10861.0 0.13636363636363635 58294.0 10861.0 0.09630876517975231 5 37 21.0 0.0 72370.0 10861.0 0.3737224933247399 5 40 21.0 0.0 0.13636363636363635 0
0.09630876517975231 0
5 22 21.0 0.0 0.3737224933247399 0
11 ec.gp.GPIndividual@619722181{2018381352} 0.0 59421.0 10087.0 0.01566372558738971 5 34 21.0 0.0 0.01566372558738971 0
11 ec.gp.GPIndividual@625946467{-61341945} 0.0 66065.0 8387.0 0.36222725646834386 5 37 21.0 0.0 0.36222725646834386 0
11 ec.gp.GPIndividual@216860457{290452650} 0.0 69208.0 10087.0 0.09745216615445623 5 42 21.0 0.0 0.09745216615445623 0
11 ec.gp.GPIndividual@1858489162{-2075959672} 0.0 64425.0 10054.0 0.02675552019096877 5 33 21.0 0.0 0.02675552019096877 0
11 ec.gp.GPIndividual@625946467{-61341945} 0.0 66065.0 14578.0 0.21628481273151323 5 37 21.0 0.0 0.21628481273151323 0
11 ec.gp.GPIndividual@1338070565{-374970515} 0.0 11 ec.gp.GPIndividual@619722181{2018381352} 68057.0 8317.0 0.043765780930624026 0.0 5 33 21.0 0.0 0.043765780930624026 0
59408.0 8317.0 0.2302512925333654 5 34 21.0 0.0 0.2302512925333654 0
11 ec.gp.GPIndividual@1393568822{1367085117} 0.0 11 ec.gp.GPIndividual@1858489162{-2075959672} 72357.0 8387.0 0.16801470588235295 0.0 5 22 21.0 0.0 11 ec.gp.GPIndividual@625946467{-61341945} 0.0 0.16801470588235295 0
64499.0 8387.0 0.17550971741981639 5 33 21.0 0.0 0.17550971741981639 0
66065.0 10861.0 0.05192891998895129 5 37 21.0 0.0 0.05192891998895129 0
11 ec.gp.GPIndividual@355217475{57482212} 0.0 11 ec.gp.GPIndividual@216860457{290452650} 59488.0 8317.0 0.025661428287248857 0.0 5 40 21.0 0.0 69167.0 8317.0 0.08969580377539978 0.025661428287248857 0
11 ec.gp.GPIndividual@121317692{1648561103} 0.0 59409.0 10054.0 0.01780385916053312 5 42 21.0 0.0 5 44 21.0 0.0 0.01780385916053312 0
11 ec.gp.GPIndividual@1393568822{1367085117} 0.0 73469.0 12802.0 0.382830807686299 11 ec.gp.GPIndividual@355217475{57482212} 5 22 21.0 0.0 0.0 0.382830807686299 0
11 ec.gp.GPIndividual@1858489162{-2075959672} 0.0 64759.0 12802.0 0.30587186170942515 11 ec.gp.GPIndividual@625946467{-61341945} 5 33 21.0 0.0 0.0 66065.0 12802.0 0.40012254901960786 0.30587186170942515 0
0.08969580377539978 0
5 37 21.0 0.0 0.40012254901960786 0
59488.0 12802.0 0.229521879098605 5 40 21.0 0.0 0.229521879098605 0
11 ec.gp.GPIndividual@121317692{1648561103} 0.0 59409.0 8387.0 0.2201025396446882 5 44 21.0 0.0 0.2201025396446882 0
11 ec.gp.GPIndividual@1858489162{-2075959672} 0.0 64302.0 10861.0 0.11039499125310745 5 33 21.0 0.0 0.11039499125310745 0
11 ec.gp.GPIndividual@625946467{-61341945} 0.0 11 ec.gp.GPIndividual@355217475{57482212} 66065.0 12802.0 0.1075613185439775 0.0 5 37 21.0 0.0 0.1075613185439775 0
59573.0 14578.0 0.2868020304568528 5 40 21.0 0.0 0.2868020304568528 0
11 ec.gp.GPIndividual@1393568822{1367085117} 0.0 72370.0 10087.0 0.32566669971250123 5 22 21.0 0.0 0.32566669971250123 0
11 ec.gp.GPIndividual@121317692{1648561103} 0.0 60038.0 14578.0 0.25490465084373715 5 44 21.0 0.0 0.25490465084373715 0
11 ec.gp.GPIndividual@1858489162{-2075959672} 0.0 63755.0 8160.0 0.1170343137254902 5 33 21.0 0.0 0.1170343137254902 0
11 ec.gp.GPIndividual@625946467{-61341945} 0.0 11 ec.gp.GPIndividual@355217475{57482212} 66065.0 10861.0 0.13264597997422425 0.0 11 ec.gp.GPIndividual@2081510253{-72266683} 5 37 21.0 0.0 0.0 59488.0 10054.0 0.0505478316913728 0.13264597997422425 0
68873.0 10054.0 0.12780982693455342 5 42 21.0 0.0 5 40 21.0 0.0 0.12780982693455342 0
0.0505478316913728 0
11 ec.gp.GPIndividual@121317692{1648561103} 0.0 59421.0 10861.0 0.05671669275389007 5 44 21.0 0.0 0.05671669275389007 0
11 ec.gp.GPIndividual@625946467{-61341945} 0.0 66065.0 8317.0 0.3736924371768667 5 37 21.0 0.0 0.3736924371768667 0
11 ec.gp.GPIndividual@1858489162{-2075959672} 0.0 64747.0 8317.0 0.21051398219028278 5 33 21.0 0.0 0.21051398219028278 0
11 ec.gp.GPIndividual@355217475{57482212} 0.0 59488.0 8160.0 0.26372549019607844 5 40 21.0 0.0 0.26372549019607844 0
11 ec.gp.GPIndividual@1393568822{1367085117} 0.0 72357.0 8317.0 0.18372009137910303 5 22 21.0 0.0 0.18372009137910303 0
11 ec.gp.GPIndividual@121317692{1648561103} 0.0 59408.0 8160.0 0.25392156862745097 5 44 21.0 0.0 0.25392156862745097 0
11 ec.gp.GPIndividual@355217475{57482212} 11 ec.gp.GPIndividual@1858489162{-2075959672} 0.0 0.0 59522.0 10087.0 0.1918450242149664 64302.0 10087.0 0.042133439080003963 5 40 21.0 0.0 5 33 21.0 0.0 0.1918450242149664 0
0.042133439080003963 0
11 ec.gp.GPIndividual@2081510253{-72266683} 0.0 68871.0 8387.0 0.04530821509478956 5 42 21.0 0.0 0.04530821509478956 0
11 ec.gp.GPIndividual@355217475{57482212} 11 ec.gp.GPIndividual@121317692{1648561103} 0.0 0.0 59488.0 12802.0 0.022305938336472687 60026.0 12802.0 0.15247617559756288 5 40 21.0 0.0 5 44 21.0 0.0 0.022305938336472687 0
0.15247617559756288 0
11 ec.gp.GPIndividual@1858489162{-2075959672} 0.0 63755.0 8317.0 0.09594805819406035 5 33 21.0 0.0 0.09594805819406035 0
11 ec.gp.GPIndividual@355217475{57482212} 11 ec.gp.GPIndividual@1817891483{297578839} 0.0 0.0 62597.0 10054.0 0.2085737020091506 59488.0 10054.0 0.2398701454851509 5 39 21.0 0.0 5 40 21.0 0.0 0.2398701454851509 0
0.2085737020091506 0
11 ec.gp.GPIndividual@92042510{1928355357} 0.0 101188.0 10054.0 0.7179232146409389 2 3 21.0 0.0 0.7179232146409389 0
11 ec.gp.GPIndividual@121317692{1648561103} 0.0 59421.0 10087.0 0.01566372558738971 5 44 21.0 0.0 11 ec.gp.GPIndividual@92042510{1928355357} 0.0 0.01566372558738971 0
101188.0 8387.0 0.6618576368188863 2 3 21.0 0.0 0.6618576368188863 0
11 ec.gp.GPIndividual@2081510253{-72266683} 0.0 11 ec.gp.GPIndividual@92042510{1928355357} 0.0 68337.0 14578.0 0.4352448895596104 5 42 21.0 0.0 101188.0 14578.0 0.805460282617643 0.4352448895596104 0
2 3 21.0 0.0 0.805460282617643 0
11 ec.gp.GPIndividual@92042510{1928355357} 0.0 101188.0 10861.0 0.7388822392044931 2 3 21.0 0.0 0.7388822392044931 0
11 ec.gp.GPIndividual@121317692{1648561103} 0.0 59408.0 8317.0 0.2302512925333654 5 44 21.0 0.0 0.2302512925333654 0
11 ec.gp.GPIndividual@92042510{1928355357} 0.0 101188.0 8160.0 0.6524509803921569 2 3 21.0 0.0 0.6524509803921569 0
11 ec.gp.GPIndividual@92042510{1928355357} 0.0 101188.0 12802.0 0.7784721137322294 2 3 21.0 0.0 0.7784721137322294 0
11 ec.gp.GPIndividual@92042510{1928355357} 0.0 101188.0 10087.0 0.7188460394567264 2 3 21.0 0.0 0.7188460394567264 0
11 ec.gp.GPIndividual@1817891483{297578839} 0.0 62597.0 8387.0 0.05126982234410397 5 39 21.0 0.0 0.05126982234410397 0
11 ec.gp.GPIndividual@92042510{1928355357} 0.0 101188.0 8317.0 0.6590116628592041 2 3 21.0 0.0 0.6590116628592041 0
11 ec.gp.GPIndividual@965743810{1502763737} 0.0 56084.0 10054.0 0.230555002983887 5 42 21.0 0.0 0.230555002983887 0
11 ec.gp.GPIndividual@2081510253{-72266683} 0.0 68234.0 10861.0 0.2514501427124574 5 42 21.0 0.0 0.2514501427124574 0
11 ec.gp.GPIndividual@965743810{1502763737} 0.0 56084.0 8387.0 0.47514009777035887 5 42 21.0 0.0 11 ec.gp.GPIndividual@1749721614{516883329} 0.47514009777035887 0
0.0 59409.0 10054.0 0.01780385916053312 5 43 21.0 0.0 0.01780385916053312 0
11 ec.gp.GPIndividual@1817891483{297578839} 0.0 64385.0 14578.0 0.3315269584305117 5 39 21.0 0.0 0.3315269584305117 0
11 ec.gp.GPIndividual@965743810{1502763737} 0.0 56089.0 14578.0 0.15098093016874742 5 42 21.0 0.0 0.15098093016874742 0
11 ec.gp.GPIndividual@1749721614{516883329} 0.0 59409.0 8387.0 0.2201025396446882 5 43 21.0 0.0 0.2201025396446882 0
11 ec.gp.GPIndividual@2081510253{-72266683} 0.0 68871.0 8160.0 0.07438725490196078 5 42 21.0 0.0 0.07438725490196078 0
11 ec.gp.GPIndividual@965743810{1502763737} 0.0 56084.0 10861.0 0.13912162784274007 5 42 21.0 0.0 0.13912162784274007 0
11 ec.gp.GPIndividual@1749721614{516883329} 0.0 60038.0 14578.0 0.25490465084373715 5 43 21.0 0.0 0.25490465084373715 0
11 ec.gp.GPIndividual@965743810{1502763737} 0.0 56084.0 8160.0 0.5161764705882353 5 42 21.0 0.0 0.5161764705882353 0
11 ec.gp.GPIndividual@1817891483{297578839} 0.0 62609.0 10861.0 0.26627382377313324 5 39 21.0 0.0 0.26627382377313324 0
11 ec.gp.GPIndividual@1749721614{516883329} 0.0 59421.0 10861.0 0.05671669275389007 5 43 21.0 0.0 11 ec.gp.GPIndividual@965743810{1502763737} 0.05671669275389007 0
0.0 56085.0 12802.0 0.03351038900171848 11 ec.gp.GPIndividual@2081510253{-72266683} 5 42 21.0 0.0 0.0 0.03351038900171848 0
68021.0 12802.0 0.38158100296828623 5 42 21.0 0.0 0.38158100296828623 0
11 ec.gp.GPIndividual@1749721614{516883329} 0.0 59408.0 8160.0 0.25392156862745097 11 ec.gp.GPIndividual@965743810{1502763737} 5 43 21.0 0.0 0.0 0.25392156862745097 0
56084.0 10087.0 0.22652919599484486 5 42 21.0 0.0 0.22652919599484486 0
11 ec.gp.GPIndividual@1817891483{297578839} 0.0 11 ec.gp.GPIndividual@986849872{1491126130} 62595.0 10054.0 0.025122549019607844 0.0 5 39 21.0 0.0 0.025122549019607844 0
56389.0 10054.0 0.28257409986075194 5 21 21.0 0.0 0.28257409986075194 0
11 ec.gp.GPIndividual@965743810{1502763737} 0.0 56084.0 8317.0 0.4875556089936275 5 42 21.0 0.0 0.4875556089936275 0
11 ec.gp.GPIndividual@1749721614{516883329} 0.0 11 ec.gp.GPIndividual@2081510253{-72266683} 60026.0 12802.0 0.15247617559756288 0.0 5 43 21.0 0.0 68234.0 10087.0 0.19401209477545356 0.15247617559756288 0
5 42 21.0 0.0 0.19401209477545356 0
11 ec.gp.GPIndividual@1749721614{516883329} 0.0 59421.0 10087.0 0.01566372558738971 11 ec.gp.GPIndividual@1817891483{297578839} 5 43 21.0 0.0 0.0 0.01566372558738971 0
63708.0 12802.0 0.29167317606623966 5 39 21.0 0.0 0.29167317606623966 0
11 ec.gp.GPIndividual@2081510253{-72266683} 11 ec.gp.GPIndividual@1749721614{516883329} 0.0 0.0 59408.0 8317.0 0.2302512925333654 68871.0 8317.0 0.054106047853793436 5 43 21.0 0.0 5 42 21.0 0.0 0.2302512925333654 0
0.054106047853793436 0
11 ec.gp.GPIndividual@771727708{-1317386090} 0.0 59409.0 10054.0 0.01780385916053312 5 39 21.0 0.0 0.01780385916053312 0
11 ec.gp.GPIndividual@2136263828{-641129462} 0.0 11 ec.gp.GPIndividual@1817891483{297578839} 87488.0 10054.0 0.4501690869305749 0.0 5 27 21.0 0.0 62609.0 10054.0 0.20997323287399625 0.4501690869305749 0
5 39 21.0 0.0 0.20997323287399625 0
11 ec.gp.GPIndividual@771727708{-1317386090} 0.0 59409.0 8387.0 0.2201025396446882 5 39 21.0 0.0 0.2201025396446882 0
11 ec.gp.GPIndividual@2136263828{-641129462} 0.0 87488.0 8387.0 0.3408847025157983 5 27 21.0 0.0 0.3408847025157983 0
11 ec.gp.GPIndividual@771727708{-1317386090} 0.0 60038.0 14578.0 0.25490465084373715 5 39 21.0 0.0 0.25490465084373715 0
11 ec.gp.GPIndividual@2136263828{-641129462} 0.0 88105.0 14578.0 0.5784744134997942 5 27 21.0 0.0 0.5784744134997942 0
11 ec.gp.GPIndividual@1817891483{297578839} 0.0 62595.0 8317.0 0.043525309606829383 5 39 21.0 0.0 0.043525309606829383 0
11 ec.gp.GPIndividual@771727708{-1317386090} 0.0 59421.0 10861.0 0.05671669275389007 5 39 21.0 0.0 0.05671669275389007 0
11 ec.gp.GPIndividual@2136263828{-641129462} 0.0 87488.0 10861.0 0.49102292606573983 5 27 21.0 0.0 0.49102292606573983 0
11 ec.gp.GPIndividual@101330487{360060441} 0.0 59409.0 10054.0 0.01780385916053312 5 41 21.0 0.0 0.01780385916053312 0
11 ec.gp.GPIndividual@771727708{-1317386090} 0.0 59408.0 8160.0 0.25392156862745097 5 39 21.0 0.0 0.25392156862745097 0
11 ec.gp.GPIndividual@2136263828{-641129462} 0.0 87488.0 8160.0 0.32254901960784316 5 27 21.0 0.0 0.32254901960784316 0
11 ec.gp.GPIndividual@101330487{360060441} 0.0 59409.0 8387.0 0.2201025396446882 5 41 21.0 0.0 0.2201025396446882 0
11 ec.gp.GPIndividual@771727708{-1317386090} 0.0 60026.0 12802.0 0.15247617559756288 5 39 21.0 0.0 0.15247617559756288 0
11 ec.gp.GPIndividual@2136263828{-641129462} 0.0 87522.0 12802.0 0.5655366349007968 5 27 21.0 0.0 0.5655366349007968 0
11 ec.gp.GPIndividual@101330487{360060441} 0.0 60038.0 14578.0 0.25490465084373715 5 41 21.0 0.0 0.25490465084373715 0
11 ec.gp.GPIndividual@771727708{-1317386090} 0.0 59421.0 10087.0 0.01566372558738971 5 39 21.0 0.0 0.01566372558738971 0
11 ec.gp.GPIndividual@2136263828{-641129462} 0.0 87488.0 10087.0 0.45196787944879546 5 27 21.0 0.0 0.45196787944879546 0
11 ec.gp.GPIndividual@101330487{360060441} 0.0 59421.0 10861.0 0.05671669275389007 5 41 21.0 0.0 0.05671669275389007 0
11 ec.gp.GPIndividual@771727708{-1317386090} 0.0 59408.0 8317.0 0.2302512925333654 5 39 21.0 0.0 0.2302512925333654 0
11 ec.gp.GPIndividual@2136263828{-641129462} 0.0 87488.0 8317.0 0.335337261031622 5 27 21.0 0.0 0.335337261031622 0
11 ec.gp.GPIndividual@101330487{360060441} 0.0 59408.0 8160.0 0.25392156862745097 5 41 21.0 0.0 0.25392156862745097 0
11 ec.gp.GPIndividual@82196246{-331769227} 0.0 58911.0 10054.0 0.03172866520787746 5 42 21.0 0.0 0.03172866520787746 0
11 ec.gp.GPIndividual@101330487{360060441} 0.0 60026.0 12802.0 0.15247617559756288 5 41 21.0 0.0 0.15247617559756288 0
11 ec.gp.GPIndividual@82196246{-331769227} 0.0 58911.0 8387.0 0.16072493144151664 5 42 21.0 0.0 0.16072493144151664 0
11 ec.gp.GPIndividual@101330487{360060441} 0.0 59421.0 10087.0 0.01566372558738971 5 41 21.0 0.0 0.01566372558738971 0
11 ec.gp.GPIndividual@82196246{-331769227} 0.0 58622.0 14578.0 0.3520373165043216 5 42 21.0 0.0 0.3520373165043216 0
11 ec.gp.GPIndividual@101330487{360060441} 0.0 11 ec.gp.GPIndividual@82196246{-331769227} 59408.0 10861.0 0.2302512925333654 0.0 5 41 21.0 0.0 58911.0 10861.0 0.1036736948715588 0.2302512925333654 0
5 42 21.0 0.0 0.1036736948715588 0
11 ec.gp.GPIndividual@82196246{-331769227} 0.0 58911.0 8160.0 0.19301470588235295 5 42 21.0 0.0 0.19301470588235295 0
11 ec.gp.GPIndividual@82196246{-331769227} 0.0 59042.0 12802.0 0.22933916575535074 5 42 21.0 0.0 0.22933916575535074 0
11 ec.gp.GPIndividual@82196246{-331769227} 0.0 58911.0 10087.0 0.03489640130861505 5 42 21.0 0.0 0.03489640130861505 0
11 ec.gp.GPIndividual@986849872{1491126130} 1.0 40512.0 8387.0 0.078573983545964 5 21 21.0 0.0 0.078573983545964 0
11 ec.gp.GPIndividual@82196246{-331769227} 0.0 58911.0 8317.0 0.17049416857039798 5 42 21.0 0.0 0.17049416857039798 0
11 ec.gp.GPIndividual@1616293100{-984029908} 0.0 61237.0 10054.0 0.19962204097871494 5 35 21.0 0.0 0.19962204097871494 0
11 ec.gp.GPIndividual@1616293100{-984029908} 0.0 61311.0 8387.0 0.4468820794086086 5 35 21.0 0.0 0.4468820794086086 0
11 ec.gp.GPIndividual@986849872{1491126130} 0.0 74146.0 14578.0 0.4115790917821375 5 21 21.0 0.0 0.4115790917821375 0
11 ec.gp.GPIndividual@1616293100{-984029908} 0.0 60983.0 14578.0 0.1900809438880505 5 35 21.0 0.0 0.1900809438880505 0
11 ec.gp.GPIndividual@1616293100{-984029908} 0.0 60876.0 10861.0 0.07724887211122364 5 35 21.0 0.0 0.07724887211122364 0
11 ec.gp.GPIndividual@1616293100{-984029908} 0.0 61236.0 8160.0 0.47794117647058826 5 35 21.0 0.0 0.47794117647058826 0
11 ec.gp.GPIndividual@1616293100{-984029908} 0.0 60971.0 12802.0 0.07865958443993126 5 35 21.0 0.0 0.07865958443993126 0
11 ec.gp.GPIndividual@1616293100{-984029908} 0.0 60876.0 10087.0 0.15990879349657974 5 35 21.0 0.0 0.15990879349657974 0
11 ec.gp.GPIndividual@1616293100{-984029908} 0.0 61236.0 8317.0 0.45004208248166405 5 35 21.0 0.0 0.45004208248166405 0
11 ec.gp.GPIndividual@380244400{1186193015} 0.0 64164.0 10054.0 0.052715337179232144 5 33 21.0 0.0 0.052715337179232144 0
11 ec.gp.GPIndividual@380244400{1186193015} 0.0 64130.0 8387.0 0.131513055919876 5 33 21.0 0.0 0.131513055919876 0
11 ec.gp.GPIndividual@380244400{1186193015} 0.0 63488.0 14578.0 0.3930580326519413 5 33 21.0 0.0 0.3930580326519413 0
11 ec.gp.GPIndividual@986849872{1491126130} 0.0 56401.0 10861.0 0.3347758033330264 5 21 21.0 0.0 0.3347758033330264 0
11 ec.gp.GPIndividual@380244400{1186193015} 0.0 64204.0 10861.0 0.1194181014639536 5 33 21.0 0.0 0.1194181014639536 0
11 ec.gp.GPIndividual@380244400{1186193015} 0.0 63792.0 8160.0 0.12156862745098039 5 33 21.0 0.0 0.12156862745098039 0
11 ec.gp.GPIndividual@380244400{1186193015} 0.0 63086.0 12802.0 0.34025933447898765 5 33 21.0 0.0 0.34025933447898765 0
11 ec.gp.GPIndividual@380244400{1186193015} 0.0 64204.0 10087.0 0.051848914444334294 5 33 21.0 0.0 0.051848914444334294 0
11 ec.gp.GPIndividual@380244400{1186193015} 0.0 63792.0 8317.0 0.10039677768426115 5 33 21.0 0.0 0.10039677768426115 0
11 ec.gp.GPIndividual@1329811357{-354592983} 0.0 96343.0 10054.0 0.6563556793316093 4 9 21.0 0.0 0.6563556793316093 0
11 ec.gp.GPIndividual@1329811357{-354592983} 0.0 96343.0 8387.0 0.5880529390723739 4 9 21.0 0.0 0.5880529390723739 0
11 ec.gp.GPIndividual@1329811357{-354592983} 0.0 95900.0 14578.0 0.7933872959253669 4 9 21.0 0.0 0.7933872959253669 0
11 ec.gp.GPIndividual@1329811357{-354592983} 0.0 95726.0 10861.0 0.7386980940981493 4 9 21.0 0.0 0.7386980940981493 0
11 ec.gp.GPIndividual@1329811357{-354592983} 0.0 96343.0 8160.0 0.5765931372549019 4 9 21.0 0.0 0.5765931372549019 0
11 ec.gp.GPIndividual@1329811357{-354592983} 0.0 95726.0 12802.0 0.7783158881424778 4 9 21.0 0.0 0.7783158881424778 0
11 ec.gp.GPIndividual@1329811357{-354592983} 0.0 95726.0 10087.0 0.7186477644492911 4 9 21.0 0.0 0.7186477644492911 0
11 ec.gp.GPIndividual@1329811357{-354592983} 0.0 96343.0 8317.0 0.5845857881447637 4 9 21.0 0.0 0.5845857881447637 0
11 ec.gp.GPIndividual@986849872{1491126130} 1.0 29597.0 8160.0 0.05134803921568627 5 21 21.0 0.0 0.05134803921568627 0
11 ec.gp.GPIndividual@986849872{1491126130} 0.0 63116.0 12802.0 0.3379159506327136 5 21 21.0 0.0 0.3379159506327136 0
11 ec.gp.GPIndividual@986849872{1491126130} 0.0 56401.0 10087.0 0.2837315356399326 5 21 21.0 0.0 0.2837315356399326 0
11 ec.gp.GPIndividual@986849872{1491126130} 1.0 40751.0 8317.0 0.04208248166406156 5 21 21.0 0.0 0.04208248166406156 0
12 ec.gp.GPIndividual@701279749{1125995875} 0.0 83219.0 10054.0 0.33131092102645715 5 25 21.0 0.0 0.33131092102645715 0
12 ec.gp.GPIndividual@701279749{1125995875} 0.0 83219.0 8387.0 0.19840228925718373 5 25 21.0 0.0 0.19840228925718373 0
12 ec.gp.GPIndividual@67180884{2117143928} 0.0 60354.0 10054.0 0.11179629998010741 5 28 21.0 0.0 0.11179629998010741 0
12 ec.gp.GPIndividual@701279749{1125995875} 0.0 83232.0 14578.0 0.5379338729592537 5 25 21.0 0.0 0.5379338729592537 0
12 ec.gp.GPIndividual@920103900{736127112} 12 ec.gp.GPIndividual@2049478628{440360645} 0.0 12 ec.gp.GPIndividual@804275879{-740651432} 0.0 12 ec.gp.GPIndividual@1495609992{306223819} 0.0 0.0 59409.0 10054.0 0.01780385916053312 59409.0 10054.0 0.01780385916053312 59409.0 10054.0 0.01780385916053312 5 35 21.0 0.0 5 43 21.0 0.0 63757.0 10054.0 0.0931967376168689 5 44 21.0 0.0 5 36 21.0 0.0 0.01780385916053312 0
0.0931967376168689 0
12 ec.gp.GPIndividual@701279749{1125995875} 0.0 0.01780385916053312 0
0.01780385916053312 0
83219.0 8387.0 0.38099622502531993 5 25 21.0 0.0 12 ec.gp.GPIndividual@67180884{2117143928} 0.38099622502531993 0
12 ec.gp.GPIndividual@920103900{736127112} 0.0 0.0 59409.0 8387.0 0.2201025396446882 5 35 21.0 0.0 60354.0 8387.0 0.33277691665673065 0.2201025396446882 0
12 ec.gp.GPIndividual@1495609992{306223819} 0.0 5 28 21.0 0.0 63757.0 8387.0 0.08703946583999046 12 ec.gp.GPIndividual@2049478628{440360645} 0.0 0.33277691665673065 0
12 ec.gp.GPIndividual@804275879{-740651432} 0.0 59409.0 8160.0 0.2201025396446882 59409.0 8387.0 0.2201025396446882 5 43 21.0 0.0 5 44 21.0 0.0 5 36 21.0 0.0 0.2201025396446882 0
12 ec.gp.GPIndividual@701279749{1125995875} 0.0 83219.0 8387.0 0.1761029411764706 5 25 21.0 0.0 0.08703946583999046 0
0.2201025396446882 0
0.1761029411764706 0
12 ec.gp.GPIndividual@920103900{736127112} 0.0 60038.0 14578.0 0.25490465084373715 5 35 21.0 0.0 0.25490465084373715 0
12 ec.gp.GPIndividual@67180884{2117143928} 0.0 60983.0 14578.0 0.1900809438880505 12 ec.gp.GPIndividual@701279749{1125995875} 5 28 21.0 0.0 0.0 0.1900809438880505 0
83220.0 12802.0 0.4747695672551164 12 ec.gp.GPIndividual@1495609992{306223819} 5 25 21.0 0.0 0.4747695672551164 0
12 ec.gp.GPIndividual@2049478628{440360645} 0.0 60038.0 14578.0 0.25490465084373715 0.0 5 43 21.0 0.0 0.25490465084373715 0
12 ec.gp.GPIndividual@804275879{-740651432} 12 ec.gp.GPIndividual@701279749{1125995875} 0.0 0.0 83219.0 10087.0 0.3334985625061961 64386.0 14578.0 0.3314583619152147 5 25 21.0 0.0 60038.0 10087.0 0.25490465084373715 0.3334985625061961 0
12 ec.gp.GPIndividual@920103900{736127112} 0.0 12 ec.gp.GPIndividual@67180884{2117143928} 5 44 21.0 0.0 0.0 59421.0 10861.0 0.05671669275389007 0.25490465084373715 0
5 36 21.0 0.0 0.3314583619152147 0
12 ec.gp.GPIndividual@701279749{1125995875} 0.0 83219.0 8317.0 0.19165564506432609 5 35 21.0 0.0 5 25 21.0 0.0 12 ec.gp.GPIndividual@2049478628{440360645} 0.19165564506432609 0
60366.0 10861.0 0.03029186999355492 5 28 21.0 0.0 0.0 0.03029186999355492 0
0.05671669275389007 0
59421.0 10861.0 0.05671669275389007 5 43 21.0 0.0 0.05671669275389007 0
12 ec.gp.GPIndividual@1495609992{306223819} 0.0 63769.0 10861.0 0.15946966209372987 5 36 21.0 0.0 0.15946966209372987 0
12 ec.gp.GPIndividual@1530135047{-2126270036} 0.0 59580.0 10054.0 0.03481201511836085 5 40 21.0 0.0 0.03481201511836085 0
12 ec.gp.GPIndividual@804275879{-740651432} 0.0 59421.0 10861.0 0.05671669275389007 5 44 21.0 0.0 0.05671669275389007 0
12 ec.gp.GPIndividual@67180884{2117143928} 0.0 60353.0 8160.0 0.36973039215686276 5 28 21.0 0.0 0.36973039215686276 0
12 ec.gp.GPIndividual@2049478628{440360645} 0.0 12 ec.gp.GPIndividual@920103900{736127112} 59408.0 8160.0 0.25392156862745097 0.0 5 43 21.0 0.0 0.25392156862745097 0
59408.0 8160.0 0.25392156862745097 5 35 21.0 0.0 0.25392156862745097 0
12 ec.gp.GPIndividual@1530135047{-2126270036} 0.0 59580.0 8387.0 0.24049123643734352 5 40 21.0 0.0 0.24049123643734352 0
12 ec.gp.GPIndividual@1495609992{306223819} 0.0 63755.0 8160.0 0.1170343137254902 5 36 21.0 0.0 0.1170343137254902 0
12 ec.gp.GPIndividual@67180884{2117143928} 12 ec.gp.GPIndividual@804275879{-740651432} 0.0 0.0 60971.0 8160.0 0.07865958443993126 59408.0 8160.0 0.25392156862745097 5 28 21.0 0.0 12 ec.gp.GPIndividual@2049478628{440360645} 5 44 21.0 0.0 0.0 0.07865958443993126 0
12 ec.gp.GPIndividual@920103900{736127112} 60026.0 12802.0 0.15247617559756288 0.0 12 ec.gp.GPIndividual@1530135047{-2126270036} 5 43 21.0 0.0 0.0 0.25392156862745097 0
58622.0 14578.0 0.3520373165043216 5 40 21.0 0.0 0.3520373165043216 0
60026.0 14578.0 0.15247617559756288 5 35 21.0 0.0 0.15247617559756288 0
0.15247617559756288 0
12 ec.gp.GPIndividual@1495609992{306223819} 0.0 12 ec.gp.GPIndividual@67180884{2117143928} 0.0 64374.0 10087.0 0.23965005467895642 60366.0 10087.0 0.109348666600575 5 28 21.0 0.0 5 36 21.0 0.0 0.109348666600575 0
12 ec.gp.GPIndividual@804275879{-740651432} 0.0 60026.0 12802.0 0.15247617559756288 0.23965005467895642 0
5 44 21.0 0.0 0.15247617559756288 0
12 ec.gp.GPIndividual@1530135047{-2126270036} 0.0 58911.0 10087.0 0.1036736948715588 12 ec.gp.GPIndividual@920103900{736127112} 12 ec.gp.GPIndividual@2049478628{440360645} 5 40 21.0 0.0 0.0 0.0 0.1036736948715588 0
59421.0 10087.0 0.01566372558738971 5 35 21.0 0.0 59421.0 10087.0 0.01566372558738971 0.01566372558738971 0
12 ec.gp.GPIndividual@67180884{2117143928} 0.0 5 43 21.0 0.0 60353.0 8317.0 0.3438739930263316 5 28 21.0 0.0 0.01566372558738971 0
0.3438739930263316 0
12 ec.gp.GPIndividual@804275879{-740651432} 0.0 59421.0 10087.0 0.01566372558738971 5 44 21.0 0.0 0.01566372558738971 0
12 ec.gp.GPIndividual@1495609992{306223819} 0.0 12 ec.gp.GPIndividual@1530135047{-2126270036} 0.0 63769.0 10087.0 0.09497372856151481 59580.0 10087.0 0.275 5 36 21.0 0.0 5 40 21.0 0.0 0.275 0
0.09497372856151481 0
12 ec.gp.GPIndividual@920103900{736127112} 0.0 59408.0 8317.0 0.2302512925333654 5 35 21.0 0.0 0.2302512925333654 0
12 ec.gp.GPIndividual@1445127294{1127451488} 12 ec.gp.GPIndividual@2049478628{440360645} 0.0 0.0 64164.0 8317.0 0.052715337179232144 59408.0 8317.0 0.2302512925333654 5 41 21.0 0.0 5 43 21.0 0.0 0.052715337179232144 0
0.2302512925333654 0
12 ec.gp.GPIndividual@804275879{-740651432} 0.0 12 ec.gp.GPIndividual@1530135047{-2126270036} 0.0 59408.0 12802.0 0.2302512925333654 59321.0 12802.0 0.20754569598500233 5 44 21.0 0.0 5 40 21.0 0.0 0.20754569598500233 0
0.2302512925333654 0
12 ec.gp.GPIndividual@330104542{-539149841} 0.0 64164.0 10054.0 0.052715337179232144 5 38 21.0 0.0 0.052715337179232144 0
12 ec.gp.GPIndividual@1445127294{1127451488} 0.0 64130.0 8387.0 0.131513055919876 5 41 21.0 0.0 0.131513055919876 0
12 ec.gp.GPIndividual@1495609992{306223819} 0.0 63755.0 8317.0 0.09594805819406035 5 36 21.0 0.0 0.09594805819406035 0
12 ec.gp.GPIndividual@801926529{795877315} 0.0 59409.0 10054.0 0.01780385916053312 12 ec.gp.GPIndividual@1530135047{-2126270036} 5 44 21.0 0.0 0.0 12 ec.gp.GPIndividual@330104542{-539149841} 0.01780385916053312 0
12 ec.gp.GPIndividual@1445127294{1127451488} 0.0 63488.0 14578.0 0.3930580326519413 12 ec.gp.GPIndividual@2118827669{-2075959672} 5 41 21.0 0.0 0.0 59354.0 8387.0 0.009021512838306732 0.3930580326519413 0
0.0 64130.0 14578.0 0.131513055919876 5 40 21.0 0.0 5 38 21.0 0.0 0.131513055919876 0
64425.0 14578.0 0.02675552019096877 5 33 21.0 0.0 0.02675552019096877 0
12 ec.gp.GPIndividual@1066924199{-121770881} 0.0 0.009021512838306732 0
12 ec.gp.GPIndividual@1445127294{1127451488} 0.0 64204.0 10861.0 0.1194181014639536 12 ec.gp.GPIndividual@801926529{795877315} 5 41 21.0 0.0 0.0 59409.0 10861.0 0.2201025396446882 5 44 21.0 0.0 0.1194181014639536 0
69883.0 10054.0 0.02735229759299781 5 21 21.0 0.0 0.02735229759299781 0
12 ec.gp.GPIndividual@330104542{-539149841} 0.0 0.2201025396446882 0
12 ec.gp.GPIndividual@1530135047{-2126270036} 0.0 59580.0 8317.0 0.25093182637970424 12 ec.gp.GPIndividual@2118827669{-2075959672} 5 40 21.0 0.0 0.25093182637970424 0
12 ec.gp.GPIndividual@1445127294{1127451488} 0.0 63792.0 8160.0 0.12156862745098039 63488.0 14578.0 0.3930580326519413 5 41 21.0 0.0 5 38 21.0 0.0 0.12156862745098039 0
0.0 64499.0 8160.0 0.17550971741981639 5 33 21.0 0.0 0.3930580326519413 0
12 ec.gp.GPIndividual@1066924199{-121770881} 0.0 69957.0 8387.0 0.17479432454989866 0.17550971741981639 0
5 21 21.0 0.0 0.17479432454989866 0
12 ec.gp.GPIndividual@1445127294{1127451488} 0.0 12 ec.gp.GPIndividual@801926529{795877315} 0.0 63086.0 12802.0 0.34025933447898765 12 ec.gp.GPIndividual@133467696{-740651432} 5 41 21.0 0.0 0.0 60038.0 10054.0 0.25490465084373715 0.34025933447898765 0
12 ec.gp.GPIndividual@330104542{-539149841} 0.0 59409.0 10054.0 0.01780385916053312 64204.0 10861.0 0.1194181014639536 5 44 21.0 0.0 5 38 21.0 0.0 0.01780385916053312 0
5 44 21.0 0.0 0.25490465084373715 0
0.1194181014639536 0
12 ec.gp.GPIndividual@1445127294{1127451488} 0.0 12 ec.gp.GPIndividual@1066924199{-121770881} 64204.0 10087.0 0.051848914444334294 5 41 21.0 0.0 0.0 12 ec.gp.GPIndividual@2118827669{-2075959672} 0.051848914444334294 0
0.0 64759.0 10087.0 0.30587186170942515 69847.0 10087.0 0.3316641514611058 5 33 21.0 0.0 5 21 21.0 0.0 0.30587186170942515 0
0.3316641514611058 0
12 ec.gp.GPIndividual@133467696{-740651432} 0.0 59409.0 8387.0 0.2201025396446882 5 44 21.0 0.0 0.2201025396446882 0
12 ec.gp.GPIndividual@801926529{795877315} 0.0 12 ec.gp.GPIndividual@330104542{-539149841} 0.0 59421.0 10861.0 0.05671669275389007 5 44 21.0 0.0 12 ec.gp.GPIndividual@1445127294{1127451488} 63792.0 10861.0 0.12156862745098039 0.05671669275389007 0
0.0 63792.0 8317.0 0.10039677768426115 5 38 21.0 0.0 5 41 21.0 0.0 0.12156862745098039 0
0.10039677768426115 0
12 ec.gp.GPIndividual@1066924199{-121770881} 0.0 12 ec.gp.GPIndividual@2118827669{-2075959672} 69522.0 10861.0 0.1328606942270509 0.0 5 21 21.0 0.0 12 ec.gp.GPIndividual@1817590315{-617504161} 0.0 64302.0 10054.0 0.11039499125310745 0.1328606942270509 0
104262.0 10054.0 0.9556395464491745 12 ec.gp.GPIndividual@133467696{-740651432} 0.0 2 4 21.0 0.0 5 33 21.0 0.0 60038.0 14578.0 0.25490465084373715 0.11039499125310745 0
5 44 21.0 0.0 12 ec.gp.GPIndividual@801926529{795877315} 12 ec.gp.GPIndividual@330104542{-539149841} 0.9556395464491745 0
0.0 12 ec.gp.GPIndividual@1817590315{-617504161} 0.25490465084373715 0
0.0 63086.0 8387.0 0.34025933447898765 59408.0 8387.0 0.25392156862745097 12 ec.gp.GPIndividual@1066924199{-121770881} 5 38 21.0 0.0 0.0 5 44 21.0 0.0 0.0 0.34025933447898765 0
104262.0 8160.0 0.9468224633361154 12 ec.gp.GPIndividual@2118827669{-2075959672} 2 4 21.0 0.0 0.0 0.9468224633361154 0
0.25392156862745097 0
69882.0 8160.0 0.19828431372549019 5 21 21.0 0.0 0.19828431372549019 0
12 ec.gp.GPIndividual@1817590315{-617504161} 12 ec.gp.GPIndividual@133467696{-740651432} 0.0 0.0 59421.0 10861.0 0.05671669275389007 63755.0 8160.0 0.1170343137254902 104262.0 10861.0 0.9694059541775277 5 44 21.0 0.0 12 ec.gp.GPIndividual@330104542{-539149841} 5 33 21.0 0.0 2 4 21.0 0.0 0.05671669275389007 0
0.1170343137254902 0
0.9694059541775277 0
0.0 12 ec.gp.GPIndividual@1817590315{-617504161} 64204.0 10087.0 0.051848914444334294 0.0 5 38 21.0 0.0 12 ec.gp.GPIndividual@801926529{795877315} 0.0 0.051848914444334294 0
12 ec.gp.GPIndividual@1066924199{-121770881} 0.0 69835.0 12802.0 0.2398843930635838 60026.0 12802.0 0.15247617559756288 5 21 21.0 0.0 5 44 21.0 0.0 0.2398843930635838 0
12 ec.gp.GPIndividual@133467696{-740651432} 0.0 59408.0 8160.0 0.25392156862745097 104262.0 12802.0 0.9589356412853328 5 44 21.0 0.0 0.15247617559756288 0
2 4 21.0 0.0 0.9589356412853328 0
12 ec.gp.GPIndividual@2118827669{-2075959672} 0.0 12 ec.gp.GPIndividual@1817590315{-617504161} 0.25392156862745097 0
0.0 104262.0 8160.0 0.9453431372549019 64747.0 8160.0 0.21051398219028278 2 4 21.0 0.0 0.9453431372549019 0
12 ec.gp.GPIndividual@330104542{-539149841} 12 ec.gp.GPIndividual@1817590315{-617504161} 0.0 0.0 12 ec.gp.GPIndividual@1066924199{-121770881} 104262.0 12802.0 0.9651616934853929 63792.0 12802.0 0.10039677768426115 2 4 21.0 0.0 0.0 0.9651616934853929 0
5 33 21.0 0.0 12 ec.gp.GPIndividual@1817590315{-617504161} 0.0 0.21051398219028278 0
69522.0 12802.0 0.06632298998711213 5 21 21.0 0.0 5 38 21.0 0.0 0.06632298998711213 0
12 ec.gp.GPIndividual@133467696{-740651432} 0.0 0.10039677768426115 0
104262.0 10087.0 0.9557846733419253 2 4 21.0 0.0 0.9557846733419253 0
12 ec.gp.GPIndividual@801926529{795877315} 0.0 12 ec.gp.GPIndividual@1817590315{-617504161} 60026.0 12802.0 0.15247617559756288 0.0 5 44 21.0 0.0 59421.0 8317.0 0.01566372558738971 104262.0 8317.0 0.9463748947937959 12 ec.gp.GPIndividual@2118827669{-2075959672} 0.15247617559756288 0
2 4 21.0 0.0 12 ec.gp.GPIndividual@1066924199{-121770881} 0.0 0.9463748947937959 0
5 44 21.0 0.0 0.01566372558738971 0
64302.0 10054.0 0.042133439080003963 5 33 21.0 0.0 0.0 0.042133439080003963 0
12 ec.gp.GPIndividual@1300256606{-1646529551} 0.0 69882.0 10054.0 0.1756643020319827 64372.0 10054.0 0.03202705390889198 5 21 21.0 0.0 5 42 21.0 0.0 0.1756643020319827 0
0.03202705390889198 0
12 ec.gp.GPIndividual@997906944{-1179857771} 12 ec.gp.GPIndividual@133467696{-740651432} 12 ec.gp.GPIndividual@49309577{-707406919} 0.0 0.0 59421.0 10054.0 0.01566372558738971 5 44 21.0 0.0 0.0 12 ec.gp.GPIndividual@801926529{795877315} 90708.0 10054.0 0.673363835289437 0.0 0.01566372558738971 0
59408.0 8317.0 0.2302512925333654 12 ec.gp.GPIndividual@2118827669{-2075959672} 5 44 21.0 0.0 0.0 66065.0 8317.0 0.13636363636363635 0.2302512925333654 0
5 21 21.0 0.0 0.673363835289437 0
63755.0 8317.0 0.09594805819406035 5 33 21.0 0.0 5 41 21.0 0.0 0.09594805819406035 0
12 ec.gp.GPIndividual@49309577{-707406919} 0.0 90708.0 8387.0 0.6084416358650292 5 21 21.0 0.0 12 ec.gp.GPIndividual@1300256606{-1646529551} 0.6084416358650292 0
0.0 64372.0 8387.0 0.16036723500655778 5 42 21.0 0.0 0.16036723500655778 0
12 ec.gp.GPIndividual@49309577{-707406919} 0.0 90882.0 14578.0 0.7627932501028948 0.13636363636363635 0
5 21 21.0 0.0 12 ec.gp.GPIndividual@1773002329{-954263437} 0.0 0.7627932501028948 0
12 ec.gp.GPIndividual@133467696{-740651432} 0.0 59408.0 10054.0 0.2302512925333654 61532.0 10054.0 0.22896359657847623 5 44 21.0 0.0 5 34 21.0 0.0 0.22896359657847623 0
12 ec.gp.GPIndividual@957091696{1841329313} 0.0 64372.0 10861.0 0.03202705390889198 5 39 21.0 0.0 12 ec.gp.GPIndividual@49309577{-707406919} 0.03202705390889198 0
12 ec.gp.GPIndividual@997906944{-1179857771} 0.0 12 ec.gp.GPIndividual@1300256606{-1646529551} 66065.0 8387.0 0.36222725646834386 5 41 21.0 0.0 0.0 0.2302512925333654 0
64407.0 8387.0 0.33001783509397725 5 42 21.0 0.0 0.33001783509397725 0
0.36222725646834386 0
0.0 12 ec.gp.GPIndividual@957091696{1841329313} 90708.0 8387.0 0.6976337353834822 0.0 5 21 21.0 0.0 12 ec.gp.GPIndividual@1773002329{-954263437} 0.6976337353834822 0
0.0 61532.0 8387.0 0.4732323834505783 64372.0 8387.0 0.16036723500655778 5 34 21.0 0.0 5 39 21.0 0.0 0.4732323834505783 0
12 ec.gp.GPIndividual@49309577{-707406919} 12 ec.gp.GPIndividual@740289596{1896233751} 12 ec.gp.GPIndividual@997906944{-1179857771} 0.0 0.0 0.0 90708.0 14578.0 0.5975490196078431 59409.0 14578.0 0.01780385916053312 5 21 21.0 0.0 12 ec.gp.GPIndividual@1300256606{-1646529551} 5 42 21.0 0.0 66065.0 14578.0 0.21628481273151323 0.5975490196078431 0
0.16036723500655778 0
5 41 21.0 0.0 12 ec.gp.GPIndividual@49309577{-707406919} 0.21628481273151323 0
0.01780385916053312 0
0.0 64372.0 12802.0 0.10394991253107448 0.0 5 42 21.0 0.0 0.10394991253107448 0
12 ec.gp.GPIndividual@1773002329{-954263437} 12 ec.gp.GPIndividual@957091696{1841329313} 0.0 90708.0 12802.0 0.7434775816278707 0.0 5 21 21.0 0.0 60970.0 14578.0 0.1909726985869118 5 34 21.0 0.0 0.7434775816278707 0
12 ec.gp.GPIndividual@997906944{-1179857771} 0.0 66065.0 10861.0 0.05192891998895129 0.1909726985869118 0
64407.0 14578.0 0.33001783509397725 5 39 21.0 0.0 0.33001783509397725 0
12 ec.gp.GPIndividual@1300256606{-1646529551} 12 ec.gp.GPIndividual@740289596{1896233751} 0.0 0.0 12 ec.gp.GPIndividual@49309577{-707406919} 64372.0 8160.0 0.19264705882352942 59409.0 8160.0 0.2201025396446882 0.0 5 41 21.0 0.0 5 42 21.0 0.0 5 42 21.0 0.0 0.05192891998895129 0
90708.0 8160.0 0.6744324377912164 5 21 21.0 0.0 0.6744324377912164 0
0.2201025396446882 0
12 ec.gp.GPIndividual@957091696{1841329313} 12 ec.gp.GPIndividual@49309577{-707406919} 0.0 0.0 0.19264705882352942 0
12 ec.gp.GPIndividual@1773002329{-954263437} 0.0 64372.0 8317.0 0.10394991253107448 60559.0 10861.0 0.04806187275573152 5 39 21.0 0.0 5 34 21.0 0.0 90708.0 8317.0 0.6051460863292052 0.10394991253107448 0
12 ec.gp.GPIndividual@997906944{-1179857771} 0.0 66065.0 8160.0 0.40012254901960786 5 21 21.0 0.0 5 41 21.0 0.0 0.6051460863292052 0
0.04806187275573152 0
12 ec.gp.GPIndividual@1300256606{-1646529551} 0.0 12 ec.gp.GPIndividual@740289596{1896233751} 0.40012254901960786 0
12 ec.gp.GPIndividual@957091696{1841329313} 0.0 64372.0 8160.0 0.19264705882352942 5 39 21.0 0.0 0.0 0.19264705882352942 0
64374.0 14578.0 0.23965005467895642 5 42 21.0 0.0 0.23965005467895642 0
12 ec.gp.GPIndividual@1381352394{950763158} 0.0 60038.0 8160.0 0.25490465084373715 68576.0 10054.0 0.15735030833499106 5 37 21.0 0.0 5 42 21.0 0.0 0.15735030833499106 0
12 ec.gp.GPIndividual@997906944{-1179857771} 12 ec.gp.GPIndividual@1773002329{-954263437} 0.0 66065.0 8160.0 0.1075613185439775 0.0 5 41 21.0 0.0 0.25490465084373715 0
61532.0 8160.0 0.5142156862745098 5 34 21.0 0.0 12 ec.gp.GPIndividual@957091696{1841329313} 0.5142156862745098 0
12 ec.gp.GPIndividual@1381352394{950763158} 0.0 68189.0 8387.0 0.03600810778585907 5 37 21.0 0.0 0.1075613185439775 0
0.03600810778585907 0
12 ec.gp.GPIndividual@1300256606{-1646529551} 0.0 64372.0 8387.0 0.03519381381976802 0.0 5 42 21.0 0.0 64374.0 8387.0 0.23965005467895642 0.03519381381976802 0
5 39 21.0 0.0 0.23965005467895642 0
12 ec.gp.GPIndividual@740289596{1896233751} 0.0 12 ec.gp.GPIndividual@997906944{-1179857771} 59421.0 10861.0 0.05671669275389007 0.0 5 42 21.0 0.0 12 ec.gp.GPIndividual@1381352394{950763158} 0.05671669275389007 0
66065.0 10087.0 0.13264597997422425 5 41 21.0 0.0 0.0 0.13264597997422425 0
12 ec.gp.GPIndividual@957091696{1841329313} 12 ec.gp.GPIndividual@1773002329{-954263437} 0.0 0.0 60970.0 10087.0 0.07873769723480706 64372.0 10087.0 0.03519381381976802 5 34 21.0 0.0 5 39 21.0 0.0 0.03519381381976802 0
68678.0 8317.0 0.41185347784332554 5 37 21.0 0.0 12 ec.gp.GPIndividual@1300256606{-1646529551} 0.41185347784332554 0
0.0 64372.0 10087.0 0.17013346158470602 0.07873769723480706 0
12 ec.gp.GPIndividual@997906944{-1179857771} 12 ec.gp.GPIndividual@740289596{1896233751} 0.0 5 42 21.0 0.0 0.0 66065.0 8160.0 0.3736924371768667 0.17013346158470602 0
12 ec.gp.GPIndividual@957091696{1841329313} 12 ec.gp.GPIndividual@1381352394{950763158} 0.0 0.0 64372.0 10861.0 0.17013346158470602 5 39 21.0 0.0 68091.0 10861.0 0.26461651781603907 5 37 21.0 0.0 5 41 21.0 0.0 0.26461651781603907 0
59408.0 8160.0 0.25392156862745097 5 42 21.0 0.0 0.3736924371768667 0
0.17013346158470602 0
12 ec.gp.GPIndividual@1381352394{950763158} 0.0 67952.0 8160.0 0.03823529411764706 5 37 21.0 0.0 0.25392156862745097 0
12 ec.gp.GPIndividual@1709443845{-1988212532} 0.0 105260.0 10054.0 0.8563755719116769 12 ec.gp.GPIndividual@1773002329{-954263437} 2 3 21.0 0.0 0.0 0.8563755719116769 0
0.03823529411764706 0
12 ec.gp.GPIndividual@1709443845{-1988212532} 0.0 12 ec.gp.GPIndividual@1947171880{1896233751} 105260.0 8387.0 0.8278287826397996 0.0 2 3 21.0 0.0 59409.0 8387.0 0.01780385916053312 0.8278287826397996 0
60559.0 10054.0 0.12848220481808267 5 34 21.0 0.0 12 ec.gp.GPIndividual@1709443845{-1988212532} 0.12848220481808267 0
5 42 21.0 0.0 0.01780385916053312 0
0.0 105260.0 12802.0 0.9009466319110989 2 3 21.0 0.0 12 ec.gp.GPIndividual@1381352394{950763158} 0.9009466319110989 0
12 ec.gp.GPIndividual@740289596{1896233751} 0.0 0.0 12 ec.gp.GPIndividual@1709443845{-1988212532} 0.0 60026.0 12802.0 0.15247617559756288 68104.0 10861.0 0.37509764099359477 105260.0 10861.0 0.8670472332197772 5 42 21.0 0.0 5 37 21.0 0.0 2 3 21.0 0.0 0.15247617559756288 0
0.8670472332197772 0
12 ec.gp.GPIndividual@1773002329{-954263437} 0.0 61532.0 8317.0 0.4856318384032704 5 34 21.0 0.0 0.37509764099359477 0
12 ec.gp.GPIndividual@1947171880{1896233751} 12 ec.gp.GPIndividual@1709443845{-1988212532} 0.0 0.0 105260.0 8387.0 0.8230392156862745 2 3 21.0 0.0 59409.0 8387.0 0.2201025396446882 0.8230392156862745 0
12 ec.gp.GPIndividual@926789506{-169752743} 0.0 12 ec.gp.GPIndividual@1709443845{-1988212532} 0.0 0.4856318384032704 0
105260.0 12802.0 0.8872051241993438 2 3 21.0 0.0 0.8872051241993438 0
12 ec.gp.GPIndividual@740289596{1896233751} 0.0 59421.0 10087.0 0.01566372558738971 52788.0 12802.0 0.09727471653073404 5 42 21.0 0.0 5 45 21.0 0.0 0.09727471653073404 0
5 42 21.0 0.0 0.2201025396446882 0
0.01566372558738971 0
12 ec.gp.GPIndividual@1011305302{-109467854} 0.0 60602.0 10054.0 0.13646309926397454 12 ec.gp.GPIndividual@1709443845{-1988212532} 5 38 21.0 0.0 0.0 105260.0 10054.0 0.8568454446317042 0.13646309926397454 0
12 ec.gp.GPIndividual@1381352394{950763158} 0.0 2 3 21.0 0.0 68091.0 10054.0 0.2081887578070784 0.8568454446317042 0
5 37 21.0 0.0 0.2081887578070784 0
12 ec.gp.GPIndividual@1709443845{-1988212532} 0.0 105260.0 8317.0 0.8263797042202717 2 3 21.0 0.0 12 ec.gp.GPIndividual@1947171880{1896233751} 0.0 0.8263797042202717 0
12 ec.gp.GPIndividual@740289596{1896233751} 12 ec.gp.GPIndividual@1011305302{-109467854} 0.0 0.0 60602.0 8317.0 0.36234648861333013 60038.0 14578.0 0.25490465084373715 5 38 21.0 0.0 5 42 21.0 0.0 0.36234648861333013 0
12 ec.gp.GPIndividual@1381352394{950763158} 0.0 59408.0 8317.0 0.2302512925333654 67952.0 8317.0 0.05639052542984249 5 42 21.0 0.0 0.25490465084373715 0
5 37 21.0 0.0 0.05639052542984249 0
0.2302512925333654 0
12 ec.gp.GPIndividual@1011305302{-109467854} 12 ec.gp.GPIndividual@926789506{-169752743} 0.0 0.0 60615.0 14578.0 0.21532446151735493 52788.0 14578.0 0.08215094789555265 5 38 21.0 0.0 5 45 21.0 0.0 0.21532446151735493 0
0.08215094789555265 0
12 ec.gp.GPIndividual@1947171880{1896233751} 0.0 59421.0 10861.0 0.05671669275389007 5 42 21.0 0.0 0.05671669275389007 0
12 ec.gp.GPIndividual@1011305302{-109467854} 0.0 12 ec.gp.GPIndividual@1617941308{516883329} 0.0 60602.0 10054.0 0.052020992542123196 5 38 21.0 0.0 59409.0 10054.0 0.01780385916053312 5 43 21.0 0.0 0.052020992542123196 0
0.01780385916053312 0
12 ec.gp.GPIndividual@1947171880{1896233751} 0.0 59408.0 8160.0 0.25392156862745097 5 42 21.0 0.0 0.25392156862745097 0
12 ec.gp.GPIndividual@1011305302{-109467854} 0.0 60602.0 8160.0 0.4002450980392157 5 38 21.0 0.0 0.4002450980392157 0
12 ec.gp.GPIndividual@1617941308{516883329} 0.0 59409.0 8387.0 0.2201025396446882 5 43 21.0 0.0 0.2201025396446882 0
12 ec.gp.GPIndividual@1217178720{1194650241} 0.0 68058.0 10054.0 0.2088720907101651 5 33 21.0 0.0 0.2088720907101651 0
12 ec.gp.GPIndividual@926789506{-169752743} 0.0 54576.0 14578.0 0.2547674578131431 5 45 21.0 0.0 0.2547674578131431 0
12 ec.gp.GPIndividual@1011305302{-109467854} 0.0 60603.0 12802.0 0.1074050929542259 12 ec.gp.GPIndividual@1947171880{1896233751} 5 38 21.0 0.0 0.0 0.1074050929542259 0
60026.0 12802.0 0.15247617559756288 5 42 21.0 0.0 0.15247617559756288 0
12 ec.gp.GPIndividual@1617941308{516883329} 0.0 60038.0 14578.0 0.25490465084373715 5 43 21.0 0.0 0.25490465084373715 0
12 ec.gp.GPIndividual@1011305302{-109467854} 0.0 60602.0 10087.0 0.1327451174779419 5 38 21.0 0.0 0.1327451174779419 0
12 ec.gp.GPIndividual@1947171880{1896233751} 0.0 59421.0 10087.0 0.01566372558738971 5 42 21.0 0.0 0.01566372558738971 0
12 ec.gp.GPIndividual@1617941308{516883329} 0.0 12 ec.gp.GPIndividual@1011305302{-109467854} 59421.0 10861.0 0.05671669275389007 0.0 5 43 21.0 0.0 60602.0 8317.0 0.37381267283876396 0.05671669275389007 0
5 38 21.0 0.0 0.37381267283876396 0
12 ec.gp.GPIndividual@926789506{-169752743} 0.0 52800.0 10861.0 0.16324463677377773 5 45 21.0 0.0 0.16324463677377773 0
12 ec.gp.GPIndividual@1947171880{1896233751} 0.0 59408.0 8317.0 0.2302512925333654 5 42 21.0 0.0 0.2302512925333654 0
12 ec.gp.GPIndividual@1617941308{516883329} 0.0 59408.0 8160.0 0.25392156862745097 5 43 21.0 0.0 0.25392156862745097 0
12 ec.gp.GPIndividual@1217178720{1194650241} 0.0 68058.0 8387.0 0.05162751877906283 5 33 21.0 0.0 0.05162751877906283 0
12 ec.gp.GPIndividual@2139992126{1001145182} 0.0 59409.0 10054.0 0.01780385916053312 5 37 21.0 0.0 0.01780385916053312 0
12 ec.gp.GPIndividual@1617941308{516883329} 0.0 60026.0 12802.0 0.15247617559756288 5 43 21.0 0.0 0.15247617559756288 0
12 ec.gp.GPIndividual@926789506{-169752743} 0.0 52786.0 8160.0 0.11200980392156863 5 45 21.0 0.0 0.11200980392156863 0
12 ec.gp.GPIndividual@2139992126{1001145182} 0.0 59409.0 8387.0 0.2201025396446882 5 37 21.0 0.0 0.2201025396446882 0
12 ec.gp.GPIndividual@1617941308{516883329} 0.0 59421.0 10087.0 0.01566372558738971 5 43 21.0 0.0 0.01566372558738971 0
12 ec.gp.GPIndividual@2139992126{1001145182} 0.0 60038.0 14578.0 0.25490465084373715 5 37 21.0 0.0 0.25490465084373715 0
12 ec.gp.GPIndividual@1617941308{516883329} 0.0 59408.0 8317.0 0.2302512925333654 5 43 21.0 0.0 0.2302512925333654 0
12 ec.gp.GPIndividual@1217178720{1194650241} 0.0 68882.0 14578.0 0.39785978872273287 5 33 21.0 0.0 0.39785978872273287 0
12 ec.gp.GPIndividual@926789506{-169752743} 0.0 53899.0 12802.0 0.2042649586002187 5 45 21.0 0.0 0.2042649586002187 0
12 ec.gp.GPIndividual@464572684{824496728} 12 ec.gp.GPIndividual@2139992126{1001145182} 0.0 0.0 78979.0 10861.0 0.20956833101253233 59421.0 10861.0 0.05671669275389007 5 36 21.0 0.0 5 37 21.0 0.0 0.20956833101253233 0
0.05671669275389007 0
12 ec.gp.GPIndividual@464572684{824496728} 0.0 78979.0 8387.0 0.05246214379396685 5 36 21.0 0.0 0.05246214379396685 0
12 ec.gp.GPIndividual@2139992126{1001145182} 0.0 59408.0 8160.0 0.25392156862745097 5 37 21.0 0.0 0.25392156862745097 0
12 ec.gp.GPIndividual@464572684{824496728} 0.0 78984.0 14578.0 0.45452051035807384 5 36 21.0 0.0 0.45452051035807384 0
12 ec.gp.GPIndividual@926789506{-169752743} 0.0 52800.0 10087.0 0.09903836621393873 5 45 21.0 0.0 0.09903836621393873 0
12 ec.gp.GPIndividual@464572684{824496728} 0.0 78979.0 10861.0 0.268299419942915 5 36 21.0 0.0 0.268299419942915 0
12 ec.gp.GPIndividual@2139992126{1001145182} 0.0 60026.0 12802.0 0.15247617559756288 5 37 21.0 0.0 0.15247617559756288 0
12 ec.gp.GPIndividual@1217178720{1194650241} 0.0 68070.0 10861.0 0.26655004143264893 5 33 21.0 0.0 0.26655004143264893 0
12 ec.gp.GPIndividual@464572684{824496728} 0.0 78979.0 8160.0 0.02610294117647059 5 36 21.0 0.0 0.02610294117647059 0
12 ec.gp.GPIndividual@2139992126{1001145182} 12 ec.gp.GPIndividual@464572684{824496728} 0.0 0.0 59421.0 12802.0 0.01566372558738971 78980.0 12802.0 0.3791595063271364 5 37 21.0 0.0 5 36 21.0 0.0 0.01566372558738971 0
0.3791595063271364 0
12 ec.gp.GPIndividual@926789506{-169752743} 0.0 12 ec.gp.GPIndividual@464572684{824496728} 52786.0 8317.0 0.0910183960562703 0.0 5 45 21.0 0.0 78979.0 10087.0 0.2121542579557847 0.0910183960562703 0
5 36 21.0 0.0 12 ec.gp.GPIndividual@2139992126{1001145182} 0.2121542579557847 0
0.0 59408.0 8317.0 0.2302512925333654 5 37 21.0 0.0 0.2302512925333654 0
12 ec.gp.GPIndividual@464572684{824496728} 0.0 78979.0 8317.0 0.044487194902007934 5 36 21.0 0.0 0.044487194902007934 0
12 ec.gp.GPIndividual@1996336143{1320059400} 0.0 58299.0 10054.0 0.09259996021483986 5 31 21.0 0.0 0.09259996021483986 0
12 ec.gp.GPIndividual@1217178720{1194650241} 0.0 68057.0 8160.0 0.02536764705882353 5 33 21.0 0.0 0.02536764705882353 0
12 ec.gp.GPIndividual@949377348{-833909528} 0.0 64872.0 10054.0 0.017704396260194946 5 40 21.0 0.0 0.017704396260194946 0
12 ec.gp.GPIndividual@1996336143{1320059400} 0.0 58299.0 8387.0 0.08775485870990819 5 31 21.0 0.0 0.08775485870990819 0
12 ec.gp.GPIndividual@949377348{-833909528} 0.0 64872.0 8387.0 0.2199833074997019 5 40 21.0 0.0 0.2199833074997019 0
12 ec.gp.GPIndividual@1996336143{1320059400} 0.0 58928.0 14578.0 0.3310467828234326 5 31 21.0 0.0 0.3310467828234326 0
12 ec.gp.GPIndividual@949377348{-833909528} 0.0 65501.0 14578.0 0.25497324735903415 5 40 21.0 0.0 0.25497324735903415 0
12 ec.gp.GPIndividual@1996336143{1320059400} 0.0 58311.0 10861.0 0.15891722677469847 5 31 21.0 0.0 0.15891722677469847 0
12 ec.gp.GPIndividual@1217178720{1194650241} 0.0 68870.0 12802.0 0.31526324011873147 5 33 21.0 0.0 0.31526324011873147 0
12 ec.gp.GPIndividual@949377348{-833909528} 0.0 64884.0 10861.0 0.05680876530706196 5 40 21.0 0.0 0.05680876530706196 0
12 ec.gp.GPIndividual@1996336143{1320059400} 0.0 58294.0 8160.0 0.11740196078431372 5 31 21.0 0.0 0.11740196078431372 0
12 ec.gp.GPIndividual@949377348{-833909528} 0.0 64871.0 8160.0 0.2537990196078431 5 40 21.0 0.0 0.2537990196078431 0
12 ec.gp.GPIndividual@1996336143{1320059400} 0.0 58916.0 12802.0 0.23918137790970162 5 31 21.0 0.0 0.23918137790970162 0
12 ec.gp.GPIndividual@949377348{-833909528} 0.0 65489.0 12802.0 0.15255428839243868 5 40 21.0 0.0 0.15255428839243868 0
12 ec.gp.GPIndividual@1996336143{1320059400} 0.0 58311.0 10087.0 0.09437890353920889 5 31 21.0 0.0 0.09437890353920889 0
12 ec.gp.GPIndividual@1217178720{1194650241} 12 ec.gp.GPIndividual@949377348{-833909528} 0.0 0.0 68070.0 10087.0 0.2102706453851492 64884.0 10087.0 0.015564588083672053 5 40 21.0 0.0 5 33 21.0 0.0 0.015564588083672053 0
0.2102706453851492 0
12 ec.gp.GPIndividual@1996336143{1320059400} 0.0 58294.0 8317.0 0.09630876517975231 5 31 21.0 0.0 0.09630876517975231 0
12 ec.gp.GPIndividual@949377348{-833909528} 0.0 64871.0 8317.0 0.23013105687146806 5 40 21.0 0.0 0.23013105687146806 0
12 ec.gp.GPIndividual@732383129{-1173456456} 0.0 59409.0 10054.0 0.01780385916053312 5 42 21.0 0.0 0.01780385916053312 0
12 ec.gp.GPIndividual@732383129{-1173456456} 0.0 59409.0 8387.0 0.2201025396446882 5 42 21.0 0.0 0.2201025396446882 0
12 ec.gp.GPIndividual@1217178720{1194650241} 0.0 68057.0 8317.0 0.043765780930624026 5 33 21.0 0.0 0.043765780930624026 0
12 ec.gp.GPIndividual@732383129{-1173456456} 0.0 60038.0 14578.0 0.25490465084373715 5 42 21.0 0.0 0.25490465084373715 0
12 ec.gp.GPIndividual@1662586354{-1791400795} 0.0 60122.0 10054.0 0.08872090710165108 5 39 21.0 0.0 0.08872090710165108 0
12 ec.gp.GPIndividual@732383129{-1173456456} 0.0 59421.0 10861.0 0.05671669275389007 5 42 21.0 0.0 0.05671669275389007 0
12 ec.gp.GPIndividual@1662586354{-1791400795} 0.0 60196.0 8387.0 0.3139382377488971 5 39 21.0 0.0 0.3139382377488971 0
12 ec.gp.GPIndividual@732383129{-1173456456} 0.0 59408.0 8160.0 0.25392156862745097 5 42 21.0 0.0 0.25392156862745097 0
12 ec.gp.GPIndividual@1662586354{-1791400795} 0.0 60038.0 14578.0 0.25490465084373715 5 39 21.0 0.0 0.25490465084373715 0
12 ec.gp.GPIndividual@732383129{-1173456456} 0.0 60026.0 12802.0 0.15247617559756288 5 42 21.0 0.0 0.15247617559756288 0
12 ec.gp.GPIndividual@1662586354{-1791400795} 0.0 59761.0 10861.0 0.02541202467544425 5 39 21.0 0.0 0.02541202467544425 0
12 ec.gp.GPIndividual@732383129{-1173456456} 0.0 59421.0 10087.0 0.01566372558738971 5 42 21.0 0.0 0.01566372558738971 0
12 ec.gp.GPIndividual@1662586354{-1791400795} 0.0 60121.0 8160.0 0.34129901960784315 5 39 21.0 0.0 0.34129901960784315 0
12 ec.gp.GPIndividual@732383129{-1173456456} 0.0 59408.0 8317.0 0.2302512925333654 5 42 21.0 0.0 0.2302512925333654 0
12 ec.gp.GPIndividual@1662586354{-1791400795} 0.0 60026.0 12802.0 0.15247617559756288 5 39 21.0 0.0 0.15247617559756288 0
12 ec.gp.GPIndividual@1662586354{-1791400795} 0.0 59761.0 10087.0 0.04937047685139288 5 39 21.0 0.0 0.04937047685139288 0
12 ec.gp.GPIndividual@1662586354{-1791400795} 0.0 60121.0 8317.0 0.31597931946615365 5 39 21.0 0.0 0.31597931946615365 0
13 ec.gp.GPIndividual@186903327{1343080404} 0.0 101188.0 10054.0 0.7179232146409389 3 7 21.0 0.0 0.7179232146409389 0
13 ec.gp.GPIndividual@1189093943{-704664143} 13 ec.gp.GPIndividual@186903327{1343080404} 0.0 0.0 81995.0 8387.0 0.45305351104038194 101188.0 8387.0 0.6618576368188863 5 34 21.0 0.0 3 7 21.0 0.0 0.45305351104038194 0
13 ec.gp.GPIndividual@976746862{-774030918} 0.0 13 ec.gp.GPIndividual@1799044198{1725424081} 55140.0 10054.0 0.1366620250646509 5 43 21.0 0.0 0.0 0.6618576368188863 0
13 ec.gp.GPIndividual@1189093943{-704664143} 0.0 81995.0 8387.0 0.3443424347204006 13 ec.gp.GPIndividual@571742842{-833909528} 5 34 21.0 0.0 0.0 0.3443424347204006 0
70411.0 10054.0 0.02516411378555799 5 33 21.0 0.0 13 ec.gp.GPIndividual@44999829{-942457043} 0.02516411378555799 0
0.1366620250646509 0
13 ec.gp.GPIndividual@1189093943{-704664143} 0.0 82203.0 14578.0 0.6085196871998902 0.0 5 34 21.0 0.0 59409.0 14578.0 0.01780385916053312 13 ec.gp.GPIndividual@186903327{1343080404} 0.6085196871998902 0
13 ec.gp.GPIndividual@1799044198{1725424081} 64872.0 8387.0 0.017704396260194946 0.0 5 40 21.0 0.0 0.017704396260194946 0
0.0 101188.0 10861.0 0.805460282617643 13 ec.gp.GPIndividual@976746862{-774030918} 0.0 3 7 21.0 0.0 5 43 21.0 0.0 55140.0 8387.0 0.3625849529033027 0.805460282617643 0
13 ec.gp.GPIndividual@1189093943{-704664143} 0.0 70411.0 8387.0 0.22892571837367354 13 ec.gp.GPIndividual@186903327{1343080404} 81995.0 8387.0 0.49369303010772486 0.0 5 33 21.0 0.0 0.22892571837367354 0
5 43 21.0 0.0 0.3625849529033027 0
0.01780385916053312 0
13 ec.gp.GPIndividual@571742842{-833909528} 0.0 5 34 21.0 0.0 64872.0 8387.0 0.2199833074997019 5 40 21.0 0.0 101188.0 10861.0 0.7388822392044931 0.2199833074997019 0
3 7 21.0 0.0 13 ec.gp.GPIndividual@1799044198{1725424081} 0.7388822392044931 0
0.49369303010772486 0
13 ec.gp.GPIndividual@186903327{1343080404} 0.0 13 ec.gp.GPIndividual@976746862{-774030918} 101188.0 8160.0 0.6524509803921569 0.0 3 7 21.0 0.0 0.0 0.6524509803921569 0
55186.0 8160.0 0.2129235834819591 13 ec.gp.GPIndividual@1189093943{-704664143} 5 43 21.0 0.0 0.2129235834819591 0
70413.0 8387.0 0.2928385238029908 5 33 21.0 0.0 13 ec.gp.GPIndividual@44999829{-942457043} 0.2928385238029908 0
13 ec.gp.GPIndividual@186903327{1343080404} 0.0 101188.0 12802.0 0.7784721137322294 13 ec.gp.GPIndividual@571742842{-833909528} 3 7 21.0 0.0 0.0 65501.0 12802.0 0.25497324735903415 0.7784721137322294 0
0.0 81995.0 12802.0 0.3261029411764706 5 40 21.0 0.0 13 ec.gp.GPIndividual@186903327{1343080404} 5 34 21.0 0.0 0.0 13 ec.gp.GPIndividual@976746862{-774030918} 0.0 101188.0 10861.0 0.7188460394567264 0.0 59409.0 10861.0 0.2201025396446882 3 7 21.0 0.0 5 43 21.0 0.0 0.3261029411764706 0
0.25497324735903415 0
13 ec.gp.GPIndividual@1799044198{1725424081} 0.0 70411.0 10861.0 0.0510081944572323 0.7188460394567264 0
55140.0 10861.0 0.052205137648466994 5 43 21.0 0.0 0.2201025396446882 0
13 ec.gp.GPIndividual@186903327{1343080404} 0.0 0.052205137648466994 0
13 ec.gp.GPIndividual@1189093943{-704664143} 0.0 82029.0 8317.0 0.5678019059521949 5 33 21.0 0.0 5 34 21.0 0.0 0.0510081944572323 0
101188.0 8317.0 0.6590116628592041 3 7 21.0 0.0 13 ec.gp.GPIndividual@571742842{-833909528} 0.0 0.6590116628592041 0
0.5678019059521949 0
13 ec.gp.GPIndividual@976746862{-774030918} 0.0 55140.0 8160.0 0.4004901960784314 5 43 21.0 0.0 64884.0 10861.0 0.05680876530706196 0.4004901960784314 0
5 40 21.0 0.0 13 ec.gp.GPIndividual@44999829{-942457043} 0.05680876530706196 0
13 ec.gp.GPIndividual@1189093943{-704664143} 0.0 0.0 81995.0 10087.0 0.45484286705660754 5 34 21.0 0.0 0.45484286705660754 0
13 ec.gp.GPIndividual@1799044198{1725424081} 0.0 70411.0 10087.0 0.2631127450980392 60038.0 10087.0 0.25490465084373715 5 33 21.0 0.0 5 43 21.0 0.0 0.2631127450980392 0
13 ec.gp.GPIndividual@1189093943{-704664143} 0.0 13 ec.gp.GPIndividual@976746862{-774030918} 81995.0 8317.0 0.3388240952266442 0.0 55153.0 8317.0 0.1063115138259647 5 43 21.0 0.0 5 34 21.0 0.0 0.25490465084373715 0
13 ec.gp.GPIndividual@1154901890{1412814273} 0.0 64871.0 8317.0 0.017604933359856773 5 39 21.0 0.0 0.3388240952266442 0
0.1063115138259647 0
13 ec.gp.GPIndividual@1799044198{1725424081} 0.0 70412.0 12802.0 0.19481331042024683 13 ec.gp.GPIndividual@571742842{-833909528} 5 33 21.0 0.0 0.0 0.017604933359856773 0
64871.0 12802.0 0.2537990196078431 5 40 21.0 0.0 0.19481331042024683 0
13 ec.gp.GPIndividual@44999829{-942457043} 0.0 0.2537990196078431 0
59421.0 10861.0 0.05671669275389007 5 43 21.0 0.0 13 ec.gp.GPIndividual@976746862{-774030918} 0.05671669275389007 0
0.0 13 ec.gp.GPIndividual@486266070{2083955602} 55140.0 10054.0 0.13294339248537723 0.0 5 43 21.0 0.0 59409.0 10054.0 0.01780385916053312 0.13294339248537723 0
5 42 21.0 0.0 13 ec.gp.GPIndividual@1799044198{1725424081} 0.0 0.01780385916053312 0
13 ec.gp.GPIndividual@1154901890{1412814273} 0.0 70411.0 10087.0 0.021810250817884406 64871.0 8387.0 0.21986407535471564 5 33 21.0 0.0 5 39 21.0 0.0 0.021810250817884406 0
13 ec.gp.GPIndividual@571742842{-833909528} 0.21986407535471564 0
0.0 13 ec.gp.GPIndividual@976746862{-774030918} 0.0 65489.0 8317.0 0.15255428839243868 13 ec.gp.GPIndividual@44999829{-942457043} 55140.0 8317.0 0.37405314416255864 0.0 5 40 21.0 0.0 5 43 21.0 0.0 59408.0 8160.0 0.25392156862745097 5 43 21.0 0.0 0.15255428839243868 0
0.37405314416255864 0
0.25392156862745097 0
13 ec.gp.GPIndividual@486266070{2083955602} 0.0 59409.0 8387.0 0.2201025396446882 13 ec.gp.GPIndividual@1799044198{1725424081} 5 42 21.0 0.0 0.0 0.2201025396446882 0
70411.0 8387.0 0.23926896717566432 5 33 21.0 0.0 0.23926896717566432 0
13 ec.gp.GPIndividual@1154901890{1412814273} 0.0 65488.0 14578.0 0.2558650020578955 5 39 21.0 0.0 0.2558650020578955 0
13 ec.gp.GPIndividual@571742842{-833909528} 0.0 64884.0 10087.0 0.015564588083672053 5 40 21.0 0.0 0.015564588083672053 0
13 ec.gp.GPIndividual@44999829{-942457043} 0.0 60026.0 12802.0 0.15247617559756288 5 43 21.0 0.0 0.15247617559756288 0
13 ec.gp.GPIndividual@1968436238{1400122762} 0.0 64372.0 10054.0 0.03202705390889198 13 ec.gp.GPIndividual@486266070{2083955602} 13 ec.gp.GPIndividual@2135843086{598695178} 0.0 0.0 63711.0 14578.0 0.0977720310324249 5 40 21.0 0.0 60038.0 14578.0 0.25490465084373715 5 35 21.0 0.0 0.0977720310324249 0
0.03202705390889198 0
5 42 21.0 0.0 0.25490465084373715 0
13 ec.gp.GPIndividual@1154901890{1412814273} 13 ec.gp.GPIndividual@44999829{-942457043} 0.0 0.0 13 ec.gp.GPIndividual@571742842{-833909528} 0.0 64871.0 10087.0 0.05800570849829666 64871.0 10087.0 0.23013105687146806 59421.0 10087.0 0.01566372558738971 5 39 21.0 0.0 5 40 21.0 0.0 5 43 21.0 0.0 0.05800570849829666 0
13 ec.gp.GPIndividual@1968436238{1400122762} 0.0 64372.0 8387.0 0.16036723500655778 0.23013105687146806 0
0.01566372558738971 0
5 40 21.0 0.0 0.16036723500655778 0
13 ec.gp.GPIndividual@2135843086{598695178} 0.0 63711.0 8387.0 0.0815547871706212 13 ec.gp.GPIndividual@486266070{2083955602} 5 35 21.0 0.0 0.0 0.0815547871706212 0
59421.0 8387.0 0.05671669275389007 5 42 21.0 0.0 0.05671669275389007 0
13 ec.gp.GPIndividual@1154901890{1412814273} 0.0 64871.0 8160.0 0.2537990196078431 5 39 21.0 0.0 0.2537990196078431 0
13 ec.gp.GPIndividual@1968436238{1400122762} 0.0 64407.0 14578.0 0.33001783509397725 5 40 21.0 0.0 0.33001783509397725 0
13 ec.gp.GPIndividual@44999829{-942457043} 0.0 59408.0 8317.0 0.2302512925333654 5 43 21.0 0.0 0.2302512925333654 0
13 ec.gp.GPIndividual@486266070{2083955602} 0.0 59408.0 8160.0 0.25392156862745097 5 42 21.0 0.0 0.25392156862745097 0
13 ec.gp.GPIndividual@1154901890{1412814273} 0.0 65488.0 12802.0 0.15263240118731447 13 ec.gp.GPIndividual@1968436238{1400122762} 5 39 21.0 0.0 13 ec.gp.GPIndividual@2135843086{598695178} 0.0 0.0 64372.0 14578.0 0.10394991253107448 0.15263240118731447 0
64386.0 14578.0 0.3314583619152147 5 35 21.0 0.0 5 40 21.0 0.0 0.3314583619152147 0
13 ec.gp.GPIndividual@575048799{-169752743} 0.0 0.10394991253107448 0
52788.0 10054.0 0.09727471653073404 5 45 21.0 0.0 0.09727471653073404 0
13 ec.gp.GPIndividual@486266070{2083955602} 0.0 60026.0 12802.0 0.15247617559756288 5 42 21.0 0.0 0.15247617559756288 0
13 ec.gp.GPIndividual@1154901890{1412814273} 0.0 64871.0 10087.0 0.01427580053534252 5 39 21.0 0.0 0.01427580053534252 0
13 ec.gp.GPIndividual@1968436238{1400122762} 0.0 64372.0 8160.0 0.19264705882352942 5 40 21.0 0.0 0.19264705882352942 0
13 ec.gp.GPIndividual@1312973092{972007723} 0.0 52788.0 10054.0 0.09727471653073404 5 43 21.0 0.0 0.09727471653073404 0
13 ec.gp.GPIndividual@2135843086{598695178} 0.0 63711.0 10861.0 0.16480987017770002 5 35 21.0 0.0 0.16480987017770002 0
13 ec.gp.GPIndividual@486266070{2083955602} 0.0 59421.0 10087.0 0.01566372558738971 5 42 21.0 0.0 13 ec.gp.GPIndividual@1968436238{1400122762} 0.01566372558738971 0
13 ec.gp.GPIndividual@1154901890{1412814273} 0.0 64871.0 8317.0 0.23013105687146806 0.0 5 39 21.0 0.0 0.23013105687146806 0
64374.0 8317.0 0.23965005467895642 5 40 21.0 0.0 0.23965005467895642 0
13 ec.gp.GPIndividual@575048799{-169752743} 0.0 52788.0 8387.0 0.08215094789555265 5 45 21.0 0.0 0.08215094789555265 0
13 ec.gp.GPIndividual@1261944076{-236393275} 13 ec.gp.GPIndividual@2135843086{598695178} 0.0 0.0 65801.0 8317.0 0.43335985677342354 13 ec.gp.GPIndividual@486266070{2083955602} 5 39 21.0 0.0 0.0 63711.0 8317.0 0.1116421568627451 13 ec.gp.GPIndividual@1968436238{1400122762} 0.43335985677342354 0
59408.0 10087.0 0.2302512925333654 5 42 21.0 0.0 0.0 0.2302512925333654 0
5 35 21.0 0.0 0.1116421568627451 0
64372.0 10087.0 0.03519381381976802 5 40 21.0 0.0 0.03519381381976802 0
13 ec.gp.GPIndividual@1312973092{972007723} 13 ec.gp.GPIndividual@1261944076{-236393275} 0.0 0.0 52788.0 8387.0 0.08215094789555265 65677.0 8387.0 0.3355192559914153 5 43 21.0 0.0 5 39 21.0 0.0 0.3355192559914153 0
0.08215094789555265 0
13 ec.gp.GPIndividual@1968436238{1400122762} 13 ec.gp.GPIndividual@134061714{729802084} 0.0 0.0 64372.0 10054.0 0.17013346158470602 59409.0 10054.0 0.01780385916053312 5 40 21.0 0.0 5 42 21.0 0.0 0.17013346158470602 0
13 ec.gp.GPIndividual@575048799{-169752743} 0.0 0.01780385916053312 0
13 ec.gp.GPIndividual@1261944076{-236393275} 13 ec.gp.GPIndividual@1760977689{-2013196314} 0.0 0.0 90708.0 10054.0 0.673363835289437 54576.0 14578.0 0.2547674578131431 66403.0 10054.0 0.5679105501440527 5 21 21.0 0.0 13 ec.gp.GPIndividual@2135843086{598695178} 5 45 21.0 0.0 5 39 21.0 0.0 0.0 0.673363835289437 0
0.5679105501440527 0
13 ec.gp.GPIndividual@1760977689{-2013196314} 65365.0 12802.0 0.16224027495703797 0.0 5 35 21.0 0.0 0.16224027495703797 0
0.2547674578131431 0
90708.0 8387.0 0.6084416358650292 5 21 21.0 0.0 0.6084416358650292 0
13 ec.gp.GPIndividual@134061714{729802084} 0.0 59409.0 8387.0 0.2201025396446882 5 42 21.0 0.0 0.2201025396446882 0
13 ec.gp.GPIndividual@1261944076{-236393275} 0.0 13 ec.gp.GPIndividual@1760977689{-2013196314} 0.0 66003.0 14578.0 0.4568640088389651 90882.0 14578.0 0.7627932501028948 5 39 21.0 0.0 5 21 21.0 0.0 0.4568640088389651 0
0.7627932501028948 0
13 ec.gp.GPIndividual@1312973092{972007723} 0.0 54576.0 14578.0 0.2547674578131431 5 43 21.0 0.0 13 ec.gp.GPIndividual@1760977689{-2013196314} 0.2547674578131431 0
0.0 90708.0 10861.0 0.6976337353834822 5 21 21.0 0.0 0.6976337353834822 0
13 ec.gp.GPIndividual@1261944076{-236393275} 0.0 65908.0 8160.0 0.2887254901960784 5 39 21.0 0.0 0.2887254901960784 0
13 ec.gp.GPIndividual@1760977689{-2013196314} 0.0 90708.0 8160.0 0.5975490196078431 13 ec.gp.GPIndividual@134061714{729802084} 5 21 21.0 0.0 0.0 0.5975490196078431 0
13 ec.gp.GPIndividual@2135843086{598695178} 0.0 63711.0 8160.0 0.10072370377713889 5 35 21.0 0.0 60038.0 8160.0 0.25490465084373715 0.10072370377713889 0
13 ec.gp.GPIndividual@1760977689{-2013196314} 0.0 90708.0 12802.0 0.7434775816278707 5 42 21.0 0.0 5 21 21.0 0.0 0.7434775816278707 0
0.25490465084373715 0
13 ec.gp.GPIndividual@1261944076{-236393275} 13 ec.gp.GPIndividual@1760977689{-2013196314} 0.0 0.0 13 ec.gp.GPIndividual@575048799{-169752743} 0.0 65944.0 10087.0 0.5438212779253242 90708.0 10087.0 0.6744324377912164 5 39 21.0 0.0 5 21 21.0 0.0 52800.0 10087.0 0.16324463677377773 5 45 21.0 0.0 0.6744324377912164 0
0.16324463677377773 0
13 ec.gp.GPIndividual@1760977689{-2013196314} 0.0 90708.0 8317.0 0.6051460863292052 0.5438212779253242 0
13 ec.gp.GPIndividual@1312973092{972007723} 0.0 5 21 21.0 0.0 52800.0 10861.0 0.16324463677377773 0.6051460863292052 0
13 ec.gp.GPIndividual@134061714{729802084} 0.0 13 ec.gp.GPIndividual@2135843086{598695178} 59421.0 10861.0 0.05671669275389007 5 42 21.0 0.0 0.0 0.05671669275389007 0
5 43 21.0 0.0 0.16324463677377773 0
63711.0 10861.0 0.09065768907057833 5 35 21.0 0.0 13 ec.gp.GPIndividual@1261944076{-236393275} 0.0 0.09065768907057833 0
65982.0 10087.0 0.4172697531476157 5 39 21.0 0.0 0.4172697531476157 0
13 ec.gp.GPIndividual@134061714{729802084} 0.0 59408.0 8160.0 0.25392156862745097 5 42 21.0 0.0 0.25392156862745097 0
13 ec.gp.GPIndividual@1261944076{-236393275} 0.0 65908.0 8317.0 0.302152218347962 5 39 21.0 0.0 0.302152218347962 0
13 ec.gp.GPIndividual@1384922411{1506973340} 0.0 69218.0 10054.0 0.09349512631788343 5 21 21.0 0.0 0.09349512631788343 0
13 ec.gp.GPIndividual@575048799{-169752743} 0.0 52786.0 8160.0 0.11200980392156863 5 45 21.0 0.0 0.11200980392156863 0
13 ec.gp.GPIndividual@134061714{729802084} 0.0 60026.0 12802.0 0.15247617559756288 5 42 21.0 0.0 0.15247617559756288 0
13 ec.gp.GPIndividual@1495922708{-1419642686} 0.0 59040.0 10054.0 0.018897951064253033 5 43 21.0 0.0 0.018897951064253033 0
13 ec.gp.GPIndividual@1384922411{1506973340} 0.0 69218.0 8387.0 0.0866817694050316 5 21 21.0 0.0 13 ec.gp.GPIndividual@1312973092{972007723} 0.0866817694050316 0
0.0 52786.0 8160.0 0.11200980392156863 5 43 21.0 0.0 0.11200980392156863 0
13 ec.gp.GPIndividual@1495922708{-1419642686} 13 ec.gp.GPIndividual@134061714{729802084} 0.0 0.0 13 ec.gp.GPIndividual@1654672186{-1431524295} 0.0 59003.0 10054.0 0.17169428878025517 5 43 21.0 0.0 59421.0 10054.0 0.01566372558738971 49158.0 10054.0 0.08514024268947683 0.17169428878025517 0
5 42 21.0 0.0 0.01566372558738971 0
5 35 21.0 0.0 0.08514024268947683 0
13 ec.gp.GPIndividual@1384922411{1506973340} 0.0 69847.0 14578.0 0.3316641514611058 5 21 21.0 0.0 0.3316641514611058 0
13 ec.gp.GPIndividual@575048799{-169752743} 0.0 53899.0 12802.0 0.2042649586002187 5 45 21.0 0.0 0.2042649586002187 0
13 ec.gp.GPIndividual@1495922708{-1419642686} 0.0 59122.0 14578.0 0.3177390588558101 5 43 21.0 0.0 0.3177390588558101 0
13 ec.gp.GPIndividual@134061714{729802084} 0.0 59408.0 8317.0 0.2302512925333654 5 42 21.0 0.0 0.2302512925333654 0
13 ec.gp.GPIndividual@1312973092{972007723} 0.0 53899.0 12802.0 0.2042649586002187 5 43 21.0 0.0 13 ec.gp.GPIndividual@1384922411{1506973340} 0.2042649586002187 0
0.0 69230.0 10861.0 0.15974587975324556 5 21 21.0 0.0 0.15974587975324556 0
13 ec.gp.GPIndividual@1495922708{-1419642686} 0.0 58911.0 10861.0 0.1036736948715588 5 43 21.0 0.0 0.1036736948715588 0
13 ec.gp.GPIndividual@1495922708{-1419642686} 0.0 59486.0 8160.0 0.26348039215686275 5 43 21.0 0.0 0.26348039215686275 0
13 ec.gp.GPIndividual@1384922411{1506973340} 0.0 69217.0 8160.0 0.11678921568627451 5 21 21.0 0.0 0.11678921568627451 0
13 ec.gp.GPIndividual@575048799{-169752743} 0.0 52800.0 10087.0 0.09903836621393873 5 45 21.0 0.0 0.09903836621393873 0
13 ec.gp.GPIndividual@1495922708{-1419642686} 0.0 58396.0 12802.0 0.27980003124511793 5 43 21.0 0.0 13 ec.gp.GPIndividual@1654672186{-1431524295} 0.27980003124511793 0
13 ec.gp.GPIndividual@1312973092{972007723} 0.0 52800.0 10087.0 0.09903836621393873 0.0 5 43 21.0 0.0 13 ec.gp.GPIndividual@1384922411{1506973340} 0.0 0.09903836621393873 0
49232.0 12802.0 0.30964588052939074 5 35 21.0 0.0 69835.0 12802.0 0.2398843930635838 0.30964588052939074 0
5 21 21.0 0.0 0.2398843930635838 0
13 ec.gp.GPIndividual@1495922708{-1419642686} 0.0 58911.0 10087.0 0.03489640130861505 5 43 21.0 0.0 0.03489640130861505 0
13 ec.gp.GPIndividual@1384922411{1506973340} 0.0 69230.0 10087.0 0.09527114107266779 5 21 21.0 0.0 0.09527114107266779 0
13 ec.gp.GPIndividual@1495922708{-1419642686} 0.0 59486.0 8317.0 0.23962967416135625 5 43 21.0 0.0 0.23962967416135625 0
13 ec.gp.GPIndividual@575048799{-169752743} 0.0 52786.0 8317.0 0.0910183960562703 5 45 21.0 0.0 0.0910183960562703 0
13 ec.gp.GPIndividual@596339633{-1037130011} 0.0 87253.0 10054.0 0.47354286851004573 5 20 21.0 0.0 0.47354286851004573 0
13 ec.gp.GPIndividual@1312973092{972007723} 0.0 52786.0 8317.0 0.0910183960562703 13 ec.gp.GPIndividual@1384922411{1506973340} 5 43 21.0 0.0 0.0 0.0910183960562703 0
69217.0 8317.0 0.09570758687026572 5 21 21.0 0.0 13 ec.gp.GPIndividual@596339633{-1037130011} 0.09570758687026572 0
0.0 87253.0 8387.0 0.36890425658757603 5 20 21.0 0.0 0.36890425658757603 0
13 ec.gp.GPIndividual@1226449315{-1339280058} 0.0 72047.0 10054.0 0.35557986870897157 5 29 21.0 0.0 0.35557986870897157 0
13 ec.gp.GPIndividual@596339633{-1037130011} 0.0 13 ec.gp.GPIndividual@2035403797{1184626248} 86788.0 14578.0 0.6688160241459734 0.0 5 20 21.0 0.0 77203.0 14578.0 0.3862144420131291 0.6688160241459734 0
5 27 21.0 0.0 0.3862144420131291 0
13 ec.gp.GPIndividual@1226449315{-1339280058} 0.0 13 ec.gp.GPIndividual@596339633{-1037130011} 13 ec.gp.GPIndividual@1654672186{-1431524295} 72047.0 10861.0 0.22749493263383808 0.0 0.0 5 29 21.0 0.0 86614.0 14578.0 0.57149433753798 5 20 21.0 0.0 0.22749493263383808 0
13 ec.gp.GPIndividual@2035403797{1184626248} 0.0 13 ec.gp.GPIndividual@1304861501{-1980657092} 77670.0 8387.0 0.20853702158101825 0.0 62597.0 8387.0 0.2085737020091506 5 27 21.0 0.0 5 27 21.0 0.0 0.20853702158101825 0
49523.0 14578.0 0.2265742900260667 5 35 21.0 0.0 0.57149433753798 0
13 ec.gp.GPIndividual@1226449315{-1339280058} 0.0 72387.0 14578.0 0.5322403621896008 0.2265742900260667 0
13 ec.gp.GPIndividual@596339633{-1037130011} 0.0 87253.0 8160.0 0.35134803921568625 5 20 21.0 0.0 0.35134803921568625 0
0.2085737020091506 0
13 ec.gp.GPIndividual@2035403797{1184626248} 0.0 13 ec.gp.GPIndividual@596339633{-1037130011} 5 29 21.0 0.0 0.0 77424.0 12802.0 0.5615310742214296 0.5322403621896008 0
5 27 21.0 0.0 0.5615310742214296 0
86614.0 12802.0 0.6364630526480237 5 20 21.0 0.0 0.6364630526480237 0
13 ec.gp.GPIndividual@1226449315{-1339280058} 0.0 72047.0 10861.0 0.4034619279992634 5 29 21.0 0.0 13 ec.gp.GPIndividual@2035403797{1184626248} 0.4034619279992634 0
0.0 13 ec.gp.GPIndividual@596339633{-1037130011} 0.0 77591.0 10087.0 0.39609612374551145 5 27 21.0 0.0 86614.0 10087.0 0.5386140576980272 0.39609612374551145 0
13 ec.gp.GPIndividual@1226449315{-1339280058} 0.0 5 20 21.0 0.0 72047.0 8160.0 0.2060049019607843 0.5386140576980272 0
5 29 21.0 0.0 13 ec.gp.GPIndividual@2035403797{1184626248} 0.2060049019607843 0
0.0 13 ec.gp.GPIndividual@596339633{-1037130011} 77150.0 8317.0 0.2502450980392157 0.0 5 27 21.0 0.0 87253.0 8317.0 0.3635926415774919 0.2502450980392157 0
5 20 21.0 0.0 0.3635926415774919 0
13 ec.gp.GPIndividual@1226449315{-1339280058} 0.0 72354.0 12802.0 0.46992657397281673 5 29 21.0 0.0 0.46992657397281673 0
13 ec.gp.GPIndividual@2035403797{1184626248} 0.0 77345.0 12802.0 0.5068739259490704 5 27 21.0 0.0 0.5068739259490704 0
13 ec.gp.GPIndividual@1304861501{-1980657092} 0.0 62597.0 8387.0 0.05126982234410397 5 27 21.0 0.0 0.05126982234410397 0
13 ec.gp.GPIndividual@1654672186{-1431524295} 13 ec.gp.GPIndividual@1226449315{-1339280058} 0.0 0.0 13 ec.gp.GPIndividual@2035403797{1184626248} 0.0 49062.0 10087.0 0.004327409999079274 77028.0 10087.0 0.4055715277089323 72047.0 10087.0 0.35768811341330425 5 35 21.0 0.0 5 27 21.0 0.0 5 29 21.0 0.0 0.004327409999079274 0
0.35768811341330425 0
13 ec.gp.GPIndividual@1606203289{984155416} 0.0 0.4055715277089323 0
49430.0 10054.0 0.11219415158146012 5 43 21.0 0.0 0.11219415158146012 0
13 ec.gp.GPIndividual@1226449315{-1339280058} 0.0 13 ec.gp.GPIndividual@2035403797{1184626248} 0.0 72047.0 8317.0 0.22099314656727184 77150.0 8317.0 0.2643982205122039 5 29 21.0 0.0 5 27 21.0 0.0 0.2643982205122039 0
0.22099314656727184 0
13 ec.gp.GPIndividual@2083043032{-1170081351} 0.0 77476.0 10054.0 0.35906107022080763 5 34 21.0 0.0 0.35906107022080763 0
13 ec.gp.GPIndividual@1333906989{1533410100} 0.0 13 ec.gp.GPIndividual@2083043032{-1170081351} 0.0 77476.0 8387.0 0.23166805770835816 5 34 21.0 0.0 0.23166805770835816 0
67310.0 8387.0 0.28327034016311914 5 41 21.0 0.0 0.28327034016311914 0
13 ec.gp.GPIndividual@1606203289{984155416} 0.0 13 ec.gp.GPIndividual@1304861501{-1980657092} 49430.0 8387.0 0.3332538452366758 0.0 5 43 21.0 0.0 64385.0 8387.0 0.3315269584305117 0.3332538452366758 0
5 27 21.0 0.0 0.3315269584305117 0
13 ec.gp.GPIndividual@1333906989{1533410100} 0.0 13 ec.gp.GPIndividual@2083043032{-1170081351} 67310.0 8387.0 0.1408131632288065 0.0 5 41 21.0 0.0 0.1408131632288065 0
77816.0 8387.0 0.5346412402249966 5 34 21.0 0.0 0.5346412402249966 0
13 ec.gp.GPIndividual@2083043032{-1170081351} 0.0 77476.0 10861.0 0.4066844673602799 5 34 21.0 0.0 0.4066844673602799 0
13 ec.gp.GPIndividual@1333906989{1533410100} 0.0 67736.0 14578.0 0.47647139525312115 5 41 21.0 0.0 0.47647139525312115 0
13 ec.gp.GPIndividual@2083043032{-1170081351} 0.0 77476.0 8160.0 0.21029411764705883 5 34 21.0 0.0 0.21029411764705883 0
13 ec.gp.GPIndividual@1606203289{984155416} 0.0 50059.0 14578.0 0.1898065578268624 5 43 21.0 0.0 0.1898065578268624 0
13 ec.gp.GPIndividual@2083043032{-1170081351} 13 ec.gp.GPIndividual@1333906989{1533410100} 0.0 0.0 77816.0 12802.0 0.4700827995625684 67516.0 12802.0 0.31755823588988125 5 34 21.0 0.0 5 41 21.0 0.0 0.4700827995625684 0
0.31755823588988125 0
13 ec.gp.GPIndividual@2083043032{-1170081351} 0.0 77476.0 10087.0 0.36115792604342223 5 34 21.0 0.0 0.36115792604342223 0
13 ec.gp.GPIndividual@1304861501{-1980657092} 0.0 62609.0 10861.0 0.26627382377313324 5 27 21.0 0.0 13 ec.gp.GPIndividual@2083043032{-1170081351} 13 ec.gp.GPIndividual@1333906989{1533410100} 0.26627382377313324 0
0.0 68063.0 8317.0 0.02463235294117647 5 41 21.0 0.0 0.0 0.02463235294117647 0
13 ec.gp.GPIndividual@1654672186{-1431524295} 0.0 13 ec.gp.GPIndividual@1606203289{984155416} 48490.0 8160.0 0.2551470588235294 77476.0 8317.0 0.225201394733678 0.0 5 35 21.0 0.0 5 34 21.0 0.0 49442.0 8160.0 0.03066016020624252 5 43 21.0 0.0 0.2551470588235294 0
0.225201394733678 0
0.03066016020624252 0
13 ec.gp.GPIndividual@1333906989{1533410100} 0.0 67516.0 12802.0 0.42102796438056556 5 41 21.0 0.0 0.42102796438056556 0
13 ec.gp.GPIndividual@1333906989{1533410100} 0.0 67343.0 10087.0 0.2823436105878854 5 41 21.0 0.0 0.2823436105878854 0
13 ec.gp.GPIndividual@1606203289{984155416} 0.0 13 ec.gp.GPIndividual@1304861501{-1980657092} 49428.0 8160.0 0.3700980392156863 0.0 5 43 21.0 0.0 0.3700980392156863 0
13 ec.gp.GPIndividual@1333906989{1533410100} 0.0 68063.0 8317.0 0.04304436695924011 62595.0 8160.0 0.025122549019607844 5 41 21.0 0.0 5 27 21.0 0.0 0.04304436695924011 0
0.025122549019607844 0
13 ec.gp.GPIndividual@1606203289{984155416} 0.0 50047.0 12802.0 0.07834713326042805 5 43 21.0 0.0 0.07834713326042805 0
13 ec.gp.GPIndividual@947671364{-1873325679} 0.0 59409.0 10054.0 0.01780385916053312 5 41 21.0 0.0 0.01780385916053312 0
13 ec.gp.GPIndividual@1654672186{-1431524295} 0.0 49678.0 12802.0 0.1071707545695985 5 35 21.0 0.0 0.1071707545695985 0
13 ec.gp.GPIndividual@1606203289{984155416} 0.0 13 ec.gp.GPIndividual@1304861501{-1980657092} 0.0 49442.0 12802.0 0.10974521661544562 13 ec.gp.GPIndividual@947671364{-1873325679} 0.0 5 43 21.0 0.0 63708.0 8387.0 0.29167317606623966 59409.0 8387.0 0.2201025396446882 0.10974521661544562 0
5 27 21.0 0.0 0.29167317606623966 0
5 41 21.0 0.0 0.2201025396446882 0
13 ec.gp.GPIndividual@1606203289{984155416} 0.0 49428.0 8317.0 0.34423470001202355 5 43 21.0 0.0 0.34423470001202355 0
13 ec.gp.GPIndividual@1576645086{1928355357} 0.0 101188.0 10054.0 0.7179232146409389 2 3 21.0 0.0 0.7179232146409389 0
13 ec.gp.GPIndividual@947671364{-1873325679} 0.0 60038.0 14578.0 0.25490465084373715 5 41 21.0 0.0 13 ec.gp.GPIndividual@1576645086{1928355357} 0.25490465084373715 0
0.0 101188.0 8387.0 0.6618576368188863 2 3 21.0 0.0 0.6618576368188863 0
13 ec.gp.GPIndividual@1576645086{1928355357} 0.0 101188.0 14578.0 0.805460282617643 2 3 21.0 0.0 0.805460282617643 0
13 ec.gp.GPIndividual@1576645086{1928355357} 0.0 101188.0 10861.0 0.7388822392044931 2 3 21.0 0.0 0.7388822392044931 0
13 ec.gp.GPIndividual@1304861501{-1980657092} 0.0 62609.0 10087.0 0.20997323287399625 5 27 21.0 0.0 13 ec.gp.GPIndividual@1576645086{1928355357} 0.20997323287399625 0
0.0 101188.0 8160.0 0.6524509803921569 2 3 21.0 0.0 0.6524509803921569 0
13 ec.gp.GPIndividual@1576645086{1928355357} 0.0 13 ec.gp.GPIndividual@947671364{-1873325679} 0.0 101188.0 10861.0 0.7784721137322294 2 3 21.0 0.0 59421.0 10861.0 0.05671669275389007 0.7784721137322294 0
5 41 21.0 0.0 0.05671669275389007 0
13 ec.gp.GPIndividual@1576645086{1928355357} 0.0 101188.0 10087.0 0.7188460394567264 2 3 21.0 0.0 0.7188460394567264 0
13 ec.gp.GPIndividual@1576645086{1928355357} 0.0 101188.0 8317.0 0.6590116628592041 2 3 21.0 0.0 0.6590116628592041 0
13 ec.gp.GPIndividual@1654672186{-1431524295} 0.0 48815.0 10087.0 0.047586001784475064 5 35 21.0 0.0 0.047586001784475064 0
13 ec.gp.GPIndividual@947671364{-1873325679} 0.0 59408.0 8160.0 0.25392156862745097 5 41 21.0 0.0 0.25392156862745097 0
13 ec.gp.GPIndividual@1271659082{-245328676} 0.0 56084.0 10054.0 0.230555002983887 5 43 21.0 0.0 0.230555002983887 0
13 ec.gp.GPIndividual@1304861501{-1980657092} 0.0 62595.0 8317.0 0.043525309606829383 5 27 21.0 0.0 0.043525309606829383 0
13 ec.gp.GPIndividual@1271659082{-245328676} 0.0 56084.0 8387.0 0.47514009777035887 13 ec.gp.GPIndividual@947671364{-1873325679} 5 43 21.0 0.0 0.0 0.47514009777035887 0
60026.0 12802.0 0.15247617559756288 5 41 21.0 0.0 0.15247617559756288 0
13 ec.gp.GPIndividual@1271659082{-245328676} 0.0 56089.0 14578.0 0.15098093016874742 5 43 21.0 0.0 0.15098093016874742 0
13 ec.gp.GPIndividual@947671364{-1873325679} 0.0 59421.0 10087.0 0.01566372558738971 5 41 21.0 0.0 0.01566372558738971 0
13 ec.gp.GPIndividual@1271659082{-245328676} 0.0 56084.0 10861.0 0.13912162784274007 5 43 21.0 0.0 0.13912162784274007 0
13 ec.gp.GPIndividual@947671364{-1873325679} 0.0 59408.0 8317.0 0.2302512925333654 5 41 21.0 0.0 0.2302512925333654 0
13 ec.gp.GPIndividual@1654672186{-1431524295} 0.0 48268.0 8317.0 0.20476133221113382 5 35 21.0 0.0 0.20476133221113382 0
13 ec.gp.GPIndividual@1271659082{-245328676} 0.0 56084.0 8160.0 0.5161764705882353 5 43 21.0 0.0 0.5161764705882353 0
13 ec.gp.GPIndividual@1701465134{675895115} 0.0 59409.0 10054.0 0.01780385916053312 5 41 21.0 0.0 0.01780385916053312 0
13 ec.gp.GPIndividual@1271659082{-245328676} 0.0 56085.0 12802.0 0.03351038900171848 5 43 21.0 0.0 0.03351038900171848 0
13 ec.gp.GPIndividual@1701465134{675895115} 0.0 59409.0 8387.0 0.2201025396446882 5 41 21.0 0.0 0.2201025396446882 0
13 ec.gp.GPIndividual@1271659082{-245328676} 0.0 56084.0 10087.0 0.22652919599484486 5 43 21.0 0.0 0.22652919599484486 0
13 ec.gp.GPIndividual@1355453188{-1284961046} 0.0 52788.0 10054.0 0.09727471653073404 5 46 21.0 0.0 0.09727471653073404 0
13 ec.gp.GPIndividual@1701465134{675895115} 0.0 13 ec.gp.GPIndividual@1271659082{-245328676} 0.0 60038.0 8317.0 0.25490465084373715 56084.0 8317.0 0.4875556089936275 5 41 21.0 0.0 5 43 21.0 0.0 0.4875556089936275 0
0.25490465084373715 0
13 ec.gp.GPIndividual@1701465134{675895115} 0.0 59421.0 10861.0 0.05671669275389007 5 41 21.0 0.0 0.05671669275389007 0
13 ec.gp.GPIndividual@1355453188{-1284961046} 0.0 52788.0 8387.0 0.08215094789555265 5 46 21.0 0.0 0.08215094789555265 0
13 ec.gp.GPIndividual@1701465134{675895115} 13 ec.gp.GPIndividual@862312033{1538995849} 0.0 0.0 62597.0 10054.0 0.2085737020091506 59408.0 10054.0 0.25392156862745097 5 44 21.0 0.0 5 41 21.0 0.0 0.2085737020091506 0
0.25392156862745097 0
13 ec.gp.GPIndividual@1701465134{675895115} 0.0 60026.0 12802.0 0.15247617559756288 5 41 21.0 0.0 0.15247617559756288 0
13 ec.gp.GPIndividual@1355453188{-1284961046} 0.0 54576.0 14578.0 0.2547674578131431 5 46 21.0 0.0 0.2547674578131431 0
13 ec.gp.GPIndividual@862312033{1538995849} 0.0 62597.0 8387.0 0.05126982234410397 13 ec.gp.GPIndividual@1701465134{675895115} 5 44 21.0 0.0 0.0 0.05126982234410397 0
59421.0 10087.0 0.01566372558738971 5 41 21.0 0.0 0.01566372558738971 0
13 ec.gp.GPIndividual@1701465134{675895115} 0.0 59408.0 8317.0 0.2302512925333654 5 41 21.0 0.0 0.2302512925333654 0
13 ec.gp.GPIndividual@1355453188{-1284961046} 0.0 52800.0 10861.0 0.16324463677377773 5 46 21.0 0.0 0.16324463677377773 0
13 ec.gp.GPIndividual@862312033{1538995849} 0.0 64385.0 14578.0 0.3315269584305117 5 44 21.0 0.0 0.3315269584305117 0
13 ec.gp.GPIndividual@1355453188{-1284961046} 0.0 52786.0 8160.0 0.11200980392156863 5 46 21.0 0.0 0.11200980392156863 0
13 ec.gp.GPIndividual@862312033{1538995849} 0.0 62609.0 10861.0 0.26627382377313324 5 44 21.0 0.0 0.26627382377313324 0
13 ec.gp.GPIndividual@1355453188{-1284961046} 0.0 53899.0 12802.0 0.2042649586002187 5 46 21.0 0.0 0.2042649586002187 0
13 ec.gp.GPIndividual@862312033{1538995849} 0.0 62595.0 8160.0 0.025122549019607844 5 44 21.0 0.0 0.025122549019607844 0
13 ec.gp.GPIndividual@1355453188{-1284961046} 0.0 52800.0 10087.0 0.09903836621393873 5 46 21.0 0.0 0.09903836621393873 0
13 ec.gp.GPIndividual@862312033{1538995849} 0.0 63708.0 12802.0 0.29167317606623966 5 44 21.0 0.0 0.29167317606623966 0
13 ec.gp.GPIndividual@862312033{1538995849} 0.0 62609.0 10087.0 0.20997323287399625 5 44 21.0 0.0 0.20997323287399625 0
13 ec.gp.GPIndividual@1355453188{-1284961046} 0.0 52786.0 8317.0 0.0910183960562703 5 46 21.0 0.0 0.0910183960562703 0
13 ec.gp.GPIndividual@978583191{1409211818} 0.0 59413.0 10054.0 0.018201710761885818 5 40 21.0 0.0 0.018201710761885818 0
13 ec.gp.GPIndividual@862312033{1538995849} 0.0 62595.0 8317.0 0.043525309606829383 5 44 21.0 0.0 0.043525309606829383 0
13 ec.gp.GPIndividual@978583191{1409211818} 0.0 59413.0 8387.0 0.22057946822463337 5 40 21.0 0.0 0.22057946822463337 0
13 ec.gp.GPIndividual@978583191{1409211818} 0.0 60030.0 14578.0 0.25545342296611334 5 40 21.0 0.0 0.25545342296611334 0
13 ec.gp.GPIndividual@978583191{1409211818} 0.0 59413.0 10861.0 0.05745327317926526 5 40 21.0 0.0 0.05745327317926526 0
13 ec.gp.GPIndividual@978583191{1409211818} 0.0 59408.0 8160.0 0.25392156862745097 5 40 21.0 0.0 0.25392156862745097 0
13 ec.gp.GPIndividual@978583191{1409211818} 0.0 60026.0 12802.0 0.15247617559756288 5 40 21.0 0.0 0.15247617559756288 0
13 ec.gp.GPIndividual@978583191{1409211818} 0.0 59413.0 10087.0 0.014870625557648459 5 40 21.0 0.0 0.014870625557648459 0
13 ec.gp.GPIndividual@978583191{1409211818} 0.0 59408.0 8317.0 0.2302512925333654 5 40 21.0 0.0 0.2302512925333654 0
14 ec.gp.GPIndividual@1634118767{-1803374109} 0.0 91632.0 10054.0 0.5814601153769644 4 25 21.0 0.0 0.5814601153769644 0
14 ec.gp.GPIndividual@1634118767{-1803374109} 14 ec.gp.GPIndividual@2112192025{1305544053} 0.0 0.0 67102.0 8387.0 0.3039586234334593 91632.0 8387.0 0.49827113389769884 5 37 21.0 0.0 4 25 21.0 0.0 0.3039586234334593 0
14 ec.gp.GPIndividual@1893924418{-277809128} 0.0 14 ec.gp.GPIndividual@385325691{568276778} 59488.0 10054.0 0.025661428287248857 0.0 5 39 21.0 0.0 0.49827113389769884 0
14 ec.gp.GPIndividual@2112192025{1305544053} 0.0 67102.0 8387.0 0.16561344938595446 68057.0 10054.0 0.2089715536105033 5 37 21.0 0.0 14 ec.gp.GPIndividual@987438960{-1506719723} 0.16561344938595446 0
14 ec.gp.GPIndividual@1634118767{-1803374109} 0.0 91683.0 14578.0 0.7078474413499795 0.025661428287248857 0
4 25 21.0 0.0 0.7078474413499795 0
14 ec.gp.GPIndividual@2112192025{1305544053} 0.0 5 25 21.0 0.0 14 ec.gp.GPIndividual@165658603{1993154317} 67736.0 10054.0 0.47647139525312115 0.0 0.2089715536105033 0
0.0 14 ec.gp.GPIndividual@1893924418{-277809128} 0.0 69341.0 8387.0 0.08126118957628804 14 ec.gp.GPIndividual@1634118767{-1803374109} 59488.0 8387.0 0.229521879098605 5 31 21.0 0.0 0.0 5 39 21.0 0.0 0.08126118957628804 0
64452.0 10054.0 0.024070021881838075 5 41 21.0 0.0 0.024070021881838075 0
5 37 21.0 0.0 0.47647139525312115 0
91632.0 8387.0 0.6125586962526471 14 ec.gp.GPIndividual@385325691{568276778} 4 25 21.0 0.0 0.229521879098605 0
14 ec.gp.GPIndividual@987438960{-1506719723} 0.0 0.6125586962526471 0
0.0 68057.0 10861.0 0.05174675092404912 14 ec.gp.GPIndividual@2112192025{1305544053} 5 25 21.0 0.0 0.0 0.05174675092404912 0
69341.0 8387.0 0.10134732323834506 5 31 21.0 0.0 0.10134732323834506 0
14 ec.gp.GPIndividual@1634118767{-1803374109} 0.0 91632.0 14578.0 0.4843137254901961 67516.0 10861.0 0.31755823588988125 4 25 21.0 0.0 5 37 21.0 0.0 14 ec.gp.GPIndividual@1893924418{-277809128} 0.31755823588988125 0
0.4843137254901961 0
0.0 59573.0 14578.0 0.2868020304568528 5 39 21.0 0.0 0.2868020304568528 0
14 ec.gp.GPIndividual@2112192025{1305544053} 0.0 14 ec.gp.GPIndividual@1634118767{-1803374109} 67038.0 12802.0 0.15024509803921568 0.0 14 ec.gp.GPIndividual@385325691{568276778} 5 37 21.0 0.0 91632.0 12802.0 0.6713013591626308 0.0 4 25 21.0 0.0 0.15024509803921568 0
14 ec.gp.GPIndividual@987438960{-1506719723} 0.0 68875.0 12802.0 0.39833996432981206 14 ec.gp.GPIndividual@165658603{1993154317} 5 31 21.0 0.0 0.0 0.6713013591626308 0
68686.0 12802.0 0.41130470572094935 14 ec.gp.GPIndividual@1893924418{-277809128} 0.0 14 ec.gp.GPIndividual@2112192025{1305544053} 5 25 21.0 0.0 0.0 59488.0 12802.0 0.0505478316913728 0.41130470572094935 0
64439.0 12802.0 0.16835578872063908 5 41 21.0 0.0 0.16835578872063908 0
0.39833996432981206 0
14 ec.gp.GPIndividual@1634118767{-1803374109} 0.0 91632.0 10087.0 0.5828293843561019 67516.0 12802.0 0.42102796438056556 4 25 21.0 0.0 5 37 21.0 0.0 0.5828293843561019 0
5 39 21.0 0.0 0.0505478316913728 0
14 ec.gp.GPIndividual@1634118767{-1803374109} 0.0 0.42102796438056556 0
14 ec.gp.GPIndividual@987438960{-1506719723} 0.0 91632.0 8317.0 0.49404833473608273 68672.0 10861.0 0.21112236442316545 5 31 21.0 0.0 4 25 21.0 0.0 0.21112236442316545 0
14 ec.gp.GPIndividual@385325691{568276778} 0.0 0.49404833473608273 0
14 ec.gp.GPIndividual@1893924418{-277809128} 0.0 68069.0 10861.0 0.26664211398582083 59488.0 8160.0 0.26372549019607844 5 39 21.0 0.0 5 25 21.0 0.0 0.26372549019607844 0
14 ec.gp.GPIndividual@2112192025{1305544053} 0.0 14 ec.gp.GPIndividual@987438960{-1506719723} 0.26664211398582083 0
0.0 69341.0 8160.0 0.13198529411764706 5 31 21.0 0.0 67526.0 8160.0 0.2642014474075543 0.13198529411764706 0
14 ec.gp.GPIndividual@33538786{-1206358060} 0.0 14 ec.gp.GPIndividual@1893924418{-277809128} 68060.0 10054.0 0.20867316490948876 5 31 21.0 0.0 0.0 0.20867316490948876 0
5 37 21.0 0.0 0.2642014474075543 0
14 ec.gp.GPIndividual@165658603{1993154317} 59522.0 10054.0 0.1918450242149664 0.0 5 39 21.0 0.0 0.1918450242149664 0
14 ec.gp.GPIndividual@987438960{-1506719723} 0.0 63890.0 14578.0 0.36548223350253806 68685.0 12802.0 0.32971410717075456 14 ec.gp.GPIndividual@2112192025{1305544053} 5 41 21.0 0.0 0.0 67038.0 8317.0 0.16628592040399182 0.36548223350253806 0
14 ec.gp.GPIndividual@33538786{-1206358060} 0.0 68060.0 8387.0 0.05138905448909026 5 31 21.0 0.0 14 ec.gp.GPIndividual@385325691{568276778} 0.05138905448909026 0
14 ec.gp.GPIndividual@1893924418{-277809128} 5 31 21.0 0.0 0.0 0.32971410717075456 0
5 37 21.0 0.0 0.16628592040399182 0
59488.0 10087.0 0.022305938336472687 5 39 21.0 0.0 0.022305938336472687 0
0.0 14 ec.gp.GPIndividual@1020536622{2048098427} 68055.0 10087.0 0.025612745098039215 0.0 5 25 21.0 0.0 81995.0 10054.0 0.45305351104038194 5 32 21.0 0.0 0.025612745098039215 0
14 ec.gp.GPIndividual@987438960{-1506719723} 0.0 14 ec.gp.GPIndividual@33538786{-1206358060} 69115.0 10087.0 0.10667195400019827 0.0 68689.0 10087.0 0.4110989161750583 5 31 21.0 0.0 5 31 21.0 0.0 0.45305351104038194 0
14 ec.gp.GPIndividual@1893924418{-277809128} 0.0 59488.0 8317.0 0.2398701454851509 0.10667195400019827 0
14 ec.gp.GPIndividual@1020536622{2048098427} 0.0 0.4110989161750583 0
81995.0 8387.0 0.3443424347204006 5 32 21.0 0.0 0.3443424347204006 0
5 39 21.0 0.0 0.2398701454851509 0
14 ec.gp.GPIndividual@385325691{568276778} 0.0 14 ec.gp.GPIndividual@1020536622{2048098427} 0.0 68674.0 14578.0 0.33057334791438836 82203.0 14578.0 0.6085196871998902 5 25 21.0 0.0 5 32 21.0 0.0 0.6085196871998902 0
14 ec.gp.GPIndividual@165658603{1993154317} 0.0 63791.0 10861.0 0.15744406592394808 0.33057334791438836 0
14 ec.gp.GPIndividual@33538786{-1206358060} 0.0 68072.0 10861.0 0.26636589632630514 5 31 21.0 0.0 14 ec.gp.GPIndividual@1020536622{2048098427} 5 41 21.0 0.0 0.0 0.26636589632630514 0
0.15744406592394808 0
81995.0 10861.0 0.49369303010772486 14 ec.gp.GPIndividual@987438960{-1506719723} 5 32 21.0 0.0 0.0 0.49369303010772486 0
14 ec.gp.GPIndividual@1127542800{1416153322} 0.0 64336.0 10054.0 0.03560771832106624 69341.0 8317.0 0.11061680894553325 5 34 21.0 0.0 5 31 21.0 0.0 0.03560771832106624 0
0.11061680894553325 0
14 ec.gp.GPIndividual@1020536622{2048098427} 0.0 81995.0 8160.0 0.3261029411764706 5 32 21.0 0.0 0.3261029411764706 0
14 ec.gp.GPIndividual@33538786{-1206358060} 0.0 68055.0 8160.0 0.025612745098039215 14 ec.gp.GPIndividual@385325691{568276778} 5 31 21.0 0.0 0.0 0.025612745098039215 0
14 ec.gp.GPIndividual@1290935034{61688910} 14 ec.gp.GPIndividual@1020536622{2048098427} 0.0 0.0 82029.0 12802.0 0.5678019059521949 68069.0 8160.0 0.21036978288886685 5 32 21.0 0.0 74186.0 12802.0 0.14282872488561765 5 25 21.0 0.0 0.5678019059521949 0
0.21036978288886685 0
5 29 21.0 0.0 14 ec.gp.GPIndividual@1020536622{2048098427} 0.0 0.14282872488561765 0
14 ec.gp.GPIndividual@1127542800{1416153322} 0.0 81995.0 10087.0 0.45484286705660754 64336.0 10087.0 0.1560748777870514 5 32 21.0 0.0 5 34 21.0 0.0 0.1560748777870514 0
0.45484286705660754 0
14 ec.gp.GPIndividual@33538786{-1206358060} 0.0 68677.0 8387.0 0.330339009529761 14 ec.gp.GPIndividual@1290935034{61688910} 5 31 21.0 0.0 0.0 0.330339009529761 0
14 ec.gp.GPIndividual@385325691{568276778} 0.0 14 ec.gp.GPIndividual@1020536622{2048098427} 68055.0 8317.0 0.04400625225441866 14 ec.gp.GPIndividual@165658603{1993154317} 0.0 5 25 21.0 0.0 0.0 0.04400625225441866 0
74186.0 8387.0 0.027542625491832597 5 29 21.0 0.0 63792.0 8160.0 0.12156862745098039 0.027542625491832597 0
14 ec.gp.GPIndividual@1127542800{1416153322} 0.0 63857.0 14578.0 0.36774591850733984 81995.0 8160.0 0.3388240952266442 5 34 21.0 0.0 5 32 21.0 0.0 0.3388240952266442 0
5 41 21.0 0.0 14 ec.gp.GPIndividual@1363276552{1640778700} 0.0 0.12156862745098039 0
14 ec.gp.GPIndividual@1290935034{61688910} 0.0 0.36774591850733984 0
73731.0 14578.0 0.44004664563040197 5 29 21.0 0.0 0.44004664563040197 0
14 ec.gp.GPIndividual@33538786{-1206358060} 0.0 68072.0 14578.0 0.2100723703777139 70581.0 10054.0 0.5013924806047344 5 31 21.0 0.0 5 39 21.0 0.0 0.2100723703777139 0
0.5013924806047344 0
14 ec.gp.GPIndividual@1290935034{61688910} 0.0 73517.0 10861.0 0.2681152748365712 5 29 21.0 0.0 0.2681152748365712 0
14 ec.gp.GPIndividual@1127542800{1416153322} 0.0 63786.0 10861.0 0.15790442868980756 5 34 21.0 0.0 0.15790442868980756 0
14 ec.gp.GPIndividual@33538786{-1206358060} 0.0 14 ec.gp.GPIndividual@1363276552{1640778700} 68055.0 8387.0 0.04400625225441866 14 ec.gp.GPIndividual@1290935034{61688910} 0.0 5 31 21.0 0.0 0.0 70581.0 8160.0 0.40228925718373676 0.04400625225441866 0
74186.0 8160.0 0.05612745098039216 5 29 21.0 0.0 0.05612745098039216 0
14 ec.gp.GPIndividual@1719187329{-1767616911} 5 39 21.0 0.0 0.0 0.40228925718373676 0
14 ec.gp.GPIndividual@1127542800{1416153322} 14 ec.gp.GPIndividual@165658603{1993154317} 0.0 0.0 63914.0 8160.0 0.2755819403218247 5 41 21.0 0.0 52788.0 10054.0 0.09727471653073404 0.2755819403218247 0
14 ec.gp.GPIndividual@1290935034{61688910} 0.0 5 41 21.0 0.0 73551.0 12802.0 0.37642555850648335 0.09727471653073404 0
14 ec.gp.GPIndividual@86582122{-220967461} 0.0 63700.0 10054.0 0.09886612293614482 64336.0 8160.0 0.18823529411764706 5 43 21.0 0.0 0.09886612293614482 0
5 29 21.0 0.0 0.37642555850648335 0
14 ec.gp.GPIndividual@1363276552{1640778700} 0.0 5 34 21.0 0.0 71563.0 14578.0 0.5887638907943477 5 39 21.0 0.0 0.18823529411764706 0
0.5887638907943477 0
14 ec.gp.GPIndividual@1290935034{61688910} 0.0 73960.0 10087.0 0.16803806880142758 5 29 21.0 0.0 0.16803806880142758 0
14 ec.gp.GPIndividual@86582122{-220967461} 0.0 63604.0 8387.0 0.06879694765708835 5 43 21.0 0.0 0.06879694765708835 0
14 ec.gp.GPIndividual@1290935034{61688910} 0.0 14 ec.gp.GPIndividual@1363276552{1640778700} 74186.0 8317.0 0.036190934231092944 0.0 5 29 21.0 0.0 71078.0 8317.0 0.492680232022834 0.036190934231092944 0
5 39 21.0 0.0 14 ec.gp.GPIndividual@1127542800{1416153322} 0.492680232022834 0
14 ec.gp.GPIndividual@165658603{1993154317} 0.0 0.0 63791.0 10087.0 0.09279270347972637 5 41 21.0 0.0 63667.0 10087.0 0.2948758006561475 0.09279270347972637 0
5 34 21.0 0.0 0.2948758006561475 0
14 ec.gp.GPIndividual@1719187329{-1767616911} 0.0 52788.0 8387.0 0.08215094789555265 14 ec.gp.GPIndividual@1363276552{1640778700} 5 41 21.0 0.0 0.0 0.08215094789555265 0
71297.0 8160.0 0.29791666666666666 5 39 21.0 0.0 0.29791666666666666 0
14 ec.gp.GPIndividual@86582122{-220967461} 0.0 62672.0 14578.0 0.449032789134312 5 43 21.0 0.0 0.449032789134312 0
14 ec.gp.GPIndividual@1363276552{1640778700} 0.0 71099.0 12802.0 0.5679581315419465 5 39 21.0 0.0 0.5679581315419465 0
14 ec.gp.GPIndividual@1127542800{1416153322} 0.0 63796.0 10087.0 0.0922970159611381 5 34 21.0 0.0 0.0922970159611381 0
14 ec.gp.GPIndividual@1363276552{1640778700} 0.0 14 ec.gp.GPIndividual@86582122{-220967461} 70614.0 10087.0 0.49975215624070585 0.0 5 39 21.0 0.0 62064.0 10861.0 0.31645336525181844 0.49975215624070585 0
5 43 21.0 0.0 0.31645336525181844 0
14 ec.gp.GPIndividual@1510847016{-1952482555} 0.0 54616.0 10054.0 0.08454346528744779 5 37 21.0 0.0 0.08454346528744779 0
14 ec.gp.GPIndividual@165658603{1993154317} 0.0 14 ec.gp.GPIndividual@1363276552{1640778700} 0.0 14 ec.gp.GPIndividual@1127542800{1416153322} 63792.0 8317.0 0.10039677768426115 71297.0 8317.0 0.31116989299026093 0.0 5 41 21.0 0.0 5 39 21.0 0.0 64336.0 8317.0 0.16580497775640254 0.10039677768426115 0
0.31116989299026093 0
5 34 21.0 0.0 0.16580497775640254 0
14 ec.gp.GPIndividual@1719187329{-1767616911} 0.0 54576.0 14578.0 0.2547674578131431 5 41 21.0 0.0 0.2547674578131431 0
14 ec.gp.GPIndividual@333365394{-972584645} 0.0 77203.0 10054.0 0.3862144420131291 14 ec.gp.GPIndividual@86582122{-220967461} 5 26 21.0 0.0 0.0 0.3862144420131291 0
62504.0 10054.0 0.03627450980392157 5 43 21.0 0.0 0.03627450980392157 0
14 ec.gp.GPIndividual@333365394{-972584645} 0.0 77395.0 8387.0 0.24132586145224752 5 26 21.0 0.0 0.24132586145224752 0
14 ec.gp.GPIndividual@431523919{-955701922} 0.0 63711.0 10054.0 0.0977720310324249 5 34 21.0 0.0 0.0977720310324249 0
14 ec.gp.GPIndividual@888323335{-1612018416} 14 ec.gp.GPIndividual@333365394{-972584645} 0.0 0.0 61532.0 14578.0 0.22896359657847623 77424.0 14578.0 0.5615310742214296 5 34 21.0 0.0 5 26 21.0 0.0 0.22896359657847623 0
0.5615310742214296 0
14 ec.gp.GPIndividual@86582122{-220967461} 0.0 61878.0 12802.0 0.43461959068895484 14 ec.gp.GPIndividual@1510847016{-1952482555} 5 43 21.0 0.0 0.0 0.43461959068895484 0
14 ec.gp.GPIndividual@333365394{-972584645} 0.0 14 ec.gp.GPIndividual@1719187329{-1767616911} 76610.0 10861.0 0.4864192984071448 5 26 21.0 0.0 0.0 0.4864192984071448 0
54818.0 12802.0 0.3241922022177179 5 37 21.0 0.0 52800.0 10861.0 0.16324463677377773 14 ec.gp.GPIndividual@431523919{-955701922} 0.3241922022177179 0
14 ec.gp.GPIndividual@333365394{-972584645} 0.0 5 41 21.0 0.0 77191.0 8160.0 0.2452205882352941 0.16324463677377773 0
14 ec.gp.GPIndividual@888323335{-1612018416} 0.0 0.0 61532.0 8387.0 0.4732323834505783 5 34 21.0 0.0 5 26 21.0 0.0 0.4732323834505783 0
14 ec.gp.GPIndividual@86582122{-220967461} 0.0 63711.0 8387.0 0.0815547871706212 62064.0 10087.0 0.26400317240011895 5 34 21.0 0.0 0.0815547871706212 0
0.2452205882352941 0
5 43 21.0 0.0 0.26400317240011895 0
14 ec.gp.GPIndividual@333365394{-972584645} 0.0 77014.0 12802.0 0.5327292610529605 5 26 21.0 0.0 0.5327292610529605 0
14 ec.gp.GPIndividual@888323335{-1612018416} 0.0 14 ec.gp.GPIndividual@333365394{-972584645} 0.0 60970.0 10087.0 0.1909726985869118 5 34 21.0 0.0 76610.0 10087.0 0.4470110042629127 0.1909726985869118 0
5 26 21.0 0.0 0.4470110042629127 0
14 ec.gp.GPIndividual@86582122{-220967461} 0.0 62504.0 8317.0 0.05446675483948539 5 43 21.0 0.0 0.05446675483948539 0
14 ec.gp.GPIndividual@1510847016{-1952482555} 0.0 14 ec.gp.GPIndividual@431523919{-955701922} 14 ec.gp.GPIndividual@333365394{-972584645} 0.0 0.0 55521.0 14578.0 0.18994375085745643 14 ec.gp.GPIndividual@1719187329{-1767616911} 64386.0 8317.0 0.3314583619152147 0.0 77191.0 8317.0 0.25946855837441385 5 34 21.0 0.0 5 26 21.0 0.0 0.25946855837441385 0
5 37 21.0 0.0 0.18994375085745643 0
14 ec.gp.GPIndividual@888323335{-1612018416} 0.0 60559.0 10861.0 0.04806187275573152 5 34 21.0 0.0 0.3314583619152147 0
52786.0 8160.0 0.11200980392156863 5 41 21.0 0.0 0.11200980392156863 0
0.04806187275573152 0
14 ec.gp.GPIndividual@888323335{-1612018416} 0.0 61532.0 8160.0 0.5142156862745098 5 34 21.0 0.0 0.5142156862745098 0
14 ec.gp.GPIndividual@431523919{-955701922} 0.0 63711.0 10861.0 0.16480987017770002 5 34 21.0 0.0 0.16480987017770002 0
14 ec.gp.GPIndividual@1510847016{-1952482555} 0.0 54194.0 10861.0 0.034895497652149894 5 37 21.0 0.0 0.034895497652149894 0
14 ec.gp.GPIndividual@1719187329{-1767616911} 0.0 53899.0 12802.0 0.2042649586002187 5 41 21.0 0.0 0.2042649586002187 0
14 ec.gp.GPIndividual@888323335{-1612018416} 0.0 60970.0 12802.0 0.07873769723480706 5 34 21.0 0.0 0.07873769723480706 0
14 ec.gp.GPIndividual@431523919{-955701922} 0.0 63711.0 8160.0 0.1116421568627451 5 34 21.0 0.0 0.1116421568627451 0
14 ec.gp.GPIndividual@888323335{-1612018416} 0.0 60559.0 10087.0 0.12848220481808267 5 34 21.0 0.0 0.12848220481808267 0
14 ec.gp.GPIndividual@1510847016{-1952482555} 0.0 54816.0 8160.0 0.3607843137254902 5 37 21.0 0.0 0.3607843137254902 0
14 ec.gp.GPIndividual@1719187329{-1767616911} 0.0 52800.0 10087.0 0.09903836621393873 5 41 21.0 0.0 0.09903836621393873 0
14 ec.gp.GPIndividual@431523919{-955701922} 0.0 65365.0 12802.0 0.16224027495703797 5 34 21.0 0.0 0.16224027495703797 0
14 ec.gp.GPIndividual@888323335{-1612018416} 0.0 61532.0 8317.0 0.4856318384032704 5 34 21.0 0.0 0.4856318384032704 0
14 ec.gp.GPIndividual@232084279{2112262730} 0.0 105260.0 10054.0 0.8563755719116769 1 1 21.0 0.0 0.8563755719116769 0
14 ec.gp.GPIndividual@232084279{2112262730} 0.0 105260.0 8387.0 0.8278287826397996 1 1 21.0 0.0 0.8278287826397996 0
14 ec.gp.GPIndividual@232084279{2112262730} 0.0 105260.0 14578.0 0.9009466319110989 1 1 21.0 0.0 0.9009466319110989 0
14 ec.gp.GPIndividual@232084279{2112262730} 0.0 105260.0 10861.0 0.8670472332197772 1 1 21.0 0.0 0.8670472332197772 0
14 ec.gp.GPIndividual@232084279{2112262730} 0.0 105260.0 8160.0 0.8230392156862745 1 1 21.0 0.0 0.8230392156862745 0
14 ec.gp.GPIndividual@232084279{2112262730} 0.0 105260.0 12802.0 0.8872051241993438 1 1 21.0 0.0 0.8872051241993438 0
14 ec.gp.GPIndividual@431523919{-955701922} 0.0 63711.0 10087.0 0.10072370377713889 5 34 21.0 0.0 14 ec.gp.GPIndividual@232084279{2112262730} 0.10072370377713889 0
0.0 105260.0 10087.0 0.8568454446317042 1 1 21.0 0.0 0.8568454446317042 0
14 ec.gp.GPIndividual@1510847016{-1952482555} 0.0 54844.0 12802.0 0.1304483674425871 5 37 21.0 0.0 0.1304483674425871 0
14 ec.gp.GPIndividual@232084279{2112262730} 14 ec.gp.GPIndividual@1719187329{-1767616911} 0.0 0.0 105260.0 8317.0 0.8263797042202717 52786.0 8317.0 0.0910183960562703 1 1 21.0 0.0 5 41 21.0 0.0 0.8263797042202717 0
0.0910183960562703 0
14 ec.gp.GPIndividual@431523919{-955701922} 0.0 63711.0 8317.0 0.09065768907057833 5 34 21.0 0.0 0.09065768907057833 0
14 ec.gp.GPIndividual@1371839580{531736250} 0.0 58911.0 10054.0 0.03172866520787746 5 43 21.0 0.0 0.03172866520787746 0
14 ec.gp.GPIndividual@1789049889{-1612018416} 0.0 61532.0 10054.0 0.22896359657847623 5 34 21.0 0.0 0.22896359657847623 0
14 ec.gp.GPIndividual@221591704{-2024535654} 0.0 64422.0 10054.0 0.02705390889198329 5 41 21.0 0.0 0.02705390889198329 0
14 ec.gp.GPIndividual@1371839580{531736250} 0.0 58911.0 8387.0 0.16072493144151664 5 43 21.0 0.0 14 ec.gp.GPIndividual@1510847016{-1952482555} 0.16072493144151664 0
0.0 54194.0 8387.0 0.039159313968474274 5 37 21.0 0.0 0.039159313968474274 0
14 ec.gp.GPIndividual@1789049889{-1612018416} 0.0 61532.0 8387.0 0.4732323834505783 5 34 21.0 0.0 0.4732323834505783 0
14 ec.gp.GPIndividual@221591704{-2024535654} 14 ec.gp.GPIndividual@1371839580{531736250} 0.0 0.0 64496.0 14578.0 0.17515202098485752 58622.0 14578.0 0.3520373165043216 5 41 21.0 0.0 5 43 21.0 0.0 0.17515202098485752 0
0.3520373165043216 0
14 ec.gp.GPIndividual@548131358{-134613263} 0.0 50931.0 10054.0 0.2819773224587229 5 31 21.0 0.0 0.2819773224587229 0
14 ec.gp.GPIndividual@1789049889{-1612018416} 0.0 60970.0 14578.0 0.1909726985869118 5 34 21.0 0.0 0.1909726985869118 0
14 ec.gp.GPIndividual@1371839580{531736250} 0.0 58911.0 10861.0 0.1036736948715588 5 43 21.0 0.0 14 ec.gp.GPIndividual@221591704{-2024535654} 0.0 0.1036736948715588 0
64386.0 14578.0 0.3314583619152147 5 41 21.0 0.0 0.3314583619152147 0
14 ec.gp.GPIndividual@1510847016{-1952482555} 0.0 54816.0 8317.0 0.33509678970782736 5 37 21.0 0.0 0.33509678970782736 0
14 ec.gp.GPIndividual@1789049889{-1612018416} 0.0 60559.0 10861.0 0.04806187275573152 5 34 21.0 0.0 0.04806187275573152 0
14 ec.gp.GPIndividual@1371839580{531736250} 0.0 58911.0 8160.0 0.19301470588235295 5 43 21.0 0.0 0.19301470588235295 0
14 ec.gp.GPIndividual@221591704{-2024535654} 0.0 64061.0 10861.0 0.13258447656753522 5 41 21.0 0.0 0.13258447656753522 0
14 ec.gp.GPIndividual@1789049889{-1612018416} 0.0 14 ec.gp.GPIndividual@1371839580{531736250} 61532.0 12802.0 0.5142156862745098 0.0 5 34 21.0 0.0 59042.0 12802.0 0.22933916575535074 0.5142156862745098 0
5 43 21.0 0.0 0.22933916575535074 0
14 ec.gp.GPIndividual@221591704{-2024535654} 0.0 64421.0 8160.0 0.1986519607843137 5 41 21.0 0.0 0.1986519607843137 0
14 ec.gp.GPIndividual@1371839580{531736250} 0.0 58911.0 10087.0 0.03489640130861505 5 43 21.0 0.0 0.03489640130861505 0
14 ec.gp.GPIndividual@1789049889{-1612018416} 0.0 60970.0 12802.0 0.07873769723480706 5 34 21.0 0.0 0.07873769723480706 0
14 ec.gp.GPIndividual@221591704{-2024535654} 0.0 64374.0 12802.0 0.23965005467895642 5 41 21.0 0.0 14 ec.gp.GPIndividual@602653991{905310956} 0.0 0.23965005467895642 0
70289.0 10054.0 0.013029639944300776 5 36 21.0 0.0 0.013029639944300776 0
14 ec.gp.GPIndividual@1371839580{531736250} 0.0 58911.0 8317.0 0.17049416857039798 5 43 21.0 0.0 0.17049416857039798 0
14 ec.gp.GPIndividual@1789049889{-1612018416} 0.0 60559.0 10087.0 0.12848220481808267 5 34 21.0 0.0 0.12848220481808267 0
14 ec.gp.GPIndividual@221591704{-2024535654} 0.0 64061.0 10087.0 0.06602557747595915 5 41 21.0 0.0 0.06602557747595915 0
14 ec.gp.GPIndividual@1789049889{-1612018416} 0.0 61532.0 8317.0 0.4856318384032704 5 34 21.0 0.0 0.4856318384032704 0
14 ec.gp.GPIndividual@221591704{-2024535654} 0.0 64421.0 8317.0 0.17602500901767465 5 41 21.0 0.0 0.17602500901767465 0
14 ec.gp.GPIndividual@276701569{-1852321592} 0.0 99798.0 10054.0 0.8561766461110006 2 3 21.0 0.0 0.8561766461110006 0
14 ec.gp.GPIndividual@276701569{-1852321592} 0.0 99798.0 8387.0 0.8275903183498271 2 3 21.0 0.0 0.8275903183498271 0
14 ec.gp.GPIndividual@276701569{-1852321592} 0.0 99972.0 14578.0 0.8888736452188228 2 3 21.0 0.0 0.8888736452188228 0
14 ec.gp.GPIndividual@276701569{-1852321592} 0.0 99798.0 10861.0 0.8668630881134334 2 3 21.0 0.0 0.8668630881134334 0
14 ec.gp.GPIndividual@242378005{1910839876} 14 ec.gp.GPIndividual@602653991{905310956} 0.0 0.0 59409.0 10054.0 0.01780385916053312 70286.0 10054.0 0.2140217002503875 14 ec.gp.GPIndividual@276701569{-1852321592} 5 36 21.0 0.0 5 36 21.0 0.0 0.0 0.01780385916053312 0
99798.0 8160.0 0.8227941176470588 2 3 21.0 0.0 0.8227941176470588 0
0.2140217002503875 0
14 ec.gp.GPIndividual@276701569{-1852321592} 0.0 99798.0 12802.0 0.8870488986095922 2 3 21.0 0.0 0.8870488986095922 0
14 ec.gp.GPIndividual@276701569{-1852321592} 0.0 99798.0 10087.0 0.8566471696242689 2 3 21.0 0.0 0.8566471696242689 0
14 ec.gp.GPIndividual@276701569{-1852321592} 0.0 99798.0 8317.0 0.8261392328964771 2 3 21.0 0.0 0.8261392328964771 0
14 ec.gp.GPIndividual@242378005{1910839876} 0.0 59409.0 8387.0 0.2201025396446882 5 36 21.0 0.0 0.2201025396446882 0
14 ec.gp.GPIndividual@1688921218{-1041572343} 0.0 11893.0 10054.0 0.18291227372190172 5 33 21.0 0.0 14 ec.gp.GPIndividual@242378005{1910839876} 0.18291227372190172 0
0.0 60038.0 14578.0 0.25490465084373715 5 36 21.0 0.0 0.25490465084373715 0
14 ec.gp.GPIndividual@602653991{905310956} 0.0 69526.0 14578.0 0.3536836328714501 5 36 21.0 0.0 0.3536836328714501 0
14 ec.gp.GPIndividual@242378005{1910839876} 14 ec.gp.GPIndividual@1688921218{-1041572343} 0.0 0.0 59421.0 8387.0 0.05671669275389007 11560.0 8387.0 0.3783235960414928 5 36 21.0 0.0 5 33 21.0 0.0 0.3783235960414928 0
0.05671669275389007 0
14 ec.gp.GPIndividual@242378005{1910839876} 0.0 59408.0 8160.0 0.25392156862745097 5 36 21.0 0.0 0.25392156862745097 0
14 ec.gp.GPIndividual@1688921218{-1041572343} 0.0 14917.0 14578.0 0.023254218685690768 5 33 21.0 0.0 0.023254218685690768 0
14 ec.gp.GPIndividual@242378005{1910839876} 0.0 60026.0 12802.0 0.15247617559756288 5 36 21.0 0.0 0.15247617559756288 0
14 ec.gp.GPIndividual@602653991{905310956} 0.0 69251.0 10861.0 0.15781235613663566 5 36 21.0 0.0 0.15781235613663566 0
14 ec.gp.GPIndividual@1688921218{-1041572343} 0.0 12416.0 10861.0 0.14317282018230365 5 33 21.0 0.0 0.14317282018230365 0
14 ec.gp.GPIndividual@242378005{1910839876} 0.0 59421.0 10087.0 0.01566372558738971 5 36 21.0 0.0 0.01566372558738971 0
14 ec.gp.GPIndividual@1688921218{-1041572343} 0.0 11919.0 8160.0 0.4606617647058823 5 33 21.0 0.0 0.4606617647058823 0
14 ec.gp.GPIndividual@242378005{1910839876} 0.0 59408.0 8317.0 0.2302512925333654 5 36 21.0 0.0 0.2302512925333654 0
14 ec.gp.GPIndividual@602653991{905310956} 14 ec.gp.GPIndividual@1688921218{-1041572343} 0.0 0.0 70296.0 12802.0 0.24901960784313726 14742.0 12802.0 0.15153882205905328 5 36 21.0 0.0 5 33 21.0 0.0 0.24901960784313726 0
0.15153882205905328 0
14 ec.gp.GPIndividual@1688921218{-1041572343} 0.0 12196.0 10087.0 0.2090809953405373 5 33 21.0 0.0 0.2090809953405373 0
14 ec.gp.GPIndividual@1688921218{-1041572343} 0.0 11930.0 8317.0 0.4344114464350126 5 33 21.0 0.0 0.4344114464350126 0
14 ec.gp.GPIndividual@602653991{905310956} 0.0 70289.0 12802.0 0.20442118418997032 5 36 21.0 0.0 0.20442118418997032 0
14 ec.gp.GPIndividual@965604008{704480563} 0.0 85472.0 10054.0 0.6506862940123334 5 32 21.0 0.0 0.6506862940123334 0
14 ec.gp.GPIndividual@965604008{704480563} 0.0 85472.0 8387.0 0.5812567068081554 5 32 21.0 0.0 0.5812567068081554 0
14 ec.gp.GPIndividual@965604008{704480563} 0.0 85943.0 14578.0 0.7267800795719578 5 32 21.0 0.0 0.7267800795719578 0
14 ec.gp.GPIndividual@965604008{704480563} 0.0 85472.0 10861.0 0.6766411932602892 5 32 21.0 0.0 0.6766411932602892 0
14 ec.gp.GPIndividual@965604008{704480563} 0.0 85472.0 8160.0 0.5696078431372549 5 32 21.0 0.0 0.5696078431372549 0
14 ec.gp.GPIndividual@965604008{704480563} 0.0 85472.0 12802.0 0.7256678643961881 5 32 21.0 0.0 0.7256678643961881 0
14 ec.gp.GPIndividual@965604008{704480563} 0.0 85472.0 10087.0 0.6518290869435908 5 32 21.0 0.0 0.6518290869435908 0
14 ec.gp.GPIndividual@965604008{704480563} 0.0 85472.0 8317.0 0.5777323554166166 5 32 21.0 0.0 0.5777323554166166 0
14 ec.gp.GPIndividual@548131358{-134613263} 1.0 35294.0 8387.0 0.04924287587933707 5 31 21.0 0.0 0.04924287587933707 0
14 ec.gp.GPIndividual@602653991{905310956} 0.0 69251.0 10087.0 0.093189253494597 5 36 21.0 0.0 0.093189253494597 0
14 ec.gp.GPIndividual@548131358{-134613263} 0.0 72957.0 14578.0 0.4931403484702977 5 31 21.0 0.0 0.4931403484702977 0
14 ec.gp.GPIndividual@602653991{905310956} 0.0 70296.0 8317.0 0.22544186605747266 5 36 21.0 0.0 0.22544186605747266 0
14 ec.gp.GPIndividual@1093238453{-4255070} 0.0 54619.0 10054.0 0.0848418539884623 5 32 21.0 0.0 0.0848418539884623 0
14 ec.gp.GPIndividual@1093238453{-4255070} 0.0 54693.0 8387.0 0.3092881840944319 5 32 21.0 0.0 0.3092881840944319 0
14 ec.gp.GPIndividual@548131358{-134613263} 0.0 50943.0 10861.0 0.33422336801399505 5 31 21.0 0.0 0.33422336801399505 0
14 ec.gp.GPIndividual@1093238453{-4255070} 0.0 54952.0 14578.0 0.22897516806146248 5 32 21.0 0.0 0.22897516806146248 0
14 ec.gp.GPIndividual@548131358{-134613263} 0.0 72323.0 8160.0 0.1721813725490196 5 31 21.0 0.0 0.1721813725490196 0
14 ec.gp.GPIndividual@1093238453{-4255070} 0.0 54505.0 10861.0 0.0062609336156891635 5 32 21.0 0.0 0.0062609336156891635 0
14 ec.gp.GPIndividual@548131358{-134613263} 0.0 68554.0 12802.0 0.33994688329948447 5 31 21.0 0.0 0.33994688329948447 0
14 ec.gp.GPIndividual@1093238453{-4255070} 1.0 53948.0 8160.0 0.25441176470588234 5 32 21.0 0.0 0.25441176470588234 0
14 ec.gp.GPIndividual@1093238453{-4255070} 0.0 55141.0 12802.0 0.1072488673644743 5 32 21.0 0.0 0.1072488673644743 0
14 ec.gp.GPIndividual@1093238453{-4255070} 0.0 54278.0 10087.0 0.04748686428075741 5 32 21.0 0.0 0.04748686428075741 0
14 ec.gp.GPIndividual@548131358{-134613263} 1.0 50943.0 10087.0 0.28313671061762663 5 31 21.0 0.0 0.28313671061762663 0
14 ec.gp.GPIndividual@1093238453{-4255070} 0.0 53731.0 8317.0 0.2046410965492365 5 32 21.0 0.0 0.2046410965492365 0
14 ec.gp.GPIndividual@491817376{-257940506} 0.0 56084.0 10054.0 0.230555002983887 5 43 21.0 0.0 0.230555002983887 0
14 ec.gp.GPIndividual@491817376{-257940506} 0.0 56084.0 8387.0 0.47514009777035887 5 43 21.0 0.0 0.47514009777035887 0
14 ec.gp.GPIndividual@491817376{-257940506} 0.0 56089.0 14578.0 0.15098093016874742 5 43 21.0 0.0 0.15098093016874742 0
14 ec.gp.GPIndividual@491817376{-257940506} 0.0 56084.0 10861.0 0.13912162784274007 5 43 21.0 0.0 0.13912162784274007 0
14 ec.gp.GPIndividual@491817376{-257940506} 0.0 56084.0 8160.0 0.5161764705882353 5 43 21.0 0.0 0.5161764705882353 0
14 ec.gp.GPIndividual@491817376{-257940506} 0.0 56085.0 12802.0 0.03351038900171848 5 43 21.0 0.0 0.03351038900171848 0
14 ec.gp.GPIndividual@491817376{-257940506} 0.0 56084.0 10087.0 0.22652919599484486 5 43 21.0 0.0 0.22652919599484486 0
14 ec.gp.GPIndividual@491817376{-257940506} 0.0 56084.0 8317.0 0.4875556089936275 5 43 21.0 0.0 0.4875556089936275 0
14 ec.gp.GPIndividual@548131358{-134613263} 1.0 35289.0 8317.0 0.041842010340266925 5 31 21.0 0.0 0.041842010340266925 0
14 ec.gp.GPIndividual@1962547120{-1842071848} 0.0 59409.0 10054.0 0.01780385916053312 5 41 21.0 0.0 0.01780385916053312 0
14 ec.gp.GPIndividual@1962547120{-1842071848} 0.0 59409.0 8387.0 0.2201025396446882 5 41 21.0 0.0 0.2201025396446882 0
14 ec.gp.GPIndividual@1962547120{-1842071848} 0.0 60038.0 14578.0 0.25490465084373715 5 41 21.0 0.0 0.25490465084373715 0
14 ec.gp.GPIndividual@1962547120{-1842071848} 0.0 59421.0 10861.0 0.05671669275389007 5 41 21.0 0.0 0.05671669275389007 0
14 ec.gp.GPIndividual@1962547120{-1842071848} 0.0 59408.0 8160.0 0.25392156862745097 5 41 21.0 0.0 0.25392156862745097 0
14 ec.gp.GPIndividual@1962547120{-1842071848} 0.0 60026.0 12802.0 0.15247617559756288 5 41 21.0 0.0 0.15247617559756288 0
14 ec.gp.GPIndividual@1962547120{-1842071848} 0.0 59421.0 10087.0 0.01566372558738971 5 41 21.0 0.0 0.01566372558738971 0
14 ec.gp.GPIndividual@1962547120{-1842071848} 0.0 59408.0 8317.0 0.2302512925333654 5 41 21.0 0.0 0.2302512925333654 0
14 ec.gp.GPIndividual@200094495{-1718803648} 0.0 60354.0 10054.0 0.11179629998010741 5 43 21.0 0.0 0.11179629998010741 0
14 ec.gp.GPIndividual@200094495{-1718803648} 0.0 60354.0 8387.0 0.33277691665673065 5 43 21.0 0.0 0.33277691665673065 0
14 ec.gp.GPIndividual@200094495{-1718803648} 0.0 60983.0 14578.0 0.1900809438880505 5 43 21.0 0.0 0.1900809438880505 0
14 ec.gp.GPIndividual@200094495{-1718803648} 0.0 60366.0 10861.0 0.03029186999355492 5 43 21.0 0.0 0.03029186999355492 0
14 ec.gp.GPIndividual@200094495{-1718803648} 0.0 60353.0 8160.0 0.36973039215686276 5 43 21.0 0.0 0.36973039215686276 0
14 ec.gp.GPIndividual@200094495{-1718803648} 0.0 60971.0 12802.0 0.07865958443993126 5 43 21.0 0.0 0.07865958443993126 0
14 ec.gp.GPIndividual@200094495{-1718803648} 0.0 60366.0 10087.0 0.109348666600575 5 43 21.0 0.0 0.109348666600575 0
14 ec.gp.GPIndividual@200094495{-1718803648} 0.0 60353.0 8317.0 0.3438739930263316 5 43 21.0 0.0 0.3438739930263316 0
15 ec.gp.GPIndividual@801762137{980212666} 0.0 105260.0 10054.0 0.8563755719116769 1 1 21.0 0.0 0.8563755719116769 0
15 ec.gp.GPIndividual@2025641333{861309715} 0.0 80835.0 10054.0 0.5684304754326636 5 29 21.0 0.0 15 ec.gp.GPIndividual@801762137{980212666} 0.0 0.5684304754326636 0
105260.0 8387.0 0.8278287826397996 1 1 21.0 0.0 0.8278287826397996 0
15 ec.gp.GPIndividual@2025641333{861309715} 0.0 15 ec.gp.GPIndividual@126301643{1292240194} 80835.0 8387.0 0.48265172290449504 0.0 5 29 21.0 0.0 0.48265172290449504 0
15 ec.gp.GPIndividual@492371193{-2111728438} 0.0 15 ec.gp.GPIndividual@801762137{980212666} 59409.0 10054.0 0.01780385916053312 5 36 21.0 0.0 0.0 72328.0 8387.0 0.3276307937139447 0.01780385916053312 0
15 ec.gp.GPIndividual@2025641333{861309715} 0.0 105260.0 10054.0 0.9009466319110989 81377.0 14578.0 0.6651804088352312 1 1 21.0 0.0 5 29 21.0 0.0 5 19 21.0 0.0 0.9009466319110989 0
0.3276307937139447 0
0.6651804088352312 0
15 ec.gp.GPIndividual@1192457083{230001994} 0.0 15 ec.gp.GPIndividual@801762137{980212666} 0.0 66900.0 10054.0 0.32405012930177046 105260.0 10054.0 0.8670472332197772 5 28 21.0 0.0 1 1 21.0 0.0 15 ec.gp.GPIndividual@712766672{1193570802} 0.8670472332197772 0
15 ec.gp.GPIndividual@492371193{-2111728438} 0.0 59409.0 8387.0 0.2201025396446882 0.0 5 36 21.0 0.0 15 ec.gp.GPIndividual@801762137{980212666} 0.0 0.2201025396446882 0
0.32405012930177046 0
15 ec.gp.GPIndividual@2025641333{861309715} 0.0 81185.0 8387.0 0.5682717981769635 5 29 21.0 0.0 15 ec.gp.GPIndividual@126301643{1292240194} 0.5682717981769635 0
105260.0 8160.0 0.8230392156862745 1 1 21.0 0.0 0.8230392156862745 0
54616.0 8160.0 0.08454346528744779 15 ec.gp.GPIndividual@2025641333{861309715} 5 41 21.0 0.0 0.0 0.08454346528744779 0
0.0 15 ec.gp.GPIndividual@492371193{-2111728438} 0.0 72328.0 14578.0 0.19399069989269108 80744.0 12802.0 0.47941176470588237 60038.0 14578.0 0.25490465084373715 5 19 21.0 0.0 5 29 21.0 0.0 5 36 21.0 0.0 0.47941176470588237 0
15 ec.gp.GPIndividual@801762137{980212666} 0.0 0.25490465084373715 0
0.19399069989269108 0
15 ec.gp.GPIndividual@1192457083{230001994} 0.0 66900.0 8387.0 0.1896983426731847 15 ec.gp.GPIndividual@2025641333{861309715} 5 28 21.0 0.0 0.0 0.1896983426731847 0
105260.0 14578.0 0.8872051241993438 1 1 21.0 0.0 0.8872051241993438 0
81185.0 8387.0 0.6337291048273708 5 29 21.0 0.0 15 ec.gp.GPIndividual@801762137{980212666} 0.6337291048273708 0
15 ec.gp.GPIndividual@492371193{-2111728438} 0.0 15 ec.gp.GPIndividual@126301643{1292240194} 59421.0 10861.0 0.05671669275389007 5 36 21.0 0.0 0.0 0.05671669275389007 0
0.0 105260.0 10861.0 0.8568454446317042 15 ec.gp.GPIndividual@2025641333{861309715} 1 1 21.0 0.0 72957.0 10861.0 0.4931403484702977 0.0 0.8568454446317042 0
80868.0 10087.0 0.5665708337464063 5 29 21.0 0.0 15 ec.gp.GPIndividual@801762137{980212666} 0.5665708337464063 0
5 19 21.0 0.0 15 ec.gp.GPIndividual@1192457083{230001994} 0.0 0.4931403484702977 0
0.0 15 ec.gp.GPIndividual@2025641333{861309715} 15 ec.gp.GPIndividual@712766672{1193570802} 0.0 0.0 67528.0 14578.0 0.4907394704349019 105260.0 8317.0 0.8263797042202717 5 28 21.0 0.0 1 1 21.0 0.0 0.4907394704349019 0
15 ec.gp.GPIndividual@492371193{-2111728438} 0.0 80744.0 8317.0 0.48923890826018995 59408.0 8160.0 0.25392156862745097 5 29 21.0 0.0 0.48923890826018995 0
54818.0 8317.0 0.3241922022177179 5 41 21.0 0.0 0.3241922022177179 0
0.8263797042202717 0
15 ec.gp.GPIndividual@126301643{1292240194} 0.0 5 36 21.0 0.0 72340.0 10861.0 0.3764846699198969 5 19 21.0 0.0 0.25392156862745097 0
0.3764846699198969 0
15 ec.gp.GPIndividual@1379052635{-309208110} 0.0 15 ec.gp.GPIndividual@1192457083{230001994} 0.0 58299.0 10861.0 0.09259996021483986 5 35 21.0 0.0 66901.0 10861.0 0.37418285609059937 5 28 21.0 0.0 0.09259996021483986 0
0.37418285609059937 0
15 ec.gp.GPIndividual@126301643{1292240194} 0.0 15 ec.gp.GPIndividual@492371193{-2111728438} 0.0 72327.0 12802.0 0.17169117647058824 60026.0 12802.0 0.15247617559756288 5 19 21.0 0.0 5 36 21.0 0.0 0.17169117647058824 0
0.15247617559756288 0
15 ec.gp.GPIndividual@1379052635{-309208110} 0.0 58299.0 8387.0 0.08775485870990819 5 35 21.0 0.0 0.08775485870990819 0
15 ec.gp.GPIndividual@712766672{1193570802} 0.0 55521.0 14578.0 0.18994375085745643 5 41 21.0 0.0 0.18994375085745643 0
15 ec.gp.GPIndividual@144853372{1193505225} 0.0 15 ec.gp.GPIndividual@1192457083{230001994} 0.0 52788.0 8160.0 0.09727471653073404 66895.0 8160.0 0.16776960784313724 5 44 21.0 0.0 5 28 21.0 0.0 0.16776960784313724 0
15 ec.gp.GPIndividual@126301643{1292240194} 0.0 72945.0 12802.0 0.42376191220121856 0.09727471653073404 0
5 19 21.0 0.0 0.42376191220121856 0
15 ec.gp.GPIndividual@492371193{-2111728438} 0.0 59421.0 10087.0 0.01566372558738971 5 36 21.0 0.0 0.01566372558738971 0
15 ec.gp.GPIndividual@1379052635{-309208110} 0.0 58928.0 14578.0 0.3310467828234326 5 35 21.0 0.0 0.3310467828234326 0
15 ec.gp.GPIndividual@126301643{1292240194} 0.0 72340.0 10087.0 0.32864082482403095 5 19 21.0 0.0 0.32864082482403095 0
15 ec.gp.GPIndividual@1192457083{230001994} 0.0 68551.0 12802.0 0.34018122168411186 5 28 21.0 0.0 0.34018122168411186 0
15 ec.gp.GPIndividual@492371193{-2111728438} 0.0 59408.0 8317.0 0.2302512925333654 5 36 21.0 0.0 0.2302512925333654 0
15 ec.gp.GPIndividual@1379052635{-309208110} 0.0 58311.0 10861.0 0.15891722677469847 5 35 21.0 0.0 0.15891722677469847 0
15 ec.gp.GPIndividual@712766672{1193570802} 0.0 54194.0 10861.0 0.034895497652149894 5 41 21.0 0.0 0.034895497652149894 0
15 ec.gp.GPIndividual@126301643{1292240194} 0.0 72327.0 8317.0 0.1873271612360226 5 19 21.0 0.0 0.1873271612360226 0
15 ec.gp.GPIndividual@144853372{1193505225} 0.0 52788.0 8387.0 0.08215094789555265 5 44 21.0 0.0 0.08215094789555265 0
15 ec.gp.GPIndividual@444043074{-1951315704} 0.0 99798.0 10054.0 0.8561766461110006 2 3 21.0 0.0 0.8561766461110006 0
15 ec.gp.GPIndividual@2093720826{-1930978942} 15 ec.gp.GPIndividual@1192457083{230001994} 0.0 0.0 56084.0 10087.0 0.230555002983887 66901.0 10087.0 0.32616238723108953 15 ec.gp.GPIndividual@444043074{-1951315704} 5 34 21.0 0.0 0.0 0.230555002983887 0
15 ec.gp.GPIndividual@1379052635{-309208110} 0.0 5 28 21.0 0.0 58294.0 8160.0 0.11740196078431372 0.32616238723108953 0
99798.0 8160.0 0.8275903183498271 2 3 21.0 0.0 0.8275903183498271 0
5 35 21.0 0.0 0.11740196078431372 0
15 ec.gp.GPIndividual@444043074{-1951315704} 0.0 99972.0 14578.0 0.8888736452188228 2 3 21.0 0.0 0.8888736452188228 0
15 ec.gp.GPIndividual@2093720826{-1930978942} 0.0 56084.0 8387.0 0.47514009777035887 5 34 21.0 0.0 15 ec.gp.GPIndividual@444043074{-1951315704} 0.47514009777035887 0
15 ec.gp.GPIndividual@712766672{1193570802} 0.0 0.0 54816.0 8160.0 0.3607843137254902 5 41 21.0 0.0 99798.0 8160.0 0.8668630881134334 2 3 21.0 0.0 0.3607843137254902 0
0.8668630881134334 0
15 ec.gp.GPIndividual@1192457083{230001994} 15 ec.gp.GPIndividual@144853372{1193505225} 0.0 0.0 66895.0 14578.0 0.1834796200553084 54576.0 14578.0 0.2547674578131431 5 28 21.0 0.0 5 44 21.0 0.0 0.1834796200553084 0
15 ec.gp.GPIndividual@1379052635{-309208110} 0.0 58916.0 8160.0 0.23918137790970162 15 ec.gp.GPIndividual@444043074{-1951315704} 5 35 21.0 0.0 0.0 99798.0 8160.0 0.8227941176470588 0.23918137790970162 0
0.2547674578131431 0
15 ec.gp.GPIndividual@2093720826{-1930978942} 0.0 56089.0 14578.0 0.15098093016874742 2 3 21.0 0.0 5 34 21.0 0.0 0.8227941176470588 0
0.15098093016874742 0
15 ec.gp.GPIndividual@444043074{-1951315704} 0.0 99798.0 12802.0 0.8870488986095922 2 3 21.0 0.0 0.8870488986095922 0
15 ec.gp.GPIndividual@970355365{-833909528} 0.0 64872.0 10054.0 0.017704396260194946 5 40 21.0 0.0 0.017704396260194946 0
15 ec.gp.GPIndividual@444043074{-1951315704} 0.0 99798.0 10087.0 0.8566471696242689 2 3 21.0 0.0 0.8566471696242689 0
15 ec.gp.GPIndividual@1379052635{-309208110} 0.0 58311.0 10087.0 0.09437890353920889 5 35 21.0 0.0 15 ec.gp.GPIndividual@444043074{-1951315704} 0.09437890353920889 0
0.0 15 ec.gp.GPIndividual@2093720826{-1930978942} 0.0 99798.0 10861.0 0.8261392328964771 56084.0 10861.0 0.13912162784274007 2 3 21.0 0.0 5 34 21.0 0.0 0.13912162784274007 0
15 ec.gp.GPIndividual@712766672{1193570802} 0.0 0.8261392328964771 0
15 ec.gp.GPIndividual@970355365{-833909528} 0.0 64872.0 8387.0 0.2199833074997019 5 40 21.0 0.0 54844.0 12802.0 0.1304483674425871 0.2199833074997019 0
15 ec.gp.GPIndividual@144853372{1193505225} 5 41 21.0 0.0 0.0 0.1304483674425871 0
15 ec.gp.GPIndividual@1379052635{-309208110} 0.0 58294.0 8317.0 0.09630876517975231 52800.0 10861.0 0.16324463677377773 5 35 21.0 0.0 5 44 21.0 0.0 0.09630876517975231 0
15 ec.gp.GPIndividual@2093720826{-1930978942} 0.0 0.16324463677377773 0
56084.0 8160.0 0.5161764705882353 5 34 21.0 0.0 0.5161764705882353 0
15 ec.gp.GPIndividual@965801778{893506637} 0.0 58299.0 10054.0 0.09259996021483986 5 41 21.0 0.0 0.09259996021483986 0
15 ec.gp.GPIndividual@970355365{-833909528} 0.0 65501.0 14578.0 0.25497324735903415 5 40 21.0 0.0 0.25497324735903415 0
15 ec.gp.GPIndividual@2093720826{-1930978942} 0.0 56085.0 12802.0 0.03351038900171848 5 34 21.0 0.0 0.03351038900171848 0
15 ec.gp.GPIndividual@965801778{893506637} 0.0 58299.0 8387.0 0.08775485870990819 5 41 21.0 0.0 0.08775485870990819 0
15 ec.gp.GPIndividual@970355365{-833909528} 0.0 64884.0 10861.0 0.05680876530706196 5 40 21.0 0.0 0.05680876530706196 0
15 ec.gp.GPIndividual@712766672{1193570802} 0.0 54194.0 10087.0 0.039159313968474274 5 41 21.0 0.0 0.039159313968474274 0
15 ec.gp.GPIndividual@2093720826{-1930978942} 0.0 15 ec.gp.GPIndividual@213240998{-1764155660} 56084.0 10054.0 0.22652919599484486 0.0 5 34 21.0 0.0 52788.0 10054.0 0.09727471653073404 0.22652919599484486 0
15 ec.gp.GPIndividual@144853372{1193505225} 0.0 52787.0 8160.0 0.11213235294117647 5 44 21.0 0.0 5 45 21.0 0.0 0.11213235294117647 0
0.09727471653073404 0
15 ec.gp.GPIndividual@965801778{893506637} 0.0 58928.0 14578.0 0.3310467828234326 5 41 21.0 0.0 15 ec.gp.GPIndividual@970355365{-833909528} 0.3310467828234326 0
0.0 64871.0 8160.0 0.2537990196078431 5 40 21.0 0.0 0.2537990196078431 0
15 ec.gp.GPIndividual@2093720826{-1930978942} 0.0 56084.0 8317.0 0.4875556089936275 5 34 21.0 0.0 0.4875556089936275 0
15 ec.gp.GPIndividual@1341571349{1725669902} 0.0 15 ec.gp.GPIndividual@965801778{893506637} 0.0 70411.0 10861.0 0.02516411378555799 5 27 21.0 0.0 58311.0 10861.0 0.15891722677469847 0.02516411378555799 0
15 ec.gp.GPIndividual@970355365{-833909528} 0.0 65489.0 12802.0 0.15255428839243868 5 41 21.0 0.0 5 40 21.0 0.0 0.15891722677469847 0
0.15255428839243868 0
15 ec.gp.GPIndividual@144853372{1193505225} 0.0 53899.0 12802.0 0.2042649586002187 15 ec.gp.GPIndividual@1341571349{1725669902} 5 44 21.0 0.0 0.0 0.2042649586002187 0
15 ec.gp.GPIndividual@213240998{-1764155660} 0.0 70590.0 12802.0 0.2502682723262191 52788.0 8387.0 0.08215094789555265 5 27 21.0 0.0 5 45 21.0 0.0 15 ec.gp.GPIndividual@712766672{1193570802} 0.2502682723262191 0
0.0 54816.0 8317.0 0.33509678970782736 5 41 21.0 0.0 0.08215094789555265 0
0.33509678970782736 0
15 ec.gp.GPIndividual@970355365{-833909528} 0.0 64884.0 10087.0 0.015564588083672053 5 40 21.0 0.0 15 ec.gp.GPIndividual@965801778{893506637} 0.015564588083672053 0
15 ec.gp.GPIndividual@1341571349{1725669902} 0.0 70786.0 14578.0 0.26725202359720124 0.0 5 27 21.0 0.0 0.26725202359720124 0
58294.0 14578.0 0.11740196078431372 5 41 21.0 0.0 0.11740196078431372 0
15 ec.gp.GPIndividual@970355365{-833909528} 15 ec.gp.GPIndividual@1472515653{-885413812} 0.0 0.0 64871.0 8317.0 0.23013105687146806 59409.0 8317.0 0.01780385916053312 5 40 21.0 0.0 5 43 21.0 0.0 0.23013105687146806 0
15 ec.gp.GPIndividual@1341571349{1725669902} 0.0 0.01780385916053312 0
70411.0 10861.0 0.0510081944572323 5 27 21.0 0.0 0.0510081944572323 0
15 ec.gp.GPIndividual@144853372{1193505225} 15 ec.gp.GPIndividual@965801778{893506637} 0.0 0.0 58916.0 12802.0 0.23918137790970162 52800.0 12802.0 0.09903836621393873 5 41 21.0 0.0 5 44 21.0 0.0 0.23918137790970162 0
0.09903836621393873 0
15 ec.gp.GPIndividual@213240998{-1764155660} 0.0 54576.0 14578.0 0.2547674578131431 5 45 21.0 0.0 0.2547674578131431 0
15 ec.gp.GPIndividual@1341571349{1725669902} 0.0 70590.0 8160.0 0.2850490196078431 5 27 21.0 0.0 0.2850490196078431 0
15 ec.gp.GPIndividual@1472515653{-885413812} 0.0 59409.0 8387.0 0.2201025396446882 5 43 21.0 0.0 0.2201025396446882 0
15 ec.gp.GPIndividual@965801778{893506637} 0.0 58311.0 10087.0 0.09437890353920889 5 41 21.0 0.0 0.09437890353920889 0
15 ec.gp.GPIndividual@1341571349{1725669902} 0.0 70412.0 12802.0 0.19481331042024683 5 27 21.0 0.0 0.19481331042024683 0
15 ec.gp.GPIndividual@498443704{-169752743} 0.0 15 ec.gp.GPIndividual@1472515653{-885413812} 0.0 52788.0 14578.0 0.09727471653073404 60038.0 14578.0 0.25490465084373715 5 45 21.0 0.0 5 43 21.0 0.0 0.09727471653073404 0
0.25490465084373715 0
15 ec.gp.GPIndividual@1341571349{1725669902} 0.0 15 ec.gp.GPIndividual@965801778{893506637} 0.0 70411.0 8317.0 0.021810250817884406 5 27 21.0 0.0 58294.0 8317.0 0.09630876517975231 0.021810250817884406 0
15 ec.gp.GPIndividual@144853372{1193505225} 0.0 52787.0 8317.0 0.0911386317181676 5 44 21.0 0.0 5 41 21.0 0.0 0.0911386317181676 0
15 ec.gp.GPIndividual@213240998{-1764155660} 0.0 0.09630876517975231 0
52800.0 10861.0 0.16324463677377773 5 45 21.0 0.0 0.16324463677377773 0
15 ec.gp.GPIndividual@1341571349{1725669902} 0.0 70590.0 8317.0 0.26079115065528435 5 27 21.0 0.0 0.26079115065528435 0
15 ec.gp.GPIndividual@1472515653{-885413812} 0.0 59421.0 10861.0 0.05671669275389007 5 43 21.0 0.0 0.05671669275389007 0
15 ec.gp.GPIndividual@1998503933{1976275918} 0.0 63711.0 10054.0 0.0977720310324249 5 35 21.0 0.0 0.0977720310324249 0
15 ec.gp.GPIndividual@498443704{-169752743} 0.0 52788.0 8387.0 0.08215094789555265 15 ec.gp.GPIndividual@431514353{-1048407049} 5 45 21.0 0.0 0.08215094789555265 0
0.0 64872.0 8160.0 0.017704396260194946 15 ec.gp.GPIndividual@1472515653{-885413812} 5 31 21.0 0.0 0.0 0.017704396260194946 0
59408.0 8160.0 0.25392156862745097 5 43 21.0 0.0 0.25392156862745097 0
15 ec.gp.GPIndividual@1287891488{1923344280} 0.0 52788.0 10054.0 0.09727471653073404 5 45 21.0 0.0 0.09727471653073404 0
15 ec.gp.GPIndividual@213240998{-1764155660} 0.0 52786.0 8160.0 0.11200980392156863 5 45 21.0 0.0 0.11200980392156863 0
15 ec.gp.GPIndividual@1998503933{1976275918} 0.0 63711.0 8387.0 0.0815547871706212 5 35 21.0 0.0 0.0815547871706212 0
15 ec.gp.GPIndividual@431514353{-1048407049} 0.0 64872.0 8387.0 0.2199833074997019 5 31 21.0 0.0 0.2199833074997019 0
15 ec.gp.GPIndividual@1472515653{-885413812} 0.0 60026.0 12802.0 0.15247617559756288 5 43 21.0 0.0 0.15247617559756288 0
15 ec.gp.GPIndividual@498443704{-169752743} 0.0 54576.0 14578.0 0.2547674578131431 5 45 21.0 0.0 0.2547674578131431 0
15 ec.gp.GPIndividual@431514353{-1048407049} 0.0 65501.0 14578.0 0.25497324735903415 5 31 21.0 0.0 0.25497324735903415 0
15 ec.gp.GPIndividual@1472515653{-885413812} 0.0 59421.0 10087.0 0.01566372558738971 15 ec.gp.GPIndividual@1998503933{1976275918} 5 43 21.0 0.0 0.0 0.01566372558738971 0
15 ec.gp.GPIndividual@1287891488{1923344280} 0.0 52788.0 8387.0 0.08215094789555265 64386.0 14578.0 0.3314583619152147 5 45 21.0 0.0 5 35 21.0 0.0 0.08215094789555265 0
0.3314583619152147 0
15 ec.gp.GPIndividual@213240998{-1764155660} 0.0 53899.0 12802.0 0.2042649586002187 5 45 21.0 0.0 0.2042649586002187 0
15 ec.gp.GPIndividual@431514353{-1048407049} 0.0 64884.0 10861.0 0.05680876530706196 5 31 21.0 0.0 0.05680876530706196 0
15 ec.gp.GPIndividual@1472515653{-885413812} 0.0 59408.0 8317.0 0.2302512925333654 5 43 21.0 0.0 0.2302512925333654 0
15 ec.gp.GPIndividual@498443704{-169752743} 0.0 52800.0 10861.0 0.16324463677377773 5 45 21.0 0.0 0.16324463677377773 0
15 ec.gp.GPIndividual@431514353{-1048407049} 0.0 64871.0 8160.0 0.2537990196078431 15 ec.gp.GPIndividual@1998503933{1976275918} 5 31 21.0 0.0 0.0 0.2537990196078431 0
63711.0 8160.0 0.16480987017770002 5 35 21.0 0.0 0.16480987017770002 0
15 ec.gp.GPIndividual@1287891488{1923344280} 0.0 54576.0 14578.0 0.2547674578131431 5 45 21.0 0.0 0.2547674578131431 0
15 ec.gp.GPIndividual@213240998{-1764155660} 0.0 52800.0 10087.0 0.09903836621393873 5 45 21.0 0.0 0.09903836621393873 0
15 ec.gp.GPIndividual@431514353{-1048407049} 0.0 65489.0 12802.0 0.15255428839243868 5 31 21.0 0.0 0.15255428839243868 0
15 ec.gp.GPIndividual@1569902302{-1227136383} 0.0 52788.0 10054.0 0.09727471653073404 5 45 21.0 0.0 0.09727471653073404 0
15 ec.gp.GPIndividual@1998503933{1976275918} 0.0 63711.0 8160.0 0.1116421568627451 5 35 21.0 0.0 0.1116421568627451 0
15 ec.gp.GPIndividual@498443704{-169752743} 0.0 52786.0 8160.0 0.11200980392156863 5 45 21.0 0.0 0.11200980392156863 0
15 ec.gp.GPIndividual@431514353{-1048407049} 0.0 64884.0 10087.0 0.015564588083672053 5 31 21.0 0.0 0.015564588083672053 0
15 ec.gp.GPIndividual@1287891488{1923344280} 0.0 52800.0 10861.0 0.16324463677377773 5 45 21.0 0.0 0.16324463677377773 0
15 ec.gp.GPIndividual@1998503933{1976275918} 0.0 65365.0 12802.0 0.16224027495703797 5 35 21.0 0.0 0.16224027495703797 0
15 ec.gp.GPIndividual@431514353{-1048407049} 0.0 15 ec.gp.GPIndividual@213240998{-1764155660} 0.0 64871.0 8317.0 0.23013105687146806 5 31 21.0 0.0 52786.0 8317.0 0.0910183960562703 0.23013105687146806 0
5 45 21.0 0.0 0.0910183960562703 0
15 ec.gp.GPIndividual@1569902302{-1227136383} 0.0 52788.0 8387.0 0.08215094789555265 5 45 21.0 0.0 0.08215094789555265 0
15 ec.gp.GPIndividual@1762281458{2112262730} 0.0 105260.0 10054.0 0.8563755719116769 1 1 21.0 0.0 0.8563755719116769 0
15 ec.gp.GPIndividual@498443704{-169752743} 0.0 15 ec.gp.GPIndividual@1762281458{2112262730} 53899.0 12802.0 0.2042649586002187 0.0 5 45 21.0 0.0 0.2042649586002187 0
15 ec.gp.GPIndividual@1138616843{-1780479992} 0.0 105260.0 8387.0 0.8278287826397996 62599.0 10054.0 0.20837477620847425 15 ec.gp.GPIndividual@1998503933{1976275918} 0.0 5 37 21.0 0.0 1 1 21.0 0.0 63711.0 10087.0 0.10072370377713889 0.20837477620847425 0
15 ec.gp.GPIndividual@1287891488{1923344280} 0.0 52786.0 8160.0 0.11200980392156863 5 35 21.0 0.0 5 45 21.0 0.0 0.11200980392156863 0
0.8278287826397996 0
0.10072370377713889 0
15 ec.gp.GPIndividual@1762281458{2112262730} 0.0 105260.0 14578.0 0.9009466319110989 1 1 21.0 0.0 0.9009466319110989 0
15 ec.gp.GPIndividual@1762281458{2112262730} 0.0 15 ec.gp.GPIndividual@1138616843{-1780479992} 0.0 105260.0 8387.0 0.8670472332197772 1 1 21.0 0.0 62599.0 8387.0 0.05103135805413139 0.8670472332197772 0
5 37 21.0 0.0 0.05103135805413139 0
15 ec.gp.GPIndividual@1762281458{2112262730} 0.0 15 ec.gp.GPIndividual@1569902302{-1227136383} 105260.0 8160.0 0.8230392156862745 0.0 1 1 21.0 0.0 54576.0 14578.0 0.2547674578131431 0.8230392156862745 0
5 45 21.0 0.0 0.2547674578131431 0
15 ec.gp.GPIndividual@1762281458{2112262730} 15 ec.gp.GPIndividual@498443704{-169752743} 0.0 0.0 105260.0 10087.0 0.8872051241993438 52800.0 10087.0 0.09903836621393873 1 1 21.0 0.0 5 45 21.0 0.0 0.8872051241993438 0
15 ec.gp.GPIndividual@1998503933{1976275918} 0.0 63711.0 8317.0 0.09065768907057833 0.09903836621393873 0
15 ec.gp.GPIndividual@1762281458{2112262730} 0.0 105260.0 10087.0 0.8568454446317042 15 ec.gp.GPIndividual@1138616843{-1780479992} 1 1 21.0 0.0 0.8568454446317042 0
5 35 21.0 0.0 0.09065768907057833 0
15 ec.gp.GPIndividual@1287891488{1923344280} 0.0 53899.0 8317.0 0.2042649586002187 0.0 5 45 21.0 0.0 0.2042649586002187 0
15 ec.gp.GPIndividual@1762281458{2112262730} 0.0 63228.0 8317.0 0.4108931266291672 105260.0 8317.0 0.8263797042202717 5 37 21.0 0.0 1 1 21.0 0.0 0.4108931266291672 0
0.8263797042202717 0
15 ec.gp.GPIndividual@1569902302{-1227136383} 0.0 52800.0 10861.0 0.16324463677377773 5 45 21.0 0.0 0.16324463677377773 0
15 ec.gp.GPIndividual@1138616843{-1780479992} 0.0 62611.0 10861.0 0.26608967866678945 5 37 21.0 0.0 0.26608967866678945 0
15 ec.gp.GPIndividual@498443704{-169752743} 0.0 52786.0 8317.0 0.0910183960562703 5 45 21.0 0.0 0.0910183960562703 0
15 ec.gp.GPIndividual@2141329626{-617504161} 0.0 104262.0 10054.0 0.9556395464491745 2 4 21.0 0.0 0.9556395464491745 0
15 ec.gp.GPIndividual@2141329626{-617504161} 0.0 104262.0 8387.0 0.9468224633361154 2 4 21.0 0.0 0.9468224633361154 0
15 ec.gp.GPIndividual@1287891488{1923344280} 0.0 52800.0 10087.0 0.09903836621393873 5 45 21.0 0.0 0.09903836621393873 0
15 ec.gp.GPIndividual@2141329626{-617504161} 0.0 104262.0 14578.0 0.9694059541775277 2 4 21.0 0.0 0.9694059541775277 0
15 ec.gp.GPIndividual@1138616843{-1780479992} 0.0 62594.0 8160.0 0.025245098039215687 5 37 21.0 0.0 15 ec.gp.GPIndividual@2141329626{-617504161} 0.025245098039215687 0
0.0 104262.0 10861.0 0.9589356412853328 2 4 21.0 0.0 0.9589356412853328 0
15 ec.gp.GPIndividual@2141329626{-617504161} 0.0 104262.0 8160.0 0.9453431372549019 2 4 21.0 0.0 0.9453431372549019 0
15 ec.gp.GPIndividual@2141329626{-617504161} 0.0 104262.0 12802.0 0.9651616934853929 2 4 21.0 0.0 0.9651616934853929 0
15 ec.gp.GPIndividual@2141329626{-617504161} 0.0 104262.0 10087.0 0.9557846733419253 2 4 21.0 0.0 0.9557846733419253 0
15 ec.gp.GPIndividual@1569902302{-1227136383} 0.0 15 ec.gp.GPIndividual@2141329626{-617504161} 52786.0 8160.0 0.11200980392156863 0.0 5 45 21.0 0.0 104262.0 8317.0 0.9463748947937959 0.11200980392156863 0
2 4 21.0 0.0 0.9463748947937959 0
15 ec.gp.GPIndividual@1784231622{-1196009552} 0.0 63712.0 10054.0 0.09767256813208673 5 44 21.0 0.0 15 ec.gp.GPIndividual@1138616843{-1780479992} 0.09767256813208673 0
0.0 63216.0 10054.0 0.3301046711451336 5 37 21.0 0.0 0.3301046711451336 0
15 ec.gp.GPIndividual@594949374{20363551} 15 ec.gp.GPIndividual@1287891488{1923344280} 0.0 0.0 65244.0 8317.0 0.05470459518599562 52786.0 8317.0 0.0910183960562703 5 45 21.0 0.0 5 30 21.0 0.0 0.0910183960562703 0
0.05470459518599562 0
15 ec.gp.GPIndividual@1138616843{-1780479992} 0.0 62611.0 10087.0 0.20977495786656092 5 37 21.0 0.0 0.20977495786656092 0
15 ec.gp.GPIndividual@594949374{20363551} 0.0 65415.0 8387.0 0.28472636222725645 5 30 21.0 0.0 0.28472636222725645 0
15 ec.gp.GPIndividual@1569902302{-1227136383} 0.0 53899.0 12802.0 0.2042649586002187 5 45 21.0 0.0 0.2042649586002187 0
15 ec.gp.GPIndividual@1138616843{-1780479992} 15 ec.gp.GPIndividual@594949374{20363551} 0.0 0.0 62594.0 14578.0 0.0436455452687267 65336.0 14578.0 0.26629167238304297 5 37 21.0 0.0 5 30 21.0 0.0 0.0436455452687267 0
0.26629167238304297 0
15 ec.gp.GPIndividual@1926555422{156551012} 0.0 57139.0 10054.0 0.20797692460712155 5 42 21.0 0.0 0.20797692460712155 0
15 ec.gp.GPIndividual@594949374{20363551} 0.0 64949.0 10861.0 0.0508240493508885 5 30 21.0 0.0 0.0508240493508885 0
15 ec.gp.GPIndividual@1784231622{-1196009552} 0.0 63712.0 8387.0 0.08167401931560749 5 44 21.0 0.0 0.08167401931560749 0
15 ec.gp.GPIndividual@1653631742{-175827554} 0.0 64422.0 10054.0 0.02705390889198329 5 39 21.0 0.0 0.02705390889198329 0
15 ec.gp.GPIndividual@1926555422{156551012} 0.0 15 ec.gp.GPIndividual@594949374{20363551} 57139.0 8387.0 0.050554429474186244 0.0 5 42 21.0 0.0 65415.0 8387.0 0.32046568627450983 15 ec.gp.GPIndividual@1569902302{-1227136383} 5 30 21.0 0.0 0.050554429474186244 0
0.0 52800.0 8387.0 0.09903836621393873 0.32046568627450983 0
5 45 21.0 0.0 0.09903836621393873 0
15 ec.gp.GPIndividual@1653631742{-175827554} 0.0 64496.0 8387.0 0.17515202098485752 5 39 21.0 0.0 0.17515202098485752 0
15 ec.gp.GPIndividual@594949374{20363551} 0.0 65324.0 12802.0 0.1654428995469458 5 30 21.0 0.0 0.1654428995469458 0
15 ec.gp.GPIndividual@1784231622{-1196009552} 0.0 64536.0 14578.0 0.3211688846206613 5 44 21.0 0.0 0.3211688846206613 0
15 ec.gp.GPIndividual@594949374{20363551} 0.0 65110.0 10087.0 0.0379696639238624 5 30 21.0 0.0 0.0379696639238624 0
15 ec.gp.GPIndividual@1653631742{-175827554} 0.0 64386.0 14578.0 0.3314583619152147 5 39 21.0 0.0 0.3314583619152147 0
15 ec.gp.GPIndividual@1926555422{156551012} 0.0 58954.0 14578.0 0.32926327342571 5 42 21.0 0.0 0.32926327342571 0
15 ec.gp.GPIndividual@594949374{20363551} 0.0 65415.0 8317.0 0.2955392569436095 5 30 21.0 0.0 0.2955392569436095 0
15 ec.gp.GPIndividual@1569902302{-1227136383} 0.0 52786.0 8317.0 0.0910183960562703 5 45 21.0 0.0 0.0910183960562703 0
15 ec.gp.GPIndividual@1150697797{687156433} 0.0 100242.0 10054.0 0.8120151183608514 2 4 21.0 0.0 0.8120151183608514 0
15 ec.gp.GPIndividual@1150697797{687156433} 0.0 100242.0 8387.0 0.7746512459759151 2 4 21.0 0.0 0.7746512459759151 0
15 ec.gp.GPIndividual@1653631742{-175827554} 0.0 64061.0 10861.0 0.13258447656753522 5 39 21.0 0.0 0.13258447656753522 0
15 ec.gp.GPIndividual@1150697797{687156433} 0.0 100242.0 14578.0 0.8703525860886266 2 4 21.0 0.0 0.8703525860886266 0
15 ec.gp.GPIndividual@1150697797{687156433} 0.0 100242.0 10861.0 0.82598287450511 2 4 21.0 0.0 0.82598287450511 0
15 ec.gp.GPIndividual@1150697797{687156433} 0.0 100242.0 8160.0 0.7683823529411765 2 4 21.0 0.0 0.7683823529411765 0
15 ec.gp.GPIndividual@1150697797{687156433} 0.0 100242.0 12802.0 0.8523668176847368 2 4 21.0 0.0 0.8523668176847368 0
15 ec.gp.GPIndividual@1150697797{687156433} 0.0 100242.0 10087.0 0.8126301179736294 2 4 21.0 0.0 0.8126301179736294 0
15 ec.gp.GPIndividual@1653631742{-175827554} 0.0 64421.0 8160.0 0.1986519607843137 5 39 21.0 0.0 0.1986519607843137 0
15 ec.gp.GPIndividual@1784231622{-1196009552} 0.0 15 ec.gp.GPIndividual@1150697797{687156433} 63724.0 10861.0 0.16361292698646535 5 44 21.0 0.0 0.0 0.16361292698646535 0
15 ec.gp.GPIndividual@1926555422{156551012} 0.0 100242.0 10861.0 0.7727545990140676 57151.0 10861.0 0.2657213884541018 2 4 21.0 0.0 5 42 21.0 0.0 0.7727545990140676 0
0.2657213884541018 0
15 ec.gp.GPIndividual@1653631742{-175827554} 0.0 64374.0 12802.0 0.23965005467895642 5 39 21.0 0.0 0.23965005467895642 0
15 ec.gp.GPIndividual@834596979{1832339932} 0.0 59409.0 10054.0 0.01780385916053312 5 43 21.0 0.0 0.01780385916053312 0
15 ec.gp.GPIndividual@1653631742{-175827554} 0.0 64061.0 10087.0 0.06602557747595915 5 39 21.0 0.0 0.06602557747595915 0
15 ec.gp.GPIndividual@834596979{1832339932} 0.0 59409.0 8387.0 0.2201025396446882 5 43 21.0 0.0 0.2201025396446882 0
15 ec.gp.GPIndividual@1926555422{156551012} 0.0 57134.0 8160.0 0.024754901960784313 5 42 21.0 0.0 0.024754901960784313 0
15 ec.gp.GPIndividual@1653631742{-175827554} 0.0 64421.0 8317.0 0.17602500901767465 5 39 21.0 0.0 0.17602500901767465 0
15 ec.gp.GPIndividual@834596979{1832339932} 0.0 15 ec.gp.GPIndividual@1784231622{-1196009552} 0.0 60038.0 8160.0 0.25490465084373715 63711.0 8160.0 0.1116421568627451 5 43 21.0 0.0 5 44 21.0 0.0 0.25490465084373715 0
0.1116421568627451 0
15 ec.gp.GPIndividual@1926555422{156551012} 0.0 58277.0 12802.0 0.28909545383533825 5 42 21.0 0.0 0.28909545383533825 0
15 ec.gp.GPIndividual@834596979{1832339932} 0.0 59421.0 10861.0 0.05671669275389007 5 43 21.0 0.0 0.05671669275389007 0
15 ec.gp.GPIndividual@834596979{1832339932} 0.0 59408.0 8160.0 0.25392156862745097 5 43 21.0 0.0 0.25392156862745097 0
15 ec.gp.GPIndividual@1926555422{156551012} 0.0 57151.0 10087.0 0.2093784078516903 5 42 21.0 0.0 15 ec.gp.GPIndividual@1784231622{-1196009552} 0.2093784078516903 0
0.0 64524.0 12802.0 0.2279331354475863 5 44 21.0 0.0 0.2279331354475863 0
15 ec.gp.GPIndividual@834596979{1832339932} 0.0 60026.0 12802.0 0.15247617559756288 5 43 21.0 0.0 0.15247617559756288 0
15 ec.gp.GPIndividual@834596979{1832339932} 0.0 59421.0 10087.0 0.01566372558738971 5 43 21.0 0.0 0.01566372558738971 0
15 ec.gp.GPIndividual@1926555422{156551012} 0.0 57134.0 8317.0 0.04316460262113743 5 42 21.0 0.0 0.04316460262113743 0
15 ec.gp.GPIndividual@834596979{1832339932} 0.0 59408.0 8317.0 0.2302512925333654 5 43 21.0 0.0 0.2302512925333654 0
15 ec.gp.GPIndividual@1784231622{-1196009552} 0.0 63724.0 10087.0 0.09943491622880936 5 44 21.0 0.0 0.09943491622880936 0
15 ec.gp.GPIndividual@1081714407{568276778} 0.0 68057.0 10054.0 0.2089715536105033 5 25 21.0 0.0 0.2089715536105033 0
15 ec.gp.GPIndividual@1081714407{568276778} 0.0 68057.0 8387.0 0.05174675092404912 5 25 21.0 0.0 0.05174675092404912 0
15 ec.gp.GPIndividual@1081714407{568276778} 0.0 68686.0 14578.0 0.41130470572094935 5 25 21.0 0.0 0.41130470572094935 0
15 ec.gp.GPIndividual@1081714407{568276778} 0.0 68069.0 10861.0 0.26664211398582083 5 25 21.0 0.0 0.26664211398582083 0
15 ec.gp.GPIndividual@1784231622{-1196009552} 0.0 63711.0 8317.0 0.09065768907057833 5 44 21.0 0.0 0.09065768907057833 0
15 ec.gp.GPIndividual@1081714407{568276778} 0.0 68055.0 8160.0 0.025612745098039215 5 25 21.0 0.0 0.025612745098039215 0
15 ec.gp.GPIndividual@178953207{-1919337287} 0.0 55140.0 10054.0 0.1366620250646509 5 34 21.0 0.0 0.1366620250646509 0
15 ec.gp.GPIndividual@178953207{-1919337287} 0.0 55140.0 8387.0 0.3625849529033027 5 34 21.0 0.0 0.3625849529033027 0
15 ec.gp.GPIndividual@1081714407{568276778} 0.0 68674.0 12802.0 0.33057334791438836 5 25 21.0 0.0 0.33057334791438836 0
15 ec.gp.GPIndividual@178953207{-1919337287} 0.0 55186.0 14578.0 0.2129235834819591 5 34 21.0 0.0 0.2129235834819591 0
15 ec.gp.GPIndividual@1081714407{568276778} 0.0 68069.0 10087.0 0.21036978288886685 5 25 21.0 0.0 0.21036978288886685 0
15 ec.gp.GPIndividual@178953207{-1919337287} 0.0 55140.0 10861.0 0.052205137648466994 5 34 21.0 0.0 0.052205137648466994 0
15 ec.gp.GPIndividual@1081714407{568276778} 0.0 68055.0 8317.0 0.04400625225441866 5 25 21.0 0.0 0.04400625225441866 0
15 ec.gp.GPIndividual@198603784{687156433} 0.0 100242.0 10054.0 0.8120151183608514 2 4 21.0 0.0 0.8120151183608514 0
15 ec.gp.GPIndividual@178953207{-1919337287} 0.0 55140.0 8160.0 0.4004901960784314 5 34 21.0 0.0 0.4004901960784314 0
15 ec.gp.GPIndividual@198603784{687156433} 0.0 100242.0 8387.0 0.7746512459759151 2 4 21.0 0.0 0.7746512459759151 0
15 ec.gp.GPIndividual@198603784{687156433} 0.0 100242.0 14578.0 0.8703525860886266 2 4 21.0 0.0 0.8703525860886266 0
15 ec.gp.GPIndividual@198603784{687156433} 0.0 100242.0 10861.0 0.82598287450511 2 4 21.0 0.0 0.82598287450511 0
15 ec.gp.GPIndividual@198603784{687156433} 0.0 100242.0 8160.0 0.7683823529411765 2 4 21.0 0.0 0.7683823529411765 0
15 ec.gp.GPIndividual@178953207{-1919337287} 0.0 55153.0 12802.0 0.1063115138259647 5 34 21.0 0.0 0.1063115138259647 0
15 ec.gp.GPIndividual@198603784{687156433} 0.0 100242.0 12802.0 0.8523668176847368 2 4 21.0 0.0 0.8523668176847368 0
15 ec.gp.GPIndividual@198603784{687156433} 0.0 100242.0 10087.0 0.8126301179736294 2 4 21.0 0.0 0.8126301179736294 0
15 ec.gp.GPIndividual@198603784{687156433} 0.0 100242.0 8317.0 0.7727545990140676 2 4 21.0 0.0 0.7727545990140676 0
15 ec.gp.GPIndividual@178953207{-1919337287} 0.0 55140.0 10087.0 0.13294339248537723 5 34 21.0 0.0 0.13294339248537723 0
15 ec.gp.GPIndividual@178953207{-1919337287} 0.0 55140.0 8317.0 0.37405314416255864 5 34 21.0 0.0 0.37405314416255864 0
15 ec.gp.GPIndividual@274319991{1416153322} 0.0 64336.0 10054.0 0.03560771832106624 5 34 21.0 0.0 0.03560771832106624 0
15 ec.gp.GPIndividual@274319991{1416153322} 0.0 64336.0 8387.0 0.1560748777870514 5 34 21.0 0.0 0.1560748777870514 0
15 ec.gp.GPIndividual@274319991{1416153322} 0.0 63857.0 14578.0 0.36774591850733984 5 34 21.0 0.0 0.36774591850733984 0
15 ec.gp.GPIndividual@274319991{1416153322} 0.0 63786.0 10861.0 0.15790442868980756 5 34 21.0 0.0 0.15790442868980756 0
15 ec.gp.GPIndividual@274319991{1416153322} 0.0 64336.0 8160.0 0.18823529411764706 5 34 21.0 0.0 0.18823529411764706 0
15 ec.gp.GPIndividual@274319991{1416153322} 0.0 63667.0 12802.0 0.2948758006561475 5 34 21.0 0.0 0.2948758006561475 0
15 ec.gp.GPIndividual@274319991{1416153322} 0.0 63796.0 10087.0 0.0922970159611381 5 34 21.0 0.0 0.0922970159611381 0
15 ec.gp.GPIndividual@274319991{1416153322} 0.0 64336.0 8317.0 0.16580497775640254 5 34 21.0 0.0 0.16580497775640254 0
15 ec.gp.GPIndividual@314207958{-2059535437} 0.0 62599.0 10054.0 0.20837477620847425 5 33 21.0 0.0 0.20837477620847425 0
15 ec.gp.GPIndividual@314207958{-2059535437} 0.0 62599.0 8387.0 0.05103135805413139 5 33 21.0 0.0 0.05103135805413139 0
15 ec.gp.GPIndividual@314207958{-2059535437} 0.0 63228.0 14578.0 0.4108931266291672 5 33 21.0 0.0 0.4108931266291672 0
15 ec.gp.GPIndividual@314207958{-2059535437} 0.0 62611.0 10861.0 0.26608967866678945 5 33 21.0 0.0 0.26608967866678945 0
15 ec.gp.GPIndividual@314207958{-2059535437} 0.0 62594.0 8160.0 0.025245098039215687 5 33 21.0 0.0 0.025245098039215687 0
15 ec.gp.GPIndividual@314207958{-2059535437} 0.0 63216.0 12802.0 0.3301046711451336 5 33 21.0 0.0 0.3301046711451336 0
15 ec.gp.GPIndividual@314207958{-2059535437} 0.0 62611.0 10087.0 0.20977495786656092 5 33 21.0 0.0 0.20977495786656092 0
15 ec.gp.GPIndividual@314207958{-2059535437} 0.0 62594.0 8317.0 0.0436455452687267 5 33 21.0 0.0 0.0436455452687267 0
15 ec.gp.GPIndividual@829855041{691532400} 0.0 61237.0 10054.0 0.19962204097871494 5 41 21.0 0.0 0.19962204097871494 0
15 ec.gp.GPIndividual@829855041{691532400} 0.0 61311.0 8387.0 0.4468820794086086 5 41 21.0 0.0 0.4468820794086086 0
15 ec.gp.GPIndividual@829855041{691532400} 0.0 60983.0 14578.0 0.1900809438880505 5 41 21.0 0.0 0.1900809438880505 0
15 ec.gp.GPIndividual@829855041{691532400} 0.0 60876.0 10861.0 0.07724887211122364 5 41 21.0 0.0 0.07724887211122364 0
15 ec.gp.GPIndividual@829855041{691532400} 0.0 61236.0 8160.0 0.47794117647058826 5 41 21.0 0.0 0.47794117647058826 0
15 ec.gp.GPIndividual@829855041{691532400} 0.0 60971.0 12802.0 0.07865958443993126 5 41 21.0 0.0 0.07865958443993126 0
15 ec.gp.GPIndividual@829855041{691532400} 0.0 60876.0 10087.0 0.15990879349657974 5 41 21.0 0.0 0.15990879349657974 0
15 ec.gp.GPIndividual@829855041{691532400} 0.0 61236.0 8317.0 0.45004208248166405 5 41 21.0 0.0 0.45004208248166405 0
16 ec.gp.GPIndividual@700393839{-1249408788} 0.0 82017.0 10054.0 0.4508653272329421 5 27 21.0 0.0 0.4508653272329421 0
16 ec.gp.GPIndividual@700393839{-1249408788} 0.0 82017.0 8387.0 0.3417193275307023 5 27 21.0 0.0 0.3417193275307023 0
16 ec.gp.GPIndividual@1417640857{-834415783} 16 ec.gp.GPIndividual@462942672{-2137570328} 16 ec.gp.GPIndividual@1996693723{-2075959672} 0.0 0.0 0.0 61237.0 10054.0 0.19962204097871494 59484.0 10054.0 0.025263576685896162 64425.0 10054.0 0.02675552019096877 5 25 21.0 0.0 5 33 21.0 0.0 5 33 21.0 0.0 0.19962204097871494 0
16 ec.gp.GPIndividual@700393839{-1249408788} 0.0 81990.0 14578.0 0.6231307449581561 5 27 21.0 0.0 0.6231307449581561 0
0.02675552019096877 0
16 ec.gp.GPIndividual@1876809147{739821773} 16 ec.gp.GPIndividual@700393839{-1249408788} 0.0 0.0 0.025263576685896162 0
62597.0 10861.0 0.2085737020091506 5 27 21.0 0.0 0.2085737020091506 0
16 ec.gp.GPIndividual@462942672{-2137570328} 0.0 61311.0 8387.0 0.4468820794086086 81404.0 10861.0 0.5481079090323174 5 25 21.0 0.0 0.4468820794086086 0
5 27 21.0 0.0 0.5481079090323174 0
16 ec.gp.GPIndividual@1996693723{-2075959672} 0.0 64499.0 8387.0 0.17550971741981639 16 ec.gp.GPIndividual@700393839{-1249408788} 5 33 21.0 0.0 16 ec.gp.GPIndividual@1417640857{-834415783} 0.0 0.0 0.17550971741981639 0
59484.0 8160.0 0.22904495051865983 5 33 21.0 0.0 0.22904495051865983 0
82017.0 8160.0 0.32340686274509806 5 27 21.0 0.0 16 ec.gp.GPIndividual@462942672{-2137570328} 0.32340686274509806 0
16 ec.gp.GPIndividual@1996693723{-2075959672} 16 ec.gp.GPIndividual@2101117022{-545780476} 0.0 16 ec.gp.GPIndividual@1876809147{739821773} 64759.0 8387.0 0.30587186170942515 0.0 0.0 16 ec.gp.GPIndividual@1417640857{-834415783} 5 33 21.0 0.0 62597.0 8387.0 0.05126982234410397 0.30587186170942515 0
16 ec.gp.GPIndividual@700393839{-1249408788} 0.0 0.0 81378.0 12802.0 0.6186533354163412 5 27 21.0 0.0 0.6186533354163412 0
52788.0 8387.0 0.09727471653073404 5 46 21.0 0.0 0.09727471653073404 0
5 27 21.0 0.0 16 ec.gp.GPIndividual@700393839{-1249408788} 0.05126982234410397 0
0.0 59078.0 10087.0 0.32075730552887916 5 33 21.0 0.0 0.32075730552887916 0
0.0 81404.0 10087.0 0.5134331317537424 60983.0 12802.0 0.1900809438880505 5 27 21.0 0.0 0.5134331317537424 0
16 ec.gp.GPIndividual@1996693723{-2075959672} 0.0 64302.0 10861.0 0.11039499125310745 5 25 21.0 0.0 5 33 21.0 0.0 0.1900809438880505 0
16 ec.gp.GPIndividual@700393839{-1249408788} 16 ec.gp.GPIndividual@1417640857{-834415783} 0.0 0.0 0.11039499125310745 0
82017.0 10861.0 0.3361789106649032 5 27 21.0 0.0 0.3361789106649032 0
58934.0 10861.0 0.1015560261486051 5 33 21.0 0.0 0.1015560261486051 0
16 ec.gp.GPIndividual@1876809147{739821773} 0.0 16 ec.gp.GPIndividual@1996693723{-2075959672} 0.0 16 ec.gp.GPIndividual@462942672{-2137570328} 64385.0 8160.0 0.3315269584305117 16 ec.gp.GPIndividual@2101117022{-545780476} 63755.0 8387.0 0.1170343137254902 0.0 0.0 5 27 21.0 0.0 16 ec.gp.GPIndividual@1417640857{-834415783} 5 33 21.0 0.0 61082.0 8160.0 0.09621581806463493 52788.0 8160.0 0.08215094789555265 0.3315269584305117 0
5 46 21.0 0.0 0.08215094789555265 0
5 25 21.0 0.0 0.09621581806463493 0
16 ec.gp.GPIndividual@429375877{-549251911} 0.0 63757.0 10054.0 0.0931967376168689 0.0 5 35 21.0 0.0 59484.0 10054.0 0.26323529411764707 5 33 21.0 0.0 0.0931967376168689 0
0.1170343137254902 0
0.26323529411764707 0
16 ec.gp.GPIndividual@462942672{-2137570328} 0.0 61236.0 8160.0 0.47794117647058826 5 25 21.0 0.0 0.47794117647058826 0
16 ec.gp.GPIndividual@429375877{-549251911} 0.0 63757.0 8387.0 0.08703946583999046 5 35 21.0 0.0 0.08703946583999046 0
16 ec.gp.GPIndividual@1996693723{-2075959672} 0.0 64747.0 12802.0 0.21051398219028278 5 33 21.0 0.0 0.21051398219028278 0
16 ec.gp.GPIndividual@1876809147{739821773} 0.0 62609.0 10861.0 0.26627382377313324 5 27 21.0 0.0 16 ec.gp.GPIndividual@1417640857{-834415783} 0.26627382377313324 0
0.0 58815.0 10861.0 0.24707077019215748 5 33 21.0 0.0 0.24707077019215748 0
16 ec.gp.GPIndividual@2101117022{-545780476} 0.0 54576.0 14578.0 0.2547674578131431 5 46 21.0 0.0 0.2547674578131431 0
16 ec.gp.GPIndividual@462942672{-2137570328} 0.0 60971.0 12802.0 0.07865958443993126 16 ec.gp.GPIndividual@429375877{-549251911} 5 25 21.0 0.0 0.0 0.07865958443993126 0
64386.0 14578.0 0.3314583619152147 5 35 21.0 0.0 0.3314583619152147 0
16 ec.gp.GPIndividual@1996693723{-2075959672} 0.0 64302.0 10087.0 0.042133439080003963 16 ec.gp.GPIndividual@1417640857{-834415783} 5 33 21.0 0.0 0.0 0.042133439080003963 0
58944.0 10087.0 0.03162486368593239 5 33 21.0 0.0 0.03162486368593239 0
16 ec.gp.GPIndividual@462942672{-2137570328} 0.0 61082.0 10087.0 0.18033111926241696 5 25 21.0 0.0 0.18033111926241696 0
16 ec.gp.GPIndividual@429375877{-549251911} 0.0 63769.0 10861.0 0.15946966209372987 5 35 21.0 0.0 0.15946966209372987 0
16 ec.gp.GPIndividual@1417640857{-834415783} 0.0 59484.0 8317.0 0.23938920283756163 16 ec.gp.GPIndividual@1876809147{739821773} 5 33 21.0 0.0 0.0 0.23938920283756163 0
16 ec.gp.GPIndividual@2101117022{-545780476} 0.0 52800.0 10861.0 0.16324463677377773 5 46 21.0 0.0 16 ec.gp.GPIndividual@1996693723{-2075959672} 0.16324463677377773 0
62595.0 8317.0 0.025122549019607844 5 27 21.0 0.0 0.025122549019607844 0
0.0 63755.0 10861.0 0.09594805819406035 5 33 21.0 0.0 0.09594805819406035 0
16 ec.gp.GPIndividual@462942672{-2137570328} 0.0 61236.0 8317.0 0.45004208248166405 5 25 21.0 0.0 0.45004208248166405 0
16 ec.gp.GPIndividual@429375877{-549251911} 0.0 63755.0 8160.0 0.1170343137254902 5 35 21.0 0.0 0.1170343137254902 0
16 ec.gp.GPIndividual@1105373113{-955701922} 0.0 63711.0 10054.0 0.0977720310324249 5 34 21.0 0.0 0.0977720310324249 0
16 ec.gp.GPIndividual@1793601347{1540133677} 16 ec.gp.GPIndividual@1876809147{739821773} 0.0 0.0 16 ec.gp.GPIndividual@2101117022{-545780476} 16 ec.gp.GPIndividual@429375877{-549251911} 63708.0 8160.0 0.29167317606623966 0.0 5 27 21.0 0.0 0.29167317606623966 0
52788.0 8160.0 0.09727471653073404 5 46 21.0 0.0 0.09727471653073404 0
0.0 52786.0 10054.0 0.11200980392156863 5 46 21.0 0.0 0.11200980392156863 0
16 ec.gp.GPIndividual@815008276{-1764155660} 0.0 64374.0 8160.0 0.23965005467895642 52788.0 10054.0 0.09727471653073404 5 35 21.0 0.0 5 45 21.0 0.0 0.23965005467895642 0
0.09727471653073404 0
16 ec.gp.GPIndividual@1105373113{-955701922} 0.0 63711.0 8387.0 0.0815547871706212 5 34 21.0 0.0 0.0815547871706212 0
16 ec.gp.GPIndividual@429375877{-549251911} 0.0 63769.0 10087.0 0.09497372856151481 5 35 21.0 0.0 0.09497372856151481 0
16 ec.gp.GPIndividual@1876809147{739821773} 0.0 62609.0 10087.0 0.20997323287399625 5 27 21.0 0.0 0.20997323287399625 0
16 ec.gp.GPIndividual@1793601347{1540133677} 0.0 52788.0 8387.0 0.08215094789555265 5 46 21.0 0.0 0.08215094789555265 0
16 ec.gp.GPIndividual@2101117022{-545780476} 16 ec.gp.GPIndividual@1105373113{-955701922} 0.0 0.0 53899.0 14578.0 0.2042649586002187 64386.0 14578.0 0.3314583619152147 5 46 21.0 0.0 5 34 21.0 0.0 0.2042649586002187 0
16 ec.gp.GPIndividual@429375877{-549251911} 0.0 63755.0 8317.0 0.09594805819406035 0.3314583619152147 0
5 35 21.0 0.0 0.09594805819406035 0
16 ec.gp.GPIndividual@815008276{-1764155660} 0.0 52788.0 8387.0 0.08215094789555265 5 45 21.0 0.0 0.08215094789555265 0
16 ec.gp.GPIndividual@1105373113{-955701922} 16 ec.gp.GPIndividual@1876809147{739821773} 0.0 0.0 63711.0 10861.0 0.16480987017770002 62595.0 10861.0 0.043525309606829383 5 34 21.0 0.0 5 27 21.0 0.0 0.16480987017770002 0
16 ec.gp.GPIndividual@1793601347{1540133677} 0.0 54576.0 14578.0 0.2547674578131431 0.043525309606829383 0
16 ec.gp.GPIndividual@2101117022{-545780476} 0.0 52800.0 10087.0 0.09903836621393873 5 46 21.0 0.0 5 46 21.0 0.0 0.09903836621393873 0
16 ec.gp.GPIndividual@831103045{-1609380790} 0.0 99798.0 10054.0 0.8561766461110006 0.2547674578131431 0
3 6 21.0 0.0 0.8561766461110006 0
16 ec.gp.GPIndividual@815008276{-1764155660} 0.0 54576.0 14578.0 0.2547674578131431 5 45 21.0 0.0 0.2547674578131431 0
16 ec.gp.GPIndividual@831103045{-1609380790} 0.0 99798.0 8387.0 0.8275903183498271 3 6 21.0 0.0 0.8275903183498271 0
16 ec.gp.GPIndividual@1105373113{-955701922} 16 ec.gp.GPIndividual@831103045{-1609380790} 0.0 0.0 63711.0 14578.0 0.1116421568627451 99972.0 14578.0 0.8888736452188228 5 34 21.0 0.0 3 6 21.0 0.0 0.1116421568627451 0
0.8888736452188228 0
16 ec.gp.GPIndividual@1989963429{-1807236706} 0.0 16 ec.gp.GPIndividual@831103045{-1609380790} 67070.0 10861.0 0.30714143624428086 0.0 5 41 21.0 0.0 0.30714143624428086 0
99798.0 10861.0 0.8668630881134334 3 6 21.0 0.0 0.8668630881134334 0
16 ec.gp.GPIndividual@831103045{-1609380790} 0.0 99798.0 8160.0 0.8227941176470588 3 6 21.0 0.0 0.8227941176470588 0
16 ec.gp.GPIndividual@2101117022{-545780476} 0.0 52786.0 8317.0 0.0910183960562703 16 ec.gp.GPIndividual@1793601347{1540133677} 5 46 21.0 0.0 0.0 0.0910183960562703 0
16 ec.gp.GPIndividual@1105373113{-955701922} 0.0 65365.0 12802.0 0.16224027495703797 5 34 21.0 0.0 16 ec.gp.GPIndividual@831103045{-1609380790} 16 ec.gp.GPIndividual@815008276{-1764155660} 0.16224027495703797 0
52800.0 12802.0 0.16324463677377773 5 46 21.0 0.0 0.16324463677377773 0
0.0 99798.0 10861.0 0.8870488986095922 3 6 21.0 0.0 0.0 0.8870488986095922 0
16 ec.gp.GPIndividual@1002953442{1719230777} 0.0 64372.0 10054.0 0.03202705390889198 52800.0 10861.0 0.16324463677377773 5 41 21.0 0.0 5 45 21.0 0.0 0.03202705390889198 0
16 ec.gp.GPIndividual@831103045{-1609380790} 0.16324463677377773 0
0.0 99798.0 10087.0 0.8566471696242689 3 6 21.0 0.0 0.8566471696242689 0
16 ec.gp.GPIndividual@831103045{-1609380790} 0.0 99798.0 8317.0 0.8261392328964771 3 6 21.0 0.0 0.8261392328964771 0
16 ec.gp.GPIndividual@1105373113{-955701922} 0.0 63711.0 10087.0 0.10072370377713889 5 34 21.0 0.0 16 ec.gp.GPIndividual@1002953442{1719230777} 16 ec.gp.GPIndividual@1989963429{-1807236706} 0.10072370377713889 0
16 ec.gp.GPIndividual@1793601347{1540133677} 0.0 0.0 52786.0 8160.0 0.11200980392156863 64372.0 8160.0 0.16036723500655778 0.0 5 41 21.0 0.0 5 46 21.0 0.0 67070.0 8160.0 0.16942887802551568 0.16036723500655778 0
0.11200980392156863 0
5 41 21.0 0.0 0.16942887802551568 0
16 ec.gp.GPIndividual@815008276{-1764155660} 0.0 52786.0 8160.0 0.11200980392156863 5 45 21.0 0.0 0.11200980392156863 0
16 ec.gp.GPIndividual@1002953442{1719230777} 0.0 64407.0 14578.0 0.33001783509397725 5 41 21.0 0.0 0.33001783509397725 0
16 ec.gp.GPIndividual@1105373113{-955701922} 0.0 63711.0 8317.0 0.09065768907057833 5 34 21.0 0.0 0.09065768907057833 0
16 ec.gp.GPIndividual@1879356540{-1781018329} 0.0 16 ec.gp.GPIndividual@1002953442{1719230777} 0.0 58251.0 10861.0 0.09737417943107221 64372.0 10861.0 0.10394991253107448 5 43 21.0 0.0 5 41 21.0 0.0 0.09737417943107221 0
0.10394991253107448 0
16 ec.gp.GPIndividual@1833144380{-2075959672} 0.0 64425.0 10054.0 0.02675552019096877 5 33 21.0 0.0 0.02675552019096877 0
16 ec.gp.GPIndividual@1793601347{1540133677} 0.0 53899.0 12802.0 0.2042649586002187 5 46 21.0 0.0 0.2042649586002187 0
16 ec.gp.GPIndividual@815008276{-1764155660} 16 ec.gp.GPIndividual@1002953442{1719230777} 0.0 0.0 53899.0 8160.0 0.2042649586002187 64372.0 8160.0 0.19264705882352942 5 45 21.0 0.0 5 41 21.0 0.0 0.2042649586002187 0
0.19264705882352942 0
16 ec.gp.GPIndividual@1833144380{-2075959672} 0.0 64499.0 8387.0 0.17550971741981639 5 33 21.0 0.0 0.17550971741981639 0
16 ec.gp.GPIndividual@1989963429{-1807236706} 0.0 68685.0 14578.0 0.4113733022362464 5 41 21.0 0.0 0.4113733022362464 0
16 ec.gp.GPIndividual@1002953442{1719230777} 0.0 64374.0 12802.0 0.23965005467895642 5 41 21.0 0.0 0.23965005467895642 0
16 ec.gp.GPIndividual@1879356540{-1781018329} 0.0 58251.0 8387.0 0.08203171575056635 5 43 21.0 0.0 0.08203171575056635 0
16 ec.gp.GPIndividual@1833144380{-2075959672} 0.0 64759.0 14578.0 0.30587186170942515 5 33 21.0 0.0 0.30587186170942515 0
16 ec.gp.GPIndividual@1002953442{1719230777} 0.0 64372.0 10087.0 0.03519381381976802 16 ec.gp.GPIndividual@1793601347{1540133677} 5 41 21.0 0.0 0.0 0.03519381381976802 0
52800.0 10087.0 0.09903836621393873 5 46 21.0 0.0 16 ec.gp.GPIndividual@815008276{-1764155660} 0.09903836621393873 0
0.0 52800.0 10087.0 0.09903836621393873 5 45 21.0 0.0 0.09903836621393873 0
16 ec.gp.GPIndividual@1833144380{-2075959672} 0.0 64302.0 10861.0 0.11039499125310745 5 33 21.0 0.0 0.11039499125310745 0
16 ec.gp.GPIndividual@1002953442{1719230777} 0.0 64372.0 8317.0 0.17013346158470602 5 41 21.0 0.0 0.17013346158470602 0
16 ec.gp.GPIndividual@1879356540{-1781018329} 0.0 60039.0 14578.0 0.25483605432844014 5 43 21.0 0.0 0.25483605432844014 0
16 ec.gp.GPIndividual@1833144380{-2075959672} 0.0 63755.0 8160.0 0.1170343137254902 5 33 21.0 0.0 0.1170343137254902 0
16 ec.gp.GPIndividual@906239459{1320059400} 0.0 61237.0 10054.0 0.19962204097871494 5 31 21.0 0.0 0.19962204097871494 0
16 ec.gp.GPIndividual@1989963429{-1807236706} 0.0 67082.0 10861.0 0.35751772396648557 5 41 21.0 0.0 0.35751772396648557 0
16 ec.gp.GPIndividual@1793601347{1540133677} 0.0 52786.0 8317.0 0.0910183960562703 5 46 21.0 0.0 0.0910183960562703 0
16 ec.gp.GPIndividual@1833144380{-2075959672} 0.0 16 ec.gp.GPIndividual@815008276{-1764155660} 0.0 64747.0 8317.0 0.21051398219028278 5 33 21.0 0.0 52786.0 8317.0 0.0910183960562703 0.21051398219028278 0
5 45 21.0 0.0 0.0910183960562703 0
16 ec.gp.GPIndividual@906239459{1320059400} 0.0 61311.0 8387.0 0.4468820794086086 5 31 21.0 0.0 0.4468820794086086 0
16 ec.gp.GPIndividual@1879356540{-1781018329} 0.0 58263.0 10861.0 0.16333670932694963 5 43 21.0 0.0 0.16333670932694963 0
16 ec.gp.GPIndividual@1833144380{-2075959672} 0.0 64302.0 10087.0 0.042133439080003963 5 33 21.0 0.0 0.042133439080003963 0
16 ec.gp.GPIndividual@317075548{1250359767} 0.0 61237.0 10054.0 0.19962204097871494 5 37 21.0 0.0 0.19962204097871494 0
16 ec.gp.GPIndividual@906239459{1320059400} 0.0 16 ec.gp.GPIndividual@992680596{-1670984380} 60983.0 10054.0 0.1900809438880505 0.0 16 ec.gp.GPIndividual@1833144380{-2075959672} 5 31 21.0 0.0 0.0 57139.0 8317.0 0.20797692460712155 63755.0 8317.0 0.09594805819406035 0.1900809438880505 0
5 33 21.0 0.0 0.09594805819406035 0
5 42 21.0 0.0 0.20797692460712155 0
16 ec.gp.GPIndividual@317075548{1250359767} 16 ec.gp.GPIndividual@1879356540{-1781018329} 0.0 0.0 61311.0 8160.0 0.4468820794086086 58249.0 8160.0 0.11188725490196079 5 37 21.0 0.0 0.4468820794086086 0
5 43 21.0 0.0 16 ec.gp.GPIndividual@906239459{1320059400} 0.11188725490196079 0
16 ec.gp.GPIndividual@1989963429{-1807236706} 0.0 67069.0 10861.0 0.14644607843137256 0.0 5 41 21.0 0.0 0.14644607843137256 0
61082.0 10861.0 0.09621581806463493 5 31 21.0 0.0 0.09621581806463493 0
16 ec.gp.GPIndividual@207995120{-743258113} 0.0 59442.0 10054.0 0.02108613487169286 5 34 21.0 0.0 0.02108613487169286 0
16 ec.gp.GPIndividual@317075548{1250359767} 0.0 60983.0 14578.0 0.1900809438880505 5 37 21.0 0.0 0.1900809438880505 0
16 ec.gp.GPIndividual@992680596{-1670984380} 0.0 57139.0 8387.0 0.050554429474186244 5 42 21.0 0.0 0.050554429474186244 0
16 ec.gp.GPIndividual@906239459{1320059400} 0.0 61236.0 8160.0 0.47794117647058826 5 31 21.0 0.0 0.47794117647058826 0
16 ec.gp.GPIndividual@317075548{1250359767} 0.0 60876.0 10861.0 0.07724887211122364 5 37 21.0 0.0 0.07724887211122364 0
16 ec.gp.GPIndividual@207995120{-743258113} 0.0 59442.0 8387.0 0.22403720042923572 16 ec.gp.GPIndividual@1879356540{-1781018329} 5 34 21.0 0.0 0.0 0.22403720042923572 0
59362.0 8387.0 0.20434307139509453 5 43 21.0 0.0 0.20434307139509453 0
16 ec.gp.GPIndividual@906239459{1320059400} 0.0 60971.0 12802.0 0.07865958443993126 5 31 21.0 0.0 0.07865958443993126 0
16 ec.gp.GPIndividual@317075548{1250359767} 0.0 61236.0 8160.0 0.47794117647058826 5 37 21.0 0.0 0.47794117647058826 0
16 ec.gp.GPIndividual@1989963429{-1807236706} 16 ec.gp.GPIndividual@992680596{-1670984380} 0.0 0.0 68427.0 14578.0 0.34986720824871115 58954.0 14578.0 0.32926327342571 5 41 21.0 0.0 5 42 21.0 0.0 0.34986720824871115 0
0.32926327342571 0
16 ec.gp.GPIndividual@207995120{-743258113} 0.0 60038.0 14578.0 0.25490465084373715 5 34 21.0 0.0 0.25490465084373715 0
16 ec.gp.GPIndividual@906239459{1320059400} 0.0 61082.0 10087.0 0.18033111926241696 5 31 21.0 0.0 0.18033111926241696 0
16 ec.gp.GPIndividual@317075548{1250359767} 0.0 60971.0 12802.0 0.07865958443993126 5 37 21.0 0.0 0.07865958443993126 0
16 ec.gp.GPIndividual@1879356540{-1781018329} 0.0 58263.0 10087.0 0.0991375037176564 5 43 21.0 0.0 0.0991375037176564 0
16 ec.gp.GPIndividual@906239459{1320059400} 0.0 61236.0 8317.0 0.45004208248166405 5 31 21.0 0.0 0.45004208248166405 0
16 ec.gp.GPIndividual@317075548{1250359767} 0.0 60876.0 10087.0 0.15990879349657974 5 37 21.0 0.0 16 ec.gp.GPIndividual@207995120{-743258113} 0.15990879349657974 0
0.0 59442.0 10861.0 0.05478316913728018 5 34 21.0 0.0 0.05478316913728018 0
16 ec.gp.GPIndividual@992680596{-1670984380} 0.0 57151.0 10861.0 0.2657213884541018 5 42 21.0 0.0 0.2657213884541018 0
16 ec.gp.GPIndividual@248142111{-2075959672} 0.0 64425.0 10054.0 0.02675552019096877 5 33 21.0 0.0 0.02675552019096877 0
16 ec.gp.GPIndividual@317075548{1250359767} 0.0 61236.0 8317.0 0.45004208248166405 5 37 21.0 0.0 0.45004208248166405 0
16 ec.gp.GPIndividual@1879356540{-1781018329} 0.0 58249.0 8317.0 0.09089816039437297 5 43 21.0 0.0 0.09089816039437297 0
16 ec.gp.GPIndividual@1989963429{-1807236706} 0.0 67082.0 10087.0 0.3082184990581937 5 41 21.0 0.0 0.3082184990581937 0
16 ec.gp.GPIndividual@207995120{-743258113} 0.0 59408.0 8160.0 0.25392156862745097 5 34 21.0 0.0 0.25392156862745097 0
16 ec.gp.GPIndividual@248142111{-2075959672} 0.0 64499.0 8387.0 0.17550971741981639 5 33 21.0 0.0 0.17550971741981639 0
16 ec.gp.GPIndividual@1977482144{-179387450} 0.0 69232.0 10054.0 0.092102645713149 5 31 21.0 0.0 0.092102645713149 0
16 ec.gp.GPIndividual@703123493{1944755084} 0.0 60122.0 10054.0 0.08872090710165108 5 39 21.0 0.0 0.08872090710165108 0
16 ec.gp.GPIndividual@1977482144{-179387450} 0.0 69732.0 8387.0 0.1479670919279838 5 31 21.0 0.0 0.1479670919279838 0
16 ec.gp.GPIndividual@992680596{-1670984380} 16 ec.gp.GPIndividual@248142111{-2075959672} 0.0 0.0 57134.0 14578.0 0.024754901960784313 64759.0 14578.0 0.30587186170942515 5 42 21.0 0.0 5 33 21.0 0.0 0.024754901960784313 0
0.30587186170942515 0
16 ec.gp.GPIndividual@207995120{-743258113} 0.0 16 ec.gp.GPIndividual@1977482144{-179387450} 0.0 59443.0 14578.0 0.19801593501015466 74136.0 14578.0 0.4122650569351077 5 34 21.0 0.0 5 31 21.0 0.0 0.19801593501015466 0
0.4122650569351077 0
16 ec.gp.GPIndividual@703123493{1944755084} 0.0 60196.0 8387.0 0.3139382377488971 5 39 21.0 0.0 0.3139382377488971 0
16 ec.gp.GPIndividual@1977482144{-179387450} 0.0 73554.0 10861.0 0.26470859036921096 5 31 21.0 0.0 0.26470859036921096 0
16 ec.gp.GPIndividual@248142111{-2075959672} 0.0 64302.0 10861.0 0.11039499125310745 5 33 21.0 0.0 0.11039499125310745 0
16 ec.gp.GPIndividual@703123493{1944755084} 16 ec.gp.GPIndividual@1977482144{-179387450} 0.0 0.0 60038.0 8160.0 0.25490465084373715 69732.0 8160.0 0.17990196078431372 5 39 21.0 0.0 5 31 21.0 0.0 0.25490465084373715 0
16 ec.gp.GPIndividual@1989963429{-1807236706} 0.0 16 ec.gp.GPIndividual@992680596{-1670984380} 67069.0 12802.0 0.16255861488517495 0.0 58277.0 12802.0 0.28909545383533825 5 41 21.0 0.0 5 42 21.0 0.0 0.16255861488517495 0
0.17990196078431372 0
16 ec.gp.GPIndividual@207995120{-743258113} 0.0 16 ec.gp.GPIndividual@248142111{-2075959672} 59442.0 8160.0 0.017745613165460493 0.0 63755.0 8160.0 0.1170343137254902 0.28909545383533825 0
5 33 21.0 0.0 0.1170343137254902 0
16 ec.gp.GPIndividual@1977482144{-179387450} 0.0 73554.0 12802.0 0.37619122012185596 5 31 21.0 0.0 0.37619122012185596 0
5 34 21.0 0.0 0.017745613165460493 0
16 ec.gp.GPIndividual@703123493{1944755084} 16 ec.gp.GPIndividual@1692366156{1416153322} 0.0 0.0 59761.0 10054.0 0.02541202467544425 64336.0 10054.0 0.03560771832106624 5 39 21.0 0.0 5 34 21.0 0.0 0.02541202467544425 0
16 ec.gp.GPIndividual@1977482144{-179387450} 0.0 73554.0 10087.0 0.20828789531079608 5 31 21.0 0.0 0.03560771832106624 0
0.20828789531079608 0
16 ec.gp.GPIndividual@248142111{-2075959672} 0.0 64747.0 12802.0 0.21051398219028278 5 33 21.0 0.0 0.21051398219028278 0
16 ec.gp.GPIndividual@1977482144{-179387450} 0.0 69732.0 8317.0 0.15762895274738487 5 31 21.0 0.0 0.15762895274738487 0
16 ec.gp.GPIndividual@1692366156{1416153322} 0.0 64336.0 8387.0 0.1560748777870514 5 34 21.0 0.0 0.1560748777870514 0
16 ec.gp.GPIndividual@207995120{-743258113} 16 ec.gp.GPIndividual@248142111{-2075959672} 0.0 0.0 59408.0 10087.0 0.2302512925333654 64302.0 10087.0 0.042133439080003963 16 ec.gp.GPIndividual@992680596{-1670984380} 5 33 21.0 0.0 5 34 21.0 0.0 0.0 0.2302512925333654 0
16 ec.gp.GPIndividual@703123493{1944755084} 0.0 60121.0 10087.0 0.34129901960784315 57151.0 10087.0 0.2093784078516903 5 39 21.0 0.0 0.34129901960784315 0
0.042133439080003963 0
5 42 21.0 0.0 0.2093784078516903 0
16 ec.gp.GPIndividual@1692366156{1416153322} 0.0 63857.0 14578.0 0.36774591850733984 5 34 21.0 0.0 0.36774591850733984 0
16 ec.gp.GPIndividual@703123493{1944755084} 0.0 16 ec.gp.GPIndividual@248142111{-2075959672} 60026.0 8317.0 0.15247617559756288 0.0 5 39 21.0 0.0 63755.0 8317.0 0.09594805819406035 0.15247617559756288 0
16 ec.gp.GPIndividual@1949075629{-1764155660} 5 33 21.0 0.0 0.0 0.09594805819406035 0
16 ec.gp.GPIndividual@1692366156{1416153322} 0.0 63786.0 10861.0 0.15790442868980756 5 34 21.0 0.0 0.15790442868980756 0
52788.0 10054.0 0.09727471653073404 5 45 21.0 0.0 0.09727471653073404 0
16 ec.gp.GPIndividual@703123493{1944755084} 0.0 59761.0 10087.0 0.04937047685139288 5 39 21.0 0.0 0.04937047685139288 0
16 ec.gp.GPIndividual@393021160{1416153322} 0.0 64336.0 10054.0 0.03560771832106624 5 34 21.0 0.0 0.03560771832106624 0
16 ec.gp.GPIndividual@1692366156{1416153322} 0.0 16 ec.gp.GPIndividual@992680596{-1670984380} 64336.0 8160.0 0.18823529411764706 0.0 5 34 21.0 0.0 57134.0 8160.0 0.04316460262113743 0.18823529411764706 0
16 ec.gp.GPIndividual@703123493{1944755084} 0.0 60121.0 8317.0 0.31597931946615365 5 39 21.0 0.0 5 42 21.0 0.0 0.31597931946615365 0
16 ec.gp.GPIndividual@393021160{1416153322} 0.0 64336.0 8387.0 0.1560748777870514 0.04316460262113743 0
16 ec.gp.GPIndividual@1199777851{1802510636} 0.0 101188.0 10054.0 0.7179232146409389 3 5 21.0 0.0 5 34 21.0 0.0 0.7179232146409389 0
0.1560748777870514 0
16 ec.gp.GPIndividual@1199777851{1802510636} 0.0 16 ec.gp.GPIndividual@1949075629{-1764155660} 101188.0 8387.0 0.6618576368188863 0.0 3 5 21.0 0.0 52788.0 8387.0 0.08215094789555265 0.6618576368188863 0
16 ec.gp.GPIndividual@1846732536{-136140480} 16 ec.gp.GPIndividual@1692366156{1416153322} 0.0 0.0 63667.0 12802.0 0.2948758006561475 75154.0 12802.0 0.046548637358265366 5 45 21.0 0.0 5 34 21.0 0.0 5 25 21.0 0.0 0.08215094789555265 0
16 ec.gp.GPIndividual@676903389{815811269} 0.0 57263.0 10054.0 0.195643524965188 16 ec.gp.GPIndividual@1199777851{1802510636} 5 46 21.0 0.0 0.0 101188.0 10054.0 0.805460282617643 0.046548637358265366 0
0.2948758006561475 0
16 ec.gp.GPIndividual@393021160{1416153322} 0.0 63857.0 14578.0 0.36774591850733984 3 5 21.0 0.0 5 34 21.0 0.0 0.36774591850733984 0
0.195643524965188 0
16 ec.gp.GPIndividual@1846732536{-136140480} 0.0 75154.0 8387.0 0.14295934183855968 0.805460282617643 0
5 25 21.0 0.0 0.14295934183855968 0
16 ec.gp.GPIndividual@1199777851{1802510636} 0.0 101188.0 10861.0 0.7388822392044931 3 5 21.0 0.0 0.7388822392044931 0
16 ec.gp.GPIndividual@1692366156{1416153322} 0.0 63796.0 10087.0 0.0922970159611381 5 34 21.0 0.0 0.0922970159611381 0
16 ec.gp.GPIndividual@1846732536{-136140480} 0.0 16 ec.gp.GPIndividual@393021160{1416153322} 74724.0 14578.0 0.37193030594045823 5 25 21.0 0.0 0.0 0.37193030594045823 0
16 ec.gp.GPIndividual@1199777851{1802510636} 0.0 101188.0 14578.0 0.6524509803921569 63786.0 14578.0 0.15790442868980756 3 5 21.0 0.0 5 34 21.0 0.0 0.6524509803921569 0
0.15790442868980756 0
16 ec.gp.GPIndividual@1199777851{1802510636} 0.0 101188.0 12802.0 0.7784721137322294 3 5 21.0 0.0 16 ec.gp.GPIndividual@1949075629{-1764155660} 0.7784721137322294 0
0.0 54576.0 10861.0 0.2547674578131431 16 ec.gp.GPIndividual@1846732536{-136140480} 5 45 21.0 0.0 0.0 0.2547674578131431 0
16 ec.gp.GPIndividual@1199777851{1802510636} 0.0 74711.0 8317.0 0.15818064634932327 101188.0 8317.0 0.7188460394567264 5 25 21.0 0.0 0.15818064634932327 0
16 ec.gp.GPIndividual@1692366156{1416153322} 0.0 64336.0 8317.0 0.16580497775640254 5 34 21.0 0.0 0.16580497775640254 0
3 5 21.0 0.0 0.7188460394567264 0
16 ec.gp.GPIndividual@393021160{1416153322} 0.0 16 ec.gp.GPIndividual@1846732536{-136140480} 64336.0 8160.0 0.18823529411764706 0.0 16 ec.gp.GPIndividual@1199777851{1802510636} 5 34 21.0 0.0 0.18823529411764706 0
0.0 101188.0 8317.0 0.6590116628592041 3 5 21.0 0.0 75154.0 8317.0 0.1747549019607843 0.6590116628592041 0
5 25 21.0 0.0 0.1747549019607843 0
16 ec.gp.GPIndividual@880528617{-942861949} 0.0 63757.0 10054.0 0.0931967376168689 5 40 21.0 0.0 0.0931967376168689 0
16 ec.gp.GPIndividual@1846732536{-136140480} 0.0 74712.0 12802.0 0.2857366036556788 5 25 21.0 0.0 0.2857366036556788 0
16 ec.gp.GPIndividual@393021160{1416153322} 0.0 63667.0 12802.0 0.2948758006561475 5 34 21.0 0.0 0.2948758006561475 0
16 ec.gp.GPIndividual@1949075629{-1764155660} 0.0 52800.0 10861.0 0.16324463677377773 5 45 21.0 0.0 0.16324463677377773 0
16 ec.gp.GPIndividual@1846732536{-136140480} 0.0 75154.0 10087.0 0.049667889362545854 5 25 21.0 0.0 0.049667889362545854 0
16 ec.gp.GPIndividual@880528617{-942861949} 0.0 63757.0 8387.0 0.08703946583999046 5 40 21.0 0.0 0.08703946583999046 0
16 ec.gp.GPIndividual@676903389{815811269} 0.0 57263.0 8387.0 0.03576964349588649 5 46 21.0 0.0 0.03576964349588649 0
16 ec.gp.GPIndividual@1846732536{-136140480} 16 ec.gp.GPIndividual@393021160{1416153322} 0.0 0.0 16 ec.gp.GPIndividual@1465339509{1753456362} 75154.0 10087.0 0.1525790549476975 63796.0 10054.0 0.0922970159611381 0.0 5 25 21.0 0.0 5 34 21.0 0.0 57139.0 10054.0 0.20797692460712155 0.1525790549476975 0
16 ec.gp.GPIndividual@880528617{-942861949} 0.0 64386.0 14578.0 0.3314583619152147 5 40 21.0 0.0 0.3314583619152147 0
0.0922970159611381 0
5 42 21.0 0.0 0.20797692460712155 0
16 ec.gp.GPIndividual@1949075629{-1764155660} 0.0 52786.0 8160.0 0.11200980392156863 5 45 21.0 0.0 0.11200980392156863 0
16 ec.gp.GPIndividual@1100933904{1454896112} 0.0 64425.0 10054.0 0.02675552019096877 5 33 21.0 0.0 0.02675552019096877 0
16 ec.gp.GPIndividual@880528617{-942861949} 0.0 63769.0 10861.0 0.15946966209372987 5 40 21.0 0.0 0.15946966209372987 0
16 ec.gp.GPIndividual@393021160{1416153322} 0.0 64336.0 8317.0 0.16580497775640254 5 34 21.0 0.0 0.16580497775640254 0
16 ec.gp.GPIndividual@1100933904{1454896112} 0.0 64499.0 8387.0 0.17550971741981639 5 33 21.0 0.0 0.17550971741981639 0
16 ec.gp.GPIndividual@880528617{-942861949} 0.0 63755.0 8160.0 0.1170343137254902 5 40 21.0 0.0 0.1170343137254902 0
16 ec.gp.GPIndividual@1465339509{1753456362} 0.0 57139.0 8387.0 0.050554429474186244 5 42 21.0 0.0 0.050554429474186244 0
16 ec.gp.GPIndividual@318299693{810138384} 0.0 66329.0 10054.0 0.16262184205291427 5 32 21.0 0.0 0.16262184205291427 0
16 ec.gp.GPIndividual@1949075629{-1764155660} 0.0 53899.0 12802.0 0.2042649586002187 5 45 21.0 0.0 0.2042649586002187 0
16 ec.gp.GPIndividual@1100933904{1454896112} 0.0 64759.0 14578.0 0.30587186170942515 5 33 21.0 0.0 0.30587186170942515 0
16 ec.gp.GPIndividual@880528617{-942861949} 0.0 64374.0 12802.0 0.23965005467895642 5 40 21.0 0.0 0.23965005467895642 0
16 ec.gp.GPIndividual@676903389{815811269} 0.0 59315.0 14578.0 0.3044999314034847 5 46 21.0 0.0 0.3044999314034847 0
16 ec.gp.GPIndividual@318299693{810138384} 0.0 66392.0 8387.0 0.40121616787886016 5 32 21.0 0.0 0.40121616787886016 0
16 ec.gp.GPIndividual@1100933904{1454896112} 0.0 64302.0 10861.0 0.11039499125310745 5 33 21.0 0.0 0.11039499125310745 0
16 ec.gp.GPIndividual@1465339509{1753456362} 0.0 16 ec.gp.GPIndividual@880528617{-942861949} 57925.0 10087.0 0.3998490876663465 0.0 5 42 21.0 0.0 63769.0 10087.0 0.09497372856151481 0.3998490876663465 0
5 40 21.0 0.0 0.09497372856151481 0
16 ec.gp.GPIndividual@318299693{810138384} 0.0 65490.0 14578.0 0.2557278090273014 5 32 21.0 0.0 0.2557278090273014 0
16 ec.gp.GPIndividual@1949075629{-1764155660} 0.0 52800.0 10087.0 0.09903836621393873 5 45 21.0 0.0 0.09903836621393873 0
16 ec.gp.GPIndividual@1100933904{1454896112} 0.0 63755.0 8160.0 0.1170343137254902 5 33 21.0 0.0 0.1170343137254902 0
16 ec.gp.GPIndividual@880528617{-942861949} 0.0 63755.0 8317.0 0.09594805819406035 5 40 21.0 0.0 0.09594805819406035 0
16 ec.gp.GPIndividual@318299693{810138384} 0.0 65612.0 10861.0 0.010220053402080839 5 32 21.0 0.0 0.010220053402080839 0
16 ec.gp.GPIndividual@1465339509{1753456362} 0.0 57151.0 10861.0 0.2657213884541018 5 42 21.0 0.0 0.2657213884541018 0
16 ec.gp.GPIndividual@1100933904{1454896112} 16 ec.gp.GPIndividual@323463178{-901503613} 0.0 0.0 71730.0 10054.0 0.3871096081161727 64747.0 10054.0 0.21051398219028278 5 19 21.0 0.0 5 33 21.0 0.0 0.3871096081161727 0
0.21051398219028278 0
16 ec.gp.GPIndividual@318299693{810138384} 0.0 66392.0 8160.0 0.44019607843137254 5 32 21.0 0.0 0.44019607843137254 0
16 ec.gp.GPIndividual@323463178{-901503613} 0.0 71730.0 8387.0 0.26529152259449146 5 19 21.0 0.0 0.26529152259449146 0
16 ec.gp.GPIndividual@1949075629{-1764155660} 0.0 52786.0 8317.0 0.0910183960562703 5 45 21.0 0.0 0.0910183960562703 0
16 ec.gp.GPIndividual@1100933904{1454896112} 0.0 64302.0 10087.0 0.042133439080003963 5 33 21.0 0.0 0.042133439080003963 0
16 ec.gp.GPIndividual@318299693{810138384} 0.0 16 ec.gp.GPIndividual@676903389{815811269} 65489.0 12802.0 0.15255428839243868 0.0 5 32 21.0 0.0 57275.0 12802.0 0.2543043918607863 0.15255428839243868 0
5 46 21.0 0.0 0.2543043918607863 0
16 ec.gp.GPIndividual@323463178{-901503613} 0.0 71397.0 8160.0 0.6001509123336535 16 ec.gp.GPIndividual@1465339509{1753456362} 5 19 21.0 0.0 0.0 0.6001509123336535 0
57134.0 8160.0 0.024754901960784313 16 ec.gp.GPIndividual@1100933904{1454896112} 5 42 21.0 0.0 0.0 0.024754901960784313 0
16 ec.gp.GPIndividual@323463178{-901503613} 0.0 71730.0 10861.0 0.4326489273547556 16 ec.gp.GPIndividual@318299693{810138384} 5 19 21.0 0.0 0.0 65612.0 10861.0 0.0877366907901259 0.4326489273547556 0
63755.0 8317.0 0.09594805819406035 5 33 21.0 0.0 0.09594805819406035 0
5 32 21.0 0.0 0.0877366907901259 0
16 ec.gp.GPIndividual@323463178{-901503613} 0.0 71730.0 8160.0 0.24485294117647058 5 19 21.0 0.0 0.24485294117647058 0
16 ec.gp.GPIndividual@318299693{810138384} 0.0 66392.0 8317.0 0.41300949861728986 5 32 21.0 0.0 0.41300949861728986 0
16 ec.gp.GPIndividual@1465339509{1753456362} 0.0 16 ec.gp.GPIndividual@323463178{-901503613} 58793.0 12802.0 0.2487892516794251 0.0 5 42 21.0 0.0 71858.0 12802.0 0.5086705202312138 0.2487892516794251 0
5 19 21.0 0.0 0.5086705202312138 0
16 ec.gp.GPIndividual@323463178{-901503613} 0.0 71730.0 10087.0 0.3891147020918013 5 19 21.0 0.0 0.3891147020918013 0
16 ec.gp.GPIndividual@676903389{815811269} 0.0 57134.0 8160.0 0.024754901960784313 5 46 21.0 0.0 0.024754901960784313 0
16 ec.gp.GPIndividual@323463178{-901503613} 0.0 71730.0 8317.0 0.2591078513887219 5 19 21.0 0.0 0.2591078513887219 0
16 ec.gp.GPIndividual@1465339509{1753456362} 0.0 57151.0 10087.0 0.2093784078516903 16 ec.gp.GPIndividual@104531329{111920147} 5 42 21.0 0.0 0.0 0.2093784078516903 0
109280.0 10054.0 1.0 1 1 21.0 0.0 1.0 0
16 ec.gp.GPIndividual@104531329{111920147} 0.0 109280.0 8387.0 1.0 1 1 21.0 0.0 1.0 0
16 ec.gp.GPIndividual@104531329{111920147} 0.0 109280.0 14578.0 1.0 1 1 21.0 0.0 1.0 0
16 ec.gp.GPIndividual@104531329{111920147} 0.0 109280.0 10861.0 1.0 1 1 21.0 0.0 1.0 0
16 ec.gp.GPIndividual@104531329{111920147} 0.0 109280.0 8160.0 1.0 1 1 21.0 0.0 1.0 0
16 ec.gp.GPIndividual@104531329{111920147} 0.0 109280.0 12802.0 1.0 1 1 21.0 0.0 1.0 0
16 ec.gp.GPIndividual@104531329{111920147} 0.0 109280.0 10087.0 1.0 1 1 21.0 0.0 1.0 0
16 ec.gp.GPIndividual@104531329{111920147} 0.0 109280.0 8317.0 1.0 1 1 21.0 0.0 1.0 0
16 ec.gp.GPIndividual@1465339509{1753456362} 0.0 57134.0 8317.0 0.04316460262113743 5 42 21.0 0.0 0.04316460262113743 0
16 ec.gp.GPIndividual@676903389{815811269} 0.0 58397.0 12802.0 0.27972191845024214 5 46 21.0 0.0 0.27972191845024214 0
16 ec.gp.GPIndividual@676903389{815811269} 0.0 57275.0 10087.0 0.1970853573907009 5 46 21.0 0.0 0.1970853573907009 0
16 ec.gp.GPIndividual@676903389{815811269} 0.0 57261.0 8317.0 0.027894673560177947 5 46 21.0 0.0 0.027894673560177947 0
16 ec.gp.GPIndividual@2094210048{-1396324051} 0.0 58261.0 10054.0 0.09637955042769047 5 45 21.0 0.0 0.09637955042769047 0
16 ec.gp.GPIndividual@2094210048{-1396324051} 0.0 58227.0 8387.0 0.07917014427089543 5 45 21.0 0.0 0.07917014427089543 0
16 ec.gp.GPIndividual@2094210048{-1396324051} 0.0 57494.0 14578.0 0.4294141857593634 5 45 21.0 0.0 0.4294141857593634 0
16 ec.gp.GPIndividual@2094210048{-1396324051} 0.0 58663.0 10861.0 0.12650768805818985 5 45 21.0 0.0 0.12650768805818985 0
16 ec.gp.GPIndividual@2094210048{-1396324051} 0.0 57757.0 8160.0 0.05159313725490196 5 45 21.0 0.0 0.05159313725490196 0
16 ec.gp.GPIndividual@2094210048{-1396324051} 0.0 56562.0 12802.0 0.42305889704733635 5 45 21.0 0.0 0.42305889704733635 0
16 ec.gp.GPIndividual@2094210048{-1396324051} 0.0 57585.0 10087.0 0.1663527312382274 5 45 21.0 0.0 0.1663527312382274 0
16 ec.gp.GPIndividual@2094210048{-1396324051} 0.0 57757.0 8317.0 0.03174221474089215 5 45 21.0 0.0 0.03174221474089215 0
16 ec.gp.GPIndividual@224440790{292639912} 0.0 64425.0 10054.0 0.02675552019096877 5 33 21.0 0.0 0.02675552019096877 0
16 ec.gp.GPIndividual@224440790{292639912} 0.0 64499.0 8387.0 0.17550971741981639 5 33 21.0 0.0 0.17550971741981639 0
16 ec.gp.GPIndividual@224440790{292639912} 0.0 64759.0 14578.0 0.30587186170942515 5 33 21.0 0.0 0.30587186170942515 0
16 ec.gp.GPIndividual@224440790{292639912} 0.0 64302.0 10861.0 0.11039499125310745 5 33 21.0 0.0 0.11039499125310745 0
16 ec.gp.GPIndividual@224440790{292639912} 0.0 63755.0 8160.0 0.1170343137254902 5 33 21.0 0.0 0.1170343137254902 0
16 ec.gp.GPIndividual@224440790{292639912} 0.0 64747.0 12802.0 0.21051398219028278 5 33 21.0 0.0 0.21051398219028278 0
16 ec.gp.GPIndividual@224440790{292639912} 0.0 64302.0 10087.0 0.042133439080003963 5 33 21.0 0.0 0.042133439080003963 0
16 ec.gp.GPIndividual@224440790{292639912} 0.0 63755.0 8317.0 0.09594805819406035 5 33 21.0 0.0 0.09594805819406035 0
16 ec.gp.GPIndividual@799048394{-1673352996} 0.0 48519.0 10054.0 0.021583449373383728 5 44 21.0 0.0 0.021583449373383728 0
16 ec.gp.GPIndividual@799048394{-1673352996} 0.0 48519.0 8387.0 0.22463336115416715 5 44 21.0 0.0 0.22463336115416715 0
16 ec.gp.GPIndividual@799048394{-1673352996} 0.0 48918.0 14578.0 0.26807518178076556 5 44 21.0 0.0 0.26807518178076556 0
16 ec.gp.GPIndividual@799048394{-1673352996} 0.0 48519.0 10861.0 0.05432280637142068 5 44 21.0 0.0 0.05432280637142068 0
16 ec.gp.GPIndividual@799048394{-1673352996} 0.0 48519.0 8160.0 0.2587009803921569 5 44 21.0 0.0 0.2587009803921569 0
16 ec.gp.GPIndividual@799048394{-1673352996} 0.0 48614.0 12802.0 0.1902827683174504 5 44 21.0 0.0 0.1902827683174504 0
16 ec.gp.GPIndividual@799048394{-1673352996} 0.0 48519.0 10087.0 0.018241300684048774 5 44 21.0 0.0 0.018241300684048774 0
16 ec.gp.GPIndividual@799048394{-1673352996} 0.0 48519.0 8317.0 0.23494048334736084 5 44 21.0 0.0 0.23494048334736084 0
17 ec.gp.GPIndividual@1113276594{-417511373} 0.0 92271.0 10054.0 0.5179033220608713 5 17 21.0 0.0 0.5179033220608713 0
17 ec.gp.GPIndividual@1113276594{-417511373} 0.0 92271.0 8387.0 0.4220817932514606 5 17 21.0 0.0 0.4220817932514606 0
17 ec.gp.GPIndividual@1113276594{-417511373} 0.0 91806.0 10054.0 0.6994100699684456 5 17 21.0 0.0 0.6994100699684456 0
17 ec.gp.GPIndividual@148608485{-1452394428} 0.0 17 ec.gp.GPIndividual@424768799{1719230777} 68060.0 10054.0 0.20867316490948876 0.0 5 29 21.0 0.0 0.20867316490948876 0
17 ec.gp.GPIndividual@1113276594{-417511373} 0.0 91632.0 10861.0 0.6125586962526471 64372.0 10054.0 0.03202705390889198 5 17 21.0 0.0 0.6125586962526471 0
5 41 21.0 0.0 0.03202705390889198 0
17 ec.gp.GPIndividual@1113276594{-417511373} 0.0 92271.0 8160.0 0.4060049019607843 5 17 21.0 0.0 0.4060049019607843 0
17 ec.gp.GPIndividual@148608485{-1452394428} 17 ec.gp.GPIndividual@67445396{-545780476} 0.0 0.0 68060.0 8387.0 0.05138905448909026 5 29 21.0 0.0 52788.0 8387.0 0.09727471653073404 0.05138905448909026 0
17 ec.gp.GPIndividual@1113276594{-417511373} 0.0 91632.0 12802.0 0.6713013591626308 5 17 21.0 0.0 5 46 21.0 0.0 0.6713013591626308 0
17 ec.gp.GPIndividual@424768799{1719230777} 0.0 64372.0 8387.0 0.16036723500655778 5 41 21.0 0.0 0.09727471653073404 0
17 ec.gp.GPIndividual@1113276594{-417511373} 0.0 91632.0 10087.0 0.5828293843561019 5 17 21.0 0.0 0.16036723500655778 0
17 ec.gp.GPIndividual@1947267091{-1720295194} 0.5828293843561019 0
0.0 52788.0 14578.0 0.09727471653073404 5 43 21.0 0.0 17 ec.gp.GPIndividual@148608485{-1452394428} 0.09727471653073404 0
17 ec.gp.GPIndividual@1113276594{-417511373} 0.0 92271.0 8317.0 0.41721774678369605 0.0 5 17 21.0 0.0 0.41721774678369605 0
68689.0 8317.0 0.4110989161750583 5 29 21.0 0.0 17 ec.gp.GPIndividual@424768799{1719230777} 0.4110989161750583 0
17 ec.gp.GPIndividual@638347237{1183169523} 0.0 93850.0 10054.0 0.9043166898746767 0.0 5 25 21.0 0.0 0.9043166898746767 0
64407.0 10054.0 0.33001783509397725 5 41 21.0 0.0 0.33001783509397725 0
17 ec.gp.GPIndividual@638347237{1183169523} 0.0 93850.0 8387.0 0.8852986765231906 5 25 21.0 0.0 0.8852986765231906 0
17 ec.gp.GPIndividual@638347237{1183169523} 0.0 94176.0 14578.0 0.9116476882974345 5 25 21.0 0.0 0.9116476882974345 0
17 ec.gp.GPIndividual@638347237{1183169523} 0.0 94034.0 10861.0 0.8944848540650032 5 25 21.0 0.0 0.8944848540650032 0
17 ec.gp.GPIndividual@148608485{-1452394428} 0.0 68072.0 10861.0 0.26636589632630514 5 29 21.0 0.0 17 ec.gp.GPIndividual@638347237{1183169523} 17 ec.gp.GPIndividual@424768799{1719230777} 0.26636589632630514 0
17 ec.gp.GPIndividual@67445396{-545780476} 0.0 52788.0 8387.0 0.08215094789555265 0.0 5 46 21.0 0.0 0.08215094789555265 0
0.0 17 ec.gp.GPIndividual@1947267091{-1720295194} 0.0 64372.0 8387.0 0.10394991253107448 93850.0 8387.0 0.8821078431372549 52788.0 8387.0 0.08215094789555265 5 41 21.0 0.0 5 25 21.0 0.0 0.10394991253107448 0
5 43 21.0 0.0 0.08215094789555265 0
17 ec.gp.GPIndividual@148608485{-1452394428} 0.0 68055.0 8160.0 0.025612745098039215 5 29 21.0 0.0 0.025612745098039215 0
0.8821078431372549 0
17 ec.gp.GPIndividual@424768799{1719230777} 17 ec.gp.GPIndividual@638347237{1183169523} 0.0 0.0 94176.0 8160.0 0.8993907201999688 64372.0 8160.0 0.19264705882352942 5 25 21.0 0.0 5 41 21.0 0.0 0.8993907201999688 0
0.19264705882352942 0
17 ec.gp.GPIndividual@638347237{1183169523} 0.0 93850.0 10087.0 0.9046297214236145 5 25 21.0 0.0 0.9046297214236145 0
17 ec.gp.GPIndividual@638347237{1183169523} 0.0 17 ec.gp.GPIndividual@148608485{-1452394428} 93850.0 12802.0 0.8843332932547794 0.0 5 25 21.0 0.0 68677.0 12802.0 0.330339009529761 0.8843332932547794 0
5 29 21.0 0.0 0.330339009529761 0
17 ec.gp.GPIndividual@778734835{1802510636} 0.0 17 ec.gp.GPIndividual@424768799{1719230777} 101188.0 12802.0 0.7179232146409389 0.0 3 5 21.0 0.0 64374.0 12802.0 0.23965005467895642 0.7179232146409389 0
17 ec.gp.GPIndividual@67445396{-545780476} 0.0 17 ec.gp.GPIndividual@778734835{1802510636} 0.0 5 41 21.0 0.0 101188.0 8387.0 0.6618576368188863 54576.0 8387.0 0.2547674578131431 0.23965005467895642 0
5 46 21.0 0.0 0.2547674578131431 0
3 5 21.0 0.0 17 ec.gp.GPIndividual@148608485{-1452394428} 17 ec.gp.GPIndividual@1947267091{-1720295194} 0.0 0.6618576368188863 0
0.0 54576.0 14578.0 0.2547674578131431 5 43 21.0 0.0 68072.0 14578.0 0.2100723703777139 0.2547674578131431 0
17 ec.gp.GPIndividual@424768799{1719230777} 0.0 5 29 21.0 0.0 64372.0 10087.0 0.03519381381976802 5 41 21.0 0.0 17 ec.gp.GPIndividual@778734835{1802510636} 0.2100723703777139 0
0.03519381381976802 0
0.0 101188.0 10087.0 0.805460282617643 3 5 21.0 0.0 0.805460282617643 0
17 ec.gp.GPIndividual@778734835{1802510636} 0.0 101188.0 10861.0 0.7388822392044931 3 5 21.0 0.0 0.7388822392044931 0
17 ec.gp.GPIndividual@778734835{1802510636} 0.0 101188.0 8160.0 0.6524509803921569 3 5 21.0 0.0 0.6524509803921569 0
17 ec.gp.GPIndividual@424768799{1719230777} 0.0 64372.0 8317.0 0.17013346158470602 5 41 21.0 0.0 17 ec.gp.GPIndividual@148608485{-1452394428} 0.0 0.17013346158470602 0
17 ec.gp.GPIndividual@778734835{1802510636} 0.0 101188.0 12802.0 0.7784721137322294 68055.0 8317.0 0.04400625225441866 3 5 21.0 0.0 5 29 21.0 0.0 0.7784721137322294 0
0.04400625225441866 0
17 ec.gp.GPIndividual@778734835{1802510636} 0.0 101188.0 10087.0 0.7188460394567264 3 5 21.0 0.0 0.7188460394567264 0
17 ec.gp.GPIndividual@67445396{-545780476} 0.0 52800.0 10087.0 0.16324463677377773 5 46 21.0 0.0 0.16324463677377773 0
17 ec.gp.GPIndividual@778734835{1802510636} 0.0 101188.0 8317.0 0.6590116628592041 3 5 21.0 0.0 17 ec.gp.GPIndividual@1932000856{2105524757} 0.6590116628592041 0
17 ec.gp.GPIndividual@1947267091{-1720295194} 17 ec.gp.GPIndividual@1780962903{-668469046} 0.0 0.0 16360.0 10054.0 0.6272130495325243 52800.0 10054.0 0.16324463677377773 0.0 4 7 21.0 0.0 5 43 21.0 0.0 0.6272130495325243 0
17 ec.gp.GPIndividual@1562998742{1280380172} 0.0 62599.0 10054.0 0.20837477620847425 64425.0 10054.0 0.02675552019096877 5 33 21.0 0.0 5 41 21.0 0.0 0.02675552019096877 0
0.16324463677377773 0
17 ec.gp.GPIndividual@100138278{2146854377} 0.0 69113.0 10054.0 0.10393873085339168 0.20837477620847425 0
5 31 21.0 0.0 0.10393873085339168 0
17 ec.gp.GPIndividual@1562998742{1280380172} 0.0 64499.0 8387.0 0.17550971741981639 5 33 21.0 0.0 0.17550971741981639 0
17 ec.gp.GPIndividual@100138278{2146854377} 0.0 69079.0 8387.0 0.07010850125193752 5 31 21.0 0.0 0.07010850125193752 0
17 ec.gp.GPIndividual@1932000856{2105524757} 0.0 62599.0 8387.0 0.05103135805413139 5 41 21.0 0.0 0.05103135805413139 0
17 ec.gp.GPIndividual@67445396{-545780476} 0.0 52786.0 8160.0 0.11200980392156863 5 46 21.0 0.0 0.11200980392156863 0
17 ec.gp.GPIndividual@1562998742{1280380172} 0.0 64759.0 14578.0 0.30587186170942515 5 33 21.0 0.0 0.30587186170942515 0
17 ec.gp.GPIndividual@100138278{2146854377} 0.0 68360.0 14578.0 0.43366716970777885 5 31 21.0 0.0 0.43366716970777885 0
17 ec.gp.GPIndividual@1947267091{-1720295194} 0.0 17 ec.gp.GPIndividual@1932000856{2105524757} 52786.0 14578.0 0.11200980392156863 0.0 5 43 21.0 0.0 63228.0 14578.0 0.4108931266291672 0.11200980392156863 0
5 41 21.0 0.0 0.4108931266291672 0
17 ec.gp.GPIndividual@100138278{2146854377} 0.0 17 ec.gp.GPIndividual@1562998742{1280380172} 0.0 68504.0 10861.0 0.22659055335604456 64302.0 10861.0 0.11039499125310745 5 31 21.0 0.0 5 33 21.0 0.0 0.22659055335604456 0
0.11039499125310745 0
17 ec.gp.GPIndividual@100138278{2146854377} 0.0 68606.0 8160.0 0.04191176470588235 5 31 21.0 0.0 17 ec.gp.GPIndividual@67445396{-545780476} 17 ec.gp.GPIndividual@1932000856{2105524757} 0.0 0.0 62611.0 10861.0 0.26608967866678945 5 41 21.0 0.0 53899.0 10861.0 0.2042649586002187 0.26608967866678945 0
0.04191176470588235 0
5 46 21.0 0.0 17 ec.gp.GPIndividual@1562998742{1280380172} 0.2042649586002187 0
0.0 63755.0 8160.0 0.1170343137254902 5 33 21.0 0.0 0.1170343137254902 0
17 ec.gp.GPIndividual@1947267091{-1720295194} 0.0 53899.0 12802.0 0.2042649586002187 5 43 21.0 0.0 0.2042649586002187 0
17 ec.gp.GPIndividual@1932000856{2105524757} 0.0 62594.0 8160.0 0.025245098039215687 5 41 21.0 0.0 17 ec.gp.GPIndividual@100138278{2146854377} 0.025245098039215687 0
0.0 67742.0 12802.0 0.4033744727386346 5 31 21.0 0.0 0.4033744727386346 0
17 ec.gp.GPIndividual@1562998742{1280380172} 0.0 64747.0 12802.0 0.21051398219028278 5 33 21.0 0.0 0.21051398219028278 0
17 ec.gp.GPIndividual@100138278{2146854377} 17 ec.gp.GPIndividual@1932000856{2105524757} 0.0 0.0 68605.0 12802.0 0.15723208089620302 63216.0 12802.0 0.3301046711451336 5 31 21.0 0.0 5 41 21.0 0.0 0.15723208089620302 0
0.3301046711451336 0
17 ec.gp.GPIndividual@67445396{-545780476} 0.0 52800.0 10087.0 0.09903836621393873 5 46 21.0 0.0 0.09903836621393873 0
17 ec.gp.GPIndividual@1562998742{1280380172} 0.0 64302.0 10087.0 0.042133439080003963 5 33 21.0 0.0 0.042133439080003963 0
17 ec.gp.GPIndividual@1947267091{-1720295194} 0.0 17 ec.gp.GPIndividual@100138278{2146854377} 52800.0 10087.0 0.09903836621393873 0.0 5 43 21.0 0.0 68606.0 10087.0 0.022243597451003967 0.09903836621393873 0
5 31 21.0 0.0 0.022243597451003967 0
17 ec.gp.GPIndividual@1932000856{2105524757} 0.0 62611.0 10087.0 0.20977495786656092 5 41 21.0 0.0 0.20977495786656092 0
17 ec.gp.GPIndividual@1562998742{1280380172} 0.0 63755.0 8317.0 0.09594805819406035 5 33 21.0 0.0 0.09594805819406035 0
17 ec.gp.GPIndividual@489776122{1263625395} 0.0 60021.0 10054.0 0.07867515416749553 5 33 21.0 0.0 0.07867515416749553 0
17 ec.gp.GPIndividual@1932000856{2105524757} 0.0 62594.0 8317.0 0.0436455452687267 5 41 21.0 0.0 0.0436455452687267 0
17 ec.gp.GPIndividual@489776122{1263625395} 0.0 60021.0 8387.0 0.29307261237629667 5 33 21.0 0.0 0.29307261237629667 0
17 ec.gp.GPIndividual@67445396{-545780476} 0.0 52786.0 8317.0 0.0910183960562703 5 46 21.0 0.0 0.0910183960562703 0
17 ec.gp.GPIndividual@1202951976{1770073610} 0.0 17 ec.gp.GPIndividual@1490784682{1473801438} 72359.0 10054.0 0.3245474438034613 0.0 5 21 21.0 0.0 104262.0 10054.0 0.9556395464491745 17 ec.gp.GPIndividual@1947267091{-1720295194} 0.3245474438034613 0
1 1 21.0 0.0 17 ec.gp.GPIndividual@489776122{1263625395} 0.9556395464491745 0
0.0 52786.0 14578.0 0.0910183960562703 5 43 21.0 0.0 0.0 17 ec.gp.GPIndividual@1490784682{1473801438} 0.0910183960562703 0
59907.0 8387.0 0.2638907943476471 5 33 21.0 0.0 0.2638907943476471 0
0.0 104262.0 8387.0 0.9468224633361154 1 1 21.0 0.0 0.9468224633361154 0
17 ec.gp.GPIndividual@1490784682{1473801438} 0.0 104262.0 14578.0 0.9694059541775277 1 1 21.0 0.0 0.9694059541775277 0
17 ec.gp.GPIndividual@1490784682{1473801438} 0.0 104262.0 10861.0 0.9589356412853328 1 1 21.0 0.0 0.9589356412853328 0
17 ec.gp.GPIndividual@1780962903{-668469046} 17 ec.gp.GPIndividual@1202951976{1770073610} 0.0 0.0 17 ec.gp.GPIndividual@1490784682{1473801438} 17476.0 8160.0 1.0837009657803744 0.0 17 ec.gp.GPIndividual@1561206734{-1952482555} 17 ec.gp.GPIndividual@489776122{1263625395} 4 7 21.0 0.0 72359.0 10054.0 0.19029450339811613 0.0 0.0 104262.0 10861.0 0.9453431372549019 54616.0 10861.0 0.08454346528744779 1 1 21.0 0.0 0.9453431372549019 0
5 21 21.0 0.0 17 ec.gp.GPIndividual@1490784682{1473801438} 0.19029450339811613 0
1.0837009657803744 0
0.0 60021.0 10861.0 0.0014731608507503914 5 33 21.0 0.0 104262.0 12802.0 0.9651616934853929 5 37 21.0 0.0 1 1 21.0 0.0 0.0014731608507503914 0
0.9651616934853929 0
0.08454346528744779 0
17 ec.gp.GPIndividual@1490784682{1473801438} 0.0 104262.0 10087.0 0.9557846733419253 1 1 21.0 0.0 0.9557846733419253 0
17 ec.gp.GPIndividual@1490784682{1473801438} 0.0 104262.0 8317.0 0.9463748947937959 1 1 21.0 0.0 0.9463748947937959 0
17 ec.gp.GPIndividual@489776122{1263625395} 0.0 60021.0 8160.0 0.3290441176470588 5 33 21.0 0.0 0.3290441176470588 0
17 ec.gp.GPIndividual@1202951976{1770073610} 0.0 72957.0 14578.0 0.4931403484702977 5 21 21.0 0.0 0.4931403484702977 0
17 ec.gp.GPIndividual@670991903{1947777817} 0.0 72328.0 10054.0 0.3276307937139447 5 19 21.0 0.0 0.3276307937139447 0
17 ec.gp.GPIndividual@489776122{1263625395} 0.0 59874.0 12802.0 0.16434932041868458 5 33 21.0 0.0 0.16434932041868458 0
17 ec.gp.GPIndividual@1202951976{1770073610} 0.0 17 ec.gp.GPIndividual@670991903{1947777817} 72359.0 8387.0 0.3747352914096308 17 ec.gp.GPIndividual@489776122{1263625395} 5 21 21.0 0.0 0.0 60021.0 10087.0 0.07514622781798354 5 33 21.0 0.0 0.07514622781798354 0
17 ec.gp.GPIndividual@1561206734{-1952482555} 0.0 54818.0 8387.0 0.3241922022177179 0.0 5 37 21.0 0.0 72328.0 8387.0 0.19399069989269108 5 19 21.0 0.0 0.19399069989269108 0
0.3747352914096308 0
17 ec.gp.GPIndividual@454455116{-1840460518} 0.0 57974.0 10054.0 0.12492540282474637 0.3241922022177179 0
17 ec.gp.GPIndividual@489776122{1263625395} 0.0 60021.0 8317.0 0.30395575327642177 5 33 21.0 0.0 5 41 21.0 0.0 0.30395575327642177 0
0.12492540282474637 0
17 ec.gp.GPIndividual@670991903{1947777817} 0.0 72957.0 14578.0 0.4931403484702977 5 19 21.0 0.0 0.4931403484702977 0
17 ec.gp.GPIndividual@1202951976{1770073610} 0.0 72357.0 8160.0 0.16801470588235295 5 21 21.0 0.0 0.16801470588235295 0
17 ec.gp.GPIndividual@670991903{1947777817} 0.0 72340.0 10861.0 0.3764846699198969 5 19 21.0 0.0 0.3764846699198969 0
17 ec.gp.GPIndividual@1561206734{-1952482555} 0.0 55521.0 14578.0 0.18994375085745643 5 37 21.0 0.0 17 ec.gp.GPIndividual@670991903{1947777817} 0.18994375085745643 0
17 ec.gp.GPIndividual@1481055478{-1792345467} 0.0 57261.0 10054.0 0.19584245076586435 0.0 5 45 21.0 0.0 72323.0 10054.0 0.1721813725490196 0.19584245076586435 0
17 ec.gp.GPIndividual@1202951976{1770073610} 0.0 74012.0 12802.0 0.34041556006873924 5 19 21.0 0.0 5 21 21.0 0.0 0.1721813725490196 0
0.34041556006873924 0
17 ec.gp.GPIndividual@670991903{1947777817} 0.0 72945.0 12802.0 0.42376191220121856 5 19 21.0 0.0 0.42376191220121856 0
17 ec.gp.GPIndividual@1202951976{1770073610} 0.0 72359.0 10087.0 0.32675721225339543 5 21 21.0 0.0 0.32675721225339543 0
17 ec.gp.GPIndividual@1561206734{-1952482555} 0.0 54194.0 10861.0 0.034895497652149894 5 37 21.0 0.0 0.034895497652149894 0
17 ec.gp.GPIndividual@670991903{1947777817} 0.0 72340.0 10087.0 0.32864082482403095 5 19 21.0 0.0 17 ec.gp.GPIndividual@1481055478{-1792345467} 0.32864082482403095 0
0.0 57261.0 8387.0 0.03600810778585907 5 45 21.0 0.0 0.03600810778585907 0
17 ec.gp.GPIndividual@454455116{-1840460518} 0.0 58176.0 8387.0 0.07308930487659474 5 41 21.0 0.0 0.07308930487659474 0
17 ec.gp.GPIndividual@670991903{1947777817} 0.0 17 ec.gp.GPIndividual@1202951976{1770073610} 72323.0 8317.0 0.18780810388361188 0.0 5 19 21.0 0.0 72357.0 8317.0 0.18372009137910303 0.18780810388361188 0
5 21 21.0 0.0 0.18372009137910303 0
17 ec.gp.GPIndividual@1940077947{-1037130011} 0.0 87253.0 10054.0 0.47354286851004573 5 20 21.0 0.0 0.47354286851004573 0
17 ec.gp.GPIndividual@1940077947{-1037130011} 0.0 87253.0 8387.0 0.36890425658757603 5 20 21.0 0.0 0.36890425658757603 0
17 ec.gp.GPIndividual@1940077947{-1037130011} 0.0 86788.0 14578.0 0.6688160241459734 5 20 21.0 0.0 0.6688160241459734 0
17 ec.gp.GPIndividual@1561206734{-1952482555} 0.0 54816.0 8160.0 0.3607843137254902 5 37 21.0 0.0 0.3607843137254902 0
17 ec.gp.GPIndividual@1940077947{-1037130011} 0.0 86614.0 10861.0 0.57149433753798 5 20 21.0 0.0 0.57149433753798 0
17 ec.gp.GPIndividual@1481055478{-1792345467} 0.0 57925.0 14578.0 0.3998490876663465 5 45 21.0 0.0 0.3998490876663465 0
17 ec.gp.GPIndividual@1940077947{-1037130011} 0.0 87253.0 8160.0 0.35134803921568625 5 20 21.0 0.0 0.35134803921568625 0
17 ec.gp.GPIndividual@1940077947{-1037130011} 0.0 86614.0 12802.0 0.6364630526480237 5 20 21.0 0.0 0.6364630526480237 0
17 ec.gp.GPIndividual@1940077947{-1037130011} 0.0 86614.0 10087.0 0.5386140576980272 5 20 21.0 0.0 0.5386140576980272 0
17 ec.gp.GPIndividual@1464473235{-1041790818} 0.0 17 ec.gp.GPIndividual@1940077947{-1037130011} 48519.0 8317.0 0.021583449373383728 0.0 5 45 21.0 0.0 87253.0 8317.0 0.3635926415774919 0.021583449373383728 0
5 20 21.0 0.0 0.3635926415774919 0
17 ec.gp.GPIndividual@1561206734{-1952482555} 0.0 54844.0 12802.0 0.1304483674425871 5 37 21.0 0.0 0.1304483674425871 0
17 ec.gp.GPIndividual@1481055478{-1792345467} 0.0 57262.0 10861.0 0.255501335052021 5 45 21.0 0.0 0.255501335052021 0
17 ec.gp.GPIndividual@1579130905{-682463407} 0.0 65583.0 10054.0 0.08842251840063656 5 29 21.0 0.0 0.08842251840063656 0
17 ec.gp.GPIndividual@454455116{-1840460518} 0.0 59187.0 14578.0 0.31328028536150365 5 41 21.0 0.0 0.31328028536150365 0
17 ec.gp.GPIndividual@1464473235{-1041790818} 0.0 17 ec.gp.GPIndividual@1579130905{-682463407} 48519.0 8387.0 0.22463336115416715 0.0 5 45 21.0 0.0 65657.0 8387.0 0.31358054131393825 0.22463336115416715 0
5 29 21.0 0.0 0.31358054131393825 0
17 ec.gp.GPIndividual@1561206734{-1952482555} 0.0 54194.0 10087.0 0.039159313968474274 5 37 21.0 0.0 0.039159313968474274 0
17 ec.gp.GPIndividual@1481055478{-1792345467} 0.0 57260.0 8160.0 0.009313725490196078 5 45 21.0 0.0 0.009313725490196078 0
17 ec.gp.GPIndividual@1579130905{-682463407} 0.0 65501.0 14578.0 0.25497324735903415 5 29 21.0 0.0 0.25497324735903415 0
17 ec.gp.GPIndividual@1780962903{-668469046} 0.0 17190.0 14578.0 0.17917409795582384 4 7 21.0 0.0 0.17917409795582384 0
17 ec.gp.GPIndividual@1464473235{-1041790818} 0.0 17 ec.gp.GPIndividual@1579130905{-682463407} 48918.0 10861.0 0.26807518178076556 0.0 5 45 21.0 0.0 65428.0 10861.0 0.006721296381548661 0.26807518178076556 0
5 29 21.0 0.0 17 ec.gp.GPIndividual@1561206734{-1952482555} 0.006721296381548661 0
0.0 17 ec.gp.GPIndividual@1481055478{-1792345467} 54816.0 12802.0 0.33509678970782736 0.0 5 37 21.0 0.0 58793.0 12802.0 0.2487892516794251 0.33509678970782736 0
5 45 21.0 0.0 0.2487892516794251 0
17 ec.gp.GPIndividual@54992611{1693049045} 0.0 73891.0 10054.0 0.17217028048537894 5 29 21.0 0.0 0.17217028048537894 0
17 ec.gp.GPIndividual@1579130905{-682463407} 0.0 65582.0 8160.0 0.3409313725490196 5 29 21.0 0.0 0.3409313725490196 0
17 ec.gp.GPIndividual@54992611{1693049045} 0.0 73857.0 8387.0 0.011684750208656254 5 29 21.0 0.0 0.011684750208656254 0
17 ec.gp.GPIndividual@454455116{-1840460518} 0.0 57552.0 10861.0 0.22880029463217014 5 41 21.0 0.0 0.22880029463217014 0
17 ec.gp.GPIndividual@54992611{1693049045} 0.0 73550.0 14578.0 0.4524626148991631 5 29 21.0 0.0 0.4524626148991631 0
17 ec.gp.GPIndividual@1579130905{-682463407} 0.0 65489.0 12802.0 0.15255428839243868 5 29 21.0 0.0 17 ec.gp.GPIndividual@1464473235{-1041790818} 0.15255428839243868 0
0.0 17 ec.gp.GPIndividual@1481055478{-1792345467} 0.0 48519.0 10087.0 0.05432280637142068 57262.0 10087.0 0.19837414493903044 5 45 21.0 0.0 5 45 21.0 0.0 0.05432280637142068 0
17 ec.gp.GPIndividual@54992611{1693049045} 0.0 73160.0 10861.0 0.30098517631893934 5 29 21.0 0.0 0.19837414493903044 0
0.30098517631893934 0
17 ec.gp.GPIndividual@1579130905{-682463407} 0.0 65428.0 10087.0 0.06949539010607712 5 29 21.0 0.0 0.06949539010607712 0
17 ec.gp.GPIndividual@54992611{1693049045} 0.0 74158.0 8160.0 0.05269607843137255 5 29 21.0 0.0 0.05269607843137255 0
17 ec.gp.GPIndividual@54992611{1693049045} 0.0 72760.0 12802.0 0.4382127792532417 5 29 21.0 0.0 0.4382127792532417 0
17 ec.gp.GPIndividual@1579130905{-682463407} 0.0 65582.0 8317.0 0.3156186124804617 5 29 21.0 0.0 0.3156186124804617 0
17 ec.gp.GPIndividual@54992611{1693049045} 0.0 73160.0 10087.0 0.24734807177555268 5 29 21.0 0.0 0.24734807177555268 0
17 ec.gp.GPIndividual@1464473235{-1041790818} 0.0 48519.0 8160.0 0.2587009803921569 5 45 21.0 0.0 0.2587009803921569 0
17 ec.gp.GPIndividual@1481055478{-1792345467} 0.0 57260.0 8317.0 0.02801490922207527 5 45 21.0 0.0 0.02801490922207527 0
17 ec.gp.GPIndividual@54992611{1693049045} 0.0 74158.0 8317.0 0.03282433569796802 5 29 21.0 0.0 0.03282433569796802 0
17 ec.gp.GPIndividual@1523395761{925396749} 0.0 62599.0 10054.0 0.20837477620847425 5 42 21.0 0.0 0.20837477620847425 0
17 ec.gp.GPIndividual@1523395761{925396749} 0.0 62599.0 8387.0 0.05103135805413139 5 42 21.0 0.0 0.05103135805413139 0
17 ec.gp.GPIndividual@296516121{1420661560} 0.0 69249.0 10054.0 0.09041177640740004 5 41 21.0 0.0 0.09041177640740004 0
17 ec.gp.GPIndividual@454455116{-1840460518} 17 ec.gp.GPIndividual@1464473235{-1041790818} 17 ec.gp.GPIndividual@1523395761{925396749} 0.0 0.0 0.0 59162.0 14578.0 0.22377450980392158 48885.0 14578.0 0.16911420090610843 63228.0 14578.0 0.4108931266291672 5 45 21.0 0.0 5 41 21.0 0.0 5 42 21.0 0.0 0.16911420090610843 0
0.4108931266291672 0
0.22377450980392158 0
17 ec.gp.GPIndividual@1523395761{925396749} 0.0 62611.0 8387.0 0.26608967866678945 17 ec.gp.GPIndividual@296516121{1420661560} 5 42 21.0 0.0 0.0 0.26608967866678945 0
69249.0 8387.0 0.09037796589960653 5 41 21.0 0.0 0.09037796589960653 0
17 ec.gp.GPIndividual@1523395761{925396749} 0.0 62594.0 8160.0 0.025245098039215687 5 42 21.0 0.0 0.025245098039215687 0
17 ec.gp.GPIndividual@1464473235{-1041790818} 0.0 48519.0 10087.0 0.018241300684048774 5 45 21.0 0.0 0.018241300684048774 0
17 ec.gp.GPIndividual@296516121{1420661560} 0.0 69848.0 14578.0 0.3315955549458088 5 41 21.0 0.0 0.3315955549458088 0
17 ec.gp.GPIndividual@1523395761{925396749} 0.0 63216.0 12802.0 0.3301046711451336 5 42 21.0 0.0 0.3301046711451336 0
17 ec.gp.GPIndividual@1523395761{925396749} 0.0 62611.0 10087.0 0.20977495786656092 5 42 21.0 0.0 0.20977495786656092 0
17 ec.gp.GPIndividual@1780962903{-668469046} 0.0 16405.0 8317.0 0.5104502347850106 17 ec.gp.GPIndividual@1464473235{-1041790818} 4 7 21.0 0.0 0.0 0.5104502347850106 0
17 ec.gp.GPIndividual@296516121{1420661560} 0.0 69249.0 10861.0 0.15799650124297948 48519.0 10861.0 0.23494048334736084 5 41 21.0 0.0 5 45 21.0 0.0 0.15799650124297948 0
17 ec.gp.GPIndividual@1523395761{925396749} 0.0 62594.0 8317.0 0.0436455452687267 5 42 21.0 0.0 0.0436455452687267 0
0.23494048334736084 0
17 ec.gp.GPIndividual@454455116{-1840460518} 0.0 58397.0 12802.0 0.27972191845024214 5 41 21.0 0.0 0.27972191845024214 0
17 ec.gp.GPIndividual@57328930{894982795} 0.0 74151.0 10054.0 0.14630992639745374 5 28 21.0 0.0 0.14630992639745374 0
17 ec.gp.GPIndividual@296516121{1420661560} 0.0 69630.0 8160.0 0.1674019607843137 5 41 21.0 0.0 0.1674019607843137 0
17 ec.gp.GPIndividual@57328930{894982795} 0.0 74697.0 8387.0 0.08847025157982592 5 28 21.0 0.0 0.08847025157982592 0
17 ec.gp.GPIndividual@164665225{-391667032} 0.0 54616.0 10054.0 0.08454346528744779 5 37 21.0 0.0 0.08454346528744779 0
17 ec.gp.GPIndividual@57328930{894982795} 0.0 74147.0 14578.0 0.41151049526684047 5 28 21.0 0.0 0.41151049526684047 0
17 ec.gp.GPIndividual@296516121{1420661560} 0.0 69372.0 12802.0 0.27605061709107953 5 41 21.0 0.0 0.27605061709107953 0
17 ec.gp.GPIndividual@57328930{894982795} 0.0 73790.0 10861.0 0.24297946782064267 5 28 21.0 0.0 0.24297946782064267 0
17 ec.gp.GPIndividual@164665225{-391667032} 0.0 54818.0 8387.0 0.3241922022177179 5 37 21.0 0.0 0.3241922022177179 0
17 ec.gp.GPIndividual@57328930{894982795} 0.0 74697.0 8160.0 0.11875 5 28 21.0 0.0 0.11875 0
17 ec.gp.GPIndividual@296516121{1420661560} 0.0 69249.0 10087.0 0.09338752850203232 5 41 21.0 0.0 0.09338752850203232 0
17 ec.gp.GPIndividual@454455116{-1840460518} 0.0 57552.0 10087.0 0.1696242688609101 5 41 21.0 0.0 0.1696242688609101 0
17 ec.gp.GPIndividual@57328930{894982795} 0.0 74135.0 12802.0 0.3308076862990158 5 28 21.0 0.0 0.3308076862990158 0
17 ec.gp.GPIndividual@296516121{1420661560} 0.0 69630.0 10087.0 0.14536491523385836 17 ec.gp.GPIndividual@57328930{894982795} 5 41 21.0 0.0 0.0 0.14536491523385836 0
73790.0 10087.0 0.18489144443342917 5 28 21.0 0.0 17 ec.gp.GPIndividual@164665225{-391667032} 0.18489144443342917 0
0.0 55521.0 14578.0 0.18994375085745643 5 37 21.0 0.0 0.18994375085745643 0
17 ec.gp.GPIndividual@1572176714{-162658237} 0.0 59488.0 10054.0 0.025661428287248857 5 37 21.0 0.0 0.025661428287248857 0
17 ec.gp.GPIndividual@57328930{894982795} 0.0 74697.0 8317.0 0.09763135746062282 5 28 21.0 0.0 0.09763135746062282 0
17 ec.gp.GPIndividual@1572176714{-162658237} 0.0 59488.0 8387.0 0.229521879098605 5 37 21.0 0.0 0.229521879098605 0
17 ec.gp.GPIndividual@1572176714{-162658237} 0.0 59573.0 14578.0 0.2868020304568528 5 37 21.0 0.0 0.2868020304568528 0
17 ec.gp.GPIndividual@164665225{-391667032} 0.0 54194.0 10861.0 0.034895497652149894 5 37 21.0 0.0 0.034895497652149894 0
17 ec.gp.GPIndividual@1572176714{-162658237} 0.0 59488.0 10861.0 0.0505478316913728 5 37 21.0 0.0 0.0505478316913728 0
17 ec.gp.GPIndividual@1572176714{-162658237} 0.0 59488.0 8160.0 0.26372549019607844 5 37 21.0 0.0 0.26372549019607844 0
17 ec.gp.GPIndividual@454455116{-1840460518} 0.0 58174.0 8317.0 0.08188048575207406 5 41 21.0 0.0 0.08188048575207406 0
17 ec.gp.GPIndividual@1572176714{-162658237} 0.0 59522.0 12802.0 0.1918450242149664 17 ec.gp.GPIndividual@1780962903{-668469046} 5 37 21.0 0.0 0.0 0.1918450242149664 0
17476.0 12802.0 1.1416666666666666 4 7 21.0 0.0 1.1416666666666666 0
17 ec.gp.GPIndividual@164665225{-391667032} 0.0 54816.0 8160.0 0.3607843137254902 5 37 21.0 0.0 0.3607843137254902 0
17 ec.gp.GPIndividual@1572176714{-162658237} 0.0 59488.0 10087.0 0.022305938336472687 5 37 21.0 0.0 0.022305938336472687 0
17 ec.gp.GPIndividual@1166696165{-232077381} 0.0 68242.0 10054.0 0.19057091704794113 5 30 21.0 0.0 0.19057091704794113 0
17 ec.gp.GPIndividual@1572176714{-162658237} 0.0 59488.0 8317.0 0.2398701454851509 5 37 21.0 0.0 0.2398701454851509 0
17 ec.gp.GPIndividual@1166696165{-232077381} 0.0 69247.0 8387.0 0.09013950160963395 5 30 21.0 0.0 0.09013950160963395 0
17 ec.gp.GPIndividual@164665225{-391667032} 0.0 54844.0 12802.0 0.1304483674425871 5 37 21.0 0.0 0.1304483674425871 0
17 ec.gp.GPIndividual@1166696165{-232077381} 0.0 68875.0 14578.0 0.39833996432981206 5 30 21.0 0.0 0.39833996432981206 0
17 ec.gp.GPIndividual@1166696165{-232077381} 0.0 68495.0 10861.0 0.22741920633459164 5 30 21.0 0.0 0.22741920633459164 0
17 ec.gp.GPIndividual@1166696165{-232077381} 0.0 68055.0 8160.0 0.025612745098039215 5 30 21.0 0.0 0.025612745098039215 0
17 ec.gp.GPIndividual@164665225{-391667032} 0.0 54194.0 10087.0 0.039159313968474274 5 37 21.0 0.0 0.039159313968474274 0
17 ec.gp.GPIndividual@1166696165{-232077381} 0.0 68685.0 12802.0 0.32971410717075456 5 30 21.0 0.0 0.32971410717075456 0
17 ec.gp.GPIndividual@1166696165{-232077381} 0.0 68495.0 10087.0 0.16813720630514523 5 30 21.0 0.0 0.16813720630514523 0
17 ec.gp.GPIndividual@164665225{-391667032} 0.0 54816.0 8317.0 0.33509678970782736 5 37 21.0 0.0 0.33509678970782736 0
17 ec.gp.GPIndividual@1166696165{-232077381} 0.0 68055.0 8317.0 0.04400625225441866 5 30 21.0 0.0 0.04400625225441866 0
17 ec.gp.GPIndividual@675517639{1051929933} 0.0 54664.0 10054.0 0.08931768450368013 5 33 21.0 0.0 0.08931768450368013 0
17 ec.gp.GPIndividual@675517639{1051929933} 0.0 54738.0 8387.0 0.31465363061881485 5 33 21.0 0.0 0.31465363061881485 0
17 ec.gp.GPIndividual@675517639{1051929933} 0.0 54952.0 14578.0 0.22897516806146248 5 33 21.0 0.0 0.22897516806146248 0
17 ec.gp.GPIndividual@675517639{1051929933} 0.0 54335.0 10861.0 0.02191326765491207 5 33 21.0 0.0 0.02191326765491207 0
17 ec.gp.GPIndividual@675517639{1051929933} 0.0 54225.0 8160.0 0.2883578431372549 5 33 21.0 0.0 0.2883578431372549 0
17 ec.gp.GPIndividual@1780962903{-668469046} 0.0 16052.0 12802.0 0.25386658334635215 4 7 21.0 0.0 0.25386658334635215 0
17 ec.gp.GPIndividual@675517639{1051929933} 0.0 54940.0 12802.0 0.12294953913451023 5 33 21.0 0.0 0.12294953913451023 0
17 ec.gp.GPIndividual@675517639{1051929933} 0.0 54335.0 10087.0 0.05313770199266382 5 33 21.0 0.0 0.05313770199266382 0
17 ec.gp.GPIndividual@675517639{1051929933} 0.0 54225.0 8317.0 0.26403751352651195 5 33 21.0 0.0 0.26403751352651195 0
17 ec.gp.GPIndividual@1528854964{-1249408788} 0.0 82017.0 10054.0 0.4508653272329421 5 27 21.0 0.0 0.4508653272329421 0
17 ec.gp.GPIndividual@1528854964{-1249408788} 0.0 82017.0 8387.0 0.3417193275307023 5 27 21.0 0.0 0.3417193275307023 0
17 ec.gp.GPIndividual@1528854964{-1249408788} 0.0 81990.0 14578.0 0.6231307449581561 5 27 21.0 0.0 0.6231307449581561 0
17 ec.gp.GPIndividual@1528854964{-1249408788} 0.0 81404.0 10861.0 0.5481079090323174 5 27 21.0 0.0 0.5481079090323174 0
17 ec.gp.GPIndividual@1528854964{-1249408788} 0.0 82017.0 8160.0 0.32340686274509806 5 27 21.0 0.0 0.32340686274509806 0
17 ec.gp.GPIndividual@1528854964{-1249408788} 0.0 81378.0 12802.0 0.6186533354163412 5 27 21.0 0.0 0.6186533354163412 0
17 ec.gp.GPIndividual@1528854964{-1249408788} 0.0 81404.0 10087.0 0.5134331317537424 5 27 21.0 0.0 0.5134331317537424 0
17 ec.gp.GPIndividual@1528854964{-1249408788} 0.0 82017.0 8317.0 0.3361789106649032 5 27 21.0 0.0 0.3361789106649032 0
17 ec.gp.GPIndividual@1780962903{-668469046} 0.0 16749.0 10087.0 0.6604540497670268 4 7 21.0 0.0 0.6604540497670268 0
17 ec.gp.GPIndividual@1780962903{-668469046} 0.0 17233.0 8317.0 1.0720211614764938 4 7 21.0 0.0 1.0720211614764938 0
17 ec.gp.GPIndividual@163253821{1826395285} 0.0 65583.0 10054.0 0.08842251840063656 5 29 21.0 0.0 0.08842251840063656 0
17 ec.gp.GPIndividual@163253821{1826395285} 0.0 65657.0 8387.0 0.31358054131393825 5 29 21.0 0.0 0.31358054131393825 0
17 ec.gp.GPIndividual@163253821{1826395285} 0.0 65501.0 14578.0 0.25497324735903415 5 29 21.0 0.0 0.25497324735903415 0
17 ec.gp.GPIndividual@163253821{1826395285} 0.0 65222.0 10861.0 0.02568824233495995 5 29 21.0 0.0 0.02568824233495995 0
17 ec.gp.GPIndividual@163253821{1826395285} 0.0 65582.0 8160.0 0.3409313725490196 5 29 21.0 0.0 0.3409313725490196 0
17 ec.gp.GPIndividual@163253821{1826395285} 0.0 65489.0 12802.0 0.15255428839243868 5 29 21.0 0.0 0.15255428839243868 0
17 ec.gp.GPIndividual@163253821{1826395285} 0.0 65222.0 10087.0 0.04907306434023991 5 29 21.0 0.0 0.04907306434023991 0
17 ec.gp.GPIndividual@163253821{1826395285} 0.0 65582.0 8317.0 0.3156186124804617 5 29 21.0 0.0 0.3156186124804617 0
17 ec.gp.GPIndividual@1894194388{-1806070747} 0.0 69918.0 10054.0 0.023871096081161728 5 27 21.0 0.0 0.023871096081161728 0
17 ec.gp.GPIndividual@1894194388{-1806070747} 0.0 69918.0 8387.0 0.1701442708954334 5 27 21.0 0.0 0.1701442708954334 0
17 ec.gp.GPIndividual@1894194388{-1806070747} 0.0 69452.0 14578.0 0.3587597750034298 5 27 21.0 0.0 0.3587597750034298 0
17 ec.gp.GPIndividual@1894194388{-1806070747} 0.0 69692.0 10861.0 0.11720836018782801 5 27 21.0 0.0 0.11720836018782801 0
17 ec.gp.GPIndividual@1894194388{-1806070747} 0.0 69918.0 8160.0 0.20269607843137255 5 27 21.0 0.0 0.20269607843137255 0
17 ec.gp.GPIndividual@1894194388{-1806070747} 0.0 69262.0 12802.0 0.2846430245274176 5 27 21.0 0.0 0.2846430245274176 0
17 ec.gp.GPIndividual@1894194388{-1806070747} 0.0 69692.0 10087.0 0.04946961435511054 5 27 21.0 0.0 0.04946961435511054 0
17 ec.gp.GPIndividual@1894194388{-1806070747} 0.0 69918.0 8317.0 0.17999278586028616 5 27 21.0 0.0 0.17999278586028616 0
17 ec.gp.GPIndividual@1175957427{-1569885109} 3.0 17230.0 10054.0 0.7137457728267357 5 31 21.0 0.0 0.7137457728267357 0
17 ec.gp.GPIndividual@1175957427{-1569885109} 3.0 17230.0 8387.0 1.0543698581137475 5 31 21.0 0.0 1.0543698581137475 0
17 ec.gp.GPIndividual@1175957427{-1569885109} 3.0 17779.0 14578.0 0.21957744546577035 5 31 21.0 0.0 0.21957744546577035 0
17 ec.gp.GPIndividual@1175957427{-1569885109} 3.0 17230.0 10861.0 0.5864100911518276 5 31 21.0 0.0 0.5864100911518276 0
17 ec.gp.GPIndividual@1175957427{-1569885109} 3.0 17230.0 8160.0 1.1115196078431373 5 31 21.0 0.0 1.1115196078431373 0
17 ec.gp.GPIndividual@1175957427{-1569885109} 3.0 17459.0 12802.0 0.36377128573660367 5 31 21.0 0.0 0.36377128573660367 0
17 ec.gp.GPIndividual@1175957427{-1569885109} 3.0 17230.0 10087.0 0.7081391890552196 5 31 21.0 0.0 0.7081391890552196 0
17 ec.gp.GPIndividual@1175957427{-1569885109} 3.0 17230.0 8317.0 1.071660454490802 5 31 21.0 0.0 1.071660454490802 0
17 ec.gp.GPIndividual@374525128{-1037130011} 0.0 87253.0 10054.0 0.47354286851004573 5 20 21.0 0.0 0.47354286851004573 0
17 ec.gp.GPIndividual@374525128{-1037130011} 0.0 87253.0 8387.0 0.36890425658757603 5 20 21.0 0.0 0.36890425658757603 0
17 ec.gp.GPIndividual@374525128{-1037130011} 0.0 86788.0 14578.0 0.6688160241459734 5 20 21.0 0.0 0.6688160241459734 0
17 ec.gp.GPIndividual@374525128{-1037130011} 0.0 86614.0 10861.0 0.57149433753798 5 20 21.0 0.0 0.57149433753798 0
17 ec.gp.GPIndividual@374525128{-1037130011} 0.0 87253.0 8160.0 0.35134803921568625 5 20 21.0 0.0 0.35134803921568625 0
17 ec.gp.GPIndividual@374525128{-1037130011} 0.0 86614.0 12802.0 0.6364630526480237 5 20 21.0 0.0 0.6364630526480237 0
17 ec.gp.GPIndividual@374525128{-1037130011} 0.0 86614.0 10087.0 0.5386140576980272 5 20 21.0 0.0 0.5386140576980272 0
17 ec.gp.GPIndividual@374525128{-1037130011} 0.0 87253.0 8317.0 0.3635926415774919 5 20 21.0 0.0 0.3635926415774919 0
17 ec.gp.GPIndividual@1204413145{-955701922} 0.0 63711.0 10054.0 0.0977720310324249 5 34 21.0 0.0 0.0977720310324249 0
17 ec.gp.GPIndividual@1204413145{-955701922} 0.0 63711.0 8387.0 0.0815547871706212 5 34 21.0 0.0 0.0815547871706212 0
17 ec.gp.GPIndividual@1204413145{-955701922} 0.0 64386.0 14578.0 0.3314583619152147 5 34 21.0 0.0 0.3314583619152147 0
17 ec.gp.GPIndividual@1204413145{-955701922} 0.0 63711.0 10861.0 0.16480987017770002 5 34 21.0 0.0 0.16480987017770002 0
17 ec.gp.GPIndividual@1204413145{-955701922} 0.0 63711.0 8160.0 0.1116421568627451 5 34 21.0 0.0 0.1116421568627451 0
17 ec.gp.GPIndividual@1204413145{-955701922} 0.0 65365.0 12802.0 0.16224027495703797 5 34 21.0 0.0 0.16224027495703797 0
17 ec.gp.GPIndividual@1204413145{-955701922} 0.0 63711.0 10087.0 0.10072370377713889 5 34 21.0 0.0 0.10072370377713889 0
17 ec.gp.GPIndividual@1204413145{-955701922} 0.0 63711.0 8317.0 0.09065768907057833 5 34 21.0 0.0 0.09065768907057833 0
18 ec.gp.GPIndividual@581963289{-27791266} 18 ec.gp.GPIndividual@251680584{1078667581} 0.0 0.0 93850.0 10054.0 0.9043166898746767 5 23 21.0 0.0 104262.0 10054.0 0.9556395464491745 0.9043166898746767 0
18 ec.gp.GPIndividual@1944326547{-817160535} 0.0 3 5 21.0 0.0 69341.0 10054.0 0.08126118957628804 0.9556395464491745 0
18 ec.gp.GPIndividual@1894258525{1749872547} 0.0 65244.0 10054.0 0.05470459518599562 18 ec.gp.GPIndividual@581963289{-27791266} 5 30 21.0 0.0 0.0 93850.0 10054.0 0.8852986765231906 18 ec.gp.GPIndividual@359368030{-655243776} 5 31 21.0 0.0 5 23 21.0 0.0 0.0 0.08126118957628804 0
18 ec.gp.GPIndividual@1676815149{1786447311} 0.0 68693.0 10054.0 0.1457131489954247 66878.0 10054.0 0.32623831310921025 5 33 21.0 0.0 5 31 21.0 0.0 0.1457131489954247 0
0.8852986765231906 0
18 ec.gp.GPIndividual@251680584{1078667581} 0.0 0.05470459518599562 0
18 ec.gp.GPIndividual@581963289{-27791266} 0.0 18 ec.gp.GPIndividual@1944326547{-817160535} 94176.0 14578.0 0.9116476882974345 0.0 104262.0 10054.0 0.9468224633361154 5 23 21.0 0.0 69341.0 14578.0 0.10134732323834506 0.9116476882974345 0
0.32623831310921025 0
18 ec.gp.GPIndividual@581963289{-27791266} 0.0 94034.0 8387.0 0.8944848540650032 18 ec.gp.GPIndividual@1894258525{1749872547} 18 ec.gp.GPIndividual@1676815149{1786447311} 0.0 5 23 21.0 0.0 0.0 65415.0 8387.0 0.28472636222725645 5 31 21.0 0.0 0.8944848540650032 0
3 5 21.0 0.0 0.9468224633361154 0
18 ec.gp.GPIndividual@581963289{-27791266} 0.0 93850.0 8160.0 0.8821078431372549 68767.0 8387.0 0.032908072016215574 5 23 21.0 0.0 5 33 21.0 0.0 0.10134732323834506 0
18 ec.gp.GPIndividual@359368030{-655243776} 0.0 66878.0 8387.0 0.19232144986288302 5 31 21.0 0.0 0.19232144986288302 0
5 30 21.0 0.0 0.28472636222725645 0
0.8821078431372549 0
18 ec.gp.GPIndividual@251680584{1078667581} 0.0 104262.0 8387.0 0.9694059541775277 0.032908072016215574 0
18 ec.gp.GPIndividual@581963289{-27791266} 18 ec.gp.GPIndividual@359368030{-655243776} 0.0 0.0 67528.0 14578.0 0.4907394704349019 3 5 21.0 0.0 94176.0 14578.0 0.8993907201999688 5 31 21.0 0.0 0.9694059541775277 0
18 ec.gp.GPIndividual@1944326547{-817160535} 0.0 68875.0 14578.0 0.39833996432981206 18 ec.gp.GPIndividual@251680584{1078667581} 5 31 21.0 0.0 0.0 18 ec.gp.GPIndividual@1894258525{1749872547} 0.39833996432981206 0
5 23 21.0 0.0 0.8993907201999688 0
0.4907394704349019 0
18 ec.gp.GPIndividual@581963289{-27791266} 18 ec.gp.GPIndividual@1676815149{1786447311} 0.0 0.0 0.0 69027.0 14578.0 0.38791329400466457 93850.0 14578.0 0.9046297214236145 5 33 21.0 0.0 104262.0 10861.0 0.9589356412853328 5 23 21.0 0.0 0.38791329400466457 0
18 ec.gp.GPIndividual@1944326547{-817160535} 0.0 68672.0 10861.0 0.21112236442316545 3 5 21.0 0.0 5 31 21.0 0.0 0.9589356412853328 0
0.9046297214236145 0
18 ec.gp.GPIndividual@251680584{1078667581} 0.0 104262.0 8160.0 0.9453431372549019 3 5 21.0 0.0 0.9453431372549019 0
18 ec.gp.GPIndividual@581963289{-27791266} 65336.0 14578.0 0.26629167238304297 0.0 5 30 21.0 0.0 0.21112236442316545 0
18 ec.gp.GPIndividual@359368030{-655243776} 0.0 66911.0 10861.0 0.3732621305588804 5 31 21.0 0.0 93850.0 12802.0 0.8843332932547794 0.3732621305588804 0
0.26629167238304297 0
18 ec.gp.GPIndividual@1944326547{-817160535} 0.0 69341.0 8160.0 0.13198529411764706 5 31 21.0 0.0 0.13198529411764706 0
18 ec.gp.GPIndividual@251680584{1078667581} 0.0 5 23 21.0 0.0 104262.0 8160.0 0.9651616934853929 3 5 21.0 0.0 0.8843332932547794 0
18 ec.gp.GPIndividual@1676815149{1786447311} 0.0 68602.0 8160.0 0.2175674431451984 0.9651616934853929 0
18 ec.gp.GPIndividual@359368030{-655243776} 0.0 66865.0 10861.0 0.17144607843137255 18 ec.gp.GPIndividual@1894258525{1749872547} 5 31 21.0 0.0 18 ec.gp.GPIndividual@251680584{1078667581} 0.17144607843137255 0
5 33 21.0 0.0 0.2175674431451984 0
0.0 104262.0 12802.0 0.9557846733419253 3 5 21.0 0.0 18 ec.gp.GPIndividual@1944326547{-817160535} 0.9557846733419253 0
0.0 64949.0 10054.0 0.0508240493508885 18 ec.gp.GPIndividual@412404132{-1329192324} 5 30 21.0 0.0 0.0 64425.0 10054.0 0.02675552019096877 0.0 0.0508240493508885 0
68685.0 8317.0 0.32971410717075456 5 31 21.0 0.0 0.32971410717075456 0
5 38 21.0 0.0 0.02675552019096877 0
18 ec.gp.GPIndividual@251680584{1078667581} 0.0 104262.0 8160.0 0.9463748947937959 18 ec.gp.GPIndividual@1676815149{1786447311} 3 5 21.0 0.0 0.9463748947937959 0
18 ec.gp.GPIndividual@359368030{-655243776} 0.0 0.0 67495.0 8160.0 0.42266833307295737 18 ec.gp.GPIndividual@1894258525{1749872547} 0.0 68055.0 8160.0 0.025612745098039215 5 31 21.0 0.0 65415.0 8160.0 0.32046568627450983 5 33 21.0 0.0 0.42266833307295737 0
18 ec.gp.GPIndividual@1944326547{-817160535} 0.0 69115.0 10087.0 0.10667195400019827 5 31 21.0 0.0 0.025612745098039215 0
5 30 21.0 0.0 18 ec.gp.GPIndividual@412404132{-1329192324} 0.0 0.32046568627450983 0
0.10667195400019827 0
18 ec.gp.GPIndividual@1947278124{781338979} 0.0 78391.0 10054.0 0.26805251641137856 5 30 21.0 0.0 64499.0 8387.0 0.17550971741981639 0.26805251641137856 0
18 ec.gp.GPIndividual@359368030{-655243776} 5 38 21.0 0.0 0.0 0.17550971741981639 0
66911.0 10087.0 0.325171012193913 5 31 21.0 0.0 0.325171012193913 0
18 ec.gp.GPIndividual@1944326547{-817160535} 0.0 18 ec.gp.GPIndividual@1894258525{1749872547} 69341.0 8317.0 0.11061680894553325 5 31 21.0 0.0 0.0 0.11061680894553325 0
18 ec.gp.GPIndividual@1676815149{1786447311} 0.0 69015.0 8317.0 0.30393688486174036 5 33 21.0 0.0 65324.0 8317.0 0.1654428995469458 0.30393688486174036 0
18 ec.gp.GPIndividual@1947278124{781338979} 0.0 78965.0 8387.0 0.05413139382377489 5 30 21.0 0.0 5 30 21.0 0.0 0.1654428995469458 0
0.05413139382377489 0
18 ec.gp.GPIndividual@359368030{-655243776} 0.0 66865.0 8317.0 0.18708668991222796 5 31 21.0 0.0 18 ec.gp.GPIndividual@412404132{-1329192324} 0.18708668991222796 0
18 ec.gp.GPIndividual@1687028860{-304349462} 0.0 60944.0 10054.0 0.17047941117963 0.0 5 33 21.0 0.0 0.17047941117963 0
64759.0 10054.0 0.30587186170942515 5 38 21.0 0.0 0.30587186170942515 0
18 ec.gp.GPIndividual@1676815149{1786447311} 0.0 18 ec.gp.GPIndividual@1947278124{781338979} 0.0 68602.0 14578.0 0.157529493407356 78565.0 14578.0 0.4832624502675264 18 ec.gp.GPIndividual@1894258525{1749872547} 5 33 21.0 0.0 5 30 21.0 0.0 0.0 0.4832624502675264 0
65110.0 14578.0 0.0379696639238624 5 30 21.0 0.0 0.0379696639238624 0
0.157529493407356 0
18 ec.gp.GPIndividual@1687028860{-304349462} 0.0 61115.0 8387.0 0.4235125789912961 5 33 21.0 0.0 0.4235125789912961 0
18 ec.gp.GPIndividual@412404132{-1329192324} 0.0 64302.0 10861.0 0.11039499125310745 5 38 21.0 0.0 0.11039499125310745 0
18 ec.gp.GPIndividual@1947278124{781338979} 0.0 18 ec.gp.GPIndividual@1894258525{1749872547} 78185.0 8317.0 0.3414050271614032 0.0 5 30 21.0 0.0 65415.0 8317.0 0.2955392569436095 0.3414050271614032 0
5 30 21.0 0.0 0.2955392569436095 0
18 ec.gp.GPIndividual@1676815149{1786447311} 0.0 68055.0 8317.0 0.04400625225441866 5 33 21.0 0.0 0.04400625225441866 0
18 ec.gp.GPIndividual@1687028860{-304349462} 0.0 60979.0 14578.0 0.19035532994923857 5 33 21.0 0.0 18 ec.gp.GPIndividual@1320835596{1609864438} 0.19035532994923857 0
0.0 18 ec.gp.GPIndividual@412404132{-1329192324} 0.0 71168.0 8160.0 0.4430077581062264 63755.0 8160.0 0.1170343137254902 5 29 21.0 0.0 5 38 21.0 0.0 0.4430077581062264 0
18 ec.gp.GPIndividual@1087258658{-663902874} 0.0 82017.0 10054.0 0.4508653272329421 18 ec.gp.GPIndividual@1947278124{781338979} 5 26 21.0 0.0 0.4508653272329421 0
0.1170343137254902 0
0.0 78965.0 10054.0 0.02781862745098039 5 30 21.0 0.0 0.02781862745098039 0
18 ec.gp.GPIndividual@1087258658{-663902874} 0.0 82017.0 8387.0 0.3417193275307023 18 ec.gp.GPIndividual@1687028860{-304349462} 5 26 21.0 0.0 0.0 0.3417193275307023 0
60603.0 8387.0 0.05211306509529509 5 33 21.0 0.0 0.05211306509529509 0
18 ec.gp.GPIndividual@1087258658{-663902874} 0.0 81990.0 14578.0 0.6231307449581561 5 26 21.0 0.0 0.6231307449581561 0
18 ec.gp.GPIndividual@1947278124{781338979} 0.0 18 ec.gp.GPIndividual@412404132{-1329192324} 78403.0 12802.0 0.4242305889704734 0.0 5 30 21.0 0.0 64747.0 12802.0 0.21051398219028278 0.4242305889704734 0
5 38 21.0 0.0 18 ec.gp.GPIndividual@1273216933{214678105} 0.21051398219028278 0
18 ec.gp.GPIndividual@1087258658{-663902874} 0.0 18 ec.gp.GPIndividual@1687028860{-304349462} 81404.0 8160.0 0.5481079090323174 0.0 5 26 21.0 0.0 61115.0 8160.0 0.46311274509803924 0.5481079090323174 0
0.0 52788.0 8160.0 0.09727471653073404 5 33 21.0 0.0 5 37 21.0 0.0 0.46311274509803924 0
0.09727471653073404 0
18 ec.gp.GPIndividual@1947278124{781338979} 18 ec.gp.GPIndividual@1087258658{-663902874} 18 ec.gp.GPIndividual@1320835596{1609864438} 0.0 0.0 71168.0 8160.0 0.3322999880767855 5 29 21.0 0.0 82538.0 8160.0 0.2595588235294118 0.0 5 26 21.0 0.0 0.3322999880767855 0
18 ec.gp.GPIndividual@412404132{-1329192324} 0.0 0.2595588235294118 0
18 ec.gp.GPIndividual@1687028860{-304349462} 78185.0 8160.0 0.29086943590760383 0.0 5 30 21.0 0.0 0.29086943590760383 0
64302.0 10087.0 0.042133439080003963 5 38 21.0 0.0 60605.0 12802.0 0.1072488673644743 0.042133439080003963 0
18 ec.gp.GPIndividual@1087258658{-663902874} 0.0 81378.0 12802.0 0.6186533354163412 5 33 21.0 0.0 5 26 21.0 0.0 0.1072488673644743 0
0.6186533354163412 0
18 ec.gp.GPIndividual@1947278124{781338979} 0.0 78965.0 8317.0 0.0461704941685704 5 30 21.0 0.0 0.0461704941685704 0
18 ec.gp.GPIndividual@1087258658{-663902874} 0.0 81404.0 10087.0 0.5134331317537424 5 26 21.0 0.0 0.5134331317537424 0
18 ec.gp.GPIndividual@412404132{-1329192324} 18 ec.gp.GPIndividual@1687028860{-304349462} 0.0 0.0 63755.0 8317.0 0.09594805819406035 60810.0 8317.0 0.15336571825121442 5 38 21.0 0.0 5 33 21.0 0.0 0.09594805819406035 0
18 ec.gp.GPIndividual@1273216933{214678105} 0.0 52788.0 8387.0 0.08215094789555265 0.15336571825121442 0
18 ec.gp.GPIndividual@1087258658{-663902874} 0.0 5 37 21.0 0.0 82538.0 8317.0 0.27353613081640016 0.08215094789555265 0
18 ec.gp.GPIndividual@1320835596{1609864438} 5 26 21.0 0.0 0.0 0.27353613081640016 0
72957.0 14578.0 0.4931403484702977 5 29 21.0 0.0 0.4931403484702977 0
18 ec.gp.GPIndividual@1687028860{-304349462} 0.0 61115.0 8317.0 0.4354935673920885 5 33 21.0 0.0 0.4354935673920885 0
18 ec.gp.GPIndividual@1957019114{-842623944} 0.0 69249.0 10054.0 0.09041177640740004 5 41 21.0 0.0 0.09041177640740004 0
18 ec.gp.GPIndividual@1356812678{-490654281} 0.0 60021.0 10054.0 0.07867515416749553 5 33 21.0 0.0 0.07867515416749553 0
18 ec.gp.GPIndividual@237783039{1195313493} 0.0 69131.0 10054.0 0.10214839864730456 5 40 21.0 0.0 0.10214839864730456 0
18 ec.gp.GPIndividual@1356812678{-490654281} 0.0 18 ec.gp.GPIndividual@1273216933{214678105} 60021.0 14578.0 0.29307261237629667 0.0 5 33 21.0 0.0 0.29307261237629667 0
54576.0 14578.0 0.2547674578131431 5 37 21.0 0.0 0.2547674578131431 0
18 ec.gp.GPIndividual@1320835596{1609864438} 0.0 71180.0 10861.0 0.48328883159930025 18 ec.gp.GPIndividual@1934971950{-59457886} 5 29 21.0 0.0 0.0 18 ec.gp.GPIndividual@1957019114{-842623944} 0.48328883159930025 0
0.0 69249.0 8387.0 0.09037796589960653 5 41 21.0 0.0 58251.0 8387.0 0.09737417943107221 0.09037796589960653 0
18 ec.gp.GPIndividual@1356812678{-490654281} 0.0 59907.0 14578.0 0.2638907943476471 5 44 21.0 0.0 5 33 21.0 0.0 0.09737417943107221 0
0.2638907943476471 0
18 ec.gp.GPIndividual@237783039{1195313493} 0.0 69124.0 8387.0 0.0754739477763205 5 40 21.0 0.0 0.0754739477763205 0
18 ec.gp.GPIndividual@1356812678{-490654281} 0.0 60021.0 10861.0 0.0014731608507503914 5 33 21.0 0.0 0.0014731608507503914 0
18 ec.gp.GPIndividual@1273216933{214678105} 0.0 52800.0 10861.0 0.16324463677377773 5 37 21.0 0.0 0.16324463677377773 0
18 ec.gp.GPIndividual@1957019114{-842623944} 0.0 69848.0 14578.0 0.3315955549458088 5 41 21.0 0.0 0.3315955549458088 0
18 ec.gp.GPIndividual@1356812678{-490654281} 0.0 60021.0 8160.0 0.3290441176470588 5 33 21.0 0.0 0.3290441176470588 0
18 ec.gp.GPIndividual@1320835596{1609864438} 0.0 72323.0 8160.0 0.1721813725490196 5 29 21.0 0.0 0.1721813725490196 0
18 ec.gp.GPIndividual@1934971950{-59457886} 0.0 58251.0 8387.0 0.08203171575056635 5 44 21.0 0.0 0.08203171575056635 0
18 ec.gp.GPIndividual@1356812678{-490654281} 0.0 59874.0 12802.0 0.16434932041868458 5 33 21.0 0.0 0.16434932041868458 0
18 ec.gp.GPIndividual@237783039{1195313493} 0.0 68368.0 14578.0 0.43311839758540266 5 40 21.0 0.0 0.43311839758540266 0
18 ec.gp.GPIndividual@1957019114{-842623944} 18 ec.gp.GPIndividual@1356812678{-490654281} 0.0 0.0 69249.0 10087.0 0.15799650124297948 60021.0 10087.0 0.07514622781798354 5 41 21.0 0.0 5 33 21.0 0.0 0.15799650124297948 0
0.07514622781798354 0
18 ec.gp.GPIndividual@1273216933{214678105} 0.0 52786.0 8160.0 0.11200980392156863 5 37 21.0 0.0 0.11200980392156863 0
18 ec.gp.GPIndividual@1320835596{1609864438} 0.0 72822.0 12802.0 0.43336978597094206 5 29 21.0 0.0 0.43336978597094206 0
18 ec.gp.GPIndividual@1356812678{-490654281} 0.0 60021.0 8317.0 0.30395575327642177 5 33 21.0 0.0 0.30395575327642177 0
18 ec.gp.GPIndividual@1934971950{-59457886} 0.0 60039.0 14578.0 0.25483605432844014 5 44 21.0 0.0 0.25483605432844014 0
18 ec.gp.GPIndividual@237783039{1195313493} 0.0 68089.0 10861.0 0.26480066292238286 5 40 21.0 0.0 0.26480066292238286 0
18 ec.gp.GPIndividual@1957019114{-842623944} 0.0 69630.0 8160.0 0.1674019607843137 5 41 21.0 0.0 0.1674019607843137 0
18 ec.gp.GPIndividual@141193200{-1506719723} 0.0 68060.0 10054.0 0.20867316490948876 5 31 21.0 0.0 0.20867316490948876 0
18 ec.gp.GPIndividual@1273216933{214678105} 0.0 53899.0 12802.0 0.2042649586002187 5 37 21.0 0.0 0.2042649586002187 0
18 ec.gp.GPIndividual@1320835596{1609864438} 0.0 71180.0 10087.0 0.44364032913651236 5 29 21.0 0.0 0.44364032913651236 0
18 ec.gp.GPIndividual@141193200{-1506719723} 0.0 68060.0 8387.0 0.05138905448909026 5 31 21.0 0.0 0.05138905448909026 0
18 ec.gp.GPIndividual@1934971950{-59457886} 0.0 58263.0 10861.0 0.16333670932694963 5 44 21.0 0.0 0.16333670932694963 0
18 ec.gp.GPIndividual@237783039{1195313493} 0.0 69133.0 8160.0 0.10649509803921568 5 40 21.0 0.0 0.10649509803921568 0
18 ec.gp.GPIndividual@1957019114{-842623944} 0.0 69372.0 12802.0 0.27605061709107953 5 41 21.0 0.0 0.27605061709107953 0
18 ec.gp.GPIndividual@141193200{-1506719723} 0.0 68689.0 14578.0 0.4110989161750583 5 31 21.0 0.0 0.4110989161750583 0
18 ec.gp.GPIndividual@1273216933{214678105} 0.0 52800.0 10087.0 0.09903836621393873 5 37 21.0 0.0 0.09903836621393873 0
18 ec.gp.GPIndividual@1320835596{1609864438} 0.0 71163.0 8317.0 0.3272814716845016 5 29 21.0 0.0 18 ec.gp.GPIndividual@141193200{-1506719723} 0.3272814716845016 0
0.0 68072.0 10861.0 0.26636589632630514 5 31 21.0 0.0 0.26636589632630514 0
18 ec.gp.GPIndividual@1237529542{1473801438} 0.0 104262.0 10054.0 0.9556395464491745 1 1 21.0 0.0 0.9556395464491745 0
18 ec.gp.GPIndividual@1957019114{-842623944} 0.0 69249.0 10087.0 0.09338752850203232 5 41 21.0 0.0 18 ec.gp.GPIndividual@1237529542{1473801438} 0.09338752850203232 0
18 ec.gp.GPIndividual@1934971950{-59457886} 0.0 58249.0 8160.0 0.11188725490196079 5 44 21.0 0.0 0.11188725490196079 0
18 ec.gp.GPIndividual@237783039{1195313493} 0.0 69128.0 8160.0 0.2951101390407749 0.0 5 40 21.0 0.0 0.2951101390407749 0
104262.0 8160.0 0.9468224633361154 1 1 21.0 0.0 0.9468224633361154 0
18 ec.gp.GPIndividual@141193200{-1506719723} 0.0 68055.0 8160.0 0.025612745098039215 5 31 21.0 0.0 0.025612745098039215 0
18 ec.gp.GPIndividual@1237529542{1473801438} 0.0 104262.0 14578.0 0.9694059541775277 1 1 21.0 0.0 0.9694059541775277 0
18 ec.gp.GPIndividual@1237529542{1473801438} 0.0 104262.0 10861.0 0.9589356412853328 1 1 21.0 0.0 0.9589356412853328 0
18 ec.gp.GPIndividual@1237529542{1473801438} 0.0 104262.0 8160.0 0.9453431372549019 1 1 21.0 0.0 0.9453431372549019 0
18 ec.gp.GPIndividual@1237529542{1473801438} 0.0 104262.0 12802.0 0.9651616934853929 1 1 21.0 0.0 0.9651616934853929 0
18 ec.gp.GPIndividual@1273216933{214678105} 0.0 52786.0 8317.0 0.0910183960562703 18 ec.gp.GPIndividual@1237529542{1473801438} 5 37 21.0 0.0 0.0 0.0910183960562703 0
104262.0 10087.0 0.9557846733419253 1 1 21.0 0.0 18 ec.gp.GPIndividual@141193200{-1506719723} 0.9557846733419253 0
18 ec.gp.GPIndividual@1957019114{-842623944} 18 ec.gp.GPIndividual@1237529542{1473801438} 0.0 0.0 0.0 69630.0 8317.0 0.14536491523385836 104262.0 8317.0 0.9463748947937959 68677.0 8317.0 0.330339009529761 5 41 21.0 0.0 1 1 21.0 0.0 5 31 21.0 0.0 0.14536491523385836 0
0.9463748947937959 0
0.330339009529761 0
18 ec.gp.GPIndividual@963475570{-162658237} 18 ec.gp.GPIndividual@237783039{1195313493} 0.0 0.0 68089.0 10087.0 0.20838703281451373 5 40 21.0 0.0 59488.0 10087.0 0.025661428287248857 0.20838703281451373 0
18 ec.gp.GPIndividual@1934971950{-59457886} 0.0 5 37 21.0 0.0 59362.0 10087.0 0.20434307139509453 0.025661428287248857 0
5 44 21.0 0.0 0.20434307139509453 0
18 ec.gp.GPIndividual@2087863949{489183624} 0.0 64425.0 10054.0 0.02675552019096877 5 33 21.0 0.0 0.02675552019096877 0
18 ec.gp.GPIndividual@141193200{-1506719723} 0.0 68072.0 10087.0 0.2100723703777139 5 31 21.0 0.0 0.2100723703777139 0
18 ec.gp.GPIndividual@963475570{-162658237} 0.0 59488.0 8387.0 0.229521879098605 5 37 21.0 0.0 0.229521879098605 0
18 ec.gp.GPIndividual@475376649{955533952} 0.0 52243.0 10054.0 0.1514819972150388 5 46 21.0 0.0 0.1514819972150388 0
18 ec.gp.GPIndividual@2087863949{489183624} 0.0 64499.0 8387.0 0.17550971741981639 5 33 21.0 0.0 18 ec.gp.GPIndividual@141193200{-1506719723} 18 ec.gp.GPIndividual@963475570{-162658237} 0.0 0.0 68055.0 8317.0 0.04400625225441866 5 31 21.0 0.0 0.04400625225441866 0
0.17550971741981639 0
18 ec.gp.GPIndividual@237783039{1195313493} 0.0 69133.0 8317.0 0.08560779127089095 5 40 21.0 0.0 0.08560779127089095 0
59573.0 8317.0 0.2868020304568528 5 37 21.0 0.0 0.2868020304568528 0
18 ec.gp.GPIndividual@1934971950{-59457886} 0.0 58263.0 10087.0 0.0991375037176564 5 44 21.0 0.0 0.0991375037176564 0
18 ec.gp.GPIndividual@1540460519{-1019144040} 0.0 64425.0 10054.0 0.02675552019096877 5 33 21.0 0.0 0.02675552019096877 0
18 ec.gp.GPIndividual@2087863949{489183624} 18 ec.gp.GPIndividual@963475570{-162658237} 18 ec.gp.GPIndividual@475376649{955533952} 0.0 0.0 0.0 64759.0 8387.0 0.30587186170942515 52293.0 8387.0 0.02313103612733993 59488.0 8387.0 0.0505478316913728 5 33 21.0 0.0 5 46 21.0 0.0 5 37 21.0 0.0 0.02313103612733993 0
0.30587186170942515 0
0.0505478316913728 0
18 ec.gp.GPIndividual@1540460519{-1019144040} 0.0 64499.0 8387.0 0.17550971741981639 5 33 21.0 0.0 0.17550971741981639 0
18 ec.gp.GPIndividual@1860979296{330041146} 0.0 52788.0 10054.0 0.09727471653073404 5 43 21.0 0.0 0.09727471653073404 0
18 ec.gp.GPIndividual@963475570{-162658237} 0.0 59488.0 8160.0 0.26372549019607844 18 ec.gp.GPIndividual@2087863949{489183624} 5 37 21.0 0.0 0.0 0.26372549019607844 0
18 ec.gp.GPIndividual@1934971950{-59457886} 0.0 58249.0 8317.0 0.09089816039437297 5 44 21.0 0.0 64302.0 8317.0 0.11039499125310745 0.09089816039437297 0
18 ec.gp.GPIndividual@1540460519{-1019144040} 0.0 64759.0 14578.0 0.30587186170942515 5 33 21.0 0.0 5 33 21.0 0.0 0.11039499125310745 0
0.30587186170942515 0
18 ec.gp.GPIndividual@963475570{-162658237} 0.0 59522.0 12802.0 0.1918450242149664 18 ec.gp.GPIndividual@475376649{955533952} 5 37 21.0 0.0 0.0 0.1918450242149664 0
53608.0 12802.0 0.3211688846206613 5 46 21.0 0.0 0.3211688846206613 0
18 ec.gp.GPIndividual@2087863949{489183624} 0.0 63755.0 8160.0 0.1170343137254902 5 33 21.0 0.0 0.1170343137254902 0
18 ec.gp.GPIndividual@963475570{-162658237} 0.0 18 ec.gp.GPIndividual@1540460519{-1019144040} 59488.0 10087.0 0.022305938336472687 0.0 5 37 21.0 0.0 64302.0 10087.0 0.11039499125310745 0.022305938336472687 0
18 ec.gp.GPIndividual@1860979296{330041146} 5 33 21.0 0.0 0.0 0.11039499125310745 0
52788.0 8387.0 0.08215094789555265 5 43 21.0 0.0 0.08215094789555265 0
18 ec.gp.GPIndividual@963475570{-162658237} 0.0 59488.0 8317.0 0.2398701454851509 5 37 21.0 0.0 0.2398701454851509 0
18 ec.gp.GPIndividual@2117400850{2056841876} 0.0 52788.0 10054.0 0.09727471653073404 5 43 21.0 0.0 18 ec.gp.GPIndividual@2087863949{489183624} 0.09727471653073404 0
18 ec.gp.GPIndividual@475376649{955533952} 0.0 52243.0 10861.0 0.21452904889052574 0.0 5 46 21.0 0.0 18 ec.gp.GPIndividual@1540460519{-1019144040} 64747.0 8160.0 0.21051398219028278 0.21452904889052574 0
5 33 21.0 0.0 0.21051398219028278 0
0.0 63755.0 8160.0 0.1170343137254902 5 33 21.0 0.0 0.1170343137254902 0
18 ec.gp.GPIndividual@1211306950{1065304134} 0.0 60122.0 10054.0 0.08872090710165108 5 37 21.0 0.0 0.08872090710165108 0
18 ec.gp.GPIndividual@2087863949{489183624} 0.0 64302.0 10087.0 0.042133439080003963 5 33 21.0 0.0 0.042133439080003963 0
18 ec.gp.GPIndividual@1860979296{330041146} 0.0 54576.0 14578.0 0.2547674578131431 5 43 21.0 0.0 0.2547674578131431 0
18 ec.gp.GPIndividual@1540460519{-1019144040} 0.0 64747.0 12802.0 0.21051398219028278 5 33 21.0 0.0 0.21051398219028278 0
18 ec.gp.GPIndividual@475376649{955533952} 0.0 52293.0 8160.0 0.05159313725490196 5 46 21.0 0.0 0.05159313725490196 0
18 ec.gp.GPIndividual@1211306950{1065304134} 0.0 60196.0 8387.0 0.3139382377488971 5 37 21.0 0.0 0.3139382377488971 0
18 ec.gp.GPIndividual@2117400850{2056841876} 0.0 52788.0 8387.0 0.08215094789555265 5 43 21.0 0.0 0.08215094789555265 0
18 ec.gp.GPIndividual@2087863949{489183624} 0.0 63755.0 8317.0 0.09594805819406035 5 33 21.0 0.0 0.09594805819406035 0
18 ec.gp.GPIndividual@1540460519{-1019144040} 0.0 64302.0 10087.0 0.042133439080003963 5 33 21.0 0.0 0.042133439080003963 0
18 ec.gp.GPIndividual@1211306950{1065304134} 0.0 60038.0 14578.0 0.25490465084373715 5 37 21.0 0.0 0.25490465084373715 0
18 ec.gp.GPIndividual@475376649{955533952} 0.0 52164.0 12802.0 0.3397906577097329 5 46 21.0 0.0 0.3397906577097329 0
18 ec.gp.GPIndividual@1540460519{-1019144040} 18 ec.gp.GPIndividual@1900405852{1726450178} 0.0 0.0 63755.0 8317.0 0.09594805819406035 57178.0 8317.0 0.20409787149393277 18 ec.gp.GPIndividual@1860979296{330041146} 5 45 21.0 0.0 5 33 21.0 0.0 0.0 0.20409787149393277 0
52800.0 8317.0 0.16324463677377773 5 43 21.0 0.0 0.16324463677377773 0
0.09594805819406035 0
18 ec.gp.GPIndividual@1211306950{1065304134} 0.0 59761.0 10861.0 0.02541202467544425 5 37 21.0 0.0 0.02541202467544425 0
18 ec.gp.GPIndividual@2117400850{2056841876} 0.0 54576.0 14578.0 0.2547674578131431 5 43 21.0 0.0 0.2547674578131431 0
18 ec.gp.GPIndividual@1900405852{1726450178} 0.0 57178.0 8387.0 0.045904375819721 5 45 21.0 0.0 0.045904375819721 0
18 ec.gp.GPIndividual@475376649{955533952} 18 ec.gp.GPIndividual@1211306950{1065304134} 0.0 0.0 52243.0 8160.0 0.15425795578467333 60121.0 8160.0 0.34129901960784315 5 46 21.0 0.0 5 37 21.0 0.0 0.15425795578467333 0
0.34129901960784315 0
18 ec.gp.GPIndividual@1860979296{330041146} 0.0 52786.0 8160.0 0.11200980392156863 5 43 21.0 0.0 0.11200980392156863 0
18 ec.gp.GPIndividual@1900405852{1726450178} 0.0 58574.0 14578.0 0.3553299492385787 5 45 21.0 0.0 0.3553299492385787 0
18 ec.gp.GPIndividual@2117400850{2056841876} 0.0 18 ec.gp.GPIndividual@1211306950{1065304134} 52800.0 12802.0 0.16324463677377773 0.0 5 43 21.0 0.0 60026.0 12802.0 0.15247617559756288 0.16324463677377773 0
5 37 21.0 0.0 0.15247617559756288 0
18 ec.gp.GPIndividual@475376649{955533952} 0.0 52293.0 8317.0 0.03174221474089215 5 46 21.0 0.0 0.03174221474089215 0
18 ec.gp.GPIndividual@1340660997{1204128620} 0.0 58943.0 10054.0 0.0285458523970559 5 46 21.0 0.0 0.0285458523970559 0
18 ec.gp.GPIndividual@1900405852{1726450178} 0.0 58278.0 10861.0 0.16195562102937114 5 45 21.0 0.0 0.16195562102937114 0
18 ec.gp.GPIndividual@1211306950{1065304134} 0.0 59761.0 10087.0 0.04937047685139288 5 37 21.0 0.0 0.04937047685139288 0
18 ec.gp.GPIndividual@1860979296{330041146} 0.0 53899.0 12802.0 0.2042649586002187 5 43 21.0 0.0 0.2042649586002187 0
18 ec.gp.GPIndividual@1432193960{-449708050} 0.0 69249.0 10054.0 0.09041177640740004 5 41 21.0 0.0 0.09041177640740004 0
18 ec.gp.GPIndividual@2117400850{2056841876} 0.0 52786.0 8160.0 0.11200980392156863 5 43 21.0 0.0 0.11200980392156863 0
18 ec.gp.GPIndividual@1211306950{1065304134} 0.0 60121.0 8317.0 0.31597931946615365 5 37 21.0 0.0 0.31597931946615365 0
18 ec.gp.GPIndividual@1900405852{1726450178} 0.0 57677.0 8160.0 0.04178921568627451 5 45 21.0 0.0 0.04178921568627451 0
18 ec.gp.GPIndividual@1432193960{-449708050} 0.0 69249.0 8387.0 0.09037796589960653 5 41 21.0 0.0 0.09037796589960653 0
18 ec.gp.GPIndividual@1860979296{330041146} 18 ec.gp.GPIndividual@1900405852{1726450178} 0.0 0.0 52800.0 12802.0 0.09903836621393873 58324.0 12802.0 0.2854241524761756 5 43 21.0 0.0 5 45 21.0 0.0 0.09903836621393873 0
0.2854241524761756 0
18 ec.gp.GPIndividual@2117400850{2056841876} 0.0 53899.0 10054.0 0.2042649586002187 18 ec.gp.GPIndividual@2027009890{-1770260584} 0.0 18 ec.gp.GPIndividual@1340660997{1204128620} 79013.0 8387.0 0.2061865924010344 5 43 21.0 0.0 5 19 21.0 0.0 0.2042649586002187 0
0.2061865924010344 0
0.0 59366.0 8387.0 0.21497555741027782 5 46 21.0 0.0 0.21497555741027782 0
18 ec.gp.GPIndividual@1900405852{1726450178} 0.0 57211.0 10087.0 0.2034301576286309 5 45 21.0 0.0 0.2034301576286309 0
18 ec.gp.GPIndividual@1432193960{-449708050} 0.0 69848.0 14578.0 0.3315955549458088 5 41 21.0 0.0 0.3315955549458088 0
18 ec.gp.GPIndividual@1860979296{330041146} 0.0 52786.0 8317.0 0.0910183960562703 5 43 21.0 0.0 0.0910183960562703 0
18 ec.gp.GPIndividual@1900405852{1726450178} 0.0 57144.0 8317.0 0.04196224600216424 5 45 21.0 0.0 0.04196224600216424 0
18 ec.gp.GPIndividual@2027009890{-1770260584} 18 ec.gp.GPIndividual@2117400850{2056841876} 0.0 0.0 52800.0 8387.0 0.09903836621393873 79013.0 8387.0 0.04840825086443305 5 43 21.0 0.0 5 19 21.0 0.0 0.09903836621393873 0
0.04840825086443305 0
18 ec.gp.GPIndividual@1432193960{-449708050} 0.0 69249.0 10861.0 0.15799650124297948 5 41 21.0 0.0 0.15799650124297948 0
18 ec.gp.GPIndividual@1276002658{-1725277022} 0.0 58328.0 10054.0 0.08971553610503283 5 39 21.0 0.0 0.08971553610503283 0
18 ec.gp.GPIndividual@1340660997{1204128620} 0.0 59794.0 14578.0 0.27164220057621075 5 46 21.0 0.0 0.27164220057621075 0
18 ec.gp.GPIndividual@1432193960{-449708050} 0.0 69630.0 8160.0 0.1674019607843137 5 41 21.0 0.0 0.1674019607843137 0
18 ec.gp.GPIndividual@2027009890{-1770260584} 0.0 79255.0 14578.0 0.4359308547125806 5 19 21.0 0.0 0.4359308547125806 0
18 ec.gp.GPIndividual@2117400850{2056841876} 0.0 52786.0 8317.0 0.0910183960562703 5 43 21.0 0.0 0.0910183960562703 0
18 ec.gp.GPIndividual@1276002658{-1725277022} 0.0 58328.0 8387.0 0.09121259091451055 5 39 21.0 0.0 0.09121259091451055 0
18 ec.gp.GPIndividual@216862394{1390490893} 0.0 59409.0 10054.0 0.01780385916053312 5 43 21.0 0.0 0.01780385916053312 0
18 ec.gp.GPIndividual@1432193960{-449708050} 0.0 69372.0 12802.0 0.27605061709107953 5 41 21.0 0.0 0.27605061709107953 0
18 ec.gp.GPIndividual@2027009890{-1770260584} 0.0 78992.0 10861.0 0.2671024767516803 5 19 21.0 0.0 0.2671024767516803 0
18 ec.gp.GPIndividual@1276002658{-1725277022} 0.0 58928.0 14578.0 0.3310467828234326 5 39 21.0 0.0 0.3310467828234326 0
18 ec.gp.GPIndividual@216862394{1390490893} 0.0 18 ec.gp.GPIndividual@1340660997{1204128620} 59409.0 10861.0 0.2201025396446882 0.0 5 43 21.0 0.0 58350.0 10861.0 0.1553263972009944 0.2201025396446882 0
5 46 21.0 0.0 0.1553263972009944 0
18 ec.gp.GPIndividual@1432193960{-449708050} 0.0 69249.0 10087.0 0.09338752850203232 5 41 21.0 0.0 0.09338752850203232 0
18 ec.gp.GPIndividual@1276002658{-1725277022} 0.0 58328.0 10861.0 0.15735199337077618 5 39 21.0 0.0 0.15735199337077618 0
18 ec.gp.GPIndividual@216862394{1390490893} 0.0 60038.0 14578.0 0.25490465084373715 5 43 21.0 0.0 0.25490465084373715 0
18 ec.gp.GPIndividual@2027009890{-1770260584} 0.0 78983.0 8160.0 0.025612745098039215 5 19 21.0 0.0 0.025612745098039215 0
18 ec.gp.GPIndividual@216862394{1390490893} 0.0 59421.0 10861.0 0.05671669275389007 5 43 21.0 0.0 0.05671669275389007 0
18 ec.gp.GPIndividual@1276002658{-1725277022} 0.0 58294.0 8160.0 0.11740196078431372 5 39 21.0 0.0 0.11740196078431372 0
18 ec.gp.GPIndividual@1432193960{-449708050} 0.0 69630.0 8160.0 0.14536491523385836 5 41 21.0 0.0 0.14536491523385836 0
18 ec.gp.GPIndividual@2027009890{-1770260584} 0.0 79101.0 12802.0 0.3697078581471645 5 19 21.0 0.0 0.3697078581471645 0
18 ec.gp.GPIndividual@216862394{1390490893} 0.0 59408.0 8160.0 0.25392156862745097 5 43 21.0 0.0 0.25392156862745097 0
18 ec.gp.GPIndividual@1340660997{1204128620} 0.0 59375.0 8160.0 0.24987745098039216 5 46 21.0 0.0 0.24987745098039216 0
18 ec.gp.GPIndividual@1276002658{-1725277022} 0.0 58372.0 12802.0 0.2816747383221372 5 39 21.0 0.0 0.2816747383221372 0
18 ec.gp.GPIndividual@216862394{1390490893} 0.0 60026.0 12802.0 0.15247617559756288 5 43 21.0 0.0 0.15247617559756288 0
18 ec.gp.GPIndividual@2027009890{-1770260584} 0.0 78992.0 10087.0 0.21086547040745515 5 19 21.0 0.0 0.21086547040745515 0
18 ec.gp.GPIndividual@1276002658{-1725277022} 0.0 18 ec.gp.GPIndividual@216862394{1390490893} 58328.0 10087.0 0.09269356597600872 0.0 5 39 21.0 0.0 59421.0 10087.0 0.01566372558738971 0.09269356597600872 0
5 43 21.0 0.0 0.01566372558738971 0
18 ec.gp.GPIndividual@2027009890{-1770260584} 0.0 78983.0 8317.0 0.04400625225441866 5 19 21.0 0.0 0.04400625225441866 0
18 ec.gp.GPIndividual@1340660997{1204128620} 0.0 18 ec.gp.GPIndividual@216862394{1390490893} 58962.0 12802.0 0.23558818934541478 0.0 5 46 21.0 0.0 0.23558818934541478 0
18 ec.gp.GPIndividual@1276002658{-1725277022} 0.0 58294.0 8317.0 0.09630876517975231 59408.0 12802.0 0.2302512925333654 5 39 21.0 0.0 5 43 21.0 0.0 0.09630876517975231 0
0.2302512925333654 0
18 ec.gp.GPIndividual@1049657429{-535021161} 0.0 82017.0 10054.0 0.4508653272329421 5 24 21.0 0.0 0.4508653272329421 0
18 ec.gp.GPIndividual@1049657429{-535021161} 0.0 82017.0 8387.0 0.3417193275307023 5 24 21.0 0.0 0.3417193275307023 0
18 ec.gp.GPIndividual@1049657429{-535021161} 0.0 81990.0 14578.0 0.6231307449581561 5 24 21.0 0.0 0.6231307449581561 0
18 ec.gp.GPIndividual@1049657429{-535021161} 0.0 81404.0 10861.0 0.5481079090323174 5 24 21.0 0.0 0.5481079090323174 0
18 ec.gp.GPIndividual@1049657429{-535021161} 0.0 82017.0 8160.0 0.32340686274509806 5 24 21.0 0.0 0.32340686274509806 0
18 ec.gp.GPIndividual@1049657429{-535021161} 0.0 81378.0 12802.0 0.6186533354163412 5 24 21.0 0.0 0.6186533354163412 0
18 ec.gp.GPIndividual@1049657429{-535021161} 0.0 81404.0 10087.0 0.5134331317537424 5 24 21.0 0.0 0.5134331317537424 0
18 ec.gp.GPIndividual@1049657429{-535021161} 0.0 82017.0 8317.0 0.3361789106649032 5 24 21.0 0.0 0.3361789106649032 0
18 ec.gp.GPIndividual@1340660997{1204128620} 0.0 58350.0 10087.0 0.09051254089422028 5 46 21.0 0.0 0.09051254089422028 0
18 ec.gp.GPIndividual@1927903406{-94829013} 0.0 58437.0 10054.0 0.07887407996817188 5 42 21.0 0.0 0.07887407996817188 0
18 ec.gp.GPIndividual@1340660997{1204128620} 0.0 59375.0 8317.0 0.2262835156907539 5 46 21.0 0.0 0.2262835156907539 0
18 ec.gp.GPIndividual@1927903406{-94829013} 0.0 58132.0 8387.0 0.06784309049719804 5 42 21.0 0.0 0.06784309049719804 0
18 ec.gp.GPIndividual@781787466{1293284074} 0.0 16360.0 10054.0 0.6272130495325243 4 7 21.0 0.0 0.6272130495325243 0
18 ec.gp.GPIndividual@1927903406{-94829013} 0.0 58569.0 14578.0 0.3556729318150638 5 42 21.0 0.0 0.3556729318150638 0
18 ec.gp.GPIndividual@1927903406{-94829013} 0.0 58437.0 10861.0 0.14731608507503913 5 42 21.0 0.0 0.14731608507503913 0
18 ec.gp.GPIndividual@1927903406{-94829013} 0.0 57478.0 8160.0 0.017401960784313726 5 42 21.0 0.0 0.017401960784313726 0
18 ec.gp.GPIndividual@781787466{1293284074} 0.0 17476.0 8387.0 1.0837009657803744 4 7 21.0 0.0 1.0837009657803744 0
18 ec.gp.GPIndividual@1927903406{-94829013} 0.0 59163.0 12802.0 0.21988751757537886 5 42 21.0 0.0 0.21988751757537886 0
18 ec.gp.GPIndividual@1927903406{-94829013} 0.0 57865.0 10087.0 0.13859423019728362 5 42 21.0 0.0 0.13859423019728362 0
18 ec.gp.GPIndividual@1927903406{-94829013} 0.0 57478.0 8317.0 0.0018035349284597811 5 42 21.0 0.0 0.0018035349284597811 0
18 ec.gp.GPIndividual@513202867{810138384} 0.0 66329.0 10054.0 0.16262184205291427 5 32 21.0 0.0 0.16262184205291427 0
18 ec.gp.GPIndividual@513202867{810138384} 0.0 66392.0 8387.0 0.40121616787886016 5 32 21.0 0.0 0.40121616787886016 0
18 ec.gp.GPIndividual@513202867{810138384} 0.0 65490.0 14578.0 0.2557278090273014 5 32 21.0 0.0 0.2557278090273014 0
18 ec.gp.GPIndividual@513202867{810138384} 0.0 65612.0 10861.0 0.010220053402080839 5 32 21.0 0.0 0.010220053402080839 0
18 ec.gp.GPIndividual@513202867{810138384} 0.0 66392.0 8160.0 0.44019607843137254 5 32 21.0 0.0 0.44019607843137254 0
18 ec.gp.GPIndividual@513202867{810138384} 0.0 65489.0 12802.0 0.15255428839243868 5 32 21.0 0.0 0.15255428839243868 0
18 ec.gp.GPIndividual@781787466{1293284074} 0.0 17190.0 14578.0 0.17917409795582384 4 7 21.0 0.0 0.17917409795582384 0
18 ec.gp.GPIndividual@513202867{810138384} 0.0 65612.0 10087.0 0.0877366907901259 5 32 21.0 0.0 0.0877366907901259 0
18 ec.gp.GPIndividual@513202867{810138384} 0.0 66392.0 8317.0 0.41300949861728986 5 32 21.0 0.0 0.41300949861728986 0
18 ec.gp.GPIndividual@781787466{1293284074} 0.0 16405.0 10861.0 0.5104502347850106 4 7 21.0 0.0 0.5104502347850106 0
18 ec.gp.GPIndividual@781787466{1293284074} 0.0 17476.0 8160.0 1.1416666666666666 4 7 21.0 0.0 1.1416666666666666 0
18 ec.gp.GPIndividual@781787466{1293284074} 0.0 16052.0 12802.0 0.25386658334635215 4 7 21.0 0.0 0.25386658334635215 0
18 ec.gp.GPIndividual@781787466{1293284074} 0.0 16749.0 10087.0 0.6604540497670268 4 7 21.0 0.0 0.6604540497670268 0
18 ec.gp.GPIndividual@781787466{1293284074} 0.0 17233.0 8317.0 1.0720211614764938 4 7 21.0 0.0 1.0720211614764938 0
18 ec.gp.GPIndividual@2095411715{1921118092} 0.0 11893.0 10054.0 0.18291227372190172 5 42 21.0 0.0 0.18291227372190172 0
18 ec.gp.GPIndividual@2095411715{1921118092} 0.0 11560.0 8387.0 0.3783235960414928 5 42 21.0 0.0 0.3783235960414928 0
18 ec.gp.GPIndividual@2095411715{1921118092} 0.0 14917.0 14578.0 0.023254218685690768 5 42 21.0 0.0 0.023254218685690768 0
18 ec.gp.GPIndividual@2095411715{1921118092} 0.0 12416.0 10861.0 0.14317282018230365 5 42 21.0 0.0 0.14317282018230365 0
18 ec.gp.GPIndividual@2095411715{1921118092} 0.0 11919.0 8160.0 0.4606617647058823 5 42 21.0 0.0 0.4606617647058823 0
18 ec.gp.GPIndividual@2095411715{1921118092} 0.0 14742.0 12802.0 0.15153882205905328 5 42 21.0 0.0 0.15153882205905328 0
18 ec.gp.GPIndividual@2095411715{1921118092} 0.0 12196.0 10087.0 0.2090809953405373 5 42 21.0 0.0 0.2090809953405373 0
18 ec.gp.GPIndividual@2095411715{1921118092} 0.0 11930.0 8317.0 0.4344114464350126 5 42 21.0 0.0 0.4344114464350126 0
19 ec.gp.GPIndividual@748221306{622199864} 0.0 75154.0 10054.0 0.046548637358265366 5 25 21.0 0.0 0.046548637358265366 0
19 ec.gp.GPIndividual@304426059{-1437867664} 19 ec.gp.GPIndividual@1695671839{-329869895} 0.0 0.0 78391.0 10054.0 0.26805251641137856 63891.0 10054.0 0.07986870897155361 5 28 21.0 0.0 0.26805251641137856 0
19 ec.gp.GPIndividual@748221306{622199864} 0.0 5 34 21.0 0.0 75154.0 8387.0 0.14295934183855968 0.07986870897155361 0
19 ec.gp.GPIndividual@233916707{-1467668162} 0.0 57139.0 10054.0 0.20797692460712155 19 ec.gp.GPIndividual@1227604277{959774138} 5 35 21.0 0.0 0.0 0.20797692460712155 0
5 25 21.0 0.0 0.14295934183855968 0
52243.0 10054.0 0.1514819972150388 19 ec.gp.GPIndividual@304426059{-1437867664} 0.0 5 46 21.0 0.0 78965.0 8387.0 0.05413139382377489 0.1514819972150388 0
19 ec.gp.GPIndividual@1695671839{-329869895} 0.0 5 28 21.0 0.0 63891.0 8387.0 0.1030165732681531 0.05413139382377489 0
19 ec.gp.GPIndividual@748221306{622199864} 0.0 74724.0 14578.0 0.37193030594045823 5 34 21.0 0.0 5 25 21.0 0.0 0.1030165732681531 0
0.37193030594045823 0
19 ec.gp.GPIndividual@1732073357{-930150358} 0.0 57310.0 10054.0 0.19096876864929382 5 42 21.0 0.0 0.19096876864929382 0
19 ec.gp.GPIndividual@748221306{622199864} 0.0 74711.0 10861.0 0.15818064634932327 5 25 21.0 0.0 0.15818064634932327 0
19 ec.gp.GPIndividual@1695671839{-329869895} 0.0 19 ec.gp.GPIndividual@304426059{-1437867664} 63587.0 14578.0 0.38626697763753604 0.0 5 34 21.0 0.0 78565.0 14578.0 0.4832624502675264 0.38626697763753604 0
19 ec.gp.GPIndividual@233916707{-1467668162} 0.0 19 ec.gp.GPIndividual@1227604277{959774138} 5 28 21.0 0.0 57139.0 8387.0 0.050554429474186244 19 ec.gp.GPIndividual@748221306{622199864} 0.4832624502675264 0
0.0 5 35 21.0 0.0 75154.0 8160.0 0.1747549019607843 5 25 21.0 0.0 0.050554429474186244 0
0.0 52293.0 8160.0 0.02313103612733993 0.1747549019607843 0
19 ec.gp.GPIndividual@1695671839{-329869895} 0.0 63341.0 10861.0 0.19887671485130282 5 46 21.0 0.0 5 34 21.0 0.0 0.02313103612733993 0
0.19887671485130282 0
19 ec.gp.GPIndividual@304426059{-1437867664} 0.0 78185.0 10861.0 0.3414050271614032 5 28 21.0 0.0 0.3414050271614032 0
19 ec.gp.GPIndividual@748221306{622199864} 0.0 74712.0 12802.0 0.2857366036556788 5 25 21.0 0.0 0.2857366036556788 0
19 ec.gp.GPIndividual@1695671839{-329869895} 0.0 63891.0 8160.0 0.13370098039215686 5 34 21.0 0.0 0.13370098039215686 0
19 ec.gp.GPIndividual@748221306{622199864} 0.0 75154.0 10087.0 0.049667889362545854 5 25 21.0 0.0 0.049667889362545854 0
19 ec.gp.GPIndividual@304426059{-1437867664} 0.0 19 ec.gp.GPIndividual@233916707{-1467668162} 0.0 78965.0 14578.0 0.02781862745098039 5 28 21.0 0.0 58954.0 14578.0 0.32926327342571 0.02781862745098039 0
19 ec.gp.GPIndividual@1732073357{-930150358} 19 ec.gp.GPIndividual@748221306{622199864} 0.0 0.0 5 35 21.0 0.0 75154.0 8317.0 0.1525790549476975 57404.0 8317.0 0.01895791105281984 19 ec.gp.GPIndividual@1227604277{959774138} 0.32926327342571 0
19 ec.gp.GPIndividual@1695671839{-329869895} 0.0 5 25 21.0 0.0 63621.0 12802.0 0.2984689892204343 0.1525790549476975 0
5 42 21.0 0.0 0.01895791105281984 0
0.0 53608.0 12802.0 0.3211688846206613 5 46 21.0 0.0 0.3211688846206613 0
5 34 21.0 0.0 0.2984689892204343 0
19 ec.gp.GPIndividual@304426059{-1437867664} 0.0 78403.0 12802.0 0.4242305889704734 5 28 21.0 0.0 0.4242305889704734 0
19 ec.gp.GPIndividual@1502030636{-481961223} 0.0 64425.0 10054.0 0.02675552019096877 5 37 21.0 0.0 0.02675552019096877 0
19 ec.gp.GPIndividual@1695671839{-329869895} 0.0 63665.0 10087.0 0.10528402894815109 5 34 21.0 0.0 0.10528402894815109 0
19 ec.gp.GPIndividual@304426059{-1437867664} 0.0 19 ec.gp.GPIndividual@233916707{-1467668162} 0.0 78185.0 10861.0 0.29086943590760383 5 28 21.0 0.0 57151.0 10861.0 0.2657213884541018 19 ec.gp.GPIndividual@1502030636{-481961223} 0.29086943590760383 0
19 ec.gp.GPIndividual@1695671839{-329869895} 0.0 63891.0 8317.0 0.11230010821209571 5 34 21.0 0.0 0.11230010821209571 0
5 35 21.0 0.0 0.2657213884541018 0
19 ec.gp.GPIndividual@1227604277{959774138} 0.0 52243.0 8317.0 0.21452904889052574 5 46 21.0 0.0 0.21452904889052574 0
0.0 64499.0 8317.0 0.17550971741981639 5 37 21.0 0.0 0.17550971741981639 0
19 ec.gp.GPIndividual@304426059{-1437867664} 0.0 78965.0 8317.0 0.0461704941685704 5 28 21.0 0.0 0.0461704941685704 0
19 ec.gp.GPIndividual@1046413474{80529380} 0.0 66329.0 10054.0 0.16262184205291427 5 37 21.0 0.0 0.16262184205291427 0
19 ec.gp.GPIndividual@1502030636{-481961223} 0.0 64759.0 14578.0 0.30587186170942515 5 37 21.0 0.0 0.30587186170942515 0
19 ec.gp.GPIndividual@1732073357{-930150358} 19 ec.gp.GPIndividual@740194876{699213180} 19 ec.gp.GPIndividual@1227604277{959774138} 0.0 0.0 0.0 64425.0 8160.0 0.02675552019096877 52293.0 8160.0 0.05159313725490196 57730.0 8160.0 0.413225408149266 5 46 21.0 0.0 5 38 21.0 0.0 5 42 21.0 0.0 0.05159313725490196 0
19 ec.gp.GPIndividual@1046413474{80529380} 19 ec.gp.GPIndividual@233916707{-1467668162} 0.0 0.0 57134.0 8160.0 0.024754901960784313 0.02675552019096877 0
0.413225408149266 0
66392.0 8160.0 0.40121616787886016 19 ec.gp.GPIndividual@1502030636{-481961223} 5 37 21.0 0.0 0.40121616787886016 0
5 35 21.0 0.0 0.024754901960784313 0
0.0 64302.0 10861.0 0.11039499125310745 5 37 21.0 0.0 0.11039499125310745 0
19 ec.gp.GPIndividual@740194876{699213180} 0.0 64499.0 8387.0 0.17550971741981639 5 38 21.0 0.0 0.17550971741981639 0
19 ec.gp.GPIndividual@1227604277{959774138} 0.0 52164.0 12802.0 0.3397906577097329 5 46 21.0 0.0 0.3397906577097329 0
19 ec.gp.GPIndividual@1046413474{80529380} 0.0 65490.0 14578.0 0.2557278090273014 5 37 21.0 0.0 0.2557278090273014 0
19 ec.gp.GPIndividual@1502030636{-481961223} 0.0 63755.0 8160.0 0.1170343137254902 5 37 21.0 0.0 0.1170343137254902 0
19 ec.gp.GPIndividual@740194876{699213180} 0.0 64759.0 14578.0 0.30587186170942515 5 38 21.0 0.0 0.30587186170942515 0
19 ec.gp.GPIndividual@1046413474{80529380} 0.0 19 ec.gp.GPIndividual@233916707{-1467668162} 0.0 65612.0 12802.0 0.010220053402080839 58277.0 12802.0 0.28909545383533825 5 37 21.0 0.0 5 35 21.0 0.0 19 ec.gp.GPIndividual@1502030636{-481961223} 0.010220053402080839 0
0.28909545383533825 0
0.0 64747.0 10087.0 0.21051398219028278 19 ec.gp.GPIndividual@1227604277{959774138} 5 37 21.0 0.0 0.0 52243.0 10087.0 0.15425795578467333 19 ec.gp.GPIndividual@740194876{699213180} 0.21051398219028278 0
19 ec.gp.GPIndividual@1732073357{-930150358} 0.0 5 46 21.0 0.0 57310.0 10861.0 0.25108185249976983 5 42 21.0 0.0 0.25108185249976983 0
0.0 64302.0 10861.0 0.11039499125310745 5 38 21.0 0.0 0.11039499125310745 0
0.15425795578467333 0
19 ec.gp.GPIndividual@1046413474{80529380} 0.0 66392.0 8160.0 0.44019607843137254 5 37 21.0 0.0 0.44019607843137254 0
19 ec.gp.GPIndividual@1502030636{-481961223} 0.0 64302.0 10087.0 0.042133439080003963 5 37 21.0 0.0 0.042133439080003963 0
19 ec.gp.GPIndividual@740194876{699213180} 0.0 63755.0 8160.0 0.1170343137254902 5 38 21.0 0.0 0.1170343137254902 0
19 ec.gp.GPIndividual@233916707{-1467668162} 0.0 57151.0 10087.0 0.2093784078516903 5 35 21.0 0.0 0.2093784078516903 0
19 ec.gp.GPIndividual@1046413474{80529380} 0.0 65489.0 12802.0 0.15255428839243868 5 37 21.0 0.0 0.15255428839243868 0
19 ec.gp.GPIndividual@1502030636{-481961223} 0.0 63755.0 8317.0 0.09594805819406035 5 37 21.0 0.0 0.09594805819406035 0
19 ec.gp.GPIndividual@1227604277{959774138} 0.0 52293.0 8317.0 0.03174221474089215 5 46 21.0 0.0 0.03174221474089215 0
19 ec.gp.GPIndividual@740194876{699213180} 0.0 64747.0 12802.0 0.21051398219028278 5 38 21.0 0.0 0.21051398219028278 0
19 ec.gp.GPIndividual@1046413474{80529380} 0.0 19 ec.gp.GPIndividual@1047777831{398578550} 65612.0 10054.0 0.0877366907901259 0.0 5 37 21.0 0.0 68480.0 10054.0 0.16689874676745575 0.0877366907901259 0
5 39 21.0 0.0 0.16689874676745575 0
19 ec.gp.GPIndividual@421955285{522165982} 0.0 65244.0 10054.0 0.05470459518599562 5 30 21.0 0.0 0.05470459518599562 0
19 ec.gp.GPIndividual@740194876{699213180} 0.0 64302.0 10087.0 0.042133439080003963 5 38 21.0 0.0 0.042133439080003963 0
19 ec.gp.GPIndividual@1047777831{398578550} 19 ec.gp.GPIndividual@1732073357{-930150358} 0.0 0.0 19 ec.gp.GPIndividual@233916707{-1467668162} 69123.0 8160.0 0.07535471563133421 19 ec.gp.GPIndividual@1046413474{80529380} 0.0 0.0 5 39 21.0 0.0 57134.0 8317.0 0.04316460262113743 57348.0 8317.0 0.0014705882352941176 19 ec.gp.GPIndividual@421955285{522165982} 0.07535471563133421 0
5 42 21.0 0.0 0.0 0.0014705882352941176 0
19 ec.gp.GPIndividual@740194876{699213180} 0.0 63755.0 8317.0 0.09594805819406035 66392.0 8387.0 0.41300949861728986 5 38 21.0 0.0 5 37 21.0 0.0 0.41300949861728986 0
5 35 21.0 0.0 0.04316460262113743 0
19 ec.gp.GPIndividual@1047777831{398578550} 0.0 0.09594805819406035 0
65415.0 8387.0 0.28472636222725645 5 30 21.0 0.0 68360.0 10054.0 0.43366716970777885 0.28472636222725645 0
19 ec.gp.GPIndividual@1772490297{1853052759} 0.0 93850.0 10054.0 0.9043166898746767 5 39 21.0 0.0 5 23 21.0 0.0 0.9043166898746767 0
19 ec.gp.GPIndividual@353065753{111920147} 0.0 109280.0 10054.0 1.0 0.43366716970777885 0
19 ec.gp.GPIndividual@1772490297{1853052759} 0.0 93850.0 8387.0 0.8852986765231906 5 23 21.0 0.0 0.8852986765231906 0
1 1 21.0 0.0 1.0 0
19 ec.gp.GPIndividual@421955285{522165982} 0.0 19 ec.gp.GPIndividual@353065753{111920147} 19 ec.gp.GPIndividual@1424162714{33469702} 65336.0 8387.0 0.26629167238304297 0.0 0.0 5 30 21.0 0.0 64425.0 8387.0 0.02675552019096877 19 ec.gp.GPIndividual@1772490297{1853052759} 0.26629167238304297 0
109280.0 10861.0 1.0 1 1 21.0 0.0 1.0 0
19 ec.gp.GPIndividual@1047777831{398578550} 19 ec.gp.GPIndividual@353065753{111920147} 0.0 0.0 109280.0 14578.0 1.0 5 33 21.0 0.0 1 1 21.0 0.0 0.02675552019096877 0
0.0 94176.0 14578.0 0.9116476882974345 1.0 0
67738.0 14578.0 0.29711812908571955 19 ec.gp.GPIndividual@353065753{111920147} 0.0 19 ec.gp.GPIndividual@421955285{522165982} 109280.0 10861.0 1.0 0.0 1 1 21.0 0.0 1.0 0
5 23 21.0 0.0 19 ec.gp.GPIndividual@353065753{111920147} 0.0 0.9116476882974345 0
64949.0 10861.0 0.0508240493508885 5 30 21.0 0.0 0.0508240493508885 0
5 39 21.0 0.0 0.29711812908571955 0
19 ec.gp.GPIndividual@1424162714{33469702} 0.0 64499.0 8387.0 0.17550971741981639 19 ec.gp.GPIndividual@1772490297{1853052759} 5 33 21.0 0.0 0.17550971741981639 0
109280.0 8160.0 1.0 1 1 21.0 0.0 1.0 0
0.0 19 ec.gp.GPIndividual@353065753{111920147} 19 ec.gp.GPIndividual@421955285{522165982} 0.0 94034.0 12802.0 0.8944848540650032 109280.0 12802.0 1.0 0.0 5 23 21.0 0.0 1 1 21.0 0.0 65415.0 12802.0 0.32046568627450983 0.8944848540650032 0
19 ec.gp.GPIndividual@1732073357{-930150358} 0.0 58413.0 8160.0 0.27847211373222935 19 ec.gp.GPIndividual@1047777831{398578550} 5 42 21.0 0.0 0.0 0.27847211373222935 0
1.0 0
5 30 21.0 0.0 19 ec.gp.GPIndividual@1424162714{33469702} 19 ec.gp.GPIndividual@353065753{111920147} 0.32046568627450983 0
19 ec.gp.GPIndividual@1772490297{1853052759} 0.0 93850.0 10087.0 0.8821078431372549 69013.0 8160.0 0.0917892156862745 5 23 21.0 0.0 0.8821078431372549 0
0.0 64759.0 10087.0 0.30587186170942515 5 33 21.0 0.0 0.30587186170942515 0
0.0 109280.0 12802.0 1.0 1 1 21.0 0.0 1.0 0
19 ec.gp.GPIndividual@421955285{522165982} 0.0 19 ec.gp.GPIndividual@1772490297{1853052759} 65324.0 8317.0 0.1654428995469458 19 ec.gp.GPIndividual@353065753{111920147} 0.0 5 30 21.0 0.0 0.0 5 39 21.0 0.0 0.1654428995469458 0
109280.0 8317.0 1.0 1 1 21.0 0.0 1.0 0
0.0917892156862745 0
94176.0 8317.0 0.8993907201999688 5 23 21.0 0.0 0.8993907201999688 0
19 ec.gp.GPIndividual@1424162714{33469702} 19 ec.gp.GPIndividual@421955285{522165982} 0.0 0.0 64302.0 10087.0 0.11039499125310745 65110.0 10087.0 0.0379696639238624 5 30 21.0 0.0 5 33 21.0 0.0 0.0379696639238624 0
19 ec.gp.GPIndividual@1772490297{1853052759} 0.0 93850.0 10087.0 0.9046297214236145 0.11039499125310745 0
5 23 21.0 0.0 19 ec.gp.GPIndividual@1047777831{398578550} 0.0 0.9046297214236145 0
67328.0 12802.0 0.4357131698172161 5 39 21.0 0.0 0.4357131698172161 0
19 ec.gp.GPIndividual@421955285{522165982} 19 ec.gp.GPIndividual@1772490297{1853052759} 0.0 0.0 65415.0 8317.0 0.2955392569436095 93850.0 8317.0 0.8843332932547794 5 30 21.0 0.0 5 23 21.0 0.0 0.2955392569436095 0
0.8843332932547794 0
19 ec.gp.GPIndividual@1424162714{33469702} 0.0 63755.0 10054.0 0.1170343137254902 19 ec.gp.GPIndividual@1047777831{398578550} 19 ec.gp.GPIndividual@1622140669{62660702} 0.0 0.0 67738.0 10087.0 0.24318429661941113 5 39 21.0 0.0 95006.0 10087.0 0.7893375770837477 0.24318429661941113 0
5 33 21.0 0.0 0.1170343137254902 0
3 9 21.0 0.0 0.7893375770837477 0
19 ec.gp.GPIndividual@1732073357{-930150358} 0.0 56738.0 10087.0 0.2503221968870824 5 42 21.0 0.0 0.2503221968870824 0
19 ec.gp.GPIndividual@1622140669{62660702} 0.0 95006.0 8387.0 0.7474663169190414 19 ec.gp.GPIndividual@1047777831{398578550} 3 9 21.0 0.0 0.0 0.7474663169190414 0
69013.0 8387.0 0.0711795118432127 5 39 21.0 0.0 0.0711795118432127 0
19 ec.gp.GPIndividual@1424162714{33469702} 0.0 64747.0 12802.0 0.21051398219028278 19 ec.gp.GPIndividual@1622140669{62660702} 5 33 21.0 0.0 0.0 0.21051398219028278 0
95006.0 12802.0 0.8547125806009055 19 ec.gp.GPIndividual@673334300{126953541} 3 9 21.0 0.0 0.0 0.8547125806009055 0
68723.0 10054.0 0.1427292619852795 5 32 21.0 0.0 0.1427292619852795 0
19 ec.gp.GPIndividual@1622140669{62660702} 0.0 95006.0 10861.0 0.804990332381917 3 9 21.0 0.0 0.804990332381917 0
19 ec.gp.GPIndividual@1622140669{62660702} 0.0 95006.0 8160.0 0.7404411764705883 3 9 21.0 0.0 0.7404411764705883 0
19 ec.gp.GPIndividual@1766972032{-232077381} 0.0 68242.0 10054.0 0.19057091704794113 5 30 21.0 0.0 0.19057091704794113 0
19 ec.gp.GPIndividual@1424162714{33469702} 0.0 64302.0 10087.0 0.042133439080003963 19 ec.gp.GPIndividual@1622140669{62660702} 5 33 21.0 0.0 0.0 0.042133439080003963 0
95006.0 10087.0 0.8345571004530542 3 9 21.0 0.0 0.8345571004530542 0
19 ec.gp.GPIndividual@1622140669{62660702} 0.0 95006.0 10087.0 0.7900267671260037 3 9 21.0 0.0 0.7900267671260037 0
19 ec.gp.GPIndividual@1622140669{62660702} 0.0 95006.0 8317.0 0.7453408681014789 3 9 21.0 0.0 0.7453408681014789 0
19 ec.gp.GPIndividual@1766972032{-232077381} 0.0 69247.0 8387.0 0.09013950160963395 5 30 21.0 0.0 0.09013950160963395 0
19 ec.gp.GPIndividual@1424162714{33469702} 0.0 63755.0 8317.0 0.09594805819406035 5 33 21.0 0.0 0.09594805819406035 0
19 ec.gp.GPIndividual@673334300{126953541} 0.0 68925.0 8387.0 0.05174675092404912 5 32 21.0 0.0 0.05174675092404912 0
19 ec.gp.GPIndividual@1732073357{-930150358} 0.0 57404.0 8317.0 0.010700973908861369 19 ec.gp.GPIndividual@1766972032{-232077381} 5 42 21.0 0.0 0.0 0.010700973908861369 0
68875.0 14578.0 0.39833996432981206 5 30 21.0 0.0 0.39833996432981206 0
19 ec.gp.GPIndividual@1050201617{616323155} 0.0 90934.0 10054.0 0.6508852198130097 5 17 21.0 0.0 0.6508852198130097 0
19 ec.gp.GPIndividual@1050201617{616323155} 0.0 91128.0 8387.0 0.5583641349707881 5 17 21.0 0.0 0.5583641349707881 0
19 ec.gp.GPIndividual@977964453{1717985213} 0.0 63711.0 10054.0 0.0977720310324249 5 34 21.0 0.0 0.0977720310324249 0
19 ec.gp.GPIndividual@1050201617{616323155} 0.0 90934.0 14578.0 0.7592262313074496 5 17 21.0 0.0 0.7592262313074496 0
19 ec.gp.GPIndividual@1766972032{-232077381} 0.0 68495.0 10861.0 0.22741920633459164 5 30 21.0 0.0 0.22741920633459164 0
19 ec.gp.GPIndividual@1050201617{616323155} 0.0 90934.0 10861.0 0.676825338366633 5 17 21.0 0.0 0.676825338366633 0
19 ec.gp.GPIndividual@673334300{126953541} 0.0 69846.0 14578.0 0.3317327479764028 5 32 21.0 0.0 0.3317327479764028 0
19 ec.gp.GPIndividual@1050201617{616323155} 0.0 91128.0 8160.0 0.546078431372549 5 17 21.0 0.0 0.546078431372549 0
19 ec.gp.GPIndividual@1050201617{616323155} 0.0 90934.0 12802.0 0.7258240899859397 5 17 21.0 0.0 0.7258240899859397 0
19 ec.gp.GPIndividual@1050201617{616323155} 0.0 90934.0 10087.0 0.6520273619510261 5 17 21.0 0.0 0.6520273619510261 0
19 ec.gp.GPIndividual@977964453{1717985213} 19 ec.gp.GPIndividual@1766972032{-232077381} 0.0 0.0 63711.0 8387.0 0.0815547871706212 68055.0 8387.0 0.025612745098039215 5 34 21.0 0.0 5 30 21.0 0.0 0.0815547871706212 0
19 ec.gp.GPIndividual@1050201617{616323155} 0.0 91128.0 8317.0 0.5546471083323313 0.025612745098039215 0
5 17 21.0 0.0 0.5546471083323313 0
19 ec.gp.GPIndividual@673334300{126953541} 0.0 68276.0 10861.0 0.24758309547923765 5 32 21.0 0.0 0.24758309547923765 0
19 ec.gp.GPIndividual@977964453{1717985213} 0.0 64386.0 14578.0 0.3314583619152147 19 ec.gp.GPIndividual@1524928422{2048705270} 5 34 21.0 0.0 0.0 64425.0 14578.0 0.02675552019096877 5 36 21.0 0.0 0.3314583619152147 0
19 ec.gp.GPIndividual@1766972032{-232077381} 0.0 68685.0 14578.0 0.32971410717075456 0.02675552019096877 0
5 30 21.0 0.0 0.32971410717075456 0
19 ec.gp.GPIndividual@1524928422{2048705270} 0.0 64499.0 8387.0 0.17550971741981639 5 36 21.0 0.0 0.17550971741981639 0
19 ec.gp.GPIndividual@1766972032{-232077381} 0.0 68495.0 10087.0 0.16813720630514523 19 ec.gp.GPIndividual@977964453{1717985213} 5 30 21.0 0.0 0.0 0.16813720630514523 0
63711.0 10861.0 0.16480987017770002 5 34 21.0 0.0 0.16480987017770002 0
19 ec.gp.GPIndividual@673334300{126953541} 0.0 68924.0 8160.0 0.08088235294117647 5 32 21.0 0.0 0.08088235294117647 0
19 ec.gp.GPIndividual@1524928422{2048705270} 0.0 64759.0 14578.0 0.30587186170942515 5 36 21.0 0.0 0.30587186170942515 0
19 ec.gp.GPIndividual@1766972032{-232077381} 0.0 68055.0 8317.0 0.04400625225441866 5 30 21.0 0.0 0.04400625225441866 0
19 ec.gp.GPIndividual@977964453{1717985213} 0.0 63711.0 8160.0 0.1116421568627451 5 34 21.0 0.0 0.1116421568627451 0
19 ec.gp.GPIndividual@37349363{20363551} 0.0 65244.0 10054.0 0.05470459518599562 19 ec.gp.GPIndividual@1524928422{2048705270} 5 30 21.0 0.0 0.0 0.05470459518599562 0
64302.0 10054.0 0.11039499125310745 5 36 21.0 0.0 0.11039499125310745 0
19 ec.gp.GPIndividual@673334300{126953541} 0.0 69169.0 12802.0 0.29190751445086704 5 32 21.0 0.0 0.29190751445086704 0
19 ec.gp.GPIndividual@37349363{20363551} 0.0 65415.0 8387.0 0.28472636222725645 5 30 21.0 0.0 0.28472636222725645 0
19 ec.gp.GPIndividual@1524928422{2048705270} 19 ec.gp.GPIndividual@977964453{1717985213} 0.0 0.0 63755.0 12802.0 0.1170343137254902 65365.0 12802.0 0.16224027495703797 5 36 21.0 0.0 5 34 21.0 0.0 0.1170343137254902 0
0.16224027495703797 0
19 ec.gp.GPIndividual@37349363{20363551} 0.0 65336.0 14578.0 0.26629167238304297 5 30 21.0 0.0 0.26629167238304297 0
19 ec.gp.GPIndividual@1524928422{2048705270} 19 ec.gp.GPIndividual@673334300{126953541} 0.0 0.0 68276.0 10087.0 0.18984831961931198 64747.0 10087.0 0.21051398219028278 19 ec.gp.GPIndividual@37349363{20363551} 5 32 21.0 0.0 5 36 21.0 0.0 0.0 0.21051398219028278 0
64949.0 10861.0 0.0508240493508885 5 30 21.0 0.0 0.0508240493508885 0
0.18984831961931198 0
19 ec.gp.GPIndividual@977964453{1717985213} 0.0 63711.0 10087.0 0.10072370377713889 5 34 21.0 0.0 0.10072370377713889 0
19 ec.gp.GPIndividual@37349363{20363551} 0.0 65415.0 8160.0 0.32046568627450983 5 30 21.0 0.0 19 ec.gp.GPIndividual@1524928422{2048705270} 0.32046568627450983 0
0.0 64302.0 10087.0 0.042133439080003963 5 36 21.0 0.0 0.042133439080003963 0
19 ec.gp.GPIndividual@37349363{20363551} 0.0 65324.0 12802.0 0.1654428995469458 5 30 21.0 0.0 0.1654428995469458 0
19 ec.gp.GPIndividual@977964453{1717985213} 0.0 63711.0 8317.0 0.09065768907057833 5 34 21.0 0.0 0.09065768907057833 0
19 ec.gp.GPIndividual@1524928422{2048705270} 0.0 63755.0 8317.0 0.09594805819406035 5 36 21.0 0.0 0.09594805819406035 0
19 ec.gp.GPIndividual@37349363{20363551} 0.0 65110.0 10087.0 0.0379696639238624 5 30 21.0 0.0 0.0379696639238624 0
19 ec.gp.GPIndividual@673334300{126953541} 0.0 68924.0 8317.0 0.06047853793435133 5 32 21.0 0.0 0.06047853793435133 0
19 ec.gp.GPIndividual@37349363{20363551} 0.0 19 ec.gp.GPIndividual@287021691{1841175454} 65415.0 10054.0 0.2955392569436095 0.0 5 30 21.0 0.0 79422.0 10054.0 0.1655062661627213 0.2955392569436095 0
5 38 21.0 0.0 0.1655062661627213 0
19 ec.gp.GPIndividual@1623993991{-89453376} 0.0 68059.0 10054.0 0.20877262780982694 5 38 21.0 0.0 0.20877262780982694 0
19 ec.gp.GPIndividual@287021691{1841175454} 0.0 19 ec.gp.GPIndividual@1693706676{-2073612325} 0.0 69284.0 10054.0 0.08693057489556395 5 35 21.0 0.0 0.08693057489556395 0
79422.0 8387.0 3.576964349588649E-4 5 38 21.0 0.0 3.576964349588649E-4 0
19 ec.gp.GPIndividual@287021691{1841175454} 0.0 19 ec.gp.GPIndividual@1623993991{-89453376} 0.0 68059.0 8387.0 0.05150828663407655 5 38 21.0 0.0 0.05150828663407655 0
79142.0 14578.0 0.4436822609411442 5 38 21.0 0.0 0.4436822609411442 0
19 ec.gp.GPIndividual@287021691{1841175454} 0.0 78979.0 10861.0 0.268299419942915 5 38 21.0 0.0 0.268299419942915 0
19 ec.gp.GPIndividual@1693706676{-2073612325} 0.0 19 ec.gp.GPIndividual@287021691{1841175454} 0.0 79422.0 8160.0 0.028186274509803922 69284.0 8160.0 0.09455109097412663 5 38 21.0 0.0 5 35 21.0 0.0 0.028186274509803922 0
0.09455109097412663 0
19 ec.gp.GPIndividual@1623993991{-89453376} 0.0 68669.0 14578.0 0.41247084648099874 5 38 21.0 0.0 19 ec.gp.GPIndividual@287021691{1841175454} 0.0 0.41247084648099874 0
78980.0 12802.0 0.3791595063271364 5 38 21.0 0.0 0.3791595063271364 0
19 ec.gp.GPIndividual@287021691{1841175454} 0.0 79422.0 10087.0 0.1682363438088629 5 38 21.0 0.0 0.1682363438088629 0
19 ec.gp.GPIndividual@287021691{1841175454} 0.0 79422.0 8317.0 0.008777203318504269 5 38 21.0 0.0 0.008777203318504269 0
19 ec.gp.GPIndividual@112116484{699323627} 0.0 101188.0 10054.0 0.7179232146409389 3 5 21.0 0.0 0.7179232146409389 0
19 ec.gp.GPIndividual@1623993991{-89453376} 0.0 19 ec.gp.GPIndividual@112116484{699323627} 0.0 68059.0 10861.0 0.26756283951753984 5 38 21.0 0.0 101188.0 8387.0 0.6618576368188863 3 5 21.0 0.0 0.26756283951753984 0
0.6618576368188863 0
19 ec.gp.GPIndividual@1693706676{-2073612325} 0.0 69526.0 14578.0 0.3536836328714501 19 ec.gp.GPIndividual@112116484{699323627} 5 35 21.0 0.0 0.0 0.3536836328714501 0
101188.0 14578.0 0.805460282617643 3 5 21.0 0.0 0.805460282617643 0
19 ec.gp.GPIndividual@112116484{699323627} 0.0 101188.0 10861.0 0.7388822392044931 3 5 21.0 0.0 0.7388822392044931 0
19 ec.gp.GPIndividual@112116484{699323627} 0.0 101188.0 8160.0 0.6524509803921569 3 5 21.0 0.0 0.6524509803921569 0
19 ec.gp.GPIndividual@112116484{699323627} 0.0 101188.0 12802.0 0.7784721137322294 3 5 21.0 0.0 0.7784721137322294 0
19 ec.gp.GPIndividual@112116484{699323627} 0.0 19 ec.gp.GPIndividual@1623993991{-89453376} 0.0 101188.0 10087.0 0.7188460394567264 3 5 21.0 0.0 0.7188460394567264 0
68440.0 8160.0 0.021568627450980392 5 38 21.0 0.0 19 ec.gp.GPIndividual@112116484{699323627} 0.0 0.021568627450980392 0
101188.0 8317.0 0.6590116628592041 3 5 21.0 0.0 0.6590116628592041 0
19 ec.gp.GPIndividual@1693706676{-2073612325} 0.0 69261.0 10861.0 0.15689163060491668 5 35 21.0 0.0 0.15689163060491668 0
19 ec.gp.GPIndividual@1623993991{-89453376} 0.0 68193.0 12802.0 0.3681456022496485 5 38 21.0 0.0 0.3681456022496485 0
19 ec.gp.GPIndividual@1623993991{-89453376} 0.0 68059.0 10087.0 0.21136115792604343 5 38 21.0 0.0 0.21136115792604343 0
19 ec.gp.GPIndividual@1693706676{-2073612325} 0.0 69253.0 8160.0 0.12120098039215686 5 35 21.0 0.0 0.12120098039215686 0
19 ec.gp.GPIndividual@1623993991{-89453376} 0.0 68440.0 8317.0 0.002284477576049056 5 38 21.0 0.0 0.002284477576049056 0
19 ec.gp.GPIndividual@1693706676{-2073612325} 0.0 69372.0 12802.0 0.27605061709107953 5 35 21.0 0.0 0.27605061709107953 0
19 ec.gp.GPIndividual@1841339436{-1792345467} 0.0 57261.0 10054.0 0.19584245076586435 5 45 21.0 0.0 0.19584245076586435 0
19 ec.gp.GPIndividual@1693706676{-2073612325} 0.0 69261.0 10087.0 0.09219787845742045 5 35 21.0 0.0 0.09219787845742045 0
19 ec.gp.GPIndividual@1841339436{-1792345467} 0.0 57261.0 8387.0 0.03600810778585907 5 45 21.0 0.0 0.03600810778585907 0
19 ec.gp.GPIndividual@1693706676{-2073612325} 0.0 69253.0 8317.0 0.1000360706985692 5 35 21.0 0.0 0.1000360706985692 0
19 ec.gp.GPIndividual@1665932376{-1586450338} 0.0 69883.0 10054.0 0.02735229759299781 5 30 21.0 0.0 0.02735229759299781 0
19 ec.gp.GPIndividual@1841339436{-1792345467} 0.0 57925.0 14578.0 0.3998490876663465 5 45 21.0 0.0 0.3998490876663465 0
19 ec.gp.GPIndividual@1665932376{-1586450338} 0.0 69957.0 8387.0 0.17479432454989866 5 30 21.0 0.0 0.17479432454989866 0
19 ec.gp.GPIndividual@1665932376{-1586450338} 0.0 70209.0 14578.0 0.3068322129235835 5 30 21.0 0.0 0.3068322129235835 0
19 ec.gp.GPIndividual@1841339436{-1792345467} 0.0 19 ec.gp.GPIndividual@1665932376{-1586450338} 0.0 57262.0 10861.0 0.255501335052021 5 45 21.0 0.0 69752.0 10861.0 0.11168400699751405 5 30 21.0 0.0 0.255501335052021 0
0.11168400699751405 0
19 ec.gp.GPIndividual@1665932376{-1586450338} 0.0 70150.0 8160.0 0.23112745098039217 5 30 21.0 0.0 0.23112745098039217 0
19 ec.gp.GPIndividual@1665932376{-1586450338} 0.0 69835.0 12802.0 0.2398843930635838 5 30 21.0 0.0 0.2398843930635838 0
19 ec.gp.GPIndividual@1841339436{-1792345467} 0.0 57260.0 8160.0 0.009313725490196078 5 45 21.0 0.0 0.009313725490196078 0
19 ec.gp.GPIndividual@1665932376{-1586450338} 0.0 69752.0 10087.0 0.043521364132051155 5 30 21.0 0.0 0.043521364132051155 0
19 ec.gp.GPIndividual@1665932376{-1586450338} 0.0 70150.0 8317.0 0.2078874594204641 5 30 21.0 0.0 0.2078874594204641 0
19 ec.gp.GPIndividual@1841339436{-1792345467} 0.0 58793.0 12802.0 0.2487892516794251 5 45 21.0 0.0 0.2487892516794251 0
19 ec.gp.GPIndividual@1841339436{-1792345467} 0.0 57262.0 10087.0 0.19837414493903044 5 45 21.0 0.0 0.19837414493903044 0
19 ec.gp.GPIndividual@1841339436{-1792345467} 0.0 57260.0 8317.0 0.02801490922207527 5 45 21.0 0.0 0.02801490922207527 0
19 ec.gp.GPIndividual@365965251{71663989} 0.0 99798.0 10054.0 0.8561766461110006 2 3 21.0 0.0 0.8561766461110006 0
19 ec.gp.GPIndividual@365965251{71663989} 0.0 99798.0 8387.0 0.8275903183498271 2 3 21.0 0.0 0.8275903183498271 0
19 ec.gp.GPIndividual@365965251{71663989} 0.0 99972.0 14578.0 0.8888736452188228 2 3 21.0 0.0 0.8888736452188228 0
19 ec.gp.GPIndividual@365965251{71663989} 0.0 99798.0 10861.0 0.8668630881134334 2 3 21.0 0.0 0.8668630881134334 0
19 ec.gp.GPIndividual@365965251{71663989} 0.0 99798.0 8160.0 0.8227941176470588 2 3 21.0 0.0 0.8227941176470588 0
19 ec.gp.GPIndividual@365965251{71663989} 0.0 99798.0 12802.0 0.8870488986095922 2 3 21.0 0.0 0.8870488986095922 0
19 ec.gp.GPIndividual@365965251{71663989} 0.0 99798.0 10087.0 0.8566471696242689 2 3 21.0 0.0 0.8566471696242689 0
19 ec.gp.GPIndividual@365965251{71663989} 0.0 99798.0 8317.0 0.8261392328964771 2 3 21.0 0.0 0.8261392328964771 0
19 ec.gp.GPIndividual@1038112841{337070935} 3.0 13063.0 10054.0 0.29928386711756516 5 33 21.0 0.0 0.29928386711756516 0
19 ec.gp.GPIndividual@546386308{-1586642994} 2.0 18390.0 10054.0 0.8291227372190173 5 37 21.0 0.0 0.8291227372190173 0
19 ec.gp.GPIndividual@546386308{-1586642994} 1.0 18390.0 8387.0 1.1926791462978419 5 37 21.0 0.0 1.1926791462978419 0
19 ec.gp.GPIndividual@1038112841{337070935} 4.0 10936.0 8387.0 0.3039227375700489 5 33 21.0 0.0 0.3039227375700489 0
19 ec.gp.GPIndividual@546386308{-1586642994} 1.0 18619.0 14578.0 0.2771985183152696 5 37 21.0 0.0 0.2771985183152696 0
19 ec.gp.GPIndividual@546386308{-1586642994} 1.0 18390.0 10861.0 0.6932142528312311 5 37 21.0 0.0 0.6932142528312311 0
19 ec.gp.GPIndividual@1038112841{337070935} 3.0 16215.0 14578.0 0.1122924955412265 5 33 21.0 0.0 0.1122924955412265 0
19 ec.gp.GPIndividual@546386308{-1586642994} 2.0 18390.0 8160.0 1.2536764705882353 5 37 21.0 0.0 1.2536764705882353 0
19 ec.gp.GPIndividual@1038112841{337070935} 2.0 13303.0 10861.0 0.22484117484577848 5 33 21.0 0.0 0.22484117484577848 0
19 ec.gp.GPIndividual@546386308{-1586642994} 2.0 18424.0 12802.0 0.4391501327917513 5 37 21.0 0.0 0.4391501327917513 0
19 ec.gp.GPIndividual@1038112841{337070935} 2.0 13466.0 8160.0 0.6502450980392157 5 33 21.0 0.0 0.6502450980392157 0
19 ec.gp.GPIndividual@546386308{-1586642994} 2.0 18390.0 10087.0 0.823138693367701 5 37 21.0 0.0 0.823138693367701 0
19 ec.gp.GPIndividual@546386308{-1586642994} 2.0 18390.0 8317.0 1.2111338222916916 5 37 21.0 0.0 1.2111338222916916 0
19 ec.gp.GPIndividual@1322825622{-38386157} 0.0 96170.0 10054.0 0.6735627610901134 5 20 21.0 0.0 0.6735627610901134 0
19 ec.gp.GPIndividual@1038112841{337070935} 2.0 15419.0 12802.0 0.20442118418997032 5 33 21.0 0.0 19 ec.gp.GPIndividual@1322825622{-38386157} 0.0 0.20442118418997032 0
96170.0 8387.0 0.6086801001550017 5 20 21.0 0.0 0.6086801001550017 0
19 ec.gp.GPIndividual@1322825622{-38386157} 0.0 96170.0 14578.0 0.7748662367951709 5 20 21.0 0.0 0.7748662367951709 0
19 ec.gp.GPIndividual@1322825622{-38386157} 0.0 96170.0 10861.0 0.697817880489826 5 20 21.0 0.0 0.697817880489826 0
19 ec.gp.GPIndividual@1322825622{-38386157} 0.0 96170.0 8160.0 0.5977941176470588 5 20 21.0 0.0 0.5977941176470588 0
19 ec.gp.GPIndividual@1322825622{-38386157} 0.0 96170.0 12802.0 0.7436338072176223 5 20 21.0 0.0 0.7436338072176223 0
19 ec.gp.GPIndividual@1322825622{-38386157} 0.0 96170.0 10087.0 0.6746307127986517 5 20 21.0 0.0 0.6746307127986517 0
19 ec.gp.GPIndividual@1322825622{-38386157} 0.0 96170.0 8317.0 0.6053865576529999 5 20 21.0 0.0 0.6053865576529999 0
19 ec.gp.GPIndividual@891111856{-828198749} 0.0 58251.0 10054.0 0.09737417943107221 5 44 21.0 0.0 0.09737417943107221 0
19 ec.gp.GPIndividual@891111856{-828198749} 0.0 58251.0 8387.0 0.08203171575056635 5 44 21.0 0.0 0.08203171575056635 0
19 ec.gp.GPIndividual@891111856{-828198749} 0.0 60039.0 14578.0 0.25483605432844014 5 44 21.0 0.0 0.25483605432844014 0
19 ec.gp.GPIndividual@891111856{-828198749} 0.0 58263.0 10861.0 0.16333670932694963 5 44 21.0 0.0 0.16333670932694963 0
19 ec.gp.GPIndividual@891111856{-828198749} 0.0 58249.0 8160.0 0.11188725490196079 5 44 21.0 0.0 0.11188725490196079 0
19 ec.gp.GPIndividual@891111856{-828198749} 0.0 59362.0 12802.0 0.20434307139509453 5 44 21.0 0.0 0.20434307139509453 0
19 ec.gp.GPIndividual@891111856{-828198749} 0.0 58263.0 10087.0 0.0991375037176564 5 44 21.0 0.0 0.0991375037176564 0
19 ec.gp.GPIndividual@891111856{-828198749} 0.0 58249.0 8317.0 0.09089816039437297 5 44 21.0 0.0 0.09089816039437297 0
19 ec.gp.GPIndividual@1038112841{337070935} 2.0 12821.0 10087.0 0.27104193516407254 5 33 21.0 0.0 0.27104193516407254 0
19 ec.gp.GPIndividual@1038112841{337070935} 4.0 10686.0 8317.0 0.2848382830347481 5 33 21.0 0.0 0.2848382830347481 0
19 ec.gp.GPIndividual@110918858{-59457886} 0.0 58251.0 10054.0 0.09737417943107221 5 44 21.0 0.0 0.09737417943107221 0
19 ec.gp.GPIndividual@110918858{-59457886} 0.0 58251.0 8387.0 0.08203171575056635 5 44 21.0 0.0 0.08203171575056635 0
19 ec.gp.GPIndividual@110918858{-59457886} 0.0 60039.0 14578.0 0.25483605432844014 5 44 21.0 0.0 0.25483605432844014 0
19 ec.gp.GPIndividual@110918858{-59457886} 0.0 58263.0 10861.0 0.16333670932694963 5 44 21.0 0.0 0.16333670932694963 0
19 ec.gp.GPIndividual@110918858{-59457886} 0.0 58249.0 8160.0 0.11188725490196079 5 44 21.0 0.0 0.11188725490196079 0
19 ec.gp.GPIndividual@110918858{-59457886} 0.0 59362.0 12802.0 0.20434307139509453 5 44 21.0 0.0 0.20434307139509453 0
19 ec.gp.GPIndividual@110918858{-59457886} 0.0 58263.0 10087.0 0.0991375037176564 5 44 21.0 0.0 0.0991375037176564 0
19 ec.gp.GPIndividual@110918858{-59457886} 0.0 58249.0 8317.0 0.09089816039437297 5 44 21.0 0.0 0.09089816039437297 0
19 ec.gp.GPIndividual@1502362047{1166297535} 0.0 60122.0 10054.0 0.08872090710165108 5 31 21.0 0.0 0.08872090710165108 0
19 ec.gp.GPIndividual@1502362047{1166297535} 0.0 60196.0 8387.0 0.3139382377488971 5 31 21.0 0.0 0.3139382377488971 0
19 ec.gp.GPIndividual@1502362047{1166297535} 0.0 60038.0 14578.0 0.25490465084373715 5 31 21.0 0.0 0.25490465084373715 0
19 ec.gp.GPIndividual@1502362047{1166297535} 0.0 59761.0 10861.0 0.02541202467544425 5 31 21.0 0.0 0.02541202467544425 0
19 ec.gp.GPIndividual@1502362047{1166297535} 0.0 60121.0 8160.0 0.34129901960784315 5 31 21.0 0.0 0.34129901960784315 0
19 ec.gp.GPIndividual@1502362047{1166297535} 0.0 60026.0 12802.0 0.15247617559756288 5 31 21.0 0.0 0.15247617559756288 0
19 ec.gp.GPIndividual@1502362047{1166297535} 0.0 59761.0 10087.0 0.04937047685139288 5 31 21.0 0.0 0.04937047685139288 0
19 ec.gp.GPIndividual@1502362047{1166297535} 0.0 60121.0 8317.0 0.31597931946615365 5 31 21.0 0.0 0.31597931946615365 0
20 ec.gp.GPIndividual@182765033{976037342} 0.0 99026.0 10054.0 0.9329620051720708 2 3 21.0 0.0 0.9329620051720708 0
20 ec.gp.GPIndividual@182765033{976037342} 0.0 99026.0 8387.0 0.9196375342792417 2 3 21.0 0.0 0.9196375342792417 0
20 ec.gp.GPIndividual@182765033{976037342} 0.0 99026.0 14578.0 0.9537659486898066 2 3 21.0 0.0 0.9537659486898066 0
20 ec.gp.GPIndividual@909131159{622199864} 20 ec.gp.GPIndividual@182765033{976037342} 0.0 0.0 20 ec.gp.GPIndividual@1807158112{1179120554} 75154.0 10861.0 0.046548637358265366 99026.0 10861.0 0.9379430991621398 0.0 5 25 21.0 0.0 2 3 21.0 0.0 0.046548637358265366 0
20 ec.gp.GPIndividual@1644651219{-1019144040} 0.0 20 ec.gp.GPIndividual@722730282{1593725953} 64425.0 10054.0 0.02675552019096877 0.0 5 33 21.0 0.0 64425.0 10054.0 0.02675552019096877 0.02675552019096877 0
20 ec.gp.GPIndividual@909131159{622199864} 0.0 69341.0 10054.0 0.08126118957628804 75154.0 8387.0 0.14295934183855968 5 34 21.0 0.0 0.9379430991621398 0
20 ec.gp.GPIndividual@370176516{518799908} 0.0 5 25 21.0 0.0 20 ec.gp.GPIndividual@182765033{976037342} 64872.0 10054.0 0.017704396260194946 0.14295934183855968 0
0.08126118957628804 0
5 38 21.0 0.0 0.02675552019096877 0
0.0 99026.0 14578.0 0.9174019607843137 5 38 21.0 0.0 2 3 21.0 0.0 0.017704396260194946 0
20 ec.gp.GPIndividual@909131159{622199864} 20 ec.gp.GPIndividual@1807158112{1179120554} 0.0 0.0 69341.0 8387.0 0.10134732323834506 74724.0 8387.0 0.37193030594045823 20 ec.gp.GPIndividual@1644651219{-1019144040} 5 34 21.0 0.0 5 25 21.0 0.0 0.10134732323834506 0
0.9174019607843137 0
0.0 20 ec.gp.GPIndividual@722730282{1593725953} 20 ec.gp.GPIndividual@182765033{976037342} 0.0 64499.0 12802.0 0.17550971741981639 0.0 5 33 21.0 0.0 64499.0 12802.0 0.17550971741981639 0.17550971741981639 0
20 ec.gp.GPIndividual@1807158112{1179120554} 0.0 68875.0 14578.0 0.39833996432981206 5 34 21.0 0.0 0.39833996432981206 0
20 ec.gp.GPIndividual@1807158112{1179120554} 0.0 68672.0 10861.0 0.21112236442316545 5 34 21.0 0.0 0.21112236442316545 0
20 ec.gp.GPIndividual@370176516{518799908} 0.0 0.37193030594045823 0
20 ec.gp.GPIndividual@1644651219{-1019144040} 0.0 64872.0 14578.0 0.2199833074997019 64759.0 14578.0 0.30587186170942515 5 38 21.0 0.0 0.2199833074997019 0
99026.0 12802.0 0.9473519762537104 20 ec.gp.GPIndividual@1807158112{1179120554} 2 3 21.0 0.0 0.0 0.9473519762537104 0
5 38 21.0 0.0 0.17550971741981639 0
20 ec.gp.GPIndividual@182765033{976037342} 0.0 20 ec.gp.GPIndividual@909131159{622199864} 99026.0 10087.0 0.9331813224942996 2 3 21.0 0.0 0.9331813224942996 0
69341.0 8160.0 0.13198529411764706 5 34 21.0 0.0 20 ec.gp.GPIndividual@182765033{976037342} 5 33 21.0 0.0 0.13198529411764706 0
0.0 74711.0 8317.0 0.15818064634932327 0.30587186170942515 0
0.0 5 25 21.0 0.0 99026.0 8317.0 0.9189611638812072 0.15818064634932327 0
2 3 21.0 0.0 20 ec.gp.GPIndividual@722730282{1593725953} 0.0 0.9189611638812072 0
20 ec.gp.GPIndividual@1807158112{1179120554} 0.0 68685.0 12802.0 0.32971410717075456 64759.0 14578.0 0.30587186170942515 5 34 21.0 0.0 5 38 21.0 0.0 0.32971410717075456 0
20 ec.gp.GPIndividual@909131159{622199864} 0.0 75154.0 8160.0 0.1747549019607843 20 ec.gp.GPIndividual@370176516{518799908} 5 25 21.0 0.0 0.0 0.30587186170942515 0
0.1747549019607843 0
20 ec.gp.GPIndividual@1644651219{-1019144040} 0.0 65260.0 8160.0 0.2715050075456167 64302.0 10861.0 0.11039499125310745 5 38 21.0 0.0 5 33 21.0 0.0 0.2715050075456167 0
20 ec.gp.GPIndividual@1807158112{1179120554} 0.0 20 ec.gp.GPIndividual@909131159{622199864} 0.11039499125310745 0
69115.0 12802.0 0.10667195400019827 5 34 21.0 0.0 0.10667195400019827 0
0.0 74712.0 12802.0 0.2857366036556788 5 25 21.0 0.0 0.2857366036556788 0
20 ec.gp.GPIndividual@722730282{1593725953} 0.0 64302.0 10861.0 0.11039499125310745 5 38 21.0 0.0 0.11039499125310745 0
20 ec.gp.GPIndividual@909131159{622199864} 0.0 20 ec.gp.GPIndividual@1807158112{1179120554} 75154.0 10087.0 0.049667889362545854 0.0 5 25 21.0 0.0 0.049667889362545854 0
69341.0 8317.0 0.11061680894553325 5 34 21.0 0.0 0.11061680894553325 0
20 ec.gp.GPIndividual@1291361799{-1614747087} 0.0 20 ec.gp.GPIndividual@1644651219{-1019144040} 68723.0 10054.0 0.1427292619852795 0.0 5 29 21.0 0.0 63755.0 10054.0 0.1170343137254902 0.1427292619852795 0
20 ec.gp.GPIndividual@909131159{622199864} 0.0 5 33 21.0 0.0 75154.0 8317.0 0.1525790549476975 20 ec.gp.GPIndividual@722730282{1593725953} 0.1170343137254902 0
0.0 5 25 21.0 0.0 20 ec.gp.GPIndividual@370176516{518799908} 63755.0 10861.0 0.1170343137254902 20 ec.gp.GPIndividual@1779349639{1725669902} 0.1525790549476975 0
5 38 21.0 0.0 0.1170343137254902 0
0.0 0.0 64873.0 10054.0 0.05782156339195286 5 38 21.0 0.0 70411.0 10054.0 0.02516411378555799 0.05782156339195286 0
5 27 21.0 0.0 0.02516411378555799 0
20 ec.gp.GPIndividual@1644651219{-1019144040} 0.0 64747.0 12802.0 0.21051398219028278 5 33 21.0 0.0 0.21051398219028278 0
20 ec.gp.GPIndividual@722730282{1593725953} 0.0 20 ec.gp.GPIndividual@1779349639{1725669902} 64747.0 8387.0 0.21051398219028278 0.0 5 38 21.0 0.0 0.21051398219028278 0
70590.0 8387.0 0.2502682723262191 5 27 21.0 0.0 0.2502682723262191 0
20 ec.gp.GPIndividual@1291361799{-1614747087} 0.0 68925.0 8387.0 0.05174675092404912 5 29 21.0 0.0 0.05174675092404912 0
20 ec.gp.GPIndividual@1644651219{-1019144040} 0.0 64302.0 10087.0 0.042133439080003963 5 33 21.0 0.0 0.042133439080003963 0
20 ec.gp.GPIndividual@1779349639{1725669902} 20 ec.gp.GPIndividual@528754628{-651924512} 20 ec.gp.GPIndividual@370176516{518799908} 0.0 0.0 70786.0 8160.0 0.26725202359720124 0.0 5 27 21.0 0.0 20 ec.gp.GPIndividual@722730282{1593725953} 64871.0 8160.0 0.2537990196078431 0.0 5 38 21.0 0.0 0.26725202359720124 0
64302.0 10087.0 0.042133439080003963 0.2537990196078431 0
58251.0 10087.0 0.09737417943107221 5 34 21.0 0.0 5 38 21.0 0.0 0.09737417943107221 0
20 ec.gp.GPIndividual@1644651219{-1019144040} 0.0 0.042133439080003963 0
63755.0 8317.0 0.09594805819406035 5 33 21.0 0.0 20 ec.gp.GPIndividual@1779349639{1725669902} 0.09594805819406035 0
0.0 70411.0 10861.0 0.0510081944572323 5 27 21.0 0.0 0.0510081944572323 0
20 ec.gp.GPIndividual@1291361799{-1614747087} 0.0 69846.0 14578.0 0.3317327479764028 5 29 21.0 0.0 0.3317327479764028 0
20 ec.gp.GPIndividual@722730282{1593725953} 0.0 63755.0 8317.0 0.09594805819406035 5 38 21.0 0.0 0.09594805819406035 0
20 ec.gp.GPIndividual@1779349639{1725669902} 0.0 70590.0 8160.0 0.2850490196078431 20 ec.gp.GPIndividual@1120233054{1793440882} 5 27 21.0 0.0 0.0 0.2850490196078431 0
64425.0 10054.0 0.02675552019096877 5 33 21.0 0.0 0.02675552019096877 0
20 ec.gp.GPIndividual@370176516{518799908} 0.0 64906.0 12802.0 0.19809404780503045 5 38 21.0 0.0 0.19809404780503045 0
20 ec.gp.GPIndividual@1779349639{1725669902} 0.0 70412.0 12802.0 0.19481331042024683 5 27 21.0 0.0 0.19481331042024683 0
20 ec.gp.GPIndividual@296439536{1793440882} 20 ec.gp.GPIndividual@528754628{-651924512} 0.0 0.0 64425.0 8387.0 0.02675552019096877 58251.0 8387.0 0.08203171575056635 5 33 21.0 0.0 5 34 21.0 0.0 0.02675552019096877 0
0.08203171575056635 0
20 ec.gp.GPIndividual@1120233054{1793440882} 0.0 64499.0 8387.0 0.17550971741981639 5 33 21.0 0.0 0.17550971741981639 0
20 ec.gp.GPIndividual@1779349639{1725669902} 0.0 70411.0 10087.0 0.021810250817884406 5 27 21.0 0.0 0.021810250817884406 0
20 ec.gp.GPIndividual@1291361799{-1614747087} 0.0 68276.0 10861.0 0.24758309547923765 5 29 21.0 0.0 0.24758309547923765 0
20 ec.gp.GPIndividual@296439536{1793440882} 0.0 20 ec.gp.GPIndividual@1779349639{1725669902} 0.0 64499.0 8387.0 0.17550971741981639 5 33 21.0 0.0 70590.0 8317.0 0.26079115065528435 5 27 21.0 0.0 0.17550971741981639 0
0.26079115065528435 0
20 ec.gp.GPIndividual@1120233054{1793440882} 0.0 64759.0 14578.0 0.30587186170942515 20 ec.gp.GPIndividual@370176516{518799908} 5 33 21.0 0.0 0.0 0.30587186170942515 0
64873.0 14578.0 0.014474075542777833 5 38 21.0 0.0 0.014474075542777833 0
20 ec.gp.GPIndividual@296439536{1793440882} 0.0 64759.0 14578.0 0.30587186170942515 5 33 21.0 0.0 0.30587186170942515 0
20 ec.gp.GPIndividual@528754628{-651924512} 0.0 20 ec.gp.GPIndividual@63338518{-1486554348} 0.0 60039.0 10054.0 0.25483605432844014 5 34 21.0 0.0 60125.0 10054.0 0.0890192958026656 0.25483605432844014 0
20 ec.gp.GPIndividual@1120233054{1793440882} 0.0 64302.0 10861.0 0.11039499125310745 5 36 21.0 0.0 5 33 21.0 0.0 0.0890192958026656 0
0.11039499125310745 0
20 ec.gp.GPIndividual@1291361799{-1614747087} 0.0 68924.0 8160.0 0.08088235294117647 5 29 21.0 0.0 0.08088235294117647 0
20 ec.gp.GPIndividual@296439536{1793440882} 0.0 64302.0 10861.0 0.11039499125310745 5 33 21.0 0.0 0.11039499125310745 0
20 ec.gp.GPIndividual@370176516{518799908} 0.0 64871.0 8317.0 0.23013105687146806 5 38 21.0 0.0 0.23013105687146806 0
20 ec.gp.GPIndividual@63338518{-1486554348} 0.0 60199.0 8387.0 0.314295934183856 5 36 21.0 0.0 0.314295934183856 0
20 ec.gp.GPIndividual@1120233054{1793440882} 0.0 63755.0 8160.0 0.1170343137254902 5 33 21.0 0.0 0.1170343137254902 0
20 ec.gp.GPIndividual@296439536{1793440882} 0.0 63755.0 8160.0 0.1170343137254902 5 33 21.0 0.0 0.1170343137254902 0
20 ec.gp.GPIndividual@528754628{-651924512} 0.0 58263.0 10861.0 0.16333670932694963 5 34 21.0 0.0 0.16333670932694963 0
20 ec.gp.GPIndividual@697123487{1479783027} 0.0 65583.0 10054.0 0.08842251840063656 5 33 21.0 0.0 0.08842251840063656 0
20 ec.gp.GPIndividual@63338518{-1486554348} 0.0 20 ec.gp.GPIndividual@1291361799{-1614747087} 20 ec.gp.GPIndividual@1120233054{1793440882} 60413.0 14578.0 0.22918095760735355 0.0 5 36 21.0 0.0 64747.0 12802.0 0.21051398219028278 5 33 21.0 0.0 0.21051398219028278 0
0.0 69169.0 12802.0 0.29190751445086704 5 29 21.0 0.0 0.22918095760735355 0
20 ec.gp.GPIndividual@296439536{1793440882} 0.0 0.29190751445086704 0
64747.0 12802.0 0.21051398219028278 5 33 21.0 0.0 0.21051398219028278 0
20 ec.gp.GPIndividual@697123487{1479783027} 0.0 65657.0 8387.0 0.31358054131393825 5 33 21.0 0.0 0.31358054131393825 0
20 ec.gp.GPIndividual@1120233054{1793440882} 0.0 64302.0 10087.0 0.042133439080003963 5 33 21.0 0.0 0.042133439080003963 0
20 ec.gp.GPIndividual@63338518{-1486554348} 0.0 59956.0 10861.0 0.007457876806923856 5 36 21.0 0.0 0.007457876806923856 0
20 ec.gp.GPIndividual@296439536{1793440882} 0.0 64302.0 10087.0 0.042133439080003963 5 33 21.0 0.0 0.042133439080003963 0
20 ec.gp.GPIndividual@528754628{-651924512} 0.0 58249.0 8160.0 0.11188725490196079 5 34 21.0 0.0 0.11188725490196079 0
20 ec.gp.GPIndividual@697123487{1479783027} 0.0 65501.0 14578.0 0.25497324735903415 5 33 21.0 0.0 0.25497324735903415 0
20 ec.gp.GPIndividual@1120233054{1793440882} 0.0 63755.0 8317.0 0.09594805819406035 5 33 21.0 0.0 0.09594805819406035 0
20 ec.gp.GPIndividual@63338518{-1486554348} 0.0 59409.0 8160.0 0.2540441176470588 5 36 21.0 0.0 0.2540441176470588 0
20 ec.gp.GPIndividual@296439536{1793440882} 0.0 20 ec.gp.GPIndividual@1291361799{-1614747087} 63755.0 8317.0 0.09594805819406035 0.0 5 33 21.0 0.0 0.09594805819406035 0
68276.0 8317.0 0.18984831961931198 5 29 21.0 0.0 0.18984831961931198 0
20 ec.gp.GPIndividual@1546569468{540167701} 0.0 105260.0 10054.0 0.8563755719116769 1 1 21.0 0.0 0.8563755719116769 0
20 ec.gp.GPIndividual@697123487{1479783027} 0.0 20 ec.gp.GPIndividual@1546569468{540167701} 65428.0 10861.0 0.006721296381548661 0.0 5 33 21.0 0.0 105260.0 8387.0 0.8278287826397996 0.006721296381548661 0
1 1 21.0 0.0 0.8278287826397996 0
20 ec.gp.GPIndividual@63338518{-1486554348} 0.0 20 ec.gp.GPIndividual@1546569468{540167701} 60401.0 12802.0 0.12318387751913763 0.0 5 36 21.0 0.0 105260.0 14578.0 0.9009466319110989 0.12318387751913763 0
20 ec.gp.GPIndividual@528754628{-651924512} 0.0 1 1 21.0 0.0 59362.0 12802.0 0.20434307139509453 5 34 21.0 0.0 0.9009466319110989 0
0.20434307139509453 0
20 ec.gp.GPIndividual@1546569468{540167701} 0.0 105260.0 10861.0 0.8670472332197772 1 1 21.0 0.0 0.8670472332197772 0
20 ec.gp.GPIndividual@697123487{1479783027} 0.0 65582.0 8160.0 0.3409313725490196 5 33 21.0 0.0 20 ec.gp.GPIndividual@623325532{199118305} 20 ec.gp.GPIndividual@1546569468{540167701} 0.0 0.3409313725490196 0
74183.0 8160.0 0.1431271135866322 5 36 21.0 0.0 0.0 0.1431271135866322 0
20 ec.gp.GPIndividual@63338518{-1486554348} 0.0 105260.0 8160.0 0.8230392156862745 59956.0 10087.0 0.06870229007633588 1 1 21.0 0.0 5 36 21.0 0.0 0.8230392156862745 0
20 ec.gp.GPIndividual@1291361799{-1614747087} 0.0 68924.0 8317.0 0.06047853793435133 0.06870229007633588 0
20 ec.gp.GPIndividual@1546569468{540167701} 0.0 105260.0 12802.0 0.8872051241993438 5 29 21.0 0.0 1 1 21.0 0.0 0.8872051241993438 0
0.06047853793435133 0
20 ec.gp.GPIndividual@1546569468{540167701} 0.0 105260.0 10087.0 0.8568454446317042 1 1 21.0 0.0 0.8568454446317042 0
20 ec.gp.GPIndividual@697123487{1479783027} 0.0 65489.0 12802.0 0.15255428839243868 20 ec.gp.GPIndividual@1546569468{540167701} 5 33 21.0 0.0 0.0 0.15255428839243868 0
105260.0 8317.0 0.8263797042202717 1 1 21.0 0.0 0.8263797042202717 0
20 ec.gp.GPIndividual@528754628{-651924512} 0.0 58263.0 10087.0 0.0991375037176564 20 ec.gp.GPIndividual@63338518{-1486554348} 5 34 21.0 0.0 0.0 0.0991375037176564 0
20 ec.gp.GPIndividual@368481895{-1912065257} 0.0 59409.0 10087.0 0.23037152819526271 68057.0 10054.0 0.2089715536105033 5 36 21.0 0.0 5 21 21.0 0.0 0.23037152819526271 0
0.2089715536105033 0
20 ec.gp.GPIndividual@623325532{199118305} 0.0 74183.0 8387.0 0.02718492905687373 5 36 21.0 0.0 20 ec.gp.GPIndividual@697123487{1479783027} 0.02718492905687373 0
0.0 65428.0 10087.0 0.06949539010607712 5 33 21.0 0.0 0.06949539010607712 0
20 ec.gp.GPIndividual@402448794{-2075959672} 0.0 64425.0 10054.0 0.02675552019096877 5 33 21.0 0.0 20 ec.gp.GPIndividual@368481895{-1912065257} 0.0 0.02675552019096877 0
68057.0 8387.0 0.05174675092404912 5 21 21.0 0.0 0.05174675092404912 0
20 ec.gp.GPIndividual@697123487{1479783027} 0.0 65582.0 8317.0 0.3156186124804617 5 33 21.0 0.0 0.3156186124804617 0
20 ec.gp.GPIndividual@528754628{-651924512} 0.0 58249.0 8317.0 0.09089816039437297 5 34 21.0 0.0 0.09089816039437297 0
20 ec.gp.GPIndividual@402448794{-2075959672} 20 ec.gp.GPIndividual@368481895{-1912065257} 0.0 0.0 64499.0 14578.0 0.17550971741981639 5 33 21.0 0.0 68686.0 14578.0 0.41130470572094935 0.17550971741981639 0
5 21 21.0 0.0 20 ec.gp.GPIndividual@623325532{199118305} 0.0 0.41130470572094935 0
73797.0 14578.0 0.43551927562079845 5 36 21.0 0.0 0.43551927562079845 0
20 ec.gp.GPIndividual@753440926{-1802578757} 0.0 58437.0 10054.0 0.07887407996817188 5 41 21.0 0.0 0.07887407996817188 0
20 ec.gp.GPIndividual@402448794{-2075959672} 0.0 64759.0 14578.0 0.30587186170942515 5 33 21.0 0.0 0.30587186170942515 0
20 ec.gp.GPIndividual@368481895{-1912065257} 0.0 68069.0 10861.0 0.26664211398582083 5 21 21.0 0.0 0.26664211398582083 0
20 ec.gp.GPIndividual@342575013{1189398216} 0.0 54091.0 10054.0 0.0323254426099065 5 41 21.0 0.0 0.0323254426099065 0
20 ec.gp.GPIndividual@1284637000{591703938} 0.0 66900.0 10054.0 0.32405012930177046 5 34 21.0 0.0 0.32405012930177046 0
20 ec.gp.GPIndividual@402448794{-2075959672} 0.0 64302.0 10861.0 0.11039499125310745 5 33 21.0 0.0 0.11039499125310745 0
20 ec.gp.GPIndividual@368481895{-1912065257} 0.0 68056.0 8160.0 0.025490196078431372 5 21 21.0 0.0 20 ec.gp.GPIndividual@623325532{199118305} 0.0 0.025490196078431372 0
73534.0 10861.0 0.26655004143264893 5 36 21.0 0.0 0.26655004143264893 0
20 ec.gp.GPIndividual@342575013{1189398216} 0.0 53920.0 8387.0 0.217121736020031 5 41 21.0 0.0 20 ec.gp.GPIndividual@402448794{-2075959672} 0.217121736020031 0
20 ec.gp.GPIndividual@368481895{-1912065257} 0.0 68674.0 12802.0 0.33057334791438836 5 21 21.0 0.0 0.0 0.33057334791438836 0
63755.0 12802.0 0.1170343137254902 5 33 21.0 0.0 0.1170343137254902 0
20 ec.gp.GPIndividual@368481895{-1912065257} 0.0 68069.0 10087.0 0.21036978288886685 5 21 21.0 0.0 0.21036978288886685 0
20 ec.gp.GPIndividual@1284637000{591703938} 20 ec.gp.GPIndividual@402448794{-2075959672} 0.0 0.0 64747.0 12802.0 0.21051398219028278 5 33 21.0 0.0 66900.0 12802.0 0.1896983426731847 5 34 21.0 0.0 0.21051398219028278 0
0.1896983426731847 0
20 ec.gp.GPIndividual@753440926{-1802578757} 0.0 58132.0 8387.0 0.06784309049719804 5 41 21.0 0.0 0.06784309049719804 0
20 ec.gp.GPIndividual@623325532{199118305} 20 ec.gp.GPIndividual@342575013{1189398216} 0.0 0.0 54766.0 14578.0 0.24173411990670873 73550.0 14578.0 0.021813725490196077 5 41 21.0 0.0 5 36 21.0 0.0 0.24173411990670873 0
20 ec.gp.GPIndividual@368481895{-1912065257} 0.0 68056.0 8317.0 0.043886016592521344 0.021813725490196077 0
5 21 21.0 0.0 0.043886016592521344 0
20 ec.gp.GPIndividual@402448794{-2075959672} 0.0 64302.0 10087.0 0.042133439080003963 5 33 21.0 0.0 0.042133439080003963 0
20 ec.gp.GPIndividual@183566890{-1206358060} 0.0 68757.0 10054.0 0.1393475233737816 5 31 21.0 0.0 0.1393475233737816 0
20 ec.gp.GPIndividual@402448794{-2075959672} 0.0 63755.0 8317.0 0.09594805819406035 5 33 21.0 0.0 0.09594805819406035 0
20 ec.gp.GPIndividual@183566890{-1206358060} 0.0 20 ec.gp.GPIndividual@1284637000{591703938} 20 ec.gp.GPIndividual@342575013{1189398216} 68655.0 8387.0 0.019554071777751283 0.0 0.0 5 31 21.0 0.0 67528.0 10861.0 0.4907394704349019 5 34 21.0 0.0 0.019554071777751283 0
54091.0 10861.0 0.04437897062885554 5 41 21.0 0.0 0.4907394704349019 0
20 ec.gp.GPIndividual@623325532{199118305} 0.0 74269.0 12802.0 0.3203405717856585 5 36 21.0 0.0 0.04437897062885554 0
0.3203405717856585 0
20 ec.gp.GPIndividual@183566890{-1206358060} 0.0 68443.0 14578.0 0.42797365893812594 5 31 21.0 0.0 0.42797365893812594 0
20 ec.gp.GPIndividual@1145246734{-1019144040} 0.0 64425.0 10054.0 0.02675552019096877 5 33 21.0 0.0 0.02675552019096877 0
20 ec.gp.GPIndividual@183566890{-1206358060} 0.0 68088.0 10861.0 0.26489273547555475 5 31 21.0 0.0 0.26489273547555475 0
20 ec.gp.GPIndividual@1145246734{-1019144040} 0.0 64499.0 8387.0 0.17550971741981639 5 33 21.0 0.0 0.17550971741981639 0
20 ec.gp.GPIndividual@183566890{-1206358060} 0.0 68395.0 8160.0 0.01605392156862745 20 ec.gp.GPIndividual@342575013{1189398216} 5 31 21.0 0.0 0.0 0.01605392156862745 0
20 ec.gp.GPIndividual@753440926{-1802578757} 0.0 58569.0 14578.0 0.3556729318150638 53920.0 8160.0 0.25098039215686274 5 41 21.0 0.0 5 41 21.0 0.0 0.3556729318150638 0
20 ec.gp.GPIndividual@623325532{199118305} 20 ec.gp.GPIndividual@1284637000{591703938} 0.0 0.0 0.25098039215686274 0
73534.0 10087.0 0.2102706453851492 20 ec.gp.GPIndividual@183566890{-1206358060} 0.0 5 36 21.0 0.0 0.2102706453851492 0
20 ec.gp.GPIndividual@1145246734{-1019144040} 0.0 64759.0 14578.0 0.30587186170942515 66912.0 10087.0 0.3731700580057085 5 33 21.0 0.0 0.30587186170942515 0
68522.0 12802.0 0.3424464927355101 5 31 21.0 0.0 5 34 21.0 0.0 0.3424464927355101 0
0.3731700580057085 0
20 ec.gp.GPIndividual@183566890{-1206358060} 0.0 68531.0 10087.0 0.1645682561713096 5 31 21.0 0.0 0.1645682561713096 0
20 ec.gp.GPIndividual@1145246734{-1019144040} 0.0 64302.0 10861.0 0.11039499125310745 5 33 21.0 0.0 0.11039499125310745 0
20 ec.gp.GPIndividual@183566890{-1206358060} 0.0 20 ec.gp.GPIndividual@342575013{1189398216} 0.0 68696.0 12802.0 0.033064807021762656 5 31 21.0 0.0 53771.0 12802.0 0.2142633963443212 5 41 21.0 0.0 0.033064807021762656 0
0.2142633963443212 0
20 ec.gp.GPIndividual@1145246734{-1019144040} 0.0 63755.0 8160.0 0.1170343137254902 5 33 21.0 0.0 0.1170343137254902 0
20 ec.gp.GPIndividual@623325532{199118305} 0.0 73550.0 8317.0 0.04027894673560178 5 36 21.0 0.0 0.04027894673560178 0
20 ec.gp.GPIndividual@647386384{-836554191} 0.0 20 ec.gp.GPIndividual@1284637000{591703938} 61237.0 8160.0 0.19962204097871494 0.0 5 35 21.0 0.0 66865.0 8160.0 0.17144607843137255 0.19962204097871494 0
5 34 21.0 0.0 20 ec.gp.GPIndividual@753440926{-1802578757} 0.0 0.17144607843137255 0
20 ec.gp.GPIndividual@1145246734{-1019144040} 0.0 64747.0 12802.0 0.21051398219028278 5 33 21.0 0.0 58437.0 10861.0 0.14731608507503913 0.21051398219028278 0
20 ec.gp.GPIndividual@1751927924{1062940949} 0.0 20 ec.gp.GPIndividual@342575013{1189398216} 64425.0 10054.0 0.02675552019096877 0.0 53555.0 10054.0 0.02418955090710816 5 35 21.0 0.0 5 41 21.0 0.0 5 41 21.0 0.0 0.02418955090710816 0
0.14731608507503913 0
0.02675552019096877 0
20 ec.gp.GPIndividual@647386384{-836554191} 0.0 61311.0 8387.0 0.4468820794086086 5 35 21.0 0.0 0.4468820794086086 0
20 ec.gp.GPIndividual@1145246734{-1019144040} 0.0 64302.0 10087.0 0.042133439080003963 5 33 21.0 0.0 0.042133439080003963 0
20 ec.gp.GPIndividual@1751927924{1062940949} 0.0 64499.0 8387.0 0.17550971741981639 5 35 21.0 0.0 0.17550971741981639 0
20 ec.gp.GPIndividual@1284637000{591703938} 20 ec.gp.GPIndividual@647386384{-836554191} 0.0 0.0 68554.0 14578.0 0.33994688329948447 60983.0 14578.0 0.1900809438880505 20 ec.gp.GPIndividual@342575013{1189398216} 5 35 21.0 0.0 0.0 0.1900809438880505 0
5 34 21.0 0.0 0.33994688329948447 0
53920.0 8317.0 0.22736563664782974 5 41 21.0 0.0 0.22736563664782974 0
20 ec.gp.GPIndividual@1751927924{1062940949} 0.0 64759.0 14578.0 0.30587186170942515 5 35 21.0 0.0 20 ec.gp.GPIndividual@1145246734{-1019144040} 0.30587186170942515 0
0.0 63755.0 14578.0 0.09594805819406035 5 33 21.0 0.0 0.09594805819406035 0
20 ec.gp.GPIndividual@647386384{-836554191} 0.0 61082.0 10861.0 0.09621581806463493 5 35 21.0 0.0 0.09621581806463493 0
20 ec.gp.GPIndividual@1751927924{1062940949} 0.0 64302.0 10861.0 0.11039499125310745 5 35 21.0 0.0 0.11039499125310745 0
20 ec.gp.GPIndividual@1528186497{33469702} 0.0 64425.0 10054.0 0.02675552019096877 5 33 21.0 0.0 0.02675552019096877 0
20 ec.gp.GPIndividual@647386384{-836554191} 0.0 61236.0 8160.0 0.47794117647058826 5 35 21.0 0.0 0.47794117647058826 0
20 ec.gp.GPIndividual@1284637000{591703938} 0.0 66912.0 10087.0 0.32507187469019533 5 34 21.0 0.0 0.32507187469019533 0
20 ec.gp.GPIndividual@1273285713{-336022672} 0.0 20 ec.gp.GPIndividual@753440926{-1802578757} 20 ec.gp.GPIndividual@1751927924{1062940949} 0.0 0.0 67070.0 8160.0 0.30714143624428086 63755.0 8160.0 0.1170343137254902 5 31 21.0 0.0 5 35 21.0 0.0 57478.0 8160.0 0.017401960784313726 0.1170343137254902 0
20 ec.gp.GPIndividual@1528186497{33469702} 0.0 0.30714143624428086 0
5 41 21.0 0.0 0.017401960784313726 0
64499.0 8387.0 0.17550971741981639 5 33 21.0 0.0 0.17550971741981639 0
20 ec.gp.GPIndividual@647386384{-836554191} 0.0 60971.0 12802.0 0.07865958443993126 5 35 21.0 0.0 0.07865958443993126 0
20 ec.gp.GPIndividual@1751927924{1062940949} 0.0 64747.0 12802.0 0.21051398219028278 5 35 21.0 0.0 0.21051398219028278 0
20 ec.gp.GPIndividual@1528186497{33469702} 0.0 64759.0 14578.0 0.30587186170942515 5 33 21.0 0.0 0.30587186170942515 0
20 ec.gp.GPIndividual@647386384{-836554191} 0.0 61082.0 10087.0 0.18033111926241696 5 35 21.0 0.0 0.18033111926241696 0
20 ec.gp.GPIndividual@1751927924{1062940949} 20 ec.gp.GPIndividual@1284637000{591703938} 0.0 0.0 64302.0 8317.0 0.042133439080003963 66895.0 8317.0 0.1834796200553084 5 35 21.0 0.0 5 34 21.0 0.0 0.042133439080003963 0
0.1834796200553084 0
20 ec.gp.GPIndividual@1273285713{-336022672} 0.0 67070.0 8387.0 0.16942887802551568 5 31 21.0 0.0 0.16942887802551568 0
20 ec.gp.GPIndividual@1528186497{33469702} 0.0 64302.0 10861.0 0.11039499125310745 5 33 21.0 0.0 0.11039499125310745 0
20 ec.gp.GPIndividual@647386384{-836554191} 0.0 61236.0 8317.0 0.45004208248166405 5 35 21.0 0.0 20 ec.gp.GPIndividual@1751927924{1062940949} 0.0 0.45004208248166405 0
20 ec.gp.GPIndividual@1961597092{398578550} 0.0 63755.0 8317.0 0.09594805819406035 60944.0 10054.0 0.17047941117963 5 35 21.0 0.0 5 37 21.0 0.0 0.09594805819406035 0
0.17047941117963 0
20 ec.gp.GPIndividual@824486480{-120802136} 0.0 89830.0 10054.0 0.7606922617863537 5 17 21.0 0.0 0.7606922617863537 0
20 ec.gp.GPIndividual@1528186497{33469702} 0.0 63755.0 8160.0 0.1170343137254902 5 33 21.0 0.0 0.1170343137254902 0
20 ec.gp.GPIndividual@824486480{-120802136} 0.0 89830.0 8387.0 0.7131274591629904 5 17 21.0 0.0 0.7131274591629904 0
20 ec.gp.GPIndividual@781647715{-1329192324} 0.0 64425.0 10054.0 0.02675552019096877 5 38 21.0 0.0 0.02675552019096877 0
20 ec.gp.GPIndividual@824486480{-120802136} 0.0 90156.0 14578.0 0.8125943202085334 20 ec.gp.GPIndividual@1961597092{398578550} 5 17 21.0 0.0 0.0 0.8125943202085334 0
61115.0 8387.0 0.4235125789912961 5 37 21.0 0.0 20 ec.gp.GPIndividual@753440926{-1802578757} 0.4235125789912961 0
20 ec.gp.GPIndividual@824486480{-120802136} 0.0 90014.0 10861.0 0.7615320872847804 5 17 21.0 0.0 0.0 0.7615320872847804 0
20 ec.gp.GPIndividual@1528186497{33469702} 0.0 20 ec.gp.GPIndividual@1273285713{-336022672} 64747.0 12802.0 0.21051398219028278 0.0 5 33 21.0 0.0 59163.0 10861.0 0.21988751757537886 0.21051398219028278 0
20 ec.gp.GPIndividual@824486480{-120802136} 0.0 89830.0 8160.0 0.7051470588235295 5 41 21.0 0.0 5 17 21.0 0.0 20 ec.gp.GPIndividual@781647715{-1329192324} 0.21988751757537886 0
67528.0 12802.0 0.4907394704349019 20 ec.gp.GPIndividual@1961597092{398578550} 0.0 5 31 21.0 0.0 60979.0 14578.0 0.19035532994923857 5 37 21.0 0.0 0.4907394704349019 0
0.0 64499.0 14578.0 0.17550971741981639 0.7051470588235295 0
5 38 21.0 0.0 0.17550971741981639 0
20 ec.gp.GPIndividual@1528186497{33469702} 0.19035532994923857 0
20 ec.gp.GPIndividual@824486480{-120802136} 0.0 90156.0 12802.0 0.7865958443993126 0.0 5 17 21.0 0.0 0.7865958443993126 0
64302.0 12802.0 0.042133439080003963 5 33 21.0 0.0 0.042133439080003963 0
20 ec.gp.GPIndividual@824486480{-120802136} 0.0 89830.0 10087.0 0.7614751660553187 5 17 21.0 0.0 0.7614751660553187 0
20 ec.gp.GPIndividual@781647715{-1329192324} 0.0 64759.0 14578.0 0.30587186170942515 5 38 21.0 0.0 0.30587186170942515 0
20 ec.gp.GPIndividual@824486480{-120802136} 0.0 89830.0 8317.0 0.7107129974750511 5 17 21.0 0.0 20 ec.gp.GPIndividual@1961597092{398578550} 0.7107129974750511 0
0.0 60603.0 8317.0 0.05211306509529509 5 37 21.0 0.0 0.05211306509529509 0
20 ec.gp.GPIndividual@1273285713{-336022672} 0.0 67071.0 10861.0 0.3585305220513765 5 31 21.0 0.0 20 ec.gp.GPIndividual@1528186497{33469702} 0.3585305220513765 0
0.0 63755.0 8317.0 0.09594805819406035 5 33 21.0 0.0 0.09594805819406035 0
20 ec.gp.GPIndividual@1961597092{398578550} 0.0 20 ec.gp.GPIndividual@781647715{-1329192324} 61115.0 8160.0 0.46311274509803924 0.0 5 37 21.0 0.0 64302.0 8160.0 0.11039499125310745 0.46311274509803924 0
5 38 21.0 0.0 0.11039499125310745 0
20 ec.gp.GPIndividual@753440926{-1802578757} 0.0 20 ec.gp.GPIndividual@1961597092{398578550} 0.0 57865.0 12802.0 0.13859423019728362 5 41 21.0 0.0 60605.0 12802.0 0.1072488673644743 20 ec.gp.GPIndividual@1488637372{-99154010} 0.13859423019728362 0
5 37 21.0 0.0 0.1072488673644743 0
20 ec.gp.GPIndividual@781647715{-1329192324} 20 ec.gp.GPIndividual@1273285713{-336022672} 0.0 0.0 63755.0 8160.0 0.1170343137254902 67070.0 8160.0 0.1463235294117647 0.0 5 31 21.0 0.0 5 38 21.0 0.0 0.1463235294117647 0
58251.0 8160.0 0.09737417943107221 5 43 21.0 0.0 0.1170343137254902 0
0.09737417943107221 0
20 ec.gp.GPIndividual@1961597092{398578550} 0.0 60810.0 10087.0 0.15336571825121442 5 37 21.0 0.0 0.15336571825121442 0
20 ec.gp.GPIndividual@781647715{-1329192324} 0.0 64747.0 12802.0 0.21051398219028278 5 38 21.0 0.0 0.21051398219028278 0
20 ec.gp.GPIndividual@1961597092{398578550} 0.0 61115.0 8317.0 0.4354935673920885 5 37 21.0 0.0 0.4354935673920885 0
20 ec.gp.GPIndividual@1273285713{-336022672} 0.0 68551.0 12802.0 0.34018122168411186 5 31 21.0 0.0 0.34018122168411186 0
20 ec.gp.GPIndividual@781647715{-1329192324} 0.0 64302.0 10087.0 0.042133439080003963 5 38 21.0 0.0 0.042133439080003963 0
20 ec.gp.GPIndividual@1644057711{1251853416} 0.0 64468.0 10054.0 0.022478615476427294 5 37 21.0 0.0 0.022478615476427294 0
20 ec.gp.GPIndividual@1488637372{-99154010} 0.0 58251.0 8387.0 0.08203171575056635 5 43 21.0 0.0 0.08203171575056635 0
20 ec.gp.GPIndividual@781647715{-1329192324} 0.0 63755.0 8317.0 0.09594805819406035 5 38 21.0 0.0 0.09594805819406035 0
20 ec.gp.GPIndividual@1644057711{1251853416} 0.0 64468.0 8387.0 0.17181352092524144 5 37 21.0 0.0 0.17181352092524144 0
20 ec.gp.GPIndividual@753440926{-1802578757} 0.0 20 ec.gp.GPIndividual@1273285713{-336022672} 0.0 67071.0 10087.0 0.3093090115990879 5 31 21.0 0.0 0.3093090115990879 0
57478.0 8317.0 0.0018035349284597811 5 41 21.0 0.0 0.0018035349284597811 0
20 ec.gp.GPIndividual@1644057711{1251853416} 0.0 64096.0 14578.0 0.35135135135135137 5 37 21.0 0.0 0.35135135135135137 0
20 ec.gp.GPIndividual@1488637372{-99154010} 0.0 60032.0 14578.0 0.2553162299355193 5 43 21.0 0.0 0.2553162299355193 0
20 ec.gp.GPIndividual@405195396{1508703144} 0.0 60021.0 10054.0 0.07867515416749553 5 34 21.0 0.0 0.07867515416749553 0
20 ec.gp.GPIndividual@1644057711{1251853416} 0.0 63918.0 10861.0 0.14575085167111684 5 37 21.0 0.0 0.14575085167111684 0
20 ec.gp.GPIndividual@405195396{1508703144} 0.0 60021.0 8387.0 0.29307261237629667 5 34 21.0 0.0 20 ec.gp.GPIndividual@1273285713{-336022672} 0.29307261237629667 0
0.0 67070.0 8317.0 0.1624383792232776 5 31 21.0 0.0 0.1624383792232776 0
20 ec.gp.GPIndividual@1644057711{1251853416} 0.0 64468.0 8160.0 0.20441176470588235 5 37 21.0 0.0 0.20441176470588235 0
20 ec.gp.GPIndividual@405195396{1508703144} 0.0 59907.0 14578.0 0.2638907943476471 5 34 21.0 0.0 0.2638907943476471 0
20 ec.gp.GPIndividual@1488637372{-99154010} 0.0 58255.0 10861.0 0.16407328975232482 5 43 21.0 0.0 0.16407328975232482 0
20 ec.gp.GPIndividual@405195396{1508703144} 0.0 60021.0 10861.0 0.0014731608507503914 5 34 21.0 0.0 20 ec.gp.GPIndividual@1644057711{1251853416} 0.0 63833.0 12802.0 0.28190907670676457 5 37 21.0 0.0 0.28190907670676457 0
0.0014731608507503914 0
20 ec.gp.GPIndividual@405195396{1508703144} 0.0 60021.0 8160.0 0.3290441176470588 5 34 21.0 0.0 0.3290441176470588 0
20 ec.gp.GPIndividual@1644057711{1251853416} 0.0 64242.0 10087.0 0.04808168930306335 5 37 21.0 0.0 0.04808168930306335 0
20 ec.gp.GPIndividual@405195396{1508703144} 0.0 59874.0 12802.0 0.16434932041868458 5 34 21.0 0.0 0.16434932041868458 0
20 ec.gp.GPIndividual@1488637372{-99154010} 0.0 58251.0 8160.0 0.11213235294117647 5 43 21.0 0.0 0.11213235294117647 0
20 ec.gp.GPIndividual@1644057711{1251853416} 0.0 64468.0 8317.0 0.18167608512684863 5 37 21.0 0.0 0.18167608512684863 0
20 ec.gp.GPIndividual@405195396{1508703144} 0.0 60021.0 10087.0 0.07514622781798354 5 34 21.0 0.0 0.07514622781798354 0
20 ec.gp.GPIndividual@405195396{1508703144} 0.0 60021.0 8317.0 0.30395575327642177 5 34 21.0 0.0 0.30395575327642177 0
20 ec.gp.GPIndividual@1404165054{747358088} 0.0 74186.0 10054.0 0.14282872488561765 5 25 21.0 0.0 0.14282872488561765 0
20 ec.gp.GPIndividual@1404165054{747358088} 0.0 74186.0 8387.0 0.027542625491832597 5 25 21.0 0.0 0.027542625491832597 0
20 ec.gp.GPIndividual@581204853{-1770260584} 0.0 79013.0 10054.0 0.2061865924010344 20 ec.gp.GPIndividual@1488637372{-99154010} 5 19 21.0 0.0 0.0 0.2061865924010344 0
59362.0 10054.0 0.20434307139509453 5 43 21.0 0.0 0.20434307139509453 0
20 ec.gp.GPIndividual@1404165054{747358088} 0.0 73731.0 14578.0 0.44004664563040197 5 25 21.0 0.0 0.44004664563040197 0
20 ec.gp.GPIndividual@1404165054{747358088} 0.0 73517.0 10861.0 0.2681152748365712 5 25 21.0 0.0 0.2681152748365712 0
20 ec.gp.GPIndividual@1404165054{747358088} 0.0 74186.0 8160.0 0.05612745098039216 5 25 21.0 0.0 0.05612745098039216 0
20 ec.gp.GPIndividual@1404165054{747358088} 0.0 73551.0 12802.0 0.37642555850648335 5 25 21.0 0.0 0.37642555850648335 0
20 ec.gp.GPIndividual@581204853{-1770260584} 0.0 79013.0 8387.0 0.04840825086443305 5 19 21.0 0.0 0.04840825086443305 0
20 ec.gp.GPIndividual@1488637372{-99154010} 0.0 58255.0 10087.0 0.09993060374739764 5 43 21.0 0.0 0.09993060374739764 0
20 ec.gp.GPIndividual@1404165054{747358088} 0.0 73960.0 10087.0 0.16803806880142758 5 25 21.0 0.0 0.16803806880142758 0
20 ec.gp.GPIndividual@1404165054{747358088} 0.0 74186.0 8317.0 0.036190934231092944 5 25 21.0 0.0 0.036190934231092944 0
20 ec.gp.GPIndividual@581204853{-1770260584} 0.0 79255.0 14578.0 0.4359308547125806 5 19 21.0 0.0 0.4359308547125806 0
20 ec.gp.GPIndividual@1488637372{-99154010} 0.0 58249.0 8317.0 0.09089816039437297 5 43 21.0 0.0 0.09089816039437297 0
20 ec.gp.GPIndividual@581204853{-1770260584} 0.0 78992.0 10861.0 0.2671024767516803 5 19 21.0 0.0 0.2671024767516803 0
20 ec.gp.GPIndividual@1141619238{252522935} 0.0 63712.0 10054.0 0.09767256813208673 5 35 21.0 0.0 0.09767256813208673 0
20 ec.gp.GPIndividual@1141619238{252522935} 0.0 63712.0 8387.0 0.08167401931560749 5 35 21.0 0.0 0.08167401931560749 0
20 ec.gp.GPIndividual@581204853{-1770260584} 0.0 78983.0 8160.0 0.025612745098039215 5 19 21.0 0.0 0.025612745098039215 0
20 ec.gp.GPIndividual@1141619238{252522935} 0.0 64386.0 14578.0 0.3314583619152147 5 35 21.0 0.0 0.3314583619152147 0
20 ec.gp.GPIndividual@581204853{-1770260584} 0.0 79101.0 12802.0 0.3697078581471645 5 19 21.0 0.0 0.3697078581471645 0
20 ec.gp.GPIndividual@1141619238{252522935} 0.0 63713.0 10861.0 0.16462572507135623 5 35 21.0 0.0 0.16462572507135623 0
20 ec.gp.GPIndividual@581204853{-1770260584} 0.0 78992.0 10087.0 0.21086547040745515 5 19 21.0 0.0 0.21086547040745515 0
20 ec.gp.GPIndividual@1141619238{252522935} 0.0 63711.0 8160.0 0.1116421568627451 5 35 21.0 0.0 0.1116421568627451 0
20 ec.gp.GPIndividual@581204853{-1770260584} 0.0 78983.0 8317.0 0.04400625225441866 5 19 21.0 0.0 0.04400625225441866 0
20 ec.gp.GPIndividual@1141619238{252522935} 0.0 65366.0 12802.0 0.16216216216216217 5 35 21.0 0.0 0.16216216216216217 0
20 ec.gp.GPIndividual@1141619238{252522935} 0.0 63713.0 10087.0 0.10052542876970358 5 35 21.0 0.0 0.10052542876970358 0
20 ec.gp.GPIndividual@1141619238{252522935} 0.0 63711.0 8317.0 0.09065768907057833 5 35 21.0 0.0 0.09065768907057833 0
20 ec.gp.GPIndividual@1309561151{-289858294} 0.0 55825.0 10054.0 0.20479411179629997 5 42 21.0 0.0 0.20479411179629997 0
20 ec.gp.GPIndividual@1309561151{-289858294} 0.0 55825.0 8387.0 0.4442589722189102 5 42 21.0 0.0 0.4442589722189102 0
20 ec.gp.GPIndividual@1309561151{-289858294} 0.0 56054.0 14578.0 0.15338180820414324 5 42 21.0 0.0 0.15338180820414324 0
20 ec.gp.GPIndividual@1309561151{-289858294} 0.0 55825.0 10861.0 0.11527483657121812 5 42 21.0 0.0 0.11527483657121812 0
20 ec.gp.GPIndividual@1309561151{-289858294} 0.0 55825.0 8160.0 0.4844362745098039 5 42 21.0 0.0 0.4844362745098039 0
20 ec.gp.GPIndividual@1309561151{-289858294} 0.0 55859.0 12802.0 0.05116388064364943 5 42 21.0 0.0 0.05116388064364943 0
20 ec.gp.GPIndividual@1309561151{-289858294} 0.0 55825.0 10087.0 0.20085258253197186 5 42 21.0 0.0 0.20085258253197186 0
20 ec.gp.GPIndividual@1309561151{-289858294} 0.0 55825.0 8317.0 0.45641457256222195 5 42 21.0 0.0 0.45641457256222195 0
20 ec.gp.GPIndividual@1517028484{-958489175} 0.0 66949.0 10054.0 0.31917644718519994 5 39 21.0 0.0 0.31917644718519994 0
20 ec.gp.GPIndividual@1517028484{-958489175} 0.0 67416.0 8387.0 0.12817455586025991 5 39 21.0 0.0 0.12817455586025991 0
20 ec.gp.GPIndividual@1517028484{-958489175} 0.0 67545.0 14578.0 0.4895733296748525 5 39 21.0 0.0 0.4895733296748525 0
20 ec.gp.GPIndividual@1517028484{-958489175} 0.0 67484.0 10861.0 0.320504557591382 5 39 21.0 0.0 0.320504557591382 0
20 ec.gp.GPIndividual@1517028484{-958489175} 0.0 67854.0 8160.0 0.05024509803921569 5 39 21.0 0.0 0.05024509803921569 0
20 ec.gp.GPIndividual@1517028484{-958489175} 0.0 67259.0 12802.0 0.4411029526636463 5 39 21.0 0.0 0.4411029526636463 0
20 ec.gp.GPIndividual@1517028484{-958489175} 0.0 66774.0 10087.0 0.33875285020323187 5 39 21.0 0.0 0.33875285020323187 0
20 ec.gp.GPIndividual@1517028484{-958489175} 0.0 67854.0 8317.0 0.06817362029577972 5 39 21.0 0.0 0.06817362029577972 0
21 ec.gp.GPIndividual@2081397823{-430687390} 0.0 21 ec.gp.GPIndividual@2120267304{-1179005528} 69918.0 10054.0 0.023871096081161728 0.0 5 33 21.0 0.0 0.023871096081161728 0
74186.0 10054.0 0.14282872488561765 5 25 21.0 0.0 0.14282872488561765 0
21 ec.gp.GPIndividual@1412822360{1714437486} 0.0 65244.0 10054.0 0.05470459518599562 21 ec.gp.GPIndividual@2081397823{-430687390} 0.0 5 34 21.0 0.0 69918.0 8387.0 0.1701442708954334 0.05470459518599562 0
21 ec.gp.GPIndividual@2038623762{1386095896} 0.0 5 33 21.0 0.0 64425.0 10054.0 0.02675552019096877 0.1701442708954334 0
21 ec.gp.GPIndividual@2120267304{-1179005528} 0.0 5 31 21.0 0.0 0.02675552019096877 0
21 ec.gp.GPIndividual@1797292861{-1247108256} 21 ec.gp.GPIndividual@1412822360{1714437486} 74186.0 8387.0 0.027542625491832597 0.0 0.0 21 ec.gp.GPIndividual@2081397823{-430687390} 5 25 21.0 0.0 66907.0 14578.0 0.3233538889994032 0.0 65415.0 14578.0 0.28472636222725645 0.027542625491832597 0
5 34 21.0 0.0 0.28472636222725645 0
69452.0 14578.0 0.3587597750034298 5 33 21.0 0.0 0.3587597750034298 0
5 25 21.0 0.0 0.3233538889994032 0
21 ec.gp.GPIndividual@2038623762{1386095896} 0.0 21 ec.gp.GPIndividual@2120267304{-1179005528} 64499.0 8387.0 0.17550971741981639 0.0 5 31 21.0 0.0 0.17550971741981639 0
21 ec.gp.GPIndividual@2081397823{-430687390} 0.0 69249.0 10861.0 0.15799650124297948 73731.0 8387.0 0.44004664563040197 5 33 21.0 0.0 5 25 21.0 0.0 0.15799650124297948 0
21 ec.gp.GPIndividual@1412822360{1714437486} 0.0 65336.0 10861.0 0.26629167238304297 5 34 21.0 0.0 0.44004664563040197 0
0.26629167238304297 0
21 ec.gp.GPIndividual@2081397823{-430687390} 0.0 69918.0 8160.0 0.20269607843137255 5 33 21.0 0.0 0.20269607843137255 0
21 ec.gp.GPIndividual@2120267304{-1179005528} 21 ec.gp.GPIndividual@1797292861{-1247108256} 0.0 0.0 21 ec.gp.GPIndividual@2038623762{1386095896} 67902.0 8387.0 0.07022773339692381 73517.0 8387.0 0.2681152748365712 5 25 21.0 0.0 0.0 5 25 21.0 0.0 0.07022773339692381 0
21 ec.gp.GPIndividual@259133816{-1061146922} 64759.0 8387.0 0.30587186170942515 0.0 62267.0 10054.0 0.24139645912074797 21 ec.gp.GPIndividual@1412822360{1714437486} 5 31 21.0 0.0 0.0 5 38 21.0 0.0 0.2681152748365712 0
21 ec.gp.GPIndividual@2081397823{-430687390} 0.0 0.24139645912074797 0
0.30587186170942515 0
64949.0 10861.0 0.0508240493508885 5 34 21.0 0.0 0.0508240493508885 0
21 ec.gp.GPIndividual@2120267304{-1179005528} 0.0 69262.0 12802.0 0.2846430245274176 74186.0 8160.0 0.05612745098039216 5 33 21.0 0.0 5 25 21.0 0.0 0.2846430245274176 0
0.05612745098039216 0
21 ec.gp.GPIndividual@1797292861{-1247108256} 0.0 68366.0 14578.0 0.4332555906159967 5 25 21.0 0.0 0.4332555906159967 0
21 ec.gp.GPIndividual@1412822360{1714437486} 0.0 65415.0 8160.0 0.32046568627450983 5 34 21.0 0.0 0.32046568627450983 0
21 ec.gp.GPIndividual@2120267304{-1179005528} 21 ec.gp.GPIndividual@2038623762{1386095896} 0.0 0.0 64302.0 12802.0 0.11039499125310745 21 ec.gp.GPIndividual@2081397823{-430687390} 5 31 21.0 0.0 73551.0 12802.0 0.37642555850648335 0.0 0.11039499125310745 0
5 25 21.0 0.0 0.37642555850648335 0
69692.0 12802.0 0.04946961435511054 5 33 21.0 0.0 0.04946961435511054 0
21 ec.gp.GPIndividual@1412822360{1714437486} 0.0 65324.0 12802.0 0.1654428995469458 5 34 21.0 0.0 0.1654428995469458 0
21 ec.gp.GPIndividual@2120267304{-1179005528} 0.0 73960.0 10087.0 0.16803806880142758 5 25 21.0 0.0 0.16803806880142758 0
21 ec.gp.GPIndividual@1797292861{-1247108256} 0.0 68004.0 10861.0 0.2726268299419943 5 25 21.0 0.0 0.2726268299419943 0
21 ec.gp.GPIndividual@2038623762{1386095896} 21 ec.gp.GPIndividual@2081397823{-430687390} 0.0 0.0 63755.0 8160.0 0.1170343137254902 69918.0 8160.0 0.17999278586028616 5 31 21.0 0.0 5 33 21.0 0.0 0.1170343137254902 0
21 ec.gp.GPIndividual@1412822360{1714437486} 0.0 0.17999278586028616 0
21 ec.gp.GPIndividual@2120267304{-1179005528} 0.0 65110.0 8317.0 0.0379696639238624 74186.0 8317.0 0.036190934231092944 5 34 21.0 0.0 5 25 21.0 0.0 0.0379696639238624 0
0.036190934231092944 0
21 ec.gp.GPIndividual@1797292861{-1247108256} 21 ec.gp.GPIndividual@2038623762{1386095896} 21 ec.gp.GPIndividual@1412822360{1714437486} 0.0 0.0 21 ec.gp.GPIndividual@259133816{-1061146922} 0.0 65415.0 8387.0 0.2955392569436095 62460.0 8387.0 0.06760462620722547 64747.0 8387.0 0.21051398219028278 5 34 21.0 0.0 5 38 21.0 0.0 5 31 21.0 0.0 0.2955392569436095 0
0.0 67868.0 10054.0 0.04852941176470588 5 25 21.0 0.0 21 ec.gp.GPIndividual@1116417661{-657200819} 0.04852941176470588 0
0.06760462620722547 0
0.21051398219028278 0
21 ec.gp.GPIndividual@1457930232{-2075959672} 0.0 0.0 64425.0 10054.0 0.02675552019096877 5 33 21.0 0.0 62610.0 10054.0 0.20728068430475433 0.02675552019096877 0
5 39 21.0 0.0 0.20728068430475433 0
21 ec.gp.GPIndividual@2038623762{1386095896} 0.0 21 ec.gp.GPIndividual@1797292861{-1247108256} 64302.0 10087.0 0.042133439080003963 0.0 5 31 21.0 0.0 68053.0 12802.0 0.37908139353226056 0.042133439080003963 0
5 25 21.0 0.0 0.37908139353226056 0
21 ec.gp.GPIndividual@1457930232{-2075959672} 0.0 64499.0 8387.0 0.17550971741981639 5 33 21.0 0.0 0.17550971741981639 0
21 ec.gp.GPIndividual@1116417661{-657200819} 0.0 62610.0 8387.0 0.04971980445928222 5 39 21.0 0.0 0.04971980445928222 0
21 ec.gp.GPIndividual@1308016498{1387338911} 0.0 64423.0 10054.0 0.026954445991645117 5 34 21.0 0.0 0.026954445991645117 0
21 ec.gp.GPIndividual@2038623762{1386095896} 0.0 63755.0 8317.0 0.09594805819406035 5 31 21.0 0.0 0.09594805819406035 0
21 ec.gp.GPIndividual@298231252{1928355357} 0.0 101188.0 10054.0 0.7179232146409389 2 3 21.0 0.0 0.7179232146409389 0
21 ec.gp.GPIndividual@1457930232{-2075959672} 21 ec.gp.GPIndividual@1797292861{-1247108256} 0.0 0.0 21 ec.gp.GPIndividual@298231252{1928355357} 0.0 21 ec.gp.GPIndividual@1116417661{-657200819} 66940.0 8387.0 0.3222960245861009 64759.0 8387.0 0.30587186170942515 0.0 101188.0 14578.0 0.6618576368188863 5 33 21.0 0.0 63260.0 14578.0 0.4086980381396625 2 3 21.0 0.0 0.30587186170942515 0
0.6618576368188863 0
5 39 21.0 0.0 0.4086980381396625 0
5 25 21.0 0.0 0.3222960245861009 0
21 ec.gp.GPIndividual@298231252{1928355357} 0.0 21 ec.gp.GPIndividual@259133816{-1061146922} 101188.0 14578.0 0.805460282617643 0.0 2 3 21.0 0.0 63587.0 14578.0 0.38626697763753604 0.805460282617643 0
21 ec.gp.GPIndividual@1457930232{-2075959672} 0.0 21 ec.gp.GPIndividual@1308016498{1387338911} 64302.0 10861.0 0.11039499125310745 0.0 5 38 21.0 0.0 21 ec.gp.GPIndividual@298231252{1928355357} 5 33 21.0 0.0 0.0 0.11039499125310745 0
64625.0 10861.0 0.19053296768808872 21 ec.gp.GPIndividual@1116417661{-657200819} 5 34 21.0 0.0 0.0 0.19053296768808872 0
0.38626697763753604 0
62643.0 10861.0 0.2631433569652886 21 ec.gp.GPIndividual@1797292861{-1247108256} 0.0 5 39 21.0 0.0 67868.0 8317.0 0.06649032102921727 5 25 21.0 0.0 101188.0 10861.0 0.7388822392044931 0.06649032102921727 0
2 3 21.0 0.0 0.7388822392044931 0
0.2631433569652886 0
21 ec.gp.GPIndividual@298231252{1928355357} 0.0 101188.0 8160.0 0.6524509803921569 2 3 21.0 0.0 21 ec.gp.GPIndividual@463491058{980212666} 0.6524509803921569 0
21 ec.gp.GPIndividual@1457930232{-2075959672} 0.0 0.0 63755.0 8160.0 0.1170343137254902 21 ec.gp.GPIndividual@298231252{1928355357} 5 33 21.0 0.0 105260.0 12802.0 0.8563755719116769 0.0 0.1170343137254902 0
101188.0 12802.0 0.7784721137322294 2 3 21.0 0.0 0.7784721137322294 0
1 1 21.0 0.0 0.8563755719116769 0
21 ec.gp.GPIndividual@1116417661{-657200819} 0.0 21 ec.gp.GPIndividual@298231252{1928355357} 0.0 62597.0 8160.0 0.024877450980392155 101188.0 8160.0 0.7188460394567264 21 ec.gp.GPIndividual@463491058{980212666} 2 3 21.0 0.0 5 39 21.0 0.0 0.0 0.7188460394567264 0
105260.0 8387.0 0.8278287826397996 1 1 21.0 0.0 0.8278287826397996 0
21 ec.gp.GPIndividual@1457930232{-2075959672} 0.0 0.024877450980392155 0
21 ec.gp.GPIndividual@463491058{980212666} 0.0 105260.0 14578.0 0.9009466319110989 64747.0 12802.0 0.21051398219028278 1 1 21.0 0.0 5 33 21.0 0.0 0.21051398219028278 0
21 ec.gp.GPIndividual@1308016498{1387338911} 0.0 65500.0 14578.0 0.2550418438743312 5 34 21.0 0.0 0.2550418438743312 0
21 ec.gp.GPIndividual@298231252{1928355357} 0.0 0.9009466319110989 0
101188.0 14578.0 0.6590116628592041 2 3 21.0 0.0 0.6590116628592041 0
21 ec.gp.GPIndividual@463491058{980212666} 0.0 21 ec.gp.GPIndividual@1116417661{-657200819} 105260.0 10861.0 0.8670472332197772 0.0 1 1 21.0 0.0 63227.0 12802.0 0.3292454304014998 0.8670472332197772 0
21 ec.gp.GPIndividual@1457930232{-2075959672} 0.0 64302.0 10087.0 0.042133439080003963 5 39 21.0 0.0 5 33 21.0 0.0 0.3292454304014998 0
21 ec.gp.GPIndividual@259133816{-1061146922} 0.0 21 ec.gp.GPIndividual@463491058{980212666} 62123.0 10861.0 0.31102108461467637 5 38 21.0 0.0 0.0 0.31102108461467637 0
0.042133439080003963 0
105260.0 10861.0 0.8230392156862745 1 1 21.0 0.0 0.8230392156862745 0
21 ec.gp.GPIndividual@463491058{980212666} 0.0 105260.0 12802.0 0.8872051241993438 1 1 21.0 0.0 0.8872051241993438 0
21 ec.gp.GPIndividual@463491058{980212666} 0.0 105260.0 10087.0 0.8568454446317042 1 1 21.0 0.0 0.8568454446317042 0
21 ec.gp.GPIndividual@1116417661{-657200819} 0.0 21 ec.gp.GPIndividual@463491058{980212666} 0.0 62643.0 8317.0 0.20660255774759592 5 39 21.0 0.0 105260.0 8317.0 0.8263797042202717 0.20660255774759592 0
21 ec.gp.GPIndividual@1308016498{1387338911} 0.0 63930.0 10861.0 0.14464598103305404 1 1 21.0 0.0 5 34 21.0 0.0 0.8263797042202717 0
21 ec.gp.GPIndividual@1457930232{-2075959672} 0.0 0.14464598103305404 0
63755.0 8317.0 0.09594805819406035 5 33 21.0 0.0 0.09594805819406035 0
21 ec.gp.GPIndividual@1116417661{-657200819} 0.0 62597.0 8317.0 0.04328483828303475 5 39 21.0 0.0 0.04328483828303475 0
21 ec.gp.GPIndividual@1160266855{699213180} 0.0 64425.0 10054.0 0.02675552019096877 5 38 21.0 0.0 0.02675552019096877 0
21 ec.gp.GPIndividual@202579942{1940412336} 0.0 64425.0 10054.0 0.02675552019096877 5 37 21.0 0.0 0.02675552019096877 0
21 ec.gp.GPIndividual@1308016498{1387338911} 0.0 64624.0 8160.0 0.2235294117647059 21 ec.gp.GPIndividual@259133816{-1061146922} 5 34 21.0 0.0 0.0 21 ec.gp.GPIndividual@1160266855{699213180} 0.2235294117647059 0
62460.0 8387.0 0.041666666666666664 5 38 21.0 0.0 0.041666666666666664 0
0.0 64499.0 8387.0 0.17550971741981639 5 38 21.0 0.0 0.17550971741981639 0
21 ec.gp.GPIndividual@202579942{1940412336} 0.0 64499.0 8387.0 0.17550971741981639 5 37 21.0 0.0 0.17550971741981639 0
21 ec.gp.GPIndividual@1201654764{1786618146} 0.0 58437.0 10054.0 0.07887407996817188 5 42 21.0 0.0 0.07887407996817188 0
21 ec.gp.GPIndividual@202579942{1940412336} 0.0 21 ec.gp.GPIndividual@1160266855{699213180} 64759.0 14578.0 0.30587186170942515 0.0 5 37 21.0 0.0 64759.0 14578.0 0.30587186170942515 0.30587186170942515 0
5 38 21.0 0.0 0.30587186170942515 0
21 ec.gp.GPIndividual@1308016498{1387338911} 0.0 64823.0 12802.0 0.2045774097797219 5 34 21.0 0.0 0.2045774097797219 0
21 ec.gp.GPIndividual@202579942{1940412336} 0.0 64302.0 10861.0 0.11039499125310745 5 37 21.0 0.0 0.11039499125310745 0
21 ec.gp.GPIndividual@1160266855{699213180} 0.0 64302.0 10861.0 0.11039499125310745 5 38 21.0 0.0 0.11039499125310745 0
21 ec.gp.GPIndividual@202579942{1940412336} 0.0 63755.0 8160.0 0.1170343137254902 5 37 21.0 0.0 0.1170343137254902 0
21 ec.gp.GPIndividual@1160266855{699213180} 0.0 63755.0 8160.0 0.1170343137254902 5 38 21.0 0.0 0.1170343137254902 0
21 ec.gp.GPIndividual@1308016498{1387338911} 0.0 21 ec.gp.GPIndividual@259133816{-1061146922} 0.0 63930.0 12802.0 0.07901259046297214 5 34 21.0 0.0 0.07901259046297214 0
63286.0 12802.0 0.3246367755038275 5 38 21.0 0.0 0.3246367755038275 0
21 ec.gp.GPIndividual@202579942{1940412336} 0.0 64747.0 12802.0 0.21051398219028278 5 37 21.0 0.0 0.21051398219028278 0
21 ec.gp.GPIndividual@1160266855{699213180} 0.0 64747.0 12802.0 0.21051398219028278 5 38 21.0 0.0 0.21051398219028278 0
21 ec.gp.GPIndividual@1201654764{1786618146} 0.0 58132.0 8387.0 0.06784309049719804 5 42 21.0 0.0 21 ec.gp.GPIndividual@202579942{1940412336} 0.06784309049719804 0
21 ec.gp.GPIndividual@1160266855{699213180} 0.0 0.0 64302.0 10087.0 0.042133439080003963 5 38 21.0 0.0 64302.0 10087.0 0.042133439080003963 5 37 21.0 0.0 0.042133439080003963 0
0.042133439080003963 0
21 ec.gp.GPIndividual@1308016498{1387338911} 0.0 64624.0 8317.0 0.20043284838283035 5 34 21.0 0.0 0.20043284838283035 0
21 ec.gp.GPIndividual@1160266855{699213180} 0.0 63755.0 8317.0 0.09594805819406035 5 38 21.0 0.0 0.09594805819406035 0
21 ec.gp.GPIndividual@202579942{1940412336} 0.0 63755.0 8317.0 0.09594805819406035 5 37 21.0 0.0 0.09594805819406035 0
21 ec.gp.GPIndividual@1900906586{1593725953} 0.0 21 ec.gp.GPIndividual@259133816{-1061146922} 64425.0 10087.0 0.02675552019096877 0.0 5 38 21.0 0.0 62133.0 10087.0 0.25716268464360065 0.02675552019096877 0
5 38 21.0 0.0 0.25716268464360065 0
21 ec.gp.GPIndividual@1900906586{1593725953} 0.0 64499.0 8387.0 0.17550971741981639 5 38 21.0 0.0 0.17550971741981639 0
21 ec.gp.GPIndividual@1900906586{1593725953} 0.0 64759.0 14578.0 0.30587186170942515 5 38 21.0 0.0 0.30587186170942515 0
21 ec.gp.GPIndividual@1201654764{1786618146} 0.0 58569.0 14578.0 0.3556729318150638 5 42 21.0 0.0 0.3556729318150638 0
21 ec.gp.GPIndividual@1154936932{2098931434} 0.0 58437.0 10054.0 0.07887407996817188 5 42 21.0 0.0 21 ec.gp.GPIndividual@1900906586{1593725953} 0.07887407996817188 0
21 ec.gp.GPIndividual@1643695217{656490441} 0.0 58437.0 10054.0 0.07887407996817188 0.0 5 42 21.0 0.0 0.07887407996817188 0
64302.0 10054.0 0.11039499125310745 5 38 21.0 0.0 0.11039499125310745 0
21 ec.gp.GPIndividual@259133816{-1061146922} 0.0 62460.0 8317.0 0.059757123962967416 5 38 21.0 0.0 0.059757123962967416 0
21 ec.gp.GPIndividual@1900906586{1593725953} 0.0 63755.0 8160.0 0.1170343137254902 5 38 21.0 0.0 0.1170343137254902 0
21 ec.gp.GPIndividual@227586798{-415380809} 0.0 64425.0 10054.0 0.02675552019096877 5 33 21.0 0.0 0.02675552019096877 0
21 ec.gp.GPIndividual@1900906586{1593725953} 0.0 64747.0 12802.0 0.21051398219028278 5 38 21.0 0.0 0.21051398219028278 0
21 ec.gp.GPIndividual@1201654764{1786618146} 0.0 58437.0 10861.0 0.14731608507503913 5 42 21.0 0.0 0.14731608507503913 0
21 ec.gp.GPIndividual@227586798{-415380809} 0.0 64499.0 8387.0 0.17550971741981639 5 33 21.0 0.0 0.17550971741981639 0
21 ec.gp.GPIndividual@1900906586{1593725953} 0.0 64302.0 10087.0 0.042133439080003963 5 38 21.0 0.0 0.042133439080003963 0
21 ec.gp.GPIndividual@1154936932{2098931434} 0.0 58132.0 8387.0 0.06784309049719804 5 42 21.0 0.0 0.06784309049719804 0
21 ec.gp.GPIndividual@1643695217{656490441} 0.0 58132.0 8387.0 0.06784309049719804 5 42 21.0 0.0 0.06784309049719804 0
21 ec.gp.GPIndividual@227586798{-415380809} 0.0 64759.0 14578.0 0.30587186170942515 5 33 21.0 0.0 0.30587186170942515 0
21 ec.gp.GPIndividual@1900906586{1593725953} 0.0 63755.0 8317.0 0.09594805819406035 5 38 21.0 0.0 0.09594805819406035 0
21 ec.gp.GPIndividual@227586798{-415380809} 0.0 64302.0 10861.0 0.11039499125310745 5 33 21.0 0.0 0.11039499125310745 0
21 ec.gp.GPIndividual@1262484179{-481961223} 0.0 64425.0 10054.0 0.02675552019096877 5 37 21.0 0.0 0.02675552019096877 0
21 ec.gp.GPIndividual@227586798{-415380809} 0.0 63755.0 8160.0 0.1170343137254902 5 33 21.0 0.0 0.1170343137254902 0
21 ec.gp.GPIndividual@1262484179{-481961223} 0.0 64499.0 8387.0 0.17550971741981639 5 37 21.0 0.0 0.17550971741981639 0
21 ec.gp.GPIndividual@1201654764{1786618146} 0.0 57478.0 8160.0 0.017401960784313726 5 42 21.0 0.0 0.017401960784313726 0
21 ec.gp.GPIndividual@227586798{-415380809} 0.0 64747.0 12802.0 0.21051398219028278 5 33 21.0 0.0 21 ec.gp.GPIndividual@1262484179{-481961223} 0.21051398219028278 0
0.0 64759.0 14578.0 0.30587186170942515 5 37 21.0 0.0 0.30587186170942515 0
21 ec.gp.GPIndividual@1154936932{2098931434} 0.0 58569.0 14578.0 0.3556729318150638 5 42 21.0 0.0 0.3556729318150638 0
21 ec.gp.GPIndividual@1643695217{656490441} 0.0 58569.0 14578.0 0.3556729318150638 5 42 21.0 0.0 0.3556729318150638 0
21 ec.gp.GPIndividual@227586798{-415380809} 0.0 64302.0 10087.0 0.042133439080003963 5 33 21.0 0.0 0.042133439080003963 0
21 ec.gp.GPIndividual@1262484179{-481961223} 0.0 64302.0 10861.0 0.11039499125310745 5 37 21.0 0.0 0.11039499125310745 0
21 ec.gp.GPIndividual@227586798{-415380809} 0.0 63755.0 8317.0 0.09594805819406035 5 33 21.0 0.0 0.09594805819406035 0
21 ec.gp.GPIndividual@1262484179{-481961223} 0.0 63755.0 8160.0 0.1170343137254902 5 37 21.0 0.0 0.1170343137254902 0
21 ec.gp.GPIndividual@1262484179{-481961223} 0.0 64747.0 12802.0 0.21051398219028278 5 37 21.0 0.0 0.21051398219028278 0
21 ec.gp.GPIndividual@1201654764{1786618146} 0.0 59163.0 12802.0 0.21988751757537886 5 42 21.0 0.0 0.21988751757537886 0
21 ec.gp.GPIndividual@1154936932{2098931434} 0.0 21 ec.gp.GPIndividual@1262484179{-481961223} 58437.0 10861.0 0.14731608507503913 0.0 5 42 21.0 0.0 64302.0 10087.0 0.042133439080003963 0.14731608507503913 0
5 37 21.0 0.0 0.042133439080003963 0
21 ec.gp.GPIndividual@1643695217{656490441} 0.0 58437.0 10861.0 0.14731608507503913 5 42 21.0 0.0 0.14731608507503913 0
21 ec.gp.GPIndividual@1262484179{-481961223} 0.0 63755.0 8317.0 0.09594805819406035 5 37 21.0 0.0 0.09594805819406035 0
21 ec.gp.GPIndividual@423250073{-851911363} 0.0 57546.0 10054.0 0.1674955241694848 5 42 21.0 0.0 0.1674955241694848 0
21 ec.gp.GPIndividual@1201654764{1786618146} 0.0 57865.0 10087.0 0.13859423019728362 5 42 21.0 0.0 21 ec.gp.GPIndividual@819677657{-756929450} 0.13859423019728362 0
21 ec.gp.GPIndividual@1154936932{2098931434} 0.0 57478.0 8160.0 0.017401960784313726 5 42 21.0 0.0 0.0 0.017401960784313726 0
60354.0 8160.0 0.11179629998010741 5 40 21.0 0.0 0.11179629998010741 0
21 ec.gp.GPIndividual@1643695217{656490441} 0.0 57478.0 8160.0 0.017401960784313726 5 42 21.0 0.0 0.017401960784313726 0
21 ec.gp.GPIndividual@423250073{-851911363} 0.0 57612.0 8387.0 0.005842375104328127 5 42 21.0 0.0 0.005842375104328127 0
21 ec.gp.GPIndividual@819677657{-756929450} 0.0 60354.0 8387.0 0.33277691665673065 5 40 21.0 0.0 0.33277691665673065 0
21 ec.gp.GPIndividual@1201654764{1786618146} 0.0 21 ec.gp.GPIndividual@1154936932{2098931434} 0.0 57478.0 8317.0 0.0018035349284597811 59163.0 12802.0 0.21988751757537886 5 42 21.0 0.0 5 42 21.0 0.0 0.21988751757537886 0
21 ec.gp.GPIndividual@1643695217{656490441} 0.0 59163.0 12802.0 0.21988751757537886 5 42 21.0 0.0 0.0018035349284597811 0
0.21988751757537886 0
21 ec.gp.GPIndividual@777306064{793018276} 0.0 59422.0 10054.0 0.01909687686492938 21 ec.gp.GPIndividual@819677657{-756929450} 0.0 5 35 21.0 0.0 60742.0 14578.0 0.206612704074633 0.01909687686492938 0
5 40 21.0 0.0 0.206612704074633 0
21 ec.gp.GPIndividual@777306064{793018276} 0.0 59422.0 8387.0 0.22165255752950996 5 35 21.0 0.0 0.22165255752950996 0
21 ec.gp.GPIndividual@777306064{793018276} 0.0 60040.0 14578.0 0.2547674578131431 5 35 21.0 0.0 0.2547674578131431 0
21 ec.gp.GPIndividual@1154936932{2098931434} 0.0 21 ec.gp.GPIndividual@1643695217{656490441} 57865.0 10087.0 0.13859423019728362 0.0 21 ec.gp.GPIndividual@819677657{-756929450} 5 42 21.0 0.0 0.0 0.13859423019728362 0
21 ec.gp.GPIndividual@423250073{-851911363} 0.0 58604.0 14578.0 0.35327205377966797 60355.0 10861.0 0.029279071908664026 5 42 21.0 0.0 5 40 21.0 0.0 0.029279071908664026 0
57865.0 10861.0 0.13859423019728362 0.35327205377966797 0
5 42 21.0 0.0 0.13859423019728362 0
21 ec.gp.GPIndividual@777306064{793018276} 0.0 59423.0 10861.0 0.05653254764754627 5 35 21.0 0.0 0.05653254764754627 0
21 ec.gp.GPIndividual@777306064{793018276} 0.0 59409.0 8160.0 0.2540441176470588 5 35 21.0 0.0 0.2540441176470588 0
21 ec.gp.GPIndividual@819677657{-756929450} 0.0 60353.0 8160.0 0.36973039215686276 5 40 21.0 0.0 0.36973039215686276 0
21 ec.gp.GPIndividual@777306064{793018276} 0.0 60028.0 12802.0 0.1523199500078113 5 35 21.0 0.0 0.1523199500078113 0
21 ec.gp.GPIndividual@1154936932{2098931434} 0.0 57478.0 8317.0 0.0018035349284597811 5 42 21.0 0.0 0.0018035349284597811 0
21 ec.gp.GPIndividual@777306064{793018276} 0.0 59423.0 10087.0 0.015862000594825024 5 35 21.0 0.0 0.015862000594825024 0
21 ec.gp.GPIndividual@1643695217{656490441} 0.0 57478.0 8317.0 0.0018035349284597811 5 42 21.0 0.0 0.0018035349284597811 0
21 ec.gp.GPIndividual@1073536800{1678244408} 0.0 64425.0 10054.0 0.02675552019096877 5 37 21.0 0.0 0.02675552019096877 0
21 ec.gp.GPIndividual@423250073{-851911363} 0.0 57079.0 10861.0 0.2723506122824786 5 42 21.0 0.0 0.2723506122824786 0
21 ec.gp.GPIndividual@777306064{793018276} 0.0 21 ec.gp.GPIndividual@819677657{-756929450} 59409.0 8317.0 0.23037152819526271 0.0 5 35 21.0 0.0 60388.0 12802.0 0.12419934385252304 0.23037152819526271 0
5 40 21.0 0.0 0.12419934385252304 0
21 ec.gp.GPIndividual@1628854805{-638300165} 0.0 62610.0 10054.0 0.20728068430475433 5 37 21.0 0.0 0.20728068430475433 0
21 ec.gp.GPIndividual@1073536800{1678244408} 0.0 64499.0 8387.0 0.17550971741981639 5 37 21.0 0.0 0.17550971741981639 0
21 ec.gp.GPIndividual@1628854805{-638300165} 0.0 62610.0 8387.0 0.04971980445928222 5 37 21.0 0.0 0.04971980445928222 0
21 ec.gp.GPIndividual@1073536800{1678244408} 0.0 64759.0 14578.0 0.30587186170942515 5 37 21.0 0.0 0.30587186170942515 0
21 ec.gp.GPIndividual@1628854805{-638300165} 0.0 63260.0 14578.0 0.4086980381396625 5 37 21.0 0.0 0.4086980381396625 0
21 ec.gp.GPIndividual@1073536800{1678244408} 0.0 64302.0 10861.0 0.11039499125310745 5 37 21.0 0.0 0.11039499125310745 0
21 ec.gp.GPIndividual@819677657{-756929450} 0.0 60355.0 10087.0 0.10825815405968078 5 40 21.0 0.0 0.10825815405968078 0
21 ec.gp.GPIndividual@1628854805{-638300165} 0.0 62643.0 10861.0 0.2631433569652886 5 37 21.0 0.0 0.2631433569652886 0
21 ec.gp.GPIndividual@1073536800{1678244408} 0.0 63755.0 8160.0 0.1170343137254902 5 37 21.0 0.0 0.1170343137254902 0
21 ec.gp.GPIndividual@1628854805{-638300165} 0.0 62597.0 8160.0 0.024877450980392155 5 37 21.0 0.0 0.024877450980392155 0
21 ec.gp.GPIndividual@1073536800{1678244408} 0.0 64747.0 12802.0 0.21051398219028278 5 37 21.0 0.0 0.21051398219028278 0
21 ec.gp.GPIndividual@423250073{-851911363} 0.0 57428.0 8160.0 0.011274509803921568 5 42 21.0 0.0 0.011274509803921568 0
21 ec.gp.GPIndividual@819677657{-756929450} 21 ec.gp.GPIndividual@1628854805{-638300165} 0.0 0.0 60353.0 12802.0 0.3438739930263316 63227.0 12802.0 0.3292454304014998 5 37 21.0 0.0 5 40 21.0 0.0 21 ec.gp.GPIndividual@1073536800{1678244408} 0.0 0.3292454304014998 0
0.3438739930263316 0
64302.0 10087.0 0.042133439080003963 5 37 21.0 0.0 0.042133439080003963 0
21 ec.gp.GPIndividual@1628854805{-638300165} 0.0 62643.0 10087.0 0.20660255774759592 5 37 21.0 0.0 0.20660255774759592 0
21 ec.gp.GPIndividual@1219394975{-2075959672} 0.0 64425.0 10054.0 0.02675552019096877 5 33 21.0 0.0 0.02675552019096877 0
21 ec.gp.GPIndividual@1073536800{1678244408} 0.0 63755.0 8317.0 0.09594805819406035 5 37 21.0 0.0 0.09594805819406035 0
21 ec.gp.GPIndividual@1484926680{1451304165} 0.0 90934.0 10054.0 0.6508852198130097 5 17 21.0 0.0 0.6508852198130097 0
21 ec.gp.GPIndividual@1484926680{1451304165} 0.0 91128.0 8387.0 0.5583641349707881 5 17 21.0 0.0 0.5583641349707881 0
21 ec.gp.GPIndividual@1628854805{-638300165} 0.0 62597.0 8317.0 0.04328483828303475 21 ec.gp.GPIndividual@1219394975{-2075959672} 21 ec.gp.GPIndividual@1484926680{1451304165} 0.0 0.0 5 37 21.0 0.0 90934.0 14578.0 0.7592262313074496 64499.0 14578.0 0.17550971741981639 5 17 21.0 0.0 0.04328483828303475 0
0.7592262313074496 0
5 33 21.0 0.0 0.17550971741981639 0
21 ec.gp.GPIndividual@1484926680{1451304165} 0.0 90934.0 10861.0 0.676825338366633 5 17 21.0 0.0 0.676825338366633 0
21 ec.gp.GPIndividual@1484926680{1451304165} 0.0 91128.0 8160.0 0.546078431372549 5 17 21.0 0.0 0.546078431372549 0
21 ec.gp.GPIndividual@1484926680{1451304165} 0.0 90934.0 12802.0 0.7258240899859397 5 17 21.0 0.0 0.7258240899859397 0
21 ec.gp.GPIndividual@1484926680{1451304165} 0.0 90934.0 10087.0 0.6520273619510261 5 17 21.0 0.0 0.6520273619510261 0
21 ec.gp.GPIndividual@1219394975{-2075959672} 0.0 64759.0 14578.0 0.30587186170942515 5 33 21.0 0.0 0.30587186170942515 0
21 ec.gp.GPIndividual@1484926680{1451304165} 0.0 91128.0 8317.0 0.5546471083323313 5 17 21.0 0.0 0.5546471083323313 0
21 ec.gp.GPIndividual@423250073{-851911363} 0.0 21 ec.gp.GPIndividual@1594770131{1958295260} 0.0 58951.0 10054.0 0.2364474300890486 5 42 21.0 0.0 77653.0 10054.0 0.3414561368609509 0.2364474300890486 0
5 36 21.0 0.0 0.3414561368609509 0
21 ec.gp.GPIndividual@1219394975{-2075959672} 0.0 64302.0 10861.0 0.11039499125310745 5 33 21.0 0.0 0.11039499125310745 0
21 ec.gp.GPIndividual@1594770131{1958295260} 0.0 77653.0 8387.0 0.21056396804578514 5 36 21.0 0.0 0.21056396804578514 0
21 ec.gp.GPIndividual@1594770131{1958295260} 0.0 77424.0 14578.0 0.5615310742214296 5 36 21.0 0.0 0.5615310742214296 0
21 ec.gp.GPIndividual@1219394975{-2075959672} 0.0 63755.0 8160.0 0.1170343137254902 21 ec.gp.GPIndividual@1594770131{1958295260} 5 33 21.0 0.0 0.0 0.1170343137254902 0
77591.0 10861.0 0.39609612374551145 5 36 21.0 0.0 0.39609612374551145 0
21 ec.gp.GPIndividual@1594770131{1958295260} 0.0 77653.0 8160.0 0.18860294117647058 5 36 21.0 0.0 0.18860294117647058 0
21 ec.gp.GPIndividual@1594770131{1958295260} 0.0 77345.0 12802.0 0.5068739259490704 5 36 21.0 0.0 0.5068739259490704 0
21 ec.gp.GPIndividual@1219394975{-2075959672} 0.0 64747.0 12802.0 0.21051398219028278 5 33 21.0 0.0 0.21051398219028278 0
21 ec.gp.GPIndividual@1594770131{1958295260} 0.0 77591.0 10087.0 0.34975711311589175 5 36 21.0 0.0 0.34975711311589175 0
21 ec.gp.GPIndividual@1594770131{1958295260} 0.0 77653.0 8317.0 0.2039196825778526 5 36 21.0 0.0 0.2039196825778526 0
21 ec.gp.GPIndividual@1219394975{-2075959672} 0.0 64302.0 10087.0 0.042133439080003963 5 33 21.0 0.0 0.042133439080003963 0
21 ec.gp.GPIndividual@2062907532{1505161065} 0.0 21 ec.gp.GPIndividual@1219394975{-2075959672} 57974.0 10054.0 0.12492540282474637 0.0 5 42 21.0 0.0 63755.0 8317.0 0.09594805819406035 5 33 21.0 0.0 21 ec.gp.GPIndividual@749259910{-1375454123} 0.09594805819406035 0
0.0 52191.0 10054.0 0.38681121941515817 5 35 21.0 0.0 0.12492540282474637 0
21 ec.gp.GPIndividual@423250073{-851911363} 0.0 0.38681121941515817 0
57079.0 10087.0 0.21651630811936157 5 42 21.0 0.0 0.21651630811936157 0
21 ec.gp.GPIndividual@749259910{-1375454123} 0.0 52239.0 8387.0 0.6681769405031597 5 35 21.0 0.0 0.6681769405031597 0
21 ec.gp.GPIndividual@1067073410{-262880525} 3.0 17230.0 10054.0 0.7137457728267357 5 35 21.0 0.0 0.7137457728267357 0
21 ec.gp.GPIndividual@749259910{-1375454123} 0.0 51901.0 14578.0 0.06345177664974619 5 35 21.0 0.0 0.06345177664974619 0
21 ec.gp.GPIndividual@749259910{-1375454123} 0.0 52036.0 10861.0 0.2694963631341497 5 35 21.0 0.0 0.2694963631341497 0
21 ec.gp.GPIndividual@2062907532{1505161065} 0.0 58176.0 8387.0 0.07308930487659474 5 42 21.0 0.0 0.07308930487659474 0
21 ec.gp.GPIndividual@749259910{-1375454123} 0.0 21 ec.gp.GPIndividual@423250073{-851911363} 52190.0 8160.0 0.7085784313725491 0.0 5 35 21.0 0.0 0.7085784313725491 0
57428.0 8160.0 0.007815318023325718 5 42 21.0 0.0 0.007815318023325718 0
21 ec.gp.GPIndividual@749259910{-1375454123} 0.0 51889.0 12802.0 0.06553663490079675 5 35 21.0 0.0 0.06553663490079675 0
21 ec.gp.GPIndividual@749259910{-1375454123} 0.0 52036.0 10087.0 0.3669079012590463 5 35 21.0 0.0 0.3669079012590463 0
21 ec.gp.GPIndividual@749259910{-1375454123} 0.0 52190.0 8317.0 0.6763255981724179 5 35 21.0 0.0 0.6763255981724179 0
21 ec.gp.GPIndividual@2062907532{1505161065} 0.0 59187.0 14578.0 0.31328028536150365 5 42 21.0 0.0 0.31328028536150365 0
21 ec.gp.GPIndividual@13549882{1314120627} 0.0 59606.0 10054.0 0.03739805052715337 5 41 21.0 0.0 0.03739805052715337 0
21 ec.gp.GPIndividual@2062907532{1505161065} 0.0 57552.0 10861.0 0.22880029463217014 5 42 21.0 0.0 0.22880029463217014 0
21 ec.gp.GPIndividual@13549882{1314120627} 0.0 59054.0 8387.0 0.17777512817455585 5 41 21.0 0.0 0.17777512817455585 0
21 ec.gp.GPIndividual@13549882{1314120627} 0.0 59247.0 14578.0 0.30916449444368227 5 41 21.0 0.0 21 ec.gp.GPIndividual@2062907532{1505161065} 0.30916449444368227 0
0.0 59162.0 8160.0 0.22377450980392158 5 42 21.0 0.0 0.22377450980392158 0
21 ec.gp.GPIndividual@13549882{1314120627} 0.0 58099.0 10861.0 0.17843660804714115 5 41 21.0 0.0 0.17843660804714115 0
21 ec.gp.GPIndividual@2062907532{1505161065} 0.0 58397.0 12802.0 0.27972191845024214 5 42 21.0 0.0 0.27972191845024214 0
21 ec.gp.GPIndividual@13549882{1314120627} 0.0 58340.0 8160.0 0.1230392156862745 5 41 21.0 0.0 0.1230392156862745 0
21 ec.gp.GPIndividual@2062907532{1505161065} 0.0 57552.0 10087.0 0.1696242688609101 5 42 21.0 0.0 0.1696242688609101 0
21 ec.gp.GPIndividual@13549882{1314120627} 0.0 58397.0 12802.0 0.27972191845024214 5 41 21.0 0.0 0.27972191845024214 0
21 ec.gp.GPIndividual@2062907532{1505161065} 0.0 58174.0 8317.0 0.08188048575207406 5 42 21.0 0.0 0.08188048575207406 0
21 ec.gp.GPIndividual@13549882{1314120627} 0.0 58891.0 10087.0 0.03687915138296818 5 41 21.0 0.0 0.03687915138296818 0
21 ec.gp.GPIndividual@13549882{1314120627} 0.0 58340.0 8317.0 0.10183960562702897 5 41 21.0 0.0 0.10183960562702897 0
21 ec.gp.GPIndividual@1090709580{645765284} 3.0 17230.0 10054.0 0.7137457728267357 5 34 21.0 0.0 0.7137457728267357 0
21 ec.gp.GPIndividual@1067073410{-262880525} 3.0 17230.0 8387.0 1.0543698581137475 5 35 21.0 0.0 1.0543698581137475 0
21 ec.gp.GPIndividual@1090709580{645765284} 3.0 17230.0 8387.0 1.0543698581137475 5 34 21.0 0.0 1.0543698581137475 0
21 ec.gp.GPIndividual@1067073410{-262880525} 3.0 17779.0 14578.0 0.21957744546577035 5 35 21.0 0.0 0.21957744546577035 0
21 ec.gp.GPIndividual@1090709580{645765284} 3.0 17779.0 14578.0 0.21957744546577035 5 34 21.0 0.0 0.21957744546577035 0
21 ec.gp.GPIndividual@1067073410{-262880525} 3.0 17230.0 10861.0 0.5864100911518276 5 35 21.0 0.0 0.5864100911518276 0
21 ec.gp.GPIndividual@1090709580{645765284} 3.0 17230.0 10861.0 0.5864100911518276 5 34 21.0 0.0 0.5864100911518276 0
21 ec.gp.GPIndividual@1067073410{-262880525} 3.0 17230.0 8160.0 1.1115196078431373 5 35 21.0 0.0 1.1115196078431373 0
21 ec.gp.GPIndividual@1090709580{645765284} 3.0 17230.0 8160.0 1.1115196078431373 5 34 21.0 0.0 1.1115196078431373 0
21 ec.gp.GPIndividual@1067073410{-262880525} 3.0 17459.0 12802.0 0.36377128573660367 5 35 21.0 0.0 0.36377128573660367 0
21 ec.gp.GPIndividual@1090709580{645765284} 3.0 17459.0 12802.0 0.36377128573660367 5 34 21.0 0.0 0.36377128573660367 0
21 ec.gp.GPIndividual@1067073410{-262880525} 3.0 17230.0 10087.0 0.7081391890552196 5 35 21.0 0.0 0.7081391890552196 0
21 ec.gp.GPIndividual@1090709580{645765284} 3.0 17230.0 10087.0 0.7081391890552196 5 34 21.0 0.0 0.7081391890552196 0
21 ec.gp.GPIndividual@1067073410{-262880525} 3.0 17230.0 8317.0 1.071660454490802 5 35 21.0 0.0 1.071660454490802 0
21 ec.gp.GPIndividual@1647017956{-1564959053} 0.0 68060.0 10054.0 0.20867316490948876 5 22 21.0 0.0 0.20867316490948876 0
21 ec.gp.GPIndividual@1647017956{-1564959053} 0.0 68060.0 8387.0 0.05138905448909026 5 22 21.0 0.0 0.05138905448909026 0
21 ec.gp.GPIndividual@1647017956{-1564959053} 0.0 68689.0 14578.0 0.4110989161750583 5 22 21.0 0.0 0.4110989161750583 0
21 ec.gp.GPIndividual@1647017956{-1564959053} 0.0 68072.0 10861.0 0.26636589632630514 5 22 21.0 0.0 0.26636589632630514 0
21 ec.gp.GPIndividual@1647017956{-1564959053} 0.0 68055.0 8160.0 0.025612745098039215 5 22 21.0 0.0 0.025612745098039215 0
21 ec.gp.GPIndividual@1647017956{-1564959053} 0.0 68677.0 12802.0 0.330339009529761 5 22 21.0 0.0 0.330339009529761 0
21 ec.gp.GPIndividual@1647017956{-1564959053} 0.0 68072.0 10087.0 0.2100723703777139 5 22 21.0 0.0 0.2100723703777139 0
21 ec.gp.GPIndividual@1647017956{-1564959053} 0.0 68055.0 8317.0 0.04400625225441866 5 22 21.0 0.0 0.04400625225441866 0
21 ec.gp.GPIndividual@213381069{-1608577501} 0.0 92271.0 10054.0 0.5179033220608713 5 17 21.0 0.0 0.5179033220608713 0
21 ec.gp.GPIndividual@213381069{-1608577501} 0.0 92271.0 8387.0 0.4220817932514606 5 17 21.0 0.0 0.4220817932514606 0
21 ec.gp.GPIndividual@213381069{-1608577501} 0.0 91806.0 14578.0 0.6994100699684456 5 17 21.0 0.0 0.6994100699684456 0
21 ec.gp.GPIndividual@213381069{-1608577501} 0.0 91632.0 10861.0 0.6125586962526471 5 17 21.0 0.0 0.6125586962526471 0
21 ec.gp.GPIndividual@213381069{-1608577501} 0.0 92271.0 8160.0 0.4060049019607843 5 17 21.0 0.0 0.4060049019607843 0
21 ec.gp.GPIndividual@213381069{-1608577501} 0.0 91632.0 12802.0 0.6713013591626308 5 17 21.0 0.0 0.6713013591626308 0
21 ec.gp.GPIndividual@213381069{-1608577501} 0.0 91632.0 10087.0 0.5828293843561019 5 17 21.0 0.0 0.5828293843561019 0
21 ec.gp.GPIndividual@213381069{-1608577501} 0.0 92271.0 8317.0 0.41721774678369605 5 17 21.0 0.0 0.41721774678369605 0
21 ec.gp.GPIndividual@1090709580{645765284} 3.0 17230.0 8317.0 1.071660454490802 5 34 21.0 0.0 1.071660454490802 0
21 ec.gp.GPIndividual@1489297473{-63249209} 0.0 79013.0 10054.0 0.2061865924010344 5 35 21.0 0.0 0.2061865924010344 0
21 ec.gp.GPIndividual@1489297473{-63249209} 0.0 79013.0 8387.0 0.04840825086443305 5 35 21.0 0.0 0.04840825086443305 0
21 ec.gp.GPIndividual@1489297473{-63249209} 0.0 79069.0 14578.0 0.44868980655782686 5 35 21.0 0.0 0.44868980655782686 0
21 ec.gp.GPIndividual@1489297473{-63249209} 0.0 78984.0 10861.0 0.26783905717705553 5 35 21.0 0.0 0.26783905717705553 0
21 ec.gp.GPIndividual@1489297473{-63249209} 0.0 79013.0 8160.0 0.02193627450980392 5 35 21.0 0.0 0.02193627450980392 0
21 ec.gp.GPIndividual@1489297473{-63249209} 0.0 79101.0 12802.0 0.3697078581471645 5 35 21.0 0.0 0.3697078581471645 0
21 ec.gp.GPIndividual@1489297473{-63249209} 0.0 78984.0 10087.0 0.21165857043719638 5 35 21.0 0.0 0.21165857043719638 0
21 ec.gp.GPIndividual@1489297473{-63249209} 0.0 79013.0 8317.0 0.040399182397499095 5 35 21.0 0.0 0.040399182397499095 0
21 ec.gp.GPIndividual@1631420446{-1101731236} 0.0 73891.0 10054.0 0.17217028048537894 5 34 21.0 0.0 0.17217028048537894 0
21 ec.gp.GPIndividual@1631420446{-1101731236} 0.0 73857.0 8387.0 0.011684750208656254 5 34 21.0 0.0 0.011684750208656254 0
21 ec.gp.GPIndividual@1631420446{-1101731236} 0.0 73731.0 14578.0 0.44004664563040197 5 34 21.0 0.0 0.44004664563040197 0
21 ec.gp.GPIndividual@1631420446{-1101731236} 0.0 73517.0 10861.0 0.2681152748365712 5 34 21.0 0.0 0.2681152748365712 0
21 ec.gp.GPIndividual@1631420446{-1101731236} 0.0 74158.0 8160.0 0.05269607843137255 5 34 21.0 0.0 0.05269607843137255 0
21 ec.gp.GPIndividual@1631420446{-1101731236} 0.0 73551.0 12802.0 0.37642555850648335 5 34 21.0 0.0 0.37642555850648335 0
21 ec.gp.GPIndividual@1631420446{-1101731236} 0.0 73960.0 10087.0 0.16803806880142758 5 34 21.0 0.0 0.16803806880142758 0
21 ec.gp.GPIndividual@1631420446{-1101731236} 0.0 74158.0 8317.0 0.03282433569796802 5 34 21.0 0.0 0.03282433569796802 0
21 ec.gp.GPIndividual@1780226518{831710456} 0.0 70411.0 10054.0 0.02516411378555799 5 27 21.0 0.0 0.02516411378555799 0
21 ec.gp.GPIndividual@1780226518{831710456} 0.0 70590.0 8387.0 0.2502682723262191 5 27 21.0 0.0 0.2502682723262191 0
21 ec.gp.GPIndividual@1780226518{831710456} 0.0 70786.0 14578.0 0.26725202359720124 5 27 21.0 0.0 0.26725202359720124 0
21 ec.gp.GPIndividual@1780226518{831710456} 0.0 70411.0 10861.0 0.0510081944572323 5 27 21.0 0.0 0.0510081944572323 0
21 ec.gp.GPIndividual@1780226518{831710456} 0.0 70590.0 8160.0 0.2850490196078431 5 27 21.0 0.0 0.2850490196078431 0
21 ec.gp.GPIndividual@1780226518{831710456} 0.0 70412.0 12802.0 0.19481331042024683 5 27 21.0 0.0 0.19481331042024683 0
21 ec.gp.GPIndividual@1780226518{831710456} 0.0 70411.0 10087.0 0.021810250817884406 5 27 21.0 0.0 0.021810250817884406 0
21 ec.gp.GPIndividual@1780226518{831710456} 0.0 70590.0 8317.0 0.26079115065528435 5 27 21.0 0.0 0.26079115065528435 0
21 ec.gp.GPIndividual@1007340625{-744999737} 0.0 92271.0 10054.0 0.5179033220608713 5 22 21.0 0.0 0.5179033220608713 0
21 ec.gp.GPIndividual@1007340625{-744999737} 0.0 92271.0 8387.0 0.4220817932514606 5 22 21.0 0.0 0.4220817932514606 0
21 ec.gp.GPIndividual@1007340625{-744999737} 0.0 91806.0 14578.0 0.6994100699684456 5 22 21.0 0.0 0.6994100699684456 0
21 ec.gp.GPIndividual@1007340625{-744999737} 0.0 91632.0 10861.0 0.6125586962526471 5 22 21.0 0.0 0.6125586962526471 0
21 ec.gp.GPIndividual@1007340625{-744999737} 0.0 92271.0 8160.0 0.4060049019607843 5 22 21.0 0.0 0.4060049019607843 0
21 ec.gp.GPIndividual@1007340625{-744999737} 0.0 91632.0 12802.0 0.6713013591626308 5 22 21.0 0.0 0.6713013591626308 0
21 ec.gp.GPIndividual@1007340625{-744999737} 0.0 91632.0 10087.0 0.5828293843561019 5 22 21.0 0.0 0.5828293843561019 0
21 ec.gp.GPIndividual@1007340625{-744999737} 0.0 92271.0 8317.0 0.41721774678369605 5 22 21.0 0.0 0.41721774678369605 0
22 ec.gp.GPIndividual@679154570{1567450958} 0.0 69918.0 10054.0 0.023871096081161728 5 25 21.0 0.0 0.023871096081161728 0
22 ec.gp.GPIndividual@1978926060{470642728} 0.0 71730.0 10054.0 0.3871096081161727 5 20 21.0 0.0 0.3871096081161727 0
22 ec.gp.GPIndividual@679154570{1567450958} 0.0 69918.0 8387.0 0.1701442708954334 5 25 21.0 0.0 0.1701442708954334 0
22 ec.gp.GPIndividual@1135867257{1580323819} 0.0 22 ec.gp.GPIndividual@1846387739{1873641330} 64425.0 10054.0 0.02675552019096877 22 ec.gp.GPIndividual@1430008712{-1753584780} 0.0 0.0 5 36 21.0 0.0 72328.0 10054.0 0.3276307937139447 0.02675552019096877 0
68693.0 10054.0 0.1457131489954247 22 ec.gp.GPIndividual@679154570{1567450958} 5 19 21.0 0.0 0.0 5 29 21.0 0.0 69452.0 8387.0 0.3587597750034298 0.3276307937139447 0
22 ec.gp.GPIndividual@1978926060{470642728} 0.0 71730.0 8387.0 0.26529152259449146 0.1457131489954247 0
5 25 21.0 0.0 0.3587597750034298 0
5 20 21.0 0.0 0.26529152259449146 0
22 ec.gp.GPIndividual@1135867257{1580323819} 0.0 64499.0 8387.0 0.17550971741981639 5 36 21.0 0.0 22 ec.gp.GPIndividual@1846387739{1873641330} 0.17550971741981639 0
22 ec.gp.GPIndividual@679154570{1567450958} 0.0 0.0 69692.0 10861.0 0.11720836018782801 22 ec.gp.GPIndividual@1430008712{-1753584780} 5 25 21.0 0.0 72328.0 8387.0 0.19399069989269108 0.0 0.11720836018782801 0
68767.0 8387.0 0.032908072016215574 5 29 21.0 0.0 0.032908072016215574 0
22 ec.gp.GPIndividual@1978926060{470642728} 0.0 5 19 21.0 0.0 71938.0 14578.0 0.5630401975579641 0.19399069989269108 0
22 ec.gp.GPIndividual@522779018{90090} 0.0 58437.0 10054.0 0.07887407996817188 5 20 21.0 0.0 5 43 21.0 0.0 0.5630401975579641 0
22 ec.gp.GPIndividual@1135867257{1580323819} 0.0 64759.0 14578.0 0.30587186170942515 5 36 21.0 0.0 22 ec.gp.GPIndividual@679154570{1567450958} 0.30587186170942515 0
0.07887407996817188 0
22 ec.gp.GPIndividual@1978926060{470642728} 22 ec.gp.GPIndividual@1430008712{-1753584780} 0.0 0.0 69027.0 14578.0 0.38791329400466457 22 ec.gp.GPIndividual@1846387739{1873641330} 0.0 71730.0 14578.0 0.4326489273547556 69918.0 14578.0 0.20269607843137255 5 29 21.0 0.0 5 20 21.0 0.0 0.0 0.38791329400466457 0
0.4326489273547556 0
72957.0 14578.0 0.4931403484702977 22 ec.gp.GPIndividual@1135867257{1580323819} 5 19 21.0 0.0 0.4931403484702977 0
5 25 21.0 0.0 0.20269607843137255 0
0.0 64302.0 10861.0 0.11039499125310745 5 36 21.0 0.0 0.11039499125310745 0
22 ec.gp.GPIndividual@1430008712{-1753584780} 0.0 68602.0 10861.0 0.2175674431451984 5 29 21.0 0.0 0.2175674431451984 0
22 ec.gp.GPIndividual@1978926060{470642728} 22 ec.gp.GPIndividual@679154570{1567450958} 0.0 0.0 69262.0 12802.0 0.2846430245274176 71730.0 12802.0 0.24485294117647058 22 ec.gp.GPIndividual@1846387739{1873641330} 5 25 21.0 0.0 0.0 5 20 21.0 0.0 0.2846430245274176 0
0.24485294117647058 0
72340.0 10861.0 0.3764846699198969 5 19 21.0 0.0 0.3764846699198969 0
22 ec.gp.GPIndividual@679154570{1567450958} 0.0 69692.0 10087.0 0.04946961435511054 5 25 21.0 0.0 0.04946961435511054 0
22 ec.gp.GPIndividual@1430008712{-1753584780} 0.0 68055.0 8160.0 0.025612745098039215 5 29 21.0 0.0 22 ec.gp.GPIndividual@1135867257{1580323819} 0.025612745098039215 0
22 ec.gp.GPIndividual@1978926060{470642728} 0.0 71858.0 12802.0 0.5086705202312138 0.0 5 20 21.0 0.0 0.5086705202312138 0
22 ec.gp.GPIndividual@679154570{1567450958} 0.0 63755.0 12802.0 0.1170343137254902 69918.0 8317.0 0.17999278586028616 5 36 21.0 0.0 5 25 21.0 0.0 22 ec.gp.GPIndividual@1846387739{1873641330} 0.1170343137254902 0
0.17999278586028616 0
0.0 72327.0 8160.0 0.17169117647058824 5 19 21.0 0.0 22 ec.gp.GPIndividual@1430008712{-1753584780} 0.17169117647058824 0
0.0 69015.0 12802.0 0.30393688486174036 5 29 21.0 0.0 0.30393688486174036 0
22 ec.gp.GPIndividual@1190350632{61688910} 0.0 74186.0 8387.0 0.14282872488561765 22 ec.gp.GPIndividual@1978926060{470642728} 5 29 21.0 0.0 22 ec.gp.GPIndividual@522779018{90090} 0.0 0.14282872488561765 0
0.0 71730.0 8387.0 0.3891147020918013 58132.0 8387.0 0.06784309049719804 5 20 21.0 0.0 5 43 21.0 0.0 0.3891147020918013 0
22 ec.gp.GPIndividual@1135867257{1580323819} 0.0 64747.0 12802.0 0.21051398219028278 5 36 21.0 0.0 0.21051398219028278 0
0.06784309049719804 0
22 ec.gp.GPIndividual@1430008712{-1753584780} 0.0 68602.0 10087.0 0.157529493407356 22 ec.gp.GPIndividual@1190350632{61688910} 5 29 21.0 0.0 0.157529493407356 0
22 ec.gp.GPIndividual@1978926060{470642728} 0.0 71730.0 8317.0 0.2591078513887219 5 20 21.0 0.0 0.2591078513887219 0
22 ec.gp.GPIndividual@1846387739{1873641330} 0.0 72945.0 8317.0 0.42376191220121856 0.0 5 19 21.0 0.0 0.42376191220121856 0
22 ec.gp.GPIndividual@1135867257{1580323819} 0.0 74186.0 8317.0 0.027542625491832597 64302.0 10087.0 0.042133439080003963 5 36 21.0 0.0 5 29 21.0 0.0 0.042133439080003963 0
0.027542625491832597 0
22 ec.gp.GPIndividual@1430008712{-1753584780} 0.0 68055.0 8317.0 0.04400625225441866 5 29 21.0 0.0 0.04400625225441866 0
22 ec.gp.GPIndividual@1190350632{61688910} 22 ec.gp.GPIndividual@1846387739{1873641330} 0.0 0.0 73731.0 14578.0 0.44004664563040197 72340.0 14578.0 0.32864082482403095 5 29 21.0 0.0 5 19 21.0 0.0 0.44004664563040197 0
22 ec.gp.GPIndividual@1135867257{1580323819} 0.0 0.32864082482403095 0
63755.0 8317.0 0.09594805819406035 5 36 21.0 0.0 0.09594805819406035 0
22 ec.gp.GPIndividual@1190350632{61688910} 0.0 73517.0 10861.0 0.2681152748365712 5 29 21.0 0.0 0.2681152748365712 0
22 ec.gp.GPIndividual@1846387739{1873641330} 0.0 72327.0 8317.0 0.1873271612360226 5 19 21.0 0.0 0.1873271612360226 0
22 ec.gp.GPIndividual@1190350632{61688910} 0.0 74186.0 8160.0 0.05612745098039216 5 29 21.0 0.0 0.05612745098039216 0
22 ec.gp.GPIndividual@1190350632{61688910} 22 ec.gp.GPIndividual@522779018{90090} 0.0 0.0 73551.0 12802.0 0.37642555850648335 58569.0 12802.0 0.3556729318150638 5 29 21.0 0.0 5 43 21.0 0.0 0.37642555850648335 0
0.3556729318150638 0
22 ec.gp.GPIndividual@1190350632{61688910} 0.0 73960.0 10087.0 0.16803806880142758 5 29 21.0 0.0 0.16803806880142758 0
22 ec.gp.GPIndividual@1236362991{-63249209} 0.0 79013.0 10054.0 0.2061865924010344 5 35 21.0 0.0 0.2061865924010344 0
22 ec.gp.GPIndividual@1190350632{61688910} 0.0 74186.0 8317.0 0.036190934231092944 5 29 21.0 0.0 0.036190934231092944 0
22 ec.gp.GPIndividual@1308860513{-1815862002} 0.0 56531.0 10054.0 0.26845036801273126 5 39 21.0 0.0 0.26845036801273126 0
22 ec.gp.GPIndividual@1642181278{-399954742} 0.0 58437.0 10054.0 0.07887407996817188 5 42 21.0 0.0 0.07887407996817188 0
22 ec.gp.GPIndividual@1236362991{-63249209} 0.0 79013.0 8387.0 0.04840825086443305 5 35 21.0 0.0 0.04840825086443305 0
22 ec.gp.GPIndividual@522779018{90090} 0.0 58437.0 10861.0 0.14731608507503913 5 43 21.0 0.0 0.14731608507503913 0
22 ec.gp.GPIndividual@1236362991{-63249209} 0.0 79069.0 14578.0 0.44868980655782686 5 35 21.0 0.0 0.44868980655782686 0
22 ec.gp.GPIndividual@2141113421{-1952482555} 0.0 54616.0 10054.0 0.08454346528744779 5 37 21.0 0.0 0.08454346528744779 0
22 ec.gp.GPIndividual@1308860513{-1815862002} 0.0 56900.0 8387.0 0.07905091212590915 5 39 21.0 0.0 0.07905091212590915 0
22 ec.gp.GPIndividual@1236362991{-63249209} 0.0 78984.0 10861.0 0.26783905717705553 5 35 21.0 0.0 0.26783905717705553 0
22 ec.gp.GPIndividual@1642181278{-399954742} 0.0 58132.0 8387.0 0.06784309049719804 5 42 21.0 0.0 0.06784309049719804 0
22 ec.gp.GPIndividual@2141113421{-1952482555} 0.0 54818.0 8387.0 0.3241922022177179 5 37 21.0 0.0 0.3241922022177179 0
22 ec.gp.GPIndividual@522779018{90090} 0.0 57478.0 8160.0 0.017401960784313726 5 43 21.0 0.0 0.017401960784313726 0
22 ec.gp.GPIndividual@1236362991{-63249209} 0.0 79013.0 8160.0 0.02193627450980392 5 35 21.0 0.0 0.02193627450980392 0
22 ec.gp.GPIndividual@2141113421{-1952482555} 0.0 55521.0 14578.0 0.18994375085745643 5 37 21.0 0.0 0.18994375085745643 0
22 ec.gp.GPIndividual@1236362991{-63249209} 0.0 79101.0 12802.0 0.3697078581471645 5 35 21.0 0.0 0.3697078581471645 0
22 ec.gp.GPIndividual@522779018{90090} 0.0 59163.0 12802.0 0.21988751757537886 5 43 21.0 0.0 0.21988751757537886 0
22 ec.gp.GPIndividual@2141113421{-1952482555} 0.0 54194.0 10861.0 0.034895497652149894 5 37 21.0 0.0 0.034895497652149894 0
22 ec.gp.GPIndividual@1642181278{-399954742} 22 ec.gp.GPIndividual@1308860513{-1815862002} 0.0 0.0 22 ec.gp.GPIndividual@1236362991{-63249209} 0.0 58569.0 10087.0 0.3556729318150638 59014.0 10087.0 0.3251474825078886 78984.0 10087.0 0.21165857043719638 5 35 21.0 0.0 5 39 21.0 0.0 0.21165857043719638 0
5 42 21.0 0.0 0.3251474825078886 0
0.3556729318150638 0
22 ec.gp.GPIndividual@2141113421{-1952482555} 0.0 54816.0 8160.0 0.3607843137254902 5 37 21.0 0.0 0.3607843137254902 0
22 ec.gp.GPIndividual@1236362991{-63249209} 0.0 79013.0 8317.0 0.040399182397499095 5 35 21.0 0.0 0.040399182397499095 0
22 ec.gp.GPIndividual@522779018{90090} 0.0 57865.0 10087.0 0.13859423019728362 5 43 21.0 0.0 0.13859423019728362 0
22 ec.gp.GPIndividual@2141113421{-1952482555} 0.0 54844.0 12802.0 0.1304483674425871 5 37 21.0 0.0 0.1304483674425871 0
22 ec.gp.GPIndividual@1308860513{-1815862002} 0.0 57628.0 10861.0 0.22180278059110578 5 39 21.0 0.0 0.22180278059110578 0
22 ec.gp.GPIndividual@1642181278{-399954742} 0.0 58437.0 10861.0 0.14731608507503913 5 42 21.0 0.0 0.14731608507503913 0
22 ec.gp.GPIndividual@2141113421{-1952482555} 0.0 54194.0 10087.0 0.039159313968474274 5 37 21.0 0.0 0.039159313968474274 0
22 ec.gp.GPIndividual@438586174{-921582734} 0.0 59606.0 10054.0 0.03739805052715337 5 41 21.0 0.0 0.03739805052715337 0
22 ec.gp.GPIndividual@522779018{90090} 0.0 22 ec.gp.GPIndividual@1308860513{-1815862002} 0.0 57263.0 8160.0 0.008946078431372548 5 39 21.0 0.0 0.008946078431372548 0
22 ec.gp.GPIndividual@2141113421{-1952482555} 57478.0 8317.0 0.0018035349284597811 0.0 5 43 21.0 0.0 54816.0 8317.0 0.33509678970782736 5 37 21.0 0.0 0.33509678970782736 0
22 ec.gp.GPIndividual@1642181278{-399954742} 0.0018035349284597811 0
0.0 57478.0 8160.0 0.017401960784313726 5 42 21.0 0.0 0.017401960784313726 0
22 ec.gp.GPIndividual@1281662452{-1957350707} 0.0 60125.0 10054.0 0.0890192958026656 5 37 21.0 0.0 0.0890192958026656 0
22 ec.gp.GPIndividual@1281662452{-1957350707} 0.0 60199.0 8387.0 0.314295934183856 5 37 21.0 0.0 0.314295934183856 0
22 ec.gp.GPIndividual@438586174{-921582734} 0.0 59054.0 8387.0 0.17777512817455585 5 41 21.0 0.0 0.17777512817455585 0
22 ec.gp.GPIndividual@1281662452{-1957350707} 0.0 60413.0 14578.0 0.22918095760735355 5 37 21.0 0.0 0.22918095760735355 0
22 ec.gp.GPIndividual@1308860513{-1815862002} 0.0 58011.0 12802.0 0.3098734572723012 5 39 21.0 0.0 0.3098734572723012 0
22 ec.gp.GPIndividual@388443971{609860154} 0.0 61825.0 10054.0 0.2853590610702208 5 41 21.0 0.0 0.2853590610702208 0
22 ec.gp.GPIndividual@1281662452{-1957350707} 0.0 59796.0 10861.0 0.02218948531442777 5 37 21.0 0.0 0.02218948531442777 0
22 ec.gp.GPIndividual@1642181278{-399954742} 0.0 59163.0 12802.0 0.21988751757537886 5 42 21.0 0.0 0.21988751757537886 0
22 ec.gp.GPIndividual@1281662452{-1957350707} 0.0 59409.0 8160.0 0.2540441176470588 5 37 21.0 0.0 0.2540441176470588 0
22 ec.gp.GPIndividual@1281662452{-1957350707} 0.0 60401.0 12802.0 0.12318387751913763 5 37 21.0 0.0 0.12318387751913763 0
22 ec.gp.GPIndividual@438586174{-921582734} 0.0 59247.0 14578.0 0.30916449444368227 5 41 21.0 0.0 0.30916449444368227 0
22 ec.gp.GPIndividual@1281662452{-1957350707} 0.0 59796.0 10087.0 0.05284028948151086 5 37 21.0 0.0 0.05284028948151086 0
22 ec.gp.GPIndividual@388443971{609860154} 0.0 58105.0 8387.0 0.06462382258256825 5 41 21.0 0.0 0.06462382258256825 0
22 ec.gp.GPIndividual@1308860513{-1815862002} 0.0 56564.0 10087.0 0.26757212253395457 22 ec.gp.GPIndividual@1642181278{-399954742} 5 39 21.0 0.0 0.0 0.26757212253395457 0
57865.0 10087.0 0.13859423019728362 5 42 21.0 0.0 0.13859423019728362 0
22 ec.gp.GPIndividual@1281662452{-1957350707} 0.0 59409.0 8317.0 0.23037152819526271 5 37 21.0 0.0 0.23037152819526271 0
22 ec.gp.GPIndividual@1019807588{684266662} 2.0 19584.0 10054.0 0.9478814402227969 5 27 21.0 0.0 0.9478814402227969 0
22 ec.gp.GPIndividual@388443971{609860154} 0.0 73277.0 14578.0 0.4711894635752504 5 41 21.0 0.0 0.4711894635752504 0
22 ec.gp.GPIndividual@438586174{-921582734} 0.0 58099.0 10861.0 0.17843660804714115 5 41 21.0 0.0 0.17843660804714115 0
22 ec.gp.GPIndividual@388443971{609860154} 0.0 71722.0 10861.0 0.43338550778013074 5 41 21.0 0.0 22 ec.gp.GPIndividual@1308860513{-1815862002} 0.43338550778013074 0
0.0 56730.0 8317.0 0.0917398100276542 5 39 21.0 0.0 0.0917398100276542 0
22 ec.gp.GPIndividual@1642181278{-399954742} 0.0 22 ec.gp.GPIndividual@1022566577{2009546108} 0.0 58437.0 10054.0 0.07887407996817188 5 42 21.0 0.0 0.07887407996817188 0
57478.0 8317.0 0.0018035349284597811 5 42 21.0 0.0 0.0018035349284597811 0
22 ec.gp.GPIndividual@186559226{2095461812} 0.0 64425.0 10054.0 0.02675552019096877 5 31 21.0 0.0 0.02675552019096877 0
22 ec.gp.GPIndividual@186559226{2095461812} 0.0 64499.0 8387.0 0.17550971741981639 5 31 21.0 0.0 0.17550971741981639 0
22 ec.gp.GPIndividual@438586174{-921582734} 0.0 58340.0 8160.0 0.1230392156862745 5 41 21.0 0.0 0.1230392156862745 0
22 ec.gp.GPIndividual@186559226{2095461812} 0.0 64759.0 14578.0 0.30587186170942515 5 31 21.0 0.0 22 ec.gp.GPIndividual@1022566577{2009546108} 0.30587186170942515 0
0.0 58132.0 8387.0 0.06784309049719804 5 42 21.0 0.0 0.06784309049719804 0
22 ec.gp.GPIndividual@388443971{609860154} 0.0 53677.0 8160.0 0.22120098039215685 5 41 21.0 0.0 0.22120098039215685 0
22 ec.gp.GPIndividual@186559226{2095461812} 0.0 64302.0 10861.0 0.11039499125310745 5 31 21.0 0.0 0.11039499125310745 0
22 ec.gp.GPIndividual@186559226{2095461812} 0.0 63755.0 8160.0 0.1170343137254902 5 31 21.0 0.0 0.1170343137254902 0
22 ec.gp.GPIndividual@388443971{609860154} 0.0 73339.0 12802.0 0.3929854710201531 5 41 21.0 0.0 0.3929854710201531 0
22 ec.gp.GPIndividual@186559226{2095461812} 0.0 64747.0 12802.0 0.21051398219028278 5 31 21.0 0.0 0.21051398219028278 0
22 ec.gp.GPIndividual@186559226{2095461812} 0.0 64302.0 10087.0 0.042133439080003963 5 31 21.0 0.0 0.042133439080003963 0
22 ec.gp.GPIndividual@438586174{-921582734} 0.0 58397.0 12802.0 0.27972191845024214 5 41 21.0 0.0 0.27972191845024214 0
22 ec.gp.GPIndividual@1022566577{2009546108} 0.0 58569.0 14578.0 0.3556729318150638 5 42 21.0 0.0 0.3556729318150638 0
22 ec.gp.GPIndividual@388443971{609860154} 0.0 73383.0 10087.0 0.22524040844651533 5 41 21.0 0.0 0.22524040844651533 0
22 ec.gp.GPIndividual@186559226{2095461812} 0.0 63755.0 8317.0 0.09594805819406035 5 31 21.0 0.0 0.09594805819406035 0
22 ec.gp.GPIndividual@1022566577{2009546108} 0.0 58437.0 10861.0 0.14731608507503913 5 42 21.0 0.0 0.14731608507503913 0
22 ec.gp.GPIndividual@820472963{210082994} 0.0 58437.0 10054.0 0.07887407996817188 5 42 21.0 0.0 0.07887407996817188 0
22 ec.gp.GPIndividual@438586174{-921582734} 0.0 58891.0 10087.0 0.03687915138296818 5 41 21.0 0.0 0.03687915138296818 0
22 ec.gp.GPIndividual@388443971{609860154} 0.0 53677.0 8317.0 0.1981483708067813 5 41 21.0 0.0 0.1981483708067813 0
22 ec.gp.GPIndividual@1022566577{2009546108} 0.0 57478.0 8160.0 0.017401960784313726 5 42 21.0 0.0 0.017401960784313726 0
22 ec.gp.GPIndividual@1553122238{-89428909} 0.0 67533.0 10054.0 0.2610901133877064 5 38 21.0 0.0 0.2610901133877064 0
22 ec.gp.GPIndividual@820472963{210082994} 0.0 58132.0 8387.0 0.06784309049719804 5 42 21.0 0.0 0.06784309049719804 0
22 ec.gp.GPIndividual@438586174{-921582734} 0.0 58340.0 8317.0 0.10183960562702897 5 41 21.0 0.0 0.10183960562702897 0
22 ec.gp.GPIndividual@1262776814{1771199434} 0.0 73568.0 10054.0 0.20429679729460912 5 26 21.0 0.0 0.20429679729460912 0
22 ec.gp.GPIndividual@1262776814{1771199434} 0.0 73568.0 8387.0 0.04614284010969357 5 26 21.0 0.0 0.04614284010969357 0
22 ec.gp.GPIndividual@1553122238{-89428909} 0.0 67607.0 8387.0 0.10540121616787886 5 38 21.0 0.0 0.10540121616787886 0
22 ec.gp.GPIndividual@1262776814{1771199434} 0.0 72858.0 14578.0 0.499931403484703 5 26 21.0 0.0 0.499931403484703 0
22 ec.gp.GPIndividual@1262776814{1771199434} 0.0 73568.0 10861.0 0.26341957462480436 5 26 21.0 0.0 0.26341957462480436 0
22 ec.gp.GPIndividual@1022566577{2009546108} 0.0 59163.0 12802.0 0.21988751757537886 5 42 21.0 0.0 0.21988751757537886 0
22 ec.gp.GPIndividual@1262776814{1771199434} 0.0 73568.0 8160.0 0.0196078431372549 5 26 21.0 0.0 0.0196078431372549 0
22 ec.gp.GPIndividual@1262776814{1771199434} 0.0 72773.0 12802.0 0.43719731291985625 5 26 21.0 0.0 0.43719731291985625 0
22 ec.gp.GPIndividual@820472963{210082994} 0.0 58569.0 14578.0 0.3556729318150638 5 42 21.0 0.0 0.3556729318150638 0
22 ec.gp.GPIndividual@1262776814{1771199434} 0.0 73568.0 10087.0 0.20689997025874887 5 26 21.0 0.0 0.20689997025874887 0
22 ec.gp.GPIndividual@1553122238{-89428909} 0.0 64759.0 14578.0 0.30587186170942515 5 38 21.0 0.0 0.30587186170942515 0
22 ec.gp.GPIndividual@1262776814{1771199434} 0.0 73568.0 8317.0 0.03811470482145004 5 26 21.0 0.0 0.03811470482145004 0
22 ec.gp.GPIndividual@1022566577{2009546108} 0.0 57865.0 10087.0 0.13859423019728362 5 42 21.0 0.0 0.13859423019728362 0
22 ec.gp.GPIndividual@1223309793{-1564065911} 22 ec.gp.GPIndividual@1553122238{-89428909} 0.0 0.0 64302.0 10861.0 0.11039499125310745 71168.0 10861.0 0.4430077581062264 5 38 21.0 0.0 5 35 21.0 0.0 0.11039499125310745 0
22 ec.gp.GPIndividual@820472963{210082994} 0.0 58437.0 10861.0 0.14731608507503913 0.4430077581062264 0
5 42 21.0 0.0 0.14731608507503913 0
22 ec.gp.GPIndividual@1223309793{-1564065911} 0.0 71168.0 8387.0 0.3322999880767855 5 35 21.0 0.0 0.3322999880767855 0
22 ec.gp.GPIndividual@1553122238{-89428909} 1.0 22 ec.gp.GPIndividual@1022566577{2009546108} 63755.0 8317.0 0.1170343137254902 1.0 5 38 21.0 0.0 0.1170343137254902 0
57478.0 8317.0 0.0018035349284597811 5 42 21.0 0.0 0.0018035349284597811 0
22 ec.gp.GPIndividual@820472963{210082994} 1.0 57478.0 8160.0 0.017401960784313726 5 42 21.0 0.0 0.017401960784313726 0
22 ec.gp.GPIndividual@1621471752{1754538271} 0.0 64881.0 10054.0 0.018599562363238512 5 37 21.0 0.0 0.018599562363238512 0
22 ec.gp.GPIndividual@1223309793{-1564065911} 0.0 68689.0 14578.0 0.4110989161750583 5 35 21.0 0.0 0.4110989161750583 0
22 ec.gp.GPIndividual@1621471752{1754538271} 0.0 64979.0 8387.0 0.23274114701323476 5 37 21.0 0.0 0.23274114701323476 0
22 ec.gp.GPIndividual@1019807588{684266662} 2.0 19584.0 8387.0 1.3350423274114702 5 27 21.0 0.0 1.3350423274114702 0
22 ec.gp.GPIndividual@1553122238{-89428909} 0.0 68577.0 12802.0 0.33815028901734107 5 38 21.0 0.0 0.33815028901734107 0
22 ec.gp.GPIndividual@1621471752{1754538271} 0.0 63587.0 14578.0 0.38626697763753604 5 37 21.0 0.0 0.38626697763753604 0
22 ec.gp.GPIndividual@1223309793{-1564065911} 0.0 71180.0 10861.0 0.48328883159930025 5 35 21.0 0.0 0.48328883159930025 0
22 ec.gp.GPIndividual@1621471752{1754538271} 0.0 63341.0 10861.0 0.19887671485130282 5 37 21.0 0.0 0.19887671485130282 0
22 ec.gp.GPIndividual@820472963{210082994} 0.0 59163.0 12802.0 0.21988751757537886 5 42 21.0 0.0 0.21988751757537886 0
22 ec.gp.GPIndividual@1621471752{1754538271} 0.0 64338.0 8160.0 0.18848039215686274 5 37 21.0 0.0 0.18848039215686274 0
22 ec.gp.GPIndividual@1553122238{-89428909} 0.0 67442.0 10087.0 0.2725289977198374 5 38 21.0 0.0 0.2725289977198374 0
22 ec.gp.GPIndividual@1621471752{1754538271} 0.0 63833.0 12802.0 0.28190907670676457 5 37 21.0 0.0 0.28190907670676457 0
22 ec.gp.GPIndividual@1223309793{-1564065911} 0.0 68055.0 8160.0 0.025612745098039215 5 35 21.0 0.0 0.025612745098039215 0
22 ec.gp.GPIndividual@1621471752{1754538271} 0.0 63665.0 10087.0 0.10528402894815109 5 37 21.0 0.0 0.10528402894815109 0
22 ec.gp.GPIndividual@1621471752{1754538271} 0.0 64338.0 8317.0 0.1660454490801972 5 37 21.0 0.0 0.1660454490801972 0
22 ec.gp.GPIndividual@1553122238{-89428909} 0.0 66895.0 8317.0 0.1834796200553084 5 38 21.0 0.0 0.1834796200553084 0
22 ec.gp.GPIndividual@1223309793{-1564065911} 0.0 72822.0 12802.0 0.43336978597094206 5 35 21.0 0.0 0.43336978597094206 0
22 ec.gp.GPIndividual@820472963{210082994} 0.0 57865.0 10087.0 0.13859423019728362 5 42 21.0 0.0 0.13859423019728362 0
22 ec.gp.GPIndividual@715333127{-962312046} 0.0 54091.0 10054.0 0.0323254426099065 5 41 21.0 0.0 0.0323254426099065 0
22 ec.gp.GPIndividual@1223309793{-1564065911} 0.0 71180.0 10087.0 0.44364032913651236 5 35 21.0 0.0 0.44364032913651236 0
22 ec.gp.GPIndividual@715333127{-962312046} 0.0 53920.0 8387.0 0.217121736020031 5 41 21.0 0.0 0.217121736020031 0
22 ec.gp.GPIndividual@820472963{210082994} 0.0 57478.0 8317.0 0.0018035349284597811 5 42 21.0 0.0 0.0018035349284597811 0
22 ec.gp.GPIndividual@1223309793{-1564065911} 0.0 71163.0 8317.0 0.3272814716845016 5 35 21.0 0.0 0.3272814716845016 0
22 ec.gp.GPIndividual@715333127{-962312046} 0.0 22 ec.gp.GPIndividual@83077476{950015889} 54301.0 10054.0 0.2736314995198244 0.0 5 41 21.0 0.0 69341.0 10054.0 0.08126118957628804 0.2736314995198244 0
5 35 21.0 0.0 0.08126118957628804 0
22 ec.gp.GPIndividual@83077476{950015889} 0.0 69341.0 8387.0 0.10134732323834506 5 35 21.0 0.0 0.10134732323834506 0
22 ec.gp.GPIndividual@83077476{950015889} 0.0 68875.0 14578.0 0.39833996432981206 5 35 21.0 0.0 0.39833996432981206 0
22 ec.gp.GPIndividual@715333127{-962312046} 0.0 54091.0 10861.0 0.04437897062885554 5 41 21.0 0.0 0.04437897062885554 0
22 ec.gp.GPIndividual@83077476{950015889} 0.0 68672.0 10861.0 0.21112236442316545 5 35 21.0 0.0 0.21112236442316545 0
22 ec.gp.GPIndividual@83077476{950015889} 0.0 69341.0 8160.0 0.13198529411764706 5 35 21.0 0.0 0.13198529411764706 0
22 ec.gp.GPIndividual@715333127{-962312046} 0.0 53920.0 8160.0 0.25098039215686274 5 41 21.0 0.0 0.25098039215686274 0
22 ec.gp.GPIndividual@83077476{950015889} 0.0 68685.0 12802.0 0.32971410717075456 5 35 21.0 0.0 0.32971410717075456 0
22 ec.gp.GPIndividual@83077476{950015889} 0.0 69115.0 10087.0 0.10667195400019827 5 35 21.0 0.0 0.10667195400019827 0
22 ec.gp.GPIndividual@715333127{-962312046} 0.0 54817.0 12802.0 0.1325574129042337 5 41 21.0 0.0 22 ec.gp.GPIndividual@83077476{950015889} 0.1325574129042337 0
0.0 69341.0 8317.0 0.11061680894553325 5 35 21.0 0.0 0.11061680894553325 0
22 ec.gp.GPIndividual@715333127{-962312046} 0.0 53565.0 10087.0 0.023198175869931593 5 41 21.0 0.0 0.023198175869931593 0
22 ec.gp.GPIndividual@715333127{-962312046} 0.0 53920.0 8317.0 0.22736563664782974 5 41 21.0 0.0 0.22736563664782974 0
22 ec.gp.GPIndividual@1923040880{-2040050698} 0.0 64425.0 10054.0 0.02675552019096877 5 35 21.0 0.0 0.02675552019096877 0
22 ec.gp.GPIndividual@1760206374{-1849127341} 0.0 57546.0 10054.0 0.1674955241694848 5 40 21.0 0.0 0.1674955241694848 0
22 ec.gp.GPIndividual@1923040880{-2040050698} 0.0 64499.0 8387.0 0.17550971741981639 5 35 21.0 0.0 0.17550971741981639 0
22 ec.gp.GPIndividual@1923040880{-2040050698} 0.0 64759.0 14578.0 0.30587186170942515 5 35 21.0 0.0 0.30587186170942515 0
22 ec.gp.GPIndividual@1923040880{-2040050698} 0.0 64302.0 10861.0 0.11039499125310745 5 35 21.0 0.0 0.11039499125310745 0
22 ec.gp.GPIndividual@1923040880{-2040050698} 0.0 63755.0 8160.0 0.1170343137254902 5 35 21.0 0.0 0.1170343137254902 0
22 ec.gp.GPIndividual@1923040880{-2040050698} 0.0 64747.0 12802.0 0.21051398219028278 5 35 21.0 0.0 0.21051398219028278 0
22 ec.gp.GPIndividual@1760206374{-1849127341} 0.0 57612.0 8387.0 0.005842375104328127 5 40 21.0 0.0 0.005842375104328127 0
22 ec.gp.GPIndividual@1923040880{-2040050698} 0.0 64302.0 10087.0 0.042133439080003963 5 35 21.0 0.0 0.042133439080003963 0
22 ec.gp.GPIndividual@1923040880{-2040050698} 0.0 63755.0 8317.0 0.09594805819406035 5 35 21.0 0.0 0.09594805819406035 0
22 ec.gp.GPIndividual@1550590551{51441760} 0.0 64425.0 10054.0 0.02675552019096877 5 35 21.0 0.0 0.02675552019096877 0
22 ec.gp.GPIndividual@1550590551{51441760} 0.0 64499.0 8387.0 0.17550971741981639 5 35 21.0 0.0 0.17550971741981639 0
22 ec.gp.GPIndividual@1550590551{51441760} 0.0 64759.0 14578.0 0.30587186170942515 5 35 21.0 0.0 0.30587186170942515 0
22 ec.gp.GPIndividual@1550590551{51441760} 0.0 64302.0 10861.0 0.11039499125310745 5 35 21.0 0.0 0.11039499125310745 0
22 ec.gp.GPIndividual@1760206374{-1849127341} 0.0 58604.0 14578.0 0.35327205377966797 5 40 21.0 0.0 0.35327205377966797 0
22 ec.gp.GPIndividual@1550590551{51441760} 0.0 63755.0 8160.0 0.1170343137254902 5 35 21.0 0.0 0.1170343137254902 0
22 ec.gp.GPIndividual@1550590551{51441760} 0.0 64747.0 12802.0 0.21051398219028278 5 35 21.0 0.0 0.21051398219028278 0
22 ec.gp.GPIndividual@1550590551{51441760} 0.0 64302.0 10087.0 0.042133439080003963 5 35 21.0 0.0 0.042133439080003963 0
22 ec.gp.GPIndividual@1019807588{684266662} 1.0 19584.0 14578.0 0.3433941555768967 5 27 21.0 0.0 0.3433941555768967 0
22 ec.gp.GPIndividual@1550590551{51441760} 0.0 63755.0 8317.0 0.09594805819406035 5 35 21.0 0.0 0.09594805819406035 0
22 ec.gp.GPIndividual@1760206374{-1849127341} 0.0 57079.0 10861.0 0.2723506122824786 5 40 21.0 0.0 0.2723506122824786 0
22 ec.gp.GPIndividual@1760206374{-1849127341} 0.0 57428.0 8160.0 0.011274509803921568 5 40 21.0 0.0 0.011274509803921568 0
22 ec.gp.GPIndividual@1760206374{-1849127341} 0.0 58951.0 12802.0 0.2364474300890486 5 40 21.0 0.0 0.2364474300890486 0
22 ec.gp.GPIndividual@1760206374{-1849127341} 0.0 57079.0 10087.0 0.21651630811936157 5 40 21.0 0.0 0.21651630811936157 0
22 ec.gp.GPIndividual@1760206374{-1849127341} 0.0 57428.0 8317.0 0.007815318023325718 5 40 21.0 0.0 0.007815318023325718 0
22 ec.gp.GPIndividual@1155257054{-68180182} 5.0 15153.0 10054.0 0.5071613288243485 5 33 21.0 0.0 0.5071613288243485 0
22 ec.gp.GPIndividual@1019807588{684266662} 1.0 19584.0 10861.0 0.803148881318479 5 27 21.0 0.0 0.803148881318479 0
22 ec.gp.GPIndividual@1019807588{684266662} 1.0 19584.0 8160.0 1.4 5 27 21.0 0.0 1.4 0
22 ec.gp.GPIndividual@1019807588{684266662} 1.0 19584.0 12802.0 0.52976097484768 5 27 21.0 0.0 0.52976097484768 0
22 ec.gp.GPIndividual@1155257054{-68180182} 5.0 14825.0 8387.0 0.7676165494217241 5 33 21.0 0.0 0.7676165494217241 0
22 ec.gp.GPIndividual@1019807588{684266662} 1.0 19584.0 10087.0 0.9415088728065827 5 27 21.0 0.0 0.9415088728065827 0
22 ec.gp.GPIndividual@1019807588{684266662} 1.0 19584.0 8317.0 1.3546952025970902 5 27 21.0 0.0 1.3546952025970902 0
22 ec.gp.GPIndividual@301777652{1049178017} 0.0 73891.0 10054.0 0.17217028048537894 5 39 21.0 0.0 0.17217028048537894 0
22 ec.gp.GPIndividual@301777652{1049178017} 0.0 73857.0 8387.0 0.011684750208656254 5 39 21.0 0.0 0.011684750208656254 0
22 ec.gp.GPIndividual@301777652{1049178017} 0.0 73731.0 14578.0 0.44004664563040197 5 39 21.0 0.0 0.44004664563040197 0
22 ec.gp.GPIndividual@301777652{1049178017} 0.0 73517.0 10861.0 0.2681152748365712 5 39 21.0 0.0 0.2681152748365712 0
22 ec.gp.GPIndividual@301777652{1049178017} 0.0 74158.0 8160.0 0.05269607843137255 5 39 21.0 0.0 0.05269607843137255 0
22 ec.gp.GPIndividual@301777652{1049178017} 0.0 73551.0 12802.0 0.37642555850648335 5 39 21.0 0.0 0.37642555850648335 0
22 ec.gp.GPIndividual@301777652{1049178017} 0.0 73960.0 10087.0 0.16803806880142758 5 39 21.0 0.0 0.16803806880142758 0
22 ec.gp.GPIndividual@301777652{1049178017} 0.0 74158.0 8317.0 0.03282433569796802 5 39 21.0 0.0 0.03282433569796802 0
22 ec.gp.GPIndividual@2077946033{-1047897025} 0.0 64425.0 10054.0 0.02675552019096877 5 32 21.0 0.0 0.02675552019096877 0
22 ec.gp.GPIndividual@2077946033{-1047897025} 0.0 64499.0 8387.0 0.17550971741981639 5 32 21.0 0.0 0.17550971741981639 0
22 ec.gp.GPIndividual@1155257054{-68180182} 3.0 16811.0 14578.0 0.15317601865825217 5 33 21.0 0.0 0.15317601865825217 0
22 ec.gp.GPIndividual@2077946033{-1047897025} 0.0 64759.0 14578.0 0.30587186170942515 5 32 21.0 0.0 0.30587186170942515 0
22 ec.gp.GPIndividual@2077946033{-1047897025} 0.0 64302.0 10861.0 0.11039499125310745 5 32 21.0 0.0 0.11039499125310745 0
22 ec.gp.GPIndividual@2077946033{-1047897025} 0.0 63755.0 8160.0 0.1170343137254902 5 32 21.0 0.0 0.1170343137254902 0
22 ec.gp.GPIndividual@2077946033{-1047897025} 0.0 64747.0 12802.0 0.21051398219028278 5 32 21.0 0.0 0.21051398219028278 0
22 ec.gp.GPIndividual@2077946033{-1047897025} 0.0 64302.0 10087.0 0.042133439080003963 5 32 21.0 0.0 0.042133439080003963 0
22 ec.gp.GPIndividual@2077946033{-1047897025} 0.0 63755.0 8317.0 0.09594805819406035 5 32 21.0 0.0 0.09594805819406035 0
22 ec.gp.GPIndividual@778331973{138484680} 0.0 58437.0 10054.0 0.07887407996817188 5 42 21.0 0.0 0.07887407996817188 0
22 ec.gp.GPIndividual@778331973{138484680} 0.0 58132.0 8387.0 0.06784309049719804 5 42 21.0 0.0 0.06784309049719804 0
22 ec.gp.GPIndividual@778331973{138484680} 0.0 58604.0 14578.0 0.35327205377966797 5 42 21.0 0.0 0.35327205377966797 0
22 ec.gp.GPIndividual@778331973{138484680} 0.0 58437.0 10861.0 0.14731608507503913 5 42 21.0 0.0 0.14731608507503913 0
22 ec.gp.GPIndividual@778331973{138484680} 0.0 57478.0 8160.0 0.017401960784313726 5 42 21.0 0.0 0.017401960784313726 0
22 ec.gp.GPIndividual@778331973{138484680} 0.0 59163.0 12802.0 0.21988751757537886 5 42 21.0 0.0 0.21988751757537886 0
22 ec.gp.GPIndividual@778331973{138484680} 0.0 57865.0 10087.0 0.13859423019728362 5 42 21.0 0.0 0.13859423019728362 0
22 ec.gp.GPIndividual@778331973{138484680} 0.0 57478.0 8317.0 0.0018035349284597811 5 42 21.0 0.0 0.0018035349284597811 0
22 ec.gp.GPIndividual@1524803530{1500661115} 0.0 57974.0 10054.0 0.12492540282474637 5 40 21.0 0.0 0.12492540282474637 0
22 ec.gp.GPIndividual@1524803530{1500661115} 0.0 58176.0 8387.0 0.07308930487659474 5 40 21.0 0.0 0.07308930487659474 0
22 ec.gp.GPIndividual@1524803530{1500661115} 0.0 59187.0 14578.0 0.31328028536150365 5 40 21.0 0.0 0.31328028536150365 0
22 ec.gp.GPIndividual@1155257054{-68180182} 3.0 17256.0 10861.0 0.588803977534297 5 33 21.0 0.0 0.588803977534297 0
22 ec.gp.GPIndividual@1524803530{1500661115} 0.0 57552.0 10861.0 0.22880029463217014 5 40 21.0 0.0 0.22880029463217014 0
22 ec.gp.GPIndividual@1524803530{1500661115} 0.0 59162.0 8160.0 0.22377450980392158 5 40 21.0 0.0 0.22377450980392158 0
22 ec.gp.GPIndividual@1524803530{1500661115} 0.0 58397.0 12802.0 0.27972191845024214 5 40 21.0 0.0 0.27972191845024214 0
22 ec.gp.GPIndividual@1524803530{1500661115} 0.0 57552.0 10087.0 0.1696242688609101 5 40 21.0 0.0 0.1696242688609101 0
22 ec.gp.GPIndividual@1524803530{1500661115} 0.0 58174.0 8317.0 0.08188048575207406 5 40 21.0 0.0 0.08188048575207406 0
22 ec.gp.GPIndividual@771634432{1237307208} 0.0 63891.0 10054.0 0.07986870897155361 5 34 21.0 0.0 0.07986870897155361 0
22 ec.gp.GPIndividual@771634432{1237307208} 0.0 63891.0 8387.0 0.1030165732681531 5 34 21.0 0.0 0.1030165732681531 0
22 ec.gp.GPIndividual@771634432{1237307208} 0.0 63587.0 14578.0 0.38626697763753604 5 34 21.0 0.0 0.38626697763753604 0
22 ec.gp.GPIndividual@771634432{1237307208} 0.0 63341.0 10861.0 0.19887671485130282 5 34 21.0 0.0 0.19887671485130282 0
22 ec.gp.GPIndividual@771634432{1237307208} 0.0 63891.0 8160.0 0.13370098039215686 5 34 21.0 0.0 0.13370098039215686 0
22 ec.gp.GPIndividual@771634432{1237307208} 0.0 63621.0 12802.0 0.2984689892204343 5 34 21.0 0.0 0.2984689892204343 0
22 ec.gp.GPIndividual@771634432{1237307208} 0.0 63665.0 10087.0 0.10528402894815109 5 34 21.0 0.0 0.10528402894815109 0
22 ec.gp.GPIndividual@771634432{1237307208} 0.0 63891.0 8317.0 0.11230010821209571 5 34 21.0 0.0 0.11230010821209571 0
22 ec.gp.GPIndividual@1155257054{-68180182} 6.0 13952.0 8160.0 0.7098039215686275 5 33 21.0 0.0 0.7098039215686275 0
22 ec.gp.GPIndividual@1155257054{-68180182} 4.0 15833.0 12802.0 0.2367598812685518 5 33 21.0 0.0 0.2367598812685518 0
22 ec.gp.GPIndividual@1155257054{-68180182} 3.0 17851.0 10087.0 0.7697035788638842 5 33 21.0 0.0 0.7697035788638842 0
22 ec.gp.GPIndividual@1155257054{-68180182} 6.0 14951.0 8317.0 0.7976433810268125 5 33 21.0 0.0 0.7976433810268125 0
22 ec.gp.GPIndividual@777647696{1491677327} 3.0 17230.0 10054.0 0.7137457728267357 5 34 21.0 0.0 0.7137457728267357 0
22 ec.gp.GPIndividual@777647696{1491677327} 3.0 17230.0 8387.0 1.0543698581137475 5 34 21.0 0.0 1.0543698581137475 0
22 ec.gp.GPIndividual@777647696{1491677327} 3.0 17779.0 14578.0 0.21957744546577035 5 34 21.0 0.0 0.21957744546577035 0
22 ec.gp.GPIndividual@777647696{1491677327} 3.0 17230.0 10861.0 0.5864100911518276 5 34 21.0 0.0 0.5864100911518276 0
22 ec.gp.GPIndividual@777647696{1491677327} 3.0 17230.0 8160.0 1.1115196078431373 5 34 21.0 0.0 1.1115196078431373 0
22 ec.gp.GPIndividual@777647696{1491677327} 3.0 17459.0 12802.0 0.36377128573660367 5 34 21.0 0.0 0.36377128573660367 0
22 ec.gp.GPIndividual@777647696{1491677327} 3.0 17230.0 10087.0 0.7081391890552196 5 34 21.0 0.0 0.7081391890552196 0
22 ec.gp.GPIndividual@777647696{1491677327} 3.0 17230.0 8317.0 1.071660454490802 5 34 21.0 0.0 1.071660454490802 0
22 ec.gp.GPIndividual@1914554079{1494447093} 0.0 82671.0 10054.0 0.3858165904117764 5 21 21.0 0.0 0.3858165904117764 0
22 ec.gp.GPIndividual@1914554079{1494447093} 0.0 82671.0 8387.0 0.2637415047096697 5 21 21.0 0.0 0.2637415047096697 0
22 ec.gp.GPIndividual@1914554079{1494447093} 0.0 82614.0 14578.0 0.5803265194128139 5 21 21.0 0.0 0.5803265194128139 0
22 ec.gp.GPIndividual@1914554079{1494447093} 0.0 82609.0 10861.0 0.43716048246017863 5 21 21.0 0.0 0.43716048246017863 0
22 ec.gp.GPIndividual@1914554079{1494447093} 0.0 82014.0 8160.0 0.3237745098039216 5 21 21.0 0.0 0.3237745098039216 0
22 ec.gp.GPIndividual@1914554079{1494447093} 0.0 82363.0 12802.0 0.5417122324636775 5 21 21.0 0.0 0.5417122324636775 0
22 ec.gp.GPIndividual@1914554079{1494447093} 0.0 82609.0 10087.0 0.3939724397739665 5 21 21.0 0.0 0.3939724397739665 0
22 ec.gp.GPIndividual@1914554079{1494447093} 0.0 82142.0 8317.0 0.3211494529277384 5 21 21.0 0.0 0.3211494529277384 0
22 ec.gp.GPIndividual@558788693{1014474092} 0.0 69918.0 10054.0 0.023871096081161728 5 28 21.0 0.0 0.023871096081161728 0
22 ec.gp.GPIndividual@558788693{1014474092} 0.0 69918.0 8387.0 0.1701442708954334 5 28 21.0 0.0 0.1701442708954334 0
22 ec.gp.GPIndividual@558788693{1014474092} 0.0 69452.0 14578.0 0.3587597750034298 5 28 21.0 0.0 0.3587597750034298 0
22 ec.gp.GPIndividual@558788693{1014474092} 0.0 69249.0 10861.0 0.15799650124297948 5 28 21.0 0.0 0.15799650124297948 0
22 ec.gp.GPIndividual@558788693{1014474092} 0.0 69918.0 8160.0 0.20269607843137255 5 28 21.0 0.0 0.20269607843137255 0
22 ec.gp.GPIndividual@558788693{1014474092} 0.0 69262.0 12802.0 0.2846430245274176 5 28 21.0 0.0 0.2846430245274176 0
22 ec.gp.GPIndividual@558788693{1014474092} 0.0 69692.0 10087.0 0.04946961435511054 5 28 21.0 0.0 0.04946961435511054 0
22 ec.gp.GPIndividual@558788693{1014474092} 0.0 69918.0 8317.0 0.17999278586028616 5 28 21.0 0.0 0.17999278586028616 0
23 ec.gp.GPIndividual@999885696{1615887560} 0.0 82629.0 10054.0 0.3899940322259797 5 24 21.0 0.0 0.3899940322259797 0
23 ec.gp.GPIndividual@999885696{1615887560} 0.0 83096.0 8387.0 0.2130678430904972 5 24 21.0 0.0 0.2130678430904972 0
23 ec.gp.GPIndividual@999885696{1615887560} 0.0 82614.0 14578.0 0.5803265194128139 5 24 21.0 0.0 0.5803265194128139 0
23 ec.gp.GPIndividual@375234747{1514147736} 0.0 76469.0 10054.0 0.45922021086134873 5 34 21.0 0.0 0.45922021086134873 0
23 ec.gp.GPIndividual@999885696{1615887560} 0.0 82440.0 10861.0 0.45272074394622963 5 24 21.0 0.0 0.45272074394622963 0
23 ec.gp.GPIndividual@999885696{1615887560} 0.0 82127.0 8160.0 0.3099264705882353 5 24 21.0 0.0 0.3099264705882353 0
23 ec.gp.GPIndividual@999885696{1615887560} 0.0 82440.0 12802.0 0.5356975472582409 5 24 21.0 0.0 0.5356975472582409 0
23 ec.gp.GPIndividual@375234747{1514147736} 0.0 77051.0 8387.0 0.2823417193275307 5 34 21.0 0.0 0.2823417193275307 0
23 ec.gp.GPIndividual@999885696{1615887560} 0.0 82059.0 10087.0 0.4484980668186775 5 24 21.0 0.0 0.4484980668186775 0
23 ec.gp.GPIndividual@170829837{-1067787244} 0.0 63182.0 10054.0 0.15038790531131888 5 39 21.0 0.0 0.15038790531131888 0
23 ec.gp.GPIndividual@26023798{1068587942} 0.0 47897.0 10054.0 0.040282474636960414 23 ec.gp.GPIndividual@999885696{1615887560} 0.0 5 48 21.0 0.0 82127.0 10054.0 0.32295298785619814 0.040282474636960414 0
23 ec.gp.GPIndividual@1766909685{1786618146} 0.0 58437.0 10054.0 0.07887407996817188 5 42 21.0 0.0 5 24 21.0 0.0 0.07887407996817188 0
0.32295298785619814 0
23 ec.gp.GPIndividual@375234747{1514147736} 0.0 76965.0 14578.0 0.5930168747427631 5 34 21.0 0.0 0.5930168747427631 0
23 ec.gp.GPIndividual@1511231957{-617504161} 0.0 104262.0 10054.0 0.9556395464491745 2 4 21.0 0.0 0.9556395464491745 0
23 ec.gp.GPIndividual@1511231957{-617504161} 0.0 104262.0 8387.0 0.9468224633361154 2 4 21.0 0.0 0.9468224633361154 0
23 ec.gp.GPIndividual@371819863{-1902393379} 0.0 58437.0 10054.0 0.07887407996817188 23 ec.gp.GPIndividual@1511231957{-617504161} 0.0 5 44 21.0 0.0 104262.0 14578.0 0.9694059541775277 0.07887407996817188 0
2 4 21.0 0.0 0.9694059541775277 0
23 ec.gp.GPIndividual@1511231957{-617504161} 0.0 104262.0 10861.0 0.9589356412853328 2 4 21.0 0.0 0.9589356412853328 0
23 ec.gp.GPIndividual@1511231957{-617504161} 0.0 104262.0 8160.0 0.9453431372549019 2 4 21.0 0.0 0.9453431372549019 0
23 ec.gp.GPIndividual@1511231957{-617504161} 0.0 104262.0 12802.0 0.9651616934853929 2 4 21.0 0.0 0.9651616934853929 0
23 ec.gp.GPIndividual@375234747{1514147736} 0.0 75930.0 10861.0 0.5490286345640365 5 34 21.0 0.0 0.5490286345640365 0
23 ec.gp.GPIndividual@1511231957{-617504161} 0.0 104262.0 10087.0 0.9557846733419253 2 4 21.0 0.0 0.9557846733419253 0
23 ec.gp.GPIndividual@1511231957{-617504161} 0.0 104262.0 8317.0 0.9463748947937959 2 4 21.0 0.0 0.9463748947937959 0
23 ec.gp.GPIndividual@170829837{-1067787244} 0.0 62762.0 8387.0 0.0315965184213664 5 39 21.0 0.0 0.0315965184213664 0
23 ec.gp.GPIndividual@375234747{1514147736} 0.0 76277.0 8160.0 0.35723039215686275 5 34 21.0 0.0 0.35723039215686275 0
23 ec.gp.GPIndividual@26023798{1068587942} 0.0 47298.0 8387.0 0.07905091212590915 5 48 21.0 0.0 0.07905091212590915 0
23 ec.gp.GPIndividual@1766909685{1786618146} 0.0 58132.0 8387.0 0.06784309049719804 5 42 21.0 0.0 0.06784309049719804 0
23 ec.gp.GPIndividual@375234747{1514147736} 0.0 75951.0 12802.0 0.6157631620059366 5 34 21.0 0.0 0.6157631620059366 0
23 ec.gp.GPIndividual@371819863{-1902393379} 0.0 58132.0 8387.0 0.06784309049719804 5 44 21.0 0.0 0.06784309049719804 0
23 ec.gp.GPIndividual@1176801142{-490544155} 0.0 58215.0 10054.0 0.10095484384324648 5 39 21.0 0.0 0.10095484384324648 0
23 ec.gp.GPIndividual@170829837{-1067787244} 0.0 63587.0 14578.0 0.38626697763753604 5 39 21.0 0.0 0.38626697763753604 0
23 ec.gp.GPIndividual@375234747{1514147736} 0.0 76069.0 10087.0 0.5006443937741648 5 34 21.0 0.0 0.5006443937741648 0
23 ec.gp.GPIndividual@375234747{1514147736} 0.0 76277.0 8317.0 0.3693639533485632 5 34 21.0 0.0 0.3693639533485632 0
23 ec.gp.GPIndividual@26023798{1068587942} 0.0 48846.0 14578.0 0.2730141308821512 5 48 21.0 0.0 0.2730141308821512 0
23 ec.gp.GPIndividual@1766909685{1786618146} 0.0 58569.0 14578.0 0.3556729318150638 5 42 21.0 0.0 0.3556729318150638 0
23 ec.gp.GPIndividual@1176801142{-490544155} 0.0 58220.0 8387.0 0.07833551925599141 5 39 21.0 0.0 0.07833551925599141 0
23 ec.gp.GPIndividual@371819863{-1902393379} 0.0 58569.0 14578.0 0.3556729318150638 5 44 21.0 0.0 0.3556729318150638 0
23 ec.gp.GPIndividual@170829837{-1067787244} 0.0 64248.0 10861.0 0.11536690912439002 5 39 21.0 0.0 0.11536690912439002 0
23 ec.gp.GPIndividual@492127623{-1815862002} 0.0 56531.0 10054.0 0.26845036801273126 5 39 21.0 0.0 0.26845036801273126 0
23 ec.gp.GPIndividual@26023798{1068587942} 0.0 23 ec.gp.GPIndividual@1766909685{1786618146} 0.0 47897.0 10861.0 0.11159193444434214 58437.0 10861.0 0.14731608507503913 5 48 21.0 0.0 5 42 21.0 0.0 0.11159193444434214 0
0.14731608507503913 0
23 ec.gp.GPIndividual@1176801142{-490544155} 0.0 59492.0 14578.0 0.29235834819591167 5 39 21.0 0.0 0.29235834819591167 0
23 ec.gp.GPIndividual@170829837{-1067787244} 0.0 62955.0 8160.0 0.018995098039215685 5 39 21.0 0.0 0.018995098039215685 0
23 ec.gp.GPIndividual@371819863{-1902393379} 0.0 58437.0 10861.0 0.14731608507503913 5 44 21.0 0.0 0.14731608507503913 0
23 ec.gp.GPIndividual@492127623{-1815862002} 0.0 56900.0 8387.0 0.07905091212590915 5 39 21.0 0.0 0.07905091212590915 0
23 ec.gp.GPIndividual@26023798{1068587942} 0.0 47205.0 8160.0 0.09767156862745098 5 48 21.0 0.0 0.09767156862745098 0
23 ec.gp.GPIndividual@1176801142{-490544155} 0.0 58215.0 10861.0 0.16775619187920082 5 39 21.0 0.0 0.16775619187920082 0
23 ec.gp.GPIndividual@1766909685{1786618146} 0.0 57478.0 8160.0 0.017401960784313726 5 42 21.0 0.0 0.017401960784313726 0
23 ec.gp.GPIndividual@170829837{-1067787244} 0.0 63286.0 12802.0 0.3246367755038275 5 39 21.0 0.0 0.3246367755038275 0
23 ec.gp.GPIndividual@371819863{-1902393379} 0.0 57478.0 8160.0 0.017401960784313726 5 44 21.0 0.0 0.017401960784313726 0
23 ec.gp.GPIndividual@26023798{1068587942} 0.0 49016.0 12802.0 0.15888142477737854 5 48 21.0 0.0 0.15888142477737854 0
23 ec.gp.GPIndividual@1176801142{-490544155} 0.0 58220.0 8160.0 0.10833333333333334 5 39 21.0 0.0 0.10833333333333334 0
23 ec.gp.GPIndividual@492127623{-1815862002} 0.0 59014.0 14578.0 0.3251474825078886 5 39 21.0 0.0 0.3251474825078886 0
23 ec.gp.GPIndividual@1766909685{1786618146} 0.0 23 ec.gp.GPIndividual@170829837{-1067787244} 59163.0 10087.0 0.21988751757537886 0.0 5 42 21.0 0.0 62517.0 10087.0 0.2190938832160206 0.21988751757537886 0
5 39 21.0 0.0 0.2190938832160206 0
23 ec.gp.GPIndividual@371819863{-1902393379} 0.0 59163.0 12802.0 0.21988751757537886 5 44 21.0 0.0 0.21988751757537886 0
23 ec.gp.GPIndividual@26023798{1068587942} 0.0 47897.0 10087.0 0.0434222266283335 5 48 21.0 0.0 0.0434222266283335 0
23 ec.gp.GPIndividual@1176801142{-490544155} 0.0 58949.0 12802.0 0.23660365567880018 5 39 21.0 0.0 0.23660365567880018 0
23 ec.gp.GPIndividual@492127623{-1815862002} 0.0 57628.0 10861.0 0.22180278059110578 5 39 21.0 0.0 0.22180278059110578 0
23 ec.gp.GPIndividual@170829837{-1067787244} 0.0 61960.0 8317.0 0.1198749549116268 5 39 21.0 0.0 0.1198749549116268 0
23 ec.gp.GPIndividual@1766909685{1786618146} 0.0 57865.0 10087.0 0.13859423019728362 5 42 21.0 0.0 0.13859423019728362 0
23 ec.gp.GPIndividual@371819863{-1902393379} 0.0 57865.0 10087.0 0.13859423019728362 5 44 21.0 0.0 0.13859423019728362 0
23 ec.gp.GPIndividual@854290381{778314686} 0.0 64425.0 10054.0 0.02675552019096877 5 36 21.0 0.0 0.02675552019096877 0
23 ec.gp.GPIndividual@26023798{1068587942} 0.0 47215.0 8317.0 0.07815318023325718 5 48 21.0 0.0 0.07815318023325718 0
23 ec.gp.GPIndividual@854290381{778314686} 0.0 64499.0 8387.0 0.17550971741981639 5 36 21.0 0.0 0.17550971741981639 0
23 ec.gp.GPIndividual@1176801142{-490544155} 0.0 58215.0 10087.0 0.1038961038961039 5 39 21.0 0.0 0.1038961038961039 0
23 ec.gp.GPIndividual@854290381{778314686} 0.0 64759.0 14578.0 0.30587186170942515 5 36 21.0 0.0 23 ec.gp.GPIndividual@492127623{-1815862002} 0.30587186170942515 0
0.0 57263.0 14578.0 0.008946078431372548 5 39 21.0 0.0 0.008946078431372548 0
23 ec.gp.GPIndividual@1766909685{1786618146} 0.0 23 ec.gp.GPIndividual@207488589{1068587942} 0.0 57478.0 8317.0 0.0018035349284597811 68702.0 10054.0 0.14481798289238115 5 36 21.0 0.0 5 42 21.0 0.0 0.14481798289238115 0
0.0018035349284597811 0
23 ec.gp.GPIndividual@371819863{-1902393379} 0.0 57478.0 8317.0 0.0018035349284597811 5 44 21.0 0.0 0.0018035349284597811 0
23 ec.gp.GPIndividual@854290381{778314686} 0.0 64302.0 10861.0 0.11039499125310745 5 36 21.0 0.0 0.11039499125310745 0
23 ec.gp.GPIndividual@854290381{778314686} 0.0 63755.0 8160.0 0.1170343137254902 5 36 21.0 0.0 0.1170343137254902 0
23 ec.gp.GPIndividual@207488589{1068587942} 0.0 68271.0 8387.0 0.026231071896983427 5 36 21.0 0.0 0.026231071896983427 0
23 ec.gp.GPIndividual@1176801142{-490544155} 0.0 58220.0 8317.0 0.08741132619935073 23 ec.gp.GPIndividual@854290381{778314686} 5 39 21.0 0.0 0.0 0.08741132619935073 0
64747.0 8317.0 0.21051398219028278 5 36 21.0 0.0 0.21051398219028278 0
23 ec.gp.GPIndividual@492127623{-1815862002} 0.0 58011.0 12802.0 0.3098734572723012 5 39 21.0 0.0 0.3098734572723012 0
23 ec.gp.GPIndividual@339383103{-1494797060} 0.0 69918.0 10054.0 0.023871096081161728 5 24 21.0 0.0 0.023871096081161728 0
23 ec.gp.GPIndividual@20143382{2009546108} 0.0 58437.0 10054.0 0.07887407996817188 5 42 21.0 0.0 0.07887407996817188 0
23 ec.gp.GPIndividual@854290381{778314686} 0.0 64302.0 10087.0 0.042133439080003963 23 ec.gp.GPIndividual@339383103{-1494797060} 5 36 21.0 0.0 0.0 0.042133439080003963 0
69918.0 8387.0 0.1701442708954334 5 24 21.0 0.0 0.1701442708954334 0
23 ec.gp.GPIndividual@339383103{-1494797060} 0.0 69452.0 14578.0 0.3587597750034298 5 24 21.0 0.0 0.3587597750034298 0
23 ec.gp.GPIndividual@617149107{1477105437} 0.0 57546.0 10054.0 0.1674955241694848 5 42 21.0 0.0 0.1674955241694848 0
23 ec.gp.GPIndividual@854290381{778314686} 0.0 63755.0 8317.0 0.09594805819406035 5 36 21.0 0.0 0.09594805819406035 0
23 ec.gp.GPIndividual@339383103{-1494797060} 0.0 69692.0 10861.0 0.11720836018782801 5 24 21.0 0.0 0.11720836018782801 0
23 ec.gp.GPIndividual@207488589{1068587942} 23 ec.gp.GPIndividual@1523102591{459616998} 0.0 0.0 69048.0 10054.0 0.3864727671834271 74186.0 10054.0 0.14282872488561765 5 36 21.0 0.0 5 29 21.0 0.0 0.3864727671834271 0
0.14282872488561765 0
23 ec.gp.GPIndividual@339383103{-1494797060} 0.0 69918.0 8160.0 0.20269607843137255 5 24 21.0 0.0 0.20269607843137255 0
23 ec.gp.GPIndividual@1523102591{459616998} 0.0 74186.0 8387.0 0.027542625491832597 5 29 21.0 0.0 0.027542625491832597 0
23 ec.gp.GPIndividual@339383103{-1494797060} 0.0 69262.0 12802.0 0.2846430245274176 5 24 21.0 0.0 0.2846430245274176 0
23 ec.gp.GPIndividual@1523102591{459616998} 0.0 73731.0 14578.0 0.44004664563040197 5 29 21.0 0.0 0.44004664563040197 0
23 ec.gp.GPIndividual@492127623{-1815862002} 0.0 56564.0 10087.0 0.26757212253395457 5 39 21.0 0.0 0.26757212253395457 0
23 ec.gp.GPIndividual@339383103{-1494797060} 0.0 69692.0 10087.0 0.04946961435511054 5 24 21.0 0.0 0.04946961435511054 0
23 ec.gp.GPIndividual@1523102591{459616998} 0.0 73517.0 10861.0 0.2681152748365712 5 29 21.0 0.0 0.2681152748365712 0
23 ec.gp.GPIndividual@339383103{-1494797060} 0.0 23 ec.gp.GPIndividual@20143382{2009546108} 23 ec.gp.GPIndividual@1523102591{459616998} 69918.0 8160.0 0.17999278586028616 0.0 0.0 74186.0 8160.0 0.05612745098039216 5 24 21.0 0.0 0.17999278586028616 0
58132.0 8160.0 0.06784309049719804 5 42 21.0 0.0 0.06784309049719804 0
5 29 21.0 0.0 0.05612745098039216 0
23 ec.gp.GPIndividual@207488589{1068587942} 0.0 67922.0 10861.0 0.28017677930209006 5 36 21.0 0.0 0.28017677930209006 0
23 ec.gp.GPIndividual@1523102591{459616998} 0.0 73551.0 12802.0 0.37642555850648335 5 29 21.0 0.0 0.37642555850648335 0
23 ec.gp.GPIndividual@617149107{1477105437} 0.0 57612.0 8387.0 0.005842375104328127 5 42 21.0 0.0 0.005842375104328127 0
23 ec.gp.GPIndividual@1523102591{459616998} 0.0 73960.0 10087.0 0.16803806880142758 5 29 21.0 0.0 0.16803806880142758 0
23 ec.gp.GPIndividual@1523102591{459616998} 0.0 74186.0 8317.0 0.036190934231092944 5 29 21.0 0.0 0.036190934231092944 0
23 ec.gp.GPIndividual@1140108534{2112262730} 0.0 105260.0 10054.0 0.8563755719116769 1 1 21.0 0.0 0.8563755719116769 0
23 ec.gp.GPIndividual@1140108534{2112262730} 0.0 105260.0 8387.0 0.8278287826397996 1 1 21.0 0.0 0.8278287826397996 0
23 ec.gp.GPIndividual@1140108534{2112262730} 0.0 105260.0 14578.0 0.9009466319110989 1 1 21.0 0.0 0.9009466319110989 0
23 ec.gp.GPIndividual@1140108534{2112262730} 0.0 105260.0 10861.0 0.8670472332197772 1 1 21.0 0.0 0.8670472332197772 0
23 ec.gp.GPIndividual@492127623{-1815862002} 0.0 56730.0 8317.0 0.0917398100276542 23 ec.gp.GPIndividual@1140108534{2112262730} 5 39 21.0 0.0 0.0 0.0917398100276542 0
105260.0 8160.0 0.8230392156862745 1 1 21.0 0.0 0.8230392156862745 0
23 ec.gp.GPIndividual@207488589{1068587942} 23 ec.gp.GPIndividual@1140108534{2112262730} 0.0 0.0 105260.0 12802.0 0.8872051241993438 1 1 21.0 0.0 0.8872051241993438 0
68271.0 12802.0 8.57843137254902E-4 23 ec.gp.GPIndividual@1140108534{2112262730} 0.0 5 36 21.0 0.0 105260.0 10087.0 0.8568454446317042 1 1 21.0 0.0 0.8568454446317042 0
23 ec.gp.GPIndividual@1728859955{-1654061497} 0.0 8.57843137254902E-4 0
58437.0 10054.0 0.07887407996817188 5 43 21.0 0.0 0.07887407996817188 0
23 ec.gp.GPIndividual@1140108534{2112262730} 0.0 105260.0 8317.0 0.8263797042202717 1 1 21.0 0.0 0.8263797042202717 0
23 ec.gp.GPIndividual@20143382{2009546108} 0.0 58569.0 14578.0 0.3556729318150638 5 42 21.0 0.0 0.3556729318150638 0
23 ec.gp.GPIndividual@1021643333{1641510706} 0.0 64425.0 10054.0 0.02675552019096877 5 32 21.0 0.0 0.02675552019096877 0
23 ec.gp.GPIndividual@1021643333{1641510706} 0.0 64499.0 8387.0 0.17550971741981639 5 32 21.0 0.0 0.17550971741981639 0
23 ec.gp.GPIndividual@74741696{90090} 0.0 58437.0 10054.0 0.07887407996817188 5 43 21.0 0.0 0.07887407996817188 0
23 ec.gp.GPIndividual@207488589{1068587942} 0.0 67226.0 12802.0 0.4436806748945477 5 36 21.0 0.0 0.4436806748945477 0
23 ec.gp.GPIndividual@1021643333{1641510706} 23 ec.gp.GPIndividual@617149107{1477105437} 0.0 0.0 64759.0 14578.0 0.30587186170942515 58604.0 14578.0 0.35327205377966797 5 32 21.0 0.0 5 42 21.0 0.0 0.30587186170942515 0
0.35327205377966797 0
23 ec.gp.GPIndividual@1728859955{-1654061497} 0.0 58132.0 8387.0 0.06784309049719804 5 43 21.0 0.0 0.06784309049719804 0
23 ec.gp.GPIndividual@1021643333{1641510706} 0.0 64302.0 10861.0 0.11039499125310745 5 32 21.0 0.0 0.11039499125310745 0
23 ec.gp.GPIndividual@20143382{2009546108} 0.0 58437.0 10861.0 0.14731608507503913 5 42 21.0 0.0 0.14731608507503913 0
23 ec.gp.GPIndividual@1021643333{1641510706} 0.0 63755.0 8160.0 0.1170343137254902 5 32 21.0 0.0 0.1170343137254902 0
23 ec.gp.GPIndividual@207488589{1068587942} 23 ec.gp.GPIndividual@1021643333{1641510706} 0.0 0.0 67813.0 12802.0 0.2357489838405869 64747.0 12802.0 0.21051398219028278 5 36 21.0 0.0 5 32 21.0 0.0 0.2357489838405869 0
23 ec.gp.GPIndividual@74741696{90090} 0.21051398219028278 0
0.0 58132.0 8387.0 0.06784309049719804 5 43 21.0 0.0 0.06784309049719804 0
23 ec.gp.GPIndividual@1021643333{1641510706} 0.0 64302.0 10087.0 0.042133439080003963 5 32 21.0 0.0 0.042133439080003963 0
23 ec.gp.GPIndividual@617149107{1477105437} 0.0 57079.0 10861.0 0.2723506122824786 5 42 21.0 0.0 0.2723506122824786 0
23 ec.gp.GPIndividual@1728859955{-1654061497} 0.0 58569.0 14578.0 0.3556729318150638 5 43 21.0 0.0 0.3556729318150638 0
23 ec.gp.GPIndividual@20143382{2009546108} 0.0 57478.0 8160.0 0.017401960784313726 5 42 21.0 0.0 0.017401960784313726 0
23 ec.gp.GPIndividual@1021643333{1641510706} 0.0 63755.0 8317.0 0.09594805819406035 5 32 21.0 0.0 0.09594805819406035 0
23 ec.gp.GPIndividual@207488589{1068587942} 0.0 68271.0 8317.0 0.018035349284597813 5 36 21.0 0.0 0.018035349284597813 0
23 ec.gp.GPIndividual@1129135355{737868899} 0.0 83515.0 10054.0 0.30186990252635765 5 27 21.0 0.0 0.30186990252635765 0
23 ec.gp.GPIndividual@74741696{90090} 0.0 58569.0 14578.0 0.3556729318150638 5 43 21.0 0.0 0.3556729318150638 0
23 ec.gp.GPIndividual@1129135355{737868899} 0.0 81957.0 8387.0 0.3488732562298796 5 27 21.0 0.0 0.3488732562298796 0
23 ec.gp.GPIndividual@1728859955{-1654061497} 0.0 58437.0 10861.0 0.14731608507503913 5 43 21.0 0.0 0.14731608507503913 0
23 ec.gp.GPIndividual@20143382{2009546108} 0.0 59163.0 12802.0 0.21988751757537886 5 42 21.0 0.0 0.21988751757537886 0
23 ec.gp.GPIndividual@1129135355{737868899} 0.0 82037.0 14578.0 0.6199067087391961 5 27 21.0 0.0 0.6199067087391961 0
23 ec.gp.GPIndividual@617149107{1477105437} 0.0 57428.0 8160.0 0.011274509803921568 5 42 21.0 0.0 0.011274509803921568 0
23 ec.gp.GPIndividual@1436131091{1952229353} 0.0 57546.0 10054.0 0.1674955241694848 5 41 21.0 0.0 0.1674955241694848 0
23 ec.gp.GPIndividual@1129135355{737868899} 0.0 82609.0 10861.0 0.43716048246017863 5 27 21.0 0.0 0.43716048246017863 0
23 ec.gp.GPIndividual@74741696{90090} 0.0 58437.0 10861.0 0.14731608507503913 5 43 21.0 0.0 0.14731608507503913 0
23 ec.gp.GPIndividual@1129135355{737868899} 0.0 82665.0 8160.0 0.24399509803921568 5 27 21.0 0.0 0.24399509803921568 0
23 ec.gp.GPIndividual@1728859955{-1654061497} 0.0 57478.0 8160.0 0.017401960784313726 5 43 21.0 0.0 0.017401960784313726 0
23 ec.gp.GPIndividual@1129135355{737868899} 0.0 82363.0 12802.0 0.5417122324636775 5 27 21.0 0.0 0.5417122324636775 0
23 ec.gp.GPIndividual@20143382{2009546108} 0.0 57865.0 10087.0 0.13859423019728362 5 42 21.0 0.0 0.13859423019728362 0
23 ec.gp.GPIndividual@1129135355{737868899} 0.0 82609.0 10087.0 0.3939724397739665 5 27 21.0 0.0 0.3939724397739665 0
23 ec.gp.GPIndividual@617149107{1477105437} 0.0 58951.0 12802.0 0.2364474300890486 5 42 21.0 0.0 23 ec.gp.GPIndividual@1436131091{1952229353} 0.2364474300890486 0
0.0 57612.0 8387.0 0.005842375104328127 5 41 21.0 0.0 0.005842375104328127 0
23 ec.gp.GPIndividual@1129135355{737868899} 0.0 82665.0 8317.0 0.2582662017554407 5 27 21.0 0.0 0.2582662017554407 0
23 ec.gp.GPIndividual@74741696{90090} 0.0 57478.0 8160.0 0.017401960784313726 5 43 21.0 0.0 0.017401960784313726 0
23 ec.gp.GPIndividual@533157799{1835593788} 0.0 70701.0 10054.0 0.05400835488362841 5 28 21.0 0.0 0.05400835488362841 0
23 ec.gp.GPIndividual@1728859955{-1654061497} 0.0 59163.0 12802.0 0.21988751757537886 5 43 21.0 0.0 0.21988751757537886 0
23 ec.gp.GPIndividual@533157799{1835593788} 23 ec.gp.GPIndividual@20143382{2009546108} 0.0 0.0 70692.0 8387.0 0.26242995111482054 5 28 21.0 0.0 0.26242995111482054 0
57478.0 8387.0 0.0018035349284597811 5 42 21.0 0.0 0.0018035349284597811 0
23 ec.gp.GPIndividual@533157799{1835593788} 0.0 70209.0 14578.0 0.3068322129235835 5 28 21.0 0.0 0.3068322129235835 0
23 ec.gp.GPIndividual@618664745{1629455730} 0.0 64425.0 10054.0 0.02675552019096877 5 30 21.0 0.0 0.02675552019096877 0
23 ec.gp.GPIndividual@533157799{1835593788} 0.0 69696.0 10861.0 0.1168400699751404 5 28 21.0 0.0 0.1168400699751404 0
23 ec.gp.GPIndividual@617149107{1477105437} 0.0 57079.0 10087.0 0.21651630811936157 5 42 21.0 0.0 0.21651630811936157 0
23 ec.gp.GPIndividual@618664745{1629455730} 0.0 64499.0 8387.0 0.17550971741981639 23 ec.gp.GPIndividual@74741696{90090} 5 30 21.0 0.0 0.0 0.17550971741981639 0
59163.0 8387.0 0.21988751757537886 5 43 21.0 0.0 0.21988751757537886 0
23 ec.gp.GPIndividual@533157799{1835593788} 0.0 70692.0 8160.0 0.29754901960784313 5 28 21.0 0.0 0.29754901960784313 0
23 ec.gp.GPIndividual@1436131091{1952229353} 0.0 58604.0 14578.0 0.35327205377966797 5 41 21.0 0.0 0.35327205377966797 0
23 ec.gp.GPIndividual@1728859955{-1654061497} 23 ec.gp.GPIndividual@618664745{1629455730} 0.0 0.0 57865.0 14578.0 0.13859423019728362 64759.0 14578.0 0.30587186170942515 5 43 21.0 0.0 5 30 21.0 0.0 0.13859423019728362 0
23 ec.gp.GPIndividual@533157799{1835593788} 0.0 0.30587186170942515 0
69835.0 12802.0 0.2398843930635838 5 28 21.0 0.0 0.2398843930635838 0
23 ec.gp.GPIndividual@618664745{1629455730} 0.0 64302.0 10861.0 0.11039499125310745 5 30 21.0 0.0 0.11039499125310745 0
23 ec.gp.GPIndividual@533157799{1835593788} 0.0 69696.0 10087.0 0.04907306434023991 5 28 21.0 0.0 0.04907306434023991 0
23 ec.gp.GPIndividual@618664745{1629455730} 0.0 63755.0 8160.0 0.1170343137254902 5 30 21.0 0.0 0.1170343137254902 0
23 ec.gp.GPIndividual@533157799{1835593788} 0.0 70692.0 8317.0 0.27305518816881086 5 28 21.0 0.0 0.27305518816881086 0
23 ec.gp.GPIndividual@74741696{90090} 0.0 57865.0 10087.0 0.13859423019728362 5 43 21.0 0.0 0.13859423019728362 0
23 ec.gp.GPIndividual@617149107{1477105437} 0.0 23 ec.gp.GPIndividual@618664745{1629455730} 0.0 57428.0 12802.0 0.007815318023325718 64747.0 12802.0 0.21051398219028278 5 42 21.0 0.0 5 30 21.0 0.0 0.007815318023325718 0
0.21051398219028278 0
23 ec.gp.GPIndividual@1728859955{-1654061497} 0.0 57478.0 8317.0 0.0018035349284597811 5 43 21.0 0.0 0.0018035349284597811 0
23 ec.gp.GPIndividual@1436131091{1952229353} 0.0 57079.0 10861.0 0.2723506122824786 5 41 21.0 0.0 0.2723506122824786 0
23 ec.gp.GPIndividual@753699996{1785705731} 0.0 23 ec.gp.GPIndividual@618664745{1629455730} 64425.0 10087.0 0.02675552019096877 0.0 5 35 21.0 0.0 0.02675552019096877 0
64302.0 10087.0 0.042133439080003963 5 30 21.0 0.0 0.042133439080003963 0
23 ec.gp.GPIndividual@559408958{1450991737} 0.0 77180.0 10054.0 0.3885020887209071 5 20 21.0 0.0 0.3885020887209071 0
23 ec.gp.GPIndividual@753699996{1785705731} 0.0 64499.0 8387.0 0.17550971741981639 5 35 21.0 0.0 0.17550971741981639 0
23 ec.gp.GPIndividual@618664745{1629455730} 0.0 63755.0 8317.0 0.09594805819406035 5 30 21.0 0.0 0.09594805819406035 0
23 ec.gp.GPIndividual@1989727630{1218162875} 0.0 58437.0 10054.0 0.07887407996817188 5 41 21.0 0.0 0.07887407996817188 0
23 ec.gp.GPIndividual@753699996{1785705731} 0.0 64759.0 14578.0 0.30587186170942515 5 35 21.0 0.0 0.30587186170942515 0
23 ec.gp.GPIndividual@559408958{1450991737} 0.0 76020.0 8387.0 0.40527006080839395 5 20 21.0 0.0 0.40527006080839395 0
23 ec.gp.GPIndividual@74741696{90090} 0.0 57478.0 8317.0 0.0018035349284597811 5 43 21.0 0.0 0.0018035349284597811 0
23 ec.gp.GPIndividual@1771618383{1677241749} 0.0 51258.0 10054.0 0.29401233339964195 5 36 21.0 0.0 0.29401233339964195 0
23 ec.gp.GPIndividual@753699996{1785705731} 0.0 23 ec.gp.GPIndividual@945017542{-195477288} 0.0 64302.0 10054.0 0.11039499125310745 72185.0 10054.0 0.3418539884623036 5 35 21.0 0.0 5 28 21.0 0.0 0.11039499125310745 0
0.3418539884623036 0
23 ec.gp.GPIndividual@559408958{1450991737} 0.0 77388.0 14578.0 0.5640005487721224 5 20 21.0 0.0 0.5640005487721224 0
23 ec.gp.GPIndividual@945017542{-195477288} 0.0 72652.0 8387.0 0.15535948491713367 5 28 21.0 0.0 23 ec.gp.GPIndividual@1771618383{1677241749} 0.15535948491713367 0
0.0 51332.0 8387.0 0.5600333850005962 5 36 21.0 0.0 0.5600333850005962 0
23 ec.gp.GPIndividual@753699996{1785705731} 0.0 63755.0 8160.0 0.1170343137254902 5 35 21.0 0.0 0.1170343137254902 0
23 ec.gp.GPIndividual@945017542{-195477288} 0.0 72433.0 14578.0 0.5290849224859377 5 28 21.0 0.0 0.5290849224859377 0
23 ec.gp.GPIndividual@1436131091{1952229353} 0.0 57428.0 8160.0 0.011274509803921568 5 41 21.0 0.0 0.011274509803921568 0
23 ec.gp.GPIndividual@559408958{1450991737} 0.0 77180.0 10861.0 0.4339379430991621 5 20 21.0 0.0 0.4339379430991621 0
23 ec.gp.GPIndividual@945017542{-195477288} 0.0 72355.0 10861.0 0.3751035816223184 5 28 21.0 0.0 0.3751035816223184 0
23 ec.gp.GPIndividual@753699996{1785705731} 0.0 64747.0 12802.0 0.21051398219028278 5 35 21.0 0.0 0.21051398219028278 0
23 ec.gp.GPIndividual@1771618383{1677241749} 0.0 50994.0 14578.0 0.12566881602414598 5 36 21.0 0.0 0.12566881602414598 0
23 ec.gp.GPIndividual@1989727630{1218162875} 23 ec.gp.GPIndividual@945017542{-195477288} 0.0 0.0 58132.0 8160.0 0.06784309049719804 73127.0 8160.0 0.07365196078431373 5 41 21.0 0.0 5 28 21.0 0.0 0.06784309049719804 0
0.07365196078431373 0
23 ec.gp.GPIndividual@559408958{1450991737} 0.0 76020.0 8160.0 0.38872549019607844 23 ec.gp.GPIndividual@753699996{1785705731} 5 20 21.0 0.0 0.0 0.38872549019607844 0
23 ec.gp.GPIndividual@945017542{-195477288} 0.0 72109.0 12802.0 0.4890642087173879 5 28 21.0 0.0 0.4890642087173879 0
64302.0 10087.0 0.042133439080003963 23 ec.gp.GPIndividual@1771618383{1677241749} 0.0 5 35 21.0 0.0 50897.0 10861.0 0.16462572507135623 0.042133439080003963 0
5 36 21.0 0.0 0.16462572507135623 0
23 ec.gp.GPIndividual@945017542{-195477288} 0.0 72010.0 10087.0 0.36135620105085753 5 28 21.0 0.0 0.36135620105085753 0
23 ec.gp.GPIndividual@945017542{-195477288} 0.0 73127.0 8317.0 0.0911386317181676 5 28 21.0 0.0 0.0911386317181676 0
23 ec.gp.GPIndividual@559408958{1450991737} 0.0 77059.0 12802.0 0.5292141852835495 5 20 21.0 0.0 0.5292141852835495 0
23 ec.gp.GPIndividual@753699996{1785705731} 0.0 63755.0 8317.0 0.09594805819406035 5 35 21.0 0.0 0.09594805819406035 0
23 ec.gp.GPIndividual@1771618383{1677241749} 0.0 50363.0 8160.0 0.4846813725490196 5 36 21.0 0.0 0.4846813725490196 0
23 ec.gp.GPIndividual@559408958{1450991737} 0.0 77180.0 10087.0 0.39050262714384854 5 20 21.0 0.0 0.39050262714384854 0
23 ec.gp.GPIndividual@1436131091{1952229353} 0.0 58951.0 12802.0 0.2364474300890486 5 41 21.0 0.0 0.2364474300890486 0
23 ec.gp.GPIndividual@1771618383{1677241749} 0.0 50982.0 12802.0 0.005311670051554445 5 36 21.0 0.0 0.005311670051554445 0
23 ec.gp.GPIndividual@559408958{1450991737} 0.0 76020.0 8317.0 0.4002645184561741 5 20 21.0 0.0 0.4002645184561741 0
23 ec.gp.GPIndividual@1771618383{1677241749} 0.0 50897.0 10087.0 0.2539902845246357 5 36 21.0 0.0 0.2539902845246357 0
23 ec.gp.GPIndividual@1989727630{1218162875} 0.0 58656.0 14578.0 0.3497050349842228 5 41 21.0 0.0 0.3497050349842228 0
23 ec.gp.GPIndividual@1131472143{2098931434} 0.0 58437.0 10054.0 0.07887407996817188 5 42 21.0 0.0 0.07887407996817188 0
23 ec.gp.GPIndividual@1771618383{1677241749} 0.0 50363.0 8317.0 0.4566550438860166 5 36 21.0 0.0 0.4566550438860166 0
23 ec.gp.GPIndividual@1436131091{1952229353} 0.0 57079.0 10087.0 0.21651630811936157 5 41 21.0 0.0 0.21651630811936157 0
23 ec.gp.GPIndividual@118617287{261283799} 0.0 71230.0 10054.0 0.4368410582852596 5 39 21.0 0.0 0.4368410582852596 0
23 ec.gp.GPIndividual@1989727630{1218162875} 0.0 58437.0 10861.0 0.14731608507503913 5 41 21.0 0.0 0.14731608507503913 0
23 ec.gp.GPIndividual@1131472143{2098931434} 0.0 58132.0 8387.0 0.06784309049719804 5 42 21.0 0.0 0.06784309049719804 0
23 ec.gp.GPIndividual@118617287{261283799} 0.0 72176.0 8387.0 0.2121139859306069 5 39 21.0 0.0 0.2121139859306069 0
23 ec.gp.GPIndividual@118617287{261283799} 0.0 71098.0 14578.0 0.6206612704074633 5 39 21.0 0.0 0.6206612704074633 0
23 ec.gp.GPIndividual@1989727630{1218162875} 0.0 57478.0 8160.0 0.017401960784313726 5 41 21.0 0.0 23 ec.gp.GPIndividual@1436131091{1952229353} 0.017401960784313726 0
0.0 57428.0 8317.0 0.007815318023325718 5 41 21.0 0.0 0.007815318023325718 0
23 ec.gp.GPIndividual@1131472143{2098931434} 0.0 58569.0 14578.0 0.3556729318150638 5 42 21.0 0.0 0.3556729318150638 0
23 ec.gp.GPIndividual@118617287{261283799} 0.0 70855.0 10861.0 0.5132124113801676 5 39 21.0 0.0 0.5132124113801676 0
23 ec.gp.GPIndividual@1255513492{1101162177} 0.0 45045.0 10054.0 0.21951462104634972 5 45 21.0 0.0 0.21951462104634972 0
23 ec.gp.GPIndividual@118617287{261283799} 0.0 71302.0 8160.0 0.29730392156862745 5 39 21.0 0.0 0.29730392156862745 0
23 ec.gp.GPIndividual@1255513492{1101162177} 0.0 45046.0 8387.0 0.4620245618218672 5 45 21.0 0.0 0.4620245618218672 0
23 ec.gp.GPIndividual@1131472143{2098931434} 0.0 58437.0 10861.0 0.14731608507503913 5 42 21.0 0.0 0.14731608507503913 0
23 ec.gp.GPIndividual@118617287{261283799} 0.0 71503.0 12802.0 0.5364005624121231 5 39 21.0 0.0 0.5364005624121231 0
23 ec.gp.GPIndividual@1989727630{1218162875} 0.0 58832.0 12802.0 0.24574285267926887 5 41 21.0 0.0 0.24574285267926887 0
23 ec.gp.GPIndividual@1255513492{1101162177} 0.0 45483.0 14578.0 0.12889285224310604 5 45 21.0 0.0 0.12889285224310604 0
23 ec.gp.GPIndividual@118617287{261283799} 0.0 70834.0 10087.0 0.47794190542282144 5 39 21.0 0.0 0.47794190542282144 0
23 ec.gp.GPIndividual@1255513492{1101162177} 0.0 45045.0 10861.0 0.12890157444065925 5 45 21.0 0.0 0.12890157444065925 0
23 ec.gp.GPIndividual@118617287{261283799} 0.0 71302.0 8317.0 0.3105687146807743 5 39 21.0 0.0 0.3105687146807743 0
23 ec.gp.GPIndividual@1131472143{2098931434} 0.0 57478.0 8160.0 0.017401960784313726 5 42 21.0 0.0 0.017401960784313726 0
23 ec.gp.GPIndividual@1989727630{1218162875} 0.0 57855.0 10087.0 0.1395856052344602 5 41 21.0 0.0 0.1395856052344602 0
23 ec.gp.GPIndividual@1255513492{1101162177} 0.0 45046.0 8160.0 0.5026960784313725 5 45 21.0 0.0 0.5026960784313725 0
23 ec.gp.GPIndividual@288320972{2082690571} 1.0 16117.0 10054.0 0.6030435647503481 5 33 21.0 0.0 0.6030435647503481 0
23 ec.gp.GPIndividual@1255513492{1101162177} 0.0 45771.0 12802.0 0.014450867052023121 5 45 21.0 0.0 0.014450867052023121 0
23 ec.gp.GPIndividual@483508958{90090} 0.0 58437.0 10054.0 0.07887407996817188 5 43 21.0 0.0 0.07887407996817188 0
23 ec.gp.GPIndividual@1131472143{2098931434} 0.0 59163.0 12802.0 0.21988751757537886 5 42 21.0 0.0 0.21988751757537886 0
23 ec.gp.GPIndividual@1989727630{1218162875} 0.0 57478.0 8317.0 0.0018035349284597811 5 41 21.0 0.0 0.0018035349284597811 0
23 ec.gp.GPIndividual@1255513492{1101162177} 0.0 44701.0 10087.0 0.1814216318033112 5 45 21.0 0.0 0.1814216318033112 0
23 ec.gp.GPIndividual@176736638{477052472} 0.0 73891.0 10054.0 0.17217028048537894 5 40 21.0 0.0 0.17217028048537894 0
23 ec.gp.GPIndividual@176736638{477052472} 0.0 73857.0 8387.0 0.011684750208656254 5 40 21.0 0.0 0.011684750208656254 0
23 ec.gp.GPIndividual@1255513492{1101162177} 0.0 45046.0 8317.0 0.47432968618492244 5 45 21.0 0.0 0.47432968618492244 0
23 ec.gp.GPIndividual@176736638{477052472} 0.0 73731.0 14578.0 0.44004664563040197 5 40 21.0 0.0 0.44004664563040197 0
23 ec.gp.GPIndividual@483508958{90090} 0.0 58132.0 8387.0 0.06784309049719804 5 43 21.0 0.0 0.06784309049719804 0
23 ec.gp.GPIndividual@176736638{477052472} 0.0 73517.0 10861.0 0.2681152748365712 5 40 21.0 0.0 0.2681152748365712 0
23 ec.gp.GPIndividual@1131472143{2098931434} 0.0 57865.0 10087.0 0.13859423019728362 5 42 21.0 0.0 0.13859423019728362 0
23 ec.gp.GPIndividual@176736638{477052472} 0.0 74158.0 8160.0 0.05269607843137255 5 40 21.0 0.0 0.05269607843137255 0
23 ec.gp.GPIndividual@176736638{477052472} 0.0 73551.0 12802.0 0.37642555850648335 5 40 21.0 0.0 0.37642555850648335 0
23 ec.gp.GPIndividual@176736638{477052472} 0.0 73960.0 10087.0 0.16803806880142758 5 40 21.0 0.0 0.16803806880142758 0
23 ec.gp.GPIndividual@176736638{477052472} 0.0 74158.0 8317.0 0.03282433569796802 5 40 21.0 0.0 0.03282433569796802 0
23 ec.gp.GPIndividual@483508958{90090} 23 ec.gp.GPIndividual@1131472143{2098931434} 0.0 0.0 58569.0 8317.0 0.3556729318150638 5 43 21.0 0.0 0.3556729318150638 0
57478.0 8317.0 0.0018035349284597811 5 42 21.0 0.0 0.0018035349284597811 0
23 ec.gp.GPIndividual@483508958{90090} 0.0 58437.0 10861.0 0.14731608507503913 5 43 21.0 0.0 0.14731608507503913 0
23 ec.gp.GPIndividual@1958672795{2001244493} 0.0 58437.0 10054.0 0.07887407996817188 5 41 21.0 0.0 0.07887407996817188 0
23 ec.gp.GPIndividual@483508958{90090} 0.0 57478.0 8160.0 0.017401960784313726 5 43 21.0 0.0 0.017401960784313726 0
23 ec.gp.GPIndividual@1958672795{2001244493} 0.0 58132.0 8387.0 0.06784309049719804 5 41 21.0 0.0 0.06784309049719804 0
23 ec.gp.GPIndividual@288320972{2082690571} 1.0 16493.0 8387.0 0.966495767258853 5 33 21.0 0.0 0.966495767258853 0
23 ec.gp.GPIndividual@483508958{90090} 0.0 59163.0 12802.0 0.21988751757537886 5 43 21.0 0.0 0.21988751757537886 0
23 ec.gp.GPIndividual@1958672795{2001244493} 0.0 58656.0 14578.0 0.3497050349842228 5 41 21.0 0.0 0.3497050349842228 0
23 ec.gp.GPIndividual@483508958{90090} 0.0 57865.0 10087.0 0.13859423019728362 5 43 21.0 0.0 0.13859423019728362 0
23 ec.gp.GPIndividual@1958672795{2001244493} 0.0 58437.0 10861.0 0.14731608507503913 5 41 21.0 0.0 0.14731608507503913 0
23 ec.gp.GPIndividual@483508958{90090} 0.0 57478.0 8317.0 0.0018035349284597811 5 43 21.0 0.0 0.0018035349284597811 0
23 ec.gp.GPIndividual@940368694{2095461812} 0.0 64425.0 10054.0 0.02675552019096877 5 31 21.0 0.0 0.02675552019096877 0
23 ec.gp.GPIndividual@1958672795{2001244493} 23 ec.gp.GPIndividual@940368694{2095461812} 0.0 0.0 64499.0 8387.0 0.17550971741981639 57478.0 8387.0 0.017401960784313726 5 31 21.0 0.0 5 41 21.0 0.0 0.17550971741981639 0
0.017401960784313726 0
23 ec.gp.GPIndividual@940368694{2095461812} 0.0 64759.0 14578.0 0.30587186170942515 5 31 21.0 0.0 0.30587186170942515 0
23 ec.gp.GPIndividual@940368694{2095461812} 0.0 64302.0 10861.0 0.11039499125310745 5 31 21.0 0.0 0.11039499125310745 0
23 ec.gp.GPIndividual@940368694{2095461812} 0.0 63755.0 8160.0 0.1170343137254902 5 31 21.0 0.0 0.1170343137254902 0
23 ec.gp.GPIndividual@940368694{2095461812} 0.0 64747.0 12802.0 0.21051398219028278 5 31 21.0 0.0 0.21051398219028278 0
23 ec.gp.GPIndividual@1958672795{2001244493} 0.0 58832.0 12802.0 0.24574285267926887 5 41 21.0 0.0 0.24574285267926887 0
23 ec.gp.GPIndividual@940368694{2095461812} 0.0 64302.0 10087.0 0.042133439080003963 5 31 21.0 0.0 0.042133439080003963 0
23 ec.gp.GPIndividual@940368694{2095461812} 0.0 63755.0 8317.0 0.09594805819406035 5 31 21.0 0.0 0.09594805819406035 0
23 ec.gp.GPIndividual@1958672795{2001244493} 0.0 57855.0 10087.0 0.1395856052344602 5 41 21.0 0.0 0.1395856052344602 0
23 ec.gp.GPIndividual@1958672795{2001244493} 0.0 57478.0 8317.0 0.0018035349284597811 5 41 21.0 0.0 0.0018035349284597811 0
23 ec.gp.GPIndividual@288320972{2082690571} 1.0 16982.0 14578.0 0.16490602277404307 5 33 21.0 0.0 0.16490602277404307 0
23 ec.gp.GPIndividual@288320972{2082690571} 1.0 13350.0 10861.0 0.22916858484485775 5 33 21.0 0.0 0.22916858484485775 0
23 ec.gp.GPIndividual@288320972{2082690571} 1.0 17047.0 8160.0 1.089093137254902 5 33 21.0 0.0 1.089093137254902 0
23 ec.gp.GPIndividual@288320972{2082690571} 1.0 13976.0 12802.0 0.09170442118418998 5 33 21.0 0.0 0.09170442118418998 0
23 ec.gp.GPIndividual@288320972{2082690571} 1.0 15439.0 10087.0 0.530583919896897 5 33 21.0 0.0 0.530583919896897 0
23 ec.gp.GPIndividual@288320972{2082690571} 1.0 17047.0 8317.0 1.0496573283635926 5 33 21.0 0.0 1.0496573283635926 0
23 ec.gp.GPIndividual@1266041219{-68407730} 0.0 62610.0 10054.0 0.20728068430475433 5 30 21.0 0.0 0.20728068430475433 0
23 ec.gp.GPIndividual@1266041219{-68407730} 0.0 62610.0 8387.0 0.04971980445928222 5 30 21.0 0.0 0.04971980445928222 0
23 ec.gp.GPIndividual@1266041219{-68407730} 0.0 63260.0 14578.0 0.4086980381396625 5 30 21.0 0.0 0.4086980381396625 0
23 ec.gp.GPIndividual@1266041219{-68407730} 0.0 62643.0 10861.0 0.2631433569652886 5 30 21.0 0.0 0.2631433569652886 0
23 ec.gp.GPIndividual@1266041219{-68407730} 0.0 62597.0 8160.0 0.024877450980392155 5 30 21.0 0.0 0.024877450980392155 0
23 ec.gp.GPIndividual@1266041219{-68407730} 0.0 63227.0 12802.0 0.3292454304014998 5 30 21.0 0.0 0.3292454304014998 0
23 ec.gp.GPIndividual@1266041219{-68407730} 0.0 62643.0 10087.0 0.20660255774759592 5 30 21.0 0.0 0.20660255774759592 0
23 ec.gp.GPIndividual@1266041219{-68407730} 0.0 62597.0 8317.0 0.04328483828303475 5 30 21.0 0.0 0.04328483828303475 0
24 ec.gp.GPIndividual@1397967547{775484441} 0.0 57753.0 10054.0 0.14690670379948279 5 36 21.0 0.0 0.14690670379948279 0
24 ec.gp.GPIndividual@1131058013{1940435920} 0.0 58437.0 10054.0 0.07887407996817188 5 39 21.0 0.0 0.07887407996817188 0
24 ec.gp.GPIndividual@684224308{-1338057849} 0.0 63071.0 10054.0 0.1614282872488562 5 39 21.0 0.0 0.1614282872488562 0
24 ec.gp.GPIndividual@398055104{-1077422028} 0.0 58437.0 10054.0 0.07887407996817188 5 36 21.0 0.0 0.07887407996817188 0
24 ec.gp.GPIndividual@748686116{2098931434} 0.0 58437.0 10054.0 0.07887407996817188 5 42 21.0 0.0 0.07887407996817188 0
24 ec.gp.GPIndividual@537433648{-224504827} 0.0 53688.0 10054.0 0.0077581062263775615 5 42 21.0 0.0 0.0077581062263775615 0
24 ec.gp.GPIndividual@1131058013{1940435920} 0.0 57526.0 8387.0 0.0044115893644926674 5 39 21.0 0.0 0.0044115893644926674 0
24 ec.gp.GPIndividual@684224308{-1338057849} 0.0 63510.0 8387.0 0.05758912602837725 5 39 21.0 0.0 0.05758912602837725 0
24 ec.gp.GPIndividual@398055104{-1077422028} 0.0 58132.0 8387.0 0.06784309049719804 5 36 21.0 0.0 0.06784309049719804 0
24 ec.gp.GPIndividual@748686116{2098931434} 0.0 58132.0 8387.0 0.06784309049719804 5 42 21.0 0.0 0.06784309049719804 0
24 ec.gp.GPIndividual@1131058013{1940435920} 0.0 58569.0 14578.0 0.3556729318150638 5 39 21.0 0.0 0.3556729318150638 0
24 ec.gp.GPIndividual@537433648{-224504827} 0.0 53859.0 8387.0 0.2098485751758674 5 42 21.0 0.0 0.2098485751758674 0
24 ec.gp.GPIndividual@684224308{-1338057849} 0.0 62380.0 14578.0 0.46906297160104266 5 39 21.0 0.0 0.46906297160104266 0
24 ec.gp.GPIndividual@1131058013{1940435920} 0.0 58437.0 10861.0 0.14731608507503913 5 39 21.0 0.0 0.14731608507503913 0
24 ec.gp.GPIndividual@398055104{-1077422028} 0.0 58569.0 14578.0 0.3556729318150638 5 36 21.0 0.0 0.3556729318150638 0
24 ec.gp.GPIndividual@748686116{2098931434} 0.0 58569.0 14578.0 0.3556729318150638 5 42 21.0 0.0 0.3556729318150638 0
24 ec.gp.GPIndividual@684224308{-1338057849} 0.0 61409.0 10861.0 0.37676088757941256 5 39 21.0 0.0 0.37676088757941256 0
24 ec.gp.GPIndividual@537433648{-224504827} 0.0 54046.0 14578.0 0.2911236109205652 5 42 21.0 0.0 0.2911236109205652 0
24 ec.gp.GPIndividual@1397967547{775484441} 24 ec.gp.GPIndividual@1131058013{1940435920} 0.0 0.0 47128.0 8160.0 0.058781447478240136 57526.0 8160.0 0.023284313725490197 5 36 21.0 0.0 5 39 21.0 0.0 0.058781447478240136 0
0.023284313725490197 0
24 ec.gp.GPIndividual@398055104{-1077422028} 0.0 58437.0 10861.0 0.14731608507503913 5 36 21.0 0.0 0.14731608507503913 0
24 ec.gp.GPIndividual@684224308{-1338057849} 24 ec.gp.GPIndividual@748686116{2098931434} 0.0 0.0 62403.0 10861.0 0.048651960784313726 58437.0 10861.0 0.14731608507503913 5 39 21.0 0.0 5 42 21.0 0.0 0.048651960784313726 0
24 ec.gp.GPIndividual@1397967547{775484441} 0.0 57972.0 14578.0 0.39662505144738647 0.14731608507503913 0
5 36 21.0 0.0 0.39662505144738647 0
24 ec.gp.GPIndividual@537433648{-224504827} 0.0 53624.0 10861.0 0.08737685296013259 5 42 21.0 0.0 0.08737685296013259 0
24 ec.gp.GPIndividual@1397967547{775484441} 0.0 57753.0 10861.0 0.21029371144461836 5 36 21.0 0.0 0.21029371144461836 0
24 ec.gp.GPIndividual@1131058013{1940435920} 0.0 58086.0 12802.0 0.30401499765661616 5 39 21.0 0.0 0.30401499765661616 0
24 ec.gp.GPIndividual@398055104{-1077422028} 0.0 24 ec.gp.GPIndividual@684224308{-1338057849} 0.0 57478.0 12802.0 0.017401960784313726 62187.0 12802.0 0.41048273707233246 5 36 21.0 0.0 5 39 21.0 0.0 0.017401960784313726 0
0.41048273707233246 0
24 ec.gp.GPIndividual@748686116{2098931434} 0.0 57478.0 8160.0 0.017401960784313726 5 42 21.0 0.0 0.017401960784313726 0
24 ec.gp.GPIndividual@1131058013{1940435920} 0.0 57865.0 10087.0 0.13859423019728362 5 39 21.0 0.0 0.13859423019728362 0
24 ec.gp.GPIndividual@537433648{-224504827} 0.0 53859.0 8160.0 0.2435049019607843 5 42 21.0 0.0 0.2435049019607843 0
24 ec.gp.GPIndividual@684224308{-1338057849} 0.0 60371.0 10087.0 0.4318429661941112 5 39 21.0 0.0 0.4318429661941112 0
24 ec.gp.GPIndividual@398055104{-1077422028} 0.0 59163.0 12802.0 0.21988751757537886 5 36 21.0 0.0 0.21988751757537886 0
24 ec.gp.GPIndividual@748686116{2098931434} 0.0 59163.0 12802.0 0.21988751757537886 5 42 21.0 0.0 0.21988751757537886 0
24 ec.gp.GPIndividual@1131058013{1940435920} 0.0 57695.0 8317.0 0.024287603703258387 5 39 21.0 0.0 0.024287603703258387 0
24 ec.gp.GPIndividual@684224308{-1338057849} 0.0 63175.0 8317.0 0.026211374293615485 5 39 21.0 0.0 0.026211374293615485 0
24 ec.gp.GPIndividual@537433648{-224504827} 0.0 53799.0 12802.0 0.21207623808779877 5 42 21.0 0.0 0.21207623808779877 0
24 ec.gp.GPIndividual@59327332{1237743646} 0.0 67406.0 10054.0 0.27372190173065447 5 38 21.0 0.0 0.27372190173065447 0
24 ec.gp.GPIndividual@398055104{-1077422028} 0.0 57865.0 10087.0 0.13859423019728362 5 36 21.0 0.0 0.13859423019728362 0
24 ec.gp.GPIndividual@1611173597{-2047477640} 0.0 18375.0 10054.0 0.8276307937139447 5 36 21.0 0.0 0.8276307937139447 0
24 ec.gp.GPIndividual@748686116{2098931434} 0.0 57865.0 10087.0 0.13859423019728362 5 42 21.0 0.0 0.13859423019728362 0
24 ec.gp.GPIndividual@1611173597{-2047477640} 0.0 18547.0 8387.0 1.2113985930606892 5 36 21.0 0.0 1.2113985930606892 0
24 ec.gp.GPIndividual@59327332{1237743646} 0.0 67591.0 8387.0 0.10730893048765948 5 38 21.0 0.0 0.10730893048765948 0
24 ec.gp.GPIndividual@537433648{-224504827} 0.0 53624.0 10087.0 0.01734906315058987 5 42 21.0 0.0 0.01734906315058987 0
24 ec.gp.GPIndividual@1611173597{-2047477640} 0.0 17875.0 14578.0 0.22616271093428453 5 36 21.0 0.0 0.22616271093428453 0
24 ec.gp.GPIndividual@398055104{-1077422028} 0.0 57478.0 8317.0 0.0018035349284597811 5 36 21.0 0.0 0.0018035349284597811 0
24 ec.gp.GPIndividual@748686116{2098931434} 0.0 57478.0 8317.0 0.0018035349284597811 5 42 21.0 0.0 0.0018035349284597811 0
24 ec.gp.GPIndividual@59327332{1237743646} 0.0 68259.0 14578.0 0.44059541775277816 5 38 21.0 0.0 0.44059541775277816 0
24 ec.gp.GPIndividual@1397967547{775484441} 0.0 42027.0 8160.0 0.13272058823529412 5 36 21.0 0.0 0.13272058823529412 0
24 ec.gp.GPIndividual@1611173597{-2047477640} 0.0 18174.0 10861.0 0.6733265813461007 5 36 21.0 0.0 24 ec.gp.GPIndividual@939760599{1806631481} 0.6733265813461007 0
0.0 64425.0 10054.0 0.02675552019096877 5 35 21.0 0.0 0.02675552019096877 0
24 ec.gp.GPIndividual@939760599{1806631481} 0.0 24 ec.gp.GPIndividual@528924476{967501447} 64499.0 10054.0 0.17550971741981639 0.0 5 35 21.0 0.0 0.17550971741981639 0
63468.0 10054.0 0.12194151581460115 5 36 21.0 0.0 0.12194151581460115 0
24 ec.gp.GPIndividual@1611173597{-2047477640} 0.0 17247.0 8160.0 1.1136029411764705 5 36 21.0 0.0 1.1136029411764705 0
24 ec.gp.GPIndividual@59327332{1237743646} 0.0 68155.0 10861.0 0.25872387441303746 5 38 21.0 0.0 0.25872387441303746 0
24 ec.gp.GPIndividual@939760599{1806631481} 24 ec.gp.GPIndividual@537433648{-224504827} 0.0 0.0 64759.0 8317.0 0.30587186170942515 53859.0 8317.0 0.2200312612720933 5 35 21.0 0.0 5 42 21.0 0.0 0.30587186170942515 0
0.2200312612720933 0
24 ec.gp.GPIndividual@939760599{1806631481} 0.0 64302.0 10861.0 0.11039499125310745 5 35 21.0 0.0 0.11039499125310745 0
24 ec.gp.GPIndividual@98015225{260456886} 0.0 80461.0 10054.0 0.6056296001591407 5 28 21.0 0.0 0.6056296001591407 0
24 ec.gp.GPIndividual@1611173597{-2047477640} 0.0 24 ec.gp.GPIndividual@528924476{967501447} 24 ec.gp.GPIndividual@1397967547{775484441} 0.0 0.0 18017.0 12802.0 0.4073582252773004 62727.0 12802.0 0.03576964349588649 68463.0 12802.0 0.3470551476331823 5 36 21.0 0.0 5 36 21.0 0.0 5 36 21.0 0.0 0.03576964349588649 0
0.3470551476331823 0
0.4073582252773004 0
24 ec.gp.GPIndividual@939760599{1806631481} 0.0 63755.0 8160.0 0.1170343137254902 5 35 21.0 0.0 0.1170343137254902 0
24 ec.gp.GPIndividual@59327332{1237743646} 0.0 24 ec.gp.GPIndividual@98015225{260456886} 67899.0 8160.0 0.044730392156862746 0.0 5 38 21.0 0.0 0.044730392156862746 0
82108.0 8160.0 0.33086920233695005 5 28 21.0 0.0 0.33086920233695005 0
24 ec.gp.GPIndividual@939760599{1806631481} 0.0 64747.0 12802.0 0.21051398219028278 5 35 21.0 0.0 0.21051398219028278 0
24 ec.gp.GPIndividual@1397967547{775484441} 0.0 57753.0 10087.0 0.14969763061366115 5 36 21.0 0.0 0.14969763061366115 0
24 ec.gp.GPIndividual@1611173597{-2047477640} 0.0 18174.0 10087.0 0.8017249925646872 5 36 21.0 0.0 0.8017249925646872 0
24 ec.gp.GPIndividual@98015225{260456886} 0.0 81598.0 14578.0 0.6500205789545891 5 28 21.0 0.0 0.6500205789545891 0
24 ec.gp.GPIndividual@939760599{1806631481} 0.0 64302.0 10087.0 0.042133439080003963 5 35 21.0 0.0 0.042133439080003963 0
24 ec.gp.GPIndividual@528924476{967501447} 0.0 63587.0 14578.0 0.38626697763753604 5 36 21.0 0.0 0.38626697763753604 0
24 ec.gp.GPIndividual@98015225{260456886} 0.0 81404.0 10861.0 0.5481079090323174 5 28 21.0 0.0 0.5481079090323174 0
24 ec.gp.GPIndividual@939760599{1806631481} 0.0 63755.0 8317.0 0.09594805819406035 5 35 21.0 0.0 0.09594805819406035 0
24 ec.gp.GPIndividual@59327332{1237743646} 0.0 68321.0 12802.0 0.358147164505546 5 38 21.0 0.0 0.358147164505546 0
24 ec.gp.GPIndividual@1611173597{-2047477640} 0.0 17247.0 8317.0 1.0737044607430564 5 36 21.0 0.0 1.0737044607430564 0
24 ec.gp.GPIndividual@98015225{260456886} 0.0 80323.0 8160.0 0.5310049019607843 5 28 21.0 0.0 0.5310049019607843 0
24 ec.gp.GPIndividual@178507293{1694480240} 0.0 70411.0 10054.0 0.02516411378555799 5 29 21.0 0.0 0.02516411378555799 0
24 ec.gp.GPIndividual@98015225{260456886} 0.0 80801.0 12802.0 0.6637244180596782 5 28 21.0 0.0 0.6637244180596782 0
24 ec.gp.GPIndividual@528924476{967501447} 24 ec.gp.GPIndividual@178507293{1694480240} 0.0 0.0 70590.0 8387.0 0.2502682723262191 63468.0 8387.0 0.1871835005984716 5 29 21.0 0.0 5 36 21.0 0.0 0.2502682723262191 0
0.1871835005984716 0
24 ec.gp.GPIndividual@561773251{2003505019} 0.0 67577.0 10054.0 0.25671374577282674 5 38 21.0 0.0 0.25671374577282674 0
24 ec.gp.GPIndividual@178507293{1694480240} 0.0 70786.0 14578.0 0.26725202359720124 5 29 21.0 0.0 0.26725202359720124 0
24 ec.gp.GPIndividual@98015225{260456886} 0.0 80811.0 10087.0 0.5722216714583127 5 28 21.0 0.0 0.5722216714583127 0
24 ec.gp.GPIndividual@59327332{1237743646} 0.0 67583.0 10087.0 0.25855060969564786 5 38 21.0 0.0 0.25855060969564786 0
24 ec.gp.GPIndividual@178507293{1694480240} 0.0 70411.0 10861.0 0.0510081944572323 5 29 21.0 0.0 0.0510081944572323 0
24 ec.gp.GPIndividual@98015225{260456886} 0.0 80323.0 8317.0 0.5398581219189612 5 28 21.0 0.0 0.5398581219189612 0
24 ec.gp.GPIndividual@178507293{1694480240} 0.0 70590.0 8160.0 0.2850490196078431 5 29 21.0 0.0 0.2850490196078431 0
24 ec.gp.GPIndividual@561773251{2003505019} 0.0 24 ec.gp.GPIndividual@528924476{967501447} 68180.0 8160.0 0.037081197090735665 0.0 5 38 21.0 0.0 0.037081197090735665 0
24 ec.gp.GPIndividual@178507293{1694480240} 0.0 70412.0 12802.0 0.19481331042024683 5 29 21.0 0.0 62727.0 8160.0 0.008946078431372548 0.19481331042024683 0
5 36 21.0 0.0 0.008946078431372548 0
24 ec.gp.GPIndividual@178507293{1694480240} 0.0 70411.0 10087.0 0.021810250817884406 5 29 21.0 0.0 0.021810250817884406 0
24 ec.gp.GPIndividual@59327332{1237743646} 0.0 66999.0 8317.0 0.17097511121798725 5 38 21.0 0.0 0.17097511121798725 0
24 ec.gp.GPIndividual@178507293{1694480240} 0.0 70590.0 8317.0 0.26079115065528435 5 29 21.0 0.0 0.26079115065528435 0
24 ec.gp.GPIndividual@903022184{-487693329} 0.0 51890.0 10054.0 0.18659240103441416 5 46 21.0 0.0 0.18659240103441416 0
24 ec.gp.GPIndividual@561773251{2003505019} 0.0 67522.0 14578.0 0.49115104952668404 5 38 21.0 0.0 0.49115104952668404 0
24 ec.gp.GPIndividual@528924476{967501447} 24 ec.gp.GPIndividual@1939930259{823927405} 0.0 0.0 62887.0 12802.0 0.355803780659272 57704.0 12802.0 0.1517803859160533 5 36 21.0 0.0 5 40 21.0 0.0 0.355803780659272 0
0.1517803859160533 0
24 ec.gp.GPIndividual@117043697{1162001222} 0.0 67406.0 10054.0 0.27372190173065447 5 39 21.0 0.0 0.27372190173065447 0
24 ec.gp.GPIndividual@1939930259{823927405} 0.0 57754.0 8387.0 0.022773339692381066 5 40 21.0 0.0 0.022773339692381066 0
24 ec.gp.GPIndividual@903022184{-487693329} 0.0 52679.0 8387.0 0.06915464409204722 5 46 21.0 0.0 0.06915464409204722 0
24 ec.gp.GPIndividual@561773251{2003505019} 0.0 66820.0 10861.0 0.38164073289752326 5 38 21.0 0.0 0.38164073289752326 0
24 ec.gp.GPIndividual@528924476{967501447} 0.0 62896.0 10087.0 0.18152076930702885 5 36 21.0 0.0 0.18152076930702885 0
24 ec.gp.GPIndividual@117043697{1162001222} 0.0 67591.0 8387.0 0.10730893048765948 5 39 21.0 0.0 0.10730893048765948 0
24 ec.gp.GPIndividual@1939930259{823927405} 0.0 58412.0 14578.0 0.3664425847166964 5 40 21.0 0.0 0.3664425847166964 0
24 ec.gp.GPIndividual@561773251{2003505019} 0.0 68236.0 8160.0 0.003431372549019608 5 38 21.0 0.0 0.003431372549019608 0
24 ec.gp.GPIndividual@903022184{-487693329} 0.0 24 ec.gp.GPIndividual@1397967547{775484441} 54294.0 8317.0 0.27411167512690354 24 ec.gp.GPIndividual@1939930259{823927405} 0.0 0.0 5 46 21.0 0.0 57704.0 10861.0 0.21480526655004142 42071.0 10861.0 0.11662859204039919 5 40 21.0 0.0 0.27411167512690354 0
24 ec.gp.GPIndividual@528924476{967501447} 0.0 62727.0 8317.0 0.02765420223638331 5 36 21.0 0.0 0.02765420223638331 0
0.21480526655004142 0
5 36 21.0 0.0 0.11662859204039919 0
24 ec.gp.GPIndividual@117043697{1162001222} 0.0 68259.0 14578.0 0.44059541775277816 5 39 21.0 0.0 0.44059541775277816 0
24 ec.gp.GPIndividual@561773251{2003505019} 0.0 67205.0 12802.0 0.4453210435869395 5 38 21.0 0.0 0.4453210435869395 0
24 ec.gp.GPIndividual@1939930259{823927405} 0.0 57754.0 8160.0 0.05122549019607843 5 40 21.0 0.0 0.05122549019607843 0
24 ec.gp.GPIndividual@903022184{-487693329} 0.0 52990.0 10861.0 0.14575085167111684 5 46 21.0 0.0 0.14575085167111684 0
24 ec.gp.GPIndividual@117043697{1162001222} 0.0 68155.0 10861.0 0.25872387441303746 5 39 21.0 0.0 0.25872387441303746 0
24 ec.gp.GPIndividual@1939930259{823927405} 0.0 58793.0 12802.0 0.2487892516794251 5 40 21.0 0.0 0.2487892516794251 0
24 ec.gp.GPIndividual@231950624{-1089252826} 0.0 57704.0 10054.0 0.1517803859160533 5 43 21.0 0.0 0.1517803859160533 0
24 ec.gp.GPIndividual@1974495221{-1802578757} 0.0 58437.0 10054.0 0.07887407996817188 5 41 21.0 0.0 0.07887407996817188 0
24 ec.gp.GPIndividual@561773251{2003505019} 0.0 65782.0 10087.0 0.437097253891147 5 38 21.0 0.0 0.437097253891147 0
24 ec.gp.GPIndividual@1939930259{823927405} 0.0 57704.0 10087.0 0.1545553682958263 5 40 21.0 0.0 0.1545553682958263 0
24 ec.gp.GPIndividual@903022184{-487693329} 0.0 52641.0 8160.0 0.09424019607843137 5 46 21.0 0.0 0.09424019607843137 0
24 ec.gp.GPIndividual@117043697{1162001222} 0.0 67899.0 8160.0 0.044730392156862746 5 39 21.0 0.0 0.044730392156862746 0
24 ec.gp.GPIndividual@561773251{2003505019} 0.0 67014.0 8317.0 0.16917157628952748 5 38 21.0 0.0 0.16917157628952748 0
24 ec.gp.GPIndividual@1939930259{823927405} 0.0 57754.0 8317.0 0.03138150775520019 5 40 21.0 0.0 0.03138150775520019 0
24 ec.gp.GPIndividual@231950624{-1089252826} 0.0 57105.0 8387.0 0.054608322403720044 5 43 21.0 0.0 0.054608322403720044 0
24 ec.gp.GPIndividual@410688540{-256682298} 0.0 75859.0 10054.0 0.023572707380147204 5 20 21.0 0.0 0.023572707380147204 0
24 ec.gp.GPIndividual@1974495221{-1802578757} 0.0 58132.0 8387.0 0.06784309049719804 5 41 21.0 0.0 0.06784309049719804 0
24 ec.gp.GPIndividual@903022184{-487693329} 0.0 54024.0 12802.0 0.19450085924074365 5 46 21.0 0.0 0.19450085924074365 0
24 ec.gp.GPIndividual@410688540{-256682298} 0.0 75859.0 8387.0 0.22701800405389294 24 ec.gp.GPIndividual@117043697{1162001222} 5 20 21.0 0.0 0.0 0.22701800405389294 0
68321.0 8387.0 0.358147164505546 24 ec.gp.GPIndividual@1193605701{1615323516} 5 39 21.0 0.0 0.0 0.358147164505546 0
54616.0 10054.0 0.08454346528744779 5 34 21.0 0.0 0.08454346528744779 0
24 ec.gp.GPIndividual@410688540{-256682298} 0.0 75297.0 14578.0 0.3326245026752641 5 20 21.0 0.0 0.3326245026752641 0
24 ec.gp.GPIndividual@410688540{-256682298} 0.0 74886.0 10861.0 0.14206794954424087 5 20 21.0 0.0 0.14206794954424087 0
24 ec.gp.GPIndividual@231950624{-1089252826} 0.0 58412.0 14578.0 0.3664425847166964 5 43 21.0 0.0 0.3664425847166964 0
24 ec.gp.GPIndividual@1193605701{1615323516} 0.0 54818.0 8387.0 0.3241922022177179 5 34 21.0 0.0 0.3241922022177179 0
24 ec.gp.GPIndividual@410688540{-256682298} 24 ec.gp.GPIndividual@903022184{-487693329} 0.0 0.0 75859.0 10087.0 0.26115196078431374 51923.0 10087.0 0.18598195697432338 5 20 21.0 0.0 5 46 21.0 0.0 0.26115196078431374 0
0.18598195697432338 0
24 ec.gp.GPIndividual@1974495221{-1802578757} 0.0 58569.0 14578.0 0.3556729318150638 5 41 21.0 0.0 24 ec.gp.GPIndividual@117043697{1162001222} 0.3556729318150638 0
0.0 67583.0 14578.0 0.25855060969564786 5 39 21.0 0.0 0.25855060969564786 0
24 ec.gp.GPIndividual@410688540{-256682298} 0.0 75297.0 12802.0 0.24004061865333542 5 20 21.0 0.0 0.24004061865333542 0
24 ec.gp.GPIndividual@410688540{-256682298} 0.0 74886.0 10087.0 0.07623674035887776 5 20 21.0 0.0 0.07623674035887776 0
24 ec.gp.GPIndividual@1193605701{1615323516} 0.0 55521.0 14578.0 0.18994375085745643 5 34 21.0 0.0 0.18994375085745643 0
24 ec.gp.GPIndividual@231950624{-1089252826} 0.0 57704.0 10861.0 0.21480526655004142 5 43 21.0 0.0 0.21480526655004142 0
24 ec.gp.GPIndividual@410688540{-256682298} 0.0 75859.0 8317.0 0.2373451965853072 5 20 21.0 0.0 0.2373451965853072 0
24 ec.gp.GPIndividual@903022184{-487693329} 0.0 52641.0 8317.0 0.07358422508115907 5 46 21.0 0.0 0.07358422508115907 0
24 ec.gp.GPIndividual@117043697{1162001222} 0.0 66999.0 8317.0 0.17097511121798725 5 39 21.0 0.0 0.17097511121798725 0
24 ec.gp.GPIndividual@411670535{1745476563} 0.0 87253.0 10054.0 0.47354286851004573 5 23 21.0 0.0 0.47354286851004573 0
24 ec.gp.GPIndividual@411670535{1745476563} 0.0 24 ec.gp.GPIndividual@2044525205{-426420237} 87253.0 10054.0 0.36890425658757603 0.0 5 23 21.0 0.0 24 ec.gp.GPIndividual@1193605701{1615323516} 0.36890425658757603 0
24 ec.gp.GPIndividual@1974495221{-1802578757} 0.0 64425.0 10861.0 0.02675552019096877 58437.0 10861.0 0.14731608507503913 5 32 21.0 0.0 0.02675552019096877 0
0.0 54194.0 14578.0 0.034895497652149894 5 34 21.0 0.0 24 ec.gp.GPIndividual@411670535{1745476563} 0.034895497652149894 0
5 41 21.0 0.0 0.14731608507503913 0
0.0 86788.0 14578.0 0.6688160241459734 5 23 21.0 0.0 0.6688160241459734 0
24 ec.gp.GPIndividual@411670535{1745476563} 0.0 86614.0 10861.0 0.57149433753798 5 23 21.0 0.0 0.57149433753798 0
24 ec.gp.GPIndividual@2044525205{-426420237} 0.0 64499.0 8387.0 0.17550971741981639 5 32 21.0 0.0 0.17550971741981639 0
24 ec.gp.GPIndividual@411670535{1745476563} 0.0 87253.0 8160.0 0.35134803921568625 5 23 21.0 0.0 24 ec.gp.GPIndividual@231950624{-1089252826} 0.35134803921568625 0
0.0 57012.0 8160.0 0.039705882352941174 5 43 21.0 0.0 0.039705882352941174 0
24 ec.gp.GPIndividual@411670535{1745476563} 0.0 86614.0 12802.0 0.6364630526480237 5 23 21.0 0.0 0.6364630526480237 0
24 ec.gp.GPIndividual@411670535{1745476563} 0.0 86614.0 10087.0 0.5386140576980272 5 23 21.0 0.0 0.5386140576980272 0
24 ec.gp.GPIndividual@411670535{1745476563} 0.0 24 ec.gp.GPIndividual@2044525205{-426420237} 0.0 87253.0 14578.0 0.3635926415774919 5 23 21.0 0.0 64759.0 14578.0 0.30587186170942515 0.3635926415774919 0
5 32 21.0 0.0 0.30587186170942515 0
24 ec.gp.GPIndividual@1193605701{1615323516} 0.0 54816.0 8160.0 0.3607843137254902 5 34 21.0 0.0 0.3607843137254902 0
24 ec.gp.GPIndividual@2044525205{-426420237} 0.0 64302.0 10861.0 0.11039499125310745 5 32 21.0 0.0 0.11039499125310745 0
24 ec.gp.GPIndividual@1974495221{-1802578757} 0.0 57478.0 8160.0 0.017401960784313726 5 41 21.0 0.0 0.017401960784313726 0
24 ec.gp.GPIndividual@2044525205{-426420237} 0.0 63755.0 8160.0 0.1170343137254902 5 32 21.0 0.0 0.1170343137254902 0
24 ec.gp.GPIndividual@1193605701{1615323516} 0.0 54844.0 12802.0 0.1304483674425871 5 34 21.0 0.0 24 ec.gp.GPIndividual@231950624{-1089252826} 0.1304483674425871 0
0.0 58793.0 12802.0 0.2487892516794251 5 43 21.0 0.0 0.2487892516794251 0
24 ec.gp.GPIndividual@2044525205{-426420237} 0.0 64747.0 12802.0 0.21051398219028278 5 32 21.0 0.0 0.21051398219028278 0
24 ec.gp.GPIndividual@2044525205{-426420237} 0.0 64302.0 10087.0 0.042133439080003963 5 32 21.0 0.0 0.042133439080003963 0
24 ec.gp.GPIndividual@1193605701{1615323516} 0.0 54194.0 10087.0 0.039159313968474274 5 34 21.0 0.0 0.039159313968474274 0
24 ec.gp.GPIndividual@2044525205{-426420237} 0.0 63755.0 8317.0 0.09594805819406035 5 32 21.0 0.0 0.09594805819406035 0
24 ec.gp.GPIndividual@231950624{-1089252826} 0.0 57704.0 10087.0 0.1545553682958263 5 43 21.0 0.0 0.1545553682958263 0
24 ec.gp.GPIndividual@1974495221{-1802578757} 0.0 59163.0 12802.0 0.21988751757537886 5 41 21.0 0.0 0.21988751757537886 0
24 ec.gp.GPIndividual@1193605701{1615323516} 0.0 54816.0 8317.0 0.33509678970782736 5 34 21.0 0.0 0.33509678970782736 0
24 ec.gp.GPIndividual@495012488{405149779} 0.0 62170.0 10054.0 0.25104436045355083 5 39 21.0 0.0 0.25104436045355083 0
24 ec.gp.GPIndividual@231950624{-1089252826} 0.0 57012.0 8317.0 0.057833353372610315 5 43 21.0 0.0 0.057833353372610315 0
24 ec.gp.GPIndividual@1974495221{-1802578757} 0.0 57865.0 10087.0 0.13859423019728362 5 41 21.0 0.0 0.13859423019728362 0
24 ec.gp.GPIndividual@1810964654{-1338057849} 0.0 64222.0 10054.0 0.04694648895961806 5 39 21.0 0.0 0.04694648895961806 0
24 ec.gp.GPIndividual@495012488{405149779} 0.0 62355.0 8387.0 0.08012400143078574 5 39 21.0 0.0 0.08012400143078574 0
24 ec.gp.GPIndividual@1377378047{-1940786607} 0.0 59001.0 10054.0 0.022777004177441815 5 41 21.0 0.0 0.022777004177441815 0
24 ec.gp.GPIndividual@1810964654{-1338057849} 24 ec.gp.GPIndividual@1974495221{-1802578757} 0.0 0.0 62460.0 8317.0 0.06760462620722547 5 39 21.0 0.0 0.06760462620722547 0
57478.0 8317.0 0.0018035349284597811 5 41 21.0 0.0 0.0018035349284597811 0
24 ec.gp.GPIndividual@495012488{405149779} 0.0 62754.0 14578.0 0.4434078748799561 5 39 21.0 0.0 0.4434078748799561 0
24 ec.gp.GPIndividual@1377378047{-1940786607} 0.0 58565.0 8387.0 0.11947060927626088 5 41 21.0 0.0 0.11947060927626088 0
24 ec.gp.GPIndividual@1810964654{-1338057849} 24 ec.gp.GPIndividual@833400017{1068587942} 0.0 0.0 63383.0 10054.0 0.4002606667581287 47897.0 10054.0 0.040282474636960414 5 39 21.0 0.0 5 48 21.0 0.0 0.4002606667581287 0
0.040282474636960414 0
24 ec.gp.GPIndividual@495012488{405149779} 0.0 62820.0 10861.0 0.24684651505386243 5 39 21.0 0.0 0.24684651505386243 0
24 ec.gp.GPIndividual@1377378047{-1940786607} 0.0 69048.0 14578.0 0.3864727671834271 5 41 21.0 0.0 0.3864727671834271 0
24 ec.gp.GPIndividual@1810964654{-1338057849} 0.0 63468.0 8160.0 0.1871835005984716 24 ec.gp.GPIndividual@495012488{405149779} 5 39 21.0 0.0 0.0 0.1871835005984716 0
62948.0 8160.0 0.018137254901960786 5 39 21.0 0.0 0.018137254901960786 0
24 ec.gp.GPIndividual@833400017{1068587942} 0.0 47298.0 8387.0 0.07905091212590915 5 48 21.0 0.0 0.07905091212590915 0
24 ec.gp.GPIndividual@1377378047{-1940786607} 0.0 58437.0 10861.0 0.14731608507503913 5 41 21.0 0.0 0.14731608507503913 0
24 ec.gp.GPIndividual@1810964654{-1338057849} 0.0 62687.0 8160.0 0.013848039215686274 5 39 21.0 0.0 0.013848039215686274 0
24 ec.gp.GPIndividual@495012488{405149779} 0.0 62431.0 12802.0 0.3914232151226371 5 39 21.0 0.0 0.3914232151226371 0
24 ec.gp.GPIndividual@833400017{1068587942} 0.0 48846.0 14578.0 0.2730141308821512 5 48 21.0 0.0 0.2730141308821512 0
24 ec.gp.GPIndividual@1377378047{-1940786607} 0.0 58565.0 8160.0 0.1506127450980392 5 41 21.0 0.0 0.1506127450980392 0
24 ec.gp.GPIndividual@1810964654{-1338057849} 0.0 63286.0 12802.0 0.3246367755038275 5 39 21.0 0.0 0.3246367755038275 0
24 ec.gp.GPIndividual@495012488{405149779} 0.0 62248.0 10087.0 0.2457618717160702 5 39 21.0 0.0 0.2457618717160702 0
24 ec.gp.GPIndividual@833400017{1068587942} 0.0 47897.0 10861.0 0.11159193444434214 5 48 21.0 0.0 0.11159193444434214 0
24 ec.gp.GPIndividual@495012488{405149779} 0.0 61726.0 8317.0 0.14801009979559937 5 39 21.0 0.0 0.14801009979559937 0
24 ec.gp.GPIndividual@1810964654{-1338057849} 0.0 63769.0 10087.0 0.09497372856151481 5 39 21.0 0.0 0.09497372856151481 0
24 ec.gp.GPIndividual@1377378047{-1940786607} 0.0 59163.0 12802.0 0.21988751757537886 5 41 21.0 0.0 0.21988751757537886 0
24 ec.gp.GPIndividual@833400017{1068587942} 0.0 47205.0 8160.0 0.09767156862745098 5 48 21.0 0.0 0.09767156862745098 0
24 ec.gp.GPIndividual@1810964654{-1338057849} 0.0 62687.0 8317.0 0.03246362871227606 5 39 21.0 0.0 0.03246362871227606 0
24 ec.gp.GPIndividual@1377378047{-1940786607} 0.0 57561.0 10087.0 0.16873203132745118 5 41 21.0 0.0 0.16873203132745118 0
24 ec.gp.GPIndividual@833400017{1068587942} 0.0 49016.0 12802.0 0.15888142477737854 5 48 21.0 0.0 0.15888142477737854 0
24 ec.gp.GPIndividual@833400017{1068587942} 0.0 47897.0 8317.0 0.0434222266283335 5 48 21.0 0.0 24 ec.gp.GPIndividual@1377378047{-1940786607} 0.0434222266283335 0
0.0 59343.0 8317.0 0.22243597451003969 5 41 21.0 0.0 0.22243597451003969 0
24 ec.gp.GPIndividual@189779370{1879627964} 0.0 73378.0 10054.0 0.22319474835886213 5 38 21.0 0.0 0.22319474835886213 0
24 ec.gp.GPIndividual@833400017{1068587942} 0.0 47215.0 8317.0 0.07815318023325718 5 48 21.0 0.0 0.07815318023325718 0
24 ec.gp.GPIndividual@189779370{1879627964} 24 ec.gp.GPIndividual@845019486{459616998} 0.0 0.0 72893.0 10054.0 0.12662453797543818 74186.0 10054.0 0.14282872488561765 5 38 21.0 0.0 5 29 21.0 0.0 0.12662453797543818 0
0.14282872488561765 0
24 ec.gp.GPIndividual@845019486{459616998} 0.0 74186.0 8387.0 0.027542625491832597 5 29 21.0 0.0 0.027542625491832597 0
24 ec.gp.GPIndividual@845019486{459616998} 0.0 73731.0 14578.0 0.44004664563040197 5 29 21.0 0.0 0.44004664563040197 0
24 ec.gp.GPIndividual@845019486{459616998} 0.0 73517.0 10861.0 0.2681152748365712 5 29 21.0 0.0 0.2681152748365712 0
24 ec.gp.GPIndividual@189779370{1879627964} 0.0 72433.0 14578.0 0.5290849224859377 5 38 21.0 0.0 0.5290849224859377 0
24 ec.gp.GPIndividual@845019486{459616998} 0.0 74186.0 8160.0 0.05612745098039216 5 29 21.0 0.0 0.05612745098039216 0
24 ec.gp.GPIndividual@845019486{459616998} 0.0 73551.0 12802.0 0.37642555850648335 5 29 21.0 0.0 0.37642555850648335 0
24 ec.gp.GPIndividual@845019486{459616998} 0.0 73960.0 10087.0 0.16803806880142758 5 29 21.0 0.0 0.16803806880142758 0
24 ec.gp.GPIndividual@845019486{459616998} 0.0 74186.0 8317.0 0.036190934231092944 5 29 21.0 0.0 0.036190934231092944 0
24 ec.gp.GPIndividual@189779370{1879627964} 0.0 72621.0 10861.0 0.3506122824785931 5 38 21.0 0.0 0.3506122824785931 0
24 ec.gp.GPIndividual@189779370{1879627964} 0.0 72179.0 8160.0 0.189828431372549 5 38 21.0 0.0 0.189828431372549 0
24 ec.gp.GPIndividual@2073197372{-774805963} 0.0 61825.0 10054.0 0.2853590610702208 5 38 21.0 0.0 0.2853590610702208 0
24 ec.gp.GPIndividual@189779370{1879627964} 0.0 72109.0 12802.0 0.4890642087173879 5 38 21.0 0.0 0.4890642087173879 0
24 ec.gp.GPIndividual@2073197372{-774805963} 0.0 62358.0 8387.0 0.07976630499582688 5 38 21.0 0.0 0.07976630499582688 0
24 ec.gp.GPIndividual@189779370{1879627964} 0.0 72760.0 10087.0 0.28700307326261526 5 38 21.0 0.0 0.28700307326261526 0
24 ec.gp.GPIndividual@189779370{1879627964} 0.0 71646.0 8317.0 0.2692076469880967 5 38 21.0 0.0 0.2692076469880967 0
24 ec.gp.GPIndividual@2073197372{-774805963} 0.0 64098.0 14578.0 0.3512141583207573 5 38 21.0 0.0 0.3512141583207573 0
24 ec.gp.GPIndividual@2073197372{-774805963} 0.0 62748.0 10861.0 0.25347573888223923 5 38 21.0 0.0 0.25347573888223923 0
24 ec.gp.GPIndividual@2073197372{-774805963} 0.0 62500.0 8160.0 0.03676470588235294 5 38 21.0 0.0 0.03676470588235294 0
24 ec.gp.GPIndividual@2073197372{-774805963} 0.0 63697.0 12802.0 0.29253241680987346 5 38 21.0 0.0 0.29253241680987346 0
24 ec.gp.GPIndividual@2073197372{-774805963} 0.0 61803.0 10087.0 0.2898780608704273 5 38 21.0 0.0 0.2898780608704273 0
24 ec.gp.GPIndividual@2073197372{-774805963} 0.0 61967.0 8317.0 0.11903330527834556 5 38 21.0 0.0 0.11903330527834556 0
24 ec.gp.GPIndividual@233518196{1770705230} 0.0 67082.0 10054.0 0.3059478814402228 5 35 21.0 0.0 0.3059478814402228 0
24 ec.gp.GPIndividual@233518196{1770705230} 0.0 67615.0 8387.0 0.10444735900798856 5 35 21.0 0.0 0.10444735900798856 0
24 ec.gp.GPIndividual@233518196{1770705230} 0.0 68858.0 14578.0 0.39950610508986145 5 35 21.0 0.0 0.39950610508986145 0
24 ec.gp.GPIndividual@233518196{1770705230} 0.0 67454.0 10861.0 0.323266734186539 5 35 21.0 0.0 0.323266734186539 0
24 ec.gp.GPIndividual@233518196{1770705230} 0.0 67808.0 8160.0 0.05588235294117647 5 35 21.0 0.0 0.05588235294117647 0
24 ec.gp.GPIndividual@233518196{1770705230} 0.0 67943.0 12802.0 0.38767380096859866 5 35 21.0 0.0 0.38767380096859866 0
24 ec.gp.GPIndividual@233518196{1770705230} 0.0 67232.0 10087.0 0.29334787350054525 5 35 21.0 0.0 0.29334787350054525 0
24 ec.gp.GPIndividual@233518196{1770705230} 0.0 66895.0 8317.0 0.1834796200553084 5 35 21.0 0.0 0.1834796200553084 0
25 ec.gp.GPIndividual@267255856{-1495574830} 0.0 72185.0 10054.0 0.3418539884623036 5 33 21.0 0.0 0.3418539884623036 0
25 ec.gp.GPIndividual@555412640{236945658} 0.0 72940.0 10054.0 0.2667594987069823 5 23 21.0 0.0 0.2667594987069823 0
25 ec.gp.GPIndividual@267255856{-1495574830} 0.0 72652.0 8387.0 0.15535948491713367 5 33 21.0 0.0 0.15535948491713367 0
25 ec.gp.GPIndividual@555412640{236945658} 0.0 72940.0 8387.0 0.12102062716108263 5 23 21.0 0.0 25 ec.gp.GPIndividual@267255856{-1495574830} 0.12102062716108263 0
25 ec.gp.GPIndividual@1325978404{-1338057849} 0.0 63071.0 10054.0 0.1614282872488562 0.0 5 39 21.0 0.0 0.1614282872488562 0
72433.0 10054.0 0.5290849224859377 5 33 21.0 0.0 25 ec.gp.GPIndividual@609255070{-1753173068} 0.5290849224859377 0
25 ec.gp.GPIndividual@1500891964{53653626} 0.0 0.0 74485.0 10054.0 0.11308931768450368 5 34 21.0 0.0 68818.0 10054.0 0.13328028645315299 0.11308931768450368 0
25 ec.gp.GPIndividual@555412640{236945658} 0.0 25 ec.gp.GPIndividual@267255856{-1495574830} 72986.0 10861.0 0.49115104952668404 5 37 21.0 0.0 0.0 5 23 21.0 0.0 0.13328028645315299 0
0.49115104952668404 0
72355.0 10861.0 0.3751035816223184 5 33 21.0 0.0 0.3751035816223184 0
25 ec.gp.GPIndividual@267255856{-1495574830} 0.0 73127.0 8160.0 0.07365196078431373 5 33 21.0 0.0 0.07365196078431373 0
25 ec.gp.GPIndividual@1008768936{138484680} 0.0 58437.0 10054.0 0.07887407996817188 5 42 21.0 0.0 0.07887407996817188 0
25 ec.gp.GPIndividual@267255856{-1495574830} 0.0 72109.0 12802.0 0.4890642087173879 25 ec.gp.GPIndividual@555412640{236945658} 5 33 21.0 0.0 0.0 0.4890642087173879 0
72940.0 10861.0 0.3212411380167572 5 23 21.0 0.0 0.3212411380167572 0
25 ec.gp.GPIndividual@267255856{-1495574830} 0.0 25 ec.gp.GPIndividual@1325978404{-1338057849} 72010.0 8387.0 0.36135620105085753 0.0 5 33 21.0 0.0 63510.0 8387.0 0.05758912602837725 0.36135620105085753 0
5 39 21.0 0.0 0.05758912602837725 0
25 ec.gp.GPIndividual@267255856{-1495574830} 0.0 73127.0 8317.0 0.0911386317181676 5 33 21.0 0.0 0.0911386317181676 0
25 ec.gp.GPIndividual@555412640{236945658} 0.0 72335.0 8160.0 0.1707107843137255 5 23 21.0 0.0 0.1707107843137255 0
25 ec.gp.GPIndividual@1186328778{62660702} 0.0 95006.0 10054.0 0.7893375770837477 3 9 21.0 0.0 0.7893375770837477 0
25 ec.gp.GPIndividual@1500891964{53653626} 0.0 25 ec.gp.GPIndividual@609255070{-1753173068} 25 ec.gp.GPIndividual@1186328778{62660702} 0.0 0.0 68818.0 8387.0 0.038988911410516275 95006.0 8387.0 0.7474663169190414 5 37 21.0 0.0 3 9 21.0 0.0 0.7474663169190414 0
73398.0 8387.0 0.06641230475736258 5 34 21.0 0.0 0.06641230475736258 0
0.038988911410516275 0
25 ec.gp.GPIndividual@555412640{236945658} 0.0 72953.0 12802.0 0.42313700984221214 5 23 21.0 0.0 25 ec.gp.GPIndividual@1186328778{62660702} 0.42313700984221214 0
0.0 95006.0 12802.0 0.8547125806009055 3 9 21.0 0.0 0.8547125806009055 0
25 ec.gp.GPIndividual@1186328778{62660702} 0.0 95006.0 10861.0 0.804990332381917 3 9 21.0 0.0 0.804990332381917 0
25 ec.gp.GPIndividual@1186328778{62660702} 0.0 95006.0 8160.0 0.7404411764705883 3 9 21.0 0.0 0.7404411764705883 0
25 ec.gp.GPIndividual@555412640{236945658} 0.0 72940.0 10087.0 0.2691583225934371 5 23 21.0 0.0 0.2691583225934371 0
25 ec.gp.GPIndividual@1186328778{62660702} 0.0 95006.0 12802.0 0.8345571004530542 3 9 21.0 0.0 0.8345571004530542 0
25 ec.gp.GPIndividual@1186328778{62660702} 0.0 95006.0 10087.0 0.7900267671260037 3 9 21.0 0.0 0.7900267671260037 0
25 ec.gp.GPIndividual@1325978404{-1338057849} 0.0 62380.0 14578.0 0.46906297160104266 5 39 21.0 0.0 0.46906297160104266 0
25 ec.gp.GPIndividual@1186328778{62660702} 0.0 95006.0 8317.0 0.7453408681014789 3 9 21.0 0.0 25 ec.gp.GPIndividual@1008768936{138484680} 0.7453408681014789 0
25 ec.gp.GPIndividual@555412640{236945658} 0.0 72335.0 8317.0 0.18636527594084407 5 23 21.0 0.0 0.0 0.18636527594084407 0
58132.0 8317.0 0.06784309049719804 5 42 21.0 0.0 0.06784309049719804 0
25 ec.gp.GPIndividual@1500891964{53653626} 0.0 74289.0 14578.0 0.4017697900946632 5 34 21.0 0.0 0.4017697900946632 0
25 ec.gp.GPIndividual@609255070{-1753173068} 0.0 67949.0 14578.0 0.4618603374948553 5 37 21.0 0.0 0.4618603374948553 0
25 ec.gp.GPIndividual@915880938{-460183122} 0.0 57753.0 10054.0 0.14690670379948279 5 39 21.0 0.0 0.14690670379948279 0
25 ec.gp.GPIndividual@1325978404{-1338057849} 0.0 61409.0 10861.0 0.37676088757941256 5 39 21.0 0.0 0.37676088757941256 0
25 ec.gp.GPIndividual@1500891964{53653626} 0.0 73449.0 10861.0 0.2743762084522604 5 34 21.0 0.0 0.2743762084522604 0
25 ec.gp.GPIndividual@260761492{1567788914} 0.0 52930.0 10054.0 0.08315098468271334 5 41 21.0 0.0 0.08315098468271334 0
25 ec.gp.GPIndividual@609255070{-1753173068} 0.0 68321.0 10861.0 0.24343983058650218 5 37 21.0 0.0 0.24343983058650218 0
25 ec.gp.GPIndividual@915880938{-460183122} 0.0 62078.0 8387.0 0.1131513055919876 5 39 21.0 0.0 0.1131513055919876 0
25 ec.gp.GPIndividual@1008768936{138484680} 0.0 58604.0 14578.0 0.35327205377966797 5 42 21.0 0.0 0.35327205377966797 0
25 ec.gp.GPIndividual@1325978404{-1338057849} 0.0 62403.0 8160.0 0.048651960784313726 5 39 21.0 0.0 25 ec.gp.GPIndividual@1500891964{53653626} 0.048651960784313726 0
0.0 73380.0 8160.0 0.04264705882352941 5 34 21.0 0.0 0.04264705882352941 0
25 ec.gp.GPIndividual@609255070{-1753173068} 0.0 68085.0 8160.0 0.02193627450980392 5 37 21.0 0.0 0.02193627450980392 0
25 ec.gp.GPIndividual@915880938{-460183122} 0.0 58415.0 14578.0 0.3662367951708053 5 39 21.0 0.0 0.3662367951708053 0
25 ec.gp.GPIndividual@260761492{1567788914} 0.0 53388.0 8387.0 0.1536902348873256 5 41 21.0 0.0 0.1536902348873256 0
25 ec.gp.GPIndividual@915880938{-460183122} 0.0 57753.0 10861.0 0.21029371144461836 5 39 21.0 0.0 0.21029371144461836 0
25 ec.gp.GPIndividual@1500891964{53653626} 0.0 73339.0 12802.0 0.3929854710201531 5 34 21.0 0.0 0.3929854710201531 0
25 ec.gp.GPIndividual@609255070{-1753173068} 0.0 68035.0 12802.0 0.380487423840025 5 37 21.0 0.0 0.380487423840025 0
25 ec.gp.GPIndividual@1008768936{138484680} 0.0 25 ec.gp.GPIndividual@1325978404{-1338057849} 58437.0 12802.0 0.14731608507503913 0.0 5 42 21.0 0.0 0.14731608507503913 0
62187.0 12802.0 0.41048273707233246 5 39 21.0 0.0 0.41048273707233246 0
25 ec.gp.GPIndividual@915880938{-460183122} 0.0 61985.0 8160.0 0.09987745098039216 5 39 21.0 0.0 0.09987745098039216 0
25 ec.gp.GPIndividual@1500891964{53653626} 0.0 74485.0 10087.0 0.11599087934965797 5 34 21.0 0.0 0.11599087934965797 0
25 ec.gp.GPIndividual@609255070{-1753173068} 0.0 68321.0 10087.0 0.18538713195201745 5 37 21.0 0.0 0.18538713195201745 0
25 ec.gp.GPIndividual@260761492{1567788914} 0.0 54551.0 14578.0 0.2564823706955687 5 41 21.0 0.0 0.2564823706955687 0
25 ec.gp.GPIndividual@1325978404{-1338057849} 0.0 60371.0 10087.0 0.4318429661941112 5 39 21.0 0.0 0.4318429661941112 0
25 ec.gp.GPIndividual@1008768936{138484680} 0.0 57478.0 8160.0 0.017401960784313726 5 42 21.0 0.0 0.017401960784313726 0
25 ec.gp.GPIndividual@1500891964{53653626} 0.0 73380.0 8317.0 0.06071900925814597 5 34 21.0 0.0 0.06071900925814597 0
25 ec.gp.GPIndividual@609255070{-1753173068} 0.0 68085.0 8317.0 0.040399182397499095 5 37 21.0 0.0 0.040399182397499095 0
25 ec.gp.GPIndividual@915880938{-460183122} 0.0 63369.0 12802.0 0.31815341352913606 5 39 21.0 0.0 0.31815341352913606 0
25 ec.gp.GPIndividual@152947770{1602284622} 0.0 57753.0 10054.0 0.14690670379948279 5 29 21.0 0.0 0.14690670379948279 0
25 ec.gp.GPIndividual@1325978404{-1338057849} 0.0 25 ec.gp.GPIndividual@260761492{1567788914} 63175.0 10861.0 0.026211374293615485 0.0 5 39 21.0 0.0 53790.0 10861.0 0.07209280913359728 0.026211374293615485 0
5 41 21.0 0.0 0.07209280913359728 0
25 ec.gp.GPIndividual@915880938{-460183122} 0.0 57753.0 10087.0 0.14969763061366115 5 39 21.0 0.0 0.14969763061366115 0
25 ec.gp.GPIndividual@152947770{1602284622} 0.0 57753.0 8387.0 0.02265410754739478 5 29 21.0 0.0 0.02265410754739478 0
25 ec.gp.GPIndividual@79646277{120903016} 0.0 67406.0 10054.0 0.27372190173065447 5 41 21.0 0.0 0.27372190173065447 0
25 ec.gp.GPIndividual@1008768936{138484680} 0.0 59163.0 12802.0 0.21988751757537886 5 42 21.0 0.0 0.21988751757537886 0
25 ec.gp.GPIndividual@152947770{1602284622} 0.0 58415.0 14578.0 0.3662367951708053 5 29 21.0 0.0 0.3662367951708053 0
25 ec.gp.GPIndividual@152947770{1602284622} 0.0 57753.0 10861.0 0.21029371144461836 5 29 21.0 0.0 0.21029371144461836 0
25 ec.gp.GPIndividual@152947770{1602284622} 0.0 57753.0 8160.0 0.05110294117647059 5 29 21.0 0.0 0.05110294117647059 0
25 ec.gp.GPIndividual@915880938{-460183122} 0.0 61985.0 8317.0 0.11686906336419382 5 39 21.0 0.0 0.11686906336419382 0
25 ec.gp.GPIndividual@79646277{120903016} 0.0 25 ec.gp.GPIndividual@828085732{-94829013} 67591.0 8387.0 0.10730893048765948 0.0 5 41 21.0 0.0 0.10730893048765948 0
25 ec.gp.GPIndividual@260761492{1567788914} 0.0 53295.0 8160.0 0.17438725490196078 58437.0 8387.0 0.07887407996817188 5 41 21.0 0.0 5 42 21.0 0.0 0.17438725490196078 0
0.07887407996817188 0
25 ec.gp.GPIndividual@152947770{1602284622} 0.0 57892.0 12802.0 0.31916887986252146 5 29 21.0 0.0 0.31916887986252146 0
25 ec.gp.GPIndividual@1008768936{138484680} 0.0 57865.0 10087.0 0.13859423019728362 5 42 21.0 0.0 0.13859423019728362 0
25 ec.gp.GPIndividual@152947770{1602284622} 0.0 57753.0 10087.0 0.14969763061366115 5 29 21.0 0.0 0.14969763061366115 0
25 ec.gp.GPIndividual@79646277{120903016} 0.0 68259.0 14578.0 0.44059541775277816 5 41 21.0 0.0 0.44059541775277816 0
25 ec.gp.GPIndividual@152947770{1602284622} 0.0 57753.0 8317.0 0.03126127209330287 5 29 21.0 0.0 0.03126127209330287 0
25 ec.gp.GPIndividual@753087777{-1284122799} 0.0 52976.0 10054.0 0.07857569126715735 5 45 21.0 0.0 0.07857569126715735 0
25 ec.gp.GPIndividual@260761492{1567788914} 0.0 53499.0 12802.0 0.235510076550539 5 41 21.0 0.0 0.235510076550539 0
25 ec.gp.GPIndividual@828085732{-94829013} 0.0 58132.0 8387.0 0.06784309049719804 5 42 21.0 0.0 0.06784309049719804 0
25 ec.gp.GPIndividual@79646277{120903016} 0.0 68155.0 10861.0 0.25872387441303746 5 41 21.0 0.0 0.25872387441303746 0
25 ec.gp.GPIndividual@1008768936{138484680} 0.0 57478.0 8317.0 0.0018035349284597811 5 42 21.0 0.0 0.0018035349284597811 0
25 ec.gp.GPIndividual@386635742{434548585} 0.0 62170.0 10054.0 0.25104436045355083 5 39 21.0 0.0 0.25104436045355083 0
25 ec.gp.GPIndividual@677868823{370358186} 0.0 64425.0 10054.0 0.02675552019096877 5 31 21.0 0.0 0.02675552019096877 0
25 ec.gp.GPIndividual@753087777{-1284122799} 0.0 53832.0 8387.0 0.20662930726123763 5 45 21.0 0.0 0.20662930726123763 0
25 ec.gp.GPIndividual@260761492{1567788914} 0.0 53834.0 10087.0 0.0034698126301179735 5 41 21.0 0.0 0.0034698126301179735 0
25 ec.gp.GPIndividual@677868823{370358186} 0.0 64499.0 8387.0 0.17550971741981639 5 31 21.0 0.0 25 ec.gp.GPIndividual@79646277{120903016} 0.17550971741981639 0
0.0 67899.0 8160.0 0.044730392156862746 5 41 21.0 0.0 0.044730392156862746 0
25 ec.gp.GPIndividual@828085732{-94829013} 0.0 58569.0 14578.0 0.3556729318150638 5 42 21.0 0.0 0.3556729318150638 0
25 ec.gp.GPIndividual@677868823{370358186} 0.0 64759.0 14578.0 0.30587186170942515 5 31 21.0 0.0 0.30587186170942515 0
25 ec.gp.GPIndividual@386635742{434548585} 0.0 62355.0 8387.0 0.08012400143078574 5 39 21.0 0.0 0.08012400143078574 0
25 ec.gp.GPIndividual@677868823{370358186} 0.0 64302.0 10861.0 0.11039499125310745 5 31 21.0 0.0 0.11039499125310745 0
25 ec.gp.GPIndividual@79646277{120903016} 0.0 68321.0 12802.0 0.358147164505546 5 41 21.0 0.0 25 ec.gp.GPIndividual@677868823{370358186} 0.358147164505546 0
0.0 63755.0 8160.0 0.1170343137254902 5 31 21.0 0.0 0.1170343137254902 0
25 ec.gp.GPIndividual@260761492{1567788914} 0.0 53295.0 8317.0 0.15221834796200553 5 41 21.0 0.0 0.15221834796200553 0
25 ec.gp.GPIndividual@828085732{-94829013} 0.0 58437.0 10861.0 0.14731608507503913 5 42 21.0 0.0 0.14731608507503913 0
25 ec.gp.GPIndividual@677868823{370358186} 0.0 64747.0 12802.0 0.21051398219028278 5 31 21.0 0.0 0.21051398219028278 0
25 ec.gp.GPIndividual@386635742{434548585} 0.0 62754.0 14578.0 0.4434078748799561 5 39 21.0 0.0 0.4434078748799561 0
25 ec.gp.GPIndividual@753087777{-1284122799} 0.0 53146.0 14578.0 0.35286047468788584 5 45 21.0 0.0 0.35286047468788584 0
25 ec.gp.GPIndividual@677868823{370358186} 0.0 64302.0 10087.0 0.042133439080003963 5 31 21.0 0.0 0.042133439080003963 0
25 ec.gp.GPIndividual@79646277{120903016} 0.0 67583.0 10087.0 0.25855060969564786 5 41 21.0 0.0 0.25855060969564786 0
25 ec.gp.GPIndividual@677868823{370358186} 0.0 63755.0 8317.0 0.09594805819406035 5 31 21.0 0.0 0.09594805819406035 0
25 ec.gp.GPIndividual@1528242114{-1786079109} 0.0 57704.0 10054.0 0.1517803859160533 5 44 21.0 0.0 0.1517803859160533 0
25 ec.gp.GPIndividual@386635742{434548585} 0.0 25 ec.gp.GPIndividual@828085732{-94829013} 0.0 62820.0 8160.0 0.24684651505386243 57478.0 8160.0 0.017401960784313726 5 39 21.0 0.0 5 42 21.0 0.0 0.24684651505386243 0
0.017401960784313726 0
25 ec.gp.GPIndividual@79646277{120903016} 0.0 66999.0 8317.0 0.17097511121798725 5 41 21.0 0.0 0.17097511121798725 0
25 ec.gp.GPIndividual@753087777{-1284122799} 0.0 52976.0 10861.0 0.14703986741552344 5 45 21.0 0.0 0.14703986741552344 0
25 ec.gp.GPIndividual@1528242114{-1786079109} 0.0 57105.0 8387.0 0.054608322403720044 5 44 21.0 0.0 0.054608322403720044 0
25 ec.gp.GPIndividual@1557614828{-395327289} 0.0 56882.0 10054.0 0.23353888999403222 5 36 21.0 0.0 0.23353888999403222 0
25 ec.gp.GPIndividual@386635742{434548585} 0.0 62948.0 8160.0 0.018137254901960786 5 39 21.0 0.0 0.018137254901960786 0
25 ec.gp.GPIndividual@1813810805{-1021652097} 0.0 46848.0 10054.0 0.1446190570917048 5 45 21.0 0.0 0.1446190570917048 0
25 ec.gp.GPIndividual@828085732{-94829013} 0.0 59163.0 12802.0 0.21988751757537886 5 42 21.0 0.0 0.21988751757537886 0
25 ec.gp.GPIndividual@753087777{-1284122799} 0.0 53178.0 8160.0 0.16004901960784312 5 45 21.0 0.0 0.16004901960784312 0
25 ec.gp.GPIndividual@1528242114{-1786079109} 0.0 58412.0 14578.0 0.3664425847166964 5 44 21.0 0.0 0.3664425847166964 0
25 ec.gp.GPIndividual@386635742{434548585} 0.0 62431.0 12802.0 0.3914232151226371 5 39 21.0 0.0 25 ec.gp.GPIndividual@1813810805{-1021652097} 0.3914232151226371 0
0.0 47248.0 12802.0 0.07308930487659474 5 45 21.0 0.0 0.07308930487659474 0
25 ec.gp.GPIndividual@1557614828{-395327289} 0.0 58132.0 8387.0 0.06784309049719804 5 36 21.0 0.0 0.06784309049719804 0
25 ec.gp.GPIndividual@828085732{-94829013} 0.0 57865.0 10087.0 0.13859423019728362 5 42 21.0 0.0 0.13859423019728362 0
25 ec.gp.GPIndividual@753087777{-1284122799} 0.0 54145.0 12802.0 0.18504921106077177 5 45 21.0 0.0 0.18504921106077177 0
25 ec.gp.GPIndividual@1528242114{-1786079109} 0.0 57704.0 10861.0 0.21480526655004142 5 44 21.0 0.0 0.21480526655004142 0
25 ec.gp.GPIndividual@386635742{434548585} 0.0 62248.0 10087.0 0.2457618717160702 5 39 21.0 0.0 0.2457618717160702 0
25 ec.gp.GPIndividual@1813810805{-1021652097} 0.0 48004.0 14578.0 0.33077239676224446 5 45 21.0 0.0 0.33077239676224446 0
25 ec.gp.GPIndividual@1557614828{-395327289} 0.0 58378.0 14578.0 0.3687748662367952 5 36 21.0 0.0 0.3687748662367952 0
25 ec.gp.GPIndividual@828085732{-94829013} 0.0 57478.0 8317.0 0.0018035349284597811 5 42 21.0 0.0 0.0018035349284597811 0
25 ec.gp.GPIndividual@386635742{434548585} 0.0 61726.0 8317.0 0.14801009979559937 5 39 21.0 0.0 0.14801009979559937 0
25 ec.gp.GPIndividual@1813810805{-1021652097} 0.0 46848.0 10861.0 0.20817604272166468 5 45 21.0 0.0 0.20817604272166468 0
25 ec.gp.GPIndividual@1528242114{-1786079109} 0.0 57012.0 8160.0 0.039705882352941174 5 44 21.0 0.0 0.039705882352941174 0
25 ec.gp.GPIndividual@753087777{-1284122799} 0.0 52404.0 10087.0 0.13829681768613067 5 45 21.0 0.0 0.13829681768613067 0
25 ec.gp.GPIndividual@1557614828{-395327289} 0.0 56619.0 10861.0 0.31470398674155237 5 36 21.0 0.0 0.31470398674155237 0
25 ec.gp.GPIndividual@1372432216{-233225719} 0.0 58437.0 10054.0 0.07887407996817188 5 43 21.0 0.0 0.07887407996817188 0
25 ec.gp.GPIndividual@1813810805{-1021652097} 0.0 25 ec.gp.GPIndividual@13191869{-1635768741} 47155.0 8160.0 0.09154411764705882 0.0 5 45 21.0 0.0 62004.0 8160.0 0.2675552019096877 0.09154411764705882 0
25 ec.gp.GPIndividual@1528242114{-1786079109} 5 47 21.0 0.0 0.0 0.2675552019096877 0
58793.0 12802.0 0.2487892516794251 5 44 21.0 0.0 0.2487892516794251 0
25 ec.gp.GPIndividual@753087777{-1284122799} 0.0 53178.0 8317.0 0.13815077552001923 5 45 21.0 0.0 0.13815077552001923 0
25 ec.gp.GPIndividual@1505009546{1697870430} 0.0 71722.0 10054.0 0.38790531131887807 5 20 21.0 0.0 0.38790531131887807 0
25 ec.gp.GPIndividual@1505009546{1697870430} 0.0 71722.0 8387.0 0.2662453797543818 5 20 21.0 0.0 0.2662453797543818 0
25 ec.gp.GPIndividual@1557614828{-395327289} 0.0 57478.0 8160.0 0.017401960784313726 5 36 21.0 0.0 0.017401960784313726 0
25 ec.gp.GPIndividual@1813810805{-1021652097} 0.0 47698.0 12802.0 0.2618340884236838 5 45 21.0 0.0 0.2618340884236838 0
25 ec.gp.GPIndividual@1505009546{1697870430} 0.0 72447.0 14578.0 0.5281245712717794 5 20 21.0 0.0 0.5281245712717794 0
25 ec.gp.GPIndividual@1372432216{-233225719} 0.0 58132.0 8387.0 0.06784309049719804 5 43 21.0 0.0 0.06784309049719804 0
25 ec.gp.GPIndividual@1528242114{-1786079109} 0.0 57704.0 10087.0 0.1545553682958263 5 44 21.0 0.0 0.1545553682958263 0
25 ec.gp.GPIndividual@1505009546{1697870430} 0.0 71722.0 10861.0 0.43338550778013074 5 20 21.0 0.0 0.43338550778013074 0
25 ec.gp.GPIndividual@1505009546{1697870430} 0.0 71722.0 8160.0 0.24583333333333332 5 20 21.0 0.0 0.24583333333333332 0
25 ec.gp.GPIndividual@1505009546{1697870430} 0.0 71858.0 12802.0 0.5086705202312138 5 20 21.0 0.0 0.5086705202312138 0
25 ec.gp.GPIndividual@1813810805{-1021652097} 0.0 46848.0 10087.0 0.14741746802815506 5 45 21.0 0.0 0.14741746802815506 0
25 ec.gp.GPIndividual@1505009546{1697870430} 0.0 71722.0 10087.0 0.3899078021215426 5 20 21.0 0.0 0.3899078021215426 0
25 ec.gp.GPIndividual@1557614828{-395327289} 0.0 59163.0 12802.0 0.21988751757537886 5 36 21.0 0.0 0.21988751757537886 0
25 ec.gp.GPIndividual@1505009546{1697870430} 0.0 71722.0 8317.0 0.26006973668390043 5 20 21.0 0.0 0.26006973668390043 0
25 ec.gp.GPIndividual@1528242114{-1786079109} 0.0 57012.0 8317.0 0.057833353372610315 5 44 21.0 0.0 0.057833353372610315 0
25 ec.gp.GPIndividual@1813810805{-1021652097} 0.0 47165.0 8317.0 0.07214139713839125 5 45 21.0 0.0 0.07214139713839125 0
25 ec.gp.GPIndividual@1372432216{-233225719} 0.0 58604.0 14578.0 0.35327205377966797 5 43 21.0 0.0 0.35327205377966797 0
25 ec.gp.GPIndividual@612858640{-1997888791} 0.0 56944.0 10054.0 0.22737219017306545 5 44 21.0 0.0 0.22737219017306545 0
25 ec.gp.GPIndividual@1557614828{-395327289} 0.0 56748.0 10087.0 0.24933082184990582 25 ec.gp.GPIndividual@792532976{-1753911581} 5 36 21.0 0.0 0.0 0.24933082184990582 0
25 ec.gp.GPIndividual@947937046{-559736469} 0.0 63891.0 10054.0 0.07986870897155361 58437.0 10054.0 0.07887407996817188 5 30 21.0 0.0 5 43 21.0 0.0 0.07986870897155361 0
0.07887407996817188 0
25 ec.gp.GPIndividual@612858640{-1997888791} 0.0 56944.0 8387.0 0.07380469774651247 5 44 21.0 0.0 0.07380469774651247 0
25 ec.gp.GPIndividual@1372432216{-233225719} 0.0 58437.0 10861.0 0.14731608507503913 5 43 21.0 0.0 0.14731608507503913 0
25 ec.gp.GPIndividual@947937046{-559736469} 0.0 68457.0 8387.0 0.004053892929533802 5 30 21.0 0.0 0.004053892929533802 0
25 ec.gp.GPIndividual@1557614828{-395327289} 0.0 57478.0 8317.0 0.0018035349284597811 5 36 21.0 0.0 0.0018035349284597811 0
25 ec.gp.GPIndividual@612858640{-1997888791} 0.0 58404.0 14578.0 0.3669913568390726 5 44 21.0 0.0 0.3669913568390726 0
25 ec.gp.GPIndividual@792532976{-1753911581} 0.0 58132.0 8387.0 0.06784309049719804 5 43 21.0 0.0 0.06784309049719804 0
25 ec.gp.GPIndividual@947937046{-559736469} 0.0 63587.0 14578.0 0.38626697763753604 5 30 21.0 0.0 0.38626697763753604 0
25 ec.gp.GPIndividual@1372432216{-233225719} 0.0 57478.0 8160.0 0.017401960784313726 5 43 21.0 0.0 0.017401960784313726 0
25 ec.gp.GPIndividual@268545302{1237743646} 0.0 67406.0 10054.0 0.27372190173065447 5 38 21.0 0.0 25 ec.gp.GPIndividual@612858640{-1997888791} 0.27372190173065447 0
0.0 57693.0 10861.0 0.21581806463493233 5 44 21.0 0.0 0.21581806463493233 0
25 ec.gp.GPIndividual@13191869{-1635768741} 1.0 26121.0 8387.0 0.1600095385715989 5 47 21.0 0.0 0.1600095385715989 0
25 ec.gp.GPIndividual@947937046{-559736469} 0.0 68155.0 10861.0 0.25872387441303746 5 30 21.0 0.0 0.25872387441303746 0
25 ec.gp.GPIndividual@792532976{-1753911581} 0.0 58569.0 14578.0 0.3556729318150638 5 43 21.0 0.0 0.3556729318150638 0
25 ec.gp.GPIndividual@612858640{-1997888791} 0.0 56537.0 8160.0 0.09791666666666667 5 44 21.0 0.0 0.09791666666666667 0
25 ec.gp.GPIndividual@268545302{1237743646} 0.0 25 ec.gp.GPIndividual@1372432216{-233225719} 67591.0 12802.0 0.10730893048765948 0.0 5 38 21.0 0.0 59163.0 12802.0 0.21988751757537886 0.10730893048765948 0
5 43 21.0 0.0 0.21988751757537886 0
25 ec.gp.GPIndividual@947937046{-559736469} 0.0 68328.0 8160.0 0.00784313725490196 5 30 21.0 0.0 0.00784313725490196 0
25 ec.gp.GPIndividual@612858640{-1997888791} 0.0 58075.0 12802.0 0.30487423840024996 5 44 21.0 0.0 0.30487423840024996 0
25 ec.gp.GPIndividual@13191869{-1635768741} 0.0 62872.0 14578.0 0.4353134860749074 5 47 21.0 0.0 0.4353134860749074 0
25 ec.gp.GPIndividual@792532976{-1753911581} 0.0 58437.0 10861.0 0.14731608507503913 5 43 21.0 0.0 0.14731608507503913 0
25 ec.gp.GPIndividual@268545302{1237743646} 0.0 68259.0 14578.0 0.44059541775277816 5 38 21.0 0.0 0.44059541775277816 0
25 ec.gp.GPIndividual@947937046{-559736469} 0.0 63621.0 12802.0 0.2984689892204343 5 30 21.0 0.0 0.2984689892204343 0
25 ec.gp.GPIndividual@1372432216{-233225719} 0.0 57865.0 10087.0 0.13859423019728362 5 43 21.0 0.0 0.13859423019728362 0
25 ec.gp.GPIndividual@612858640{-1997888791} 0.0 56977.0 10087.0 0.2266283334985625 5 44 21.0 0.0 0.2266283334985625 0
25 ec.gp.GPIndividual@947937046{-559736469} 0.0 63665.0 10087.0 0.10528402894815109 5 30 21.0 0.0 0.10528402894815109 0
25 ec.gp.GPIndividual@268545302{1237743646} 0.0 68155.0 10861.0 0.25872387441303746 5 38 21.0 0.0 0.25872387441303746 0
25 ec.gp.GPIndividual@13191869{-1635768741} 0.0 62004.0 10861.0 0.3219777184421324 5 47 21.0 0.0 0.3219777184421324 0
25 ec.gp.GPIndividual@792532976{-1753911581} 0.0 57478.0 8160.0 0.017401960784313726 5 43 21.0 0.0 0.017401960784313726 0
25 ec.gp.GPIndividual@612858640{-1997888791} 0.0 56537.0 8317.0 0.11494529277383672 5 44 21.0 0.0 0.11494529277383672 0
25 ec.gp.GPIndividual@268545302{1237743646} 0.0 67899.0 8160.0 0.044730392156862746 5 38 21.0 0.0 0.044730392156862746 0
25 ec.gp.GPIndividual@1372432216{-233225719} 0.0 57478.0 8317.0 0.0018035349284597811 5 43 21.0 0.0 0.0018035349284597811 0
25 ec.gp.GPIndividual@947937046{-559736469} 0.0 68457.0 8317.0 0.004328483828303475 5 30 21.0 0.0 0.004328483828303475 0
25 ec.gp.GPIndividual@869996959{712256682} 0.0 69918.0 10054.0 0.023871096081161728 5 26 21.0 0.0 0.023871096081161728 0
25 ec.gp.GPIndividual@1306389738{-791969408} 0.0 62004.0 10054.0 0.2675552019096877 5 35 21.0 0.0 0.2675552019096877 0
25 ec.gp.GPIndividual@869996959{712256682} 0.0 69918.0 8387.0 0.1701442708954334 5 26 21.0 0.0 0.1701442708954334 0
25 ec.gp.GPIndividual@869996959{712256682} 0.0 69452.0 14578.0 0.3587597750034298 5 26 21.0 0.0 0.3587597750034298 0
25 ec.gp.GPIndividual@268545302{1237743646} 25 ec.gp.GPIndividual@869996959{712256682} 25 ec.gp.GPIndividual@792532976{-1753911581} 0.0 0.0 69249.0 12802.0 0.15799650124297948 0.0 5 26 21.0 0.0 68321.0 12802.0 0.358147164505546 59163.0 12802.0 0.21988751757537886 0.15799650124297948 0
5 43 21.0 0.0 0.21988751757537886 0
5 38 21.0 0.0 0.358147164505546 0
25 ec.gp.GPIndividual@869996959{712256682} 0.0 69918.0 8160.0 0.20269607843137255 5 26 21.0 0.0 0.20269607843137255 0
25 ec.gp.GPIndividual@1339772689{138484680} 0.0 58437.0 10054.0 0.07887407996817188 5 42 21.0 0.0 0.07887407996817188 0
25 ec.gp.GPIndividual@869996959{712256682} 0.0 69262.0 12802.0 0.2846430245274176 5 26 21.0 0.0 0.2846430245274176 0
25 ec.gp.GPIndividual@869996959{712256682} 0.0 69692.0 10087.0 0.04946961435511054 5 26 21.0 0.0 0.04946961435511054 0
25 ec.gp.GPIndividual@869996959{712256682} 0.0 69918.0 8317.0 0.17999278586028616 5 26 21.0 0.0 0.17999278586028616 0
25 ec.gp.GPIndividual@268545302{1237743646} 0.0 67583.0 10087.0 0.25855060969564786 5 38 21.0 0.0 0.25855060969564786 0
25 ec.gp.GPIndividual@977501491{-825260855} 0.0 76469.0 10054.0 0.45922021086134873 5 32 21.0 0.0 0.45922021086134873 0
25 ec.gp.GPIndividual@792532976{-1753911581} 0.0 57865.0 10087.0 0.13859423019728362 5 43 21.0 0.0 0.13859423019728362 0
25 ec.gp.GPIndividual@977501491{-825260855} 0.0 77051.0 8387.0 0.2823417193275307 5 32 21.0 0.0 0.2823417193275307 0
25 ec.gp.GPIndividual@1339772689{138484680} 0.0 58132.0 8387.0 0.06784309049719804 5 42 21.0 0.0 0.06784309049719804 0
25 ec.gp.GPIndividual@268545302{1237743646} 0.0 66999.0 8317.0 0.17097511121798725 5 38 21.0 0.0 0.17097511121798725 0
25 ec.gp.GPIndividual@977501491{-825260855} 0.0 76965.0 14578.0 0.5930168747427631 5 32 21.0 0.0 0.5930168747427631 0
25 ec.gp.GPIndividual@977501491{-825260855} 0.0 75930.0 10861.0 0.5490286345640365 5 32 21.0 0.0 0.5490286345640365 0
25 ec.gp.GPIndividual@792532976{-1753911581} 0.0 57478.0 8317.0 0.0018035349284597811 5 43 21.0 0.0 0.0018035349284597811 0
25 ec.gp.GPIndividual@673510761{-56439615} 0.0 67082.0 10054.0 0.3059478814402228 5 34 21.0 0.0 0.3059478814402228 0
25 ec.gp.GPIndividual@977501491{-825260855} 0.0 76277.0 8160.0 0.35723039215686275 5 32 21.0 0.0 0.35723039215686275 0
25 ec.gp.GPIndividual@1306389738{-791969408} 0.0 47128.0 8387.0 0.058781447478240136 5 35 21.0 0.0 0.058781447478240136 0
25 ec.gp.GPIndividual@1339772689{138484680} 0.0 58604.0 14578.0 0.35327205377966797 5 42 21.0 0.0 0.35327205377966797 0
25 ec.gp.GPIndividual@977501491{-825260855} 0.0 75951.0 12802.0 0.6157631620059366 5 32 21.0 0.0 0.6157631620059366 0
25 ec.gp.GPIndividual@673510761{-56439615} 0.0 67615.0 8387.0 0.10444735900798856 5 34 21.0 0.0 0.10444735900798856 0
25 ec.gp.GPIndividual@553267606{1067515755} 0.0 62267.0 10054.0 0.24139645912074797 5 41 21.0 0.0 0.24139645912074797 0
25 ec.gp.GPIndividual@977501491{-825260855} 0.0 76069.0 10087.0 0.5006443937741648 5 32 21.0 0.0 0.5006443937741648 0
25 ec.gp.GPIndividual@1306389738{-791969408} 0.0 62680.0 14578.0 0.4484840170119358 5 35 21.0 0.0 0.4484840170119358 0
25 ec.gp.GPIndividual@977501491{-825260855} 0.0 76277.0 8317.0 0.3693639533485632 5 32 21.0 0.0 0.3693639533485632 0
25 ec.gp.GPIndividual@1339772689{138484680} 0.0 58437.0 10861.0 0.14731608507503913 5 42 21.0 0.0 25 ec.gp.GPIndividual@1473919786{-402247758} 0.14731608507503913 0
0.0 67454.0 10054.0 0.26894768251442214 5 23 21.0 0.0 0.26894768251442214 0
25 ec.gp.GPIndividual@673510761{-56439615} 0.0 69342.0 14578.0 0.3663053916861023 5 34 21.0 0.0 0.3663053916861023 0
25 ec.gp.GPIndividual@1306389738{-791969408} 0.0 62004.0 10861.0 0.3219777184421324 5 35 21.0 0.0 25 ec.gp.GPIndividual@1473919786{-402247758} 0.3219777184421324 0
0.0 67454.0 8387.0 0.12364373435078096 5 23 21.0 0.0 25 ec.gp.GPIndividual@553267606{1067515755} 0.12364373435078096 0
0.0 62460.0 8387.0 0.06760462620722547 5 41 21.0 0.0 0.06760462620722547 0
25 ec.gp.GPIndividual@1473919786{-402247758} 0.0 67698.0 14578.0 0.479078062834408 5 23 21.0 0.0 0.479078062834408 0
25 ec.gp.GPIndividual@1473919786{-402247758} 0.0 67454.0 10861.0 0.323266734186539 5 23 21.0 0.0 0.323266734186539 0
25 ec.gp.GPIndividual@673510761{-56439615} 0.0 67454.0 10861.0 0.323266734186539 5 34 21.0 0.0 0.323266734186539 0
25 ec.gp.GPIndividual@1473919786{-402247758} 0.0 67454.0 8160.0 0.09926470588235294 5 23 21.0 0.0 0.09926470588235294 0
25 ec.gp.GPIndividual@1339772689{138484680} 0.0 57478.0 8160.0 0.017401960784313726 5 42 21.0 0.0 0.017401960784313726 0
25 ec.gp.GPIndividual@1473919786{-402247758} 0.0 67618.0 12802.0 0.4130604593032339 5 23 21.0 0.0 0.4130604593032339 0
25 ec.gp.GPIndividual@1473919786{-402247758} 0.0 67454.0 10087.0 0.27133934767522555 5 23 21.0 0.0 0.27133934767522555 0
25 ec.gp.GPIndividual@13191869{-1635768741} 1.0 20696.0 8160.0 0.19705882352941176 5 47 21.0 0.0 0.19705882352941176 0
25 ec.gp.GPIndividual@553267606{1067515755} 0.0 64096.0 14578.0 0.35135135135135137 5 41 21.0 0.0 25 ec.gp.GPIndividual@1473919786{-402247758} 0.35135135135135137 0
0.0 67454.0 8160.0 0.11626788505470723 5 23 21.0 0.0 25 ec.gp.GPIndividual@673510761{-56439615} 0.11626788505470723 0
0.0 67808.0 8160.0 0.05588235294117647 5 34 21.0 0.0 0.05588235294117647 0
25 ec.gp.GPIndividual@1339772689{138484680} 0.0 59163.0 12802.0 0.21988751757537886 5 42 21.0 0.0 0.21988751757537886 0
25 ec.gp.GPIndividual@13191869{-1635768741} 0.0 63093.0 12802.0 0.33971254491485703 5 47 21.0 0.0 0.33971254491485703 0
25 ec.gp.GPIndividual@673510761{-56439615} 0.0 67943.0 12802.0 0.38767380096859866 5 34 21.0 0.0 0.38767380096859866 0
25 ec.gp.GPIndividual@553267606{1067515755} 0.0 62123.0 10861.0 0.31102108461467637 5 41 21.0 0.0 0.31102108461467637 0
25 ec.gp.GPIndividual@1339772689{138484680} 0.0 57865.0 10087.0 0.13859423019728362 5 42 21.0 0.0 0.13859423019728362 0
25 ec.gp.GPIndividual@673510761{-56439615} 0.0 67232.0 10087.0 0.29334787350054525 5 34 21.0 0.0 0.29334787350054525 0
25 ec.gp.GPIndividual@13191869{-1635768741} 0.0 62004.0 10087.0 0.26995142262317834 5 47 21.0 0.0 0.26995142262317834 0
25 ec.gp.GPIndividual@553267606{1067515755} 0.0 62460.0 8160.0 0.041666666666666664 5 41 21.0 0.0 0.041666666666666664 0
25 ec.gp.GPIndividual@673510761{-56439615} 0.0 66895.0 8317.0 0.1834796200553084 5 34 21.0 0.0 0.1834796200553084 0
25 ec.gp.GPIndividual@1306389738{-791969408} 25 ec.gp.GPIndividual@1339772689{138484680} 0.0 0.0 42027.0 8317.0 0.13272058823529412 5 35 21.0 0.0 0.13272058823529412 0
57478.0 8317.0 0.0018035349284597811 5 42 21.0 0.0 0.0018035349284597811 0
25 ec.gp.GPIndividual@553267606{1067515755} 0.0 63286.0 12802.0 0.3246367755038275 5 41 21.0 0.0 0.3246367755038275 0
25 ec.gp.GPIndividual@1306389738{-791969408} 0.0 68463.0 12802.0 0.3470551476331823 5 35 21.0 0.0 0.3470551476331823 0
25 ec.gp.GPIndividual@553267606{1067515755} 0.0 62133.0 10087.0 0.25716268464360065 5 41 21.0 0.0 0.25716268464360065 0
25 ec.gp.GPIndividual@1306389738{-791969408} 0.0 62004.0 10087.0 0.26995142262317834 5 35 21.0 0.0 0.26995142262317834 0
25 ec.gp.GPIndividual@553267606{1067515755} 0.0 62460.0 8317.0 0.059757123962967416 5 41 21.0 0.0 0.059757123962967416 0
25 ec.gp.GPIndividual@1306389738{-791969408} 0.0 42071.0 8317.0 0.11662859204039919 5 35 21.0 0.0 0.11662859204039919 0
25 ec.gp.GPIndividual@13191869{-1635768741} 1.0 20696.0 8317.0 0.1744619454130095 5 47 21.0 0.0 0.1744619454130095 0
25 ec.gp.GPIndividual@659185844{1611482295} 0.0 58437.0 10054.0 0.07887407996817188 5 43 21.0 0.0 0.07887407996817188 0
25 ec.gp.GPIndividual@659185844{1611482295} 0.0 58132.0 8387.0 0.06784309049719804 5 43 21.0 0.0 0.06784309049719804 0
25 ec.gp.GPIndividual@659185844{1611482295} 0.0 58604.0 14578.0 0.35327205377966797 5 43 21.0 0.0 0.35327205377966797 0
25 ec.gp.GPIndividual@659185844{1611482295} 0.0 58437.0 10861.0 0.14731608507503913 5 43 21.0 0.0 0.14731608507503913 0
25 ec.gp.GPIndividual@659185844{1611482295} 0.0 57478.0 8160.0 0.017401960784313726 5 43 21.0 0.0 0.017401960784313726 0
25 ec.gp.GPIndividual@659185844{1611482295} 0.0 59163.0 12802.0 0.21988751757537886 5 43 21.0 0.0 0.21988751757537886 0
25 ec.gp.GPIndividual@659185844{1611482295} 0.0 57865.0 10087.0 0.13859423019728362 5 43 21.0 0.0 0.13859423019728362 0
25 ec.gp.GPIndividual@659185844{1611482295} 0.0 57478.0 8317.0 0.0018035349284597811 5 43 21.0 0.0 0.0018035349284597811 0
25 ec.gp.GPIndividual@1087439995{-226990911} 0.0 73217.0 10054.0 0.23920827531330813 5 33 21.0 0.0 0.23920827531330813 0
25 ec.gp.GPIndividual@1087439995{-226990911} 0.0 73538.0 8387.0 0.04971980445928222 5 33 21.0 0.0 0.04971980445928222 0
25 ec.gp.GPIndividual@1087439995{-226990911} 0.0 83138.0 14578.0 0.5443819453971738 5 33 21.0 0.0 0.5443819453971738 0
25 ec.gp.GPIndividual@1087439995{-226990911} 0.0 73449.0 10861.0 0.2743762084522604 5 33 21.0 0.0 0.2743762084522604 0
25 ec.gp.GPIndividual@1087439995{-226990911} 0.0 73538.0 8160.0 0.023284313725490197 5 33 21.0 0.0 0.023284313725490197 0
25 ec.gp.GPIndividual@1087439995{-226990911} 0.0 73339.0 12802.0 0.3929854710201531 5 33 21.0 0.0 0.3929854710201531 0
25 ec.gp.GPIndividual@1087439995{-226990911} 0.0 73046.0 10087.0 0.2586497471993655 5 33 21.0 0.0 0.2586497471993655 0
25 ec.gp.GPIndividual@1087439995{-226990911} 0.0 73538.0 8317.0 0.04172177467836961 5 33 21.0 0.0 0.04172177467836961 0
26 ec.gp.GPIndividual@1006170807{-1056046949} 0.0 89544.0 10054.0 0.7891386512830714 4 11 21.0 0.0 0.7891386512830714 0
26 ec.gp.GPIndividual@1006170807{-1056046949} 0.0 89544.0 8387.0 0.7472278526290688 4 11 21.0 0.0 0.7472278526290688 0
26 ec.gp.GPIndividual@352670357{1694480240} 0.0 70411.0 10054.0 0.02516411378555799 5 29 21.0 0.0 0.02516411378555799 0
26 ec.gp.GPIndividual@1006170807{-1056046949} 0.0 90156.0 14578.0 0.8125943202085334 4 11 21.0 0.0 0.8125943202085334 0
26 ec.gp.GPIndividual@1006170807{-1056046949} 0.0 89544.0 10861.0 0.8048061872755732 4 11 21.0 0.0 0.8048061872755732 0
26 ec.gp.GPIndividual@1006170807{-1056046949} 0.0 89544.0 8160.0 0.7401960784313726 4 11 21.0 0.0 0.7401960784313726 0
26 ec.gp.GPIndividual@352670357{1694480240} 0.0 70590.0 8387.0 0.2502682723262191 5 29 21.0 0.0 0.2502682723262191 0
26 ec.gp.GPIndividual@1006170807{-1056046949} 0.0 89544.0 12802.0 0.8344008748633026 4 11 21.0 0.0 0.8344008748633026 0
26 ec.gp.GPIndividual@1006170807{-1056046949} 0.0 89544.0 10087.0 0.7898284921185684 4 11 21.0 0.0 0.7898284921185684 0
26 ec.gp.GPIndividual@1006170807{-1056046949} 0.0 89544.0 8317.0 0.7451003967776842 4 11 21.0 0.0 0.7451003967776842 0
26 ec.gp.GPIndividual@352670357{1694480240} 0.0 70786.0 14578.0 0.26725202359720124 5 29 21.0 0.0 0.26725202359720124 0
26 ec.gp.GPIndividual@1804706286{393047176} 0.0 52243.0 10054.0 0.1514819972150388 5 43 21.0 0.0 0.1514819972150388 0
26 ec.gp.GPIndividual@352670357{1694480240} 0.0 70411.0 10861.0 0.0510081944572323 5 29 21.0 0.0 0.0510081944572323 0
26 ec.gp.GPIndividual@364057730{699822692} 0.0 63182.0 10054.0 0.15038790531131888 5 39 21.0 0.0 0.15038790531131888 0
26 ec.gp.GPIndividual@828964297{1308618742} 0.0 26 ec.gp.GPIndividual@352670357{1694480240} 0.0 52930.0 8160.0 0.08315098468271334 70590.0 8160.0 0.2850490196078431 5 32 21.0 0.0 5 29 21.0 0.0 0.2850490196078431 0
0.08315098468271334 0
26 ec.gp.GPIndividual@352670357{1694480240} 0.0 70412.0 8387.0 0.19481331042024683 5 29 21.0 0.0 0.19481331042024683 0
26 ec.gp.GPIndividual@1804706286{393047176} 0.0 52293.0 8387.0 0.02313103612733993 5 43 21.0 0.0 0.02313103612733993 0
26 ec.gp.GPIndividual@1573819668{1616256547} 0.0 56944.0 10054.0 0.22737219017306545 5 44 21.0 0.0 0.22737219017306545 0
26 ec.gp.GPIndividual@352670357{1694480240} 0.0 70411.0 10087.0 0.021810250817884406 5 29 21.0 0.0 0.021810250817884406 0
26 ec.gp.GPIndividual@187682520{528193309} 0.0 62774.0 10054.0 0.19096876864929382 5 42 21.0 0.0 0.19096876864929382 0
26 ec.gp.GPIndividual@352670357{1694480240} 0.0 70590.0 8317.0 0.26079115065528435 5 29 21.0 0.0 0.26079115065528435 0
26 ec.gp.GPIndividual@1748031344{687156433} 0.0 100242.0 10054.0 0.8120151183608514 2 4 21.0 0.0 0.8120151183608514 0
26 ec.gp.GPIndividual@1748031344{687156433} 0.0 100242.0 8387.0 0.7746512459759151 2 4 21.0 0.0 0.7746512459759151 0
26 ec.gp.GPIndividual@364057730{699822692} 0.0 26 ec.gp.GPIndividual@1748031344{687156433} 0.0 62762.0 14578.0 0.0315965184213664 5 39 21.0 0.0 100242.0 14578.0 0.8703525860886266 0.0315965184213664 0
26 ec.gp.GPIndividual@1804706286{393047176} 0.0 53146.0 14578.0 0.35286047468788584 5 43 21.0 0.0 0.35286047468788584 0
2 4 21.0 0.0 0.8703525860886266 0
26 ec.gp.GPIndividual@1748031344{687156433} 0.0 100242.0 10861.0 0.82598287450511 2 4 21.0 0.0 0.82598287450511 0
26 ec.gp.GPIndividual@1573819668{1616256547} 0.0 56944.0 8387.0 0.07380469774651247 5 44 21.0 0.0 0.07380469774651247 0
26 ec.gp.GPIndividual@828964297{1308618742} 0.0 53388.0 8387.0 0.1536902348873256 26 ec.gp.GPIndividual@1748031344{687156433} 5 32 21.0 0.0 0.0 0.1536902348873256 0
100242.0 8387.0 0.7683823529411765 2 4 21.0 0.0 0.7683823529411765 0
26 ec.gp.GPIndividual@1748031344{687156433} 0.0 100242.0 12802.0 0.8523668176847368 2 4 21.0 0.0 0.8523668176847368 0
26 ec.gp.GPIndividual@1748031344{687156433} 0.0 100242.0 10087.0 0.8126301179736294 2 4 21.0 0.0 0.8126301179736294 0
26 ec.gp.GPIndividual@1748031344{687156433} 0.0 100242.0 8317.0 0.7727545990140676 2 4 21.0 0.0 0.7727545990140676 0
26 ec.gp.GPIndividual@1804706286{393047176} 0.0 52243.0 10861.0 0.21452904889052574 5 43 21.0 0.0 0.21452904889052574 0
26 ec.gp.GPIndividual@796249873{-1746397641} 0.0 66343.0 10054.0 0.3794509647901333 5 39 21.0 0.0 0.3794509647901333 0
26 ec.gp.GPIndividual@1573819668{1616256547} 0.0 58404.0 14578.0 0.3669913568390726 5 44 21.0 0.0 0.3669913568390726 0
26 ec.gp.GPIndividual@364057730{699822692} 0.0 63587.0 14578.0 0.38626697763753604 5 39 21.0 0.0 0.38626697763753604 0
26 ec.gp.GPIndividual@1804706286{393047176} 0.0 52293.0 8160.0 0.05159313725490196 5 43 21.0 0.0 0.05159313725490196 0
26 ec.gp.GPIndividual@796249873{-1746397641} 0.0 66314.0 8387.0 0.2595683796351496 5 39 21.0 0.0 0.2595683796351496 0
26 ec.gp.GPIndividual@187682520{528193309} 0.0 62078.0 8387.0 0.1131513055919876 5 42 21.0 0.0 0.1131513055919876 0
26 ec.gp.GPIndividual@1804706286{393047176} 0.0 53362.0 12802.0 0.24621152944852367 5 43 21.0 0.0 0.24621152944852367 0
26 ec.gp.GPIndividual@796249873{-1746397641} 0.0 67389.0 14578.0 0.5002743860611881 5 39 21.0 0.0 0.5002743860611881 0
26 ec.gp.GPIndividual@1573819668{1616256547} 0.0 57693.0 10861.0 0.21581806463493233 5 44 21.0 0.0 0.21581806463493233 0
26 ec.gp.GPIndividual@828964297{1308618742} 0.0 54551.0 14578.0 0.2564823706955687 5 32 21.0 0.0 0.2564823706955687 0
26 ec.gp.GPIndividual@796249873{-1746397641} 0.0 66904.0 10861.0 0.3739066384310837 5 39 21.0 0.0 0.3739066384310837 0
26 ec.gp.GPIndividual@1804706286{393047176} 0.0 52243.0 10087.0 0.15425795578467333 5 43 21.0 0.0 0.15425795578467333 0
26 ec.gp.GPIndividual@364057730{699822692} 0.0 64248.0 10861.0 0.11536690912439002 5 39 21.0 0.0 0.11536690912439002 0
26 ec.gp.GPIndividual@796249873{-1746397641} 0.0 66453.0 8160.0 0.2219362745098039 5 39 21.0 0.0 0.2219362745098039 0
26 ec.gp.GPIndividual@1573819668{1616256547} 0.0 56537.0 8160.0 0.09791666666666667 5 44 21.0 0.0 0.09791666666666667 0
26 ec.gp.GPIndividual@1804706286{393047176} 0.0 52293.0 8317.0 0.03174221474089215 5 43 21.0 0.0 0.03174221474089215 0
26 ec.gp.GPIndividual@796249873{-1746397641} 0.0 66784.0 12802.0 0.4782065302296516 5 39 21.0 0.0 0.4782065302296516 0
26 ec.gp.GPIndividual@828964297{1308618742} 0.0 53790.0 10861.0 0.07209280913359728 5 32 21.0 0.0 0.07209280913359728 0
26 ec.gp.GPIndividual@796249873{-1746397641} 0.0 66376.0 10087.0 0.37820957668285915 5 39 21.0 0.0 0.37820957668285915 0
26 ec.gp.GPIndividual@1573819668{1616256547} 0.0 58075.0 12802.0 0.30487423840024996 5 44 21.0 0.0 0.30487423840024996 0
26 ec.gp.GPIndividual@364057730{699822692} 0.0 62955.0 8160.0 0.018995098039215685 5 39 21.0 0.0 0.018995098039215685 0
26 ec.gp.GPIndividual@796249873{-1746397641} 0.0 66453.0 8317.0 0.23662378261392328 5 39 21.0 0.0 0.23662378261392328 0
26 ec.gp.GPIndividual@187682520{528193309} 0.0 62872.0 14578.0 0.4353134860749074 5 42 21.0 0.0 0.4353134860749074 0
26 ec.gp.GPIndividual@7162594{1067515755} 0.0 62267.0 10054.0 0.24139645912074797 5 41 21.0 0.0 0.24139645912074797 0
26 ec.gp.GPIndividual@1573819668{1616256547} 0.0 56977.0 10087.0 0.2266283334985625 5 44 21.0 0.0 0.2266283334985625 0
26 ec.gp.GPIndividual@828964297{1308618742} 0.0 53295.0 8160.0 0.17438725490196078 5 32 21.0 0.0 0.17438725490196078 0
26 ec.gp.GPIndividual@1584541160{-1778337190} 0.0 74485.0 10054.0 0.11308931768450368 5 34 21.0 0.0 0.11308931768450368 0
26 ec.gp.GPIndividual@364057730{699822692} 0.0 63286.0 12802.0 0.3246367755038275 5 39 21.0 0.0 0.3246367755038275 0
26 ec.gp.GPIndividual@1573819668{1616256547} 0.0 56537.0 8317.0 0.11494529277383672 5 44 21.0 0.0 0.11494529277383672 0
26 ec.gp.GPIndividual@7162594{1067515755} 0.0 62460.0 8387.0 0.06760462620722547 5 41 21.0 0.0 0.06760462620722547 0
26 ec.gp.GPIndividual@187682520{528193309} 0.0 60887.0 10861.0 0.4248227603351441 5 42 21.0 0.0 0.4248227603351441 0
26 ec.gp.GPIndividual@1584541160{-1778337190} 0.0 73398.0 8387.0 0.06641230475736258 5 34 21.0 0.0 0.06641230475736258 0
26 ec.gp.GPIndividual@1077602982{1836944250} 0.0 48628.0 10054.0 0.03242490551024468 5 43 21.0 0.0 0.03242490551024468 0
26 ec.gp.GPIndividual@828964297{1308618742} 0.0 53499.0 12802.0 0.235510076550539 5 32 21.0 0.0 0.235510076550539 0
26 ec.gp.GPIndividual@364057730{699822692} 0.0 62517.0 10087.0 0.2190938832160206 5 39 21.0 0.0 0.2190938832160206 0
26 ec.gp.GPIndividual@1077602982{1836944250} 0.0 48459.0 8387.0 0.21747943245498985 5 43 21.0 0.0 0.21747943245498985 0
26 ec.gp.GPIndividual@1584541160{-1778337190} 0.0 74289.0 14578.0 0.4017697900946632 5 34 21.0 0.0 0.4017697900946632 0
26 ec.gp.GPIndividual@7162594{1067515755} 0.0 64096.0 14578.0 0.35135135135135137 5 41 21.0 0.0 0.35135135135135137 0
26 ec.gp.GPIndividual@187682520{528193309} 0.0 61985.0 8160.0 0.09987745098039216 5 42 21.0 0.0 0.09987745098039216 0
26 ec.gp.GPIndividual@1077602982{1836944250} 0.0 48898.0 14578.0 0.269447112086706 26 ec.gp.GPIndividual@828964297{1308618742} 5 43 21.0 0.0 0.0 0.269447112086706 0
53834.0 10087.0 0.0034698126301179735 26 ec.gp.GPIndividual@364057730{699822692} 0.0 5 32 21.0 0.0 61960.0 8317.0 0.1198749549116268 5 39 21.0 0.0 0.0034698126301179735 0
0.1198749549116268 0
26 ec.gp.GPIndividual@1584541160{-1778337190} 0.0 73449.0 10861.0 0.2743762084522604 5 34 21.0 0.0 0.2743762084522604 0
26 ec.gp.GPIndividual@1077602982{1836944250} 0.0 48628.0 10861.0 0.04428689807568364 5 43 21.0 0.0 0.04428689807568364 0
26 ec.gp.GPIndividual@7162594{1067515755} 0.0 62123.0 10861.0 0.31102108461467637 5 41 21.0 0.0 0.31102108461467637 0
26 ec.gp.GPIndividual@187682520{528193309} 0.0 63431.0 12802.0 0.3133104202468364 5 42 21.0 0.0 0.3133104202468364 0
26 ec.gp.GPIndividual@1077602982{1836944250} 0.0 48459.0 8160.0 0.25134803921568627 5 43 21.0 0.0 26 ec.gp.GPIndividual@1584541160{-1778337190} 0.25134803921568627 0
0.0 73380.0 8160.0 0.04264705882352941 5 34 21.0 0.0 0.04264705882352941 0
26 ec.gp.GPIndividual@1991893241{-1338057849} 0.0 64222.0 10054.0 0.04694648895961806 5 39 21.0 0.0 0.04694648895961806 0
26 ec.gp.GPIndividual@828964297{1308618742} 0.0 53295.0 8317.0 0.15221834796200553 5 32 21.0 0.0 0.15221834796200553 0
26 ec.gp.GPIndividual@965714615{62660702} 0.0 95006.0 10054.0 0.7893375770837477 3 9 21.0 0.0 0.7893375770837477 0
26 ec.gp.GPIndividual@965714615{62660702} 0.0 95006.0 8387.0 0.7474663169190414 3 9 21.0 0.0 0.7474663169190414 0
26 ec.gp.GPIndividual@965714615{62660702} 0.0 95006.0 14578.0 0.8547125806009055 3 9 21.0 0.0 0.8547125806009055 0
26 ec.gp.GPIndividual@965714615{62660702} 0.0 95006.0 10861.0 0.804990332381917 3 9 21.0 0.0 0.804990332381917 0
26 ec.gp.GPIndividual@965714615{62660702} 0.0 95006.0 8160.0 0.7404411764705883 3 9 21.0 0.0 0.7404411764705883 0
26 ec.gp.GPIndividual@965714615{62660702} 0.0 95006.0 12802.0 0.8345571004530542 3 9 21.0 0.0 0.8345571004530542 0
26 ec.gp.GPIndividual@965714615{62660702} 0.0 95006.0 10087.0 0.7900267671260037 3 9 21.0 0.0 0.7900267671260037 0
26 ec.gp.GPIndividual@1077602982{1836944250} 0.0 49103.0 12802.0 0.15208561162318388 5 43 21.0 0.0 26 ec.gp.GPIndividual@7162594{1067515755} 0.15208561162318388 0
26 ec.gp.GPIndividual@965714615{62660702} 0.0 95006.0 8317.0 0.7453408681014789 0.0 3 9 21.0 0.0 0.7453408681014789 0
62460.0 8317.0 0.041666666666666664 5 41 21.0 0.0 0.041666666666666664 0
26 ec.gp.GPIndividual@1584541160{-1778337190} 0.0 73339.0 12802.0 0.3929854710201531 5 34 21.0 0.0 0.3929854710201531 0
26 ec.gp.GPIndividual@187682520{528193309} 0.0 62548.0 8387.0 0.21602062060077326 26 ec.gp.GPIndividual@1991893241{-1338057849} 5 42 21.0 0.0 0.0 0.21602062060077326 0
62460.0 8387.0 0.06760462620722547 5 39 21.0 0.0 0.06760462620722547 0
26 ec.gp.GPIndividual@1077602982{1836944250} 0.0 48094.0 10087.0 0.02389213839595519 5 43 21.0 0.0 0.02389213839595519 0
26 ec.gp.GPIndividual@1584541160{-1778337190} 0.0 74485.0 10087.0 0.11599087934965797 5 34 21.0 0.0 0.11599087934965797 0
26 ec.gp.GPIndividual@1077602982{1836944250} 0.0 48459.0 8317.0 0.2277263436335217 26 ec.gp.GPIndividual@55390847{1809568735} 5 43 21.0 0.0 0.0 0.2277263436335217 0
62170.0 8317.0 0.25104436045355083 5 39 21.0 0.0 0.25104436045355083 0
26 ec.gp.GPIndividual@7162594{1067515755} 0.0 63286.0 12802.0 0.3246367755038275 5 41 21.0 0.0 0.3246367755038275 0
26 ec.gp.GPIndividual@1991893241{-1338057849} 0.0 63383.0 14578.0 0.4002606667581287 5 39 21.0 0.0 0.4002606667581287 0
26 ec.gp.GPIndividual@187682520{528193309} 0.0 61985.0 8317.0 0.11686906336419382 5 42 21.0 0.0 0.11686906336419382 0
26 ec.gp.GPIndividual@1584541160{-1778337190} 0.0 73380.0 8317.0 0.06071900925814597 5 34 21.0 0.0 0.06071900925814597 0
26 ec.gp.GPIndividual@55390847{1809568735} 0.0 62355.0 8387.0 0.08012400143078574 5 39 21.0 0.0 0.08012400143078574 0
26 ec.gp.GPIndividual@1337639029{-399747010} 0.0 58437.0 10054.0 0.07887407996817188 5 41 21.0 0.0 0.07887407996817188 0
26 ec.gp.GPIndividual@7162594{1067515755} 0.0 62133.0 10087.0 0.25716268464360065 5 41 21.0 0.0 0.25716268464360065 0
26 ec.gp.GPIndividual@1991893241{-1338057849} 0.0 63468.0 10861.0 0.1871835005984716 5 39 21.0 0.0 0.1871835005984716 0
26 ec.gp.GPIndividual@1106895266{-1786079109} 0.0 57704.0 10054.0 0.1517803859160533 5 44 21.0 0.0 0.1517803859160533 0
26 ec.gp.GPIndividual@1641831753{138484680} 0.0 58437.0 10054.0 0.07887407996817188 5 42 21.0 0.0 0.07887407996817188 0
26 ec.gp.GPIndividual@55390847{1809568735} 0.0 62754.0 14578.0 0.4434078748799561 5 39 21.0 0.0 0.4434078748799561 0
26 ec.gp.GPIndividual@1337639029{-399747010} 0.0 26 ec.gp.GPIndividual@7162594{1067515755} 58132.0 8317.0 0.06784309049719804 0.0 5 41 21.0 0.0 62460.0 8317.0 0.059757123962967416 0.06784309049719804 0
26 ec.gp.GPIndividual@1991893241{-1338057849} 0.0 62687.0 8160.0 0.013848039215686274 5 41 21.0 0.0 5 39 21.0 0.0 0.059757123962967416 0
0.013848039215686274 0
26 ec.gp.GPIndividual@1106895266{-1786079109} 0.0 57105.0 8387.0 0.054608322403720044 5 44 21.0 0.0 0.054608322403720044 0
26 ec.gp.GPIndividual@55390847{1809568735} 0.0 62820.0 10861.0 0.24684651505386243 5 39 21.0 0.0 0.24684651505386243 0
26 ec.gp.GPIndividual@1641831753{138484680} 0.0 58132.0 8387.0 0.06784309049719804 5 42 21.0 0.0 0.06784309049719804 0
26 ec.gp.GPIndividual@568722745{45145434} 0.0 52976.0 10054.0 0.07857569126715735 5 43 21.0 0.0 0.07857569126715735 0
26 ec.gp.GPIndividual@1991893241{-1338057849} 0.0 63286.0 12802.0 0.3246367755038275 5 39 21.0 0.0 0.3246367755038275 0
26 ec.gp.GPIndividual@1106895266{-1786079109} 0.0 58412.0 14578.0 0.3664425847166964 5 44 21.0 0.0 0.3664425847166964 0
26 ec.gp.GPIndividual@55390847{1809568735} 0.0 62948.0 8160.0 0.018137254901960786 5 39 21.0 0.0 0.018137254901960786 0
26 ec.gp.GPIndividual@1337639029{-399747010} 0.0 58604.0 14578.0 0.35327205377966797 5 41 21.0 0.0 0.35327205377966797 0
26 ec.gp.GPIndividual@1991893241{-1338057849} 0.0 63769.0 10087.0 0.09497372856151481 5 39 21.0 0.0 0.09497372856151481 0
26 ec.gp.GPIndividual@1641831753{138484680} 26 ec.gp.GPIndividual@1106895266{-1786079109} 0.0 0.0 58604.0 10861.0 0.35327205377966797 26 ec.gp.GPIndividual@55390847{1809568735} 57704.0 12802.0 0.21480526655004142 5 42 21.0 0.0 0.0 26 ec.gp.GPIndividual@568722745{45145434} 5 44 21.0 0.0 0.0 62431.0 8387.0 0.3914232151226371 0.21480526655004142 0
0.35327205377966797 0
53832.0 8387.0 0.20662930726123763 5 43 21.0 0.0 0.20662930726123763 0
5 39 21.0 0.0 0.3914232151226371 0
26 ec.gp.GPIndividual@1337639029{-399747010} 0.0 58437.0 10861.0 0.14731608507503913 5 41 21.0 0.0 0.14731608507503913 0
26 ec.gp.GPIndividual@1991893241{-1338057849} 0.0 62687.0 8317.0 0.03246362871227606 5 39 21.0 0.0 0.03246362871227606 0
26 ec.gp.GPIndividual@1106895266{-1786079109} 0.0 57012.0 8160.0 0.039705882352941174 5 44 21.0 0.0 0.039705882352941174 0
26 ec.gp.GPIndividual@1641831753{138484680} 0.0 58437.0 10861.0 0.14731608507503913 5 42 21.0 0.0 0.14731608507503913 0
26 ec.gp.GPIndividual@55390847{1809568735} 0.0 62248.0 10087.0 0.2457618717160702 5 39 21.0 0.0 0.2457618717160702 0
26 ec.gp.GPIndividual@1337639029{-399747010} 0.0 57478.0 8160.0 0.017401960784313726 5 41 21.0 0.0 0.017401960784313726 0
26 ec.gp.GPIndividual@568722745{45145434} 0.0 53146.0 14578.0 0.35286047468788584 5 43 21.0 0.0 0.35286047468788584 0
26 ec.gp.GPIndividual@1777945285{138484680} 0.0 58437.0 10054.0 0.07887407996817188 5 42 21.0 0.0 0.07887407996817188 0
26 ec.gp.GPIndividual@55390847{1809568735} 0.0 61726.0 8317.0 0.14801009979559937 5 39 21.0 0.0 0.14801009979559937 0
26 ec.gp.GPIndividual@1106895266{-1786079109} 0.0 58793.0 12802.0 0.2487892516794251 5 44 21.0 0.0 0.2487892516794251 0
26 ec.gp.GPIndividual@1641831753{138484680} 0.0 57478.0 8160.0 0.017401960784313726 5 42 21.0 0.0 0.017401960784313726 0
26 ec.gp.GPIndividual@385566400{-1597904325} 0.0 63891.0 10054.0 0.07986870897155361 5 31 21.0 0.0 0.07986870897155361 0
26 ec.gp.GPIndividual@385566400{-1597904325} 0.0 63891.0 8387.0 0.1030165732681531 5 31 21.0 0.0 0.1030165732681531 0
26 ec.gp.GPIndividual@1337639029{-399747010} 0.0 59163.0 12802.0 0.21988751757537886 5 41 21.0 0.0 0.21988751757537886 0
26 ec.gp.GPIndividual@568722745{45145434} 0.0 52976.0 10861.0 0.14703986741552344 26 ec.gp.GPIndividual@385566400{-1597904325} 5 43 21.0 0.0 0.0 0.14703986741552344 0
63048.0 14578.0 0.42324049938263136 5 31 21.0 0.0 0.42324049938263136 0
26 ec.gp.GPIndividual@1106895266{-1786079109} 0.0 26 ec.gp.GPIndividual@1777945285{138484680} 57704.0 10087.0 0.1545553682958263 0.0 5 44 21.0 0.0 58132.0 10087.0 0.06784309049719804 0.1545553682958263 0
5 42 21.0 0.0 0.06784309049719804 0
26 ec.gp.GPIndividual@385566400{-1597904325} 0.0 63341.0 10861.0 0.19887671485130282 5 31 21.0 0.0 0.19887671485130282 0
26 ec.gp.GPIndividual@1641831753{138484680} 0.0 59163.0 12802.0 0.21988751757537886 5 42 21.0 0.0 0.21988751757537886 0
26 ec.gp.GPIndividual@385566400{-1597904325} 0.0 63891.0 8160.0 0.13370098039215686 5 31 21.0 0.0 0.13370098039215686 0
26 ec.gp.GPIndividual@385566400{-1597904325} 0.0 63621.0 10087.0 0.2984689892204343 26 ec.gp.GPIndividual@1337639029{-399747010} 5 31 21.0 0.0 0.0 0.2984689892204343 0
57865.0 10087.0 0.13859423019728362 5 41 21.0 0.0 0.13859423019728362 0
26 ec.gp.GPIndividual@1106895266{-1786079109} 0.0 26 ec.gp.GPIndividual@385566400{-1597904325} 57012.0 10087.0 0.057833353372610315 0.0 5 44 21.0 0.0 63665.0 10087.0 0.10528402894815109 0.057833353372610315 0
26 ec.gp.GPIndividual@568722745{45145434} 0.0 53178.0 8160.0 0.16004901960784312 5 31 21.0 0.0 5 43 21.0 0.0 0.16004901960784312 0
0.10528402894815109 0
26 ec.gp.GPIndividual@385566400{-1597904325} 0.0 63891.0 8317.0 0.11230010821209571 5 31 21.0 0.0 0.11230010821209571 0
26 ec.gp.GPIndividual@1641831753{138484680} 0.0 57865.0 10087.0 0.13859423019728362 5 42 21.0 0.0 0.13859423019728362 0
26 ec.gp.GPIndividual@1777945285{138484680} 0.0 58604.0 14578.0 0.35327205377966797 5 42 21.0 0.0 0.35327205377966797 0
26 ec.gp.GPIndividual@1337639029{-399747010} 0.0 57478.0 8317.0 0.0018035349284597811 5 41 21.0 0.0 0.0018035349284597811 0
26 ec.gp.GPIndividual@901936873{-1753911581} 0.0 58437.0 10054.0 0.07887407996817188 5 43 21.0 0.0 0.07887407996817188 0
26 ec.gp.GPIndividual@858521215{1371564644} 0.0 104262.0 10054.0 0.9556395464491745 3 5 21.0 0.0 0.9556395464491745 0
26 ec.gp.GPIndividual@568722745{45145434} 0.0 54145.0 12802.0 0.18504921106077177 5 43 21.0 0.0 0.18504921106077177 0
26 ec.gp.GPIndividual@858521215{1371564644} 0.0 104262.0 8387.0 0.9468224633361154 3 5 21.0 0.0 0.9468224633361154 0
26 ec.gp.GPIndividual@858521215{1371564644} 0.0 104262.0 14578.0 0.9694059541775277 3 5 21.0 0.0 0.9694059541775277 0
26 ec.gp.GPIndividual@858521215{1371564644} 0.0 104262.0 10861.0 0.9589356412853328 3 5 21.0 0.0 0.9589356412853328 0
26 ec.gp.GPIndividual@1619748707{670254645} 0.0 26 ec.gp.GPIndividual@858521215{1371564644} 0.0 58437.0 8160.0 0.07887407996817188 5 43 21.0 0.0 104262.0 8160.0 0.9453431372549019 0.07887407996817188 0
3 5 21.0 0.0 0.9453431372549019 0
26 ec.gp.GPIndividual@858521215{1371564644} 0.0 104262.0 12802.0 0.9651616934853929 3 5 21.0 0.0 0.9651616934853929 0
26 ec.gp.GPIndividual@1641831753{138484680} 0.0 26 ec.gp.GPIndividual@858521215{1371564644} 0.0 104262.0 10087.0 0.9557846733419253 3 5 21.0 0.0 0.9557846733419253 0
26 ec.gp.GPIndividual@1777945285{138484680} 57478.0 10087.0 0.0018035349284597811 0.0 5 42 21.0 0.0 58437.0 10861.0 0.14731608507503913 26 ec.gp.GPIndividual@858521215{1371564644} 0.0018035349284597811 0
0.0 104262.0 8317.0 0.9463748947937959 3 5 21.0 0.0 0.9463748947937959 0
5 42 21.0 0.0 0.14731608507503913 0
26 ec.gp.GPIndividual@901936873{-1753911581} 0.0 58132.0 8387.0 0.06784309049719804 5 43 21.0 0.0 0.06784309049719804 0
26 ec.gp.GPIndividual@568722745{45145434} 0.0 52404.0 10087.0 0.13829681768613067 5 43 21.0 0.0 0.13829681768613067 0
26 ec.gp.GPIndividual@1619748707{670254645} 0.0 58132.0 8387.0 0.06784309049719804 5 43 21.0 0.0 0.06784309049719804 0
26 ec.gp.GPIndividual@442805051{-1433209525} 0.0 62267.0 10054.0 0.24139645912074797 5 41 21.0 0.0 0.24139645912074797 0
26 ec.gp.GPIndividual@1777945285{138484680} 0.0 57478.0 8160.0 0.017401960784313726 5 42 21.0 0.0 0.017401960784313726 0
26 ec.gp.GPIndividual@901936873{-1753911581} 0.0 58569.0 14578.0 0.3556729318150638 5 43 21.0 0.0 0.3556729318150638 0
26 ec.gp.GPIndividual@568722745{45145434} 0.0 53178.0 8317.0 0.13815077552001923 5 43 21.0 0.0 0.13815077552001923 0
26 ec.gp.GPIndividual@442805051{-1433209525} 0.0 62460.0 8387.0 0.06760462620722547 5 41 21.0 0.0 0.06760462620722547 0
26 ec.gp.GPIndividual@1777945285{138484680} 0.0 59163.0 12802.0 0.21988751757537886 5 42 21.0 0.0 0.21988751757537886 0
26 ec.gp.GPIndividual@1619748707{670254645} 0.0 58604.0 14578.0 0.35327205377966797 5 43 21.0 0.0 0.35327205377966797 0
26 ec.gp.GPIndividual@901936873{-1753911581} 0.0 26 ec.gp.GPIndividual@660826436{1624942149} 0.0 58437.0 10054.0 0.14731608507503913 62004.0 10054.0 0.2675552019096877 5 43 21.0 0.0 5 44 21.0 0.0 0.14731608507503913 0
0.2675552019096877 0
26 ec.gp.GPIndividual@442805051{-1433209525} 0.0 64096.0 14578.0 0.35135135135135137 5 41 21.0 0.0 0.35135135135135137 0
26 ec.gp.GPIndividual@1619748707{670254645} 0.0 58437.0 10087.0 0.14731608507503913 26 ec.gp.GPIndividual@1777945285{138484680} 0.0 5 43 21.0 0.0 57865.0 10087.0 0.13859423019728362 0.14731608507503913 0
5 42 21.0 0.0 0.13859423019728362 0
26 ec.gp.GPIndividual@901936873{-1753911581} 0.0 57478.0 8160.0 0.017401960784313726 5 43 21.0 0.0 0.017401960784313726 0
26 ec.gp.GPIndividual@442805051{-1433209525} 0.0 62123.0 10861.0 0.31102108461467637 5 41 21.0 0.0 0.31102108461467637 0
26 ec.gp.GPIndividual@1619748707{670254645} 0.0 57478.0 8160.0 0.017401960784313726 5 43 21.0 0.0 0.017401960784313726 0
26 ec.gp.GPIndividual@1777945285{138484680} 0.0 57478.0 8317.0 0.0018035349284597811 5 42 21.0 0.0 0.0018035349284597811 0
26 ec.gp.GPIndividual@901936873{-1753911581} 0.0 59163.0 12802.0 0.21988751757537886 5 43 21.0 0.0 0.21988751757537886 0
26 ec.gp.GPIndividual@442805051{-1433209525} 0.0 62460.0 8160.0 0.041666666666666664 5 41 21.0 0.0 0.041666666666666664 0
26 ec.gp.GPIndividual@1273053612{1242388225} 0.0 58437.0 10054.0 0.07887407996817188 5 41 21.0 0.0 0.07887407996817188 0
26 ec.gp.GPIndividual@1619748707{670254645} 0.0 59163.0 12802.0 0.21988751757537886 5 43 21.0 0.0 0.21988751757537886 0
26 ec.gp.GPIndividual@901936873{-1753911581} 0.0 57865.0 10087.0 0.13859423019728362 5 43 21.0 0.0 0.13859423019728362 0
26 ec.gp.GPIndividual@442805051{-1433209525} 0.0 63286.0 12802.0 0.3246367755038275 5 41 21.0 0.0 0.3246367755038275 0
26 ec.gp.GPIndividual@1273053612{1242388225} 0.0 58132.0 8387.0 0.06784309049719804 5 41 21.0 0.0 0.06784309049719804 0
26 ec.gp.GPIndividual@1619748707{670254645} 0.0 57865.0 10087.0 0.13859423019728362 5 43 21.0 0.0 0.13859423019728362 0
26 ec.gp.GPIndividual@901936873{-1753911581} 0.0 57478.0 8317.0 0.0018035349284597811 5 43 21.0 0.0 0.0018035349284597811 0
26 ec.gp.GPIndividual@442805051{-1433209525} 0.0 62133.0 10087.0 0.25716268464360065 5 41 21.0 0.0 0.25716268464360065 0
26 ec.gp.GPIndividual@660826436{1624942149} 1.0 30705.0 8387.0 0.05508525098366519 5 44 21.0 0.0 0.05508525098366519 0
26 ec.gp.GPIndividual@1273053612{1242388225} 0.0 58569.0 14578.0 0.3556729318150638 5 41 21.0 0.0 0.3556729318150638 0
26 ec.gp.GPIndividual@2105036534{1598436028} 0.0 58437.0 10054.0 0.07887407996817188 5 33 21.0 0.0 0.07887407996817188 0
26 ec.gp.GPIndividual@442805051{-1433209525} 0.0 62460.0 8317.0 0.059757123962967416 5 41 21.0 0.0 0.059757123962967416 0
26 ec.gp.GPIndividual@1619748707{670254645} 0.0 57478.0 8317.0 0.0018035349284597811 5 43 21.0 0.0 0.0018035349284597811 0
26 ec.gp.GPIndividual@219946251{876998074} 0.0 73609.0 10054.0 0.20021881838074398 5 31 21.0 0.0 0.20021881838074398 0
26 ec.gp.GPIndividual@1273053612{1242388225} 0.0 58437.0 10861.0 0.14731608507503913 5 41 21.0 0.0 0.14731608507503913 0
26 ec.gp.GPIndividual@660826436{1624942149} 0.0 62872.0 14578.0 0.4353134860749074 5 44 21.0 0.0 0.4353134860749074 0
26 ec.gp.GPIndividual@2105036534{1598436028} 0.0 58132.0 8387.0 0.06784309049719804 5 33 21.0 0.0 0.06784309049719804 0
26 ec.gp.GPIndividual@219946251{876998074} 0.0 72449.0 8387.0 0.17956361034935017 5 31 21.0 0.0 0.17956361034935017 0
26 ec.gp.GPIndividual@609610719{1467823127} 0.0 63744.0 10054.0 0.09448975532126516 5 37 21.0 0.0 0.09448975532126516 0
26 ec.gp.GPIndividual@219946251{876998074} 0.0 73115.0 14578.0 0.48230209905336807 5 31 21.0 0.0 0.48230209905336807 0
26 ec.gp.GPIndividual@660826436{1624942149} 0.0 62004.0 10861.0 0.3219777184421324 5 44 21.0 0.0 0.3219777184421324 0
26 ec.gp.GPIndividual@1273053612{1242388225} 0.0 57478.0 8160.0 0.017401960784313726 5 41 21.0 0.0 0.017401960784313726 0
26 ec.gp.GPIndividual@609610719{1467823127} 0.0 62584.0 8387.0 0.05281984022892572 5 37 21.0 0.0 0.05281984022892572 0
26 ec.gp.GPIndividual@219946251{876998074} 0.0 71722.0 10861.0 0.43338550778013074 5 31 21.0 0.0 0.43338550778013074 0
26 ec.gp.GPIndividual@2105036534{1598436028} 0.0 58604.0 14578.0 0.35327205377966797 5 33 21.0 0.0 0.35327205377966797 0
26 ec.gp.GPIndividual@219946251{876998074} 0.0 72449.0 8160.0 0.15674019607843137 5 31 21.0 0.0 0.15674019607843137 0
26 ec.gp.GPIndividual@609610719{1467823127} 0.0 64214.0 14578.0 0.34325696254630267 5 37 21.0 0.0 0.34325696254630267 0
26 ec.gp.GPIndividual@219946251{876998074} 0.0 72820.0 12802.0 0.43352601156069365 5 31 21.0 0.0 0.43352601156069365 0
26 ec.gp.GPIndividual@1273053612{1242388225} 0.0 59164.0 12802.0 0.21980940478050304 5 41 21.0 0.0 0.21980940478050304 0
26 ec.gp.GPIndividual@2105036534{1598436028} 0.0 58437.0 10861.0 0.14731608507503913 5 33 21.0 0.0 0.14731608507503913 0
26 ec.gp.GPIndividual@219946251{876998074} 0.0 73383.0 10087.0 0.22524040844651533 5 31 21.0 0.0 0.22524040844651533 0
26 ec.gp.GPIndividual@609610719{1467823127} 0.0 63744.0 10861.0 0.16177147592302735 5 37 21.0 0.0 0.16177147592302735 0
26 ec.gp.GPIndividual@219946251{876998074} 0.0 72449.0 8317.0 0.17265841048454972 5 31 21.0 0.0 0.17265841048454972 0
26 ec.gp.GPIndividual@1273053612{1242388225} 0.0 57865.0 10087.0 0.13859423019728362 5 41 21.0 0.0 0.13859423019728362 0
26 ec.gp.GPIndividual@347917749{215094918} 0.0 81676.0 10054.0 0.4847821762482594 5 29 21.0 0.0 0.4847821762482594 0
26 ec.gp.GPIndividual@609610719{1467823127} 0.0 62584.0 8160.0 0.026470588235294117 5 37 21.0 0.0 0.026470588235294117 0
26 ec.gp.GPIndividual@2105036534{1598436028} 0.0 57478.0 8160.0 0.017401960784313726 5 33 21.0 0.0 0.017401960784313726 0
26 ec.gp.GPIndividual@347917749{215094918} 0.0 82287.0 8387.0 0.3095266483844044 5 29 21.0 0.0 0.3095266483844044 0
26 ec.gp.GPIndividual@347917749{215094918} 0.0 81598.0 14578.0 0.6500205789545891 5 29 21.0 0.0 0.6500205789545891 0
26 ec.gp.GPIndividual@347917749{215094918} 0.0 81404.0 10861.0 0.5481079090323174 5 29 21.0 0.0 0.5481079090323174 0
26 ec.gp.GPIndividual@609610719{1467823127} 0.0 63431.0 12802.0 0.3133104202468364 5 37 21.0 0.0 0.3133104202468364 0
26 ec.gp.GPIndividual@1273053612{1242388225} 0.0 57478.0 8317.0 0.0018035349284597811 5 41 21.0 0.0 0.0018035349284597811 0
26 ec.gp.GPIndividual@347917749{215094918} 0.0 81550.0 8160.0 0.38063725490196076 5 29 21.0 0.0 0.38063725490196076 0
26 ec.gp.GPIndividual@1190873942{1359824727} 0.0 77180.0 10054.0 0.3885020887209071 5 48 21.0 0.0 0.3885020887209071 0
26 ec.gp.GPIndividual@2105036534{1598436028} 0.0 59163.0 12802.0 0.21988751757537886 5 33 21.0 0.0 0.21988751757537886 0
26 ec.gp.GPIndividual@1190873942{1359824727} 0.0 77180.0 8387.0 0.2669607726242995 5 48 21.0 0.0 0.2669607726242995 0
26 ec.gp.GPIndividual@347917749{215094918} 0.0 80801.0 12802.0 0.6637244180596782 5 29 21.0 0.0 0.6637244180596782 0
26 ec.gp.GPIndividual@1190873942{1359824727} 0.0 77842.0 14578.0 0.532857730827274 5 48 21.0 0.0 0.532857730827274 0
26 ec.gp.GPIndividual@609610719{1467823127} 0.0 63744.0 10087.0 0.09745216615445623 5 37 21.0 0.0 0.09745216615445623 0
26 ec.gp.GPIndividual@347917749{215094918} 0.0 80702.0 10087.0 0.5830276593635372 5 29 21.0 0.0 0.5830276593635372 0
26 ec.gp.GPIndividual@1190873942{1359824727} 0.0 77180.0 10861.0 0.4339379430991621 5 48 21.0 0.0 0.4339379430991621 0
26 ec.gp.GPIndividual@1190873942{1359824727} 0.0 77180.0 8160.0 0.2465686274509804 5 48 21.0 0.0 0.2465686274509804 0
26 ec.gp.GPIndividual@347917749{215094918} 0.0 81550.0 8317.0 0.3923289647709511 5 29 21.0 0.0 0.3923289647709511 0
26 ec.gp.GPIndividual@1190873942{1359824727} 0.0 77308.0 12802.0 0.5097640993594751 5 48 21.0 0.0 0.5097640993594751 0
26 ec.gp.GPIndividual@2105036534{1598436028} 0.0 57865.0 10087.0 0.13859423019728362 5 33 21.0 0.0 0.13859423019728362 0
26 ec.gp.GPIndividual@1190873942{1359824727} 0.0 77180.0 10087.0 0.39050262714384854 5 48 21.0 0.0 26 ec.gp.GPIndividual@609610719{1467823127} 0.39050262714384854 0
0.0 62584.0 8317.0 0.04484790188769989 5 37 21.0 0.0 0.04484790188769989 0
26 ec.gp.GPIndividual@1190873942{1359824727} 0.0 77180.0 8317.0 0.26079115065528435 5 48 21.0 0.0 0.26079115065528435 0
26 ec.gp.GPIndividual@660826436{1624942149} 1.0 25306.0 8160.0 0.09240196078431373 5 44 21.0 0.0 0.09240196078431373 0
26 ec.gp.GPIndividual@2105036534{1598436028} 0.0 57478.0 8317.0 0.0018035349284597811 5 33 21.0 0.0 0.0018035349284597811 0
26 ec.gp.GPIndividual@148113039{56318916} 0.0 67569.0 10054.0 0.25750944897553213 5 38 21.0 0.0 0.25750944897553213 0
26 ec.gp.GPIndividual@660826436{1624942149} 0.0 63093.0 12802.0 0.33971254491485703 5 44 21.0 0.0 0.33971254491485703 0
26 ec.gp.GPIndividual@148113039{56318916} 0.0 66820.0 8387.0 0.19923691427208776 5 38 21.0 0.0 0.19923691427208776 0
26 ec.gp.GPIndividual@660826436{1624942149} 0.0 62004.0 10087.0 0.26995142262317834 5 44 21.0 0.0 0.26995142262317834 0
26 ec.gp.GPIndividual@148113039{56318916} 0.0 67522.0 14578.0 0.49115104952668404 5 38 21.0 0.0 0.49115104952668404 0
26 ec.gp.GPIndividual@148113039{56318916} 0.0 67224.0 10861.0 0.34444342141607587 5 38 21.0 0.0 0.34444342141607587 0
26 ec.gp.GPIndividual@148113039{56318916} 0.0 66672.0 8160.0 0.19509803921568628 5 38 21.0 0.0 0.19509803921568628 0
26 ec.gp.GPIndividual@148113039{56318916} 0.0 67742.0 12802.0 0.4033744727386346 5 38 21.0 0.0 0.4033744727386346 0
26 ec.gp.GPIndividual@148113039{56318916} 0.0 66581.0 10087.0 0.35788638842073955 5 38 21.0 0.0 0.35788638842073955 0
26 ec.gp.GPIndividual@148113039{56318916} 0.0 66672.0 8317.0 0.2102921726584105 5 38 21.0 0.0 0.2102921726584105 0
26 ec.gp.GPIndividual@103678662{98771427} 0.0 68492.0 10054.0 0.16570519196339764 5 43 21.0 0.0 0.16570519196339764 0
26 ec.gp.GPIndividual@103678662{98771427} 0.0 67865.0 8387.0 0.07463932276141648 5 43 21.0 0.0 0.07463932276141648 0
26 ec.gp.GPIndividual@103678662{98771427} 0.0 68130.0 14578.0 0.4494443682260941 5 43 21.0 0.0 0.4494443682260941 0
26 ec.gp.GPIndividual@103678662{98771427} 0.0 67514.0 10861.0 0.31774238099622504 5 43 21.0 0.0 0.31774238099622504 0
26 ec.gp.GPIndividual@660826436{1624942149} 1.0 25306.0 8317.0 0.07178069015269929 5 44 21.0 0.0 0.07178069015269929 0
26 ec.gp.GPIndividual@103678662{98771427} 0.0 66805.0 8160.0 0.17879901960784314 5 43 21.0 0.0 0.17879901960784314 0
26 ec.gp.GPIndividual@103678662{98771427} 0.0 67328.0 12802.0 0.4357131698172161 5 43 21.0 0.0 0.4357131698172161 0
26 ec.gp.GPIndividual@1100690071{1664714311} 0.0 58437.0 10054.0 0.07887407996817188 5 43 21.0 0.0 0.07887407996817188 0
26 ec.gp.GPIndividual@103678662{98771427} 0.0 67514.0 10087.0 0.26539109745216616 5 43 21.0 0.0 0.26539109745216616 0
26 ec.gp.GPIndividual@103678662{98771427} 0.0 66805.0 8317.0 0.1943008296260671 5 43 21.0 0.0 0.1943008296260671 0
26 ec.gp.GPIndividual@1100690071{1664714311} 0.0 58132.0 8387.0 0.06784309049719804 5 43 21.0 0.0 0.06784309049719804 0
26 ec.gp.GPIndividual@553470420{64679139} 0.0 62848.0 10054.0 0.18360851402426895 5 40 21.0 0.0 0.18360851402426895 0
26 ec.gp.GPIndividual@1100690071{1664714311} 0.0 58569.0 14578.0 0.3556729318150638 5 43 21.0 0.0 0.3556729318150638 0
26 ec.gp.GPIndividual@553470420{64679139} 0.0 62729.0 8387.0 0.035531179205913914 5 40 21.0 0.0 0.035531179205913914 0
26 ec.gp.GPIndividual@1100690071{1664714311} 0.0 58437.0 10861.0 0.14731608507503913 5 43 21.0 0.0 0.14731608507503913 0
26 ec.gp.GPIndividual@553470420{64679139} 0.0 63078.0 14578.0 0.4211826039237207 5 40 21.0 0.0 0.4211826039237207 0
26 ec.gp.GPIndividual@553470420{64679139} 0.0 62576.0 10861.0 0.2693122180278059 5 40 21.0 0.0 0.2693122180278059 0
26 ec.gp.GPIndividual@1100690071{1664714311} 0.0 57478.0 8160.0 0.017401960784313726 5 43 21.0 0.0 0.017401960784313726 0
26 ec.gp.GPIndividual@553470420{64679139} 0.0 62606.0 8160.0 0.023774509803921567 5 40 21.0 0.0 0.023774509803921567 0
26 ec.gp.GPIndividual@1100690071{1664714311} 0.0 59163.0 12802.0 0.21988751757537886 5 43 21.0 0.0 0.21988751757537886 0
26 ec.gp.GPIndividual@553470420{64679139} 0.0 62175.0 12802.0 0.41142009061084206 5 40 21.0 0.0 0.41142009061084206 0
26 ec.gp.GPIndividual@1100690071{1664714311} 0.0 57865.0 10087.0 0.13859423019728362 5 43 21.0 0.0 0.13859423019728362 0
26 ec.gp.GPIndividual@553470420{64679139} 0.0 62576.0 10087.0 0.2132447704966789 5 40 21.0 0.0 0.2132447704966789 0
26 ec.gp.GPIndividual@553470420{64679139} 0.0 62606.0 8317.0 0.04220271732595888 5 40 21.0 0.0 0.04220271732595888 0
26 ec.gp.GPIndividual@1100690071{1664714311} 0.0 57478.0 8317.0 0.0018035349284597811 5 43 21.0 0.0 0.0018035349284597811 0
27 ec.gp.GPIndividual@263822677{1326288074} 0.0 72940.0 10054.0 0.2667594987069823 5 20 21.0 0.0 0.2667594987069823 0
27 ec.gp.GPIndividual@734743068{-1114897802} 0.0 66343.0 10054.0 0.3794509647901333 5 39 21.0 0.0 0.3794509647901333 0
27 ec.gp.GPIndividual@263822677{1326288074} 0.0 72940.0 8387.0 0.12102062716108263 5 20 21.0 0.0 0.12102062716108263 0
27 ec.gp.GPIndividual@734743068{-1114897802} 0.0 66314.0 8387.0 0.2595683796351496 5 39 21.0 0.0 0.2595683796351496 0
27 ec.gp.GPIndividual@263822677{1326288074} 0.0 73602.0 14578.0 0.44889559610371793 5 20 21.0 0.0 0.44889559610371793 0
27 ec.gp.GPIndividual@263822677{1326288074} 0.0 72940.0 10861.0 0.3212411380167572 5 20 21.0 0.0 0.3212411380167572 0
27 ec.gp.GPIndividual@1315044320{867417086} 0.0 58437.0 10054.0 0.07887407996817188 5 42 21.0 0.0 0.07887407996817188 0
27 ec.gp.GPIndividual@734743068{-1114897802} 0.0 27 ec.gp.GPIndividual@2147272024{528193309} 67389.0 10054.0 0.5002743860611881 0.0 5 39 21.0 0.0 62774.0 10054.0 0.19096876864929382 0.5002743860611881 0
27 ec.gp.GPIndividual@263822677{1326288074} 0.0 5 42 21.0 0.0 72940.0 8160.0 0.0965686274509804 0.19096876864929382 0
5 20 21.0 0.0 0.0965686274509804 0
27 ec.gp.GPIndividual@533572803{-1521694421} 27 ec.gp.GPIndividual@2013794651{1756787410} 0.0 0.0 53077.0 10054.0 0.06852993833300179 47897.0 10054.0 0.040282474636960414 5 42 21.0 0.0 5 39 21.0 0.0 0.06852993833300179 0
0.040282474636960414 0
27 ec.gp.GPIndividual@263822677{1326288074} 27 ec.gp.GPIndividual@734743068{-1114897802} 0.0 0.0 73068.0 12802.0 0.41415403843149506 66904.0 12802.0 0.3739066384310837 5 20 21.0 0.0 5 39 21.0 0.0 0.41415403843149506 0
0.3739066384310837 0
27 ec.gp.GPIndividual@263822677{1326288074} 0.0 72940.0 10087.0 0.2691583225934371 5 20 21.0 0.0 0.2691583225934371 0
27 ec.gp.GPIndividual@734743068{-1114897802} 0.0 66453.0 8160.0 0.2219362745098039 5 39 21.0 0.0 0.2219362745098039 0
27 ec.gp.GPIndividual@263822677{1326288074} 0.0 72940.0 8317.0 0.11362270049296622 5 20 21.0 0.0 0.11362270049296622 0
27 ec.gp.GPIndividual@1315044320{867417086} 0.0 58132.0 8387.0 0.06784309049719804 5 42 21.0 0.0 0.06784309049719804 0
27 ec.gp.GPIndividual@734743068{-1114897802} 0.0 66784.0 12802.0 0.4782065302296516 5 39 21.0 0.0 0.4782065302296516 0
27 ec.gp.GPIndividual@2147272024{528193309} 0.0 62078.0 8387.0 0.1131513055919876 5 42 21.0 0.0 0.1131513055919876 0
27 ec.gp.GPIndividual@2013794651{1756787410} 0.0 47298.0 8387.0 0.07905091212590915 5 39 21.0 0.0 0.07905091212590915 0
27 ec.gp.GPIndividual@734743068{-1114897802} 0.0 66376.0 10087.0 0.37820957668285915 5 39 21.0 0.0 0.37820957668285915 0
27 ec.gp.GPIndividual@246798068{1126343971} 0.0 68492.0 10054.0 0.16570519196339764 5 39 21.0 0.0 0.16570519196339764 0
27 ec.gp.GPIndividual@533572803{-1521694421} 0.0 52284.0 8387.0 0.022057946822463335 5 42 21.0 0.0 0.022057946822463335 0
27 ec.gp.GPIndividual@734743068{-1114897802} 0.0 66453.0 8317.0 0.23662378261392328 5 39 21.0 0.0 0.23662378261392328 0
27 ec.gp.GPIndividual@1315044320{867417086} 0.0 58569.0 14578.0 0.3556729318150638 5 42 21.0 0.0 0.3556729318150638 0
27 ec.gp.GPIndividual@246798068{1126343971} 0.0 67865.0 8387.0 0.07463932276141648 5 39 21.0 0.0 0.07463932276141648 0
27 ec.gp.GPIndividual@974478737{634294485} 0.0 51719.0 10054.0 0.2036005569922419 5 49 21.0 0.0 0.2036005569922419 0
27 ec.gp.GPIndividual@2013794651{1756787410} 0.0 48846.0 14578.0 0.2730141308821512 5 39 21.0 0.0 0.2730141308821512 0
27 ec.gp.GPIndividual@2147272024{528193309} 0.0 62872.0 14578.0 0.4353134860749074 5 42 21.0 0.0 0.4353134860749074 0
27 ec.gp.GPIndividual@246798068{1126343971} 0.0 69342.0 14578.0 0.3663053916861023 5 39 21.0 0.0 0.3663053916861023 0
27 ec.gp.GPIndividual@1315044320{867417086} 0.0 58437.0 10861.0 0.14731608507503913 5 42 21.0 0.0 0.14731608507503913 0
27 ec.gp.GPIndividual@974478737{634294485} 0.0 51719.0 8387.0 0.04530821509478956 5 49 21.0 0.0 0.04530821509478956 0
27 ec.gp.GPIndividual@533572803{-1521694421} 0.0 53586.0 14578.0 0.32267800795719576 5 42 21.0 0.0 0.32267800795719576 0
27 ec.gp.GPIndividual@2013794651{1756787410} 0.0 47897.0 10861.0 0.11159193444434214 5 39 21.0 0.0 0.11159193444434214 0
27 ec.gp.GPIndividual@246798068{1126343971} 0.0 67454.0 10861.0 0.323266734186539 5 39 21.0 0.0 0.323266734186539 0
27 ec.gp.GPIndividual@2147272024{528193309} 0.0 60887.0 10861.0 0.4248227603351441 5 42 21.0 0.0 0.4248227603351441 0
27 ec.gp.GPIndividual@974478737{634294485} 0.0 53085.0 14578.0 0.3570448621210043 5 49 21.0 0.0 0.3570448621210043 0
27 ec.gp.GPIndividual@1315044320{867417086} 0.0 57478.0 8160.0 0.017401960784313726 5 42 21.0 0.0 0.017401960784313726 0
27 ec.gp.GPIndividual@2013794651{1756787410} 0.0 47205.0 8160.0 0.09767156862745098 5 39 21.0 0.0 0.09767156862745098 0
27 ec.gp.GPIndividual@246798068{1126343971} 0.0 67577.0 8160.0 0.08419117647058824 5 39 21.0 0.0 0.08419117647058824 0
27 ec.gp.GPIndividual@533572803{-1521694421} 0.0 53893.0 10861.0 0.06260933615689163 5 42 21.0 0.0 0.06260933615689163 0
27 ec.gp.GPIndividual@974478737{634294485} 0.0 52369.0 10861.0 0.2029279071908664 5 49 21.0 0.0 0.2029279071908664 0
27 ec.gp.GPIndividual@2147272024{528193309} 0.0 61985.0 8160.0 0.09987745098039216 5 42 21.0 0.0 0.09987745098039216 0
27 ec.gp.GPIndividual@1315044320{867417086} 0.0 59163.0 12802.0 0.21988751757537886 5 42 21.0 0.0 0.21988751757537886 0
27 ec.gp.GPIndividual@2013794651{1756787410} 0.0 49016.0 12802.0 0.15888142477737854 27 ec.gp.GPIndividual@246798068{1126343971} 5 39 21.0 0.0 0.0 0.15888142477737854 0
67943.0 12802.0 0.38767380096859866 5 39 21.0 0.0 0.38767380096859866 0
27 ec.gp.GPIndividual@974478737{634294485} 0.0 51275.0 8160.0 0.07316176470588236 5 49 21.0 0.0 0.07316176470588236 0
27 ec.gp.GPIndividual@533572803{-1521694421} 0.0 52284.0 8160.0 0.050490196078431374 5 42 21.0 0.0 0.050490196078431374 0
27 ec.gp.GPIndividual@2147272024{528193309} 0.0 63431.0 12802.0 0.3133104202468364 5 42 21.0 0.0 0.3133104202468364 0
27 ec.gp.GPIndividual@1315044320{867417086} 0.0 57865.0 10087.0 0.13859423019728362 5 42 21.0 0.0 0.13859423019728362 0
27 ec.gp.GPIndividual@2013794651{1756787410} 0.0 47897.0 10087.0 0.0434222266283335 5 39 21.0 0.0 0.0434222266283335 0
27 ec.gp.GPIndividual@974478737{634294485} 0.0 53371.0 10087.0 0.24550851429464146 27 ec.gp.GPIndividual@246798068{1126343971} 5 49 21.0 0.0 0.0 0.24550851429464146 0
67232.0 10087.0 0.29334787350054525 5 39 21.0 0.0 0.29334787350054525 0
27 ec.gp.GPIndividual@246798068{1126343971} 0.0 67577.0 8317.0 0.10147889864133702 5 39 21.0 0.0 0.10147889864133702 0
27 ec.gp.GPIndividual@974478737{634294485} 0.0 51752.0 10087.0 0.20293447011004262 5 49 21.0 0.0 0.20293447011004262 0
27 ec.gp.GPIndividual@2013794651{1756787410} 0.0 47215.0 8317.0 0.07815318023325718 5 39 21.0 0.0 0.07815318023325718 0
27 ec.gp.GPIndividual@533572803{-1521694421} 27 ec.gp.GPIndividual@2147272024{528193309} 0.0 0.0 27 ec.gp.GPIndividual@1315044320{867417086} 54342.0 8317.0 0.16966099047023903 0.0 62548.0 8317.0 0.21602062060077326 5 42 21.0 0.0 5 42 21.0 0.0 0.16966099047023903 0
57478.0 8317.0 0.0018035349284597811 5 42 21.0 0.0 0.21602062060077326 0
0.0018035349284597811 0
27 ec.gp.GPIndividual@974478737{634294485} 0.0 51283.0 8317.0 0.08969580377539978 5 49 21.0 0.0 0.08969580377539978 0
27 ec.gp.GPIndividual@1105700775{-1330022739} 0.0 62517.0 10054.0 0.2165307340362045 5 41 21.0 0.0 0.2165307340362045 0
27 ec.gp.GPIndividual@1191858194{-94829013} 0.0 58437.0 10054.0 0.07887407996817188 5 42 21.0 0.0 0.07887407996817188 0
27 ec.gp.GPIndividual@2147272024{528193309} 0.0 61985.0 8317.0 0.11686906336419382 5 42 21.0 0.0 0.11686906336419382 0
27 ec.gp.GPIndividual@48261546{-1192002713} 0.0 47897.0 10054.0 0.040282474636960414 27 ec.gp.GPIndividual@533572803{-1521694421} 5 48 21.0 0.0 0.0 0.040282474636960414 0
53077.0 10087.0 0.07157727768414791 5 42 21.0 0.0 0.07157727768414791 0
27 ec.gp.GPIndividual@1105700775{-1330022739} 0.0 62023.0 8387.0 0.11970907356623346 5 41 21.0 0.0 0.11970907356623346 0
27 ec.gp.GPIndividual@109062878{-229403827} 0.0 53688.0 10054.0 0.0077581062263775615 5 40 21.0 0.0 0.0077581062263775615 0
27 ec.gp.GPIndividual@1191858194{-94829013} 0.0 58132.0 8387.0 0.06784309049719804 5 42 21.0 0.0 0.06784309049719804 0
27 ec.gp.GPIndividual@1105700775{-1330022739} 0.0 63430.0 14578.0 0.3970366305391686 5 41 21.0 0.0 0.3970366305391686 0
27 ec.gp.GPIndividual@48261546{-1192002713} 0.0 47298.0 8387.0 0.07905091212590915 27 ec.gp.GPIndividual@1559234304{-1655305668} 5 48 21.0 0.0 0.0 0.07905091212590915 0
47897.0 8387.0 0.040282474636960414 5 48 21.0 0.0 0.040282474636960414 0
27 ec.gp.GPIndividual@533572803{-1521694421} 0.0 52284.0 8317.0 0.03066009378381628 5 42 21.0 0.0 0.03066009378381628 0
27 ec.gp.GPIndividual@109062878{-229403827} 0.0 53859.0 8387.0 0.2098485751758674 5 40 21.0 0.0 0.2098485751758674 0
27 ec.gp.GPIndividual@931471819{1347023697} 27 ec.gp.GPIndividual@1105700775{-1330022739} 0.0 0.0 64248.0 10861.0 0.11536690912439002 71730.0 10861.0 0.3871096081161727 5 41 21.0 0.0 5 20 21.0 0.0 0.11536690912439002 0
0.3871096081161727 0
27 ec.gp.GPIndividual@1191858194{-94829013} 0.0 58569.0 14578.0 0.3556729318150638 5 42 21.0 0.0 0.3556729318150638 0
27 ec.gp.GPIndividual@1559234304{-1655305668} 0.0 47298.0 8387.0 0.07905091212590915 5 48 21.0 0.0 0.07905091212590915 0
27 ec.gp.GPIndividual@48261546{-1192002713} 0.0 27 ec.gp.GPIndividual@931471819{1347023697} 49256.0 8387.0 0.2448895596103718 0.0 5 48 21.0 0.0 0.2448895596103718 0
71730.0 8387.0 0.26529152259449146 5 20 21.0 0.0 0.26529152259449146 0
27 ec.gp.GPIndividual@931471819{1347023697} 0.0 72499.0 14578.0 0.5245575524763342 5 20 21.0 0.0 0.5245575524763342 0
27 ec.gp.GPIndividual@931471819{1347023697} 0.0 71730.0 10861.0 0.4326489273547556 5 20 21.0 0.0 0.4326489273547556 0
27 ec.gp.GPIndividual@1105700775{-1330022739} 0.0 62023.0 8160.0 0.09522058823529411 5 41 21.0 0.0 0.09522058823529411 0
27 ec.gp.GPIndividual@931471819{1347023697} 0.0 71730.0 8160.0 0.24485294117647058 5 20 21.0 0.0 0.24485294117647058 0
27 ec.gp.GPIndividual@1191858194{-94829013} 0.0 58437.0 10861.0 0.14731608507503913 5 42 21.0 0.0 0.14731608507503913 0
27 ec.gp.GPIndividual@931471819{1347023697} 0.0 71858.0 12802.0 0.5086705202312138 5 20 21.0 0.0 0.5086705202312138 0
27 ec.gp.GPIndividual@48261546{-1192002713} 0.0 47897.0 10861.0 0.11159193444434214 5 48 21.0 0.0 0.11159193444434214 0
27 ec.gp.GPIndividual@109062878{-229403827} 0.0 54655.0 14578.0 0.24934833310467827 5 40 21.0 0.0 0.24934833310467827 0
27 ec.gp.GPIndividual@931471819{1347023697} 0.0 71730.0 10087.0 0.3891147020918013 5 20 21.0 0.0 0.3891147020918013 0
27 ec.gp.GPIndividual@1559234304{-1655305668} 0.0 48846.0 14578.0 0.2730141308821512 5 48 21.0 0.0 0.2730141308821512 0
27 ec.gp.GPIndividual@931471819{1347023697} 0.0 71730.0 8317.0 0.2591078513887219 5 20 21.0 0.0 0.2591078513887219 0
27 ec.gp.GPIndividual@1105700775{-1330022739} 0.0 64163.0 12802.0 0.2561318543977503 5 41 21.0 0.0 0.2561318543977503 0
27 ec.gp.GPIndividual@1191858194{-94829013} 0.0 57478.0 8160.0 0.017401960784313726 5 42 21.0 0.0 0.017401960784313726 0
27 ec.gp.GPIndividual@48261546{-1192002713} 0.0 47205.0 8160.0 0.09767156862745098 5 48 21.0 0.0 0.09767156862745098 0
27 ec.gp.GPIndividual@1559234304{-1655305668} 0.0 47897.0 10861.0 0.11159193444434214 5 48 21.0 0.0 0.11159193444434214 0
27 ec.gp.GPIndividual@1105700775{-1330022739} 0.0 62550.0 10087.0 0.21582234559333796 5 41 21.0 0.0 0.21582234559333796 0
27 ec.gp.GPIndividual@109062878{-229403827} 0.0 53624.0 10861.0 0.08737685296013259 5 40 21.0 0.0 0.08737685296013259 0
27 ec.gp.GPIndividual@1103834575{471842685} 0.0 57713.0 10054.0 0.15088521981300976 5 40 21.0 0.0 0.15088521981300976 0
27 ec.gp.GPIndividual@48261546{-1192002713} 0.0 49016.0 12802.0 0.15888142477737854 5 48 21.0 0.0 0.15888142477737854 0
27 ec.gp.GPIndividual@1191858194{-94829013} 0.0 59163.0 12802.0 0.21988751757537886 5 42 21.0 0.0 0.21988751757537886 0
27 ec.gp.GPIndividual@1105700775{-1330022739} 0.0 27 ec.gp.GPIndividual@1559234304{-1655305668} 61960.0 8160.0 0.1198749549116268 0.0 5 41 21.0 0.0 0.1198749549116268 0
47205.0 8160.0 0.09767156862745098 5 48 21.0 0.0 0.09767156862745098 0
27 ec.gp.GPIndividual@109062878{-229403827} 0.0 53859.0 8160.0 0.2435049019607843 5 40 21.0 0.0 0.2435049019607843 0
27 ec.gp.GPIndividual@1103834575{471842685} 0.0 58210.0 8387.0 0.07714319780612854 5 40 21.0 0.0 0.07714319780612854 0
27 ec.gp.GPIndividual@48261546{-1192002713} 0.0 47897.0 10087.0 0.0434222266283335 5 48 21.0 0.0 0.0434222266283335 0
27 ec.gp.GPIndividual@1191858194{-94829013} 0.0 57865.0 10054.0 0.13859423019728362 5 42 21.0 0.0 27 ec.gp.GPIndividual@1121094855{-1785321840} 0.13859423019728362 0
27 ec.gp.GPIndividual@1559234304{-1655305668} 0.0 49016.0 12802.0 0.15888142477737854 5 48 21.0 0.0 0.0 0.15888142477737854 0
53358.0 12802.0 0.040580863337974935 5 45 21.0 0.0 0.040580863337974935 0
27 ec.gp.GPIndividual@109062878{-229403827} 0.0 53799.0 12802.0 0.21207623808779877 5 40 21.0 0.0 0.21207623808779877 0
27 ec.gp.GPIndividual@1103834575{471842685} 0.0 59492.0 14578.0 0.29235834819591167 5 40 21.0 0.0 27 ec.gp.GPIndividual@48261546{-1192002713} 0.0 0.29235834819591167 0
47215.0 8317.0 0.07815318023325718 5 48 21.0 0.0 0.07815318023325718 0
27 ec.gp.GPIndividual@1559234304{-1655305668} 0.0 47897.0 10087.0 0.0434222266283335 5 48 21.0 0.0 27 ec.gp.GPIndividual@1121094855{-1785321840} 0.0434222266283335 0
27 ec.gp.GPIndividual@1191858194{-94829013} 0.0 0.0 52759.0 8317.0 0.07869321569095028 57478.0 8317.0 0.0018035349284597811 5 45 21.0 0.0 5 42 21.0 0.0 0.07869321569095028 0
0.0018035349284597811 0
27 ec.gp.GPIndividual@109062878{-229403827} 0.0 53624.0 10087.0 0.01734906315058987 5 40 21.0 0.0 0.01734906315058987 0
27 ec.gp.GPIndividual@1103834575{471842685} 0.0 57713.0 10861.0 0.21397661357149433 5 40 21.0 0.0 0.21397661357149433 0
27 ec.gp.GPIndividual@963360490{-425190979} 0.0 58215.0 10054.0 0.10095484384324648 5 41 21.0 0.0 27 ec.gp.GPIndividual@1559234304{-1655305668} 0.10095484384324648 0
0.0 47215.0 8317.0 0.07815318023325718 5 48 21.0 0.0 0.07815318023325718 0
27 ec.gp.GPIndividual@705948093{138484680} 0.0 58437.0 10054.0 0.07887407996817188 5 42 21.0 0.0 0.07887407996817188 0
27 ec.gp.GPIndividual@1121094855{-1785321840} 0.0 54304.0 14578.0 0.27342570997393334 5 45 21.0 0.0 0.27342570997393334 0
27 ec.gp.GPIndividual@1103834575{471842685} 27 ec.gp.GPIndividual@501076243{-1786079109} 0.0 0.0 27 ec.gp.GPIndividual@109062878{-229403827} 57704.0 8317.0 0.1517803859160533 58210.0 10054.0 0.1071078431372549 5 44 21.0 0.0 0.0 0.1517803859160533 0
5 40 21.0 0.0 27 ec.gp.GPIndividual@963360490{-425190979} 0.0 0.1071078431372549 0
53859.0 8317.0 0.2200312612720933 5 40 21.0 0.0 0.2200312612720933 0
58132.0 8387.0 0.06784309049719804 5 41 21.0 0.0 0.06784309049719804 0
27 ec.gp.GPIndividual@705948093{138484680} 0.0 58132.0 8387.0 0.06784309049719804 27 ec.gp.GPIndividual@1121094855{-1785321840} 5 42 21.0 0.0 0.0 0.06784309049719804 0
53358.0 8387.0 0.11186815210385784 5 45 21.0 0.0 0.11186815210385784 0
27 ec.gp.GPIndividual@513257235{1957063619} 0.0 68672.0 10054.0 0.14780186990252636 5 22 21.0 0.0 0.14780186990252636 0
27 ec.gp.GPIndividual@513257235{1957063619} 0.0 68672.0 8387.0 0.021581018242518183 5 22 21.0 0.0 0.021581018242518183 0
27 ec.gp.GPIndividual@513257235{1957063619} 0.0 69334.0 14578.0 0.3668541638084785 5 22 21.0 0.0 0.3668541638084785 0
27 ec.gp.GPIndividual@501076243{-1786079109} 0.0 57105.0 8387.0 0.054608322403720044 5 44 21.0 0.0 0.054608322403720044 0
27 ec.gp.GPIndividual@513257235{1957063619} 0.0 68672.0 10861.0 0.21112236442316545 5 22 21.0 0.0 0.21112236442316545 0
27 ec.gp.GPIndividual@1121094855{-1785321840} 0.0 52666.0 8160.0 0.09730392156862745 5 45 21.0 0.0 0.09730392156862745 0
27 ec.gp.GPIndividual@513257235{1957063619} 0.0 27 ec.gp.GPIndividual@1103834575{471842685} 0.0 68672.0 8160.0 0.05 5 22 21.0 0.0 0.05 0
58434.0 12802.0 0.27683174503983754 5 40 21.0 0.0 0.27683174503983754 0
27 ec.gp.GPIndividual@963360490{-425190979} 0.0 59946.0 14578.0 0.26121553025106325 5 41 21.0 0.0 0.26121553025106325 0
27 ec.gp.GPIndividual@513257235{1957063619} 0.0 68800.0 12802.0 0.3207311357600375 5 22 21.0 0.0 0.3207311357600375 0
27 ec.gp.GPIndividual@705948093{138484680} 0.0 58604.0 14578.0 0.35327205377966797 5 42 21.0 0.0 0.35327205377966797 0
27 ec.gp.GPIndividual@513257235{1957063619} 0.0 27 ec.gp.GPIndividual@501076243{-1786079109} 0.0 68672.0 10087.0 0.15058986814712005 5 22 21.0 0.0 58412.0 14578.0 0.3664425847166964 0.15058986814712005 0
5 44 21.0 0.0 0.3664425847166964 0
27 ec.gp.GPIndividual@513257235{1957063619} 0.0 68672.0 8317.0 0.030179151136227007 5 22 21.0 0.0 0.030179151136227007 0
27 ec.gp.GPIndividual@1121094855{-1785321840} 0.0 54447.0 12802.0 0.16145914700827996 5 45 21.0 0.0 0.16145914700827996 0
27 ec.gp.GPIndividual@1878891895{-1294158851} 0.0 62065.0 10054.0 0.2614879649890591 5 40 21.0 0.0 27 ec.gp.GPIndividual@1103834575{471842685} 0.2614879649890591 0
0.0 57713.0 10087.0 0.1536631307623674 5 40 21.0 0.0 27 ec.gp.GPIndividual@705948093{138484680} 0.0 0.1536631307623674 0
58437.0 10861.0 0.14731608507503913 5 42 21.0 0.0 0.14731608507503913 0
27 ec.gp.GPIndividual@963360490{-425190979} 0.0 58215.0 10861.0 0.16775619187920082 5 41 21.0 0.0 0.16775619187920082 0
27 ec.gp.GPIndividual@501076243{-1786079109} 0.0 57704.0 10861.0 0.21480526655004142 5 44 21.0 0.0 0.21480526655004142 0
27 ec.gp.GPIndividual@1878891895{-1294158851} 0.0 60847.0 8387.0 0.2599260760701085 5 40 21.0 0.0 0.2599260760701085 0
27 ec.gp.GPIndividual@1121094855{-1785321840} 0.0 53358.0 10087.0 0.04371963913948647 5 45 21.0 0.0 0.04371963913948647 0
27 ec.gp.GPIndividual@1878891895{-1294158851} 0.0 63282.0 14578.0 0.407188914803128 5 40 21.0 0.0 0.407188914803128 0
27 ec.gp.GPIndividual@705948093{138484680} 0.0 27 ec.gp.GPIndividual@501076243{-1786079109} 0.0 57478.0 8160.0 0.017401960784313726 5 42 21.0 0.0 27 ec.gp.GPIndividual@1103834575{471842685} 0.017401960784313726 0
0.0 57012.0 8160.0 0.039705882352941174 5 44 21.0 0.0 58210.0 8317.0 0.08620896958037753 5 40 21.0 0.0 0.039705882352941174 0
27 ec.gp.GPIndividual@963360490{-425190979} 0.0 0.08620896958037753 0
57478.0 8160.0 0.017401960784313726 5 41 21.0 0.0 0.017401960784313726 0
27 ec.gp.GPIndividual@1121094855{-1785321840} 0.0 52666.0 8317.0 0.07659011662859204 5 45 21.0 0.0 0.07659011662859204 0
27 ec.gp.GPIndividual@1878891895{-1294158851} 0.0 62064.0 10861.0 0.31645336525181844 5 40 21.0 0.0 0.31645336525181844 0
27 ec.gp.GPIndividual@1878891895{-1294158851} 0.0 61926.0 8160.0 0.1071078431372549 5 40 21.0 0.0 0.1071078431372549 0
27 ec.gp.GPIndividual@501076243{-1786079109} 0.0 58793.0 12802.0 0.2487892516794251 5 44 21.0 0.0 0.2487892516794251 0
27 ec.gp.GPIndividual@705948093{138484680} 0.0 59163.0 12802.0 0.21988751757537886 5 42 21.0 0.0 27 ec.gp.GPIndividual@187858891{1068587942} 0.21988751757537886 0
0.0 47897.0 10054.0 0.040282474636960414 5 48 21.0 0.0 0.040282474636960414 0
27 ec.gp.GPIndividual@963360490{-425190979} 0.0 59163.0 12802.0 0.21988751757537886 5 41 21.0 0.0 0.21988751757537886 0
27 ec.gp.GPIndividual@1878891895{-1294158851} 0.0 62699.0 12802.0 0.3704889860959225 5 40 21.0 0.0 0.3704889860959225 0
27 ec.gp.GPIndividual@1878891895{-1294158851} 0.0 62098.0 10087.0 0.2606324972737186 5 40 21.0 0.0 27 ec.gp.GPIndividual@501076243{-1786079109} 0.0 0.2606324972737186 0
57704.0 10087.0 0.1545553682958263 5 44 21.0 0.0 0.1545553682958263 0
27 ec.gp.GPIndividual@705948093{138484680} 27 ec.gp.GPIndividual@187858891{1068587942} 0.0 0.0 57865.0 10087.0 0.13859423019728362 5 42 21.0 0.0 47298.0 10087.0 0.07905091212590915 5 48 21.0 0.0 0.13859423019728362 0
0.07905091212590915 0
27 ec.gp.GPIndividual@1878891895{-1294158851} 0.0 61926.0 8317.0 0.12396296741613562 5 40 21.0 0.0 0.12396296741613562 0
27 ec.gp.GPIndividual@963360490{-425190979} 0.0 58215.0 10087.0 0.1038961038961039 5 41 21.0 0.0 0.1038961038961039 0
27 ec.gp.GPIndividual@501076243{-1786079109} 0.0 57012.0 8317.0 0.057833353372610315 5 44 21.0 0.0 0.057833353372610315 0
27 ec.gp.GPIndividual@705948093{138484680} 0.0 57478.0 8317.0 0.0018035349284597811 5 42 21.0 0.0 0.0018035349284597811 0
27 ec.gp.GPIndividual@963360490{-425190979} 0.0 57478.0 8317.0 0.0018035349284597811 5 41 21.0 0.0 27 ec.gp.GPIndividual@187858891{1068587942} 0.0 0.0018035349284597811 0
27 ec.gp.GPIndividual@2132061388{-505354424} 0.0 48846.0 14578.0 0.2730141308821512 5 48 21.0 0.0 62705.0 10054.0 0.19783170877262782 5 42 21.0 0.0 0.2730141308821512 0
0.19783170877262782 0
27 ec.gp.GPIndividual@23103493{-1786079109} 0.0 57704.0 10054.0 0.1517803859160533 5 44 21.0 0.0 0.1517803859160533 0
27 ec.gp.GPIndividual@854309131{-1586609411} 0.0 66343.0 10054.0 0.3794509647901333 5 37 21.0 0.0 0.3794509647901333 0
27 ec.gp.GPIndividual@854309131{-1586609411} 0.0 66314.0 8387.0 0.2595683796351496 27 ec.gp.GPIndividual@1479559215{-630828421} 5 37 21.0 0.0 0.0 0.2595683796351496 0
58437.0 10054.0 0.07887407996817188 5 40 21.0 0.0 0.07887407996817188 0
27 ec.gp.GPIndividual@854309131{-1586609411} 0.0 67389.0 14578.0 0.5002743860611881 5 37 21.0 0.0 0.5002743860611881 0
27 ec.gp.GPIndividual@23103493{-1786079109} 0.0 27 ec.gp.GPIndividual@187858891{1068587942} 0.0 57105.0 8387.0 0.054608322403720044 5 44 21.0 0.0 0.054608322403720044 0
47897.0 10861.0 0.11159193444434214 5 48 21.0 0.0 0.11159193444434214 0
27 ec.gp.GPIndividual@854309131{-1586609411} 0.0 66904.0 10861.0 0.3739066384310837 5 37 21.0 0.0 0.3739066384310837 0
27 ec.gp.GPIndividual@2132061388{-505354424} 0.0 62078.0 8387.0 0.1131513055919876 5 42 21.0 0.0 0.1131513055919876 0
27 ec.gp.GPIndividual@854309131{-1586609411} 0.0 66453.0 8160.0 0.2219362745098039 5 37 21.0 0.0 0.2219362745098039 0
27 ec.gp.GPIndividual@1479559215{-630828421} 0.0 58132.0 8387.0 0.06784309049719804 5 40 21.0 0.0 0.06784309049719804 0
27 ec.gp.GPIndividual@854309131{-1586609411} 0.0 66784.0 12802.0 0.4782065302296516 5 37 21.0 0.0 0.4782065302296516 0
27 ec.gp.GPIndividual@23103493{-1786079109} 0.0 58412.0 14578.0 0.3664425847166964 5 44 21.0 0.0 0.3664425847166964 0
27 ec.gp.GPIndividual@187858891{1068587942} 0.0 47205.0 8160.0 0.09767156862745098 5 48 21.0 0.0 0.09767156862745098 0
27 ec.gp.GPIndividual@854309131{-1586609411} 0.0 66376.0 10087.0 0.37820957668285915 5 37 21.0 0.0 0.37820957668285915 0
27 ec.gp.GPIndividual@854309131{-1586609411} 0.0 66453.0 8317.0 0.23662378261392328 5 37 21.0 0.0 0.23662378261392328 0
27 ec.gp.GPIndividual@23103493{-1786079109} 0.0 57704.0 10861.0 0.21480526655004142 5 44 21.0 0.0 0.21480526655004142 0
27 ec.gp.GPIndividual@187858891{1068587942} 0.0 49016.0 12802.0 0.15888142477737854 5 48 21.0 0.0 0.15888142477737854 0
27 ec.gp.GPIndividual@1479559215{-630828421} 0.0 58604.0 14578.0 0.35327205377966797 5 40 21.0 0.0 0.35327205377966797 0
27 ec.gp.GPIndividual@2132061388{-505354424} 0.0 64096.0 14578.0 0.35135135135135137 5 42 21.0 0.0 0.35135135135135137 0
27 ec.gp.GPIndividual@1939143245{309592575} 0.0 58437.0 10054.0 0.07887407996817188 5 40 21.0 0.0 0.07887407996817188 0
27 ec.gp.GPIndividual@23103493{-1786079109} 0.0 57012.0 8160.0 0.039705882352941174 5 44 21.0 0.0 0.039705882352941174 0
27 ec.gp.GPIndividual@187858891{1068587942} 0.0 47897.0 10087.0 0.0434222266283335 5 48 21.0 0.0 0.0434222266283335 0
27 ec.gp.GPIndividual@1479559215{-630828421} 0.0 58437.0 10861.0 0.14731608507503913 5 40 21.0 0.0 0.14731608507503913 0
27 ec.gp.GPIndividual@2132061388{-505354424} 0.0 62705.0 10861.0 0.25743485866863086 5 42 21.0 0.0 0.25743485866863086 0
27 ec.gp.GPIndividual@1939143245{309592575} 0.0 58132.0 8387.0 0.06784309049719804 5 40 21.0 0.0 0.06784309049719804 0
27 ec.gp.GPIndividual@23103493{-1786079109} 0.0 58793.0 12802.0 0.2487892516794251 5 44 21.0 0.0 0.2487892516794251 0
27 ec.gp.GPIndividual@187858891{1068587942} 0.0 47215.0 8317.0 0.07815318023325718 5 48 21.0 0.0 0.07815318023325718 0
27 ec.gp.GPIndividual@1479559215{-630828421} 0.0 57478.0 8160.0 0.017401960784313726 5 40 21.0 0.0 0.017401960784313726 0
27 ec.gp.GPIndividual@2037080538{393047176} 0.0 52243.0 10054.0 0.1514819972150388 5 43 21.0 0.0 0.1514819972150388 0
27 ec.gp.GPIndividual@23103493{-1786079109} 0.0 57704.0 10087.0 0.1545553682958263 5 44 21.0 0.0 0.1545553682958263 0
27 ec.gp.GPIndividual@2132061388{-505354424} 0.0 61985.0 8160.0 0.09987745098039216 5 42 21.0 0.0 0.09987745098039216 0
27 ec.gp.GPIndividual@2037080538{393047176} 0.0 52293.0 8387.0 0.02313103612733993 5 43 21.0 0.0 0.02313103612733993 0
27 ec.gp.GPIndividual@1939143245{309592575} 0.0 58604.0 14578.0 0.35327205377966797 5 40 21.0 0.0 0.35327205377966797 0
27 ec.gp.GPIndividual@1479559215{-630828421} 0.0 59163.0 12802.0 0.21988751757537886 5 40 21.0 0.0 0.21988751757537886 0
27 ec.gp.GPIndividual@2037080538{393047176} 0.0 53146.0 14578.0 0.35286047468788584 5 43 21.0 0.0 0.35286047468788584 0
27 ec.gp.GPIndividual@23103493{-1786079109} 0.0 57012.0 8317.0 0.057833353372610315 5 44 21.0 0.0 0.057833353372610315 0
27 ec.gp.GPIndividual@2037080538{393047176} 0.0 52243.0 10861.0 0.21452904889052574 5 43 21.0 0.0 0.21452904889052574 0
27 ec.gp.GPIndividual@1939143245{309592575} 0.0 58437.0 10861.0 0.14731608507503913 5 40 21.0 0.0 0.14731608507503913 0
27 ec.gp.GPIndividual@2132061388{-505354424} 0.0 63369.0 12802.0 0.31815341352913606 5 42 21.0 0.0 0.31815341352913606 0
27 ec.gp.GPIndividual@1479559215{-630828421} 0.0 57865.0 10087.0 0.13859423019728362 5 40 21.0 0.0 0.13859423019728362 0
27 ec.gp.GPIndividual@2037080538{393047176} 0.0 52293.0 8160.0 0.05159313725490196 5 43 21.0 0.0 0.05159313725490196 0
27 ec.gp.GPIndividual@2037080538{393047176} 0.0 53362.0 12802.0 0.24621152944852367 5 43 21.0 0.0 0.24621152944852367 0
27 ec.gp.GPIndividual@1939143245{309592575} 0.0 57478.0 8160.0 0.017401960784313726 5 40 21.0 0.0 0.017401960784313726 0
27 ec.gp.GPIndividual@405756788{-1414598006} 0.0 57900.0 10054.0 0.13228565744977125 5 42 21.0 0.0 0.13228565744977125 0
27 ec.gp.GPIndividual@2037080538{393047176} 0.0 52243.0 10087.0 0.15425795578467333 5 43 21.0 0.0 0.15425795578467333 0
27 ec.gp.GPIndividual@1479559215{-630828421} 0.0 27 ec.gp.GPIndividual@2132061388{-505354424} 0.0 62133.0 10087.0 0.25716268464360065 5 42 21.0 0.0 0.25716268464360065 0
57478.0 8317.0 0.0018035349284597811 5 40 21.0 0.0 0.0018035349284597811 0
27 ec.gp.GPIndividual@2037080538{393047176} 0.0 52293.0 8317.0 0.03174221474089215 5 43 21.0 0.0 0.03174221474089215 0
27 ec.gp.GPIndividual@1939143245{309592575} 0.0 59163.0 12802.0 0.21988751757537886 5 40 21.0 0.0 0.21988751757537886 0
27 ec.gp.GPIndividual@2132061388{-505354424} 0.0 61985.0 8317.0 0.11686906336419382 5 42 21.0 0.0 0.11686906336419382 0
27 ec.gp.GPIndividual@405756788{-1414598006} 0.0 58403.0 8387.0 0.10015500178848218 5 42 21.0 0.0 0.10015500178848218 0
27 ec.gp.GPIndividual@2026225450{-2014133094} 0.0 71262.0 10054.0 0.43365824547443804 5 33 21.0 0.0 0.43365824547443804 0
27 ec.gp.GPIndividual@2026225450{-2014133094} 0.0 71262.0 8387.0 0.3210921664480744 5 33 21.0 0.0 0.3210921664480744 0
27 ec.gp.GPIndividual@1939143245{309592575} 0.0 57865.0 10087.0 0.13859423019728362 5 40 21.0 0.0 0.13859423019728362 0
27 ec.gp.GPIndividual@2026225450{-2014133094} 0.0 72013.0 14578.0 0.5578954589106874 5 33 21.0 0.0 0.5578954589106874 0
27 ec.gp.GPIndividual@2026225450{-2014133094} 0.0 71775.0 10861.0 0.4285056624620201 5 33 21.0 0.0 0.4285056624620201 0
27 ec.gp.GPIndividual@2026225450{-2014133094} 0.0 71334.0 8160.0 0.2933823529411765 5 33 21.0 0.0 0.2933823529411765 0
27 ec.gp.GPIndividual@2026225450{-2014133094} 0.0 71775.0 12802.0 0.5151538822059053 5 33 21.0 0.0 0.5151538822059053 0
27 ec.gp.GPIndividual@1939143245{309592575} 0.0 57478.0 8317.0 0.0018035349284597811 27 ec.gp.GPIndividual@2026225450{-2014133094} 5 40 21.0 0.0 0.0 71694.0 10087.0 0.39268365222563695 0.0018035349284597811 0
5 33 21.0 0.0 0.39268365222563695 0
27 ec.gp.GPIndividual@2026225450{-2014133094} 0.0 71334.0 8317.0 0.3067211735000601 5 33 21.0 0.0 0.3067211735000601 0
27 ec.gp.GPIndividual@405756788{-1414598006} 0.0 58955.0 14578.0 0.32919467691041293 5 42 21.0 0.0 0.32919467691041293 0
27 ec.gp.GPIndividual@1924690092{-1957412511} 0.0 46432.0 10054.0 0.18599562363238512 5 45 21.0 0.0 0.18599562363238512 0
27 ec.gp.GPIndividual@1924690092{-1957412511} 0.0 46432.0 8387.0 0.024204125432216526 5 45 21.0 0.0 0.024204125432216526 0
27 ec.gp.GPIndividual@405756788{-1414598006} 0.0 57900.0 10861.0 0.19675904612834913 5 42 21.0 0.0 0.19675904612834913 0
27 ec.gp.GPIndividual@1924690092{-1957412511} 0.0 49256.0 14578.0 0.2448895596103718 5 45 21.0 0.0 0.2448895596103718 0
27 ec.gp.GPIndividual@1924690092{-1957412511} 0.0 47540.0 10861.0 0.14446183592671025 5 45 21.0 0.0 0.14446183592671025 0
27 ec.gp.GPIndividual@405756788{-1414598006} 0.0 58403.0 8160.0 0.13075980392156863 5 42 21.0 0.0 0.13075980392156863 0
27 ec.gp.GPIndividual@1924690092{-1957412511} 0.0 46960.0 8160.0 0.06764705882352941 5 45 21.0 0.0 0.06764705882352941 0
27 ec.gp.GPIndividual@1924690092{-1957412511} 0.0 47896.0 12802.0 0.24636775503827527 5 45 21.0 0.0 0.24636775503827527 0
27 ec.gp.GPIndividual@405756788{-1414598006} 0.0 58102.0 12802.0 0.3027651929386033 5 42 21.0 0.0 0.3027651929386033 0
27 ec.gp.GPIndividual@1924690092{-1957412511} 0.0 46465.0 10087.0 0.18538713195201745 5 45 21.0 0.0 0.18538713195201745 0
27 ec.gp.GPIndividual@1924690092{-1957412511} 0.0 46427.0 8317.0 0.016592521341829987 5 45 21.0 0.0 0.016592521341829987 0
27 ec.gp.GPIndividual@405756788{-1414598006} 0.0 57900.0 10087.0 0.13512441756716567 5 42 21.0 0.0 0.13512441756716567 0
27 ec.gp.GPIndividual@377505015{1068587942} 0.0 47897.0 10054.0 0.040282474636960414 5 48 21.0 0.0 0.040282474636960414 0
27 ec.gp.GPIndividual@377505015{1068587942} 0.0 47298.0 8387.0 0.07905091212590915 5 48 21.0 0.0 0.07905091212590915 0
27 ec.gp.GPIndividual@405756788{-1414598006} 0.0 58403.0 8317.0 0.10941445232656005 5 42 21.0 0.0 0.10941445232656005 0
27 ec.gp.GPIndividual@1153140598{-1728462619} 0.0 58437.0 10054.0 0.07887407996817188 5 43 21.0 0.0 0.07887407996817188 0
27 ec.gp.GPIndividual@377505015{1068587942} 0.0 48846.0 14578.0 0.2730141308821512 5 48 21.0 0.0 0.2730141308821512 0
27 ec.gp.GPIndividual@1153140598{-1728462619} 0.0 58132.0 8387.0 0.06784309049719804 5 43 21.0 0.0 0.06784309049719804 0
27 ec.gp.GPIndividual@377505015{1068587942} 0.0 47897.0 10861.0 0.11159193444434214 5 48 21.0 0.0 0.11159193444434214 0
27 ec.gp.GPIndividual@377505015{1068587942} 0.0 47205.0 8160.0 0.09767156862745098 5 48 21.0 0.0 0.09767156862745098 0
27 ec.gp.GPIndividual@1153140598{-1728462619} 0.0 58569.0 14578.0 0.3556729318150638 5 43 21.0 0.0 0.3556729318150638 0
27 ec.gp.GPIndividual@377505015{1068587942} 0.0 49016.0 12802.0 0.15888142477737854 5 48 21.0 0.0 0.15888142477737854 0
27 ec.gp.GPIndividual@1153140598{-1728462619} 0.0 58437.0 10861.0 0.14731608507503913 5 43 21.0 0.0 0.14731608507503913 0
27 ec.gp.GPIndividual@377505015{1068587942} 0.0 47897.0 10087.0 0.0434222266283335 5 48 21.0 0.0 0.0434222266283335 0
27 ec.gp.GPIndividual@1153140598{-1728462619} 0.0 57478.0 8160.0 0.017401960784313726 5 43 21.0 0.0 0.017401960784313726 0
27 ec.gp.GPIndividual@377505015{1068587942} 0.0 47215.0 8317.0 0.07815318023325718 5 48 21.0 0.0 0.07815318023325718 0
27 ec.gp.GPIndividual@1153140598{-1728462619} 0.0 59163.0 12802.0 0.21988751757537886 5 43 21.0 0.0 0.21988751757537886 0
27 ec.gp.GPIndividual@1153140598{-1728462619} 0.0 57865.0 10087.0 0.13859423019728362 5 43 21.0 0.0 0.13859423019728362 0
27 ec.gp.GPIndividual@1153140598{-1728462619} 0.0 57478.0 8317.0 0.0018035349284597811 5 43 21.0 0.0 0.0018035349284597811 0
28 ec.gp.GPIndividual@924681147{-371540769} 0.0 71730.0 10054.0 0.3871096081161727 5 23 21.0 0.0 0.3871096081161727 0
28 ec.gp.GPIndividual@21160701{-1013188757} 0.0 63182.0 10054.0 0.15038790531131888 5 38 21.0 0.0 0.15038790531131888 0
28 ec.gp.GPIndividual@2043450573{-1398723167} 0.0 28 ec.gp.GPIndividual@1744735301{1655970262} 56531.0 10054.0 0.26845036801273126 0.0 5 40 21.0 0.0 0.26845036801273126 0
58437.0 10054.0 0.07887407996817188 5 42 21.0 0.0 0.07887407996817188 0
28 ec.gp.GPIndividual@924681147{-371540769} 0.0 71780.0 8387.0 0.2593299153451771 5 23 21.0 0.0 0.2593299153451771 0
28 ec.gp.GPIndividual@1619658939{-816721898} 0.0 58437.0 10054.0 0.07887407996817188 5 43 21.0 0.0 0.07887407996817188 0
28 ec.gp.GPIndividual@1535735830{1085825122} 0.0 57974.0 10054.0 0.12492540282474637 5 41 21.0 0.0 0.12492540282474637 0
28 ec.gp.GPIndividual@924681147{-371540769} 0.0 72447.0 14578.0 0.5281245712717794 5 23 21.0 0.0 0.5281245712717794 0
28 ec.gp.GPIndividual@21160701{-1013188757} 0.0 62762.0 8387.0 0.0315965184213664 5 38 21.0 0.0 0.0315965184213664 0
28 ec.gp.GPIndividual@2043450573{-1398723167} 0.0 56900.0 8387.0 0.07905091212590915 5 40 21.0 0.0 0.07905091212590915 0
28 ec.gp.GPIndividual@1744735301{1655970262} 0.0 58132.0 8387.0 0.06784309049719804 5 42 21.0 0.0 0.06784309049719804 0
28 ec.gp.GPIndividual@924681147{-371540769} 0.0 71730.0 10861.0 0.4326489273547556 5 23 21.0 0.0 0.4326489273547556 0
28 ec.gp.GPIndividual@1619658939{-816721898} 0.0 58132.0 8387.0 0.06784309049719804 5 43 21.0 0.0 0.06784309049719804 0
28 ec.gp.GPIndividual@1535735830{1085825122} 0.0 58176.0 8387.0 0.07308930487659474 5 41 21.0 0.0 0.07308930487659474 0
28 ec.gp.GPIndividual@924681147{-371540769} 0.0 71780.0 8160.0 0.23872549019607844 5 23 21.0 0.0 0.23872549019607844 0
28 ec.gp.GPIndividual@21160701{-1013188757} 0.0 65242.0 14578.0 0.2727397448209631 5 38 21.0 0.0 0.2727397448209631 0
28 ec.gp.GPIndividual@2043450573{-1398723167} 0.0 59080.0 14578.0 0.3206201124982851 5 40 21.0 0.0 0.3206201124982851 0
28 ec.gp.GPIndividual@924681147{-371540769} 0.0 72819.0 12802.0 0.43360412435556944 5 23 21.0 0.0 0.43360412435556944 0
28 ec.gp.GPIndividual@1744735301{1655970262} 0.0 58604.0 14578.0 0.35327205377966797 5 42 21.0 0.0 0.35327205377966797 0
28 ec.gp.GPIndividual@924681147{-371540769} 0.0 71730.0 10087.0 0.3891147020918013 5 23 21.0 0.0 0.3891147020918013 0
28 ec.gp.GPIndividual@1619658939{-816721898} 0.0 58569.0 14578.0 0.3556729318150638 5 43 21.0 0.0 0.3556729318150638 0
28 ec.gp.GPIndividual@21160701{-1013188757} 0.0 64248.0 10861.0 0.11536690912439002 5 38 21.0 0.0 0.11536690912439002 0
28 ec.gp.GPIndividual@1535735830{1085825122} 0.0 59187.0 14578.0 0.31328028536150365 5 41 21.0 0.0 0.31328028536150365 0
28 ec.gp.GPIndividual@924681147{-371540769} 0.0 71780.0 8317.0 0.25309606829385595 5 23 21.0 0.0 0.25309606829385595 0
28 ec.gp.GPIndividual@2043450573{-1398723167} 0.0 57628.0 10861.0 0.22180278059110578 5 40 21.0 0.0 0.22180278059110578 0
28 ec.gp.GPIndividual@1744735301{1655970262} 0.0 58437.0 10861.0 0.14731608507503913 5 42 21.0 0.0 0.14731608507503913 0
28 ec.gp.GPIndividual@1619658939{-816721898} 0.0 58437.0 10861.0 0.14731608507503913 5 43 21.0 0.0 0.14731608507503913 0
28 ec.gp.GPIndividual@21160701{-1013188757} 0.0 62955.0 8160.0 0.018995098039215685 5 38 21.0 0.0 0.018995098039215685 0
28 ec.gp.GPIndividual@842532349{-1487753599} 0.0 43366.0 10054.0 0.0525164113785558 5 48 21.0 0.0 0.0525164113785558 0
28 ec.gp.GPIndividual@2043450573{-1398723167} 0.0 57720.0 8160.0 0.047058823529411764 5 40 21.0 0.0 0.047058823529411764 0
28 ec.gp.GPIndividual@1744735301{1655970262} 28 ec.gp.GPIndividual@1535735830{1085825122} 0.0 0.0 57478.0 8160.0 0.017401960784313726 57552.0 8160.0 0.22880029463217014 5 42 21.0 0.0 5 41 21.0 0.0 0.017401960784313726 0
0.22880029463217014 0
28 ec.gp.GPIndividual@1619658939{-816721898} 0.0 57478.0 8160.0 0.017401960784313726 5 43 21.0 0.0 0.017401960784313726 0
28 ec.gp.GPIndividual@21160701{-1013188757} 0.0 63286.0 12802.0 0.3246367755038275 5 38 21.0 0.0 0.3246367755038275 0
28 ec.gp.GPIndividual@842532349{-1487753599} 0.0 43366.0 8387.0 0.2617145582449028 5 48 21.0 0.0 0.2617145582449028 0
28 ec.gp.GPIndividual@2043450573{-1398723167} 0.0 58011.0 12802.0 0.3098734572723012 5 40 21.0 0.0 0.3098734572723012 0
28 ec.gp.GPIndividual@1744735301{1655970262} 0.0 59163.0 12802.0 0.21988751757537886 5 42 21.0 0.0 0.21988751757537886 0
28 ec.gp.GPIndividual@1535735830{1085825122} 0.0 59162.0 8160.0 0.22377450980392158 5 41 21.0 0.0 0.22377450980392158 0
28 ec.gp.GPIndividual@21160701{-1013188757} 0.0 62517.0 10087.0 0.2190938832160206 5 38 21.0 0.0 0.2190938832160206 0
28 ec.gp.GPIndividual@1619658939{-816721898} 0.0 58832.0 12802.0 0.24574285267926887 5 43 21.0 0.0 0.24574285267926887 0
28 ec.gp.GPIndividual@842532349{-1487753599} 0.0 44439.0 14578.0 0.20050761421319796 5 48 21.0 0.0 0.20050761421319796 0
28 ec.gp.GPIndividual@2043450573{-1398723167} 0.0 57628.0 10087.0 0.16208981857836818 5 40 21.0 0.0 0.16208981857836818 0
28 ec.gp.GPIndividual@1744735301{1655970262} 0.0 57865.0 10087.0 0.13859423019728362 5 42 21.0 0.0 0.13859423019728362 0
28 ec.gp.GPIndividual@21160701{-1013188757} 0.0 61960.0 8317.0 0.1198749549116268 5 38 21.0 0.0 0.1198749549116268 0
28 ec.gp.GPIndividual@1535735830{1085825122} 28 ec.gp.GPIndividual@1619658939{-816721898} 0.0 0.0 57855.0 10087.0 0.1395856052344602 58397.0 10087.0 0.27972191845024214 5 43 21.0 0.0 5 41 21.0 0.0 0.1395856052344602 0
0.27972191845024214 0
28 ec.gp.GPIndividual@842532349{-1487753599} 0.0 43366.0 10861.0 0.02568824233495995 5 48 21.0 0.0 0.02568824233495995 0
28 ec.gp.GPIndividual@1744735301{1655970262} 0.0 57478.0 8317.0 0.0018035349284597811 5 42 21.0 0.0 0.0018035349284597811 0
28 ec.gp.GPIndividual@2043450573{-1398723167} 0.0 57493.0 8317.0 0.0 5 40 21.0 0.0 0.0 0
28 ec.gp.GPIndividual@568362583{633420030} 0.0 53077.0 10054.0 0.06852993833300179 5 39 21.0 0.0 0.06852993833300179 0
28 ec.gp.GPIndividual@1619658939{-816721898} 0.0 57478.0 8317.0 0.0018035349284597811 5 43 21.0 0.0 0.0018035349284597811 0
28 ec.gp.GPIndividual@842532349{-1487753599} 0.0 43366.0 8160.0 0.2968137254901961 5 48 21.0 0.0 0.2968137254901961 0
28 ec.gp.GPIndividual@1535735830{1085825122} 0.0 57552.0 10087.0 0.1696242688609101 5 41 21.0 0.0 0.1696242688609101 0
28 ec.gp.GPIndividual@2135121952{1609108283} 0.0 56882.0 10054.0 0.23353888999403222 5 42 21.0 0.0 0.23353888999403222 0
28 ec.gp.GPIndividual@769548075{1074856242} 0.0 62774.0 10054.0 0.19096876864929382 5 42 21.0 0.0 0.19096876864929382 0
28 ec.gp.GPIndividual@1964330616{-1835701862} 0.0 52928.0 10054.0 0.0833499104833897 5 43 21.0 0.0 0.0833499104833897 0
28 ec.gp.GPIndividual@842532349{-1487753599} 0.0 43750.0 12802.0 0.14341509139197 5 48 21.0 0.0 0.14341509139197 0
28 ec.gp.GPIndividual@568362583{633420030} 0.0 52284.0 8387.0 0.022057946822463335 5 39 21.0 0.0 0.022057946822463335 0
28 ec.gp.GPIndividual@1964330616{-1835701862} 0.0 52187.0 8387.0 0.01049242875879337 5 43 21.0 0.0 0.01049242875879337 0
28 ec.gp.GPIndividual@2135121952{1609108283} 0.0 58132.0 8387.0 0.06784309049719804 5 42 21.0 0.0 0.06784309049719804 0
28 ec.gp.GPIndividual@1535735830{1085825122} 0.0 58174.0 8317.0 0.08188048575207406 5 41 21.0 0.0 0.08188048575207406 0
28 ec.gp.GPIndividual@769548075{1074856242} 0.0 62078.0 8387.0 0.1131513055919876 5 42 21.0 0.0 0.1131513055919876 0
28 ec.gp.GPIndividual@842532349{-1487753599} 0.0 28 ec.gp.GPIndividual@1964330616{-1835701862} 43366.0 10087.0 0.04907306434023991 0.0 5 48 21.0 0.0 54178.0 14578.0 0.28206887090135824 0.04907306434023991 0
5 43 21.0 0.0 0.28206887090135824 0
28 ec.gp.GPIndividual@1486635061{-1821715154} 1.0 57003.0 10054.0 0.2215038790531132 5 42 21.0 0.0 0.2215038790531132 0
28 ec.gp.GPIndividual@2135121952{1609108283} 1.0 28 ec.gp.GPIndividual@1964330616{-1835701862} 58604.0 10861.0 0.35327205377966797 0.0 5 42 21.0 0.0 52928.0 10861.0 0.1514593499677746 0.35327205377966797 0
5 43 21.0 0.0 0.1514593499677746 0
28 ec.gp.GPIndividual@568362583{633420030} 1.0 53586.0 14578.0 0.32267800795719576 5 39 21.0 0.0 0.32267800795719576 0
28 ec.gp.GPIndividual@769548075{1074856242} 1.0 62872.0 14578.0 0.4353134860749074 5 42 21.0 0.0 0.4353134860749074 0
28 ec.gp.GPIndividual@842532349{-1487753599} 1.0 43366.0 8317.0 0.27233377419742694 5 48 21.0 0.0 0.27233377419742694 0
28 ec.gp.GPIndividual@1964330616{-1835701862} 0.0 52187.0 8160.0 0.03860294117647059 5 43 21.0 0.0 0.03860294117647059 0
28 ec.gp.GPIndividual@1486635061{-1821715154} 0.0 57843.0 8387.0 0.03338500059616072 5 42 21.0 0.0 0.03338500059616072 0
28 ec.gp.GPIndividual@1345195061{-1003429541} 0.0 28 ec.gp.GPIndividual@2135121952{1609108283} 0.0 68183.0 10861.0 0.1964392281678934 5 42 21.0 0.0 56619.0 10861.0 0.31470398674155237 0.1964392281678934 0
5 42 21.0 0.0 0.31470398674155237 0
28 ec.gp.GPIndividual@1964330616{-1835701862} 0.0 53527.0 12802.0 0.23332291829401655 5 43 21.0 0.0 0.23332291829401655 0
28 ec.gp.GPIndividual@568362583{633420030} 0.0 53893.0 10861.0 0.06260933615689163 5 39 21.0 0.0 0.06260933615689163 0
28 ec.gp.GPIndividual@769548075{1074856242} 0.0 60887.0 10861.0 0.4248227603351441 5 42 21.0 0.0 0.4248227603351441 0
28 ec.gp.GPIndividual@1345195061{-1003429541} 0.0 68183.0 8387.0 0.0367235006557768 5 42 21.0 0.0 0.0367235006557768 0
28 ec.gp.GPIndividual@1964330616{-1835701862} 0.0 52928.0 10087.0 0.08634876573807872 5 43 21.0 0.0 0.08634876573807872 0
28 ec.gp.GPIndividual@1486635061{-1821715154} 0.0 59080.0 14578.0 0.3206201124982851 5 42 21.0 0.0 0.3206201124982851 0
28 ec.gp.GPIndividual@2135121952{1609108283} 0.0 57478.0 8160.0 0.017401960784313726 5 42 21.0 0.0 0.017401960784313726 0
28 ec.gp.GPIndividual@1345195061{-1003429541} 0.0 68259.0 14578.0 0.44059541775277816 5 42 21.0 0.0 0.44059541775277816 0
28 ec.gp.GPIndividual@1964330616{-1835701862} 28 ec.gp.GPIndividual@769548075{1074856242} 0.0 0.0 28 ec.gp.GPIndividual@568362583{633420030} 0.0 52187.0 8160.0 0.01899723457977636 5 43 21.0 0.0 0.01899723457977636 0
52284.0 8160.0 0.050490196078431374 5 39 21.0 0.0 61985.0 8160.0 0.09987745098039216 0.050490196078431374 0
5 42 21.0 0.0 0.09987745098039216 0
28 ec.gp.GPIndividual@1345195061{-1003429541} 0.0 67911.0 10861.0 0.2811895773869809 5 42 21.0 0.0 0.2811895773869809 0
28 ec.gp.GPIndividual@1486635061{-1821715154} 0.0 58023.0 10861.0 0.1854341220882055 5 42 21.0 0.0 0.1854341220882055 0
28 ec.gp.GPIndividual@2135121952{1609108283} 0.0 59163.0 12802.0 0.21988751757537886 5 42 21.0 0.0 0.21988751757537886 0
28 ec.gp.GPIndividual@1345195061{-1003429541} 0.0 67679.0 8160.0 0.07169117647058823 5 42 21.0 0.0 0.07169117647058823 0
28 ec.gp.GPIndividual@1082007398{528193309} 0.0 62774.0 10054.0 0.19096876864929382 5 42 21.0 0.0 0.19096876864929382 0
28 ec.gp.GPIndividual@769548075{1074856242} 0.0 63431.0 12802.0 0.3133104202468364 5 42 21.0 0.0 0.3133104202468364 0
28 ec.gp.GPIndividual@568362583{633420030} 0.0 54342.0 12802.0 0.16966099047023903 5 39 21.0 0.0 0.16966099047023903 0
28 ec.gp.GPIndividual@1345195061{-1003429541} 0.0 28 ec.gp.GPIndividual@1486635061{-1821715154} 67205.0 8160.0 0.4453210435869395 0.0 5 42 21.0 0.0 0.4453210435869395 0
57263.0 8160.0 0.008946078431372548 5 42 21.0 0.0 0.008946078431372548 0
28 ec.gp.GPIndividual@2135121952{1609108283} 0.0 56748.0 10087.0 0.24933082184990582 5 42 21.0 0.0 0.24933082184990582 0
28 ec.gp.GPIndividual@1345195061{-1003429541} 0.0 67957.0 10087.0 0.22147318330524438 5 42 21.0 0.0 0.22147318330524438 0
28 ec.gp.GPIndividual@1082007398{528193309} 0.0 62078.0 8387.0 0.1131513055919876 5 42 21.0 0.0 0.1131513055919876 0
28 ec.gp.GPIndividual@769548075{1074856242} 0.0 62548.0 10087.0 0.21602062060077326 5 42 21.0 0.0 0.21602062060077326 0
28 ec.gp.GPIndividual@568362583{633420030} 0.0 53077.0 10087.0 0.07157727768414791 5 39 21.0 0.0 0.07157727768414791 0
28 ec.gp.GPIndividual@2135121952{1609108283} 0.0 57478.0 8317.0 0.0018035349284597811 5 42 21.0 0.0 0.0018035349284597811 0
28 ec.gp.GPIndividual@1345195061{-1003429541} 0.0 66961.0 8317.0 0.17554406637008538 5 42 21.0 0.0 0.17554406637008538 0
28 ec.gp.GPIndividual@1486635061{-1821715154} 0.0 58679.0 12802.0 0.25769411029526634 5 42 21.0 0.0 0.25769411029526634 0
28 ec.gp.GPIndividual@1219928433{-538080355} 0.0 56944.0 10054.0 0.22737219017306545 5 35 21.0 0.0 0.22737219017306545 0
28 ec.gp.GPIndividual@769548075{1074856242} 0.0 61985.0 8317.0 0.11686906336419382 5 42 21.0 0.0 0.11686906336419382 0
28 ec.gp.GPIndividual@1729598500{1032232176} 0.0 47536.0 10054.0 0.07618858165904117 5 45 21.0 0.0 0.07618858165904117 0
28 ec.gp.GPIndividual@475162412{-2067887899} 0.0 28 ec.gp.GPIndividual@1082007398{528193309} 86723.0 10054.0 0.526258205689278 0.0 5 16 21.0 0.0 0.526258205689278 0
28 ec.gp.GPIndividual@1486635061{-1821715154} 0.0 62872.0 10054.0 0.4353134860749074 56937.0 10087.0 0.23059383364726876 5 42 21.0 0.0 28 ec.gp.GPIndividual@568362583{633420030} 5 42 21.0 0.0 0.0 0.4353134860749074 0
52284.0 8317.0 0.03066009378381628 5 39 21.0 0.0 0.03066009378381628 0
0.23059383364726876 0
28 ec.gp.GPIndividual@475162412{-2067887899} 0.0 87334.0 8387.0 0.35924645284368667 5 16 21.0 0.0 0.35924645284368667 0
28 ec.gp.GPIndividual@1219928433{-538080355} 0.0 56944.0 8387.0 0.07380469774651247 5 35 21.0 0.0 0.07380469774651247 0
28 ec.gp.GPIndividual@475162412{-2067887899} 0.0 86211.0 14578.0 0.7083962134723556 5 16 21.0 0.0 0.7083962134723556 0
28 ec.gp.GPIndividual@475162412{-2067887899} 0.0 86037.0 10861.0 0.6246202007181659 5 16 21.0 0.0 0.6246202007181659 0
28 ec.gp.GPIndividual@475162412{-2067887899} 0.0 86221.0 8160.0 0.4778186274509804 5 16 21.0 0.0 0.4778186274509804 0
28 ec.gp.GPIndividual@1729598500{1032232176} 0.0 47536.0 8387.0 0.10742816263264576 5 45 21.0 0.0 0.10742816263264576 0
28 ec.gp.GPIndividual@1564919635{262833300} 0.0 51719.0 10054.0 0.2036005569922419 5 49 21.0 0.0 0.2036005569922419 0
28 ec.gp.GPIndividual@1219928433{-538080355} 28 ec.gp.GPIndividual@475162412{-2067887899} 0.0 0.0 58404.0 12802.0 0.3669913568390726 5 35 21.0 0.0 86037.0 12802.0 0.6815341352913608 5 16 21.0 0.0 0.3669913568390726 0
0.6815341352913608 0
28 ec.gp.GPIndividual@1486635061{-1821715154} 0.0 56730.0 8317.0 0.0917398100276542 5 42 21.0 0.0 0.0917398100276542 0
28 ec.gp.GPIndividual@1082007398{528193309} 0.0 60887.0 10861.0 0.4248227603351441 5 42 21.0 0.0 0.4248227603351441 0
28 ec.gp.GPIndividual@475162412{-2067887899} 0.0 85720.0 10087.0 0.627242986021612 5 16 21.0 0.0 0.627242986021612 0
28 ec.gp.GPIndividual@475162412{-2067887899} 0.0 86221.0 8317.0 0.4876758446555248 5 16 21.0 0.0 0.4876758446555248 0
28 ec.gp.GPIndividual@1564919635{262833300} 0.0 51719.0 8387.0 0.04530821509478956 5 49 21.0 0.0 0.04530821509478956 0
28 ec.gp.GPIndividual@1219928433{-538080355} 0.0 57693.0 10861.0 0.21581806463493233 5 35 21.0 0.0 0.21581806463493233 0
28 ec.gp.GPIndividual@1729598500{1032232176} 0.0 48846.0 14578.0 0.2730141308821512 5 45 21.0 0.0 0.2730141308821512 0
28 ec.gp.GPIndividual@140591021{444773744} 0.0 52710.0 10054.0 0.1050328227571116 5 45 21.0 0.0 0.1050328227571116 0
28 ec.gp.GPIndividual@1219928433{-538080355} 28 ec.gp.GPIndividual@1082007398{528193309} 0.0 0.0 56537.0 8160.0 0.09791666666666667 61985.0 8160.0 0.09987745098039216 5 35 21.0 0.0 5 42 21.0 0.0 0.09791666666666667 0
28 ec.gp.GPIndividual@45413670{-433712679} 0.09987745098039216 0
28 ec.gp.GPIndividual@1564919635{262833300} 0.0 0.0 53085.0 14578.0 0.3570448621210043 5 49 21.0 0.0 53077.0 14578.0 0.06852993833300179 5 34 21.0 0.0 0.3570448621210043 0
0.06852993833300179 0
28 ec.gp.GPIndividual@1729598500{1032232176} 0.0 47536.0 10861.0 0.14483012613939786 5 45 21.0 0.0 0.14483012613939786 0
28 ec.gp.GPIndividual@1219928433{-538080355} 0.0 58075.0 12802.0 0.30487423840024996 5 35 21.0 0.0 0.30487423840024996 0
28 ec.gp.GPIndividual@140591021{444773744} 0.0 52216.0 8387.0 0.013950160963395731 5 45 21.0 0.0 0.013950160963395731 0
28 ec.gp.GPIndividual@1564919635{262833300} 0.0 52369.0 10861.0 0.2029279071908664 5 49 21.0 0.0 0.2029279071908664 0
28 ec.gp.GPIndividual@1082007398{528193309} 0.0 63431.0 12802.0 0.3133104202468364 5 42 21.0 0.0 0.3133104202468364 0
28 ec.gp.GPIndividual@1219928433{-538080355} 0.0 56977.0 10087.0 0.2266283334985625 5 35 21.0 0.0 0.2266283334985625 0
28 ec.gp.GPIndividual@45413670{-433712679} 0.0 52284.0 8387.0 0.022057946822463335 5 34 21.0 0.0 0.022057946822463335 0
28 ec.gp.GPIndividual@1729598500{1032232176} 0.0 47536.0 8160.0 0.13823529411764707 5 45 21.0 0.0 0.13823529411764707 0
28 ec.gp.GPIndividual@1564919635{262833300} 0.0 51275.0 8160.0 0.07316176470588236 5 49 21.0 0.0 0.07316176470588236 0
28 ec.gp.GPIndividual@140591021{444773744} 0.0 55065.0 14578.0 0.22122376183289888 5 45 21.0 0.0 0.22122376183289888 0
28 ec.gp.GPIndividual@1219928433{-538080355} 0.0 56537.0 8317.0 0.11494529277383672 5 35 21.0 0.0 0.11494529277383672 0
28 ec.gp.GPIndividual@1082007398{528193309} 0.0 62548.0 10087.0 0.21602062060077326 28 ec.gp.GPIndividual@1564919635{262833300} 5 42 21.0 0.0 0.0 0.21602062060077326 0
53371.0 12802.0 0.24550851429464146 5 49 21.0 0.0 0.24550851429464146 0
28 ec.gp.GPIndividual@140591021{444773744} 0.0 54441.0 10861.0 0.012153577018690728 5 45 21.0 0.0 0.012153577018690728 0
28 ec.gp.GPIndividual@1729598500{1032232176} 0.0 49534.0 12802.0 0.1184189970317138 5 45 21.0 0.0 0.1184189970317138 0
28 ec.gp.GPIndividual@325968775{1032232176} 0.0 47536.0 10054.0 0.07618858165904117 5 45 21.0 0.0 0.07618858165904117 0
28 ec.gp.GPIndividual@1564919635{262833300} 0.0 28 ec.gp.GPIndividual@45413670{-433712679} 0.0 53586.0 14578.0 0.32267800795719576 51752.0 14578.0 0.20293447011004262 5 34 21.0 0.0 5 49 21.0 0.0 0.32267800795719576 0
0.20293447011004262 0
28 ec.gp.GPIndividual@140591021{444773744} 0.0 52216.0 8160.0 0.04215686274509804 5 45 21.0 0.0 0.04215686274509804 0
28 ec.gp.GPIndividual@1082007398{528193309} 0.0 61985.0 8317.0 0.11686906336419382 5 42 21.0 0.0 0.11686906336419382 0
28 ec.gp.GPIndividual@1729598500{1032232176} 0.0 47536.0 10087.0 0.07921086547040745 5 45 21.0 0.0 0.07921086547040745 0
28 ec.gp.GPIndividual@1564919635{262833300} 0.0 51283.0 8317.0 0.08969580377539978 5 49 21.0 0.0 0.08969580377539978 0
28 ec.gp.GPIndividual@325968775{1032232176} 0.0 47536.0 8387.0 0.10742816263264576 5 45 21.0 0.0 0.10742816263264576 0
28 ec.gp.GPIndividual@450188918{248971453} 0.0 68155.0 10054.0 0.19922418937736225 5 25 21.0 0.0 0.19922418937736225 0
28 ec.gp.GPIndividual@140591021{444773744} 0.0 54386.0 12802.0 0.1662240274957038 5 45 21.0 0.0 0.1662240274957038 0
28 ec.gp.GPIndividual@45413670{-433712679} 0.0 53893.0 10861.0 0.06260933615689163 5 34 21.0 0.0 0.06260933615689163 0
28 ec.gp.GPIndividual@1729598500{1032232176} 0.0 47536.0 8317.0 0.1167488277022965 5 45 21.0 0.0 0.1167488277022965 0
28 ec.gp.GPIndividual@450188918{248971453} 0.0 68340.0 8387.0 0.018004053892929535 5 25 21.0 0.0 0.018004053892929535 0
28 ec.gp.GPIndividual@186961032{-680463092} 0.0 47897.0 10054.0 0.040282474636960414 5 46 21.0 0.0 0.040282474636960414 0
28 ec.gp.GPIndividual@140591021{444773744} 0.0 52743.0 10087.0 0.10468920392584515 5 45 21.0 0.0 0.10468920392584515 0
28 ec.gp.GPIndividual@325968775{1032232176} 0.0 48846.0 14578.0 0.2730141308821512 5 45 21.0 0.0 0.2730141308821512 0
28 ec.gp.GPIndividual@450188918{248971453} 0.0 68336.0 14578.0 0.4353134860749074 5 25 21.0 0.0 0.4353134860749074 0
28 ec.gp.GPIndividual@1171279021{-298253139} 0.0 58437.0 10054.0 0.07887407996817188 5 43 21.0 0.0 0.07887407996817188 0
28 ec.gp.GPIndividual@45413670{-433712679} 0.0 52284.0 8160.0 0.050490196078431374 5 34 21.0 0.0 0.050490196078431374 0
28 ec.gp.GPIndividual@186961032{-680463092} 0.0 47298.0 8387.0 0.07905091212590915 5 46 21.0 0.0 0.07905091212590915 0
28 ec.gp.GPIndividual@450188918{248971453} 0.0 68155.0 10861.0 0.25872387441303746 5 25 21.0 0.0 0.25872387441303746 0
28 ec.gp.GPIndividual@140591021{444773744} 0.0 52153.0 8317.0 0.014909222075267525 5 45 21.0 0.0 0.014909222075267525 0
28 ec.gp.GPIndividual@325968775{1032232176} 0.0 47536.0 10861.0 0.14483012613939786 5 45 21.0 0.0 0.14483012613939786 0
28 ec.gp.GPIndividual@450188918{248971453} 0.0 68217.0 8160.0 0.005759803921568628 5 25 21.0 0.0 0.005759803921568628 0
28 ec.gp.GPIndividual@362199184{-1294158851} 0.0 62065.0 10054.0 0.2614879649890591 5 40 21.0 0.0 0.2614879649890591 0
28 ec.gp.GPIndividual@1171279021{-298253139} 0.0 58132.0 8387.0 0.06784309049719804 5 43 21.0 0.0 0.06784309049719804 0
28 ec.gp.GPIndividual@362199184{-1294158851} 0.0 60847.0 8387.0 0.2599260760701085 5 40 21.0 0.0 0.2599260760701085 0
28 ec.gp.GPIndividual@450188918{248971453} 0.0 67889.0 12802.0 0.3918918918918919 5 25 21.0 0.0 0.3918918918918919 0
28 ec.gp.GPIndividual@186961032{-680463092} 0.0 48846.0 14578.0 0.2730141308821512 5 46 21.0 0.0 0.2730141308821512 0
28 ec.gp.GPIndividual@45413670{-433712679} 0.0 54342.0 12802.0 0.16966099047023903 5 34 21.0 0.0 0.16966099047023903 0
28 ec.gp.GPIndividual@325968775{1032232176} 0.0 47536.0 8160.0 0.13823529411764707 5 45 21.0 0.0 0.13823529411764707 0
28 ec.gp.GPIndividual@362199184{-1294158851} 0.0 63282.0 14578.0 0.407188914803128 5 40 21.0 0.0 0.407188914803128 0
28 ec.gp.GPIndividual@450188918{248971453} 0.0 67583.0 10087.0 0.25855060969564786 5 25 21.0 0.0 0.25855060969564786 0
28 ec.gp.GPIndividual@1171279021{-298253139} 0.0 58569.0 14578.0 0.3556729318150638 5 43 21.0 0.0 0.3556729318150638 0
28 ec.gp.GPIndividual@362199184{-1294158851} 0.0 28 ec.gp.GPIndividual@186961032{-680463092} 62064.0 10861.0 0.31645336525181844 0.0 5 40 21.0 0.0 0.31645336525181844 0
47897.0 10861.0 0.11159193444434214 5 46 21.0 0.0 0.11159193444434214 0
28 ec.gp.GPIndividual@450188918{248971453} 0.0 66995.0 8317.0 0.17145605386557652 5 25 21.0 0.0 0.17145605386557652 0
28 ec.gp.GPIndividual@325968775{1032232176} 0.0 49534.0 12802.0 0.1184189970317138 5 45 21.0 0.0 0.1184189970317138 0
28 ec.gp.GPIndividual@45413670{-433712679} 0.0 53077.0 10087.0 0.07157727768414791 5 34 21.0 0.0 0.07157727768414791 0
28 ec.gp.GPIndividual@362199184{-1294158851} 0.0 61926.0 8160.0 0.1071078431372549 5 40 21.0 0.0 0.1071078431372549 0
28 ec.gp.GPIndividual@1171279021{-298253139} 0.0 58437.0 10861.0 0.14731608507503913 5 43 21.0 0.0 0.14731608507503913 0
28 ec.gp.GPIndividual@362199184{-1294158851} 0.0 28 ec.gp.GPIndividual@186961032{-680463092} 0.0 62699.0 8160.0 0.3704889860959225 5 40 21.0 0.0 0.3704889860959225 0
47205.0 8160.0 0.09767156862745098 5 46 21.0 0.0 0.09767156862745098 0
28 ec.gp.GPIndividual@325968775{1032232176} 0.0 47536.0 10087.0 0.07921086547040745 5 45 21.0 0.0 0.07921086547040745 0
28 ec.gp.GPIndividual@362199184{-1294158851} 0.0 62098.0 10087.0 0.2606324972737186 5 40 21.0 0.0 0.2606324972737186 0
28 ec.gp.GPIndividual@45413670{-433712679} 0.0 28 ec.gp.GPIndividual@1171279021{-298253139} 0.0 52284.0 8160.0 0.03066009378381628 5 34 21.0 0.0 57478.0 8160.0 0.017401960784313726 5 43 21.0 0.0 0.03066009378381628 0
28 ec.gp.GPIndividual@707418695{-1131119009} 0.0 53246.0 10054.0 0.05172070817585041 5 42 21.0 0.0 0.05172070817585041 0
0.017401960784313726 0
28 ec.gp.GPIndividual@362199184{-1294158851} 28 ec.gp.GPIndividual@186961032{-680463092} 0.0 0.0 61926.0 12802.0 0.12396296741613562 49016.0 12802.0 0.15888142477737854 5 40 21.0 0.0 5 46 21.0 0.0 0.12396296741613562 0
0.15888142477737854 0
28 ec.gp.GPIndividual@325968775{1032232176} 0.0 47536.0 8317.0 0.1167488277022965 5 45 21.0 0.0 0.1167488277022965 0
28 ec.gp.GPIndividual@1465722549{588028458} 0.0 67717.0 10054.0 0.2427889397254824 5 32 21.0 0.0 0.2427889397254824 0
28 ec.gp.GPIndividual@1257150990{-647241632} 28 ec.gp.GPIndividual@186961032{-680463092} 0.0 0.0 47897.0 10087.0 0.0434222266283335 47897.0 10087.0 0.040282474636960414 5 46 21.0 0.0 5 41 21.0 0.0 0.0434222266283335 0
0.040282474636960414 0
28 ec.gp.GPIndividual@1465722549{588028458} 0.0 67888.0 8387.0 0.07189698342673184 5 32 21.0 0.0 0.07189698342673184 0
28 ec.gp.GPIndividual@1171279021{-298253139} 0.0 59163.0 12802.0 0.21988751757537886 5 43 21.0 0.0 0.21988751757537886 0
28 ec.gp.GPIndividual@707418695{-1131119009} 0.0 53907.0 8387.0 0.21557171813520926 5 42 21.0 0.0 0.21557171813520926 0
28 ec.gp.GPIndividual@1465722549{588028458} 0.0 68684.0 14578.0 0.4114418987515434 5 32 21.0 0.0 0.4114418987515434 0
28 ec.gp.GPIndividual@186961032{-680463092} 0.0 28 ec.gp.GPIndividual@1257150990{-647241632} 0.0 47215.0 8387.0 0.07815318023325718 5 46 21.0 0.0 0.07815318023325718 0
47298.0 8387.0 0.07905091212590915 5 41 21.0 0.0 0.07905091212590915 0
28 ec.gp.GPIndividual@1171279021{-298253139} 0.0 57865.0 10087.0 0.13859423019728362 5 43 21.0 0.0 0.13859423019728362 0
28 ec.gp.GPIndividual@1465722549{588028458} 0.0 67454.0 10861.0 0.323266734186539 5 32 21.0 0.0 0.323266734186539 0
28 ec.gp.GPIndividual@707418695{-1131119009} 0.0 54065.0 14578.0 0.2898202771299218 5 42 21.0 0.0 0.2898202771299218 0
28 ec.gp.GPIndividual@1465722549{588028458} 0.0 67888.0 8160.0 0.04607843137254902 5 32 21.0 0.0 0.04607843137254902 0
28 ec.gp.GPIndividual@1257150990{-647241632} 0.0 48846.0 14578.0 0.2730141308821512 5 41 21.0 0.0 0.2730141308821512 0
28 ec.gp.GPIndividual@1171279021{-298253139} 0.0 57478.0 8317.0 0.0018035349284597811 5 43 21.0 0.0 0.0018035349284597811 0
28 ec.gp.GPIndividual@1465722549{588028458} 0.0 68134.0 12802.0 0.37275425714732074 5 32 21.0 0.0 0.37275425714732074 0
28 ec.gp.GPIndividual@1257150990{-647241632} 0.0 47897.0 10861.0 0.11159193444434214 5 41 21.0 0.0 0.11159193444434214 0
28 ec.gp.GPIndividual@1449094390{-1157869289} 0.0 68183.0 10054.0 0.1964392281678934 5 36 21.0 0.0 0.1964392281678934 0
28 ec.gp.GPIndividual@1465722549{588028458} 0.0 67583.0 10087.0 0.25855060969564786 5 32 21.0 0.0 0.25855060969564786 0
28 ec.gp.GPIndividual@707418695{-1131119009} 0.0 53271.0 10861.0 0.11987846422981309 5 42 21.0 0.0 0.11987846422981309 0
28 ec.gp.GPIndividual@1449094390{-1157869289} 0.0 68183.0 8387.0 0.0367235006557768 5 36 21.0 0.0 0.0367235006557768 0
28 ec.gp.GPIndividual@1465722549{588028458} 0.0 67888.0 8317.0 0.06408560779127088 5 32 21.0 0.0 28 ec.gp.GPIndividual@1257150990{-647241632} 0.0 0.06408560779127088 0
47205.0 8160.0 0.09767156862745098 5 41 21.0 0.0 0.09767156862745098 0
28 ec.gp.GPIndividual@1449094390{-1157869289} 0.0 68259.0 14578.0 0.44059541775277816 5 36 21.0 0.0 0.44059541775277816 0
28 ec.gp.GPIndividual@707418695{-1131119009} 0.0 53907.0 8160.0 0.2493872549019608 5 42 21.0 0.0 0.2493872549019608 0
28 ec.gp.GPIndividual@1257150990{-647241632} 0.0 49016.0 12802.0 0.15888142477737854 5 41 21.0 0.0 0.15888142477737854 0
28 ec.gp.GPIndividual@1449094390{-1157869289} 0.0 67911.0 10861.0 0.2811895773869809 5 36 21.0 0.0 0.2811895773869809 0
28 ec.gp.GPIndividual@1191492992{-425190979} 0.0 58215.0 10054.0 0.10095484384324648 5 41 21.0 0.0 0.10095484384324648 0
28 ec.gp.GPIndividual@1449094390{-1157869289} 0.0 67899.0 8160.0 0.044730392156862746 5 36 21.0 0.0 0.044730392156862746 0
28 ec.gp.GPIndividual@1257150990{-647241632} 0.0 47897.0 10087.0 0.0434222266283335 5 41 21.0 0.0 0.0434222266283335 0
28 ec.gp.GPIndividual@1191492992{-425190979} 0.0 58132.0 8387.0 0.06784309049719804 5 41 21.0 0.0 0.06784309049719804 0
28 ec.gp.GPIndividual@1449094390{-1157869289} 0.0 67328.0 12802.0 0.4357131698172161 5 36 21.0 0.0 0.4357131698172161 0
28 ec.gp.GPIndividual@707418695{-1131119009} 0.0 53383.0 12802.0 0.24457116075613186 5 42 21.0 0.0 0.24457116075613186 0
28 ec.gp.GPIndividual@1257150990{-647241632} 0.0 47215.0 8317.0 0.07815318023325718 5 41 21.0 0.0 0.07815318023325718 0
28 ec.gp.GPIndividual@1449094390{-1157869289} 0.0 67957.0 10087.0 0.22147318330524438 5 36 21.0 0.0 0.22147318330524438 0
28 ec.gp.GPIndividual@1191492992{-425190979} 0.0 59946.0 14578.0 0.26121553025106325 5 41 21.0 0.0 0.26121553025106325 0
28 ec.gp.GPIndividual@1449094390{-1157869289} 0.0 66999.0 8317.0 0.17097511121798725 5 36 21.0 0.0 0.17097511121798725 0
28 ec.gp.GPIndividual@707418695{-1131119009} 0.0 53271.0 10087.0 0.05234460196292257 5 42 21.0 0.0 0.05234460196292257 0
28 ec.gp.GPIndividual@1191492992{-425190979} 0.0 58215.0 10861.0 0.16775619187920082 5 41 21.0 0.0 0.16775619187920082 0
28 ec.gp.GPIndividual@707418695{-1131119009} 0.0 53907.0 8317.0 0.2258025730431646 5 42 21.0 0.0 0.2258025730431646 0
28 ec.gp.GPIndividual@1972611060{-358443379} 0.0 82440.0 10054.0 0.40879252038989455 5 15 21.0 0.0 0.40879252038989455 0
28 ec.gp.GPIndividual@1191492992{-425190979} 0.0 57478.0 8160.0 0.017401960784313726 5 41 21.0 0.0 28 ec.gp.GPIndividual@1972611060{-358443379} 0.017401960784313726 0
0.0 82440.0 8387.0 0.29128413020150234 5 15 21.0 0.0 0.29128413020150234 0
28 ec.gp.GPIndividual@1972611060{-358443379} 0.0 82614.0 14578.0 0.5803265194128139 5 15 21.0 0.0 0.5803265194128139 0
28 ec.gp.GPIndividual@1972611060{-358443379} 0.0 82440.0 10861.0 0.45272074394622963 5 15 21.0 0.0 0.45272074394622963 0
28 ec.gp.GPIndividual@1972611060{-358443379} 0.0 82440.0 8160.0 0.27156862745098037 5 15 21.0 0.0 0.27156862745098037 0
28 ec.gp.GPIndividual@1972611060{-358443379} 0.0 82440.0 12802.0 0.5356975472582409 5 15 21.0 0.0 0.5356975472582409 0
28 ec.gp.GPIndividual@1972611060{-358443379} 0.0 82440.0 10087.0 0.4107266779022504 5 15 21.0 0.0 0.4107266779022504 0
28 ec.gp.GPIndividual@1972611060{-358443379} 0.0 82440.0 8317.0 0.28531922568233736 5 15 21.0 0.0 0.28531922568233736 0
28 ec.gp.GPIndividual@1191492992{-425190979} 0.0 59163.0 12802.0 0.21988751757537886 5 41 21.0 0.0 0.21988751757537886 0
28 ec.gp.GPIndividual@1168507663{1145446223} 0.0 57147.0 10054.0 0.20718122140441617 5 40 21.0 0.0 0.20718122140441617 0
28 ec.gp.GPIndividual@1168507663{1145446223} 0.0 57147.0 8387.0 0.04960057231429593 5 40 21.0 0.0 0.04960057231429593 0
28 ec.gp.GPIndividual@1191492992{-425190979} 0.0 58215.0 10087.0 0.1038961038961039 5 41 21.0 0.0 0.1038961038961039 0
28 ec.gp.GPIndividual@1168507663{1145446223} 0.0 59584.0 14578.0 0.28604746878858556 5 40 21.0 0.0 0.28604746878858556 0
28 ec.gp.GPIndividual@1191492992{-425190979} 0.0 57478.0 8317.0 0.0018035349284597811 5 41 21.0 0.0 0.0018035349284597811 0
28 ec.gp.GPIndividual@1168507663{1145446223} 0.0 57693.0 10861.0 0.21581806463493233 5 40 21.0 0.0 0.21581806463493233 0
28 ec.gp.GPIndividual@1168507663{1145446223} 0.0 57147.0 8160.0 0.023161764705882354 5 40 21.0 0.0 0.023161764705882354 0
28 ec.gp.GPIndividual@1168507663{1145446223} 0.0 58791.0 12802.0 0.24894547726917668 5 40 21.0 0.0 0.24894547726917668 0
28 ec.gp.GPIndividual@1168507663{1145446223} 0.0 57180.0 10087.0 0.20650342024387827 5 40 21.0 0.0 0.20650342024387827 0
28 ec.gp.GPIndividual@1168507663{1145446223} 0.0 57134.0 8317.0 0.04316460262113743 5 40 21.0 0.0 0.04316460262113743 0
29 ec.gp.GPIndividual@1978702635{-1852321592} 0.0 99798.0 10054.0 0.8561766461110006 2 3 21.0 0.0 0.8561766461110006 0
29 ec.gp.GPIndividual@1978702635{-1852321592} 0.0 99798.0 8387.0 0.8275903183498271 2 3 21.0 0.0 0.8275903183498271 0
29 ec.gp.GPIndividual@1636310010{143115578} 0.0 72940.0 10054.0 0.2667594987069823 29 ec.gp.GPIndividual@1978702635{-1852321592} 5 20 21.0 0.0 0.0 0.2667594987069823 0
99972.0 14578.0 0.8888736452188228 2 3 21.0 0.0 0.8888736452188228 0
29 ec.gp.GPIndividual@1978702635{-1852321592} 0.0 99798.0 10861.0 0.8668630881134334 2 3 21.0 0.0 0.8668630881134334 0
29 ec.gp.GPIndividual@1636310010{143115578} 29 ec.gp.GPIndividual@1978702635{-1852321592} 0.0 0.0 72940.0 8160.0 0.12102062716108263 99798.0 8160.0 0.8227941176470588 5 20 21.0 0.0 2 3 21.0 0.0 0.8227941176470588 0
0.12102062716108263 0
29 ec.gp.GPIndividual@1158348664{110908903} 0.0 29 ec.gp.GPIndividual@1978702635{-1852321592} 0.0 53376.0 12802.0 0.0387905311318878 5 42 21.0 0.0 99798.0 12802.0 0.8870488986095922 0.0387905311318878 0
2 3 21.0 0.0 0.8870488986095922 0
29 ec.gp.GPIndividual@2099499197{634294485} 0.0 51719.0 10054.0 0.2036005569922419 29 ec.gp.GPIndividual@501711387{1533193238} 5 49 21.0 0.0 0.0 0.2036005569922419 0
51719.0 10087.0 0.2036005569922419 5 49 21.0 0.0 0.2036005569922419 0
29 ec.gp.GPIndividual@1978702635{-1852321592} 0.0 99798.0 10087.0 0.8566471696242689 29 ec.gp.GPIndividual@1636310010{143115578} 2 3 21.0 0.0 0.0 0.8566471696242689 0
73602.0 10087.0 0.44889559610371793 29 ec.gp.GPIndividual@855200893{1425853004} 5 20 21.0 0.0 0.0 0.44889559610371793 0
29 ec.gp.GPIndividual@1978702635{-1852321592} 0.0 99798.0 8317.0 0.8261392328964771 49920.0 10054.0 0.1609309727471653 2 3 21.0 0.0 0.8261392328964771 0
5 45 21.0 0.0 29 ec.gp.GPIndividual@1158348664{110908903} 0.0 0.1609309727471653 0
53376.0 8387.0 0.15225944914749015 5 42 21.0 0.0 0.15225944914749015 0
29 ec.gp.GPIndividual@1636310010{143115578} 0.0 72940.0 10861.0 0.3212411380167572 5 20 21.0 0.0 0.3212411380167572 0
29 ec.gp.GPIndividual@1636310010{143115578} 0.0 72940.0 8160.0 0.0965686274509804 5 20 21.0 0.0 0.0965686274509804 0
29 ec.gp.GPIndividual@2099499197{634294485} 0.0 51719.0 8387.0 0.04530821509478956 5 49 21.0 0.0 0.04530821509478956 0
29 ec.gp.GPIndividual@1636310010{143115578} 0.0 73068.0 8387.0 0.41415403843149506 29 ec.gp.GPIndividual@501711387{1533193238} 5 20 21.0 0.0 0.0 0.41415403843149506 0
51719.0 8387.0 0.04530821509478956 5 49 21.0 0.0 0.04530821509478956 0
29 ec.gp.GPIndividual@1158348664{110908903} 0.0 55065.0 14578.0 0.22122376183289888 5 42 21.0 0.0 0.22122376183289888 0
29 ec.gp.GPIndividual@1636310010{143115578} 0.0 72940.0 10087.0 0.2691583225934371 29 ec.gp.GPIndividual@233840560{45841534} 5 20 21.0 0.0 0.0 0.2691583225934371 0
53806.0 10054.0 0.003978516013526954 5 48 21.0 0.0 0.003978516013526954 0
29 ec.gp.GPIndividual@1636310010{143115578} 0.0 72940.0 8317.0 0.11362270049296622 5 20 21.0 0.0 0.11362270049296622 0
29 ec.gp.GPIndividual@855200893{1425853004} 0.0 49062.0 8387.0 0.2893764158817217 29 ec.gp.GPIndividual@1158348664{110908903} 0.0 5 45 21.0 0.0 0.2893764158817217 0
54441.0 10861.0 0.012153577018690728 5 42 21.0 0.0 0.012153577018690728 0
29 ec.gp.GPIndividual@2099499197{634294485} 0.0 53085.0 14578.0 0.3570448621210043 5 49 21.0 0.0 0.3570448621210043 0
29 ec.gp.GPIndividual@501711387{1533193238} 0.0 53085.0 14578.0 0.3570448621210043 5 49 21.0 0.0 0.3570448621210043 0
29 ec.gp.GPIndividual@1158348664{110908903} 0.0 53376.0 8160.0 0.1843137254901961 29 ec.gp.GPIndividual@1097329754{-153003615} 5 42 21.0 0.0 0.0 0.1843137254901961 0
56059.0 10054.0 0.3153968569723493 5 33 21.0 0.0 29 ec.gp.GPIndividual@233840560{45841534} 0.3153968569723493 0
0.0 52726.0 8387.0 0.07475855490640276 5 48 21.0 0.0 0.07475855490640276 0
29 ec.gp.GPIndividual@1158348664{110908903} 0.0 54447.0 12802.0 0.16145914700827996 5 42 21.0 0.0 0.16145914700827996 0
29 ec.gp.GPIndividual@2099499197{634294485} 0.0 52369.0 10861.0 0.2029279071908664 5 49 21.0 0.0 0.2029279071908664 0
29 ec.gp.GPIndividual@855200893{1425853004} 0.0 49918.0 14578.0 0.19947866648374263 5 45 21.0 0.0 0.19947866648374263 0
29 ec.gp.GPIndividual@501711387{1533193238} 0.0 29 ec.gp.GPIndividual@1097329754{-153003615} 52369.0 10861.0 0.2029279071908664 0.0 5 49 21.0 0.0 57785.0 10861.0 0.026469536186956005 0.2029279071908664 0
5 33 21.0 0.0 0.026469536186956005 0
29 ec.gp.GPIndividual@1158348664{110908903} 0.0 53409.0 10087.0 0.03866362644988599 5 42 21.0 0.0 0.03866362644988599 0
29 ec.gp.GPIndividual@233840560{45841534} 0.0 54294.0 14578.0 0.27411167512690354 5 48 21.0 0.0 0.27411167512690354 0
29 ec.gp.GPIndividual@2099499197{634294485} 29 ec.gp.GPIndividual@1158348664{110908903} 0.0 0.0 51275.0 8317.0 0.07316176470588236 53371.0 8317.0 0.16135625826620176 5 49 21.0 0.0 5 42 21.0 0.0 0.07316176470588236 0
0.16135625826620176 0
29 ec.gp.GPIndividual@1097329754{-153003615} 0.0 58092.0 14578.0 0.3883934696117437 29 ec.gp.GPIndividual@501711387{1533193238} 0.0 5 33 21.0 0.0 51275.0 8160.0 0.07316176470588236 0.3883934696117437 0
5 49 21.0 0.0 0.07316176470588236 0
29 ec.gp.GPIndividual@855200893{1425853004} 0.0 47536.0 10861.0 0.14483012613939786 5 45 21.0 0.0 0.14483012613939786 0
29 ec.gp.GPIndividual@233840560{45841534} 0.0 52990.0 10861.0 0.14575085167111684 5 48 21.0 0.0 0.14575085167111684 0
29 ec.gp.GPIndividual@1142369315{-399259197} 0.0 48856.0 10054.0 0.05510244678734832 5 44 21.0 0.0 0.05510244678734832 0
29 ec.gp.GPIndividual@1097329754{-153003615} 0.0 57156.0 10861.0 0.26526102568824234 5 33 21.0 0.0 0.26526102568824234 0
29 ec.gp.GPIndividual@1142369315{-399259197} 0.0 48856.0 8387.0 0.2648145940145463 5 44 21.0 0.0 0.2648145940145463 0
29 ec.gp.GPIndividual@501711387{1533193238} 0.0 53371.0 12802.0 0.24550851429464146 5 49 21.0 0.0 0.24550851429464146 0
29 ec.gp.GPIndividual@233840560{45841534} 0.0 53674.0 8160.0 0.22083333333333333 5 48 21.0 0.0 0.22083333333333333 0
29 ec.gp.GPIndividual@2099499197{634294485} 0.0 53371.0 12802.0 0.24550851429464146 5 49 21.0 0.0 0.24550851429464146 0
29 ec.gp.GPIndividual@1097329754{-153003615} 0.0 56537.0 8160.0 0.09791666666666667 5 33 21.0 0.0 0.09791666666666667 0
29 ec.gp.GPIndividual@855200893{1425853004} 0.0 48006.0 8160.0 0.19583333333333333 29 ec.gp.GPIndividual@1142369315{-399259197} 0.0 5 45 21.0 0.0 50545.0 14578.0 0.15646865139250926 5 44 21.0 0.0 0.19583333333333333 0
0.15646865139250926 0
29 ec.gp.GPIndividual@501711387{1533193238} 0.0 51752.0 10087.0 0.20293447011004262 5 49 21.0 0.0 0.20293447011004262 0
29 ec.gp.GPIndividual@1097329754{-153003615} 0.0 57638.0 12802.0 0.33900952976097487 5 33 21.0 0.0 0.33900952976097487 0
29 ec.gp.GPIndividual@1142369315{-399259197} 0.0 49923.0 10861.0 0.07494705828192616 5 44 21.0 0.0 0.07494705828192616 0
29 ec.gp.GPIndividual@233840560{45841534} 0.0 54024.0 12802.0 0.19450085924074365 5 48 21.0 0.0 0.19450085924074365 0
29 ec.gp.GPIndividual@2099499197{634294485} 0.0 51752.0 10087.0 0.20293447011004262 5 49 21.0 0.0 0.20293447011004262 0
29 ec.gp.GPIndividual@1142369315{-399259197} 0.0 29 ec.gp.GPIndividual@1097329754{-153003615} 0.0 48856.0 8160.0 0.3 5 44 21.0 0.0 56092.0 10087.0 0.3143650242886884 0.3 0
5 33 21.0 0.0 0.3143650242886884 0
29 ec.gp.GPIndividual@501711387{1533193238} 0.0 51283.0 8317.0 0.08969580377539978 5 49 21.0 0.0 0.08969580377539978 0
29 ec.gp.GPIndividual@940600782{-2014133094} 0.0 71262.0 10054.0 0.43365824547443804 5 33 21.0 0.0 0.43365824547443804 0
29 ec.gp.GPIndividual@855200893{1425853004} 29 ec.gp.GPIndividual@2099499197{634294485} 0.0 0.0 29 ec.gp.GPIndividual@233840560{45841534} 29 ec.gp.GPIndividual@1142369315{-399259197} 0.0 0.0 51283.0 8317.0 0.08969580377539978 51923.0 12802.0 0.18598195697432338 49924.0 12802.0 0.08795500703015154 49534.0 8317.0 0.1184189970317138 5 44 21.0 0.0 5 48 21.0 0.0 5 45 21.0 0.0 0.08795500703015154 0
5 49 21.0 0.0 0.08969580377539978 0
29 ec.gp.GPIndividual@940600782{-2014133094} 0.0 71262.0 8387.0 0.3210921664480744 0.1184189970317138 0
29 ec.gp.GPIndividual@1097329754{-153003615} 0.0 56499.0 8317.0 0.11951424792593483 0.18598195697432338 0
5 33 21.0 0.0 0.11951424792593483 0
5 33 21.0 0.0 0.3210921664480744 0
29 ec.gp.GPIndividual@1142369315{-399259197} 0.0 48889.0 10087.0 0.05492217705958164 5 44 21.0 0.0 0.05492217705958164 0
29 ec.gp.GPIndividual@940600782{-2014133094} 0.0 72013.0 14578.0 0.5578954589106874 5 33 21.0 0.0 0.5578954589106874 0
29 ec.gp.GPIndividual@940600782{-2014133094} 0.0 71775.0 10861.0 0.4285056624620201 5 33 21.0 0.0 0.4285056624620201 0
29 ec.gp.GPIndividual@1142369315{-399259197} 0.0 48851.0 8317.0 0.27485872309727066 5 44 21.0 0.0 0.27485872309727066 0
29 ec.gp.GPIndividual@940600782{-2014133094} 0.0 71334.0 8160.0 0.2933823529411765 5 33 21.0 0.0 0.2933823529411765 0
29 ec.gp.GPIndividual@233840560{45841534} 0.0 54252.0 8317.0 0.2672838763977396 5 48 21.0 0.0 0.2672838763977396 0
29 ec.gp.GPIndividual@1486555130{16612867} 0.0 29 ec.gp.GPIndividual@1017606190{1039073375} 48827.0 10054.0 0.052218022677541276 0.0 5 44 21.0 0.0 0.052218022677541276 0
61825.0 10054.0 0.2853590610702208 29 ec.gp.GPIndividual@855200893{1425853004} 5 38 21.0 0.0 0.0 0.2853590610702208 0
48859.0 12802.0 0.05194805194805195 5 45 21.0 0.0 0.05194805194805195 0
29 ec.gp.GPIndividual@940600782{-2014133094} 0.0 71775.0 12802.0 0.5151538822059053 5 33 21.0 0.0 0.5151538822059053 0
29 ec.gp.GPIndividual@940600782{-2014133094} 0.0 71694.0 10087.0 0.39268365222563695 5 33 21.0 0.0 0.39268365222563695 0
29 ec.gp.GPIndividual@940600782{-2014133094} 0.0 71334.0 8317.0 0.3067211735000601 5 33 21.0 0.0 0.3067211735000601 0
29 ec.gp.GPIndividual@1392986560{-1159648657} 0.0 105260.0 10054.0 0.8563755719116769 2 4 21.0 0.0 0.8563755719116769 0
29 ec.gp.GPIndividual@1392986560{-1159648657} 0.0 105260.0 8387.0 0.8278287826397996 2 4 21.0 0.0 0.8278287826397996 0
29 ec.gp.GPIndividual@1392986560{-1159648657} 0.0 105260.0 14578.0 0.9009466319110989 2 4 21.0 0.0 0.9009466319110989 0
29 ec.gp.GPIndividual@1486555130{16612867} 29 ec.gp.GPIndividual@1392986560{-1159648657} 0.0 105260.0 10861.0 0.8670472332197772 2 4 21.0 0.0 0.0 0.8670472332197772 0
29 ec.gp.GPIndividual@1017606190{1039073375} 29 ec.gp.GPIndividual@855200893{1425853004} 0.0 29 ec.gp.GPIndividual@1392986560{-1159648657} 0.0 0.0 63188.0 8160.0 0.019196375342792418 105260.0 8160.0 0.8230392156862745 29 ec.gp.GPIndividual@1692749321{1076768844} 2 4 21.0 0.0 5 38 21.0 0.0 0.0 0.8230392156862745 0
29 ec.gp.GPIndividual@1706341885{1168446486} 29 ec.gp.GPIndividual@1392986560{-1159648657} 0.0 0.0 105260.0 12802.0 0.8872051241993438 43579.0 12802.0 0.07370200915058683 2 4 21.0 0.0 5 48 21.0 0.0 0.07370200915058683 0
56531.0 8160.0 0.26845036801273126 5 43 21.0 0.0 0.26845036801273126 0
0.019196375342792418 0
48006.0 8160.0 0.1732595887940363 5 45 21.0 0.0 48827.0 10861.0 0.26135686180994394 0.1732595887940363 0
5 44 21.0 0.0 0.26135686180994394 0
0.8872051241993438 0
29 ec.gp.GPIndividual@1392986560{-1159648657} 0.0 105260.0 10087.0 0.8568454446317042 2 4 21.0 0.0 0.8568454446317042 0
29 ec.gp.GPIndividual@1392986560{-1159648657} 0.0 105260.0 8317.0 0.8263797042202717 2 4 21.0 0.0 0.8263797042202717 0
29 ec.gp.GPIndividual@1706341885{1168446486} 0.0 43008.0 8387.0 0.2190294503398116 5 48 21.0 0.0 29 ec.gp.GPIndividual@2129301412{-207980703} 0.2190294503398116 0
29 ec.gp.GPIndividual@1692749321{1076768844} 0.0 56900.0 8387.0 0.07905091212590915 5 43 21.0 0.0 0.0 0.07905091212590915 0
52944.0 8387.0 0.08175850407797891 5 40 21.0 0.0 0.08175850407797891 0
29 ec.gp.GPIndividual@1017606190{1039073375} 0.0 64098.0 14578.0 0.3512141583207573 5 38 21.0 0.0 0.3512141583207573 0
29 ec.gp.GPIndividual@1486555130{16612867} 0.0 49868.0 14578.0 0.20290849224859378 5 44 21.0 0.0 0.20290849224859378 0
29 ec.gp.GPIndividual@1771327666{2069546693} 0.0 53077.0 10054.0 0.06852993833300179 5 35 21.0 0.0 0.06852993833300179 0
29 ec.gp.GPIndividual@2129301412{-207980703} 0.0 51784.0 8387.0 0.037558125670680814 5 40 21.0 0.0 0.037558125670680814 0
29 ec.gp.GPIndividual@1017606190{1039073375} 0.0 62748.0 10861.0 0.25347573888223923 5 38 21.0 0.0 0.25347573888223923 0
29 ec.gp.GPIndividual@1706341885{1168446486} 0.0 44374.0 14578.0 0.20496638770750447 5 48 21.0 0.0 0.20496638770750447 0
29 ec.gp.GPIndividual@1692749321{1076768844} 0.0 59014.0 14578.0 0.3251474825078886 5 43 21.0 0.0 0.3251474825078886 0
29 ec.gp.GPIndividual@1486555130{16612867} 0.0 48827.0 10861.0 0.025964459994475646 5 44 21.0 0.0 0.025964459994475646 0
29 ec.gp.GPIndividual@2129301412{-207980703} 0.0 53245.0 14578.0 0.3460694196734806 5 40 21.0 0.0 0.3460694196734806 0
29 ec.gp.GPIndividual@1771327666{2069546693} 0.0 52284.0 8387.0 0.022057946822463335 5 35 21.0 0.0 0.022057946822463335 0
29 ec.gp.GPIndividual@1017606190{1039073375} 0.0 62403.0 8160.0 0.048651960784313726 5 38 21.0 0.0 0.048651960784313726 0
29 ec.gp.GPIndividual@2129301412{-207980703} 0.0 52944.0 10861.0 0.14998618911702422 5 40 21.0 0.0 0.14998618911702422 0
29 ec.gp.GPIndividual@1706341885{1168446486} 0.0 43579.0 10861.0 0.006076788509345364 5 48 21.0 0.0 0.006076788509345364 0
29 ec.gp.GPIndividual@1692749321{1076768844} 0.0 57628.0 10861.0 0.22180278059110578 5 43 21.0 0.0 0.22180278059110578 0
29 ec.gp.GPIndividual@1486555130{16612867} 0.0 48827.0 8160.0 0.29644607843137255 5 44 21.0 0.0 0.29644607843137255 0
29 ec.gp.GPIndividual@2129301412{-207980703} 0.0 51788.0 8160.0 0.010294117647058823 5 40 21.0 0.0 0.010294117647058823 0
29 ec.gp.GPIndividual@1706341885{1168446486} 0.0 42915.0 8160.0 0.24154411764705883 5 48 21.0 0.0 0.24154411764705883 0
29 ec.gp.GPIndividual@1017606190{1039073375} 0.0 63833.0 12802.0 0.28190907670676457 5 38 21.0 0.0 0.28190907670676457 0
29 ec.gp.GPIndividual@2129301412{-207980703} 0.0 53073.0 12802.0 0.26878612716763006 5 40 21.0 0.0 0.26878612716763006 0
29 ec.gp.GPIndividual@1692749321{1076768844} 0.0 57263.0 8160.0 0.008946078431372548 5 43 21.0 0.0 29 ec.gp.GPIndividual@1486555130{16612867} 0.008946078431372548 0
0.0 49082.0 12802.0 0.1537259803155757 5 44 21.0 0.0 0.1537259803155757 0
29 ec.gp.GPIndividual@1771327666{2069546693} 0.0 53586.0 14578.0 0.32267800795719576 5 35 21.0 0.0 0.32267800795719576 0
29 ec.gp.GPIndividual@2129301412{-207980703} 0.0 52944.0 10087.0 0.08476256567859622 5 40 21.0 0.0 0.08476256567859622 0
29 ec.gp.GPIndividual@1706341885{1168446486} 0.0 43352.0 12802.0 0.17450398375253867 5 48 21.0 0.0 0.17450398375253867 0
29 ec.gp.GPIndividual@1017606190{1039073375} 0.0 62748.0 10087.0 0.196193119857242 5 38 21.0 0.0 0.196193119857242 0
29 ec.gp.GPIndividual@2129301412{-207980703} 0.0 51750.0 8317.0 0.03354574966935193 5 40 21.0 0.0 0.03354574966935193 0
29 ec.gp.GPIndividual@1486555130{16612867} 29 ec.gp.GPIndividual@1692749321{1076768844} 0.0 0.0 48827.0 12802.0 0.04877565182908694 58011.0 12802.0 0.3098734572723012 5 44 21.0 0.0 5 43 21.0 0.0 0.04877565182908694 0
0.3098734572723012 0
29 ec.gp.GPIndividual@1706341885{1168446486} 0.0 43579.0 10087.0 0.07018935263210073 5 48 21.0 0.0 0.07018935263210073 0
29 ec.gp.GPIndividual@1017606190{1039073375} 0.0 63175.0 8317.0 0.026211374293615485 5 38 21.0 0.0 0.026211374293615485 0
29 ec.gp.GPIndividual@1771327666{2069546693} 0.0 53893.0 10861.0 0.06260933615689163 5 35 21.0 0.0 0.06260933615689163 0
29 ec.gp.GPIndividual@1486555130{16612867} 0.0 48827.0 8317.0 0.271973067211735 5 44 21.0 0.0 0.271973067211735 0
29 ec.gp.GPIndividual@1692749321{1076768844} 0.0 56564.0 10087.0 0.26757212253395457 5 43 21.0 0.0 0.26757212253395457 0
29 ec.gp.GPIndividual@1706341885{1168446486} 0.0 42925.0 8317.0 0.2193098473007094 5 48 21.0 0.0 0.2193098473007094 0
29 ec.gp.GPIndividual@1724775122{-980270866} 0.0 52928.0 10054.0 0.0833499104833897 5 34 21.0 0.0 0.0833499104833897 0
29 ec.gp.GPIndividual@1084939750{-61220182} 0.0 48977.0 10054.0 0.06713745772826736 5 33 21.0 0.0 0.06713745772826736 0
29 ec.gp.GPIndividual@1771327666{2069546693} 0.0 52284.0 8160.0 0.050490196078431374 5 35 21.0 0.0 0.050490196078431374 0
29 ec.gp.GPIndividual@1692749321{1076768844} 0.0 56730.0 8317.0 0.0917398100276542 5 43 21.0 0.0 0.0917398100276542 0
29 ec.gp.GPIndividual@1724775122{-980270866} 0.0 52187.0 8387.0 0.01049242875879337 5 34 21.0 0.0 0.01049242875879337 0
29 ec.gp.GPIndividual@1524991601{813188281} 0.0 47897.0 10054.0 0.040282474636960414 5 39 21.0 0.0 0.040282474636960414 0
29 ec.gp.GPIndividual@1724775122{-980270866} 0.0 54178.0 14578.0 0.28206887090135824 5 34 21.0 0.0 0.28206887090135824 0
29 ec.gp.GPIndividual@1771327666{2069546693} 0.0 54342.0 8387.0 0.16966099047023903 29 ec.gp.GPIndividual@1084939750{-61220182} 5 35 21.0 0.0 0.0 0.16966099047023903 0
49345.0 8387.0 0.3231191129128413 5 33 21.0 0.0 0.3231191129128413 0
29 ec.gp.GPIndividual@1724775122{-980270866} 0.0 52928.0 10861.0 0.1514593499677746 5 34 21.0 0.0 0.1514593499677746 0
29 ec.gp.GPIndividual@1524991601{813188281} 0.0 47298.0 8387.0 0.07905091212590915 5 39 21.0 0.0 0.07905091212590915 0
29 ec.gp.GPIndividual@1724775122{-980270866} 0.0 52187.0 8160.0 0.03860294117647059 5 34 21.0 0.0 0.03860294117647059 0
29 ec.gp.GPIndividual@1771327666{2069546693} 0.0 53077.0 10087.0 0.07157727768414791 5 35 21.0 0.0 0.07157727768414791 0
29 ec.gp.GPIndividual@1084939750{-61220182} 0.0 49477.0 14578.0 0.22972972972972974 5 33 21.0 0.0 0.22972972972972974 0
29 ec.gp.GPIndividual@1724775122{-980270866} 0.0 53527.0 12802.0 0.23332291829401655 5 34 21.0 0.0 0.23332291829401655 0
29 ec.gp.GPIndividual@1524991601{813188281} 0.0 48846.0 14578.0 0.2730141308821512 5 39 21.0 0.0 0.2730141308821512 0
29 ec.gp.GPIndividual@1724775122{-980270866} 0.0 52928.0 10087.0 0.08634876573807872 5 34 21.0 0.0 0.08634876573807872 0
29 ec.gp.GPIndividual@1771327666{2069546693} 0.0 52284.0 8317.0 0.03066009378381628 5 35 21.0 0.0 0.03066009378381628 0
29 ec.gp.GPIndividual@1524991601{813188281} 0.0 47897.0 10861.0 0.11159193444434214 5 39 21.0 0.0 0.11159193444434214 0
29 ec.gp.GPIndividual@1084939750{-61220182} 0.0 49002.0 10861.0 0.009851763189393242 5 33 21.0 0.0 0.009851763189393242 0
29 ec.gp.GPIndividual@1724775122{-980270866} 0.0 52187.0 8317.0 0.01899723457977636 5 34 21.0 0.0 0.01899723457977636 0
29 ec.gp.GPIndividual@1524991601{813188281} 0.0 47205.0 8160.0 0.09767156862745098 5 39 21.0 0.0 0.09767156862745098 0
29 ec.gp.GPIndividual@80196406{-2058338833} 0.0 29 ec.gp.GPIndividual@778492937{-667400517} 47897.0 10054.0 0.040282474636960414 0.0 5 47 21.0 0.0 52393.0 10054.0 0.1365625621643127 0.040282474636960414 0
5 48 21.0 0.0 0.1365625621643127 0
29 ec.gp.GPIndividual@1084939750{-61220182} 0.0 49345.0 8160.0 0.3599264705882353 5 33 21.0 0.0 0.3599264705882353 0
29 ec.gp.GPIndividual@1524991601{813188281} 0.0 49016.0 12802.0 0.15888142477737854 5 39 21.0 0.0 0.15888142477737854 0
29 ec.gp.GPIndividual@80196406{-2058338833} 0.0 47667.0 8387.0 0.12304757362584953 5 47 21.0 0.0 0.12304757362584953 0
29 ec.gp.GPIndividual@1524991601{813188281} 0.0 47897.0 10087.0 0.0434222266283335 5 39 21.0 0.0 0.0434222266283335 0
29 ec.gp.GPIndividual@778492937{-667400517} 0.0 51794.0 8387.0 0.036365804220817935 5 48 21.0 0.0 0.036365804220817935 0
29 ec.gp.GPIndividual@1084939750{-61220182} 0.0 48785.0 12802.0 0.1769254803936885 5 33 21.0 0.0 0.1769254803936885 0
29 ec.gp.GPIndividual@80196406{-2058338833} 0.0 49832.0 14578.0 0.2053779667992866 5 47 21.0 0.0 0.2053779667992866 0
29 ec.gp.GPIndividual@1524991601{813188281} 0.0 47215.0 8317.0 0.07815318023325718 5 39 21.0 0.0 0.07815318023325718 0
29 ec.gp.GPIndividual@1084939750{-61220182} 0.0 49002.0 10087.0 0.06612471497967681 5 33 21.0 0.0 0.06612471497967681 0
29 ec.gp.GPIndividual@80196406{-2058338833} 0.0 47897.0 10861.0 0.11159193444434214 5 47 21.0 0.0 0.11159193444434214 0
29 ec.gp.GPIndividual@1216762730{-719123694} 0.0 62774.0 10054.0 0.19096876864929382 5 42 21.0 0.0 0.19096876864929382 0
29 ec.gp.GPIndividual@778492937{-667400517} 0.0 53146.0 14578.0 0.35286047468788584 5 48 21.0 0.0 0.35286047468788584 0
29 ec.gp.GPIndividual@80196406{-2058338833} 0.0 47667.0 8160.0 0.15428921568627452 5 47 21.0 0.0 0.15428921568627452 0
29 ec.gp.GPIndividual@1084939750{-61220182} 0.0 49345.0 8317.0 0.3342551400745461 5 33 21.0 0.0 0.3342551400745461 0
29 ec.gp.GPIndividual@1216762730{-719123694} 0.0 62078.0 8387.0 0.1131513055919876 5 42 21.0 0.0 0.1131513055919876 0
29 ec.gp.GPIndividual@778492937{-667400517} 0.0 52393.0 10861.0 0.20071816591474081 5 48 21.0 0.0 0.20071816591474081 0
29 ec.gp.GPIndividual@80196406{-2058338833} 0.0 48959.0 12802.0 0.16333385408529918 5 47 21.0 0.0 0.16333385408529918 0
29 ec.gp.GPIndividual@1633438146{1069478797} 0.0 58093.0 10054.0 0.11308931768450368 5 40 21.0 0.0 0.11308931768450368 0
29 ec.gp.GPIndividual@1216762730{-719123694} 0.0 62872.0 14578.0 0.4353134860749074 5 42 21.0 0.0 0.4353134860749074 0
29 ec.gp.GPIndividual@80196406{-2058338833} 0.0 47897.0 10087.0 0.0434222266283335 5 47 21.0 0.0 0.0434222266283335 0
29 ec.gp.GPIndividual@1633438146{1069478797} 0.0 56744.0 8387.0 0.09765112674377012 5 40 21.0 0.0 0.09765112674377012 0
29 ec.gp.GPIndividual@778492937{-667400517} 0.0 51701.0 8160.0 0.020955882352941175 5 48 21.0 0.0 0.020955882352941175 0
29 ec.gp.GPIndividual@1216762730{-719123694} 0.0 60887.0 10861.0 0.4248227603351441 5 42 21.0 0.0 0.4248227603351441 0
29 ec.gp.GPIndividual@80196406{-2058338833} 0.0 47667.0 8317.0 0.13249969941084525 5 47 21.0 0.0 0.13249969941084525 0
29 ec.gp.GPIndividual@1633438146{1069478797} 0.0 58101.0 14578.0 0.3877761009740705 5 40 21.0 0.0 0.3877761009740705 0
29 ec.gp.GPIndividual@778492937{-667400517} 0.0 53482.0 12802.0 0.2368379940634276 5 48 21.0 0.0 0.2368379940634276 0
29 ec.gp.GPIndividual@1216762730{-719123694} 0.0 61985.0 8160.0 0.09987745098039216 5 42 21.0 0.0 0.09987745098039216 0
29 ec.gp.GPIndividual@1633438146{1069478797} 0.0 57996.0 10861.0 0.1879200810238468 5 40 21.0 0.0 0.1879200810238468 0
29 ec.gp.GPIndividual@1728195883{-2002892725} 0.0 53077.0 10054.0 0.06852993833300179 5 35 21.0 0.0 0.06852993833300179 0
29 ec.gp.GPIndividual@1216762730{-719123694} 0.0 63431.0 12802.0 0.3133104202468364 5 42 21.0 0.0 0.3133104202468364 0
29 ec.gp.GPIndividual@1633438146{1069478797} 0.0 56744.0 8160.0 0.07254901960784314 5 40 21.0 0.0 0.07254901960784314 0
29 ec.gp.GPIndividual@778492937{-667400517} 0.0 52393.0 10087.0 0.13938733022702487 5 48 21.0 0.0 0.13938733022702487 0
29 ec.gp.GPIndividual@1728195883{-2002892725} 0.0 52284.0 8387.0 0.022057946822463335 5 35 21.0 0.0 0.022057946822463335 0
29 ec.gp.GPIndividual@1216762730{-719123694} 0.0 62548.0 10087.0 0.21602062060077326 5 42 21.0 0.0 0.21602062060077326 0
29 ec.gp.GPIndividual@1633438146{1069478797} 0.0 57656.0 12802.0 0.33760349945321044 5 40 21.0 0.0 0.33760349945321044 0
29 ec.gp.GPIndividual@778492937{-667400517} 0.0 51701.0 8317.0 0.03943729710232055 5 48 21.0 0.0 0.03943729710232055 0
29 ec.gp.GPIndividual@1633438146{1069478797} 0.0 57821.0 10087.0 0.14295628036086053 5 40 21.0 0.0 0.14295628036086053 0
29 ec.gp.GPIndividual@1216762730{-719123694} 0.0 61985.0 8317.0 0.11686906336419382 5 42 21.0 0.0 0.11686906336419382 0
29 ec.gp.GPIndividual@890050669{1059970183} 0.0 72940.0 10054.0 0.2667594987069823 5 20 21.0 0.0 0.2667594987069823 0
29 ec.gp.GPIndividual@1728195883{-2002892725} 0.0 53586.0 14578.0 0.32267800795719576 5 35 21.0 0.0 0.32267800795719576 0
29 ec.gp.GPIndividual@890050669{1059970183} 0.0 72940.0 8387.0 0.12102062716108263 5 20 21.0 0.0 0.12102062716108263 0
29 ec.gp.GPIndividual@890050669{1059970183} 0.0 73602.0 14578.0 0.44889559610371793 5 20 21.0 0.0 0.44889559610371793 0
29 ec.gp.GPIndividual@57880047{-1771737153} 0.0 52611.0 10054.0 0.11487964989059081 5 42 21.0 0.0 0.11487964989059081 0
29 ec.gp.GPIndividual@890050669{1059970183} 0.0 72940.0 10861.0 0.3212411380167572 5 20 21.0 0.0 0.3212411380167572 0
29 ec.gp.GPIndividual@1633438146{1069478797} 0.0 56744.0 8317.0 0.09005651076109174 5 40 21.0 0.0 0.09005651076109174 0
29 ec.gp.GPIndividual@890050669{1059970183} 0.0 72940.0 8160.0 0.0965686274509804 5 20 21.0 0.0 0.0965686274509804 0
29 ec.gp.GPIndividual@890050669{1059970183} 0.0 72953.0 12802.0 0.42313700984221214 5 20 21.0 0.0 0.42313700984221214 0
29 ec.gp.GPIndividual@890050669{1059970183} 0.0 72940.0 10087.0 0.2691583225934371 5 20 21.0 0.0 0.2691583225934371 0
29 ec.gp.GPIndividual@890050669{1059970183} 0.0 72940.0 8317.0 0.11362270049296622 5 20 21.0 0.0 0.11362270049296622 0
29 ec.gp.GPIndividual@1728195883{-2002892725} 0.0 53893.0 10861.0 0.06260933615689163 5 35 21.0 0.0 0.06260933615689163 0
29 ec.gp.GPIndividual@57880047{-1771737153} 0.0 52699.0 8387.0 0.07153928699177298 5 42 21.0 0.0 0.07153928699177298 0
29 ec.gp.GPIndividual@522677391{-577898800} 0.0 53077.0 10054.0 0.06852993833300179 5 32 21.0 0.0 0.06852993833300179 0
29 ec.gp.GPIndividual@1728195883{-2002892725} 0.0 52284.0 8160.0 0.050490196078431374 5 35 21.0 0.0 0.050490196078431374 0
29 ec.gp.GPIndividual@57880047{-1771737153} 0.0 54551.0 14578.0 0.2564823706955687 5 42 21.0 0.0 0.2564823706955687 0
29 ec.gp.GPIndividual@522677391{-577898800} 0.0 52284.0 8387.0 0.022057946822463335 5 32 21.0 0.0 0.022057946822463335 0
29 ec.gp.GPIndividual@57880047{-1771737153} 0.0 52638.0 10861.0 0.17816039038762546 5 42 21.0 0.0 0.17816039038762546 0
29 ec.gp.GPIndividual@1728195883{-2002892725} 0.0 54342.0 12802.0 0.16966099047023903 5 35 21.0 0.0 0.16966099047023903 0
29 ec.gp.GPIndividual@522677391{-577898800} 0.0 29 ec.gp.GPIndividual@57880047{-1771737153} 0.0 53586.0 8160.0 0.32267800795719576 5 32 21.0 0.0 0.32267800795719576 0
52699.0 8160.0 0.10134803921568628 5 42 21.0 0.0 0.10134803921568628 0
29 ec.gp.GPIndividual@1728195883{-2002892725} 0.0 53077.0 10087.0 0.07157727768414791 5 35 21.0 0.0 0.07157727768414791 0
29 ec.gp.GPIndividual@57880047{-1771737153} 0.0 53499.0 12802.0 0.235510076550539 5 42 21.0 0.0 0.235510076550539 0
29 ec.gp.GPIndividual@522677391{-577898800} 0.0 53893.0 10861.0 0.06260933615689163 5 32 21.0 0.0 0.06260933615689163 0
29 ec.gp.GPIndividual@1728195883{-2002892725} 0.0 52284.0 8317.0 0.03066009378381628 5 35 21.0 0.0 0.03066009378381628 0
29 ec.gp.GPIndividual@57880047{-1771737153} 0.0 52638.0 10087.0 0.11509864181619907 5 42 21.0 0.0 0.11509864181619907 0
29 ec.gp.GPIndividual@522677391{-577898800} 0.0 52284.0 8160.0 0.050490196078431374 5 32 21.0 0.0 0.050490196078431374 0
29 ec.gp.GPIndividual@1738953446{996719964} 0.0 47994.0 10054.0 0.030634573304157548 5 42 21.0 0.0 0.030634573304157548 0
29 ec.gp.GPIndividual@57880047{-1771737153} 0.0 52699.0 8317.0 0.08055789347120355 5 42 21.0 0.0 0.08055789347120355 0
29 ec.gp.GPIndividual@522677391{-577898800} 0.0 54342.0 12802.0 0.16966099047023903 5 32 21.0 0.0 0.16966099047023903 0
29 ec.gp.GPIndividual@2077350720{-225138997} 0.0 52243.0 10054.0 0.1514819972150388 5 45 21.0 0.0 0.1514819972150388 0
29 ec.gp.GPIndividual@1738953446{996719964} 0.0 48198.0 8387.0 0.1863598426135686 5 42 21.0 0.0 0.1863598426135686 0
29 ec.gp.GPIndividual@2077350720{-225138997} 0.0 52187.0 8387.0 0.01049242875879337 5 45 21.0 0.0 0.01049242875879337 0
29 ec.gp.GPIndividual@522677391{-577898800} 0.0 53077.0 10087.0 0.07157727768414791 5 32 21.0 0.0 0.07157727768414791 0
29 ec.gp.GPIndividual@1738953446{996719964} 0.0 49216.0 14578.0 0.2476334202222527 5 42 21.0 0.0 0.2476334202222527 0
29 ec.gp.GPIndividual@2077350720{-225138997} 0.0 54274.0 14578.0 0.275483605432844 5 45 21.0 0.0 0.275483605432844 0
29 ec.gp.GPIndividual@522677391{-577898800} 0.0 52284.0 8317.0 0.03066009378381628 5 32 21.0 0.0 0.03066009378381628 0
29 ec.gp.GPIndividual@2077350720{-225138997} 0.0 52243.0 10861.0 0.21452904889052574 5 45 21.0 0.0 0.21452904889052574 0
29 ec.gp.GPIndividual@1738953446{996719964} 0.0 47994.0 10861.0 0.1026608967866679 5 42 21.0 0.0 0.1026608967866679 0
29 ec.gp.GPIndividual@2077350720{-225138997} 0.0 52187.0 8160.0 0.03860294117647059 5 45 21.0 0.0 0.03860294117647059 0
29 ec.gp.GPIndividual@1738953446{996719964} 0.0 48198.0 8160.0 0.2193627450980392 5 42 21.0 0.0 0.2193627450980392 0
29 ec.gp.GPIndividual@2077350720{-225138997} 0.0 54386.0 12802.0 0.1662240274957038 5 45 21.0 0.0 0.1662240274957038 0
29 ec.gp.GPIndividual@2077350720{-225138997} 0.0 52243.0 10087.0 0.15425795578467333 5 45 21.0 0.0 0.15425795578467333 0
29 ec.gp.GPIndividual@1738953446{996719964} 0.0 48766.0 12802.0 0.1784096234963287 5 42 21.0 0.0 0.1784096234963287 0
29 ec.gp.GPIndividual@2077350720{-225138997} 0.0 52187.0 8317.0 0.01899723457977636 5 45 21.0 0.0 0.01899723457977636 0
29 ec.gp.GPIndividual@814417224{-1852321592} 0.0 99798.0 10054.0 0.8561766461110006 2 3 21.0 0.0 0.8561766461110006 0
29 ec.gp.GPIndividual@814417224{-1852321592} 0.0 99798.0 8387.0 0.8275903183498271 2 3 21.0 0.0 0.8275903183498271 0
29 ec.gp.GPIndividual@814417224{-1852321592} 0.0 99972.0 14578.0 0.8888736452188228 2 3 21.0 0.0 0.8888736452188228 0
29 ec.gp.GPIndividual@814417224{-1852321592} 0.0 99798.0 10861.0 0.8668630881134334 2 3 21.0 0.0 0.8668630881134334 0
29 ec.gp.GPIndividual@814417224{-1852321592} 0.0 99798.0 8160.0 0.8227941176470588 2 3 21.0 0.0 0.8227941176470588 0
29 ec.gp.GPIndividual@814417224{-1852321592} 0.0 99798.0 12802.0 0.8870488986095922 2 3 21.0 0.0 0.8870488986095922 0
29 ec.gp.GPIndividual@814417224{-1852321592} 0.0 99798.0 10087.0 0.8566471696242689 2 3 21.0 0.0 0.8566471696242689 0
29 ec.gp.GPIndividual@814417224{-1852321592} 0.0 99798.0 8317.0 0.8261392328964771 2 3 21.0 0.0 0.8261392328964771 0
29 ec.gp.GPIndividual@1738953446{996719964} 0.0 47994.0 10087.0 0.03380588876772083 5 42 21.0 0.0 0.03380588876772083 0
29 ec.gp.GPIndividual@1738953446{996719964} 0.0 48198.0 8317.0 0.19634483587832152 5 42 21.0 0.0 0.19634483587832152 0
29 ec.gp.GPIndividual@1848913834{-1891668017} 0.0 52393.0 10054.0 0.1365625621643127 5 39 21.0 0.0 0.1365625621643127 0
29 ec.gp.GPIndividual@1848913834{-1891668017} 0.0 51794.0 8387.0 0.036365804220817935 5 39 21.0 0.0 0.036365804220817935 0
29 ec.gp.GPIndividual@1848913834{-1891668017} 0.0 53146.0 14578.0 0.35286047468788584 5 39 21.0 0.0 0.35286047468788584 0
29 ec.gp.GPIndividual@1848913834{-1891668017} 0.0 52393.0 10861.0 0.20071816591474081 5 39 21.0 0.0 0.20071816591474081 0
29 ec.gp.GPIndividual@1848913834{-1891668017} 0.0 51701.0 8160.0 0.020955882352941175 5 39 21.0 0.0 0.020955882352941175 0
29 ec.gp.GPIndividual@1848913834{-1891668017} 0.0 53482.0 12802.0 0.2368379940634276 5 39 21.0 0.0 0.2368379940634276 0
29 ec.gp.GPIndividual@1848913834{-1891668017} 0.0 52393.0 10087.0 0.13938733022702487 5 39 21.0 0.0 0.13938733022702487 0
29 ec.gp.GPIndividual@1848913834{-1891668017} 0.0 51701.0 8317.0 0.03943729710232055 5 39 21.0 0.0 0.03943729710232055 0
807