Generation,Individual,Instance,BaselineTime,BudgetPercentage,BudgetCalculated,TotalCalls,TotalTimeUsed,BudgetUtilization,AvgTimePerCall,MaxTimePerCall,MinTimePerCall
0,ec.gp.GPIndividual@1030454101{-1556466215},3C_20_50-02.txt,61.404,0.100,6.140,0,0.000,0.00,0.000,0.000,0.000
0,ec.gp.GPIndividual@1030454101{-1556466215},3C_20_50-02.txt,61.404,0.100,6.140,0,0.000,0.00,0.000,0.000,0.000
0,ec.gp.GPIndividual@928734962{-1339321555},3C_20_50-02.txt,61.404,0.100,6.140,0,0.000,0.00,0.000,0.000,0.000
0,ec.gp.GPIndividual@928734962{-1339321555},3C_20_50-03.txt,30.993,0.100,3.099,0,0.000,0.00,0.000,0.000,0.000
0,ec.gp.GPIndividual@928734962{-1339321555},3C_20_50-03.txt,30.993,0.100,3.099,0,0.000,0.00,0.000,0.000,0.000
0,ec.gp.GPIndividual@928734962{-1339321555},3C_20_50-03.txt,30.993,0.100,3.099,0,0.000,0.00,0.000,0.000,0.000
0,ec.gp.GPIndividual@928734962{-1339321555},3C_20_50-03.txt,30.993,0.100,3.099,0,0.000,0.00,0.000,0.000,0.000
0,ec.gp.GPIndividual@928734962{-1339321555},3C_20_50-03.txt,30.993,0.100,3.099,0,0.000,0.00,0.000,0.000,0.000
0,ec.gp.GPIndividual@928734962{-1339321555},3C_20_50-03.txt,30.993,0.100,3.099,0,0.000,0.00,0.000,0.000,0.000
0,ec.gp.GPIndividual@928734962{-1339321555},3C_20_66-01.txt,7.322,0.100,0.732,0,0.000,0.00,0.000,0.000,0.000
0,ec.gp.GPIndividual@928734962{-1339321555},3C_20_66-01.txt,7.322,0.100,0.732,0,0.000,0.00,0.000,0.000,0.000
0,ec.gp.GPIndividual@928734962{-1339321555},3C_20_66-01.txt,7.322,0.100,0.732,0,0.000,0.00,0.000,0.000,0.000
0,ec.gp.GPIndividual@928734962{-1339321555},3C_20_66-02.txt,154.245,0.100,15.424,0,0.000,0.00,0.000,0.000,0.000
0,ec.gp.GPIndividual@928734962{-1339321555},3C_20_66-02.txt,154.245,0.100,15.424,0,0.000,0.00,0.000,0.000,0.000
0,ec.gp.GPIndividual@928734962{-1339321555},3C_20_66-02.txt,154.245,0.100,15.424,0,0.000,0.00,0.000,0.000,0.000
0,ec.gp.GPIndividual@928734962{-1339321555},3C_20_66-02.txt,154.245,0.100,15.424,0,0.000,0.00,0.000,0.000,0.000
0,ec.gp.GPIndividual@928734962{-1339321555},3C_20_66-03.txt,118.340,0.100,11.834,0,0.000,0.00,0.000,0.000,0.000
0,ec.gp.GPIndividual@928734962{-1339321555},3C_20_66-03.txt,118.340,0.100,11.834,0,0.000,0.00,0.000,0.000,0.000
0,ec.gp.GPIndividual@928734962{-1339321555},3C_20_66-03.txt,118.340,0.100,11.834,0,0.000,0.00,0.000,0.000,0.000
0,ec.gp.GPIndividual@928734962{-1339321555},3C_20_66-03.txt,118.340,0.100,11.834,0,0.000,0.00,0.000,0.000,0.000
0,ec.gp.GPIndividual@928734962{-1339321555},3C_20_66-03.txt,118.340,0.100,11.834,0,0.000,0.00,0.000,0.000,0.000
0,ec.gp.GPIndividual@928734962{-1339321555},3C_20_66-03.txt,118.340,0.100,11.834,0,0.000,0.00,0.000,0.000,0.000
0,ec.gp.GPIndividual@928734962{-1339321555},3C_20_66-03.txt,118.340,0.100,11.834,0,0.000,0.00,0.000,0.000,0.000
0,ec.gp.GPIndividual@928734962{-1339321555},3C_20_66-03.txt,118.340,0.100,11.834,0,0.000,0.00,0.000,0.000,0.000
0,ec.gp.GPIndividual@928734962{-1339321555},3C_20_66-03.txt,118.340,0.100,11.834,0,0.000,0.00,0.000,0.000,0.000
0,ec.gp.GPIndividual@928734962{-1339321555},3C_20_66-03.txt,118.340,0.100,11.834,0,0.000,0.00,0.000,0.000,0.000
0,ec.gp.GPIndividual@928734962{-1339321555},3C_20_80-02.txt,35.738,0.100,3.574,0,0.000,0.00,0.000,0.000,0.000
0,ec.gp.GPIndividual@928734962{-1339321555},3C_20_80-02.txt,35.738,0.100,3.574,0,0.000,0.00,0.000,0.000,0.000
0,ec.gp.GPIndividual@928734962{-1339321555},3C_20_80-02.txt,35.738,0.100,3.574,0,0.000,0.00,0.000,0.000,0.000
0,ec.gp.GPIndividual@928734962{-1339321555},3C_20_80-02.txt,35.738,0.100,3.574,0,0.000,0.00,0.000,0.000,0.000
0,ec.gp.GPIndividual@928734962{-1339321555},3C_20_80-02.txt,35.738,0.100,3.574,0,0.000,0.00,0.000,0.000,0.000
0,ec.gp.GPIndividual@928734962{-1339321555},3C_20_80-03.txt,169.439,0.100,16.944,0,0.000,0.00,0.000,0.000,0.000
0,ec.gp.GPIndividual@928734962{-1339321555},3C_20_80-03.txt,169.439,0.100,16.944,0,0.000,0.00,0.000,0.000,0.000
0,ec.gp.GPIndividual@928734962{-1339321555},3C_20_80-03.txt,169.439,0.100,16.944,0,0.000,0.00,0.000,0.000,0.000
0,ec.gp.GPIndividual@928734962{-1339321555},3C_20_80-02.txt,35.738,0.100,3.574,0,0.000,0.00,0.000,0.000,0.000
0,ec.gp.GPIndividual@928734962{-1339321555},3C_20_80-02.txt,35.738,0.100,3.574,0,0.000,0.00,0.000,0.000,0.000
0,ec.gp.GPIndividual@928734962{-1339321555},3C_20_80-02.txt,35.738,0.100,3.574,0,0.000,0.00,0.000,0.000,0.000
0,ec.gp.GPIndividual@928734962{-1339321555},3C_20_80-02.txt,35.738,0.100,3.574,0,0.000,0.00,0.000,0.000,0.000
0,ec.gp.GPIndividual@966567529{-1801149598},null,0.000,0.100,0.000,0,0.000,0.00,0.000,0.000,0.000
0,ec.gp.GPIndividual@866943624{1086308428},null,0.000,0.100,0.000,0,0.000,0.00,0.000,0.000,0.000
0,ec.gp.GPIndividual@866943624{1086308428},3C_20_50-03.txt,30.993,0.100,3.099,0,0.000,0.00,0.000,0.000,0.000
0,ec.gp.GPIndividual@1540080791{-1975095730},3C_20_50-02.txt,61.404,0.100,6.140,1,0.000,0.00,0.000,0.000,0.000
0,ec.gp.GPIndividual@1540080791{-1975095730},3C_20_50-03.txt,30.993,0.100,3.099,0,0.000,0.00,0.000,0.000,0.000
0,ec.gp.GPIndividual@1540080791{-1975095730},3C_20_50-03.txt,30.993,0.100,3.099,0,0.000,0.00,0.000,0.000,0.000
0,ec.gp.GPIndividual@1540080791{-1975095730},3C_20_50-03.txt,30.993,0.100,3.099,0,0.000,0.00,0.000,0.000,0.000
0,ec.gp.GPIndividual@1540080791{-1975095730},3C_20_66-01.txt,7.322,0.100,0.732,0,0.000,0.00,0.000,0.000,0.000
0,ec.gp.GPIndividual@1540080791{-1975095730},3C_20_66-01.txt,7.322,0.100,0.732,0,0.000,0.00,0.000,0.000,0.000
0,ec.gp.GPIndividual@1540080791{-1975095730},3C_20_66-01.txt,7.322,0.100,0.732,0,0.000,0.00,0.000,0.000,0.000
0,ec.gp.GPIndividual@1540080791{-1975095730},3C_20_66-01.txt,7.322,0.100,0.732,0,0.000,0.00,0.000,0.000,0.000
0,ec.gp.GPIndividual@1540080791{-1975095730},3C_20_66-02.txt,154.245,0.100,15.424,0,0.000,0.00,0.000,0.000,0.000
0,ec.gp.GPIndividual@1540080791{-1975095730},3C_20_66-03.txt,118.340,0.100,11.834,1,0.000,0.00,0.000,0.000,0.000
0,ec.gp.GPIndividual@1540080791{-1975095730},3C_20_80-01.txt,4.194,0.100,0.419,0,0.000,0.00,0.000,0.000,0.000
0,ec.gp.GPIndividual@1540080791{-1975095730},3C_20_66-01.txt,7.322,0.100,0.732,1,0.000,0.00,0.000,0.000,0.000
0,ec.gp.GPIndividual@1540080791{-1975095730},3C_20_66-02.txt,154.245,0.100,15.424,0,0.000,0.00,0.000,0.000,0.000
0,ec.gp.GPIndividual@1540080791{-1975095730},3C_20_66-02.txt,154.245,0.100,15.424,0,0.000,0.00,0.000,0.000,0.000
0,ec.gp.GPIndividual@1540080791{-1975095730},3C_20_80-02.txt,35.738,0.100,3.574,1,0.000,0.00,0.000,0.000,0.000
0,ec.gp.GPIndividual@1540080791{-1975095730},3C_20_80-01.txt,4.194,0.100,0.419,0,0.000,0.00,0.000,0.000,0.000
0,ec.gp.GPIndividual@1540080791{-1975095730},3C_20_66-03.txt,118.340,0.100,11.834,0,0.000,0.00,0.000,0.000,0.000
0,ec.gp.GPIndividual@1540080791{-1975095730},3C_20_66-03.txt,118.340,0.100,11.834,1,0.000,0.00,0.000,0.000,0.000
0,ec.gp.GPIndividual@1540080791{-1975095730},3C_20_80-03.txt,169.439,0.100,16.944,0,0.000,0.00,0.000,0.000,0.000
0,ec.gp.GPIndividual@1540080791{-1975095730},3C_20_80-01.txt,4.194,0.100,0.419,2,0.000,0.00,0.000,0.000,0.000
0,ec.gp.GPIndividual@1540080791{-1975095730},3C_20_80-01.txt,4.194,0.100,0.419,2,0.000,0.00,0.000,0.000,0.000
0,ec.gp.GPIndividual@1540080791{-1975095730},3C_20_80-01.txt,4.194,0.100,0.419,2,0.000,0.00,0.000,0.000,0.000
0,ec.gp.GPIndividual@1540080791{-1975095730},3C_20_80-02.txt,35.738,0.100,3.574,1,0.000,0.00,0.000,0.000,0.000
0,ec.gp.GPIndividual@1540080791{-1975095730},3C_20_80-02.txt,35.738,0.100,3.574,1,0.000,0.00,0.000,0.000,0.000
0,ec.gp.GPIndividual@1540080791{-1975095730},3C_20_80-02.txt,35.738,0.100,3.574,0,0.000,0.00,0.000,0.000,0.000
0,ec.gp.GPIndividual@1609849654{179487682},3C_20_50-02.txt,61.404,0.100,6.140,0,0.000,0.00,0.000,0.000,0.000
0,ec.gp.GPIndividual@1609849654{179487682},3C_20_50-03.txt,30.993,0.100,3.099,0,0.000,0.00,0.000,0.000,0.000
0,ec.gp.GPIndividual@932384805{702831659},3C_20_80-02.txt,35.738,0.100,3.574,1,0.000,0.00,0.000,0.000,0.000
0,ec.gp.GPIndividual@932384805{702831659},3C_20_50-02.txt,61.404,0.100,6.140,0,0.000,0.00,0.000,0.000,0.000
0,ec.gp.GPIndividual@932384805{702831659},3C_20_50-03.txt,30.993,0.100,3.099,0,0.000,0.00,0.000,0.000,0.000
0,ec.gp.GPIndividual@932384805{702831659},3C_20_66-02.txt,154.245,0.100,15.424,0,0.000,0.00,0.000,0.000,0.000
0,ec.gp.GPIndividual@932384805{702831659},3C_20_80-03.txt,169.439,0.100,16.944,1,0.000,0.00,0.000,0.000,0.000
0,ec.gp.GPIndividual@932384805{702831659},3C_20_66-01.txt,7.322,0.100,0.732,0,0.000,0.00,0.000,0.000,0.000
0,ec.gp.GPIndividual@715318137{1894840091},null,0.000,0.100,0.000,0,0.000,0.00,0.000,0.000,0.000
0,ec.gp.GPIndividual@715318137{1894840091},3C_20_66-03.txt,118.340,0.100,11.834,1,0.000,0.00,0.000,0.000,0.000
0,ec.gp.GPIndividual@715318137{1894840091},3C_20_66-02.txt,154.245,0.100,15.424,0,0.000,0.00,0.000,0.000,0.000
0,ec.gp.GPIndividual@715318137{1894840091},3C_20_80-01.txt,4.194,0.100,0.419,0,0.000,0.00,0.000,0.000,0.000
0,ec.gp.GPIndividual@715318137{1894840091},3C_20_66-03.txt,118.340,0.100,11.834,0,0.000,0.00,0.000,0.000,0.000
0,ec.gp.GPIndividual@715318137{1894840091},3C_20_80-02.txt,35.738,0.100,3.574,0,0.000,0.00,0.000,0.000,0.000
0,ec.gp.GPIndividual@715318137{1894840091},3C_20_80-01.txt,4.194,0.100,0.419,0,0.000,0.00,0.000,0.000,0.000
0,ec.gp.GPIndividual@715318137{1894840091},3C_20_80-03.txt,169.439,0.100,16.944,0,0.000,0.00,0.000,0.000,0.000
0,ec.gp.GPIndividual@715318137{1894840091},3C_20_80-02.txt,35.738,0.100,3.574,0,0.000,0.00,0.000,0.000,0.000
0,ec.gp.GPIndividual@2023861330{1012889545},3C_20_50-02.txt,61.404,0.100,6.140,0,0.000,0.00,0.000,0.000,0.000
0,ec.gp.GPIndividual@452382380{2069724372},3C_20_50-02.txt,61.404,0.100,6.140,0,0.000,0.00,0.000,0.000,0.000
0,ec.gp.GPIndividual@452382380{2069724372},3C_20_50-03.txt,30.993,0.100,3.099,0,0.000,0.00,0.000,0.000,0.000
0,ec.gp.GPIndividual@452382380{2069724372},3C_20_66-01.txt,7.322,0.100,0.732,0,0.000,0.00,0.000,0.000,0.000
0,ec.gp.GPIndividual@452382380{2069724372},3C_20_66-02.txt,154.245,0.100,15.424,0,0.000,0.00,0.000,0.000,0.000
0,ec.gp.GPIndividual@452382380{2069724372},3C_20_66-03.txt,118.340,0.100,11.834,0,0.000,0.00,0.000,0.000,0.000
0,ec.gp.GPIndividual@452382380{2069724372},3C_20_80-01.txt,4.194,0.100,0.419,0,0.000,0.00,0.000,0.000,0.000
0,ec.gp.GPIndividual@452382380{2069724372},3C_20_80-02.txt,35.738,0.100,3.574,0,0.000,0.00,0.000,0.000,0.000
0,ec.gp.GPIndividual@452382380{2069724372},3C_20_80-03.txt,169.439,0.100,16.944,0,0.000,0.00,0.000,0.000,0.000
0,ec.gp.GPIndividual@776754100{2139767528},3C_20_50-02.txt,61.404,0.100,6.140,0,0.000,0.00,0.000,0.000,0.000
0,ec.gp.GPIndividual@776754100{2139767528},3C_20_50-03.txt,30.993,0.100,3.099,0,0.000,0.00,0.000,0.000,0.000
0,ec.gp.GPIndividual@776754100{2139767528},3C_20_66-01.txt,7.322,0.100,0.732,0,0.000,0.00,0.000,0.000,0.000
0,ec.gp.GPIndividual@776754100{2139767528},3C_20_66-02.txt,154.245,0.100,15.424,0,0.000,0.00,0.000,0.000,0.000
0,ec.gp.GPIndividual@776754100{2139767528},3C_20_66-03.txt,118.340,0.100,11.834,0,0.000,0.00,0.000,0.000,0.000
0,ec.gp.GPIndividual@776754100{2139767528},3C_20_80-01.txt,4.194,0.100,0.419,0,0.000,0.00,0.000,0.000,0.000
0,ec.gp.GPIndividual@776754100{2139767528},3C_20_80-02.txt,35.738,0.100,3.574,0,0.000,0.00,0.000,0.000,0.000
0,ec.gp.GPIndividual@776754100{2139767528},3C_20_50-03.txt,30.993,0.100,3.099,0,0.000,0.00,0.000,0.000,0.000
0,ec.gp.GPIndividual@776754100{2139767528},3C_20_80-03.txt,169.439,0.100,16.944,0,0.000,0.00,0.000,0.000,0.000
0,ec.gp.GPIndividual@723965334{271532587},3C_20_50-02.txt,61.404,0.100,6.140,0,0.000,0.00,0.000,0.000,0.000
0,ec.gp.GPIndividual@723965334{271532587},3C_20_50-03.txt,30.993,0.100,3.099,0,0.000,0.00,0.000,0.000,0.000
0,ec.gp.GPIndividual@723965334{271532587},3C_20_66-01.txt,7.322,0.100,0.732,0,0.000,0.00,0.000,0.000,0.000
0,ec.gp.GPIndividual@723965334{271532587},3C_20_66-02.txt,154.245,0.100,15.424,0,0.000,0.00,0.000,0.000,0.000
0,ec.gp.GPIndividual@723965334{271532587},3C_20_66-03.txt,118.340,0.100,11.834,0,0.000,0.00,0.000,0.000,0.000
0,ec.gp.GPIndividual@723965334{271532587},3C_20_80-01.txt,4.194,0.100,0.419,0,0.000,0.00,0.000,0.000,0.000
0,ec.gp.GPIndividual@723965334{271532587},3C_20_80-02.txt,35.738,0.100,3.574,0,0.000,0.00,0.000,0.000,0.000
0,ec.gp.GPIndividual@723965334{271532587},3C_20_80-03.txt,169.439,0.100,16.944,0,0.000,0.00,0.000,0.000,0.000
0,ec.gp.GPIndividual@1450579503{1295570354},3C_20_50-02.txt,61.404,0.100,6.140,1,0.000,0.00,0.000,0.000,0.000
0,ec.gp.GPIndividual@1450579503{1295570354},3C_20_50-03.txt,30.993,0.100,3.099,1,0.000,0.00,0.000,0.000,0.000
0,ec.gp.GPIndividual@1450579503{1295570354},3C_20_66-01.txt,7.322,0.100,0.732,1,0.000,0.00,0.000,0.000,0.000
0,ec.gp.GPIndividual@1450579503{1295570354},3C_20_66-02.txt,154.245,0.100,15.424,1,0.000,0.00,0.000,0.000,0.000
0,ec.gp.GPIndividual@1450579503{1295570354},3C_20_66-03.txt,118.340,0.100,11.834,1,0.000,0.00,0.000,0.000,0.000
0,ec.gp.GPIndividual@1450579503{1295570354},3C_20_80-01.txt,4.194,0.100,0.419,1,0.000,0.00,0.000,0.000,0.000
0,ec.gp.GPIndividual@1450579503{1295570354},3C_20_80-02.txt,35.738,0.100,3.574,1,0.000,0.00,0.000,0.000,0.000
0,ec.gp.GPIndividual@1450579503{1295570354},3C_20_80-03.txt,169.439,0.100,16.944,1,0.000,0.00,0.000,0.000,0.000
0,ec.gp.GPIndividual@2061054435{-352207126},3C_20_50-02.txt,61.404,0.100,6.140,0,0.000,0.00,0.000,0.000,0.000
0,ec.gp.GPIndividual@2061054435{-352207126},3C_20_66-01.txt,7.322,0.100,0.732,0,0.000,0.00,0.000,0.000,0.000
0,ec.gp.GPIndividual@2061054435{-352207126},3C_20_66-02.txt,154.245,0.100,15.424,0,0.000,0.00,0.000,0.000,0.000
0,ec.gp.GPIndividual@2061054435{-352207126},3C_20_50-03.txt,30.993,0.100,3.099,0,0.000,0.00,0.000,0.000,0.000
0,ec.gp.GPIndividual@2061054435{-352207126},3C_20_66-03.txt,118.340,0.100,11.834,0,0.000,0.00,0.000,0.000,0.000
0,ec.gp.GPIndividual@2061054435{-352207126},3C_20_66-01.txt,7.322,0.100,0.732,0,0.000,0.00,0.000,0.000,0.000
0,ec.gp.GPIndividual@2061054435{-352207126},3C_20_80-01.txt,4.194,0.100,0.419,0,0.000,0.00,0.000,0.000,0.000
0,ec.gp.GPIndividual@2061054435{-352207126},3C_20_80-02.txt,35.738,0.100,3.574,0,0.000,0.00,0.000,0.000,0.000
0,ec.gp.GPIndividual@2061054435{-352207126},3C_20_80-03.txt,169.439,0.100,16.944,0,0.000,0.00,0.000,0.000,0.000
0,ec.gp.GPIndividual@2061054435{-352207126},3C_20_66-02.txt,154.245,0.100,15.424,0,0.000,0.00,0.000,0.000,0.000
0,ec.gp.GPIndividual@367055226{659120225},3C_20_50-02.txt,61.404,0.100,6.140,1,0.000,0.00,0.000,0.000,0.000
0,ec.gp.GPIndividual@367055226{659120225},3C_20_50-03.txt,30.993,0.100,3.099,1,0.000,0.00,0.000,0.000,0.000
0,ec.gp.GPIndividual@367055226{659120225},3C_20_66-01.txt,7.322,0.100,0.732,1,0.000,0.00,0.000,0.000,0.000
0,ec.gp.GPIndividual@367055226{659120225},3C_20_66-02.txt,154.245,0.100,15.424,1,0.000,0.00,0.000,0.000,0.000
0,ec.gp.GPIndividual@367055226{659120225},3C_20_66-03.txt,118.340,0.100,11.834,1,0.000,0.00,0.000,0.000,0.000
0,ec.gp.GPIndividual@367055226{659120225},3C_20_80-01.txt,4.194,0.100,0.419,1,0.000,0.00,0.000,0.000,0.000
0,ec.gp.GPIndividual@367055226{659120225},3C_20_80-02.txt,35.738,0.100,3.574,1,0.000,0.00,0.000,0.000,0.000
0,ec.gp.GPIndividual@367055226{659120225},3C_20_80-03.txt,169.439,0.100,16.944,1,0.000,0.00,0.000,0.000,0.000
0,ec.gp.GPIndividual@1226019393{-935087952},3C_20_50-02.txt,61.404,0.100,6.140,0,0.000,0.00,0.000,0.000,0.000
0,ec.gp.GPIndividual@1226019393{-935087952},3C_20_50-03.txt,30.993,0.100,3.099,0,0.000,0.00,0.000,0.000,0.000
0,ec.gp.GPIndividual@1226019393{-935087952},3C_20_66-01.txt,7.322,0.100,0.732,0,0.000,0.00,0.000,0.000,0.000
0,ec.gp.GPIndividual@1226019393{-935087952},3C_20_66-02.txt,154.245,0.100,15.424,0,0.000,0.00,0.000,0.000,0.000
0,ec.gp.GPIndividual@1226019393{-935087952},3C_20_66-03.txt,118.340,0.100,11.834,0,0.000,0.00,0.000,0.000,0.000
0,ec.gp.GPIndividual@1226019393{-935087952},3C_20_80-01.txt,4.194,0.100,0.419,0,0.000,0.00,0.000,0.000,0.000
0,ec.gp.GPIndividual@1226019393{-935087952},3C_20_80-02.txt,35.738,0.100,3.574,0,0.000,0.00,0.000,0.000,0.000
0,ec.gp.GPIndividual@1226019393{-935087952},3C_20_80-03.txt,169.439,0.100,16.944,0,0.000,0.00,0.000,0.000,0.000
0,ec.gp.GPIndividual@1840820676{-254703204},3C_20_50-02.txt,61.404,0.100,6.140,0,0.000,0.00,0.000,0.000,0.000
0,ec.gp.GPIndividual@1840820676{-254703204},3C_20_66-03.txt,118.340,0.100,11.834,0,0.000,0.00,0.000,0.000,0.000
0,ec.gp.GPIndividual@1840820676{-254703204},3C_20_80-01.txt,4.194,0.100,0.419,0,0.000,0.00,0.000,0.000,0.000
0,ec.gp.GPIndividual@1840820676{-254703204},3C_20_80-02.txt,35.738,0.100,3.574,0,0.000,0.00,0.000,0.000,0.000
0,ec.gp.GPIndividual@1840820676{-254703204},3C_20_80-03.txt,169.439,0.100,16.944,0,0.000,0.00,0.000,0.000,0.000
0,ec.gp.GPIndividual@918822143{-97893578},3C_20_50-02.txt,61.404,0.100,6.140,0,0.000,0.00,0.000,0.000,0.000
0,ec.gp.GPIndividual@918822143{-97893578},3C_20_50-03.txt,30.993,0.100,3.099,0,0.000,0.00,0.000,0.000,0.000
0,ec.gp.GPIndividual@918822143{-97893578},3C_20_66-01.txt,7.322,0.100,0.732,0,0.000,0.00,0.000,0.000,0.000
0,ec.gp.GPIndividual@918822143{-97893578},3C_20_66-02.txt,154.245,0.100,15.424,0,0.000,0.00,0.000,0.000,0.000
0,ec.gp.GPIndividual@918822143{-97893578},3C_20_66-03.txt,118.340,0.100,11.834,0,0.000,0.00,0.000,0.000,0.000
0,ec.gp.GPIndividual@918822143{-97893578},3C_20_80-01.txt,4.194,0.100,0.419,0,0.000,0.00,0.000,0.000,0.000
0,ec.gp.GPIndividual@918822143{-97893578},3C_20_80-02.txt,35.738,0.100,3.574,0,0.000,0.00,0.000,0.000,0.000
0,ec.gp.GPIndividual@918822143{-97893578},3C_20_80-03.txt,169.439,0.100,16.944,0,0.000,0.00,0.000,0.000,0.000
0,ec.gp.GPIndividual@1872783433{-180586139},3C_20_50-02.txt,61.404,0.100,6.140,0,0.000,0.00,0.000,0.000,0.000
0,ec.gp.GPIndividual@1872783433{-180586139},3C_20_50-03.txt,30.993,0.100,3.099,0,0.000,0.00,0.000,0.000,0.000
0,ec.gp.GPIndividual@1872783433{-180586139},3C_20_66-01.txt,7.322,0.100,0.732,0,0.000,0.00,0.000,0.000,0.000
0,ec.gp.GPIndividual@1872783433{-180586139},3C_20_66-02.txt,154.245,0.100,15.424,0,0.000,0.00,0.000,0.000,0.000
0,ec.gp.GPIndividual@1872783433{-180586139},3C_20_66-03.txt,118.340,0.100,11.834,0,0.000,0.00,0.000,0.000,0.000
0,ec.gp.GPIndividual@1872783433{-180586139},3C_20_80-01.txt,4.194,0.100,0.419,0,0.000,0.00,0.000,0.000,0.000
0,ec.gp.GPIndividual@1872783433{-180586139},3C_20_80-02.txt,35.738,0.100,3.574,0,0.000,0.00,0.000,0.000,0.000
0,ec.gp.GPIndividual@1872783433{-180586139},3C_20_80-03.txt,169.439,0.100,16.944,0,0.000,0.00,0.000,0.000,0.000
0,ec.gp.GPIndividual@466534260{1801589874},3C_20_50-02.txt,61.404,0.100,6.140,0,0.000,0.00,0.000,0.000,0.000
0,ec.gp.GPIndividual@466534260{1801589874},3C_20_50-03.txt,30.993,0.100,3.099,0,0.000,0.00,0.000,0.000,0.000
0,ec.gp.GPIndividual@466534260{1801589874},3C_20_66-01.txt,7.322,0.100,0.732,0,0.000,0.00,0.000,0.000,0.000
0,ec.gp.GPIndividual@466534260{1801589874},3C_20_66-02.txt,154.245,0.100,15.424,0,0.000,0.00,0.000,0.000,0.000
0,ec.gp.GPIndividual@466534260{1801589874},3C_20_66-03.txt,118.340,0.100,11.834,0,0.000,0.00,0.000,0.000,0.000
0,ec.gp.GPIndividual@466534260{1801589874},3C_20_80-01.txt,4.194,0.100,0.419,0,0.000,0.00,0.000,0.000,0.000
0,ec.gp.GPIndividual@466534260{1801589874},3C_20_80-02.txt,35.738,0.100,3.574,0,0.000,0.00,0.000,0.000,0.000
0,ec.gp.GPIndividual@466534260{1801589874},3C_20_80-03.txt,169.439,0.100,16.944,0,0.000,0.00,0.000,0.000,0.000
0,ec.gp.GPIndividual@1585823885{753425794},3C_20_50-02.txt,61.404,0.100,6.140,0,0.000,0.00,0.000,0.000,0.000
0,ec.gp.GPIndividual@1585823885{753425794},3C_20_50-03.txt,30.993,0.100,3.099,0,0.000,0.00,0.000,0.000,0.000
0,ec.gp.GPIndividual@1585823885{753425794},3C_20_66-01.txt,7.322,0.100,0.732,0,0.000,0.00,0.000,0.000,0.000
0,ec.gp.GPIndividual@1585823885{753425794},3C_20_66-02.txt,154.245,0.100,15.424,0,0.000,0.00,0.000,0.000,0.000
0,ec.gp.GPIndividual@1585823885{753425794},3C_20_66-03.txt,118.340,0.100,11.834,0,0.000,0.00,0.000,0.000,0.000
0,ec.gp.GPIndividual@1585823885{753425794},3C_20_80-01.txt,4.194,0.100,0.419,0,0.000,0.00,0.000,0.000,0.000
0,ec.gp.GPIndividual@1585823885{753425794},3C_20_80-02.txt,35.738,0.100,3.574,0,0.000,0.00,0.000,0.000,0.000
0,ec.gp.GPIndividual@1585823885{753425794},3C_20_80-03.txt,169.439,0.100,16.944,0,0.000,0.00,0.000,0.000,0.000
0,ec.gp.GPIndividual@1661028623{1183686508},3C_20_50-02.txt,61.404,0.100,6.140,1,5.031,81.94,5.031,5.031,5.031
0,ec.gp.GPIndividual@1922140339{-682547983},3C_20_50-02.txt,61.404,0.100,6.140,0,0.000,0.00,0.000,0.000,0.000
0,ec.gp.GPIndividual@1922140339{-682547983},3C_20_50-03.txt,30.993,0.100,3.099,0,0.000,0.00,0.000,0.000,0.000
0,ec.gp.GPIndividual@1922140339{-682547983},3C_20_66-01.txt,7.322,0.100,0.732,0,0.000,0.00,0.000,0.000,0.000
0,ec.gp.GPIndividual@1922140339{-682547983},3C_20_66-02.txt,154.245,0.100,15.424,0,0.000,0.00,0.000,0.000,0.000
0,ec.gp.GPIndividual@1922140339{-682547983},3C_20_66-03.txt,118.340,0.100,11.834,0,0.000,0.00,0.000,0.000,0.000
0,ec.gp.GPIndividual@1922140339{-682547983},3C_20_80-01.txt,4.194,0.100,0.419,0,0.000,0.00,0.000,0.000,0.000
0,ec.gp.GPIndividual@1922140339{-682547983},3C_20_80-02.txt,35.738,0.100,3.574,0,0.000,0.00,0.000,0.000,0.000
0,ec.gp.GPIndividual@1922140339{-682547983},3C_20_80-03.txt,169.439,0.100,16.944,0,0.000,0.00,0.000,0.000,0.000
0,ec.gp.GPIndividual@340194407{664513076},3C_20_50-02.txt,61.404,0.100,6.140,0,0.000,0.00,0.000,0.000,0.000
0,ec.gp.GPIndividual@340194407{664513076},3C_20_50-03.txt,30.993,0.100,3.099,0,0.000,0.00,0.000,0.000,0.000
0,ec.gp.GPIndividual@340194407{664513076},3C_20_66-01.txt,7.322,0.100,0.732,0,0.000,0.00,0.000,0.000,0.000
0,ec.gp.GPIndividual@340194407{664513076},3C_20_66-02.txt,154.245,0.100,15.424,0,0.000,0.00,0.000,0.000,0.000
0,ec.gp.GPIndividual@340194407{664513076},3C_20_66-03.txt,118.340,0.100,11.834,0,0.000,0.00,0.000,0.000,0.000
0,ec.gp.GPIndividual@340194407{664513076},3C_20_80-01.txt,4.194,0.100,0.419,0,0.000,0.00,0.000,0.000,0.000
0,ec.gp.GPIndividual@340194407{664513076},3C_20_80-02.txt,35.738,0.100,3.574,0,0.000,0.00,0.000,0.000,0.000
0,ec.gp.GPIndividual@340194407{664513076},3C_20_80-03.txt,169.439,0.100,16.944,0,0.000,0.00,0.000,0.000,0.000
0,ec.gp.GPIndividual@1126800549{1074910472},3C_20_50-02.txt,61.404,0.100,6.140,0,0.000,0.00,0.000,0.000,0.000
0,ec.gp.GPIndividual@1126800549{1074910472},3C_20_50-03.txt,30.993,0.100,3.099,0,0.000,0.00,0.000,0.000,0.000
0,ec.gp.GPIndividual@1126800549{1074910472},3C_20_66-01.txt,7.322,0.100,0.732,0,0.000,0.00,0.000,0.000,0.000
0,ec.gp.GPIndividual@1126800549{1074910472},3C_20_66-02.txt,154.245,0.100,15.424,0,0.000,0.00,0.000,0.000,0.000
0,ec.gp.GPIndividual@1126800549{1074910472},3C_20_66-03.txt,118.340,0.100,11.834,0,0.000,0.00,0.000,0.000,0.000
0,ec.gp.GPIndividual@1126800549{1074910472},3C_20_80-01.txt,4.194,0.100,0.419,0,0.000,0.00,0.000,0.000,0.000
0,ec.gp.GPIndividual@1126800549{1074910472},3C_20_80-02.txt,35.738,0.100,3.574,0,0.000,0.00,0.000,0.000,0.000
0,ec.gp.GPIndividual@1126800549{1074910472},3C_20_80-03.txt,169.439,0.100,16.944,0,0.000,0.00,0.000,0.000,0.000
0,ec.gp.GPIndividual@1813298909{-1772185409},3C_20_50-02.txt,61.404,0.100,6.140,0,0.000,0.00,0.000,0.000,0.000
0,ec.gp.GPIndividual@1813298909{-1772185409},3C_20_50-03.txt,30.993,0.100,3.099,0,0.000,0.00,0.000,0.000,0.000
0,ec.gp.GPIndividual@1813298909{-1772185409},3C_20_66-01.txt,7.322,0.100,0.732,0,0.000,0.00,0.000,0.000,0.000
0,ec.gp.GPIndividual@1813298909{-1772185409},3C_20_66-02.txt,154.245,0.100,15.424,0,0.000,0.00,0.000,0.000,0.000
0,ec.gp.GPIndividual@1813298909{-1772185409},3C_20_66-03.txt,118.340,0.100,11.834,0,0.000,0.00,0.000,0.000,0.000
0,ec.gp.GPIndividual@1813298909{-1772185409},3C_20_80-01.txt,4.194,0.100,0.419,0,0.000,0.00,0.000,0.000,0.000
0,ec.gp.GPIndividual@1813298909{-1772185409},3C_20_80-02.txt,35.738,0.100,3.574,0,0.000,0.00,0.000,0.000,0.000
0,ec.gp.GPIndividual@1813298909{-1772185409},3C_20_80-03.txt,169.439,0.100,16.944,0,0.000,0.00,0.000,0.000,0.000
0,ec.gp.GPIndividual@314472444{-1506697643},3C_20_50-02.txt,61.404,0.100,6.140,1,4.859,79.14,4.859,4.859,4.859
0,ec.gp.GPIndividual@411980573{1045231374},3C_20_50-02.txt,61.404,0.100,6.140,0,0.000,0.00,0.000,0.000,0.000
0,ec.gp.GPIndividual@411980573{1045231374},3C_20_50-03.txt,30.993,0.100,3.099,0,0.000,0.00,0.000,0.000,0.000
0,ec.gp.GPIndividual@411980573{1045231374},3C_20_66-01.txt,7.322,0.100,0.732,0,0.000,0.00,0.000,0.000,0.000
0,ec.gp.GPIndividual@411980573{1045231374},3C_20_66-02.txt,154.245,0.100,15.424,0,0.000,0.00,0.000,0.000,0.000
0,ec.gp.GPIndividual@411980573{1045231374},3C_20_66-03.txt,118.340,0.100,11.834,0,0.000,0.00,0.000,0.000,0.000
0,ec.gp.GPIndividual@411980573{1045231374},3C_20_80-01.txt,4.194,0.100,0.419,0,0.000,0.00,0.000,0.000,0.000
0,ec.gp.GPIndividual@411980573{1045231374},3C_20_80-02.txt,35.738,0.100,3.574,0,0.000,0.00,0.000,0.000,0.000
0,ec.gp.GPIndividual@411980573{1045231374},3C_20_80-03.txt,169.439,0.100,16.944,0,0.000,0.00,0.000,0.000,0.000
0,ec.gp.GPIndividual@1674101138{1242437733},3C_20_50-02.txt,61.404,0.100,6.140,0,0.000,0.00,0.000,0.000,0.000
0,ec.gp.GPIndividual@1674101138{1242437733},3C_20_50-03.txt,30.993,0.100,3.099,0,0.000,0.00,0.000,0.000,0.000
0,ec.gp.GPIndividual@1674101138{1242437733},3C_20_66-01.txt,7.322,0.100,0.732,0,0.000,0.00,0.000,0.000,0.000
0,ec.gp.GPIndividual@1674101138{1242437733},3C_20_66-02.txt,154.245,0.100,15.424,0,0.000,0.00,0.000,0.000,0.000
0,ec.gp.GPIndividual@1674101138{1242437733},3C_20_66-03.txt,118.340,0.100,11.834,0,0.000,0.00,0.000,0.000,0.000
0,ec.gp.GPIndividual@1674101138{1242437733},3C_20_80-01.txt,4.194,0.100,0.419,0,0.000,0.00,0.000,0.000,0.000
0,ec.gp.GPIndividual@1674101138{1242437733},3C_20_80-02.txt,35.738,0.100,3.574,0,0.000,0.00,0.000,0.000,0.000
0,ec.gp.GPIndividual@1674101138{1242437733},3C_20_80-03.txt,169.439,0.100,16.944,0,0.000,0.00,0.000,0.000,0.000
0,ec.gp.GPIndividual@650789775{-1622534118},3C_20_50-02.txt,61.404,0.100,6.140,2,0.297,4.83,0.148,0.297,0.000
0,ec.gp.GPIndividual@650789775{-1622534118},3C_20_50-03.txt,30.993,0.100,3.099,1,0.313,10.08,0.313,0.313,0.000
0,ec.gp.GPIndividual@650789775{-1622534118},3C_20_50-03.txt,30.993,0.100,3.099,2,0.859,27.73,0.430,0.859,0.000
0,ec.gp.GPIndividual@650789775{-1622534118},3C_20_50-03.txt,30.993,0.100,3.099,2,2.563,82.68,1.281,1.281,0.000
0,ec.gp.GPIndividual@650789775{-1622534118},3C_20_66-01.txt,7.322,0.100,0.732,2,0.297,40.54,0.148,1.281,0.000
0,ec.gp.GPIndividual@650789775{-1622534118},3C_20_66-02.txt,154.245,0.100,15.424,3,1.359,8.81,0.453,1.359,0.000
0,ec.gp.GPIndividual@650789775{-1622534118},3C_20_66-01.txt,7.322,0.100,0.732,2,0.359,49.08,0.180,1.359,0.000
0,ec.gp.GPIndividual@650789775{-1622534118},3C_20_66-02.txt,154.245,0.100,15.424,1,4.594,29.78,4.594,4.594,0.000
0,ec.gp.GPIndividual@650789775{-1622534118},3C_20_80-01.txt,4.194,0.100,0.419,2,0.313,74.50,0.156,4.594,0.000
0,ec.gp.GPIndividual@650789775{-1622534118},3C_20_80-02.txt,35.738,0.100,3.574,1,1.375,38.47,1.375,4.594,0.000
0,ec.gp.GPIndividual@650789775{-1622534118},3C_20_66-03.txt,118.340,0.100,11.834,4,4.656,39.35,1.164,4.594,0.000
0,ec.gp.GPIndividual@650789775{-1622534118},3C_20_66-01.txt,7.322,0.100,0.732,1,0.844,115.23,0.844,4.594,0.000
0,ec.gp.GPIndividual@650789775{-1622534118},3C_20_66-03.txt,118.340,0.100,11.834,2,1.219,10.30,0.609,4.594,0.000
0,ec.gp.GPIndividual@650789775{-1622534118},3C_20_80-03.txt,169.439,0.100,16.944,2,1.469,8.67,0.734,4.594,0.000
0,ec.gp.GPIndividual@650789775{-1622534118},3C_20_66-02.txt,154.245,0.100,15.424,1,3.438,22.29,3.438,4.594,0.000
0,ec.gp.GPIndividual@650789775{-1622534118},3C_20_80-01.txt,4.194,0.100,0.419,2,0.188,44.70,0.094,4.594,0.000
0,ec.gp.GPIndividual@650789775{-1622534118},3C_20_80-02.txt,35.738,0.100,3.574,3,3.594,100.56,1.198,4.594,0.000
0,ec.gp.GPIndividual@650789775{-1622534118},3C_20_80-01.txt,4.194,0.100,0.419,1,1.406,335.26,1.406,4.594,0.000
0,ec.gp.GPIndividual@650789775{-1622534118},3C_20_66-03.txt,118.340,0.100,11.834,1,1.313,11.09,1.313,4.594,0.000
0,ec.gp.GPIndividual@650789775{-1622534118},3C_20_80-03.txt,169.439,0.100,16.944,4,3.594,21.21,0.898,4.594,0.000
0,ec.gp.GPIndividual@650789775{-1622534118},3C_20_80-02.txt,35.738,0.100,3.574,2,2.203,61.65,1.102,4.594,0.000
0,ec.gp.GPIndividual@650789775{-1622534118},3C_20_80-03.txt,169.439,0.100,16.944,1,3.438,20.29,3.438,4.594,0.000
0,ec.gp.GPIndividual@1254201870{1622970480},3C_20_50-02.txt,61.404,0.100,6.140,0,0.000,0.00,0.000,0.000,0.000
0,ec.gp.GPIndividual@1254201870{1622970480},3C_20_50-03.txt,30.993,0.100,3.099,0,0.000,0.00,0.000,0.000,0.000
0,ec.gp.GPIndividual@1254201870{1622970480},3C_20_66-01.txt,7.322,0.100,0.732,0,0.000,0.00,0.000,0.000,0.000
0,ec.gp.GPIndividual@1254201870{1622970480},3C_20_66-02.txt,154.245,0.100,15.424,0,0.000,0.00,0.000,0.000,0.000
0,ec.gp.GPIndividual@1254201870{1622970480},3C_20_66-03.txt,118.340,0.100,11.834,0,0.000,0.00,0.000,0.000,0.000
0,ec.gp.GPIndividual@1254201870{1622970480},3C_20_80-01.txt,4.194,0.100,0.419,0,0.000,0.00,0.000,0.000,0.000
0,ec.gp.GPIndividual@1254201870{1622970480},3C_20_80-02.txt,35.738,0.100,3.574,0,0.000,0.00,0.000,0.000,0.000
0,ec.gp.GPIndividual@1254201870{1622970480},3C_20_80-03.txt,169.439,0.100,16.944,0,0.000,0.00,0.000,0.000,0.000
0,ec.gp.GPIndividual@396804107{1274342851},3C_20_50-02.txt,61.404,0.100,6.140,0,0.000,0.00,0.000,0.000,0.000
0,ec.gp.GPIndividual@396804107{1274342851},3C_20_50-03.txt,30.993,0.100,3.099,0,0.000,0.00,0.000,0.000,0.000
0,ec.gp.GPIndividual@396804107{1274342851},3C_20_66-01.txt,7.322,0.100,0.732,0,0.000,0.00,0.000,0.000,0.000
0,ec.gp.GPIndividual@396804107{1274342851},3C_20_66-02.txt,154.245,0.100,15.424,0,0.000,0.00,0.000,0.000,0.000
0,ec.gp.GPIndividual@396804107{1274342851},3C_20_66-03.txt,118.340,0.100,11.834,0,0.000,0.00,0.000,0.000,0.000
0,ec.gp.GPIndividual@396804107{1274342851},3C_20_80-01.txt,4.194,0.100,0.419,0,0.000,0.00,0.000,0.000,0.000
0,ec.gp.GPIndividual@396804107{1274342851},3C_20_80-02.txt,35.738,0.100,3.574,0,0.000,0.00,0.000,0.000,0.000
0,ec.gp.GPIndividual@396804107{1274342851},3C_20_80-03.txt,169.439,0.100,16.944,0,0.000,0.00,0.000,0.000,0.000
0,ec.gp.GPIndividual@843532092{1611071379},3C_20_50-02.txt,61.404,0.100,6.140,0,0.000,0.00,0.000,0.000,0.000
0,ec.gp.GPIndividual@843532092{1611071379},3C_20_50-03.txt,30.993,0.100,3.099,0,0.000,0.00,0.000,0.000,0.000
0,ec.gp.GPIndividual@843532092{1611071379},3C_20_66-01.txt,7.322,0.100,0.732,1,3.547,484.40,3.547,3.547,3.547
0,ec.gp.GPIndividual@843532092{1611071379},3C_20_66-02.txt,154.245,0.100,15.424,0,0.000,0.00,0.000,3.547,3.547
0,ec.gp.GPIndividual@843532092{1611071379},3C_20_66-03.txt,118.340,0.100,11.834,0,0.000,0.00,0.000,3.547,3.547
0,ec.gp.GPIndividual@843532092{1611071379},3C_20_80-01.txt,4.194,0.100,0.419,0,0.000,0.00,0.000,3.547,3.547
0,ec.gp.GPIndividual@843532092{1611071379},3C_20_80-02.txt,35.738,0.100,3.574,0,0.000,0.00,0.000,3.547,3.547
0,ec.gp.GPIndividual@843532092{1611071379},3C_20_80-03.txt,169.439,0.100,16.944,0,0.000,0.00,0.000,3.547,3.547
0,ec.gp.GPIndividual@1189461184{356033202},3C_20_50-02.txt,61.404,0.100,6.140,0,0.000,0.00,0.000,0.000,0.000
0,ec.gp.GPIndividual@1189461184{356033202},3C_20_50-03.txt,30.993,0.100,3.099,0,0.000,0.00,0.000,0.000,0.000
0,ec.gp.GPIndividual@1189461184{356033202},3C_20_66-01.txt,7.322,0.100,0.732,0,0.000,0.00,0.000,0.000,0.000
0,ec.gp.GPIndividual@1189461184{356033202},3C_20_66-02.txt,154.245,0.100,15.424,0,0.000,0.00,0.000,0.000,0.000
0,ec.gp.GPIndividual@1189461184{356033202},3C_20_66-03.txt,118.340,0.100,11.834,0,0.000,0.00,0.000,0.000,0.000
0,ec.gp.GPIndividual@1189461184{356033202},3C_20_80-01.txt,4.194,0.100,0.419,0,0.000,0.00,0.000,0.000,0.000
0,ec.gp.GPIndividual@1189461184{356033202},3C_20_80-02.txt,35.738,0.100,3.574,0,0.000,0.00,0.000,0.000,0.000
0,ec.gp.GPIndividual@1189461184{356033202},3C_20_80-03.txt,169.439,0.100,16.944,0,0.000,0.00,0.000,0.000,0.000
0,ec.gp.GPIndividual@2005397105{-1038338050},3C_20_50-02.txt,61.404,0.100,6.140,0,0.000,0.00,0.000,0.000,0.000
0,ec.gp.GPIndividual@2005397105{-1038338050},3C_20_50-03.txt,30.993,0.100,3.099,0,0.000,0.00,0.000,0.000,0.000
0,ec.gp.GPIndividual@2005397105{-1038338050},3C_20_66-01.txt,7.322,0.100,0.732,0,0.000,0.00,0.000,0.000,0.000
0,ec.gp.GPIndividual@2005397105{-1038338050},3C_20_66-02.txt,154.245,0.100,15.424,0,0.000,0.00,0.000,0.000,0.000
0,ec.gp.GPIndividual@2005397105{-1038338050},3C_20_66-03.txt,118.340,0.100,11.834,0,0.000,0.00,0.000,0.000,0.000
0,ec.gp.GPIndividual@2005397105{-1038338050},3C_20_80-01.txt,4.194,0.100,0.419,0,0.000,0.00,0.000,0.000,0.000
0,ec.gp.GPIndividual@2005397105{-1038338050},3C_20_80-02.txt,35.738,0.100,3.574,0,0.000,0.00,0.000,0.000,0.000
0,ec.gp.GPIndividual@2005397105{-1038338050},3C_20_80-03.txt,169.439,0.100,16.944,0,0.000,0.00,0.000,0.000,0.000
0,ec.gp.GPIndividual@1941464153{1540240754},3C_20_50-02.txt,61.404,0.100,6.140,0,0.000,0.00,0.000,0.000,0.000
0,ec.gp.GPIndividual@1941464153{1540240754},3C_20_50-03.txt,30.993,0.100,3.099,0,0.000,0.00,0.000,0.000,0.000
0,ec.gp.GPIndividual@1941464153{1540240754},3C_20_66-01.txt,7.322,0.100,0.732,0,0.000,0.00,0.000,0.000,0.000
0,ec.gp.GPIndividual@1941464153{1540240754},3C_20_66-02.txt,154.245,0.100,15.424,0,0.000,0.00,0.000,0.000,0.000
0,ec.gp.GPIndividual@1941464153{1540240754},3C_20_66-03.txt,118.340,0.100,11.834,0,0.000,0.00,0.000,0.000,0.000
0,ec.gp.GPIndividual@1941464153{1540240754},3C_20_80-01.txt,4.194,0.100,0.419,0,0.000,0.00,0.000,0.000,0.000
0,ec.gp.GPIndividual@1941464153{1540240754},3C_20_80-02.txt,35.738,0.100,3.574,0,0.000,0.00,0.000,0.000,0.000
0,ec.gp.GPIndividual@1941464153{1540240754},3C_20_80-03.txt,169.439,0.100,16.944,0,0.000,0.00,0.000,0.000,0.000
0,ec.gp.GPIndividual@918217802{-1542515382},3C_20_50-02.txt,61.404,0.100,6.140,0,0.000,0.00,0.000,0.000,0.000
0,ec.gp.GPIndividual@918217802{-1542515382},3C_20_50-03.txt,30.993,0.100,3.099,0,0.000,0.00,0.000,0.000,0.000
0,ec.gp.GPIndividual@918217802{-1542515382},3C_20_66-01.txt,7.322,0.100,0.732,0,0.000,0.00,0.000,0.000,0.000
0,ec.gp.GPIndividual@918217802{-1542515382},3C_20_66-02.txt,154.245,0.100,15.424,0,0.000,0.00,0.000,0.000,0.000
0,ec.gp.GPIndividual@918217802{-1542515382},3C_20_66-03.txt,118.340,0.100,11.834,0,0.000,0.00,0.000,0.000,0.000
0,ec.gp.GPIndividual@918217802{-1542515382},3C_20_80-01.txt,4.194,0.100,0.419,0,0.000,0.00,0.000,0.000,0.000
0,ec.gp.GPIndividual@918217802{-1542515382},3C_20_80-02.txt,35.738,0.100,3.574,0,0.000,0.00,0.000,0.000,0.000
0,ec.gp.GPIndividual@918217802{-1542515382},3C_20_80-03.txt,169.439,0.100,16.944,0,0.000,0.00,0.000,0.000,0.000
0,ec.gp.GPIndividual@1333435635{732043274},3C_20_50-02.txt,61.404,0.100,6.140,0,0.000,0.00,0.000,0.000,0.000
0,ec.gp.GPIndividual@1333435635{732043274},3C_20_50-03.txt,30.993,0.100,3.099,0,0.000,0.00,0.000,0.000,0.000
0,ec.gp.GPIndividual@1333435635{732043274},3C_20_66-01.txt,7.322,0.100,0.732,0,0.000,0.00,0.000,0.000,0.000
0,ec.gp.GPIndividual@1333435635{732043274},3C_20_66-02.txt,154.245,0.100,15.424,0,0.000,0.00,0.000,0.000,0.000
0,ec.gp.GPIndividual@1333435635{732043274},3C_20_66-03.txt,118.340,0.100,11.834,0,0.000,0.00,0.000,0.000,0.000
0,ec.gp.GPIndividual@1333435635{732043274},3C_20_80-01.txt,4.194,0.100,0.419,0,0.000,0.00,0.000,0.000,0.000
0,ec.gp.GPIndividual@1333435635{732043274},3C_20_80-02.txt,35.738,0.100,3.574,0,0.000,0.00,0.000,0.000,0.000
0,ec.gp.GPIndividual@1333435635{732043274},3C_20_80-03.txt,169.439,0.100,16.944,0,0.000,0.00,0.000,0.000,0.000
0,ec.gp.GPIndividual@130422539{-758523144},3C_20_50-02.txt,61.404,0.100,6.140,0,0.000,0.00,0.000,0.000,0.000
0,ec.gp.GPIndividual@130422539{-758523144},3C_20_50-03.txt,30.993,0.100,3.099,0,0.000,0.00,0.000,0.000,0.000
0,ec.gp.GPIndividual@130422539{-758523144},3C_20_66-01.txt,7.322,0.100,0.732,0,0.000,0.00,0.000,0.000,0.000
0,ec.gp.GPIndividual@130422539{-758523144},3C_20_66-02.txt,154.245,0.100,15.424,0,0.000,0.00,0.000,0.000,0.000
0,ec.gp.GPIndividual@130422539{-758523144},3C_20_66-03.txt,118.340,0.100,11.834,0,0.000,0.00,0.000,0.000,0.000
0,ec.gp.GPIndividual@130422539{-758523144},3C_20_80-01.txt,4.194,0.100,0.419,0,0.000,0.00,0.000,0.000,0.000
0,ec.gp.GPIndividual@130422539{-758523144},3C_20_80-02.txt,35.738,0.100,3.574,0,0.000,0.00,0.000,0.000,0.000
0,ec.gp.GPIndividual@130422539{-758523144},3C_20_80-03.txt,169.439,0.100,16.944,0,0.000,0.00,0.000,0.000,0.000
0,ec.gp.GPIndividual@938225926{595531324},3C_20_50-02.txt,61.404,0.100,6.140,0,0.000,0.00,0.000,0.000,0.000
0,ec.gp.GPIndividual@938225926{595531324},3C_20_50-03.txt,30.993,0.100,3.099,0,0.000,0.00,0.000,0.000,0.000
0,ec.gp.GPIndividual@938225926{595531324},3C_20_66-01.txt,7.322,0.100,0.732,0,0.000,0.00,0.000,0.000,0.000
0,ec.gp.GPIndividual@938225926{595531324},3C_20_66-02.txt,154.245,0.100,15.424,0,0.000,0.00,0.000,0.000,0.000
0,ec.gp.GPIndividual@938225926{595531324},3C_20_66-03.txt,118.340,0.100,11.834,0,0.000,0.00,0.000,0.000,0.000
0,ec.gp.GPIndividual@938225926{595531324},3C_20_80-01.txt,4.194,0.100,0.419,0,0.000,0.00,0.000,0.000,0.000
0,ec.gp.GPIndividual@938225926{595531324},3C_20_80-02.txt,35.738,0.100,3.574,0,0.000,0.00,0.000,0.000,0.000
0,ec.gp.GPIndividual@938225926{595531324},3C_20_80-03.txt,169.439,0.100,16.944,0,0.000,0.00,0.000,0.000,0.000
0,ec.gp.GPIndividual@1452612357{1357860435},3C_20_50-02.txt,61.404,0.100,6.140,0,0.000,0.00,0.000,0.000,0.000
0,ec.gp.GPIndividual@1452612357{1357860435},3C_20_50-03.txt,30.993,0.100,3.099,0,0.000,0.00,0.000,0.000,0.000
0,ec.gp.GPIndividual@1452612357{1357860435},3C_20_66-01.txt,7.322,0.100,0.732,0,0.000,0.00,0.000,0.000,0.000
0,ec.gp.GPIndividual@1452612357{1357860435},3C_20_66-02.txt,154.245,0.100,15.424,0,0.000,0.00,0.000,0.000,0.000
0,ec.gp.GPIndividual@1452612357{1357860435},3C_20_66-03.txt,118.340,0.100,11.834,0,0.000,0.00,0.000,0.000,0.000
0,ec.gp.GPIndividual@1452612357{1357860435},3C_20_80-01.txt,4.194,0.100,0.419,0,0.000,0.00,0.000,0.000,0.000
0,ec.gp.GPIndividual@1452612357{1357860435},3C_20_80-02.txt,35.738,0.100,3.574,0,0.000,0.00,0.000,0.000,0.000
0,ec.gp.GPIndividual@1452612357{1357860435},3C_20_80-03.txt,169.439,0.100,16.944,0,0.000,0.00,0.000,0.000,0.000
0,ec.gp.GPIndividual@1293129760{917948461},3C_20_50-02.txt,61.404,0.100,6.140,0,0.000,0.00,0.000,0.000,0.000
0,ec.gp.GPIndividual@1293129760{917948461},3C_20_50-03.txt,30.993,0.100,3.099,0,0.000,0.00,0.000,0.000,0.000
0,ec.gp.GPIndividual@1293129760{917948461},3C_20_66-01.txt,7.322,0.100,0.732,0,0.000,0.00,0.000,0.000,0.000
0,ec.gp.GPIndividual@1293129760{917948461},3C_20_66-02.txt,154.245,0.100,15.424,0,0.000,0.00,0.000,0.000,0.000
0,ec.gp.GPIndividual@1293129760{917948461},3C_20_66-03.txt,118.340,0.100,11.834,0,0.000,0.00,0.000,0.000,0.000
0,ec.gp.GPIndividual@1293129760{917948461},3C_20_80-01.txt,4.194,0.100,0.419,0,0.000,0.00,0.000,0.000,0.000
0,ec.gp.GPIndividual@1293129760{917948461},3C_20_80-02.txt,35.738,0.100,3.574,0,0.000,0.00,0.000,0.000,0.000
0,ec.gp.GPIndividual@1293129760{917948461},3C_20_80-03.txt,169.439,0.100,16.944,0,0.000,0.00,0.000,0.000,0.000
0,ec.gp.GPIndividual@261068550{-126690620},3C_20_50-02.txt,61.404,0.100,6.140,0,0.000,0.00,0.000,0.000,0.000
0,ec.gp.GPIndividual@261068550{-126690620},3C_20_50-03.txt,30.993,0.100,3.099,0,0.000,0.00,0.000,0.000,0.000
0,ec.gp.GPIndividual@261068550{-126690620},3C_20_66-01.txt,7.322,0.100,0.732,0,0.000,0.00,0.000,0.000,0.000
0,ec.gp.GPIndividual@261068550{-126690620},3C_20_66-02.txt,154.245,0.100,15.424,0,0.000,0.00,0.000,0.000,0.000
0,ec.gp.GPIndividual@261068550{-126690620},3C_20_66-03.txt,118.340,0.100,11.834,0,0.000,0.00,0.000,0.000,0.000
0,ec.gp.GPIndividual@261068550{-126690620},3C_20_80-01.txt,4.194,0.100,0.419,0,0.000,0.00,0.000,0.000,0.000
0,ec.gp.GPIndividual@261068550{-126690620},3C_20_80-02.txt,35.738,0.100,3.574,0,0.000,0.00,0.000,0.000,0.000
0,ec.gp.GPIndividual@261068550{-126690620},3C_20_80-03.txt,169.439,0.100,16.944,0,0.000,0.00,0.000,0.000,0.000
1,ec.gp.GPIndividual@838360064{1083466610},3C_20_50-02.txt,61.404,0.100,6.140,1,0.000,0.00,0.000,0.000,0.000
1,ec.gp.GPIndividual@1641327772{-50006608},3C_20_50-02.txt,61.404,0.100,6.140,0,0.000,0.00,0.000,0.000,0.000
1,ec.gp.GPIndividual@1641327772{-50006608},3C_20_50-02.txt,61.404,0.100,6.140,0,0.000,0.00,0.000,0.000,0.000
1,ec.gp.GPIndividual@1641327772{-50006608},3C_20_50-02.txt,61.404,0.100,6.140,0,0.000,0.00,0.000,0.000,0.000
1,ec.gp.GPIndividual@1641327772{-50006608},3C_20_66-01.txt,7.322,0.100,0.732,0,0.000,0.00,0.000,0.000,0.000
1,ec.gp.GPIndividual@1641327772{-50006608},3C_20_66-01.txt,7.322,0.100,0.732,0,0.000,0.00,0.000,0.000,0.000
1,ec.gp.GPIndividual@1641327772{-50006608},3C_20_66-01.txt,7.322,0.100,0.732,0,0.000,0.00,0.000,0.000,0.000
1,ec.gp.GPIndividual@1641327772{-50006608},3C_20_66-01.txt,7.322,0.100,0.732,0,0.000,0.00,0.000,0.000,0.000
1,ec.gp.GPIndividual@1641327772{-50006608},3C_20_66-02.txt,154.245,0.100,15.424,0,0.000,0.00,0.000,0.000,0.000
1,ec.gp.GPIndividual@1641327772{-50006608},3C_20_66-02.txt,154.245,0.100,15.424,0,0.000,0.00,0.000,0.000,0.000
1,ec.gp.GPIndividual@1641327772{-50006608},3C_20_66-02.txt,154.245,0.100,15.424,0,0.000,0.00,0.000,0.000,0.000
1,ec.gp.GPIndividual@1641327772{-50006608},3C_20_66-03.txt,118.340,0.100,11.834,0,0.000,0.00,0.000,0.000,0.000
1,ec.gp.GPIndividual@1641327772{-50006608},3C_20_66-03.txt,118.340,0.100,11.834,1,0.000,0.00,0.000,0.000,0.000
1,ec.gp.GPIndividual@1641327772{-50006608},3C_20_66-03.txt,118.340,0.100,11.834,1,0.000,0.00,0.000,0.000,0.000
1,ec.gp.GPIndividual@1641327772{-50006608},3C_20_66-03.txt,118.340,0.100,11.834,1,0.000,0.00,0.000,0.000,0.000
1,ec.gp.GPIndividual@1641327772{-50006608},3C_20_80-01.txt,4.194,0.100,0.419,0,0.000,0.00,0.000,0.000,0.000
1,ec.gp.GPIndividual@1641327772{-50006608},3C_20_80-01.txt,4.194,0.100,0.419,0,0.000,0.00,0.000,0.000,0.000
1,ec.gp.GPIndividual@1641327772{-50006608},3C_20_80-01.txt,4.194,0.100,0.419,0,0.000,0.00,0.000,0.000,0.000
1,ec.gp.GPIndividual@1641327772{-50006608},3C_20_80-02.txt,35.738,0.100,3.574,0,0.000,0.00,0.000,0.000,0.000
1,ec.gp.GPIndividual@1641327772{-50006608},3C_20_80-03.txt,169.439,0.100,16.944,0,0.000,0.00,0.000,0.000,0.000
1,ec.gp.GPIndividual@1641327772{-50006608},3C_20_80-03.txt,169.439,0.100,16.944,0,0.000,0.00,0.000,0.000,0.000
1,ec.gp.GPIndividual@1641327772{-50006608},3C_20_80-03.txt,169.439,0.100,16.944,0,0.000,0.00,0.000,0.000,0.000
1,ec.gp.GPIndividual@753457818{439654831},3C_20_50-02.txt,61.404,0.100,6.140,0,0.000,0.00,0.000,0.000,0.000
1,ec.gp.GPIndividual@1587683538{-1678076794},3C_20_50-02.txt,61.404,0.100,6.140,0,0.000,0.00,0.000,0.000,0.000
1,ec.gp.GPIndividual@1587683538{-1678076794},3C_20_50-03.txt,30.993,0.100,3.099,0,0.000,0.00,0.000,0.000,0.000
1,ec.gp.GPIndividual@1587683538{-1678076794},3C_20_66-01.txt,7.322,0.100,0.732,0,0.000,0.00,0.000,0.000,0.000
1,ec.gp.GPIndividual@1587683538{-1678076794},3C_20_66-02.txt,154.245,0.100,15.424,0,0.000,0.00,0.000,0.000,0.000
1,ec.gp.GPIndividual@1587683538{-1678076794},3C_20_50-03.txt,30.993,0.100,3.099,0,0.000,0.00,0.000,0.000,0.000
1,ec.gp.GPIndividual@1587683538{-1678076794},3C_20_66-03.txt,118.340,0.100,11.834,0,0.000,0.00,0.000,0.000,0.000
1,ec.gp.GPIndividual@1587683538{-1678076794},3C_20_80-01.txt,4.194,0.100,0.419,0,0.000,0.00,0.000,0.000,0.000
1,ec.gp.GPIndividual@1587683538{-1678076794},3C_20_80-02.txt,35.738,0.100,3.574,0,0.000,0.00,0.000,0.000,0.000
1,ec.gp.GPIndividual@1587683538{-1678076794},3C_20_66-01.txt,7.322,0.100,0.732,0,0.000,0.00,0.000,0.000,0.000
1,ec.gp.GPIndividual@1587683538{-1678076794},3C_20_80-03.txt,169.439,0.100,16.944,0,0.000,0.00,0.000,0.000,0.000
1,ec.gp.GPIndividual@1992072275{1948675049},3C_20_50-02.txt,61.404,0.100,6.140,0,0.000,0.00,0.000,0.000,0.000
1,ec.gp.GPIndividual@1992072275{1948675049},3C_20_50-03.txt,30.993,0.100,3.099,0,0.000,0.00,0.000,0.000,0.000
1,ec.gp.GPIndividual@1992072275{1948675049},3C_20_66-02.txt,154.245,0.100,15.424,0,0.000,0.00,0.000,0.000,0.000
1,ec.gp.GPIndividual@1992072275{1948675049},3C_20_66-01.txt,7.322,0.100,0.732,0,0.000,0.00,0.000,0.000,0.000
1,ec.gp.GPIndividual@1992072275{1948675049},3C_20_66-02.txt,154.245,0.100,15.424,0,0.000,0.00,0.000,0.000,0.000
1,ec.gp.GPIndividual@1992072275{1948675049},3C_20_66-03.txt,118.340,0.100,11.834,0,0.000,0.00,0.000,0.000,0.000
1,ec.gp.GPIndividual@1992072275{1948675049},3C_20_66-03.txt,118.340,0.100,11.834,0,0.000,0.00,0.000,0.000,0.000
1,ec.gp.GPIndividual@1992072275{1948675049},3C_20_80-01.txt,4.194,0.100,0.419,0,0.000,0.00,0.000,0.000,0.000
1,ec.gp.GPIndividual@1992072275{1948675049},3C_20_80-02.txt,35.738,0.100,3.574,0,0.000,0.00,0.000,0.000,0.000
1,ec.gp.GPIndividual@1992072275{1948675049},3C_20_80-03.txt,169.439,0.100,16.944,0,0.000,0.00,0.000,0.000,0.000
1,ec.gp.GPIndividual@1992072275{1948675049},3C_20_80-01.txt,4.194,0.100,0.419,0,0.000,0.00,0.000,0.000,0.000
1,ec.gp.GPIndividual@482357026{-670736807},3C_20_50-02.txt,61.404,0.100,6.140,1,0.000,0.00,0.000,0.000,0.000
1,ec.gp.GPIndividual@482357026{-670736807},3C_20_50-03.txt,30.993,0.100,3.099,1,0.000,0.00,0.000,0.000,0.000
1,ec.gp.GPIndividual@482357026{-670736807},3C_20_80-02.txt,35.738,0.100,3.574,0,0.000,0.00,0.000,0.000,0.000
1,ec.gp.GPIndividual@482357026{-670736807},3C_20_66-01.txt,7.322,0.100,0.732,1,0.000,0.00,0.000,0.000,0.000
1,ec.gp.GPIndividual@482357026{-670736807},3C_20_66-02.txt,154.245,0.100,15.424,1,0.000,0.00,0.000,0.000,0.000
1,ec.gp.GPIndividual@482357026{-670736807},3C_20_80-03.txt,169.439,0.100,16.944,0,0.000,0.00,0.000,0.000,0.000
1,ec.gp.GPIndividual@482357026{-670736807},3C_20_66-03.txt,118.340,0.100,11.834,1,0.000,0.00,0.000,0.000,0.000
1,ec.gp.GPIndividual@482357026{-670736807},3C_20_80-01.txt,4.194,0.100,0.419,0,0.000,0.00,0.000,0.000,0.000
1,ec.gp.GPIndividual@692301008{-1430484818},3C_20_50-02.txt,61.404,0.100,6.140,0,0.000,0.00,0.000,0.000,0.000
1,ec.gp.GPIndividual@692301008{-1430484818},3C_20_50-02.txt,61.404,0.100,6.140,0,0.000,0.00,0.000,0.000,0.000
1,ec.gp.GPIndividual@692301008{-1430484818},3C_20_80-02.txt,35.738,0.100,3.574,1,0.000,0.00,0.000,0.000,0.000
1,ec.gp.GPIndividual@692301008{-1430484818},3C_20_66-01.txt,7.322,0.100,0.732,0,0.000,0.00,0.000,0.000,0.000
1,ec.gp.GPIndividual@692301008{-1430484818},3C_20_80-03.txt,169.439,0.100,16.944,0,0.000,0.00,0.000,0.000,0.000
1,ec.gp.GPIndividual@692301008{-1430484818},3C_20_66-02.txt,154.245,0.100,15.424,1,0.000,0.00,0.000,0.000,0.000
1,ec.gp.GPIndividual@692301008{-1430484818},3C_20_66-03.txt,118.340,0.100,11.834,0,0.000,0.00,0.000,0.000,0.000
1,ec.gp.GPIndividual@692301008{-1430484818},3C_20_66-03.txt,118.340,0.100,11.834,0,0.000,0.00,0.000,0.000,0.000
1,ec.gp.GPIndividual@643799887{1540240754},3C_20_50-02.txt,61.404,0.100,6.140,0,0.000,0.00,0.000,0.000,0.000
1,ec.gp.GPIndividual@643799887{1540240754},3C_20_50-02.txt,61.404,0.100,6.140,0,0.000,0.00,0.000,0.000,0.000
1,ec.gp.GPIndividual@643799887{1540240754},3C_20_80-02.txt,35.738,0.100,3.574,0,0.000,0.00,0.000,0.000,0.000
1,ec.gp.GPIndividual@643799887{1540240754},3C_20_66-01.txt,7.322,0.100,0.732,0,0.000,0.00,0.000,0.000,0.000
1,ec.gp.GPIndividual@643799887{1540240754},3C_20_80-03.txt,169.439,0.100,16.944,0,0.000,0.00,0.000,0.000,0.000
1,ec.gp.GPIndividual@643799887{1540240754},3C_20_80-03.txt,169.439,0.100,16.944,0,0.000,0.00,0.000,0.000,0.000
1,ec.gp.GPIndividual@1118504580{-1339321555},3C_20_50-02.txt,61.404,0.100,6.140,0,0.000,0.00,0.000,0.000,0.000
1,ec.gp.GPIndividual@1118504580{-1339321555},3C_20_66-03.txt,118.340,0.100,11.834,0,0.000,0.00,0.000,0.000,0.000
1,ec.gp.GPIndividual@1118504580{-1339321555},3C_20_50-03.txt,30.993,0.100,3.099,0,0.000,0.00,0.000,0.000,0.000
1,ec.gp.GPIndividual@1118504580{-1339321555},3C_20_80-01.txt,4.194,0.100,0.419,0,0.000,0.00,0.000,0.000,0.000
1,ec.gp.GPIndividual@1118504580{-1339321555},3C_20_80-01.txt,4.194,0.100,0.419,0,0.000,0.00,0.000,0.000,0.000
1,ec.gp.GPIndividual@1118504580{-1339321555},3C_20_66-01.txt,7.322,0.100,0.732,0,0.000,0.00,0.000,0.000,0.000
1,ec.gp.GPIndividual@1118504580{-1339321555},3C_20_80-03.txt,169.439,0.100,16.944,0,0.000,0.00,0.000,0.000,0.000
1,ec.gp.GPIndividual@1118504580{-1339321555},3C_20_66-02.txt,154.245,0.100,15.424,0,0.000,0.00,0.000,0.000,0.000
1,ec.gp.GPIndividual@1118504580{-1339321555},3C_20_66-02.txt,154.245,0.100,15.424,0,0.000,0.00,0.000,0.000,0.000
1,ec.gp.GPIndividual@1765051366{2139767528},3C_20_50-02.txt,61.404,0.100,6.140,0,0.000,0.00,0.000,0.000,0.000
1,ec.gp.GPIndividual@1765051366{2139767528},3C_20_80-01.txt,4.194,0.100,0.419,0,0.000,0.00,0.000,0.000,0.000
1,ec.gp.GPIndividual@1765051366{2139767528},3C_20_80-02.txt,35.738,0.100,3.574,0,0.000,0.00,0.000,0.000,0.000
1,ec.gp.GPIndividual@1765051366{2139767528},3C_20_80-03.txt,169.439,0.100,16.944,0,0.000,0.00,0.000,0.000,0.000
1,ec.gp.GPIndividual@1358224566{753425794},3C_20_50-02.txt,61.404,0.100,6.140,0,0.000,0.00,0.000,0.000,0.000
1,ec.gp.GPIndividual@1358224566{753425794},3C_20_50-03.txt,30.993,0.100,3.099,0,0.000,0.00,0.000,0.000,0.000
1,ec.gp.GPIndividual@1358224566{753425794},3C_20_66-01.txt,7.322,0.100,0.732,0,0.000,0.00,0.000,0.000,0.000
1,ec.gp.GPIndividual@1358224566{753425794},3C_20_66-02.txt,154.245,0.100,15.424,0,0.000,0.00,0.000,0.000,0.000
1,ec.gp.GPIndividual@1358224566{753425794},3C_20_66-01.txt,7.322,0.100,0.732,0,0.000,0.00,0.000,0.000,0.000
1,ec.gp.GPIndividual@1358224566{753425794},3C_20_66-03.txt,118.340,0.100,11.834,0,0.000,0.00,0.000,0.000,0.000
1,ec.gp.GPIndividual@1358224566{753425794},3C_20_80-01.txt,4.194,0.100,0.419,0,0.000,0.00,0.000,0.000,0.000
1,ec.gp.GPIndividual@1358224566{753425794},3C_20_80-02.txt,35.738,0.100,3.574,0,0.000,0.00,0.000,0.000,0.000
1,ec.gp.GPIndividual@1358224566{753425794},3C_20_80-03.txt,169.439,0.100,16.944,0,0.000,0.00,0.000,0.000,0.000
1,ec.gp.GPIndividual@1358224566{753425794},3C_20_66-02.txt,154.245,0.100,15.424,0,0.000,0.00,0.000,0.000,0.000
1,ec.gp.GPIndividual@1514172748{905525365},3C_20_50-02.txt,61.404,0.100,6.140,1,0.000,0.00,0.000,0.000,0.000
1,ec.gp.GPIndividual@1514172748{905525365},3C_20_66-03.txt,118.340,0.100,11.834,0,0.000,0.00,0.000,0.000,0.000
1,ec.gp.GPIndividual@1514172748{905525365},3C_20_50-03.txt,30.993,0.100,3.099,1,0.000,0.00,0.000,0.000,0.000
1,ec.gp.GPIndividual@1514172748{905525365},3C_20_80-01.txt,4.194,0.100,0.419,0,0.000,0.00,0.000,0.000,0.000
1,ec.gp.GPIndividual@1514172748{905525365},3C_20_66-01.txt,7.322,0.100,0.732,1,0.000,0.00,0.000,0.000,0.000
1,ec.gp.GPIndividual@1514172748{905525365},3C_20_80-02.txt,35.738,0.100,3.574,0,0.000,0.00,0.000,0.000,0.000
1,ec.gp.GPIndividual@1514172748{905525365},3C_20_66-02.txt,154.245,0.100,15.424,1,0.000,0.00,0.000,0.000,0.000
1,ec.gp.GPIndividual@1514172748{905525365},3C_20_80-03.txt,169.439,0.100,16.944,0,0.000,0.00,0.000,0.000,0.000
1,ec.gp.GPIndividual@1514172748{905525365},3C_20_66-03.txt,118.340,0.100,11.834,1,0.000,0.00,0.000,0.000,0.000
1,ec.gp.GPIndividual@2071514263{-916987792},3C_20_50-02.txt,61.404,0.100,6.140,0,0.000,0.00,0.000,0.000,0.000
1,ec.gp.GPIndividual@2071514263{-916987792},3C_20_80-01.txt,4.194,0.100,0.419,1,0.000,0.00,0.000,0.000,0.000
1,ec.gp.GPIndividual@2071514263{-916987792},3C_20_80-02.txt,35.738,0.100,3.574,1,0.000,0.00,0.000,0.000,0.000
1,ec.gp.GPIndividual@2071514263{-916987792},3C_20_80-03.txt,169.439,0.100,16.944,1,0.000,0.00,0.000,0.000,0.000
1,ec.gp.GPIndividual@1859216376{-123181765},3C_20_50-02.txt,61.404,0.100,6.140,0,0.000,0.00,0.000,0.000,0.000
1,ec.gp.GPIndividual@1859216376{-123181765},3C_20_50-03.txt,30.993,0.100,3.099,0,0.000,0.00,0.000,0.000,0.000
1,ec.gp.GPIndividual@1859216376{-123181765},3C_20_66-01.txt,7.322,0.100,0.732,0,0.000,0.00,0.000,0.000,0.000
1,ec.gp.GPIndividual@1859216376{-123181765},3C_20_66-02.txt,154.245,0.100,15.424,0,0.000,0.00,0.000,0.000,0.000
1,ec.gp.GPIndividual@1859216376{-123181765},3C_20_66-03.txt,118.340,0.100,11.834,0,0.000,0.00,0.000,0.000,0.000
1,ec.gp.GPIndividual@1859216376{-123181765},3C_20_80-01.txt,4.194,0.100,0.419,0,0.000,0.00,0.000,0.000,0.000
1,ec.gp.GPIndividual@1859216376{-123181765},3C_20_80-02.txt,35.738,0.100,3.574,0,0.000,0.00,0.000,0.000,0.000
1,ec.gp.GPIndividual@1859216376{-123181765},3C_20_80-03.txt,169.439,0.100,16.944,0,0.000,0.00,0.000,0.000,0.000
1,ec.gp.GPIndividual@1951717248{-852738122},3C_20_50-02.txt,61.404,0.100,6.140,0,0.000,0.00,0.000,0.000,0.000
1,ec.gp.GPIndividual@1951717248{-852738122},3C_20_50-03.txt,30.993,0.100,3.099,0,0.000,0.00,0.000,0.000,0.000
1,ec.gp.GPIndividual@1951717248{-852738122},3C_20_66-01.txt,7.322,0.100,0.732,0,0.000,0.00,0.000,0.000,0.000
1,ec.gp.GPIndividual@1951717248{-852738122},3C_20_66-02.txt,154.245,0.100,15.424,0,0.000,0.00,0.000,0.000,0.000
1,ec.gp.GPIndividual@1951717248{-852738122},3C_20_66-03.txt,118.340,0.100,11.834,0,0.000,0.00,0.000,0.000,0.000
1,ec.gp.GPIndividual@1951717248{-852738122},3C_20_80-01.txt,4.194,0.100,0.419,0,0.000,0.00,0.000,0.000,0.000
1,ec.gp.GPIndividual@1951717248{-852738122},3C_20_80-02.txt,35.738,0.100,3.574,0,0.000,0.00,0.000,0.000,0.000
1,ec.gp.GPIndividual@1951717248{-852738122},3C_20_80-03.txt,169.439,0.100,16.944,0,0.000,0.00,0.000,0.000,0.000
1,ec.gp.GPIndividual@1044066862{1894840091},3C_20_50-02.txt,61.404,0.100,6.140,2,0.219,3.56,0.109,0.219,0.000
1,ec.gp.GPIndividual@1044066862{1894840091},3C_20_50-03.txt,30.993,0.100,3.099,2,3.484,112.43,1.742,3.484,0.000
1,ec.gp.GPIndividual@1044066862{1894840091},3C_20_80-01.txt,4.194,0.100,0.419,2,0.313,74.50,0.156,3.484,0.000
1,ec.gp.GPIndividual@1044066862{1894840091},3C_20_80-02.txt,35.738,0.100,3.574,1,1.313,36.73,1.313,3.484,0.000
1,ec.gp.GPIndividual@1044066862{1894840091},3C_20_66-01.txt,7.322,0.100,0.732,2,1.219,166.45,0.609,3.484,0.000
1,ec.gp.GPIndividual@1044066862{1894840091},3C_20_80-03.txt,169.439,0.100,16.944,1,0.328,1.94,0.328,3.484,0.000
1,ec.gp.GPIndividual@1044066862{1894840091},3C_20_66-02.txt,154.245,0.100,15.424,2,3.500,22.69,1.750,3.500,0.000
1,ec.gp.GPIndividual@1044066862{1894840091},3C_20_80-01.txt,4.194,0.100,0.419,2,0.203,48.43,0.102,3.500,0.000
1,ec.gp.GPIndividual@1044066862{1894840091},3C_20_80-02.txt,35.738,0.100,3.574,3,3.547,99.25,1.182,3.500,0.000
1,ec.gp.GPIndividual@1044066862{1894840091},3C_20_80-01.txt,4.194,0.100,0.419,1,1.344,320.36,1.344,3.500,0.000
1,ec.gp.GPIndividual@1044066862{1894840091},3C_20_66-03.txt,118.340,0.100,11.834,4,2.141,18.09,0.535,3.500,0.000
1,ec.gp.GPIndividual@1044066862{1894840091},3C_20_80-03.txt,169.439,0.100,16.944,3,4.719,27.85,1.573,3.500,0.000
1,ec.gp.GPIndividual@1044066862{1894840091},3C_20_80-02.txt,35.738,0.100,3.574,2,4.672,130.73,2.336,3.500,0.000
1,ec.gp.GPIndividual@1044066862{1894840091},3C_20_80-01.txt,4.194,0.100,0.419,3,0.406,96.85,0.135,3.500,0.000
1,ec.gp.GPIndividual@1044066862{1894840091},3C_20_80-02.txt,35.738,0.100,3.574,3,3.234,90.50,1.078,3.500,0.000
1,ec.gp.GPIndividual@1390125361{917948461},3C_20_50-02.txt,61.404,0.100,6.140,0,0.000,0.00,0.000,0.000,0.000
1,ec.gp.GPIndividual@1390125361{917948461},3C_20_50-03.txt,30.993,0.100,3.099,0,0.000,0.00,0.000,0.000,0.000
1,ec.gp.GPIndividual@1390125361{917948461},3C_20_66-01.txt,7.322,0.100,0.732,0,0.000,0.00,0.000,0.000,0.000
1,ec.gp.GPIndividual@1390125361{917948461},3C_20_66-02.txt,154.245,0.100,15.424,0,0.000,0.00,0.000,0.000,0.000
1,ec.gp.GPIndividual@1390125361{917948461},3C_20_66-03.txt,118.340,0.100,11.834,0,0.000,0.00,0.000,0.000,0.000
1,ec.gp.GPIndividual@1390125361{917948461},3C_20_80-01.txt,4.194,0.100,0.419,0,0.000,0.00,0.000,0.000,0.000
1,ec.gp.GPIndividual@1390125361{917948461},3C_20_80-02.txt,35.738,0.100,3.574,0,0.000,0.00,0.000,0.000,0.000
1,ec.gp.GPIndividual@1390125361{917948461},3C_20_80-03.txt,169.439,0.100,16.944,0,0.000,0.00,0.000,0.000,0.000
1,ec.gp.GPIndividual@56156626{-80245454},3C_20_50-02.txt,61.404,0.100,6.140,0,0.000,0.00,0.000,0.000,0.000
1,ec.gp.GPIndividual@56156626{-80245454},3C_20_50-03.txt,30.993,0.100,3.099,0,0.000,0.00,0.000,0.000,0.000
1,ec.gp.GPIndividual@56156626{-80245454},3C_20_66-01.txt,7.322,0.100,0.732,0,0.000,0.00,0.000,0.000,0.000
1,ec.gp.GPIndividual@56156626{-80245454},3C_20_66-02.txt,154.245,0.100,15.424,0,0.000,0.00,0.000,0.000,0.000
1,ec.gp.GPIndividual@56156626{-80245454},3C_20_66-03.txt,118.340,0.100,11.834,0,0.000,0.00,0.000,0.000,0.000
1,ec.gp.GPIndividual@56156626{-80245454},3C_20_80-01.txt,4.194,0.100,0.419,0,0.000,0.00,0.000,0.000,0.000
1,ec.gp.GPIndividual@56156626{-80245454},3C_20_80-02.txt,35.738,0.100,3.574,0,0.000,0.00,0.000,0.000,0.000
1,ec.gp.GPIndividual@56156626{-80245454},3C_20_80-03.txt,169.439,0.100,16.944,0,0.000,0.00,0.000,0.000,0.000
1,ec.gp.GPIndividual@749420031{-1354104352},3C_20_50-02.txt,61.404,0.100,6.140,1,0.703,11.45,0.703,0.703,0.703
1,ec.gp.GPIndividual@749420031{-1354104352},3C_20_80-03.txt,169.439,0.100,16.944,2,0.422,2.49,0.211,0.703,0.188
1,ec.gp.GPIndividual@749420031{-1354104352},3C_20_50-03.txt,30.993,0.100,3.099,1,1.234,39.83,1.234,1.234,0.188
1,ec.gp.GPIndividual@749420031{-1354104352},3C_20_80-03.txt,169.439,0.100,16.944,3,6.641,39.19,2.214,5.328,0.000
1,ec.gp.GPIndividual@296065411{-1506697643},3C_20_50-02.txt,61.404,0.100,6.140,2,0.453,7.38,0.227,0.234,0.219
1,ec.gp.GPIndividual@296065411{-1506697643},3C_20_50-03.txt,30.993,0.100,3.099,1,3.391,109.40,3.391,3.391,0.219
1,ec.gp.GPIndividual@1299339775{865398444},3C_20_50-02.txt,61.404,0.100,6.140,0,0.000,0.00,0.000,0.000,0.000
1,ec.gp.GPIndividual@1299339775{865398444},3C_20_50-03.txt,30.993,0.100,3.099,0,0.000,0.00,0.000,0.000,0.000
1,ec.gp.GPIndividual@1299339775{865398444},3C_20_66-01.txt,7.322,0.100,0.732,0,0.000,0.00,0.000,0.000,0.000
1,ec.gp.GPIndividual@1299339775{865398444},3C_20_66-02.txt,154.245,0.100,15.424,0,0.000,0.00,0.000,0.000,0.000
1,ec.gp.GPIndividual@1299339775{865398444},3C_20_66-03.txt,118.340,0.100,11.834,0,0.000,0.00,0.000,0.000,0.000
1,ec.gp.GPIndividual@1299339775{865398444},3C_20_80-01.txt,4.194,0.100,0.419,0,0.000,0.00,0.000,0.000,0.000
1,ec.gp.GPIndividual@1299339775{865398444},3C_20_80-02.txt,35.738,0.100,3.574,0,0.000,0.00,0.000,0.000,0.000
1,ec.gp.GPIndividual@1299339775{865398444},3C_20_80-03.txt,169.439,0.100,16.944,0,0.000,0.00,0.000,0.000,0.000
1,ec.gp.GPIndividual@2123837339{525578642},3C_20_50-02.txt,61.404,0.100,6.140,0,0.000,0.00,0.000,0.000,0.000
1,ec.gp.GPIndividual@2123837339{525578642},3C_20_50-03.txt,30.993,0.100,3.099,0,0.000,0.00,0.000,0.000,0.000
1,ec.gp.GPIndividual@2123837339{525578642},3C_20_66-01.txt,7.322,0.100,0.732,0,0.000,0.00,0.000,0.000,0.000
1,ec.gp.GPIndividual@2123837339{525578642},3C_20_66-02.txt,154.245,0.100,15.424,0,0.000,0.00,0.000,0.000,0.000
1,ec.gp.GPIndividual@2123837339{525578642},3C_20_66-03.txt,118.340,0.100,11.834,0,0.000,0.00,0.000,0.000,0.000
1,ec.gp.GPIndividual@2123837339{525578642},3C_20_80-01.txt,4.194,0.100,0.419,0,0.000,0.00,0.000,0.000,0.000
1,ec.gp.GPIndividual@2123837339{525578642},3C_20_80-02.txt,35.738,0.100,3.574,0,0.000,0.00,0.000,0.000,0.000
1,ec.gp.GPIndividual@2123837339{525578642},3C_20_80-03.txt,169.439,0.100,16.944,0,0.000,0.00,0.000,0.000,0.000
1,ec.gp.GPIndividual@1747122002{791398392},3C_20_50-02.txt,61.404,0.100,6.140,1,0.344,5.60,0.344,0.344,0.344
1,ec.gp.GPIndividual@1747122002{791398392},3C_20_50-03.txt,30.993,0.100,3.099,1,3.313,106.88,3.313,3.313,0.344
1,ec.gp.GPIndividual@1997574498{395898069},3C_20_50-02.txt,61.404,0.100,6.140,0,0.000,0.00,0.000,0.000,0.000
1,ec.gp.GPIndividual@1997574498{395898069},3C_20_50-03.txt,30.993,0.100,3.099,0,0.000,0.00,0.000,0.000,0.000
1,ec.gp.GPIndividual@1997574498{395898069},3C_20_66-01.txt,7.322,0.100,0.732,0,0.000,0.00,0.000,0.000,0.000
1,ec.gp.GPIndividual@1997574498{395898069},3C_20_66-02.txt,154.245,0.100,15.424,0,0.000,0.00,0.000,0.000,0.000
1,ec.gp.GPIndividual@1997574498{395898069},3C_20_66-03.txt,118.340,0.100,11.834,0,0.000,0.00,0.000,0.000,0.000
1,ec.gp.GPIndividual@1997574498{395898069},3C_20_80-01.txt,4.194,0.100,0.419,0,0.000,0.00,0.000,0.000,0.000
1,ec.gp.GPIndividual@1997574498{395898069},3C_20_80-02.txt,35.738,0.100,3.574,0,0.000,0.00,0.000,0.000,0.000
1,ec.gp.GPIndividual@1997574498{395898069},3C_20_80-03.txt,169.439,0.100,16.944,0,0.000,0.00,0.000,0.000,0.000
1,ec.gp.GPIndividual@384829931{2139767528},3C_20_50-02.txt,61.404,0.100,6.140,0,0.000,0.00,0.000,0.000,0.000
1,ec.gp.GPIndividual@384829931{2139767528},3C_20_50-03.txt,30.993,0.100,3.099,0,0.000,0.00,0.000,0.000,0.000
1,ec.gp.GPIndividual@384829931{2139767528},3C_20_66-01.txt,7.322,0.100,0.732,0,0.000,0.00,0.000,0.000,0.000
1,ec.gp.GPIndividual@384829931{2139767528},3C_20_66-02.txt,154.245,0.100,15.424,0,0.000,0.00,0.000,0.000,0.000
1,ec.gp.GPIndividual@384829931{2139767528},3C_20_66-03.txt,118.340,0.100,11.834,0,0.000,0.00,0.000,0.000,0.000
1,ec.gp.GPIndividual@384829931{2139767528},3C_20_80-01.txt,4.194,0.100,0.419,0,0.000,0.00,0.000,0.000,0.000
1,ec.gp.GPIndividual@384829931{2139767528},3C_20_80-02.txt,35.738,0.100,3.574,0,0.000,0.00,0.000,0.000,0.000
1,ec.gp.GPIndividual@384829931{2139767528},3C_20_80-03.txt,169.439,0.100,16.944,0,0.000,0.00,0.000,0.000,0.000
1,ec.gp.GPIndividual@1704681321{1086308428},3C_20_50-02.txt,61.404,0.100,6.140,0,0.000,0.00,0.000,0.000,0.000
1,ec.gp.GPIndividual@1704681321{1086308428},3C_20_50-03.txt,30.993,0.100,3.099,0,0.000,0.00,0.000,0.000,0.000
1,ec.gp.GPIndividual@1704681321{1086308428},3C_20_66-01.txt,7.322,0.100,0.732,0,0.000,0.00,0.000,0.000,0.000
1,ec.gp.GPIndividual@1704681321{1086308428},3C_20_66-02.txt,154.245,0.100,15.424,0,0.000,0.00,0.000,0.000,0.000
1,ec.gp.GPIndividual@1704681321{1086308428},3C_20_66-03.txt,118.340,0.100,11.834,0,0.000,0.00,0.000,0.000,0.000
1,ec.gp.GPIndividual@1704681321{1086308428},3C_20_80-01.txt,4.194,0.100,0.419,0,0.000,0.00,0.000,0.000,0.000
1,ec.gp.GPIndividual@1704681321{1086308428},3C_20_80-02.txt,35.738,0.100,3.574,0,0.000,0.00,0.000,0.000,0.000
1,ec.gp.GPIndividual@1704681321{1086308428},3C_20_80-03.txt,169.439,0.100,16.944,0,0.000,0.00,0.000,0.000,0.000
1,ec.gp.GPIndividual@39234486{948265319},3C_20_50-02.txt,61.404,0.100,6.140,0,0.000,0.00,0.000,0.000,0.000
1,ec.gp.GPIndividual@39234486{948265319},3C_20_50-03.txt,30.993,0.100,3.099,0,0.000,0.00,0.000,0.000,0.000
1,ec.gp.GPIndividual@39234486{948265319},3C_20_66-01.txt,7.322,0.100,0.732,0,0.000,0.00,0.000,0.000,0.000
1,ec.gp.GPIndividual@39234486{948265319},3C_20_66-02.txt,154.245,0.100,15.424,0,0.000,0.00,0.000,0.000,0.000
1,ec.gp.GPIndividual@39234486{948265319},3C_20_66-03.txt,118.340,0.100,11.834,0,0.000,0.00,0.000,0.000,0.000
1,ec.gp.GPIndividual@39234486{948265319},3C_20_80-01.txt,4.194,0.100,0.419,0,0.000,0.00,0.000,0.000,0.000
1,ec.gp.GPIndividual@39234486{948265319},3C_20_80-02.txt,35.738,0.100,3.574,0,0.000,0.00,0.000,0.000,0.000
1,ec.gp.GPIndividual@39234486{948265319},3C_20_80-03.txt,169.439,0.100,16.944,0,0.000,0.00,0.000,0.000,0.000
1,ec.gp.GPIndividual@1899929887{-242781511},3C_20_50-02.txt,61.404,0.100,6.140,2,2.672,43.51,1.336,2.453,0.219
1,ec.gp.GPIndividual@1899929887{-242781511},3C_20_66-01.txt,7.322,0.100,0.732,2,1.594,217.66,0.797,2.453,0.219
1,ec.gp.GPIndividual@1899929887{-242781511},3C_20_66-02.txt,154.245,0.100,15.424,1,1.313,8.51,1.313,2.453,0.219
1,ec.gp.GPIndividual@1899929887{-242781511},3C_20_66-01.txt,7.322,0.100,0.732,1,0.984,134.44,0.984,2.453,0.219
1,ec.gp.GPIndividual@1899929887{-242781511},3C_20_50-03.txt,30.993,0.100,3.099,1,0.328,10.59,0.328,2.453,0.219
1,ec.gp.GPIndividual@1899929887{-242781511},3C_20_66-02.txt,154.245,0.100,15.424,2,2.797,18.13,1.398,2.453,0.219
1,ec.gp.GPIndividual@1899929887{-242781511},3C_20_66-01.txt,7.322,0.100,0.732,1,1.266,172.85,1.266,2.453,0.219
1,ec.gp.GPIndividual@1899929887{-242781511},3C_20_66-01.txt,7.322,0.100,0.732,3,0.656,89.62,0.219,2.453,0.000
1,ec.gp.GPIndividual@1899929887{-242781511},3C_20_66-02.txt,154.245,0.100,15.424,1,1.359,8.81,1.359,2.453,0.000
1,ec.gp.GPIndividual@1899929887{-242781511},3C_20_66-03.txt,118.340,0.100,11.834,3,2.484,20.99,0.828,2.453,0.000
1,ec.gp.GPIndividual@1899929887{-242781511},3C_20_66-03.txt,118.340,0.100,11.834,2,1.516,12.81,0.758,2.453,0.000
1,ec.gp.GPIndividual@1899929887{-242781511},3C_20_66-03.txt,118.340,0.100,11.834,1,0.938,7.92,0.938,2.453,0.000
1,ec.gp.GPIndividual@1899929887{-242781511},3C_20_66-02.txt,154.245,0.100,15.424,2,4.844,31.40,2.422,3.391,0.000
1,ec.gp.GPIndividual@1899929887{-242781511},3C_20_80-01.txt,4.194,0.100,0.419,1,0.203,48.43,0.203,3.391,0.000
1,ec.gp.GPIndividual@1899929887{-242781511},3C_20_80-02.txt,35.738,0.100,3.574,1,3.578,100.12,3.578,3.578,0.000
1,ec.gp.GPIndividual@1899929887{-242781511},3C_20_80-01.txt,4.194,0.100,0.419,2,0.328,78.23,0.164,3.578,0.000
1,ec.gp.GPIndividual@1899929887{-242781511},3C_20_80-02.txt,35.738,0.100,3.574,1,1.516,42.41,1.516,3.578,0.000
1,ec.gp.GPIndividual@1899929887{-242781511},3C_20_66-03.txt,118.340,0.100,11.834,1,1.203,10.17,1.203,3.578,0.000
1,ec.gp.GPIndividual@1899929887{-242781511},3C_20_80-03.txt,169.439,0.100,16.944,5,8.141,48.04,1.628,3.578,0.000
1,ec.gp.GPIndividual@1899929887{-242781511},3C_20_80-03.txt,169.439,0.100,16.944,1,3.359,19.83,3.359,3.578,0.000
1,ec.gp.GPIndividual@1190993658{-521668335},3C_20_50-02.txt,61.404,0.100,6.140,0,0.000,0.00,0.000,0.000,0.000
1,ec.gp.GPIndividual@1190993658{-521668335},3C_20_50-03.txt,30.993,0.100,3.099,0,0.000,0.00,0.000,0.000,0.000
1,ec.gp.GPIndividual@1190993658{-521668335},3C_20_66-01.txt,7.322,0.100,0.732,0,0.000,0.00,0.000,0.000,0.000
1,ec.gp.GPIndividual@1190993658{-521668335},3C_20_66-02.txt,154.245,0.100,15.424,0,0.000,0.00,0.000,0.000,0.000
1,ec.gp.GPIndividual@1190993658{-521668335},3C_20_66-03.txt,118.340,0.100,11.834,0,0.000,0.00,0.000,0.000,0.000
1,ec.gp.GPIndividual@1190993658{-521668335},3C_20_80-01.txt,4.194,0.100,0.419,0,0.000,0.00,0.000,0.000,0.000
1,ec.gp.GPIndividual@1190993658{-521668335},3C_20_80-02.txt,35.738,0.100,3.574,0,0.000,0.00,0.000,0.000,0.000
1,ec.gp.GPIndividual@1190993658{-521668335},3C_20_80-03.txt,169.439,0.100,16.944,0,0.000,0.00,0.000,0.000,0.000
1,ec.gp.GPIndividual@1235287357{-1506697643},3C_20_50-02.txt,61.404,0.100,6.140,2,0.719,11.71,0.359,0.531,0.188
1,ec.gp.GPIndividual@1235287357{-1506697643},3C_20_80-03.txt,169.439,0.100,16.944,1,0.172,1.01,0.172,0.531,0.172
1,ec.gp.GPIndividual@1235287357{-1506697643},3C_20_50-03.txt,30.993,0.100,3.099,1,3.422,110.41,3.422,3.422,0.172
1,ec.gp.GPIndividual@1235287357{-1506697643},3C_20_80-01.txt,4.194,0.100,0.419,3,1.609,383.69,0.536,3.422,0.141
1,ec.gp.GPIndividual@1235287357{-1506697643},3C_20_80-02.txt,35.738,0.100,3.574,3,3.438,96.19,1.146,3.422,0.141
1,ec.gp.GPIndividual@2013651849{-1339321555},3C_20_50-02.txt,61.404,0.100,6.140,0,0.000,0.00,0.000,0.000,0.000
1,ec.gp.GPIndividual@2013651849{-1339321555},3C_20_50-03.txt,30.993,0.100,3.099,0,0.000,0.00,0.000,0.000,0.000
1,ec.gp.GPIndividual@2013651849{-1339321555},3C_20_66-01.txt,7.322,0.100,0.732,0,0.000,0.00,0.000,0.000,0.000
1,ec.gp.GPIndividual@2013651849{-1339321555},3C_20_66-02.txt,154.245,0.100,15.424,0,0.000,0.00,0.000,0.000,0.000
1,ec.gp.GPIndividual@2013651849{-1339321555},3C_20_66-03.txt,118.340,0.100,11.834,0,0.000,0.00,0.000,0.000,0.000
1,ec.gp.GPIndividual@2013651849{-1339321555},3C_20_80-01.txt,4.194,0.100,0.419,0,0.000,0.00,0.000,0.000,0.000
1,ec.gp.GPIndividual@2013651849{-1339321555},3C_20_80-02.txt,35.738,0.100,3.574,0,0.000,0.00,0.000,0.000,0.000
1,ec.gp.GPIndividual@2013651849{-1339321555},3C_20_80-03.txt,169.439,0.100,16.944,0,0.000,0.00,0.000,0.000,0.000
1,ec.gp.GPIndividual@197225512{-948533135},3C_20_50-02.txt,61.404,0.100,6.140,2,0.609,9.92,0.305,0.484,0.125
1,ec.gp.GPIndividual@197225512{-948533135},3C_20_50-03.txt,30.993,0.100,3.099,1,3.172,102.34,3.172,3.172,0.125
1,ec.gp.GPIndividual@197225512{-948533135},3C_20_80-01.txt,4.194,0.100,0.419,2,1.313,312.91,0.656,3.172,0.125
1,ec.gp.GPIndividual@197225512{-948533135},3C_20_66-01.txt,7.322,0.100,0.732,2,0.594,81.09,0.297,3.172,0.125
1,ec.gp.GPIndividual@197225512{-948533135},3C_20_80-02.txt,35.738,0.100,3.574,1,0.234,6.56,0.234,3.172,0.125
1,ec.gp.GPIndividual@197225512{-948533135},3C_20_66-02.txt,154.245,0.100,15.424,4,2.016,13.07,0.504,3.172,0.125
1,ec.gp.GPIndividual@197225512{-948533135},3C_20_66-03.txt,118.340,0.100,11.834,1,0.406,3.43,0.406,3.172,0.125
1,ec.gp.GPIndividual@197225512{-948533135},3C_20_80-03.txt,169.439,0.100,16.944,3,4.219,24.90,1.406,3.172,0.125
1,ec.gp.GPIndividual@197225512{-948533135},3C_20_80-01.txt,4.194,0.100,0.419,2,0.297,70.78,0.148,3.172,0.109
1,ec.gp.GPIndividual@197225512{-948533135},3C_20_80-02.txt,35.738,0.100,3.574,3,2.203,61.65,0.734,3.172,0.109
1,ec.gp.GPIndividual@197225512{-948533135},3C_20_80-03.txt,169.439,0.100,16.944,1,0.938,5.53,0.938,3.172,0.109
1,ec.gp.GPIndividual@221434794{-126690620},3C_20_50-02.txt,61.404,0.100,6.140,0,0.000,0.00,0.000,0.000,0.000
1,ec.gp.GPIndividual@221434794{-126690620},3C_20_50-03.txt,30.993,0.100,3.099,0,0.000,0.00,0.000,0.000,0.000
1,ec.gp.GPIndividual@221434794{-126690620},3C_20_66-01.txt,7.322,0.100,0.732,0,0.000,0.00,0.000,0.000,0.000
1,ec.gp.GPIndividual@221434794{-126690620},3C_20_66-02.txt,154.245,0.100,15.424,0,0.000,0.00,0.000,0.000,0.000
1,ec.gp.GPIndividual@221434794{-126690620},3C_20_66-03.txt,118.340,0.100,11.834,0,0.000,0.00,0.000,0.000,0.000
1,ec.gp.GPIndividual@221434794{-126690620},3C_20_80-01.txt,4.194,0.100,0.419,0,0.000,0.00,0.000,0.000,0.000
1,ec.gp.GPIndividual@221434794{-126690620},3C_20_80-02.txt,35.738,0.100,3.574,0,0.000,0.00,0.000,0.000,0.000
1,ec.gp.GPIndividual@221434794{-126690620},3C_20_80-03.txt,169.439,0.100,16.944,0,0.000,0.00,0.000,0.000,0.000
1,ec.gp.GPIndividual@1328910720{1239925038},3C_20_50-02.txt,61.404,0.100,6.140,0,0.000,0.00,0.000,0.000,0.000
1,ec.gp.GPIndividual@1328910720{1239925038},3C_20_50-03.txt,30.993,0.100,3.099,0,0.000,0.00,0.000,0.000,0.000
1,ec.gp.GPIndividual@1328910720{1239925038},3C_20_66-01.txt,7.322,0.100,0.732,0,0.000,0.00,0.000,0.000,0.000
1,ec.gp.GPIndividual@1328910720{1239925038},3C_20_66-02.txt,154.245,0.100,15.424,0,0.000,0.00,0.000,0.000,0.000
1,ec.gp.GPIndividual@1328910720{1239925038},3C_20_66-03.txt,118.340,0.100,11.834,0,0.000,0.00,0.000,0.000,0.000
1,ec.gp.GPIndividual@1328910720{1239925038},3C_20_80-01.txt,4.194,0.100,0.419,0,0.000,0.00,0.000,0.000,0.000
1,ec.gp.GPIndividual@1328910720{1239925038},3C_20_80-02.txt,35.738,0.100,3.574,0,0.000,0.00,0.000,0.000,0.000
1,ec.gp.GPIndividual@1328910720{1239925038},3C_20_80-03.txt,169.439,0.100,16.944,0,0.000,0.00,0.000,0.000,0.000
1,ec.gp.GPIndividual@1918988388{-51224161},3C_20_50-02.txt,61.404,0.100,6.140,1,0.031,0.51,0.031,0.031,0.031
1,ec.gp.GPIndividual@1918988388{-51224161},3C_20_50-03.txt,30.993,0.100,3.099,1,0.578,18.65,0.578,0.578,0.031
1,ec.gp.GPIndividual@1918988388{-51224161},3C_20_66-01.txt,7.322,0.100,0.732,1,0.125,17.07,0.125,0.578,0.031
1,ec.gp.GPIndividual@1918988388{-51224161},3C_20_66-02.txt,154.245,0.100,15.424,1,0.313,2.03,0.313,0.578,0.031
1,ec.gp.GPIndividual@1918988388{-51224161},3C_20_66-03.txt,118.340,0.100,11.834,1,0.797,6.73,0.797,0.797,0.031
1,ec.gp.GPIndividual@1918988388{-51224161},3C_20_80-01.txt,4.194,0.100,0.419,1,0.156,37.25,0.156,0.797,0.031
1,ec.gp.GPIndividual@1918988388{-51224161},3C_20_80-02.txt,35.738,0.100,3.574,1,0.250,7.00,0.250,0.797,0.031
1,ec.gp.GPIndividual@1918988388{-51224161},3C_20_80-03.txt,169.439,0.100,16.944,1,0.766,4.52,0.766,0.797,0.031
1,ec.gp.GPIndividual@632278026{1221619809},3C_20_50-02.txt,61.404,0.100,6.140,1,0.000,0.00,0.000,0.000,0.000
1,ec.gp.GPIndividual@632278026{1221619809},3C_20_50-03.txt,30.993,0.100,3.099,1,0.000,0.00,0.000,0.000,0.000
1,ec.gp.GPIndividual@632278026{1221619809},3C_20_66-01.txt,7.322,0.100,0.732,1,0.000,0.00,0.000,0.000,0.000
1,ec.gp.GPIndividual@632278026{1221619809},3C_20_66-02.txt,154.245,0.100,15.424,1,0.000,0.00,0.000,0.000,0.000
1,ec.gp.GPIndividual@632278026{1221619809},3C_20_66-03.txt,118.340,0.100,11.834,1,0.000,0.00,0.000,0.000,0.000
1,ec.gp.GPIndividual@632278026{1221619809},3C_20_80-01.txt,4.194,0.100,0.419,1,0.000,0.00,0.000,0.000,0.000
1,ec.gp.GPIndividual@632278026{1221619809},3C_20_80-02.txt,35.738,0.100,3.574,1,0.000,0.00,0.000,0.000,0.000
1,ec.gp.GPIndividual@632278026{1221619809},3C_20_80-03.txt,169.439,0.100,16.944,1,0.000,0.00,0.000,0.000,0.000
2,ec.gp.GPIndividual@2021868342{2139767528},3C_20_50-02.txt,61.404,0.100,6.140,1,0.000,0.00,0.000,0.000,0.000
2,ec.gp.GPIndividual@45327568{366929167},3C_20_50-02.txt,61.404,0.100,6.140,0,0.000,0.00,0.000,0.000,0.000
2,ec.gp.GPIndividual@45327568{366929167},3C_20_66-01.txt,7.322,0.100,0.732,0,0.000,0.00,0.000,0.000,0.000
2,ec.gp.GPIndividual@45327568{366929167},3C_20_66-01.txt,7.322,0.100,0.732,0,0.000,0.00,0.000,0.000,0.000
2,ec.gp.GPIndividual@45327568{366929167},3C_20_66-01.txt,7.322,0.100,0.732,0,0.000,0.00,0.000,0.000,0.000
2,ec.gp.GPIndividual@45327568{366929167},3C_20_66-02.txt,154.245,0.100,15.424,0,0.000,0.00,0.000,0.000,0.000
2,ec.gp.GPIndividual@45327568{366929167},3C_20_66-02.txt,154.245,0.100,15.424,0,0.000,0.00,0.000,0.000,0.000
2,ec.gp.GPIndividual@45327568{366929167},3C_20_50-03.txt,30.993,0.100,3.099,1,0.000,0.00,0.000,0.000,0.000
2,ec.gp.GPIndividual@45327568{366929167},3C_20_50-03.txt,30.993,0.100,3.099,0,0.000,0.00,0.000,0.000,0.000
2,ec.gp.GPIndividual@45327568{366929167},3C_20_50-03.txt,30.993,0.100,3.099,0,0.000,0.00,0.000,0.000,0.000
2,ec.gp.GPIndividual@45327568{366929167},3C_20_50-03.txt,30.993,0.100,3.099,0,0.000,0.00,0.000,0.000,0.000
2,ec.gp.GPIndividual@45327568{366929167},3C_20_66-01.txt,7.322,0.100,0.732,0,0.000,0.00,0.000,0.000,0.000
2,ec.gp.GPIndividual@45327568{366929167},3C_20_66-01.txt,7.322,0.100,0.732,1,0.000,0.00,0.000,0.000,0.000
2,ec.gp.GPIndividual@45327568{366929167},3C_20_66-01.txt,7.322,0.100,0.732,0,0.000,0.00,0.000,0.000,0.000
2,ec.gp.GPIndividual@45327568{366929167},3C_20_66-01.txt,7.322,0.100,0.732,0,0.000,0.00,0.000,0.000,0.000
2,ec.gp.GPIndividual@45327568{366929167},3C_20_66-01.txt,7.322,0.100,0.732,0,0.000,0.00,0.000,0.000,0.000
2,ec.gp.GPIndividual@45327568{366929167},3C_20_80-02.txt,35.738,0.100,3.574,0,0.000,0.00,0.000,0.000,0.000
2,ec.gp.GPIndividual@45327568{366929167},3C_20_66-02.txt,154.245,0.100,15.424,0,0.000,0.00,0.000,0.000,0.000
2,ec.gp.GPIndividual@45327568{366929167},3C_20_66-03.txt,118.340,0.100,11.834,1,0.000,0.00,0.000,0.000,0.000
2,ec.gp.GPIndividual@45327568{366929167},3C_20_66-03.txt,118.340,0.100,11.834,1,0.000,0.00,0.000,0.000,0.000
2,ec.gp.GPIndividual@45327568{366929167},3C_20_80-03.txt,169.439,0.100,16.944,0,0.000,0.00,0.000,0.000,0.000
2,ec.gp.GPIndividual@45327568{366929167},3C_20_80-01.txt,4.194,0.100,0.419,1,0.000,0.00,0.000,0.000,0.000
2,ec.gp.GPIndividual@45327568{366929167},3C_20_66-03.txt,118.340,0.100,11.834,0,0.000,0.00,0.000,0.000,0.000
2,ec.gp.GPIndividual@45327568{366929167},3C_20_66-03.txt,118.340,0.100,11.834,0,0.000,0.00,0.000,0.000,0.000
2,ec.gp.GPIndividual@45327568{366929167},3C_20_80-01.txt,4.194,0.100,0.419,0,0.000,0.00,0.000,0.000,0.000
2,ec.gp.GPIndividual@45327568{366929167},3C_20_80-01.txt,4.194,0.100,0.419,0,0.000,0.00,0.000,0.000,0.000
2,ec.gp.GPIndividual@45327568{366929167},3C_20_80-01.txt,4.194,0.100,0.419,0,0.000,0.00,0.000,0.000,0.000
2,ec.gp.GPIndividual@45327568{366929167},3C_20_80-01.txt,4.194,0.100,0.419,0,0.000,0.00,0.000,0.000,0.000
2,ec.gp.GPIndividual@45327568{366929167},3C_20_80-02.txt,35.738,0.100,3.574,0,0.000,0.00,0.000,0.000,0.000
2,ec.gp.GPIndividual@45327568{366929167},3C_20_80-02.txt,35.738,0.100,3.574,1,0.000,0.00,0.000,0.000,0.000
2,ec.gp.GPIndividual@45327568{366929167},3C_20_80-02.txt,35.738,0.100,3.574,1,0.000,0.00,0.000,0.000,0.000
2,ec.gp.GPIndividual@45327568{366929167},3C_20_80-03.txt,169.439,0.100,16.944,1,0.000,0.00,0.000,0.000,0.000
2,ec.gp.GPIndividual@45327568{366929167},3C_20_80-03.txt,169.439,0.100,16.944,0,0.000,0.00,0.000,0.000,0.000
2,ec.gp.GPIndividual@50976020{1571204808},3C_20_50-02.txt,61.404,0.100,6.140,1,0.000,0.00,0.000,0.000,0.000
2,ec.gp.GPIndividual@1180002315{343189013},3C_20_50-02.txt,61.404,0.100,6.140,0,0.000,0.00,0.000,0.000,0.000
2,ec.gp.GPIndividual@1180002315{343189013},3C_20_50-03.txt,30.993,0.100,3.099,1,0.000,0.00,0.000,0.000,0.000
2,ec.gp.GPIndividual@1489517070{-1964476444},3C_20_50-02.txt,61.404,0.100,6.140,0,0.000,0.00,0.000,0.000,0.000
2,ec.gp.GPIndividual@1489517070{-1964476444},3C_20_66-02.txt,154.245,0.100,15.424,1,0.000,0.00,0.000,0.000,0.000
2,ec.gp.GPIndividual@1489517070{-1964476444},3C_20_80-01.txt,4.194,0.100,0.419,0,0.000,0.00,0.000,0.000,0.000
2,ec.gp.GPIndividual@1489517070{-1964476444},3C_20_66-03.txt,118.340,0.100,11.834,1,0.000,0.00,0.000,0.000,0.000
2,ec.gp.GPIndividual@1489517070{-1964476444},3C_20_80-01.txt,4.194,0.100,0.419,1,0.000,0.00,0.000,0.000,0.000
2,ec.gp.GPIndividual@1489517070{-1964476444},3C_20_80-02.txt,35.738,0.100,3.574,1,0.000,0.00,0.000,0.000,0.000
2,ec.gp.GPIndividual@1489517070{-1964476444},3C_20_80-02.txt,35.738,0.100,3.574,0,0.000,0.00,0.000,0.000,0.000
2,ec.gp.GPIndividual@1489517070{-1964476444},3C_20_80-03.txt,169.439,0.100,16.944,1,0.000,0.00,0.000,0.000,0.000
2,ec.gp.GPIndividual@1151719705{1759966666},3C_20_50-02.txt,61.404,0.100,6.140,1,0.000,0.00,0.000,0.000,0.000
2,ec.gp.GPIndividual@1151719705{1759966666},3C_20_50-03.txt,30.993,0.100,3.099,1,0.000,0.00,0.000,0.000,0.000
2,ec.gp.GPIndividual@1151719705{1759966666},3C_20_80-03.txt,169.439,0.100,16.944,0,0.000,0.00,0.000,0.000,0.000
2,ec.gp.GPIndividual@1151719705{1759966666},3C_20_66-01.txt,7.322,0.100,0.732,1,0.000,0.00,0.000,0.000,0.000
2,ec.gp.GPIndividual@1151719705{1759966666},3C_20_66-02.txt,154.245,0.100,15.424,1,0.000,0.00,0.000,0.000,0.000
2,ec.gp.GPIndividual@1453819922{1086308428},3C_20_50-02.txt,61.404,0.100,6.140,0,0.000,0.00,0.000,0.000,0.000
2,ec.gp.GPIndividual@1453819922{1086308428},3C_20_80-01.txt,4.194,0.100,0.419,1,0.000,0.00,0.000,0.000,0.000
2,ec.gp.GPIndividual@1453819922{1086308428},3C_20_50-03.txt,30.993,0.100,3.099,0,0.000,0.00,0.000,0.000,0.000
2,ec.gp.GPIndividual@1453819922{1086308428},3C_20_80-02.txt,35.738,0.100,3.574,1,0.000,0.00,0.000,0.000,0.000
2,ec.gp.GPIndividual@1453819922{1086308428},3C_20_66-01.txt,7.322,0.100,0.732,0,0.000,0.00,0.000,0.000,0.000
2,ec.gp.GPIndividual@1453819922{1086308428},3C_20_80-03.txt,169.439,0.100,16.944,1,0.000,0.00,0.000,0.000,0.000
2,ec.gp.GPIndividual@1453819922{1086308428},3C_20_66-02.txt,154.245,0.100,15.424,0,0.000,0.00,0.000,0.000,0.000
2,ec.gp.GPIndividual@994197176{1626533548},3C_20_50-02.txt,61.404,0.100,6.140,0,0.000,0.00,0.000,0.000,0.000
2,ec.gp.GPIndividual@994197176{1626533548},3C_20_80-01.txt,4.194,0.100,0.419,0,0.000,0.00,0.000,0.000,0.000
2,ec.gp.GPIndividual@994197176{1626533548},3C_20_50-03.txt,30.993,0.100,3.099,0,0.000,0.00,0.000,0.000,0.000
2,ec.gp.GPIndividual@994197176{1626533548},3C_20_80-02.txt,35.738,0.100,3.574,0,0.000,0.00,0.000,0.000,0.000
2,ec.gp.GPIndividual@994197176{1626533548},3C_20_80-02.txt,35.738,0.100,3.574,0,0.000,0.00,0.000,0.000,0.000
2,ec.gp.GPIndividual@994197176{1626533548},3C_20_66-01.txt,7.322,0.100,0.732,0,0.000,0.00,0.000,0.000,0.000
2,ec.gp.GPIndividual@413196014{1175568684},3C_20_50-02.txt,61.404,0.100,6.140,0,0.000,0.00,0.000,0.000,0.000
2,ec.gp.GPIndividual@413196014{1175568684},3C_20_66-02.txt,154.245,0.100,15.424,0,0.000,0.00,0.000,0.000,0.000
2,ec.gp.GPIndividual@413196014{1175568684},3C_20_66-03.txt,118.340,0.100,11.834,0,0.000,0.00,0.000,0.000,0.000
2,ec.gp.GPIndividual@413196014{1175568684},3C_20_50-03.txt,30.993,0.100,3.099,0,0.000,0.00,0.000,0.000,0.000
2,ec.gp.GPIndividual@413196014{1175568684},3C_20_80-01.txt,4.194,0.100,0.419,0,0.000,0.00,0.000,0.000,0.000
2,ec.gp.GPIndividual@413196014{1175568684},3C_20_80-02.txt,35.738,0.100,3.574,0,0.000,0.00,0.000,0.000,0.000
2,ec.gp.GPIndividual@413196014{1175568684},3C_20_80-03.txt,169.439,0.100,16.944,0,0.000,0.00,0.000,0.000,0.000
2,ec.gp.GPIndividual@960343789{-1461450063},3C_20_50-02.txt,61.404,0.100,6.140,1,0.000,0.00,0.000,0.000,0.000
2,ec.gp.GPIndividual@960343789{-1461450063},3C_20_66-01.txt,7.322,0.100,0.732,0,0.000,0.00,0.000,0.000,0.000
2,ec.gp.GPIndividual@960343789{-1461450063},3C_20_66-02.txt,154.245,0.100,15.424,0,0.000,0.00,0.000,0.000,0.000
2,ec.gp.GPIndividual@960343789{-1461450063},3C_20_66-03.txt,118.340,0.100,11.834,1,0.359,3.04,0.359,0.359,0.000
2,ec.gp.GPIndividual@960343789{-1461450063},3C_20_50-03.txt,30.993,0.100,3.099,5,1.438,46.38,0.288,0.359,0.000
2,ec.gp.GPIndividual@960343789{-1461450063},3C_20_50-03.txt,30.993,0.100,3.099,1,0.250,8.07,0.250,0.359,0.000
2,ec.gp.GPIndividual@960343789{-1461450063},3C_20_50-03.txt,30.993,0.100,3.099,1,0.422,13.61,0.422,0.422,0.000
2,ec.gp.GPIndividual@960343789{-1461450063},3C_20_50-03.txt,30.993,0.100,3.099,3,3.531,113.94,1.177,1.297,0.000
2,ec.gp.GPIndividual@960343789{-1461450063},3C_20_66-01.txt,7.322,0.100,0.732,2,0.313,42.68,0.156,1.297,0.000
2,ec.gp.GPIndividual@960343789{-1461450063},3C_20_66-02.txt,154.245,0.100,15.424,5,3.641,23.60,0.728,1.344,0.000
2,ec.gp.GPIndividual@960343789{-1461450063},3C_20_50-03.txt,30.993,0.100,3.099,0,0.000,0.00,0.000,1.344,0.000
2,ec.gp.GPIndividual@960343789{-1461450063},3C_20_66-01.txt,7.322,0.100,0.732,3,0.719,98.16,0.240,1.344,0.000
2,ec.gp.GPIndividual@960343789{-1461450063},3C_20_66-01.txt,7.322,0.100,0.732,0,0.000,0.00,0.000,1.344,0.000
2,ec.gp.GPIndividual@960343789{-1461450063},3C_20_66-01.txt,7.322,0.100,0.732,3,2.000,273.14,0.667,1.344,0.000
2,ec.gp.GPIndividual@960343789{-1461450063},3C_20_66-01.txt,7.322,0.100,0.732,0,0.000,0.00,0.000,1.344,0.000
2,ec.gp.GPIndividual@960343789{-1461450063},3C_20_66-02.txt,154.245,0.100,15.424,1,1.844,11.95,1.844,1.844,0.000
2,ec.gp.GPIndividual@960343789{-1461450063},3C_20_66-03.txt,118.340,0.100,11.834,7,10.938,92.42,1.563,4.734,0.000
2,ec.gp.GPIndividual@960343789{-1461450063},3C_20_66-03.txt,118.340,0.100,11.834,1,1.266,10.69,1.266,4.734,0.000
2,ec.gp.GPIndividual@960343789{-1461450063},3C_20_66-02.txt,154.245,0.100,15.424,1,1.422,9.22,1.422,4.734,0.000
2,ec.gp.GPIndividual@960343789{-1461450063},3C_20_66-02.txt,154.245,0.100,15.424,2,1.375,8.91,0.688,4.734,0.000
2,ec.gp.GPIndividual@960343789{-1461450063},3C_20_66-02.txt,154.245,0.100,15.424,2,7.703,49.94,3.852,4.906,0.000
2,ec.gp.GPIndividual@960343789{-1461450063},3C_20_80-01.txt,4.194,0.100,0.419,2,0.172,40.98,0.086,4.906,0.000
2,ec.gp.GPIndividual@960343789{-1461450063},3C_20_80-02.txt,35.738,0.100,3.574,3,4.828,135.10,1.609,4.906,0.000
2,ec.gp.GPIndividual@960343789{-1461450063},3C_20_66-03.txt,118.340,0.100,11.834,3,4.828,40.80,1.609,4.906,0.000
2,ec.gp.GPIndividual@960343789{-1461450063},3C_20_80-03.txt,169.439,0.100,16.944,2,1.438,8.48,0.719,4.906,0.000
2,ec.gp.GPIndividual@960343789{-1461450063},3C_20_66-03.txt,118.340,0.100,11.834,2,7.016,59.28,3.508,4.906,0.000
2,ec.gp.GPIndividual@960343789{-1461450063},3C_20_66-03.txt,118.340,0.100,11.834,1,4.219,35.65,4.219,4.906,0.000
2,ec.gp.GPIndividual@960343789{-1461450063},3C_20_80-01.txt,4.194,0.100,0.419,1,0.188,44.70,0.188,4.906,0.000
2,ec.gp.GPIndividual@960343789{-1461450063},3C_20_80-02.txt,35.738,0.100,3.574,1,4.813,134.66,4.813,4.906,0.000
2,ec.gp.GPIndividual@960343789{-1461450063},3C_20_80-01.txt,4.194,0.100,0.419,3,0.531,126.65,0.177,4.906,0.000
2,ec.gp.GPIndividual@960343789{-1461450063},3C_20_80-02.txt,35.738,0.100,3.574,2,4.672,130.73,2.336,4.906,0.000
2,ec.gp.GPIndividual@960343789{-1461450063},3C_20_80-01.txt,4.194,0.100,0.419,0,0.000,0.00,0.000,4.906,0.000
2,ec.gp.GPIndividual@960343789{-1461450063},3C_20_80-02.txt,35.738,0.100,3.574,0,0.000,0.00,0.000,4.906,0.000
2,ec.gp.GPIndividual@960343789{-1461450063},3C_20_80-03.txt,169.439,0.100,16.944,0,0.000,0.00,0.000,4.906,0.000
2,ec.gp.GPIndividual@1006845826{-1590825627},3C_20_50-02.txt,61.404,0.100,6.140,1,0.469,7.63,0.469,0.469,0.469
2,ec.gp.GPIndividual@1006845826{-1590825627},3C_20_50-03.txt,30.993,0.100,3.099,0,0.000,0.00,0.000,0.469,0.469
2,ec.gp.GPIndividual@1006845826{-1590825627},3C_20_80-03.txt,169.439,0.100,16.944,2,10.141,59.85,5.070,5.328,0.469
2,ec.gp.GPIndividual@1951493547{-1729883317},3C_20_50-02.txt,61.404,0.100,6.140,3,6.719,109.42,2.240,4.750,0.453
2,ec.gp.GPIndividual@1951493547{-1729883317},3C_20_80-01.txt,4.194,0.100,0.419,1,1.344,320.36,1.344,4.750,0.453
2,ec.gp.GPIndividual@1951493547{-1729883317},3C_20_66-01.txt,7.322,0.100,0.732,1,0.313,42.68,0.313,4.750,0.313
2,ec.gp.GPIndividual@1951493547{-1729883317},3C_20_50-03.txt,30.993,0.100,3.099,2,0.656,21.17,0.328,4.750,0.250
2,ec.gp.GPIndividual@1951493547{-1729883317},3C_20_66-02.txt,154.245,0.100,15.424,5,8.531,55.31,1.706,4.750,0.250
2,ec.gp.GPIndividual@1951493547{-1729883317},3C_20_66-03.txt,118.340,0.100,11.834,1,1.609,13.60,1.609,4.750,0.250
2,ec.gp.GPIndividual@1951493547{-1729883317},3C_20_80-02.txt,35.738,0.100,3.574,1,5.719,160.02,5.719,5.719,0.250
2,ec.gp.GPIndividual@1070519029{464626738},3C_20_50-02.txt,61.404,0.100,6.140,0,0.000,0.00,0.000,0.000,0.000
2,ec.gp.GPIndividual@1070519029{464626738},3C_20_50-03.txt,30.993,0.100,3.099,0,0.000,0.00,0.000,0.000,0.000
2,ec.gp.GPIndividual@1070519029{464626738},3C_20_66-01.txt,7.322,0.100,0.732,0,0.000,0.00,0.000,0.000,0.000
2,ec.gp.GPIndividual@1070519029{464626738},3C_20_66-02.txt,154.245,0.100,15.424,0,0.000,0.00,0.000,0.000,0.000
2,ec.gp.GPIndividual@1070519029{464626738},3C_20_66-03.txt,118.340,0.100,11.834,0,0.000,0.00,0.000,0.000,0.000
2,ec.gp.GPIndividual@1070519029{464626738},3C_20_80-01.txt,4.194,0.100,0.419,0,0.000,0.00,0.000,0.000,0.000
2,ec.gp.GPIndividual@1070519029{464626738},3C_20_80-02.txt,35.738,0.100,3.574,0,0.000,0.00,0.000,0.000,0.000
2,ec.gp.GPIndividual@1070519029{464626738},3C_20_80-03.txt,169.439,0.100,16.944,0,0.000,0.00,0.000,0.000,0.000
2,ec.gp.GPIndividual@1692042906{1249774739},3C_20_50-02.txt,61.404,0.100,6.140,3,6.297,102.55,2.099,4.328,0.359
2,ec.gp.GPIndividual@1692042906{1249774739},3C_20_66-01.txt,7.322,0.100,0.732,2,0.641,87.49,0.320,4.328,0.313
2,ec.gp.GPIndividual@1692042906{1249774739},3C_20_66-02.txt,154.245,0.100,15.424,1,3.828,24.82,3.828,4.328,0.313
2,ec.gp.GPIndividual@1692042906{1249774739},3C_20_80-03.txt,169.439,0.100,16.944,1,1.656,9.77,1.656,4.328,0.313
2,ec.gp.GPIndividual@1692042906{1249774739},3C_20_50-03.txt,30.993,0.100,3.099,1,6.109,197.12,6.109,6.109,0.313
2,ec.gp.GPIndividual@1692042906{1249774739},3C_20_80-01.txt,4.194,0.100,0.419,2,5.188,1236.74,2.594,6.109,0.313
2,ec.gp.GPIndividual@1692042906{1249774739},3C_20_80-01.txt,4.194,0.100,0.419,1,0.313,74.50,0.313,6.109,0.313
2,ec.gp.GPIndividual@1692042906{1249774739},3C_20_80-02.txt,35.738,0.100,3.574,3,2.781,77.82,0.927,6.109,0.000
2,ec.gp.GPIndividual@1692042906{1249774739},3C_20_66-01.txt,7.322,0.100,0.732,2,0.359,49.08,0.180,6.109,0.000
2,ec.gp.GPIndividual@1692042906{1249774739},3C_20_66-02.txt,154.245,0.100,15.424,1,1.000,6.48,1.000,6.109,0.000
2,ec.gp.GPIndividual@1692042906{1249774739},3C_20_80-03.txt,169.439,0.100,16.944,2,3.500,20.66,1.750,6.109,0.000
2,ec.gp.GPIndividual@1692042906{1249774739},3C_20_80-02.txt,35.738,0.100,3.574,1,1.516,42.41,1.516,6.109,0.000
2,ec.gp.GPIndividual@1692042906{1249774739},3C_20_80-03.txt,169.439,0.100,16.944,1,1.234,7.29,1.234,6.109,0.000
2,ec.gp.GPIndividual@1692042906{1249774739},3C_20_66-03.txt,118.340,0.100,11.834,3,4.750,40.14,1.583,6.109,0.000
2,ec.gp.GPIndividual@1692042906{1249774739},3C_20_66-03.txt,118.340,0.100,11.834,3,8.563,72.36,2.854,6.109,0.000
2,ec.gp.GPIndividual@1692042906{1249774739},3C_20_80-03.txt,169.439,0.100,16.944,1,2.578,15.22,2.578,6.109,0.000
2,ec.gp.GPIndividual@1878270394{271532587},3C_20_50-02.txt,61.404,0.100,6.140,0,0.000,0.00,0.000,0.000,0.000
2,ec.gp.GPIndividual@1878270394{271532587},3C_20_50-03.txt,30.993,0.100,3.099,0,0.000,0.00,0.000,0.000,0.000
2,ec.gp.GPIndividual@1878270394{271532587},3C_20_66-01.txt,7.322,0.100,0.732,0,0.000,0.00,0.000,0.000,0.000
2,ec.gp.GPIndividual@1878270394{271532587},3C_20_66-02.txt,154.245,0.100,15.424,0,0.000,0.00,0.000,0.000,0.000
2,ec.gp.GPIndividual@1878270394{271532587},3C_20_66-03.txt,118.340,0.100,11.834,0,0.000,0.00,0.000,0.000,0.000
2,ec.gp.GPIndividual@1878270394{271532587},3C_20_80-01.txt,4.194,0.100,0.419,0,0.000,0.00,0.000,0.000,0.000
2,ec.gp.GPIndividual@1878270394{271532587},3C_20_80-02.txt,35.738,0.100,3.574,0,0.000,0.00,0.000,0.000,0.000
2,ec.gp.GPIndividual@1878270394{271532587},3C_20_80-03.txt,169.439,0.100,16.944,0,0.000,0.00,0.000,0.000,0.000
2,ec.gp.GPIndividual@1799766786{1825026393},3C_20_50-02.txt,61.404,0.100,6.140,2,0.000,0.00,0.000,0.000,0.000
2,ec.gp.GPIndividual@1799766786{1825026393},3C_20_50-03.txt,30.993,0.100,3.099,2,0.000,0.00,0.000,0.000,0.000
2,ec.gp.GPIndividual@1799766786{1825026393},3C_20_66-01.txt,7.322,0.100,0.732,2,0.000,0.00,0.000,0.000,0.000
2,ec.gp.GPIndividual@1799766786{1825026393},3C_20_66-02.txt,154.245,0.100,15.424,2,0.000,0.00,0.000,0.000,0.000
2,ec.gp.GPIndividual@1799766786{1825026393},3C_20_66-03.txt,118.340,0.100,11.834,2,0.000,0.00,0.000,0.000,0.000
2,ec.gp.GPIndividual@1799766786{1825026393},3C_20_80-01.txt,4.194,0.100,0.419,2,0.000,0.00,0.000,0.000,0.000
2,ec.gp.GPIndividual@1799766786{1825026393},3C_20_80-02.txt,35.738,0.100,3.574,2,0.000,0.00,0.000,0.000,0.000
2,ec.gp.GPIndividual@1799766786{1825026393},3C_20_80-03.txt,169.439,0.100,16.944,2,0.000,0.00,0.000,0.000,0.000
2,ec.gp.GPIndividual@906007737{1200335941},3C_20_50-02.txt,61.404,0.100,6.140,2,11.203,182.45,5.602,6.375,4.828
2,ec.gp.GPIndividual@51704275{1718689958},3C_20_50-02.txt,61.404,0.100,6.140,2,1.109,18.07,0.555,0.625,0.484
2,ec.gp.GPIndividual@51704275{1718689958},3C_20_80-01.txt,4.194,0.100,0.419,1,6.172,1471.43,6.172,6.172,0.484
2,ec.gp.GPIndividual@1898313823{333347534},3C_20_50-02.txt,61.404,0.100,6.140,0,0.000,0.00,0.000,0.000,0.000
2,ec.gp.GPIndividual@1898313823{333347534},3C_20_50-03.txt,30.993,0.100,3.099,0,0.000,0.00,0.000,0.000,0.000
2,ec.gp.GPIndividual@1898313823{333347534},3C_20_66-01.txt,7.322,0.100,0.732,0,0.000,0.00,0.000,0.000,0.000
2,ec.gp.GPIndividual@1898313823{333347534},3C_20_66-02.txt,154.245,0.100,15.424,0,0.000,0.00,0.000,0.000,0.000
2,ec.gp.GPIndividual@1898313823{333347534},3C_20_66-03.txt,118.340,0.100,11.834,0,0.000,0.00,0.000,0.000,0.000
2,ec.gp.GPIndividual@1898313823{333347534},3C_20_80-01.txt,4.194,0.100,0.419,0,0.000,0.00,0.000,0.000,0.000
2,ec.gp.GPIndividual@1898313823{333347534},3C_20_80-02.txt,35.738,0.100,3.574,0,0.000,0.00,0.000,0.000,0.000
2,ec.gp.GPIndividual@1898313823{333347534},3C_20_80-03.txt,169.439,0.100,16.944,0,0.000,0.00,0.000,0.000,0.000
2,ec.gp.GPIndividual@1275367064{1423006017},3C_20_50-02.txt,61.404,0.100,6.140,0,0.000,0.00,0.000,0.000,0.000
2,ec.gp.GPIndividual@1275367064{1423006017},3C_20_50-03.txt,30.993,0.100,3.099,0,0.000,0.00,0.000,0.000,0.000
2,ec.gp.GPIndividual@1275367064{1423006017},3C_20_66-01.txt,7.322,0.100,0.732,0,0.000,0.00,0.000,0.000,0.000
2,ec.gp.GPIndividual@1275367064{1423006017},3C_20_66-02.txt,154.245,0.100,15.424,0,0.000,0.00,0.000,0.000,0.000
2,ec.gp.GPIndividual@1275367064{1423006017},3C_20_66-03.txt,118.340,0.100,11.834,0,0.000,0.00,0.000,0.000,0.000
2,ec.gp.GPIndividual@1275367064{1423006017},3C_20_80-01.txt,4.194,0.100,0.419,0,0.000,0.00,0.000,0.000,0.000
2,ec.gp.GPIndividual@1275367064{1423006017},3C_20_80-02.txt,35.738,0.100,3.574,0,0.000,0.00,0.000,0.000,0.000
2,ec.gp.GPIndividual@1275367064{1423006017},3C_20_80-03.txt,169.439,0.100,16.944,0,0.000,0.00,0.000,0.000,0.000
2,ec.gp.GPIndividual@1215502720{-2092284479},3C_20_50-02.txt,61.404,0.100,6.140,0,0.000,0.00,0.000,0.000,0.000
2,ec.gp.GPIndividual@1215502720{-2092284479},3C_20_50-03.txt,30.993,0.100,3.099,0,0.000,0.00,0.000,0.000,0.000
2,ec.gp.GPIndividual@1215502720{-2092284479},3C_20_66-01.txt,7.322,0.100,0.732,0,0.000,0.00,0.000,0.000,0.000
2,ec.gp.GPIndividual@1215502720{-2092284479},3C_20_66-02.txt,154.245,0.100,15.424,0,0.000,0.00,0.000,0.000,0.000
2,ec.gp.GPIndividual@1215502720{-2092284479},3C_20_66-03.txt,118.340,0.100,11.834,0,0.000,0.00,0.000,0.000,0.000
2,ec.gp.GPIndividual@1215502720{-2092284479},3C_20_80-01.txt,4.194,0.100,0.419,0,0.000,0.00,0.000,0.000,0.000
2,ec.gp.GPIndividual@1215502720{-2092284479},3C_20_80-02.txt,35.738,0.100,3.574,0,0.000,0.00,0.000,0.000,0.000
2,ec.gp.GPIndividual@1215502720{-2092284479},3C_20_80-03.txt,169.439,0.100,16.944,0,0.000,0.00,0.000,0.000,0.000
2,ec.gp.GPIndividual@1049299444{509266648},3C_20_50-02.txt,61.404,0.100,6.140,0,0.000,0.00,0.000,0.000,0.000
2,ec.gp.GPIndividual@1049299444{509266648},3C_20_66-02.txt,154.245,0.100,15.424,1,0.219,1.42,0.219,0.219,0.219
2,ec.gp.GPIndividual@1049299444{509266648},3C_20_50-03.txt,30.993,0.100,3.099,1,1.328,42.85,1.328,1.328,0.219
2,ec.gp.GPIndividual@1049299444{509266648},3C_20_66-01.txt,7.322,0.100,0.732,1,0.922,125.90,0.922,1.328,0.219
2,ec.gp.GPIndividual@1049299444{509266648},3C_20_66-02.txt,154.245,0.100,15.424,2,2.172,14.08,1.086,1.797,0.219
2,ec.gp.GPIndividual@1049299444{509266648},3C_20_66-02.txt,154.245,0.100,15.424,3,6.594,42.75,2.198,2.797,0.219
2,ec.gp.GPIndividual@1049299444{509266648},3C_20_66-03.txt,118.340,0.100,11.834,1,1.938,16.37,1.938,2.797,0.219
2,ec.gp.GPIndividual@1049299444{509266648},3C_20_66-03.txt,118.340,0.100,11.834,2,6.641,56.12,3.320,4.547,0.219
2,ec.gp.GPIndividual@1049299444{509266648},3C_20_66-03.txt,118.340,0.100,11.834,1,3.031,25.61,3.031,4.547,0.219
2,ec.gp.GPIndividual@517349161{-1498562539},3C_20_50-02.txt,61.404,0.100,6.140,4,5.719,93.13,1.430,5.125,0.000
2,ec.gp.GPIndividual@517349161{-1498562539},3C_20_80-01.txt,4.194,0.100,0.419,2,0.297,70.78,0.148,5.125,0.000
2,ec.gp.GPIndividual@517349161{-1498562539},3C_20_80-02.txt,35.738,0.100,3.574,2,9.578,268.01,4.789,5.125,0.000
2,ec.gp.GPIndividual@517349161{-1498562539},3C_20_80-01.txt,4.194,0.100,0.419,1,1.453,346.44,1.453,5.125,0.000
2,ec.gp.GPIndividual@517349161{-1498562539},3C_20_50-03.txt,30.993,0.100,3.099,1,0.219,7.06,0.219,5.125,0.000
2,ec.gp.GPIndividual@517349161{-1498562539},3C_20_80-02.txt,35.738,0.100,3.574,0,0.000,0.00,0.000,5.125,0.000
2,ec.gp.GPIndividual@517349161{-1498562539},3C_20_80-01.txt,4.194,0.100,0.419,2,1.750,417.21,0.875,5.125,0.000
2,ec.gp.GPIndividual@517349161{-1498562539},3C_20_80-03.txt,169.439,0.100,16.944,2,1.328,7.84,0.664,5.125,0.000
2,ec.gp.GPIndividual@517349161{-1498562539},3C_20_66-01.txt,7.322,0.100,0.732,1,4.563,623.11,4.563,5.125,0.000
2,ec.gp.GPIndividual@517349161{-1498562539},3C_20_80-01.txt,4.194,0.100,0.419,0,0.000,0.00,0.000,5.125,0.000
2,ec.gp.GPIndividual@517349161{-1498562539},3C_20_80-02.txt,35.738,0.100,3.574,3,0.531,14.87,0.177,5.125,0.000
2,ec.gp.GPIndividual@517349161{-1498562539},3C_20_66-02.txt,154.245,0.100,15.424,1,1.547,10.03,1.547,5.125,0.000
2,ec.gp.GPIndividual@517349161{-1498562539},3C_20_80-03.txt,169.439,0.100,16.944,4,5.047,29.79,1.262,5.125,0.000
2,ec.gp.GPIndividual@517349161{-1498562539},3C_20_80-02.txt,35.738,0.100,3.574,0,0.000,0.00,0.000,5.125,0.000
2,ec.gp.GPIndividual@517349161{-1498562539},3C_20_80-03.txt,169.439,0.100,16.944,1,1.109,6.55,1.109,5.125,0.000
2,ec.gp.GPIndividual@517349161{-1498562539},3C_20_66-03.txt,118.340,0.100,11.834,3,9.578,80.94,3.193,5.125,0.000
2,ec.gp.GPIndividual@1823547762{1389840287},3C_20_50-02.txt,61.404,0.100,6.140,3,2.375,38.68,0.792,1.031,0.422
2,ec.gp.GPIndividual@1823547762{1389840287},3C_20_80-03.txt,169.439,0.100,16.944,1,3.281,19.37,3.281,3.281,0.422
2,ec.gp.GPIndividual@1001372726{2136561955},3C_20_50-02.txt,61.404,0.100,6.140,1,1.484,24.17,1.484,1.484,1.484
2,ec.gp.GPIndividual@1001372726{2136561955},3C_20_50-03.txt,30.993,0.100,3.099,2,0.859,27.73,0.430,1.484,0.422
2,ec.gp.GPIndividual@1001372726{2136561955},3C_20_50-03.txt,30.993,0.100,3.099,1,5.031,162.34,5.031,5.031,0.422
2,ec.gp.GPIndividual@788643901{1620638648},3C_20_50-02.txt,61.404,0.100,6.140,2,1.703,27.74,0.852,1.281,0.422
2,ec.gp.GPIndividual@788643901{1620638648},3C_20_50-03.txt,30.993,0.100,3.099,1,4.703,151.75,4.703,4.703,0.422
2,ec.gp.GPIndividual@788643901{1620638648},3C_20_80-01.txt,4.194,0.100,0.419,2,0.281,67.05,0.141,4.703,0.000
2,ec.gp.GPIndividual@788643901{1620638648},3C_20_80-02.txt,35.738,0.100,3.574,1,0.281,7.87,0.281,4.703,0.000
2,ec.gp.GPIndividual@788643901{1620638648},3C_20_66-01.txt,7.322,0.100,0.732,2,1.828,249.67,0.914,4.703,0.000
2,ec.gp.GPIndividual@788643901{1620638648},3C_20_66-01.txt,7.322,0.100,0.732,2,1.734,236.87,0.867,4.703,0.000
2,ec.gp.GPIndividual@788643901{1620638648},3C_20_66-01.txt,7.322,0.100,0.732,1,0.250,34.14,0.250,4.703,0.000
2,ec.gp.GPIndividual@788643901{1620638648},3C_20_66-02.txt,154.245,0.100,15.424,1,0.422,2.74,0.422,4.703,0.000
2,ec.gp.GPIndividual@788643901{1620638648},3C_20_66-02.txt,154.245,0.100,15.424,4,7.156,46.40,1.789,4.703,0.000
2,ec.gp.GPIndividual@788643901{1620638648},3C_20_80-03.txt,169.439,0.100,16.944,1,1.469,8.67,1.469,4.703,0.000
2,ec.gp.GPIndividual@788643901{1620638648},3C_20_66-03.txt,118.340,0.100,11.834,1,1.188,10.03,1.188,4.703,0.000
2,ec.gp.GPIndividual@788643901{1620638648},3C_20_66-02.txt,154.245,0.100,15.424,5,10.656,69.09,2.131,4.703,0.000
2,ec.gp.GPIndividual@788643901{1620638648},3C_20_66-03.txt,118.340,0.100,11.834,3,6.125,51.76,2.042,4.703,0.000
2,ec.gp.GPIndividual@788643901{1620638648},3C_20_66-03.txt,118.340,0.100,11.834,2,7.234,61.13,3.617,4.703,0.000
2,ec.gp.GPIndividual@1642895476{1295570354},3C_20_50-02.txt,61.404,0.100,6.140,1,0.000,0.00,0.000,0.000,0.000
2,ec.gp.GPIndividual@1642895476{1295570354},3C_20_50-03.txt,30.993,0.100,3.099,1,0.000,0.00,0.000,0.000,0.000
2,ec.gp.GPIndividual@1642895476{1295570354},3C_20_66-01.txt,7.322,0.100,0.732,1,0.000,0.00,0.000,0.000,0.000
2,ec.gp.GPIndividual@1642895476{1295570354},3C_20_66-02.txt,154.245,0.100,15.424,1,0.000,0.00,0.000,0.000,0.000
2,ec.gp.GPIndividual@1642895476{1295570354},3C_20_66-03.txt,118.340,0.100,11.834,1,0.000,0.00,0.000,0.000,0.000
2,ec.gp.GPIndividual@1642895476{1295570354},3C_20_80-01.txt,4.194,0.100,0.419,1,0.000,0.00,0.000,0.000,0.000
2,ec.gp.GPIndividual@1642895476{1295570354},3C_20_80-02.txt,35.738,0.100,3.574,1,0.000,0.00,0.000,0.000,0.000
2,ec.gp.GPIndividual@1642895476{1295570354},3C_20_80-03.txt,169.439,0.100,16.944,1,0.000,0.00,0.000,0.000,0.000
2,ec.gp.GPIndividual@190933827{-124161579},3C_20_50-02.txt,61.404,0.100,6.140,0,0.000,0.00,0.000,0.000,0.000
2,ec.gp.GPIndividual@190933827{-124161579},3C_20_50-03.txt,30.993,0.100,3.099,0,0.000,0.00,0.000,0.000,0.000
2,ec.gp.GPIndividual@190933827{-124161579},3C_20_66-01.txt,7.322,0.100,0.732,0,0.000,0.00,0.000,0.000,0.000
2,ec.gp.GPIndividual@190933827{-124161579},3C_20_66-02.txt,154.245,0.100,15.424,0,0.000,0.00,0.000,0.000,0.000
2,ec.gp.GPIndividual@190933827{-124161579},3C_20_66-03.txt,118.340,0.100,11.834,0,0.000,0.00,0.000,0.000,0.000
2,ec.gp.GPIndividual@190933827{-124161579},3C_20_80-01.txt,4.194,0.100,0.419,0,0.000,0.00,0.000,0.000,0.000
2,ec.gp.GPIndividual@190933827{-124161579},3C_20_80-02.txt,35.738,0.100,3.574,0,0.000,0.00,0.000,0.000,0.000
2,ec.gp.GPIndividual@190933827{-124161579},3C_20_80-03.txt,169.439,0.100,16.944,0,0.000,0.00,0.000,0.000,0.000
2,ec.gp.GPIndividual@354980719{1738296394},3C_20_50-02.txt,61.404,0.100,6.140,2,3.281,53.44,1.641,2.844,0.438
2,ec.gp.GPIndividual@885736885{917948461},3C_20_50-02.txt,61.404,0.100,6.140,0,0.000,0.00,0.000,0.000,0.000
2,ec.gp.GPIndividual@885736885{917948461},3C_20_50-03.txt,30.993,0.100,3.099,0,0.000,0.00,0.000,0.000,0.000
2,ec.gp.GPIndividual@885736885{917948461},3C_20_66-01.txt,7.322,0.100,0.732,0,0.000,0.00,0.000,0.000,0.000
2,ec.gp.GPIndividual@885736885{917948461},3C_20_66-02.txt,154.245,0.100,15.424,0,0.000,0.00,0.000,0.000,0.000
2,ec.gp.GPIndividual@885736885{917948461},3C_20_66-03.txt,118.340,0.100,11.834,0,0.000,0.00,0.000,0.000,0.000
2,ec.gp.GPIndividual@885736885{917948461},3C_20_80-01.txt,4.194,0.100,0.419,0,0.000,0.00,0.000,0.000,0.000
2,ec.gp.GPIndividual@885736885{917948461},3C_20_80-02.txt,35.738,0.100,3.574,0,0.000,0.00,0.000,0.000,0.000
2,ec.gp.GPIndividual@885736885{917948461},3C_20_80-03.txt,169.439,0.100,16.944,0,0.000,0.00,0.000,0.000,0.000
2,ec.gp.GPIndividual@1630981526{925767508},3C_20_50-02.txt,61.404,0.100,6.140,3,0.219,3.56,0.073,0.219,0.000
2,ec.gp.GPIndividual@1630981526{925767508},3C_20_50-03.txt,30.993,0.100,3.099,5,3.406,109.91,0.681,1.313,0.000
2,ec.gp.GPIndividual@1630981526{925767508},3C_20_66-01.txt,7.322,0.100,0.732,3,0.453,61.88,0.151,1.313,0.000
2,ec.gp.GPIndividual@1630981526{925767508},3C_20_80-03.txt,169.439,0.100,16.944,1,0.328,1.94,0.328,1.313,0.000
2,ec.gp.GPIndividual@1630981526{925767508},3C_20_66-02.txt,154.245,0.100,15.424,5,8.469,54.90,1.694,3.500,0.000
2,ec.gp.GPIndividual@1630981526{925767508},3C_20_66-03.txt,118.340,0.100,11.834,3,2.313,19.54,0.771,3.500,0.000
2,ec.gp.GPIndividual@1630981526{925767508},3C_20_80-01.txt,4.194,0.100,0.419,2,0.219,52.15,0.109,3.500,0.000
2,ec.gp.GPIndividual@1630981526{925767508},3C_20_80-02.txt,35.738,0.100,3.574,1,3.625,101.43,3.625,3.625,0.000
2,ec.gp.GPIndividual@1933286672{-402937935},3C_20_50-02.txt,61.404,0.100,6.140,2,3.094,50.38,1.547,2.891,0.203
2,ec.gp.GPIndividual@1933286672{-402937935},3C_20_50-03.txt,30.993,0.100,3.099,2,2.547,82.18,1.273,2.891,0.203
2,ec.gp.GPIndividual@1448582776{1086308428},3C_20_50-02.txt,61.404,0.100,6.140,0,0.000,0.00,0.000,0.000,0.000
2,ec.gp.GPIndividual@1448582776{1086308428},3C_20_50-03.txt,30.993,0.100,3.099,0,0.000,0.00,0.000,0.000,0.000
2,ec.gp.GPIndividual@1448582776{1086308428},3C_20_66-01.txt,7.322,0.100,0.732,0,0.000,0.00,0.000,0.000,0.000
2,ec.gp.GPIndividual@1448582776{1086308428},3C_20_66-02.txt,154.245,0.100,15.424,0,0.000,0.00,0.000,0.000,0.000
2,ec.gp.GPIndividual@1448582776{1086308428},3C_20_66-03.txt,118.340,0.100,11.834,0,0.000,0.00,0.000,0.000,0.000
2,ec.gp.GPIndividual@1448582776{1086308428},3C_20_80-01.txt,4.194,0.100,0.419,0,0.000,0.00,0.000,0.000,0.000
2,ec.gp.GPIndividual@1448582776{1086308428},3C_20_80-02.txt,35.738,0.100,3.574,0,0.000,0.00,0.000,0.000,0.000
2,ec.gp.GPIndividual@1448582776{1086308428},3C_20_80-03.txt,169.439,0.100,16.944,0,0.000,0.00,0.000,0.000,0.000
2,ec.gp.GPIndividual@823550576{1164685592},3C_20_50-02.txt,61.404,0.100,6.140,2,0.344,5.60,0.172,0.172,0.172
2,ec.gp.GPIndividual@823550576{1164685592},3C_20_50-03.txt,30.993,0.100,3.099,1,2.438,78.65,2.438,2.438,0.172
2,ec.gp.GPIndividual@823550576{1164685592},3C_20_80-01.txt,4.194,0.100,0.419,1,0.250,59.60,0.250,2.438,0.172
2,ec.gp.GPIndividual@823550576{1164685592},3C_20_80-02.txt,35.738,0.100,3.574,2,2.203,61.65,1.102,2.438,0.172
2,ec.gp.GPIndividual@823550576{1164685592},3C_20_80-03.txt,169.439,0.100,16.944,2,3.313,19.55,1.656,2.438,0.172
2,ec.gp.GPIndividual@823550576{1164685592},3C_20_66-01.txt,7.322,0.100,0.732,2,0.500,68.29,0.250,2.438,0.156
2,ec.gp.GPIndividual@823550576{1164685592},3C_20_66-02.txt,154.245,0.100,15.424,2,3.531,22.89,1.766,2.438,0.156
3,ec.gp.GPIndividual@1624624903{1685087836},3C_20_50-02.txt,61.404,0.100,6.140,2,0.781,12.72,0.391,0.391,0.391
3,ec.gp.GPIndividual@1624624903{1685087836},3C_20_50-03.txt,30.993,0.100,3.099,4,1.563,50.42,0.391,0.391,0.391
3,ec.gp.GPIndividual@1624624903{1685087836},3C_20_50-03.txt,30.993,0.100,3.099,1,0.359,11.60,0.359,0.391,0.359
3,ec.gp.GPIndividual@1624624903{1685087836},3C_20_50-03.txt,30.993,0.100,3.099,2,1.766,56.97,0.883,1.063,0.359
3,ec.gp.GPIndividual@1624624903{1685087836},3C_20_50-03.txt,30.993,0.100,3.099,2,1.750,56.47,0.875,1.391,0.359
3,ec.gp.GPIndividual@1624624903{1685087836},3C_20_66-01.txt,7.322,0.100,0.732,1,1.391,189.92,1.391,1.391,0.359
3,ec.gp.GPIndividual@1624624903{1685087836},3C_20_66-01.txt,7.322,0.100,0.732,1,1.547,211.26,1.547,1.547,0.359
3,ec.gp.GPIndividual@1624624903{1685087836},3C_20_50-03.txt,30.993,0.100,3.099,1,0.297,9.58,0.297,1.547,0.297
3,ec.gp.GPIndividual@1624624903{1685087836},3C_20_66-02.txt,154.245,0.100,15.424,3,3.000,19.45,1.000,1.547,0.297
3,ec.gp.GPIndividual@1624624903{1685087836},3C_20_50-03.txt,30.993,0.100,3.099,3,2.641,85.20,0.880,1.547,0.000
3,ec.gp.GPIndividual@1624624903{1685087836},3C_20_66-01.txt,7.322,0.100,0.732,2,0.359,49.08,0.180,1.547,0.000
3,ec.gp.GPIndividual@1624624903{1685087836},3C_20_66-02.txt,154.245,0.100,15.424,2,1.688,10.94,0.844,1.547,0.000
3,ec.gp.GPIndividual@1624624903{1685087836},3C_20_66-01.txt,7.322,0.100,0.732,0,0.000,0.00,0.000,1.547,0.000
3,ec.gp.GPIndividual@1624624903{1685087836},3C_20_66-01.txt,7.322,0.100,0.732,1,0.813,110.96,0.813,1.547,0.000
3,ec.gp.GPIndividual@1624624903{1685087836},3C_20_66-02.txt,154.245,0.100,15.424,5,4.203,27.25,0.841,2.047,0.000
3,ec.gp.GPIndividual@1624624903{1685087836},3C_20_66-03.txt,118.340,0.100,11.834,1,0.766,6.47,0.766,2.047,0.000
3,ec.gp.GPIndividual@1624624903{1685087836},3C_20_66-02.txt,154.245,0.100,15.424,3,4.859,31.50,1.620,2.297,0.000
3,ec.gp.GPIndividual@1624624903{1685087836},3C_20_66-03.txt,118.340,0.100,11.834,1,1.594,13.47,1.594,2.297,0.000
3,ec.gp.GPIndividual@1624624903{1685087836},3C_20_66-03.txt,118.340,0.100,11.834,2,4.266,36.05,2.133,2.656,0.000
3,ec.gp.GPIndividual@1624624903{1685087836},3C_20_66-02.txt,154.245,0.100,15.424,2,8.891,57.64,4.445,4.828,0.000
3,ec.gp.GPIndividual@1624624903{1685087836},3C_20_80-01.txt,4.194,0.100,0.419,1,1.250,298.01,1.250,4.828,0.000
3,ec.gp.GPIndividual@1624624903{1685087836},3C_20_66-03.txt,118.340,0.100,11.834,1,0.313,2.64,0.313,4.828,0.000
3,ec.gp.GPIndividual@1624624903{1685087836},3C_20_80-02.txt,35.738,0.100,3.574,3,4.578,128.10,1.526,4.828,0.000
3,ec.gp.GPIndividual@1624624903{1685087836},3C_20_80-03.txt,169.439,0.100,16.944,4,16.938,99.96,4.234,4.906,0.000
3,ec.gp.GPIndividual@1624624903{1685087836},3C_20_66-03.txt,118.340,0.100,11.834,6,15.156,128.07,2.526,4.922,0.000
3,ec.gp.GPIndividual@1624624903{1685087836},3C_20_80-01.txt,4.194,0.100,0.419,3,3.188,759.93,1.063,4.922,0.000
3,ec.gp.GPIndividual@1624624903{1685087836},3C_20_80-01.txt,4.194,0.100,0.419,2,0.594,141.55,0.297,4.922,0.000
3,ec.gp.GPIndividual@1624624903{1685087836},3C_20_80-02.txt,35.738,0.100,3.574,1,5.984,167.45,5.984,5.984,0.000
3,ec.gp.GPIndividual@1302303281{-827029678},3C_20_50-02.txt,61.404,0.100,6.140,3,5.125,83.46,1.708,4.109,0.500
3,ec.gp.GPIndividual@1302303281{-827029678},3C_20_50-03.txt,30.993,0.100,3.099,4,4.188,135.11,1.047,4.109,0.109
3,ec.gp.GPIndividual@1302303281{-827029678},3C_20_80-02.txt,35.738,0.100,3.574,2,4.844,135.53,2.422,4.734,0.109
3,ec.gp.GPIndividual@1302303281{-827029678},3C_20_80-01.txt,4.194,0.100,0.419,2,1.000,238.41,0.500,4.734,0.109
3,ec.gp.GPIndividual@1302303281{-827029678},3C_20_80-02.txt,35.738,0.100,3.574,1,0.656,18.36,0.656,4.734,0.109
3,ec.gp.GPIndividual@1302303281{-827029678},3C_20_80-03.txt,169.439,0.100,16.944,4,4.406,26.00,1.102,4.734,0.000
3,ec.gp.GPIndividual@1302303281{-827029678},3C_20_80-03.txt,169.439,0.100,16.944,3,3.938,23.24,1.313,4.734,0.000
3,ec.gp.GPIndividual@1302303281{-827029678},3C_20_80-03.txt,169.439,0.100,16.944,2,10.406,61.42,5.203,5.844,0.000
3,ec.gp.GPIndividual@1302303281{-827029678},3C_20_66-01.txt,7.322,0.100,0.732,1,4.734,646.58,4.734,5.844,0.000
3,ec.gp.GPIndividual@1302303281{-827029678},3C_20_66-01.txt,7.322,0.100,0.732,3,0.594,81.09,0.198,5.844,0.000
3,ec.gp.GPIndividual@1302303281{-827029678},3C_20_66-02.txt,154.245,0.100,15.424,1,6.188,40.11,6.188,6.188,0.000
3,ec.gp.GPIndividual@1302303281{-827029678},3C_20_80-01.txt,4.194,0.100,0.419,1,5.234,1247.92,5.234,6.188,0.000
3,ec.gp.GPIndividual@856701657{753425794},3C_20_50-02.txt,61.404,0.100,6.140,0,0.000,0.00,0.000,0.000,0.000
3,ec.gp.GPIndividual@856701657{753425794},3C_20_50-03.txt,30.993,0.100,3.099,0,0.000,0.00,0.000,0.000,0.000
3,ec.gp.GPIndividual@856701657{753425794},3C_20_66-01.txt,7.322,0.100,0.732,0,0.000,0.00,0.000,0.000,0.000
3,ec.gp.GPIndividual@856701657{753425794},3C_20_66-02.txt,154.245,0.100,15.424,0,0.000,0.00,0.000,0.000,0.000
3,ec.gp.GPIndividual@856701657{753425794},3C_20_66-03.txt,118.340,0.100,11.834,0,0.000,0.00,0.000,0.000,0.000
3,ec.gp.GPIndividual@856701657{753425794},3C_20_80-01.txt,4.194,0.100,0.419,0,0.000,0.00,0.000,0.000,0.000
3,ec.gp.GPIndividual@856701657{753425794},3C_20_80-02.txt,35.738,0.100,3.574,0,0.000,0.00,0.000,0.000,0.000
3,ec.gp.GPIndividual@856701657{753425794},3C_20_80-03.txt,169.439,0.100,16.944,0,0.000,0.00,0.000,0.000,0.000
3,ec.gp.GPIndividual@1535640173{271532587},3C_20_50-02.txt,61.404,0.100,6.140,0,0.000,0.00,0.000,0.000,0.000
3,ec.gp.GPIndividual@1535640173{271532587},3C_20_50-03.txt,30.993,0.100,3.099,0,0.000,0.00,0.000,0.000,0.000
3,ec.gp.GPIndividual@1535640173{271532587},3C_20_66-01.txt,7.322,0.100,0.732,0,0.000,0.00,0.000,0.000,0.000
3,ec.gp.GPIndividual@1535640173{271532587},3C_20_66-02.txt,154.245,0.100,15.424,0,0.000,0.00,0.000,0.000,0.000
3,ec.gp.GPIndividual@1535640173{271532587},3C_20_66-03.txt,118.340,0.100,11.834,0,0.000,0.00,0.000,0.000,0.000
3,ec.gp.GPIndividual@1535640173{271532587},3C_20_80-01.txt,4.194,0.100,0.419,0,0.000,0.00,0.000,0.000,0.000
3,ec.gp.GPIndividual@1535640173{271532587},3C_20_80-02.txt,35.738,0.100,3.574,0,0.000,0.00,0.000,0.000,0.000
3,ec.gp.GPIndividual@1535640173{271532587},3C_20_80-03.txt,169.439,0.100,16.944,0,0.000,0.00,0.000,0.000,0.000
3,ec.gp.GPIndividual@199737221{1707307128},3C_20_50-02.txt,61.404,0.100,6.140,3,0.891,14.50,0.297,0.313,0.281
3,ec.gp.GPIndividual@199737221{1707307128},3C_20_50-03.txt,30.993,0.100,3.099,4,3.359,108.39,0.840,1.719,0.281
3,ec.gp.GPIndividual@199737221{1707307128},3C_20_66-02.txt,154.245,0.100,15.424,3,8.234,53.39,2.745,5.609,0.281
3,ec.gp.GPIndividual@521587331{-500352505},3C_20_50-02.txt,61.404,0.100,6.140,1,0.453,7.38,0.453,0.453,0.453
3,ec.gp.GPIndividual@521587331{-500352505},3C_20_50-03.txt,30.993,0.100,3.099,1,4.531,146.20,4.531,4.531,0.453
3,ec.gp.GPIndividual@872889769{516966306},3C_20_50-02.txt,61.404,0.100,6.140,1,1.469,23.92,1.469,1.469,1.469
3,ec.gp.GPIndividual@872889769{516966306},3C_20_80-02.txt,35.738,0.100,3.574,2,2.313,64.71,1.156,2.000,0.313
3,ec.gp.GPIndividual@872889769{516966306},3C_20_50-03.txt,30.993,0.100,3.099,2,3.469,111.92,1.734,2.141,0.313
3,ec.gp.GPIndividual@872889769{516966306},3C_20_66-01.txt,7.322,0.100,0.732,2,0.828,113.10,0.414,2.141,0.313
3,ec.gp.GPIndividual@872889769{516966306},3C_20_66-03.txt,118.340,0.100,11.834,0,0.000,0.00,0.000,2.141,0.313
3,ec.gp.GPIndividual@872889769{516966306},3C_20_66-02.txt,154.245,0.100,15.424,2,1.984,12.87,0.992,2.141,0.313
3,ec.gp.GPIndividual@872889769{516966306},3C_20_66-01.txt,7.322,0.100,0.732,3,3.031,413.98,1.010,2.141,0.297
3,ec.gp.GPIndividual@872889769{516966306},3C_20_66-01.txt,7.322,0.100,0.732,1,0.438,59.75,0.438,2.141,0.297
3,ec.gp.GPIndividual@872889769{516966306},3C_20_66-02.txt,154.245,0.100,15.424,2,3.406,22.08,1.703,2.141,0.297
3,ec.gp.GPIndividual@872889769{516966306},3C_20_66-03.txt,118.340,0.100,11.834,4,5.594,47.27,1.398,2.141,0.297
3,ec.gp.GPIndividual@872889769{516966306},3C_20_66-02.txt,154.245,0.100,15.424,1,2.453,15.90,2.453,2.453,0.297
3,ec.gp.GPIndividual@872889769{516966306},3C_20_66-03.txt,118.340,0.100,11.834,1,1.281,10.83,1.281,2.453,0.297
3,ec.gp.GPIndividual@872889769{516966306},3C_20_80-03.txt,169.439,0.100,16.944,5,14.969,88.34,2.994,4.891,0.297
3,ec.gp.GPIndividual@872889769{516966306},3C_20_80-01.txt,4.194,0.100,0.419,1,0.188,44.70,0.188,4.891,0.188
3,ec.gp.GPIndividual@872889769{516966306},3C_20_80-02.txt,35.738,0.100,3.574,6,4.406,123.29,0.734,4.891,0.000
3,ec.gp.GPIndividual@872889769{516966306},3C_20_66-03.txt,118.340,0.100,11.834,1,4.750,40.14,4.750,4.891,0.000
3,ec.gp.GPIndividual@872889769{516966306},3C_20_80-01.txt,4.194,0.100,0.419,1,1.547,368.79,1.547,4.891,0.000
3,ec.gp.GPIndividual@872889769{516966306},3C_20_80-03.txt,169.439,0.100,16.944,1,0.281,1.66,0.281,4.891,0.000
3,ec.gp.GPIndividual@872889769{516966306},3C_20_80-02.txt,35.738,0.100,3.574,1,3.453,96.62,3.453,4.891,0.000
3,ec.gp.GPIndividual@872889769{516966306},3C_20_80-01.txt,4.194,0.100,0.419,2,0.344,81.95,0.172,4.891,0.000
3,ec.gp.GPIndividual@872889769{516966306},3C_20_80-02.txt,35.738,0.100,3.574,1,1.594,44.60,1.594,4.891,0.000
3,ec.gp.GPIndividual@872889769{516966306},3C_20_80-03.txt,169.439,0.100,16.944,6,18.000,106.23,3.000,6.094,0.000
3,ec.gp.GPIndividual@872889769{516966306},3C_20_66-03.txt,118.340,0.100,11.834,4,11.281,95.33,2.820,6.094,0.000
3,ec.gp.GPIndividual@170271250{1096608486},3C_20_50-02.txt,61.404,0.100,6.140,0,0.000,0.00,0.000,0.000,0.000
3,ec.gp.GPIndividual@170271250{1096608486},3C_20_50-03.txt,30.993,0.100,3.099,0,0.000,0.00,0.000,0.000,0.000
3,ec.gp.GPIndividual@170271250{1096608486},3C_20_66-01.txt,7.322,0.100,0.732,0,0.000,0.00,0.000,0.000,0.000
3,ec.gp.GPIndividual@170271250{1096608486},3C_20_66-02.txt,154.245,0.100,15.424,0,0.000,0.00,0.000,0.000,0.000
3,ec.gp.GPIndividual@170271250{1096608486},3C_20_66-03.txt,118.340,0.100,11.834,0,0.000,0.00,0.000,0.000,0.000
3,ec.gp.GPIndividual@170271250{1096608486},3C_20_80-01.txt,4.194,0.100,0.419,0,0.000,0.00,0.000,0.000,0.000
3,ec.gp.GPIndividual@170271250{1096608486},3C_20_80-02.txt,35.738,0.100,3.574,0,0.000,0.00,0.000,0.000,0.000
3,ec.gp.GPIndividual@170271250{1096608486},3C_20_80-03.txt,169.439,0.100,16.944,0,0.000,0.00,0.000,0.000,0.000
3,ec.gp.GPIndividual@721881923{711524281},3C_20_50-02.txt,61.404,0.100,6.140,1,1.297,21.12,1.297,1.297,1.297
3,ec.gp.GPIndividual@721881923{711524281},3C_20_80-03.txt,169.439,0.100,16.944,3,8.156,48.14,2.719,5.719,0.516
3,ec.gp.GPIndividual@823632159{-201499243},3C_20_50-02.txt,61.404,0.100,6.140,2,0.891,14.50,0.445,0.531,0.359
3,ec.gp.GPIndividual@823632159{-201499243},3C_20_50-03.txt,30.993,0.100,3.099,1,1.953,63.02,1.953,1.953,0.359
3,ec.gp.GPIndividual@823632159{-201499243},3C_20_50-03.txt,30.993,0.100,3.099,3,6.781,218.80,2.260,4.250,0.359
3,ec.gp.GPIndividual@823632159{-201499243},3C_20_80-01.txt,4.194,0.100,0.419,0,0.000,0.00,0.000,4.250,0.359
3,ec.gp.GPIndividual@823632159{-201499243},3C_20_66-01.txt,7.322,0.100,0.732,1,4.828,659.38,4.828,4.828,0.359
3,ec.gp.GPIndividual@823632159{-201499243},3C_20_80-01.txt,4.194,0.100,0.419,2,0.531,126.65,0.266,4.828,0.266
3,ec.gp.GPIndividual@823632159{-201499243},3C_20_66-01.txt,7.322,0.100,0.732,5,1.188,162.18,0.238,4.828,0.000
3,ec.gp.GPIndividual@823632159{-201499243},3C_20_66-02.txt,154.245,0.100,15.424,0,0.000,0.00,0.000,4.828,0.000
3,ec.gp.GPIndividual@823632159{-201499243},3C_20_66-02.txt,154.245,0.100,15.424,1,4.453,28.87,4.453,4.828,0.000
3,ec.gp.GPIndividual@1709536173{-1804785296},3C_20_50-02.txt,61.404,0.100,6.140,0,0.000,0.00,0.000,0.000,0.000
3,ec.gp.GPIndividual@1709536173{-1804785296},3C_20_50-03.txt,30.993,0.100,3.099,0,0.000,0.00,0.000,0.000,0.000
3,ec.gp.GPIndividual@1709536173{-1804785296},3C_20_66-01.txt,7.322,0.100,0.732,0,0.000,0.00,0.000,0.000,0.000
3,ec.gp.GPIndividual@1709536173{-1804785296},3C_20_66-02.txt,154.245,0.100,15.424,0,0.000,0.00,0.000,0.000,0.000
3,ec.gp.GPIndividual@1709536173{-1804785296},3C_20_66-03.txt,118.340,0.100,11.834,0,0.000,0.00,0.000,0.000,0.000
3,ec.gp.GPIndividual@1709536173{-1804785296},3C_20_80-01.txt,4.194,0.100,0.419,0,0.000,0.00,0.000,0.000,0.000
3,ec.gp.GPIndividual@1709536173{-1804785296},3C_20_80-02.txt,35.738,0.100,3.574,0,0.000,0.00,0.000,0.000,0.000
3,ec.gp.GPIndividual@1709536173{-1804785296},3C_20_80-03.txt,169.439,0.100,16.944,0,0.000,0.00,0.000,0.000,0.000
3,ec.gp.GPIndividual@1742899331{-408859194},3C_20_50-02.txt,61.404,0.100,6.140,3,8.078,131.56,2.693,5.688,1.156
3,ec.gp.GPIndividual@683704385{1786953601},3C_20_50-02.txt,61.404,0.100,6.140,2,1.000,16.29,0.500,0.500,0.500
3,ec.gp.GPIndividual@683704385{1786953601},3C_20_50-03.txt,30.993,0.100,3.099,3,4.594,148.22,1.531,2.531,0.344
3,ec.gp.GPIndividual@683704385{1786953601},3C_20_66-03.txt,118.340,0.100,11.834,2,3.969,33.54,1.984,2.531,0.344
3,ec.gp.GPIndividual@683704385{1786953601},3C_20_80-02.txt,35.738,0.100,3.574,2,3.031,84.82,1.516,2.531,0.344
3,ec.gp.GPIndividual@683704385{1786953601},3C_20_50-03.txt,30.993,0.100,3.099,1,1.313,42.35,1.313,2.531,0.344
3,ec.gp.GPIndividual@683704385{1786953601},3C_20_66-01.txt,7.322,0.100,0.732,1,1.469,200.59,1.469,2.531,0.344
3,ec.gp.GPIndividual@683704385{1786953601},3C_20_66-03.txt,118.340,0.100,11.834,4,3.078,26.01,0.770,2.531,0.000
3,ec.gp.GPIndividual@683704385{1786953601},3C_20_66-01.txt,7.322,0.100,0.732,3,1.266,172.85,0.422,2.531,0.000
3,ec.gp.GPIndividual@683704385{1786953601},3C_20_66-02.txt,154.245,0.100,15.424,0,0.000,0.00,0.000,2.531,0.000
3,ec.gp.GPIndividual@683704385{1786953601},3C_20_80-02.txt,35.738,0.100,3.574,0,0.000,0.00,0.000,2.531,0.000
3,ec.gp.GPIndividual@683704385{1786953601},3C_20_66-02.txt,154.245,0.100,15.424,4,3.063,19.85,0.766,2.531,0.000
3,ec.gp.GPIndividual@683704385{1786953601},3C_20_66-03.txt,118.340,0.100,11.834,1,1.563,13.20,1.563,2.531,0.000
3,ec.gp.GPIndividual@683704385{1786953601},3C_20_80-03.txt,169.439,0.100,16.944,2,7.438,43.89,3.719,4.766,0.000
3,ec.gp.GPIndividual@683704385{1786953601},3C_20_66-03.txt,118.340,0.100,11.834,2,7.000,59.15,3.500,4.891,0.000
3,ec.gp.GPIndividual@683704385{1786953601},3C_20_80-01.txt,4.194,0.100,0.419,2,1.406,335.26,0.703,4.891,0.000
3,ec.gp.GPIndividual@683704385{1786953601},3C_20_80-03.txt,169.439,0.100,16.944,0,0.000,0.00,0.000,4.891,0.000
3,ec.gp.GPIndividual@683704385{1786953601},3C_20_80-02.txt,35.738,0.100,3.574,1,4.734,132.47,4.734,4.891,0.000
3,ec.gp.GPIndividual@683704385{1786953601},3C_20_80-01.txt,4.194,0.100,0.419,2,0.344,81.95,0.172,4.891,0.000
3,ec.gp.GPIndividual@683704385{1786953601},3C_20_80-02.txt,35.738,0.100,3.574,1,1.609,45.03,1.609,4.891,0.000
3,ec.gp.GPIndividual@683704385{1786953601},3C_20_80-03.txt,169.439,0.100,16.944,2,10.641,62.80,5.320,5.594,0.000
3,ec.gp.GPIndividual@683704385{1786953601},3C_20_80-01.txt,4.194,0.100,0.419,3,5.203,1240.47,1.734,5.594,0.000
3,ec.gp.GPIndividual@683704385{1786953601},3C_20_80-02.txt,35.738,0.100,3.574,2,1.516,42.41,0.758,5.594,0.000
3,ec.gp.GPIndividual@683704385{1786953601},3C_20_80-03.txt,169.439,0.100,16.944,0,0.000,0.00,0.000,5.594,0.000
3,ec.gp.GPIndividual@683704385{1786953601},3C_20_80-01.txt,4.194,0.100,0.419,2,1.672,398.59,0.836,5.594,0.000
3,ec.gp.GPIndividual@683704385{1786953601},3C_20_80-03.txt,169.439,0.100,16.944,0,0.000,0.00,0.000,5.594,0.000
3,ec.gp.GPIndividual@683704385{1786953601},3C_20_80-02.txt,35.738,0.100,3.574,1,5.594,156.52,5.594,5.594,0.000
3,ec.gp.GPIndividual@798559257{-1406715513},3C_20_50-02.txt,61.404,0.100,6.140,2,0.703,11.45,0.352,0.359,0.344
3,ec.gp.GPIndividual@798559257{-1406715513},3C_20_50-03.txt,30.993,0.100,3.099,2,6.094,196.62,3.047,4.547,0.344
3,ec.gp.GPIndividual@678186498{-349673860},3C_20_50-02.txt,61.404,0.100,6.140,0,0.000,0.00,0.000,0.000,0.000
3,ec.gp.GPIndividual@678186498{-349673860},3C_20_50-03.txt,30.993,0.100,3.099,0,0.000,0.00,0.000,0.000,0.000
3,ec.gp.GPIndividual@678186498{-349673860},3C_20_66-01.txt,7.322,0.100,0.732,0,0.000,0.00,0.000,0.000,0.000
3,ec.gp.GPIndividual@678186498{-349673860},3C_20_66-02.txt,154.245,0.100,15.424,0,0.000,0.00,0.000,0.000,0.000
3,ec.gp.GPIndividual@678186498{-349673860},3C_20_66-03.txt,118.340,0.100,11.834,0,0.000,0.00,0.000,0.000,0.000
3,ec.gp.GPIndividual@678186498{-349673860},3C_20_80-01.txt,4.194,0.100,0.419,0,0.000,0.00,0.000,0.000,0.000
3,ec.gp.GPIndividual@678186498{-349673860},3C_20_80-02.txt,35.738,0.100,3.574,0,0.000,0.00,0.000,0.000,0.000
3,ec.gp.GPIndividual@678186498{-349673860},3C_20_80-03.txt,169.439,0.100,16.944,0,0.000,0.00,0.000,0.000,0.000
3,ec.gp.GPIndividual@2081040840{-452999679},3C_20_50-02.txt,61.404,0.100,6.140,1,3.688,60.05,3.688,3.688,3.688
3,ec.gp.GPIndividual@2081040840{-452999679},3C_20_66-01.txt,7.322,0.100,0.732,1,4.906,670.05,4.906,4.906,3.688
3,ec.gp.GPIndividual@129780564{247322289},3C_20_50-02.txt,61.404,0.100,6.140,2,5.000,81.43,2.500,4.609,0.391
3,ec.gp.GPIndividual@814818290{739216365},3C_20_50-02.txt,61.404,0.100,6.140,0,0.000,0.00,0.000,0.000,0.000
3,ec.gp.GPIndividual@814818290{739216365},3C_20_50-03.txt,30.993,0.100,3.099,0,0.000,0.00,0.000,0.000,0.000
3,ec.gp.GPIndividual@814818290{739216365},3C_20_66-01.txt,7.322,0.100,0.732,0,0.000,0.00,0.000,0.000,0.000
3,ec.gp.GPIndividual@814818290{739216365},3C_20_66-02.txt,154.245,0.100,15.424,0,0.000,0.00,0.000,0.000,0.000
3,ec.gp.GPIndividual@814818290{739216365},3C_20_66-03.txt,118.340,0.100,11.834,0,0.000,0.00,0.000,0.000,0.000
3,ec.gp.GPIndividual@814818290{739216365},3C_20_80-01.txt,4.194,0.100,0.419,0,0.000,0.00,0.000,0.000,0.000
3,ec.gp.GPIndividual@814818290{739216365},3C_20_80-02.txt,35.738,0.100,3.574,0,0.000,0.00,0.000,0.000,0.000
3,ec.gp.GPIndividual@814818290{739216365},3C_20_80-03.txt,169.439,0.100,16.944,0,0.000,0.00,0.000,0.000,0.000
3,ec.gp.GPIndividual@1039575612{2019188070},3C_20_50-02.txt,61.404,0.100,6.140,2,0.703,11.45,0.352,0.359,0.344
3,ec.gp.GPIndividual@1039575612{2019188070},3C_20_50-03.txt,30.993,0.100,3.099,1,0.344,11.09,0.344,0.359,0.344
3,ec.gp.GPIndividual@1039575612{2019188070},3C_20_50-03.txt,30.993,0.100,3.099,1,0.344,11.09,0.344,0.359,0.344
3,ec.gp.GPIndividual@1039575612{2019188070},3C_20_50-03.txt,30.993,0.100,3.099,1,1.453,46.89,1.453,1.453,0.344
3,ec.gp.GPIndividual@1604303973{1941021529},3C_20_50-02.txt,61.404,0.100,6.140,2,0.625,10.18,0.313,0.359,0.266
3,ec.gp.GPIndividual@1604303973{1941021529},3C_20_50-03.txt,30.993,0.100,3.099,2,1.969,63.52,0.984,1.281,0.266
3,ec.gp.GPIndividual@1604303973{1941021529},3C_20_66-01.txt,7.322,0.100,0.732,3,2.984,407.58,0.995,1.297,0.266
3,ec.gp.GPIndividual@1604303973{1941021529},3C_20_66-02.txt,154.245,0.100,15.424,0,0.000,0.00,0.000,1.297,0.266
3,ec.gp.GPIndividual@1604303973{1941021529},3C_20_66-01.txt,7.322,0.100,0.732,1,1.000,136.57,1.000,1.297,0.266
3,ec.gp.GPIndividual@1604303973{1941021529},3C_20_66-02.txt,154.245,0.100,15.424,3,2.969,19.25,0.990,1.297,0.266
3,ec.gp.GPIndividual@1604303973{1941021529},3C_20_66-03.txt,118.340,0.100,11.834,0,0.000,0.00,0.000,1.297,0.266
3,ec.gp.GPIndividual@1604303973{1941021529},3C_20_66-02.txt,154.245,0.100,15.424,3,5.047,32.72,1.682,1.984,0.266
3,ec.gp.GPIndividual@1604303973{1941021529},3C_20_66-03.txt,118.340,0.100,11.834,1,3.313,27.99,3.313,3.313,0.266
3,ec.gp.GPIndividual@1604303973{1941021529},3C_20_66-01.txt,7.322,0.100,0.732,1,3.297,450.26,3.297,3.313,0.266
3,ec.gp.GPIndividual@1604303973{1941021529},3C_20_66-01.txt,7.322,0.100,0.732,2,0.828,113.10,0.414,3.313,0.266
3,ec.gp.GPIndividual@1604303973{1941021529},3C_20_66-02.txt,154.245,0.100,15.424,1,1.188,7.70,1.188,3.313,0.266
3,ec.gp.GPIndividual@1604303973{1941021529},3C_20_66-03.txt,118.340,0.100,11.834,4,8.719,73.68,2.180,4.594,0.266
3,ec.gp.GPIndividual@1604303973{1941021529},3C_20_66-02.txt,154.245,0.100,15.424,2,5.703,36.97,2.852,4.594,0.266
3,ec.gp.GPIndividual@1604303973{1941021529},3C_20_80-01.txt,4.194,0.100,0.419,1,2.547,607.20,2.547,4.594,0.266
3,ec.gp.GPIndividual@1604303973{1941021529},3C_20_80-01.txt,4.194,0.100,0.419,2,0.531,126.65,0.266,4.594,0.266
3,ec.gp.GPIndividual@1604303973{1941021529},3C_20_80-02.txt,35.738,0.100,3.574,1,1.109,31.04,1.109,4.594,0.266
3,ec.gp.GPIndividual@1604303973{1941021529},3C_20_66-03.txt,118.340,0.100,11.834,1,1.813,15.32,1.813,4.594,0.266
3,ec.gp.GPIndividual@1604303973{1941021529},3C_20_80-02.txt,35.738,0.100,3.574,1,4.875,136.41,4.875,4.875,0.266
3,ec.gp.GPIndividual@1604303973{1941021529},3C_20_80-01.txt,4.194,0.100,0.419,2,1.734,413.49,0.867,4.875,0.266
3,ec.gp.GPIndividual@1604303973{1941021529},3C_20_80-03.txt,169.439,0.100,16.944,2,3.359,19.83,1.680,4.875,0.266
3,ec.gp.GPIndividual@1604303973{1941021529},3C_20_66-03.txt,118.340,0.100,11.834,0,0.000,0.00,0.000,4.875,0.266
3,ec.gp.GPIndividual@1604303973{1941021529},3C_20_80-03.txt,169.439,0.100,16.944,2,2.188,12.91,1.094,4.875,0.266
3,ec.gp.GPIndividual@1604303973{1941021529},3C_20_80-02.txt,35.738,0.100,3.574,1,4.484,125.48,4.484,4.875,0.266
3,ec.gp.GPIndividual@1604303973{1941021529},3C_20_80-01.txt,4.194,0.100,0.419,2,0.422,100.58,0.211,4.875,0.141
3,ec.gp.GPIndividual@1604303973{1941021529},3C_20_80-02.txt,35.738,0.100,3.574,1,4.109,114.99,4.109,4.875,0.141
3,ec.gp.GPIndividual@1125455002{1164685592},3C_20_50-02.txt,61.404,0.100,6.140,3,2.422,39.44,0.807,1.563,0.422
3,ec.gp.GPIndividual@1125455002{1164685592},3C_20_50-03.txt,30.993,0.100,3.099,3,7.266,234.43,2.422,4.844,0.422
3,ec.gp.GPIndividual@1125455002{1164685592},3C_20_80-03.txt,169.439,0.100,16.944,1,0.672,3.97,0.672,4.844,0.422
3,ec.gp.GPIndividual@1125455002{1164685592},3C_20_80-03.txt,169.439,0.100,16.944,1,4.469,26.37,4.469,4.844,0.422
3,ec.gp.GPIndividual@1771133904{-1786492897},3C_20_50-02.txt,61.404,0.100,6.140,5,4.156,67.69,0.831,3.594,0.000
3,ec.gp.GPIndividual@1771133904{-1786492897},3C_20_50-03.txt,30.993,0.100,3.099,3,3.844,124.02,1.281,3.844,0.000
3,ec.gp.GPIndividual@1771133904{-1786492897},3C_20_80-01.txt,4.194,0.100,0.419,1,0.438,104.30,0.438,3.844,0.000
3,ec.gp.GPIndividual@1771133904{-1786492897},3C_20_66-02.txt,154.245,0.100,15.424,3,2.484,16.11,0.828,3.844,0.000
3,ec.gp.GPIndividual@1771133904{-1786492897},3C_20_66-01.txt,7.322,0.100,0.732,3,0.344,46.95,0.115,3.844,0.000
3,ec.gp.GPIndividual@1771133904{-1786492897},3C_20_66-02.txt,154.245,0.100,15.424,6,3.766,24.41,0.628,3.844,0.000
3,ec.gp.GPIndividual@1771133904{-1786492897},3C_20_80-02.txt,35.738,0.100,3.574,1,1.266,35.41,1.266,3.844,0.000
3,ec.gp.GPIndividual@1771133904{-1786492897},3C_20_66-03.txt,118.340,0.100,11.834,3,0.797,6.73,0.266,3.844,0.000
3,ec.gp.GPIndividual@1771133904{-1786492897},3C_20_66-03.txt,118.340,0.100,11.834,1,2.609,22.05,2.609,3.844,0.000
3,ec.gp.GPIndividual@301792614{789057693},3C_20_50-02.txt,61.404,0.100,6.140,4,3.266,53.18,0.816,1.109,0.219
3,ec.gp.GPIndividual@301792614{789057693},3C_20_50-03.txt,30.993,0.100,3.099,1,0.828,26.72,0.828,1.109,0.219
3,ec.gp.GPIndividual@301792614{789057693},3C_20_80-03.txt,169.439,0.100,16.944,4,10.422,61.51,2.605,3.563,0.219
3,ec.gp.GPIndividual@301792614{789057693},3C_20_80-01.txt,4.194,0.100,0.419,3,0.219,52.15,0.073,3.563,0.000
3,ec.gp.GPIndividual@301792614{789057693},3C_20_80-02.txt,35.738,0.100,3.574,3,2.672,74.76,0.891,3.563,0.000
3,ec.gp.GPIndividual@301792614{789057693},3C_20_66-01.txt,7.322,0.100,0.732,1,3.438,469.46,3.438,3.563,0.000
3,ec.gp.GPIndividual@1256891516{781119953},3C_20_50-02.txt,61.404,0.100,6.140,3,2.781,45.29,0.927,2.203,0.281
3,ec.gp.GPIndividual@1256891516{781119953},3C_20_50-03.txt,30.993,0.100,3.099,3,2.422,78.14,0.807,2.203,0.281
3,ec.gp.GPIndividual@1256891516{781119953},3C_20_80-03.txt,169.439,0.100,16.944,3,1.297,7.65,0.432,2.203,0.000
3,ec.gp.GPIndividual@1256891516{781119953},3C_20_66-01.txt,7.322,0.100,0.732,1,1.609,219.79,1.609,2.203,0.000
3,ec.gp.GPIndividual@1256891516{781119953},3C_20_80-01.txt,4.194,0.100,0.419,1,0.828,197.43,0.828,2.203,0.000
3,ec.gp.GPIndividual@1256891516{781119953},3C_20_66-02.txt,154.245,0.100,15.424,1,0.406,2.63,0.406,2.203,0.000
3,ec.gp.GPIndividual@1256891516{781119953},3C_20_66-02.txt,154.245,0.100,15.424,4,3.984,25.83,0.996,2.203,0.000
3,ec.gp.GPIndividual@1256891516{781119953},3C_20_66-03.txt,118.340,0.100,11.834,1,0.938,7.92,0.938,2.203,0.000
3,ec.gp.GPIndividual@1256891516{781119953},3C_20_80-02.txt,35.738,0.100,3.574,2,1.656,46.34,0.828,2.203,0.000
3,ec.gp.GPIndividual@1256891516{781119953},3C_20_66-03.txt,118.340,0.100,11.834,4,6.406,54.13,1.602,3.391,0.000
3,ec.gp.GPIndividual@1256891516{781119953},3C_20_80-03.txt,169.439,0.100,16.944,1,3.375,19.92,3.375,3.391,0.000
3,ec.gp.GPIndividual@1256891516{781119953},3C_20_80-01.txt,4.194,0.100,0.419,1,0.219,52.15,0.219,3.391,0.000
3,ec.gp.GPIndividual@1256891516{781119953},3C_20_80-02.txt,35.738,0.100,3.574,1,1.234,34.54,1.234,3.391,0.000
3,ec.gp.GPIndividual@1256891516{781119953},3C_20_80-03.txt,169.439,0.100,16.944,1,3.391,20.01,3.391,3.391,0.000
3,ec.gp.GPIndividual@56605892{664513076},3C_20_50-02.txt,61.404,0.100,6.140,0,0.000,0.00,0.000,0.000,0.000
3,ec.gp.GPIndividual@56605892{664513076},3C_20_50-03.txt,30.993,0.100,3.099,0,0.000,0.00,0.000,0.000,0.000
3,ec.gp.GPIndividual@56605892{664513076},3C_20_66-01.txt,7.322,0.100,0.732,0,0.000,0.00,0.000,0.000,0.000
3,ec.gp.GPIndividual@56605892{664513076},3C_20_66-02.txt,154.245,0.100,15.424,0,0.000,0.00,0.000,0.000,0.000
3,ec.gp.GPIndividual@56605892{664513076},3C_20_66-03.txt,118.340,0.100,11.834,0,0.000,0.00,0.000,0.000,0.000
3,ec.gp.GPIndividual@56605892{664513076},3C_20_80-01.txt,4.194,0.100,0.419,0,0.000,0.00,0.000,0.000,0.000
3,ec.gp.GPIndividual@56605892{664513076},3C_20_80-02.txt,35.738,0.100,3.574,0,0.000,0.00,0.000,0.000,0.000
3,ec.gp.GPIndividual@56605892{664513076},3C_20_80-03.txt,169.439,0.100,16.944,0,0.000,0.00,0.000,0.000,0.000
3,ec.gp.GPIndividual@562273757{1948675049},3C_20_50-02.txt,61.404,0.100,6.140,0,0.000,0.00,0.000,0.000,0.000
3,ec.gp.GPIndividual@562273757{1948675049},3C_20_50-03.txt,30.993,0.100,3.099,0,0.000,0.00,0.000,0.000,0.000
3,ec.gp.GPIndividual@562273757{1948675049},3C_20_66-01.txt,7.322,0.100,0.732,0,0.000,0.00,0.000,0.000,0.000
3,ec.gp.GPIndividual@562273757{1948675049},3C_20_66-02.txt,154.245,0.100,15.424,0,0.000,0.00,0.000,0.000,0.000
3,ec.gp.GPIndividual@562273757{1948675049},3C_20_66-03.txt,118.340,0.100,11.834,0,0.000,0.00,0.000,0.000,0.000
3,ec.gp.GPIndividual@562273757{1948675049},3C_20_80-01.txt,4.194,0.100,0.419,0,0.000,0.00,0.000,0.000,0.000
3,ec.gp.GPIndividual@562273757{1948675049},3C_20_80-02.txt,35.738,0.100,3.574,0,0.000,0.00,0.000,0.000,0.000
3,ec.gp.GPIndividual@562273757{1948675049},3C_20_80-03.txt,169.439,0.100,16.944,0,0.000,0.00,0.000,0.000,0.000
3,ec.gp.GPIndividual@1915357395{408068397},3C_20_50-02.txt,61.404,0.100,6.140,2,3.719,60.56,1.859,3.625,0.094
3,ec.gp.GPIndividual@1915357395{408068397},3C_20_80-01.txt,4.194,0.100,0.419,2,0.656,156.46,0.328,3.625,0.094
3,ec.gp.GPIndividual@1915357395{408068397},3C_20_50-03.txt,30.993,0.100,3.099,1,0.141,4.54,0.141,3.625,0.094
3,ec.gp.GPIndividual@1915357395{408068397},3C_20_80-02.txt,35.738,0.100,3.574,4,2.500,69.95,0.625,3.625,0.094
3,ec.gp.GPIndividual@1915357395{408068397},3C_20_80-03.txt,169.439,0.100,16.944,3,4.219,24.90,1.406,3.625,0.094
3,ec.gp.GPIndividual@1915357395{408068397},3C_20_66-01.txt,7.322,0.100,0.732,3,0.625,85.36,0.208,3.625,0.094
3,ec.gp.GPIndividual@1915357395{408068397},3C_20_66-02.txt,154.245,0.100,15.424,7,11.125,72.13,1.589,5.891,0.094
3,ec.gp.GPIndividual@949448456{25430343},3C_20_50-02.txt,61.404,0.100,6.140,3,5.484,89.32,1.828,5.281,0.094
3,ec.gp.GPIndividual@949448456{25430343},3C_20_50-03.txt,30.993,0.100,3.099,1,0.359,11.60,0.359,5.281,0.094
3,ec.gp.GPIndividual@949448456{25430343},3C_20_66-03.txt,118.340,0.100,11.834,3,3.844,32.48,1.281,5.281,0.094
3,ec.gp.GPIndividual@949448456{25430343},3C_20_66-01.txt,7.322,0.100,0.732,2,0.500,68.29,0.250,5.281,0.094
3,ec.gp.GPIndividual@949448456{25430343},3C_20_66-02.txt,154.245,0.100,15.424,4,2.250,14.59,0.563,5.281,0.094
3,ec.gp.GPIndividual@949448456{25430343},3C_20_66-03.txt,118.340,0.100,11.834,4,9.938,83.97,2.484,5.844,0.094
3,ec.gp.GPIndividual@949448456{25430343},3C_20_80-01.txt,4.194,0.100,0.419,3,0.375,89.40,0.125,5.844,0.047
3,ec.gp.GPIndividual@949448456{25430343},3C_20_80-02.txt,35.738,0.100,3.574,1,3.625,101.43,3.625,5.844,0.047
3,ec.gp.GPIndividual@949448456{25430343},3C_20_80-01.txt,4.194,0.100,0.419,2,0.297,70.78,0.148,5.844,0.047
3,ec.gp.GPIndividual@949448456{25430343},3C_20_80-02.txt,35.738,0.100,3.574,7,3.047,85.26,0.435,5.844,0.047
3,ec.gp.GPIndividual@949448456{25430343},3C_20_80-03.txt,169.439,0.100,16.944,2,0.875,5.16,0.438,5.844,0.047
3,ec.gp.GPIndividual@949448456{25430343},3C_20_80-03.txt,169.439,0.100,16.944,5,15.016,88.62,3.003,5.844,0.047
4,ec.gp.GPIndividual@437808932{1801589874},3C_20_50-02.txt,61.404,0.100,6.140,0,0.000,0.00,0.000,0.000,0.000
4,ec.gp.GPIndividual@437808932{1801589874},3C_20_50-02.txt,61.404,0.100,6.140,0,0.000,0.00,0.000,0.000,0.000
4,ec.gp.GPIndividual@437808932{1801589874},3C_20_50-03.txt,30.993,0.100,3.099,0,0.000,0.00,0.000,0.000,0.000
4,ec.gp.GPIndividual@437808932{1801589874},3C_20_66-01.txt,7.322,0.100,0.732,0,0.000,0.00,0.000,0.000,0.000
4,ec.gp.GPIndividual@437808932{1801589874},3C_20_66-01.txt,7.322,0.100,0.732,0,0.000,0.00,0.000,0.000,0.000
4,ec.gp.GPIndividual@437808932{1801589874},3C_20_66-01.txt,7.322,0.100,0.732,0,0.000,0.00,0.000,0.000,0.000
4,ec.gp.GPIndividual@437808932{1801589874},3C_20_66-02.txt,154.245,0.100,15.424,0,0.000,0.00,0.000,0.000,0.000
4,ec.gp.GPIndividual@437808932{1801589874},3C_20_66-03.txt,118.340,0.100,11.834,0,0.000,0.00,0.000,0.000,0.000
4,ec.gp.GPIndividual@437808932{1801589874},3C_20_66-03.txt,118.340,0.100,11.834,0,0.000,0.00,0.000,0.000,0.000
4,ec.gp.GPIndividual@437808932{1801589874},3C_20_66-03.txt,118.340,0.100,11.834,0,0.000,0.00,0.000,0.000,0.000
4,ec.gp.GPIndividual@437808932{1801589874},3C_20_66-03.txt,118.340,0.100,11.834,0,0.000,0.00,0.000,0.000,0.000
4,ec.gp.GPIndividual@437808932{1801589874},3C_20_80-01.txt,4.194,0.100,0.419,0,0.000,0.00,0.000,0.000,0.000
4,ec.gp.GPIndividual@437808932{1801589874},3C_20_80-01.txt,4.194,0.100,0.419,0,0.000,0.00,0.000,0.000,0.000
4,ec.gp.GPIndividual@437808932{1801589874},3C_20_80-02.txt,35.738,0.100,3.574,0,0.000,0.00,0.000,0.000,0.000
4,ec.gp.GPIndividual@18390368{-123669344},3C_20_50-02.txt,61.404,0.100,6.140,0,0.000,0.00,0.000,0.000,0.000
4,ec.gp.GPIndividual@1655269869{-2109952708},3C_20_50-02.txt,61.404,0.100,6.140,4,1.563,25.45,0.391,0.391,0.391
4,ec.gp.GPIndividual@1655269869{-2109952708},3C_20_50-03.txt,30.993,0.100,3.099,4,1.625,52.43,0.406,0.422,0.391
4,ec.gp.GPIndividual@1655269869{-2109952708},3C_20_50-03.txt,30.993,0.100,3.099,2,2.203,71.09,1.102,1.313,0.391
4,ec.gp.GPIndividual@1655269869{-2109952708},3C_20_66-01.txt,7.322,0.100,0.732,1,1.641,224.06,1.641,1.641,0.391
4,ec.gp.GPIndividual@1655269869{-2109952708},3C_20_50-03.txt,30.993,0.100,3.099,1,1.641,52.94,1.641,1.641,0.391
4,ec.gp.GPIndividual@1655269869{-2109952708},3C_20_50-03.txt,30.993,0.100,3.099,1,1.641,52.94,1.641,1.641,0.391
4,ec.gp.GPIndividual@1655269869{-2109952708},3C_20_50-03.txt,30.993,0.100,3.099,2,0.750,24.20,0.375,1.641,0.297
4,ec.gp.GPIndividual@1655269869{-2109952708},3C_20_50-03.txt,30.993,0.100,3.099,1,1.297,41.84,1.297,1.641,0.297
4,ec.gp.GPIndividual@1655269869{-2109952708},3C_20_66-02.txt,154.245,0.100,15.424,3,2.656,17.22,0.885,1.641,0.000
4,ec.gp.GPIndividual@1655269869{-2109952708},3C_20_66-01.txt,7.322,0.100,0.732,2,2.688,367.04,1.344,1.641,0.000
4,ec.gp.GPIndividual@1655269869{-2109952708},3C_20_66-02.txt,154.245,0.100,15.424,0,0.000,0.00,0.000,1.641,0.000
4,ec.gp.GPIndividual@1655269869{-2109952708},3C_20_66-01.txt,7.322,0.100,0.732,3,0.594,81.09,0.198,1.641,0.000
4,ec.gp.GPIndividual@1655269869{-2109952708},3C_20_66-03.txt,118.340,0.100,11.834,1,0.281,2.38,0.281,1.641,0.000
4,ec.gp.GPIndividual@1655269869{-2109952708},3C_20_66-02.txt,154.245,0.100,15.424,1,2.094,13.57,2.094,2.094,0.000
4,ec.gp.GPIndividual@1655269869{-2109952708},3C_20_66-03.txt,118.340,0.100,11.834,2,6.484,54.79,3.242,4.156,0.000
4,ec.gp.GPIndividual@1655269869{-2109952708},3C_20_66-01.txt,7.322,0.100,0.732,1,3.984,544.15,3.984,4.156,0.000
4,ec.gp.GPIndividual@1655269869{-2109952708},3C_20_66-01.txt,7.322,0.100,0.732,3,2.016,275.28,0.672,4.156,0.000
4,ec.gp.GPIndividual@1655269869{-2109952708},3C_20_66-03.txt,118.340,0.100,11.834,1,0.313,2.64,0.313,4.156,0.000
4,ec.gp.GPIndividual@1655269869{-2109952708},3C_20_66-02.txt,154.245,0.100,15.424,4,14.703,95.32,3.676,4.875,0.000
4,ec.gp.GPIndividual@1655269869{-2109952708},3C_20_80-01.txt,4.194,0.100,0.419,2,2.563,610.92,1.281,4.875,0.000
4,ec.gp.GPIndividual@1655269869{-2109952708},3C_20_66-03.txt,118.340,0.100,11.834,1,1.359,11.49,1.359,4.875,0.000
4,ec.gp.GPIndividual@1655269869{-2109952708},3C_20_66-02.txt,154.245,0.100,15.424,0,0.000,0.00,0.000,4.875,0.000
4,ec.gp.GPIndividual@1655269869{-2109952708},3C_20_80-02.txt,35.738,0.100,3.574,5,3.594,100.56,0.719,4.875,0.000
4,ec.gp.GPIndividual@1655269869{-2109952708},3C_20_66-01.txt,7.322,0.100,0.732,2,5.094,695.66,2.547,4.875,0.000
4,ec.gp.GPIndividual@1655269869{-2109952708},3C_20_80-01.txt,4.194,0.100,0.419,4,6.234,1486.33,1.559,4.875,0.000
4,ec.gp.GPIndividual@1655269869{-2109952708},3C_20_80-02.txt,35.738,0.100,3.574,0,0.000,0.00,0.000,4.875,0.000
4,ec.gp.GPIndividual@1655269869{-2109952708},3C_20_80-03.txt,169.439,0.100,16.944,6,13.531,79.86,2.255,4.875,0.000
4,ec.gp.GPIndividual@1655269869{-2109952708},3C_20_66-03.txt,118.340,0.100,11.834,2,3.766,31.82,1.883,4.875,0.000
4,ec.gp.GPIndividual@1655269869{-2109952708},3C_20_80-03.txt,169.439,0.100,16.944,2,3.953,23.33,1.977,4.875,0.000
4,ec.gp.GPIndividual@1655269869{-2109952708},3C_20_80-01.txt,4.194,0.100,0.419,2,0.359,85.68,0.180,4.875,0.000
4,ec.gp.GPIndividual@1655269869{-2109952708},3C_20_80-02.txt,35.738,0.100,3.574,1,3.953,110.61,3.953,4.875,0.000
4,ec.gp.GPIndividual@1655269869{-2109952708},3C_20_80-01.txt,4.194,0.100,0.419,2,0.172,40.98,0.086,4.875,0.000
4,ec.gp.GPIndividual@1655269869{-2109952708},3C_20_80-02.txt,35.738,0.100,3.574,2,7.375,206.36,3.688,5.953,0.000
4,ec.gp.GPIndividual@1338005529{-100275719},3C_20_50-02.txt,61.404,0.100,6.140,1,0.000,0.00,0.000,0.000,0.000
4,ec.gp.GPIndividual@1338005529{-100275719},3C_20_50-03.txt,30.993,0.100,3.099,1,0.000,0.00,0.000,0.000,0.000
4,ec.gp.GPIndividual@1338005529{-100275719},3C_20_66-01.txt,7.322,0.100,0.732,1,0.000,0.00,0.000,0.000,0.000
4,ec.gp.GPIndividual@1338005529{-100275719},3C_20_66-02.txt,154.245,0.100,15.424,1,0.000,0.00,0.000,0.000,0.000
4,ec.gp.GPIndividual@1338005529{-100275719},3C_20_66-03.txt,118.340,0.100,11.834,1,0.000,0.00,0.000,0.000,0.000
4,ec.gp.GPIndividual@1338005529{-100275719},3C_20_80-01.txt,4.194,0.100,0.419,1,0.000,0.00,0.000,0.000,0.000
4,ec.gp.GPIndividual@1338005529{-100275719},3C_20_80-02.txt,35.738,0.100,3.574,1,0.000,0.00,0.000,0.000,0.000
4,ec.gp.GPIndividual@1338005529{-100275719},3C_20_80-03.txt,169.439,0.100,16.944,1,0.000,0.00,0.000,0.000,0.000
4,ec.gp.GPIndividual@1352060121{1096608486},3C_20_50-02.txt,61.404,0.100,6.140,0,0.000,0.00,0.000,0.000,0.000
4,ec.gp.GPIndividual@1352060121{1096608486},3C_20_50-03.txt,30.993,0.100,3.099,0,0.000,0.00,0.000,0.000,0.000
4,ec.gp.GPIndividual@1352060121{1096608486},3C_20_66-01.txt,7.322,0.100,0.732,0,0.000,0.00,0.000,0.000,0.000
4,ec.gp.GPIndividual@1352060121{1096608486},3C_20_66-02.txt,154.245,0.100,15.424,0,0.000,0.00,0.000,0.000,0.000
4,ec.gp.GPIndividual@1352060121{1096608486},3C_20_66-03.txt,118.340,0.100,11.834,0,0.000,0.00,0.000,0.000,0.000
4,ec.gp.GPIndividual@1352060121{1096608486},3C_20_80-01.txt,4.194,0.100,0.419,0,0.000,0.00,0.000,0.000,0.000
4,ec.gp.GPIndividual@1352060121{1096608486},3C_20_80-02.txt,35.738,0.100,3.574,0,0.000,0.00,0.000,0.000,0.000
4,ec.gp.GPIndividual@1352060121{1096608486},3C_20_80-03.txt,169.439,0.100,16.944,0,0.000,0.00,0.000,0.000,0.000
4,ec.gp.GPIndividual@410377339{471347513},3C_20_50-02.txt,61.404,0.100,6.140,1,0.484,7.89,0.484,0.484,0.484
4,ec.gp.GPIndividual@410377339{471347513},3C_20_50-03.txt,30.993,0.100,3.099,3,2.484,80.16,0.828,1.516,0.000
4,ec.gp.GPIndividual@410377339{471347513},3C_20_80-03.txt,169.439,0.100,16.944,2,1.578,9.31,0.789,1.516,0.000
4,ec.gp.GPIndividual@410377339{471347513},3C_20_80-03.txt,169.439,0.100,16.944,2,6.047,35.69,3.023,4.781,0.000
4,ec.gp.GPIndividual@410377339{471347513},3C_20_66-01.txt,7.322,0.100,0.732,2,1.813,247.54,0.906,4.781,0.000
4,ec.gp.GPIndividual@410377339{471347513},3C_20_66-02.txt,154.245,0.100,15.424,0,0.000,0.00,0.000,4.781,0.000
4,ec.gp.GPIndividual@410377339{471347513},3C_20_66-02.txt,154.245,0.100,15.424,3,10.500,68.07,3.500,5.672,0.000
4,ec.gp.GPIndividual@410377339{471347513},3C_20_66-03.txt,118.340,0.100,11.834,3,12.609,106.55,4.203,5.938,0.000
4,ec.gp.GPIndividual@926220625{274720506},3C_20_50-02.txt,61.404,0.100,6.140,1,3.984,64.89,3.984,3.984,3.984
4,ec.gp.GPIndividual@994527800{-251861387},3C_20_50-02.txt,61.404,0.100,6.140,1,0.328,5.34,0.328,0.328,0.328
4,ec.gp.GPIndividual@994527800{-251861387},3C_20_50-03.txt,30.993,0.100,3.099,5,8.922,287.87,1.784,6.156,0.000
4,ec.gp.GPIndividual@994527800{-251861387},3C_20_80-01.txt,4.194,0.100,0.419,3,3.125,745.03,1.042,6.156,0.000
4,ec.gp.GPIndividual@383434813{-38919195},3C_20_50-02.txt,61.404,0.100,6.140,1,0.141,2.29,0.141,0.141,0.141
4,ec.gp.GPIndividual@383434813{-38919195},3C_20_66-03.txt,118.340,0.100,11.834,1,0.141,1.19,0.141,0.141,0.141
4,ec.gp.GPIndividual@383434813{-38919195},3C_20_80-02.txt,35.738,0.100,3.574,3,2.656,74.33,0.885,1.266,0.141
4,ec.gp.GPIndividual@383434813{-38919195},3C_20_66-01.txt,7.322,0.100,0.732,2,0.906,123.77,0.453,1.266,0.141
4,ec.gp.GPIndividual@383434813{-38919195},3C_20_50-03.txt,30.993,0.100,3.099,1,0.453,14.62,0.453,1.266,0.141
4,ec.gp.GPIndividual@383434813{-38919195},3C_20_66-02.txt,154.245,0.100,15.424,0,0.000,0.00,0.000,1.266,0.141
4,ec.gp.GPIndividual@383434813{-38919195},3C_20_50-03.txt,30.993,0.100,3.099,1,4.844,156.29,4.844,4.844,0.141
4,ec.gp.GPIndividual@383434813{-38919195},3C_20_80-01.txt,4.194,0.100,0.419,1,0.172,40.98,0.172,4.844,0.141
4,ec.gp.GPIndividual@383434813{-38919195},3C_20_80-02.txt,35.738,0.100,3.574,3,4.125,115.42,1.375,4.844,0.141
4,ec.gp.GPIndividual@383434813{-38919195},3C_20_66-01.txt,7.322,0.100,0.732,2,0.609,83.22,0.305,4.844,0.141
4,ec.gp.GPIndividual@383434813{-38919195},3C_20_80-03.txt,169.439,0.100,16.944,1,1.484,8.76,1.484,4.844,0.141
4,ec.gp.GPIndividual@383434813{-38919195},3C_20_80-03.txt,169.439,0.100,16.944,1,2.281,13.46,2.281,4.844,0.141
4,ec.gp.GPIndividual@383434813{-38919195},3C_20_66-03.txt,118.340,0.100,11.834,3,7.016,59.28,2.339,4.844,0.141
4,ec.gp.GPIndividual@383434813{-38919195},3C_20_66-02.txt,154.245,0.100,15.424,1,4.328,28.06,4.328,4.844,0.141
4,ec.gp.GPIndividual@383434813{-38919195},3C_20_66-01.txt,7.322,0.100,0.732,2,5.109,697.79,2.555,4.844,0.141
4,ec.gp.GPIndividual@383434813{-38919195},3C_20_80-01.txt,4.194,0.100,0.419,2,2.875,685.42,1.438,4.844,0.141
4,ec.gp.GPIndividual@383434813{-38919195},3C_20_66-03.txt,118.340,0.100,11.834,0,0.000,0.00,0.000,4.844,0.141
4,ec.gp.GPIndividual@383434813{-38919195},3C_20_80-02.txt,35.738,0.100,3.574,1,5.625,157.39,5.625,5.625,0.141
4,ec.gp.GPIndividual@623982840{677406825},3C_20_50-02.txt,61.404,0.100,6.140,3,2.828,46.06,0.943,1.484,0.438
4,ec.gp.GPIndividual@623982840{677406825},3C_20_80-03.txt,169.439,0.100,16.944,1,1.500,8.85,1.500,1.500,0.438
4,ec.gp.GPIndividual@623982840{677406825},3C_20_50-03.txt,30.993,0.100,3.099,1,1.203,38.82,1.203,1.500,0.438
4,ec.gp.GPIndividual@623982840{677406825},3C_20_66-02.txt,154.245,0.100,15.424,5,16.109,104.44,3.222,5.391,0.438
4,ec.gp.GPIndividual@623982840{677406825},3C_20_80-01.txt,4.194,0.100,0.419,1,0.750,178.81,0.750,5.391,0.438
4,ec.gp.GPIndividual@623982840{677406825},3C_20_80-01.txt,4.194,0.100,0.419,3,5.297,1262.82,1.766,5.391,0.250
4,ec.gp.GPIndividual@2112050667{530084802},3C_20_50-02.txt,61.404,0.100,6.140,1,1.859,30.28,1.859,1.859,1.859
4,ec.gp.GPIndividual@2112050667{530084802},3C_20_66-03.txt,118.340,0.100,11.834,2,0.734,6.21,0.367,1.859,0.328
4,ec.gp.GPIndividual@2112050667{530084802},3C_20_50-03.txt,30.993,0.100,3.099,1,3.438,110.91,3.438,3.438,0.328
4,ec.gp.GPIndividual@2112050667{530084802},3C_20_66-01.txt,7.322,0.100,0.732,1,0.953,130.17,0.953,3.438,0.328
4,ec.gp.GPIndividual@2112050667{530084802},3C_20_80-02.txt,35.738,0.100,3.574,4,3.641,101.87,0.910,3.438,0.328
4,ec.gp.GPIndividual@2112050667{530084802},3C_20_80-02.txt,35.738,0.100,3.574,4,3.594,100.56,0.898,3.438,0.328
4,ec.gp.GPIndividual@2112050667{530084802},3C_20_80-03.txt,169.439,0.100,16.944,0,0.000,0.00,0.000,3.438,0.328
4,ec.gp.GPIndividual@2112050667{530084802},3C_20_66-01.txt,7.322,0.100,0.732,1,0.969,132.30,0.969,3.438,0.328
4,ec.gp.GPIndividual@2112050667{530084802},3C_20_66-02.txt,154.245,0.100,15.424,7,10.766,69.80,1.538,4.281,0.328
4,ec.gp.GPIndividual@2112050667{530084802},3C_20_80-03.txt,169.439,0.100,16.944,2,2.375,14.02,1.188,4.281,0.328
4,ec.gp.GPIndividual@2112050667{530084802},3C_20_66-02.txt,154.245,0.100,15.424,1,1.063,6.89,1.063,4.281,0.328
4,ec.gp.GPIndividual@2112050667{530084802},3C_20_66-03.txt,118.340,0.100,11.834,5,12.109,102.33,2.422,4.344,0.328
4,ec.gp.GPIndividual@1344092174{2035373284},3C_20_50-02.txt,61.404,0.100,6.140,2,0.953,15.52,0.477,0.688,0.266
4,ec.gp.GPIndividual@1344092174{2035373284},3C_20_66-03.txt,118.340,0.100,11.834,1,0.266,2.24,0.266,0.688,0.266
4,ec.gp.GPIndividual@1344092174{2035373284},3C_20_50-03.txt,30.993,0.100,3.099,1,4.797,154.77,4.797,4.797,0.266
4,ec.gp.GPIndividual@1435215{-1476017152},3C_20_50-02.txt,61.404,0.100,6.140,2,4.031,65.65,2.016,3.594,0.438
4,ec.gp.GPIndividual@1435215{-1476017152},3C_20_80-01.txt,4.194,0.100,0.419,1,0.281,67.05,0.281,3.594,0.281
4,ec.gp.GPIndividual@1435215{-1476017152},3C_20_50-03.txt,30.993,0.100,3.099,3,6.141,198.13,2.047,4.609,0.266
4,ec.gp.GPIndividual@1435215{-1476017152},3C_20_80-01.txt,4.194,0.100,0.419,2,0.344,81.95,0.172,4.609,0.125
4,ec.gp.GPIndividual@1435215{-1476017152},3C_20_80-02.txt,35.738,0.100,3.574,2,0.531,14.87,0.266,4.609,0.125
4,ec.gp.GPIndividual@1435215{-1476017152},3C_20_66-01.txt,7.322,0.100,0.732,0,0.000,0.00,0.000,4.609,0.125
4,ec.gp.GPIndividual@1435215{-1476017152},3C_20_80-02.txt,35.738,0.100,3.574,3,2.734,76.51,0.911,4.609,0.125
4,ec.gp.GPIndividual@1435215{-1476017152},3C_20_66-01.txt,7.322,0.100,0.732,1,1.531,209.12,1.531,4.609,0.125
4,ec.gp.GPIndividual@1435215{-1476017152},3C_20_80-03.txt,169.439,0.100,16.944,3,2.563,15.12,0.854,4.609,0.125
4,ec.gp.GPIndividual@1435215{-1476017152},3C_20_66-02.txt,154.245,0.100,15.424,4,6.984,45.28,1.746,4.609,0.125
4,ec.gp.GPIndividual@1435215{-1476017152},3C_20_66-02.txt,154.245,0.100,15.424,1,1.344,8.71,1.344,4.609,0.125
4,ec.gp.GPIndividual@1435215{-1476017152},3C_20_80-03.txt,169.439,0.100,16.944,4,9.141,53.95,2.285,4.609,0.125
4,ec.gp.GPIndividual@1435215{-1476017152},3C_20_66-03.txt,118.340,0.100,11.834,3,6.922,58.49,2.307,4.656,0.125
4,ec.gp.GPIndividual@1435215{-1476017152},3C_20_66-03.txt,118.340,0.100,11.834,3,12.734,107.61,4.245,4.922,0.125
4,ec.gp.GPIndividual@1435215{-1476017152},3C_20_80-01.txt,4.194,0.100,0.419,2,1.891,450.74,0.945,4.922,0.125
4,ec.gp.GPIndividual@1542854918{675067812},3C_20_50-02.txt,61.404,0.100,6.140,3,5.781,94.15,1.927,4.844,0.375
4,ec.gp.GPIndividual@1542854918{675067812},3C_20_80-01.txt,4.194,0.100,0.419,1,0.438,104.30,0.438,4.844,0.375
4,ec.gp.GPIndividual@1542854918{675067812},3C_20_50-03.txt,30.993,0.100,3.099,1,0.594,19.16,0.594,4.844,0.375
4,ec.gp.GPIndividual@1542854918{675067812},3C_20_80-02.txt,35.738,0.100,3.574,3,3.500,97.93,1.167,4.844,0.250
4,ec.gp.GPIndividual@1614485581{1453696600},3C_20_50-02.txt,61.404,0.100,6.140,4,6.844,111.45,1.711,4.781,0.281
4,ec.gp.GPIndividual@1614485581{1453696600},3C_20_80-01.txt,4.194,0.100,0.419,1,1.453,346.44,1.453,4.781,0.281
4,ec.gp.GPIndividual@1614485581{1453696600},3C_20_80-03.txt,169.439,0.100,16.944,3,1.422,8.39,0.474,4.781,0.250
4,ec.gp.GPIndividual@1614485581{1453696600},3C_20_80-02.txt,35.738,0.100,3.574,5,5.203,145.59,1.041,4.781,0.250
4,ec.gp.GPIndividual@1614485581{1453696600},3C_20_80-02.txt,35.738,0.100,3.574,1,0.281,7.87,0.281,4.781,0.250
4,ec.gp.GPIndividual@1614485581{1453696600},3C_20_50-03.txt,30.993,0.100,3.099,1,0.875,28.23,0.875,4.781,0.250
4,ec.gp.GPIndividual@1614485581{1453696600},3C_20_80-03.txt,169.439,0.100,16.944,6,13.297,78.48,2.216,4.781,0.250
4,ec.gp.GPIndividual@1614485581{1453696600},3C_20_80-03.txt,169.439,0.100,16.944,6,16.359,96.55,2.727,5.125,0.000
4,ec.gp.GPIndividual@1614485581{1453696600},3C_20_66-01.txt,7.322,0.100,0.732,3,0.734,100.29,0.245,5.125,0.000
4,ec.gp.GPIndividual@1614485581{1453696600},3C_20_66-02.txt,154.245,0.100,15.424,1,2.375,15.40,2.375,5.125,0.000
4,ec.gp.GPIndividual@1918099022{625647500},3C_20_50-02.txt,61.404,0.100,6.140,4,6.203,101.02,1.551,4.438,0.406
4,ec.gp.GPIndividual@966974220{-360404324},3C_20_50-02.txt,61.404,0.100,6.140,2,6.125,99.75,3.063,3.938,2.188
4,ec.gp.GPIndividual@609973308{2061854878},3C_20_50-02.txt,61.404,0.100,6.140,1,0.391,6.36,0.391,0.391,0.391
4,ec.gp.GPIndividual@609973308{2061854878},3C_20_50-03.txt,30.993,0.100,3.099,3,1.203,38.82,0.401,0.422,0.391
4,ec.gp.GPIndividual@609973308{2061854878},3C_20_50-03.txt,30.993,0.100,3.099,1,5.344,172.42,5.344,5.344,0.391
4,ec.gp.GPIndividual@609973308{2061854878},3C_20_66-01.txt,7.322,0.100,0.732,1,1.078,147.24,1.078,5.344,0.391
4,ec.gp.GPIndividual@609973308{2061854878},3C_20_66-03.txt,118.340,0.100,11.834,1,1.234,10.43,1.234,5.344,0.391
4,ec.gp.GPIndividual@609973308{2061854878},3C_20_50-03.txt,30.993,0.100,3.099,3,2.375,76.63,0.792,5.344,0.391
4,ec.gp.GPIndividual@609973308{2061854878},3C_20_66-01.txt,7.322,0.100,0.732,2,2.000,273.14,1.000,5.344,0.391
4,ec.gp.GPIndividual@609973308{2061854878},3C_20_66-02.txt,154.245,0.100,15.424,5,5.516,35.76,1.103,5.344,0.359
4,ec.gp.GPIndividual@609973308{2061854878},3C_20_66-02.txt,154.245,0.100,15.424,4,10.406,67.47,2.602,5.344,0.359
4,ec.gp.GPIndividual@609973308{2061854878},3C_20_66-01.txt,7.322,0.100,0.732,1,1.938,264.61,1.938,5.344,0.359
4,ec.gp.GPIndividual@609973308{2061854878},3C_20_66-03.txt,118.340,0.100,11.834,1,3.719,31.42,3.719,5.344,0.359
4,ec.gp.GPIndividual@609973308{2061854878},3C_20_66-01.txt,7.322,0.100,0.732,3,2.000,273.14,0.667,5.344,0.359
4,ec.gp.GPIndividual@609973308{2061854878},3C_20_66-03.txt,118.340,0.100,11.834,1,0.859,7.26,0.859,5.344,0.359
4,ec.gp.GPIndividual@609973308{2061854878},3C_20_66-02.txt,154.245,0.100,15.424,1,0.750,4.86,0.750,5.344,0.359
4,ec.gp.GPIndividual@609973308{2061854878},3C_20_66-02.txt,154.245,0.100,15.424,5,13.703,88.84,2.741,5.344,0.359
4,ec.gp.GPIndividual@609973308{2061854878},3C_20_66-03.txt,118.340,0.100,11.834,2,6.594,55.72,3.297,5.344,0.359
4,ec.gp.GPIndividual@609973308{2061854878},3C_20_66-03.txt,118.340,0.100,11.834,4,10.500,88.73,2.625,5.344,0.359
4,ec.gp.GPIndividual@609973308{2061854878},3C_20_80-01.txt,4.194,0.100,0.419,2,0.422,100.58,0.211,5.344,0.141
4,ec.gp.GPIndividual@609973308{2061854878},3C_20_80-02.txt,35.738,0.100,3.574,2,7.875,220.35,3.938,5.344,0.141
4,ec.gp.GPIndividual@609973308{2061854878},3C_20_80-01.txt,4.194,0.100,0.419,2,0.281,67.05,0.141,5.344,0.000
4,ec.gp.GPIndividual@609973308{2061854878},3C_20_80-01.txt,4.194,0.100,0.419,3,2.422,577.39,0.807,5.344,0.000
4,ec.gp.GPIndividual@609973308{2061854878},3C_20_80-01.txt,4.194,0.100,0.419,2,0.438,104.30,0.219,5.344,0.000
4,ec.gp.GPIndividual@609973308{2061854878},3C_20_80-02.txt,35.738,0.100,3.574,1,4.828,135.10,4.828,5.344,0.000
4,ec.gp.GPIndividual@609973308{2061854878},3C_20_80-02.txt,35.738,0.100,3.574,6,5.422,151.71,0.904,5.344,0.000
4,ec.gp.GPIndividual@609973308{2061854878},3C_20_80-02.txt,35.738,0.100,3.574,0,0.000,0.00,0.000,5.344,0.000
4,ec.gp.GPIndividual@609973308{2061854878},3C_20_80-03.txt,169.439,0.100,16.944,2,2.406,14.20,1.203,5.344,0.000
4,ec.gp.GPIndividual@609973308{2061854878},3C_20_80-01.txt,4.194,0.100,0.419,2,0.484,115.48,0.242,5.344,0.000
4,ec.gp.GPIndividual@609973308{2061854878},3C_20_80-03.txt,169.439,0.100,16.944,1,0.906,5.35,0.906,5.344,0.000
4,ec.gp.GPIndividual@609973308{2061854878},3C_20_80-03.txt,169.439,0.100,16.944,2,2.313,13.65,1.156,5.344,0.000
4,ec.gp.GPIndividual@609973308{2061854878},3C_20_80-02.txt,35.738,0.100,3.574,3,3.484,97.50,1.161,5.344,0.000
4,ec.gp.GPIndividual@609973308{2061854878},3C_20_80-03.txt,169.439,0.100,16.944,4,14.578,86.04,3.645,5.344,0.000
4,ec.gp.GPIndividual@609973308{2061854878},3C_20_80-03.txt,169.439,0.100,16.944,2,4.875,28.77,2.438,5.344,0.000
4,ec.gp.GPIndividual@831336782{1540161480},3C_20_50-02.txt,61.404,0.100,6.140,3,5.797,94.40,1.932,5.078,0.281
4,ec.gp.GPIndividual@1722157776{1784952628},3C_20_50-02.txt,61.404,0.100,6.140,3,5.719,93.13,1.906,5.125,0.297
4,ec.gp.GPIndividual@1666696301{21634543},3C_20_50-02.txt,61.404,0.100,6.140,2,1.875,30.54,0.938,1.594,0.281
4,ec.gp.GPIndividual@1666696301{21634543},3C_20_50-03.txt,30.993,0.100,3.099,1,4.766,153.77,4.766,4.766,0.281
4,ec.gp.GPIndividual@243913455{416531663},3C_20_50-02.txt,61.404,0.100,6.140,2,1.047,17.05,0.523,0.813,0.234
4,ec.gp.GPIndividual@243913455{416531663},3C_20_66-02.txt,154.245,0.100,15.424,1,0.688,4.46,0.688,0.813,0.234
4,ec.gp.GPIndividual@243913455{416531663},3C_20_66-03.txt,118.340,0.100,11.834,1,1.047,8.85,1.047,1.047,0.234
4,ec.gp.GPIndividual@243913455{416531663},3C_20_50-03.txt,30.993,0.100,3.099,1,2.453,79.15,2.453,2.453,0.234
4,ec.gp.GPIndividual@243913455{416531663},3C_20_66-01.txt,7.322,0.100,0.732,1,1.375,187.79,1.375,2.453,0.234
4,ec.gp.GPIndividual@243913455{416531663},3C_20_66-03.txt,118.340,0.100,11.834,4,3.188,26.94,0.797,2.453,0.234
4,ec.gp.GPIndividual@243913455{416531663},3C_20_66-02.txt,154.245,0.100,15.424,2,5.828,37.78,2.914,3.438,0.234
4,ec.gp.GPIndividual@243913455{416531663},3C_20_66-01.txt,7.322,0.100,0.732,2,4.875,665.78,2.438,3.438,0.234
4,ec.gp.GPIndividual@243913455{416531663},3C_20_80-01.txt,4.194,0.100,0.419,4,0.563,134.10,0.141,3.438,0.109
4,ec.gp.GPIndividual@243913455{416531663},3C_20_66-03.txt,118.340,0.100,11.834,0,0.000,0.00,0.000,3.438,0.109
4,ec.gp.GPIndividual@243913455{416531663},3C_20_80-02.txt,35.738,0.100,3.574,2,2.266,63.40,1.133,3.438,0.109
4,ec.gp.GPIndividual@243913455{416531663},3C_20_80-01.txt,4.194,0.100,0.419,2,0.203,48.43,0.102,3.438,0.000
4,ec.gp.GPIndividual@243913455{416531663},3C_20_80-02.txt,35.738,0.100,3.574,1,0.234,6.56,0.234,3.438,0.000
4,ec.gp.GPIndividual@243913455{416531663},3C_20_66-02.txt,154.245,0.100,15.424,5,5.203,33.73,1.041,3.438,0.000
4,ec.gp.GPIndividual@243913455{416531663},3C_20_80-03.txt,169.439,0.100,16.944,1,0.781,4.61,0.781,3.438,0.000
4,ec.gp.GPIndividual@243913455{416531663},3C_20_80-03.txt,169.439,0.100,16.944,3,4.922,29.05,1.641,3.438,0.000
4,ec.gp.GPIndividual@243913455{416531663},3C_20_66-03.txt,118.340,0.100,11.834,4,13.188,111.44,3.297,3.734,0.000
4,ec.gp.GPIndividual@243913455{416531663},3C_20_80-01.txt,4.194,0.100,0.419,1,0.969,230.96,0.969,3.734,0.000
4,ec.gp.GPIndividual@1295064592{-347924026},3C_20_50-02.txt,61.404,0.100,6.140,3,0.625,10.18,0.208,0.219,0.203
4,ec.gp.GPIndividual@1295064592{-347924026},3C_20_50-03.txt,30.993,0.100,3.099,1,2.531,81.67,2.531,2.531,0.203
4,ec.gp.GPIndividual@1145665573{179487682},3C_20_50-02.txt,61.404,0.100,6.140,0,0.000,0.00,0.000,0.000,0.000
4,ec.gp.GPIndividual@1145665573{179487682},3C_20_50-03.txt,30.993,0.100,3.099,0,0.000,0.00,0.000,0.000,0.000
4,ec.gp.GPIndividual@1145665573{179487682},3C_20_66-01.txt,7.322,0.100,0.732,0,0.000,0.00,0.000,0.000,0.000
4,ec.gp.GPIndividual@1145665573{179487682},3C_20_66-02.txt,154.245,0.100,15.424,0,0.000,0.00,0.000,0.000,0.000
4,ec.gp.GPIndividual@1145665573{179487682},3C_20_66-03.txt,118.340,0.100,11.834,0,0.000,0.00,0.000,0.000,0.000
4,ec.gp.GPIndividual@1145665573{179487682},3C_20_80-01.txt,4.194,0.100,0.419,0,0.000,0.00,0.000,0.000,0.000
4,ec.gp.GPIndividual@1145665573{179487682},3C_20_80-02.txt,35.738,0.100,3.574,0,0.000,0.00,0.000,0.000,0.000
4,ec.gp.GPIndividual@1145665573{179487682},3C_20_80-03.txt,169.439,0.100,16.944,0,0.000,0.00,0.000,0.000,0.000
4,ec.gp.GPIndividual@1807862141{238300067},3C_20_50-02.txt,61.404,0.100,6.140,4,6.125,99.75,1.531,3.922,0.234
4,ec.gp.GPIndividual@1807862141{238300067},3C_20_80-01.txt,4.194,0.100,0.419,1,0.891,212.33,0.891,3.922,0.234
4,ec.gp.GPIndividual@1807862141{238300067},3C_20_80-02.txt,35.738,0.100,3.574,2,1.203,33.67,0.602,3.922,0.172
4,ec.gp.GPIndividual@1807862141{238300067},3C_20_50-03.txt,30.993,0.100,3.099,4,4.656,150.24,1.164,3.922,0.172
4,ec.gp.GPIndividual@1807862141{238300067},3C_20_66-01.txt,7.322,0.100,0.732,1,0.563,76.82,0.563,3.922,0.172
4,ec.gp.GPIndividual@1807862141{238300067},3C_20_80-02.txt,35.738,0.100,3.574,3,1.328,37.16,0.443,3.922,0.172
4,ec.gp.GPIndividual@1807862141{238300067},3C_20_66-01.txt,7.322,0.100,0.732,2,0.563,76.82,0.281,3.922,0.172
4,ec.gp.GPIndividual@1807862141{238300067},3C_20_66-02.txt,154.245,0.100,15.424,1,0.766,4.96,0.766,3.922,0.172
4,ec.gp.GPIndividual@1807862141{238300067},3C_20_80-03.txt,169.439,0.100,16.944,5,4.547,26.83,0.909,3.922,0.172
4,ec.gp.GPIndividual@1807862141{238300067},3C_20_66-02.txt,154.245,0.100,15.424,1,0.797,5.17,0.797,3.922,0.172
4,ec.gp.GPIndividual@1807862141{238300067},3C_20_80-03.txt,169.439,0.100,16.944,1,1.406,8.30,1.406,3.922,0.172
4,ec.gp.GPIndividual@1807862141{238300067},3C_20_66-03.txt,118.340,0.100,11.834,4,6.438,54.40,1.609,3.922,0.172
4,ec.gp.GPIndividual@1807862141{238300067},3C_20_66-03.txt,118.340,0.100,11.834,5,11.297,95.46,2.259,3.922,0.172
4,ec.gp.GPIndividual@1807862141{238300067},3C_20_80-01.txt,4.194,0.100,0.419,2,3.016,718.95,1.508,3.922,0.172
4,ec.gp.GPIndividual@1991569557{-66755642},3C_20_50-02.txt,61.404,0.100,6.140,3,3.813,62.09,1.271,3.547,0.000
4,ec.gp.GPIndividual@1991569557{-66755642},3C_20_50-03.txt,30.993,0.100,3.099,2,2.219,71.59,1.109,3.547,0.000
4,ec.gp.GPIndividual@1634404790{860547506},3C_20_50-02.txt,61.404,0.100,6.140,2,0.984,16.03,0.492,0.859,0.125
4,ec.gp.GPIndividual@1634404790{860547506},3C_20_50-03.txt,30.993,0.100,3.099,2,2.719,87.72,1.359,2.453,0.125
4,ec.gp.GPIndividual@1634404790{860547506},3C_20_80-01.txt,4.194,0.100,0.419,2,0.484,115.48,0.242,2.453,0.000
4,ec.gp.GPIndividual@1634404790{860547506},3C_20_80-03.txt,169.439,0.100,16.944,1,0.234,1.38,0.234,2.453,0.000
4,ec.gp.GPIndividual@1634404790{860547506},3C_20_80-02.txt,35.738,0.100,3.574,2,1.313,36.73,0.656,2.453,0.000
4,ec.gp.GPIndividual@1634404790{860547506},3C_20_66-01.txt,7.322,0.100,0.732,1,0.906,123.77,0.906,2.453,0.000
4,ec.gp.GPIndividual@1634404790{860547506},3C_20_80-03.txt,169.439,0.100,16.944,2,0.328,1.94,0.164,2.453,0.000
4,ec.gp.GPIndividual@1634404790{860547506},3C_20_66-02.txt,154.245,0.100,15.424,1,1.109,7.19,1.109,2.453,0.000
4,ec.gp.GPIndividual@1634404790{860547506},3C_20_66-03.txt,118.340,0.100,11.834,3,7.781,65.75,2.594,2.750,0.000
4,ec.gp.GPIndividual@1634404790{860547506},3C_20_80-01.txt,4.194,0.100,0.419,1,0.250,59.60,0.250,2.750,0.000
4,ec.gp.GPIndividual@1634404790{860547506},3C_20_80-02.txt,35.738,0.100,3.574,1,0.828,23.17,0.828,2.750,0.000
4,ec.gp.GPIndividual@1634404790{860547506},3C_20_80-03.txt,169.439,0.100,16.944,2,6.547,38.64,3.273,3.750,0.000
4,ec.gp.GPIndividual@917441878{1241385411},3C_20_50-02.txt,61.404,0.100,6.140,0,0.000,0.00,0.000,0.000,0.000
4,ec.gp.GPIndividual@917441878{1241385411},3C_20_50-03.txt,30.993,0.100,3.099,0,0.000,0.00,0.000,0.000,0.000
4,ec.gp.GPIndividual@917441878{1241385411},3C_20_66-01.txt,7.322,0.100,0.732,0,0.000,0.00,0.000,0.000,0.000
4,ec.gp.GPIndividual@917441878{1241385411},3C_20_66-02.txt,154.245,0.100,15.424,0,0.000,0.00,0.000,0.000,0.000
4,ec.gp.GPIndividual@917441878{1241385411},3C_20_66-03.txt,118.340,0.100,11.834,0,0.000,0.00,0.000,0.000,0.000
4,ec.gp.GPIndividual@917441878{1241385411},3C_20_80-01.txt,4.194,0.100,0.419,0,0.000,0.00,0.000,0.000,0.000
4,ec.gp.GPIndividual@917441878{1241385411},3C_20_80-02.txt,35.738,0.100,3.574,0,0.000,0.00,0.000,0.000,0.000
4,ec.gp.GPIndividual@917441878{1241385411},3C_20_80-03.txt,169.439,0.100,16.944,0,0.000,0.00,0.000,0.000,0.000
4,ec.gp.GPIndividual@242127550{1974568096},3C_20_50-02.txt,61.404,0.100,6.140,5,1.328,21.63,0.266,0.828,0.000
4,ec.gp.GPIndividual@242127550{1974568096},3C_20_50-03.txt,30.993,0.100,3.099,1,2.328,75.12,2.328,2.328,0.000
5,ec.gp.GPIndividual@1150555570{1319039056},3C_20_50-02.txt,61.404,0.100,6.140,3,0.844,13.74,0.281,0.281,0.281
5,ec.gp.GPIndividual@1150555570{1319039056},3C_20_50-03.txt,30.993,0.100,3.099,3,0.844,27.22,0.281,0.281,0.281
5,ec.gp.GPIndividual@1150555570{1319039056},3C_20_50-03.txt,30.993,0.100,3.099,2,0.844,27.22,0.422,0.422,0.281
5,ec.gp.GPIndividual@1150555570{1319039056},3C_20_50-03.txt,30.993,0.100,3.099,2,0.844,27.22,0.422,0.422,0.281
5,ec.gp.GPIndividual@1150555570{1319039056},3C_20_50-03.txt,30.993,0.100,3.099,2,2.016,65.04,1.008,1.094,0.281
5,ec.gp.GPIndividual@1150555570{1319039056},3C_20_50-03.txt,30.993,0.100,3.099,2,2.563,82.68,1.281,1.281,0.281
5,ec.gp.GPIndividual@1150555570{1319039056},3C_20_66-01.txt,7.322,0.100,0.732,0,0.000,0.00,0.000,1.281,0.281
5,ec.gp.GPIndividual@1150555570{1319039056},3C_20_66-01.txt,7.322,0.100,0.732,1,0.297,40.54,0.297,1.281,0.281
5,ec.gp.GPIndividual@1150555570{1319039056},3C_20_66-02.txt,154.245,0.100,15.424,5,3.938,25.53,0.788,1.328,0.000
5,ec.gp.GPIndividual@1150555570{1319039056},3C_20_50-03.txt,30.993,0.100,3.099,1,1.266,40.84,1.266,1.328,0.000
5,ec.gp.GPIndividual@1150555570{1319039056},3C_20_66-01.txt,7.322,0.100,0.732,0,0.000,0.00,0.000,1.328,0.000
5,ec.gp.GPIndividual@1150555570{1319039056},3C_20_66-02.txt,154.245,0.100,15.424,1,0.313,2.03,0.313,1.328,0.000
5,ec.gp.GPIndividual@1150555570{1319039056},3C_20_66-02.txt,154.245,0.100,15.424,2,3.656,23.70,1.828,2.344,0.000
5,ec.gp.GPIndividual@1150555570{1319039056},3C_20_66-03.txt,118.340,0.100,11.834,1,2.484,20.99,2.484,2.484,0.000
5,ec.gp.GPIndividual@1150555570{1319039056},3C_20_66-03.txt,118.340,0.100,11.834,2,6.438,54.40,3.219,3.938,0.000
5,ec.gp.GPIndividual@1150555570{1319039056},3C_20_66-01.txt,7.322,0.100,0.732,2,4.625,631.64,2.313,4.281,0.000
5,ec.gp.GPIndividual@1150555570{1319039056},3C_20_66-01.txt,7.322,0.100,0.732,1,0.156,21.34,0.156,4.281,0.000
5,ec.gp.GPIndividual@1150555570{1319039056},3C_20_66-02.txt,154.245,0.100,15.424,2,1.875,12.16,0.938,4.281,0.000
5,ec.gp.GPIndividual@1150555570{1319039056},3C_20_66-03.txt,118.340,0.100,11.834,4,12.484,105.50,3.121,4.969,0.000
5,ec.gp.GPIndividual@1150555570{1319039056},3C_20_80-01.txt,4.194,0.100,0.419,1,0.172,40.98,0.172,4.969,0.000
5,ec.gp.GPIndividual@1150555570{1319039056},3C_20_80-02.txt,35.738,0.100,3.574,1,1.641,45.91,1.641,4.969,0.000
5,ec.gp.GPIndividual@1150555570{1319039056},3C_20_66-02.txt,154.245,0.100,15.424,1,4.766,30.90,4.766,4.969,0.000
5,ec.gp.GPIndividual@1150555570{1319039056},3C_20_80-01.txt,4.194,0.100,0.419,2,1.766,420.94,0.883,4.969,0.000
5,ec.gp.GPIndividual@1150555570{1319039056},3C_20_66-03.txt,118.340,0.100,11.834,2,4.750,40.14,2.375,4.969,0.000
5,ec.gp.GPIndividual@1150555570{1319039056},3C_20_80-03.txt,169.439,0.100,16.944,0,0.000,0.00,0.000,4.969,0.000
5,ec.gp.GPIndividual@1150555570{1319039056},3C_20_80-02.txt,35.738,0.100,3.574,2,7.438,208.11,3.719,4.969,0.000
5,ec.gp.GPIndividual@1150555570{1319039056},3C_20_66-03.txt,118.340,0.100,11.834,0,0.000,0.00,0.000,4.969,0.000
5,ec.gp.GPIndividual@1150555570{1319039056},3C_20_80-01.txt,4.194,0.100,0.419,1,0.313,74.50,0.313,4.969,0.000
5,ec.gp.GPIndividual@1150555570{1319039056},3C_20_80-02.txt,35.738,0.100,3.574,1,1.547,43.28,1.547,4.969,0.000
5,ec.gp.GPIndividual@1150555570{1319039056},3C_20_80-03.txt,169.439,0.100,16.944,1,1.594,9.41,1.594,4.969,0.000
5,ec.gp.GPIndividual@1150555570{1319039056},3C_20_80-03.txt,169.439,0.100,16.944,2,3.563,21.03,1.781,4.969,0.000
5,ec.gp.GPIndividual@1150555570{1319039056},3C_20_66-01.txt,7.322,0.100,0.732,4,0.859,117.37,0.215,4.969,0.000
5,ec.gp.GPIndividual@1150555570{1319039056},3C_20_66-02.txt,154.245,0.100,15.424,4,15.578,101.00,3.895,5.906,0.000
5,ec.gp.GPIndividual@474696495{-1001354812},3C_20_50-02.txt,61.404,0.100,6.140,4,6.781,110.44,1.695,2.563,0.516
5,ec.gp.GPIndividual@474696495{-1001354812},3C_20_80-01.txt,4.194,0.100,0.419,1,6.094,1452.80,6.094,6.094,0.516
5,ec.gp.GPIndividual@2096610871{1220928175},3C_20_50-02.txt,61.404,0.100,6.140,3,7.766,126.47,2.589,5.672,0.313
5,ec.gp.GPIndividual@2127406255{1453426810},3C_20_50-02.txt,61.404,0.100,6.140,2,4.719,76.85,2.359,4.281,0.438
5,ec.gp.GPIndividual@2127406255{1453426810},3C_20_80-01.txt,4.194,0.100,0.419,1,0.734,175.08,0.734,4.281,0.438
5,ec.gp.GPIndividual@2127406255{1453426810},3C_20_66-03.txt,118.340,0.100,11.834,6,3.938,33.27,0.656,4.281,0.000
5,ec.gp.GPIndividual@2127406255{1453426810},3C_20_50-03.txt,30.993,0.100,3.099,2,3.000,96.80,1.500,4.281,0.000
5,ec.gp.GPIndividual@2127406255{1453426810},3C_20_50-03.txt,30.993,0.100,3.099,2,2.625,84.70,1.313,4.281,0.000
5,ec.gp.GPIndividual@2127406255{1453426810},3C_20_80-02.txt,35.738,0.100,3.574,0,0.000,0.00,0.000,4.281,0.000
5,ec.gp.GPIndividual@2127406255{1453426810},3C_20_50-03.txt,30.993,0.100,3.099,1,1.594,51.42,1.594,4.281,0.000
5,ec.gp.GPIndividual@2127406255{1453426810},3C_20_80-02.txt,35.738,0.100,3.574,3,3.141,87.88,1.047,4.281,0.000
5,ec.gp.GPIndividual@2127406255{1453426810},3C_20_66-01.txt,7.322,0.100,0.732,3,2.625,358.50,0.875,4.281,0.000
5,ec.gp.GPIndividual@2127406255{1453426810},3C_20_66-01.txt,7.322,0.100,0.732,2,3.063,418.25,1.531,4.281,0.000
5,ec.gp.GPIndividual@2127406255{1453426810},3C_20_80-03.txt,169.439,0.100,16.944,0,0.000,0.00,0.000,4.281,0.000
5,ec.gp.GPIndividual@2127406255{1453426810},3C_20_80-03.txt,169.439,0.100,16.944,1,0.281,1.66,0.281,4.281,0.000
5,ec.gp.GPIndividual@2127406255{1453426810},3C_20_66-02.txt,154.245,0.100,15.424,8,16.109,104.44,2.014,4.813,0.000
5,ec.gp.GPIndividual@2127406255{1453426810},3C_20_66-01.txt,7.322,0.100,0.732,3,4.438,606.03,1.479,4.813,0.000
5,ec.gp.GPIndividual@2127406255{1453426810},3C_20_66-02.txt,154.245,0.100,15.424,1,1.391,9.02,1.391,4.813,0.000
5,ec.gp.GPIndividual@2127406255{1453426810},3C_20_66-02.txt,154.245,0.100,15.424,1,1.359,8.81,1.359,4.813,0.000
5,ec.gp.GPIndividual@2127406255{1453426810},3C_20_66-03.txt,118.340,0.100,11.834,3,11.922,100.74,3.974,5.906,0.000
5,ec.gp.GPIndividual@1545107897{1478285980},3C_20_50-02.txt,61.404,0.100,6.140,5,5.875,95.68,1.175,2.500,0.000
5,ec.gp.GPIndividual@1545107897{1478285980},3C_20_66-03.txt,118.340,0.100,11.834,7,9.813,82.92,1.402,3.531,0.000
5,ec.gp.GPIndividual@1545107897{1478285980},3C_20_50-03.txt,30.993,0.100,3.099,1,1.047,33.78,1.047,3.531,0.000
5,ec.gp.GPIndividual@1545107897{1478285980},3C_20_66-03.txt,118.340,0.100,11.834,4,11.063,93.48,2.766,4.766,0.000
5,ec.gp.GPIndividual@914021177{2114728469},3C_20_50-02.txt,61.404,0.100,6.140,3,2.141,34.86,0.714,1.609,0.000
5,ec.gp.GPIndividual@914021177{2114728469},3C_20_80-01.txt,4.194,0.100,0.419,0,0.000,0.00,0.000,1.609,0.000
5,ec.gp.GPIndividual@914021177{2114728469},3C_20_50-03.txt,30.993,0.100,3.099,2,5.188,167.38,2.594,4.875,0.000
5,ec.gp.GPIndividual@914021177{2114728469},3C_20_80-01.txt,4.194,0.100,0.419,1,2.453,584.85,2.453,4.875,0.000
5,ec.gp.GPIndividual@914021177{2114728469},3C_20_80-01.txt,4.194,0.100,0.419,1,2.453,584.85,2.453,4.875,0.000
5,ec.gp.GPIndividual@914021177{2114728469},3C_20_66-01.txt,7.322,0.100,0.732,3,0.703,96.03,0.234,4.875,0.000
5,ec.gp.GPIndividual@914021177{2114728469},3C_20_80-02.txt,35.738,0.100,3.574,1,1.266,35.41,1.266,4.875,0.000
5,ec.gp.GPIndividual@914021177{2114728469},3C_20_66-01.txt,7.322,0.100,0.732,1,0.953,130.17,0.953,4.875,0.000
5,ec.gp.GPIndividual@914021177{2114728469},3C_20_80-02.txt,35.738,0.100,3.574,2,0.766,21.42,0.383,4.875,0.000
5,ec.gp.GPIndividual@914021177{2114728469},3C_20_66-02.txt,154.245,0.100,15.424,7,14.438,93.60,2.063,4.875,0.000
5,ec.gp.GPIndividual@914021177{2114728469},3C_20_66-03.txt,118.340,0.100,11.834,4,6.547,55.32,1.637,4.875,0.000
5,ec.gp.GPIndividual@914021177{2114728469},3C_20_66-02.txt,154.245,0.100,15.424,2,2.609,16.92,1.305,4.875,0.000
5,ec.gp.GPIndividual@914021177{2114728469},3C_20_80-02.txt,35.738,0.100,3.574,1,1.375,38.47,1.375,4.875,0.000
5,ec.gp.GPIndividual@914021177{2114728469},3C_20_80-03.txt,169.439,0.100,16.944,4,12.625,74.51,3.156,4.891,0.000
5,ec.gp.GPIndividual@914021177{2114728469},3C_20_80-01.txt,4.194,0.100,0.419,1,0.188,44.70,0.188,4.891,0.000
5,ec.gp.GPIndividual@914021177{2114728469},3C_20_80-02.txt,35.738,0.100,3.574,3,3.625,101.43,1.208,4.891,0.000
5,ec.gp.GPIndividual@914021177{2114728469},3C_20_80-03.txt,169.439,0.100,16.944,2,0.844,4.98,0.422,4.891,0.000
5,ec.gp.GPIndividual@914021177{2114728469},3C_20_66-03.txt,118.340,0.100,11.834,1,1.547,13.07,1.547,4.891,0.000
5,ec.gp.GPIndividual@914021177{2114728469},3C_20_80-03.txt,169.439,0.100,16.944,2,11.313,66.76,5.656,5.813,0.000
5,ec.gp.GPIndividual@914021177{2114728469},3C_20_80-03.txt,169.439,0.100,16.944,1,5.344,31.54,5.344,5.813,0.000
5,ec.gp.GPIndividual@914021177{2114728469},3C_20_80-01.txt,4.194,0.100,0.419,2,0.469,111.75,0.234,5.813,0.000
5,ec.gp.GPIndividual@914021177{2114728469},3C_20_80-02.txt,35.738,0.100,3.574,3,2.953,82.63,0.984,5.813,0.000
5,ec.gp.GPIndividual@914021177{2114728469},3C_20_80-03.txt,169.439,0.100,16.944,4,16.109,95.07,4.027,5.875,0.000
5,ec.gp.GPIndividual@450975092{-1518185306},3C_20_50-02.txt,61.404,0.100,6.140,1,6.281,102.29,6.281,6.281,6.281
5,ec.gp.GPIndividual@1521992214{-1588989410},3C_20_50-02.txt,61.404,0.100,6.140,3,6.938,112.98,2.313,6.078,0.344
5,ec.gp.GPIndividual@36059399{279284434},3C_20_50-02.txt,61.404,0.100,6.140,1,0.344,5.60,0.344,0.344,0.344
5,ec.gp.GPIndividual@36059399{279284434},3C_20_50-03.txt,30.993,0.100,3.099,3,2.969,95.79,0.990,2.641,0.000
5,ec.gp.GPIndividual@434567824{-133754732},3C_20_50-02.txt,61.404,0.100,6.140,4,5.297,86.26,1.324,3.531,0.266
5,ec.gp.GPIndividual@434567824{-133754732},3C_20_66-03.txt,118.340,0.100,11.834,0,0.000,0.00,0.000,3.531,0.266
5,ec.gp.GPIndividual@434567824{-133754732},3C_20_66-01.txt,7.322,0.100,0.732,2,1.984,271.01,0.992,3.531,0.266
5,ec.gp.GPIndividual@434567824{-133754732},3C_20_80-03.txt,169.439,0.100,16.944,1,0.297,1.75,0.297,3.531,0.266
5,ec.gp.GPIndividual@434567824{-133754732},3C_20_66-02.txt,154.245,0.100,15.424,2,2.141,13.88,1.070,3.531,0.266
5,ec.gp.GPIndividual@434567824{-133754732},3C_20_50-03.txt,30.993,0.100,3.099,3,2.422,78.14,0.807,3.531,0.000
5,ec.gp.GPIndividual@434567824{-133754732},3C_20_66-01.txt,7.322,0.100,0.732,1,2.031,277.41,2.031,3.531,0.000
5,ec.gp.GPIndividual@434567824{-133754732},3C_20_66-03.txt,118.340,0.100,11.834,2,0.422,3.56,0.211,3.531,0.000
5,ec.gp.GPIndividual@434567824{-133754732},3C_20_66-02.txt,154.245,0.100,15.424,1,0.875,5.67,0.875,3.531,0.000
5,ec.gp.GPIndividual@434567824{-133754732},3C_20_66-02.txt,154.245,0.100,15.424,5,14.672,95.12,2.934,5.000,0.000
5,ec.gp.GPIndividual@434567824{-133754732},3C_20_66-03.txt,118.340,0.100,11.834,2,2.016,17.03,1.008,5.000,0.000
5,ec.gp.GPIndividual@429669812{1877099193},3C_20_50-02.txt,61.404,0.100,6.140,1,0.297,4.83,0.297,0.297,0.297
5,ec.gp.GPIndividual@429669812{1877099193},3C_20_50-03.txt,30.993,0.100,3.099,2,6.047,195.11,3.023,4.859,0.297
5,ec.gp.GPIndividual@429669812{1877099193},3C_20_80-01.txt,4.194,0.100,0.419,2,0.422,100.58,0.211,4.859,0.141
5,ec.gp.GPIndividual@429669812{1877099193},3C_20_80-02.txt,35.738,0.100,3.574,1,1.313,36.73,1.313,4.859,0.141
5,ec.gp.GPIndividual@429669812{1877099193},3C_20_66-01.txt,7.322,0.100,0.732,1,0.844,115.23,0.844,4.859,0.141
5,ec.gp.GPIndividual@429669812{1877099193},3C_20_66-03.txt,118.340,0.100,11.834,1,0.375,3.17,0.375,4.859,0.141
5,ec.gp.GPIndividual@429669812{1877099193},3C_20_66-02.txt,154.245,0.100,15.424,1,3.719,24.11,3.719,4.859,0.141
5,ec.gp.GPIndividual@429669812{1877099193},3C_20_80-01.txt,4.194,0.100,0.419,2,0.406,96.85,0.203,4.859,0.141
5,ec.gp.GPIndividual@429669812{1877099193},3C_20_80-02.txt,35.738,0.100,3.574,2,3.453,96.62,1.727,4.859,0.141
5,ec.gp.GPIndividual@429669812{1877099193},3C_20_66-03.txt,118.340,0.100,11.834,4,8.063,68.13,2.016,4.859,0.141
5,ec.gp.GPIndividual@429669812{1877099193},3C_20_80-03.txt,169.439,0.100,16.944,3,7.391,43.62,2.464,4.859,0.141
5,ec.gp.GPIndividual@429669812{1877099193},3C_20_80-03.txt,169.439,0.100,16.944,2,7.594,44.82,3.797,4.859,0.141
5,ec.gp.GPIndividual@429669812{1877099193},3C_20_80-01.txt,4.194,0.100,0.419,1,0.281,67.05,0.281,4.859,0.141
5,ec.gp.GPIndividual@429669812{1877099193},3C_20_80-02.txt,35.738,0.100,3.574,1,5.172,144.72,5.172,5.172,0.141
5,ec.gp.GPIndividual@1278038440{-764024407},3C_20_50-02.txt,61.404,0.100,6.140,3,6.203,101.02,2.068,4.234,0.422
5,ec.gp.GPIndividual@1278038440{-764024407},3C_20_50-03.txt,30.993,0.100,3.099,2,5.063,163.35,2.531,4.797,0.266
5,ec.gp.GPIndividual@443116805{-153983504},3C_20_50-02.txt,61.404,0.100,6.140,1,0.984,16.03,0.984,0.984,0.984
5,ec.gp.GPIndividual@443116805{-153983504},3C_20_80-03.txt,169.439,0.100,16.944,1,0.406,2.40,0.406,0.984,0.406
5,ec.gp.GPIndividual@443116805{-153983504},3C_20_50-03.txt,30.993,0.100,3.099,1,1.266,40.84,1.266,1.266,0.406
5,ec.gp.GPIndividual@443116805{-153983504},3C_20_66-01.txt,7.322,0.100,0.732,1,1.141,155.78,1.141,1.266,0.406
5,ec.gp.GPIndividual@443116805{-153983504},3C_20_80-01.txt,4.194,0.100,0.419,2,6.188,1475.15,3.094,5.781,0.406
5,ec.gp.GPIndividual@443116805{-153983504},3C_20_80-01.txt,4.194,0.100,0.419,0,0.000,0.00,0.000,5.781,0.406
5,ec.gp.GPIndividual@443116805{-153983504},3C_20_66-02.txt,154.245,0.100,15.424,2,1.563,10.13,0.781,5.781,0.281
5,ec.gp.GPIndividual@443116805{-153983504},3C_20_66-01.txt,7.322,0.100,0.732,1,0.859,117.37,0.859,5.781,0.281
5,ec.gp.GPIndividual@443116805{-153983504},3C_20_80-02.txt,35.738,0.100,3.574,1,0.422,11.80,0.422,5.781,0.281
5,ec.gp.GPIndividual@443116805{-153983504},3C_20_66-02.txt,154.245,0.100,15.424,2,2.719,17.63,1.359,5.781,0.281
5,ec.gp.GPIndividual@443116805{-153983504},3C_20_66-03.txt,118.340,0.100,11.834,3,2.703,22.84,0.901,5.781,0.000
5,ec.gp.GPIndividual@443116805{-153983504},3C_20_80-03.txt,169.439,0.100,16.944,1,1.875,11.07,1.875,5.781,0.000
5,ec.gp.GPIndividual@443116805{-153983504},3C_20_66-03.txt,118.340,0.100,11.834,1,1.016,8.58,1.016,5.781,0.000
5,ec.gp.GPIndividual@443116805{-153983504},3C_20_80-02.txt,35.738,0.100,3.574,1,4.266,119.36,4.266,5.781,0.000
5,ec.gp.GPIndividual@545501576{1403654100},3C_20_50-02.txt,61.404,0.100,6.140,0,0.000,0.00,0.000,0.000,0.000
5,ec.gp.GPIndividual@545501576{1403654100},3C_20_50-03.txt,30.993,0.100,3.099,0,0.000,0.00,0.000,0.000,0.000
5,ec.gp.GPIndividual@545501576{1403654100},3C_20_66-01.txt,7.322,0.100,0.732,0,0.000,0.00,0.000,0.000,0.000
5,ec.gp.GPIndividual@545501576{1403654100},3C_20_66-02.txt,154.245,0.100,15.424,0,0.000,0.00,0.000,0.000,0.000
5,ec.gp.GPIndividual@545501576{1403654100},3C_20_66-03.txt,118.340,0.100,11.834,0,0.000,0.00,0.000,0.000,0.000
5,ec.gp.GPIndividual@545501576{1403654100},3C_20_80-01.txt,4.194,0.100,0.419,0,0.000,0.00,0.000,0.000,0.000
5,ec.gp.GPIndividual@545501576{1403654100},3C_20_80-02.txt,35.738,0.100,3.574,0,0.000,0.00,0.000,0.000,0.000
5,ec.gp.GPIndividual@545501576{1403654100},3C_20_80-03.txt,169.439,0.100,16.944,0,0.000,0.00,0.000,0.000,0.000
5,ec.gp.GPIndividual@1523727518{-507592732},3C_20_50-02.txt,61.404,0.100,6.140,1,0.266,4.33,0.266,0.266,0.266
5,ec.gp.GPIndividual@1523727518{-507592732},3C_20_50-03.txt,30.993,0.100,3.099,2,2.844,91.76,1.422,1.484,0.266
5,ec.gp.GPIndividual@1523727518{-507592732},3C_20_66-01.txt,7.322,0.100,0.732,1,0.438,59.75,0.438,1.484,0.266
5,ec.gp.GPIndividual@1523727518{-507592732},3C_20_66-02.txt,154.245,0.100,15.424,1,0.719,4.66,0.719,1.484,0.266
5,ec.gp.GPIndividual@1523727518{-507592732},3C_20_80-03.txt,169.439,0.100,16.944,2,9.125,53.85,4.563,4.844,0.266
5,ec.gp.GPIndividual@1523727518{-507592732},3C_20_80-01.txt,4.194,0.100,0.419,1,0.281,67.05,0.281,4.844,0.266
5,ec.gp.GPIndividual@1523727518{-507592732},3C_20_80-02.txt,35.738,0.100,3.574,1,1.922,53.78,1.922,4.844,0.266
5,ec.gp.GPIndividual@1523727518{-507592732},3C_20_66-03.txt,118.340,0.100,11.834,2,6.125,51.76,3.063,4.844,0.266
5,ec.gp.GPIndividual@1523727518{-507592732},3C_20_80-03.txt,169.439,0.100,16.944,2,7.641,45.09,3.820,4.844,0.266
5,ec.gp.GPIndividual@1523727518{-507592732},3C_20_80-01.txt,4.194,0.100,0.419,1,0.297,70.78,0.297,4.844,0.266
5,ec.gp.GPIndividual@1523727518{-507592732},3C_20_80-02.txt,35.738,0.100,3.574,1,4.609,128.98,4.609,4.844,0.266
5,ec.gp.GPIndividual@1717798660{2059807575},3C_20_50-02.txt,61.404,0.100,6.140,2,0.594,9.67,0.297,0.313,0.281
5,ec.gp.GPIndividual@1717798660{2059807575},3C_20_50-03.txt,30.993,0.100,3.099,1,4.641,149.73,4.641,4.641,0.281
5,ec.gp.GPIndividual@1717798660{2059807575},3C_20_80-01.txt,4.194,0.100,0.419,1,1.469,350.16,1.469,4.641,0.281
5,ec.gp.GPIndividual@1717798660{2059807575},3C_20_80-03.txt,169.439,0.100,16.944,1,0.234,1.38,0.234,4.641,0.234
5,ec.gp.GPIndividual@1717798660{2059807575},3C_20_80-02.txt,35.738,0.100,3.574,2,6.188,173.13,3.094,4.891,0.234
5,ec.gp.GPIndividual@908902897{1319955663},3C_20_50-02.txt,61.404,0.100,6.140,1,1.484,24.17,1.484,1.484,1.484
5,ec.gp.GPIndividual@908902897{1319955663},3C_20_80-03.txt,169.439,0.100,16.944,1,0.406,2.40,0.406,1.484,0.406
5,ec.gp.GPIndividual@908902897{1319955663},3C_20_50-03.txt,30.993,0.100,3.099,1,0.984,31.76,0.984,1.484,0.406
5,ec.gp.GPIndividual@908902897{1319955663},3C_20_66-01.txt,7.322,0.100,0.732,2,0.578,78.96,0.289,1.484,0.141
5,ec.gp.GPIndividual@908902897{1319955663},3C_20_66-02.txt,154.245,0.100,15.424,2,6.219,40.32,3.109,4.922,0.141
5,ec.gp.GPIndividual@742507607{80645591},3C_20_50-02.txt,61.404,0.100,6.140,0,0.000,0.00,0.000,0.000,0.000
5,ec.gp.GPIndividual@742507607{80645591},3C_20_66-01.txt,7.322,0.100,0.732,2,0.813,110.96,0.406,0.406,0.406
5,ec.gp.GPIndividual@742507607{80645591},3C_20_66-02.txt,154.245,0.100,15.424,0,0.000,0.00,0.000,0.406,0.406
5,ec.gp.GPIndividual@742507607{80645591},3C_20_50-03.txt,30.993,0.100,3.099,1,4.453,143.68,4.453,4.453,0.406
5,ec.gp.GPIndividual@1735799803{-1164082664},3C_20_50-02.txt,61.404,0.100,6.140,2,3.156,51.40,1.578,1.859,1.297
5,ec.gp.GPIndividual@1735799803{-1164082664},3C_20_66-01.txt,7.322,0.100,0.732,2,0.547,74.69,0.273,1.859,0.266
5,ec.gp.GPIndividual@1735799803{-1164082664},3C_20_50-03.txt,30.993,0.100,3.099,1,0.422,13.61,0.422,1.859,0.266
5,ec.gp.GPIndividual@1735799803{-1164082664},3C_20_66-02.txt,154.245,0.100,15.424,1,1.859,12.05,1.859,1.859,0.266
5,ec.gp.GPIndividual@1735799803{-1164082664},3C_20_66-03.txt,118.340,0.100,11.834,2,5.297,44.76,2.648,4.297,0.266
5,ec.gp.GPIndividual@1159218124{1093661670},3C_20_50-02.txt,61.404,0.100,6.140,1,0.438,7.12,0.438,0.438,0.438
5,ec.gp.GPIndividual@1159218124{1093661670},3C_20_50-03.txt,30.993,0.100,3.099,2,2.328,75.12,1.164,1.328,0.438
5,ec.gp.GPIndividual@1159218124{1093661670},3C_20_66-03.txt,118.340,0.100,11.834,1,1.734,14.66,1.734,1.734,0.438
5,ec.gp.GPIndividual@1159218124{1093661670},3C_20_66-03.txt,118.340,0.100,11.834,1,0.828,7.00,0.828,1.734,0.438
5,ec.gp.GPIndividual@1159218124{1093661670},3C_20_66-01.txt,7.322,0.100,0.732,1,1.250,170.71,1.250,1.734,0.438
5,ec.gp.GPIndividual@1159218124{1093661670},3C_20_66-01.txt,7.322,0.100,0.732,2,0.547,74.69,0.273,1.734,0.125
5,ec.gp.GPIndividual@1159218124{1093661670},3C_20_66-02.txt,154.245,0.100,15.424,1,0.406,2.63,0.406,1.734,0.125
5,ec.gp.GPIndividual@1159218124{1093661670},3C_20_66-02.txt,154.245,0.100,15.424,2,3.719,24.11,1.859,1.859,0.125
5,ec.gp.GPIndividual@1159218124{1093661670},3C_20_66-03.txt,118.340,0.100,11.834,2,5.844,49.38,2.922,4.688,0.125
5,ec.gp.GPIndividual@1159218124{1093661670},3C_20_66-03.txt,118.340,0.100,11.834,3,10.469,88.46,3.490,4.844,0.125
5,ec.gp.GPIndividual@1159218124{1093661670},3C_20_80-01.txt,4.194,0.100,0.419,1,0.281,67.05,0.281,4.844,0.125
5,ec.gp.GPIndividual@1159218124{1093661670},3C_20_80-02.txt,35.738,0.100,3.574,1,2.938,82.20,2.938,4.844,0.125
5,ec.gp.GPIndividual@1159218124{1093661670},3C_20_80-01.txt,4.194,0.100,0.419,1,0.250,59.60,0.250,4.844,0.125
5,ec.gp.GPIndividual@1159218124{1093661670},3C_20_80-02.txt,35.738,0.100,3.574,2,4.422,123.73,2.211,4.844,0.125
5,ec.gp.GPIndividual@1159218124{1093661670},3C_20_80-01.txt,4.194,0.100,0.419,0,0.000,0.00,0.000,4.844,0.125
5,ec.gp.GPIndividual@1159218124{1093661670},3C_20_80-03.txt,169.439,0.100,16.944,3,6.516,38.45,2.172,4.844,0.125
5,ec.gp.GPIndividual@1159218124{1093661670},3C_20_80-03.txt,169.439,0.100,16.944,3,7.203,42.51,2.401,4.844,0.125
5,ec.gp.GPIndividual@1159218124{1093661670},3C_20_80-02.txt,35.738,0.100,3.574,1,2.828,79.13,2.828,4.844,0.125
5,ec.gp.GPIndividual@1159218124{1093661670},3C_20_80-01.txt,4.194,0.100,0.419,1,0.281,67.05,0.281,4.844,0.125
5,ec.gp.GPIndividual@1159218124{1093661670},3C_20_80-02.txt,35.738,0.100,3.574,2,4.531,126.79,2.266,4.844,0.125
5,ec.gp.GPIndividual@1159218124{1093661670},3C_20_80-01.txt,4.194,0.100,0.419,2,0.422,100.58,0.211,4.844,0.125
5,ec.gp.GPIndividual@1159218124{1093661670},3C_20_80-02.txt,35.738,0.100,3.574,2,6.234,174.45,3.117,4.844,0.125
5,ec.gp.GPIndividual@1289707430{-1921004366},3C_20_50-02.txt,61.404,0.100,6.140,1,0.891,14.50,0.891,0.891,0.891
5,ec.gp.GPIndividual@1289707430{-1921004366},3C_20_80-03.txt,169.439,0.100,16.944,3,6.063,35.78,2.021,4.828,0.281
5,ec.gp.GPIndividual@1289707430{-1921004366},3C_20_80-03.txt,169.439,0.100,16.944,2,3.000,17.71,1.500,4.828,0.281
5,ec.gp.GPIndividual@1289707430{-1921004366},3C_20_50-03.txt,30.993,0.100,3.099,1,0.891,28.74,0.891,4.828,0.281
5,ec.gp.GPIndividual@1289707430{-1921004366},3C_20_80-03.txt,169.439,0.100,16.944,2,5.484,32.37,2.742,4.828,0.281
5,ec.gp.GPIndividual@1600063053{-1241798857},3C_20_50-02.txt,61.404,0.100,6.140,4,5.703,92.88,1.426,4.703,0.281
5,ec.gp.GPIndividual@1600063053{-1241798857},3C_20_50-03.txt,30.993,0.100,3.099,2,5.328,171.92,2.664,4.734,0.281
5,ec.gp.GPIndividual@1869961948{-238372876},3C_20_50-02.txt,61.404,0.100,6.140,4,6.281,102.29,1.570,4.328,0.266
5,ec.gp.GPIndividual@1869961948{-238372876},3C_20_50-03.txt,30.993,0.100,3.099,1,0.844,27.22,0.844,4.328,0.266
5,ec.gp.GPIndividual@129339199{-1454784423},3C_20_50-02.txt,61.404,0.100,6.140,6,5.219,84.99,0.870,1.297,0.250
5,ec.gp.GPIndividual@129339199{-1454784423},3C_20_66-02.txt,154.245,0.100,15.424,2,1.859,12.05,0.930,1.297,0.250
5,ec.gp.GPIndividual@129339199{-1454784423},3C_20_66-01.txt,7.322,0.100,0.732,1,1.594,217.66,1.594,1.594,0.250
5,ec.gp.GPIndividual@129339199{-1454784423},3C_20_66-01.txt,7.322,0.100,0.732,4,2.125,290.21,0.531,1.594,0.063
5,ec.gp.GPIndividual@129339199{-1454784423},3C_20_66-03.txt,118.340,0.100,11.834,0,0.000,0.00,0.000,1.594,0.063
5,ec.gp.GPIndividual@129339199{-1454784423},3C_20_66-02.txt,154.245,0.100,15.424,1,1.219,7.90,1.219,1.594,0.063
5,ec.gp.GPIndividual@129339199{-1454784423},3C_20_50-03.txt,30.993,0.100,3.099,4,4.297,138.64,1.074,1.594,0.063
5,ec.gp.GPIndividual@129339199{-1454784423},3C_20_66-01.txt,7.322,0.100,0.732,1,0.094,12.80,0.094,1.594,0.063
5,ec.gp.GPIndividual@129339199{-1454784423},3C_20_66-02.txt,154.245,0.100,15.424,6,2.125,13.78,0.354,1.594,0.000
5,ec.gp.GPIndividual@129339199{-1454784423},3C_20_66-03.txt,118.340,0.100,11.834,9,11.563,97.71,1.285,3.359,0.000
5,ec.gp.GPIndividual@129339199{-1454784423},3C_20_66-03.txt,118.340,0.100,11.834,1,0.563,4.75,0.563,3.359,0.000
5,ec.gp.GPIndividual@129339199{-1454784423},3C_20_80-01.txt,4.194,0.100,0.419,2,3.703,882.86,1.852,3.469,0.000
5,ec.gp.GPIndividual@129339199{-1454784423},3C_20_80-01.txt,4.194,0.100,0.419,1,1.375,327.81,1.375,3.469,0.000
5,ec.gp.GPIndividual@129339199{-1454784423},3C_20_66-02.txt,154.245,0.100,15.424,6,4.797,31.10,0.799,3.469,0.000
5,ec.gp.GPIndividual@129339199{-1454784423},3C_20_80-02.txt,35.738,0.100,3.574,3,4.906,137.28,1.635,3.469,0.000
5,ec.gp.GPIndividual@129339199{-1454784423},3C_20_80-01.txt,4.194,0.100,0.419,1,0.828,197.43,0.828,3.469,0.000
5,ec.gp.GPIndividual@129339199{-1454784423},3C_20_66-03.txt,118.340,0.100,11.834,3,2.281,19.28,0.760,3.469,0.000
5,ec.gp.GPIndividual@129339199{-1454784423},3C_20_80-02.txt,35.738,0.100,3.574,4,3.391,94.87,0.848,3.469,0.000
5,ec.gp.GPIndividual@129339199{-1454784423},3C_20_80-03.txt,169.439,0.100,16.944,5,1.969,11.62,0.394,3.469,0.000
5,ec.gp.GPIndividual@129339199{-1454784423},3C_20_80-03.txt,169.439,0.100,16.944,2,5.500,32.46,2.750,3.469,0.000
5,ec.gp.GPIndividual@129339199{-1454784423},3C_20_80-02.txt,35.738,0.100,3.574,2,5.531,154.77,2.766,3.484,0.000
5,ec.gp.GPIndividual@129339199{-1454784423},3C_20_80-01.txt,4.194,0.100,0.419,2,0.313,74.50,0.156,3.484,0.000
5,ec.gp.GPIndividual@228083212{-1506697643},3C_20_50-02.txt,61.404,0.100,6.140,4,1.906,31.04,0.477,1.281,0.188
5,ec.gp.GPIndividual@228083212{-1506697643},3C_20_50-03.txt,30.993,0.100,3.099,3,4.688,151.25,1.563,3.500,0.188
5,ec.gp.GPIndividual@2081317697{1403171824},3C_20_50-02.txt,61.404,0.100,6.140,2,0.469,7.63,0.234,0.234,0.234
5,ec.gp.GPIndividual@2081317697{1403171824},3C_20_50-03.txt,30.993,0.100,3.099,4,3.688,118.98,0.922,1.359,0.234
5,ec.gp.GPIndividual@2081317697{1403171824},3C_20_80-02.txt,35.738,0.100,3.574,1,0.781,21.86,0.781,1.359,0.234
5,ec.gp.GPIndividual@2081317697{1403171824},3C_20_80-03.txt,169.439,0.100,16.944,5,6.297,37.16,1.259,2.406,0.234
5,ec.gp.GPIndividual@2081317697{1403171824},3C_20_66-01.txt,7.322,0.100,0.732,2,2.563,349.96,1.281,2.406,0.234
5,ec.gp.GPIndividual@2081317697{1403171824},3C_20_66-01.txt,7.322,0.100,0.732,1,0.750,102.43,0.750,2.406,0.234
5,ec.gp.GPIndividual@2081317697{1403171824},3C_20_80-03.txt,169.439,0.100,16.944,5,5.516,32.55,1.103,3.313,0.234
5,ec.gp.GPIndividual@2081317697{1403171824},3C_20_66-02.txt,154.245,0.100,15.424,1,0.828,5.37,0.828,3.313,0.234
5,ec.gp.GPIndividual@2081317697{1403171824},3C_20_66-02.txt,154.245,0.100,15.424,5,10.234,66.35,2.047,3.313,0.234
5,ec.gp.GPIndividual@2081317697{1403171824},3C_20_66-03.txt,118.340,0.100,11.834,2,1.938,16.37,0.969,3.313,0.234
5,ec.gp.GPIndividual@2081317697{1403171824},3C_20_66-03.txt,118.340,0.100,11.834,3,11.953,101.01,3.984,5.188,0.234
5,ec.gp.GPIndividual@2081317697{1403171824},3C_20_80-01.txt,4.194,0.100,0.419,2,0.313,74.50,0.156,5.188,0.109
5,ec.gp.GPIndividual@2081317697{1403171824},3C_20_80-02.txt,35.738,0.100,3.574,3,3.609,101.00,1.203,5.188,0.109
5,ec.gp.GPIndividual@2081317697{1403171824},3C_20_80-01.txt,4.194,0.100,0.419,1,1.406,335.26,1.406,5.188,0.109
5,ec.gp.GPIndividual@499312702{512327895},3C_20_50-02.txt,61.404,0.100,6.140,2,0.578,9.42,0.289,0.484,0.094
5,ec.gp.GPIndividual@499312702{512327895},3C_20_50-03.txt,30.993,0.100,3.099,2,4.109,132.59,2.055,2.953,0.094
5,ec.gp.GPIndividual@1385313322{-1079892022},3C_20_50-02.txt,61.404,0.100,6.140,2,0.219,3.56,0.109,0.109,0.109
5,ec.gp.GPIndividual@1385313322{-1079892022},3C_20_50-03.txt,30.993,0.100,3.099,1,0.828,26.72,0.828,0.828,0.109
5,ec.gp.GPIndividual@1385313322{-1079892022},3C_20_66-01.txt,7.322,0.100,0.732,2,0.500,68.29,0.250,0.828,0.109
5,ec.gp.GPIndividual@1385313322{-1079892022},3C_20_66-02.txt,154.245,0.100,15.424,3,2.172,14.08,0.724,1.156,0.109
5,ec.gp.GPIndividual@1385313322{-1079892022},3C_20_66-03.txt,118.340,0.100,11.834,1,1.000,8.45,1.000,1.156,0.109
5,ec.gp.GPIndividual@1385313322{-1079892022},3C_20_66-01.txt,7.322,0.100,0.732,2,0.469,64.02,0.234,1.156,0.109
5,ec.gp.GPIndividual@1385313322{-1079892022},3C_20_66-02.txt,154.245,0.100,15.424,4,2.688,17.42,0.672,1.188,0.109
5,ec.gp.GPIndividual@1385313322{-1079892022},3C_20_66-03.txt,118.340,0.100,11.834,1,2.688,22.71,2.688,2.688,0.109
5,ec.gp.GPIndividual@1385313322{-1079892022},3C_20_80-01.txt,4.194,0.100,0.419,2,0.219,52.15,0.109,2.688,0.000
5,ec.gp.GPIndividual@1385313322{-1079892022},3C_20_80-02.txt,35.738,0.100,3.574,3,2.375,66.46,0.792,2.688,0.000
5,ec.gp.GPIndividual@1385313322{-1079892022},3C_20_80-03.txt,169.439,0.100,16.944,2,1.922,11.34,0.961,2.688,0.000
5,ec.gp.GPIndividual@1385313322{-1079892022},3C_20_80-01.txt,4.194,0.100,0.419,1,1.406,335.26,1.406,2.688,0.000
6,ec.gp.GPIndividual@674480859{1621386276},3C_20_50-02.txt,61.404,0.100,6.140,0,0.000,0.00,0.000,0.000,0.000
6,ec.gp.GPIndividual@674480859{1621386276},3C_20_50-03.txt,30.993,0.100,3.099,1,0.000,0.00,0.000,0.000,0.000
6,ec.gp.GPIndividual@674480859{1621386276},3C_20_66-01.txt,7.322,0.100,0.732,1,0.000,0.00,0.000,0.000,0.000
6,ec.gp.GPIndividual@674480859{1621386276},3C_20_66-02.txt,154.245,0.100,15.424,1,0.000,0.00,0.000,0.000,0.000
6,ec.gp.GPIndividual@674480859{1621386276},3C_20_66-03.txt,118.340,0.100,11.834,1,0.000,0.00,0.000,0.000,0.000
6,ec.gp.GPIndividual@674480859{1621386276},3C_20_80-01.txt,4.194,0.100,0.419,1,0.000,0.00,0.000,0.000,0.000
6,ec.gp.GPIndividual@674480859{1621386276},3C_20_80-02.txt,35.738,0.100,3.574,1,0.000,0.00,0.000,0.000,0.000
6,ec.gp.GPIndividual@674480859{1621386276},3C_20_80-03.txt,169.439,0.100,16.944,1,0.000,0.00,0.000,0.000,0.000
6,ec.gp.GPIndividual@160939668{331635737},3C_20_50-02.txt,61.404,0.100,6.140,7,1.484,24.17,0.212,0.266,0.109
6,ec.gp.GPIndividual@160939668{331635737},3C_20_50-03.txt,30.993,0.100,3.099,2,1.516,48.90,0.758,1.078,0.109
6,ec.gp.GPIndividual@160939668{331635737},3C_20_50-03.txt,30.993,0.100,3.099,3,4.625,149.23,1.542,1.688,0.109
6,ec.gp.GPIndividual@160939668{331635737},3C_20_50-03.txt,30.993,0.100,3.099,3,3.469,111.92,1.156,1.688,0.094
6,ec.gp.GPIndividual@160939668{331635737},3C_20_50-03.txt,30.993,0.100,3.099,0,0.000,0.00,0.000,1.688,0.094
6,ec.gp.GPIndividual@160939668{331635737},3C_20_50-03.txt,30.993,0.100,3.099,2,1.125,36.30,0.563,1.688,0.094
6,ec.gp.GPIndividual@160939668{331635737},3C_20_66-01.txt,7.322,0.100,0.732,2,0.531,72.55,0.266,1.688,0.000
6,ec.gp.GPIndividual@160939668{331635737},3C_20_50-03.txt,30.993,0.100,3.099,4,3.125,100.83,0.781,1.688,0.000
6,ec.gp.GPIndividual@160939668{331635737},3C_20_66-01.txt,7.322,0.100,0.732,1,1.359,185.65,1.359,1.688,0.000
6,ec.gp.GPIndividual@160939668{331635737},3C_20_66-01.txt,7.322,0.100,0.732,1,1.359,185.65,1.359,1.688,0.000
6,ec.gp.GPIndividual@160939668{331635737},3C_20_66-01.txt,7.322,0.100,0.732,2,1.188,162.18,0.594,1.688,0.000
6,ec.gp.GPIndividual@160939668{331635737},3C_20_66-02.txt,154.245,0.100,15.424,0,0.000,0.00,0.000,1.688,0.000
6,ec.gp.GPIndividual@160939668{331635737},3C_20_66-01.txt,7.322,0.100,0.732,3,1.313,179.25,0.438,1.688,0.000
6,ec.gp.GPIndividual@160939668{331635737},3C_20_66-02.txt,154.245,0.100,15.424,0,0.000,0.00,0.000,1.688,0.000
6,ec.gp.GPIndividual@160939668{331635737},3C_20_66-02.txt,154.245,0.100,15.424,4,2.938,19.04,0.734,1.688,0.000
6,ec.gp.GPIndividual@160939668{331635737},3C_20_66-02.txt,154.245,0.100,15.424,6,10.578,68.58,1.763,2.344,0.000
6,ec.gp.GPIndividual@160939668{331635737},3C_20_66-03.txt,118.340,0.100,11.834,4,6.813,57.57,1.703,2.594,0.000
6,ec.gp.GPIndividual@160939668{331635737},3C_20_66-02.txt,154.245,0.100,15.424,3,7.203,46.70,2.401,4.203,0.000
6,ec.gp.GPIndividual@160939668{331635737},3C_20_66-03.txt,118.340,0.100,11.834,6,11.422,96.52,1.904,4.203,0.000
6,ec.gp.GPIndividual@160939668{331635737},3C_20_80-01.txt,4.194,0.100,0.419,2,0.172,40.98,0.086,4.203,0.000
6,ec.gp.GPIndividual@160939668{331635737},3C_20_80-02.txt,35.738,0.100,3.574,3,4.625,129.41,1.542,4.203,0.000
6,ec.gp.GPIndividual@160939668{331635737},3C_20_66-03.txt,118.340,0.100,11.834,5,11.875,100.35,2.375,4.844,0.000
6,ec.gp.GPIndividual@160939668{331635737},3C_20_80-01.txt,4.194,0.100,0.419,2,0.344,81.95,0.172,4.844,0.000
6,ec.gp.GPIndividual@160939668{331635737},3C_20_80-02.txt,35.738,0.100,3.574,1,1.250,34.98,1.250,4.844,0.000
6,ec.gp.GPIndividual@160939668{331635737},3C_20_80-03.txt,169.439,0.100,16.944,1,1.406,8.30,1.406,4.844,0.000
6,ec.gp.GPIndividual@160939668{331635737},3C_20_66-03.txt,118.340,0.100,11.834,2,2.438,20.60,1.219,4.844,0.000
6,ec.gp.GPIndividual@160939668{331635737},3C_20_66-01.txt,7.322,0.100,0.732,1,1.563,213.39,1.563,4.844,0.000
6,ec.gp.GPIndividual@160939668{331635737},3C_20_80-03.txt,169.439,0.100,16.944,3,6.156,36.33,2.052,4.844,0.000
6,ec.gp.GPIndividual@160939668{331635737},3C_20_66-03.txt,118.340,0.100,11.834,5,12.703,107.34,2.541,4.875,0.000
6,ec.gp.GPIndividual@160939668{331635737},3C_20_66-02.txt,154.245,0.100,15.424,3,8.313,53.89,2.771,5.469,0.000
6,ec.gp.GPIndividual@160939668{331635737},3C_20_80-01.txt,4.194,0.100,0.419,1,0.297,70.78,0.297,5.469,0.000
6,ec.gp.GPIndividual@160939668{331635737},3C_20_80-01.txt,4.194,0.100,0.419,3,0.734,175.08,0.245,5.469,0.000
6,ec.gp.GPIndividual@160939668{331635737},3C_20_80-02.txt,35.738,0.100,3.574,0,0.000,0.00,0.000,5.469,0.000
6,ec.gp.GPIndividual@160939668{331635737},3C_20_80-02.txt,35.738,0.100,3.574,1,5.953,166.58,5.953,5.953,0.000
6,ec.gp.GPIndividual@1250184857{1860157424},3C_20_50-02.txt,61.404,0.100,6.140,3,7.828,127.48,2.609,4.797,1.516
6,ec.gp.GPIndividual@1250184857{1860157424},3C_20_80-01.txt,4.194,0.100,0.419,0,0.000,0.00,0.000,4.797,1.516
6,ec.gp.GPIndividual@1250184857{1860157424},3C_20_80-03.txt,169.439,0.100,16.944,4,3.375,19.92,0.844,4.797,0.250
6,ec.gp.GPIndividual@1250184857{1860157424},3C_20_50-03.txt,30.993,0.100,3.099,3,4.547,146.71,1.516,4.797,0.250
6,ec.gp.GPIndividual@1250184857{1860157424},3C_20_80-03.txt,169.439,0.100,16.944,2,0.344,2.03,0.172,4.797,0.000
6,ec.gp.GPIndividual@1250184857{1860157424},3C_20_66-03.txt,118.340,0.100,11.834,1,4.094,34.59,4.094,4.797,0.000
6,ec.gp.GPIndividual@1990408694{-2069822006},3C_20_50-02.txt,61.404,0.100,6.140,4,3.906,63.62,0.977,1.422,0.266
6,ec.gp.GPIndividual@1990408694{-2069822006},3C_20_80-02.txt,35.738,0.100,3.574,2,3.688,103.18,1.844,2.063,0.266
6,ec.gp.GPIndividual@1990408694{-2069822006},3C_20_66-01.txt,7.322,0.100,0.732,2,0.500,68.29,0.250,2.063,0.172
6,ec.gp.GPIndividual@1990408694{-2069822006},3C_20_66-02.txt,154.245,0.100,15.424,1,0.844,5.47,0.844,2.063,0.172
6,ec.gp.GPIndividual@1990408694{-2069822006},3C_20_50-03.txt,30.993,0.100,3.099,2,4.813,155.28,2.406,3.266,0.172
6,ec.gp.GPIndividual@1990408694{-2069822006},3C_20_80-01.txt,4.194,0.100,0.419,1,5.563,1326.15,5.563,5.563,0.172
6,ec.gp.GPIndividual@1834340027{5208103},3C_20_50-02.txt,61.404,0.100,6.140,5,2.938,47.84,0.588,1.328,0.313
6,ec.gp.GPIndividual@1834340027{5208103},3C_20_50-03.txt,30.993,0.100,3.099,2,3.516,113.43,1.758,2.344,0.313
6,ec.gp.GPIndividual@1834340027{5208103},3C_20_66-03.txt,118.340,0.100,11.834,4,7.938,67.07,1.984,5.750,0.000
6,ec.gp.GPIndividual@1834340027{5208103},3C_20_80-02.txt,35.738,0.100,3.574,1,1.500,41.97,1.500,5.750,0.000
6,ec.gp.GPIndividual@1834340027{5208103},3C_20_66-01.txt,7.322,0.100,0.732,1,2.016,275.28,2.016,5.750,0.000
6,ec.gp.GPIndividual@1834340027{5208103},3C_20_80-03.txt,169.439,0.100,16.944,3,3.234,19.09,1.078,5.750,0.000
6,ec.gp.GPIndividual@1834340027{5208103},3C_20_66-01.txt,7.322,0.100,0.732,2,0.500,68.29,0.250,5.750,0.000
6,ec.gp.GPIndividual@1834340027{5208103},3C_20_66-02.txt,154.245,0.100,15.424,5,11.688,75.77,2.338,5.750,0.000
6,ec.gp.GPIndividual@1834340027{5208103},3C_20_66-02.txt,154.245,0.100,15.424,7,15.531,100.69,2.219,5.750,0.000
6,ec.gp.GPIndividual@1834340027{5208103},3C_20_66-03.txt,118.340,0.100,11.834,1,5.219,44.10,5.219,5.750,0.000
6,ec.gp.GPIndividual@841355907{1001414691},3C_20_50-02.txt,61.404,0.100,6.140,3,3.016,49.11,1.005,1.922,0.469
6,ec.gp.GPIndividual@841355907{1001414691},3C_20_66-03.txt,118.340,0.100,11.834,1,0.500,4.23,0.500,1.922,0.469
6,ec.gp.GPIndividual@841355907{1001414691},3C_20_50-03.txt,30.993,0.100,3.099,1,4.766,153.77,4.766,4.766,0.469
6,ec.gp.GPIndividual@841355907{1001414691},3C_20_80-03.txt,169.439,0.100,16.944,1,1.734,10.24,1.734,4.766,0.469
6,ec.gp.GPIndividual@10706589{-2145245850},3C_20_50-02.txt,61.404,0.100,6.140,3,7.688,125.19,2.563,6.109,0.328
6,ec.gp.GPIndividual@10706589{-2145245850},3C_20_80-01.txt,4.194,0.100,0.419,2,0.656,156.46,0.328,6.109,0.328
6,ec.gp.GPIndividual@10706589{-2145245850},3C_20_50-03.txt,30.993,0.100,3.099,3,4.422,142.68,1.474,6.109,0.328
6,ec.gp.GPIndividual@10706589{-2145245850},3C_20_66-01.txt,7.322,0.100,0.732,3,5.422,740.47,1.807,6.109,0.328
6,ec.gp.GPIndividual@10706589{-2145245850},3C_20_80-01.txt,4.194,0.100,0.419,1,0.156,37.25,0.156,6.109,0.156
6,ec.gp.GPIndividual@10706589{-2145245850},3C_20_66-02.txt,154.245,0.100,15.424,2,1.125,7.29,0.563,6.109,0.156
6,ec.gp.GPIndividual@10706589{-2145245850},3C_20_80-02.txt,35.738,0.100,3.574,2,5.031,140.78,2.516,6.109,0.156
6,ec.gp.GPIndividual@10706589{-2145245850},3C_20_80-01.txt,4.194,0.100,0.419,2,1.359,324.09,0.680,6.109,0.156
6,ec.gp.GPIndividual@10706589{-2145245850},3C_20_80-02.txt,35.738,0.100,3.574,2,2.328,65.14,1.164,6.109,0.156
6,ec.gp.GPIndividual@10706589{-2145245850},3C_20_80-03.txt,169.439,0.100,16.944,2,3.203,18.90,1.602,6.109,0.156
6,ec.gp.GPIndividual@10706589{-2145245850},3C_20_80-02.txt,35.738,0.100,3.574,1,5.719,160.02,5.719,6.109,0.156
6,ec.gp.GPIndividual@1181753740{1706183626},3C_20_50-02.txt,61.404,0.100,6.140,5,9.000,146.57,1.800,4.234,0.328
6,ec.gp.GPIndividual@1181753740{1706183626},3C_20_66-01.txt,7.322,0.100,0.732,4,2.719,371.30,0.680,4.234,0.172
6,ec.gp.GPIndividual@1181753740{1706183626},3C_20_80-03.txt,169.439,0.100,16.944,0,0.000,0.00,0.000,4.234,0.172
6,ec.gp.GPIndividual@1181753740{1706183626},3C_20_80-03.txt,169.439,0.100,16.944,2,3.031,17.89,1.516,4.234,0.172
6,ec.gp.GPIndividual@1181753740{1706183626},3C_20_66-03.txt,118.340,0.100,11.834,6,11.688,98.76,1.948,5.766,0.172
6,ec.gp.GPIndividual@444018033{-2037895968},3C_20_50-02.txt,61.404,0.100,6.140,2,0.000,0.00,0.000,0.000,0.000
6,ec.gp.GPIndividual@444018033{-2037895968},3C_20_50-03.txt,30.993,0.100,3.099,2,0.000,0.00,0.000,0.000,0.000
6,ec.gp.GPIndividual@444018033{-2037895968},3C_20_66-01.txt,7.322,0.100,0.732,2,0.000,0.00,0.000,0.000,0.000
6,ec.gp.GPIndividual@444018033{-2037895968},3C_20_66-02.txt,154.245,0.100,15.424,2,0.000,0.00,0.000,0.000,0.000
6,ec.gp.GPIndividual@444018033{-2037895968},3C_20_66-03.txt,118.340,0.100,11.834,2,0.000,0.00,0.000,0.000,0.000
6,ec.gp.GPIndividual@444018033{-2037895968},3C_20_80-01.txt,4.194,0.100,0.419,2,0.000,0.00,0.000,0.000,0.000
6,ec.gp.GPIndividual@444018033{-2037895968},3C_20_80-02.txt,35.738,0.100,3.574,2,0.000,0.00,0.000,0.000,0.000
6,ec.gp.GPIndividual@444018033{-2037895968},3C_20_80-03.txt,169.439,0.100,16.944,2,0.000,0.00,0.000,0.000,0.000
6,ec.gp.GPIndividual@1027423516{-100275719},3C_20_50-02.txt,61.404,0.100,6.140,1,0.000,0.00,0.000,0.000,0.000
6,ec.gp.GPIndividual@1027423516{-100275719},3C_20_50-03.txt,30.993,0.100,3.099,1,0.000,0.00,0.000,0.000,0.000
6,ec.gp.GPIndividual@1027423516{-100275719},3C_20_66-01.txt,7.322,0.100,0.732,1,0.000,0.00,0.000,0.000,0.000
6,ec.gp.GPIndividual@1027423516{-100275719},3C_20_66-02.txt,154.245,0.100,15.424,1,0.000,0.00,0.000,0.000,0.000
6,ec.gp.GPIndividual@1027423516{-100275719},3C_20_66-03.txt,118.340,0.100,11.834,1,0.000,0.00,0.000,0.000,0.000
6,ec.gp.GPIndividual@1027423516{-100275719},3C_20_80-01.txt,4.194,0.100,0.419,1,0.000,0.00,0.000,0.000,0.000
6,ec.gp.GPIndividual@1027423516{-100275719},3C_20_80-02.txt,35.738,0.100,3.574,1,0.000,0.00,0.000,0.000,0.000
6,ec.gp.GPIndividual@1027423516{-100275719},3C_20_80-03.txt,169.439,0.100,16.944,1,0.000,0.00,0.000,0.000,0.000
6,ec.gp.GPIndividual@1657715771{-451731425},3C_20_50-02.txt,61.404,0.100,6.140,2,6.469,105.35,3.234,6.188,0.281
6,ec.gp.GPIndividual@318675733{92358249},3C_20_50-02.txt,61.404,0.100,6.140,2,4.016,65.40,2.008,3.750,0.266
6,ec.gp.GPIndividual@318675733{92358249},3C_20_66-02.txt,154.245,0.100,15.424,2,1.609,10.43,0.805,3.750,0.250
6,ec.gp.GPIndividual@318675733{92358249},3C_20_50-03.txt,30.993,0.100,3.099,4,1.797,57.98,0.449,3.750,0.000
6,ec.gp.GPIndividual@318675733{92358249},3C_20_50-03.txt,30.993,0.100,3.099,2,3.109,100.33,1.555,3.750,0.000
6,ec.gp.GPIndividual@318675733{92358249},3C_20_66-03.txt,118.340,0.100,11.834,1,0.875,7.39,0.875,3.750,0.000
6,ec.gp.GPIndividual@318675733{92358249},3C_20_66-01.txt,7.322,0.100,0.732,3,1.875,256.07,0.625,3.750,0.000
6,ec.gp.GPIndividual@318675733{92358249},3C_20_66-02.txt,154.245,0.100,15.424,1,4.563,29.58,4.563,4.563,0.000
6,ec.gp.GPIndividual@318675733{92358249},3C_20_80-01.txt,4.194,0.100,0.419,2,3.250,774.83,1.625,4.563,0.000
6,ec.gp.GPIndividual@318675733{92358249},3C_20_66-01.txt,7.322,0.100,0.732,1,0.125,17.07,0.125,4.563,0.000
6,ec.gp.GPIndividual@318675733{92358249},3C_20_80-02.txt,35.738,0.100,3.574,4,4.438,124.17,1.109,4.563,0.000
6,ec.gp.GPIndividual@318675733{92358249},3C_20_80-03.txt,169.439,0.100,16.944,1,0.266,1.57,0.266,4.563,0.000
6,ec.gp.GPIndividual@318675733{92358249},3C_20_66-03.txt,118.340,0.100,11.834,2,0.984,8.32,0.492,4.563,0.000
6,ec.gp.GPIndividual@318675733{92358249},3C_20_66-02.txt,154.245,0.100,15.424,6,17.000,110.21,2.833,4.563,0.000
6,ec.gp.GPIndividual@318675733{92358249},3C_20_66-01.txt,7.322,0.100,0.732,1,1.078,147.24,1.078,4.563,0.000
6,ec.gp.GPIndividual@318675733{92358249},3C_20_66-03.txt,118.340,0.100,11.834,4,10.891,92.03,2.723,4.906,0.000
6,ec.gp.GPIndividual@318675733{92358249},3C_20_80-01.txt,4.194,0.100,0.419,2,0.422,100.58,0.211,4.906,0.000
6,ec.gp.GPIndividual@318675733{92358249},3C_20_80-02.txt,35.738,0.100,3.574,2,1.844,51.59,0.922,4.906,0.000
6,ec.gp.GPIndividual@318675733{92358249},3C_20_80-01.txt,4.194,0.100,0.419,2,0.391,93.13,0.195,4.906,0.000
6,ec.gp.GPIndividual@318675733{92358249},3C_20_80-02.txt,35.738,0.100,3.574,3,5.078,142.09,1.693,4.906,0.000
6,ec.gp.GPIndividual@1679365847{-834857465},3C_20_50-02.txt,61.404,0.100,6.140,3,2.906,47.33,0.969,1.453,0.547
6,ec.gp.GPIndividual@1679365847{-834857465},3C_20_80-03.txt,169.439,0.100,16.944,4,3.703,21.86,0.926,1.453,0.375
6,ec.gp.GPIndividual@1679365847{-834857465},3C_20_50-03.txt,30.993,0.100,3.099,1,4.516,145.70,4.516,4.516,0.375
6,ec.gp.GPIndividual@1679365847{-834857465},3C_20_80-01.txt,4.194,0.100,0.419,2,0.422,100.58,0.211,4.516,0.141
6,ec.gp.GPIndividual@1679365847{-834857465},3C_20_80-02.txt,35.738,0.100,3.574,1,1.000,27.98,1.000,4.516,0.141
6,ec.gp.GPIndividual@1679365847{-834857465},3C_20_80-03.txt,169.439,0.100,16.944,2,1.281,7.56,0.641,4.516,0.000
6,ec.gp.GPIndividual@1679365847{-834857465},3C_20_66-01.txt,7.322,0.100,0.732,2,0.297,40.54,0.148,4.516,0.000
6,ec.gp.GPIndividual@1679365847{-834857465},3C_20_66-02.txt,154.245,0.100,15.424,5,9.656,62.60,1.931,4.516,0.000
6,ec.gp.GPIndividual@1679365847{-834857465},3C_20_66-03.txt,118.340,0.100,11.834,3,11.641,98.37,3.880,5.781,0.000
6,ec.gp.GPIndividual@1679365847{-834857465},3C_20_66-02.txt,154.245,0.100,15.424,3,4.266,27.65,1.422,5.781,0.000
6,ec.gp.GPIndividual@1272882395{-210633181},3C_20_50-02.txt,61.404,0.100,6.140,4,5.094,82.95,1.273,1.859,0.438
6,ec.gp.GPIndividual@1272882395{-210633181},3C_20_50-03.txt,30.993,0.100,3.099,3,2.844,91.76,0.948,1.859,0.000
6,ec.gp.GPIndividual@1272882395{-210633181},3C_20_80-03.txt,169.439,0.100,16.944,1,3.516,20.75,3.516,3.516,0.000
6,ec.gp.GPIndividual@1420470358{1461026425},3C_20_50-02.txt,61.404,0.100,6.140,3,5.531,90.08,1.844,4.688,0.000
6,ec.gp.GPIndividual@1420470358{1461026425},3C_20_66-03.txt,118.340,0.100,11.834,4,2.297,19.41,0.574,4.688,0.000
6,ec.gp.GPIndividual@1420470358{1461026425},3C_20_80-01.txt,4.194,0.100,0.419,2,0.297,70.78,0.148,4.688,0.000
6,ec.gp.GPIndividual@1420470358{1461026425},3C_20_80-02.txt,35.738,0.100,3.574,1,1.438,40.22,1.438,4.688,0.000
6,ec.gp.GPIndividual@1420470358{1461026425},3C_20_50-03.txt,30.993,0.100,3.099,2,2.250,72.60,1.125,4.688,0.000
6,ec.gp.GPIndividual@1420470358{1461026425},3C_20_80-03.txt,169.439,0.100,16.944,2,4.625,27.30,2.313,4.688,0.000
6,ec.gp.GPIndividual@1420470358{1461026425},3C_20_66-01.txt,7.322,0.100,0.732,2,4.922,672.19,2.461,4.688,0.000
6,ec.gp.GPIndividual@1283039844{753425794},3C_20_50-02.txt,61.404,0.100,6.140,0,0.000,0.00,0.000,0.000,0.000
6,ec.gp.GPIndividual@1283039844{753425794},3C_20_50-03.txt,30.993,0.100,3.099,0,0.000,0.00,0.000,0.000,0.000
6,ec.gp.GPIndividual@1283039844{753425794},3C_20_66-01.txt,7.322,0.100,0.732,0,0.000,0.00,0.000,0.000,0.000
6,ec.gp.GPIndividual@1283039844{753425794},3C_20_66-02.txt,154.245,0.100,15.424,0,0.000,0.00,0.000,0.000,0.000
6,ec.gp.GPIndividual@1283039844{753425794},3C_20_66-03.txt,118.340,0.100,11.834,0,0.000,0.00,0.000,0.000,0.000
6,ec.gp.GPIndividual@1283039844{753425794},3C_20_80-01.txt,4.194,0.100,0.419,0,0.000,0.00,0.000,0.000,0.000
6,ec.gp.GPIndividual@1283039844{753425794},3C_20_80-02.txt,35.738,0.100,3.574,0,0.000,0.00,0.000,0.000,0.000
6,ec.gp.GPIndividual@1283039844{753425794},3C_20_80-03.txt,169.439,0.100,16.944,0,0.000,0.00,0.000,0.000,0.000
6,ec.gp.GPIndividual@1820295626{2062136488},3C_20_50-02.txt,61.404,0.100,6.140,3,5.281,86.01,1.760,4.469,0.391
6,ec.gp.GPIndividual@1820295626{2062136488},3C_20_50-03.txt,30.993,0.100,3.099,2,1.406,45.37,0.703,4.469,0.391
6,ec.gp.GPIndividual@1820295626{2062136488},3C_20_80-01.txt,4.194,0.100,0.419,0,0.000,0.00,0.000,4.469,0.391
6,ec.gp.GPIndividual@1820295626{2062136488},3C_20_66-02.txt,154.245,0.100,15.424,2,3.359,21.78,1.680,4.469,0.313
6,ec.gp.GPIndividual@1820295626{2062136488},3C_20_66-01.txt,7.322,0.100,0.732,1,1.344,183.52,1.344,4.469,0.313
6,ec.gp.GPIndividual@1820295626{2062136488},3C_20_66-01.txt,7.322,0.100,0.732,1,1.016,138.71,1.016,4.469,0.313
6,ec.gp.GPIndividual@1820295626{2062136488},3C_20_80-02.txt,35.738,0.100,3.574,3,4.641,129.85,1.547,4.469,0.313
6,ec.gp.GPIndividual@1333702940{-1816636875},3C_20_50-02.txt,61.404,0.100,6.140,7,6.047,98.48,0.864,1.844,0.125
6,ec.gp.GPIndividual@1333702940{-1816636875},3C_20_66-03.txt,118.340,0.100,11.834,2,2.672,22.58,1.336,1.844,0.125
6,ec.gp.GPIndividual@1333702940{-1816636875},3C_20_66-02.txt,154.245,0.100,15.424,1,0.547,3.55,0.547,1.844,0.125
6,ec.gp.GPIndividual@1333702940{-1816636875},3C_20_66-02.txt,154.245,0.100,15.424,4,1.453,9.42,0.363,1.844,0.000
6,ec.gp.GPIndividual@1333702940{-1816636875},3C_20_50-03.txt,30.993,0.100,3.099,3,4.516,145.70,1.505,2.000,0.000
6,ec.gp.GPIndividual@1333702940{-1816636875},3C_20_66-03.txt,118.340,0.100,11.834,2,2.703,22.84,1.352,2.000,0.000
6,ec.gp.GPIndividual@1333702940{-1816636875},3C_20_80-03.txt,169.439,0.100,16.944,2,2.094,12.36,1.047,2.000,0.000
6,ec.gp.GPIndividual@1333702940{-1816636875},3C_20_66-03.txt,118.340,0.100,11.834,3,13.000,109.85,4.333,4.797,0.000
6,ec.gp.GPIndividual@1333702940{-1816636875},3C_20_80-01.txt,4.194,0.100,0.419,2,1.797,428.39,0.898,4.797,0.000
6,ec.gp.GPIndividual@1333702940{-1816636875},3C_20_66-01.txt,7.322,0.100,0.732,1,4.844,661.52,4.844,4.844,0.000
6,ec.gp.GPIndividual@557774636{664513076},3C_20_50-02.txt,61.404,0.100,6.140,0,0.000,0.00,0.000,0.000,0.000
6,ec.gp.GPIndividual@557774636{664513076},3C_20_50-03.txt,30.993,0.100,3.099,0,0.000,0.00,0.000,0.000,0.000
6,ec.gp.GPIndividual@557774636{664513076},3C_20_66-01.txt,7.322,0.100,0.732,0,0.000,0.00,0.000,0.000,0.000
6,ec.gp.GPIndividual@557774636{664513076},3C_20_66-02.txt,154.245,0.100,15.424,0,0.000,0.00,0.000,0.000,0.000
6,ec.gp.GPIndividual@557774636{664513076},3C_20_66-03.txt,118.340,0.100,11.834,0,0.000,0.00,0.000,0.000,0.000
6,ec.gp.GPIndividual@557774636{664513076},3C_20_80-01.txt,4.194,0.100,0.419,0,0.000,0.00,0.000,0.000,0.000
6,ec.gp.GPIndividual@557774636{664513076},3C_20_80-02.txt,35.738,0.100,3.574,0,0.000,0.00,0.000,0.000,0.000
6,ec.gp.GPIndividual@557774636{664513076},3C_20_80-03.txt,169.439,0.100,16.944,0,0.000,0.00,0.000,0.000,0.000
6,ec.gp.GPIndividual@597159960{-283534753},3C_20_50-02.txt,61.404,0.100,6.140,4,3.297,53.69,0.824,1.281,0.250
6,ec.gp.GPIndividual@597159960{-283534753},3C_20_50-03.txt,30.993,0.100,3.099,1,0.781,25.21,0.781,1.281,0.250
6,ec.gp.GPIndividual@597159960{-283534753},3C_20_80-03.txt,169.439,0.100,16.944,4,2.984,17.61,0.746,1.375,0.000
6,ec.gp.GPIndividual@597159960{-283534753},3C_20_66-01.txt,7.322,0.100,0.732,2,0.344,46.95,0.172,1.375,0.000
6,ec.gp.GPIndividual@597159960{-283534753},3C_20_66-02.txt,154.245,0.100,15.424,2,6.203,40.22,3.102,5.422,0.000
6,ec.gp.GPIndividual@1479074255{-575717449},3C_20_50-02.txt,61.404,0.100,6.140,2,0.234,3.82,0.117,0.234,0.000
6,ec.gp.GPIndividual@1479074255{-575717449},3C_20_50-03.txt,30.993,0.100,3.099,4,2.688,86.71,0.672,1.375,0.000
6,ec.gp.GPIndividual@1479074255{-575717449},3C_20_66-03.txt,118.340,0.100,11.834,2,4.297,36.31,2.148,3.375,0.000
6,ec.gp.GPIndividual@1479074255{-575717449},3C_20_80-03.txt,169.439,0.100,16.944,1,1.250,7.38,1.250,3.375,0.000
6,ec.gp.GPIndividual@1479074255{-575717449},3C_20_66-01.txt,7.322,0.100,0.732,2,0.344,46.95,0.172,3.375,0.000
6,ec.gp.GPIndividual@1479074255{-575717449},3C_20_66-02.txt,154.245,0.100,15.424,2,1.484,9.62,0.742,3.375,0.000
6,ec.gp.GPIndividual@1479074255{-575717449},3C_20_66-03.txt,118.340,0.100,11.834,5,11.172,94.41,2.234,3.734,0.000
6,ec.gp.GPIndividual@504113516{-209498871},3C_20_50-02.txt,61.404,0.100,6.140,2,2.281,37.15,1.141,2.047,0.234
6,ec.gp.GPIndividual@504113516{-209498871},3C_20_80-01.txt,4.194,0.100,0.419,1,2.063,491.72,2.063,2.063,0.234
6,ec.gp.GPIndividual@1289717839{2056905583},3C_20_50-02.txt,61.404,0.100,6.140,2,0.219,3.56,0.109,0.219,0.000
6,ec.gp.GPIndividual@1289717839{2056905583},3C_20_80-02.txt,35.738,0.100,3.574,1,1.000,27.98,1.000,1.000,0.000
6,ec.gp.GPIndividual@1289717839{2056905583},3C_20_50-03.txt,30.993,0.100,3.099,2,3.734,120.49,1.867,3.500,0.000
6,ec.gp.GPIndividual@1289717839{2056905583},3C_20_80-01.txt,4.194,0.100,0.419,2,0.234,55.88,0.117,3.500,0.000
6,ec.gp.GPIndividual@1289717839{2056905583},3C_20_80-02.txt,35.738,0.100,3.574,5,3.547,99.25,0.709,3.500,0.000
6,ec.gp.GPIndividual@1289717839{2056905583},3C_20_66-01.txt,7.322,0.100,0.732,1,1.156,157.91,1.156,3.500,0.000
6,ec.gp.GPIndividual@1289717839{2056905583},3C_20_80-03.txt,169.439,0.100,16.944,3,0.344,2.03,0.115,3.500,0.000
6,ec.gp.GPIndividual@1289717839{2056905583},3C_20_66-02.txt,154.245,0.100,15.424,1,0.563,3.65,0.563,3.500,0.000
6,ec.gp.GPIndividual@1289717839{2056905583},3C_20_50-03.txt,30.993,0.100,3.099,1,0.719,23.19,0.719,3.500,0.000
6,ec.gp.GPIndividual@1289717839{2056905583},3C_20_80-03.txt,169.439,0.100,16.944,3,3.234,19.09,1.078,3.500,0.000
6,ec.gp.GPIndividual@1289717839{2056905583},3C_20_66-03.txt,118.340,0.100,11.834,4,10.516,88.86,2.629,3.641,0.000
6,ec.gp.GPIndividual@1276379413{1594398282},3C_20_50-02.txt,61.404,0.100,6.140,2,0.219,3.56,0.109,0.219,0.000
6,ec.gp.GPIndividual@1276379413{1594398282},3C_20_50-03.txt,30.993,0.100,3.099,2,3.609,116.46,1.805,3.609,0.000
6,ec.gp.GPIndividual@1276379413{1594398282},3C_20_80-01.txt,4.194,0.100,0.419,2,0.234,55.88,0.117,3.609,0.000
6,ec.gp.GPIndividual@1276379413{1594398282},3C_20_80-02.txt,35.738,0.100,3.574,1,2.484,69.52,2.484,3.609,0.000
6,ec.gp.GPIndividual@1276379413{1594398282},3C_20_66-01.txt,7.322,0.100,0.732,1,1.297,177.12,1.297,3.609,0.000
6,ec.gp.GPIndividual@1276379413{1594398282},3C_20_66-01.txt,7.322,0.100,0.732,3,0.641,87.49,0.214,3.609,0.000
6,ec.gp.GPIndividual@1276379413{1594398282},3C_20_66-02.txt,154.245,0.100,15.424,2,0.219,1.42,0.109,3.609,0.000
6,ec.gp.GPIndividual@1276379413{1594398282},3C_20_66-02.txt,154.245,0.100,15.424,1,3.391,21.98,3.391,3.609,0.000
6,ec.gp.GPIndividual@482116132{-1215301113},3C_20_50-02.txt,61.404,0.100,6.140,2,2.688,43.77,1.344,2.531,0.156
6,ec.gp.GPIndividual@482116132{-1215301113},3C_20_66-03.txt,118.340,0.100,11.834,2,1.641,13.86,0.820,2.531,0.156
6,ec.gp.GPIndividual@482116132{-1215301113},3C_20_50-03.txt,30.993,0.100,3.099,1,0.578,18.65,0.578,2.531,0.156
6,ec.gp.GPIndividual@482116132{-1215301113},3C_20_80-03.txt,169.439,0.100,16.944,5,8.141,48.04,1.628,2.531,0.000
6,ec.gp.GPIndividual@482116132{-1215301113},3C_20_66-01.txt,7.322,0.100,0.732,2,0.547,74.69,0.273,2.531,0.000
6,ec.gp.GPIndividual@482116132{-1215301113},3C_20_66-02.txt,154.245,0.100,15.424,4,3.844,24.92,0.961,2.531,0.000
6,ec.gp.GPIndividual@482116132{-1215301113},3C_20_66-03.txt,118.340,0.100,11.834,1,4.313,36.44,4.313,4.313,0.000
6,ec.gp.GPIndividual@2084875541{2130699324},3C_20_50-02.txt,61.404,0.100,6.140,2,0.641,10.43,0.320,0.547,0.094
6,ec.gp.GPIndividual@2084875541{2130699324},3C_20_50-03.txt,30.993,0.100,3.099,4,3.063,98.81,0.766,1.656,0.094
6,ec.gp.GPIndividual@2084875541{2130699324},3C_20_66-01.txt,7.322,0.100,0.732,2,0.719,98.16,0.359,1.656,0.094
6,ec.gp.GPIndividual@1711883190{1943167553},3C_20_50-02.txt,61.404,0.100,6.140,1,0.047,0.76,0.047,0.047,0.047
6,ec.gp.GPIndividual@1711883190{1943167553},3C_20_50-03.txt,30.993,0.100,3.099,1,0.609,19.66,0.609,0.609,0.047
6,ec.gp.GPIndividual@1711883190{1943167553},3C_20_66-01.txt,7.322,0.100,0.732,2,0.313,42.68,0.156,0.609,0.047
6,ec.gp.GPIndividual@1711883190{1943167553},3C_20_66-02.txt,154.245,0.100,15.424,1,0.313,2.03,0.313,0.609,0.047
6,ec.gp.GPIndividual@1711883190{1943167553},3C_20_66-03.txt,118.340,0.100,11.834,2,1.297,10.96,0.648,0.813,0.047
6,ec.gp.GPIndividual@1711883190{1943167553},3C_20_80-01.txt,4.194,0.100,0.419,2,0.281,67.05,0.141,0.813,0.047
6,ec.gp.GPIndividual@1711883190{1943167553},3C_20_80-02.txt,35.738,0.100,3.574,2,0.453,12.68,0.227,0.813,0.047
6,ec.gp.GPIndividual@1711883190{1943167553},3C_20_80-03.txt,169.439,0.100,16.944,2,7.266,42.88,3.633,6.484,0.047
7,ec.gp.GPIndividual@1188122601{-1729653488},3C_20_50-02.txt,61.404,0.100,6.140,6,2.250,36.64,0.375,0.375,0.375
7,ec.gp.GPIndividual@1188122601{-1729653488},3C_20_50-03.txt,30.993,0.100,3.099,1,0.313,10.08,0.313,0.375,0.313
7,ec.gp.GPIndividual@1188122601{-1729653488},3C_20_50-03.txt,30.993,0.100,3.099,1,0.406,13.11,0.406,0.406,0.313
7,ec.gp.GPIndividual@1188122601{-1729653488},3C_20_50-03.txt,30.993,0.100,3.099,1,1.359,43.86,1.359,1.359,0.313
7,ec.gp.GPIndividual@1188122601{-1729653488},3C_20_66-01.txt,7.322,0.100,0.732,2,2.047,279.54,1.023,1.703,0.313
7,ec.gp.GPIndividual@1188122601{-1729653488},3C_20_50-03.txt,30.993,0.100,3.099,0,0.000,0.00,0.000,1.703,0.313
7,ec.gp.GPIndividual@1188122601{-1729653488},3C_20_66-02.txt,154.245,0.100,15.424,3,4.484,29.07,1.495,1.703,0.313
7,ec.gp.GPIndividual@1188122601{-1729653488},3C_20_50-03.txt,30.993,0.100,3.099,1,1.703,54.95,1.703,1.703,0.313
7,ec.gp.GPIndividual@1188122601{-1729653488},3C_20_50-03.txt,30.993,0.100,3.099,3,3.984,128.56,1.328,1.703,0.313
7,ec.gp.GPIndividual@1188122601{-1729653488},3C_20_66-01.txt,7.322,0.100,0.732,0,0.000,0.00,0.000,1.703,0.313
7,ec.gp.GPIndividual@1188122601{-1729653488},3C_20_66-01.txt,7.322,0.100,0.732,0,0.000,0.00,0.000,1.703,0.313
7,ec.gp.GPIndividual@1188122601{-1729653488},3C_20_66-01.txt,7.322,0.100,0.732,1,1.375,187.79,1.375,1.703,0.313
7,ec.gp.GPIndividual@1188122601{-1729653488},3C_20_66-01.txt,7.322,0.100,0.732,3,1.266,172.85,0.422,1.703,0.313
7,ec.gp.GPIndividual@1188122601{-1729653488},3C_20_66-02.txt,154.245,0.100,15.424,0,0.000,0.00,0.000,1.703,0.313
7,ec.gp.GPIndividual@1188122601{-1729653488},3C_20_66-02.txt,154.245,0.100,15.424,0,0.000,0.00,0.000,1.703,0.313
7,ec.gp.GPIndividual@1188122601{-1729653488},3C_20_66-02.txt,154.245,0.100,15.424,2,2.609,16.92,1.305,2.188,0.313
7,ec.gp.GPIndividual@1188122601{-1729653488},3C_20_66-03.txt,118.340,0.100,11.834,6,11.938,100.87,1.990,3.922,0.125
7,ec.gp.GPIndividual@1188122601{-1729653488},3C_20_66-03.txt,118.340,0.100,11.834,3,3.984,33.67,1.328,3.922,0.125
7,ec.gp.GPIndividual@1188122601{-1729653488},3C_20_66-02.txt,154.245,0.100,15.424,1,1.438,9.32,1.438,3.922,0.125
7,ec.gp.GPIndividual@1188122601{-1729653488},3C_20_66-03.txt,118.340,0.100,11.834,1,1.594,13.47,1.594,3.922,0.125
7,ec.gp.GPIndividual@1188122601{-1729653488},3C_20_66-03.txt,118.340,0.100,11.834,1,4.859,41.06,4.859,4.859,0.125
7,ec.gp.GPIndividual@1188122601{-1729653488},3C_20_80-01.txt,4.194,0.100,0.419,2,3.469,826.98,1.734,4.859,0.125
7,ec.gp.GPIndividual@1188122601{-1729653488},3C_20_66-01.txt,7.322,0.100,0.732,0,0.000,0.00,0.000,4.859,0.125
7,ec.gp.GPIndividual@1188122601{-1729653488},3C_20_80-02.txt,35.738,0.100,3.574,3,3.391,94.87,1.130,4.859,0.125
7,ec.gp.GPIndividual@1188122601{-1729653488},3C_20_66-02.txt,154.245,0.100,15.424,2,2.109,13.68,1.055,4.859,0.125
7,ec.gp.GPIndividual@1188122601{-1729653488},3C_20_80-03.txt,169.439,0.100,16.944,2,6.234,36.79,3.117,4.859,0.125
7,ec.gp.GPIndividual@1188122601{-1729653488},3C_20_66-03.txt,118.340,0.100,11.834,3,12.188,102.99,4.063,4.859,0.125
7,ec.gp.GPIndividual@1188122601{-1729653488},3C_20_80-01.txt,4.194,0.100,0.419,3,1.594,379.96,0.531,4.859,0.125
7,ec.gp.GPIndividual@1188122601{-1729653488},3C_20_66-03.txt,118.340,0.100,11.834,0,0.000,0.00,0.000,4.859,0.125
7,ec.gp.GPIndividual@1188122601{-1729653488},3C_20_80-02.txt,35.738,0.100,3.574,1,1.953,54.65,1.953,4.859,0.125
7,ec.gp.GPIndividual@1188122601{-1729653488},3C_20_80-01.txt,4.194,0.100,0.419,2,1.609,383.69,0.805,4.859,0.125
7,ec.gp.GPIndividual@1188122601{-1729653488},3C_20_80-02.txt,35.738,0.100,3.574,0,0.000,0.00,0.000,4.859,0.125
7,ec.gp.GPIndividual@1188122601{-1729653488},3C_20_80-03.txt,169.439,0.100,16.944,1,4.984,29.42,4.984,4.984,0.125
7,ec.gp.GPIndividual@1188122601{-1729653488},3C_20_80-01.txt,4.194,0.100,0.419,2,0.344,81.95,0.172,4.984,0.125
7,ec.gp.GPIndividual@1188122601{-1729653488},3C_20_80-02.txt,35.738,0.100,3.574,1,4.781,133.79,4.781,4.984,0.125
7,ec.gp.GPIndividual@1188122601{-1729653488},3C_20_80-01.txt,4.194,0.100,0.419,1,6.219,1482.60,6.219,6.219,0.125
7,ec.gp.GPIndividual@175317376{198699069},3C_20_50-02.txt,61.404,0.100,6.140,5,4.672,76.08,0.934,1.531,0.297
7,ec.gp.GPIndividual@175317376{198699069},3C_20_80-03.txt,169.439,0.100,16.944,3,7.750,45.74,2.583,4.828,0.297
7,ec.gp.GPIndividual@175317376{198699069},3C_20_80-02.txt,35.738,0.100,3.574,2,1.719,48.09,0.859,4.828,0.000
7,ec.gp.GPIndividual@175317376{198699069},3C_20_50-03.txt,30.993,0.100,3.099,1,1.391,44.87,1.391,4.828,0.000
7,ec.gp.GPIndividual@175317376{198699069},3C_20_80-03.txt,169.439,0.100,16.944,6,15.641,92.31,2.607,5.813,0.000
7,ec.gp.GPIndividual@175317376{198699069},3C_20_80-03.txt,169.439,0.100,16.944,6,16.250,95.90,2.708,6.031,0.000
7,ec.gp.GPIndividual@1751301478{-1153302208},3C_20_50-02.txt,61.404,0.100,6.140,1,6.250,101.78,6.250,6.250,6.250
7,ec.gp.GPIndividual@519584771{2039979208},3C_20_50-02.txt,61.404,0.100,6.140,1,0.344,5.60,0.344,0.344,0.344
7,ec.gp.GPIndividual@519584771{2039979208},3C_20_50-03.txt,30.993,0.100,3.099,3,5.313,171.41,1.771,3.391,0.344
7,ec.gp.GPIndividual@519584771{2039979208},3C_20_66-01.txt,7.322,0.100,0.732,0,0.000,0.00,0.000,3.391,0.344
7,ec.gp.GPIndividual@519584771{2039979208},3C_20_66-01.txt,7.322,0.100,0.732,1,1.078,147.24,1.078,3.391,0.344
7,ec.gp.GPIndividual@519584771{2039979208},3C_20_50-03.txt,30.993,0.100,3.099,1,0.297,9.58,0.297,3.391,0.297
7,ec.gp.GPIndividual@519584771{2039979208},3C_20_66-02.txt,154.245,0.100,15.424,3,9.375,60.78,3.125,4.547,0.297
7,ec.gp.GPIndividual@776544556{-375546063},3C_20_50-02.txt,61.404,0.100,6.140,4,8.547,139.19,2.137,5.859,0.328
7,ec.gp.GPIndividual@725477557{-1994656621},3C_20_50-02.txt,61.404,0.100,6.140,2,0.828,13.49,0.414,0.500,0.328
7,ec.gp.GPIndividual@725477557{-1994656621},3C_20_50-03.txt,30.993,0.100,3.099,1,2.313,74.61,2.313,2.313,0.328
7,ec.gp.GPIndividual@725477557{-1994656621},3C_20_66-03.txt,118.340,0.100,11.834,2,3.109,26.28,1.555,2.313,0.328
7,ec.gp.GPIndividual@725477557{-1994656621},3C_20_66-01.txt,7.322,0.100,0.732,2,1.719,234.73,0.859,2.313,0.328
7,ec.gp.GPIndividual@725477557{-1994656621},3C_20_66-01.txt,7.322,0.100,0.732,0,0.000,0.00,0.000,2.313,0.328
7,ec.gp.GPIndividual@725477557{-1994656621},3C_20_66-02.txt,154.245,0.100,15.424,2,2.172,14.08,1.086,2.313,0.313
7,ec.gp.GPIndividual@725477557{-1994656621},3C_20_50-03.txt,30.993,0.100,3.099,0,0.000,0.00,0.000,2.313,0.313
7,ec.gp.GPIndividual@725477557{-1994656621},3C_20_66-02.txt,154.245,0.100,15.424,6,13.547,87.83,2.258,4.406,0.313
7,ec.gp.GPIndividual@725477557{-1994656621},3C_20_66-03.txt,118.340,0.100,11.834,1,4.734,40.01,4.734,4.734,0.313
7,ec.gp.GPIndividual@725477557{-1994656621},3C_20_80-01.txt,4.194,0.100,0.419,1,0.172,40.98,0.172,4.734,0.172
7,ec.gp.GPIndividual@725477557{-1994656621},3C_20_80-02.txt,35.738,0.100,3.574,2,4.266,119.36,2.133,4.734,0.172
7,ec.gp.GPIndividual@725477557{-1994656621},3C_20_66-02.txt,154.245,0.100,15.424,2,3.375,21.88,1.688,4.734,0.000
7,ec.gp.GPIndividual@725477557{-1994656621},3C_20_66-01.txt,7.322,0.100,0.732,1,3.984,544.15,3.984,4.734,0.000
7,ec.gp.GPIndividual@725477557{-1994656621},3C_20_80-01.txt,4.194,0.100,0.419,1,0.984,234.68,0.984,4.734,0.000
7,ec.gp.GPIndividual@725477557{-1994656621},3C_20_66-03.txt,118.340,0.100,11.834,2,1.766,14.92,0.883,4.734,0.000
7,ec.gp.GPIndividual@725477557{-1994656621},3C_20_80-03.txt,169.439,0.100,16.944,2,0.266,1.57,0.133,4.734,0.000
7,ec.gp.GPIndividual@725477557{-1994656621},3C_20_80-02.txt,35.738,0.100,3.574,3,4.922,137.72,1.641,4.734,0.000
7,ec.gp.GPIndividual@725477557{-1994656621},3C_20_66-03.txt,118.340,0.100,11.834,3,6.359,53.74,2.120,4.781,0.000
7,ec.gp.GPIndividual@725477557{-1994656621},3C_20_80-01.txt,4.194,0.100,0.419,1,0.281,67.05,0.281,4.781,0.000
7,ec.gp.GPIndividual@725477557{-1994656621},3C_20_80-02.txt,35.738,0.100,3.574,2,2.750,76.95,1.375,4.781,0.000
7,ec.gp.GPIndividual@725477557{-1994656621},3C_20_66-02.txt,154.245,0.100,15.424,1,1.594,10.33,1.594,4.781,0.000
7,ec.gp.GPIndividual@725477557{-1994656621},3C_20_80-03.txt,169.439,0.100,16.944,2,1.031,6.09,0.516,4.781,0.000
7,ec.gp.GPIndividual@725477557{-1994656621},3C_20_80-03.txt,169.439,0.100,16.944,3,12.859,75.89,4.286,5.922,0.000
7,ec.gp.GPIndividual@823630202{-1994933758},3C_20_50-02.txt,61.404,0.100,6.140,2,5.328,86.77,2.664,4.797,0.531
7,ec.gp.GPIndividual@823630202{-1994933758},3C_20_50-03.txt,30.993,0.100,3.099,2,0.703,22.69,0.352,4.797,0.000
7,ec.gp.GPIndividual@823630202{-1994933758},3C_20_80-01.txt,4.194,0.100,0.419,1,1.656,394.86,1.656,4.797,0.000
7,ec.gp.GPIndividual@823630202{-1994933758},3C_20_66-03.txt,118.340,0.100,11.834,2,1.672,14.13,0.836,4.797,0.000
7,ec.gp.GPIndividual@823630202{-1994933758},3C_20_66-01.txt,7.322,0.100,0.732,1,0.344,46.95,0.344,4.797,0.000
7,ec.gp.GPIndividual@823630202{-1994933758},3C_20_66-02.txt,154.245,0.100,15.424,2,6.234,40.42,3.117,5.016,0.000
7,ec.gp.GPIndividual@823630202{-1994933758},3C_20_80-01.txt,4.194,0.100,0.419,2,0.344,81.95,0.172,5.016,0.000
7,ec.gp.GPIndividual@823630202{-1994933758},3C_20_80-02.txt,35.738,0.100,3.574,1,6.406,179.26,6.406,6.406,0.000
7,ec.gp.GPIndividual@926341882{-2102860392},3C_20_50-02.txt,61.404,0.100,6.140,0,0.000,0.00,0.000,0.000,0.000
7,ec.gp.GPIndividual@926341882{-2102860392},3C_20_50-03.txt,30.993,0.100,3.099,0,0.000,0.00,0.000,0.000,0.000
7,ec.gp.GPIndividual@926341882{-2102860392},3C_20_66-01.txt,7.322,0.100,0.732,0,0.000,0.00,0.000,0.000,0.000
7,ec.gp.GPIndividual@926341882{-2102860392},3C_20_66-02.txt,154.245,0.100,15.424,0,0.000,0.00,0.000,0.000,0.000
7,ec.gp.GPIndividual@926341882{-2102860392},3C_20_66-03.txt,118.340,0.100,11.834,3,10.234,86.48,3.411,6.047,1.594
7,ec.gp.GPIndividual@926341882{-2102860392},3C_20_66-03.txt,118.340,0.100,11.834,4,8.109,68.53,2.027,6.047,0.000
7,ec.gp.GPIndividual@926341882{-2102860392},3C_20_80-02.txt,35.738,0.100,3.574,1,2.438,68.20,2.438,6.047,0.000
7,ec.gp.GPIndividual@1422850178{1613251161},3C_20_50-02.txt,61.404,0.100,6.140,5,5.625,91.61,1.125,1.969,0.000
7,ec.gp.GPIndividual@1422850178{1613251161},3C_20_80-01.txt,4.194,0.100,0.419,2,0.500,119.20,0.250,1.969,0.000
7,ec.gp.GPIndividual@1422850178{1613251161},3C_20_80-02.txt,35.738,0.100,3.574,2,0.844,23.61,0.422,1.969,0.000
7,ec.gp.GPIndividual@1422850178{1613251161},3C_20_80-03.txt,169.439,0.100,16.944,1,1.344,7.93,1.344,1.969,0.000
7,ec.gp.GPIndividual@1422850178{1613251161},3C_20_80-03.txt,169.439,0.100,16.944,2,6.641,39.19,3.320,4.813,0.000
7,ec.gp.GPIndividual@1422850178{1613251161},3C_20_50-03.txt,30.993,0.100,3.099,2,6.391,206.20,3.195,4.859,0.000
7,ec.gp.GPIndividual@1422850178{1613251161},3C_20_80-01.txt,4.194,0.100,0.419,0,0.000,0.00,0.000,4.859,0.000
7,ec.gp.GPIndividual@1422850178{1613251161},3C_20_80-03.txt,169.439,0.100,16.944,1,0.313,1.84,0.313,4.859,0.000
7,ec.gp.GPIndividual@1422850178{1613251161},3C_20_80-02.txt,35.738,0.100,3.574,2,2.891,80.88,1.445,4.859,0.000
7,ec.gp.GPIndividual@1422850178{1613251161},3C_20_80-03.txt,169.439,0.100,16.944,1,0.906,5.35,0.906,4.859,0.000
7,ec.gp.GPIndividual@1422850178{1613251161},3C_20_66-01.txt,7.322,0.100,0.732,2,0.484,66.15,0.242,4.859,0.000
7,ec.gp.GPIndividual@1422850178{1613251161},3C_20_66-02.txt,154.245,0.100,15.424,3,16.172,104.85,5.391,5.797,0.000
7,ec.gp.GPIndividual@244948935{1962460588},3C_20_50-02.txt,61.404,0.100,6.140,2,6.391,104.07,3.195,5.859,0.531
7,ec.gp.GPIndividual@225873201{2026916875},3C_20_50-02.txt,61.404,0.100,6.140,3,4.813,78.37,1.604,2.688,0.000
7,ec.gp.GPIndividual@1976250091{-562646447},3C_20_50-02.txt,61.404,0.100,6.140,4,2.906,47.33,0.727,1.547,0.344
7,ec.gp.GPIndividual@1976250091{-562646447},3C_20_50-03.txt,30.993,0.100,3.099,2,7.406,238.97,3.703,5.875,0.344
7,ec.gp.GPIndividual@489650205{1728557024},3C_20_50-02.txt,61.404,0.100,6.140,1,1.703,27.74,1.703,1.703,1.703
7,ec.gp.GPIndividual@489650205{1728557024},3C_20_50-03.txt,30.993,0.100,3.099,1,0.656,21.17,0.656,1.703,0.656
7,ec.gp.GPIndividual@489650205{1728557024},3C_20_66-03.txt,118.340,0.100,11.834,4,6.469,54.66,1.617,4.281,0.000
7,ec.gp.GPIndividual@489650205{1728557024},3C_20_50-03.txt,30.993,0.100,3.099,2,1.797,57.98,0.898,4.281,0.000
7,ec.gp.GPIndividual@489650205{1728557024},3C_20_50-03.txt,30.993,0.100,3.099,1,0.844,27.22,0.844,4.281,0.000
7,ec.gp.GPIndividual@489650205{1728557024},3C_20_66-01.txt,7.322,0.100,0.732,3,1.875,256.07,0.625,4.281,0.000
7,ec.gp.GPIndividual@489650205{1728557024},3C_20_66-02.txt,154.245,0.100,15.424,6,15.391,99.78,2.565,4.766,0.000
7,ec.gp.GPIndividual@489650205{1728557024},3C_20_80-01.txt,4.194,0.100,0.419,2,1.578,376.24,0.789,4.766,0.000
7,ec.gp.GPIndividual@489650205{1728557024},3C_20_66-03.txt,118.340,0.100,11.834,1,3.922,33.14,3.922,4.766,0.000
7,ec.gp.GPIndividual@489650205{1728557024},3C_20_66-01.txt,7.322,0.100,0.732,1,4.406,601.77,4.406,4.766,0.000
7,ec.gp.GPIndividual@489650205{1728557024},3C_20_66-01.txt,7.322,0.100,0.732,2,0.625,85.36,0.313,4.766,0.000
7,ec.gp.GPIndividual@489650205{1728557024},3C_20_80-02.txt,35.738,0.100,3.574,2,3.484,97.50,1.742,4.766,0.000
7,ec.gp.GPIndividual@489650205{1728557024},3C_20_66-01.txt,7.322,0.100,0.732,2,0.344,46.95,0.172,4.766,0.000
7,ec.gp.GPIndividual@489650205{1728557024},3C_20_66-02.txt,154.245,0.100,15.424,6,11.594,75.16,1.932,4.766,0.000
7,ec.gp.GPIndividual@489650205{1728557024},3C_20_66-02.txt,154.245,0.100,15.424,4,9.281,60.17,2.320,4.766,0.000
7,ec.gp.GPIndividual@489650205{1728557024},3C_20_66-03.txt,118.340,0.100,11.834,2,2.141,18.09,1.070,4.766,0.000
7,ec.gp.GPIndividual@489650205{1728557024},3C_20_80-03.txt,169.439,0.100,16.944,3,7.688,45.37,2.563,4.766,0.000
7,ec.gp.GPIndividual@489650205{1728557024},3C_20_66-02.txt,154.245,0.100,15.424,2,4.453,28.87,2.227,4.766,0.000
7,ec.gp.GPIndividual@489650205{1728557024},3C_20_80-01.txt,4.194,0.100,0.419,2,0.344,81.95,0.172,4.766,0.000
7,ec.gp.GPIndividual@489650205{1728557024},3C_20_80-02.txt,35.738,0.100,3.574,1,1.453,40.66,1.453,4.766,0.000
7,ec.gp.GPIndividual@489650205{1728557024},3C_20_66-03.txt,118.340,0.100,11.834,4,13.078,110.51,3.270,4.781,0.000
7,ec.gp.GPIndividual@489650205{1728557024},3C_20_80-01.txt,4.194,0.100,0.419,0,0.000,0.00,0.000,4.781,0.000
7,ec.gp.GPIndividual@489650205{1728557024},3C_20_80-02.txt,35.738,0.100,3.574,0,0.000,0.00,0.000,4.781,0.000
7,ec.gp.GPIndividual@489650205{1728557024},3C_20_80-03.txt,169.439,0.100,16.944,0,0.000,0.00,0.000,4.781,0.000
7,ec.gp.GPIndividual@1539733920{1563510677},3C_20_50-02.txt,61.404,0.100,6.140,2,2.859,46.57,1.430,1.625,1.234
7,ec.gp.GPIndividual@1539733920{1563510677},3C_20_80-03.txt,169.439,0.100,16.944,2,1.688,9.96,0.844,1.625,0.453
7,ec.gp.GPIndividual@1539733920{1563510677},3C_20_50-03.txt,30.993,0.100,3.099,1,5.984,193.09,5.984,5.984,0.453
7,ec.gp.GPIndividual@1131850052{-1433962239},3C_20_50-02.txt,61.404,0.100,6.140,4,8.078,131.56,2.020,4.891,0.500
7,ec.gp.GPIndividual@1131850052{-1433962239},3C_20_80-01.txt,4.194,0.100,0.419,2,0.344,81.95,0.172,4.891,0.172
7,ec.gp.GPIndividual@1131850052{-1433962239},3C_20_80-02.txt,35.738,0.100,3.574,1,1.250,34.98,1.250,4.891,0.172
7,ec.gp.GPIndividual@1131850052{-1433962239},3C_20_66-01.txt,7.322,0.100,0.732,1,1.969,268.87,1.969,4.891,0.172
7,ec.gp.GPIndividual@1131850052{-1433962239},3C_20_50-03.txt,30.993,0.100,3.099,3,2.688,86.71,0.896,4.891,0.172
7,ec.gp.GPIndividual@1131850052{-1433962239},3C_20_66-03.txt,118.340,0.100,11.834,1,0.516,4.36,0.516,4.891,0.172
7,ec.gp.GPIndividual@1131850052{-1433962239},3C_20_66-02.txt,154.245,0.100,15.424,5,15.766,102.21,3.153,6.234,0.172
7,ec.gp.GPIndividual@1131850052{-1433962239},3C_20_66-03.txt,118.340,0.100,11.834,3,3.984,33.67,1.328,6.234,0.172
7,ec.gp.GPIndividual@1131850052{-1433962239},3C_20_80-03.txt,169.439,0.100,16.944,3,13.484,79.58,4.495,6.234,0.172
7,ec.gp.GPIndividual@1131850052{-1433962239},3C_20_66-01.txt,7.322,0.100,0.732,2,0.516,70.42,0.258,6.234,0.172
7,ec.gp.GPIndividual@1131850052{-1433962239},3C_20_66-02.txt,154.245,0.100,15.424,1,3.609,23.40,3.609,6.234,0.172
7,ec.gp.GPIndividual@220086228{-575495896},3C_20_50-02.txt,61.404,0.100,6.140,3,5.516,89.82,1.839,4.500,0.328
7,ec.gp.GPIndividual@220086228{-575495896},3C_20_80-01.txt,4.194,0.100,0.419,1,0.359,85.68,0.359,4.500,0.328
7,ec.gp.GPIndividual@220086228{-575495896},3C_20_50-03.txt,30.993,0.100,3.099,2,5.688,183.51,2.844,4.500,0.328
7,ec.gp.GPIndividual@220086228{-575495896},3C_20_66-03.txt,118.340,0.100,11.834,3,3.000,25.35,1.000,4.500,0.297
7,ec.gp.GPIndividual@220086228{-575495896},3C_20_80-02.txt,35.738,0.100,3.574,1,5.781,161.77,5.781,5.781,0.297
7,ec.gp.GPIndividual@999825699{28544232},3C_20_50-02.txt,61.404,0.100,6.140,2,5.219,84.99,2.609,5.219,0.000
7,ec.gp.GPIndividual@999825699{28544232},3C_20_80-01.txt,4.194,0.100,0.419,2,0.344,81.95,0.172,5.219,0.000
7,ec.gp.GPIndividual@999825699{28544232},3C_20_80-02.txt,35.738,0.100,3.574,2,0.844,23.61,0.422,5.219,0.000
7,ec.gp.GPIndividual@999825699{28544232},3C_20_50-03.txt,30.993,0.100,3.099,1,1.172,37.81,1.172,5.219,0.000
7,ec.gp.GPIndividual@999825699{28544232},3C_20_80-03.txt,169.439,0.100,16.944,2,1.563,9.22,0.781,5.219,0.000
7,ec.gp.GPIndividual@999825699{28544232},3C_20_80-03.txt,169.439,0.100,16.944,4,14.438,85.21,3.609,5.219,0.000
7,ec.gp.GPIndividual@999825699{28544232},3C_20_66-01.txt,7.322,0.100,0.732,2,0.516,70.42,0.258,5.219,0.000
7,ec.gp.GPIndividual@999825699{28544232},3C_20_66-02.txt,154.245,0.100,15.424,1,2.734,17.73,2.734,5.219,0.000
7,ec.gp.GPIndividual@999825699{28544232},3C_20_80-01.txt,4.194,0.100,0.419,2,0.344,81.95,0.172,5.219,0.000
7,ec.gp.GPIndividual@999825699{28544232},3C_20_80-02.txt,35.738,0.100,3.574,1,4.141,115.86,4.141,5.219,0.000
7,ec.gp.GPIndividual@999825699{28544232},3C_20_66-01.txt,7.322,0.100,0.732,1,5.547,757.54,5.547,5.547,0.000
7,ec.gp.GPIndividual@1509397598{368653643},3C_20_50-02.txt,61.404,0.100,6.140,3,5.609,91.35,1.870,4.734,0.266
7,ec.gp.GPIndividual@1509397598{368653643},3C_20_50-03.txt,30.993,0.100,3.099,1,0.641,20.67,0.641,4.734,0.266
7,ec.gp.GPIndividual@1509397598{368653643},3C_20_80-01.txt,4.194,0.100,0.419,1,0.906,216.06,0.906,4.734,0.266
7,ec.gp.GPIndividual@1509397598{368653643},3C_20_80-03.txt,169.439,0.100,16.944,6,12.438,73.40,2.073,4.734,0.266
7,ec.gp.GPIndividual@1509397598{368653643},3C_20_80-02.txt,35.738,0.100,3.574,1,2.297,64.27,2.297,4.734,0.266
7,ec.gp.GPIndividual@1509397598{368653643},3C_20_66-01.txt,7.322,0.100,0.732,1,1.516,206.99,1.516,4.734,0.266
7,ec.gp.GPIndividual@1509397598{368653643},3C_20_80-03.txt,169.439,0.100,16.944,4,8.656,51.09,2.164,4.734,0.266
7,ec.gp.GPIndividual@1509397598{368653643},3C_20_66-02.txt,154.245,0.100,15.424,2,8.344,54.09,4.172,5.125,0.266
7,ec.gp.GPIndividual@1509397598{368653643},3C_20_80-01.txt,4.194,0.100,0.419,2,2.219,528.97,1.109,5.125,0.266
7,ec.gp.GPIndividual@1509397598{368653643},3C_20_66-03.txt,118.340,0.100,11.834,1,0.125,1.06,0.125,5.125,0.125
7,ec.gp.GPIndividual@1509397598{368653643},3C_20_80-02.txt,35.738,0.100,3.574,1,3.703,103.62,3.703,5.125,0.125
7,ec.gp.GPIndividual@287318338{776585849},3C_20_50-02.txt,61.404,0.100,6.140,1,0.281,4.58,0.281,0.281,0.281
7,ec.gp.GPIndividual@287318338{776585849},3C_20_50-03.txt,30.993,0.100,3.099,1,4.797,154.77,4.797,4.797,0.281
7,ec.gp.GPIndividual@1105942397{-575495896},3C_20_50-02.txt,61.404,0.100,6.140,3,2.016,32.83,0.672,1.438,0.266
7,ec.gp.GPIndividual@1105942397{-575495896},3C_20_50-03.txt,30.993,0.100,3.099,2,5.109,164.86,2.555,4.234,0.266
7,ec.gp.GPIndividual@354922897{353965713},3C_20_50-02.txt,61.404,0.100,6.140,3,1.281,20.87,0.427,1.281,0.000
7,ec.gp.GPIndividual@354922897{353965713},3C_20_66-01.txt,7.322,0.100,0.732,2,0.781,106.70,0.391,1.281,0.000
7,ec.gp.GPIndividual@354922897{353965713},3C_20_50-03.txt,30.993,0.100,3.099,2,0.000,0.00,0.000,1.281,0.000
7,ec.gp.GPIndividual@354922897{353965713},3C_20_66-02.txt,154.245,0.100,15.424,2,2.281,14.79,1.141,1.359,0.000
7,ec.gp.GPIndividual@354922897{353965713},3C_20_80-03.txt,169.439,0.100,16.944,1,1.281,7.56,1.281,1.359,0.000
7,ec.gp.GPIndividual@354922897{353965713},3C_20_66-01.txt,7.322,0.100,0.732,3,4.531,618.84,1.510,4.531,0.000
7,ec.gp.GPIndividual@354922897{353965713},3C_20_80-01.txt,4.194,0.100,0.419,1,0.422,100.58,0.422,4.531,0.000
7,ec.gp.GPIndividual@354922897{353965713},3C_20_66-02.txt,154.245,0.100,15.424,4,2.094,13.57,0.523,4.531,0.000
7,ec.gp.GPIndividual@354922897{353965713},3C_20_66-03.txt,118.340,0.100,11.834,1,1.078,9.11,1.078,4.531,0.000
7,ec.gp.GPIndividual@354922897{353965713},3C_20_80-02.txt,35.738,0.100,3.574,1,1.844,51.59,1.844,4.531,0.000
7,ec.gp.GPIndividual@354922897{353965713},3C_20_66-03.txt,118.340,0.100,11.834,3,3.156,26.67,1.052,4.531,0.000
7,ec.gp.GPIndividual@354922897{353965713},3C_20_66-01.txt,7.322,0.100,0.732,2,0.563,76.82,0.281,4.531,0.000
7,ec.gp.GPIndividual@354922897{353965713},3C_20_66-02.txt,154.245,0.100,15.424,3,7.063,45.79,2.354,4.594,0.000
7,ec.gp.GPIndividual@354922897{353965713},3C_20_80-03.txt,169.439,0.100,16.944,2,6.563,38.73,3.281,4.766,0.000
7,ec.gp.GPIndividual@354922897{353965713},3C_20_80-01.txt,4.194,0.100,0.419,1,0.281,67.05,0.281,4.766,0.000
7,ec.gp.GPIndividual@354922897{353965713},3C_20_80-02.txt,35.738,0.100,3.574,2,2.250,62.96,1.125,4.766,0.000
7,ec.gp.GPIndividual@354922897{353965713},3C_20_66-03.txt,118.340,0.100,11.834,2,6.391,54.00,3.195,4.859,0.000
7,ec.gp.GPIndividual@354922897{353965713},3C_20_80-01.txt,4.194,0.100,0.419,3,0.250,59.60,0.083,4.859,0.000
7,ec.gp.GPIndividual@354922897{353965713},3C_20_80-02.txt,35.738,0.100,3.574,3,3.813,106.68,1.271,4.859,0.000
7,ec.gp.GPIndividual@353707662{426613658},3C_20_50-02.txt,61.404,0.100,6.140,2,2.000,32.57,1.000,1.781,0.219
7,ec.gp.GPIndividual@353707662{426613658},3C_20_80-01.txt,4.194,0.100,0.419,1,0.984,234.68,0.984,1.781,0.219
7,ec.gp.GPIndividual@353707662{426613658},3C_20_50-03.txt,30.993,0.100,3.099,2,2.844,91.76,1.422,2.625,0.219
7,ec.gp.GPIndividual@1813345379{-746413306},3C_20_50-02.txt,61.404,0.100,6.140,1,4.000,65.14,4.000,4.000,4.000
7,ec.gp.GPIndividual@269150110{-1073573912},3C_20_50-02.txt,61.404,0.100,6.140,5,3.203,52.16,0.641,1.250,0.188
7,ec.gp.GPIndividual@269150110{-1073573912},3C_20_80-02.txt,35.738,0.100,3.574,2,2.063,57.71,1.031,1.250,0.188
7,ec.gp.GPIndividual@269150110{-1073573912},3C_20_50-03.txt,30.993,0.100,3.099,1,1.547,49.91,1.547,1.547,0.188
7,ec.gp.GPIndividual@269150110{-1073573912},3C_20_66-01.txt,7.322,0.100,0.732,1,1.063,145.11,1.063,1.547,0.188
7,ec.gp.GPIndividual@269150110{-1073573912},3C_20_50-03.txt,30.993,0.100,3.099,4,3.031,97.81,0.758,1.547,0.188
7,ec.gp.GPIndividual@269150110{-1073573912},3C_20_66-01.txt,7.322,0.100,0.732,2,1.063,145.11,0.531,1.547,0.188
7,ec.gp.GPIndividual@269150110{-1073573912},3C_20_80-03.txt,169.439,0.100,16.944,1,0.625,3.69,0.625,1.547,0.188
7,ec.gp.GPIndividual@269150110{-1073573912},3C_20_66-02.txt,154.245,0.100,15.424,1,0.203,1.32,0.203,1.547,0.188
7,ec.gp.GPIndividual@269150110{-1073573912},3C_20_66-02.txt,154.245,0.100,15.424,9,13.234,85.80,1.470,3.313,0.188
7,ec.gp.GPIndividual@269150110{-1073573912},3C_20_66-03.txt,118.340,0.100,11.834,1,0.938,7.92,0.938,3.313,0.188
7,ec.gp.GPIndividual@269150110{-1073573912},3C_20_66-03.txt,118.340,0.100,11.834,4,10.438,88.20,2.609,3.656,0.188
7,ec.gp.GPIndividual@1376195041{-139082000},3C_20_50-02.txt,61.404,0.100,6.140,3,3.969,64.63,1.323,3.531,0.203
7,ec.gp.GPIndividual@1376195041{-139082000},3C_20_50-03.txt,30.993,0.100,3.099,4,3.078,99.32,0.770,3.531,0.000
7,ec.gp.GPIndividual@1376195041{-139082000},3C_20_80-01.txt,4.194,0.100,0.419,1,3.297,786.00,3.297,3.531,0.000
7,ec.gp.GPIndividual@1376195041{-139082000},3C_20_66-01.txt,7.322,0.100,0.732,3,1.766,241.13,0.589,3.531,0.000
7,ec.gp.GPIndividual@1376195041{-139082000},3C_20_66-01.txt,7.322,0.100,0.732,2,0.391,53.35,0.195,3.531,0.000
7,ec.gp.GPIndividual@1376195041{-139082000},3C_20_80-02.txt,35.738,0.100,3.574,1,0.844,23.61,0.844,3.531,0.000
7,ec.gp.GPIndividual@1376195041{-139082000},3C_20_80-01.txt,4.194,0.100,0.419,2,0.438,104.30,0.219,3.531,0.000
7,ec.gp.GPIndividual@1376195041{-139082000},3C_20_66-02.txt,154.245,0.100,15.424,6,5.109,33.13,0.852,3.531,0.000
7,ec.gp.GPIndividual@1376195041{-139082000},3C_20_66-02.txt,154.245,0.100,15.424,1,0.813,5.27,0.813,3.531,0.000
7,ec.gp.GPIndividual@1376195041{-139082000},3C_20_80-02.txt,35.738,0.100,3.574,3,2.344,65.58,0.781,3.531,0.000
7,ec.gp.GPIndividual@1376195041{-139082000},3C_20_80-03.txt,169.439,0.100,16.944,9,8.781,51.83,0.976,3.531,0.000
7,ec.gp.GPIndividual@1376195041{-139082000},3C_20_66-03.txt,118.340,0.100,11.834,1,0.813,6.87,0.813,3.531,0.000
7,ec.gp.GPIndividual@1376195041{-139082000},3C_20_80-03.txt,169.439,0.100,16.944,7,16.125,95.17,2.304,3.672,0.000
7,ec.gp.GPIndividual@1337756555{1295570354},3C_20_50-02.txt,61.404,0.100,6.140,1,0.000,0.00,0.000,0.000,0.000
7,ec.gp.GPIndividual@1337756555{1295570354},3C_20_50-03.txt,30.993,0.100,3.099,1,0.000,0.00,0.000,0.000,0.000
7,ec.gp.GPIndividual@1337756555{1295570354},3C_20_66-01.txt,7.322,0.100,0.732,1,0.000,0.00,0.000,0.000,0.000
7,ec.gp.GPIndividual@1337756555{1295570354},3C_20_66-02.txt,154.245,0.100,15.424,1,0.000,0.00,0.000,0.000,0.000
7,ec.gp.GPIndividual@1337756555{1295570354},3C_20_66-03.txt,118.340,0.100,11.834,1,0.000,0.00,0.000,0.000,0.000
7,ec.gp.GPIndividual@1337756555{1295570354},3C_20_80-01.txt,4.194,0.100,0.419,1,0.000,0.00,0.000,0.000,0.000
7,ec.gp.GPIndividual@1337756555{1295570354},3C_20_80-02.txt,35.738,0.100,3.574,1,0.000,0.00,0.000,0.000,0.000
7,ec.gp.GPIndividual@1337756555{1295570354},3C_20_80-03.txt,169.439,0.100,16.944,1,0.000,0.00,0.000,0.000,0.000
7,ec.gp.GPIndividual@2115490108{1929912044},3C_20_50-02.txt,61.404,0.100,6.140,4,3.766,61.33,0.941,2.484,0.109
7,ec.gp.GPIndividual@2115490108{1929912044},3C_20_80-01.txt,4.194,0.100,0.419,3,0.391,93.13,0.130,2.484,0.109
7,ec.gp.GPIndividual@2115490108{1929912044},3C_20_80-02.txt,35.738,0.100,3.574,2,2.516,70.39,1.258,2.484,0.109
7,ec.gp.GPIndividual@2115490108{1929912044},3C_20_50-03.txt,30.993,0.100,3.099,7,3.375,108.90,0.482,2.484,0.109
7,ec.gp.GPIndividual@2115490108{1929912044},3C_20_66-01.txt,7.322,0.100,0.732,1,0.031,4.27,0.031,2.484,0.031
7,ec.gp.GPIndividual@2115490108{1929912044},3C_20_80-03.txt,169.439,0.100,16.944,8,15.391,90.83,1.924,5.719,0.031
7,ec.gp.GPIndividual@1338886584{-477672287},3C_20_50-02.txt,61.404,0.100,6.140,4,1.469,23.92,0.367,0.734,0.094
7,ec.gp.GPIndividual@1338886584{-477672287},3C_20_50-03.txt,30.993,0.100,3.099,1,3.141,101.33,3.141,3.141,0.094
7,ec.gp.GPIndividual@1338886584{-477672287},3C_20_66-02.txt,154.245,0.100,15.424,6,4.141,26.84,0.690,3.141,0.094
7,ec.gp.GPIndividual@1338886584{-477672287},3C_20_66-03.txt,118.340,0.100,11.834,5,11.547,97.57,2.309,3.984,0.094
7,ec.gp.GPIndividual@1338886584{-477672287},3C_20_80-01.txt,4.194,0.100,0.419,4,0.359,85.68,0.090,3.984,0.000
7,ec.gp.GPIndividual@1338886584{-477672287},3C_20_80-02.txt,35.738,0.100,3.574,2,1.922,53.78,0.961,3.984,0.000
7,ec.gp.GPIndividual@1338886584{-477672287},3C_20_66-01.txt,7.322,0.100,0.732,2,0.531,72.55,0.266,3.984,0.000
7,ec.gp.GPIndividual@1338886584{-477672287},3C_20_80-03.txt,169.439,0.100,16.944,4,1.328,7.84,0.332,3.984,0.000
7,ec.gp.GPIndividual@1338886584{-477672287},3C_20_66-02.txt,154.245,0.100,15.424,6,9.016,58.45,1.503,5.547,0.000
7,ec.gp.GPIndividual@42709429{1071980938},3C_20_50-02.txt,61.404,0.100,6.140,4,5.406,88.04,1.352,4.797,0.078
7,ec.gp.GPIndividual@42709429{1071980938},3C_20_66-03.txt,118.340,0.100,11.834,1,0.641,5.41,0.641,4.797,0.078
7,ec.gp.GPIndividual@42709429{1071980938},3C_20_50-03.txt,30.993,0.100,3.099,4,2.938,94.78,0.734,4.797,0.000
7,ec.gp.GPIndividual@42709429{1071980938},3C_20_66-01.txt,7.322,0.100,0.732,2,0.844,115.23,0.422,4.797,0.000
7,ec.gp.GPIndividual@42709429{1071980938},3C_20_80-01.txt,4.194,0.100,0.419,2,0.203,48.43,0.102,4.797,0.000
7,ec.gp.GPIndividual@42709429{1071980938},3C_20_66-02.txt,154.245,0.100,15.424,7,2.828,18.34,0.404,4.797,0.000
7,ec.gp.GPIndividual@42709429{1071980938},3C_20_66-03.txt,118.340,0.100,11.834,2,1.344,11.36,0.672,4.797,0.000
7,ec.gp.GPIndividual@42709429{1071980938},3C_20_80-02.txt,35.738,0.100,3.574,6,3.719,104.06,0.620,4.797,0.000
7,ec.gp.GPIndividual@42709429{1071980938},3C_20_80-01.txt,4.194,0.100,0.419,1,0.141,33.53,0.141,4.797,0.000
7,ec.gp.GPIndividual@42709429{1071980938},3C_20_80-03.txt,169.439,0.100,16.944,5,3.469,20.47,0.694,4.797,0.000
7,ec.gp.GPIndividual@42709429{1071980938},3C_20_80-02.txt,35.738,0.100,3.574,7,3.828,107.12,0.547,4.797,0.000
7,ec.gp.GPIndividual@42709429{1071980938},3C_20_80-03.txt,169.439,0.100,16.944,1,0.063,0.37,0.063,4.797,0.000
8,ec.gp.GPIndividual@964048817{-1008122156},3C_20_50-02.txt,61.404,0.100,6.140,0,0.000,0.00,0.000,0.000,0.000
8,ec.gp.GPIndividual@964048817{-1008122156},3C_20_50-03.txt,30.993,0.100,3.099,0,0.000,0.00,0.000,0.000,0.000
8,ec.gp.GPIndividual@964048817{-1008122156},3C_20_66-01.txt,7.322,0.100,0.732,0,0.000,0.00,0.000,0.000,0.000
8,ec.gp.GPIndividual@964048817{-1008122156},3C_20_66-02.txt,154.245,0.100,15.424,0,0.000,0.00,0.000,0.000,0.000
8,ec.gp.GPIndividual@964048817{-1008122156},3C_20_66-03.txt,118.340,0.100,11.834,0,0.000,0.00,0.000,0.000,0.000
8,ec.gp.GPIndividual@964048817{-1008122156},3C_20_80-01.txt,4.194,0.100,0.419,0,0.000,0.00,0.000,0.000,0.000
8,ec.gp.GPIndividual@964048817{-1008122156},3C_20_80-02.txt,35.738,0.100,3.574,0,0.000,0.00,0.000,0.000,0.000
8,ec.gp.GPIndividual@964048817{-1008122156},3C_20_80-03.txt,169.439,0.100,16.944,0,0.000,0.00,0.000,0.000,0.000
8,ec.gp.GPIndividual@1940053238{-1366295242},3C_20_50-02.txt,61.404,0.100,6.140,7,1.500,24.43,0.214,0.438,0.094
8,ec.gp.GPIndividual@1940053238{-1366295242},3C_20_50-03.txt,30.993,0.100,3.099,3,3.156,101.84,1.052,1.719,0.094
8,ec.gp.GPIndividual@1940053238{-1366295242},3C_20_50-03.txt,30.993,0.100,3.099,2,3.750,121.00,1.875,1.875,0.094
8,ec.gp.GPIndividual@1940053238{-1366295242},3C_20_50-03.txt,30.993,0.100,3.099,1,1.875,60.50,1.875,1.875,0.094
8,ec.gp.GPIndividual@1940053238{-1366295242},3C_20_50-03.txt,30.993,0.100,3.099,1,1.984,64.03,1.984,1.984,0.094
8,ec.gp.GPIndividual@1940053238{-1366295242},3C_20_50-03.txt,30.993,0.100,3.099,2,1.313,42.35,0.656,1.984,0.094
8,ec.gp.GPIndividual@1940053238{-1366295242},3C_20_50-03.txt,30.993,0.100,3.099,0,0.000,0.00,0.000,1.984,0.094
8,ec.gp.GPIndividual@1940053238{-1366295242},3C_20_66-01.txt,7.322,0.100,0.732,2,0.484,66.15,0.242,1.984,0.094
8,ec.gp.GPIndividual@1940053238{-1366295242},3C_20_66-02.txt,154.245,0.100,15.424,9,14.219,92.18,1.580,3.516,0.000
8,ec.gp.GPIndividual@1940053238{-1366295242},3C_20_66-01.txt,7.322,0.100,0.732,1,4.109,561.22,4.109,4.109,0.000
8,ec.gp.GPIndividual@1940053238{-1366295242},3C_20_66-01.txt,7.322,0.100,0.732,1,4.234,578.29,4.234,4.234,0.000
8,ec.gp.GPIndividual@1940053238{-1366295242},3C_20_66-01.txt,7.322,0.100,0.732,1,4.109,561.22,4.109,4.234,0.000
8,ec.gp.GPIndividual@1940053238{-1366295242},3C_20_66-01.txt,7.322,0.100,0.732,1,4.297,586.83,4.297,4.297,0.000
8,ec.gp.GPIndividual@1940053238{-1366295242},3C_20_66-01.txt,7.322,0.100,0.732,4,1.109,151.51,0.277,4.297,0.000
8,ec.gp.GPIndividual@1940053238{-1366295242},3C_20_66-02.txt,154.245,0.100,15.424,2,0.250,1.62,0.125,4.297,0.000
8,ec.gp.GPIndividual@1940053238{-1366295242},3C_20_66-02.txt,154.245,0.100,15.424,3,1.906,12.36,0.635,4.297,0.000
8,ec.gp.GPIndividual@1940053238{-1366295242},3C_20_66-03.txt,118.340,0.100,11.834,6,9.594,81.07,1.599,4.297,0.000
8,ec.gp.GPIndividual@1940053238{-1366295242},3C_20_66-02.txt,154.245,0.100,15.424,1,1.391,9.02,1.391,4.297,0.000
8,ec.gp.GPIndividual@1940053238{-1366295242},3C_20_66-02.txt,154.245,0.100,15.424,1,1.219,7.90,1.219,4.297,0.000
8,ec.gp.GPIndividual@1940053238{-1366295242},3C_20_66-02.txt,154.245,0.100,15.424,4,8.984,58.25,2.246,4.797,0.000
8,ec.gp.GPIndividual@1940053238{-1366295242},3C_20_66-03.txt,118.340,0.100,11.834,7,11.609,98.10,1.658,4.797,0.000
8,ec.gp.GPIndividual@1940053238{-1366295242},3C_20_66-03.txt,118.340,0.100,11.834,2,2.922,24.69,1.461,4.797,0.000
8,ec.gp.GPIndividual@1940053238{-1366295242},3C_20_66-03.txt,118.340,0.100,11.834,1,0.813,6.87,0.813,4.797,0.000
8,ec.gp.GPIndividual@1940053238{-1366295242},3C_20_66-03.txt,118.340,0.100,11.834,1,3.203,27.07,3.203,4.797,0.000
8,ec.gp.GPIndividual@1940053238{-1366295242},3C_20_80-01.txt,4.194,0.100,0.419,2,1.547,368.79,0.773,4.797,0.000
8,ec.gp.GPIndividual@1940053238{-1366295242},3C_20_66-03.txt,118.340,0.100,11.834,1,0.141,1.19,0.141,4.797,0.000
8,ec.gp.GPIndividual@1940053238{-1366295242},3C_20_80-02.txt,35.738,0.100,3.574,1,4.813,134.66,4.813,4.813,0.000
8,ec.gp.GPIndividual@1940053238{-1366295242},3C_20_80-01.txt,4.194,0.100,0.419,1,1.469,350.16,1.469,4.813,0.000
8,ec.gp.GPIndividual@1940053238{-1366295242},3C_20_80-03.txt,169.439,0.100,16.944,6,16.422,96.92,2.737,4.813,0.000
8,ec.gp.GPIndividual@1940053238{-1366295242},3C_20_80-01.txt,4.194,0.100,0.419,3,5.125,1221.84,1.708,4.813,0.000
8,ec.gp.GPIndividual@1940053238{-1366295242},3C_20_80-02.txt,35.738,0.100,3.574,1,1.578,44.16,1.578,4.813,0.000
8,ec.gp.GPIndividual@1940053238{-1366295242},3C_20_80-02.txt,35.738,0.100,3.574,2,2.438,68.20,1.219,4.813,0.000
8,ec.gp.GPIndividual@1940053238{-1366295242},3C_20_80-01.txt,4.194,0.100,0.419,1,2.422,577.39,2.422,4.813,0.000
8,ec.gp.GPIndividual@1940053238{-1366295242},3C_20_80-01.txt,4.194,0.100,0.419,3,0.766,182.53,0.255,4.813,0.000
8,ec.gp.GPIndividual@1940053238{-1366295242},3C_20_80-02.txt,35.738,0.100,3.574,3,4.453,124.60,1.484,4.813,0.000
8,ec.gp.GPIndividual@1940053238{-1366295242},3C_20_80-01.txt,4.194,0.100,0.419,2,0.391,93.13,0.195,4.813,0.000
8,ec.gp.GPIndividual@1940053238{-1366295242},3C_20_80-03.txt,169.439,0.100,16.944,3,6.750,39.84,2.250,5.484,0.000
8,ec.gp.GPIndividual@1940053238{-1366295242},3C_20_80-03.txt,169.439,0.100,16.944,5,7.453,43.99,1.491,5.484,0.000
8,ec.gp.GPIndividual@1940053238{-1366295242},3C_20_80-02.txt,35.738,0.100,3.574,1,1.422,39.79,1.422,5.484,0.000
8,ec.gp.GPIndividual@1940053238{-1366295242},3C_20_80-02.txt,35.738,0.100,3.574,3,7.359,205.92,2.453,5.484,0.000
8,ec.gp.GPIndividual@1267999011{639407829},3C_20_50-02.txt,61.404,0.100,6.140,0,0.000,0.00,0.000,0.000,0.000
8,ec.gp.GPIndividual@1267999011{639407829},3C_20_50-03.txt,30.993,0.100,3.099,0,0.000,0.00,0.000,0.000,0.000
8,ec.gp.GPIndividual@1267999011{639407829},3C_20_66-01.txt,7.322,0.100,0.732,0,0.000,0.00,0.000,0.000,0.000
8,ec.gp.GPIndividual@1267999011{639407829},3C_20_66-02.txt,154.245,0.100,15.424,0,0.000,0.00,0.000,0.000,0.000
8,ec.gp.GPIndividual@1267999011{639407829},3C_20_66-03.txt,118.340,0.100,11.834,0,0.000,0.00,0.000,0.000,0.000
8,ec.gp.GPIndividual@1267999011{639407829},3C_20_80-01.txt,4.194,0.100,0.419,0,0.000,0.00,0.000,0.000,0.000
8,ec.gp.GPIndividual@1267999011{639407829},3C_20_80-02.txt,35.738,0.100,3.574,0,0.000,0.00,0.000,0.000,0.000
8,ec.gp.GPIndividual@1267999011{639407829},3C_20_80-03.txt,169.439,0.100,16.944,0,0.000,0.00,0.000,0.000,0.000
8,ec.gp.GPIndividual@782506347{-1031369202},3C_20_50-02.txt,61.404,0.100,6.140,3,2.938,47.84,0.979,1.563,0.328
8,ec.gp.GPIndividual@782506347{-1031369202},3C_20_50-02.txt,61.404,0.100,6.140,3,2.938,47.84,0.979,1.563,0.328
8,ec.gp.GPIndividual@782506347{-1031369202},3C_20_80-03.txt,169.439,0.100,16.944,7,16.969,100.15,2.424,6.000,0.328
8,ec.gp.GPIndividual@782506347{-1031369202},3C_20_80-03.txt,169.439,0.100,16.944,2,0.328,1.94,0.164,6.000,0.000
8,ec.gp.GPIndividual@782506347{-1031369202},3C_20_50-03.txt,30.993,0.100,3.099,2,2.453,79.15,1.227,6.000,0.000
8,ec.gp.GPIndividual@1262337861{891621865},3C_20_50-02.txt,61.404,0.100,6.140,4,6.516,106.11,1.629,4.234,0.344
8,ec.gp.GPIndividual@500304639{801863574},3C_20_50-02.txt,61.404,0.100,6.140,2,6.297,102.55,3.148,5.766,0.531
8,ec.gp.GPIndividual@863796623{-1097170042},3C_20_50-02.txt,61.404,0.100,6.140,2,3.359,54.71,1.680,1.781,1.578
8,ec.gp.GPIndividual@863796623{-1097170042},3C_20_50-03.txt,30.993,0.100,3.099,1,6.094,196.62,6.094,6.094,1.578
8,ec.gp.GPIndividual@292926007{-242645883},3C_20_50-02.txt,61.404,0.100,6.140,2,0.781,12.72,0.391,0.453,0.328
8,ec.gp.GPIndividual@292926007{-242645883},3C_20_50-03.txt,30.993,0.100,3.099,3,3.297,106.38,1.099,1.641,0.328
8,ec.gp.GPIndividual@292926007{-242645883},3C_20_66-01.txt,7.322,0.100,0.732,4,2.813,384.11,0.703,1.813,0.156
8,ec.gp.GPIndividual@292926007{-242645883},3C_20_50-03.txt,30.993,0.100,3.099,0,0.000,0.00,0.000,1.813,0.156
8,ec.gp.GPIndividual@292926007{-242645883},3C_20_66-02.txt,154.245,0.100,15.424,2,1.188,7.70,0.594,1.813,0.000
8,ec.gp.GPIndividual@292926007{-242645883},3C_20_50-03.txt,30.993,0.100,3.099,1,1.313,42.35,1.313,1.813,0.000
8,ec.gp.GPIndividual@292926007{-242645883},3C_20_66-01.txt,7.322,0.100,0.732,1,0.359,49.08,0.359,1.813,0.000
8,ec.gp.GPIndividual@292926007{-242645883},3C_20_66-02.txt,154.245,0.100,15.424,6,14.969,97.05,2.495,5.797,0.000
8,ec.gp.GPIndividual@292926007{-242645883},3C_20_66-03.txt,118.340,0.100,11.834,2,2.313,19.54,1.156,5.797,0.000
8,ec.gp.GPIndividual@292926007{-242645883},3C_20_66-01.txt,7.322,0.100,0.732,2,4.625,631.64,2.313,5.797,0.000
8,ec.gp.GPIndividual@292926007{-242645883},3C_20_66-01.txt,7.322,0.100,0.732,1,1.203,164.31,1.203,5.797,0.000
8,ec.gp.GPIndividual@292926007{-242645883},3C_20_66-03.txt,118.340,0.100,11.834,9,13.344,112.76,1.483,5.797,0.000
8,ec.gp.GPIndividual@365526071{-664522623},3C_20_50-02.txt,61.404,0.100,6.140,1,0.500,8.14,0.500,0.500,0.500
8,ec.gp.GPIndividual@365526071{-664522623},3C_20_66-02.txt,154.245,0.100,15.424,1,1.219,7.90,1.219,1.219,0.500
8,ec.gp.GPIndividual@365526071{-664522623},3C_20_66-02.txt,154.245,0.100,15.424,2,5.344,34.64,2.672,4.844,0.500
8,ec.gp.GPIndividual@365526071{-664522623},3C_20_80-01.txt,4.194,0.100,0.419,2,0.594,141.55,0.297,4.844,0.297
8,ec.gp.GPIndividual@365526071{-664522623},3C_20_50-03.txt,30.993,0.100,3.099,0,0.000,0.00,0.000,4.844,0.297
8,ec.gp.GPIndividual@365526071{-664522623},3C_20_80-02.txt,35.738,0.100,3.574,1,4.141,115.86,4.141,4.844,0.297
8,ec.gp.GPIndividual@365526071{-664522623},3C_20_66-01.txt,7.322,0.100,0.732,2,5.078,693.53,2.539,4.844,0.297
8,ec.gp.GPIndividual@365526071{-664522623},3C_20_80-01.txt,4.194,0.100,0.419,2,0.656,156.46,0.328,4.844,0.297
8,ec.gp.GPIndividual@365526071{-664522623},3C_20_80-02.txt,35.738,0.100,3.574,2,0.156,4.37,0.078,4.844,0.000
8,ec.gp.GPIndividual@365526071{-664522623},3C_20_66-02.txt,154.245,0.100,15.424,2,2.734,17.73,1.367,4.844,0.000
8,ec.gp.GPIndividual@365526071{-664522623},3C_20_80-03.txt,169.439,0.100,16.944,11,16.563,97.75,1.506,4.844,0.000
8,ec.gp.GPIndividual@365526071{-664522623},3C_20_66-03.txt,118.340,0.100,11.834,3,3.359,28.39,1.120,4.844,0.000
8,ec.gp.GPIndividual@365526071{-664522623},3C_20_66-03.txt,118.340,0.100,11.834,1,4.203,35.52,4.203,4.844,0.000
8,ec.gp.GPIndividual@365526071{-664522623},3C_20_66-01.txt,7.322,0.100,0.732,2,0.484,66.15,0.242,4.844,0.000
8,ec.gp.GPIndividual@365526071{-664522623},3C_20_66-02.txt,154.245,0.100,15.424,1,1.516,9.83,1.516,4.844,0.000
8,ec.gp.GPIndividual@365526071{-664522623},3C_20_80-03.txt,169.439,0.100,16.944,2,8.438,49.80,4.219,5.547,0.000
8,ec.gp.GPIndividual@365526071{-664522623},3C_20_66-03.txt,118.340,0.100,11.834,3,12.141,102.59,4.047,5.547,0.000
8,ec.gp.GPIndividual@365526071{-664522623},3C_20_80-01.txt,4.194,0.100,0.419,2,0.344,81.95,0.172,5.547,0.000
8,ec.gp.GPIndividual@365526071{-664522623},3C_20_80-02.txt,35.738,0.100,3.574,3,7.828,219.04,2.609,5.547,0.000
8,ec.gp.GPIndividual@1451518486{-1689634815},3C_20_50-02.txt,61.404,0.100,6.140,2,0.156,2.54,0.078,0.156,0.000
8,ec.gp.GPIndividual@1451518486{-1689634815},3C_20_80-01.txt,4.194,0.100,0.419,1,1.031,245.86,1.031,1.031,0.000
8,ec.gp.GPIndividual@1451518486{-1689634815},3C_20_66-03.txt,118.340,0.100,11.834,6,13.844,116.98,2.307,6.313,0.000
8,ec.gp.GPIndividual@766822831{-2135223291},3C_20_50-02.txt,61.404,0.100,6.140,3,2.063,33.59,0.688,1.188,0.359
8,ec.gp.GPIndividual@766822831{-2135223291},3C_20_50-03.txt,30.993,0.100,3.099,2,3.688,118.98,1.844,1.922,0.359
8,ec.gp.GPIndividual@766822831{-2135223291},3C_20_50-03.txt,30.993,0.100,3.099,3,1.844,59.49,0.615,1.922,0.000
8,ec.gp.GPIndividual@766822831{-2135223291},3C_20_80-03.txt,169.439,0.100,16.944,2,1.891,11.16,0.945,1.922,0.000
8,ec.gp.GPIndividual@766822831{-2135223291},3C_20_80-01.txt,4.194,0.100,0.419,3,0.328,78.23,0.109,1.922,0.000
8,ec.gp.GPIndividual@766822831{-2135223291},3C_20_80-02.txt,35.738,0.100,3.574,3,2.203,61.65,0.734,1.922,0.000
8,ec.gp.GPIndividual@766822831{-2135223291},3C_20_80-02.txt,35.738,0.100,3.574,3,3.859,107.99,1.286,1.922,0.000
8,ec.gp.GPIndividual@766822831{-2135223291},3C_20_66-01.txt,7.322,0.100,0.732,1,4.797,655.12,4.797,4.797,0.000
8,ec.gp.GPIndividual@766822831{-2135223291},3C_20_80-01.txt,4.194,0.100,0.419,2,0.625,149.01,0.313,4.797,0.000
8,ec.gp.GPIndividual@766822831{-2135223291},3C_20_80-03.txt,169.439,0.100,16.944,2,3.094,18.26,1.547,4.797,0.000
8,ec.gp.GPIndividual@766822831{-2135223291},3C_20_66-01.txt,7.322,0.100,0.732,3,0.828,113.10,0.276,4.797,0.000
8,ec.gp.GPIndividual@766822831{-2135223291},3C_20_66-02.txt,154.245,0.100,15.424,8,15.391,99.78,1.924,5.563,0.000
8,ec.gp.GPIndividual@314141543{-753055048},3C_20_50-02.txt,61.404,0.100,6.140,1,1.391,22.65,1.391,1.391,1.391
8,ec.gp.GPIndividual@314141543{-753055048},3C_20_66-02.txt,154.245,0.100,15.424,1,1.563,10.13,1.563,1.563,1.391
8,ec.gp.GPIndividual@314141543{-753055048},3C_20_80-02.txt,35.738,0.100,3.574,3,3.313,92.69,1.104,1.563,0.516
8,ec.gp.GPIndividual@314141543{-753055048},3C_20_50-03.txt,30.993,0.100,3.099,1,0.719,23.19,0.719,1.563,0.516
8,ec.gp.GPIndividual@314141543{-753055048},3C_20_66-03.txt,118.340,0.100,11.834,4,13.016,109.99,3.254,5.594,0.516
8,ec.gp.GPIndividual@314141543{-753055048},3C_20_80-03.txt,169.439,0.100,16.944,2,1.328,7.84,0.664,5.594,0.000
8,ec.gp.GPIndividual@314141543{-753055048},3C_20_66-01.txt,7.322,0.100,0.732,2,0.328,44.81,0.164,5.594,0.000
8,ec.gp.GPIndividual@314141543{-753055048},3C_20_66-02.txt,154.245,0.100,15.424,4,2.953,19.15,0.738,5.594,0.000
8,ec.gp.GPIndividual@314141543{-753055048},3C_20_66-03.txt,118.340,0.100,11.834,2,1.906,16.11,0.953,5.594,0.000
8,ec.gp.GPIndividual@1822778444{1083432228},3C_20_50-02.txt,61.404,0.100,6.140,0,0.000,0.00,0.000,0.000,0.000
8,ec.gp.GPIndividual@1822778444{1083432228},3C_20_80-03.txt,169.439,0.100,16.944,2,0.641,3.78,0.320,0.359,0.281
8,ec.gp.GPIndividual@1822778444{1083432228},3C_20_50-03.txt,30.993,0.100,3.099,2,2.422,78.14,1.211,1.703,0.281
8,ec.gp.GPIndividual@1822778444{1083432228},3C_20_66-03.txt,118.340,0.100,11.834,5,17.219,145.50,3.444,5.859,0.281
8,ec.gp.GPIndividual@1822778444{1083432228},3C_20_80-01.txt,4.194,0.100,0.419,1,2.391,569.94,2.391,5.859,0.281
8,ec.gp.GPIndividual@1822778444{1083432228},3C_20_80-01.txt,4.194,0.100,0.419,0,0.000,0.00,0.000,5.859,0.281
8,ec.gp.GPIndividual@1512253644{-139082000},3C_20_50-02.txt,61.404,0.100,6.140,4,6.859,111.71,1.715,5.953,0.297
8,ec.gp.GPIndividual@338265470{1435706926},3C_20_50-02.txt,61.404,0.100,6.140,1,0.484,7.89,0.484,0.484,0.484
8,ec.gp.GPIndividual@338265470{1435706926},3C_20_50-03.txt,30.993,0.100,3.099,1,4.188,135.11,4.188,4.188,0.484
8,ec.gp.GPIndividual@338265470{1435706926},3C_20_66-01.txt,7.322,0.100,0.732,2,1.563,213.39,0.781,4.188,0.453
8,ec.gp.GPIndividual@338265470{1435706926},3C_20_80-02.txt,35.738,0.100,3.574,3,1.234,34.54,0.411,4.188,0.000
8,ec.gp.GPIndividual@338265470{1435706926},3C_20_50-03.txt,30.993,0.100,3.099,2,5.203,167.88,2.602,4.813,0.000
8,ec.gp.GPIndividual@338265470{1435706926},3C_20_66-02.txt,154.245,0.100,15.424,9,15.594,101.10,1.733,4.813,0.000
8,ec.gp.GPIndividual@338265470{1435706926},3C_20_80-01.txt,4.194,0.100,0.419,2,0.172,40.98,0.086,4.813,0.000
8,ec.gp.GPIndividual@338265470{1435706926},3C_20_80-02.txt,35.738,0.100,3.574,2,2.656,74.33,1.328,4.813,0.000
8,ec.gp.GPIndividual@338265470{1435706926},3C_20_80-03.txt,169.439,0.100,16.944,1,0.891,5.26,0.891,4.813,0.000
8,ec.gp.GPIndividual@338265470{1435706926},3C_20_66-03.txt,118.340,0.100,11.834,2,0.891,7.53,0.445,4.813,0.000
8,ec.gp.GPIndividual@338265470{1435706926},3C_20_80-03.txt,169.439,0.100,16.944,1,2.453,14.48,2.453,4.813,0.000
8,ec.gp.GPIndividual@338265470{1435706926},3C_20_80-02.txt,35.738,0.100,3.574,1,4.250,118.92,4.250,4.813,0.000
8,ec.gp.GPIndividual@338265470{1435706926},3C_20_66-01.txt,7.322,0.100,0.732,1,4.172,569.76,4.172,4.813,0.000
8,ec.gp.GPIndividual@338265470{1435706926},3C_20_66-01.txt,7.322,0.100,0.732,3,0.797,108.83,0.266,4.813,0.000
8,ec.gp.GPIndividual@338265470{1435706926},3C_20_66-02.txt,154.245,0.100,15.424,1,0.328,2.13,0.328,4.813,0.000
8,ec.gp.GPIndividual@338265470{1435706926},3C_20_66-02.txt,154.245,0.100,15.424,7,15.938,103.33,2.277,4.813,0.000
8,ec.gp.GPIndividual@338265470{1435706926},3C_20_66-03.txt,118.340,0.100,11.834,4,8.000,67.60,2.000,5.266,0.000
8,ec.gp.GPIndividual@338265470{1435706926},3C_20_80-01.txt,4.194,0.100,0.419,2,0.328,78.23,0.164,5.266,0.000
8,ec.gp.GPIndividual@338265470{1435706926},3C_20_80-02.txt,35.738,0.100,3.574,1,6.453,180.57,6.453,6.453,0.000
8,ec.gp.GPIndividual@1465869315{-1750353953},3C_20_50-02.txt,61.404,0.100,6.140,0,0.000,0.00,0.000,0.000,0.000
8,ec.gp.GPIndividual@1465869315{-1750353953},3C_20_50-03.txt,30.993,0.100,3.099,0,0.000,0.00,0.000,0.000,0.000
8,ec.gp.GPIndividual@1465869315{-1750353953},3C_20_66-01.txt,7.322,0.100,0.732,0,0.000,0.00,0.000,0.000,0.000
8,ec.gp.GPIndividual@1465869315{-1750353953},3C_20_66-02.txt,154.245,0.100,15.424,0,0.000,0.00,0.000,0.000,0.000
8,ec.gp.GPIndividual@1465869315{-1750353953},3C_20_66-03.txt,118.340,0.100,11.834,0,0.000,0.00,0.000,0.000,0.000
8,ec.gp.GPIndividual@1465869315{-1750353953},3C_20_80-01.txt,4.194,0.100,0.419,0,0.000,0.00,0.000,0.000,0.000
8,ec.gp.GPIndividual@1465869315{-1750353953},3C_20_80-02.txt,35.738,0.100,3.574,0,0.000,0.00,0.000,0.000,0.000
8,ec.gp.GPIndividual@1465869315{-1750353953},3C_20_80-03.txt,169.439,0.100,16.944,0,0.000,0.00,0.000,0.000,0.000
8,ec.gp.GPIndividual@1879145913{-158314206},3C_20_50-02.txt,61.404,0.100,6.140,2,2.000,32.57,1.000,1.500,0.500
8,ec.gp.GPIndividual@1879145913{-158314206},3C_20_50-03.txt,30.993,0.100,3.099,1,1.344,43.36,1.344,1.500,0.500
8,ec.gp.GPIndividual@1879145913{-158314206},3C_20_80-03.txt,169.439,0.100,16.944,1,2.000,11.80,2.000,2.000,0.500
8,ec.gp.GPIndividual@1900170316{-1217330453},3C_20_50-02.txt,61.404,0.100,6.140,3,3.000,48.86,1.000,1.500,0.344
8,ec.gp.GPIndividual@1900170316{-1217330453},3C_20_66-03.txt,118.340,0.100,11.834,1,1.313,11.09,1.313,1.500,0.344
8,ec.gp.GPIndividual@1900170316{-1217330453},3C_20_66-01.txt,7.322,0.100,0.732,1,0.469,64.02,0.469,1.500,0.344
8,ec.gp.GPIndividual@1900170316{-1217330453},3C_20_50-03.txt,30.993,0.100,3.099,1,0.313,10.08,0.313,1.500,0.313
8,ec.gp.GPIndividual@1900170316{-1217330453},3C_20_66-02.txt,154.245,0.100,15.424,2,3.141,20.36,1.570,1.891,0.313
8,ec.gp.GPIndividual@1900170316{-1217330453},3C_20_80-03.txt,169.439,0.100,16.944,2,7.266,42.88,3.633,4.734,0.313
8,ec.gp.GPIndividual@1900170316{-1217330453},3C_20_66-03.txt,118.340,0.100,11.834,6,11.688,98.76,1.948,6.344,0.000
8,ec.gp.GPIndividual@2005874304{1607299467},3C_20_50-02.txt,61.404,0.100,6.140,3,5.422,88.30,1.807,4.734,0.266
8,ec.gp.GPIndividual@2005874304{1607299467},3C_20_80-01.txt,4.194,0.100,0.419,1,2.906,692.87,2.906,4.734,0.266
8,ec.gp.GPIndividual@2005874304{1607299467},3C_20_80-01.txt,4.194,0.100,0.419,2,0.500,119.20,0.250,4.734,0.250
8,ec.gp.GPIndividual@2005874304{1607299467},3C_20_80-02.txt,35.738,0.100,3.574,3,3.594,100.56,1.198,4.734,0.250
8,ec.gp.GPIndividual@2005874304{1607299467},3C_20_80-02.txt,35.738,0.100,3.574,1,1.375,38.47,1.375,4.734,0.250
8,ec.gp.GPIndividual@2005874304{1607299467},3C_20_50-03.txt,30.993,0.100,3.099,1,0.422,13.61,0.422,4.734,0.250
8,ec.gp.GPIndividual@2005874304{1607299467},3C_20_66-03.txt,118.340,0.100,11.834,1,1.094,9.24,1.094,4.734,0.250
8,ec.gp.GPIndividual@2005874304{1607299467},3C_20_80-02.txt,35.738,0.100,3.574,1,1.484,41.53,1.484,4.734,0.250
8,ec.gp.GPIndividual@2005874304{1607299467},3C_20_80-03.txt,169.439,0.100,16.944,7,8.906,52.56,1.272,4.734,0.250
8,ec.gp.GPIndividual@2005874304{1607299467},3C_20_80-03.txt,169.439,0.100,16.944,1,3.406,20.10,3.406,4.734,0.250
8,ec.gp.GPIndividual@2005874304{1607299467},3C_20_66-01.txt,7.322,0.100,0.732,1,4.672,638.04,4.672,4.734,0.250
8,ec.gp.GPIndividual@2005874304{1607299467},3C_20_80-01.txt,4.194,0.100,0.419,1,0.984,234.68,0.984,4.734,0.250
8,ec.gp.GPIndividual@2005874304{1607299467},3C_20_80-03.txt,169.439,0.100,16.944,3,5.156,30.43,1.719,4.734,0.250
8,ec.gp.GPIndividual@2072164921{-574062118},3C_20_50-02.txt,61.404,0.100,6.140,4,6.547,106.62,1.637,3.500,0.172
8,ec.gp.GPIndividual@2085283106{317013022},3C_20_50-02.txt,61.404,0.100,6.140,4,2.609,42.49,0.652,0.984,0.234
8,ec.gp.GPIndividual@2085283106{317013022},3C_20_50-03.txt,30.993,0.100,3.099,1,0.891,28.74,0.891,0.984,0.234
8,ec.gp.GPIndividual@2085283106{317013022},3C_20_80-03.txt,169.439,0.100,16.944,1,0.828,4.89,0.828,0.984,0.234
8,ec.gp.GPIndividual@2085283106{317013022},3C_20_66-03.txt,118.340,0.100,11.834,1,0.984,8.32,0.984,0.984,0.234
8,ec.gp.GPIndividual@2085283106{317013022},3C_20_50-03.txt,30.993,0.100,3.099,3,2.828,91.25,0.943,1.313,0.234
8,ec.gp.GPIndividual@2085283106{317013022},3C_20_66-01.txt,7.322,0.100,0.732,1,0.844,115.23,0.844,1.313,0.234
8,ec.gp.GPIndividual@2085283106{317013022},3C_20_66-01.txt,7.322,0.100,0.732,3,0.891,121.63,0.297,1.313,0.219
8,ec.gp.GPIndividual@2085283106{317013022},3C_20_66-02.txt,154.245,0.100,15.424,5,8.344,54.09,1.669,3.188,0.219
8,ec.gp.GPIndividual@2085283106{317013022},3C_20_66-02.txt,154.245,0.100,15.424,1,0.813,5.27,0.813,3.188,0.219
8,ec.gp.GPIndividual@2085283106{317013022},3C_20_66-03.txt,118.340,0.100,11.834,4,6.266,52.95,1.566,3.188,0.219
8,ec.gp.GPIndividual@2085283106{317013022},3C_20_66-03.txt,118.340,0.100,11.834,3,11.734,99.16,3.911,5.234,0.219
8,ec.gp.GPIndividual@456521342{653155758},3C_20_50-02.txt,61.404,0.100,6.140,1,1.344,21.88,1.344,1.344,1.344
8,ec.gp.GPIndividual@456521342{653155758},3C_20_80-01.txt,4.194,0.100,0.419,3,0.500,119.20,0.167,1.344,0.094
8,ec.gp.GPIndividual@456521342{653155758},3C_20_80-02.txt,35.738,0.100,3.574,1,0.094,2.62,0.094,1.344,0.094
8,ec.gp.GPIndividual@456521342{653155758},3C_20_50-03.txt,30.993,0.100,3.099,1,2.703,87.22,2.703,2.703,0.094
8,ec.gp.GPIndividual@456521342{653155758},3C_20_80-01.txt,4.194,0.100,0.419,3,1.500,357.61,0.500,2.703,0.094
8,ec.gp.GPIndividual@456521342{653155758},3C_20_80-03.txt,169.439,0.100,16.944,1,0.094,0.55,0.094,2.703,0.094
8,ec.gp.GPIndividual@456521342{653155758},3C_20_80-02.txt,35.738,0.100,3.574,2,1.266,35.41,0.633,2.703,0.000
8,ec.gp.GPIndividual@456521342{653155758},3C_20_66-01.txt,7.322,0.100,0.732,1,3.422,467.33,3.422,3.422,0.000
8,ec.gp.GPIndividual@456521342{653155758},3C_20_80-01.txt,4.194,0.100,0.419,2,0.594,141.55,0.297,3.422,0.000
8,ec.gp.GPIndividual@456521342{653155758},3C_20_66-02.txt,154.245,0.100,15.424,5,3.703,24.01,0.741,3.422,0.000
8,ec.gp.GPIndividual@456521342{653155758},3C_20_80-03.txt,169.439,0.100,16.944,1,0.781,4.61,0.781,3.422,0.000
8,ec.gp.GPIndividual@456521342{653155758},3C_20_66-03.txt,118.340,0.100,11.834,1,0.813,6.87,0.813,3.422,0.000
8,ec.gp.GPIndividual@456521342{653155758},3C_20_80-02.txt,35.738,0.100,3.574,2,4.656,130.29,2.328,3.469,0.000
8,ec.gp.GPIndividual@456521342{653155758},3C_20_80-03.txt,169.439,0.100,16.944,1,0.094,0.55,0.094,3.469,0.000
8,ec.gp.GPIndividual@120801001{-935869632},3C_20_50-02.txt,61.404,0.100,6.140,4,4.359,70.99,1.090,2.938,0.219
8,ec.gp.GPIndividual@120801001{-935869632},3C_20_50-03.txt,30.993,0.100,3.099,1,3.531,113.94,3.531,3.531,0.219
8,ec.gp.GPIndividual@120801001{-935869632},3C_20_80-01.txt,4.194,0.100,0.419,2,0.234,55.88,0.117,3.531,0.000
8,ec.gp.GPIndividual@120801001{-935869632},3C_20_80-02.txt,35.738,0.100,3.574,4,6.297,176.19,1.574,3.531,0.000
8,ec.gp.GPIndividual@908510304{304299684},3C_20_50-02.txt,61.404,0.100,6.140,1,0.328,5.34,0.328,0.328,0.328
8,ec.gp.GPIndividual@908510304{304299684},3C_20_66-01.txt,7.322,0.100,0.732,1,1.016,138.71,1.016,1.016,0.328
8,ec.gp.GPIndividual@313459179{1801589874},3C_20_50-02.txt,61.404,0.100,6.140,0,0.000,0.00,0.000,0.000,0.000
8,ec.gp.GPIndividual@313459179{1801589874},3C_20_50-03.txt,30.993,0.100,3.099,0,0.000,0.00,0.000,0.000,0.000
8,ec.gp.GPIndividual@313459179{1801589874},3C_20_66-01.txt,7.322,0.100,0.732,0,0.000,0.00,0.000,0.000,0.000
8,ec.gp.GPIndividual@313459179{1801589874},3C_20_66-02.txt,154.245,0.100,15.424,0,0.000,0.00,0.000,0.000,0.000
8,ec.gp.GPIndividual@313459179{1801589874},3C_20_66-03.txt,118.340,0.100,11.834,0,0.000,0.00,0.000,0.000,0.000
8,ec.gp.GPIndividual@313459179{1801589874},3C_20_80-01.txt,4.194,0.100,0.419,0,0.000,0.00,0.000,0.000,0.000
8,ec.gp.GPIndividual@313459179{1801589874},3C_20_80-02.txt,35.738,0.100,3.574,0,0.000,0.00,0.000,0.000,0.000
8,ec.gp.GPIndividual@313459179{1801589874},3C_20_80-03.txt,169.439,0.100,16.944,0,0.000,0.00,0.000,0.000,0.000
8,ec.gp.GPIndividual@1506130684{2342634},3C_20_50-02.txt,61.404,0.100,6.140,2,0.313,5.09,0.156,0.250,0.063
8,ec.gp.GPIndividual@1506130684{2342634},3C_20_50-03.txt,30.993,0.100,3.099,3,2.203,71.09,0.734,0.969,0.063
8,ec.gp.GPIndividual@1506130684{2342634},3C_20_66-01.txt,7.322,0.100,0.732,3,0.516,70.42,0.172,0.969,0.063
8,ec.gp.GPIndividual@1506130684{2342634},3C_20_66-02.txt,154.245,0.100,15.424,3,0.719,4.66,0.240,0.969,0.063
8,ec.gp.GPIndividual@1506130684{2342634},3C_20_66-03.txt,118.340,0.100,11.834,3,5.516,46.61,1.839,4.234,0.063
8,ec.gp.GPIndividual@1506130684{2342634},3C_20_80-01.txt,4.194,0.100,0.419,3,0.359,85.68,0.120,4.234,0.063
8,ec.gp.GPIndividual@1506130684{2342634},3C_20_80-02.txt,35.738,0.100,3.574,3,0.609,17.05,0.203,4.234,0.063
8,ec.gp.GPIndividual@1506130684{2342634},3C_20_80-03.txt,169.439,0.100,16.944,3,11.172,65.93,3.724,6.484,0.063
8,ec.gp.GPIndividual@18859727{216867342},3C_20_50-02.txt,61.404,0.100,6.140,1,0.063,1.02,0.063,0.063,0.063
8,ec.gp.GPIndividual@18859727{216867342},3C_20_50-03.txt,30.993,0.100,3.099,1,0.563,18.15,0.563,0.563,0.063
8,ec.gp.GPIndividual@18859727{216867342},3C_20_66-01.txt,7.322,0.100,0.732,2,0.313,42.68,0.156,0.563,0.063
8,ec.gp.GPIndividual@18859727{216867342},3C_20_66-02.txt,154.245,0.100,15.424,1,0.313,2.03,0.313,0.563,0.063
8,ec.gp.GPIndividual@18859727{216867342},3C_20_66-03.txt,118.340,0.100,11.834,2,1.281,10.83,0.641,0.828,0.063
8,ec.gp.GPIndividual@18859727{216867342},3C_20_80-01.txt,4.194,0.100,0.419,1,0.172,40.98,0.172,0.828,0.063
8,ec.gp.GPIndividual@18859727{216867342},3C_20_80-02.txt,35.738,0.100,3.574,2,0.438,12.24,0.219,0.828,0.063
8,ec.gp.GPIndividual@18859727{216867342},3C_20_80-03.txt,169.439,0.100,16.944,2,7.266,42.88,3.633,6.469,0.063
9,ec.gp.GPIndividual@357882674{1315745260},3C_20_50-02.txt,61.404,0.100,6.140,0,0.000,0.00,0.000,0.000,0.000
9,ec.gp.GPIndividual@357882674{1315745260},3C_20_50-03.txt,30.993,0.100,3.099,0,0.000,0.00,0.000,0.000,0.000
9,ec.gp.GPIndividual@357882674{1315745260},3C_20_66-01.txt,7.322,0.100,0.732,0,0.000,0.00,0.000,0.000,0.000
9,ec.gp.GPIndividual@357882674{1315745260},3C_20_66-02.txt,154.245,0.100,15.424,0,0.000,0.00,0.000,0.000,0.000
9,ec.gp.GPIndividual@357882674{1315745260},3C_20_66-03.txt,118.340,0.100,11.834,0,0.000,0.00,0.000,0.000,0.000
9,ec.gp.GPIndividual@357882674{1315745260},3C_20_80-01.txt,4.194,0.100,0.419,0,0.000,0.00,0.000,0.000,0.000
9,ec.gp.GPIndividual@357882674{1315745260},3C_20_80-02.txt,35.738,0.100,3.574,0,0.000,0.00,0.000,0.000,0.000
9,ec.gp.GPIndividual@357882674{1315745260},3C_20_80-03.txt,169.439,0.100,16.944,0,0.000,0.00,0.000,0.000,0.000
9,ec.gp.GPIndividual@95358241{2027428539},3C_20_50-02.txt,61.404,0.100,6.140,2,0.781,12.72,0.391,0.391,0.391
9,ec.gp.GPIndividual@95358241{2027428539},3C_20_50-03.txt,30.993,0.100,3.099,4,1.563,50.42,0.391,0.391,0.391
9,ec.gp.GPIndividual@95358241{2027428539},3C_20_50-03.txt,30.993,0.100,3.099,1,0.359,11.60,0.359,0.391,0.359
9,ec.gp.GPIndividual@95358241{2027428539},3C_20_50-03.txt,30.993,0.100,3.099,4,4.828,155.78,1.207,1.250,0.359
9,ec.gp.GPIndividual@95358241{2027428539},3C_20_66-01.txt,7.322,0.100,0.732,0,0.000,0.00,0.000,1.250,0.359
9,ec.gp.GPIndividual@95358241{2027428539},3C_20_50-03.txt,30.993,0.100,3.099,0,0.000,0.00,0.000,1.250,0.359
9,ec.gp.GPIndividual@95358241{2027428539},3C_20_66-01.txt,7.322,0.100,0.732,1,1.391,189.92,1.391,1.391,0.359
9,ec.gp.GPIndividual@95358241{2027428539},3C_20_50-03.txt,30.993,0.100,3.099,2,1.766,56.97,0.883,1.391,0.359
9,ec.gp.GPIndividual@95358241{2027428539},3C_20_66-02.txt,154.245,0.100,15.424,1,0.922,5.98,0.922,1.391,0.359
9,ec.gp.GPIndividual@95358241{2027428539},3C_20_50-03.txt,30.993,0.100,3.099,3,3.734,120.49,1.245,1.469,0.359
9,ec.gp.GPIndividual@95358241{2027428539},3C_20_66-01.txt,7.322,0.100,0.732,3,1.547,211.26,0.516,1.469,0.328
9,ec.gp.GPIndividual@95358241{2027428539},3C_20_66-02.txt,154.245,0.100,15.424,0,0.000,0.00,0.000,1.469,0.328
9,ec.gp.GPIndividual@95358241{2027428539},3C_20_66-01.txt,7.322,0.100,0.732,0,0.000,0.00,0.000,1.469,0.328
9,ec.gp.GPIndividual@95358241{2027428539},3C_20_66-01.txt,7.322,0.100,0.732,2,0.328,44.81,0.164,1.469,0.000
9,ec.gp.GPIndividual@95358241{2027428539},3C_20_66-02.txt,154.245,0.100,15.424,4,4.547,29.48,1.137,2.313,0.000
9,ec.gp.GPIndividual@95358241{2027428539},3C_20_66-03.txt,118.340,0.100,11.834,3,4.734,40.01,1.578,2.313,0.000
9,ec.gp.GPIndividual@95358241{2027428539},3C_20_66-03.txt,118.340,0.100,11.834,2,2.609,22.05,1.305,2.313,0.000
9,ec.gp.GPIndividual@95358241{2027428539},3C_20_66-02.txt,154.245,0.100,15.424,1,1.578,10.23,1.578,2.313,0.000
9,ec.gp.GPIndividual@95358241{2027428539},3C_20_66-03.txt,118.340,0.100,11.834,1,1.625,13.73,1.625,2.313,0.000
9,ec.gp.GPIndividual@95358241{2027428539},3C_20_66-02.txt,154.245,0.100,15.424,1,4.172,27.05,4.172,4.172,0.000
9,ec.gp.GPIndividual@95358241{2027428539},3C_20_66-01.txt,7.322,0.100,0.732,2,0.500,68.29,0.250,4.172,0.000
9,ec.gp.GPIndividual@95358241{2027428539},3C_20_66-02.txt,154.245,0.100,15.424,2,7.359,47.71,3.680,4.891,0.000
9,ec.gp.GPIndividual@95358241{2027428539},3C_20_80-01.txt,4.194,0.100,0.419,1,0.172,40.98,0.172,4.891,0.000
9,ec.gp.GPIndividual@95358241{2027428539},3C_20_80-02.txt,35.738,0.100,3.574,2,5.531,154.77,2.766,4.891,0.000
9,ec.gp.GPIndividual@95358241{2027428539},3C_20_80-01.txt,4.194,0.100,0.419,1,2.266,540.14,2.266,4.891,0.000
9,ec.gp.GPIndividual@95358241{2027428539},3C_20_66-03.txt,118.340,0.100,11.834,4,5.250,44.36,1.313,4.891,0.000
9,ec.gp.GPIndividual@95358241{2027428539},3C_20_66-03.txt,118.340,0.100,11.834,0,0.000,0.00,0.000,4.891,0.000
9,ec.gp.GPIndividual@95358241{2027428539},3C_20_80-03.txt,169.439,0.100,16.944,1,1.219,7.19,1.219,4.891,0.000
9,ec.gp.GPIndividual@95358241{2027428539},3C_20_80-02.txt,35.738,0.100,3.574,1,4.891,136.85,4.891,4.891,0.000
9,ec.gp.GPIndividual@95358241{2027428539},3C_20_80-01.txt,4.194,0.100,0.419,2,0.172,40.98,0.086,4.891,0.000
9,ec.gp.GPIndividual@95358241{2027428539},3C_20_80-02.txt,35.738,0.100,3.574,2,2.422,67.77,1.211,4.891,0.000
9,ec.gp.GPIndividual@95358241{2027428539},3C_20_80-03.txt,169.439,0.100,16.944,1,0.891,5.26,0.891,4.891,0.000
9,ec.gp.GPIndividual@95358241{2027428539},3C_20_66-03.txt,118.340,0.100,11.834,2,1.578,13.34,0.789,4.891,0.000
9,ec.gp.GPIndividual@95358241{2027428539},3C_20_80-03.txt,169.439,0.100,16.944,4,16.266,96.00,4.066,6.016,0.000
9,ec.gp.GPIndividual@936267654{-1982295860},3C_20_50-02.txt,61.404,0.100,6.140,2,5.344,87.03,2.672,4.828,0.516
9,ec.gp.GPIndividual@936267654{-1982295860},3C_20_50-03.txt,30.993,0.100,3.099,1,0.688,22.18,0.688,4.828,0.516
9,ec.gp.GPIndividual@936267654{-1982295860},3C_20_80-01.txt,4.194,0.100,0.419,1,4.828,1151.06,4.828,4.828,0.516
9,ec.gp.GPIndividual@2022215496{1742309287},3C_20_50-02.txt,61.404,0.100,6.140,2,3.000,48.86,1.500,3.000,0.000
9,ec.gp.GPIndividual@2022215496{1742309287},3C_20_80-01.txt,4.194,0.100,0.419,3,0.719,171.36,0.240,3.000,0.000
9,ec.gp.GPIndividual@2022215496{1742309287},3C_20_80-02.txt,35.738,0.100,3.574,0,0.000,0.00,0.000,3.000,0.000
9,ec.gp.GPIndividual@2022215496{1742309287},3C_20_80-02.txt,35.738,0.100,3.574,1,6.125,171.39,6.125,6.125,0.000
9,ec.gp.GPIndividual@186257442{-266979024},3C_20_50-02.txt,61.404,0.100,6.140,2,3.516,57.25,1.758,3.078,0.438
9,ec.gp.GPIndividual@186257442{-266979024},3C_20_80-01.txt,4.194,0.100,0.419,2,0.656,156.46,0.328,3.078,0.266
9,ec.gp.GPIndividual@186257442{-266979024},3C_20_50-03.txt,30.993,0.100,3.099,1,1.328,42.85,1.328,3.078,0.266
9,ec.gp.GPIndividual@186257442{-266979024},3C_20_66-01.txt,7.322,0.100,0.732,1,0.297,40.54,0.297,3.078,0.266
9,ec.gp.GPIndividual@186257442{-266979024},3C_20_66-02.txt,154.245,0.100,15.424,3,4.531,29.38,1.510,3.078,0.266
9,ec.gp.GPIndividual@186257442{-266979024},3C_20_50-03.txt,30.993,0.100,3.099,4,3.375,108.90,0.844,3.078,0.000
9,ec.gp.GPIndividual@186257442{-266979024},3C_20_80-02.txt,35.738,0.100,3.574,2,3.531,98.81,1.766,3.078,0.000
9,ec.gp.GPIndividual@186257442{-266979024},3C_20_66-03.txt,118.340,0.100,11.834,2,0.469,3.96,0.234,3.078,0.000
9,ec.gp.GPIndividual@186257442{-266979024},3C_20_66-01.txt,7.322,0.100,0.732,1,1.813,247.54,1.813,3.078,0.000
9,ec.gp.GPIndividual@186257442{-266979024},3C_20_80-03.txt,169.439,0.100,16.944,3,3.313,19.55,1.104,3.078,0.000
9,ec.gp.GPIndividual@186257442{-266979024},3C_20_66-01.txt,7.322,0.100,0.732,4,2.656,362.77,0.664,3.078,0.000
9,ec.gp.GPIndividual@186257442{-266979024},3C_20_80-03.txt,169.439,0.100,16.944,1,0.266,1.57,0.266,3.078,0.000
9,ec.gp.GPIndividual@186257442{-266979024},3C_20_66-02.txt,154.245,0.100,15.424,6,11.531,74.76,1.922,4.828,0.000
9,ec.gp.GPIndividual@186257442{-266979024},3C_20_80-01.txt,4.194,0.100,0.419,1,0.172,40.98,0.172,4.828,0.000
9,ec.gp.GPIndividual@186257442{-266979024},3C_20_80-02.txt,35.738,0.100,3.574,1,1.547,43.28,1.547,4.828,0.000
9,ec.gp.GPIndividual@186257442{-266979024},3C_20_66-02.txt,154.245,0.100,15.424,1,1.344,8.71,1.344,4.828,0.000
9,ec.gp.GPIndividual@186257442{-266979024},3C_20_66-03.txt,118.340,0.100,11.834,2,1.391,11.75,0.695,4.828,0.000
9,ec.gp.GPIndividual@186257442{-266979024},3C_20_80-03.txt,169.439,0.100,16.944,2,7.047,41.59,3.523,5.500,0.000
9,ec.gp.GPIndividual@186257442{-266979024},3C_20_80-03.txt,169.439,0.100,16.944,5,19.406,114.53,3.881,6.000,0.000
9,ec.gp.GPIndividual@1963735081{1786500353},3C_20_50-02.txt,61.404,0.100,6.140,2,1.984,32.32,0.992,1.641,0.344
9,ec.gp.GPIndividual@1963735081{1786500353},3C_20_50-03.txt,30.993,0.100,3.099,1,1.047,33.78,1.047,1.641,0.344
9,ec.gp.GPIndividual@1963735081{1786500353},3C_20_80-01.txt,4.194,0.100,0.419,3,0.500,119.20,0.167,1.641,0.000
9,ec.gp.GPIndividual@1963735081{1786500353},3C_20_80-02.txt,35.738,0.100,3.574,2,4.500,125.92,2.250,4.500,0.000
9,ec.gp.GPIndividual@1282369708{1657484549},3C_20_50-02.txt,61.404,0.100,6.140,0,0.000,0.00,0.000,0.000,0.000
9,ec.gp.GPIndividual@1282369708{1657484549},3C_20_50-03.txt,30.993,0.100,3.099,0,0.000,0.00,0.000,0.000,0.000
9,ec.gp.GPIndividual@1282369708{1657484549},3C_20_66-01.txt,7.322,0.100,0.732,0,0.000,0.00,0.000,0.000,0.000
9,ec.gp.GPIndividual@1282369708{1657484549},3C_20_66-02.txt,154.245,0.100,15.424,0,0.000,0.00,0.000,0.000,0.000
9,ec.gp.GPIndividual@1282369708{1657484549},3C_20_66-03.txt,118.340,0.100,11.834,0,0.000,0.00,0.000,0.000,0.000
9,ec.gp.GPIndividual@1282369708{1657484549},3C_20_80-01.txt,4.194,0.100,0.419,0,0.000,0.00,0.000,0.000,0.000
9,ec.gp.GPIndividual@1282369708{1657484549},3C_20_80-02.txt,35.738,0.100,3.574,0,0.000,0.00,0.000,0.000,0.000
9,ec.gp.GPIndividual@1282369708{1657484549},3C_20_80-03.txt,169.439,0.100,16.944,0,0.000,0.00,0.000,0.000,0.000
9,ec.gp.GPIndividual@799833409{1801589874},3C_20_50-02.txt,61.404,0.100,6.140,0,0.000,0.00,0.000,0.000,0.000
9,ec.gp.GPIndividual@799833409{1801589874},3C_20_50-03.txt,30.993,0.100,3.099,0,0.000,0.00,0.000,0.000,0.000
9,ec.gp.GPIndividual@799833409{1801589874},3C_20_66-01.txt,7.322,0.100,0.732,0,0.000,0.00,0.000,0.000,0.000
9,ec.gp.GPIndividual@799833409{1801589874},3C_20_66-02.txt,154.245,0.100,15.424,0,0.000,0.00,0.000,0.000,0.000
9,ec.gp.GPIndividual@799833409{1801589874},3C_20_66-03.txt,118.340,0.100,11.834,0,0.000,0.00,0.000,0.000,0.000
9,ec.gp.GPIndividual@799833409{1801589874},3C_20_80-01.txt,4.194,0.100,0.419,0,0.000,0.00,0.000,0.000,0.000
9,ec.gp.GPIndividual@799833409{1801589874},3C_20_80-02.txt,35.738,0.100,3.574,0,0.000,0.00,0.000,0.000,0.000
9,ec.gp.GPIndividual@799833409{1801589874},3C_20_80-03.txt,169.439,0.100,16.944,0,0.000,0.00,0.000,0.000,0.000
9,ec.gp.GPIndividual@463403212{2342634},3C_20_50-02.txt,61.404,0.100,6.140,2,6.375,103.82,3.188,6.094,0.281
9,ec.gp.GPIndividual@1561489849{-2032749901},3C_20_50-02.txt,61.404,0.100,6.140,0,0.000,0.00,0.000,0.000,0.000
9,ec.gp.GPIndividual@1561489849{-2032749901},3C_20_50-03.txt,30.993,0.100,3.099,0,0.000,0.00,0.000,0.000,0.000
9,ec.gp.GPIndividual@1561489849{-2032749901},3C_20_66-01.txt,7.322,0.100,0.732,0,0.000,0.00,0.000,0.000,0.000
9,ec.gp.GPIndividual@1561489849{-2032749901},3C_20_66-02.txt,154.245,0.100,15.424,0,0.000,0.00,0.000,0.000,0.000
9,ec.gp.GPIndividual@1561489849{-2032749901},3C_20_66-03.txt,118.340,0.100,11.834,0,0.000,0.00,0.000,0.000,0.000
9,ec.gp.GPIndividual@1561489849{-2032749901},3C_20_80-01.txt,4.194,0.100,0.419,0,0.000,0.00,0.000,0.000,0.000
9,ec.gp.GPIndividual@1561489849{-2032749901},3C_20_80-02.txt,35.738,0.100,3.574,0,0.000,0.00,0.000,0.000,0.000
9,ec.gp.GPIndividual@1561489849{-2032749901},3C_20_80-03.txt,169.439,0.100,16.944,0,0.000,0.00,0.000,0.000,0.000
9,ec.gp.GPIndividual@1908500836{-1957154251},3C_20_50-02.txt,61.404,0.100,6.140,2,2.094,34.10,1.047,1.641,0.453
9,ec.gp.GPIndividual@1908500836{-1957154251},3C_20_66-03.txt,118.340,0.100,11.834,1,1.297,10.96,1.297,1.641,0.453
9,ec.gp.GPIndividual@1908500836{-1957154251},3C_20_66-01.txt,7.322,0.100,0.732,1,0.484,66.15,0.484,1.641,0.453
9,ec.gp.GPIndividual@1908500836{-1957154251},3C_20_50-03.txt,30.993,0.100,3.099,1,5.938,191.58,5.938,5.938,0.453
9,ec.gp.GPIndividual@1135083993{-1893733386},3C_20_50-02.txt,61.404,0.100,6.140,1,0.438,7.12,0.438,0.438,0.438
9,ec.gp.GPIndividual@1135083993{-1893733386},3C_20_66-02.txt,154.245,0.100,15.424,5,5.703,36.97,1.141,1.813,0.438
9,ec.gp.GPIndividual@1135083993{-1893733386},3C_20_50-03.txt,30.993,0.100,3.099,1,1.563,50.42,1.563,1.813,0.438
9,ec.gp.GPIndividual@1135083993{-1893733386},3C_20_50-03.txt,30.993,0.100,3.099,1,2.219,71.59,2.219,2.219,0.438
9,ec.gp.GPIndividual@1135083993{-1893733386},3C_20_66-03.txt,118.340,0.100,11.834,1,2.063,17.43,2.063,2.219,0.438
9,ec.gp.GPIndividual@1135083993{-1893733386},3C_20_80-03.txt,169.439,0.100,16.944,5,11.906,70.27,2.381,4.828,0.000
9,ec.gp.GPIndividual@1135083993{-1893733386},3C_20_66-01.txt,7.322,0.100,0.732,2,0.531,72.55,0.266,4.828,0.000
9,ec.gp.GPIndividual@1135083993{-1893733386},3C_20_66-02.txt,154.245,0.100,15.424,1,4.328,28.06,4.328,4.828,0.000
9,ec.gp.GPIndividual@1135083993{-1893733386},3C_20_80-01.txt,4.194,0.100,0.419,1,0.172,40.98,0.172,4.828,0.000
9,ec.gp.GPIndividual@1135083993{-1893733386},3C_20_80-02.txt,35.738,0.100,3.574,1,4.344,121.54,4.344,4.828,0.000
9,ec.gp.GPIndividual@1135083993{-1893733386},3C_20_66-01.txt,7.322,0.100,0.732,2,1.594,217.66,0.797,4.828,0.000
9,ec.gp.GPIndividual@1135083993{-1893733386},3C_20_80-03.txt,169.439,0.100,16.944,4,13.281,78.38,3.320,5.875,0.000
9,ec.gp.GPIndividual@1135083993{-1893733386},3C_20_66-03.txt,118.340,0.100,11.834,3,7.984,67.47,2.661,5.875,0.000
9,ec.gp.GPIndividual@372613394{-1404968145},3C_20_50-02.txt,61.404,0.100,6.140,2,1.609,26.21,0.805,1.266,0.344
9,ec.gp.GPIndividual@372613394{-1404968145},3C_20_66-02.txt,154.245,0.100,15.424,2,3.125,20.26,1.563,3.125,0.000
9,ec.gp.GPIndividual@372613394{-1404968145},3C_20_80-01.txt,4.194,0.100,0.419,2,0.672,160.18,0.336,3.125,0.000
9,ec.gp.GPIndividual@372613394{-1404968145},3C_20_50-03.txt,30.993,0.100,3.099,2,4.375,141.16,2.188,4.203,0.000
9,ec.gp.GPIndividual@372613394{-1404968145},3C_20_80-01.txt,4.194,0.100,0.419,2,0.344,81.95,0.172,4.203,0.000
9,ec.gp.GPIndividual@372613394{-1404968145},3C_20_80-02.txt,35.738,0.100,3.574,2,6.203,173.57,3.102,4.953,0.000
9,ec.gp.GPIndividual@372613394{-1404968145},3C_20_66-01.txt,7.322,0.100,0.732,1,1.219,166.45,1.219,4.953,0.000
9,ec.gp.GPIndividual@372613394{-1404968145},3C_20_80-02.txt,35.738,0.100,3.574,1,5.391,150.84,5.391,5.391,0.000
9,ec.gp.GPIndividual@1230293173{-1478504410},3C_20_50-02.txt,61.404,0.100,6.140,2,0.297,4.83,0.148,0.297,0.000
9,ec.gp.GPIndividual@1230293173{-1478504410},3C_20_66-02.txt,154.245,0.100,15.424,3,3.766,24.41,1.255,2.297,0.000
9,ec.gp.GPIndividual@1230293173{-1478504410},3C_20_80-03.txt,169.439,0.100,16.944,1,1.078,6.36,1.078,2.297,0.000
9,ec.gp.GPIndividual@1230293173{-1478504410},3C_20_66-01.txt,7.322,0.100,0.732,3,2.109,288.08,0.703,2.297,0.000
9,ec.gp.GPIndividual@1230293173{-1478504410},3C_20_66-02.txt,154.245,0.100,15.424,2,3.047,19.75,1.523,2.297,0.000
9,ec.gp.GPIndividual@1230293173{-1478504410},3C_20_50-03.txt,30.993,0.100,3.099,4,2.844,91.76,0.711,2.313,0.000
9,ec.gp.GPIndividual@1230293173{-1478504410},3C_20_66-03.txt,118.340,0.100,11.834,6,9.813,82.92,1.635,2.313,0.000
9,ec.gp.GPIndividual@1230293173{-1478504410},3C_20_66-03.txt,118.340,0.100,11.834,3,8.219,69.45,2.740,5.219,0.000
9,ec.gp.GPIndividual@1230293173{-1478504410},3C_20_80-03.txt,169.439,0.100,16.944,1,2.797,16.51,2.797,5.219,0.000
9,ec.gp.GPIndividual@1230293173{-1478504410},3C_20_66-01.txt,7.322,0.100,0.732,1,1.359,185.65,1.359,5.219,0.000
9,ec.gp.GPIndividual@1230293173{-1478504410},3C_20_66-03.txt,118.340,0.100,11.834,3,7.172,60.60,2.391,5.219,0.000
9,ec.gp.GPIndividual@181812816{2102020968},3C_20_50-02.txt,61.404,0.100,6.140,4,7.703,125.45,1.926,4.859,0.516
9,ec.gp.GPIndividual@181812816{2102020968},3C_20_50-03.txt,30.993,0.100,3.099,0,0.000,0.00,0.000,4.859,0.516
9,ec.gp.GPIndividual@181812816{2102020968},3C_20_80-01.txt,4.194,0.100,0.419,1,1.438,342.71,1.438,4.859,0.516
9,ec.gp.GPIndividual@181812816{2102020968},3C_20_66-02.txt,154.245,0.100,15.424,6,16.828,109.10,2.805,6.203,0.313
9,ec.gp.GPIndividual@1632692467{-2055366277},3C_20_50-02.txt,61.404,0.100,6.140,4,6.500,105.86,1.625,2.609,0.375
9,ec.gp.GPIndividual@1632692467{-2055366277},3C_20_66-01.txt,7.322,0.100,0.732,2,1.047,142.97,0.523,2.609,0.344
9,ec.gp.GPIndividual@1632692467{-2055366277},3C_20_80-02.txt,35.738,0.100,3.574,1,1.391,38.91,1.391,2.609,0.344
9,ec.gp.GPIndividual@1632692467{-2055366277},3C_20_50-03.txt,30.993,0.100,3.099,2,4.406,142.17,2.203,3.016,0.344
9,ec.gp.GPIndividual@1632692467{-2055366277},3C_20_80-01.txt,4.194,0.100,0.419,4,1.594,379.96,0.398,3.016,0.172
9,ec.gp.GPIndividual@1632692467{-2055366277},3C_20_66-03.txt,118.340,0.100,11.834,0,0.000,0.00,0.000,3.016,0.172
9,ec.gp.GPIndividual@1632692467{-2055366277},3C_20_80-02.txt,35.738,0.100,3.574,0,0.000,0.00,0.000,3.016,0.172
9,ec.gp.GPIndividual@1632692467{-2055366277},3C_20_66-02.txt,154.245,0.100,15.424,8,16.188,104.95,2.023,4.422,0.172
9,ec.gp.GPIndividual@1632692467{-2055366277},3C_20_80-03.txt,169.439,0.100,16.944,1,0.531,3.14,0.531,4.422,0.172
9,ec.gp.GPIndividual@1632692467{-2055366277},3C_20_80-03.txt,169.439,0.100,16.944,6,16.234,95.81,2.706,4.906,0.172
9,ec.gp.GPIndividual@1632692467{-2055366277},3C_20_66-03.txt,118.340,0.100,11.834,1,1.078,9.11,1.078,4.906,0.172
9,ec.gp.GPIndividual@1632692467{-2055366277},3C_20_80-01.txt,4.194,0.100,0.419,2,0.344,81.95,0.172,4.906,0.172
9,ec.gp.GPIndividual@1632692467{-2055366277},3C_20_80-02.txt,35.738,0.100,3.574,2,3.156,88.32,1.578,4.906,0.000
9,ec.gp.GPIndividual@1632692467{-2055366277},3C_20_80-01.txt,4.194,0.100,0.419,2,0.344,81.95,0.172,4.906,0.000
9,ec.gp.GPIndividual@1632692467{-2055366277},3C_20_80-02.txt,35.738,0.100,3.574,1,4.328,121.11,4.328,4.906,0.000
9,ec.gp.GPIndividual@1632692467{-2055366277},3C_20_66-01.txt,7.322,0.100,0.732,3,0.688,93.89,0.229,4.906,0.000
9,ec.gp.GPIndividual@1632692467{-2055366277},3C_20_66-02.txt,154.245,0.100,15.424,6,15.188,98.46,2.531,5.891,0.000
9,ec.gp.GPIndividual@372273776{1435706926},3C_20_50-02.txt,61.404,0.100,6.140,4,5.625,91.61,1.406,4.797,0.000
9,ec.gp.GPIndividual@372273776{1435706926},3C_20_50-03.txt,30.993,0.100,3.099,3,4.672,150.74,1.557,4.797,0.000
9,ec.gp.GPIndividual@372273776{1435706926},3C_20_66-03.txt,118.340,0.100,11.834,2,2.250,19.01,1.125,4.797,0.000
9,ec.gp.GPIndividual@372273776{1435706926},3C_20_80-03.txt,169.439,0.100,16.944,2,0.375,2.21,0.188,4.797,0.000
9,ec.gp.GPIndividual@372273776{1435706926},3C_20_80-01.txt,4.194,0.100,0.419,2,1.656,394.86,0.828,4.797,0.000
9,ec.gp.GPIndividual@372273776{1435706926},3C_20_66-01.txt,7.322,0.100,0.732,1,1.141,155.78,1.141,4.797,0.000
9,ec.gp.GPIndividual@372273776{1435706926},3C_20_80-03.txt,169.439,0.100,16.944,8,14.703,86.78,1.838,4.797,0.000
9,ec.gp.GPIndividual@372273776{1435706926},3C_20_80-02.txt,35.738,0.100,3.574,1,1.594,44.60,1.594,4.797,0.000
9,ec.gp.GPIndividual@372273776{1435706926},3C_20_66-02.txt,154.245,0.100,15.424,5,20.563,133.31,4.113,5.938,0.000
9,ec.gp.GPIndividual@1023319773{-1660908540},3C_20_50-02.txt,61.404,0.100,6.140,2,1.531,24.94,0.766,1.031,0.500
9,ec.gp.GPIndividual@1568325386{1341655495},3C_20_50-02.txt,61.404,0.100,6.140,1,0.266,4.33,0.266,0.266,0.266
9,ec.gp.GPIndividual@1568325386{1341655495},3C_20_66-02.txt,154.245,0.100,15.424,1,0.297,1.92,0.297,0.297,0.266
9,ec.gp.GPIndividual@1568325386{1341655495},3C_20_50-03.txt,30.993,0.100,3.099,1,5.156,166.37,5.156,5.156,0.266
9,ec.gp.GPIndividual@1022742355{234385231},3C_20_50-02.txt,61.404,0.100,6.140,2,1.641,26.72,0.820,1.344,0.297
9,ec.gp.GPIndividual@1022742355{234385231},3C_20_66-01.txt,7.322,0.100,0.732,1,1.797,245.40,1.797,1.797,0.297
9,ec.gp.GPIndividual@1022742355{234385231},3C_20_66-03.txt,118.340,0.100,11.834,2,1.750,14.79,0.875,1.797,0.297
9,ec.gp.GPIndividual@1022742355{234385231},3C_20_50-03.txt,30.993,0.100,3.099,1,3.938,127.05,3.938,3.938,0.297
9,ec.gp.GPIndividual@1605373131{1097093738},3C_20_50-02.txt,61.404,0.100,6.140,0,0.000,0.00,0.000,0.000,0.000
9,ec.gp.GPIndividual@1605373131{1097093738},3C_20_66-02.txt,154.245,0.100,15.424,3,1.641,10.64,0.547,1.250,0.000
9,ec.gp.GPIndividual@1605373131{1097093738},3C_20_66-01.txt,7.322,0.100,0.732,2,0.297,40.54,0.148,1.250,0.000
9,ec.gp.GPIndividual@1605373131{1097093738},3C_20_66-02.txt,154.245,0.100,15.424,2,6.109,39.61,3.055,4.625,0.000
9,ec.gp.GPIndividual@1605373131{1097093738},3C_20_50-03.txt,30.993,0.100,3.099,1,1.891,61.00,1.891,4.625,0.000
9,ec.gp.GPIndividual@1605373131{1097093738},3C_20_66-03.txt,118.340,0.100,11.834,3,2.625,22.18,0.875,4.625,0.000
9,ec.gp.GPIndividual@1605373131{1097093738},3C_20_66-01.txt,7.322,0.100,0.732,1,4.266,582.56,4.266,4.625,0.000
9,ec.gp.GPIndividual@1605373131{1097093738},3C_20_80-01.txt,4.194,0.100,0.419,1,0.422,100.58,0.422,4.625,0.000
9,ec.gp.GPIndividual@1605373131{1097093738},3C_20_66-02.txt,154.245,0.100,15.424,2,1.609,10.43,0.805,4.625,0.000
9,ec.gp.GPIndividual@1605373131{1097093738},3C_20_66-03.txt,118.340,0.100,11.834,4,7.453,62.98,1.863,4.625,0.000
9,ec.gp.GPIndividual@1605373131{1097093738},3C_20_80-02.txt,35.738,0.100,3.574,2,5.719,160.02,2.859,4.688,0.000
9,ec.gp.GPIndividual@1605373131{1097093738},3C_20_80-01.txt,4.194,0.100,0.419,2,1.719,409.76,0.859,4.688,0.000
9,ec.gp.GPIndividual@1605373131{1097093738},3C_20_80-03.txt,169.439,0.100,16.944,2,1.078,6.36,0.539,4.688,0.000
9,ec.gp.GPIndividual@1605373131{1097093738},3C_20_66-03.txt,118.340,0.100,11.834,0,0.000,0.00,0.000,4.688,0.000
9,ec.gp.GPIndividual@1605373131{1097093738},3C_20_80-02.txt,35.738,0.100,3.574,1,3.422,95.75,3.422,4.688,0.000
9,ec.gp.GPIndividual@1605373131{1097093738},3C_20_80-01.txt,4.194,0.100,0.419,2,4.891,1165.97,2.445,4.688,0.000
9,ec.gp.GPIndividual@1605373131{1097093738},3C_20_80-01.txt,4.194,0.100,0.419,2,0.125,29.80,0.063,4.688,0.000
9,ec.gp.GPIndividual@1605373131{1097093738},3C_20_80-02.txt,35.738,0.100,3.574,2,0.266,7.43,0.133,4.688,0.000
9,ec.gp.GPIndividual@1605373131{1097093738},3C_20_80-02.txt,35.738,0.100,3.574,1,1.438,40.22,1.438,4.688,0.000
9,ec.gp.GPIndividual@1605373131{1097093738},3C_20_80-03.txt,169.439,0.100,16.944,4,4.891,28.86,1.223,4.688,0.000
9,ec.gp.GPIndividual@1605373131{1097093738},3C_20_80-03.txt,169.439,0.100,16.944,4,11.453,67.59,2.863,4.703,0.000
9,ec.gp.GPIndividual@1605373131{1097093738},3C_20_80-03.txt,169.439,0.100,16.944,1,4.484,26.47,4.484,4.703,0.000
9,ec.gp.GPIndividual@330007205{-1217330453},3C_20_50-02.txt,61.404,0.100,6.140,2,0.594,9.67,0.297,0.297,0.297
9,ec.gp.GPIndividual@330007205{-1217330453},3C_20_50-03.txt,30.993,0.100,3.099,2,2.828,91.25,1.414,2.531,0.297
9,ec.gp.GPIndividual@330007205{-1217330453},3C_20_80-01.txt,4.194,0.100,0.419,2,0.281,67.05,0.141,2.531,0.000
9,ec.gp.GPIndividual@330007205{-1217330453},3C_20_80-02.txt,35.738,0.100,3.574,1,4.453,124.60,4.453,4.453,0.000
9,ec.gp.GPIndividual@992033008{-1938868622},3C_20_50-02.txt,61.404,0.100,6.140,2,1.625,26.46,0.813,1.344,0.281
9,ec.gp.GPIndividual@992033008{-1938868622},3C_20_50-03.txt,30.993,0.100,3.099,1,5.063,163.35,5.063,5.063,0.281
9,ec.gp.GPIndividual@750311393{-1271732187},3C_20_50-02.txt,61.404,0.100,6.140,2,0.000,0.00,0.000,0.000,0.000
9,ec.gp.GPIndividual@750311393{-1271732187},3C_20_50-03.txt,30.993,0.100,3.099,2,0.000,0.00,0.000,0.000,0.000
9,ec.gp.GPIndividual@750311393{-1271732187},3C_20_66-01.txt,7.322,0.100,0.732,2,0.000,0.00,0.000,0.000,0.000
9,ec.gp.GPIndividual@750311393{-1271732187},3C_20_66-02.txt,154.245,0.100,15.424,2,0.000,0.00,0.000,0.000,0.000
9,ec.gp.GPIndividual@750311393{-1271732187},3C_20_66-03.txt,118.340,0.100,11.834,2,0.000,0.00,0.000,0.000,0.000
9,ec.gp.GPIndividual@750311393{-1271732187},3C_20_80-01.txt,4.194,0.100,0.419,2,0.000,0.00,0.000,0.000,0.000
9,ec.gp.GPIndividual@750311393{-1271732187},3C_20_80-02.txt,35.738,0.100,3.574,2,0.000,0.00,0.000,0.000,0.000
9,ec.gp.GPIndividual@750311393{-1271732187},3C_20_80-03.txt,169.439,0.100,16.944,2,0.000,0.00,0.000,0.000,0.000
9,ec.gp.GPIndividual@1484594914{1353286031},3C_20_50-02.txt,61.404,0.100,6.140,2,2.172,35.37,1.086,1.938,0.234
9,ec.gp.GPIndividual@1484594914{1353286031},3C_20_80-01.txt,4.194,0.100,0.419,1,1.078,257.03,1.078,1.938,0.234
9,ec.gp.GPIndividual@1484594914{1353286031},3C_20_50-03.txt,30.993,0.100,3.099,1,0.203,6.55,0.203,1.938,0.203
9,ec.gp.GPIndividual@1484594914{1353286031},3C_20_80-02.txt,35.738,0.100,3.574,3,3.656,102.31,1.219,3.438,0.109
9,ec.gp.GPIndividual@1484594914{1353286031},3C_20_80-01.txt,4.194,0.100,0.419,2,3.656,871.68,1.828,3.438,0.109
9,ec.gp.GPIndividual@579589145{1764499599},3C_20_50-02.txt,61.404,0.100,6.140,1,0.094,1.53,0.094,0.094,0.094
9,ec.gp.GPIndividual@579589145{1764499599},3C_20_80-02.txt,35.738,0.100,3.574,6,4.609,128.98,0.768,1.328,0.094
9,ec.gp.GPIndividual@579589145{1764499599},3C_20_80-03.txt,169.439,0.100,16.944,2,1.672,9.87,0.836,1.328,0.094
9,ec.gp.GPIndividual@579589145{1764499599},3C_20_80-03.txt,169.439,0.100,16.944,2,1.500,8.85,0.750,1.391,0.094
9,ec.gp.GPIndividual@579589145{1764499599},3C_20_50-03.txt,30.993,0.100,3.099,2,3.859,124.53,1.930,2.531,0.094
9,ec.gp.GPIndividual@579589145{1764499599},3C_20_66-01.txt,7.322,0.100,0.732,3,0.734,100.29,0.245,2.531,0.094
9,ec.gp.GPIndividual@579589145{1764499599},3C_20_66-02.txt,154.245,0.100,15.424,2,0.219,1.42,0.109,2.531,0.000
9,ec.gp.GPIndividual@579589145{1764499599},3C_20_66-01.txt,7.322,0.100,0.732,1,3.375,460.93,3.375,3.375,0.000
9,ec.gp.GPIndividual@1767592957{-575495896},3C_20_50-02.txt,61.404,0.100,6.140,4,4.125,67.18,1.031,3.375,0.188
9,ec.gp.GPIndividual@1767592957{-575495896},3C_20_50-03.txt,30.993,0.100,3.099,2,1.828,58.99,0.914,3.375,0.188
9,ec.gp.GPIndividual@796431053{-1914795641},3C_20_50-02.txt,61.404,0.100,6.140,7,6.266,102.04,0.895,1.375,0.313
9,ec.gp.GPIndividual@796431053{-1914795641},3C_20_50-03.txt,30.993,0.100,3.099,0,0.000,0.00,0.000,1.375,0.313
9,ec.gp.GPIndividual@796431053{-1914795641},3C_20_66-02.txt,154.245,0.100,15.424,2,1.688,10.94,0.844,1.375,0.313
9,ec.gp.GPIndividual@796431053{-1914795641},3C_20_66-01.txt,7.322,0.100,0.732,2,1.141,155.78,0.570,1.375,0.313
9,ec.gp.GPIndividual@796431053{-1914795641},3C_20_66-03.txt,118.340,0.100,11.834,1,0.219,1.85,0.219,1.375,0.219
9,ec.gp.GPIndividual@796431053{-1914795641},3C_20_66-02.txt,154.245,0.100,15.424,7,8.656,56.12,1.237,2.313,0.219
9,ec.gp.GPIndividual@796431053{-1914795641},3C_20_66-03.txt,118.340,0.100,11.834,1,0.875,7.39,0.875,2.313,0.219
9,ec.gp.GPIndividual@796431053{-1914795641},3C_20_66-03.txt,118.340,0.100,11.834,3,9.500,80.28,3.167,4.203,0.219
9,ec.gp.GPIndividual@796431053{-1914795641},3C_20_66-01.txt,7.322,0.100,0.732,2,0.344,46.95,0.172,4.203,0.000
9,ec.gp.GPIndividual@796431053{-1914795641},3C_20_66-02.txt,154.245,0.100,15.424,6,13.500,87.52,2.250,4.203,0.000
9,ec.gp.GPIndividual@796431053{-1914795641},3C_20_80-01.txt,4.194,0.100,0.419,4,2.641,629.55,0.660,4.203,0.000
9,ec.gp.GPIndividual@796431053{-1914795641},3C_20_80-01.txt,4.194,0.100,0.419,1,0.750,178.81,0.750,4.203,0.000
9,ec.gp.GPIndividual@796431053{-1914795641},3C_20_66-03.txt,118.340,0.100,11.834,5,3.750,31.69,0.750,4.203,0.000
9,ec.gp.GPIndividual@796431053{-1914795641},3C_20_80-01.txt,4.194,0.100,0.419,3,0.453,108.03,0.151,4.203,0.000
9,ec.gp.GPIndividual@796431053{-1914795641},3C_20_80-02.txt,35.738,0.100,3.574,2,0.688,19.24,0.344,4.203,0.000
9,ec.gp.GPIndividual@796431053{-1914795641},3C_20_80-02.txt,35.738,0.100,3.574,1,0.875,24.48,0.875,4.203,0.000
9,ec.gp.GPIndividual@796431053{-1914795641},3C_20_80-02.txt,35.738,0.100,3.574,3,3.641,101.87,1.214,4.203,0.000
9,ec.gp.GPIndividual@796431053{-1914795641},3C_20_80-03.txt,169.439,0.100,16.944,1,0.547,3.23,0.547,4.203,0.000
9,ec.gp.GPIndividual@796431053{-1914795641},3C_20_80-03.txt,169.439,0.100,16.944,4,5.688,33.57,1.422,4.203,0.000
9,ec.gp.GPIndividual@796431053{-1914795641},3C_20_80-03.txt,169.439,0.100,16.944,6,16.250,95.90,2.708,4.203,0.000
9,ec.gp.GPIndividual@1689462890{539851606},3C_20_50-02.txt,61.404,0.100,6.140,3,2.609,42.49,0.870,1.641,0.156
9,ec.gp.GPIndividual@1689462890{539851606},3C_20_50-03.txt,30.993,0.100,3.099,1,6.000,193.59,6.000,6.000,0.156
9,ec.gp.GPIndividual@1689462890{539851606},3C_20_80-01.txt,4.194,0.100,0.419,2,0.188,44.70,0.094,6.000,0.000
9,ec.gp.GPIndividual@1689462890{539851606},3C_20_80-02.txt,35.738,0.100,3.574,3,3.125,87.44,1.042,6.000,0.000
9,ec.gp.GPIndividual@1689462890{539851606},3C_20_66-01.txt,7.322,0.100,0.732,1,0.875,119.50,0.875,6.000,0.000
9,ec.gp.GPIndividual@1689462890{539851606},3C_20_80-03.txt,169.439,0.100,16.944,2,0.328,1.94,0.164,6.000,0.000
9,ec.gp.GPIndividual@1689462890{539851606},3C_20_66-02.txt,154.245,0.100,15.424,1,0.750,4.86,0.750,6.000,0.000
9,ec.gp.GPIndividual@2043366250{1774809097},3C_20_50-02.txt,61.404,0.100,6.140,3,1.859,30.28,0.620,0.969,0.172
9,ec.gp.GPIndividual@2043366250{1774809097},3C_20_50-03.txt,30.993,0.100,3.099,3,3.625,116.96,1.208,2.375,0.172
9,ec.gp.GPIndividual@1082582775{300038034},3C_20_50-02.txt,61.404,0.100,6.140,3,2.156,35.12,0.719,1.328,0.172
9,ec.gp.GPIndividual@1082582775{300038034},3C_20_66-03.txt,118.340,0.100,11.834,2,2.484,20.99,1.242,1.719,0.172
9,ec.gp.GPIndividual@1082582775{300038034},3C_20_66-01.txt,7.322,0.100,0.732,1,1.078,147.24,1.078,1.719,0.172
9,ec.gp.GPIndividual@1082582775{300038034},3C_20_50-03.txt,30.993,0.100,3.099,4,3.094,99.82,0.773,2.641,0.000
9,ec.gp.GPIndividual@1082582775{300038034},3C_20_80-01.txt,4.194,0.100,0.419,2,1.734,413.49,0.867,2.641,0.000
9,ec.gp.GPIndividual@1082582775{300038034},3C_20_66-01.txt,7.322,0.100,0.732,2,0.172,23.47,0.086,2.641,0.000
9,ec.gp.GPIndividual@1082582775{300038034},3C_20_80-02.txt,35.738,0.100,3.574,1,0.313,8.74,0.313,2.641,0.000
9,ec.gp.GPIndividual@1082582775{300038034},3C_20_66-02.txt,154.245,0.100,15.424,8,4.828,31.30,0.604,2.641,0.000
9,ec.gp.GPIndividual@1082582775{300038034},3C_20_80-03.txt,169.439,0.100,16.944,2,1.188,7.01,0.594,2.641,0.000
9,ec.gp.GPIndividual@1082582775{300038034},3C_20_66-03.txt,118.340,0.100,11.834,1,0.516,4.36,0.516,2.641,0.000
9,ec.gp.GPIndividual@1082582775{300038034},3C_20_66-02.txt,154.245,0.100,15.424,7,8.969,58.15,1.281,2.719,0.000
9,ec.gp.GPIndividual@1082582775{300038034},3C_20_66-03.txt,118.340,0.100,11.834,2,6.188,52.29,3.094,4.750,0.000
10,ec.gp.GPIndividual@1385899747{-1942992191},3C_20_50-02.txt,61.404,0.100,6.140,2,0.813,13.23,0.406,0.406,0.406
10,ec.gp.GPIndividual@1385899747{-1942992191},3C_20_50-03.txt,30.993,0.100,3.099,4,1.625,52.43,0.406,0.406,0.406
10,ec.gp.GPIndividual@1385899747{-1942992191},3C_20_50-03.txt,30.993,0.100,3.099,1,0.250,8.07,0.250,0.406,0.250
10,ec.gp.GPIndividual@1385899747{-1942992191},3C_20_50-03.txt,30.993,0.100,3.099,1,0.406,13.11,0.406,0.406,0.250
10,ec.gp.GPIndividual@1385899747{-1942992191},3C_20_50-03.txt,30.993,0.100,3.099,1,0.406,13.11,0.406,0.406,0.250
10,ec.gp.GPIndividual@1385899747{-1942992191},3C_20_50-03.txt,30.993,0.100,3.099,3,3.750,121.00,1.250,1.250,0.250
10,ec.gp.GPIndividual@1385899747{-1942992191},3C_20_50-03.txt,30.993,0.100,3.099,5,4.953,159.82,0.991,1.297,0.250
10,ec.gp.GPIndividual@1385899747{-1942992191},3C_20_66-01.txt,7.322,0.100,0.732,0,0.000,0.00,0.000,1.297,0.250
10,ec.gp.GPIndividual@1385899747{-1942992191},3C_20_66-01.txt,7.322,0.100,0.732,2,1.109,151.51,0.555,1.297,0.250
10,ec.gp.GPIndividual@1385899747{-1942992191},3C_20_66-01.txt,7.322,0.100,0.732,2,0.578,78.96,0.289,1.297,0.250
10,ec.gp.GPIndividual@1385899747{-1942992191},3C_20_66-02.txt,154.245,0.100,15.424,1,0.266,1.72,0.266,1.297,0.250
10,ec.gp.GPIndividual@1385899747{-1942992191},3C_20_66-02.txt,154.245,0.100,15.424,1,1.344,8.71,1.344,1.344,0.250
10,ec.gp.GPIndividual@1385899747{-1942992191},3C_20_66-01.txt,7.322,0.100,0.732,2,1.703,232.60,0.852,1.344,0.250
10,ec.gp.GPIndividual@1385899747{-1942992191},3C_20_66-02.txt,154.245,0.100,15.424,2,1.469,9.52,0.734,1.344,0.250
10,ec.gp.GPIndividual@1385899747{-1942992191},3C_20_66-02.txt,154.245,0.100,15.424,1,2.563,16.61,2.563,2.563,0.250
10,ec.gp.GPIndividual@1385899747{-1942992191},3C_20_66-03.txt,118.340,0.100,11.834,3,6.484,54.79,2.161,2.563,0.250
10,ec.gp.GPIndividual@1385899747{-1942992191},3C_20_66-03.txt,118.340,0.100,11.834,2,4.344,36.71,2.172,2.719,0.250
10,ec.gp.GPIndividual@1385899747{-1942992191},3C_20_66-03.txt,118.340,0.100,11.834,0,0.000,0.00,0.000,2.719,0.250
10,ec.gp.GPIndividual@1385899747{-1942992191},3C_20_66-03.txt,118.340,0.100,11.834,1,4.094,34.59,4.094,4.094,0.250
10,ec.gp.GPIndividual@1385899747{-1942992191},3C_20_66-01.txt,7.322,0.100,0.732,1,4.313,588.96,4.313,4.313,0.250
10,ec.gp.GPIndividual@1385899747{-1942992191},3C_20_66-01.txt,7.322,0.100,0.732,2,0.781,106.70,0.391,4.313,0.250
10,ec.gp.GPIndividual@1385899747{-1942992191},3C_20_66-02.txt,154.245,0.100,15.424,4,9.531,61.79,2.383,4.313,0.250
10,ec.gp.GPIndividual@1385899747{-1942992191},3C_20_66-02.txt,154.245,0.100,15.424,5,15.500,100.49,3.100,4.859,0.172
10,ec.gp.GPIndividual@1385899747{-1942992191},3C_20_66-03.txt,118.340,0.100,11.834,1,0.688,5.81,0.688,4.859,0.172
10,ec.gp.GPIndividual@1385899747{-1942992191},3C_20_80-01.txt,4.194,0.100,0.419,2,0.344,81.95,0.172,4.859,0.156
10,ec.gp.GPIndividual@1385899747{-1942992191},3C_20_80-02.txt,35.738,0.100,3.574,2,7.219,201.99,3.609,4.859,0.156
10,ec.gp.GPIndividual@1385899747{-1942992191},3C_20_80-01.txt,4.194,0.100,0.419,3,2.156,514.07,0.719,4.859,0.156
10,ec.gp.GPIndividual@1385899747{-1942992191},3C_20_66-03.txt,118.340,0.100,11.834,1,0.172,1.45,0.172,4.859,0.156
10,ec.gp.GPIndividual@1385899747{-1942992191},3C_20_80-02.txt,35.738,0.100,3.574,1,2.656,74.33,2.656,4.859,0.156
10,ec.gp.GPIndividual@1385899747{-1942992191},3C_20_80-01.txt,4.194,0.100,0.419,2,0.484,115.48,0.242,4.859,0.156
10,ec.gp.GPIndividual@1385899747{-1942992191},3C_20_80-02.txt,35.738,0.100,3.574,1,1.219,34.10,1.219,4.859,0.156
10,ec.gp.GPIndividual@1385899747{-1942992191},3C_20_80-03.txt,169.439,0.100,16.944,1,4.563,26.93,4.563,4.859,0.156
10,ec.gp.GPIndividual@1385899747{-1942992191},3C_20_80-01.txt,4.194,0.100,0.419,2,0.344,81.95,0.172,4.859,0.156
10,ec.gp.GPIndividual@1385899747{-1942992191},3C_20_80-02.txt,35.738,0.100,3.574,1,2.063,57.71,2.063,4.859,0.156
10,ec.gp.GPIndividual@1385899747{-1942992191},3C_20_80-03.txt,169.439,0.100,16.944,3,7.547,44.54,2.516,4.859,0.156
10,ec.gp.GPIndividual@1385899747{-1942992191},3C_20_80-03.txt,169.439,0.100,16.944,1,1.984,11.71,1.984,4.859,0.156
10,ec.gp.GPIndividual@1385899747{-1942992191},3C_20_80-03.txt,169.439,0.100,16.944,3,14.359,84.75,4.786,5.219,0.156
10,ec.gp.GPIndividual@1385899747{-1942992191},3C_20_80-01.txt,4.194,0.100,0.419,2,0.344,81.95,0.172,5.219,0.156
10,ec.gp.GPIndividual@1385899747{-1942992191},3C_20_80-02.txt,35.738,0.100,3.574,1,6.156,172.26,6.156,6.156,0.156
10,ec.gp.GPIndividual@524094070{-1938868622},3C_20_50-02.txt,61.404,0.100,6.140,1,0.531,8.65,0.531,0.531,0.531
10,ec.gp.GPIndividual@524094070{-1938868622},3C_20_50-03.txt,30.993,0.100,3.099,1,5.797,187.04,5.797,5.797,0.531
10,ec.gp.GPIndividual@1523491733{-1991260918},3C_20_50-02.txt,61.404,0.100,6.140,3,4.906,79.90,1.635,2.813,0.516
10,ec.gp.GPIndividual@1624208120{-2085667494},3C_20_50-02.txt,61.404,0.100,6.140,1,0.484,7.89,0.484,0.484,0.484
10,ec.gp.GPIndividual@1624208120{-2085667494},3C_20_50-03.txt,30.993,0.100,3.099,1,5.703,184.02,5.703,5.703,0.484
10,ec.gp.GPIndividual@1793752502{88819634},3C_20_50-02.txt,61.404,0.100,6.140,1,1.328,21.63,1.328,1.328,1.328
10,ec.gp.GPIndividual@1793752502{88819634},3C_20_66-01.txt,7.322,0.100,0.732,3,1.078,147.24,0.359,1.328,0.156
10,ec.gp.GPIndividual@1793752502{88819634},3C_20_50-03.txt,30.993,0.100,3.099,1,0.156,5.04,0.156,1.328,0.156
10,ec.gp.GPIndividual@1793752502{88819634},3C_20_50-03.txt,30.993,0.100,3.099,1,0.438,14.12,0.438,1.328,0.156
10,ec.gp.GPIndividual@1793752502{88819634},3C_20_66-02.txt,154.245,0.100,15.424,1,4.969,32.21,4.969,4.969,0.156
10,ec.gp.GPIndividual@1793752502{88819634},3C_20_80-01.txt,4.194,0.100,0.419,3,3.422,815.80,1.141,4.969,0.156
10,ec.gp.GPIndividual@1793752502{88819634},3C_20_80-03.txt,169.439,0.100,16.944,3,4.578,27.02,1.526,4.969,0.156
10,ec.gp.GPIndividual@1793752502{88819634},3C_20_66-03.txt,118.340,0.100,11.834,2,2.859,24.16,1.430,4.969,0.156
10,ec.gp.GPIndividual@1793752502{88819634},3C_20_80-02.txt,35.738,0.100,3.574,1,4.141,115.86,4.141,4.969,0.156
10,ec.gp.GPIndividual@1793752502{88819634},3C_20_66-01.txt,7.322,0.100,0.732,2,0.516,70.42,0.258,4.969,0.156
10,ec.gp.GPIndividual@1793752502{88819634},3C_20_66-02.txt,154.245,0.100,15.424,1,4.203,27.25,4.203,4.969,0.156
10,ec.gp.GPIndividual@1793752502{88819634},3C_20_66-01.txt,7.322,0.100,0.732,1,4.219,576.16,4.219,4.969,0.156
10,ec.gp.GPIndividual@1793752502{88819634},3C_20_66-01.txt,7.322,0.100,0.732,4,7.875,1075.50,1.969,5.656,0.156
10,ec.gp.GPIndividual@1793752502{88819634},3C_20_66-02.txt,154.245,0.100,15.424,1,4.844,31.40,4.844,5.656,0.156
10,ec.gp.GPIndividual@1793752502{88819634},3C_20_80-01.txt,4.194,0.100,0.419,1,0.172,40.98,0.172,5.656,0.156
10,ec.gp.GPIndividual@1793752502{88819634},3C_20_80-02.txt,35.738,0.100,3.574,3,3.531,98.81,1.177,5.656,0.156
10,ec.gp.GPIndividual@1793752502{88819634},3C_20_66-02.txt,154.245,0.100,15.424,2,2.156,13.98,1.078,5.656,0.156
10,ec.gp.GPIndividual@1793752502{88819634},3C_20_66-03.txt,118.340,0.100,11.834,1,1.563,13.20,1.563,5.656,0.156
10,ec.gp.GPIndividual@1793752502{88819634},3C_20_80-03.txt,169.439,0.100,16.944,2,3.609,21.30,1.805,5.656,0.156
10,ec.gp.GPIndividual@1793752502{88819634},3C_20_80-03.txt,169.439,0.100,16.944,1,1.422,8.39,1.422,5.656,0.156
10,ec.gp.GPIndividual@1793752502{88819634},3C_20_66-03.txt,118.340,0.100,11.834,3,10.250,86.62,3.417,6.313,0.156
10,ec.gp.GPIndividual@1077125816{-532831723},3C_20_50-02.txt,61.404,0.100,6.140,3,6.922,112.73,2.307,4.828,0.516
10,ec.gp.GPIndividual@1077125816{-532831723},3C_20_66-03.txt,118.340,0.100,11.834,2,1.016,8.58,0.508,4.828,0.344
10,ec.gp.GPIndividual@1077125816{-532831723},3C_20_80-01.txt,4.194,0.100,0.419,2,0.344,81.95,0.172,4.828,0.172
10,ec.gp.GPIndividual@1077125816{-532831723},3C_20_80-02.txt,35.738,0.100,3.574,2,10.984,307.36,5.492,6.203,0.172
10,ec.gp.GPIndividual@1396124325{1541706645},3C_20_50-02.txt,61.404,0.100,6.140,1,1.625,26.46,1.625,1.625,1.625
10,ec.gp.GPIndividual@1396124325{1541706645},3C_20_50-03.txt,30.993,0.100,3.099,1,5.906,190.57,5.906,5.906,1.625
10,ec.gp.GPIndividual@1241739947{1372013162},3C_20_50-02.txt,61.404,0.100,6.140,4,2.578,41.99,0.645,1.438,0.328
10,ec.gp.GPIndividual@1241739947{1372013162},3C_20_50-03.txt,30.993,0.100,3.099,3,4.344,140.15,1.448,1.750,0.328
10,ec.gp.GPIndividual@1241739947{1372013162},3C_20_80-03.txt,169.439,0.100,16.944,1,0.344,2.03,0.344,1.750,0.328
10,ec.gp.GPIndividual@1241739947{1372013162},3C_20_66-01.txt,7.322,0.100,0.732,2,2.313,315.82,1.156,1.750,0.328
10,ec.gp.GPIndividual@1241739947{1372013162},3C_20_50-03.txt,30.993,0.100,3.099,1,0.125,4.03,0.125,1.750,0.125
10,ec.gp.GPIndividual@1241739947{1372013162},3C_20_66-01.txt,7.322,0.100,0.732,1,2.531,345.70,2.531,2.531,0.125
10,ec.gp.GPIndividual@1241739947{1372013162},3C_20_80-01.txt,4.194,0.100,0.419,2,0.656,156.46,0.328,2.531,0.125
10,ec.gp.GPIndividual@1241739947{1372013162},3C_20_66-02.txt,154.245,0.100,15.424,4,7.641,49.54,1.910,4.875,0.125
10,ec.gp.GPIndividual@1241739947{1372013162},3C_20_80-02.txt,35.738,0.100,3.574,3,3.375,94.44,1.125,4.875,0.125
10,ec.gp.GPIndividual@1241739947{1372013162},3C_20_66-03.txt,118.340,0.100,11.834,1,1.078,9.11,1.078,4.875,0.125
10,ec.gp.GPIndividual@1241739947{1372013162},3C_20_66-02.txt,154.245,0.100,15.424,2,5.172,33.53,2.586,4.875,0.125
10,ec.gp.GPIndividual@1241739947{1372013162},3C_20_66-01.txt,7.322,0.100,0.732,1,4.063,554.82,4.063,4.875,0.125
10,ec.gp.GPIndividual@1241739947{1372013162},3C_20_80-01.txt,4.194,0.100,0.419,3,0.734,175.08,0.245,4.875,0.125
10,ec.gp.GPIndividual@1241739947{1372013162},3C_20_66-02.txt,154.245,0.100,15.424,2,7.688,49.84,3.844,5.906,0.125
10,ec.gp.GPIndividual@1241739947{1372013162},3C_20_80-03.txt,169.439,0.100,16.944,6,13.781,81.33,2.297,5.906,0.125
10,ec.gp.GPIndividual@1241739947{1372013162},3C_20_66-03.txt,118.340,0.100,11.834,1,1.625,13.73,1.625,5.906,0.125
10,ec.gp.GPIndividual@1241739947{1372013162},3C_20_80-02.txt,35.738,0.100,3.574,2,5.281,147.78,2.641,5.906,0.125
10,ec.gp.GPIndividual@364883139{-870595394},3C_20_50-02.txt,61.404,0.100,6.140,1,1.031,16.79,1.031,1.031,1.031
10,ec.gp.GPIndividual@364883139{-870595394},3C_20_66-03.txt,118.340,0.100,11.834,2,0.859,7.26,0.430,1.031,0.328
10,ec.gp.GPIndividual@364883139{-870595394},3C_20_50-03.txt,30.993,0.100,3.099,2,4.984,160.82,2.492,3.453,0.328
10,ec.gp.GPIndividual@364883139{-870595394},3C_20_80-01.txt,4.194,0.100,0.419,0,0.000,0.00,0.000,3.453,0.328
10,ec.gp.GPIndividual@364883139{-870595394},3C_20_80-03.txt,169.439,0.100,16.944,6,14.813,87.42,2.469,5.500,0.297
10,ec.gp.GPIndividual@364883139{-870595394},3C_20_80-02.txt,35.738,0.100,3.574,1,4.750,132.91,4.750,5.500,0.297
10,ec.gp.GPIndividual@364883139{-870595394},3C_20_80-01.txt,4.194,0.100,0.419,2,0.359,85.68,0.180,5.500,0.172
10,ec.gp.GPIndividual@364883139{-870595394},3C_20_80-02.txt,35.738,0.100,3.574,3,7.625,213.36,2.542,5.500,0.172
10,ec.gp.GPIndividual@573185600{2130699324},3C_20_50-02.txt,61.404,0.100,6.140,1,0.313,5.09,0.313,0.313,0.313
10,ec.gp.GPIndividual@573185600{2130699324},3C_20_80-01.txt,4.194,0.100,0.419,2,4.250,1013.23,2.125,4.078,0.172
10,ec.gp.GPIndividual@573185600{2130699324},3C_20_66-01.txt,7.322,0.100,0.732,4,2.000,273.14,0.500,4.078,0.156
10,ec.gp.GPIndividual@573185600{2130699324},3C_20_80-03.txt,169.439,0.100,16.944,0,0.000,0.00,0.000,4.078,0.156
10,ec.gp.GPIndividual@573185600{2130699324},3C_20_66-02.txt,154.245,0.100,15.424,1,0.125,0.81,0.125,4.078,0.125
10,ec.gp.GPIndividual@573185600{2130699324},3C_20_50-03.txt,30.993,0.100,3.099,1,5.844,188.55,5.844,5.844,0.125
10,ec.gp.GPIndividual@197819094{879358647},3C_20_50-02.txt,61.404,0.100,6.140,6,6.969,113.49,1.161,1.969,0.297
10,ec.gp.GPIndividual@197819094{879358647},3C_20_80-03.txt,169.439,0.100,16.944,0,0.000,0.00,0.000,1.969,0.297
10,ec.gp.GPIndividual@197819094{879358647},3C_20_66-01.txt,7.322,0.100,0.732,2,4.266,582.56,2.133,2.484,0.297
10,ec.gp.GPIndividual@197819094{879358647},3C_20_50-03.txt,30.993,0.100,3.099,0,0.000,0.00,0.000,2.484,0.297
10,ec.gp.GPIndividual@197819094{879358647},3C_20_66-03.txt,118.340,0.100,11.834,1,1.375,11.62,1.375,2.484,0.297
10,ec.gp.GPIndividual@197819094{879358647},3C_20_80-02.txt,35.738,0.100,3.574,3,3.063,85.69,1.021,2.484,0.297
10,ec.gp.GPIndividual@197819094{879358647},3C_20_66-02.txt,154.245,0.100,15.424,2,2.422,15.70,1.211,2.484,0.297
10,ec.gp.GPIndividual@197819094{879358647},3C_20_66-01.txt,7.322,0.100,0.732,2,5.922,808.76,2.961,5.578,0.297
10,ec.gp.GPIndividual@1057222807{-950662741},3C_20_50-02.txt,61.404,0.100,6.140,5,6.641,108.15,1.328,2.531,0.484
10,ec.gp.GPIndividual@1057222807{-950662741},3C_20_66-02.txt,154.245,0.100,15.424,2,5.609,36.37,2.805,4.766,0.484
10,ec.gp.GPIndividual@1057222807{-950662741},3C_20_80-03.txt,169.439,0.100,16.944,1,0.297,1.75,0.297,4.766,0.297
10,ec.gp.GPIndividual@1057222807{-950662741},3C_20_66-03.txt,118.340,0.100,11.834,1,1.797,15.18,1.797,4.766,0.297
10,ec.gp.GPIndividual@1057222807{-950662741},3C_20_50-03.txt,30.993,0.100,3.099,1,5.688,183.51,5.688,5.688,0.297
10,ec.gp.GPIndividual@2050621191{271532587},3C_20_50-02.txt,61.404,0.100,6.140,0,0.000,0.00,0.000,0.000,0.000
10,ec.gp.GPIndividual@2050621191{271532587},3C_20_50-03.txt,30.993,0.100,3.099,0,0.000,0.00,0.000,0.000,0.000
10,ec.gp.GPIndividual@2050621191{271532587},3C_20_66-01.txt,7.322,0.100,0.732,0,0.000,0.00,0.000,0.000,0.000
10,ec.gp.GPIndividual@2050621191{271532587},3C_20_66-02.txt,154.245,0.100,15.424,0,0.000,0.00,0.000,0.000,0.000
10,ec.gp.GPIndividual@2050621191{271532587},3C_20_66-03.txt,118.340,0.100,11.834,0,0.000,0.00,0.000,0.000,0.000
10,ec.gp.GPIndividual@2050621191{271532587},3C_20_80-01.txt,4.194,0.100,0.419,0,0.000,0.00,0.000,0.000,0.000
10,ec.gp.GPIndividual@2050621191{271532587},3C_20_80-02.txt,35.738,0.100,3.574,0,0.000,0.00,0.000,0.000,0.000
10,ec.gp.GPIndividual@2050621191{271532587},3C_20_80-03.txt,169.439,0.100,16.944,0,0.000,0.00,0.000,0.000,0.000
10,ec.gp.GPIndividual@120875090{271532587},3C_20_50-02.txt,61.404,0.100,6.140,0,0.000,0.00,0.000,0.000,0.000
10,ec.gp.GPIndividual@120875090{271532587},3C_20_50-03.txt,30.993,0.100,3.099,0,0.000,0.00,0.000,0.000,0.000
10,ec.gp.GPIndividual@120875090{271532587},3C_20_66-01.txt,7.322,0.100,0.732,0,0.000,0.00,0.000,0.000,0.000
10,ec.gp.GPIndividual@120875090{271532587},3C_20_66-02.txt,154.245,0.100,15.424,0,0.000,0.00,0.000,0.000,0.000
10,ec.gp.GPIndividual@120875090{271532587},3C_20_66-03.txt,118.340,0.100,11.834,0,0.000,0.00,0.000,0.000,0.000
10,ec.gp.GPIndividual@120875090{271532587},3C_20_80-01.txt,4.194,0.100,0.419,0,0.000,0.00,0.000,0.000,0.000
10,ec.gp.GPIndividual@120875090{271532587},3C_20_80-02.txt,35.738,0.100,3.574,0,0.000,0.00,0.000,0.000,0.000
10,ec.gp.GPIndividual@120875090{271532587},3C_20_80-03.txt,169.439,0.100,16.944,0,0.000,0.00,0.000,0.000,0.000
10,ec.gp.GPIndividual@1899056059{902941025},3C_20_50-02.txt,61.404,0.100,6.140,2,0.000,0.00,0.000,0.000,0.000
10,ec.gp.GPIndividual@1899056059{902941025},3C_20_50-03.txt,30.993,0.100,3.099,2,0.000,0.00,0.000,0.000,0.000
10,ec.gp.GPIndividual@1899056059{902941025},3C_20_66-01.txt,7.322,0.100,0.732,2,0.000,0.00,0.000,0.000,0.000
10,ec.gp.GPIndividual@1899056059{902941025},3C_20_66-02.txt,154.245,0.100,15.424,2,0.000,0.00,0.000,0.000,0.000
10,ec.gp.GPIndividual@1899056059{902941025},3C_20_66-03.txt,118.340,0.100,11.834,2,0.000,0.00,0.000,0.000,0.000
10,ec.gp.GPIndividual@1899056059{902941025},3C_20_80-01.txt,4.194,0.100,0.419,2,0.000,0.00,0.000,0.000,0.000
10,ec.gp.GPIndividual@1899056059{902941025},3C_20_80-02.txt,35.738,0.100,3.574,2,0.000,0.00,0.000,0.000,0.000
10,ec.gp.GPIndividual@1899056059{902941025},3C_20_80-03.txt,169.439,0.100,16.944,2,0.000,0.00,0.000,0.000,0.000
10,ec.gp.GPIndividual@1013222843{2041377821},3C_20_50-02.txt,61.404,0.100,6.140,6,5.813,94.66,0.969,1.563,0.266
10,ec.gp.GPIndividual@1013222843{2041377821},3C_20_50-03.txt,30.993,0.100,3.099,1,2.938,94.78,2.938,2.938,0.266
10,ec.gp.GPIndividual@1013222843{2041377821},3C_20_80-01.txt,4.194,0.100,0.419,3,1.250,298.01,0.417,2.938,0.141
10,ec.gp.GPIndividual@1013222843{2041377821},3C_20_66-02.txt,154.245,0.100,15.424,0,0.000,0.00,0.000,2.938,0.141
10,ec.gp.GPIndividual@1013222843{2041377821},3C_20_80-02.txt,35.738,0.100,3.574,1,1.141,31.92,1.141,2.938,0.141
10,ec.gp.GPIndividual@1013222843{2041377821},3C_20_80-03.txt,169.439,0.100,16.944,2,1.266,7.47,0.633,2.938,0.000
10,ec.gp.GPIndividual@1013222843{2041377821},3C_20_66-01.txt,7.322,0.100,0.732,1,4.594,627.37,4.594,4.594,0.000
10,ec.gp.GPIndividual@1013222843{2041377821},3C_20_80-01.txt,4.194,0.100,0.419,1,0.422,100.58,0.422,4.594,0.000
10,ec.gp.GPIndividual@1013222843{2041377821},3C_20_66-02.txt,154.245,0.100,15.424,8,9.656,62.60,1.207,4.594,0.000
10,ec.gp.GPIndividual@1013222843{2041377821},3C_20_80-03.txt,169.439,0.100,16.944,1,1.016,5.99,1.016,4.594,0.000
10,ec.gp.GPIndividual@1013222843{2041377821},3C_20_66-03.txt,118.340,0.100,11.834,1,1.125,9.51,1.125,4.594,0.000
10,ec.gp.GPIndividual@1013222843{2041377821},3C_20_66-03.txt,118.340,0.100,11.834,1,1.016,8.58,1.016,4.594,0.000
10,ec.gp.GPIndividual@1013222843{2041377821},3C_20_80-02.txt,35.738,0.100,3.574,1,4.344,121.54,4.344,4.594,0.000
10,ec.gp.GPIndividual@642306354{-1921004366},3C_20_50-02.txt,61.404,0.100,6.140,3,3.297,53.69,1.099,1.516,0.297
10,ec.gp.GPIndividual@642306354{-1921004366},3C_20_50-03.txt,30.993,0.100,3.099,2,4.891,157.80,2.445,3.375,0.297
10,ec.gp.GPIndividual@642306354{-1921004366},3C_20_80-01.txt,4.194,0.100,0.419,2,0.281,67.05,0.141,3.375,0.000
10,ec.gp.GPIndividual@642306354{-1921004366},3C_20_80-02.txt,35.738,0.100,3.574,2,2.141,59.90,1.070,3.375,0.000
10,ec.gp.GPIndividual@642306354{-1921004366},3C_20_80-03.txt,169.439,0.100,16.944,4,11.391,67.23,2.848,4.797,0.000
10,ec.gp.GPIndividual@642306354{-1921004366},3C_20_80-03.txt,169.439,0.100,16.944,2,6.422,37.90,3.211,4.797,0.000
10,ec.gp.GPIndividual@642306354{-1921004366},3C_20_66-01.txt,7.322,0.100,0.732,2,4.922,672.19,2.461,4.797,0.000
10,ec.gp.GPIndividual@2089587718{1099666182},3C_20_50-02.txt,61.404,0.100,6.140,3,5.719,93.13,1.906,5.031,0.281
10,ec.gp.GPIndividual@1212662331{2342634},3C_20_50-02.txt,61.404,0.100,6.140,4,5.547,90.33,1.387,3.953,0.281
10,ec.gp.GPIndividual@525799750{277775362},3C_20_50-02.txt,61.404,0.100,6.140,1,1.313,21.37,1.313,1.313,1.313
10,ec.gp.GPIndividual@525799750{277775362},3C_20_50-03.txt,30.993,0.100,3.099,1,1.156,37.31,1.156,1.313,1.156
10,ec.gp.GPIndividual@525799750{277775362},3C_20_66-02.txt,154.245,0.100,15.424,1,0.266,1.72,0.266,1.313,0.266
10,ec.gp.GPIndividual@525799750{277775362},3C_20_50-03.txt,30.993,0.100,3.099,1,1.406,45.37,1.406,1.406,0.266
10,ec.gp.GPIndividual@525799750{277775362},3C_20_50-03.txt,30.993,0.100,3.099,2,2.578,83.19,1.289,1.406,0.266
10,ec.gp.GPIndividual@525799750{277775362},3C_20_66-01.txt,7.322,0.100,0.732,1,1.328,181.38,1.328,1.406,0.266
10,ec.gp.GPIndividual@525799750{277775362},3C_20_66-01.txt,7.322,0.100,0.732,2,1.297,177.12,0.648,1.406,0.266
10,ec.gp.GPIndividual@525799750{277775362},3C_20_66-02.txt,154.245,0.100,15.424,0,0.000,0.00,0.000,1.406,0.266
10,ec.gp.GPIndividual@525799750{277775362},3C_20_66-01.txt,7.322,0.100,0.732,1,1.859,253.94,1.859,1.859,0.266
10,ec.gp.GPIndividual@525799750{277775362},3C_20_66-03.txt,118.340,0.100,11.834,3,6.297,53.21,2.099,5.672,0.266
10,ec.gp.GPIndividual@525799750{277775362},3C_20_80-01.txt,4.194,0.100,0.419,2,1.063,253.31,0.531,5.672,0.266
10,ec.gp.GPIndividual@525799750{277775362},3C_20_66-02.txt,154.245,0.100,15.424,2,0.391,2.53,0.195,5.672,0.125
10,ec.gp.GPIndividual@525799750{277775362},3C_20_80-02.txt,35.738,0.100,3.574,0,0.000,0.00,0.000,5.672,0.125
10,ec.gp.GPIndividual@525799750{277775362},3C_20_66-02.txt,154.245,0.100,15.424,1,1.656,10.74,1.656,5.672,0.125
10,ec.gp.GPIndividual@525799750{277775362},3C_20_66-03.txt,118.340,0.100,11.834,7,13.766,116.32,1.967,5.672,0.125
10,ec.gp.GPIndividual@525799750{277775362},3C_20_80-01.txt,4.194,0.100,0.419,2,1.359,324.09,0.680,5.672,0.125
10,ec.gp.GPIndividual@525799750{277775362},3C_20_80-03.txt,169.439,0.100,16.944,1,0.969,5.72,0.969,5.672,0.125
10,ec.gp.GPIndividual@525799750{277775362},3C_20_66-03.txt,118.340,0.100,11.834,1,1.000,8.45,1.000,5.672,0.125
10,ec.gp.GPIndividual@525799750{277775362},3C_20_66-03.txt,118.340,0.100,11.834,3,6.875,58.10,2.292,5.672,0.125
10,ec.gp.GPIndividual@525799750{277775362},3C_20_80-02.txt,35.738,0.100,3.574,1,2.750,76.95,2.750,5.672,0.125
10,ec.gp.GPIndividual@525799750{277775362},3C_20_80-01.txt,4.194,0.100,0.419,2,1.781,424.66,0.891,5.672,0.125
10,ec.gp.GPIndividual@525799750{277775362},3C_20_80-02.txt,35.738,0.100,3.574,1,4.297,120.23,4.297,5.672,0.125
10,ec.gp.GPIndividual@384054444{1468843262},3C_20_50-02.txt,61.404,0.100,6.140,1,0.453,7.38,0.453,0.453,0.453
10,ec.gp.GPIndividual@384054444{1468843262},3C_20_50-03.txt,30.993,0.100,3.099,1,4.719,152.25,4.719,4.719,0.453
10,ec.gp.GPIndividual@384054444{1468843262},3C_20_80-01.txt,4.194,0.100,0.419,1,4.813,1147.34,4.813,4.813,0.453
10,ec.gp.GPIndividual@384054444{1468843262},3C_20_80-01.txt,4.194,0.100,0.419,3,0.609,145.28,0.203,4.813,0.125
10,ec.gp.GPIndividual@384054444{1468843262},3C_20_80-02.txt,35.738,0.100,3.574,3,3.156,88.32,1.052,4.813,0.125
10,ec.gp.GPIndividual@384054444{1468843262},3C_20_80-03.txt,169.439,0.100,16.944,1,1.375,8.12,1.375,4.813,0.125
10,ec.gp.GPIndividual@384054444{1468843262},3C_20_66-01.txt,7.322,0.100,0.732,1,0.922,125.90,0.922,4.813,0.125
10,ec.gp.GPIndividual@384054444{1468843262},3C_20_80-03.txt,169.439,0.100,16.944,1,0.406,2.40,0.406,4.813,0.125
10,ec.gp.GPIndividual@384054444{1468843262},3C_20_66-02.txt,154.245,0.100,15.424,4,4.516,29.28,1.129,4.813,0.125
10,ec.gp.GPIndividual@384054444{1468843262},3C_20_80-02.txt,35.738,0.100,3.574,1,1.922,53.78,1.922,4.813,0.125
10,ec.gp.GPIndividual@384054444{1468843262},3C_20_66-03.txt,118.340,0.100,11.834,1,1.188,10.03,1.188,4.813,0.125
10,ec.gp.GPIndividual@384054444{1468843262},3C_20_80-03.txt,169.439,0.100,16.944,5,13.016,76.82,2.603,4.828,0.125
10,ec.gp.GPIndividual@384054444{1468843262},3C_20_80-03.txt,169.439,0.100,16.944,1,3.422,20.20,3.422,4.828,0.125
10,ec.gp.GPIndividual@384054444{1468843262},3C_20_80-01.txt,4.194,0.100,0.419,1,0.297,70.78,0.297,4.828,0.125
10,ec.gp.GPIndividual@384054444{1468843262},3C_20_80-02.txt,35.738,0.100,3.574,1,0.922,25.80,0.922,4.828,0.125
10,ec.gp.GPIndividual@384054444{1468843262},3C_20_80-03.txt,169.439,0.100,16.944,1,2.516,14.85,2.516,4.828,0.125
10,ec.gp.GPIndividual@1644032700{1842429906},3C_20_50-02.txt,61.404,0.100,6.140,1,0.453,7.38,0.453,0.453,0.453
10,ec.gp.GPIndividual@1508216779{-507819253},3C_20_50-02.txt,61.404,0.100,6.140,3,2.813,45.80,0.938,2.250,0.219
10,ec.gp.GPIndividual@1381573847{744180906},3C_20_50-02.txt,61.404,0.100,6.140,1,0.219,3.56,0.219,0.219,0.219
10,ec.gp.GPIndividual@1381573847{744180906},3C_20_50-03.txt,30.993,0.100,3.099,1,3.922,126.54,3.922,3.922,0.219
10,ec.gp.GPIndividual@2007701834{-2037895968},3C_20_50-02.txt,61.404,0.100,6.140,2,0.000,0.00,0.000,0.000,0.000
10,ec.gp.GPIndividual@2007701834{-2037895968},3C_20_50-03.txt,30.993,0.100,3.099,2,0.000,0.00,0.000,0.000,0.000
10,ec.gp.GPIndividual@2007701834{-2037895968},3C_20_66-01.txt,7.322,0.100,0.732,2,0.000,0.00,0.000,0.000,0.000
10,ec.gp.GPIndividual@2007701834{-2037895968},3C_20_66-02.txt,154.245,0.100,15.424,2,0.000,0.00,0.000,0.000,0.000
10,ec.gp.GPIndividual@2007701834{-2037895968},3C_20_66-03.txt,118.340,0.100,11.834,2,0.000,0.00,0.000,0.000,0.000
10,ec.gp.GPIndividual@2007701834{-2037895968},3C_20_80-01.txt,4.194,0.100,0.419,2,0.000,0.00,0.000,0.000,0.000
10,ec.gp.GPIndividual@2007701834{-2037895968},3C_20_80-02.txt,35.738,0.100,3.574,2,0.000,0.00,0.000,0.000,0.000
10,ec.gp.GPIndividual@2007701834{-2037895968},3C_20_80-03.txt,169.439,0.100,16.944,2,0.000,0.00,0.000,0.000,0.000
10,ec.gp.GPIndividual@1616600716{-51141079},3C_20_50-02.txt,61.404,0.100,6.140,2,0.594,9.67,0.297,0.484,0.109
10,ec.gp.GPIndividual@1616600716{-51141079},3C_20_50-03.txt,30.993,0.100,3.099,2,1.969,63.52,0.984,1.172,0.109
10,ec.gp.GPIndividual@1616600716{-51141079},3C_20_66-01.txt,7.322,0.100,0.732,3,0.578,78.96,0.193,1.172,0.109
10,ec.gp.GPIndividual@1616600716{-51141079},3C_20_66-02.txt,154.245,0.100,15.424,3,1.500,9.72,0.500,1.172,0.109
10,ec.gp.GPIndividual@1616600716{-51141079},3C_20_66-03.txt,118.340,0.100,11.834,1,5.438,45.95,5.438,5.438,0.109
10,ec.gp.GPIndividual@317822169{-1739240696},3C_20_50-02.txt,61.404,0.100,6.140,1,0.031,0.51,0.031,0.031,0.031
10,ec.gp.GPIndividual@317822169{-1739240696},3C_20_50-03.txt,30.993,0.100,3.099,1,0.563,18.15,0.563,0.563,0.031
10,ec.gp.GPIndividual@317822169{-1739240696},3C_20_66-01.txt,7.322,0.100,0.732,2,0.328,44.81,0.164,0.563,0.031
10,ec.gp.GPIndividual@317822169{-1739240696},3C_20_66-02.txt,154.245,0.100,15.424,1,0.313,2.03,0.313,0.563,0.031
10,ec.gp.GPIndividual@317822169{-1739240696},3C_20_66-03.txt,118.340,0.100,11.834,2,1.266,10.69,0.633,0.813,0.031
10,ec.gp.GPIndividual@317822169{-1739240696},3C_20_80-01.txt,4.194,0.100,0.419,1,0.172,40.98,0.172,0.813,0.031
10,ec.gp.GPIndividual@317822169{-1739240696},3C_20_80-02.txt,35.738,0.100,3.574,2,0.469,13.12,0.234,0.813,0.031
10,ec.gp.GPIndividual@317822169{-1739240696},3C_20_80-03.txt,169.439,0.100,16.944,2,7.297,43.06,3.648,6.500,0.031
11,ec.gp.GPIndividual@200642084{1774809097},3C_20_50-02.txt,61.404,0.100,6.140,0,0.000,0.00,0.000,0.000,0.000
11,ec.gp.GPIndividual@200642084{1774809097},3C_20_50-03.txt,30.993,0.100,3.099,0,0.000,0.00,0.000,0.000,0.000
11,ec.gp.GPIndividual@200642084{1774809097},3C_20_66-01.txt,7.322,0.100,0.732,0,0.000,0.00,0.000,0.000,0.000
11,ec.gp.GPIndividual@200642084{1774809097},3C_20_66-02.txt,154.245,0.100,15.424,0,0.000,0.00,0.000,0.000,0.000
11,ec.gp.GPIndividual@200642084{1774809097},3C_20_66-03.txt,118.340,0.100,11.834,1,0.281,2.38,0.281,0.281,0.281
11,ec.gp.GPIndividual@200642084{1774809097},3C_20_50-03.txt,30.993,0.100,3.099,5,1.125,36.30,0.225,0.281,0.000
11,ec.gp.GPIndividual@200642084{1774809097},3C_20_50-03.txt,30.993,0.100,3.099,5,1.125,36.30,0.225,0.281,0.000
11,ec.gp.GPIndividual@200642084{1774809097},3C_20_50-03.txt,30.993,0.100,3.099,3,3.813,123.01,1.271,1.328,0.000
11,ec.gp.GPIndividual@200642084{1774809097},3C_20_66-01.txt,7.322,0.100,0.732,1,1.328,181.38,1.328,1.328,0.000
11,ec.gp.GPIndividual@200642084{1774809097},3C_20_66-01.txt,7.322,0.100,0.732,2,1.328,181.38,0.664,1.328,0.000
11,ec.gp.GPIndividual@200642084{1774809097},3C_20_50-03.txt,30.993,0.100,3.099,0,0.000,0.00,0.000,1.328,0.000
11,ec.gp.GPIndividual@200642084{1774809097},3C_20_66-01.txt,7.322,0.100,0.732,1,0.438,59.75,0.438,1.328,0.000
11,ec.gp.GPIndividual@200642084{1774809097},3C_20_66-02.txt,154.245,0.100,15.424,2,0.875,5.67,0.438,1.328,0.000
11,ec.gp.GPIndividual@200642084{1774809097},3C_20_66-02.txt,154.245,0.100,15.424,0,0.000,0.00,0.000,1.328,0.000
11,ec.gp.GPIndividual@200642084{1774809097},3C_20_66-02.txt,154.245,0.100,15.424,2,0.891,5.77,0.445,1.328,0.000
11,ec.gp.GPIndividual@200642084{1774809097},3C_20_50-03.txt,30.993,0.100,3.099,3,3.469,111.92,1.156,1.328,0.000
11,ec.gp.GPIndividual@200642084{1774809097},3C_20_66-01.txt,7.322,0.100,0.732,1,0.344,46.95,0.344,1.328,0.000
11,ec.gp.GPIndividual@200642084{1774809097},3C_20_66-01.txt,7.322,0.100,0.732,3,3.078,420.38,1.026,2.438,0.000
11,ec.gp.GPIndividual@200642084{1774809097},3C_20_66-03.txt,118.340,0.100,11.834,2,2.438,20.60,1.219,2.438,0.000
11,ec.gp.GPIndividual@200642084{1774809097},3C_20_66-03.txt,118.340,0.100,11.834,1,2.438,20.60,2.438,2.438,0.000
11,ec.gp.GPIndividual@200642084{1774809097},3C_20_66-03.txt,118.340,0.100,11.834,5,11.281,95.33,2.256,4.797,0.000
11,ec.gp.GPIndividual@200642084{1774809097},3C_20_66-02.txt,154.245,0.100,15.424,1,1.797,11.65,1.797,4.797,0.000
11,ec.gp.GPIndividual@200642084{1774809097},3C_20_66-02.txt,154.245,0.100,15.424,2,5.219,33.83,2.609,4.797,0.000
11,ec.gp.GPIndividual@200642084{1774809097},3C_20_80-01.txt,4.194,0.100,0.419,1,0.172,40.98,0.172,4.797,0.000
11,ec.gp.GPIndividual@200642084{1774809097},3C_20_80-02.txt,35.738,0.100,3.574,2,9.813,274.57,4.906,4.906,0.000
11,ec.gp.GPIndividual@200642084{1774809097},3C_20_80-01.txt,4.194,0.100,0.419,1,0.000,0.00,0.000,4.906,0.000
11,ec.gp.GPIndividual@200642084{1774809097},3C_20_80-01.txt,4.194,0.100,0.419,2,0.625,149.01,0.313,4.906,0.000
11,ec.gp.GPIndividual@200642084{1774809097},3C_20_80-02.txt,35.738,0.100,3.574,0,0.000,0.00,0.000,4.906,0.000
11,ec.gp.GPIndividual@200642084{1774809097},3C_20_80-02.txt,35.738,0.100,3.574,4,5.531,154.77,1.383,4.906,0.000
11,ec.gp.GPIndividual@200642084{1774809097},3C_20_80-03.txt,169.439,0.100,16.944,3,3.719,21.95,1.240,4.906,0.000
11,ec.gp.GPIndividual@200642084{1774809097},3C_20_80-03.txt,169.439,0.100,16.944,0,0.000,0.00,0.000,4.906,0.000
11,ec.gp.GPIndividual@200642084{1774809097},3C_20_80-03.txt,169.439,0.100,16.944,3,2.953,17.43,0.984,4.906,0.000
11,ec.gp.GPIndividual@200642084{1774809097},3C_20_66-03.txt,118.340,0.100,11.834,2,6.078,51.36,3.039,4.906,0.000
11,ec.gp.GPIndividual@200642084{1774809097},3C_20_66-03.txt,118.340,0.100,11.834,1,5.203,43.97,5.203,5.203,0.000
11,ec.gp.GPIndividual@297769504{-1802229902},3C_20_50-02.txt,61.404,0.100,6.140,1,0.000,0.00,0.000,0.000,0.000
11,ec.gp.GPIndividual@297769504{-1802229902},3C_20_50-03.txt,30.993,0.100,3.099,1,0.000,0.00,0.000,0.000,0.000
11,ec.gp.GPIndividual@297769504{-1802229902},3C_20_66-01.txt,7.322,0.100,0.732,1,0.000,0.00,0.000,0.000,0.000
11,ec.gp.GPIndividual@297769504{-1802229902},3C_20_66-02.txt,154.245,0.100,15.424,1,0.000,0.00,0.000,0.000,0.000
11,ec.gp.GPIndividual@297769504{-1802229902},3C_20_66-03.txt,118.340,0.100,11.834,1,0.000,0.00,0.000,0.000,0.000
11,ec.gp.GPIndividual@297769504{-1802229902},3C_20_80-01.txt,4.194,0.100,0.419,1,0.000,0.00,0.000,0.000,0.000
11,ec.gp.GPIndividual@297769504{-1802229902},3C_20_80-02.txt,35.738,0.100,3.574,1,0.000,0.00,0.000,0.000,0.000
11,ec.gp.GPIndividual@297769504{-1802229902},3C_20_80-03.txt,169.439,0.100,16.944,1,0.000,0.00,0.000,0.000,0.000
11,ec.gp.GPIndividual@732567973{-900654122},3C_20_50-02.txt,61.404,0.100,6.140,1,0.516,8.40,0.516,0.516,0.516
11,ec.gp.GPIndividual@732567973{-900654122},3C_20_50-03.txt,30.993,0.100,3.099,1,3.047,98.31,3.047,3.047,0.516
11,ec.gp.GPIndividual@732567973{-900654122},3C_20_80-01.txt,4.194,0.100,0.419,0,0.000,0.00,0.000,3.047,0.516
11,ec.gp.GPIndividual@732567973{-900654122},3C_20_80-02.txt,35.738,0.100,3.574,0,0.000,0.00,0.000,3.047,0.516
11,ec.gp.GPIndividual@732567973{-900654122},3C_20_80-03.txt,169.439,0.100,16.944,0,0.000,0.00,0.000,3.047,0.516
11,ec.gp.GPIndividual@875312740{2342634},3C_20_50-02.txt,61.404,0.100,6.140,3,6.766,110.18,2.255,4.844,0.531
11,ec.gp.GPIndividual@875312740{2342634},3C_20_66-01.txt,7.322,0.100,0.732,2,6.547,894.11,3.273,6.203,0.344
11,ec.gp.GPIndividual@352517058{-2076558209},3C_20_50-02.txt,61.404,0.100,6.140,0,0.000,0.00,0.000,0.000,0.000
11,ec.gp.GPIndividual@352517058{-2076558209},3C_20_80-01.txt,4.194,0.100,0.419,1,6.203,1478.88,6.203,6.203,6.203
11,ec.gp.GPIndividual@353732049{-1757024315},3C_20_50-02.txt,61.404,0.100,6.140,1,0.297,4.83,0.297,0.297,0.297
11,ec.gp.GPIndividual@353732049{-1757024315},3C_20_66-02.txt,154.245,0.100,15.424,5,7.375,47.81,1.475,4.781,0.250
11,ec.gp.GPIndividual@353732049{-1757024315},3C_20_50-03.txt,30.993,0.100,3.099,2,3.234,104.36,1.617,4.781,0.250
11,ec.gp.GPIndividual@353732049{-1757024315},3C_20_50-03.txt,30.993,0.100,3.099,0,0.000,0.00,0.000,4.781,0.250
11,ec.gp.GPIndividual@353732049{-1757024315},3C_20_50-03.txt,30.993,0.100,3.099,2,3.344,107.89,1.672,4.781,0.250
11,ec.gp.GPIndividual@353732049{-1757024315},3C_20_66-03.txt,118.340,0.100,11.834,2,2.141,18.09,1.070,4.781,0.250
11,ec.gp.GPIndividual@353732049{-1757024315},3C_20_80-02.txt,35.738,0.100,3.574,4,3.453,96.62,0.863,4.781,0.250
11,ec.gp.GPIndividual@353732049{-1757024315},3C_20_66-01.txt,7.322,0.100,0.732,1,1.047,142.97,1.047,4.781,0.250
11,ec.gp.GPIndividual@353732049{-1757024315},3C_20_66-01.txt,7.322,0.100,0.732,3,2.141,292.35,0.714,4.781,0.250
11,ec.gp.GPIndividual@353732049{-1757024315},3C_20_66-02.txt,154.245,0.100,15.424,1,4.000,25.93,4.000,4.781,0.250
11,ec.gp.GPIndividual@353732049{-1757024315},3C_20_80-01.txt,4.194,0.100,0.419,2,1.484,353.89,0.742,4.781,0.250
11,ec.gp.GPIndividual@353732049{-1757024315},3C_20_66-02.txt,154.245,0.100,15.424,1,3.859,25.02,3.859,4.781,0.250
11,ec.gp.GPIndividual@353732049{-1757024315},3C_20_66-01.txt,7.322,0.100,0.732,1,1.641,224.06,1.641,4.781,0.250
11,ec.gp.GPIndividual@353732049{-1757024315},3C_20_80-03.txt,169.439,0.100,16.944,3,7.422,43.80,2.474,4.797,0.250
11,ec.gp.GPIndividual@353732049{-1757024315},3C_20_80-01.txt,4.194,0.100,0.419,1,1.141,271.93,1.141,4.797,0.250
11,ec.gp.GPIndividual@353732049{-1757024315},3C_20_80-02.txt,35.738,0.100,3.574,1,0.297,8.31,0.297,4.797,0.250
11,ec.gp.GPIndividual@353732049{-1757024315},3C_20_80-02.txt,35.738,0.100,3.574,3,3.719,104.06,1.240,4.797,0.156
11,ec.gp.GPIndividual@353732049{-1757024315},3C_20_66-03.txt,118.340,0.100,11.834,4,4.531,38.29,1.133,4.797,0.156
11,ec.gp.GPIndividual@353732049{-1757024315},3C_20_80-03.txt,169.439,0.100,16.944,1,1.734,10.24,1.734,4.797,0.156
11,ec.gp.GPIndividual@353732049{-1757024315},3C_20_66-02.txt,154.245,0.100,15.424,1,1.578,10.23,1.578,4.797,0.156
11,ec.gp.GPIndividual@353732049{-1757024315},3C_20_66-03.txt,118.340,0.100,11.834,2,3.047,25.75,1.523,4.797,0.156
11,ec.gp.GPIndividual@353732049{-1757024315},3C_20_80-03.txt,169.439,0.100,16.944,6,21.984,129.75,3.664,5.938,0.156
11,ec.gp.GPIndividual@895686485{1037189751},3C_20_50-02.txt,61.404,0.100,6.140,1,0.500,8.14,0.500,0.500,0.500
11,ec.gp.GPIndividual@895686485{1037189751},3C_20_80-01.txt,4.194,0.100,0.419,1,4.844,1154.79,4.844,4.844,0.500
11,ec.gp.GPIndividual@895686485{1037189751},3C_20_80-01.txt,4.194,0.100,0.419,1,0.484,115.48,0.484,4.844,0.484
11,ec.gp.GPIndividual@895686485{1037189751},3C_20_50-03.txt,30.993,0.100,3.099,2,1.453,46.89,0.727,4.844,0.297
11,ec.gp.GPIndividual@895686485{1037189751},3C_20_66-03.txt,118.340,0.100,11.834,6,14.438,122.00,2.406,5.781,0.297
11,ec.gp.GPIndividual@735203461{88819634},3C_20_50-02.txt,61.404,0.100,6.140,1,1.219,19.85,1.219,1.219,1.219
11,ec.gp.GPIndividual@735203461{88819634},3C_20_80-02.txt,35.738,0.100,3.574,1,1.375,38.47,1.375,1.375,1.219
11,ec.gp.GPIndividual@735203461{88819634},3C_20_80-02.txt,35.738,0.100,3.574,2,2.391,66.89,1.195,1.891,0.500
11,ec.gp.GPIndividual@735203461{88819634},3C_20_66-01.txt,7.322,0.100,0.732,3,1.703,232.60,0.568,1.891,0.172
11,ec.gp.GPIndividual@735203461{88819634},3C_20_66-02.txt,154.245,0.100,15.424,0,0.000,0.00,0.000,1.891,0.172
11,ec.gp.GPIndividual@735203461{88819634},3C_20_80-03.txt,169.439,0.100,16.944,1,2.406,14.20,2.406,2.406,0.172
11,ec.gp.GPIndividual@205966130{-1647464448},3C_20_50-02.txt,61.404,0.100,6.140,2,1.625,26.46,0.813,1.328,0.297
11,ec.gp.GPIndividual@205966130{-1647464448},3C_20_50-03.txt,30.993,0.100,3.099,3,6.938,223.84,2.313,4.766,0.297
11,ec.gp.GPIndividual@205966130{-1647464448},3C_20_80-03.txt,169.439,0.100,16.944,2,3.047,17.98,1.523,4.766,0.297
11,ec.gp.GPIndividual@205966130{-1647464448},3C_20_50-03.txt,30.993,0.100,3.099,3,3.000,96.80,1.000,4.766,0.297
11,ec.gp.GPIndividual@205966130{-1647464448},3C_20_66-03.txt,118.340,0.100,11.834,3,10.094,85.29,3.365,4.813,0.297
11,ec.gp.GPIndividual@205966130{-1647464448},3C_20_66-01.txt,7.322,0.100,0.732,2,5.672,774.62,2.836,5.313,0.297
11,ec.gp.GPIndividual@205966130{-1647464448},3C_20_80-01.txt,4.194,0.100,0.419,2,2.578,614.65,1.289,5.313,0.297
11,ec.gp.GPIndividual@1974736640{1321247094},3C_20_50-02.txt,61.404,0.100,6.140,1,0.141,2.29,0.141,0.141,0.141
11,ec.gp.GPIndividual@1974736640{1321247094},3C_20_66-02.txt,154.245,0.100,15.424,3,10.516,68.17,3.505,6.078,0.141
11,ec.gp.GPIndividual@1974736640{1321247094},3C_20_66-01.txt,7.322,0.100,0.732,1,4.750,648.71,4.750,6.078,0.141
11,ec.gp.GPIndividual@1974736640{1321247094},3C_20_80-01.txt,4.194,0.100,0.419,2,0.625,149.01,0.313,6.078,0.141
11,ec.gp.GPIndividual@1974736640{1321247094},3C_20_80-02.txt,35.738,0.100,3.574,2,2.859,80.01,1.430,6.078,0.141
11,ec.gp.GPIndividual@1974736640{1321247094},3C_20_50-03.txt,30.993,0.100,3.099,2,3.656,117.97,1.828,6.078,0.141
11,ec.gp.GPIndividual@1974736640{1321247094},3C_20_80-03.txt,169.439,0.100,16.944,1,1.141,6.73,1.141,6.078,0.141
11,ec.gp.GPIndividual@1974736640{1321247094},3C_20_80-02.txt,35.738,0.100,3.574,1,0.469,13.12,0.469,6.078,0.141
11,ec.gp.GPIndividual@1974736640{1321247094},3C_20_66-03.txt,118.340,0.100,11.834,1,1.125,9.51,1.125,6.078,0.141
11,ec.gp.GPIndividual@1974736640{1321247094},3C_20_66-02.txt,154.245,0.100,15.424,7,13.953,90.46,1.993,6.078,0.141
11,ec.gp.GPIndividual@1974736640{1321247094},3C_20_80-03.txt,169.439,0.100,16.944,2,9.234,54.50,4.617,6.078,0.141
11,ec.gp.GPIndividual@1974736640{1321247094},3C_20_66-01.txt,7.322,0.100,0.732,1,0.344,46.95,0.344,6.078,0.141
11,ec.gp.GPIndividual@1974736640{1321247094},3C_20_80-01.txt,4.194,0.100,0.419,2,4.656,1110.09,2.328,6.078,0.141
11,ec.gp.GPIndividual@835741640{-1205516383},3C_20_50-02.txt,61.404,0.100,6.140,1,0.125,2.04,0.125,0.125,0.125
11,ec.gp.GPIndividual@835741640{-1205516383},3C_20_66-02.txt,154.245,0.100,15.424,1,1.141,7.39,1.141,1.141,0.125
11,ec.gp.GPIndividual@835741640{-1205516383},3C_20_66-03.txt,118.340,0.100,11.834,4,8.469,71.56,2.117,5.938,0.125
11,ec.gp.GPIndividual@835741640{-1205516383},3C_20_50-03.txt,30.993,0.100,3.099,2,4.750,153.26,2.375,5.938,0.125
11,ec.gp.GPIndividual@1603137461{-436917072},3C_20_50-02.txt,61.404,0.100,6.140,1,1.438,23.41,1.438,1.438,1.438
11,ec.gp.GPIndividual@1603137461{-436917072},3C_20_80-02.txt,35.738,0.100,3.574,4,3.859,107.99,0.965,1.547,0.469
11,ec.gp.GPIndividual@1603137461{-436917072},3C_20_66-01.txt,7.322,0.100,0.732,1,1.078,147.24,1.078,1.547,0.469
11,ec.gp.GPIndividual@1603137461{-436917072},3C_20_50-03.txt,30.993,0.100,3.099,1,1.359,43.86,1.359,1.547,0.469
11,ec.gp.GPIndividual@1603137461{-436917072},3C_20_66-03.txt,118.340,0.100,11.834,4,11.875,100.35,2.969,5.391,0.453
11,ec.gp.GPIndividual@1603137461{-436917072},3C_20_66-02.txt,154.245,0.100,15.424,1,0.484,3.14,0.484,5.391,0.453
11,ec.gp.GPIndividual@1603137461{-436917072},3C_20_80-01.txt,4.194,0.100,0.419,1,1.266,301.74,1.266,5.391,0.453
11,ec.gp.GPIndividual@1603137461{-436917072},3C_20_80-03.txt,169.439,0.100,16.944,3,0.875,5.16,0.292,5.391,0.000
11,ec.gp.GPIndividual@1603137461{-436917072},3C_20_66-01.txt,7.322,0.100,0.732,3,0.719,98.16,0.240,5.391,0.000
11,ec.gp.GPIndividual@1603137461{-436917072},3C_20_80-02.txt,35.738,0.100,3.574,3,4.422,123.73,1.474,5.391,0.000
11,ec.gp.GPIndividual@1603137461{-436917072},3C_20_66-03.txt,118.340,0.100,11.834,3,7.344,62.06,2.448,5.391,0.000
11,ec.gp.GPIndividual@1603137461{-436917072},3C_20_66-02.txt,154.245,0.100,15.424,3,8.609,55.82,2.870,5.750,0.000
11,ec.gp.GPIndividual@1603137461{-436917072},3C_20_80-03.txt,169.439,0.100,16.944,1,2.516,14.85,2.516,5.750,0.000
11,ec.gp.GPIndividual@1603137461{-436917072},3C_20_80-01.txt,4.194,0.100,0.419,2,0.344,81.95,0.172,5.750,0.000
11,ec.gp.GPIndividual@1603137461{-436917072},3C_20_80-02.txt,35.738,0.100,3.574,1,6.609,184.94,6.609,6.609,0.000
11,ec.gp.GPIndividual@748202051{2342634},3C_20_50-02.txt,61.404,0.100,6.140,3,7.484,121.89,2.495,4.734,0.313
11,ec.gp.GPIndividual@748202051{2342634},3C_20_80-01.txt,4.194,0.100,0.419,2,1.734,413.49,0.867,4.734,0.188
11,ec.gp.GPIndividual@748202051{2342634},3C_20_80-03.txt,169.439,0.100,16.944,1,1.391,8.21,1.391,4.734,0.188
11,ec.gp.GPIndividual@748202051{2342634},3C_20_66-03.txt,118.340,0.100,11.834,1,1.375,11.62,1.375,4.734,0.188
11,ec.gp.GPIndividual@748202051{2342634},3C_20_80-02.txt,35.738,0.100,3.574,1,3.188,89.19,3.188,4.734,0.188
11,ec.gp.GPIndividual@472137735{-1101041313},3C_20_50-02.txt,61.404,0.100,6.140,2,2.047,33.33,1.023,1.719,0.328
11,ec.gp.GPIndividual@472137735{-1101041313},3C_20_50-03.txt,30.993,0.100,3.099,1,1.578,50.92,1.578,1.719,0.328
11,ec.gp.GPIndividual@472137735{-1101041313},3C_20_80-03.txt,169.439,0.100,16.944,8,23.141,136.57,2.893,6.125,0.172
11,ec.gp.GPIndividual@472137735{-1101041313},3C_20_50-03.txt,30.993,0.100,3.099,2,1.219,39.32,0.609,6.125,0.000
11,ec.gp.GPIndividual@472137735{-1101041313},3C_20_80-01.txt,4.194,0.100,0.419,2,3.359,800.90,1.680,6.125,0.000
11,ec.gp.GPIndividual@349673044{-671215392},3C_20_50-02.txt,61.404,0.100,6.140,1,3.188,51.91,3.188,3.188,3.188
11,ec.gp.GPIndividual@349673044{-671215392},3C_20_66-01.txt,7.322,0.100,0.732,2,0.578,78.96,0.289,3.188,0.141
11,ec.gp.GPIndividual@349673044{-671215392},3C_20_50-03.txt,30.993,0.100,3.099,4,3.141,101.33,0.785,3.188,0.141
11,ec.gp.GPIndividual@1859185405{-1319172748},3C_20_50-02.txt,61.404,0.100,6.140,4,6.547,106.62,1.637,5.672,0.156
11,ec.gp.GPIndividual@1254596314{-1867353312},3C_20_50-02.txt,61.404,0.100,6.140,0,0.000,0.00,0.000,0.000,0.000
11,ec.gp.GPIndividual@1254596314{-1867353312},3C_20_50-03.txt,30.993,0.100,3.099,2,1.172,37.81,0.586,0.844,0.328
11,ec.gp.GPIndividual@1254596314{-1867353312},3C_20_66-02.txt,154.245,0.100,15.424,2,1.281,8.31,0.641,1.281,0.000
11,ec.gp.GPIndividual@1254596314{-1867353312},3C_20_66-01.txt,7.322,0.100,0.732,3,0.797,108.83,0.266,1.281,0.000
11,ec.gp.GPIndividual@1254596314{-1867353312},3C_20_66-02.txt,154.245,0.100,15.424,2,1.078,6.99,0.539,1.281,0.000
11,ec.gp.GPIndividual@1254596314{-1867353312},3C_20_50-03.txt,30.993,0.100,3.099,4,3.453,111.42,0.863,1.281,0.000
11,ec.gp.GPIndividual@1254596314{-1867353312},3C_20_66-01.txt,7.322,0.100,0.732,3,2.016,275.28,0.672,1.359,0.000
11,ec.gp.GPIndividual@1254596314{-1867353312},3C_20_66-01.txt,7.322,0.100,0.732,1,1.359,185.65,1.359,1.359,0.000
11,ec.gp.GPIndividual@1254596314{-1867353312},3C_20_80-02.txt,35.738,0.100,3.574,6,5.750,160.89,0.958,2.375,0.000
11,ec.gp.GPIndividual@1254596314{-1867353312},3C_20_66-03.txt,118.340,0.100,11.834,1,0.125,1.06,0.125,2.375,0.000
11,ec.gp.GPIndividual@1254596314{-1867353312},3C_20_66-02.txt,154.245,0.100,15.424,1,0.125,0.81,0.125,2.375,0.000
11,ec.gp.GPIndividual@1254596314{-1867353312},3C_20_66-03.txt,118.340,0.100,11.834,1,0.125,1.06,0.125,2.375,0.000
11,ec.gp.GPIndividual@1254596314{-1867353312},3C_20_66-02.txt,154.245,0.100,15.424,7,12.734,82.56,1.819,2.484,0.000
11,ec.gp.GPIndividual@1254596314{-1867353312},3C_20_66-03.txt,118.340,0.100,11.834,1,0.984,8.32,0.984,2.484,0.000
11,ec.gp.GPIndividual@1254596314{-1867353312},3C_20_80-03.txt,169.439,0.100,16.944,4,14.516,85.67,3.629,4.781,0.000
11,ec.gp.GPIndividual@1254596314{-1867353312},3C_20_66-03.txt,118.340,0.100,11.834,1,1.641,13.86,1.641,4.781,0.000
11,ec.gp.GPIndividual@1254596314{-1867353312},3C_20_80-01.txt,4.194,0.100,0.419,2,0.344,81.95,0.172,4.781,0.000
11,ec.gp.GPIndividual@1254596314{-1867353312},3C_20_80-02.txt,35.738,0.100,3.574,2,3.703,103.62,1.852,4.781,0.000
11,ec.gp.GPIndividual@1254596314{-1867353312},3C_20_80-01.txt,4.194,0.100,0.419,2,0.172,40.98,0.086,4.781,0.000
11,ec.gp.GPIndividual@1254596314{-1867353312},3C_20_80-02.txt,35.738,0.100,3.574,1,4.844,135.53,4.844,4.844,0.000
11,ec.gp.GPIndividual@1254596314{-1867353312},3C_20_80-01.txt,4.194,0.100,0.419,2,1.719,409.76,0.859,4.844,0.000
11,ec.gp.GPIndividual@1254596314{-1867353312},3C_20_80-03.txt,169.439,0.100,16.944,4,17.547,103.56,4.387,5.813,0.000
11,ec.gp.GPIndividual@1254596314{-1867353312},3C_20_80-03.txt,169.439,0.100,16.944,2,1.531,9.04,0.766,5.813,0.000
11,ec.gp.GPIndividual@1254596314{-1867353312},3C_20_80-02.txt,35.738,0.100,3.574,1,2.484,69.52,2.484,5.813,0.000
11,ec.gp.GPIndividual@848171262{1925773255},3C_20_50-02.txt,61.404,0.100,6.140,4,8.422,137.15,2.105,4.781,0.500
11,ec.gp.GPIndividual@848171262{1925773255},3C_20_66-01.txt,7.322,0.100,0.732,1,1.844,251.80,1.844,4.781,0.500
11,ec.gp.GPIndividual@848171262{1925773255},3C_20_80-03.txt,169.439,0.100,16.944,6,14.375,84.84,2.396,6.266,0.000
11,ec.gp.GPIndividual@848171262{1925773255},3C_20_80-01.txt,4.194,0.100,0.419,1,6.438,1534.75,6.438,6.438,0.000
11,ec.gp.GPIndividual@867006633{1437038339},3C_20_50-02.txt,61.404,0.100,6.140,3,2.813,45.80,0.938,1.953,0.344
11,ec.gp.GPIndividual@867006633{1437038339},3C_20_50-03.txt,30.993,0.100,3.099,2,3.188,102.85,1.594,1.953,0.344
11,ec.gp.GPIndividual@867006633{1437038339},3C_20_80-02.txt,35.738,0.100,3.574,4,3.703,103.62,0.926,1.953,0.000
11,ec.gp.GPIndividual@867006633{1437038339},3C_20_50-03.txt,30.993,0.100,3.099,3,5.953,192.08,1.984,4.406,0.000
11,ec.gp.GPIndividual@64390611{1433191604},3C_20_50-02.txt,61.404,0.100,6.140,3,2.719,44.28,0.906,1.547,0.500
11,ec.gp.GPIndividual@64390611{1433191604},3C_20_66-01.txt,7.322,0.100,0.732,1,1.000,136.57,1.000,1.547,0.500
11,ec.gp.GPIndividual@64390611{1433191604},3C_20_66-02.txt,154.245,0.100,15.424,2,1.344,8.71,0.672,1.547,0.000
11,ec.gp.GPIndividual@64390611{1433191604},3C_20_66-01.txt,7.322,0.100,0.732,2,6.188,845.03,3.094,5.891,0.000
11,ec.gp.GPIndividual@1567498391{-1698026970},3C_20_50-02.txt,61.404,0.100,6.140,2,0.281,4.58,0.141,0.281,0.000
11,ec.gp.GPIndividual@1567498391{-1698026970},3C_20_50-03.txt,30.993,0.100,3.099,2,0.563,18.15,0.281,0.563,0.000
11,ec.gp.GPIndividual@1567498391{-1698026970},3C_20_80-03.txt,169.439,0.100,16.944,3,1.016,5.99,0.339,1.016,0.000
11,ec.gp.GPIndividual@1567498391{-1698026970},3C_20_66-01.txt,7.322,0.100,0.732,5,5.219,712.73,1.044,4.672,0.000
11,ec.gp.GPIndividual@1567498391{-1698026970},3C_20_66-02.txt,154.245,0.100,15.424,1,1.266,8.21,1.266,4.672,0.000
11,ec.gp.GPIndividual@1567498391{-1698026970},3C_20_66-01.txt,7.322,0.100,0.732,2,4.375,597.50,2.188,4.672,0.000
11,ec.gp.GPIndividual@1567498391{-1698026970},3C_20_66-03.txt,118.340,0.100,11.834,1,0.406,3.43,0.406,4.672,0.000
11,ec.gp.GPIndividual@1567498391{-1698026970},3C_20_66-02.txt,154.245,0.100,15.424,5,7.563,49.03,1.513,4.672,0.000
11,ec.gp.GPIndividual@1567498391{-1698026970},3C_20_66-03.txt,118.340,0.100,11.834,8,11.875,100.35,1.484,4.672,0.000
11,ec.gp.GPIndividual@1567498391{-1698026970},3C_20_80-01.txt,4.194,0.100,0.419,3,0.438,104.30,0.146,4.672,0.000
11,ec.gp.GPIndividual@1567498391{-1698026970},3C_20_80-02.txt,35.738,0.100,3.574,1,1.313,36.73,1.313,4.672,0.000
11,ec.gp.GPIndividual@1567498391{-1698026970},3C_20_66-03.txt,118.340,0.100,11.834,1,3.000,25.35,3.000,4.672,0.000
11,ec.gp.GPIndividual@235114734{-211865112},3C_20_50-02.txt,61.404,0.100,6.140,3,6.281,102.29,2.094,4.453,0.406
11,ec.gp.GPIndividual@235114734{-211865112},3C_20_80-03.txt,169.439,0.100,16.944,2,5.531,32.64,2.766,4.844,0.406
11,ec.gp.GPIndividual@235114734{-211865112},3C_20_80-01.txt,4.194,0.100,0.419,0,0.000,0.00,0.000,4.844,0.406
11,ec.gp.GPIndividual@235114734{-211865112},3C_20_80-01.txt,4.194,0.100,0.419,3,0.438,104.30,0.146,4.844,0.000
11,ec.gp.GPIndividual@235114734{-211865112},3C_20_80-02.txt,35.738,0.100,3.574,4,2.953,82.63,0.738,4.844,0.000
11,ec.gp.GPIndividual@235114734{-211865112},3C_20_50-03.txt,30.993,0.100,3.099,3,3.031,97.81,1.010,4.844,0.000
11,ec.gp.GPIndividual@235114734{-211865112},3C_20_80-03.txt,169.439,0.100,16.944,2,0.422,2.49,0.211,4.844,0.000
11,ec.gp.GPIndividual@235114734{-211865112},3C_20_80-02.txt,35.738,0.100,3.574,2,5.938,166.14,2.969,4.844,0.000
11,ec.gp.GPIndividual@235114734{-211865112},3C_20_80-01.txt,4.194,0.100,0.419,3,1.875,447.02,0.625,4.844,0.000
11,ec.gp.GPIndividual@235114734{-211865112},3C_20_80-02.txt,35.738,0.100,3.574,2,5.375,150.40,2.688,4.844,0.000
11,ec.gp.GPIndividual@306325805{1892354479},3C_20_50-02.txt,61.404,0.100,6.140,2,1.469,23.92,0.734,1.172,0.297
11,ec.gp.GPIndividual@306325805{1892354479},3C_20_66-01.txt,7.322,0.100,0.732,2,2.875,392.64,1.438,1.438,0.297
11,ec.gp.GPIndividual@306325805{1892354479},3C_20_80-03.txt,169.439,0.100,16.944,2,1.516,8.94,0.758,1.438,0.297
11,ec.gp.GPIndividual@306325805{1892354479},3C_20_50-03.txt,30.993,0.100,3.099,2,5.781,186.54,2.891,4.406,0.297
11,ec.gp.GPIndividual@687494921{1972341695},3C_20_50-02.txt,61.404,0.100,6.140,6,3.641,59.29,0.607,0.859,0.188
11,ec.gp.GPIndividual@687494921{1972341695},3C_20_80-02.txt,35.738,0.100,3.574,1,0.609,17.05,0.609,0.859,0.188
11,ec.gp.GPIndividual@687494921{1972341695},3C_20_80-03.txt,169.439,0.100,16.944,4,3.109,18.35,0.777,0.984,0.188
11,ec.gp.GPIndividual@687494921{1972341695},3C_20_80-03.txt,169.439,0.100,16.944,3,11.516,67.96,3.839,6.422,0.188
11,ec.gp.GPIndividual@687494921{1972341695},3C_20_50-03.txt,30.993,0.100,3.099,2,7.156,230.90,3.578,6.422,0.188
11,ec.gp.GPIndividual@903942639{902941025},3C_20_50-02.txt,61.404,0.100,6.140,2,0.000,0.00,0.000,0.000,0.000
11,ec.gp.GPIndividual@903942639{902941025},3C_20_50-03.txt,30.993,0.100,3.099,2,0.000,0.00,0.000,0.000,0.000
11,ec.gp.GPIndividual@903942639{902941025},3C_20_66-01.txt,7.322,0.100,0.732,2,0.000,0.00,0.000,0.000,0.000
11,ec.gp.GPIndividual@903942639{902941025},3C_20_66-02.txt,154.245,0.100,15.424,2,0.000,0.00,0.000,0.000,0.000
11,ec.gp.GPIndividual@903942639{902941025},3C_20_66-03.txt,118.340,0.100,11.834,2,0.000,0.00,0.000,0.000,0.000
11,ec.gp.GPIndividual@903942639{902941025},3C_20_80-01.txt,4.194,0.100,0.419,2,0.000,0.00,0.000,0.000,0.000
11,ec.gp.GPIndividual@903942639{902941025},3C_20_80-02.txt,35.738,0.100,3.574,2,0.000,0.00,0.000,0.000,0.000
11,ec.gp.GPIndividual@903942639{902941025},3C_20_80-03.txt,169.439,0.100,16.944,2,0.000,0.00,0.000,0.000,0.000
11,ec.gp.GPIndividual@874956103{-1937233088},3C_20_50-02.txt,61.404,0.100,6.140,4,1.297,21.12,0.324,0.438,0.078
11,ec.gp.GPIndividual@874956103{-1937233088},3C_20_50-03.txt,30.993,0.100,3.099,1,0.422,13.61,0.422,0.438,0.078
11,ec.gp.GPIndividual@874956103{-1937233088},3C_20_66-03.txt,118.340,0.100,11.834,4,5.719,48.32,1.430,1.984,0.078
11,ec.gp.GPIndividual@874956103{-1937233088},3C_20_66-01.txt,7.322,0.100,0.732,2,0.531,72.55,0.266,1.984,0.078
11,ec.gp.GPIndividual@874956103{-1937233088},3C_20_66-02.txt,154.245,0.100,15.424,2,1.094,7.09,0.547,1.984,0.078
11,ec.gp.GPIndividual@874956103{-1937233088},3C_20_66-03.txt,118.340,0.100,11.834,2,3.281,27.73,1.641,3.281,0.000
11,ec.gp.GPIndividual@874956103{-1937233088},3C_20_80-01.txt,4.194,0.100,0.419,2,1.969,469.37,0.984,3.281,0.000
11,ec.gp.GPIndividual@874956103{-1937233088},3C_20_80-01.txt,4.194,0.100,0.419,3,0.422,100.58,0.141,3.281,0.000
11,ec.gp.GPIndividual@874956103{-1937233088},3C_20_80-02.txt,35.738,0.100,3.574,0,0.000,0.00,0.000,3.281,0.000
11,ec.gp.GPIndividual@874956103{-1937233088},3C_20_80-02.txt,35.738,0.100,3.574,4,1.797,50.28,0.449,3.281,0.000
11,ec.gp.GPIndividual@874956103{-1937233088},3C_20_80-03.txt,169.439,0.100,16.944,2,0.734,4.33,0.367,3.281,0.000
11,ec.gp.GPIndividual@874956103{-1937233088},3C_20_80-03.txt,169.439,0.100,16.944,4,14.922,88.07,3.730,6.172,0.000
11,ec.gp.GPIndividual@476807329{1165306903},3C_20_50-02.txt,61.404,0.100,6.140,2,0.563,9.16,0.281,0.484,0.078
11,ec.gp.GPIndividual@476807329{1165306903},3C_20_50-03.txt,30.993,0.100,3.099,3,2.422,78.14,0.807,1.156,0.078
11,ec.gp.GPIndividual@476807329{1165306903},3C_20_66-01.txt,7.322,0.100,0.732,1,3.313,452.39,3.313,3.313,0.078
11,ec.gp.GPIndividual@2108738404{-238866191},3C_20_50-02.txt,61.404,0.100,6.140,4,1.297,21.12,0.324,0.531,0.078
11,ec.gp.GPIndividual@2108738404{-238866191},3C_20_50-03.txt,30.993,0.100,3.099,1,0.391,12.60,0.391,0.531,0.078
11,ec.gp.GPIndividual@2108738404{-238866191},3C_20_66-02.txt,154.245,0.100,15.424,4,2.688,17.42,0.672,1.188,0.078
11,ec.gp.GPIndividual@2108738404{-238866191},3C_20_66-03.txt,118.340,0.100,11.834,4,7.078,59.81,1.770,2.516,0.078
11,ec.gp.GPIndividual@2108738404{-238866191},3C_20_66-01.txt,7.322,0.100,0.732,3,0.641,87.49,0.214,2.516,0.078
11,ec.gp.GPIndividual@2108738404{-238866191},3C_20_66-02.txt,154.245,0.100,15.424,2,3.578,23.20,1.789,2.922,0.078
11,ec.gp.GPIndividual@2108738404{-238866191},3C_20_80-01.txt,4.194,0.100,0.419,2,0.578,137.83,0.289,2.922,0.078
11,ec.gp.GPIndividual@2108738404{-238866191},3C_20_66-03.txt,118.340,0.100,11.834,1,0.141,1.19,0.141,2.922,0.078
11,ec.gp.GPIndividual@2108738404{-238866191},3C_20_80-02.txt,35.738,0.100,3.574,3,1.250,34.98,0.417,2.922,0.078
11,ec.gp.GPIndividual@2108738404{-238866191},3C_20_80-03.txt,169.439,0.100,16.944,5,15.156,89.45,3.031,5.750,0.078
11,ec.gp.GPIndividual@2108738404{-238866191},3C_20_80-01.txt,4.194,0.100,0.419,2,0.297,70.78,0.148,5.750,0.078
11,ec.gp.GPIndividual@2108738404{-238866191},3C_20_80-02.txt,35.738,0.100,3.574,3,1.359,38.04,0.453,5.750,0.078
11,ec.gp.GPIndividual@2108738404{-238866191},3C_20_80-03.txt,169.439,0.100,16.944,1,3.016,17.80,3.016,5.750,0.078
11,ec.gp.GPIndividual@344174113{1386655020},3C_20_50-02.txt,61.404,0.100,6.140,2,0.313,5.09,0.156,0.266,0.047
11,ec.gp.GPIndividual@344174113{1386655020},3C_20_50-03.txt,30.993,0.100,3.099,2,1.141,36.80,0.570,0.672,0.047
11,ec.gp.GPIndividual@344174113{1386655020},3C_20_66-01.txt,7.322,0.100,0.732,2,0.344,46.95,0.172,0.672,0.047
11,ec.gp.GPIndividual@344174113{1386655020},3C_20_66-02.txt,154.245,0.100,15.424,2,0.453,2.94,0.227,0.672,0.047
11,ec.gp.GPIndividual@344174113{1386655020},3C_20_66-03.txt,118.340,0.100,11.834,3,5.453,46.08,1.818,4.219,0.047
11,ec.gp.GPIndividual@344174113{1386655020},3C_20_80-01.txt,4.194,0.100,0.419,2,0.266,63.33,0.133,4.219,0.047
11,ec.gp.GPIndividual@344174113{1386655020},3C_20_80-02.txt,35.738,0.100,3.574,2,0.453,12.68,0.227,4.219,0.047
11,ec.gp.GPIndividual@344174113{1386655020},3C_20_80-03.txt,169.439,0.100,16.944,2,1.469,8.67,0.734,4.219,0.047
12,ec.gp.GPIndividual@600594815{659197435},3C_20_50-02.txt,61.404,0.100,6.140,2,0.375,6.11,0.188,0.188,0.188
12,ec.gp.GPIndividual@600594815{659197435},3C_20_50-03.txt,30.993,0.100,3.099,4,1.375,44.37,0.344,0.344,0.188
12,ec.gp.GPIndividual@600594815{659197435},3C_20_50-03.txt,30.993,0.100,3.099,1,1.141,36.80,1.141,1.141,0.188
12,ec.gp.GPIndividual@600594815{659197435},3C_20_50-03.txt,30.993,0.100,3.099,1,1.313,42.35,1.313,1.313,0.188
12,ec.gp.GPIndividual@600594815{659197435},3C_20_50-03.txt,30.993,0.100,3.099,1,1.313,42.35,1.313,1.313,0.188
12,ec.gp.GPIndividual@600594815{659197435},3C_20_66-01.txt,7.322,0.100,0.732,3,3.938,537.75,1.313,1.313,0.188
12,ec.gp.GPIndividual@600594815{659197435},3C_20_50-03.txt,30.993,0.100,3.099,0,0.000,0.00,0.000,1.313,0.188
12,ec.gp.GPIndividual@600594815{659197435},3C_20_66-01.txt,7.322,0.100,0.732,1,0.406,55.48,0.406,1.313,0.188
12,ec.gp.GPIndividual@600594815{659197435},3C_20_50-03.txt,30.993,0.100,3.099,1,0.406,13.11,0.406,1.313,0.188
12,ec.gp.GPIndividual@600594815{659197435},3C_20_66-02.txt,154.245,0.100,15.424,1,0.406,2.63,0.406,1.313,0.188
12,ec.gp.GPIndividual@600594815{659197435},3C_20_66-02.txt,154.245,0.100,15.424,5,7.828,50.75,1.566,2.594,0.188
12,ec.gp.GPIndividual@600594815{659197435},3C_20_66-03.txt,118.340,0.100,11.834,1,2.594,21.92,2.594,2.594,0.188
12,ec.gp.GPIndividual@600594815{659197435},3C_20_66-03.txt,118.340,0.100,11.834,1,4.156,35.12,4.156,4.156,0.188
12,ec.gp.GPIndividual@600594815{659197435},3C_20_66-01.txt,7.322,0.100,0.732,1,4.328,591.10,4.328,4.328,0.188
12,ec.gp.GPIndividual@600594815{659197435},3C_20_66-01.txt,7.322,0.100,0.732,1,4.328,591.10,4.328,4.328,0.188
12,ec.gp.GPIndividual@600594815{659197435},3C_20_66-01.txt,7.322,0.100,0.732,2,4.422,603.90,2.211,4.328,0.188
12,ec.gp.GPIndividual@600594815{659197435},3C_20_66-01.txt,7.322,0.100,0.732,2,0.844,115.23,0.422,4.328,0.188
12,ec.gp.GPIndividual@600594815{659197435},3C_20_66-02.txt,154.245,0.100,15.424,4,11.141,72.23,2.785,4.875,0.188
12,ec.gp.GPIndividual@600594815{659197435},3C_20_80-01.txt,4.194,0.100,0.419,0,0.000,0.00,0.000,4.875,0.188
12,ec.gp.GPIndividual@600594815{659197435},3C_20_80-01.txt,4.194,0.100,0.419,1,1.047,249.58,1.047,4.875,0.188
12,ec.gp.GPIndividual@600594815{659197435},3C_20_66-02.txt,154.245,0.100,15.424,2,0.563,3.65,0.281,4.875,0.188
12,ec.gp.GPIndividual@600594815{659197435},3C_20_80-02.txt,35.738,0.100,3.574,0,0.000,0.00,0.000,4.875,0.188
12,ec.gp.GPIndividual@600594815{659197435},3C_20_80-02.txt,35.738,0.100,3.574,3,4.391,122.86,1.464,4.875,0.188
12,ec.gp.GPIndividual@600594815{659197435},3C_20_66-02.txt,154.245,0.100,15.424,2,1.531,9.93,0.766,4.875,0.188
12,ec.gp.GPIndividual@600594815{659197435},3C_20_66-02.txt,154.245,0.100,15.424,2,3.000,19.45,1.500,4.875,0.188
12,ec.gp.GPIndividual@600594815{659197435},3C_20_80-03.txt,169.439,0.100,16.944,0,0.000,0.00,0.000,4.875,0.188
12,ec.gp.GPIndividual@600594815{659197435},3C_20_80-03.txt,169.439,0.100,16.944,4,7.938,46.85,1.984,4.875,0.188
12,ec.gp.GPIndividual@600594815{659197435},3C_20_66-03.txt,118.340,0.100,11.834,1,1.438,12.15,1.438,4.875,0.188
12,ec.gp.GPIndividual@600594815{659197435},3C_20_66-03.txt,118.340,0.100,11.834,4,6.688,56.51,1.672,4.875,0.188
12,ec.gp.GPIndividual@600594815{659197435},3C_20_66-03.txt,118.340,0.100,11.834,1,1.609,13.60,1.609,4.875,0.188
12,ec.gp.GPIndividual@600594815{659197435},3C_20_66-03.txt,118.340,0.100,11.834,2,12.141,102.59,6.070,6.156,0.188
12,ec.gp.GPIndividual@1692807139{1927803723},3C_20_50-02.txt,61.404,0.100,6.140,3,10.047,163.62,3.349,4.766,0.531
12,ec.gp.GPIndividual@1692807139{1927803723},3C_20_80-01.txt,4.194,0.100,0.419,2,0.172,40.98,0.086,4.766,0.000
12,ec.gp.GPIndividual@1692807139{1927803723},3C_20_80-02.txt,35.738,0.100,3.574,1,0.500,13.99,0.500,4.766,0.000
12,ec.gp.GPIndividual@1692807139{1927803723},3C_20_80-01.txt,4.194,0.100,0.419,2,2.750,655.62,1.375,4.766,0.000
12,ec.gp.GPIndividual@848589904{1196583546},3C_20_50-02.txt,61.404,0.100,6.140,4,8.359,136.14,2.090,4.781,0.422
12,ec.gp.GPIndividual@848589904{1196583546},3C_20_80-01.txt,4.194,0.100,0.419,1,1.078,257.03,1.078,4.781,0.422
12,ec.gp.GPIndividual@848589904{1196583546},3C_20_50-03.txt,30.993,0.100,3.099,2,1.578,50.92,0.789,4.781,0.172
12,ec.gp.GPIndividual@848589904{1196583546},3C_20_80-02.txt,35.738,0.100,3.574,2,6.031,168.76,3.016,4.781,0.172
12,ec.gp.GPIndividual@848589904{1196583546},3C_20_80-01.txt,4.194,0.100,0.419,1,1.859,443.29,1.859,4.781,0.172
12,ec.gp.GPIndividual@848589904{1196583546},3C_20_50-03.txt,30.993,0.100,3.099,4,2.641,85.20,0.660,4.781,0.000
12,ec.gp.GPIndividual@848589904{1196583546},3C_20_66-01.txt,7.322,0.100,0.732,3,0.594,81.09,0.198,4.781,0.000
12,ec.gp.GPIndividual@848589904{1196583546},3C_20_66-02.txt,154.245,0.100,15.424,2,1.859,12.05,0.930,4.781,0.000
12,ec.gp.GPIndividual@848589904{1196583546},3C_20_80-02.txt,35.738,0.100,3.574,3,3.000,83.94,1.000,4.781,0.000
12,ec.gp.GPIndividual@848589904{1196583546},3C_20_80-02.txt,35.738,0.100,3.574,2,1.844,51.59,0.922,4.781,0.000
12,ec.gp.GPIndividual@848589904{1196583546},3C_20_80-03.txt,169.439,0.100,16.944,4,3.766,22.22,0.941,4.781,0.000
12,ec.gp.GPIndividual@848589904{1196583546},3C_20_80-03.txt,169.439,0.100,16.944,6,10.359,61.14,1.727,4.781,0.000
12,ec.gp.GPIndividual@848589904{1196583546},3C_20_80-03.txt,169.439,0.100,16.944,3,6.938,40.94,2.313,4.781,0.000
12,ec.gp.GPIndividual@848589904{1196583546},3C_20_80-03.txt,169.439,0.100,16.944,1,1.813,10.70,1.813,4.781,0.000
12,ec.gp.GPIndividual@848589904{1196583546},3C_20_66-03.txt,118.340,0.100,11.834,3,11.906,100.61,3.969,6.047,0.000
12,ec.gp.GPIndividual@1509163024{369740031},3C_20_50-02.txt,61.404,0.100,6.140,1,0.359,5.85,0.359,0.359,0.359
12,ec.gp.GPIndividual@1509163024{369740031},3C_20_50-03.txt,30.993,0.100,3.099,1,1.266,40.84,1.266,1.266,0.359
12,ec.gp.GPIndividual@1509163024{369740031},3C_20_66-01.txt,7.322,0.100,0.732,1,0.344,46.95,0.344,1.266,0.344
12,ec.gp.GPIndividual@1509163024{369740031},3C_20_66-02.txt,154.245,0.100,15.424,1,2.469,16.01,2.469,2.469,0.344
12,ec.gp.GPIndividual@1835847194{-2050516452},3C_20_50-02.txt,61.404,0.100,6.140,2,5.609,91.35,2.805,5.109,0.500
12,ec.gp.GPIndividual@1835847194{-2050516452},3C_20_66-01.txt,7.322,0.100,0.732,1,5.828,795.95,5.828,5.828,0.500
12,ec.gp.GPIndividual@227818652{1974108898},3C_20_50-02.txt,61.404,0.100,6.140,3,6.500,105.86,2.167,5.875,0.313
12,ec.gp.GPIndividual@1447933744{1452394607},3C_20_50-02.txt,61.404,0.100,6.140,2,2.078,33.84,1.039,1.594,0.484
12,ec.gp.GPIndividual@1447933744{1452394607},3C_20_50-03.txt,30.993,0.100,3.099,2,7.156,230.90,3.578,4.891,0.484
12,ec.gp.GPIndividual@1447933744{1452394607},3C_20_66-03.txt,118.340,0.100,11.834,2,2.422,20.47,1.211,4.891,0.484
12,ec.gp.GPIndividual@1447933744{1452394607},3C_20_50-03.txt,30.993,0.100,3.099,2,3.031,97.81,1.516,4.891,0.484
12,ec.gp.GPIndividual@1447933744{1452394607},3C_20_50-03.txt,30.993,0.100,3.099,3,3.656,117.97,1.219,4.891,0.484
12,ec.gp.GPIndividual@1447933744{1452394607},3C_20_66-01.txt,7.322,0.100,0.732,0,0.000,0.00,0.000,4.891,0.484
12,ec.gp.GPIndividual@1447933744{1452394607},3C_20_66-01.txt,7.322,0.100,0.732,3,1.375,187.79,0.458,4.891,0.344
12,ec.gp.GPIndividual@1447933744{1452394607},3C_20_66-02.txt,154.245,0.100,15.424,4,7.125,46.19,1.781,4.891,0.344
12,ec.gp.GPIndividual@1447933744{1452394607},3C_20_66-02.txt,154.245,0.100,15.424,1,4.906,31.81,4.906,4.906,0.344
12,ec.gp.GPIndividual@1447933744{1452394607},3C_20_80-01.txt,4.194,0.100,0.419,1,2.500,596.02,2.500,4.906,0.344
12,ec.gp.GPIndividual@1447933744{1452394607},3C_20_66-03.txt,118.340,0.100,11.834,1,0.172,1.45,0.172,4.906,0.172
12,ec.gp.GPIndividual@1447933744{1452394607},3C_20_80-02.txt,35.738,0.100,3.574,1,1.594,44.60,1.594,4.906,0.172
12,ec.gp.GPIndividual@1447933744{1452394607},3C_20_66-02.txt,154.245,0.100,15.424,1,1.438,9.32,1.438,4.906,0.172
12,ec.gp.GPIndividual@1447933744{1452394607},3C_20_80-03.txt,169.439,0.100,16.944,2,7.063,41.68,3.531,4.906,0.172
12,ec.gp.GPIndividual@1447933744{1452394607},3C_20_66-01.txt,7.322,0.100,0.732,2,0.500,68.29,0.250,4.906,0.172
12,ec.gp.GPIndividual@1447933744{1452394607},3C_20_66-02.txt,154.245,0.100,15.424,3,7.875,51.06,2.625,4.906,0.172
12,ec.gp.GPIndividual@1447933744{1452394607},3C_20_66-03.txt,118.340,0.100,11.834,4,10.078,85.16,2.520,4.906,0.172
12,ec.gp.GPIndividual@1447933744{1452394607},3C_20_66-03.txt,118.340,0.100,11.834,1,1.438,12.15,1.438,4.906,0.172
12,ec.gp.GPIndividual@1447933744{1452394607},3C_20_66-03.txt,118.340,0.100,11.834,3,12.391,104.70,4.130,5.563,0.172
12,ec.gp.GPIndividual@1447933744{1452394607},3C_20_80-01.txt,4.194,0.100,0.419,2,0.172,40.98,0.086,5.563,0.000
12,ec.gp.GPIndividual@1447933744{1452394607},3C_20_80-02.txt,35.738,0.100,3.574,1,4.891,136.85,4.891,5.563,0.000
12,ec.gp.GPIndividual@1447933744{1452394607},3C_20_80-01.txt,4.194,0.100,0.419,2,1.922,458.19,0.961,5.563,0.000
12,ec.gp.GPIndividual@1447933744{1452394607},3C_20_80-01.txt,4.194,0.100,0.419,2,1.969,469.37,0.984,5.563,0.000
12,ec.gp.GPIndividual@1447933744{1452394607},3C_20_80-03.txt,169.439,0.100,16.944,1,2.609,15.40,2.609,5.563,0.000
12,ec.gp.GPIndividual@585370529{1581475755},3C_20_50-02.txt,61.404,0.100,6.140,2,1.422,23.16,0.711,0.953,0.469
12,ec.gp.GPIndividual@585370529{1581475755},3C_20_80-02.txt,35.738,0.100,3.574,1,4.813,134.66,4.813,4.813,0.469
12,ec.gp.GPIndividual@585370529{1581475755},3C_20_80-01.txt,4.194,0.100,0.419,2,4.969,1184.59,2.484,4.813,0.172
12,ec.gp.GPIndividual@585370529{1581475755},3C_20_80-01.txt,4.194,0.100,0.419,1,1.016,242.13,1.016,4.813,0.172
12,ec.gp.GPIndividual@585370529{1581475755},3C_20_80-02.txt,35.738,0.100,3.574,2,1.891,52.90,0.945,4.813,0.172
12,ec.gp.GPIndividual@585370529{1581475755},3C_20_50-03.txt,30.993,0.100,3.099,2,2.750,88.73,1.375,4.813,0.172
12,ec.gp.GPIndividual@585370529{1581475755},3C_20_80-02.txt,35.738,0.100,3.574,2,2.141,59.90,1.070,4.813,0.172
12,ec.gp.GPIndividual@585370529{1581475755},3C_20_80-03.txt,169.439,0.100,16.944,2,2.531,14.94,1.266,4.813,0.172
12,ec.gp.GPIndividual@585370529{1581475755},3C_20_66-01.txt,7.322,0.100,0.732,2,1.313,179.25,0.656,4.813,0.172
12,ec.gp.GPIndividual@585370529{1581475755},3C_20_80-03.txt,169.439,0.100,16.944,1,1.469,8.67,1.469,4.813,0.172
12,ec.gp.GPIndividual@585370529{1581475755},3C_20_66-02.txt,154.245,0.100,15.424,1,1.453,9.42,1.453,4.813,0.172
12,ec.gp.GPIndividual@585370529{1581475755},3C_20_80-02.txt,35.738,0.100,3.574,1,5.469,153.02,5.469,5.469,0.172
12,ec.gp.GPIndividual@823928942{561728479},3C_20_50-02.txt,61.404,0.100,6.140,2,0.719,11.71,0.359,0.359,0.359
12,ec.gp.GPIndividual@823928942{561728479},3C_20_50-03.txt,30.993,0.100,3.099,1,1.859,59.99,1.859,1.859,0.359
12,ec.gp.GPIndividual@823928942{561728479},3C_20_80-03.txt,169.439,0.100,16.944,5,8.609,50.81,1.722,2.422,0.359
12,ec.gp.GPIndividual@823928942{561728479},3C_20_66-03.txt,118.340,0.100,11.834,2,6.781,57.30,3.391,5.734,0.359
12,ec.gp.GPIndividual@823928942{561728479},3C_20_80-03.txt,169.439,0.100,16.944,2,8.531,50.35,4.266,5.984,0.359
12,ec.gp.GPIndividual@1489843769{1665902994},3C_20_50-02.txt,61.404,0.100,6.140,2,6.141,100.00,3.070,5.797,0.344
12,ec.gp.GPIndividual@1422085187{2342634},3C_20_50-02.txt,61.404,0.100,6.140,0,0.000,0.00,0.000,0.000,0.000
12,ec.gp.GPIndividual@1422085187{2342634},3C_20_50-03.txt,30.993,0.100,3.099,2,4.578,147.72,2.289,4.234,0.344
12,ec.gp.GPIndividual@1422085187{2342634},3C_20_66-01.txt,7.322,0.100,0.732,3,6.484,885.58,2.161,4.766,0.344
12,ec.gp.GPIndividual@1422085187{2342634},3C_20_66-01.txt,7.322,0.100,0.732,0,0.000,0.00,0.000,4.766,0.344
12,ec.gp.GPIndividual@1422085187{2342634},3C_20_80-01.txt,4.194,0.100,0.419,1,1.172,279.38,1.172,4.766,0.344
12,ec.gp.GPIndividual@1422085187{2342634},3C_20_50-03.txt,30.993,0.100,3.099,2,0.672,21.68,0.336,4.766,0.266
12,ec.gp.GPIndividual@1422085187{2342634},3C_20_66-02.txt,154.245,0.100,15.424,2,5.359,34.75,2.680,4.766,0.266
12,ec.gp.GPIndividual@1422085187{2342634},3C_20_80-02.txt,35.738,0.100,3.574,2,6.828,191.06,3.414,5.422,0.266
12,ec.gp.GPIndividual@455851043{-628824813},3C_20_50-02.txt,61.404,0.100,6.140,4,3.984,64.89,0.996,1.547,0.344
12,ec.gp.GPIndividual@455851043{-628824813},3C_20_66-02.txt,154.245,0.100,15.424,1,2.359,15.30,2.359,2.359,0.344
12,ec.gp.GPIndividual@455851043{-628824813},3C_20_66-03.txt,118.340,0.100,11.834,0,0.000,0.00,0.000,2.359,0.344
12,ec.gp.GPIndividual@455851043{-628824813},3C_20_80-03.txt,169.439,0.100,16.944,2,4.047,23.88,2.023,2.469,0.344
12,ec.gp.GPIndividual@455851043{-628824813},3C_20_66-01.txt,7.322,0.100,0.732,2,2.750,375.57,1.375,2.469,0.328
12,ec.gp.GPIndividual@455851043{-628824813},3C_20_66-03.txt,118.340,0.100,11.834,2,4.438,37.50,2.219,4.438,0.000
12,ec.gp.GPIndividual@1411810445{1270563056},3C_20_50-02.txt,61.404,0.100,6.140,2,0.703,11.45,0.352,0.359,0.344
12,ec.gp.GPIndividual@1411810445{1270563056},3C_20_50-03.txt,30.993,0.100,3.099,1,2.203,71.09,2.203,2.203,0.344
12,ec.gp.GPIndividual@1411810445{1270563056},3C_20_50-03.txt,30.993,0.100,3.099,2,1.922,62.01,0.961,2.203,0.344
12,ec.gp.GPIndividual@1411810445{1270563056},3C_20_66-02.txt,154.245,0.100,15.424,1,4.734,30.69,4.734,4.734,0.344
12,ec.gp.GPIndividual@1411810445{1270563056},3C_20_80-01.txt,4.194,0.100,0.419,1,0.172,40.98,0.172,4.734,0.172
12,ec.gp.GPIndividual@1411810445{1270563056},3C_20_80-02.txt,35.738,0.100,3.574,4,3.594,100.56,0.898,4.734,0.172
12,ec.gp.GPIndividual@1411810445{1270563056},3C_20_66-01.txt,7.322,0.100,0.732,0,0.000,0.00,0.000,4.734,0.172
12,ec.gp.GPIndividual@1411810445{1270563056},3C_20_66-01.txt,7.322,0.100,0.732,3,6.203,847.17,2.068,5.578,0.172
12,ec.gp.GPIndividual@731859834{1593007185},3C_20_50-02.txt,61.404,0.100,6.140,4,0.281,4.58,0.070,0.141,0.000
12,ec.gp.GPIndividual@731859834{1593007185},3C_20_66-02.txt,154.245,0.100,15.424,0,0.000,0.00,0.000,0.141,0.000
12,ec.gp.GPIndividual@731859834{1593007185},3C_20_66-02.txt,154.245,0.100,15.424,2,1.891,12.26,0.945,1.438,0.000
12,ec.gp.GPIndividual@731859834{1593007185},3C_20_80-03.txt,169.439,0.100,16.944,3,8.922,52.66,2.974,4.844,0.000
12,ec.gp.GPIndividual@731859834{1593007185},3C_20_50-03.txt,30.993,0.100,3.099,3,5.969,192.59,1.990,4.844,0.000
12,ec.gp.GPIndividual@731859834{1593007185},3C_20_66-03.txt,118.340,0.100,11.834,1,0.922,7.79,0.922,4.844,0.000
12,ec.gp.GPIndividual@731859834{1593007185},3C_20_66-03.txt,118.340,0.100,11.834,6,11.328,95.73,1.888,5.781,0.000
12,ec.gp.GPIndividual@731859834{1593007185},3C_20_66-03.txt,118.340,0.100,11.834,1,0.875,7.39,0.875,5.781,0.000
12,ec.gp.GPIndividual@824420575{-1222737247},3C_20_50-02.txt,61.404,0.100,6.140,2,9.625,156.75,4.813,4.813,4.813
12,ec.gp.GPIndividual@824420575{-1222737247},3C_20_80-01.txt,4.194,0.100,0.419,1,4.250,1013.23,4.250,4.813,4.250
12,ec.gp.GPIndividual@824420575{-1222737247},3C_20_66-01.txt,7.322,0.100,0.732,3,0.859,117.37,0.286,4.813,0.141
12,ec.gp.GPIndividual@824420575{-1222737247},3C_20_50-03.txt,30.993,0.100,3.099,2,0.859,27.73,0.430,4.813,0.141
12,ec.gp.GPIndividual@824420575{-1222737247},3C_20_80-01.txt,4.194,0.100,0.419,2,5.078,1210.67,2.539,4.844,0.141
12,ec.gp.GPIndividual@824420575{-1222737247},3C_20_80-01.txt,4.194,0.100,0.419,2,0.531,126.65,0.266,4.844,0.141
12,ec.gp.GPIndividual@824420575{-1222737247},3C_20_80-02.txt,35.738,0.100,3.574,4,3.359,94.00,0.840,4.844,0.141
12,ec.gp.GPIndividual@824420575{-1222737247},3C_20_66-02.txt,154.245,0.100,15.424,2,2.422,15.70,1.211,4.844,0.141
12,ec.gp.GPIndividual@824420575{-1222737247},3C_20_80-02.txt,35.738,0.100,3.574,1,0.984,27.54,0.984,4.844,0.141
12,ec.gp.GPIndividual@824420575{-1222737247},3C_20_80-02.txt,35.738,0.100,3.574,1,1.000,27.98,1.000,4.844,0.141
12,ec.gp.GPIndividual@824420575{-1222737247},3C_20_66-01.txt,7.322,0.100,0.732,2,0.484,66.15,0.242,4.844,0.141
12,ec.gp.GPIndividual@824420575{-1222737247},3C_20_66-02.txt,154.245,0.100,15.424,6,13.203,85.60,2.201,4.844,0.141
12,ec.gp.GPIndividual@824420575{-1222737247},3C_20_80-03.txt,169.439,0.100,16.944,2,2.875,16.97,1.438,4.844,0.141
12,ec.gp.GPIndividual@824420575{-1222737247},3C_20_80-03.txt,169.439,0.100,16.944,3,5.734,33.84,1.911,4.844,0.141
12,ec.gp.GPIndividual@824420575{-1222737247},3C_20_66-03.txt,118.340,0.100,11.834,1,1.063,8.98,1.063,4.844,0.141
12,ec.gp.GPIndividual@824420575{-1222737247},3C_20_80-03.txt,169.439,0.100,16.944,3,3.156,18.63,1.052,4.844,0.000
12,ec.gp.GPIndividual@824420575{-1222737247},3C_20_80-01.txt,4.194,0.100,0.419,2,1.656,394.86,0.828,4.844,0.000
12,ec.gp.GPIndividual@824420575{-1222737247},3C_20_66-03.txt,118.340,0.100,11.834,3,0.156,1.32,0.052,4.844,0.000
12,ec.gp.GPIndividual@824420575{-1222737247},3C_20_80-02.txt,35.738,0.100,3.574,4,2.391,66.89,0.598,4.844,0.000
12,ec.gp.GPIndividual@824420575{-1222737247},3C_20_80-03.txt,169.439,0.100,16.944,5,17.000,100.33,3.400,5.969,0.000
12,ec.gp.GPIndividual@214903243{1129466299},3C_20_50-02.txt,61.404,0.100,6.140,3,5.766,93.90,1.922,4.781,0.313
12,ec.gp.GPIndividual@214903243{1129466299},3C_20_80-01.txt,4.194,0.100,0.419,2,0.719,171.36,0.359,4.781,0.188
12,ec.gp.GPIndividual@214903243{1129466299},3C_20_50-03.txt,30.993,0.100,3.099,1,6.250,201.66,6.250,6.250,0.188
12,ec.gp.GPIndividual@342733042{2026916875},3C_20_50-02.txt,61.404,0.100,6.140,2,2.844,46.31,1.422,2.516,0.328
12,ec.gp.GPIndividual@342733042{2026916875},3C_20_80-01.txt,4.194,0.100,0.419,2,1.516,361.34,0.758,2.516,0.172
12,ec.gp.GPIndividual@342733042{2026916875},3C_20_66-01.txt,7.322,0.100,0.732,2,1.406,192.05,0.703,2.516,0.172
12,ec.gp.GPIndividual@342733042{2026916875},3C_20_80-02.txt,35.738,0.100,3.574,1,1.500,41.97,1.500,2.516,0.172
12,ec.gp.GPIndividual@342733042{2026916875},3C_20_50-03.txt,30.993,0.100,3.099,1,4.203,135.62,4.203,4.203,0.172
12,ec.gp.GPIndividual@376272663{-141067956},3C_20_50-02.txt,61.404,0.100,6.140,3,6.109,99.49,2.036,5.547,0.156
12,ec.gp.GPIndividual@376272663{-141067956},3C_20_50-03.txt,30.993,0.100,3.099,4,0.625,20.17,0.156,5.547,0.000
12,ec.gp.GPIndividual@376272663{-141067956},3C_20_66-02.txt,154.245,0.100,15.424,4,3.859,25.02,0.965,5.547,0.000
12,ec.gp.GPIndividual@376272663{-141067956},3C_20_66-01.txt,7.322,0.100,0.732,2,0.328,44.81,0.164,5.547,0.000
12,ec.gp.GPIndividual@376272663{-141067956},3C_20_66-02.txt,154.245,0.100,15.424,1,1.156,7.50,1.156,5.547,0.000
12,ec.gp.GPIndividual@929910089{411015850},3C_20_50-02.txt,61.404,0.100,6.140,1,0.328,5.34,0.328,0.328,0.328
12,ec.gp.GPIndividual@929910089{411015850},3C_20_80-03.txt,169.439,0.100,16.944,2,1.766,10.42,0.883,1.313,0.328
12,ec.gp.GPIndividual@929910089{411015850},3C_20_50-03.txt,30.993,0.100,3.099,1,1.453,46.89,1.453,1.453,0.328
12,ec.gp.GPIndividual@929910089{411015850},3C_20_80-02.txt,35.738,0.100,3.574,2,3.938,110.18,1.969,2.516,0.328
12,ec.gp.GPIndividual@929910089{411015850},3C_20_66-01.txt,7.322,0.100,0.732,1,1.875,256.07,1.875,2.516,0.328
12,ec.gp.GPIndividual@929910089{411015850},3C_20_66-03.txt,118.340,0.100,11.834,1,0.516,4.36,0.516,2.516,0.328
12,ec.gp.GPIndividual@929910089{411015850},3C_20_66-03.txt,118.340,0.100,11.834,2,1.844,15.58,0.922,2.516,0.297
12,ec.gp.GPIndividual@929910089{411015850},3C_20_66-02.txt,154.245,0.100,15.424,2,6.016,39.00,3.008,4.172,0.297
12,ec.gp.GPIndividual@929910089{411015850},3C_20_66-01.txt,7.322,0.100,0.732,2,0.516,70.42,0.258,4.172,0.172
12,ec.gp.GPIndividual@929910089{411015850},3C_20_66-02.txt,154.245,0.100,15.424,1,2.672,17.32,2.672,4.172,0.172
12,ec.gp.GPIndividual@929910089{411015850},3C_20_66-03.txt,118.340,0.100,11.834,1,1.000,8.45,1.000,4.172,0.172
12,ec.gp.GPIndividual@929910089{411015850},3C_20_80-03.txt,169.439,0.100,16.944,4,17.859,105.40,4.465,6.094,0.172
12,ec.gp.GPIndividual@929910089{411015850},3C_20_66-03.txt,118.340,0.100,11.834,1,0.703,5.94,0.703,6.094,0.172
12,ec.gp.GPIndividual@929910089{411015850},3C_20_80-01.txt,4.194,0.100,0.419,2,0.344,81.95,0.172,6.094,0.172
12,ec.gp.GPIndividual@929910089{411015850},3C_20_80-02.txt,35.738,0.100,3.574,3,8.047,225.16,2.682,6.094,0.172
12,ec.gp.GPIndividual@929910089{411015850},3C_20_80-01.txt,4.194,0.100,0.419,2,0.656,156.46,0.328,6.094,0.172
12,ec.gp.GPIndividual@929910089{411015850},3C_20_80-02.txt,35.738,0.100,3.574,2,6.969,194.99,3.484,6.094,0.172
12,ec.gp.GPIndividual@929910089{411015850},3C_20_80-03.txt,169.439,0.100,16.944,1,4.484,26.47,4.484,6.094,0.172
12,ec.gp.GPIndividual@894911141{2004237060},3C_20_50-02.txt,61.404,0.100,6.140,2,1.938,31.55,0.969,1.563,0.375
12,ec.gp.GPIndividual@894911141{2004237060},3C_20_80-03.txt,169.439,0.100,16.944,4,11.000,64.92,2.750,4.844,0.375
12,ec.gp.GPIndividual@894911141{2004237060},3C_20_50-03.txt,30.993,0.100,3.099,1,4.594,148.22,4.594,4.844,0.375
12,ec.gp.GPIndividual@894911141{2004237060},3C_20_80-01.txt,4.194,0.100,0.419,1,4.266,1016.96,4.266,4.844,0.375
12,ec.gp.GPIndividual@894911141{2004237060},3C_20_80-01.txt,4.194,0.100,0.419,2,0.328,78.23,0.164,4.844,0.000
12,ec.gp.GPIndividual@894911141{2004237060},3C_20_80-02.txt,35.738,0.100,3.574,2,6.625,185.38,3.313,6.297,0.000
12,ec.gp.GPIndividual@1911628453{-1551067869},3C_20_50-02.txt,61.404,0.100,6.140,2,8.109,132.07,4.055,6.781,1.328
12,ec.gp.GPIndividual@1792665815{550684291},3C_20_50-02.txt,61.404,0.100,6.140,2,6.484,105.60,3.242,6.016,0.469
12,ec.gp.GPIndividual@1294298745{-890333527},3C_20_50-02.txt,61.404,0.100,6.140,6,8.109,132.07,1.352,3.813,0.313
12,ec.gp.GPIndividual@242341801{-1867353312},3C_20_50-02.txt,61.404,0.100,6.140,1,1.234,20.10,1.234,1.234,1.234
12,ec.gp.GPIndividual@242341801{-1867353312},3C_20_50-03.txt,30.993,0.100,3.099,2,1.813,58.48,0.906,1.234,0.844
12,ec.gp.GPIndividual@242341801{-1867353312},3C_20_66-02.txt,154.245,0.100,15.424,2,1.125,7.29,0.563,1.234,0.266
12,ec.gp.GPIndividual@242341801{-1867353312},3C_20_66-03.txt,118.340,0.100,11.834,2,1.328,11.22,0.664,1.234,0.266
12,ec.gp.GPIndividual@242341801{-1867353312},3C_20_66-02.txt,154.245,0.100,15.424,2,2.813,18.23,1.406,1.500,0.266
12,ec.gp.GPIndividual@242341801{-1867353312},3C_20_50-03.txt,30.993,0.100,3.099,3,2.828,91.25,0.943,1.938,0.266
12,ec.gp.GPIndividual@242341801{-1867353312},3C_20_66-03.txt,118.340,0.100,11.834,4,7.391,62.45,1.848,3.125,0.266
12,ec.gp.GPIndividual@242341801{-1867353312},3C_20_66-01.txt,7.322,0.100,0.732,1,4.594,627.37,4.594,4.594,0.266
12,ec.gp.GPIndividual@242341801{-1867353312},3C_20_80-01.txt,4.194,0.100,0.419,3,1.656,394.86,0.552,4.594,0.266
12,ec.gp.GPIndividual@242341801{-1867353312},3C_20_66-03.txt,118.340,0.100,11.834,5,10.797,91.24,2.159,4.719,0.266
12,ec.gp.GPIndividual@242341801{-1867353312},3C_20_66-02.txt,154.245,0.100,15.424,1,1.188,7.70,1.188,4.719,0.266
12,ec.gp.GPIndividual@242341801{-1867353312},3C_20_80-02.txt,35.738,0.100,3.574,3,4.563,127.66,1.521,4.719,0.266
12,ec.gp.GPIndividual@242341801{-1867353312},3C_20_66-03.txt,118.340,0.100,11.834,1,1.031,8.71,1.031,4.719,0.266
12,ec.gp.GPIndividual@242341801{-1867353312},3C_20_80-01.txt,4.194,0.100,0.419,1,3.516,838.15,3.516,4.719,0.266
12,ec.gp.GPIndividual@242341801{-1867353312},3C_20_66-01.txt,7.322,0.100,0.732,1,4.594,627.37,4.594,4.719,0.266
12,ec.gp.GPIndividual@242341801{-1867353312},3C_20_80-01.txt,4.194,0.100,0.419,2,0.688,163.91,0.344,4.719,0.203
12,ec.gp.GPIndividual@242341801{-1867353312},3C_20_80-03.txt,169.439,0.100,16.944,6,4.656,27.48,0.776,4.719,0.203
12,ec.gp.GPIndividual@242341801{-1867353312},3C_20_66-02.txt,154.245,0.100,15.424,1,1.031,6.69,1.031,4.719,0.203
12,ec.gp.GPIndividual@242341801{-1867353312},3C_20_80-02.txt,35.738,0.100,3.574,1,1.172,32.79,1.172,4.719,0.203
12,ec.gp.GPIndividual@242341801{-1867353312},3C_20_80-02.txt,35.738,0.100,3.574,2,5.750,160.89,2.875,4.719,0.203
12,ec.gp.GPIndividual@420214863{1706260792},3C_20_50-02.txt,61.404,0.100,6.140,3,8.141,132.57,2.714,4.609,1.484
12,ec.gp.GPIndividual@420214863{1706260792},3C_20_80-01.txt,4.194,0.100,0.419,3,0.781,186.26,0.260,4.609,0.250
12,ec.gp.GPIndividual@420214863{1706260792},3C_20_50-03.txt,30.993,0.100,3.099,0,0.000,0.00,0.000,4.609,0.250
12,ec.gp.GPIndividual@420214863{1706260792},3C_20_80-03.txt,169.439,0.100,16.944,1,0.906,5.35,0.906,4.609,0.250
12,ec.gp.GPIndividual@420214863{1706260792},3C_20_80-03.txt,169.439,0.100,16.944,4,4.188,24.71,1.047,4.609,0.250
12,ec.gp.GPIndividual@420214863{1706260792},3C_20_66-03.txt,118.340,0.100,11.834,1,1.344,11.36,1.344,4.609,0.250
12,ec.gp.GPIndividual@420214863{1706260792},3C_20_80-02.txt,35.738,0.100,3.574,3,9.578,268.01,3.193,4.688,0.250
12,ec.gp.GPIndividual@1624702527{-1545979299},3C_20_50-02.txt,61.404,0.100,6.140,2,0.203,3.31,0.102,0.203,0.000
12,ec.gp.GPIndividual@1624702527{-1545979299},3C_20_66-02.txt,154.245,0.100,15.424,1,0.906,5.88,0.906,0.906,0.000
12,ec.gp.GPIndividual@1624702527{-1545979299},3C_20_80-03.txt,169.439,0.100,16.944,1,0.250,1.48,0.250,0.906,0.000
12,ec.gp.GPIndividual@1624702527{-1545979299},3C_20_50-03.txt,30.993,0.100,3.099,1,4.234,136.63,4.234,4.234,0.000
12,ec.gp.GPIndividual@1624702527{-1545979299},3C_20_80-01.txt,4.194,0.100,0.419,3,0.484,115.48,0.161,4.234,0.000
12,ec.gp.GPIndividual@1624702527{-1545979299},3C_20_80-02.txt,35.738,0.100,3.574,1,1.281,35.85,1.281,4.234,0.000
12,ec.gp.GPIndividual@1624702527{-1545979299},3C_20_66-01.txt,7.322,0.100,0.732,1,1.438,196.32,1.438,4.234,0.000
12,ec.gp.GPIndividual@1624702527{-1545979299},3C_20_66-03.txt,118.340,0.100,11.834,1,0.313,2.64,0.313,4.234,0.000
12,ec.gp.GPIndividual@1624702527{-1545979299},3C_20_66-02.txt,154.245,0.100,15.424,2,2.625,17.02,1.313,4.234,0.000
12,ec.gp.GPIndividual@1624702527{-1545979299},3C_20_66-03.txt,118.340,0.100,11.834,3,4.750,40.14,1.583,4.234,0.000
12,ec.gp.GPIndividual@1624702527{-1545979299},3C_20_80-03.txt,169.439,0.100,16.944,7,16.625,98.12,2.375,4.234,0.000
12,ec.gp.GPIndividual@901649760{-352758979},3C_20_50-02.txt,61.404,0.100,6.140,0,0.000,0.00,0.000,0.000,0.000
12,ec.gp.GPIndividual@901649760{-352758979},3C_20_50-03.txt,30.993,0.100,3.099,0,0.000,0.00,0.000,0.000,0.000
12,ec.gp.GPIndividual@901649760{-352758979},3C_20_66-01.txt,7.322,0.100,0.732,0,0.000,0.00,0.000,0.000,0.000
12,ec.gp.GPIndividual@901649760{-352758979},3C_20_66-02.txt,154.245,0.100,15.424,0,0.000,0.00,0.000,0.000,0.000
12,ec.gp.GPIndividual@901649760{-352758979},3C_20_66-03.txt,118.340,0.100,11.834,2,3.797,32.08,1.898,2.016,1.781
12,ec.gp.GPIndividual@901649760{-352758979},3C_20_80-01.txt,4.194,0.100,0.419,1,0.234,55.88,0.234,2.016,0.234
12,ec.gp.GPIndividual@901649760{-352758979},3C_20_80-02.txt,35.738,0.100,3.574,2,5.500,153.90,2.750,4.156,0.234
12,ec.gp.GPIndividual@409585929{1075469309},3C_20_50-02.txt,61.404,0.100,6.140,2,0.984,16.03,0.492,0.656,0.328
12,ec.gp.GPIndividual@409585929{1075469309},3C_20_80-03.txt,169.439,0.100,16.944,1,3.391,20.01,3.391,3.391,0.328
12,ec.gp.GPIndividual@409585929{1075469309},3C_20_80-01.txt,4.194,0.100,0.419,0,0.000,0.00,0.000,3.391,0.328
12,ec.gp.GPIndividual@409585929{1075469309},3C_20_80-02.txt,35.738,0.100,3.574,0,0.000,0.00,0.000,3.391,0.328
12,ec.gp.GPIndividual@409585929{1075469309},3C_20_80-03.txt,169.439,0.100,16.944,0,0.000,0.00,0.000,3.391,0.328
12,ec.gp.GPIndividual@2077353664{-737604116},3C_20_50-02.txt,61.404,0.100,6.140,2,1.109,18.07,0.555,0.891,0.219
12,ec.gp.GPIndividual@2077353664{-737604116},3C_20_50-03.txt,30.993,0.100,3.099,1,4.078,131.58,4.078,4.078,0.219
12,ec.gp.GPIndividual@2077353664{-737604116},3C_20_80-01.txt,4.194,0.100,0.419,1,1.078,257.03,1.078,4.078,0.219
12,ec.gp.GPIndividual@2077353664{-737604116},3C_20_50-03.txt,30.993,0.100,3.099,5,2.844,91.76,0.569,4.078,0.000
12,ec.gp.GPIndividual@2077353664{-737604116},3C_20_66-01.txt,7.322,0.100,0.732,2,1.734,236.87,0.867,4.078,0.000
12,ec.gp.GPIndividual@2077353664{-737604116},3C_20_66-01.txt,7.322,0.100,0.732,4,4.016,548.42,1.004,4.078,0.000
12,ec.gp.GPIndividual@811197715{577034432},3C_20_50-02.txt,61.404,0.100,6.140,2,0.000,0.00,0.000,0.000,0.000
12,ec.gp.GPIndividual@811197715{577034432},3C_20_50-03.txt,30.993,0.100,3.099,2,0.000,0.00,0.000,0.000,0.000
12,ec.gp.GPIndividual@811197715{577034432},3C_20_66-01.txt,7.322,0.100,0.732,2,0.000,0.00,0.000,0.000,0.000
12,ec.gp.GPIndividual@811197715{577034432},3C_20_66-02.txt,154.245,0.100,15.424,2,0.000,0.00,0.000,0.000,0.000
12,ec.gp.GPIndividual@811197715{577034432},3C_20_66-03.txt,118.340,0.100,11.834,2,0.000,0.00,0.000,0.000,0.000
12,ec.gp.GPIndividual@811197715{577034432},3C_20_80-01.txt,4.194,0.100,0.419,2,0.000,0.00,0.000,0.000,0.000
12,ec.gp.GPIndividual@811197715{577034432},3C_20_80-02.txt,35.738,0.100,3.574,2,0.000,0.00,0.000,0.000,0.000
12,ec.gp.GPIndividual@811197715{577034432},3C_20_80-03.txt,169.439,0.100,16.944,2,0.000,0.00,0.000,0.000,0.000
12,ec.gp.GPIndividual@1160582050{-214237897},3C_20_50-02.txt,61.404,0.100,6.140,2,0.078,1.27,0.039,0.078,0.000
12,ec.gp.GPIndividual@1160582050{-214237897},3C_20_80-02.txt,35.738,0.100,3.574,5,2.594,72.58,0.519,0.891,0.000
12,ec.gp.GPIndividual@1160582050{-214237897},3C_20_50-03.txt,30.993,0.100,3.099,2,1.922,62.01,0.961,1.156,0.000
12,ec.gp.GPIndividual@1160582050{-214237897},3C_20_66-02.txt,154.245,0.100,15.424,1,0.766,4.96,0.766,1.156,0.000
12,ec.gp.GPIndividual@1160582050{-214237897},3C_20_66-02.txt,154.245,0.100,15.424,3,1.969,12.76,0.656,1.281,0.000
12,ec.gp.GPIndividual@1160582050{-214237897},3C_20_66-01.txt,7.322,0.100,0.732,1,0.828,113.10,0.828,1.281,0.000
12,ec.gp.GPIndividual@1160582050{-214237897},3C_20_80-03.txt,169.439,0.100,16.944,2,0.344,2.03,0.172,1.281,0.000
12,ec.gp.GPIndividual@1160582050{-214237897},3C_20_66-02.txt,154.245,0.100,15.424,6,6.563,42.55,1.094,1.500,0.000
12,ec.gp.GPIndividual@1160582050{-214237897},3C_20_66-03.txt,118.340,0.100,11.834,1,0.813,6.87,0.813,1.500,0.000
12,ec.gp.GPIndividual@1160582050{-214237897},3C_20_66-03.txt,118.340,0.100,11.834,1,0.922,7.79,0.922,1.500,0.000
12,ec.gp.GPIndividual@1160582050{-214237897},3C_20_66-03.txt,118.340,0.100,11.834,4,14.375,121.47,3.594,3.656,0.000
12,ec.gp.GPIndividual@1160582050{-214237897},3C_20_80-01.txt,4.194,0.100,0.419,2,0.797,189.98,0.398,3.656,0.000
12,ec.gp.GPIndividual@1160582050{-214237897},3C_20_80-01.txt,4.194,0.100,0.419,2,0.203,48.43,0.102,3.656,0.000
12,ec.gp.GPIndividual@1160582050{-214237897},3C_20_80-02.txt,35.738,0.100,3.574,4,3.516,98.37,0.879,3.656,0.000
12,ec.gp.GPIndividual@2022388837{-1426531604},3C_20_50-02.txt,61.404,0.100,6.140,0,0.000,0.00,0.000,0.000,0.000
12,ec.gp.GPIndividual@2022388837{-1426531604},3C_20_50-03.txt,30.993,0.100,3.099,0,0.000,0.00,0.000,0.000,0.000
12,ec.gp.GPIndividual@2022388837{-1426531604},3C_20_66-01.txt,7.322,0.100,0.732,0,0.000,0.00,0.000,0.000,0.000
12,ec.gp.GPIndividual@2022388837{-1426531604},3C_20_66-02.txt,154.245,0.100,15.424,0,0.000,0.00,0.000,0.000,0.000
12,ec.gp.GPIndividual@2022388837{-1426531604},3C_20_66-03.txt,118.340,0.100,11.834,1,2.844,24.03,2.844,2.844,2.844
13,ec.gp.GPIndividual@1035068840{-1994384280},3C_20_50-02.txt,61.404,0.100,6.140,8,3.625,59.03,0.453,1.641,0.266
13,ec.gp.GPIndividual@1035068840{-1994384280},3C_20_50-03.txt,30.993,0.100,3.099,2,3.594,115.96,1.797,1.797,0.266
13,ec.gp.GPIndividual@1035068840{-1994384280},3C_20_50-03.txt,30.993,0.100,3.099,2,3.594,115.96,1.797,1.797,0.266
13,ec.gp.GPIndividual@1035068840{-1994384280},3C_20_50-03.txt,30.993,0.100,3.099,1,1.797,57.98,1.797,1.797,0.266
13,ec.gp.GPIndividual@1035068840{-1994384280},3C_20_50-03.txt,30.993,0.100,3.099,1,1.797,57.98,1.797,1.797,0.266
13,ec.gp.GPIndividual@1035068840{-1994384280},3C_20_50-03.txt,30.993,0.100,3.099,1,1.563,50.42,1.563,1.797,0.266
13,ec.gp.GPIndividual@1035068840{-1994384280},3C_20_50-03.txt,30.993,0.100,3.099,5,6.688,215.78,1.338,1.797,0.266
13,ec.gp.GPIndividual@1035068840{-1994384280},3C_20_66-01.txt,7.322,0.100,0.732,1,1.359,185.65,1.359,1.797,0.266
13,ec.gp.GPIndividual@1035068840{-1994384280},3C_20_66-01.txt,7.322,0.100,0.732,2,0.813,110.96,0.406,1.797,0.266
13,ec.gp.GPIndividual@1035068840{-1994384280},3C_20_66-02.txt,154.245,0.100,15.424,4,1.219,7.90,0.305,1.797,0.000
13,ec.gp.GPIndividual@1035068840{-1994384280},3C_20_66-01.txt,7.322,0.100,0.732,0,0.000,0.00,0.000,1.797,0.000
13,ec.gp.GPIndividual@1035068840{-1994384280},3C_20_66-02.txt,154.245,0.100,15.424,6,7.328,47.51,1.221,1.828,0.000
13,ec.gp.GPIndividual@1035068840{-1994384280},3C_20_66-03.txt,118.340,0.100,11.834,1,1.594,13.47,1.594,1.828,0.000
13,ec.gp.GPIndividual@1035068840{-1994384280},3C_20_66-03.txt,118.340,0.100,11.834,1,3.750,31.69,3.750,3.750,0.000
13,ec.gp.GPIndividual@1035068840{-1994384280},3C_20_66-01.txt,7.322,0.100,0.732,1,4.078,556.95,4.078,4.078,0.000
13,ec.gp.GPIndividual@1035068840{-1994384280},3C_20_66-01.txt,7.322,0.100,0.732,1,1.375,187.79,1.375,4.078,0.000
13,ec.gp.GPIndividual@1035068840{-1994384280},3C_20_66-02.txt,154.245,0.100,15.424,5,7.391,47.91,1.478,4.531,0.000
13,ec.gp.GPIndividual@1035068840{-1994384280},3C_20_66-02.txt,154.245,0.100,15.424,7,20.750,134.53,2.964,4.875,0.000
13,ec.gp.GPIndividual@1035068840{-1994384280},3C_20_66-01.txt,7.322,0.100,0.732,1,2.328,317.95,2.328,4.875,0.000
13,ec.gp.GPIndividual@1035068840{-1994384280},3C_20_66-03.txt,118.340,0.100,11.834,2,0.313,2.64,0.156,4.875,0.000
13,ec.gp.GPIndividual@1035068840{-1994384280},3C_20_66-02.txt,154.245,0.100,15.424,2,0.313,2.03,0.156,4.875,0.000
13,ec.gp.GPIndividual@1035068840{-1994384280},3C_20_80-01.txt,4.194,0.100,0.419,2,0.297,70.78,0.148,4.875,0.000
13,ec.gp.GPIndividual@1035068840{-1994384280},3C_20_80-02.txt,35.738,0.100,3.574,2,2.578,72.14,1.289,4.875,0.000
13,ec.gp.GPIndividual@1035068840{-1994384280},3C_20_66-03.txt,118.340,0.100,11.834,4,4.188,35.39,1.047,4.875,0.000
13,ec.gp.GPIndividual@1035068840{-1994384280},3C_20_80-03.txt,169.439,0.100,16.944,2,3.453,20.38,1.727,4.875,0.000
13,ec.gp.GPIndividual@1035068840{-1994384280},3C_20_66-02.txt,154.245,0.100,15.424,5,17.828,115.58,3.566,4.875,0.000
13,ec.gp.GPIndividual@1035068840{-1994384280},3C_20_66-03.txt,118.340,0.100,11.834,0,0.000,0.00,0.000,4.875,0.000
13,ec.gp.GPIndividual@1035068840{-1994384280},3C_20_80-01.txt,4.194,0.100,0.419,1,1.422,338.99,1.422,4.875,0.000
13,ec.gp.GPIndividual@1035068840{-1994384280},3C_20_66-03.txt,118.340,0.100,11.834,5,12.391,104.70,2.478,5.031,0.000
13,ec.gp.GPIndividual@1035068840{-1994384280},3C_20_80-01.txt,4.194,0.100,0.419,3,0.531,126.65,0.177,5.031,0.000
13,ec.gp.GPIndividual@1035068840{-1994384280},3C_20_80-02.txt,35.738,0.100,3.574,2,3.016,84.38,1.508,5.031,0.000
13,ec.gp.GPIndividual@1035068840{-1994384280},3C_20_80-02.txt,35.738,0.100,3.574,1,2.625,73.45,2.625,5.031,0.000
13,ec.gp.GPIndividual@1791087399{454254382},3C_20_50-02.txt,61.404,0.100,6.140,4,6.281,102.29,1.570,4.766,0.156
13,ec.gp.GPIndividual@1791087399{454254382},3C_20_50-03.txt,30.993,0.100,3.099,2,4.953,159.82,2.477,4.797,0.156
13,ec.gp.GPIndividual@1791087399{454254382},3C_20_80-01.txt,4.194,0.100,0.419,1,1.484,353.89,1.484,4.797,0.156
13,ec.gp.GPIndividual@1791087399{454254382},3C_20_80-03.txt,169.439,0.100,16.944,9,13.578,80.14,1.509,4.797,0.156
13,ec.gp.GPIndividual@1791087399{454254382},3C_20_80-03.txt,169.439,0.100,16.944,5,12.859,75.89,2.572,4.797,0.156
13,ec.gp.GPIndividual@1791087399{454254382},3C_20_66-01.txt,7.322,0.100,0.732,1,5.938,810.89,5.938,5.938,0.156
13,ec.gp.GPIndividual@300890564{-1829502122},3C_20_50-02.txt,61.404,0.100,6.140,3,2.422,39.44,0.807,1.594,0.344
13,ec.gp.GPIndividual@300890564{-1829502122},3C_20_50-03.txt,30.993,0.100,3.099,2,4.688,151.25,2.344,3.594,0.344
13,ec.gp.GPIndividual@300890564{-1829502122},3C_20_80-01.txt,4.194,0.100,0.419,1,0.922,219.78,0.922,3.594,0.344
13,ec.gp.GPIndividual@300890564{-1829502122},3C_20_66-02.txt,154.245,0.100,15.424,3,6.859,44.47,2.286,5.547,0.000
13,ec.gp.GPIndividual@300890564{-1829502122},3C_20_66-01.txt,7.322,0.100,0.732,2,0.328,44.81,0.164,5.547,0.000
13,ec.gp.GPIndividual@300890564{-1829502122},3C_20_66-02.txt,154.245,0.100,15.424,5,15.891,103.02,3.178,5.844,0.000
13,ec.gp.GPIndividual@300890564{-1829502122},3C_20_66-03.txt,118.340,0.100,11.834,1,0.875,7.39,0.875,5.844,0.000
13,ec.gp.GPIndividual@300890564{-1829502122},3C_20_66-03.txt,118.340,0.100,11.834,1,1.781,15.05,1.781,5.844,0.000
13,ec.gp.GPIndividual@300890564{-1829502122},3C_20_80-02.txt,35.738,0.100,3.574,2,5.781,161.77,2.891,5.844,0.000
13,ec.gp.GPIndividual@1677004843{1746804229},3C_20_50-02.txt,61.404,0.100,6.140,0,0.000,0.00,0.000,0.000,0.000
13,ec.gp.GPIndividual@1677004843{1746804229},3C_20_50-03.txt,30.993,0.100,3.099,0,0.000,0.00,0.000,0.000,0.000
13,ec.gp.GPIndividual@1677004843{1746804229},3C_20_66-01.txt,7.322,0.100,0.732,0,0.000,0.00,0.000,0.000,0.000
13,ec.gp.GPIndividual@1677004843{1746804229},3C_20_66-02.txt,154.245,0.100,15.424,0,0.000,0.00,0.000,0.000,0.000
13,ec.gp.GPIndividual@1677004843{1746804229},3C_20_66-03.txt,118.340,0.100,11.834,1,0.891,7.53,0.891,0.891,0.891
13,ec.gp.GPIndividual@1677004843{1746804229},3C_20_80-02.txt,35.738,0.100,3.574,2,6.109,170.95,3.055,4.578,0.891
13,ec.gp.GPIndividual@1677004843{1746804229},3C_20_80-01.txt,4.194,0.100,0.419,2,0.172,40.98,0.086,4.578,0.000
13,ec.gp.GPIndividual@1677004843{1746804229},3C_20_80-02.txt,35.738,0.100,3.574,4,4.547,127.23,1.137,4.578,0.000
13,ec.gp.GPIndividual@1677004843{1746804229},3C_20_80-03.txt,169.439,0.100,16.944,2,1.563,9.22,0.781,4.578,0.000
13,ec.gp.GPIndividual@1677004843{1746804229},3C_20_80-03.txt,169.439,0.100,16.944,5,17.313,102.18,3.463,4.859,0.000
13,ec.gp.GPIndividual@1677004843{1746804229},3C_20_80-03.txt,169.439,0.100,16.944,4,13.578,80.14,3.395,5.406,0.000
13,ec.gp.GPIndividual@1677004843{1746804229},3C_20_80-01.txt,4.194,0.100,0.419,1,5.609,1337.32,5.609,5.609,0.000
13,ec.gp.GPIndividual@68114750{544035844},3C_20_50-02.txt,61.404,0.100,6.140,5,5.891,95.93,1.178,4.234,0.313
13,ec.gp.GPIndividual@68114750{544035844},3C_20_80-01.txt,4.194,0.100,0.419,0,0.000,0.00,0.000,4.234,0.313
13,ec.gp.GPIndividual@68114750{544035844},3C_20_80-02.txt,35.738,0.100,3.574,0,0.000,0.00,0.000,4.234,0.313
13,ec.gp.GPIndividual@68114750{544035844},3C_20_80-03.txt,169.439,0.100,16.944,0,0.000,0.00,0.000,4.234,0.313
13,ec.gp.GPIndividual@628716242{891885872},3C_20_50-02.txt,61.404,0.100,6.140,3,6.344,103.31,2.115,4.563,0.531
13,ec.gp.GPIndividual@628716242{891885872},3C_20_80-01.txt,4.194,0.100,0.419,1,1.734,413.49,1.734,4.563,0.531
13,ec.gp.GPIndividual@628716242{891885872},3C_20_50-03.txt,30.993,0.100,3.099,1,5.766,186.03,5.766,5.766,0.531
13,ec.gp.GPIndividual@1670627783{1414216805},3C_20_50-02.txt,61.404,0.100,6.140,0,0.000,0.00,0.000,0.000,0.000
13,ec.gp.GPIndividual@1670627783{1414216805},3C_20_50-03.txt,30.993,0.100,3.099,2,0.297,9.58,0.148,0.297,0.000
13,ec.gp.GPIndividual@1670627783{1414216805},3C_20_80-02.txt,35.738,0.100,3.574,1,3.375,94.44,3.375,3.375,0.000
13,ec.gp.GPIndividual@34500630{156914932},3C_20_50-02.txt,61.404,0.100,6.140,2,1.891,30.79,0.945,1.438,0.453
13,ec.gp.GPIndividual@34500630{156914932},3C_20_80-02.txt,35.738,0.100,3.574,2,2.891,80.88,1.445,1.609,0.453
13,ec.gp.GPIndividual@34500630{156914932},3C_20_50-03.txt,30.993,0.100,3.099,3,2.750,88.73,0.917,1.609,0.000
13,ec.gp.GPIndividual@34500630{156914932},3C_20_80-03.txt,169.439,0.100,16.944,3,3.609,21.30,1.203,1.719,0.000
13,ec.gp.GPIndividual@34500630{156914932},3C_20_50-03.txt,30.993,0.100,3.099,3,3.016,97.30,1.005,1.719,0.000
13,ec.gp.GPIndividual@34500630{156914932},3C_20_80-03.txt,169.439,0.100,16.944,1,0.844,4.98,0.844,1.719,0.000
13,ec.gp.GPIndividual@34500630{156914932},3C_20_66-01.txt,7.322,0.100,0.732,2,1.688,230.46,0.844,1.719,0.000
13,ec.gp.GPIndividual@34500630{156914932},3C_20_66-01.txt,7.322,0.100,0.732,1,0.156,21.34,0.156,1.719,0.000
13,ec.gp.GPIndividual@34500630{156914932},3C_20_66-02.txt,154.245,0.100,15.424,2,1.406,9.12,0.703,1.719,0.000
13,ec.gp.GPIndividual@34500630{156914932},3C_20_66-02.txt,154.245,0.100,15.424,2,8.406,54.50,4.203,4.375,0.000
13,ec.gp.GPIndividual@34500630{156914932},3C_20_66-01.txt,7.322,0.100,0.732,1,4.922,672.19,4.922,4.922,0.000
13,ec.gp.GPIndividual@1090151448{-1066332016},3C_20_50-02.txt,61.404,0.100,6.140,5,6.203,101.02,1.241,2.703,0.172
13,ec.gp.GPIndividual@1090151448{-1066332016},3C_20_66-03.txt,118.340,0.100,11.834,1,1.328,11.22,1.328,2.703,0.172
13,ec.gp.GPIndividual@1090151448{-1066332016},3C_20_66-03.txt,118.340,0.100,11.834,4,9.266,78.30,2.316,5.609,0.172
13,ec.gp.GPIndividual@1090151448{-1066332016},3C_20_66-02.txt,154.245,0.100,15.424,1,1.797,11.65,1.797,5.609,0.172
13,ec.gp.GPIndividual@1090151448{-1066332016},3C_20_50-03.txt,30.993,0.100,3.099,2,2.328,75.12,1.164,5.609,0.172
13,ec.gp.GPIndividual@357548561{897136121},3C_20_50-02.txt,61.404,0.100,6.140,1,4.563,74.30,4.563,4.563,4.563
13,ec.gp.GPIndividual@357548561{897136121},3C_20_66-01.txt,7.322,0.100,0.732,0,0.000,0.00,0.000,4.563,4.563
13,ec.gp.GPIndividual@357548561{897136121},3C_20_66-02.txt,154.245,0.100,15.424,6,15.250,98.87,2.542,4.750,0.328
13,ec.gp.GPIndividual@357548561{897136121},3C_20_50-03.txt,30.993,0.100,3.099,2,4.000,129.06,2.000,4.750,0.328
13,ec.gp.GPIndividual@357548561{897136121},3C_20_66-03.txt,118.340,0.100,11.834,1,0.844,7.13,0.844,4.750,0.328
13,ec.gp.GPIndividual@357548561{897136121},3C_20_80-01.txt,4.194,0.100,0.419,2,0.344,81.95,0.172,4.750,0.172
13,ec.gp.GPIndividual@357548561{897136121},3C_20_80-02.txt,35.738,0.100,3.574,1,1.359,38.04,1.359,4.750,0.172
13,ec.gp.GPIndividual@357548561{897136121},3C_20_66-01.txt,7.322,0.100,0.732,1,1.375,187.79,1.375,4.750,0.172
13,ec.gp.GPIndividual@357548561{897136121},3C_20_66-03.txt,118.340,0.100,11.834,2,3.078,26.01,1.539,4.750,0.172
13,ec.gp.GPIndividual@357548561{897136121},3C_20_80-01.txt,4.194,0.100,0.419,1,1.531,365.06,1.531,4.750,0.172
13,ec.gp.GPIndividual@357548561{897136121},3C_20_80-03.txt,169.439,0.100,16.944,1,0.297,1.75,0.297,4.750,0.172
13,ec.gp.GPIndividual@357548561{897136121},3C_20_66-02.txt,154.245,0.100,15.424,1,4.063,26.34,4.063,4.750,0.172
13,ec.gp.GPIndividual@357548561{897136121},3C_20_66-01.txt,7.322,0.100,0.732,2,1.313,179.25,0.656,4.750,0.172
13,ec.gp.GPIndividual@357548561{897136121},3C_20_80-02.txt,35.738,0.100,3.574,2,6.344,177.51,3.172,4.750,0.172
13,ec.gp.GPIndividual@357548561{897136121},3C_20_80-01.txt,4.194,0.100,0.419,1,2.594,618.37,2.594,4.750,0.172
13,ec.gp.GPIndividual@357548561{897136121},3C_20_66-03.txt,118.340,0.100,11.834,3,2.391,20.20,0.797,4.750,0.172
13,ec.gp.GPIndividual@357548561{897136121},3C_20_80-03.txt,169.439,0.100,16.944,3,7.516,44.36,2.505,4.750,0.172
13,ec.gp.GPIndividual@357548561{897136121},3C_20_66-02.txt,154.245,0.100,15.424,1,1.641,10.64,1.641,4.750,0.172
13,ec.gp.GPIndividual@357548561{897136121},3C_20_80-02.txt,35.738,0.100,3.574,1,5.891,164.83,5.891,5.891,0.172
13,ec.gp.GPIndividual@2015589425{-2021015729},3C_20_50-02.txt,61.404,0.100,6.140,4,9.172,149.37,2.293,4.766,0.500
13,ec.gp.GPIndividual@2015589425{-2021015729},3C_20_80-01.txt,4.194,0.100,0.419,2,1.031,245.86,0.516,4.766,0.172
13,ec.gp.GPIndividual@2015589425{-2021015729},3C_20_80-03.txt,169.439,0.100,16.944,2,3.344,19.73,1.672,4.766,0.172
13,ec.gp.GPIndividual@2015589425{-2021015729},3C_20_50-03.txt,30.993,0.100,3.099,0,0.000,0.00,0.000,4.766,0.172
13,ec.gp.GPIndividual@2015589425{-2021015729},3C_20_80-02.txt,35.738,0.100,3.574,1,5.063,141.66,5.063,5.063,0.172
13,ec.gp.GPIndividual@2015589425{-2021015729},3C_20_80-01.txt,4.194,0.100,0.419,0,0.000,0.00,0.000,5.063,0.172
13,ec.gp.GPIndividual@2015589425{-2021015729},3C_20_80-02.txt,35.738,0.100,3.574,1,5.922,165.70,5.922,5.922,0.172
13,ec.gp.GPIndividual@1205760034{890807721},3C_20_50-02.txt,61.404,0.100,6.140,2,1.297,21.12,0.648,1.297,0.000
13,ec.gp.GPIndividual@1205760034{890807721},3C_20_66-01.txt,7.322,0.100,0.732,1,1.453,198.46,1.453,1.453,0.000
13,ec.gp.GPIndividual@1205760034{890807721},3C_20_66-03.txt,118.340,0.100,11.834,2,0.328,2.77,0.164,1.453,0.000
13,ec.gp.GPIndividual@1205760034{890807721},3C_20_66-02.txt,154.245,0.100,15.424,2,1.984,12.87,0.992,1.500,0.000
13,ec.gp.GPIndividual@1205760034{890807721},3C_20_80-03.txt,169.439,0.100,16.944,2,3.063,18.07,1.531,1.563,0.000
13,ec.gp.GPIndividual@1205760034{890807721},3C_20_50-03.txt,30.993,0.100,3.099,2,2.281,73.61,1.141,1.734,0.000
13,ec.gp.GPIndividual@1205760034{890807721},3C_20_66-03.txt,118.340,0.100,11.834,1,1.781,15.05,1.781,1.781,0.000
13,ec.gp.GPIndividual@1205760034{890807721},3C_20_80-03.txt,169.439,0.100,16.944,4,18.219,107.52,4.555,6.078,0.000
13,ec.gp.GPIndividual@895778109{-1764866689},3C_20_50-02.txt,61.404,0.100,6.140,4,6.313,102.80,1.578,3.828,0.391
13,ec.gp.GPIndividual@895778109{-1764866689},3C_20_80-03.txt,169.439,0.100,16.944,1,0.703,4.15,0.703,3.828,0.391
13,ec.gp.GPIndividual@895778109{-1764866689},3C_20_66-02.txt,154.245,0.100,15.424,1,0.578,3.75,0.578,3.828,0.391
13,ec.gp.GPIndividual@895778109{-1764866689},3C_20_80-02.txt,35.738,0.100,3.574,1,0.828,23.17,0.828,3.828,0.391
13,ec.gp.GPIndividual@188899696{837548496},3C_20_50-02.txt,61.404,0.100,6.140,5,6.703,109.16,1.341,2.047,0.297
13,ec.gp.GPIndividual@188899696{837548496},3C_20_50-03.txt,30.993,0.100,3.099,1,0.422,13.61,0.422,2.047,0.297
13,ec.gp.GPIndividual@188899696{837548496},3C_20_66-03.txt,118.340,0.100,11.834,2,1.781,15.05,0.891,2.047,0.000
13,ec.gp.GPIndividual@188899696{837548496},3C_20_50-03.txt,30.993,0.100,3.099,2,1.781,57.47,0.891,2.047,0.000
13,ec.gp.GPIndividual@188899696{837548496},3C_20_80-03.txt,169.439,0.100,16.944,6,18.484,109.09,3.081,4.828,0.000
13,ec.gp.GPIndividual@188899696{837548496},3C_20_66-01.txt,7.322,0.100,0.732,2,4.813,657.25,2.406,4.828,0.000
13,ec.gp.GPIndividual@4253569{293765734},3C_20_50-02.txt,61.404,0.100,6.140,0,0.000,0.00,0.000,0.000,0.000
13,ec.gp.GPIndividual@4253569{293765734},3C_20_50-03.txt,30.993,0.100,3.099,0,0.000,0.00,0.000,0.000,0.000
13,ec.gp.GPIndividual@4253569{293765734},3C_20_66-01.txt,7.322,0.100,0.732,0,0.000,0.00,0.000,0.000,0.000
13,ec.gp.GPIndividual@4253569{293765734},3C_20_66-02.txt,154.245,0.100,15.424,0,0.000,0.00,0.000,0.000,0.000
13,ec.gp.GPIndividual@4253569{293765734},3C_20_66-03.txt,118.340,0.100,11.834,4,9.047,76.45,2.262,4.781,0.922
13,ec.gp.GPIndividual@4253569{293765734},3C_20_80-01.txt,4.194,0.100,0.419,2,0.406,96.85,0.203,4.781,0.125
13,ec.gp.GPIndividual@4253569{293765734},3C_20_80-02.txt,35.738,0.100,3.574,1,1.266,35.41,1.266,4.781,0.125
13,ec.gp.GPIndividual@4253569{293765734},3C_20_66-02.txt,154.245,0.100,15.424,7,15.344,99.48,2.192,4.781,0.000
13,ec.gp.GPIndividual@4253569{293765734},3C_20_80-01.txt,4.194,0.100,0.419,0,0.000,0.00,0.000,4.781,0.000
13,ec.gp.GPIndividual@4253569{293765734},3C_20_80-02.txt,35.738,0.100,3.574,0,0.000,0.00,0.000,4.781,0.000
13,ec.gp.GPIndividual@4253569{293765734},3C_20_80-03.txt,169.439,0.100,16.944,0,0.000,0.00,0.000,4.781,0.000
13,ec.gp.GPIndividual@1707127680{-557898420},3C_20_50-02.txt,61.404,0.100,6.140,4,6.047,98.48,1.512,3.453,0.203
13,ec.gp.GPIndividual@1707127680{-557898420},3C_20_50-03.txt,30.993,0.100,3.099,2,1.578,50.92,0.789,3.453,0.203
13,ec.gp.GPIndividual@860711423{403749174},3C_20_50-02.txt,61.404,0.100,6.140,7,6.109,99.49,0.873,3.641,0.000
13,ec.gp.GPIndividual@860711423{403749174},3C_20_66-03.txt,118.340,0.100,11.834,1,0.094,0.79,0.094,3.641,0.000
13,ec.gp.GPIndividual@860711423{403749174},3C_20_66-01.txt,7.322,0.100,0.732,2,1.453,198.46,0.727,3.641,0.000
13,ec.gp.GPIndividual@860711423{403749174},3C_20_80-01.txt,4.194,0.100,0.419,1,0.891,212.33,0.891,3.641,0.000
13,ec.gp.GPIndividual@860711423{403749174},3C_20_50-03.txt,30.993,0.100,3.099,4,2.125,68.56,0.531,3.641,0.000
13,ec.gp.GPIndividual@860711423{403749174},3C_20_66-01.txt,7.322,0.100,0.732,2,0.813,110.96,0.406,3.641,0.000
13,ec.gp.GPIndividual@860711423{403749174},3C_20_80-02.txt,35.738,0.100,3.574,2,0.328,9.18,0.164,3.641,0.000
13,ec.gp.GPIndividual@860711423{403749174},3C_20_66-02.txt,154.245,0.100,15.424,1,0.797,5.17,0.797,3.641,0.000
13,ec.gp.GPIndividual@860711423{403749174},3C_20_66-02.txt,154.245,0.100,15.424,6,8.563,55.51,1.427,3.641,0.000
13,ec.gp.GPIndividual@860711423{403749174},3C_20_66-03.txt,118.340,0.100,11.834,2,1.734,14.66,0.867,3.641,0.000
13,ec.gp.GPIndividual@860711423{403749174},3C_20_80-03.txt,169.439,0.100,16.944,2,2.922,17.24,1.461,3.641,0.000
13,ec.gp.GPIndividual@860711423{403749174},3C_20_66-03.txt,118.340,0.100,11.834,5,13.328,112.63,2.666,3.641,0.000
13,ec.gp.GPIndividual@860711423{403749174},3C_20_80-01.txt,4.194,0.100,0.419,2,0.234,55.88,0.117,3.641,0.000
13,ec.gp.GPIndividual@860711423{403749174},3C_20_80-02.txt,35.738,0.100,3.574,1,0.344,9.62,0.344,3.641,0.000
13,ec.gp.GPIndividual@860711423{403749174},3C_20_80-01.txt,4.194,0.100,0.419,1,1.906,454.47,1.906,3.641,0.000
13,ec.gp.GPIndividual@1296906711{1638552127},3C_20_50-02.txt,61.404,0.100,6.140,0,0.000,0.00,0.000,0.000,0.000
13,ec.gp.GPIndividual@1296906711{1638552127},3C_20_50-03.txt,30.993,0.100,3.099,0,0.000,0.00,0.000,0.000,0.000
13,ec.gp.GPIndividual@1296906711{1638552127},3C_20_66-01.txt,7.322,0.100,0.732,0,0.000,0.00,0.000,0.000,0.000
13,ec.gp.GPIndividual@1296906711{1638552127},3C_20_66-02.txt,154.245,0.100,15.424,0,0.000,0.00,0.000,0.000,0.000
13,ec.gp.GPIndividual@1296906711{1638552127},3C_20_66-03.txt,118.340,0.100,11.834,2,0.172,1.45,0.086,0.172,0.000
13,ec.gp.GPIndividual@1296906711{1638552127},3C_20_80-03.txt,169.439,0.100,16.944,4,7.781,45.92,1.945,6.047,0.000
13,ec.gp.GPIndividual@1296906711{1638552127},3C_20_80-02.txt,35.738,0.100,3.574,2,3.141,87.88,1.570,6.047,0.000
13,ec.gp.GPIndividual@537384333{1353468204},3C_20_50-02.txt,61.404,0.100,6.140,3,5.125,83.46,1.708,3.578,0.234
13,ec.gp.GPIndividual@537384333{1353468204},3C_20_80-01.txt,4.194,0.100,0.419,0,0.000,0.00,0.000,3.578,0.234
13,ec.gp.GPIndividual@537384333{1353468204},3C_20_80-02.txt,35.738,0.100,3.574,0,0.000,0.00,0.000,3.578,0.234
13,ec.gp.GPIndividual@537384333{1353468204},3C_20_80-03.txt,169.439,0.100,16.944,0,0.000,0.00,0.000,3.578,0.234
13,ec.gp.GPIndividual@1457363702{-1219228289},3C_20_50-02.txt,61.404,0.100,6.140,1,0.219,3.56,0.219,0.219,0.219
13,ec.gp.GPIndividual@1457363702{-1219228289},3C_20_50-03.txt,30.993,0.100,3.099,2,1.750,56.47,0.875,0.984,0.219
13,ec.gp.GPIndividual@1457363702{-1219228289},3C_20_50-03.txt,30.993,0.100,3.099,1,0.828,26.72,0.828,0.984,0.219
13,ec.gp.GPIndividual@1457363702{-1219228289},3C_20_80-03.txt,169.439,0.100,16.944,1,1.297,7.65,1.297,1.297,0.219
13,ec.gp.GPIndividual@1457363702{-1219228289},3C_20_66-01.txt,7.322,0.100,0.732,1,0.328,44.81,0.328,1.297,0.219
13,ec.gp.GPIndividual@1457363702{-1219228289},3C_20_66-02.txt,154.245,0.100,15.424,2,4.313,27.96,2.156,4.313,0.000
13,ec.gp.GPIndividual@1457363702{-1219228289},3C_20_80-01.txt,4.194,0.100,0.419,1,1.297,309.19,1.297,4.313,0.000
13,ec.gp.GPIndividual@1457363702{-1219228289},3C_20_66-01.txt,7.322,0.100,0.732,4,0.563,76.82,0.141,4.313,0.000
13,ec.gp.GPIndividual@1457363702{-1219228289},3C_20_66-02.txt,154.245,0.100,15.424,2,0.234,1.52,0.117,4.313,0.000
13,ec.gp.GPIndividual@1457363702{-1219228289},3C_20_80-02.txt,35.738,0.100,3.574,1,1.438,40.22,1.438,4.313,0.000
13,ec.gp.GPIndividual@1457363702{-1219228289},3C_20_66-03.txt,118.340,0.100,11.834,3,3.297,27.86,1.099,4.313,0.000
13,ec.gp.GPIndividual@1457363702{-1219228289},3C_20_66-03.txt,118.340,0.100,11.834,7,11.313,95.59,1.616,4.313,0.000
13,ec.gp.GPIndividual@1457363702{-1219228289},3C_20_80-01.txt,4.194,0.100,0.419,1,0.719,171.36,0.719,4.313,0.000
13,ec.gp.GPIndividual@1457363702{-1219228289},3C_20_80-03.txt,169.439,0.100,16.944,2,3.328,19.64,1.664,4.313,0.000
13,ec.gp.GPIndividual@1457363702{-1219228289},3C_20_80-02.txt,35.738,0.100,3.574,2,3.609,101.00,1.805,4.313,0.000
13,ec.gp.GPIndividual@1457363702{-1219228289},3C_20_80-01.txt,4.194,0.100,0.419,2,0.203,48.43,0.102,4.313,0.000
13,ec.gp.GPIndividual@1457363702{-1219228289},3C_20_80-02.txt,35.738,0.100,3.574,3,3.125,87.44,1.042,4.313,0.000
13,ec.gp.GPIndividual@1457363702{-1219228289},3C_20_80-03.txt,169.439,0.100,16.944,1,0.703,4.15,0.703,4.313,0.000
13,ec.gp.GPIndividual@1457363702{-1219228289},3C_20_80-03.txt,169.439,0.100,16.944,3,12.219,72.11,4.073,5.625,0.000
13,ec.gp.GPIndividual@1386975829{-1742379229},3C_20_50-02.txt,61.404,0.100,6.140,3,4.875,79.39,1.625,3.781,0.234
13,ec.gp.GPIndividual@1375248219{-1410225571},3C_20_50-02.txt,61.404,0.100,6.140,1,0.172,2.80,0.172,0.172,0.172
13,ec.gp.GPIndividual@1375248219{-1410225571},3C_20_50-03.txt,30.993,0.100,3.099,2,6.719,216.79,3.359,5.391,0.172
13,ec.gp.GPIndividual@342708200{682789578},3C_20_50-02.txt,61.404,0.100,6.140,2,0.797,12.98,0.398,0.797,0.000
13,ec.gp.GPIndividual@342708200{682789578},3C_20_66-01.txt,7.322,0.100,0.732,3,1.672,228.33,0.557,1.281,0.000
13,ec.gp.GPIndividual@342708200{682789578},3C_20_66-01.txt,7.322,0.100,0.732,2,0.500,68.29,0.250,1.281,0.000
13,ec.gp.GPIndividual@342708200{682789578},3C_20_50-03.txt,30.993,0.100,3.099,2,0.219,7.06,0.109,1.281,0.000
13,ec.gp.GPIndividual@342708200{682789578},3C_20_66-02.txt,154.245,0.100,15.424,1,0.344,2.23,0.344,1.281,0.000
13,ec.gp.GPIndividual@342708200{682789578},3C_20_66-02.txt,154.245,0.100,15.424,2,2.141,13.88,1.070,1.281,0.000
13,ec.gp.GPIndividual@342708200{682789578},3C_20_66-03.txt,118.340,0.100,11.834,3,2.422,20.47,0.807,1.297,0.000
13,ec.gp.GPIndividual@342708200{682789578},3C_20_66-03.txt,118.340,0.100,11.834,1,1.719,14.52,1.719,1.719,0.000
13,ec.gp.GPIndividual@342708200{682789578},3C_20_66-01.txt,7.322,0.100,0.732,2,2.781,379.84,1.391,2.438,0.000
13,ec.gp.GPIndividual@342708200{682789578},3C_20_80-01.txt,4.194,0.100,0.419,2,0.500,119.20,0.250,2.438,0.000
13,ec.gp.GPIndividual@342708200{682789578},3C_20_66-02.txt,154.245,0.100,15.424,0,0.000,0.00,0.000,2.438,0.000
13,ec.gp.GPIndividual@342708200{682789578},3C_20_80-02.txt,35.738,0.100,3.574,3,3.516,98.37,1.172,2.484,0.000
13,ec.gp.GPIndividual@342708200{682789578},3C_20_80-03.txt,169.439,0.100,16.944,3,1.516,8.94,0.505,2.484,0.000
13,ec.gp.GPIndividual@342708200{682789578},3C_20_80-01.txt,4.194,0.100,0.419,3,0.328,78.23,0.109,2.484,0.000
13,ec.gp.GPIndividual@342708200{682789578},3C_20_80-02.txt,35.738,0.100,3.574,2,1.188,33.23,0.594,2.484,0.000
13,ec.gp.GPIndividual@342708200{682789578},3C_20_66-03.txt,118.340,0.100,11.834,4,4.375,36.97,1.094,2.484,0.000
13,ec.gp.GPIndividual@342708200{682789578},3C_20_80-03.txt,169.439,0.100,16.944,4,9.828,58.00,2.457,3.266,0.000
13,ec.gp.GPIndividual@987930845{-1188985755},3C_20_50-02.txt,61.404,0.100,6.140,3,1.125,18.32,0.375,0.563,0.078
13,ec.gp.GPIndividual@987930845{-1188985755},3C_20_50-03.txt,30.993,0.100,3.099,2,0.766,24.70,0.383,0.563,0.078
13,ec.gp.GPIndividual@987930845{-1188985755},3C_20_80-03.txt,169.439,0.100,16.944,3,4.047,23.88,1.349,1.641,0.078
13,ec.gp.GPIndividual@987930845{-1188985755},3C_20_66-01.txt,7.322,0.100,0.732,2,0.344,46.95,0.172,1.641,0.000
13,ec.gp.GPIndividual@987930845{-1188985755},3C_20_66-02.txt,154.245,0.100,15.424,2,0.906,5.88,0.453,1.641,0.000
13,ec.gp.GPIndividual@987930845{-1188985755},3C_20_66-03.txt,118.340,0.100,11.834,4,9.766,82.52,2.441,5.750,0.000
13,ec.gp.GPIndividual@140485256{1017045405},3C_20_50-02.txt,61.404,0.100,6.140,2,3.844,62.60,1.922,3.750,0.094
13,ec.gp.GPIndividual@140485256{1017045405},3C_20_80-01.txt,4.194,0.100,0.419,1,0.484,115.48,0.484,3.750,0.094
13,ec.gp.GPIndividual@140485256{1017045405},3C_20_50-03.txt,30.993,0.100,3.099,2,0.203,6.55,0.102,3.750,0.000
13,ec.gp.GPIndividual@140485256{1017045405},3C_20_80-02.txt,35.738,0.100,3.574,2,0.953,26.67,0.477,3.750,0.000
13,ec.gp.GPIndividual@140485256{1017045405},3C_20_80-03.txt,169.439,0.100,16.944,3,4.453,26.28,1.484,3.750,0.000
13,ec.gp.GPIndividual@140485256{1017045405},3C_20_66-01.txt,7.322,0.100,0.732,2,0.531,72.55,0.266,3.750,0.000
13,ec.gp.GPIndividual@140485256{1017045405},3C_20_66-02.txt,154.245,0.100,15.424,1,1.500,9.72,1.500,3.750,0.000
13,ec.gp.GPIndividual@1975506877{-1605119760},3C_20_50-02.txt,61.404,0.100,6.140,2,0.297,4.83,0.148,0.250,0.047
13,ec.gp.GPIndividual@1975506877{-1605119760},3C_20_50-03.txt,30.993,0.100,3.099,2,1.141,36.80,0.570,0.656,0.047
13,ec.gp.GPIndividual@1975506877{-1605119760},3C_20_66-01.txt,7.322,0.100,0.732,2,0.359,49.08,0.180,0.656,0.047
13,ec.gp.GPIndividual@1975506877{-1605119760},3C_20_66-02.txt,154.245,0.100,15.424,2,0.438,2.84,0.219,0.656,0.047
13,ec.gp.GPIndividual@1975506877{-1605119760},3C_20_66-03.txt,118.340,0.100,11.834,3,5.469,46.21,1.823,4.172,0.047
13,ec.gp.GPIndividual@1975506877{-1605119760},3C_20_80-01.txt,4.194,0.100,0.419,2,0.172,40.98,0.086,4.172,0.000
13,ec.gp.GPIndividual@1975506877{-1605119760},3C_20_80-02.txt,35.738,0.100,3.574,2,0.453,12.68,0.227,4.172,0.000
13,ec.gp.GPIndividual@1975506877{-1605119760},3C_20_80-03.txt,169.439,0.100,16.944,2,1.453,8.58,0.727,4.172,0.000
13,ec.gp.GPIndividual@1663357346{-114584057},3C_20_50-02.txt,61.404,0.100,6.140,2,0.281,4.58,0.141,0.234,0.047
13,ec.gp.GPIndividual@1663357346{-114584057},3C_20_50-03.txt,30.993,0.100,3.099,2,1.172,37.81,0.586,0.703,0.047
13,ec.gp.GPIndividual@1663357346{-114584057},3C_20_66-01.txt,7.322,0.100,0.732,2,0.375,51.21,0.188,0.703,0.047
13,ec.gp.GPIndividual@1663357346{-114584057},3C_20_66-02.txt,154.245,0.100,15.424,2,0.453,2.94,0.227,0.703,0.047
13,ec.gp.GPIndividual@1663357346{-114584057},3C_20_66-03.txt,118.340,0.100,11.834,3,5.469,46.21,1.823,4.219,0.047
13,ec.gp.GPIndividual@1663357346{-114584057},3C_20_80-01.txt,4.194,0.100,0.419,2,0.172,40.98,0.086,4.219,0.000
13,ec.gp.GPIndividual@1663357346{-114584057},3C_20_80-02.txt,35.738,0.100,3.574,2,0.438,12.24,0.219,4.219,0.000
13,ec.gp.GPIndividual@1663357346{-114584057},3C_20_80-03.txt,169.439,0.100,16.944,2,1.469,8.67,0.734,4.219,0.000
13,ec.gp.GPIndividual@491311137{-158268495},3C_20_50-02.txt,61.404,0.100,6.140,0,0.000,0.00,0.000,0.000,0.000
13,ec.gp.GPIndividual@491311137{-158268495},3C_20_50-03.txt,30.993,0.100,3.099,0,0.000,0.00,0.000,0.000,0.000
13,ec.gp.GPIndividual@491311137{-158268495},3C_20_66-01.txt,7.322,0.100,0.732,0,0.000,0.00,0.000,0.000,0.000
13,ec.gp.GPIndividual@491311137{-158268495},3C_20_66-02.txt,154.245,0.100,15.424,0,0.000,0.00,0.000,0.000,0.000
13,ec.gp.GPIndividual@491311137{-158268495},3C_20_66-03.txt,118.340,0.100,11.834,0,0.000,0.00,0.000,0.000,0.000
13,ec.gp.GPIndividual@491311137{-158268495},3C_20_80-01.txt,4.194,0.100,0.419,0,0.000,0.00,0.000,0.000,0.000
13,ec.gp.GPIndividual@491311137{-158268495},3C_20_80-02.txt,35.738,0.100,3.574,0,0.000,0.00,0.000,0.000,0.000
13,ec.gp.GPIndividual@491311137{-158268495},3C_20_80-03.txt,169.439,0.100,16.944,0,0.000,0.00,0.000,0.000,0.000
14,ec.gp.GPIndividual@1704176166{-1556182672},3C_20_50-02.txt,61.404,0.100,6.140,0,0.000,0.00,0.000,0.000,0.000
14,ec.gp.GPIndividual@1704176166{-1556182672},3C_20_50-03.txt,30.993,0.100,3.099,1,0.000,0.00,0.000,0.000,0.000
14,ec.gp.GPIndividual@1704176166{-1556182672},3C_20_66-01.txt,7.322,0.100,0.732,1,0.000,0.00,0.000,0.000,0.000
14,ec.gp.GPIndividual@1704176166{-1556182672},3C_20_66-02.txt,154.245,0.100,15.424,1,0.000,0.00,0.000,0.000,0.000
14,ec.gp.GPIndividual@1704176166{-1556182672},3C_20_66-03.txt,118.340,0.100,11.834,1,0.000,0.00,0.000,0.000,0.000
14,ec.gp.GPIndividual@1704176166{-1556182672},3C_20_80-01.txt,4.194,0.100,0.419,1,0.000,0.00,0.000,0.000,0.000
14,ec.gp.GPIndividual@1704176166{-1556182672},3C_20_80-02.txt,35.738,0.100,3.574,1,0.000,0.00,0.000,0.000,0.000
14,ec.gp.GPIndividual@1704176166{-1556182672},3C_20_80-03.txt,169.439,0.100,16.944,1,0.000,0.00,0.000,0.000,0.000
14,ec.gp.GPIndividual@808731191{2342634},3C_20_50-02.txt,61.404,0.100,6.140,6,2.344,38.17,0.391,0.391,0.391
14,ec.gp.GPIndividual@808731191{2342634},3C_20_50-03.txt,30.993,0.100,3.099,1,1.328,42.85,1.328,1.328,0.391
14,ec.gp.GPIndividual@808731191{2342634},3C_20_66-01.txt,7.322,0.100,0.732,1,1.672,228.33,1.672,1.672,0.391
14,ec.gp.GPIndividual@808731191{2342634},3C_20_50-03.txt,30.993,0.100,3.099,1,1.672,53.94,1.672,1.672,0.391
14,ec.gp.GPIndividual@808731191{2342634},3C_20_50-03.txt,30.993,0.100,3.099,3,3.766,121.50,1.255,1.797,0.297
14,ec.gp.GPIndividual@808731191{2342634},3C_20_50-03.txt,30.993,0.100,3.099,1,1.797,57.98,1.797,1.797,0.297
14,ec.gp.GPIndividual@808731191{2342634},3C_20_50-03.txt,30.993,0.100,3.099,1,0.766,24.70,0.766,1.797,0.297
14,ec.gp.GPIndividual@808731191{2342634},3C_20_50-03.txt,30.993,0.100,3.099,0,0.000,0.00,0.000,1.797,0.297
14,ec.gp.GPIndividual@808731191{2342634},3C_20_66-02.txt,154.245,0.100,15.424,3,2.594,16.82,0.865,1.797,0.000
14,ec.gp.GPIndividual@808731191{2342634},3C_20_66-01.txt,7.322,0.100,0.732,2,2.656,362.77,1.328,1.797,0.000
14,ec.gp.GPIndividual@808731191{2342634},3C_20_66-01.txt,7.322,0.100,0.732,2,0.438,59.75,0.219,1.797,0.000
14,ec.gp.GPIndividual@808731191{2342634},3C_20_66-02.txt,154.245,0.100,15.424,2,0.313,2.03,0.156,1.797,0.000
14,ec.gp.GPIndividual@808731191{2342634},3C_20_66-01.txt,7.322,0.100,0.732,2,0.750,102.43,0.375,1.797,0.000
14,ec.gp.GPIndividual@808731191{2342634},3C_20_66-01.txt,7.322,0.100,0.732,1,1.281,174.98,1.281,1.797,0.000
14,ec.gp.GPIndividual@808731191{2342634},3C_20_66-01.txt,7.322,0.100,0.732,3,1.297,177.12,0.432,1.797,0.000
14,ec.gp.GPIndividual@808731191{2342634},3C_20_66-02.txt,154.245,0.100,15.424,1,2.047,13.27,2.047,2.047,0.000
14,ec.gp.GPIndividual@808731191{2342634},3C_20_66-03.txt,118.340,0.100,11.834,5,5.859,49.51,1.172,2.047,0.000
14,ec.gp.GPIndividual@808731191{2342634},3C_20_66-03.txt,118.340,0.100,11.834,2,3.797,32.08,1.898,2.234,0.000
14,ec.gp.GPIndividual@808731191{2342634},3C_20_66-02.txt,154.245,0.100,15.424,1,1.563,10.13,1.563,2.234,0.000
14,ec.gp.GPIndividual@808731191{2342634},3C_20_66-02.txt,154.245,0.100,15.424,1,1.547,10.03,1.547,2.234,0.000
14,ec.gp.GPIndividual@808731191{2342634},3C_20_66-02.txt,154.245,0.100,15.424,4,10.406,67.47,2.602,4.875,0.000
14,ec.gp.GPIndividual@808731191{2342634},3C_20_66-03.txt,118.340,0.100,11.834,0,0.000,0.00,0.000,4.875,0.000
14,ec.gp.GPIndividual@808731191{2342634},3C_20_80-01.txt,4.194,0.100,0.419,1,2.656,633.27,2.656,4.875,0.000
14,ec.gp.GPIndividual@808731191{2342634},3C_20_66-03.txt,118.340,0.100,11.834,3,3.750,31.69,1.250,4.875,0.000
14,ec.gp.GPIndividual@808731191{2342634},3C_20_80-02.txt,35.738,0.100,3.574,1,4.859,135.97,4.859,4.875,0.000
14,ec.gp.GPIndividual@808731191{2342634},3C_20_80-01.txt,4.194,0.100,0.419,2,1.703,406.04,0.852,4.875,0.000
14,ec.gp.GPIndividual@808731191{2342634},3C_20_66-03.txt,118.340,0.100,11.834,1,0.172,1.45,0.172,4.875,0.000
14,ec.gp.GPIndividual@808731191{2342634},3C_20_80-02.txt,35.738,0.100,3.574,1,1.391,38.91,1.391,4.875,0.000
14,ec.gp.GPIndividual@808731191{2342634},3C_20_66-03.txt,118.340,0.100,11.834,1,1.563,13.20,1.563,4.875,0.000
14,ec.gp.GPIndividual@808731191{2342634},3C_20_80-03.txt,169.439,0.100,16.944,2,1.609,9.50,0.805,4.875,0.000
14,ec.gp.GPIndividual@808731191{2342634},3C_20_80-03.txt,169.439,0.100,16.944,4,19.422,114.62,4.855,4.906,0.000
14,ec.gp.GPIndividual@808731191{2342634},3C_20_80-01.txt,4.194,0.100,0.419,2,1.406,335.26,0.703,4.906,0.000
14,ec.gp.GPIndividual@808731191{2342634},3C_20_80-01.txt,4.194,0.100,0.419,1,3.078,733.85,3.078,4.906,0.000
14,ec.gp.GPIndividual@808731191{2342634},3C_20_80-01.txt,4.194,0.100,0.419,1,3.203,763.65,3.203,4.906,0.000
14,ec.gp.GPIndividual@808731191{2342634},3C_20_80-01.txt,4.194,0.100,0.419,3,0.750,178.81,0.250,4.906,0.000
14,ec.gp.GPIndividual@808731191{2342634},3C_20_80-02.txt,35.738,0.100,3.574,1,5.875,164.39,5.875,5.875,0.000
14,ec.gp.GPIndividual@1028208122{1245266317},3C_20_50-02.txt,61.404,0.100,6.140,4,6.141,100.00,1.535,5.188,0.297
14,ec.gp.GPIndividual@1028208122{1245266317},3C_20_50-03.txt,30.993,0.100,3.099,0,0.000,0.00,0.000,5.188,0.297
14,ec.gp.GPIndividual@1028208122{1245266317},3C_20_80-02.txt,35.738,0.100,3.574,1,0.422,11.80,0.422,5.188,0.297
14,ec.gp.GPIndividual@637456293{1219455407},3C_20_50-02.txt,61.404,0.100,6.140,1,0.438,7.12,0.438,0.438,0.438
14,ec.gp.GPIndividual@637456293{1219455407},3C_20_80-02.txt,35.738,0.100,3.574,5,3.156,88.32,0.631,1.531,0.000
14,ec.gp.GPIndividual@637456293{1219455407},3C_20_80-03.txt,169.439,0.100,16.944,2,2.328,13.74,1.164,1.531,0.000
14,ec.gp.GPIndividual@637456293{1219455407},3C_20_80-02.txt,35.738,0.100,3.574,3,4.219,118.05,1.406,1.531,0.000
14,ec.gp.GPIndividual@637456293{1219455407},3C_20_50-03.txt,30.993,0.100,3.099,1,0.297,9.58,0.297,1.531,0.000
14,ec.gp.GPIndividual@637456293{1219455407},3C_20_80-03.txt,169.439,0.100,16.944,1,0.313,1.84,0.313,1.531,0.000
14,ec.gp.GPIndividual@637456293{1219455407},3C_20_80-03.txt,169.439,0.100,16.944,2,3.000,17.71,1.500,1.531,0.000
14,ec.gp.GPIndividual@637456293{1219455407},3C_20_66-01.txt,7.322,0.100,0.732,2,1.672,228.33,0.836,1.531,0.000
14,ec.gp.GPIndividual@637456293{1219455407},3C_20_66-01.txt,7.322,0.100,0.732,3,0.891,121.63,0.297,1.531,0.000
14,ec.gp.GPIndividual@637456293{1219455407},3C_20_80-03.txt,169.439,0.100,16.944,4,9.141,53.95,2.285,5.313,0.000
14,ec.gp.GPIndividual@637456293{1219455407},3C_20_66-02.txt,154.245,0.100,15.424,1,1.609,10.43,1.609,5.313,0.000
14,ec.gp.GPIndividual@637456293{1219455407},3C_20_66-02.txt,154.245,0.100,15.424,4,16.063,104.14,4.016,5.547,0.000
14,ec.gp.GPIndividual@637456293{1219455407},3C_20_66-03.txt,118.340,0.100,11.834,4,12.891,108.93,3.223,6.094,0.000
14,ec.gp.GPIndividual@184311070{1160373709},3C_20_50-02.txt,61.404,0.100,6.140,4,6.250,101.78,1.563,3.969,0.156
14,ec.gp.GPIndividual@1226257195{-146290447},3C_20_50-02.txt,61.404,0.100,6.140,0,0.000,0.00,0.000,0.000,0.000
14,ec.gp.GPIndividual@1226257195{-146290447},3C_20_50-03.txt,30.993,0.100,3.099,0,0.000,0.00,0.000,0.000,0.000
14,ec.gp.GPIndividual@1226257195{-146290447},3C_20_66-01.txt,7.322,0.100,0.732,0,0.000,0.00,0.000,0.000,0.000
14,ec.gp.GPIndividual@1226257195{-146290447},3C_20_66-02.txt,154.245,0.100,15.424,0,0.000,0.00,0.000,0.000,0.000
14,ec.gp.GPIndividual@1226257195{-146290447},3C_20_66-03.txt,118.340,0.100,11.834,0,0.000,0.00,0.000,0.000,0.000
14,ec.gp.GPIndividual@1226257195{-146290447},3C_20_80-01.txt,4.194,0.100,0.419,0,0.000,0.00,0.000,0.000,0.000
14,ec.gp.GPIndividual@1226257195{-146290447},3C_20_80-02.txt,35.738,0.100,3.574,0,0.000,0.00,0.000,0.000,0.000
14,ec.gp.GPIndividual@1226257195{-146290447},3C_20_80-03.txt,169.439,0.100,16.944,0,0.000,0.00,0.000,0.000,0.000
14,ec.gp.GPIndividual@1193294182{-649365092},3C_20_50-02.txt,61.404,0.100,6.140,1,1.219,19.85,1.219,1.219,1.219
14,ec.gp.GPIndividual@1193294182{-649365092},3C_20_66-03.txt,118.340,0.100,11.834,2,0.828,7.00,0.414,1.219,0.344
14,ec.gp.GPIndividual@1193294182{-649365092},3C_20_50-03.txt,30.993,0.100,3.099,1,1.688,54.45,1.688,1.688,0.344
14,ec.gp.GPIndividual@1193294182{-649365092},3C_20_50-03.txt,30.993,0.100,3.099,1,1.672,53.94,1.672,1.688,0.344
14,ec.gp.GPIndividual@1669286510{-391721827},3C_20_50-02.txt,61.404,0.100,6.140,2,4.250,69.21,2.125,3.922,0.328
14,ec.gp.GPIndividual@345196135{2342634},3C_20_50-02.txt,61.404,0.100,6.140,4,7.938,129.27,1.984,4.750,0.500
14,ec.gp.GPIndividual@345196135{2342634},3C_20_80-01.txt,4.194,0.100,0.419,2,1.359,324.09,0.680,4.750,0.172
14,ec.gp.GPIndividual@345196135{2342634},3C_20_50-03.txt,30.993,0.100,3.099,2,3.328,107.38,1.664,4.750,0.172
14,ec.gp.GPIndividual@345196135{2342634},3C_20_66-01.txt,7.322,0.100,0.732,1,1.984,271.01,1.984,4.750,0.172
14,ec.gp.GPIndividual@345196135{2342634},3C_20_66-01.txt,7.322,0.100,0.732,3,1.234,168.58,0.411,4.750,0.172
14,ec.gp.GPIndividual@345196135{2342634},3C_20_50-03.txt,30.993,0.100,3.099,2,0.938,30.25,0.469,4.750,0.172
14,ec.gp.GPIndividual@345196135{2342634},3C_20_80-02.txt,35.738,0.100,3.574,0,0.000,0.00,0.000,4.750,0.172
14,ec.gp.GPIndividual@345196135{2342634},3C_20_66-02.txt,154.245,0.100,15.424,5,8.344,54.09,1.669,4.797,0.000
14,ec.gp.GPIndividual@345196135{2342634},3C_20_66-01.txt,7.322,0.100,0.732,2,0.359,49.08,0.180,4.797,0.000
14,ec.gp.GPIndividual@345196135{2342634},3C_20_66-02.txt,154.245,0.100,15.424,2,2.938,19.04,1.469,4.797,0.000
14,ec.gp.GPIndividual@345196135{2342634},3C_20_66-02.txt,154.245,0.100,15.424,5,8.500,55.11,1.700,4.797,0.000
14,ec.gp.GPIndividual@345196135{2342634},3C_20_66-03.txt,118.340,0.100,11.834,1,3.719,31.42,3.719,4.797,0.000
14,ec.gp.GPIndividual@345196135{2342634},3C_20_66-01.txt,7.322,0.100,0.732,1,2.313,315.82,2.313,4.797,0.000
14,ec.gp.GPIndividual@345196135{2342634},3C_20_66-03.txt,118.340,0.100,11.834,1,4.266,36.05,4.266,4.797,0.000
14,ec.gp.GPIndividual@345196135{2342634},3C_20_80-01.txt,4.194,0.100,0.419,1,0.906,216.06,0.906,4.797,0.000
14,ec.gp.GPIndividual@345196135{2342634},3C_20_80-03.txt,169.439,0.100,16.944,3,1.844,10.88,0.615,4.797,0.000
14,ec.gp.GPIndividual@345196135{2342634},3C_20_66-03.txt,118.340,0.100,11.834,3,3.656,30.90,1.219,4.797,0.000
14,ec.gp.GPIndividual@345196135{2342634},3C_20_80-02.txt,35.738,0.100,3.574,1,1.625,45.47,1.625,4.797,0.000
14,ec.gp.GPIndividual@345196135{2342634},3C_20_66-02.txt,154.245,0.100,15.424,4,16.016,103.83,4.004,4.891,0.000
14,ec.gp.GPIndividual@345196135{2342634},3C_20_80-01.txt,4.194,0.100,0.419,2,0.656,156.46,0.328,4.891,0.000
14,ec.gp.GPIndividual@345196135{2342634},3C_20_80-03.txt,169.439,0.100,16.944,4,11.516,67.96,2.879,5.766,0.000
14,ec.gp.GPIndividual@345196135{2342634},3C_20_80-01.txt,4.194,0.100,0.419,2,0.344,81.95,0.172,5.766,0.000
14,ec.gp.GPIndividual@345196135{2342634},3C_20_80-02.txt,35.738,0.100,3.574,2,2.891,80.88,1.445,5.766,0.000
14,ec.gp.GPIndividual@345196135{2342634},3C_20_80-02.txt,35.738,0.100,3.574,1,0.891,24.92,0.891,5.766,0.000
14,ec.gp.GPIndividual@345196135{2342634},3C_20_66-03.txt,118.340,0.100,11.834,4,11.953,101.01,2.988,5.766,0.000
14,ec.gp.GPIndividual@603731043{364106524},3C_20_50-02.txt,61.404,0.100,6.140,4,10.938,178.12,2.734,5.859,0.375
14,ec.gp.GPIndividual@1176483287{-1026690465},3C_20_50-02.txt,61.404,0.100,6.140,1,1.797,29.26,1.797,1.797,1.797
14,ec.gp.GPIndividual@1176483287{-1026690465},3C_20_80-03.txt,169.439,0.100,16.944,2,0.984,5.81,0.492,1.797,0.484
14,ec.gp.GPIndividual@1176483287{-1026690465},3C_20_50-03.txt,30.993,0.100,3.099,1,1.016,32.77,1.016,1.797,0.484
14,ec.gp.GPIndividual@1176483287{-1026690465},3C_20_80-03.txt,169.439,0.100,16.944,3,7.984,47.12,2.661,4.750,0.484
14,ec.gp.GPIndividual@1176483287{-1026690465},3C_20_66-01.txt,7.322,0.100,0.732,1,0.406,55.48,0.406,4.750,0.406
14,ec.gp.GPIndividual@1176483287{-1026690465},3C_20_66-02.txt,154.245,0.100,15.424,1,0.328,2.13,0.328,4.750,0.328
14,ec.gp.GPIndividual@1176483287{-1026690465},3C_20_80-01.txt,4.194,0.100,0.419,2,2.531,603.47,1.266,4.750,0.172
14,ec.gp.GPIndividual@1176483287{-1026690465},3C_20_50-03.txt,30.993,0.100,3.099,2,5.484,176.96,2.742,4.750,0.172
14,ec.gp.GPIndividual@1176483287{-1026690465},3C_20_80-01.txt,4.194,0.100,0.419,1,2.281,543.87,2.281,4.750,0.172
14,ec.gp.GPIndividual@1176483287{-1026690465},3C_20_66-03.txt,118.340,0.100,11.834,3,2.047,17.30,0.682,4.750,0.000
14,ec.gp.GPIndividual@1176483287{-1026690465},3C_20_66-01.txt,7.322,0.100,0.732,3,0.516,70.42,0.172,4.750,0.000
14,ec.gp.GPIndividual@1176483287{-1026690465},3C_20_66-02.txt,154.245,0.100,15.424,2,2.906,18.84,1.453,4.750,0.000
14,ec.gp.GPIndividual@1176483287{-1026690465},3C_20_80-02.txt,35.738,0.100,3.574,1,6.125,171.39,6.125,6.125,0.000
14,ec.gp.GPIndividual@1849753485{1080185080},3C_20_50-02.txt,61.404,0.100,6.140,0,0.000,0.00,0.000,0.000,0.000
14,ec.gp.GPIndividual@1849753485{1080185080},3C_20_50-03.txt,30.993,0.100,3.099,1,6.141,198.13,6.141,6.141,6.141
14,ec.gp.GPIndividual@91547422{1571092622},3C_20_50-02.txt,61.404,0.100,6.140,1,0.281,4.58,0.281,0.281,0.281
14,ec.gp.GPIndividual@91547422{1571092622},3C_20_50-03.txt,30.993,0.100,3.099,4,4.453,143.68,1.113,2.672,0.125
14,ec.gp.GPIndividual@91547422{1571092622},3C_20_80-01.txt,4.194,0.100,0.419,2,0.531,126.65,0.266,2.672,0.125
14,ec.gp.GPIndividual@91547422{1571092622},3C_20_66-01.txt,7.322,0.100,0.732,0,0.000,0.00,0.000,2.672,0.125
14,ec.gp.GPIndividual@91547422{1571092622},3C_20_80-02.txt,35.738,0.100,3.574,1,4.844,135.53,4.844,4.844,0.125
14,ec.gp.GPIndividual@774071337{1610710666},3C_20_50-02.txt,61.404,0.100,6.140,1,0.859,14.00,0.859,0.859,0.859
14,ec.gp.GPIndividual@774071337{1610710666},3C_20_66-02.txt,154.245,0.100,15.424,4,7.859,50.95,1.965,4.641,0.438
14,ec.gp.GPIndividual@774071337{1610710666},3C_20_50-03.txt,30.993,0.100,3.099,1,4.969,160.32,4.969,4.969,0.438
14,ec.gp.GPIndividual@1097084538{-180829505},3C_20_50-02.txt,61.404,0.100,6.140,5,5.047,82.19,1.009,1.891,0.000
14,ec.gp.GPIndividual@1097084538{-180829505},3C_20_66-01.txt,7.322,0.100,0.732,2,0.297,40.54,0.148,1.891,0.000
14,ec.gp.GPIndividual@1097084538{-180829505},3C_20_66-02.txt,154.245,0.100,15.424,3,3.703,24.01,1.234,1.891,0.000
14,ec.gp.GPIndividual@1097084538{-180829505},3C_20_50-03.txt,30.993,0.100,3.099,1,1.000,32.27,1.000,1.891,0.000
14,ec.gp.GPIndividual@1097084538{-180829505},3C_20_80-03.txt,169.439,0.100,16.944,1,1.141,6.73,1.141,1.891,0.000
14,ec.gp.GPIndividual@1097084538{-180829505},3C_20_66-03.txt,118.340,0.100,11.834,2,3.625,30.63,1.813,3.625,0.000
14,ec.gp.GPIndividual@638795362{-317266033},3C_20_50-02.txt,61.404,0.100,6.140,4,4.313,70.23,1.078,1.422,0.281
14,ec.gp.GPIndividual@638795362{-317266033},3C_20_66-03.txt,118.340,0.100,11.834,2,2.828,23.90,1.414,1.484,0.281
14,ec.gp.GPIndividual@638795362{-317266033},3C_20_66-01.txt,7.322,0.100,0.732,2,0.563,76.82,0.281,1.484,0.156
14,ec.gp.GPIndividual@638795362{-317266033},3C_20_66-02.txt,154.245,0.100,15.424,1,2.000,12.97,2.000,2.000,0.156
14,ec.gp.GPIndividual@638795362{-317266033},3C_20_50-03.txt,30.993,0.100,3.099,1,4.625,149.23,4.625,4.625,0.156
14,ec.gp.GPIndividual@913007872{-543629781},3C_20_50-02.txt,61.404,0.100,6.140,4,6.109,99.49,1.527,4.484,0.266
14,ec.gp.GPIndividual@913007872{-543629781},3C_20_80-01.txt,4.194,0.100,0.419,2,3.250,774.83,1.625,4.484,0.266
14,ec.gp.GPIndividual@913007872{-543629781},3C_20_66-03.txt,118.340,0.100,11.834,1,0.188,1.58,0.188,4.484,0.188
14,ec.gp.GPIndividual@913007872{-543629781},3C_20_80-02.txt,35.738,0.100,3.574,1,0.422,11.80,0.422,4.484,0.188
14,ec.gp.GPIndividual@913007872{-543629781},3C_20_50-03.txt,30.993,0.100,3.099,1,4.453,143.68,4.453,4.484,0.188
14,ec.gp.GPIndividual@913007872{-543629781},3C_20_80-01.txt,4.194,0.100,0.419,2,0.297,70.78,0.148,4.484,0.000
14,ec.gp.GPIndividual@913007872{-543629781},3C_20_80-02.txt,35.738,0.100,3.574,3,3.234,90.50,1.078,4.484,0.000
14,ec.gp.GPIndividual@913007872{-543629781},3C_20_66-01.txt,7.322,0.100,0.732,1,1.500,204.86,1.500,4.484,0.000
14,ec.gp.GPIndividual@913007872{-543629781},3C_20_80-03.txt,169.439,0.100,16.944,7,12.219,72.11,1.746,4.484,0.000
14,ec.gp.GPIndividual@913007872{-543629781},3C_20_80-03.txt,169.439,0.100,16.944,1,1.172,6.92,1.172,4.484,0.000
14,ec.gp.GPIndividual@913007872{-543629781},3C_20_66-02.txt,154.245,0.100,15.424,4,13.891,90.06,3.473,5.094,0.000
14,ec.gp.GPIndividual@913007872{-543629781},3C_20_66-01.txt,7.322,0.100,0.732,1,1.078,147.24,1.078,5.094,0.000
14,ec.gp.GPIndividual@913007872{-543629781},3C_20_66-03.txt,118.340,0.100,11.834,3,8.125,68.66,2.708,5.094,0.000
14,ec.gp.GPIndividual@913007872{-543629781},3C_20_80-01.txt,4.194,0.100,0.419,2,1.031,245.86,0.516,5.094,0.000
14,ec.gp.GPIndividual@913007872{-543629781},3C_20_66-02.txt,154.245,0.100,15.424,1,4.188,27.15,4.188,5.094,0.000
14,ec.gp.GPIndividual@700204664{1017045405},3C_20_50-02.txt,61.404,0.100,6.140,4,5.625,91.61,1.406,2.672,0.266
14,ec.gp.GPIndividual@781555218{-400452327},3C_20_50-02.txt,61.404,0.100,6.140,2,5.625,91.61,2.813,4.281,1.344
14,ec.gp.GPIndividual@781555218{-400452327},3C_20_50-03.txt,30.993,0.100,3.099,2,1.547,49.91,0.773,4.281,0.422
14,ec.gp.GPIndividual@781555218{-400452327},3C_20_80-02.txt,35.738,0.100,3.574,2,2.250,62.96,1.125,4.281,0.422
14,ec.gp.GPIndividual@781555218{-400452327},3C_20_50-03.txt,30.993,0.100,3.099,3,2.828,91.25,0.943,4.281,0.266
14,ec.gp.GPIndividual@781555218{-400452327},3C_20_80-01.txt,4.194,0.100,0.419,1,1.016,242.13,1.016,4.281,0.266
14,ec.gp.GPIndividual@781555218{-400452327},3C_20_66-03.txt,118.340,0.100,11.834,1,0.266,2.24,0.266,4.281,0.266
14,ec.gp.GPIndividual@781555218{-400452327},3C_20_66-01.txt,7.322,0.100,0.732,2,1.656,226.20,0.828,4.281,0.219
14,ec.gp.GPIndividual@781555218{-400452327},3C_20_80-03.txt,169.439,0.100,16.944,3,1.688,9.96,0.563,4.281,0.000
14,ec.gp.GPIndividual@781555218{-400452327},3C_20_66-01.txt,7.322,0.100,0.732,1,0.422,57.62,0.422,4.281,0.000
14,ec.gp.GPIndividual@781555218{-400452327},3C_20_66-02.txt,154.245,0.100,15.424,2,0.422,2.74,0.211,4.281,0.000
14,ec.gp.GPIndividual@781555218{-400452327},3C_20_66-02.txt,154.245,0.100,15.424,3,3.578,23.20,1.193,4.281,0.000
14,ec.gp.GPIndividual@781555218{-400452327},3C_20_80-02.txt,35.738,0.100,3.574,2,2.547,71.26,1.273,4.281,0.000
14,ec.gp.GPIndividual@781555218{-400452327},3C_20_66-03.txt,118.340,0.100,11.834,1,1.172,9.90,1.172,4.281,0.000
14,ec.gp.GPIndividual@781555218{-400452327},3C_20_66-03.txt,118.340,0.100,11.834,5,11.656,98.50,2.331,4.328,0.000
14,ec.gp.GPIndividual@781555218{-400452327},3C_20_80-03.txt,169.439,0.100,16.944,1,0.141,0.83,0.141,4.328,0.000
14,ec.gp.GPIndividual@1953598775{2120107352},3C_20_50-02.txt,61.404,0.100,6.140,3,4.297,69.98,1.432,2.500,0.281
14,ec.gp.GPIndividual@1953598775{2120107352},3C_20_50-03.txt,30.993,0.100,3.099,1,1.344,43.36,1.344,2.500,0.281
14,ec.gp.GPIndividual@1953598775{2120107352},3C_20_80-01.txt,4.194,0.100,0.419,1,4.391,1046.76,4.391,4.391,0.281
14,ec.gp.GPIndividual@1953598775{2120107352},3C_20_80-01.txt,4.194,0.100,0.419,3,1.813,432.11,0.604,4.391,0.250
14,ec.gp.GPIndividual@1953598775{2120107352},3C_20_66-01.txt,7.322,0.100,0.732,1,4.719,644.45,4.719,4.719,0.250
14,ec.gp.GPIndividual@1953598775{2120107352},3C_20_80-01.txt,4.194,0.100,0.419,2,0.422,100.58,0.211,4.719,0.094
14,ec.gp.GPIndividual@1953598775{2120107352},3C_20_66-02.txt,154.245,0.100,15.424,3,0.313,2.03,0.104,4.719,0.000
14,ec.gp.GPIndividual@1953598775{2120107352},3C_20_80-02.txt,35.738,0.100,3.574,1,4.609,128.98,4.609,4.719,0.000
14,ec.gp.GPIndividual@1313946481{-1913349151},3C_20_50-02.txt,61.404,0.100,6.140,0,0.000,0.00,0.000,0.000,0.000
14,ec.gp.GPIndividual@1313946481{-1913349151},3C_20_50-03.txt,30.993,0.100,3.099,0,0.000,0.00,0.000,0.000,0.000
14,ec.gp.GPIndividual@1313946481{-1913349151},3C_20_66-01.txt,7.322,0.100,0.732,0,0.000,0.00,0.000,0.000,0.000
14,ec.gp.GPIndividual@1313946481{-1913349151},3C_20_66-02.txt,154.245,0.100,15.424,1,0.844,5.47,0.844,0.844,0.844
14,ec.gp.GPIndividual@1313946481{-1913349151},3C_20_80-02.txt,35.738,0.100,3.574,0,0.000,0.00,0.000,0.844,0.844
14,ec.gp.GPIndividual@1313946481{-1913349151},3C_20_66-03.txt,118.340,0.100,11.834,1,0.844,7.13,0.844,0.844,0.844
14,ec.gp.GPIndividual@1313946481{-1913349151},3C_20_80-02.txt,35.738,0.100,3.574,4,3.594,100.56,0.898,1.781,0.141
14,ec.gp.GPIndividual@1313946481{-1913349151},3C_20_66-03.txt,118.340,0.100,11.834,2,2.406,20.33,1.203,1.781,0.141
14,ec.gp.GPIndividual@1313946481{-1913349151},3C_20_80-03.txt,169.439,0.100,16.944,3,3.469,20.47,1.156,1.781,0.141
14,ec.gp.GPIndividual@1313946481{-1913349151},3C_20_80-03.txt,169.439,0.100,16.944,1,1.328,7.84,1.328,1.781,0.141
14,ec.gp.GPIndividual@1313946481{-1913349151},3C_20_80-03.txt,169.439,0.100,16.944,1,4.813,28.40,4.813,4.813,0.141
14,ec.gp.GPIndividual@1313946481{-1913349151},3C_20_80-01.txt,4.194,0.100,0.419,0,0.000,0.00,0.000,4.813,0.141
14,ec.gp.GPIndividual@1313946481{-1913349151},3C_20_80-02.txt,35.738,0.100,3.574,0,0.000,0.00,0.000,4.813,0.141
14,ec.gp.GPIndividual@1313946481{-1913349151},3C_20_80-03.txt,169.439,0.100,16.944,0,0.000,0.00,0.000,4.813,0.141
14,ec.gp.GPIndividual@2097228633{-77674375},3C_20_50-02.txt,61.404,0.100,6.140,1,0.094,1.53,0.094,0.094,0.094
14,ec.gp.GPIndividual@2097228633{-77674375},3C_20_80-02.txt,35.738,0.100,3.574,2,2.047,57.27,1.023,1.859,0.094
14,ec.gp.GPIndividual@990616706{2342634},3C_20_50-02.txt,61.404,0.100,6.140,2,3.422,55.73,1.711,3.203,0.219
14,ec.gp.GPIndividual@891639290{-1948393248},3C_20_50-02.txt,61.404,0.100,6.140,11,2.625,42.75,0.239,0.625,0.000
14,ec.gp.GPIndividual@891639290{-1948393248},3C_20_50-03.txt,30.993,0.100,3.099,9,3.063,98.81,0.340,1.156,0.000
14,ec.gp.GPIndividual@891639290{-1948393248},3C_20_66-01.txt,7.322,0.100,0.732,6,0.922,125.90,0.154,1.156,0.000
14,ec.gp.GPIndividual@891639290{-1948393248},3C_20_80-03.txt,169.439,0.100,16.944,5,8.469,49.98,1.694,5.734,0.000
14,ec.gp.GPIndividual@645623649{-343848165},3C_20_50-02.txt,61.404,0.100,6.140,2,6.438,104.84,3.219,6.344,0.094
14,ec.gp.GPIndividual@645623649{-343848165},3C_20_66-02.txt,154.245,0.100,15.424,3,0.141,0.91,0.047,6.344,0.000
14,ec.gp.GPIndividual@645623649{-343848165},3C_20_50-03.txt,30.993,0.100,3.099,6,3.031,97.81,0.505,6.344,0.000
14,ec.gp.GPIndividual@645623649{-343848165},3C_20_66-01.txt,7.322,0.100,0.732,3,0.484,66.15,0.161,6.344,0.000
14,ec.gp.GPIndividual@645623649{-343848165},3C_20_66-03.txt,118.340,0.100,11.834,5,1.094,9.24,0.219,6.344,0.000
14,ec.gp.GPIndividual@645623649{-343848165},3C_20_66-02.txt,154.245,0.100,15.424,4,3.266,21.17,0.816,6.344,0.000
14,ec.gp.GPIndividual@645623649{-343848165},3C_20_66-03.txt,118.340,0.100,11.834,5,7.922,66.94,1.584,6.344,0.000
14,ec.gp.GPIndividual@645623649{-343848165},3C_20_80-01.txt,4.194,0.100,0.419,6,0.438,104.30,0.073,6.344,0.000
14,ec.gp.GPIndividual@645623649{-343848165},3C_20_80-02.txt,35.738,0.100,3.574,5,4.313,120.67,0.863,6.344,0.000
14,ec.gp.GPIndividual@645623649{-343848165},3C_20_80-01.txt,4.194,0.100,0.419,2,0.594,141.55,0.297,6.344,0.000
14,ec.gp.GPIndividual@645623649{-343848165},3C_20_80-03.txt,169.439,0.100,16.944,4,0.734,4.33,0.184,6.344,0.000
14,ec.gp.GPIndividual@645623649{-343848165},3C_20_80-02.txt,35.738,0.100,3.574,5,3.453,96.62,0.691,6.344,0.000
14,ec.gp.GPIndividual@645623649{-343848165},3C_20_80-03.txt,169.439,0.100,16.944,2,0.266,1.57,0.133,6.344,0.000
14,ec.gp.GPIndividual@1062104570{676084714},3C_20_50-02.txt,61.404,0.100,6.140,3,0.641,10.43,0.214,0.344,0.063
14,ec.gp.GPIndividual@1062104570{676084714},3C_20_50-03.txt,30.993,0.100,3.099,4,2.531,81.67,0.633,0.922,0.063
14,ec.gp.GPIndividual@1062104570{676084714},3C_20_66-01.txt,7.322,0.100,0.732,4,0.609,83.22,0.152,0.922,0.063
14,ec.gp.GPIndividual@1062104570{676084714},3C_20_66-02.txt,154.245,0.100,15.424,4,0.922,5.98,0.230,0.922,0.063
14,ec.gp.GPIndividual@1062104570{676084714},3C_20_66-03.txt,118.340,0.100,11.834,4,7.984,67.47,1.996,4.141,0.063
14,ec.gp.GPIndividual@1062104570{676084714},3C_20_80-01.txt,4.194,0.100,0.419,3,0.375,89.40,0.125,4.141,0.063
14,ec.gp.GPIndividual@1062104570{676084714},3C_20_80-02.txt,35.738,0.100,3.574,4,0.797,22.30,0.199,4.141,0.063
14,ec.gp.GPIndividual@1062104570{676084714},3C_20_80-03.txt,169.439,0.100,16.944,4,13.500,79.67,3.375,6.500,0.063
14,ec.gp.GPIndividual@1160287{1358738666},3C_20_50-02.txt,61.404,0.100,6.140,1,0.063,1.02,0.063,0.063,0.063
14,ec.gp.GPIndividual@1160287{1358738666},3C_20_50-03.txt,30.993,0.100,3.099,1,0.563,18.15,0.563,0.563,0.063
14,ec.gp.GPIndividual@1160287{1358738666},3C_20_66-01.txt,7.322,0.100,0.732,2,0.328,44.81,0.164,0.563,0.063
14,ec.gp.GPIndividual@1160287{1358738666},3C_20_66-02.txt,154.245,0.100,15.424,1,0.313,2.03,0.313,0.563,0.063
14,ec.gp.GPIndividual@1160287{1358738666},3C_20_66-03.txt,118.340,0.100,11.834,2,1.266,10.69,0.633,0.813,0.063
14,ec.gp.GPIndividual@1160287{1358738666},3C_20_80-01.txt,4.194,0.100,0.419,2,0.281,67.05,0.141,0.813,0.063
14,ec.gp.GPIndividual@1160287{1358738666},3C_20_80-02.txt,35.738,0.100,3.574,2,0.438,12.24,0.219,0.813,0.063
14,ec.gp.GPIndividual@1160287{1358738666},3C_20_80-03.txt,169.439,0.100,16.944,2,7.266,42.88,3.633,6.484,0.063
15,ec.gp.GPIndividual@1189685875{-998879910},3C_20_50-02.txt,61.404,0.100,6.140,4,1.500,24.43,0.375,0.375,0.375
15,ec.gp.GPIndividual@1189685875{-998879910},3C_20_50-03.txt,30.993,0.100,3.099,5,3.953,127.55,0.791,1.156,0.375
15,ec.gp.GPIndividual@1189685875{-998879910},3C_20_50-03.txt,30.993,0.100,3.099,1,0.156,5.04,0.156,1.156,0.156
15,ec.gp.GPIndividual@1189685875{-998879910},3C_20_50-03.txt,30.993,0.100,3.099,1,1.313,42.35,1.313,1.313,0.156
15,ec.gp.GPIndividual@1189685875{-998879910},3C_20_66-01.txt,7.322,0.100,0.732,1,0.672,91.76,0.672,1.313,0.156
15,ec.gp.GPIndividual@1189685875{-998879910},3C_20_50-03.txt,30.993,0.100,3.099,1,0.344,11.09,0.344,1.313,0.156
15,ec.gp.GPIndividual@1189685875{-998879910},3C_20_66-02.txt,154.245,0.100,15.424,2,3.313,21.48,1.656,1.656,0.156
15,ec.gp.GPIndividual@1189685875{-998879910},3C_20_50-03.txt,30.993,0.100,3.099,2,2.703,87.22,1.352,1.656,0.156
15,ec.gp.GPIndividual@1189685875{-998879910},3C_20_66-01.txt,7.322,0.100,0.732,3,2.969,405.45,0.990,1.656,0.156
15,ec.gp.GPIndividual@1189685875{-998879910},3C_20_66-01.txt,7.322,0.100,0.732,1,0.297,40.54,0.297,1.656,0.156
15,ec.gp.GPIndividual@1189685875{-998879910},3C_20_66-01.txt,7.322,0.100,0.732,3,1.359,185.65,0.453,1.656,0.156
15,ec.gp.GPIndividual@1189685875{-998879910},3C_20_66-01.txt,7.322,0.100,0.732,0,0.000,0.00,0.000,1.656,0.156
15,ec.gp.GPIndividual@1189685875{-998879910},3C_20_66-02.txt,154.245,0.100,15.424,1,2.047,13.27,2.047,2.047,0.156
15,ec.gp.GPIndividual@1189685875{-998879910},3C_20_50-03.txt,30.993,0.100,3.099,1,2.156,69.57,2.156,2.156,0.156
15,ec.gp.GPIndividual@1189685875{-998879910},3C_20_66-03.txt,118.340,0.100,11.834,2,0.719,6.07,0.359,2.156,0.156
15,ec.gp.GPIndividual@1189685875{-998879910},3C_20_66-02.txt,154.245,0.100,15.424,6,9.156,59.36,1.526,2.313,0.156
15,ec.gp.GPIndividual@1189685875{-998879910},3C_20_66-02.txt,154.245,0.100,15.424,1,1.422,9.22,1.422,2.313,0.156
15,ec.gp.GPIndividual@1189685875{-998879910},3C_20_66-03.txt,118.340,0.100,11.834,1,1.594,13.47,1.594,2.313,0.156
15,ec.gp.GPIndividual@1189685875{-998879910},3C_20_66-02.txt,154.245,0.100,15.424,2,6.156,39.91,3.078,4.750,0.156
15,ec.gp.GPIndividual@1189685875{-998879910},3C_20_80-01.txt,4.194,0.100,0.419,1,0.172,40.98,0.172,4.750,0.156
15,ec.gp.GPIndividual@1189685875{-998879910},3C_20_80-02.txt,35.738,0.100,3.574,2,3.891,108.86,1.945,4.750,0.156
15,ec.gp.GPIndividual@1189685875{-998879910},3C_20_66-03.txt,118.340,0.100,11.834,4,8.641,73.02,2.160,4.750,0.156
15,ec.gp.GPIndividual@1189685875{-998879910},3C_20_80-03.txt,169.439,0.100,16.944,1,1.438,8.48,1.438,4.750,0.156
15,ec.gp.GPIndividual@1189685875{-998879910},3C_20_66-03.txt,118.340,0.100,11.834,2,6.359,53.74,3.180,4.750,0.156
15,ec.gp.GPIndividual@1189685875{-998879910},3C_20_80-01.txt,4.194,0.100,0.419,2,3.203,763.65,1.602,4.750,0.156
15,ec.gp.GPIndividual@1189685875{-998879910},3C_20_66-01.txt,7.322,0.100,0.732,2,1.703,232.60,0.852,4.750,0.156
15,ec.gp.GPIndividual@1189685875{-998879910},3C_20_66-03.txt,118.340,0.100,11.834,2,0.297,2.51,0.148,4.750,0.000
15,ec.gp.GPIndividual@1189685875{-998879910},3C_20_66-02.txt,154.245,0.100,15.424,0,0.000,0.00,0.000,4.750,0.000
15,ec.gp.GPIndividual@1189685875{-998879910},3C_20_80-02.txt,35.738,0.100,3.574,1,4.813,134.66,4.813,4.813,0.000
15,ec.gp.GPIndividual@1189685875{-998879910},3C_20_80-01.txt,4.194,0.100,0.419,2,0.344,81.95,0.172,4.813,0.000
15,ec.gp.GPIndividual@1189685875{-998879910},3C_20_80-02.txt,35.738,0.100,3.574,1,1.609,45.03,1.609,4.813,0.000
15,ec.gp.GPIndividual@1189685875{-998879910},3C_20_80-03.txt,169.439,0.100,16.944,3,9.453,55.79,3.151,5.563,0.000
15,ec.gp.GPIndividual@1272341687{1407944358},3C_20_50-02.txt,61.404,0.100,6.140,5,6.656,108.40,1.331,4.828,0.000
15,ec.gp.GPIndividual@1272341687{1407944358},3C_20_66-03.txt,118.340,0.100,11.834,2,1.031,8.71,0.516,4.828,0.000
15,ec.gp.GPIndividual@1272341687{1407944358},3C_20_80-01.txt,4.194,0.100,0.419,2,5.031,1199.49,2.516,4.828,0.000
15,ec.gp.GPIndividual@1272341687{1407944358},3C_20_80-01.txt,4.194,0.100,0.419,1,1.781,424.66,1.781,4.828,0.000
15,ec.gp.GPIndividual@1272341687{1407944358},3C_20_80-03.txt,169.439,0.100,16.944,6,4.000,23.61,0.667,4.828,0.000
15,ec.gp.GPIndividual@1272341687{1407944358},3C_20_50-03.txt,30.993,0.100,3.099,5,3.891,125.53,0.778,4.828,0.000
15,ec.gp.GPIndividual@1272341687{1407944358},3C_20_80-02.txt,35.738,0.100,3.574,1,0.891,24.92,0.891,4.828,0.000
15,ec.gp.GPIndividual@1272341687{1407944358},3C_20_80-02.txt,35.738,0.100,3.574,1,5.672,158.71,5.672,5.672,0.000
15,ec.gp.GPIndividual@472600517{1505885164},3C_20_50-02.txt,61.404,0.100,6.140,0,0.000,0.00,0.000,0.000,0.000
15,ec.gp.GPIndividual@472600517{1505885164},3C_20_50-03.txt,30.993,0.100,3.099,0,0.000,0.00,0.000,0.000,0.000
15,ec.gp.GPIndividual@472600517{1505885164},3C_20_66-01.txt,7.322,0.100,0.732,0,0.000,0.00,0.000,0.000,0.000
15,ec.gp.GPIndividual@472600517{1505885164},3C_20_66-02.txt,154.245,0.100,15.424,0,0.000,0.00,0.000,0.000,0.000
15,ec.gp.GPIndividual@472600517{1505885164},3C_20_66-03.txt,118.340,0.100,11.834,5,14.031,118.57,2.806,5.813,0.297
15,ec.gp.GPIndividual@792463796{1359522709},3C_20_50-02.txt,61.404,0.100,6.140,2,2.141,34.86,1.070,1.609,0.531
15,ec.gp.GPIndividual@792463796{1359522709},3C_20_80-03.txt,169.439,0.100,16.944,2,2.844,16.78,1.422,2.844,0.000
15,ec.gp.GPIndividual@792463796{1359522709},3C_20_80-01.txt,4.194,0.100,0.419,1,2.094,499.17,2.094,2.844,0.000
15,ec.gp.GPIndividual@792463796{1359522709},3C_20_80-03.txt,169.439,0.100,16.944,7,15.875,93.69,2.268,4.750,0.000
15,ec.gp.GPIndividual@792463796{1359522709},3C_20_50-03.txt,30.993,0.100,3.099,1,1.266,40.84,1.266,4.750,0.000
15,ec.gp.GPIndividual@792463796{1359522709},3C_20_80-02.txt,35.738,0.100,3.574,2,4.234,118.48,2.117,4.750,0.000
15,ec.gp.GPIndividual@792463796{1359522709},3C_20_66-01.txt,7.322,0.100,0.732,4,1.156,157.91,0.289,4.750,0.000
15,ec.gp.GPIndividual@792463796{1359522709},3C_20_66-02.txt,154.245,0.100,15.424,4,18.016,116.80,4.504,6.078,0.000
15,ec.gp.GPIndividual@792463796{1359522709},3C_20_66-01.txt,7.322,0.100,0.732,7,1.828,249.67,0.261,6.078,0.000
15,ec.gp.GPIndividual@163804534{780425776},3C_20_50-02.txt,61.404,0.100,6.140,6,6.328,103.06,1.055,2.344,0.000
15,ec.gp.GPIndividual@163804534{780425776},3C_20_80-03.txt,169.439,0.100,16.944,13,14.625,86.31,1.125,4.047,0.000
15,ec.gp.GPIndividual@163804534{780425776},3C_20_50-03.txt,30.993,0.100,3.099,2,1.578,50.92,0.789,4.047,0.000
15,ec.gp.GPIndividual@163804534{780425776},3C_20_66-03.txt,118.340,0.100,11.834,1,2.078,17.56,2.078,4.047,0.000
15,ec.gp.GPIndividual@2019448227{-335140662},3C_20_50-02.txt,61.404,0.100,6.140,3,6.359,103.57,2.120,4.578,0.531
15,ec.gp.GPIndividual@2019448227{-335140662},3C_20_80-01.txt,4.194,0.100,0.419,0,0.000,0.00,0.000,4.578,0.531
15,ec.gp.GPIndividual@2019448227{-335140662},3C_20_80-02.txt,35.738,0.100,3.574,0,0.000,0.00,0.000,4.578,0.531
15,ec.gp.GPIndividual@2019448227{-335140662},3C_20_80-03.txt,169.439,0.100,16.944,0,0.000,0.00,0.000,4.578,0.531
15,ec.gp.GPIndividual@2086446532{-1275623552},3C_20_50-02.txt,61.404,0.100,6.140,1,0.531,8.65,0.531,0.531,0.531
15,ec.gp.GPIndividual@2086446532{-1275623552},3C_20_50-03.txt,30.993,0.100,3.099,1,1.625,52.43,1.625,1.625,0.531
15,ec.gp.GPIndividual@2086446532{-1275623552},3C_20_50-03.txt,30.993,0.100,3.099,2,8.438,272.24,4.219,6.297,0.531
15,ec.gp.GPIndividual@528368390{446364970},3C_20_50-02.txt,61.404,0.100,6.140,3,7.828,127.48,2.609,6.797,0.516
15,ec.gp.GPIndividual@528368390{446364970},3C_20_66-02.txt,154.245,0.100,15.424,5,2.734,17.73,0.547,6.797,0.000
15,ec.gp.GPIndividual@528368390{446364970},3C_20_66-01.txt,7.322,0.100,0.732,2,0.344,46.95,0.172,6.797,0.000
15,ec.gp.GPIndividual@528368390{446364970},3C_20_66-02.txt,154.245,0.100,15.424,2,6.688,43.36,3.344,6.797,0.000
15,ec.gp.GPIndividual@528368390{446364970},3C_20_50-03.txt,30.993,0.100,3.099,4,4.406,142.17,1.102,6.797,0.000
15,ec.gp.GPIndividual@528368390{446364970},3C_20_66-03.txt,118.340,0.100,11.834,8,12.266,103.65,1.533,6.797,0.000
15,ec.gp.GPIndividual@528368390{446364970},3C_20_66-01.txt,7.322,0.100,0.732,1,4.438,606.03,4.438,6.797,0.000
15,ec.gp.GPIndividual@528368390{446364970},3C_20_66-02.txt,154.245,0.100,15.424,0,0.000,0.00,0.000,6.797,0.000
15,ec.gp.GPIndividual@528368390{446364970},3C_20_80-01.txt,4.194,0.100,0.419,2,0.469,111.75,0.234,6.797,0.000
15,ec.gp.GPIndividual@528368390{446364970},3C_20_66-03.txt,118.340,0.100,11.834,5,7.234,61.13,1.447,6.797,0.000
15,ec.gp.GPIndividual@528368390{446364970},3C_20_66-01.txt,7.322,0.100,0.732,2,1.531,209.12,0.766,6.797,0.000
15,ec.gp.GPIndividual@528368390{446364970},3C_20_80-02.txt,35.738,0.100,3.574,1,4.859,135.97,4.859,6.797,0.000
15,ec.gp.GPIndividual@528368390{446364970},3C_20_80-01.txt,4.194,0.100,0.419,2,0.344,81.95,0.172,6.797,0.000
15,ec.gp.GPIndividual@528368390{446364970},3C_20_80-02.txt,35.738,0.100,3.574,1,0.344,9.62,0.344,6.797,0.000
15,ec.gp.GPIndividual@528368390{446364970},3C_20_66-02.txt,154.245,0.100,15.424,9,19.875,128.85,2.208,6.797,0.000
15,ec.gp.GPIndividual@528368390{446364970},3C_20_80-03.txt,169.439,0.100,16.944,1,1.563,9.22,1.563,6.797,0.000
15,ec.gp.GPIndividual@528368390{446364970},3C_20_66-03.txt,118.340,0.100,11.834,1,1.031,8.71,1.031,6.797,0.000
15,ec.gp.GPIndividual@528368390{446364970},3C_20_66-03.txt,118.340,0.100,11.834,1,1.375,11.62,1.375,6.797,0.000
15,ec.gp.GPIndividual@528368390{446364970},3C_20_80-03.txt,169.439,0.100,16.944,4,17.234,101.71,4.309,6.797,0.000
15,ec.gp.GPIndividual@528368390{446364970},3C_20_80-01.txt,4.194,0.100,0.419,1,3.641,867.95,3.641,6.797,0.000
15,ec.gp.GPIndividual@528368390{446364970},3C_20_66-01.txt,7.322,0.100,0.732,4,0.781,106.70,0.195,6.797,0.000
15,ec.gp.GPIndividual@528368390{446364970},3C_20_66-02.txt,154.245,0.100,15.424,5,15.109,97.96,3.022,6.797,0.000
15,ec.gp.GPIndividual@359693517{1241385411},3C_20_50-02.txt,61.404,0.100,6.140,0,0.000,0.00,0.000,0.000,0.000
15,ec.gp.GPIndividual@359693517{1241385411},3C_20_50-03.txt,30.993,0.100,3.099,0,0.000,0.00,0.000,0.000,0.000
15,ec.gp.GPIndividual@359693517{1241385411},3C_20_66-01.txt,7.322,0.100,0.732,0,0.000,0.00,0.000,0.000,0.000
15,ec.gp.GPIndividual@359693517{1241385411},3C_20_66-02.txt,154.245,0.100,15.424,0,0.000,0.00,0.000,0.000,0.000
15,ec.gp.GPIndividual@359693517{1241385411},3C_20_66-03.txt,118.340,0.100,11.834,0,0.000,0.00,0.000,0.000,0.000
15,ec.gp.GPIndividual@359693517{1241385411},3C_20_80-01.txt,4.194,0.100,0.419,0,0.000,0.00,0.000,0.000,0.000
15,ec.gp.GPIndividual@359693517{1241385411},3C_20_80-02.txt,35.738,0.100,3.574,0,0.000,0.00,0.000,0.000,0.000
15,ec.gp.GPIndividual@359693517{1241385411},3C_20_80-03.txt,169.439,0.100,16.944,0,0.000,0.00,0.000,0.000,0.000
15,ec.gp.GPIndividual@1388136353{-948915862},3C_20_50-02.txt,61.404,0.100,6.140,2,1.250,20.36,0.625,1.250,0.000
15,ec.gp.GPIndividual@1388136353{-948915862},3C_20_80-02.txt,35.738,0.100,3.574,2,1.359,38.04,0.680,1.250,0.000
15,ec.gp.GPIndividual@1388136353{-948915862},3C_20_50-03.txt,30.993,0.100,3.099,3,6.313,203.68,2.104,3.797,0.000
15,ec.gp.GPIndividual@1388136353{-948915862},3C_20_80-01.txt,4.194,0.100,0.419,4,0.516,122.93,0.129,3.797,0.000
15,ec.gp.GPIndividual@1388136353{-948915862},3C_20_66-03.txt,118.340,0.100,11.834,5,4.203,35.52,0.841,3.797,0.000
15,ec.gp.GPIndividual@1388136353{-948915862},3C_20_66-01.txt,7.322,0.100,0.732,2,0.344,46.95,0.172,3.797,0.000
15,ec.gp.GPIndividual@1388136353{-948915862},3C_20_66-02.txt,154.245,0.100,15.424,4,6.469,41.94,1.617,3.797,0.000
15,ec.gp.GPIndividual@1388136353{-948915862},3C_20_80-03.txt,169.439,0.100,16.944,2,4.125,24.35,2.063,3.797,0.000
15,ec.gp.GPIndividual@1388136353{-948915862},3C_20_66-03.txt,118.340,0.100,11.834,7,16.141,136.39,2.306,4.828,0.000
15,ec.gp.GPIndividual@231888730{2036805269},3C_20_50-02.txt,61.404,0.100,6.140,6,11.094,180.67,1.849,5.906,0.000
15,ec.gp.GPIndividual@1862313385{-254030737},3C_20_50-02.txt,61.404,0.100,6.140,1,4.828,78.63,4.828,4.828,4.828
15,ec.gp.GPIndividual@1862313385{-254030737},3C_20_80-01.txt,4.194,0.100,0.419,3,1.703,406.04,0.568,4.828,0.000
15,ec.gp.GPIndividual@1862313385{-254030737},3C_20_50-03.txt,30.993,0.100,3.099,1,0.250,8.07,0.250,4.828,0.000
15,ec.gp.GPIndividual@1862313385{-254030737},3C_20_80-02.txt,35.738,0.100,3.574,3,6.719,188.00,2.240,4.828,0.000
15,ec.gp.GPIndividual@1862313385{-254030737},3C_20_80-02.txt,35.738,0.100,3.574,7,3.578,100.12,0.511,4.828,0.000
15,ec.gp.GPIndividual@1862313385{-254030737},3C_20_80-01.txt,4.194,0.100,0.419,1,0.344,81.95,0.344,4.828,0.000
15,ec.gp.GPIndividual@1862313385{-254030737},3C_20_80-02.txt,35.738,0.100,3.574,1,1.500,41.97,1.500,4.828,0.000
15,ec.gp.GPIndividual@1862313385{-254030737},3C_20_80-03.txt,169.439,0.100,16.944,3,3.094,18.26,1.031,4.828,0.000
15,ec.gp.GPIndividual@1862313385{-254030737},3C_20_50-03.txt,30.993,0.100,3.099,4,1.703,54.95,0.426,4.828,0.000
15,ec.gp.GPIndividual@1862313385{-254030737},3C_20_66-01.txt,7.322,0.100,0.732,4,0.641,87.49,0.160,4.828,0.000
15,ec.gp.GPIndividual@1862313385{-254030737},3C_20_66-02.txt,154.245,0.100,15.424,5,3.703,24.01,0.741,4.828,0.000
15,ec.gp.GPIndividual@1862313385{-254030737},3C_20_66-01.txt,7.322,0.100,0.732,2,0.344,46.95,0.172,4.828,0.000
15,ec.gp.GPIndividual@1862313385{-254030737},3C_20_66-02.txt,154.245,0.100,15.424,8,11.391,73.85,1.424,4.828,0.000
15,ec.gp.GPIndividual@1862313385{-254030737},3C_20_66-03.txt,118.340,0.100,11.834,1,1.609,13.60,1.609,4.828,0.000
15,ec.gp.GPIndividual@1862313385{-254030737},3C_20_80-03.txt,169.439,0.100,16.944,7,17.313,102.18,2.473,6.063,0.000
15,ec.gp.GPIndividual@1862313385{-254030737},3C_20_80-03.txt,169.439,0.100,16.944,3,0.719,4.24,0.240,6.063,0.000
15,ec.gp.GPIndividual@1862313385{-254030737},3C_20_66-03.txt,118.340,0.100,11.834,1,2.344,19.81,2.344,6.063,0.000
15,ec.gp.GPIndividual@79464269{-1618623711},3C_20_50-02.txt,61.404,0.100,6.140,2,2.344,38.17,1.172,2.078,0.266
15,ec.gp.GPIndividual@79464269{-1618623711},3C_20_80-01.txt,4.194,0.100,0.419,2,0.281,67.05,0.141,2.078,0.000
15,ec.gp.GPIndividual@79464269{-1618623711},3C_20_80-02.txt,35.738,0.100,3.574,1,1.328,37.16,1.328,2.078,0.000
15,ec.gp.GPIndividual@79464269{-1618623711},3C_20_50-03.txt,30.993,0.100,3.099,2,5.219,168.39,2.609,4.469,0.000
15,ec.gp.GPIndividual@79464269{-1618623711},3C_20_80-01.txt,4.194,0.100,0.419,1,2.594,618.37,2.594,4.469,0.000
15,ec.gp.GPIndividual@79464269{-1618623711},3C_20_80-01.txt,4.194,0.100,0.419,6,0.641,152.73,0.107,4.469,0.000
15,ec.gp.GPIndividual@79464269{-1618623711},3C_20_80-02.txt,35.738,0.100,3.574,1,5.031,140.78,5.031,5.031,0.000
15,ec.gp.GPIndividual@752750275{1453020377},3C_20_50-02.txt,61.404,0.100,6.140,1,0.969,15.78,0.969,0.969,0.969
15,ec.gp.GPIndividual@752750275{1453020377},3C_20_80-03.txt,169.439,0.100,16.944,2,1.703,10.05,0.852,1.344,0.359
15,ec.gp.GPIndividual@752750275{1453020377},3C_20_50-03.txt,30.993,0.100,3.099,3,3.859,124.53,1.286,1.563,0.359
15,ec.gp.GPIndividual@752750275{1453020377},3C_20_66-01.txt,7.322,0.100,0.732,2,1.172,160.04,0.586,1.563,0.281
15,ec.gp.GPIndividual@752750275{1453020377},3C_20_80-03.txt,169.439,0.100,16.944,1,0.391,2.31,0.391,1.563,0.281
15,ec.gp.GPIndividual@752750275{1453020377},3C_20_66-02.txt,154.245,0.100,15.424,2,4.516,29.28,2.258,3.516,0.281
15,ec.gp.GPIndividual@752750275{1453020377},3C_20_66-01.txt,7.322,0.100,0.732,1,0.766,104.56,0.766,3.516,0.281
15,ec.gp.GPIndividual@752750275{1453020377},3C_20_80-02.txt,35.738,0.100,3.574,2,1.781,49.84,0.891,3.516,0.000
15,ec.gp.GPIndividual@752750275{1453020377},3C_20_66-03.txt,118.340,0.100,11.834,3,5.266,44.50,1.755,4.141,0.000
15,ec.gp.GPIndividual@752750275{1453020377},3C_20_66-02.txt,154.245,0.100,15.424,5,11.922,77.29,2.384,4.719,0.000
15,ec.gp.GPIndividual@699226662{93579661},3C_20_50-02.txt,61.404,0.100,6.140,3,2.594,42.24,0.865,1.156,0.422
15,ec.gp.GPIndividual@699226662{93579661},3C_20_66-03.txt,118.340,0.100,11.834,3,7.156,60.47,2.385,4.484,0.422
15,ec.gp.GPIndividual@699226662{93579661},3C_20_50-03.txt,30.993,0.100,3.099,1,3.422,110.41,3.422,4.484,0.422
15,ec.gp.GPIndividual@259352052{158979411},3C_20_50-02.txt,61.404,0.100,6.140,4,6.078,98.99,1.520,2.672,0.422
15,ec.gp.GPIndividual@259352052{158979411},3C_20_80-01.txt,4.194,0.100,0.419,1,0.281,67.05,0.281,2.672,0.281
15,ec.gp.GPIndividual@259352052{158979411},3C_20_80-02.txt,35.738,0.100,3.574,2,2.453,68.64,1.227,2.672,0.281
15,ec.gp.GPIndividual@259352052{158979411},3C_20_66-01.txt,7.322,0.100,0.732,1,1.859,253.94,1.859,2.672,0.281
15,ec.gp.GPIndividual@259352052{158979411},3C_20_80-03.txt,169.439,0.100,16.944,5,5.781,34.12,1.156,4.406,0.000
15,ec.gp.GPIndividual@259352052{158979411},3C_20_50-03.txt,30.993,0.100,3.099,2,2.234,72.09,1.117,4.406,0.000
15,ec.gp.GPIndividual@259352052{158979411},3C_20_80-03.txt,169.439,0.100,16.944,1,0.750,4.43,0.750,4.406,0.000
15,ec.gp.GPIndividual@259352052{158979411},3C_20_66-02.txt,154.245,0.100,15.424,2,3.875,25.12,1.938,4.406,0.000
15,ec.gp.GPIndividual@259352052{158979411},3C_20_80-01.txt,4.194,0.100,0.419,2,0.422,100.58,0.211,4.406,0.000
15,ec.gp.GPIndividual@259352052{158979411},3C_20_80-02.txt,35.738,0.100,3.574,3,2.984,83.51,0.995,4.406,0.000
15,ec.gp.GPIndividual@259352052{158979411},3C_20_66-03.txt,118.340,0.100,11.834,4,10.750,90.84,2.688,4.656,0.000
15,ec.gp.GPIndividual@259352052{158979411},3C_20_80-03.txt,169.439,0.100,16.944,5,17.453,103.01,3.491,4.875,0.000
15,ec.gp.GPIndividual@738899486{-442237792},3C_20_50-02.txt,61.404,0.100,6.140,4,8.703,141.73,2.176,4.594,0.000
15,ec.gp.GPIndividual@860558375{2058169976},3C_20_50-02.txt,61.404,0.100,6.140,7,10.500,171.00,1.500,6.484,0.000
15,ec.gp.GPIndividual@860558375{2058169976},3C_20_66-01.txt,7.322,0.100,0.732,1,0.922,125.90,0.922,6.484,0.000
15,ec.gp.GPIndividual@860558375{2058169976},3C_20_50-03.txt,30.993,0.100,3.099,2,3.109,100.33,1.555,6.484,0.000
15,ec.gp.GPIndividual@860558375{2058169976},3C_20_80-01.txt,4.194,0.100,0.419,1,1.281,305.46,1.281,6.484,0.000
15,ec.gp.GPIndividual@1160706057{-1396994580},3C_20_50-02.txt,61.404,0.100,6.140,0,0.000,0.00,0.000,0.000,0.000
15,ec.gp.GPIndividual@1160706057{-1396994580},3C_20_50-03.txt,30.993,0.100,3.099,0,0.000,0.00,0.000,0.000,0.000
15,ec.gp.GPIndividual@1160706057{-1396994580},3C_20_66-01.txt,7.322,0.100,0.732,0,0.000,0.00,0.000,0.000,0.000
15,ec.gp.GPIndividual@1160706057{-1396994580},3C_20_66-02.txt,154.245,0.100,15.424,0,0.000,0.00,0.000,0.000,0.000
15,ec.gp.GPIndividual@1160706057{-1396994580},3C_20_66-03.txt,118.340,0.100,11.834,4,1.828,15.45,0.457,0.859,0.000
15,ec.gp.GPIndividual@1160706057{-1396994580},3C_20_50-03.txt,30.993,0.100,3.099,3,2.031,65.54,0.677,1.266,0.000
15,ec.gp.GPIndividual@1160706057{-1396994580},3C_20_66-01.txt,7.322,0.100,0.732,1,1.047,142.97,1.047,1.266,0.000
15,ec.gp.GPIndividual@1160706057{-1396994580},3C_20_80-02.txt,35.738,0.100,3.574,5,3.438,96.19,0.688,1.422,0.000
15,ec.gp.GPIndividual@1160706057{-1396994580},3C_20_66-02.txt,154.245,0.100,15.424,4,0.672,4.36,0.168,1.422,0.000
15,ec.gp.GPIndividual@1160706057{-1396994580},3C_20_66-01.txt,7.322,0.100,0.732,0,0.000,0.00,0.000,1.422,0.000
15,ec.gp.GPIndividual@1160706057{-1396994580},3C_20_66-02.txt,154.245,0.100,15.424,7,11.781,76.38,1.683,4.266,0.000
15,ec.gp.GPIndividual@1160706057{-1396994580},3C_20_80-01.txt,4.194,0.100,0.419,0,0.000,0.00,0.000,4.266,0.000
15,ec.gp.GPIndividual@1160706057{-1396994580},3C_20_80-02.txt,35.738,0.100,3.574,0,0.000,0.00,0.000,4.266,0.000
15,ec.gp.GPIndividual@1160706057{-1396994580},3C_20_80-03.txt,169.439,0.100,16.944,0,0.000,0.00,0.000,4.266,0.000
15,ec.gp.GPIndividual@1209012159{446364970},3C_20_50-02.txt,61.404,0.100,6.140,5,4.234,68.96,0.847,1.047,0.391
15,ec.gp.GPIndividual@1209012159{446364970},3C_20_80-03.txt,169.439,0.100,16.944,1,1.578,9.31,1.578,1.578,0.391
15,ec.gp.GPIndividual@1209012159{446364970},3C_20_50-03.txt,30.993,0.100,3.099,3,3.547,114.44,1.182,1.578,0.391
15,ec.gp.GPIndividual@1209012159{446364970},3C_20_66-02.txt,154.245,0.100,15.424,1,0.406,2.63,0.406,1.578,0.391
15,ec.gp.GPIndividual@1209012159{446364970},3C_20_66-03.txt,118.340,0.100,11.834,8,11.875,100.35,1.484,4.484,0.141
15,ec.gp.GPIndividual@496658721{2342634},3C_20_50-02.txt,61.404,0.100,6.140,3,4.594,74.81,1.531,3.250,0.313
15,ec.gp.GPIndividual@496658721{2342634},3C_20_66-01.txt,7.322,0.100,0.732,1,4.406,601.77,4.406,4.406,0.313
15,ec.gp.GPIndividual@496658721{2342634},3C_20_80-01.txt,4.194,0.100,0.419,2,0.688,163.91,0.344,4.406,0.266
15,ec.gp.GPIndividual@496658721{2342634},3C_20_80-02.txt,35.738,0.100,3.574,1,1.406,39.35,1.406,4.406,0.266
15,ec.gp.GPIndividual@496658721{2342634},3C_20_50-03.txt,30.993,0.100,3.099,1,1.203,38.82,1.203,4.406,0.266
15,ec.gp.GPIndividual@496658721{2342634},3C_20_66-03.txt,118.340,0.100,11.834,4,4.531,38.29,1.133,4.406,0.000
15,ec.gp.GPIndividual@496658721{2342634},3C_20_66-02.txt,154.245,0.100,15.424,6,9.750,63.21,1.625,4.406,0.000
15,ec.gp.GPIndividual@496658721{2342634},3C_20_66-03.txt,118.340,0.100,11.834,2,5.500,46.48,2.750,4.453,0.000
15,ec.gp.GPIndividual@496658721{2342634},3C_20_66-03.txt,118.340,0.100,11.834,1,3.297,27.86,3.297,4.453,0.000
15,ec.gp.GPIndividual@496658721{2342634},3C_20_66-01.txt,7.322,0.100,0.732,1,1.047,142.97,1.047,4.453,0.000
15,ec.gp.GPIndividual@496658721{2342634},3C_20_80-03.txt,169.439,0.100,16.944,4,5.219,30.80,1.305,4.453,0.000
15,ec.gp.GPIndividual@496658721{2342634},3C_20_66-02.txt,154.245,0.100,15.424,4,16.141,104.64,4.035,4.828,0.000
15,ec.gp.GPIndividual@496658721{2342634},3C_20_66-03.txt,118.340,0.100,11.834,1,0.594,5.02,0.594,4.828,0.000
15,ec.gp.GPIndividual@496658721{2342634},3C_20_80-01.txt,4.194,0.100,0.419,2,0.422,100.58,0.211,4.828,0.000
15,ec.gp.GPIndividual@496658721{2342634},3C_20_80-02.txt,35.738,0.100,3.574,3,3.000,83.94,1.000,4.828,0.000
15,ec.gp.GPIndividual@1780056381{-1026690465},3C_20_50-02.txt,61.404,0.100,6.140,2,6.766,110.18,3.383,5.250,1.516
15,ec.gp.GPIndividual@1780056381{-1026690465},3C_20_80-01.txt,4.194,0.100,0.419,1,3.703,882.86,3.703,5.250,1.516
15,ec.gp.GPIndividual@1780056381{-1026690465},3C_20_80-01.txt,4.194,0.100,0.419,2,0.578,137.83,0.289,5.250,0.219
15,ec.gp.GPIndividual@1780056381{-1026690465},3C_20_50-03.txt,30.993,0.100,3.099,1,0.219,7.06,0.219,5.250,0.219
15,ec.gp.GPIndividual@1780056381{-1026690465},3C_20_80-03.txt,169.439,0.100,16.944,4,2.547,15.03,0.637,5.250,0.000
15,ec.gp.GPIndividual@1780056381{-1026690465},3C_20_66-01.txt,7.322,0.100,0.732,1,0.875,119.50,0.875,5.250,0.000
15,ec.gp.GPIndividual@1780056381{-1026690465},3C_20_80-02.txt,35.738,0.100,3.574,1,4.469,125.04,4.469,5.250,0.000
15,ec.gp.GPIndividual@1780056381{-1026690465},3C_20_80-01.txt,4.194,0.100,0.419,1,0.391,93.13,0.391,5.250,0.000
15,ec.gp.GPIndividual@1780056381{-1026690465},3C_20_66-02.txt,154.245,0.100,15.424,5,5.656,36.67,1.131,5.250,0.000
15,ec.gp.GPIndividual@1780056381{-1026690465},3C_20_66-03.txt,118.340,0.100,11.834,3,6.391,54.00,2.130,5.250,0.000
15,ec.gp.GPIndividual@1780056381{-1026690465},3C_20_80-02.txt,35.738,0.100,3.574,3,3.734,104.49,1.245,5.250,0.000
15,ec.gp.GPIndividual@1780056381{-1026690465},3C_20_80-03.txt,169.439,0.100,16.944,1,0.578,3.41,0.578,5.250,0.000
15,ec.gp.GPIndividual@1780056381{-1026690465},3C_20_80-03.txt,169.439,0.100,16.944,1,2.672,15.77,2.672,5.250,0.000
15,ec.gp.GPIndividual@1288567662{-1384774928},3C_20_50-02.txt,61.404,0.100,6.140,4,6.156,100.26,1.539,5.594,0.000
15,ec.gp.GPIndividual@1288567662{-1384774928},3C_20_80-02.txt,35.738,0.100,3.574,1,4.578,128.10,4.578,5.594,0.000
15,ec.gp.GPIndividual@1288567662{-1384774928},3C_20_80-01.txt,4.194,0.100,0.419,1,0.250,59.60,0.250,5.594,0.000
15,ec.gp.GPIndividual@1288567662{-1384774928},3C_20_80-02.txt,35.738,0.100,3.574,1,1.313,36.73,1.313,5.594,0.000
15,ec.gp.GPIndividual@1288567662{-1384774928},3C_20_50-03.txt,30.993,0.100,3.099,3,3.125,100.83,1.042,5.594,0.000
15,ec.gp.GPIndividual@1288567662{-1384774928},3C_20_80-03.txt,169.439,0.100,16.944,1,1.344,7.93,1.344,5.594,0.000
15,ec.gp.GPIndividual@1288567662{-1384774928},3C_20_66-01.txt,7.322,0.100,0.732,2,0.813,110.96,0.406,5.594,0.000
15,ec.gp.GPIndividual@1288567662{-1384774928},3C_20_80-03.txt,169.439,0.100,16.944,2,4.844,28.59,2.422,5.594,0.000
15,ec.gp.GPIndividual@1288567662{-1384774928},3C_20_66-02.txt,154.245,0.100,15.424,3,7.656,49.64,2.552,5.594,0.000
15,ec.gp.GPIndividual@1288567662{-1384774928},3C_20_66-03.txt,118.340,0.100,11.834,3,14.047,118.70,4.682,5.594,0.000
15,ec.gp.GPIndividual@1880190951{676084714},3C_20_50-02.txt,61.404,0.100,6.140,2,4.969,80.92,2.484,4.969,0.000
15,ec.gp.GPIndividual@539025328{992096448},3C_20_50-02.txt,61.404,0.100,6.140,7,7.469,121.63,1.067,2.922,0.000
15,ec.gp.GPIndividual@12610779{1741302153},3C_20_50-02.txt,61.404,0.100,6.140,4,2.516,40.97,0.629,1.344,0.219
15,ec.gp.GPIndividual@12610779{1741302153},3C_20_50-03.txt,30.993,0.100,3.099,1,4.141,133.60,4.141,4.141,0.219
15,ec.gp.GPIndividual@12610779{1741302153},3C_20_80-01.txt,4.194,0.100,0.419,2,0.109,26.08,0.055,4.141,0.000
15,ec.gp.GPIndividual@12610779{1741302153},3C_20_50-03.txt,30.993,0.100,3.099,2,1.031,33.27,0.516,4.141,0.000
15,ec.gp.GPIndividual@12610779{1741302153},3C_20_80-02.txt,35.738,0.100,3.574,2,0.906,25.36,0.453,4.141,0.000
15,ec.gp.GPIndividual@12610779{1741302153},3C_20_50-03.txt,30.993,0.100,3.099,3,2.859,92.26,0.953,4.141,0.000
15,ec.gp.GPIndividual@12610779{1741302153},3C_20_66-01.txt,7.322,0.100,0.732,1,1.313,179.25,1.313,4.141,0.000
15,ec.gp.GPIndividual@12610779{1741302153},3C_20_80-03.txt,169.439,0.100,16.944,7,7.234,42.70,1.033,4.141,0.000
15,ec.gp.GPIndividual@12610779{1741302153},3C_20_66-01.txt,7.322,0.100,0.732,2,2.859,390.51,1.430,4.141,0.000
15,ec.gp.GPIndividual@12610779{1741302153},3C_20_66-01.txt,7.322,0.100,0.732,2,1.016,138.71,0.508,4.141,0.000
15,ec.gp.GPIndividual@12610779{1741302153},3C_20_66-02.txt,154.245,0.100,15.424,4,3.984,25.83,0.996,4.141,0.000
15,ec.gp.GPIndividual@12610779{1741302153},3C_20_66-02.txt,154.245,0.100,15.424,11,10.156,65.84,0.923,4.141,0.000
15,ec.gp.GPIndividual@12610779{1741302153},3C_20_66-03.txt,118.340,0.100,11.834,1,4.828,40.80,4.828,4.828,0.000
15,ec.gp.GPIndividual@450273697{-2014032091},3C_20_50-02.txt,61.404,0.100,6.140,0,0.000,0.00,0.000,0.000,0.000
15,ec.gp.GPIndividual@450273697{-2014032091},3C_20_50-03.txt,30.993,0.100,3.099,3,1.469,47.39,0.490,0.875,0.000
15,ec.gp.GPIndividual@450273697{-2014032091},3C_20_80-01.txt,4.194,0.100,0.419,4,0.344,81.95,0.086,0.875,0.000
15,ec.gp.GPIndividual@450273697{-2014032091},3C_20_80-02.txt,35.738,0.100,3.574,8,3.531,98.81,0.441,1.281,0.000
15,ec.gp.GPIndividual@450273697{-2014032091},3C_20_80-03.txt,169.439,0.100,16.944,9,15.984,94.34,1.776,5.109,0.000
15,ec.gp.GPIndividual@450273697{-2014032091},3C_20_66-01.txt,7.322,0.100,0.732,0,0.000,0.00,0.000,5.109,0.000
15,ec.gp.GPIndividual@450273697{-2014032091},3C_20_66-02.txt,154.245,0.100,15.424,2,5.813,37.68,2.906,5.813,0.000
15,ec.gp.GPIndividual@450273697{-2014032091},3C_20_80-03.txt,169.439,0.100,16.944,2,1.609,9.50,0.805,5.813,0.000
15,ec.gp.GPIndividual@450273697{-2014032091},3C_20_66-03.txt,118.340,0.100,11.834,2,2.500,21.13,1.250,5.813,0.000
15,ec.gp.GPIndividual@1500095671{-1672506050},3C_20_50-02.txt,61.404,0.100,6.140,0,0.000,0.00,0.000,0.000,0.000
15,ec.gp.GPIndividual@1500095671{-1672506050},3C_20_50-03.txt,30.993,0.100,3.099,0,0.000,0.00,0.000,0.000,0.000
15,ec.gp.GPIndividual@1500095671{-1672506050},3C_20_66-01.txt,7.322,0.100,0.732,0,0.000,0.00,0.000,0.000,0.000
15,ec.gp.GPIndividual@1500095671{-1672506050},3C_20_66-02.txt,154.245,0.100,15.424,0,0.000,0.00,0.000,0.000,0.000
15,ec.gp.GPIndividual@1500095671{-1672506050},3C_20_66-03.txt,118.340,0.100,11.834,0,0.000,0.00,0.000,0.000,0.000
15,ec.gp.GPIndividual@1500095671{-1672506050},3C_20_80-01.txt,4.194,0.100,0.419,0,0.000,0.00,0.000,0.000,0.000
15,ec.gp.GPIndividual@1500095671{-1672506050},3C_20_80-02.txt,35.738,0.100,3.574,0,0.000,0.00,0.000,0.000,0.000
15,ec.gp.GPIndividual@1500095671{-1672506050},3C_20_80-03.txt,169.439,0.100,16.944,0,0.000,0.00,0.000,0.000,0.000
16,ec.gp.GPIndividual@1909457491{-317266033},3C_20_50-02.txt,61.404,0.100,6.140,0,0.000,0.00,0.000,0.000,0.000
16,ec.gp.GPIndividual@1909457491{-317266033},3C_20_50-03.txt,30.993,0.100,3.099,0,0.000,0.00,0.000,0.000,0.000
16,ec.gp.GPIndividual@1909457491{-317266033},3C_20_66-01.txt,7.322,0.100,0.732,0,0.000,0.00,0.000,0.000,0.000
16,ec.gp.GPIndividual@1909457491{-317266033},3C_20_66-02.txt,154.245,0.100,15.424,0,0.000,0.00,0.000,0.000,0.000
16,ec.gp.GPIndividual@1909457491{-317266033},3C_20_66-03.txt,118.340,0.100,11.834,0,0.000,0.00,0.000,0.000,0.000
16,ec.gp.GPIndividual@1909457491{-317266033},3C_20_80-01.txt,4.194,0.100,0.419,0,0.000,0.00,0.000,0.000,0.000
16,ec.gp.GPIndividual@1909457491{-317266033},3C_20_80-02.txt,35.738,0.100,3.574,0,0.000,0.00,0.000,0.000,0.000
16,ec.gp.GPIndividual@1909457491{-317266033},3C_20_80-03.txt,169.439,0.100,16.944,0,0.000,0.00,0.000,0.000,0.000
16,ec.gp.GPIndividual@81744143{-753251224},3C_20_50-02.txt,61.404,0.100,6.140,6,1.969,32.06,0.328,0.328,0.328
16,ec.gp.GPIndividual@81744143{-753251224},3C_20_50-03.txt,30.993,0.100,3.099,1,1.328,42.85,1.328,1.328,0.328
16,ec.gp.GPIndividual@81744143{-753251224},3C_20_66-01.txt,7.322,0.100,0.732,1,1.328,181.38,1.328,1.328,0.328
16,ec.gp.GPIndividual@81744143{-753251224},3C_20_50-03.txt,30.993,0.100,3.099,2,1.625,52.43,0.813,1.328,0.297
16,ec.gp.GPIndividual@81744143{-753251224},3C_20_66-02.txt,154.245,0.100,15.424,2,3.250,21.07,1.625,1.625,0.297
16,ec.gp.GPIndividual@81744143{-753251224},3C_20_50-03.txt,30.993,0.100,3.099,1,1.781,57.47,1.781,1.781,0.297
16,ec.gp.GPIndividual@81744143{-753251224},3C_20_50-03.txt,30.993,0.100,3.099,1,0.781,25.21,0.781,1.781,0.297
16,ec.gp.GPIndividual@81744143{-753251224},3C_20_50-03.txt,30.993,0.100,3.099,1,1.313,42.35,1.313,1.781,0.297
16,ec.gp.GPIndividual@81744143{-753251224},3C_20_66-01.txt,7.322,0.100,0.732,3,3.094,422.52,1.031,1.781,0.297
16,ec.gp.GPIndividual@81744143{-753251224},3C_20_66-01.txt,7.322,0.100,0.732,0,0.000,0.00,0.000,1.781,0.297
16,ec.gp.GPIndividual@81744143{-753251224},3C_20_66-01.txt,7.322,0.100,0.732,1,1.328,181.38,1.328,1.781,0.297
16,ec.gp.GPIndividual@81744143{-753251224},3C_20_66-01.txt,7.322,0.100,0.732,3,2.938,401.18,0.979,2.094,0.297
16,ec.gp.GPIndividual@81744143{-753251224},3C_20_50-03.txt,30.993,0.100,3.099,3,2.188,70.58,0.729,2.188,0.000
16,ec.gp.GPIndividual@81744143{-753251224},3C_20_66-03.txt,118.340,0.100,11.834,0,0.000,0.00,0.000,2.188,0.000
16,ec.gp.GPIndividual@81744143{-753251224},3C_20_66-02.txt,154.245,0.100,15.424,3,2.688,17.42,0.896,2.188,0.000
16,ec.gp.GPIndividual@81744143{-753251224},3C_20_66-02.txt,154.245,0.100,15.424,1,0.859,5.57,0.859,2.188,0.000
16,ec.gp.GPIndividual@81744143{-753251224},3C_20_66-02.txt,154.245,0.100,15.424,3,4.906,31.81,1.635,2.234,0.000
16,ec.gp.GPIndividual@81744143{-753251224},3C_20_66-02.txt,154.245,0.100,15.424,1,1.469,9.52,1.469,2.234,0.000
16,ec.gp.GPIndividual@81744143{-753251224},3C_20_66-03.txt,118.340,0.100,11.834,3,9.844,83.18,3.281,4.891,0.000
16,ec.gp.GPIndividual@81744143{-753251224},3C_20_80-01.txt,4.194,0.100,0.419,1,0.188,44.70,0.188,4.891,0.000
16,ec.gp.GPIndividual@81744143{-753251224},3C_20_80-02.txt,35.738,0.100,3.574,1,1.438,40.22,1.438,4.891,0.000
16,ec.gp.GPIndividual@81744143{-753251224},3C_20_66-03.txt,118.340,0.100,11.834,1,1.438,12.15,1.438,4.891,0.000
16,ec.gp.GPIndividual@81744143{-753251224},3C_20_66-03.txt,118.340,0.100,11.834,3,8.766,74.07,2.922,4.891,0.000
16,ec.gp.GPIndividual@81744143{-753251224},3C_20_80-03.txt,169.439,0.100,16.944,2,6.250,36.89,3.125,4.891,0.000
16,ec.gp.GPIndividual@81744143{-753251224},3C_20_80-01.txt,4.194,0.100,0.419,2,3.219,767.38,1.609,4.891,0.000
16,ec.gp.GPIndividual@81744143{-753251224},3C_20_66-01.txt,7.322,0.100,0.732,4,1.578,215.53,0.395,4.891,0.000
16,ec.gp.GPIndividual@81744143{-753251224},3C_20_66-03.txt,118.340,0.100,11.834,2,0.594,5.02,0.297,4.891,0.000
16,ec.gp.GPIndividual@81744143{-753251224},3C_20_80-02.txt,35.738,0.100,3.574,3,10.375,290.31,3.458,4.891,0.000
16,ec.gp.GPIndividual@81744143{-753251224},3C_20_80-01.txt,4.194,0.100,0.419,3,2.203,525.24,0.734,4.891,0.000
16,ec.gp.GPIndividual@81744143{-753251224},3C_20_80-01.txt,4.194,0.100,0.419,0,0.000,0.00,0.000,4.891,0.000
16,ec.gp.GPIndividual@81744143{-753251224},3C_20_80-03.txt,169.439,0.100,16.944,3,1.516,8.94,0.505,4.891,0.000
16,ec.gp.GPIndividual@81744143{-753251224},3C_20_66-02.txt,154.245,0.100,15.424,3,5.578,36.16,1.859,5.578,0.000
16,ec.gp.GPIndividual@320081123{-948915862},3C_20_50-02.txt,61.404,0.100,6.140,2,1.031,16.79,0.516,1.031,0.000
16,ec.gp.GPIndividual@320081123{-948915862},3C_20_80-02.txt,35.738,0.100,3.574,1,0.344,9.62,0.344,1.031,0.000
16,ec.gp.GPIndividual@320081123{-948915862},3C_20_50-03.txt,30.993,0.100,3.099,2,1.203,38.82,0.602,1.203,0.000
16,ec.gp.GPIndividual@320081123{-948915862},3C_20_80-02.txt,35.738,0.100,3.574,2,7.375,206.36,3.688,4.813,0.000
16,ec.gp.GPIndividual@320081123{-948915862},3C_20_80-01.txt,4.194,0.100,0.419,2,2.906,692.87,1.453,4.813,0.000
16,ec.gp.GPIndividual@320081123{-948915862},3C_20_66-01.txt,7.322,0.100,0.732,4,0.719,98.16,0.180,4.813,0.000
16,ec.gp.GPIndividual@320081123{-948915862},3C_20_80-03.txt,169.439,0.100,16.944,2,0.125,0.74,0.063,4.813,0.000
16,ec.gp.GPIndividual@320081123{-948915862},3C_20_66-03.txt,118.340,0.100,11.834,3,0.422,3.56,0.141,4.813,0.000
16,ec.gp.GPIndividual@320081123{-948915862},3C_20_66-02.txt,154.245,0.100,15.424,5,10.188,66.05,2.038,5.469,0.000
16,ec.gp.GPIndividual@320081123{-948915862},3C_20_80-03.txt,169.439,0.100,16.944,1,2.578,15.22,2.578,5.469,0.000
16,ec.gp.GPIndividual@320081123{-948915862},3C_20_66-03.txt,118.340,0.100,11.834,2,1.594,13.47,0.797,5.469,0.000
16,ec.gp.GPIndividual@320081123{-948915862},3C_20_80-02.txt,35.738,0.100,3.574,1,4.734,132.47,4.734,5.469,0.000
16,ec.gp.GPIndividual@320081123{-948915862},3C_20_80-01.txt,4.194,0.100,0.419,6,4.781,1139.89,0.797,5.469,0.000
16,ec.gp.GPIndividual@1876858783{527313214},3C_20_50-02.txt,61.404,0.100,6.140,2,6.547,106.62,3.273,6.063,0.484
16,ec.gp.GPIndividual@1818306196{-998801729},3C_20_50-02.txt,61.404,0.100,6.140,3,1.516,24.68,0.505,1.172,0.000
16,ec.gp.GPIndividual@1818306196{-998801729},3C_20_50-03.txt,30.993,0.100,3.099,3,3.609,116.46,1.203,1.875,0.000
16,ec.gp.GPIndividual@1818306196{-998801729},3C_20_50-03.txt,30.993,0.100,3.099,1,0.516,16.64,0.516,1.875,0.000
16,ec.gp.GPIndividual@1818306196{-998801729},3C_20_80-03.txt,169.439,0.100,16.944,1,4.891,28.86,4.891,4.891,0.000
16,ec.gp.GPIndividual@1818306196{-998801729},3C_20_80-01.txt,4.194,0.100,0.419,3,2.750,655.62,0.917,4.891,0.000
16,ec.gp.GPIndividual@1818306196{-998801729},3C_20_80-02.txt,35.738,0.100,3.574,2,0.000,0.00,0.000,4.891,0.000
16,ec.gp.GPIndividual@1818306196{-998801729},3C_20_66-01.txt,7.322,0.100,0.732,2,0.266,36.28,0.133,4.891,0.000
16,ec.gp.GPIndividual@1818306196{-998801729},3C_20_80-02.txt,35.738,0.100,3.574,2,5.672,158.71,2.836,5.672,0.000
16,ec.gp.GPIndividual@1342784236{1279983014},3C_20_50-02.txt,61.404,0.100,6.140,1,0.375,6.11,0.375,0.375,0.375
16,ec.gp.GPIndividual@1342784236{1279983014},3C_20_66-02.txt,154.245,0.100,15.424,2,0.328,2.13,0.164,0.375,0.000
16,ec.gp.GPIndividual@1342784236{1279983014},3C_20_50-03.txt,30.993,0.100,3.099,3,4.422,142.68,1.474,1.578,0.000
16,ec.gp.GPIndividual@1342784236{1279983014},3C_20_80-03.txt,169.439,0.100,16.944,3,2.281,13.46,0.760,1.578,0.000
16,ec.gp.GPIndividual@1342784236{1279983014},3C_20_66-01.txt,7.322,0.100,0.732,0,0.000,0.00,0.000,1.578,0.000
16,ec.gp.GPIndividual@1342784236{1279983014},3C_20_66-01.txt,7.322,0.100,0.732,2,0.625,85.36,0.313,1.578,0.000
16,ec.gp.GPIndividual@1342784236{1279983014},3C_20_66-02.txt,154.245,0.100,15.424,1,2.344,15.19,2.344,2.344,0.000
16,ec.gp.GPIndividual@1342784236{1279983014},3C_20_66-03.txt,118.340,0.100,11.834,4,4.984,42.12,1.246,2.344,0.000
16,ec.gp.GPIndividual@1342784236{1279983014},3C_20_66-03.txt,118.340,0.100,11.834,3,8.906,75.26,2.969,5.875,0.000
16,ec.gp.GPIndividual@1342784236{1279983014},3C_20_66-02.txt,154.245,0.100,15.424,1,4.828,31.30,4.828,5.875,0.000
16,ec.gp.GPIndividual@1342784236{1279983014},3C_20_80-01.txt,4.194,0.100,0.419,2,1.828,435.84,0.914,5.875,0.000
16,ec.gp.GPIndividual@2074718855{-2001173895},3C_20_50-02.txt,61.404,0.100,6.140,2,6.250,101.78,3.125,6.109,0.141
16,ec.gp.GPIndividual@1792533209{-1912587014},3C_20_50-02.txt,61.404,0.100,6.140,1,0.281,4.58,0.281,0.281,0.281
16,ec.gp.GPIndividual@1792533209{-1912587014},3C_20_80-02.txt,35.738,0.100,3.574,3,0.734,20.55,0.245,0.438,0.000
16,ec.gp.GPIndividual@1792533209{-1912587014},3C_20_50-03.txt,30.993,0.100,3.099,3,2.906,93.77,0.969,2.219,0.000
16,ec.gp.GPIndividual@1792533209{-1912587014},3C_20_66-03.txt,118.340,0.100,11.834,3,7.109,60.08,2.370,4.328,0.000
16,ec.gp.GPIndividual@1792533209{-1912587014},3C_20_80-03.txt,169.439,0.100,16.944,3,6.125,36.15,2.042,4.797,0.000
16,ec.gp.GPIndividual@1792533209{-1912587014},3C_20_80-01.txt,4.194,0.100,0.419,0,0.000,0.00,0.000,4.797,0.000
16,ec.gp.GPIndividual@1792533209{-1912587014},3C_20_66-01.txt,7.322,0.100,0.732,1,0.281,38.41,0.281,4.797,0.000
16,ec.gp.GPIndividual@1792533209{-1912587014},3C_20_80-02.txt,35.738,0.100,3.574,2,1.734,48.53,0.867,4.797,0.000
16,ec.gp.GPIndividual@1792533209{-1912587014},3C_20_66-02.txt,154.245,0.100,15.424,1,1.500,9.72,1.500,4.797,0.000
16,ec.gp.GPIndividual@1792533209{-1912587014},3C_20_80-03.txt,169.439,0.100,16.944,3,3.984,23.52,1.328,4.797,0.000
16,ec.gp.GPIndividual@1792533209{-1912587014},3C_20_80-03.txt,169.439,0.100,16.944,3,2.500,14.75,0.833,4.797,0.000
16,ec.gp.GPIndividual@1792533209{-1912587014},3C_20_66-03.txt,118.340,0.100,11.834,3,13.359,112.89,4.453,6.281,0.000
16,ec.gp.GPIndividual@1133857040{-63070243},3C_20_50-02.txt,61.404,0.100,6.140,4,5.484,89.32,1.371,2.922,0.000
16,ec.gp.GPIndividual@1133857040{-63070243},3C_20_80-01.txt,4.194,0.100,0.419,2,6.109,1456.53,3.055,5.938,0.000
16,ec.gp.GPIndividual@1962395612{-115256254},3C_20_50-02.txt,61.404,0.100,6.140,3,7.047,114.76,2.349,5.359,0.000
16,ec.gp.GPIndividual@1962395612{-115256254},3C_20_50-03.txt,30.993,0.100,3.099,4,2.859,92.26,0.715,5.359,0.000
16,ec.gp.GPIndividual@1962395612{-115256254},3C_20_50-03.txt,30.993,0.100,3.099,2,4.844,156.29,2.422,5.359,0.000
16,ec.gp.GPIndividual@1962395612{-115256254},3C_20_80-01.txt,4.194,0.100,0.419,1,0.422,100.58,0.422,5.359,0.000
16,ec.gp.GPIndividual@1827347003{-1067253735},3C_20_50-02.txt,61.404,0.100,6.140,7,5.344,87.03,0.763,1.375,0.000
16,ec.gp.GPIndividual@1827347003{-1067253735},3C_20_80-02.txt,35.738,0.100,3.574,3,3.719,104.06,1.240,1.594,0.000
16,ec.gp.GPIndividual@1827347003{-1067253735},3C_20_80-02.txt,35.738,0.100,3.574,1,1.609,45.03,1.609,1.609,0.000
16,ec.gp.GPIndividual@1827347003{-1067253735},3C_20_50-03.txt,30.993,0.100,3.099,3,3.141,101.33,1.047,1.609,0.000
16,ec.gp.GPIndividual@1827347003{-1067253735},3C_20_66-01.txt,7.322,0.100,0.732,0,0.000,0.00,0.000,1.609,0.000
16,ec.gp.GPIndividual@1827347003{-1067253735},3C_20_80-03.txt,169.439,0.100,16.944,1,1.484,8.76,1.484,1.609,0.000
16,ec.gp.GPIndividual@1827347003{-1067253735},3C_20_66-01.txt,7.322,0.100,0.732,4,0.750,102.43,0.188,1.609,0.000
16,ec.gp.GPIndividual@1827347003{-1067253735},3C_20_66-02.txt,154.245,0.100,15.424,6,4.141,26.84,0.690,1.609,0.000
16,ec.gp.GPIndividual@1827347003{-1067253735},3C_20_50-03.txt,30.993,0.100,3.099,5,5.156,166.37,1.031,1.609,0.000
16,ec.gp.GPIndividual@1827347003{-1067253735},3C_20_80-03.txt,169.439,0.100,16.944,0,0.000,0.00,0.000,1.609,0.000
16,ec.gp.GPIndividual@1827347003{-1067253735},3C_20_66-01.txt,7.322,0.100,0.732,3,1.594,217.66,0.531,1.609,0.000
16,ec.gp.GPIndividual@1827347003{-1067253735},3C_20_66-02.txt,154.245,0.100,15.424,8,10.234,66.35,1.279,2.625,0.000
16,ec.gp.GPIndividual@1827347003{-1067253735},3C_20_66-02.txt,154.245,0.100,15.424,1,6.063,39.30,6.063,6.063,0.000
16,ec.gp.GPIndividual@1281459927{-1275623552},3C_20_50-02.txt,61.404,0.100,6.140,2,1.922,31.30,0.961,1.406,0.516
16,ec.gp.GPIndividual@1281459927{-1275623552},3C_20_50-03.txt,30.993,0.100,3.099,1,4.063,131.08,4.063,4.063,0.516
16,ec.gp.GPIndividual@1281459927{-1275623552},3C_20_66-01.txt,7.322,0.100,0.732,2,1.641,224.06,0.820,4.063,0.000
16,ec.gp.GPIndividual@1281459927{-1275623552},3C_20_66-03.txt,118.340,0.100,11.834,7,12.188,102.99,1.741,5.781,0.000
16,ec.gp.GPIndividual@1281459927{-1275623552},3C_20_66-03.txt,118.340,0.100,11.834,9,16.313,137.84,1.813,5.781,0.000
16,ec.gp.GPIndividual@1281459927{-1275623552},3C_20_66-02.txt,154.245,0.100,15.424,3,3.031,19.65,1.010,5.781,0.000
16,ec.gp.GPIndividual@1235552395{2146531581},3C_20_50-02.txt,61.404,0.100,6.140,3,9.156,149.11,3.052,4.781,0.500
16,ec.gp.GPIndividual@1235552395{2146531581},3C_20_66-01.txt,7.322,0.100,0.732,1,0.344,46.95,0.344,4.781,0.344
16,ec.gp.GPIndividual@1235552395{2146531581},3C_20_66-02.txt,154.245,0.100,15.424,1,0.500,3.24,0.500,4.781,0.344
16,ec.gp.GPIndividual@1235552395{2146531581},3C_20_80-01.txt,4.194,0.100,0.419,1,1.328,316.64,1.328,4.781,0.344
16,ec.gp.GPIndividual@1235552395{2146531581},3C_20_66-03.txt,118.340,0.100,11.834,8,11.953,101.01,1.494,4.781,0.172
16,ec.gp.GPIndividual@1235552395{2146531581},3C_20_50-03.txt,30.993,0.100,3.099,4,4.594,148.22,1.148,4.781,0.172
16,ec.gp.GPIndividual@1235552395{2146531581},3C_20_80-02.txt,35.738,0.100,3.574,3,1.016,28.42,0.339,4.781,0.000
16,ec.gp.GPIndividual@1235552395{2146531581},3C_20_66-03.txt,118.340,0.100,11.834,1,6.281,53.08,6.281,6.281,0.000
16,ec.gp.GPIndividual@1235552395{2146531581},3C_20_80-01.txt,4.194,0.100,0.419,3,1.516,361.34,0.505,6.281,0.000
16,ec.gp.GPIndividual@1235552395{2146531581},3C_20_66-01.txt,7.322,0.100,0.732,2,5.000,682.86,2.500,6.281,0.000
16,ec.gp.GPIndividual@1235552395{2146531581},3C_20_80-01.txt,4.194,0.100,0.419,2,0.453,108.03,0.227,6.281,0.000
16,ec.gp.GPIndividual@1235552395{2146531581},3C_20_66-02.txt,154.245,0.100,15.424,2,0.578,3.75,0.289,6.281,0.000
16,ec.gp.GPIndividual@1235552395{2146531581},3C_20_80-02.txt,35.738,0.100,3.574,6,3.328,93.13,0.555,6.281,0.000
16,ec.gp.GPIndividual@1235552395{2146531581},3C_20_66-03.txt,118.340,0.100,11.834,2,0.344,2.90,0.172,6.281,0.000
16,ec.gp.GPIndividual@1235552395{2146531581},3C_20_80-03.txt,169.439,0.100,16.944,7,14.422,85.12,2.060,6.281,0.000
16,ec.gp.GPIndividual@1235552395{2146531581},3C_20_80-03.txt,169.439,0.100,16.944,6,19.000,112.13,3.167,6.281,0.000
16,ec.gp.GPIndividual@1235552395{2146531581},3C_20_80-02.txt,35.738,0.100,3.574,3,3.531,98.81,1.177,6.281,0.000
16,ec.gp.GPIndividual@1235552395{2146531581},3C_20_66-03.txt,118.340,0.100,11.834,1,0.531,4.49,0.531,6.281,0.000
16,ec.gp.GPIndividual@617516526{-998879910},3C_20_50-02.txt,61.404,0.100,6.140,4,11.125,181.18,2.781,5.797,0.500
16,ec.gp.GPIndividual@2001918765{-1022527811},3C_20_50-02.txt,61.404,0.100,6.140,0,0.000,0.00,0.000,0.000,0.000
16,ec.gp.GPIndividual@2001918765{-1022527811},3C_20_50-03.txt,30.993,0.100,3.099,0,0.000,0.00,0.000,0.000,0.000
16,ec.gp.GPIndividual@2001918765{-1022527811},3C_20_66-01.txt,7.322,0.100,0.732,0,0.000,0.00,0.000,0.000,0.000
16,ec.gp.GPIndividual@2001918765{-1022527811},3C_20_66-02.txt,154.245,0.100,15.424,0,0.000,0.00,0.000,0.000,0.000
16,ec.gp.GPIndividual@2001918765{-1022527811},3C_20_66-03.txt,118.340,0.100,11.834,0,0.000,0.00,0.000,0.000,0.000
16,ec.gp.GPIndividual@2001918765{-1022527811},3C_20_80-01.txt,4.194,0.100,0.419,1,0.344,81.95,0.344,0.344,0.344
16,ec.gp.GPIndividual@2001918765{-1022527811},3C_20_80-02.txt,35.738,0.100,3.574,0,0.000,0.00,0.000,0.344,0.344
16,ec.gp.GPIndividual@2001918765{-1022527811},3C_20_80-03.txt,169.439,0.100,16.944,0,0.000,0.00,0.000,0.344,0.344
16,ec.gp.GPIndividual@1839804203{1597397283},3C_20_50-02.txt,61.404,0.100,6.140,3,1.156,18.83,0.385,1.156,0.000
16,ec.gp.GPIndividual@1839804203{1597397283},3C_20_66-03.txt,118.340,0.100,11.834,8,12.969,109.59,1.621,3.766,0.000
16,ec.gp.GPIndividual@1839804203{1597397283},3C_20_80-03.txt,169.439,0.100,16.944,5,1.531,9.04,0.306,3.766,0.000
16,ec.gp.GPIndividual@1839804203{1597397283},3C_20_50-03.txt,30.993,0.100,3.099,3,2.469,79.66,0.823,3.766,0.000
16,ec.gp.GPIndividual@1839804203{1597397283},3C_20_80-01.txt,4.194,0.100,0.419,1,0.281,67.05,0.281,3.766,0.000
16,ec.gp.GPIndividual@1839804203{1597397283},3C_20_80-02.txt,35.738,0.100,3.574,2,5.875,164.39,2.938,4.547,0.000
16,ec.gp.GPIndividual@1839804203{1597397283},3C_20_80-01.txt,4.194,0.100,0.419,3,2.656,633.27,0.885,4.547,0.000
16,ec.gp.GPIndividual@1839804203{1597397283},3C_20_80-03.txt,169.439,0.100,16.944,0,0.000,0.00,0.000,4.547,0.000
16,ec.gp.GPIndividual@1839804203{1597397283},3C_20_80-02.txt,35.738,0.100,3.574,3,4.453,124.60,1.484,4.547,0.000
16,ec.gp.GPIndividual@740960231{-948915862},3C_20_50-02.txt,61.404,0.100,6.140,4,5.359,87.28,1.340,4.594,0.000
16,ec.gp.GPIndividual@740960231{-948915862},3C_20_50-03.txt,30.993,0.100,3.099,2,0.547,17.65,0.273,4.594,0.000
16,ec.gp.GPIndividual@1320095868{474581098},3C_20_50-02.txt,61.404,0.100,6.140,1,0.922,15.01,0.922,0.922,0.922
16,ec.gp.GPIndividual@1320095868{474581098},3C_20_80-03.txt,169.439,0.100,16.944,1,0.266,1.57,0.266,0.922,0.266
16,ec.gp.GPIndividual@1320095868{474581098},3C_20_50-03.txt,30.993,0.100,3.099,1,1.281,41.34,1.281,1.281,0.266
16,ec.gp.GPIndividual@1320095868{474581098},3C_20_66-01.txt,7.322,0.100,0.732,3,6.750,921.86,2.250,6.313,0.000
16,ec.gp.GPIndividual@1320095868{474581098},3C_20_80-01.txt,4.194,0.100,0.419,1,0.000,0.00,0.000,6.313,0.000
16,ec.gp.GPIndividual@1320095868{474581098},3C_20_66-02.txt,154.245,0.100,15.424,3,1.563,10.13,0.521,6.313,0.000
16,ec.gp.GPIndividual@1320095868{474581098},3C_20_66-01.txt,7.322,0.100,0.732,1,2.375,324.36,2.375,6.313,0.000
16,ec.gp.GPIndividual@1320095868{474581098},3C_20_66-01.txt,7.322,0.100,0.732,3,0.406,55.48,0.135,6.313,0.000
16,ec.gp.GPIndividual@1320095868{474581098},3C_20_66-02.txt,154.245,0.100,15.424,4,3.797,24.62,0.949,6.313,0.000
16,ec.gp.GPIndividual@1320095868{474581098},3C_20_66-03.txt,118.340,0.100,11.834,3,3.047,25.75,1.016,6.313,0.000
16,ec.gp.GPIndividual@1320095868{474581098},3C_20_66-03.txt,118.340,0.100,11.834,6,13.625,115.13,2.271,6.313,0.000
16,ec.gp.GPIndividual@125506706{-1296906336},3C_20_50-02.txt,61.404,0.100,6.140,4,5.641,91.86,1.410,4.766,0.000
16,ec.gp.GPIndividual@125506706{-1296906336},3C_20_80-01.txt,4.194,0.100,0.419,2,1.766,420.94,0.883,4.766,0.000
16,ec.gp.GPIndividual@125506706{-1296906336},3C_20_66-02.txt,154.245,0.100,15.424,3,0.266,1.72,0.089,4.766,0.000
16,ec.gp.GPIndividual@125506706{-1296906336},3C_20_80-02.txt,35.738,0.100,3.574,3,5.766,161.33,1.922,4.766,0.000
16,ec.gp.GPIndividual@125506706{-1296906336},3C_20_80-01.txt,4.194,0.100,0.419,1,0.281,67.05,0.281,4.766,0.000
16,ec.gp.GPIndividual@125506706{-1296906336},3C_20_80-02.txt,35.738,0.100,3.574,1,1.438,40.22,1.438,4.766,0.000
16,ec.gp.GPIndividual@125506706{-1296906336},3C_20_50-03.txt,30.993,0.100,3.099,4,4.531,146.20,1.133,4.766,0.000
16,ec.gp.GPIndividual@125506706{-1296906336},3C_20_80-03.txt,169.439,0.100,16.944,5,3.672,21.67,0.734,4.766,0.000
16,ec.gp.GPIndividual@125506706{-1296906336},3C_20_80-02.txt,35.738,0.100,3.574,3,2.141,59.90,0.714,4.766,0.000
16,ec.gp.GPIndividual@125506706{-1296906336},3C_20_80-03.txt,169.439,0.100,16.944,4,6.891,40.67,1.723,4.766,0.000
16,ec.gp.GPIndividual@125506706{-1296906336},3C_20_66-01.txt,7.322,0.100,0.732,2,2.344,320.09,1.172,4.766,0.000
16,ec.gp.GPIndividual@125506706{-1296906336},3C_20_80-03.txt,169.439,0.100,16.944,4,6.328,37.35,1.582,4.766,0.000
16,ec.gp.GPIndividual@125506706{-1296906336},3C_20_66-02.txt,154.245,0.100,15.424,5,13.297,86.21,2.659,4.766,0.000
16,ec.gp.GPIndividual@125506706{-1296906336},3C_20_66-03.txt,118.340,0.100,11.834,1,4.609,38.95,4.609,4.766,0.000
16,ec.gp.GPIndividual@805726095{-99790653},3C_20_50-02.txt,61.404,0.100,6.140,0,0.000,0.00,0.000,0.000,0.000
16,ec.gp.GPIndividual@805726095{-99790653},3C_20_50-03.txt,30.993,0.100,3.099,7,9.750,314.59,1.393,5.766,0.000
16,ec.gp.GPIndividual@805726095{-99790653},3C_20_66-03.txt,118.340,0.100,11.834,4,0.188,1.58,0.047,5.766,0.000
16,ec.gp.GPIndividual@1674716758{-899261504},3C_20_50-02.txt,61.404,0.100,6.140,3,3.500,57.00,1.167,2.516,0.156
16,ec.gp.GPIndividual@1435626864{-900369980},3C_20_50-02.txt,61.404,0.100,6.140,0,0.000,0.00,0.000,0.000,0.000
16,ec.gp.GPIndividual@1435626864{-900369980},3C_20_50-03.txt,30.993,0.100,3.099,0,0.000,0.00,0.000,0.000,0.000
16,ec.gp.GPIndividual@1435626864{-900369980},3C_20_66-01.txt,7.322,0.100,0.732,0,0.000,0.00,0.000,0.000,0.000
16,ec.gp.GPIndividual@1435626864{-900369980},3C_20_66-02.txt,154.245,0.100,15.424,2,4.422,28.67,2.211,3.734,0.688
16,ec.gp.GPIndividual@1435626864{-900369980},3C_20_66-03.txt,118.340,0.100,11.834,0,0.000,0.00,0.000,3.734,0.688
16,ec.gp.GPIndividual@1435626864{-900369980},3C_20_80-01.txt,4.194,0.100,0.419,0,0.000,0.00,0.000,3.734,0.688
16,ec.gp.GPIndividual@1435626864{-900369980},3C_20_80-02.txt,35.738,0.100,3.574,1,0.594,16.61,0.594,3.734,0.594
16,ec.gp.GPIndividual@1435626864{-900369980},3C_20_80-03.txt,169.439,0.100,16.944,1,1.656,9.77,1.656,3.734,0.594
16,ec.gp.GPIndividual@614641419{-527306127},3C_20_50-02.txt,61.404,0.100,6.140,2,0.656,10.69,0.328,0.547,0.109
16,ec.gp.GPIndividual@614641419{-527306127},3C_20_50-03.txt,30.993,0.100,3.099,2,5.891,190.07,2.945,4.734,0.109
16,ec.gp.GPIndividual@614641419{-527306127},3C_20_80-01.txt,4.194,0.100,0.419,2,0.297,70.78,0.148,4.734,0.109
16,ec.gp.GPIndividual@614641419{-527306127},3C_20_80-02.txt,35.738,0.100,3.574,1,0.781,21.86,0.781,4.734,0.109
16,ec.gp.GPIndividual@614641419{-527306127},3C_20_66-01.txt,7.322,0.100,0.732,2,0.859,117.37,0.430,4.734,0.109
16,ec.gp.GPIndividual@614641419{-527306127},3C_20_80-03.txt,169.439,0.100,16.944,1,0.219,1.29,0.219,4.734,0.109
16,ec.gp.GPIndividual@614641419{-527306127},3C_20_66-02.txt,154.245,0.100,15.424,2,1.125,7.29,0.563,4.734,0.109
16,ec.gp.GPIndividual@614641419{-527306127},3C_20_66-03.txt,118.340,0.100,11.834,3,4.188,35.39,1.396,4.734,0.109
16,ec.gp.GPIndividual@614641419{-527306127},3C_20_80-01.txt,4.194,0.100,0.419,2,0.328,78.23,0.164,4.734,0.109
16,ec.gp.GPIndividual@614641419{-527306127},3C_20_80-02.txt,35.738,0.100,3.574,2,0.859,24.05,0.430,4.734,0.109
16,ec.gp.GPIndividual@614641419{-527306127},3C_20_80-03.txt,169.439,0.100,16.944,4,10.938,64.55,2.734,5.156,0.000
16,ec.gp.GPIndividual@1474089685{1295570354},3C_20_50-02.txt,61.404,0.100,6.140,1,0.000,0.00,0.000,0.000,0.000
16,ec.gp.GPIndividual@1474089685{1295570354},3C_20_50-03.txt,30.993,0.100,3.099,1,0.000,0.00,0.000,0.000,0.000
16,ec.gp.GPIndividual@1474089685{1295570354},3C_20_66-01.txt,7.322,0.100,0.732,1,0.000,0.00,0.000,0.000,0.000
16,ec.gp.GPIndividual@1474089685{1295570354},3C_20_66-02.txt,154.245,0.100,15.424,1,0.000,0.00,0.000,0.000,0.000
16,ec.gp.GPIndividual@1474089685{1295570354},3C_20_66-03.txt,118.340,0.100,11.834,1,0.000,0.00,0.000,0.000,0.000
16,ec.gp.GPIndividual@1474089685{1295570354},3C_20_80-01.txt,4.194,0.100,0.419,1,0.000,0.00,0.000,0.000,0.000
16,ec.gp.GPIndividual@1474089685{1295570354},3C_20_80-02.txt,35.738,0.100,3.574,1,0.000,0.00,0.000,0.000,0.000
16,ec.gp.GPIndividual@1474089685{1295570354},3C_20_80-03.txt,169.439,0.100,16.944,1,0.000,0.00,0.000,0.000,0.000
16,ec.gp.GPIndividual@120423485{1276855425},3C_20_50-02.txt,61.404,0.100,6.140,0,0.000,0.00,0.000,0.000,0.000
16,ec.gp.GPIndividual@120423485{1276855425},3C_20_50-03.txt,30.993,0.100,3.099,1,4.516,145.70,4.516,4.516,4.516
16,ec.gp.GPIndividual@304684178{747632608},3C_20_50-02.txt,61.404,0.100,6.140,1,0.109,1.78,0.109,0.109,0.109
16,ec.gp.GPIndividual@304684178{747632608},3C_20_50-03.txt,30.993,0.100,3.099,2,2.313,74.61,1.156,1.203,0.109
16,ec.gp.GPIndividual@304684178{747632608},3C_20_66-01.txt,7.322,0.100,0.732,1,0.844,115.23,0.844,1.203,0.109
16,ec.gp.GPIndividual@304684178{747632608},3C_20_66-01.txt,7.322,0.100,0.732,0,0.000,0.00,0.000,1.203,0.109
16,ec.gp.GPIndividual@304684178{747632608},3C_20_66-02.txt,154.245,0.100,15.424,1,0.250,1.62,0.250,1.203,0.109
16,ec.gp.GPIndividual@304684178{747632608},3C_20_66-02.txt,154.245,0.100,15.424,2,1.328,8.61,0.664,1.203,0.109
16,ec.gp.GPIndividual@304684178{747632608},3C_20_66-03.txt,118.340,0.100,11.834,1,0.391,3.30,0.391,1.203,0.109
16,ec.gp.GPIndividual@304684178{747632608},3C_20_66-03.txt,118.340,0.100,11.834,1,1.641,13.86,1.641,1.641,0.109
16,ec.gp.GPIndividual@304684178{747632608},3C_20_80-01.txt,4.194,0.100,0.419,1,0.203,48.43,0.203,1.641,0.109
16,ec.gp.GPIndividual@304684178{747632608},3C_20_80-02.txt,35.738,0.100,3.574,1,1.609,45.03,1.609,1.641,0.109
16,ec.gp.GPIndividual@304684178{747632608},3C_20_80-01.txt,4.194,0.100,0.419,0,0.000,0.00,0.000,1.641,0.109
16,ec.gp.GPIndividual@304684178{747632608},3C_20_80-02.txt,35.738,0.100,3.574,1,0.516,14.43,0.516,1.641,0.109
16,ec.gp.GPIndividual@304684178{747632608},3C_20_80-03.txt,169.439,0.100,16.944,1,0.563,3.32,0.563,1.641,0.109
16,ec.gp.GPIndividual@304684178{747632608},3C_20_80-03.txt,169.439,0.100,16.944,1,1.625,9.59,1.625,1.641,0.109
16,ec.gp.GPIndividual@920496523{-568698181},3C_20_50-02.txt,61.404,0.100,6.140,2,1.734,28.25,0.867,1.625,0.109
16,ec.gp.GPIndividual@1487790030{1219283982},3C_20_50-02.txt,61.404,0.100,6.140,1,0.109,1.78,0.109,0.109,0.109
16,ec.gp.GPIndividual@1487790030{1219283982},3C_20_50-03.txt,30.993,0.100,3.099,3,2.266,73.10,0.755,1.172,0.109
16,ec.gp.GPIndividual@1487790030{1219283982},3C_20_66-01.txt,7.322,0.100,0.732,1,0.281,38.41,0.281,1.172,0.109
16,ec.gp.GPIndividual@1487790030{1219283982},3C_20_66-02.txt,154.245,0.100,15.424,2,1.438,9.32,0.719,1.172,0.109
16,ec.gp.GPIndividual@1487790030{1219283982},3C_20_66-03.txt,118.340,0.100,11.834,1,1.719,14.52,1.719,1.719,0.109
16,ec.gp.GPIndividual@1487790030{1219283982},3C_20_80-01.txt,4.194,0.100,0.419,1,0.188,44.70,0.188,1.719,0.109
16,ec.gp.GPIndividual@1487790030{1219283982},3C_20_80-02.txt,35.738,0.100,3.574,1,0.547,15.30,0.547,1.719,0.109
16,ec.gp.GPIndividual@1487790030{1219283982},3C_20_80-03.txt,169.439,0.100,16.944,1,1.656,9.77,1.656,1.719,0.109
17,ec.gp.GPIndividual@729775231{1259941145},3C_20_50-02.txt,61.404,0.100,6.140,4,0.688,11.20,0.172,0.313,0.000
17,ec.gp.GPIndividual@729775231{1259941145},3C_20_50-03.txt,30.993,0.100,3.099,2,0.313,10.08,0.156,0.313,0.000
17,ec.gp.GPIndividual@729775231{1259941145},3C_20_50-03.txt,30.993,0.100,3.099,6,3.000,96.80,0.500,1.188,0.000
17,ec.gp.GPIndividual@729775231{1259941145},3C_20_50-03.txt,30.993,0.100,3.099,2,2.719,87.72,1.359,1.359,0.000
17,ec.gp.GPIndividual@729775231{1259941145},3C_20_66-01.txt,7.322,0.100,0.732,5,3.906,533.48,0.781,1.641,0.000
17,ec.gp.GPIndividual@729775231{1259941145},3C_20_50-03.txt,30.993,0.100,3.099,3,0.547,17.65,0.182,1.641,0.000
17,ec.gp.GPIndividual@729775231{1259941145},3C_20_66-02.txt,154.245,0.100,15.424,5,1.484,9.62,0.297,1.641,0.000
17,ec.gp.GPIndividual@729775231{1259941145},3C_20_50-03.txt,30.993,0.100,3.099,4,3.953,127.55,0.988,1.641,0.000
17,ec.gp.GPIndividual@729775231{1259941145},3C_20_50-03.txt,30.993,0.100,3.099,4,4.453,143.68,1.113,2.203,0.000
17,ec.gp.GPIndividual@729775231{1259941145},3C_20_66-03.txt,118.340,0.100,11.834,6,4.094,34.59,0.682,2.203,0.000
17,ec.gp.GPIndividual@729775231{1259941145},3C_20_66-01.txt,7.322,0.100,0.732,4,0.688,93.89,0.172,2.203,0.000
17,ec.gp.GPIndividual@729775231{1259941145},3C_20_66-02.txt,154.245,0.100,15.424,5,18.141,117.61,3.628,4.109,0.000
17,ec.gp.GPIndividual@729775231{1259941145},3C_20_66-01.txt,7.322,0.100,0.732,4,5.500,751.14,1.375,4.797,0.000
17,ec.gp.GPIndividual@729775231{1259941145},3C_20_80-01.txt,4.194,0.100,0.419,4,0.469,111.75,0.117,4.797,0.000
17,ec.gp.GPIndividual@729775231{1259941145},3C_20_66-01.txt,7.322,0.100,0.732,2,0.281,38.41,0.141,4.797,0.000
17,ec.gp.GPIndividual@729775231{1259941145},3C_20_80-02.txt,35.738,0.100,3.574,7,4.563,127.66,0.652,4.797,0.000
17,ec.gp.GPIndividual@729775231{1259941145},3C_20_66-03.txt,118.340,0.100,11.834,4,8.750,73.94,2.188,4.797,0.000
17,ec.gp.GPIndividual@729775231{1259941145},3C_20_80-03.txt,169.439,0.100,16.944,4,4.469,26.37,1.117,4.797,0.000
17,ec.gp.GPIndividual@729775231{1259941145},3C_20_66-01.txt,7.322,0.100,0.732,1,0.344,46.95,0.344,4.797,0.000
17,ec.gp.GPIndividual@729775231{1259941145},3C_20_66-02.txt,154.245,0.100,15.424,7,14.766,95.73,2.109,4.797,0.000
17,ec.gp.GPIndividual@729775231{1259941145},3C_20_66-03.txt,118.340,0.100,11.834,3,13.813,116.72,4.604,6.094,0.000
17,ec.gp.GPIndividual@729775231{1259941145},3C_20_66-02.txt,154.245,0.100,15.424,5,9.438,61.19,1.888,6.094,0.000
17,ec.gp.GPIndividual@729775231{1259941145},3C_20_80-01.txt,4.194,0.100,0.419,1,1.578,376.24,1.578,6.094,0.000
17,ec.gp.GPIndividual@1463057445{-1103770121},3C_20_50-02.txt,61.404,0.100,6.140,5,6.734,109.67,1.347,2.641,0.313
17,ec.gp.GPIndividual@1463057445{-1103770121},3C_20_50-03.txt,30.993,0.100,3.099,3,8.672,279.80,2.891,4.766,0.313
17,ec.gp.GPIndividual@1463057445{-1103770121},3C_20_66-01.txt,7.322,0.100,0.732,1,1.422,194.19,1.422,4.766,0.313
17,ec.gp.GPIndividual@1463057445{-1103770121},3C_20_80-02.txt,35.738,0.100,3.574,7,3.703,103.62,0.529,4.766,0.000
17,ec.gp.GPIndividual@1463057445{-1103770121},3C_20_66-02.txt,154.245,0.100,15.424,12,15.266,98.97,1.272,4.813,0.000
17,ec.gp.GPIndividual@1463057445{-1103770121},3C_20_80-03.txt,169.439,0.100,16.944,10,17.453,103.01,1.745,4.813,0.000
17,ec.gp.GPIndividual@1463057445{-1103770121},3C_20_66-03.txt,118.340,0.100,11.834,3,0.156,1.32,0.052,4.813,0.000
17,ec.gp.GPIndividual@1463057445{-1103770121},3C_20_66-03.txt,118.340,0.100,11.834,1,1.531,12.94,1.531,4.813,0.000
17,ec.gp.GPIndividual@1463057445{-1103770121},3C_20_66-02.txt,154.245,0.100,15.424,3,7.156,46.40,2.385,4.813,0.000
17,ec.gp.GPIndividual@1463057445{-1103770121},3C_20_66-01.txt,7.322,0.100,0.732,2,0.734,100.29,0.367,4.813,0.000
17,ec.gp.GPIndividual@1463057445{-1103770121},3C_20_66-02.txt,154.245,0.100,15.424,6,21.500,139.39,3.583,5.578,0.000
17,ec.gp.GPIndividual@1463057445{-1103770121},3C_20_66-03.txt,118.340,0.100,11.834,5,10.859,91.76,2.172,5.578,0.000
17,ec.gp.GPIndividual@1463057445{-1103770121},3C_20_80-01.txt,4.194,0.100,0.419,1,0.188,44.70,0.188,5.578,0.000
17,ec.gp.GPIndividual@1463057445{-1103770121},3C_20_80-02.txt,35.738,0.100,3.574,6,5.750,160.89,0.958,5.578,0.000
17,ec.gp.GPIndividual@1258281163{1830070011},3C_20_50-02.txt,61.404,0.100,6.140,1,0.328,5.34,0.328,0.328,0.328
17,ec.gp.GPIndividual@1258281163{1830070011},3C_20_66-03.txt,118.340,0.100,11.834,6,15.453,130.58,2.576,4.859,0.000
17,ec.gp.GPIndividual@1258281163{1830070011},3C_20_80-01.txt,4.194,0.100,0.419,3,0.656,156.46,0.219,4.859,0.000
17,ec.gp.GPIndividual@1258281163{1830070011},3C_20_80-02.txt,35.738,0.100,3.574,3,0.156,4.37,0.052,4.859,0.000
17,ec.gp.GPIndividual@1258281163{1830070011},3C_20_80-01.txt,4.194,0.100,0.419,2,1.844,439.57,0.922,4.859,0.000
17,ec.gp.GPIndividual@1258281163{1830070011},3C_20_80-03.txt,169.439,0.100,16.944,7,10.984,64.83,1.569,4.859,0.000
17,ec.gp.GPIndividual@1258281163{1830070011},3C_20_80-02.txt,35.738,0.100,3.574,1,4.828,135.10,4.828,4.859,0.000
17,ec.gp.GPIndividual@1258281163{1830070011},3C_20_80-01.txt,4.194,0.100,0.419,2,1.953,465.64,0.977,4.859,0.000
17,ec.gp.GPIndividual@1258281163{1830070011},3C_20_80-03.txt,169.439,0.100,16.944,10,20.266,119.60,2.027,6.016,0.000
17,ec.gp.GPIndividual@1258281163{1830070011},3C_20_80-01.txt,4.194,0.100,0.419,3,0.516,122.93,0.172,6.016,0.000
17,ec.gp.GPIndividual@1258281163{1830070011},3C_20_80-02.txt,35.738,0.100,3.574,3,2.422,67.77,0.807,6.016,0.000
17,ec.gp.GPIndividual@1258281163{1830070011},3C_20_50-03.txt,30.993,0.100,3.099,3,4.406,142.17,1.469,6.016,0.000
17,ec.gp.GPIndividual@1258281163{1830070011},3C_20_80-03.txt,169.439,0.100,16.944,1,0.719,4.24,0.719,6.016,0.000
17,ec.gp.GPIndividual@1258281163{1830070011},3C_20_80-03.txt,169.439,0.100,16.944,2,4.656,27.48,2.328,6.016,0.000
17,ec.gp.GPIndividual@1258204555{-1066332016},3C_20_50-02.txt,61.404,0.100,6.140,3,6.219,101.28,2.073,5.906,0.156
17,ec.gp.GPIndividual@457476067{-1973613004},3C_20_50-02.txt,61.404,0.100,6.140,4,2.406,39.19,0.602,1.781,0.000
17,ec.gp.GPIndividual@457476067{-1973613004},3C_20_50-03.txt,30.993,0.100,3.099,2,5.391,173.93,2.695,3.766,0.000
17,ec.gp.GPIndividual@457476067{-1973613004},3C_20_80-02.txt,35.738,0.100,3.574,6,6.219,174.01,1.036,4.078,0.000
17,ec.gp.GPIndividual@457476067{-1973613004},3C_20_66-01.txt,7.322,0.100,0.732,4,1.016,138.71,0.254,4.078,0.000
17,ec.gp.GPIndividual@457476067{-1973613004},3C_20_50-03.txt,30.993,0.100,3.099,2,0.688,22.18,0.344,4.078,0.000
17,ec.gp.GPIndividual@457476067{-1973613004},3C_20_66-01.txt,7.322,0.100,0.732,2,1.984,271.01,0.992,4.078,0.000
17,ec.gp.GPIndividual@457476067{-1973613004},3C_20_80-03.txt,169.439,0.100,16.944,9,17.953,105.96,1.995,5.719,0.000
17,ec.gp.GPIndividual@457476067{-1973613004},3C_20_66-02.txt,154.245,0.100,15.424,3,2.391,15.50,0.797,5.719,0.000
17,ec.gp.GPIndividual@490178616{-2097300237},3C_20_50-02.txt,61.404,0.100,6.140,0,0.000,0.00,0.000,0.000,0.000
17,ec.gp.GPIndividual@490178616{-2097300237},3C_20_50-03.txt,30.993,0.100,3.099,1,1.000,32.27,1.000,1.000,1.000
17,ec.gp.GPIndividual@490178616{-2097300237},3C_20_66-02.txt,154.245,0.100,15.424,7,19.719,127.84,2.817,5.563,0.000
17,ec.gp.GPIndividual@1570117694{1492033553},3C_20_50-02.txt,61.404,0.100,6.140,8,4.984,81.17,0.623,1.531,0.000
17,ec.gp.GPIndividual@1570117694{1492033553},3C_20_66-03.txt,118.340,0.100,11.834,7,13.641,115.27,1.949,4.203,0.000
17,ec.gp.GPIndividual@1616956455{-2146253090},3C_20_50-02.txt,61.404,0.100,6.140,6,4.609,75.07,0.768,1.781,0.000
17,ec.gp.GPIndividual@1616956455{-2146253090},3C_20_66-01.txt,7.322,0.100,0.732,0,0.000,0.00,0.000,1.781,0.000
17,ec.gp.GPIndividual@1616956455{-2146253090},3C_20_66-02.txt,154.245,0.100,15.424,5,8.031,52.07,1.606,2.781,0.000
17,ec.gp.GPIndividual@1616956455{-2146253090},3C_20_66-01.txt,7.322,0.100,0.732,5,1.000,136.57,0.200,2.781,0.000
17,ec.gp.GPIndividual@1616956455{-2146253090},3C_20_50-03.txt,30.993,0.100,3.099,3,3.594,115.96,1.198,2.781,0.000
17,ec.gp.GPIndividual@1616956455{-2146253090},3C_20_66-03.txt,118.340,0.100,11.834,9,11.438,96.65,1.271,4.828,0.000
17,ec.gp.GPIndividual@1616956455{-2146253090},3C_20_50-03.txt,30.993,0.100,3.099,5,4.047,130.58,0.809,4.828,0.000
17,ec.gp.GPIndividual@1616956455{-2146253090},3C_20_66-01.txt,7.322,0.100,0.732,5,0.859,117.37,0.172,4.828,0.000
17,ec.gp.GPIndividual@1616956455{-2146253090},3C_20_66-02.txt,154.245,0.100,15.424,4,0.984,6.38,0.246,4.828,0.000
17,ec.gp.GPIndividual@1616956455{-2146253090},3C_20_66-03.txt,118.340,0.100,11.834,2,4.141,34.99,2.070,4.828,0.000
17,ec.gp.GPIndividual@1616956455{-2146253090},3C_20_80-01.txt,4.194,0.100,0.419,2,0.344,81.95,0.172,4.828,0.000
17,ec.gp.GPIndividual@1616956455{-2146253090},3C_20_80-02.txt,35.738,0.100,3.574,6,4.375,122.42,0.729,4.828,0.000
17,ec.gp.GPIndividual@1616956455{-2146253090},3C_20_66-02.txt,154.245,0.100,15.424,8,16.703,108.29,2.088,4.828,0.000
17,ec.gp.GPIndividual@1616956455{-2146253090},3C_20_66-03.txt,118.340,0.100,11.834,6,7.688,64.96,1.281,4.828,0.000
17,ec.gp.GPIndividual@1616956455{-2146253090},3C_20_80-03.txt,169.439,0.100,16.944,7,17.547,103.56,2.507,4.828,0.000
17,ec.gp.GPIndividual@1616956455{-2146253090},3C_20_80-01.txt,4.194,0.100,0.419,3,2.000,476.82,0.667,4.828,0.000
17,ec.gp.GPIndividual@1616956455{-2146253090},3C_20_66-03.txt,118.340,0.100,11.834,8,11.859,100.21,1.482,4.828,0.000
17,ec.gp.GPIndividual@1616956455{-2146253090},3C_20_80-02.txt,35.738,0.100,3.574,4,6.422,179.69,1.605,5.922,0.000
17,ec.gp.GPIndividual@183094589{1611327959},3C_20_50-02.txt,61.404,0.100,6.140,9,7.922,129.01,0.880,2.047,0.000
17,ec.gp.GPIndividual@183094589{1611327959},3C_20_50-03.txt,30.993,0.100,3.099,1,3.797,122.51,3.797,3.797,0.000
17,ec.gp.GPIndividual@183094589{1611327959},3C_20_80-01.txt,4.194,0.100,0.419,3,2.750,655.62,0.917,3.797,0.000
17,ec.gp.GPIndividual@183094589{1611327959},3C_20_80-02.txt,35.738,0.100,3.574,1,4.328,121.11,4.328,4.328,0.000
17,ec.gp.GPIndividual@183094589{1611327959},3C_20_80-01.txt,4.194,0.100,0.419,6,0.469,111.75,0.078,4.328,0.000
17,ec.gp.GPIndividual@183094589{1611327959},3C_20_80-02.txt,35.738,0.100,3.574,4,3.047,85.26,0.762,4.328,0.000
17,ec.gp.GPIndividual@183094589{1611327959},3C_20_66-01.txt,7.322,0.100,0.732,2,3.000,409.71,1.500,4.328,0.000
17,ec.gp.GPIndividual@183094589{1611327959},3C_20_80-03.txt,169.439,0.100,16.944,12,11.703,69.07,0.975,4.328,0.000
17,ec.gp.GPIndividual@183094589{1611327959},3C_20_66-02.txt,154.245,0.100,15.424,8,19.563,126.83,2.445,6.078,0.000
17,ec.gp.GPIndividual@1881400538{129109809},3C_20_50-02.txt,61.404,0.100,6.140,4,3.313,53.95,0.828,2.469,0.000
17,ec.gp.GPIndividual@1881400538{129109809},3C_20_80-03.txt,169.439,0.100,16.944,6,9.859,58.19,1.643,4.188,0.000
17,ec.gp.GPIndividual@1881400538{129109809},3C_20_80-01.txt,4.194,0.100,0.419,0,0.000,0.00,0.000,4.188,0.000
17,ec.gp.GPIndividual@1881400538{129109809},3C_20_80-02.txt,35.738,0.100,3.574,2,3.688,103.18,1.844,4.188,0.000
17,ec.gp.GPIndividual@1881400538{129109809},3C_20_80-03.txt,169.439,0.100,16.944,3,1.656,9.77,0.552,4.188,0.000
17,ec.gp.GPIndividual@1881400538{129109809},3C_20_66-03.txt,118.340,0.100,11.834,7,2.828,23.90,0.404,4.188,0.000
17,ec.gp.GPIndividual@1881400538{129109809},3C_20_50-03.txt,30.993,0.100,3.099,2,4.297,138.64,2.148,4.297,0.000
17,ec.gp.GPIndividual@1881400538{129109809},3C_20_66-01.txt,7.322,0.100,0.732,6,2.438,332.89,0.406,4.297,0.000
17,ec.gp.GPIndividual@1881400538{129109809},3C_20_80-03.txt,169.439,0.100,16.944,8,20.531,121.17,2.566,5.828,0.000
17,ec.gp.GPIndividual@97522489{-1149583883},3C_20_50-02.txt,61.404,0.100,6.140,1,0.531,8.65,0.531,0.531,0.531
17,ec.gp.GPIndividual@97522489{-1149583883},3C_20_50-03.txt,30.993,0.100,3.099,3,2.422,78.14,0.807,1.391,0.000
17,ec.gp.GPIndividual@97522489{-1149583883},3C_20_80-01.txt,4.194,0.100,0.419,2,4.688,1117.54,2.344,4.375,0.000
17,ec.gp.GPIndividual@97522489{-1149583883},3C_20_66-01.txt,7.322,0.100,0.732,2,3.844,524.95,1.922,4.375,0.000
17,ec.gp.GPIndividual@2095389976{-527306127},3C_20_50-02.txt,61.404,0.100,6.140,2,0.953,15.52,0.477,0.953,0.000
17,ec.gp.GPIndividual@2095389976{-527306127},3C_20_66-02.txt,154.245,0.100,15.424,4,1.625,10.54,0.406,1.250,0.000
17,ec.gp.GPIndividual@2095389976{-527306127},3C_20_66-01.txt,7.322,0.100,0.732,2,0.563,76.82,0.281,1.250,0.000
17,ec.gp.GPIndividual@2095389976{-527306127},3C_20_50-03.txt,30.993,0.100,3.099,2,6.156,198.64,3.078,5.688,0.000
17,ec.gp.GPIndividual@2004993688{-317266033},3C_20_50-02.txt,61.404,0.100,6.140,6,7.234,117.82,1.206,4.719,0.000
17,ec.gp.GPIndividual@2004993688{-317266033},3C_20_80-01.txt,4.194,0.100,0.419,2,1.844,439.57,0.922,4.719,0.000
17,ec.gp.GPIndividual@2004993688{-317266033},3C_20_80-03.txt,169.439,0.100,16.944,4,6.391,37.72,1.598,4.953,0.000
17,ec.gp.GPIndividual@1818498906{-2143481395},3C_20_50-02.txt,61.404,0.100,6.140,0,0.000,0.00,0.000,0.000,0.000
17,ec.gp.GPIndividual@1818498906{-2143481395},3C_20_50-03.txt,30.993,0.100,3.099,0,0.000,0.00,0.000,0.000,0.000
17,ec.gp.GPIndividual@1818498906{-2143481395},3C_20_66-01.txt,7.322,0.100,0.732,0,0.000,0.00,0.000,0.000,0.000
17,ec.gp.GPIndividual@1818498906{-2143481395},3C_20_66-02.txt,154.245,0.100,15.424,0,0.000,0.00,0.000,0.000,0.000
17,ec.gp.GPIndividual@1818498906{-2143481395},3C_20_66-03.txt,118.340,0.100,11.834,0,0.000,0.00,0.000,0.000,0.000
17,ec.gp.GPIndividual@1818498906{-2143481395},3C_20_80-01.txt,4.194,0.100,0.419,0,0.000,0.00,0.000,0.000,0.000
17,ec.gp.GPIndividual@1818498906{-2143481395},3C_20_80-02.txt,35.738,0.100,3.574,0,0.000,0.00,0.000,0.000,0.000
17,ec.gp.GPIndividual@1818498906{-2143481395},3C_20_80-03.txt,169.439,0.100,16.944,0,0.000,0.00,0.000,0.000,0.000
17,ec.gp.GPIndividual@1394114646{705697456},3C_20_50-02.txt,61.404,0.100,6.140,3,2.453,39.95,0.818,1.188,0.375
17,ec.gp.GPIndividual@1394114646{705697456},3C_20_80-02.txt,35.738,0.100,3.574,1,1.984,55.53,1.984,1.984,0.375
17,ec.gp.GPIndividual@1394114646{705697456},3C_20_50-03.txt,30.993,0.100,3.099,1,1.500,48.40,1.500,1.984,0.375
17,ec.gp.GPIndividual@1394114646{705697456},3C_20_50-03.txt,30.993,0.100,3.099,2,3.500,112.93,1.750,2.047,0.375
17,ec.gp.GPIndividual@1394114646{705697456},3C_20_80-03.txt,169.439,0.100,16.944,8,17.547,103.56,2.193,4.563,0.000
17,ec.gp.GPIndividual@1394114646{705697456},3C_20_66-01.txt,7.322,0.100,0.732,2,1.156,157.91,0.578,4.563,0.000
17,ec.gp.GPIndividual@1394114646{705697456},3C_20_80-02.txt,35.738,0.100,3.574,2,4.563,127.66,2.281,4.563,0.000
17,ec.gp.GPIndividual@2136745748{-1984551348},3C_20_50-02.txt,61.404,0.100,6.140,2,1.109,18.07,0.555,1.109,0.000
17,ec.gp.GPIndividual@2136745748{-1984551348},3C_20_66-01.txt,7.322,0.100,0.732,2,0.547,74.69,0.273,1.109,0.000
17,ec.gp.GPIndividual@2136745748{-1984551348},3C_20_50-03.txt,30.993,0.100,3.099,3,4.219,136.12,1.406,3.813,0.000
17,ec.gp.GPIndividual@125911698{-1569236386},3C_20_50-02.txt,61.404,0.100,6.140,6,5.891,95.93,0.982,1.391,0.359
17,ec.gp.GPIndividual@125911698{-1569236386},3C_20_66-02.txt,154.245,0.100,15.424,3,2.781,18.03,0.927,1.391,0.359
17,ec.gp.GPIndividual@125911698{-1569236386},3C_20_66-02.txt,154.245,0.100,15.424,7,12.828,83.17,1.833,3.313,0.359
17,ec.gp.GPIndividual@125911698{-1569236386},3C_20_66-01.txt,7.322,0.100,0.732,3,1.469,200.59,0.490,3.313,0.000
17,ec.gp.GPIndividual@125911698{-1569236386},3C_20_66-03.txt,118.340,0.100,11.834,2,1.563,13.20,0.781,3.313,0.000
17,ec.gp.GPIndividual@125911698{-1569236386},3C_20_66-02.txt,154.245,0.100,15.424,2,1.109,7.19,0.555,3.313,0.000
17,ec.gp.GPIndividual@125911698{-1569236386},3C_20_66-03.txt,118.340,0.100,11.834,6,14.484,122.40,2.414,4.219,0.000
17,ec.gp.GPIndividual@125911698{-1569236386},3C_20_50-03.txt,30.993,0.100,3.099,1,4.750,153.26,4.750,4.750,0.000
17,ec.gp.GPIndividual@125911698{-1569236386},3C_20_80-01.txt,4.194,0.100,0.419,1,0.594,141.55,0.594,4.750,0.000
17,ec.gp.GPIndividual@125911698{-1569236386},3C_20_66-03.txt,118.340,0.100,11.834,8,9.500,80.28,1.188,4.750,0.000
17,ec.gp.GPIndividual@125911698{-1569236386},3C_20_80-02.txt,35.738,0.100,3.574,2,4.203,117.61,2.102,4.750,0.000
17,ec.gp.GPIndividual@125911698{-1569236386},3C_20_80-01.txt,4.194,0.100,0.419,2,0.984,234.68,0.492,4.750,0.000
17,ec.gp.GPIndividual@125911698{-1569236386},3C_20_66-01.txt,7.322,0.100,0.732,4,0.547,74.69,0.137,4.750,0.000
17,ec.gp.GPIndividual@125911698{-1569236386},3C_20_66-02.txt,154.245,0.100,15.424,1,0.422,2.74,0.422,4.750,0.000
17,ec.gp.GPIndividual@125911698{-1569236386},3C_20_80-02.txt,35.738,0.100,3.574,2,5.875,164.39,2.938,4.750,0.000
17,ec.gp.GPIndividual@125911698{-1569236386},3C_20_80-01.txt,4.194,0.100,0.419,2,4.234,1009.51,2.117,4.750,0.000
17,ec.gp.GPIndividual@125911698{-1569236386},3C_20_80-03.txt,169.439,0.100,16.944,4,2.219,13.09,0.555,4.750,0.000
17,ec.gp.GPIndividual@125911698{-1569236386},3C_20_80-02.txt,35.738,0.100,3.574,4,4.359,121.98,1.090,4.750,0.000
17,ec.gp.GPIndividual@125911698{-1569236386},3C_20_80-03.txt,169.439,0.100,16.944,5,4.594,27.11,0.919,4.750,0.000
17,ec.gp.GPIndividual@125911698{-1569236386},3C_20_80-03.txt,169.439,0.100,16.944,3,6.969,41.13,2.323,4.750,0.000
17,ec.gp.GPIndividual@125911698{-1569236386},3C_20_80-03.txt,169.439,0.100,16.944,6,17.547,103.56,2.924,5.109,0.000
17,ec.gp.GPIndividual@1178998463{-683403501},3C_20_50-02.txt,61.404,0.100,6.140,2,5.266,85.75,2.633,4.844,0.422
17,ec.gp.GPIndividual@1178998463{-683403501},3C_20_50-03.txt,30.993,0.100,3.099,1,0.563,18.15,0.563,4.844,0.422
17,ec.gp.GPIndividual@797978628{-1820601496},3C_20_50-02.txt,61.404,0.100,6.140,5,6.047,98.48,1.209,3.719,0.000
17,ec.gp.GPIndividual@897548262{1597397283},3C_20_50-02.txt,61.404,0.100,6.140,7,6.063,98.73,0.866,5.750,0.000
17,ec.gp.GPIndividual@897548262{1597397283},3C_20_66-03.txt,118.340,0.100,11.834,1,1.531,12.94,1.531,5.750,0.000
17,ec.gp.GPIndividual@897548262{1597397283},3C_20_66-03.txt,118.340,0.100,11.834,6,4.156,35.12,0.693,5.750,0.000
17,ec.gp.GPIndividual@897548262{1597397283},3C_20_50-03.txt,30.993,0.100,3.099,3,3.547,114.44,1.182,5.750,0.000
17,ec.gp.GPIndividual@897548262{1597397283},3C_20_80-01.txt,4.194,0.100,0.419,3,3.563,849.33,1.188,5.750,0.000
17,ec.gp.GPIndividual@897548262{1597397283},3C_20_80-01.txt,4.194,0.100,0.419,2,0.141,33.53,0.070,5.750,0.000
17,ec.gp.GPIndividual@897548262{1597397283},3C_20_80-02.txt,35.738,0.100,3.574,1,0.203,5.68,0.203,5.750,0.000
17,ec.gp.GPIndividual@897548262{1597397283},3C_20_80-02.txt,35.738,0.100,3.574,2,5.594,156.52,2.797,5.750,0.000
17,ec.gp.GPIndividual@897548262{1597397283},3C_20_50-03.txt,30.993,0.100,3.099,4,3.453,111.42,0.863,5.750,0.000
17,ec.gp.GPIndividual@897548262{1597397283},3C_20_80-03.txt,169.439,0.100,16.944,14,16.984,100.24,1.213,5.750,0.000
17,ec.gp.GPIndividual@297716502{-2054822133},3C_20_50-02.txt,61.404,0.100,6.140,7,5.469,89.06,0.781,2.891,0.000
17,ec.gp.GPIndividual@297716502{-2054822133},3C_20_50-03.txt,30.993,0.100,3.099,1,3.813,123.01,3.813,3.813,0.000
17,ec.gp.GPIndividual@297716502{-2054822133},3C_20_66-01.txt,7.322,0.100,0.732,2,0.953,130.17,0.477,3.813,0.000
17,ec.gp.GPIndividual@297716502{-2054822133},3C_20_66-01.txt,7.322,0.100,0.732,7,1.031,140.84,0.147,3.813,0.000
17,ec.gp.GPIndividual@297716502{-2054822133},3C_20_66-02.txt,154.245,0.100,15.424,4,2.531,16.41,0.633,3.813,0.000
17,ec.gp.GPIndividual@297716502{-2054822133},3C_20_80-03.txt,169.439,0.100,16.944,14,17.016,100.42,1.215,3.813,0.000
17,ec.gp.GPIndividual@297716502{-2054822133},3C_20_66-03.txt,118.340,0.100,11.834,4,4.734,40.01,1.184,4.125,0.000
17,ec.gp.GPIndividual@1548427800{1389240166},3C_20_50-02.txt,61.404,0.100,6.140,3,4.063,66.16,1.354,3.672,0.156
17,ec.gp.GPIndividual@1548427800{1389240166},3C_20_50-03.txt,30.993,0.100,3.099,4,3.094,99.82,0.773,3.672,0.000
17,ec.gp.GPIndividual@1548427800{1389240166},3C_20_66-02.txt,154.245,0.100,15.424,8,11.172,72.43,1.396,3.672,0.000
17,ec.gp.GPIndividual@1548427800{1389240166},3C_20_66-01.txt,7.322,0.100,0.732,1,0.734,100.29,0.734,3.672,0.000
17,ec.gp.GPIndividual@1548427800{1389240166},3C_20_66-03.txt,118.340,0.100,11.834,6,3.875,32.74,0.646,3.672,0.000
17,ec.gp.GPIndividual@1548427800{1389240166},3C_20_66-02.txt,154.245,0.100,15.424,2,4.969,32.21,2.484,4.969,0.000
17,ec.gp.GPIndividual@1548427800{1389240166},3C_20_66-01.txt,7.322,0.100,0.732,1,3.516,480.13,3.516,4.969,0.000
17,ec.gp.GPIndividual@1548427800{1389240166},3C_20_80-01.txt,4.194,0.100,0.419,5,0.438,104.30,0.088,4.969,0.000
17,ec.gp.GPIndividual@1548427800{1389240166},3C_20_66-02.txt,154.245,0.100,15.424,3,5.547,35.96,1.849,4.969,0.000
17,ec.gp.GPIndividual@1548427800{1389240166},3C_20_80-01.txt,4.194,0.100,0.419,2,0.641,152.73,0.320,4.969,0.000
17,ec.gp.GPIndividual@1548427800{1389240166},3C_20_80-02.txt,35.738,0.100,3.574,7,3.266,91.38,0.467,4.969,0.000
17,ec.gp.GPIndividual@1548427800{1389240166},3C_20_80-02.txt,35.738,0.100,3.574,3,2.297,64.27,0.766,4.969,0.000
17,ec.gp.GPIndividual@1548427800{1389240166},3C_20_66-03.txt,118.340,0.100,11.834,14,14.766,124.77,1.055,4.969,0.000
17,ec.gp.GPIndividual@1548427800{1389240166},3C_20_80-01.txt,4.194,0.100,0.419,2,0.516,122.93,0.258,4.969,0.000
17,ec.gp.GPIndividual@1548427800{1389240166},3C_20_66-03.txt,118.340,0.100,11.834,4,3.438,29.05,0.859,4.969,0.000
17,ec.gp.GPIndividual@1548427800{1389240166},3C_20_80-02.txt,35.738,0.100,3.574,2,4.828,135.10,2.414,4.969,0.000
17,ec.gp.GPIndividual@1548427800{1389240166},3C_20_80-01.txt,4.194,0.100,0.419,4,0.328,78.23,0.082,4.969,0.000
17,ec.gp.GPIndividual@1548427800{1389240166},3C_20_80-02.txt,35.738,0.100,3.574,2,4.828,135.10,2.414,4.969,0.000
17,ec.gp.GPIndividual@1548427800{1389240166},3C_20_80-03.txt,169.439,0.100,16.944,3,4.563,26.93,1.521,4.969,0.000
17,ec.gp.GPIndividual@1548427800{1389240166},3C_20_80-03.txt,169.439,0.100,16.944,4,1.984,11.71,0.496,4.969,0.000
17,ec.gp.GPIndividual@1548427800{1389240166},3C_20_80-03.txt,169.439,0.100,16.944,11,17.000,100.33,1.545,4.969,0.000
17,ec.gp.GPIndividual@1500599964{-247429030},3C_20_50-02.txt,61.404,0.100,6.140,2,0.703,11.45,0.352,0.703,0.000
17,ec.gp.GPIndividual@1500599964{-247429030},3C_20_80-03.txt,169.439,0.100,16.944,3,4.500,26.56,1.500,3.094,0.000
17,ec.gp.GPIndividual@1500599964{-247429030},3C_20_50-03.txt,30.993,0.100,3.099,1,4.531,146.20,4.531,4.531,0.000
17,ec.gp.GPIndividual@788147549{-1824387576},3C_20_50-02.txt,61.404,0.100,6.140,3,0.109,1.78,0.036,0.109,0.000
17,ec.gp.GPIndividual@788147549{-1824387576},3C_20_66-02.txt,154.245,0.100,15.424,3,2.531,16.41,0.844,1.094,0.000
17,ec.gp.GPIndividual@788147549{-1824387576},3C_20_66-03.txt,118.340,0.100,11.834,4,1.313,11.09,0.328,1.094,0.000
17,ec.gp.GPIndividual@788147549{-1824387576},3C_20_50-03.txt,30.993,0.100,3.099,3,5.469,176.45,1.823,5.469,0.000
17,ec.gp.GPIndividual@808709035{1026290067},3C_20_50-02.txt,61.404,0.100,6.140,12,5.453,88.81,0.454,2.547,0.000
17,ec.gp.GPIndividual@808709035{1026290067},3C_20_50-03.txt,30.993,0.100,3.099,2,0.625,20.17,0.313,2.547,0.000
17,ec.gp.GPIndividual@808709035{1026290067},3C_20_80-01.txt,4.194,0.100,0.419,2,2.000,476.82,1.000,2.547,0.000
17,ec.gp.GPIndividual@808709035{1026290067},3C_20_66-01.txt,7.322,0.100,0.732,3,0.359,49.08,0.120,2.547,0.000
17,ec.gp.GPIndividual@808709035{1026290067},3C_20_80-02.txt,35.738,0.100,3.574,5,3.266,91.38,0.653,2.547,0.000
17,ec.gp.GPIndividual@808709035{1026290067},3C_20_80-03.txt,169.439,0.100,16.944,6,2.484,14.66,0.414,2.547,0.000
17,ec.gp.GPIndividual@808709035{1026290067},3C_20_66-02.txt,154.245,0.100,15.424,10,12.156,78.81,1.216,4.578,0.000
17,ec.gp.GPIndividual@1099962732{-1344844947},3C_20_50-02.txt,61.404,0.100,6.140,12,2.016,32.83,0.168,0.516,0.000
17,ec.gp.GPIndividual@1099962732{-1344844947},3C_20_50-03.txt,30.993,0.100,3.099,6,3.109,100.33,0.518,1.828,0.000
17,ec.gp.GPIndividual@1099962732{-1344844947},3C_20_80-03.txt,169.439,0.100,16.944,11,16.969,100.15,1.543,5.813,0.000
17,ec.gp.GPIndividual@1099962732{-1344844947},3C_20_66-01.txt,7.322,0.100,0.732,2,1.641,224.06,0.820,5.813,0.000
18,ec.gp.GPIndividual@877388388{-1053109624},3C_20_50-02.txt,61.404,0.100,6.140,0,0.000,0.00,0.000,0.000,0.000
18,ec.gp.GPIndividual@877388388{-1053109624},3C_20_50-03.txt,30.993,0.100,3.099,0,0.000,0.00,0.000,0.000,0.000
18,ec.gp.GPIndividual@877388388{-1053109624},3C_20_66-01.txt,7.322,0.100,0.732,0,0.000,0.00,0.000,0.000,0.000
18,ec.gp.GPIndividual@877388388{-1053109624},3C_20_66-02.txt,154.245,0.100,15.424,0,0.000,0.00,0.000,0.000,0.000
18,ec.gp.GPIndividual@877388388{-1053109624},3C_20_66-03.txt,118.340,0.100,11.834,0,0.000,0.00,0.000,0.000,0.000
18,ec.gp.GPIndividual@877388388{-1053109624},3C_20_80-01.txt,4.194,0.100,0.419,0,0.000,0.00,0.000,0.000,0.000
18,ec.gp.GPIndividual@877388388{-1053109624},3C_20_80-02.txt,35.738,0.100,3.574,0,0.000,0.00,0.000,0.000,0.000
18,ec.gp.GPIndividual@877388388{-1053109624},3C_20_80-03.txt,169.439,0.100,16.944,0,0.000,0.00,0.000,0.000,0.000
18,ec.gp.GPIndividual@970171309{-1965329938},3C_20_50-02.txt,61.404,0.100,6.140,7,2.250,36.64,0.321,0.375,0.000
18,ec.gp.GPIndividual@970171309{-1965329938},3C_20_50-03.txt,30.993,0.100,3.099,1,0.453,14.62,0.453,0.453,0.000
18,ec.gp.GPIndividual@970171309{-1965329938},3C_20_50-03.txt,30.993,0.100,3.099,1,1.359,43.86,1.359,1.359,0.000
18,ec.gp.GPIndividual@970171309{-1965329938},3C_20_50-03.txt,30.993,0.100,3.099,2,1.359,43.86,0.680,1.359,0.000
18,ec.gp.GPIndividual@970171309{-1965329938},3C_20_66-01.txt,7.322,0.100,0.732,1,1.672,228.33,1.672,1.672,0.000
18,ec.gp.GPIndividual@970171309{-1965329938},3C_20_50-03.txt,30.993,0.100,3.099,5,5.188,167.38,1.038,1.828,0.000
18,ec.gp.GPIndividual@970171309{-1965329938},3C_20_50-03.txt,30.993,0.100,3.099,4,0.688,22.18,0.172,1.828,0.000
18,ec.gp.GPIndividual@970171309{-1965329938},3C_20_66-02.txt,154.245,0.100,15.424,3,1.578,10.23,0.526,1.828,0.000
18,ec.gp.GPIndividual@970171309{-1965329938},3C_20_50-03.txt,30.993,0.100,3.099,6,4.156,134.10,0.693,1.828,0.000
18,ec.gp.GPIndividual@970171309{-1965329938},3C_20_66-01.txt,7.322,0.100,0.732,5,1.641,224.06,0.328,1.828,0.000
18,ec.gp.GPIndividual@970171309{-1965329938},3C_20_66-01.txt,7.322,0.100,0.732,2,1.297,177.12,0.648,1.828,0.000
18,ec.gp.GPIndividual@970171309{-1965329938},3C_20_66-01.txt,7.322,0.100,0.732,3,0.844,115.23,0.281,1.828,0.000
18,ec.gp.GPIndividual@970171309{-1965329938},3C_20_66-01.txt,7.322,0.100,0.732,3,2.109,288.08,0.703,1.984,0.000
18,ec.gp.GPIndividual@970171309{-1965329938},3C_20_66-03.txt,118.340,0.100,11.834,4,1.375,11.62,0.344,1.984,0.000
18,ec.gp.GPIndividual@970171309{-1965329938},3C_20_66-02.txt,154.245,0.100,15.424,4,7.125,46.19,1.781,3.688,0.000
18,ec.gp.GPIndividual@970171309{-1965329938},3C_20_66-01.txt,7.322,0.100,0.732,3,0.547,74.69,0.182,3.688,0.000
18,ec.gp.GPIndividual@970171309{-1965329938},3C_20_66-02.txt,154.245,0.100,15.424,11,19.672,127.54,1.788,4.813,0.000
18,ec.gp.GPIndividual@970171309{-1965329938},3C_20_80-01.txt,4.194,0.100,0.419,1,0.328,78.23,0.328,4.813,0.000
18,ec.gp.GPIndividual@970171309{-1965329938},3C_20_66-03.txt,118.340,0.100,11.834,3,1.484,12.54,0.495,4.813,0.000
18,ec.gp.GPIndividual@970171309{-1965329938},3C_20_66-03.txt,118.340,0.100,11.834,2,2.469,20.86,1.234,4.813,0.000
18,ec.gp.GPIndividual@970171309{-1965329938},3C_20_80-02.txt,35.738,0.100,3.574,3,4.859,135.97,1.620,4.813,0.000
18,ec.gp.GPIndividual@970171309{-1965329938},3C_20_66-02.txt,154.245,0.100,15.424,1,0.000,0.00,0.000,4.813,0.000
18,ec.gp.GPIndividual@970171309{-1965329938},3C_20_80-03.txt,169.439,0.100,16.944,6,20.781,122.65,3.464,4.828,0.000
18,ec.gp.GPIndividual@970171309{-1965329938},3C_20_80-01.txt,4.194,0.100,0.419,2,0.688,163.91,0.344,4.828,0.000
18,ec.gp.GPIndividual@970171309{-1965329938},3C_20_66-03.txt,118.340,0.100,11.834,3,1.719,14.52,0.573,4.828,0.000
18,ec.gp.GPIndividual@970171309{-1965329938},3C_20_80-02.txt,35.738,0.100,3.574,2,3.672,102.74,1.836,4.828,0.000
18,ec.gp.GPIndividual@970171309{-1965329938},3C_20_66-02.txt,154.245,0.100,15.424,2,5.844,37.89,2.922,5.844,0.000
18,ec.gp.GPIndividual@1329880843{644732679},3C_20_50-02.txt,61.404,0.100,6.140,3,7.297,118.83,2.432,5.219,0.500
18,ec.gp.GPIndividual@1329880843{644732679},3C_20_66-02.txt,154.245,0.100,15.424,4,11.250,72.94,2.813,5.219,0.000
18,ec.gp.GPIndividual@1329880843{644732679},3C_20_80-01.txt,4.194,0.100,0.419,1,1.734,413.49,1.734,5.219,0.000
18,ec.gp.GPIndividual@1329880843{644732679},3C_20_80-03.txt,169.439,0.100,16.944,5,3.750,22.13,0.750,5.219,0.000
18,ec.gp.GPIndividual@1329880843{644732679},3C_20_50-03.txt,30.993,0.100,3.099,2,3.391,109.40,1.695,5.219,0.000
18,ec.gp.GPIndividual@1329880843{644732679},3C_20_66-03.txt,118.340,0.100,11.834,7,10.078,85.16,1.440,5.219,0.000
18,ec.gp.GPIndividual@1329880843{644732679},3C_20_80-02.txt,35.738,0.100,3.574,5,4.484,125.48,0.897,5.219,0.000
18,ec.gp.GPIndividual@1329880843{644732679},3C_20_66-03.txt,118.340,0.100,11.834,5,16.469,139.17,3.294,5.953,0.000
18,ec.gp.GPIndividual@1329880843{644732679},3C_20_80-01.txt,4.194,0.100,0.419,3,0.563,134.10,0.188,5.953,0.000
18,ec.gp.GPIndividual@1329880843{644732679},3C_20_66-01.txt,7.322,0.100,0.732,0,0.000,0.00,0.000,5.953,0.000
18,ec.gp.GPIndividual@1329880843{644732679},3C_20_80-03.txt,169.439,0.100,16.944,2,1.703,10.05,0.852,5.953,0.000
18,ec.gp.GPIndividual@1329880843{644732679},3C_20_66-02.txt,154.245,0.100,15.424,1,1.813,11.75,1.813,5.953,0.000
18,ec.gp.GPIndividual@1343526784{-2145107352},3C_20_50-02.txt,61.404,0.100,6.140,4,6.906,112.47,1.727,4.047,0.313
18,ec.gp.GPIndividual@1343526784{-2145107352},3C_20_80-01.txt,4.194,0.100,0.419,3,1.984,473.09,0.661,4.047,0.000
18,ec.gp.GPIndividual@1343526784{-2145107352},3C_20_50-03.txt,30.993,0.100,3.099,4,8.438,272.24,2.109,4.859,0.000
18,ec.gp.GPIndividual@1343526784{-2145107352},3C_20_80-02.txt,35.738,0.100,3.574,5,3.172,88.75,0.634,4.859,0.000
18,ec.gp.GPIndividual@1343526784{-2145107352},3C_20_66-01.txt,7.322,0.100,0.732,1,1.406,192.05,1.406,4.859,0.000
18,ec.gp.GPIndividual@1343526784{-2145107352},3C_20_66-03.txt,118.340,0.100,11.834,8,12.172,102.86,1.521,5.953,0.000
18,ec.gp.GPIndividual@1343526784{-2145107352},3C_20_66-02.txt,154.245,0.100,15.424,1,0.344,2.23,0.344,5.953,0.000
18,ec.gp.GPIndividual@1806483922{664513076},3C_20_50-02.txt,61.404,0.100,6.140,0,0.000,0.00,0.000,0.000,0.000
18,ec.gp.GPIndividual@1806483922{664513076},3C_20_50-03.txt,30.993,0.100,3.099,0,0.000,0.00,0.000,0.000,0.000
18,ec.gp.GPIndividual@1806483922{664513076},3C_20_66-01.txt,7.322,0.100,0.732,0,0.000,0.00,0.000,0.000,0.000
18,ec.gp.GPIndividual@1806483922{664513076},3C_20_66-02.txt,154.245,0.100,15.424,0,0.000,0.00,0.000,0.000,0.000
18,ec.gp.GPIndividual@1806483922{664513076},3C_20_66-03.txt,118.340,0.100,11.834,0,0.000,0.00,0.000,0.000,0.000
18,ec.gp.GPIndividual@1806483922{664513076},3C_20_80-01.txt,4.194,0.100,0.419,0,0.000,0.00,0.000,0.000,0.000
18,ec.gp.GPIndividual@1806483922{664513076},3C_20_80-02.txt,35.738,0.100,3.574,0,0.000,0.00,0.000,0.000,0.000
18,ec.gp.GPIndividual@1806483922{664513076},3C_20_80-03.txt,169.439,0.100,16.944,0,0.000,0.00,0.000,0.000,0.000
18,ec.gp.GPIndividual@635568910{764211621},3C_20_50-02.txt,61.404,0.100,6.140,6,6.156,100.26,1.026,2.016,0.000
18,ec.gp.GPIndividual@635568910{764211621},3C_20_80-03.txt,169.439,0.100,16.944,2,0.531,3.14,0.266,2.016,0.000
18,ec.gp.GPIndividual@635568910{764211621},3C_20_80-02.txt,35.738,0.100,3.574,3,4.781,133.79,1.594,3.172,0.000
18,ec.gp.GPIndividual@635568910{764211621},3C_20_50-03.txt,30.993,0.100,3.099,4,3.125,100.83,0.781,3.172,0.000
18,ec.gp.GPIndividual@635568910{764211621},3C_20_66-03.txt,118.340,0.100,11.834,7,13.766,116.32,1.967,4.797,0.000
18,ec.gp.GPIndividual@635568910{764211621},3C_20_80-01.txt,4.194,0.100,0.419,2,0.703,167.63,0.352,4.797,0.000
18,ec.gp.GPIndividual@635568910{764211621},3C_20_80-03.txt,169.439,0.100,16.944,13,18.609,109.83,1.431,5.984,0.000
18,ec.gp.GPIndividual@635568910{764211621},3C_20_80-02.txt,35.738,0.100,3.574,1,0.000,0.00,0.000,5.984,0.000
18,ec.gp.GPIndividual@635568910{764211621},3C_20_80-01.txt,4.194,0.100,0.419,2,0.484,115.48,0.242,5.984,0.000
18,ec.gp.GPIndividual@635568910{764211621},3C_20_80-02.txt,35.738,0.100,3.574,1,4.094,114.55,4.094,5.984,0.000
18,ec.gp.GPIndividual@635568910{764211621},3C_20_66-01.txt,7.322,0.100,0.732,2,4.406,601.77,2.203,5.984,0.000
18,ec.gp.GPIndividual@635568910{764211621},3C_20_80-01.txt,4.194,0.100,0.419,3,3.344,797.18,1.115,5.984,0.000
18,ec.gp.GPIndividual@862517111{1317043854},3C_20_50-02.txt,61.404,0.100,6.140,2,0.563,9.16,0.281,0.438,0.125
18,ec.gp.GPIndividual@862517111{1317043854},3C_20_80-02.txt,35.738,0.100,3.574,3,7.750,216.86,2.583,5.797,0.125
18,ec.gp.GPIndividual@94831423{1626161080},3C_20_50-02.txt,61.404,0.100,6.140,1,0.703,11.45,0.703,0.703,0.703
18,ec.gp.GPIndividual@94831423{1626161080},3C_20_80-03.txt,169.439,0.100,16.944,7,9.609,56.71,1.373,2.063,0.469
18,ec.gp.GPIndividual@94831423{1626161080},3C_20_50-03.txt,30.993,0.100,3.099,2,3.234,104.36,1.617,2.063,0.469
18,ec.gp.GPIndividual@94831423{1626161080},3C_20_80-03.txt,169.439,0.100,16.944,1,1.953,11.53,1.953,2.063,0.469
18,ec.gp.GPIndividual@94831423{1626161080},3C_20_50-03.txt,30.993,0.100,3.099,6,4.766,153.77,0.794,2.063,0.000
18,ec.gp.GPIndividual@94831423{1626161080},3C_20_80-03.txt,169.439,0.100,16.944,6,3.578,21.12,0.596,2.063,0.000
18,ec.gp.GPIndividual@94831423{1626161080},3C_20_66-02.txt,154.245,0.100,15.424,3,10.000,64.83,3.333,5.875,0.000
18,ec.gp.GPIndividual@94831423{1626161080},3C_20_66-01.txt,7.322,0.100,0.732,2,2.688,367.04,1.344,5.875,0.000
18,ec.gp.GPIndividual@94831423{1626161080},3C_20_66-03.txt,118.340,0.100,11.834,3,10.406,87.94,3.469,5.938,0.000
18,ec.gp.GPIndividual@94831423{1626161080},3C_20_66-01.txt,7.322,0.100,0.732,2,0.641,87.49,0.320,5.938,0.000
18,ec.gp.GPIndividual@94831423{1626161080},3C_20_66-02.txt,154.245,0.100,15.424,3,12.438,80.63,4.146,6.094,0.000
18,ec.gp.GPIndividual@1371448688{-1444957217},3C_20_50-02.txt,61.404,0.100,6.140,0,0.000,0.00,0.000,0.000,0.000
18,ec.gp.GPIndividual@1371448688{-1444957217},3C_20_50-03.txt,30.993,0.100,3.099,2,3.297,106.38,1.648,2.234,1.063
18,ec.gp.GPIndividual@1371448688{-1444957217},3C_20_66-03.txt,118.340,0.100,11.834,1,0.875,7.39,0.875,2.234,0.875
18,ec.gp.GPIndividual@1371448688{-1444957217},3C_20_66-02.txt,154.245,0.100,15.424,2,3.672,23.81,1.836,2.281,0.875
18,ec.gp.GPIndividual@796645402{-1531815982},3C_20_50-02.txt,61.404,0.100,6.140,4,8.984,146.31,2.246,4.813,0.000
18,ec.gp.GPIndividual@1015881069{-1364867642},3C_20_50-02.txt,61.404,0.100,6.140,11,7.109,115.78,0.646,2.438,0.000
18,ec.gp.GPIndividual@1015881069{-1364867642},3C_20_66-03.txt,118.340,0.100,11.834,2,0.156,1.32,0.078,2.438,0.000
18,ec.gp.GPIndividual@1015881069{-1364867642},3C_20_50-03.txt,30.993,0.100,3.099,3,4.047,130.58,1.349,2.438,0.000
18,ec.gp.GPIndividual@1015881069{-1364867642},3C_20_80-01.txt,4.194,0.100,0.419,5,5.563,1326.15,1.113,4.766,0.000
18,ec.gp.GPIndividual@1015881069{-1364867642},3C_20_50-03.txt,30.993,0.100,3.099,2,4.219,136.12,2.109,4.766,0.000
18,ec.gp.GPIndividual@1015881069{-1364867642},3C_20_66-01.txt,7.322,0.100,0.732,0,0.000,0.00,0.000,4.766,0.000
18,ec.gp.GPIndividual@1015881069{-1364867642},3C_20_66-02.txt,154.245,0.100,15.424,3,3.828,24.82,1.276,4.766,0.000
18,ec.gp.GPIndividual@1015881069{-1364867642},3C_20_80-01.txt,4.194,0.100,0.419,1,1.375,327.81,1.375,4.766,0.000
18,ec.gp.GPIndividual@1015881069{-1364867642},3C_20_66-01.txt,7.322,0.100,0.732,4,0.781,106.70,0.195,4.766,0.000
18,ec.gp.GPIndividual@1015881069{-1364867642},3C_20_66-02.txt,154.245,0.100,15.424,4,4.984,32.31,1.246,4.766,0.000
18,ec.gp.GPIndividual@1015881069{-1364867642},3C_20_66-03.txt,118.340,0.100,11.834,3,7.313,61.79,2.438,4.813,0.000
18,ec.gp.GPIndividual@1015881069{-1364867642},3C_20_80-02.txt,35.738,0.100,3.574,2,6.469,181.00,3.234,4.813,0.000
18,ec.gp.GPIndividual@1015881069{-1364867642},3C_20_66-01.txt,7.322,0.100,0.732,3,0.875,119.50,0.292,4.813,0.000
18,ec.gp.GPIndividual@1015881069{-1364867642},3C_20_66-03.txt,118.340,0.100,11.834,6,7.516,63.51,1.253,4.813,0.000
18,ec.gp.GPIndividual@1015881069{-1364867642},3C_20_80-01.txt,4.194,0.100,0.419,2,0.344,81.95,0.172,4.813,0.000
18,ec.gp.GPIndividual@1015881069{-1364867642},3C_20_80-02.txt,35.738,0.100,3.574,2,3.266,91.38,1.633,4.813,0.000
18,ec.gp.GPIndividual@1015881069{-1364867642},3C_20_80-03.txt,169.439,0.100,16.944,9,17.031,100.52,1.892,4.859,0.000
18,ec.gp.GPIndividual@1015881069{-1364867642},3C_20_80-01.txt,4.194,0.100,0.419,4,0.516,122.93,0.129,4.859,0.000
18,ec.gp.GPIndividual@1015881069{-1364867642},3C_20_80-02.txt,35.738,0.100,3.574,3,4.328,121.11,1.443,4.859,0.000
18,ec.gp.GPIndividual@1015881069{-1364867642},3C_20_66-02.txt,154.245,0.100,15.424,2,0.719,4.66,0.359,4.859,0.000
18,ec.gp.GPIndividual@1015881069{-1364867642},3C_20_80-03.txt,169.439,0.100,16.944,2,2.594,15.31,1.297,4.859,0.000
18,ec.gp.GPIndividual@1015881069{-1364867642},3C_20_80-02.txt,35.738,0.100,3.574,3,6.094,170.51,2.031,4.859,0.000
18,ec.gp.GPIndividual@1015881069{-1364867642},3C_20_80-01.txt,4.194,0.100,0.419,0,0.000,0.00,0.000,4.859,0.000
18,ec.gp.GPIndividual@1015881069{-1364867642},3C_20_80-02.txt,35.738,0.100,3.574,2,6.656,186.25,3.328,5.766,0.000
18,ec.gp.GPIndividual@1097053843{-2084734480},3C_20_50-02.txt,61.404,0.100,6.140,6,7.344,119.60,1.224,2.234,0.344
18,ec.gp.GPIndividual@1097053843{-2084734480},3C_20_80-03.txt,169.439,0.100,16.944,9,19.219,113.43,2.135,5.563,0.344
18,ec.gp.GPIndividual@1097053843{-2084734480},3C_20_50-03.txt,30.993,0.100,3.099,5,3.828,123.52,0.766,5.563,0.000
18,ec.gp.GPIndividual@1097053843{-2084734480},3C_20_80-03.txt,169.439,0.100,16.944,2,0.344,2.03,0.172,5.563,0.000
18,ec.gp.GPIndividual@1204383851{-2113517267},3C_20_50-02.txt,61.404,0.100,6.140,8,6.172,100.51,0.771,1.766,0.000
18,ec.gp.GPIndividual@1204383851{-2113517267},3C_20_66-03.txt,118.340,0.100,11.834,4,7.297,61.66,1.824,6.031,0.000
18,ec.gp.GPIndividual@2130751315{-1210748251},3C_20_50-02.txt,61.404,0.100,6.140,7,7.375,120.11,1.054,1.766,0.000
18,ec.gp.GPIndividual@2130751315{-1210748251},3C_20_50-03.txt,30.993,0.100,3.099,2,0.328,10.59,0.164,1.766,0.000
18,ec.gp.GPIndividual@2130751315{-1210748251},3C_20_50-03.txt,30.993,0.100,3.099,5,3.531,113.94,0.706,1.766,0.000
18,ec.gp.GPIndividual@2130751315{-1210748251},3C_20_66-01.txt,7.322,0.100,0.732,2,1.047,142.97,0.523,1.766,0.000
18,ec.gp.GPIndividual@2130751315{-1210748251},3C_20_80-03.txt,169.439,0.100,16.944,5,6.563,38.73,1.313,5.922,0.000
18,ec.gp.GPIndividual@2130751315{-1210748251},3C_20_66-01.txt,7.322,0.100,0.732,1,3.969,542.02,3.969,5.922,0.000
18,ec.gp.GPIndividual@2130751315{-1210748251},3C_20_66-01.txt,7.322,0.100,0.732,2,0.906,123.77,0.453,5.922,0.000
18,ec.gp.GPIndividual@2130751315{-1210748251},3C_20_66-02.txt,154.245,0.100,15.424,7,13.469,87.32,1.924,5.922,0.000
18,ec.gp.GPIndividual@2130751315{-1210748251},3C_20_66-02.txt,154.245,0.100,15.424,5,17.563,113.86,3.513,5.922,0.000
18,ec.gp.GPIndividual@1872456150{-218843445},3C_20_50-02.txt,61.404,0.100,6.140,9,6.141,100.00,0.682,2.469,0.000
18,ec.gp.GPIndividual@1872456150{-218843445},3C_20_66-02.txt,154.245,0.100,15.424,10,13.922,90.26,1.392,4.484,0.000
18,ec.gp.GPIndividual@1872456150{-218843445},3C_20_66-03.txt,118.340,0.100,11.834,7,4.219,35.65,0.603,4.484,0.000
18,ec.gp.GPIndividual@1872456150{-218843445},3C_20_50-03.txt,30.993,0.100,3.099,5,2.047,66.04,0.409,4.484,0.000
18,ec.gp.GPIndividual@170117802{-1462221638},3C_20_50-02.txt,61.404,0.100,6.140,4,7.375,120.11,1.844,4.234,0.359
18,ec.gp.GPIndividual@170117802{-1462221638},3C_20_80-01.txt,4.194,0.100,0.419,4,0.516,122.93,0.129,4.234,0.000
18,ec.gp.GPIndividual@170117802{-1462221638},3C_20_80-02.txt,35.738,0.100,3.574,3,5.344,149.53,1.781,4.234,0.000
18,ec.gp.GPIndividual@170117802{-1462221638},3C_20_66-03.txt,118.340,0.100,11.834,1,1.906,16.11,1.906,4.234,0.000
18,ec.gp.GPIndividual@170117802{-1462221638},3C_20_50-03.txt,30.993,0.100,3.099,2,3.438,110.91,1.719,4.234,0.000
18,ec.gp.GPIndividual@170117802{-1462221638},3C_20_80-03.txt,169.439,0.100,16.944,10,19.688,116.19,1.969,4.781,0.000
18,ec.gp.GPIndividual@170117802{-1462221638},3C_20_80-01.txt,4.194,0.100,0.419,1,4.281,1020.69,4.281,4.781,0.000
18,ec.gp.GPIndividual@170117802{-1462221638},3C_20_80-01.txt,4.194,0.100,0.419,2,0.484,115.48,0.242,4.781,0.000
18,ec.gp.GPIndividual@170117802{-1462221638},3C_20_80-02.txt,35.738,0.100,3.574,1,3.891,108.86,3.891,4.781,0.000
18,ec.gp.GPIndividual@170117802{-1462221638},3C_20_66-01.txt,7.322,0.100,0.732,1,0.938,128.04,0.938,4.781,0.000
18,ec.gp.GPIndividual@170117802{-1462221638},3C_20_66-01.txt,7.322,0.100,0.732,5,0.875,119.50,0.175,4.781,0.000
18,ec.gp.GPIndividual@170117802{-1462221638},3C_20_80-02.txt,35.738,0.100,3.574,2,2.578,72.14,1.289,4.781,0.000
18,ec.gp.GPIndividual@170117802{-1462221638},3C_20_66-03.txt,118.340,0.100,11.834,7,11.500,97.18,1.643,5.953,0.000
18,ec.gp.GPIndividual@170117802{-1462221638},3C_20_66-02.txt,154.245,0.100,15.424,1,0.328,2.13,0.328,5.953,0.000
18,ec.gp.GPIndividual@170117802{-1462221638},3C_20_80-03.txt,169.439,0.100,16.944,11,17.406,102.73,1.582,5.953,0.000
18,ec.gp.GPIndividual@170117802{-1462221638},3C_20_66-02.txt,154.245,0.100,15.424,5,3.203,20.77,0.641,5.953,0.000
18,ec.gp.GPIndividual@170117802{-1462221638},3C_20_66-03.txt,118.340,0.100,11.834,4,14.516,122.66,3.629,5.953,0.000
18,ec.gp.GPIndividual@170117802{-1462221638},3C_20_80-03.txt,169.439,0.100,16.944,9,20.203,119.24,2.245,6.141,0.000
18,ec.gp.GPIndividual@170117802{-1462221638},3C_20_80-01.txt,4.194,0.100,0.419,1,0.719,171.36,0.719,6.141,0.000
18,ec.gp.GPIndividual@170117802{-1462221638},3C_20_80-01.txt,4.194,0.100,0.419,2,1.609,383.69,0.805,6.141,0.000
18,ec.gp.GPIndividual@170117802{-1462221638},3C_20_66-03.txt,118.340,0.100,11.834,6,7.453,62.98,1.242,6.141,0.000
18,ec.gp.GPIndividual@135212138{-137743398},3C_20_50-02.txt,61.404,0.100,6.140,2,9.813,159.80,4.906,6.016,3.797
18,ec.gp.GPIndividual@1860304864{1703751436},3C_20_50-02.txt,61.404,0.100,6.140,10,7.953,129.52,0.795,1.766,0.000
18,ec.gp.GPIndividual@1860304864{1703751436},3C_20_80-02.txt,35.738,0.100,3.574,2,1.609,45.03,0.805,1.766,0.000
18,ec.gp.GPIndividual@1860304864{1703751436},3C_20_80-02.txt,35.738,0.100,3.574,4,3.141,87.88,0.785,2.438,0.000
18,ec.gp.GPIndividual@951000353{-1576971851},3C_20_50-02.txt,61.404,0.100,6.140,7,1.813,29.52,0.259,0.453,0.000
18,ec.gp.GPIndividual@951000353{-1576971851},3C_20_50-03.txt,30.993,0.100,3.099,1,4.813,155.28,4.813,4.813,0.000
18,ec.gp.GPIndividual@951000353{-1576971851},3C_20_80-01.txt,4.194,0.100,0.419,2,0.438,104.30,0.219,4.813,0.000
18,ec.gp.GPIndividual@951000353{-1576971851},3C_20_50-03.txt,30.993,0.100,3.099,5,3.313,106.88,0.663,4.813,0.000
18,ec.gp.GPIndividual@951000353{-1576971851},3C_20_80-03.txt,169.439,0.100,16.944,4,4.375,25.82,1.094,4.813,0.000
18,ec.gp.GPIndividual@951000353{-1576971851},3C_20_50-03.txt,30.993,0.100,3.099,4,3.969,128.05,0.992,4.813,0.000
18,ec.gp.GPIndividual@951000353{-1576971851},3C_20_80-03.txt,169.439,0.100,16.944,7,18.641,110.01,2.663,6.344,0.000
18,ec.gp.GPIndividual@1713260258{-1470992624},3C_20_50-02.txt,61.404,0.100,6.140,2,4.344,70.74,2.172,4.344,0.000
18,ec.gp.GPIndividual@1713260258{-1470992624},3C_20_66-01.txt,7.322,0.100,0.732,3,0.844,115.23,0.281,4.344,0.000
18,ec.gp.GPIndividual@1713260258{-1470992624},3C_20_50-03.txt,30.993,0.100,3.099,7,2.875,92.76,0.411,4.344,0.000
18,ec.gp.GPIndividual@1713260258{-1470992624},3C_20_66-01.txt,7.322,0.100,0.732,1,3.797,518.54,3.797,4.344,0.000
18,ec.gp.GPIndividual@1713260258{-1470992624},3C_20_80-02.txt,35.738,0.100,3.574,2,5.953,166.58,2.977,5.953,0.000
18,ec.gp.GPIndividual@2035302314{730671880},3C_20_50-02.txt,61.404,0.100,6.140,3,0.719,11.71,0.240,0.359,0.000
18,ec.gp.GPIndividual@2035302314{730671880},3C_20_66-02.txt,154.245,0.100,15.424,2,1.750,11.35,0.875,1.297,0.000
18,ec.gp.GPIndividual@2035302314{730671880},3C_20_50-03.txt,30.993,0.100,3.099,1,3.734,120.49,3.734,3.734,0.000
18,ec.gp.GPIndividual@2035302314{730671880},3C_20_66-01.txt,7.322,0.100,0.732,3,1.516,206.99,0.505,3.734,0.000
18,ec.gp.GPIndividual@2035302314{730671880},3C_20_66-02.txt,154.245,0.100,15.424,3,3.047,19.75,1.016,3.734,0.000
18,ec.gp.GPIndividual@2035302314{730671880},3C_20_66-01.txt,7.322,0.100,0.732,1,0.344,46.95,0.344,3.734,0.000
18,ec.gp.GPIndividual@2035302314{730671880},3C_20_66-02.txt,154.245,0.100,15.424,5,9.984,64.73,1.997,3.734,0.000
18,ec.gp.GPIndividual@2035302314{730671880},3C_20_66-03.txt,118.340,0.100,11.834,4,9.359,79.09,2.340,4.328,0.000
18,ec.gp.GPIndividual@2035302314{730671880},3C_20_66-03.txt,118.340,0.100,11.834,14,11.734,99.16,0.838,4.328,0.000
18,ec.gp.GPIndividual@2035302314{730671880},3C_20_66-02.txt,154.245,0.100,15.424,5,1.531,9.93,0.306,4.328,0.000
18,ec.gp.GPIndividual@2035302314{730671880},3C_20_66-01.txt,7.322,0.100,0.732,3,2.031,277.41,0.677,4.328,0.000
18,ec.gp.GPIndividual@2035302314{730671880},3C_20_66-03.txt,118.340,0.100,11.834,3,10.031,84.77,3.344,4.891,0.000
18,ec.gp.GPIndividual@2035302314{730671880},3C_20_80-01.txt,4.194,0.100,0.419,1,0.328,78.23,0.328,4.891,0.000
18,ec.gp.GPIndividual@2035302314{730671880},3C_20_80-02.txt,35.738,0.100,3.574,2,3.703,103.62,1.852,4.891,0.000
18,ec.gp.GPIndividual@2035302314{730671880},3C_20_66-03.txt,118.340,0.100,11.834,4,2.484,20.99,0.621,4.891,0.000
18,ec.gp.GPIndividual@2035302314{730671880},3C_20_80-03.txt,169.439,0.100,16.944,1,2.813,16.60,2.813,4.891,0.000
18,ec.gp.GPIndividual@2035302314{730671880},3C_20_80-01.txt,4.194,0.100,0.419,2,1.422,338.99,0.711,4.891,0.000
18,ec.gp.GPIndividual@2035302314{730671880},3C_20_66-02.txt,154.245,0.100,15.424,5,12.281,79.62,2.456,6.203,0.000
18,ec.gp.GPIndividual@2035302314{730671880},3C_20_80-02.txt,35.738,0.100,3.574,3,7.672,214.67,2.557,6.203,0.000
18,ec.gp.GPIndividual@2035302314{730671880},3C_20_66-03.txt,118.340,0.100,11.834,2,1.938,16.37,0.969,6.203,0.000
18,ec.gp.GPIndividual@2035302314{730671880},3C_20_80-03.txt,169.439,0.100,16.944,3,7.344,43.34,2.448,6.203,0.000
18,ec.gp.GPIndividual@78179971{302377376},3C_20_50-02.txt,61.404,0.100,6.140,3,7.203,117.31,2.401,4.641,0.000
18,ec.gp.GPIndividual@1364491207{1104191691},3C_20_50-02.txt,61.404,0.100,6.140,1,0.000,0.00,0.000,0.000,0.000
18,ec.gp.GPIndividual@1364491207{1104191691},3C_20_50-03.txt,30.993,0.100,3.099,1,0.000,0.00,0.000,0.000,0.000
18,ec.gp.GPIndividual@1364491207{1104191691},3C_20_66-01.txt,7.322,0.100,0.732,1,0.000,0.00,0.000,0.000,0.000
18,ec.gp.GPIndividual@1364491207{1104191691},3C_20_66-02.txt,154.245,0.100,15.424,1,0.000,0.00,0.000,0.000,0.000
18,ec.gp.GPIndividual@1364491207{1104191691},3C_20_66-03.txt,118.340,0.100,11.834,1,0.000,0.00,0.000,0.000,0.000
18,ec.gp.GPIndividual@1364491207{1104191691},3C_20_80-01.txt,4.194,0.100,0.419,1,0.000,0.00,0.000,0.000,0.000
18,ec.gp.GPIndividual@1364491207{1104191691},3C_20_80-02.txt,35.738,0.100,3.574,1,0.000,0.00,0.000,0.000,0.000
18,ec.gp.GPIndividual@1364491207{1104191691},3C_20_80-03.txt,169.439,0.100,16.944,1,0.000,0.00,0.000,0.000,0.000
18,ec.gp.GPIndividual@1896604487{-435795140},3C_20_50-02.txt,61.404,0.100,6.140,4,5.078,82.70,1.270,4.766,0.000
18,ec.gp.GPIndividual@1896604487{-435795140},3C_20_80-02.txt,35.738,0.100,3.574,3,0.516,14.43,0.172,4.766,0.000
18,ec.gp.GPIndividual@1896604487{-435795140},3C_20_66-02.txt,154.245,0.100,15.424,14,9.844,63.82,0.703,4.766,0.000
18,ec.gp.GPIndividual@1896604487{-435795140},3C_20_50-03.txt,30.993,0.100,3.099,6,3.984,128.56,0.664,4.766,0.000
18,ec.gp.GPIndividual@1896604487{-435795140},3C_20_66-01.txt,7.322,0.100,0.732,3,0.766,104.56,0.255,4.766,0.000
18,ec.gp.GPIndividual@1896604487{-435795140},3C_20_80-03.txt,169.439,0.100,16.944,8,6.563,38.73,0.820,4.766,0.000
18,ec.gp.GPIndividual@1896604487{-435795140},3C_20_80-03.txt,169.439,0.100,16.944,9,17.016,100.42,1.891,4.766,0.000
18,ec.gp.GPIndividual@2009738386{969928721},3C_20_50-02.txt,61.404,0.100,6.140,4,6.516,106.11,1.629,6.203,0.000
18,ec.gp.GPIndividual@2009738386{969928721},3C_20_66-03.txt,118.340,0.100,11.834,5,8.344,70.51,1.669,6.203,0.000
18,ec.gp.GPIndividual@549649264{-1255597704},3C_20_50-02.txt,61.404,0.100,6.140,8,6.547,106.62,0.818,3.844,0.000
18,ec.gp.GPIndividual@549649264{-1255597704},3C_20_66-03.txt,118.340,0.100,11.834,4,0.172,1.45,0.043,3.844,0.000
18,ec.gp.GPIndividual@549649264{-1255597704},3C_20_50-03.txt,30.993,0.100,3.099,3,1.891,61.00,0.630,3.844,0.000
18,ec.gp.GPIndividual@549649264{-1255597704},3C_20_66-03.txt,118.340,0.100,11.834,8,11.969,101.14,1.496,3.844,0.000
18,ec.gp.GPIndividual@549649264{-1255597704},3C_20_80-01.txt,4.194,0.100,0.419,4,0.578,137.83,0.145,3.844,0.000
18,ec.gp.GPIndividual@549649264{-1255597704},3C_20_80-01.txt,4.194,0.100,0.419,4,0.469,111.75,0.117,3.844,0.000
18,ec.gp.GPIndividual@549649264{-1255597704},3C_20_80-02.txt,35.738,0.100,3.574,6,2.938,82.20,0.490,3.844,0.000
18,ec.gp.GPIndividual@549649264{-1255597704},3C_20_66-01.txt,7.322,0.100,0.732,5,0.750,102.43,0.150,3.844,0.000
18,ec.gp.GPIndividual@549649264{-1255597704},3C_20_80-02.txt,35.738,0.100,3.574,8,3.844,107.55,0.480,3.844,0.000
18,ec.gp.GPIndividual@549649264{-1255597704},3C_20_66-02.txt,154.245,0.100,15.424,17,16.078,104.24,0.946,4.594,0.000
18,ec.gp.GPIndividual@549649264{-1255597704},3C_20_80-03.txt,169.439,0.100,16.944,4,4.266,25.17,1.066,4.594,0.000
18,ec.gp.GPIndividual@549649264{-1255597704},3C_20_80-03.txt,169.439,0.100,16.944,8,21.313,125.78,2.664,5.891,0.000
18,ec.gp.GPIndividual@57519699{-201563182},3C_20_50-02.txt,61.404,0.100,6.140,6,2.906,47.33,0.484,2.563,0.000
18,ec.gp.GPIndividual@57519699{-201563182},3C_20_66-03.txt,118.340,0.100,11.834,9,1.422,12.02,0.158,2.563,0.000
18,ec.gp.GPIndividual@57519699{-201563182},3C_20_50-03.txt,30.993,0.100,3.099,4,4.859,156.79,1.215,2.563,0.000
18,ec.gp.GPIndividual@57519699{-201563182},3C_20_80-01.txt,4.194,0.100,0.419,3,0.328,78.23,0.109,2.563,0.000
18,ec.gp.GPIndividual@98030193{146324217},3C_20_50-02.txt,61.404,0.100,6.140,8,6.219,101.28,0.777,1.734,0.125
18,ec.gp.GPIndividual@98030193{146324217},3C_20_50-03.txt,30.993,0.100,3.099,7,3.844,124.02,0.549,1.734,0.000
18,ec.gp.GPIndividual@98030193{146324217},3C_20_80-02.txt,35.738,0.100,3.574,6,3.031,84.82,0.505,1.734,0.000
18,ec.gp.GPIndividual@98030193{146324217},3C_20_66-01.txt,7.322,0.100,0.732,3,0.859,117.37,0.286,1.734,0.000
18,ec.gp.GPIndividual@98030193{146324217},3C_20_80-03.txt,169.439,0.100,16.944,14,8.719,51.46,0.623,2.313,0.000
18,ec.gp.GPIndividual@98030193{146324217},3C_20_66-02.txt,154.245,0.100,15.424,10,16.594,107.58,1.659,3.734,0.000
18,ec.gp.GPIndividual@1961946224{588849653},3C_20_50-02.txt,61.404,0.100,6.140,1,0.188,3.05,0.188,0.188,0.188
18,ec.gp.GPIndividual@1961946224{588849653},3C_20_50-03.txt,30.993,0.100,3.099,5,3.063,98.81,0.613,2.109,0.000
18,ec.gp.GPIndividual@1961946224{588849653},3C_20_66-01.txt,7.322,0.100,0.732,6,0.641,87.49,0.107,2.109,0.000
18,ec.gp.GPIndividual@1961946224{588849653},3C_20_66-03.txt,118.340,0.100,11.834,4,2.141,18.09,0.535,2.109,0.000
18,ec.gp.GPIndividual@1961946224{588849653},3C_20_66-01.txt,7.322,0.100,0.732,1,0.328,44.81,0.328,2.109,0.000
18,ec.gp.GPIndividual@1961946224{588849653},3C_20_66-02.txt,154.245,0.100,15.424,3,2.156,13.98,0.719,2.109,0.000
18,ec.gp.GPIndividual@1961946224{588849653},3C_20_66-03.txt,118.340,0.100,11.834,5,8.656,73.15,1.731,2.641,0.000
18,ec.gp.GPIndividual@1961946224{588849653},3C_20_80-01.txt,4.194,0.100,0.419,1,0.172,40.98,0.172,2.641,0.000
18,ec.gp.GPIndividual@1961946224{588849653},3C_20_80-02.txt,35.738,0.100,3.574,1,4.547,127.23,4.547,4.547,0.000
18,ec.gp.GPIndividual@1961946224{588849653},3C_20_66-02.txt,154.245,0.100,15.424,4,4.281,27.76,1.070,4.547,0.000
18,ec.gp.GPIndividual@1961946224{588849653},3C_20_80-03.txt,169.439,0.100,16.944,10,13.516,79.77,1.352,5.063,0.000
18,ec.gp.GPIndividual@1961946224{588849653},3C_20_80-01.txt,4.194,0.100,0.419,5,5.078,1210.67,1.016,5.063,0.000
18,ec.gp.GPIndividual@1074917089{-529739187},3C_20_50-02.txt,61.404,0.100,6.140,1,0.000,0.00,0.000,0.000,0.000
18,ec.gp.GPIndividual@1074917089{-529739187},3C_20_50-03.txt,30.993,0.100,3.099,1,0.000,0.00,0.000,0.000,0.000
18,ec.gp.GPIndividual@1074917089{-529739187},3C_20_66-01.txt,7.322,0.100,0.732,1,0.000,0.00,0.000,0.000,0.000
18,ec.gp.GPIndividual@1074917089{-529739187},3C_20_66-02.txt,154.245,0.100,15.424,1,0.000,0.00,0.000,0.000,0.000
18,ec.gp.GPIndividual@1074917089{-529739187},3C_20_66-03.txt,118.340,0.100,11.834,1,0.000,0.00,0.000,0.000,0.000
18,ec.gp.GPIndividual@1074917089{-529739187},3C_20_80-01.txt,4.194,0.100,0.419,1,0.000,0.00,0.000,0.000,0.000
18,ec.gp.GPIndividual@1074917089{-529739187},3C_20_80-02.txt,35.738,0.100,3.574,1,0.000,0.00,0.000,0.000,0.000
18,ec.gp.GPIndividual@1074917089{-529739187},3C_20_80-03.txt,169.439,0.100,16.944,1,0.000,0.00,0.000,0.000,0.000
18,ec.gp.GPIndividual@254532733{-1973613004},3C_20_50-02.txt,61.404,0.100,6.140,10,0.469,7.63,0.047,0.234,0.000
18,ec.gp.GPIndividual@254532733{-1973613004},3C_20_50-03.txt,30.993,0.100,3.099,9,2.781,89.74,0.309,0.984,0.000
18,ec.gp.GPIndividual@254532733{-1973613004},3C_20_66-01.txt,7.322,0.100,0.732,9,0.672,91.76,0.075,0.984,0.000
18,ec.gp.GPIndividual@254532733{-1973613004},3C_20_66-02.txt,154.245,0.100,15.424,13,13.516,87.62,1.040,5.297,0.000
18,ec.gp.GPIndividual@254532733{-1973613004},3C_20_66-03.txt,118.340,0.100,11.834,11,11.031,93.22,1.003,5.297,0.000
18,ec.gp.GPIndividual@254532733{-1973613004},3C_20_80-01.txt,4.194,0.100,0.419,8,0.422,100.58,0.053,5.297,0.000
18,ec.gp.GPIndividual@254532733{-1973613004},3C_20_80-02.txt,35.738,0.100,3.574,13,3.297,92.25,0.254,5.297,0.000
18,ec.gp.GPIndividual@254532733{-1973613004},3C_20_80-03.txt,169.439,0.100,16.944,9,14.875,87.79,1.653,6.469,0.000
19,ec.gp.GPIndividual@1700697703{1600483024},3C_20_50-02.txt,61.404,0.100,6.140,1,0.000,0.00,0.000,0.000,0.000
19,ec.gp.GPIndividual@1700697703{1600483024},3C_20_50-03.txt,30.993,0.100,3.099,1,0.000,0.00,0.000,0.000,0.000
19,ec.gp.GPIndividual@1700697703{1600483024},3C_20_66-01.txt,7.322,0.100,0.732,0,0.000,0.00,0.000,0.000,0.000
19,ec.gp.GPIndividual@1700697703{1600483024},3C_20_66-02.txt,154.245,0.100,15.424,0,0.000,0.00,0.000,0.000,0.000
19,ec.gp.GPIndividual@1700697703{1600483024},3C_20_66-03.txt,118.340,0.100,11.834,0,0.000,0.00,0.000,0.000,0.000
19,ec.gp.GPIndividual@1700697703{1600483024},3C_20_80-01.txt,4.194,0.100,0.419,0,0.000,0.00,0.000,0.000,0.000
19,ec.gp.GPIndividual@1700697703{1600483024},3C_20_80-02.txt,35.738,0.100,3.574,0,0.000,0.00,0.000,0.000,0.000
19,ec.gp.GPIndividual@1700697703{1600483024},3C_20_80-03.txt,169.439,0.100,16.944,0,0.000,0.00,0.000,0.000,0.000
19,ec.gp.GPIndividual@358784597{380214922},3C_20_50-02.txt,61.404,0.100,6.140,10,7.891,128.50,0.789,1.859,0.094
19,ec.gp.GPIndividual@358784597{380214922},3C_20_50-03.txt,30.993,0.100,3.099,2,1.859,59.99,0.930,1.859,0.000
19,ec.gp.GPIndividual@358784597{380214922},3C_20_50-03.txt,30.993,0.100,3.099,7,3.531,113.94,0.504,1.859,0.000
19,ec.gp.GPIndividual@358784597{380214922},3C_20_50-03.txt,30.993,0.100,3.099,1,0.000,0.00,0.000,1.859,0.000
19,ec.gp.GPIndividual@358784597{380214922},3C_20_50-03.txt,30.993,0.100,3.099,9,0.969,31.26,0.108,1.859,0.000
19,ec.gp.GPIndividual@358784597{380214922},3C_20_50-03.txt,30.993,0.100,3.099,4,3.156,101.84,0.789,1.859,0.000
19,ec.gp.GPIndividual@358784597{380214922},3C_20_50-03.txt,30.993,0.100,3.099,7,3.375,108.90,0.482,1.859,0.000
19,ec.gp.GPIndividual@358784597{380214922},3C_20_66-01.txt,7.322,0.100,0.732,4,1.875,256.07,0.469,1.859,0.000
19,ec.gp.GPIndividual@358784597{380214922},3C_20_66-01.txt,7.322,0.100,0.732,5,2.188,298.75,0.438,1.859,0.000
19,ec.gp.GPIndividual@358784597{380214922},3C_20_66-01.txt,7.322,0.100,0.732,2,2.641,360.63,1.320,1.859,0.000
19,ec.gp.GPIndividual@358784597{380214922},3C_20_66-01.txt,7.322,0.100,0.732,6,1.219,166.45,0.203,1.859,0.000
19,ec.gp.GPIndividual@358784597{380214922},3C_20_66-01.txt,7.322,0.100,0.732,4,1.219,166.45,0.305,1.859,0.000
19,ec.gp.GPIndividual@358784597{380214922},3C_20_66-02.txt,154.245,0.100,15.424,7,3.438,22.29,0.491,1.859,0.000
19,ec.gp.GPIndividual@358784597{380214922},3C_20_66-02.txt,154.245,0.100,15.424,7,14.359,93.09,2.051,3.766,0.000
19,ec.gp.GPIndividual@358784597{380214922},3C_20_66-03.txt,118.340,0.100,11.834,3,8.922,75.39,2.974,6.219,0.000
19,ec.gp.GPIndividual@358784597{380214922},3C_20_66-02.txt,154.245,0.100,15.424,9,14.766,95.73,1.641,6.219,0.000
19,ec.gp.GPIndividual@358784597{380214922},3C_20_66-03.txt,118.340,0.100,11.834,6,13.000,109.85,2.167,6.219,0.000
19,ec.gp.GPIndividual@358784597{380214922},3C_20_80-01.txt,4.194,0.100,0.419,0,0.000,0.00,0.000,6.219,0.000
19,ec.gp.GPIndividual@358784597{380214922},3C_20_66-03.txt,118.340,0.100,11.834,9,11.047,93.35,1.227,6.219,0.000
19,ec.gp.GPIndividual@358784597{380214922},3C_20_80-02.txt,35.738,0.100,3.574,2,0.891,24.92,0.445,6.219,0.000
19,ec.gp.GPIndividual@358784597{380214922},3C_20_66-02.txt,154.245,0.100,15.424,3,3.172,20.56,1.057,6.219,0.000
19,ec.gp.GPIndividual@358784597{380214922},3C_20_66-02.txt,154.245,0.100,15.424,5,8.734,56.63,1.747,6.219,0.000
19,ec.gp.GPIndividual@358784597{380214922},3C_20_66-01.txt,7.322,0.100,0.732,2,0.328,44.81,0.164,6.219,0.000
19,ec.gp.GPIndividual@358784597{380214922},3C_20_80-03.txt,169.439,0.100,16.944,11,19.984,117.94,1.817,6.219,0.000
19,ec.gp.GPIndividual@358784597{380214922},3C_20_80-01.txt,4.194,0.100,0.419,2,1.453,346.44,0.727,6.219,0.000
19,ec.gp.GPIndividual@358784597{380214922},3C_20_66-03.txt,118.340,0.100,11.834,8,9.359,79.09,1.170,6.219,0.000
19,ec.gp.GPIndividual@358784597{380214922},3C_20_80-02.txt,35.738,0.100,3.574,3,6.984,195.43,2.328,6.219,0.000
19,ec.gp.GPIndividual@995972709{1184708763},3C_20_50-02.txt,61.404,0.100,6.140,6,6.547,106.62,1.091,2.078,0.000
19,ec.gp.GPIndividual@995972709{1184708763},3C_20_80-03.txt,169.439,0.100,16.944,12,18.297,107.99,1.525,4.813,0.000
19,ec.gp.GPIndividual@995972709{1184708763},3C_20_50-03.txt,30.993,0.100,3.099,7,2.891,93.27,0.413,4.813,0.000
19,ec.gp.GPIndividual@995972709{1184708763},3C_20_66-03.txt,118.340,0.100,11.834,5,15.531,131.24,3.106,6.625,0.000
19,ec.gp.GPIndividual@995972709{1184708763},3C_20_80-01.txt,4.194,0.100,0.419,3,6.266,1493.78,2.089,6.625,0.000
19,ec.gp.GPIndividual@995972709{1184708763},3C_20_66-02.txt,154.245,0.100,15.424,4,2.953,19.15,0.738,6.625,0.000
19,ec.gp.GPIndividual@995972709{1184708763},3C_20_66-01.txt,7.322,0.100,0.732,2,1.750,239.00,0.875,6.625,0.000
19,ec.gp.GPIndividual@874561276{110030804},3C_20_50-02.txt,61.404,0.100,6.140,8,6.641,108.15,0.830,2.406,0.000
19,ec.gp.GPIndividual@874561276{110030804},3C_20_80-02.txt,35.738,0.100,3.574,5,7.641,213.79,1.528,4.844,0.000
19,ec.gp.GPIndividual@874561276{110030804},3C_20_50-03.txt,30.993,0.100,3.099,3,1.375,44.37,0.458,4.844,0.000
19,ec.gp.GPIndividual@874561276{110030804},3C_20_66-02.txt,154.245,0.100,15.424,11,15.000,97.25,1.364,4.844,0.000
19,ec.gp.GPIndividual@874561276{110030804},3C_20_66-03.txt,118.340,0.100,11.834,7,13.672,115.53,1.953,4.844,0.000
19,ec.gp.GPIndividual@874561276{110030804},3C_20_80-01.txt,4.194,0.100,0.419,4,2.125,506.62,0.531,4.844,0.000
19,ec.gp.GPIndividual@874561276{110030804},3C_20_66-03.txt,118.340,0.100,11.834,7,13.266,112.10,1.895,4.844,0.000
19,ec.gp.GPIndividual@874561276{110030804},3C_20_80-01.txt,4.194,0.100,0.419,3,0.344,81.95,0.115,4.844,0.000
19,ec.gp.GPIndividual@874561276{110030804},3C_20_80-02.txt,35.738,0.100,3.574,6,3.375,94.44,0.563,4.844,0.000
19,ec.gp.GPIndividual@874561276{110030804},3C_20_80-03.txt,169.439,0.100,16.944,12,17.719,104.57,1.477,4.891,0.000
19,ec.gp.GPIndividual@874561276{110030804},3C_20_80-02.txt,35.738,0.100,3.574,3,2.813,78.70,0.938,4.891,0.000
19,ec.gp.GPIndividual@874561276{110030804},3C_20_80-03.txt,169.439,0.100,16.944,7,18.078,106.69,2.583,5.656,0.000
19,ec.gp.GPIndividual@874561276{110030804},3C_20_80-03.txt,169.439,0.100,16.944,5,7.094,41.87,1.419,5.656,0.000
19,ec.gp.GPIndividual@874561276{110030804},3C_20_66-01.txt,7.322,0.100,0.732,5,4.828,659.38,0.966,5.656,0.000
19,ec.gp.GPIndividual@874561276{110030804},3C_20_80-01.txt,4.194,0.100,0.419,4,0.625,149.01,0.156,5.656,0.000
19,ec.gp.GPIndividual@874561276{110030804},3C_20_66-02.txt,154.245,0.100,15.424,7,18.031,116.90,2.576,6.406,0.000
19,ec.gp.GPIndividual@1102071009{-112807581},3C_20_50-02.txt,61.404,0.100,6.140,3,9.156,149.11,3.052,6.672,1.063
19,ec.gp.GPIndividual@1097808537{1801927422},3C_20_50-02.txt,61.404,0.100,6.140,6,6.328,103.06,1.055,5.156,0.000
19,ec.gp.GPIndividual@1097808537{1801927422},3C_20_50-03.txt,30.993,0.100,3.099,4,3.891,125.53,0.973,5.156,0.000
19,ec.gp.GPIndividual@10637093{1763796591},3C_20_50-02.txt,61.404,0.100,6.140,7,7.203,117.31,1.029,1.594,0.000
19,ec.gp.GPIndividual@10637093{1763796591},3C_20_80-01.txt,4.194,0.100,0.419,4,0.594,141.55,0.148,1.594,0.000
19,ec.gp.GPIndividual@10637093{1763796591},3C_20_80-02.txt,35.738,0.100,3.574,5,0.781,21.86,0.156,1.594,0.000
19,ec.gp.GPIndividual@10637093{1763796591},3C_20_50-03.txt,30.993,0.100,3.099,5,4.641,149.73,0.928,1.750,0.000
19,ec.gp.GPIndividual@10637093{1763796591},3C_20_80-02.txt,35.738,0.100,3.574,4,1.281,35.85,0.320,1.750,0.000
19,ec.gp.GPIndividual@10637093{1763796591},3C_20_66-03.txt,118.340,0.100,11.834,7,4.703,39.74,0.672,1.750,0.000
19,ec.gp.GPIndividual@10637093{1763796591},3C_20_50-03.txt,30.993,0.100,3.099,4,3.609,116.46,0.902,1.750,0.000
19,ec.gp.GPIndividual@10637093{1763796591},3C_20_66-01.txt,7.322,0.100,0.732,4,1.000,136.57,0.250,1.750,0.000
19,ec.gp.GPIndividual@10637093{1763796591},3C_20_80-03.txt,169.439,0.100,16.944,6,6.219,36.70,1.036,3.109,0.000
19,ec.gp.GPIndividual@10637093{1763796591},3C_20_66-01.txt,7.322,0.100,0.732,1,3.109,424.65,3.109,3.109,0.000
19,ec.gp.GPIndividual@10637093{1763796591},3C_20_66-01.txt,7.322,0.100,0.732,4,1.094,149.37,0.273,3.109,0.000
19,ec.gp.GPIndividual@10637093{1763796591},3C_20_66-02.txt,154.245,0.100,15.424,7,12.578,81.55,1.797,4.891,0.000
19,ec.gp.GPIndividual@10637093{1763796591},3C_20_66-02.txt,154.245,0.100,15.424,4,16.844,109.20,4.211,6.797,0.000
19,ec.gp.GPIndividual@10637093{1763796591},3C_20_66-02.txt,154.245,0.100,15.424,9,16.109,104.44,1.790,6.797,0.000
19,ec.gp.GPIndividual@10637093{1763796591},3C_20_66-03.txt,118.340,0.100,11.834,8,12.688,107.21,1.586,6.797,0.000
19,ec.gp.GPIndividual@10637093{1763796591},3C_20_80-01.txt,4.194,0.100,0.419,3,1.625,387.41,0.542,6.797,0.000
19,ec.gp.GPIndividual@10637093{1763796591},3C_20_66-03.txt,118.340,0.100,11.834,5,3.453,29.18,0.691,6.797,0.000
19,ec.gp.GPIndividual@10637093{1763796591},3C_20_80-03.txt,169.439,0.100,16.944,5,5.797,34.21,1.159,6.797,0.000
19,ec.gp.GPIndividual@10637093{1763796591},3C_20_66-03.txt,118.340,0.100,11.834,5,13.719,115.93,2.744,6.797,0.000
19,ec.gp.GPIndividual@10637093{1763796591},3C_20_80-02.txt,35.738,0.100,3.574,7,3.578,100.12,0.511,6.797,0.000
19,ec.gp.GPIndividual@10637093{1763796591},3C_20_80-01.txt,4.194,0.100,0.419,5,5.344,1273.99,1.069,6.797,0.000
19,ec.gp.GPIndividual@10637093{1763796591},3C_20_80-02.txt,35.738,0.100,3.574,2,5.875,164.39,2.938,6.797,0.000
19,ec.gp.GPIndividual@1025422176{47848819},3C_20_50-02.txt,61.404,0.100,6.140,1,0.000,0.00,0.000,0.000,0.000
19,ec.gp.GPIndividual@1025422176{47848819},3C_20_80-01.txt,4.194,0.100,0.419,2,2.938,700.32,1.469,1.469,0.000
19,ec.gp.GPIndividual@1025422176{47848819},3C_20_80-01.txt,4.194,0.100,0.419,3,5.734,1367.12,1.911,5.516,0.000
19,ec.gp.GPIndividual@811388958{753870695},3C_20_50-02.txt,61.404,0.100,6.140,10,7.406,120.61,0.741,1.734,0.000
19,ec.gp.GPIndividual@811388958{753870695},3C_20_50-03.txt,30.993,0.100,3.099,4,2.031,65.54,0.508,1.734,0.000
19,ec.gp.GPIndividual@811388958{753870695},3C_20_80-02.txt,35.738,0.100,3.574,3,2.031,56.84,0.677,2.031,0.000
19,ec.gp.GPIndividual@811388958{753870695},3C_20_80-03.txt,169.439,0.100,16.944,6,2.969,17.52,0.495,2.031,0.000
19,ec.gp.GPIndividual@811388958{753870695},3C_20_50-03.txt,30.993,0.100,3.099,4,4.359,140.66,1.090,2.031,0.000
19,ec.gp.GPIndividual@811388958{753870695},3C_20_80-03.txt,169.439,0.100,16.944,9,21.047,124.22,2.339,6.063,0.000
19,ec.gp.GPIndividual@811388958{753870695},3C_20_66-01.txt,7.322,0.100,0.732,6,0.656,89.62,0.109,6.063,0.000
19,ec.gp.GPIndividual@811388958{753870695},3C_20_66-02.txt,154.245,0.100,15.424,4,12.438,80.63,3.109,6.406,0.000
19,ec.gp.GPIndividual@811388958{753870695},3C_20_80-02.txt,35.738,0.100,3.574,3,2.594,72.58,0.865,6.406,0.000
19,ec.gp.GPIndividual@1195399012{-212560298},3C_20_50-02.txt,61.404,0.100,6.140,4,7.203,117.31,1.801,4.266,0.000
19,ec.gp.GPIndividual@1195399012{-212560298},3C_20_66-03.txt,118.340,0.100,11.834,11,12.813,108.27,1.165,4.266,0.000
19,ec.gp.GPIndividual@1005551568{602730558},3C_20_50-02.txt,61.404,0.100,6.140,4,9.797,159.55,2.449,4.891,0.000
19,ec.gp.GPIndividual@1005551568{602730558},3C_20_50-03.txt,30.993,0.100,3.099,9,3.188,102.85,0.354,4.891,0.000
19,ec.gp.GPIndividual@1005551568{602730558},3C_20_66-01.txt,7.322,0.100,0.732,2,0.719,98.16,0.359,4.891,0.000
19,ec.gp.GPIndividual@1439867111{1482431962},3C_20_50-02.txt,61.404,0.100,6.140,1,0.000,0.00,0.000,0.000,0.000
19,ec.gp.GPIndividual@1439867111{1482431962},3C_20_50-03.txt,30.993,0.100,3.099,1,0.000,0.00,0.000,0.000,0.000
19,ec.gp.GPIndividual@1439867111{1482431962},3C_20_66-01.txt,7.322,0.100,0.732,1,0.000,0.00,0.000,0.000,0.000
19,ec.gp.GPIndividual@1439867111{1482431962},3C_20_66-02.txt,154.245,0.100,15.424,1,0.000,0.00,0.000,0.000,0.000
19,ec.gp.GPIndividual@1439867111{1482431962},3C_20_66-03.txt,118.340,0.100,11.834,1,0.000,0.00,0.000,0.000,0.000
19,ec.gp.GPIndividual@1439867111{1482431962},3C_20_80-01.txt,4.194,0.100,0.419,1,0.000,0.00,0.000,0.000,0.000
19,ec.gp.GPIndividual@1439867111{1482431962},3C_20_80-02.txt,35.738,0.100,3.574,1,0.000,0.00,0.000,0.000,0.000
19,ec.gp.GPIndividual@1439867111{1482431962},3C_20_80-03.txt,169.439,0.100,16.944,1,0.000,0.00,0.000,0.000,0.000
19,ec.gp.GPIndividual@755460248{-422170714},3C_20_50-02.txt,61.404,0.100,6.140,3,0.844,13.74,0.281,0.844,0.000
19,ec.gp.GPIndividual@755460248{-422170714},3C_20_66-02.txt,154.245,0.100,15.424,13,17.547,113.76,1.350,3.406,0.000
19,ec.gp.GPIndividual@755460248{-422170714},3C_20_66-01.txt,7.322,0.100,0.732,2,2.063,281.68,1.031,3.406,0.000
19,ec.gp.GPIndividual@755460248{-422170714},3C_20_50-03.txt,30.993,0.100,3.099,9,3.172,102.34,0.352,3.406,0.000
19,ec.gp.GPIndividual@755460248{-422170714},3C_20_66-02.txt,154.245,0.100,15.424,14,15.484,100.39,1.106,3.406,0.000
19,ec.gp.GPIndividual@755460248{-422170714},3C_20_66-01.txt,7.322,0.100,0.732,2,1.156,157.91,0.578,3.406,0.000
19,ec.gp.GPIndividual@755460248{-422170714},3C_20_66-03.txt,118.340,0.100,11.834,9,12.328,104.18,1.370,5.500,0.000
19,ec.gp.GPIndividual@755460248{-422170714},3C_20_66-02.txt,154.245,0.100,15.424,11,15.781,102.31,1.435,5.500,0.000
19,ec.gp.GPIndividual@755460248{-422170714},3C_20_66-02.txt,154.245,0.100,15.424,8,13.688,88.74,1.711,6.016,0.000
19,ec.gp.GPIndividual@755460248{-422170714},3C_20_80-01.txt,4.194,0.100,0.419,3,5.203,1240.47,1.734,6.016,0.000
19,ec.gp.GPIndividual@755460248{-422170714},3C_20_66-03.txt,118.340,0.100,11.834,3,0.125,1.06,0.042,6.016,0.000
19,ec.gp.GPIndividual@755460248{-422170714},3C_20_80-02.txt,35.738,0.100,3.574,6,4.031,112.80,0.672,6.016,0.000
19,ec.gp.GPIndividual@755460248{-422170714},3C_20_66-03.txt,118.340,0.100,11.834,9,12.859,108.67,1.429,6.016,0.000
19,ec.gp.GPIndividual@755460248{-422170714},3C_20_80-01.txt,4.194,0.100,0.419,2,1.813,432.11,0.906,6.016,0.000
19,ec.gp.GPIndividual@755460248{-422170714},3C_20_80-01.txt,4.194,0.100,0.419,3,1.469,350.16,0.490,6.016,0.000
19,ec.gp.GPIndividual@755460248{-422170714},3C_20_80-03.txt,169.439,0.100,16.944,7,11.469,67.69,1.638,6.016,0.000
19,ec.gp.GPIndividual@755460248{-422170714},3C_20_66-03.txt,118.340,0.100,11.834,10,11.391,96.25,1.139,6.016,0.000
19,ec.gp.GPIndividual@1893373217{-976352278},3C_20_50-02.txt,61.404,0.100,6.140,3,7.984,130.03,2.661,4.500,0.266
19,ec.gp.GPIndividual@1893373217{-976352278},3C_20_80-01.txt,4.194,0.100,0.419,4,2.891,689.15,0.723,4.500,0.000
19,ec.gp.GPIndividual@1893373217{-976352278},3C_20_80-01.txt,4.194,0.100,0.419,3,0.922,219.78,0.307,4.500,0.000
19,ec.gp.GPIndividual@1893373217{-976352278},3C_20_80-02.txt,35.738,0.100,3.574,3,3.813,106.68,1.271,4.500,0.000
19,ec.gp.GPIndividual@1893373217{-976352278},3C_20_80-02.txt,35.738,0.100,3.574,9,4.141,115.86,0.460,4.500,0.000
19,ec.gp.GPIndividual@1893373217{-976352278},3C_20_80-02.txt,35.738,0.100,3.574,4,1.641,45.91,0.410,4.500,0.000
19,ec.gp.GPIndividual@1893373217{-976352278},3C_20_80-02.txt,35.738,0.100,3.574,3,0.969,27.11,0.323,4.500,0.000
19,ec.gp.GPIndividual@1893373217{-976352278},3C_20_50-03.txt,30.993,0.100,3.099,3,3.203,103.35,1.068,4.500,0.000
19,ec.gp.GPIndividual@1893373217{-976352278},3C_20_80-03.txt,169.439,0.100,16.944,15,17.359,102.45,1.157,4.500,0.000
19,ec.gp.GPIndividual@1893373217{-976352278},3C_20_66-01.txt,7.322,0.100,0.732,5,0.688,93.89,0.138,4.500,0.000
19,ec.gp.GPIndividual@1893373217{-976352278},3C_20_66-02.txt,154.245,0.100,15.424,10,16.703,108.29,1.670,4.734,0.000
19,ec.gp.GPIndividual@1893373217{-976352278},3C_20_80-03.txt,169.439,0.100,16.944,4,5.734,33.84,1.434,4.734,0.000
19,ec.gp.GPIndividual@1893373217{-976352278},3C_20_66-03.txt,118.340,0.100,11.834,2,0.875,7.39,0.438,4.734,0.000
19,ec.gp.GPIndividual@1893373217{-976352278},3C_20_80-03.txt,169.439,0.100,16.944,5,18.156,107.16,3.631,5.641,0.000
19,ec.gp.GPIndividual@1257404603{-356912791},3C_20_50-02.txt,61.404,0.100,6.140,9,6.125,99.75,0.681,5.313,0.000
19,ec.gp.GPIndividual@1408212390{-1898989724},3C_20_50-02.txt,61.404,0.100,6.140,5,8.578,139.70,1.716,4.625,0.000
19,ec.gp.GPIndividual@1408212390{-1898989724},3C_20_80-01.txt,4.194,0.100,0.419,1,1.563,372.51,1.563,4.625,0.000
19,ec.gp.GPIndividual@661307888{1459408355},3C_20_50-02.txt,61.404,0.100,6.140,12,5.391,87.79,0.449,1.391,0.000
19,ec.gp.GPIndividual@661307888{1459408355},3C_20_50-03.txt,30.993,0.100,3.099,12,2.938,94.78,0.245,1.391,0.000
19,ec.gp.GPIndividual@661307888{1459408355},3C_20_50-03.txt,30.993,0.100,3.099,8,3.281,105.87,0.410,2.094,0.000
19,ec.gp.GPIndividual@661307888{1459408355},3C_20_80-03.txt,169.439,0.100,16.944,4,1.563,9.22,0.391,2.094,0.000
19,ec.gp.GPIndividual@661307888{1459408355},3C_20_50-03.txt,30.993,0.100,3.099,3,0.922,29.75,0.307,2.094,0.000
19,ec.gp.GPIndividual@661307888{1459408355},3C_20_80-02.txt,35.738,0.100,3.574,5,5.516,154.33,1.103,2.094,0.000
19,ec.gp.GPIndividual@661307888{1459408355},3C_20_80-02.txt,35.738,0.100,3.574,5,5.516,154.33,1.103,2.094,0.000
19,ec.gp.GPIndividual@661307888{1459408355},3C_20_80-03.txt,169.439,0.100,16.944,7,17.922,105.77,2.560,4.438,0.000
19,ec.gp.GPIndividual@35803838{1048189050},3C_20_50-02.txt,61.404,0.100,6.140,7,6.234,101.53,0.891,3.000,0.000
19,ec.gp.GPIndividual@149544843{-1133648324},3C_20_50-02.txt,61.404,0.100,6.140,10,10.672,173.80,1.067,5.281,0.000
19,ec.gp.GPIndividual@149544843{-1133648324},3C_20_66-01.txt,7.322,0.100,0.732,4,0.297,40.54,0.074,5.281,0.000
19,ec.gp.GPIndividual@149544843{-1133648324},3C_20_50-03.txt,30.993,0.100,3.099,6,3.688,118.98,0.615,5.281,0.000
19,ec.gp.GPIndividual@149544843{-1133648324},3C_20_66-01.txt,7.322,0.100,0.732,4,1.156,157.91,0.289,5.281,0.000
19,ec.gp.GPIndividual@149544843{-1133648324},3C_20_66-02.txt,154.245,0.100,15.424,5,0.641,4.15,0.128,5.281,0.000
19,ec.gp.GPIndividual@149544843{-1133648324},3C_20_50-03.txt,30.993,0.100,3.099,2,1.094,35.29,0.547,5.281,0.000
19,ec.gp.GPIndividual@149544843{-1133648324},3C_20_66-02.txt,154.245,0.100,15.424,15,15.422,99.98,1.028,5.281,0.000
19,ec.gp.GPIndividual@149544843{-1133648324},3C_20_66-01.txt,7.322,0.100,0.732,3,2.016,275.28,0.672,5.281,0.000
19,ec.gp.GPIndividual@149544843{-1133648324},3C_20_66-03.txt,118.340,0.100,11.834,11,13.359,112.89,1.214,5.281,0.000
19,ec.gp.GPIndividual@149544843{-1133648324},3C_20_66-01.txt,7.322,0.100,0.732,3,1.016,138.71,0.339,5.281,0.000
19,ec.gp.GPIndividual@149544843{-1133648324},3C_20_66-02.txt,154.245,0.100,15.424,4,5.922,38.39,1.480,5.281,0.000
19,ec.gp.GPIndividual@149544843{-1133648324},3C_20_66-02.txt,154.245,0.100,15.424,12,16.359,106.06,1.363,5.281,0.000
19,ec.gp.GPIndividual@149544843{-1133648324},3C_20_66-02.txt,154.245,0.100,15.424,14,15.500,100.49,1.107,5.750,0.000
19,ec.gp.GPIndividual@149544843{-1133648324},3C_20_66-03.txt,118.340,0.100,11.834,1,1.125,9.51,1.125,5.750,0.000
19,ec.gp.GPIndividual@149544843{-1133648324},3C_20_66-03.txt,118.340,0.100,11.834,8,13.844,116.98,1.730,5.750,0.000
19,ec.gp.GPIndividual@149544843{-1133648324},3C_20_66-03.txt,118.340,0.100,11.834,4,13.016,109.99,3.254,5.750,0.000
19,ec.gp.GPIndividual@149544843{-1133648324},3C_20_66-03.txt,118.340,0.100,11.834,3,1.000,8.45,0.333,5.750,0.000
19,ec.gp.GPIndividual@149544843{-1133648324},3C_20_80-01.txt,4.194,0.100,0.419,4,0.422,100.58,0.105,5.750,0.000
19,ec.gp.GPIndividual@149544843{-1133648324},3C_20_80-02.txt,35.738,0.100,3.574,5,3.578,100.12,0.716,5.750,0.000
19,ec.gp.GPIndividual@149544843{-1133648324},3C_20_80-01.txt,4.194,0.100,0.419,5,3.906,931.28,0.781,5.750,0.000
19,ec.gp.GPIndividual@149544843{-1133648324},3C_20_80-02.txt,35.738,0.100,3.574,4,4.594,128.54,1.148,5.750,0.000
19,ec.gp.GPIndividual@149544843{-1133648324},3C_20_80-01.txt,4.194,0.100,0.419,1,4.797,1143.61,4.797,5.750,0.000
19,ec.gp.GPIndividual@149544843{-1133648324},3C_20_80-01.txt,4.194,0.100,0.419,3,0.469,111.75,0.156,5.750,0.000
19,ec.gp.GPIndividual@149544843{-1133648324},3C_20_80-03.txt,169.439,0.100,16.944,16,16.531,97.56,1.033,5.750,0.000
19,ec.gp.GPIndividual@149544843{-1133648324},3C_20_80-02.txt,35.738,0.100,3.574,4,6.281,175.76,1.570,5.750,0.000
19,ec.gp.GPIndividual@1527652908{495082576},3C_20_50-02.txt,61.404,0.100,6.140,0,0.000,0.00,0.000,0.000,0.000
19,ec.gp.GPIndividual@1527652908{495082576},3C_20_50-03.txt,30.993,0.100,3.099,0,0.000,0.00,0.000,0.000,0.000
19,ec.gp.GPIndividual@1527652908{495082576},3C_20_66-01.txt,7.322,0.100,0.732,0,0.000,0.00,0.000,0.000,0.000
19,ec.gp.GPIndividual@1527652908{495082576},3C_20_66-02.txt,154.245,0.100,15.424,0,0.000,0.00,0.000,0.000,0.000
19,ec.gp.GPIndividual@1527652908{495082576},3C_20_66-03.txt,118.340,0.100,11.834,0,0.000,0.00,0.000,0.000,0.000
19,ec.gp.GPIndividual@1527652908{495082576},3C_20_80-01.txt,4.194,0.100,0.419,0,0.000,0.00,0.000,0.000,0.000
19,ec.gp.GPIndividual@1527652908{495082576},3C_20_80-02.txt,35.738,0.100,3.574,0,0.000,0.00,0.000,0.000,0.000
19,ec.gp.GPIndividual@1527652908{495082576},3C_20_80-03.txt,169.439,0.100,16.944,0,0.000,0.00,0.000,0.000,0.000
19,ec.gp.GPIndividual@1670213670{1914504942},3C_20_50-02.txt,61.404,0.100,6.140,9,6.203,101.02,0.689,2.172,0.000
19,ec.gp.GPIndividual@1670213670{1914504942},3C_20_80-03.txt,169.439,0.100,16.944,2,0.719,4.24,0.359,2.172,0.000
19,ec.gp.GPIndividual@1670213670{1914504942},3C_20_80-03.txt,169.439,0.100,16.944,4,2.609,15.40,0.652,2.172,0.000
19,ec.gp.GPIndividual@1670213670{1914504942},3C_20_80-01.txt,4.194,0.100,0.419,2,1.688,402.31,0.844,2.172,0.000
19,ec.gp.GPIndividual@1670213670{1914504942},3C_20_80-02.txt,35.738,0.100,3.574,5,4.047,113.24,0.809,2.172,0.000
19,ec.gp.GPIndividual@1670213670{1914504942},3C_20_80-03.txt,169.439,0.100,16.944,4,0.688,4.06,0.172,2.172,0.000
19,ec.gp.GPIndividual@1670213670{1914504942},3C_20_50-03.txt,30.993,0.100,3.099,7,3.766,121.50,0.538,2.172,0.000
19,ec.gp.GPIndividual@1670213670{1914504942},3C_20_80-02.txt,35.738,0.100,3.574,2,4.438,124.17,2.219,4.438,0.000
19,ec.gp.GPIndividual@2104940668{401920805},3C_20_50-02.txt,61.404,0.100,6.140,6,8.328,135.63,1.388,4.438,0.000
19,ec.gp.GPIndividual@2104940668{401920805},3C_20_66-01.txt,7.322,0.100,0.732,5,0.547,74.69,0.109,4.438,0.000
19,ec.gp.GPIndividual@1468090559{1464639219},3C_20_50-02.txt,61.404,0.100,6.140,9,8.453,137.66,0.939,4.438,0.000
19,ec.gp.GPIndividual@49707922{1928559279},3C_20_50-02.txt,61.404,0.100,6.140,7,0.906,14.76,0.129,0.391,0.000
19,ec.gp.GPIndividual@49707922{1928559279},3C_20_50-03.txt,30.993,0.100,3.099,4,2.188,70.58,0.547,1.219,0.000
19,ec.gp.GPIndividual@49707922{1928559279},3C_20_66-02.txt,154.245,0.100,15.424,10,4.734,30.69,0.473,1.266,0.000
19,ec.gp.GPIndividual@49707922{1928559279},3C_20_50-03.txt,30.993,0.100,3.099,3,3.688,118.98,1.229,1.859,0.000
19,ec.gp.GPIndividual@49707922{1928559279},3C_20_50-03.txt,30.993,0.100,3.099,7,3.531,113.94,0.504,1.859,0.000
19,ec.gp.GPIndividual@49707922{1928559279},3C_20_66-03.txt,118.340,0.100,11.834,9,11.484,97.05,1.276,5.828,0.000
19,ec.gp.GPIndividual@49707922{1928559279},3C_20_80-03.txt,169.439,0.100,16.944,11,19.500,115.09,1.773,5.828,0.000
19,ec.gp.GPIndividual@49707922{1928559279},3C_20_66-01.txt,7.322,0.100,0.732,4,0.844,115.23,0.211,5.828,0.000
19,ec.gp.GPIndividual@49707922{1928559279},3C_20_80-01.txt,4.194,0.100,0.419,4,0.500,119.20,0.125,5.828,0.000
19,ec.gp.GPIndividual@49707922{1928559279},3C_20_66-02.txt,154.245,0.100,15.424,4,4.266,27.65,1.066,5.828,0.000
19,ec.gp.GPIndividual@49707922{1928559279},3C_20_66-01.txt,7.322,0.100,0.732,2,4.813,657.25,2.406,5.828,0.000
19,ec.gp.GPIndividual@1681792688{1287354893},3C_20_50-02.txt,61.404,0.100,6.140,5,7.047,114.76,1.409,5.438,0.000
19,ec.gp.GPIndividual@1681792688{1287354893},3C_20_66-01.txt,7.322,0.100,0.732,2,1.750,239.00,0.875,5.438,0.000
19,ec.gp.GPIndividual@1681792688{1287354893},3C_20_66-03.txt,118.340,0.100,11.834,17,8.688,73.41,0.511,5.438,0.000
19,ec.gp.GPIndividual@1681792688{1287354893},3C_20_50-03.txt,30.993,0.100,3.099,4,5.016,161.83,1.254,5.438,0.000
19,ec.gp.GPIndividual@1681792688{1287354893},3C_20_80-02.txt,35.738,0.100,3.574,8,3.875,108.43,0.484,5.438,0.000
19,ec.gp.GPIndividual@1681792688{1287354893},3C_20_66-02.txt,154.245,0.100,15.424,4,4.922,31.91,1.230,5.438,0.000
19,ec.gp.GPIndividual@1681792688{1287354893},3C_20_66-02.txt,154.245,0.100,15.424,11,16.469,106.77,1.497,5.438,0.000
19,ec.gp.GPIndividual@1681792688{1287354893},3C_20_66-01.txt,7.322,0.100,0.732,2,1.031,140.84,0.516,5.438,0.000
19,ec.gp.GPIndividual@1681792688{1287354893},3C_20_80-03.txt,169.439,0.100,16.944,8,4.578,27.02,0.572,5.438,0.000
19,ec.gp.GPIndividual@1681792688{1287354893},3C_20_80-01.txt,4.194,0.100,0.419,5,1.375,327.81,0.275,5.438,0.000
19,ec.gp.GPIndividual@1681792688{1287354893},3C_20_66-03.txt,118.340,0.100,11.834,10,12.313,104.04,1.231,5.438,0.000
19,ec.gp.GPIndividual@744435250{-113602941},3C_20_50-02.txt,61.404,0.100,6.140,3,0.438,7.12,0.146,0.219,0.000
19,ec.gp.GPIndividual@744435250{-113602941},3C_20_50-03.txt,30.993,0.100,3.099,4,6.719,216.79,1.680,5.844,0.000
19,ec.gp.GPIndividual@744435250{-113602941},3C_20_66-03.txt,118.340,0.100,11.834,4,1.516,12.81,0.379,5.844,0.000
19,ec.gp.GPIndividual@744435250{-113602941},3C_20_80-03.txt,169.439,0.100,16.944,2,1.297,7.65,0.648,5.844,0.000
19,ec.gp.GPIndividual@744435250{-113602941},3C_20_66-01.txt,7.322,0.100,0.732,2,0.859,117.37,0.430,5.844,0.000
19,ec.gp.GPIndividual@744435250{-113602941},3C_20_80-02.txt,35.738,0.100,3.574,2,0.328,9.18,0.164,5.844,0.000
19,ec.gp.GPIndividual@744435250{-113602941},3C_20_66-02.txt,154.245,0.100,15.424,3,2.688,17.42,0.896,5.844,0.000
19,ec.gp.GPIndividual@744435250{-113602941},3C_20_66-03.txt,118.340,0.100,11.834,8,12.844,108.53,1.605,5.844,0.000
19,ec.gp.GPIndividual@744435250{-113602941},3C_20_80-01.txt,4.194,0.100,0.419,3,1.156,275.66,0.385,5.844,0.000
19,ec.gp.GPIndividual@744435250{-113602941},3C_20_80-03.txt,169.439,0.100,16.944,5,4.203,24.81,0.841,5.844,0.000
19,ec.gp.GPIndividual@744435250{-113602941},3C_20_80-01.txt,4.194,0.100,0.419,2,0.219,52.15,0.109,5.844,0.000
19,ec.gp.GPIndividual@744435250{-113602941},3C_20_80-02.txt,35.738,0.100,3.574,4,2.969,83.07,0.742,5.844,0.000
19,ec.gp.GPIndividual@744435250{-113602941},3C_20_80-03.txt,169.439,0.100,16.944,4,7.859,46.38,1.965,5.844,0.000
19,ec.gp.GPIndividual@1678908778{-1927893449},3C_20_50-02.txt,61.404,0.100,6.140,3,6.875,111.96,2.292,6.547,0.000
19,ec.gp.GPIndividual@1276141168{-80537297},3C_20_50-02.txt,61.404,0.100,6.140,11,3.156,51.40,0.287,1.078,0.000
19,ec.gp.GPIndividual@1276141168{-80537297},3C_20_50-03.txt,30.993,0.100,3.099,5,5.672,183.01,1.134,5.141,0.000
19,ec.gp.GPIndividual@606818120{-624281901},3C_20_50-02.txt,61.404,0.100,6.140,16,5.313,86.52,0.332,2.156,0.000
19,ec.gp.GPIndividual@606818120{-624281901},3C_20_50-03.txt,30.993,0.100,3.099,9,2.859,92.26,0.318,2.156,0.000
19,ec.gp.GPIndividual@606818120{-624281901},3C_20_80-02.txt,35.738,0.100,3.574,11,4.781,133.79,0.435,2.156,0.000
19,ec.gp.GPIndividual@606818120{-624281901},3C_20_80-02.txt,35.738,0.100,3.574,8,4.047,113.24,0.506,2.156,0.000
19,ec.gp.GPIndividual@606818120{-624281901},3C_20_66-01.txt,7.322,0.100,0.732,4,1.000,136.57,0.250,2.156,0.000
19,ec.gp.GPIndividual@606818120{-624281901},3C_20_80-03.txt,169.439,0.100,16.944,18,16.859,99.50,0.937,6.266,0.000
19,ec.gp.GPIndividual@606818120{-624281901},3C_20_80-03.txt,169.439,0.100,16.944,8,18.047,106.51,2.256,6.266,0.000
19,ec.gp.GPIndividual@162450401{-1999234620},3C_20_50-02.txt,61.404,0.100,6.140,6,5.656,92.11,0.943,3.922,0.000
19,ec.gp.GPIndividual@162450401{-1999234620},3C_20_50-03.txt,30.993,0.100,3.099,8,2.969,95.79,0.371,3.922,0.000
19,ec.gp.GPIndividual@162450401{-1999234620},3C_20_66-03.txt,118.340,0.100,11.834,2,0.578,4.89,0.289,3.922,0.000
19,ec.gp.GPIndividual@162450401{-1999234620},3C_20_66-01.txt,7.322,0.100,0.732,3,0.516,70.42,0.172,3.922,0.000
19,ec.gp.GPIndividual@162450401{-1999234620},3C_20_66-02.txt,154.245,0.100,15.424,12,14.469,93.80,1.206,4.703,0.000
19,ec.gp.GPIndividual@162450401{-1999234620},3C_20_66-03.txt,118.340,0.100,11.834,7,8.813,74.47,1.259,4.703,0.000
19,ec.gp.GPIndividual@162450401{-1999234620},3C_20_80-01.txt,4.194,0.100,0.419,3,2.984,711.50,0.995,4.703,0.000
19,ec.gp.GPIndividual@162450401{-1999234620},3C_20_80-01.txt,4.194,0.100,0.419,4,0.375,89.40,0.094,4.703,0.000
19,ec.gp.GPIndividual@162450401{-1999234620},3C_20_80-02.txt,35.738,0.100,3.574,11,3.609,101.00,0.328,4.703,0.000
19,ec.gp.GPIndividual@162450401{-1999234620},3C_20_80-02.txt,35.738,0.100,3.574,2,0.281,7.87,0.141,4.703,0.000
19,ec.gp.GPIndividual@162450401{-1999234620},3C_20_80-03.txt,169.439,0.100,16.944,8,9.313,54.96,1.164,5.500,0.000
19,ec.gp.GPIndividual@847159549{1314034961},3C_20_50-02.txt,61.404,0.100,6.140,2,0.266,4.33,0.133,0.234,0.031
19,ec.gp.GPIndividual@847159549{1314034961},3C_20_50-03.txt,30.993,0.100,3.099,2,1.547,49.91,0.773,0.984,0.031
19,ec.gp.GPIndividual@847159549{1314034961},3C_20_66-01.txt,7.322,0.100,0.732,2,0.328,44.81,0.164,0.984,0.031
19,ec.gp.GPIndividual@847159549{1314034961},3C_20_66-02.txt,154.245,0.100,15.424,2,0.516,3.34,0.258,0.984,0.031
19,ec.gp.GPIndividual@847159549{1314034961},3C_20_66-03.txt,118.340,0.100,11.834,2,1.250,10.56,0.625,0.984,0.031
19,ec.gp.GPIndividual@847159549{1314034961},3C_20_80-01.txt,4.194,0.100,0.419,2,0.281,67.05,0.141,0.984,0.031
19,ec.gp.GPIndividual@847159549{1314034961},3C_20_80-02.txt,35.738,0.100,3.574,2,0.438,12.24,0.219,0.984,0.031
19,ec.gp.GPIndividual@847159549{1314034961},3C_20_80-03.txt,169.439,0.100,16.944,2,7.250,42.79,3.625,6.469,0.031
20,ec.gp.GPIndividual@1333610712{-1531815982},3C_20_50-02.txt,61.404,0.100,6.140,14,9.000,146.57,0.643,1.688,0.000
20,ec.gp.GPIndividual@1333610712{-1531815982},3C_20_50-03.txt,30.993,0.100,3.099,3,3.625,116.96,1.208,1.813,0.000
20,ec.gp.GPIndividual@1333610712{-1531815982},3C_20_50-03.txt,30.993,0.100,3.099,3,0.250,8.07,0.083,1.813,0.000
20,ec.gp.GPIndividual@1333610712{-1531815982},3C_20_50-03.txt,30.993,0.100,3.099,9,2.656,85.71,0.295,1.813,0.000
20,ec.gp.GPIndividual@1333610712{-1531815982},3C_20_50-03.txt,30.993,0.100,3.099,6,3.891,125.53,0.648,1.813,0.000
20,ec.gp.GPIndividual@1333610712{-1531815982},3C_20_50-03.txt,30.993,0.100,3.099,5,1.781,57.47,0.356,1.813,0.000
20,ec.gp.GPIndividual@1333610712{-1531815982},3C_20_50-03.txt,30.993,0.100,3.099,10,3.344,107.89,0.334,1.813,0.000
20,ec.gp.GPIndividual@1333610712{-1531815982},3C_20_66-01.txt,7.322,0.100,0.732,3,2.563,349.96,0.854,1.813,0.000
20,ec.gp.GPIndividual@1333610712{-1531815982},3C_20_66-01.txt,7.322,0.100,0.732,3,2.359,322.22,0.786,1.813,0.000
20,ec.gp.GPIndividual@1333610712{-1531815982},3C_20_66-01.txt,7.322,0.100,0.732,3,0.875,119.50,0.292,1.813,0.000
20,ec.gp.GPIndividual@1333610712{-1531815982},3C_20_66-01.txt,7.322,0.100,0.732,2,0.875,119.50,0.438,1.813,0.000
20,ec.gp.GPIndividual@1333610712{-1531815982},3C_20_66-02.txt,154.245,0.100,15.424,16,16.672,108.09,1.042,3.500,0.000
20,ec.gp.GPIndividual@1333610712{-1531815982},3C_20_66-03.txt,118.340,0.100,11.834,12,11.750,99.29,0.979,3.703,0.000
20,ec.gp.GPIndividual@1333610712{-1531815982},3C_20_66-02.txt,154.245,0.100,15.424,2,0.891,5.77,0.445,3.703,0.000
20,ec.gp.GPIndividual@1333610712{-1531815982},3C_20_66-02.txt,154.245,0.100,15.424,8,16.531,107.18,2.066,4.750,0.000
20,ec.gp.GPIndividual@1333610712{-1531815982},3C_20_66-03.txt,118.340,0.100,11.834,11,11.953,101.01,1.087,4.750,0.000
20,ec.gp.GPIndividual@1333610712{-1531815982},3C_20_66-01.txt,7.322,0.100,0.732,2,1.234,168.58,0.617,4.750,0.000
20,ec.gp.GPIndividual@1333610712{-1531815982},3C_20_66-03.txt,118.340,0.100,11.834,6,9.656,81.60,1.609,5.750,0.000
20,ec.gp.GPIndividual@1333610712{-1531815982},3C_20_66-01.txt,7.322,0.100,0.732,4,3.078,420.38,0.770,5.750,0.000
20,ec.gp.GPIndividual@1333610712{-1531815982},3C_20_66-02.txt,154.245,0.100,15.424,8,17.422,112.95,2.178,5.750,0.000
20,ec.gp.GPIndividual@1333610712{-1531815982},3C_20_80-01.txt,4.194,0.100,0.419,1,1.156,275.66,1.156,5.750,0.000
20,ec.gp.GPIndividual@1333610712{-1531815982},3C_20_66-02.txt,154.245,0.100,15.424,5,4.500,29.17,0.900,5.750,0.000
20,ec.gp.GPIndividual@1333610712{-1531815982},3C_20_66-02.txt,154.245,0.100,15.424,7,15.875,102.92,2.268,6.266,0.000
20,ec.gp.GPIndividual@1333610712{-1531815982},3C_20_66-03.txt,118.340,0.100,11.834,5,4.609,38.95,0.922,6.266,0.000
20,ec.gp.GPIndividual@1333610712{-1531815982},3C_20_80-01.txt,4.194,0.100,0.419,2,1.578,376.24,0.789,6.266,0.000
20,ec.gp.GPIndividual@1333610712{-1531815982},3C_20_66-03.txt,118.340,0.100,11.834,9,11.844,100.08,1.316,6.266,0.000
20,ec.gp.GPIndividual@1333610712{-1531815982},3C_20_80-02.txt,35.738,0.100,3.574,6,7.625,213.36,1.271,6.266,0.000
20,ec.gp.GPIndividual@1333610712{-1531815982},3C_20_66-03.txt,118.340,0.100,11.834,7,11.563,97.71,1.652,6.266,0.000
20,ec.gp.GPIndividual@1333610712{-1531815982},3C_20_80-02.txt,35.738,0.100,3.574,4,5.781,161.77,1.445,6.266,0.000
20,ec.gp.GPIndividual@1333610712{-1531815982},3C_20_80-03.txt,169.439,0.100,16.944,6,9.188,54.22,1.531,6.266,0.000
20,ec.gp.GPIndividual@1333610712{-1531815982},3C_20_80-01.txt,4.194,0.100,0.419,4,5.125,1221.84,1.281,6.266,0.000
20,ec.gp.GPIndividual@1333610712{-1531815982},3C_20_80-02.txt,35.738,0.100,3.574,4,5.813,162.64,1.453,6.266,0.000
20,ec.gp.GPIndividual@1333610712{-1531815982},3C_20_80-01.txt,4.194,0.100,0.419,2,0.531,126.65,0.266,6.266,0.000
20,ec.gp.GPIndividual@1333610712{-1531815982},3C_20_80-03.txt,169.439,0.100,16.944,8,17.859,105.40,2.232,6.266,0.000
20,ec.gp.GPIndividual@515887303{-1898989724},3C_20_50-02.txt,61.404,0.100,6.140,7,9.594,156.24,1.371,4.391,0.000
20,ec.gp.GPIndividual@515887303{-1898989724},3C_20_80-01.txt,4.194,0.100,0.419,2,1.250,298.01,0.625,4.391,0.000
20,ec.gp.GPIndividual@515887303{-1898989724},3C_20_80-03.txt,169.439,0.100,16.944,15,13.172,77.74,0.878,5.844,0.000
20,ec.gp.GPIndividual@515887303{-1898989724},3C_20_50-03.txt,30.993,0.100,3.099,3,3.453,111.42,1.151,5.844,0.000
20,ec.gp.GPIndividual@2049205997{-115677572},3C_20_50-02.txt,61.404,0.100,6.140,5,6.375,103.82,1.275,3.781,0.000
20,ec.gp.GPIndividual@2049205997{-115677572},3C_20_80-02.txt,35.738,0.100,3.574,4,3.109,87.00,0.777,3.781,0.000
20,ec.gp.GPIndividual@2049205997{-115677572},3C_20_50-03.txt,30.993,0.100,3.099,3,7.766,250.56,2.589,5.813,0.000
20,ec.gp.GPIndividual@2050101512{-1291418738},3C_20_50-02.txt,61.404,0.100,6.140,8,11.750,191.35,1.469,6.672,0.000
20,ec.gp.GPIndividual@2050101512{-1291418738},3C_20_80-01.txt,4.194,0.100,0.419,3,0.688,163.91,0.229,6.672,0.000
20,ec.gp.GPIndividual@2050101512{-1291418738},3C_20_80-02.txt,35.738,0.100,3.574,3,1.172,32.79,0.391,6.672,0.000
20,ec.gp.GPIndividual@2050101512{-1291418738},3C_20_66-01.txt,7.322,0.100,0.732,3,3.219,439.59,1.073,6.672,0.000
20,ec.gp.GPIndividual@2050101512{-1291418738},3C_20_50-03.txt,30.993,0.100,3.099,6,4.063,131.08,0.677,6.672,0.000
20,ec.gp.GPIndividual@2050101512{-1291418738},3C_20_80-02.txt,35.738,0.100,3.574,7,5.094,142.53,0.728,6.672,0.000
20,ec.gp.GPIndividual@2050101512{-1291418738},3C_20_80-03.txt,169.439,0.100,16.944,2,0.453,2.67,0.227,6.672,0.000
20,ec.gp.GPIndividual@2050101512{-1291418738},3C_20_66-02.txt,154.245,0.100,15.424,10,16.781,108.80,1.678,6.672,0.000
20,ec.gp.GPIndividual@2050101512{-1291418738},3C_20_66-01.txt,7.322,0.100,0.732,3,1.344,183.52,0.448,6.672,0.000
20,ec.gp.GPIndividual@2050101512{-1291418738},3C_20_80-03.txt,169.439,0.100,16.944,3,5.172,30.52,1.724,6.672,0.000
20,ec.gp.GPIndividual@2050101512{-1291418738},3C_20_66-03.txt,118.340,0.100,11.834,10,11.703,98.89,1.170,6.672,0.000
20,ec.gp.GPIndividual@1471536960{-2040730658},3C_20_50-02.txt,61.404,0.100,6.140,5,9.016,146.82,1.803,4.859,0.000
20,ec.gp.GPIndividual@1471536960{-2040730658},3C_20_80-01.txt,4.194,0.100,0.419,2,5.203,1240.47,2.602,5.203,0.000
20,ec.gp.GPIndividual@1471536960{-2040730658},3C_20_66-01.txt,7.322,0.100,0.732,4,1.469,200.59,0.367,5.203,0.000
20,ec.gp.GPIndividual@1471536960{-2040730658},3C_20_50-03.txt,30.993,0.100,3.099,5,7.266,234.43,1.453,6.141,0.000
20,ec.gp.GPIndividual@635195628{-605120909},3C_20_50-02.txt,61.404,0.100,6.140,2,0.266,4.33,0.133,0.266,0.000
20,ec.gp.GPIndividual@635195628{-605120909},3C_20_80-02.txt,35.738,0.100,3.574,5,1.906,53.34,0.381,0.797,0.000
20,ec.gp.GPIndividual@635195628{-605120909},3C_20_80-03.txt,169.439,0.100,16.944,2,6.781,40.02,3.391,6.781,0.000
20,ec.gp.GPIndividual@635195628{-605120909},3C_20_66-02.txt,154.245,0.100,15.424,12,15.500,100.49,1.292,6.781,0.000
20,ec.gp.GPIndividual@635195628{-605120909},3C_20_80-03.txt,169.439,0.100,16.944,2,0.516,3.04,0.258,6.781,0.000
20,ec.gp.GPIndividual@635195628{-605120909},3C_20_66-03.txt,118.340,0.100,11.834,11,11.438,96.65,1.040,6.781,0.000
20,ec.gp.GPIndividual@635195628{-605120909},3C_20_50-03.txt,30.993,0.100,3.099,2,6.125,197.63,3.063,6.781,0.000
20,ec.gp.GPIndividual@67357811{-1197788980},3C_20_50-02.txt,61.404,0.100,6.140,9,6.797,110.69,0.755,2.234,0.000
20,ec.gp.GPIndividual@67357811{-1197788980},3C_20_50-03.txt,30.993,0.100,3.099,5,4.375,141.16,0.875,2.469,0.000
20,ec.gp.GPIndividual@67357811{-1197788980},3C_20_66-01.txt,7.322,0.100,0.732,5,0.734,100.29,0.147,2.469,0.000
20,ec.gp.GPIndividual@67357811{-1197788980},3C_20_66-02.txt,154.245,0.100,15.424,8,15.031,97.45,1.879,5.641,0.000
20,ec.gp.GPIndividual@803203365{-1764024162},3C_20_50-02.txt,61.404,0.100,6.140,7,6.172,100.51,0.882,2.422,0.000
20,ec.gp.GPIndividual@803203365{-1764024162},3C_20_50-03.txt,30.993,0.100,3.099,6,9.672,312.07,1.612,4.031,0.000
20,ec.gp.GPIndividual@803203365{-1764024162},3C_20_66-01.txt,7.322,0.100,0.732,2,4.125,563.36,2.063,4.125,0.000
20,ec.gp.GPIndividual@803203365{-1764024162},3C_20_80-01.txt,4.194,0.100,0.419,3,0.625,149.01,0.208,4.125,0.000
20,ec.gp.GPIndividual@803203365{-1764024162},3C_20_66-02.txt,154.245,0.100,15.424,11,7.219,46.80,0.656,4.125,0.000
20,ec.gp.GPIndividual@803203365{-1764024162},3C_20_80-02.txt,35.738,0.100,3.574,3,3.922,109.74,1.307,4.125,0.000
20,ec.gp.GPIndividual@803203365{-1764024162},3C_20_66-02.txt,154.245,0.100,15.424,10,16.906,109.61,1.691,4.125,0.000
20,ec.gp.GPIndividual@803203365{-1764024162},3C_20_66-03.txt,118.340,0.100,11.834,2,2.078,17.56,1.039,4.125,0.000
20,ec.gp.GPIndividual@803203365{-1764024162},3C_20_80-03.txt,169.439,0.100,16.944,14,20.156,118.96,1.440,4.859,0.000
20,ec.gp.GPIndividual@803203365{-1764024162},3C_20_66-03.txt,118.340,0.100,11.834,6,12.281,103.78,2.047,5.609,0.000
20,ec.gp.GPIndividual@803203365{-1764024162},3C_20_66-01.txt,7.322,0.100,0.732,2,6.250,853.57,3.125,6.250,0.000
20,ec.gp.GPIndividual@1351041824{-1183693423},3C_20_50-02.txt,61.404,0.100,6.140,6,3.969,64.63,0.661,2.109,0.000
20,ec.gp.GPIndividual@1351041824{-1183693423},3C_20_66-01.txt,7.322,0.100,0.732,4,2.469,337.16,0.617,2.109,0.000
20,ec.gp.GPIndividual@1351041824{-1183693423},3C_20_50-03.txt,30.993,0.100,3.099,4,6.016,194.10,1.504,3.875,0.000
20,ec.gp.GPIndividual@1351041824{-1183693423},3C_20_66-03.txt,118.340,0.100,11.834,6,12.000,101.40,2.000,4.797,0.000
20,ec.gp.GPIndividual@1351041824{-1183693423},3C_20_80-01.txt,4.194,0.100,0.419,4,0.516,122.93,0.129,4.797,0.000
20,ec.gp.GPIndividual@1351041824{-1183693423},3C_20_80-02.txt,35.738,0.100,3.574,5,5.078,142.09,1.016,4.797,0.000
20,ec.gp.GPIndividual@1351041824{-1183693423},3C_20_80-01.txt,4.194,0.100,0.419,2,1.000,238.41,0.500,4.797,0.000
20,ec.gp.GPIndividual@1351041824{-1183693423},3C_20_66-02.txt,154.245,0.100,15.424,11,17.641,114.37,1.604,4.797,0.000
20,ec.gp.GPIndividual@1351041824{-1183693423},3C_20_80-03.txt,169.439,0.100,16.944,3,2.891,17.06,0.964,4.797,0.000
20,ec.gp.GPIndividual@1351041824{-1183693423},3C_20_66-02.txt,154.245,0.100,15.424,11,15.438,100.08,1.403,4.797,0.000
20,ec.gp.GPIndividual@1351041824{-1183693423},3C_20_66-03.txt,118.340,0.100,11.834,7,11.984,101.27,1.712,6.203,0.000
20,ec.gp.GPIndividual@1333809931{-1613167944},3C_20_50-02.txt,61.404,0.100,6.140,4,8.609,140.21,2.152,6.875,0.000
20,ec.gp.GPIndividual@1333809931{-1613167944},3C_20_80-01.txt,4.194,0.100,0.419,3,0.516,122.93,0.172,6.875,0.000
20,ec.gp.GPIndividual@1333809931{-1613167944},3C_20_80-02.txt,35.738,0.100,3.574,3,4.359,121.98,1.453,6.875,0.000
20,ec.gp.GPIndividual@1333809931{-1613167944},3C_20_66-03.txt,118.340,0.100,11.834,10,12.141,102.59,1.214,6.875,0.000
20,ec.gp.GPIndividual@1333809931{-1613167944},3C_20_50-03.txt,30.993,0.100,3.099,5,4.359,140.66,0.872,6.875,0.000
20,ec.gp.GPIndividual@1333809931{-1613167944},3C_20_66-01.txt,7.322,0.100,0.732,3,2.938,401.18,0.979,6.875,0.000
20,ec.gp.GPIndividual@1333809931{-1613167944},3C_20_80-02.txt,35.738,0.100,3.574,8,3.734,104.49,0.467,6.875,0.000
20,ec.gp.GPIndividual@1333809931{-1613167944},3C_20_66-01.txt,7.322,0.100,0.732,3,1.297,177.12,0.432,6.875,0.000
20,ec.gp.GPIndividual@1333809931{-1613167944},3C_20_80-03.txt,169.439,0.100,16.944,13,17.031,100.52,1.310,6.875,0.000
20,ec.gp.GPIndividual@1333809931{-1613167944},3C_20_66-02.txt,154.245,0.100,15.424,9,19.969,129.46,2.219,6.875,0.000
20,ec.gp.GPIndividual@897270091{-1013716984},3C_20_50-02.txt,61.404,0.100,6.140,6,7.359,119.85,1.227,2.828,0.000
20,ec.gp.GPIndividual@897270091{-1013716984},3C_20_80-01.txt,4.194,0.100,0.419,4,1.906,454.47,0.477,2.828,0.000
20,ec.gp.GPIndividual@897270091{-1013716984},3C_20_66-03.txt,118.340,0.100,11.834,10,13.953,117.91,1.395,4.313,0.000
20,ec.gp.GPIndividual@897270091{-1013716984},3C_20_80-02.txt,35.738,0.100,3.574,6,1.000,27.98,0.167,4.313,0.000
20,ec.gp.GPIndividual@897270091{-1013716984},3C_20_50-03.txt,30.993,0.100,3.099,2,3.109,100.33,1.555,4.313,0.000
20,ec.gp.GPIndividual@897270091{-1013716984},3C_20_80-03.txt,169.439,0.100,16.944,11,17.469,103.10,1.588,4.813,0.000
20,ec.gp.GPIndividual@897270091{-1013716984},3C_20_66-01.txt,7.322,0.100,0.732,3,0.328,44.81,0.109,4.813,0.000
20,ec.gp.GPIndividual@897270091{-1013716984},3C_20_80-03.txt,169.439,0.100,16.944,6,11.469,67.69,1.911,4.813,0.000
20,ec.gp.GPIndividual@897270091{-1013716984},3C_20_66-02.txt,154.245,0.100,15.424,6,16.125,104.54,2.688,5.984,0.000
20,ec.gp.GPIndividual@897270091{-1013716984},3C_20_80-01.txt,4.194,0.100,0.419,4,0.500,119.20,0.125,5.984,0.000
20,ec.gp.GPIndividual@897270091{-1013716984},3C_20_80-02.txt,35.738,0.100,3.574,2,3.750,104.93,1.875,5.984,0.000
20,ec.gp.GPIndividual@897270091{-1013716984},3C_20_80-01.txt,4.194,0.100,0.419,2,1.188,283.11,0.594,5.984,0.000
20,ec.gp.GPIndividual@897270091{-1013716984},3C_20_66-02.txt,154.245,0.100,15.424,10,16.078,104.24,1.608,6.000,0.000
20,ec.gp.GPIndividual@897270091{-1013716984},3C_20_80-02.txt,35.738,0.100,3.574,3,3.609,101.00,1.203,6.000,0.000
20,ec.gp.GPIndividual@897270091{-1013716984},3C_20_66-03.txt,118.340,0.100,11.834,12,11.906,100.61,0.992,6.000,0.000
20,ec.gp.GPIndividual@897270091{-1013716984},3C_20_80-03.txt,169.439,0.100,16.944,2,0.672,3.97,0.336,6.000,0.000
20,ec.gp.GPIndividual@897270091{-1013716984},3C_20_66-03.txt,118.340,0.100,11.834,6,8.188,69.19,1.365,6.000,0.000
20,ec.gp.GPIndividual@697994225{669400304},3C_20_50-02.txt,61.404,0.100,6.140,4,6.641,108.15,1.660,4.891,0.000
20,ec.gp.GPIndividual@697994225{669400304},3C_20_80-01.txt,4.194,0.100,0.419,5,1.922,458.19,0.384,4.891,0.000
20,ec.gp.GPIndividual@697994225{669400304},3C_20_80-03.txt,169.439,0.100,16.944,4,4.844,28.59,1.211,4.891,0.000
20,ec.gp.GPIndividual@1252974941{1086347266},3C_20_50-02.txt,61.404,0.100,6.140,7,7.344,119.60,1.049,4.766,0.000
20,ec.gp.GPIndividual@1252974941{1086347266},3C_20_80-01.txt,4.194,0.100,0.419,3,0.672,160.18,0.224,4.766,0.000
20,ec.gp.GPIndividual@1252974941{1086347266},3C_20_50-03.txt,30.993,0.100,3.099,3,5.938,191.58,1.979,5.766,0.000
20,ec.gp.GPIndividual@1573512889{1008502740},3C_20_50-02.txt,61.404,0.100,6.140,6,6.188,100.77,1.031,1.641,0.000
20,ec.gp.GPIndividual@1573512889{1008502740},3C_20_66-01.txt,7.322,0.100,0.732,4,2.609,356.37,0.652,1.641,0.000
20,ec.gp.GPIndividual@1573512889{1008502740},3C_20_50-03.txt,30.993,0.100,3.099,1,0.000,0.00,0.000,1.641,0.000
20,ec.gp.GPIndividual@1573512889{1008502740},3C_20_50-03.txt,30.993,0.100,3.099,9,3.094,99.82,0.344,1.828,0.000
20,ec.gp.GPIndividual@1573512889{1008502740},3C_20_80-02.txt,35.738,0.100,3.574,6,10.141,283.75,1.690,5.484,0.000
20,ec.gp.GPIndividual@1532123385{569077680},3C_20_50-02.txt,61.404,0.100,6.140,10,6.313,102.80,0.631,1.438,0.000
20,ec.gp.GPIndividual@1532123385{569077680},3C_20_66-02.txt,154.245,0.100,15.424,16,13.313,86.31,0.832,2.531,0.000
20,ec.gp.GPIndividual@1532123385{569077680},3C_20_50-03.txt,30.993,0.100,3.099,3,3.484,112.43,1.161,2.531,0.000
20,ec.gp.GPIndividual@1532123385{569077680},3C_20_80-02.txt,35.738,0.100,3.574,4,4.875,136.41,1.219,2.844,0.000
20,ec.gp.GPIndividual@1532123385{569077680},3C_20_66-01.txt,7.322,0.100,0.732,4,2.141,292.35,0.535,2.844,0.000
20,ec.gp.GPIndividual@1532123385{569077680},3C_20_80-03.txt,169.439,0.100,16.944,14,17.125,101.07,1.223,3.875,0.000
20,ec.gp.GPIndividual@1532123385{569077680},3C_20_66-02.txt,154.245,0.100,15.424,5,5.797,37.58,1.159,4.281,0.000
20,ec.gp.GPIndividual@1532123385{569077680},3C_20_66-03.txt,118.340,0.100,11.834,6,11.969,101.14,1.995,5.844,0.000
20,ec.gp.GPIndividual@1532123385{569077680},3C_20_80-03.txt,169.439,0.100,16.944,9,17.359,102.45,1.929,5.844,0.000
20,ec.gp.GPIndividual@1532123385{569077680},3C_20_80-01.txt,4.194,0.100,0.419,2,1.453,346.44,0.727,5.844,0.000
20,ec.gp.GPIndividual@1532123385{569077680},3C_20_66-03.txt,118.340,0.100,11.834,7,13.328,112.63,1.904,5.844,0.000
20,ec.gp.GPIndividual@1476597078{-364624087},3C_20_50-02.txt,61.404,0.100,6.140,4,8.500,138.43,2.125,6.563,0.000
20,ec.gp.GPIndividual@1751266283{157061429},3C_20_50-02.txt,61.404,0.100,6.140,8,10.766,175.32,1.346,4.750,0.000
20,ec.gp.GPIndividual@1751266283{157061429},3C_20_80-01.txt,4.194,0.100,0.419,2,3.984,949.91,1.992,4.750,0.000
20,ec.gp.GPIndividual@1751266283{157061429},3C_20_66-01.txt,7.322,0.100,0.732,4,0.688,93.89,0.172,4.750,0.000
20,ec.gp.GPIndividual@1751266283{157061429},3C_20_80-02.txt,35.738,0.100,3.574,7,4.672,130.73,0.667,4.750,0.000
20,ec.gp.GPIndividual@1751266283{157061429},3C_20_66-01.txt,7.322,0.100,0.732,3,0.766,104.56,0.255,4.750,0.000
20,ec.gp.GPIndividual@1751266283{157061429},3C_20_50-03.txt,30.993,0.100,3.099,9,3.281,105.87,0.365,4.750,0.000
20,ec.gp.GPIndividual@1751266283{157061429},3C_20_50-03.txt,30.993,0.100,3.099,1,0.000,0.00,0.000,4.750,0.000
20,ec.gp.GPIndividual@1751266283{157061429},3C_20_80-02.txt,35.738,0.100,3.574,9,4.766,133.35,0.530,4.750,0.000
20,ec.gp.GPIndividual@1751266283{157061429},3C_20_66-02.txt,154.245,0.100,15.424,13,18.500,119.94,1.423,4.750,0.000
20,ec.gp.GPIndividual@1751266283{157061429},3C_20_66-01.txt,7.322,0.100,0.732,3,1.188,162.18,0.396,4.750,0.000
20,ec.gp.GPIndividual@1751266283{157061429},3C_20_80-03.txt,169.439,0.100,16.944,4,1.813,10.70,0.453,4.750,0.000
20,ec.gp.GPIndividual@1751266283{157061429},3C_20_80-03.txt,169.439,0.100,16.944,11,16.688,98.49,1.517,4.750,0.000
20,ec.gp.GPIndividual@1751266283{157061429},3C_20_66-02.txt,154.245,0.100,15.424,10,21.563,139.79,2.156,6.188,0.000
20,ec.gp.GPIndividual@899729962{-1531815982},3C_20_50-02.txt,61.404,0.100,6.140,7,6.453,105.09,0.922,2.641,0.000
20,ec.gp.GPIndividual@899729962{-1531815982},3C_20_66-03.txt,118.340,0.100,11.834,8,7.609,64.30,0.951,3.281,0.000
20,ec.gp.GPIndividual@1847902071{-1407003751},3C_20_50-02.txt,61.404,0.100,6.140,4,7.328,119.34,1.832,5.234,0.000
20,ec.gp.GPIndividual@1847902071{-1407003751},3C_20_50-03.txt,30.993,0.100,3.099,7,4.609,148.73,0.658,5.234,0.000
20,ec.gp.GPIndividual@1847902071{-1407003751},3C_20_50-03.txt,30.993,0.100,3.099,3,0.156,5.04,0.052,5.234,0.000
20,ec.gp.GPIndividual@1847902071{-1407003751},3C_20_66-03.txt,118.340,0.100,11.834,4,2.797,23.63,0.699,5.234,0.000
20,ec.gp.GPIndividual@1847902071{-1407003751},3C_20_66-01.txt,7.322,0.100,0.732,3,0.922,125.90,0.307,5.234,0.000
20,ec.gp.GPIndividual@1847902071{-1407003751},3C_20_66-01.txt,7.322,0.100,0.732,6,5.266,719.13,0.878,5.234,0.000
20,ec.gp.GPIndividual@1847902071{-1407003751},3C_20_66-02.txt,154.245,0.100,15.424,15,21.313,138.17,1.421,5.234,0.000
20,ec.gp.GPIndividual@1847902071{-1407003751},3C_20_66-02.txt,154.245,0.100,15.424,5,1.531,9.93,0.306,5.234,0.000
20,ec.gp.GPIndividual@1847902071{-1407003751},3C_20_66-02.txt,154.245,0.100,15.424,8,16.922,109.71,2.115,5.234,0.000
20,ec.gp.GPIndividual@1847902071{-1407003751},3C_20_66-03.txt,118.340,0.100,11.834,5,12.703,107.34,2.541,5.234,0.000
20,ec.gp.GPIndividual@1847902071{-1407003751},3C_20_80-01.txt,4.194,0.100,0.419,2,1.391,331.54,0.695,5.234,0.000
20,ec.gp.GPIndividual@1847902071{-1407003751},3C_20_66-03.txt,118.340,0.100,11.834,15,16.563,139.96,1.104,5.234,0.000
20,ec.gp.GPIndividual@1847902071{-1407003751},3C_20_80-02.txt,35.738,0.100,3.574,5,6.000,167.89,1.200,5.234,0.000
20,ec.gp.GPIndividual@1847902071{-1407003751},3C_20_66-01.txt,7.322,0.100,0.732,5,0.813,110.96,0.163,5.234,0.000
20,ec.gp.GPIndividual@1847902071{-1407003751},3C_20_66-03.txt,118.340,0.100,11.834,11,11.906,100.61,1.082,5.234,0.000
20,ec.gp.GPIndividual@1847902071{-1407003751},3C_20_66-02.txt,154.245,0.100,15.424,9,18.234,118.22,2.026,5.234,0.000
20,ec.gp.GPIndividual@1847902071{-1407003751},3C_20_80-03.txt,169.439,0.100,16.944,9,17.109,100.98,1.901,5.234,0.000
20,ec.gp.GPIndividual@1847902071{-1407003751},3C_20_80-01.txt,4.194,0.100,0.419,4,1.359,324.09,0.340,5.234,0.000
20,ec.gp.GPIndividual@1847902071{-1407003751},3C_20_66-03.txt,118.340,0.100,11.834,6,15.047,127.15,2.508,5.453,0.000
20,ec.gp.GPIndividual@1847902071{-1407003751},3C_20_80-01.txt,4.194,0.100,0.419,4,6.656,1586.90,1.664,6.313,0.000
20,ec.gp.GPIndividual@1831611846{730723222},3C_20_50-02.txt,61.404,0.100,6.140,5,2.563,41.73,0.513,1.422,0.000
20,ec.gp.GPIndividual@1831611846{730723222},3C_20_80-02.txt,35.738,0.100,3.574,5,4.672,130.73,0.934,3.016,0.000
20,ec.gp.GPIndividual@1831611846{730723222},3C_20_80-02.txt,35.738,0.100,3.574,6,4.953,138.59,0.826,3.016,0.000
20,ec.gp.GPIndividual@1831611846{730723222},3C_20_80-01.txt,4.194,0.100,0.419,4,0.797,189.98,0.199,3.016,0.000
20,ec.gp.GPIndividual@1831611846{730723222},3C_20_50-03.txt,30.993,0.100,3.099,5,7.906,255.10,1.581,4.813,0.000
20,ec.gp.GPIndividual@1831611846{730723222},3C_20_80-01.txt,4.194,0.100,0.419,4,0.938,223.51,0.234,4.813,0.000
20,ec.gp.GPIndividual@1831611846{730723222},3C_20_80-02.txt,35.738,0.100,3.574,6,3.766,105.37,0.628,4.813,0.000
20,ec.gp.GPIndividual@1831611846{730723222},3C_20_80-02.txt,35.738,0.100,3.574,7,6.016,168.33,0.859,4.813,0.000
20,ec.gp.GPIndividual@1831611846{730723222},3C_20_80-03.txt,169.439,0.100,16.944,14,20.453,120.71,1.461,4.813,0.000
20,ec.gp.GPIndividual@1831611846{730723222},3C_20_66-01.txt,7.322,0.100,0.732,5,0.500,68.29,0.100,4.813,0.000
20,ec.gp.GPIndividual@1831611846{730723222},3C_20_80-01.txt,4.194,0.100,0.419,3,1.828,435.84,0.609,4.813,0.000
20,ec.gp.GPIndividual@1831611846{730723222},3C_20_80-03.txt,169.439,0.100,16.944,11,17.422,102.82,1.584,5.594,0.000
20,ec.gp.GPIndividual@1831611846{730723222},3C_20_80-02.txt,35.738,0.100,3.574,7,2.844,79.57,0.406,5.594,0.000
20,ec.gp.GPIndividual@1831611846{730723222},3C_20_66-02.txt,154.245,0.100,15.424,5,3.703,24.01,0.741,5.594,0.000
20,ec.gp.GPIndividual@1831611846{730723222},3C_20_80-03.txt,169.439,0.100,16.944,10,16.844,99.41,1.684,5.766,0.000
20,ec.gp.GPIndividual@1831611846{730723222},3C_20_80-03.txt,169.439,0.100,16.944,8,15.203,89.73,1.900,5.875,0.000
20,ec.gp.GPIndividual@1831611846{730723222},3C_20_80-03.txt,169.439,0.100,16.944,7,18.641,110.01,2.663,6.391,0.000
20,ec.gp.GPIndividual@529208172{320976379},3C_20_50-02.txt,61.404,0.100,6.140,3,1.266,20.61,0.422,0.859,0.000
20,ec.gp.GPIndividual@272531406{1963458929},3C_20_50-02.txt,61.404,0.100,6.140,7,4.906,79.90,0.701,2.578,0.000
20,ec.gp.GPIndividual@885420208{1482431962},3C_20_50-02.txt,61.404,0.100,6.140,1,0.000,0.00,0.000,0.000,0.000
20,ec.gp.GPIndividual@885420208{1482431962},3C_20_50-03.txt,30.993,0.100,3.099,1,0.000,0.00,0.000,0.000,0.000
20,ec.gp.GPIndividual@885420208{1482431962},3C_20_66-01.txt,7.322,0.100,0.732,1,0.000,0.00,0.000,0.000,0.000
20,ec.gp.GPIndividual@885420208{1482431962},3C_20_66-02.txt,154.245,0.100,15.424,1,0.000,0.00,0.000,0.000,0.000
20,ec.gp.GPIndividual@885420208{1482431962},3C_20_66-03.txt,118.340,0.100,11.834,1,0.000,0.00,0.000,0.000,0.000
20,ec.gp.GPIndividual@885420208{1482431962},3C_20_80-01.txt,4.194,0.100,0.419,1,0.000,0.00,0.000,0.000,0.000
20,ec.gp.GPIndividual@885420208{1482431962},3C_20_80-02.txt,35.738,0.100,3.574,1,0.000,0.00,0.000,0.000,0.000
20,ec.gp.GPIndividual@885420208{1482431962},3C_20_80-03.txt,169.439,0.100,16.944,1,0.000,0.00,0.000,0.000,0.000
20,ec.gp.GPIndividual@1977347012{-2110726474},3C_20_50-02.txt,61.404,0.100,6.140,9,5.063,82.45,0.563,2.078,0.000
20,ec.gp.GPIndividual@1977347012{-2110726474},3C_20_50-03.txt,30.993,0.100,3.099,5,2.578,83.19,0.516,2.078,0.000
20,ec.gp.GPIndividual@1977347012{-2110726474},3C_20_66-01.txt,7.322,0.100,0.732,5,0.609,83.22,0.122,2.078,0.000
20,ec.gp.GPIndividual@1977347012{-2110726474},3C_20_66-02.txt,154.245,0.100,15.424,13,14.297,92.69,1.100,5.250,0.000
20,ec.gp.GPIndividual@1977347012{-2110726474},3C_20_66-03.txt,118.340,0.100,11.834,5,8.000,67.60,1.600,5.250,0.000
20,ec.gp.GPIndividual@1977347012{-2110726474},3C_20_80-01.txt,4.194,0.100,0.419,5,0.375,89.40,0.075,5.250,0.000
20,ec.gp.GPIndividual@1977347012{-2110726474},3C_20_80-02.txt,35.738,0.100,3.574,9,2.703,75.64,0.300,5.250,0.000
20,ec.gp.GPIndividual@1977347012{-2110726474},3C_20_80-03.txt,169.439,0.100,16.944,5,11.156,65.84,2.231,6.484,0.000
21,ec.gp.GPIndividual@887500160{307590532},3C_20_50-02.txt,61.404,0.100,6.140,11,8.891,144.79,0.808,1.844,0.000
21,ec.gp.GPIndividual@887500160{307590532},3C_20_50-03.txt,30.993,0.100,3.099,3,3.688,118.98,1.229,1.844,0.000
21,ec.gp.GPIndividual@887500160{307590532},3C_20_50-03.txt,30.993,0.100,3.099,4,0.594,19.16,0.148,1.844,0.000
21,ec.gp.GPIndividual@887500160{307590532},3C_20_50-03.txt,30.993,0.100,3.099,12,2.359,76.13,0.197,1.844,0.000
21,ec.gp.GPIndividual@887500160{307590532},3C_20_50-03.txt,30.993,0.100,3.099,7,3.125,100.83,0.446,1.844,0.000
21,ec.gp.GPIndividual@887500160{307590532},3C_20_66-01.txt,7.322,0.100,0.732,3,0.438,59.75,0.146,1.844,0.000
21,ec.gp.GPIndividual@887500160{307590532},3C_20_50-03.txt,30.993,0.100,3.099,3,0.297,9.58,0.099,1.844,0.000
21,ec.gp.GPIndividual@887500160{307590532},3C_20_50-03.txt,30.993,0.100,3.099,6,3.203,103.35,0.534,1.844,0.000
21,ec.gp.GPIndividual@887500160{307590532},3C_20_66-02.txt,154.245,0.100,15.424,9,17.500,113.46,1.944,4.313,0.000
21,ec.gp.GPIndividual@887500160{307590532},3C_20_66-01.txt,7.322,0.100,0.732,2,4.484,612.44,2.242,4.484,0.000
21,ec.gp.GPIndividual@887500160{307590532},3C_20_66-01.txt,7.322,0.100,0.732,5,9.109,1244.08,1.822,4.484,0.000
21,ec.gp.GPIndividual@887500160{307590532},3C_20_66-01.txt,7.322,0.100,0.732,3,1.188,162.18,0.396,4.484,0.000
21,ec.gp.GPIndividual@887500160{307590532},3C_20_66-03.txt,118.340,0.100,11.834,13,11.859,100.21,0.912,4.484,0.000
21,ec.gp.GPIndividual@887500160{307590532},3C_20_66-02.txt,154.245,0.100,15.424,10,16.000,103.73,1.600,4.906,0.000
21,ec.gp.GPIndividual@887500160{307590532},3C_20_66-02.txt,154.245,0.100,15.424,9,15.469,100.29,1.719,4.906,0.000
21,ec.gp.GPIndividual@887500160{307590532},3C_20_66-01.txt,7.322,0.100,0.732,2,1.422,194.19,0.711,4.906,0.000
21,ec.gp.GPIndividual@887500160{307590532},3C_20_66-03.txt,118.340,0.100,11.834,10,16.156,136.52,1.616,5.266,0.000
21,ec.gp.GPIndividual@887500160{307590532},3C_20_80-01.txt,4.194,0.100,0.419,3,0.656,156.46,0.219,5.266,0.000
21,ec.gp.GPIndividual@887500160{307590532},3C_20_66-03.txt,118.340,0.100,11.834,10,12.313,104.04,1.231,5.266,0.000
21,ec.gp.GPIndividual@887500160{307590532},3C_20_80-01.txt,4.194,0.100,0.419,3,1.547,368.79,0.516,5.266,0.000
21,ec.gp.GPIndividual@887500160{307590532},3C_20_66-02.txt,154.245,0.100,15.424,5,3.641,23.60,0.728,5.266,0.000
21,ec.gp.GPIndividual@887500160{307590532},3C_20_66-02.txt,154.245,0.100,15.424,8,15.516,100.59,1.939,5.266,0.000
21,ec.gp.GPIndividual@887500160{307590532},3C_20_80-02.txt,35.738,0.100,3.574,5,3.750,104.93,0.750,5.266,0.000
21,ec.gp.GPIndividual@887500160{307590532},3C_20_66-03.txt,118.340,0.100,11.834,6,8.109,68.53,1.352,5.266,0.000
21,ec.gp.GPIndividual@887500160{307590532},3C_20_66-01.txt,7.322,0.100,0.732,5,0.891,121.63,0.178,5.266,0.000
21,ec.gp.GPIndividual@887500160{307590532},3C_20_66-02.txt,154.245,0.100,15.424,2,1.406,9.12,0.703,5.266,0.000
21,ec.gp.GPIndividual@887500160{307590532},3C_20_66-03.txt,118.340,0.100,11.834,7,12.922,109.19,1.846,5.266,0.000
21,ec.gp.GPIndividual@887500160{307590532},3C_20_80-03.txt,169.439,0.100,16.944,11,18.359,108.35,1.669,5.266,0.000
21,ec.gp.GPIndividual@887500160{307590532},3C_20_66-03.txt,118.340,0.100,11.834,7,12.109,102.33,1.730,5.266,0.000
21,ec.gp.GPIndividual@887500160{307590532},3C_20_80-01.txt,4.194,0.100,0.419,4,0.516,122.93,0.129,5.266,0.000
21,ec.gp.GPIndividual@887500160{307590532},3C_20_80-02.txt,35.738,0.100,3.574,2,6.203,173.57,3.102,6.203,0.000
21,ec.gp.GPIndividual@16764316{642607999},3C_20_50-02.txt,61.404,0.100,6.140,4,7.656,124.69,1.914,3.578,0.516
21,ec.gp.GPIndividual@16764316{642607999},3C_20_80-02.txt,35.738,0.100,3.574,5,6.984,195.43,1.397,4.281,0.000
21,ec.gp.GPIndividual@16764316{642607999},3C_20_80-01.txt,4.194,0.100,0.419,2,1.578,376.24,0.789,4.281,0.000
21,ec.gp.GPIndividual@16764316{642607999},3C_20_50-03.txt,30.993,0.100,3.099,2,0.391,12.60,0.195,4.281,0.000
21,ec.gp.GPIndividual@16764316{642607999},3C_20_80-01.txt,4.194,0.100,0.419,4,5.219,1244.19,1.305,4.828,0.000
21,ec.gp.GPIndividual@16764316{642607999},3C_20_80-01.txt,4.194,0.100,0.419,5,1.016,242.13,0.203,4.828,0.000
21,ec.gp.GPIndividual@16764316{642607999},3C_20_80-02.txt,35.738,0.100,3.574,5,3.875,108.43,0.775,4.828,0.000
21,ec.gp.GPIndividual@16764316{642607999},3C_20_66-01.txt,7.322,0.100,0.732,4,1.000,136.57,0.250,4.828,0.000
21,ec.gp.GPIndividual@16764316{642607999},3C_20_66-02.txt,154.245,0.100,15.424,12,15.953,103.43,1.329,4.828,0.000
21,ec.gp.GPIndividual@16764316{642607999},3C_20_66-03.txt,118.340,0.100,11.834,5,4.141,34.99,0.828,4.828,0.000
21,ec.gp.GPIndividual@16764316{642607999},3C_20_80-03.txt,169.439,0.100,16.944,5,8.406,49.61,1.681,4.828,0.000
21,ec.gp.GPIndividual@16764316{642607999},3C_20_80-03.txt,169.439,0.100,16.944,6,17.297,102.08,2.883,4.828,0.000
21,ec.gp.GPIndividual@16764316{642607999},3C_20_80-02.txt,35.738,0.100,3.574,3,7.219,201.99,2.406,6.125,0.000
21,ec.gp.GPIndividual@1688239352{-1727947840},3C_20_50-02.txt,61.404,0.100,6.140,5,6.516,106.11,1.303,3.328,0.000
21,ec.gp.GPIndividual@1688239352{-1727947840},3C_20_80-02.txt,35.738,0.100,3.574,4,5.438,152.15,1.359,5.094,0.000
21,ec.gp.GPIndividual@1688239352{-1727947840},3C_20_80-03.txt,169.439,0.100,16.944,10,17.609,103.93,1.761,6.344,0.000
21,ec.gp.GPIndividual@1688239352{-1727947840},3C_20_80-01.txt,4.194,0.100,0.419,2,0.859,204.88,0.430,6.344,0.000
21,ec.gp.GPIndividual@1688239352{-1727947840},3C_20_50-03.txt,30.993,0.100,3.099,4,3.594,115.96,0.898,6.344,0.000
21,ec.gp.GPIndividual@1688239352{-1727947840},3C_20_80-03.txt,169.439,0.100,16.944,9,17.000,100.33,1.889,6.344,0.000
21,ec.gp.GPIndividual@937293282{510872700},3C_20_50-02.txt,61.404,0.100,6.140,4,6.734,109.67,1.684,4.375,0.000
21,ec.gp.GPIndividual@937293282{510872700},3C_20_50-03.txt,30.993,0.100,3.099,4,5.953,192.08,1.488,4.375,0.000
21,ec.gp.GPIndividual@937293282{510872700},3C_20_80-02.txt,35.738,0.100,3.574,4,6.875,192.37,1.719,6.094,0.000
21,ec.gp.GPIndividual@1366836007{-1898989724},3C_20_50-02.txt,61.404,0.100,6.140,5,5.703,92.88,1.141,5.359,0.000
21,ec.gp.GPIndividual@482634701{1741680748},3C_20_50-02.txt,61.404,0.100,6.140,6,3.297,53.69,0.549,1.266,0.000
21,ec.gp.GPIndividual@482634701{1741680748},3C_20_80-03.txt,169.439,0.100,16.944,18,12.891,76.08,0.716,2.188,0.000
21,ec.gp.GPIndividual@482634701{1741680748},3C_20_50-03.txt,30.993,0.100,3.099,3,0.313,10.08,0.104,2.188,0.000
21,ec.gp.GPIndividual@482634701{1741680748},3C_20_50-03.txt,30.993,0.100,3.099,3,4.453,143.68,1.484,3.672,0.000
21,ec.gp.GPIndividual@482634701{1741680748},3C_20_66-01.txt,7.322,0.100,0.732,5,2.969,405.45,0.594,3.672,0.000
21,ec.gp.GPIndividual@482634701{1741680748},3C_20_80-03.txt,169.439,0.100,16.944,10,17.547,103.56,1.755,5.594,0.000
21,ec.gp.GPIndividual@1598433050{609272853},3C_20_50-02.txt,61.404,0.100,6.140,3,0.156,2.54,0.052,0.156,0.000
21,ec.gp.GPIndividual@1598433050{609272853},3C_20_66-02.txt,154.245,0.100,15.424,7,20.578,133.41,2.940,6.156,0.000
21,ec.gp.GPIndividual@2110196593{2082117088},3C_20_50-02.txt,61.404,0.100,6.140,9,8.391,136.65,0.932,2.781,0.000
21,ec.gp.GPIndividual@2110196593{2082117088},3C_20_66-01.txt,7.322,0.100,0.732,4,1.156,157.91,0.289,2.781,0.000
21,ec.gp.GPIndividual@2110196593{2082117088},3C_20_50-03.txt,30.993,0.100,3.099,3,2.156,69.57,0.719,2.781,0.000
21,ec.gp.GPIndividual@2110196593{2082117088},3C_20_50-03.txt,30.993,0.100,3.099,3,1.688,54.45,0.563,2.781,0.000
21,ec.gp.GPIndividual@2110196593{2082117088},3C_20_66-01.txt,7.322,0.100,0.732,4,1.375,187.79,0.344,2.781,0.000
21,ec.gp.GPIndividual@2110196593{2082117088},3C_20_66-02.txt,154.245,0.100,15.424,3,1.344,8.71,0.448,2.781,0.000
21,ec.gp.GPIndividual@2110196593{2082117088},3C_20_66-03.txt,118.340,0.100,11.834,9,13.750,116.19,1.528,4.547,0.000
21,ec.gp.GPIndividual@2110196593{2082117088},3C_20_66-03.txt,118.340,0.100,11.834,2,1.984,16.77,0.992,4.547,0.000
21,ec.gp.GPIndividual@2110196593{2082117088},3C_20_66-01.txt,7.322,0.100,0.732,3,1.734,236.87,0.578,4.547,0.000
21,ec.gp.GPIndividual@2110196593{2082117088},3C_20_66-02.txt,154.245,0.100,15.424,11,14.344,92.99,1.304,4.875,0.000
21,ec.gp.GPIndividual@2110196593{2082117088},3C_20_66-02.txt,154.245,0.100,15.424,6,18.000,116.70,3.000,5.156,0.000
21,ec.gp.GPIndividual@2110196593{2082117088},3C_20_66-01.txt,7.322,0.100,0.732,2,1.406,192.05,0.703,5.156,0.000
21,ec.gp.GPIndividual@2110196593{2082117088},3C_20_66-03.txt,118.340,0.100,11.834,9,13.813,116.72,1.535,5.156,0.000
21,ec.gp.GPIndividual@2110196593{2082117088},3C_20_66-01.txt,7.322,0.100,0.732,3,1.766,241.13,0.589,5.156,0.000
21,ec.gp.GPIndividual@2110196593{2082117088},3C_20_66-03.txt,118.340,0.100,11.834,9,13.531,114.34,1.503,5.156,0.000
21,ec.gp.GPIndividual@2110196593{2082117088},3C_20_66-02.txt,154.245,0.100,15.424,8,15.531,100.69,1.941,5.156,0.000
21,ec.gp.GPIndividual@2110196593{2082117088},3C_20_80-01.txt,4.194,0.100,0.419,3,0.344,81.95,0.115,5.156,0.000
21,ec.gp.GPIndividual@2110196593{2082117088},3C_20_80-02.txt,35.738,0.100,3.574,4,7.203,201.55,1.801,5.156,0.000
21,ec.gp.GPIndividual@2110196593{2082117088},3C_20_80-01.txt,4.194,0.100,0.419,3,1.922,458.19,0.641,5.156,0.000
21,ec.gp.GPIndividual@2110196593{2082117088},3C_20_80-03.txt,169.439,0.100,16.944,11,18.031,106.42,1.639,5.156,0.000
21,ec.gp.GPIndividual@2110196593{2082117088},3C_20_66-02.txt,154.245,0.100,15.424,9,16.188,104.95,1.799,5.156,0.000
21,ec.gp.GPIndividual@2110196593{2082117088},3C_20_66-03.txt,118.340,0.100,11.834,3,2.219,18.75,0.740,5.156,0.000
21,ec.gp.GPIndividual@2110196593{2082117088},3C_20_80-02.txt,35.738,0.100,3.574,2,6.000,167.89,3.000,6.000,0.000
21,ec.gp.GPIndividual@412180461{1289869248},3C_20_50-02.txt,61.404,0.100,6.140,7,7.438,121.12,1.063,1.953,0.000
21,ec.gp.GPIndividual@412180461{1289869248},3C_20_80-01.txt,4.194,0.100,0.419,3,2.828,674.25,0.943,1.953,0.000
21,ec.gp.GPIndividual@412180461{1289869248},3C_20_50-03.txt,30.993,0.100,3.099,2,3.938,127.05,1.969,3.938,0.000
21,ec.gp.GPIndividual@412180461{1289869248},3C_20_80-01.txt,4.194,0.100,0.419,3,0.500,119.20,0.167,3.938,0.000
21,ec.gp.GPIndividual@412180461{1289869248},3C_20_80-03.txt,169.439,0.100,16.944,14,19.156,113.06,1.368,4.891,0.000
21,ec.gp.GPIndividual@412180461{1289869248},3C_20_80-02.txt,35.738,0.100,3.574,4,5.234,146.46,1.309,4.891,0.000
21,ec.gp.GPIndividual@412180461{1289869248},3C_20_66-01.txt,7.322,0.100,0.732,4,6.422,877.04,1.605,5.906,0.000
21,ec.gp.GPIndividual@69175465{-1113541121},3C_20_50-02.txt,61.404,0.100,6.140,8,5.484,89.32,0.686,1.516,0.000
21,ec.gp.GPIndividual@69175465{-1113541121},3C_20_50-03.txt,30.993,0.100,3.099,3,0.859,27.73,0.286,1.516,0.000
21,ec.gp.GPIndividual@69175465{-1113541121},3C_20_80-02.txt,35.738,0.100,3.574,3,7.469,208.99,2.490,6.172,0.000
21,ec.gp.GPIndividual@69175465{-1113541121},3C_20_66-03.txt,118.340,0.100,11.834,11,12.750,107.74,1.159,6.172,0.000
21,ec.gp.GPIndividual@69175465{-1113541121},3C_20_66-02.txt,154.245,0.100,15.424,4,4.109,26.64,1.027,6.172,0.000
21,ec.gp.GPIndividual@69175465{-1113541121},3C_20_66-01.txt,7.322,0.100,0.732,2,3.719,507.87,1.859,6.172,0.000
21,ec.gp.GPIndividual@69175465{-1113541121},3C_20_80-01.txt,4.194,0.100,0.419,3,0.453,108.03,0.151,6.172,0.000
21,ec.gp.GPIndividual@69175465{-1113541121},3C_20_66-02.txt,154.245,0.100,15.424,10,16.000,103.73,1.600,6.172,0.000
21,ec.gp.GPIndividual@69175465{-1113541121},3C_20_66-03.txt,118.340,0.100,11.834,2,0.422,3.56,0.211,6.172,0.000
21,ec.gp.GPIndividual@69175465{-1113541121},3C_20_66-03.txt,118.340,0.100,11.834,4,6.391,54.00,1.598,6.172,0.000
21,ec.gp.GPIndividual@69175465{-1113541121},3C_20_80-03.txt,169.439,0.100,16.944,8,21.078,124.40,2.635,6.172,0.000
21,ec.gp.GPIndividual@69175465{-1113541121},3C_20_80-01.txt,4.194,0.100,0.419,3,0.656,156.46,0.219,6.172,0.000
21,ec.gp.GPIndividual@69175465{-1113541121},3C_20_80-02.txt,35.738,0.100,3.574,4,4.594,128.54,1.148,6.172,0.000
21,ec.gp.GPIndividual@69175465{-1113541121},3C_20_80-03.txt,169.439,0.100,16.944,7,17.672,104.30,2.525,6.172,0.000
21,ec.gp.GPIndividual@69175465{-1113541121},3C_20_80-03.txt,169.439,0.100,16.944,10,19.328,114.07,1.933,6.172,0.000
21,ec.gp.GPIndividual@472734216{-1927893449},3C_20_50-02.txt,61.404,0.100,6.140,9,9.813,159.80,1.090,4.109,0.000
21,ec.gp.GPIndividual@472734216{-1927893449},3C_20_80-01.txt,4.194,0.100,0.419,2,1.594,379.96,0.797,4.109,0.000
21,ec.gp.GPIndividual@472734216{-1927893449},3C_20_50-03.txt,30.993,0.100,3.099,2,5.359,172.92,2.680,5.359,0.000
21,ec.gp.GPIndividual@771515653{-2071745826},3C_20_50-02.txt,61.404,0.100,6.140,5,2.438,39.70,0.488,1.875,0.000
21,ec.gp.GPIndividual@771515653{-2071745826},3C_20_80-02.txt,35.738,0.100,3.574,2,5.922,165.70,2.961,5.922,0.000
21,ec.gp.GPIndividual@1740396523{-1454828483},3C_20_50-02.txt,61.404,0.100,6.140,8,7.344,119.60,0.918,1.781,0.000
21,ec.gp.GPIndividual@1740396523{-1454828483},3C_20_50-03.txt,30.993,0.100,3.099,4,3.109,100.33,0.777,1.781,0.000
21,ec.gp.GPIndividual@1740396523{-1454828483},3C_20_80-02.txt,35.738,0.100,3.574,7,5.438,152.15,0.777,2.359,0.000
21,ec.gp.GPIndividual@1740396523{-1454828483},3C_20_50-03.txt,30.993,0.100,3.099,7,4.250,137.13,0.607,2.359,0.000
21,ec.gp.GPIndividual@1740396523{-1454828483},3C_20_80-03.txt,169.439,0.100,16.944,11,19.984,117.94,1.817,4.719,0.000
21,ec.gp.GPIndividual@1740396523{-1454828483},3C_20_80-01.txt,4.194,0.100,0.419,2,4.719,1124.99,2.359,4.719,0.000
21,ec.gp.GPIndividual@1740396523{-1454828483},3C_20_66-01.txt,7.322,0.100,0.732,5,5.078,693.53,1.016,4.719,0.000
21,ec.gp.GPIndividual@1740396523{-1454828483},3C_20_80-03.txt,169.439,0.100,16.944,12,18.547,109.46,1.546,6.172,0.000
21,ec.gp.GPIndividual@1740396523{-1454828483},3C_20_66-01.txt,7.322,0.100,0.732,5,0.516,70.42,0.103,6.172,0.000
21,ec.gp.GPIndividual@1740396523{-1454828483},3C_20_80-02.txt,35.738,0.100,3.574,5,5.438,152.15,1.088,6.172,0.000
21,ec.gp.GPIndividual@919850169{-1991569532},3C_20_50-02.txt,61.404,0.100,6.140,7,6.172,100.51,0.882,4.531,0.000
21,ec.gp.GPIndividual@919850169{-1991569532},3C_20_66-02.txt,154.245,0.100,15.424,6,2.500,16.21,0.417,4.531,0.000
21,ec.gp.GPIndividual@919850169{-1991569532},3C_20_66-01.txt,7.322,0.100,0.732,2,1.438,196.32,0.719,4.531,0.000
21,ec.gp.GPIndividual@919850169{-1991569532},3C_20_80-03.txt,169.439,0.100,16.944,13,16.984,100.24,1.306,6.109,0.000
21,ec.gp.GPIndividual@919850169{-1991569532},3C_20_66-02.txt,154.245,0.100,15.424,3,0.859,5.57,0.286,6.109,0.000
21,ec.gp.GPIndividual@919850169{-1991569532},3C_20_66-02.txt,154.245,0.100,15.424,8,19.406,125.81,2.426,6.109,0.000
21,ec.gp.GPIndividual@851317488{-756180619},3C_20_50-02.txt,61.404,0.100,6.140,6,7.438,121.12,1.240,2.984,0.000
21,ec.gp.GPIndividual@851317488{-756180619},3C_20_50-03.txt,30.993,0.100,3.099,4,3.984,128.56,0.996,2.984,0.000
21,ec.gp.GPIndividual@851317488{-756180619},3C_20_66-03.txt,118.340,0.100,11.834,3,0.328,2.77,0.109,2.984,0.000
21,ec.gp.GPIndividual@1707146965{1026290067},3C_20_50-02.txt,61.404,0.100,6.140,11,7.109,115.78,0.646,1.719,0.000
21,ec.gp.GPIndividual@1707146965{1026290067},3C_20_66-03.txt,118.340,0.100,11.834,5,4.000,33.80,0.800,1.719,0.000
21,ec.gp.GPIndividual@1707146965{1026290067},3C_20_50-03.txt,30.993,0.100,3.099,8,3.047,98.31,0.381,1.719,0.000
21,ec.gp.GPIndividual@1707146965{1026290067},3C_20_50-03.txt,30.993,0.100,3.099,3,5.000,161.33,1.667,4.141,0.000
21,ec.gp.GPIndividual@1707146965{1026290067},3C_20_80-01.txt,4.194,0.100,0.419,4,0.500,119.20,0.125,4.141,0.000
21,ec.gp.GPIndividual@1707146965{1026290067},3C_20_80-02.txt,35.738,0.100,3.574,5,6.406,179.26,1.281,4.141,0.000
21,ec.gp.GPIndividual@1707146965{1026290067},3C_20_66-01.txt,7.322,0.100,0.732,4,1.031,140.84,0.258,4.141,0.000
21,ec.gp.GPIndividual@1707146965{1026290067},3C_20_66-01.txt,7.322,0.100,0.732,4,0.906,123.77,0.227,4.141,0.000
21,ec.gp.GPIndividual@1707146965{1026290067},3C_20_66-02.txt,154.245,0.100,15.424,11,16.609,107.68,1.510,4.875,0.000
21,ec.gp.GPIndividual@1707146965{1026290067},3C_20_80-03.txt,169.439,0.100,16.944,7,8.094,47.77,1.156,4.875,0.000
21,ec.gp.GPIndividual@1707146965{1026290067},3C_20_66-03.txt,118.340,0.100,11.834,6,10.234,86.48,1.706,4.875,0.000
21,ec.gp.GPIndividual@1707146965{1026290067},3C_20_66-02.txt,154.245,0.100,15.424,8,17.500,113.46,2.188,5.906,0.000
21,ec.gp.GPIndividual@556941153{-478365468},3C_20_50-02.txt,61.404,0.100,6.140,5,6.406,104.33,1.281,4.828,0.000
21,ec.gp.GPIndividual@556941153{-478365468},3C_20_50-03.txt,30.993,0.100,3.099,6,3.219,103.86,0.536,4.828,0.000
21,ec.gp.GPIndividual@556941153{-478365468},3C_20_66-03.txt,118.340,0.100,11.834,4,3.969,33.54,0.992,4.828,0.000
21,ec.gp.GPIndividual@556941153{-478365468},3C_20_66-03.txt,118.340,0.100,11.834,8,13.266,112.10,1.658,5.625,0.000
21,ec.gp.GPIndividual@556941153{-478365468},3C_20_80-01.txt,4.194,0.100,0.419,4,1.234,294.29,0.309,5.625,0.000
21,ec.gp.GPIndividual@556941153{-478365468},3C_20_66-01.txt,7.322,0.100,0.732,5,4.578,625.24,0.916,5.625,0.000
21,ec.gp.GPIndividual@556941153{-478365468},3C_20_80-01.txt,4.194,0.100,0.419,4,4.375,1043.04,1.094,5.625,0.000
21,ec.gp.GPIndividual@556941153{-478365468},3C_20_66-01.txt,7.322,0.100,0.732,5,5.484,749.01,1.097,5.625,0.000
21,ec.gp.GPIndividual@556941153{-478365468},3C_20_66-02.txt,154.245,0.100,15.424,13,16.688,108.19,1.284,5.625,0.000
21,ec.gp.GPIndividual@556941153{-478365468},3C_20_80-02.txt,35.738,0.100,3.574,5,6.422,179.69,1.284,5.625,0.000
21,ec.gp.GPIndividual@556941153{-478365468},3C_20_80-01.txt,4.194,0.100,0.419,3,0.703,167.63,0.234,5.625,0.000
21,ec.gp.GPIndividual@556941153{-478365468},3C_20_66-03.txt,118.340,0.100,11.834,10,12.266,103.65,1.227,5.625,0.000
21,ec.gp.GPIndividual@556941153{-478365468},3C_20_80-02.txt,35.738,0.100,3.574,5,3.594,100.56,0.719,5.625,0.000
21,ec.gp.GPIndividual@556941153{-478365468},3C_20_80-02.txt,35.738,0.100,3.574,5,4.047,113.24,0.809,5.625,0.000
21,ec.gp.GPIndividual@556941153{-478365468},3C_20_80-01.txt,4.194,0.100,0.419,4,1.875,447.02,0.469,5.625,0.000
21,ec.gp.GPIndividual@556941153{-478365468},3C_20_80-02.txt,35.738,0.100,3.574,3,1.156,32.35,0.385,5.625,0.000
21,ec.gp.GPIndividual@556941153{-478365468},3C_20_66-02.txt,154.245,0.100,15.424,9,16.750,108.59,1.861,5.625,0.000
21,ec.gp.GPIndividual@556941153{-478365468},3C_20_66-03.txt,118.340,0.100,11.834,3,0.516,4.36,0.172,5.625,0.000
21,ec.gp.GPIndividual@556941153{-478365468},3C_20_80-03.txt,169.439,0.100,16.944,13,21.078,124.40,1.621,5.625,0.000
21,ec.gp.GPIndividual@556941153{-478365468},3C_20_80-03.txt,169.439,0.100,16.944,8,16.906,99.78,2.113,6.250,0.000
21,ec.gp.GPIndividual@556941153{-478365468},3C_20_80-03.txt,169.439,0.100,16.944,8,16.438,97.01,2.055,6.250,0.000
21,ec.gp.GPIndividual@556941153{-478365468},3C_20_80-03.txt,169.439,0.100,16.944,5,19.906,117.48,3.981,6.531,0.000
21,ec.gp.GPIndividual@1412936547{1666116671},3C_20_50-02.txt,61.404,0.100,6.140,4,6.594,107.38,1.648,5.391,0.000
21,ec.gp.GPIndividual@1412936547{1666116671},3C_20_80-01.txt,4.194,0.100,0.419,3,0.500,119.20,0.167,5.391,0.000
21,ec.gp.GPIndividual@1412936547{1666116671},3C_20_80-02.txt,35.738,0.100,3.574,6,7.641,213.79,1.273,5.391,0.000
21,ec.gp.GPIndividual@239307546{-1234961028},3C_20_50-02.txt,61.404,0.100,6.140,3,0.156,2.54,0.052,0.156,0.000
21,ec.gp.GPIndividual@239307546{-1234961028},3C_20_80-01.txt,4.194,0.100,0.419,2,1.906,454.47,0.953,1.906,0.000
21,ec.gp.GPIndividual@239307546{-1234961028},3C_20_50-03.txt,30.993,0.100,3.099,4,3.719,119.99,0.930,1.984,0.000
21,ec.gp.GPIndividual@87588955{1461513337},3C_20_50-02.txt,61.404,0.100,6.140,9,6.828,111.20,0.759,1.344,0.000
21,ec.gp.GPIndividual@87588955{1461513337},3C_20_80-03.txt,169.439,0.100,16.944,11,5.438,32.09,0.494,1.516,0.000
21,ec.gp.GPIndividual@87588955{1461513337},3C_20_50-03.txt,30.993,0.100,3.099,5,4.484,144.69,0.897,2.859,0.000
21,ec.gp.GPIndividual@87588955{1461513337},3C_20_80-02.txt,35.738,0.100,3.574,7,3.578,100.12,0.511,3.016,0.000
21,ec.gp.GPIndividual@87588955{1461513337},3C_20_66-01.txt,7.322,0.100,0.732,2,3.453,471.60,1.727,3.453,0.000
21,ec.gp.GPIndividual@87588955{1461513337},3C_20_66-01.txt,7.322,0.100,0.732,4,1.109,151.51,0.277,3.453,0.000
21,ec.gp.GPIndividual@87588955{1461513337},3C_20_66-02.txt,154.245,0.100,15.424,10,16.953,109.91,1.695,4.500,0.000
21,ec.gp.GPIndividual@87588955{1461513337},3C_20_66-01.txt,7.322,0.100,0.732,2,1.016,138.71,0.508,4.500,0.000
21,ec.gp.GPIndividual@87588955{1461513337},3C_20_80-03.txt,169.439,0.100,16.944,13,17.578,103.74,1.352,4.500,0.000
21,ec.gp.GPIndividual@616402154{-182217158},3C_20_50-02.txt,61.404,0.100,6.140,4,6.781,110.44,1.695,4.547,0.000
21,ec.gp.GPIndividual@1652838701{1120528751},3C_20_50-02.txt,61.404,0.100,6.140,6,6.266,102.04,1.044,5.531,0.000
21,ec.gp.GPIndividual@1652838701{1120528751},3C_20_66-02.txt,154.245,0.100,15.424,17,8.922,57.84,0.525,5.531,0.000
21,ec.gp.GPIndividual@1652838701{1120528751},3C_20_50-03.txt,30.993,0.100,3.099,2,0.391,12.60,0.195,5.531,0.000
21,ec.gp.GPIndividual@1652838701{1120528751},3C_20_50-03.txt,30.993,0.100,3.099,7,5.250,169.40,0.750,5.531,0.000
21,ec.gp.GPIndividual@1652838701{1120528751},3C_20_66-01.txt,7.322,0.100,0.732,6,1.344,183.52,0.224,5.531,0.000
21,ec.gp.GPIndividual@1652838701{1120528751},3C_20_66-03.txt,118.340,0.100,11.834,11,12.297,103.91,1.118,5.531,0.000
21,ec.gp.GPIndividual@1652838701{1120528751},3C_20_66-03.txt,118.340,0.100,11.834,8,12.344,104.31,1.543,5.531,0.000
21,ec.gp.GPIndividual@1652838701{1120528751},3C_20_80-01.txt,4.194,0.100,0.419,3,0.422,100.58,0.141,5.531,0.000
21,ec.gp.GPIndividual@1652838701{1120528751},3C_20_80-02.txt,35.738,0.100,3.574,3,3.984,111.49,1.328,5.531,0.000
21,ec.gp.GPIndividual@1652838701{1120528751},3C_20_66-02.txt,154.245,0.100,15.424,3,0.766,4.96,0.255,5.531,0.000
21,ec.gp.GPIndividual@1652838701{1120528751},3C_20_66-02.txt,154.245,0.100,15.424,10,16.500,106.97,1.650,5.531,0.000
21,ec.gp.GPIndividual@1652838701{1120528751},3C_20_66-03.txt,118.340,0.100,11.834,9,12.734,107.61,1.415,5.531,0.000
21,ec.gp.GPIndividual@1652838701{1120528751},3C_20_80-03.txt,169.439,0.100,16.944,13,16.375,96.64,1.260,5.531,0.000
21,ec.gp.GPIndividual@1652838701{1120528751},3C_20_66-03.txt,118.340,0.100,11.834,8,11.078,93.61,1.385,5.531,0.000
21,ec.gp.GPIndividual@1652838701{1120528751},3C_20_80-01.txt,4.194,0.100,0.419,2,6.469,1542.20,3.234,6.469,0.000
21,ec.gp.GPIndividual@1652838701{1120528751},3C_20_66-01.txt,7.322,0.100,0.732,5,1.063,145.11,0.213,6.469,0.000
21,ec.gp.GPIndividual@1652838701{1120528751},3C_20_66-02.txt,154.245,0.100,15.424,12,15.563,100.89,1.297,6.469,0.000
21,ec.gp.GPIndividual@1652838701{1120528751},3C_20_66-03.txt,118.340,0.100,11.834,7,4.953,41.86,0.708,6.469,0.000
21,ec.gp.GPIndividual@1652838701{1120528751},3C_20_80-02.txt,35.738,0.100,3.574,2,5.094,142.53,2.547,6.469,0.000
21,ec.gp.GPIndividual@872345098{284729565},3C_20_50-02.txt,61.404,0.100,6.140,7,9.313,151.66,1.330,3.266,0.000
21,ec.gp.GPIndividual@872345098{284729565},3C_20_80-01.txt,4.194,0.100,0.419,8,0.656,156.46,0.082,3.266,0.000
21,ec.gp.GPIndividual@872345098{284729565},3C_20_80-03.txt,169.439,0.100,16.944,3,0.109,0.65,0.036,3.266,0.000
21,ec.gp.GPIndividual@872345098{284729565},3C_20_50-03.txt,30.993,0.100,3.099,3,6.266,202.17,2.089,4.828,0.000
21,ec.gp.GPIndividual@872345098{284729565},3C_20_80-01.txt,4.194,0.100,0.419,2,0.750,178.81,0.375,4.828,0.000
21,ec.gp.GPIndividual@872345098{284729565},3C_20_80-01.txt,4.194,0.100,0.419,2,0.984,234.68,0.492,4.828,0.000
21,ec.gp.GPIndividual@872345098{284729565},3C_20_80-02.txt,35.738,0.100,3.574,1,0.000,0.00,0.000,4.828,0.000
21,ec.gp.GPIndividual@872345098{284729565},3C_20_80-02.txt,35.738,0.100,3.574,9,6.750,188.87,0.750,4.828,0.000
21,ec.gp.GPIndividual@872345098{284729565},3C_20_80-03.txt,169.439,0.100,16.944,11,20.531,121.17,1.866,4.828,0.000
21,ec.gp.GPIndividual@2069179981{256018143},3C_20_50-02.txt,61.404,0.100,6.140,2,0.594,9.67,0.297,0.594,0.000
21,ec.gp.GPIndividual@2069179981{256018143},3C_20_80-02.txt,35.738,0.100,3.574,4,4.094,114.55,1.023,2.203,0.000
21,ec.gp.GPIndividual@2069179981{256018143},3C_20_66-01.txt,7.322,0.100,0.732,2,0.734,100.29,0.367,2.203,0.000
21,ec.gp.GPIndividual@2069179981{256018143},3C_20_50-03.txt,30.993,0.100,3.099,2,4.156,134.10,2.078,4.156,0.000
21,ec.gp.GPIndividual@984035336{1849229346},3C_20_50-02.txt,61.404,0.100,6.140,0,0.000,0.00,0.000,0.000,0.000
21,ec.gp.GPIndividual@984035336{1849229346},3C_20_50-03.txt,30.993,0.100,3.099,0,0.000,0.00,0.000,0.000,0.000
21,ec.gp.GPIndividual@984035336{1849229346},3C_20_66-01.txt,7.322,0.100,0.732,0,0.000,0.00,0.000,0.000,0.000
21,ec.gp.GPIndividual@984035336{1849229346},3C_20_66-02.txt,154.245,0.100,15.424,0,0.000,0.00,0.000,0.000,0.000
21,ec.gp.GPIndividual@984035336{1849229346},3C_20_66-03.txt,118.340,0.100,11.834,0,0.000,0.00,0.000,0.000,0.000
21,ec.gp.GPIndividual@984035336{1849229346},3C_20_80-01.txt,4.194,0.100,0.419,0,0.000,0.00,0.000,0.000,0.000
21,ec.gp.GPIndividual@984035336{1849229346},3C_20_80-02.txt,35.738,0.100,3.574,0,0.000,0.00,0.000,0.000,0.000
21,ec.gp.GPIndividual@984035336{1849229346},3C_20_80-03.txt,169.439,0.100,16.944,0,0.000,0.00,0.000,0.000,0.000
21,ec.gp.GPIndividual@1091716404{-1446803528},3C_20_50-02.txt,61.404,0.100,6.140,13,4.625,75.32,0.356,1.375,0.000
21,ec.gp.GPIndividual@1091716404{-1446803528},3C_20_50-03.txt,30.993,0.100,3.099,7,3.063,98.81,0.438,2.172,0.000
21,ec.gp.GPIndividual@1091716404{-1446803528},3C_20_80-01.txt,4.194,0.100,0.419,4,0.469,111.75,0.117,2.172,0.000
21,ec.gp.GPIndividual@1091716404{-1446803528},3C_20_80-03.txt,169.439,0.100,16.944,14,19.313,113.98,1.379,4.141,0.000
21,ec.gp.GPIndividual@537715241{631400612},3C_20_50-02.txt,61.404,0.100,6.140,8,7.813,127.23,0.977,2.500,0.000
21,ec.gp.GPIndividual@537715241{631400612},3C_20_80-02.txt,35.738,0.100,3.574,4,1.422,39.79,0.355,2.500,0.000
21,ec.gp.GPIndividual@537715241{631400612},3C_20_50-03.txt,30.993,0.100,3.099,4,2.203,71.09,0.551,2.500,0.000
21,ec.gp.GPIndividual@537715241{631400612},3C_20_66-01.txt,7.322,0.100,0.732,5,1.031,140.84,0.206,2.500,0.000
21,ec.gp.GPIndividual@537715241{631400612},3C_20_66-02.txt,154.245,0.100,15.424,3,0.063,0.41,0.021,2.500,0.000
21,ec.gp.GPIndividual@537715241{631400612},3C_20_80-03.txt,169.439,0.100,16.944,12,19.016,112.23,1.585,3.781,0.000
21,ec.gp.GPIndividual@537715241{631400612},3C_20_66-03.txt,118.340,0.100,11.834,2,2.031,17.16,1.016,3.781,0.000
21,ec.gp.GPIndividual@537715241{631400612},3C_20_66-01.txt,7.322,0.100,0.732,5,0.656,89.62,0.131,3.781,0.000
21,ec.gp.GPIndividual@1040989909{1222848245},3C_20_50-02.txt,61.404,0.100,6.140,14,3.625,59.03,0.259,0.797,0.000
21,ec.gp.GPIndividual@1040989909{1222848245},3C_20_50-03.txt,30.993,0.100,3.099,5,3.141,101.33,0.628,2.453,0.000
21,ec.gp.GPIndividual@1040989909{1222848245},3C_20_80-01.txt,4.194,0.100,0.419,4,0.422,100.58,0.105,2.453,0.000
21,ec.gp.GPIndividual@1040989909{1222848245},3C_20_80-02.txt,35.738,0.100,3.574,3,2.344,65.58,0.781,2.453,0.000
21,ec.gp.GPIndividual@1040989909{1222848245},3C_20_66-02.txt,154.245,0.100,15.424,16,15.516,100.59,0.970,3.172,0.000
21,ec.gp.GPIndividual@1040989909{1222848245},3C_20_80-03.txt,169.439,0.100,16.944,2,2.359,13.92,1.180,3.172,0.000
21,ec.gp.GPIndividual@1040989909{1222848245},3C_20_66-03.txt,118.340,0.100,11.834,7,12.078,102.06,1.725,4.391,0.000
21,ec.gp.GPIndividual@1040989909{1222848245},3C_20_66-01.txt,7.322,0.100,0.732,4,3.828,522.81,0.957,4.391,0.000
21,ec.gp.GPIndividual@2125972696{913751467},3C_20_50-02.txt,61.404,0.100,6.140,2,0.391,6.36,0.195,0.234,0.156
21,ec.gp.GPIndividual@2125972696{913751467},3C_20_50-03.txt,30.993,0.100,3.099,1,1.719,55.46,1.719,1.719,0.156
21,ec.gp.GPIndividual@2125972696{913751467},3C_20_80-01.txt,4.194,0.100,0.419,3,0.313,74.50,0.104,1.719,0.000
21,ec.gp.GPIndividual@2125972696{913751467},3C_20_80-02.txt,35.738,0.100,3.574,4,2.453,68.64,0.613,1.719,0.000
21,ec.gp.GPIndividual@2125972696{913751467},3C_20_66-01.txt,7.322,0.100,0.732,1,0.891,121.63,0.891,1.719,0.000
21,ec.gp.GPIndividual@2125972696{913751467},3C_20_80-03.txt,169.439,0.100,16.944,3,0.688,4.06,0.229,1.719,0.000
21,ec.gp.GPIndividual@2125972696{913751467},3C_20_66-02.txt,154.245,0.100,15.424,1,1.125,7.29,1.125,1.719,0.000
21,ec.gp.GPIndividual@2125972696{913751467},3C_20_66-03.txt,118.340,0.100,11.834,2,5.078,42.91,2.539,2.656,0.000
21,ec.gp.GPIndividual@2125972696{913751467},3C_20_80-01.txt,4.194,0.100,0.419,1,0.250,59.60,0.250,2.656,0.000
21,ec.gp.GPIndividual@2125972696{913751467},3C_20_80-02.txt,35.738,0.100,3.574,1,0.938,26.23,0.938,2.656,0.000
21,ec.gp.GPIndividual@2125972696{913751467},3C_20_80-03.txt,169.439,0.100,16.944,1,3.844,22.69,3.844,3.844,0.000
21,ec.gp.GPIndividual@1451688250{2132798518},3C_20_50-02.txt,61.404,0.100,6.140,3,6.781,110.44,2.260,6.594,0.000
21,ec.gp.GPIndividual@1451688250{2132798518},3C_20_66-02.txt,154.245,0.100,15.424,6,3.656,23.70,0.609,6.594,0.000
21,ec.gp.GPIndividual@476298125{-1824112101},3C_20_50-02.txt,61.404,0.100,6.140,7,1.500,24.43,0.214,1.047,0.000
21,ec.gp.GPIndividual@476298125{-1824112101},3C_20_50-03.txt,30.993,0.100,3.099,8,3.953,127.55,0.494,1.297,0.000
21,ec.gp.GPIndividual@476298125{-1824112101},3C_20_50-03.txt,30.993,0.100,3.099,5,3.750,121.00,0.750,1.313,0.000
21,ec.gp.GPIndividual@476298125{-1824112101},3C_20_66-01.txt,7.322,0.100,0.732,3,0.797,108.83,0.266,1.313,0.000
21,ec.gp.GPIndividual@476298125{-1824112101},3C_20_66-03.txt,118.340,0.100,11.834,12,12.031,101.67,1.003,3.391,0.000
21,ec.gp.GPIndividual@476298125{-1824112101},3C_20_66-01.txt,7.322,0.100,0.732,2,2.953,403.31,1.477,3.391,0.000
21,ec.gp.GPIndividual@476298125{-1824112101},3C_20_66-02.txt,154.245,0.100,15.424,16,16.859,109.30,1.054,5.656,0.000
21,ec.gp.GPIndividual@476298125{-1824112101},3C_20_66-02.txt,154.245,0.100,15.424,3,0.984,6.38,0.328,5.656,0.000
21,ec.gp.GPIndividual@476298125{-1824112101},3C_20_80-01.txt,4.194,0.100,0.419,2,3.297,786.00,1.648,5.656,0.000
21,ec.gp.GPIndividual@476298125{-1824112101},3C_20_66-03.txt,118.340,0.100,11.834,14,11.891,100.48,0.849,5.656,0.000
21,ec.gp.GPIndividual@476298125{-1824112101},3C_20_66-03.txt,118.340,0.100,11.834,8,12.125,102.46,1.516,5.656,0.000
21,ec.gp.GPIndividual@476298125{-1824112101},3C_20_80-01.txt,4.194,0.100,0.419,5,0.422,100.58,0.084,5.656,0.000
21,ec.gp.GPIndividual@476298125{-1824112101},3C_20_80-02.txt,35.738,0.100,3.574,6,3.578,100.12,0.596,5.656,0.000
21,ec.gp.GPIndividual@476298125{-1824112101},3C_20_80-02.txt,35.738,0.100,3.574,7,3.797,106.24,0.542,5.656,0.000
21,ec.gp.GPIndividual@476298125{-1824112101},3C_20_80-01.txt,4.194,0.100,0.419,2,0.859,204.88,0.430,5.656,0.000
21,ec.gp.GPIndividual@476298125{-1824112101},3C_20_80-03.txt,169.439,0.100,16.944,17,19.391,114.44,1.141,5.656,0.000
21,ec.gp.GPIndividual@1141787563{-790766700},3C_20_50-02.txt,61.404,0.100,6.140,8,0.406,6.62,0.051,0.234,0.000
21,ec.gp.GPIndividual@1141787563{-790766700},3C_20_50-03.txt,30.993,0.100,3.099,7,2.547,82.18,0.364,0.938,0.000
21,ec.gp.GPIndividual@1141787563{-790766700},3C_20_66-01.txt,7.322,0.100,0.732,7,0.609,83.22,0.087,0.938,0.000
21,ec.gp.GPIndividual@1141787563{-790766700},3C_20_66-02.txt,154.245,0.100,15.424,11,12.188,79.01,1.108,5.297,0.000
21,ec.gp.GPIndividual@1141787563{-790766700},3C_20_66-03.txt,118.340,0.100,11.834,9,10.500,88.73,1.167,5.297,0.000
21,ec.gp.GPIndividual@1141787563{-790766700},3C_20_80-01.txt,4.194,0.100,0.419,5,0.422,100.58,0.084,5.297,0.000
21,ec.gp.GPIndividual@1141787563{-790766700},3C_20_80-02.txt,35.738,0.100,3.574,11,3.078,86.13,0.280,5.297,0.000
21,ec.gp.GPIndividual@1141787563{-790766700},3C_20_80-03.txt,169.439,0.100,16.944,7,13.516,79.77,1.931,6.484,0.000
22,ec.gp.GPIndividual@1554942997{-1347637585},3C_20_50-02.txt,61.404,0.100,6.140,9,6.891,112.22,0.766,2.063,0.000
22,ec.gp.GPIndividual@1554942997{-1347637585},3C_20_50-03.txt,30.993,0.100,3.099,3,3.906,126.04,1.302,2.063,0.000
22,ec.gp.GPIndividual@1554942997{-1347637585},3C_20_50-03.txt,30.993,0.100,3.099,7,3.484,112.43,0.498,2.063,0.000
22,ec.gp.GPIndividual@1554942997{-1347637585},3C_20_50-03.txt,30.993,0.100,3.099,4,1.125,36.30,0.281,2.063,0.000
22,ec.gp.GPIndividual@1554942997{-1347637585},3C_20_50-03.txt,30.993,0.100,3.099,5,0.703,22.69,0.141,2.063,0.000
22,ec.gp.GPIndividual@1554942997{-1347637585},3C_20_50-03.txt,30.993,0.100,3.099,5,3.203,103.35,0.641,2.063,0.000
22,ec.gp.GPIndividual@1554942997{-1347637585},3C_20_66-01.txt,7.322,0.100,0.732,3,1.391,189.92,0.464,2.063,0.000
22,ec.gp.GPIndividual@1554942997{-1347637585},3C_20_66-01.txt,7.322,0.100,0.732,3,0.313,42.68,0.104,2.063,0.000
22,ec.gp.GPIndividual@1554942997{-1347637585},3C_20_50-03.txt,30.993,0.100,3.099,3,0.297,9.58,0.099,2.063,0.000
22,ec.gp.GPIndividual@1554942997{-1347637585},3C_20_66-02.txt,154.245,0.100,15.424,1,0.297,1.92,0.297,2.063,0.000
22,ec.gp.GPIndividual@1554942997{-1347637585},3C_20_66-02.txt,154.245,0.100,15.424,10,16.703,108.29,1.670,4.313,0.000
22,ec.gp.GPIndividual@1554942997{-1347637585},3C_20_66-01.txt,7.322,0.100,0.732,3,4.719,644.45,1.573,4.359,0.000
22,ec.gp.GPIndividual@1554942997{-1347637585},3C_20_66-01.txt,7.322,0.100,0.732,3,4.844,661.52,1.615,4.688,0.000
22,ec.gp.GPIndividual@1554942997{-1347637585},3C_20_66-01.txt,7.322,0.100,0.732,4,0.891,121.63,0.223,4.688,0.000
22,ec.gp.GPIndividual@1554942997{-1347637585},3C_20_66-02.txt,154.245,0.100,15.424,6,2.875,18.64,0.479,4.688,0.000
22,ec.gp.GPIndividual@1554942997{-1347637585},3C_20_66-03.txt,118.340,0.100,11.834,7,11.875,100.35,1.696,4.688,0.000
22,ec.gp.GPIndividual@1554942997{-1347637585},3C_20_66-03.txt,118.340,0.100,11.834,8,14.000,118.30,1.750,4.875,0.000
22,ec.gp.GPIndividual@1554942997{-1347637585},3C_20_80-01.txt,4.194,0.100,0.419,3,0.344,81.95,0.115,4.875,0.000
22,ec.gp.GPIndividual@1554942997{-1347637585},3C_20_80-02.txt,35.738,0.100,3.574,5,3.156,88.32,0.631,4.875,0.000
22,ec.gp.GPIndividual@1554942997{-1347637585},3C_20_66-03.txt,118.340,0.100,11.834,7,2.313,19.54,0.330,4.875,0.000
22,ec.gp.GPIndividual@1554942997{-1347637585},3C_20_66-02.txt,154.245,0.100,15.424,8,14.484,93.91,1.811,4.875,0.000
22,ec.gp.GPIndividual@1554942997{-1347637585},3C_20_80-03.txt,169.439,0.100,16.944,3,4.313,25.45,1.438,4.875,0.000
22,ec.gp.GPIndividual@1554942997{-1347637585},3C_20_66-02.txt,154.245,0.100,15.424,5,8.781,56.93,1.756,4.875,0.000
22,ec.gp.GPIndividual@1554942997{-1347637585},3C_20_80-01.txt,4.194,0.100,0.419,3,0.359,85.68,0.120,4.875,0.000
22,ec.gp.GPIndividual@1554942997{-1347637585},3C_20_80-02.txt,35.738,0.100,3.574,2,6.688,187.13,3.344,5.141,0.000
22,ec.gp.GPIndividual@1554942997{-1347637585},3C_20_66-01.txt,7.322,0.100,0.732,8,3.250,443.86,0.406,5.141,0.000
22,ec.gp.GPIndividual@1554942997{-1347637585},3C_20_80-03.txt,169.439,0.100,16.944,8,19.719,116.38,2.465,5.828,0.000
22,ec.gp.GPIndividual@1201587205{1991060102},3C_20_50-02.txt,61.404,0.100,6.140,8,7.688,125.19,0.961,2.531,0.000
22,ec.gp.GPIndividual@1201587205{1991060102},3C_20_66-03.txt,118.340,0.100,11.834,9,10.844,91.63,1.205,5.813,0.000
22,ec.gp.GPIndividual@1781580015{1594067274},3C_20_50-02.txt,61.404,0.100,6.140,5,9.063,147.59,1.813,3.781,0.000
22,ec.gp.GPIndividual@1781580015{1594067274},3C_20_50-03.txt,30.993,0.100,3.099,2,4.094,132.09,2.047,4.094,0.000
22,ec.gp.GPIndividual@1781580015{1594067274},3C_20_66-03.txt,118.340,0.100,11.834,5,10.688,90.31,2.138,4.750,0.000
22,ec.gp.GPIndividual@1781580015{1594067274},3C_20_50-03.txt,30.993,0.100,3.099,5,3.906,126.04,0.781,4.750,0.000
22,ec.gp.GPIndividual@1781580015{1594067274},3C_20_66-02.txt,154.245,0.100,15.424,9,17.719,114.87,1.969,4.813,0.000
22,ec.gp.GPIndividual@1781580015{1594067274},3C_20_66-01.txt,7.322,0.100,0.732,4,5.250,717.00,1.313,4.813,0.000
22,ec.gp.GPIndividual@1781580015{1594067274},3C_20_66-01.txt,7.322,0.100,0.732,5,5.328,727.67,1.066,4.813,0.000
22,ec.gp.GPIndividual@1781580015{1594067274},3C_20_80-01.txt,4.194,0.100,0.419,3,0.750,178.81,0.250,4.813,0.000
22,ec.gp.GPIndividual@1781580015{1594067274},3C_20_66-02.txt,154.245,0.100,15.424,7,1.047,6.79,0.150,4.813,0.000
22,ec.gp.GPIndividual@1781580015{1594067274},3C_20_66-03.txt,118.340,0.100,11.834,7,12.547,106.02,1.792,4.813,0.000
22,ec.gp.GPIndividual@1781580015{1594067274},3C_20_80-02.txt,35.738,0.100,3.574,3,1.516,42.41,0.505,4.813,0.000
22,ec.gp.GPIndividual@1781580015{1594067274},3C_20_66-03.txt,118.340,0.100,11.834,7,15.141,127.94,2.163,4.859,0.000
22,ec.gp.GPIndividual@1781580015{1594067274},3C_20_80-01.txt,4.194,0.100,0.419,4,1.016,242.13,0.254,4.859,0.000
22,ec.gp.GPIndividual@1781580015{1594067274},3C_20_80-02.txt,35.738,0.100,3.574,7,6.344,177.51,0.906,4.859,0.000
22,ec.gp.GPIndividual@1781580015{1594067274},3C_20_80-03.txt,169.439,0.100,16.944,1,0.000,0.00,0.000,4.859,0.000
22,ec.gp.GPIndividual@1781580015{1594067274},3C_20_66-02.txt,154.245,0.100,15.424,3,0.141,0.91,0.047,4.859,0.000
22,ec.gp.GPIndividual@1781580015{1594067274},3C_20_80-01.txt,4.194,0.100,0.419,2,1.047,249.58,0.523,4.859,0.000
22,ec.gp.GPIndividual@1781580015{1594067274},3C_20_80-03.txt,169.439,0.100,16.944,11,17.297,102.08,1.572,4.859,0.000
22,ec.gp.GPIndividual@1781580015{1594067274},3C_20_80-02.txt,35.738,0.100,3.574,2,2.891,80.88,1.445,4.859,0.000
22,ec.gp.GPIndividual@1781580015{1594067274},3C_20_80-01.txt,4.194,0.100,0.419,3,0.797,189.98,0.266,4.859,0.000
22,ec.gp.GPIndividual@1781580015{1594067274},3C_20_80-02.txt,35.738,0.100,3.574,1,0.000,0.00,0.000,4.859,0.000
22,ec.gp.GPIndividual@1781580015{1594067274},3C_20_66-03.txt,118.340,0.100,11.834,4,16.000,135.20,4.000,5.953,0.000
22,ec.gp.GPIndividual@1466563432{-21014937},3C_20_50-02.txt,61.404,0.100,6.140,8,6.297,102.55,0.787,1.531,0.000
22,ec.gp.GPIndividual@1466563432{-21014937},3C_20_80-03.txt,169.439,0.100,16.944,11,17.406,102.73,1.582,4.891,0.000
22,ec.gp.GPIndividual@1466563432{-21014937},3C_20_80-03.txt,169.439,0.100,16.944,8,12.813,75.62,1.602,5.422,0.000
22,ec.gp.GPIndividual@397797167{1668918056},3C_20_50-02.txt,61.404,0.100,6.140,4,6.594,107.38,1.648,6.094,0.000
22,ec.gp.GPIndividual@696156957{1963458929},3C_20_50-02.txt,61.404,0.100,6.140,5,9.984,162.60,1.997,4.641,0.000
22,ec.gp.GPIndividual@696156957{1963458929},3C_20_80-01.txt,4.194,0.100,0.419,3,0.516,122.93,0.172,4.641,0.000
22,ec.gp.GPIndividual@696156957{1963458929},3C_20_50-03.txt,30.993,0.100,3.099,4,5.781,186.54,1.445,4.641,0.000
22,ec.gp.GPIndividual@696156957{1963458929},3C_20_80-01.txt,4.194,0.100,0.419,2,1.172,279.38,0.586,4.641,0.000
22,ec.gp.GPIndividual@696156957{1963458929},3C_20_50-03.txt,30.993,0.100,3.099,4,6.500,209.73,1.625,5.734,0.000
22,ec.gp.GPIndividual@264653137{-658985502},3C_20_50-02.txt,61.404,0.100,6.140,8,3.547,57.76,0.443,1.250,0.000
22,ec.gp.GPIndividual@264653137{-658985502},3C_20_50-03.txt,30.993,0.100,3.099,8,5.516,177.97,0.689,1.469,0.000
22,ec.gp.GPIndividual@264653137{-658985502},3C_20_80-02.txt,35.738,0.100,3.574,5,5.031,140.78,1.006,1.922,0.000
22,ec.gp.GPIndividual@264653137{-658985502},3C_20_50-03.txt,30.993,0.100,3.099,4,3.953,127.55,0.988,1.922,0.000
22,ec.gp.GPIndividual@264653137{-658985502},3C_20_80-02.txt,35.738,0.100,3.574,5,4.484,125.48,0.897,1.922,0.000
22,ec.gp.GPIndividual@264653137{-658985502},3C_20_66-01.txt,7.322,0.100,0.732,3,1.297,177.12,0.432,1.922,0.000
22,ec.gp.GPIndividual@264653137{-658985502},3C_20_66-01.txt,7.322,0.100,0.732,2,0.922,125.90,0.461,1.922,0.000
22,ec.gp.GPIndividual@264653137{-658985502},3C_20_66-01.txt,7.322,0.100,0.732,3,1.172,160.04,0.391,1.922,0.000
22,ec.gp.GPIndividual@264653137{-658985502},3C_20_80-03.txt,169.439,0.100,16.944,14,17.891,105.59,1.278,4.172,0.000
22,ec.gp.GPIndividual@264653137{-658985502},3C_20_66-01.txt,7.322,0.100,0.732,2,1.422,194.19,0.711,4.172,0.000
22,ec.gp.GPIndividual@264653137{-658985502},3C_20_66-02.txt,154.245,0.100,15.424,13,16.406,106.36,1.262,6.063,0.000
22,ec.gp.GPIndividual@264653137{-658985502},3C_20_80-03.txt,169.439,0.100,16.944,3,0.141,0.83,0.047,6.063,0.000
22,ec.gp.GPIndividual@264653137{-658985502},3C_20_66-02.txt,154.245,0.100,15.424,16,15.297,99.17,0.956,6.063,0.000
22,ec.gp.GPIndividual@264653137{-658985502},3C_20_66-03.txt,118.340,0.100,11.834,4,8.109,68.53,2.027,6.063,0.000
22,ec.gp.GPIndividual@264653137{-658985502},3C_20_66-02.txt,154.245,0.100,15.424,10,15.281,99.07,1.528,6.297,0.000
22,ec.gp.GPIndividual@58051169{625101959},3C_20_50-02.txt,61.404,0.100,6.140,5,8.344,135.88,1.669,3.859,0.000
22,ec.gp.GPIndividual@58051169{625101959},3C_20_66-02.txt,154.245,0.100,15.424,5,8.734,56.63,1.747,4.891,0.000
22,ec.gp.GPIndividual@218624530{1522902},3C_20_50-02.txt,61.404,0.100,6.140,10,6.203,101.02,0.620,1.891,0.000
22,ec.gp.GPIndividual@218624530{1522902},3C_20_50-03.txt,30.993,0.100,3.099,4,2.000,64.53,0.500,1.891,0.000
22,ec.gp.GPIndividual@218624530{1522902},3C_20_66-03.txt,118.340,0.100,11.834,8,13.000,109.85,1.625,3.938,0.000
22,ec.gp.GPIndividual@218624530{1522902},3C_20_80-01.txt,4.194,0.100,0.419,4,2.797,666.80,0.699,3.938,0.000
22,ec.gp.GPIndividual@218624530{1522902},3C_20_50-03.txt,30.993,0.100,3.099,8,6.828,220.31,0.854,3.938,0.000
22,ec.gp.GPIndividual@218624530{1522902},3C_20_66-03.txt,118.340,0.100,11.834,7,11.969,101.14,1.710,4.750,0.000
22,ec.gp.GPIndividual@218624530{1522902},3C_20_80-02.txt,35.738,0.100,3.574,6,7.219,201.99,1.203,4.750,0.000
22,ec.gp.GPIndividual@218624530{1522902},3C_20_66-01.txt,7.322,0.100,0.732,5,0.813,110.96,0.163,4.750,0.000
22,ec.gp.GPIndividual@218624530{1522902},3C_20_66-02.txt,154.245,0.100,15.424,7,7.125,46.19,1.018,4.750,0.000
22,ec.gp.GPIndividual@218624530{1522902},3C_20_66-03.txt,118.340,0.100,11.834,6,13.484,113.95,2.247,4.797,0.000
22,ec.gp.GPIndividual@218624530{1522902},3C_20_80-01.txt,4.194,0.100,0.419,3,1.188,283.11,0.396,4.797,0.000
22,ec.gp.GPIndividual@218624530{1522902},3C_20_80-01.txt,4.194,0.100,0.419,3,1.188,283.11,0.396,4.797,0.000
22,ec.gp.GPIndividual@218624530{1522902},3C_20_66-03.txt,118.340,0.100,11.834,8,15.547,131.38,1.943,4.891,0.000
22,ec.gp.GPIndividual@218624530{1522902},3C_20_80-03.txt,169.439,0.100,16.944,10,18.109,106.88,1.811,4.891,0.000
22,ec.gp.GPIndividual@218624530{1522902},3C_20_80-01.txt,4.194,0.100,0.419,4,0.531,126.65,0.133,4.891,0.000
22,ec.gp.GPIndividual@218624530{1522902},3C_20_80-02.txt,35.738,0.100,3.574,5,7.609,212.92,1.522,4.891,0.000
22,ec.gp.GPIndividual@218624530{1522902},3C_20_80-01.txt,4.194,0.100,0.419,3,0.484,115.48,0.161,4.891,0.000
22,ec.gp.GPIndividual@218624530{1522902},3C_20_80-01.txt,4.194,0.100,0.419,4,0.500,119.20,0.125,4.891,0.000
22,ec.gp.GPIndividual@218624530{1522902},3C_20_80-02.txt,35.738,0.100,3.574,6,6.859,191.93,1.143,5.750,0.000
22,ec.gp.GPIndividual@1326959989{1801589874},3C_20_50-02.txt,61.404,0.100,6.140,0,0.000,0.00,0.000,0.000,0.000
22,ec.gp.GPIndividual@1326959989{1801589874},3C_20_50-03.txt,30.993,0.100,3.099,0,0.000,0.00,0.000,0.000,0.000
22,ec.gp.GPIndividual@1326959989{1801589874},3C_20_66-01.txt,7.322,0.100,0.732,0,0.000,0.00,0.000,0.000,0.000
22,ec.gp.GPIndividual@1326959989{1801589874},3C_20_66-02.txt,154.245,0.100,15.424,0,0.000,0.00,0.000,0.000,0.000
22,ec.gp.GPIndividual@1326959989{1801589874},3C_20_66-03.txt,118.340,0.100,11.834,0,0.000,0.00,0.000,0.000,0.000
22,ec.gp.GPIndividual@1326959989{1801589874},3C_20_80-01.txt,4.194,0.100,0.419,0,0.000,0.00,0.000,0.000,0.000
22,ec.gp.GPIndividual@1326959989{1801589874},3C_20_80-02.txt,35.738,0.100,3.574,0,0.000,0.00,0.000,0.000,0.000
22,ec.gp.GPIndividual@1326959989{1801589874},3C_20_80-03.txt,169.439,0.100,16.944,0,0.000,0.00,0.000,0.000,0.000
22,ec.gp.GPIndividual@1319745737{664513076},3C_20_50-02.txt,61.404,0.100,6.140,0,0.000,0.00,0.000,0.000,0.000
22,ec.gp.GPIndividual@1319745737{664513076},3C_20_50-03.txt,30.993,0.100,3.099,0,0.000,0.00,0.000,0.000,0.000
22,ec.gp.GPIndividual@1319745737{664513076},3C_20_66-01.txt,7.322,0.100,0.732,0,0.000,0.00,0.000,0.000,0.000
22,ec.gp.GPIndividual@1319745737{664513076},3C_20_66-02.txt,154.245,0.100,15.424,0,0.000,0.00,0.000,0.000,0.000
22,ec.gp.GPIndividual@1319745737{664513076},3C_20_66-03.txt,118.340,0.100,11.834,0,0.000,0.00,0.000,0.000,0.000
22,ec.gp.GPIndividual@1319745737{664513076},3C_20_80-01.txt,4.194,0.100,0.419,0,0.000,0.00,0.000,0.000,0.000
22,ec.gp.GPIndividual@1319745737{664513076},3C_20_80-02.txt,35.738,0.100,3.574,0,0.000,0.00,0.000,0.000,0.000
22,ec.gp.GPIndividual@1319745737{664513076},3C_20_80-03.txt,169.439,0.100,16.944,0,0.000,0.00,0.000,0.000,0.000
22,ec.gp.GPIndividual@1724861229{-1692538241},3C_20_50-02.txt,61.404,0.100,6.140,6,6.500,105.86,1.083,4.266,0.000
22,ec.gp.GPIndividual@1724861229{-1692538241},3C_20_50-03.txt,30.993,0.100,3.099,4,2.203,71.09,0.551,4.266,0.000
22,ec.gp.GPIndividual@1724861229{-1692538241},3C_20_80-03.txt,169.439,0.100,16.944,17,17.969,106.05,1.057,4.266,0.000
22,ec.gp.GPIndividual@1724861229{-1692538241},3C_20_80-03.txt,169.439,0.100,16.944,9,17.734,104.67,1.970,5.813,0.000
22,ec.gp.GPIndividual@1724861229{-1692538241},3C_20_80-03.txt,169.439,0.100,16.944,6,21.078,124.40,3.513,6.813,0.000
22,ec.gp.GPIndividual@1724861229{-1692538241},3C_20_80-02.txt,35.738,0.100,3.574,3,7.078,198.06,2.359,6.813,0.000
22,ec.gp.GPIndividual@94146702{-946977192},3C_20_50-02.txt,61.404,0.100,6.140,6,10.031,163.36,1.672,6.875,0.000
22,ec.gp.GPIndividual@530306698{1948675049},3C_20_50-02.txt,61.404,0.100,6.140,0,0.000,0.00,0.000,0.000,0.000
22,ec.gp.GPIndividual@530306698{1948675049},3C_20_50-03.txt,30.993,0.100,3.099,0,0.000,0.00,0.000,0.000,0.000
22,ec.gp.GPIndividual@530306698{1948675049},3C_20_66-01.txt,7.322,0.100,0.732,0,0.000,0.00,0.000,0.000,0.000
22,ec.gp.GPIndividual@530306698{1948675049},3C_20_66-02.txt,154.245,0.100,15.424,0,0.000,0.00,0.000,0.000,0.000
22,ec.gp.GPIndividual@530306698{1948675049},3C_20_66-03.txt,118.340,0.100,11.834,0,0.000,0.00,0.000,0.000,0.000
22,ec.gp.GPIndividual@530306698{1948675049},3C_20_80-01.txt,4.194,0.100,0.419,0,0.000,0.00,0.000,0.000,0.000
22,ec.gp.GPIndividual@530306698{1948675049},3C_20_80-02.txt,35.738,0.100,3.574,0,0.000,0.00,0.000,0.000,0.000
22,ec.gp.GPIndividual@530306698{1948675049},3C_20_80-03.txt,169.439,0.100,16.944,0,0.000,0.00,0.000,0.000,0.000
22,ec.gp.GPIndividual@1021353588{-1585870790},3C_20_50-02.txt,61.404,0.100,6.140,3,3.719,60.56,1.240,3.719,0.000
22,ec.gp.GPIndividual@1021353588{-1585870790},3C_20_66-01.txt,7.322,0.100,0.732,3,6.016,821.56,2.005,5.703,0.000
22,ec.gp.GPIndividual@1021353588{-1585870790},3C_20_66-01.txt,7.322,0.100,0.732,5,1.219,166.45,0.244,5.703,0.000
22,ec.gp.GPIndividual@1021353588{-1585870790},3C_20_50-03.txt,30.993,0.100,3.099,4,2.859,92.26,0.715,5.703,0.000
22,ec.gp.GPIndividual@1872195504{-1964016792},3C_20_50-02.txt,61.404,0.100,6.140,9,6.531,106.36,0.726,1.766,0.000
22,ec.gp.GPIndividual@1872195504{-1964016792},3C_20_66-01.txt,7.322,0.100,0.732,3,0.969,132.30,0.323,1.766,0.000
22,ec.gp.GPIndividual@1872195504{-1964016792},3C_20_50-03.txt,30.993,0.100,3.099,10,5.281,170.40,0.528,1.766,0.000
22,ec.gp.GPIndividual@1872195504{-1964016792},3C_20_50-03.txt,30.993,0.100,3.099,2,0.141,4.54,0.070,1.766,0.000
22,ec.gp.GPIndividual@1872195504{-1964016792},3C_20_66-02.txt,154.245,0.100,15.424,17,16.000,103.73,0.941,2.406,0.000
22,ec.gp.GPIndividual@1872195504{-1964016792},3C_20_66-02.txt,154.245,0.100,15.424,9,15.594,101.10,1.733,3.859,0.000
22,ec.gp.GPIndividual@1872195504{-1964016792},3C_20_66-03.txt,118.340,0.100,11.834,11,11.891,100.48,1.081,3.859,0.000
22,ec.gp.GPIndividual@1872195504{-1964016792},3C_20_66-03.txt,118.340,0.100,11.834,4,6.766,57.17,1.691,5.719,0.000
22,ec.gp.GPIndividual@1872195504{-1964016792},3C_20_80-03.txt,169.439,0.100,16.944,2,2.469,14.57,1.234,5.719,0.000
22,ec.gp.GPIndividual@1872195504{-1964016792},3C_20_66-02.txt,154.245,0.100,15.424,2,3.750,24.31,1.875,5.719,0.000
22,ec.gp.GPIndividual@1872195504{-1964016792},3C_20_66-01.txt,7.322,0.100,0.732,1,4.797,655.12,4.797,5.719,0.000
22,ec.gp.GPIndividual@1872195504{-1964016792},3C_20_80-01.txt,4.194,0.100,0.419,4,0.781,186.26,0.195,5.719,0.000
22,ec.gp.GPIndividual@1872195504{-1964016792},3C_20_66-02.txt,154.245,0.100,15.424,6,10.375,67.26,1.729,5.719,0.000
22,ec.gp.GPIndividual@1872195504{-1964016792},3C_20_66-01.txt,7.322,0.100,0.732,3,5.078,693.53,1.693,5.719,0.000
22,ec.gp.GPIndividual@1872195504{-1964016792},3C_20_66-02.txt,154.245,0.100,15.424,1,0.000,0.00,0.000,5.719,0.000
22,ec.gp.GPIndividual@1872195504{-1964016792},3C_20_80-01.txt,4.194,0.100,0.419,2,1.734,413.49,0.867,5.719,0.000
22,ec.gp.GPIndividual@1872195504{-1964016792},3C_20_80-02.txt,35.738,0.100,3.574,8,5.172,144.72,0.646,5.719,0.000
22,ec.gp.GPIndividual@1872195504{-1964016792},3C_20_66-03.txt,118.340,0.100,11.834,3,0.141,1.19,0.047,5.719,0.000
22,ec.gp.GPIndividual@1872195504{-1964016792},3C_20_66-03.txt,118.340,0.100,11.834,8,11.859,100.21,1.482,5.828,0.000
22,ec.gp.GPIndividual@1872195504{-1964016792},3C_20_66-03.txt,118.340,0.100,11.834,9,17.828,150.65,1.981,5.828,0.000
22,ec.gp.GPIndividual@1872195504{-1964016792},3C_20_80-01.txt,4.194,0.100,0.419,1,1.609,383.69,1.609,5.828,0.000
22,ec.gp.GPIndividual@1872195504{-1964016792},3C_20_80-03.txt,169.439,0.100,16.944,11,17.094,100.88,1.554,5.828,0.000
22,ec.gp.GPIndividual@1872195504{-1964016792},3C_20_80-02.txt,35.738,0.100,3.574,2,5.016,140.34,2.508,5.828,0.000
22,ec.gp.GPIndividual@1872195504{-1964016792},3C_20_80-01.txt,4.194,0.100,0.419,4,0.531,126.65,0.133,5.828,0.000
22,ec.gp.GPIndividual@1872195504{-1964016792},3C_20_80-02.txt,35.738,0.100,3.574,2,4.453,124.60,2.227,5.828,0.000
22,ec.gp.GPIndividual@1040063972{-2019713512},3C_20_50-02.txt,61.404,0.100,6.140,6,9.578,155.98,1.596,6.172,0.000
22,ec.gp.GPIndividual@1787920038{1835617410},3C_20_50-02.txt,61.404,0.100,6.140,8,9.547,155.48,1.193,4.750,0.000
22,ec.gp.GPIndividual@1787920038{1835617410},3C_20_80-03.txt,169.439,0.100,16.944,10,6.172,36.43,0.617,4.750,0.000
22,ec.gp.GPIndividual@1787920038{1835617410},3C_20_50-03.txt,30.993,0.100,3.099,4,5.656,182.50,1.414,4.750,0.000
22,ec.gp.GPIndividual@1787920038{1835617410},3C_20_80-01.txt,4.194,0.100,0.419,4,0.797,189.98,0.199,4.750,0.000
22,ec.gp.GPIndividual@1787920038{1835617410},3C_20_66-01.txt,7.322,0.100,0.732,3,0.813,110.96,0.271,4.750,0.000
22,ec.gp.GPIndividual@1787920038{1835617410},3C_20_80-02.txt,35.738,0.100,3.574,3,5.094,142.53,1.698,4.844,0.000
22,ec.gp.GPIndividual@13733239{-696726232},3C_20_50-02.txt,61.404,0.100,6.140,3,7.031,114.51,2.344,6.813,0.000
22,ec.gp.GPIndividual@13733239{-696726232},3C_20_66-03.txt,118.340,0.100,11.834,10,10.656,90.05,1.066,6.813,0.000
22,ec.gp.GPIndividual@13733239{-696726232},3C_20_66-01.txt,7.322,0.100,0.732,3,0.297,40.54,0.099,6.813,0.000
22,ec.gp.GPIndividual@13733239{-696726232},3C_20_50-03.txt,30.993,0.100,3.099,3,3.672,118.48,1.224,6.813,0.000
22,ec.gp.GPIndividual@1522134142{271532587},3C_20_50-02.txt,61.404,0.100,6.140,0,0.000,0.00,0.000,0.000,0.000
22,ec.gp.GPIndividual@1522134142{271532587},3C_20_50-03.txt,30.993,0.100,3.099,0,0.000,0.00,0.000,0.000,0.000
22,ec.gp.GPIndividual@1522134142{271532587},3C_20_66-01.txt,7.322,0.100,0.732,0,0.000,0.00,0.000,0.000,0.000
22,ec.gp.GPIndividual@1522134142{271532587},3C_20_66-02.txt,154.245,0.100,15.424,0,0.000,0.00,0.000,0.000,0.000
22,ec.gp.GPIndividual@1522134142{271532587},3C_20_66-03.txt,118.340,0.100,11.834,0,0.000,0.00,0.000,0.000,0.000
22,ec.gp.GPIndividual@1522134142{271532587},3C_20_80-01.txt,4.194,0.100,0.419,0,0.000,0.00,0.000,0.000,0.000
22,ec.gp.GPIndividual@1522134142{271532587},3C_20_80-02.txt,35.738,0.100,3.574,0,0.000,0.00,0.000,0.000,0.000
22,ec.gp.GPIndividual@1522134142{271532587},3C_20_80-03.txt,169.439,0.100,16.944,0,0.000,0.00,0.000,0.000,0.000
22,ec.gp.GPIndividual@1584661406{749315046},3C_20_50-02.txt,61.404,0.100,6.140,0,0.000,0.00,0.000,0.000,0.000
22,ec.gp.GPIndividual@1584661406{749315046},3C_20_50-03.txt,30.993,0.100,3.099,0,0.000,0.00,0.000,0.000,0.000
22,ec.gp.GPIndividual@1584661406{749315046},3C_20_66-01.txt,7.322,0.100,0.732,0,0.000,0.00,0.000,0.000,0.000
22,ec.gp.GPIndividual@1584661406{749315046},3C_20_66-02.txt,154.245,0.100,15.424,0,0.000,0.00,0.000,0.000,0.000
22,ec.gp.GPIndividual@1584661406{749315046},3C_20_66-03.txt,118.340,0.100,11.834,0,0.000,0.00,0.000,0.000,0.000
22,ec.gp.GPIndividual@1584661406{749315046},3C_20_80-01.txt,4.194,0.100,0.419,0,0.000,0.00,0.000,0.000,0.000
22,ec.gp.GPIndividual@1584661406{749315046},3C_20_80-02.txt,35.738,0.100,3.574,0,0.000,0.00,0.000,0.000,0.000
22,ec.gp.GPIndividual@1584661406{749315046},3C_20_80-03.txt,169.439,0.100,16.944,0,0.000,0.00,0.000,0.000,0.000
22,ec.gp.GPIndividual@1970015341{-1782164968},3C_20_50-02.txt,61.404,0.100,6.140,4,2.500,40.71,0.625,2.391,0.000
22,ec.gp.GPIndividual@1938648229{1946484421},3C_20_50-02.txt,61.404,0.100,6.140,9,1.438,23.41,0.160,0.500,0.000
22,ec.gp.GPIndividual@1938648229{1946484421},3C_20_50-03.txt,30.993,0.100,3.099,8,3.656,117.97,0.457,1.188,0.000
22,ec.gp.GPIndividual@1938648229{1946484421},3C_20_50-03.txt,30.993,0.100,3.099,3,0.078,2.52,0.026,1.188,0.000
22,ec.gp.GPIndividual@1938648229{1946484421},3C_20_66-01.txt,7.322,0.100,0.732,8,0.766,104.56,0.096,1.188,0.000
22,ec.gp.GPIndividual@1938648229{1946484421},3C_20_66-02.txt,154.245,0.100,15.424,12,16.359,106.06,1.363,4.094,0.000
22,ec.gp.GPIndividual@1938648229{1946484421},3C_20_66-03.txt,118.340,0.100,11.834,2,0.219,1.85,0.109,4.094,0.000
22,ec.gp.GPIndividual@1938648229{1946484421},3C_20_66-01.txt,7.322,0.100,0.732,3,0.516,70.42,0.172,4.094,0.000
22,ec.gp.GPIndividual@1938648229{1946484421},3C_20_66-02.txt,154.245,0.100,15.424,11,13.766,89.25,1.251,4.594,0.000
22,ec.gp.GPIndividual@1938648229{1946484421},3C_20_66-03.txt,118.340,0.100,11.834,4,4.031,34.07,1.008,4.594,0.000
22,ec.gp.GPIndividual@1938648229{1946484421},3C_20_80-01.txt,4.194,0.100,0.419,3,1.047,249.58,0.349,4.594,0.000
22,ec.gp.GPIndividual@1938648229{1946484421},3C_20_80-01.txt,4.194,0.100,0.419,4,0.531,126.65,0.133,4.594,0.000
22,ec.gp.GPIndividual@1938648229{1946484421},3C_20_80-02.txt,35.738,0.100,3.574,12,3.359,94.00,0.280,4.594,0.000
22,ec.gp.GPIndividual@1938648229{1946484421},3C_20_80-03.txt,169.439,0.100,16.944,9,3.516,20.75,0.391,4.594,0.000
22,ec.gp.GPIndividual@1938648229{1946484421},3C_20_80-02.txt,35.738,0.100,3.574,11,3.344,93.56,0.304,4.594,0.000
22,ec.gp.GPIndividual@1938648229{1946484421},3C_20_80-03.txt,169.439,0.100,16.944,3,7.172,42.33,2.391,5.516,0.000
22,ec.gp.GPIndividual@1572912466{-1679788392},3C_20_50-02.txt,61.404,0.100,6.140,9,1.031,16.79,0.115,0.547,0.000
22,ec.gp.GPIndividual@1572912466{-1679788392},3C_20_50-03.txt,30.993,0.100,3.099,8,2.938,94.78,0.367,1.219,0.000
22,ec.gp.GPIndividual@1572912466{-1679788392},3C_20_66-01.txt,7.322,0.100,0.732,8,0.750,102.43,0.094,1.219,0.000
22,ec.gp.GPIndividual@1572912466{-1679788392},3C_20_66-02.txt,154.245,0.100,15.424,15,15.281,99.07,1.019,6.125,0.000
22,ec.gp.GPIndividual@1572912466{-1679788392},3C_20_66-03.txt,118.340,0.100,11.834,3,1.484,12.54,0.495,6.125,0.000
22,ec.gp.GPIndividual@525794691{221721025},3C_20_50-02.txt,61.404,0.100,6.140,10,1.031,16.79,0.103,0.484,0.000
22,ec.gp.GPIndividual@525794691{221721025},3C_20_50-03.txt,30.993,0.100,3.099,4,3.375,108.90,0.844,1.531,0.000
22,ec.gp.GPIndividual@525794691{221721025},3C_20_66-01.txt,7.322,0.100,0.732,5,0.750,102.43,0.150,1.531,0.000
22,ec.gp.GPIndividual@525794691{221721025},3C_20_80-01.txt,4.194,0.100,0.419,5,0.438,104.30,0.088,1.531,0.000
22,ec.gp.GPIndividual@525794691{221721025},3C_20_66-02.txt,154.245,0.100,15.424,19,15.078,97.75,0.794,5.313,0.000
22,ec.gp.GPIndividual@525794691{221721025},3C_20_66-03.txt,118.340,0.100,11.834,6,9.000,76.05,1.500,5.313,0.000
22,ec.gp.GPIndividual@525794691{221721025},3C_20_80-02.txt,35.738,0.100,3.574,4,3.625,101.43,0.906,5.313,0.000
22,ec.gp.GPIndividual@525794691{221721025},3C_20_80-01.txt,4.194,0.100,0.419,4,0.703,167.63,0.176,5.313,0.000
22,ec.gp.GPIndividual@525794691{221721025},3C_20_80-03.txt,169.439,0.100,16.944,14,16.516,97.47,1.180,6.344,0.000
22,ec.gp.GPIndividual@525794691{221721025},3C_20_80-02.txt,35.738,0.100,3.574,5,4.766,133.35,0.953,6.344,0.000
22,ec.gp.GPIndividual@1877296026{1070388597},3C_20_50-02.txt,61.404,0.100,6.140,10,1.953,31.81,0.195,0.531,0.000
22,ec.gp.GPIndividual@1877296026{1070388597},3C_20_50-03.txt,30.993,0.100,3.099,6,3.109,100.33,0.518,1.781,0.000
22,ec.gp.GPIndividual@1877296026{1070388597},3C_20_80-03.txt,169.439,0.100,16.944,10,16.891,99.69,1.689,5.828,0.000
22,ec.gp.GPIndividual@1877296026{1070388597},3C_20_66-01.txt,7.322,0.100,0.732,2,1.703,232.60,0.852,5.828,0.000
22,ec.gp.GPIndividual@582578879{1295570354},3C_20_50-02.txt,61.404,0.100,6.140,1,0.000,0.00,0.000,0.000,0.000
22,ec.gp.GPIndividual@582578879{1295570354},3C_20_50-03.txt,30.993,0.100,3.099,1,0.000,0.00,0.000,0.000,0.000
22,ec.gp.GPIndividual@582578879{1295570354},3C_20_66-01.txt,7.322,0.100,0.732,1,0.000,0.00,0.000,0.000,0.000
22,ec.gp.GPIndividual@582578879{1295570354},3C_20_66-02.txt,154.245,0.100,15.424,1,0.000,0.00,0.000,0.000,0.000
22,ec.gp.GPIndividual@582578879{1295570354},3C_20_66-03.txt,118.340,0.100,11.834,1,0.000,0.00,0.000,0.000,0.000
22,ec.gp.GPIndividual@582578879{1295570354},3C_20_80-01.txt,4.194,0.100,0.419,1,0.000,0.00,0.000,0.000,0.000
22,ec.gp.GPIndividual@582578879{1295570354},3C_20_80-02.txt,35.738,0.100,3.574,1,0.000,0.00,0.000,0.000,0.000
22,ec.gp.GPIndividual@582578879{1295570354},3C_20_80-03.txt,169.439,0.100,16.944,1,0.000,0.00,0.000,0.000,0.000
23,ec.gp.GPIndividual@844962506{-445972197},3C_20_50-02.txt,61.404,0.100,6.140,10,6.891,112.22,0.689,1.703,0.000
23,ec.gp.GPIndividual@844962506{-445972197},3C_20_50-03.txt,30.993,0.100,3.099,4,5.531,178.47,1.383,1.844,0.000
23,ec.gp.GPIndividual@844962506{-445972197},3C_20_50-03.txt,30.993,0.100,3.099,7,1.828,58.99,0.261,1.844,0.000
23,ec.gp.GPIndividual@844962506{-445972197},3C_20_50-03.txt,30.993,0.100,3.099,5,0.813,26.22,0.163,1.844,0.000
23,ec.gp.GPIndividual@844962506{-445972197},3C_20_50-03.txt,30.993,0.100,3.099,3,0.328,10.59,0.109,1.844,0.000
23,ec.gp.GPIndividual@844962506{-445972197},3C_20_50-03.txt,30.993,0.100,3.099,4,3.641,117.47,0.910,1.844,0.000
23,ec.gp.GPIndividual@844962506{-445972197},3C_20_50-03.txt,30.993,0.100,3.099,4,3.766,121.50,0.941,1.844,0.000
23,ec.gp.GPIndividual@844962506{-445972197},3C_20_66-01.txt,7.322,0.100,0.732,5,2.563,349.96,0.513,1.844,0.000
23,ec.gp.GPIndividual@844962506{-445972197},3C_20_66-02.txt,154.245,0.100,15.424,13,19.281,125.00,1.483,4.438,0.000
23,ec.gp.GPIndividual@844962506{-445972197},3C_20_66-01.txt,7.322,0.100,0.732,2,4.438,606.03,2.219,4.438,0.000
23,ec.gp.GPIndividual@844962506{-445972197},3C_20_66-01.txt,7.322,0.100,0.732,2,4.438,606.03,2.219,4.438,0.000
23,ec.gp.GPIndividual@844962506{-445972197},3C_20_66-01.txt,7.322,0.100,0.732,4,0.594,81.09,0.148,4.438,0.000
23,ec.gp.GPIndividual@844962506{-445972197},3C_20_66-02.txt,154.245,0.100,15.424,4,1.172,7.60,0.293,4.438,0.000
23,ec.gp.GPIndividual@844962506{-445972197},3C_20_66-01.txt,7.322,0.100,0.732,2,1.094,149.37,0.547,4.438,0.000
23,ec.gp.GPIndividual@844962506{-445972197},3C_20_66-03.txt,118.340,0.100,11.834,12,12.453,105.23,1.038,4.438,0.000
23,ec.gp.GPIndividual@844962506{-445972197},3C_20_66-02.txt,154.245,0.100,15.424,5,5.219,33.83,1.044,4.438,0.000
23,ec.gp.GPIndividual@844962506{-445972197},3C_20_66-01.txt,7.322,0.100,0.732,4,2.031,277.41,0.508,4.438,0.000
23,ec.gp.GPIndividual@844962506{-445972197},3C_20_66-02.txt,154.245,0.100,15.424,9,16.641,107.88,1.849,4.750,0.000
23,ec.gp.GPIndividual@844962506{-445972197},3C_20_66-03.txt,118.340,0.100,11.834,7,5.813,49.12,0.830,4.750,0.000
23,ec.gp.GPIndividual@844962506{-445972197},3C_20_66-03.txt,118.340,0.100,11.834,6,7.781,65.75,1.297,4.750,0.000
23,ec.gp.GPIndividual@844962506{-445972197},3C_20_66-02.txt,154.245,0.100,15.424,9,20.266,131.39,2.252,4.859,0.000
23,ec.gp.GPIndividual@844962506{-445972197},3C_20_66-03.txt,118.340,0.100,11.834,6,14.172,119.76,2.362,5.234,0.000
23,ec.gp.GPIndividual@844962506{-445972197},3C_20_66-02.txt,154.245,0.100,15.424,6,16.406,106.36,2.734,5.234,0.000
23,ec.gp.GPIndividual@844962506{-445972197},3C_20_66-03.txt,118.340,0.100,11.834,4,2.406,20.33,0.602,5.234,0.000
23,ec.gp.GPIndividual@844962506{-445972197},3C_20_80-01.txt,4.194,0.100,0.419,2,0.500,119.20,0.250,5.234,0.000
23,ec.gp.GPIndividual@844962506{-445972197},3C_20_80-02.txt,35.738,0.100,3.574,1,4.203,117.61,4.203,5.234,0.000
23,ec.gp.GPIndividual@844962506{-445972197},3C_20_80-01.txt,4.194,0.100,0.419,4,2.922,696.60,0.730,5.234,0.000
23,ec.gp.GPIndividual@844962506{-445972197},3C_20_80-01.txt,4.194,0.100,0.419,4,2.219,528.97,0.555,5.234,0.000
23,ec.gp.GPIndividual@844962506{-445972197},3C_20_80-03.txt,169.439,0.100,16.944,9,17.422,102.82,1.936,5.234,0.000
23,ec.gp.GPIndividual@844962506{-445972197},3C_20_80-02.txt,35.738,0.100,3.574,9,4.594,128.54,0.510,5.234,0.000
23,ec.gp.GPIndividual@844962506{-445972197},3C_20_80-01.txt,4.194,0.100,0.419,3,0.156,37.25,0.052,5.234,0.000
23,ec.gp.GPIndividual@844962506{-445972197},3C_20_80-02.txt,35.738,0.100,3.574,3,4.000,111.93,1.333,5.234,0.000
23,ec.gp.GPIndividual@844962506{-445972197},3C_20_66-03.txt,118.340,0.100,11.834,5,6.203,52.42,1.241,5.234,0.000
23,ec.gp.GPIndividual@844962506{-445972197},3C_20_80-01.txt,4.194,0.100,0.419,3,1.375,327.81,0.458,5.234,0.000
23,ec.gp.GPIndividual@844962506{-445972197},3C_20_80-02.txt,35.738,0.100,3.574,4,7.531,210.73,1.883,5.891,0.000
23,ec.gp.GPIndividual@1347733466{-1790959950},3C_20_50-02.txt,61.404,0.100,6.140,9,8.375,136.39,0.931,1.578,0.000
23,ec.gp.GPIndividual@1347733466{-1790959950},3C_20_80-03.txt,169.439,0.100,16.944,8,4.453,26.28,0.557,1.656,0.000
23,ec.gp.GPIndividual@1347733466{-1790959950},3C_20_50-03.txt,30.993,0.100,3.099,3,5.969,192.59,1.990,4.813,0.000
23,ec.gp.GPIndividual@1347733466{-1790959950},3C_20_80-02.txt,35.738,0.100,3.574,1,0.000,0.00,0.000,4.813,0.000
23,ec.gp.GPIndividual@1347733466{-1790959950},3C_20_80-01.txt,4.194,0.100,0.419,3,0.484,115.48,0.161,4.813,0.000
23,ec.gp.GPIndividual@1347733466{-1790959950},3C_20_80-02.txt,35.738,0.100,3.574,3,3.797,106.24,1.266,4.813,0.000
23,ec.gp.GPIndividual@1347733466{-1790959950},3C_20_80-03.txt,169.439,0.100,16.944,11,17.766,104.85,1.615,5.875,0.000
23,ec.gp.GPIndividual@1347733466{-1790959950},3C_20_80-03.txt,169.439,0.100,16.944,8,17.438,102.91,2.180,6.094,0.000
23,ec.gp.GPIndividual@1347733466{-1790959950},3C_20_80-03.txt,169.439,0.100,16.944,5,8.344,49.24,1.669,6.094,0.000
23,ec.gp.GPIndividual@1347733466{-1790959950},3C_20_66-01.txt,7.322,0.100,0.732,4,6.641,906.92,1.660,6.125,0.000
23,ec.gp.GPIndividual@1867582586{-1258966953},3C_20_50-02.txt,61.404,0.100,6.140,4,7.484,121.89,1.871,6.828,0.000
23,ec.gp.GPIndividual@1079962014{1187168317},3C_20_50-02.txt,61.404,0.100,6.140,4,7.672,124.94,1.918,6.109,0.000
23,ec.gp.GPIndividual@847123047{-1729197596},3C_20_50-02.txt,61.404,0.100,6.140,8,6.172,100.51,0.771,1.953,0.000
23,ec.gp.GPIndividual@847123047{-1729197596},3C_20_50-03.txt,30.993,0.100,3.099,4,6.828,220.31,1.707,6.500,0.000
23,ec.gp.GPIndividual@847123047{-1729197596},3C_20_80-03.txt,169.439,0.100,16.944,3,0.938,5.53,0.313,6.500,0.000
23,ec.gp.GPIndividual@847123047{-1729197596},3C_20_66-02.txt,154.245,0.100,15.424,6,6.281,40.72,1.047,6.500,0.000
23,ec.gp.GPIndividual@847123047{-1729197596},3C_20_50-03.txt,30.993,0.100,3.099,5,3.219,103.86,0.644,6.500,0.000
23,ec.gp.GPIndividual@847123047{-1729197596},3C_20_66-01.txt,7.322,0.100,0.732,4,0.828,113.10,0.207,6.500,0.000
23,ec.gp.GPIndividual@847123047{-1729197596},3C_20_50-03.txt,30.993,0.100,3.099,4,3.813,123.01,0.953,6.500,0.000
23,ec.gp.GPIndividual@847123047{-1729197596},3C_20_66-03.txt,118.340,0.100,11.834,8,13.844,116.98,1.730,6.500,0.000
23,ec.gp.GPIndividual@720570379{884929914},3C_20_50-02.txt,61.404,0.100,6.140,4,3.031,49.37,0.758,1.594,0.000
23,ec.gp.GPIndividual@1047237571{494251613},3C_20_50-02.txt,61.404,0.100,6.140,5,8.766,142.75,1.753,4.047,0.000
23,ec.gp.GPIndividual@1047237571{494251613},3C_20_66-01.txt,7.322,0.100,0.732,2,1.188,162.18,0.594,4.047,0.000
23,ec.gp.GPIndividual@1047237571{494251613},3C_20_66-02.txt,154.245,0.100,15.424,13,15.719,101.91,1.209,4.859,0.000
23,ec.gp.GPIndividual@1047237571{494251613},3C_20_50-03.txt,30.993,0.100,3.099,4,3.344,107.89,0.836,4.859,0.000
23,ec.gp.GPIndividual@1047237571{494251613},3C_20_50-03.txt,30.993,0.100,3.099,6,3.703,119.48,0.617,4.859,0.000
23,ec.gp.GPIndividual@1047237571{494251613},3C_20_66-03.txt,118.340,0.100,11.834,9,12.156,102.72,1.351,4.859,0.000
23,ec.gp.GPIndividual@1047237571{494251613},3C_20_66-02.txt,154.245,0.100,15.424,3,0.516,3.34,0.172,4.859,0.000
23,ec.gp.GPIndividual@1047237571{494251613},3C_20_66-01.txt,7.322,0.100,0.732,2,1.578,215.53,0.789,4.859,0.000
23,ec.gp.GPIndividual@1047237571{494251613},3C_20_80-01.txt,4.194,0.100,0.419,3,0.500,119.20,0.167,4.859,0.000
23,ec.gp.GPIndividual@1047237571{494251613},3C_20_66-02.txt,154.245,0.100,15.424,8,17.313,112.24,2.164,4.859,0.000
23,ec.gp.GPIndividual@1047237571{494251613},3C_20_80-01.txt,4.194,0.100,0.419,4,1.641,391.14,0.410,4.859,0.000
23,ec.gp.GPIndividual@1047237571{494251613},3C_20_66-03.txt,118.340,0.100,11.834,9,12.469,105.36,1.385,4.859,0.000
23,ec.gp.GPIndividual@1047237571{494251613},3C_20_66-01.txt,7.322,0.100,0.732,5,2.297,313.69,0.459,4.859,0.000
23,ec.gp.GPIndividual@1047237571{494251613},3C_20_80-02.txt,35.738,0.100,3.574,3,3.672,102.74,1.224,4.859,0.000
23,ec.gp.GPIndividual@1047237571{494251613},3C_20_80-02.txt,35.738,0.100,3.574,2,4.016,112.36,2.008,4.859,0.000
23,ec.gp.GPIndividual@1047237571{494251613},3C_20_80-01.txt,4.194,0.100,0.419,4,1.031,245.86,0.258,4.859,0.000
23,ec.gp.GPIndividual@1047237571{494251613},3C_20_66-03.txt,118.340,0.100,11.834,12,14.234,120.28,1.186,4.859,0.000
23,ec.gp.GPIndividual@1047237571{494251613},3C_20_80-03.txt,169.439,0.100,16.944,3,2.609,15.40,0.870,4.859,0.000
23,ec.gp.GPIndividual@1047237571{494251613},3C_20_66-01.txt,7.322,0.100,0.732,5,0.594,81.09,0.119,4.859,0.000
23,ec.gp.GPIndividual@1047237571{494251613},3C_20_80-02.txt,35.738,0.100,3.574,5,7.125,199.37,1.425,4.859,0.000
23,ec.gp.GPIndividual@1047237571{494251613},3C_20_80-03.txt,169.439,0.100,16.944,9,12.781,75.43,1.420,4.859,0.000
23,ec.gp.GPIndividual@1047237571{494251613},3C_20_66-02.txt,154.245,0.100,15.424,6,19.797,128.35,3.299,6.344,0.000
23,ec.gp.GPIndividual@689930860{443475990},3C_20_50-02.txt,61.404,0.100,6.140,5,4.859,79.14,0.972,2.469,0.000
23,ec.gp.GPIndividual@689930860{443475990},3C_20_80-03.txt,169.439,0.100,16.944,12,18.609,109.83,1.551,6.813,0.000
23,ec.gp.GPIndividual@556206587{1960430495},3C_20_50-02.txt,61.404,0.100,6.140,7,5.906,96.19,0.844,3.875,0.000
23,ec.gp.GPIndividual@556206587{1960430495},3C_20_66-02.txt,154.245,0.100,15.424,6,5.672,36.77,0.945,4.516,0.000
23,ec.gp.GPIndividual@556206587{1960430495},3C_20_50-03.txt,30.993,0.100,3.099,3,3.297,106.38,1.099,4.516,0.000
23,ec.gp.GPIndividual@556206587{1960430495},3C_20_50-03.txt,30.993,0.100,3.099,2,0.656,21.17,0.328,4.516,0.000
23,ec.gp.GPIndividual@556206587{1960430495},3C_20_66-03.txt,118.340,0.100,11.834,9,12.594,106.42,1.399,6.000,0.000
23,ec.gp.GPIndividual@556206587{1960430495},3C_20_66-03.txt,118.340,0.100,11.834,8,14.844,125.43,1.855,6.000,0.000
23,ec.gp.GPIndividual@556206587{1960430495},3C_20_80-01.txt,4.194,0.100,0.419,4,1.219,290.56,0.305,6.000,0.000
23,ec.gp.GPIndividual@556206587{1960430495},3C_20_80-01.txt,4.194,0.100,0.419,2,3.938,938.73,1.969,6.000,0.000
23,ec.gp.GPIndividual@556206587{1960430495},3C_20_66-01.txt,7.322,0.100,0.732,6,4.047,552.69,0.674,6.000,0.000
23,ec.gp.GPIndividual@297432284{-1748696869},3C_20_50-02.txt,61.404,0.100,6.140,5,9.547,155.48,1.909,4.797,0.000
23,ec.gp.GPIndividual@297432284{-1748696869},3C_20_66-01.txt,7.322,0.100,0.732,5,2.063,281.68,0.413,4.797,0.000
23,ec.gp.GPIndividual@297432284{-1748696869},3C_20_80-02.txt,35.738,0.100,3.574,5,1.375,38.47,0.275,4.797,0.000
23,ec.gp.GPIndividual@297432284{-1748696869},3C_20_80-02.txt,35.738,0.100,3.574,4,5.500,153.90,1.375,4.797,0.000
23,ec.gp.GPIndividual@297432284{-1748696869},3C_20_66-02.txt,154.245,0.100,15.424,11,6.391,41.43,0.581,4.797,0.000
23,ec.gp.GPIndividual@297432284{-1748696869},3C_20_50-03.txt,30.993,0.100,3.099,3,3.906,126.04,1.302,4.797,0.000
23,ec.gp.GPIndividual@297432284{-1748696869},3C_20_80-03.txt,169.439,0.100,16.944,12,20.281,119.70,1.690,6.250,0.000
23,ec.gp.GPIndividual@297432284{-1748696869},3C_20_66-02.txt,154.245,0.100,15.424,10,16.875,109.40,1.688,6.250,0.000
23,ec.gp.GPIndividual@297432284{-1748696869},3C_20_66-03.txt,118.340,0.100,11.834,4,2.484,20.99,0.621,6.250,0.000
23,ec.gp.GPIndividual@639314159{2011775874},3C_20_50-02.txt,61.404,0.100,6.140,8,6.859,111.71,0.857,2.641,0.000
23,ec.gp.GPIndividual@639314159{2011775874},3C_20_50-03.txt,30.993,0.100,3.099,3,0.516,16.64,0.172,2.641,0.000
23,ec.gp.GPIndividual@639314159{2011775874},3C_20_66-03.txt,118.340,0.100,11.834,7,13.094,110.65,1.871,5.859,0.000
23,ec.gp.GPIndividual@639314159{2011775874},3C_20_80-03.txt,169.439,0.100,16.944,6,13.609,80.32,2.268,5.859,0.000
23,ec.gp.GPIndividual@639314159{2011775874},3C_20_66-01.txt,7.322,0.100,0.732,4,5.438,742.61,1.359,5.859,0.000
23,ec.gp.GPIndividual@639314159{2011775874},3C_20_66-02.txt,154.245,0.100,15.424,6,18.094,117.31,3.016,6.141,0.000
23,ec.gp.GPIndividual@711814041{1925645350},3C_20_50-02.txt,61.404,0.100,6.140,9,6.609,107.64,0.734,2.672,0.000
23,ec.gp.GPIndividual@711814041{1925645350},3C_20_80-01.txt,4.194,0.100,0.419,4,4.438,1057.94,1.109,4.281,0.000
23,ec.gp.GPIndividual@711814041{1925645350},3C_20_80-01.txt,4.194,0.100,0.419,3,0.141,33.53,0.047,4.281,0.000
23,ec.gp.GPIndividual@711814041{1925645350},3C_20_66-03.txt,118.340,0.100,11.834,12,12.938,109.33,1.078,4.281,0.000
23,ec.gp.GPIndividual@711814041{1925645350},3C_20_80-02.txt,35.738,0.100,3.574,4,1.141,31.92,0.285,4.281,0.000
23,ec.gp.GPIndividual@711814041{1925645350},3C_20_50-03.txt,30.993,0.100,3.099,5,5.797,187.04,1.159,4.281,0.000
23,ec.gp.GPIndividual@711814041{1925645350},3C_20_66-01.txt,7.322,0.100,0.732,3,2.469,337.16,0.823,4.281,0.000
23,ec.gp.GPIndividual@711814041{1925645350},3C_20_80-01.txt,4.194,0.100,0.419,5,1.500,357.61,0.300,4.281,0.000
23,ec.gp.GPIndividual@711814041{1925645350},3C_20_66-01.txt,7.322,0.100,0.732,3,0.797,108.83,0.266,4.281,0.000
23,ec.gp.GPIndividual@711814041{1925645350},3C_20_80-02.txt,35.738,0.100,3.574,10,3.641,101.87,0.364,4.281,0.000
23,ec.gp.GPIndividual@711814041{1925645350},3C_20_66-02.txt,154.245,0.100,15.424,11,14.578,94.51,1.325,4.859,0.000
23,ec.gp.GPIndividual@711814041{1925645350},3C_20_80-03.txt,169.439,0.100,16.944,14,19.141,112.96,1.367,4.859,0.000
23,ec.gp.GPIndividual@711814041{1925645350},3C_20_80-03.txt,169.439,0.100,16.944,5,8.547,50.44,1.709,4.859,0.000
23,ec.gp.GPIndividual@711814041{1925645350},3C_20_66-03.txt,118.340,0.100,11.834,7,11.891,100.48,1.699,6.406,0.000
23,ec.gp.GPIndividual@711814041{1925645350},3C_20_80-01.txt,4.194,0.100,0.419,2,2.203,525.24,1.102,6.406,0.000
23,ec.gp.GPIndividual@879287229{-770164686},3C_20_50-02.txt,61.404,0.100,6.140,2,6.281,102.29,3.141,5.953,0.328
23,ec.gp.GPIndividual@898970177{1045768160},3C_20_50-02.txt,61.404,0.100,6.140,6,12.391,201.79,2.065,6.594,0.000
23,ec.gp.GPIndividual@898970177{1045768160},3C_20_66-02.txt,154.245,0.100,15.424,4,0.641,4.15,0.160,6.594,0.000
23,ec.gp.GPIndividual@898970177{1045768160},3C_20_80-02.txt,35.738,0.100,3.574,5,8.469,236.97,1.694,6.594,0.000
23,ec.gp.GPIndividual@898970177{1045768160},3C_20_80-02.txt,35.738,0.100,3.574,4,3.938,110.18,0.984,6.594,0.000
23,ec.gp.GPIndividual@898970177{1045768160},3C_20_50-03.txt,30.993,0.100,3.099,6,3.781,122.01,0.630,6.594,0.000
23,ec.gp.GPIndividual@898970177{1045768160},3C_20_66-03.txt,118.340,0.100,11.834,4,2.844,24.03,0.711,6.594,0.000
23,ec.gp.GPIndividual@898970177{1045768160},3C_20_50-03.txt,30.993,0.100,3.099,5,3.766,121.50,0.753,6.594,0.000
23,ec.gp.GPIndividual@898970177{1045768160},3C_20_80-03.txt,169.439,0.100,16.944,14,17.031,100.52,1.217,6.594,0.000
23,ec.gp.GPIndividual@898970177{1045768160},3C_20_80-03.txt,169.439,0.100,16.944,6,18.266,107.80,3.044,6.594,0.000
23,ec.gp.GPIndividual@898970177{1045768160},3C_20_80-01.txt,4.194,0.100,0.419,4,3.141,748.75,0.785,6.594,0.000
23,ec.gp.GPIndividual@898970177{1045768160},3C_20_80-01.txt,4.194,0.100,0.419,3,0.625,149.01,0.208,6.594,0.000
23,ec.gp.GPIndividual@898970177{1045768160},3C_20_80-02.txt,35.738,0.100,3.574,5,3.781,105.80,0.756,6.594,0.000
23,ec.gp.GPIndividual@898970177{1045768160},3C_20_80-02.txt,35.738,0.100,3.574,7,3.500,97.93,0.500,6.594,0.000
23,ec.gp.GPIndividual@1400581824{-1105207808},3C_20_50-02.txt,61.404,0.100,6.140,6,10.172,165.65,1.695,5.000,0.000
23,ec.gp.GPIndividual@1400581824{-1105207808},3C_20_66-01.txt,7.322,0.100,0.732,1,1.500,204.86,1.500,5.000,0.000
23,ec.gp.GPIndividual@1400581824{-1105207808},3C_20_80-03.txt,169.439,0.100,16.944,5,6.109,36.06,1.222,5.266,0.000
23,ec.gp.GPIndividual@1400581824{-1105207808},3C_20_66-02.txt,154.245,0.100,15.424,2,0.734,4.76,0.367,5.266,0.000
23,ec.gp.GPIndividual@1400581824{-1105207808},3C_20_66-01.txt,7.322,0.100,0.732,2,1.219,166.45,0.609,5.266,0.000
23,ec.gp.GPIndividual@1400581824{-1105207808},3C_20_80-03.txt,169.439,0.100,16.944,3,0.422,2.49,0.141,5.266,0.000
23,ec.gp.GPIndividual@1400581824{-1105207808},3C_20_66-03.txt,118.340,0.100,11.834,7,13.391,113.15,1.913,5.266,0.000
23,ec.gp.GPIndividual@689003425{561022580},3C_20_50-02.txt,61.404,0.100,6.140,5,5.641,91.86,1.128,4.625,0.000
23,ec.gp.GPIndividual@689003425{561022580},3C_20_80-01.txt,4.194,0.100,0.419,1,5.844,1393.20,5.844,5.844,0.000
23,ec.gp.GPIndividual@689003425{561022580},3C_20_80-02.txt,35.738,0.100,3.574,4,3.625,101.43,0.906,5.844,0.000
23,ec.gp.GPIndividual@689003425{561022580},3C_20_50-03.txt,30.993,0.100,3.099,3,6.094,196.62,2.031,6.094,0.000
23,ec.gp.GPIndividual@1126750433{1251435091},3C_20_50-02.txt,61.404,0.100,6.140,6,6.453,105.09,1.076,1.781,0.000
23,ec.gp.GPIndividual@235500362{492667865},3C_20_50-02.txt,61.404,0.100,6.140,6,2.813,45.80,0.469,1.266,0.000
23,ec.gp.GPIndividual@235500362{492667865},3C_20_80-03.txt,169.439,0.100,16.944,7,2.891,17.06,0.413,1.594,0.000
23,ec.gp.GPIndividual@235500362{492667865},3C_20_50-03.txt,30.993,0.100,3.099,5,4.125,133.10,0.825,2.063,0.000
23,ec.gp.GPIndividual@235500362{492667865},3C_20_50-03.txt,30.993,0.100,3.099,5,0.781,25.21,0.156,2.063,0.000
23,ec.gp.GPIndividual@235500362{492667865},3C_20_66-02.txt,154.245,0.100,15.424,7,4.172,27.05,0.596,2.063,0.000
23,ec.gp.GPIndividual@235500362{492667865},3C_20_50-03.txt,30.993,0.100,3.099,5,5.516,177.97,1.103,2.234,0.000
23,ec.gp.GPIndividual@235500362{492667865},3C_20_66-03.txt,118.340,0.100,11.834,7,15.375,129.92,2.196,5.438,0.000
23,ec.gp.GPIndividual@235500362{492667865},3C_20_66-01.txt,7.322,0.100,0.732,3,0.859,117.37,0.286,5.438,0.000
23,ec.gp.GPIndividual@235500362{492667865},3C_20_66-01.txt,7.322,0.100,0.732,6,0.969,132.30,0.161,5.438,0.000
23,ec.gp.GPIndividual@235500362{492667865},3C_20_66-02.txt,154.245,0.100,15.424,3,2.438,15.80,0.813,5.438,0.000
23,ec.gp.GPIndividual@1262063616{745361173},3C_20_50-02.txt,61.404,0.100,6.140,3,8.063,131.30,2.688,4.031,0.000
23,ec.gp.GPIndividual@1262063616{745361173},3C_20_66-01.txt,7.322,0.100,0.732,4,0.938,128.04,0.234,4.031,0.000
23,ec.gp.GPIndividual@1262063616{745361173},3C_20_50-03.txt,30.993,0.100,3.099,4,6.797,219.31,1.699,4.844,0.000
23,ec.gp.GPIndividual@1262063616{745361173},3C_20_66-01.txt,7.322,0.100,0.732,4,0.781,106.70,0.195,4.844,0.000
23,ec.gp.GPIndividual@1262063616{745361173},3C_20_66-02.txt,154.245,0.100,15.424,18,16.563,107.38,0.920,4.844,0.000
23,ec.gp.GPIndividual@1262063616{745361173},3C_20_66-03.txt,118.340,0.100,11.834,3,0.156,1.32,0.052,4.844,0.000
23,ec.gp.GPIndividual@1262063616{745361173},3C_20_66-02.txt,154.245,0.100,15.424,6,16.094,104.34,2.682,5.750,0.000
23,ec.gp.GPIndividual@1262063616{745361173},3C_20_80-01.txt,4.194,0.100,0.419,2,1.547,368.79,0.773,5.750,0.000
23,ec.gp.GPIndividual@1262063616{745361173},3C_20_66-03.txt,118.340,0.100,11.834,11,12.875,108.80,1.170,5.750,0.000
23,ec.gp.GPIndividual@1262063616{745361173},3C_20_80-02.txt,35.738,0.100,3.574,4,5.172,144.72,1.293,5.750,0.000
23,ec.gp.GPIndividual@1262063616{745361173},3C_20_66-01.txt,7.322,0.100,0.732,2,1.375,187.79,0.688,5.750,0.000
23,ec.gp.GPIndividual@1262063616{745361173},3C_20_66-03.txt,118.340,0.100,11.834,5,3.188,26.94,0.638,5.750,0.000
23,ec.gp.GPIndividual@1262063616{745361173},3C_20_66-02.txt,154.245,0.100,15.424,12,15.984,103.63,1.332,5.750,0.000
23,ec.gp.GPIndividual@1262063616{745361173},3C_20_66-02.txt,154.245,0.100,15.424,8,15.875,102.92,1.984,5.750,0.000
23,ec.gp.GPIndividual@1262063616{745361173},3C_20_66-03.txt,118.340,0.100,11.834,8,13.031,110.12,1.629,5.750,0.000
23,ec.gp.GPIndividual@1262063616{745361173},3C_20_80-01.txt,4.194,0.100,0.419,4,2.344,558.77,0.586,5.750,0.000
23,ec.gp.GPIndividual@1262063616{745361173},3C_20_80-01.txt,4.194,0.100,0.419,2,1.406,335.26,0.703,5.750,0.000
23,ec.gp.GPIndividual@1262063616{745361173},3C_20_66-03.txt,118.340,0.100,11.834,6,11.844,100.08,1.974,5.750,0.000
23,ec.gp.GPIndividual@1262063616{745361173},3C_20_80-01.txt,4.194,0.100,0.419,4,2.438,581.12,0.609,5.750,0.000
23,ec.gp.GPIndividual@1262063616{745361173},3C_20_80-02.txt,35.738,0.100,3.574,6,3.969,111.05,0.661,5.750,0.000
23,ec.gp.GPIndividual@1262063616{745361173},3C_20_80-03.txt,169.439,0.100,16.944,17,16.922,99.87,0.995,5.750,0.000
23,ec.gp.GPIndividual@1262063616{745361173},3C_20_80-03.txt,169.439,0.100,16.944,8,18.828,111.12,2.354,5.875,0.000
23,ec.gp.GPIndividual@504607677{816967374},3C_20_50-02.txt,61.404,0.100,6.140,6,5.438,88.55,0.906,3.281,0.000
23,ec.gp.GPIndividual@504607677{816967374},3C_20_80-02.txt,35.738,0.100,3.574,4,6.891,192.81,1.723,5.047,0.000
23,ec.gp.GPIndividual@504607677{816967374},3C_20_80-01.txt,4.194,0.100,0.419,3,2.063,491.72,0.688,5.047,0.000
23,ec.gp.GPIndividual@504607677{816967374},3C_20_80-02.txt,35.738,0.100,3.574,4,5.141,143.84,1.285,5.047,0.000
23,ec.gp.GPIndividual@504607677{816967374},3C_20_80-01.txt,4.194,0.100,0.419,3,0.656,156.46,0.219,5.047,0.000
23,ec.gp.GPIndividual@504607677{816967374},3C_20_50-03.txt,30.993,0.100,3.099,3,6.453,208.22,2.151,6.297,0.000
23,ec.gp.GPIndividual@1415095051{-1635640411},3C_20_50-02.txt,61.404,0.100,6.140,7,6.938,112.98,0.991,1.563,0.000
23,ec.gp.GPIndividual@1415095051{-1635640411},3C_20_80-02.txt,35.738,0.100,3.574,8,3.422,95.75,0.428,1.563,0.000
23,ec.gp.GPIndividual@1415095051{-1635640411},3C_20_80-02.txt,35.738,0.100,3.574,8,6.141,171.82,0.768,1.984,0.000
23,ec.gp.GPIndividual@1415095051{-1635640411},3C_20_50-03.txt,30.993,0.100,3.099,8,4.609,148.73,0.576,1.984,0.000
23,ec.gp.GPIndividual@1415095051{-1635640411},3C_20_80-03.txt,169.439,0.100,16.944,13,17.656,104.20,1.358,3.781,0.000
23,ec.gp.GPIndividual@1415095051{-1635640411},3C_20_66-01.txt,7.322,0.100,0.732,6,5.328,727.67,0.888,4.484,0.000
23,ec.gp.GPIndividual@1415095051{-1635640411},3C_20_66-01.txt,7.322,0.100,0.732,2,1.359,185.65,0.680,4.484,0.000
23,ec.gp.GPIndividual@1415095051{-1635640411},3C_20_80-03.txt,169.439,0.100,16.944,15,16.688,98.49,1.113,6.125,0.000
23,ec.gp.GPIndividual@1415095051{-1635640411},3C_20_80-03.txt,169.439,0.100,16.944,8,18.359,108.35,2.295,6.125,0.000
23,ec.gp.GPIndividual@2082247392{1232531604},3C_20_50-02.txt,61.404,0.100,6.140,5,3.719,60.56,0.744,1.969,0.000
23,ec.gp.GPIndividual@2082247392{1232531604},3C_20_80-03.txt,169.439,0.100,16.944,3,1.984,11.71,0.661,1.984,0.000
23,ec.gp.GPIndividual@2082247392{1232531604},3C_20_66-02.txt,154.245,0.100,15.424,7,18.797,121.86,2.685,6.250,0.000
23,ec.gp.GPIndividual@1816889696{1246874795},3C_20_50-02.txt,61.404,0.100,6.140,9,6.125,99.75,0.681,2.469,0.000
23,ec.gp.GPIndividual@1816889696{1246874795},3C_20_66-03.txt,118.340,0.100,11.834,4,2.766,23.37,0.691,2.469,0.000
23,ec.gp.GPIndividual@1816889696{1246874795},3C_20_66-02.txt,154.245,0.100,15.424,11,7.594,49.23,0.690,4.453,0.000
23,ec.gp.GPIndividual@1816889696{1246874795},3C_20_50-03.txt,30.993,0.100,3.099,4,5.953,192.08,1.488,5.563,0.000
23,ec.gp.GPIndividual@1515530833{1070388597},3C_20_50-02.txt,61.404,0.100,6.140,4,1.000,16.29,0.250,0.500,0.000
23,ec.gp.GPIndividual@1515530833{1070388597},3C_20_50-03.txt,30.993,0.100,3.099,3,3.500,112.93,1.167,2.172,0.000
23,ec.gp.GPIndividual@1515530833{1070388597},3C_20_66-03.txt,118.340,0.100,11.834,9,12.828,108.40,1.425,4.766,0.000
23,ec.gp.GPIndividual@762163138{-802966449},3C_20_50-02.txt,61.404,0.100,6.140,2,0.516,8.40,0.258,0.516,0.000
23,ec.gp.GPIndividual@762163138{-802966449},3C_20_50-03.txt,30.993,0.100,3.099,6,4.844,156.29,0.807,1.391,0.000
23,ec.gp.GPIndividual@762163138{-802966449},3C_20_50-03.txt,30.993,0.100,3.099,5,13.063,421.47,2.613,4.828,0.000
23,ec.gp.GPIndividual@762163138{-802966449},3C_20_66-01.txt,7.322,0.100,0.732,2,1.359,185.65,0.680,4.828,0.000
23,ec.gp.GPIndividual@762163138{-802966449},3C_20_66-01.txt,7.322,0.100,0.732,2,2.563,349.96,1.281,4.828,0.000
23,ec.gp.GPIndividual@762163138{-802966449},3C_20_80-01.txt,4.194,0.100,0.419,4,0.984,234.68,0.246,4.828,0.000
23,ec.gp.GPIndividual@762163138{-802966449},3C_20_80-01.txt,4.194,0.100,0.419,5,0.500,119.20,0.100,4.828,0.000
23,ec.gp.GPIndividual@762163138{-802966449},3C_20_66-01.txt,7.322,0.100,0.732,5,0.797,108.83,0.159,4.828,0.000
23,ec.gp.GPIndividual@762163138{-802966449},3C_20_66-02.txt,154.245,0.100,15.424,16,15.641,101.40,0.978,4.828,0.000
23,ec.gp.GPIndividual@762163138{-802966449},3C_20_66-02.txt,154.245,0.100,15.424,3,2.219,14.38,0.740,4.828,0.000
23,ec.gp.GPIndividual@762163138{-802966449},3C_20_66-03.txt,118.340,0.100,11.834,6,11.641,98.37,1.940,6.047,0.000
23,ec.gp.GPIndividual@762163138{-802966449},3C_20_66-02.txt,154.245,0.100,15.424,4,5.094,33.02,1.273,6.047,0.000
23,ec.gp.GPIndividual@762163138{-802966449},3C_20_80-02.txt,35.738,0.100,3.574,7,4.734,132.47,0.676,6.047,0.000
23,ec.gp.GPIndividual@762163138{-802966449},3C_20_66-01.txt,7.322,0.100,0.732,6,1.031,140.84,0.172,6.047,0.000
23,ec.gp.GPIndividual@762163138{-802966449},3C_20_66-03.txt,118.340,0.100,11.834,6,15.797,133.49,2.633,6.047,0.000
23,ec.gp.GPIndividual@762163138{-802966449},3C_20_80-02.txt,35.738,0.100,3.574,3,2.609,73.01,0.870,6.047,0.000
23,ec.gp.GPIndividual@762163138{-802966449},3C_20_80-01.txt,4.194,0.100,0.419,2,0.984,234.68,0.492,6.047,0.000
23,ec.gp.GPIndividual@762163138{-802966449},3C_20_66-02.txt,154.245,0.100,15.424,2,0.156,1.01,0.078,6.047,0.000
23,ec.gp.GPIndividual@762163138{-802966449},3C_20_80-02.txt,35.738,0.100,3.574,6,4.063,113.67,0.677,6.047,0.000
23,ec.gp.GPIndividual@762163138{-802966449},3C_20_66-03.txt,118.340,0.100,11.834,1,0.000,0.00,0.000,6.047,0.000
23,ec.gp.GPIndividual@762163138{-802966449},3C_20_80-03.txt,169.439,0.100,16.944,10,17.078,100.79,1.708,6.047,0.000
23,ec.gp.GPIndividual@762163138{-802966449},3C_20_80-03.txt,169.439,0.100,16.944,4,1.547,9.13,0.387,6.047,0.000
23,ec.gp.GPIndividual@762163138{-802966449},3C_20_80-03.txt,169.439,0.100,16.944,6,16.953,100.05,2.826,6.250,0.000
23,ec.gp.GPIndividual@762163138{-802966449},3C_20_66-03.txt,118.340,0.100,11.834,5,15.578,131.64,3.116,6.250,0.000
23,ec.gp.GPIndividual@747787044{-728118626},3C_20_50-02.txt,61.404,0.100,6.140,3,6.859,111.71,2.286,6.328,0.000
23,ec.gp.GPIndividual@1259613828{1237395372},3C_20_50-02.txt,61.404,0.100,6.140,7,13.797,224.69,1.971,4.859,0.000
23,ec.gp.GPIndividual@911202248{753425794},3C_20_50-02.txt,61.404,0.100,6.140,0,0.000,0.00,0.000,0.000,0.000
23,ec.gp.GPIndividual@911202248{753425794},3C_20_50-03.txt,30.993,0.100,3.099,0,0.000,0.00,0.000,0.000,0.000
23,ec.gp.GPIndividual@911202248{753425794},3C_20_66-01.txt,7.322,0.100,0.732,0,0.000,0.00,0.000,0.000,0.000
23,ec.gp.GPIndividual@911202248{753425794},3C_20_66-02.txt,154.245,0.100,15.424,0,0.000,0.00,0.000,0.000,0.000
23,ec.gp.GPIndividual@911202248{753425794},3C_20_66-03.txt,118.340,0.100,11.834,0,0.000,0.00,0.000,0.000,0.000
23,ec.gp.GPIndividual@911202248{753425794},3C_20_80-01.txt,4.194,0.100,0.419,0,0.000,0.00,0.000,0.000,0.000
23,ec.gp.GPIndividual@911202248{753425794},3C_20_80-02.txt,35.738,0.100,3.574,0,0.000,0.00,0.000,0.000,0.000
23,ec.gp.GPIndividual@911202248{753425794},3C_20_80-03.txt,169.439,0.100,16.944,0,0.000,0.00,0.000,0.000,0.000
23,ec.gp.GPIndividual@1240255934{1100285115},3C_20_50-02.txt,61.404,0.100,6.140,7,6.422,104.58,0.917,2.125,0.000
23,ec.gp.GPIndividual@1240255934{1100285115},3C_20_80-01.txt,4.194,0.100,0.419,3,0.500,119.20,0.167,2.125,0.000
23,ec.gp.GPIndividual@1240255934{1100285115},3C_20_80-02.txt,35.738,0.100,3.574,6,4.547,127.23,0.758,2.125,0.000
23,ec.gp.GPIndividual@1240255934{1100285115},3C_20_80-01.txt,4.194,0.100,0.419,2,1.656,394.86,0.828,2.125,0.000
23,ec.gp.GPIndividual@1240255934{1100285115},3C_20_50-03.txt,30.993,0.100,3.099,8,3.844,124.02,0.480,2.609,0.000
23,ec.gp.GPIndividual@1240255934{1100285115},3C_20_80-01.txt,4.194,0.100,0.419,1,0.000,0.00,0.000,2.609,0.000
23,ec.gp.GPIndividual@1240255934{1100285115},3C_20_50-03.txt,30.993,0.100,3.099,7,3.156,101.84,0.451,2.609,0.000
23,ec.gp.GPIndividual@1240255934{1100285115},3C_20_80-02.txt,35.738,0.100,3.574,4,1.625,45.47,0.406,2.609,0.000
23,ec.gp.GPIndividual@1240255934{1100285115},3C_20_50-03.txt,30.993,0.100,3.099,6,3.797,122.51,0.633,2.609,0.000
23,ec.gp.GPIndividual@1240255934{1100285115},3C_20_66-01.txt,7.322,0.100,0.732,2,0.875,119.50,0.438,2.609,0.000
23,ec.gp.GPIndividual@1240255934{1100285115},3C_20_80-03.txt,169.439,0.100,16.944,14,19.172,113.15,1.369,4.188,0.000
23,ec.gp.GPIndividual@1240255934{1100285115},3C_20_66-01.txt,7.322,0.100,0.732,2,1.406,192.05,0.703,4.188,0.000
23,ec.gp.GPIndividual@1240255934{1100285115},3C_20_80-02.txt,35.738,0.100,3.574,2,4.453,124.60,2.227,4.453,0.000
23,ec.gp.GPIndividual@1240255934{1100285115},3C_20_66-01.txt,7.322,0.100,0.732,5,1.047,142.97,0.209,4.453,0.000
23,ec.gp.GPIndividual@1240255934{1100285115},3C_20_66-02.txt,154.245,0.100,15.424,10,16.234,105.25,1.623,5.750,0.000
23,ec.gp.GPIndividual@1240255934{1100285115},3C_20_66-03.txt,118.340,0.100,11.834,9,10.359,87.54,1.151,5.750,0.000
23,ec.gp.GPIndividual@1240255934{1100285115},3C_20_80-03.txt,169.439,0.100,16.944,4,3.469,20.47,0.867,5.750,0.000
23,ec.gp.GPIndividual@1240255934{1100285115},3C_20_66-02.txt,154.245,0.100,15.424,9,17.891,115.99,1.988,6.188,0.000
23,ec.gp.GPIndividual@1240255934{1100285115},3C_20_66-03.txt,118.340,0.100,11.834,6,4.922,41.59,0.820,6.188,0.000
23,ec.gp.GPIndividual@1240255934{1100285115},3C_20_66-02.txt,154.245,0.100,15.424,3,5.047,32.72,1.682,6.188,0.000
23,ec.gp.GPIndividual@743005398{1963458929},3C_20_50-02.txt,61.404,0.100,6.140,3,8.813,143.52,2.938,6.234,0.000
23,ec.gp.GPIndividual@163307691{-874397775},3C_20_50-02.txt,61.404,0.100,6.140,11,8.000,130.28,0.727,3.359,0.000
23,ec.gp.GPIndividual@213546218{344382310},3C_20_50-02.txt,61.404,0.100,6.140,16,4.875,79.39,0.305,1.563,0.000
23,ec.gp.GPIndividual@213546218{344382310},3C_20_50-03.txt,30.993,0.100,3.099,7,3.406,109.91,0.487,1.563,0.000
23,ec.gp.GPIndividual@213546218{344382310},3C_20_66-01.txt,7.322,0.100,0.732,2,0.953,130.17,0.477,1.563,0.000
23,ec.gp.GPIndividual@213546218{344382310},3C_20_80-03.txt,169.439,0.100,16.944,12,21.266,125.51,1.772,5.250,0.000
23,ec.gp.GPIndividual@213546218{344382310},3C_20_66-02.txt,154.245,0.100,15.424,13,17.047,110.52,1.311,6.063,0.000
23,ec.gp.GPIndividual@62702194{-1117137605},3C_20_50-02.txt,61.404,0.100,6.140,12,7.125,116.03,0.594,2.266,0.000
23,ec.gp.GPIndividual@62702194{-1117137605},3C_20_50-03.txt,30.993,0.100,3.099,3,0.203,6.55,0.068,2.266,0.000
23,ec.gp.GPIndividual@62702194{-1117137605},3C_20_80-03.txt,169.439,0.100,16.944,9,18.500,109.18,2.056,5.750,0.000
23,ec.gp.GPIndividual@62702194{-1117137605},3C_20_66-01.txt,7.322,0.100,0.732,3,1.250,170.71,0.417,5.750,0.000
24,ec.gp.GPIndividual@2035005496{-96024812},3C_20_50-02.txt,61.404,0.100,6.140,10,6.719,109.42,0.672,1.672,0.000
24,ec.gp.GPIndividual@2035005496{-96024812},3C_20_50-03.txt,30.993,0.100,3.099,3,5.484,176.96,1.828,1.906,0.000
24,ec.gp.GPIndividual@2035005496{-96024812},3C_20_50-03.txt,30.993,0.100,3.099,4,0.938,30.25,0.234,1.906,0.000
24,ec.gp.GPIndividual@2035005496{-96024812},3C_20_50-03.txt,30.993,0.100,3.099,10,1.813,58.48,0.181,1.906,0.000
24,ec.gp.GPIndividual@2035005496{-96024812},3C_20_50-03.txt,30.993,0.100,3.099,5,4.031,130.07,0.806,1.906,0.000
24,ec.gp.GPIndividual@2035005496{-96024812},3C_20_66-01.txt,7.322,0.100,0.732,2,0.328,44.81,0.164,1.906,0.000
24,ec.gp.GPIndividual@2035005496{-96024812},3C_20_50-03.txt,30.993,0.100,3.099,6,2.141,69.07,0.357,1.906,0.000
24,ec.gp.GPIndividual@2035005496{-96024812},3C_20_66-02.txt,154.245,0.100,15.424,5,1.906,12.36,0.381,1.906,0.000
24,ec.gp.GPIndividual@2035005496{-96024812},3C_20_50-03.txt,30.993,0.100,3.099,5,4.016,129.57,0.803,1.906,0.000
24,ec.gp.GPIndividual@2035005496{-96024812},3C_20_66-03.txt,118.340,0.100,11.834,5,15.141,127.94,3.028,4.484,0.000
24,ec.gp.GPIndividual@2035005496{-96024812},3C_20_80-01.txt,4.194,0.100,0.419,1,4.344,1035.59,4.344,4.484,0.000
24,ec.gp.GPIndividual@2035005496{-96024812},3C_20_66-01.txt,7.322,0.100,0.732,3,0.313,42.68,0.104,4.484,0.000
24,ec.gp.GPIndividual@2035005496{-96024812},3C_20_80-02.txt,35.738,0.100,3.574,1,0.484,13.55,0.484,4.484,0.000
24,ec.gp.GPIndividual@2035005496{-96024812},3C_20_66-01.txt,7.322,0.100,0.732,2,4.141,565.49,2.070,4.484,0.000
24,ec.gp.GPIndividual@2035005496{-96024812},3C_20_66-01.txt,7.322,0.100,0.732,3,4.281,584.70,1.427,4.484,0.000
24,ec.gp.GPIndividual@2035005496{-96024812},3C_20_66-01.txt,7.322,0.100,0.732,4,0.953,130.17,0.238,4.484,0.000
24,ec.gp.GPIndividual@2035005496{-96024812},3C_20_66-02.txt,154.245,0.100,15.424,7,4.297,27.86,0.614,4.484,0.000
24,ec.gp.GPIndividual@2035005496{-96024812},3C_20_80-03.txt,169.439,0.100,16.944,9,17.500,103.28,1.944,5.328,0.000
24,ec.gp.GPIndividual@2035005496{-96024812},3C_20_66-01.txt,7.322,0.100,0.732,2,1.453,198.46,0.727,5.328,0.000
24,ec.gp.GPIndividual@2035005496{-96024812},3C_20_66-03.txt,118.340,0.100,11.834,5,7.891,66.68,1.578,6.344,0.000
24,ec.gp.GPIndividual@2035005496{-96024812},3C_20_66-02.txt,154.245,0.100,15.424,7,16.406,106.36,2.344,6.344,0.000
24,ec.gp.GPIndividual@1708169834{683898066},3C_20_50-02.txt,61.404,0.100,6.140,5,6.688,108.91,1.338,4.141,0.000
24,ec.gp.GPIndividual@1708169834{683898066},3C_20_66-02.txt,154.245,0.100,15.424,9,15.484,100.39,1.720,4.859,0.000
24,ec.gp.GPIndividual@1708169834{683898066},3C_20_66-03.txt,118.340,0.100,11.834,8,14.141,119.49,1.768,4.859,0.000
24,ec.gp.GPIndividual@1708169834{683898066},3C_20_66-02.txt,154.245,0.100,15.424,5,8.156,52.88,1.631,4.859,0.000
24,ec.gp.GPIndividual@1708169834{683898066},3C_20_66-02.txt,154.245,0.100,15.424,7,16.875,109.40,2.411,4.859,0.000
24,ec.gp.GPIndividual@1708169834{683898066},3C_20_80-01.txt,4.194,0.100,0.419,3,2.641,629.55,0.880,4.859,0.000
24,ec.gp.GPIndividual@1708169834{683898066},3C_20_66-03.txt,118.340,0.100,11.834,9,11.938,100.87,1.326,4.859,0.000
24,ec.gp.GPIndividual@1708169834{683898066},3C_20_50-03.txt,30.993,0.100,3.099,2,0.344,11.09,0.172,4.859,0.000
24,ec.gp.GPIndividual@1708169834{683898066},3C_20_80-02.txt,35.738,0.100,3.574,5,3.750,104.93,0.750,4.859,0.000
24,ec.gp.GPIndividual@1708169834{683898066},3C_20_66-03.txt,118.340,0.100,11.834,7,13.453,113.68,1.922,4.859,0.000
24,ec.gp.GPIndividual@1708169834{683898066},3C_20_80-01.txt,4.194,0.100,0.419,4,0.516,122.93,0.129,4.859,0.000
24,ec.gp.GPIndividual@1708169834{683898066},3C_20_80-02.txt,35.738,0.100,3.574,4,3.203,89.63,0.801,4.859,0.000
24,ec.gp.GPIndividual@1708169834{683898066},3C_20_80-03.txt,169.439,0.100,16.944,8,17.609,103.93,2.201,4.859,0.000
24,ec.gp.GPIndividual@1708169834{683898066},3C_20_80-03.txt,169.439,0.100,16.944,7,14.156,83.55,2.022,5.281,0.000
24,ec.gp.GPIndividual@1708169834{683898066},3C_20_66-03.txt,118.340,0.100,11.834,4,14.453,122.13,3.613,6.156,0.000
24,ec.gp.GPIndividual@1708169834{683898066},3C_20_80-01.txt,4.194,0.100,0.419,2,2.391,569.94,1.195,6.156,0.000
24,ec.gp.GPIndividual@388677242{-1510639972},3C_20_50-02.txt,61.404,0.100,6.140,4,6.719,109.42,1.680,5.953,0.000
24,ec.gp.GPIndividual@1431485311{-2056233437},3C_20_50-02.txt,61.404,0.100,6.140,4,6.141,100.00,1.535,5.172,0.000
24,ec.gp.GPIndividual@1431485311{-2056233437},3C_20_66-01.txt,7.322,0.100,0.732,5,1.109,151.51,0.222,5.172,0.000
24,ec.gp.GPIndividual@1431485311{-2056233437},3C_20_50-03.txt,30.993,0.100,3.099,4,6.766,218.30,1.691,5.172,0.000
24,ec.gp.GPIndividual@1431485311{-2056233437},3C_20_80-02.txt,35.738,0.100,3.574,5,4.719,132.04,0.944,5.172,0.000
24,ec.gp.GPIndividual@1431485311{-2056233437},3C_20_66-02.txt,154.245,0.100,15.424,3,2.156,13.98,0.719,5.172,0.000
24,ec.gp.GPIndividual@1431485311{-2056233437},3C_20_80-01.txt,4.194,0.100,0.419,2,0.469,111.75,0.234,5.172,0.000
24,ec.gp.GPIndividual@1431485311{-2056233437},3C_20_50-03.txt,30.993,0.100,3.099,4,3.188,102.85,0.797,5.172,0.000
24,ec.gp.GPIndividual@1431485311{-2056233437},3C_20_80-01.txt,4.194,0.100,0.419,3,0.500,119.20,0.167,5.172,0.000
24,ec.gp.GPIndividual@1431485311{-2056233437},3C_20_80-02.txt,35.738,0.100,3.574,6,3.719,104.06,0.620,5.172,0.000
24,ec.gp.GPIndividual@1431485311{-2056233437},3C_20_80-03.txt,169.439,0.100,16.944,14,20.563,121.36,1.469,5.172,0.000
24,ec.gp.GPIndividual@1431485311{-2056233437},3C_20_66-01.txt,7.322,0.100,0.732,4,0.906,123.77,0.227,5.172,0.000
24,ec.gp.GPIndividual@1431485311{-2056233437},3C_20_80-03.txt,169.439,0.100,16.944,13,16.719,98.67,1.286,6.031,0.000
24,ec.gp.GPIndividual@1431485311{-2056233437},3C_20_66-03.txt,118.340,0.100,11.834,7,11.938,100.87,1.705,6.031,0.000
24,ec.gp.GPIndividual@1431485311{-2056233437},3C_20_66-01.txt,7.322,0.100,0.732,5,0.875,119.50,0.175,6.031,0.000
24,ec.gp.GPIndividual@1431485311{-2056233437},3C_20_66-02.txt,154.245,0.100,15.424,6,9.625,62.40,1.604,6.172,0.000
24,ec.gp.GPIndividual@1431485311{-2056233437},3C_20_66-02.txt,154.245,0.100,15.424,3,3.750,24.31,1.250,6.172,0.000
24,ec.gp.GPIndividual@702879903{64428365},3C_20_50-02.txt,61.404,0.100,6.140,7,9.094,148.10,1.299,4.766,0.000
24,ec.gp.GPIndividual@702879903{64428365},3C_20_50-03.txt,30.993,0.100,3.099,1,0.000,0.00,0.000,4.766,0.000
24,ec.gp.GPIndividual@702879903{64428365},3C_20_66-03.txt,118.340,0.100,11.834,8,11.578,97.84,1.447,4.766,0.000
24,ec.gp.GPIndividual@702879903{64428365},3C_20_80-02.txt,35.738,0.100,3.574,4,4.047,113.24,1.012,4.766,0.000
24,ec.gp.GPIndividual@1299731255{1656839702},3C_20_50-02.txt,61.404,0.100,6.140,7,7.797,126.98,1.114,4.359,0.000
24,ec.gp.GPIndividual@1299731255{1656839702},3C_20_80-01.txt,4.194,0.100,0.419,2,1.422,338.99,0.711,4.359,0.000
24,ec.gp.GPIndividual@1299731255{1656839702},3C_20_66-03.txt,118.340,0.100,11.834,9,12.109,102.33,1.345,4.844,0.000
24,ec.gp.GPIndividual@1299731255{1656839702},3C_20_66-01.txt,7.322,0.100,0.732,6,1.875,256.07,0.313,4.844,0.000
24,ec.gp.GPIndividual@1299731255{1656839702},3C_20_80-03.txt,169.439,0.100,16.944,4,0.469,2.77,0.117,4.844,0.000
24,ec.gp.GPIndividual@1299731255{1656839702},3C_20_80-02.txt,35.738,0.100,3.574,2,1.531,42.85,0.766,4.844,0.000
24,ec.gp.GPIndividual@1299731255{1656839702},3C_20_50-03.txt,30.993,0.100,3.099,3,3.656,117.97,1.219,4.844,0.000
24,ec.gp.GPIndividual@1299731255{1656839702},3C_20_80-01.txt,4.194,0.100,0.419,2,1.391,331.54,0.695,4.844,0.000
24,ec.gp.GPIndividual@1299731255{1656839702},3C_20_66-01.txt,7.322,0.100,0.732,4,2.047,279.54,0.512,4.844,0.000
24,ec.gp.GPIndividual@1299731255{1656839702},3C_20_66-01.txt,7.322,0.100,0.732,4,2.047,279.54,0.512,4.844,0.000
24,ec.gp.GPIndividual@1299731255{1656839702},3C_20_80-03.txt,169.439,0.100,16.944,4,1.266,7.47,0.316,4.844,0.000
24,ec.gp.GPIndividual@1299731255{1656839702},3C_20_66-02.txt,154.245,0.100,15.424,8,19.625,127.23,2.453,5.781,0.000
24,ec.gp.GPIndividual@1248782598{-868662423},3C_20_50-02.txt,61.404,0.100,6.140,3,1.922,31.30,0.641,1.266,0.000
24,ec.gp.GPIndividual@1248782598{-868662423},3C_20_66-03.txt,118.340,0.100,11.834,7,14.281,120.68,2.040,5.938,0.000
24,ec.gp.GPIndividual@1725776694{1849229346},3C_20_50-02.txt,61.404,0.100,6.140,0,0.000,0.00,0.000,0.000,0.000
24,ec.gp.GPIndividual@1725776694{1849229346},3C_20_50-03.txt,30.993,0.100,3.099,0,0.000,0.00,0.000,0.000,0.000
24,ec.gp.GPIndividual@1725776694{1849229346},3C_20_66-01.txt,7.322,0.100,0.732,0,0.000,0.00,0.000,0.000,0.000
24,ec.gp.GPIndividual@1725776694{1849229346},3C_20_66-02.txt,154.245,0.100,15.424,0,0.000,0.00,0.000,0.000,0.000
24,ec.gp.GPIndividual@1725776694{1849229346},3C_20_66-03.txt,118.340,0.100,11.834,0,0.000,0.00,0.000,0.000,0.000
24,ec.gp.GPIndividual@1725776694{1849229346},3C_20_80-01.txt,4.194,0.100,0.419,0,0.000,0.00,0.000,0.000,0.000
24,ec.gp.GPIndividual@1725776694{1849229346},3C_20_80-02.txt,35.738,0.100,3.574,0,0.000,0.00,0.000,0.000,0.000
24,ec.gp.GPIndividual@1725776694{1849229346},3C_20_80-03.txt,169.439,0.100,16.944,0,0.000,0.00,0.000,0.000,0.000
24,ec.gp.GPIndividual@1483220922{639407829},3C_20_50-02.txt,61.404,0.100,6.140,0,0.000,0.00,0.000,0.000,0.000
24,ec.gp.GPIndividual@1483220922{639407829},3C_20_50-03.txt,30.993,0.100,3.099,0,0.000,0.00,0.000,0.000,0.000
24,ec.gp.GPIndividual@1483220922{639407829},3C_20_66-01.txt,7.322,0.100,0.732,0,0.000,0.00,0.000,0.000,0.000
24,ec.gp.GPIndividual@1483220922{639407829},3C_20_66-02.txt,154.245,0.100,15.424,0,0.000,0.00,0.000,0.000,0.000
24,ec.gp.GPIndividual@1483220922{639407829},3C_20_66-03.txt,118.340,0.100,11.834,0,0.000,0.00,0.000,0.000,0.000
24,ec.gp.GPIndividual@1483220922{639407829},3C_20_80-01.txt,4.194,0.100,0.419,0,0.000,0.00,0.000,0.000,0.000
24,ec.gp.GPIndividual@1483220922{639407829},3C_20_80-02.txt,35.738,0.100,3.574,0,0.000,0.00,0.000,0.000,0.000
24,ec.gp.GPIndividual@1483220922{639407829},3C_20_80-03.txt,169.439,0.100,16.944,0,0.000,0.00,0.000,0.000,0.000
24,ec.gp.GPIndividual@2063342934{-364965130},3C_20_50-02.txt,61.404,0.100,6.140,5,8.766,142.75,1.753,5.828,0.000
24,ec.gp.GPIndividual@2063342934{-364965130},3C_20_80-01.txt,4.194,0.100,0.419,3,0.422,100.58,0.141,5.828,0.000
24,ec.gp.GPIndividual@2063342934{-364965130},3C_20_80-02.txt,35.738,0.100,3.574,3,1.297,36.29,0.432,5.828,0.000
24,ec.gp.GPIndividual@2063342934{-364965130},3C_20_66-02.txt,154.245,0.100,15.424,3,3.391,21.98,1.130,5.828,0.000
24,ec.gp.GPIndividual@2063342934{-364965130},3C_20_80-03.txt,169.439,0.100,16.944,17,13.063,77.09,0.768,5.828,0.000
24,ec.gp.GPIndividual@2063342934{-364965130},3C_20_50-03.txt,30.993,0.100,3.099,3,4.438,143.18,1.479,5.828,0.000
24,ec.gp.GPIndividual@2063342934{-364965130},3C_20_80-01.txt,4.194,0.100,0.419,4,1.656,394.86,0.414,5.828,0.000
24,ec.gp.GPIndividual@2063342934{-364965130},3C_20_80-03.txt,169.439,0.100,16.944,11,20.563,121.36,1.869,5.828,0.000
24,ec.gp.GPIndividual@269780239{-1884147421},3C_20_50-02.txt,61.404,0.100,6.140,3,1.969,32.06,0.656,1.969,0.000
24,ec.gp.GPIndividual@269780239{-1884147421},3C_20_80-02.txt,35.738,0.100,3.574,3,5.391,150.84,1.797,4.813,0.000
24,ec.gp.GPIndividual@1049423723{-410333848},3C_20_50-02.txt,61.404,0.100,6.140,2,2.359,38.42,1.180,2.359,0.000
24,ec.gp.GPIndividual@1049423723{-410333848},3C_20_66-03.txt,118.340,0.100,11.834,12,12.313,104.04,1.026,2.359,0.000
24,ec.gp.GPIndividual@1049423723{-410333848},3C_20_50-03.txt,30.993,0.100,3.099,2,0.719,23.19,0.359,2.359,0.000
24,ec.gp.GPIndividual@1049423723{-410333848},3C_20_50-03.txt,30.993,0.100,3.099,1,4.719,152.25,4.719,4.719,0.000
24,ec.gp.GPIndividual@1049423723{-410333848},3C_20_80-01.txt,4.194,0.100,0.419,2,1.172,279.38,0.586,4.719,0.000
24,ec.gp.GPIndividual@1049423723{-410333848},3C_20_80-03.txt,169.439,0.100,16.944,13,16.969,100.15,1.305,4.719,0.000
24,ec.gp.GPIndividual@1049423723{-410333848},3C_20_66-01.txt,7.322,0.100,0.732,5,5.734,783.15,1.147,5.156,0.000
24,ec.gp.GPIndividual@2139954096{726257833},3C_20_50-02.txt,61.404,0.100,6.140,6,4.734,77.10,0.789,4.609,0.000
24,ec.gp.GPIndividual@2139954096{726257833},3C_20_66-01.txt,7.322,0.100,0.732,2,2.906,396.91,1.453,4.609,0.000
24,ec.gp.GPIndividual@2139954096{726257833},3C_20_80-02.txt,35.738,0.100,3.574,4,2.344,65.58,0.586,4.609,0.000
24,ec.gp.GPIndividual@2139954096{726257833},3C_20_66-01.txt,7.322,0.100,0.732,2,0.766,104.56,0.383,4.609,0.000
24,ec.gp.GPIndividual@2139954096{726257833},3C_20_66-02.txt,154.245,0.100,15.424,13,8.484,55.01,0.653,4.609,0.000
24,ec.gp.GPIndividual@2139954096{726257833},3C_20_50-03.txt,30.993,0.100,3.099,4,3.375,108.90,0.844,4.609,0.000
24,ec.gp.GPIndividual@2139954096{726257833},3C_20_80-03.txt,169.439,0.100,16.944,4,2.266,13.37,0.566,4.609,0.000
24,ec.gp.GPIndividual@2139954096{726257833},3C_20_66-02.txt,154.245,0.100,15.424,9,17.047,110.52,1.894,4.609,0.000
24,ec.gp.GPIndividual@1325715322{-1887640184},3C_20_50-02.txt,61.404,0.100,6.140,9,8.484,138.17,0.943,2.688,0.000
24,ec.gp.GPIndividual@1325715322{-1887640184},3C_20_66-03.txt,118.340,0.100,11.834,5,6.625,55.98,1.325,5.406,0.000
24,ec.gp.GPIndividual@1325715322{-1887640184},3C_20_66-03.txt,118.340,0.100,11.834,2,1.547,13.07,0.773,5.406,0.000
24,ec.gp.GPIndividual@1325715322{-1887640184},3C_20_66-01.txt,7.322,0.100,0.732,3,0.422,57.62,0.141,5.406,0.000
24,ec.gp.GPIndividual@1325715322{-1887640184},3C_20_50-03.txt,30.993,0.100,3.099,8,3.922,126.54,0.490,5.406,0.000
24,ec.gp.GPIndividual@1325715322{-1887640184},3C_20_66-02.txt,154.245,0.100,15.424,7,16.375,106.16,2.339,5.406,0.000
24,ec.gp.GPIndividual@1325715322{-1887640184},3C_20_66-01.txt,7.322,0.100,0.732,3,1.172,160.04,0.391,5.406,0.000
24,ec.gp.GPIndividual@1325715322{-1887640184},3C_20_80-01.txt,4.194,0.100,0.419,1,1.031,245.86,1.031,5.406,0.000
24,ec.gp.GPIndividual@1325715322{-1887640184},3C_20_66-03.txt,118.340,0.100,11.834,10,12.891,108.93,1.289,5.406,0.000
24,ec.gp.GPIndividual@1325715322{-1887640184},3C_20_80-02.txt,35.738,0.100,3.574,3,0.813,22.73,0.271,5.406,0.000
24,ec.gp.GPIndividual@1325715322{-1887640184},3C_20_66-02.txt,154.245,0.100,15.424,10,15.625,101.30,1.563,5.406,0.000
24,ec.gp.GPIndividual@1325715322{-1887640184},3C_20_80-03.txt,169.439,0.100,16.944,11,17.078,100.79,1.553,5.797,0.000
24,ec.gp.GPIndividual@1325715322{-1887640184},3C_20_66-02.txt,154.245,0.100,15.424,7,14.500,94.01,2.071,5.797,0.000
24,ec.gp.GPIndividual@1325715322{-1887640184},3C_20_80-01.txt,4.194,0.100,0.419,5,0.547,130.38,0.109,5.797,0.000
24,ec.gp.GPIndividual@1325715322{-1887640184},3C_20_80-02.txt,35.738,0.100,3.574,3,3.766,105.37,1.255,5.797,0.000
24,ec.gp.GPIndividual@1325715322{-1887640184},3C_20_80-01.txt,4.194,0.100,0.419,3,0.422,100.58,0.141,5.797,0.000
24,ec.gp.GPIndividual@1325715322{-1887640184},3C_20_80-02.txt,35.738,0.100,3.574,5,7.266,203.30,1.453,5.797,0.000
24,ec.gp.GPIndividual@1480960896{-12561244},3C_20_50-02.txt,61.404,0.100,6.140,8,11.016,179.39,1.377,6.078,0.000
24,ec.gp.GPIndividual@1480960896{-12561244},3C_20_66-03.txt,118.340,0.100,11.834,9,4.500,38.03,0.500,6.078,0.000
24,ec.gp.GPIndividual@1480960896{-12561244},3C_20_50-03.txt,30.993,0.100,3.099,5,3.703,119.48,0.741,6.078,0.000
24,ec.gp.GPIndividual@1480960896{-12561244},3C_20_80-03.txt,169.439,0.100,16.944,11,14.734,86.96,1.339,6.078,0.000
24,ec.gp.GPIndividual@1480960896{-12561244},3C_20_66-01.txt,7.322,0.100,0.732,2,5.094,695.66,2.547,6.078,0.000
24,ec.gp.GPIndividual@449313121{160942370},3C_20_50-02.txt,61.404,0.100,6.140,9,7.344,119.60,0.816,3.219,0.000
24,ec.gp.GPIndividual@633224135{1062852692},3C_20_50-02.txt,61.404,0.100,6.140,5,0.625,10.18,0.125,0.375,0.000
24,ec.gp.GPIndividual@633224135{1062852692},3C_20_80-02.txt,35.738,0.100,3.574,5,3.922,109.74,0.784,1.281,0.000
24,ec.gp.GPIndividual@633224135{1062852692},3C_20_80-03.txt,169.439,0.100,16.944,9,2.578,15.22,0.286,1.281,0.000
24,ec.gp.GPIndividual@633224135{1062852692},3C_20_50-03.txt,30.993,0.100,3.099,6,4.984,160.82,0.831,1.391,0.000
24,ec.gp.GPIndividual@633224135{1062852692},3C_20_80-03.txt,169.439,0.100,16.944,8,19.250,113.61,2.406,6.734,0.000
24,ec.gp.GPIndividual@633224135{1062852692},3C_20_50-03.txt,30.993,0.100,3.099,2,4.297,138.64,2.148,6.734,0.000
24,ec.gp.GPIndividual@633224135{1062852692},3C_20_66-01.txt,7.322,0.100,0.732,2,5.422,740.47,2.711,6.734,0.000
24,ec.gp.GPIndividual@134928118{-109781684},3C_20_50-02.txt,61.404,0.100,6.140,10,6.297,102.55,0.630,1.797,0.000
24,ec.gp.GPIndividual@134928118{-109781684},3C_20_66-02.txt,154.245,0.100,15.424,3,0.391,2.53,0.130,1.797,0.000
24,ec.gp.GPIndividual@2142523251{1664014410},3C_20_50-02.txt,61.404,0.100,6.140,5,0.594,9.67,0.119,0.203,0.000
24,ec.gp.GPIndividual@2142523251{1664014410},3C_20_50-03.txt,30.993,0.100,3.099,4,3.891,125.53,0.973,1.516,0.000
24,ec.gp.GPIndividual@2142523251{1664014410},3C_20_66-03.txt,118.340,0.100,11.834,10,3.063,25.88,0.306,1.516,0.000
24,ec.gp.GPIndividual@2142523251{1664014410},3C_20_50-03.txt,30.993,0.100,3.099,4,6.328,204.18,1.582,2.594,0.000
24,ec.gp.GPIndividual@2142523251{1664014410},3C_20_66-01.txt,7.322,0.100,0.732,5,1.422,194.19,0.284,2.594,0.000
24,ec.gp.GPIndividual@2142523251{1664014410},3C_20_66-02.txt,154.245,0.100,15.424,15,15.734,102.01,1.049,3.594,0.000
24,ec.gp.GPIndividual@2142523251{1664014410},3C_20_66-01.txt,7.322,0.100,0.732,5,3.594,490.80,0.719,3.594,0.000
24,ec.gp.GPIndividual@2142523251{1664014410},3C_20_80-01.txt,4.194,0.100,0.419,4,0.578,137.83,0.145,3.594,0.000
24,ec.gp.GPIndividual@2142523251{1664014410},3C_20_66-03.txt,118.340,0.100,11.834,5,6.469,54.66,1.294,6.188,0.000
24,ec.gp.GPIndividual@2142523251{1664014410},3C_20_66-01.txt,7.322,0.100,0.732,3,1.250,170.71,0.417,6.188,0.000
24,ec.gp.GPIndividual@2142523251{1664014410},3C_20_66-02.txt,154.245,0.100,15.424,16,16.188,104.95,1.012,6.188,0.000
24,ec.gp.GPIndividual@2142523251{1664014410},3C_20_66-02.txt,154.245,0.100,15.424,13,14.563,94.41,1.120,6.188,0.000
24,ec.gp.GPIndividual@2142523251{1664014410},3C_20_80-02.txt,35.738,0.100,3.574,2,5.813,162.64,2.906,6.188,0.000
24,ec.gp.GPIndividual@2142523251{1664014410},3C_20_66-03.txt,118.340,0.100,11.834,2,6.078,51.36,3.039,6.188,0.000
24,ec.gp.GPIndividual@2142523251{1664014410},3C_20_80-01.txt,4.194,0.100,0.419,4,1.625,387.41,0.406,6.188,0.000
24,ec.gp.GPIndividual@2142523251{1664014410},3C_20_80-03.txt,169.439,0.100,16.944,11,17.172,101.35,1.561,6.188,0.000
24,ec.gp.GPIndividual@2142523251{1664014410},3C_20_80-01.txt,4.194,0.100,0.419,2,0.594,141.55,0.297,6.188,0.000
24,ec.gp.GPIndividual@1717700171{-2135123680},3C_20_50-02.txt,61.404,0.100,6.140,3,6.234,101.53,2.078,6.031,0.000
24,ec.gp.GPIndividual@1717700171{-2135123680},3C_20_66-03.txt,118.340,0.100,11.834,13,8.531,72.09,0.656,6.031,0.000
24,ec.gp.GPIndividual@1717700171{-2135123680},3C_20_50-03.txt,30.993,0.100,3.099,3,4.078,131.58,1.359,6.031,0.000
24,ec.gp.GPIndividual@1717700171{-2135123680},3C_20_80-02.txt,35.738,0.100,3.574,5,4.875,136.41,0.975,6.031,0.000
24,ec.gp.GPIndividual@1717700171{-2135123680},3C_20_80-01.txt,4.194,0.100,0.419,2,0.641,152.73,0.320,6.031,0.000
24,ec.gp.GPIndividual@1717700171{-2135123680},3C_20_80-02.txt,35.738,0.100,3.574,9,4.656,130.29,0.517,6.031,0.000
24,ec.gp.GPIndividual@1717700171{-2135123680},3C_20_80-03.txt,169.439,0.100,16.944,4,2.063,12.17,0.516,6.031,0.000
24,ec.gp.GPIndividual@1717700171{-2135123680},3C_20_80-03.txt,169.439,0.100,16.944,12,16.781,99.04,1.398,6.031,0.000
24,ec.gp.GPIndividual@132439339{160213302},3C_20_50-02.txt,61.404,0.100,6.140,6,6.250,101.78,1.042,4.063,0.000
24,ec.gp.GPIndividual@132439339{160213302},3C_20_50-03.txt,30.993,0.100,3.099,3,4.594,148.22,1.531,4.125,0.000
24,ec.gp.GPIndividual@117448392{109510969},3C_20_50-02.txt,61.404,0.100,6.140,10,5.281,86.01,0.528,1.266,0.000
24,ec.gp.GPIndividual@117448392{109510969},3C_20_50-03.txt,30.993,0.100,3.099,4,3.172,102.34,0.793,2.172,0.000
24,ec.gp.GPIndividual@117448392{109510969},3C_20_80-02.txt,35.738,0.100,3.574,4,2.516,70.39,0.629,2.172,0.000
24,ec.gp.GPIndividual@117448392{109510969},3C_20_66-01.txt,7.322,0.100,0.732,3,1.594,217.66,0.531,2.172,0.000
24,ec.gp.GPIndividual@117448392{109510969},3C_20_66-01.txt,7.322,0.100,0.732,2,1.141,155.78,0.570,2.172,0.000
24,ec.gp.GPIndividual@117448392{109510969},3C_20_80-03.txt,169.439,0.100,16.944,15,17.922,105.77,1.195,3.422,0.000
24,ec.gp.GPIndividual@117448392{109510969},3C_20_66-02.txt,154.245,0.100,15.424,10,14.250,92.39,1.425,4.078,0.000
24,ec.gp.GPIndividual@117448392{109510969},3C_20_66-02.txt,154.245,0.100,15.424,12,15.250,98.87,1.271,5.766,0.000
24,ec.gp.GPIndividual@576932079{-1314131648},3C_20_50-02.txt,61.404,0.100,6.140,7,6.313,102.80,0.902,3.344,0.000
24,ec.gp.GPIndividual@576932079{-1314131648},3C_20_66-03.txt,118.340,0.100,11.834,5,4.516,38.16,0.903,4.203,0.000
24,ec.gp.GPIndividual@576932079{-1314131648},3C_20_66-01.txt,7.322,0.100,0.732,4,1.031,140.84,0.258,4.203,0.000
24,ec.gp.GPIndividual@576932079{-1314131648},3C_20_66-03.txt,118.340,0.100,11.834,3,0.188,1.58,0.063,4.203,0.000
24,ec.gp.GPIndividual@576932079{-1314131648},3C_20_50-03.txt,30.993,0.100,3.099,6,3.141,101.33,0.523,4.203,0.000
24,ec.gp.GPIndividual@576932079{-1314131648},3C_20_66-02.txt,154.245,0.100,15.424,11,17.016,110.32,1.547,4.203,0.000
24,ec.gp.GPIndividual@576932079{-1314131648},3C_20_80-01.txt,4.194,0.100,0.419,4,0.875,208.61,0.219,4.203,0.000
24,ec.gp.GPIndividual@576932079{-1314131648},3C_20_80-01.txt,4.194,0.100,0.419,3,0.094,22.35,0.031,4.203,0.000
24,ec.gp.GPIndividual@576932079{-1314131648},3C_20_66-03.txt,118.340,0.100,11.834,12,12.875,108.80,1.073,4.203,0.000
24,ec.gp.GPIndividual@576932079{-1314131648},3C_20_80-02.txt,35.738,0.100,3.574,2,4.078,114.11,2.039,4.203,0.000
24,ec.gp.GPIndividual@576932079{-1314131648},3C_20_66-01.txt,7.322,0.100,0.732,6,0.766,104.56,0.128,4.203,0.000
24,ec.gp.GPIndividual@576932079{-1314131648},3C_20_80-02.txt,35.738,0.100,3.574,6,3.594,100.56,0.599,4.203,0.000
24,ec.gp.GPIndividual@576932079{-1314131648},3C_20_66-02.txt,154.245,0.100,15.424,22,15.453,100.19,0.702,4.203,0.000
24,ec.gp.GPIndividual@576932079{-1314131648},3C_20_80-03.txt,169.439,0.100,16.944,5,1.688,9.96,0.338,4.203,0.000
24,ec.gp.GPIndividual@576932079{-1314131648},3C_20_80-03.txt,169.439,0.100,16.944,2,2.391,14.11,1.195,4.203,0.000
24,ec.gp.GPIndividual@576932079{-1314131648},3C_20_80-01.txt,4.194,0.100,0.419,5,0.516,122.93,0.103,4.203,0.000
24,ec.gp.GPIndividual@576932079{-1314131648},3C_20_80-02.txt,35.738,0.100,3.574,6,3.469,97.06,0.578,4.203,0.000
24,ec.gp.GPIndividual@576932079{-1314131648},3C_20_66-03.txt,118.340,0.100,11.834,10,11.844,100.08,1.184,4.203,0.000
24,ec.gp.GPIndividual@576932079{-1314131648},3C_20_80-03.txt,169.439,0.100,16.944,3,0.563,3.32,0.188,4.203,0.000
24,ec.gp.GPIndividual@983294455{664513076},3C_20_50-02.txt,61.404,0.100,6.140,0,0.000,0.00,0.000,0.000,0.000
24,ec.gp.GPIndividual@983294455{664513076},3C_20_50-03.txt,30.993,0.100,3.099,0,0.000,0.00,0.000,0.000,0.000
24,ec.gp.GPIndividual@983294455{664513076},3C_20_66-01.txt,7.322,0.100,0.732,0,0.000,0.00,0.000,0.000,0.000
24,ec.gp.GPIndividual@983294455{664513076},3C_20_66-02.txt,154.245,0.100,15.424,0,0.000,0.00,0.000,0.000,0.000
24,ec.gp.GPIndividual@983294455{664513076},3C_20_66-03.txt,118.340,0.100,11.834,0,0.000,0.00,0.000,0.000,0.000
24,ec.gp.GPIndividual@983294455{664513076},3C_20_80-01.txt,4.194,0.100,0.419,0,0.000,0.00,0.000,0.000,0.000
24,ec.gp.GPIndividual@983294455{664513076},3C_20_80-02.txt,35.738,0.100,3.574,0,0.000,0.00,0.000,0.000,0.000
24,ec.gp.GPIndividual@983294455{664513076},3C_20_80-03.txt,169.439,0.100,16.944,0,0.000,0.00,0.000,0.000,0.000
24,ec.gp.GPIndividual@1401788097{-968128346},3C_20_50-02.txt,61.404,0.100,6.140,4,6.828,111.20,1.707,3.453,0.000
24,ec.gp.GPIndividual@591633884{-2013430611},3C_20_50-02.txt,61.404,0.100,6.140,10,1.484,24.17,0.148,0.563,0.000
24,ec.gp.GPIndividual@591633884{-2013430611},3C_20_50-03.txt,30.993,0.100,3.099,3,3.344,107.89,1.115,2.188,0.000
24,ec.gp.GPIndividual@591633884{-2013430611},3C_20_66-02.txt,154.245,0.100,15.424,11,15.656,101.50,1.423,4.953,0.000
24,ec.gp.GPIndividual@591633884{-2013430611},3C_20_66-01.txt,7.322,0.100,0.732,3,1.453,198.46,0.484,4.953,0.000
24,ec.gp.GPIndividual@591633884{-2013430611},3C_20_66-03.txt,118.340,0.100,11.834,14,11.719,99.03,0.837,4.953,0.000
24,ec.gp.GPIndividual@591633884{-2013430611},3C_20_80-01.txt,4.194,0.100,0.419,5,0.438,104.30,0.088,4.953,0.000
24,ec.gp.GPIndividual@591633884{-2013430611},3C_20_80-02.txt,35.738,0.100,3.574,9,3.594,100.56,0.399,4.953,0.000
24,ec.gp.GPIndividual@591633884{-2013430611},3C_20_80-03.txt,169.439,0.100,16.944,12,16.484,97.29,1.374,6.766,0.000
25,ec.gp.GPIndividual@1581948171{777825172},3C_20_50-02.txt,61.404,0.100,6.140,12,7.406,120.61,0.617,1.750,0.000
25,ec.gp.GPIndividual@1581948171{777825172},3C_20_50-03.txt,30.993,0.100,3.099,3,3.500,112.93,1.167,1.750,0.000
25,ec.gp.GPIndividual@1581948171{777825172},3C_20_50-03.txt,30.993,0.100,3.099,4,2.203,71.09,0.551,1.859,0.000
25,ec.gp.GPIndividual@1581948171{777825172},3C_20_50-03.txt,30.993,0.100,3.099,5,1.016,32.77,0.203,1.859,0.000
25,ec.gp.GPIndividual@1581948171{777825172},3C_20_50-03.txt,30.993,0.100,3.099,8,4.328,139.65,0.541,1.859,0.000
25,ec.gp.GPIndividual@1581948171{777825172},3C_20_50-03.txt,30.993,0.100,3.099,7,2.703,87.22,0.386,1.859,0.000
25,ec.gp.GPIndividual@1581948171{777825172},3C_20_50-03.txt,30.993,0.100,3.099,8,6.484,209.22,0.811,1.859,0.000
25,ec.gp.GPIndividual@1581948171{777825172},3C_20_66-01.txt,7.322,0.100,0.732,2,0.781,106.70,0.391,1.859,0.000
25,ec.gp.GPIndividual@1581948171{777825172},3C_20_66-01.txt,7.322,0.100,0.732,4,1.078,147.24,0.270,1.859,0.000
25,ec.gp.GPIndividual@1581948171{777825172},3C_20_66-01.txt,7.322,0.100,0.732,5,1.750,239.00,0.350,1.859,0.000
25,ec.gp.GPIndividual@1581948171{777825172},3C_20_66-01.txt,7.322,0.100,0.732,8,1.203,164.31,0.150,1.859,0.000
25,ec.gp.GPIndividual@1581948171{777825172},3C_20_66-02.txt,154.245,0.100,15.424,15,16.625,107.78,1.108,3.875,0.000
25,ec.gp.GPIndividual@1581948171{777825172},3C_20_66-02.txt,154.245,0.100,15.424,3,4.141,26.84,1.380,4.141,0.000
25,ec.gp.GPIndividual@1581948171{777825172},3C_20_66-01.txt,7.322,0.100,0.732,6,0.953,130.17,0.159,4.141,0.000
25,ec.gp.GPIndividual@1581948171{777825172},3C_20_66-01.txt,7.322,0.100,0.732,1,1.172,160.04,1.172,4.141,0.000
25,ec.gp.GPIndividual@1581948171{777825172},3C_20_66-03.txt,118.340,0.100,11.834,9,12.578,106.29,1.398,5.359,0.000
25,ec.gp.GPIndividual@1581948171{777825172},3C_20_66-03.txt,118.340,0.100,11.834,3,0.672,5.68,0.224,5.359,0.000
25,ec.gp.GPIndividual@1581948171{777825172},3C_20_66-02.txt,154.245,0.100,15.424,8,16.938,109.81,2.117,5.359,0.000
25,ec.gp.GPIndividual@1581948171{777825172},3C_20_80-01.txt,4.194,0.100,0.419,4,0.516,122.93,0.129,5.359,0.000
25,ec.gp.GPIndividual@1581948171{777825172},3C_20_80-02.txt,35.738,0.100,3.574,5,2.969,83.07,0.594,5.359,0.000
25,ec.gp.GPIndividual@1581948171{777825172},3C_20_66-03.txt,118.340,0.100,11.834,9,15.297,129.26,1.700,5.359,0.000
25,ec.gp.GPIndividual@1581948171{777825172},3C_20_66-02.txt,154.245,0.100,15.424,3,0.344,2.23,0.115,5.359,0.000
25,ec.gp.GPIndividual@1581948171{777825172},3C_20_66-02.txt,154.245,0.100,15.424,9,18.219,118.12,2.024,5.359,0.000
25,ec.gp.GPIndividual@1581948171{777825172},3C_20_80-01.txt,4.194,0.100,0.419,3,1.563,372.51,0.521,5.359,0.000
25,ec.gp.GPIndividual@1581948171{777825172},3C_20_80-03.txt,169.439,0.100,16.944,12,17.406,102.73,1.451,5.359,0.000
25,ec.gp.GPIndividual@1581948171{777825172},3C_20_80-02.txt,35.738,0.100,3.574,4,2.672,74.76,0.668,5.359,0.000
25,ec.gp.GPIndividual@1581948171{777825172},3C_20_66-02.txt,154.245,0.100,15.424,10,19.250,124.80,1.925,6.125,0.000
25,ec.gp.GPIndividual@497289439{-982369771},3C_20_50-02.txt,61.404,0.100,6.140,7,5.594,91.10,0.799,1.875,0.000
25,ec.gp.GPIndividual@497289439{-982369771},3C_20_66-03.txt,118.340,0.100,11.834,8,9.563,80.81,1.195,3.781,0.000
25,ec.gp.GPIndividual@497289439{-982369771},3C_20_66-03.txt,118.340,0.100,11.834,10,11.594,97.97,1.159,4.094,0.000
25,ec.gp.GPIndividual@497289439{-982369771},3C_20_80-01.txt,4.194,0.100,0.419,5,5.297,1262.82,1.059,4.781,0.000
25,ec.gp.GPIndividual@497289439{-982369771},3C_20_80-02.txt,35.738,0.100,3.574,3,3.875,108.43,1.292,4.781,0.000
25,ec.gp.GPIndividual@497289439{-982369771},3C_20_66-03.txt,118.340,0.100,11.834,9,11.891,100.48,1.321,4.813,0.000
25,ec.gp.GPIndividual@497289439{-982369771},3C_20_80-01.txt,4.194,0.100,0.419,5,2.422,577.39,0.484,4.813,0.000
25,ec.gp.GPIndividual@497289439{-982369771},3C_20_80-03.txt,169.439,0.100,16.944,7,9.797,57.82,1.400,4.813,0.000
25,ec.gp.GPIndividual@497289439{-982369771},3C_20_80-03.txt,169.439,0.100,16.944,7,17.297,102.08,2.471,4.875,0.000
25,ec.gp.GPIndividual@497289439{-982369771},3C_20_50-03.txt,30.993,0.100,3.099,4,12.156,392.23,3.039,6.063,0.000
25,ec.gp.GPIndividual@723920105{-727497183},3C_20_50-02.txt,61.404,0.100,6.140,7,10.328,168.20,1.475,6.156,0.000
25,ec.gp.GPIndividual@296597919{-63714478},3C_20_50-02.txt,61.404,0.100,6.140,9,6.188,100.77,0.688,1.672,0.000
25,ec.gp.GPIndividual@296597919{-63714478},3C_20_80-02.txt,35.738,0.100,3.574,6,3.625,101.43,0.604,2.484,0.000
25,ec.gp.GPIndividual@296597919{-63714478},3C_20_80-01.txt,4.194,0.100,0.419,2,1.641,391.14,0.820,2.484,0.000
25,ec.gp.GPIndividual@296597919{-63714478},3C_20_50-03.txt,30.993,0.100,3.099,6,3.953,127.55,0.659,2.484,0.000
25,ec.gp.GPIndividual@296597919{-63714478},3C_20_66-01.txt,7.322,0.100,0.732,5,1.031,140.84,0.206,2.484,0.000
25,ec.gp.GPIndividual@296597919{-63714478},3C_20_50-03.txt,30.993,0.100,3.099,8,5.234,168.89,0.654,2.484,0.000
25,ec.gp.GPIndividual@296597919{-63714478},3C_20_80-02.txt,35.738,0.100,3.574,8,3.578,100.12,0.447,2.484,0.000
25,ec.gp.GPIndividual@296597919{-63714478},3C_20_80-01.txt,4.194,0.100,0.419,3,1.016,242.13,0.339,2.484,0.000
25,ec.gp.GPIndividual@296597919{-63714478},3C_20_66-01.txt,7.322,0.100,0.732,5,1.828,249.67,0.366,2.484,0.000
25,ec.gp.GPIndividual@296597919{-63714478},3C_20_66-02.txt,154.245,0.100,15.424,14,15.469,100.29,1.105,2.484,0.000
25,ec.gp.GPIndividual@296597919{-63714478},3C_20_66-02.txt,154.245,0.100,15.424,11,16.000,103.73,1.455,4.000,0.000
25,ec.gp.GPIndividual@296597919{-63714478},3C_20_66-03.txt,118.340,0.100,11.834,8,12.375,104.57,1.547,4.094,0.000
25,ec.gp.GPIndividual@296597919{-63714478},3C_20_80-02.txt,35.738,0.100,3.574,5,6.000,167.89,1.200,4.094,0.000
25,ec.gp.GPIndividual@296597919{-63714478},3C_20_66-01.txt,7.322,0.100,0.732,4,0.484,66.15,0.121,4.094,0.000
25,ec.gp.GPIndividual@296597919{-63714478},3C_20_80-03.txt,169.439,0.100,16.944,12,18.672,110.20,1.556,4.844,0.000
25,ec.gp.GPIndividual@296597919{-63714478},3C_20_66-02.txt,154.245,0.100,15.424,3,1.031,6.69,0.344,4.844,0.000
25,ec.gp.GPIndividual@296597919{-63714478},3C_20_80-03.txt,169.439,0.100,16.944,5,20.031,118.22,4.006,6.547,0.000
25,ec.gp.GPIndividual@296597919{-63714478},3C_20_66-03.txt,118.340,0.100,11.834,6,15.375,129.92,2.563,6.547,0.000
25,ec.gp.GPIndividual@71576666{-1304530532},3C_20_50-02.txt,61.404,0.100,6.140,5,7.844,127.74,1.569,4.969,0.000
25,ec.gp.GPIndividual@71576666{-1304530532},3C_20_80-03.txt,169.439,0.100,16.944,16,17.078,100.79,1.067,4.969,0.000
25,ec.gp.GPIndividual@71576666{-1304530532},3C_20_50-03.txt,30.993,0.100,3.099,4,2.594,83.69,0.648,4.969,0.000
25,ec.gp.GPIndividual@166604097{1779261314},3C_20_50-02.txt,61.404,0.100,6.140,3,1.406,22.90,0.469,1.406,0.000
25,ec.gp.GPIndividual@166604097{1779261314},3C_20_66-03.txt,118.340,0.100,11.834,6,15.938,134.68,2.656,5.891,0.000
25,ec.gp.GPIndividual@1017610133{-1919228902},3C_20_50-02.txt,61.404,0.100,6.140,4,2.563,41.73,0.641,1.516,0.000
25,ec.gp.GPIndividual@1017610133{-1919228902},3C_20_80-01.txt,4.194,0.100,0.419,3,0.672,160.18,0.224,1.516,0.000
25,ec.gp.GPIndividual@1017610133{-1919228902},3C_20_50-03.txt,30.993,0.100,3.099,6,4.641,149.73,0.773,2.609,0.000
25,ec.gp.GPIndividual@1017610133{-1919228902},3C_20_50-03.txt,30.993,0.100,3.099,5,6.672,215.27,1.334,3.922,0.000
25,ec.gp.GPIndividual@1017610133{-1919228902},3C_20_66-01.txt,7.322,0.100,0.732,5,0.813,110.96,0.163,3.922,0.000
25,ec.gp.GPIndividual@1017610133{-1919228902},3C_20_66-02.txt,154.245,0.100,15.424,9,13.781,89.35,1.531,4.859,0.000
25,ec.gp.GPIndividual@1017610133{-1919228902},3C_20_80-02.txt,35.738,0.100,3.574,7,4.938,138.16,0.705,4.859,0.000
25,ec.gp.GPIndividual@1017610133{-1919228902},3C_20_66-03.txt,118.340,0.100,11.834,7,15.047,127.15,2.150,4.859,0.000
25,ec.gp.GPIndividual@1017610133{-1919228902},3C_20_80-01.txt,4.194,0.100,0.419,4,1.016,242.13,0.254,4.859,0.000
25,ec.gp.GPIndividual@1017610133{-1919228902},3C_20_66-01.txt,7.322,0.100,0.732,4,0.813,110.96,0.203,4.859,0.000
25,ec.gp.GPIndividual@1017610133{-1919228902},3C_20_80-02.txt,35.738,0.100,3.574,4,4.672,130.73,1.168,4.859,0.000
25,ec.gp.GPIndividual@1017610133{-1919228902},3C_20_66-01.txt,7.322,0.100,0.732,4,0.875,119.50,0.219,4.859,0.000
25,ec.gp.GPIndividual@1017610133{-1919228902},3C_20_80-03.txt,169.439,0.100,16.944,12,17.000,100.33,1.417,4.891,0.000
25,ec.gp.GPIndividual@1017610133{-1919228902},3C_20_80-03.txt,169.439,0.100,16.944,10,18.125,106.97,1.813,6.156,0.000
25,ec.gp.GPIndividual@691122037{505695703},3C_20_50-02.txt,61.404,0.100,6.140,4,7.688,125.19,1.922,4.438,0.000
25,ec.gp.GPIndividual@691122037{505695703},3C_20_80-01.txt,4.194,0.100,0.419,4,2.859,681.70,0.715,4.438,0.000
25,ec.gp.GPIndividual@691122037{505695703},3C_20_80-01.txt,4.194,0.100,0.419,5,0.844,201.16,0.169,4.438,0.000
25,ec.gp.GPIndividual@691122037{505695703},3C_20_66-02.txt,154.245,0.100,15.424,12,15.281,99.07,1.273,5.891,0.000
25,ec.gp.GPIndividual@691122037{505695703},3C_20_50-03.txt,30.993,0.100,3.099,7,5.266,169.90,0.752,5.891,0.000
25,ec.gp.GPIndividual@691122037{505695703},3C_20_66-03.txt,118.340,0.100,11.834,5,1.359,11.49,0.272,5.891,0.000
25,ec.gp.GPIndividual@691122037{505695703},3C_20_80-02.txt,35.738,0.100,3.574,9,4.703,131.60,0.523,5.891,0.000
25,ec.gp.GPIndividual@691122037{505695703},3C_20_80-02.txt,35.738,0.100,3.574,3,6.203,173.57,2.068,5.891,0.000
25,ec.gp.GPIndividual@691122037{505695703},3C_20_66-02.txt,154.245,0.100,15.424,10,15.281,99.07,1.528,5.891,0.000
25,ec.gp.GPIndividual@292306094{1624493911},3C_20_50-02.txt,61.404,0.100,6.140,7,6.328,103.06,0.904,2.656,0.000
25,ec.gp.GPIndividual@292306094{1624493911},3C_20_80-03.txt,169.439,0.100,16.944,9,16.375,96.64,1.819,4.203,0.000
25,ec.gp.GPIndividual@292306094{1624493911},3C_20_50-03.txt,30.993,0.100,3.099,5,3.250,104.86,0.650,4.203,0.000
25,ec.gp.GPIndividual@292306094{1624493911},3C_20_66-01.txt,7.322,0.100,0.732,2,1.234,168.58,0.617,4.203,0.000
25,ec.gp.GPIndividual@292306094{1624493911},3C_20_66-03.txt,118.340,0.100,11.834,6,13.406,113.29,2.234,6.047,0.000
25,ec.gp.GPIndividual@1180670918{1256413530},3C_20_50-02.txt,61.404,0.100,6.140,2,6.172,100.51,3.086,6.172,0.000
25,ec.gp.GPIndividual@1180670918{1256413530},3C_20_80-03.txt,169.439,0.100,16.944,3,0.953,5.63,0.318,6.172,0.000
25,ec.gp.GPIndividual@1180670918{1256413530},3C_20_66-02.txt,154.245,0.100,15.424,8,7.625,49.43,0.953,6.172,0.000
25,ec.gp.GPIndividual@1180670918{1256413530},3C_20_50-03.txt,30.993,0.100,3.099,4,7.359,237.46,1.840,6.172,0.000
25,ec.gp.GPIndividual@1180670918{1256413530},3C_20_66-03.txt,118.340,0.100,11.834,1,0.000,0.00,0.000,6.172,0.000
25,ec.gp.GPIndividual@1180670918{1256413530},3C_20_80-01.txt,4.194,0.100,0.419,4,0.500,119.20,0.125,6.172,0.000
25,ec.gp.GPIndividual@1180670918{1256413530},3C_20_80-02.txt,35.738,0.100,3.574,5,9.203,257.52,1.841,6.172,0.000
25,ec.gp.GPIndividual@1975908893{-282489334},3C_20_50-02.txt,61.404,0.100,6.140,1,0.000,0.00,0.000,0.000,0.000
25,ec.gp.GPIndividual@1975908893{-282489334},3C_20_80-03.txt,169.439,0.100,16.944,13,17.391,102.64,1.338,4.734,0.000
25,ec.gp.GPIndividual@1975908893{-282489334},3C_20_50-03.txt,30.993,0.100,3.099,2,3.531,113.94,1.766,4.734,0.000
25,ec.gp.GPIndividual@1975908893{-282489334},3C_20_66-01.txt,7.322,0.100,0.732,4,4.531,618.84,1.133,4.734,0.000
25,ec.gp.GPIndividual@1975908893{-282489334},3C_20_66-01.txt,7.322,0.100,0.732,3,4.313,588.96,1.438,4.734,0.000
25,ec.gp.GPIndividual@1975908893{-282489334},3C_20_80-01.txt,4.194,0.100,0.419,5,1.078,257.03,0.216,4.734,0.000
25,ec.gp.GPIndividual@1975908893{-282489334},3C_20_66-02.txt,154.245,0.100,15.424,10,16.188,104.95,1.619,5.688,0.000
25,ec.gp.GPIndividual@1975908893{-282489334},3C_20_66-03.txt,118.340,0.100,11.834,8,13.688,115.66,1.711,5.688,0.000
25,ec.gp.GPIndividual@1975908893{-282489334},3C_20_66-01.txt,7.322,0.100,0.732,5,0.844,115.23,0.169,5.688,0.000
25,ec.gp.GPIndividual@1975908893{-282489334},3C_20_66-02.txt,154.245,0.100,15.424,7,10.828,70.20,1.547,5.688,0.000
25,ec.gp.GPIndividual@1975908893{-282489334},3C_20_66-02.txt,154.245,0.100,15.424,9,20.438,132.50,2.271,5.797,0.000
25,ec.gp.GPIndividual@1975908893{-282489334},3C_20_80-01.txt,4.194,0.100,0.419,2,2.891,689.15,1.445,5.797,0.000
25,ec.gp.GPIndividual@1975908893{-282489334},3C_20_80-02.txt,35.738,0.100,3.574,4,6.359,177.94,1.590,5.797,0.000
25,ec.gp.GPIndividual@1814032850{-1191897362},3C_20_50-02.txt,61.404,0.100,6.140,8,6.063,98.73,0.758,3.313,0.000
25,ec.gp.GPIndividual@1814032850{-1191897362},3C_20_66-03.txt,118.340,0.100,11.834,9,11.891,100.48,1.321,3.313,0.000
25,ec.gp.GPIndividual@1814032850{-1191897362},3C_20_80-03.txt,169.439,0.100,16.944,4,2.609,15.40,0.652,3.313,0.000
25,ec.gp.GPIndividual@1814032850{-1191897362},3C_20_66-03.txt,118.340,0.100,11.834,9,12.734,107.61,1.415,4.875,0.000
25,ec.gp.GPIndividual@1814032850{-1191897362},3C_20_50-03.txt,30.993,0.100,3.099,4,4.469,144.19,1.117,4.875,0.000
25,ec.gp.GPIndividual@1814032850{-1191897362},3C_20_80-01.txt,4.194,0.100,0.419,3,0.563,134.10,0.188,4.875,0.000
25,ec.gp.GPIndividual@1814032850{-1191897362},3C_20_66-01.txt,7.322,0.100,0.732,4,1.813,247.54,0.453,4.875,0.000
25,ec.gp.GPIndividual@1814032850{-1191897362},3C_20_66-02.txt,154.245,0.100,15.424,1,0.000,0.00,0.000,4.875,0.000
25,ec.gp.GPIndividual@1814032850{-1191897362},3C_20_80-01.txt,4.194,0.100,0.419,5,0.375,89.40,0.075,4.875,0.000
25,ec.gp.GPIndividual@1814032850{-1191897362},3C_20_80-02.txt,35.738,0.100,3.574,3,3.938,110.18,1.313,4.875,0.000
25,ec.gp.GPIndividual@1814032850{-1191897362},3C_20_80-02.txt,35.738,0.100,3.574,2,4.844,135.53,2.422,4.875,0.000
25,ec.gp.GPIndividual@1814032850{-1191897362},3C_20_80-01.txt,4.194,0.100,0.419,2,5.703,1359.67,2.852,5.703,0.000
25,ec.gp.GPIndividual@1754467269{-71403160},3C_20_50-02.txt,61.404,0.100,6.140,7,7.656,124.69,1.094,2.297,0.297
25,ec.gp.GPIndividual@1754467269{-71403160},3C_20_66-03.txt,118.340,0.100,11.834,5,5.641,47.66,1.128,2.297,0.000
25,ec.gp.GPIndividual@1754467269{-71403160},3C_20_50-03.txt,30.993,0.100,3.099,3,3.109,100.33,1.036,2.297,0.000
25,ec.gp.GPIndividual@1754467269{-71403160},3C_20_80-02.txt,35.738,0.100,3.574,5,4.156,116.30,0.831,2.297,0.000
25,ec.gp.GPIndividual@1754467269{-71403160},3C_20_80-03.txt,169.439,0.100,16.944,2,0.875,5.16,0.438,2.297,0.000
25,ec.gp.GPIndividual@1754467269{-71403160},3C_20_66-01.txt,7.322,0.100,0.732,3,2.063,281.68,0.688,2.297,0.000
25,ec.gp.GPIndividual@1754467269{-71403160},3C_20_66-02.txt,154.245,0.100,15.424,6,14.375,93.20,2.396,4.859,0.000
25,ec.gp.GPIndividual@1754467269{-71403160},3C_20_66-03.txt,118.340,0.100,11.834,4,13.578,114.74,3.395,6.047,0.000
25,ec.gp.GPIndividual@371419890{-5095000},3C_20_50-02.txt,61.404,0.100,6.140,5,9.016,146.82,1.803,5.859,0.000
25,ec.gp.GPIndividual@371419890{-5095000},3C_20_80-03.txt,169.439,0.100,16.944,5,3.859,22.78,0.772,5.859,0.000
25,ec.gp.GPIndividual@371419890{-5095000},3C_20_80-02.txt,35.738,0.100,3.574,5,3.672,102.74,0.734,5.859,0.000
25,ec.gp.GPIndividual@371419890{-5095000},3C_20_80-01.txt,4.194,0.100,0.419,4,5.219,1244.19,1.305,5.859,0.000
25,ec.gp.GPIndividual@371419890{-5095000},3C_20_80-01.txt,4.194,0.100,0.419,3,3.453,823.25,1.151,5.859,0.000
25,ec.gp.GPIndividual@371419890{-5095000},3C_20_80-03.txt,169.439,0.100,16.944,11,18.984,112.04,1.726,5.859,0.000
25,ec.gp.GPIndividual@136355022{-1689518735},3C_20_50-02.txt,61.404,0.100,6.140,5,6.000,97.71,1.200,2.656,0.000
25,ec.gp.GPIndividual@136355022{-1689518735},3C_20_80-02.txt,35.738,0.100,3.574,1,5.797,162.20,5.797,5.797,0.000
25,ec.gp.GPIndividual@1424587787{1158139864},3C_20_50-02.txt,61.404,0.100,6.140,4,6.859,111.71,1.715,3.328,0.000
25,ec.gp.GPIndividual@1424587787{1158139864},3C_20_50-03.txt,30.993,0.100,3.099,3,1.156,37.31,0.385,3.328,0.000
25,ec.gp.GPIndividual@1424587787{1158139864},3C_20_80-03.txt,169.439,0.100,16.944,18,17.734,104.67,0.985,3.328,0.000
25,ec.gp.GPIndividual@1424587787{1158139864},3C_20_50-03.txt,30.993,0.100,3.099,3,1.578,50.92,0.526,3.328,0.000
25,ec.gp.GPIndividual@1424587787{1158139864},3C_20_80-02.txt,35.738,0.100,3.574,2,4.484,125.48,2.242,4.484,0.000
25,ec.gp.GPIndividual@1424587787{1158139864},3C_20_66-01.txt,7.322,0.100,0.732,3,6.359,868.51,2.120,5.922,0.000
25,ec.gp.GPIndividual@1926710015{262343764},3C_20_50-02.txt,61.404,0.100,6.140,3,0.734,11.96,0.245,0.734,0.000
25,ec.gp.GPIndividual@1926710015{262343764},3C_20_80-03.txt,169.439,0.100,16.944,3,6.906,40.76,2.302,6.594,0.000
25,ec.gp.GPIndividual@1926710015{262343764},3C_20_50-03.txt,30.993,0.100,3.099,5,4.438,143.18,0.888,6.594,0.000
25,ec.gp.GPIndividual@1926710015{262343764},3C_20_66-02.txt,154.245,0.100,15.424,14,9.609,62.30,0.686,6.594,0.000
25,ec.gp.GPIndividual@1926710015{262343764},3C_20_50-03.txt,30.993,0.100,3.099,5,3.719,119.99,0.744,6.594,0.000
25,ec.gp.GPIndividual@1926710015{262343764},3C_20_66-01.txt,7.322,0.100,0.732,6,1.500,204.86,0.250,6.594,0.000
25,ec.gp.GPIndividual@1926710015{262343764},3C_20_80-03.txt,169.439,0.100,16.944,4,5.828,34.40,1.457,6.594,0.000
25,ec.gp.GPIndividual@1926710015{262343764},3C_20_66-03.txt,118.340,0.100,11.834,7,12.031,101.67,1.719,6.594,0.000
25,ec.gp.GPIndividual@1926710015{262343764},3C_20_66-02.txt,154.245,0.100,15.424,6,8.313,53.89,1.385,6.594,0.000
25,ec.gp.GPIndividual@506796226{-677343241},3C_20_50-02.txt,61.404,0.100,6.140,3,7.375,120.11,2.458,4.828,0.000
25,ec.gp.GPIndividual@506796226{-677343241},3C_20_66-03.txt,118.340,0.100,11.834,7,14.156,119.62,2.022,6.250,0.000
25,ec.gp.GPIndividual@506796226{-677343241},3C_20_66-01.txt,7.322,0.100,0.732,1,1.844,251.80,1.844,6.250,0.000
25,ec.gp.GPIndividual@1402685710{-533834882},3C_20_50-02.txt,61.404,0.100,6.140,2,1.047,17.05,0.523,1.047,0.000
25,ec.gp.GPIndividual@1402685710{-533834882},3C_20_50-03.txt,30.993,0.100,3.099,3,6.625,213.76,2.208,6.141,0.000
25,ec.gp.GPIndividual@1402685710{-533834882},3C_20_66-01.txt,7.322,0.100,0.732,3,1.359,185.65,0.453,6.141,0.000
25,ec.gp.GPIndividual@1402685710{-533834882},3C_20_66-02.txt,154.245,0.100,15.424,9,18.344,118.93,2.038,6.141,0.000
25,ec.gp.GPIndividual@1402685710{-533834882},3C_20_66-03.txt,118.340,0.100,11.834,7,14.016,118.44,2.002,6.141,0.000
25,ec.gp.GPIndividual@1402685710{-533834882},3C_20_50-03.txt,30.993,0.100,3.099,2,0.344,11.09,0.172,6.141,0.000
25,ec.gp.GPIndividual@1402685710{-533834882},3C_20_66-01.txt,7.322,0.100,0.732,2,1.234,168.58,0.617,6.141,0.000
25,ec.gp.GPIndividual@1402685710{-533834882},3C_20_66-02.txt,154.245,0.100,15.424,9,15.703,101.81,1.745,6.141,0.000
25,ec.gp.GPIndividual@1402685710{-533834882},3C_20_66-03.txt,118.340,0.100,11.834,8,12.484,105.50,1.561,6.141,0.000
25,ec.gp.GPIndividual@1402685710{-533834882},3C_20_80-01.txt,4.194,0.100,0.419,4,5.094,1214.39,1.273,6.141,0.000
25,ec.gp.GPIndividual@1402685710{-533834882},3C_20_66-01.txt,7.322,0.100,0.732,4,0.781,106.70,0.195,6.141,0.000
25,ec.gp.GPIndividual@1402685710{-533834882},3C_20_66-02.txt,154.245,0.100,15.424,7,6.297,40.82,0.900,6.141,0.000
25,ec.gp.GPIndividual@1402685710{-533834882},3C_20_80-01.txt,4.194,0.100,0.419,1,1.766,420.94,1.766,6.141,0.000
25,ec.gp.GPIndividual@1402685710{-533834882},3C_20_66-02.txt,154.245,0.100,15.424,5,6.422,41.63,1.284,6.141,0.000
25,ec.gp.GPIndividual@1402685710{-533834882},3C_20_80-02.txt,35.738,0.100,3.574,3,3.594,100.56,1.198,6.141,0.000
25,ec.gp.GPIndividual@1402685710{-533834882},3C_20_66-03.txt,118.340,0.100,11.834,7,12.656,106.95,1.808,6.141,0.000
25,ec.gp.GPIndividual@1402685710{-533834882},3C_20_80-03.txt,169.439,0.100,16.944,10,16.563,97.75,1.656,6.141,0.000
25,ec.gp.GPIndividual@1402685710{-533834882},3C_20_66-03.txt,118.340,0.100,11.834,6,13.922,117.64,2.320,6.141,0.000
25,ec.gp.GPIndividual@1402685710{-533834882},3C_20_80-01.txt,4.194,0.100,0.419,4,0.500,119.20,0.125,6.141,0.000
25,ec.gp.GPIndividual@1402685710{-533834882},3C_20_80-02.txt,35.738,0.100,3.574,3,6.063,169.64,2.021,6.141,0.000
25,ec.gp.GPIndividual@1113279067{1863499295},3C_20_50-02.txt,61.404,0.100,6.140,11,10.359,168.71,0.942,4.266,0.000
25,ec.gp.GPIndividual@1113279067{1863499295},3C_20_80-01.txt,4.194,0.100,0.419,4,5.172,1233.02,1.293,4.828,0.000
25,ec.gp.GPIndividual@1113279067{1863499295},3C_20_80-01.txt,4.194,0.100,0.419,5,0.422,100.58,0.084,4.828,0.000
25,ec.gp.GPIndividual@1113279067{1863499295},3C_20_80-01.txt,4.194,0.100,0.419,3,0.422,100.58,0.141,4.828,0.000
25,ec.gp.GPIndividual@1113279067{1863499295},3C_20_80-02.txt,35.738,0.100,3.574,6,3.906,109.30,0.651,4.828,0.000
25,ec.gp.GPIndividual@1113279067{1863499295},3C_20_80-02.txt,35.738,0.100,3.574,7,3.703,103.62,0.529,4.828,0.000
25,ec.gp.GPIndividual@1113279067{1863499295},3C_20_80-02.txt,35.738,0.100,3.574,7,3.625,101.43,0.518,4.828,0.000
25,ec.gp.GPIndividual@1113279067{1863499295},3C_20_80-03.txt,169.439,0.100,16.944,17,17.891,105.59,1.052,4.828,0.000
25,ec.gp.GPIndividual@1113279067{1863499295},3C_20_80-03.txt,169.439,0.100,16.944,13,16.953,100.05,1.304,5.844,0.000
25,ec.gp.GPIndividual@1113279067{1863499295},3C_20_80-03.txt,169.439,0.100,16.944,3,2.094,12.36,0.698,5.844,0.000
25,ec.gp.GPIndividual@1726168503{-431780684},3C_20_50-02.txt,61.404,0.100,6.140,6,5.969,97.20,0.995,5.109,0.000
25,ec.gp.GPIndividual@1581322584{1203297941},3C_20_50-02.txt,61.404,0.100,6.140,6,6.328,103.06,1.055,3.859,0.000
25,ec.gp.GPIndividual@1581322584{1203297941},3C_20_80-02.txt,35.738,0.100,3.574,1,0.000,0.00,0.000,3.859,0.000
25,ec.gp.GPIndividual@1581322584{1203297941},3C_20_50-03.txt,30.993,0.100,3.099,4,8.109,261.66,2.027,6.000,0.000
25,ec.gp.GPIndividual@1581322584{1203297941},3C_20_80-03.txt,169.439,0.100,16.944,13,6.047,35.69,0.465,6.000,0.000
25,ec.gp.GPIndividual@1581322584{1203297941},3C_20_50-03.txt,30.993,0.100,3.099,2,5.484,176.96,2.742,6.000,0.000
25,ec.gp.GPIndividual@10830355{-1222771599},3C_20_50-02.txt,61.404,0.100,6.140,9,6.516,106.11,0.724,1.594,0.000
25,ec.gp.GPIndividual@10830355{-1222771599},3C_20_66-02.txt,154.245,0.100,15.424,6,3.875,25.12,0.646,2.953,0.000
25,ec.gp.GPIndividual@1184358076{856802823},3C_20_50-02.txt,61.404,0.100,6.140,7,5.594,91.10,0.799,4.547,0.000
25,ec.gp.GPIndividual@1184358076{856802823},3C_20_50-03.txt,30.993,0.100,3.099,7,4.219,136.12,0.603,4.547,0.000
25,ec.gp.GPIndividual@1184358076{856802823},3C_20_66-03.txt,118.340,0.100,11.834,14,12.563,106.16,0.897,4.547,0.000
25,ec.gp.GPIndividual@1184358076{856802823},3C_20_50-03.txt,30.993,0.100,3.099,3,4.016,129.57,1.339,4.547,0.000
25,ec.gp.GPIndividual@1184358076{856802823},3C_20_66-02.txt,154.245,0.100,15.424,8,15.719,101.91,1.965,4.547,0.000
25,ec.gp.GPIndividual@1184358076{856802823},3C_20_80-01.txt,4.194,0.100,0.419,3,0.438,104.30,0.146,4.547,0.000
25,ec.gp.GPIndividual@1184358076{856802823},3C_20_80-02.txt,35.738,0.100,3.574,5,5.672,158.71,1.134,4.547,0.000
25,ec.gp.GPIndividual@1184358076{856802823},3C_20_66-01.txt,7.322,0.100,0.732,3,1.141,155.78,0.380,4.547,0.000
25,ec.gp.GPIndividual@1184358076{856802823},3C_20_66-03.txt,118.340,0.100,11.834,10,11.438,96.65,1.144,5.844,0.000
25,ec.gp.GPIndividual@1184358076{856802823},3C_20_80-01.txt,4.194,0.100,0.419,2,0.578,137.83,0.289,5.844,0.000
25,ec.gp.GPIndividual@1184358076{856802823},3C_20_80-03.txt,169.439,0.100,16.944,15,21.328,125.87,1.422,5.844,0.000
25,ec.gp.GPIndividual@1146779413{992639814},3C_20_50-02.txt,61.404,0.100,6.140,6,3.391,55.22,0.565,2.828,0.000
25,ec.gp.GPIndividual@1146779413{992639814},3C_20_66-01.txt,7.322,0.100,0.732,2,3.250,443.86,1.625,3.250,0.000
25,ec.gp.GPIndividual@1146779413{992639814},3C_20_80-02.txt,35.738,0.100,3.574,7,2.875,80.45,0.411,3.250,0.000
25,ec.gp.GPIndividual@1146779413{992639814},3C_20_50-03.txt,30.993,0.100,3.099,5,6.891,222.33,1.378,4.938,0.000
25,ec.gp.GPIndividual@1146779413{992639814},3C_20_66-02.txt,154.245,0.100,15.424,11,15.781,102.31,1.435,4.938,0.000
25,ec.gp.GPIndividual@1146779413{992639814},3C_20_80-03.txt,169.439,0.100,16.944,10,15.156,89.45,1.516,6.188,0.000
25,ec.gp.GPIndividual@1146779413{992639814},3C_20_66-02.txt,154.245,0.100,15.424,7,15.328,99.38,2.190,6.188,0.000
25,ec.gp.GPIndividual@1146779413{992639814},3C_20_66-01.txt,7.322,0.100,0.732,4,2.688,367.04,0.672,6.188,0.000
25,ec.gp.GPIndividual@1146779413{992639814},3C_20_66-03.txt,118.340,0.100,11.834,6,11.844,100.08,1.974,6.188,0.000
25,ec.gp.GPIndividual@1146779413{992639814},3C_20_80-01.txt,4.194,0.100,0.419,3,0.422,100.58,0.141,6.188,0.000
25,ec.gp.GPIndividual@1146779413{992639814},3C_20_80-02.txt,35.738,0.100,3.574,3,1.922,53.78,0.641,6.188,0.000
25,ec.gp.GPIndividual@1146779413{992639814},3C_20_66-03.txt,118.340,0.100,11.834,7,13.813,116.72,1.973,6.188,0.000
25,ec.gp.GPIndividual@1146779413{992639814},3C_20_80-01.txt,4.194,0.100,0.419,3,0.422,100.58,0.141,6.188,0.000
25,ec.gp.GPIndividual@1146779413{992639814},3C_20_80-02.txt,35.738,0.100,3.574,4,2.828,79.13,0.707,6.188,0.000
25,ec.gp.GPIndividual@1146779413{992639814},3C_20_66-02.txt,154.245,0.100,15.424,6,4.516,29.28,0.753,6.188,0.000
25,ec.gp.GPIndividual@1146779413{992639814},3C_20_80-03.txt,169.439,0.100,16.944,10,18.125,106.97,1.813,6.188,0.000
25,ec.gp.GPIndividual@2139373631{1419121821},3C_20_50-02.txt,61.404,0.100,6.140,3,5.516,89.82,1.839,5.516,0.000
25,ec.gp.GPIndividual@1631563049{1694343899},3C_20_50-02.txt,61.404,0.100,6.140,8,7.688,125.19,0.961,3.547,0.000
25,ec.gp.GPIndividual@1631563049{1694343899},3C_20_80-03.txt,169.439,0.100,16.944,11,5.406,31.91,0.491,3.547,0.000
25,ec.gp.GPIndividual@1631563049{1694343899},3C_20_50-03.txt,30.993,0.100,3.099,3,5.094,164.35,1.698,3.547,0.000
25,ec.gp.GPIndividual@1631563049{1694343899},3C_20_80-01.txt,4.194,0.100,0.419,3,0.859,204.88,0.286,3.547,0.000
25,ec.gp.GPIndividual@1631563049{1694343899},3C_20_50-03.txt,30.993,0.100,3.099,5,3.172,102.34,0.634,3.547,0.000
25,ec.gp.GPIndividual@1631563049{1694343899},3C_20_66-01.txt,7.322,0.100,0.732,2,4.609,629.51,2.305,4.609,0.000
25,ec.gp.GPIndividual@2092458713{1634472948},3C_20_50-02.txt,61.404,0.100,6.140,3,3.000,48.86,1.000,3.000,0.000
25,ec.gp.GPIndividual@2092458713{1634472948},3C_20_66-03.txt,118.340,0.100,11.834,11,13.031,110.12,1.185,3.531,0.000
25,ec.gp.GPIndividual@2092458713{1634472948},3C_20_80-02.txt,35.738,0.100,3.574,4,3.641,101.87,0.910,3.531,0.000
25,ec.gp.GPIndividual@2092458713{1634472948},3C_20_80-01.txt,4.194,0.100,0.419,2,1.375,327.81,0.688,3.531,0.000
25,ec.gp.GPIndividual@2092458713{1634472948},3C_20_80-01.txt,4.194,0.100,0.419,6,0.547,130.38,0.091,3.531,0.000
25,ec.gp.GPIndividual@2092458713{1634472948},3C_20_80-02.txt,35.738,0.100,3.574,0,0.000,0.00,0.000,3.531,0.000
25,ec.gp.GPIndividual@2092458713{1634472948},3C_20_50-03.txt,30.993,0.100,3.099,7,3.609,116.46,0.516,3.531,0.000
25,ec.gp.GPIndividual@2092458713{1634472948},3C_20_80-03.txt,169.439,0.100,16.944,16,16.938,99.96,1.059,3.531,0.000
25,ec.gp.GPIndividual@2092458713{1634472948},3C_20_80-02.txt,35.738,0.100,3.574,3,0.688,19.24,0.229,3.531,0.000
25,ec.gp.GPIndividual@259889709{868084853},3C_20_50-02.txt,61.404,0.100,6.140,10,3.047,49.62,0.305,2.031,0.000
25,ec.gp.GPIndividual@259889709{868084853},3C_20_50-03.txt,30.993,0.100,3.099,4,2.500,80.66,0.625,2.031,0.000
25,ec.gp.GPIndividual@259889709{868084853},3C_20_66-01.txt,7.322,0.100,0.732,8,1.484,202.72,0.186,2.031,0.000
25,ec.gp.GPIndividual@259889709{868084853},3C_20_66-01.txt,7.322,0.100,0.732,3,0.031,4.27,0.010,2.031,0.000
25,ec.gp.GPIndividual@259889709{868084853},3C_20_66-02.txt,154.245,0.100,15.424,19,15.078,97.75,0.794,5.250,0.000
25,ec.gp.GPIndividual@259889709{868084853},3C_20_66-03.txt,118.340,0.100,11.834,11,11.797,99.69,1.072,5.250,0.000
25,ec.gp.GPIndividual@259889709{868084853},3C_20_80-01.txt,4.194,0.100,0.419,2,1.219,290.56,0.609,5.250,0.000
25,ec.gp.GPIndividual@259889709{868084853},3C_20_66-02.txt,154.245,0.100,15.424,21,15.172,98.36,0.722,5.250,0.000
25,ec.gp.GPIndividual@259889709{868084853},3C_20_80-02.txt,35.738,0.100,3.574,6,3.672,102.74,0.612,5.250,0.000
25,ec.gp.GPIndividual@259889709{868084853},3C_20_66-03.txt,118.340,0.100,11.834,16,11.531,97.44,0.721,5.250,0.000
25,ec.gp.GPIndividual@259889709{868084853},3C_20_80-01.txt,4.194,0.100,0.419,5,0.438,104.30,0.088,5.250,0.000
25,ec.gp.GPIndividual@259889709{868084853},3C_20_80-02.txt,35.738,0.100,3.574,3,1.672,46.78,0.557,5.250,0.000
25,ec.gp.GPIndividual@259889709{868084853},3C_20_80-03.txt,169.439,0.100,16.944,14,16.547,97.66,1.182,5.641,0.000
25,ec.gp.GPIndividual@259889709{868084853},3C_20_80-03.txt,169.439,0.100,16.944,9,15.891,93.78,1.766,5.641,0.000
26,ec.gp.GPIndividual@1670651080{337486994},3C_20_50-02.txt,61.404,0.100,6.140,13,7.313,119.09,0.563,1.719,0.000
26,ec.gp.GPIndividual@1670651080{337486994},3C_20_50-03.txt,30.993,0.100,3.099,3,3.656,117.97,1.219,1.828,0.000
26,ec.gp.GPIndividual@1670651080{337486994},3C_20_50-03.txt,30.993,0.100,3.099,8,3.469,111.92,0.434,1.828,0.000
26,ec.gp.GPIndividual@1670651080{337486994},3C_20_50-03.txt,30.993,0.100,3.099,11,4.906,158.30,0.446,1.828,0.000
26,ec.gp.GPIndividual@1670651080{337486994},3C_20_66-01.txt,7.322,0.100,0.732,3,0.469,64.02,0.156,1.828,0.000
26,ec.gp.GPIndividual@1670651080{337486994},3C_20_50-03.txt,30.993,0.100,3.099,3,0.297,9.58,0.099,1.828,0.000
26,ec.gp.GPIndividual@1670651080{337486994},3C_20_50-03.txt,30.993,0.100,3.099,5,1.156,37.31,0.231,1.828,0.000
26,ec.gp.GPIndividual@1670651080{337486994},3C_20_66-01.txt,7.322,0.100,0.732,4,1.938,264.61,0.484,1.828,0.000
26,ec.gp.GPIndividual@1670651080{337486994},3C_20_66-02.txt,154.245,0.100,15.424,5,2.703,17.52,0.541,1.828,0.000
26,ec.gp.GPIndividual@1670651080{337486994},3C_20_50-03.txt,30.993,0.100,3.099,6,3.453,111.42,0.576,1.828,0.000
26,ec.gp.GPIndividual@1670651080{337486994},3C_20_66-02.txt,154.245,0.100,15.424,8,15.469,100.29,1.934,4.063,0.000
26,ec.gp.GPIndividual@1670651080{337486994},3C_20_66-01.txt,7.322,0.100,0.732,3,1.750,239.00,0.583,4.063,0.000
26,ec.gp.GPIndividual@1670651080{337486994},3C_20_66-03.txt,118.340,0.100,11.834,7,11.906,100.61,1.701,4.609,0.000
26,ec.gp.GPIndividual@1670651080{337486994},3C_20_66-01.txt,7.322,0.100,0.732,2,1.234,168.58,0.617,4.609,0.000
26,ec.gp.GPIndividual@1670651080{337486994},3C_20_66-02.txt,154.245,0.100,15.424,13,18.938,122.78,1.457,4.750,0.000
26,ec.gp.GPIndividual@1670651080{337486994},3C_20_80-01.txt,4.194,0.100,0.419,3,1.578,376.24,0.526,4.750,0.000
26,ec.gp.GPIndividual@1670651080{337486994},3C_20_66-03.txt,118.340,0.100,11.834,9,13.219,111.70,1.469,4.906,0.000
26,ec.gp.GPIndividual@1670651080{337486994},3C_20_66-01.txt,7.322,0.100,0.732,5,0.875,119.50,0.175,4.906,0.000
26,ec.gp.GPIndividual@1670651080{337486994},3C_20_66-02.txt,154.245,0.100,15.424,9,16.172,104.85,1.797,4.906,0.000
26,ec.gp.GPIndividual@1670651080{337486994},3C_20_80-01.txt,4.194,0.100,0.419,5,2.938,700.32,0.588,4.906,0.000
26,ec.gp.GPIndividual@1670651080{337486994},3C_20_66-03.txt,118.340,0.100,11.834,3,1.734,14.66,0.578,4.906,0.000
26,ec.gp.GPIndividual@1670651080{337486994},3C_20_66-03.txt,118.340,0.100,11.834,4,5.359,45.29,1.340,4.906,0.000
26,ec.gp.GPIndividual@1670651080{337486994},3C_20_66-01.txt,7.322,0.100,0.732,2,3.547,484.40,1.773,4.906,0.000
26,ec.gp.GPIndividual@1670651080{337486994},3C_20_80-02.txt,35.738,0.100,3.574,4,7.625,213.36,1.906,5.672,0.000
26,ec.gp.GPIndividual@1670651080{337486994},3C_20_66-02.txt,154.245,0.100,15.424,9,18.328,118.82,2.036,5.672,0.000
26,ec.gp.GPIndividual@1670651080{337486994},3C_20_80-01.txt,4.194,0.100,0.419,2,1.953,465.64,0.977,5.672,0.000
26,ec.gp.GPIndividual@1670651080{337486994},3C_20_80-03.txt,169.439,0.100,16.944,15,18.000,106.23,1.200,5.672,0.000
26,ec.gp.GPIndividual@1670651080{337486994},3C_20_80-02.txt,35.738,0.100,3.574,5,4.031,112.80,0.806,5.672,0.000
26,ec.gp.GPIndividual@1670651080{337486994},3C_20_66-02.txt,154.245,0.100,15.424,3,0.859,5.57,0.286,5.672,0.000
26,ec.gp.GPIndividual@1670651080{337486994},3C_20_66-03.txt,118.340,0.100,11.834,6,12.125,102.46,2.021,6.078,0.000
26,ec.gp.GPIndividual@667399698{-348692598},3C_20_50-02.txt,61.404,0.100,6.140,5,6.641,108.15,1.328,2.469,0.000
26,ec.gp.GPIndividual@667399698{-348692598},3C_20_50-03.txt,30.993,0.100,3.099,5,4.797,154.77,0.959,3.000,0.000
26,ec.gp.GPIndividual@667399698{-348692598},3C_20_80-01.txt,4.194,0.100,0.419,4,1.656,394.86,0.414,3.000,0.000
26,ec.gp.GPIndividual@667399698{-348692598},3C_20_80-03.txt,169.439,0.100,16.944,6,11.422,67.41,1.904,4.828,0.000
26,ec.gp.GPIndividual@667399698{-348692598},3C_20_80-02.txt,35.738,0.100,3.574,8,4.375,122.42,0.547,4.828,0.000
26,ec.gp.GPIndividual@667399698{-348692598},3C_20_66-03.txt,118.340,0.100,11.834,3,0.172,1.45,0.057,4.828,0.000
26,ec.gp.GPIndividual@667399698{-348692598},3C_20_80-02.txt,35.738,0.100,3.574,5,6.672,186.69,1.334,4.828,0.000
26,ec.gp.GPIndividual@667399698{-348692598},3C_20_80-03.txt,169.439,0.100,16.944,7,17.516,103.37,2.502,6.063,0.000
26,ec.gp.GPIndividual@667399698{-348692598},3C_20_80-01.txt,4.194,0.100,0.419,2,3.563,849.33,1.781,6.063,0.000
26,ec.gp.GPIndividual@667399698{-348692598},3C_20_80-01.txt,4.194,0.100,0.419,3,0.672,160.18,0.224,6.063,0.000
26,ec.gp.GPIndividual@667399698{-348692598},3C_20_80-02.txt,35.738,0.100,3.574,6,4.781,133.79,0.797,6.063,0.000
26,ec.gp.GPIndividual@1496263383{1136737398},3C_20_50-02.txt,61.404,0.100,6.140,4,7.063,115.02,1.766,5.563,0.000
26,ec.gp.GPIndividual@1495952659{-128681433},3C_20_50-02.txt,61.404,0.100,6.140,1,0.000,0.00,0.000,0.000,0.000
26,ec.gp.GPIndividual@1495952659{-128681433},3C_20_50-03.txt,30.993,0.100,3.099,1,0.000,0.00,0.000,0.000,0.000
26,ec.gp.GPIndividual@1495952659{-128681433},3C_20_66-01.txt,7.322,0.100,0.732,1,0.000,0.00,0.000,0.000,0.000
26,ec.gp.GPIndividual@1495952659{-128681433},3C_20_66-02.txt,154.245,0.100,15.424,1,0.000,0.00,0.000,0.000,0.000
26,ec.gp.GPIndividual@1495952659{-128681433},3C_20_66-03.txt,118.340,0.100,11.834,1,0.000,0.00,0.000,0.000,0.000
26,ec.gp.GPIndividual@1495952659{-128681433},3C_20_80-01.txt,4.194,0.100,0.419,1,0.000,0.00,0.000,0.000,0.000
26,ec.gp.GPIndividual@1495952659{-128681433},3C_20_80-02.txt,35.738,0.100,3.574,1,0.000,0.00,0.000,0.000,0.000
26,ec.gp.GPIndividual@1495952659{-128681433},3C_20_80-03.txt,169.439,0.100,16.944,1,0.000,0.00,0.000,0.000,0.000
26,ec.gp.GPIndividual@1252558469{1134365324},3C_20_50-02.txt,61.404,0.100,6.140,6,6.266,102.04,1.044,5.250,0.000
26,ec.gp.GPIndividual@1252558469{1134365324},3C_20_66-01.txt,7.322,0.100,0.732,5,0.500,68.29,0.100,5.250,0.000
26,ec.gp.GPIndividual@1252558469{1134365324},3C_20_50-03.txt,30.993,0.100,3.099,5,4.703,151.75,0.941,5.250,0.000
26,ec.gp.GPIndividual@1252558469{1134365324},3C_20_50-03.txt,30.993,0.100,3.099,5,4.016,129.57,0.803,5.250,0.000
26,ec.gp.GPIndividual@1252558469{1134365324},3C_20_80-03.txt,169.439,0.100,16.944,18,21.156,124.86,1.175,5.250,0.000
26,ec.gp.GPIndividual@1252558469{1134365324},3C_20_66-01.txt,7.322,0.100,0.732,4,3.906,533.48,0.977,5.250,0.000
26,ec.gp.GPIndividual@1252558469{1134365324},3C_20_80-02.txt,35.738,0.100,3.574,4,1.141,31.92,0.285,5.250,0.000
26,ec.gp.GPIndividual@1252558469{1134365324},3C_20_66-02.txt,154.245,0.100,15.424,6,10.641,68.99,1.773,5.938,0.000
26,ec.gp.GPIndividual@1252558469{1134365324},3C_20_66-01.txt,7.322,0.100,0.732,2,1.188,162.18,0.594,5.938,0.000
26,ec.gp.GPIndividual@1252558469{1134365324},3C_20_66-02.txt,154.245,0.100,15.424,0,0.000,0.00,0.000,5.938,0.000
26,ec.gp.GPIndividual@1252558469{1134365324},3C_20_66-02.txt,154.245,0.100,15.424,11,16.250,105.35,1.477,5.938,0.000
26,ec.gp.GPIndividual@1252558469{1134365324},3C_20_66-03.txt,118.340,0.100,11.834,8,12.422,104.97,1.553,5.938,0.000
26,ec.gp.GPIndividual@1437574446{652640058},3C_20_50-02.txt,61.404,0.100,6.140,7,7.734,125.96,1.105,2.797,0.000
26,ec.gp.GPIndividual@1437574446{652640058},3C_20_80-03.txt,169.439,0.100,16.944,7,5.063,29.88,0.723,2.797,0.000
26,ec.gp.GPIndividual@1437574446{652640058},3C_20_80-03.txt,169.439,0.100,16.944,8,17.609,103.93,2.201,4.734,0.000
26,ec.gp.GPIndividual@1437574446{652640058},3C_20_66-03.txt,118.340,0.100,11.834,5,14.656,123.85,2.931,5.953,0.000
26,ec.gp.GPIndividual@1437574446{652640058},3C_20_50-03.txt,30.993,0.100,3.099,2,6.125,197.63,3.063,6.125,0.000
26,ec.gp.GPIndividual@463874655{-670215676},3C_20_50-02.txt,61.404,0.100,6.140,11,7.297,118.83,0.663,1.547,0.000
26,ec.gp.GPIndividual@463874655{-670215676},3C_20_80-01.txt,4.194,0.100,0.419,4,1.891,450.74,0.473,1.734,0.000
26,ec.gp.GPIndividual@463874655{-670215676},3C_20_50-03.txt,30.993,0.100,3.099,6,5.828,188.05,0.971,3.688,0.000
26,ec.gp.GPIndividual@463874655{-670215676},3C_20_66-03.txt,118.340,0.100,11.834,14,11.844,100.08,0.846,4.750,0.000
26,ec.gp.GPIndividual@463874655{-670215676},3C_20_80-02.txt,35.738,0.100,3.574,3,0.859,24.05,0.286,4.750,0.000
26,ec.gp.GPIndividual@463874655{-670215676},3C_20_80-01.txt,4.194,0.100,0.419,4,0.531,126.65,0.133,4.750,0.000
26,ec.gp.GPIndividual@463874655{-670215676},3C_20_80-02.txt,35.738,0.100,3.574,3,5.063,141.66,1.688,4.750,0.000
26,ec.gp.GPIndividual@463874655{-670215676},3C_20_80-03.txt,169.439,0.100,16.944,5,13.141,77.55,2.628,4.844,0.000
26,ec.gp.GPIndividual@16995964{1794175373},3C_20_50-02.txt,61.404,0.100,6.140,9,6.172,100.51,0.686,2.016,0.000
26,ec.gp.GPIndividual@16995964{1794175373},3C_20_50-03.txt,30.993,0.100,3.099,3,1.047,33.78,0.349,2.016,0.000
26,ec.gp.GPIndividual@16995964{1794175373},3C_20_80-03.txt,169.439,0.100,16.944,7,21.031,124.12,3.004,6.000,0.000
26,ec.gp.GPIndividual@287787959{-138333655},3C_20_50-02.txt,61.404,0.100,6.140,6,8.375,136.39,1.396,3.750,0.000
26,ec.gp.GPIndividual@287787959{-138333655},3C_20_66-01.txt,7.322,0.100,0.732,2,4.453,608.17,2.227,4.453,0.000
26,ec.gp.GPIndividual@287787959{-138333655},3C_20_80-01.txt,4.194,0.100,0.419,3,2.094,499.17,0.698,4.453,0.000
26,ec.gp.GPIndividual@287787959{-138333655},3C_20_50-03.txt,30.993,0.100,3.099,6,3.094,99.82,0.516,4.453,0.000
26,ec.gp.GPIndividual@287787959{-138333655},3C_20_66-01.txt,7.322,0.100,0.732,4,1.328,181.38,0.332,4.453,0.000
26,ec.gp.GPIndividual@287787959{-138333655},3C_20_66-02.txt,154.245,0.100,15.424,10,16.313,105.76,1.631,5.875,0.000
26,ec.gp.GPIndividual@287787959{-138333655},3C_20_66-02.txt,154.245,0.100,15.424,12,14.984,97.15,1.249,5.875,0.000
26,ec.gp.GPIndividual@287787959{-138333655},3C_20_66-03.txt,118.340,0.100,11.834,6,4.906,41.46,0.818,5.875,0.000
26,ec.gp.GPIndividual@1139963367{-1118672126},3C_20_50-02.txt,61.404,0.100,6.140,6,8.969,146.06,1.495,4.063,0.000
26,ec.gp.GPIndividual@1139963367{-1118672126},3C_20_66-01.txt,7.322,0.100,0.732,6,0.984,134.44,0.164,4.063,0.000
26,ec.gp.GPIndividual@1139963367{-1118672126},3C_20_66-02.txt,154.245,0.100,15.424,3,0.156,1.01,0.052,4.063,0.000
26,ec.gp.GPIndividual@1139963367{-1118672126},3C_20_66-03.txt,118.340,0.100,11.834,8,13.578,114.74,1.697,4.781,0.000
26,ec.gp.GPIndividual@1139963367{-1118672126},3C_20_80-01.txt,4.194,0.100,0.419,4,2.766,659.35,0.691,4.781,0.000
26,ec.gp.GPIndividual@1139963367{-1118672126},3C_20_50-03.txt,30.993,0.100,3.099,4,3.719,119.99,0.930,4.781,0.000
26,ec.gp.GPIndividual@1139963367{-1118672126},3C_20_80-02.txt,35.738,0.100,3.574,5,6.906,193.25,1.381,4.781,0.000
26,ec.gp.GPIndividual@1139963367{-1118672126},3C_20_66-01.txt,7.322,0.100,0.732,4,1.000,136.57,0.250,4.781,0.000
26,ec.gp.GPIndividual@1139963367{-1118672126},3C_20_80-02.txt,35.738,0.100,3.574,3,5.063,141.66,1.688,4.781,0.000
26,ec.gp.GPIndividual@1139963367{-1118672126},3C_20_80-01.txt,4.194,0.100,0.419,2,1.453,346.44,0.727,4.781,0.000
26,ec.gp.GPIndividual@1139963367{-1118672126},3C_20_66-03.txt,118.340,0.100,11.834,12,12.641,106.82,1.053,4.781,0.000
26,ec.gp.GPIndividual@1139963367{-1118672126},3C_20_80-02.txt,35.738,0.100,3.574,6,6.125,171.39,1.021,4.781,0.000
26,ec.gp.GPIndividual@1139963367{-1118672126},3C_20_66-01.txt,7.322,0.100,0.732,3,0.156,21.34,0.052,4.781,0.000
26,ec.gp.GPIndividual@1139963367{-1118672126},3C_20_80-03.txt,169.439,0.100,16.944,4,2.781,16.41,0.695,4.781,0.000
26,ec.gp.GPIndividual@1139963367{-1118672126},3C_20_66-02.txt,154.245,0.100,15.424,9,15.656,101.50,1.740,4.781,0.000
26,ec.gp.GPIndividual@1139963367{-1118672126},3C_20_66-02.txt,154.245,0.100,15.424,11,18.609,120.65,1.692,5.938,0.000
26,ec.gp.GPIndividual@2133901394{1348452685},3C_20_50-02.txt,61.404,0.100,6.140,6,6.281,102.29,1.047,1.781,0.000
26,ec.gp.GPIndividual@2133901394{1348452685},3C_20_66-03.txt,118.340,0.100,11.834,7,13.500,114.08,1.929,5.016,0.000
26,ec.gp.GPIndividual@2133901394{1348452685},3C_20_80-03.txt,169.439,0.100,16.944,9,9.594,56.62,1.066,5.016,0.000
26,ec.gp.GPIndividual@2133901394{1348452685},3C_20_66-03.txt,118.340,0.100,11.834,6,12.953,109.46,2.159,5.016,0.000
26,ec.gp.GPIndividual@2133901394{1348452685},3C_20_80-01.txt,4.194,0.100,0.419,3,6.313,1504.95,2.104,6.141,0.000
26,ec.gp.GPIndividual@1479944664{133414604},3C_20_50-02.txt,61.404,0.100,6.140,4,8.703,141.73,2.176,5.703,0.000
26,ec.gp.GPIndividual@1479944664{133414604},3C_20_80-03.txt,169.439,0.100,16.944,13,19.625,115.82,1.510,5.703,0.000
26,ec.gp.GPIndividual@1479944664{133414604},3C_20_80-01.txt,4.194,0.100,0.419,3,0.500,119.20,0.167,5.703,0.000
26,ec.gp.GPIndividual@1479944664{133414604},3C_20_50-03.txt,30.993,0.100,3.099,3,5.828,188.05,1.943,5.703,0.000
26,ec.gp.GPIndividual@1479944664{133414604},3C_20_80-02.txt,35.738,0.100,3.574,4,8.953,250.52,2.238,6.359,0.000
26,ec.gp.GPIndividual@1479944664{133414604},3C_20_50-03.txt,30.993,0.100,3.099,2,6.359,205.19,3.180,6.359,0.000
26,ec.gp.GPIndividual@1191052460{1134579667},3C_20_50-02.txt,61.404,0.100,6.140,14,7.719,125.70,0.551,1.547,0.000
26,ec.gp.GPIndividual@1191052460{1134579667},3C_20_80-01.txt,4.194,0.100,0.419,2,1.172,279.38,0.586,1.547,0.000
26,ec.gp.GPIndividual@1191052460{1134579667},3C_20_80-02.txt,35.738,0.100,3.574,7,2.406,67.33,0.344,1.578,0.000
26,ec.gp.GPIndividual@1191052460{1134579667},3C_20_66-01.txt,7.322,0.100,0.732,3,2.328,317.95,0.776,1.750,0.000
26,ec.gp.GPIndividual@1191052460{1134579667},3C_20_80-03.txt,169.439,0.100,16.944,18,17.734,104.67,0.985,2.063,0.000
26,ec.gp.GPIndividual@1191052460{1134579667},3C_20_50-03.txt,30.993,0.100,3.099,2,4.172,134.61,2.086,4.172,0.000
26,ec.gp.GPIndividual@1191052460{1134579667},3C_20_66-01.txt,7.322,0.100,0.732,2,1.016,138.71,0.508,4.172,0.000
26,ec.gp.GPIndividual@1191052460{1134579667},3C_20_66-02.txt,154.245,0.100,15.424,10,17.281,112.04,1.728,5.813,0.000
26,ec.gp.GPIndividual@1191052460{1134579667},3C_20_66-03.txt,118.340,0.100,11.834,6,8.078,68.26,1.346,5.813,0.000
26,ec.gp.GPIndividual@1191052460{1134579667},3C_20_80-02.txt,35.738,0.100,3.574,4,8.656,242.21,2.164,5.875,0.000
26,ec.gp.GPIndividual@1191052460{1134579667},3C_20_66-02.txt,154.245,0.100,15.424,2,0.328,2.13,0.164,5.875,0.000
26,ec.gp.GPIndividual@1416710628{1909571982},3C_20_50-02.txt,61.404,0.100,6.140,4,7.906,128.76,1.977,4.453,0.000
26,ec.gp.GPIndividual@1416710628{1909571982},3C_20_80-03.txt,169.439,0.100,16.944,10,6.125,36.15,0.613,4.453,0.000
26,ec.gp.GPIndividual@1416710628{1909571982},3C_20_80-02.txt,35.738,0.100,3.574,2,4.344,121.54,2.172,4.453,0.000
26,ec.gp.GPIndividual@1157402898{-2073656104},3C_20_50-02.txt,61.404,0.100,6.140,6,6.234,101.53,1.039,3.406,0.000
26,ec.gp.GPIndividual@1157402898{-2073656104},3C_20_50-03.txt,30.993,0.100,3.099,2,4.203,135.62,2.102,4.203,0.000
26,ec.gp.GPIndividual@1469992149{1948675049},3C_20_50-02.txt,61.404,0.100,6.140,0,0.000,0.00,0.000,0.000,0.000
26,ec.gp.GPIndividual@1469992149{1948675049},3C_20_50-03.txt,30.993,0.100,3.099,0,0.000,0.00,0.000,0.000,0.000
26,ec.gp.GPIndividual@1469992149{1948675049},3C_20_66-01.txt,7.322,0.100,0.732,0,0.000,0.00,0.000,0.000,0.000
26,ec.gp.GPIndividual@1469992149{1948675049},3C_20_66-02.txt,154.245,0.100,15.424,0,0.000,0.00,0.000,0.000,0.000
26,ec.gp.GPIndividual@1469992149{1948675049},3C_20_66-03.txt,118.340,0.100,11.834,0,0.000,0.00,0.000,0.000,0.000
26,ec.gp.GPIndividual@1469992149{1948675049},3C_20_80-01.txt,4.194,0.100,0.419,0,0.000,0.00,0.000,0.000,0.000
26,ec.gp.GPIndividual@1469992149{1948675049},3C_20_80-02.txt,35.738,0.100,3.574,0,0.000,0.00,0.000,0.000,0.000
26,ec.gp.GPIndividual@1469992149{1948675049},3C_20_80-03.txt,169.439,0.100,16.944,0,0.000,0.00,0.000,0.000,0.000
26,ec.gp.GPIndividual@1089174508{727600864},3C_20_50-02.txt,61.404,0.100,6.140,10,7.219,117.56,0.722,1.391,0.000
26,ec.gp.GPIndividual@1089174508{727600864},3C_20_50-03.txt,30.993,0.100,3.099,6,3.375,108.90,0.563,1.391,0.000
26,ec.gp.GPIndividual@1089174508{727600864},3C_20_80-03.txt,169.439,0.100,16.944,13,4.219,24.90,0.325,1.391,0.000
26,ec.gp.GPIndividual@1089174508{727600864},3C_20_50-03.txt,30.993,0.100,3.099,3,4.047,130.58,1.349,2.797,0.000
26,ec.gp.GPIndividual@1089174508{727600864},3C_20_66-01.txt,7.322,0.100,0.732,2,0.750,102.43,0.375,2.797,0.000
26,ec.gp.GPIndividual@1089174508{727600864},3C_20_66-01.txt,7.322,0.100,0.732,4,0.938,128.04,0.234,2.797,0.000
26,ec.gp.GPIndividual@1089174508{727600864},3C_20_66-02.txt,154.245,0.100,15.424,10,17.031,110.42,1.703,4.297,0.000
26,ec.gp.GPIndividual@1075956679{36161649},3C_20_50-02.txt,61.404,0.100,6.140,4,1.438,23.41,0.359,0.828,0.000
26,ec.gp.GPIndividual@1075956679{36161649},3C_20_50-03.txt,30.993,0.100,3.099,4,5.531,178.47,1.383,3.703,0.000
26,ec.gp.GPIndividual@1075956679{36161649},3C_20_66-01.txt,7.322,0.100,0.732,2,1.281,174.98,0.641,3.703,0.000
26,ec.gp.GPIndividual@1075956679{36161649},3C_20_66-01.txt,7.322,0.100,0.732,4,1.875,256.07,0.469,3.703,0.000
26,ec.gp.GPIndividual@1075956679{36161649},3C_20_66-03.txt,118.340,0.100,11.834,3,0.609,5.15,0.203,3.703,0.000
26,ec.gp.GPIndividual@1075956679{36161649},3C_20_66-02.txt,154.245,0.100,15.424,7,10.000,64.83,1.429,5.016,0.000
26,ec.gp.GPIndividual@1075956679{36161649},3C_20_66-03.txt,118.340,0.100,11.834,11,14.609,123.45,1.328,5.016,0.000
26,ec.gp.GPIndividual@1075956679{36161649},3C_20_66-01.txt,7.322,0.100,0.732,3,1.281,174.98,0.427,5.016,0.000
26,ec.gp.GPIndividual@1075956679{36161649},3C_20_66-02.txt,154.245,0.100,15.424,4,1.672,10.84,0.418,5.016,0.000
26,ec.gp.GPIndividual@1075956679{36161649},3C_20_66-02.txt,154.245,0.100,15.424,3,5.984,38.80,1.995,5.016,0.000
26,ec.gp.GPIndividual@1075956679{36161649},3C_20_80-01.txt,4.194,0.100,0.419,2,0.297,70.78,0.148,5.016,0.000
26,ec.gp.GPIndividual@1075956679{36161649},3C_20_80-02.txt,35.738,0.100,3.574,3,4.156,116.30,1.385,5.016,0.000
26,ec.gp.GPIndividual@1075956679{36161649},3C_20_66-03.txt,118.340,0.100,11.834,5,5.844,49.38,1.169,5.016,0.000
26,ec.gp.GPIndividual@1075956679{36161649},3C_20_80-03.txt,169.439,0.100,16.944,8,4.625,27.30,0.578,5.016,0.000
26,ec.gp.GPIndividual@1075956679{36161649},3C_20_66-02.txt,154.245,0.100,15.424,7,17.313,112.24,2.473,5.016,0.000
26,ec.gp.GPIndividual@689947711{1980081655},3C_20_50-02.txt,61.404,0.100,6.140,7,6.406,104.33,0.915,2.500,0.000
26,ec.gp.GPIndividual@689947711{1980081655},3C_20_66-03.txt,118.340,0.100,11.834,15,9.984,84.37,0.666,4.906,0.000
26,ec.gp.GPIndividual@689947711{1980081655},3C_20_50-03.txt,30.993,0.100,3.099,5,3.266,105.37,0.653,4.906,0.000
26,ec.gp.GPIndividual@689947711{1980081655},3C_20_80-01.txt,4.194,0.100,0.419,4,3.516,838.15,0.879,4.906,0.000
26,ec.gp.GPIndividual@689947711{1980081655},3C_20_80-01.txt,4.194,0.100,0.419,4,0.750,178.81,0.188,4.906,0.000
26,ec.gp.GPIndividual@689947711{1980081655},3C_20_80-02.txt,35.738,0.100,3.574,5,3.313,92.69,0.663,4.906,0.000
26,ec.gp.GPIndividual@689947711{1980081655},3C_20_66-03.txt,118.340,0.100,11.834,12,13.203,111.57,1.100,4.906,0.000
26,ec.gp.GPIndividual@689947711{1980081655},3C_20_66-01.txt,7.322,0.100,0.732,3,0.125,17.07,0.042,4.906,0.000
26,ec.gp.GPIndividual@689947711{1980081655},3C_20_80-02.txt,35.738,0.100,3.574,8,3.703,103.62,0.463,4.906,0.000
26,ec.gp.GPIndividual@689947711{1980081655},3C_20_80-01.txt,4.194,0.100,0.419,3,0.438,104.30,0.146,4.906,0.000
26,ec.gp.GPIndividual@689947711{1980081655},3C_20_80-02.txt,35.738,0.100,3.574,6,8.000,223.85,1.333,4.906,0.000
26,ec.gp.GPIndividual@689947711{1980081655},3C_20_80-01.txt,4.194,0.100,0.419,4,0.969,230.96,0.242,4.906,0.000
26,ec.gp.GPIndividual@689947711{1980081655},3C_20_80-03.txt,169.439,0.100,16.944,16,17.078,100.79,1.067,4.906,0.000
26,ec.gp.GPIndividual@1972322960{-79871596},3C_20_50-02.txt,61.404,0.100,6.140,6,6.203,101.02,1.034,3.047,0.000
26,ec.gp.GPIndividual@1972322960{-79871596},3C_20_80-02.txt,35.738,0.100,3.574,7,3.578,100.12,0.511,3.047,0.000
26,ec.gp.GPIndividual@1972322960{-79871596},3C_20_66-02.txt,154.245,0.100,15.424,12,12.141,78.71,1.012,3.047,0.000
26,ec.gp.GPIndividual@1972322960{-79871596},3C_20_50-03.txt,30.993,0.100,3.099,9,3.813,123.01,0.424,3.047,0.000
26,ec.gp.GPIndividual@1972322960{-79871596},3C_20_66-03.txt,118.340,0.100,11.834,3,0.125,1.06,0.042,3.047,0.000
26,ec.gp.GPIndividual@1972322960{-79871596},3C_20_80-03.txt,169.439,0.100,16.944,4,5.813,34.30,1.453,4.453,0.000
26,ec.gp.GPIndividual@1972322960{-79871596},3C_20_80-03.txt,169.439,0.100,16.944,6,18.234,107.62,3.039,5.188,0.000
26,ec.gp.GPIndividual@1191345002{701116056},3C_20_50-02.txt,61.404,0.100,6.140,7,11.891,193.64,1.699,4.703,0.000
26,ec.gp.GPIndividual@1191345002{701116056},3C_20_80-03.txt,169.439,0.100,16.944,5,5.063,29.88,1.013,4.703,0.000
26,ec.gp.GPIndividual@1191345002{701116056},3C_20_66-01.txt,7.322,0.100,0.732,3,0.281,38.41,0.094,4.703,0.000
26,ec.gp.GPIndividual@1191345002{701116056},3C_20_50-03.txt,30.993,0.100,3.099,8,4.000,129.06,0.500,4.703,0.000
26,ec.gp.GPIndividual@1191345002{701116056},3C_20_66-02.txt,154.245,0.100,15.424,8,14.906,96.64,1.863,4.828,0.000
26,ec.gp.GPIndividual@1191345002{701116056},3C_20_66-03.txt,118.340,0.100,11.834,5,13.328,112.63,2.666,5.109,0.000
26,ec.gp.GPIndividual@1191345002{701116056},3C_20_80-01.txt,4.194,0.100,0.419,3,0.438,104.30,0.146,5.109,0.000
26,ec.gp.GPIndividual@1191345002{701116056},3C_20_80-02.txt,35.738,0.100,3.574,4,4.344,121.54,1.086,5.109,0.000
26,ec.gp.GPIndividual@1589240972{1573997699},3C_20_50-02.txt,61.404,0.100,6.140,7,6.375,103.82,0.911,3.547,0.000
26,ec.gp.GPIndividual@1589240972{1573997699},3C_20_80-03.txt,169.439,0.100,16.944,7,6.734,39.75,0.962,4.375,0.000
26,ec.gp.GPIndividual@1589240972{1573997699},3C_20_66-01.txt,7.322,0.100,0.732,5,0.875,119.50,0.175,4.375,0.000
26,ec.gp.GPIndividual@1589240972{1573997699},3C_20_66-02.txt,154.245,0.100,15.424,8,18.250,118.32,2.281,4.844,0.000
26,ec.gp.GPIndividual@623989420{-746624577},3C_20_50-02.txt,61.404,0.100,6.140,8,6.500,105.86,0.813,2.828,0.000
26,ec.gp.GPIndividual@623989420{-746624577},3C_20_50-03.txt,30.993,0.100,3.099,3,0.109,3.53,0.036,2.828,0.000
26,ec.gp.GPIndividual@623989420{-746624577},3C_20_50-03.txt,30.993,0.100,3.099,3,5.500,177.46,1.833,4.578,0.000
26,ec.gp.GPIndividual@623989420{-746624577},3C_20_80-01.txt,4.194,0.100,0.419,4,0.453,108.03,0.113,4.578,0.000
26,ec.gp.GPIndividual@623989420{-746624577},3C_20_80-02.txt,35.738,0.100,3.574,5,3.656,102.31,0.731,4.578,0.000
26,ec.gp.GPIndividual@623989420{-746624577},3C_20_66-01.txt,7.322,0.100,0.732,4,1.078,147.24,0.270,4.578,0.000
26,ec.gp.GPIndividual@623989420{-746624577},3C_20_66-02.txt,154.245,0.100,15.424,4,2.313,14.99,0.578,4.578,0.000
26,ec.gp.GPIndividual@623989420{-746624577},3C_20_66-03.txt,118.340,0.100,11.834,10,12.609,106.55,1.261,4.578,0.000
26,ec.gp.GPIndividual@623989420{-746624577},3C_20_80-01.txt,4.194,0.100,0.419,2,0.953,227.23,0.477,4.578,0.000
26,ec.gp.GPIndividual@623989420{-746624577},3C_20_66-03.txt,118.340,0.100,11.834,9,12.281,103.78,1.365,4.578,0.000
26,ec.gp.GPIndividual@623989420{-746624577},3C_20_80-03.txt,169.439,0.100,16.944,12,16.797,99.13,1.400,4.578,0.000
26,ec.gp.GPIndividual@623989420{-746624577},3C_20_80-02.txt,35.738,0.100,3.574,3,4.703,131.60,1.568,4.578,0.000
26,ec.gp.GPIndividual@623989420{-746624577},3C_20_66-01.txt,7.322,0.100,0.732,5,2.813,384.11,0.563,4.578,0.000
26,ec.gp.GPIndividual@623989420{-746624577},3C_20_80-01.txt,4.194,0.100,0.419,2,1.156,275.66,0.578,4.578,0.000
26,ec.gp.GPIndividual@623989420{-746624577},3C_20_80-03.txt,169.439,0.100,16.944,6,1.547,9.13,0.258,4.578,0.000
26,ec.gp.GPIndividual@1847872235{563061557},3C_20_50-02.txt,61.404,0.100,6.140,13,6.656,108.40,0.512,1.266,0.000
26,ec.gp.GPIndividual@1847872235{563061557},3C_20_50-03.txt,30.993,0.100,3.099,4,3.984,128.56,0.996,3.203,0.000
26,ec.gp.GPIndividual@464998219{652640058},3C_20_50-02.txt,61.404,0.100,6.140,8,3.828,62.34,0.479,2.125,0.000
26,ec.gp.GPIndividual@464998219{652640058},3C_20_80-01.txt,4.194,0.100,0.419,5,0.375,89.40,0.075,2.125,0.000
26,ec.gp.GPIndividual@464998219{652640058},3C_20_50-03.txt,30.993,0.100,3.099,5,3.609,116.46,0.722,2.141,0.000
26,ec.gp.GPIndividual@464998219{652640058},3C_20_66-02.txt,154.245,0.100,15.424,15,16.609,107.68,1.107,2.969,0.000
26,ec.gp.GPIndividual@464998219{652640058},3C_20_66-03.txt,118.340,0.100,11.834,8,8.813,74.47,1.102,3.781,0.000
26,ec.gp.GPIndividual@464998219{652640058},3C_20_66-01.txt,7.322,0.100,0.732,2,3.953,539.88,1.977,3.953,0.000
26,ec.gp.GPIndividual@464998219{652640058},3C_20_80-02.txt,35.738,0.100,3.574,6,3.922,109.74,0.654,3.953,0.000
26,ec.gp.GPIndividual@464998219{652640058},3C_20_80-01.txt,4.194,0.100,0.419,4,1.000,238.41,0.250,3.953,0.000
26,ec.gp.GPIndividual@464998219{652640058},3C_20_66-02.txt,154.245,0.100,15.424,17,15.922,103.22,0.937,4.484,0.000
26,ec.gp.GPIndividual@464998219{652640058},3C_20_80-03.txt,169.439,0.100,16.944,8,17.609,103.93,2.201,5.609,0.000
26,ec.gp.GPIndividual@464998219{652640058},3C_20_80-02.txt,35.738,0.100,3.574,2,4.078,114.11,2.039,5.609,0.000
26,ec.gp.GPIndividual@837380784{1576096798},3C_20_50-02.txt,61.404,0.100,6.140,8,0.406,6.62,0.051,0.234,0.000
26,ec.gp.GPIndividual@837380784{1576096798},3C_20_50-03.txt,30.993,0.100,3.099,7,2.563,82.68,0.366,0.969,0.000
26,ec.gp.GPIndividual@837380784{1576096798},3C_20_66-01.txt,7.322,0.100,0.732,7,0.594,81.09,0.085,0.969,0.000
26,ec.gp.GPIndividual@837380784{1576096798},3C_20_66-02.txt,154.245,0.100,15.424,11,12.203,79.12,1.109,5.281,0.000
26,ec.gp.GPIndividual@837380784{1576096798},3C_20_66-03.txt,118.340,0.100,11.834,9,10.453,88.33,1.161,5.281,0.000
26,ec.gp.GPIndividual@837380784{1576096798},3C_20_80-01.txt,4.194,0.100,0.419,7,0.406,96.85,0.058,5.281,0.000
26,ec.gp.GPIndividual@837380784{1576096798},3C_20_80-02.txt,35.738,0.100,3.574,11,3.063,85.69,0.278,5.281,0.000
26,ec.gp.GPIndividual@837380784{1576096798},3C_20_80-03.txt,169.439,0.100,16.944,7,13.500,79.67,1.929,6.484,0.000
26,ec.gp.GPIndividual@126141253{1253166341},3C_20_50-02.txt,61.404,0.100,6.140,8,0.422,6.87,0.053,0.234,0.000
26,ec.gp.GPIndividual@126141253{1253166341},3C_20_50-03.txt,30.993,0.100,3.099,7,2.547,82.18,0.364,0.938,0.000
26,ec.gp.GPIndividual@126141253{1253166341},3C_20_66-01.txt,7.322,0.100,0.732,7,0.609,83.22,0.087,0.938,0.000
26,ec.gp.GPIndividual@126141253{1253166341},3C_20_66-02.txt,154.245,0.100,15.424,11,12.172,78.91,1.107,5.266,0.000
26,ec.gp.GPIndividual@126141253{1253166341},3C_20_66-03.txt,118.340,0.100,11.834,9,10.469,88.46,1.163,5.266,0.000
26,ec.gp.GPIndividual@126141253{1253166341},3C_20_80-01.txt,4.194,0.100,0.419,7,0.391,93.13,0.056,5.266,0.000
26,ec.gp.GPIndividual@126141253{1253166341},3C_20_80-02.txt,35.738,0.100,3.574,11,3.063,85.69,0.278,5.266,0.000
26,ec.gp.GPIndividual@126141253{1253166341},3C_20_80-03.txt,169.439,0.100,16.944,7,13.484,79.58,1.926,6.484,0.000
27,ec.gp.GPIndividual@1575957182{1172528366},3C_20_50-02.txt,61.404,0.100,6.140,11,6.703,109.16,0.609,1.672,0.000
27,ec.gp.GPIndividual@1575957182{1172528366},3C_20_50-03.txt,30.993,0.100,3.099,3,5.438,175.45,1.813,1.813,0.000
27,ec.gp.GPIndividual@1575957182{1172528366},3C_20_50-03.txt,30.993,0.100,3.099,14,3.719,119.99,0.266,1.813,0.000
27,ec.gp.GPIndividual@1575957182{1172528366},3C_20_50-03.txt,30.993,0.100,3.099,3,0.453,14.62,0.151,1.813,0.000
27,ec.gp.GPIndividual@1575957182{1172528366},3C_20_50-03.txt,30.993,0.100,3.099,7,3.422,110.41,0.489,1.813,0.000
27,ec.gp.GPIndividual@1575957182{1172528366},3C_20_50-03.txt,30.993,0.100,3.099,3,0.250,8.07,0.083,1.813,0.000
27,ec.gp.GPIndividual@1575957182{1172528366},3C_20_50-03.txt,30.993,0.100,3.099,5,3.250,104.86,0.650,1.813,0.000
27,ec.gp.GPIndividual@1575957182{1172528366},3C_20_66-01.txt,7.322,0.100,0.732,3,2.656,362.77,0.885,1.813,0.000
27,ec.gp.GPIndividual@1575957182{1172528366},3C_20_66-01.txt,7.322,0.100,0.732,1,1.328,181.38,1.328,1.813,0.000
27,ec.gp.GPIndividual@1575957182{1172528366},3C_20_66-01.txt,7.322,0.100,0.732,6,2.906,396.91,0.484,1.813,0.000
27,ec.gp.GPIndividual@1575957182{1172528366},3C_20_66-01.txt,7.322,0.100,0.732,7,2.313,315.82,0.330,1.813,0.000
27,ec.gp.GPIndividual@1575957182{1172528366},3C_20_66-01.txt,7.322,0.100,0.732,7,2.250,307.29,0.321,1.813,0.000
27,ec.gp.GPIndividual@1575957182{1172528366},3C_20_66-02.txt,154.245,0.100,15.424,16,15.406,99.88,0.963,3.391,0.000
27,ec.gp.GPIndividual@1575957182{1172528366},3C_20_66-02.txt,154.245,0.100,15.424,5,2.797,18.13,0.559,3.391,0.000
27,ec.gp.GPIndividual@1575957182{1172528366},3C_20_66-03.txt,118.340,0.100,11.834,4,17.703,149.60,4.426,6.281,0.000
27,ec.gp.GPIndividual@1575957182{1172528366},3C_20_66-02.txt,154.245,0.100,15.424,11,16.734,108.49,1.521,6.281,0.000
27,ec.gp.GPIndividual@1575957182{1172528366},3C_20_80-01.txt,4.194,0.100,0.419,3,5.625,1341.05,1.875,6.281,0.000
27,ec.gp.GPIndividual@1575957182{1172528366},3C_20_66-01.txt,7.322,0.100,0.732,3,0.156,21.34,0.052,6.281,0.000
27,ec.gp.GPIndividual@1575957182{1172528366},3C_20_80-02.txt,35.738,0.100,3.574,3,4.141,115.86,1.380,6.281,0.000
27,ec.gp.GPIndividual@1575957182{1172528366},3C_20_66-02.txt,154.245,0.100,15.424,10,17.063,110.62,1.706,6.281,0.000
27,ec.gp.GPIndividual@1575957182{1172528366},3C_20_66-03.txt,118.340,0.100,11.834,5,5.625,47.53,1.125,6.281,0.000
27,ec.gp.GPIndividual@1575957182{1172528366},3C_20_66-02.txt,154.245,0.100,15.424,12,19.375,125.61,1.615,6.281,0.000
27,ec.gp.GPIndividual@1575957182{1172528366},3C_20_80-01.txt,4.194,0.100,0.419,3,1.156,275.66,0.385,6.281,0.000
27,ec.gp.GPIndividual@1575957182{1172528366},3C_20_66-03.txt,118.340,0.100,11.834,5,2.594,21.92,0.519,6.281,0.000
27,ec.gp.GPIndividual@1575957182{1172528366},3C_20_80-03.txt,169.439,0.100,16.944,9,19.703,116.28,2.189,6.281,0.000
27,ec.gp.GPIndividual@1575957182{1172528366},3C_20_66-03.txt,118.340,0.100,11.834,7,17.141,144.84,2.449,6.281,0.000
27,ec.gp.GPIndividual@1356230022{-773969579},3C_20_50-02.txt,61.404,0.100,6.140,3,0.344,5.60,0.115,0.344,0.000
27,ec.gp.GPIndividual@1356230022{-773969579},3C_20_66-03.txt,118.340,0.100,11.834,7,9.516,80.41,1.359,4.469,0.000
27,ec.gp.GPIndividual@1356230022{-773969579},3C_20_66-02.txt,154.245,0.100,15.424,9,10.984,71.21,1.220,4.813,0.000
27,ec.gp.GPIndividual@1356230022{-773969579},3C_20_50-03.txt,30.993,0.100,3.099,3,8.297,267.71,2.766,4.813,0.000
27,ec.gp.GPIndividual@1356230022{-773969579},3C_20_80-01.txt,4.194,0.100,0.419,4,3.016,718.95,0.754,4.813,0.000
27,ec.gp.GPIndividual@1356230022{-773969579},3C_20_66-03.txt,118.340,0.100,11.834,15,11.969,101.14,0.798,4.813,0.000
27,ec.gp.GPIndividual@1356230022{-773969579},3C_20_80-02.txt,35.738,0.100,3.574,4,4.188,117.17,1.047,4.813,0.000
27,ec.gp.GPIndividual@1356230022{-773969579},3C_20_66-01.txt,7.322,0.100,0.732,2,3.859,527.08,1.930,4.813,0.000
27,ec.gp.GPIndividual@1356230022{-773969579},3C_20_80-02.txt,35.738,0.100,3.574,5,6.094,170.51,1.219,4.813,0.000
27,ec.gp.GPIndividual@1356230022{-773969579},3C_20_80-01.txt,4.194,0.100,0.419,5,6.672,1590.63,1.334,4.875,0.000
27,ec.gp.GPIndividual@1356230022{-773969579},3C_20_80-03.txt,169.439,0.100,16.944,13,17.656,104.20,1.358,4.875,0.000
27,ec.gp.GPIndividual@1356230022{-773969579},3C_20_80-02.txt,35.738,0.100,3.574,4,5.750,160.89,1.438,4.875,0.000
27,ec.gp.GPIndividual@1356230022{-773969579},3C_20_80-01.txt,4.194,0.100,0.419,3,0.953,227.23,0.318,4.875,0.000
27,ec.gp.GPIndividual@1356230022{-773969579},3C_20_80-01.txt,4.194,0.100,0.419,5,0.625,149.01,0.125,4.875,0.000
27,ec.gp.GPIndividual@1356230022{-773969579},3C_20_80-02.txt,35.738,0.100,3.574,6,9.047,253.14,1.508,5.641,0.000
27,ec.gp.GPIndividual@880715826{-1510998569},3C_20_50-02.txt,61.404,0.100,6.140,10,7.094,115.53,0.709,1.609,0.000
27,ec.gp.GPIndividual@880715826{-1510998569},3C_20_80-03.txt,169.439,0.100,16.944,6,2.500,14.75,0.417,1.609,0.000
27,ec.gp.GPIndividual@880715826{-1510998569},3C_20_80-03.txt,169.439,0.100,16.944,13,8.641,51.00,0.665,1.672,0.000
27,ec.gp.GPIndividual@880715826{-1510998569},3C_20_50-03.txt,30.993,0.100,3.099,5,3.188,102.85,0.638,1.672,0.000
27,ec.gp.GPIndividual@880715826{-1510998569},3C_20_80-02.txt,35.738,0.100,3.574,4,8.641,241.78,2.160,5.734,0.000
27,ec.gp.GPIndividual@705443490{-1927893449},3C_20_50-02.txt,61.404,0.100,6.140,7,10.625,173.03,1.518,5.906,0.000
27,ec.gp.GPIndividual@2021322963{-1927893449},3C_20_50-02.txt,61.404,0.100,6.140,3,7.109,115.78,2.370,6.250,0.000
27,ec.gp.GPIndividual@2021322963{-1927893449},3C_20_66-02.txt,154.245,0.100,15.424,17,16.125,104.54,0.949,6.250,0.000
27,ec.gp.GPIndividual@2021322963{-1927893449},3C_20_66-03.txt,118.340,0.100,11.834,3,0.328,2.77,0.109,6.250,0.000
27,ec.gp.GPIndividual@2021322963{-1927893449},3C_20_50-03.txt,30.993,0.100,3.099,6,3.219,103.86,0.536,6.250,0.000
27,ec.gp.GPIndividual@2021322963{-1927893449},3C_20_50-03.txt,30.993,0.100,3.099,6,6.656,214.77,1.109,6.250,0.000
27,ec.gp.GPIndividual@2021322963{-1927893449},3C_20_66-01.txt,7.322,0.100,0.732,3,1.016,138.71,0.339,6.250,0.000
27,ec.gp.GPIndividual@2021322963{-1927893449},3C_20_80-03.txt,169.439,0.100,16.944,5,5.859,34.58,1.172,6.250,0.000
27,ec.gp.GPIndividual@2021322963{-1927893449},3C_20_80-03.txt,169.439,0.100,16.944,9,18.656,110.11,2.073,6.250,0.000
27,ec.gp.GPIndividual@2021322963{-1927893449},3C_20_66-01.txt,7.322,0.100,0.732,4,1.734,236.87,0.434,6.250,0.000
27,ec.gp.GPIndividual@2021322963{-1927893449},3C_20_66-02.txt,154.245,0.100,15.424,7,16.109,104.44,2.301,6.250,0.000
27,ec.gp.GPIndividual@2021322963{-1927893449},3C_20_80-01.txt,4.194,0.100,0.419,4,1.656,394.86,0.414,6.250,0.000
27,ec.gp.GPIndividual@2021322963{-1927893449},3C_20_66-02.txt,154.245,0.100,15.424,12,15.984,103.63,1.332,6.250,0.000
27,ec.gp.GPIndividual@165911142{-1139049868},3C_20_50-02.txt,61.404,0.100,6.140,6,9.422,153.44,1.570,5.828,0.000
27,ec.gp.GPIndividual@165911142{-1139049868},3C_20_66-01.txt,7.322,0.100,0.732,5,1.813,247.54,0.363,5.828,0.000
27,ec.gp.GPIndividual@165911142{-1139049868},3C_20_80-02.txt,35.738,0.100,3.574,6,4.000,111.93,0.667,5.828,0.000
27,ec.gp.GPIndividual@165911142{-1139049868},3C_20_50-03.txt,30.993,0.100,3.099,3,6.141,198.13,2.047,5.828,0.000
27,ec.gp.GPIndividual@2545615{-1671303119},3C_20_50-02.txt,61.404,0.100,6.140,9,6.391,104.07,0.710,1.453,0.000
27,ec.gp.GPIndividual@2545615{-1671303119},3C_20_66-01.txt,7.322,0.100,0.732,3,0.844,115.23,0.281,1.453,0.000
27,ec.gp.GPIndividual@2545615{-1671303119},3C_20_66-03.txt,118.340,0.100,11.834,12,12.734,107.61,1.061,1.766,0.000
27,ec.gp.GPIndividual@2545615{-1671303119},3C_20_66-03.txt,118.340,0.100,11.834,10,4.609,38.95,0.461,1.766,0.000
27,ec.gp.GPIndividual@2545615{-1671303119},3C_20_50-03.txt,30.993,0.100,3.099,2,4.281,138.14,2.141,4.281,0.000
27,ec.gp.GPIndividual@2545615{-1671303119},3C_20_66-02.txt,154.245,0.100,15.424,9,10.734,69.59,1.193,4.906,0.000
27,ec.gp.GPIndividual@2545615{-1671303119},3C_20_66-02.txt,154.245,0.100,15.424,9,17.109,110.92,1.901,4.906,0.000
27,ec.gp.GPIndividual@2545615{-1671303119},3C_20_66-03.txt,118.340,0.100,11.834,6,6.719,56.78,1.120,5.313,0.000
27,ec.gp.GPIndividual@2545615{-1671303119},3C_20_80-03.txt,169.439,0.100,16.944,9,19.375,114.35,2.153,5.313,0.000
27,ec.gp.GPIndividual@2545615{-1671303119},3C_20_80-01.txt,4.194,0.100,0.419,5,1.547,368.79,0.309,5.313,0.000
27,ec.gp.GPIndividual@2545615{-1671303119},3C_20_80-02.txt,35.738,0.100,3.574,2,4.141,115.86,2.070,5.313,0.000
27,ec.gp.GPIndividual@2545615{-1671303119},3C_20_66-01.txt,7.322,0.100,0.732,4,4.547,620.97,1.137,5.313,0.000
27,ec.gp.GPIndividual@2545615{-1671303119},3C_20_66-02.txt,154.245,0.100,15.424,8,16.047,104.04,2.006,5.984,0.000
27,ec.gp.GPIndividual@2545615{-1671303119},3C_20_66-03.txt,118.340,0.100,11.834,9,15.453,130.58,1.717,5.984,0.000
27,ec.gp.GPIndividual@2545615{-1671303119},3C_20_80-01.txt,4.194,0.100,0.419,3,0.703,167.63,0.234,5.984,0.000
27,ec.gp.GPIndividual@1598176974{-868607603},3C_20_50-02.txt,61.404,0.100,6.140,10,6.844,111.45,0.684,2.656,0.000
27,ec.gp.GPIndividual@1598176974{-868607603},3C_20_80-03.txt,169.439,0.100,16.944,6,4.469,26.37,0.745,3.656,0.000
27,ec.gp.GPIndividual@1598176974{-868607603},3C_20_66-03.txt,118.340,0.100,11.834,11,10.141,85.69,0.922,4.844,0.000
27,ec.gp.GPIndividual@1598176974{-868607603},3C_20_50-03.txt,30.993,0.100,3.099,3,3.219,103.86,1.073,4.844,0.000
27,ec.gp.GPIndividual@1598176974{-868607603},3C_20_80-01.txt,4.194,0.100,0.419,4,0.531,126.65,0.133,4.844,0.000
27,ec.gp.GPIndividual@1598176974{-868607603},3C_20_80-02.txt,35.738,0.100,3.574,6,4.547,127.23,0.758,4.844,0.000
27,ec.gp.GPIndividual@1598176974{-868607603},3C_20_80-02.txt,35.738,0.100,3.574,5,6.563,183.63,1.313,4.844,0.000
27,ec.gp.GPIndividual@1598176974{-868607603},3C_20_80-01.txt,4.194,0.100,0.419,4,6.141,1463.98,1.535,5.797,0.000
27,ec.gp.GPIndividual@1940245760{2076052470},3C_20_50-02.txt,61.404,0.100,6.140,7,10.188,165.91,1.455,6.469,0.000
27,ec.gp.GPIndividual@1940245760{2076052470},3C_20_80-01.txt,4.194,0.100,0.419,4,1.516,361.34,0.379,6.469,0.000
27,ec.gp.GPIndividual@1940245760{2076052470},3C_20_80-02.txt,35.738,0.100,3.574,5,4.266,119.36,0.853,6.469,0.000
27,ec.gp.GPIndividual@1940245760{2076052470},3C_20_66-01.txt,7.322,0.100,0.732,2,1.656,226.20,0.828,6.469,0.000
27,ec.gp.GPIndividual@1940245760{2076052470},3C_20_50-03.txt,30.993,0.100,3.099,10,3.188,102.85,0.319,6.469,0.000
27,ec.gp.GPIndividual@1940245760{2076052470},3C_20_80-02.txt,35.738,0.100,3.574,6,3.984,111.49,0.664,6.469,0.000
27,ec.gp.GPIndividual@1940245760{2076052470},3C_20_80-03.txt,169.439,0.100,16.944,6,3.594,21.21,0.599,6.469,0.000
27,ec.gp.GPIndividual@1940245760{2076052470},3C_20_80-03.txt,169.439,0.100,16.944,11,16.641,98.21,1.513,6.469,0.000
27,ec.gp.GPIndividual@1940245760{2076052470},3C_20_66-01.txt,7.322,0.100,0.732,3,0.516,70.42,0.172,6.469,0.000
27,ec.gp.GPIndividual@1940245760{2076052470},3C_20_66-02.txt,154.245,0.100,15.424,6,18.844,122.17,3.141,6.469,0.000
27,ec.gp.GPIndividual@1581678662{258782493},3C_20_50-02.txt,61.404,0.100,6.140,6,5.469,89.06,0.911,2.406,0.000
27,ec.gp.GPIndividual@1581678662{258782493},3C_20_66-03.txt,118.340,0.100,11.834,13,11.781,99.55,0.906,3.313,0.000
27,ec.gp.GPIndividual@338348974{-1793588554},3C_20_50-02.txt,61.404,0.100,6.140,5,2.297,37.41,0.459,1.766,0.000
27,ec.gp.GPIndividual@338348974{-1793588554},3C_20_66-02.txt,154.245,0.100,15.424,8,16.125,104.54,2.016,4.781,0.000
27,ec.gp.GPIndividual@338348974{-1793588554},3C_20_80-01.txt,4.194,0.100,0.419,2,0.516,122.93,0.258,4.781,0.000
27,ec.gp.GPIndividual@338348974{-1793588554},3C_20_50-03.txt,30.993,0.100,3.099,6,5.531,178.47,0.922,4.781,0.000
27,ec.gp.GPIndividual@338348974{-1793588554},3C_20_50-03.txt,30.993,0.100,3.099,4,1.781,57.47,0.445,4.781,0.000
27,ec.gp.GPIndividual@338348974{-1793588554},3C_20_80-03.txt,169.439,0.100,16.944,12,17.438,102.91,1.453,4.781,0.000
27,ec.gp.GPIndividual@338348974{-1793588554},3C_20_66-01.txt,7.322,0.100,0.732,3,2.734,373.44,0.911,4.781,0.000
27,ec.gp.GPIndividual@338348974{-1793588554},3C_20_80-03.txt,169.439,0.100,16.944,8,17.609,103.93,2.201,6.203,0.000
27,ec.gp.GPIndividual@919299048{1100285115},3C_20_50-02.txt,61.404,0.100,6.140,7,6.359,103.57,0.908,1.484,0.000
27,ec.gp.GPIndividual@919299048{1100285115},3C_20_66-03.txt,118.340,0.100,11.834,6,4.813,40.67,0.802,2.672,0.000
27,ec.gp.GPIndividual@919299048{1100285115},3C_20_66-01.txt,7.322,0.100,0.732,2,2.297,313.69,1.148,2.672,0.000
27,ec.gp.GPIndividual@919299048{1100285115},3C_20_80-02.txt,35.738,0.100,3.574,9,3.672,102.74,0.408,2.672,0.000
27,ec.gp.GPIndividual@919299048{1100285115},3C_20_50-03.txt,30.993,0.100,3.099,3,0.156,5.04,0.052,2.672,0.000
27,ec.gp.GPIndividual@919299048{1100285115},3C_20_66-02.txt,154.245,0.100,15.424,10,15.469,100.29,1.547,5.656,0.000
27,ec.gp.GPIndividual@919299048{1100285115},3C_20_66-03.txt,118.340,0.100,11.834,5,8.922,75.39,1.784,5.656,0.000
27,ec.gp.GPIndividual@919299048{1100285115},3C_20_80-03.txt,169.439,0.100,16.944,4,4.438,26.19,1.109,5.656,0.000
27,ec.gp.GPIndividual@919299048{1100285115},3C_20_66-02.txt,154.245,0.100,15.424,7,17.188,111.43,2.455,5.656,0.000
27,ec.gp.GPIndividual@919299048{1100285115},3C_20_66-03.txt,118.340,0.100,11.834,5,18.031,152.37,3.606,6.078,0.000
27,ec.gp.GPIndividual@181786790{-1927893449},3C_20_50-02.txt,61.404,0.100,6.140,3,1.969,32.06,0.656,1.609,0.000
27,ec.gp.GPIndividual@1377478362{868241219},3C_20_50-02.txt,61.404,0.100,6.140,4,10.078,164.13,2.520,4.859,0.000
27,ec.gp.GPIndividual@1377478362{868241219},3C_20_80-01.txt,4.194,0.100,0.419,3,1.969,469.37,0.656,4.859,0.000
27,ec.gp.GPIndividual@1377478362{868241219},3C_20_50-03.txt,30.993,0.100,3.099,5,3.125,100.83,0.625,4.859,0.000
27,ec.gp.GPIndividual@1377478362{868241219},3C_20_80-01.txt,4.194,0.100,0.419,3,2.531,603.47,0.844,4.859,0.000
27,ec.gp.GPIndividual@1377478362{868241219},3C_20_50-03.txt,30.993,0.100,3.099,3,0.484,15.63,0.161,4.859,0.000
27,ec.gp.GPIndividual@1377478362{868241219},3C_20_80-02.txt,35.738,0.100,3.574,1,4.094,114.55,4.094,4.859,0.000
27,ec.gp.GPIndividual@1377478362{868241219},3C_20_66-01.txt,7.322,0.100,0.732,4,1.844,251.80,0.461,4.859,0.000
27,ec.gp.GPIndividual@1377478362{868241219},3C_20_66-02.txt,154.245,0.100,15.424,11,17.688,114.67,1.608,4.859,0.000
27,ec.gp.GPIndividual@1377478362{868241219},3C_20_66-01.txt,7.322,0.100,0.732,2,1.672,228.33,0.836,4.859,0.000
27,ec.gp.GPIndividual@1377478362{868241219},3C_20_80-03.txt,169.439,0.100,16.944,13,18.109,106.88,1.393,4.859,0.000
27,ec.gp.GPIndividual@1377478362{868241219},3C_20_80-02.txt,35.738,0.100,3.574,4,1.063,29.73,0.266,4.859,0.000
27,ec.gp.GPIndividual@1377478362{868241219},3C_20_66-03.txt,118.340,0.100,11.834,11,11.813,99.82,1.074,4.859,0.000
27,ec.gp.GPIndividual@1377478362{868241219},3C_20_66-02.txt,154.245,0.100,15.424,5,10.438,67.67,2.088,5.891,0.000
27,ec.gp.GPIndividual@1377478362{868241219},3C_20_66-01.txt,7.322,0.100,0.732,3,2.797,381.97,0.932,5.891,0.000
27,ec.gp.GPIndividual@1377478362{868241219},3C_20_80-03.txt,169.439,0.100,16.944,12,16.984,100.24,1.415,5.891,0.000
27,ec.gp.GPIndividual@1377478362{868241219},3C_20_66-03.txt,118.340,0.100,11.834,4,2.500,21.13,0.625,5.891,0.000
27,ec.gp.GPIndividual@1330287238{-1653600483},3C_20_50-02.txt,61.404,0.100,6.140,3,6.297,102.55,2.099,5.813,0.000
27,ec.gp.GPIndividual@1330287238{-1653600483},3C_20_80-01.txt,4.194,0.100,0.419,3,0.484,115.48,0.161,5.813,0.000
27,ec.gp.GPIndividual@1330287238{-1653600483},3C_20_80-02.txt,35.738,0.100,3.574,3,6.000,167.89,2.000,5.813,0.000
27,ec.gp.GPIndividual@1330287238{-1653600483},3C_20_80-01.txt,4.194,0.100,0.419,3,1.219,290.56,0.406,5.813,0.000
27,ec.gp.GPIndividual@1330287238{-1653600483},3C_20_66-02.txt,154.245,0.100,15.424,13,13.109,84.99,1.008,6.375,0.000
27,ec.gp.GPIndividual@1330287238{-1653600483},3C_20_50-03.txt,30.993,0.100,3.099,3,4.609,148.73,1.536,6.375,0.000
27,ec.gp.GPIndividual@1330287238{-1653600483},3C_20_80-03.txt,169.439,0.100,16.944,11,15.063,88.90,1.369,6.375,0.000
27,ec.gp.GPIndividual@1330287238{-1653600483},3C_20_80-02.txt,35.738,0.100,3.574,4,7.063,197.62,1.766,6.375,0.000
27,ec.gp.GPIndividual@1330287238{-1653600483},3C_20_66-01.txt,7.322,0.100,0.732,5,0.813,110.96,0.163,6.375,0.000
27,ec.gp.GPIndividual@1076308842{-268396543},3C_20_50-02.txt,61.404,0.100,6.140,0,0.000,0.00,0.000,0.000,0.000
27,ec.gp.GPIndividual@1076308842{-268396543},3C_20_50-03.txt,30.993,0.100,3.099,0,0.000,0.00,0.000,0.000,0.000
27,ec.gp.GPIndividual@1076308842{-268396543},3C_20_66-01.txt,7.322,0.100,0.732,0,0.000,0.00,0.000,0.000,0.000
27,ec.gp.GPIndividual@1076308842{-268396543},3C_20_66-02.txt,154.245,0.100,15.424,0,0.000,0.00,0.000,0.000,0.000
27,ec.gp.GPIndividual@1076308842{-268396543},3C_20_66-03.txt,118.340,0.100,11.834,0,0.000,0.00,0.000,0.000,0.000
27,ec.gp.GPIndividual@1076308842{-268396543},3C_20_80-01.txt,4.194,0.100,0.419,0,0.000,0.00,0.000,0.000,0.000
27,ec.gp.GPIndividual@1076308842{-268396543},3C_20_80-02.txt,35.738,0.100,3.574,0,0.000,0.00,0.000,0.000,0.000
27,ec.gp.GPIndividual@1076308842{-268396543},3C_20_80-03.txt,169.439,0.100,16.944,0,0.000,0.00,0.000,0.000,0.000
27,ec.gp.GPIndividual@1685691154{1908759927},3C_20_50-02.txt,61.404,0.100,6.140,7,8.156,132.83,1.165,4.875,0.000
27,ec.gp.GPIndividual@1685691154{1908759927},3C_20_80-01.txt,4.194,0.100,0.419,5,1.891,450.74,0.378,4.875,0.000
27,ec.gp.GPIndividual@1685691154{1908759927},3C_20_80-02.txt,35.738,0.100,3.574,4,4.063,113.67,1.016,4.875,0.000
27,ec.gp.GPIndividual@1685691154{1908759927},3C_20_66-03.txt,118.340,0.100,11.834,9,11.203,94.67,1.245,6.094,0.000
27,ec.gp.GPIndividual@1685691154{1908759927},3C_20_66-02.txt,154.245,0.100,15.424,9,17.578,113.96,1.953,6.094,0.000
27,ec.gp.GPIndividual@1685691154{1908759927},3C_20_80-01.txt,4.194,0.100,0.419,2,2.625,625.82,1.313,6.094,0.000
27,ec.gp.GPIndividual@1685691154{1908759927},3C_20_50-03.txt,30.993,0.100,3.099,5,3.172,102.34,0.634,6.094,0.000
27,ec.gp.GPIndividual@1685691154{1908759927},3C_20_66-03.txt,118.340,0.100,11.834,12,11.125,94.01,0.927,6.094,0.000
27,ec.gp.GPIndividual@326980831{-2067232784},3C_20_50-02.txt,61.404,0.100,6.140,5,8.516,138.68,1.703,3.188,0.000
27,ec.gp.GPIndividual@326980831{-2067232784},3C_20_66-01.txt,7.322,0.100,0.732,4,0.656,89.62,0.164,3.188,0.000
27,ec.gp.GPIndividual@326980831{-2067232784},3C_20_80-03.txt,169.439,0.100,16.944,9,17.016,100.42,1.891,4.891,0.000
27,ec.gp.GPIndividual@326980831{-2067232784},3C_20_80-03.txt,169.439,0.100,16.944,10,19.828,117.02,1.983,6.047,0.000
27,ec.gp.GPIndividual@1629644594{1791729478},3C_20_50-02.txt,61.404,0.100,6.140,4,6.281,102.29,1.570,4.563,0.000
27,ec.gp.GPIndividual@1629644594{1791729478},3C_20_80-01.txt,4.194,0.100,0.419,3,3.234,771.10,1.078,4.563,0.000
27,ec.gp.GPIndividual@1629644594{1791729478},3C_20_50-03.txt,30.993,0.100,3.099,7,4.641,149.73,0.663,4.563,0.000
27,ec.gp.GPIndividual@1629644594{1791729478},3C_20_50-03.txt,30.993,0.100,3.099,2,6.125,197.63,3.063,6.125,0.000
27,ec.gp.GPIndividual@562315448{-533834882},3C_20_50-02.txt,61.404,0.100,6.140,3,2.859,46.57,0.953,1.469,0.000
27,ec.gp.GPIndividual@562315448{-533834882},3C_20_80-02.txt,35.738,0.100,3.574,7,3.844,107.55,0.549,1.469,0.000
27,ec.gp.GPIndividual@562315448{-533834882},3C_20_66-02.txt,154.245,0.100,15.424,4,2.250,14.59,0.563,1.469,0.000
27,ec.gp.GPIndividual@562315448{-533834882},3C_20_66-01.txt,7.322,0.100,0.732,5,0.609,83.22,0.122,1.469,0.000
27,ec.gp.GPIndividual@562315448{-533834882},3C_20_66-02.txt,154.245,0.100,15.424,12,14.953,96.94,1.246,2.453,0.000
27,ec.gp.GPIndividual@562315448{-533834882},3C_20_66-03.txt,118.340,0.100,11.834,10,13.266,112.10,1.327,3.906,0.000
27,ec.gp.GPIndividual@562315448{-533834882},3C_20_80-03.txt,169.439,0.100,16.944,7,5.453,32.18,0.779,3.906,0.000
27,ec.gp.GPIndividual@562315448{-533834882},3C_20_50-03.txt,30.993,0.100,3.099,7,3.016,97.30,0.431,3.906,0.000
27,ec.gp.GPIndividual@562315448{-533834882},3C_20_66-03.txt,118.340,0.100,11.834,6,9.453,79.88,1.576,4.844,0.000
27,ec.gp.GPIndividual@562315448{-533834882},3C_20_80-01.txt,4.194,0.100,0.419,3,0.344,81.95,0.115,4.844,0.000
27,ec.gp.GPIndividual@562315448{-533834882},3C_20_80-02.txt,35.738,0.100,3.574,5,8.625,241.34,1.725,5.984,0.000
27,ec.gp.GPIndividual@1820981083{1991963171},3C_20_50-02.txt,61.404,0.100,6.140,4,6.469,105.35,1.617,3.766,0.422
27,ec.gp.GPIndividual@1820981083{1991963171},3C_20_66-03.txt,118.340,0.100,11.834,10,12.453,105.23,1.245,6.172,0.000
27,ec.gp.GPIndividual@1820981083{1991963171},3C_20_50-03.txt,30.993,0.100,3.099,3,4.016,129.57,1.339,6.172,0.000
27,ec.gp.GPIndividual@1820981083{1991963171},3C_20_80-01.txt,4.194,0.100,0.419,2,1.031,245.86,0.516,6.172,0.000
27,ec.gp.GPIndividual@1820981083{1991963171},3C_20_66-02.txt,154.245,0.100,15.424,9,16.375,106.16,1.819,6.172,0.000
27,ec.gp.GPIndividual@1820981083{1991963171},3C_20_80-03.txt,169.439,0.100,16.944,11,18.844,111.21,1.713,6.172,0.000
27,ec.gp.GPIndividual@1820981083{1991963171},3C_20_66-01.txt,7.322,0.100,0.732,1,4.656,635.91,4.656,6.172,0.000
27,ec.gp.GPIndividual@1099208258{1115378965},3C_20_50-02.txt,61.404,0.100,6.140,1,0.000,0.00,0.000,0.000,0.000
27,ec.gp.GPIndividual@1099208258{1115378965},3C_20_50-03.txt,30.993,0.100,3.099,1,0.000,0.00,0.000,0.000,0.000
27,ec.gp.GPIndividual@1099208258{1115378965},3C_20_66-01.txt,7.322,0.100,0.732,1,0.000,0.00,0.000,0.000,0.000
27,ec.gp.GPIndividual@1099208258{1115378965},3C_20_66-02.txt,154.245,0.100,15.424,1,0.000,0.00,0.000,0.000,0.000
27,ec.gp.GPIndividual@1099208258{1115378965},3C_20_66-03.txt,118.340,0.100,11.834,1,0.000,0.00,0.000,0.000,0.000
27,ec.gp.GPIndividual@1099208258{1115378965},3C_20_80-01.txt,4.194,0.100,0.419,1,0.000,0.00,0.000,0.000,0.000
27,ec.gp.GPIndividual@1099208258{1115378965},3C_20_80-02.txt,35.738,0.100,3.574,1,0.000,0.00,0.000,0.000,0.000
27,ec.gp.GPIndividual@1099208258{1115378965},3C_20_80-03.txt,169.439,0.100,16.944,1,0.000,0.00,0.000,0.000,0.000
27,ec.gp.GPIndividual@546331652{-124072846},3C_20_50-02.txt,61.404,0.100,6.140,7,7.313,119.09,1.045,2.484,0.000
27,ec.gp.GPIndividual@546331652{-124072846},3C_20_80-01.txt,4.194,0.100,0.419,1,1.078,257.03,1.078,2.484,0.000
27,ec.gp.GPIndividual@546331652{-124072846},3C_20_50-03.txt,30.993,0.100,3.099,4,0.797,25.71,0.199,2.484,0.000
27,ec.gp.GPIndividual@316496901{-1231867117},3C_20_50-02.txt,61.404,0.100,6.140,2,0.000,0.00,0.000,0.000,0.000
27,ec.gp.GPIndividual@316496901{-1231867117},3C_20_50-03.txt,30.993,0.100,3.099,2,0.000,0.00,0.000,0.000,0.000
27,ec.gp.GPIndividual@316496901{-1231867117},3C_20_66-01.txt,7.322,0.100,0.732,2,0.000,0.00,0.000,0.000,0.000
27,ec.gp.GPIndividual@316496901{-1231867117},3C_20_66-02.txt,154.245,0.100,15.424,2,0.000,0.00,0.000,0.000,0.000
27,ec.gp.GPIndividual@316496901{-1231867117},3C_20_66-03.txt,118.340,0.100,11.834,2,0.000,0.00,0.000,0.000,0.000
27,ec.gp.GPIndividual@316496901{-1231867117},3C_20_80-01.txt,4.194,0.100,0.419,2,0.000,0.00,0.000,0.000,0.000
27,ec.gp.GPIndividual@316496901{-1231867117},3C_20_80-02.txt,35.738,0.100,3.574,2,0.000,0.00,0.000,0.000,0.000
27,ec.gp.GPIndividual@316496901{-1231867117},3C_20_80-03.txt,169.439,0.100,16.944,2,0.000,0.00,0.000,0.000,0.000
27,ec.gp.GPIndividual@1129999985{1554872750},3C_20_50-02.txt,61.404,0.100,6.140,13,6.000,97.71,0.462,3.328,0.000
27,ec.gp.GPIndividual@1129999985{1554872750},3C_20_50-03.txt,30.993,0.100,3.099,4,1.641,52.94,0.410,3.328,0.000
27,ec.gp.GPIndividual@1129999985{1554872750},3C_20_66-02.txt,154.245,0.100,15.424,14,16.516,107.07,1.180,4.047,0.000
27,ec.gp.GPIndividual@1129999985{1554872750},3C_20_66-03.txt,118.340,0.100,11.834,7,7.359,62.19,1.051,4.688,0.000
27,ec.gp.GPIndividual@1129999985{1554872750},3C_20_66-01.txt,7.322,0.100,0.732,7,0.703,96.03,0.100,4.688,0.000
27,ec.gp.GPIndividual@1129999985{1554872750},3C_20_66-02.txt,154.245,0.100,15.424,14,15.078,97.75,1.077,4.688,0.000
27,ec.gp.GPIndividual@1129999985{1554872750},3C_20_66-03.txt,118.340,0.100,11.834,3,1.984,16.77,0.661,4.688,0.000
27,ec.gp.GPIndividual@1129999985{1554872750},3C_20_80-01.txt,4.194,0.100,0.419,6,0.438,104.30,0.073,4.688,0.000
27,ec.gp.GPIndividual@1129999985{1554872750},3C_20_80-02.txt,35.738,0.100,3.574,10,3.609,101.00,0.361,4.688,0.000
27,ec.gp.GPIndividual@1129999985{1554872750},3C_20_80-01.txt,4.194,0.100,0.419,4,0.406,96.85,0.102,4.688,0.000
27,ec.gp.GPIndividual@1129999985{1554872750},3C_20_80-03.txt,169.439,0.100,16.944,17,16.750,98.86,0.985,5.781,0.000
27,ec.gp.GPIndividual@1129999985{1554872750},3C_20_80-02.txt,35.738,0.100,3.574,7,3.594,100.56,0.513,5.781,0.000
27,ec.gp.GPIndividual@1129999985{1554872750},3C_20_80-03.txt,169.439,0.100,16.944,3,0.203,1.20,0.068,5.781,0.000
27,ec.gp.GPIndividual@786665937{-1893235069},3C_20_50-02.txt,61.404,0.100,6.140,10,0.438,7.12,0.044,0.234,0.000
27,ec.gp.GPIndividual@786665937{-1893235069},3C_20_50-03.txt,30.993,0.100,3.099,9,2.797,90.24,0.311,0.969,0.000
27,ec.gp.GPIndividual@786665937{-1893235069},3C_20_66-01.txt,7.322,0.100,0.732,9,0.688,93.89,0.076,0.969,0.000
27,ec.gp.GPIndividual@786665937{-1893235069},3C_20_66-02.txt,154.245,0.100,15.424,13,13.516,87.62,1.040,5.328,0.000
27,ec.gp.GPIndividual@786665937{-1893235069},3C_20_66-03.txt,118.340,0.100,11.834,11,11.031,93.22,1.003,5.328,0.000
27,ec.gp.GPIndividual@786665937{-1893235069},3C_20_80-01.txt,4.194,0.100,0.419,7,0.422,100.58,0.060,5.328,0.000
27,ec.gp.GPIndividual@786665937{-1893235069},3C_20_80-02.txt,35.738,0.100,3.574,13,3.281,91.81,0.252,5.328,0.000
27,ec.gp.GPIndividual@786665937{-1893235069},3C_20_80-03.txt,169.439,0.100,16.944,9,14.891,87.88,1.655,6.484,0.000
27,ec.gp.GPIndividual@1544190152{1968154130},3C_20_50-02.txt,61.404,0.100,6.140,10,0.484,7.89,0.048,0.234,0.000
27,ec.gp.GPIndividual@1544190152{1968154130},3C_20_50-03.txt,30.993,0.100,3.099,9,2.797,90.24,0.311,0.953,0.000
27,ec.gp.GPIndividual@1544190152{1968154130},3C_20_66-01.txt,7.322,0.100,0.732,9,0.672,91.76,0.075,0.953,0.000
27,ec.gp.GPIndividual@1544190152{1968154130},3C_20_66-02.txt,154.245,0.100,15.424,13,13.484,87.42,1.037,5.250,0.000
27,ec.gp.GPIndividual@1544190152{1968154130},3C_20_66-03.txt,118.340,0.100,11.834,11,11.016,93.08,1.001,5.250,0.000
27,ec.gp.GPIndividual@1544190152{1968154130},3C_20_80-01.txt,4.194,0.100,0.419,8,0.438,104.30,0.055,5.250,0.000
27,ec.gp.GPIndividual@1544190152{1968154130},3C_20_80-02.txt,35.738,0.100,3.574,13,3.281,91.81,0.252,5.250,0.000
27,ec.gp.GPIndividual@1544190152{1968154130},3C_20_80-03.txt,169.439,0.100,16.944,9,14.875,87.79,1.653,6.484,0.000
28,ec.gp.GPIndividual@2132442941{-1927893449},3C_20_50-02.txt,61.404,0.100,6.140,10,6.719,109.42,0.672,1.875,0.000
28,ec.gp.GPIndividual@2132442941{-1927893449},3C_20_50-03.txt,30.993,0.100,3.099,3,3.750,121.00,1.250,1.875,0.000
28,ec.gp.GPIndividual@2132442941{-1927893449},3C_20_50-03.txt,30.993,0.100,3.099,6,3.250,104.86,0.542,1.875,0.000
28,ec.gp.GPIndividual@2132442941{-1927893449},3C_20_50-03.txt,30.993,0.100,3.099,15,4.281,138.14,0.285,1.875,0.000
28,ec.gp.GPIndividual@2132442941{-1927893449},3C_20_66-01.txt,7.322,0.100,0.732,3,0.469,64.02,0.156,1.875,0.000
28,ec.gp.GPIndividual@2132442941{-1927893449},3C_20_50-03.txt,30.993,0.100,3.099,2,0.109,3.53,0.055,1.875,0.000
28,ec.gp.GPIndividual@2132442941{-1927893449},3C_20_66-01.txt,7.322,0.100,0.732,3,0.281,38.41,0.094,1.875,0.000
28,ec.gp.GPIndividual@2132442941{-1927893449},3C_20_50-03.txt,30.993,0.100,3.099,3,0.281,9.07,0.094,1.875,0.000
28,ec.gp.GPIndividual@2132442941{-1927893449},3C_20_50-03.txt,30.993,0.100,3.099,6,3.344,107.89,0.557,1.875,0.000
28,ec.gp.GPIndividual@2132442941{-1927893449},3C_20_66-02.txt,154.245,0.100,15.424,10,15.797,102.41,1.580,4.109,0.000
28,ec.gp.GPIndividual@2132442941{-1927893449},3C_20_66-01.txt,7.322,0.100,0.732,2,3.953,539.88,1.977,4.109,0.000
28,ec.gp.GPIndividual@2132442941{-1927893449},3C_20_66-01.txt,7.322,0.100,0.732,3,1.688,230.46,0.563,4.109,0.000
28,ec.gp.GPIndividual@2132442941{-1927893449},3C_20_66-02.txt,154.245,0.100,15.424,10,16.781,108.80,1.678,4.297,0.000
28,ec.gp.GPIndividual@2132442941{-1927893449},3C_20_66-03.txt,118.340,0.100,11.834,5,3.313,27.99,0.663,4.297,0.000
28,ec.gp.GPIndividual@2132442941{-1927893449},3C_20_66-03.txt,118.340,0.100,11.834,9,12.297,103.91,1.366,4.484,0.000
28,ec.gp.GPIndividual@2132442941{-1927893449},3C_20_66-02.txt,154.245,0.100,15.424,4,1.719,11.14,0.430,4.484,0.000
28,ec.gp.GPIndividual@2132442941{-1927893449},3C_20_66-01.txt,7.322,0.100,0.732,5,0.875,119.50,0.175,4.484,0.000
28,ec.gp.GPIndividual@2132442941{-1927893449},3C_20_66-02.txt,154.245,0.100,15.424,6,15.688,101.71,2.615,4.844,0.000
28,ec.gp.GPIndividual@2132442941{-1927893449},3C_20_66-03.txt,118.340,0.100,11.834,2,0.875,7.39,0.438,4.844,0.000
28,ec.gp.GPIndividual@2132442941{-1927893449},3C_20_80-01.txt,4.194,0.100,0.419,3,0.344,81.95,0.115,4.844,0.000
28,ec.gp.GPIndividual@2132442941{-1927893449},3C_20_80-02.txt,35.738,0.100,3.574,8,6.313,176.63,0.789,4.844,0.000
28,ec.gp.GPIndividual@2132442941{-1927893449},3C_20_80-01.txt,4.194,0.100,0.419,3,0.156,37.25,0.052,4.844,0.000
28,ec.gp.GPIndividual@2132442941{-1927893449},3C_20_66-03.txt,118.340,0.100,11.834,7,12.734,107.61,1.819,5.703,0.000
28,ec.gp.GPIndividual@2132442941{-1927893449},3C_20_80-02.txt,35.738,0.100,3.574,3,6.969,194.99,2.323,5.703,0.000
28,ec.gp.GPIndividual@2132442941{-1927893449},3C_20_80-01.txt,4.194,0.100,0.419,3,0.906,216.06,0.302,5.703,0.000
28,ec.gp.GPIndividual@2132442941{-1927893449},3C_20_80-03.txt,169.439,0.100,16.944,14,17.047,100.61,1.218,5.703,0.000
28,ec.gp.GPIndividual@2132442941{-1927893449},3C_20_80-03.txt,169.439,0.100,16.944,8,20.625,121.73,2.578,6.172,0.000
28,ec.gp.GPIndividual@2132442941{-1927893449},3C_20_66-02.txt,154.245,0.100,15.424,2,1.078,6.99,0.539,6.172,0.000
28,ec.gp.GPIndividual@1739741218{926515461},3C_20_50-02.txt,61.404,0.100,6.140,4,7.938,129.27,1.984,3.969,0.000
28,ec.gp.GPIndividual@1739741218{926515461},3C_20_66-01.txt,7.322,0.100,0.732,2,4.828,659.38,2.414,4.828,0.000
28,ec.gp.GPIndividual@1739741218{926515461},3C_20_80-01.txt,4.194,0.100,0.419,2,2.656,633.27,1.328,4.828,0.000
28,ec.gp.GPIndividual@1739741218{926515461},3C_20_66-03.txt,118.340,0.100,11.834,10,11.922,100.74,1.192,5.953,0.000
28,ec.gp.GPIndividual@1739741218{926515461},3C_20_80-02.txt,35.738,0.100,3.574,10,3.453,96.62,0.345,5.953,0.000
28,ec.gp.GPIndividual@1739741218{926515461},3C_20_50-03.txt,30.993,0.100,3.099,7,3.141,101.33,0.449,5.953,0.000
28,ec.gp.GPIndividual@1739741218{926515461},3C_20_66-02.txt,154.245,0.100,15.424,10,15.984,103.63,1.598,5.953,0.000
28,ec.gp.GPIndividual@1739741218{926515461},3C_20_66-03.txt,118.340,0.100,11.834,5,5.953,50.31,1.191,5.953,0.000
28,ec.gp.GPIndividual@1739741218{926515461},3C_20_80-02.txt,35.738,0.100,3.574,2,4.516,126.35,2.258,5.953,0.000
28,ec.gp.GPIndividual@1739741218{926515461},3C_20_66-01.txt,7.322,0.100,0.732,5,5.719,781.02,1.144,5.953,0.000
28,ec.gp.GPIndividual@365628782{-720360122},3C_20_50-02.txt,61.404,0.100,6.140,7,10.375,168.96,1.482,4.453,0.000
28,ec.gp.GPIndividual@365628782{-720360122},3C_20_80-03.txt,169.439,0.100,16.944,11,25.516,150.59,2.320,4.781,0.000
28,ec.gp.GPIndividual@365628782{-720360122},3C_20_80-01.txt,4.194,0.100,0.419,4,0.469,111.75,0.117,4.781,0.000
28,ec.gp.GPIndividual@365628782{-720360122},3C_20_50-03.txt,30.993,0.100,3.099,6,6.531,210.74,1.089,4.984,0.000
28,ec.gp.GPIndividual@365628782{-720360122},3C_20_80-03.txt,169.439,0.100,16.944,5,8.500,50.17,1.700,6.156,0.000
28,ec.gp.GPIndividual@365628782{-720360122},3C_20_66-02.txt,154.245,0.100,15.424,9,16.813,109.00,1.868,6.156,0.000
28,ec.gp.GPIndividual@1065246005{1096608486},3C_20_50-02.txt,61.404,0.100,6.140,0,0.000,0.00,0.000,0.000,0.000
28,ec.gp.GPIndividual@1065246005{1096608486},3C_20_50-03.txt,30.993,0.100,3.099,0,0.000,0.00,0.000,0.000,0.000
28,ec.gp.GPIndividual@1065246005{1096608486},3C_20_66-01.txt,7.322,0.100,0.732,0,0.000,0.00,0.000,0.000,0.000
28,ec.gp.GPIndividual@1065246005{1096608486},3C_20_66-02.txt,154.245,0.100,15.424,0,0.000,0.00,0.000,0.000,0.000
28,ec.gp.GPIndividual@1065246005{1096608486},3C_20_66-03.txt,118.340,0.100,11.834,0,0.000,0.00,0.000,0.000,0.000
28,ec.gp.GPIndividual@1065246005{1096608486},3C_20_80-01.txt,4.194,0.100,0.419,0,0.000,0.00,0.000,0.000,0.000
28,ec.gp.GPIndividual@1065246005{1096608486},3C_20_80-02.txt,35.738,0.100,3.574,0,0.000,0.00,0.000,0.000,0.000
28,ec.gp.GPIndividual@1065246005{1096608486},3C_20_80-03.txt,169.439,0.100,16.944,0,0.000,0.00,0.000,0.000,0.000
28,ec.gp.GPIndividual@1180450217{524269073},3C_20_50-02.txt,61.404,0.100,6.140,4,6.266,102.04,1.566,4.531,0.000
28,ec.gp.GPIndividual@1180450217{524269073},3C_20_66-03.txt,118.340,0.100,11.834,12,11.969,101.14,0.997,6.016,0.000
28,ec.gp.GPIndividual@1180450217{524269073},3C_20_50-03.txt,30.993,0.100,3.099,3,0.344,11.09,0.115,6.016,0.000
28,ec.gp.GPIndividual@1180450217{524269073},3C_20_66-01.txt,7.322,0.100,0.732,2,1.109,151.51,0.555,6.016,0.000
28,ec.gp.GPIndividual@1331049136{487793668},3C_20_50-02.txt,61.404,0.100,6.140,7,8.047,131.05,1.150,3.375,0.000
28,ec.gp.GPIndividual@1331049136{487793668},3C_20_80-01.txt,4.194,0.100,0.419,4,1.750,417.21,0.438,3.375,0.000
28,ec.gp.GPIndividual@1331049136{487793668},3C_20_66-02.txt,154.245,0.100,15.424,10,16.422,106.47,1.642,4.766,0.000
28,ec.gp.GPIndividual@1331049136{487793668},3C_20_66-03.txt,118.340,0.100,11.834,11,9.391,79.35,0.854,4.766,0.000
28,ec.gp.GPIndividual@1331049136{487793668},3C_20_80-02.txt,35.738,0.100,3.574,4,6.016,168.33,1.504,4.766,0.000
28,ec.gp.GPIndividual@1331049136{487793668},3C_20_66-01.txt,7.322,0.100,0.732,2,0.297,40.54,0.148,4.766,0.000
28,ec.gp.GPIndividual@1331049136{487793668},3C_20_50-03.txt,30.993,0.100,3.099,7,4.109,132.59,0.587,4.766,0.000
28,ec.gp.GPIndividual@1331049136{487793668},3C_20_66-02.txt,154.245,0.100,15.424,12,15.797,102.41,1.316,4.844,0.000
28,ec.gp.GPIndividual@1331049136{487793668},3C_20_80-03.txt,169.439,0.100,16.944,14,18.094,106.79,1.292,4.844,0.000
28,ec.gp.GPIndividual@1331049136{487793668},3C_20_80-01.txt,4.194,0.100,0.419,3,0.844,201.16,0.281,4.844,0.000
28,ec.gp.GPIndividual@1331049136{487793668},3C_20_66-03.txt,118.340,0.100,11.834,2,0.141,1.19,0.070,4.844,0.000
28,ec.gp.GPIndividual@1331049136{487793668},3C_20_66-01.txt,7.322,0.100,0.732,4,0.953,130.17,0.238,4.844,0.000
28,ec.gp.GPIndividual@1331049136{487793668},3C_20_66-02.txt,154.245,0.100,15.424,5,10.719,69.49,2.144,5.109,0.000
28,ec.gp.GPIndividual@1331049136{487793668},3C_20_80-02.txt,35.738,0.100,3.574,2,5.953,166.58,2.977,5.953,0.000
28,ec.gp.GPIndividual@486822657{2084094205},3C_20_50-02.txt,61.404,0.100,6.140,7,6.219,101.28,0.888,2.328,0.000
28,ec.gp.GPIndividual@486822657{2084094205},3C_20_80-03.txt,169.439,0.100,16.944,10,10.797,63.72,1.080,4.844,0.000
28,ec.gp.GPIndividual@486822657{2084094205},3C_20_50-03.txt,30.993,0.100,3.099,3,5.672,183.01,1.891,4.844,0.000
28,ec.gp.GPIndividual@486822657{2084094205},3C_20_80-01.txt,4.194,0.100,0.419,3,0.484,115.48,0.161,4.844,0.000
28,ec.gp.GPIndividual@486822657{2084094205},3C_20_80-02.txt,35.738,0.100,3.574,6,4.016,112.36,0.669,4.844,0.000
28,ec.gp.GPIndividual@486822657{2084094205},3C_20_66-03.txt,118.340,0.100,11.834,6,15.469,130.71,2.578,5.719,0.000
28,ec.gp.GPIndividual@1872998217{-1927893449},3C_20_50-02.txt,61.404,0.100,6.140,6,6.500,105.86,1.083,3.188,0.000
28,ec.gp.GPIndividual@1872998217{-1927893449},3C_20_80-02.txt,35.738,0.100,3.574,4,6.156,172.26,1.539,4.391,0.000
28,ec.gp.GPIndividual@1872998217{-1927893449},3C_20_66-01.txt,7.322,0.100,0.732,2,1.078,147.24,0.539,4.391,0.000
28,ec.gp.GPIndividual@1872998217{-1927893449},3C_20_80-03.txt,169.439,0.100,16.944,13,18.094,106.79,1.392,4.797,0.000
28,ec.gp.GPIndividual@1872998217{-1927893449},3C_20_50-03.txt,30.993,0.100,3.099,5,6.000,193.59,1.200,4.797,0.000
28,ec.gp.GPIndividual@1872998217{-1927893449},3C_20_80-01.txt,4.194,0.100,0.419,3,4.234,1009.51,1.411,4.797,0.000
28,ec.gp.GPIndividual@1872998217{-1927893449},3C_20_80-01.txt,4.194,0.100,0.419,2,0.484,115.48,0.242,4.797,0.000
28,ec.gp.GPIndividual@1872998217{-1927893449},3C_20_80-03.txt,169.439,0.100,16.944,3,0.625,3.69,0.208,4.797,0.000
28,ec.gp.GPIndividual@1872998217{-1927893449},3C_20_80-02.txt,35.738,0.100,3.574,3,0.813,22.73,0.271,4.797,0.000
28,ec.gp.GPIndividual@1872998217{-1927893449},3C_20_66-02.txt,154.245,0.100,15.424,10,14.906,96.64,1.491,5.953,0.000
28,ec.gp.GPIndividual@1872998217{-1927893449},3C_20_66-03.txt,118.340,0.100,11.834,8,11.938,100.87,1.492,5.953,0.000
28,ec.gp.GPIndividual@1872998217{-1927893449},3C_20_80-02.txt,35.738,0.100,3.574,7,3.641,101.87,0.520,5.953,0.000
28,ec.gp.GPIndividual@1872998217{-1927893449},3C_20_80-03.txt,169.439,0.100,16.944,5,8.172,48.23,1.634,6.109,0.000
28,ec.gp.GPIndividual@1872998217{-1927893449},3C_20_66-01.txt,7.322,0.100,0.732,4,3.063,418.25,0.766,6.109,0.000
28,ec.gp.GPIndividual@1222315802{-2095978138},3C_20_50-02.txt,61.404,0.100,6.140,1,0.000,0.00,0.000,0.000,0.000
28,ec.gp.GPIndividual@1222315802{-2095978138},3C_20_50-03.txt,30.993,0.100,3.099,1,0.000,0.00,0.000,0.000,0.000
28,ec.gp.GPIndividual@1222315802{-2095978138},3C_20_66-01.txt,7.322,0.100,0.732,1,0.000,0.00,0.000,0.000,0.000
28,ec.gp.GPIndividual@1222315802{-2095978138},3C_20_66-02.txt,154.245,0.100,15.424,1,0.000,0.00,0.000,0.000,0.000
28,ec.gp.GPIndividual@1222315802{-2095978138},3C_20_66-03.txt,118.340,0.100,11.834,1,0.000,0.00,0.000,0.000,0.000
28,ec.gp.GPIndividual@1222315802{-2095978138},3C_20_80-01.txt,4.194,0.100,0.419,1,0.000,0.00,0.000,0.000,0.000
28,ec.gp.GPIndividual@1222315802{-2095978138},3C_20_80-02.txt,35.738,0.100,3.574,1,0.000,0.00,0.000,0.000,0.000
28,ec.gp.GPIndividual@1222315802{-2095978138},3C_20_80-03.txt,169.439,0.100,16.944,1,0.000,0.00,0.000,0.000,0.000
28,ec.gp.GPIndividual@1341148333{947355606},3C_20_50-02.txt,61.404,0.100,6.140,6,8.625,140.46,1.438,4.828,0.000
28,ec.gp.GPIndividual@1341148333{947355606},3C_20_80-01.txt,4.194,0.100,0.419,3,1.750,417.21,0.583,4.828,0.000
28,ec.gp.GPIndividual@1341148333{947355606},3C_20_50-03.txt,30.993,0.100,3.099,9,3.031,97.81,0.337,4.828,0.000
28,ec.gp.GPIndividual@1341148333{947355606},3C_20_80-03.txt,169.439,0.100,16.944,13,17.031,100.52,1.310,5.625,0.000
28,ec.gp.GPIndividual@1280588386{-1927893449},3C_20_50-02.txt,61.404,0.100,6.140,8,7.234,117.82,0.904,3.891,0.000
28,ec.gp.GPIndividual@1280588386{-1927893449},3C_20_80-02.txt,35.738,0.100,3.574,2,4.203,117.61,2.102,4.203,0.000
28,ec.gp.GPIndividual@1280588386{-1927893449},3C_20_66-01.txt,7.322,0.100,0.732,3,0.188,25.61,0.063,4.203,0.000
28,ec.gp.GPIndividual@515326917{803495196},3C_20_50-02.txt,61.404,0.100,6.140,7,6.375,103.82,0.911,3.344,0.000
28,ec.gp.GPIndividual@515326917{803495196},3C_20_50-03.txt,30.993,0.100,3.099,4,2.016,65.04,0.504,3.344,0.000
28,ec.gp.GPIndividual@515326917{803495196},3C_20_66-02.txt,154.245,0.100,15.424,10,15.484,100.39,1.548,5.813,0.000
28,ec.gp.GPIndividual@515326917{803495196},3C_20_66-03.txt,118.340,0.100,11.834,5,4.328,36.57,0.866,5.813,0.000
28,ec.gp.GPIndividual@515326917{803495196},3C_20_80-03.txt,169.439,0.100,16.944,8,18.297,107.99,2.287,5.813,0.000
28,ec.gp.GPIndividual@515326917{803495196},3C_20_50-03.txt,30.993,0.100,3.099,2,4.344,140.15,2.172,5.813,0.000
28,ec.gp.GPIndividual@515326917{803495196},3C_20_66-01.txt,7.322,0.100,0.732,3,5.047,689.26,1.682,5.813,0.000
28,ec.gp.GPIndividual@1050246163{-1688907926},3C_20_50-02.txt,61.404,0.100,6.140,6,6.797,110.69,1.133,3.516,0.141
28,ec.gp.GPIndividual@1050246163{-1688907926},3C_20_66-02.txt,154.245,0.100,15.424,10,16.109,104.44,1.611,5.844,0.000
28,ec.gp.GPIndividual@1050246163{-1688907926},3C_20_80-01.txt,4.194,0.100,0.419,2,2.703,644.45,1.352,5.844,0.000
28,ec.gp.GPIndividual@1050246163{-1688907926},3C_20_50-03.txt,30.993,0.100,3.099,2,3.938,127.05,1.969,5.844,0.000
28,ec.gp.GPIndividual@1050246163{-1688907926},3C_20_66-02.txt,154.245,0.100,15.424,10,16.203,105.05,1.620,5.844,0.000
28,ec.gp.GPIndividual@1050246163{-1688907926},3C_20_66-03.txt,118.340,0.100,11.834,7,7.047,59.55,1.007,5.844,0.000
28,ec.gp.GPIndividual@1050246163{-1688907926},3C_20_66-01.txt,7.322,0.100,0.732,2,0.359,49.08,0.180,5.844,0.000
28,ec.gp.GPIndividual@1050246163{-1688907926},3C_20_66-02.txt,154.245,0.100,15.424,4,7.906,51.26,1.977,5.844,0.000
28,ec.gp.GPIndividual@104934533{-348692598},3C_20_50-02.txt,61.404,0.100,6.140,5,6.344,103.31,1.269,3.000,0.000
28,ec.gp.GPIndividual@104934533{-348692598},3C_20_66-01.txt,7.322,0.100,0.732,2,2.453,335.03,1.227,3.000,0.000
28,ec.gp.GPIndividual@104934533{-348692598},3C_20_66-03.txt,118.340,0.100,11.834,5,4.828,40.80,0.966,3.000,0.000
28,ec.gp.GPIndividual@104934533{-348692598},3C_20_80-02.txt,35.738,0.100,3.574,2,4.859,135.97,2.430,4.859,0.000
28,ec.gp.GPIndividual@104934533{-348692598},3C_20_80-01.txt,4.194,0.100,0.419,2,0.438,104.30,0.219,4.859,0.000
28,ec.gp.GPIndividual@104934533{-348692598},3C_20_50-03.txt,30.993,0.100,3.099,7,3.344,107.89,0.478,4.859,0.000
28,ec.gp.GPIndividual@104934533{-348692598},3C_20_66-02.txt,154.245,0.100,15.424,8,17.156,111.23,2.145,4.859,0.000
28,ec.gp.GPIndividual@104934533{-348692598},3C_20_66-03.txt,118.340,0.100,11.834,6,3.063,25.88,0.510,4.859,0.000
28,ec.gp.GPIndividual@104934533{-348692598},3C_20_80-01.txt,4.194,0.100,0.419,3,0.344,81.95,0.115,4.859,0.000
28,ec.gp.GPIndividual@104934533{-348692598},3C_20_80-02.txt,35.738,0.100,3.574,3,6.328,177.07,2.109,4.859,0.000
28,ec.gp.GPIndividual@104934533{-348692598},3C_20_66-01.txt,7.322,0.100,0.732,5,2.203,300.88,0.441,4.859,0.000
28,ec.gp.GPIndividual@104934533{-348692598},3C_20_80-03.txt,169.439,0.100,16.944,11,18.141,107.06,1.649,4.859,0.000
28,ec.gp.GPIndividual@104934533{-348692598},3C_20_80-02.txt,35.738,0.100,3.574,3,2.031,56.84,0.677,4.859,0.000
28,ec.gp.GPIndividual@104934533{-348692598},3C_20_80-03.txt,169.439,0.100,16.944,14,18.938,111.77,1.353,5.859,0.000
28,ec.gp.GPIndividual@104934533{-348692598},3C_20_80-03.txt,169.439,0.100,16.944,3,0.156,0.92,0.052,5.859,0.000
28,ec.gp.GPIndividual@1576851061{563061557},3C_20_50-02.txt,61.404,0.100,6.140,4,3.359,54.71,0.840,3.031,0.000
28,ec.gp.GPIndividual@1576851061{563061557},3C_20_66-03.txt,118.340,0.100,11.834,4,12.094,102.20,3.023,5.828,0.000
28,ec.gp.GPIndividual@1576851061{563061557},3C_20_50-03.txt,30.993,0.100,3.099,3,0.703,22.69,0.234,5.828,0.000
28,ec.gp.GPIndividual@1778758356{582286875},3C_20_50-02.txt,61.404,0.100,6.140,4,6.188,100.77,1.547,5.156,0.000
28,ec.gp.GPIndividual@1778758356{582286875},3C_20_66-02.txt,154.245,0.100,15.424,10,20.172,130.78,2.017,6.047,0.000
28,ec.gp.GPIndividual@1003972995{258782493},3C_20_50-02.txt,61.404,0.100,6.140,5,8.172,133.08,1.634,3.891,0.328
28,ec.gp.GPIndividual@1003972995{258782493},3C_20_50-03.txt,30.993,0.100,3.099,4,3.797,122.51,0.949,3.891,0.000
28,ec.gp.GPIndividual@1003972995{258782493},3C_20_50-03.txt,30.993,0.100,3.099,1,4.359,140.66,4.359,4.359,0.000
28,ec.gp.GPIndividual@1003972995{258782493},3C_20_80-01.txt,4.194,0.100,0.419,3,2.625,625.82,0.875,4.359,0.000
28,ec.gp.GPIndividual@1003972995{258782493},3C_20_66-01.txt,7.322,0.100,0.732,2,2.656,362.77,1.328,4.359,0.000
28,ec.gp.GPIndividual@1003972995{258782493},3C_20_80-01.txt,4.194,0.100,0.419,3,0.438,104.30,0.146,4.359,0.000
28,ec.gp.GPIndividual@1003972995{258782493},3C_20_80-02.txt,35.738,0.100,3.574,10,6.125,171.39,0.613,4.359,0.000
28,ec.gp.GPIndividual@1003972995{258782493},3C_20_66-03.txt,118.340,0.100,11.834,12,15.109,127.68,1.259,4.359,0.000
28,ec.gp.GPIndividual@1003972995{258782493},3C_20_66-01.txt,7.322,0.100,0.732,4,1.578,215.53,0.395,4.359,0.000
28,ec.gp.GPIndividual@1003972995{258782493},3C_20_80-02.txt,35.738,0.100,3.574,5,1.578,44.16,0.316,4.359,0.000
28,ec.gp.GPIndividual@1003972995{258782493},3C_20_80-03.txt,169.439,0.100,16.944,9,16.172,95.44,1.797,4.766,0.000
28,ec.gp.GPIndividual@1003972995{258782493},3C_20_66-02.txt,154.245,0.100,15.424,6,17.109,110.92,2.852,6.250,0.000
28,ec.gp.GPIndividual@918485514{1322032097},3C_20_50-02.txt,61.404,0.100,6.140,4,9.688,157.77,2.422,6.891,0.000
28,ec.gp.GPIndividual@918485514{1322032097},3C_20_66-02.txt,154.245,0.100,15.424,4,2.531,16.41,0.633,6.891,0.000
28,ec.gp.GPIndividual@918485514{1322032097},3C_20_66-03.txt,118.340,0.100,11.834,7,12.688,107.21,1.813,6.891,0.000
28,ec.gp.GPIndividual@918485514{1322032097},3C_20_50-03.txt,30.993,0.100,3.099,11,3.094,99.82,0.281,6.891,0.000
28,ec.gp.GPIndividual@918485514{1322032097},3C_20_80-01.txt,4.194,0.100,0.419,3,1.531,365.06,0.510,6.891,0.000
28,ec.gp.GPIndividual@918485514{1322032097},3C_20_66-01.txt,7.322,0.100,0.732,3,1.359,185.65,0.453,6.891,0.000
28,ec.gp.GPIndividual@918485514{1322032097},3C_20_66-03.txt,118.340,0.100,11.834,7,16.922,142.99,2.417,6.891,0.000
28,ec.gp.GPIndividual@918485514{1322032097},3C_20_80-03.txt,169.439,0.100,16.944,4,6.203,36.61,1.551,6.891,0.000
28,ec.gp.GPIndividual@918485514{1322032097},3C_20_66-01.txt,7.322,0.100,0.732,2,1.266,172.85,0.633,6.891,0.000
28,ec.gp.GPIndividual@918485514{1322032097},3C_20_80-02.txt,35.738,0.100,3.574,5,7.188,201.12,1.438,6.891,0.000
28,ec.gp.GPIndividual@918485514{1322032097},3C_20_66-02.txt,154.245,0.100,15.424,8,19.938,129.26,2.492,6.891,0.000
28,ec.gp.GPIndividual@1854287760{1968154130},3C_20_50-02.txt,61.404,0.100,6.140,6,6.297,102.55,1.049,3.969,0.000
28,ec.gp.GPIndividual@1854287760{1968154130},3C_20_80-01.txt,4.194,0.100,0.419,2,1.313,312.91,0.656,3.969,0.000
28,ec.gp.GPIndividual@1854287760{1968154130},3C_20_66-03.txt,118.340,0.100,11.834,5,4.875,41.20,0.975,3.969,0.000
28,ec.gp.GPIndividual@1854287760{1968154130},3C_20_80-01.txt,4.194,0.100,0.419,1,0.984,234.68,0.984,3.969,0.000
28,ec.gp.GPIndividual@1854287760{1968154130},3C_20_80-03.txt,169.439,0.100,16.944,12,7.656,45.19,0.638,3.969,0.000
28,ec.gp.GPIndividual@1854287760{1968154130},3C_20_50-03.txt,30.993,0.100,3.099,4,3.344,107.89,0.836,3.969,0.000
28,ec.gp.GPIndividual@1854287760{1968154130},3C_20_80-02.txt,35.738,0.100,3.574,3,5.875,164.39,1.958,4.281,0.000
28,ec.gp.GPIndividual@1854287760{1968154130},3C_20_66-02.txt,154.245,0.100,15.424,9,16.984,110.11,1.887,5.734,0.000
28,ec.gp.GPIndividual@1854287760{1968154130},3C_20_66-03.txt,118.340,0.100,11.834,10,15.594,131.77,1.559,5.734,0.000
28,ec.gp.GPIndividual@1854287760{1968154130},3C_20_80-02.txt,35.738,0.100,3.574,12,5.750,160.89,0.479,5.734,0.000
28,ec.gp.GPIndividual@1854287760{1968154130},3C_20_66-01.txt,7.322,0.100,0.732,6,1.125,153.64,0.188,5.734,0.000
28,ec.gp.GPIndividual@1854287760{1968154130},3C_20_66-02.txt,154.245,0.100,15.424,9,13.734,89.04,1.526,5.734,0.000
28,ec.gp.GPIndividual@1854287760{1968154130},3C_20_80-03.txt,169.439,0.100,16.944,7,18.422,108.72,2.632,5.734,0.000
28,ec.gp.GPIndividual@1983554538{-240679350},3C_20_50-02.txt,61.404,0.100,6.140,9,6.234,101.53,0.693,4.766,0.000
28,ec.gp.GPIndividual@1388259642{1484756144},3C_20_50-02.txt,61.404,0.100,6.140,7,10.828,176.34,1.547,5.406,0.000
28,ec.gp.GPIndividual@1388259642{1484756144},3C_20_80-01.txt,4.194,0.100,0.419,4,0.922,219.78,0.230,5.406,0.000
28,ec.gp.GPIndividual@1388259642{1484756144},3C_20_50-03.txt,30.993,0.100,3.099,8,3.438,110.91,0.430,5.406,0.000
28,ec.gp.GPIndividual@1388259642{1484756144},3C_20_66-03.txt,118.340,0.100,11.834,10,17.141,144.84,1.714,5.406,0.000
28,ec.gp.GPIndividual@1388259642{1484756144},3C_20_80-01.txt,4.194,0.100,0.419,2,1.047,249.58,0.523,5.406,0.000
28,ec.gp.GPIndividual@1388259642{1484756144},3C_20_50-03.txt,30.993,0.100,3.099,5,5.328,171.92,1.066,5.406,0.000
28,ec.gp.GPIndividual@1388259642{1484756144},3C_20_80-01.txt,4.194,0.100,0.419,4,2.219,528.97,0.555,5.406,0.000
28,ec.gp.GPIndividual@1388259642{1484756144},3C_20_80-02.txt,35.738,0.100,3.574,7,3.672,102.74,0.525,5.406,0.000
28,ec.gp.GPIndividual@1388259642{1484756144},3C_20_66-01.txt,7.322,0.100,0.732,2,0.859,117.37,0.430,5.406,0.000
28,ec.gp.GPIndividual@1388259642{1484756144},3C_20_80-02.txt,35.738,0.100,3.574,6,3.656,102.31,0.609,5.406,0.000
28,ec.gp.GPIndividual@1388259642{1484756144},3C_20_80-03.txt,169.439,0.100,16.944,14,17.031,100.52,1.217,5.406,0.000
28,ec.gp.GPIndividual@1388259642{1484756144},3C_20_66-01.txt,7.322,0.100,0.732,7,5.672,774.62,0.810,5.406,0.000
28,ec.gp.GPIndividual@790910818{-846974447},3C_20_50-02.txt,61.404,0.100,6.140,9,6.469,105.35,0.719,1.734,0.000
28,ec.gp.GPIndividual@790910818{-846974447},3C_20_66-02.txt,154.245,0.100,15.424,13,15.563,100.89,1.197,2.391,0.000
28,ec.gp.GPIndividual@790910818{-846974447},3C_20_66-03.txt,118.340,0.100,11.834,7,13.797,116.59,1.971,5.625,0.000
28,ec.gp.GPIndividual@790910818{-846974447},3C_20_66-02.txt,154.245,0.100,15.424,10,16.328,105.86,1.633,5.625,0.000
28,ec.gp.GPIndividual@790910818{-846974447},3C_20_80-01.txt,4.194,0.100,0.419,3,0.422,100.58,0.141,5.625,0.000
28,ec.gp.GPIndividual@790910818{-846974447},3C_20_80-02.txt,35.738,0.100,3.574,3,3.188,89.19,1.063,5.625,0.000
28,ec.gp.GPIndividual@790910818{-846974447},3C_20_80-02.txt,35.738,0.100,3.574,4,6.063,169.64,1.516,5.625,0.000
28,ec.gp.GPIndividual@790910818{-846974447},3C_20_50-03.txt,30.993,0.100,3.099,6,3.188,102.85,0.531,5.625,0.000
28,ec.gp.GPIndividual@790910818{-846974447},3C_20_66-03.txt,118.340,0.100,11.834,6,5.719,48.32,0.953,5.625,0.000
28,ec.gp.GPIndividual@790910818{-846974447},3C_20_80-03.txt,169.439,0.100,16.944,11,20.578,121.45,1.871,5.625,0.000
28,ec.gp.GPIndividual@790910818{-846974447},3C_20_80-01.txt,4.194,0.100,0.419,3,1.484,353.89,0.495,5.625,0.000
28,ec.gp.GPIndividual@790910818{-846974447},3C_20_80-03.txt,169.439,0.100,16.944,9,17.375,102.54,1.931,5.625,0.000
28,ec.gp.GPIndividual@790910818{-846974447},3C_20_80-02.txt,35.738,0.100,3.574,5,3.625,101.43,0.725,5.625,0.000
28,ec.gp.GPIndividual@790910818{-846974447},3C_20_80-03.txt,169.439,0.100,16.944,9,17.078,100.79,1.898,6.469,0.000
28,ec.gp.GPIndividual@790910818{-846974447},3C_20_66-01.txt,7.322,0.100,0.732,2,0.750,102.43,0.375,6.469,0.000
28,ec.gp.GPIndividual@790910818{-846974447},3C_20_80-03.txt,169.439,0.100,16.944,10,18.453,108.91,1.845,6.469,0.000
28,ec.gp.GPIndividual@1720304104{77246188},3C_20_50-02.txt,61.404,0.100,6.140,5,8.813,143.52,1.763,4.656,0.000
28,ec.gp.GPIndividual@2121287623{2018304150},3C_20_50-02.txt,61.404,0.100,6.140,11,10.078,164.13,0.916,4.828,0.000
28,ec.gp.GPIndividual@329591685{-1793644100},3C_20_50-02.txt,61.404,0.100,6.140,8,2.766,45.04,0.346,1.391,0.000
28,ec.gp.GPIndividual@329591685{-1793644100},3C_20_50-03.txt,30.993,0.100,3.099,6,2.734,88.23,0.456,1.422,0.000
28,ec.gp.GPIndividual@668982612{-1067590208},3C_20_50-02.txt,61.404,0.100,6.140,6,1.016,16.54,0.169,0.438,0.000
28,ec.gp.GPIndividual@668982612{-1067590208},3C_20_50-03.txt,30.993,0.100,3.099,6,4.859,156.79,0.810,1.750,0.000
28,ec.gp.GPIndividual@668982612{-1067590208},3C_20_66-02.txt,154.245,0.100,15.424,3,0.266,1.72,0.089,1.750,0.000
28,ec.gp.GPIndividual@668982612{-1067590208},3C_20_50-03.txt,30.993,0.100,3.099,3,2.000,64.53,0.667,1.750,0.000
28,ec.gp.GPIndividual@668982612{-1067590208},3C_20_50-03.txt,30.993,0.100,3.099,5,4.359,140.66,0.872,1.750,0.000
28,ec.gp.GPIndividual@668982612{-1067590208},3C_20_66-01.txt,7.322,0.100,0.732,2,1.672,228.33,0.836,1.750,0.000
28,ec.gp.GPIndividual@668982612{-1067590208},3C_20_66-03.txt,118.340,0.100,11.834,11,12.125,102.46,1.102,3.297,0.000
28,ec.gp.GPIndividual@668982612{-1067590208},3C_20_66-01.txt,7.322,0.100,0.732,2,3.578,488.67,1.789,3.578,0.000
28,ec.gp.GPIndividual@668982612{-1067590208},3C_20_66-01.txt,7.322,0.100,0.732,6,1.125,153.64,0.188,3.578,0.000
28,ec.gp.GPIndividual@668982612{-1067590208},3C_20_66-02.txt,154.245,0.100,15.424,9,12.266,79.52,1.363,4.719,0.000
28,ec.gp.GPIndividual@668982612{-1067590208},3C_20_66-03.txt,118.340,0.100,11.834,8,15.500,130.98,1.938,5.875,0.000
28,ec.gp.GPIndividual@668982612{-1067590208},3C_20_66-02.txt,154.245,0.100,15.424,4,3.328,21.58,0.832,5.875,0.000
28,ec.gp.GPIndividual@668982612{-1067590208},3C_20_66-02.txt,154.245,0.100,15.424,12,15.859,102.82,1.322,5.875,0.000
28,ec.gp.GPIndividual@668982612{-1067590208},3C_20_66-03.txt,118.340,0.100,11.834,3,0.125,1.06,0.042,5.875,0.000
28,ec.gp.GPIndividual@668982612{-1067590208},3C_20_66-03.txt,118.340,0.100,11.834,2,2.938,24.82,1.469,5.875,0.000
28,ec.gp.GPIndividual@668982612{-1067590208},3C_20_80-01.txt,4.194,0.100,0.419,3,0.422,100.58,0.141,5.875,0.000
28,ec.gp.GPIndividual@668982612{-1067590208},3C_20_80-02.txt,35.738,0.100,3.574,2,5.281,147.78,2.641,5.875,0.000
28,ec.gp.GPIndividual@668982612{-1067590208},3C_20_66-01.txt,7.322,0.100,0.732,2,4.844,661.52,2.422,5.875,0.000
28,ec.gp.GPIndividual@668982612{-1067590208},3C_20_80-01.txt,4.194,0.100,0.419,2,0.422,100.58,0.211,5.875,0.000
28,ec.gp.GPIndividual@668982612{-1067590208},3C_20_66-02.txt,154.245,0.100,15.424,5,3.625,23.50,0.725,5.875,0.000
28,ec.gp.GPIndividual@668982612{-1067590208},3C_20_80-03.txt,169.439,0.100,16.944,13,16.984,100.24,1.306,5.875,0.000
28,ec.gp.GPIndividual@668982612{-1067590208},3C_20_80-01.txt,4.194,0.100,0.419,2,0.875,208.61,0.438,5.875,0.000
28,ec.gp.GPIndividual@668982612{-1067590208},3C_20_66-03.txt,118.340,0.100,11.834,7,12.813,108.27,1.830,5.875,0.000
28,ec.gp.GPIndividual@1512204780{-562887578},3C_20_50-02.txt,61.404,0.100,6.140,3,7.703,125.45,2.568,4.359,0.313
28,ec.gp.GPIndividual@1512204780{-562887578},3C_20_50-03.txt,30.993,0.100,3.099,5,3.234,104.36,0.647,4.359,0.000
28,ec.gp.GPIndividual@1512204780{-562887578},3C_20_80-03.txt,169.439,0.100,16.944,4,2.359,13.92,0.590,4.359,0.000
28,ec.gp.GPIndividual@2125438982{1948675049},3C_20_50-02.txt,61.404,0.100,6.140,0,0.000,0.00,0.000,0.000,0.000
28,ec.gp.GPIndividual@2125438982{1948675049},3C_20_50-03.txt,30.993,0.100,3.099,0,0.000,0.00,0.000,0.000,0.000
28,ec.gp.GPIndividual@2125438982{1948675049},3C_20_66-01.txt,7.322,0.100,0.732,0,0.000,0.00,0.000,0.000,0.000
28,ec.gp.GPIndividual@2125438982{1948675049},3C_20_66-02.txt,154.245,0.100,15.424,0,0.000,0.00,0.000,0.000,0.000
28,ec.gp.GPIndividual@2125438982{1948675049},3C_20_66-03.txt,118.340,0.100,11.834,0,0.000,0.00,0.000,0.000,0.000
28,ec.gp.GPIndividual@2125438982{1948675049},3C_20_80-01.txt,4.194,0.100,0.419,0,0.000,0.00,0.000,0.000,0.000
28,ec.gp.GPIndividual@2125438982{1948675049},3C_20_80-02.txt,35.738,0.100,3.574,0,0.000,0.00,0.000,0.000,0.000
28,ec.gp.GPIndividual@2125438982{1948675049},3C_20_80-03.txt,169.439,0.100,16.944,0,0.000,0.00,0.000,0.000,0.000
29,ec.gp.GPIndividual@13180275{2095430142},3C_20_50-02.txt,61.404,0.100,6.140,10,7.281,118.58,0.728,1.734,0.000
29,ec.gp.GPIndividual@13180275{2095430142},3C_20_50-03.txt,30.993,0.100,3.099,3,3.609,116.46,1.203,1.875,0.000
29,ec.gp.GPIndividual@13180275{2095430142},3C_20_50-03.txt,30.993,0.100,3.099,10,3.203,103.35,0.320,1.875,0.000
29,ec.gp.GPIndividual@13180275{2095430142},3C_20_50-03.txt,30.993,0.100,3.099,9,1.906,61.51,0.212,1.875,0.000
29,ec.gp.GPIndividual@13180275{2095430142},3C_20_50-03.txt,30.993,0.100,3.099,3,0.453,14.62,0.151,1.875,0.000
29,ec.gp.GPIndividual@13180275{2095430142},3C_20_50-03.txt,30.993,0.100,3.099,5,3.188,102.85,0.638,1.875,0.000
29,ec.gp.GPIndividual@13180275{2095430142},3C_20_66-01.txt,7.322,0.100,0.732,3,0.797,108.83,0.266,1.875,0.000
29,ec.gp.GPIndividual@13180275{2095430142},3C_20_50-03.txt,30.993,0.100,3.099,8,5.813,187.54,0.727,1.875,0.000
29,ec.gp.GPIndividual@13180275{2095430142},3C_20_66-01.txt,7.322,0.100,0.732,5,1.188,162.18,0.238,1.875,0.000
29,ec.gp.GPIndividual@13180275{2095430142},3C_20_66-01.txt,7.322,0.100,0.732,4,1.203,164.31,0.301,1.875,0.000
29,ec.gp.GPIndividual@13180275{2095430142},3C_20_66-02.txt,154.245,0.100,15.424,15,15.547,100.79,1.036,4.063,0.000
29,ec.gp.GPIndividual@13180275{2095430142},3C_20_66-01.txt,7.322,0.100,0.732,2,4.047,552.69,2.023,4.063,0.000
29,ec.gp.GPIndividual@13180275{2095430142},3C_20_66-01.txt,7.322,0.100,0.732,3,4.500,614.57,1.500,4.203,0.000
29,ec.gp.GPIndividual@13180275{2095430142},3C_20_66-01.txt,7.322,0.100,0.732,6,1.516,206.99,0.253,4.203,0.000
29,ec.gp.GPIndividual@13180275{2095430142},3C_20_66-02.txt,154.245,0.100,15.424,10,16.438,106.57,1.644,4.375,0.000
29,ec.gp.GPIndividual@13180275{2095430142},3C_20_66-02.txt,154.245,0.100,15.424,9,16.047,104.04,1.783,5.453,0.000
29,ec.gp.GPIndividual@13180275{2095430142},3C_20_66-02.txt,154.245,0.100,15.424,10,22.906,148.51,2.291,5.609,0.000
29,ec.gp.GPIndividual@13180275{2095430142},3C_20_66-03.txt,118.340,0.100,11.834,8,11.234,94.93,1.404,5.609,0.000
29,ec.gp.GPIndividual@13180275{2095430142},3C_20_66-02.txt,154.245,0.100,15.424,8,16.156,104.74,2.020,5.609,0.000
29,ec.gp.GPIndividual@13180275{2095430142},3C_20_80-01.txt,4.194,0.100,0.419,3,2.625,625.82,0.875,5.609,0.000
29,ec.gp.GPIndividual@13180275{2095430142},3C_20_66-03.txt,118.340,0.100,11.834,5,3.359,28.39,0.672,5.609,0.000
29,ec.gp.GPIndividual@13180275{2095430142},3C_20_66-02.txt,154.245,0.100,15.424,7,10.969,71.11,1.567,5.609,0.000
29,ec.gp.GPIndividual@13180275{2095430142},3C_20_66-03.txt,118.340,0.100,11.834,6,13.703,115.79,2.284,5.609,0.000
29,ec.gp.GPIndividual@13180275{2095430142},3C_20_66-03.txt,118.340,0.100,11.834,7,13.203,111.57,1.886,5.609,0.000
29,ec.gp.GPIndividual@13180275{2095430142},3C_20_80-01.txt,4.194,0.100,0.419,3,1.609,383.69,0.536,5.609,0.000
29,ec.gp.GPIndividual@13180275{2095430142},3C_20_66-03.txt,118.340,0.100,11.834,7,13.219,111.70,1.888,5.609,0.000
29,ec.gp.GPIndividual@13180275{2095430142},3C_20_80-02.txt,35.738,0.100,3.574,2,4.078,114.11,2.039,5.609,0.000
29,ec.gp.GPIndividual@13180275{2095430142},3C_20_80-02.txt,35.738,0.100,3.574,6,4.828,135.10,0.805,5.609,0.000
29,ec.gp.GPIndividual@13180275{2095430142},3C_20_80-03.txt,169.439,0.100,16.944,3,2.078,12.26,0.693,5.609,0.000
29,ec.gp.GPIndividual@13180275{2095430142},3C_20_66-03.txt,118.340,0.100,11.834,8,12.344,104.31,1.543,5.609,0.000
29,ec.gp.GPIndividual@13180275{2095430142},3C_20_80-01.txt,4.194,0.100,0.419,3,0.500,119.20,0.167,5.609,0.000
29,ec.gp.GPIndividual@13180275{2095430142},3C_20_80-03.txt,169.439,0.100,16.944,8,20.047,118.31,2.506,6.031,0.000
29,ec.gp.GPIndividual@1095945152{1575874671},3C_20_50-02.txt,61.404,0.100,6.140,9,9.141,148.86,1.016,3.203,0.000
29,ec.gp.GPIndividual@1095945152{1575874671},3C_20_80-01.txt,4.194,0.100,0.419,5,0.625,149.01,0.125,3.203,0.000
29,ec.gp.GPIndividual@1095945152{1575874671},3C_20_50-03.txt,30.993,0.100,3.099,7,3.172,102.34,0.453,3.203,0.000
29,ec.gp.GPIndividual@1095945152{1575874671},3C_20_80-01.txt,4.194,0.100,0.419,3,6.109,1456.53,2.036,5.938,0.000
29,ec.gp.GPIndividual@1975881885{-1881672287},3C_20_50-02.txt,61.404,0.100,6.140,1,0.000,0.00,0.000,0.000,0.000
29,ec.gp.GPIndividual@1975881885{-1881672287},3C_20_50-03.txt,30.993,0.100,3.099,1,0.000,0.00,0.000,0.000,0.000
29,ec.gp.GPIndividual@1975881885{-1881672287},3C_20_66-01.txt,7.322,0.100,0.732,1,0.000,0.00,0.000,0.000,0.000
29,ec.gp.GPIndividual@1975881885{-1881672287},3C_20_66-02.txt,154.245,0.100,15.424,1,0.000,0.00,0.000,0.000,0.000
29,ec.gp.GPIndividual@1975881885{-1881672287},3C_20_66-03.txt,118.340,0.100,11.834,1,0.000,0.00,0.000,0.000,0.000
29,ec.gp.GPIndividual@1975881885{-1881672287},3C_20_80-01.txt,4.194,0.100,0.419,1,0.000,0.00,0.000,0.000,0.000
29,ec.gp.GPIndividual@1975881885{-1881672287},3C_20_80-02.txt,35.738,0.100,3.574,1,0.000,0.00,0.000,0.000,0.000
29,ec.gp.GPIndividual@1975881885{-1881672287},3C_20_80-03.txt,169.439,0.100,16.944,1,0.000,0.00,0.000,0.000,0.000
29,ec.gp.GPIndividual@839978979{1694343899},3C_20_50-02.txt,61.404,0.100,6.140,6,8.922,145.30,1.487,5.328,0.000
29,ec.gp.GPIndividual@839978979{1694343899},3C_20_80-01.txt,4.194,0.100,0.419,3,0.500,119.20,0.167,5.328,0.000
29,ec.gp.GPIndividual@839978979{1694343899},3C_20_50-03.txt,30.993,0.100,3.099,6,3.375,108.90,0.563,5.328,0.000
29,ec.gp.GPIndividual@839978979{1694343899},3C_20_80-02.txt,35.738,0.100,3.574,5,3.969,111.05,0.794,5.328,0.000
29,ec.gp.GPIndividual@839978979{1694343899},3C_20_66-01.txt,7.322,0.100,0.732,3,2.922,399.04,0.974,5.328,0.000
29,ec.gp.GPIndividual@839978979{1694343899},3C_20_80-02.txt,35.738,0.100,3.574,6,4.156,116.30,0.693,5.328,0.000
29,ec.gp.GPIndividual@839978979{1694343899},3C_20_66-01.txt,7.322,0.100,0.732,2,1.016,138.71,0.508,5.328,0.000
29,ec.gp.GPIndividual@839978979{1694343899},3C_20_66-02.txt,154.245,0.100,15.424,2,1.047,6.79,0.523,5.328,0.000
29,ec.gp.GPIndividual@839978979{1694343899},3C_20_80-02.txt,35.738,0.100,3.574,5,3.844,107.55,0.769,5.328,0.000
29,ec.gp.GPIndividual@839978979{1694343899},3C_20_80-03.txt,169.439,0.100,16.944,15,17.531,103.47,1.169,5.328,0.000
29,ec.gp.GPIndividual@839978979{1694343899},3C_20_80-03.txt,169.439,0.100,16.944,10,18.172,107.25,1.817,6.047,0.000
29,ec.gp.GPIndividual@839978979{1694343899},3C_20_66-03.txt,118.340,0.100,11.834,7,11.203,94.67,1.600,6.047,0.000
29,ec.gp.GPIndividual@839978979{1694343899},3C_20_80-03.txt,169.439,0.100,16.944,4,11.438,67.50,2.859,6.734,0.000
29,ec.gp.GPIndividual@839978979{1694343899},3C_20_66-02.txt,154.245,0.100,15.424,8,15.969,103.53,1.996,6.734,0.000
29,ec.gp.GPIndividual@848471222{337486994},3C_20_50-02.txt,61.404,0.100,6.140,6,7.344,119.60,1.224,4.219,0.000
29,ec.gp.GPIndividual@734696232{343779639},3C_20_50-02.txt,61.404,0.100,6.140,4,6.984,113.74,1.746,4.391,0.000
29,ec.gp.GPIndividual@734696232{343779639},3C_20_80-02.txt,35.738,0.100,3.574,6,3.125,87.44,0.521,4.391,0.000
29,ec.gp.GPIndividual@734696232{343779639},3C_20_80-01.txt,4.194,0.100,0.419,3,0.813,193.71,0.271,4.391,0.000
29,ec.gp.GPIndividual@734696232{343779639},3C_20_80-02.txt,35.738,0.100,3.574,1,5.656,158.27,5.656,5.656,0.000
29,ec.gp.GPIndividual@7530504{170086691},3C_20_50-02.txt,61.404,0.100,6.140,9,4.922,80.16,0.547,1.438,0.000
29,ec.gp.GPIndividual@7530504{170086691},3C_20_50-03.txt,30.993,0.100,3.099,4,3.422,110.41,0.855,1.516,0.000
29,ec.gp.GPIndividual@7530504{170086691},3C_20_50-03.txt,30.993,0.100,3.099,5,4.859,156.79,0.972,1.563,0.000
29,ec.gp.GPIndividual@7530504{170086691},3C_20_50-03.txt,30.993,0.100,3.099,5,1.594,51.42,0.319,1.563,0.000
29,ec.gp.GPIndividual@7530504{170086691},3C_20_80-03.txt,169.439,0.100,16.944,11,18.688,110.29,1.699,4.281,0.000
29,ec.gp.GPIndividual@7530504{170086691},3C_20_66-01.txt,7.322,0.100,0.732,2,4.625,631.64,2.313,4.625,0.000
29,ec.gp.GPIndividual@7530504{170086691},3C_20_66-01.txt,7.322,0.100,0.732,3,3.844,524.95,1.281,4.625,0.000
29,ec.gp.GPIndividual@7530504{170086691},3C_20_80-03.txt,169.439,0.100,16.944,7,4.500,26.56,0.643,4.625,0.000
29,ec.gp.GPIndividual@7530504{170086691},3C_20_66-03.txt,118.340,0.100,11.834,8,13.703,115.79,1.713,6.266,0.000
29,ec.gp.GPIndividual@1811763592{-1525638877},3C_20_50-02.txt,61.404,0.100,6.140,8,6.594,107.38,0.824,1.828,0.000
29,ec.gp.GPIndividual@1811763592{-1525638877},3C_20_50-03.txt,30.993,0.100,3.099,2,4.797,154.77,2.398,4.797,0.000
29,ec.gp.GPIndividual@1811763592{-1525638877},3C_20_80-01.txt,4.194,0.100,0.419,2,0.688,163.91,0.344,4.797,0.000
29,ec.gp.GPIndividual@1811763592{-1525638877},3C_20_66-02.txt,154.245,0.100,15.424,6,13.672,88.64,2.279,6.125,0.000
29,ec.gp.GPIndividual@1811763592{-1525638877},3C_20_66-01.txt,7.322,0.100,0.732,3,1.641,224.06,0.547,6.125,0.000
29,ec.gp.GPIndividual@1811763592{-1525638877},3C_20_66-01.txt,7.322,0.100,0.732,2,1.000,136.57,0.500,6.125,0.000
29,ec.gp.GPIndividual@1811763592{-1525638877},3C_20_80-02.txt,35.738,0.100,3.574,6,4.813,134.66,0.802,6.125,0.000
29,ec.gp.GPIndividual@1811763592{-1525638877},3C_20_66-03.txt,118.340,0.100,11.834,13,11.719,99.03,0.901,6.125,0.000
29,ec.gp.GPIndividual@1811763592{-1525638877},3C_20_66-02.txt,154.245,0.100,15.424,11,17.203,111.53,1.564,6.125,0.000
29,ec.gp.GPIndividual@1811763592{-1525638877},3C_20_80-01.txt,4.194,0.100,0.419,3,1.563,372.51,0.521,6.125,0.000
29,ec.gp.GPIndividual@1811763592{-1525638877},3C_20_80-03.txt,169.439,0.100,16.944,7,6.953,41.04,0.993,6.125,0.000
29,ec.gp.GPIndividual@1811763592{-1525638877},3C_20_66-02.txt,154.245,0.100,15.424,11,15.578,101.00,1.416,6.125,0.000
29,ec.gp.GPIndividual@1811763592{-1525638877},3C_20_66-03.txt,118.340,0.100,11.834,6,14.469,122.26,2.411,6.344,0.000
29,ec.gp.GPIndividual@1811763592{-1525638877},3C_20_66-02.txt,154.245,0.100,15.424,3,3.906,25.32,1.302,6.344,0.000
29,ec.gp.GPIndividual@925845047{-1651735312},3C_20_50-02.txt,61.404,0.100,6.140,6,6.313,102.80,1.052,1.813,0.000
29,ec.gp.GPIndividual@2129728688{1150619558},3C_20_50-02.txt,61.404,0.100,6.140,8,6.406,104.33,0.801,2.469,0.000
29,ec.gp.GPIndividual@2129728688{1150619558},3C_20_66-03.txt,118.340,0.100,11.834,7,8.891,75.13,1.270,4.156,0.000
29,ec.gp.GPIndividual@2129728688{1150619558},3C_20_80-02.txt,35.738,0.100,3.574,5,5.594,156.52,1.119,4.156,0.000
29,ec.gp.GPIndividual@2129728688{1150619558},3C_20_66-03.txt,118.340,0.100,11.834,4,2.172,18.35,0.543,4.156,0.000
29,ec.gp.GPIndividual@2129728688{1150619558},3C_20_50-03.txt,30.993,0.100,3.099,3,4.578,147.72,1.526,4.156,0.000
29,ec.gp.GPIndividual@2129728688{1150619558},3C_20_80-01.txt,4.194,0.100,0.419,4,1.734,413.49,0.434,4.156,0.000
29,ec.gp.GPIndividual@2129728688{1150619558},3C_20_66-01.txt,7.322,0.100,0.732,2,0.828,113.10,0.414,4.156,0.000
29,ec.gp.GPIndividual@2129728688{1150619558},3C_20_80-03.txt,169.439,0.100,16.944,11,18.078,106.69,1.643,4.844,0.000
29,ec.gp.GPIndividual@2129728688{1150619558},3C_20_80-02.txt,35.738,0.100,3.574,3,0.328,9.18,0.109,4.844,0.000
29,ec.gp.GPIndividual@2129728688{1150619558},3C_20_66-02.txt,154.245,0.100,15.424,8,20.906,135.54,2.613,6.031,0.000
29,ec.gp.GPIndividual@2075579905{918492809},3C_20_50-02.txt,61.404,0.100,6.140,7,6.906,112.47,0.987,2.141,0.000
29,ec.gp.GPIndividual@2075579905{918492809},3C_20_80-03.txt,169.439,0.100,16.944,3,0.156,0.92,0.052,2.141,0.000
29,ec.gp.GPIndividual@2075579905{918492809},3C_20_66-03.txt,118.340,0.100,11.834,4,6.953,58.76,1.738,4.297,0.000
29,ec.gp.GPIndividual@2075579905{918492809},3C_20_50-03.txt,30.993,0.100,3.099,2,3.641,117.47,1.820,4.297,0.000
29,ec.gp.GPIndividual@2075579905{918492809},3C_20_80-01.txt,4.194,0.100,0.419,3,0.641,152.73,0.214,4.297,0.000
29,ec.gp.GPIndividual@2075579905{918492809},3C_20_50-03.txt,30.993,0.100,3.099,5,3.953,127.55,0.791,4.297,0.000
29,ec.gp.GPIndividual@2075579905{918492809},3C_20_66-01.txt,7.322,0.100,0.732,4,1.313,179.25,0.328,4.297,0.000
29,ec.gp.GPIndividual@2075579905{918492809},3C_20_80-02.txt,35.738,0.100,3.574,3,3.594,100.56,1.198,4.297,0.000
29,ec.gp.GPIndividual@2075579905{918492809},3C_20_80-01.txt,4.194,0.100,0.419,5,1.547,368.79,0.309,4.297,0.000
29,ec.gp.GPIndividual@2075579905{918492809},3C_20_66-02.txt,154.245,0.100,15.424,10,15.516,100.59,1.552,5.719,0.000
29,ec.gp.GPIndividual@1607970105{879211398},3C_20_50-02.txt,61.404,0.100,6.140,5,6.453,105.09,1.291,2.453,0.000
29,ec.gp.GPIndividual@1607970105{879211398},3C_20_80-02.txt,35.738,0.100,3.574,2,0.516,14.43,0.258,2.453,0.000
29,ec.gp.GPIndividual@1607970105{879211398},3C_20_50-03.txt,30.993,0.100,3.099,5,6.219,200.65,1.244,3.828,0.000
29,ec.gp.GPIndividual@1607970105{879211398},3C_20_66-01.txt,7.322,0.100,0.732,2,1.031,140.84,0.516,3.828,0.000
29,ec.gp.GPIndividual@1607970105{879211398},3C_20_66-03.txt,118.340,0.100,11.834,11,13.531,114.34,1.230,3.828,0.000
29,ec.gp.GPIndividual@1607970105{879211398},3C_20_66-01.txt,7.322,0.100,0.732,2,0.922,125.90,0.461,3.828,0.000
29,ec.gp.GPIndividual@1607970105{879211398},3C_20_80-03.txt,169.439,0.100,16.944,12,17.172,101.35,1.431,4.828,0.000
29,ec.gp.GPIndividual@1607970105{879211398},3C_20_66-02.txt,154.245,0.100,15.424,3,0.500,3.24,0.167,4.828,0.000
29,ec.gp.GPIndividual@1607970105{879211398},3C_20_80-03.txt,169.439,0.100,16.944,10,18.016,106.33,1.802,5.797,0.000
29,ec.gp.GPIndividual@1607970105{879211398},3C_20_66-03.txt,118.340,0.100,11.834,6,16.875,142.60,2.813,6.297,0.000
29,ec.gp.GPIndividual@1607970105{879211398},3C_20_66-02.txt,154.245,0.100,15.424,7,12.609,81.75,1.801,6.297,0.000
29,ec.gp.GPIndividual@147607624{369864062},3C_20_50-02.txt,61.404,0.100,6.140,3,5.391,87.79,1.797,4.875,0.000
29,ec.gp.GPIndividual@147607624{369864062},3C_20_80-01.txt,4.194,0.100,0.419,2,0.516,122.93,0.258,4.875,0.000
29,ec.gp.GPIndividual@147607624{369864062},3C_20_50-03.txt,30.993,0.100,3.099,5,3.422,110.41,0.684,4.875,0.000
29,ec.gp.GPIndividual@147607624{369864062},3C_20_80-02.txt,35.738,0.100,3.574,3,4.516,126.35,1.505,4.875,0.000
29,ec.gp.GPIndividual@147607624{369864062},3C_20_80-01.txt,4.194,0.100,0.419,3,1.594,379.96,0.531,4.875,0.000
29,ec.gp.GPIndividual@147607624{369864062},3C_20_66-03.txt,118.340,0.100,11.834,5,6.281,53.08,1.256,4.875,0.000
29,ec.gp.GPIndividual@147607624{369864062},3C_20_80-01.txt,4.194,0.100,0.419,2,4.359,1039.31,2.180,4.875,0.000
29,ec.gp.GPIndividual@588774145{1482461094},3C_20_50-02.txt,61.404,0.100,6.140,8,6.156,100.26,0.770,2.047,0.000
29,ec.gp.GPIndividual@588774145{1482461094},3C_20_80-03.txt,169.439,0.100,16.944,7,5.766,34.03,0.824,2.047,0.000
29,ec.gp.GPIndividual@588774145{1482461094},3C_20_80-02.txt,35.738,0.100,3.574,8,4.656,130.29,0.582,2.047,0.000
29,ec.gp.GPIndividual@588774145{1482461094},3C_20_80-02.txt,35.738,0.100,3.574,3,0.344,9.62,0.115,2.047,0.000
29,ec.gp.GPIndividual@588774145{1482461094},3C_20_50-03.txt,30.993,0.100,3.099,4,5.203,167.88,1.301,4.906,0.000
29,ec.gp.GPIndividual@588774145{1482461094},3C_20_80-01.txt,4.194,0.100,0.419,4,0.516,122.93,0.129,4.906,0.000
29,ec.gp.GPIndividual@588774145{1482461094},3C_20_80-02.txt,35.738,0.100,3.574,4,4.109,114.99,1.027,4.906,0.000
29,ec.gp.GPIndividual@588774145{1482461094},3C_20_66-01.txt,7.322,0.100,0.732,5,4.422,603.90,0.884,4.906,0.000
29,ec.gp.GPIndividual@588774145{1482461094},3C_20_66-01.txt,7.322,0.100,0.732,4,0.984,134.44,0.246,4.906,0.000
29,ec.gp.GPIndividual@588774145{1482461094},3C_20_66-02.txt,154.245,0.100,15.424,13,17.109,110.92,1.316,5.609,0.000
29,ec.gp.GPIndividual@588774145{1482461094},3C_20_80-03.txt,169.439,0.100,16.944,7,6.984,41.22,0.998,5.609,0.000
29,ec.gp.GPIndividual@1695829061{-1051122901},3C_20_50-02.txt,61.404,0.100,6.140,6,6.547,106.62,1.091,2.125,0.000
29,ec.gp.GPIndividual@1695829061{-1051122901},3C_20_80-03.txt,169.439,0.100,16.944,9,20.531,121.17,2.281,6.203,0.000
29,ec.gp.GPIndividual@1901800175{-1927893449},3C_20_50-02.txt,61.404,0.100,6.140,5,3.172,51.66,0.634,1.609,0.000
29,ec.gp.GPIndividual@1901800175{-1927893449},3C_20_80-03.txt,169.439,0.100,16.944,10,18.391,108.54,1.839,6.375,0.000
29,ec.gp.GPIndividual@2015033057{-614784641},3C_20_50-02.txt,61.404,0.100,6.140,6,1.516,24.68,0.253,0.516,0.000
29,ec.gp.GPIndividual@2015033057{-614784641},3C_20_50-03.txt,30.993,0.100,3.099,5,2.766,89.24,0.553,2.406,0.000
29,ec.gp.GPIndividual@2015033057{-614784641},3C_20_66-02.txt,154.245,0.100,15.424,8,19.859,128.75,2.482,6.328,0.000
29,ec.gp.GPIndividual@2015033057{-614784641},3C_20_50-03.txt,30.993,0.100,3.099,1,0.000,0.00,0.000,6.328,0.000
29,ec.gp.GPIndividual@485642001{687434118},3C_20_50-02.txt,61.404,0.100,6.140,7,7.266,118.32,1.038,2.516,0.000
29,ec.gp.GPIndividual@485642001{687434118},3C_20_50-03.txt,30.993,0.100,3.099,7,3.047,98.31,0.435,2.516,0.000
29,ec.gp.GPIndividual@485642001{687434118},3C_20_50-03.txt,30.993,0.100,3.099,3,4.750,153.26,1.583,3.984,0.000
29,ec.gp.GPIndividual@485642001{687434118},3C_20_66-01.txt,7.322,0.100,0.732,5,3.891,531.35,0.778,3.984,0.000
29,ec.gp.GPIndividual@485642001{687434118},3C_20_66-03.txt,118.340,0.100,11.834,3,0.156,1.32,0.052,3.984,0.000
29,ec.gp.GPIndividual@485642001{687434118},3C_20_66-03.txt,118.340,0.100,11.834,10,13.547,114.47,1.355,3.984,0.000
29,ec.gp.GPIndividual@485642001{687434118},3C_20_66-01.txt,7.322,0.100,0.732,2,1.313,179.25,0.656,3.984,0.000
29,ec.gp.GPIndividual@485642001{687434118},3C_20_66-02.txt,154.245,0.100,15.424,6,5.313,34.44,0.885,4.313,0.000
29,ec.gp.GPIndividual@485642001{687434118},3C_20_66-01.txt,7.322,0.100,0.732,2,4.750,648.71,2.375,4.750,0.000
29,ec.gp.GPIndividual@485642001{687434118},3C_20_80-01.txt,4.194,0.100,0.419,3,0.609,145.28,0.203,4.750,0.000
29,ec.gp.GPIndividual@485642001{687434118},3C_20_66-02.txt,154.245,0.100,15.424,11,16.672,108.09,1.516,4.891,0.000
29,ec.gp.GPIndividual@485642001{687434118},3C_20_66-03.txt,118.340,0.100,11.834,7,12.781,108.00,1.826,4.891,0.000
29,ec.gp.GPIndividual@485642001{687434118},3C_20_66-03.txt,118.340,0.100,11.834,6,12.094,102.20,2.016,4.891,0.000
29,ec.gp.GPIndividual@485642001{687434118},3C_20_80-01.txt,4.194,0.100,0.419,3,2.000,476.82,0.667,4.891,0.000
29,ec.gp.GPIndividual@485642001{687434118},3C_20_66-01.txt,7.322,0.100,0.732,5,0.969,132.30,0.194,4.891,0.000
29,ec.gp.GPIndividual@485642001{687434118},3C_20_80-02.txt,35.738,0.100,3.574,2,4.422,123.73,2.211,4.891,0.000
29,ec.gp.GPIndividual@485642001{687434118},3C_20_80-01.txt,4.194,0.100,0.419,5,5.500,1311.25,1.100,4.891,0.000
29,ec.gp.GPIndividual@485642001{687434118},3C_20_80-01.txt,4.194,0.100,0.419,5,3.609,860.50,0.722,4.891,0.000
29,ec.gp.GPIndividual@485642001{687434118},3C_20_80-02.txt,35.738,0.100,3.574,5,4.359,121.98,0.872,4.891,0.000
29,ec.gp.GPIndividual@485642001{687434118},3C_20_66-02.txt,154.245,0.100,15.424,6,4.516,29.28,0.753,4.891,0.000
29,ec.gp.GPIndividual@485642001{687434118},3C_20_66-02.txt,154.245,0.100,15.424,11,16.047,104.04,1.459,4.891,0.000
29,ec.gp.GPIndividual@485642001{687434118},3C_20_80-03.txt,169.439,0.100,16.944,10,17.625,104.02,1.763,5.094,0.000
29,ec.gp.GPIndividual@485642001{687434118},3C_20_66-03.txt,118.340,0.100,11.834,8,12.688,107.21,1.586,5.844,0.000
29,ec.gp.GPIndividual@551700024{369864062},3C_20_50-02.txt,61.404,0.100,6.140,5,6.359,103.57,1.272,2.547,0.000
29,ec.gp.GPIndividual@551700024{369864062},3C_20_66-03.txt,118.340,0.100,11.834,8,12.906,109.06,1.613,4.797,0.000
29,ec.gp.GPIndividual@551700024{369864062},3C_20_80-03.txt,169.439,0.100,16.944,8,7.875,46.48,0.984,4.797,0.000
29,ec.gp.GPIndividual@551700024{369864062},3C_20_80-02.txt,35.738,0.100,3.574,4,4.188,117.17,1.047,4.797,0.000
29,ec.gp.GPIndividual@551700024{369864062},3C_20_50-03.txt,30.993,0.100,3.099,2,4.797,154.77,2.398,4.797,0.000
29,ec.gp.GPIndividual@551700024{369864062},3C_20_80-01.txt,4.194,0.100,0.419,4,1.188,283.11,0.297,4.797,0.000
29,ec.gp.GPIndividual@551700024{369864062},3C_20_80-03.txt,169.439,0.100,16.944,10,17.047,100.61,1.705,5.672,0.000
29,ec.gp.GPIndividual@551700024{369864062},3C_20_80-01.txt,4.194,0.100,0.419,4,0.516,122.93,0.129,5.672,0.000
29,ec.gp.GPIndividual@551700024{369864062},3C_20_80-02.txt,35.738,0.100,3.574,5,3.594,100.56,0.719,5.672,0.000
29,ec.gp.GPIndividual@551700024{369864062},3C_20_80-02.txt,35.738,0.100,3.574,7,3.688,103.18,0.527,5.672,0.000
29,ec.gp.GPIndividual@551700024{369864062},3C_20_80-03.txt,169.439,0.100,16.944,3,0.281,1.66,0.094,5.672,0.000
29,ec.gp.GPIndividual@551700024{369864062},3C_20_80-02.txt,35.738,0.100,3.574,3,5.766,161.33,1.922,5.672,0.000
29,ec.gp.GPIndividual@551700024{369864062},3C_20_66-01.txt,7.322,0.100,0.732,3,4.344,593.23,1.448,5.672,0.000
29,ec.gp.GPIndividual@2056246918{-727497183},3C_20_50-02.txt,61.404,0.100,6.140,7,6.234,101.53,0.891,2.531,0.000
29,ec.gp.GPIndividual@2056246918{-727497183},3C_20_50-03.txt,30.993,0.100,3.099,4,5.094,164.35,1.273,4.828,0.000
29,ec.gp.GPIndividual@2056246918{-727497183},3C_20_80-01.txt,4.194,0.100,0.419,2,4.703,1121.26,2.352,4.828,0.000
29,ec.gp.GPIndividual@2056246918{-727497183},3C_20_80-03.txt,169.439,0.100,16.944,5,2.641,15.58,0.528,4.828,0.000
29,ec.gp.GPIndividual@1248120788{1344255309},3C_20_50-02.txt,61.404,0.100,6.140,6,6.219,101.28,1.036,4.484,0.000
29,ec.gp.GPIndividual@1623227703{2034087615},3C_20_50-02.txt,61.404,0.100,6.140,14,6.328,103.06,0.452,1.266,0.000
29,ec.gp.GPIndividual@1623227703{2034087615},3C_20_50-03.txt,30.993,0.100,3.099,3,0.094,3.02,0.031,1.266,0.000
29,ec.gp.GPIndividual@1623227703{2034087615},3C_20_66-02.txt,154.245,0.100,15.424,16,15.609,101.20,0.976,2.375,0.000
29,ec.gp.GPIndividual@1623227703{2034087615},3C_20_66-03.txt,118.340,0.100,11.834,2,0.328,2.77,0.164,2.375,0.000
29,ec.gp.GPIndividual@1623227703{2034087615},3C_20_66-01.txt,7.322,0.100,0.732,3,2.984,407.58,0.995,2.609,0.000
29,ec.gp.GPIndividual@1623227703{2034087615},3C_20_66-01.txt,7.322,0.100,0.732,3,3.891,531.35,1.297,3.672,0.000
29,ec.gp.GPIndividual@1623227703{2034087615},3C_20_80-03.txt,169.439,0.100,16.944,19,16.953,100.05,0.892,3.672,0.000
29,ec.gp.GPIndividual@16161400{-24382948},3C_20_50-02.txt,61.404,0.100,6.140,10,6.688,108.91,0.669,3.078,0.000
29,ec.gp.GPIndividual@16161400{-24382948},3C_20_50-03.txt,30.993,0.100,3.099,3,0.219,7.06,0.073,3.078,0.000
29,ec.gp.GPIndividual@16161400{-24382948},3C_20_66-02.txt,154.245,0.100,15.424,4,6.859,44.47,1.715,4.813,0.000
29,ec.gp.GPIndividual@16161400{-24382948},3C_20_80-01.txt,4.194,0.100,0.419,4,0.438,104.30,0.109,4.813,0.000
29,ec.gp.GPIndividual@16161400{-24382948},3C_20_80-02.txt,35.738,0.100,3.574,10,4.516,126.35,0.452,4.813,0.000
29,ec.gp.GPIndividual@16161400{-24382948},3C_20_66-03.txt,118.340,0.100,11.834,11,11.984,101.27,1.089,4.813,0.000
29,ec.gp.GPIndividual@16161400{-24382948},3C_20_80-03.txt,169.439,0.100,16.944,5,5.578,32.92,1.116,4.813,0.000
29,ec.gp.GPIndividual@16161400{-24382948},3C_20_66-02.txt,154.245,0.100,15.424,9,15.953,103.43,1.773,5.313,0.000
29,ec.gp.GPIndividual@16161400{-24382948},3C_20_66-01.txt,7.322,0.100,0.732,5,0.813,110.96,0.163,5.313,0.000
29,ec.gp.GPIndividual@16161400{-24382948},3C_20_66-02.txt,154.245,0.100,15.424,11,15.250,98.87,1.386,5.313,0.000
29,ec.gp.GPIndividual@16161400{-24382948},3C_20_66-03.txt,118.340,0.100,11.834,9,10.828,91.50,1.203,5.313,0.000
29,ec.gp.GPIndividual@1564560440{258782493},3C_20_50-02.txt,61.404,0.100,6.140,11,6.078,98.99,0.553,2.813,0.000
29,ec.gp.GPIndividual@1564560440{258782493},3C_20_80-02.txt,35.738,0.100,3.574,3,2.453,68.64,0.818,2.813,0.000
29,ec.gp.GPIndividual@930726358{258782493},3C_20_50-02.txt,61.404,0.100,6.140,9,6.953,113.24,0.773,1.734,0.094
29,ec.gp.GPIndividual@930726358{258782493},3C_20_50-03.txt,30.993,0.100,3.099,2,0.125,4.03,0.063,1.734,0.000
29,ec.gp.GPIndividual@930726358{258782493},3C_20_50-03.txt,30.993,0.100,3.099,3,3.297,106.38,1.099,1.734,0.000
29,ec.gp.GPIndividual@930726358{258782493},3C_20_66-01.txt,7.322,0.100,0.732,2,1.359,185.65,0.680,1.734,0.000
29,ec.gp.GPIndividual@930726358{258782493},3C_20_80-03.txt,169.439,0.100,16.944,12,21.797,128.64,1.816,5.531,0.000
29,ec.gp.GPIndividual@930726358{258782493},3C_20_66-02.txt,154.245,0.100,15.424,2,0.141,0.91,0.070,5.531,0.000
29,ec.gp.GPIndividual@930726358{258782493},3C_20_66-01.txt,7.322,0.100,0.732,5,0.781,106.70,0.156,5.531,0.000
29,ec.gp.GPIndividual@930726358{258782493},3C_20_66-02.txt,154.245,0.100,15.424,16,15.000,97.25,0.938,5.531,0.000
29,ec.gp.GPIndividual@2136611485{-1222771599},3C_20_50-02.txt,61.404,0.100,6.140,3,2.828,46.06,0.943,2.828,0.000
29,ec.gp.GPIndividual@2136611485{-1222771599},3C_20_66-03.txt,118.340,0.100,11.834,3,2.438,20.60,0.813,2.828,0.000
29,ec.gp.GPIndividual@2136611485{-1222771599},3C_20_66-03.txt,118.340,0.100,11.834,8,1.578,13.34,0.197,2.828,0.000
29,ec.gp.GPIndividual@2136611485{-1222771599},3C_20_50-03.txt,30.993,0.100,3.099,4,2.781,89.74,0.695,2.828,0.000
29,ec.gp.GPIndividual@2136611485{-1222771599},3C_20_80-01.txt,4.194,0.100,0.419,2,0.172,40.98,0.086,2.828,0.000
29,ec.gp.GPIndividual@2136611485{-1222771599},3C_20_80-02.txt,35.738,0.100,3.574,2,3.813,106.68,1.906,2.828,0.000
29,ec.gp.GPIndividual@2136611485{-1222771599},3C_20_66-01.txt,7.322,0.100,0.732,3,0.828,113.10,0.276,2.828,0.000
29,ec.gp.GPIndividual@2136611485{-1222771599},3C_20_80-01.txt,4.194,0.100,0.419,3,0.391,93.13,0.130,2.828,0.000
29,ec.gp.GPIndividual@2136611485{-1222771599},3C_20_80-02.txt,35.738,0.100,3.574,7,3.266,91.38,0.467,2.828,0.000
29,ec.gp.GPIndividual@2136611485{-1222771599},3C_20_80-03.txt,169.439,0.100,16.944,10,21.625,127.63,2.163,6.094,0.000
29,ec.gp.GPIndividual@2136611485{-1222771599},3C_20_80-03.txt,169.439,0.100,16.944,7,18.984,112.04,2.712,6.656,0.000
29,ec.gp.GPIndividual@2049583088{-1228039581},3C_20_50-02.txt,61.404,0.100,6.140,9,3.547,57.76,0.394,2.172,0.000
29,ec.gp.GPIndividual@2049583088{-1228039581},3C_20_50-03.txt,30.993,0.100,3.099,3,3.406,109.91,1.135,2.172,0.000
