Generation,Individual,Instance,BaselineTime,BudgetPercentage,BudgetCalculated,TotalCalls,TotalTimeUsed,BudgetUtilization,AvgTimePerCall,MaxTimePerCall,MinTimePerCall
0,ec.gp.GPIndividual@7313277{-803947102},3C_20_50-02.txt,61.404,1.000,61.404,0,0.000,0.00,0.000,0.000,0.000
0,ec.gp.GPIndividual@7313277{-803947102},3C_20_50-02.txt,61.404,1.000,61.404,0,0.000,0.00,0.000,0.000,0.000
0,ec.gp.GPIndividual@7313277{-803947102},3C_20_50-02.txt,61.404,1.000,61.404,0,0.000,0.00,0.000,0.000,0.000
0,ec.gp.GPIndividual@7313277{-803947102},3C_20_50-03.txt,30.993,1.000,30.993,0,0.000,0.00,0.000,0.000,0.000
0,ec.gp.GPIndividual@7313277{-803947102},3C_20_50-03.txt,30.993,1.000,30.993,0,0.000,0.00,0.000,0.000,0.000
0,ec.gp.GPIndividual@7313277{-803947102},3C_20_66-01.txt,7.322,1.000,7.322,0,0.000,0.00,0.000,0.000,0.000
0,ec.gp.GPIndividual@7313277{-803947102},3C_20_66-01.txt,7.322,1.000,7.322,0,0.000,0.00,0.000,0.000,0.000
0,ec.gp.GPIndividual@7313277{-803947102},3C_20_66-01.txt,7.322,1.000,7.322,0,0.000,0.00,0.000,0.000,0.000
0,ec.gp.GPIndividual@7313277{-803947102},3C_20_66-01.txt,7.322,1.000,7.322,0,0.000,0.00,0.000,0.000,0.000
0,ec.gp.GPIndividual@7313277{-803947102},3C_20_66-01.txt,7.322,1.000,7.322,0,0.000,0.00,0.000,0.000,0.000
0,ec.gp.GPIndividual@7313277{-803947102},3C_20_66-01.txt,7.322,1.000,7.322,1,0.000,0.00,0.000,0.000,0.000
0,ec.gp.GPIndividual@7313277{-803947102},3C_20_66-01.txt,7.322,1.000,7.322,1,0.000,0.00,0.000,0.000,0.000
0,ec.gp.GPIndividual@7313277{-803947102},3C_20_66-02.txt,154.245,1.000,154.245,1,0.000,0.00,0.000,0.000,0.000
0,ec.gp.GPIndividual@7313277{-803947102},3C_20_66-02.txt,154.245,1.000,154.245,1,0.000,0.00,0.000,0.000,0.000
0,ec.gp.GPIndividual@7313277{-803947102},3C_20_66-02.txt,154.245,1.000,154.245,0,0.000,0.00,0.000,0.000,0.000
0,ec.gp.GPIndividual@7313277{-803947102},3C_20_66-02.txt,154.245,1.000,154.245,0,0.000,0.00,0.000,0.000,0.000
0,ec.gp.GPIndividual@7313277{-803947102},3C_20_66-03.txt,118.340,1.000,118.340,1,0.000,0.00,0.000,0.000,0.000
0,ec.gp.GPIndividual@7313277{-803947102},3C_20_66-03.txt,118.340,1.000,118.340,1,0.000,0.00,0.000,0.000,0.000
0,ec.gp.GPIndividual@7313277{-803947102},3C_20_66-03.txt,118.340,1.000,118.340,0,0.000,0.00,0.000,0.000,0.000
0,ec.gp.GPIndividual@7313277{-803947102},3C_20_66-03.txt,118.340,1.000,118.340,0,0.000,0.00,0.000,0.000,0.000
0,ec.gp.GPIndividual@7313277{-803947102},3C_20_80-01.txt,4.194,1.000,4.194,1,0.000,0.00,0.000,0.000,0.000
0,ec.gp.GPIndividual@7313277{-803947102},3C_20_80-02.txt,35.738,1.000,35.738,0,0.000,0.00,0.000,0.000,0.000
0,ec.gp.GPIndividual@7313277{-803947102},3C_20_80-02.txt,35.738,1.000,35.738,0,0.000,0.00,0.000,0.000,0.000
0,ec.gp.GPIndividual@7313277{-803947102},3C_20_80-02.txt,35.738,1.000,35.738,1,0.000,0.00,0.000,0.000,0.000
0,ec.gp.GPIndividual@7313277{-803947102},3C_20_80-01.txt,4.194,1.000,4.194,0,0.000,0.00,0.000,0.000,0.000
0,ec.gp.GPIndividual@7313277{-803947102},3C_20_80-01.txt,4.194,1.000,4.194,0,0.000,0.00,0.000,0.000,0.000
0,ec.gp.GPIndividual@7313277{-803947102},3C_20_80-03.txt,169.439,1.000,169.439,1,0.000,0.00,0.000,0.000,0.000
0,ec.gp.GPIndividual@245922048{175951529},3C_20_80-02.txt,35.738,1.000,35.738,0,0.000,0.00,0.000,0.000,0.000
0,ec.gp.GPIndividual@245922048{175951529},3C_20_80-02.txt,35.738,1.000,35.738,0,0.000,0.00,0.000,0.000,0.000
0,ec.gp.GPIndividual@1330965570{917948461},null,0.000,1.000,0.000,1,0.000,0.00,0.000,0.000,0.000
0,ec.gp.GPIndividual@1330965570{917948461},3C_20_80-03.txt,169.439,1.000,169.439,0,0.000,0.00,0.000,0.000,0.000
0,ec.gp.GPIndividual@1330965570{917948461},3C_20_80-03.txt,169.439,1.000,169.439,0,0.000,0.00,0.000,0.000,0.000
0,ec.gp.GPIndividual@1330965570{917948461},3C_20_80-03.txt,169.439,1.000,169.439,0,0.000,0.00,0.000,0.000,0.000
0,ec.gp.GPIndividual@1330965570{917948461},3C_20_50-03.txt,30.993,1.000,30.993,0,0.000,0.00,0.000,0.000,0.000
0,ec.gp.GPIndividual@767126569{-2070955810},3C_20_66-01.txt,7.322,1.000,7.322,0,0.000,0.00,0.000,0.000,0.000
0,ec.gp.GPIndividual@767126569{-2070955810},3C_20_66-01.txt,7.322,1.000,7.322,0,0.000,0.00,0.000,0.000,0.000
0,ec.gp.GPIndividual@767126569{-2070955810},3C_20_66-01.txt,7.322,1.000,7.322,0,0.000,0.00,0.000,0.000,0.000
0,ec.gp.GPIndividual@767126569{-2070955810},3C_20_66-01.txt,7.322,1.000,7.322,0,0.000,0.00,0.000,0.000,0.000
0,ec.gp.GPIndividual@767126569{-2070955810},3C_20_66-01.txt,7.322,1.000,7.322,1,0.000,0.00,0.000,0.000,0.000
0,ec.gp.GPIndividual@767126569{-2070955810},3C_20_66-01.txt,7.322,1.000,7.322,1,0.000,0.00,0.000,0.000,0.000
0,ec.gp.GPIndividual@767126569{-2070955810},3C_20_66-01.txt,7.322,1.000,7.322,1,0.000,0.00,0.000,0.000,0.000
0,ec.gp.GPIndividual@767126569{-2070955810},3C_20_66-02.txt,154.245,1.000,154.245,1,0.000,0.00,0.000,0.000,0.000
0,ec.gp.GPIndividual@767126569{-2070955810},3C_20_66-02.txt,154.245,1.000,154.245,1,0.000,0.00,0.000,0.000,0.000
0,ec.gp.GPIndividual@767126569{-2070955810},3C_20_66-02.txt,154.245,1.000,154.245,1,0.000,0.00,0.000,0.000,0.000
0,ec.gp.GPIndividual@767126569{-2070955810},3C_20_66-03.txt,118.340,1.000,118.340,1,0.000,0.00,0.000,0.000,0.000
0,ec.gp.GPIndividual@767126569{-2070955810},3C_20_66-03.txt,118.340,1.000,118.340,1,0.000,0.00,0.000,0.000,0.000
0,ec.gp.GPIndividual@767126569{-2070955810},3C_20_66-03.txt,118.340,1.000,118.340,1,0.000,0.00,0.000,0.000,0.000
0,ec.gp.GPIndividual@767126569{-2070955810},3C_20_80-01.txt,4.194,1.000,4.194,1,0.000,0.00,0.000,0.000,0.000
0,ec.gp.GPIndividual@767126569{-2070955810},3C_20_80-01.txt,4.194,1.000,4.194,1,0.000,0.00,0.000,0.000,0.000
0,ec.gp.GPIndividual@767126569{-2070955810},3C_20_80-01.txt,4.194,1.000,4.194,1,0.000,0.00,0.000,0.000,0.000
0,ec.gp.GPIndividual@767126569{-2070955810},3C_20_80-02.txt,35.738,1.000,35.738,1,0.000,0.00,0.000,0.000,0.000
0,ec.gp.GPIndividual@1265332592{664513076},3C_20_50-02.txt,61.404,1.000,61.404,1,0.000,0.00,0.000,0.000,0.000
0,ec.gp.GPIndividual@1265332592{664513076},3C_20_50-02.txt,61.404,1.000,61.404,1,0.000,0.00,0.000,0.000,0.000
0,ec.gp.GPIndividual@177732621{1096608486},null,0.000,1.000,0.000,0,0.000,0.00,0.000,0.000,0.000
0,ec.gp.GPIndividual@843644508{-659581334},3C_20_66-01.txt,7.322,1.000,7.322,0,0.000,0.00,0.000,0.000,0.000
0,ec.gp.GPIndividual@843644508{-659581334},3C_20_66-01.txt,7.322,1.000,7.322,0,0.000,0.00,0.000,0.000,0.000
0,ec.gp.GPIndividual@843644508{-659581334},3C_20_66-01.txt,7.322,1.000,7.322,0,0.000,0.00,0.000,0.000,0.000
0,ec.gp.GPIndividual@843644508{-659581334},3C_20_50-03.txt,30.993,1.000,30.993,0,0.000,0.00,0.000,0.000,0.000
0,ec.gp.GPIndividual@843644508{-659581334},3C_20_50-03.txt,30.993,1.000,30.993,0,0.000,0.00,0.000,0.000,0.000
0,ec.gp.GPIndividual@843644508{-659581334},3C_20_66-03.txt,118.340,1.000,118.340,0,0.000,0.00,0.000,0.000,0.000
0,ec.gp.GPIndividual@843644508{-659581334},3C_20_66-03.txt,118.340,1.000,118.340,0,0.000,0.00,0.000,0.000,0.000
0,ec.gp.GPIndividual@843644508{-659581334},3C_20_66-01.txt,7.322,1.000,7.322,0,0.000,0.00,0.000,0.000,0.000
0,ec.gp.GPIndividual@843644508{-659581334},3C_20_66-02.txt,154.245,1.000,154.245,0,0.000,0.00,0.000,0.000,0.000
0,ec.gp.GPIndividual@843644508{-659581334},3C_20_66-02.txt,154.245,1.000,154.245,0,0.000,0.00,0.000,0.000,0.000
0,ec.gp.GPIndividual@843644508{-659581334},3C_20_66-02.txt,154.245,1.000,154.245,0,0.000,0.00,0.000,0.000,0.000
0,ec.gp.GPIndividual@843644508{-659581334},3C_20_80-02.txt,35.738,1.000,35.738,0,0.000,0.00,0.000,0.000,0.000
0,ec.gp.GPIndividual@843644508{-659581334},3C_20_80-02.txt,35.738,1.000,35.738,0,0.000,0.00,0.000,0.000,0.000
0,ec.gp.GPIndividual@843644508{-659581334},3C_20_66-03.txt,118.340,1.000,118.340,0,0.000,0.00,0.000,0.000,0.000
0,ec.gp.GPIndividual@843644508{-659581334},3C_20_80-03.txt,169.439,1.000,169.439,0,0.000,0.00,0.000,0.000,0.000
0,ec.gp.GPIndividual@843644508{-659581334},3C_20_80-03.txt,169.439,1.000,169.439,0,0.000,0.00,0.000,0.000,0.000
0,ec.gp.GPIndividual@241821305{753425794},3C_20_80-02.txt,35.738,1.000,35.738,0,0.000,0.00,0.000,0.000,0.000
0,ec.gp.GPIndividual@241821305{753425794},3C_20_80-03.txt,169.439,1.000,169.439,0,0.000,0.00,0.000,0.000,0.000
0,ec.gp.GPIndividual@241821305{753425794},3C_20_80-03.txt,169.439,1.000,169.439,0,0.000,0.00,0.000,0.000,0.000
0,ec.gp.GPIndividual@241821305{753425794},3C_20_80-03.txt,169.439,1.000,169.439,0,0.000,0.00,0.000,0.000,0.000
0,ec.gp.GPIndividual@1335194427{1241385411},3C_20_50-02.txt,61.404,1.000,61.404,0,0.000,0.00,0.000,0.000,0.000
0,ec.gp.GPIndividual@1335194427{1241385411},3C_20_66-01.txt,7.322,1.000,7.322,0,0.000,0.00,0.000,0.000,0.000
0,ec.gp.GPIndividual@1335194427{1241385411},3C_20_80-03.txt,169.439,1.000,169.439,0,0.000,0.00,0.000,0.000,0.000
0,ec.gp.GPIndividual@1335194427{1241385411},3C_20_80-03.txt,169.439,1.000,169.439,0,0.000,0.00,0.000,0.000,0.000
0,ec.gp.GPIndividual@2001368689{-265009734},3C_20_50-02.txt,61.404,1.000,61.404,0,0.000,0.00,0.000,0.000,0.000
0,ec.gp.GPIndividual@2001368689{-265009734},3C_20_66-01.txt,7.322,1.000,7.322,0,0.000,0.00,0.000,0.000,0.000
0,ec.gp.GPIndividual@2001368689{-265009734},3C_20_66-02.txt,154.245,1.000,154.245,0,0.000,0.00,0.000,0.000,0.000
0,ec.gp.GPIndividual@2001368689{-265009734},3C_20_66-03.txt,118.340,1.000,118.340,0,0.000,0.00,0.000,0.000,0.000
0,ec.gp.GPIndividual@2001368689{-265009734},3C_20_66-03.txt,118.340,1.000,118.340,0,0.000,0.00,0.000,0.000,0.000
0,ec.gp.GPIndividual@2001368689{-265009734},3C_20_80-01.txt,4.194,1.000,4.194,0,0.000,0.00,0.000,0.000,0.000
0,ec.gp.GPIndividual@2001368689{-265009734},3C_20_80-01.txt,4.194,1.000,4.194,0,0.000,0.00,0.000,0.000,0.000
0,ec.gp.GPIndividual@2001368689{-265009734},3C_20_80-01.txt,4.194,1.000,4.194,0,0.000,0.00,0.000,0.000,0.000
0,ec.gp.GPIndividual@2001368689{-265009734},3C_20_80-01.txt,4.194,1.000,4.194,0,0.000,0.00,0.000,0.000,0.000
0,ec.gp.GPIndividual@2001368689{-265009734},3C_20_80-02.txt,35.738,1.000,35.738,0,0.000,0.00,0.000,0.000,0.000
0,ec.gp.GPIndividual@1475587758{-699514881},null,0.000,1.000,0.000,0,0.000,0.00,0.000,0.000,0.000
0,ec.gp.GPIndividual@1475587758{-699514881},3C_20_80-03.txt,169.439,1.000,169.439,1,0.000,0.00,0.000,0.000,0.000
0,ec.gp.GPIndividual@1475587758{-699514881},3C_20_80-03.txt,169.439,1.000,169.439,1,0.000,0.00,0.000,0.000,0.000
0,ec.gp.GPIndividual@868078027{412379619},3C_20_50-02.txt,61.404,1.000,61.404,0,0.000,0.00,0.000,0.000,0.000
0,ec.gp.GPIndividual@868078027{412379619},3C_20_50-02.txt,61.404,1.000,61.404,0,0.000,0.00,0.000,0.000,0.000
0,ec.gp.GPIndividual@868078027{412379619},3C_20_50-03.txt,30.993,1.000,30.993,0,0.000,0.00,0.000,0.000,0.000
0,ec.gp.GPIndividual@868078027{412379619},3C_20_50-03.txt,30.993,1.000,30.993,0,0.000,0.00,0.000,0.000,0.000
0,ec.gp.GPIndividual@868078027{412379619},3C_20_66-01.txt,7.322,1.000,7.322,1,0.000,0.00,0.000,0.000,0.000
0,ec.gp.GPIndividual@868078027{412379619},3C_20_66-01.txt,7.322,1.000,7.322,1,0.000,0.00,0.000,0.000,0.000
0,ec.gp.GPIndividual@868078027{412379619},3C_20_66-02.txt,154.245,1.000,154.245,1,0.000,0.00,0.000,0.000,0.000
0,ec.gp.GPIndividual@868078027{412379619},3C_20_66-02.txt,154.245,1.000,154.245,1,0.000,0.00,0.000,0.000,0.000
0,ec.gp.GPIndividual@868078027{412379619},3C_20_66-03.txt,118.340,1.000,118.340,1,0.000,0.00,0.000,0.000,0.000
0,ec.gp.GPIndividual@868078027{412379619},3C_20_66-03.txt,118.340,1.000,118.340,1,0.000,0.00,0.000,0.000,0.000
0,ec.gp.GPIndividual@868078027{412379619},3C_20_80-01.txt,4.194,1.000,4.194,1,0.000,0.00,0.000,0.000,0.000
0,ec.gp.GPIndividual@868078027{412379619},3C_20_80-01.txt,4.194,1.000,4.194,1,0.000,0.00,0.000,0.000,0.000
0,ec.gp.GPIndividual@868078027{412379619},3C_20_80-02.txt,35.738,1.000,35.738,1,0.000,0.00,0.000,0.000,0.000
0,ec.gp.GPIndividual@868078027{412379619},3C_20_80-02.txt,35.738,1.000,35.738,1,0.000,0.00,0.000,0.000,0.000
0,ec.gp.GPIndividual@1068330734{1948675049},3C_20_50-02.txt,61.404,1.000,61.404,0,0.000,0.00,0.000,0.000,0.000
0,ec.gp.GPIndividual@2123423429{2077799766},3C_20_50-02.txt,61.404,1.000,61.404,0,0.000,0.00,0.000,0.000,0.000
0,ec.gp.GPIndividual@2123423429{2077799766},3C_20_66-01.txt,7.322,1.000,7.322,0,0.000,0.00,0.000,0.000,0.000
0,ec.gp.GPIndividual@2123423429{2077799766},3C_20_66-02.txt,154.245,1.000,154.245,0,0.000,0.00,0.000,0.000,0.000
0,ec.gp.GPIndividual@2123423429{2077799766},3C_20_66-03.txt,118.340,1.000,118.340,0,0.000,0.00,0.000,0.000,0.000
0,ec.gp.GPIndividual@2123423429{2077799766},3C_20_80-01.txt,4.194,1.000,4.194,0,0.000,0.00,0.000,0.000,0.000
0,ec.gp.GPIndividual@2123423429{2077799766},3C_20_80-02.txt,35.738,1.000,35.738,0,0.000,0.00,0.000,0.000,0.000
0,ec.gp.GPIndividual@2123423429{2077799766},3C_20_80-03.txt,169.439,1.000,169.439,0,0.000,0.00,0.000,0.000,0.000
0,ec.gp.GPIndividual@803043482{1675776719},3C_20_50-02.txt,61.404,1.000,61.404,0,0.000,0.00,0.000,0.000,0.000
0,ec.gp.GPIndividual@803043482{1675776719},3C_20_50-03.txt,30.993,1.000,30.993,0,0.000,0.00,0.000,0.000,0.000
0,ec.gp.GPIndividual@803043482{1675776719},3C_20_66-01.txt,7.322,1.000,7.322,0,0.000,0.00,0.000,0.000,0.000
0,ec.gp.GPIndividual@803043482{1675776719},3C_20_66-02.txt,154.245,1.000,154.245,0,0.000,0.00,0.000,0.000,0.000
0,ec.gp.GPIndividual@803043482{1675776719},3C_20_66-03.txt,118.340,1.000,118.340,0,0.000,0.00,0.000,0.000,0.000
0,ec.gp.GPIndividual@803043482{1675776719},3C_20_80-01.txt,4.194,1.000,4.194,0,0.000,0.00,0.000,0.000,0.000
0,ec.gp.GPIndividual@803043482{1675776719},3C_20_80-02.txt,35.738,1.000,35.738,0,0.000,0.00,0.000,0.000,0.000
0,ec.gp.GPIndividual@803043482{1675776719},3C_20_80-03.txt,169.439,1.000,169.439,0,0.000,0.00,0.000,0.000,0.000
0,ec.gp.GPIndividual@1850087734{-1715914735},3C_20_50-02.txt,61.404,1.000,61.404,0,0.000,0.00,0.000,0.000,0.000
0,ec.gp.GPIndividual@1850087734{-1715914735},3C_20_50-03.txt,30.993,1.000,30.993,0,0.000,0.00,0.000,0.000,0.000
0,ec.gp.GPIndividual@1850087734{-1715914735},3C_20_66-01.txt,7.322,1.000,7.322,0,0.000,0.00,0.000,0.000,0.000
0,ec.gp.GPIndividual@1850087734{-1715914735},3C_20_66-02.txt,154.245,1.000,154.245,0,0.000,0.00,0.000,0.000,0.000
0,ec.gp.GPIndividual@1850087734{-1715914735},3C_20_66-03.txt,118.340,1.000,118.340,0,0.000,0.00,0.000,0.000,0.000
0,ec.gp.GPIndividual@1850087734{-1715914735},3C_20_80-01.txt,4.194,1.000,4.194,0,0.000,0.00,0.000,0.000,0.000
0,ec.gp.GPIndividual@1850087734{-1715914735},3C_20_80-02.txt,35.738,1.000,35.738,0,0.000,0.00,0.000,0.000,0.000
0,ec.gp.GPIndividual@1850087734{-1715914735},3C_20_80-03.txt,169.439,1.000,169.439,0,0.000,0.00,0.000,0.000,0.000
0,ec.gp.GPIndividual@604654734{350901696},3C_20_50-02.txt,61.404,1.000,61.404,0,0.000,0.00,0.000,0.000,0.000
0,ec.gp.GPIndividual@604654734{350901696},3C_20_50-03.txt,30.993,1.000,30.993,0,0.000,0.00,0.000,0.000,0.000
0,ec.gp.GPIndividual@604654734{350901696},3C_20_66-01.txt,7.322,1.000,7.322,0,0.000,0.00,0.000,0.000,0.000
0,ec.gp.GPIndividual@604654734{350901696},3C_20_66-02.txt,154.245,1.000,154.245,0,0.000,0.00,0.000,0.000,0.000
0,ec.gp.GPIndividual@604654734{350901696},3C_20_66-03.txt,118.340,1.000,118.340,0,0.000,0.00,0.000,0.000,0.000
0,ec.gp.GPIndividual@604654734{350901696},3C_20_80-01.txt,4.194,1.000,4.194,0,0.000,0.00,0.000,0.000,0.000
0,ec.gp.GPIndividual@604654734{350901696},3C_20_80-02.txt,35.738,1.000,35.738,0,0.000,0.00,0.000,0.000,0.000
0,ec.gp.GPIndividual@604654734{350901696},3C_20_80-03.txt,169.439,1.000,169.439,0,0.000,0.00,0.000,0.000,0.000
0,ec.gp.GPIndividual@1263673998{-1815681730},3C_20_50-02.txt,61.404,1.000,61.404,2,0.234,0.38,0.117,0.234,0.000
0,ec.gp.GPIndividual@1263673998{-1815681730},3C_20_50-03.txt,30.993,1.000,30.993,1,0.234,0.76,0.234,0.234,0.000
0,ec.gp.GPIndividual@1263673998{-1815681730},3C_20_50-03.txt,30.993,1.000,30.993,4,2.422,7.81,0.605,1.469,0.000
0,ec.gp.GPIndividual@1263673998{-1815681730},3C_20_50-03.txt,30.993,1.000,30.993,2,3.297,10.64,1.648,1.672,0.000
0,ec.gp.GPIndividual@1263673998{-1815681730},3C_20_50-03.txt,30.993,1.000,30.993,2,0.297,0.96,0.148,1.672,0.000
0,ec.gp.GPIndividual@1263673998{-1815681730},3C_20_50-03.txt,30.993,1.000,30.993,1,3.859,12.45,3.859,3.859,0.000
0,ec.gp.GPIndividual@1263673998{-1815681730},3C_20_66-01.txt,7.322,1.000,7.322,1,4.125,56.34,4.125,4.125,0.000
0,ec.gp.GPIndividual@1263673998{-1815681730},3C_20_66-01.txt,7.322,1.000,7.322,1,0.734,10.03,0.734,4.125,0.000
0,ec.gp.GPIndividual@1263673998{-1815681730},3C_20_66-02.txt,154.245,1.000,154.245,1,0.734,0.48,0.734,4.125,0.000
0,ec.gp.GPIndividual@1263673998{-1815681730},3C_20_66-02.txt,154.245,1.000,154.245,4,12.594,8.16,3.148,4.125,0.000
0,ec.gp.GPIndividual@1263673998{-1815681730},3C_20_66-03.txt,118.340,1.000,118.340,1,1.906,1.61,1.906,4.125,0.000
0,ec.gp.GPIndividual@1263673998{-1815681730},3C_20_66-03.txt,118.340,1.000,118.340,1,6.125,5.18,6.125,6.125,0.000
0,ec.gp.GPIndividual@1263673998{-1815681730},3C_20_66-01.txt,7.322,1.000,7.322,1,5.969,81.52,5.969,6.125,0.000
0,ec.gp.GPIndividual@1263673998{-1815681730},3C_20_66-01.txt,7.322,1.000,7.322,3,10.953,149.59,3.651,6.125,0.000
0,ec.gp.GPIndividual@1263673998{-1815681730},3C_20_80-01.txt,4.194,1.000,4.194,1,4.875,116.22,4.875,6.125,0.000
0,ec.gp.GPIndividual@1263673998{-1815681730},3C_20_80-01.txt,4.194,1.000,4.194,3,1.875,44.70,0.625,6.125,0.000
0,ec.gp.GPIndividual@1263673998{-1815681730},3C_20_66-01.txt,7.322,1.000,7.322,1,1.016,13.87,1.016,6.125,0.000
0,ec.gp.GPIndividual@1263673998{-1815681730},3C_20_80-02.txt,35.738,1.000,35.738,1,1.094,3.06,1.094,6.125,0.000
0,ec.gp.GPIndividual@1263673998{-1815681730},3C_20_80-02.txt,35.738,1.000,35.738,2,1.719,4.81,0.859,6.125,0.000
0,ec.gp.GPIndividual@1263673998{-1815681730},3C_20_66-02.txt,154.245,1.000,154.245,1,1.141,0.74,1.141,6.125,0.000
0,ec.gp.GPIndividual@1263673998{-1815681730},3C_20_66-02.txt,154.245,1.000,154.245,3,2.750,1.78,0.917,6.125,0.000
0,ec.gp.GPIndividual@1263673998{-1815681730},3C_20_80-03.txt,169.439,1.000,169.439,1,1.703,1.01,1.703,6.125,0.000
0,ec.gp.GPIndividual@1263673998{-1815681730},3C_20_80-03.txt,169.439,1.000,169.439,2,2.750,1.62,1.375,6.125,0.000
0,ec.gp.GPIndividual@1263673998{-1815681730},3C_20_66-02.txt,154.245,1.000,154.245,2,3.031,1.97,1.516,6.125,0.000
0,ec.gp.GPIndividual@1263673998{-1815681730},3C_20_66-03.txt,118.340,1.000,118.340,1,1.078,0.91,1.078,6.125,0.000
0,ec.gp.GPIndividual@1263673998{-1815681730},3C_20_66-03.txt,118.340,1.000,118.340,4,7.516,6.35,1.879,6.125,0.000
0,ec.gp.GPIndividual@593184162{-39264551},3C_20_50-02.txt,61.404,1.000,61.404,1,0.922,1.50,0.922,0.922,0.922
0,ec.gp.GPIndividual@593184162{-39264551},3C_20_66-03.txt,118.340,1.000,118.340,1,4.766,4.03,4.766,4.766,0.922
0,ec.gp.GPIndividual@1967394787{-394482847},3C_20_50-02.txt,61.404,1.000,61.404,4,1.078,1.76,0.270,0.281,0.250
0,ec.gp.GPIndividual@1967394787{-394482847},3C_20_50-03.txt,30.993,1.000,30.993,3,10.688,34.48,3.563,4.750,0.250
0,ec.gp.GPIndividual@1967394787{-394482847},3C_20_50-03.txt,30.993,1.000,30.993,2,6.500,20.97,3.250,4.750,0.250
0,ec.gp.GPIndividual@1967394787{-394482847},3C_20_80-01.txt,4.194,1.000,4.194,1,3.000,71.52,3.000,4.750,0.250
0,ec.gp.GPIndividual@1967394787{-394482847},3C_20_80-01.txt,4.194,1.000,4.194,2,5.000,119.20,2.500,5.000,0.000
0,ec.gp.GPIndividual@1967394787{-394482847},3C_20_80-01.txt,4.194,1.000,4.194,4,3.703,88.29,0.926,5.000,0.000
0,ec.gp.GPIndividual@1967394787{-394482847},3C_20_66-01.txt,7.322,1.000,7.322,5,6.438,87.92,1.288,5.000,0.000
0,ec.gp.GPIndividual@1967394787{-394482847},3C_20_66-01.txt,7.322,1.000,7.322,1,1.328,18.14,1.328,5.000,0.000
0,ec.gp.GPIndividual@1967394787{-394482847},3C_20_80-02.txt,35.738,1.000,35.738,2,2.250,6.30,1.125,5.000,0.000
0,ec.gp.GPIndividual@1967394787{-394482847},3C_20_80-02.txt,35.738,1.000,35.738,4,2.281,6.38,0.570,5.000,0.000
0,ec.gp.GPIndividual@1967394787{-394482847},3C_20_66-02.txt,154.245,1.000,154.245,1,0.766,0.50,0.766,5.000,0.000
0,ec.gp.GPIndividual@1967394787{-394482847},3C_20_66-02.txt,154.245,1.000,154.245,3,3.969,2.57,1.323,5.000,0.000
0,ec.gp.GPIndividual@1967394787{-394482847},3C_20_80-03.txt,169.439,1.000,169.439,1,0.922,0.54,0.922,5.000,0.000
0,ec.gp.GPIndividual@1967394787{-394482847},3C_20_80-03.txt,169.439,1.000,169.439,2,2.844,1.68,1.422,5.000,0.000
0,ec.gp.GPIndividual@1967394787{-394482847},3C_20_80-02.txt,35.738,1.000,35.738,5,7.484,20.94,1.497,5.000,0.000
0,ec.gp.GPIndividual@1967394787{-394482847},3C_20_66-03.txt,118.340,1.000,118.340,2,2.234,1.89,1.117,5.000,0.000
0,ec.gp.GPIndividual@1967394787{-394482847},3C_20_66-03.txt,118.340,1.000,118.340,1,0.906,0.77,0.906,5.000,0.000
0,ec.gp.GPIndividual@1967394787{-394482847},3C_20_80-03.txt,169.439,1.000,169.439,6,27.844,16.43,4.641,5.078,0.000
0,ec.gp.GPIndividual@1967394787{-394482847},3C_20_80-01.txt,4.194,1.000,4.194,2,4.797,114.36,2.398,5.078,0.000
0,ec.gp.GPIndividual@1967394787{-394482847},3C_20_80-01.txt,4.194,1.000,4.194,1,1.047,24.96,1.047,5.078,0.000
0,ec.gp.GPIndividual@1967394787{-394482847},3C_20_80-02.txt,35.738,1.000,35.738,3,3.688,10.32,1.229,5.078,0.000
0,ec.gp.GPIndividual@1967394787{-394482847},3C_20_80-03.txt,169.439,1.000,169.439,1,1.188,0.70,1.188,5.078,0.000
0,ec.gp.GPIndividual@1967394787{-394482847},3C_20_80-02.txt,35.738,1.000,35.738,3,3.813,10.67,1.271,5.078,0.000
0,ec.gp.GPIndividual@1967394787{-394482847},3C_20_80-03.txt,169.439,1.000,169.439,2,8.984,5.30,4.492,5.266,0.000
0,ec.gp.GPIndividual@1903920531{2018728721},3C_20_50-02.txt,61.404,1.000,61.404,0,0.000,0.00,0.000,0.000,0.000
0,ec.gp.GPIndividual@1903920531{2018728721},3C_20_50-03.txt,30.993,1.000,30.993,0,0.000,0.00,0.000,0.000,0.000
0,ec.gp.GPIndividual@1903920531{2018728721},3C_20_66-01.txt,7.322,1.000,7.322,0,0.000,0.00,0.000,0.000,0.000
0,ec.gp.GPIndividual@1903920531{2018728721},3C_20_66-02.txt,154.245,1.000,154.245,0,0.000,0.00,0.000,0.000,0.000
0,ec.gp.GPIndividual@1903920531{2018728721},3C_20_66-03.txt,118.340,1.000,118.340,0,0.000,0.00,0.000,0.000,0.000
0,ec.gp.GPIndividual@1903920531{2018728721},3C_20_80-01.txt,4.194,1.000,4.194,0,0.000,0.00,0.000,0.000,0.000
0,ec.gp.GPIndividual@1903920531{2018728721},3C_20_80-02.txt,35.738,1.000,35.738,0,0.000,0.00,0.000,0.000,0.000
0,ec.gp.GPIndividual@1903920531{2018728721},3C_20_80-03.txt,169.439,1.000,169.439,0,0.000,0.00,0.000,0.000,0.000
0,ec.gp.GPIndividual@880346584{271532587},3C_20_50-02.txt,61.404,1.000,61.404,0,0.000,0.00,0.000,0.000,0.000
0,ec.gp.GPIndividual@880346584{271532587},3C_20_50-03.txt,30.993,1.000,30.993,0,0.000,0.00,0.000,0.000,0.000
0,ec.gp.GPIndividual@880346584{271532587},3C_20_66-01.txt,7.322,1.000,7.322,0,0.000,0.00,0.000,0.000,0.000
0,ec.gp.GPIndividual@880346584{271532587},3C_20_66-02.txt,154.245,1.000,154.245,0,0.000,0.00,0.000,0.000,0.000
0,ec.gp.GPIndividual@880346584{271532587},3C_20_66-03.txt,118.340,1.000,118.340,0,0.000,0.00,0.000,0.000,0.000
0,ec.gp.GPIndividual@880346584{271532587},3C_20_80-01.txt,4.194,1.000,4.194,0,0.000,0.00,0.000,0.000,0.000
0,ec.gp.GPIndividual@880346584{271532587},3C_20_80-02.txt,35.738,1.000,35.738,0,0.000,0.00,0.000,0.000,0.000
0,ec.gp.GPIndividual@880346584{271532587},3C_20_80-03.txt,169.439,1.000,169.439,0,0.000,0.00,0.000,0.000,0.000
0,ec.gp.GPIndividual@1349058882{1799078952},3C_20_50-02.txt,61.404,1.000,61.404,0,0.000,0.00,0.000,0.000,0.000
0,ec.gp.GPIndividual@1349058882{1799078952},3C_20_50-03.txt,30.993,1.000,30.993,0,0.000,0.00,0.000,0.000,0.000
0,ec.gp.GPIndividual@1349058882{1799078952},3C_20_66-01.txt,7.322,1.000,7.322,0,0.000,0.00,0.000,0.000,0.000
0,ec.gp.GPIndividual@1349058882{1799078952},3C_20_66-02.txt,154.245,1.000,154.245,0,0.000,0.00,0.000,0.000,0.000
0,ec.gp.GPIndividual@1349058882{1799078952},3C_20_66-03.txt,118.340,1.000,118.340,0,0.000,0.00,0.000,0.000,0.000
0,ec.gp.GPIndividual@1349058882{1799078952},3C_20_80-01.txt,4.194,1.000,4.194,0,0.000,0.00,0.000,0.000,0.000
0,ec.gp.GPIndividual@1349058882{1799078952},3C_20_80-02.txt,35.738,1.000,35.738,0,0.000,0.00,0.000,0.000,0.000
0,ec.gp.GPIndividual@1349058882{1799078952},3C_20_80-03.txt,169.439,1.000,169.439,0,0.000,0.00,0.000,0.000,0.000
0,ec.gp.GPIndividual@84359099{-143478236},3C_20_50-02.txt,61.404,1.000,61.404,7,34.969,56.95,4.996,19.344,0.438
0,ec.gp.GPIndividual@660915473{1353688641},3C_20_50-02.txt,61.404,1.000,61.404,1,0.000,0.00,0.000,0.000,0.000
0,ec.gp.GPIndividual@660915473{1353688641},3C_20_50-03.txt,30.993,1.000,30.993,1,0.000,0.00,0.000,0.000,0.000
0,ec.gp.GPIndividual@660915473{1353688641},3C_20_66-01.txt,7.322,1.000,7.322,1,0.000,0.00,0.000,0.000,0.000
0,ec.gp.GPIndividual@660915473{1353688641},3C_20_66-02.txt,154.245,1.000,154.245,1,0.000,0.00,0.000,0.000,0.000
0,ec.gp.GPIndividual@660915473{1353688641},3C_20_66-03.txt,118.340,1.000,118.340,1,0.000,0.00,0.000,0.000,0.000
0,ec.gp.GPIndividual@660915473{1353688641},3C_20_80-01.txt,4.194,1.000,4.194,1,0.000,0.00,0.000,0.000,0.000
0,ec.gp.GPIndividual@660915473{1353688641},3C_20_80-02.txt,35.738,1.000,35.738,1,0.000,0.00,0.000,0.000,0.000
0,ec.gp.GPIndividual@660915473{1353688641},3C_20_80-03.txt,169.439,1.000,169.439,1,0.000,0.00,0.000,0.000,0.000
0,ec.gp.GPIndividual@1650872217{1016569097},3C_20_50-02.txt,61.404,1.000,61.404,1,0.281,0.46,0.281,0.281,0.281
0,ec.gp.GPIndividual@1650872217{1016569097},3C_20_50-03.txt,30.993,1.000,30.993,2,21.766,70.23,10.883,18.359,0.281
0,ec.gp.GPIndividual@1650872217{1016569097},3C_20_66-01.txt,7.322,1.000,7.322,1,0.750,10.24,0.750,18.359,0.281
0,ec.gp.GPIndividual@1650872217{1016569097},3C_20_66-02.txt,154.245,1.000,154.245,2,7.188,4.66,3.594,18.359,0.281
0,ec.gp.GPIndividual@1650872217{1016569097},3C_20_66-03.txt,118.340,1.000,118.340,1,5.094,4.30,5.094,18.359,0.281
0,ec.gp.GPIndividual@1650872217{1016569097},3C_20_80-01.txt,4.194,1.000,4.194,1,1.219,29.06,1.219,18.359,0.281
0,ec.gp.GPIndividual@1650872217{1016569097},3C_20_80-02.txt,35.738,1.000,35.738,1,1.844,5.16,1.844,18.359,0.281
0,ec.gp.GPIndividual@1650872217{1016569097},3C_20_80-03.txt,169.439,1.000,169.439,2,62.797,37.06,31.398,58.156,0.281
0,ec.gp.GPIndividual@717294098{-974568398},3C_20_50-02.txt,61.404,1.000,61.404,0,0.000,0.00,0.000,0.000,0.000
0,ec.gp.GPIndividual@717294098{-974568398},3C_20_50-03.txt,30.993,1.000,30.993,0,0.000,0.00,0.000,0.000,0.000
0,ec.gp.GPIndividual@717294098{-974568398},3C_20_66-01.txt,7.322,1.000,7.322,0,0.000,0.00,0.000,0.000,0.000
0,ec.gp.GPIndividual@717294098{-974568398},3C_20_66-02.txt,154.245,1.000,154.245,0,0.000,0.00,0.000,0.000,0.000
0,ec.gp.GPIndividual@717294098{-974568398},3C_20_66-03.txt,118.340,1.000,118.340,0,0.000,0.00,0.000,0.000,0.000
0,ec.gp.GPIndividual@717294098{-974568398},3C_20_80-01.txt,4.194,1.000,4.194,0,0.000,0.00,0.000,0.000,0.000
0,ec.gp.GPIndividual@717294098{-974568398},3C_20_80-02.txt,35.738,1.000,35.738,0,0.000,0.00,0.000,0.000,0.000
0,ec.gp.GPIndividual@717294098{-974568398},3C_20_80-03.txt,169.439,1.000,169.439,0,0.000,0.00,0.000,0.000,0.000
0,ec.gp.GPIndividual@1397632189{2004285173},3C_20_50-02.txt,61.404,1.000,61.404,0,0.000,0.00,0.000,0.000,0.000
0,ec.gp.GPIndividual@1397632189{2004285173},3C_20_50-03.txt,30.993,1.000,30.993,0,0.000,0.00,0.000,0.000,0.000
0,ec.gp.GPIndividual@1397632189{2004285173},3C_20_66-01.txt,7.322,1.000,7.322,0,0.000,0.00,0.000,0.000,0.000
0,ec.gp.GPIndividual@1397632189{2004285173},3C_20_66-02.txt,154.245,1.000,154.245,0,0.000,0.00,0.000,0.000,0.000
0,ec.gp.GPIndividual@1397632189{2004285173},3C_20_66-03.txt,118.340,1.000,118.340,0,0.000,0.00,0.000,0.000,0.000
0,ec.gp.GPIndividual@1397632189{2004285173},3C_20_80-01.txt,4.194,1.000,4.194,0,0.000,0.00,0.000,0.000,0.000
0,ec.gp.GPIndividual@1397632189{2004285173},3C_20_80-02.txt,35.738,1.000,35.738,0,0.000,0.00,0.000,0.000,0.000
0,ec.gp.GPIndividual@1397632189{2004285173},3C_20_80-03.txt,169.439,1.000,169.439,0,0.000,0.00,0.000,0.000,0.000
0,ec.gp.GPIndividual@1375942536{1785732813},3C_20_50-02.txt,61.404,1.000,61.404,0,0.000,0.00,0.000,0.000,0.000
0,ec.gp.GPIndividual@1375942536{1785732813},3C_20_50-03.txt,30.993,1.000,30.993,0,0.000,0.00,0.000,0.000,0.000
0,ec.gp.GPIndividual@1375942536{1785732813},3C_20_66-01.txt,7.322,1.000,7.322,0,0.000,0.00,0.000,0.000,0.000
0,ec.gp.GPIndividual@1375942536{1785732813},3C_20_66-02.txt,154.245,1.000,154.245,0,0.000,0.00,0.000,0.000,0.000
0,ec.gp.GPIndividual@1375942536{1785732813},3C_20_66-03.txt,118.340,1.000,118.340,0,0.000,0.00,0.000,0.000,0.000
0,ec.gp.GPIndividual@1375942536{1785732813},3C_20_80-01.txt,4.194,1.000,4.194,0,0.000,0.00,0.000,0.000,0.000
0,ec.gp.GPIndividual@1375942536{1785732813},3C_20_80-02.txt,35.738,1.000,35.738,0,0.000,0.00,0.000,0.000,0.000
0,ec.gp.GPIndividual@1375942536{1785732813},3C_20_80-03.txt,169.439,1.000,169.439,0,0.000,0.00,0.000,0.000,0.000
0,ec.gp.GPIndividual@38383830{179487682},3C_20_50-02.txt,61.404,1.000,61.404,0,0.000,0.00,0.000,0.000,0.000
0,ec.gp.GPIndividual@38383830{179487682},3C_20_50-03.txt,30.993,1.000,30.993,0,0.000,0.00,0.000,0.000,0.000
0,ec.gp.GPIndividual@38383830{179487682},3C_20_66-01.txt,7.322,1.000,7.322,0,0.000,0.00,0.000,0.000,0.000
0,ec.gp.GPIndividual@38383830{179487682},3C_20_66-02.txt,154.245,1.000,154.245,0,0.000,0.00,0.000,0.000,0.000
0,ec.gp.GPIndividual@38383830{179487682},3C_20_66-03.txt,118.340,1.000,118.340,0,0.000,0.00,0.000,0.000,0.000
0,ec.gp.GPIndividual@38383830{179487682},3C_20_80-01.txt,4.194,1.000,4.194,0,0.000,0.00,0.000,0.000,0.000
0,ec.gp.GPIndividual@38383830{179487682},3C_20_80-02.txt,35.738,1.000,35.738,0,0.000,0.00,0.000,0.000,0.000
0,ec.gp.GPIndividual@38383830{179487682},3C_20_80-03.txt,169.439,1.000,169.439,0,0.000,0.00,0.000,0.000,0.000
0,ec.gp.GPIndividual@800754804{-952829793},3C_20_50-02.txt,61.404,1.000,61.404,0,0.000,0.00,0.000,0.000,0.000
0,ec.gp.GPIndividual@800754804{-952829793},3C_20_50-03.txt,30.993,1.000,30.993,0,0.000,0.00,0.000,0.000,0.000
0,ec.gp.GPIndividual@800754804{-952829793},3C_20_66-01.txt,7.322,1.000,7.322,0,0.000,0.00,0.000,0.000,0.000
0,ec.gp.GPIndividual@800754804{-952829793},3C_20_66-02.txt,154.245,1.000,154.245,0,0.000,0.00,0.000,0.000,0.000
0,ec.gp.GPIndividual@800754804{-952829793},3C_20_66-03.txt,118.340,1.000,118.340,0,0.000,0.00,0.000,0.000,0.000
0,ec.gp.GPIndividual@800754804{-952829793},3C_20_80-01.txt,4.194,1.000,4.194,0,0.000,0.00,0.000,0.000,0.000
0,ec.gp.GPIndividual@800754804{-952829793},3C_20_80-02.txt,35.738,1.000,35.738,0,0.000,0.00,0.000,0.000,0.000
0,ec.gp.GPIndividual@800754804{-952829793},3C_20_80-03.txt,169.439,1.000,169.439,0,0.000,0.00,0.000,0.000,0.000
0,ec.gp.GPIndividual@1926505409{1600946418},3C_20_50-02.txt,61.404,1.000,61.404,0,0.000,0.00,0.000,0.000,0.000
0,ec.gp.GPIndividual@1926505409{1600946418},3C_20_50-03.txt,30.993,1.000,30.993,0,0.000,0.00,0.000,0.000,0.000
0,ec.gp.GPIndividual@1926505409{1600946418},3C_20_66-01.txt,7.322,1.000,7.322,0,0.000,0.00,0.000,0.000,0.000
0,ec.gp.GPIndividual@1926505409{1600946418},3C_20_66-02.txt,154.245,1.000,154.245,0,0.000,0.00,0.000,0.000,0.000
0,ec.gp.GPIndividual@1926505409{1600946418},3C_20_66-03.txt,118.340,1.000,118.340,0,0.000,0.00,0.000,0.000,0.000
0,ec.gp.GPIndividual@1926505409{1600946418},3C_20_80-01.txt,4.194,1.000,4.194,0,0.000,0.00,0.000,0.000,0.000
0,ec.gp.GPIndividual@1926505409{1600946418},3C_20_80-02.txt,35.738,1.000,35.738,0,0.000,0.00,0.000,0.000,0.000
0,ec.gp.GPIndividual@1926505409{1600946418},3C_20_80-03.txt,169.439,1.000,169.439,0,0.000,0.00,0.000,0.000,0.000
0,ec.gp.GPIndividual@696708422{-327078244},3C_20_50-02.txt,61.404,1.000,61.404,0,0.000,0.00,0.000,0.000,0.000
0,ec.gp.GPIndividual@696708422{-327078244},3C_20_50-03.txt,30.993,1.000,30.993,0,0.000,0.00,0.000,0.000,0.000
0,ec.gp.GPIndividual@696708422{-327078244},3C_20_66-01.txt,7.322,1.000,7.322,0,0.000,0.00,0.000,0.000,0.000
0,ec.gp.GPIndividual@696708422{-327078244},3C_20_66-02.txt,154.245,1.000,154.245,0,0.000,0.00,0.000,0.000,0.000
0,ec.gp.GPIndividual@696708422{-327078244},3C_20_66-03.txt,118.340,1.000,118.340,0,0.000,0.00,0.000,0.000,0.000
0,ec.gp.GPIndividual@696708422{-327078244},3C_20_80-01.txt,4.194,1.000,4.194,0,0.000,0.00,0.000,0.000,0.000
0,ec.gp.GPIndividual@696708422{-327078244},3C_20_80-02.txt,35.738,1.000,35.738,0,0.000,0.00,0.000,0.000,0.000
0,ec.gp.GPIndividual@696708422{-327078244},3C_20_80-03.txt,169.439,1.000,169.439,0,0.000,0.00,0.000,0.000,0.000
0,ec.gp.GPIndividual@1820616210{231779403},3C_20_50-02.txt,61.404,1.000,61.404,0,0.000,0.00,0.000,0.000,0.000
0,ec.gp.GPIndividual@1820616210{231779403},3C_20_50-03.txt,30.993,1.000,30.993,0,0.000,0.00,0.000,0.000,0.000
0,ec.gp.GPIndividual@1820616210{231779403},3C_20_66-01.txt,7.322,1.000,7.322,0,0.000,0.00,0.000,0.000,0.000
0,ec.gp.GPIndividual@1820616210{231779403},3C_20_66-02.txt,154.245,1.000,154.245,0,0.000,0.00,0.000,0.000,0.000
0,ec.gp.GPIndividual@1820616210{231779403},3C_20_66-03.txt,118.340,1.000,118.340,0,0.000,0.00,0.000,0.000,0.000
0,ec.gp.GPIndividual@1820616210{231779403},3C_20_80-01.txt,4.194,1.000,4.194,0,0.000,0.00,0.000,0.000,0.000
0,ec.gp.GPIndividual@1820616210{231779403},3C_20_80-02.txt,35.738,1.000,35.738,0,0.000,0.00,0.000,0.000,0.000
0,ec.gp.GPIndividual@1820616210{231779403},3C_20_80-03.txt,169.439,1.000,169.439,0,0.000,0.00,0.000,0.000,0.000
0,ec.gp.GPIndividual@1000084098{-168939009},3C_20_50-02.txt,61.404,1.000,61.404,0,0.000,0.00,0.000,0.000,0.000
0,ec.gp.GPIndividual@1000084098{-168939009},3C_20_50-03.txt,30.993,1.000,30.993,0,0.000,0.00,0.000,0.000,0.000
0,ec.gp.GPIndividual@1000084098{-168939009},3C_20_66-01.txt,7.322,1.000,7.322,0,0.000,0.00,0.000,0.000,0.000
0,ec.gp.GPIndividual@1000084098{-168939009},3C_20_66-02.txt,154.245,1.000,154.245,0,0.000,0.00,0.000,0.000,0.000
0,ec.gp.GPIndividual@1000084098{-168939009},3C_20_66-03.txt,118.340,1.000,118.340,0,0.000,0.00,0.000,0.000,0.000
0,ec.gp.GPIndividual@1000084098{-168939009},3C_20_80-01.txt,4.194,1.000,4.194,0,0.000,0.00,0.000,0.000,0.000
0,ec.gp.GPIndividual@1000084098{-168939009},3C_20_80-02.txt,35.738,1.000,35.738,0,0.000,0.00,0.000,0.000,0.000
0,ec.gp.GPIndividual@1000084098{-168939009},3C_20_80-03.txt,169.439,1.000,169.439,0,0.000,0.00,0.000,0.000,0.000
0,ec.gp.GPIndividual@1570957820{-144173810},3C_20_50-02.txt,61.404,1.000,61.404,0,0.000,0.00,0.000,0.000,0.000
0,ec.gp.GPIndividual@1570957820{-144173810},3C_20_50-03.txt,30.993,1.000,30.993,0,0.000,0.00,0.000,0.000,0.000
0,ec.gp.GPIndividual@1570957820{-144173810},3C_20_66-01.txt,7.322,1.000,7.322,0,0.000,0.00,0.000,0.000,0.000
0,ec.gp.GPIndividual@1570957820{-144173810},3C_20_66-02.txt,154.245,1.000,154.245,0,0.000,0.00,0.000,0.000,0.000
0,ec.gp.GPIndividual@1570957820{-144173810},3C_20_66-03.txt,118.340,1.000,118.340,0,0.000,0.00,0.000,0.000,0.000
0,ec.gp.GPIndividual@1570957820{-144173810},3C_20_80-01.txt,4.194,1.000,4.194,0,0.000,0.00,0.000,0.000,0.000
0,ec.gp.GPIndividual@1570957820{-144173810},3C_20_80-02.txt,35.738,1.000,35.738,0,0.000,0.00,0.000,0.000,0.000
0,ec.gp.GPIndividual@1570957820{-144173810},3C_20_80-03.txt,169.439,1.000,169.439,0,0.000,0.00,0.000,0.000,0.000
0,ec.gp.GPIndividual@1129366483{-1038382095},3C_20_50-02.txt,61.404,1.000,61.404,0,0.000,0.00,0.000,0.000,0.000
0,ec.gp.GPIndividual@1129366483{-1038382095},3C_20_50-03.txt,30.993,1.000,30.993,0,0.000,0.00,0.000,0.000,0.000
0,ec.gp.GPIndividual@1129366483{-1038382095},3C_20_66-01.txt,7.322,1.000,7.322,0,0.000,0.00,0.000,0.000,0.000
0,ec.gp.GPIndividual@1129366483{-1038382095},3C_20_66-02.txt,154.245,1.000,154.245,0,0.000,0.00,0.000,0.000,0.000
0,ec.gp.GPIndividual@1129366483{-1038382095},3C_20_66-03.txt,118.340,1.000,118.340,0,0.000,0.00,0.000,0.000,0.000
0,ec.gp.GPIndividual@1129366483{-1038382095},3C_20_80-01.txt,4.194,1.000,4.194,0,0.000,0.00,0.000,0.000,0.000
0,ec.gp.GPIndividual@1129366483{-1038382095},3C_20_80-02.txt,35.738,1.000,35.738,0,0.000,0.00,0.000,0.000,0.000
0,ec.gp.GPIndividual@1129366483{-1038382095},3C_20_80-03.txt,169.439,1.000,169.439,0,0.000,0.00,0.000,0.000,0.000
0,ec.gp.GPIndividual@212572509{-797147920},3C_20_50-02.txt,61.404,1.000,61.404,0,0.000,0.00,0.000,0.000,0.000
0,ec.gp.GPIndividual@212572509{-797147920},3C_20_50-03.txt,30.993,1.000,30.993,0,0.000,0.00,0.000,0.000,0.000
0,ec.gp.GPIndividual@212572509{-797147920},3C_20_66-01.txt,7.322,1.000,7.322,0,0.000,0.00,0.000,0.000,0.000
0,ec.gp.GPIndividual@212572509{-797147920},3C_20_66-02.txt,154.245,1.000,154.245,0,0.000,0.00,0.000,0.000,0.000
0,ec.gp.GPIndividual@212572509{-797147920},3C_20_66-03.txt,118.340,1.000,118.340,0,0.000,0.00,0.000,0.000,0.000
0,ec.gp.GPIndividual@212572509{-797147920},3C_20_80-01.txt,4.194,1.000,4.194,0,0.000,0.00,0.000,0.000,0.000
0,ec.gp.GPIndividual@212572509{-797147920},3C_20_80-02.txt,35.738,1.000,35.738,0,0.000,0.00,0.000,0.000,0.000
0,ec.gp.GPIndividual@212572509{-797147920},3C_20_80-03.txt,169.439,1.000,169.439,0,0.000,0.00,0.000,0.000,0.000
0,ec.gp.GPIndividual@1265603649{-436300653},3C_20_50-02.txt,61.404,1.000,61.404,0,0.000,0.00,0.000,0.000,0.000
0,ec.gp.GPIndividual@1265603649{-436300653},3C_20_50-03.txt,30.993,1.000,30.993,0,0.000,0.00,0.000,0.000,0.000
0,ec.gp.GPIndividual@1265603649{-436300653},3C_20_66-01.txt,7.322,1.000,7.322,0,0.000,0.00,0.000,0.000,0.000
0,ec.gp.GPIndividual@1265603649{-436300653},3C_20_66-02.txt,154.245,1.000,154.245,0,0.000,0.00,0.000,0.000,0.000
0,ec.gp.GPIndividual@1265603649{-436300653},3C_20_66-03.txt,118.340,1.000,118.340,0,0.000,0.00,0.000,0.000,0.000
0,ec.gp.GPIndividual@1265603649{-436300653},3C_20_80-01.txt,4.194,1.000,4.194,0,0.000,0.00,0.000,0.000,0.000
0,ec.gp.GPIndividual@1265603649{-436300653},3C_20_80-02.txt,35.738,1.000,35.738,0,0.000,0.00,0.000,0.000,0.000
0,ec.gp.GPIndividual@1265603649{-436300653},3C_20_80-03.txt,169.439,1.000,169.439,0,0.000,0.00,0.000,0.000,0.000
0,ec.gp.GPIndividual@1182213194{758329607},3C_20_50-02.txt,61.404,1.000,61.404,1,0.000,0.00,0.000,0.000,0.000
0,ec.gp.GPIndividual@1182213194{758329607},3C_20_50-03.txt,30.993,1.000,30.993,1,0.000,0.00,0.000,0.000,0.000
0,ec.gp.GPIndividual@1182213194{758329607},3C_20_66-01.txt,7.322,1.000,7.322,1,0.000,0.00,0.000,0.000,0.000
0,ec.gp.GPIndividual@1182213194{758329607},3C_20_66-02.txt,154.245,1.000,154.245,1,0.000,0.00,0.000,0.000,0.000
0,ec.gp.GPIndividual@1182213194{758329607},3C_20_66-03.txt,118.340,1.000,118.340,1,0.000,0.00,0.000,0.000,0.000
0,ec.gp.GPIndividual@1182213194{758329607},3C_20_80-01.txt,4.194,1.000,4.194,1,0.000,0.00,0.000,0.000,0.000
0,ec.gp.GPIndividual@1182213194{758329607},3C_20_80-02.txt,35.738,1.000,35.738,1,0.000,0.00,0.000,0.000,0.000
0,ec.gp.GPIndividual@1182213194{758329607},3C_20_80-03.txt,169.439,1.000,169.439,1,0.000,0.00,0.000,0.000,0.000
0,ec.gp.GPIndividual@867735750{1147093082},3C_20_50-02.txt,61.404,1.000,61.404,0,0.000,0.00,0.000,0.000,0.000
0,ec.gp.GPIndividual@867735750{1147093082},3C_20_50-03.txt,30.993,1.000,30.993,0,0.000,0.00,0.000,0.000,0.000
0,ec.gp.GPIndividual@867735750{1147093082},3C_20_66-01.txt,7.322,1.000,7.322,0,0.000,0.00,0.000,0.000,0.000
0,ec.gp.GPIndividual@867735750{1147093082},3C_20_66-02.txt,154.245,1.000,154.245,0,0.000,0.00,0.000,0.000,0.000
0,ec.gp.GPIndividual@867735750{1147093082},3C_20_66-03.txt,118.340,1.000,118.340,0,0.000,0.00,0.000,0.000,0.000
0,ec.gp.GPIndividual@867735750{1147093082},3C_20_80-01.txt,4.194,1.000,4.194,0,0.000,0.00,0.000,0.000,0.000
0,ec.gp.GPIndividual@867735750{1147093082},3C_20_80-02.txt,35.738,1.000,35.738,0,0.000,0.00,0.000,0.000,0.000
0,ec.gp.GPIndividual@867735750{1147093082},3C_20_80-03.txt,169.439,1.000,169.439,0,0.000,0.00,0.000,0.000,0.000
0,ec.gp.GPIndividual@392530238{-2122067827},3C_20_50-02.txt,61.404,1.000,61.404,2,0.188,0.31,0.094,0.188,0.000
0,ec.gp.GPIndividual@392530238{-2122067827},3C_20_50-03.txt,30.993,1.000,30.993,2,1.016,3.28,0.508,1.016,0.000
0,ec.gp.GPIndividual@392530238{-2122067827},3C_20_66-01.txt,7.322,1.000,7.322,2,0.234,3.20,0.117,1.016,0.000
0,ec.gp.GPIndividual@392530238{-2122067827},3C_20_66-02.txt,154.245,1.000,154.245,2,0.375,0.24,0.188,1.016,0.000
0,ec.gp.GPIndividual@392530238{-2122067827},3C_20_66-03.txt,118.340,1.000,118.340,2,1.234,1.04,0.617,1.234,0.000
0,ec.gp.GPIndividual@392530238{-2122067827},3C_20_80-01.txt,4.194,1.000,4.194,2,0.406,9.69,0.203,1.234,0.000
0,ec.gp.GPIndividual@392530238{-2122067827},3C_20_80-02.txt,35.738,1.000,35.738,2,0.375,1.05,0.188,1.234,0.000
0,ec.gp.GPIndividual@392530238{-2122067827},3C_20_80-03.txt,169.439,1.000,169.439,2,1.547,0.91,0.773,1.547,0.000
0,ec.gp.GPIndividual@687697301{1295344524},3C_20_50-02.txt,61.404,1.000,61.404,1,0.000,0.00,0.000,0.000,0.000
0,ec.gp.GPIndividual@687697301{1295344524},3C_20_50-03.txt,30.993,1.000,30.993,1,0.000,0.00,0.000,0.000,0.000
0,ec.gp.GPIndividual@687697301{1295344524},3C_20_66-01.txt,7.322,1.000,7.322,1,0.000,0.00,0.000,0.000,0.000
0,ec.gp.GPIndividual@687697301{1295344524},3C_20_66-02.txt,154.245,1.000,154.245,1,0.000,0.00,0.000,0.000,0.000
0,ec.gp.GPIndividual@687697301{1295344524},3C_20_66-03.txt,118.340,1.000,118.340,1,0.000,0.00,0.000,0.000,0.000
0,ec.gp.GPIndividual@687697301{1295344524},3C_20_80-01.txt,4.194,1.000,4.194,1,0.000,0.00,0.000,0.000,0.000
0,ec.gp.GPIndividual@687697301{1295344524},3C_20_80-02.txt,35.738,1.000,35.738,1,0.000,0.00,0.000,0.000,0.000
0,ec.gp.GPIndividual@687697301{1295344524},3C_20_80-03.txt,169.439,1.000,169.439,1,0.000,0.00,0.000,0.000,0.000
0,ec.gp.GPIndividual@1414986391{-847131220},3C_20_50-02.txt,61.404,1.000,61.404,0,0.000,0.00,0.000,0.000,0.000
0,ec.gp.GPIndividual@1414986391{-847131220},3C_20_50-03.txt,30.993,1.000,30.993,0,0.000,0.00,0.000,0.000,0.000
0,ec.gp.GPIndividual@1414986391{-847131220},3C_20_66-01.txt,7.322,1.000,7.322,0,0.000,0.00,0.000,0.000,0.000
0,ec.gp.GPIndividual@1414986391{-847131220},3C_20_66-02.txt,154.245,1.000,154.245,0,0.000,0.00,0.000,0.000,0.000
0,ec.gp.GPIndividual@1414986391{-847131220},3C_20_66-03.txt,118.340,1.000,118.340,0,0.000,0.00,0.000,0.000,0.000
0,ec.gp.GPIndividual@1414986391{-847131220},3C_20_80-01.txt,4.194,1.000,4.194,0,0.000,0.00,0.000,0.000,0.000
0,ec.gp.GPIndividual@1414986391{-847131220},3C_20_80-02.txt,35.738,1.000,35.738,0,0.000,0.00,0.000,0.000,0.000
0,ec.gp.GPIndividual@1414986391{-847131220},3C_20_80-03.txt,169.439,1.000,169.439,0,0.000,0.00,0.000,0.000,0.000
1,ec.gp.GPIndividual@1467515464{2128065362},null,0.000,1.000,0.000,0,0.000,0.00,0.000,0.000,0.000
1,ec.gp.GPIndividual@1467515464{2128065362},3C_20_50-02.txt,61.404,1.000,61.404,0,0.000,0.00,0.000,0.000,0.000
1,ec.gp.GPIndividual@1467515464{2128065362},3C_20_50-02.txt,61.404,1.000,61.404,0,0.000,0.00,0.000,0.000,0.000
1,ec.gp.GPIndividual@1467515464{2128065362},3C_20_50-03.txt,30.993,1.000,30.993,0,0.000,0.00,0.000,0.000,0.000
1,ec.gp.GPIndividual@1467515464{2128065362},3C_20_66-01.txt,7.322,1.000,7.322,1,0.000,0.00,0.000,0.000,0.000
1,ec.gp.GPIndividual@1467515464{2128065362},3C_20_66-01.txt,7.322,1.000,7.322,1,0.000,0.00,0.000,0.000,0.000
1,ec.gp.GPIndividual@1467515464{2128065362},3C_20_66-01.txt,7.322,1.000,7.322,1,0.000,0.00,0.000,0.000,0.000
1,ec.gp.GPIndividual@1467515464{2128065362},3C_20_66-02.txt,154.245,1.000,154.245,0,0.000,0.00,0.000,0.000,0.000
1,ec.gp.GPIndividual@1467515464{2128065362},3C_20_66-02.txt,154.245,1.000,154.245,0,0.000,0.00,0.000,0.000,0.000
1,ec.gp.GPIndividual@1467515464{2128065362},3C_20_66-02.txt,154.245,1.000,154.245,0,0.000,0.00,0.000,0.000,0.000
1,ec.gp.GPIndividual@1467515464{2128065362},3C_20_50-03.txt,30.993,1.000,30.993,1,0.000,0.00,0.000,0.000,0.000
1,ec.gp.GPIndividual@1467515464{2128065362},3C_20_66-03.txt,118.340,1.000,118.340,0,0.000,0.00,0.000,0.000,0.000
1,ec.gp.GPIndividual@1467515464{2128065362},3C_20_66-03.txt,118.340,1.000,118.340,0,0.000,0.00,0.000,0.000,0.000
1,ec.gp.GPIndividual@1467515464{2128065362},3C_20_80-01.txt,4.194,1.000,4.194,0,0.000,0.00,0.000,0.000,0.000
1,ec.gp.GPIndividual@1467515464{2128065362},3C_20_80-01.txt,4.194,1.000,4.194,0,0.000,0.00,0.000,0.000,0.000
1,ec.gp.GPIndividual@1467515464{2128065362},3C_20_80-01.txt,4.194,1.000,4.194,0,0.000,0.00,0.000,0.000,0.000
1,ec.gp.GPIndividual@1467515464{2128065362},3C_20_66-03.txt,118.340,1.000,118.340,1,0.000,0.00,0.000,0.000,0.000
1,ec.gp.GPIndividual@1467515464{2128065362},3C_20_66-03.txt,118.340,1.000,118.340,1,0.000,0.00,0.000,0.000,0.000
1,ec.gp.GPIndividual@1467515464{2128065362},3C_20_66-03.txt,118.340,1.000,118.340,1,0.000,0.00,0.000,0.000,0.000
1,ec.gp.GPIndividual@1467515464{2128065362},3C_20_80-03.txt,169.439,1.000,169.439,1,0.000,0.00,0.000,0.000,0.000
1,ec.gp.GPIndividual@1605762850{819761765},3C_20_80-02.txt,35.738,1.000,35.738,0,0.000,0.00,0.000,0.000,0.000
1,ec.gp.GPIndividual@1605762850{819761765},3C_20_66-02.txt,154.245,1.000,154.245,0,0.000,0.00,0.000,0.000,0.000
1,ec.gp.GPIndividual@1605762850{819761765},3C_20_80-02.txt,35.738,1.000,35.738,2,0.000,0.00,0.000,0.000,0.000
1,ec.gp.GPIndividual@1605762850{819761765},3C_20_66-03.txt,118.340,1.000,118.340,0,0.000,0.00,0.000,0.000,0.000
1,ec.gp.GPIndividual@1605762850{819761765},3C_20_80-03.txt,169.439,1.000,169.439,1,0.000,0.00,0.000,0.000,0.000
1,ec.gp.GPIndividual@1605762850{819761765},3C_20_80-03.txt,169.439,1.000,169.439,1,0.000,0.00,0.000,0.000,0.000
1,ec.gp.GPIndividual@41111665{-718143065},3C_20_80-03.txt,169.439,1.000,169.439,1,0.000,0.00,0.000,0.000,0.000
1,ec.gp.GPIndividual@41111665{-718143065},3C_20_80-01.txt,4.194,1.000,4.194,0,0.000,0.00,0.000,0.000,0.000
1,ec.gp.GPIndividual@41111665{-718143065},3C_20_80-01.txt,4.194,1.000,4.194,0,0.000,0.00,0.000,0.000,0.000
1,ec.gp.GPIndividual@886649821{1948675049},3C_20_50-02.txt,61.404,1.000,61.404,0,0.000,0.00,0.000,0.000,0.000
1,ec.gp.GPIndividual@886649821{1948675049},3C_20_66-01.txt,7.322,1.000,7.322,0,0.000,0.00,0.000,0.000,0.000
1,ec.gp.GPIndividual@886649821{1948675049},3C_20_80-02.txt,35.738,1.000,35.738,0,0.000,0.00,0.000,0.000,0.000
1,ec.gp.GPIndividual@886649821{1948675049},3C_20_80-02.txt,35.738,1.000,35.738,0,0.000,0.00,0.000,0.000,0.000
1,ec.gp.GPIndividual@886649821{1948675049},3C_20_50-03.txt,30.993,1.000,30.993,0,0.000,0.00,0.000,0.000,0.000
1,ec.gp.GPIndividual@886649821{1948675049},3C_20_66-01.txt,7.322,1.000,7.322,0,0.000,0.00,0.000,0.000,0.000
1,ec.gp.GPIndividual@886649821{1948675049},3C_20_66-02.txt,154.245,1.000,154.245,0,0.000,0.00,0.000,0.000,0.000
1,ec.gp.GPIndividual@886649821{1948675049},3C_20_66-02.txt,154.245,1.000,154.245,0,0.000,0.00,0.000,0.000,0.000
1,ec.gp.GPIndividual@886649821{1948675049},3C_20_66-02.txt,154.245,1.000,154.245,0,0.000,0.00,0.000,0.000,0.000
1,ec.gp.GPIndividual@886649821{1948675049},3C_20_66-02.txt,154.245,1.000,154.245,0,0.000,0.00,0.000,0.000,0.000
1,ec.gp.GPIndividual@886649821{1948675049},3C_20_66-02.txt,154.245,1.000,154.245,0,0.000,0.00,0.000,0.000,0.000
1,ec.gp.GPIndividual@886649821{1948675049},3C_20_80-03.txt,169.439,1.000,169.439,0,0.000,0.00,0.000,0.000,0.000
1,ec.gp.GPIndividual@886649821{1948675049},3C_20_66-03.txt,118.340,1.000,118.340,0,0.000,0.00,0.000,0.000,0.000
1,ec.gp.GPIndividual@886649821{1948675049},3C_20_80-01.txt,4.194,1.000,4.194,0,0.000,0.00,0.000,0.000,0.000
1,ec.gp.GPIndividual@886649821{1948675049},3C_20_80-01.txt,4.194,1.000,4.194,0,0.000,0.00,0.000,0.000,0.000
1,ec.gp.GPIndividual@886649821{1948675049},3C_20_80-02.txt,35.738,1.000,35.738,0,0.000,0.00,0.000,0.000,0.000
1,ec.gp.GPIndividual@886649821{1948675049},3C_20_80-02.txt,35.738,1.000,35.738,0,0.000,0.00,0.000,0.000,0.000
1,ec.gp.GPIndividual@886649821{1948675049},3C_20_80-02.txt,35.738,1.000,35.738,0,0.000,0.00,0.000,0.000,0.000
1,ec.gp.GPIndividual@492792914{-578974619},3C_20_50-02.txt,61.404,1.000,61.404,0,0.000,0.00,0.000,0.000,0.000
1,ec.gp.GPIndividual@1778910169{-403515094},null,0.000,1.000,0.000,0,0.000,0.00,0.000,0.000,0.000
1,ec.gp.GPIndividual@1778910169{-403515094},3C_20_50-02.txt,61.404,1.000,61.404,0,0.000,0.00,0.000,0.000,0.000
1,ec.gp.GPIndividual@1778910169{-403515094},3C_20_80-03.txt,169.439,1.000,169.439,0,0.000,0.00,0.000,0.000,0.000
1,ec.gp.GPIndividual@1778910169{-403515094},3C_20_80-02.txt,35.738,1.000,35.738,0,0.000,0.00,0.000,0.000,0.000
1,ec.gp.GPIndividual@1778910169{-403515094},3C_20_50-03.txt,30.993,1.000,30.993,0,0.000,0.00,0.000,0.000,0.000
1,ec.gp.GPIndividual@1778910169{-403515094},3C_20_50-03.txt,30.993,1.000,30.993,0,0.000,0.00,0.000,0.000,0.000
1,ec.gp.GPIndividual@1778910169{-403515094},3C_20_66-01.txt,7.322,1.000,7.322,0,0.000,0.00,0.000,0.000,0.000
1,ec.gp.GPIndividual@1225234624{-550813866},3C_20_50-02.txt,61.404,1.000,61.404,0,0.000,0.00,0.000,0.000,0.000
1,ec.gp.GPIndividual@1225234624{-550813866},3C_20_50-02.txt,61.404,1.000,61.404,0,0.000,0.00,0.000,0.000,0.000
1,ec.gp.GPIndividual@1225234624{-550813866},3C_20_66-02.txt,154.245,1.000,154.245,0,0.000,0.00,0.000,0.000,0.000
1,ec.gp.GPIndividual@1225234624{-550813866},3C_20_66-03.txt,118.340,1.000,118.340,0,0.000,0.00,0.000,0.000,0.000
1,ec.gp.GPIndividual@1225234624{-550813866},3C_20_66-03.txt,118.340,1.000,118.340,0,0.000,0.00,0.000,0.000,0.000
1,ec.gp.GPIndividual@1225234624{-550813866},3C_20_50-03.txt,30.993,1.000,30.993,0,0.000,0.00,0.000,0.000,0.000
1,ec.gp.GPIndividual@1225234624{-550813866},3C_20_50-03.txt,30.993,1.000,30.993,0,0.000,0.00,0.000,0.000,0.000
1,ec.gp.GPIndividual@1225234624{-550813866},3C_20_66-03.txt,118.340,1.000,118.340,0,0.000,0.00,0.000,0.000,0.000
1,ec.gp.GPIndividual@1225234624{-550813866},3C_20_66-03.txt,118.340,1.000,118.340,0,0.000,0.00,0.000,0.000,0.000
1,ec.gp.GPIndividual@1225234624{-550813866},3C_20_80-02.txt,35.738,1.000,35.738,0,0.000,0.00,0.000,0.000,0.000
1,ec.gp.GPIndividual@1225234624{-550813866},3C_20_80-01.txt,4.194,1.000,4.194,0,0.000,0.00,0.000,0.000,0.000
1,ec.gp.GPIndividual@1225234624{-550813866},3C_20_80-03.txt,169.439,1.000,169.439,0,0.000,0.00,0.000,0.000,0.000
1,ec.gp.GPIndividual@1225234624{-550813866},3C_20_80-02.txt,35.738,1.000,35.738,0,0.000,0.00,0.000,0.000,0.000
1,ec.gp.GPIndividual@1481927281{1832904785},null,0.000,1.000,0.000,1,0.000,0.00,0.000,0.000,0.000
1,ec.gp.GPIndividual@1481927281{1832904785},3C_20_50-02.txt,61.404,1.000,61.404,0,0.000,0.00,0.000,0.000,0.000
1,ec.gp.GPIndividual@479218730{-1294204498},3C_20_50-02.txt,61.404,1.000,61.404,0,0.000,0.00,0.000,0.000,0.000
1,ec.gp.GPIndividual@479218730{-1294204498},3C_20_66-03.txt,118.340,1.000,118.340,0,0.000,0.00,0.000,0.000,0.000
1,ec.gp.GPIndividual@479218730{-1294204498},3C_20_80-01.txt,4.194,1.000,4.194,0,0.000,0.00,0.000,0.000,0.000
1,ec.gp.GPIndividual@479218730{-1294204498},3C_20_50-03.txt,30.993,1.000,30.993,0,0.000,0.00,0.000,0.000,0.000
1,ec.gp.GPIndividual@479218730{-1294204498},3C_20_80-02.txt,35.738,1.000,35.738,0,0.000,0.00,0.000,0.000,0.000
1,ec.gp.GPIndividual@479218730{-1294204498},3C_20_80-03.txt,169.439,1.000,169.439,0,0.000,0.00,0.000,0.000,0.000
1,ec.gp.GPIndividual@101142070{349484881},3C_20_50-02.txt,61.404,1.000,61.404,0,0.000,0.00,0.000,0.000,0.000
1,ec.gp.GPIndividual@101142070{349484881},3C_20_50-03.txt,30.993,1.000,30.993,1,0.000,0.00,0.000,0.000,0.000
1,ec.gp.GPIndividual@101142070{349484881},3C_20_66-01.txt,7.322,1.000,7.322,1,0.000,0.00,0.000,0.000,0.000
1,ec.gp.GPIndividual@101142070{349484881},3C_20_66-01.txt,7.322,1.000,7.322,0,0.000,0.00,0.000,0.000,0.000
1,ec.gp.GPIndividual@101142070{349484881},3C_20_66-02.txt,154.245,1.000,154.245,1,0.000,0.00,0.000,0.000,0.000
1,ec.gp.GPIndividual@101142070{349484881},3C_20_66-02.txt,154.245,1.000,154.245,0,0.000,0.00,0.000,0.000,0.000
1,ec.gp.GPIndividual@101142070{349484881},3C_20_66-03.txt,118.340,1.000,118.340,1,0.000,0.00,0.000,0.000,0.000
1,ec.gp.GPIndividual@101142070{349484881},3C_20_66-03.txt,118.340,1.000,118.340,0,0.000,0.00,0.000,0.000,0.000
1,ec.gp.GPIndividual@101142070{349484881},3C_20_80-01.txt,4.194,1.000,4.194,1,0.000,0.00,0.000,0.000,0.000
1,ec.gp.GPIndividual@101142070{349484881},3C_20_80-02.txt,35.738,1.000,35.738,1,0.000,0.00,0.000,0.000,0.000
1,ec.gp.GPIndividual@101142070{349484881},3C_20_80-01.txt,4.194,1.000,4.194,0,0.000,0.00,0.000,0.000,0.000
1,ec.gp.GPIndividual@101142070{349484881},3C_20_80-03.txt,169.439,1.000,169.439,1,0.000,0.00,0.000,0.000,0.000
1,ec.gp.GPIndividual@101142070{349484881},3C_20_80-02.txt,35.738,1.000,35.738,0,0.000,0.00,0.000,0.000,0.000
1,ec.gp.GPIndividual@321614570{-205235832},3C_20_50-02.txt,61.404,1.000,61.404,0,0.000,0.00,0.000,0.000,0.000
1,ec.gp.GPIndividual@321614570{-205235832},3C_20_80-03.txt,169.439,1.000,169.439,0,0.000,0.00,0.000,0.000,0.000
1,ec.gp.GPIndividual@1347856429{-371788372},3C_20_50-02.txt,61.404,1.000,61.404,0,0.000,0.00,0.000,0.000,0.000
1,ec.gp.GPIndividual@1347856429{-371788372},3C_20_50-03.txt,30.993,1.000,30.993,0,0.000,0.00,0.000,0.000,0.000
1,ec.gp.GPIndividual@1347856429{-371788372},3C_20_66-01.txt,7.322,1.000,7.322,0,0.000,0.00,0.000,0.000,0.000
1,ec.gp.GPIndividual@1347856429{-371788372},3C_20_66-02.txt,154.245,1.000,154.245,0,0.000,0.00,0.000,0.000,0.000
1,ec.gp.GPIndividual@1347856429{-371788372},3C_20_66-03.txt,118.340,1.000,118.340,0,0.000,0.00,0.000,0.000,0.000
1,ec.gp.GPIndividual@1347856429{-371788372},3C_20_80-01.txt,4.194,1.000,4.194,0,0.000,0.00,0.000,0.000,0.000
1,ec.gp.GPIndividual@1347856429{-371788372},3C_20_80-02.txt,35.738,1.000,35.738,0,0.000,0.00,0.000,0.000,0.000
1,ec.gp.GPIndividual@1347856429{-371788372},3C_20_80-03.txt,169.439,1.000,169.439,0,0.000,0.00,0.000,0.000,0.000
1,ec.gp.GPIndividual@737433471{959274637},3C_20_50-02.txt,61.404,1.000,61.404,0,0.000,0.00,0.000,0.000,0.000
1,ec.gp.GPIndividual@737433471{959274637},3C_20_50-03.txt,30.993,1.000,30.993,0,0.000,0.00,0.000,0.000,0.000
1,ec.gp.GPIndividual@737433471{959274637},3C_20_66-01.txt,7.322,1.000,7.322,0,0.000,0.00,0.000,0.000,0.000
1,ec.gp.GPIndividual@737433471{959274637},3C_20_66-02.txt,154.245,1.000,154.245,0,0.000,0.00,0.000,0.000,0.000
1,ec.gp.GPIndividual@737433471{959274637},3C_20_66-03.txt,118.340,1.000,118.340,0,0.000,0.00,0.000,0.000,0.000
1,ec.gp.GPIndividual@737433471{959274637},3C_20_80-01.txt,4.194,1.000,4.194,0,0.000,0.00,0.000,0.000,0.000
1,ec.gp.GPIndividual@737433471{959274637},3C_20_80-02.txt,35.738,1.000,35.738,0,0.000,0.00,0.000,0.000,0.000
1,ec.gp.GPIndividual@737433471{959274637},3C_20_80-03.txt,169.439,1.000,169.439,0,0.000,0.00,0.000,0.000,0.000
1,ec.gp.GPIndividual@2020455403{-2072775521},3C_20_50-02.txt,61.404,1.000,61.404,4,0.797,1.30,0.199,0.328,0.000
1,ec.gp.GPIndividual@2020455403{-2072775521},3C_20_50-03.txt,30.993,1.000,30.993,1,0.234,0.76,0.234,0.328,0.000
1,ec.gp.GPIndividual@2020455403{-2072775521},3C_20_50-03.txt,30.993,1.000,30.993,6,6.344,20.47,1.057,1.859,0.000
1,ec.gp.GPIndividual@2020455403{-2072775521},3C_20_50-03.txt,30.993,1.000,30.993,2,0.500,1.61,0.250,1.859,0.000
1,ec.gp.GPIndividual@2020455403{-2072775521},3C_20_50-03.txt,30.993,1.000,30.993,1,1.781,5.75,1.781,1.859,0.000
1,ec.gp.GPIndividual@2020455403{-2072775521},3C_20_50-03.txt,30.993,1.000,30.993,1,4.359,14.07,4.359,4.359,0.000
1,ec.gp.GPIndividual@2020455403{-2072775521},3C_20_66-01.txt,7.322,1.000,7.322,2,7.203,98.37,3.602,4.531,0.000
1,ec.gp.GPIndividual@2020455403{-2072775521},3C_20_66-01.txt,7.322,1.000,7.322,1,0.875,11.95,0.875,4.531,0.000
1,ec.gp.GPIndividual@2020455403{-2072775521},3C_20_66-02.txt,154.245,1.000,154.245,1,1.047,0.68,1.047,4.531,0.000
1,ec.gp.GPIndividual@2020455403{-2072775521},3C_20_66-02.txt,154.245,1.000,154.245,5,17.703,11.48,3.541,4.578,0.000
1,ec.gp.GPIndividual@2020455403{-2072775521},3C_20_66-03.txt,118.340,1.000,118.340,1,2.625,2.22,2.625,4.578,0.000
1,ec.gp.GPIndividual@2020455403{-2072775521},3C_20_66-03.txt,118.340,1.000,118.340,4,21.688,18.33,5.422,7.531,0.000
1,ec.gp.GPIndividual@2020455403{-2072775521},3C_20_66-01.txt,7.322,1.000,7.322,2,6.281,85.78,3.141,7.531,0.000
1,ec.gp.GPIndividual@2020455403{-2072775521},3C_20_80-01.txt,4.194,1.000,4.194,1,6.078,144.91,6.078,7.531,0.000
1,ec.gp.GPIndividual@2020455403{-2072775521},3C_20_80-01.txt,4.194,1.000,4.194,2,2.391,56.99,1.195,7.531,0.000
1,ec.gp.GPIndividual@2020455403{-2072775521},3C_20_80-02.txt,35.738,1.000,35.738,1,1.422,3.98,1.422,7.531,0.000
1,ec.gp.GPIndividual@2020455403{-2072775521},3C_20_80-02.txt,35.738,1.000,35.738,1,1.422,3.98,1.422,7.531,0.000
1,ec.gp.GPIndividual@2020455403{-2072775521},3C_20_66-02.txt,154.245,1.000,154.245,2,3.344,2.17,1.672,7.531,0.000
1,ec.gp.GPIndividual@2020455403{-2072775521},3C_20_66-01.txt,7.322,1.000,7.322,1,2.141,29.23,2.141,7.531,0.000
1,ec.gp.GPIndividual@2020455403{-2072775521},3C_20_80-03.txt,169.439,1.000,169.439,1,7.234,4.27,7.234,7.531,0.000
1,ec.gp.GPIndividual@2020455403{-2072775521},3C_20_66-01.txt,7.322,1.000,7.322,2,2.938,40.12,1.469,7.531,0.000
1,ec.gp.GPIndividual@2020455403{-2072775521},3C_20_80-03.txt,169.439,1.000,169.439,5,7.328,4.32,1.466,7.531,0.000
1,ec.gp.GPIndividual@2020455403{-2072775521},3C_20_66-03.txt,118.340,1.000,118.340,2,1.578,1.33,0.789,7.531,0.000
1,ec.gp.GPIndividual@2020455403{-2072775521},3C_20_66-02.txt,154.245,1.000,154.245,1,1.594,1.03,1.594,7.531,0.000
1,ec.gp.GPIndividual@2020455403{-2072775521},3C_20_66-02.txt,154.245,1.000,154.245,2,8.766,5.68,4.383,7.531,0.000
1,ec.gp.GPIndividual@1210533923{890732867},3C_20_50-02.txt,61.404,1.000,61.404,2,2.875,4.68,1.438,2.359,0.516
1,ec.gp.GPIndividual@1210533923{890732867},3C_20_50-03.txt,30.993,1.000,30.993,1,6.406,20.67,6.406,6.406,0.516
1,ec.gp.GPIndividual@1943076850{-247016955},3C_20_50-02.txt,61.404,1.000,61.404,0,0.000,0.00,0.000,0.000,0.000
1,ec.gp.GPIndividual@1943076850{-247016955},3C_20_50-03.txt,30.993,1.000,30.993,0,0.000,0.00,0.000,0.000,0.000
1,ec.gp.GPIndividual@1943076850{-247016955},3C_20_66-01.txt,7.322,1.000,7.322,0,0.000,0.00,0.000,0.000,0.000
1,ec.gp.GPIndividual@1943076850{-247016955},3C_20_66-02.txt,154.245,1.000,154.245,0,0.000,0.00,0.000,0.000,0.000
1,ec.gp.GPIndividual@1943076850{-247016955},3C_20_66-03.txt,118.340,1.000,118.340,0,0.000,0.00,0.000,0.000,0.000
1,ec.gp.GPIndividual@1943076850{-247016955},3C_20_80-01.txt,4.194,1.000,4.194,0,0.000,0.00,0.000,0.000,0.000
1,ec.gp.GPIndividual@1943076850{-247016955},3C_20_80-02.txt,35.738,1.000,35.738,0,0.000,0.00,0.000,0.000,0.000
1,ec.gp.GPIndividual@1943076850{-247016955},3C_20_80-03.txt,169.439,1.000,169.439,0,0.000,0.00,0.000,0.000,0.000
1,ec.gp.GPIndividual@1807276321{621399217},3C_20_50-02.txt,61.404,1.000,61.404,3,2.219,3.61,0.740,1.359,0.328
1,ec.gp.GPIndividual@1807276321{621399217},3C_20_50-03.txt,30.993,1.000,30.993,2,2.766,8.92,1.383,1.531,0.328
1,ec.gp.GPIndividual@1807276321{621399217},3C_20_66-03.txt,118.340,1.000,118.340,2,7.438,6.28,3.719,6.219,0.328
1,ec.gp.GPIndividual@1807276321{621399217},3C_20_66-03.txt,118.340,1.000,118.340,1,4.250,3.59,4.250,6.219,0.328
1,ec.gp.GPIndividual@1807276321{621399217},3C_20_66-01.txt,7.322,1.000,7.322,2,5.375,73.41,2.688,6.219,0.328
1,ec.gp.GPIndividual@1807276321{621399217},3C_20_66-02.txt,154.245,1.000,154.245,1,3.453,2.24,3.453,6.219,0.328
1,ec.gp.GPIndividual@1807276321{621399217},3C_20_80-01.txt,4.194,1.000,4.194,2,1.469,35.02,0.734,6.219,0.000
1,ec.gp.GPIndividual@1807276321{621399217},3C_20_66-01.txt,7.322,1.000,7.322,3,8.078,110.32,2.693,6.219,0.000
1,ec.gp.GPIndividual@1807276321{621399217},3C_20_66-02.txt,154.245,1.000,154.245,1,2.344,1.52,2.344,6.219,0.000
1,ec.gp.GPIndividual@1807276321{621399217},3C_20_66-03.txt,118.340,1.000,118.340,3,7.719,6.52,2.573,6.219,0.000
1,ec.gp.GPIndividual@1807276321{621399217},3C_20_80-02.txt,35.738,1.000,35.738,4,5.594,15.65,1.398,6.219,0.000
1,ec.gp.GPIndividual@1807276321{621399217},3C_20_80-03.txt,169.439,1.000,169.439,2,4.016,2.37,2.008,6.219,0.000
1,ec.gp.GPIndividual@1807276321{621399217},3C_20_80-01.txt,4.194,1.000,4.194,1,1.406,33.53,1.406,6.219,0.000
1,ec.gp.GPIndividual@1807276321{621399217},3C_20_66-03.txt,118.340,1.000,118.340,8,32.766,27.69,4.096,6.516,0.000
1,ec.gp.GPIndividual@1807276321{621399217},3C_20_80-02.txt,35.738,1.000,35.738,3,7.641,21.38,2.547,6.516,0.000
1,ec.gp.GPIndividual@1807276321{621399217},3C_20_80-01.txt,4.194,1.000,4.194,1,1.625,38.74,1.625,6.516,0.000
1,ec.gp.GPIndividual@1807276321{621399217},3C_20_80-03.txt,169.439,1.000,169.439,2,2.563,1.51,1.281,6.516,0.000
1,ec.gp.GPIndividual@1807276321{621399217},3C_20_80-02.txt,35.738,1.000,35.738,1,2.203,6.16,2.203,6.516,0.000
1,ec.gp.GPIndividual@1807276321{621399217},3C_20_80-03.txt,169.439,1.000,169.439,4,63.734,37.61,15.934,46.359,0.000
1,ec.gp.GPIndividual@512531726{689415282},3C_20_50-02.txt,61.404,1.000,61.404,5,46.391,75.55,9.278,38.438,0.500
1,ec.gp.GPIndividual@655750819{179487682},3C_20_50-02.txt,61.404,1.000,61.404,0,0.000,0.00,0.000,0.000,0.000
1,ec.gp.GPIndividual@655750819{179487682},3C_20_50-03.txt,30.993,1.000,30.993,0,0.000,0.00,0.000,0.000,0.000
1,ec.gp.GPIndividual@655750819{179487682},3C_20_66-01.txt,7.322,1.000,7.322,0,0.000,0.00,0.000,0.000,0.000
1,ec.gp.GPIndividual@655750819{179487682},3C_20_66-02.txt,154.245,1.000,154.245,0,0.000,0.00,0.000,0.000,0.000
1,ec.gp.GPIndividual@655750819{179487682},3C_20_66-03.txt,118.340,1.000,118.340,0,0.000,0.00,0.000,0.000,0.000
1,ec.gp.GPIndividual@655750819{179487682},3C_20_80-01.txt,4.194,1.000,4.194,0,0.000,0.00,0.000,0.000,0.000
1,ec.gp.GPIndividual@655750819{179487682},3C_20_80-02.txt,35.738,1.000,35.738,0,0.000,0.00,0.000,0.000,0.000
1,ec.gp.GPIndividual@655750819{179487682},3C_20_80-03.txt,169.439,1.000,169.439,0,0.000,0.00,0.000,0.000,0.000
1,ec.gp.GPIndividual@149250391{-2123950737},3C_20_50-02.txt,61.404,1.000,61.404,0,0.000,0.00,0.000,0.000,0.000
1,ec.gp.GPIndividual@149250391{-2123950737},3C_20_50-03.txt,30.993,1.000,30.993,0,0.000,0.00,0.000,0.000,0.000
1,ec.gp.GPIndividual@149250391{-2123950737},3C_20_66-01.txt,7.322,1.000,7.322,0,0.000,0.00,0.000,0.000,0.000
1,ec.gp.GPIndividual@149250391{-2123950737},3C_20_66-02.txt,154.245,1.000,154.245,0,0.000,0.00,0.000,0.000,0.000
1,ec.gp.GPIndividual@149250391{-2123950737},3C_20_66-03.txt,118.340,1.000,118.340,0,0.000,0.00,0.000,0.000,0.000
1,ec.gp.GPIndividual@149250391{-2123950737},3C_20_80-01.txt,4.194,1.000,4.194,0,0.000,0.00,0.000,0.000,0.000
1,ec.gp.GPIndividual@149250391{-2123950737},3C_20_80-02.txt,35.738,1.000,35.738,0,0.000,0.00,0.000,0.000,0.000
1,ec.gp.GPIndividual@149250391{-2123950737},3C_20_80-03.txt,169.439,1.000,169.439,0,0.000,0.00,0.000,0.000,0.000
1,ec.gp.GPIndividual@454871233{-1802946238},3C_20_50-02.txt,61.404,1.000,61.404,0,0.000,0.00,0.000,0.000,0.000
1,ec.gp.GPIndividual@454871233{-1802946238},3C_20_50-03.txt,30.993,1.000,30.993,0,0.000,0.00,0.000,0.000,0.000
1,ec.gp.GPIndividual@454871233{-1802946238},3C_20_66-01.txt,7.322,1.000,7.322,0,0.000,0.00,0.000,0.000,0.000
1,ec.gp.GPIndividual@454871233{-1802946238},3C_20_66-02.txt,154.245,1.000,154.245,0,0.000,0.00,0.000,0.000,0.000
1,ec.gp.GPIndividual@454871233{-1802946238},3C_20_66-03.txt,118.340,1.000,118.340,0,0.000,0.00,0.000,0.000,0.000
1,ec.gp.GPIndividual@454871233{-1802946238},3C_20_80-01.txt,4.194,1.000,4.194,0,0.000,0.00,0.000,0.000,0.000
1,ec.gp.GPIndividual@454871233{-1802946238},3C_20_80-02.txt,35.738,1.000,35.738,0,0.000,0.00,0.000,0.000,0.000
1,ec.gp.GPIndividual@454871233{-1802946238},3C_20_80-03.txt,169.439,1.000,169.439,0,0.000,0.00,0.000,0.000,0.000
1,ec.gp.GPIndividual@2101811724{662142893},3C_20_50-02.txt,61.404,1.000,61.404,0,0.000,0.00,0.000,0.000,0.000
1,ec.gp.GPIndividual@2101811724{662142893},3C_20_50-03.txt,30.993,1.000,30.993,0,0.000,0.00,0.000,0.000,0.000
1,ec.gp.GPIndividual@2101811724{662142893},3C_20_66-01.txt,7.322,1.000,7.322,0,0.000,0.00,0.000,0.000,0.000
1,ec.gp.GPIndividual@2101811724{662142893},3C_20_66-02.txt,154.245,1.000,154.245,0,0.000,0.00,0.000,0.000,0.000
1,ec.gp.GPIndividual@2101811724{662142893},3C_20_66-03.txt,118.340,1.000,118.340,0,0.000,0.00,0.000,0.000,0.000
1,ec.gp.GPIndividual@2101811724{662142893},3C_20_80-01.txt,4.194,1.000,4.194,0,0.000,0.00,0.000,0.000,0.000
1,ec.gp.GPIndividual@2101811724{662142893},3C_20_80-02.txt,35.738,1.000,35.738,0,0.000,0.00,0.000,0.000,0.000
1,ec.gp.GPIndividual@2101811724{662142893},3C_20_80-03.txt,169.439,1.000,169.439,0,0.000,0.00,0.000,0.000,0.000
1,ec.gp.GPIndividual@104587319{-1997294337},3C_20_50-02.txt,61.404,1.000,61.404,0,0.000,0.00,0.000,0.000,0.000
1,ec.gp.GPIndividual@104587319{-1997294337},3C_20_50-03.txt,30.993,1.000,30.993,0,0.000,0.00,0.000,0.000,0.000
1,ec.gp.GPIndividual@104587319{-1997294337},3C_20_66-01.txt,7.322,1.000,7.322,0,0.000,0.00,0.000,0.000,0.000
1,ec.gp.GPIndividual@104587319{-1997294337},3C_20_66-02.txt,154.245,1.000,154.245,0,0.000,0.00,0.000,0.000,0.000
1,ec.gp.GPIndividual@104587319{-1997294337},3C_20_66-03.txt,118.340,1.000,118.340,0,0.000,0.00,0.000,0.000,0.000
1,ec.gp.GPIndividual@104587319{-1997294337},3C_20_80-01.txt,4.194,1.000,4.194,0,0.000,0.00,0.000,0.000,0.000
1,ec.gp.GPIndividual@104587319{-1997294337},3C_20_80-02.txt,35.738,1.000,35.738,0,0.000,0.00,0.000,0.000,0.000
1,ec.gp.GPIndividual@104587319{-1997294337},3C_20_80-03.txt,169.439,1.000,169.439,0,0.000,0.00,0.000,0.000,0.000
1,ec.gp.GPIndividual@636995198{1849229346},3C_20_50-02.txt,61.404,1.000,61.404,0,0.000,0.00,0.000,0.000,0.000
1,ec.gp.GPIndividual@636995198{1849229346},3C_20_50-03.txt,30.993,1.000,30.993,0,0.000,0.00,0.000,0.000,0.000
1,ec.gp.GPIndividual@636995198{1849229346},3C_20_66-01.txt,7.322,1.000,7.322,0,0.000,0.00,0.000,0.000,0.000
1,ec.gp.GPIndividual@636995198{1849229346},3C_20_66-02.txt,154.245,1.000,154.245,0,0.000,0.00,0.000,0.000,0.000
1,ec.gp.GPIndividual@636995198{1849229346},3C_20_66-03.txt,118.340,1.000,118.340,0,0.000,0.00,0.000,0.000,0.000
1,ec.gp.GPIndividual@636995198{1849229346},3C_20_80-01.txt,4.194,1.000,4.194,0,0.000,0.00,0.000,0.000,0.000
1,ec.gp.GPIndividual@636995198{1849229346},3C_20_80-02.txt,35.738,1.000,35.738,0,0.000,0.00,0.000,0.000,0.000
1,ec.gp.GPIndividual@636995198{1849229346},3C_20_80-03.txt,169.439,1.000,169.439,0,0.000,0.00,0.000,0.000,0.000
1,ec.gp.GPIndividual@1304038706{-190470717},3C_20_50-02.txt,61.404,1.000,61.404,1,0.328,0.53,0.328,0.328,0.328
1,ec.gp.GPIndividual@1304038706{-190470717},3C_20_50-03.txt,30.993,1.000,30.993,1,2.484,8.02,2.484,2.484,0.328
1,ec.gp.GPIndividual@1304038706{-190470717},3C_20_66-01.txt,7.322,1.000,7.322,1,66.141,903.29,66.141,66.141,0.328
1,ec.gp.GPIndividual@1032234824{-308314016},3C_20_50-02.txt,61.404,1.000,61.404,1,0.000,0.00,0.000,0.000,0.000
1,ec.gp.GPIndividual@1032234824{-308314016},3C_20_50-03.txt,30.993,1.000,30.993,1,0.000,0.00,0.000,0.000,0.000
1,ec.gp.GPIndividual@1032234824{-308314016},3C_20_66-01.txt,7.322,1.000,7.322,1,0.000,0.00,0.000,0.000,0.000
1,ec.gp.GPIndividual@1032234824{-308314016},3C_20_66-02.txt,154.245,1.000,154.245,1,0.000,0.00,0.000,0.000,0.000
1,ec.gp.GPIndividual@1032234824{-308314016},3C_20_66-03.txt,118.340,1.000,118.340,1,0.000,0.00,0.000,0.000,0.000
1,ec.gp.GPIndividual@1032234824{-308314016},3C_20_80-01.txt,4.194,1.000,4.194,1,0.000,0.00,0.000,0.000,0.000
1,ec.gp.GPIndividual@1032234824{-308314016},3C_20_80-02.txt,35.738,1.000,35.738,1,0.000,0.00,0.000,0.000,0.000
1,ec.gp.GPIndividual@1032234824{-308314016},3C_20_80-03.txt,169.439,1.000,169.439,1,0.000,0.00,0.000,0.000,0.000
1,ec.gp.GPIndividual@1961257888{833450294},3C_20_50-02.txt,61.404,1.000,61.404,0,0.000,0.00,0.000,0.000,0.000
1,ec.gp.GPIndividual@1961257888{833450294},3C_20_50-03.txt,30.993,1.000,30.993,0,0.000,0.00,0.000,0.000,0.000
1,ec.gp.GPIndividual@1961257888{833450294},3C_20_66-01.txt,7.322,1.000,7.322,0,0.000,0.00,0.000,0.000,0.000
1,ec.gp.GPIndividual@1961257888{833450294},3C_20_66-02.txt,154.245,1.000,154.245,0,0.000,0.00,0.000,0.000,0.000
1,ec.gp.GPIndividual@1961257888{833450294},3C_20_66-03.txt,118.340,1.000,118.340,0,0.000,0.00,0.000,0.000,0.000
1,ec.gp.GPIndividual@1961257888{833450294},3C_20_80-01.txt,4.194,1.000,4.194,0,0.000,0.00,0.000,0.000,0.000
1,ec.gp.GPIndividual@1961257888{833450294},3C_20_80-02.txt,35.738,1.000,35.738,0,0.000,0.00,0.000,0.000,0.000
1,ec.gp.GPIndividual@1961257888{833450294},3C_20_80-03.txt,169.439,1.000,169.439,0,0.000,0.00,0.000,0.000,0.000
1,ec.gp.GPIndividual@1890307727{-1674047526},3C_20_50-02.txt,61.404,1.000,61.404,0,0.000,0.00,0.000,0.000,0.000
1,ec.gp.GPIndividual@1890307727{-1674047526},3C_20_50-03.txt,30.993,1.000,30.993,0,0.000,0.00,0.000,0.000,0.000
1,ec.gp.GPIndividual@1890307727{-1674047526},3C_20_66-01.txt,7.322,1.000,7.322,0,0.000,0.00,0.000,0.000,0.000
1,ec.gp.GPIndividual@1890307727{-1674047526},3C_20_66-02.txt,154.245,1.000,154.245,0,0.000,0.00,0.000,0.000,0.000
1,ec.gp.GPIndividual@1890307727{-1674047526},3C_20_66-03.txt,118.340,1.000,118.340,0,0.000,0.00,0.000,0.000,0.000
1,ec.gp.GPIndividual@1890307727{-1674047526},3C_20_80-01.txt,4.194,1.000,4.194,0,0.000,0.00,0.000,0.000,0.000
1,ec.gp.GPIndividual@1890307727{-1674047526},3C_20_80-02.txt,35.738,1.000,35.738,0,0.000,0.00,0.000,0.000,0.000
1,ec.gp.GPIndividual@1890307727{-1674047526},3C_20_80-03.txt,169.439,1.000,169.439,0,0.000,0.00,0.000,0.000,0.000
1,ec.gp.GPIndividual@871990474{1944530517},3C_20_50-02.txt,61.404,1.000,61.404,0,0.000,0.00,0.000,0.000,0.000
1,ec.gp.GPIndividual@871990474{1944530517},3C_20_50-03.txt,30.993,1.000,30.993,0,0.000,0.00,0.000,0.000,0.000
1,ec.gp.GPIndividual@871990474{1944530517},3C_20_66-01.txt,7.322,1.000,7.322,0,0.000,0.00,0.000,0.000,0.000
1,ec.gp.GPIndividual@871990474{1944530517},3C_20_66-02.txt,154.245,1.000,154.245,0,0.000,0.00,0.000,0.000,0.000
1,ec.gp.GPIndividual@871990474{1944530517},3C_20_66-03.txt,118.340,1.000,118.340,0,0.000,0.00,0.000,0.000,0.000
1,ec.gp.GPIndividual@871990474{1944530517},3C_20_80-01.txt,4.194,1.000,4.194,0,0.000,0.00,0.000,0.000,0.000
1,ec.gp.GPIndividual@871990474{1944530517},3C_20_80-02.txt,35.738,1.000,35.738,0,0.000,0.00,0.000,0.000,0.000
1,ec.gp.GPIndividual@871990474{1944530517},3C_20_80-03.txt,169.439,1.000,169.439,0,0.000,0.00,0.000,0.000,0.000
1,ec.gp.GPIndividual@1343767136{-726574305},3C_20_50-02.txt,61.404,1.000,61.404,2,0.203,0.33,0.102,0.109,0.094
1,ec.gp.GPIndividual@1343767136{-726574305},3C_20_50-03.txt,30.993,1.000,30.993,2,2.125,6.86,1.063,1.172,0.094
1,ec.gp.GPIndividual@1343767136{-726574305},3C_20_66-01.txt,7.322,1.000,7.322,2,0.516,7.04,0.258,1.172,0.094
1,ec.gp.GPIndividual@1343767136{-726574305},3C_20_66-02.txt,154.245,1.000,154.245,2,1.078,0.70,0.539,1.172,0.094
1,ec.gp.GPIndividual@1343767136{-726574305},3C_20_66-03.txt,118.340,1.000,118.340,2,2.703,2.28,1.352,1.656,0.094
1,ec.gp.GPIndividual@1343767136{-726574305},3C_20_80-01.txt,4.194,1.000,4.194,2,0.656,15.65,0.328,1.656,0.094
1,ec.gp.GPIndividual@1343767136{-726574305},3C_20_80-02.txt,35.738,1.000,35.738,1,0.594,1.66,0.594,1.656,0.094
1,ec.gp.GPIndividual@1343767136{-726574305},3C_20_80-03.txt,169.439,1.000,169.439,2,2.891,1.71,1.445,1.656,0.094
1,ec.gp.GPIndividual@1879545295{-1277294229},3C_20_50-02.txt,61.404,1.000,61.404,1,0.109,0.18,0.109,0.109,0.109
1,ec.gp.GPIndividual@1879545295{-1277294229},3C_20_50-03.txt,30.993,1.000,30.993,1,1.125,3.63,1.125,1.125,0.109
1,ec.gp.GPIndividual@1879545295{-1277294229},3C_20_66-01.txt,7.322,1.000,7.322,1,0.234,3.20,0.234,1.125,0.109
1,ec.gp.GPIndividual@1879545295{-1277294229},3C_20_66-02.txt,154.245,1.000,154.245,1,0.656,0.43,0.656,1.125,0.109
1,ec.gp.GPIndividual@1879545295{-1277294229},3C_20_66-03.txt,118.340,1.000,118.340,1,1.656,1.40,1.656,1.656,0.109
1,ec.gp.GPIndividual@1879545295{-1277294229},3C_20_80-01.txt,4.194,1.000,4.194,1,0.344,8.20,0.344,1.656,0.109
1,ec.gp.GPIndividual@1879545295{-1277294229},3C_20_80-02.txt,35.738,1.000,35.738,2,0.953,2.67,0.477,1.656,0.109
1,ec.gp.GPIndividual@1879545295{-1277294229},3C_20_80-03.txt,169.439,1.000,169.439,1,1.609,0.95,1.609,1.656,0.109
1,ec.gp.GPIndividual@1584853750{1008360747},3C_20_50-02.txt,61.404,1.000,61.404,1,0.000,0.00,0.000,0.000,0.000
1,ec.gp.GPIndividual@1584853750{1008360747},3C_20_50-03.txt,30.993,1.000,30.993,1,0.000,0.00,0.000,0.000,0.000
1,ec.gp.GPIndividual@1584853750{1008360747},3C_20_66-01.txt,7.322,1.000,7.322,1,0.000,0.00,0.000,0.000,0.000
1,ec.gp.GPIndividual@1584853750{1008360747},3C_20_66-02.txt,154.245,1.000,154.245,1,0.000,0.00,0.000,0.000,0.000
1,ec.gp.GPIndividual@1584853750{1008360747},3C_20_66-03.txt,118.340,1.000,118.340,1,0.000,0.00,0.000,0.000,0.000
1,ec.gp.GPIndividual@1584853750{1008360747},3C_20_80-01.txt,4.194,1.000,4.194,1,0.000,0.00,0.000,0.000,0.000
1,ec.gp.GPIndividual@1584853750{1008360747},3C_20_80-02.txt,35.738,1.000,35.738,1,0.000,0.00,0.000,0.000,0.000
1,ec.gp.GPIndividual@1584853750{1008360747},3C_20_80-03.txt,169.439,1.000,169.439,1,0.000,0.00,0.000,0.000,0.000
1,ec.gp.GPIndividual@559342118{-474594267},3C_20_50-02.txt,61.404,1.000,61.404,0,0.000,0.00,0.000,0.000,0.000
1,ec.gp.GPIndividual@559342118{-474594267},3C_20_50-03.txt,30.993,1.000,30.993,0,0.000,0.00,0.000,0.000,0.000
1,ec.gp.GPIndividual@559342118{-474594267},3C_20_66-01.txt,7.322,1.000,7.322,0,0.000,0.00,0.000,0.000,0.000
1,ec.gp.GPIndividual@559342118{-474594267},3C_20_66-02.txt,154.245,1.000,154.245,0,0.000,0.00,0.000,0.000,0.000
1,ec.gp.GPIndividual@559342118{-474594267},3C_20_66-03.txt,118.340,1.000,118.340,0,0.000,0.00,0.000,0.000,0.000
1,ec.gp.GPIndividual@559342118{-474594267},3C_20_80-01.txt,4.194,1.000,4.194,0,0.000,0.00,0.000,0.000,0.000
1,ec.gp.GPIndividual@559342118{-474594267},3C_20_80-02.txt,35.738,1.000,35.738,0,0.000,0.00,0.000,0.000,0.000
1,ec.gp.GPIndividual@559342118{-474594267},3C_20_80-03.txt,169.439,1.000,169.439,0,0.000,0.00,0.000,0.000,0.000
1,ec.gp.GPIndividual@869248814{-1811802634},3C_20_50-02.txt,61.404,1.000,61.404,3,0.672,1.09,0.224,0.469,0.094
1,ec.gp.GPIndividual@869248814{-1811802634},3C_20_50-03.txt,30.993,1.000,30.993,3,4.250,13.71,1.417,2.109,0.094
1,ec.gp.GPIndividual@869248814{-1811802634},3C_20_66-01.txt,7.322,1.000,7.322,3,0.922,12.59,0.307,2.109,0.094
1,ec.gp.GPIndividual@869248814{-1811802634},3C_20_66-02.txt,154.245,1.000,154.245,3,1.531,0.99,0.510,2.109,0.094
1,ec.gp.GPIndividual@869248814{-1811802634},3C_20_66-03.txt,118.340,1.000,118.340,4,54.031,45.66,13.508,40.063,0.094
1,ec.gp.GPIndividual@869248814{-1811802634},3C_20_80-01.txt,4.194,1.000,4.194,3,1.172,27.94,0.391,40.063,0.094
1,ec.gp.GPIndividual@869248814{-1811802634},3C_20_80-02.txt,35.738,1.000,35.738,3,1.406,3.93,0.469,40.063,0.094
1,ec.gp.GPIndividual@869248814{-1811802634},3C_20_80-03.txt,169.439,1.000,169.439,3,34.281,20.23,11.427,40.063,0.094
1,ec.gp.GPIndividual@869248814{-1811802634},3C_20_80-01.txt,4.194,1.000,4.194,7,3.797,90.52,0.542,40.063,0.094
1,ec.gp.GPIndividual@869248814{-1811802634},3C_20_80-02.txt,35.738,1.000,35.738,7,23.672,66.24,3.382,40.063,0.094
1,ec.gp.GPIndividual@869248814{-1811802634},3C_20_80-03.txt,169.439,1.000,169.439,2,68.141,40.22,34.070,66.609,0.094
1,ec.gp.GPIndividual@583407127{789367187},3C_20_50-02.txt,61.404,1.000,61.404,2,0.266,0.43,0.133,0.234,0.031
1,ec.gp.GPIndividual@583407127{789367187},3C_20_50-03.txt,30.993,1.000,30.993,2,1.469,4.74,0.734,0.938,0.031
1,ec.gp.GPIndividual@583407127{789367187},3C_20_66-01.txt,7.322,1.000,7.322,2,0.328,4.48,0.164,0.938,0.031
1,ec.gp.GPIndividual@583407127{789367187},3C_20_66-02.txt,154.245,1.000,154.245,2,0.484,0.31,0.242,0.938,0.031
1,ec.gp.GPIndividual@583407127{789367187},3C_20_66-03.txt,118.340,1.000,118.340,2,1.250,1.06,0.625,0.938,0.031
1,ec.gp.GPIndividual@583407127{789367187},3C_20_80-01.txt,4.194,1.000,4.194,2,0.375,8.94,0.188,0.938,0.031
1,ec.gp.GPIndividual@583407127{789367187},3C_20_80-02.txt,35.738,1.000,35.738,2,0.422,1.18,0.211,0.938,0.031
1,ec.gp.GPIndividual@583407127{789367187},3C_20_80-03.txt,169.439,1.000,169.439,2,68.250,40.28,34.125,67.500,0.031
1,ec.gp.GPIndividual@1444762322{-1300653742},3C_20_50-02.txt,61.404,1.000,61.404,0,0.000,0.00,0.000,0.000,0.000
1,ec.gp.GPIndividual@1444762322{-1300653742},3C_20_50-03.txt,30.993,1.000,30.993,0,0.000,0.00,0.000,0.000,0.000
1,ec.gp.GPIndividual@1444762322{-1300653742},3C_20_66-01.txt,7.322,1.000,7.322,0,0.000,0.00,0.000,0.000,0.000
1,ec.gp.GPIndividual@1444762322{-1300653742},3C_20_66-02.txt,154.245,1.000,154.245,0,0.000,0.00,0.000,0.000,0.000
1,ec.gp.GPIndividual@1444762322{-1300653742},3C_20_66-03.txt,118.340,1.000,118.340,0,0.000,0.00,0.000,0.000,0.000
1,ec.gp.GPIndividual@1444762322{-1300653742},3C_20_80-01.txt,4.194,1.000,4.194,0,0.000,0.00,0.000,0.000,0.000
1,ec.gp.GPIndividual@1444762322{-1300653742},3C_20_80-02.txt,35.738,1.000,35.738,0,0.000,0.00,0.000,0.000,0.000
1,ec.gp.GPIndividual@1444762322{-1300653742},3C_20_80-03.txt,169.439,1.000,169.439,0,0.000,0.00,0.000,0.000,0.000
2,ec.gp.GPIndividual@1007877108{-531492757},3C_20_50-02.txt,61.404,1.000,61.404,1,0.000,0.00,0.000,0.000,0.000
2,ec.gp.GPIndividual@1007877108{-531492757},3C_20_50-03.txt,30.993,1.000,30.993,1,0.000,0.00,0.000,0.000,0.000
2,ec.gp.GPIndividual@1007877108{-531492757},3C_20_66-01.txt,7.322,1.000,7.322,1,0.000,0.00,0.000,0.000,0.000
2,ec.gp.GPIndividual@1007877108{-531492757},3C_20_66-02.txt,154.245,1.000,154.245,1,0.000,0.00,0.000,0.000,0.000
2,ec.gp.GPIndividual@1007877108{-531492757},3C_20_66-03.txt,118.340,1.000,118.340,1,0.000,0.00,0.000,0.000,0.000
2,ec.gp.GPIndividual@1007877108{-531492757},3C_20_80-01.txt,4.194,1.000,4.194,1,0.000,0.00,0.000,0.000,0.000
2,ec.gp.GPIndividual@1007877108{-531492757},3C_20_80-02.txt,35.738,1.000,35.738,1,0.000,0.00,0.000,0.000,0.000
2,ec.gp.GPIndividual@1007877108{-531492757},3C_20_80-03.txt,169.439,1.000,169.439,1,0.000,0.00,0.000,0.000,0.000
2,ec.gp.GPIndividual@23035498{-1209777062},3C_20_50-02.txt,61.404,1.000,61.404,5,1.328,2.16,0.266,0.266,0.266
2,ec.gp.GPIndividual@23035498{-1209777062},3C_20_50-03.txt,30.993,1.000,30.993,5,4.125,13.31,0.825,1.719,0.000
2,ec.gp.GPIndividual@23035498{-1209777062},3C_20_50-03.txt,30.993,1.000,30.993,4,5.438,17.54,1.359,1.875,0.000
2,ec.gp.GPIndividual@23035498{-1209777062},3C_20_50-03.txt,30.993,1.000,30.993,1,0.328,1.06,0.328,1.875,0.000
2,ec.gp.GPIndividual@23035498{-1209777062},3C_20_50-03.txt,30.993,1.000,30.993,3,9.016,29.09,3.005,4.203,0.000
2,ec.gp.GPIndividual@23035498{-1209777062},3C_20_50-03.txt,30.993,1.000,30.993,0,0.000,0.00,0.000,4.203,0.000
2,ec.gp.GPIndividual@23035498{-1209777062},3C_20_66-01.txt,7.322,1.000,7.322,2,1.234,16.86,0.617,4.203,0.000
2,ec.gp.GPIndividual@23035498{-1209777062},3C_20_66-02.txt,154.245,1.000,154.245,6,18.313,11.87,3.052,4.469,0.000
2,ec.gp.GPIndividual@23035498{-1209777062},3C_20_66-03.txt,118.340,1.000,118.340,4,14.969,12.65,3.742,7.063,0.000
2,ec.gp.GPIndividual@23035498{-1209777062},3C_20_66-01.txt,7.322,1.000,7.322,3,7.453,101.79,2.484,7.281,0.000
2,ec.gp.GPIndividual@23035498{-1209777062},3C_20_66-01.txt,7.322,1.000,7.322,1,6.547,89.41,6.547,7.281,0.000
2,ec.gp.GPIndividual@23035498{-1209777062},3C_20_80-01.txt,4.194,1.000,4.194,2,1.047,24.96,0.523,7.281,0.000
2,ec.gp.GPIndividual@23035498{-1209777062},3C_20_66-02.txt,154.245,1.000,154.245,4,9.141,5.93,2.285,7.281,0.000
2,ec.gp.GPIndividual@23035498{-1209777062},3C_20_80-02.txt,35.738,1.000,35.738,4,10.781,30.17,2.695,7.281,0.000
2,ec.gp.GPIndividual@23035498{-1209777062},3C_20_66-01.txt,7.322,1.000,7.322,1,1.250,17.07,1.250,7.281,0.000
2,ec.gp.GPIndividual@23035498{-1209777062},3C_20_66-02.txt,154.245,1.000,154.245,1,2.297,1.49,2.297,7.281,0.000
2,ec.gp.GPIndividual@23035498{-1209777062},3C_20_80-03.txt,169.439,1.000,169.439,3,2.375,1.40,0.792,7.281,0.000
2,ec.gp.GPIndividual@23035498{-1209777062},3C_20_66-03.txt,118.340,1.000,118.340,4,5.125,4.33,1.281,7.281,0.000
2,ec.gp.GPIndividual@23035498{-1209777062},3C_20_66-02.txt,154.245,1.000,154.245,2,2.719,1.76,1.359,7.281,0.000
2,ec.gp.GPIndividual@23035498{-1209777062},3C_20_66-03.txt,118.340,1.000,118.340,2,8.422,7.12,4.211,7.281,0.000
2,ec.gp.GPIndividual@1260510496{612354004},3C_20_50-02.txt,61.404,1.000,61.404,1,0.000,0.00,0.000,0.000,0.000
2,ec.gp.GPIndividual@1260510496{612354004},3C_20_50-03.txt,30.993,1.000,30.993,1,0.000,0.00,0.000,0.000,0.000
2,ec.gp.GPIndividual@1260510496{612354004},3C_20_66-01.txt,7.322,1.000,7.322,1,0.000,0.00,0.000,0.000,0.000
2,ec.gp.GPIndividual@1260510496{612354004},3C_20_66-02.txt,154.245,1.000,154.245,1,0.000,0.00,0.000,0.000,0.000
2,ec.gp.GPIndividual@1260510496{612354004},3C_20_66-03.txt,118.340,1.000,118.340,1,0.000,0.00,0.000,0.000,0.000
2,ec.gp.GPIndividual@1260510496{612354004},3C_20_80-01.txt,4.194,1.000,4.194,1,0.000,0.00,0.000,0.000,0.000
2,ec.gp.GPIndividual@1260510496{612354004},3C_20_80-02.txt,35.738,1.000,35.738,1,0.000,0.00,0.000,0.000,0.000
2,ec.gp.GPIndividual@1260510496{612354004},3C_20_80-03.txt,169.439,1.000,169.439,1,0.000,0.00,0.000,0.000,0.000
2,ec.gp.GPIndividual@1590091076{-378697437},3C_20_50-02.txt,61.404,1.000,61.404,2,7.000,11.40,3.500,6.641,0.359
2,ec.gp.GPIndividual@1590091076{-378697437},3C_20_80-01.txt,4.194,1.000,4.194,2,9.406,224.25,4.703,9.406,0.000
2,ec.gp.GPIndividual@1590091076{-378697437},3C_20_66-01.txt,7.322,1.000,7.322,4,5.797,79.17,1.449,9.406,0.000
2,ec.gp.GPIndividual@1590091076{-378697437},3C_20_80-02.txt,35.738,1.000,35.738,2,1.578,4.42,0.789,9.406,0.000
2,ec.gp.GPIndividual@1590091076{-378697437},3C_20_66-03.txt,118.340,1.000,118.340,3,4.969,4.20,1.656,9.406,0.000
2,ec.gp.GPIndividual@1590091076{-378697437},3C_20_80-03.txt,169.439,1.000,169.439,2,1.422,0.84,0.711,9.406,0.000
2,ec.gp.GPIndividual@1590091076{-378697437},3C_20_66-02.txt,154.245,1.000,154.245,8,31.047,20.13,3.881,9.406,0.000
2,ec.gp.GPIndividual@495107757{-1711733830},3C_20_50-02.txt,61.404,1.000,61.404,1,0.000,0.00,0.000,0.000,0.000
2,ec.gp.GPIndividual@495107757{-1711733830},3C_20_50-03.txt,30.993,1.000,30.993,1,0.000,0.00,0.000,0.000,0.000
2,ec.gp.GPIndividual@495107757{-1711733830},3C_20_66-01.txt,7.322,1.000,7.322,1,0.000,0.00,0.000,0.000,0.000
2,ec.gp.GPIndividual@495107757{-1711733830},3C_20_66-02.txt,154.245,1.000,154.245,1,0.000,0.00,0.000,0.000,0.000
2,ec.gp.GPIndividual@495107757{-1711733830},3C_20_66-03.txt,118.340,1.000,118.340,1,0.000,0.00,0.000,0.000,0.000
2,ec.gp.GPIndividual@495107757{-1711733830},3C_20_80-01.txt,4.194,1.000,4.194,1,0.000,0.00,0.000,0.000,0.000
2,ec.gp.GPIndividual@495107757{-1711733830},3C_20_80-02.txt,35.738,1.000,35.738,1,0.000,0.00,0.000,0.000,0.000
2,ec.gp.GPIndividual@495107757{-1711733830},3C_20_80-03.txt,169.439,1.000,169.439,1,0.000,0.00,0.000,0.000,0.000
2,ec.gp.GPIndividual@1155653490{293152295},3C_20_50-02.txt,61.404,1.000,61.404,2,1.297,2.11,0.648,1.297,0.000
2,ec.gp.GPIndividual@1155653490{293152295},3C_20_66-03.txt,118.340,1.000,118.340,2,3.719,3.14,1.859,3.406,0.000
2,ec.gp.GPIndividual@1155653490{293152295},3C_20_80-01.txt,4.194,1.000,4.194,1,1.984,47.31,1.984,3.406,0.000
2,ec.gp.GPIndividual@1155653490{293152295},3C_20_50-03.txt,30.993,1.000,30.993,7,21.609,69.72,3.087,5.984,0.000
2,ec.gp.GPIndividual@1155653490{293152295},3C_20_80-02.txt,35.738,1.000,35.738,4,12.172,34.06,3.043,5.984,0.000
2,ec.gp.GPIndividual@1155653490{293152295},3C_20_66-01.txt,7.322,1.000,7.322,2,10.750,146.81,5.375,10.750,0.000
2,ec.gp.GPIndividual@1155653490{293152295},3C_20_80-01.txt,4.194,1.000,4.194,1,1.266,30.17,1.266,10.750,0.000
2,ec.gp.GPIndividual@1155653490{293152295},3C_20_80-03.txt,169.439,1.000,169.439,3,3.438,2.03,1.146,10.750,0.000
2,ec.gp.GPIndividual@1155653490{293152295},3C_20_66-02.txt,154.245,1.000,154.245,4,5.828,3.78,1.457,10.750,0.000
2,ec.gp.GPIndividual@1155653490{293152295},3C_20_80-02.txt,35.738,1.000,35.738,1,1.266,3.54,1.266,10.750,0.000
2,ec.gp.GPIndividual@1155653490{293152295},3C_20_66-03.txt,118.340,1.000,118.340,5,11.094,9.37,2.219,10.750,0.000
2,ec.gp.GPIndividual@1155653490{293152295},3C_20_80-03.txt,169.439,1.000,169.439,1,13.141,7.76,13.141,13.141,0.000
2,ec.gp.GPIndividual@1155653490{293152295},3C_20_80-01.txt,4.194,1.000,4.194,2,7.641,182.16,3.820,13.141,0.000
2,ec.gp.GPIndividual@1155653490{293152295},3C_20_80-01.txt,4.194,1.000,4.194,4,1.250,29.80,0.313,13.141,0.000
2,ec.gp.GPIndividual@1155653490{293152295},3C_20_80-02.txt,35.738,1.000,35.738,3,5.031,14.08,1.677,13.141,0.000
2,ec.gp.GPIndividual@1155653490{293152295},3C_20_80-02.txt,35.738,1.000,35.738,2,55.391,154.99,27.695,55.391,0.000
2,ec.gp.GPIndividual@1155653490{293152295},3C_20_50-03.txt,30.993,1.000,30.993,4,10.641,34.33,2.660,55.391,0.000
2,ec.gp.GPIndividual@1155653490{293152295},3C_20_80-03.txt,169.439,1.000,169.439,1,1.266,0.75,1.266,55.391,0.000
2,ec.gp.GPIndividual@1155653490{293152295},3C_20_80-03.txt,169.439,1.000,169.439,10,142.141,83.89,14.214,55.391,0.000
2,ec.gp.GPIndividual@322680568{1571008984},3C_20_50-02.txt,61.404,1.000,61.404,6,65.609,106.85,10.935,30.891,0.531
2,ec.gp.GPIndividual@322680568{1571008984},3C_20_50-03.txt,30.993,1.000,30.993,5,29.844,96.29,5.969,30.891,0.531
2,ec.gp.GPIndividual@322680568{1571008984},3C_20_66-01.txt,7.322,1.000,7.322,3,10.172,138.92,3.391,30.891,0.531
2,ec.gp.GPIndividual@322680568{1571008984},3C_20_66-01.txt,7.322,1.000,7.322,2,6.984,95.39,3.492,30.891,0.531
2,ec.gp.GPIndividual@322680568{1571008984},3C_20_50-03.txt,30.993,1.000,30.993,4,63.109,203.63,15.777,59.016,0.531
2,ec.gp.GPIndividual@1597908390{362287404},3C_20_50-02.txt,61.404,1.000,61.404,3,66.047,107.56,22.016,64.109,0.500
2,ec.gp.GPIndividual@530646672{-570713246},3C_20_50-02.txt,61.404,1.000,61.404,3,63.500,103.41,21.167,61.625,0.516
2,ec.gp.GPIndividual@379732260{-395796329},3C_20_50-02.txt,61.404,1.000,61.404,4,6.391,10.41,1.598,3.984,0.000
2,ec.gp.GPIndividual@379732260{-395796329},3C_20_50-03.txt,30.993,1.000,30.993,2,3.109,10.03,1.555,3.984,0.000
2,ec.gp.GPIndividual@379732260{-395796329},3C_20_50-03.txt,30.993,1.000,30.993,1,1.953,6.30,1.953,3.984,0.000
2,ec.gp.GPIndividual@379732260{-395796329},3C_20_50-03.txt,30.993,1.000,30.993,8,30.922,99.77,3.865,10.172,0.000
2,ec.gp.GPIndividual@379732260{-395796329},3C_20_66-02.txt,154.245,1.000,154.245,4,16.094,10.43,4.023,10.172,0.000
2,ec.gp.GPIndividual@379732260{-395796329},3C_20_66-01.txt,7.322,1.000,7.322,1,12.031,164.31,12.031,12.031,0.000
2,ec.gp.GPIndividual@379732260{-395796329},3C_20_66-02.txt,154.245,1.000,154.245,1,7.266,4.71,7.266,12.031,0.000
2,ec.gp.GPIndividual@379732260{-395796329},3C_20_66-01.txt,7.322,1.000,7.322,1,7.031,96.03,7.031,12.031,0.000
2,ec.gp.GPIndividual@379732260{-395796329},3C_20_66-01.txt,7.322,1.000,7.322,7,8.281,113.10,1.183,12.031,0.000
2,ec.gp.GPIndividual@379732260{-395796329},3C_20_66-03.txt,118.340,1.000,118.340,1,1.578,1.33,1.578,12.031,0.000
2,ec.gp.GPIndividual@379732260{-395796329},3C_20_66-02.txt,154.245,1.000,154.245,2,1.891,1.23,0.945,12.031,0.000
2,ec.gp.GPIndividual@379732260{-395796329},3C_20_66-02.txt,154.245,1.000,154.245,1,1.344,0.87,1.344,12.031,0.000
2,ec.gp.GPIndividual@379732260{-395796329},3C_20_66-02.txt,154.245,1.000,154.245,7,11.406,7.39,1.629,12.031,0.000
2,ec.gp.GPIndividual@379732260{-395796329},3C_20_66-03.txt,118.340,1.000,118.340,1,1.422,1.20,1.422,12.031,0.000
2,ec.gp.GPIndividual@379732260{-395796329},3C_20_66-03.txt,118.340,1.000,118.340,1,1.234,1.04,1.234,12.031,0.000
2,ec.gp.GPIndividual@379732260{-395796329},3C_20_66-03.txt,118.340,1.000,118.340,10,45.109,38.12,4.511,12.031,0.000
2,ec.gp.GPIndividual@379732260{-395796329},3C_20_80-01.txt,4.194,1.000,4.194,1,3.891,92.76,3.891,12.031,0.000
2,ec.gp.GPIndividual@379732260{-395796329},3C_20_80-01.txt,4.194,1.000,4.194,1,3.703,88.29,3.703,12.031,0.000
2,ec.gp.GPIndividual@379732260{-395796329},3C_20_80-01.txt,4.194,1.000,4.194,4,4.219,100.58,1.055,12.031,0.000
2,ec.gp.GPIndividual@379732260{-395796329},3C_20_80-02.txt,35.738,1.000,35.738,2,0.500,1.40,0.250,12.031,0.000
2,ec.gp.GPIndividual@379732260{-395796329},3C_20_80-02.txt,35.738,1.000,35.738,1,1.219,3.41,1.219,12.031,0.000
2,ec.gp.GPIndividual@379732260{-395796329},3C_20_80-02.txt,35.738,1.000,35.738,4,7.938,22.21,1.984,12.031,0.000
2,ec.gp.GPIndividual@379732260{-395796329},3C_20_80-03.txt,169.439,1.000,169.439,2,1.250,0.74,0.625,12.031,0.000
2,ec.gp.GPIndividual@379732260{-395796329},3C_20_80-03.txt,169.439,1.000,169.439,1,1.234,0.73,1.234,12.031,0.000
2,ec.gp.GPIndividual@379732260{-395796329},3C_20_80-03.txt,169.439,1.000,169.439,8,152.813,90.19,19.102,40.172,0.000
2,ec.gp.GPIndividual@379732260{-395796329},3C_20_80-01.txt,4.194,1.000,4.194,2,36.063,859.76,18.031,40.172,0.000
2,ec.gp.GPIndividual@379732260{-395796329},3C_20_66-03.txt,118.340,1.000,118.340,4,113.891,96.24,28.473,60.500,0.000
2,ec.gp.GPIndividual@99809472{-165504615},3C_20_50-02.txt,61.404,1.000,61.404,6,75.906,123.62,12.651,62.906,0.000
2,ec.gp.GPIndividual@30337106{-487368495},3C_20_50-02.txt,61.404,1.000,61.404,1,1.516,2.47,1.516,1.516,1.516
2,ec.gp.GPIndividual@30337106{-487368495},3C_20_50-03.txt,30.993,1.000,30.993,3,0.844,2.72,0.281,1.516,0.000
2,ec.gp.GPIndividual@30337106{-487368495},3C_20_50-03.txt,30.993,1.000,30.993,2,68.734,221.78,34.367,65.516,0.000
2,ec.gp.GPIndividual@7587332{-1619713635},3C_20_50-02.txt,61.404,1.000,61.404,4,4.766,7.76,1.191,2.578,0.000
2,ec.gp.GPIndividual@7587332{-1619713635},3C_20_50-03.txt,30.993,1.000,30.993,6,18.656,60.20,3.109,4.469,0.000
2,ec.gp.GPIndividual@7587332{-1619713635},3C_20_66-01.txt,7.322,1.000,7.322,2,2.172,29.66,1.086,4.469,0.000
2,ec.gp.GPIndividual@7587332{-1619713635},3C_20_66-02.txt,154.245,1.000,154.245,1,7.656,4.96,7.656,7.656,0.000
2,ec.gp.GPIndividual@7587332{-1619713635},3C_20_66-01.txt,7.322,1.000,7.322,2,11.234,153.43,5.617,11.234,0.000
2,ec.gp.GPIndividual@7587332{-1619713635},3C_20_80-01.txt,4.194,1.000,4.194,3,4.844,115.48,1.615,11.234,0.000
2,ec.gp.GPIndividual@7587332{-1619713635},3C_20_80-02.txt,35.738,1.000,35.738,1,0.344,0.96,0.344,11.234,0.000
2,ec.gp.GPIndividual@7587332{-1619713635},3C_20_66-03.txt,118.340,1.000,118.340,1,1.406,1.19,1.406,11.234,0.000
2,ec.gp.GPIndividual@7587332{-1619713635},3C_20_66-02.txt,154.245,1.000,154.245,2,6.438,4.17,3.219,11.234,0.000
2,ec.gp.GPIndividual@7587332{-1619713635},3C_20_66-01.txt,7.322,1.000,7.322,3,12.844,175.41,4.281,11.750,0.000
2,ec.gp.GPIndividual@7587332{-1619713635},3C_20_80-02.txt,35.738,1.000,35.738,3,6.250,17.49,2.083,11.750,0.000
2,ec.gp.GPIndividual@7587332{-1619713635},3C_20_66-02.txt,154.245,1.000,154.245,4,4.469,2.90,1.117,11.750,0.000
2,ec.gp.GPIndividual@7587332{-1619713635},3C_20_66-03.txt,118.340,1.000,118.340,2,27.156,22.95,13.578,27.156,0.000
2,ec.gp.GPIndividual@7587332{-1619713635},3C_20_66-01.txt,7.322,1.000,7.322,6,12.844,175.41,2.141,27.156,0.000
2,ec.gp.GPIndividual@7587332{-1619713635},3C_20_80-01.txt,4.194,1.000,4.194,2,1.672,39.86,0.836,27.156,0.000
2,ec.gp.GPIndividual@7587332{-1619713635},3C_20_66-02.txt,154.245,1.000,154.245,1,1.000,0.65,1.000,27.156,0.000
2,ec.gp.GPIndividual@7587332{-1619713635},3C_20_66-03.txt,118.340,1.000,118.340,6,6.813,5.76,1.135,27.156,0.000
2,ec.gp.GPIndividual@7587332{-1619713635},3C_20_80-02.txt,35.738,1.000,35.738,8,17.672,49.45,2.209,27.156,0.000
2,ec.gp.GPIndividual@7587332{-1619713635},3C_20_80-03.txt,169.439,1.000,169.439,2,9.406,5.55,4.703,27.156,0.000
2,ec.gp.GPIndividual@7587332{-1619713635},3C_20_80-01.txt,4.194,1.000,4.194,5,4.203,100.21,0.841,27.156,0.000
2,ec.gp.GPIndividual@7587332{-1619713635},3C_20_80-02.txt,35.738,1.000,35.738,3,4.297,12.02,1.432,27.156,0.000
2,ec.gp.GPIndividual@7587332{-1619713635},3C_20_80-01.txt,4.194,1.000,4.194,5,3.953,94.25,0.791,27.156,0.000
2,ec.gp.GPIndividual@7587332{-1619713635},3C_20_66-03.txt,118.340,1.000,118.340,2,2.469,2.09,1.234,27.156,0.000
2,ec.gp.GPIndividual@7587332{-1619713635},3C_20_80-03.txt,169.439,1.000,169.439,3,7.672,4.53,2.557,27.156,0.000
2,ec.gp.GPIndividual@7587332{-1619713635},3C_20_80-02.txt,35.738,1.000,35.738,5,28.047,78.48,5.609,27.156,0.000
2,ec.gp.GPIndividual@7587332{-1619713635},3C_20_80-03.txt,169.439,1.000,169.439,2,4.906,2.90,2.453,27.156,0.000
2,ec.gp.GPIndividual@1935330840{1933855564},3C_20_50-02.txt,61.404,1.000,61.404,5,16.781,27.33,3.356,6.484,0.328
2,ec.gp.GPIndividual@1935330840{1933855564},3C_20_80-03.txt,169.439,1.000,169.439,1,1.797,1.06,1.797,6.484,0.328
2,ec.gp.GPIndividual@1935330840{1933855564},3C_20_50-03.txt,30.993,1.000,30.993,7,30.281,97.70,4.326,8.375,0.328
2,ec.gp.GPIndividual@559723225{-1399835015},3C_20_50-02.txt,61.404,1.000,61.404,0,0.000,0.00,0.000,0.000,0.000
2,ec.gp.GPIndividual@559723225{-1399835015},3C_20_50-03.txt,30.993,1.000,30.993,0,0.000,0.00,0.000,0.000,0.000
2,ec.gp.GPIndividual@559723225{-1399835015},3C_20_66-01.txt,7.322,1.000,7.322,0,0.000,0.00,0.000,0.000,0.000
2,ec.gp.GPIndividual@559723225{-1399835015},3C_20_66-02.txt,154.245,1.000,154.245,0,0.000,0.00,0.000,0.000,0.000
2,ec.gp.GPIndividual@559723225{-1399835015},3C_20_66-03.txt,118.340,1.000,118.340,3,3.656,3.09,1.219,3.656,0.000
2,ec.gp.GPIndividual@559723225{-1399835015},3C_20_66-01.txt,7.322,1.000,7.322,2,6.672,91.12,3.336,5.328,0.000
2,ec.gp.GPIndividual@559723225{-1399835015},3C_20_80-03.txt,169.439,1.000,169.439,2,9.719,5.74,4.859,8.641,0.000
2,ec.gp.GPIndividual@1309388795{-1997294337},3C_20_50-02.txt,61.404,1.000,61.404,0,0.000,0.00,0.000,0.000,0.000
2,ec.gp.GPIndividual@1309388795{-1997294337},3C_20_50-03.txt,30.993,1.000,30.993,0,0.000,0.00,0.000,0.000,0.000
2,ec.gp.GPIndividual@1309388795{-1997294337},3C_20_66-01.txt,7.322,1.000,7.322,0,0.000,0.00,0.000,0.000,0.000
2,ec.gp.GPIndividual@1309388795{-1997294337},3C_20_66-02.txt,154.245,1.000,154.245,0,0.000,0.00,0.000,0.000,0.000
2,ec.gp.GPIndividual@1309388795{-1997294337},3C_20_66-03.txt,118.340,1.000,118.340,0,0.000,0.00,0.000,0.000,0.000
2,ec.gp.GPIndividual@1309388795{-1997294337},3C_20_80-01.txt,4.194,1.000,4.194,0,0.000,0.00,0.000,0.000,0.000
2,ec.gp.GPIndividual@1309388795{-1997294337},3C_20_80-02.txt,35.738,1.000,35.738,0,0.000,0.00,0.000,0.000,0.000
2,ec.gp.GPIndividual@1309388795{-1997294337},3C_20_80-03.txt,169.439,1.000,169.439,0,0.000,0.00,0.000,0.000,0.000
2,ec.gp.GPIndividual@1717707290{1749708796},3C_20_50-02.txt,61.404,1.000,61.404,2,1.969,3.21,0.984,1.625,0.344
2,ec.gp.GPIndividual@1717707290{1749708796},3C_20_66-02.txt,154.245,1.000,154.245,4,19.734,12.79,4.934,11.078,0.313
2,ec.gp.GPIndividual@1717707290{1749708796},3C_20_50-03.txt,30.993,1.000,30.993,4,29.172,94.13,7.293,19.313,0.313
2,ec.gp.GPIndividual@1450084561{1948675049},3C_20_50-02.txt,61.404,1.000,61.404,0,0.000,0.00,0.000,0.000,0.000
2,ec.gp.GPIndividual@1450084561{1948675049},3C_20_50-03.txt,30.993,1.000,30.993,0,0.000,0.00,0.000,0.000,0.000
2,ec.gp.GPIndividual@1450084561{1948675049},3C_20_66-01.txt,7.322,1.000,7.322,0,0.000,0.00,0.000,0.000,0.000
2,ec.gp.GPIndividual@1450084561{1948675049},3C_20_66-02.txt,154.245,1.000,154.245,0,0.000,0.00,0.000,0.000,0.000
2,ec.gp.GPIndividual@1450084561{1948675049},3C_20_66-03.txt,118.340,1.000,118.340,0,0.000,0.00,0.000,0.000,0.000
2,ec.gp.GPIndividual@1450084561{1948675049},3C_20_80-01.txt,4.194,1.000,4.194,0,0.000,0.00,0.000,0.000,0.000
2,ec.gp.GPIndividual@1450084561{1948675049},3C_20_80-02.txt,35.738,1.000,35.738,0,0.000,0.00,0.000,0.000,0.000
2,ec.gp.GPIndividual@1450084561{1948675049},3C_20_80-03.txt,169.439,1.000,169.439,0,0.000,0.00,0.000,0.000,0.000
2,ec.gp.GPIndividual@761236965{-1130065234},3C_20_50-02.txt,61.404,1.000,61.404,5,5.391,8.78,1.078,1.641,0.438
2,ec.gp.GPIndividual@761236965{-1130065234},3C_20_80-02.txt,35.738,1.000,35.738,1,2.000,5.60,2.000,2.000,0.438
2,ec.gp.GPIndividual@761236965{-1130065234},3C_20_50-03.txt,30.993,1.000,30.993,3,3.859,12.45,1.286,2.000,0.438
2,ec.gp.GPIndividual@761236965{-1130065234},3C_20_80-03.txt,169.439,1.000,169.439,6,66.344,39.15,11.057,36.484,0.438
2,ec.gp.GPIndividual@761236965{-1130065234},3C_20_80-01.txt,4.194,1.000,4.194,2,29.031,692.13,14.516,36.484,0.438
2,ec.gp.GPIndividual@761236965{-1130065234},3C_20_80-01.txt,4.194,1.000,4.194,3,3.391,80.84,1.130,36.484,0.438
2,ec.gp.GPIndividual@761236965{-1130065234},3C_20_80-02.txt,35.738,1.000,35.738,2,8.391,23.48,4.195,36.484,0.438
2,ec.gp.GPIndividual@761236965{-1130065234},3C_20_66-01.txt,7.322,1.000,7.322,6,6.484,88.56,1.081,36.484,0.438
2,ec.gp.GPIndividual@761236965{-1130065234},3C_20_80-03.txt,169.439,1.000,169.439,1,1.031,0.61,1.031,36.484,0.438
2,ec.gp.GPIndividual@761236965{-1130065234},3C_20_66-02.txt,154.245,1.000,154.245,5,9.906,6.42,1.981,36.484,0.438
2,ec.gp.GPIndividual@761236965{-1130065234},3C_20_66-03.txt,118.340,1.000,118.340,9,121.641,102.79,13.516,55.891,0.438
2,ec.gp.GPIndividual@678785431{-2107922484},3C_20_50-02.txt,61.404,1.000,61.404,4,22.984,37.43,5.746,21.047,0.281
2,ec.gp.GPIndividual@678785431{-2107922484},3C_20_50-03.txt,30.993,1.000,30.993,1,42.000,135.52,42.000,42.000,0.281
2,ec.gp.GPIndividual@1649271955{-8401176},3C_20_50-02.txt,61.404,1.000,61.404,1,0.000,0.00,0.000,0.000,0.000
2,ec.gp.GPIndividual@1649271955{-8401176},3C_20_50-03.txt,30.993,1.000,30.993,1,0.000,0.00,0.000,0.000,0.000
2,ec.gp.GPIndividual@1649271955{-8401176},3C_20_66-01.txt,7.322,1.000,7.322,1,0.000,0.00,0.000,0.000,0.000
2,ec.gp.GPIndividual@1649271955{-8401176},3C_20_66-02.txt,154.245,1.000,154.245,1,0.000,0.00,0.000,0.000,0.000
2,ec.gp.GPIndividual@1649271955{-8401176},3C_20_66-03.txt,118.340,1.000,118.340,1,0.000,0.00,0.000,0.000,0.000
2,ec.gp.GPIndividual@1649271955{-8401176},3C_20_80-01.txt,4.194,1.000,4.194,1,0.000,0.00,0.000,0.000,0.000
2,ec.gp.GPIndividual@1649271955{-8401176},3C_20_80-02.txt,35.738,1.000,35.738,1,0.000,0.00,0.000,0.000,0.000
2,ec.gp.GPIndividual@1649271955{-8401176},3C_20_80-03.txt,169.439,1.000,169.439,1,0.000,0.00,0.000,0.000,0.000
2,ec.gp.GPIndividual@2089835832{1295570354},3C_20_50-02.txt,61.404,1.000,61.404,1,0.000,0.00,0.000,0.000,0.000
2,ec.gp.GPIndividual@2089835832{1295570354},3C_20_50-03.txt,30.993,1.000,30.993,1,0.000,0.00,0.000,0.000,0.000
2,ec.gp.GPIndividual@2089835832{1295570354},3C_20_66-01.txt,7.322,1.000,7.322,1,0.000,0.00,0.000,0.000,0.000
2,ec.gp.GPIndividual@2089835832{1295570354},3C_20_66-02.txt,154.245,1.000,154.245,1,0.000,0.00,0.000,0.000,0.000
2,ec.gp.GPIndividual@2089835832{1295570354},3C_20_66-03.txt,118.340,1.000,118.340,1,0.000,0.00,0.000,0.000,0.000
2,ec.gp.GPIndividual@2089835832{1295570354},3C_20_80-01.txt,4.194,1.000,4.194,1,0.000,0.00,0.000,0.000,0.000
2,ec.gp.GPIndividual@2089835832{1295570354},3C_20_80-02.txt,35.738,1.000,35.738,1,0.000,0.00,0.000,0.000,0.000
2,ec.gp.GPIndividual@2089835832{1295570354},3C_20_80-03.txt,169.439,1.000,169.439,1,0.000,0.00,0.000,0.000,0.000
2,ec.gp.GPIndividual@1750240691{-1484546562},3C_20_50-02.txt,61.404,1.000,61.404,6,72.469,118.02,12.078,45.234,0.219
2,ec.gp.GPIndividual@1750240691{-1484546562},3C_20_80-01.txt,4.194,1.000,4.194,0,0.000,0.00,0.000,45.234,0.219
2,ec.gp.GPIndividual@1750240691{-1484546562},3C_20_80-02.txt,35.738,1.000,35.738,0,0.000,0.00,0.000,45.234,0.219
2,ec.gp.GPIndividual@1750240691{-1484546562},3C_20_80-03.txt,169.439,1.000,169.439,3,82.625,48.76,27.542,65.266,0.219
2,ec.gp.GPIndividual@1073178511{789367187},3C_20_50-02.txt,61.404,1.000,61.404,2,1.219,1.98,0.609,1.000,0.219
2,ec.gp.GPIndividual@1073178511{789367187},3C_20_50-03.txt,30.993,1.000,30.993,2,68.938,222.43,34.469,66.469,0.219
2,ec.gp.GPIndividual@797765007{-1783111748},3C_20_50-02.txt,61.404,1.000,61.404,4,7.156,11.65,1.789,4.203,0.234
2,ec.gp.GPIndividual@797765007{-1783111748},3C_20_66-01.txt,7.322,1.000,7.322,2,1.563,21.34,0.781,4.203,0.234
2,ec.gp.GPIndividual@797765007{-1783111748},3C_20_66-02.txt,154.245,1.000,154.245,3,4.109,2.66,1.370,4.203,0.234
2,ec.gp.GPIndividual@797765007{-1783111748},3C_20_66-03.txt,118.340,1.000,118.340,2,5.641,4.77,2.820,4.203,0.234
2,ec.gp.GPIndividual@797765007{-1783111748},3C_20_80-01.txt,4.194,1.000,4.194,2,1.688,40.23,0.844,4.203,0.234
2,ec.gp.GPIndividual@797765007{-1783111748},3C_20_80-02.txt,35.738,1.000,35.738,2,1.953,5.47,0.977,4.203,0.234
2,ec.gp.GPIndividual@797765007{-1783111748},3C_20_80-03.txt,169.439,1.000,169.439,7,165.250,97.53,23.607,60.938,0.234
2,ec.gp.GPIndividual@797765007{-1783111748},3C_20_50-03.txt,30.993,1.000,30.993,4,34.766,112.17,8.691,60.938,0.234
2,ec.gp.GPIndividual@703135069{278256758},3C_20_50-02.txt,61.404,1.000,61.404,0,0.000,0.00,0.000,0.000,0.000
2,ec.gp.GPIndividual@703135069{278256758},3C_20_50-03.txt,30.993,1.000,30.993,0,0.000,0.00,0.000,0.000,0.000
2,ec.gp.GPIndividual@703135069{278256758},3C_20_66-01.txt,7.322,1.000,7.322,0,0.000,0.00,0.000,0.000,0.000
2,ec.gp.GPIndividual@703135069{278256758},3C_20_66-02.txt,154.245,1.000,154.245,0,0.000,0.00,0.000,0.000,0.000
2,ec.gp.GPIndividual@703135069{278256758},3C_20_66-03.txt,118.340,1.000,118.340,0,0.000,0.00,0.000,0.000,0.000
2,ec.gp.GPIndividual@703135069{278256758},3C_20_80-01.txt,4.194,1.000,4.194,0,0.000,0.00,0.000,0.000,0.000
2,ec.gp.GPIndividual@703135069{278256758},3C_20_80-02.txt,35.738,1.000,35.738,0,0.000,0.00,0.000,0.000,0.000
2,ec.gp.GPIndividual@703135069{278256758},3C_20_80-03.txt,169.439,1.000,169.439,0,0.000,0.00,0.000,0.000,0.000
2,ec.gp.GPIndividual@1846818987{1420414730},3C_20_50-02.txt,61.404,1.000,61.404,1,0.219,0.36,0.219,0.219,0.219
2,ec.gp.GPIndividual@1846818987{1420414730},3C_20_50-03.txt,30.993,1.000,30.993,1,2.594,8.37,2.594,2.594,0.219
2,ec.gp.GPIndividual@1846818987{1420414730},3C_20_66-01.txt,7.322,1.000,7.322,1,0.594,8.11,0.594,2.594,0.219
2,ec.gp.GPIndividual@1846818987{1420414730},3C_20_66-02.txt,154.245,1.000,154.245,1,1.469,0.95,1.469,2.594,0.219
2,ec.gp.GPIndividual@1846818987{1420414730},3C_20_66-03.txt,118.340,1.000,118.340,1,7.578,6.40,7.578,7.578,0.219
2,ec.gp.GPIndividual@1846818987{1420414730},3C_20_66-01.txt,7.322,1.000,7.322,5,52.609,718.49,10.522,46.703,0.219
2,ec.gp.GPIndividual@1846818987{1420414730},3C_20_50-03.txt,30.993,1.000,30.993,2,1.984,6.40,0.992,46.703,0.219
2,ec.gp.GPIndividual@1846818987{1420414730},3C_20_66-02.txt,154.245,1.000,154.245,9,80.031,51.89,8.892,66.531,0.219
2,ec.gp.GPIndividual@1234015323{-2013583973},3C_20_50-02.txt,61.404,1.000,61.404,2,0.234,0.38,0.117,0.234,0.000
2,ec.gp.GPIndividual@1234015323{-2013583973},3C_20_50-03.txt,30.993,1.000,30.993,2,2.984,9.63,1.492,2.984,0.000
2,ec.gp.GPIndividual@1234015323{-2013583973},3C_20_66-01.txt,7.322,1.000,7.322,2,0.609,8.32,0.305,2.984,0.000
2,ec.gp.GPIndividual@1234015323{-2013583973},3C_20_66-02.txt,154.245,1.000,154.245,3,6.250,4.05,2.083,5.281,0.000
2,ec.gp.GPIndividual@1234015323{-2013583973},3C_20_66-03.txt,118.340,1.000,118.340,2,2.625,2.22,1.313,5.281,0.000
2,ec.gp.GPIndividual@1234015323{-2013583973},3C_20_80-01.txt,4.194,1.000,4.194,2,0.969,23.10,0.484,5.281,0.000
2,ec.gp.GPIndividual@1234015323{-2013583973},3C_20_80-02.txt,35.738,1.000,35.738,2,0.719,2.01,0.359,5.281,0.000
2,ec.gp.GPIndividual@1234015323{-2013583973},3C_20_80-03.txt,169.439,1.000,169.439,2,3.250,1.92,1.625,5.281,0.000
2,ec.gp.GPIndividual@1534991999{259945125},3C_20_50-02.txt,61.404,1.000,61.404,1,0.094,0.15,0.094,0.094,0.094
2,ec.gp.GPIndividual@1534991999{259945125},3C_20_50-03.txt,30.993,1.000,30.993,1,1.109,3.58,1.109,1.109,0.094
2,ec.gp.GPIndividual@1534991999{259945125},3C_20_66-01.txt,7.322,1.000,7.322,1,0.234,3.20,0.234,1.109,0.094
2,ec.gp.GPIndividual@1534991999{259945125},3C_20_66-02.txt,154.245,1.000,154.245,1,0.656,0.43,0.656,1.109,0.094
2,ec.gp.GPIndividual@1534991999{259945125},3C_20_66-03.txt,118.340,1.000,118.340,1,1.609,1.36,1.609,1.609,0.094
2,ec.gp.GPIndividual@1534991999{259945125},3C_20_80-01.txt,4.194,1.000,4.194,1,0.391,9.31,0.391,1.609,0.094
2,ec.gp.GPIndividual@1534991999{259945125},3C_20_80-02.txt,35.738,1.000,35.738,2,0.906,2.54,0.453,1.609,0.094
2,ec.gp.GPIndividual@1534991999{259945125},3C_20_80-03.txt,169.439,1.000,169.439,1,1.594,0.94,1.594,1.609,0.094
2,ec.gp.GPIndividual@564696916{753425794},3C_20_50-02.txt,61.404,1.000,61.404,0,0.000,0.00,0.000,0.000,0.000
2,ec.gp.GPIndividual@564696916{753425794},3C_20_50-03.txt,30.993,1.000,30.993,0,0.000,0.00,0.000,0.000,0.000
2,ec.gp.GPIndividual@564696916{753425794},3C_20_66-01.txt,7.322,1.000,7.322,0,0.000,0.00,0.000,0.000,0.000
2,ec.gp.GPIndividual@564696916{753425794},3C_20_66-02.txt,154.245,1.000,154.245,0,0.000,0.00,0.000,0.000,0.000
2,ec.gp.GPIndividual@564696916{753425794},3C_20_66-03.txt,118.340,1.000,118.340,0,0.000,0.00,0.000,0.000,0.000
2,ec.gp.GPIndividual@564696916{753425794},3C_20_80-01.txt,4.194,1.000,4.194,0,0.000,0.00,0.000,0.000,0.000
2,ec.gp.GPIndividual@564696916{753425794},3C_20_80-02.txt,35.738,1.000,35.738,0,0.000,0.00,0.000,0.000,0.000
2,ec.gp.GPIndividual@564696916{753425794},3C_20_80-03.txt,169.439,1.000,169.439,0,0.000,0.00,0.000,0.000,0.000
2,ec.gp.GPIndividual@1869244911{-1084730642},3C_20_50-02.txt,61.404,1.000,61.404,0,0.000,0.00,0.000,0.000,0.000
2,ec.gp.GPIndividual@1869244911{-1084730642},3C_20_50-03.txt,30.993,1.000,30.993,0,0.000,0.00,0.000,0.000,0.000
2,ec.gp.GPIndividual@1869244911{-1084730642},3C_20_66-01.txt,7.322,1.000,7.322,0,0.000,0.00,0.000,0.000,0.000
2,ec.gp.GPIndividual@1869244911{-1084730642},3C_20_66-02.txt,154.245,1.000,154.245,0,0.000,0.00,0.000,0.000,0.000
2,ec.gp.GPIndividual@1869244911{-1084730642},3C_20_66-03.txt,118.340,1.000,118.340,0,0.000,0.00,0.000,0.000,0.000
2,ec.gp.GPIndividual@1869244911{-1084730642},3C_20_80-01.txt,4.194,1.000,4.194,0,0.000,0.00,0.000,0.000,0.000
2,ec.gp.GPIndividual@1869244911{-1084730642},3C_20_80-02.txt,35.738,1.000,35.738,0,0.000,0.00,0.000,0.000,0.000
2,ec.gp.GPIndividual@1869244911{-1084730642},3C_20_80-03.txt,169.439,1.000,169.439,0,0.000,0.00,0.000,0.000,0.000
2,ec.gp.GPIndividual@658641176{-26720577},3C_20_50-02.txt,61.404,1.000,61.404,3,0.703,1.15,0.234,0.484,0.094
2,ec.gp.GPIndividual@658641176{-26720577},3C_20_50-03.txt,30.993,1.000,30.993,3,3.938,12.70,1.313,1.859,0.094
2,ec.gp.GPIndividual@658641176{-26720577},3C_20_66-01.txt,7.322,1.000,7.322,3,0.891,12.16,0.297,1.859,0.094
2,ec.gp.GPIndividual@658641176{-26720577},3C_20_66-02.txt,154.245,1.000,154.245,3,1.594,1.03,0.531,1.859,0.094
2,ec.gp.GPIndividual@658641176{-26720577},3C_20_66-03.txt,118.340,1.000,118.340,4,49.656,41.96,12.414,35.703,0.094
2,ec.gp.GPIndividual@658641176{-26720577},3C_20_80-01.txt,4.194,1.000,4.194,3,1.141,27.19,0.380,35.703,0.094
2,ec.gp.GPIndividual@658641176{-26720577},3C_20_80-02.txt,35.738,1.000,35.738,3,1.250,3.50,0.417,35.703,0.094
2,ec.gp.GPIndividual@658641176{-26720577},3C_20_80-03.txt,169.439,1.000,169.439,4,101.922,60.15,25.480,66.641,0.094
3,ec.gp.GPIndividual@1812113788{-2022171181},3C_20_50-02.txt,61.404,1.000,61.404,9,7.656,12.47,0.851,1.953,0.000
3,ec.gp.GPIndividual@1812113788{-2022171181},3C_20_50-03.txt,30.993,1.000,30.993,12,32.063,103.45,2.672,4.609,0.000
3,ec.gp.GPIndividual@1812113788{-2022171181},3C_20_50-03.txt,30.993,1.000,30.993,5,12.203,39.37,2.441,4.609,0.000
3,ec.gp.GPIndividual@1812113788{-2022171181},3C_20_66-01.txt,7.322,1.000,7.322,3,6.922,94.53,2.307,4.609,0.000
3,ec.gp.GPIndividual@1812113788{-2022171181},3C_20_66-02.txt,154.245,1.000,154.245,3,4.766,3.09,1.589,4.609,0.000
3,ec.gp.GPIndividual@1812113788{-2022171181},3C_20_66-03.txt,118.340,1.000,118.340,4,28.703,24.25,7.176,10.063,0.000
3,ec.gp.GPIndividual@1812113788{-2022171181},3C_20_50-03.txt,30.993,1.000,30.993,7,30.141,97.25,4.306,11.281,0.000
3,ec.gp.GPIndividual@1812113788{-2022171181},3C_20_80-01.txt,4.194,1.000,4.194,2,6.422,153.10,3.211,11.281,0.000
3,ec.gp.GPIndividual@1812113788{-2022171181},3C_20_66-01.txt,7.322,1.000,7.322,2,3.234,44.17,1.617,11.281,0.000
3,ec.gp.GPIndividual@1812113788{-2022171181},3C_20_66-01.txt,7.322,1.000,7.322,4,2.109,28.81,0.527,11.281,0.000
3,ec.gp.GPIndividual@1812113788{-2022171181},3C_20_80-02.txt,35.738,1.000,35.738,7,16.219,45.38,2.317,11.281,0.000
3,ec.gp.GPIndividual@1812113788{-2022171181},3C_20_80-03.txt,169.439,1.000,169.439,5,21.094,12.45,4.219,11.281,0.000
3,ec.gp.GPIndividual@1812113788{-2022171181},3C_20_50-03.txt,30.993,1.000,30.993,4,58.875,189.96,14.719,39.469,0.000
3,ec.gp.GPIndividual@1812113788{-2022171181},3C_20_50-03.txt,30.993,1.000,30.993,1,43.391,140.00,43.391,43.391,0.000
3,ec.gp.GPIndividual@1812113788{-2022171181},3C_20_50-03.txt,30.993,1.000,30.993,7,30.797,99.37,4.400,43.391,0.000
3,ec.gp.GPIndividual@1812113788{-2022171181},3C_20_66-01.txt,7.322,1.000,7.322,2,10.906,148.95,5.453,43.391,0.000
3,ec.gp.GPIndividual@1812113788{-2022171181},3C_20_66-01.txt,7.322,1.000,7.322,4,47.625,650.42,11.906,44.109,0.000
3,ec.gp.GPIndividual@1812113788{-2022171181},3C_20_66-02.txt,154.245,1.000,154.245,4,49.047,31.80,12.262,44.375,0.000
3,ec.gp.GPIndividual@1812113788{-2022171181},3C_20_66-01.txt,7.322,1.000,7.322,5,7.594,103.71,1.519,44.375,0.000
3,ec.gp.GPIndividual@1812113788{-2022171181},3C_20_66-02.txt,154.245,1.000,154.245,16,86.141,55.85,5.384,63.813,0.000
3,ec.gp.GPIndividual@572287427{-1174431966},3C_20_50-02.txt,61.404,1.000,61.404,6,93.063,151.56,15.510,43.906,0.531
3,ec.gp.GPIndividual@572287427{-1174431966},3C_20_66-02.txt,154.245,1.000,154.245,11,168.938,109.53,15.358,44.781,0.531
3,ec.gp.GPIndividual@572287427{-1174431966},3C_20_66-03.txt,118.340,1.000,118.340,7,95.125,80.38,13.589,44.781,0.531
3,ec.gp.GPIndividual@572287427{-1174431966},3C_20_66-02.txt,154.245,1.000,154.245,7,65.703,42.60,9.386,44.781,0.531
3,ec.gp.GPIndividual@572287427{-1174431966},3C_20_66-03.txt,118.340,1.000,118.340,1,38.125,32.22,38.125,44.781,0.531
3,ec.gp.GPIndividual@572287427{-1174431966},3C_20_50-03.txt,30.993,1.000,30.993,2,65.594,211.64,32.797,59.734,0.531
3,ec.gp.GPIndividual@572287427{-1174431966},3C_20_66-02.txt,154.245,1.000,154.245,14,158.844,102.98,11.346,59.734,0.000
3,ec.gp.GPIndividual@572287427{-1174431966},3C_20_66-03.txt,118.340,1.000,118.340,5,136.344,115.21,27.269,59.734,0.000
3,ec.gp.GPIndividual@572287427{-1174431966},3C_20_66-01.txt,7.322,1.000,7.322,3,42.609,581.92,14.203,59.734,0.000
3,ec.gp.GPIndividual@572287427{-1174431966},3C_20_66-03.txt,118.340,1.000,118.340,5,6.094,5.15,1.219,59.734,0.000
3,ec.gp.GPIndividual@572287427{-1174431966},3C_20_80-01.txt,4.194,1.000,4.194,4,4.719,112.50,1.180,59.734,0.000
3,ec.gp.GPIndividual@572287427{-1174431966},3C_20_66-02.txt,154.245,1.000,154.245,1,0.328,0.21,0.328,59.734,0.000
3,ec.gp.GPIndividual@572287427{-1174431966},3C_20_80-02.txt,35.738,1.000,35.738,14,36.984,103.49,2.642,59.734,0.000
3,ec.gp.GPIndividual@572287427{-1174431966},3C_20_80-01.txt,4.194,1.000,4.194,4,4.094,97.60,1.023,59.734,0.000
3,ec.gp.GPIndividual@572287427{-1174431966},3C_20_80-03.txt,169.439,1.000,169.439,2,3.359,1.98,1.680,59.734,0.000
3,ec.gp.GPIndividual@572287427{-1174431966},3C_20_66-03.txt,118.340,1.000,118.340,10,89.859,75.93,8.986,59.734,0.000
3,ec.gp.GPIndividual@572287427{-1174431966},3C_20_66-03.txt,118.340,1.000,118.340,5,120.641,101.94,24.128,59.734,0.000
3,ec.gp.GPIndividual@572287427{-1174431966},3C_20_80-01.txt,4.194,1.000,4.194,1,27.703,660.47,27.703,59.734,0.000
3,ec.gp.GPIndividual@572287427{-1174431966},3C_20_80-02.txt,35.738,1.000,35.738,4,37.219,104.14,9.305,59.734,0.000
3,ec.gp.GPIndividual@1205669257{-859546333},3C_20_50-02.txt,61.404,1.000,61.404,16,63.156,102.85,3.947,24.922,0.531
3,ec.gp.GPIndividual@1205669257{-859546333},3C_20_80-01.txt,4.194,1.000,4.194,3,3.297,78.60,1.099,24.922,0.531
3,ec.gp.GPIndividual@1205669257{-859546333},3C_20_80-02.txt,35.738,1.000,35.738,3,26.859,75.16,8.953,24.922,0.531
3,ec.gp.GPIndividual@1205669257{-859546333},3C_20_80-01.txt,4.194,1.000,4.194,1,12.766,304.34,12.766,24.922,0.531
3,ec.gp.GPIndividual@1205669257{-859546333},3C_20_80-03.txt,169.439,1.000,169.439,21,169.125,99.81,8.054,43.391,0.000
3,ec.gp.GPIndividual@1205669257{-859546333},3C_20_80-02.txt,35.738,1.000,35.738,6,61.906,173.22,10.318,52.234,0.000
3,ec.gp.GPIndividual@1205669257{-859546333},3C_20_50-03.txt,30.993,1.000,30.993,2,65.203,210.38,32.602,63.563,0.000
3,ec.gp.GPIndividual@1205669257{-859546333},3C_20_80-02.txt,35.738,1.000,35.738,1,57.859,161.90,57.859,63.563,0.000
3,ec.gp.GPIndividual@33295307{-833929468},3C_20_50-02.txt,61.404,1.000,61.404,3,5.172,8.42,1.724,4.156,0.500
3,ec.gp.GPIndividual@33295307{-833929468},3C_20_50-03.txt,30.993,1.000,30.993,1,60.500,195.21,60.500,60.500,0.500
3,ec.gp.GPIndividual@33295307{-833929468},3C_20_80-03.txt,169.439,1.000,169.439,3,15.563,9.18,5.188,60.500,0.500
3,ec.gp.GPIndividual@33295307{-833929468},3C_20_80-01.txt,4.194,1.000,4.194,3,7.219,172.10,2.406,60.500,0.500
3,ec.gp.GPIndividual@33295307{-833929468},3C_20_66-01.txt,7.322,1.000,7.322,5,5.328,72.77,1.066,60.500,0.500
3,ec.gp.GPIndividual@33295307{-833929468},3C_20_66-02.txt,154.245,1.000,154.245,8,33.984,22.03,4.248,60.500,0.500
3,ec.gp.GPIndividual@33295307{-833929468},3C_20_66-03.txt,118.340,1.000,118.340,7,30.984,26.18,4.426,60.500,0.500
3,ec.gp.GPIndividual@33295307{-833929468},3C_20_80-01.txt,4.194,1.000,4.194,2,2.563,61.09,1.281,60.500,0.500
3,ec.gp.GPIndividual@33295307{-833929468},3C_20_80-02.txt,35.738,1.000,35.738,2,3.500,9.79,1.750,60.500,0.500
3,ec.gp.GPIndividual@33295307{-833929468},3C_20_80-03.txt,169.439,1.000,169.439,2,11.406,6.73,5.703,60.500,0.500
3,ec.gp.GPIndividual@1863326908{1194353862},3C_20_50-02.txt,61.404,1.000,61.404,6,72.500,118.07,12.083,36.641,0.500
3,ec.gp.GPIndividual@1863326908{1194353862},3C_20_80-02.txt,35.738,1.000,35.738,5,75.781,212.05,15.156,50.531,0.500
3,ec.gp.GPIndividual@1863326908{1194353862},3C_20_80-03.txt,169.439,1.000,169.439,9,146.016,86.18,16.224,55.766,0.500
3,ec.gp.GPIndividual@1863326908{1194353862},3C_20_66-01.txt,7.322,1.000,7.322,2,20.875,285.09,10.438,55.766,0.500
3,ec.gp.GPIndividual@410176544{-1033797915},3C_20_50-02.txt,61.404,1.000,61.404,2,1.828,2.98,0.914,1.453,0.375
3,ec.gp.GPIndividual@410176544{-1033797915},3C_20_50-03.txt,30.993,1.000,30.993,2,45.250,146.00,22.625,23.063,0.375
3,ec.gp.GPIndividual@1762871942{2042416528},3C_20_50-02.txt,61.404,1.000,61.404,1,0.344,0.56,0.344,0.344,0.344
3,ec.gp.GPIndividual@1762871942{2042416528},3C_20_50-03.txt,30.993,1.000,30.993,3,6.406,20.67,2.135,3.578,0.344
3,ec.gp.GPIndividual@1762871942{2042416528},3C_20_80-03.txt,169.439,1.000,169.439,1,4.828,2.85,4.828,4.828,0.344
3,ec.gp.GPIndividual@1762871942{2042416528},3C_20_66-01.txt,7.322,1.000,7.322,1,4.266,58.26,4.266,4.828,0.344
3,ec.gp.GPIndividual@1762871942{2042416528},3C_20_66-01.txt,7.322,1.000,7.322,1,0.813,11.10,0.813,4.828,0.344
3,ec.gp.GPIndividual@1762871942{2042416528},3C_20_66-02.txt,154.245,1.000,154.245,1,1.016,0.66,1.016,4.828,0.344
3,ec.gp.GPIndividual@1762871942{2042416528},3C_20_66-02.txt,154.245,1.000,154.245,1,2.563,1.66,2.563,4.828,0.344
3,ec.gp.GPIndividual@1762871942{2042416528},3C_20_66-03.txt,118.340,1.000,118.340,1,2.734,2.31,2.734,4.828,0.344
3,ec.gp.GPIndividual@1762871942{2042416528},3C_20_66-03.txt,118.340,1.000,118.340,3,22.578,19.08,7.526,10.672,0.344
3,ec.gp.GPIndividual@1762871942{2042416528},3C_20_80-01.txt,4.194,1.000,4.194,1,6.094,145.28,6.094,10.672,0.344
3,ec.gp.GPIndividual@1762871942{2042416528},3C_20_80-01.txt,4.194,1.000,4.194,1,1.406,33.53,1.406,10.672,0.344
3,ec.gp.GPIndividual@1762871942{2042416528},3C_20_80-02.txt,35.738,1.000,35.738,1,1.609,4.50,1.609,10.672,0.344
3,ec.gp.GPIndividual@1762871942{2042416528},3C_20_80-02.txt,35.738,1.000,35.738,1,2.172,6.08,2.172,10.672,0.344
3,ec.gp.GPIndividual@1762871942{2042416528},3C_20_80-03.txt,169.439,1.000,169.439,1,2.328,1.37,2.328,10.672,0.344
3,ec.gp.GPIndividual@1762871942{2042416528},3C_20_80-03.txt,169.439,1.000,169.439,1,45.328,26.75,45.328,45.328,0.344
3,ec.gp.GPIndividual@1762871942{2042416528},3C_20_50-03.txt,30.993,1.000,30.993,1,48.406,156.19,48.406,48.406,0.344
3,ec.gp.GPIndividual@1762871942{2042416528},3C_20_80-03.txt,169.439,1.000,169.439,1,6.031,3.56,6.031,48.406,0.344
3,ec.gp.GPIndividual@362203841{-1180704521},3C_20_50-02.txt,61.404,1.000,61.404,3,7.281,11.86,2.427,6.203,0.531
3,ec.gp.GPIndividual@1426748250{-123413502},3C_20_50-02.txt,61.404,1.000,61.404,3,6.953,11.32,2.318,4.672,0.516
3,ec.gp.GPIndividual@1426748250{-123413502},3C_20_50-03.txt,30.993,1.000,30.993,8,30.016,96.85,3.752,7.172,0.516
3,ec.gp.GPIndividual@1426748250{-123413502},3C_20_66-01.txt,7.322,1.000,7.322,4,7.406,101.15,1.852,7.172,0.172
3,ec.gp.GPIndividual@1426748250{-123413502},3C_20_66-01.txt,7.322,1.000,7.322,1,9.359,127.82,9.359,9.359,0.172
3,ec.gp.GPIndividual@1937635520{-1316105368},3C_20_50-02.txt,61.404,1.000,61.404,5,5.938,9.67,1.188,2.109,0.500
3,ec.gp.GPIndividual@1937635520{-1316105368},3C_20_66-02.txt,154.245,1.000,154.245,9,18.219,11.81,2.024,3.469,0.500
3,ec.gp.GPIndividual@1937635520{-1316105368},3C_20_66-03.txt,118.340,1.000,118.340,7,120.297,101.65,17.185,45.109,0.500
3,ec.gp.GPIndividual@1937635520{-1316105368},3C_20_50-03.txt,30.993,1.000,30.993,1,10.438,33.68,10.438,45.109,0.500
3,ec.gp.GPIndividual@1870173346{-143478236},3C_20_50-02.txt,61.404,1.000,61.404,3,13.453,21.91,4.484,8.688,0.531
3,ec.gp.GPIndividual@1870173346{-143478236},3C_20_80-01.txt,4.194,1.000,4.194,5,3.844,91.64,0.769,8.688,0.000
3,ec.gp.GPIndividual@1870173346{-143478236},3C_20_80-02.txt,35.738,1.000,35.738,6,16.250,45.47,2.708,8.688,0.000
3,ec.gp.GPIndividual@1870173346{-143478236},3C_20_80-03.txt,169.439,1.000,169.439,9,161.766,95.47,17.974,55.328,0.000
3,ec.gp.GPIndividual@1870173346{-143478236},3C_20_50-03.txt,30.993,1.000,30.993,3,41.484,133.85,13.828,55.328,0.000
3,ec.gp.GPIndividual@1870173346{-143478236},3C_20_66-02.txt,154.245,1.000,154.245,4,36.703,23.80,9.176,55.328,0.000
3,ec.gp.GPIndividual@1870173346{-143478236},3C_20_66-01.txt,7.322,1.000,7.322,7,8.141,111.18,1.163,55.328,0.000
3,ec.gp.GPIndividual@1870173346{-143478236},3C_20_66-02.txt,154.245,1.000,154.245,1,0.328,0.21,0.328,55.328,0.000
3,ec.gp.GPIndividual@1870173346{-143478236},3C_20_66-03.txt,118.340,1.000,118.340,5,59.406,50.20,11.881,55.328,0.000
3,ec.gp.GPIndividual@1796287702{-979975135},3C_20_50-02.txt,61.404,1.000,61.404,6,61.531,100.21,10.255,52.984,0.328
3,ec.gp.GPIndividual@1796287702{-979975135},3C_20_80-01.txt,4.194,1.000,4.194,1,1.422,33.90,1.422,52.984,0.328
3,ec.gp.GPIndividual@1796287702{-979975135},3C_20_66-02.txt,154.245,1.000,154.245,16,142.156,92.16,8.885,66.641,0.328
3,ec.gp.GPIndividual@1796287702{-979975135},3C_20_66-03.txt,118.340,1.000,118.340,11,116.000,98.02,10.545,66.641,0.328
3,ec.gp.GPIndividual@1796287702{-979975135},3C_20_80-01.txt,4.194,1.000,4.194,1,3.719,88.66,3.719,66.641,0.328
3,ec.gp.GPIndividual@1796287702{-979975135},3C_20_50-03.txt,30.993,1.000,30.993,4,30.141,97.25,7.535,66.641,0.328
3,ec.gp.GPIndividual@1796287702{-979975135},3C_20_80-02.txt,35.738,1.000,35.738,7,48.125,134.66,6.875,66.641,0.328
3,ec.gp.GPIndividual@1796287702{-979975135},3C_20_66-03.txt,118.340,1.000,118.340,8,119.203,100.73,14.900,66.641,0.328
3,ec.gp.GPIndividual@1796287702{-979975135},3C_20_80-01.txt,4.194,1.000,4.194,2,3.813,90.89,1.906,66.641,0.328
3,ec.gp.GPIndividual@1796287702{-979975135},3C_20_66-01.txt,7.322,1.000,7.322,4,13.656,186.51,3.414,66.641,0.328
3,ec.gp.GPIndividual@1796287702{-979975135},3C_20_66-01.txt,7.322,1.000,7.322,6,8.656,118.22,1.443,66.641,0.328
3,ec.gp.GPIndividual@1796287702{-979975135},3C_20_80-02.txt,35.738,1.000,35.738,2,0.891,2.49,0.445,66.641,0.141
3,ec.gp.GPIndividual@1796287702{-979975135},3C_20_66-02.txt,154.245,1.000,154.245,14,97.516,63.22,6.965,66.641,0.141
3,ec.gp.GPIndividual@1796287702{-979975135},3C_20_80-02.txt,35.738,1.000,35.738,6,51.203,143.27,8.534,66.641,0.141
3,ec.gp.GPIndividual@1796287702{-979975135},3C_20_66-02.txt,154.245,1.000,154.245,5,124.406,80.66,24.881,66.641,0.141
3,ec.gp.GPIndividual@1796287702{-979975135},3C_20_50-03.txt,30.993,1.000,30.993,2,12.813,41.34,6.406,66.641,0.141
3,ec.gp.GPIndividual@1796287702{-979975135},3C_20_80-03.txt,169.439,1.000,169.439,5,61.891,36.53,12.378,66.641,0.141
3,ec.gp.GPIndividual@1796287702{-979975135},3C_20_80-03.txt,169.439,1.000,169.439,5,61.828,36.49,12.366,66.641,0.141
3,ec.gp.GPIndividual@1796287702{-979975135},3C_20_80-03.txt,169.439,1.000,169.439,2,51.031,30.12,25.516,66.641,0.141
3,ec.gp.GPIndividual@1796287702{-979975135},3C_20_66-03.txt,118.340,1.000,118.340,8,117.531,99.32,14.691,66.641,0.141
3,ec.gp.GPIndividual@1796287702{-979975135},3C_20_80-01.txt,4.194,1.000,4.194,3,3.328,79.35,1.109,66.641,0.141
3,ec.gp.GPIndividual@1796287702{-979975135},3C_20_80-02.txt,35.738,1.000,35.738,1,58.313,163.17,58.313,66.641,0.141
3,ec.gp.GPIndividual@264166409{705334214},3C_20_50-02.txt,61.404,1.000,61.404,3,69.656,113.44,23.219,62.359,0.531
3,ec.gp.GPIndividual@546222229{332317731},3C_20_50-02.txt,61.404,1.000,61.404,15,61.016,99.37,4.068,36.516,0.359
3,ec.gp.GPIndividual@546222229{332317731},3C_20_66-01.txt,7.322,1.000,7.322,7,7.172,97.95,1.025,36.516,0.359
3,ec.gp.GPIndividual@546222229{332317731},3C_20_66-02.txt,154.245,1.000,154.245,2,24.156,15.66,12.078,36.516,0.359
3,ec.gp.GPIndividual@546222229{332317731},3C_20_66-03.txt,118.340,1.000,118.340,7,117.922,99.65,16.846,65.188,0.328
3,ec.gp.GPIndividual@546222229{332317731},3C_20_80-03.txt,169.439,1.000,169.439,6,27.188,16.05,4.531,65.188,0.328
3,ec.gp.GPIndividual@1767900097{-821132345},3C_20_50-02.txt,61.404,1.000,61.404,6,63.672,103.69,10.612,34.156,0.531
3,ec.gp.GPIndividual@1767900097{-821132345},3C_20_50-03.txt,30.993,1.000,30.993,1,40.672,131.23,40.672,40.672,0.531
3,ec.gp.GPIndividual@1767900097{-821132345},3C_20_50-03.txt,30.993,1.000,30.993,1,7.813,25.21,7.813,40.672,0.531
3,ec.gp.GPIndividual@1767900097{-821132345},3C_20_50-03.txt,30.993,1.000,30.993,5,67.969,219.31,13.594,46.250,0.531
3,ec.gp.GPIndividual@1767900097{-821132345},3C_20_66-03.txt,118.340,1.000,118.340,10,167.719,141.73,16.772,61.328,0.531
3,ec.gp.GPIndividual@1798790621{1990551399},3C_20_50-02.txt,61.404,1.000,61.404,3,5.328,8.68,1.776,4.859,0.000
3,ec.gp.GPIndividual@1798790621{1990551399},3C_20_50-03.txt,30.993,1.000,30.993,4,23.125,74.61,5.781,9.875,0.000
3,ec.gp.GPIndividual@1798790621{1990551399},3C_20_66-01.txt,7.322,1.000,7.322,2,1.094,14.94,0.547,9.875,0.000
3,ec.gp.GPIndividual@1798790621{1990551399},3C_20_66-02.txt,154.245,1.000,154.245,5,40.828,26.47,8.166,17.297,0.000
3,ec.gp.GPIndividual@1798790621{1990551399},3C_20_66-03.txt,118.340,1.000,118.340,2,9.047,7.64,4.523,17.297,0.000
3,ec.gp.GPIndividual@1798790621{1990551399},3C_20_66-01.txt,7.322,1.000,7.322,4,10.328,141.05,2.582,17.297,0.000
3,ec.gp.GPIndividual@1798790621{1990551399},3C_20_80-01.txt,4.194,1.000,4.194,3,3.063,73.01,1.021,17.297,0.000
3,ec.gp.GPIndividual@1798790621{1990551399},3C_20_80-02.txt,35.738,1.000,35.738,2,1.266,3.54,0.633,17.297,0.000
3,ec.gp.GPIndividual@1798790621{1990551399},3C_20_66-02.txt,154.245,1.000,154.245,1,2.375,1.54,2.375,17.297,0.000
3,ec.gp.GPIndividual@1798790621{1990551399},3C_20_80-03.txt,169.439,1.000,169.439,7,36.141,21.33,5.163,22.688,0.000
3,ec.gp.GPIndividual@1321022380{-2034717975},3C_20_50-02.txt,61.404,1.000,61.404,8,73.484,119.67,9.186,27.250,0.516
3,ec.gp.GPIndividual@1321022380{-2034717975},3C_20_66-01.txt,7.322,1.000,7.322,1,24.125,329.48,24.125,27.250,0.516
3,ec.gp.GPIndividual@1321022380{-2034717975},3C_20_66-03.txt,118.340,1.000,118.340,10,144.094,121.76,14.409,54.797,0.516
3,ec.gp.GPIndividual@1321022380{-2034717975},3C_20_80-01.txt,4.194,1.000,4.194,3,3.297,78.60,1.099,54.797,0.516
3,ec.gp.GPIndividual@1321022380{-2034717975},3C_20_80-02.txt,35.738,1.000,35.738,5,37.344,104.49,7.469,54.797,0.516
3,ec.gp.GPIndividual@1321022380{-2034717975},3C_20_66-02.txt,154.245,1.000,154.245,6,25.203,16.34,4.201,54.797,0.516
3,ec.gp.GPIndividual@1321022380{-2034717975},3C_20_50-03.txt,30.993,1.000,30.993,3,27.922,90.09,9.307,54.797,0.516
3,ec.gp.GPIndividual@1321022380{-2034717975},3C_20_80-01.txt,4.194,1.000,4.194,4,4.000,95.36,1.000,54.797,0.172
3,ec.gp.GPIndividual@1321022380{-2034717975},3C_20_80-02.txt,35.738,1.000,35.738,9,35.609,99.64,3.957,54.797,0.172
3,ec.gp.GPIndividual@1321022380{-2034717975},3C_20_66-03.txt,118.340,1.000,118.340,2,51.500,43.52,25.750,54.797,0.172
3,ec.gp.GPIndividual@1321022380{-2034717975},3C_20_66-01.txt,7.322,1.000,7.322,3,7.500,102.43,2.500,54.797,0.172
3,ec.gp.GPIndividual@1321022380{-2034717975},3C_20_80-03.txt,169.439,1.000,169.439,13,167.578,98.90,12.891,55.672,0.172
3,ec.gp.GPIndividual@1321022380{-2034717975},3C_20_66-01.txt,7.322,1.000,7.322,5,6.391,87.28,1.278,55.672,0.172
3,ec.gp.GPIndividual@1321022380{-2034717975},3C_20_66-02.txt,154.245,1.000,154.245,1,13.281,8.61,13.281,55.672,0.172
3,ec.gp.GPIndividual@1321022380{-2034717975},3C_20_80-03.txt,169.439,1.000,169.439,11,205.891,121.51,18.717,60.938,0.172
3,ec.gp.GPIndividual@1052421875{1166969779},3C_20_50-02.txt,61.404,1.000,61.404,0,0.000,0.00,0.000,0.000,0.000
3,ec.gp.GPIndividual@1052421875{1166969779},3C_20_50-03.txt,30.993,1.000,30.993,0,0.000,0.00,0.000,0.000,0.000
3,ec.gp.GPIndividual@1052421875{1166969779},3C_20_66-01.txt,7.322,1.000,7.322,0,0.000,0.00,0.000,0.000,0.000
3,ec.gp.GPIndividual@1052421875{1166969779},3C_20_66-02.txt,154.245,1.000,154.245,0,0.000,0.00,0.000,0.000,0.000
3,ec.gp.GPIndividual@1052421875{1166969779},3C_20_66-03.txt,118.340,1.000,118.340,0,0.000,0.00,0.000,0.000,0.000
3,ec.gp.GPIndividual@1052421875{1166969779},3C_20_80-01.txt,4.194,1.000,4.194,0,0.000,0.00,0.000,0.000,0.000
3,ec.gp.GPIndividual@1052421875{1166969779},3C_20_80-02.txt,35.738,1.000,35.738,0,0.000,0.00,0.000,0.000,0.000
3,ec.gp.GPIndividual@1052421875{1166969779},3C_20_80-03.txt,169.439,1.000,169.439,0,0.000,0.00,0.000,0.000,0.000
3,ec.gp.GPIndividual@816277192{979667725},3C_20_50-02.txt,61.404,1.000,61.404,2,2.578,4.20,1.289,2.047,0.531
3,ec.gp.GPIndividual@816277192{979667725},3C_20_50-03.txt,30.993,1.000,30.993,3,23.031,74.31,7.677,9.828,0.531
3,ec.gp.GPIndividual@816277192{979667725},3C_20_80-01.txt,4.194,1.000,4.194,1,6.734,160.55,6.734,9.828,0.531
3,ec.gp.GPIndividual@816277192{979667725},3C_20_66-01.txt,7.322,1.000,7.322,3,26.359,359.99,8.786,24.047,0.531
3,ec.gp.GPIndividual@816277192{979667725},3C_20_80-01.txt,4.194,1.000,4.194,2,2.922,69.66,1.461,24.047,0.531
3,ec.gp.GPIndividual@816277192{979667725},3C_20_66-02.txt,154.245,1.000,154.245,5,8.172,5.30,1.634,24.047,0.531
3,ec.gp.GPIndividual@816277192{979667725},3C_20_66-03.txt,118.340,1.000,118.340,12,117.719,99.48,9.810,45.813,0.531
3,ec.gp.GPIndividual@816277192{979667725},3C_20_80-01.txt,4.194,1.000,4.194,1,44.500,1060.92,44.500,45.813,0.531
3,ec.gp.GPIndividual@816277192{979667725},3C_20_66-03.txt,118.340,1.000,118.340,2,3.047,2.57,1.523,45.813,0.531
3,ec.gp.GPIndividual@1651991090{-372916285},3C_20_50-02.txt,61.404,1.000,61.404,1,0.344,0.56,0.344,0.344,0.344
3,ec.gp.GPIndividual@1651991090{-372916285},3C_20_50-03.txt,30.993,1.000,30.993,1,1.625,5.24,1.625,1.625,0.344
3,ec.gp.GPIndividual@1651991090{-372916285},3C_20_80-02.txt,35.738,1.000,35.738,2,6.594,18.45,3.297,4.391,0.344
3,ec.gp.GPIndividual@1651991090{-372916285},3C_20_66-01.txt,7.322,1.000,7.322,1,1.078,14.72,1.078,4.391,0.344
3,ec.gp.GPIndividual@1651991090{-372916285},3C_20_80-03.txt,169.439,1.000,169.439,2,7.328,4.32,3.664,6.297,0.344
3,ec.gp.GPIndividual@1651991090{-372916285},3C_20_66-02.txt,154.245,1.000,154.245,1,2.781,1.80,2.781,6.297,0.344
3,ec.gp.GPIndividual@1651991090{-372916285},3C_20_66-03.txt,118.340,1.000,118.340,3,16.781,14.18,5.594,6.609,0.344
3,ec.gp.GPIndividual@1651991090{-372916285},3C_20_80-01.txt,4.194,1.000,4.194,1,20.781,495.44,20.781,20.781,0.344
3,ec.gp.GPIndividual@1651991090{-372916285},3C_20_80-02.txt,35.738,1.000,35.738,1,1.438,4.02,1.438,20.781,0.344
3,ec.gp.GPIndividual@1651991090{-372916285},3C_20_80-02.txt,35.738,1.000,35.738,2,46.750,130.81,23.375,26.656,0.344
3,ec.gp.GPIndividual@1651991090{-372916285},3C_20_66-02.txt,154.245,1.000,154.245,2,4.703,3.05,2.352,26.656,0.344
3,ec.gp.GPIndividual@1651991090{-372916285},3C_20_80-03.txt,169.439,1.000,169.439,8,21.656,12.78,2.707,26.656,0.344
3,ec.gp.GPIndividual@1297043251{-891186658},3C_20_50-02.txt,61.404,1.000,61.404,6,7.609,12.39,1.268,2.016,0.203
3,ec.gp.GPIndividual@1297043251{-891186658},3C_20_50-03.txt,30.993,1.000,30.993,3,16.234,52.38,5.411,7.672,0.203
3,ec.gp.GPIndividual@1297043251{-891186658},3C_20_66-01.txt,7.322,1.000,7.322,3,4.047,55.27,1.349,7.672,0.203
3,ec.gp.GPIndividual@1297043251{-891186658},3C_20_66-02.txt,154.245,1.000,154.245,5,51.766,33.56,10.353,23.906,0.203
3,ec.gp.GPIndividual@1297043251{-891186658},3C_20_66-03.txt,118.340,1.000,118.340,1,43.375,36.65,43.375,43.375,0.203
3,ec.gp.GPIndividual@1890765761{-921343960},3C_20_50-02.txt,61.404,1.000,61.404,6,52.672,85.78,8.779,39.484,0.219
3,ec.gp.GPIndividual@2076627669{-1213128580},3C_20_50-02.txt,61.404,1.000,61.404,6,77.188,125.70,12.865,65.859,0.234
3,ec.gp.GPIndividual@2076627669{-1213128580},3C_20_66-03.txt,118.340,1.000,118.340,7,116.672,98.59,16.667,66.469,0.234
3,ec.gp.GPIndividual@2076627669{-1213128580},3C_20_50-03.txt,30.993,1.000,30.993,2,12.516,40.38,6.258,66.469,0.234
3,ec.gp.GPIndividual@931998286{869981748},3C_20_50-02.txt,61.404,1.000,61.404,3,4.563,7.43,1.521,4.109,0.219
3,ec.gp.GPIndividual@931998286{869981748},3C_20_50-03.txt,30.993,1.000,30.993,2,4.422,14.27,2.211,4.109,0.219
3,ec.gp.GPIndividual@931998286{869981748},3C_20_66-01.txt,7.322,1.000,7.322,4,7.078,96.67,1.770,5.172,0.219
3,ec.gp.GPIndividual@931998286{869981748},3C_20_66-01.txt,7.322,1.000,7.322,4,2.234,30.52,0.559,5.172,0.219
3,ec.gp.GPIndividual@931998286{869981748},3C_20_66-02.txt,154.245,1.000,154.245,6,5.219,3.38,0.870,5.172,0.219
3,ec.gp.GPIndividual@931998286{869981748},3C_20_66-03.txt,118.340,1.000,118.340,6,40.797,34.47,6.799,27.766,0.219
3,ec.gp.GPIndividual@931998286{869981748},3C_20_80-01.txt,4.194,1.000,4.194,2,1.703,40.60,0.852,27.766,0.219
3,ec.gp.GPIndividual@931998286{869981748},3C_20_80-02.txt,35.738,1.000,35.738,1,36.609,102.44,36.609,36.609,0.219
3,ec.gp.GPIndividual@931998286{869981748},3C_20_50-03.txt,30.993,1.000,30.993,8,34.844,112.43,4.355,36.609,0.219
3,ec.gp.GPIndividual@931998286{869981748},3C_20_66-02.txt,154.245,1.000,154.245,7,20.000,12.97,2.857,36.609,0.219
3,ec.gp.GPIndividual@931998286{869981748},3C_20_80-03.txt,169.439,1.000,169.439,4,40.266,23.76,10.066,36.609,0.219
3,ec.gp.GPIndividual@1033011887{-738872386},3C_20_50-02.txt,61.404,1.000,61.404,3,1.063,1.73,0.354,0.734,0.156
3,ec.gp.GPIndividual@1033011887{-738872386},3C_20_50-03.txt,30.993,1.000,30.993,3,6.328,20.42,2.109,2.891,0.156
3,ec.gp.GPIndividual@1033011887{-738872386},3C_20_66-01.txt,7.322,1.000,7.322,1,13.203,180.32,13.203,13.203,0.156
3,ec.gp.GPIndividual@1033011887{-738872386},3C_20_66-02.txt,154.245,1.000,154.245,4,2.422,1.57,0.605,13.203,0.156
3,ec.gp.GPIndividual@1033011887{-738872386},3C_20_66-02.txt,154.245,1.000,154.245,8,17.594,11.41,2.199,13.203,0.156
3,ec.gp.GPIndividual@1033011887{-738872386},3C_20_66-03.txt,118.340,1.000,118.340,4,39.938,33.75,9.984,17.906,0.156
3,ec.gp.GPIndividual@1033011887{-738872386},3C_20_80-01.txt,4.194,1.000,4.194,3,1.875,44.70,0.625,17.906,0.156
3,ec.gp.GPIndividual@1033011887{-738872386},3C_20_80-02.txt,35.738,1.000,35.738,3,2.016,5.64,0.672,17.906,0.156
3,ec.gp.GPIndividual@1033011887{-738872386},3C_20_80-03.txt,169.439,1.000,169.439,4,74.141,43.76,18.535,55.516,0.156
3,ec.gp.GPIndividual@1033011887{-738872386},3C_20_80-03.txt,169.439,1.000,169.439,3,128.797,76.01,42.932,65.969,0.156
3,ec.gp.GPIndividual@484764121{-872601686},3C_20_50-02.txt,61.404,1.000,61.404,7,54.391,88.58,7.770,39.734,0.094
3,ec.gp.GPIndividual@484764121{-872601686},3C_20_66-03.txt,118.340,1.000,118.340,9,100.531,84.95,11.170,39.734,0.000
3,ec.gp.GPIndividual@484764121{-872601686},3C_20_50-03.txt,30.993,1.000,30.993,5,30.578,98.66,6.116,39.734,0.000
3,ec.gp.GPIndividual@484764121{-872601686},3C_20_80-01.txt,4.194,1.000,4.194,6,4.016,95.74,0.669,39.734,0.000
3,ec.gp.GPIndividual@484764121{-872601686},3C_20_66-01.txt,7.322,1.000,7.322,12,7.031,96.03,0.586,39.734,0.000
3,ec.gp.GPIndividual@484764121{-872601686},3C_20_66-02.txt,154.245,1.000,154.245,11,133.031,86.25,12.094,39.734,0.000
3,ec.gp.GPIndividual@484764121{-872601686},3C_20_80-02.txt,35.738,1.000,35.738,3,1.609,4.50,0.536,39.734,0.000
3,ec.gp.GPIndividual@484764121{-872601686},3C_20_80-03.txt,169.439,1.000,169.439,7,127.375,75.17,18.196,56.438,0.000
3,ec.gp.GPIndividual@484764121{-872601686},3C_20_66-03.txt,118.340,1.000,118.340,9,115.891,97.93,12.877,56.438,0.000
3,ec.gp.GPIndividual@484764121{-872601686},3C_20_80-01.txt,4.194,1.000,4.194,7,3.500,83.44,0.500,56.438,0.000
3,ec.gp.GPIndividual@484764121{-872601686},3C_20_80-02.txt,35.738,1.000,35.738,6,11.797,33.01,1.966,56.438,0.000
3,ec.gp.GPIndividual@872029833{1193466579},3C_20_50-02.txt,61.404,1.000,61.404,1,0.063,0.10,0.063,0.063,0.063
3,ec.gp.GPIndividual@872029833{1193466579},3C_20_50-03.txt,30.993,1.000,30.993,1,0.641,2.07,0.641,0.641,0.063
3,ec.gp.GPIndividual@872029833{1193466579},3C_20_66-01.txt,7.322,1.000,7.322,2,0.250,3.41,0.125,0.641,0.063
3,ec.gp.GPIndividual@872029833{1193466579},3C_20_66-02.txt,154.245,1.000,154.245,1,0.297,0.19,0.297,0.641,0.063
3,ec.gp.GPIndividual@872029833{1193466579},3C_20_66-03.txt,118.340,1.000,118.340,1,0.813,0.69,0.813,0.813,0.063
3,ec.gp.GPIndividual@872029833{1193466579},3C_20_80-01.txt,4.194,1.000,4.194,2,0.281,6.71,0.141,0.813,0.063
3,ec.gp.GPIndividual@872029833{1193466579},3C_20_80-02.txt,35.738,1.000,35.738,9,26.047,72.88,2.894,9.469,0.063
3,ec.gp.GPIndividual@872029833{1193466579},3C_20_80-03.txt,169.439,1.000,169.439,1,0.750,0.44,0.750,9.469,0.063
3,ec.gp.GPIndividual@1517124924{1664649189},3C_20_50-02.txt,61.404,1.000,61.404,2,0.250,0.41,0.125,0.219,0.031
3,ec.gp.GPIndividual@1517124924{1664649189},3C_20_50-03.txt,30.993,1.000,30.993,2,1.516,4.89,0.758,0.953,0.031
3,ec.gp.GPIndividual@1517124924{1664649189},3C_20_66-01.txt,7.322,1.000,7.322,2,0.297,4.05,0.148,0.953,0.031
3,ec.gp.GPIndividual@1517124924{1664649189},3C_20_66-02.txt,154.245,1.000,154.245,2,0.484,0.31,0.242,0.953,0.031
3,ec.gp.GPIndividual@1517124924{1664649189},3C_20_66-03.txt,118.340,1.000,118.340,2,1.250,1.06,0.625,0.953,0.031
3,ec.gp.GPIndividual@1517124924{1664649189},3C_20_80-01.txt,4.194,1.000,4.194,2,0.359,8.57,0.180,0.953,0.031
3,ec.gp.GPIndividual@1517124924{1664649189},3C_20_80-02.txt,35.738,1.000,35.738,2,0.422,1.18,0.211,0.953,0.031
3,ec.gp.GPIndividual@1517124924{1664649189},3C_20_80-03.txt,169.439,1.000,169.439,2,68.266,40.29,34.133,67.484,0.031
4,ec.gp.GPIndividual@1056664422{-1425009573},3C_20_50-02.txt,61.404,1.000,61.404,30,60.625,98.73,2.021,7.031,0.000
4,ec.gp.GPIndividual@1056664422{-1425009573},3C_20_50-03.txt,30.993,1.000,30.993,3,8.609,27.78,2.870,8.609,0.000
4,ec.gp.GPIndividual@1056664422{-1425009573},3C_20_50-03.txt,30.993,1.000,30.993,4,35.906,115.85,8.977,12.078,0.000
4,ec.gp.GPIndividual@1056664422{-1425009573},3C_20_50-03.txt,30.993,1.000,30.993,8,26.813,86.51,3.352,12.078,0.000
4,ec.gp.GPIndividual@1056664422{-1425009573},3C_20_50-03.txt,30.993,1.000,30.993,3,25.641,82.73,8.547,12.078,0.000
4,ec.gp.GPIndividual@1056664422{-1425009573},3C_20_50-03.txt,30.993,1.000,30.993,1,7.547,24.35,7.547,12.078,0.000
4,ec.gp.GPIndividual@1056664422{-1425009573},3C_20_50-03.txt,30.993,1.000,30.993,2,5.844,18.86,2.922,12.078,0.000
4,ec.gp.GPIndividual@1056664422{-1425009573},3C_20_66-01.txt,7.322,1.000,7.322,6,10.984,150.01,1.831,12.078,0.000
4,ec.gp.GPIndividual@1056664422{-1425009573},3C_20_66-01.txt,7.322,1.000,7.322,6,7.250,99.01,1.208,12.078,0.000
4,ec.gp.GPIndividual@1056664422{-1425009573},3C_20_66-02.txt,154.245,1.000,154.245,3,8.969,5.81,2.990,12.078,0.000
4,ec.gp.GPIndividual@1056664422{-1425009573},3C_20_66-01.txt,7.322,1.000,7.322,1,2.609,35.64,2.609,12.078,0.000
4,ec.gp.GPIndividual@1056664422{-1425009573},3C_20_66-01.txt,7.322,1.000,7.322,6,16.016,218.73,2.669,12.078,0.000
4,ec.gp.GPIndividual@1056664422{-1425009573},3C_20_66-01.txt,7.322,1.000,7.322,4,2.031,27.74,0.508,12.078,0.000
4,ec.gp.GPIndividual@1056664422{-1425009573},3C_20_66-03.txt,118.340,1.000,118.340,3,3.953,3.34,1.318,12.078,0.000
4,ec.gp.GPIndividual@1056664422{-1425009573},3C_20_66-02.txt,154.245,1.000,154.245,23,193.094,125.19,8.395,42.797,0.000
4,ec.gp.GPIndividual@1056664422{-1425009573},3C_20_66-02.txt,154.245,1.000,154.245,12,152.547,98.90,12.712,48.016,0.000
4,ec.gp.GPIndividual@1056664422{-1425009573},3C_20_66-02.txt,154.245,1.000,154.245,4,17.656,11.45,4.414,48.016,0.000
4,ec.gp.GPIndividual@1056664422{-1425009573},3C_20_66-01.txt,7.322,1.000,7.322,5,25.625,349.96,5.125,48.016,0.000
4,ec.gp.GPIndividual@1056664422{-1425009573},3C_20_80-01.txt,4.194,1.000,4.194,4,4.422,105.42,1.105,48.016,0.000
4,ec.gp.GPIndividual@1056664422{-1425009573},3C_20_80-02.txt,35.738,1.000,35.738,1,0.297,0.83,0.297,48.016,0.000
4,ec.gp.GPIndividual@1056664422{-1425009573},3C_20_66-02.txt,154.245,1.000,154.245,15,147.500,95.63,9.833,48.016,0.000
4,ec.gp.GPIndividual@1056664422{-1425009573},3C_20_66-03.txt,118.340,1.000,118.340,6,28.156,23.79,4.693,48.016,0.000
4,ec.gp.GPIndividual@1056664422{-1425009573},3C_20_66-03.txt,118.340,1.000,118.340,7,140.953,119.11,20.136,53.094,0.000
4,ec.gp.GPIndividual@1056664422{-1425009573},3C_20_66-03.txt,118.340,1.000,118.340,7,118.000,99.71,16.857,53.094,0.000
4,ec.gp.GPIndividual@1056664422{-1425009573},3C_20_80-01.txt,4.194,1.000,4.194,2,1.828,43.58,0.914,53.094,0.000
4,ec.gp.GPIndividual@1056664422{-1425009573},3C_20_80-01.txt,4.194,1.000,4.194,5,3.625,86.42,0.725,53.094,0.000
4,ec.gp.GPIndividual@1056664422{-1425009573},3C_20_80-02.txt,35.738,1.000,35.738,2,0.906,2.54,0.453,53.094,0.000
4,ec.gp.GPIndividual@1056664422{-1425009573},3C_20_80-02.txt,35.738,1.000,35.738,6,35.969,100.65,5.995,53.094,0.000
4,ec.gp.GPIndividual@1056664422{-1425009573},3C_20_66-02.txt,154.245,1.000,154.245,3,2.516,1.63,0.839,53.094,0.000
4,ec.gp.GPIndividual@1056664422{-1425009573},3C_20_80-03.txt,169.439,1.000,169.439,13,107.625,63.52,8.279,53.094,0.000
4,ec.gp.GPIndividual@1056664422{-1425009573},3C_20_80-03.txt,169.439,1.000,169.439,2,42.141,24.87,21.070,53.094,0.000
4,ec.gp.GPIndividual@1056664422{-1425009573},3C_20_66-03.txt,118.340,1.000,118.340,2,44.000,37.18,22.000,53.094,0.000
4,ec.gp.GPIndividual@1056664422{-1425009573},3C_20_80-01.txt,4.194,1.000,4.194,3,43.422,1035.21,14.474,53.094,0.000
4,ec.gp.GPIndividual@1056664422{-1425009573},3C_20_66-03.txt,118.340,1.000,118.340,11,98.672,83.38,8.970,65.781,0.000
4,ec.gp.GPIndividual@1056664422{-1425009573},3C_20_80-03.txt,169.439,1.000,169.439,2,61.969,36.57,30.984,65.781,0.000
4,ec.gp.GPIndividual@946691904{-1820741910},3C_20_50-02.txt,61.404,1.000,61.404,7,86.688,141.17,12.384,65.188,0.516
4,ec.gp.GPIndividual@1909562349{348587859},3C_20_50-02.txt,61.404,1.000,61.404,7,67.844,110.49,9.692,35.828,0.531
4,ec.gp.GPIndividual@1909562349{348587859},3C_20_80-01.txt,4.194,1.000,4.194,1,42.172,1005.41,42.172,42.172,0.531
4,ec.gp.GPIndividual@1909562349{348587859},3C_20_80-01.txt,4.194,1.000,4.194,2,35.531,847.09,17.766,42.172,0.531
4,ec.gp.GPIndividual@1909562349{348587859},3C_20_80-02.txt,35.738,1.000,35.738,16,37.078,103.75,2.317,42.172,0.000
4,ec.gp.GPIndividual@1909562349{348587859},3C_20_50-03.txt,30.993,1.000,30.993,1,21.672,69.93,21.672,42.172,0.000
4,ec.gp.GPIndividual@752997832{349212623},3C_20_50-02.txt,61.404,1.000,61.404,1,0.344,0.56,0.344,0.344,0.344
4,ec.gp.GPIndividual@752997832{349212623},3C_20_50-03.txt,30.993,1.000,30.993,1,19.391,62.57,19.391,19.391,0.344
4,ec.gp.GPIndividual@752997832{349212623},3C_20_50-03.txt,30.993,1.000,30.993,5,11.781,38.01,2.356,19.391,0.000
4,ec.gp.GPIndividual@752997832{349212623},3C_20_80-03.txt,169.439,1.000,169.439,5,10.797,6.37,2.159,19.391,0.000
4,ec.gp.GPIndividual@752997832{349212623},3C_20_66-01.txt,7.322,1.000,7.322,1,1.109,15.15,1.109,19.391,0.000
4,ec.gp.GPIndividual@752997832{349212623},3C_20_66-02.txt,154.245,1.000,154.245,2,7.094,4.60,3.547,19.391,0.000
4,ec.gp.GPIndividual@752997832{349212623},3C_20_66-03.txt,118.340,1.000,118.340,4,29.328,24.78,7.332,19.391,0.000
4,ec.gp.GPIndividual@752997832{349212623},3C_20_80-01.txt,4.194,1.000,4.194,1,9.000,214.57,9.000,19.391,0.000
4,ec.gp.GPIndividual@752997832{349212623},3C_20_66-01.txt,7.322,1.000,7.322,2,2.156,29.45,1.078,19.391,0.000
4,ec.gp.GPIndividual@752997832{349212623},3C_20_80-02.txt,35.738,1.000,35.738,2,3.641,10.19,1.820,19.391,0.000
4,ec.gp.GPIndividual@752997832{349212623},3C_20_80-03.txt,169.439,1.000,169.439,4,18.281,10.79,4.570,19.391,0.000
4,ec.gp.GPIndividual@1334610059{921149947},3C_20_50-02.txt,61.404,1.000,61.404,6,73.625,119.90,12.271,38.109,0.344
4,ec.gp.GPIndividual@1334610059{921149947},3C_20_80-02.txt,35.738,1.000,35.738,4,69.766,195.21,17.441,44.984,0.344
4,ec.gp.GPIndividual@2120953649{171922096},3C_20_50-02.txt,61.404,1.000,61.404,1,0.344,0.56,0.344,0.344,0.344
4,ec.gp.GPIndividual@2120953649{171922096},3C_20_50-03.txt,30.993,1.000,30.993,6,24.438,78.85,4.073,10.422,0.344
4,ec.gp.GPIndividual@2120953649{171922096},3C_20_66-01.txt,7.322,1.000,7.322,1,1.297,17.71,1.297,10.422,0.344
4,ec.gp.GPIndividual@2120953649{171922096},3C_20_66-02.txt,154.245,1.000,154.245,1,2.391,1.55,2.391,10.422,0.344
4,ec.gp.GPIndividual@2120953649{171922096},3C_20_66-03.txt,118.340,1.000,118.340,3,53.141,44.91,17.714,43.375,0.344
4,ec.gp.GPIndividual@2120953649{171922096},3C_20_50-03.txt,30.993,1.000,30.993,3,8.641,27.88,2.880,43.375,0.000
4,ec.gp.GPIndividual@2120953649{171922096},3C_20_66-01.txt,7.322,1.000,7.322,5,7.297,99.65,1.459,43.375,0.000
4,ec.gp.GPIndividual@2120953649{171922096},3C_20_66-01.txt,7.322,1.000,7.322,2,7.906,107.98,3.953,43.375,0.000
4,ec.gp.GPIndividual@2120953649{171922096},3C_20_80-01.txt,4.194,1.000,4.194,2,68.031,1621.92,34.016,66.984,0.000
4,ec.gp.GPIndividual@2120953649{171922096},3C_20_80-02.txt,35.738,1.000,35.738,2,2.594,7.26,1.297,66.984,0.000
4,ec.gp.GPIndividual@2120953649{171922096},3C_20_80-02.txt,35.738,1.000,35.738,4,7.125,19.94,1.781,66.984,0.000
4,ec.gp.GPIndividual@2120953649{171922096},3C_20_80-03.txt,169.439,1.000,169.439,6,18.594,10.97,3.099,66.984,0.000
4,ec.gp.GPIndividual@2120953649{171922096},3C_20_66-02.txt,154.245,1.000,154.245,3,9.313,6.04,3.104,66.984,0.000
4,ec.gp.GPIndividual@733225585{2072602286},3C_20_50-02.txt,61.404,1.000,61.404,3,2.484,4.05,0.828,1.438,0.516
4,ec.gp.GPIndividual@733225585{2072602286},3C_20_50-03.txt,30.993,1.000,30.993,6,30.672,98.97,5.112,13.969,0.000
4,ec.gp.GPIndividual@733225585{2072602286},3C_20_66-02.txt,154.245,1.000,154.245,1,28.188,18.27,28.188,28.188,0.000
4,ec.gp.GPIndividual@733225585{2072602286},3C_20_80-03.txt,169.439,1.000,169.439,2,14.438,8.52,7.219,28.188,0.000
4,ec.gp.GPIndividual@733225585{2072602286},3C_20_66-03.txt,118.340,1.000,118.340,10,33.109,27.98,3.311,28.188,0.000
4,ec.gp.GPIndividual@733225585{2072602286},3C_20_66-01.txt,7.322,1.000,7.322,4,7.266,99.23,1.816,28.188,0.000
4,ec.gp.GPIndividual@733225585{2072602286},3C_20_80-01.txt,4.194,1.000,4.194,6,4.875,116.22,0.813,28.188,0.000
4,ec.gp.GPIndividual@733225585{2072602286},3C_20_80-02.txt,35.738,1.000,35.738,3,3.625,10.14,1.208,28.188,0.000
4,ec.gp.GPIndividual@733225585{2072602286},3C_20_66-02.txt,154.245,1.000,154.245,6,8.656,5.61,1.443,28.188,0.000
4,ec.gp.GPIndividual@733225585{2072602286},3C_20_66-03.txt,118.340,1.000,118.340,6,61.484,51.96,10.247,42.844,0.000
4,ec.gp.GPIndividual@733225585{2072602286},3C_20_80-01.txt,4.194,1.000,4.194,7,4.359,103.93,0.623,42.844,0.000
4,ec.gp.GPIndividual@733225585{2072602286},3C_20_80-02.txt,35.738,1.000,35.738,1,2.156,6.03,2.156,42.844,0.000
4,ec.gp.GPIndividual@733225585{2072602286},3C_20_80-03.txt,169.439,1.000,169.439,6,151.563,89.45,25.260,60.516,0.000
4,ec.gp.GPIndividual@1304299525{690517785},3C_20_50-02.txt,61.404,1.000,61.404,3,29.641,48.27,9.880,28.609,0.500
4,ec.gp.GPIndividual@1304299525{690517785},3C_20_50-03.txt,30.993,1.000,30.993,1,12.188,39.32,12.188,28.609,0.500
4,ec.gp.GPIndividual@1304299525{690517785},3C_20_80-03.txt,169.439,1.000,169.439,3,14.344,8.47,4.781,28.609,0.500
4,ec.gp.GPIndividual@1304299525{690517785},3C_20_66-01.txt,7.322,1.000,7.322,2,2.188,29.87,1.094,28.609,0.500
4,ec.gp.GPIndividual@1304299525{690517785},3C_20_66-02.txt,154.245,1.000,154.245,1,13.313,8.63,13.313,28.609,0.500
4,ec.gp.GPIndividual@1304299525{690517785},3C_20_66-02.txt,154.245,1.000,154.245,1,46.375,30.07,46.375,46.375,0.500
4,ec.gp.GPIndividual@1304299525{690517785},3C_20_80-03.txt,169.439,1.000,169.439,2,4.438,2.62,2.219,46.375,0.500
4,ec.gp.GPIndividual@1304299525{690517785},3C_20_66-03.txt,118.340,1.000,118.340,8,56.688,47.90,7.086,46.375,0.500
4,ec.gp.GPIndividual@1613167127{200046785},3C_20_50-02.txt,61.404,1.000,61.404,1,4.609,7.51,4.609,4.609,4.609
4,ec.gp.GPIndividual@1613167127{200046785},3C_20_80-01.txt,4.194,1.000,4.194,4,3.750,89.40,0.938,4.609,0.328
4,ec.gp.GPIndividual@1613167127{200046785},3C_20_50-03.txt,30.993,1.000,30.993,1,1.047,3.38,1.047,4.609,0.328
4,ec.gp.GPIndividual@1613167127{200046785},3C_20_80-02.txt,35.738,1.000,35.738,2,3.703,10.36,1.852,4.609,0.328
4,ec.gp.GPIndividual@1613167127{200046785},3C_20_80-03.txt,169.439,1.000,169.439,5,68.516,40.44,13.703,45.094,0.328
4,ec.gp.GPIndividual@1442123441{-20206840},3C_20_50-02.txt,61.404,1.000,61.404,7,98.938,161.12,14.134,43.219,0.469
4,ec.gp.GPIndividual@444034578{-867213750},3C_20_50-02.txt,61.404,1.000,61.404,2,2.719,4.43,1.359,2.375,0.344
4,ec.gp.GPIndividual@444034578{-867213750},3C_20_66-03.txt,118.340,1.000,118.340,8,151.328,127.88,18.916,63.656,0.344
4,ec.gp.GPIndividual@1299389054{1921444428},3C_20_50-02.txt,61.404,1.000,61.404,0,0.000,0.00,0.000,0.000,0.000
4,ec.gp.GPIndividual@1299389054{1921444428},3C_20_50-03.txt,30.993,1.000,30.993,5,35.297,113.89,7.059,12.344,3.797
4,ec.gp.GPIndividual@1299389054{1921444428},3C_20_66-03.txt,118.340,1.000,118.340,3,22.203,18.76,7.401,12.344,3.297
4,ec.gp.GPIndividual@1299389054{1921444428},3C_20_66-01.txt,7.322,1.000,7.322,4,10.453,142.76,2.613,12.344,1.266
4,ec.gp.GPIndividual@1299389054{1921444428},3C_20_80-01.txt,4.194,1.000,4.194,4,4.453,106.17,1.113,12.344,0.703
4,ec.gp.GPIndividual@1299389054{1921444428},3C_20_66-02.txt,154.245,1.000,154.245,2,0.516,0.33,0.258,12.344,0.000
4,ec.gp.GPIndividual@1299389054{1921444428},3C_20_80-02.txt,35.738,1.000,35.738,10,53.063,148.48,5.306,29.938,0.000
4,ec.gp.GPIndividual@1299389054{1921444428},3C_20_50-03.txt,30.993,1.000,30.993,3,34.531,111.42,11.510,31.141,0.000
4,ec.gp.GPIndividual@1299389054{1921444428},3C_20_50-03.txt,30.993,1.000,30.993,1,10.453,33.73,10.453,31.141,0.000
4,ec.gp.GPIndividual@1299389054{1921444428},3C_20_66-01.txt,7.322,1.000,7.322,0,0.000,0.00,0.000,31.141,0.000
4,ec.gp.GPIndividual@1299389054{1921444428},3C_20_66-02.txt,154.245,1.000,154.245,0,0.000,0.00,0.000,31.141,0.000
4,ec.gp.GPIndividual@1299389054{1921444428},3C_20_66-03.txt,118.340,1.000,118.340,0,0.000,0.00,0.000,31.141,0.000
4,ec.gp.GPIndividual@1299389054{1921444428},3C_20_80-01.txt,4.194,1.000,4.194,0,0.000,0.00,0.000,31.141,0.000
4,ec.gp.GPIndividual@1299389054{1921444428},3C_20_80-02.txt,35.738,1.000,35.738,0,0.000,0.00,0.000,31.141,0.000
4,ec.gp.GPIndividual@1299389054{1921444428},3C_20_80-03.txt,169.439,1.000,169.439,0,0.000,0.00,0.000,31.141,0.000
4,ec.gp.GPIndividual@1786011695{2039751063},3C_20_50-02.txt,61.404,1.000,61.404,13,61.547,100.23,4.734,11.766,0.000
4,ec.gp.GPIndividual@1786011695{2039751063},3C_20_66-01.txt,7.322,1.000,7.322,3,9.125,124.62,3.042,11.766,0.000
4,ec.gp.GPIndividual@1786011695{2039751063},3C_20_66-01.txt,7.322,1.000,7.322,2,4.047,55.27,2.023,11.766,0.000
4,ec.gp.GPIndividual@1786011695{2039751063},3C_20_50-03.txt,30.993,1.000,30.993,4,13.563,43.76,3.391,11.766,0.000
4,ec.gp.GPIndividual@1786011695{2039751063},3C_20_66-03.txt,118.340,1.000,118.340,12,112.859,95.37,9.405,39.906,0.000
4,ec.gp.GPIndividual@1786011695{2039751063},3C_20_80-03.txt,169.439,1.000,169.439,1,18.469,10.90,18.469,39.906,0.000
4,ec.gp.GPIndividual@1786011695{2039751063},3C_20_80-01.txt,4.194,1.000,4.194,3,13.875,330.79,4.625,39.906,0.000
4,ec.gp.GPIndividual@1786011695{2039751063},3C_20_66-01.txt,7.322,1.000,7.322,1,28.078,383.47,28.078,39.906,0.000
4,ec.gp.GPIndividual@1786011695{2039751063},3C_20_80-01.txt,4.194,1.000,4.194,1,0.672,16.02,0.672,39.906,0.000
4,ec.gp.GPIndividual@1786011695{2039751063},3C_20_80-02.txt,35.738,1.000,35.738,16,73.438,205.49,4.590,42.781,0.000
4,ec.gp.GPIndividual@1786011695{2039751063},3C_20_66-02.txt,154.245,1.000,154.245,13,146.563,95.02,11.274,43.359,0.000
4,ec.gp.GPIndividual@1786011695{2039751063},3C_20_66-03.txt,118.340,1.000,118.340,5,158.094,133.59,31.619,53.031,0.000
4,ec.gp.GPIndividual@1632816269{1626056055},3C_20_50-02.txt,61.404,1.000,61.404,2,18.016,29.34,9.008,18.016,0.000
4,ec.gp.GPIndividual@1632816269{1626056055},3C_20_66-02.txt,154.245,1.000,154.245,5,66.781,43.30,13.356,57.734,0.000
4,ec.gp.GPIndividual@1632816269{1626056055},3C_20_80-03.txt,169.439,1.000,169.439,13,157.109,92.72,12.085,57.734,0.000
4,ec.gp.GPIndividual@1632816269{1626056055},3C_20_66-03.txt,118.340,1.000,118.340,4,169.828,143.51,42.457,64.188,0.000
4,ec.gp.GPIndividual@1632816269{1626056055},3C_20_80-02.txt,35.738,1.000,35.738,1,61.641,172.48,61.641,64.188,0.000
4,ec.gp.GPIndividual@1632816269{1626056055},3C_20_50-03.txt,30.993,1.000,30.993,3,8.500,27.43,2.833,64.188,0.000
4,ec.gp.GPIndividual@419507342{-731666127},3C_20_50-02.txt,61.404,1.000,61.404,12,60.484,98.50,5.040,26.406,0.500
4,ec.gp.GPIndividual@419507342{-731666127},3C_20_50-03.txt,30.993,1.000,30.993,2,8.047,25.96,4.023,26.406,0.500
4,ec.gp.GPIndividual@419507342{-731666127},3C_20_80-01.txt,4.194,1.000,4.194,1,10.281,245.11,10.281,26.406,0.500
4,ec.gp.GPIndividual@419507342{-731666127},3C_20_80-01.txt,4.194,1.000,4.194,4,4.313,102.81,1.078,26.406,0.156
4,ec.gp.GPIndividual@419507342{-731666127},3C_20_80-02.txt,35.738,1.000,35.738,1,0.719,2.01,0.719,26.406,0.156
4,ec.gp.GPIndividual@419507342{-731666127},3C_20_80-02.txt,35.738,1.000,35.738,10,56.719,158.71,5.672,30.203,0.156
4,ec.gp.GPIndividual@419507342{-731666127},3C_20_66-02.txt,154.245,1.000,154.245,19,194.594,126.16,10.242,51.203,0.156
4,ec.gp.GPIndividual@419507342{-731666127},3C_20_66-03.txt,118.340,1.000,118.340,3,51.891,43.85,17.297,51.203,0.000
4,ec.gp.GPIndividual@419507342{-731666127},3C_20_80-03.txt,169.439,1.000,169.439,1,22.109,13.05,22.109,51.203,0.000
4,ec.gp.GPIndividual@419507342{-731666127},3C_20_66-01.txt,7.322,1.000,7.322,2,56.250,768.21,28.125,55.156,0.000
4,ec.gp.GPIndividual@419507342{-731666127},3C_20_80-03.txt,169.439,1.000,169.439,9,78.344,46.24,8.705,55.156,0.000
4,ec.gp.GPIndividual@419507342{-731666127},3C_20_80-03.txt,169.439,1.000,169.439,6,199.813,117.93,33.302,55.156,0.000
4,ec.gp.GPIndividual@292412082{2040913464},3C_20_50-02.txt,61.404,1.000,61.404,4,60.750,98.93,15.188,57.859,0.344
4,ec.gp.GPIndividual@292412082{2040913464},3C_20_50-03.txt,30.993,1.000,30.993,1,1.422,4.59,1.422,57.859,0.344
4,ec.gp.GPIndividual@292412082{2040913464},3C_20_66-01.txt,7.322,1.000,7.322,4,8.469,115.66,2.117,57.859,0.344
4,ec.gp.GPIndividual@292412082{2040913464},3C_20_66-01.txt,7.322,1.000,7.322,1,8.719,119.07,8.719,57.859,0.344
4,ec.gp.GPIndividual@2117703899{-1514910017},3C_20_50-02.txt,61.404,1.000,61.404,11,62.484,101.76,5.680,28.422,0.500
4,ec.gp.GPIndividual@2117703899{-1514910017},3C_20_66-02.txt,154.245,1.000,154.245,3,70.453,45.68,23.484,40.016,0.500
4,ec.gp.GPIndividual@2117703899{-1514910017},3C_20_80-01.txt,4.194,1.000,4.194,2,20.781,495.44,10.391,40.016,0.500
4,ec.gp.GPIndividual@2117703899{-1514910017},3C_20_50-03.txt,30.993,1.000,30.993,1,0.859,2.77,0.859,40.016,0.500
4,ec.gp.GPIndividual@2117703899{-1514910017},3C_20_66-03.txt,118.340,1.000,118.340,15,117.563,99.34,7.838,65.250,0.500
4,ec.gp.GPIndividual@2117703899{-1514910017},3C_20_66-01.txt,7.322,1.000,7.322,1,11.859,161.96,11.859,65.250,0.500
4,ec.gp.GPIndividual@2117703899{-1514910017},3C_20_80-01.txt,4.194,1.000,4.194,2,19.078,454.84,9.539,65.250,0.500
4,ec.gp.GPIndividual@880142453{1677681713},3C_20_50-02.txt,61.404,1.000,61.404,6,76.688,124.89,12.781,65.813,0.281
4,ec.gp.GPIndividual@816792315{1264539800},3C_20_50-02.txt,61.404,1.000,61.404,7,57.797,94.13,8.257,30.438,0.234
4,ec.gp.GPIndividual@816792315{1264539800},3C_20_50-03.txt,30.993,1.000,30.993,5,27.719,89.44,5.544,30.438,0.234
4,ec.gp.GPIndividual@816792315{1264539800},3C_20_80-03.txt,169.439,1.000,169.439,1,3.469,2.05,3.469,30.438,0.234
4,ec.gp.GPIndividual@816792315{1264539800},3C_20_66-01.txt,7.322,1.000,7.322,1,16.406,224.06,16.406,30.438,0.234
4,ec.gp.GPIndividual@816792315{1264539800},3C_20_50-03.txt,30.993,1.000,30.993,2,11.828,38.16,5.914,30.438,0.234
4,ec.gp.GPIndividual@816792315{1264539800},3C_20_80-01.txt,4.194,1.000,4.194,2,4.234,100.95,2.117,30.438,0.234
4,ec.gp.GPIndividual@816792315{1264539800},3C_20_66-02.txt,154.245,1.000,154.245,20,199.328,129.23,9.966,61.609,0.234
4,ec.gp.GPIndividual@1799007598{-872601686},3C_20_50-02.txt,61.404,1.000,61.404,8,60.031,97.76,7.504,46.063,0.219
4,ec.gp.GPIndividual@1799007598{-872601686},3C_20_66-01.txt,7.322,1.000,7.322,4,30.516,416.76,7.629,46.063,0.219
4,ec.gp.GPIndividual@1799007598{-872601686},3C_20_66-03.txt,118.340,1.000,118.340,5,28.375,23.98,5.675,46.063,0.219
4,ec.gp.GPIndividual@1799007598{-872601686},3C_20_80-02.txt,35.738,1.000,35.738,8,36.297,101.56,4.537,46.063,0.219
4,ec.gp.GPIndividual@1799007598{-872601686},3C_20_50-03.txt,30.993,1.000,30.993,1,1.094,3.53,1.094,46.063,0.219
4,ec.gp.GPIndividual@1799007598{-872601686},3C_20_80-01.txt,4.194,1.000,4.194,5,4.484,106.91,0.897,46.063,0.219
4,ec.gp.GPIndividual@1799007598{-872601686},3C_20_80-03.txt,169.439,1.000,169.439,1,0.109,0.06,0.109,46.063,0.109
4,ec.gp.GPIndividual@1799007598{-872601686},3C_20_80-02.txt,35.738,1.000,35.738,9,38.297,107.16,4.255,46.063,0.109
4,ec.gp.GPIndividual@1799007598{-872601686},3C_20_66-02.txt,154.245,1.000,154.245,7,19.047,12.35,2.721,46.063,0.109
4,ec.gp.GPIndividual@1799007598{-872601686},3C_20_80-03.txt,169.439,1.000,169.439,7,143.844,84.89,20.549,63.563,0.109
4,ec.gp.GPIndividual@1456677187{-847728589},3C_20_50-02.txt,61.404,1.000,61.404,3,55.344,90.13,18.448,53.906,0.219
4,ec.gp.GPIndividual@1456677187{-847728589},3C_20_50-03.txt,30.993,1.000,30.993,3,5.422,17.49,1.807,53.906,0.000
4,ec.gp.GPIndividual@1456677187{-847728589},3C_20_66-01.txt,7.322,1.000,7.322,1,59.922,818.36,59.922,59.922,0.000
4,ec.gp.GPIndividual@1097477775{1664649189},3C_20_50-02.txt,61.404,1.000,61.404,4,2.938,4.78,0.734,1.188,0.219
4,ec.gp.GPIndividual@1097477775{1664649189},3C_20_50-03.txt,30.993,1.000,30.993,3,5.859,18.91,1.953,4.172,0.219
4,ec.gp.GPIndividual@1097477775{1664649189},3C_20_66-01.txt,7.322,1.000,7.322,3,3.938,53.77,1.313,4.172,0.219
4,ec.gp.GPIndividual@1097477775{1664649189},3C_20_66-02.txt,154.245,1.000,154.245,1,1.938,1.26,1.938,4.172,0.219
4,ec.gp.GPIndividual@1097477775{1664649189},3C_20_66-01.txt,7.322,1.000,7.322,3,3.016,41.18,1.005,4.172,0.219
4,ec.gp.GPIndividual@1097477775{1664649189},3C_20_66-02.txt,154.245,1.000,154.245,1,0.844,0.55,0.844,4.172,0.219
4,ec.gp.GPIndividual@1097477775{1664649189},3C_20_66-03.txt,118.340,1.000,118.340,2,2.203,1.86,1.102,4.172,0.219
4,ec.gp.GPIndividual@1097477775{1664649189},3C_20_66-03.txt,118.340,1.000,118.340,3,41.484,35.06,13.828,35.719,0.219
4,ec.gp.GPIndividual@1097477775{1664649189},3C_20_80-01.txt,4.194,1.000,4.194,2,3.891,92.76,1.945,35.719,0.219
4,ec.gp.GPIndividual@1097477775{1664649189},3C_20_80-01.txt,4.194,1.000,4.194,3,13.500,321.85,4.500,35.719,0.219
4,ec.gp.GPIndividual@1097477775{1664649189},3C_20_66-02.txt,154.245,1.000,154.245,1,0.844,0.55,0.844,35.719,0.219
4,ec.gp.GPIndividual@1097477775{1664649189},3C_20_80-02.txt,35.738,1.000,35.738,1,0.938,2.62,0.938,35.719,0.219
4,ec.gp.GPIndividual@1097477775{1664649189},3C_20_80-02.txt,35.738,1.000,35.738,5,5.313,14.87,1.063,35.719,0.219
4,ec.gp.GPIndividual@1097477775{1664649189},3C_20_80-03.txt,169.439,1.000,169.439,1,0.781,0.46,0.781,35.719,0.219
4,ec.gp.GPIndividual@1097477775{1664649189},3C_20_80-03.txt,169.439,1.000,169.439,6,42.453,25.06,7.076,35.719,0.219
4,ec.gp.GPIndividual@1097477775{1664649189},3C_20_66-03.txt,118.340,1.000,118.340,6,143.047,120.88,23.841,64.094,0.219
4,ec.gp.GPIndividual@865517732{-143478236},3C_20_50-02.txt,61.404,1.000,61.404,6,30.313,49.37,5.052,27.016,0.000
4,ec.gp.GPIndividual@865517732{-143478236},3C_20_66-03.txt,118.340,1.000,118.340,8,98.359,83.12,12.295,27.016,0.000
4,ec.gp.GPIndividual@865517732{-143478236},3C_20_80-01.txt,4.194,1.000,4.194,5,3.172,75.62,0.634,27.016,0.000
4,ec.gp.GPIndividual@865517732{-143478236},3C_20_80-02.txt,35.738,1.000,35.738,7,29.281,81.93,4.183,27.016,0.000
4,ec.gp.GPIndividual@865517732{-143478236},3C_20_80-01.txt,4.194,1.000,4.194,3,31.391,748.38,10.464,30.125,0.000
4,ec.gp.GPIndividual@865517732{-143478236},3C_20_50-03.txt,30.993,1.000,30.993,9,22.938,74.01,2.549,30.125,0.000
4,ec.gp.GPIndividual@865517732{-143478236},3C_20_80-03.txt,169.439,1.000,169.439,5,81.875,48.32,16.375,56.641,0.000
4,ec.gp.GPIndividual@865517732{-143478236},3C_20_80-02.txt,35.738,1.000,35.738,5,55.938,156.52,11.188,56.641,0.000
4,ec.gp.GPIndividual@865517732{-143478236},3C_20_66-01.txt,7.322,1.000,7.322,5,67.703,924.63,13.541,65.203,0.000
4,ec.gp.GPIndividual@1936000207{-1031375283},3C_20_50-02.txt,61.404,1.000,61.404,12,67.484,109.90,5.624,20.906,0.094
4,ec.gp.GPIndividual@1936000207{-1031375283},3C_20_50-03.txt,30.993,1.000,30.993,2,2.656,8.57,1.328,20.906,0.094
4,ec.gp.GPIndividual@1936000207{-1031375283},3C_20_80-01.txt,4.194,1.000,4.194,6,4.047,96.48,0.674,20.906,0.094
4,ec.gp.GPIndividual@1936000207{-1031375283},3C_20_80-02.txt,35.738,1.000,35.738,11,35.156,98.37,3.196,20.906,0.094
4,ec.gp.GPIndividual@1936000207{-1031375283},3C_20_66-01.txt,7.322,1.000,7.322,2,4.547,62.10,2.273,20.906,0.094
4,ec.gp.GPIndividual@1936000207{-1031375283},3C_20_80-03.txt,169.439,1.000,169.439,10,157.094,92.71,15.709,66.750,0.094
4,ec.gp.GPIndividual@1936000207{-1031375283},3C_20_66-02.txt,154.245,1.000,154.245,6,33.891,21.97,5.648,66.750,0.094
4,ec.gp.GPIndividual@638603319{-1561627826},3C_20_50-02.txt,61.404,1.000,61.404,1,0.047,0.08,0.047,0.047,0.047
4,ec.gp.GPIndividual@638603319{-1561627826},3C_20_50-03.txt,30.993,1.000,30.993,1,0.547,1.76,0.547,0.547,0.047
4,ec.gp.GPIndividual@638603319{-1561627826},3C_20_66-01.txt,7.322,1.000,7.322,1,0.125,1.71,0.125,0.547,0.047
4,ec.gp.GPIndividual@638603319{-1561627826},3C_20_66-02.txt,154.245,1.000,154.245,1,0.313,0.20,0.313,0.547,0.047
4,ec.gp.GPIndividual@638603319{-1561627826},3C_20_66-03.txt,118.340,1.000,118.340,1,0.797,0.67,0.797,0.797,0.047
4,ec.gp.GPIndividual@638603319{-1561627826},3C_20_80-01.txt,4.194,1.000,4.194,1,0.156,3.73,0.156,0.797,0.047
4,ec.gp.GPIndividual@638603319{-1561627826},3C_20_80-02.txt,35.738,1.000,35.738,1,0.250,0.70,0.250,0.797,0.047
4,ec.gp.GPIndividual@638603319{-1561627826},3C_20_80-03.txt,169.439,1.000,169.439,1,0.766,0.45,0.766,0.797,0.047
4,ec.gp.GPIndividual@1873557954{434745461},3C_20_50-02.txt,61.404,1.000,61.404,0,0.000,0.00,0.000,0.000,0.000
4,ec.gp.GPIndividual@1873557954{434745461},3C_20_50-03.txt,30.993,1.000,30.993,0,0.000,0.00,0.000,0.000,0.000
4,ec.gp.GPIndividual@1873557954{434745461},3C_20_66-01.txt,7.322,1.000,7.322,0,0.000,0.00,0.000,0.000,0.000
4,ec.gp.GPIndividual@1873557954{434745461},3C_20_66-02.txt,154.245,1.000,154.245,0,0.000,0.00,0.000,0.000,0.000
4,ec.gp.GPIndividual@1873557954{434745461},3C_20_66-03.txt,118.340,1.000,118.340,0,0.000,0.00,0.000,0.000,0.000
4,ec.gp.GPIndividual@1873557954{434745461},3C_20_80-01.txt,4.194,1.000,4.194,0,0.000,0.00,0.000,0.000,0.000
4,ec.gp.GPIndividual@1873557954{434745461},3C_20_80-02.txt,35.738,1.000,35.738,0,0.000,0.00,0.000,0.000,0.000
4,ec.gp.GPIndividual@1873557954{434745461},3C_20_80-03.txt,169.439,1.000,169.439,0,0.000,0.00,0.000,0.000,0.000
5,ec.gp.GPIndividual@374047479{1944555187},3C_20_50-02.txt,61.404,1.000,61.404,0,0.000,0.00,0.000,0.000,0.000
5,ec.gp.GPIndividual@374047479{1944555187},3C_20_50-03.txt,30.993,1.000,30.993,0,0.000,0.00,0.000,0.000,0.000
5,ec.gp.GPIndividual@374047479{1944555187},3C_20_66-01.txt,7.322,1.000,7.322,0,0.000,0.00,0.000,0.000,0.000
5,ec.gp.GPIndividual@374047479{1944555187},3C_20_66-02.txt,154.245,1.000,154.245,0,0.000,0.00,0.000,0.000,0.000
5,ec.gp.GPIndividual@374047479{1944555187},3C_20_66-03.txt,118.340,1.000,118.340,0,0.000,0.00,0.000,0.000,0.000
5,ec.gp.GPIndividual@374047479{1944555187},3C_20_80-01.txt,4.194,1.000,4.194,0,0.000,0.00,0.000,0.000,0.000
5,ec.gp.GPIndividual@374047479{1944555187},3C_20_80-02.txt,35.738,1.000,35.738,0,0.000,0.00,0.000,0.000,0.000
5,ec.gp.GPIndividual@374047479{1944555187},3C_20_80-03.txt,169.439,1.000,169.439,0,0.000,0.00,0.000,0.000,0.000
5,ec.gp.GPIndividual@1655991077{215966174},3C_20_50-02.txt,61.404,1.000,61.404,26,52.406,85.35,2.016,6.078,0.000
5,ec.gp.GPIndividual@1655991077{215966174},3C_20_50-03.txt,30.993,1.000,30.993,1,7.359,23.75,7.359,7.359,0.000
5,ec.gp.GPIndividual@1655991077{215966174},3C_20_50-03.txt,30.993,1.000,30.993,2,18.266,58.94,9.133,9.781,0.000
5,ec.gp.GPIndividual@1655991077{215966174},3C_20_50-03.txt,30.993,1.000,30.993,4,32.297,104.21,8.074,12.125,0.000
5,ec.gp.GPIndividual@1655991077{215966174},3C_20_66-01.txt,7.322,1.000,7.322,4,7.234,98.80,1.809,12.125,0.000
5,ec.gp.GPIndividual@1655991077{215966174},3C_20_66-01.txt,7.322,1.000,7.322,3,5.031,68.71,1.677,12.125,0.000
5,ec.gp.GPIndividual@1655991077{215966174},3C_20_50-03.txt,30.993,1.000,30.993,4,9.750,31.46,2.438,12.125,0.000
5,ec.gp.GPIndividual@1655991077{215966174},3C_20_50-03.txt,30.993,1.000,30.993,7,31.797,102.60,4.542,12.125,0.000
5,ec.gp.GPIndividual@1655991077{215966174},3C_20_66-01.txt,7.322,1.000,7.322,2,6.047,82.58,3.023,12.125,0.000
5,ec.gp.GPIndividual@1655991077{215966174},3C_20_66-01.txt,7.322,1.000,7.322,1,5.500,75.11,5.500,12.125,0.000
5,ec.gp.GPIndividual@1655991077{215966174},3C_20_66-02.txt,154.245,1.000,154.245,1,0.500,0.32,0.500,12.125,0.000
5,ec.gp.GPIndividual@1655991077{215966174},3C_20_66-01.txt,7.322,1.000,7.322,6,14.625,199.74,2.438,12.125,0.000
5,ec.gp.GPIndividual@1655991077{215966174},3C_20_50-03.txt,30.993,1.000,30.993,4,4.594,14.82,1.148,12.125,0.000
5,ec.gp.GPIndividual@1655991077{215966174},3C_20_66-02.txt,154.245,1.000,154.245,1,1.188,0.77,1.188,12.125,0.000
5,ec.gp.GPIndividual@1655991077{215966174},3C_20_66-02.txt,154.245,1.000,154.245,3,14.578,9.45,4.859,12.125,0.000
5,ec.gp.GPIndividual@1655991077{215966174},3C_20_66-02.txt,154.245,1.000,154.245,26,168.297,109.11,6.473,45.922,0.000
5,ec.gp.GPIndividual@1655991077{215966174},3C_20_66-03.txt,118.340,1.000,118.340,3,133.625,112.92,44.542,45.922,0.000
5,ec.gp.GPIndividual@1655991077{215966174},3C_20_66-03.txt,118.340,1.000,118.340,14,126.094,106.55,9.007,45.922,0.000
5,ec.gp.GPIndividual@1655991077{215966174},3C_20_66-03.txt,118.340,1.000,118.340,1,10.781,9.11,10.781,45.922,0.000
5,ec.gp.GPIndividual@1655991077{215966174},3C_20_80-01.txt,4.194,1.000,4.194,1,17.656,420.94,17.656,45.922,0.000
5,ec.gp.GPIndividual@1655991077{215966174},3C_20_66-02.txt,154.245,1.000,154.245,2,10.297,6.68,5.148,45.922,0.000
5,ec.gp.GPIndividual@1655991077{215966174},3C_20_80-01.txt,4.194,1.000,4.194,3,10.656,254.05,3.552,45.922,0.000
5,ec.gp.GPIndividual@1655991077{215966174},3C_20_80-01.txt,4.194,1.000,4.194,3,2.500,59.60,0.833,45.922,0.000
5,ec.gp.GPIndividual@1655991077{215966174},3C_20_80-02.txt,35.738,1.000,35.738,3,3.969,11.11,1.323,45.922,0.000
5,ec.gp.GPIndividual@1655991077{215966174},3C_20_80-02.txt,35.738,1.000,35.738,5,33.797,94.57,6.759,45.922,0.000
5,ec.gp.GPIndividual@1655991077{215966174},3C_20_66-03.txt,118.340,1.000,118.340,19,96.172,81.27,5.062,45.922,0.000
5,ec.gp.GPIndividual@1655991077{215966174},3C_20_80-03.txt,169.439,1.000,169.439,1,17.234,10.17,17.234,45.922,0.000
5,ec.gp.GPIndividual@1655991077{215966174},3C_20_80-01.txt,4.194,1.000,4.194,1,18.859,449.62,18.859,45.922,0.000
5,ec.gp.GPIndividual@1655991077{215966174},3C_20_80-02.txt,35.738,1.000,35.738,2,25.422,71.13,12.711,45.922,0.000
5,ec.gp.GPIndividual@1655991077{215966174},3C_20_80-03.txt,169.439,1.000,169.439,2,26.859,15.85,13.430,45.922,0.000
5,ec.gp.GPIndividual@1655991077{215966174},3C_20_66-01.txt,7.322,1.000,7.322,4,9.109,124.41,2.277,45.922,0.000
5,ec.gp.GPIndividual@378704074{-192277670},3C_20_50-02.txt,61.404,1.000,61.404,2,1.469,2.39,0.734,1.469,0.000
5,ec.gp.GPIndividual@378704074{-192277670},3C_20_80-03.txt,169.439,1.000,169.439,2,3.984,2.35,1.992,2.344,0.000
5,ec.gp.GPIndividual@378704074{-192277670},3C_20_80-02.txt,35.738,1.000,35.738,16,35.516,99.38,2.220,6.109,0.000
5,ec.gp.GPIndividual@378704074{-192277670},3C_20_80-03.txt,169.439,1.000,169.439,1,4.938,2.91,4.938,6.109,0.000
5,ec.gp.GPIndividual@1560082933{834144369},3C_20_50-02.txt,61.404,1.000,61.404,5,64.391,104.86,12.878,43.953,0.344
5,ec.gp.GPIndividual@1560082933{834144369},3C_20_66-03.txt,118.340,1.000,118.340,8,61.188,51.71,7.648,43.953,0.344
5,ec.gp.GPIndividual@790197025{-1844840973},3C_20_50-02.txt,61.404,1.000,61.404,1,20.188,32.88,20.188,20.188,20.188
5,ec.gp.GPIndividual@790197025{-1844840973},3C_20_50-03.txt,30.993,1.000,30.993,8,32.141,103.70,4.018,20.188,0.484
5,ec.gp.GPIndividual@790197025{-1844840973},3C_20_66-01.txt,7.322,1.000,7.322,4,6.281,85.78,1.570,20.188,0.484
5,ec.gp.GPIndividual@790197025{-1844840973},3C_20_50-03.txt,30.993,1.000,30.993,5,44.516,143.63,8.903,35.656,0.484
5,ec.gp.GPIndividual@790197025{-1844840973},3C_20_80-01.txt,4.194,1.000,4.194,1,30.734,732.73,30.734,35.656,0.484
5,ec.gp.GPIndividual@790197025{-1844840973},3C_20_66-02.txt,154.245,1.000,154.245,2,43.156,27.98,21.578,43.156,0.000
5,ec.gp.GPIndividual@1358547176{1802519361},3C_20_50-02.txt,61.404,1.000,61.404,3,43.703,71.17,14.568,41.984,0.516
5,ec.gp.GPIndividual@1358547176{1802519361},3C_20_50-03.txt,30.993,1.000,30.993,10,38.188,123.22,3.819,41.984,0.516
5,ec.gp.GPIndividual@1358547176{1802519361},3C_20_66-02.txt,154.245,1.000,154.245,5,10.719,6.95,2.144,41.984,0.516
5,ec.gp.GPIndividual@1358547176{1802519361},3C_20_66-01.txt,7.322,1.000,7.322,4,7.781,106.27,1.945,41.984,0.516
5,ec.gp.GPIndividual@1358547176{1802519361},3C_20_66-03.txt,118.340,1.000,118.340,1,0.516,0.44,0.516,41.984,0.516
5,ec.gp.GPIndividual@1358547176{1802519361},3C_20_66-02.txt,154.245,1.000,154.245,14,159.156,103.18,11.368,46.938,0.516
5,ec.gp.GPIndividual@1358547176{1802519361},3C_20_66-03.txt,118.340,1.000,118.340,1,59.469,50.25,59.469,59.469,0.516
5,ec.gp.GPIndividual@1358547176{1802519361},3C_20_50-03.txt,30.993,1.000,30.993,1,46.297,149.38,46.297,59.469,0.516
5,ec.gp.GPIndividual@1358547176{1802519361},3C_20_80-01.txt,4.194,1.000,4.194,3,60.578,1444.23,20.193,59.469,0.516
5,ec.gp.GPIndividual@1358547176{1802519361},3C_20_80-02.txt,35.738,1.000,35.738,1,0.719,2.01,0.719,59.469,0.516
5,ec.gp.GPIndividual@1358547176{1802519361},3C_20_80-02.txt,35.738,1.000,35.738,10,39.344,110.09,3.934,59.469,0.516
5,ec.gp.GPIndividual@1358547176{1802519361},3C_20_66-03.txt,118.340,1.000,118.340,15,101.359,85.65,6.757,59.469,0.469
5,ec.gp.GPIndividual@1358547176{1802519361},3C_20_66-01.txt,7.322,1.000,7.322,1,19.766,269.94,19.766,59.469,0.469
5,ec.gp.GPIndividual@1358547176{1802519361},3C_20_80-01.txt,4.194,1.000,4.194,2,16.344,389.65,8.172,59.469,0.469
5,ec.gp.GPIndividual@1358547176{1802519361},3C_20_80-01.txt,4.194,1.000,4.194,4,4.219,100.58,1.055,59.469,0.172
5,ec.gp.GPIndividual@1358547176{1802519361},3C_20_80-02.txt,35.738,1.000,35.738,1,0.719,2.01,0.719,59.469,0.172
5,ec.gp.GPIndividual@1358547176{1802519361},3C_20_66-02.txt,154.245,1.000,154.245,22,154.047,99.87,7.002,59.469,0.172
5,ec.gp.GPIndividual@1358547176{1802519361},3C_20_80-03.txt,169.439,1.000,169.439,2,9.484,5.60,4.742,59.469,0.172
5,ec.gp.GPIndividual@1358547176{1802519361},3C_20_80-02.txt,35.738,1.000,35.738,8,44.125,123.47,5.516,59.469,0.172
5,ec.gp.GPIndividual@1358547176{1802519361},3C_20_80-03.txt,169.439,1.000,169.439,2,10.344,6.10,5.172,59.469,0.172
5,ec.gp.GPIndividual@1358547176{1802519361},3C_20_66-01.txt,7.322,1.000,7.322,2,11.063,151.08,5.531,59.469,0.172
5,ec.gp.GPIndividual@113162732{-1551799062},3C_20_50-02.txt,61.404,1.000,61.404,10,61.453,100.08,6.145,44.531,0.172
5,ec.gp.GPIndividual@113162732{-1551799062},3C_20_66-03.txt,118.340,1.000,118.340,2,44.156,37.31,22.078,44.531,0.172
5,ec.gp.GPIndividual@113162732{-1551799062},3C_20_66-02.txt,154.245,1.000,154.245,4,79.250,51.38,19.813,52.156,0.172
5,ec.gp.GPIndividual@113162732{-1551799062},3C_20_80-03.txt,169.439,1.000,169.439,8,90.625,53.49,11.328,65.938,0.172
5,ec.gp.GPIndividual@113162732{-1551799062},3C_20_80-03.txt,169.439,1.000,169.439,1,39.250,23.16,39.250,65.938,0.172
5,ec.gp.GPIndividual@1493459554{1492275633},3C_20_50-02.txt,61.404,1.000,61.404,7,60.906,99.19,8.701,45.516,0.516
5,ec.gp.GPIndividual@1493459554{1492275633},3C_20_66-03.txt,118.340,1.000,118.340,5,117.422,99.22,23.484,54.375,0.516
5,ec.gp.GPIndividual@1493459554{1492275633},3C_20_80-01.txt,4.194,1.000,4.194,1,2.938,70.03,2.938,54.375,0.516
5,ec.gp.GPIndividual@1493459554{1492275633},3C_20_80-01.txt,4.194,1.000,4.194,2,21.094,502.89,10.547,54.375,0.516
5,ec.gp.GPIndividual@2020450826{-1505375114},3C_20_50-02.txt,61.404,1.000,61.404,9,30.641,49.90,3.405,18.766,0.484
5,ec.gp.GPIndividual@2020450826{-1505375114},3C_20_80-02.txt,35.738,1.000,35.738,7,72.719,203.48,10.388,57.953,0.484
5,ec.gp.GPIndividual@2103053190{2101596232},3C_20_50-02.txt,61.404,1.000,61.404,9,40.547,66.03,4.505,25.719,0.328
5,ec.gp.GPIndividual@2103053190{2101596232},3C_20_50-03.txt,30.993,1.000,30.993,5,31.703,102.29,6.341,25.719,0.328
5,ec.gp.GPIndividual@2103053190{2101596232},3C_20_50-03.txt,30.993,1.000,30.993,3,11.422,36.85,3.807,25.719,0.328
5,ec.gp.GPIndividual@2103053190{2101596232},3C_20_50-03.txt,30.993,1.000,30.993,5,35.719,115.25,7.144,25.719,0.328
5,ec.gp.GPIndividual@2103053190{2101596232},3C_20_50-03.txt,30.993,1.000,30.993,2,40.281,129.97,20.141,25.719,0.328
5,ec.gp.GPIndividual@2103053190{2101596232},3C_20_80-03.txt,169.439,1.000,169.439,5,26.531,15.66,5.306,25.719,0.328
5,ec.gp.GPIndividual@2103053190{2101596232},3C_20_80-02.txt,35.738,1.000,35.738,8,38.984,109.08,4.873,25.719,0.328
5,ec.gp.GPIndividual@2103053190{2101596232},3C_20_66-01.txt,7.322,1.000,7.322,1,9.563,130.60,9.563,25.719,0.328
5,ec.gp.GPIndividual@2103053190{2101596232},3C_20_66-01.txt,7.322,1.000,7.322,5,6.297,86.00,1.259,25.719,0.328
5,ec.gp.GPIndividual@2103053190{2101596232},3C_20_66-01.txt,7.322,1.000,7.322,5,6.656,90.91,1.331,25.719,0.328
5,ec.gp.GPIndividual@2103053190{2101596232},3C_20_80-03.txt,169.439,1.000,169.439,7,23.438,13.83,3.348,25.719,0.328
5,ec.gp.GPIndividual@1855344196{-1098424877},3C_20_50-02.txt,61.404,1.000,61.404,10,61.781,100.61,6.178,23.422,0.344
5,ec.gp.GPIndividual@1855344196{-1098424877},3C_20_66-02.txt,154.245,1.000,154.245,9,84.828,55.00,9.425,26.766,0.344
5,ec.gp.GPIndividual@187436829{365608981},3C_20_50-02.txt,61.404,1.000,61.404,9,59.844,97.46,6.649,44.203,0.500
5,ec.gp.GPIndividual@187436829{365608981},3C_20_66-02.txt,154.245,1.000,154.245,7,64.391,41.75,9.199,44.203,0.500
5,ec.gp.GPIndividual@187436829{365608981},3C_20_50-03.txt,30.993,1.000,30.993,1,31.594,101.94,31.594,44.203,0.500
5,ec.gp.GPIndividual@187436829{365608981},3C_20_66-03.txt,118.340,1.000,118.340,8,114.047,96.37,14.256,44.203,0.500
5,ec.gp.GPIndividual@187436829{365608981},3C_20_66-01.txt,7.322,1.000,7.322,2,15.031,205.28,7.516,44.203,0.500
5,ec.gp.GPIndividual@187436829{365608981},3C_20_66-02.txt,154.245,1.000,154.245,13,135.422,87.80,10.417,45.688,0.500
5,ec.gp.GPIndividual@187436829{365608981},3C_20_50-03.txt,30.993,1.000,30.993,4,62.484,201.61,15.621,45.688,0.500
5,ec.gp.GPIndividual@187436829{365608981},3C_20_66-02.txt,154.245,1.000,154.245,11,187.703,121.69,17.064,49.953,0.500
5,ec.gp.GPIndividual@187436829{365608981},3C_20_66-01.txt,7.322,1.000,7.322,3,14.641,199.95,4.880,49.953,0.500
5,ec.gp.GPIndividual@187436829{365608981},3C_20_66-03.txt,118.340,1.000,118.340,2,2.344,1.98,1.172,49.953,0.500
5,ec.gp.GPIndividual@187436829{365608981},3C_20_66-01.txt,7.322,1.000,7.322,1,8.125,110.96,8.125,49.953,0.500
5,ec.gp.GPIndividual@187436829{365608981},3C_20_66-03.txt,118.340,1.000,118.340,15,134.453,113.62,8.964,49.953,0.500
5,ec.gp.GPIndividual@187436829{365608981},3C_20_80-01.txt,4.194,1.000,4.194,2,4.766,113.62,2.383,49.953,0.500
5,ec.gp.GPIndividual@187436829{365608981},3C_20_66-03.txt,118.340,1.000,118.340,6,118.422,100.07,19.737,49.953,0.172
5,ec.gp.GPIndividual@187436829{365608981},3C_20_66-02.txt,154.245,1.000,154.245,14,121.922,79.04,8.709,49.953,0.172
5,ec.gp.GPIndividual@187436829{365608981},3C_20_80-01.txt,4.194,1.000,4.194,2,2.594,61.84,1.297,49.953,0.172
5,ec.gp.GPIndividual@187436829{365608981},3C_20_80-02.txt,35.738,1.000,35.738,5,41.594,116.38,8.319,49.953,0.172
5,ec.gp.GPIndividual@187436829{365608981},3C_20_80-01.txt,4.194,1.000,4.194,1,24.234,577.77,24.234,49.953,0.172
5,ec.gp.GPIndividual@187436829{365608981},3C_20_80-01.txt,4.194,1.000,4.194,1,33.719,803.88,33.719,49.953,0.172
5,ec.gp.GPIndividual@187436829{365608981},3C_20_80-02.txt,35.738,1.000,35.738,3,36.094,101.00,12.031,49.953,0.172
5,ec.gp.GPIndividual@187436829{365608981},3C_20_80-02.txt,35.738,1.000,35.738,1,40.359,112.93,40.359,49.953,0.172
5,ec.gp.GPIndividual@187436829{365608981},3C_20_66-02.txt,154.245,1.000,154.245,1,0.500,0.32,0.500,49.953,0.172
5,ec.gp.GPIndividual@187436829{365608981},3C_20_66-03.txt,118.340,1.000,118.340,24,60.391,51.03,2.516,49.953,0.172
5,ec.gp.GPIndividual@187436829{365608981},3C_20_80-03.txt,169.439,1.000,169.439,7,167.047,98.59,23.864,49.953,0.172
5,ec.gp.GPIndividual@187436829{365608981},3C_20_80-03.txt,169.439,1.000,169.439,2,21.172,12.50,10.586,49.953,0.172
5,ec.gp.GPIndividual@187436829{365608981},3C_20_80-03.txt,169.439,1.000,169.439,3,75.266,44.42,25.089,49.953,0.172
5,ec.gp.GPIndividual@187436829{365608981},3C_20_66-03.txt,118.340,1.000,118.340,1,65.172,55.07,65.172,65.172,0.172
5,ec.gp.GPIndividual@96490899{1324282001},3C_20_50-02.txt,61.404,1.000,61.404,7,70.484,114.79,10.069,52.609,0.344
5,ec.gp.GPIndividual@96490899{1324282001},3C_20_80-01.txt,4.194,1.000,4.194,3,3.406,81.21,1.135,52.609,0.344
5,ec.gp.GPIndividual@96490899{1324282001},3C_20_80-02.txt,35.738,1.000,35.738,7,44.906,125.65,6.415,52.609,0.344
5,ec.gp.GPIndividual@96490899{1324282001},3C_20_50-03.txt,30.993,1.000,30.993,3,73.547,237.30,24.516,65.391,0.344
5,ec.gp.GPIndividual@35514069{-1006146868},3C_20_50-02.txt,61.404,1.000,61.404,7,80.609,131.28,11.516,53.750,0.516
5,ec.gp.GPIndividual@35514069{-1006146868},3C_20_80-02.txt,35.738,1.000,35.738,1,11.016,30.82,11.016,53.750,0.516
5,ec.gp.GPIndividual@35514069{-1006146868},3C_20_80-01.txt,4.194,1.000,4.194,4,4.000,95.36,1.000,53.750,0.172
5,ec.gp.GPIndividual@35514069{-1006146868},3C_20_80-03.txt,169.439,1.000,169.439,8,109.359,64.54,13.670,65.109,0.172
5,ec.gp.GPIndividual@35514069{-1006146868},3C_20_80-03.txt,169.439,1.000,169.439,7,128.141,75.63,18.306,65.109,0.172
5,ec.gp.GPIndividual@1169056546{1759966666},3C_20_50-02.txt,61.404,1.000,61.404,1,0.000,0.00,0.000,0.000,0.000
5,ec.gp.GPIndividual@1169056546{1759966666},3C_20_50-03.txt,30.993,1.000,30.993,1,0.000,0.00,0.000,0.000,0.000
5,ec.gp.GPIndividual@1169056546{1759966666},3C_20_66-01.txt,7.322,1.000,7.322,1,0.000,0.00,0.000,0.000,0.000
5,ec.gp.GPIndividual@1169056546{1759966666},3C_20_66-02.txt,154.245,1.000,154.245,1,0.000,0.00,0.000,0.000,0.000
5,ec.gp.GPIndividual@1169056546{1759966666},3C_20_66-03.txt,118.340,1.000,118.340,1,0.000,0.00,0.000,0.000,0.000
5,ec.gp.GPIndividual@1169056546{1759966666},3C_20_80-01.txt,4.194,1.000,4.194,1,0.000,0.00,0.000,0.000,0.000
5,ec.gp.GPIndividual@1169056546{1759966666},3C_20_80-02.txt,35.738,1.000,35.738,1,0.000,0.00,0.000,0.000,0.000
5,ec.gp.GPIndividual@1169056546{1759966666},3C_20_80-03.txt,169.439,1.000,169.439,1,0.000,0.00,0.000,0.000,0.000
5,ec.gp.GPIndividual@944995744{348587859},3C_20_50-02.txt,61.404,1.000,61.404,5,69.000,112.37,13.800,61.172,0.344
5,ec.gp.GPIndividual@944995744{348587859},3C_20_50-03.txt,30.993,1.000,30.993,1,21.516,69.42,21.516,61.172,0.344
5,ec.gp.GPIndividual@944995744{348587859},3C_20_50-03.txt,30.993,1.000,30.993,1,60.594,195.51,60.594,61.172,0.344
5,ec.gp.GPIndividual@944995744{348587859},3C_20_80-02.txt,35.738,1.000,35.738,1,33.250,93.04,33.250,61.172,0.344
5,ec.gp.GPIndividual@1544686086{1191334968},3C_20_50-02.txt,61.404,1.000,61.404,5,61.188,99.65,12.238,57.969,0.172
5,ec.gp.GPIndividual@1544686086{1191334968},3C_20_80-03.txt,169.439,1.000,169.439,1,1.234,0.73,1.234,57.969,0.172
5,ec.gp.GPIndividual@1288473434{757271093},3C_20_50-02.txt,61.404,1.000,61.404,8,65.172,106.14,8.146,47.063,0.500
5,ec.gp.GPIndividual@1288473434{757271093},3C_20_66-01.txt,7.322,1.000,7.322,2,8.844,120.78,4.422,47.063,0.500
5,ec.gp.GPIndividual@484543496{284610441},3C_20_50-02.txt,61.404,1.000,61.404,5,3.109,5.06,0.622,1.750,0.000
5,ec.gp.GPIndividual@484543496{284610441},3C_20_50-03.txt,30.993,1.000,30.993,9,32.375,104.46,3.597,8.609,0.000
5,ec.gp.GPIndividual@484543496{284610441},3C_20_66-01.txt,7.322,1.000,7.322,3,3.250,44.39,1.083,8.609,0.000
5,ec.gp.GPIndividual@484543496{284610441},3C_20_50-03.txt,30.993,1.000,30.993,3,2.844,9.18,0.948,8.609,0.000
5,ec.gp.GPIndividual@484543496{284610441},3C_20_66-01.txt,7.322,1.000,7.322,5,6.922,94.53,1.384,8.609,0.000
5,ec.gp.GPIndividual@484543496{284610441},3C_20_66-02.txt,154.245,1.000,154.245,9,32.125,20.83,3.569,11.453,0.000
5,ec.gp.GPIndividual@484543496{284610441},3C_20_50-03.txt,30.993,1.000,30.993,10,30.469,98.31,3.047,11.453,0.000
5,ec.gp.GPIndividual@484543496{284610441},3C_20_66-01.txt,7.322,1.000,7.322,4,6.547,89.41,1.637,11.453,0.000
5,ec.gp.GPIndividual@484543496{284610441},3C_20_66-01.txt,7.322,1.000,7.322,5,10.078,137.64,2.016,11.453,0.000
5,ec.gp.GPIndividual@484543496{284610441},3C_20_66-01.txt,7.322,1.000,7.322,2,9.391,128.25,4.695,11.453,0.000
5,ec.gp.GPIndividual@484543496{284610441},3C_20_66-03.txt,118.340,1.000,118.340,17,115.438,97.55,6.790,43.031,0.000
5,ec.gp.GPIndividual@484543496{284610441},3C_20_66-02.txt,154.245,1.000,154.245,7,154.844,100.39,22.121,44.531,0.000
5,ec.gp.GPIndividual@484543496{284610441},3C_20_66-02.txt,154.245,1.000,154.245,4,22.438,14.55,5.609,44.531,0.000
5,ec.gp.GPIndividual@484543496{284610441},3C_20_66-02.txt,154.245,1.000,154.245,13,129.656,84.06,9.974,50.500,0.000
5,ec.gp.GPIndividual@484543496{284610441},3C_20_66-02.txt,154.245,1.000,154.245,6,139.891,90.69,23.315,50.500,0.000
5,ec.gp.GPIndividual@484543496{284610441},3C_20_66-02.txt,154.245,1.000,154.245,1,53.641,34.78,53.641,53.641,0.000
5,ec.gp.GPIndividual@484543496{284610441},3C_20_66-03.txt,118.340,1.000,118.340,9,71.766,60.64,7.974,53.641,0.000
5,ec.gp.GPIndividual@484543496{284610441},3C_20_66-03.txt,118.340,1.000,118.340,5,110.563,93.43,22.113,53.641,0.000
5,ec.gp.GPIndividual@484543496{284610441},3C_20_80-01.txt,4.194,1.000,4.194,1,29.469,702.56,29.469,53.641,0.000
5,ec.gp.GPIndividual@484543496{284610441},3C_20_66-03.txt,118.340,1.000,118.340,3,62.984,53.22,20.995,59.688,0.000
5,ec.gp.GPIndividual@484543496{284610441},3C_20_66-03.txt,118.340,1.000,118.340,8,40.453,34.18,5.057,59.688,0.000
5,ec.gp.GPIndividual@484543496{284610441},3C_20_80-01.txt,4.194,1.000,4.194,2,4.766,113.62,2.383,59.688,0.000
5,ec.gp.GPIndividual@484543496{284610441},3C_20_80-01.txt,4.194,1.000,4.194,3,3.656,87.17,1.219,59.688,0.000
5,ec.gp.GPIndividual@484543496{284610441},3C_20_80-02.txt,35.738,1.000,35.738,1,0.734,2.05,0.734,59.688,0.000
5,ec.gp.GPIndividual@484543496{284610441},3C_20_80-02.txt,35.738,1.000,35.738,6,34.766,97.28,5.794,59.688,0.000
5,ec.gp.GPIndividual@484543496{284610441},3C_20_66-03.txt,118.340,1.000,118.340,14,74.344,62.82,5.310,59.688,0.000
5,ec.gp.GPIndividual@484543496{284610441},3C_20_80-01.txt,4.194,1.000,4.194,3,4.016,95.74,1.339,59.688,0.000
5,ec.gp.GPIndividual@484543496{284610441},3C_20_80-03.txt,169.439,1.000,169.439,1,1.266,0.75,1.266,59.688,0.000
5,ec.gp.GPIndividual@484543496{284610441},3C_20_80-02.txt,35.738,1.000,35.738,7,52.094,145.77,7.442,59.688,0.000
5,ec.gp.GPIndividual@484543496{284610441},3C_20_80-02.txt,35.738,1.000,35.738,3,48.734,136.37,16.245,59.688,0.000
5,ec.gp.GPIndividual@484543496{284610441},3C_20_80-01.txt,4.194,1.000,4.194,3,3.984,94.99,1.328,59.688,0.000
5,ec.gp.GPIndividual@484543496{284610441},3C_20_80-03.txt,169.439,1.000,169.439,3,10.453,6.17,3.484,59.688,0.000
5,ec.gp.GPIndividual@484543496{284610441},3C_20_80-03.txt,169.439,1.000,169.439,11,139.078,82.08,12.643,59.688,0.000
5,ec.gp.GPIndividual@484543496{284610441},3C_20_80-03.txt,169.439,1.000,169.439,4,149.234,88.08,37.309,59.688,0.000
5,ec.gp.GPIndividual@634282507{1039996591},3C_20_50-02.txt,61.404,1.000,61.404,2,60.547,98.60,30.273,60.109,0.438
5,ec.gp.GPIndividual@1332236122{-294572858},3C_20_50-02.txt,61.404,1.000,61.404,10,82.438,134.25,8.244,29.859,0.406
5,ec.gp.GPIndividual@1332236122{-294572858},3C_20_80-02.txt,35.738,1.000,35.738,1,3.547,9.92,3.547,29.859,0.406
5,ec.gp.GPIndividual@1332236122{-294572858},3C_20_50-03.txt,30.993,1.000,30.993,7,61.266,197.68,8.752,51.156,0.406
5,ec.gp.GPIndividual@1332236122{-294572858},3C_20_80-01.txt,4.194,1.000,4.194,5,2.453,58.48,0.491,51.156,0.000
5,ec.gp.GPIndividual@1332236122{-294572858},3C_20_80-02.txt,35.738,1.000,35.738,8,87.000,243.44,10.875,65.313,0.000
5,ec.gp.GPIndividual@2066679403{-638594202},3C_20_50-02.txt,61.404,1.000,61.404,1,0.438,0.71,0.438,0.438,0.438
5,ec.gp.GPIndividual@2066679403{-638594202},3C_20_50-03.txt,30.993,1.000,30.993,5,21.719,70.08,4.344,8.469,0.438
5,ec.gp.GPIndividual@2066679403{-638594202},3C_20_66-01.txt,7.322,1.000,7.322,1,0.797,10.88,0.797,8.469,0.438
5,ec.gp.GPIndividual@2066679403{-638594202},3C_20_66-02.txt,154.245,1.000,154.245,1,9.563,6.20,9.563,9.563,0.438
5,ec.gp.GPIndividual@2066679403{-638594202},3C_20_50-03.txt,30.993,1.000,30.993,1,2.000,6.45,2.000,9.563,0.438
5,ec.gp.GPIndividual@2066679403{-638594202},3C_20_66-03.txt,118.340,1.000,118.340,2,8.500,7.18,4.250,9.563,0.438
5,ec.gp.GPIndividual@2066679403{-638594202},3C_20_66-01.txt,7.322,1.000,7.322,2,9.484,129.53,4.742,9.563,0.438
5,ec.gp.GPIndividual@2066679403{-638594202},3C_20_80-03.txt,169.439,1.000,169.439,2,7.938,4.68,3.969,9.563,0.000
5,ec.gp.GPIndividual@2066679403{-638594202},3C_20_80-03.txt,169.439,1.000,169.439,4,6.156,3.63,1.539,9.563,0.000
5,ec.gp.GPIndividual@2066679403{-638594202},3C_20_80-01.txt,4.194,1.000,4.194,2,2.406,57.37,1.203,9.563,0.000
5,ec.gp.GPIndividual@2066679403{-638594202},3C_20_80-02.txt,35.738,1.000,35.738,3,8.813,24.66,2.938,9.563,0.000
5,ec.gp.GPIndividual@2066679403{-638594202},3C_20_80-03.txt,169.439,1.000,169.439,3,14.297,8.44,4.766,9.563,0.000
5,ec.gp.GPIndividual@1565336050{-1836869955},3C_20_50-02.txt,61.404,1.000,61.404,3,67.188,109.42,22.396,65.828,0.250
5,ec.gp.GPIndividual@1531784988{581760421},3C_20_50-02.txt,61.404,1.000,61.404,3,2.875,4.68,0.958,1.438,0.344
5,ec.gp.GPIndividual@1531784988{581760421},3C_20_50-03.txt,30.993,1.000,30.993,2,49.313,159.11,24.656,47.609,0.344
5,ec.gp.GPIndividual@1531784988{581760421},3C_20_66-01.txt,7.322,1.000,7.322,4,5.906,80.66,1.477,47.609,0.344
5,ec.gp.GPIndividual@1531784988{581760421},3C_20_66-01.txt,7.322,1.000,7.322,4,3.000,40.97,0.750,47.609,0.344
5,ec.gp.GPIndividual@1531784988{581760421},3C_20_66-02.txt,154.245,1.000,154.245,3,4.469,2.90,1.490,47.609,0.344
5,ec.gp.GPIndividual@1531784988{581760421},3C_20_66-03.txt,118.340,1.000,118.340,3,17.781,15.03,5.927,47.609,0.344
5,ec.gp.GPIndividual@1531784988{581760421},3C_20_80-01.txt,4.194,1.000,4.194,2,1.703,40.60,0.852,47.609,0.344
5,ec.gp.GPIndividual@1531784988{581760421},3C_20_80-02.txt,35.738,1.000,35.738,2,2.078,5.81,1.039,47.609,0.344
5,ec.gp.GPIndividual@1531784988{581760421},3C_20_80-03.txt,169.439,1.000,169.439,8,194.984,115.08,24.373,54.938,0.344
5,ec.gp.GPIndividual@1531784988{581760421},3C_20_66-02.txt,154.245,1.000,154.245,6,33.781,21.90,5.630,54.938,0.344
5,ec.gp.GPIndividual@1531784988{581760421},3C_20_50-03.txt,30.993,1.000,30.993,3,80.625,260.14,26.875,66.344,0.344
5,ec.gp.GPIndividual@1623545553{530276749},3C_20_50-02.txt,61.404,1.000,61.404,6,15.313,24.94,2.552,6.781,0.219
5,ec.gp.GPIndividual@1623545553{530276749},3C_20_66-02.txt,154.245,1.000,154.245,15,153.344,99.42,10.223,24.688,0.219
5,ec.gp.GPIndividual@1623545553{530276749},3C_20_66-03.txt,118.340,1.000,118.340,6,101.516,85.78,16.919,41.781,0.219
5,ec.gp.GPIndividual@1623545553{530276749},3C_20_66-03.txt,118.340,1.000,118.340,5,83.594,70.64,16.719,41.781,0.219
5,ec.gp.GPIndividual@1623545553{530276749},3C_20_50-03.txt,30.993,1.000,30.993,4,40.938,132.09,10.234,41.781,0.219
5,ec.gp.GPIndividual@1623545553{530276749},3C_20_80-01.txt,4.194,1.000,4.194,4,3.359,80.09,0.840,41.781,0.219
5,ec.gp.GPIndividual@1623545553{530276749},3C_20_80-02.txt,35.738,1.000,35.738,7,39.938,111.75,5.705,41.781,0.219
5,ec.gp.GPIndividual@1623545553{530276749},3C_20_80-01.txt,4.194,1.000,4.194,2,42.203,1006.16,21.102,41.781,0.219
5,ec.gp.GPIndividual@1623545553{530276749},3C_20_66-01.txt,7.322,1.000,7.322,8,7.391,100.93,0.924,41.781,0.219
5,ec.gp.GPIndividual@1623545553{530276749},3C_20_66-02.txt,154.245,1.000,154.245,15,159.016,103.09,10.601,51.313,0.219
5,ec.gp.GPIndividual@1623545553{530276749},3C_20_80-03.txt,169.439,1.000,169.439,5,130.359,76.94,26.072,55.391,0.219
5,ec.gp.GPIndividual@1623545553{530276749},3C_20_66-03.txt,118.340,1.000,118.340,1,33.563,28.36,33.563,55.391,0.219
5,ec.gp.GPIndividual@1623545553{530276749},3C_20_66-01.txt,7.322,1.000,7.322,6,7.375,100.72,1.229,55.391,0.219
5,ec.gp.GPIndividual@1623545553{530276749},3C_20_80-01.txt,4.194,1.000,4.194,1,0.438,10.43,0.438,55.391,0.219
5,ec.gp.GPIndividual@1623545553{530276749},3C_20_66-02.txt,154.245,1.000,154.245,8,97.141,62.98,12.143,55.391,0.219
5,ec.gp.GPIndividual@1623545553{530276749},3C_20_80-02.txt,35.738,1.000,35.738,13,34.953,97.80,2.689,55.391,0.219
5,ec.gp.GPIndividual@1623545553{530276749},3C_20_66-03.txt,118.340,1.000,118.340,7,135.875,114.82,19.411,55.391,0.219
5,ec.gp.GPIndividual@1623545553{530276749},3C_20_80-03.txt,169.439,1.000,169.439,1,39.234,23.16,39.234,55.391,0.219
5,ec.gp.GPIndividual@1623545553{530276749},3C_20_80-02.txt,35.738,1.000,35.738,7,38.922,108.91,5.560,55.391,0.219
5,ec.gp.GPIndividual@668508856{-916851879},3C_20_50-02.txt,61.404,1.000,61.404,8,15.813,25.75,1.977,10.266,0.000
5,ec.gp.GPIndividual@668508856{-916851879},3C_20_80-01.txt,4.194,1.000,4.194,1,8.156,194.45,8.156,10.266,0.000
5,ec.gp.GPIndividual@1518393679{-981798337},3C_20_50-02.txt,61.404,1.000,61.404,14,59.859,97.48,4.276,24.141,0.000
5,ec.gp.GPIndividual@1518393679{-981798337},3C_20_50-03.txt,30.993,1.000,30.993,5,23.547,75.98,4.709,24.141,0.000
5,ec.gp.GPIndividual@1518393679{-981798337},3C_20_50-03.txt,30.993,1.000,30.993,4,36.234,116.91,9.059,24.141,0.000
5,ec.gp.GPIndividual@1518393679{-981798337},3C_20_80-03.txt,169.439,1.000,169.439,3,10.234,6.04,3.411,24.141,0.000
5,ec.gp.GPIndividual@1518393679{-981798337},3C_20_66-01.txt,7.322,1.000,7.322,5,7.391,100.93,1.478,24.141,0.000
5,ec.gp.GPIndividual@1518393679{-981798337},3C_20_66-02.txt,154.245,1.000,154.245,1,0.344,0.22,0.344,24.141,0.000
5,ec.gp.GPIndividual@1131224123{700758846},3C_20_50-02.txt,61.404,1.000,61.404,15,69.125,112.57,4.608,19.328,0.234
5,ec.gp.GPIndividual@1131224123{700758846},3C_20_66-03.txt,118.340,1.000,118.340,3,15.906,13.44,5.302,19.328,0.000
5,ec.gp.GPIndividual@1131224123{700758846},3C_20_66-01.txt,7.322,1.000,7.322,7,7.297,99.65,1.042,19.328,0.000
5,ec.gp.GPIndividual@1131224123{700758846},3C_20_80-01.txt,4.194,1.000,4.194,2,0.594,14.16,0.297,19.328,0.000
5,ec.gp.GPIndividual@1131224123{700758846},3C_20_66-02.txt,154.245,1.000,154.245,14,99.469,64.49,7.105,65.188,0.000
5,ec.gp.GPIndividual@1131224123{700758846},3C_20_80-02.txt,35.738,1.000,35.738,6,50.375,140.96,8.396,65.188,0.000
5,ec.gp.GPIndividual@1131224123{700758846},3C_20_50-03.txt,30.993,1.000,30.993,3,34.688,111.92,11.563,65.188,0.000
5,ec.gp.GPIndividual@1131224123{700758846},3C_20_66-03.txt,118.340,1.000,118.340,6,16.172,13.67,2.695,65.188,0.000
5,ec.gp.GPIndividual@1131224123{700758846},3C_20_80-03.txt,169.439,1.000,169.439,7,152.094,89.76,21.728,65.188,0.000
5,ec.gp.GPIndividual@1131224123{700758846},3C_20_80-02.txt,35.738,1.000,35.738,2,35.938,100.56,17.969,65.188,0.000
5,ec.gp.GPIndividual@1131224123{700758846},3C_20_66-01.txt,7.322,1.000,7.322,5,26.234,358.29,5.247,65.188,0.000
5,ec.gp.GPIndividual@1131224123{700758846},3C_20_80-01.txt,4.194,1.000,4.194,8,4.297,102.44,0.537,65.188,0.000
5,ec.gp.GPIndividual@1131224123{700758846},3C_20_66-02.txt,154.245,1.000,154.245,2,0.813,0.53,0.406,65.188,0.000
5,ec.gp.GPIndividual@1131224123{700758846},3C_20_80-02.txt,35.738,1.000,35.738,15,24.156,67.59,1.610,65.188,0.000
5,ec.gp.GPIndividual@1131224123{700758846},3C_20_80-03.txt,169.439,1.000,169.439,4,84.750,50.02,21.188,65.188,0.000
5,ec.gp.GPIndividual@1131224123{700758846},3C_20_80-03.txt,169.439,1.000,169.439,7,91.281,53.87,13.040,65.188,0.000
5,ec.gp.GPIndividual@1563808595{-1925304689},3C_20_50-02.txt,61.404,1.000,61.404,2,63.641,103.64,31.820,63.484,0.156
5,ec.gp.GPIndividual@1820399182{675579165},3C_20_50-02.txt,61.404,1.000,61.404,10,68.250,111.15,6.825,22.625,0.250
5,ec.gp.GPIndividual@1820399182{675579165},3C_20_50-03.txt,30.993,1.000,30.993,5,28.109,90.70,5.622,22.625,0.250
5,ec.gp.GPIndividual@1820399182{675579165},3C_20_50-03.txt,30.993,1.000,30.993,1,6.344,20.47,6.344,22.625,0.250
5,ec.gp.GPIndividual@1820399182{675579165},3C_20_66-03.txt,118.340,1.000,118.340,13,117.281,99.11,9.022,36.797,0.250
5,ec.gp.GPIndividual@1820399182{675579165},3C_20_66-01.txt,7.322,1.000,7.322,4,34.078,465.41,8.520,36.797,0.250
5,ec.gp.GPIndividual@1820399182{675579165},3C_20_66-01.txt,7.322,1.000,7.322,8,6.719,91.76,0.840,36.797,0.250
5,ec.gp.GPIndividual@1820399182{675579165},3C_20_66-02.txt,154.245,1.000,154.245,14,166.000,107.62,11.857,53.125,0.250
5,ec.gp.GPIndividual@1820399182{675579165},3C_20_66-03.txt,118.340,1.000,118.340,1,6.422,5.43,6.422,53.125,0.250
5,ec.gp.GPIndividual@1820399182{675579165},3C_20_80-01.txt,4.194,1.000,4.194,4,4.203,100.21,1.051,53.125,0.250
5,ec.gp.GPIndividual@1820399182{675579165},3C_20_80-02.txt,35.738,1.000,35.738,2,33.531,93.82,16.766,53.125,0.250
5,ec.gp.GPIndividual@1820399182{675579165},3C_20_80-01.txt,4.194,1.000,4.194,8,4.672,111.38,0.584,53.125,0.172
5,ec.gp.GPIndividual@1820399182{675579165},3C_20_80-03.txt,169.439,1.000,169.439,1,0.063,0.04,0.063,53.125,0.063
5,ec.gp.GPIndividual@1820399182{675579165},3C_20_80-02.txt,35.738,1.000,35.738,1,0.734,2.05,0.734,53.125,0.063
5,ec.gp.GPIndividual@1820399182{675579165},3C_20_66-02.txt,154.245,1.000,154.245,15,157.969,102.41,10.531,59.172,0.063
5,ec.gp.GPIndividual@1820399182{675579165},3C_20_80-03.txt,169.439,1.000,169.439,3,66.922,39.50,22.307,59.172,0.063
6,ec.gp.GPIndividual@1547880986{2128295853},3C_20_50-02.txt,61.404,1.000,61.404,0,0.000,0.00,0.000,0.000,0.000
6,ec.gp.GPIndividual@1547880986{2128295853},3C_20_50-03.txt,30.993,1.000,30.993,0,0.000,0.00,0.000,0.000,0.000
6,ec.gp.GPIndividual@1547880986{2128295853},3C_20_66-01.txt,7.322,1.000,7.322,0,0.000,0.00,0.000,0.000,0.000
6,ec.gp.GPIndividual@1547880986{2128295853},3C_20_66-02.txt,154.245,1.000,154.245,0,0.000,0.00,0.000,0.000,0.000
6,ec.gp.GPIndividual@1547880986{2128295853},3C_20_66-03.txt,118.340,1.000,118.340,0,0.000,0.00,0.000,0.000,0.000
6,ec.gp.GPIndividual@1547880986{2128295853},3C_20_80-01.txt,4.194,1.000,4.194,0,0.000,0.00,0.000,0.000,0.000
6,ec.gp.GPIndividual@1547880986{2128295853},3C_20_80-02.txt,35.738,1.000,35.738,0,0.000,0.00,0.000,0.000,0.000
6,ec.gp.GPIndividual@1547880986{2128295853},3C_20_80-03.txt,169.439,1.000,169.439,0,0.000,0.00,0.000,0.000,0.000
6,ec.gp.GPIndividual@374650719{-890933230},3C_20_50-02.txt,61.404,1.000,61.404,2,0.719,1.17,0.359,0.359,0.359
6,ec.gp.GPIndividual@374650719{-890933230},3C_20_50-03.txt,30.993,1.000,30.993,2,0.719,2.32,0.359,0.359,0.359
6,ec.gp.GPIndividual@374650719{-890933230},3C_20_50-03.txt,30.993,1.000,30.993,7,11.563,37.31,1.652,4.031,0.359
6,ec.gp.GPIndividual@374650719{-890933230},3C_20_66-01.txt,7.322,1.000,7.322,3,9.313,127.18,3.104,4.344,0.359
6,ec.gp.GPIndividual@374650719{-890933230},3C_20_66-01.txt,7.322,1.000,7.322,3,6.281,85.78,2.094,4.344,0.359
6,ec.gp.GPIndividual@374650719{-890933230},3C_20_66-02.txt,154.245,1.000,154.245,3,2.813,1.82,0.938,4.344,0.359
6,ec.gp.GPIndividual@374650719{-890933230},3C_20_66-02.txt,154.245,1.000,154.245,3,6.219,4.03,2.073,4.344,0.359
6,ec.gp.GPIndividual@374650719{-890933230},3C_20_66-03.txt,118.340,1.000,118.340,1,2.500,2.11,2.500,4.344,0.359
6,ec.gp.GPIndividual@374650719{-890933230},3C_20_66-03.txt,118.340,1.000,118.340,5,18.047,15.25,3.609,6.250,0.359
6,ec.gp.GPIndividual@374650719{-890933230},3C_20_80-01.txt,4.194,1.000,4.194,1,6.438,153.48,6.438,6.438,0.359
6,ec.gp.GPIndividual@374650719{-890933230},3C_20_80-01.txt,4.194,1.000,4.194,1,1.438,34.27,1.438,6.438,0.359
6,ec.gp.GPIndividual@374650719{-890933230},3C_20_80-02.txt,35.738,1.000,35.738,1,1.250,3.50,1.250,6.438,0.359
6,ec.gp.GPIndividual@374650719{-890933230},3C_20_80-02.txt,35.738,1.000,35.738,1,1.984,5.55,1.984,6.438,0.359
6,ec.gp.GPIndividual@374650719{-890933230},3C_20_80-03.txt,169.439,1.000,169.439,1,2.000,1.18,2.000,6.438,0.359
6,ec.gp.GPIndividual@374650719{-890933230},3C_20_80-03.txt,169.439,1.000,169.439,1,6.672,3.94,6.672,6.672,0.359
6,ec.gp.GPIndividual@1962168903{82456302},3C_20_50-02.txt,61.404,1.000,61.404,2,7.031,11.45,3.516,6.672,0.359
6,ec.gp.GPIndividual@1115905061{227675161},3C_20_50-02.txt,61.404,1.000,61.404,1,0.531,0.87,0.531,0.531,0.531
6,ec.gp.GPIndividual@1115905061{227675161},3C_20_50-03.txt,30.993,1.000,30.993,3,9.203,29.69,3.068,4.797,0.531
6,ec.gp.GPIndividual@1115905061{227675161},3C_20_66-01.txt,7.322,1.000,7.322,1,0.906,12.38,0.906,4.797,0.531
6,ec.gp.GPIndividual@1115905061{227675161},3C_20_66-02.txt,154.245,1.000,154.245,2,5.641,3.66,2.820,4.797,0.531
6,ec.gp.GPIndividual@1115905061{227675161},3C_20_66-03.txt,118.340,1.000,118.340,1,5.922,5.00,5.922,5.922,0.531
6,ec.gp.GPIndividual@1115905061{227675161},3C_20_80-01.txt,4.194,1.000,4.194,1,1.281,30.55,1.281,5.922,0.531
6,ec.gp.GPIndividual@1115905061{227675161},3C_20_80-02.txt,35.738,1.000,35.738,1,2.031,5.68,2.031,5.922,0.531
6,ec.gp.GPIndividual@1115905061{227675161},3C_20_80-03.txt,169.439,1.000,169.439,1,6.297,3.72,6.297,6.297,0.531
6,ec.gp.GPIndividual@513130395{1685875678},3C_20_50-02.txt,61.404,1.000,61.404,4,89.297,145.42,22.324,44.016,0.531
6,ec.gp.GPIndividual@513130395{1685875678},3C_20_50-03.txt,30.993,1.000,30.993,1,45.094,145.50,45.094,45.094,0.531
6,ec.gp.GPIndividual@513130395{1685875678},3C_20_50-03.txt,30.993,1.000,30.993,2,49.016,158.15,24.508,46.313,0.531
6,ec.gp.GPIndividual@513130395{1685875678},3C_20_50-03.txt,30.993,1.000,30.993,4,18.906,61.00,4.727,46.313,0.531
6,ec.gp.GPIndividual@513130395{1685875678},3C_20_50-03.txt,30.993,1.000,30.993,5,31.266,100.88,6.253,46.313,0.531
6,ec.gp.GPIndividual@513130395{1685875678},3C_20_66-01.txt,7.322,1.000,7.322,2,12.344,168.58,6.172,46.313,0.531
6,ec.gp.GPIndividual@513130395{1685875678},3C_20_50-03.txt,30.993,1.000,30.993,9,32.484,104.81,3.609,46.313,0.531
6,ec.gp.GPIndividual@513130395{1685875678},3C_20_66-01.txt,7.322,1.000,7.322,2,5.656,77.25,2.828,46.313,0.531
6,ec.gp.GPIndividual@513130395{1685875678},3C_20_66-01.txt,7.322,1.000,7.322,4,12.641,172.63,3.160,46.313,0.531
6,ec.gp.GPIndividual@513130395{1685875678},3C_20_66-01.txt,7.322,1.000,7.322,1,7.609,103.92,7.609,46.313,0.531
6,ec.gp.GPIndividual@513130395{1685875678},3C_20_66-01.txt,7.322,1.000,7.322,5,7.000,95.60,1.400,46.313,0.531
6,ec.gp.GPIndividual@513130395{1685875678},3C_20_66-02.txt,154.245,1.000,154.245,20,155.828,101.03,7.791,60.594,0.531
6,ec.gp.GPIndividual@513130395{1685875678},3C_20_66-02.txt,154.245,1.000,154.245,11,187.359,121.47,17.033,60.594,0.531
6,ec.gp.GPIndividual@513130395{1685875678},3C_20_66-03.txt,118.340,1.000,118.340,5,37.891,32.02,7.578,60.594,0.531
6,ec.gp.GPIndividual@513130395{1685875678},3C_20_50-03.txt,30.993,1.000,30.993,7,30.578,98.66,4.368,60.594,0.359
6,ec.gp.GPIndividual@513130395{1685875678},3C_20_80-01.txt,4.194,1.000,4.194,2,4.906,116.97,2.453,60.594,0.359
6,ec.gp.GPIndividual@513130395{1685875678},3C_20_66-01.txt,7.322,1.000,7.322,6,7.625,104.14,1.271,60.594,0.359
6,ec.gp.GPIndividual@513130395{1685875678},3C_20_66-02.txt,154.245,1.000,154.245,1,0.297,0.19,0.297,60.594,0.297
6,ec.gp.GPIndividual@513130395{1685875678},3C_20_80-02.txt,35.738,1.000,35.738,13,34.203,95.70,2.631,60.594,0.297
6,ec.gp.GPIndividual@513130395{1685875678},3C_20_80-03.txt,169.439,1.000,169.439,5,166.813,98.45,33.363,60.594,0.297
6,ec.gp.GPIndividual@513130395{1685875678},3C_20_66-03.txt,118.340,1.000,118.340,7,119.859,101.28,17.123,60.594,0.297
6,ec.gp.GPIndividual@264552530{215966174},3C_20_50-02.txt,61.404,1.000,61.404,4,88.172,143.59,22.043,46.391,0.531
6,ec.gp.GPIndividual@264552530{215966174},3C_20_80-01.txt,4.194,1.000,4.194,1,52.297,1246.80,52.297,52.297,0.531
6,ec.gp.GPIndividual@264552530{215966174},3C_20_66-02.txt,154.245,1.000,154.245,1,31.453,20.39,31.453,52.297,0.531
6,ec.gp.GPIndividual@264552530{215966174},3C_20_66-02.txt,154.245,1.000,154.245,2,18.094,11.73,9.047,52.297,0.531
6,ec.gp.GPIndividual@264552530{215966174},3C_20_66-02.txt,154.245,1.000,154.245,8,19.641,12.73,2.455,52.297,0.531
6,ec.gp.GPIndividual@264552530{215966174},3C_20_66-03.txt,118.340,1.000,118.340,20,141.359,119.45,7.068,52.297,0.531
6,ec.gp.GPIndividual@264552530{215966174},3C_20_66-03.txt,118.340,1.000,118.340,3,124.016,104.80,41.339,52.297,0.531
6,ec.gp.GPIndividual@264552530{215966174},3C_20_50-03.txt,30.993,1.000,30.993,7,30.531,98.51,4.362,52.297,0.344
6,ec.gp.GPIndividual@264552530{215966174},3C_20_80-01.txt,4.194,1.000,4.194,3,4.328,103.19,1.443,52.297,0.172
6,ec.gp.GPIndividual@264552530{215966174},3C_20_80-01.txt,4.194,1.000,4.194,4,3.938,93.87,0.984,52.297,0.172
6,ec.gp.GPIndividual@264552530{215966174},3C_20_80-02.txt,35.738,1.000,35.738,3,6.109,17.09,2.036,52.297,0.000
6,ec.gp.GPIndividual@264552530{215966174},3C_20_66-01.txt,7.322,1.000,7.322,4,14.391,196.53,3.598,52.297,0.000
6,ec.gp.GPIndividual@264552530{215966174},3C_20_80-02.txt,35.738,1.000,35.738,4,21.563,60.33,5.391,52.297,0.000
6,ec.gp.GPIndividual@264552530{215966174},3C_20_66-03.txt,118.340,1.000,118.340,18,68.109,57.55,3.784,52.297,0.000
6,ec.gp.GPIndividual@264552530{215966174},3C_20_66-03.txt,118.340,1.000,118.340,6,149.875,126.65,24.979,52.297,0.000
6,ec.gp.GPIndividual@264552530{215966174},3C_20_80-03.txt,169.439,1.000,169.439,2,46.453,27.42,23.227,52.297,0.000
6,ec.gp.GPIndividual@264552530{215966174},3C_20_80-03.txt,169.439,1.000,169.439,7,135.219,79.80,19.317,52.297,0.000
6,ec.gp.GPIndividual@264552530{215966174},3C_20_66-02.txt,154.245,1.000,154.245,9,161.781,104.89,17.976,58.547,0.000
6,ec.gp.GPIndividual@264552530{215966174},3C_20_80-02.txt,35.738,1.000,35.738,1,61.094,170.95,61.094,61.094,0.000
6,ec.gp.GPIndividual@1202935503{-1874818346},3C_20_50-02.txt,61.404,1.000,61.404,3,66.328,108.02,22.109,63.813,0.344
6,ec.gp.GPIndividual@1202935503{-1874818346},3C_20_80-01.txt,4.194,1.000,4.194,4,4.516,107.66,1.129,63.813,0.344
6,ec.gp.GPIndividual@1202935503{-1874818346},3C_20_50-03.txt,30.993,1.000,30.993,14,31.078,100.28,2.220,63.813,0.172
6,ec.gp.GPIndividual@1202935503{-1874818346},3C_20_66-01.txt,7.322,1.000,7.322,1,7.391,100.93,7.391,63.813,0.172
6,ec.gp.GPIndividual@1202935503{-1874818346},3C_20_80-03.txt,169.439,1.000,169.439,1,17.672,10.43,17.672,63.813,0.172
6,ec.gp.GPIndividual@1939860871{807567178},3C_20_50-02.txt,61.404,1.000,61.404,3,1.859,3.03,0.620,0.844,0.484
6,ec.gp.GPIndividual@1939860871{807567178},3C_20_50-03.txt,30.993,1.000,30.993,7,22.359,72.14,3.194,6.344,0.484
6,ec.gp.GPIndividual@1939860871{807567178},3C_20_66-01.txt,7.322,1.000,7.322,3,7.141,97.52,2.380,6.344,0.484
6,ec.gp.GPIndividual@1939860871{807567178},3C_20_66-02.txt,154.245,1.000,154.245,1,0.516,0.33,0.516,6.344,0.484
6,ec.gp.GPIndividual@1700138400{1898536878},3C_20_50-02.txt,61.404,1.000,61.404,9,30.953,50.41,3.439,10.609,0.344
6,ec.gp.GPIndividual@1700138400{1898536878},3C_20_66-03.txt,118.340,1.000,118.340,7,129.484,109.42,18.498,44.125,0.344
6,ec.gp.GPIndividual@1700138400{1898536878},3C_20_80-02.txt,35.738,1.000,35.738,8,37.297,104.36,4.662,44.125,0.344
6,ec.gp.GPIndividual@1700138400{1898536878},3C_20_80-01.txt,4.194,1.000,4.194,3,3.797,90.52,1.266,44.125,0.344
6,ec.gp.GPIndividual@1700138400{1898536878},3C_20_80-03.txt,169.439,1.000,169.439,13,77.250,45.59,5.942,44.125,0.344
6,ec.gp.GPIndividual@1700138400{1898536878},3C_20_80-01.txt,4.194,1.000,4.194,6,4.203,100.21,0.701,44.125,0.172
6,ec.gp.GPIndividual@1700138400{1898536878},3C_20_80-02.txt,35.738,1.000,35.738,5,53.281,149.09,10.656,46.313,0.172
6,ec.gp.GPIndividual@1700138400{1898536878},3C_20_50-03.txt,30.993,1.000,30.993,3,23.453,75.67,7.818,46.313,0.172
6,ec.gp.GPIndividual@1700138400{1898536878},3C_20_66-02.txt,154.245,1.000,154.245,5,21.609,14.01,4.322,46.313,0.172
6,ec.gp.GPIndividual@1700138400{1898536878},3C_20_80-03.txt,169.439,1.000,169.439,8,75.016,44.27,9.377,46.313,0.000
6,ec.gp.GPIndividual@1700138400{1898536878},3C_20_66-03.txt,118.340,1.000,118.340,2,43.359,36.64,21.680,46.313,0.000
6,ec.gp.GPIndividual@1879093697{11470556},3C_20_50-02.txt,61.404,1.000,61.404,2,0.891,1.45,0.445,0.531,0.359
6,ec.gp.GPIndividual@1879093697{11470556},3C_20_50-03.txt,30.993,1.000,30.993,3,64.766,208.97,21.589,53.875,0.359
6,ec.gp.GPIndividual@2051205473{-1754208074},3C_20_50-02.txt,61.404,1.000,61.404,3,7.703,12.54,2.568,3.938,0.453
6,ec.gp.GPIndividual@2051205473{-1754208074},3C_20_66-01.txt,7.322,1.000,7.322,3,4.172,56.98,1.391,3.938,0.453
6,ec.gp.GPIndividual@2051205473{-1754208074},3C_20_66-02.txt,154.245,1.000,154.245,7,14.063,9.12,2.009,3.938,0.453
6,ec.gp.GPIndividual@2051205473{-1754208074},3C_20_66-03.txt,118.340,1.000,118.340,6,133.750,113.02,22.292,44.156,0.453
6,ec.gp.GPIndividual@2051205473{-1754208074},3C_20_80-01.txt,4.194,1.000,4.194,2,4.594,109.52,2.297,44.156,0.453
6,ec.gp.GPIndividual@2051205473{-1754208074},3C_20_80-02.txt,35.738,1.000,35.738,2,1.094,3.06,0.547,44.156,0.000
6,ec.gp.GPIndividual@2051205473{-1754208074},3C_20_80-02.txt,35.738,1.000,35.738,13,31.438,87.97,2.418,44.156,0.000
6,ec.gp.GPIndividual@2051205473{-1754208074},3C_20_80-01.txt,4.194,1.000,4.194,3,5.875,140.06,1.958,44.156,0.000
6,ec.gp.GPIndividual@2051205473{-1754208074},3C_20_80-03.txt,169.439,1.000,169.439,4,20.844,12.30,5.211,44.156,0.000
6,ec.gp.GPIndividual@2051205473{-1754208074},3C_20_80-03.txt,169.439,1.000,169.439,3,3.656,2.16,1.219,44.156,0.000
6,ec.gp.GPIndividual@2051205473{-1754208074},3C_20_80-02.txt,35.738,1.000,35.738,7,55.828,156.21,7.975,44.156,0.000
6,ec.gp.GPIndividual@2051205473{-1754208074},3C_20_66-01.txt,7.322,1.000,7.322,2,9.609,131.24,4.805,44.156,0.000
6,ec.gp.GPIndividual@1001534185{507183880},3C_20_50-02.txt,61.404,1.000,61.404,5,21.328,34.73,4.266,11.047,0.516
6,ec.gp.GPIndividual@1001534185{507183880},3C_20_80-03.txt,169.439,1.000,169.439,8,83.000,48.99,10.375,56.766,0.516
6,ec.gp.GPIndividual@806986967{-736800105},3C_20_50-02.txt,61.404,1.000,61.404,2,20.047,32.65,10.023,19.516,0.531
6,ec.gp.GPIndividual@539495250{-1874492282},3C_20_50-02.txt,61.404,1.000,61.404,0,0.000,0.00,0.000,0.000,0.000
6,ec.gp.GPIndividual@539495250{-1874492282},3C_20_50-03.txt,30.993,1.000,30.993,0,0.000,0.00,0.000,0.000,0.000
6,ec.gp.GPIndividual@539495250{-1874492282},3C_20_66-01.txt,7.322,1.000,7.322,0,0.000,0.00,0.000,0.000,0.000
6,ec.gp.GPIndividual@539495250{-1874492282},3C_20_66-02.txt,154.245,1.000,154.245,0,0.000,0.00,0.000,0.000,0.000
6,ec.gp.GPIndividual@539495250{-1874492282},3C_20_66-03.txt,118.340,1.000,118.340,0,0.000,0.00,0.000,0.000,0.000
6,ec.gp.GPIndividual@539495250{-1874492282},3C_20_80-01.txt,4.194,1.000,4.194,0,0.000,0.00,0.000,0.000,0.000
6,ec.gp.GPIndividual@539495250{-1874492282},3C_20_80-02.txt,35.738,1.000,35.738,0,0.000,0.00,0.000,0.000,0.000
6,ec.gp.GPIndividual@539495250{-1874492282},3C_20_80-03.txt,169.439,1.000,169.439,0,0.000,0.00,0.000,0.000,0.000
6,ec.gp.GPIndividual@313517444{-1619793801},3C_20_50-02.txt,61.404,1.000,61.404,9,61.922,100.84,6.880,36.297,0.500
6,ec.gp.GPIndividual@313517444{-1619793801},3C_20_66-03.txt,118.340,1.000,118.340,8,109.078,92.17,13.635,43.359,0.500
6,ec.gp.GPIndividual@313517444{-1619793801},3C_20_50-03.txt,30.993,1.000,30.993,3,33.672,108.64,11.224,43.359,0.500
6,ec.gp.GPIndividual@313517444{-1619793801},3C_20_66-01.txt,7.322,1.000,7.322,3,67.281,918.87,22.427,64.203,0.500
6,ec.gp.GPIndividual@313517444{-1619793801},3C_20_50-03.txt,30.993,1.000,30.993,1,2.172,7.01,2.172,64.203,0.500
6,ec.gp.GPIndividual@313517444{-1619793801},3C_20_66-02.txt,154.245,1.000,154.245,15,159.391,103.34,10.626,64.203,0.500
6,ec.gp.GPIndividual@313517444{-1619793801},3C_20_66-01.txt,7.322,1.000,7.322,2,3.625,49.51,1.813,64.203,0.500
6,ec.gp.GPIndividual@313517444{-1619793801},3C_20_80-01.txt,4.194,1.000,4.194,5,5.875,140.06,1.175,64.203,0.000
6,ec.gp.GPIndividual@313517444{-1619793801},3C_20_80-01.txt,4.194,1.000,4.194,5,5.875,140.06,1.175,64.203,0.000
6,ec.gp.GPIndividual@313517444{-1619793801},3C_20_66-03.txt,118.340,1.000,118.340,14,69.469,58.70,4.962,64.203,0.000
6,ec.gp.GPIndividual@313517444{-1619793801},3C_20_50-03.txt,30.993,1.000,30.993,7,30.047,96.95,4.292,64.203,0.000
6,ec.gp.GPIndividual@313517444{-1619793801},3C_20_66-01.txt,7.322,1.000,7.322,1,5.141,70.21,5.141,64.203,0.000
6,ec.gp.GPIndividual@313517444{-1619793801},3C_20_80-02.txt,35.738,1.000,35.738,2,41.078,114.94,20.539,64.203,0.000
6,ec.gp.GPIndividual@313517444{-1619793801},3C_20_50-03.txt,30.993,1.000,30.993,10,45.031,145.30,4.503,64.203,0.000
6,ec.gp.GPIndividual@313517444{-1619793801},3C_20_66-02.txt,154.245,1.000,154.245,10,102.609,66.52,10.261,64.203,0.000
6,ec.gp.GPIndividual@313517444{-1619793801},3C_20_66-03.txt,118.340,1.000,118.340,8,137.734,116.39,17.217,64.203,0.000
6,ec.gp.GPIndividual@313517444{-1619793801},3C_20_66-02.txt,154.245,1.000,154.245,6,104.734,67.90,17.456,64.203,0.000
6,ec.gp.GPIndividual@313517444{-1619793801},3C_20_80-03.txt,169.439,1.000,169.439,3,50.984,30.09,16.995,64.203,0.000
6,ec.gp.GPIndividual@313517444{-1619793801},3C_20_80-01.txt,4.194,1.000,4.194,3,2.578,61.46,0.859,64.203,0.000
6,ec.gp.GPIndividual@313517444{-1619793801},3C_20_80-02.txt,35.738,1.000,35.738,2,26.734,74.81,13.367,64.203,0.000
6,ec.gp.GPIndividual@313517444{-1619793801},3C_20_80-01.txt,4.194,1.000,4.194,3,3.094,73.76,1.031,64.203,0.000
6,ec.gp.GPIndividual@313517444{-1619793801},3C_20_80-03.txt,169.439,1.000,169.439,11,180.375,106.45,16.398,64.203,0.000
6,ec.gp.GPIndividual@313517444{-1619793801},3C_20_66-01.txt,7.322,1.000,7.322,2,22.375,305.58,11.188,64.203,0.000
6,ec.gp.GPIndividual@313517444{-1619793801},3C_20_66-03.txt,118.340,1.000,118.340,5,68.422,57.82,13.684,64.203,0.000
6,ec.gp.GPIndividual@622653923{-1521508087},3C_20_50-02.txt,61.404,1.000,61.404,0,0.000,0.00,0.000,0.000,0.000
6,ec.gp.GPIndividual@622653923{-1521508087},3C_20_50-03.txt,30.993,1.000,30.993,0,0.000,0.00,0.000,0.000,0.000
6,ec.gp.GPIndividual@622653923{-1521508087},3C_20_66-01.txt,7.322,1.000,7.322,0,0.000,0.00,0.000,0.000,0.000
6,ec.gp.GPIndividual@622653923{-1521508087},3C_20_66-02.txt,154.245,1.000,154.245,0,0.000,0.00,0.000,0.000,0.000
6,ec.gp.GPIndividual@622653923{-1521508087},3C_20_66-03.txt,118.340,1.000,118.340,0,0.000,0.00,0.000,0.000,0.000
6,ec.gp.GPIndividual@622653923{-1521508087},3C_20_80-01.txt,4.194,1.000,4.194,0,0.000,0.00,0.000,0.000,0.000
6,ec.gp.GPIndividual@622653923{-1521508087},3C_20_80-02.txt,35.738,1.000,35.738,0,0.000,0.00,0.000,0.000,0.000
6,ec.gp.GPIndividual@622653923{-1521508087},3C_20_80-03.txt,169.439,1.000,169.439,0,0.000,0.00,0.000,0.000,0.000
6,ec.gp.GPIndividual@1447039320{-760569991},3C_20_50-02.txt,61.404,1.000,61.404,5,62.047,101.05,12.409,55.516,0.531
6,ec.gp.GPIndividual@1447039320{-760569991},3C_20_50-03.txt,30.993,1.000,30.993,3,67.016,216.23,22.339,64.313,0.531
6,ec.gp.GPIndividual@278232416{1628610279},3C_20_50-02.txt,61.404,1.000,61.404,2,39.641,64.56,19.820,39.109,0.531
6,ec.gp.GPIndividual@278232416{1628610279},3C_20_66-03.txt,118.340,1.000,118.340,7,33.188,28.04,4.741,39.109,0.531
6,ec.gp.GPIndividual@278232416{1628610279},3C_20_80-02.txt,35.738,1.000,35.738,2,20.250,56.66,10.125,39.109,0.531
6,ec.gp.GPIndividual@278232416{1628610279},3C_20_80-01.txt,4.194,1.000,4.194,4,4.156,99.09,1.039,39.109,0.172
6,ec.gp.GPIndividual@278232416{1628610279},3C_20_80-03.txt,169.439,1.000,169.439,11,147.719,87.18,13.429,42.391,0.172
6,ec.gp.GPIndividual@278232416{1628610279},3C_20_50-03.txt,30.993,1.000,30.993,4,30.328,97.86,7.582,42.391,0.172
6,ec.gp.GPIndividual@278232416{1628610279},3C_20_66-01.txt,7.322,1.000,7.322,3,6.344,86.64,2.115,42.391,0.172
6,ec.gp.GPIndividual@278232416{1628610279},3C_20_66-01.txt,7.322,1.000,7.322,5,6.297,86.00,1.259,42.391,0.172
6,ec.gp.GPIndividual@278232416{1628610279},3C_20_66-02.txt,154.245,1.000,154.245,10,193.344,125.35,19.334,64.141,0.172
6,ec.gp.GPIndividual@1486244574{1295570354},3C_20_50-02.txt,61.404,1.000,61.404,1,0.000,0.00,0.000,0.000,0.000
6,ec.gp.GPIndividual@1486244574{1295570354},3C_20_50-03.txt,30.993,1.000,30.993,1,0.000,0.00,0.000,0.000,0.000
6,ec.gp.GPIndividual@1486244574{1295570354},3C_20_66-01.txt,7.322,1.000,7.322,1,0.000,0.00,0.000,0.000,0.000
6,ec.gp.GPIndividual@1486244574{1295570354},3C_20_66-02.txt,154.245,1.000,154.245,1,0.000,0.00,0.000,0.000,0.000
6,ec.gp.GPIndividual@1486244574{1295570354},3C_20_66-03.txt,118.340,1.000,118.340,1,0.000,0.00,0.000,0.000,0.000
6,ec.gp.GPIndividual@1486244574{1295570354},3C_20_80-01.txt,4.194,1.000,4.194,1,0.000,0.00,0.000,0.000,0.000
6,ec.gp.GPIndividual@1486244574{1295570354},3C_20_80-02.txt,35.738,1.000,35.738,1,0.000,0.00,0.000,0.000,0.000
6,ec.gp.GPIndividual@1486244574{1295570354},3C_20_80-03.txt,169.439,1.000,169.439,1,0.000,0.00,0.000,0.000,0.000
6,ec.gp.GPIndividual@1714007801{1597313530},3C_20_50-02.txt,61.404,1.000,61.404,2,1.609,2.62,0.805,1.359,0.250
6,ec.gp.GPIndividual@1714007801{1597313530},3C_20_50-03.txt,30.993,1.000,30.993,7,18.047,58.23,2.578,10.188,0.250
6,ec.gp.GPIndividual@1714007801{1597313530},3C_20_66-01.txt,7.322,1.000,7.322,1,0.594,8.11,0.594,10.188,0.250
6,ec.gp.GPIndividual@1714007801{1597313530},3C_20_66-02.txt,154.245,1.000,154.245,3,3.984,2.58,1.328,10.188,0.250
6,ec.gp.GPIndividual@1714007801{1597313530},3C_20_66-03.txt,118.340,1.000,118.340,2,4.516,3.82,2.258,10.188,0.250
6,ec.gp.GPIndividual@1714007801{1597313530},3C_20_80-01.txt,4.194,1.000,4.194,1,0.844,20.12,0.844,10.188,0.250
6,ec.gp.GPIndividual@1714007801{1597313530},3C_20_80-02.txt,35.738,1.000,35.738,2,9.266,25.93,4.633,10.188,0.250
6,ec.gp.GPIndividual@1714007801{1597313530},3C_20_80-03.txt,169.439,1.000,169.439,1,3.578,2.11,3.578,10.188,0.250
6,ec.gp.GPIndividual@1396144890{1111438618},3C_20_50-02.txt,61.404,1.000,61.404,5,68.859,112.14,13.772,66.797,0.094
6,ec.gp.GPIndividual@185431757{457034921},3C_20_50-02.txt,61.404,1.000,61.404,0,0.000,0.00,0.000,0.000,0.000
6,ec.gp.GPIndividual@185431757{457034921},3C_20_50-03.txt,30.993,1.000,30.993,0,0.000,0.00,0.000,0.000,0.000
6,ec.gp.GPIndividual@185431757{457034921},3C_20_66-01.txt,7.322,1.000,7.322,0,0.000,0.00,0.000,0.000,0.000
6,ec.gp.GPIndividual@185431757{457034921},3C_20_66-02.txt,154.245,1.000,154.245,0,0.000,0.00,0.000,0.000,0.000
6,ec.gp.GPIndividual@185431757{457034921},3C_20_66-03.txt,118.340,1.000,118.340,0,0.000,0.00,0.000,0.000,0.000
6,ec.gp.GPIndividual@185431757{457034921},3C_20_80-01.txt,4.194,1.000,4.194,0,0.000,0.00,0.000,0.000,0.000
6,ec.gp.GPIndividual@185431757{457034921},3C_20_80-02.txt,35.738,1.000,35.738,0,0.000,0.00,0.000,0.000,0.000
6,ec.gp.GPIndividual@185431757{457034921},3C_20_80-03.txt,169.439,1.000,169.439,0,0.000,0.00,0.000,0.000,0.000
6,ec.gp.GPIndividual@953641296{-1911392045},3C_20_50-02.txt,61.404,1.000,61.404,9,50.703,82.57,5.634,19.984,0.031
6,ec.gp.GPIndividual@953641296{-1911392045},3C_20_50-03.txt,30.993,1.000,30.993,7,25.609,82.63,3.658,19.984,0.031
6,ec.gp.GPIndividual@953641296{-1911392045},3C_20_66-01.txt,7.322,1.000,7.322,7,5.922,80.88,0.846,19.984,0.031
6,ec.gp.GPIndividual@953641296{-1911392045},3C_20_66-02.txt,154.245,1.000,154.245,11,127.063,82.38,11.551,50.375,0.031
6,ec.gp.GPIndividual@953641296{-1911392045},3C_20_66-03.txt,118.340,1.000,118.340,7,88.094,74.44,12.585,50.375,0.031
6,ec.gp.GPIndividual@953641296{-1911392045},3C_20_80-01.txt,4.194,1.000,4.194,9,3.656,87.17,0.406,50.375,0.031
6,ec.gp.GPIndividual@953641296{-1911392045},3C_20_80-02.txt,35.738,1.000,35.738,7,23.250,65.06,3.321,50.375,0.031
6,ec.gp.GPIndividual@953641296{-1911392045},3C_20_80-03.txt,169.439,1.000,169.439,3,108.734,64.17,36.245,67.469,0.031
7,ec.gp.GPIndividual@1792443502{752270707},3C_20_50-02.txt,61.404,1.000,61.404,6,1.969,3.21,0.328,0.328,0.328
7,ec.gp.GPIndividual@1792443502{752270707},3C_20_50-03.txt,30.993,1.000,30.993,9,21.094,68.06,2.344,4.469,0.328
7,ec.gp.GPIndividual@1792443502{752270707},3C_20_66-01.txt,7.322,1.000,7.322,4,7.000,95.60,1.750,4.469,0.328
7,ec.gp.GPIndividual@1792443502{752270707},3C_20_66-02.txt,154.245,1.000,154.245,1,0.516,0.33,0.516,4.469,0.328
7,ec.gp.GPIndividual@1792443502{752270707},3C_20_50-03.txt,30.993,1.000,30.993,5,12.875,41.54,2.575,4.469,0.328
7,ec.gp.GPIndividual@1792443502{752270707},3C_20_66-03.txt,118.340,1.000,118.340,3,13.078,11.05,4.359,6.297,0.328
7,ec.gp.GPIndividual@1792443502{752270707},3C_20_80-01.txt,4.194,1.000,4.194,1,8.266,197.06,8.266,8.266,0.328
7,ec.gp.GPIndividual@1792443502{752270707},3C_20_50-03.txt,30.993,1.000,30.993,1,1.641,5.29,1.641,8.266,0.328
7,ec.gp.GPIndividual@1792443502{752270707},3C_20_80-02.txt,35.738,1.000,35.738,4,29.563,82.72,7.391,10.750,0.328
7,ec.gp.GPIndividual@1792443502{752270707},3C_20_80-03.txt,169.439,1.000,169.439,3,14.313,8.45,4.771,10.750,0.328
7,ec.gp.GPIndividual@523091532{-703431181},3C_20_50-02.txt,61.404,1.000,61.404,11,63.234,102.98,5.749,10.625,0.500
7,ec.gp.GPIndividual@523091532{-703431181},3C_20_66-01.txt,7.322,1.000,7.322,2,3.406,46.52,1.703,10.625,0.500
7,ec.gp.GPIndividual@523091532{-703431181},3C_20_66-01.txt,7.322,1.000,7.322,1,10.938,149.37,10.938,10.938,0.500
7,ec.gp.GPIndividual@523091532{-703431181},3C_20_50-03.txt,30.993,1.000,30.993,1,16.359,52.78,16.359,16.359,0.500
7,ec.gp.GPIndividual@523091532{-703431181},3C_20_50-03.txt,30.993,1.000,30.993,12,30.047,96.95,2.504,16.359,0.500
7,ec.gp.GPIndividual@523091532{-703431181},3C_20_66-01.txt,7.322,1.000,7.322,1,7.438,101.57,7.438,16.359,0.500
7,ec.gp.GPIndividual@523091532{-703431181},3C_20_66-01.txt,7.322,1.000,7.322,1,46.453,634.42,46.453,46.453,0.500
7,ec.gp.GPIndividual@523091532{-703431181},3C_20_50-03.txt,30.993,1.000,30.993,13,31.578,101.89,2.429,46.453,0.500
7,ec.gp.GPIndividual@523091532{-703431181},3C_20_66-01.txt,7.322,1.000,7.322,4,10.375,141.69,2.594,46.453,0.500
7,ec.gp.GPIndividual@523091532{-703431181},3C_20_66-02.txt,154.245,1.000,154.245,4,13.516,8.76,3.379,46.453,0.500
7,ec.gp.GPIndividual@523091532{-703431181},3C_20_66-02.txt,154.245,1.000,154.245,13,83.891,54.39,6.453,64.797,0.500
7,ec.gp.GPIndividual@523091532{-703431181},3C_20_50-03.txt,30.993,1.000,30.993,4,62.156,200.55,15.539,64.797,0.500
7,ec.gp.GPIndividual@523091532{-703431181},3C_20_66-02.txt,154.245,1.000,154.245,12,193.641,125.54,16.137,64.797,0.500
7,ec.gp.GPIndividual@523091532{-703431181},3C_20_66-03.txt,118.340,1.000,118.340,8,131.531,111.15,16.441,64.797,0.500
7,ec.gp.GPIndividual@523091532{-703431181},3C_20_66-02.txt,154.245,1.000,154.245,7,76.078,49.32,10.868,64.797,0.500
7,ec.gp.GPIndividual@523091532{-703431181},3C_20_66-03.txt,118.340,1.000,118.340,8,114.734,96.95,14.342,64.797,0.500
7,ec.gp.GPIndividual@523091532{-703431181},3C_20_80-01.txt,4.194,1.000,4.194,3,3.281,78.23,1.094,64.797,0.500
7,ec.gp.GPIndividual@523091532{-703431181},3C_20_80-02.txt,35.738,1.000,35.738,6,48.016,134.35,8.003,64.797,0.500
7,ec.gp.GPIndividual@523091532{-703431181},3C_20_66-02.txt,154.245,1.000,154.245,7,145.000,94.01,20.714,64.797,0.500
7,ec.gp.GPIndividual@523091532{-703431181},3C_20_80-01.txt,4.194,1.000,4.194,5,4.266,101.70,0.853,64.797,0.156
7,ec.gp.GPIndividual@523091532{-703431181},3C_20_80-02.txt,35.738,1.000,35.738,1,0.672,1.88,0.672,64.797,0.156
7,ec.gp.GPIndividual@523091532{-703431181},3C_20_66-03.txt,118.340,1.000,118.340,10,97.109,82.06,9.711,64.797,0.156
7,ec.gp.GPIndividual@523091532{-703431181},3C_20_66-01.txt,7.322,1.000,7.322,7,7.016,95.81,1.002,64.797,0.156
7,ec.gp.GPIndividual@523091532{-703431181},3C_20_66-02.txt,154.245,1.000,154.245,5,145.250,94.17,29.050,64.797,0.156
7,ec.gp.GPIndividual@523091532{-703431181},3C_20_66-03.txt,118.340,1.000,118.340,8,92.813,78.43,11.602,64.797,0.156
7,ec.gp.GPIndividual@523091532{-703431181},3C_20_66-03.txt,118.340,1.000,118.340,5,68.578,57.95,13.716,64.797,0.156
7,ec.gp.GPIndividual@523091532{-703431181},3C_20_80-03.txt,169.439,1.000,169.439,1,32.297,19.06,32.297,64.797,0.156
7,ec.gp.GPIndividual@523091532{-703431181},3C_20_80-03.txt,169.439,1.000,169.439,4,88.828,52.42,22.207,64.797,0.156
7,ec.gp.GPIndividual@523091532{-703431181},3C_20_66-03.txt,118.340,1.000,118.340,6,107.969,91.24,17.995,64.797,0.156
7,ec.gp.GPIndividual@523091532{-703431181},3C_20_80-01.txt,4.194,1.000,4.194,1,43.656,1040.80,43.656,64.797,0.156
7,ec.gp.GPIndividual@523091532{-703431181},3C_20_80-01.txt,4.194,1.000,4.194,4,4.297,102.44,1.074,64.797,0.156
7,ec.gp.GPIndividual@523091532{-703431181},3C_20_80-02.txt,35.738,1.000,35.738,1,0.672,1.88,0.672,64.797,0.156
7,ec.gp.GPIndividual@523091532{-703431181},3C_20_80-02.txt,35.738,1.000,35.738,5,35.578,99.55,7.116,64.797,0.156
7,ec.gp.GPIndividual@523091532{-703431181},3C_20_80-01.txt,4.194,1.000,4.194,3,31.875,759.93,10.625,64.797,0.156
7,ec.gp.GPIndividual@523091532{-703431181},3C_20_80-01.txt,4.194,1.000,4.194,5,5.281,125.91,1.056,64.797,0.156
7,ec.gp.GPIndividual@523091532{-703431181},3C_20_80-02.txt,35.738,1.000,35.738,3,2.813,7.87,0.938,64.797,0.156
7,ec.gp.GPIndividual@523091532{-703431181},3C_20_80-02.txt,35.738,1.000,35.738,5,72.578,203.08,14.516,65.250,0.156
7,ec.gp.GPIndividual@1659870818{1467725840},3C_20_50-02.txt,61.404,1.000,61.404,2,64.219,104.58,32.109,62.781,1.438
7,ec.gp.GPIndividual@116373113{1685875678},3C_20_50-02.txt,61.404,1.000,61.404,2,2.250,3.66,1.125,1.766,0.484
7,ec.gp.GPIndividual@116373113{1685875678},3C_20_50-03.txt,30.993,1.000,30.993,10,16.500,53.24,1.650,4.563,0.391
7,ec.gp.GPIndividual@116373113{1685875678},3C_20_66-01.txt,7.322,1.000,7.322,5,7.266,99.23,1.453,4.563,0.172
7,ec.gp.GPIndividual@116373113{1685875678},3C_20_80-03.txt,169.439,1.000,169.439,1,1.000,0.59,1.000,4.563,0.172
7,ec.gp.GPIndividual@116373113{1685875678},3C_20_66-02.txt,154.245,1.000,154.245,3,5.047,3.27,1.682,4.563,0.172
7,ec.gp.GPIndividual@116373113{1685875678},3C_20_66-03.txt,118.340,1.000,118.340,4,26.750,22.60,6.688,10.641,0.172
7,ec.gp.GPIndividual@116373113{1685875678},3C_20_80-01.txt,4.194,1.000,4.194,1,1.281,30.55,1.281,10.641,0.172
7,ec.gp.GPIndividual@116373113{1685875678},3C_20_80-02.txt,35.738,1.000,35.738,1,2.219,6.21,2.219,10.641,0.172
7,ec.gp.GPIndividual@116373113{1685875678},3C_20_80-03.txt,169.439,1.000,169.439,2,29.828,17.60,14.914,23.891,0.172
7,ec.gp.GPIndividual@1234877088{-134852534},3C_20_50-02.txt,61.404,1.000,61.404,1,0.531,0.87,0.531,0.531,0.531
7,ec.gp.GPIndividual@1234877088{-134852534},3C_20_50-03.txt,30.993,1.000,30.993,1,4.656,15.02,4.656,4.656,0.531
7,ec.gp.GPIndividual@1234877088{-134852534},3C_20_66-01.txt,7.322,1.000,7.322,1,0.922,12.59,0.922,4.656,0.531
7,ec.gp.GPIndividual@1234877088{-134852534},3C_20_66-02.txt,154.245,1.000,154.245,1,2.406,1.56,2.406,4.656,0.531
7,ec.gp.GPIndividual@1234877088{-134852534},3C_20_66-03.txt,118.340,1.000,118.340,1,6.281,5.31,6.281,6.281,0.531
7,ec.gp.GPIndividual@1234877088{-134852534},3C_20_80-01.txt,4.194,1.000,4.194,1,1.438,34.27,1.438,6.281,0.531
7,ec.gp.GPIndividual@1234877088{-134852534},3C_20_80-02.txt,35.738,1.000,35.738,1,2.109,5.90,2.109,6.281,0.531
7,ec.gp.GPIndividual@1234877088{-134852534},3C_20_80-03.txt,169.439,1.000,169.439,1,6.234,3.68,6.234,6.281,0.531
7,ec.gp.GPIndividual@120638902{753425794},3C_20_50-02.txt,61.404,1.000,61.404,0,0.000,0.00,0.000,0.000,0.000
7,ec.gp.GPIndividual@120638902{753425794},3C_20_50-03.txt,30.993,1.000,30.993,0,0.000,0.00,0.000,0.000,0.000
7,ec.gp.GPIndividual@120638902{753425794},3C_20_66-01.txt,7.322,1.000,7.322,0,0.000,0.00,0.000,0.000,0.000
7,ec.gp.GPIndividual@120638902{753425794},3C_20_66-02.txt,154.245,1.000,154.245,0,0.000,0.00,0.000,0.000,0.000
7,ec.gp.GPIndividual@120638902{753425794},3C_20_66-03.txt,118.340,1.000,118.340,0,0.000,0.00,0.000,0.000,0.000
7,ec.gp.GPIndividual@120638902{753425794},3C_20_80-01.txt,4.194,1.000,4.194,0,0.000,0.00,0.000,0.000,0.000
7,ec.gp.GPIndividual@120638902{753425794},3C_20_80-02.txt,35.738,1.000,35.738,0,0.000,0.00,0.000,0.000,0.000
7,ec.gp.GPIndividual@120638902{753425794},3C_20_80-03.txt,169.439,1.000,169.439,0,0.000,0.00,0.000,0.000,0.000
7,ec.gp.GPIndividual@887974976{2104806640},3C_20_50-02.txt,61.404,1.000,61.404,4,53.031,86.36,13.258,49.344,0.281
7,ec.gp.GPIndividual@887974976{2104806640},3C_20_50-03.txt,30.993,1.000,30.993,1,47.438,153.06,47.438,49.344,0.281
7,ec.gp.GPIndividual@1035720252{1208104877},3C_20_50-02.txt,61.404,1.000,61.404,9,9.984,16.26,1.109,3.203,0.234
7,ec.gp.GPIndividual@1035720252{1208104877},3C_20_50-03.txt,30.993,1.000,30.993,5,65.813,212.35,13.163,42.359,0.234
7,ec.gp.GPIndividual@1035720252{1208104877},3C_20_80-03.txt,169.439,1.000,169.439,4,38.000,22.43,9.500,42.359,0.234
7,ec.gp.GPIndividual@1035720252{1208104877},3C_20_50-03.txt,30.993,1.000,30.993,3,76.938,248.24,25.646,65.750,0.234
7,ec.gp.GPIndividual@1198089734{-1031375283},3C_20_50-02.txt,61.404,1.000,61.404,9,52.984,86.29,5.887,20.547,0.438
7,ec.gp.GPIndividual@1198089734{-1031375283},3C_20_66-01.txt,7.322,1.000,7.322,2,9.609,131.24,4.805,20.547,0.438
7,ec.gp.GPIndividual@1198089734{-1031375283},3C_20_66-01.txt,7.322,1.000,7.322,6,7.125,97.31,1.188,20.547,0.438
7,ec.gp.GPIndividual@1198089734{-1031375283},3C_20_66-02.txt,154.245,1.000,154.245,15,183.063,118.68,12.204,62.219,0.438
7,ec.gp.GPIndividual@1198089734{-1031375283},3C_20_66-03.txt,118.340,1.000,118.340,1,2.500,2.11,2.500,62.219,0.438
7,ec.gp.GPIndividual@1198089734{-1031375283},3C_20_66-02.txt,154.245,1.000,154.245,10,121.359,78.68,12.136,62.219,0.438
7,ec.gp.GPIndividual@183481602{1975452402},3C_20_50-02.txt,61.404,1.000,61.404,5,26.344,42.90,5.269,20.328,0.297
7,ec.gp.GPIndividual@183481602{1975452402},3C_20_80-01.txt,4.194,1.000,4.194,1,21.547,513.70,21.547,21.547,0.297
7,ec.gp.GPIndividual@183481602{1975452402},3C_20_50-03.txt,30.993,1.000,30.993,7,34.531,111.42,4.933,22.234,0.297
7,ec.gp.GPIndividual@183481602{1975452402},3C_20_50-03.txt,30.993,1.000,30.993,4,47.125,152.05,11.781,36.375,0.297
7,ec.gp.GPIndividual@183481602{1975452402},3C_20_66-03.txt,118.340,1.000,118.340,3,53.688,45.37,17.896,40.172,0.297
7,ec.gp.GPIndividual@183481602{1975452402},3C_20_66-01.txt,7.322,1.000,7.322,4,7.578,103.50,1.895,40.172,0.297
7,ec.gp.GPIndividual@183481602{1975452402},3C_20_80-01.txt,4.194,1.000,4.194,1,0.422,10.06,0.422,40.172,0.297
7,ec.gp.GPIndividual@183481602{1975452402},3C_20_66-02.txt,154.245,1.000,154.245,1,11.859,7.69,11.859,40.172,0.297
7,ec.gp.GPIndividual@183481602{1975452402},3C_20_80-02.txt,35.738,1.000,35.738,19,38.281,107.12,2.015,40.172,0.297
7,ec.gp.GPIndividual@183481602{1975452402},3C_20_80-03.txt,169.439,1.000,169.439,1,0.734,0.43,0.734,40.172,0.297
7,ec.gp.GPIndividual@183481602{1975452402},3C_20_66-03.txt,118.340,1.000,118.340,9,127.078,107.38,14.120,40.172,0.297
7,ec.gp.GPIndividual@183481602{1975452402},3C_20_80-01.txt,4.194,1.000,4.194,3,3.141,74.88,1.047,40.172,0.297
7,ec.gp.GPIndividual@183481602{1975452402},3C_20_80-02.txt,35.738,1.000,35.738,3,67.500,188.87,22.500,43.625,0.297
7,ec.gp.GPIndividual@183481602{1975452402},3C_20_80-02.txt,35.738,1.000,35.738,4,45.547,127.45,11.387,43.625,0.297
7,ec.gp.GPIndividual@1635998832{-1139702375},3C_20_50-02.txt,61.404,1.000,61.404,8,20.109,32.75,2.514,8.797,0.281
7,ec.gp.GPIndividual@1635998832{-1139702375},3C_20_66-01.txt,7.322,1.000,7.322,6,8.047,109.90,1.341,8.797,0.281
7,ec.gp.GPIndividual@1635998832{-1139702375},3C_20_50-03.txt,30.993,1.000,30.993,1,1.016,3.28,1.016,8.797,0.281
7,ec.gp.GPIndividual@1635998832{-1139702375},3C_20_66-02.txt,154.245,1.000,154.245,7,52.641,34.13,7.520,20.188,0.281
7,ec.gp.GPIndividual@1635998832{-1139702375},3C_20_66-01.txt,7.322,1.000,7.322,2,8.453,115.45,4.227,20.188,0.281
7,ec.gp.GPIndividual@1635998832{-1139702375},3C_20_66-01.txt,7.322,1.000,7.322,7,6.938,94.75,0.991,20.188,0.281
7,ec.gp.GPIndividual@1635998832{-1139702375},3C_20_66-02.txt,154.245,1.000,154.245,11,136.516,88.51,12.411,61.563,0.281
7,ec.gp.GPIndividual@1635998832{-1139702375},3C_20_80-03.txt,169.439,1.000,169.439,2,83.984,49.57,41.992,61.563,0.281
7,ec.gp.GPIndividual@1635998832{-1139702375},3C_20_80-03.txt,169.439,1.000,169.439,7,171.016,100.93,24.431,61.563,0.281
7,ec.gp.GPIndividual@1635998832{-1139702375},3C_20_66-02.txt,154.245,1.000,154.245,3,48.609,31.51,16.203,61.563,0.281
7,ec.gp.GPIndividual@1635998832{-1139702375},3C_20_66-03.txt,118.340,1.000,118.340,1,12.641,10.68,12.641,61.563,0.281
7,ec.gp.GPIndividual@1635998832{-1139702375},3C_20_66-03.txt,118.340,1.000,118.340,7,142.813,120.68,20.402,65.875,0.281
7,ec.gp.GPIndividual@1574986840{-778545400},3C_20_50-02.txt,61.404,1.000,61.404,6,25.734,41.91,4.289,15.906,0.297
7,ec.gp.GPIndividual@1795285221{366095507},3C_20_50-02.txt,61.404,1.000,61.404,6,50.578,82.37,8.430,23.344,0.438
7,ec.gp.GPIndividual@1795285221{366095507},3C_20_50-03.txt,30.993,1.000,30.993,1,35.047,113.08,35.047,35.047,0.438
7,ec.gp.GPIndividual@1795285221{366095507},3C_20_66-03.txt,118.340,1.000,118.340,9,104.438,88.25,11.604,35.047,0.438
7,ec.gp.GPIndividual@1795285221{366095507},3C_20_66-01.txt,7.322,1.000,7.322,2,13.281,181.38,6.641,35.047,0.438
7,ec.gp.GPIndividual@1795285221{366095507},3C_20_50-03.txt,30.993,1.000,30.993,5,51.422,165.92,10.284,35.047,0.438
7,ec.gp.GPIndividual@1795285221{366095507},3C_20_80-01.txt,4.194,1.000,4.194,4,3.750,89.40,0.938,35.047,0.297
7,ec.gp.GPIndividual@1795285221{366095507},3C_20_80-02.txt,35.738,1.000,35.738,1,1.031,2.89,1.031,35.047,0.297
7,ec.gp.GPIndividual@1795285221{366095507},3C_20_80-01.txt,4.194,1.000,4.194,1,32.063,764.40,32.063,35.047,0.297
7,ec.gp.GPIndividual@1795285221{366095507},3C_20_80-01.txt,4.194,1.000,4.194,5,4.125,98.34,0.825,35.047,0.141
7,ec.gp.GPIndividual@1795285221{366095507},3C_20_80-02.txt,35.738,1.000,35.738,12,30.219,84.56,2.518,35.047,0.141
7,ec.gp.GPIndividual@1795285221{366095507},3C_20_66-02.txt,154.245,1.000,154.245,15,195.781,126.93,13.052,58.531,0.141
7,ec.gp.GPIndividual@1795285221{366095507},3C_20_80-03.txt,169.439,1.000,169.439,5,147.250,86.90,29.450,61.234,0.141
7,ec.gp.GPIndividual@1795285221{366095507},3C_20_66-03.txt,118.340,1.000,118.340,8,121.797,102.92,15.225,61.234,0.141
7,ec.gp.GPIndividual@1795285221{366095507},3C_20_80-02.txt,35.738,1.000,35.738,1,41.453,115.99,41.453,61.234,0.141
7,ec.gp.GPIndividual@543222732{-1911392045},3C_20_50-02.txt,61.404,1.000,61.404,10,26.750,43.56,2.675,14.078,0.281
7,ec.gp.GPIndividual@543222732{-1911392045},3C_20_80-03.txt,169.439,1.000,169.439,1,32.844,19.38,32.844,32.844,0.281
7,ec.gp.GPIndividual@543222732{-1911392045},3C_20_66-01.txt,7.322,1.000,7.322,1,31.531,430.63,31.531,32.844,0.281
7,ec.gp.GPIndividual@543222732{-1911392045},3C_20_80-01.txt,4.194,1.000,4.194,1,4.547,108.40,4.547,32.844,0.281
7,ec.gp.GPIndividual@87561441{122479209},3C_20_50-02.txt,61.404,1.000,61.404,17,61.328,99.88,3.608,20.547,0.281
7,ec.gp.GPIndividual@87561441{122479209},3C_20_80-02.txt,35.738,1.000,35.738,1,0.875,2.45,0.875,20.547,0.281
7,ec.gp.GPIndividual@87561441{122479209},3C_20_80-03.txt,169.439,1.000,169.439,9,59.016,34.83,6.557,20.547,0.281
7,ec.gp.GPIndividual@87561441{122479209},3C_20_50-03.txt,30.993,1.000,30.993,4,18.203,58.73,4.551,20.547,0.281
7,ec.gp.GPIndividual@87561441{122479209},3C_20_66-01.txt,7.322,1.000,7.322,5,5.422,74.05,1.084,20.547,0.281
7,ec.gp.GPIndividual@87561441{122479209},3C_20_66-02.txt,154.245,1.000,154.245,7,98.375,63.78,14.054,59.625,0.281
7,ec.gp.GPIndividual@87561441{122479209},3C_20_50-03.txt,30.993,1.000,30.993,1,63.906,206.20,63.906,63.906,0.281
7,ec.gp.GPIndividual@1778441423{-426534394},3C_20_50-02.txt,61.404,1.000,61.404,2,63.672,103.69,31.836,63.250,0.422
7,ec.gp.GPIndividual@1778441423{-426534394},3C_20_80-03.txt,169.439,1.000,169.439,12,150.734,88.96,12.561,63.250,0.422
7,ec.gp.GPIndividual@1593711453{-951619764},3C_20_50-02.txt,61.404,1.000,61.404,1,0.281,0.46,0.281,0.281,0.281
7,ec.gp.GPIndividual@1593711453{-951619764},3C_20_50-03.txt,30.993,1.000,30.993,1,34.578,111.57,34.578,34.578,0.281
7,ec.gp.GPIndividual@1593711453{-951619764},3C_20_66-02.txt,154.245,1.000,154.245,1,3.547,2.30,3.547,34.578,0.281
7,ec.gp.GPIndividual@1593711453{-951619764},3C_20_66-01.txt,7.322,1.000,7.322,2,2.656,36.28,1.328,34.578,0.281
7,ec.gp.GPIndividual@1593711453{-951619764},3C_20_66-02.txt,154.245,1.000,154.245,3,3.938,2.55,1.313,34.578,0.281
7,ec.gp.GPIndividual@1593711453{-951619764},3C_20_66-03.txt,118.340,1.000,118.340,5,77.359,65.37,15.472,49.656,0.281
7,ec.gp.GPIndividual@1593711453{-951619764},3C_20_80-01.txt,4.194,1.000,4.194,1,52.156,1243.45,52.156,52.156,0.281
7,ec.gp.GPIndividual@1593711453{-951619764},3C_20_66-03.txt,118.340,1.000,118.340,1,1.047,0.88,1.047,52.156,0.281
7,ec.gp.GPIndividual@1593711453{-951619764},3C_20_80-02.txt,35.738,1.000,35.738,1,1.688,4.72,1.688,52.156,0.281
7,ec.gp.GPIndividual@1593711453{-951619764},3C_20_80-03.txt,169.439,1.000,169.439,2,8.422,4.97,4.211,52.156,0.281
7,ec.gp.GPIndividual@397595550{-1836869955},3C_20_50-02.txt,61.404,1.000,61.404,8,45.516,74.12,5.689,18.672,0.281
7,ec.gp.GPIndividual@397595550{-1836869955},3C_20_50-03.txt,30.993,1.000,30.993,2,36.203,116.81,18.102,18.672,0.281
7,ec.gp.GPIndividual@397595550{-1836869955},3C_20_50-03.txt,30.993,1.000,30.993,1,35.500,114.54,35.500,35.500,0.281
7,ec.gp.GPIndividual@397595550{-1836869955},3C_20_66-03.txt,118.340,1.000,118.340,3,12.344,10.43,4.115,35.500,0.281
7,ec.gp.GPIndividual@397595550{-1836869955},3C_20_80-01.txt,4.194,1.000,4.194,1,5.203,124.05,5.203,35.500,0.281
7,ec.gp.GPIndividual@397595550{-1836869955},3C_20_80-01.txt,4.194,1.000,4.194,2,39.344,937.99,19.672,38.469,0.281
7,ec.gp.GPIndividual@397595550{-1836869955},3C_20_66-01.txt,7.322,1.000,7.322,4,7.219,98.59,1.805,38.469,0.141
7,ec.gp.GPIndividual@397595550{-1836869955},3C_20_80-02.txt,35.738,1.000,35.738,3,2.906,8.13,0.969,38.469,0.141
7,ec.gp.GPIndividual@397595550{-1836869955},3C_20_80-02.txt,35.738,1.000,35.738,16,36.625,102.48,2.289,38.469,0.141
7,ec.gp.GPIndividual@397595550{-1836869955},3C_20_66-01.txt,7.322,1.000,7.322,3,11.672,159.40,3.891,38.469,0.141
7,ec.gp.GPIndividual@397595550{-1836869955},3C_20_66-02.txt,154.245,1.000,154.245,4,15.188,9.85,3.797,38.469,0.141
7,ec.gp.GPIndividual@397595550{-1836869955},3C_20_80-03.txt,169.439,1.000,169.439,14,169.906,100.28,12.136,58.172,0.141
7,ec.gp.GPIndividual@397595550{-1836869955},3C_20_80-03.txt,169.439,1.000,169.439,4,121.984,71.99,30.496,60.531,0.141
7,ec.gp.GPIndividual@1394876367{-366113959},3C_20_50-02.txt,61.404,1.000,61.404,6,61.031,99.39,10.172,51.359,0.438
7,ec.gp.GPIndividual@1394876367{-366113959},3C_20_66-01.txt,7.322,1.000,7.322,2,2.203,30.09,1.102,51.359,0.438
7,ec.gp.GPIndividual@1394876367{-366113959},3C_20_50-03.txt,30.993,1.000,30.993,7,53.172,171.56,7.596,51.359,0.438
7,ec.gp.GPIndividual@1394876367{-366113959},3C_20_66-03.txt,118.340,1.000,118.340,2,10.094,8.53,5.047,51.359,0.438
7,ec.gp.GPIndividual@1394876367{-366113959},3C_20_66-01.txt,7.322,1.000,7.322,4,8.422,115.02,2.105,51.359,0.438
7,ec.gp.GPIndividual@1394876367{-366113959},3C_20_80-01.txt,4.194,1.000,4.194,1,1.656,39.49,1.656,51.359,0.438
7,ec.gp.GPIndividual@1394876367{-366113959},3C_20_66-02.txt,154.245,1.000,154.245,14,160.984,104.37,11.499,65.922,0.438
7,ec.gp.GPIndividual@1394876367{-366113959},3C_20_66-02.txt,154.245,1.000,154.245,6,17.875,11.59,2.979,65.922,0.438
7,ec.gp.GPIndividual@19630049{-1138468102},3C_20_50-02.txt,61.404,1.000,61.404,6,79.297,129.14,13.216,37.469,0.438
7,ec.gp.GPIndividual@19630049{-1138468102},3C_20_66-02.txt,154.245,1.000,154.245,1,9.703,6.29,9.703,37.469,0.438
7,ec.gp.GPIndividual@19630049{-1138468102},3C_20_66-03.txt,118.340,1.000,118.340,13,117.219,99.05,9.017,54.891,0.438
7,ec.gp.GPIndividual@19630049{-1138468102},3C_20_66-03.txt,118.340,1.000,118.340,6,140.797,118.98,23.466,54.891,0.438
7,ec.gp.GPIndividual@19630049{-1138468102},3C_20_80-01.txt,4.194,1.000,4.194,2,2.453,58.48,1.227,54.891,0.438
7,ec.gp.GPIndividual@19630049{-1138468102},3C_20_80-02.txt,35.738,1.000,35.738,2,7.984,22.34,3.992,54.891,0.438
7,ec.gp.GPIndividual@19630049{-1138468102},3C_20_50-03.txt,30.993,1.000,30.993,7,23.172,74.77,3.310,54.891,0.438
7,ec.gp.GPIndividual@19630049{-1138468102},3C_20_80-03.txt,169.439,1.000,169.439,5,114.078,67.33,22.816,54.891,0.438
7,ec.gp.GPIndividual@19630049{-1138468102},3C_20_80-02.txt,35.738,1.000,35.738,9,33.828,94.66,3.759,54.891,0.438
7,ec.gp.GPIndividual@19630049{-1138468102},3C_20_80-03.txt,169.439,1.000,169.439,5,130.500,77.02,26.100,54.891,0.438
7,ec.gp.GPIndividual@1131448268{-1460637207},3C_20_50-02.txt,61.404,1.000,61.404,7,57.781,94.10,8.254,44.609,0.438
7,ec.gp.GPIndividual@1131448268{-1460637207},3C_20_66-01.txt,7.322,1.000,7.322,5,41.281,563.78,8.256,44.609,0.438
7,ec.gp.GPIndividual@1131448268{-1460637207},3C_20_80-01.txt,4.194,1.000,4.194,2,53.922,1285.54,26.961,52.563,0.438
7,ec.gp.GPIndividual@1131448268{-1460637207},3C_20_66-03.txt,118.340,1.000,118.340,13,116.531,98.47,8.964,64.172,0.438
7,ec.gp.GPIndividual@455474397{1295570354},3C_20_50-02.txt,61.404,1.000,61.404,1,0.000,0.00,0.000,0.000,0.000
7,ec.gp.GPIndividual@455474397{1295570354},3C_20_50-03.txt,30.993,1.000,30.993,1,0.000,0.00,0.000,0.000,0.000
7,ec.gp.GPIndividual@455474397{1295570354},3C_20_66-01.txt,7.322,1.000,7.322,1,0.000,0.00,0.000,0.000,0.000
7,ec.gp.GPIndividual@455474397{1295570354},3C_20_66-02.txt,154.245,1.000,154.245,1,0.000,0.00,0.000,0.000,0.000
7,ec.gp.GPIndividual@455474397{1295570354},3C_20_66-03.txt,118.340,1.000,118.340,1,0.000,0.00,0.000,0.000,0.000
7,ec.gp.GPIndividual@455474397{1295570354},3C_20_80-01.txt,4.194,1.000,4.194,1,0.000,0.00,0.000,0.000,0.000
7,ec.gp.GPIndividual@455474397{1295570354},3C_20_80-02.txt,35.738,1.000,35.738,1,0.000,0.00,0.000,0.000,0.000
7,ec.gp.GPIndividual@455474397{1295570354},3C_20_80-03.txt,169.439,1.000,169.439,1,0.000,0.00,0.000,0.000,0.000
7,ec.gp.GPIndividual@960295934{-114069876},3C_20_50-02.txt,61.404,1.000,61.404,0,0.000,0.00,0.000,0.000,0.000
7,ec.gp.GPIndividual@960295934{-114069876},3C_20_50-03.txt,30.993,1.000,30.993,0,0.000,0.00,0.000,0.000,0.000
7,ec.gp.GPIndividual@960295934{-114069876},3C_20_66-01.txt,7.322,1.000,7.322,0,0.000,0.00,0.000,0.000,0.000
7,ec.gp.GPIndividual@960295934{-114069876},3C_20_66-02.txt,154.245,1.000,154.245,0,0.000,0.00,0.000,0.000,0.000
7,ec.gp.GPIndividual@960295934{-114069876},3C_20_66-03.txt,118.340,1.000,118.340,0,0.000,0.00,0.000,0.000,0.000
7,ec.gp.GPIndividual@960295934{-114069876},3C_20_80-01.txt,4.194,1.000,4.194,0,0.000,0.00,0.000,0.000,0.000
7,ec.gp.GPIndividual@960295934{-114069876},3C_20_80-02.txt,35.738,1.000,35.738,0,0.000,0.00,0.000,0.000,0.000
7,ec.gp.GPIndividual@960295934{-114069876},3C_20_80-03.txt,169.439,1.000,169.439,0,0.000,0.00,0.000,0.000,0.000
7,ec.gp.GPIndividual@1809637700{1290174699},3C_20_50-02.txt,61.404,1.000,61.404,11,95.266,155.14,8.661,47.656,0.188
7,ec.gp.GPIndividual@1809637700{1290174699},3C_20_66-03.txt,118.340,1.000,118.340,1,7.031,5.94,7.031,47.656,0.188
7,ec.gp.GPIndividual@1809637700{1290174699},3C_20_66-02.txt,154.245,1.000,154.245,16,150.828,97.78,9.427,47.797,0.188
7,ec.gp.GPIndividual@1809637700{1290174699},3C_20_66-03.txt,118.340,1.000,118.340,1,59.531,50.31,59.531,59.531,0.188
7,ec.gp.GPIndividual@1809637700{1290174699},3C_20_80-03.txt,169.439,1.000,169.439,9,217.875,128.59,24.208,59.531,0.188
7,ec.gp.GPIndividual@1960574306{1734128104},3C_20_50-02.txt,61.404,1.000,61.404,2,61.750,100.56,30.875,61.406,0.344
7,ec.gp.GPIndividual@1960574306{1734128104},3C_20_50-03.txt,30.993,1.000,30.993,7,29.359,94.73,4.194,61.406,0.344
7,ec.gp.GPIndividual@1960574306{1734128104},3C_20_80-01.txt,4.194,1.000,4.194,2,4.875,116.22,2.438,61.406,0.344
7,ec.gp.GPIndividual@1960574306{1734128104},3C_20_66-01.txt,7.322,1.000,7.322,7,7.391,100.93,1.056,61.406,0.344
7,ec.gp.GPIndividual@1960574306{1734128104},3C_20_80-02.txt,35.738,1.000,35.738,9,28.547,79.88,3.172,61.406,0.313
7,ec.gp.GPIndividual@1960574306{1734128104},3C_20_80-01.txt,4.194,1.000,4.194,2,6.469,154.22,3.234,61.406,0.313
7,ec.gp.GPIndividual@1960574306{1734128104},3C_20_80-03.txt,169.439,1.000,169.439,14,188.969,111.53,13.498,61.406,0.313
7,ec.gp.GPIndividual@1960574306{1734128104},3C_20_80-02.txt,35.738,1.000,35.738,5,64.078,179.30,12.816,61.406,0.313
7,ec.gp.GPIndividual@222415376{-12770252},3C_20_50-02.txt,61.404,1.000,61.404,9,67.859,110.51,7.540,23.563,0.219
7,ec.gp.GPIndividual@222415376{-12770252},3C_20_66-02.txt,154.245,1.000,154.245,5,24.203,15.69,4.841,23.563,0.219
7,ec.gp.GPIndividual@222415376{-12770252},3C_20_50-03.txt,30.993,1.000,30.993,5,30.672,98.97,6.134,24.125,0.219
7,ec.gp.GPIndividual@222415376{-12770252},3C_20_80-03.txt,169.439,1.000,169.439,12,208.250,122.91,17.354,65.203,0.219
7,ec.gp.GPIndividual@1327857906{1801349340},3C_20_50-02.txt,61.404,1.000,61.404,7,96.016,156.37,13.717,55.250,0.219
7,ec.gp.GPIndividual@1327857906{1801349340},3C_20_66-01.txt,7.322,1.000,7.322,3,9.875,134.86,3.292,55.250,0.219
7,ec.gp.GPIndividual@1327857906{1801349340},3C_20_66-03.txt,118.340,1.000,118.340,2,15.344,12.97,7.672,55.250,0.219
7,ec.gp.GPIndividual@1327857906{1801349340},3C_20_50-03.txt,30.993,1.000,30.993,8,31.844,102.75,3.980,55.250,0.219
7,ec.gp.GPIndividual@1327857906{1801349340},3C_20_80-01.txt,4.194,1.000,4.194,2,7.922,188.86,3.961,55.250,0.219
7,ec.gp.GPIndividual@1327857906{1801349340},3C_20_50-03.txt,30.993,1.000,30.993,10,32.422,104.61,3.242,55.250,0.219
7,ec.gp.GPIndividual@1327857906{1801349340},3C_20_66-01.txt,7.322,1.000,7.322,5,10.016,136.78,2.003,55.250,0.219
7,ec.gp.GPIndividual@1327857906{1801349340},3C_20_66-02.txt,154.245,1.000,154.245,3,4.328,2.81,1.443,55.250,0.219
7,ec.gp.GPIndividual@1327857906{1801349340},3C_20_66-01.txt,7.322,1.000,7.322,9,9.219,125.90,1.024,55.250,0.219
7,ec.gp.GPIndividual@1327857906{1801349340},3C_20_66-02.txt,154.245,1.000,154.245,2,1.406,0.91,0.703,55.250,0.219
7,ec.gp.GPIndividual@1327857906{1801349340},3C_20_66-02.txt,154.245,1.000,154.245,20,153.000,99.19,7.650,55.250,0.219
7,ec.gp.GPIndividual@1327857906{1801349340},3C_20_66-03.txt,118.340,1.000,118.340,1,60.781,51.36,60.781,60.781,0.219
7,ec.gp.GPIndividual@1327857906{1801349340},3C_20_80-02.txt,35.738,1.000,35.738,9,38.703,108.30,4.300,60.781,0.219
7,ec.gp.GPIndividual@1327857906{1801349340},3C_20_66-03.txt,118.340,1.000,118.340,1,7.047,5.95,7.047,60.781,0.219
7,ec.gp.GPIndividual@1327857906{1801349340},3C_20_66-03.txt,118.340,1.000,118.340,11,116.531,98.47,10.594,60.781,0.219
7,ec.gp.GPIndividual@1327857906{1801349340},3C_20_80-01.txt,4.194,1.000,4.194,5,3.906,93.13,0.781,60.781,0.219
7,ec.gp.GPIndividual@1327857906{1801349340},3C_20_80-02.txt,35.738,1.000,35.738,5,48.656,136.15,9.731,60.781,0.219
7,ec.gp.GPIndividual@1327857906{1801349340},3C_20_80-03.txt,169.439,1.000,169.439,8,168.297,99.33,21.037,61.938,0.219
7,ec.gp.GPIndividual@1327857906{1801349340},3C_20_80-03.txt,169.439,1.000,169.439,5,144.641,85.36,28.928,61.938,0.219
7,ec.gp.GPIndividual@1327857906{1801349340},3C_20_80-01.txt,4.194,1.000,4.194,5,3.688,87.91,0.738,61.938,0.219
7,ec.gp.GPIndividual@1327857906{1801349340},3C_20_80-02.txt,35.738,1.000,35.738,6,36.563,102.31,6.094,61.938,0.219
7,ec.gp.GPIndividual@1327857906{1801349340},3C_20_80-01.txt,4.194,1.000,4.194,5,3.781,90.15,0.756,61.938,0.219
7,ec.gp.GPIndividual@1327857906{1801349340},3C_20_80-02.txt,35.738,1.000,35.738,6,59.641,166.88,9.940,61.938,0.219
7,ec.gp.GPIndividual@709330181{1683631316},3C_20_50-02.txt,61.404,1.000,61.404,5,28.563,46.52,5.713,26.391,0.094
7,ec.gp.GPIndividual@1994848703{2139806286},3C_20_50-02.txt,61.404,1.000,61.404,1,0.094,0.15,0.094,0.094,0.094
7,ec.gp.GPIndividual@1994848703{2139806286},3C_20_50-03.txt,30.993,1.000,30.993,1,1.281,4.13,1.281,1.281,0.094
7,ec.gp.GPIndividual@1994848703{2139806286},3C_20_66-01.txt,7.322,1.000,7.322,1,0.281,3.84,0.281,1.281,0.094
7,ec.gp.GPIndividual@1994848703{2139806286},3C_20_66-02.txt,154.245,1.000,154.245,1,0.484,0.31,0.484,1.281,0.094
7,ec.gp.GPIndividual@1994848703{2139806286},3C_20_66-03.txt,118.340,1.000,118.340,1,1.656,1.40,1.656,1.656,0.094
7,ec.gp.GPIndividual@1994848703{2139806286},3C_20_80-01.txt,4.194,1.000,4.194,1,0.297,7.08,0.297,1.656,0.094
7,ec.gp.GPIndividual@1994848703{2139806286},3C_20_80-02.txt,35.738,1.000,35.738,1,0.547,1.53,0.547,1.656,0.094
7,ec.gp.GPIndividual@1994848703{2139806286},3C_20_80-03.txt,169.439,1.000,169.439,1,1.438,0.85,1.438,1.656,0.094
7,ec.gp.GPIndividual@72173539{-1673199646},3C_20_50-02.txt,61.404,1.000,61.404,9,50.625,82.45,5.625,20.047,0.031
7,ec.gp.GPIndividual@72173539{-1673199646},3C_20_50-03.txt,30.993,1.000,30.993,7,25.578,82.53,3.654,20.047,0.031
7,ec.gp.GPIndividual@72173539{-1673199646},3C_20_66-01.txt,7.322,1.000,7.322,7,5.922,80.88,0.846,20.047,0.031
7,ec.gp.GPIndividual@72173539{-1673199646},3C_20_66-02.txt,154.245,1.000,154.245,11,127.031,82.36,11.548,50.422,0.031
7,ec.gp.GPIndividual@72173539{-1673199646},3C_20_66-03.txt,118.340,1.000,118.340,7,87.844,74.23,12.549,50.422,0.031
7,ec.gp.GPIndividual@72173539{-1673199646},3C_20_80-01.txt,4.194,1.000,4.194,9,3.672,87.54,0.408,50.422,0.031
7,ec.gp.GPIndividual@72173539{-1673199646},3C_20_80-02.txt,35.738,1.000,35.738,7,23.297,65.19,3.328,50.422,0.031
7,ec.gp.GPIndividual@72173539{-1673199646},3C_20_80-03.txt,169.439,1.000,169.439,3,108.734,64.17,36.245,67.484,0.031
8,ec.gp.GPIndividual@1309410942{1894720900},3C_20_50-02.txt,61.404,1.000,61.404,26,52.828,86.03,2.032,5.766,0.000
8,ec.gp.GPIndividual@1309410942{1894720900},3C_20_50-03.txt,30.993,1.000,30.993,2,15.453,49.86,7.727,8.281,0.000
8,ec.gp.GPIndividual@1309410942{1894720900},3C_20_50-03.txt,30.993,1.000,30.993,3,25.188,81.27,8.396,10.844,0.000
8,ec.gp.GPIndividual@1309410942{1894720900},3C_20_50-03.txt,30.993,1.000,30.993,5,30.781,99.32,6.156,11.891,0.000
8,ec.gp.GPIndividual@1309410942{1894720900},3C_20_50-03.txt,30.993,1.000,30.993,1,6.766,21.83,6.766,11.891,0.000
8,ec.gp.GPIndividual@1309410942{1894720900},3C_20_66-01.txt,7.322,1.000,7.322,1,8.625,117.79,8.625,11.891,0.000
8,ec.gp.GPIndividual@1309410942{1894720900},3C_20_50-03.txt,30.993,1.000,30.993,2,6.953,22.43,3.477,11.891,0.000
8,ec.gp.GPIndividual@1309410942{1894720900},3C_20_66-01.txt,7.322,1.000,7.322,1,7.672,104.78,7.672,11.891,0.000
8,ec.gp.GPIndividual@1309410942{1894720900},3C_20_50-03.txt,30.993,1.000,30.993,1,4.141,13.36,4.141,11.891,0.000
8,ec.gp.GPIndividual@1309410942{1894720900},3C_20_66-01.txt,7.322,1.000,7.322,5,8.922,121.85,1.784,11.891,0.000
8,ec.gp.GPIndividual@1309410942{1894720900},3C_20_66-01.txt,7.322,1.000,7.322,2,2.469,33.72,1.234,11.891,0.000
8,ec.gp.GPIndividual@1309410942{1894720900},3C_20_66-02.txt,154.245,1.000,154.245,1,1.578,1.02,1.578,11.891,0.000
8,ec.gp.GPIndividual@1309410942{1894720900},3C_20_66-02.txt,154.245,1.000,154.245,25,162.844,105.57,6.514,42.656,0.000
8,ec.gp.GPIndividual@1309410942{1894720900},3C_20_66-01.txt,7.322,1.000,7.322,2,43.125,588.96,21.563,42.656,0.000
8,ec.gp.GPIndividual@1309410942{1894720900},3C_20_66-02.txt,154.245,1.000,154.245,7,59.516,38.59,8.502,43.141,0.000
8,ec.gp.GPIndividual@1309410942{1894720900},3C_20_66-03.txt,118.340,1.000,118.340,4,53.344,45.08,13.336,43.984,0.000
8,ec.gp.GPIndividual@1309410942{1894720900},3C_20_66-02.txt,154.245,1.000,154.245,10,51.250,33.23,5.125,43.984,0.000
8,ec.gp.GPIndividual@1309410942{1894720900},3C_20_66-03.txt,118.340,1.000,118.340,6,143.547,121.30,23.924,45.109,0.000
8,ec.gp.GPIndividual@1309410942{1894720900},3C_20_66-03.txt,118.340,1.000,118.340,4,119.500,100.98,29.875,55.250,0.000
8,ec.gp.GPIndividual@1309410942{1894720900},3C_20_80-01.txt,4.194,1.000,4.194,2,3.828,91.27,1.914,55.250,0.000
8,ec.gp.GPIndividual@1309410942{1894720900},3C_20_80-01.txt,4.194,1.000,4.194,1,1.281,30.55,1.281,55.250,0.000
8,ec.gp.GPIndividual@1309410942{1894720900},3C_20_80-02.txt,35.738,1.000,35.738,7,37.109,103.84,5.301,55.250,0.000
8,ec.gp.GPIndividual@1309410942{1894720900},3C_20_66-02.txt,154.245,1.000,154.245,10,61.250,39.71,6.125,55.250,0.000
8,ec.gp.GPIndividual@1309410942{1894720900},3C_20_66-01.txt,7.322,1.000,7.322,2,44.656,609.88,22.328,55.250,0.000
8,ec.gp.GPIndividual@1309410942{1894720900},3C_20_80-01.txt,4.194,1.000,4.194,4,4.359,103.93,1.090,55.250,0.000
8,ec.gp.GPIndividual@1309410942{1894720900},3C_20_80-02.txt,35.738,1.000,35.738,10,33.563,93.91,3.356,55.250,0.000
8,ec.gp.GPIndividual@1309410942{1894720900},3C_20_80-03.txt,169.439,1.000,169.439,7,164.031,96.81,23.433,60.422,0.000
8,ec.gp.GPIndividual@1309410942{1894720900},3C_20_80-02.txt,35.738,1.000,35.738,1,59.672,166.97,59.672,60.422,0.000
8,ec.gp.GPIndividual@1309410942{1894720900},3C_20_80-03.txt,169.439,1.000,169.439,11,176.078,103.92,16.007,60.422,0.000
8,ec.gp.GPIndividual@779720692{-2063556572},3C_20_50-02.txt,61.404,1.000,61.404,5,23.281,37.91,4.656,15.188,0.359
8,ec.gp.GPIndividual@779720692{-2063556572},3C_20_66-03.txt,118.340,1.000,118.340,7,173.922,146.97,24.846,62.984,0.359
8,ec.gp.GPIndividual@1771416312{171922096},3C_20_50-02.txt,61.404,1.000,61.404,1,0.375,0.61,0.375,0.375,0.375
8,ec.gp.GPIndividual@1771416312{171922096},3C_20_50-03.txt,30.993,1.000,30.993,1,62.094,200.35,62.094,62.094,0.375
8,ec.gp.GPIndividual@1771416312{171922096},3C_20_80-03.txt,169.439,1.000,169.439,1,3.094,1.83,3.094,62.094,0.375
8,ec.gp.GPIndividual@1771416312{171922096},3C_20_50-03.txt,30.993,1.000,30.993,2,18.438,59.49,9.219,62.094,0.375
8,ec.gp.GPIndividual@1771416312{171922096},3C_20_66-01.txt,7.322,1.000,7.322,2,9.516,129.96,4.758,62.094,0.375
8,ec.gp.GPIndividual@1771416312{171922096},3C_20_66-01.txt,7.322,1.000,7.322,1,1.203,16.43,1.203,62.094,0.375
8,ec.gp.GPIndividual@1771416312{171922096},3C_20_66-02.txt,154.245,1.000,154.245,1,0.859,0.56,0.859,62.094,0.375
8,ec.gp.GPIndividual@1330491488{-1882456341},3C_20_50-02.txt,61.404,1.000,61.404,4,5.688,9.26,1.422,2.656,0.531
8,ec.gp.GPIndividual@1330491488{-1882456341},3C_20_66-03.txt,118.340,1.000,118.340,2,8.828,7.46,4.414,6.984,0.531
8,ec.gp.GPIndividual@1330491488{-1882456341},3C_20_66-02.txt,154.245,1.000,154.245,5,39.344,25.51,7.869,31.406,0.531
8,ec.gp.GPIndividual@1330491488{-1882456341},3C_20_66-03.txt,118.340,1.000,118.340,3,10.766,9.10,3.589,31.406,0.531
8,ec.gp.GPIndividual@1330491488{-1882456341},3C_20_80-01.txt,4.194,1.000,4.194,2,31.594,753.22,15.797,31.406,0.531
8,ec.gp.GPIndividual@1330491488{-1882456341},3C_20_80-01.txt,4.194,1.000,4.194,1,1.453,34.64,1.453,31.406,0.531
8,ec.gp.GPIndividual@1330491488{-1882456341},3C_20_80-02.txt,35.738,1.000,35.738,4,6.297,17.62,1.574,31.406,0.531
8,ec.gp.GPIndividual@1330491488{-1882456341},3C_20_80-03.txt,169.439,1.000,169.439,7,25.109,14.82,3.587,31.406,0.531
8,ec.gp.GPIndividual@1575120899{406209893},3C_20_50-02.txt,61.404,1.000,61.404,4,4.891,7.96,1.223,2.375,0.328
8,ec.gp.GPIndividual@1575120899{406209893},3C_20_50-03.txt,30.993,1.000,30.993,7,33.156,106.98,4.737,11.938,0.328
8,ec.gp.GPIndividual@1575120899{406209893},3C_20_80-02.txt,35.738,1.000,35.738,8,59.922,167.67,7.490,42.453,0.328
8,ec.gp.GPIndividual@1575120899{406209893},3C_20_66-02.txt,154.245,1.000,154.245,10,163.797,106.19,16.380,51.531,0.328
8,ec.gp.GPIndividual@1575120899{406209893},3C_20_80-01.txt,4.194,1.000,4.194,3,3.406,81.21,1.135,51.531,0.328
8,ec.gp.GPIndividual@1575120899{406209893},3C_20_80-02.txt,35.738,1.000,35.738,6,52.688,147.43,8.781,51.531,0.328
8,ec.gp.GPIndividual@1575120899{406209893},3C_20_66-01.txt,7.322,1.000,7.322,3,10.453,142.76,3.484,51.531,0.328
8,ec.gp.GPIndividual@1575120899{406209893},3C_20_66-03.txt,118.340,1.000,118.340,9,52.516,44.38,5.835,51.531,0.328
8,ec.gp.GPIndividual@1575120899{406209893},3C_20_80-03.txt,169.439,1.000,169.439,32,188.781,111.42,5.899,51.531,0.328
8,ec.gp.GPIndividual@1575120899{406209893},3C_20_50-03.txt,30.993,1.000,30.993,1,45.906,148.12,45.906,51.531,0.328
8,ec.gp.GPIndividual@1575120899{406209893},3C_20_80-03.txt,169.439,1.000,169.439,6,16.500,9.74,2.750,51.531,0.328
8,ec.gp.GPIndividual@1326953790{-1487680977},3C_20_50-02.txt,61.404,1.000,61.404,0,0.000,0.00,0.000,0.000,0.000
8,ec.gp.GPIndividual@1326953790{-1487680977},3C_20_50-03.txt,30.993,1.000,30.993,0,0.000,0.00,0.000,0.000,0.000
8,ec.gp.GPIndividual@1326953790{-1487680977},3C_20_66-01.txt,7.322,1.000,7.322,0,0.000,0.00,0.000,0.000,0.000
8,ec.gp.GPIndividual@1326953790{-1487680977},3C_20_66-02.txt,154.245,1.000,154.245,0,0.000,0.00,0.000,0.000,0.000
8,ec.gp.GPIndividual@1326953790{-1487680977},3C_20_66-03.txt,118.340,1.000,118.340,0,0.000,0.00,0.000,0.000,0.000
8,ec.gp.GPIndividual@1326953790{-1487680977},3C_20_80-01.txt,4.194,1.000,4.194,0,0.000,0.00,0.000,0.000,0.000
8,ec.gp.GPIndividual@1326953790{-1487680977},3C_20_80-02.txt,35.738,1.000,35.738,0,0.000,0.00,0.000,0.000,0.000
8,ec.gp.GPIndividual@1326953790{-1487680977},3C_20_80-03.txt,169.439,1.000,169.439,0,0.000,0.00,0.000,0.000,0.000
8,ec.gp.GPIndividual@589168311{1208104877},3C_20_50-02.txt,61.404,1.000,61.404,9,62.313,101.48,6.924,44.688,0.328
8,ec.gp.GPIndividual@589168311{1208104877},3C_20_66-02.txt,154.245,1.000,154.245,1,0.156,0.10,0.156,44.688,0.156
8,ec.gp.GPIndividual@589168311{1208104877},3C_20_66-03.txt,118.340,1.000,118.340,9,68.266,57.69,7.585,51.344,0.156
8,ec.gp.GPIndividual@589168311{1208104877},3C_20_50-03.txt,30.993,1.000,30.993,11,31.016,100.07,2.820,51.344,0.156
8,ec.gp.GPIndividual@589168311{1208104877},3C_20_80-01.txt,4.194,1.000,4.194,3,5.406,128.89,1.802,51.344,0.156
8,ec.gp.GPIndividual@589168311{1208104877},3C_20_66-01.txt,7.322,1.000,7.322,7,13.328,182.02,1.904,51.344,0.156
8,ec.gp.GPIndividual@589168311{1208104877},3C_20_66-01.txt,7.322,1.000,7.322,10,8.734,119.29,0.873,51.344,0.156
8,ec.gp.GPIndividual@589168311{1208104877},3C_20_66-02.txt,154.245,1.000,154.245,22,174.203,112.94,7.918,51.344,0.156
8,ec.gp.GPIndividual@589168311{1208104877},3C_20_66-03.txt,118.340,1.000,118.340,1,36.531,30.87,36.531,51.344,0.156
8,ec.gp.GPIndividual@589168311{1208104877},3C_20_80-01.txt,4.194,1.000,4.194,2,45.203,1077.68,22.602,51.344,0.156
8,ec.gp.GPIndividual@589168311{1208104877},3C_20_66-02.txt,154.245,1.000,154.245,11,81.391,52.77,7.399,53.266,0.156
8,ec.gp.GPIndividual@2035725852{-145347873},3C_20_50-02.txt,61.404,1.000,61.404,2,4.266,6.95,2.133,3.797,0.469
8,ec.gp.GPIndividual@2035725852{-145347873},3C_20_50-03.txt,30.993,1.000,30.993,5,14.594,47.09,2.919,4.688,0.469
8,ec.gp.GPIndividual@2035725852{-145347873},3C_20_66-01.txt,7.322,1.000,7.322,1,1.094,14.94,1.094,4.688,0.469
8,ec.gp.GPIndividual@2035725852{-145347873},3C_20_66-02.txt,154.245,1.000,154.245,1,19.422,12.59,19.422,19.422,0.469
8,ec.gp.GPIndividual@2035725852{-145347873},3C_20_66-03.txt,118.340,1.000,118.340,1,2.750,2.32,2.750,19.422,0.469
8,ec.gp.GPIndividual@2035725852{-145347873},3C_20_66-03.txt,118.340,1.000,118.340,5,42.453,35.87,8.491,19.422,0.469
8,ec.gp.GPIndividual@2035725852{-145347873},3C_20_80-01.txt,4.194,1.000,4.194,1,1.469,35.02,1.469,19.422,0.469
8,ec.gp.GPIndividual@2035725852{-145347873},3C_20_80-02.txt,35.738,1.000,35.738,1,3.625,10.14,3.625,19.422,0.469
8,ec.gp.GPIndividual@2035725852{-145347873},3C_20_80-01.txt,4.194,1.000,4.194,4,5.578,132.99,1.395,19.422,0.156
8,ec.gp.GPIndividual@2035725852{-145347873},3C_20_80-01.txt,4.194,1.000,4.194,1,2.125,50.66,2.125,19.422,0.156
8,ec.gp.GPIndividual@2035725852{-145347873},3C_20_80-03.txt,169.439,1.000,169.439,6,13.641,8.05,2.273,19.422,0.156
8,ec.gp.GPIndividual@1054806045{-1349033400},3C_20_50-02.txt,61.404,1.000,61.404,10,54.109,88.12,5.411,18.813,0.500
8,ec.gp.GPIndividual@1054806045{-1349033400},3C_20_50-03.txt,30.993,1.000,30.993,1,39.297,126.79,39.297,39.297,0.500
8,ec.gp.GPIndividual@1054806045{-1349033400},3C_20_80-02.txt,35.738,1.000,35.738,1,57.094,159.76,57.094,57.094,0.500
8,ec.gp.GPIndividual@1054806045{-1349033400},3C_20_80-02.txt,35.738,1.000,35.738,2,44.578,124.74,22.289,57.094,0.500
8,ec.gp.GPIndividual@1054806045{-1349033400},3C_20_66-03.txt,118.340,1.000,118.340,16,122.672,103.66,7.667,65.203,0.500
8,ec.gp.GPIndividual@1054806045{-1349033400},3C_20_80-02.txt,35.738,1.000,35.738,8,35.828,100.25,4.479,65.203,0.156
8,ec.gp.GPIndividual@1054806045{-1349033400},3C_20_80-03.txt,169.439,1.000,169.439,2,37.250,21.98,18.625,65.203,0.156
8,ec.gp.GPIndividual@1054806045{-1349033400},3C_20_80-02.txt,35.738,1.000,35.738,2,35.859,100.34,17.930,65.203,0.156
8,ec.gp.GPIndividual@1054806045{-1349033400},3C_20_80-03.txt,169.439,1.000,169.439,1,24.484,14.45,24.484,65.203,0.156
8,ec.gp.GPIndividual@1054806045{-1349033400},3C_20_66-01.txt,7.322,1.000,7.322,5,46.328,632.71,9.266,65.203,0.156
8,ec.gp.GPIndividual@1054806045{-1349033400},3C_20_80-03.txt,169.439,1.000,169.439,2,6.531,3.85,3.266,65.203,0.156
8,ec.gp.GPIndividual@1054806045{-1349033400},3C_20_66-02.txt,154.245,1.000,154.245,14,176.594,114.49,12.614,65.203,0.156
8,ec.gp.GPIndividual@1696375149{1606065381},3C_20_50-02.txt,61.404,1.000,61.404,4,114.734,186.85,28.684,58.172,0.344
8,ec.gp.GPIndividual@947929235{274190422},3C_20_50-02.txt,61.404,1.000,61.404,6,75.078,122.27,12.513,65.484,0.531
8,ec.gp.GPIndividual@947929235{274190422},3C_20_50-03.txt,30.993,1.000,30.993,1,11.922,38.47,11.922,65.484,0.531
8,ec.gp.GPIndividual@947929235{274190422},3C_20_66-03.txt,118.340,1.000,118.340,8,84.203,71.15,10.525,65.484,0.531
8,ec.gp.GPIndividual@947929235{274190422},3C_20_80-03.txt,169.439,1.000,169.439,3,42.438,25.05,14.146,65.484,0.531
8,ec.gp.GPIndividual@947929235{274190422},3C_20_80-01.txt,4.194,1.000,4.194,1,27.656,659.35,27.656,65.484,0.531
8,ec.gp.GPIndividual@947929235{274190422},3C_20_80-01.txt,4.194,1.000,4.194,4,4.641,110.64,1.160,65.484,0.531
8,ec.gp.GPIndividual@947929235{274190422},3C_20_80-02.txt,35.738,1.000,35.738,1,0.344,0.96,0.344,65.484,0.344
8,ec.gp.GPIndividual@947929235{274190422},3C_20_80-02.txt,35.738,1.000,35.738,9,58.609,164.00,6.512,65.484,0.344
8,ec.gp.GPIndividual@947929235{274190422},3C_20_50-03.txt,30.993,1.000,30.993,1,42.094,135.82,42.094,65.484,0.344
8,ec.gp.GPIndividual@52415298{109860179},3C_20_50-02.txt,61.404,1.000,61.404,10,63.781,103.87,6.378,27.313,0.516
8,ec.gp.GPIndividual@52415298{109860179},3C_20_66-01.txt,7.322,1.000,7.322,2,8.469,115.66,4.234,27.313,0.516
8,ec.gp.GPIndividual@52415298{109860179},3C_20_50-03.txt,30.993,1.000,30.993,1,3.891,12.55,3.891,27.313,0.516
8,ec.gp.GPIndividual@52415298{109860179},3C_20_66-01.txt,7.322,1.000,7.322,5,6.188,84.50,1.238,27.313,0.516
8,ec.gp.GPIndividual@52415298{109860179},3C_20_66-02.txt,154.245,1.000,154.245,1,1.453,0.94,1.453,27.313,0.516
8,ec.gp.GPIndividual@52415298{109860179},3C_20_66-02.txt,154.245,1.000,154.245,7,38.266,24.81,5.467,27.313,0.516
8,ec.gp.GPIndividual@52415298{109860179},3C_20_80-03.txt,169.439,1.000,169.439,13,167.906,99.10,12.916,61.406,0.516
8,ec.gp.GPIndividual@793247057{-1031375283},3C_20_50-02.txt,61.404,1.000,61.404,6,104.688,170.49,17.448,46.734,0.531
8,ec.gp.GPIndividual@793247057{-1031375283},3C_20_66-03.txt,118.340,1.000,118.340,1,1.391,1.18,1.391,46.734,0.531
8,ec.gp.GPIndividual@793247057{-1031375283},3C_20_66-03.txt,118.340,1.000,118.340,2,53.797,45.46,26.898,50.813,0.531
8,ec.gp.GPIndividual@1570649380{-1672335159},3C_20_50-02.txt,61.404,1.000,61.404,4,71.281,116.08,17.820,57.891,0.516
8,ec.gp.GPIndividual@1570649380{-1672335159},3C_20_80-03.txt,169.439,1.000,169.439,7,42.266,24.94,6.038,57.891,0.516
8,ec.gp.GPIndividual@1570649380{-1672335159},3C_20_66-01.txt,7.322,1.000,7.322,5,6.281,85.78,1.256,57.891,0.516
8,ec.gp.GPIndividual@1570649380{-1672335159},3C_20_66-02.txt,154.245,1.000,154.245,8,153.828,99.73,19.229,57.891,0.359
8,ec.gp.GPIndividual@1570649380{-1672335159},3C_20_80-01.txt,4.194,1.000,4.194,2,2.766,65.93,1.383,57.891,0.359
8,ec.gp.GPIndividual@1570649380{-1672335159},3C_20_80-02.txt,35.738,1.000,35.738,5,49.031,137.20,9.806,57.891,0.359
8,ec.gp.GPIndividual@1570649380{-1672335159},3C_20_66-03.txt,118.340,1.000,118.340,3,123.094,104.02,41.031,62.000,0.359
8,ec.gp.GPIndividual@1570649380{-1672335159},3C_20_50-03.txt,30.993,1.000,30.993,3,29.578,95.44,9.859,62.000,0.359
8,ec.gp.GPIndividual@1570649380{-1672335159},3C_20_80-01.txt,4.194,1.000,4.194,2,2.656,63.33,1.328,62.000,0.359
8,ec.gp.GPIndividual@1570649380{-1672335159},3C_20_80-02.txt,35.738,1.000,35.738,5,59.641,166.88,11.928,62.000,0.359
8,ec.gp.GPIndividual@1570649380{-1672335159},3C_20_50-03.txt,30.993,1.000,30.993,7,43.688,140.96,6.241,62.000,0.359
8,ec.gp.GPIndividual@1289745107{-2017898577},3C_20_50-02.txt,61.404,1.000,61.404,4,17.750,28.91,4.438,10.906,0.359
8,ec.gp.GPIndividual@1289745107{-2017898577},3C_20_80-01.txt,4.194,1.000,4.194,1,7.203,171.73,7.203,10.906,0.359
8,ec.gp.GPIndividual@1289745107{-2017898577},3C_20_66-01.txt,7.322,1.000,7.322,3,11.344,154.92,3.781,10.906,0.359
8,ec.gp.GPIndividual@1289745107{-2017898577},3C_20_80-03.txt,169.439,1.000,169.439,3,6.219,3.67,2.073,10.906,0.359
8,ec.gp.GPIndividual@1289745107{-2017898577},3C_20_80-02.txt,35.738,1.000,35.738,12,34.563,96.71,2.880,10.906,0.359
8,ec.gp.GPIndividual@1289745107{-2017898577},3C_20_66-01.txt,7.322,1.000,7.322,1,2.734,37.34,2.734,10.906,0.359
8,ec.gp.GPIndividual@1289745107{-2017898577},3C_20_80-03.txt,169.439,1.000,169.439,3,10.781,6.36,3.594,10.906,0.359
8,ec.gp.GPIndividual@2073968418{226095317},3C_20_50-02.txt,61.404,1.000,61.404,7,76.406,124.43,10.915,46.703,0.531
8,ec.gp.GPIndividual@2073968418{226095317},3C_20_80-03.txt,169.439,1.000,169.439,14,203.734,120.24,14.552,47.641,0.531
8,ec.gp.GPIndividual@2073968418{226095317},3C_20_50-03.txt,30.993,1.000,30.993,3,68.250,220.21,22.750,58.422,0.531
8,ec.gp.GPIndividual@764285609{-951619764},3C_20_50-02.txt,61.404,1.000,61.404,1,0.344,0.56,0.344,0.344,0.344
8,ec.gp.GPIndividual@764285609{-951619764},3C_20_50-03.txt,30.993,1.000,30.993,1,60.938,196.62,60.938,60.938,0.344
8,ec.gp.GPIndividual@1444702783{-1239388997},3C_20_50-02.txt,61.404,1.000,61.404,2,63.813,103.92,31.906,63.469,0.344
8,ec.gp.GPIndividual@1444702783{-1239388997},3C_20_50-03.txt,30.993,1.000,30.993,2,6.156,19.86,3.078,63.469,0.344
8,ec.gp.GPIndividual@1444702783{-1239388997},3C_20_66-01.txt,7.322,1.000,7.322,1,1.281,17.50,1.281,63.469,0.344
8,ec.gp.GPIndividual@1444702783{-1239388997},3C_20_66-02.txt,154.245,1.000,154.245,4,16.953,10.99,4.238,63.469,0.344
8,ec.gp.GPIndividual@1444702783{-1239388997},3C_20_66-03.txt,118.340,1.000,118.340,1,10.281,8.69,10.281,63.469,0.344
8,ec.gp.GPIndividual@1444702783{-1239388997},3C_20_66-02.txt,154.245,1.000,154.245,7,43.313,28.08,6.188,63.469,0.344
8,ec.gp.GPIndividual@1444702783{-1239388997},3C_20_80-01.txt,4.194,1.000,4.194,2,11.625,277.15,5.813,63.469,0.344
8,ec.gp.GPIndividual@1444702783{-1239388997},3C_20_66-01.txt,7.322,1.000,7.322,1,1.594,21.77,1.594,63.469,0.344
8,ec.gp.GPIndividual@1444702783{-1239388997},3C_20_80-02.txt,35.738,1.000,35.738,4,5.484,15.35,1.371,63.469,0.344
8,ec.gp.GPIndividual@1444702783{-1239388997},3C_20_80-03.txt,169.439,1.000,169.439,5,20.578,12.14,4.116,63.469,0.344
8,ec.gp.GPIndividual@230019574{312063863},3C_20_50-02.txt,61.404,1.000,61.404,6,74.297,121.00,12.383,65.906,0.422
8,ec.gp.GPIndividual@230019574{312063863},3C_20_80-02.txt,35.738,1.000,35.738,8,48.750,136.41,6.094,65.906,0.422
8,ec.gp.GPIndividual@230019574{312063863},3C_20_80-02.txt,35.738,1.000,35.738,4,37.344,104.49,9.336,65.906,0.422
8,ec.gp.GPIndividual@230019574{312063863},3C_20_80-03.txt,169.439,1.000,169.439,7,47.547,28.06,6.792,65.906,0.422
8,ec.gp.GPIndividual@230019574{312063863},3C_20_80-03.txt,169.439,1.000,169.439,3,101.266,59.77,33.755,65.906,0.422
8,ec.gp.GPIndividual@230019574{312063863},3C_20_50-03.txt,30.993,1.000,30.993,1,54.844,176.96,54.844,65.906,0.422
8,ec.gp.GPIndividual@230019574{312063863},3C_20_80-03.txt,169.439,1.000,169.439,7,186.641,110.15,26.663,65.906,0.422
8,ec.gp.GPIndividual@230019574{312063863},3C_20_80-01.txt,4.194,1.000,4.194,3,3.219,76.74,1.073,65.906,0.422
8,ec.gp.GPIndividual@230019574{312063863},3C_20_80-02.txt,35.738,1.000,35.738,1,11.281,31.57,11.281,65.906,0.422
8,ec.gp.GPIndividual@801428526{1566472891},3C_20_50-02.txt,61.404,1.000,61.404,11,80.266,130.72,7.297,46.703,0.297
8,ec.gp.GPIndividual@2070354749{290484572},3C_20_50-02.txt,61.404,1.000,61.404,8,58.297,94.94,7.287,20.688,0.328
8,ec.gp.GPIndividual@2070354749{290484572},3C_20_80-03.txt,169.439,1.000,169.439,5,52.547,31.01,10.509,20.688,0.000
8,ec.gp.GPIndividual@2070354749{290484572},3C_20_50-03.txt,30.993,1.000,30.993,6,24.578,79.30,4.096,20.688,0.000
8,ec.gp.GPIndividual@2070354749{290484572},3C_20_66-01.txt,7.322,1.000,7.322,6,4.797,65.51,0.799,20.688,0.000
8,ec.gp.GPIndividual@2070354749{290484572},3C_20_66-02.txt,154.245,1.000,154.245,8,108.156,70.12,13.520,54.156,0.000
8,ec.gp.GPIndividual@2070354749{290484572},3C_20_66-01.txt,7.322,1.000,7.322,7,72.203,986.09,10.315,66.297,0.000
8,ec.gp.GPIndividual@1741542731{281136719},3C_20_50-02.txt,61.404,1.000,61.404,1,0.578,0.94,0.578,0.578,0.578
8,ec.gp.GPIndividual@1741542731{281136719},3C_20_66-02.txt,154.245,1.000,154.245,15,156.844,101.68,10.456,40.203,0.344
8,ec.gp.GPIndividual@1741542731{281136719},3C_20_50-03.txt,30.993,1.000,30.993,2,57.313,184.92,28.656,48.484,0.344
8,ec.gp.GPIndividual@1741542731{281136719},3C_20_50-03.txt,30.993,1.000,30.993,5,54.172,174.79,10.834,48.484,0.344
8,ec.gp.GPIndividual@1741542731{281136719},3C_20_66-03.txt,118.340,1.000,118.340,1,8.875,7.50,8.875,48.484,0.344
8,ec.gp.GPIndividual@1741542731{281136719},3C_20_66-03.txt,118.340,1.000,118.340,12,115.000,97.18,9.583,48.484,0.344
8,ec.gp.GPIndividual@1741542731{281136719},3C_20_80-01.txt,4.194,1.000,4.194,5,3.688,87.91,0.738,48.484,0.344
8,ec.gp.GPIndividual@1741542731{281136719},3C_20_80-02.txt,35.738,1.000,35.738,6,45.516,127.36,7.586,48.484,0.344
8,ec.gp.GPIndividual@1741542731{281136719},3C_20_80-01.txt,4.194,1.000,4.194,2,4.719,112.50,2.359,48.484,0.344
8,ec.gp.GPIndividual@1741542731{281136719},3C_20_80-03.txt,169.439,1.000,169.439,1,0.313,0.18,0.313,48.484,0.313
8,ec.gp.GPIndividual@1741542731{281136719},3C_20_66-01.txt,7.322,1.000,7.322,5,35.781,488.67,7.156,48.484,0.313
8,ec.gp.GPIndividual@1741542731{281136719},3C_20_66-01.txt,7.322,1.000,7.322,6,5.031,68.71,0.839,48.484,0.000
8,ec.gp.GPIndividual@1741542731{281136719},3C_20_80-02.txt,35.738,1.000,35.738,12,35.844,100.30,2.987,48.484,0.000
8,ec.gp.GPIndividual@1053316935{-1031375283},3C_20_50-02.txt,61.404,1.000,61.404,7,31.203,50.82,4.458,11.844,0.203
8,ec.gp.GPIndividual@1053316935{-1031375283},3C_20_66-02.txt,154.245,1.000,154.245,7,20.984,13.60,2.998,15.938,0.000
8,ec.gp.GPIndividual@1053316935{-1031375283},3C_20_80-03.txt,169.439,1.000,169.439,9,86.563,51.09,9.618,24.938,0.000
8,ec.gp.GPIndividual@1053316935{-1031375283},3C_20_66-02.txt,154.245,1.000,154.245,9,126.984,82.33,14.109,52.719,0.000
8,ec.gp.GPIndividual@153874218{-1933915439},3C_20_50-02.txt,61.404,1.000,61.404,1,0.219,0.36,0.219,0.219,0.219
8,ec.gp.GPIndividual@153874218{-1933915439},3C_20_50-03.txt,30.993,1.000,30.993,2,28.391,91.60,14.195,25.563,0.219
8,ec.gp.GPIndividual@153874218{-1933915439},3C_20_66-01.txt,7.322,1.000,7.322,2,2.906,39.69,1.453,25.563,0.219
8,ec.gp.GPIndividual@153874218{-1933915439},3C_20_66-02.txt,154.245,1.000,154.245,1,1.375,0.89,1.375,25.563,0.219
8,ec.gp.GPIndividual@153874218{-1933915439},3C_20_66-03.txt,118.340,1.000,118.340,2,6.156,5.20,3.078,25.563,0.219
8,ec.gp.GPIndividual@153874218{-1933915439},3C_20_80-01.txt,4.194,1.000,4.194,1,0.953,22.72,0.953,25.563,0.219
8,ec.gp.GPIndividual@153874218{-1933915439},3C_20_80-02.txt,35.738,1.000,35.738,1,1.234,3.45,1.234,25.563,0.219
8,ec.gp.GPIndividual@153874218{-1933915439},3C_20_80-03.txt,169.439,1.000,169.439,1,3.641,2.15,3.641,25.563,0.219
8,ec.gp.GPIndividual@2113307217{-1269898633},3C_20_50-02.txt,61.404,1.000,61.404,6,34.359,55.96,5.727,18.125,0.156
8,ec.gp.GPIndividual@2113307217{-1269898633},3C_20_80-03.txt,169.439,1.000,169.439,8,180.047,106.26,22.506,47.609,0.156
8,ec.gp.GPIndividual@2113307217{-1269898633},3C_20_50-03.txt,30.993,1.000,30.993,2,7.484,24.15,3.742,47.609,0.156
8,ec.gp.GPIndividual@2113307217{-1269898633},3C_20_66-03.txt,118.340,1.000,118.340,7,105.719,89.34,15.103,66.625,0.156
8,ec.gp.GPIndividual@480525902{1801349340},3C_20_50-02.txt,61.404,1.000,61.404,7,61.781,100.61,8.826,37.844,0.125
8,ec.gp.GPIndividual@480525902{1801349340},3C_20_66-03.txt,118.340,1.000,118.340,9,116.844,98.74,12.983,40.359,0.125
8,ec.gp.GPIndividual@480525902{1801349340},3C_20_80-01.txt,4.194,1.000,4.194,7,3.781,90.15,0.540,40.359,0.125
8,ec.gp.GPIndividual@480525902{1801349340},3C_20_80-02.txt,35.738,1.000,35.738,2,14.188,39.70,7.094,40.359,0.125
8,ec.gp.GPIndividual@480525902{1801349340},3C_20_50-03.txt,30.993,1.000,30.993,10,27.422,88.48,2.742,40.359,0.125
8,ec.gp.GPIndividual@480525902{1801349340},3C_20_80-03.txt,169.439,1.000,169.439,5,151.922,89.66,30.384,67.188,0.125
8,ec.gp.GPIndividual@2103530315{1916814017},3C_20_50-02.txt,61.404,1.000,61.404,7,1.688,2.75,0.241,0.672,0.094
8,ec.gp.GPIndividual@2103530315{1916814017},3C_20_50-03.txt,30.993,1.000,30.993,7,62.938,203.07,8.991,38.609,0.094
8,ec.gp.GPIndividual@2103530315{1916814017},3C_20_66-01.txt,7.322,1.000,7.322,5,4.125,56.34,0.825,38.609,0.094
8,ec.gp.GPIndividual@2103530315{1916814017},3C_20_66-01.txt,7.322,1.000,7.322,7,6.109,83.44,0.873,38.609,0.094
8,ec.gp.GPIndividual@2103530315{1916814017},3C_20_66-02.txt,154.245,1.000,154.245,11,37.328,24.20,3.393,38.609,0.094
8,ec.gp.GPIndividual@2103530315{1916814017},3C_20_66-02.txt,154.245,1.000,154.245,13,149.688,97.05,11.514,38.922,0.094
8,ec.gp.GPIndividual@2103530315{1916814017},3C_20_66-03.txt,118.340,1.000,118.340,7,100.031,84.53,14.290,39.797,0.094
8,ec.gp.GPIndividual@2103530315{1916814017},3C_20_66-03.txt,118.340,1.000,118.340,7,101.922,86.13,14.560,39.797,0.094
8,ec.gp.GPIndividual@2103530315{1916814017},3C_20_80-01.txt,4.194,1.000,4.194,7,27.734,661.21,3.962,39.797,0.094
8,ec.gp.GPIndividual@2103530315{1916814017},3C_20_80-01.txt,4.194,1.000,4.194,1,0.328,7.82,0.328,39.797,0.094
8,ec.gp.GPIndividual@2103530315{1916814017},3C_20_80-02.txt,35.738,1.000,35.738,15,33.797,94.57,2.253,39.797,0.094
8,ec.gp.GPIndividual@2103530315{1916814017},3C_20_80-02.txt,35.738,1.000,35.738,6,9.328,26.10,1.555,39.797,0.094
8,ec.gp.GPIndividual@2103530315{1916814017},3C_20_80-03.txt,169.439,1.000,169.439,4,144.000,84.99,36.000,67.188,0.094
8,ec.gp.GPIndividual@2103530315{1916814017},3C_20_80-03.txt,169.439,1.000,169.439,2,36.484,21.53,18.242,67.188,0.094
8,ec.gp.GPIndividual@1997276394{1684496467},3C_20_50-02.txt,61.404,1.000,61.404,1,0.031,0.05,0.031,0.031,0.031
8,ec.gp.GPIndividual@1997276394{1684496467},3C_20_50-03.txt,30.993,1.000,30.993,1,0.547,1.76,0.547,0.547,0.031
8,ec.gp.GPIndividual@1997276394{1684496467},3C_20_66-01.txt,7.322,1.000,7.322,1,0.125,1.71,0.125,0.547,0.031
8,ec.gp.GPIndividual@1997276394{1684496467},3C_20_66-02.txt,154.245,1.000,154.245,1,0.313,0.20,0.313,0.547,0.031
8,ec.gp.GPIndividual@1997276394{1684496467},3C_20_66-03.txt,118.340,1.000,118.340,1,0.797,0.67,0.797,0.797,0.031
8,ec.gp.GPIndividual@1997276394{1684496467},3C_20_80-01.txt,4.194,1.000,4.194,1,0.156,3.73,0.156,0.797,0.031
8,ec.gp.GPIndividual@1997276394{1684496467},3C_20_80-02.txt,35.738,1.000,35.738,1,0.281,0.79,0.281,0.797,0.031
8,ec.gp.GPIndividual@1997276394{1684496467},3C_20_80-03.txt,169.439,1.000,169.439,1,0.766,0.45,0.766,0.797,0.031
9,ec.gp.GPIndividual@1167020286{922814439},3C_20_50-02.txt,61.404,1.000,61.404,0,0.000,0.00,0.000,0.000,0.000
9,ec.gp.GPIndividual@1167020286{922814439},3C_20_50-03.txt,30.993,1.000,30.993,0,0.000,0.00,0.000,0.000,0.000
9,ec.gp.GPIndividual@1167020286{922814439},3C_20_66-01.txt,7.322,1.000,7.322,0,0.000,0.00,0.000,0.000,0.000
9,ec.gp.GPIndividual@1167020286{922814439},3C_20_66-02.txt,154.245,1.000,154.245,0,0.000,0.00,0.000,0.000,0.000
9,ec.gp.GPIndividual@1167020286{922814439},3C_20_66-03.txt,118.340,1.000,118.340,0,0.000,0.00,0.000,0.000,0.000
9,ec.gp.GPIndividual@1167020286{922814439},3C_20_80-01.txt,4.194,1.000,4.194,0,0.000,0.00,0.000,0.000,0.000
9,ec.gp.GPIndividual@1167020286{922814439},3C_20_80-02.txt,35.738,1.000,35.738,0,0.000,0.00,0.000,0.000,0.000
9,ec.gp.GPIndividual@1167020286{922814439},3C_20_80-03.txt,169.439,1.000,169.439,0,0.000,0.00,0.000,0.000,0.000
9,ec.gp.GPIndividual@214388767{-1848035389},3C_20_50-02.txt,61.404,1.000,61.404,25,52.906,86.16,2.116,5.922,0.375
9,ec.gp.GPIndividual@214388767{-1848035389},3C_20_50-03.txt,30.993,1.000,30.993,1,7.078,22.84,7.078,7.078,0.375
9,ec.gp.GPIndividual@214388767{-1848035389},3C_20_50-03.txt,30.993,1.000,30.993,4,33.078,106.73,8.270,10.656,0.375
9,ec.gp.GPIndividual@214388767{-1848035389},3C_20_66-01.txt,7.322,1.000,7.322,1,11.875,162.18,11.875,11.875,0.375
9,ec.gp.GPIndividual@214388767{-1848035389},3C_20_50-03.txt,30.993,1.000,30.993,9,29.891,96.44,3.321,11.875,0.375
9,ec.gp.GPIndividual@214388767{-1848035389},3C_20_50-03.txt,30.993,1.000,30.993,3,18.594,59.99,6.198,11.875,0.375
9,ec.gp.GPIndividual@214388767{-1848035389},3C_20_66-02.txt,154.245,1.000,154.245,1,6.906,4.48,6.906,11.875,0.375
9,ec.gp.GPIndividual@214388767{-1848035389},3C_20_50-03.txt,30.993,1.000,30.993,2,16.766,54.10,8.383,12.016,0.375
9,ec.gp.GPIndividual@214388767{-1848035389},3C_20_50-03.txt,30.993,1.000,30.993,8,33.031,106.58,4.129,12.016,0.375
9,ec.gp.GPIndividual@214388767{-1848035389},3C_20_66-01.txt,7.322,1.000,7.322,3,10.578,144.47,3.526,12.016,0.375
9,ec.gp.GPIndividual@214388767{-1848035389},3C_20_66-01.txt,7.322,1.000,7.322,4,7.344,100.29,1.836,12.016,0.375
9,ec.gp.GPIndividual@214388767{-1848035389},3C_20_66-03.txt,118.340,1.000,118.340,2,1.938,1.64,0.969,12.016,0.375
9,ec.gp.GPIndividual@214388767{-1848035389},3C_20_66-01.txt,7.322,1.000,7.322,2,7.391,100.93,3.695,12.016,0.172
9,ec.gp.GPIndividual@214388767{-1848035389},3C_20_66-01.txt,7.322,1.000,7.322,2,3.672,50.15,1.836,12.016,0.172
9,ec.gp.GPIndividual@214388767{-1848035389},3C_20_66-02.txt,154.245,1.000,154.245,22,160.453,104.02,7.293,43.828,0.172
9,ec.gp.GPIndividual@214388767{-1848035389},3C_20_66-02.txt,154.245,1.000,154.245,9,145.406,94.27,16.156,47.219,0.172
9,ec.gp.GPIndividual@214388767{-1848035389},3C_20_80-01.txt,4.194,1.000,4.194,4,4.156,99.09,1.039,47.219,0.172
9,ec.gp.GPIndividual@214388767{-1848035389},3C_20_66-03.txt,118.340,1.000,118.340,1,0.719,0.61,0.719,47.219,0.172
9,ec.gp.GPIndividual@214388767{-1848035389},3C_20_80-02.txt,35.738,1.000,35.738,8,50.875,142.35,6.359,47.219,0.172
9,ec.gp.GPIndividual@214388767{-1848035389},3C_20_66-01.txt,7.322,1.000,7.322,5,6.406,87.49,1.281,47.219,0.172
9,ec.gp.GPIndividual@214388767{-1848035389},3C_20_66-02.txt,154.245,1.000,154.245,1,8.422,5.46,8.422,47.219,0.172
9,ec.gp.GPIndividual@214388767{-1848035389},3C_20_80-03.txt,169.439,1.000,169.439,3,32.500,19.18,10.833,47.219,0.172
9,ec.gp.GPIndividual@214388767{-1848035389},3C_20_66-03.txt,118.340,1.000,118.340,12,115.047,97.22,9.587,47.219,0.172
9,ec.gp.GPIndividual@214388767{-1848035389},3C_20_66-02.txt,154.245,1.000,154.245,9,161.172,104.49,17.908,49.578,0.172
9,ec.gp.GPIndividual@936317258{556625713},3C_20_50-02.txt,61.404,1.000,61.404,5,55.125,89.77,11.025,42.625,0.359
9,ec.gp.GPIndividual@936317258{556625713},3C_20_66-03.txt,118.340,1.000,118.340,7,111.516,94.23,15.931,44.859,0.359
9,ec.gp.GPIndividual@936317258{556625713},3C_20_80-01.txt,4.194,1.000,4.194,1,49.016,1168.57,49.016,49.016,0.359
9,ec.gp.GPIndividual@936317258{556625713},3C_20_66-02.txt,154.245,1.000,154.245,13,151.172,98.01,11.629,49.016,0.359
9,ec.gp.GPIndividual@936317258{556625713},3C_20_50-03.txt,30.993,1.000,30.993,3,32.688,105.47,10.896,49.016,0.359
9,ec.gp.GPIndividual@936317258{556625713},3C_20_80-01.txt,4.194,1.000,4.194,2,8.859,211.21,4.430,49.016,0.359
9,ec.gp.GPIndividual@936317258{556625713},3C_20_66-01.txt,7.322,1.000,7.322,5,6.250,85.36,1.250,49.016,0.359
9,ec.gp.GPIndividual@936317258{556625713},3C_20_66-02.txt,154.245,1.000,154.245,8,47.016,30.48,5.877,49.016,0.359
9,ec.gp.GPIndividual@936317258{556625713},3C_20_80-01.txt,4.194,1.000,4.194,2,38.703,922.71,19.352,49.016,0.359
9,ec.gp.GPIndividual@936317258{556625713},3C_20_66-03.txt,118.340,1.000,118.340,13,131.016,110.71,10.078,57.500,0.359
9,ec.gp.GPIndividual@936317258{556625713},3C_20_80-02.txt,35.738,1.000,35.738,7,54.453,152.37,7.779,57.500,0.359
9,ec.gp.GPIndividual@936317258{556625713},3C_20_66-03.txt,118.340,1.000,118.340,2,29.250,24.72,14.625,57.500,0.359
9,ec.gp.GPIndividual@936317258{556625713},3C_20_80-03.txt,169.439,1.000,169.439,8,173.344,102.30,21.668,57.500,0.359
9,ec.gp.GPIndividual@936317258{556625713},3C_20_80-02.txt,35.738,1.000,35.738,5,14.625,40.92,2.925,57.500,0.359
9,ec.gp.GPIndividual@936317258{556625713},3C_20_80-02.txt,35.738,1.000,35.738,4,55.656,155.73,13.914,57.500,0.359
9,ec.gp.GPIndividual@936317258{556625713},3C_20_80-01.txt,4.194,1.000,4.194,4,3.875,92.38,0.969,57.500,0.359
9,ec.gp.GPIndividual@936317258{556625713},3C_20_80-02.txt,35.738,1.000,35.738,2,43.813,122.59,21.906,57.500,0.359
9,ec.gp.GPIndividual@936317258{556625713},3C_20_66-03.txt,118.340,1.000,118.340,12,147.203,124.39,12.267,61.547,0.359
9,ec.gp.GPIndividual@656713936{925187170},3C_20_50-02.txt,61.404,1.000,61.404,5,23.563,38.37,4.713,15.406,0.531
9,ec.gp.GPIndividual@656713936{925187170},3C_20_80-03.txt,169.439,1.000,169.439,2,27.641,16.31,13.820,15.406,0.531
9,ec.gp.GPIndividual@656713936{925187170},3C_20_80-01.txt,4.194,1.000,4.194,2,2.734,65.19,1.367,15.406,0.531
9,ec.gp.GPIndividual@656713936{925187170},3C_20_80-02.txt,35.738,1.000,35.738,5,35.109,98.24,7.022,24.734,0.531
9,ec.gp.GPIndividual@656713936{925187170},3C_20_80-03.txt,169.439,1.000,169.439,2,4.703,2.78,2.352,24.734,0.531
9,ec.gp.GPIndividual@656713936{925187170},3C_20_80-01.txt,4.194,1.000,4.194,3,3.313,78.97,1.104,24.734,0.531
9,ec.gp.GPIndividual@656713936{925187170},3C_20_80-02.txt,35.738,1.000,35.738,7,36.313,101.61,5.188,24.734,0.531
9,ec.gp.GPIndividual@656713936{925187170},3C_20_80-03.txt,169.439,1.000,169.439,3,57.813,34.12,19.271,45.203,0.531
9,ec.gp.GPIndividual@1086584819{-687742289},3C_20_50-02.txt,61.404,1.000,61.404,7,55.234,89.95,7.891,22.109,0.344
9,ec.gp.GPIndividual@1086584819{-687742289},3C_20_50-03.txt,30.993,1.000,30.993,2,14.859,47.94,7.430,22.109,0.344
9,ec.gp.GPIndividual@1429377131{252245993},3C_20_50-02.txt,61.404,1.000,61.404,3,64.266,104.66,21.422,62.063,0.531
9,ec.gp.GPIndividual@1429377131{252245993},3C_20_80-03.txt,169.439,1.000,169.439,7,145.859,86.08,20.837,67.422,0.531
9,ec.gp.GPIndividual@637000196{1091847536},3C_20_50-02.txt,61.404,1.000,61.404,5,75.766,123.39,15.153,67.625,0.516
9,ec.gp.GPIndividual@637000196{1091847536},3C_20_50-03.txt,30.993,1.000,30.993,3,39.375,127.05,13.125,67.625,0.516
9,ec.gp.GPIndividual@637000196{1091847536},3C_20_66-01.txt,7.322,1.000,7.322,2,22.844,311.98,11.422,67.625,0.516
9,ec.gp.GPIndividual@637000196{1091847536},3C_20_50-03.txt,30.993,1.000,30.993,5,55.656,179.58,11.131,67.625,0.516
9,ec.gp.GPIndividual@637000196{1091847536},3C_20_80-03.txt,169.439,1.000,169.439,3,26.281,15.51,8.760,67.625,0.516
9,ec.gp.GPIndividual@637000196{1091847536},3C_20_66-02.txt,154.245,1.000,154.245,10,155.141,100.58,15.514,67.625,0.516
9,ec.gp.GPIndividual@637000196{1091847536},3C_20_50-03.txt,30.993,1.000,30.993,5,30.359,97.96,6.072,67.625,0.516
9,ec.gp.GPIndividual@637000196{1091847536},3C_20_66-01.txt,7.322,1.000,7.322,6,7.125,97.31,1.188,67.625,0.172
9,ec.gp.GPIndividual@637000196{1091847536},3C_20_66-02.txt,154.245,1.000,154.245,1,1.250,0.81,1.250,67.625,0.172
9,ec.gp.GPIndividual@637000196{1091847536},3C_20_66-01.txt,7.322,1.000,7.322,7,7.406,101.15,1.058,67.625,0.172
9,ec.gp.GPIndividual@637000196{1091847536},3C_20_66-02.txt,154.245,1.000,154.245,1,0.672,0.44,0.672,67.625,0.172
9,ec.gp.GPIndividual@637000196{1091847536},3C_20_66-03.txt,118.340,1.000,118.340,2,27.203,22.99,13.602,67.625,0.172
9,ec.gp.GPIndividual@597417773{1753785128},3C_20_50-02.txt,61.404,1.000,61.404,15,69.516,113.21,4.634,26.469,0.500
9,ec.gp.GPIndividual@597417773{1753785128},3C_20_66-03.txt,118.340,1.000,118.340,1,0.313,0.26,0.313,26.469,0.313
9,ec.gp.GPIndividual@597417773{1753785128},3C_20_50-03.txt,30.993,1.000,30.993,4,66.703,215.22,16.676,45.781,0.313
9,ec.gp.GPIndividual@597417773{1753785128},3C_20_66-03.txt,118.340,1.000,118.340,2,12.109,10.23,6.055,45.781,0.313
9,ec.gp.GPIndividual@597417773{1753785128},3C_20_80-01.txt,4.194,1.000,4.194,1,6.797,162.04,6.797,45.781,0.313
9,ec.gp.GPIndividual@597417773{1753785128},3C_20_66-01.txt,7.322,1.000,7.322,4,6.922,94.53,1.730,45.781,0.313
9,ec.gp.GPIndividual@597417773{1753785128},3C_20_66-01.txt,7.322,1.000,7.322,4,8.203,112.03,2.051,45.781,0.313
9,ec.gp.GPIndividual@597417773{1753785128},3C_20_80-02.txt,35.738,1.000,35.738,8,71.875,201.12,8.984,58.047,0.313
9,ec.gp.GPIndividual@1883851951{1228688607},3C_20_50-02.txt,61.404,1.000,61.404,1,0.531,0.87,0.531,0.531,0.531
9,ec.gp.GPIndividual@1883851951{1228688607},3C_20_50-03.txt,30.993,1.000,30.993,8,16.156,52.13,2.020,4.656,0.531
9,ec.gp.GPIndividual@1883851951{1228688607},3C_20_66-01.txt,7.322,1.000,7.322,2,3.094,42.25,1.547,4.656,0.531
9,ec.gp.GPIndividual@1883851951{1228688607},3C_20_66-02.txt,154.245,1.000,154.245,2,4.063,2.63,2.031,4.656,0.531
9,ec.gp.GPIndividual@1883851951{1228688607},3C_20_66-03.txt,118.340,1.000,118.340,3,29.484,24.92,9.828,10.703,0.531
9,ec.gp.GPIndividual@1883851951{1228688607},3C_20_80-01.txt,4.194,1.000,4.194,1,13.313,317.38,13.313,13.313,0.531
9,ec.gp.GPIndividual@1883851951{1228688607},3C_20_80-01.txt,4.194,1.000,4.194,4,3.938,93.87,0.984,13.313,0.359
9,ec.gp.GPIndividual@1883851951{1228688607},3C_20_80-02.txt,35.738,1.000,35.738,1,1.250,3.50,1.250,13.313,0.359
9,ec.gp.GPIndividual@1883851951{1228688607},3C_20_80-02.txt,35.738,1.000,35.738,7,20.891,58.45,2.984,13.313,0.359
9,ec.gp.GPIndividual@1883851951{1228688607},3C_20_80-01.txt,4.194,1.000,4.194,3,4.094,97.60,1.365,13.313,0.359
9,ec.gp.GPIndividual@1883851951{1228688607},3C_20_80-02.txt,35.738,1.000,35.738,1,0.703,1.97,0.703,13.313,0.359
9,ec.gp.GPIndividual@1883851951{1228688607},3C_20_80-03.txt,169.439,1.000,169.439,2,3.594,2.12,1.797,13.313,0.359
9,ec.gp.GPIndividual@1883851951{1228688607},3C_20_80-03.txt,169.439,1.000,169.439,3,14.250,8.41,4.750,13.313,0.359
9,ec.gp.GPIndividual@1294092966{1617492201},3C_20_50-02.txt,61.404,1.000,61.404,6,28.266,46.03,4.711,21.203,0.531
9,ec.gp.GPIndividual@1294092966{1617492201},3C_20_66-02.txt,154.245,1.000,154.245,8,115.938,75.16,14.492,60.953,0.531
9,ec.gp.GPIndividual@1294092966{1617492201},3C_20_80-03.txt,169.439,1.000,169.439,4,184.500,108.89,46.125,67.203,0.531
9,ec.gp.GPIndividual@1467973717{720623656},3C_20_50-02.txt,61.404,1.000,61.404,4,102.828,167.46,25.707,60.625,0.531
9,ec.gp.GPIndividual@1467973717{720623656},3C_20_50-03.txt,30.993,1.000,30.993,3,14.406,46.48,4.802,60.625,0.531
9,ec.gp.GPIndividual@1467973717{720623656},3C_20_66-02.txt,154.245,1.000,154.245,12,163.656,106.10,13.638,65.328,0.531
9,ec.gp.GPIndividual@382715651{251104478},3C_20_50-02.txt,61.404,1.000,61.404,7,59.250,96.49,8.464,27.313,0.531
9,ec.gp.GPIndividual@382715651{251104478},3C_20_66-03.txt,118.340,1.000,118.340,3,131.531,111.15,43.844,46.000,0.531
9,ec.gp.GPIndividual@382715651{251104478},3C_20_80-03.txt,169.439,1.000,169.439,7,83.141,49.07,11.877,46.000,0.531
9,ec.gp.GPIndividual@382715651{251104478},3C_20_50-03.txt,30.993,1.000,30.993,5,27.047,87.27,5.409,46.000,0.531
9,ec.gp.GPIndividual@382715651{251104478},3C_20_66-01.txt,7.322,1.000,7.322,3,54.031,737.91,18.010,51.266,0.531
9,ec.gp.GPIndividual@382715651{251104478},3C_20_80-01.txt,4.194,1.000,4.194,3,49.750,1186.08,16.583,51.266,0.531
9,ec.gp.GPIndividual@382715651{251104478},3C_20_66-03.txt,118.340,1.000,118.340,8,119.688,101.14,14.961,56.375,0.531
9,ec.gp.GPIndividual@166521995{-706583360},3C_20_50-02.txt,61.404,1.000,61.404,3,63.219,102.95,21.073,60.688,0.000
9,ec.gp.GPIndividual@166521995{-706583360},3C_20_66-02.txt,154.245,1.000,154.245,1,0.344,0.22,0.344,60.688,0.000
9,ec.gp.GPIndividual@166521995{-706583360},3C_20_66-01.txt,7.322,1.000,7.322,1,0.516,7.04,0.516,60.688,0.000
9,ec.gp.GPIndividual@166521995{-706583360},3C_20_50-03.txt,30.993,1.000,30.993,2,1.156,3.73,0.578,60.688,0.000
9,ec.gp.GPIndividual@166521995{-706583360},3C_20_80-02.txt,35.738,1.000,35.738,9,21.344,59.72,2.372,60.688,0.000
9,ec.gp.GPIndividual@166521995{-706583360},3C_20_66-01.txt,7.322,1.000,7.322,5,5.453,74.47,1.091,60.688,0.000
9,ec.gp.GPIndividual@166521995{-706583360},3C_20_66-02.txt,154.245,1.000,154.245,6,10.313,6.69,1.719,60.688,0.000
9,ec.gp.GPIndividual@166521995{-706583360},3C_20_66-03.txt,118.340,1.000,118.340,4,9.547,8.07,2.387,60.688,0.000
9,ec.gp.GPIndividual@166521995{-706583360},3C_20_80-01.txt,4.194,1.000,4.194,2,1.453,34.64,0.727,60.688,0.000
9,ec.gp.GPIndividual@166521995{-706583360},3C_20_80-02.txt,35.738,1.000,35.738,2,2.219,6.21,1.109,60.688,0.000
9,ec.gp.GPIndividual@166521995{-706583360},3C_20_80-03.txt,169.439,1.000,169.439,2,24.906,14.70,12.453,60.688,0.000
9,ec.gp.GPIndividual@166521995{-706583360},3C_20_50-03.txt,30.993,1.000,30.993,1,6.313,20.37,6.313,60.688,0.000
9,ec.gp.GPIndividual@8404028{346171897},3C_20_50-02.txt,61.404,1.000,61.404,1,0.531,0.87,0.531,0.531,0.531
9,ec.gp.GPIndividual@8404028{346171897},3C_20_50-03.txt,30.993,1.000,30.993,2,9.094,29.34,4.547,4.656,0.531
9,ec.gp.GPIndividual@8404028{346171897},3C_20_66-01.txt,7.322,1.000,7.322,1,1.109,15.15,1.109,4.656,0.531
9,ec.gp.GPIndividual@8404028{346171897},3C_20_66-02.txt,154.245,1.000,154.245,2,9.625,6.24,4.813,7.516,0.531
9,ec.gp.GPIndividual@8404028{346171897},3C_20_66-03.txt,118.340,1.000,118.340,1,6.359,5.37,6.359,7.516,0.531
9,ec.gp.GPIndividual@8404028{346171897},3C_20_80-01.txt,4.194,1.000,4.194,1,1.469,35.02,1.469,7.516,0.531
9,ec.gp.GPIndividual@8404028{346171897},3C_20_80-02.txt,35.738,1.000,35.738,2,12.047,33.71,6.023,9.750,0.531
9,ec.gp.GPIndividual@8404028{346171897},3C_20_80-03.txt,169.439,1.000,169.439,1,6.156,3.63,6.156,9.750,0.531
9,ec.gp.GPIndividual@284315441{1388036844},3C_20_50-02.txt,61.404,1.000,61.404,6,102.391,166.75,17.065,45.000,0.344
9,ec.gp.GPIndividual@284315441{1388036844},3C_20_66-03.txt,118.340,1.000,118.340,1,1.625,1.37,1.625,45.000,0.344
9,ec.gp.GPIndividual@284315441{1388036844},3C_20_66-01.txt,7.322,1.000,7.322,2,48.781,666.21,24.391,46.047,0.344
9,ec.gp.GPIndividual@284315441{1388036844},3C_20_80-03.txt,169.439,1.000,169.439,6,53.219,31.41,8.870,50.234,0.344
9,ec.gp.GPIndividual@284315441{1388036844},3C_20_50-03.txt,30.993,1.000,30.993,9,30.188,97.40,3.354,50.234,0.344
9,ec.gp.GPIndividual@1511797421{945279834},3C_20_50-02.txt,61.404,1.000,61.404,5,19.438,31.65,3.888,9.297,0.344
9,ec.gp.GPIndividual@1511797421{945279834},3C_20_66-02.txt,154.245,1.000,154.245,14,182.141,118.09,13.010,47.047,0.344
9,ec.gp.GPIndividual@1511797421{945279834},3C_20_66-02.txt,154.245,1.000,154.245,6,31.516,20.43,5.253,47.047,0.344
9,ec.gp.GPIndividual@1511797421{945279834},3C_20_80-01.txt,4.194,1.000,4.194,2,46.750,1114.56,23.375,47.047,0.344
9,ec.gp.GPIndividual@1511797421{945279834},3C_20_66-03.txt,118.340,1.000,118.340,13,118.500,100.14,9.115,54.781,0.172
9,ec.gp.GPIndividual@1511797421{945279834},3C_20_80-01.txt,4.194,1.000,4.194,2,11.219,267.46,5.609,54.781,0.172
9,ec.gp.GPIndividual@1511797421{945279834},3C_20_50-03.txt,30.993,1.000,30.993,10,37.828,122.06,3.783,54.781,0.172
9,ec.gp.GPIndividual@1511797421{945279834},3C_20_80-02.txt,35.738,1.000,35.738,6,44.250,123.82,7.375,54.781,0.172
9,ec.gp.GPIndividual@1511797421{945279834},3C_20_80-01.txt,4.194,1.000,4.194,4,4.359,103.93,1.090,54.781,0.172
9,ec.gp.GPIndividual@1511797421{945279834},3C_20_80-03.txt,169.439,1.000,169.439,11,139.969,82.61,12.724,57.531,0.172
9,ec.gp.GPIndividual@1511797421{945279834},3C_20_66-01.txt,7.322,1.000,7.322,7,7.188,98.16,1.027,57.531,0.172
9,ec.gp.GPIndividual@1511797421{945279834},3C_20_66-02.txt,154.245,1.000,154.245,9,160.281,103.91,17.809,57.531,0.172
9,ec.gp.GPIndividual@1511797421{945279834},3C_20_80-02.txt,35.738,1.000,35.738,3,62.234,174.14,20.745,58.984,0.172
9,ec.gp.GPIndividual@421889813{-1647904082},3C_20_50-02.txt,61.404,1.000,61.404,0,0.000,0.00,0.000,0.000,0.000
9,ec.gp.GPIndividual@421889813{-1647904082},3C_20_50-03.txt,30.993,1.000,30.993,0,0.000,0.00,0.000,0.000,0.000
9,ec.gp.GPIndividual@421889813{-1647904082},3C_20_66-01.txt,7.322,1.000,7.322,0,0.000,0.00,0.000,0.000,0.000
9,ec.gp.GPIndividual@421889813{-1647904082},3C_20_66-02.txt,154.245,1.000,154.245,0,0.000,0.00,0.000,0.000,0.000
9,ec.gp.GPIndividual@421889813{-1647904082},3C_20_66-03.txt,118.340,1.000,118.340,0,0.000,0.00,0.000,0.000,0.000
9,ec.gp.GPIndividual@421889813{-1647904082},3C_20_80-01.txt,4.194,1.000,4.194,0,0.000,0.00,0.000,0.000,0.000
9,ec.gp.GPIndividual@421889813{-1647904082},3C_20_80-02.txt,35.738,1.000,35.738,0,0.000,0.00,0.000,0.000,0.000
9,ec.gp.GPIndividual@421889813{-1647904082},3C_20_80-03.txt,169.439,1.000,169.439,0,0.000,0.00,0.000,0.000,0.000
9,ec.gp.GPIndividual@744315804{-1961399455},3C_20_50-02.txt,61.404,1.000,61.404,3,21.719,35.37,7.240,19.781,0.766
9,ec.gp.GPIndividual@744315804{-1961399455},3C_20_80-02.txt,35.738,1.000,35.738,11,63.781,178.47,5.798,44.844,0.766
9,ec.gp.GPIndividual@744315804{-1961399455},3C_20_66-03.txt,118.340,1.000,118.340,1,33.609,28.40,33.609,44.844,0.766
9,ec.gp.GPIndividual@744315804{-1961399455},3C_20_66-03.txt,118.340,1.000,118.340,3,67.578,57.11,22.526,48.938,0.766
9,ec.gp.GPIndividual@744315804{-1961399455},3C_20_50-03.txt,30.993,1.000,30.993,6,30.656,98.91,5.109,48.938,0.766
9,ec.gp.GPIndividual@744315804{-1961399455},3C_20_66-01.txt,7.322,1.000,7.322,4,6.859,93.68,1.715,48.938,0.516
9,ec.gp.GPIndividual@744315804{-1961399455},3C_20_66-02.txt,154.245,1.000,154.245,3,12.328,7.99,4.109,48.938,0.516
9,ec.gp.GPIndividual@744315804{-1961399455},3C_20_80-03.txt,169.439,1.000,169.439,7,38.109,22.49,5.444,48.938,0.516
9,ec.gp.GPIndividual@744315804{-1961399455},3C_20_80-03.txt,169.439,1.000,169.439,1,27.797,16.41,27.797,48.938,0.516
9,ec.gp.GPIndividual@744315804{-1961399455},3C_20_66-01.txt,7.322,1.000,7.322,3,9.172,125.26,3.057,48.938,0.516
9,ec.gp.GPIndividual@315684967{-1204294362},3C_20_50-02.txt,61.404,1.000,61.404,9,105.313,171.51,11.701,50.688,0.531
9,ec.gp.GPIndividual@315684967{-1204294362},3C_20_80-01.txt,4.194,1.000,4.194,2,3.484,83.07,1.742,50.688,0.531
9,ec.gp.GPIndividual@315684967{-1204294362},3C_20_50-03.txt,30.993,1.000,30.993,1,51.578,166.42,51.578,51.578,0.531
9,ec.gp.GPIndividual@315684967{-1204294362},3C_20_80-01.txt,4.194,1.000,4.194,5,4.219,100.58,0.844,51.578,0.156
9,ec.gp.GPIndividual@315684967{-1204294362},3C_20_80-02.txt,35.738,1.000,35.738,1,0.688,1.92,0.688,51.578,0.156
9,ec.gp.GPIndividual@315684967{-1204294362},3C_20_80-02.txt,35.738,1.000,35.738,1,45.953,128.58,45.953,51.578,0.156
9,ec.gp.GPIndividual@315684967{-1204294362},3C_20_66-03.txt,118.340,1.000,118.340,17,113.953,96.29,6.703,62.703,0.156
9,ec.gp.GPIndividual@1047684847{-1174224145},3C_20_50-02.txt,61.404,1.000,61.404,7,39.172,63.79,5.596,22.094,0.500
9,ec.gp.GPIndividual@1047684847{-1174224145},3C_20_66-02.txt,154.245,1.000,154.245,7,39.531,25.63,5.647,28.172,0.500
9,ec.gp.GPIndividual@1047684847{-1174224145},3C_20_80-01.txt,4.194,1.000,4.194,1,19.031,453.72,19.031,28.172,0.500
9,ec.gp.GPIndividual@1047684847{-1174224145},3C_20_66-01.txt,7.322,1.000,7.322,3,35.875,489.95,11.958,33.234,0.500
9,ec.gp.GPIndividual@1047684847{-1174224145},3C_20_80-03.txt,169.439,1.000,169.439,13,204.703,120.81,15.746,60.594,0.500
9,ec.gp.GPIndividual@1047684847{-1174224145},3C_20_66-02.txt,154.245,1.000,154.245,7,113.109,73.33,16.158,60.594,0.500
9,ec.gp.GPIndividual@1047684847{-1174224145},3C_20_80-03.txt,169.439,1.000,169.439,2,47.313,27.92,23.656,60.594,0.500
9,ec.gp.GPIndividual@1047684847{-1174224145},3C_20_80-02.txt,35.738,1.000,35.738,7,43.063,120.49,6.152,60.594,0.500
9,ec.gp.GPIndividual@1047684847{-1174224145},3C_20_66-03.txt,118.340,1.000,118.340,3,25.422,21.48,8.474,60.594,0.500
9,ec.gp.GPIndividual@1047684847{-1174224145},3C_20_80-03.txt,169.439,1.000,169.439,3,48.484,28.61,16.161,60.594,0.500
9,ec.gp.GPIndividual@198086865{1023331315},3C_20_50-02.txt,61.404,1.000,61.404,1,0.344,0.56,0.344,0.344,0.344
9,ec.gp.GPIndividual@198086865{1023331315},3C_20_50-03.txt,30.993,1.000,30.993,1,4.281,13.81,4.281,4.281,0.344
9,ec.gp.GPIndividual@198086865{1023331315},3C_20_66-01.txt,7.322,1.000,7.322,1,1.094,14.94,1.094,4.281,0.344
9,ec.gp.GPIndividual@198086865{1023331315},3C_20_66-02.txt,154.245,1.000,154.245,1,2.609,1.69,2.609,4.281,0.344
9,ec.gp.GPIndividual@198086865{1023331315},3C_20_66-03.txt,118.340,1.000,118.340,2,52.406,44.28,26.203,45.563,0.344
9,ec.gp.GPIndividual@198086865{1023331315},3C_20_80-01.txt,4.194,1.000,4.194,1,59.328,1414.43,59.328,59.328,0.344
9,ec.gp.GPIndividual@198086865{1023331315},3C_20_50-03.txt,30.993,1.000,30.993,1,1.641,5.29,1.641,59.328,0.344
9,ec.gp.GPIndividual@198086865{1023331315},3C_20_80-02.txt,35.738,1.000,35.738,1,2.000,5.60,2.000,59.328,0.344
9,ec.gp.GPIndividual@198086865{1023331315},3C_20_80-03.txt,169.439,1.000,169.439,2,48.000,28.33,24.000,59.328,0.344
9,ec.gp.GPIndividual@1078671439{-1121110873},3C_20_50-02.txt,61.404,1.000,61.404,0,0.000,0.00,0.000,0.000,0.000
9,ec.gp.GPIndividual@1078671439{-1121110873},3C_20_50-03.txt,30.993,1.000,30.993,0,0.000,0.00,0.000,0.000,0.000
9,ec.gp.GPIndividual@1078671439{-1121110873},3C_20_66-01.txt,7.322,1.000,7.322,0,0.000,0.00,0.000,0.000,0.000
9,ec.gp.GPIndividual@1078671439{-1121110873},3C_20_66-02.txt,154.245,1.000,154.245,0,0.000,0.00,0.000,0.000,0.000
9,ec.gp.GPIndividual@1078671439{-1121110873},3C_20_66-03.txt,118.340,1.000,118.340,0,0.000,0.00,0.000,0.000,0.000
9,ec.gp.GPIndividual@1078671439{-1121110873},3C_20_80-01.txt,4.194,1.000,4.194,0,0.000,0.00,0.000,0.000,0.000
9,ec.gp.GPIndividual@1078671439{-1121110873},3C_20_80-02.txt,35.738,1.000,35.738,0,0.000,0.00,0.000,0.000,0.000
9,ec.gp.GPIndividual@1078671439{-1121110873},3C_20_80-03.txt,169.439,1.000,169.439,0,0.000,0.00,0.000,0.000,0.000
9,ec.gp.GPIndividual@2147260440{-44837064},3C_20_50-02.txt,61.404,1.000,61.404,3,8.250,13.44,2.750,5.859,0.531
9,ec.gp.GPIndividual@351025584{-357374301},3C_20_50-02.txt,61.404,1.000,61.404,7,74.922,122.01,10.703,34.438,0.313
9,ec.gp.GPIndividual@351025584{-357374301},3C_20_50-03.txt,30.993,1.000,30.993,1,32.125,103.65,32.125,34.438,0.313
9,ec.gp.GPIndividual@351025584{-357374301},3C_20_80-02.txt,35.738,1.000,35.738,5,36.172,101.21,7.234,34.438,0.313
9,ec.gp.GPIndividual@351025584{-357374301},3C_20_66-02.txt,154.245,1.000,154.245,16,166.828,108.16,10.427,39.625,0.313
9,ec.gp.GPIndividual@351025584{-357374301},3C_20_66-03.txt,118.340,1.000,118.340,6,140.406,118.65,23.401,58.563,0.313
9,ec.gp.GPIndividual@351025584{-357374301},3C_20_66-01.txt,7.322,1.000,7.322,7,6.953,94.96,0.993,58.563,0.297
9,ec.gp.GPIndividual@351025584{-357374301},3C_20_50-03.txt,30.993,1.000,30.993,5,35.328,113.99,7.066,58.563,0.297
9,ec.gp.GPIndividual@351025584{-357374301},3C_20_80-01.txt,4.194,1.000,4.194,1,31.328,746.89,31.328,58.563,0.297
9,ec.gp.GPIndividual@351025584{-357374301},3C_20_80-03.txt,169.439,1.000,169.439,13,78.547,46.36,6.042,58.563,0.297
9,ec.gp.GPIndividual@351025584{-357374301},3C_20_66-02.txt,154.245,1.000,154.245,9,164.531,106.67,18.281,58.563,0.297
9,ec.gp.GPIndividual@123369501{-1031375283},3C_20_50-02.txt,61.404,1.000,61.404,7,65.344,106.42,9.335,34.750,0.422
9,ec.gp.GPIndividual@123369501{-1031375283},3C_20_66-03.txt,118.340,1.000,118.340,1,1.828,1.54,1.828,34.750,0.422
9,ec.gp.GPIndividual@123369501{-1031375283},3C_20_80-02.txt,35.738,1.000,35.738,6,43.297,121.15,7.216,34.750,0.422
9,ec.gp.GPIndividual@123369501{-1031375283},3C_20_80-01.txt,4.194,1.000,4.194,2,52.297,1246.80,26.148,50.750,0.422
9,ec.gp.GPIndividual@123369501{-1031375283},3C_20_66-01.txt,7.322,1.000,7.322,5,6.641,90.69,1.328,50.750,0.422
9,ec.gp.GPIndividual@123369501{-1031375283},3C_20_80-03.txt,169.439,1.000,169.439,16,171.188,101.03,10.699,52.328,0.422
9,ec.gp.GPIndividual@1912108330{-1031375283},3C_20_50-02.txt,61.404,1.000,61.404,3,107.578,175.20,35.859,56.391,0.438
9,ec.gp.GPIndividual@1912108330{-1031375283},3C_20_50-03.txt,30.993,1.000,30.993,5,31.859,102.80,6.372,56.391,0.438
9,ec.gp.GPIndividual@1912108330{-1031375283},3C_20_80-02.txt,35.738,1.000,35.738,10,53.219,148.91,5.322,56.391,0.438
9,ec.gp.GPIndividual@1912108330{-1031375283},3C_20_66-02.txt,154.245,1.000,154.245,2,13.234,8.58,6.617,56.391,0.438
9,ec.gp.GPIndividual@1912108330{-1031375283},3C_20_80-01.txt,4.194,1.000,4.194,2,7.438,177.32,3.719,56.391,0.438
9,ec.gp.GPIndividual@1912108330{-1031375283},3C_20_80-03.txt,169.439,1.000,169.439,17,211.438,124.79,12.438,58.297,0.438
9,ec.gp.GPIndividual@1912108330{-1031375283},3C_20_50-03.txt,30.993,1.000,30.993,1,55.375,178.67,55.375,58.297,0.438
9,ec.gp.GPIndividual@614532490{937771163},3C_20_50-02.txt,61.404,1.000,61.404,9,89.203,145.27,9.911,40.359,0.281
9,ec.gp.GPIndividual@614532490{937771163},3C_20_66-01.txt,7.322,1.000,7.322,5,7.453,101.79,1.491,40.359,0.141
9,ec.gp.GPIndividual@614532490{937771163},3C_20_66-01.txt,7.322,1.000,7.322,1,8.563,116.94,8.563,40.359,0.141
9,ec.gp.GPIndividual@614532490{937771163},3C_20_80-02.txt,35.738,1.000,35.738,14,36.219,101.34,2.587,40.359,0.141
9,ec.gp.GPIndividual@614532490{937771163},3C_20_66-03.txt,118.340,1.000,118.340,11,140.859,119.03,12.805,40.359,0.141
9,ec.gp.GPIndividual@614532490{937771163},3C_20_50-03.txt,30.993,1.000,30.993,1,34.344,110.81,34.344,40.359,0.141
9,ec.gp.GPIndividual@614532490{937771163},3C_20_80-01.txt,4.194,1.000,4.194,3,3.188,75.99,1.063,40.359,0.141
9,ec.gp.GPIndividual@614532490{937771163},3C_20_80-02.txt,35.738,1.000,35.738,3,55.078,154.12,18.359,45.672,0.141
9,ec.gp.GPIndividual@614532490{937771163},3C_20_80-03.txt,169.439,1.000,169.439,9,48.125,28.40,5.347,45.672,0.141
9,ec.gp.GPIndividual@614532490{937771163},3C_20_66-02.txt,154.245,1.000,154.245,10,165.406,107.24,16.541,60.906,0.141
9,ec.gp.GPIndividual@614532490{937771163},3C_20_80-03.txt,169.439,1.000,169.439,7,169.234,99.88,24.176,61.469,0.141
9,ec.gp.GPIndividual@614532490{937771163},3C_20_66-01.txt,7.322,1.000,7.322,7,6.719,91.76,0.960,61.469,0.141
9,ec.gp.GPIndividual@614532490{937771163},3C_20_66-02.txt,154.245,1.000,154.245,6,26.297,17.05,4.383,61.469,0.141
9,ec.gp.GPIndividual@614532490{937771163},3C_20_66-02.txt,154.245,1.000,154.245,7,78.172,50.68,11.167,61.469,0.141
9,ec.gp.GPIndividual@1041038916{-1545762229},3C_20_50-02.txt,61.404,1.000,61.404,1,0.438,0.71,0.438,0.438,0.438
9,ec.gp.GPIndividual@1041038916{-1545762229},3C_20_50-03.txt,30.993,1.000,30.993,1,41.203,132.95,41.203,41.203,0.438
9,ec.gp.GPIndividual@729998227{-1031375283},3C_20_50-02.txt,61.404,1.000,61.404,5,18.219,29.67,3.644,14.953,0.156
9,ec.gp.GPIndividual@506923397{-1652533266},3C_20_50-02.txt,61.404,1.000,61.404,1,0.141,0.23,0.141,0.141,0.141
9,ec.gp.GPIndividual@506923397{-1652533266},3C_20_50-03.txt,30.993,1.000,30.993,1,1.844,5.95,1.844,1.844,0.141
9,ec.gp.GPIndividual@506923397{-1652533266},3C_20_66-01.txt,7.322,1.000,7.322,1,0.359,4.91,0.359,1.844,0.141
9,ec.gp.GPIndividual@506923397{-1652533266},3C_20_66-02.txt,154.245,1.000,154.245,1,1.094,0.71,1.094,1.844,0.141
9,ec.gp.GPIndividual@506923397{-1652533266},3C_20_66-03.txt,118.340,1.000,118.340,1,2.797,2.36,2.797,2.797,0.141
9,ec.gp.GPIndividual@506923397{-1652533266},3C_20_80-01.txt,4.194,1.000,4.194,1,0.531,12.67,0.531,2.797,0.141
9,ec.gp.GPIndividual@506923397{-1652533266},3C_20_80-02.txt,35.738,1.000,35.738,1,0.922,2.58,0.922,2.797,0.141
9,ec.gp.GPIndividual@506923397{-1652533266},3C_20_80-03.txt,169.439,1.000,169.439,1,2.609,1.54,2.609,2.797,0.141
9,ec.gp.GPIndividual@786131081{-2007274453},3C_20_50-02.txt,61.404,1.000,61.404,13,67.734,110.31,5.210,21.141,0.156
9,ec.gp.GPIndividual@786131081{-2007274453},3C_20_50-03.txt,30.993,1.000,30.993,1,1.547,4.99,1.547,21.141,0.156
9,ec.gp.GPIndividual@786131081{-2007274453},3C_20_66-01.txt,7.322,1.000,7.322,9,7.047,96.24,0.783,21.141,0.156
9,ec.gp.GPIndividual@786131081{-2007274453},3C_20_66-02.txt,154.245,1.000,154.245,13,138.281,89.65,10.637,56.797,0.156
9,ec.gp.GPIndividual@786131081{-2007274453},3C_20_66-01.txt,7.322,1.000,7.322,7,6.078,83.01,0.868,56.797,0.156
9,ec.gp.GPIndividual@786131081{-2007274453},3C_20_66-02.txt,154.245,1.000,154.245,13,150.219,97.39,11.555,56.797,0.156
9,ec.gp.GPIndividual@786131081{-2007274453},3C_20_66-03.txt,118.340,1.000,118.340,3,22.938,19.38,7.646,56.797,0.156
9,ec.gp.GPIndividual@786131081{-2007274453},3C_20_66-03.txt,118.340,1.000,118.340,10,115.672,97.75,11.567,56.797,0.156
9,ec.gp.GPIndividual@786131081{-2007274453},3C_20_80-01.txt,4.194,1.000,4.194,9,4.078,97.23,0.453,56.797,0.125
9,ec.gp.GPIndividual@786131081{-2007274453},3C_20_80-02.txt,35.738,1.000,35.738,7,24.125,67.50,3.446,56.797,0.125
9,ec.gp.GPIndividual@786131081{-2007274453},3C_20_80-01.txt,4.194,1.000,4.194,3,9.125,217.55,3.042,56.797,0.125
9,ec.gp.GPIndividual@786131081{-2007274453},3C_20_80-03.txt,169.439,1.000,169.439,9,154.813,91.37,17.201,66.578,0.125
9,ec.gp.GPIndividual@786131081{-2007274453},3C_20_80-02.txt,35.738,1.000,35.738,6,26.625,74.50,4.438,66.578,0.125
9,ec.gp.GPIndividual@702725147{-1031375283},3C_20_50-02.txt,61.404,1.000,61.404,8,55.563,90.49,6.945,20.953,0.094
9,ec.gp.GPIndividual@702725147{-1031375283},3C_20_80-03.txt,169.439,1.000,169.439,5,152.859,90.21,30.572,67.172,0.094
9,ec.gp.GPIndividual@702725147{-1031375283},3C_20_50-03.txt,30.993,1.000,30.993,7,60.703,195.86,8.672,67.172,0.094
9,ec.gp.GPIndividual@315652816{1274039228},3C_20_50-02.txt,61.404,1.000,61.404,9,50.625,82.45,5.625,20.063,0.031
9,ec.gp.GPIndividual@315652816{1274039228},3C_20_50-03.txt,30.993,1.000,30.993,7,25.609,82.63,3.658,20.063,0.031
9,ec.gp.GPIndividual@315652816{1274039228},3C_20_66-01.txt,7.322,1.000,7.322,7,5.906,80.66,0.844,20.063,0.031
9,ec.gp.GPIndividual@315652816{1274039228},3C_20_66-02.txt,154.245,1.000,154.245,11,127.094,82.40,11.554,50.391,0.031
9,ec.gp.GPIndividual@315652816{1274039228},3C_20_66-03.txt,118.340,1.000,118.340,7,87.875,74.26,12.554,50.391,0.031
9,ec.gp.GPIndividual@315652816{1274039228},3C_20_80-01.txt,4.194,1.000,4.194,9,3.672,87.54,0.408,50.391,0.031
9,ec.gp.GPIndividual@315652816{1274039228},3C_20_80-02.txt,35.738,1.000,35.738,7,23.250,65.06,3.321,50.391,0.031
9,ec.gp.GPIndividual@315652816{1274039228},3C_20_80-03.txt,169.439,1.000,169.439,3,108.734,64.17,36.245,67.484,0.031
9,ec.gp.GPIndividual@1184788999{-1031375283},3C_20_50-02.txt,61.404,1.000,61.404,9,50.594,82.39,5.622,20.094,0.031
9,ec.gp.GPIndividual@1184788999{-1031375283},3C_20_50-03.txt,30.993,1.000,30.993,7,25.578,82.53,3.654,20.094,0.031
9,ec.gp.GPIndividual@1184788999{-1031375283},3C_20_66-01.txt,7.322,1.000,7.322,7,5.938,81.09,0.848,20.094,0.031
9,ec.gp.GPIndividual@1184788999{-1031375283},3C_20_66-02.txt,154.245,1.000,154.245,11,127.047,82.37,11.550,50.422,0.031
9,ec.gp.GPIndividual@1184788999{-1031375283},3C_20_66-03.txt,118.340,1.000,118.340,7,87.828,74.22,12.547,50.422,0.031
9,ec.gp.GPIndividual@1184788999{-1031375283},3C_20_80-01.txt,4.194,1.000,4.194,9,3.672,87.54,0.408,50.422,0.031
9,ec.gp.GPIndividual@1184788999{-1031375283},3C_20_80-02.txt,35.738,1.000,35.738,7,23.250,65.06,3.321,50.422,0.031
9,ec.gp.GPIndividual@1184788999{-1031375283},3C_20_80-03.txt,169.439,1.000,169.439,3,108.766,64.19,36.255,67.484,0.031
10,ec.gp.GPIndividual@1705553303{356756543},3C_20_50-02.txt,61.404,1.000,61.404,0,0.000,0.00,0.000,0.000,0.000
10,ec.gp.GPIndividual@1705553303{356756543},3C_20_50-03.txt,30.993,1.000,30.993,0,0.000,0.00,0.000,0.000,0.000
10,ec.gp.GPIndividual@1705553303{356756543},3C_20_66-01.txt,7.322,1.000,7.322,0,0.000,0.00,0.000,0.000,0.000
10,ec.gp.GPIndividual@1705553303{356756543},3C_20_66-02.txt,154.245,1.000,154.245,0,0.000,0.00,0.000,0.000,0.000
10,ec.gp.GPIndividual@1705553303{356756543},3C_20_66-03.txt,118.340,1.000,118.340,0,0.000,0.00,0.000,0.000,0.000
10,ec.gp.GPIndividual@1705553303{356756543},3C_20_80-01.txt,4.194,1.000,4.194,0,0.000,0.00,0.000,0.000,0.000
10,ec.gp.GPIndividual@1705553303{356756543},3C_20_80-02.txt,35.738,1.000,35.738,0,0.000,0.00,0.000,0.000,0.000
10,ec.gp.GPIndividual@1705553303{356756543},3C_20_80-03.txt,169.439,1.000,169.439,0,0.000,0.00,0.000,0.000,0.000
10,ec.gp.GPIndividual@1174595092{-456888907},3C_20_50-02.txt,61.404,1.000,61.404,0,0.000,0.00,0.000,0.000,0.000
10,ec.gp.GPIndividual@1174595092{-456888907},3C_20_50-03.txt,30.993,1.000,30.993,0,0.000,0.00,0.000,0.000,0.000
10,ec.gp.GPIndividual@1174595092{-456888907},3C_20_66-01.txt,7.322,1.000,7.322,0,0.000,0.00,0.000,0.000,0.000
10,ec.gp.GPIndividual@1174595092{-456888907},3C_20_66-02.txt,154.245,1.000,154.245,0,0.000,0.00,0.000,0.000,0.000
10,ec.gp.GPIndividual@1174595092{-456888907},3C_20_66-03.txt,118.340,1.000,118.340,0,0.000,0.00,0.000,0.000,0.000
10,ec.gp.GPIndividual@1174595092{-456888907},3C_20_80-01.txt,4.194,1.000,4.194,0,0.000,0.00,0.000,0.000,0.000
10,ec.gp.GPIndividual@1174595092{-456888907},3C_20_80-02.txt,35.738,1.000,35.738,0,0.000,0.00,0.000,0.000,0.000
10,ec.gp.GPIndividual@1174595092{-456888907},3C_20_80-03.txt,169.439,1.000,169.439,0,0.000,0.00,0.000,0.000,0.000
10,ec.gp.GPIndividual@1469383422{-2112558485},3C_20_50-02.txt,61.404,1.000,61.404,5,1.688,2.75,0.338,0.375,0.281
10,ec.gp.GPIndividual@1469383422{-2112558485},3C_20_50-03.txt,30.993,1.000,30.993,1,0.281,0.91,0.281,0.375,0.281
10,ec.gp.GPIndividual@1469383422{-2112558485},3C_20_50-03.txt,30.993,1.000,30.993,7,16.531,53.34,2.362,4.297,0.281
10,ec.gp.GPIndividual@1469383422{-2112558485},3C_20_66-01.txt,7.322,1.000,7.322,1,4.297,58.68,4.297,4.297,0.281
10,ec.gp.GPIndividual@1469383422{-2112558485},3C_20_66-01.txt,7.322,1.000,7.322,4,7.359,100.51,1.840,4.297,0.281
10,ec.gp.GPIndividual@1469383422{-2112558485},3C_20_66-02.txt,154.245,1.000,154.245,1,1.078,0.70,1.078,4.297,0.281
10,ec.gp.GPIndividual@1469383422{-2112558485},3C_20_66-02.txt,154.245,1.000,154.245,1,0.641,0.42,0.641,4.297,0.281
10,ec.gp.GPIndividual@1469383422{-2112558485},3C_20_50-03.txt,30.993,1.000,30.993,4,9.953,32.11,2.488,4.297,0.281
10,ec.gp.GPIndividual@1469383422{-2112558485},3C_20_66-03.txt,118.340,1.000,118.340,1,2.422,2.05,2.422,4.297,0.281
10,ec.gp.GPIndividual@1469383422{-2112558485},3C_20_66-03.txt,118.340,1.000,118.340,3,13.063,11.04,4.354,6.094,0.281
10,ec.gp.GPIndividual@1469383422{-2112558485},3C_20_80-01.txt,4.194,1.000,4.194,1,6.422,153.10,6.422,6.422,0.281
10,ec.gp.GPIndividual@1469383422{-2112558485},3C_20_80-01.txt,4.194,1.000,4.194,1,1.422,33.90,1.422,6.422,0.281
10,ec.gp.GPIndividual@1469383422{-2112558485},3C_20_80-02.txt,35.738,1.000,35.738,1,1.422,3.98,1.422,6.422,0.281
10,ec.gp.GPIndividual@1469383422{-2112558485},3C_20_80-02.txt,35.738,1.000,35.738,3,22.000,61.56,7.333,10.563,0.281
10,ec.gp.GPIndividual@1469383422{-2112558485},3C_20_80-03.txt,169.439,1.000,169.439,1,2.156,1.27,2.156,10.563,0.281
10,ec.gp.GPIndividual@1469383422{-2112558485},3C_20_80-03.txt,169.439,1.000,169.439,2,13.344,7.88,6.672,10.563,0.281
10,ec.gp.GPIndividual@1333985940{-830548025},3C_20_50-02.txt,61.404,1.000,61.404,2,12.797,20.84,6.398,6.406,6.391
10,ec.gp.GPIndividual@686121839{1874550447},3C_20_50-02.txt,61.404,1.000,61.404,2,1.000,1.63,0.500,0.500,0.500
10,ec.gp.GPIndividual@686121839{1874550447},3C_20_50-03.txt,30.993,1.000,30.993,5,28.891,93.22,5.778,10.547,0.500
10,ec.gp.GPIndividual@686121839{1874550447},3C_20_66-01.txt,7.322,1.000,7.322,1,0.938,12.80,0.938,10.547,0.500
10,ec.gp.GPIndividual@686121839{1874550447},3C_20_66-02.txt,154.245,1.000,154.245,3,8.953,5.80,2.984,10.547,0.500
10,ec.gp.GPIndividual@686121839{1874550447},3C_20_66-03.txt,118.340,1.000,118.340,1,7.500,6.34,7.500,10.547,0.500
10,ec.gp.GPIndividual@686121839{1874550447},3C_20_50-03.txt,30.993,1.000,30.993,3,14.031,45.27,4.677,10.547,0.500
10,ec.gp.GPIndividual@686121839{1874550447},3C_20_80-01.txt,4.194,1.000,4.194,1,1.469,35.02,1.469,10.547,0.500
10,ec.gp.GPIndividual@686121839{1874550447},3C_20_80-02.txt,35.738,1.000,35.738,1,2.391,6.69,2.391,10.547,0.500
10,ec.gp.GPIndividual@686121839{1874550447},3C_20_80-03.txt,169.439,1.000,169.439,2,33.219,19.61,16.609,22.047,0.500
10,ec.gp.GPIndividual@686121839{1874550447},3C_20_50-03.txt,30.993,1.000,30.993,2,13.609,43.91,6.805,22.047,0.500
10,ec.gp.GPIndividual@436605564{-229684254},3C_20_50-02.txt,61.404,1.000,61.404,6,64.969,105.80,10.828,46.375,0.531
10,ec.gp.GPIndividual@436605564{-229684254},3C_20_50-03.txt,30.993,1.000,30.993,3,37.047,119.53,12.349,46.375,0.531
10,ec.gp.GPIndividual@436605564{-229684254},3C_20_66-01.txt,7.322,1.000,7.322,4,8.125,110.96,2.031,46.375,0.531
10,ec.gp.GPIndividual@436605564{-229684254},3C_20_66-02.txt,154.245,1.000,154.245,2,3.000,1.94,1.500,46.375,0.328
10,ec.gp.GPIndividual@436605564{-229684254},3C_20_66-01.txt,7.322,1.000,7.322,5,7.250,99.01,1.450,46.375,0.328
10,ec.gp.GPIndividual@436605564{-229684254},3C_20_66-02.txt,154.245,1.000,154.245,16,169.078,109.62,10.567,63.328,0.328
10,ec.gp.GPIndividual@436605564{-229684254},3C_20_50-03.txt,30.993,1.000,30.993,2,48.750,157.30,24.375,63.328,0.328
10,ec.gp.GPIndividual@436605564{-229684254},3C_20_66-03.txt,118.340,1.000,118.340,5,137.625,116.30,27.525,63.328,0.328
10,ec.gp.GPIndividual@436605564{-229684254},3C_20_66-01.txt,7.322,1.000,7.322,4,25.594,349.54,6.398,63.328,0.328
10,ec.gp.GPIndividual@436605564{-229684254},3C_20_66-01.txt,7.322,1.000,7.322,4,7.359,100.51,1.840,63.328,0.328
10,ec.gp.GPIndividual@436605564{-229684254},3C_20_66-01.txt,7.322,1.000,7.322,4,14.063,192.05,3.516,63.328,0.328
10,ec.gp.GPIndividual@436605564{-229684254},3C_20_66-03.txt,118.340,1.000,118.340,11,50.078,42.32,4.553,63.328,0.328
10,ec.gp.GPIndividual@436605564{-229684254},3C_20_50-03.txt,30.993,1.000,30.993,5,67.969,219.31,13.594,63.328,0.328
10,ec.gp.GPIndividual@436605564{-229684254},3C_20_66-02.txt,154.245,1.000,154.245,1,2.766,1.79,2.766,63.328,0.328
10,ec.gp.GPIndividual@436605564{-229684254},3C_20_66-01.txt,7.322,1.000,7.322,1,35.047,478.64,35.047,63.328,0.328
10,ec.gp.GPIndividual@436605564{-229684254},3C_20_80-01.txt,4.194,1.000,4.194,3,50.063,1193.53,16.688,63.328,0.328
10,ec.gp.GPIndividual@436605564{-229684254},3C_20_80-01.txt,4.194,1.000,4.194,3,44.109,1051.60,14.703,63.328,0.328
10,ec.gp.GPIndividual@436605564{-229684254},3C_20_66-02.txt,154.245,1.000,154.245,4,46.828,30.36,11.707,63.328,0.328
10,ec.gp.GPIndividual@436605564{-229684254},3C_20_66-03.txt,118.340,1.000,118.340,24,139.641,118.00,5.818,63.328,0.328
10,ec.gp.GPIndividual@436605564{-229684254},3C_20_66-03.txt,118.340,1.000,118.340,3,75.922,64.16,25.307,63.328,0.328
10,ec.gp.GPIndividual@436605564{-229684254},3C_20_80-02.txt,35.738,1.000,35.738,1,42.266,118.26,42.266,63.328,0.328
10,ec.gp.GPIndividual@436605564{-229684254},3C_20_66-02.txt,154.245,1.000,154.245,17,179.656,116.47,10.568,63.328,0.328
10,ec.gp.GPIndividual@436605564{-229684254},3C_20_66-03.txt,118.340,1.000,118.340,1,22.609,19.11,22.609,63.328,0.328
10,ec.gp.GPIndividual@436605564{-229684254},3C_20_80-02.txt,35.738,1.000,35.738,1,44.547,124.65,44.547,63.328,0.328
10,ec.gp.GPIndividual@436605564{-229684254},3C_20_80-01.txt,4.194,1.000,4.194,1,50.406,1201.73,50.406,63.328,0.328
10,ec.gp.GPIndividual@436605564{-229684254},3C_20_80-01.txt,4.194,1.000,4.194,4,4.094,97.60,1.023,63.328,0.172
10,ec.gp.GPIndividual@436605564{-229684254},3C_20_80-02.txt,35.738,1.000,35.738,5,13.219,36.99,2.644,63.328,0.172
10,ec.gp.GPIndividual@436605564{-229684254},3C_20_66-02.txt,154.245,1.000,154.245,23,170.813,110.74,7.427,63.328,0.172
10,ec.gp.GPIndividual@436605564{-229684254},3C_20_66-03.txt,118.340,1.000,118.340,3,100.250,84.71,33.417,63.328,0.172
10,ec.gp.GPIndividual@436605564{-229684254},3C_20_80-03.txt,169.439,1.000,169.439,5,34.016,20.08,6.803,63.328,0.172
10,ec.gp.GPIndividual@436605564{-229684254},3C_20_80-03.txt,169.439,1.000,169.439,5,175.094,103.34,35.019,63.328,0.172
10,ec.gp.GPIndividual@1655589953{-2112558485},3C_20_50-02.txt,61.404,1.000,61.404,1,66.344,108.04,66.344,66.344,66.344
10,ec.gp.GPIndividual@1655589953{-2112558485},3C_20_80-02.txt,35.738,1.000,35.738,5,56.469,158.01,11.294,66.344,0.313
10,ec.gp.GPIndividual@1655589953{-2112558485},3C_20_80-01.txt,4.194,1.000,4.194,3,4.281,102.07,1.427,66.344,0.172
10,ec.gp.GPIndividual@1655589953{-2112558485},3C_20_80-03.txt,169.439,1.000,169.439,4,45.766,27.01,11.441,66.344,0.172
10,ec.gp.GPIndividual@1655589953{-2112558485},3C_20_80-03.txt,169.439,1.000,169.439,10,136.938,80.82,13.694,66.344,0.172
10,ec.gp.GPIndividual@1419365387{236021751},3C_20_50-02.txt,61.404,1.000,61.404,2,23.594,38.42,11.797,23.063,0.531
10,ec.gp.GPIndividual@1419365387{236021751},3C_20_50-03.txt,30.993,1.000,30.993,1,4.813,15.53,4.813,23.063,0.531
10,ec.gp.GPIndividual@1419365387{236021751},3C_20_66-01.txt,7.322,1.000,7.322,1,1.094,14.94,1.094,23.063,0.531
10,ec.gp.GPIndividual@1419365387{236021751},3C_20_66-02.txt,154.245,1.000,154.245,1,2.938,1.90,2.938,23.063,0.531
10,ec.gp.GPIndividual@1419365387{236021751},3C_20_66-03.txt,118.340,1.000,118.340,1,6.234,5.27,6.234,23.063,0.531
10,ec.gp.GPIndividual@1419365387{236021751},3C_20_80-01.txt,4.194,1.000,4.194,1,15.422,367.67,15.422,23.063,0.531
10,ec.gp.GPIndividual@1419365387{236021751},3C_20_80-02.txt,35.738,1.000,35.738,1,1.281,3.59,1.281,23.063,0.531
10,ec.gp.GPIndividual@1419365387{236021751},3C_20_80-02.txt,35.738,1.000,35.738,2,4.469,12.50,2.234,23.063,0.531
10,ec.gp.GPIndividual@1419365387{236021751},3C_20_80-03.txt,169.439,1.000,169.439,6,63.766,37.63,10.628,51.094,0.531
10,ec.gp.GPIndividual@2025328199{-172436492},3C_20_50-02.txt,61.404,1.000,61.404,2,53.781,87.59,26.891,53.438,0.344
10,ec.gp.GPIndividual@2025328199{-172436492},3C_20_80-01.txt,4.194,1.000,4.194,4,4.188,99.83,1.047,53.438,0.172
10,ec.gp.GPIndividual@2025328199{-172436492},3C_20_50-03.txt,30.993,1.000,30.993,4,70.063,226.06,17.516,62.703,0.172
10,ec.gp.GPIndividual@1549517219{-1415206324},3C_20_50-02.txt,61.404,1.000,61.404,2,70.641,115.04,35.320,66.563,4.078
10,ec.gp.GPIndividual@1549517219{-1415206324},3C_20_50-03.txt,30.993,1.000,30.993,11,30.500,98.41,2.773,66.563,0.359
10,ec.gp.GPIndividual@1549517219{-1415206324},3C_20_66-01.txt,7.322,1.000,7.322,1,1.656,22.62,1.656,66.563,0.359
10,ec.gp.GPIndividual@1549517219{-1415206324},3C_20_50-03.txt,30.993,1.000,30.993,6,25.453,82.13,4.242,66.563,0.359
10,ec.gp.GPIndividual@1549517219{-1415206324},3C_20_66-01.txt,7.322,1.000,7.322,2,12.016,164.10,6.008,66.563,0.359
10,ec.gp.GPIndividual@1549517219{-1415206324},3C_20_66-01.txt,7.322,1.000,7.322,1,0.703,9.60,0.703,66.563,0.359
10,ec.gp.GPIndividual@1549517219{-1415206324},3C_20_66-02.txt,154.245,1.000,154.245,5,14.828,9.61,2.966,66.563,0.359
10,ec.gp.GPIndividual@1549517219{-1415206324},3C_20_80-02.txt,35.738,1.000,35.738,14,65.000,181.88,4.643,66.563,0.359
10,ec.gp.GPIndividual@1682443458{-604190170},3C_20_50-02.txt,61.404,1.000,61.404,3,23.875,38.88,7.958,13.016,0.516
10,ec.gp.GPIndividual@1682443458{-604190170},3C_20_66-02.txt,154.245,1.000,154.245,12,161.141,104.47,13.428,65.297,0.516
10,ec.gp.GPIndividual@1682443458{-604190170},3C_20_66-02.txt,154.245,1.000,154.245,2,6.797,4.41,3.398,65.297,0.516
10,ec.gp.GPIndividual@1682443458{-604190170},3C_20_66-03.txt,118.340,1.000,118.340,4,30.281,25.59,7.570,65.297,0.516
10,ec.gp.GPIndividual@1682443458{-604190170},3C_20_80-03.txt,169.439,1.000,169.439,6,121.516,71.72,20.253,65.297,0.516
10,ec.gp.GPIndividual@1682443458{-604190170},3C_20_80-03.txt,169.439,1.000,169.439,6,193.031,113.92,32.172,65.297,0.516
10,ec.gp.GPIndividual@1869397653{614420984},3C_20_50-02.txt,61.404,1.000,61.404,7,102.375,166.72,14.625,44.234,0.359
10,ec.gp.GPIndividual@1869397653{614420984},3C_20_80-01.txt,4.194,1.000,4.194,1,47.156,1124.24,47.156,47.156,0.359
10,ec.gp.GPIndividual@1869397653{614420984},3C_20_50-03.txt,30.993,1.000,30.993,2,2.844,9.18,1.422,47.156,0.359
10,ec.gp.GPIndividual@1420062500{-1076568888},3C_20_50-02.txt,61.404,1.000,61.404,13,60.203,98.04,4.631,26.594,0.500
10,ec.gp.GPIndividual@1420062500{-1076568888},3C_20_80-02.txt,35.738,1.000,35.738,5,42.484,118.88,8.497,26.594,0.500
10,ec.gp.GPIndividual@1420062500{-1076568888},3C_20_66-03.txt,118.340,1.000,118.340,7,36.375,30.74,5.196,26.594,0.500
10,ec.gp.GPIndividual@1420062500{-1076568888},3C_20_66-03.txt,118.340,1.000,118.340,6,68.688,58.04,11.448,38.516,0.500
10,ec.gp.GPIndividual@1420062500{-1076568888},3C_20_50-03.txt,30.993,1.000,30.993,2,66.938,215.98,33.469,40.109,0.500
10,ec.gp.GPIndividual@1420062500{-1076568888},3C_20_50-03.txt,30.993,1.000,30.993,1,37.563,121.20,37.563,40.109,0.500
10,ec.gp.GPIndividual@1420062500{-1076568888},3C_20_80-03.txt,169.439,1.000,169.439,12,157.609,93.02,13.134,43.578,0.500
10,ec.gp.GPIndividual@1420062500{-1076568888},3C_20_80-01.txt,4.194,1.000,4.194,2,14.844,353.89,7.422,43.578,0.500
10,ec.gp.GPIndividual@1420062500{-1076568888},3C_20_66-01.txt,7.322,1.000,7.322,1,1.156,15.79,1.156,43.578,0.500
10,ec.gp.GPIndividual@1420062500{-1076568888},3C_20_80-02.txt,35.738,1.000,35.738,13,35.750,100.03,2.750,43.578,0.172
10,ec.gp.GPIndividual@1420062500{-1076568888},3C_20_66-01.txt,7.322,1.000,7.322,4,7.141,97.52,1.785,43.578,0.172
10,ec.gp.GPIndividual@1420062500{-1076568888},3C_20_66-02.txt,154.245,1.000,154.245,12,109.125,70.75,9.094,47.578,0.172
10,ec.gp.GPIndividual@438104079{789868346},3C_20_50-02.txt,61.404,1.000,61.404,5,74.844,121.89,14.969,67.094,0.344
10,ec.gp.GPIndividual@438104079{789868346},3C_20_66-01.txt,7.322,1.000,7.322,5,6.422,87.70,1.284,67.094,0.344
10,ec.gp.GPIndividual@438104079{789868346},3C_20_66-02.txt,154.245,1.000,154.245,7,66.359,43.02,9.480,67.094,0.344
10,ec.gp.GPIndividual@438104079{789868346},3C_20_80-01.txt,4.194,1.000,4.194,3,3.328,79.35,1.109,67.094,0.344
10,ec.gp.GPIndividual@438104079{789868346},3C_20_80-02.txt,35.738,1.000,35.738,1,43.641,122.11,43.641,67.094,0.344
10,ec.gp.GPIndividual@438104079{789868346},3C_20_66-02.txt,154.245,1.000,154.245,13,135.531,87.87,10.425,67.094,0.344
10,ec.gp.GPIndividual@438104079{789868346},3C_20_80-03.txt,169.439,1.000,169.439,6,186.453,110.04,31.076,67.094,0.344
10,ec.gp.GPIndividual@438104079{789868346},3C_20_66-03.txt,118.340,1.000,118.340,6,87.750,74.15,14.625,67.094,0.344
10,ec.gp.GPIndividual@438104079{789868346},3C_20_50-03.txt,30.993,1.000,30.993,1,36.438,117.57,36.438,67.094,0.344
10,ec.gp.GPIndividual@438104079{789868346},3C_20_66-03.txt,118.340,1.000,118.340,4,74.063,62.58,18.516,67.094,0.344
10,ec.gp.GPIndividual@438104079{789868346},3C_20_80-03.txt,169.439,1.000,169.439,1,27.313,16.12,27.313,67.094,0.344
10,ec.gp.GPIndividual@438104079{789868346},3C_20_66-03.txt,118.340,1.000,118.340,10,150.344,127.04,15.034,67.094,0.344
10,ec.gp.GPIndividual@438104079{789868346},3C_20_80-01.txt,4.194,1.000,4.194,1,1.625,38.74,1.625,67.094,0.344
10,ec.gp.GPIndividual@438104079{789868346},3C_20_66-01.txt,7.322,1.000,7.322,1,35.391,483.33,35.391,67.094,0.344
10,ec.gp.GPIndividual@438104079{789868346},3C_20_80-01.txt,4.194,1.000,4.194,1,31.266,745.40,31.266,67.094,0.344
10,ec.gp.GPIndividual@1583700980{434554811},3C_20_50-02.txt,61.404,1.000,61.404,17,61.391,99.98,3.611,19.375,0.141
10,ec.gp.GPIndividual@1583700980{434554811},3C_20_80-03.txt,169.439,1.000,169.439,8,81.234,47.94,10.154,19.906,0.141
10,ec.gp.GPIndividual@1583700980{434554811},3C_20_66-02.txt,154.245,1.000,154.245,7,89.281,57.88,12.754,44.844,0.141
10,ec.gp.GPIndividual@1583700980{434554811},3C_20_80-03.txt,169.439,1.000,169.439,5,154.641,91.27,30.928,61.047,0.141
10,ec.gp.GPIndividual@1583700980{434554811},3C_20_80-02.txt,35.738,1.000,35.738,6,50.500,141.31,8.417,61.047,0.141
10,ec.gp.GPIndividual@1583700980{434554811},3C_20_50-03.txt,30.993,1.000,30.993,3,44.844,144.69,14.948,61.047,0.141
10,ec.gp.GPIndividual@1583700980{434554811},3C_20_66-03.txt,118.340,1.000,118.340,3,17.563,14.84,5.854,61.047,0.141
10,ec.gp.GPIndividual@1583700980{434554811},3C_20_80-03.txt,169.439,1.000,169.439,2,53.453,31.55,26.727,61.047,0.141
10,ec.gp.GPIndividual@55361303{1688623612},3C_20_50-02.txt,61.404,1.000,61.404,5,62.141,101.20,12.428,48.578,0.422
10,ec.gp.GPIndividual@55361303{1688623612},3C_20_50-03.txt,30.993,1.000,30.993,3,7.641,24.65,2.547,48.578,0.281
10,ec.gp.GPIndividual@1715555517{-2010334657},3C_20_50-02.txt,61.404,1.000,61.404,7,27.953,45.52,3.993,11.547,0.422
10,ec.gp.GPIndividual@1715555517{-2010334657},3C_20_66-01.txt,7.322,1.000,7.322,1,12.422,169.65,12.422,12.422,0.422
10,ec.gp.GPIndividual@226706730{-748200337},3C_20_50-02.txt,61.404,1.000,61.404,13,74.359,121.10,5.720,19.797,0.281
10,ec.gp.GPIndividual@226706730{-748200337},3C_20_66-01.txt,7.322,1.000,7.322,1,17.531,239.43,17.531,19.797,0.281
10,ec.gp.GPIndividual@226706730{-748200337},3C_20_50-03.txt,30.993,1.000,30.993,2,40.641,131.13,20.320,39.734,0.281
10,ec.gp.GPIndividual@226706730{-748200337},3C_20_80-01.txt,4.194,1.000,4.194,3,5.109,121.81,1.703,39.734,0.281
10,ec.gp.GPIndividual@226706730{-748200337},3C_20_66-02.txt,154.245,1.000,154.245,21,151.313,98.10,7.205,39.734,0.109
10,ec.gp.GPIndividual@226706730{-748200337},3C_20_66-03.txt,118.340,1.000,118.340,4,129.203,109.18,32.301,57.594,0.109
10,ec.gp.GPIndividual@226706730{-748200337},3C_20_66-02.txt,154.245,1.000,154.245,14,153.359,99.43,10.954,57.594,0.109
10,ec.gp.GPIndividual@226706730{-748200337},3C_20_80-01.txt,4.194,1.000,4.194,3,3.094,73.76,1.031,57.594,0.109
10,ec.gp.GPIndividual@226706730{-748200337},3C_20_80-02.txt,35.738,1.000,35.738,6,48.969,137.02,8.161,57.594,0.109
10,ec.gp.GPIndividual@226706730{-748200337},3C_20_66-01.txt,7.322,1.000,7.322,2,31.859,435.11,15.930,57.594,0.109
10,ec.gp.GPIndividual@226706730{-748200337},3C_20_80-02.txt,35.738,1.000,35.738,7,80.922,226.43,11.560,57.953,0.109
10,ec.gp.GPIndividual@226706730{-748200337},3C_20_50-03.txt,30.993,1.000,30.993,7,31.313,101.03,4.473,57.953,0.109
10,ec.gp.GPIndividual@226706730{-748200337},3C_20_80-03.txt,169.439,1.000,169.439,1,4.609,2.72,4.609,57.953,0.109
10,ec.gp.GPIndividual@226706730{-748200337},3C_20_66-03.txt,118.340,1.000,118.340,10,127.375,107.64,12.738,57.953,0.109
10,ec.gp.GPIndividual@226706730{-748200337},3C_20_66-02.txt,154.245,1.000,154.245,3,39.156,25.39,13.052,57.953,0.109
10,ec.gp.GPIndividual@226706730{-748200337},3C_20_80-03.txt,169.439,1.000,169.439,10,196.141,115.76,19.614,57.953,0.109
10,ec.gp.GPIndividual@1875409733{-1606983213},3C_20_50-02.txt,61.404,1.000,61.404,2,45.500,74.10,22.750,45.219,0.281
10,ec.gp.GPIndividual@1875409733{-1606983213},3C_20_80-01.txt,4.194,1.000,4.194,2,2.609,62.21,1.305,45.219,0.281
10,ec.gp.GPIndividual@1875409733{-1606983213},3C_20_50-03.txt,30.993,1.000,30.993,2,7.891,25.46,3.945,45.219,0.281
10,ec.gp.GPIndividual@1875409733{-1606983213},3C_20_66-01.txt,7.322,1.000,7.322,3,51.609,704.84,17.203,49.688,0.281
10,ec.gp.GPIndividual@1744772184{-216626403},3C_20_50-02.txt,61.404,1.000,61.404,6,73.391,119.52,12.232,39.047,0.234
10,ec.gp.GPIndividual@1744772184{-216626403},3C_20_80-01.txt,4.194,1.000,4.194,2,2.219,52.90,1.109,39.047,0.234
10,ec.gp.GPIndividual@1744772184{-216626403},3C_20_80-02.txt,35.738,1.000,35.738,7,43.516,121.76,6.217,39.047,0.234
10,ec.gp.GPIndividual@1744772184{-216626403},3C_20_80-01.txt,4.194,1.000,4.194,5,3.734,89.03,0.747,39.047,0.234
10,ec.gp.GPIndividual@1744772184{-216626403},3C_20_80-02.txt,35.738,1.000,35.738,4,32.844,91.90,8.211,39.047,0.234
10,ec.gp.GPIndividual@1744772184{-216626403},3C_20_50-03.txt,30.993,1.000,30.993,5,17.531,56.57,3.506,39.047,0.234
10,ec.gp.GPIndividual@1744772184{-216626403},3C_20_80-03.txt,169.439,1.000,169.439,4,21.594,12.74,5.398,39.047,0.234
10,ec.gp.GPIndividual@1744772184{-216626403},3C_20_80-01.txt,4.194,1.000,4.194,2,5.875,140.06,2.938,39.047,0.234
10,ec.gp.GPIndividual@1744772184{-216626403},3C_20_66-01.txt,7.322,1.000,7.322,4,13.688,186.93,3.422,39.047,0.234
10,ec.gp.GPIndividual@1744772184{-216626403},3C_20_80-03.txt,169.439,1.000,169.439,9,102.188,60.31,11.354,64.813,0.234
10,ec.gp.GPIndividual@431535693{-2086138321},3C_20_50-02.txt,61.404,1.000,61.404,1,62.125,101.17,62.125,62.125,62.125
10,ec.gp.GPIndividual@431535693{-2086138321},3C_20_80-02.txt,35.738,1.000,35.738,1,62.578,175.10,62.578,62.578,62.125
10,ec.gp.GPIndividual@427163836{-502263173},3C_20_50-02.txt,61.404,1.000,61.404,14,66.172,107.76,4.727,52.875,0.188
10,ec.gp.GPIndividual@427163836{-502263173},3C_20_66-02.txt,154.245,1.000,154.245,12,149.125,96.68,12.427,52.875,0.188
10,ec.gp.GPIndividual@427163836{-502263173},3C_20_66-03.txt,118.340,1.000,118.340,1,44.125,37.29,44.125,52.875,0.188
10,ec.gp.GPIndividual@427163836{-502263173},3C_20_80-03.txt,169.439,1.000,169.439,5,69.188,40.83,13.838,52.875,0.188
10,ec.gp.GPIndividual@427163836{-502263173},3C_20_50-03.txt,30.993,1.000,30.993,6,27.688,89.34,4.615,52.875,0.188
10,ec.gp.GPIndividual@427163836{-502263173},3C_20_50-03.txt,30.993,1.000,30.993,4,40.328,130.12,10.082,52.875,0.188
10,ec.gp.GPIndividual@427163836{-502263173},3C_20_80-01.txt,4.194,1.000,4.194,2,6.188,147.52,3.094,52.875,0.188
10,ec.gp.GPIndividual@427163836{-502263173},3C_20_66-01.txt,7.322,1.000,7.322,2,9.906,135.29,4.953,52.875,0.188
10,ec.gp.GPIndividual@427163836{-502263173},3C_20_66-01.txt,7.322,1.000,7.322,9,7.391,100.93,0.821,52.875,0.109
10,ec.gp.GPIndividual@427163836{-502263173},3C_20_66-02.txt,154.245,1.000,154.245,1,0.531,0.34,0.531,52.875,0.109
10,ec.gp.GPIndividual@427163836{-502263173},3C_20_80-02.txt,35.738,1.000,35.738,14,68.109,190.58,4.865,52.875,0.109
10,ec.gp.GPIndividual@1163019466{-619687403},3C_20_50-02.txt,61.404,1.000,61.404,0,0.000,0.00,0.000,0.000,0.000
10,ec.gp.GPIndividual@1163019466{-619687403},3C_20_50-03.txt,30.993,1.000,30.993,0,0.000,0.00,0.000,0.000,0.000
10,ec.gp.GPIndividual@1163019466{-619687403},3C_20_66-01.txt,7.322,1.000,7.322,0,0.000,0.00,0.000,0.000,0.000
10,ec.gp.GPIndividual@1163019466{-619687403},3C_20_66-02.txt,154.245,1.000,154.245,0,0.000,0.00,0.000,0.000,0.000
10,ec.gp.GPIndividual@1163019466{-619687403},3C_20_66-03.txt,118.340,1.000,118.340,0,0.000,0.00,0.000,0.000,0.000
10,ec.gp.GPIndividual@1163019466{-619687403},3C_20_80-01.txt,4.194,1.000,4.194,0,0.000,0.00,0.000,0.000,0.000
10,ec.gp.GPIndividual@1163019466{-619687403},3C_20_80-02.txt,35.738,1.000,35.738,0,0.000,0.00,0.000,0.000,0.000
10,ec.gp.GPIndividual@1163019466{-619687403},3C_20_80-03.txt,169.439,1.000,169.439,0,0.000,0.00,0.000,0.000,0.000
10,ec.gp.GPIndividual@311589206{533844085},3C_20_50-02.txt,61.404,1.000,61.404,2,10.906,17.76,5.453,10.703,0.203
10,ec.gp.GPIndividual@311589206{533844085},3C_20_80-03.txt,169.439,1.000,169.439,12,201.031,118.65,16.753,59.406,0.203
10,ec.gp.GPIndividual@2099014968{-1107499347},3C_20_50-02.txt,61.404,1.000,61.404,1,0.375,0.61,0.375,0.375,0.375
10,ec.gp.GPIndividual@2099014968{-1107499347},3C_20_50-03.txt,30.993,1.000,30.993,2,13.766,44.42,6.883,11.203,0.375
10,ec.gp.GPIndividual@2099014968{-1107499347},3C_20_66-01.txt,7.322,1.000,7.322,1,0.609,8.32,0.609,11.203,0.375
10,ec.gp.GPIndividual@2099014968{-1107499347},3C_20_66-02.txt,154.245,1.000,154.245,1,1.359,0.88,1.359,11.203,0.375
10,ec.gp.GPIndividual@2099014968{-1107499347},3C_20_66-03.txt,118.340,1.000,118.340,1,3.609,3.05,3.609,11.203,0.375
10,ec.gp.GPIndividual@2099014968{-1107499347},3C_20_80-01.txt,4.194,1.000,4.194,1,0.953,22.72,0.953,11.203,0.375
10,ec.gp.GPIndividual@2099014968{-1107499347},3C_20_80-02.txt,35.738,1.000,35.738,2,9.125,25.53,4.563,11.203,0.375
10,ec.gp.GPIndividual@2099014968{-1107499347},3C_20_80-03.txt,169.439,1.000,169.439,2,53.719,31.70,26.859,50.016,0.375
10,ec.gp.GPIndividual@460073472{-508798591},3C_20_50-02.txt,61.404,1.000,61.404,7,51.641,84.10,7.377,23.547,0.172
10,ec.gp.GPIndividual@460073472{-508798591},3C_20_50-03.txt,30.993,1.000,30.993,1,30.734,99.17,30.734,30.734,0.172
10,ec.gp.GPIndividual@460073472{-508798591},3C_20_80-01.txt,4.194,1.000,4.194,4,3.594,85.68,0.898,30.734,0.172
10,ec.gp.GPIndividual@460073472{-508798591},3C_20_66-01.txt,7.322,1.000,7.322,1,1.234,16.86,1.234,30.734,0.172
10,ec.gp.GPIndividual@460073472{-508798591},3C_20_80-02.txt,35.738,1.000,35.738,8,17.313,48.44,2.164,30.734,0.172
10,ec.gp.GPIndividual@1720532458{1659517297},3C_20_50-02.txt,61.404,1.000,61.404,0,0.000,0.00,0.000,0.000,0.000
10,ec.gp.GPIndividual@1720532458{1659517297},3C_20_50-03.txt,30.993,1.000,30.993,0,0.000,0.00,0.000,0.000,0.000
10,ec.gp.GPIndividual@1720532458{1659517297},3C_20_66-01.txt,7.322,1.000,7.322,0,0.000,0.00,0.000,0.000,0.000
10,ec.gp.GPIndividual@1720532458{1659517297},3C_20_66-02.txt,154.245,1.000,154.245,0,0.000,0.00,0.000,0.000,0.000
10,ec.gp.GPIndividual@1720532458{1659517297},3C_20_66-03.txt,118.340,1.000,118.340,0,0.000,0.00,0.000,0.000,0.000
10,ec.gp.GPIndividual@1720532458{1659517297},3C_20_80-01.txt,4.194,1.000,4.194,0,0.000,0.00,0.000,0.000,0.000
10,ec.gp.GPIndividual@1720532458{1659517297},3C_20_80-02.txt,35.738,1.000,35.738,0,0.000,0.00,0.000,0.000,0.000
10,ec.gp.GPIndividual@1720532458{1659517297},3C_20_80-03.txt,169.439,1.000,169.439,0,0.000,0.00,0.000,0.000,0.000
11,ec.gp.GPIndividual@1698228591{160164148},3C_20_50-02.txt,61.404,1.000,61.404,0,0.000,0.00,0.000,0.000,0.000
11,ec.gp.GPIndividual@11622922{434554811},null,0.000,1.000,0.000,0,0.000,0.00,0.000,0.000,0.000
11,ec.gp.GPIndividual@11622922{434554811},3C_20_50-02.txt,61.404,1.000,61.404,0,0.000,0.00,0.000,0.000,0.000
11,ec.gp.GPIndividual@11622922{434554811},3C_20_66-02.txt,154.245,1.000,154.245,0,0.000,0.00,0.000,0.000,0.000
11,ec.gp.GPIndividual@11622922{434554811},3C_20_66-03.txt,118.340,1.000,118.340,0,0.000,0.00,0.000,0.000,0.000
11,ec.gp.GPIndividual@11622922{434554811},3C_20_80-01.txt,4.194,1.000,4.194,0,0.000,0.00,0.000,0.000,0.000
11,ec.gp.GPIndividual@11622922{434554811},3C_20_80-02.txt,35.738,1.000,35.738,0,0.000,0.00,0.000,0.000,0.000
11,ec.gp.GPIndividual@11622922{434554811},3C_20_80-03.txt,169.439,1.000,169.439,0,0.000,0.00,0.000,0.000,0.000
11,ec.gp.GPIndividual@384151016{435099781},3C_20_50-02.txt,61.404,1.000,61.404,6,1.594,2.60,0.266,0.266,0.266
11,ec.gp.GPIndividual@384151016{435099781},3C_20_50-03.txt,30.993,1.000,30.993,8,17.344,55.96,2.168,4.172,0.266
11,ec.gp.GPIndividual@384151016{435099781},3C_20_66-01.txt,7.322,1.000,7.322,3,7.734,105.63,2.578,4.172,0.266
11,ec.gp.GPIndividual@384151016{435099781},3C_20_50-03.txt,30.993,1.000,30.993,1,0.938,3.02,0.938,4.172,0.266
11,ec.gp.GPIndividual@384151016{435099781},3C_20_66-02.txt,154.245,1.000,154.245,5,10.984,7.12,2.197,4.172,0.266
11,ec.gp.GPIndividual@384151016{435099781},3C_20_66-03.txt,118.340,1.000,118.340,3,13.719,11.59,4.573,6.453,0.266
11,ec.gp.GPIndividual@384151016{435099781},3C_20_80-01.txt,4.194,1.000,4.194,1,1.469,35.02,1.469,6.453,0.266
11,ec.gp.GPIndividual@384151016{435099781},3C_20_80-02.txt,35.738,1.000,35.738,2,9.750,27.28,4.875,7.563,0.266
11,ec.gp.GPIndividual@384151016{435099781},3C_20_80-03.txt,169.439,1.000,169.439,2,20.203,11.92,10.102,14.250,0.266
11,ec.gp.GPIndividual@824231752{-263027636},3C_20_50-02.txt,61.404,1.000,61.404,8,61.438,100.05,7.680,19.484,0.531
11,ec.gp.GPIndividual@824231752{-263027636},3C_20_66-01.txt,7.322,1.000,7.322,3,48.516,662.58,16.172,44.563,0.531
11,ec.gp.GPIndividual@824231752{-263027636},3C_20_50-03.txt,30.993,1.000,30.993,1,1.813,5.85,1.813,44.563,0.531
11,ec.gp.GPIndividual@824231752{-263027636},3C_20_50-03.txt,30.993,1.000,30.993,7,73.203,236.20,10.458,58.297,0.531
11,ec.gp.GPIndividual@824231752{-263027636},3C_20_50-03.txt,30.993,1.000,30.993,4,79.922,257.87,19.980,59.500,0.531
11,ec.gp.GPIndividual@824231752{-263027636},3C_20_50-03.txt,30.993,1.000,30.993,1,48.000,154.88,48.000,59.500,0.531
11,ec.gp.GPIndividual@824231752{-263027636},3C_20_50-03.txt,30.993,1.000,30.993,2,8.609,27.78,4.305,59.500,0.531
11,ec.gp.GPIndividual@824231752{-263027636},3C_20_66-01.txt,7.322,1.000,7.322,3,9.672,132.09,3.224,59.500,0.531
11,ec.gp.GPIndividual@824231752{-263027636},3C_20_66-01.txt,7.322,1.000,7.322,3,9.188,125.47,3.063,59.500,0.531
11,ec.gp.GPIndividual@824231752{-263027636},3C_20_66-02.txt,154.245,1.000,154.245,3,4.594,2.98,1.531,59.500,0.531
11,ec.gp.GPIndividual@824231752{-263027636},3C_20_66-01.txt,7.322,1.000,7.322,3,12.391,169.22,4.130,59.500,0.531
11,ec.gp.GPIndividual@824231752{-263027636},3C_20_66-01.txt,7.322,1.000,7.322,7,7.234,98.80,1.033,59.500,0.172
11,ec.gp.GPIndividual@824231752{-263027636},3C_20_66-02.txt,154.245,1.000,154.245,23,154.703,100.30,6.726,59.500,0.172
11,ec.gp.GPIndividual@824231752{-263027636},3C_20_66-02.txt,154.245,1.000,154.245,12,171.063,110.90,14.255,59.500,0.172
11,ec.gp.GPIndividual@824231752{-263027636},3C_20_66-02.txt,154.245,1.000,154.245,1,0.328,0.21,0.328,59.500,0.172
11,ec.gp.GPIndividual@824231752{-263027636},3C_20_66-03.txt,118.340,1.000,118.340,11,120.063,101.46,10.915,59.500,0.172
11,ec.gp.GPIndividual@824231752{-263027636},3C_20_66-02.txt,154.245,1.000,154.245,8,96.281,62.42,12.035,59.500,0.172
11,ec.gp.GPIndividual@824231752{-263027636},3C_20_66-03.txt,118.340,1.000,118.340,5,105.734,89.35,21.147,59.500,0.172
11,ec.gp.GPIndividual@824231752{-263027636},3C_20_66-03.txt,118.340,1.000,118.340,5,101.734,85.97,20.347,59.500,0.172
11,ec.gp.GPIndividual@824231752{-263027636},3C_20_66-01.txt,7.322,1.000,7.322,1,41.891,572.11,41.891,59.500,0.172
11,ec.gp.GPIndividual@824231752{-263027636},3C_20_66-03.txt,118.340,1.000,118.340,11,141.797,119.82,12.891,59.500,0.172
11,ec.gp.GPIndividual@824231752{-263027636},3C_20_66-03.txt,118.340,1.000,118.340,4,27.281,23.05,6.820,59.500,0.172
11,ec.gp.GPIndividual@824231752{-263027636},3C_20_80-01.txt,4.194,1.000,4.194,3,3.313,78.97,1.104,59.500,0.172
11,ec.gp.GPIndividual@824231752{-263027636},3C_20_80-02.txt,35.738,1.000,35.738,2,55.344,154.86,27.672,59.500,0.172
11,ec.gp.GPIndividual@824231752{-263027636},3C_20_66-02.txt,154.245,1.000,154.245,6,40.578,26.31,6.763,59.500,0.172
11,ec.gp.GPIndividual@824231752{-263027636},3C_20_80-01.txt,4.194,1.000,4.194,3,4.344,103.56,1.448,59.500,0.172
11,ec.gp.GPIndividual@824231752{-263027636},3C_20_66-03.txt,118.340,1.000,118.340,11,72.625,61.37,6.602,59.500,0.172
11,ec.gp.GPIndividual@824231752{-263027636},3C_20_80-01.txt,4.194,1.000,4.194,3,44.563,1062.41,14.854,59.500,0.172
11,ec.gp.GPIndividual@824231752{-263027636},3C_20_80-01.txt,4.194,1.000,4.194,1,0.703,16.76,0.703,59.500,0.172
11,ec.gp.GPIndividual@824231752{-263027636},3C_20_80-02.txt,35.738,1.000,35.738,12,71.172,199.15,5.931,59.500,0.172
11,ec.gp.GPIndividual@824231752{-263027636},3C_20_80-01.txt,4.194,1.000,4.194,1,35.313,841.88,35.313,59.500,0.172
11,ec.gp.GPIndividual@824231752{-263027636},3C_20_80-01.txt,4.194,1.000,4.194,1,7.938,189.24,7.938,59.500,0.172
11,ec.gp.GPIndividual@824231752{-263027636},3C_20_80-03.txt,169.439,1.000,169.439,19,185.250,109.33,9.750,59.500,0.172
11,ec.gp.GPIndividual@824231752{-263027636},3C_20_80-02.txt,35.738,1.000,35.738,4,36.969,103.44,9.242,59.500,0.172
11,ec.gp.GPIndividual@824231752{-263027636},3C_20_80-02.txt,35.738,1.000,35.738,2,1.922,5.38,0.961,59.500,0.172
11,ec.gp.GPIndividual@824231752{-263027636},3C_20_80-02.txt,35.738,1.000,35.738,2,34.859,97.54,17.430,59.500,0.172
11,ec.gp.GPIndividual@824231752{-263027636},3C_20_80-02.txt,35.738,1.000,35.738,12,26.078,72.97,2.173,59.500,0.172
11,ec.gp.GPIndividual@713964946{1251682013},3C_20_50-02.txt,61.404,1.000,61.404,13,70.219,114.35,5.401,49.328,0.344
11,ec.gp.GPIndividual@713964946{1251682013},3C_20_80-03.txt,169.439,1.000,169.439,9,165.969,97.95,18.441,49.328,0.344
11,ec.gp.GPIndividual@713964946{1251682013},3C_20_80-03.txt,169.439,1.000,169.439,2,47.406,27.98,23.703,49.328,0.344
11,ec.gp.GPIndividual@713964946{1251682013},3C_20_80-03.txt,169.439,1.000,169.439,1,15.359,9.06,15.359,49.328,0.344
11,ec.gp.GPIndividual@713964946{1251682013},3C_20_50-03.txt,30.993,1.000,30.993,3,60.641,195.66,20.214,50.078,0.344
11,ec.gp.GPIndividual@713964946{1251682013},3C_20_80-03.txt,169.439,1.000,169.439,4,80.422,47.46,20.105,57.641,0.344
11,ec.gp.GPIndividual@713964946{1251682013},3C_20_80-03.txt,169.439,1.000,169.439,5,150.453,88.79,30.091,65.266,0.344
11,ec.gp.GPIndividual@773984488{1703127788},3C_20_50-02.txt,61.404,1.000,61.404,6,112.875,183.82,18.813,65.703,0.344
11,ec.gp.GPIndividual@488175596{1741879107},3C_20_50-02.txt,61.404,1.000,61.404,3,10.531,17.15,3.510,8.141,0.531
11,ec.gp.GPIndividual@1822669086{432865291},3C_20_50-02.txt,61.404,1.000,61.404,5,69.719,113.54,13.944,58.797,0.516
11,ec.gp.GPIndividual@756449675{-1935834838},3C_20_50-02.txt,61.404,1.000,61.404,0,0.000,0.00,0.000,0.000,0.000
11,ec.gp.GPIndividual@756449675{-1935834838},3C_20_50-03.txt,30.993,1.000,30.993,0,0.000,0.00,0.000,0.000,0.000
11,ec.gp.GPIndividual@756449675{-1935834838},3C_20_66-01.txt,7.322,1.000,7.322,0,0.000,0.00,0.000,0.000,0.000
11,ec.gp.GPIndividual@756449675{-1935834838},3C_20_66-02.txt,154.245,1.000,154.245,0,0.000,0.00,0.000,0.000,0.000
11,ec.gp.GPIndividual@756449675{-1935834838},3C_20_66-03.txt,118.340,1.000,118.340,0,0.000,0.00,0.000,0.000,0.000
11,ec.gp.GPIndividual@756449675{-1935834838},3C_20_80-01.txt,4.194,1.000,4.194,0,0.000,0.00,0.000,0.000,0.000
11,ec.gp.GPIndividual@756449675{-1935834838},3C_20_80-02.txt,35.738,1.000,35.738,0,0.000,0.00,0.000,0.000,0.000
11,ec.gp.GPIndividual@756449675{-1935834838},3C_20_80-03.txt,169.439,1.000,169.439,0,0.000,0.00,0.000,0.000,0.000
11,ec.gp.GPIndividual@1382806565{-2062141821},3C_20_50-02.txt,61.404,1.000,61.404,6,94.422,153.77,15.737,62.031,0.453
11,ec.gp.GPIndividual@1912953591{-1318315433},3C_20_50-02.txt,61.404,1.000,61.404,10,66.516,108.32,6.652,21.094,0.344
11,ec.gp.GPIndividual@1912953591{-1318315433},3C_20_50-03.txt,30.993,1.000,30.993,1,6.500,20.97,6.500,21.094,0.344
11,ec.gp.GPIndividual@1912953591{-1318315433},3C_20_66-01.txt,7.322,1.000,7.322,4,7.547,103.07,1.887,21.094,0.344
11,ec.gp.GPIndividual@1912953591{-1318315433},3C_20_66-01.txt,7.322,1.000,7.322,1,0.516,7.04,0.516,21.094,0.344
11,ec.gp.GPIndividual@1912953591{-1318315433},3C_20_66-02.txt,154.245,1.000,154.245,16,171.766,111.36,10.735,29.391,0.344
11,ec.gp.GPIndividual@1912953591{-1318315433},3C_20_66-03.txt,118.340,1.000,118.340,1,3.891,3.29,3.891,29.391,0.344
11,ec.gp.GPIndividual@1912953591{-1318315433},3C_20_50-03.txt,30.993,1.000,30.993,1,37.703,121.65,37.703,37.703,0.344
11,ec.gp.GPIndividual@1912953591{-1318315433},3C_20_50-03.txt,30.993,1.000,30.993,5,64.797,209.07,12.959,46.359,0.344
11,ec.gp.GPIndividual@1912953591{-1318315433},3C_20_50-03.txt,30.993,1.000,30.993,4,33.875,109.30,8.469,46.359,0.344
11,ec.gp.GPIndividual@1912953591{-1318315433},3C_20_80-01.txt,4.194,1.000,4.194,3,6.578,156.83,2.193,46.359,0.344
11,ec.gp.GPIndividual@1912953591{-1318315433},3C_20_66-01.txt,7.322,1.000,7.322,1,1.453,19.85,1.453,46.359,0.344
11,ec.gp.GPIndividual@1912953591{-1318315433},3C_20_66-01.txt,7.322,1.000,7.322,5,6.828,93.25,1.366,46.359,0.344
11,ec.gp.GPIndividual@1912953591{-1318315433},3C_20_66-02.txt,154.245,1.000,154.245,3,8.859,5.74,2.953,46.359,0.344
11,ec.gp.GPIndividual@1912953591{-1318315433},3C_20_66-02.txt,154.245,1.000,154.245,6,66.250,42.95,11.042,56.391,0.344
11,ec.gp.GPIndividual@1912953591{-1318315433},3C_20_50-03.txt,30.993,1.000,30.993,13,34.203,110.36,2.631,56.391,0.344
11,ec.gp.GPIndividual@1912953591{-1318315433},3C_20_66-01.txt,7.322,1.000,7.322,4,7.844,107.12,1.961,56.391,0.344
11,ec.gp.GPIndividual@1912953591{-1318315433},3C_20_66-01.txt,7.322,1.000,7.322,4,7.484,102.22,1.871,56.391,0.344
11,ec.gp.GPIndividual@1912953591{-1318315433},3C_20_66-03.txt,118.340,1.000,118.340,1,0.875,0.74,0.875,56.391,0.344
11,ec.gp.GPIndividual@1912953591{-1318315433},3C_20_80-02.txt,35.738,1.000,35.738,16,35.750,100.03,2.234,56.391,0.172
11,ec.gp.GPIndividual@1912953591{-1318315433},3C_20_80-01.txt,4.194,1.000,4.194,2,5.781,137.83,2.891,56.391,0.172
11,ec.gp.GPIndividual@1912953591{-1318315433},3C_20_66-02.txt,154.245,1.000,154.245,5,18.188,11.79,3.638,56.391,0.172
11,ec.gp.GPIndividual@1912953591{-1318315433},3C_20_66-02.txt,154.245,1.000,154.245,5,21.203,13.75,4.241,56.391,0.172
11,ec.gp.GPIndividual@1912953591{-1318315433},3C_20_66-03.txt,118.340,1.000,118.340,20,145.438,122.90,7.272,56.391,0.172
11,ec.gp.GPIndividual@1912953591{-1318315433},3C_20_66-03.txt,118.340,1.000,118.340,5,151.063,127.65,30.213,57.984,0.172
11,ec.gp.GPIndividual@1912953591{-1318315433},3C_20_80-03.txt,169.439,1.000,169.439,5,75.406,44.50,15.081,57.984,0.172
11,ec.gp.GPIndividual@1912953591{-1318315433},3C_20_66-03.txt,118.340,1.000,118.340,5,151.797,128.27,30.359,57.984,0.172
11,ec.gp.GPIndividual@1912953591{-1318315433},3C_20_80-01.txt,4.194,1.000,4.194,2,2.594,61.84,1.297,57.984,0.172
11,ec.gp.GPIndividual@1912953591{-1318315433},3C_20_80-02.txt,35.738,1.000,35.738,4,35.125,98.28,8.781,57.984,0.172
11,ec.gp.GPIndividual@1912953591{-1318315433},3C_20_66-02.txt,154.245,1.000,154.245,1,0.719,0.47,0.719,57.984,0.172
11,ec.gp.GPIndividual@1912953591{-1318315433},3C_20_80-03.txt,169.439,1.000,169.439,4,123.344,72.80,30.836,61.031,0.172
11,ec.gp.GPIndividual@1912953591{-1318315433},3C_20_80-02.txt,35.738,1.000,35.738,8,27.734,77.60,3.467,61.031,0.172
11,ec.gp.GPIndividual@1912953591{-1318315433},3C_20_80-01.txt,4.194,1.000,4.194,3,46.156,1100.40,15.385,61.031,0.172
11,ec.gp.GPIndividual@1912953591{-1318315433},3C_20_80-01.txt,4.194,1.000,4.194,1,5.969,142.30,5.969,61.031,0.172
11,ec.gp.GPIndividual@1119315565{-706583360},3C_20_50-02.txt,61.404,1.000,61.404,4,2.406,3.92,0.602,1.234,0.000
11,ec.gp.GPIndividual@1119315565{-706583360},3C_20_50-03.txt,30.993,1.000,30.993,7,19.391,62.57,2.770,8.484,0.000
11,ec.gp.GPIndividual@1119315565{-706583360},3C_20_66-01.txt,7.322,1.000,7.322,2,0.906,12.38,0.453,8.484,0.000
11,ec.gp.GPIndividual@1119315565{-706583360},3C_20_66-02.txt,154.245,1.000,154.245,6,13.281,8.61,2.214,8.484,0.000
11,ec.gp.GPIndividual@1119315565{-706583360},3C_20_66-03.txt,118.340,1.000,118.340,4,12.594,10.64,3.148,8.484,0.000
11,ec.gp.GPIndividual@1119315565{-706583360},3C_20_66-03.txt,118.340,1.000,118.340,4,20.813,17.59,5.203,10.594,0.000
11,ec.gp.GPIndividual@1119315565{-706583360},3C_20_80-01.txt,4.194,1.000,4.194,2,1.453,34.64,0.727,10.594,0.000
11,ec.gp.GPIndividual@1119315565{-706583360},3C_20_80-02.txt,35.738,1.000,35.738,3,8.578,24.00,2.859,10.594,0.000
11,ec.gp.GPIndividual@1119315565{-706583360},3C_20_80-03.txt,169.439,1.000,169.439,3,10.188,6.01,3.396,10.594,0.000
11,ec.gp.GPIndividual@289606574{-1787998402},3C_20_50-02.txt,61.404,1.000,61.404,5,51.328,83.59,10.266,42.984,0.531
11,ec.gp.GPIndividual@538748480{2135652943},3C_20_50-02.txt,61.404,1.000,61.404,0,0.000,0.00,0.000,0.000,0.000
11,ec.gp.GPIndividual@538748480{2135652943},3C_20_50-03.txt,30.993,1.000,30.993,0,0.000,0.00,0.000,0.000,0.000
11,ec.gp.GPIndividual@538748480{2135652943},3C_20_66-01.txt,7.322,1.000,7.322,0,0.000,0.00,0.000,0.000,0.000
11,ec.gp.GPIndividual@538748480{2135652943},3C_20_66-02.txt,154.245,1.000,154.245,0,0.000,0.00,0.000,0.000,0.000
11,ec.gp.GPIndividual@538748480{2135652943},3C_20_66-03.txt,118.340,1.000,118.340,0,0.000,0.00,0.000,0.000,0.000
11,ec.gp.GPIndividual@538748480{2135652943},3C_20_80-01.txt,4.194,1.000,4.194,0,0.000,0.00,0.000,0.000,0.000
11,ec.gp.GPIndividual@538748480{2135652943},3C_20_80-02.txt,35.738,1.000,35.738,0,0.000,0.00,0.000,0.000,0.000
11,ec.gp.GPIndividual@538748480{2135652943},3C_20_80-03.txt,169.439,1.000,169.439,0,0.000,0.00,0.000,0.000,0.000
11,ec.gp.GPIndividual@810147257{-1153975896},3C_20_50-02.txt,61.404,1.000,61.404,3,63.422,103.29,21.141,61.594,0.438
11,ec.gp.GPIndividual@810147257{-1153975896},3C_20_80-02.txt,35.738,1.000,35.738,12,43.500,121.72,3.625,61.594,0.438
11,ec.gp.GPIndividual@810147257{-1153975896},3C_20_50-03.txt,30.993,1.000,30.993,2,4.516,14.57,2.258,61.594,0.438
11,ec.gp.GPIndividual@810147257{-1153975896},3C_20_80-03.txt,169.439,1.000,169.439,7,115.766,68.32,16.538,64.922,0.438
11,ec.gp.GPIndividual@810147257{-1153975896},3C_20_80-03.txt,169.439,1.000,169.439,5,182.781,107.87,36.556,64.922,0.438
11,ec.gp.GPIndividual@631645289{221234724},3C_20_50-02.txt,61.404,1.000,61.404,5,85.516,139.27,17.103,47.531,0.281
11,ec.gp.GPIndividual@631645289{221234724},3C_20_66-01.txt,7.322,1.000,7.322,1,7.594,103.71,7.594,47.531,0.281
11,ec.gp.GPIndividual@1909486678{1677257296},3C_20_50-02.txt,61.404,1.000,61.404,3,43.547,70.92,14.516,42.563,0.281
11,ec.gp.GPIndividual@1674492685{1874550447},3C_20_50-02.txt,61.404,1.000,61.404,2,1.609,2.62,0.805,1.188,0.422
11,ec.gp.GPIndividual@1674492685{1874550447},3C_20_50-03.txt,30.993,1.000,30.993,6,11.969,38.62,1.995,3.641,0.422
11,ec.gp.GPIndividual@1674492685{1874550447},3C_20_66-01.txt,7.322,1.000,7.322,1,0.906,12.38,0.906,3.641,0.422
11,ec.gp.GPIndividual@1674492685{1874550447},3C_20_66-02.txt,154.245,1.000,154.245,3,15.531,10.07,5.177,10.844,0.422
11,ec.gp.GPIndividual@1674492685{1874550447},3C_20_66-03.txt,118.340,1.000,118.340,3,25.422,21.48,8.474,11.609,0.422
11,ec.gp.GPIndividual@1674492685{1874550447},3C_20_80-01.txt,4.194,1.000,4.194,1,1.125,26.82,1.125,11.609,0.422
11,ec.gp.GPIndividual@1674492685{1874550447},3C_20_80-02.txt,35.738,1.000,35.738,1,1.688,4.72,1.688,11.609,0.422
11,ec.gp.GPIndividual@1674492685{1874550447},3C_20_80-03.txt,169.439,1.000,169.439,1,4.969,2.93,4.969,11.609,0.422
11,ec.gp.GPIndividual@841850177{-748200337},3C_20_50-02.txt,61.404,1.000,61.404,8,26.563,43.26,3.320,18.000,0.281
11,ec.gp.GPIndividual@841850177{-748200337},3C_20_66-02.txt,154.245,1.000,154.245,8,124.266,80.56,15.533,56.344,0.281
11,ec.gp.GPIndividual@841850177{-748200337},3C_20_66-01.txt,7.322,1.000,7.322,5,64.891,886.22,12.978,60.766,0.281
11,ec.gp.GPIndividual@841850177{-748200337},3C_20_50-03.txt,30.993,1.000,30.993,3,40.734,131.43,13.578,60.766,0.281
11,ec.gp.GPIndividual@841850177{-748200337},3C_20_66-03.txt,118.340,1.000,118.340,6,67.141,56.74,11.190,60.766,0.281
11,ec.gp.GPIndividual@841850177{-748200337},3C_20_50-03.txt,30.993,1.000,30.993,5,27.109,87.47,5.422,60.766,0.281
11,ec.gp.GPIndividual@841850177{-748200337},3C_20_66-02.txt,154.245,1.000,154.245,12,156.469,101.44,13.039,60.766,0.281
11,ec.gp.GPIndividual@841850177{-748200337},3C_20_80-01.txt,4.194,1.000,4.194,2,5.516,131.50,2.758,60.766,0.281
11,ec.gp.GPIndividual@841850177{-748200337},3C_20_66-01.txt,7.322,1.000,7.322,4,32.953,450.04,8.238,60.766,0.281
11,ec.gp.GPIndividual@841850177{-748200337},3C_20_66-01.txt,7.322,1.000,7.322,6,8.391,114.59,1.398,60.766,0.281
11,ec.gp.GPIndividual@841850177{-748200337},3C_20_80-02.txt,35.738,1.000,35.738,5,39.656,110.96,7.931,60.766,0.281
11,ec.gp.GPIndividual@841850177{-748200337},3C_20_66-03.txt,118.340,1.000,118.340,3,41.922,35.43,13.974,60.766,0.281
11,ec.gp.GPIndividual@841850177{-748200337},3C_20_50-03.txt,30.993,1.000,30.993,8,34.797,112.27,4.350,60.766,0.281
11,ec.gp.GPIndividual@841850177{-748200337},3C_20_66-02.txt,154.245,1.000,154.245,14,168.813,109.44,12.058,60.766,0.281
11,ec.gp.GPIndividual@841850177{-748200337},3C_20_66-03.txt,118.340,1.000,118.340,5,99.781,84.32,19.956,60.766,0.281
11,ec.gp.GPIndividual@841850177{-748200337},3C_20_80-03.txt,169.439,1.000,169.439,6,151.547,89.44,25.258,60.766,0.281
11,ec.gp.GPIndividual@841850177{-748200337},3C_20_80-01.txt,4.194,1.000,4.194,5,3.844,91.64,0.769,60.766,0.281
11,ec.gp.GPIndividual@841850177{-748200337},3C_20_80-02.txt,35.738,1.000,35.738,5,62.859,175.89,12.572,60.766,0.281
11,ec.gp.GPIndividual@841850177{-748200337},3C_20_66-01.txt,7.322,1.000,7.322,3,58.125,793.82,19.375,60.766,0.281
11,ec.gp.GPIndividual@146856660{-2026899764},3C_20_50-02.txt,61.404,1.000,61.404,10,84.719,137.97,8.472,44.531,0.281
11,ec.gp.GPIndividual@146856660{-2026899764},3C_20_66-02.txt,154.245,1.000,154.245,3,12.422,8.05,4.141,44.531,0.281
11,ec.gp.GPIndividual@146856660{-2026899764},3C_20_80-01.txt,4.194,1.000,4.194,1,8.625,205.63,8.625,44.531,0.281
11,ec.gp.GPIndividual@146856660{-2026899764},3C_20_50-03.txt,30.993,1.000,30.993,12,44.828,144.64,3.736,44.531,0.281
11,ec.gp.GPIndividual@146856660{-2026899764},3C_20_66-02.txt,154.245,1.000,154.245,1,23.125,14.99,23.125,44.531,0.281
11,ec.gp.GPIndividual@146856660{-2026899764},3C_20_80-03.txt,169.439,1.000,169.439,15,202.516,119.52,13.501,57.203,0.281
11,ec.gp.GPIndividual@23137412{1759966666},3C_20_50-02.txt,61.404,1.000,61.404,1,0.000,0.00,0.000,0.000,0.000
11,ec.gp.GPIndividual@23137412{1759966666},3C_20_50-03.txt,30.993,1.000,30.993,1,0.000,0.00,0.000,0.000,0.000
11,ec.gp.GPIndividual@23137412{1759966666},3C_20_66-01.txt,7.322,1.000,7.322,1,0.000,0.00,0.000,0.000,0.000
11,ec.gp.GPIndividual@23137412{1759966666},3C_20_66-02.txt,154.245,1.000,154.245,1,0.000,0.00,0.000,0.000,0.000
11,ec.gp.GPIndividual@23137412{1759966666},3C_20_66-03.txt,118.340,1.000,118.340,1,0.000,0.00,0.000,0.000,0.000
11,ec.gp.GPIndividual@23137412{1759966666},3C_20_80-01.txt,4.194,1.000,4.194,1,0.000,0.00,0.000,0.000,0.000
11,ec.gp.GPIndividual@23137412{1759966666},3C_20_80-02.txt,35.738,1.000,35.738,1,0.000,0.00,0.000,0.000,0.000
11,ec.gp.GPIndividual@23137412{1759966666},3C_20_80-03.txt,169.439,1.000,169.439,1,0.000,0.00,0.000,0.000,0.000
11,ec.gp.GPIndividual@612348226{-1631609115},3C_20_50-02.txt,61.404,1.000,61.404,8,59.328,96.62,7.416,41.828,0.219
11,ec.gp.GPIndividual@612348226{-1631609115},3C_20_66-03.txt,118.340,1.000,118.340,5,62.719,53.00,12.544,41.828,0.219
11,ec.gp.GPIndividual@612348226{-1631609115},3C_20_50-03.txt,30.993,1.000,30.993,5,44.297,142.93,8.859,41.828,0.219
11,ec.gp.GPIndividual@612348226{-1631609115},3C_20_80-01.txt,4.194,1.000,4.194,5,4.516,107.66,0.903,41.828,0.219
11,ec.gp.GPIndividual@612348226{-1631609115},3C_20_66-01.txt,7.322,1.000,7.322,10,7.859,107.34,0.786,41.828,0.188
11,ec.gp.GPIndividual@612348226{-1631609115},3C_20_66-02.txt,154.245,1.000,154.245,1,0.109,0.07,0.109,41.828,0.109
11,ec.gp.GPIndividual@612348226{-1631609115},3C_20_80-02.txt,35.738,1.000,35.738,9,35.953,100.60,3.995,41.828,0.109
11,ec.gp.GPIndividual@612348226{-1631609115},3C_20_80-03.txt,169.439,1.000,169.439,3,41.688,24.60,13.896,41.828,0.109
11,ec.gp.GPIndividual@612348226{-1631609115},3C_20_80-01.txt,4.194,1.000,4.194,4,14.781,352.40,3.695,41.828,0.109
11,ec.gp.GPIndividual@612348226{-1631609115},3C_20_66-03.txt,118.340,1.000,118.340,11,152.297,128.69,13.845,67.391,0.109
11,ec.gp.GPIndividual@612348226{-1631609115},3C_20_80-03.txt,169.439,1.000,169.439,4,114.109,67.35,28.527,67.391,0.109
11,ec.gp.GPIndividual@612348226{-1631609115},3C_20_80-01.txt,4.194,1.000,4.194,2,2.219,52.90,1.109,67.391,0.109
11,ec.gp.GPIndividual@612348226{-1631609115},3C_20_80-02.txt,35.738,1.000,35.738,6,17.266,48.31,2.878,67.391,0.109
11,ec.gp.GPIndividual@612348226{-1631609115},3C_20_80-03.txt,169.439,1.000,169.439,3,41.609,24.56,13.870,67.391,0.109
11,ec.gp.GPIndividual@612348226{-1631609115},3C_20_80-02.txt,35.738,1.000,35.738,3,43.344,121.28,14.448,67.391,0.109
11,ec.gp.GPIndividual@1485502768{2116423043},3C_20_50-02.txt,61.404,1.000,61.404,9,50.609,82.42,5.623,20.031,0.031
11,ec.gp.GPIndividual@1485502768{2116423043},3C_20_50-03.txt,30.993,1.000,30.993,7,25.594,82.58,3.656,20.031,0.031
11,ec.gp.GPIndividual@1485502768{2116423043},3C_20_66-01.txt,7.322,1.000,7.322,7,5.906,80.66,0.844,20.031,0.031
11,ec.gp.GPIndividual@1485502768{2116423043},3C_20_66-02.txt,154.245,1.000,154.245,11,127.109,82.41,11.555,50.313,0.031
11,ec.gp.GPIndividual@1485502768{2116423043},3C_20_66-03.txt,118.340,1.000,118.340,7,87.969,74.34,12.567,50.313,0.031
11,ec.gp.GPIndividual@1485502768{2116423043},3C_20_80-01.txt,4.194,1.000,4.194,9,3.656,87.17,0.406,50.313,0.031
11,ec.gp.GPIndividual@1485502768{2116423043},3C_20_80-02.txt,35.738,1.000,35.738,7,23.297,65.19,3.328,50.313,0.031
11,ec.gp.GPIndividual@1485502768{2116423043},3C_20_80-03.txt,169.439,1.000,169.439,3,108.719,64.16,36.240,67.484,0.031
12,ec.gp.GPIndividual@92785973{1918195396},3C_20_50-02.txt,61.404,1.000,61.404,0,0.000,0.00,0.000,0.000,0.000
12,ec.gp.GPIndividual@92785973{1918195396},3C_20_50-03.txt,30.993,1.000,30.993,0,0.000,0.00,0.000,0.000,0.000
12,ec.gp.GPIndividual@92785973{1918195396},3C_20_66-01.txt,7.322,1.000,7.322,0,0.000,0.00,0.000,0.000,0.000
12,ec.gp.GPIndividual@92785973{1918195396},3C_20_66-02.txt,154.245,1.000,154.245,0,0.000,0.00,0.000,0.000,0.000
12,ec.gp.GPIndividual@92785973{1918195396},3C_20_66-03.txt,118.340,1.000,118.340,0,0.000,0.00,0.000,0.000,0.000
12,ec.gp.GPIndividual@92785973{1918195396},3C_20_80-01.txt,4.194,1.000,4.194,0,0.000,0.00,0.000,0.000,0.000
12,ec.gp.GPIndividual@92785973{1918195396},3C_20_80-02.txt,35.738,1.000,35.738,0,0.000,0.00,0.000,0.000,0.000
12,ec.gp.GPIndividual@92785973{1918195396},3C_20_80-03.txt,169.439,1.000,169.439,0,0.000,0.00,0.000,0.000,0.000
12,ec.gp.GPIndividual@760913132{406232765},3C_20_50-02.txt,61.404,1.000,61.404,1,0.281,0.46,0.281,0.281,0.281
12,ec.gp.GPIndividual@760913132{406232765},3C_20_50-03.txt,30.993,1.000,30.993,4,1.500,4.84,0.375,0.375,0.281
12,ec.gp.GPIndividual@760913132{406232765},3C_20_50-03.txt,30.993,1.000,30.993,1,0.281,0.91,0.281,0.375,0.281
12,ec.gp.GPIndividual@760913132{406232765},3C_20_50-03.txt,30.993,1.000,30.993,4,9.781,31.56,2.445,4.281,0.281
12,ec.gp.GPIndividual@760913132{406232765},3C_20_66-01.txt,7.322,1.000,7.322,1,4.453,60.82,4.453,4.453,0.281
12,ec.gp.GPIndividual@760913132{406232765},3C_20_66-01.txt,7.322,1.000,7.322,1,4.625,63.16,4.625,4.625,0.281
12,ec.gp.GPIndividual@760913132{406232765},3C_20_66-01.txt,7.322,1.000,7.322,3,8.203,112.03,2.734,4.625,0.281
12,ec.gp.GPIndividual@760913132{406232765},3C_20_50-03.txt,30.993,1.000,30.993,1,0.953,3.08,0.953,4.625,0.281
12,ec.gp.GPIndividual@760913132{406232765},3C_20_66-02.txt,154.245,1.000,154.245,1,0.953,0.62,0.953,4.625,0.281
12,ec.gp.GPIndividual@760913132{406232765},3C_20_66-02.txt,154.245,1.000,154.245,2,1.688,1.09,0.844,4.625,0.281
12,ec.gp.GPIndividual@760913132{406232765},3C_20_66-02.txt,154.245,1.000,154.245,2,4.234,2.75,2.117,4.625,0.281
12,ec.gp.GPIndividual@760913132{406232765},3C_20_66-03.txt,118.340,1.000,118.340,1,2.344,1.98,2.344,4.625,0.281
12,ec.gp.GPIndividual@760913132{406232765},3C_20_66-03.txt,118.340,1.000,118.340,1,2.641,2.23,2.641,4.625,0.281
12,ec.gp.GPIndividual@760913132{406232765},3C_20_66-03.txt,118.340,1.000,118.340,4,15.906,13.44,3.977,6.078,0.281
12,ec.gp.GPIndividual@760913132{406232765},3C_20_80-01.txt,4.194,1.000,4.194,1,6.563,156.46,6.563,6.563,0.281
12,ec.gp.GPIndividual@760913132{406232765},3C_20_80-01.txt,4.194,1.000,4.194,1,6.563,156.46,6.563,6.563,0.281
12,ec.gp.GPIndividual@760913132{406232765},3C_20_80-01.txt,4.194,1.000,4.194,1,1.219,29.06,1.219,6.563,0.281
12,ec.gp.GPIndividual@760913132{406232765},3C_20_80-02.txt,35.738,1.000,35.738,1,1.406,3.93,1.406,6.563,0.281
12,ec.gp.GPIndividual@760913132{406232765},3C_20_80-02.txt,35.738,1.000,35.738,1,1.578,4.42,1.578,6.563,0.281
12,ec.gp.GPIndividual@760913132{406232765},3C_20_80-02.txt,35.738,1.000,35.738,2,9.766,27.33,4.883,7.453,0.281
12,ec.gp.GPIndividual@760913132{406232765},3C_20_80-03.txt,169.439,1.000,169.439,1,2.125,1.25,2.125,7.453,0.281
12,ec.gp.GPIndividual@760913132{406232765},3C_20_80-03.txt,169.439,1.000,169.439,1,2.297,1.36,2.297,7.453,0.281
12,ec.gp.GPIndividual@760913132{406232765},3C_20_80-03.txt,169.439,1.000,169.439,1,6.641,3.92,6.641,7.453,0.281
12,ec.gp.GPIndividual@2022104933{1542197069},3C_20_50-02.txt,61.404,1.000,61.404,1,6.125,9.97,6.125,6.125,6.125
12,ec.gp.GPIndividual@1587836915{1008652040},3C_20_50-02.txt,61.404,1.000,61.404,0,0.000,0.00,0.000,0.000,0.000
12,ec.gp.GPIndividual@1587836915{1008652040},3C_20_50-03.txt,30.993,1.000,30.993,0,0.000,0.00,0.000,0.000,0.000
12,ec.gp.GPIndividual@1587836915{1008652040},3C_20_66-01.txt,7.322,1.000,7.322,0,0.000,0.00,0.000,0.000,0.000
12,ec.gp.GPIndividual@1587836915{1008652040},3C_20_66-02.txt,154.245,1.000,154.245,0,0.000,0.00,0.000,0.000,0.000
12,ec.gp.GPIndividual@1587836915{1008652040},3C_20_66-03.txt,118.340,1.000,118.340,0,0.000,0.00,0.000,0.000,0.000
12,ec.gp.GPIndividual@1587836915{1008652040},3C_20_80-01.txt,4.194,1.000,4.194,0,0.000,0.00,0.000,0.000,0.000
12,ec.gp.GPIndividual@1587836915{1008652040},3C_20_80-02.txt,35.738,1.000,35.738,0,0.000,0.00,0.000,0.000,0.000
12,ec.gp.GPIndividual@1587836915{1008652040},3C_20_80-03.txt,169.439,1.000,169.439,0,0.000,0.00,0.000,0.000,0.000
12,ec.gp.GPIndividual@1245021474{1945881642},3C_20_50-02.txt,61.404,1.000,61.404,2,6.750,10.99,3.375,6.438,0.313
12,ec.gp.GPIndividual@2088392678{832178409},3C_20_50-02.txt,61.404,1.000,61.404,14,64.281,104.69,4.592,20.016,0.313
12,ec.gp.GPIndividual@2088392678{832178409},3C_20_66-01.txt,7.322,1.000,7.322,1,12.922,176.48,12.922,20.016,0.313
12,ec.gp.GPIndividual@2088392678{832178409},3C_20_50-03.txt,30.993,1.000,30.993,8,30.859,99.57,3.857,20.016,0.313
12,ec.gp.GPIndividual@2088392678{832178409},3C_20_50-03.txt,30.993,1.000,30.993,1,43.578,140.61,43.578,43.578,0.313
12,ec.gp.GPIndividual@2088392678{832178409},3C_20_50-03.txt,30.993,1.000,30.993,4,59.547,192.13,14.887,46.281,0.313
12,ec.gp.GPIndividual@2088392678{832178409},3C_20_50-03.txt,30.993,1.000,30.993,7,39.000,125.84,5.571,46.281,0.313
12,ec.gp.GPIndividual@2088392678{832178409},3C_20_50-03.txt,30.993,1.000,30.993,1,0.906,2.92,0.906,46.281,0.313
12,ec.gp.GPIndividual@2088392678{832178409},3C_20_66-01.txt,7.322,1.000,7.322,2,8.922,121.85,4.461,46.281,0.313
12,ec.gp.GPIndividual@2088392678{832178409},3C_20_66-01.txt,7.322,1.000,7.322,4,7.422,101.36,1.855,46.281,0.172
12,ec.gp.GPIndividual@2088392678{832178409},3C_20_66-01.txt,7.322,1.000,7.322,1,4.266,58.26,4.266,46.281,0.172
12,ec.gp.GPIndividual@2088392678{832178409},3C_20_66-02.txt,154.245,1.000,154.245,25,165.109,107.04,6.604,46.281,0.172
12,ec.gp.GPIndividual@2088392678{832178409},3C_20_66-02.txt,154.245,1.000,154.245,11,157.203,101.92,14.291,46.281,0.172
12,ec.gp.GPIndividual@2088392678{832178409},3C_20_66-01.txt,7.322,1.000,7.322,1,5.359,73.19,5.359,46.281,0.172
12,ec.gp.GPIndividual@2088392678{832178409},3C_20_66-03.txt,118.340,1.000,118.340,12,132.734,112.16,11.061,46.281,0.172
12,ec.gp.GPIndividual@2088392678{832178409},3C_20_66-02.txt,154.245,1.000,154.245,1,2.406,1.56,2.406,46.281,0.172
12,ec.gp.GPIndividual@2088392678{832178409},3C_20_66-02.txt,154.245,1.000,154.245,6,69.297,44.93,11.549,46.281,0.172
12,ec.gp.GPIndividual@2088392678{832178409},3C_20_66-01.txt,7.322,1.000,7.322,8,8.672,118.43,1.084,46.281,0.172
12,ec.gp.GPIndividual@2088392678{832178409},3C_20_66-02.txt,154.245,1.000,154.245,1,0.156,0.10,0.156,46.281,0.156
12,ec.gp.GPIndividual@2088392678{832178409},3C_20_66-03.txt,118.340,1.000,118.340,4,50.281,42.49,12.570,46.281,0.156
12,ec.gp.GPIndividual@2088392678{832178409},3C_20_66-03.txt,118.340,1.000,118.340,12,139.797,118.13,11.650,46.281,0.156
12,ec.gp.GPIndividual@2088392678{832178409},3C_20_66-02.txt,154.245,1.000,154.245,12,150.266,97.42,12.522,46.703,0.156
12,ec.gp.GPIndividual@2088392678{832178409},3C_20_66-03.txt,118.340,1.000,118.340,4,57.953,48.97,14.488,46.703,0.156
12,ec.gp.GPIndividual@2088392678{832178409},3C_20_80-01.txt,4.194,1.000,4.194,3,3.500,83.44,1.167,46.703,0.156
12,ec.gp.GPIndividual@2088392678{832178409},3C_20_80-02.txt,35.738,1.000,35.738,6,56.313,157.57,9.385,47.375,0.156
12,ec.gp.GPIndividual@2088392678{832178409},3C_20_66-03.txt,118.340,1.000,118.340,1,42.625,36.02,42.625,47.375,0.156
12,ec.gp.GPIndividual@2088392678{832178409},3C_20_80-01.txt,4.194,1.000,4.194,1,50.359,1200.61,50.359,50.359,0.156
12,ec.gp.GPIndividual@2088392678{832178409},3C_20_80-01.txt,4.194,1.000,4.194,4,4.156,99.09,1.039,50.359,0.156
12,ec.gp.GPIndividual@2088392678{832178409},3C_20_80-02.txt,35.738,1.000,35.738,14,39.516,110.57,2.823,50.359,0.156
12,ec.gp.GPIndividual@2088392678{832178409},3C_20_80-01.txt,4.194,1.000,4.194,1,0.156,3.73,0.156,50.359,0.156
12,ec.gp.GPIndividual@2088392678{832178409},3C_20_80-03.txt,169.439,1.000,169.439,2,6.594,3.89,3.297,50.359,0.156
12,ec.gp.GPIndividual@2088392678{832178409},3C_20_80-03.txt,169.439,1.000,169.439,5,42.375,25.01,8.475,50.359,0.156
12,ec.gp.GPIndividual@2088392678{832178409},3C_20_66-03.txt,118.340,1.000,118.340,12,130.672,110.42,10.889,50.359,0.156
12,ec.gp.GPIndividual@2088392678{832178409},3C_20_80-01.txt,4.194,1.000,4.194,1,1.641,39.11,1.641,50.359,0.156
12,ec.gp.GPIndividual@2088392678{832178409},3C_20_80-01.txt,4.194,1.000,4.194,4,4.344,103.56,1.086,50.359,0.156
12,ec.gp.GPIndividual@2088392678{832178409},3C_20_80-02.txt,35.738,1.000,35.738,1,0.703,1.97,0.703,50.359,0.156
12,ec.gp.GPIndividual@2088392678{832178409},3C_20_80-02.txt,35.738,1.000,35.738,12,33.656,94.17,2.805,50.359,0.156
12,ec.gp.GPIndividual@2088392678{832178409},3C_20_80-02.txt,35.738,1.000,35.738,3,50.891,142.40,16.964,50.359,0.156
12,ec.gp.GPIndividual@148337158{-1050788681},3C_20_50-02.txt,61.404,1.000,61.404,9,61.828,100.69,6.870,44.750,0.531
12,ec.gp.GPIndividual@1277522570{654085921},3C_20_50-02.txt,61.404,1.000,61.404,5,18.000,29.31,3.600,10.953,0.516
12,ec.gp.GPIndividual@1277522570{654085921},3C_20_80-03.txt,169.439,1.000,169.439,2,16.047,9.47,8.023,12.781,0.516
12,ec.gp.GPIndividual@1277522570{654085921},3C_20_80-03.txt,169.439,1.000,169.439,8,166.703,98.39,20.838,64.531,0.516
12,ec.gp.GPIndividual@1277522570{654085921},3C_20_80-03.txt,169.439,1.000,169.439,2,17.594,10.38,8.797,64.531,0.516
12,ec.gp.GPIndividual@1277522570{654085921},3C_20_80-02.txt,35.738,1.000,35.738,6,75.078,210.08,12.513,66.578,0.516
12,ec.gp.GPIndividual@1277522570{654085921},3C_20_50-03.txt,30.993,1.000,30.993,1,60.234,194.35,60.234,66.578,0.516
12,ec.gp.GPIndividual@328845447{1194353862},3C_20_50-02.txt,61.404,1.000,61.404,2,63.094,102.75,31.547,62.750,0.344
12,ec.gp.GPIndividual@1854277035{-1909241139},3C_20_50-02.txt,61.404,1.000,61.404,3,67.922,110.61,22.641,65.391,0.531
12,ec.gp.GPIndividual@1854277035{-1909241139},3C_20_50-03.txt,30.993,1.000,30.993,8,32.047,103.40,4.006,65.391,0.531
12,ec.gp.GPIndividual@1854277035{-1909241139},3C_20_66-01.txt,7.322,1.000,7.322,3,6.828,93.25,2.276,65.391,0.328
12,ec.gp.GPIndividual@1854277035{-1909241139},3C_20_80-03.txt,169.439,1.000,169.439,12,205.750,121.43,17.146,65.391,0.328
12,ec.gp.GPIndividual@1854277035{-1909241139},3C_20_50-03.txt,30.993,1.000,30.993,1,61.219,197.53,61.219,65.391,0.328
12,ec.gp.GPIndividual@1854277035{-1909241139},3C_20_66-02.txt,154.245,1.000,154.245,4,99.828,64.72,24.957,65.391,0.328
12,ec.gp.GPIndividual@1599750101{1287788560},3C_20_50-02.txt,61.404,1.000,61.404,0,0.000,0.00,0.000,0.000,0.000
12,ec.gp.GPIndividual@1599750101{1287788560},3C_20_50-03.txt,30.993,1.000,30.993,0,0.000,0.00,0.000,0.000,0.000
12,ec.gp.GPIndividual@1599750101{1287788560},3C_20_66-01.txt,7.322,1.000,7.322,0,0.000,0.00,0.000,0.000,0.000
12,ec.gp.GPIndividual@1599750101{1287788560},3C_20_66-02.txt,154.245,1.000,154.245,0,0.000,0.00,0.000,0.000,0.000
12,ec.gp.GPIndividual@1599750101{1287788560},3C_20_66-03.txt,118.340,1.000,118.340,0,0.000,0.00,0.000,0.000,0.000
12,ec.gp.GPIndividual@1599750101{1287788560},3C_20_80-01.txt,4.194,1.000,4.194,0,0.000,0.00,0.000,0.000,0.000
12,ec.gp.GPIndividual@1599750101{1287788560},3C_20_80-02.txt,35.738,1.000,35.738,0,0.000,0.00,0.000,0.000,0.000
12,ec.gp.GPIndividual@1599750101{1287788560},3C_20_80-03.txt,169.439,1.000,169.439,0,0.000,0.00,0.000,0.000,0.000
12,ec.gp.GPIndividual@1352015479{145332753},3C_20_50-02.txt,61.404,1.000,61.404,1,66.813,108.81,66.813,66.813,66.813
12,ec.gp.GPIndividual@1352015479{145332753},3C_20_50-03.txt,30.993,1.000,30.993,1,0.516,1.66,0.516,66.813,0.516
12,ec.gp.GPIndividual@1352015479{145332753},3C_20_50-03.txt,30.993,1.000,30.993,6,19.516,62.97,3.253,66.813,0.516
12,ec.gp.GPIndividual@1352015479{145332753},3C_20_66-01.txt,7.322,1.000,7.322,2,2.828,38.62,1.414,66.813,0.516
12,ec.gp.GPIndividual@1352015479{145332753},3C_20_66-02.txt,154.245,1.000,154.245,1,2.391,1.55,2.391,66.813,0.516
12,ec.gp.GPIndividual@1352015479{145332753},3C_20_66-03.txt,118.340,1.000,118.340,2,10.750,9.08,5.375,66.813,0.516
12,ec.gp.GPIndividual@1352015479{145332753},3C_20_66-03.txt,118.340,1.000,118.340,3,19.125,16.16,6.375,66.813,0.516
12,ec.gp.GPIndividual@1352015479{145332753},3C_20_80-01.txt,4.194,1.000,4.194,1,1.641,39.11,1.641,66.813,0.516
12,ec.gp.GPIndividual@1352015479{145332753},3C_20_80-02.txt,35.738,1.000,35.738,3,21.313,59.64,7.104,66.813,0.516
12,ec.gp.GPIndividual@1352015479{145332753},3C_20_80-03.txt,169.439,1.000,169.439,3,22.313,13.17,7.438,66.813,0.516
12,ec.gp.GPIndividual@451418668{1274433809},3C_20_50-02.txt,61.404,1.000,61.404,0,0.000,0.00,0.000,0.000,0.000
12,ec.gp.GPIndividual@451418668{1274433809},3C_20_50-03.txt,30.993,1.000,30.993,0,0.000,0.00,0.000,0.000,0.000
12,ec.gp.GPIndividual@451418668{1274433809},3C_20_66-01.txt,7.322,1.000,7.322,0,0.000,0.00,0.000,0.000,0.000
12,ec.gp.GPIndividual@451418668{1274433809},3C_20_66-02.txt,154.245,1.000,154.245,0,0.000,0.00,0.000,0.000,0.000
12,ec.gp.GPIndividual@451418668{1274433809},3C_20_66-03.txt,118.340,1.000,118.340,0,0.000,0.00,0.000,0.000,0.000
12,ec.gp.GPIndividual@451418668{1274433809},3C_20_80-01.txt,4.194,1.000,4.194,0,0.000,0.00,0.000,0.000,0.000
12,ec.gp.GPIndividual@451418668{1274433809},3C_20_80-02.txt,35.738,1.000,35.738,0,0.000,0.00,0.000,0.000,0.000
12,ec.gp.GPIndividual@451418668{1274433809},3C_20_80-03.txt,169.439,1.000,169.439,0,0.000,0.00,0.000,0.000,0.000
12,ec.gp.GPIndividual@1978478012{-1148794463},3C_20_50-02.txt,61.404,1.000,61.404,13,62.891,102.42,4.838,22.625,0.438
12,ec.gp.GPIndividual@1978478012{-1148794463},3C_20_80-01.txt,4.194,1.000,4.194,1,18.234,434.72,18.234,22.625,0.438
12,ec.gp.GPIndividual@1978478012{-1148794463},3C_20_66-02.txt,154.245,1.000,154.245,15,135.813,88.05,9.054,39.500,0.438
12,ec.gp.GPIndividual@1978478012{-1148794463},3C_20_80-02.txt,35.738,1.000,35.738,1,37.063,103.71,37.063,39.500,0.438
12,ec.gp.GPIndividual@1978478012{-1148794463},3C_20_66-03.txt,118.340,1.000,118.340,9,66.672,56.34,7.408,52.000,0.438
12,ec.gp.GPIndividual@1978478012{-1148794463},3C_20_66-01.txt,7.322,1.000,7.322,2,55.641,759.89,27.820,54.891,0.438
12,ec.gp.GPIndividual@1978478012{-1148794463},3C_20_50-03.txt,30.993,1.000,30.993,6,30.609,98.76,5.102,54.891,0.266
12,ec.gp.GPIndividual@1978478012{-1148794463},3C_20_66-02.txt,154.245,1.000,154.245,14,184.078,119.34,13.148,54.891,0.266
12,ec.gp.GPIndividual@1978478012{-1148794463},3C_20_80-03.txt,169.439,1.000,169.439,11,195.891,115.61,17.808,54.891,0.266
12,ec.gp.GPIndividual@396145713{-905258038},3C_20_50-02.txt,61.404,1.000,61.404,1,1.969,3.21,1.969,1.969,1.969
12,ec.gp.GPIndividual@396145713{-905258038},3C_20_66-02.txt,154.245,1.000,154.245,3,36.625,23.74,12.208,34.813,0.281
12,ec.gp.GPIndividual@396145713{-905258038},3C_20_80-01.txt,4.194,1.000,4.194,4,4.297,102.44,1.074,34.813,0.141
12,ec.gp.GPIndividual@396145713{-905258038},3C_20_66-03.txt,118.340,1.000,118.340,15,132.188,111.70,8.813,44.469,0.141
12,ec.gp.GPIndividual@396145713{-905258038},3C_20_66-03.txt,118.340,1.000,118.340,1,2.453,2.07,2.453,44.469,0.141
12,ec.gp.GPIndividual@396145713{-905258038},3C_20_80-02.txt,35.738,1.000,35.738,6,44.516,124.56,7.419,44.469,0.141
12,ec.gp.GPIndividual@396145713{-905258038},3C_20_66-01.txt,7.322,1.000,7.322,2,28.188,384.96,14.094,44.469,0.141
12,ec.gp.GPIndividual@396145713{-905258038},3C_20_50-03.txt,30.993,1.000,30.993,8,19.344,62.41,2.418,44.469,0.141
12,ec.gp.GPIndividual@396145713{-905258038},3C_20_80-01.txt,4.194,1.000,4.194,2,7.094,169.12,3.547,44.469,0.141
12,ec.gp.GPIndividual@396145713{-905258038},3C_20_66-01.txt,7.322,1.000,7.322,4,11.125,151.94,2.781,44.469,0.141
12,ec.gp.GPIndividual@396145713{-905258038},3C_20_66-02.txt,154.245,1.000,154.245,21,153.875,99.76,7.327,44.469,0.141
12,ec.gp.GPIndividual@396145713{-905258038},3C_20_66-03.txt,118.340,1.000,118.340,5,125.438,106.00,25.088,57.516,0.141
12,ec.gp.GPIndividual@396145713{-905258038},3C_20_80-03.txt,169.439,1.000,169.439,4,82.469,48.67,20.617,57.516,0.141
12,ec.gp.GPIndividual@396145713{-905258038},3C_20_80-02.txt,35.738,1.000,35.738,6,46.406,129.85,7.734,57.516,0.141
12,ec.gp.GPIndividual@396145713{-905258038},3C_20_80-01.txt,4.194,1.000,4.194,3,3.141,74.88,1.047,57.516,0.141
12,ec.gp.GPIndividual@396145713{-905258038},3C_20_80-02.txt,35.738,1.000,35.738,7,26.719,74.76,3.817,57.516,0.141
12,ec.gp.GPIndividual@396145713{-905258038},3C_20_80-03.txt,169.439,1.000,169.439,5,175.641,103.66,35.128,65.578,0.141
12,ec.gp.GPIndividual@815745711{523476572},3C_20_50-02.txt,61.404,1.000,61.404,7,5.625,9.16,0.804,2.328,0.281
12,ec.gp.GPIndividual@815745711{523476572},3C_20_50-03.txt,30.993,1.000,30.993,3,34.016,109.75,11.339,23.859,0.281
12,ec.gp.GPIndividual@815745711{523476572},3C_20_66-02.txt,154.245,1.000,154.245,8,124.953,81.01,15.619,64.984,0.281
12,ec.gp.GPIndividual@815745711{523476572},3C_20_80-03.txt,169.439,1.000,169.439,5,163.359,96.41,32.672,64.984,0.281
12,ec.gp.GPIndividual@815745711{523476572},3C_20_80-01.txt,4.194,1.000,4.194,2,18.891,450.37,9.445,64.984,0.281
12,ec.gp.GPIndividual@815745711{523476572},3C_20_66-03.txt,118.340,1.000,118.340,3,36.797,31.09,12.266,64.984,0.281
12,ec.gp.GPIndividual@1736086040{-1937728363},3C_20_50-02.txt,61.404,1.000,61.404,15,65.438,106.57,4.363,31.969,0.281
12,ec.gp.GPIndividual@1736086040{-1937728363},3C_20_80-01.txt,4.194,1.000,4.194,1,0.125,2.98,0.125,31.969,0.125
12,ec.gp.GPIndividual@1736086040{-1937728363},3C_20_50-03.txt,30.993,1.000,30.993,1,1.469,4.74,1.469,31.969,0.125
12,ec.gp.GPIndividual@1736086040{-1937728363},3C_20_80-02.txt,35.738,1.000,35.738,2,10.875,30.43,5.438,31.969,0.125
12,ec.gp.GPIndividual@2079674287{-142083883},3C_20_50-02.txt,61.404,1.000,61.404,17,90.922,148.07,5.348,59.375,0.297
12,ec.gp.GPIndividual@2079674287{-142083883},3C_20_66-01.txt,7.322,1.000,7.322,3,10.734,146.60,3.578,59.375,0.297
12,ec.gp.GPIndividual@2079674287{-142083883},3C_20_66-01.txt,7.322,1.000,7.322,8,7.422,101.36,0.928,59.375,0.141
12,ec.gp.GPIndividual@2079674287{-142083883},3C_20_66-02.txt,154.245,1.000,154.245,12,165.906,107.56,13.826,59.375,0.141
12,ec.gp.GPIndividual@2079674287{-142083883},3C_20_80-03.txt,169.439,1.000,169.439,6,158.359,93.46,26.393,59.375,0.141
12,ec.gp.GPIndividual@2079674287{-142083883},3C_20_66-02.txt,154.245,1.000,154.245,6,25.406,16.47,4.234,59.375,0.141
12,ec.gp.GPIndividual@2079674287{-142083883},3C_20_80-02.txt,35.738,1.000,35.738,6,35.813,100.21,5.969,59.375,0.141
12,ec.gp.GPIndividual@2079674287{-142083883},3C_20_66-03.txt,118.340,1.000,118.340,4,65.953,55.73,16.488,59.375,0.141
12,ec.gp.GPIndividual@2079674287{-142083883},3C_20_50-03.txt,30.993,1.000,30.993,3,47.281,152.56,15.760,59.375,0.141
12,ec.gp.GPIndividual@2079674287{-142083883},3C_20_66-03.txt,118.340,1.000,118.340,5,122.078,103.16,24.416,65.813,0.141
12,ec.gp.GPIndividual@2079674287{-142083883},3C_20_80-03.txt,169.439,1.000,169.439,1,17.953,10.60,17.953,65.813,0.141
12,ec.gp.GPIndividual@1989006000{251104478},3C_20_50-02.txt,61.404,1.000,61.404,6,81.047,131.99,13.508,41.063,0.266
12,ec.gp.GPIndividual@1989006000{251104478},3C_20_66-01.txt,7.322,1.000,7.322,2,7.344,100.29,3.672,41.063,0.266
12,ec.gp.GPIndividual@1391930916{-744542909},3C_20_50-02.txt,61.404,1.000,61.404,5,5.234,8.52,1.047,2.094,0.281
12,ec.gp.GPIndividual@1391930916{-744542909},3C_20_80-01.txt,4.194,1.000,4.194,3,4.422,105.42,1.474,2.094,0.281
12,ec.gp.GPIndividual@1391930916{-744542909},3C_20_66-02.txt,154.245,1.000,154.245,3,2.500,1.62,0.833,2.094,0.281
12,ec.gp.GPIndividual@1391930916{-744542909},3C_20_50-03.txt,30.993,1.000,30.993,14,31.016,100.07,2.215,8.234,0.141
12,ec.gp.GPIndividual@1391930916{-744542909},3C_20_66-03.txt,118.340,1.000,118.340,4,21.609,18.26,5.402,9.172,0.141
12,ec.gp.GPIndividual@1391930916{-744542909},3C_20_80-01.txt,4.194,1.000,4.194,5,4.109,97.97,0.822,9.172,0.141
12,ec.gp.GPIndividual@1391930916{-744542909},3C_20_80-02.txt,35.738,1.000,35.738,1,0.703,1.97,0.703,9.172,0.141
12,ec.gp.GPIndividual@1391930916{-744542909},3C_20_80-02.txt,35.738,1.000,35.738,15,40.266,112.67,2.684,9.172,0.141
12,ec.gp.GPIndividual@1391930916{-744542909},3C_20_80-01.txt,4.194,1.000,4.194,2,4.109,97.97,2.055,9.172,0.141
12,ec.gp.GPIndividual@1391930916{-744542909},3C_20_80-03.txt,169.439,1.000,169.439,11,84.406,49.82,7.673,42.438,0.141
12,ec.gp.GPIndividual@1391930916{-744542909},3C_20_50-03.txt,30.993,1.000,30.993,5,26.359,85.05,5.272,42.438,0.141
12,ec.gp.GPIndividual@1391930916{-744542909},3C_20_66-01.txt,7.322,1.000,7.322,7,6.859,93.68,0.980,42.438,0.141
12,ec.gp.GPIndividual@1391930916{-744542909},3C_20_66-02.txt,154.245,1.000,154.245,3,69.125,44.82,23.042,66.047,0.141
12,ec.gp.GPIndividual@1391930916{-744542909},3C_20_80-03.txt,169.439,1.000,169.439,7,181.766,107.27,25.967,66.047,0.141
12,ec.gp.GPIndividual@1391930916{-744542909},3C_20_66-01.txt,7.322,1.000,7.322,3,5.094,69.57,1.698,66.047,0.141
12,ec.gp.GPIndividual@1391930916{-744542909},3C_20_66-02.txt,154.245,1.000,154.245,7,114.063,73.95,16.295,66.047,0.141
12,ec.gp.GPIndividual@1577931865{1913438114},3C_20_50-02.txt,61.404,1.000,61.404,7,84.938,138.32,12.134,47.594,0.422
12,ec.gp.GPIndividual@1577931865{1913438114},3C_20_66-03.txt,118.340,1.000,118.340,1,46.875,39.61,46.875,47.594,0.422
12,ec.gp.GPIndividual@1577931865{1913438114},3C_20_80-02.txt,35.738,1.000,35.738,3,5.813,16.26,1.938,47.594,0.422
12,ec.gp.GPIndividual@1577931865{1913438114},3C_20_66-03.txt,118.340,1.000,118.340,8,90.188,76.21,11.273,53.984,0.422
12,ec.gp.GPIndividual@446462699{-614062781},3C_20_50-02.txt,61.404,1.000,61.404,10,52.672,85.78,5.267,13.063,0.422
12,ec.gp.GPIndividual@446462699{-614062781},3C_20_80-03.txt,169.439,1.000,169.439,9,170.016,100.34,18.891,36.406,0.422
12,ec.gp.GPIndividual@446462699{-614062781},3C_20_80-01.txt,4.194,1.000,4.194,1,3.250,77.48,3.250,36.406,0.422
12,ec.gp.GPIndividual@446462699{-614062781},3C_20_80-01.txt,4.194,1.000,4.194,4,4.516,107.66,1.129,36.406,0.422
12,ec.gp.GPIndividual@446462699{-614062781},3C_20_80-02.txt,35.738,1.000,35.738,1,0.281,0.79,0.281,36.406,0.281
12,ec.gp.GPIndividual@446462699{-614062781},3C_20_80-02.txt,35.738,1.000,35.738,5,44.469,124.43,8.894,39.172,0.281
12,ec.gp.GPIndividual@446462699{-614062781},3C_20_50-03.txt,30.993,1.000,30.993,10,37.359,120.54,3.736,39.172,0.281
12,ec.gp.GPIndividual@446462699{-614062781},3C_20_80-03.txt,169.439,1.000,169.439,1,1.516,0.89,1.516,39.172,0.281
12,ec.gp.GPIndividual@446462699{-614062781},3C_20_80-03.txt,169.439,1.000,169.439,8,172.625,101.88,21.578,59.484,0.281
12,ec.gp.GPIndividual@1686464944{1354661114},3C_20_50-02.txt,61.404,1.000,61.404,3,33.094,53.89,11.031,21.188,0.406
12,ec.gp.GPIndividual@1686464944{1354661114},3C_20_50-03.txt,30.993,1.000,30.993,3,8.984,28.99,2.995,21.188,0.406
12,ec.gp.GPIndividual@2130834889{-1992673603},3C_20_50-02.txt,61.404,1.000,61.404,10,91.625,149.22,9.163,44.938,0.438
12,ec.gp.GPIndividual@280941834{1526841719},3C_20_50-02.txt,61.404,1.000,61.404,2,3.531,5.75,1.766,3.313,0.219
12,ec.gp.GPIndividual@280941834{1526841719},3C_20_80-01.txt,4.194,1.000,4.194,5,4.703,112.13,0.941,3.313,0.219
12,ec.gp.GPIndividual@280941834{1526841719},3C_20_80-02.txt,35.738,1.000,35.738,1,0.234,0.66,0.234,3.313,0.219
12,ec.gp.GPIndividual@280941834{1526841719},3C_20_50-03.txt,30.993,1.000,30.993,7,50.781,163.85,7.254,27.875,0.219
12,ec.gp.GPIndividual@280941834{1526841719},3C_20_66-03.txt,118.340,1.000,118.340,3,10.328,8.73,3.443,27.875,0.219
12,ec.gp.GPIndividual@280941834{1526841719},3C_20_80-01.txt,4.194,1.000,4.194,2,4.453,106.17,2.227,27.875,0.219
12,ec.gp.GPIndividual@280941834{1526841719},3C_20_80-01.txt,4.194,1.000,4.194,6,4.188,99.83,0.698,27.875,0.109
12,ec.gp.GPIndividual@280941834{1526841719},3C_20_80-02.txt,35.738,1.000,35.738,14,36.094,101.00,2.578,27.875,0.109
12,ec.gp.GPIndividual@280941834{1526841719},3C_20_80-03.txt,169.439,1.000,169.439,6,114.063,67.32,19.010,46.938,0.109
12,ec.gp.GPIndividual@280941834{1526841719},3C_20_80-03.txt,169.439,1.000,169.439,1,64.625,38.14,64.625,64.625,0.109
12,ec.gp.GPIndividual@280941834{1526841719},3C_20_80-02.txt,35.738,1.000,35.738,1,61.734,172.74,61.734,64.625,0.109
12,ec.gp.GPIndividual@55834248{-1031375283},3C_20_50-02.txt,61.404,1.000,61.404,11,68.922,112.24,6.266,55.781,0.250
12,ec.gp.GPIndividual@55834248{-1031375283},3C_20_66-01.txt,7.322,1.000,7.322,7,6.531,89.20,0.933,55.781,0.250
12,ec.gp.GPIndividual@55834248{-1031375283},3C_20_66-02.txt,154.245,1.000,154.245,10,125.016,81.05,12.502,55.781,0.250
12,ec.gp.GPIndividual@55834248{-1031375283},3C_20_80-03.txt,169.439,1.000,169.439,4,119.469,70.51,29.867,55.781,0.250
12,ec.gp.GPIndividual@764712183{-1125488081},3C_20_50-02.txt,61.404,1.000,61.404,1,0.219,0.36,0.219,0.219,0.219
12,ec.gp.GPIndividual@764712183{-1125488081},3C_20_50-03.txt,30.993,1.000,30.993,1,3.094,9.98,3.094,3.094,0.219
12,ec.gp.GPIndividual@764712183{-1125488081},3C_20_66-01.txt,7.322,1.000,7.322,1,0.609,8.32,0.609,3.094,0.219
12,ec.gp.GPIndividual@764712183{-1125488081},3C_20_66-02.txt,154.245,1.000,154.245,1,1.469,0.95,1.469,3.094,0.219
12,ec.gp.GPIndividual@764712183{-1125488081},3C_20_66-03.txt,118.340,1.000,118.340,1,3.516,2.97,3.516,3.516,0.219
12,ec.gp.GPIndividual@764712183{-1125488081},3C_20_80-01.txt,4.194,1.000,4.194,1,0.844,20.12,0.844,3.516,0.219
12,ec.gp.GPIndividual@764712183{-1125488081},3C_20_80-02.txt,35.738,1.000,35.738,1,1.219,3.41,1.219,3.516,0.219
12,ec.gp.GPIndividual@764712183{-1125488081},3C_20_80-03.txt,169.439,1.000,169.439,1,3.297,1.95,3.297,3.516,0.219
12,ec.gp.GPIndividual@1321939435{318716279},3C_20_50-02.txt,61.404,1.000,61.404,7,41.563,67.69,5.938,19.281,0.156
12,ec.gp.GPIndividual@1321939435{318716279},3C_20_50-03.txt,30.993,1.000,30.993,5,24.703,79.71,4.941,19.281,0.156
12,ec.gp.GPIndividual@1321939435{318716279},3C_20_66-03.txt,118.340,1.000,118.340,3,13.094,11.06,4.365,19.281,0.156
12,ec.gp.GPIndividual@1321939435{318716279},3C_20_66-01.txt,7.322,1.000,7.322,3,3.391,46.31,1.130,19.281,0.156
12,ec.gp.GPIndividual@1321939435{318716279},3C_20_66-02.txt,154.245,1.000,154.245,12,141.844,91.96,11.820,41.422,0.156
12,ec.gp.GPIndividual@1321939435{318716279},3C_20_66-03.txt,118.340,1.000,118.340,6,80.219,67.79,13.370,41.422,0.156
12,ec.gp.GPIndividual@1321939435{318716279},3C_20_80-01.txt,4.194,1.000,4.194,9,4.047,96.48,0.450,41.422,0.109
12,ec.gp.GPIndividual@1321939435{318716279},3C_20_80-02.txt,35.738,1.000,35.738,7,33.000,92.34,4.714,41.422,0.109
12,ec.gp.GPIndividual@1321939435{318716279},3C_20_80-01.txt,4.194,1.000,4.194,6,3.406,81.21,0.568,41.422,0.109
12,ec.gp.GPIndividual@1321939435{318716279},3C_20_80-02.txt,35.738,1.000,35.738,7,23.359,65.36,3.337,41.422,0.109
12,ec.gp.GPIndividual@1321939435{318716279},3C_20_80-03.txt,169.439,1.000,169.439,1,13.656,8.06,13.656,41.422,0.109
12,ec.gp.GPIndividual@1321939435{318716279},3C_20_80-03.txt,169.439,1.000,169.439,6,136.625,80.63,22.771,67.172,0.109
12,ec.gp.GPIndividual@1897723887{1757755272},3C_20_50-02.txt,61.404,1.000,61.404,5,50.859,82.83,10.172,48.797,0.109
12,ec.gp.GPIndividual@452030950{466921490},3C_20_50-02.txt,61.404,1.000,61.404,9,50.641,82.47,5.627,20.031,0.031
12,ec.gp.GPIndividual@452030950{466921490},3C_20_50-03.txt,30.993,1.000,30.993,7,25.609,82.63,3.658,20.031,0.031
12,ec.gp.GPIndividual@452030950{466921490},3C_20_66-01.txt,7.322,1.000,7.322,7,5.922,80.88,0.846,20.031,0.031
12,ec.gp.GPIndividual@452030950{466921490},3C_20_66-02.txt,154.245,1.000,154.245,11,127.125,82.42,11.557,50.281,0.031
12,ec.gp.GPIndividual@452030950{466921490},3C_20_66-03.txt,118.340,1.000,118.340,7,87.859,74.24,12.551,50.281,0.031
12,ec.gp.GPIndividual@452030950{466921490},3C_20_80-01.txt,4.194,1.000,4.194,9,3.672,87.54,0.408,50.281,0.031
12,ec.gp.GPIndividual@452030950{466921490},3C_20_80-02.txt,35.738,1.000,35.738,7,23.281,65.14,3.326,50.281,0.031
12,ec.gp.GPIndividual@452030950{466921490},3C_20_80-03.txt,169.439,1.000,169.439,3,108.750,64.18,36.250,67.484,0.031
13,ec.gp.GPIndividual@2095509519{-190321675},3C_20_50-02.txt,61.404,1.000,61.404,6,2.063,3.36,0.344,0.375,0.281
13,ec.gp.GPIndividual@2095509519{-190321675},3C_20_50-03.txt,30.993,1.000,30.993,9,21.297,68.72,2.366,4.484,0.281
13,ec.gp.GPIndividual@2095509519{-190321675},3C_20_66-01.txt,7.322,1.000,7.322,3,6.203,84.72,2.068,4.484,0.281
13,ec.gp.GPIndividual@2095509519{-190321675},3C_20_50-03.txt,30.993,1.000,30.993,1,1.016,3.28,1.016,4.484,0.281
13,ec.gp.GPIndividual@2095509519{-190321675},3C_20_66-02.txt,154.245,1.000,154.245,5,13.125,8.51,2.625,4.484,0.281
13,ec.gp.GPIndividual@2095509519{-190321675},3C_20_66-03.txt,118.340,1.000,118.340,3,13.484,11.39,4.495,6.469,0.281
13,ec.gp.GPIndividual@2095509519{-190321675},3C_20_80-01.txt,4.194,1.000,4.194,1,1.469,35.02,1.469,6.469,0.281
13,ec.gp.GPIndividual@2095509519{-190321675},3C_20_80-02.txt,35.738,1.000,35.738,2,9.781,27.37,4.891,7.766,0.281
13,ec.gp.GPIndividual@2095509519{-190321675},3C_20_80-03.txt,169.439,1.000,169.439,1,6.734,3.97,6.734,7.766,0.281
13,ec.gp.GPIndividual@1225590897{533844085},3C_20_50-02.txt,61.404,1.000,61.404,9,58.922,95.96,6.547,19.141,0.531
13,ec.gp.GPIndividual@1225590897{533844085},3C_20_50-03.txt,30.993,1.000,30.993,1,46.234,149.18,46.234,46.234,0.531
13,ec.gp.GPIndividual@1225590897{533844085},3C_20_50-03.txt,30.993,1.000,30.993,1,9.828,31.71,9.828,46.234,0.531
13,ec.gp.GPIndividual@1225590897{533844085},3C_20_66-01.txt,7.322,1.000,7.322,5,8.766,119.71,1.753,46.234,0.172
13,ec.gp.GPIndividual@1225590897{533844085},3C_20_66-02.txt,154.245,1.000,154.245,1,0.156,0.10,0.156,46.234,0.156
13,ec.gp.GPIndividual@1225590897{533844085},3C_20_66-01.txt,7.322,1.000,7.322,4,7.109,97.09,1.777,46.234,0.156
13,ec.gp.GPIndividual@1225590897{533844085},3C_20_66-01.txt,7.322,1.000,7.322,6,8.063,110.11,1.344,46.234,0.156
13,ec.gp.GPIndividual@1225590897{533844085},3C_20_66-02.txt,154.245,1.000,154.245,2,1.219,0.79,0.609,46.234,0.156
13,ec.gp.GPIndividual@1225590897{533844085},3C_20_66-03.txt,118.340,1.000,118.340,5,118.266,99.94,23.653,58.688,0.156
13,ec.gp.GPIndividual@1225590897{533844085},3C_20_50-03.txt,30.993,1.000,30.993,3,63.734,205.64,21.245,59.906,0.156
13,ec.gp.GPIndividual@1225590897{533844085},3C_20_50-03.txt,30.993,1.000,30.993,9,29.719,95.89,3.302,59.906,0.156
13,ec.gp.GPIndividual@1225590897{533844085},3C_20_66-01.txt,7.322,1.000,7.322,2,6.250,85.36,3.125,59.906,0.156
13,ec.gp.GPIndividual@1225590897{533844085},3C_20_80-01.txt,4.194,1.000,4.194,2,11.609,276.78,5.805,59.906,0.156
13,ec.gp.GPIndividual@1225590897{533844085},3C_20_66-02.txt,154.245,1.000,154.245,4,11.594,7.52,2.898,59.906,0.156
13,ec.gp.GPIndividual@1225590897{533844085},3C_20_66-02.txt,154.245,1.000,154.245,18,134.328,87.09,7.463,59.906,0.156
13,ec.gp.GPIndividual@1225590897{533844085},3C_20_50-03.txt,30.993,1.000,30.993,1,39.031,125.94,39.031,59.906,0.156
13,ec.gp.GPIndividual@1225590897{533844085},3C_20_80-02.txt,35.738,1.000,35.738,2,47.422,132.69,23.711,59.906,0.156
13,ec.gp.GPIndividual@1225590897{533844085},3C_20_66-03.txt,118.340,1.000,118.340,8,132.469,111.94,16.559,59.906,0.156
13,ec.gp.GPIndividual@1225590897{533844085},3C_20_66-03.txt,118.340,1.000,118.340,7,72.156,60.97,10.308,59.906,0.156
13,ec.gp.GPIndividual@1225590897{533844085},3C_20_80-03.txt,169.439,1.000,169.439,1,20.516,12.11,20.516,59.906,0.156
13,ec.gp.GPIndividual@1225590897{533844085},3C_20_66-03.txt,118.340,1.000,118.340,8,99.094,83.74,12.387,59.906,0.156
13,ec.gp.GPIndividual@1225590897{533844085},3C_20_66-01.txt,7.322,1.000,7.322,5,6.344,86.64,1.269,59.906,0.156
13,ec.gp.GPIndividual@1225590897{533844085},3C_20_66-02.txt,154.245,1.000,154.245,9,148.891,96.53,16.543,59.906,0.156
13,ec.gp.GPIndividual@1837524806{-2076968938},3C_20_50-02.txt,61.404,1.000,61.404,8,62.563,101.89,7.820,30.422,0.344
13,ec.gp.GPIndividual@1837524806{-2076968938},3C_20_80-01.txt,4.194,1.000,4.194,2,3.469,82.70,1.734,30.422,0.344
13,ec.gp.GPIndividual@1837524806{-2076968938},3C_20_66-01.txt,7.322,1.000,7.322,3,7.891,107.76,2.630,30.422,0.344
13,ec.gp.GPIndividual@1837524806{-2076968938},3C_20_50-03.txt,30.993,1.000,30.993,7,32.828,105.92,4.690,30.422,0.344
13,ec.gp.GPIndividual@1837524806{-2076968938},3C_20_80-02.txt,35.738,1.000,35.738,1,0.891,2.49,0.891,30.422,0.344
13,ec.gp.GPIndividual@1837524806{-2076968938},3C_20_80-01.txt,4.194,1.000,4.194,3,3.797,90.52,1.266,30.422,0.344
13,ec.gp.GPIndividual@1837524806{-2076968938},3C_20_80-03.txt,169.439,1.000,169.439,14,167.594,98.91,11.971,42.453,0.344
13,ec.gp.GPIndividual@1837524806{-2076968938},3C_20_66-03.txt,118.340,1.000,118.340,3,35.938,30.37,11.979,42.453,0.344
13,ec.gp.GPIndividual@1837524806{-2076968938},3C_20_66-01.txt,7.322,1.000,7.322,6,7.359,100.51,1.227,42.453,0.156
13,ec.gp.GPIndividual@1837524806{-2076968938},3C_20_80-01.txt,4.194,1.000,4.194,4,3.781,90.15,0.945,42.453,0.156
13,ec.gp.GPIndividual@1837524806{-2076968938},3C_20_66-02.txt,154.245,1.000,154.245,6,91.344,59.22,15.224,44.531,0.156
13,ec.gp.GPIndividual@1837524806{-2076968938},3C_20_80-01.txt,4.194,1.000,4.194,2,5.078,121.07,2.539,44.531,0.156
13,ec.gp.GPIndividual@1837524806{-2076968938},3C_20_80-02.txt,35.738,1.000,35.738,15,35.969,100.65,2.398,44.531,0.156
13,ec.gp.GPIndividual@1837524806{-2076968938},3C_20_66-03.txt,118.340,1.000,118.340,2,67.250,56.83,33.625,61.391,0.156
13,ec.gp.GPIndividual@1850437908{922862804},3C_20_50-02.txt,61.404,1.000,61.404,5,51.891,84.51,10.378,39.359,0.313
13,ec.gp.GPIndividual@1850437908{922862804},3C_20_80-02.txt,35.738,1.000,35.738,10,38.328,107.25,3.833,39.359,0.313
13,ec.gp.GPIndividual@1850437908{922862804},3C_20_80-01.txt,4.194,1.000,4.194,2,4.766,113.62,2.383,39.359,0.313
13,ec.gp.GPIndividual@1850437908{922862804},3C_20_50-03.txt,30.993,1.000,30.993,3,50.578,163.19,16.859,41.844,0.313
13,ec.gp.GPIndividual@1850437908{922862804},3C_20_66-02.txt,154.245,1.000,154.245,11,51.875,33.63,4.716,41.844,0.313
13,ec.gp.GPIndividual@1850437908{922862804},3C_20_80-03.txt,169.439,1.000,169.439,6,73.344,43.29,12.224,45.141,0.313
13,ec.gp.GPIndividual@1850437908{922862804},3C_20_80-03.txt,169.439,1.000,169.439,4,127.453,75.22,31.863,52.047,0.313
13,ec.gp.GPIndividual@1850437908{922862804},3C_20_80-02.txt,35.738,1.000,35.738,7,79.719,223.06,11.388,60.328,0.313
13,ec.gp.GPIndividual@1597521200{-961778850},3C_20_50-02.txt,61.404,1.000,61.404,2,66.469,108.25,33.234,65.938,0.531
13,ec.gp.GPIndividual@1597521200{-961778850},3C_20_80-02.txt,35.738,1.000,35.738,2,8.281,23.17,4.141,65.938,0.531
13,ec.gp.GPIndividual@1597521200{-961778850},3C_20_80-03.txt,169.439,1.000,169.439,11,177.609,104.82,16.146,65.938,0.531
13,ec.gp.GPIndividual@1597521200{-961778850},3C_20_66-01.txt,7.322,1.000,7.322,5,6.281,85.78,1.256,65.938,0.531
13,ec.gp.GPIndividual@1597521200{-961778850},3C_20_66-02.txt,154.245,1.000,154.245,2,21.359,13.85,10.680,65.938,0.531
13,ec.gp.GPIndividual@810607603{-1474910660},3C_20_50-02.txt,61.404,1.000,61.404,2,0.641,1.04,0.320,0.328,0.313
13,ec.gp.GPIndividual@810607603{-1474910660},3C_20_50-03.txt,30.993,1.000,30.993,7,18.078,58.33,2.583,4.797,0.313
13,ec.gp.GPIndividual@810607603{-1474910660},3C_20_66-01.txt,7.322,1.000,7.322,1,8.266,112.88,8.266,8.266,0.313
13,ec.gp.GPIndividual@810607603{-1474910660},3C_20_66-03.txt,118.340,1.000,118.340,2,2.734,2.31,1.367,8.266,0.313
13,ec.gp.GPIndividual@810607603{-1474910660},3C_20_66-02.txt,154.245,1.000,154.245,6,56.422,36.58,9.404,44.844,0.313
13,ec.gp.GPIndividual@810607603{-1474910660},3C_20_66-03.txt,118.340,1.000,118.340,5,135.766,114.73,27.153,60.766,0.313
13,ec.gp.GPIndividual@560386788{939876102},3C_20_50-02.txt,61.404,1.000,61.404,1,63.547,103.49,63.547,63.547,63.547
13,ec.gp.GPIndividual@560386788{939876102},3C_20_50-03.txt,30.993,1.000,30.993,6,17.391,56.11,2.898,63.547,0.516
13,ec.gp.GPIndividual@560386788{939876102},3C_20_80-01.txt,4.194,1.000,4.194,3,5.094,121.44,1.698,63.547,0.516
13,ec.gp.GPIndividual@560386788{939876102},3C_20_50-03.txt,30.993,1.000,30.993,4,10.969,35.39,2.742,63.547,0.516
13,ec.gp.GPIndividual@560386788{939876102},3C_20_80-02.txt,35.738,1.000,35.738,5,25.734,72.01,5.147,63.547,0.516
13,ec.gp.GPIndividual@560386788{939876102},3C_20_80-03.txt,169.439,1.000,169.439,5,61.516,36.31,12.303,63.547,0.516
13,ec.gp.GPIndividual@560386788{939876102},3C_20_66-03.txt,118.340,1.000,118.340,8,138.375,116.93,17.297,63.547,0.516
13,ec.gp.GPIndividual@560386788{939876102},3C_20_66-01.txt,7.322,1.000,7.322,2,28.297,386.45,14.148,63.547,0.516
13,ec.gp.GPIndividual@560386788{939876102},3C_20_66-01.txt,7.322,1.000,7.322,1,2.906,39.69,2.906,63.547,0.516
13,ec.gp.GPIndividual@560386788{939876102},3C_20_80-01.txt,4.194,1.000,4.194,4,4.750,113.24,1.188,63.547,0.516
13,ec.gp.GPIndividual@560386788{939876102},3C_20_80-02.txt,35.738,1.000,35.738,2,1.938,5.42,0.969,63.547,0.516
13,ec.gp.GPIndividual@560386788{939876102},3C_20_66-02.txt,154.245,1.000,154.245,15,156.703,101.59,10.447,67.484,0.516
13,ec.gp.GPIndividual@560386788{939876102},3C_20_80-03.txt,169.439,1.000,169.439,2,11.016,6.50,5.508,67.484,0.516
13,ec.gp.GPIndividual@1444963958{298158180},3C_20_50-02.txt,61.404,1.000,61.404,7,79.031,128.71,11.290,44.016,0.344
13,ec.gp.GPIndividual@218343719{-1412613636},3C_20_50-02.txt,61.404,1.000,61.404,7,108.813,177.21,15.545,51.766,0.531
13,ec.gp.GPIndividual@218343719{-1412613636},3C_20_80-01.txt,4.194,1.000,4.194,1,3.094,73.76,3.094,51.766,0.531
13,ec.gp.GPIndividual@218343719{-1412613636},3C_20_66-03.txt,118.340,1.000,118.340,12,119.500,100.98,9.958,51.766,0.531
13,ec.gp.GPIndividual@218343719{-1412613636},3C_20_66-02.txt,154.245,1.000,154.245,2,13.125,8.51,6.563,51.766,0.531
13,ec.gp.GPIndividual@218343719{-1412613636},3C_20_80-01.txt,4.194,1.000,4.194,2,13.391,319.24,6.695,51.766,0.531
13,ec.gp.GPIndividual@218343719{-1412613636},3C_20_50-03.txt,30.993,1.000,30.993,9,47.656,153.77,5.295,51.766,0.531
13,ec.gp.GPIndividual@218343719{-1412613636},3C_20_80-03.txt,169.439,1.000,169.439,13,153.063,90.33,11.774,51.766,0.531
13,ec.gp.GPIndividual@218343719{-1412613636},3C_20_50-03.txt,30.993,1.000,30.993,2,59.078,190.62,29.539,54.656,0.531
13,ec.gp.GPIndividual@218343719{-1412613636},3C_20_80-02.txt,35.738,1.000,35.738,1,55.547,155.43,55.547,55.547,0.531
13,ec.gp.GPIndividual@1926701484{-1916287781},3C_20_50-02.txt,61.404,1.000,61.404,3,67.281,109.57,22.427,59.156,0.484
13,ec.gp.GPIndividual@1926701484{-1916287781},3C_20_66-03.txt,118.340,1.000,118.340,2,62.859,53.12,31.430,60.766,0.484
13,ec.gp.GPIndividual@1926701484{-1916287781},3C_20_80-02.txt,35.738,1.000,35.738,10,37.797,105.76,3.780,60.766,0.484
13,ec.gp.GPIndividual@1926701484{-1916287781},3C_20_80-01.txt,4.194,1.000,4.194,2,4.688,111.75,2.344,60.766,0.484
13,ec.gp.GPIndividual@1926701484{-1916287781},3C_20_80-03.txt,169.439,1.000,169.439,4,9.156,5.40,2.289,60.766,0.484
13,ec.gp.GPIndividual@1926701484{-1916287781},3C_20_66-01.txt,7.322,1.000,7.322,1,9.109,124.41,9.109,60.766,0.484
13,ec.gp.GPIndividual@1926701484{-1916287781},3C_20_66-01.txt,7.322,1.000,7.322,6,7.875,107.55,1.313,60.766,0.484
13,ec.gp.GPIndividual@1926701484{-1916287781},3C_20_80-03.txt,169.439,1.000,169.439,2,1.781,1.05,0.891,60.766,0.484
13,ec.gp.GPIndividual@1926701484{-1916287781},3C_20_66-02.txt,154.245,1.000,154.245,19,177.781,115.26,9.357,60.766,0.484
13,ec.gp.GPIndividual@115399999{-651012436},3C_20_50-02.txt,61.404,1.000,61.404,4,106.391,173.26,26.598,57.656,0.531
13,ec.gp.GPIndividual@314535554{318716279},3C_20_50-02.txt,61.404,1.000,61.404,4,10.641,17.33,2.660,5.859,0.547
13,ec.gp.GPIndividual@314535554{318716279},3C_20_80-02.txt,35.738,1.000,35.738,1,67.000,187.47,67.000,67.000,0.547
13,ec.gp.GPIndividual@314535554{318716279},3C_20_50-03.txt,30.993,1.000,30.993,10,31.125,100.43,3.113,67.000,0.547
13,ec.gp.GPIndividual@314535554{318716279},3C_20_80-03.txt,169.439,1.000,169.439,1,0.516,0.30,0.516,67.000,0.516
13,ec.gp.GPIndividual@314535554{318716279},3C_20_66-01.txt,7.322,1.000,7.322,2,7.219,98.59,3.609,67.000,0.172
13,ec.gp.GPIndividual@314535554{318716279},3C_20_66-03.txt,118.340,1.000,118.340,1,3.547,3.00,3.547,67.000,0.172
13,ec.gp.GPIndividual@314535554{318716279},3C_20_50-03.txt,30.993,1.000,30.993,8,34.547,111.47,4.318,67.000,0.172
13,ec.gp.GPIndividual@314535554{318716279},3C_20_80-01.txt,4.194,1.000,4.194,1,28.359,676.11,28.359,67.000,0.172
13,ec.gp.GPIndividual@314535554{318716279},3C_20_66-02.txt,154.245,1.000,154.245,3,7.266,4.71,2.422,67.000,0.172
13,ec.gp.GPIndividual@314535554{318716279},3C_20_66-01.txt,7.322,1.000,7.322,4,7.219,98.59,1.805,67.000,0.172
13,ec.gp.GPIndividual@314535554{318716279},3C_20_66-03.txt,118.340,1.000,118.340,13,107.141,90.54,8.242,67.000,0.172
13,ec.gp.GPIndividual@314535554{318716279},3C_20_66-02.txt,154.245,1.000,154.245,1,44.281,28.71,44.281,67.000,0.172
13,ec.gp.GPIndividual@314535554{318716279},3C_20_50-03.txt,30.993,1.000,30.993,1,42.828,138.19,42.828,67.000,0.172
13,ec.gp.GPIndividual@314535554{318716279},3C_20_66-02.txt,154.245,1.000,154.245,14,134.953,87.49,9.640,67.000,0.172
13,ec.gp.GPIndividual@1322715504{-753102361},3C_20_50-02.txt,61.404,1.000,61.404,8,92.203,150.16,11.525,36.094,0.359
13,ec.gp.GPIndividual@1322715504{-753102361},3C_20_80-01.txt,4.194,1.000,4.194,1,35.563,847.84,35.563,36.094,0.359
13,ec.gp.GPIndividual@1322715504{-753102361},3C_20_66-03.txt,118.340,1.000,118.340,4,45.672,38.59,11.418,40.266,0.359
13,ec.gp.GPIndividual@1322715504{-753102361},3C_20_66-03.txt,118.340,1.000,118.340,13,114.719,96.94,8.825,47.328,0.359
13,ec.gp.GPIndividual@1322715504{-753102361},3C_20_80-01.txt,4.194,1.000,4.194,1,12.641,301.36,12.641,47.328,0.359
13,ec.gp.GPIndividual@1322715504{-753102361},3C_20_66-01.txt,7.322,1.000,7.322,3,18.938,258.63,6.313,47.328,0.359
13,ec.gp.GPIndividual@1322715504{-753102361},3C_20_80-01.txt,4.194,1.000,4.194,3,3.406,81.21,1.135,47.328,0.359
13,ec.gp.GPIndividual@1322715504{-753102361},3C_20_80-02.txt,35.738,1.000,35.738,7,37.063,103.71,5.295,47.328,0.359
13,ec.gp.GPIndividual@1322715504{-753102361},3C_20_80-02.txt,35.738,1.000,35.738,14,33.172,92.82,2.369,47.328,0.359
13,ec.gp.GPIndividual@1322715504{-753102361},3C_20_80-02.txt,35.738,1.000,35.738,3,13.219,36.99,4.406,47.328,0.359
13,ec.gp.GPIndividual@1322715504{-753102361},3C_20_80-03.txt,169.439,1.000,169.439,6,69.109,40.79,11.518,47.328,0.359
13,ec.gp.GPIndividual@1322715504{-753102361},3C_20_50-03.txt,30.993,1.000,30.993,6,29.469,95.08,4.911,47.328,0.359
13,ec.gp.GPIndividual@1322715504{-753102361},3C_20_80-02.txt,35.738,1.000,35.738,7,35.078,98.15,5.011,47.328,0.359
13,ec.gp.GPIndividual@1322715504{-753102361},3C_20_80-03.txt,169.439,1.000,169.439,5,22.828,13.47,4.566,47.328,0.359
13,ec.gp.GPIndividual@1796015388{471689314},3C_20_50-02.txt,61.404,1.000,61.404,2,6.984,11.37,3.492,6.641,0.344
13,ec.gp.GPIndividual@1796015388{471689314},3C_20_50-03.txt,30.993,1.000,30.993,1,4.656,15.02,4.656,6.641,0.344
13,ec.gp.GPIndividual@1796015388{471689314},3C_20_66-01.txt,7.322,1.000,7.322,1,1.094,14.94,1.094,6.641,0.344
13,ec.gp.GPIndividual@1796015388{471689314},3C_20_66-02.txt,154.245,1.000,154.245,2,12.734,8.26,6.367,9.969,0.344
13,ec.gp.GPIndividual@1796015388{471689314},3C_20_66-03.txt,118.340,1.000,118.340,1,6.313,5.33,6.313,9.969,0.344
13,ec.gp.GPIndividual@1796015388{471689314},3C_20_80-01.txt,4.194,1.000,4.194,1,1.453,34.64,1.453,9.969,0.344
13,ec.gp.GPIndividual@1796015388{471689314},3C_20_80-02.txt,35.738,1.000,35.738,1,2.031,5.68,2.031,9.969,0.344
13,ec.gp.GPIndividual@1796015388{471689314},3C_20_80-03.txt,169.439,1.000,169.439,4,74.109,43.74,18.527,44.438,0.344
13,ec.gp.GPIndividual@1098076464{-473766623},3C_20_50-02.txt,61.404,1.000,61.404,2,66.469,108.25,33.234,66.031,0.438
13,ec.gp.GPIndividual@1098076464{-473766623},3C_20_80-03.txt,169.439,1.000,169.439,1,0.422,0.25,0.422,66.031,0.422
13,ec.gp.GPIndividual@1098076464{-473766623},3C_20_50-03.txt,30.993,1.000,30.993,4,14.672,47.34,3.668,66.031,0.422
13,ec.gp.GPIndividual@1098076464{-473766623},3C_20_66-01.txt,7.322,1.000,7.322,2,1.813,24.75,0.906,66.031,0.422
13,ec.gp.GPIndividual@1098076464{-473766623},3C_20_66-02.txt,154.245,1.000,154.245,4,13.016,8.44,3.254,66.031,0.422
13,ec.gp.GPIndividual@1098076464{-473766623},3C_20_66-03.txt,118.340,1.000,118.340,4,58.047,49.05,14.512,66.031,0.422
13,ec.gp.GPIndividual@1098076464{-473766623},3C_20_66-01.txt,7.322,1.000,7.322,4,7.578,103.50,1.895,66.031,0.422
13,ec.gp.GPIndividual@1098076464{-473766623},3C_20_80-01.txt,4.194,1.000,4.194,1,0.438,10.43,0.438,66.031,0.422
13,ec.gp.GPIndividual@1098076464{-473766623},3C_20_66-02.txt,154.245,1.000,154.245,22,148.844,96.50,6.766,66.031,0.422
13,ec.gp.GPIndividual@1465973713{-273735749},3C_20_50-02.txt,61.404,1.000,61.404,11,13.766,22.42,1.251,2.438,0.281
13,ec.gp.GPIndividual@1465973713{-273735749},3C_20_80-02.txt,35.738,1.000,35.738,1,1.703,4.77,1.703,2.438,0.281
13,ec.gp.GPIndividual@1465973713{-273735749},3C_20_80-03.txt,169.439,1.000,169.439,2,61.984,36.58,30.992,57.328,0.281
13,ec.gp.GPIndividual@596541550{-1041158355},3C_20_50-02.txt,61.404,1.000,61.404,1,0.281,0.46,0.281,0.281,0.281
13,ec.gp.GPIndividual@596541550{-1041158355},3C_20_50-03.txt,30.993,1.000,30.993,2,7.344,23.70,3.672,4.031,0.281
13,ec.gp.GPIndividual@596541550{-1041158355},3C_20_66-01.txt,7.322,1.000,7.322,1,0.906,12.38,0.906,4.031,0.281
13,ec.gp.GPIndividual@596541550{-1041158355},3C_20_66-02.txt,154.245,1.000,154.245,1,4.141,2.68,4.141,4.141,0.281
13,ec.gp.GPIndividual@459751177{1464116741},3C_20_50-02.txt,61.404,1.000,61.404,1,2.141,3.49,2.141,2.141,2.141
13,ec.gp.GPIndividual@459751177{1464116741},3C_20_66-03.txt,118.340,1.000,118.340,5,77.547,65.53,15.509,38.344,0.266
13,ec.gp.GPIndividual@459751177{1464116741},3C_20_66-02.txt,154.245,1.000,154.245,2,24.469,15.86,12.234,38.344,0.266
13,ec.gp.GPIndividual@459751177{1464116741},3C_20_80-01.txt,4.194,1.000,4.194,2,3.125,74.50,1.563,38.344,0.266
13,ec.gp.GPIndividual@459751177{1464116741},3C_20_80-02.txt,35.738,1.000,35.738,3,5.000,13.99,1.667,38.344,0.266
13,ec.gp.GPIndividual@459751177{1464116741},3C_20_80-03.txt,169.439,1.000,169.439,5,9.672,5.71,1.934,38.344,0.266
13,ec.gp.GPIndividual@1706343261{-596173878},3C_20_50-02.txt,61.404,1.000,61.404,0,0.000,0.00,0.000,0.000,0.000
13,ec.gp.GPIndividual@1706343261{-596173878},3C_20_50-03.txt,30.993,1.000,30.993,0,0.000,0.00,0.000,0.000,0.000
13,ec.gp.GPIndividual@1706343261{-596173878},3C_20_66-01.txt,7.322,1.000,7.322,0,0.000,0.00,0.000,0.000,0.000
13,ec.gp.GPIndividual@1706343261{-596173878},3C_20_66-02.txt,154.245,1.000,154.245,0,0.000,0.00,0.000,0.000,0.000
13,ec.gp.GPIndividual@1706343261{-596173878},3C_20_66-03.txt,118.340,1.000,118.340,0,0.000,0.00,0.000,0.000,0.000
13,ec.gp.GPIndividual@1706343261{-596173878},3C_20_80-01.txt,4.194,1.000,4.194,0,0.000,0.00,0.000,0.000,0.000
13,ec.gp.GPIndividual@1706343261{-596173878},3C_20_80-02.txt,35.738,1.000,35.738,0,0.000,0.00,0.000,0.000,0.000
13,ec.gp.GPIndividual@1706343261{-596173878},3C_20_80-03.txt,169.439,1.000,169.439,0,0.000,0.00,0.000,0.000,0.000
13,ec.gp.GPIndividual@1992286103{1219524042},3C_20_50-02.txt,61.404,1.000,61.404,8,62.375,101.58,7.797,19.313,0.188
13,ec.gp.GPIndividual@1992286103{1219524042},3C_20_66-03.txt,118.340,1.000,118.340,10,155.422,131.34,15.542,45.375,0.188
13,ec.gp.GPIndividual@1992286103{1219524042},3C_20_80-01.txt,4.194,1.000,4.194,3,4.609,109.89,1.536,45.375,0.188
13,ec.gp.GPIndividual@1992286103{1219524042},3C_20_80-01.txt,4.194,1.000,4.194,7,4.516,107.66,0.645,45.375,0.063
13,ec.gp.GPIndividual@1992286103{1219524042},3C_20_80-02.txt,35.738,1.000,35.738,1,0.063,0.17,0.063,45.375,0.063
13,ec.gp.GPIndividual@1992286103{1219524042},3C_20_80-02.txt,35.738,1.000,35.738,14,41.188,115.25,2.942,45.375,0.063
13,ec.gp.GPIndividual@1992286103{1219524042},3C_20_80-03.txt,169.439,1.000,169.439,1,0.703,0.41,0.703,45.375,0.063
13,ec.gp.GPIndividual@1992286103{1219524042},3C_20_80-03.txt,169.439,1.000,169.439,2,5.922,3.49,2.961,45.375,0.063
13,ec.gp.GPIndividual@1992286103{1219524042},3C_20_50-03.txt,30.993,1.000,30.993,6,25.984,83.84,4.331,45.375,0.063
13,ec.gp.GPIndividual@1452170764{622186217},3C_20_50-02.txt,61.404,1.000,61.404,11,59.500,96.90,5.409,20.406,0.156
13,ec.gp.GPIndividual@1452170764{622186217},3C_20_66-01.txt,7.322,1.000,7.322,5,11.453,156.42,2.291,20.406,0.156
13,ec.gp.GPIndividual@1452170764{622186217},3C_20_50-03.txt,30.993,1.000,30.993,7,33.750,108.90,4.821,20.406,0.156
13,ec.gp.GPIndividual@1452170764{622186217},3C_20_66-01.txt,7.322,1.000,7.322,5,70.359,960.91,14.072,66.828,0.156
13,ec.gp.GPIndividual@740231405{1287788560},3C_20_50-02.txt,61.404,1.000,61.404,0,0.000,0.00,0.000,0.000,0.000
13,ec.gp.GPIndividual@740231405{1287788560},3C_20_50-03.txt,30.993,1.000,30.993,0,0.000,0.00,0.000,0.000,0.000
13,ec.gp.GPIndividual@740231405{1287788560},3C_20_66-01.txt,7.322,1.000,7.322,0,0.000,0.00,0.000,0.000,0.000
13,ec.gp.GPIndividual@740231405{1287788560},3C_20_66-02.txt,154.245,1.000,154.245,0,0.000,0.00,0.000,0.000,0.000
13,ec.gp.GPIndividual@740231405{1287788560},3C_20_66-03.txt,118.340,1.000,118.340,0,0.000,0.00,0.000,0.000,0.000
13,ec.gp.GPIndividual@740231405{1287788560},3C_20_80-01.txt,4.194,1.000,4.194,0,0.000,0.00,0.000,0.000,0.000
13,ec.gp.GPIndividual@740231405{1287788560},3C_20_80-02.txt,35.738,1.000,35.738,0,0.000,0.00,0.000,0.000,0.000
13,ec.gp.GPIndividual@740231405{1287788560},3C_20_80-03.txt,169.439,1.000,169.439,0,0.000,0.00,0.000,0.000,0.000
13,ec.gp.GPIndividual@2139475611{-145347873},3C_20_50-02.txt,61.404,1.000,61.404,1,0.094,0.15,0.094,0.094,0.094
13,ec.gp.GPIndividual@2139475611{-145347873},3C_20_50-03.txt,30.993,1.000,30.993,1,1.156,3.73,1.156,1.156,0.094
13,ec.gp.GPIndividual@2139475611{-145347873},3C_20_66-01.txt,7.322,1.000,7.322,1,0.281,3.84,0.281,1.156,0.094
13,ec.gp.GPIndividual@2139475611{-145347873},3C_20_66-02.txt,154.245,1.000,154.245,2,50.266,32.59,25.133,49.625,0.094
13,ec.gp.GPIndividual@2139475611{-145347873},3C_20_66-03.txt,118.340,1.000,118.340,1,1.656,1.40,1.656,49.625,0.094
13,ec.gp.GPIndividual@2139475611{-145347873},3C_20_80-01.txt,4.194,1.000,4.194,1,0.391,9.31,0.391,49.625,0.094
13,ec.gp.GPIndividual@2139475611{-145347873},3C_20_80-02.txt,35.738,1.000,35.738,1,0.547,1.53,0.547,49.625,0.094
13,ec.gp.GPIndividual@2139475611{-145347873},3C_20_80-03.txt,169.439,1.000,169.439,1,1.656,0.98,1.656,49.625,0.094
13,ec.gp.GPIndividual@141340620{-1747772986},3C_20_50-02.txt,61.404,1.000,61.404,2,0.109,0.18,0.055,0.078,0.031
13,ec.gp.GPIndividual@141340620{-1747772986},3C_20_50-03.txt,30.993,1.000,30.993,3,1.500,4.84,0.500,0.563,0.031
13,ec.gp.GPIndividual@141340620{-1747772986},3C_20_66-01.txt,7.322,1.000,7.322,5,0.766,10.46,0.153,0.563,0.031
13,ec.gp.GPIndividual@141340620{-1747772986},3C_20_66-02.txt,154.245,1.000,154.245,4,0.844,0.55,0.211,0.563,0.031
13,ec.gp.GPIndividual@141340620{-1747772986},3C_20_66-03.txt,118.340,1.000,118.340,3,1.750,1.48,0.583,0.781,0.031
13,ec.gp.GPIndividual@141340620{-1747772986},3C_20_80-01.txt,4.194,1.000,4.194,3,0.484,11.55,0.161,0.781,0.031
13,ec.gp.GPIndividual@141340620{-1747772986},3C_20_80-02.txt,35.738,1.000,35.738,6,14.906,41.71,2.484,13.891,0.031
13,ec.gp.GPIndividual@141340620{-1747772986},3C_20_80-03.txt,169.439,1.000,169.439,3,1.969,1.16,0.656,13.891,0.031
13,ec.gp.GPIndividual@414606711{46581950},3C_20_50-02.txt,61.404,1.000,61.404,3,0.313,0.51,0.104,0.234,0.031
13,ec.gp.GPIndividual@414606711{46581950},3C_20_50-03.txt,30.993,1.000,30.993,41,30.141,97.25,0.735,1.203,0.031
13,ec.gp.GPIndividual@414606711{46581950},3C_20_66-01.txt,7.322,1.000,7.322,42,7.203,98.37,0.172,1.203,0.031
13,ec.gp.GPIndividual@414606711{46581950},3C_20_66-02.txt,154.245,1.000,154.245,13,75.063,48.66,5.774,52.953,0.031
13,ec.gp.GPIndividual@414606711{46581950},3C_20_66-03.txt,118.340,1.000,118.340,9,100.203,84.67,11.134,52.953,0.031
13,ec.gp.GPIndividual@414606711{46581950},3C_20_80-01.txt,4.194,1.000,4.194,9,3.672,87.54,0.408,52.953,0.031
13,ec.gp.GPIndividual@414606711{46581950},3C_20_80-02.txt,35.738,1.000,35.738,7,23.250,65.06,3.321,52.953,0.031
13,ec.gp.GPIndividual@414606711{46581950},3C_20_80-03.txt,169.439,1.000,169.439,3,68.922,40.68,22.974,67.469,0.031
14,ec.gp.GPIndividual@1222159299{-82614527},3C_20_50-02.txt,61.404,1.000,61.404,1,0.000,0.00,0.000,0.000,0.000
14,ec.gp.GPIndividual@1222159299{-82614527},3C_20_50-03.txt,30.993,1.000,30.993,0,0.000,0.00,0.000,0.000,0.000
14,ec.gp.GPIndividual@1222159299{-82614527},3C_20_66-01.txt,7.322,1.000,7.322,0,0.000,0.00,0.000,0.000,0.000
14,ec.gp.GPIndividual@1222159299{-82614527},3C_20_66-02.txt,154.245,1.000,154.245,0,0.000,0.00,0.000,0.000,0.000
14,ec.gp.GPIndividual@1222159299{-82614527},3C_20_66-03.txt,118.340,1.000,118.340,0,0.000,0.00,0.000,0.000,0.000
14,ec.gp.GPIndividual@1222159299{-82614527},3C_20_80-01.txt,4.194,1.000,4.194,0,0.000,0.00,0.000,0.000,0.000
14,ec.gp.GPIndividual@1222159299{-82614527},3C_20_80-02.txt,35.738,1.000,35.738,0,0.000,0.00,0.000,0.000,0.000
14,ec.gp.GPIndividual@1222159299{-82614527},3C_20_80-03.txt,169.439,1.000,169.439,0,0.000,0.00,0.000,0.000,0.000
14,ec.gp.GPIndividual@1700183367{1158051290},3C_20_50-02.txt,61.404,1.000,61.404,4,1.063,1.73,0.266,0.266,0.266
14,ec.gp.GPIndividual@1700183367{1158051290},3C_20_50-03.txt,30.993,1.000,30.993,14,26.078,84.14,1.863,4.391,0.000
14,ec.gp.GPIndividual@1700183367{1158051290},3C_20_66-01.txt,7.322,1.000,7.322,2,1.063,14.51,0.531,4.391,0.000
14,ec.gp.GPIndividual@1700183367{1158051290},3C_20_66-02.txt,154.245,1.000,154.245,7,17.500,11.35,2.500,4.391,0.000
14,ec.gp.GPIndividual@1700183367{1158051290},3C_20_66-03.txt,118.340,1.000,118.340,2,6.328,5.35,3.164,6.328,0.000
14,ec.gp.GPIndividual@1700183367{1158051290},3C_20_80-01.txt,4.194,1.000,4.194,2,1.469,35.02,0.734,6.328,0.000
14,ec.gp.GPIndividual@1700183367{1158051290},3C_20_80-02.txt,35.738,1.000,35.738,2,2.031,5.68,1.016,6.328,0.000
14,ec.gp.GPIndividual@1700183367{1158051290},3C_20_80-03.txt,169.439,1.000,169.439,2,5.953,3.51,2.977,6.328,0.000
14,ec.gp.GPIndividual@1812132586{1295570354},3C_20_50-02.txt,61.404,1.000,61.404,1,0.000,0.00,0.000,0.000,0.000
14,ec.gp.GPIndividual@1812132586{1295570354},3C_20_50-03.txt,30.993,1.000,30.993,1,0.000,0.00,0.000,0.000,0.000
14,ec.gp.GPIndividual@1812132586{1295570354},3C_20_66-01.txt,7.322,1.000,7.322,1,0.000,0.00,0.000,0.000,0.000
14,ec.gp.GPIndividual@1812132586{1295570354},3C_20_66-02.txt,154.245,1.000,154.245,1,0.000,0.00,0.000,0.000,0.000
14,ec.gp.GPIndividual@1812132586{1295570354},3C_20_66-03.txt,118.340,1.000,118.340,1,0.000,0.00,0.000,0.000,0.000
14,ec.gp.GPIndividual@1812132586{1295570354},3C_20_80-01.txt,4.194,1.000,4.194,1,0.000,0.00,0.000,0.000,0.000
14,ec.gp.GPIndividual@1812132586{1295570354},3C_20_80-02.txt,35.738,1.000,35.738,1,0.000,0.00,0.000,0.000,0.000
14,ec.gp.GPIndividual@1812132586{1295570354},3C_20_80-03.txt,169.439,1.000,169.439,1,0.000,0.00,0.000,0.000,0.000
14,ec.gp.GPIndividual@33366633{352138147},3C_20_50-02.txt,61.404,1.000,61.404,0,0.000,0.00,0.000,0.000,0.000
14,ec.gp.GPIndividual@33366633{352138147},3C_20_50-03.txt,30.993,1.000,30.993,0,0.000,0.00,0.000,0.000,0.000
14,ec.gp.GPIndividual@33366633{352138147},3C_20_66-01.txt,7.322,1.000,7.322,0,0.000,0.00,0.000,0.000,0.000
14,ec.gp.GPIndividual@33366633{352138147},3C_20_66-02.txt,154.245,1.000,154.245,0,0.000,0.00,0.000,0.000,0.000
14,ec.gp.GPIndividual@33366633{352138147},3C_20_66-03.txt,118.340,1.000,118.340,0,0.000,0.00,0.000,0.000,0.000
14,ec.gp.GPIndividual@33366633{352138147},3C_20_80-01.txt,4.194,1.000,4.194,0,0.000,0.00,0.000,0.000,0.000
14,ec.gp.GPIndividual@33366633{352138147},3C_20_80-02.txt,35.738,1.000,35.738,0,0.000,0.00,0.000,0.000,0.000
14,ec.gp.GPIndividual@33366633{352138147},3C_20_80-03.txt,169.439,1.000,169.439,0,0.000,0.00,0.000,0.000,0.000
14,ec.gp.GPIndividual@935780840{-846088570},3C_20_50-02.txt,61.404,1.000,61.404,13,78.734,128.22,6.056,22.781,0.391
14,ec.gp.GPIndividual@935780840{-846088570},3C_20_80-03.txt,169.439,1.000,169.439,2,21.234,12.53,10.617,22.781,0.391
14,ec.gp.GPIndividual@935780840{-846088570},3C_20_66-02.txt,154.245,1.000,154.245,7,22.609,14.66,3.230,22.781,0.391
14,ec.gp.GPIndividual@935780840{-846088570},3C_20_80-02.txt,35.738,1.000,35.738,7,25.297,70.78,3.614,22.781,0.391
14,ec.gp.GPIndividual@935780840{-846088570},3C_20_80-03.txt,169.439,1.000,169.439,5,167.156,98.65,33.431,64.344,0.391
14,ec.gp.GPIndividual@935780840{-846088570},3C_20_50-03.txt,30.993,1.000,30.993,1,58.813,189.76,58.813,64.344,0.391
14,ec.gp.GPIndividual@458433755{-576395671},3C_20_50-02.txt,61.404,1.000,61.404,8,83.906,136.65,10.488,42.188,0.313
14,ec.gp.GPIndividual@578354196{958594971},3C_20_50-02.txt,61.404,1.000,61.404,3,50.734,82.62,16.911,40.109,0.406
14,ec.gp.GPIndividual@578354196{958594971},3C_20_50-03.txt,30.993,1.000,30.993,2,11.578,37.36,5.789,40.109,0.406
14,ec.gp.GPIndividual@578354196{958594971},3C_20_66-01.txt,7.322,1.000,7.322,1,4.547,62.10,4.547,40.109,0.406
14,ec.gp.GPIndividual@578354196{958594971},3C_20_66-03.txt,118.340,1.000,118.340,1,0.750,0.63,0.750,40.109,0.406
14,ec.gp.GPIndividual@578354196{958594971},3C_20_66-02.txt,154.245,1.000,154.245,1,1.984,1.29,1.984,40.109,0.406
14,ec.gp.GPIndividual@578354196{958594971},3C_20_66-03.txt,118.340,1.000,118.340,1,8.672,7.33,8.672,40.109,0.406
14,ec.gp.GPIndividual@137783770{905575279},3C_20_50-02.txt,61.404,1.000,61.404,0,0.000,0.00,0.000,0.000,0.000
14,ec.gp.GPIndividual@137783770{905575279},3C_20_50-03.txt,30.993,1.000,30.993,0,0.000,0.00,0.000,0.000,0.000
14,ec.gp.GPIndividual@137783770{905575279},3C_20_66-01.txt,7.322,1.000,7.322,0,0.000,0.00,0.000,0.000,0.000
14,ec.gp.GPIndividual@137783770{905575279},3C_20_66-02.txt,154.245,1.000,154.245,0,0.000,0.00,0.000,0.000,0.000
14,ec.gp.GPIndividual@137783770{905575279},3C_20_66-03.txt,118.340,1.000,118.340,0,0.000,0.00,0.000,0.000,0.000
14,ec.gp.GPIndividual@137783770{905575279},3C_20_80-01.txt,4.194,1.000,4.194,0,0.000,0.00,0.000,0.000,0.000
14,ec.gp.GPIndividual@137783770{905575279},3C_20_80-02.txt,35.738,1.000,35.738,0,0.000,0.00,0.000,0.000,0.000
14,ec.gp.GPIndividual@137783770{905575279},3C_20_80-03.txt,169.439,1.000,169.439,0,0.000,0.00,0.000,0.000,0.000
14,ec.gp.GPIndividual@377033809{-1726362627},3C_20_50-02.txt,61.404,1.000,61.404,6,41.125,66.97,6.854,20.531,0.281
14,ec.gp.GPIndividual@377033809{-1726362627},3C_20_80-01.txt,4.194,1.000,4.194,2,4.828,115.11,2.414,20.531,0.281
14,ec.gp.GPIndividual@377033809{-1726362627},3C_20_80-01.txt,4.194,1.000,4.194,1,1.016,24.21,1.016,20.531,0.281
14,ec.gp.GPIndividual@377033809{-1726362627},3C_20_80-02.txt,35.738,1.000,35.738,3,3.344,9.36,1.115,20.531,0.281
14,ec.gp.GPIndividual@377033809{-1726362627},3C_20_80-03.txt,169.439,1.000,169.439,4,11.766,6.94,2.941,20.531,0.281
14,ec.gp.GPIndividual@12910629{753425794},3C_20_50-02.txt,61.404,1.000,61.404,0,0.000,0.00,0.000,0.000,0.000
14,ec.gp.GPIndividual@12910629{753425794},3C_20_50-03.txt,30.993,1.000,30.993,0,0.000,0.00,0.000,0.000,0.000
14,ec.gp.GPIndividual@12910629{753425794},3C_20_66-01.txt,7.322,1.000,7.322,0,0.000,0.00,0.000,0.000,0.000
14,ec.gp.GPIndividual@12910629{753425794},3C_20_66-02.txt,154.245,1.000,154.245,0,0.000,0.00,0.000,0.000,0.000
14,ec.gp.GPIndividual@12910629{753425794},3C_20_66-03.txt,118.340,1.000,118.340,0,0.000,0.00,0.000,0.000,0.000
14,ec.gp.GPIndividual@12910629{753425794},3C_20_80-01.txt,4.194,1.000,4.194,0,0.000,0.00,0.000,0.000,0.000
14,ec.gp.GPIndividual@12910629{753425794},3C_20_80-02.txt,35.738,1.000,35.738,0,0.000,0.00,0.000,0.000,0.000
14,ec.gp.GPIndividual@12910629{753425794},3C_20_80-03.txt,169.439,1.000,169.439,0,0.000,0.00,0.000,0.000,0.000
14,ec.gp.GPIndividual@1414080688{-1951832060},3C_20_50-02.txt,61.404,1.000,61.404,11,69.891,113.82,6.354,20.844,0.422
14,ec.gp.GPIndividual@1414080688{-1951832060},3C_20_50-03.txt,30.993,1.000,30.993,2,34.266,110.56,17.133,20.844,0.422
14,ec.gp.GPIndividual@1414080688{-1951832060},3C_20_50-03.txt,30.993,1.000,30.993,1,4.656,15.02,4.656,20.844,0.422
14,ec.gp.GPIndividual@1414080688{-1951832060},3C_20_66-01.txt,7.322,1.000,7.322,5,10.406,142.12,2.081,20.844,0.422
14,ec.gp.GPIndividual@1414080688{-1951832060},3C_20_66-01.txt,7.322,1.000,7.322,1,0.281,3.84,0.281,20.844,0.281
14,ec.gp.GPIndividual@1414080688{-1951832060},3C_20_66-01.txt,7.322,1.000,7.322,4,7.844,107.12,1.961,20.844,0.281
14,ec.gp.GPIndividual@1414080688{-1951832060},3C_20_66-02.txt,154.245,1.000,154.245,2,0.813,0.53,0.406,20.844,0.266
14,ec.gp.GPIndividual@1414080688{-1951832060},3C_20_80-02.txt,35.738,1.000,35.738,18,35.828,100.25,1.990,20.844,0.141
14,ec.gp.GPIndividual@1414080688{-1951832060},3C_20_80-03.txt,169.439,1.000,169.439,3,23.469,13.85,7.823,20.844,0.141
14,ec.gp.GPIndividual@1414080688{-1951832060},3C_20_66-02.txt,154.245,1.000,154.245,13,154.344,100.06,11.873,66.391,0.125
14,ec.gp.GPIndividual@1414080688{-1951832060},3C_20_66-02.txt,154.245,1.000,154.245,1,0.516,0.33,0.516,66.391,0.125
14,ec.gp.GPIndividual@1414080688{-1951832060},3C_20_66-03.txt,118.340,1.000,118.340,9,80.031,67.63,8.892,66.391,0.125
14,ec.gp.GPIndividual@1414080688{-1951832060},3C_20_50-03.txt,30.993,1.000,30.993,3,68.438,220.82,22.813,66.391,0.125
14,ec.gp.GPIndividual@1839043869{1753785128},3C_20_50-02.txt,61.404,1.000,61.404,7,71.250,116.03,10.179,28.688,0.313
14,ec.gp.GPIndividual@1839043869{1753785128},3C_20_66-03.txt,118.340,1.000,118.340,8,123.906,104.70,15.488,28.688,0.313
14,ec.gp.GPIndividual@1839043869{1753785128},3C_20_80-01.txt,4.194,1.000,4.194,1,21.313,508.11,21.313,28.688,0.313
14,ec.gp.GPIndividual@1839043869{1753785128},3C_20_66-01.txt,7.322,1.000,7.322,1,36.359,496.56,36.359,36.359,0.313
14,ec.gp.GPIndividual@1839043869{1753785128},3C_20_80-01.txt,4.194,1.000,4.194,3,33.406,796.43,11.135,36.359,0.313
14,ec.gp.GPIndividual@1839043869{1753785128},3C_20_66-03.txt,118.340,1.000,118.340,4,12.109,10.23,3.027,36.359,0.313
14,ec.gp.GPIndividual@1839043869{1753785128},3C_20_50-03.txt,30.993,1.000,30.993,17,31.766,102.49,1.869,36.359,0.313
14,ec.gp.GPIndividual@1839043869{1753785128},3C_20_80-02.txt,35.738,1.000,35.738,1,0.281,0.79,0.281,36.359,0.281
14,ec.gp.GPIndividual@1839043869{1753785128},3C_20_80-02.txt,35.738,1.000,35.738,14,35.891,100.43,2.564,36.359,0.281
14,ec.gp.GPIndividual@1839043869{1753785128},3C_20_80-03.txt,169.439,1.000,169.439,3,6.922,4.09,2.307,36.359,0.281
14,ec.gp.GPIndividual@1839043869{1753785128},3C_20_66-02.txt,154.245,1.000,154.245,13,144.938,93.97,11.149,39.359,0.281
14,ec.gp.GPIndividual@1839043869{1753785128},3C_20_80-01.txt,4.194,1.000,4.194,1,59.047,1407.73,59.047,59.047,0.281
14,ec.gp.GPIndividual@1284069935{1743367120},3C_20_50-02.txt,61.404,1.000,61.404,6,73.500,119.70,12.250,67.516,0.281
14,ec.gp.GPIndividual@1284069935{1743367120},3C_20_80-03.txt,169.439,1.000,169.439,11,181.703,107.24,16.518,67.516,0.281
14,ec.gp.GPIndividual@1284069935{1743367120},3C_20_80-02.txt,35.738,1.000,35.738,6,16.063,44.94,2.677,67.516,0.281
14,ec.gp.GPIndividual@1592017644{-1630851036},3C_20_50-02.txt,61.404,1.000,61.404,0,0.000,0.00,0.000,0.000,0.000
14,ec.gp.GPIndividual@1592017644{-1630851036},3C_20_50-03.txt,30.993,1.000,30.993,0,0.000,0.00,0.000,0.000,0.000
14,ec.gp.GPIndividual@1592017644{-1630851036},3C_20_66-01.txt,7.322,1.000,7.322,0,0.000,0.00,0.000,0.000,0.000
14,ec.gp.GPIndividual@1592017644{-1630851036},3C_20_66-02.txt,154.245,1.000,154.245,0,0.000,0.00,0.000,0.000,0.000
14,ec.gp.GPIndividual@1592017644{-1630851036},3C_20_66-03.txt,118.340,1.000,118.340,0,0.000,0.00,0.000,0.000,0.000
14,ec.gp.GPIndividual@1592017644{-1630851036},3C_20_80-01.txt,4.194,1.000,4.194,0,0.000,0.00,0.000,0.000,0.000
14,ec.gp.GPIndividual@1592017644{-1630851036},3C_20_80-02.txt,35.738,1.000,35.738,0,0.000,0.00,0.000,0.000,0.000
14,ec.gp.GPIndividual@1592017644{-1630851036},3C_20_80-03.txt,169.439,1.000,169.439,0,0.000,0.00,0.000,0.000,0.000
14,ec.gp.GPIndividual@1564641737{368507399},3C_20_50-02.txt,61.404,1.000,61.404,4,101.031,164.53,25.258,50.281,0.281
14,ec.gp.GPIndividual@1564641737{368507399},3C_20_66-01.txt,7.322,1.000,7.322,4,27.766,379.20,6.941,50.281,0.281
14,ec.gp.GPIndividual@1564641737{368507399},3C_20_66-03.txt,118.340,1.000,118.340,2,3.016,2.55,1.508,50.281,0.281
14,ec.gp.GPIndividual@1564641737{368507399},3C_20_50-03.txt,30.993,1.000,30.993,7,31.859,102.80,4.551,50.281,0.281
14,ec.gp.GPIndividual@1564641737{368507399},3C_20_80-03.txt,169.439,1.000,169.439,1,1.375,0.81,1.375,50.281,0.281
14,ec.gp.GPIndividual@1564641737{368507399},3C_20_80-01.txt,4.194,1.000,4.194,1,5.203,124.05,5.203,50.281,0.281
14,ec.gp.GPIndividual@1564641737{368507399},3C_20_66-01.txt,7.322,1.000,7.322,4,13.422,183.30,3.355,50.281,0.281
14,ec.gp.GPIndividual@1564641737{368507399},3C_20_66-02.txt,154.245,1.000,154.245,2,11.859,7.69,5.930,50.281,0.281
14,ec.gp.GPIndividual@1564641737{368507399},3C_20_50-03.txt,30.993,1.000,30.993,16,30.969,99.92,1.936,50.281,0.141
14,ec.gp.GPIndividual@1564641737{368507399},3C_20_66-01.txt,7.322,1.000,7.322,3,7.625,104.14,2.542,50.281,0.141
14,ec.gp.GPIndividual@1564641737{368507399},3C_20_66-02.txt,154.245,1.000,154.245,1,0.266,0.17,0.266,50.281,0.141
14,ec.gp.GPIndividual@1564641737{368507399},3C_20_80-02.txt,35.738,1.000,35.738,2,11.188,31.30,5.594,50.281,0.141
14,ec.gp.GPIndividual@1564641737{368507399},3C_20_66-03.txt,118.340,1.000,118.340,13,31.578,26.68,2.429,50.281,0.141
14,ec.gp.GPIndividual@1620247399{-1726362627},3C_20_50-02.txt,61.404,1.000,61.404,5,45.844,74.66,9.169,41.531,0.219
14,ec.gp.GPIndividual@1620247399{-1726362627},3C_20_66-03.txt,118.340,1.000,118.340,5,110.984,93.78,22.197,66.422,0.219
14,ec.gp.GPIndividual@1010659107{-1710464111},3C_20_50-02.txt,61.404,1.000,61.404,7,68.125,110.94,9.732,27.125,0.219
14,ec.gp.GPIndividual@1010659107{-1710464111},3C_20_50-03.txt,30.993,1.000,30.993,4,52.219,168.49,13.055,32.500,0.219
14,ec.gp.GPIndividual@1010659107{-1710464111},3C_20_80-01.txt,4.194,1.000,4.194,3,5.672,135.22,1.891,32.500,0.219
14,ec.gp.GPIndividual@1010659107{-1710464111},3C_20_66-01.txt,7.322,1.000,7.322,1,6.750,92.19,6.750,32.500,0.219
14,ec.gp.GPIndividual@1010659107{-1710464111},3C_20_50-03.txt,30.993,1.000,30.993,2,1.641,5.29,0.820,32.500,0.219
14,ec.gp.GPIndividual@1010659107{-1710464111},3C_20_80-02.txt,35.738,1.000,35.738,1,5.578,15.61,5.578,32.500,0.219
14,ec.gp.GPIndividual@1010659107{-1710464111},3C_20_80-01.txt,4.194,1.000,4.194,6,3.875,92.38,0.646,32.500,0.219
14,ec.gp.GPIndividual@1010659107{-1710464111},3C_20_80-03.txt,169.439,1.000,169.439,18,149.453,88.20,8.303,58.438,0.219
14,ec.gp.GPIndividual@2054300605{568119676},3C_20_50-02.txt,61.404,1.000,61.404,1,0.219,0.36,0.219,0.219,0.219
14,ec.gp.GPIndividual@2054300605{568119676},3C_20_50-03.txt,30.993,1.000,30.993,1,60.484,195.16,60.484,60.484,0.219
14,ec.gp.GPIndividual@2054300605{568119676},3C_20_80-02.txt,35.738,1.000,35.738,2,3.891,10.89,1.945,60.484,0.219
14,ec.gp.GPIndividual@2054300605{568119676},3C_20_66-01.txt,7.322,1.000,7.322,2,1.219,16.64,0.609,60.484,0.219
14,ec.gp.GPIndividual@2054300605{568119676},3C_20_66-02.txt,154.245,1.000,154.245,3,2.859,1.85,0.953,60.484,0.219
14,ec.gp.GPIndividual@2054300605{568119676},3C_20_66-03.txt,118.340,1.000,118.340,3,55.172,46.62,18.391,60.484,0.219
14,ec.gp.GPIndividual@2054300605{568119676},3C_20_80-01.txt,4.194,1.000,4.194,1,0.750,17.88,0.750,60.484,0.219
14,ec.gp.GPIndividual@2054300605{568119676},3C_20_80-02.txt,35.738,1.000,35.738,1,1.219,3.41,1.219,60.484,0.219
14,ec.gp.GPIndividual@2054300605{568119676},3C_20_80-03.txt,169.439,1.000,169.439,2,35.016,20.67,17.508,60.484,0.219
14,ec.gp.GPIndividual@2050704570{614420984},3C_20_50-02.txt,61.404,1.000,61.404,8,58.938,95.98,7.367,26.813,0.250
14,ec.gp.GPIndividual@2050704570{614420984},3C_20_50-03.txt,30.993,1.000,30.993,1,11.969,38.62,11.969,26.813,0.250
14,ec.gp.GPIndividual@2050704570{614420984},3C_20_66-01.txt,7.322,1.000,7.322,7,7.203,98.37,1.029,26.813,0.109
14,ec.gp.GPIndividual@2050704570{614420984},3C_20_66-01.txt,7.322,1.000,7.322,4,48.984,668.99,12.246,46.953,0.109
14,ec.gp.GPIndividual@2050704570{614420984},3C_20_80-03.txt,169.439,1.000,169.439,13,165.531,97.69,12.733,55.313,0.109
14,ec.gp.GPIndividual@2050704570{614420984},3C_20_66-02.txt,154.245,1.000,154.245,3,45.281,29.36,15.094,55.313,0.109
14,ec.gp.GPIndividual@2050704570{614420984},3C_20_66-02.txt,154.245,1.000,154.245,13,162.469,105.33,12.498,64.750,0.109
14,ec.gp.GPIndividual@212299440{1372075624},3C_20_50-02.txt,61.404,1.000,61.404,8,96.938,157.87,12.117,54.359,0.328
14,ec.gp.GPIndividual@212299440{1372075624},3C_20_66-02.txt,154.245,1.000,154.245,8,53.359,34.59,6.670,54.359,0.328
14,ec.gp.GPIndividual@212299440{1372075624},3C_20_66-03.txt,118.340,1.000,118.340,6,122.109,103.19,20.352,54.359,0.328
14,ec.gp.GPIndividual@212299440{1372075624},3C_20_50-03.txt,30.993,1.000,30.993,5,30.734,99.17,6.147,54.359,0.234
14,ec.gp.GPIndividual@212299440{1372075624},3C_20_66-03.txt,118.340,1.000,118.340,1,2.063,1.74,2.063,54.359,0.234
14,ec.gp.GPIndividual@212299440{1372075624},3C_20_66-01.txt,7.322,1.000,7.322,4,21.234,290.00,5.309,54.359,0.234
14,ec.gp.GPIndividual@212299440{1372075624},3C_20_80-01.txt,4.194,1.000,4.194,2,37.828,901.85,18.914,54.359,0.234
14,ec.gp.GPIndividual@212299440{1372075624},3C_20_66-03.txt,118.340,1.000,118.340,17,110.406,93.30,6.494,54.359,0.234
14,ec.gp.GPIndividual@212299440{1372075624},3C_20_80-01.txt,4.194,1.000,4.194,1,40.719,970.77,40.719,54.359,0.234
14,ec.gp.GPIndividual@212299440{1372075624},3C_20_80-02.txt,35.738,1.000,35.738,6,46.375,129.76,7.729,54.359,0.234
14,ec.gp.GPIndividual@212299440{1372075624},3C_20_80-01.txt,4.194,1.000,4.194,4,4.672,111.38,1.168,54.359,0.234
14,ec.gp.GPIndividual@212299440{1372075624},3C_20_80-02.txt,35.738,1.000,35.738,15,37.094,103.79,2.473,54.359,0.234
14,ec.gp.GPIndividual@212299440{1372075624},3C_20_80-03.txt,169.439,1.000,169.439,1,11.203,6.61,11.203,54.359,0.234
14,ec.gp.GPIndividual@212299440{1372075624},3C_20_66-02.txt,154.245,1.000,154.245,12,177.578,115.13,14.798,58.844,0.234
14,ec.gp.GPIndividual@212299440{1372075624},3C_20_80-02.txt,35.738,1.000,35.738,1,56.922,159.27,56.922,58.844,0.234
14,ec.gp.GPIndividual@212299440{1372075624},3C_20_80-03.txt,169.439,1.000,169.439,7,22.219,13.11,3.174,58.844,0.234
14,ec.gp.GPIndividual@79619143{845765953},3C_20_50-02.txt,61.404,1.000,61.404,7,60.906,99.19,8.701,37.344,0.109
14,ec.gp.GPIndividual@79619143{845765953},3C_20_50-03.txt,30.993,1.000,30.993,1,8.781,28.33,8.781,37.344,0.109
14,ec.gp.GPIndividual@79619143{845765953},3C_20_80-01.txt,4.194,1.000,4.194,5,3.891,92.76,0.778,37.344,0.109
14,ec.gp.GPIndividual@79619143{845765953},3C_20_66-01.txt,7.322,1.000,7.322,8,7.172,97.95,0.896,37.344,0.109
14,ec.gp.GPIndividual@79619143{845765953},3C_20_80-02.txt,35.738,1.000,35.738,1,1.125,3.15,1.125,37.344,0.109
14,ec.gp.GPIndividual@79619143{845765953},3C_20_66-02.txt,154.245,1.000,154.245,10,11.172,7.24,1.117,37.344,0.109
14,ec.gp.GPIndividual@79619143{845765953},3C_20_66-03.txt,118.340,1.000,118.340,7,114.063,96.39,16.295,60.359,0.109
14,ec.gp.GPIndividual@79619143{845765953},3C_20_80-03.txt,169.439,1.000,169.439,2,28.672,16.92,14.336,60.359,0.109
14,ec.gp.GPIndividual@79619143{845765953},3C_20_80-01.txt,4.194,1.000,4.194,1,0.344,8.20,0.344,60.359,0.109
14,ec.gp.GPIndividual@79619143{845765953},3C_20_80-02.txt,35.738,1.000,35.738,11,25.750,72.05,2.341,60.359,0.109
14,ec.gp.GPIndividual@79619143{845765953},3C_20_80-03.txt,169.439,1.000,169.439,3,108.969,64.31,36.323,67.172,0.109
14,ec.gp.GPIndividual@1233764815{-1588340022},3C_20_50-02.txt,61.404,1.000,61.404,5,69.281,112.83,13.856,67.234,0.094
14,ec.gp.GPIndividual@1073558963{356756543},3C_20_50-02.txt,61.404,1.000,61.404,10,66.828,108.83,6.683,20.953,0.094
14,ec.gp.GPIndividual@1073558963{356756543},3C_20_50-03.txt,30.993,1.000,30.993,6,26.422,85.25,4.404,20.953,0.094
14,ec.gp.GPIndividual@1073558963{356756543},3C_20_50-03.txt,30.993,1.000,30.993,7,28.734,92.71,4.105,20.953,0.094
14,ec.gp.GPIndividual@1073558963{356756543},3C_20_66-01.txt,7.322,1.000,7.322,7,7.047,96.24,1.007,20.953,0.094
14,ec.gp.GPIndividual@1073558963{356756543},3C_20_66-01.txt,7.322,1.000,7.322,9,7.203,98.37,0.800,20.953,0.094
14,ec.gp.GPIndividual@1073558963{356756543},3C_20_66-02.txt,154.245,1.000,154.245,1,0.797,0.52,0.797,20.953,0.094
14,ec.gp.GPIndividual@1073558963{356756543},3C_20_66-02.txt,154.245,1.000,154.245,19,146.766,95.15,7.725,37.031,0.094
14,ec.gp.GPIndividual@1073558963{356756543},3C_20_66-03.txt,118.340,1.000,118.340,7,104.078,87.95,14.868,37.031,0.094
14,ec.gp.GPIndividual@1073558963{356756543},3C_20_66-03.txt,118.340,1.000,118.340,9,127.250,107.53,14.139,37.031,0.094
14,ec.gp.GPIndividual@1073558963{356756543},3C_20_80-01.txt,4.194,1.000,4.194,2,1.422,33.90,0.711,37.031,0.094
14,ec.gp.GPIndividual@1073558963{356756543},3C_20_80-01.txt,4.194,1.000,4.194,8,4.078,97.23,0.510,37.031,0.094
14,ec.gp.GPIndividual@1073558963{356756543},3C_20_80-02.txt,35.738,1.000,35.738,11,32.203,90.11,2.928,37.031,0.094
14,ec.gp.GPIndividual@1073558963{356756543},3C_20_80-03.txt,169.439,1.000,169.439,2,9.047,5.34,4.523,37.031,0.094
14,ec.gp.GPIndividual@1073558963{356756543},3C_20_80-02.txt,35.738,1.000,35.738,7,23.719,66.37,3.388,37.031,0.094
14,ec.gp.GPIndividual@1073558963{356756543},3C_20_80-03.txt,169.439,1.000,169.439,4,176.203,103.99,44.051,67.172,0.094
14,ec.gp.GPIndividual@1643668865{700439783},3C_20_50-02.txt,61.404,1.000,61.404,4,14.719,23.97,3.680,13.453,0.094
14,ec.gp.GPIndividual@1266565593{-75188541},3C_20_50-02.txt,61.404,1.000,61.404,10,52.156,84.94,5.216,20.844,0.109
14,ec.gp.GPIndividual@1266565593{-75188541},3C_20_50-03.txt,30.993,1.000,30.993,8,30.094,97.10,3.762,20.844,0.109
14,ec.gp.GPIndividual@1266565593{-75188541},3C_20_66-01.txt,7.322,1.000,7.322,4,2.734,37.34,0.684,20.844,0.109
14,ec.gp.GPIndividual@1266565593{-75188541},3C_20_50-03.txt,30.993,1.000,30.993,2,3.641,11.75,1.820,20.844,0.109
14,ec.gp.GPIndividual@1266565593{-75188541},3C_20_66-02.txt,154.245,1.000,154.245,14,142.922,92.66,10.209,52.141,0.109
14,ec.gp.GPIndividual@1266565593{-75188541},3C_20_66-01.txt,7.322,1.000,7.322,7,6.078,83.01,0.868,52.141,0.109
14,ec.gp.GPIndividual@1266565593{-75188541},3C_20_66-02.txt,154.245,1.000,154.245,6,35.813,23.22,5.969,52.141,0.109
14,ec.gp.GPIndividual@1266565593{-75188541},3C_20_66-03.txt,118.340,1.000,118.340,9,106.125,89.68,11.792,52.141,0.109
14,ec.gp.GPIndividual@1266565593{-75188541},3C_20_66-03.txt,118.340,1.000,118.340,1,22.641,19.13,22.641,52.141,0.109
14,ec.gp.GPIndividual@1266565593{-75188541},3C_20_80-01.txt,4.194,1.000,4.194,6,3.984,94.99,0.664,52.141,0.109
14,ec.gp.GPIndividual@1266565593{-75188541},3C_20_80-02.txt,35.738,1.000,35.738,12,37.047,103.66,3.087,52.141,0.109
14,ec.gp.GPIndividual@1266565593{-75188541},3C_20_80-03.txt,169.439,1.000,169.439,5,138.094,81.50,27.619,66.031,0.109
14,ec.gp.GPIndividual@1293951675{-521979010},3C_20_50-02.txt,61.404,1.000,61.404,1,0.094,0.15,0.094,0.094,0.094
14,ec.gp.GPIndividual@1293951675{-521979010},3C_20_50-03.txt,30.993,1.000,30.993,1,1.172,3.78,1.172,1.172,0.094
14,ec.gp.GPIndividual@1293951675{-521979010},3C_20_66-01.txt,7.322,1.000,7.322,1,0.234,3.20,0.234,1.172,0.094
14,ec.gp.GPIndividual@1293951675{-521979010},3C_20_66-02.txt,154.245,1.000,154.245,1,0.672,0.44,0.672,1.172,0.094
14,ec.gp.GPIndividual@1293951675{-521979010},3C_20_66-03.txt,118.340,1.000,118.340,1,1.656,1.40,1.656,1.656,0.094
14,ec.gp.GPIndividual@1293951675{-521979010},3C_20_80-01.txt,4.194,1.000,4.194,1,0.375,8.94,0.375,1.656,0.094
14,ec.gp.GPIndividual@1293951675{-521979010},3C_20_80-02.txt,35.738,1.000,35.738,1,0.531,1.49,0.531,1.656,0.094
14,ec.gp.GPIndividual@1293951675{-521979010},3C_20_80-03.txt,169.439,1.000,169.439,1,1.469,0.87,1.469,1.656,0.094
15,ec.gp.GPIndividual@112495155{1021583137},3C_20_50-02.txt,61.404,1.000,61.404,1,0.000,0.00,0.000,0.000,0.000
15,ec.gp.GPIndividual@630486527{-1170256410},3C_20_50-02.txt,61.404,1.000,61.404,0,0.000,0.00,0.000,0.000,0.000
15,ec.gp.GPIndividual@630486527{-1170256410},3C_20_66-01.txt,7.322,1.000,7.322,0,0.000,0.00,0.000,0.000,0.000
15,ec.gp.GPIndividual@630486527{-1170256410},3C_20_66-01.txt,7.322,1.000,7.322,0,0.000,0.00,0.000,0.000,0.000
15,ec.gp.GPIndividual@630486527{-1170256410},3C_20_66-02.txt,154.245,1.000,154.245,0,0.000,0.00,0.000,0.000,0.000
15,ec.gp.GPIndividual@630486527{-1170256410},3C_20_66-03.txt,118.340,1.000,118.340,0,0.000,0.00,0.000,0.000,0.000
15,ec.gp.GPIndividual@630486527{-1170256410},3C_20_66-01.txt,7.322,1.000,7.322,0,0.000,0.00,0.000,0.000,0.000
15,ec.gp.GPIndividual@630486527{-1170256410},3C_20_80-01.txt,4.194,1.000,4.194,0,0.000,0.00,0.000,0.000,0.000
15,ec.gp.GPIndividual@630486527{-1170256410},3C_20_66-02.txt,154.245,1.000,154.245,0,0.000,0.00,0.000,0.000,0.000
15,ec.gp.GPIndividual@630486527{-1170256410},3C_20_80-02.txt,35.738,1.000,35.738,0,0.000,0.00,0.000,0.000,0.000
15,ec.gp.GPIndividual@630486527{-1170256410},3C_20_66-03.txt,118.340,1.000,118.340,0,0.000,0.00,0.000,0.000,0.000
15,ec.gp.GPIndividual@630486527{-1170256410},3C_20_66-03.txt,118.340,1.000,118.340,0,0.000,0.00,0.000,0.000,0.000
15,ec.gp.GPIndividual@630486527{-1170256410},3C_20_80-03.txt,169.439,1.000,169.439,0,0.000,0.00,0.000,0.000,0.000
15,ec.gp.GPIndividual@630486527{-1170256410},3C_20_80-03.txt,169.439,1.000,169.439,0,0.000,0.00,0.000,0.000,0.000
15,ec.gp.GPIndividual@1785170248{-1298139940},3C_20_50-02.txt,61.404,1.000,61.404,0,0.000,0.00,0.000,0.000,0.000
15,ec.gp.GPIndividual@1785170248{-1298139940},3C_20_80-03.txt,169.439,1.000,169.439,0,0.000,0.00,0.000,0.000,0.000
15,ec.gp.GPIndividual@102550907{1483831986},3C_20_50-02.txt,61.404,1.000,61.404,6,2.156,3.51,0.359,0.359,0.359
15,ec.gp.GPIndividual@102550907{1483831986},3C_20_50-03.txt,30.993,1.000,30.993,8,16.547,53.39,2.068,4.484,0.000
15,ec.gp.GPIndividual@102550907{1483831986},3C_20_66-01.txt,7.322,1.000,7.322,4,7.672,104.78,1.918,4.484,0.000
15,ec.gp.GPIndividual@102550907{1483831986},3C_20_50-03.txt,30.993,1.000,30.993,3,4.594,14.82,1.531,4.484,0.000
15,ec.gp.GPIndividual@102550907{1483831986},3C_20_66-02.txt,154.245,1.000,154.245,5,9.844,6.38,1.969,4.484,0.000
15,ec.gp.GPIndividual@102550907{1483831986},3C_20_66-03.txt,118.340,1.000,118.340,5,17.391,14.70,3.478,7.031,0.000
15,ec.gp.GPIndividual@102550907{1483831986},3C_20_80-01.txt,4.194,1.000,4.194,2,1.469,35.02,0.734,7.031,0.000
15,ec.gp.GPIndividual@102550907{1483831986},3C_20_80-02.txt,35.738,1.000,35.738,3,9.625,26.93,3.208,7.438,0.000
15,ec.gp.GPIndividual@102550907{1483831986},3C_20_80-03.txt,169.439,1.000,169.439,2,6.531,3.85,3.266,7.438,0.000
15,ec.gp.GPIndividual@1332828141{281136719},3C_20_50-02.txt,61.404,1.000,61.404,8,98.359,160.18,12.295,43.359,0.516
15,ec.gp.GPIndividual@1332828141{281136719},3C_20_50-03.txt,30.993,1.000,30.993,3,56.375,181.90,18.792,46.250,0.516
15,ec.gp.GPIndividual@1332828141{281136719},3C_20_50-03.txt,30.993,1.000,30.993,4,28.984,93.52,7.246,46.250,0.516
15,ec.gp.GPIndividual@1332828141{281136719},3C_20_50-03.txt,30.993,1.000,30.993,2,66.719,215.27,33.359,58.766,0.516
15,ec.gp.GPIndividual@1332828141{281136719},3C_20_50-03.txt,30.993,1.000,30.993,2,67.203,216.84,33.602,60.016,0.516
15,ec.gp.GPIndividual@1332828141{281136719},3C_20_50-03.txt,30.993,1.000,30.993,1,5.484,17.70,5.484,60.016,0.516
15,ec.gp.GPIndividual@1332828141{281136719},3C_20_66-01.txt,7.322,1.000,7.322,5,8.125,110.96,1.625,60.016,0.172
15,ec.gp.GPIndividual@1332828141{281136719},3C_20_66-01.txt,7.322,1.000,7.322,4,9.906,135.29,2.477,60.016,0.156
15,ec.gp.GPIndividual@1332828141{281136719},3C_20_66-01.txt,7.322,1.000,7.322,6,7.734,105.63,1.289,60.016,0.156
15,ec.gp.GPIndividual@1332828141{281136719},3C_20_66-02.txt,154.245,1.000,154.245,1,1.063,0.69,1.063,60.016,0.156
15,ec.gp.GPIndividual@1332828141{281136719},3C_20_66-02.txt,154.245,1.000,154.245,2,2.750,1.78,1.375,60.016,0.156
15,ec.gp.GPIndividual@1332828141{281136719},3C_20_66-01.txt,7.322,1.000,7.322,1,9.391,128.25,9.391,60.016,0.156
15,ec.gp.GPIndividual@1332828141{281136719},3C_20_66-01.txt,7.322,1.000,7.322,2,10.828,147.88,5.414,60.016,0.156
15,ec.gp.GPIndividual@1332828141{281136719},3C_20_66-01.txt,7.322,1.000,7.322,4,6.359,86.85,1.590,60.016,0.156
15,ec.gp.GPIndividual@1332828141{281136719},3C_20_66-03.txt,118.340,1.000,118.340,20,149.734,126.53,7.487,60.016,0.156
15,ec.gp.GPIndividual@1332828141{281136719},3C_20_66-02.txt,154.245,1.000,154.245,5,129.156,83.73,25.831,60.016,0.156
15,ec.gp.GPIndividual@1332828141{281136719},3C_20_80-01.txt,4.194,1.000,4.194,4,4.172,99.46,1.043,60.016,0.156
15,ec.gp.GPIndividual@1332828141{281136719},3C_20_80-02.txt,35.738,1.000,35.738,11,43.734,122.37,3.976,60.016,0.156
15,ec.gp.GPIndividual@1332828141{281136719},3C_20_66-02.txt,154.245,1.000,154.245,1,3.891,2.52,3.891,60.016,0.156
15,ec.gp.GPIndividual@1332828141{281136719},3C_20_80-03.txt,169.439,1.000,169.439,1,4.781,2.82,4.781,60.016,0.156
15,ec.gp.GPIndividual@1332828141{281136719},3C_20_66-02.txt,154.245,1.000,154.245,13,62.547,40.55,4.811,60.016,0.156
15,ec.gp.GPIndividual@1332828141{281136719},3C_20_66-03.txt,118.340,1.000,118.340,5,125.234,105.83,25.047,60.016,0.156
15,ec.gp.GPIndividual@1332828141{281136719},3C_20_66-02.txt,154.245,1.000,154.245,5,144.328,93.57,28.866,60.016,0.156
15,ec.gp.GPIndividual@658522837{-1032311241},3C_20_50-02.txt,61.404,1.000,61.404,9,63.781,103.87,7.087,43.484,0.516
15,ec.gp.GPIndividual@658522837{-1032311241},3C_20_80-01.txt,4.194,1.000,4.194,3,3.344,79.72,1.115,43.484,0.516
15,ec.gp.GPIndividual@658522837{-1032311241},3C_20_80-02.txt,35.738,1.000,35.738,6,29.313,82.02,4.885,43.484,0.516
15,ec.gp.GPIndividual@658522837{-1032311241},3C_20_66-03.txt,118.340,1.000,118.340,3,61.016,51.56,20.339,43.484,0.516
15,ec.gp.GPIndividual@658522837{-1032311241},3C_20_50-03.txt,30.993,1.000,30.993,3,47.453,153.11,15.818,43.484,0.516
15,ec.gp.GPIndividual@658522837{-1032311241},3C_20_66-03.txt,118.340,1.000,118.340,3,22.797,19.26,7.599,43.484,0.516
15,ec.gp.GPIndividual@658522837{-1032311241},3C_20_66-01.txt,7.322,1.000,7.322,3,7.172,97.95,2.391,43.484,0.359
15,ec.gp.GPIndividual@658522837{-1032311241},3C_20_80-01.txt,4.194,1.000,4.194,2,2.719,64.82,1.359,43.484,0.359
15,ec.gp.GPIndividual@658522837{-1032311241},3C_20_66-02.txt,154.245,1.000,154.245,14,97.109,62.96,6.936,43.484,0.359
15,ec.gp.GPIndividual@658522837{-1032311241},3C_20_66-03.txt,118.340,1.000,118.340,3,50.984,43.08,16.995,43.484,0.359
15,ec.gp.GPIndividual@658522837{-1032311241},3C_20_80-03.txt,169.439,1.000,169.439,3,92.063,54.33,30.688,45.875,0.359
15,ec.gp.GPIndividual@658522837{-1032311241},3C_20_66-03.txt,118.340,1.000,118.340,1,38.906,32.88,38.906,45.875,0.359
15,ec.gp.GPIndividual@658522837{-1032311241},3C_20_66-03.txt,118.340,1.000,118.340,7,117.203,99.04,16.743,51.516,0.359
15,ec.gp.GPIndividual@658522837{-1032311241},3C_20_80-01.txt,4.194,1.000,4.194,3,3.313,78.97,1.104,51.516,0.359
15,ec.gp.GPIndividual@658522837{-1032311241},3C_20_80-02.txt,35.738,1.000,35.738,5,73.438,205.49,14.688,51.516,0.359
15,ec.gp.GPIndividual@658522837{-1032311241},3C_20_80-01.txt,4.194,1.000,4.194,1,46.906,1118.28,46.906,51.516,0.359
15,ec.gp.GPIndividual@620100213{-1162346626},3C_20_50-02.txt,61.404,1.000,61.404,7,15.656,25.50,2.237,6.766,0.500
15,ec.gp.GPIndividual@620100213{-1162346626},3C_20_80-02.txt,35.738,1.000,35.738,12,64.219,179.69,5.352,39.594,0.500
15,ec.gp.GPIndividual@620100213{-1162346626},3C_20_80-01.txt,4.194,1.000,4.194,1,40.484,965.18,40.484,40.484,0.500
15,ec.gp.GPIndividual@620100213{-1162346626},3C_20_80-01.txt,4.194,1.000,4.194,1,7.781,185.51,7.781,40.484,0.500
15,ec.gp.GPIndividual@620100213{-1162346626},3C_20_50-03.txt,30.993,1.000,30.993,10,30.203,97.45,3.020,40.484,0.500
15,ec.gp.GPIndividual@620100213{-1162346626},3C_20_80-02.txt,35.738,1.000,35.738,5,36.594,102.39,7.319,40.484,0.500
15,ec.gp.GPIndividual@620100213{-1162346626},3C_20_66-01.txt,7.322,1.000,7.322,2,2.500,34.14,1.250,40.484,0.500
15,ec.gp.GPIndividual@620100213{-1162346626},3C_20_80-03.txt,169.439,1.000,169.439,2,12.984,7.66,6.492,40.484,0.500
15,ec.gp.GPIndividual@620100213{-1162346626},3C_20_80-03.txt,169.439,1.000,169.439,1,1.922,1.13,1.922,40.484,0.500
15,ec.gp.GPIndividual@620100213{-1162346626},3C_20_80-03.txt,169.439,1.000,169.439,8,36.297,21.42,4.537,40.484,0.500
15,ec.gp.GPIndividual@620100213{-1162346626},3C_20_80-02.txt,35.738,1.000,35.738,7,26.094,73.01,3.728,40.484,0.500
15,ec.gp.GPIndividual@620100213{-1162346626},3C_20_80-03.txt,169.439,1.000,169.439,6,222.297,131.20,37.049,60.375,0.500
15,ec.gp.GPIndividual@1979209871{2031240322},3C_20_50-02.txt,61.404,1.000,61.404,2,66.922,108.99,33.461,66.469,0.453
15,ec.gp.GPIndividual@1979209871{2031240322},3C_20_80-02.txt,35.738,1.000,35.738,11,58.625,164.04,5.330,66.469,0.453
15,ec.gp.GPIndividual@1554936181{-1012285454},3C_20_50-02.txt,61.404,1.000,61.404,0,0.000,0.00,0.000,0.000,0.000
15,ec.gp.GPIndividual@1554936181{-1012285454},3C_20_50-03.txt,30.993,1.000,30.993,0,0.000,0.00,0.000,0.000,0.000
15,ec.gp.GPIndividual@1554936181{-1012285454},3C_20_66-01.txt,7.322,1.000,7.322,0,0.000,0.00,0.000,0.000,0.000
15,ec.gp.GPIndividual@1554936181{-1012285454},3C_20_66-02.txt,154.245,1.000,154.245,0,0.000,0.00,0.000,0.000,0.000
15,ec.gp.GPIndividual@1554936181{-1012285454},3C_20_66-03.txt,118.340,1.000,118.340,0,0.000,0.00,0.000,0.000,0.000
15,ec.gp.GPIndividual@1554936181{-1012285454},3C_20_80-01.txt,4.194,1.000,4.194,0,0.000,0.00,0.000,0.000,0.000
15,ec.gp.GPIndividual@1554936181{-1012285454},3C_20_80-02.txt,35.738,1.000,35.738,0,0.000,0.00,0.000,0.000,0.000
15,ec.gp.GPIndividual@1554936181{-1012285454},3C_20_80-03.txt,169.439,1.000,169.439,0,0.000,0.00,0.000,0.000,0.000
15,ec.gp.GPIndividual@875101923{-1772289211},3C_20_50-02.txt,61.404,1.000,61.404,0,0.000,0.00,0.000,0.000,0.000
15,ec.gp.GPIndividual@875101923{-1772289211},3C_20_50-03.txt,30.993,1.000,30.993,0,0.000,0.00,0.000,0.000,0.000
15,ec.gp.GPIndividual@875101923{-1772289211},3C_20_66-01.txt,7.322,1.000,7.322,0,0.000,0.00,0.000,0.000,0.000
15,ec.gp.GPIndividual@875101923{-1772289211},3C_20_66-02.txt,154.245,1.000,154.245,0,0.000,0.00,0.000,0.000,0.000
15,ec.gp.GPIndividual@875101923{-1772289211},3C_20_66-03.txt,118.340,1.000,118.340,0,0.000,0.00,0.000,0.000,0.000
15,ec.gp.GPIndividual@875101923{-1772289211},3C_20_80-01.txt,4.194,1.000,4.194,0,0.000,0.00,0.000,0.000,0.000
15,ec.gp.GPIndividual@875101923{-1772289211},3C_20_80-02.txt,35.738,1.000,35.738,0,0.000,0.00,0.000,0.000,0.000
15,ec.gp.GPIndividual@875101923{-1772289211},3C_20_80-03.txt,169.439,1.000,169.439,0,0.000,0.00,0.000,0.000,0.000
15,ec.gp.GPIndividual@1157969416{-604900220},3C_20_50-02.txt,61.404,1.000,61.404,2,0.266,0.43,0.133,0.266,0.000
15,ec.gp.GPIndividual@1157969416{-604900220},3C_20_50-03.txt,30.993,1.000,30.993,2,35.953,116.01,17.977,35.953,0.000
15,ec.gp.GPIndividual@1157969416{-604900220},3C_20_66-02.txt,154.245,1.000,154.245,1,1.391,0.90,1.391,35.953,0.000
15,ec.gp.GPIndividual@1157969416{-604900220},3C_20_80-03.txt,169.439,1.000,169.439,3,6.453,3.81,2.151,35.953,0.000
15,ec.gp.GPIndividual@1157969416{-604900220},3C_20_66-01.txt,7.322,1.000,7.322,4,6.938,94.75,1.734,35.953,0.000
15,ec.gp.GPIndividual@1157969416{-604900220},3C_20_66-02.txt,154.245,1.000,154.245,2,1.031,0.67,0.516,35.953,0.000
15,ec.gp.GPIndividual@1157969416{-604900220},3C_20_50-03.txt,30.993,1.000,30.993,4,8.531,27.53,2.133,35.953,0.000
15,ec.gp.GPIndividual@1157969416{-604900220},3C_20_66-03.txt,118.340,1.000,118.340,4,9.906,8.37,2.477,35.953,0.000
15,ec.gp.GPIndividual@1157969416{-604900220},3C_20_80-01.txt,4.194,1.000,4.194,2,1.078,25.70,0.539,35.953,0.000
15,ec.gp.GPIndividual@1157969416{-604900220},3C_20_80-02.txt,35.738,1.000,35.738,3,7.313,20.46,2.438,35.953,0.000
15,ec.gp.GPIndividual@1157969416{-604900220},3C_20_80-03.txt,169.439,1.000,169.439,4,20.656,12.19,5.164,35.953,0.000
15,ec.gp.GPIndividual@1618379415{-1959119887},3C_20_50-02.txt,61.404,1.000,61.404,3,67.125,109.32,22.375,65.453,0.297
15,ec.gp.GPIndividual@1013016858{-502263173},3C_20_50-02.txt,61.404,1.000,61.404,10,72.125,117.46,7.213,35.781,0.266
15,ec.gp.GPIndividual@1013016858{-502263173},3C_20_66-01.txt,7.322,1.000,7.322,1,19.719,269.30,19.719,35.781,0.266
15,ec.gp.GPIndividual@1013016858{-502263173},3C_20_50-03.txt,30.993,1.000,30.993,7,31.594,101.94,4.513,35.781,0.266
15,ec.gp.GPIndividual@1013016858{-502263173},3C_20_50-03.txt,30.993,1.000,30.993,1,1.344,4.34,1.344,35.781,0.266
15,ec.gp.GPIndividual@1013016858{-502263173},3C_20_66-01.txt,7.322,1.000,7.322,4,6.344,86.64,1.586,35.781,0.266
15,ec.gp.GPIndividual@1013016858{-502263173},3C_20_66-02.txt,154.245,1.000,154.245,2,4.297,2.79,2.148,35.781,0.266
15,ec.gp.GPIndividual@1013016858{-502263173},3C_20_66-02.txt,154.245,1.000,154.245,5,16.828,10.91,3.366,35.781,0.266
15,ec.gp.GPIndividual@1013016858{-502263173},3C_20_66-03.txt,118.340,1.000,118.340,8,89.172,75.35,11.146,63.703,0.266
15,ec.gp.GPIndividual@2101683823{-1588340022},3C_20_50-02.txt,61.404,1.000,61.404,6,62.703,102.12,10.451,35.375,0.438
15,ec.gp.GPIndividual@2101683823{-1588340022},3C_20_66-03.txt,118.340,1.000,118.340,7,153.203,129.46,21.886,59.953,0.438
15,ec.gp.GPIndividual@2101683823{-1588340022},3C_20_66-03.txt,118.340,1.000,118.340,6,100.016,84.52,16.669,59.953,0.438
15,ec.gp.GPIndividual@2101683823{-1588340022},3C_20_66-01.txt,7.322,1.000,7.322,3,30.547,417.18,10.182,59.953,0.438
15,ec.gp.GPIndividual@2101683823{-1588340022},3C_20_80-01.txt,4.194,1.000,4.194,3,40.469,964.81,13.490,59.953,0.438
15,ec.gp.GPIndividual@2101683823{-1588340022},3C_20_50-03.txt,30.993,1.000,30.993,5,50.031,161.43,10.006,59.953,0.438
15,ec.gp.GPIndividual@2101683823{-1588340022},3C_20_80-01.txt,4.194,1.000,4.194,2,4.313,102.81,2.156,59.953,0.438
15,ec.gp.GPIndividual@2101683823{-1588340022},3C_20_80-02.txt,35.738,1.000,35.738,1,46.141,129.11,46.141,59.953,0.438
15,ec.gp.GPIndividual@2101683823{-1588340022},3C_20_80-01.txt,4.194,1.000,4.194,4,4.609,109.89,1.152,59.953,0.438
15,ec.gp.GPIndividual@2101683823{-1588340022},3C_20_80-03.txt,169.439,1.000,169.439,1,0.125,0.07,0.125,59.953,0.125
15,ec.gp.GPIndividual@2101683823{-1588340022},3C_20_80-02.txt,35.738,1.000,35.738,12,34.594,96.80,2.883,59.953,0.125
15,ec.gp.GPIndividual@80438469{853894187},3C_20_50-02.txt,61.404,1.000,61.404,1,2.297,3.74,2.297,2.297,2.297
15,ec.gp.GPIndividual@80438469{853894187},3C_20_80-03.txt,169.439,1.000,169.439,3,13.469,7.95,4.490,7.828,0.375
15,ec.gp.GPIndividual@80438469{853894187},3C_20_50-03.txt,30.993,1.000,30.993,1,3.406,10.99,3.406,7.828,0.375
15,ec.gp.GPIndividual@80438469{853894187},3C_20_66-01.txt,7.322,1.000,7.322,1,0.766,10.46,0.766,7.828,0.375
15,ec.gp.GPIndividual@80438469{853894187},3C_20_66-02.txt,154.245,1.000,154.245,3,20.391,13.22,6.797,13.453,0.375
15,ec.gp.GPIndividual@80438469{853894187},3C_20_66-03.txt,118.340,1.000,118.340,1,5.438,4.59,5.438,13.453,0.375
15,ec.gp.GPIndividual@80438469{853894187},3C_20_80-01.txt,4.194,1.000,4.194,1,1.219,29.06,1.219,13.453,0.375
15,ec.gp.GPIndividual@80438469{853894187},3C_20_80-02.txt,35.738,1.000,35.738,1,1.531,4.28,1.531,13.453,0.375
15,ec.gp.GPIndividual@80438469{853894187},3C_20_80-03.txt,169.439,1.000,169.439,3,18.391,10.85,6.130,16.781,0.375
15,ec.gp.GPIndividual@80438469{853894187},3C_20_66-02.txt,154.245,1.000,154.245,1,4.438,2.88,4.438,16.781,0.375
15,ec.gp.GPIndividual@1959534160{752270707},3C_20_50-02.txt,61.404,1.000,61.404,2,0.672,1.09,0.336,0.531,0.141
15,ec.gp.GPIndividual@1959534160{752270707},3C_20_50-03.txt,30.993,1.000,30.993,1,1.938,6.25,1.938,1.938,0.141
15,ec.gp.GPIndividual@1959534160{752270707},3C_20_66-01.txt,7.322,1.000,7.322,1,0.359,4.91,0.359,1.938,0.141
15,ec.gp.GPIndividual@1959534160{752270707},3C_20_66-02.txt,154.245,1.000,154.245,1,0.922,0.60,0.922,1.938,0.141
15,ec.gp.GPIndividual@1959534160{752270707},3C_20_66-03.txt,118.340,1.000,118.340,1,2.422,2.05,2.422,2.422,0.141
15,ec.gp.GPIndividual@1959534160{752270707},3C_20_80-01.txt,4.194,1.000,4.194,1,0.547,13.04,0.547,2.422,0.141
15,ec.gp.GPIndividual@1959534160{752270707},3C_20_80-02.txt,35.738,1.000,35.738,1,65.844,184.24,65.844,65.844,0.141
15,ec.gp.GPIndividual@1959534160{752270707},3C_20_80-01.txt,4.194,1.000,4.194,1,0.875,20.86,0.875,65.844,0.141
15,ec.gp.GPIndividual@1959534160{752270707},3C_20_80-03.txt,169.439,1.000,169.439,4,5.328,3.14,1.332,65.844,0.141
15,ec.gp.GPIndividual@601826205{-83408373},3C_20_50-02.txt,61.404,1.000,61.404,12,82.500,134.36,6.875,22.891,0.172
15,ec.gp.GPIndividual@601826205{-83408373},3C_20_50-03.txt,30.993,1.000,30.993,8,34.906,112.63,4.363,22.891,0.172
15,ec.gp.GPIndividual@601826205{-83408373},3C_20_80-02.txt,35.738,1.000,35.738,1,6.672,18.67,6.672,22.891,0.172
15,ec.gp.GPIndividual@601826205{-83408373},3C_20_66-02.txt,154.245,1.000,154.245,8,8.344,5.41,1.043,22.891,0.172
15,ec.gp.GPIndividual@601826205{-83408373},3C_20_66-01.txt,7.322,1.000,7.322,7,7.438,101.57,1.063,22.891,0.172
15,ec.gp.GPIndividual@601826205{-83408373},3C_20_80-03.txt,169.439,1.000,169.439,1,1.734,1.02,1.734,22.891,0.172
15,ec.gp.GPIndividual@601826205{-83408373},3C_20_66-02.txt,154.245,1.000,154.245,2,1.578,1.02,0.789,22.891,0.172
15,ec.gp.GPIndividual@601826205{-83408373},3C_20_66-03.txt,118.340,1.000,118.340,13,132.016,111.56,10.155,45.875,0.172
15,ec.gp.GPIndividual@504874874{289166064},3C_20_50-02.txt,61.404,1.000,61.404,6,37.984,61.86,6.331,21.578,0.188
15,ec.gp.GPIndividual@504874874{289166064},3C_20_66-03.txt,118.340,1.000,118.340,7,93.813,79.27,13.402,28.109,0.188
15,ec.gp.GPIndividual@504874874{289166064},3C_20_80-01.txt,4.194,1.000,4.194,3,22.266,530.83,7.422,28.109,0.188
15,ec.gp.GPIndividual@504874874{289166064},3C_20_80-01.txt,4.194,1.000,4.194,3,34.594,824.74,11.531,32.766,0.188
15,ec.gp.GPIndividual@504874874{289166064},3C_20_50-03.txt,30.993,1.000,30.993,12,26.297,84.85,2.191,32.766,0.188
15,ec.gp.GPIndividual@504874874{289166064},3C_20_80-02.txt,35.738,1.000,35.738,9,32.469,90.85,3.608,32.766,0.188
15,ec.gp.GPIndividual@504874874{289166064},3C_20_80-03.txt,169.439,1.000,169.439,5,91.781,54.17,18.356,55.859,0.188
15,ec.gp.GPIndividual@504874874{289166064},3C_20_80-02.txt,35.738,1.000,35.738,6,65.078,182.10,10.846,61.594,0.188
15,ec.gp.GPIndividual@635605396{821145779},3C_20_50-02.txt,61.404,1.000,61.404,1,0.156,0.25,0.156,0.156,0.156
15,ec.gp.GPIndividual@635605396{821145779},3C_20_50-03.txt,30.993,1.000,30.993,1,1.844,5.95,1.844,1.844,0.156
15,ec.gp.GPIndividual@635605396{821145779},3C_20_66-01.txt,7.322,1.000,7.322,1,0.438,5.97,0.438,1.844,0.156
15,ec.gp.GPIndividual@635605396{821145779},3C_20_66-02.txt,154.245,1.000,154.245,1,1.094,0.71,1.094,1.844,0.156
15,ec.gp.GPIndividual@635605396{821145779},3C_20_66-03.txt,118.340,1.000,118.340,1,2.703,2.28,2.703,2.703,0.156
15,ec.gp.GPIndividual@635605396{821145779},3C_20_80-01.txt,4.194,1.000,4.194,1,0.531,12.67,0.531,2.703,0.156
15,ec.gp.GPIndividual@635605396{821145779},3C_20_80-02.txt,35.738,1.000,35.738,1,0.922,2.58,0.922,2.703,0.156
15,ec.gp.GPIndividual@635605396{821145779},3C_20_80-03.txt,169.439,1.000,169.439,2,15.391,9.08,7.695,12.984,0.156
15,ec.gp.GPIndividual@1141686423{753425794},3C_20_50-02.txt,61.404,1.000,61.404,0,0.000,0.00,0.000,0.000,0.000
15,ec.gp.GPIndividual@1141686423{753425794},3C_20_50-03.txt,30.993,1.000,30.993,0,0.000,0.00,0.000,0.000,0.000
15,ec.gp.GPIndividual@1141686423{753425794},3C_20_66-01.txt,7.322,1.000,7.322,0,0.000,0.00,0.000,0.000,0.000
15,ec.gp.GPIndividual@1141686423{753425794},3C_20_66-02.txt,154.245,1.000,154.245,0,0.000,0.00,0.000,0.000,0.000
15,ec.gp.GPIndividual@1141686423{753425794},3C_20_66-03.txt,118.340,1.000,118.340,0,0.000,0.00,0.000,0.000,0.000
15,ec.gp.GPIndividual@1141686423{753425794},3C_20_80-01.txt,4.194,1.000,4.194,0,0.000,0.00,0.000,0.000,0.000
15,ec.gp.GPIndividual@1141686423{753425794},3C_20_80-02.txt,35.738,1.000,35.738,0,0.000,0.00,0.000,0.000,0.000
15,ec.gp.GPIndividual@1141686423{753425794},3C_20_80-03.txt,169.439,1.000,169.439,0,0.000,0.00,0.000,0.000,0.000
15,ec.gp.GPIndividual@150280023{-1175607507},3C_20_50-02.txt,61.404,1.000,61.404,7,57.563,93.74,8.223,48.469,0.094
15,ec.gp.GPIndividual@150280023{-1175607507},3C_20_66-03.txt,118.340,1.000,118.340,10,116.500,98.45,11.650,48.469,0.094
15,ec.gp.GPIndividual@150280023{-1175607507},3C_20_80-01.txt,4.194,1.000,4.194,7,3.781,90.15,0.540,48.469,0.094
15,ec.gp.GPIndividual@150280023{-1175607507},3C_20_80-02.txt,35.738,1.000,35.738,7,23.531,65.84,3.362,48.469,0.094
15,ec.gp.GPIndividual@150280023{-1175607507},3C_20_50-03.txt,30.993,1.000,30.993,5,23.188,74.82,4.638,48.469,0.094
15,ec.gp.GPIndividual@150280023{-1175607507},3C_20_80-03.txt,169.439,1.000,169.439,6,154.203,91.01,25.701,67.188,0.094
15,ec.gp.GPIndividual@150280023{-1175607507},3C_20_66-01.txt,7.322,1.000,7.322,7,6.109,83.44,0.873,67.188,0.094
15,ec.gp.GPIndividual@150280023{-1175607507},3C_20_66-02.txt,154.245,1.000,154.245,7,48.516,31.45,6.931,67.188,0.094
15,ec.gp.GPIndividual@1100435856{-44837064},3C_20_50-02.txt,61.404,1.000,61.404,9,56.234,91.58,6.248,20.766,0.094
15,ec.gp.GPIndividual@1100435856{-44837064},3C_20_66-03.txt,118.340,1.000,118.340,7,97.484,82.38,13.926,41.719,0.094
15,ec.gp.GPIndividual@1100435856{-44837064},3C_20_50-03.txt,30.993,1.000,30.993,3,30.953,99.87,10.318,41.719,0.094
15,ec.gp.GPIndividual@1100435856{-44837064},3C_20_80-01.txt,4.194,1.000,4.194,7,4.172,99.46,0.596,41.719,0.094
15,ec.gp.GPIndividual@1100435856{-44837064},3C_20_80-02.txt,35.738,1.000,35.738,1,0.500,1.40,0.500,41.719,0.094
15,ec.gp.GPIndividual@1100435856{-44837064},3C_20_66-01.txt,7.322,1.000,7.322,12,7.156,97.73,0.596,41.719,0.094
15,ec.gp.GPIndividual@1100435856{-44837064},3C_20_80-03.txt,169.439,1.000,169.439,8,157.031,92.68,19.629,66.875,0.094
15,ec.gp.GPIndividual@1100435856{-44837064},3C_20_66-02.txt,154.245,1.000,154.245,6,33.891,21.97,5.648,66.875,0.094
15,ec.gp.GPIndividual@1524164103{-1175607507},3C_20_50-02.txt,61.404,1.000,61.404,9,58.922,95.96,6.547,19.297,0.094
15,ec.gp.GPIndividual@1524164103{-1175607507},3C_20_66-03.txt,118.340,1.000,118.340,11,116.156,98.16,10.560,29.250,0.094
15,ec.gp.GPIndividual@1524164103{-1175607507},3C_20_80-01.txt,4.194,1.000,4.194,7,3.750,89.40,0.536,29.250,0.094
15,ec.gp.GPIndividual@1524164103{-1175607507},3C_20_80-02.txt,35.738,1.000,35.738,7,22.813,63.83,3.259,29.250,0.094
15,ec.gp.GPIndividual@1524164103{-1175607507},3C_20_50-03.txt,30.993,1.000,30.993,5,25.547,82.43,5.109,29.250,0.094
15,ec.gp.GPIndividual@1524164103{-1175607507},3C_20_80-03.txt,169.439,1.000,169.439,8,156.219,92.20,19.527,65.375,0.094
15,ec.gp.GPIndividual@1524164103{-1175607507},3C_20_66-01.txt,7.322,1.000,7.322,7,6.109,83.44,0.873,65.375,0.094
15,ec.gp.GPIndividual@1524164103{-1175607507},3C_20_66-02.txt,154.245,1.000,154.245,6,34.500,22.37,5.750,65.375,0.094
15,ec.gp.GPIndividual@392998179{-1031375283},3C_20_50-02.txt,61.404,1.000,61.404,10,66.609,108.48,6.661,20.844,0.109
15,ec.gp.GPIndividual@392998179{-1031375283},3C_20_66-03.txt,118.340,1.000,118.340,6,77.828,65.77,12.971,44.641,0.109
15,ec.gp.GPIndividual@392998179{-1031375283},3C_20_50-03.txt,30.993,1.000,30.993,5,46.422,149.78,9.284,44.641,0.109
15,ec.gp.GPIndividual@392998179{-1031375283},3C_20_80-01.txt,4.194,1.000,4.194,7,3.750,89.40,0.536,44.641,0.109
15,ec.gp.GPIndividual@392998179{-1031375283},3C_20_80-02.txt,35.738,1.000,35.738,9,32.766,91.68,3.641,44.641,0.109
15,ec.gp.GPIndividual@392998179{-1031375283},3C_20_80-03.txt,169.439,1.000,169.439,2,7.766,4.58,3.883,44.641,0.109
15,ec.gp.GPIndividual@392998179{-1031375283},3C_20_66-01.txt,7.322,1.000,7.322,7,6.094,83.22,0.871,44.641,0.109
15,ec.gp.GPIndividual@392998179{-1031375283},3C_20_66-02.txt,154.245,1.000,154.245,12,148.281,96.13,12.357,67.141,0.109
15,ec.gp.GPIndividual@392998179{-1031375283},3C_20_66-03.txt,118.340,1.000,118.340,3,28.438,24.03,9.479,67.141,0.109
15,ec.gp.GPIndividual@552746861{-917298657},3C_20_50-02.txt,61.404,1.000,61.404,1,0.047,0.08,0.047,0.047,0.047
15,ec.gp.GPIndividual@552746861{-917298657},3C_20_50-03.txt,30.993,1.000,30.993,1,0.563,1.81,0.563,0.563,0.047
15,ec.gp.GPIndividual@552746861{-917298657},3C_20_66-01.txt,7.322,1.000,7.322,1,0.125,1.71,0.125,0.563,0.047
15,ec.gp.GPIndividual@552746861{-917298657},3C_20_66-02.txt,154.245,1.000,154.245,1,0.313,0.20,0.313,0.563,0.047
15,ec.gp.GPIndividual@552746861{-917298657},3C_20_66-03.txt,118.340,1.000,118.340,1,0.781,0.66,0.781,0.781,0.047
15,ec.gp.GPIndividual@552746861{-917298657},3C_20_80-01.txt,4.194,1.000,4.194,1,0.156,3.73,0.156,0.781,0.047
15,ec.gp.GPIndividual@552746861{-917298657},3C_20_80-02.txt,35.738,1.000,35.738,1,0.250,0.70,0.250,0.781,0.047
15,ec.gp.GPIndividual@552746861{-917298657},3C_20_80-03.txt,169.439,1.000,169.439,1,0.781,0.46,0.781,0.781,0.047
16,ec.gp.GPIndividual@1333555765{-299067724},3C_20_50-02.txt,61.404,1.000,61.404,0,0.000,0.00,0.000,0.000,0.000
16,ec.gp.GPIndividual@1333555765{-299067724},3C_20_50-03.txt,30.993,1.000,30.993,0,0.000,0.00,0.000,0.000,0.000
16,ec.gp.GPIndividual@1333555765{-299067724},3C_20_66-01.txt,7.322,1.000,7.322,0,0.000,0.00,0.000,0.000,0.000
16,ec.gp.GPIndividual@1333555765{-299067724},3C_20_66-02.txt,154.245,1.000,154.245,0,0.000,0.00,0.000,0.000,0.000
16,ec.gp.GPIndividual@1333555765{-299067724},3C_20_66-03.txt,118.340,1.000,118.340,0,0.000,0.00,0.000,0.000,0.000
16,ec.gp.GPIndividual@1333555765{-299067724},3C_20_80-01.txt,4.194,1.000,4.194,0,0.000,0.00,0.000,0.000,0.000
16,ec.gp.GPIndividual@1333555765{-299067724},3C_20_80-02.txt,35.738,1.000,35.738,0,0.000,0.00,0.000,0.000,0.000
16,ec.gp.GPIndividual@1333555765{-299067724},3C_20_80-03.txt,169.439,1.000,169.439,0,0.000,0.00,0.000,0.000,0.000
16,ec.gp.GPIndividual@1020281567{1024030112},3C_20_50-02.txt,61.404,1.000,61.404,0,0.000,0.00,0.000,0.000,0.000
16,ec.gp.GPIndividual@1020281567{1024030112},3C_20_50-03.txt,30.993,1.000,30.993,0,0.000,0.00,0.000,0.000,0.000
16,ec.gp.GPIndividual@1020281567{1024030112},3C_20_66-01.txt,7.322,1.000,7.322,0,0.000,0.00,0.000,0.000,0.000
16,ec.gp.GPIndividual@1020281567{1024030112},3C_20_66-02.txt,154.245,1.000,154.245,0,0.000,0.00,0.000,0.000,0.000
16,ec.gp.GPIndividual@1020281567{1024030112},3C_20_66-03.txt,118.340,1.000,118.340,0,0.000,0.00,0.000,0.000,0.000
16,ec.gp.GPIndividual@1020281567{1024030112},3C_20_80-01.txt,4.194,1.000,4.194,0,0.000,0.00,0.000,0.000,0.000
16,ec.gp.GPIndividual@1020281567{1024030112},3C_20_80-02.txt,35.738,1.000,35.738,0,0.000,0.00,0.000,0.000,0.000
16,ec.gp.GPIndividual@1020281567{1024030112},3C_20_80-03.txt,169.439,1.000,169.439,0,0.000,0.00,0.000,0.000,0.000
16,ec.gp.GPIndividual@1342801467{-670650111},3C_20_50-02.txt,61.404,1.000,61.404,2,0.750,1.22,0.375,0.375,0.375
16,ec.gp.GPIndividual@1342801467{-670650111},3C_20_50-03.txt,30.993,1.000,30.993,2,0.750,2.42,0.375,0.375,0.375
16,ec.gp.GPIndividual@1342801467{-670650111},3C_20_50-03.txt,30.993,1.000,30.993,7,12.078,38.97,1.725,3.953,0.375
16,ec.gp.GPIndividual@1342801467{-670650111},3C_20_66-01.txt,7.322,1.000,7.322,1,4.125,56.34,4.125,4.125,0.375
16,ec.gp.GPIndividual@1342801467{-670650111},3C_20_66-01.txt,7.322,1.000,7.322,3,7.859,107.34,2.620,4.125,0.375
16,ec.gp.GPIndividual@1342801467{-670650111},3C_20_50-03.txt,30.993,1.000,30.993,2,3.609,11.65,1.805,4.125,0.375
16,ec.gp.GPIndividual@1342801467{-670650111},3C_20_66-02.txt,154.245,1.000,154.245,1,0.969,0.63,0.969,4.125,0.375
16,ec.gp.GPIndividual@1342801467{-670650111},3C_20_66-02.txt,154.245,1.000,154.245,2,2.047,1.33,1.023,4.125,0.375
16,ec.gp.GPIndividual@1342801467{-670650111},3C_20_66-03.txt,118.340,1.000,118.340,2,4.406,3.72,2.203,4.125,0.375
16,ec.gp.GPIndividual@1342801467{-670650111},3C_20_66-03.txt,118.340,1.000,118.340,5,17.359,14.67,3.472,4.531,0.375
16,ec.gp.GPIndividual@1342801467{-670650111},3C_20_80-01.txt,4.194,1.000,4.194,1,1.656,39.49,1.656,4.531,0.375
16,ec.gp.GPIndividual@1342801467{-670650111},3C_20_80-02.txt,35.738,1.000,35.738,1,1.297,3.63,1.297,4.531,0.375
16,ec.gp.GPIndividual@1342801467{-670650111},3C_20_80-03.txt,169.439,1.000,169.439,1,6.203,3.66,6.203,6.203,0.375
16,ec.gp.GPIndividual@1342801467{-670650111},3C_20_80-01.txt,4.194,1.000,4.194,1,1.453,34.64,1.453,6.203,0.375
16,ec.gp.GPIndividual@1342801467{-670650111},3C_20_80-02.txt,35.738,1.000,35.738,2,9.563,26.76,4.781,7.531,0.375
16,ec.gp.GPIndividual@1342801467{-670650111},3C_20_80-03.txt,169.439,1.000,169.439,1,5.141,3.03,5.141,7.531,0.375
16,ec.gp.GPIndividual@751871053{-83408373},3C_20_50-02.txt,61.404,1.000,61.404,3,8.688,14.15,2.896,6.281,0.359
16,ec.gp.GPIndividual@862031971{-1519699470},3C_20_50-02.txt,61.404,1.000,61.404,9,58.781,95.73,6.531,18.125,0.500
16,ec.gp.GPIndividual@862031971{-1519699470},3C_20_50-03.txt,30.993,1.000,30.993,3,27.406,88.43,9.135,18.125,0.500
16,ec.gp.GPIndividual@862031971{-1519699470},3C_20_66-01.txt,7.322,1.000,7.322,1,42.266,577.23,42.266,42.266,0.500
16,ec.gp.GPIndividual@862031971{-1519699470},3C_20_50-03.txt,30.993,1.000,30.993,2,46.188,149.03,23.094,45.125,0.500
16,ec.gp.GPIndividual@862031971{-1519699470},3C_20_50-03.txt,30.993,1.000,30.993,2,11.125,35.90,5.563,45.125,0.500
16,ec.gp.GPIndividual@862031971{-1519699470},3C_20_66-01.txt,7.322,1.000,7.322,1,46.141,630.15,46.141,46.141,0.500
16,ec.gp.GPIndividual@862031971{-1519699470},3C_20_50-03.txt,30.993,1.000,30.993,10,34.266,110.56,3.427,46.141,0.500
16,ec.gp.GPIndividual@862031971{-1519699470},3C_20_50-03.txt,30.993,1.000,30.993,3,22.313,71.99,7.438,46.141,0.500
16,ec.gp.GPIndividual@862031971{-1519699470},3C_20_66-02.txt,154.245,1.000,154.245,1,8.109,5.26,8.109,46.141,0.500
16,ec.gp.GPIndividual@862031971{-1519699470},3C_20_66-02.txt,154.245,1.000,154.245,1,2.703,1.75,2.703,46.141,0.500
16,ec.gp.GPIndividual@862031971{-1519699470},3C_20_66-01.txt,7.322,1.000,7.322,4,9.016,123.13,2.254,46.141,0.500
16,ec.gp.GPIndividual@862031971{-1519699470},3C_20_66-01.txt,7.322,1.000,7.322,3,4.313,58.90,1.438,46.141,0.500
16,ec.gp.GPIndividual@862031971{-1519699470},3C_20_66-03.txt,118.340,1.000,118.340,6,13.984,11.82,2.331,46.141,0.500
16,ec.gp.GPIndividual@862031971{-1519699470},3C_20_66-01.txt,7.322,1.000,7.322,4,13.734,187.57,3.434,46.141,0.500
16,ec.gp.GPIndividual@862031971{-1519699470},3C_20_66-01.txt,7.322,1.000,7.322,4,9.594,131.02,2.398,46.141,0.500
16,ec.gp.GPIndividual@862031971{-1519699470},3C_20_80-01.txt,4.194,1.000,4.194,5,4.938,117.71,0.988,46.141,0.344
16,ec.gp.GPIndividual@862031971{-1519699470},3C_20_80-02.txt,35.738,1.000,35.738,1,0.328,0.92,0.328,46.141,0.328
16,ec.gp.GPIndividual@862031971{-1519699470},3C_20_66-02.txt,154.245,1.000,154.245,3,4.516,2.93,1.505,46.141,0.328
16,ec.gp.GPIndividual@862031971{-1519699470},3C_20_66-03.txt,118.340,1.000,118.340,18,123.609,104.45,6.867,46.141,0.328
16,ec.gp.GPIndividual@862031971{-1519699470},3C_20_66-02.txt,154.245,1.000,154.245,2,74.672,48.41,37.336,46.141,0.328
16,ec.gp.GPIndividual@862031971{-1519699470},3C_20_80-03.txt,169.439,1.000,169.439,4,77.625,45.81,19.406,46.141,0.328
16,ec.gp.GPIndividual@862031971{-1519699470},3C_20_80-01.txt,4.194,1.000,4.194,4,4.203,100.21,1.051,46.141,0.172
16,ec.gp.GPIndividual@862031971{-1519699470},3C_20_66-03.txt,118.340,1.000,118.340,1,0.531,0.45,0.531,46.141,0.172
16,ec.gp.GPIndividual@862031971{-1519699470},3C_20_80-02.txt,35.738,1.000,35.738,8,40.297,112.76,5.037,46.141,0.172
16,ec.gp.GPIndividual@2065619536{1461462730},3C_20_50-02.txt,61.404,1.000,61.404,2,1.953,3.18,0.977,1.266,0.688
16,ec.gp.GPIndividual@2065619536{1461462730},3C_20_80-03.txt,169.439,1.000,169.439,2,6.313,3.73,3.156,5.813,0.500
16,ec.gp.GPIndividual@2065619536{1461462730},3C_20_66-02.txt,154.245,1.000,154.245,1,1.844,1.20,1.844,5.813,0.500
16,ec.gp.GPIndividual@2065619536{1461462730},3C_20_50-03.txt,30.993,1.000,30.993,9,27.375,88.33,3.042,5.859,0.500
16,ec.gp.GPIndividual@2065619536{1461462730},3C_20_66-01.txt,7.322,1.000,7.322,3,11.313,154.50,3.771,6.969,0.500
16,ec.gp.GPIndividual@205476143{-1031375283},3C_20_50-02.txt,61.404,1.000,61.404,3,12.156,19.80,4.052,10.063,0.516
16,ec.gp.GPIndividual@205476143{-1031375283},3C_20_66-02.txt,154.245,1.000,154.245,1,1.203,0.78,1.203,10.063,0.516
16,ec.gp.GPIndividual@205476143{-1031375283},3C_20_66-03.txt,118.340,1.000,118.340,3,5.266,4.45,1.755,10.063,0.516
16,ec.gp.GPIndividual@205476143{-1031375283},3C_20_66-03.txt,118.340,1.000,118.340,7,75.375,63.69,10.768,44.266,0.516
16,ec.gp.GPIndividual@205476143{-1031375283},3C_20_80-01.txt,4.194,1.000,4.194,2,21.719,517.79,10.859,44.266,0.516
16,ec.gp.GPIndividual@205476143{-1031375283},3C_20_80-01.txt,4.194,1.000,4.194,1,1.266,30.17,1.266,44.266,0.516
16,ec.gp.GPIndividual@205476143{-1031375283},3C_20_80-02.txt,35.738,1.000,35.738,4,6.984,19.54,1.746,44.266,0.516
16,ec.gp.GPIndividual@205476143{-1031375283},3C_20_80-03.txt,169.439,1.000,169.439,8,99.109,58.49,12.389,51.078,0.516
16,ec.gp.GPIndividual@157902245{-358765151},3C_20_50-02.txt,61.404,1.000,61.404,5,89.016,144.97,17.803,42.656,0.359
16,ec.gp.GPIndividual@157902245{-358765151},3C_20_80-01.txt,4.194,1.000,4.194,2,4.344,103.56,2.172,42.656,0.359
16,ec.gp.GPIndividual@157902245{-358765151},3C_20_80-02.txt,35.738,1.000,35.738,1,0.531,1.49,0.531,42.656,0.359
16,ec.gp.GPIndividual@157902245{-358765151},3C_20_50-03.txt,30.993,1.000,30.993,9,34.266,110.56,3.807,42.656,0.359
16,ec.gp.GPIndividual@157902245{-358765151},3C_20_50-03.txt,30.993,1.000,30.993,1,2.953,9.53,2.953,42.656,0.359
16,ec.gp.GPIndividual@157902245{-358765151},3C_20_66-01.txt,7.322,1.000,7.322,3,6.969,95.17,2.323,42.656,0.359
16,ec.gp.GPIndividual@157902245{-358765151},3C_20_66-02.txt,154.245,1.000,154.245,1,0.891,0.58,0.891,42.656,0.359
16,ec.gp.GPIndividual@157902245{-358765151},3C_20_80-03.txt,169.439,1.000,169.439,3,39.516,23.32,13.172,42.656,0.359
16,ec.gp.GPIndividual@157902245{-358765151},3C_20_66-03.txt,118.340,1.000,118.340,11,118.563,100.19,10.778,47.391,0.359
16,ec.gp.GPIndividual@157902245{-358765151},3C_20_66-03.txt,118.340,1.000,118.340,9,92.359,78.05,10.262,47.391,0.359
16,ec.gp.GPIndividual@157902245{-358765151},3C_20_66-02.txt,154.245,1.000,154.245,7,57.797,37.47,8.257,47.391,0.359
16,ec.gp.GPIndividual@79680663{-142083883},3C_20_50-02.txt,61.404,1.000,61.404,5,92.828,151.18,18.566,45.438,0.484
16,ec.gp.GPIndividual@79680663{-142083883},3C_20_80-02.txt,35.738,1.000,35.738,2,33.953,95.01,16.977,45.438,0.484
16,ec.gp.GPIndividual@79680663{-142083883},3C_20_80-01.txt,4.194,1.000,4.194,4,5.203,124.05,1.301,45.438,0.172
16,ec.gp.GPIndividual@79680663{-142083883},3C_20_80-03.txt,169.439,1.000,169.439,1,0.156,0.09,0.156,45.438,0.156
16,ec.gp.GPIndividual@79680663{-142083883},3C_20_50-03.txt,30.993,1.000,30.993,8,27.125,87.52,3.391,45.438,0.156
16,ec.gp.GPIndividual@79680663{-142083883},3C_20_80-02.txt,35.738,1.000,35.738,1,10.219,28.59,10.219,45.438,0.156
16,ec.gp.GPIndividual@79680663{-142083883},3C_20_80-01.txt,4.194,1.000,4.194,2,4.047,96.48,2.023,45.438,0.141
16,ec.gp.GPIndividual@1489055805{1784563123},3C_20_50-02.txt,61.404,1.000,61.404,1,0.313,0.51,0.313,0.313,0.313
16,ec.gp.GPIndividual@1489055805{1784563123},3C_20_50-03.txt,30.993,1.000,30.993,6,18.406,59.39,3.068,7.453,0.313
16,ec.gp.GPIndividual@1489055805{1784563123},3C_20_66-01.txt,7.322,1.000,7.322,2,2.734,37.34,1.367,7.453,0.313
16,ec.gp.GPIndividual@1489055805{1784563123},3C_20_66-02.txt,154.245,1.000,154.245,4,9.281,6.02,2.320,7.453,0.313
16,ec.gp.GPIndividual@1489055805{1784563123},3C_20_66-03.txt,118.340,1.000,118.340,6,64.719,54.69,10.786,44.766,0.313
16,ec.gp.GPIndividual@1489055805{1784563123},3C_20_80-01.txt,4.194,1.000,4.194,1,1.469,35.02,1.469,44.766,0.313
16,ec.gp.GPIndividual@1489055805{1784563123},3C_20_80-02.txt,35.738,1.000,35.738,1,2.219,6.21,2.219,44.766,0.313
16,ec.gp.GPIndividual@1489055805{1784563123},3C_20_80-03.txt,169.439,1.000,169.439,3,63.109,37.25,21.036,47.156,0.313
16,ec.gp.GPIndividual@945178955{-1997384036},3C_20_50-02.txt,61.404,1.000,61.404,8,60.813,99.04,7.602,27.234,0.516
16,ec.gp.GPIndividual@945178955{-1997384036},3C_20_66-01.txt,7.322,1.000,7.322,2,12.781,174.56,6.391,27.234,0.516
16,ec.gp.GPIndividual@945178955{-1997384036},3C_20_66-03.txt,118.340,1.000,118.340,4,26.094,22.05,6.523,27.234,0.516
16,ec.gp.GPIndividual@945178955{-1997384036},3C_20_50-03.txt,30.993,1.000,30.993,1,41.813,134.91,41.813,41.813,0.516
16,ec.gp.GPIndividual@945178955{-1997384036},3C_20_80-02.txt,35.738,1.000,35.738,1,46.641,130.51,46.641,46.641,0.516
16,ec.gp.GPIndividual@945178955{-1997384036},3C_20_80-03.txt,169.439,1.000,169.439,14,169.797,100.21,12.128,46.641,0.516
16,ec.gp.GPIndividual@945178955{-1997384036},3C_20_66-01.txt,7.322,1.000,7.322,1,27.656,377.70,27.656,46.641,0.516
16,ec.gp.GPIndividual@945178955{-1997384036},3C_20_66-01.txt,7.322,1.000,7.322,6,7.375,100.72,1.229,46.641,0.516
16,ec.gp.GPIndividual@945178955{-1997384036},3C_20_66-02.txt,154.245,1.000,154.245,10,133.938,86.83,13.394,57.922,0.500
16,ec.gp.GPIndividual@944847538{1656854368},3C_20_50-02.txt,61.404,1.000,61.404,4,60.828,99.06,15.207,56.797,0.531
16,ec.gp.GPIndividual@944847538{1656854368},3C_20_80-03.txt,169.439,1.000,169.439,6,78.266,46.19,13.044,56.797,0.531
16,ec.gp.GPIndividual@944847538{1656854368},3C_20_66-03.txt,118.340,1.000,118.340,7,115.688,97.76,16.527,56.797,0.531
16,ec.gp.GPIndividual@944847538{1656854368},3C_20_66-02.txt,154.245,1.000,154.245,6,33.859,21.95,5.643,56.797,0.531
16,ec.gp.GPIndividual@944847538{1656854368},3C_20_80-01.txt,4.194,1.000,4.194,1,29.328,699.21,29.328,56.797,0.531
16,ec.gp.GPIndividual@944847538{1656854368},3C_20_66-02.txt,154.245,1.000,154.245,12,193.875,125.69,16.156,65.172,0.531
16,ec.gp.GPIndividual@944847538{1656854368},3C_20_80-01.txt,4.194,1.000,4.194,2,4.391,104.68,2.195,65.172,0.531
16,ec.gp.GPIndividual@944847538{1656854368},3C_20_80-02.txt,35.738,1.000,35.738,3,10.688,29.91,3.563,65.172,0.531
16,ec.gp.GPIndividual@944847538{1656854368},3C_20_50-03.txt,30.993,1.000,30.993,13,30.547,98.56,2.350,65.172,0.531
16,ec.gp.GPIndividual@944847538{1656854368},3C_20_66-01.txt,7.322,1.000,7.322,1,12.141,165.81,12.141,65.172,0.531
16,ec.gp.GPIndividual@944847538{1656854368},3C_20_66-03.txt,118.340,1.000,118.340,1,5.156,4.36,5.156,65.172,0.531
16,ec.gp.GPIndividual@944847538{1656854368},3C_20_80-03.txt,169.439,1.000,169.439,9,58.422,34.48,6.491,65.172,0.531
16,ec.gp.GPIndividual@105069316{106964635},3C_20_50-02.txt,61.404,1.000,61.404,7,61.406,100.00,8.772,44.906,0.328
16,ec.gp.GPIndividual@105069316{106964635},3C_20_66-03.txt,118.340,1.000,118.340,8,170.453,144.04,21.307,59.344,0.328
16,ec.gp.GPIndividual@386185853{-246623519},3C_20_50-02.txt,61.404,1.000,61.404,2,66.625,108.50,33.313,66.281,0.344
16,ec.gp.GPIndividual@386185853{-246623519},3C_20_80-02.txt,35.738,1.000,35.738,2,4.938,13.82,2.469,66.281,0.344
16,ec.gp.GPIndividual@386185853{-246623519},3C_20_80-01.txt,4.194,1.000,4.194,4,4.109,97.97,1.027,66.281,0.172
16,ec.gp.GPIndividual@386185853{-246623519},3C_20_80-03.txt,169.439,1.000,169.439,15,184.563,108.93,12.304,66.281,0.172
16,ec.gp.GPIndividual@386185853{-246623519},3C_20_80-01.txt,4.194,1.000,4.194,1,1.453,34.64,1.453,66.281,0.172
16,ec.gp.GPIndividual@386185853{-246623519},3C_20_80-02.txt,35.738,1.000,35.738,2,7.500,20.99,3.750,66.281,0.172
16,ec.gp.GPIndividual@1661429358{1446031293},3C_20_50-02.txt,61.404,1.000,61.404,15,62.313,101.48,4.154,35.625,0.531
16,ec.gp.GPIndividual@1661429358{1446031293},3C_20_66-02.txt,154.245,1.000,154.245,5,56.438,36.59,11.288,49.031,0.531
16,ec.gp.GPIndividual@1661429358{1446031293},3C_20_50-03.txt,30.993,1.000,30.993,1,45.688,147.41,45.688,49.031,0.531
16,ec.gp.GPIndividual@1661429358{1446031293},3C_20_50-03.txt,30.993,1.000,30.993,3,33.938,109.50,11.313,49.031,0.531
16,ec.gp.GPIndividual@1661429358{1446031293},3C_20_80-03.txt,169.439,1.000,169.439,13,192.766,113.77,14.828,49.031,0.531
16,ec.gp.GPIndividual@1661429358{1446031293},3C_20_66-01.txt,7.322,1.000,7.322,2,55.250,754.56,27.625,54.156,0.531
16,ec.gp.GPIndividual@298477169{-2025269896},3C_20_50-02.txt,61.404,1.000,61.404,2,57.188,93.13,28.594,56.672,0.516
16,ec.gp.GPIndividual@298477169{-2025269896},3C_20_50-03.txt,30.993,1.000,30.993,2,63.672,205.44,31.836,62.266,0.516
16,ec.gp.GPIndividual@298477169{-2025269896},3C_20_80-02.txt,35.738,1.000,35.738,14,58.484,163.65,4.177,62.266,0.516
16,ec.gp.GPIndividual@298477169{-2025269896},3C_20_66-01.txt,7.322,1.000,7.322,2,6.781,92.61,3.391,62.266,0.500
16,ec.gp.GPIndividual@298477169{-2025269896},3C_20_66-01.txt,7.322,1.000,7.322,3,12.563,171.57,4.188,62.266,0.500
16,ec.gp.GPIndividual@298477169{-2025269896},3C_20_66-03.txt,118.340,1.000,118.340,3,13.250,11.20,4.417,62.266,0.500
16,ec.gp.GPIndividual@298477169{-2025269896},3C_20_66-02.txt,154.245,1.000,154.245,3,5.453,3.54,1.818,62.266,0.500
16,ec.gp.GPIndividual@298477169{-2025269896},3C_20_50-03.txt,30.993,1.000,30.993,13,32.469,104.76,2.498,62.266,0.500
16,ec.gp.GPIndividual@298477169{-2025269896},3C_20_66-01.txt,7.322,1.000,7.322,1,1.063,14.51,1.063,62.266,0.500
16,ec.gp.GPIndividual@298477169{-2025269896},3C_20_66-03.txt,118.340,1.000,118.340,10,81.969,69.27,8.197,62.266,0.500
16,ec.gp.GPIndividual@298477169{-2025269896},3C_20_80-03.txt,169.439,1.000,169.439,8,199.422,117.70,24.928,62.266,0.500
16,ec.gp.GPIndividual@298477169{-2025269896},3C_20_80-01.txt,4.194,1.000,4.194,3,3.313,78.97,1.104,62.266,0.500
16,ec.gp.GPIndividual@298477169{-2025269896},3C_20_80-02.txt,35.738,1.000,35.738,8,32.875,91.99,4.109,62.266,0.500
16,ec.gp.GPIndividual@298477169{-2025269896},3C_20_80-01.txt,4.194,1.000,4.194,2,2.594,61.84,1.297,62.266,0.500
16,ec.gp.GPIndividual@298477169{-2025269896},3C_20_80-02.txt,35.738,1.000,35.738,4,41.813,117.00,10.453,62.266,0.500
16,ec.gp.GPIndividual@1214194502{-1353202894},3C_20_50-02.txt,61.404,1.000,61.404,0,0.000,0.00,0.000,0.000,0.000
16,ec.gp.GPIndividual@1214194502{-1353202894},3C_20_50-03.txt,30.993,1.000,30.993,0,0.000,0.00,0.000,0.000,0.000
16,ec.gp.GPIndividual@1214194502{-1353202894},3C_20_66-01.txt,7.322,1.000,7.322,0,0.000,0.00,0.000,0.000,0.000
16,ec.gp.GPIndividual@1214194502{-1353202894},3C_20_66-02.txt,154.245,1.000,154.245,0,0.000,0.00,0.000,0.000,0.000
16,ec.gp.GPIndividual@1214194502{-1353202894},3C_20_66-03.txt,118.340,1.000,118.340,0,0.000,0.00,0.000,0.000,0.000
16,ec.gp.GPIndividual@1214194502{-1353202894},3C_20_80-01.txt,4.194,1.000,4.194,0,0.000,0.00,0.000,0.000,0.000
16,ec.gp.GPIndividual@1214194502{-1353202894},3C_20_80-02.txt,35.738,1.000,35.738,0,0.000,0.00,0.000,0.000,0.000
16,ec.gp.GPIndividual@1214194502{-1353202894},3C_20_80-03.txt,169.439,1.000,169.439,0,0.000,0.00,0.000,0.000,0.000
16,ec.gp.GPIndividual@1159638087{-830666603},3C_20_50-02.txt,61.404,1.000,61.404,1,0.219,0.36,0.219,0.219,0.219
16,ec.gp.GPIndividual@1159638087{-830666603},3C_20_50-03.txt,30.993,1.000,30.993,1,2.391,7.71,2.391,2.391,0.219
16,ec.gp.GPIndividual@1159638087{-830666603},3C_20_66-01.txt,7.322,1.000,7.322,1,0.594,8.11,0.594,2.391,0.219
16,ec.gp.GPIndividual@1159638087{-830666603},3C_20_66-02.txt,154.245,1.000,154.245,1,1.359,0.88,1.359,2.391,0.219
16,ec.gp.GPIndividual@1159638087{-830666603},3C_20_66-03.txt,118.340,1.000,118.340,3,61.344,51.84,20.448,32.109,0.219
16,ec.gp.GPIndividual@1159638087{-830666603},3C_20_80-01.txt,4.194,1.000,4.194,1,0.969,23.10,0.969,32.109,0.219
16,ec.gp.GPIndividual@1159638087{-830666603},3C_20_80-02.txt,35.738,1.000,35.738,2,25.031,70.04,12.516,32.109,0.219
16,ec.gp.GPIndividual@1159638087{-830666603},3C_20_80-03.txt,169.439,1.000,169.439,1,3.734,2.20,3.734,32.109,0.219
16,ec.gp.GPIndividual@1747590697{1446031293},3C_20_50-02.txt,61.404,1.000,61.404,12,55.578,90.51,4.632,22.047,0.156
16,ec.gp.GPIndividual@1747590697{1446031293},3C_20_80-02.txt,35.738,1.000,35.738,3,40.109,112.23,13.370,38.641,0.156
16,ec.gp.GPIndividual@1747590697{1446031293},3C_20_80-02.txt,35.738,1.000,35.738,10,25.016,70.00,2.502,38.641,0.156
16,ec.gp.GPIndividual@1747590697{1446031293},3C_20_50-03.txt,30.993,1.000,30.993,4,28.656,92.46,7.164,38.641,0.156
16,ec.gp.GPIndividual@1747590697{1446031293},3C_20_80-03.txt,169.439,1.000,169.439,3,12.750,7.52,4.250,38.641,0.156
16,ec.gp.GPIndividual@1747590697{1446031293},3C_20_80-03.txt,169.439,1.000,169.439,6,208.625,123.13,34.771,65.625,0.156
16,ec.gp.GPIndividual@1747590697{1446031293},3C_20_66-01.txt,7.322,1.000,7.322,6,13.141,179.46,2.190,65.625,0.156
16,ec.gp.GPIndividual@1237518488{-709035368},3C_20_50-02.txt,61.404,1.000,61.404,8,59.094,96.24,7.387,35.047,0.156
16,ec.gp.GPIndividual@1549411226{-464422529},3C_20_50-02.txt,61.404,1.000,61.404,8,57.688,93.95,7.211,22.844,0.156
16,ec.gp.GPIndividual@1549411226{-464422529},3C_20_50-03.txt,30.993,1.000,30.993,4,36.469,117.67,9.117,23.328,0.156
16,ec.gp.GPIndividual@1549411226{-464422529},3C_20_50-03.txt,30.993,1.000,30.993,3,14.891,48.05,4.964,23.328,0.156
16,ec.gp.GPIndividual@1549411226{-464422529},3C_20_66-02.txt,154.245,1.000,154.245,15,192.781,124.98,12.852,56.844,0.156
16,ec.gp.GPIndividual@1549411226{-464422529},3C_20_66-01.txt,7.322,1.000,7.322,7,7.109,97.09,1.016,56.844,0.156
16,ec.gp.GPIndividual@1549411226{-464422529},3C_20_66-01.txt,7.322,1.000,7.322,8,7.891,107.76,0.986,56.844,0.156
16,ec.gp.GPIndividual@1549411226{-464422529},3C_20_66-02.txt,154.245,1.000,154.245,1,0.547,0.35,0.547,56.844,0.156
16,ec.gp.GPIndividual@1549411226{-464422529},3C_20_66-02.txt,154.245,1.000,154.245,11,28.844,18.70,2.622,56.844,0.156
16,ec.gp.GPIndividual@1549411226{-464422529},3C_20_66-03.txt,118.340,1.000,118.340,12,116.984,98.85,9.749,56.844,0.156
16,ec.gp.GPIndividual@1549411226{-464422529},3C_20_66-03.txt,118.340,1.000,118.340,3,38.141,32.23,12.714,56.844,0.156
16,ec.gp.GPIndividual@1549411226{-464422529},3C_20_66-03.txt,118.340,1.000,118.340,10,148.859,125.79,14.886,56.844,0.156
16,ec.gp.GPIndividual@1549411226{-464422529},3C_20_80-01.txt,4.194,1.000,4.194,4,4.125,98.34,1.031,56.844,0.078
16,ec.gp.GPIndividual@1549411226{-464422529},3C_20_80-01.txt,4.194,1.000,4.194,3,14.859,354.26,4.953,56.844,0.078
16,ec.gp.GPIndividual@1549411226{-464422529},3C_20_80-01.txt,4.194,1.000,4.194,7,4.031,96.11,0.576,56.844,0.078
16,ec.gp.GPIndividual@1549411226{-464422529},3C_20_80-02.txt,35.738,1.000,35.738,18,41.438,115.95,2.302,56.844,0.078
16,ec.gp.GPIndividual@1549411226{-464422529},3C_20_80-02.txt,35.738,1.000,35.738,2,2.328,6.51,1.164,56.844,0.078
16,ec.gp.GPIndividual@1549411226{-464422529},3C_20_80-03.txt,169.439,1.000,169.439,6,9.984,5.89,1.664,56.844,0.078
16,ec.gp.GPIndividual@1549411226{-464422529},3C_20_80-02.txt,35.738,1.000,35.738,10,34.047,95.27,3.405,56.844,0.078
16,ec.gp.GPIndividual@924365477{1295570354},3C_20_50-02.txt,61.404,1.000,61.404,1,0.000,0.00,0.000,0.000,0.000
16,ec.gp.GPIndividual@924365477{1295570354},3C_20_50-03.txt,30.993,1.000,30.993,1,0.000,0.00,0.000,0.000,0.000
16,ec.gp.GPIndividual@924365477{1295570354},3C_20_66-01.txt,7.322,1.000,7.322,1,0.000,0.00,0.000,0.000,0.000
16,ec.gp.GPIndividual@924365477{1295570354},3C_20_66-02.txt,154.245,1.000,154.245,1,0.000,0.00,0.000,0.000,0.000
16,ec.gp.GPIndividual@924365477{1295570354},3C_20_66-03.txt,118.340,1.000,118.340,1,0.000,0.00,0.000,0.000,0.000
16,ec.gp.GPIndividual@924365477{1295570354},3C_20_80-01.txt,4.194,1.000,4.194,1,0.000,0.00,0.000,0.000,0.000
16,ec.gp.GPIndividual@924365477{1295570354},3C_20_80-02.txt,35.738,1.000,35.738,1,0.000,0.00,0.000,0.000,0.000
16,ec.gp.GPIndividual@924365477{1295570354},3C_20_80-03.txt,169.439,1.000,169.439,1,0.000,0.00,0.000,0.000,0.000
16,ec.gp.GPIndividual@1976424528{640022297},3C_20_50-02.txt,61.404,1.000,61.404,1,0.156,0.25,0.156,0.156,0.156
16,ec.gp.GPIndividual@1976424528{640022297},3C_20_50-03.txt,30.993,1.000,30.993,1,1.750,5.65,1.750,1.750,0.156
16,ec.gp.GPIndividual@1976424528{640022297},3C_20_66-01.txt,7.322,1.000,7.322,1,0.453,6.19,0.453,1.750,0.156
16,ec.gp.GPIndividual@1976424528{640022297},3C_20_66-02.txt,154.245,1.000,154.245,1,6.641,4.31,6.641,6.641,0.156
16,ec.gp.GPIndividual@1976424528{640022297},3C_20_80-03.txt,169.439,1.000,169.439,1,0.984,0.58,0.984,6.641,0.156
16,ec.gp.GPIndividual@1976424528{640022297},3C_20_66-03.txt,118.340,1.000,118.340,2,5.172,4.37,2.586,6.641,0.156
16,ec.gp.GPIndividual@1976424528{640022297},3C_20_80-01.txt,4.194,1.000,4.194,1,0.547,13.04,0.547,6.641,0.156
16,ec.gp.GPIndividual@1976424528{640022297},3C_20_80-02.txt,35.738,1.000,35.738,1,1.000,2.80,1.000,6.641,0.156
16,ec.gp.GPIndividual@1976424528{640022297},3C_20_80-03.txt,169.439,1.000,169.439,1,2.500,1.48,2.500,6.641,0.156
16,ec.gp.GPIndividual@765588625{-2055081649},3C_20_50-02.txt,61.404,1.000,61.404,6,92.594,150.79,15.432,65.984,0.172
16,ec.gp.GPIndividual@765588625{-2055081649},3C_20_80-03.txt,169.439,1.000,169.439,6,138.750,81.89,23.125,65.984,0.172
16,ec.gp.GPIndividual@1612197665{1271691966},3C_20_50-02.txt,61.404,1.000,61.404,6,99.500,162.04,16.583,66.813,0.156
16,ec.gp.GPIndividual@1829074868{639448106},3C_20_50-02.txt,61.404,1.000,61.404,7,47.438,77.25,6.777,23.281,0.156
16,ec.gp.GPIndividual@1829074868{639448106},3C_20_50-03.txt,30.993,1.000,30.993,4,42.188,136.12,10.547,23.344,0.156
16,ec.gp.GPIndividual@1829074868{639448106},3C_20_50-03.txt,30.993,1.000,30.993,1,6.828,22.03,6.828,23.344,0.156
16,ec.gp.GPIndividual@1829074868{639448106},3C_20_50-03.txt,30.993,1.000,30.993,8,31.375,101.23,3.922,23.344,0.156
16,ec.gp.GPIndividual@1829074868{639448106},3C_20_66-01.txt,7.322,1.000,7.322,6,7.219,98.59,1.203,23.344,0.156
16,ec.gp.GPIndividual@1829074868{639448106},3C_20_66-01.txt,7.322,1.000,7.322,4,6.844,93.47,1.711,23.344,0.156
16,ec.gp.GPIndividual@1829074868{639448106},3C_20_66-01.txt,7.322,1.000,7.322,11,7.250,99.01,0.659,23.344,0.078
16,ec.gp.GPIndividual@1829074868{639448106},3C_20_66-02.txt,154.245,1.000,154.245,1,0.500,0.32,0.500,23.344,0.078
16,ec.gp.GPIndividual@1829074868{639448106},3C_20_66-02.txt,154.245,1.000,154.245,21,151.516,98.23,7.215,26.453,0.078
16,ec.gp.GPIndividual@1829074868{639448106},3C_20_66-03.txt,118.340,1.000,118.340,4,48.172,40.71,12.043,31.875,0.078
16,ec.gp.GPIndividual@1829074868{639448106},3C_20_66-03.txt,118.340,1.000,118.340,7,122.234,103.29,17.462,34.672,0.078
16,ec.gp.GPIndividual@1829074868{639448106},3C_20_80-01.txt,4.194,1.000,4.194,3,8.578,204.51,2.859,34.672,0.078
16,ec.gp.GPIndividual@1829074868{639448106},3C_20_80-01.txt,4.194,1.000,4.194,1,16.234,387.04,16.234,34.672,0.078
16,ec.gp.GPIndividual@1829074868{639448106},3C_20_66-02.txt,154.245,1.000,154.245,20,156.063,101.18,7.803,55.781,0.078
16,ec.gp.GPIndividual@1829074868{639448106},3C_20_80-02.txt,35.738,1.000,35.738,6,44.094,123.38,7.349,55.781,0.078
16,ec.gp.GPIndividual@1829074868{639448106},3C_20_66-03.txt,118.340,1.000,118.340,4,38.719,32.72,9.680,55.781,0.078
16,ec.gp.GPIndividual@1829074868{639448106},3C_20_80-02.txt,35.738,1.000,35.738,7,36.063,100.91,5.152,55.781,0.078
16,ec.gp.GPIndividual@1829074868{639448106},3C_20_80-01.txt,4.194,1.000,4.194,5,3.641,86.80,0.728,55.781,0.078
16,ec.gp.GPIndividual@1829074868{639448106},3C_20_80-02.txt,35.738,1.000,35.738,6,11.109,31.09,1.852,55.781,0.078
16,ec.gp.GPIndividual@1829074868{639448106},3C_20_80-03.txt,169.439,1.000,169.439,3,57.734,34.07,19.245,55.781,0.078
16,ec.gp.GPIndividual@1829074868{639448106},3C_20_80-03.txt,169.439,1.000,169.439,3,131.031,77.33,43.677,66.797,0.078
16,ec.gp.GPIndividual@1829074868{639448106},3C_20_80-03.txt,169.439,1.000,169.439,3,109.453,64.60,36.484,66.797,0.078
16,ec.gp.GPIndividual@872345122{2054458540},3C_20_50-02.txt,61.404,1.000,61.404,5,68.813,112.06,13.763,66.750,0.094
16,ec.gp.GPIndividual@374909988{-57576246},3C_20_50-02.txt,61.404,1.000,61.404,9,61.938,100.87,6.882,23.766,0.156
16,ec.gp.GPIndividual@374909988{-57576246},3C_20_50-03.txt,30.993,1.000,30.993,4,12.688,40.94,3.172,23.766,0.156
16,ec.gp.GPIndividual@374909988{-57576246},3C_20_50-03.txt,30.993,1.000,30.993,7,25.406,81.98,3.629,23.766,0.156
16,ec.gp.GPIndividual@374909988{-57576246},3C_20_66-01.txt,7.322,1.000,7.322,4,3.594,49.08,0.898,23.766,0.156
16,ec.gp.GPIndividual@374909988{-57576246},3C_20_66-02.txt,154.245,1.000,154.245,11,136.688,88.62,12.426,58.703,0.156
16,ec.gp.GPIndividual@374909988{-57576246},3C_20_66-01.txt,7.322,1.000,7.322,7,6.063,82.80,0.866,58.703,0.156
16,ec.gp.GPIndividual@374909988{-57576246},3C_20_66-02.txt,154.245,1.000,154.245,7,48.656,31.54,6.951,58.703,0.156
16,ec.gp.GPIndividual@374909988{-57576246},3C_20_66-03.txt,118.340,1.000,118.340,10,111.813,94.48,11.181,58.703,0.156
16,ec.gp.GPIndividual@374909988{-57576246},3C_20_66-03.txt,118.340,1.000,118.340,2,28.578,24.15,14.289,58.703,0.156
16,ec.gp.GPIndividual@374909988{-57576246},3C_20_80-01.txt,4.194,1.000,4.194,7,3.906,93.13,0.558,58.703,0.156
16,ec.gp.GPIndividual@374909988{-57576246},3C_20_80-02.txt,35.738,1.000,35.738,12,36.953,103.40,3.079,58.703,0.156
16,ec.gp.GPIndividual@374909988{-57576246},3C_20_80-03.txt,169.439,1.000,169.439,2,4.828,2.85,2.414,58.703,0.156
16,ec.gp.GPIndividual@374909988{-57576246},3C_20_80-01.txt,4.194,1.000,4.194,4,3.813,90.89,0.953,58.703,0.156
16,ec.gp.GPIndividual@1424210288{-1638948710},3C_20_50-02.txt,61.404,1.000,61.404,13,57.047,92.90,4.388,22.656,0.188
16,ec.gp.GPIndividual@1424210288{-1638948710},3C_20_80-02.txt,35.738,1.000,35.738,8,37.547,105.06,4.693,22.656,0.188
16,ec.gp.GPIndividual@1424210288{-1638948710},3C_20_80-03.txt,169.439,1.000,169.439,2,6.313,3.73,3.156,22.656,0.188
16,ec.gp.GPIndividual@1424210288{-1638948710},3C_20_50-03.txt,30.993,1.000,30.993,7,27.078,87.37,3.868,22.656,0.188
16,ec.gp.GPIndividual@1424210288{-1638948710},3C_20_66-01.txt,7.322,1.000,7.322,7,6.109,83.44,0.873,22.656,0.188
16,ec.gp.GPIndividual@1424210288{-1638948710},3C_20_66-02.txt,154.245,1.000,154.245,10,152.344,98.77,15.234,67.141,0.188
16,ec.gp.GPIndividual@754612290{-1041158355},3C_20_50-02.txt,61.404,1.000,61.404,1,0.094,0.15,0.094,0.094,0.094
16,ec.gp.GPIndividual@754612290{-1041158355},3C_20_50-03.txt,30.993,1.000,30.993,1,1.156,3.73,1.156,1.156,0.094
16,ec.gp.GPIndividual@754612290{-1041158355},3C_20_66-01.txt,7.322,1.000,7.322,1,0.281,3.84,0.281,1.156,0.094
16,ec.gp.GPIndividual@754612290{-1041158355},3C_20_66-02.txt,154.245,1.000,154.245,1,0.656,0.43,0.656,1.156,0.094
16,ec.gp.GPIndividual@754612290{-1041158355},3C_20_66-03.txt,118.340,1.000,118.340,1,1.656,1.40,1.656,1.656,0.094
16,ec.gp.GPIndividual@754612290{-1041158355},3C_20_80-01.txt,4.194,1.000,4.194,1,0.344,8.20,0.344,1.656,0.094
16,ec.gp.GPIndividual@754612290{-1041158355},3C_20_80-02.txt,35.738,1.000,35.738,1,0.594,1.66,0.594,1.656,0.094
16,ec.gp.GPIndividual@754612290{-1041158355},3C_20_80-03.txt,169.439,1.000,169.439,1,1.609,0.95,1.609,1.656,0.094
17,ec.gp.GPIndividual@119057676{-871670537},3C_20_50-02.txt,61.404,1.000,61.404,25,52.891,86.13,2.116,5.734,0.375
17,ec.gp.GPIndividual@119057676{-871670537},3C_20_50-03.txt,30.993,1.000,30.993,2,15.359,49.56,7.680,8.328,0.375
17,ec.gp.GPIndividual@119057676{-871670537},3C_20_50-03.txt,30.993,1.000,30.993,4,36.891,119.03,9.223,12.156,0.375
17,ec.gp.GPIndividual@119057676{-871670537},3C_20_50-03.txt,30.993,1.000,30.993,6,31.031,100.12,5.172,12.156,0.375
17,ec.gp.GPIndividual@119057676{-871670537},3C_20_50-03.txt,30.993,1.000,30.993,3,16.234,52.38,5.411,12.156,0.375
17,ec.gp.GPIndividual@119057676{-871670537},3C_20_66-01.txt,7.322,1.000,7.322,3,6.234,85.14,2.078,12.156,0.375
17,ec.gp.GPIndividual@119057676{-871670537},3C_20_66-02.txt,154.245,1.000,154.245,3,17.891,11.60,5.964,12.156,0.375
17,ec.gp.GPIndividual@119057676{-871670537},3C_20_50-03.txt,30.993,1.000,30.993,3,12.250,39.53,4.083,12.156,0.375
17,ec.gp.GPIndividual@119057676{-871670537},3C_20_50-03.txt,30.993,1.000,30.993,2,11.844,38.21,5.922,12.156,0.375
17,ec.gp.GPIndividual@119057676{-871670537},3C_20_66-01.txt,7.322,1.000,7.322,4,12.063,164.74,3.016,12.156,0.375
17,ec.gp.GPIndividual@119057676{-871670537},3C_20_66-01.txt,7.322,1.000,7.322,2,8.344,113.95,4.172,12.156,0.375
17,ec.gp.GPIndividual@119057676{-871670537},3C_20_66-03.txt,118.340,1.000,118.340,19,141.656,119.70,7.456,27.000,0.172
17,ec.gp.GPIndividual@119057676{-871670537},3C_20_66-01.txt,7.322,1.000,7.322,2,23.156,316.25,11.578,27.000,0.172
17,ec.gp.GPIndividual@119057676{-871670537},3C_20_80-01.txt,4.194,1.000,4.194,2,35.578,848.21,17.789,34.500,0.172
17,ec.gp.GPIndividual@119057676{-871670537},3C_20_66-02.txt,154.245,1.000,154.245,2,40.078,25.98,20.039,39.172,0.172
17,ec.gp.GPIndividual@119057676{-871670537},3C_20_66-02.txt,154.245,1.000,154.245,3,5.516,3.58,1.839,39.172,0.172
17,ec.gp.GPIndividual@119057676{-871670537},3C_20_66-01.txt,7.322,1.000,7.322,5,7.344,100.29,1.469,39.172,0.172
17,ec.gp.GPIndividual@119057676{-871670537},3C_20_66-02.txt,154.245,1.000,154.245,1,0.672,0.44,0.672,39.172,0.172
17,ec.gp.GPIndividual@119057676{-871670537},3C_20_66-03.txt,118.340,1.000,118.340,18,73.078,61.75,4.060,39.172,0.172
17,ec.gp.GPIndividual@119057676{-871670537},3C_20_80-01.txt,4.194,1.000,4.194,1,31.703,755.83,31.703,39.172,0.172
17,ec.gp.GPIndividual@119057676{-871670537},3C_20_66-03.txt,118.340,1.000,118.340,1,35.547,30.04,35.547,39.172,0.172
17,ec.gp.GPIndividual@119057676{-871670537},3C_20_80-02.txt,35.738,1.000,35.738,2,38.000,106.33,19.000,39.172,0.172
17,ec.gp.GPIndividual@119057676{-871670537},3C_20_66-03.txt,118.340,1.000,118.340,15,118.141,99.83,7.876,42.094,0.172
17,ec.gp.GPIndividual@119057676{-871670537},3C_20_80-02.txt,35.738,1.000,35.738,3,8.000,22.39,2.667,42.094,0.172
17,ec.gp.GPIndividual@119057676{-871670537},3C_20_80-03.txt,169.439,1.000,169.439,3,16.078,9.49,5.359,42.094,0.172
17,ec.gp.GPIndividual@119057676{-871670537},3C_20_66-01.txt,7.322,1.000,7.322,4,9.844,134.44,2.461,42.094,0.172
17,ec.gp.GPIndividual@377916053{945279834},3C_20_50-02.txt,61.404,1.000,61.404,3,3.328,5.42,1.109,1.578,0.344
17,ec.gp.GPIndividual@377916053{945279834},3C_20_80-03.txt,169.439,1.000,169.439,13,160.766,94.88,12.367,43.891,0.344
17,ec.gp.GPIndividual@1741665265{1364207300},3C_20_50-02.txt,61.404,1.000,61.404,2,40.391,65.78,20.195,39.891,0.500
17,ec.gp.GPIndividual@1741665265{1364207300},3C_20_50-03.txt,30.993,1.000,30.993,1,51.297,165.51,51.297,51.297,0.500
17,ec.gp.GPIndividual@1741665265{1364207300},3C_20_80-01.txt,4.194,1.000,4.194,1,4.813,114.73,4.813,51.297,0.500
17,ec.gp.GPIndividual@1741665265{1364207300},3C_20_66-01.txt,7.322,1.000,7.322,1,50.891,695.02,50.891,51.297,0.500
17,ec.gp.GPIndividual@1741665265{1364207300},3C_20_80-01.txt,4.194,1.000,4.194,1,1.031,24.59,1.031,51.297,0.500
17,ec.gp.GPIndividual@1741665265{1364207300},3C_20_66-02.txt,154.245,1.000,154.245,6,59.094,38.31,9.849,51.297,0.500
17,ec.gp.GPIndividual@1741665265{1364207300},3C_20_66-03.txt,118.340,1.000,118.340,1,8.625,7.29,8.625,51.297,0.500
17,ec.gp.GPIndividual@1741665265{1364207300},3C_20_66-02.txt,154.245,1.000,154.245,9,40.016,25.94,4.446,51.297,0.500
17,ec.gp.GPIndividual@1741665265{1364207300},3C_20_80-01.txt,4.194,1.000,4.194,2,4.391,104.68,2.195,51.297,0.500
17,ec.gp.GPIndividual@1741665265{1364207300},3C_20_66-03.txt,118.340,1.000,118.340,1,1.391,1.18,1.391,51.297,0.500
17,ec.gp.GPIndividual@1741665265{1364207300},3C_20_80-02.txt,35.738,1.000,35.738,3,5.422,15.17,1.807,51.297,0.500
17,ec.gp.GPIndividual@1741665265{1364207300},3C_20_80-03.txt,169.439,1.000,169.439,4,16.422,9.69,4.105,51.297,0.500
17,ec.gp.GPIndividual@587521748{753425794},3C_20_50-02.txt,61.404,1.000,61.404,0,0.000,0.00,0.000,0.000,0.000
17,ec.gp.GPIndividual@587521748{753425794},3C_20_50-03.txt,30.993,1.000,30.993,0,0.000,0.00,0.000,0.000,0.000
17,ec.gp.GPIndividual@587521748{753425794},3C_20_66-01.txt,7.322,1.000,7.322,0,0.000,0.00,0.000,0.000,0.000
17,ec.gp.GPIndividual@587521748{753425794},3C_20_66-02.txt,154.245,1.000,154.245,0,0.000,0.00,0.000,0.000,0.000
17,ec.gp.GPIndividual@587521748{753425794},3C_20_66-03.txt,118.340,1.000,118.340,0,0.000,0.00,0.000,0.000,0.000
17,ec.gp.GPIndividual@587521748{753425794},3C_20_80-01.txt,4.194,1.000,4.194,0,0.000,0.00,0.000,0.000,0.000
17,ec.gp.GPIndividual@587521748{753425794},3C_20_80-02.txt,35.738,1.000,35.738,0,0.000,0.00,0.000,0.000,0.000
17,ec.gp.GPIndividual@587521748{753425794},3C_20_80-03.txt,169.439,1.000,169.439,0,0.000,0.00,0.000,0.000,0.000
17,ec.gp.GPIndividual@1556322974{817334427},3C_20_50-02.txt,61.404,1.000,61.404,7,75.547,123.03,10.792,40.906,0.359
17,ec.gp.GPIndividual@1556322974{817334427},3C_20_80-01.txt,4.194,1.000,4.194,2,5.203,124.05,2.602,40.906,0.359
17,ec.gp.GPIndividual@1556322974{817334427},3C_20_50-03.txt,30.993,1.000,30.993,4,63.672,205.44,15.918,40.953,0.359
17,ec.gp.GPIndividual@1556322974{817334427},3C_20_66-02.txt,154.245,1.000,154.245,16,181.188,117.47,11.324,67.047,0.359
17,ec.gp.GPIndividual@1556322974{817334427},3C_20_80-02.txt,35.738,1.000,35.738,9,35.688,99.86,3.965,67.047,0.172
17,ec.gp.GPIndividual@1556322974{817334427},3C_20_66-01.txt,7.322,1.000,7.322,1,16.172,220.86,16.172,67.047,0.172
17,ec.gp.GPIndividual@1556322974{817334427},3C_20_80-02.txt,35.738,1.000,35.738,10,67.281,188.26,6.728,67.047,0.172
17,ec.gp.GPIndividual@1556322974{817334427},3C_20_66-03.txt,118.340,1.000,118.340,3,14.875,12.57,4.958,67.047,0.172
17,ec.gp.GPIndividual@1556322974{817334427},3C_20_80-03.txt,169.439,1.000,169.439,3,111.250,65.66,37.083,67.047,0.172
17,ec.gp.GPIndividual@1556322974{817334427},3C_20_50-03.txt,30.993,1.000,30.993,6,30.313,97.81,5.052,67.047,0.172
17,ec.gp.GPIndividual@2043174808{1743367120},3C_20_50-02.txt,61.404,1.000,61.404,3,15.484,25.22,5.161,11.094,0.359
17,ec.gp.GPIndividual@2043174808{1743367120},3C_20_66-01.txt,7.322,1.000,7.322,7,7.453,101.79,1.065,11.094,0.172
17,ec.gp.GPIndividual@2043174808{1743367120},3C_20_66-02.txt,154.245,1.000,154.245,12,174.734,113.28,14.561,49.203,0.172
17,ec.gp.GPIndividual@2043174808{1743367120},3C_20_80-02.txt,35.738,1.000,35.738,4,16.141,45.16,4.035,49.203,0.172
17,ec.gp.GPIndividual@2043174808{1743367120},3C_20_80-03.txt,169.439,1.000,169.439,7,189.906,112.08,27.129,56.828,0.172
17,ec.gp.GPIndividual@2043174808{1743367120},3C_20_80-01.txt,4.194,1.000,4.194,3,3.297,78.60,1.099,56.828,0.172
17,ec.gp.GPIndividual@2043174808{1743367120},3C_20_80-02.txt,35.738,1.000,35.738,7,27.172,76.03,3.882,56.828,0.172
17,ec.gp.GPIndividual@2043174808{1743367120},3C_20_50-03.txt,30.993,1.000,30.993,3,44.703,144.24,14.901,56.828,0.172
17,ec.gp.GPIndividual@2043174808{1743367120},3C_20_66-03.txt,118.340,1.000,118.340,1,9.813,8.29,9.813,56.828,0.172
17,ec.gp.GPIndividual@2043174808{1743367120},3C_20_80-03.txt,169.439,1.000,169.439,8,215.734,127.32,26.967,66.375,0.172
17,ec.gp.GPIndividual@620079628{228656900},3C_20_50-02.txt,61.404,1.000,61.404,1,0.516,0.84,0.516,0.516,0.516
17,ec.gp.GPIndividual@620079628{228656900},3C_20_50-03.txt,30.993,1.000,30.993,1,4.844,15.63,4.844,4.844,0.516
17,ec.gp.GPIndividual@620079628{228656900},3C_20_66-01.txt,7.322,1.000,7.322,1,0.906,12.38,0.906,4.844,0.516
17,ec.gp.GPIndividual@620079628{228656900},3C_20_66-02.txt,154.245,1.000,154.245,1,7.141,4.63,7.141,7.141,0.516
17,ec.gp.GPIndividual@620079628{228656900},3C_20_80-03.txt,169.439,1.000,169.439,1,2.922,1.72,2.922,7.141,0.516
17,ec.gp.GPIndividual@620079628{228656900},3C_20_66-03.txt,118.340,1.000,118.340,2,13.734,11.61,6.867,7.141,0.516
17,ec.gp.GPIndividual@620079628{228656900},3C_20_80-01.txt,4.194,1.000,4.194,1,1.641,39.11,1.641,7.141,0.516
17,ec.gp.GPIndividual@620079628{228656900},3C_20_80-02.txt,35.738,1.000,35.738,1,2.203,6.16,2.203,7.141,0.516
17,ec.gp.GPIndividual@620079628{228656900},3C_20_80-03.txt,169.439,1.000,169.439,2,32.953,19.45,16.477,26.500,0.516
17,ec.gp.GPIndividual@1998523194{63095259},3C_20_50-02.txt,61.404,1.000,61.404,5,45.578,74.23,9.116,37.438,0.531
17,ec.gp.GPIndividual@1998523194{63095259},3C_20_66-02.txt,154.245,1.000,154.245,9,183.875,119.21,20.431,58.172,0.531
17,ec.gp.GPIndividual@908952567{-83408373},3C_20_50-02.txt,61.404,1.000,61.404,6,28.750,46.82,4.792,14.719,0.328
17,ec.gp.GPIndividual@1740466637{-84762974},3C_20_50-02.txt,61.404,1.000,61.404,6,103.156,167.99,17.193,57.219,0.313
17,ec.gp.GPIndividual@1740466637{-84762974},3C_20_66-01.txt,7.322,1.000,7.322,1,38.531,526.23,38.531,57.219,0.313
17,ec.gp.GPIndividual@1740466637{-84762974},3C_20_80-01.txt,4.194,1.000,4.194,1,21.453,511.46,21.453,57.219,0.313
17,ec.gp.GPIndividual@1740466637{-84762974},3C_20_50-03.txt,30.993,1.000,30.993,8,31.453,101.49,3.932,57.219,0.313
17,ec.gp.GPIndividual@1740466637{-84762974},3C_20_66-01.txt,7.322,1.000,7.322,2,9.719,132.73,4.859,57.219,0.313
17,ec.gp.GPIndividual@1740466637{-84762974},3C_20_66-03.txt,118.340,1.000,118.340,4,7.000,5.92,1.750,57.219,0.313
17,ec.gp.GPIndividual@1740466637{-84762974},3C_20_50-03.txt,30.993,1.000,30.993,8,42.391,136.78,5.299,57.219,0.313
17,ec.gp.GPIndividual@1740466637{-84762974},3C_20_50-03.txt,30.993,1.000,30.993,8,30.203,97.45,3.775,57.219,0.313
17,ec.gp.GPIndividual@1740466637{-84762974},3C_20_66-02.txt,154.245,1.000,154.245,1,4.781,3.10,4.781,57.219,0.313
17,ec.gp.GPIndividual@1740466637{-84762974},3C_20_66-01.txt,7.322,1.000,7.322,4,15.000,204.86,3.750,57.219,0.313
17,ec.gp.GPIndividual@1740466637{-84762974},3C_20_80-01.txt,4.194,1.000,4.194,1,9.156,218.29,9.156,57.219,0.313
17,ec.gp.GPIndividual@1740466637{-84762974},3C_20_80-02.txt,35.738,1.000,35.738,21,35.844,100.30,1.707,57.219,0.172
17,ec.gp.GPIndividual@1740466637{-84762974},3C_20_80-02.txt,35.738,1.000,35.738,9,32.453,90.81,3.606,57.219,0.172
17,ec.gp.GPIndividual@1740466637{-84762974},3C_20_66-02.txt,154.245,1.000,154.245,5,27.203,17.64,5.441,57.219,0.172
17,ec.gp.GPIndividual@1740466637{-84762974},3C_20_80-03.txt,169.439,1.000,169.439,9,185.063,109.22,20.563,57.219,0.172
17,ec.gp.GPIndividual@1740466637{-84762974},3C_20_66-03.txt,118.340,1.000,118.340,4,122.875,103.83,30.719,57.219,0.172
17,ec.gp.GPIndividual@1740466637{-84762974},3C_20_80-01.txt,4.194,1.000,4.194,1,0.891,21.23,0.891,57.219,0.172
17,ec.gp.GPIndividual@1740466637{-84762974},3C_20_66-01.txt,7.322,1.000,7.322,3,63.313,864.67,21.104,61.016,0.172
17,ec.gp.GPIndividual@1740466637{-84762974},3C_20_80-03.txt,169.439,1.000,169.439,7,35.875,21.17,5.125,61.016,0.172
17,ec.gp.GPIndividual@178454048{925187170},3C_20_50-02.txt,61.404,1.000,61.404,4,62.328,101.50,15.582,49.188,0.438
17,ec.gp.GPIndividual@178454048{925187170},3C_20_66-02.txt,154.245,1.000,154.245,13,181.938,117.95,13.995,49.188,0.438
17,ec.gp.GPIndividual@178454048{925187170},3C_20_66-03.txt,118.340,1.000,118.340,4,28.578,24.15,7.145,49.188,0.438
17,ec.gp.GPIndividual@178454048{925187170},3C_20_80-01.txt,4.194,1.000,4.194,5,3.953,94.25,0.791,49.188,0.297
17,ec.gp.GPIndividual@178454048{925187170},3C_20_80-02.txt,35.738,1.000,35.738,2,59.109,165.40,29.555,57.266,0.297
17,ec.gp.GPIndividual@178454048{925187170},3C_20_50-03.txt,30.993,1.000,30.993,1,58.156,187.65,58.156,58.156,0.297
17,ec.gp.GPIndividual@178454048{925187170},3C_20_80-02.txt,35.738,1.000,35.738,13,38.609,108.03,2.970,58.156,0.297
17,ec.gp.GPIndividual@178454048{925187170},3C_20_80-03.txt,169.439,1.000,169.439,2,8.453,4.99,4.227,58.156,0.297
17,ec.gp.GPIndividual@178454048{925187170},3C_20_80-03.txt,169.439,1.000,169.439,7,151.375,89.34,21.625,58.156,0.297
17,ec.gp.GPIndividual@178454048{925187170},3C_20_66-02.txt,154.245,1.000,154.245,9,198.875,128.93,22.097,65.813,0.297
17,ec.gp.GPIndividual@1048450192{-1874818346},3C_20_50-02.txt,61.404,1.000,61.404,5,15.141,24.66,3.028,8.484,0.281
17,ec.gp.GPIndividual@123323239{-262149713},3C_20_50-02.txt,61.404,1.000,61.404,0,0.000,0.00,0.000,0.000,0.000
17,ec.gp.GPIndividual@123323239{-262149713},3C_20_50-03.txt,30.993,1.000,30.993,0,0.000,0.00,0.000,0.000,0.000
17,ec.gp.GPIndividual@123323239{-262149713},3C_20_66-01.txt,7.322,1.000,7.322,0,0.000,0.00,0.000,0.000,0.000
17,ec.gp.GPIndividual@123323239{-262149713},3C_20_66-02.txt,154.245,1.000,154.245,0,0.000,0.00,0.000,0.000,0.000
17,ec.gp.GPIndividual@123323239{-262149713},3C_20_66-03.txt,118.340,1.000,118.340,0,0.000,0.00,0.000,0.000,0.000
17,ec.gp.GPIndividual@123323239{-262149713},3C_20_80-01.txt,4.194,1.000,4.194,0,0.000,0.00,0.000,0.000,0.000
17,ec.gp.GPIndividual@123323239{-262149713},3C_20_80-02.txt,35.738,1.000,35.738,0,0.000,0.00,0.000,0.000,0.000
17,ec.gp.GPIndividual@123323239{-262149713},3C_20_80-03.txt,169.439,1.000,169.439,0,0.000,0.00,0.000,0.000,0.000
17,ec.gp.GPIndividual@2091463218{1589379642},3C_20_50-02.txt,61.404,1.000,61.404,7,54.281,88.40,7.754,36.719,0.234
17,ec.gp.GPIndividual@2091463218{1589379642},3C_20_66-03.txt,118.340,1.000,118.340,6,119.188,100.72,19.865,44.359,0.234
17,ec.gp.GPIndividual@2091463218{1589379642},3C_20_66-01.txt,7.322,1.000,7.322,1,66.391,906.71,66.391,66.391,0.234
17,ec.gp.GPIndividual@1935564283{-1175148513},3C_20_50-02.txt,61.404,1.000,61.404,12,60.000,97.71,5.000,36.031,0.250
17,ec.gp.GPIndividual@1935564283{-1175148513},3C_20_50-03.txt,30.993,1.000,30.993,1,2.703,8.72,2.703,36.031,0.250
17,ec.gp.GPIndividual@1935564283{-1175148513},3C_20_50-03.txt,30.993,1.000,30.993,5,32.641,105.32,6.528,36.031,0.250
17,ec.gp.GPIndividual@1935564283{-1175148513},3C_20_66-02.txt,154.245,1.000,154.245,13,162.297,105.22,12.484,50.953,0.250
17,ec.gp.GPIndividual@1935564283{-1175148513},3C_20_80-01.txt,4.194,1.000,4.194,1,34.781,829.21,34.781,50.953,0.250
17,ec.gp.GPIndividual@1935564283{-1175148513},3C_20_66-01.txt,7.322,1.000,7.322,9,7.172,97.95,0.797,50.953,0.109
17,ec.gp.GPIndividual@1935564283{-1175148513},3C_20_80-02.txt,35.738,1.000,35.738,1,40.672,113.81,40.672,50.953,0.109
17,ec.gp.GPIndividual@1935564283{-1175148513},3C_20_66-01.txt,7.322,1.000,7.322,8,8.641,118.01,1.080,50.953,0.109
17,ec.gp.GPIndividual@1935564283{-1175148513},3C_20_66-02.txt,154.245,1.000,154.245,14,162.906,105.62,11.636,50.953,0.109
17,ec.gp.GPIndividual@1935564283{-1175148513},3C_20_66-03.txt,118.340,1.000,118.340,7,115.094,97.26,16.442,60.078,0.109
17,ec.gp.GPIndividual@1935564283{-1175148513},3C_20_66-03.txt,118.340,1.000,118.340,5,62.656,52.95,12.531,60.078,0.109
17,ec.gp.GPIndividual@1935564283{-1175148513},3C_20_80-03.txt,169.439,1.000,169.439,6,85.578,50.51,14.263,60.078,0.109
17,ec.gp.GPIndividual@1935564283{-1175148513},3C_20_66-02.txt,154.245,1.000,154.245,9,143.906,93.30,15.990,64.266,0.109
17,ec.gp.GPIndividual@1891866767{752795136},3C_20_50-02.txt,61.404,1.000,61.404,5,54.547,88.83,10.909,49.734,0.203
17,ec.gp.GPIndividual@1891866767{752795136},3C_20_80-01.txt,4.194,1.000,4.194,5,3.766,89.78,0.753,49.734,0.203
17,ec.gp.GPIndividual@1891866767{752795136},3C_20_80-02.txt,35.738,1.000,35.738,2,36.922,103.31,18.461,49.734,0.203
17,ec.gp.GPIndividual@1891866767{752795136},3C_20_80-01.txt,4.194,1.000,4.194,3,21.375,509.60,7.125,49.734,0.203
17,ec.gp.GPIndividual@1891866767{752795136},3C_20_66-03.txt,118.340,1.000,118.340,14,138.766,117.26,9.912,49.734,0.203
17,ec.gp.GPIndividual@1891866767{752795136},3C_20_50-03.txt,30.993,1.000,30.993,1,45.844,147.92,45.844,49.734,0.203
17,ec.gp.GPIndividual@1891866767{752795136},3C_20_80-03.txt,169.439,1.000,169.439,2,7.344,4.33,3.672,49.734,0.203
17,ec.gp.GPIndividual@1891866767{752795136},3C_20_80-02.txt,35.738,1.000,35.738,10,36.453,102.00,3.645,49.734,0.203
17,ec.gp.GPIndividual@1891866767{752795136},3C_20_80-03.txt,169.439,1.000,169.439,1,0.219,0.13,0.219,49.734,0.203
17,ec.gp.GPIndividual@1891866767{752795136},3C_20_66-01.txt,7.322,1.000,7.322,2,4.063,55.48,2.031,49.734,0.203
17,ec.gp.GPIndividual@1891866767{752795136},3C_20_80-01.txt,4.194,1.000,4.194,6,4.078,97.23,0.680,49.734,0.203
17,ec.gp.GPIndividual@1891866767{752795136},3C_20_66-02.txt,154.245,1.000,154.245,15,122.734,79.57,8.182,51.281,0.203
17,ec.gp.GPIndividual@335831039{-1734291177},3C_20_50-02.txt,61.404,1.000,61.404,5,113.719,185.20,22.744,60.109,0.234
17,ec.gp.GPIndividual@1102825151{2089807627},3C_20_50-02.txt,61.404,1.000,61.404,0,0.000,0.00,0.000,0.000,0.000
17,ec.gp.GPIndividual@1102825151{2089807627},3C_20_50-03.txt,30.993,1.000,30.993,0,0.000,0.00,0.000,0.000,0.000
17,ec.gp.GPIndividual@1102825151{2089807627},3C_20_66-01.txt,7.322,1.000,7.322,0,0.000,0.00,0.000,0.000,0.000
17,ec.gp.GPIndividual@1102825151{2089807627},3C_20_66-02.txt,154.245,1.000,154.245,0,0.000,0.00,0.000,0.000,0.000
17,ec.gp.GPIndividual@1102825151{2089807627},3C_20_66-03.txt,118.340,1.000,118.340,0,0.000,0.00,0.000,0.000,0.000
17,ec.gp.GPIndividual@1102825151{2089807627},3C_20_80-01.txt,4.194,1.000,4.194,0,0.000,0.00,0.000,0.000,0.000
17,ec.gp.GPIndividual@1102825151{2089807627},3C_20_80-02.txt,35.738,1.000,35.738,0,0.000,0.00,0.000,0.000,0.000
17,ec.gp.GPIndividual@1102825151{2089807627},3C_20_80-03.txt,169.439,1.000,169.439,0,0.000,0.00,0.000,0.000,0.000
17,ec.gp.GPIndividual@655849116{-1823391903},3C_20_50-02.txt,61.404,1.000,61.404,2,4.453,7.25,2.227,4.266,0.188
17,ec.gp.GPIndividual@655849116{-1823391903},3C_20_80-02.txt,35.738,1.000,35.738,13,45.375,126.97,3.490,13.641,0.188
17,ec.gp.GPIndividual@655849116{-1823391903},3C_20_80-03.txt,169.439,1.000,169.439,1,0.234,0.14,0.234,13.641,0.188
17,ec.gp.GPIndividual@655849116{-1823391903},3C_20_50-03.txt,30.993,1.000,30.993,4,44.156,142.47,11.039,33.203,0.188
17,ec.gp.GPIndividual@655849116{-1823391903},3C_20_66-03.txt,118.340,1.000,118.340,6,33.000,27.89,5.500,33.203,0.188
17,ec.gp.GPIndividual@655849116{-1823391903},3C_20_50-03.txt,30.993,1.000,30.993,7,30.250,97.60,4.321,33.203,0.188
17,ec.gp.GPIndividual@655849116{-1823391903},3C_20_66-01.txt,7.322,1.000,7.322,3,9.078,123.98,3.026,33.203,0.188
17,ec.gp.GPIndividual@655849116{-1823391903},3C_20_66-01.txt,7.322,1.000,7.322,9,7.156,97.73,0.795,33.203,0.188
17,ec.gp.GPIndividual@655849116{-1823391903},3C_20_66-02.txt,154.245,1.000,154.245,8,73.328,47.54,9.166,40.938,0.188
17,ec.gp.GPIndividual@1586381898{-746144458},3C_20_50-02.txt,61.404,1.000,61.404,8,83.875,136.59,10.484,30.406,0.219
17,ec.gp.GPIndividual@1586381898{-746144458},3C_20_80-01.txt,4.194,1.000,4.194,4,4.297,102.44,1.074,30.406,0.109
17,ec.gp.GPIndividual@1586381898{-746144458},3C_20_80-02.txt,35.738,1.000,35.738,8,41.563,116.30,5.195,30.406,0.109
17,ec.gp.GPIndividual@1586381898{-746144458},3C_20_50-03.txt,30.993,1.000,30.993,1,7.266,23.44,7.266,30.406,0.109
17,ec.gp.GPIndividual@1586381898{-746144458},3C_20_66-02.txt,154.245,1.000,154.245,5,25.781,16.71,5.156,30.406,0.109
17,ec.gp.GPIndividual@1586381898{-746144458},3C_20_66-03.txt,118.340,1.000,118.340,12,119.406,100.90,9.951,30.406,0.109
17,ec.gp.GPIndividual@1586381898{-746144458},3C_20_66-03.txt,118.340,1.000,118.340,3,13.469,11.38,4.490,30.406,0.109
17,ec.gp.GPIndividual@1586381898{-746144458},3C_20_80-01.txt,4.194,1.000,4.194,3,60.516,1442.74,20.172,58.891,0.109
17,ec.gp.GPIndividual@1586381898{-746144458},3C_20_80-03.txt,169.439,1.000,169.439,9,126.531,74.68,14.059,58.891,0.109
17,ec.gp.GPIndividual@1586381898{-746144458},3C_20_66-01.txt,7.322,1.000,7.322,1,51.406,702.06,51.406,58.891,0.109
17,ec.gp.GPIndividual@796749043{160164148},3C_20_50-02.txt,61.404,1.000,61.404,5,83.313,135.68,16.663,50.000,0.219
17,ec.gp.GPIndividual@796749043{160164148},3C_20_80-02.txt,35.738,1.000,35.738,10,42.469,118.83,4.247,50.000,0.219
17,ec.gp.GPIndividual@796749043{160164148},3C_20_80-03.txt,169.439,1.000,169.439,10,179.750,106.09,17.975,54.906,0.219
17,ec.gp.GPIndividual@471386489{-670650111},3C_20_50-02.txt,61.404,1.000,61.404,4,61.688,100.46,15.422,58.938,0.234
17,ec.gp.GPIndividual@471386489{-670650111},3C_20_50-03.txt,30.993,1.000,30.993,6,29.125,93.97,4.854,58.938,0.234
17,ec.gp.GPIndividual@471386489{-670650111},3C_20_50-03.txt,30.993,1.000,30.993,2,17.484,56.41,8.742,58.938,0.234
17,ec.gp.GPIndividual@471386489{-670650111},3C_20_80-01.txt,4.194,1.000,4.194,4,4.750,113.24,1.188,58.938,0.234
17,ec.gp.GPIndividual@471386489{-670650111},3C_20_80-02.txt,35.738,1.000,35.738,1,0.188,0.52,0.188,58.938,0.188
17,ec.gp.GPIndividual@471386489{-670650111},3C_20_66-01.txt,7.322,1.000,7.322,9,7.344,100.29,0.816,58.938,0.188
17,ec.gp.GPIndividual@471386489{-670650111},3C_20_66-02.txt,154.245,1.000,154.245,14,159.109,103.15,11.365,58.938,0.188
17,ec.gp.GPIndividual@471386489{-670650111},3C_20_66-02.txt,154.245,1.000,154.245,8,156.859,101.70,19.607,61.188,0.188
17,ec.gp.GPIndividual@471386489{-670650111},3C_20_80-03.txt,169.439,1.000,169.439,2,2.906,1.72,1.453,61.188,0.188
17,ec.gp.GPIndividual@471386489{-670650111},3C_20_66-03.txt,118.340,1.000,118.340,7,112.156,94.77,16.022,61.188,0.188
17,ec.gp.GPIndividual@471386489{-670650111},3C_20_66-01.txt,7.322,1.000,7.322,2,7.641,104.35,3.820,61.188,0.188
17,ec.gp.GPIndividual@471386489{-670650111},3C_20_80-01.txt,4.194,1.000,4.194,6,4.297,102.44,0.716,61.188,0.109
17,ec.gp.GPIndividual@471386489{-670650111},3C_20_66-02.txt,154.245,1.000,154.245,15,153.703,99.65,10.247,61.188,0.109
17,ec.gp.GPIndividual@497562297{579862053},3C_20_50-02.txt,61.404,1.000,61.404,6,74.844,121.89,12.474,57.484,0.219
17,ec.gp.GPIndividual@497562297{579862053},3C_20_80-02.txt,35.738,1.000,35.738,1,49.109,137.41,49.109,57.484,0.219
17,ec.gp.GPIndividual@497562297{579862053},3C_20_66-03.txt,118.340,1.000,118.340,8,28.563,24.14,3.570,57.484,0.219
17,ec.gp.GPIndividual@497562297{579862053},3C_20_66-03.txt,118.340,1.000,118.340,6,129.094,109.09,21.516,57.484,0.219
17,ec.gp.GPIndividual@497562297{579862053},3C_20_80-01.txt,4.194,1.000,4.194,5,3.828,91.27,0.766,57.484,0.219
17,ec.gp.GPIndividual@497562297{579862053},3C_20_80-02.txt,35.738,1.000,35.738,6,48.906,136.85,8.151,57.484,0.219
17,ec.gp.GPIndividual@497562297{579862053},3C_20_50-03.txt,30.993,1.000,30.993,4,30.828,99.47,7.707,57.484,0.219
17,ec.gp.GPIndividual@497562297{579862053},3C_20_80-01.txt,4.194,1.000,4.194,4,4.203,100.21,1.051,57.484,0.109
17,ec.gp.GPIndividual@497562297{579862053},3C_20_80-02.txt,35.738,1.000,35.738,1,0.797,2.23,0.797,57.484,0.109
17,ec.gp.GPIndividual@497562297{579862053},3C_20_80-03.txt,169.439,1.000,169.439,1,0.375,0.22,0.375,57.484,0.109
17,ec.gp.GPIndividual@497562297{579862053},3C_20_66-01.txt,7.322,1.000,7.322,8,9.141,124.83,1.143,57.484,0.109
17,ec.gp.GPIndividual@497610372{-1638948710},3C_20_50-02.txt,61.404,1.000,61.404,4,13.125,21.37,3.281,11.531,0.203
17,ec.gp.GPIndividual@497610372{-1638948710},3C_20_80-03.txt,169.439,1.000,169.439,10,180.875,106.75,18.088,67.422,0.203
17,ec.gp.GPIndividual@497610372{-1638948710},3C_20_80-03.txt,169.439,1.000,169.439,1,64.969,38.34,64.969,67.422,0.203
17,ec.gp.GPIndividual@1479033709{1029335139},3C_20_50-02.txt,61.404,1.000,61.404,7,65.234,106.24,9.319,35.344,0.203
17,ec.gp.GPIndividual@1479033709{1029335139},3C_20_50-03.txt,30.993,1.000,30.993,1,12.719,41.04,12.719,35.344,0.203
17,ec.gp.GPIndividual@1479033709{1029335139},3C_20_66-02.txt,154.245,1.000,154.245,14,148.922,96.55,10.637,41.609,0.203
17,ec.gp.GPIndividual@1479033709{1029335139},3C_20_50-03.txt,30.993,1.000,30.993,3,73.375,236.75,24.458,50.578,0.203
17,ec.gp.GPIndividual@218995115{36159154},3C_20_50-02.txt,61.404,1.000,61.404,11,68.188,111.05,6.199,31.063,0.219
17,ec.gp.GPIndividual@218995115{36159154},3C_20_66-01.txt,7.322,1.000,7.322,1,0.469,6.40,0.469,31.063,0.219
17,ec.gp.GPIndividual@218995115{36159154},3C_20_50-03.txt,30.993,1.000,30.993,8,32.859,106.02,4.107,31.063,0.219
17,ec.gp.GPIndividual@218995115{36159154},3C_20_66-03.txt,118.340,1.000,118.340,13,114.297,96.58,8.792,31.063,0.219
17,ec.gp.GPIndividual@218995115{36159154},3C_20_80-01.txt,4.194,1.000,4.194,2,16.438,391.88,8.219,31.063,0.219
17,ec.gp.GPIndividual@218995115{36159154},3C_20_66-02.txt,154.245,1.000,154.245,13,71.578,46.41,5.506,31.063,0.219
17,ec.gp.GPIndividual@218995115{36159154},3C_20_66-01.txt,7.322,1.000,7.322,9,7.203,98.37,0.800,31.063,0.109
17,ec.gp.GPIndividual@218995115{36159154},3C_20_66-02.txt,154.245,1.000,154.245,9,92.813,60.17,10.313,38.875,0.109
17,ec.gp.GPIndividual@218995115{36159154},3C_20_66-01.txt,7.322,1.000,7.322,6,5.922,80.88,0.987,38.875,0.109
17,ec.gp.GPIndividual@218995115{36159154},3C_20_66-02.txt,154.245,1.000,154.245,8,105.719,68.54,13.215,61.531,0.109
17,ec.gp.GPIndividual@218995115{36159154},3C_20_80-02.txt,35.738,1.000,35.738,8,33.875,94.79,4.234,61.531,0.109
17,ec.gp.GPIndividual@218995115{36159154},3C_20_66-03.txt,118.340,1.000,118.340,8,117.625,99.40,14.703,61.531,0.109
17,ec.gp.GPIndividual@218995115{36159154},3C_20_66-03.txt,118.340,1.000,118.340,5,94.313,79.70,18.863,61.531,0.109
17,ec.gp.GPIndividual@218995115{36159154},3C_20_80-03.txt,169.439,1.000,169.439,6,152.938,90.26,25.490,61.531,0.109
17,ec.gp.GPIndividual@218995115{36159154},3C_20_66-03.txt,118.340,1.000,118.340,5,134.313,113.50,26.863,66.422,0.109
17,ec.gp.GPIndividual@37309872{-1031375283},3C_20_50-02.txt,61.404,1.000,61.404,5,38.906,63.36,7.781,35.781,0.156
17,ec.gp.GPIndividual@37309872{-1031375283},3C_20_80-03.txt,169.439,1.000,169.439,5,126.625,74.73,25.325,66.828,0.156
17,ec.gp.GPIndividual@281224660{-748200337},3C_20_50-02.txt,61.404,1.000,61.404,6,61.000,99.34,10.167,57.453,0.156
17,ec.gp.GPIndividual@1415035556{1448172994},3C_20_50-02.txt,61.404,1.000,61.404,8,98.859,161.00,12.357,43.906,0.172
17,ec.gp.GPIndividual@1415035556{1448172994},3C_20_50-03.txt,30.993,1.000,30.993,4,15.938,51.42,3.984,43.906,0.172
17,ec.gp.GPIndividual@1415035556{1448172994},3C_20_50-03.txt,30.993,1.000,30.993,4,19.359,62.46,4.840,43.906,0.172
17,ec.gp.GPIndividual@1415035556{1448172994},3C_20_50-03.txt,30.993,1.000,30.993,8,30.969,99.92,3.871,43.906,0.078
17,ec.gp.GPIndividual@1415035556{1448172994},3C_20_66-01.txt,7.322,1.000,7.322,4,12.563,171.57,3.141,43.906,0.078
17,ec.gp.GPIndividual@1415035556{1448172994},3C_20_66-01.txt,7.322,1.000,7.322,5,4.328,59.11,0.866,43.906,0.078
17,ec.gp.GPIndividual@1415035556{1448172994},3C_20_66-01.txt,7.322,1.000,7.322,10,7.375,100.72,0.738,43.906,0.078
17,ec.gp.GPIndividual@1415035556{1448172994},3C_20_66-02.txt,154.245,1.000,154.245,1,0.313,0.20,0.313,43.906,0.078
17,ec.gp.GPIndividual@1415035556{1448172994},3C_20_66-02.txt,154.245,1.000,154.245,21,151.547,98.25,7.217,43.906,0.078
17,ec.gp.GPIndividual@1415035556{1448172994},3C_20_66-03.txt,118.340,1.000,118.340,4,47.906,40.48,11.977,43.906,0.078
17,ec.gp.GPIndividual@1415035556{1448172994},3C_20_66-03.txt,118.340,1.000,118.340,7,120.719,102.01,17.246,43.906,0.078
17,ec.gp.GPIndividual@1415035556{1448172994},3C_20_80-01.txt,4.194,1.000,4.194,3,17.406,414.98,5.802,43.906,0.078
17,ec.gp.GPIndividual@1415035556{1448172994},3C_20_66-02.txt,154.245,1.000,154.245,15,159.984,103.72,10.666,57.094,0.078
17,ec.gp.GPIndividual@1415035556{1448172994},3C_20_80-02.txt,35.738,1.000,35.738,6,43.000,120.32,7.167,57.094,0.078
17,ec.gp.GPIndividual@1415035556{1448172994},3C_20_66-03.txt,118.340,1.000,118.340,7,131.922,111.48,18.846,57.094,0.078
17,ec.gp.GPIndividual@1415035556{1448172994},3C_20_80-03.txt,169.439,1.000,169.439,3,35.656,21.04,11.885,57.094,0.078
17,ec.gp.GPIndividual@1415035556{1448172994},3C_20_80-01.txt,4.194,1.000,4.194,5,3.563,84.93,0.713,57.094,0.078
17,ec.gp.GPIndividual@1415035556{1448172994},3C_20_80-02.txt,35.738,1.000,35.738,7,24.219,67.77,3.460,57.094,0.078
17,ec.gp.GPIndividual@1415035556{1448172994},3C_20_80-03.txt,169.439,1.000,169.439,4,139.828,82.52,34.957,59.188,0.078
17,ec.gp.GPIndividual@2083045539{-1339799478},3C_20_50-02.txt,61.404,1.000,61.404,7,31.359,51.07,4.480,20.063,0.063
17,ec.gp.GPIndividual@2083045539{-1339799478},3C_20_50-03.txt,30.993,1.000,30.993,5,14.219,45.88,2.844,20.063,0.063
17,ec.gp.GPIndividual@2083045539{-1339799478},3C_20_66-01.txt,7.322,1.000,7.322,5,3.328,45.45,0.666,20.063,0.063
17,ec.gp.GPIndividual@2083045539{-1339799478},3C_20_66-02.txt,154.245,1.000,154.245,9,78.734,51.05,8.748,50.375,0.063
17,ec.gp.GPIndividual@2083045539{-1339799478},3C_20_66-03.txt,118.340,1.000,118.340,6,67.594,57.12,11.266,50.375,0.063
17,ec.gp.GPIndividual@2083045539{-1339799478},3C_20_80-01.txt,4.194,1.000,4.194,5,2.375,56.62,0.475,50.375,0.063
17,ec.gp.GPIndividual@2083045539{-1339799478},3C_20_80-02.txt,35.738,1.000,35.738,13,24.641,68.95,1.895,50.375,0.063
17,ec.gp.GPIndividual@2083045539{-1339799478},3C_20_80-03.txt,169.439,1.000,169.439,2,68.250,40.28,34.125,67.484,0.063
18,ec.gp.GPIndividual@955658529{-1031375283},3C_20_50-02.txt,61.404,1.000,61.404,0,0.000,0.00,0.000,0.000,0.000
18,ec.gp.GPIndividual@955658529{-1031375283},3C_20_50-03.txt,30.993,1.000,30.993,0,0.000,0.00,0.000,0.000,0.000
18,ec.gp.GPIndividual@955658529{-1031375283},3C_20_66-01.txt,7.322,1.000,7.322,0,0.000,0.00,0.000,0.000,0.000
18,ec.gp.GPIndividual@955658529{-1031375283},3C_20_66-02.txt,154.245,1.000,154.245,0,0.000,0.00,0.000,0.000,0.000
18,ec.gp.GPIndividual@955658529{-1031375283},3C_20_66-03.txt,118.340,1.000,118.340,0,0.000,0.00,0.000,0.000,0.000
18,ec.gp.GPIndividual@955658529{-1031375283},3C_20_80-01.txt,4.194,1.000,4.194,0,0.000,0.00,0.000,0.000,0.000
18,ec.gp.GPIndividual@955658529{-1031375283},3C_20_80-02.txt,35.738,1.000,35.738,0,0.000,0.00,0.000,0.000,0.000
18,ec.gp.GPIndividual@955658529{-1031375283},3C_20_80-03.txt,169.439,1.000,169.439,0,0.000,0.00,0.000,0.000,0.000
18,ec.gp.GPIndividual@1150232917{752795136},3C_20_50-02.txt,61.404,1.000,61.404,1,0.188,0.31,0.188,0.188,0.188
18,ec.gp.GPIndividual@1150232917{752795136},3C_20_50-03.txt,30.993,1.000,30.993,3,1.031,3.33,0.344,0.344,0.188
18,ec.gp.GPIndividual@1150232917{752795136},3C_20_50-03.txt,30.993,1.000,30.993,8,14.344,46.28,1.793,4.156,0.188
18,ec.gp.GPIndividual@1150232917{752795136},3C_20_66-01.txt,7.322,1.000,7.322,2,6.813,93.04,3.406,4.297,0.188
18,ec.gp.GPIndividual@1150232917{752795136},3C_20_66-01.txt,7.322,1.000,7.322,4,6.359,86.85,1.590,4.297,0.188
18,ec.gp.GPIndividual@1150232917{752795136},3C_20_66-02.txt,154.245,1.000,154.245,1,0.938,0.61,0.938,4.297,0.188
18,ec.gp.GPIndividual@1150232917{752795136},3C_20_66-02.txt,154.245,1.000,154.245,4,2.281,1.48,0.570,4.297,0.188
18,ec.gp.GPIndividual@1150232917{752795136},3C_20_50-03.txt,30.993,1.000,30.993,3,7.016,22.64,2.339,4.297,0.188
18,ec.gp.GPIndividual@1150232917{752795136},3C_20_66-03.txt,118.340,1.000,118.340,1,2.406,2.03,2.406,4.297,0.188
18,ec.gp.GPIndividual@1150232917{752795136},3C_20_66-03.txt,118.340,1.000,118.340,4,16.125,13.63,4.031,6.641,0.188
18,ec.gp.GPIndividual@1150232917{752795136},3C_20_80-01.txt,4.194,1.000,4.194,1,6.453,153.85,6.453,6.641,0.188
18,ec.gp.GPIndividual@1150232917{752795136},3C_20_80-01.txt,4.194,1.000,4.194,1,1.438,34.27,1.438,6.641,0.188
18,ec.gp.GPIndividual@1150232917{752795136},3C_20_80-02.txt,35.738,1.000,35.738,1,1.453,4.07,1.453,6.641,0.188
18,ec.gp.GPIndividual@1150232917{752795136},3C_20_80-02.txt,35.738,1.000,35.738,3,19.953,55.83,6.651,10.625,0.188
18,ec.gp.GPIndividual@1150232917{752795136},3C_20_80-03.txt,169.439,1.000,169.439,1,2.344,1.38,2.344,10.625,0.188
18,ec.gp.GPIndividual@1150232917{752795136},3C_20_80-03.txt,169.439,1.000,169.439,1,6.125,3.61,6.125,10.625,0.188
18,ec.gp.GPIndividual@1767041123{-639956705},3C_20_50-02.txt,61.404,1.000,61.404,1,6.781,11.04,6.781,6.781,6.781
18,ec.gp.GPIndividual@1551233189{-791952684},3C_20_50-02.txt,61.404,1.000,61.404,2,7.813,12.72,3.906,7.313,0.500
18,ec.gp.GPIndividual@1551233189{-791952684},3C_20_50-03.txt,30.993,1.000,30.993,5,19.516,62.97,3.903,10.141,0.266
18,ec.gp.GPIndividual@1551233189{-791952684},3C_20_66-01.txt,7.322,1.000,7.322,1,1.109,15.15,1.109,10.141,0.266
18,ec.gp.GPIndividual@1551233189{-791952684},3C_20_66-02.txt,154.245,1.000,154.245,2,5.344,3.46,2.672,10.141,0.266
18,ec.gp.GPIndividual@1551233189{-791952684},3C_20_66-03.txt,118.340,1.000,118.340,2,17.344,14.66,8.672,10.141,0.266
18,ec.gp.GPIndividual@1551233189{-791952684},3C_20_50-03.txt,30.993,1.000,30.993,2,10.484,33.83,5.242,10.141,0.266
18,ec.gp.GPIndividual@1551233189{-791952684},3C_20_80-01.txt,4.194,1.000,4.194,1,1.500,35.76,1.500,10.141,0.266
18,ec.gp.GPIndividual@1551233189{-791952684},3C_20_80-02.txt,35.738,1.000,35.738,1,2.031,5.68,2.031,10.141,0.266
18,ec.gp.GPIndividual@1551233189{-791952684},3C_20_80-03.txt,169.439,1.000,169.439,2,13.891,8.20,6.945,10.141,0.266
18,ec.gp.GPIndividual@1814395363{-1627422520},3C_20_50-02.txt,61.404,1.000,61.404,5,96.625,157.36,19.325,46.453,0.531
18,ec.gp.GPIndividual@1814395363{-1627422520},3C_20_50-03.txt,30.993,1.000,30.993,3,16.656,53.74,5.552,46.453,0.531
18,ec.gp.GPIndividual@1814395363{-1627422520},3C_20_50-03.txt,30.993,1.000,30.993,2,31.609,101.99,15.805,46.453,0.531
18,ec.gp.GPIndividual@1814395363{-1627422520},3C_20_66-01.txt,7.322,1.000,7.322,4,7.781,106.27,1.945,46.453,0.531
18,ec.gp.GPIndividual@1814395363{-1627422520},3C_20_66-01.txt,7.322,1.000,7.322,1,0.516,7.04,0.516,46.453,0.516
18,ec.gp.GPIndividual@1814395363{-1627422520},3C_20_66-02.txt,154.245,1.000,154.245,17,168.500,109.24,9.912,60.625,0.516
18,ec.gp.GPIndividual@1814395363{-1627422520},3C_20_66-01.txt,7.322,1.000,7.322,4,9.172,125.26,2.293,60.625,0.516
18,ec.gp.GPIndividual@1814395363{-1627422520},3C_20_50-03.txt,30.993,1.000,30.993,4,51.250,165.36,12.813,60.625,0.516
18,ec.gp.GPIndividual@1814395363{-1627422520},3C_20_66-02.txt,154.245,1.000,154.245,9,131.719,85.40,14.635,60.625,0.516
18,ec.gp.GPIndividual@1814395363{-1627422520},3C_20_50-03.txt,30.993,1.000,30.993,1,32.641,105.32,32.641,60.625,0.516
18,ec.gp.GPIndividual@1814395363{-1627422520},3C_20_66-01.txt,7.322,1.000,7.322,6,16.438,224.49,2.740,60.625,0.156
18,ec.gp.GPIndividual@1814395363{-1627422520},3C_20_66-01.txt,7.322,1.000,7.322,2,1.734,23.69,0.867,60.625,0.141
18,ec.gp.GPIndividual@1814395363{-1627422520},3C_20_66-01.txt,7.322,1.000,7.322,6,8.188,111.82,1.365,60.625,0.141
18,ec.gp.GPIndividual@1814395363{-1627422520},3C_20_66-02.txt,154.245,1.000,154.245,14,38.375,24.88,2.741,60.625,0.141
18,ec.gp.GPIndividual@1814395363{-1627422520},3C_20_66-02.txt,154.245,1.000,154.245,10,170.547,110.57,17.055,60.625,0.141
18,ec.gp.GPIndividual@1814395363{-1627422520},3C_20_66-02.txt,154.245,1.000,154.245,12,189.281,122.71,15.773,60.625,0.141
18,ec.gp.GPIndividual@1814395363{-1627422520},3C_20_66-03.txt,118.340,1.000,118.340,4,38.094,32.19,9.523,60.625,0.141
18,ec.gp.GPIndividual@1814395363{-1627422520},3C_20_66-02.txt,154.245,1.000,154.245,4,54.813,35.54,13.703,60.625,0.141
18,ec.gp.GPIndividual@1814395363{-1627422520},3C_20_66-03.txt,118.340,1.000,118.340,9,141.813,119.84,15.757,60.625,0.141
18,ec.gp.GPIndividual@1814395363{-1627422520},3C_20_80-01.txt,4.194,1.000,4.194,2,32.297,769.98,16.148,60.625,0.141
18,ec.gp.GPIndividual@1814395363{-1627422520},3C_20_66-03.txt,118.340,1.000,118.340,12,155.000,130.98,12.917,60.625,0.141
18,ec.gp.GPIndividual@1814395363{-1627422520},3C_20_66-03.txt,118.340,1.000,118.340,6,66.469,56.17,11.078,60.625,0.141
18,ec.gp.GPIndividual@1814395363{-1627422520},3C_20_66-03.txt,118.340,1.000,118.340,6,135.984,114.91,22.664,60.625,0.141
18,ec.gp.GPIndividual@1814395363{-1627422520},3C_20_80-02.txt,35.738,1.000,35.738,2,72.344,202.43,36.172,60.625,0.141
18,ec.gp.GPIndividual@1814395363{-1627422520},3C_20_66-03.txt,118.340,1.000,118.340,8,71.250,60.21,8.906,60.625,0.141
18,ec.gp.GPIndividual@1814395363{-1627422520},3C_20_80-01.txt,4.194,1.000,4.194,1,5.984,142.67,5.984,60.625,0.141
18,ec.gp.GPIndividual@1814395363{-1627422520},3C_20_80-01.txt,4.194,1.000,4.194,3,4.297,102.44,1.432,60.625,0.141
18,ec.gp.GPIndividual@1814395363{-1627422520},3C_20_80-02.txt,35.738,1.000,35.738,2,1.938,5.42,0.969,60.625,0.141
18,ec.gp.GPIndividual@1814395363{-1627422520},3C_20_80-03.txt,169.439,1.000,169.439,14,123.578,72.93,8.827,60.625,0.141
18,ec.gp.GPIndividual@1814395363{-1627422520},3C_20_80-01.txt,4.194,1.000,4.194,4,3.688,87.91,0.922,60.625,0.141
18,ec.gp.GPIndividual@1814395363{-1627422520},3C_20_80-02.txt,35.738,1.000,35.738,8,59.344,166.05,7.418,60.625,0.141
18,ec.gp.GPIndividual@1814395363{-1627422520},3C_20_80-01.txt,4.194,1.000,4.194,2,5.625,134.10,2.813,60.625,0.141
18,ec.gp.GPIndividual@1814395363{-1627422520},3C_20_80-03.txt,169.439,1.000,169.439,5,169.656,100.13,33.931,60.625,0.141
18,ec.gp.GPIndividual@1814395363{-1627422520},3C_20_80-01.txt,4.194,1.000,4.194,1,57.000,1358.93,57.000,60.625,0.141
18,ec.gp.GPIndividual@1814395363{-1627422520},3C_20_80-02.txt,35.738,1.000,35.738,16,36.141,101.13,2.259,60.625,0.141
18,ec.gp.GPIndividual@1814395363{-1627422520},3C_20_80-02.txt,35.738,1.000,35.738,2,3.438,9.62,1.719,60.625,0.141
18,ec.gp.GPIndividual@1814395363{-1627422520},3C_20_80-03.txt,169.439,1.000,169.439,7,38.688,22.83,5.527,60.625,0.141
18,ec.gp.GPIndividual@1814395363{-1627422520},3C_20_80-03.txt,169.439,1.000,169.439,6,75.641,44.64,12.607,60.625,0.141
18,ec.gp.GPIndividual@1965523052{1055319095},3C_20_50-02.txt,61.404,1.000,61.404,2,2.375,3.87,1.188,1.844,0.531
18,ec.gp.GPIndividual@1965523052{1055319095},3C_20_50-03.txt,30.993,1.000,30.993,2,11.938,38.52,5.969,7.391,0.531
18,ec.gp.GPIndividual@1965523052{1055319095},3C_20_66-01.txt,7.322,1.000,7.322,2,2.609,35.64,1.305,7.391,0.531
18,ec.gp.GPIndividual@1965523052{1055319095},3C_20_66-02.txt,154.245,1.000,154.245,2,4.000,2.59,2.000,7.391,0.531
18,ec.gp.GPIndividual@1965523052{1055319095},3C_20_66-03.txt,118.340,1.000,118.340,2,10.297,8.70,5.148,7.391,0.531
18,ec.gp.GPIndividual@1965523052{1055319095},3C_20_80-01.txt,4.194,1.000,4.194,2,2.578,61.46,1.289,7.391,0.531
18,ec.gp.GPIndividual@1965523052{1055319095},3C_20_80-02.txt,35.738,1.000,35.738,2,68.750,192.37,34.375,66.359,0.531
18,ec.gp.GPIndividual@1965523052{1055319095},3C_20_80-02.txt,35.738,1.000,35.738,1,1.297,3.63,1.297,66.359,0.531
18,ec.gp.GPIndividual@1965523052{1055319095},3C_20_80-03.txt,169.439,1.000,169.439,8,204.469,120.67,25.559,66.359,0.531
18,ec.gp.GPIndividual@512304014{1802896329},3C_20_50-02.txt,61.404,1.000,61.404,5,61.672,100.44,12.334,54.969,0.359
18,ec.gp.GPIndividual@745671059{-579217996},3C_20_50-02.txt,61.404,1.000,61.404,2,1.609,2.62,0.805,1.078,0.531
18,ec.gp.GPIndividual@745671059{-579217996},3C_20_50-03.txt,30.993,1.000,30.993,6,24.438,78.85,4.073,11.641,0.531
18,ec.gp.GPIndividual@802133764{-334559677},3C_20_50-02.txt,61.404,1.000,61.404,2,15.094,24.58,7.547,14.563,0.531
18,ec.gp.GPIndividual@802133764{-334559677},3C_20_80-03.txt,169.439,1.000,169.439,3,20.828,12.29,6.943,14.563,0.531
18,ec.gp.GPIndividual@802133764{-334559677},3C_20_80-03.txt,169.439,1.000,169.439,8,80.094,47.27,10.012,40.359,0.531
18,ec.gp.GPIndividual@1790486387{-291264733},3C_20_50-02.txt,61.404,1.000,61.404,6,89.328,145.48,14.888,59.984,0.516
18,ec.gp.GPIndividual@1790486387{-291264733},3C_20_50-03.txt,30.993,1.000,30.993,1,57.359,185.07,57.359,59.984,0.516
18,ec.gp.GPIndividual@1306173131{106964635},3C_20_50-02.txt,61.404,1.000,61.404,2,74.078,120.64,37.039,61.219,12.859
18,ec.gp.GPIndividual@1507276629{-1031375283},3C_20_50-02.txt,61.404,1.000,61.404,2,52.516,85.52,26.258,52.031,0.484
18,ec.gp.GPIndividual@1507276629{-1031375283},3C_20_66-01.txt,7.322,1.000,7.322,4,67.672,924.20,16.918,63.891,0.484
18,ec.gp.GPIndividual@1507276629{-1031375283},3C_20_50-03.txt,30.993,1.000,30.993,11,31.016,100.07,2.820,63.891,0.484
18,ec.gp.GPIndividual@1507276629{-1031375283},3C_20_66-01.txt,7.322,1.000,7.322,4,13.641,186.29,3.410,63.891,0.484
18,ec.gp.GPIndividual@1507276629{-1031375283},3C_20_66-01.txt,7.322,1.000,7.322,3,9.922,135.50,3.307,63.891,0.484
18,ec.gp.GPIndividual@1507276629{-1031375283},3C_20_66-02.txt,154.245,1.000,154.245,2,3.328,2.16,1.664,63.891,0.484
18,ec.gp.GPIndividual@1507276629{-1031375283},3C_20_50-03.txt,30.993,1.000,30.993,3,6.125,19.76,2.042,63.891,0.484
18,ec.gp.GPIndividual@1507276629{-1031375283},3C_20_50-03.txt,30.993,1.000,30.993,9,34.297,110.66,3.811,63.891,0.484
18,ec.gp.GPIndividual@1507276629{-1031375283},3C_20_50-03.txt,30.993,1.000,30.993,7,37.984,122.56,5.426,63.891,0.484
18,ec.gp.GPIndividual@1507276629{-1031375283},3C_20_66-02.txt,154.245,1.000,154.245,2,8.203,5.32,4.102,63.891,0.484
18,ec.gp.GPIndividual@1507276629{-1031375283},3C_20_66-02.txt,154.245,1.000,154.245,2,7.109,4.61,3.555,63.891,0.484
18,ec.gp.GPIndividual@1507276629{-1031375283},3C_20_66-01.txt,7.322,1.000,7.322,4,14.531,198.46,3.633,63.891,0.484
18,ec.gp.GPIndividual@1507276629{-1031375283},3C_20_66-03.txt,118.340,1.000,118.340,20,121.188,102.41,6.059,63.891,0.484
18,ec.gp.GPIndividual@1507276629{-1031375283},3C_20_66-01.txt,7.322,1.000,7.322,2,36.281,495.50,18.141,63.891,0.484
18,ec.gp.GPIndividual@1507276629{-1031375283},3C_20_66-02.txt,154.245,1.000,154.245,7,108.953,70.64,15.565,63.891,0.484
18,ec.gp.GPIndividual@1507276629{-1031375283},3C_20_80-01.txt,4.194,1.000,4.194,4,5.016,119.58,1.254,63.891,0.484
18,ec.gp.GPIndividual@1507276629{-1031375283},3C_20_80-02.txt,35.738,1.000,35.738,9,24.594,68.82,2.733,63.891,0.313
18,ec.gp.GPIndividual@1507276629{-1031375283},3C_20_66-02.txt,154.245,1.000,154.245,2,21.000,13.61,10.500,63.891,0.313
18,ec.gp.GPIndividual@1507276629{-1031375283},3C_20_80-03.txt,169.439,1.000,169.439,9,78.453,46.30,8.717,63.891,0.313
18,ec.gp.GPIndividual@1507276629{-1031375283},3C_20_66-03.txt,118.340,1.000,118.340,8,136.047,114.96,17.006,63.891,0.313
18,ec.gp.GPIndividual@1507276629{-1031375283},3C_20_66-03.txt,118.340,1.000,118.340,5,106.734,90.19,21.347,63.891,0.313
18,ec.gp.GPIndividual@1507276629{-1031375283},3C_20_66-01.txt,7.322,1.000,7.322,2,39.031,533.05,19.516,63.891,0.313
18,ec.gp.GPIndividual@1452652834{-2138589850},3C_20_50-02.txt,61.404,1.000,61.404,10,60.875,99.14,6.088,41.500,0.359
18,ec.gp.GPIndividual@1452652834{-2138589850},3C_20_80-01.txt,4.194,1.000,4.194,1,5.406,128.89,5.406,41.500,0.359
18,ec.gp.GPIndividual@1452652834{-2138589850},3C_20_66-02.txt,154.245,1.000,154.245,19,152.344,98.77,8.018,41.500,0.359
18,ec.gp.GPIndividual@1452652834{-2138589850},3C_20_80-02.txt,35.738,1.000,35.738,3,11.859,33.18,3.953,41.500,0.359
18,ec.gp.GPIndividual@1452652834{-2138589850},3C_20_66-03.txt,118.340,1.000,118.340,9,134.453,113.62,14.939,41.906,0.359
18,ec.gp.GPIndividual@1452652834{-2138589850},3C_20_66-03.txt,118.340,1.000,118.340,8,111.594,94.30,13.949,60.063,0.000
18,ec.gp.GPIndividual@1452652834{-2138589850},3C_20_50-03.txt,30.993,1.000,30.993,2,37.891,122.26,18.945,60.063,0.000
18,ec.gp.GPIndividual@1452652834{-2138589850},3C_20_80-03.txt,169.439,1.000,169.439,9,167.063,98.60,18.563,60.063,0.000
18,ec.gp.GPIndividual@1452652834{-2138589850},3C_20_80-01.txt,4.194,1.000,4.194,3,3.422,81.58,1.141,60.063,0.000
18,ec.gp.GPIndividual@1452652834{-2138589850},3C_20_80-02.txt,35.738,1.000,35.738,6,35.813,100.21,5.969,60.063,0.000
18,ec.gp.GPIndividual@1452652834{-2138589850},3C_20_80-03.txt,169.439,1.000,169.439,3,0.656,0.39,0.219,60.063,0.000
18,ec.gp.GPIndividual@1452652834{-2138589850},3C_20_66-01.txt,7.322,1.000,7.322,3,21.063,287.65,7.021,60.063,0.000
18,ec.gp.GPIndividual@1452652834{-2138589850},3C_20_80-01.txt,4.194,1.000,4.194,4,9.750,232.45,2.438,60.063,0.000
18,ec.gp.GPIndividual@1724132193{240414029},3C_20_50-02.txt,61.404,1.000,61.404,11,50.563,82.34,4.597,34.359,0.156
18,ec.gp.GPIndividual@1724132193{240414029},3C_20_66-03.txt,118.340,1.000,118.340,4,58.672,49.58,14.668,47.297,0.156
18,ec.gp.GPIndividual@1724132193{240414029},3C_20_80-01.txt,4.194,1.000,4.194,3,6.250,149.01,2.083,47.297,0.156
18,ec.gp.GPIndividual@1724132193{240414029},3C_20_80-01.txt,4.194,1.000,4.194,1,0.703,16.76,0.703,47.297,0.156
18,ec.gp.GPIndividual@1724132193{240414029},3C_20_80-02.txt,35.738,1.000,35.738,5,68.859,192.68,13.772,62.109,0.156
18,ec.gp.GPIndividual@456370074{-1116145239},3C_20_50-02.txt,61.404,1.000,61.404,11,58.375,95.07,5.307,22.922,0.344
18,ec.gp.GPIndividual@456370074{-1116145239},3C_20_50-03.txt,30.993,1.000,30.993,4,15.328,49.46,3.832,22.922,0.344
18,ec.gp.GPIndividual@456370074{-1116145239},3C_20_50-03.txt,30.993,1.000,30.993,4,34.141,110.16,8.535,22.922,0.344
18,ec.gp.GPIndividual@456370074{-1116145239},3C_20_80-03.txt,169.439,1.000,169.439,4,11.953,7.05,2.988,22.922,0.000
18,ec.gp.GPIndividual@456370074{-1116145239},3C_20_66-02.txt,154.245,1.000,154.245,14,171.203,110.99,12.229,45.563,0.000
18,ec.gp.GPIndividual@456370074{-1116145239},3C_20_80-02.txt,35.738,1.000,35.738,8,70.922,198.45,8.865,45.563,0.000
18,ec.gp.GPIndividual@456370074{-1116145239},3C_20_66-03.txt,118.340,1.000,118.340,1,3.859,3.26,3.859,45.563,0.000
18,ec.gp.GPIndividual@456370074{-1116145239},3C_20_66-01.txt,7.322,1.000,7.322,2,14.234,194.40,7.117,45.563,0.000
18,ec.gp.GPIndividual@456370074{-1116145239},3C_20_66-01.txt,7.322,1.000,7.322,3,54.219,740.47,18.073,51.656,0.000
18,ec.gp.GPIndividual@1475583798{1975452402},3C_20_50-02.txt,61.404,1.000,61.404,3,4.000,6.51,1.333,1.969,0.359
18,ec.gp.GPIndividual@1475583798{1975452402},3C_20_66-02.txt,154.245,1.000,154.245,14,168.734,109.39,12.052,64.250,0.359
18,ec.gp.GPIndividual@1475583798{1975452402},3C_20_80-02.txt,35.738,1.000,35.738,8,68.875,192.72,8.609,64.250,0.359
18,ec.gp.GPIndividual@1475583798{1975452402},3C_20_66-02.txt,154.245,1.000,154.245,1,11.938,7.74,11.938,64.250,0.359
18,ec.gp.GPIndividual@1475583798{1975452402},3C_20_66-03.txt,118.340,1.000,118.340,1,4.172,3.53,4.172,64.250,0.359
18,ec.gp.GPIndividual@1475583798{1975452402},3C_20_50-03.txt,30.993,1.000,30.993,10,30.891,99.67,3.089,64.250,0.156
18,ec.gp.GPIndividual@1475583798{1975452402},3C_20_66-01.txt,7.322,1.000,7.322,1,7.484,102.22,7.484,64.250,0.156
18,ec.gp.GPIndividual@1475583798{1975452402},3C_20_80-03.txt,169.439,1.000,169.439,6,57.141,33.72,9.523,64.250,0.000
18,ec.gp.GPIndividual@1475583798{1975452402},3C_20_80-01.txt,4.194,1.000,4.194,4,4.688,111.75,1.172,64.250,0.000
18,ec.gp.GPIndividual@1475583798{1975452402},3C_20_66-02.txt,154.245,1.000,154.245,3,0.328,0.21,0.109,64.250,0.000
18,ec.gp.GPIndividual@1475583798{1975452402},3C_20_80-02.txt,35.738,1.000,35.738,1,57.938,162.12,57.938,64.250,0.000
18,ec.gp.GPIndividual@1475583798{1975452402},3C_20_80-03.txt,169.439,1.000,169.439,17,168.469,99.43,9.910,64.250,0.000
18,ec.gp.GPIndividual@1475583798{1975452402},3C_20_80-01.txt,4.194,1.000,4.194,1,14.516,346.06,14.516,64.250,0.000
18,ec.gp.GPIndividual@1475583798{1975452402},3C_20_66-03.txt,118.340,1.000,118.340,5,56.609,47.84,11.322,64.250,0.000
18,ec.gp.GPIndividual@1475583798{1975452402},3C_20_80-03.txt,169.439,1.000,169.439,9,171.078,100.97,19.009,64.250,0.000
18,ec.gp.GPIndividual@1475583798{1975452402},3C_20_66-03.txt,118.340,1.000,118.340,4,46.359,39.17,11.590,64.250,0.000
18,ec.gp.GPIndividual@920218983{1404867094},3C_20_50-02.txt,61.404,1.000,61.404,1,0.344,0.56,0.344,0.344,0.344
18,ec.gp.GPIndividual@920218983{1404867094},3C_20_50-03.txt,30.993,1.000,30.993,2,8.500,27.43,4.250,4.844,0.344
18,ec.gp.GPIndividual@920218983{1404867094},3C_20_66-01.txt,7.322,1.000,7.322,1,1.094,14.94,1.094,4.844,0.344
18,ec.gp.GPIndividual@920218983{1404867094},3C_20_66-02.txt,154.245,1.000,154.245,1,2.609,1.69,2.609,4.844,0.344
18,ec.gp.GPIndividual@920218983{1404867094},3C_20_66-03.txt,118.340,1.000,118.340,2,17.641,14.91,8.820,10.938,0.344
18,ec.gp.GPIndividual@920218983{1404867094},3C_20_80-01.txt,4.194,1.000,4.194,1,1.469,35.02,1.469,10.938,0.344
18,ec.gp.GPIndividual@920218983{1404867094},3C_20_80-02.txt,35.738,1.000,35.738,1,2.094,5.86,2.094,10.938,0.344
18,ec.gp.GPIndividual@920218983{1404867094},3C_20_80-03.txt,169.439,1.000,169.439,2,89.031,52.54,44.516,45.594,0.344
18,ec.gp.GPIndividual@1345537086{1928864043},3C_20_50-02.txt,61.404,1.000,61.404,2,7.109,11.58,3.555,6.578,0.531
18,ec.gp.GPIndividual@692103573{175342740},3C_20_50-02.txt,61.404,1.000,61.404,8,50.578,82.37,6.322,35.297,0.516
18,ec.gp.GPIndividual@692103573{175342740},3C_20_80-02.txt,35.738,1.000,35.738,2,41.953,117.39,20.977,39.734,0.516
18,ec.gp.GPIndividual@2079978125{-1730894431},3C_20_50-02.txt,61.404,1.000,61.404,9,33.203,54.07,3.689,18.563,0.516
18,ec.gp.GPIndividual@2079978125{-1730894431},3C_20_50-03.txt,30.993,1.000,30.993,2,62.797,202.62,31.398,42.984,0.516
18,ec.gp.GPIndividual@2079978125{-1730894431},3C_20_80-01.txt,4.194,1.000,4.194,3,6.969,166.14,2.323,42.984,0.516
18,ec.gp.GPIndividual@2079978125{-1730894431},3C_20_66-01.txt,7.322,1.000,7.322,2,5.250,71.70,2.625,42.984,0.516
18,ec.gp.GPIndividual@2079978125{-1730894431},3C_20_50-03.txt,30.993,1.000,30.993,7,32.219,103.96,4.603,42.984,0.516
18,ec.gp.GPIndividual@2079978125{-1730894431},3C_20_80-03.txt,169.439,1.000,169.439,9,97.734,57.68,10.859,45.234,0.516
18,ec.gp.GPIndividual@2079978125{-1730894431},3C_20_66-02.txt,154.245,1.000,154.245,8,90.656,58.77,11.332,45.234,0.516
18,ec.gp.GPIndividual@2014685989{-1031375283},3C_20_50-02.txt,61.404,1.000,61.404,3,66.344,108.04,22.115,38.797,0.531
18,ec.gp.GPIndividual@2014685989{-1031375283},3C_20_80-01.txt,4.194,1.000,4.194,3,4.406,105.05,1.469,38.797,0.531
18,ec.gp.GPIndividual@2014685989{-1031375283},3C_20_80-02.txt,35.738,1.000,35.738,10,87.219,244.05,8.722,58.703,0.531
18,ec.gp.GPIndividual@2014685989{-1031375283},3C_20_50-03.txt,30.993,1.000,30.993,1,2.953,9.53,2.953,58.703,0.531
18,ec.gp.GPIndividual@2014685989{-1031375283},3C_20_66-01.txt,7.322,1.000,7.322,2,10.875,148.52,5.438,58.703,0.531
18,ec.gp.GPIndividual@2014685989{-1031375283},3C_20_50-03.txt,30.993,1.000,30.993,1,44.563,143.78,44.563,58.703,0.531
18,ec.gp.GPIndividual@2014685989{-1031375283},3C_20_66-03.txt,118.340,1.000,118.340,12,97.266,82.19,8.105,58.703,0.531
18,ec.gp.GPIndividual@2014685989{-1031375283},3C_20_80-02.txt,35.738,1.000,35.738,8,31.031,86.83,3.879,58.703,0.531
18,ec.gp.GPIndividual@2014685989{-1031375283},3C_20_66-01.txt,7.322,1.000,7.322,1,7.453,101.79,7.453,58.703,0.531
18,ec.gp.GPIndividual@2014685989{-1031375283},3C_20_80-03.txt,169.439,1.000,169.439,9,150.984,89.11,16.776,58.703,0.531
18,ec.gp.GPIndividual@2014685989{-1031375283},3C_20_80-03.txt,169.439,1.000,169.439,7,178.953,105.62,25.565,63.422,0.531
18,ec.gp.GPIndividual@1700549999{-1366783869},3C_20_50-02.txt,61.404,1.000,61.404,4,63.734,103.79,15.934,39.875,0.484
18,ec.gp.GPIndividual@1700549999{-1366783869},3C_20_66-02.txt,154.245,1.000,154.245,6,110.266,71.49,18.378,60.719,0.484
18,ec.gp.GPIndividual@1700549999{-1366783869},3C_20_80-01.txt,4.194,1.000,4.194,4,4.734,112.87,1.184,60.719,0.484
18,ec.gp.GPIndividual@1700549999{-1366783869},3C_20_80-02.txt,35.738,1.000,35.738,3,66.750,186.78,22.250,65.094,0.172
18,ec.gp.GPIndividual@1041800694{1446693114},3C_20_50-02.txt,61.404,1.000,61.404,15,60.516,98.55,4.034,15.125,0.500
18,ec.gp.GPIndividual@1041800694{1446693114},3C_20_80-03.txt,169.439,1.000,169.439,2,21.156,12.49,10.578,15.125,0.500
18,ec.gp.GPIndividual@1041800694{1446693114},3C_20_66-02.txt,154.245,1.000,154.245,9,107.859,69.93,11.984,44.750,0.500
18,ec.gp.GPIndividual@1041800694{1446693114},3C_20_66-01.txt,7.322,1.000,7.322,5,6.281,85.78,1.256,44.750,0.500
18,ec.gp.GPIndividual@1041800694{1446693114},3C_20_66-02.txt,154.245,1.000,154.245,8,144.750,93.84,18.094,54.875,0.500
18,ec.gp.GPIndividual@1514378432{-2105273939},3C_20_50-02.txt,61.404,1.000,61.404,2,59.359,96.67,29.680,58.828,0.531
18,ec.gp.GPIndividual@1514378432{-2105273939},3C_20_66-03.txt,118.340,1.000,118.340,7,133.875,113.13,19.125,64.141,0.531
18,ec.gp.GPIndividual@1514378432{-2105273939},3C_20_66-03.txt,118.340,1.000,118.340,1,25.906,21.89,25.906,64.141,0.531
18,ec.gp.GPIndividual@1514378432{-2105273939},3C_20_50-03.txt,30.993,1.000,30.993,1,21.078,68.01,21.078,64.141,0.531
18,ec.gp.GPIndividual@1514378432{-2105273939},3C_20_50-03.txt,30.993,1.000,30.993,5,40.766,131.53,8.153,64.141,0.531
18,ec.gp.GPIndividual@1514378432{-2105273939},3C_20_80-01.txt,4.194,1.000,4.194,1,0.328,7.82,0.328,64.141,0.328
18,ec.gp.GPIndividual@1514378432{-2105273939},3C_20_80-01.txt,4.194,1.000,4.194,1,4.516,107.66,4.516,64.141,0.328
18,ec.gp.GPIndividual@1514378432{-2105273939},3C_20_66-01.txt,7.322,1.000,7.322,4,40.109,547.78,10.027,64.141,0.328
18,ec.gp.GPIndividual@1514378432{-2105273939},3C_20_66-03.txt,118.340,1.000,118.340,1,3.234,2.73,3.234,64.141,0.328
18,ec.gp.GPIndividual@1514378432{-2105273939},3C_20_50-03.txt,30.993,1.000,30.993,11,31.063,100.23,2.824,64.141,0.328
18,ec.gp.GPIndividual@1514378432{-2105273939},3C_20_80-01.txt,4.194,1.000,4.194,2,6.328,150.87,3.164,64.141,0.328
18,ec.gp.GPIndividual@1514378432{-2105273939},3C_20_80-02.txt,35.738,1.000,35.738,1,2.531,7.08,2.531,64.141,0.328
18,ec.gp.GPIndividual@1514378432{-2105273939},3C_20_66-01.txt,7.322,1.000,7.322,4,9.250,126.33,2.313,64.141,0.328
18,ec.gp.GPIndividual@1514378432{-2105273939},3C_20_66-01.txt,7.322,1.000,7.322,2,7.328,100.08,3.664,64.141,0.328
18,ec.gp.GPIndividual@1514378432{-2105273939},3C_20_66-02.txt,154.245,1.000,154.245,2,3.359,2.18,1.680,64.141,0.328
18,ec.gp.GPIndividual@1514378432{-2105273939},3C_20_66-02.txt,154.245,1.000,154.245,27,175.000,113.46,6.481,64.141,0.328
18,ec.gp.GPIndividual@1514378432{-2105273939},3C_20_80-02.txt,35.738,1.000,35.738,1,46.188,129.24,46.188,64.141,0.328
18,ec.gp.GPIndividual@1514378432{-2105273939},3C_20_66-03.txt,118.340,1.000,118.340,5,115.703,97.77,23.141,64.141,0.328
18,ec.gp.GPIndividual@1514378432{-2105273939},3C_20_80-02.txt,35.738,1.000,35.738,10,35.813,100.21,3.581,64.141,0.328
18,ec.gp.GPIndividual@1514378432{-2105273939},3C_20_80-03.txt,169.439,1.000,169.439,6,74.984,44.25,12.497,64.141,0.328
18,ec.gp.GPIndividual@1514378432{-2105273939},3C_20_80-03.txt,169.439,1.000,169.439,6,219.438,129.51,36.573,64.141,0.328
18,ec.gp.GPIndividual@1514378432{-2105273939},3C_20_80-03.txt,169.439,1.000,169.439,3,83.313,49.17,27.771,64.141,0.328
18,ec.gp.GPIndividual@1514378432{-2105273939},3C_20_80-01.txt,4.194,1.000,4.194,2,6.844,163.16,3.422,64.141,0.328
18,ec.gp.GPIndividual@1789176643{1928864043},3C_20_50-02.txt,61.404,1.000,61.404,2,1.750,2.85,0.875,1.234,0.516
18,ec.gp.GPIndividual@1789176643{1928864043},3C_20_80-02.txt,35.738,1.000,35.738,9,46.453,129.98,5.161,30.078,0.516
18,ec.gp.GPIndividual@1789176643{1928864043},3C_20_66-02.txt,154.245,1.000,154.245,9,127.078,82.39,14.120,65.188,0.516
18,ec.gp.GPIndividual@838365355{353824053},3C_20_50-02.txt,61.404,1.000,61.404,5,34.875,56.80,6.975,27.094,0.531
18,ec.gp.GPIndividual@245878593{1862595624},3C_20_50-02.txt,61.404,1.000,61.404,9,60.672,98.81,6.741,13.734,0.219
18,ec.gp.GPIndividual@245878593{1862595624},3C_20_80-03.txt,169.439,1.000,169.439,1,5.719,3.38,5.719,13.734,0.219
18,ec.gp.GPIndividual@245878593{1862595624},3C_20_80-02.txt,35.738,1.000,35.738,4,40.281,112.71,10.070,18.094,0.219
18,ec.gp.GPIndividual@245878593{1862595624},3C_20_80-03.txt,169.439,1.000,169.439,10,132.844,78.40,13.284,62.719,0.219
18,ec.gp.GPIndividual@1658631719{-423346292},3C_20_50-02.txt,61.404,1.000,61.404,2,65.172,106.14,32.586,64.938,0.234
18,ec.gp.GPIndividual@1666375695{-1718893892},3C_20_50-02.txt,61.404,1.000,61.404,14,59.422,96.77,4.244,22.422,0.000
18,ec.gp.GPIndividual@1666375695{-1718893892},3C_20_50-03.txt,30.993,1.000,30.993,6,30.422,98.16,5.070,22.422,0.000
18,ec.gp.GPIndividual@1666375695{-1718893892},3C_20_66-03.txt,118.340,1.000,118.340,3,10.453,8.83,3.484,22.422,0.000
18,ec.gp.GPIndividual@1666375695{-1718893892},3C_20_66-02.txt,154.245,1.000,154.245,10,173.297,112.35,17.330,53.484,0.000
18,ec.gp.GPIndividual@1666375695{-1718893892},3C_20_66-01.txt,7.322,1.000,7.322,7,33.141,452.61,4.734,53.484,0.000
18,ec.gp.GPIndividual@1666375695{-1718893892},3C_20_80-01.txt,4.194,1.000,4.194,2,1.203,28.68,0.602,53.484,0.000
18,ec.gp.GPIndividual@1666375695{-1718893892},3C_20_66-02.txt,154.245,1.000,154.245,19,153.125,99.27,8.059,56.563,0.000
18,ec.gp.GPIndividual@1666375695{-1718893892},3C_20_80-02.txt,35.738,1.000,35.738,7,66.531,186.16,9.504,56.563,0.000
18,ec.gp.GPIndividual@1666375695{-1718893892},3C_20_66-03.txt,118.340,1.000,118.340,8,100.203,84.67,12.525,56.563,0.000
18,ec.gp.GPIndividual@1666375695{-1718893892},3C_20_80-03.txt,169.439,1.000,169.439,1,46.078,27.19,46.078,56.563,0.000
18,ec.gp.GPIndividual@1666375695{-1718893892},3C_20_66-03.txt,118.340,1.000,118.340,11,121.938,103.04,11.085,56.563,0.000
18,ec.gp.GPIndividual@1666375695{-1718893892},3C_20_80-01.txt,4.194,1.000,4.194,1,29.859,711.87,29.859,56.563,0.000
18,ec.gp.GPIndividual@1666375695{-1718893892},3C_20_80-01.txt,4.194,1.000,4.194,9,4.234,100.95,0.470,56.563,0.000
18,ec.gp.GPIndividual@1666375695{-1718893892},3C_20_80-02.txt,35.738,1.000,35.738,2,0.313,0.87,0.156,56.563,0.000
18,ec.gp.GPIndividual@1666375695{-1718893892},3C_20_80-02.txt,35.738,1.000,35.738,11,15.109,42.28,1.374,56.563,0.000
18,ec.gp.GPIndividual@395457688{1271691966},3C_20_50-02.txt,61.404,1.000,61.404,8,25.500,41.53,3.188,12.141,0.000
18,ec.gp.GPIndividual@395457688{1271691966},3C_20_80-03.txt,169.439,1.000,169.439,10,166.938,98.52,16.694,66.750,0.000
18,ec.gp.GPIndividual@56561327{-1384785164},3C_20_50-02.txt,61.404,1.000,61.404,6,72.141,117.48,12.023,41.031,0.156
18,ec.gp.GPIndividual@56561327{-1384785164},3C_20_80-03.txt,169.439,1.000,169.439,2,14.703,8.68,7.352,41.031,0.156
18,ec.gp.GPIndividual@56561327{-1384785164},3C_20_50-03.txt,30.993,1.000,30.993,5,33.234,107.23,6.647,41.031,0.156
18,ec.gp.GPIndividual@56561327{-1384785164},3C_20_66-01.txt,7.322,1.000,7.322,1,0.672,9.18,0.672,41.031,0.156
18,ec.gp.GPIndividual@56561327{-1384785164},3C_20_50-03.txt,30.993,1.000,30.993,10,32.750,105.67,3.275,41.031,0.156
18,ec.gp.GPIndividual@56561327{-1384785164},3C_20_66-02.txt,154.245,1.000,154.245,13,154.547,100.20,11.888,66.859,0.156
18,ec.gp.GPIndividual@621020734{1913438114},3C_20_50-02.txt,61.404,1.000,61.404,4,8.672,14.12,2.168,6.672,0.172
18,ec.gp.GPIndividual@621020734{1913438114},3C_20_66-03.txt,118.340,1.000,118.340,9,135.891,114.83,15.099,43.563,0.172
18,ec.gp.GPIndividual@621020734{1913438114},3C_20_66-01.txt,7.322,1.000,7.322,2,20.656,282.11,10.328,43.563,0.172
18,ec.gp.GPIndividual@621020734{1913438114},3C_20_80-01.txt,4.194,1.000,4.194,6,7.188,171.36,1.198,43.563,0.172
18,ec.gp.GPIndividual@621020734{1913438114},3C_20_50-03.txt,30.993,1.000,30.993,11,34.984,112.88,3.180,43.563,0.172
18,ec.gp.GPIndividual@621020734{1913438114},3C_20_80-02.txt,35.738,1.000,35.738,11,41.594,116.38,3.781,43.563,0.172
18,ec.gp.GPIndividual@621020734{1913438114},3C_20_66-02.txt,154.245,1.000,154.245,5,12.141,7.87,2.428,43.563,0.172
18,ec.gp.GPIndividual@621020734{1913438114},3C_20_80-03.txt,169.439,1.000,169.439,9,222.594,131.37,24.733,66.313,0.172
18,ec.gp.GPIndividual@621020734{1913438114},3C_20_66-01.txt,7.322,1.000,7.322,7,6.813,93.04,0.973,66.313,0.172
18,ec.gp.GPIndividual@621020734{1913438114},3C_20_66-03.txt,118.340,1.000,118.340,4,24.438,20.65,6.109,66.313,0.172
18,ec.gp.GPIndividual@1557332851{-912947281},3C_20_50-02.txt,61.404,1.000,61.404,9,63.609,103.59,7.068,19.375,0.156
18,ec.gp.GPIndividual@1557332851{-912947281},3C_20_66-02.txt,154.245,1.000,154.245,3,24.953,16.18,8.318,23.313,0.156
18,ec.gp.GPIndividual@1557332851{-912947281},3C_20_50-03.txt,30.993,1.000,30.993,5,9.078,29.29,1.816,23.313,0.156
18,ec.gp.GPIndividual@1557332851{-912947281},3C_20_80-01.txt,4.194,1.000,4.194,4,4.234,100.95,1.059,23.313,0.078
18,ec.gp.GPIndividual@1557332851{-912947281},3C_20_66-01.txt,7.322,1.000,7.322,9,6.656,90.91,0.740,23.313,0.078
18,ec.gp.GPIndividual@1557332851{-912947281},3C_20_66-02.txt,154.245,1.000,154.245,14,61.219,39.69,4.373,23.938,0.078
18,ec.gp.GPIndividual@1557332851{-912947281},3C_20_66-03.txt,118.340,1.000,118.340,7,109.563,92.58,15.652,56.141,0.078
18,ec.gp.GPIndividual@1557332851{-912947281},3C_20_80-02.txt,35.738,1.000,35.738,1,37.969,106.24,37.969,56.141,0.078
18,ec.gp.GPIndividual@1557332851{-912947281},3C_20_66-03.txt,118.340,1.000,118.340,11,122.359,103.40,11.124,56.141,0.078
18,ec.gp.GPIndividual@1557332851{-912947281},3C_20_80-03.txt,169.439,1.000,169.439,3,37.469,22.11,12.490,56.141,0.078
18,ec.gp.GPIndividual@1557332851{-912947281},3C_20_80-01.txt,4.194,1.000,4.194,3,2.453,58.48,0.818,56.141,0.078
18,ec.gp.GPIndividual@1557332851{-912947281},3C_20_80-02.txt,35.738,1.000,35.738,6,16.406,45.91,2.734,56.141,0.078
18,ec.gp.GPIndividual@1557332851{-912947281},3C_20_80-03.txt,169.439,1.000,169.439,4,143.313,84.58,35.828,66.813,0.078
18,ec.gp.GPIndividual@1225242702{1472107524},3C_20_50-02.txt,61.404,1.000,61.404,5,70.250,114.41,14.050,66.938,0.188
19,ec.gp.GPIndividual@1881001272{-1885153013},3C_20_50-02.txt,61.404,1.000,61.404,0,0.000,0.00,0.000,0.000,0.000
19,ec.gp.GPIndividual@1881001272{-1885153013},3C_20_50-02.txt,61.404,1.000,61.404,0,0.000,0.00,0.000,0.000,0.000
19,ec.gp.GPIndividual@1881001272{-1885153013},3C_20_50-03.txt,30.993,1.000,30.993,0,0.000,0.00,0.000,0.000,0.000
19,ec.gp.GPIndividual@1881001272{-1885153013},3C_20_66-01.txt,7.322,1.000,7.322,0,0.000,0.00,0.000,0.000,0.000
19,ec.gp.GPIndividual@1881001272{-1885153013},3C_20_66-01.txt,7.322,1.000,7.322,0,0.000,0.00,0.000,0.000,0.000
19,ec.gp.GPIndividual@1881001272{-1885153013},3C_20_66-02.txt,154.245,1.000,154.245,0,0.000,0.00,0.000,0.000,0.000
19,ec.gp.GPIndividual@1881001272{-1885153013},3C_20_66-03.txt,118.340,1.000,118.340,0,0.000,0.00,0.000,0.000,0.000
19,ec.gp.GPIndividual@1881001272{-1885153013},3C_20_66-02.txt,154.245,1.000,154.245,0,0.000,0.00,0.000,0.000,0.000
19,ec.gp.GPIndividual@1881001272{-1885153013},3C_20_80-01.txt,4.194,1.000,4.194,0,0.000,0.00,0.000,0.000,0.000
19,ec.gp.GPIndividual@1881001272{-1885153013},3C_20_66-03.txt,118.340,1.000,118.340,0,0.000,0.00,0.000,0.000,0.000
19,ec.gp.GPIndividual@1881001272{-1885153013},3C_20_80-02.txt,35.738,1.000,35.738,0,0.000,0.00,0.000,0.000,0.000
19,ec.gp.GPIndividual@1881001272{-1885153013},3C_20_80-01.txt,4.194,1.000,4.194,0,0.000,0.00,0.000,0.000,0.000
19,ec.gp.GPIndividual@1881001272{-1885153013},3C_20_80-03.txt,169.439,1.000,169.439,0,0.000,0.00,0.000,0.000,0.000
19,ec.gp.GPIndividual@1881001272{-1885153013},3C_20_80-02.txt,35.738,1.000,35.738,0,0.000,0.00,0.000,0.000,0.000
19,ec.gp.GPIndividual@1881001272{-1885153013},3C_20_80-02.txt,35.738,1.000,35.738,0,0.000,0.00,0.000,0.000,0.000
19,ec.gp.GPIndividual@289629995{-1277078261},3C_20_50-02.txt,61.404,1.000,61.404,0,0.000,0.00,0.000,0.000,0.000
19,ec.gp.GPIndividual@510884122{-1588340022},3C_20_50-02.txt,61.404,1.000,61.404,28,60.625,98.73,2.165,7.219,0.000
19,ec.gp.GPIndividual@510884122{-1588340022},3C_20_50-03.txt,30.993,1.000,30.993,4,32.500,104.86,8.125,10.813,0.000
19,ec.gp.GPIndividual@510884122{-1588340022},3C_20_50-03.txt,30.993,1.000,30.993,3,20.266,65.39,6.755,12.094,0.000
19,ec.gp.GPIndividual@510884122{-1588340022},3C_20_50-03.txt,30.993,1.000,30.993,7,30.031,96.90,4.290,12.094,0.000
19,ec.gp.GPIndividual@510884122{-1588340022},3C_20_66-01.txt,7.322,1.000,7.322,1,7.703,105.20,7.703,12.094,0.000
19,ec.gp.GPIndividual@510884122{-1588340022},3C_20_50-03.txt,30.993,1.000,30.993,4,10.531,33.98,2.633,12.094,0.000
19,ec.gp.GPIndividual@510884122{-1588340022},3C_20_50-03.txt,30.993,1.000,30.993,5,25.063,80.87,5.013,12.094,0.000
19,ec.gp.GPIndividual@510884122{-1588340022},3C_20_50-03.txt,30.993,1.000,30.993,6,30.703,99.07,5.117,12.094,0.000
19,ec.gp.GPIndividual@510884122{-1588340022},3C_20_66-01.txt,7.322,1.000,7.322,1,8.750,119.50,8.750,12.094,0.000
19,ec.gp.GPIndividual@510884122{-1588340022},3C_20_66-01.txt,7.322,1.000,7.322,4,5.375,73.41,1.344,12.094,0.000
19,ec.gp.GPIndividual@510884122{-1588340022},3C_20_66-02.txt,154.245,1.000,154.245,21,172.328,111.72,8.206,43.328,0.000
19,ec.gp.GPIndividual@510884122{-1588340022},3C_20_66-02.txt,154.245,1.000,154.245,11,157.109,101.86,14.283,45.094,0.000
19,ec.gp.GPIndividual@510884122{-1588340022},3C_20_66-01.txt,7.322,1.000,7.322,3,11.375,155.35,3.792,45.094,0.000
19,ec.gp.GPIndividual@510884122{-1588340022},3C_20_66-03.txt,118.340,1.000,118.340,9,147.672,124.79,16.408,51.078,0.000
19,ec.gp.GPIndividual@510884122{-1588340022},3C_20_66-01.txt,7.322,1.000,7.322,5,6.344,86.64,1.269,51.078,0.000
19,ec.gp.GPIndividual@510884122{-1588340022},3C_20_66-02.txt,154.245,1.000,154.245,1,8.750,5.67,8.750,51.078,0.000
19,ec.gp.GPIndividual@510884122{-1588340022},3C_20_66-02.txt,154.245,1.000,154.245,1,27.750,17.99,27.750,51.078,0.000
19,ec.gp.GPIndividual@510884122{-1588340022},3C_20_66-01.txt,7.322,1.000,7.322,4,50.375,687.98,12.594,51.078,0.000
19,ec.gp.GPIndividual@510884122{-1588340022},3C_20_66-03.txt,118.340,1.000,118.340,21,119.922,101.34,5.711,51.078,0.000
19,ec.gp.GPIndividual@510884122{-1588340022},3C_20_66-03.txt,118.340,1.000,118.340,1,0.156,0.13,0.156,51.078,0.000
19,ec.gp.GPIndividual@510884122{-1588340022},3C_20_80-01.txt,4.194,1.000,4.194,1,9.516,226.86,9.516,51.078,0.000
19,ec.gp.GPIndividual@510884122{-1588340022},3C_20_80-01.txt,4.194,1.000,4.194,1,8.234,196.31,8.234,51.078,0.000
19,ec.gp.GPIndividual@510884122{-1588340022},3C_20_66-03.txt,118.340,1.000,118.340,19,108.656,91.82,5.719,51.078,0.000
19,ec.gp.GPIndividual@510884122{-1588340022},3C_20_66-02.txt,154.245,1.000,154.245,14,156.719,101.60,11.194,51.078,0.000
19,ec.gp.GPIndividual@510884122{-1588340022},3C_20_80-02.txt,35.738,1.000,35.738,8,40.406,113.06,5.051,51.078,0.000
19,ec.gp.GPIndividual@510884122{-1588340022},3C_20_80-02.txt,35.738,1.000,35.738,9,31.563,88.32,3.507,51.078,0.000
19,ec.gp.GPIndividual@510884122{-1588340022},3C_20_80-03.txt,169.439,1.000,169.439,9,156.266,92.23,17.363,51.078,0.000
19,ec.gp.GPIndividual@510884122{-1588340022},3C_20_66-02.txt,154.245,1.000,154.245,6,42.859,27.79,7.143,51.078,0.000
19,ec.gp.GPIndividual@510884122{-1588340022},3C_20_66-03.txt,118.340,1.000,118.340,3,168.047,142.00,56.016,58.781,0.000
19,ec.gp.GPIndividual@510884122{-1588340022},3C_20_80-01.txt,4.194,1.000,4.194,2,5.156,122.93,2.578,58.781,0.000
19,ec.gp.GPIndividual@510884122{-1588340022},3C_20_80-03.txt,169.439,1.000,169.439,2,63.719,37.61,31.859,62.609,0.000
19,ec.gp.GPIndividual@510884122{-1588340022},3C_20_80-01.txt,4.194,1.000,4.194,3,14.828,353.51,4.943,62.609,0.000
19,ec.gp.GPIndividual@510884122{-1588340022},3C_20_80-01.txt,4.194,1.000,4.194,3,2.906,69.29,0.969,62.609,0.000
19,ec.gp.GPIndividual@510884122{-1588340022},3C_20_80-02.txt,35.738,1.000,35.738,2,2.516,7.04,1.258,62.609,0.000
19,ec.gp.GPIndividual@510884122{-1588340022},3C_20_80-02.txt,35.738,1.000,35.738,17,35.813,100.21,2.107,62.609,0.000
19,ec.gp.GPIndividual@510884122{-1588340022},3C_20_80-02.txt,35.738,1.000,35.738,2,5.313,14.87,2.656,62.609,0.000
19,ec.gp.GPIndividual@510884122{-1588340022},3C_20_80-03.txt,169.439,1.000,169.439,5,42.563,25.12,8.513,62.609,0.000
19,ec.gp.GPIndividual@43161272{-1031375283},3C_20_50-02.txt,61.404,1.000,61.404,7,27.406,44.63,3.915,12.938,0.313
19,ec.gp.GPIndividual@43161272{-1031375283},3C_20_80-03.txt,169.439,1.000,169.439,7,163.984,96.78,23.426,45.188,0.313
19,ec.gp.GPIndividual@43161272{-1031375283},3C_20_80-03.txt,169.439,1.000,169.439,3,69.203,40.84,23.068,63.313,0.000
19,ec.gp.GPIndividual@372493439{-1272398643},3C_20_50-02.txt,61.404,1.000,61.404,0,0.000,0.00,0.000,0.000,0.000
19,ec.gp.GPIndividual@372493439{-1272398643},3C_20_50-03.txt,30.993,1.000,30.993,0,0.000,0.00,0.000,0.000,0.000
19,ec.gp.GPIndividual@372493439{-1272398643},3C_20_66-01.txt,7.322,1.000,7.322,0,0.000,0.00,0.000,0.000,0.000
19,ec.gp.GPIndividual@372493439{-1272398643},3C_20_66-02.txt,154.245,1.000,154.245,0,0.000,0.00,0.000,0.000,0.000
19,ec.gp.GPIndividual@372493439{-1272398643},3C_20_66-03.txt,118.340,1.000,118.340,0,0.000,0.00,0.000,0.000,0.000
19,ec.gp.GPIndividual@372493439{-1272398643},3C_20_80-01.txt,4.194,1.000,4.194,0,0.000,0.00,0.000,0.000,0.000
19,ec.gp.GPIndividual@372493439{-1272398643},3C_20_80-02.txt,35.738,1.000,35.738,0,0.000,0.00,0.000,0.000,0.000
19,ec.gp.GPIndividual@372493439{-1272398643},3C_20_80-03.txt,169.439,1.000,169.439,0,0.000,0.00,0.000,0.000,0.000
19,ec.gp.GPIndividual@268635349{-379170801},3C_20_50-02.txt,61.404,1.000,61.404,3,83.859,136.57,27.953,46.094,0.344
19,ec.gp.GPIndividual@410649145{1387438690},3C_20_50-02.txt,61.404,1.000,61.404,1,0.547,0.89,0.547,0.547,0.547
19,ec.gp.GPIndividual@410649145{1387438690},3C_20_50-03.txt,30.993,1.000,30.993,4,24.594,79.35,6.148,13.969,0.547
19,ec.gp.GPIndividual@1793364104{-420772210},3C_20_50-02.txt,61.404,1.000,61.404,1,4.594,7.48,4.594,4.594,4.594
19,ec.gp.GPIndividual@1793364104{-420772210},3C_20_66-01.txt,7.322,1.000,7.322,2,0.672,9.18,0.336,4.594,0.328
19,ec.gp.GPIndividual@1793364104{-420772210},3C_20_50-03.txt,30.993,1.000,30.993,2,3.563,11.49,1.781,4.594,0.328
19,ec.gp.GPIndividual@1793364104{-420772210},3C_20_66-02.txt,154.245,1.000,154.245,1,2.766,1.79,2.766,4.594,0.328
19,ec.gp.GPIndividual@1793364104{-420772210},3C_20_66-03.txt,118.340,1.000,118.340,1,5.234,4.42,5.234,5.234,0.328
19,ec.gp.GPIndividual@1793364104{-420772210},3C_20_66-03.txt,118.340,1.000,118.340,5,93.344,78.88,18.669,66.578,0.328
19,ec.gp.GPIndividual@1793364104{-420772210},3C_20_80-01.txt,4.194,1.000,4.194,1,6.188,147.52,6.188,66.578,0.328
19,ec.gp.GPIndividual@1793364104{-420772210},3C_20_80-01.txt,4.194,1.000,4.194,1,1.594,38.00,1.594,66.578,0.328
19,ec.gp.GPIndividual@1793364104{-420772210},3C_20_80-02.txt,35.738,1.000,35.738,3,16.625,46.52,5.542,66.578,0.328
19,ec.gp.GPIndividual@1793364104{-420772210},3C_20_66-01.txt,7.322,1.000,7.322,2,3.219,43.96,1.609,66.578,0.328
19,ec.gp.GPIndividual@1793364104{-420772210},3C_20_80-03.txt,169.439,1.000,169.439,2,2.813,1.66,1.406,66.578,0.328
19,ec.gp.GPIndividual@1793364104{-420772210},3C_20_66-02.txt,154.245,1.000,154.245,5,10.109,6.55,2.022,66.578,0.328
19,ec.gp.GPIndividual@1793364104{-420772210},3C_20_66-03.txt,118.340,1.000,118.340,0,0.000,0.00,0.000,66.578,0.328
19,ec.gp.GPIndividual@1793364104{-420772210},3C_20_80-01.txt,4.194,1.000,4.194,1,6.219,148.26,6.219,66.578,0.328
19,ec.gp.GPIndividual@529193844{-872751222},3C_20_50-02.txt,61.404,1.000,61.404,7,29.391,47.86,4.199,12.531,0.344
19,ec.gp.GPIndividual@529193844{-872751222},3C_20_80-02.txt,35.738,1.000,35.738,2,4.375,12.24,2.188,12.531,0.344
19,ec.gp.GPIndividual@529193844{-872751222},3C_20_80-03.txt,169.439,1.000,169.439,0,0.000,0.00,0.000,12.531,0.344
19,ec.gp.GPIndividual@1589476035{661484318},3C_20_50-02.txt,61.404,1.000,61.404,7,27.578,44.91,3.940,13.453,0.500
19,ec.gp.GPIndividual@1589476035{661484318},3C_20_50-03.txt,30.993,1.000,30.993,3,38.359,123.77,12.786,20.250,0.500
19,ec.gp.GPIndividual@1589476035{661484318},3C_20_50-03.txt,30.993,1.000,30.993,3,52.844,170.50,17.615,40.609,0.500
19,ec.gp.GPIndividual@1922053855{977162611},3C_20_50-02.txt,61.404,1.000,61.404,9,68.141,110.97,7.571,21.281,0.359
19,ec.gp.GPIndividual@1922053855{977162611},3C_20_66-01.txt,7.322,1.000,7.322,2,10.219,139.56,5.109,21.281,0.359
19,ec.gp.GPIndividual@1922053855{977162611},3C_20_80-02.txt,35.738,1.000,35.738,12,34.219,95.75,2.852,21.281,0.359
19,ec.gp.GPIndividual@1922053855{977162611},3C_20_50-03.txt,30.993,1.000,30.993,3,20.859,67.30,6.953,21.281,0.359
19,ec.gp.GPIndividual@1922053855{977162611},3C_20_50-03.txt,30.993,1.000,30.993,2,16.328,52.68,8.164,21.281,0.359
19,ec.gp.GPIndividual@1922053855{977162611},3C_20_50-03.txt,30.993,1.000,30.993,5,33.344,107.59,6.669,21.281,0.359
19,ec.gp.GPIndividual@1922053855{977162611},3C_20_80-03.txt,169.439,1.000,169.439,3,21.156,12.49,7.052,21.281,0.359
19,ec.gp.GPIndividual@1922053855{977162611},3C_20_66-01.txt,7.322,1.000,7.322,2,8.047,109.90,4.023,21.281,0.359
19,ec.gp.GPIndividual@1922053855{977162611},3C_20_66-01.txt,7.322,1.000,7.322,2,7.094,96.88,3.547,21.281,0.172
19,ec.gp.GPIndividual@1922053855{977162611},3C_20_66-01.txt,7.322,1.000,7.322,7,13.109,179.04,1.873,21.281,0.172
19,ec.gp.GPIndividual@136370779{-717155498},3C_20_50-02.txt,61.404,1.000,61.404,1,0.156,0.25,0.156,0.156,0.156
19,ec.gp.GPIndividual@136370779{-717155498},3C_20_66-02.txt,154.245,1.000,154.245,20,183.641,119.06,9.182,44.031,0.156
19,ec.gp.GPIndividual@136370779{-717155498},3C_20_66-02.txt,154.245,1.000,154.245,10,161.594,104.76,16.159,48.828,0.156
19,ec.gp.GPIndividual@136370779{-717155498},3C_20_66-02.txt,154.245,1.000,154.245,10,154.531,100.19,15.453,49.766,0.156
19,ec.gp.GPIndividual@136370779{-717155498},3C_20_66-01.txt,7.322,1.000,7.322,5,25.281,345.27,5.056,49.766,0.156
19,ec.gp.GPIndividual@136370779{-717155498},3C_20_66-02.txt,154.245,1.000,154.245,9,153.641,99.61,17.071,51.906,0.156
19,ec.gp.GPIndividual@136370779{-717155498},3C_20_50-03.txt,30.993,1.000,30.993,1,36.734,118.53,36.734,51.906,0.156
19,ec.gp.GPIndividual@136370779{-717155498},3C_20_66-03.txt,118.340,1.000,118.340,10,158.563,133.99,15.856,51.906,0.156
19,ec.gp.GPIndividual@136370779{-717155498},3C_20_66-02.txt,154.245,1.000,154.245,7,46.734,30.30,6.676,51.906,0.156
19,ec.gp.GPIndividual@136370779{-717155498},3C_20_66-03.txt,118.340,1.000,118.340,12,118.406,100.06,9.867,51.906,0.156
19,ec.gp.GPIndividual@136370779{-717155498},3C_20_66-01.txt,7.322,1.000,7.322,1,11.234,153.43,11.234,51.906,0.156
19,ec.gp.GPIndividual@136370779{-717155498},3C_20_80-01.txt,4.194,1.000,4.194,4,6.656,158.69,1.664,51.906,0.156
19,ec.gp.GPIndividual@136370779{-717155498},3C_20_80-01.txt,4.194,1.000,4.194,1,0.297,7.08,0.297,51.906,0.156
19,ec.gp.GPIndividual@136370779{-717155498},3C_20_66-02.txt,154.245,1.000,154.245,16,57.734,37.43,3.608,51.906,0.156
19,ec.gp.GPIndividual@136370779{-717155498},3C_20_66-03.txt,118.340,1.000,118.340,6,114.266,96.56,19.044,61.125,0.156
19,ec.gp.GPIndividual@136370779{-717155498},3C_20_66-03.txt,118.340,1.000,118.340,7,159.578,134.85,22.797,61.125,0.156
19,ec.gp.GPIndividual@136370779{-717155498},3C_20_80-02.txt,35.738,1.000,35.738,1,45.719,127.93,45.719,61.125,0.156
19,ec.gp.GPIndividual@136370779{-717155498},3C_20_80-02.txt,35.738,1.000,35.738,12,41.609,116.43,3.467,61.125,0.156
19,ec.gp.GPIndividual@136370779{-717155498},3C_20_66-03.txt,118.340,1.000,118.340,1,13.438,11.36,13.438,61.125,0.156
19,ec.gp.GPIndividual@136370779{-717155498},3C_20_66-03.txt,118.340,1.000,118.340,10,118.406,100.06,11.841,61.125,0.156
19,ec.gp.GPIndividual@136370779{-717155498},3C_20_80-01.txt,4.194,1.000,4.194,3,3.969,94.62,1.323,61.125,0.156
19,ec.gp.GPIndividual@136370779{-717155498},3C_20_80-01.txt,4.194,1.000,4.194,2,11.422,272.31,5.711,61.125,0.156
19,ec.gp.GPIndividual@136370779{-717155498},3C_20_80-01.txt,4.194,1.000,4.194,2,2.672,63.70,1.336,61.125,0.156
19,ec.gp.GPIndividual@136370779{-717155498},3C_20_80-02.txt,35.738,1.000,35.738,1,1.266,3.54,1.266,61.125,0.156
19,ec.gp.GPIndividual@136370779{-717155498},3C_20_80-02.txt,35.738,1.000,35.738,17,49.891,139.60,2.935,61.125,0.156
19,ec.gp.GPIndividual@136370779{-717155498},3C_20_80-01.txt,4.194,1.000,4.194,1,4.422,105.42,4.422,61.125,0.156
19,ec.gp.GPIndividual@136370779{-717155498},3C_20_80-03.txt,169.439,1.000,169.439,9,65.719,38.79,7.302,61.125,0.156
19,ec.gp.GPIndividual@136370779{-717155498},3C_20_80-03.txt,169.439,1.000,169.439,2,46.656,27.54,23.328,61.125,0.156
19,ec.gp.GPIndividual@136370779{-717155498},3C_20_80-03.txt,169.439,1.000,169.439,5,154.500,91.18,30.900,65.766,0.156
19,ec.gp.GPIndividual@136370779{-717155498},3C_20_80-03.txt,169.439,1.000,169.439,4,191.969,113.30,47.992,66.938,0.156
19,ec.gp.GPIndividual@136370779{-717155498},3C_20_80-02.txt,35.738,1.000,35.738,2,67.844,189.84,33.922,66.938,0.156
19,ec.gp.GPIndividual@356397227{-1846392811},3C_20_50-02.txt,61.404,1.000,61.404,9,32.828,53.46,3.648,17.875,0.516
19,ec.gp.GPIndividual@860211505{-1345880008},3C_20_50-02.txt,61.404,1.000,61.404,0,0.000,0.00,0.000,0.000,0.000
19,ec.gp.GPIndividual@860211505{-1345880008},3C_20_50-03.txt,30.993,1.000,30.993,0,0.000,0.00,0.000,0.000,0.000
19,ec.gp.GPIndividual@860211505{-1345880008},3C_20_66-01.txt,7.322,1.000,7.322,0,0.000,0.00,0.000,0.000,0.000
19,ec.gp.GPIndividual@860211505{-1345880008},3C_20_66-02.txt,154.245,1.000,154.245,0,0.000,0.00,0.000,0.000,0.000
19,ec.gp.GPIndividual@860211505{-1345880008},3C_20_66-03.txt,118.340,1.000,118.340,0,0.000,0.00,0.000,0.000,0.000
19,ec.gp.GPIndividual@860211505{-1345880008},3C_20_80-01.txt,4.194,1.000,4.194,0,0.000,0.00,0.000,0.000,0.000
19,ec.gp.GPIndividual@860211505{-1345880008},3C_20_80-02.txt,35.738,1.000,35.738,0,0.000,0.00,0.000,0.000,0.000
19,ec.gp.GPIndividual@860211505{-1345880008},3C_20_80-03.txt,169.439,1.000,169.439,0,0.000,0.00,0.000,0.000,0.000
19,ec.gp.GPIndividual@914087402{1673770691},3C_20_50-02.txt,61.404,1.000,61.404,2,32.953,53.67,16.477,32.422,0.531
19,ec.gp.GPIndividual@914087402{1673770691},3C_20_80-02.txt,35.738,1.000,35.738,9,36.563,102.31,4.063,32.422,0.531
19,ec.gp.GPIndividual@914087402{1673770691},3C_20_80-03.txt,169.439,1.000,169.439,1,18.672,11.02,18.672,32.422,0.531
19,ec.gp.GPIndividual@914087402{1673770691},3C_20_50-03.txt,30.993,1.000,30.993,6,32.594,105.17,5.432,32.422,0.531
19,ec.gp.GPIndividual@914087402{1673770691},3C_20_66-01.txt,7.322,1.000,7.322,1,0.859,11.74,0.859,32.422,0.531
19,ec.gp.GPIndividual@612423371{812051618},3C_20_50-02.txt,61.404,1.000,61.404,3,5.625,9.16,1.875,4.234,0.344
19,ec.gp.GPIndividual@612423371{812051618},3C_20_80-03.txt,169.439,1.000,169.439,1,1.969,1.16,1.969,4.234,0.344
19,ec.gp.GPIndividual@612423371{812051618},3C_20_50-03.txt,30.993,1.000,30.993,1,42.000,135.52,42.000,42.000,0.344
19,ec.gp.GPIndividual@91776323{-718051348},3C_20_50-02.txt,61.404,1.000,61.404,10,36.703,59.77,3.670,7.609,0.500
19,ec.gp.GPIndividual@91776323{-718051348},3C_20_66-01.txt,7.322,1.000,7.322,2,2.766,37.77,1.383,7.609,0.500
19,ec.gp.GPIndividual@91776323{-718051348},3C_20_66-02.txt,154.245,1.000,154.245,3,69.484,45.05,23.161,65.250,0.500
19,ec.gp.GPIndividual@91776323{-718051348},3C_20_66-03.txt,118.340,1.000,118.340,3,47.625,40.24,15.875,65.250,0.500
19,ec.gp.GPIndividual@91776323{-718051348},3C_20_66-02.txt,154.245,1.000,154.245,1,20.813,13.49,20.813,65.250,0.500
19,ec.gp.GPIndividual@91776323{-718051348},3C_20_50-03.txt,30.993,1.000,30.993,6,19.906,64.23,3.318,65.250,0.500
19,ec.gp.GPIndividual@91776323{-718051348},3C_20_80-01.txt,4.194,1.000,4.194,2,3.703,88.29,1.852,65.250,0.500
19,ec.gp.GPIndividual@91776323{-718051348},3C_20_66-03.txt,118.340,1.000,118.340,2,2.594,2.19,1.297,65.250,0.500
19,ec.gp.GPIndividual@91776323{-718051348},3C_20_80-02.txt,35.738,1.000,35.738,3,9.422,26.36,3.141,65.250,0.500
19,ec.gp.GPIndividual@91776323{-718051348},3C_20_80-03.txt,169.439,1.000,169.439,6,68.516,40.44,11.419,65.250,0.500
19,ec.gp.GPIndividual@163673172{-190321675},3C_20_50-02.txt,61.404,1.000,61.404,6,86.938,141.58,14.490,41.719,0.531
19,ec.gp.GPIndividual@1418681661{-372916285},3C_20_50-02.txt,61.404,1.000,61.404,1,0.516,0.84,0.516,0.516,0.516
19,ec.gp.GPIndividual@1418681661{-372916285},3C_20_50-03.txt,30.993,1.000,30.993,1,7.953,25.66,7.953,7.953,0.516
19,ec.gp.GPIndividual@1418681661{-372916285},3C_20_50-03.txt,30.993,1.000,30.993,1,4.813,15.53,4.813,7.953,0.516
19,ec.gp.GPIndividual@1418681661{-372916285},3C_20_66-01.txt,7.322,1.000,7.322,2,7.672,104.78,3.836,7.953,0.516
19,ec.gp.GPIndividual@1418681661{-372916285},3C_20_66-02.txt,154.245,1.000,154.245,2,2.547,1.65,1.273,7.953,0.344
19,ec.gp.GPIndividual@1418681661{-372916285},3C_20_66-03.txt,118.340,1.000,118.340,3,37.000,31.27,12.333,26.391,0.344
19,ec.gp.GPIndividual@1418681661{-372916285},3C_20_80-01.txt,4.194,1.000,4.194,1,1.453,34.64,1.453,26.391,0.344
19,ec.gp.GPIndividual@1418681661{-372916285},3C_20_80-02.txt,35.738,1.000,35.738,2,10.094,28.24,5.047,26.391,0.344
19,ec.gp.GPIndividual@1418681661{-372916285},3C_20_80-03.txt,169.439,1.000,169.439,1,6.406,3.78,6.406,26.391,0.344
19,ec.gp.GPIndividual@76565196{-2099014482},3C_20_50-02.txt,61.404,1.000,61.404,4,62.344,101.53,15.586,50.156,0.359
19,ec.gp.GPIndividual@76565196{-2099014482},3C_20_80-01.txt,4.194,1.000,4.194,3,4.203,100.21,1.401,50.156,0.172
19,ec.gp.GPIndividual@76565196{-2099014482},3C_20_80-02.txt,35.738,1.000,35.738,1,0.703,1.97,0.703,50.156,0.172
19,ec.gp.GPIndividual@76565196{-2099014482},3C_20_50-03.txt,30.993,1.000,30.993,7,70.016,225.91,10.002,58.281,0.172
19,ec.gp.GPIndividual@1646506767{-1031375283},3C_20_50-02.txt,61.404,1.000,61.404,10,72.844,118.63,7.284,35.063,0.500
19,ec.gp.GPIndividual@1646506767{-1031375283},3C_20_66-01.txt,7.322,1.000,7.322,4,13.141,179.46,3.285,35.063,0.500
19,ec.gp.GPIndividual@1646506767{-1031375283},3C_20_66-01.txt,7.322,1.000,7.322,4,13.375,182.66,3.344,35.063,0.500
19,ec.gp.GPIndividual@1646506767{-1031375283},3C_20_50-03.txt,30.993,1.000,30.993,6,32.078,103.50,5.346,35.063,0.500
19,ec.gp.GPIndividual@1646506767{-1031375283},3C_20_80-03.txt,169.439,1.000,169.439,1,19.391,11.44,19.391,35.063,0.500
19,ec.gp.GPIndividual@1646506767{-1031375283},3C_20_66-01.txt,7.322,1.000,7.322,2,3.719,50.79,1.859,35.063,0.500
19,ec.gp.GPIndividual@1646506767{-1031375283},3C_20_66-02.txt,154.245,1.000,154.245,3,69.547,45.09,23.182,61.672,0.500
19,ec.gp.GPIndividual@1646506767{-1031375283},3C_20_50-03.txt,30.993,1.000,30.993,6,30.906,99.72,5.151,61.672,0.359
19,ec.gp.GPIndividual@1646506767{-1031375283},3C_20_66-02.txt,154.245,1.000,154.245,14,70.141,45.47,5.010,61.672,0.359
19,ec.gp.GPIndividual@1646506767{-1031375283},3C_20_66-02.txt,154.245,1.000,154.245,6,38.797,25.15,6.466,61.672,0.359
19,ec.gp.GPIndividual@1646506767{-1031375283},3C_20_66-03.txt,118.340,1.000,118.340,7,119.563,101.03,17.080,61.672,0.359
19,ec.gp.GPIndividual@1646506767{-1031375283},3C_20_66-03.txt,118.340,1.000,118.340,2,64.406,54.42,32.203,61.672,0.359
19,ec.gp.GPIndividual@525231896{1446693114},3C_20_50-02.txt,61.404,1.000,61.404,8,73.281,119.34,9.160,35.766,0.313
19,ec.gp.GPIndividual@525231896{1446693114},3C_20_66-01.txt,7.322,1.000,7.322,6,15.984,218.30,2.664,35.766,0.313
19,ec.gp.GPIndividual@525231896{1446693114},3C_20_66-01.txt,7.322,1.000,7.322,3,45.594,622.68,15.198,44.016,0.313
19,ec.gp.GPIndividual@525231896{1446693114},3C_20_66-03.txt,118.340,1.000,118.340,2,4.500,3.80,2.250,44.016,0.313
19,ec.gp.GPIndividual@525231896{1446693114},3C_20_66-02.txt,154.245,1.000,154.245,12,103.250,66.94,8.604,45.391,0.313
19,ec.gp.GPIndividual@525231896{1446693114},3C_20_80-01.txt,4.194,1.000,4.194,1,1.656,39.49,1.656,45.391,0.313
19,ec.gp.GPIndividual@525231896{1446693114},3C_20_80-02.txt,35.738,1.000,35.738,7,18.625,52.12,2.661,45.391,0.313
19,ec.gp.GPIndividual@525231896{1446693114},3C_20_80-03.txt,169.439,1.000,169.439,6,173.188,102.21,28.865,46.156,0.313
19,ec.gp.GPIndividual@525231896{1446693114},3C_20_80-01.txt,4.194,1.000,4.194,3,3.281,78.23,1.094,46.156,0.313
19,ec.gp.GPIndividual@525231896{1446693114},3C_20_80-02.txt,35.738,1.000,35.738,3,57.469,160.81,19.156,54.141,0.313
19,ec.gp.GPIndividual@525231896{1446693114},3C_20_50-03.txt,30.993,1.000,30.993,5,26.656,86.01,5.331,54.141,0.313
19,ec.gp.GPIndividual@525231896{1446693114},3C_20_66-03.txt,118.340,1.000,118.340,6,69.875,59.05,11.646,54.141,0.313
19,ec.gp.GPIndividual@2128112342{-2053417892},3C_20_50-02.txt,61.404,1.000,61.404,10,96.078,156.47,9.608,46.828,0.328
19,ec.gp.GPIndividual@2128112342{-2053417892},3C_20_80-03.txt,169.439,1.000,169.439,3,57.328,33.83,19.109,47.281,0.328
19,ec.gp.GPIndividual@4761124{1126965631},3C_20_50-02.txt,61.404,1.000,61.404,8,57.266,93.26,7.158,22.516,0.297
19,ec.gp.GPIndividual@4761124{1126965631},3C_20_50-03.txt,30.993,1.000,30.993,3,38.516,124.27,12.839,22.516,0.297
19,ec.gp.GPIndividual@4761124{1126965631},3C_20_50-03.txt,30.993,1.000,30.993,2,11.906,38.42,5.953,22.516,0.297
19,ec.gp.GPIndividual@4761124{1126965631},3C_20_66-02.txt,154.245,1.000,154.245,12,160.547,104.09,13.379,63.859,0.297
19,ec.gp.GPIndividual@1860099468{1975452402},3C_20_50-02.txt,61.404,1.000,61.404,6,63.266,103.03,10.544,35.484,0.297
19,ec.gp.GPIndividual@1860099468{1975452402},3C_20_66-03.txt,118.340,1.000,118.340,8,119.250,100.77,14.906,35.484,0.297
19,ec.gp.GPIndividual@1860099468{1975452402},3C_20_50-03.txt,30.993,1.000,30.993,1,6.047,19.51,6.047,35.484,0.297
19,ec.gp.GPIndividual@1860099468{1975452402},3C_20_66-01.txt,7.322,1.000,7.322,5,27.859,380.48,5.572,35.484,0.297
19,ec.gp.GPIndividual@1860099468{1975452402},3C_20_66-01.txt,7.322,1.000,7.322,7,8.578,117.15,1.225,35.484,0.297
19,ec.gp.GPIndividual@1860099468{1975452402},3C_20_66-01.txt,7.322,1.000,7.322,2,1.609,21.98,0.805,35.484,0.297
19,ec.gp.GPIndividual@1860099468{1975452402},3C_20_66-02.txt,154.245,1.000,154.245,10,70.781,45.89,7.078,35.484,0.297
19,ec.gp.GPIndividual@1860099468{1975452402},3C_20_80-01.txt,4.194,1.000,4.194,4,4.563,108.77,1.141,35.484,0.297
19,ec.gp.GPIndividual@1860099468{1975452402},3C_20_66-03.txt,118.340,1.000,118.340,1,0.422,0.36,0.422,35.484,0.297
19,ec.gp.GPIndividual@1860099468{1975452402},3C_20_80-02.txt,35.738,1.000,35.738,10,33.938,94.96,3.394,35.484,0.297
19,ec.gp.GPIndividual@1860099468{1975452402},3C_20_80-03.txt,169.439,1.000,169.439,8,144.219,85.12,18.027,48.203,0.297
19,ec.gp.GPIndividual@1860099468{1975452402},3C_20_80-01.txt,4.194,1.000,4.194,1,32.813,782.28,32.813,48.203,0.297
19,ec.gp.GPIndividual@1860099468{1975452402},3C_20_66-02.txt,154.245,1.000,154.245,15,153.547,99.55,10.236,63.906,0.297
19,ec.gp.GPIndividual@2112907498{1446693114},3C_20_50-02.txt,61.404,1.000,61.404,6,64.781,105.50,10.797,31.141,0.297
19,ec.gp.GPIndividual@2112907498{1446693114},3C_20_66-03.txt,118.340,1.000,118.340,3,41.156,34.78,13.719,31.141,0.297
19,ec.gp.GPIndividual@2112907498{1446693114},3C_20_66-02.txt,154.245,1.000,154.245,8,179.688,116.49,22.461,44.047,0.297
19,ec.gp.GPIndividual@2112907498{1446693114},3C_20_80-01.txt,4.194,1.000,4.194,1,5.641,134.48,5.641,44.047,0.297
19,ec.gp.GPIndividual@2112907498{1446693114},3C_20_66-03.txt,118.340,1.000,118.340,8,103.703,87.63,12.963,44.047,0.297
19,ec.gp.GPIndividual@2112907498{1446693114},3C_20_80-02.txt,35.738,1.000,35.738,9,40.375,112.97,4.486,44.047,0.297
19,ec.gp.GPIndividual@2112907498{1446693114},3C_20_80-01.txt,4.194,1.000,4.194,1,12.188,290.56,12.188,44.047,0.297
19,ec.gp.GPIndividual@2112907498{1446693114},3C_20_80-02.txt,35.738,1.000,35.738,2,5.953,16.66,2.977,44.047,0.297
19,ec.gp.GPIndividual@2112907498{1446693114},3C_20_80-01.txt,4.194,1.000,4.194,5,4.609,109.89,0.922,44.047,0.141
19,ec.gp.GPIndividual@2112907498{1446693114},3C_20_80-03.txt,169.439,1.000,169.439,1,0.125,0.07,0.125,44.047,0.125
19,ec.gp.GPIndividual@2112907498{1446693114},3C_20_80-02.txt,35.738,1.000,35.738,14,35.547,99.46,2.539,44.047,0.125
19,ec.gp.GPIndividual@1276357078{-746144458},3C_20_50-02.txt,61.404,1.000,61.404,9,50.594,82.39,5.622,20.078,0.063
19,ec.gp.GPIndividual@1276357078{-746144458},3C_20_50-03.txt,30.993,1.000,30.993,7,25.609,82.63,3.658,20.078,0.063
19,ec.gp.GPIndividual@1276357078{-746144458},3C_20_66-01.txt,7.322,1.000,7.322,7,5.906,80.66,0.844,20.078,0.063
19,ec.gp.GPIndividual@1276357078{-746144458},3C_20_66-02.txt,154.245,1.000,154.245,11,127.094,82.40,11.554,50.344,0.063
19,ec.gp.GPIndividual@1276357078{-746144458},3C_20_66-03.txt,118.340,1.000,118.340,7,87.891,74.27,12.556,50.344,0.063
19,ec.gp.GPIndividual@1276357078{-746144458},3C_20_80-01.txt,4.194,1.000,4.194,9,3.672,87.54,0.408,50.344,0.063
19,ec.gp.GPIndividual@1276357078{-746144458},3C_20_80-02.txt,35.738,1.000,35.738,7,23.281,65.14,3.326,50.344,0.063
19,ec.gp.GPIndividual@1276357078{-746144458},3C_20_80-03.txt,169.439,1.000,169.439,3,108.750,64.18,36.250,67.469,0.063
19,ec.gp.GPIndividual@1061570629{1948675049},3C_20_50-02.txt,61.404,1.000,61.404,0,0.000,0.00,0.000,0.000,0.000
19,ec.gp.GPIndividual@1061570629{1948675049},3C_20_50-03.txt,30.993,1.000,30.993,0,0.000,0.00,0.000,0.000,0.000
19,ec.gp.GPIndividual@1061570629{1948675049},3C_20_66-01.txt,7.322,1.000,7.322,0,0.000,0.00,0.000,0.000,0.000
19,ec.gp.GPIndividual@1061570629{1948675049},3C_20_66-02.txt,154.245,1.000,154.245,0,0.000,0.00,0.000,0.000,0.000
19,ec.gp.GPIndividual@1061570629{1948675049},3C_20_66-03.txt,118.340,1.000,118.340,0,0.000,0.00,0.000,0.000,0.000
19,ec.gp.GPIndividual@1061570629{1948675049},3C_20_80-01.txt,4.194,1.000,4.194,0,0.000,0.00,0.000,0.000,0.000
19,ec.gp.GPIndividual@1061570629{1948675049},3C_20_80-02.txt,35.738,1.000,35.738,0,0.000,0.00,0.000,0.000,0.000
19,ec.gp.GPIndividual@1061570629{1948675049},3C_20_80-03.txt,169.439,1.000,169.439,0,0.000,0.00,0.000,0.000,0.000
20,ec.gp.GPIndividual@1612849166{488085017},3C_20_50-02.txt,61.404,1.000,61.404,0,0.000,0.00,0.000,0.000,0.000
20,ec.gp.GPIndividual@1612849166{488085017},3C_20_50-03.txt,30.993,1.000,30.993,0,0.000,0.00,0.000,0.000,0.000
20,ec.gp.GPIndividual@1612849166{488085017},3C_20_66-01.txt,7.322,1.000,7.322,0,0.000,0.00,0.000,0.000,0.000
20,ec.gp.GPIndividual@1612849166{488085017},3C_20_66-02.txt,154.245,1.000,154.245,0,0.000,0.00,0.000,0.000,0.000
20,ec.gp.GPIndividual@1612849166{488085017},3C_20_66-03.txt,118.340,1.000,118.340,0,0.000,0.00,0.000,0.000,0.000
20,ec.gp.GPIndividual@1612849166{488085017},3C_20_80-01.txt,4.194,1.000,4.194,0,0.000,0.00,0.000,0.000,0.000
20,ec.gp.GPIndividual@1612849166{488085017},3C_20_80-02.txt,35.738,1.000,35.738,0,0.000,0.00,0.000,0.000,0.000
20,ec.gp.GPIndividual@1612849166{488085017},3C_20_80-03.txt,169.439,1.000,169.439,0,0.000,0.00,0.000,0.000,0.000
20,ec.gp.GPIndividual@143899938{1165942822},3C_20_50-02.txt,61.404,1.000,61.404,5,1.563,2.54,0.313,0.313,0.313
20,ec.gp.GPIndividual@143899938{1165942822},3C_20_50-03.txt,30.993,1.000,30.993,8,15.703,50.67,1.963,4.266,0.313
20,ec.gp.GPIndividual@143899938{1165942822},3C_20_66-01.txt,7.322,1.000,7.322,3,7.719,105.42,2.573,4.266,0.313
20,ec.gp.GPIndividual@143899938{1165942822},3C_20_50-03.txt,30.993,1.000,30.993,3,4.531,14.62,1.510,4.266,0.313
20,ec.gp.GPIndividual@143899938{1165942822},3C_20_66-02.txt,154.245,1.000,154.245,4,10.156,6.58,2.539,4.266,0.313
20,ec.gp.GPIndividual@143899938{1165942822},3C_20_66-03.txt,118.340,1.000,118.340,4,16.672,14.09,4.168,6.313,0.313
20,ec.gp.GPIndividual@143899938{1165942822},3C_20_80-01.txt,4.194,1.000,4.194,1,1.469,35.02,1.469,6.313,0.313
20,ec.gp.GPIndividual@143899938{1165942822},3C_20_80-02.txt,35.738,1.000,35.738,2,10.344,28.94,5.172,8.156,0.313
20,ec.gp.GPIndividual@143899938{1165942822},3C_20_80-03.txt,169.439,1.000,169.439,1,6.344,3.74,6.344,8.156,0.313
20,ec.gp.GPIndividual@1309115150{-893230131},3C_20_50-02.txt,61.404,1.000,61.404,7,55.719,90.74,7.960,20.547,0.531
20,ec.gp.GPIndividual@1309115150{-893230131},3C_20_50-03.txt,30.993,1.000,30.993,1,43.344,139.85,43.344,43.344,0.531
20,ec.gp.GPIndividual@1309115150{-893230131},3C_20_50-03.txt,30.993,1.000,30.993,1,46.266,149.28,46.266,46.266,0.531
20,ec.gp.GPIndividual@1309115150{-893230131},3C_20_50-03.txt,30.993,1.000,30.993,6,32.453,104.71,5.409,46.266,0.531
20,ec.gp.GPIndividual@1309115150{-893230131},3C_20_66-01.txt,7.322,1.000,7.322,2,6.641,90.69,3.320,46.266,0.531
20,ec.gp.GPIndividual@1309115150{-893230131},3C_20_66-01.txt,7.322,1.000,7.322,1,1.234,16.86,1.234,46.266,0.531
20,ec.gp.GPIndividual@1309115150{-893230131},3C_20_66-01.txt,7.322,1.000,7.322,2,10.391,141.91,5.195,46.266,0.531
20,ec.gp.GPIndividual@1309115150{-893230131},3C_20_66-01.txt,7.322,1.000,7.322,5,63.359,865.31,12.672,58.781,0.531
20,ec.gp.GPIndividual@1309115150{-893230131},3C_20_50-03.txt,30.993,1.000,30.993,5,65.703,212.00,13.141,59.797,0.531
20,ec.gp.GPIndividual@1309115150{-893230131},3C_20_50-03.txt,30.993,1.000,30.993,12,36.859,118.93,3.072,59.797,0.531
20,ec.gp.GPIndividual@1309115150{-893230131},3C_20_66-02.txt,154.245,1.000,154.245,1,1.297,0.84,1.297,59.797,0.531
20,ec.gp.GPIndividual@1309115150{-893230131},3C_20_66-01.txt,7.322,1.000,7.322,2,13.109,179.04,6.555,59.797,0.531
20,ec.gp.GPIndividual@1309115150{-893230131},3C_20_66-02.txt,154.245,1.000,154.245,3,23.063,14.95,7.688,59.797,0.531
20,ec.gp.GPIndividual@1309115150{-893230131},3C_20_66-02.txt,154.245,1.000,154.245,1,1.703,1.10,1.703,59.797,0.531
20,ec.gp.GPIndividual@1309115150{-893230131},3C_20_66-01.txt,7.322,1.000,7.322,5,8.234,112.46,1.647,59.797,0.531
20,ec.gp.GPIndividual@1309115150{-893230131},3C_20_66-02.txt,154.245,1.000,154.245,1,0.344,0.22,0.344,59.797,0.344
20,ec.gp.GPIndividual@1309115150{-893230131},3C_20_66-03.txt,118.340,1.000,118.340,20,118.219,99.90,5.911,59.797,0.344
20,ec.gp.GPIndividual@1309115150{-893230131},3C_20_66-03.txt,118.340,1.000,118.340,2,72.609,61.36,36.305,59.797,0.344
20,ec.gp.GPIndividual@1309115150{-893230131},3C_20_66-03.txt,118.340,1.000,118.340,8,113.969,96.31,14.246,59.797,0.344
20,ec.gp.GPIndividual@1309115150{-893230131},3C_20_66-02.txt,154.245,1.000,154.245,2,10.016,6.49,5.008,59.797,0.344
20,ec.gp.GPIndividual@1309115150{-893230131},3C_20_80-01.txt,4.194,1.000,4.194,1,16.094,383.69,16.094,59.797,0.344
20,ec.gp.GPIndividual@1309115150{-893230131},3C_20_66-02.txt,154.245,1.000,154.245,1,9.484,6.15,9.484,59.797,0.344
20,ec.gp.GPIndividual@1309115150{-893230131},3C_20_80-01.txt,4.194,1.000,4.194,3,4.125,98.34,1.375,59.797,0.172
20,ec.gp.GPIndividual@1309115150{-893230131},3C_20_66-03.txt,118.340,1.000,118.340,1,1.219,1.03,1.219,59.797,0.172
20,ec.gp.GPIndividual@1309115150{-893230131},3C_20_80-02.txt,35.738,1.000,35.738,16,36.703,102.70,2.294,59.797,0.172
20,ec.gp.GPIndividual@1309115150{-893230131},3C_20_80-01.txt,4.194,1.000,4.194,1,3.703,88.29,3.703,59.797,0.172
20,ec.gp.GPIndividual@1309115150{-893230131},3C_20_80-03.txt,169.439,1.000,169.439,3,36.063,21.28,12.021,59.797,0.172
20,ec.gp.GPIndividual@1309115150{-893230131},3C_20_66-03.txt,118.340,1.000,118.340,1,9.094,7.68,9.094,59.797,0.172
20,ec.gp.GPIndividual@1309115150{-893230131},3C_20_80-02.txt,35.738,1.000,35.738,3,35.078,98.15,11.693,59.797,0.172
20,ec.gp.GPIndividual@1309115150{-893230131},3C_20_80-02.txt,35.738,1.000,35.738,16,35.844,100.30,2.240,59.797,0.172
20,ec.gp.GPIndividual@1309115150{-893230131},3C_20_80-01.txt,4.194,1.000,4.194,1,3.438,81.95,3.438,59.797,0.172
20,ec.gp.GPIndividual@1309115150{-893230131},3C_20_80-03.txt,169.439,1.000,169.439,1,0.875,0.52,0.875,59.797,0.172
20,ec.gp.GPIndividual@1309115150{-893230131},3C_20_80-03.txt,169.439,1.000,169.439,2,10.844,6.40,5.422,59.797,0.172
20,ec.gp.GPIndividual@1690224436{1688623612},3C_20_50-02.txt,61.404,1.000,61.404,14,66.578,108.43,4.756,13.813,0.516
20,ec.gp.GPIndividual@69598957{271532587},3C_20_50-02.txt,61.404,1.000,61.404,0,0.000,0.00,0.000,0.000,0.000
20,ec.gp.GPIndividual@69598957{271532587},3C_20_50-03.txt,30.993,1.000,30.993,0,0.000,0.00,0.000,0.000,0.000
20,ec.gp.GPIndividual@69598957{271532587},3C_20_66-01.txt,7.322,1.000,7.322,0,0.000,0.00,0.000,0.000,0.000
20,ec.gp.GPIndividual@69598957{271532587},3C_20_66-02.txt,154.245,1.000,154.245,0,0.000,0.00,0.000,0.000,0.000
20,ec.gp.GPIndividual@69598957{271532587},3C_20_66-03.txt,118.340,1.000,118.340,0,0.000,0.00,0.000,0.000,0.000
20,ec.gp.GPIndividual@69598957{271532587},3C_20_80-01.txt,4.194,1.000,4.194,0,0.000,0.00,0.000,0.000,0.000
20,ec.gp.GPIndividual@69598957{271532587},3C_20_80-02.txt,35.738,1.000,35.738,0,0.000,0.00,0.000,0.000,0.000
20,ec.gp.GPIndividual@69598957{271532587},3C_20_80-03.txt,169.439,1.000,169.439,0,0.000,0.00,0.000,0.000,0.000
20,ec.gp.GPIndividual@711802337{-1614737941},3C_20_50-02.txt,61.404,1.000,61.404,3,22.203,36.16,7.401,15.172,0.531
20,ec.gp.GPIndividual@188446060{-422785675},3C_20_50-02.txt,61.404,1.000,61.404,1,0.344,0.56,0.344,0.344,0.344
20,ec.gp.GPIndividual@188446060{-422785675},3C_20_50-03.txt,30.993,1.000,30.993,3,23.203,74.87,7.734,18.219,0.344
20,ec.gp.GPIndividual@188446060{-422785675},3C_20_80-01.txt,4.194,1.000,4.194,2,4.203,100.21,2.102,18.219,0.344
20,ec.gp.GPIndividual@188446060{-422785675},3C_20_50-03.txt,30.993,1.000,30.993,2,5.766,18.60,2.883,18.219,0.344
20,ec.gp.GPIndividual@188446060{-422785675},3C_20_66-01.txt,7.322,1.000,7.322,2,2.531,34.57,1.266,18.219,0.344
20,ec.gp.GPIndividual@188446060{-422785675},3C_20_66-02.txt,154.245,1.000,154.245,3,8.953,5.80,2.984,18.219,0.344
20,ec.gp.GPIndividual@188446060{-422785675},3C_20_66-03.txt,118.340,1.000,118.340,2,55.594,46.98,27.797,44.297,0.344
20,ec.gp.GPIndividual@188446060{-422785675},3C_20_50-03.txt,30.993,1.000,30.993,3,10.859,35.04,3.620,44.297,0.344
20,ec.gp.GPIndividual@188446060{-422785675},3C_20_80-01.txt,4.194,1.000,4.194,1,7.547,179.92,7.547,44.297,0.344
20,ec.gp.GPIndividual@188446060{-422785675},3C_20_66-01.txt,7.322,1.000,7.322,1,1.438,19.63,1.438,44.297,0.344
20,ec.gp.GPIndividual@188446060{-422785675},3C_20_80-02.txt,35.738,1.000,35.738,6,14.422,40.35,2.404,44.297,0.344
20,ec.gp.GPIndividual@188446060{-422785675},3C_20_80-03.txt,169.439,1.000,169.439,5,38.609,22.79,7.722,44.297,0.344
20,ec.gp.GPIndividual@65614092{1024030112},3C_20_50-02.txt,61.404,1.000,61.404,0,0.000,0.00,0.000,0.000,0.000
20,ec.gp.GPIndividual@65614092{1024030112},3C_20_50-03.txt,30.993,1.000,30.993,0,0.000,0.00,0.000,0.000,0.000
20,ec.gp.GPIndividual@65614092{1024030112},3C_20_66-01.txt,7.322,1.000,7.322,0,0.000,0.00,0.000,0.000,0.000
20,ec.gp.GPIndividual@65614092{1024030112},3C_20_66-02.txt,154.245,1.000,154.245,0,0.000,0.00,0.000,0.000,0.000
20,ec.gp.GPIndividual@65614092{1024030112},3C_20_66-03.txt,118.340,1.000,118.340,0,0.000,0.00,0.000,0.000,0.000
20,ec.gp.GPIndividual@65614092{1024030112},3C_20_80-01.txt,4.194,1.000,4.194,0,0.000,0.00,0.000,0.000,0.000
20,ec.gp.GPIndividual@65614092{1024030112},3C_20_80-02.txt,35.738,1.000,35.738,0,0.000,0.00,0.000,0.000,0.000
20,ec.gp.GPIndividual@65614092{1024030112},3C_20_80-03.txt,169.439,1.000,169.439,0,0.000,0.00,0.000,0.000,0.000
20,ec.gp.GPIndividual@1119261775{-981161307},3C_20_50-02.txt,61.404,1.000,61.404,6,61.609,100.33,10.268,43.422,0.297
20,ec.gp.GPIndividual@1119261775{-981161307},3C_20_66-03.txt,118.340,1.000,118.340,4,119.531,101.01,29.883,56.750,0.297
20,ec.gp.GPIndividual@1139695691{1767470745},3C_20_50-02.txt,61.404,1.000,61.404,3,20.141,32.80,6.714,18.344,0.406
20,ec.gp.GPIndividual@1139695691{1767470745},3C_20_80-03.txt,169.439,1.000,169.439,5,48.156,28.42,9.631,21.500,0.406
20,ec.gp.GPIndividual@1139695691{1767470745},3C_20_66-03.txt,118.340,1.000,118.340,5,136.766,115.57,27.353,60.906,0.406
20,ec.gp.GPIndividual@1139695691{1767470745},3C_20_80-01.txt,4.194,1.000,4.194,1,59.031,1407.35,59.031,60.906,0.406
20,ec.gp.GPIndividual@1139695691{1767470745},3C_20_50-03.txt,30.993,1.000,30.993,1,57.172,184.47,57.172,60.906,0.406
20,ec.gp.GPIndividual@718341258{661484318},3C_20_50-02.txt,61.404,1.000,61.404,7,51.813,84.38,7.402,40.047,0.406
20,ec.gp.GPIndividual@718341258{661484318},3C_20_50-03.txt,30.993,1.000,30.993,12,31.047,100.18,2.587,40.047,0.141
20,ec.gp.GPIndividual@718341258{661484318},3C_20_80-02.txt,35.738,1.000,35.738,1,0.766,2.14,0.766,40.047,0.141
20,ec.gp.GPIndividual@718341258{661484318},3C_20_66-01.txt,7.322,1.000,7.322,1,2.125,29.02,2.125,40.047,0.141
20,ec.gp.GPIndividual@718341258{661484318},3C_20_80-01.txt,4.194,1.000,4.194,4,4.875,116.22,1.219,40.047,0.141
20,ec.gp.GPIndividual@718341258{661484318},3C_20_66-02.txt,154.245,1.000,154.245,3,6.547,4.24,2.182,40.047,0.141
20,ec.gp.GPIndividual@718341258{661484318},3C_20_66-01.txt,7.322,1.000,7.322,6,15.656,213.82,2.609,40.047,0.141
20,ec.gp.GPIndividual@718341258{661484318},3C_20_50-03.txt,30.993,1.000,30.993,18,33.453,107.94,1.859,40.047,0.141
20,ec.gp.GPIndividual@718341258{661484318},3C_20_66-03.txt,118.340,1.000,118.340,4,22.797,19.26,5.699,40.047,0.141
20,ec.gp.GPIndividual@718341258{661484318},3C_20_66-02.txt,154.245,1.000,154.245,6,17.438,11.31,2.906,40.047,0.141
20,ec.gp.GPIndividual@718341258{661484318},3C_20_66-03.txt,118.340,1.000,118.340,9,138.563,117.09,15.396,43.734,0.141
20,ec.gp.GPIndividual@718341258{661484318},3C_20_80-03.txt,169.439,1.000,169.439,2,14.109,8.33,7.055,43.734,0.141
20,ec.gp.GPIndividual@718341258{661484318},3C_20_80-02.txt,35.738,1.000,35.738,3,65.703,183.85,21.901,43.734,0.141
20,ec.gp.GPIndividual@718341258{661484318},3C_20_80-01.txt,4.194,1.000,4.194,5,4.672,111.38,0.934,43.734,0.141
20,ec.gp.GPIndividual@718341258{661484318},3C_20_80-02.txt,35.738,1.000,35.738,1,0.297,0.83,0.297,43.734,0.141
20,ec.gp.GPIndividual@718341258{661484318},3C_20_80-03.txt,169.439,1.000,169.439,1,3.734,2.20,3.734,43.734,0.141
20,ec.gp.GPIndividual@718341258{661484318},3C_20_66-01.txt,7.322,1.000,7.322,1,34.922,476.93,34.922,43.734,0.141
20,ec.gp.GPIndividual@718341258{661484318},3C_20_80-01.txt,4.194,1.000,4.194,4,4.203,100.21,1.051,43.734,0.141
20,ec.gp.GPIndividual@718341258{661484318},3C_20_80-02.txt,35.738,1.000,35.738,2,1.875,5.25,0.938,43.734,0.141
20,ec.gp.GPIndividual@718341258{661484318},3C_20_80-03.txt,169.439,1.000,169.439,16,168.438,99.41,10.527,66.047,0.141
20,ec.gp.GPIndividual@741196874{-1935834838},3C_20_50-02.txt,61.404,1.000,61.404,0,0.000,0.00,0.000,0.000,0.000
20,ec.gp.GPIndividual@741196874{-1935834838},3C_20_50-03.txt,30.993,1.000,30.993,0,0.000,0.00,0.000,0.000,0.000
20,ec.gp.GPIndividual@741196874{-1935834838},3C_20_66-01.txt,7.322,1.000,7.322,0,0.000,0.00,0.000,0.000,0.000
20,ec.gp.GPIndividual@741196874{-1935834838},3C_20_66-02.txt,154.245,1.000,154.245,0,0.000,0.00,0.000,0.000,0.000
20,ec.gp.GPIndividual@741196874{-1935834838},3C_20_66-03.txt,118.340,1.000,118.340,0,0.000,0.00,0.000,0.000,0.000
20,ec.gp.GPIndividual@741196874{-1935834838},3C_20_80-01.txt,4.194,1.000,4.194,0,0.000,0.00,0.000,0.000,0.000
20,ec.gp.GPIndividual@741196874{-1935834838},3C_20_80-02.txt,35.738,1.000,35.738,0,0.000,0.00,0.000,0.000,0.000
20,ec.gp.GPIndividual@741196874{-1935834838},3C_20_80-03.txt,169.439,1.000,169.439,0,0.000,0.00,0.000,0.000,0.000
20,ec.gp.GPIndividual@1641578332{1096608486},3C_20_50-02.txt,61.404,1.000,61.404,0,0.000,0.00,0.000,0.000,0.000
20,ec.gp.GPIndividual@1641578332{1096608486},3C_20_50-03.txt,30.993,1.000,30.993,0,0.000,0.00,0.000,0.000,0.000
20,ec.gp.GPIndividual@1641578332{1096608486},3C_20_66-01.txt,7.322,1.000,7.322,0,0.000,0.00,0.000,0.000,0.000
20,ec.gp.GPIndividual@1641578332{1096608486},3C_20_66-02.txt,154.245,1.000,154.245,0,0.000,0.00,0.000,0.000,0.000
20,ec.gp.GPIndividual@1641578332{1096608486},3C_20_66-03.txt,118.340,1.000,118.340,0,0.000,0.00,0.000,0.000,0.000
20,ec.gp.GPIndividual@1641578332{1096608486},3C_20_80-01.txt,4.194,1.000,4.194,0,0.000,0.00,0.000,0.000,0.000
20,ec.gp.GPIndividual@1641578332{1096608486},3C_20_80-02.txt,35.738,1.000,35.738,0,0.000,0.00,0.000,0.000,0.000
20,ec.gp.GPIndividual@1641578332{1096608486},3C_20_80-03.txt,169.439,1.000,169.439,0,0.000,0.00,0.000,0.000,0.000
20,ec.gp.GPIndividual@1039334621{1416586323},3C_20_50-02.txt,61.404,1.000,61.404,8,45.359,73.87,5.670,30.203,0.219
20,ec.gp.GPIndividual@6363232{-1899903344},3C_20_50-02.txt,61.404,1.000,61.404,6,44.641,72.70,7.440,21.750,0.188
20,ec.gp.GPIndividual@308423929{1965950389},3C_20_50-02.txt,61.404,1.000,61.404,1,0.219,0.36,0.219,0.219,0.219
20,ec.gp.GPIndividual@308423929{1965950389},3C_20_50-03.txt,30.993,1.000,30.993,1,2.844,9.18,2.844,2.844,0.219
20,ec.gp.GPIndividual@308423929{1965950389},3C_20_66-01.txt,7.322,1.000,7.322,1,0.594,8.11,0.594,2.844,0.219
20,ec.gp.GPIndividual@308423929{1965950389},3C_20_66-02.txt,154.245,1.000,154.245,1,1.469,0.95,1.469,2.844,0.219
20,ec.gp.GPIndividual@308423929{1965950389},3C_20_66-03.txt,118.340,1.000,118.340,1,3.609,3.05,3.609,3.609,0.219
20,ec.gp.GPIndividual@308423929{1965950389},3C_20_80-01.txt,4.194,1.000,4.194,1,0.719,17.14,0.719,3.609,0.219
20,ec.gp.GPIndividual@308423929{1965950389},3C_20_80-02.txt,35.738,1.000,35.738,1,1.156,3.24,1.156,3.609,0.219
20,ec.gp.GPIndividual@308423929{1965950389},3C_20_80-03.txt,169.439,1.000,169.439,2,17.578,10.37,8.789,14.141,0.219
20,ec.gp.GPIndividual@527129232{-79252655},3C_20_50-02.txt,61.404,1.000,61.404,5,60.828,99.06,12.166,56.188,0.219
20,ec.gp.GPIndividual@527129232{-79252655},3C_20_66-02.txt,154.245,1.000,154.245,13,198.828,128.90,15.294,56.188,0.219
20,ec.gp.GPIndividual@527129232{-79252655},3C_20_50-03.txt,30.993,1.000,30.993,6,31.563,101.84,5.260,56.188,0.219
20,ec.gp.GPIndividual@527129232{-79252655},3C_20_66-03.txt,118.340,1.000,118.340,2,4.969,4.20,2.484,56.188,0.219
20,ec.gp.GPIndividual@527129232{-79252655},3C_20_66-01.txt,7.322,1.000,7.322,7,7.594,103.71,1.085,56.188,0.219
20,ec.gp.GPIndividual@527129232{-79252655},3C_20_80-01.txt,4.194,1.000,4.194,4,3.484,83.07,0.871,56.188,0.219
20,ec.gp.GPIndividual@527129232{-79252655},3C_20_66-02.txt,154.245,1.000,154.245,15,176.734,114.58,11.782,56.188,0.219
20,ec.gp.GPIndividual@527129232{-79252655},3C_20_50-03.txt,30.993,1.000,30.993,1,49.156,158.61,49.156,56.188,0.219
20,ec.gp.GPIndividual@527129232{-79252655},3C_20_80-02.txt,35.738,1.000,35.738,6,26.875,75.20,4.479,56.188,0.219
20,ec.gp.GPIndividual@527129232{-79252655},3C_20_50-03.txt,30.993,1.000,30.993,7,34.203,110.36,4.886,56.188,0.219
20,ec.gp.GPIndividual@527129232{-79252655},3C_20_66-03.txt,118.340,1.000,118.340,10,124.234,104.98,12.423,56.188,0.219
20,ec.gp.GPIndividual@527129232{-79252655},3C_20_80-03.txt,169.439,1.000,169.439,7,188.406,111.19,26.915,56.188,0.219
20,ec.gp.GPIndividual@527129232{-79252655},3C_20_66-01.txt,7.322,1.000,7.322,6,15.625,213.39,2.604,56.188,0.219
20,ec.gp.GPIndividual@1110251703{-372916285},3C_20_50-02.txt,61.404,1.000,61.404,1,0.234,0.38,0.234,0.234,0.234
20,ec.gp.GPIndividual@1110251703{-372916285},3C_20_50-03.txt,30.993,1.000,30.993,2,56.359,181.85,28.180,55.297,0.234
20,ec.gp.GPIndividual@1110251703{-372916285},3C_20_66-01.txt,7.322,1.000,7.322,1,2.313,31.58,2.313,55.297,0.234
20,ec.gp.GPIndividual@1110251703{-372916285},3C_20_66-01.txt,7.322,1.000,7.322,2,1.125,15.36,0.563,55.297,0.234
20,ec.gp.GPIndividual@1110251703{-372916285},3C_20_66-02.txt,154.245,1.000,154.245,2,2.281,1.48,1.141,55.297,0.234
20,ec.gp.GPIndividual@1110251703{-372916285},3C_20_66-03.txt,118.340,1.000,118.340,4,31.109,26.29,7.777,55.297,0.234
20,ec.gp.GPIndividual@1110251703{-372916285},3C_20_80-01.txt,4.194,1.000,4.194,1,0.844,20.12,0.844,55.297,0.234
20,ec.gp.GPIndividual@1110251703{-372916285},3C_20_80-02.txt,35.738,1.000,35.738,1,1.344,3.76,1.344,55.297,0.234
20,ec.gp.GPIndividual@1110251703{-372916285},3C_20_80-03.txt,169.439,1.000,169.439,1,12.063,7.12,12.063,55.297,0.234
20,ec.gp.GPIndividual@1110251703{-372916285},3C_20_66-02.txt,154.245,1.000,154.245,1,3.563,2.31,3.563,55.297,0.234
20,ec.gp.GPIndividual@2132690174{2044731134},3C_20_50-02.txt,61.404,1.000,61.404,1,0.234,0.38,0.234,0.234,0.234
20,ec.gp.GPIndividual@2132690174{2044731134},3C_20_50-03.txt,30.993,1.000,30.993,5,6.625,21.38,1.325,2.641,0.234
20,ec.gp.GPIndividual@2132690174{2044731134},3C_20_66-01.txt,7.322,1.000,7.322,1,0.609,8.32,0.609,2.641,0.234
20,ec.gp.GPIndividual@2132690174{2044731134},3C_20_66-02.txt,154.245,1.000,154.245,2,2.250,1.46,1.125,2.641,0.234
20,ec.gp.GPIndividual@2132690174{2044731134},3C_20_66-03.txt,118.340,1.000,118.340,1,3.828,3.23,3.828,3.828,0.234
20,ec.gp.GPIndividual@2132690174{2044731134},3C_20_80-01.txt,4.194,1.000,4.194,1,0.688,16.39,0.688,3.828,0.234
20,ec.gp.GPIndividual@2132690174{2044731134},3C_20_80-02.txt,35.738,1.000,35.738,10,34.281,95.92,3.428,23.078,0.234
20,ec.gp.GPIndividual@2132690174{2044731134},3C_20_66-02.txt,154.245,1.000,154.245,6,17.609,11.42,2.935,23.078,0.234
20,ec.gp.GPIndividual@2132690174{2044731134},3C_20_80-03.txt,169.439,1.000,169.439,2,60.656,35.80,30.328,36.391,0.234
20,ec.gp.GPIndividual@2132690174{2044731134},3C_20_80-01.txt,4.194,1.000,4.194,2,4.531,108.03,2.266,36.391,0.234
20,ec.gp.GPIndividual@1251195968{-1031375283},3C_20_50-02.txt,61.404,1.000,61.404,14,60.641,98.76,4.331,25.563,0.219
20,ec.gp.GPIndividual@1251195968{-1031375283},3C_20_66-03.txt,118.340,1.000,118.340,6,82.438,69.66,13.740,25.563,0.219
20,ec.gp.GPIndividual@1251195968{-1031375283},3C_20_66-03.txt,118.340,1.000,118.340,10,115.906,97.94,11.591,38.828,0.219
20,ec.gp.GPIndividual@1251195968{-1031375283},3C_20_50-03.txt,30.993,1.000,30.993,3,46.000,148.42,15.333,38.828,0.219
20,ec.gp.GPIndividual@1251195968{-1031375283},3C_20_80-01.txt,4.194,1.000,4.194,3,5.828,138.95,1.943,38.828,0.219
20,ec.gp.GPIndividual@1251195968{-1031375283},3C_20_66-01.txt,7.322,1.000,7.322,1,2.609,35.64,2.609,38.828,0.219
20,ec.gp.GPIndividual@1251195968{-1031375283},3C_20_80-01.txt,4.194,1.000,4.194,6,4.109,97.97,0.685,38.828,0.109
20,ec.gp.GPIndividual@1251195968{-1031375283},3C_20_80-02.txt,35.738,1.000,35.738,14,48.672,136.19,3.477,38.828,0.109
20,ec.gp.GPIndividual@1251195968{-1031375283},3C_20_80-02.txt,35.738,1.000,35.738,8,36.094,101.00,4.512,38.828,0.109
20,ec.gp.GPIndividual@1251195968{-1031375283},3C_20_80-02.txt,35.738,1.000,35.738,3,5.469,15.30,1.823,38.828,0.109
20,ec.gp.GPIndividual@1251195968{-1031375283},3C_20_80-03.txt,169.439,1.000,169.439,8,105.469,62.25,13.184,57.344,0.109
20,ec.gp.GPIndividual@1251195968{-1031375283},3C_20_80-03.txt,169.439,1.000,169.439,4,181.281,106.99,45.320,66.719,0.109
20,ec.gp.GPIndividual@1251195968{-1031375283},3C_20_66-02.txt,154.245,1.000,154.245,6,19.844,12.87,3.307,66.719,0.109
20,ec.gp.GPIndividual@1251195968{-1031375283},3C_20_80-03.txt,169.439,1.000,169.439,3,72.828,42.98,24.276,66.719,0.109
20,ec.gp.GPIndividual@1828440531{1896524879},3C_20_50-02.txt,61.404,1.000,61.404,6,53.766,87.56,8.961,41.484,0.219
20,ec.gp.GPIndividual@495960000{792283448},3C_20_50-02.txt,61.404,1.000,61.404,1,0.234,0.38,0.234,0.234,0.234
20,ec.gp.GPIndividual@495960000{792283448},3C_20_50-03.txt,30.993,1.000,30.993,2,8.781,28.33,4.391,6.344,0.234
20,ec.gp.GPIndividual@495960000{792283448},3C_20_66-01.txt,7.322,1.000,7.322,1,0.719,9.82,0.719,6.344,0.234
20,ec.gp.GPIndividual@495960000{792283448},3C_20_66-02.txt,154.245,1.000,154.245,1,1.469,0.95,1.469,6.344,0.234
20,ec.gp.GPIndividual@495960000{792283448},3C_20_66-03.txt,118.340,1.000,118.340,2,23.766,20.08,11.883,20.094,0.234
20,ec.gp.GPIndividual@495960000{792283448},3C_20_80-01.txt,4.194,1.000,4.194,1,0.703,16.76,0.703,20.094,0.234
20,ec.gp.GPIndividual@495960000{792283448},3C_20_80-02.txt,35.738,1.000,35.738,1,1.234,3.45,1.234,20.094,0.234
20,ec.gp.GPIndividual@495960000{792283448},3C_20_80-03.txt,169.439,1.000,169.439,2,13.672,8.07,6.836,20.094,0.234
20,ec.gp.GPIndividual@626553938{-1125500715},3C_20_50-02.txt,61.404,1.000,61.404,10,76.109,123.95,7.611,21.656,0.188
20,ec.gp.GPIndividual@626553938{-1125500715},3C_20_66-01.txt,7.322,1.000,7.322,6,5.797,79.17,0.966,21.656,0.188
20,ec.gp.GPIndividual@626553938{-1125500715},3C_20_50-03.txt,30.993,1.000,30.993,6,27.141,87.57,4.523,21.656,0.188
20,ec.gp.GPIndividual@626553938{-1125500715},3C_20_80-01.txt,4.194,1.000,4.194,4,13.828,329.67,3.457,21.656,0.188
20,ec.gp.GPIndividual@626553938{-1125500715},3C_20_66-02.txt,154.245,1.000,154.245,16,163.844,106.22,10.240,56.703,0.188
20,ec.gp.GPIndividual@626553938{-1125500715},3C_20_66-01.txt,7.322,1.000,7.322,7,6.328,86.42,0.904,56.703,0.188
20,ec.gp.GPIndividual@626553938{-1125500715},3C_20_66-02.txt,154.245,1.000,154.245,10,128.188,83.11,12.819,56.703,0.188
20,ec.gp.GPIndividual@626553938{-1125500715},3C_20_80-02.txt,35.738,1.000,35.738,4,47.391,132.61,11.848,56.703,0.188
20,ec.gp.GPIndividual@626553938{-1125500715},3C_20_66-03.txt,118.340,1.000,118.340,9,154.109,130.23,17.123,56.703,0.188
20,ec.gp.GPIndividual@626553938{-1125500715},3C_20_80-03.txt,169.439,1.000,169.439,5,156.313,92.25,31.263,66.031,0.188
20,ec.gp.GPIndividual@626553938{-1125500715},3C_20_66-03.txt,118.340,1.000,118.340,6,135.500,114.50,22.583,66.031,0.188
20,ec.gp.GPIndividual@1757676748{1126965631},3C_20_50-02.txt,61.404,1.000,61.404,7,39.406,64.17,5.629,15.422,0.156
20,ec.gp.GPIndividual@1757676748{1126965631},3C_20_80-01.txt,4.194,1.000,4.194,2,21.922,522.64,10.961,21.391,0.156
20,ec.gp.GPIndividual@1757676748{1126965631},3C_20_80-01.txt,4.194,1.000,4.194,1,20.906,498.42,20.906,21.391,0.156
20,ec.gp.GPIndividual@1757676748{1126965631},3C_20_50-03.txt,30.993,1.000,30.993,16,33.500,108.09,2.094,21.391,0.156
20,ec.gp.GPIndividual@1757676748{1126965631},3C_20_80-02.txt,35.738,1.000,35.738,9,32.297,90.37,3.589,21.391,0.156
20,ec.gp.GPIndividual@1757676748{1126965631},3C_20_80-02.txt,35.738,1.000,35.738,8,29.047,81.28,3.631,21.391,0.156
20,ec.gp.GPIndividual@1757676748{1126965631},3C_20_80-03.txt,169.439,1.000,169.439,1,6.734,3.97,6.734,21.391,0.156
20,ec.gp.GPIndividual@1757676748{1126965631},3C_20_66-01.txt,7.322,1.000,7.322,3,10.156,138.71,3.385,21.391,0.156
20,ec.gp.GPIndividual@1757676748{1126965631},3C_20_80-03.txt,169.439,1.000,169.439,9,170.984,100.91,18.998,66.422,0.156
20,ec.gp.GPIndividual@996777321{-299067724},3C_20_50-02.txt,61.404,1.000,61.404,0,0.000,0.00,0.000,0.000,0.000
20,ec.gp.GPIndividual@996777321{-299067724},3C_20_50-03.txt,30.993,1.000,30.993,0,0.000,0.00,0.000,0.000,0.000
20,ec.gp.GPIndividual@996777321{-299067724},3C_20_66-01.txt,7.322,1.000,7.322,0,0.000,0.00,0.000,0.000,0.000
20,ec.gp.GPIndividual@996777321{-299067724},3C_20_66-02.txt,154.245,1.000,154.245,0,0.000,0.00,0.000,0.000,0.000
20,ec.gp.GPIndividual@996777321{-299067724},3C_20_66-03.txt,118.340,1.000,118.340,0,0.000,0.00,0.000,0.000,0.000
20,ec.gp.GPIndividual@996777321{-299067724},3C_20_80-01.txt,4.194,1.000,4.194,0,0.000,0.00,0.000,0.000,0.000
20,ec.gp.GPIndividual@996777321{-299067724},3C_20_80-02.txt,35.738,1.000,35.738,0,0.000,0.00,0.000,0.000,0.000
20,ec.gp.GPIndividual@996777321{-299067724},3C_20_80-03.txt,169.439,1.000,169.439,0,0.000,0.00,0.000,0.000,0.000
21,ec.gp.GPIndividual@377943806{-215577116},3C_20_50-02.txt,61.404,1.000,61.404,0,0.000,0.00,0.000,0.000,0.000
21,ec.gp.GPIndividual@377943806{-215577116},3C_20_50-03.txt,30.993,1.000,30.993,0,0.000,0.00,0.000,0.000,0.000
21,ec.gp.GPIndividual@377943806{-215577116},3C_20_66-01.txt,7.322,1.000,7.322,0,0.000,0.00,0.000,0.000,0.000
21,ec.gp.GPIndividual@377943806{-215577116},3C_20_66-02.txt,154.245,1.000,154.245,0,0.000,0.00,0.000,0.000,0.000
21,ec.gp.GPIndividual@377943806{-215577116},3C_20_66-03.txt,118.340,1.000,118.340,0,0.000,0.00,0.000,0.000,0.000
21,ec.gp.GPIndividual@377943806{-215577116},3C_20_80-01.txt,4.194,1.000,4.194,0,0.000,0.00,0.000,0.000,0.000
21,ec.gp.GPIndividual@377943806{-215577116},3C_20_80-02.txt,35.738,1.000,35.738,0,0.000,0.00,0.000,0.000,0.000
21,ec.gp.GPIndividual@377943806{-215577116},3C_20_80-03.txt,169.439,1.000,169.439,0,0.000,0.00,0.000,0.000,0.000
21,ec.gp.GPIndividual@785747125{2026082611},3C_20_50-02.txt,61.404,1.000,61.404,3,0.891,1.45,0.297,0.297,0.297
21,ec.gp.GPIndividual@785747125{2026082611},3C_20_50-03.txt,30.993,1.000,30.993,4,1.344,4.34,0.336,0.453,0.297
21,ec.gp.GPIndividual@785747125{2026082611},3C_20_50-03.txt,30.993,1.000,30.993,8,19.188,61.91,2.398,4.406,0.297
21,ec.gp.GPIndividual@785747125{2026082611},3C_20_66-01.txt,7.322,1.000,7.322,5,7.344,100.29,1.469,4.406,0.172
21,ec.gp.GPIndividual@785747125{2026082611},3C_20_66-01.txt,7.322,1.000,7.322,1,0.813,11.10,0.813,4.406,0.172
21,ec.gp.GPIndividual@785747125{2026082611},3C_20_66-02.txt,154.245,1.000,154.245,6,12.219,7.92,2.036,4.406,0.172
21,ec.gp.GPIndividual@785747125{2026082611},3C_20_66-02.txt,154.245,1.000,154.245,1,2.438,1.58,2.438,4.406,0.172
21,ec.gp.GPIndividual@785747125{2026082611},3C_20_66-03.txt,118.340,1.000,118.340,4,7.609,6.43,1.902,4.406,0.172
21,ec.gp.GPIndividual@785747125{2026082611},3C_20_66-03.txt,118.340,1.000,118.340,1,6.031,5.10,6.031,6.031,0.172
21,ec.gp.GPIndividual@785747125{2026082611},3C_20_80-01.txt,4.194,1.000,4.194,1,1.469,35.02,1.469,6.031,0.172
21,ec.gp.GPIndividual@785747125{2026082611},3C_20_80-02.txt,35.738,1.000,35.738,1,2.094,5.86,2.094,6.031,0.172
21,ec.gp.GPIndividual@785747125{2026082611},3C_20_80-03.txt,169.439,1.000,169.439,3,16.344,9.65,5.448,6.313,0.172
21,ec.gp.GPIndividual@577368197{-372916285},3C_20_50-02.txt,61.404,1.000,61.404,1,0.516,0.84,0.516,0.516,0.516
21,ec.gp.GPIndividual@577368197{-372916285},3C_20_50-03.txt,30.993,1.000,30.993,2,8.281,26.72,4.141,4.641,0.516
21,ec.gp.GPIndividual@577368197{-372916285},3C_20_66-01.txt,7.322,1.000,7.322,1,1.094,14.94,1.094,4.641,0.516
21,ec.gp.GPIndividual@577368197{-372916285},3C_20_66-02.txt,154.245,1.000,154.245,2,6.625,4.30,3.313,4.641,0.516
21,ec.gp.GPIndividual@577368197{-372916285},3C_20_66-03.txt,118.340,1.000,118.340,1,3.875,3.27,3.875,4.641,0.516
21,ec.gp.GPIndividual@577368197{-372916285},3C_20_80-01.txt,4.194,1.000,4.194,2,1.953,46.56,0.977,4.641,0.516
21,ec.gp.GPIndividual@577368197{-372916285},3C_20_80-02.txt,35.738,1.000,35.738,2,8.109,22.69,4.055,6.000,0.516
21,ec.gp.GPIndividual@577368197{-372916285},3C_20_80-01.txt,4.194,1.000,4.194,2,2.500,59.60,1.250,6.000,0.516
21,ec.gp.GPIndividual@577368197{-372916285},3C_20_80-02.txt,35.738,1.000,35.738,1,1.266,3.54,1.266,6.000,0.516
21,ec.gp.GPIndividual@577368197{-372916285},3C_20_80-03.txt,169.439,1.000,169.439,1,2.016,1.19,2.016,6.000,0.516
21,ec.gp.GPIndividual@577368197{-372916285},3C_20_80-03.txt,169.439,1.000,169.439,2,12.938,7.64,6.469,6.656,0.516
21,ec.gp.GPIndividual@148366337{723968613},3C_20_50-02.txt,61.404,1.000,61.404,1,0.531,0.87,0.531,0.531,0.531
21,ec.gp.GPIndividual@148366337{723968613},3C_20_50-03.txt,30.993,1.000,30.993,1,5.156,16.64,5.156,5.156,0.531
21,ec.gp.GPIndividual@1693124819{1271691966},3C_20_50-02.txt,61.404,1.000,61.404,2,5.141,8.37,2.570,4.609,0.531
21,ec.gp.GPIndividual@1693124819{1271691966},3C_20_66-01.txt,7.322,1.000,7.322,2,2.875,39.26,1.438,4.609,0.531
21,ec.gp.GPIndividual@1693124819{1271691966},3C_20_66-02.txt,154.245,1.000,154.245,3,51.125,33.15,17.042,46.219,0.531
21,ec.gp.GPIndividual@1693124819{1271691966},3C_20_66-03.txt,118.340,1.000,118.340,4,69.828,59.01,17.457,57.266,0.531
21,ec.gp.GPIndividual@1693124819{1271691966},3C_20_80-01.txt,4.194,1.000,4.194,1,58.484,1394.32,58.484,58.484,0.531
21,ec.gp.GPIndividual@1693124819{1271691966},3C_20_50-03.txt,30.993,1.000,30.993,1,1.234,3.98,1.234,58.484,0.531
21,ec.gp.GPIndividual@1693124819{1271691966},3C_20_80-02.txt,35.738,1.000,35.738,1,59.609,166.79,59.609,59.609,0.531
21,ec.gp.GPIndividual@1693124819{1271691966},3C_20_50-03.txt,30.993,1.000,30.993,9,31.938,103.05,3.549,59.609,0.531
21,ec.gp.GPIndividual@1693124819{1271691966},3C_20_66-01.txt,7.322,1.000,7.322,2,6.984,95.39,3.492,59.609,0.531
21,ec.gp.GPIndividual@1693124819{1271691966},3C_20_80-03.txt,169.439,1.000,169.439,5,12.438,7.34,2.488,59.609,0.531
21,ec.gp.GPIndividual@1850473389{349060919},3C_20_50-02.txt,61.404,1.000,61.404,7,82.594,134.51,11.799,43.391,0.531
21,ec.gp.GPIndividual@1850473389{349060919},3C_20_50-03.txt,30.993,1.000,30.993,2,26.797,86.46,13.398,43.391,0.531
21,ec.gp.GPIndividual@1850473389{349060919},3C_20_50-03.txt,30.993,1.000,30.993,4,62.859,202.82,15.715,45.078,0.531
21,ec.gp.GPIndividual@1850473389{349060919},3C_20_50-03.txt,30.993,1.000,30.993,5,29.922,96.55,5.984,45.078,0.531
21,ec.gp.GPIndividual@1850473389{349060919},3C_20_66-01.txt,7.322,1.000,7.322,4,9.844,134.44,2.461,45.078,0.531
21,ec.gp.GPIndividual@1850473389{349060919},3C_20_50-03.txt,30.993,1.000,30.993,1,0.344,1.11,0.344,45.078,0.344
21,ec.gp.GPIndividual@1850473389{349060919},3C_20_66-01.txt,7.322,1.000,7.322,5,11.344,154.92,2.269,45.078,0.344
21,ec.gp.GPIndividual@1850473389{349060919},3C_20_66-01.txt,7.322,1.000,7.322,4,7.438,101.57,1.859,45.078,0.344
21,ec.gp.GPIndividual@1850473389{349060919},3C_20_66-02.txt,154.245,1.000,154.245,2,10.406,6.75,5.203,45.078,0.344
21,ec.gp.GPIndividual@1850473389{349060919},3C_20_66-01.txt,7.322,1.000,7.322,6,7.813,106.70,1.302,45.078,0.344
21,ec.gp.GPIndividual@1850473389{349060919},3C_20_66-02.txt,154.245,1.000,154.245,2,3.359,2.18,1.680,45.078,0.344
21,ec.gp.GPIndividual@1850473389{349060919},3C_20_66-01.txt,7.322,1.000,7.322,5,7.406,101.15,1.481,45.078,0.344
21,ec.gp.GPIndividual@1850473389{349060919},3C_20_66-03.txt,118.340,1.000,118.340,1,2.469,2.09,2.469,45.078,0.344
21,ec.gp.GPIndividual@1850473389{349060919},3C_20_66-02.txt,154.245,1.000,154.245,22,185.172,120.05,8.417,45.078,0.344
21,ec.gp.GPIndividual@1850473389{349060919},3C_20_66-03.txt,118.340,1.000,118.340,6,116.828,98.72,19.471,45.078,0.344
21,ec.gp.GPIndividual@1850473389{349060919},3C_20_66-02.txt,154.245,1.000,154.245,13,97.922,63.48,7.532,45.078,0.344
21,ec.gp.GPIndividual@1850473389{349060919},3C_20_66-03.txt,118.340,1.000,118.340,5,131.406,111.04,26.281,45.078,0.344
21,ec.gp.GPIndividual@1850473389{349060919},3C_20_66-03.txt,118.340,1.000,118.340,4,115.953,97.98,28.988,51.578,0.344
21,ec.gp.GPIndividual@1850473389{349060919},3C_20_80-01.txt,4.194,1.000,4.194,2,3.875,92.38,1.938,51.578,0.344
21,ec.gp.GPIndividual@1850473389{349060919},3C_20_80-01.txt,4.194,1.000,4.194,4,16.563,394.86,4.141,51.578,0.344
21,ec.gp.GPIndividual@1850473389{349060919},3C_20_66-02.txt,154.245,1.000,154.245,1,0.156,0.10,0.156,51.578,0.156
21,ec.gp.GPIndividual@1850473389{349060919},3C_20_80-02.txt,35.738,1.000,35.738,13,48.641,136.10,3.742,51.578,0.156
21,ec.gp.GPIndividual@1850473389{349060919},3C_20_66-02.txt,154.245,1.000,154.245,12,115.047,74.59,9.587,51.578,0.156
21,ec.gp.GPIndividual@1850473389{349060919},3C_20_80-01.txt,4.194,1.000,4.194,1,26.797,638.86,26.797,51.578,0.156
21,ec.gp.GPIndividual@1850473389{349060919},3C_20_66-03.txt,118.340,1.000,118.340,12,120.578,101.89,10.048,51.578,0.156
21,ec.gp.GPIndividual@1850473389{349060919},3C_20_66-03.txt,118.340,1.000,118.340,5,134.281,113.47,26.856,60.563,0.156
21,ec.gp.GPIndividual@1850473389{349060919},3C_20_80-02.txt,35.738,1.000,35.738,7,39.516,110.57,5.645,60.563,0.156
21,ec.gp.GPIndividual@1850473389{349060919},3C_20_80-01.txt,4.194,1.000,4.194,3,3.328,79.35,1.109,60.563,0.156
21,ec.gp.GPIndividual@1850473389{349060919},3C_20_80-02.txt,35.738,1.000,35.738,6,45.406,127.05,7.568,60.563,0.156
21,ec.gp.GPIndividual@1850473389{349060919},3C_20_80-03.txt,169.439,1.000,169.439,3,7.328,4.32,2.443,60.563,0.156
21,ec.gp.GPIndividual@1850473389{349060919},3C_20_80-03.txt,169.439,1.000,169.439,5,109.813,64.81,21.963,60.563,0.156
21,ec.gp.GPIndividual@1850473389{349060919},3C_20_80-01.txt,4.194,1.000,4.194,3,3.469,82.70,1.156,60.563,0.156
21,ec.gp.GPIndividual@1850473389{349060919},3C_20_80-02.txt,35.738,1.000,35.738,7,26.047,72.88,3.721,60.563,0.156
21,ec.gp.GPIndividual@1850473389{349060919},3C_20_80-03.txt,169.439,1.000,169.439,3,97.906,57.78,32.635,60.563,0.156
21,ec.gp.GPIndividual@1850473389{349060919},3C_20_80-02.txt,35.738,1.000,35.738,5,68.125,190.62,13.625,61.844,0.156
21,ec.gp.GPIndividual@1328727241{1802896329},3C_20_50-02.txt,61.404,1.000,61.404,3,126.375,205.81,42.125,66.547,0.406
21,ec.gp.GPIndividual@1328727241{1802896329},3C_20_80-03.txt,169.439,1.000,169.439,1,0.672,0.40,0.672,66.547,0.406
21,ec.gp.GPIndividual@1328727241{1802896329},3C_20_50-03.txt,30.993,1.000,30.993,2,2.609,8.42,1.305,66.547,0.406
21,ec.gp.GPIndividual@165714332{908014937},3C_20_50-02.txt,61.404,1.000,61.404,1,0.500,0.81,0.500,0.500,0.500
21,ec.gp.GPIndividual@165714332{908014937},3C_20_50-03.txt,30.993,1.000,30.993,2,9.063,29.24,4.531,4.594,0.500
21,ec.gp.GPIndividual@165714332{908014937},3C_20_66-01.txt,7.322,1.000,7.322,1,1.281,17.50,1.281,4.594,0.500
21,ec.gp.GPIndividual@165714332{908014937},3C_20_66-02.txt,154.245,1.000,154.245,2,9.484,6.15,4.742,6.922,0.500
21,ec.gp.GPIndividual@165714332{908014937},3C_20_66-03.txt,118.340,1.000,118.340,3,26.375,22.29,8.792,11.781,0.500
21,ec.gp.GPIndividual@165714332{908014937},3C_20_80-01.txt,4.194,1.000,4.194,1,1.297,30.92,1.297,11.781,0.500
21,ec.gp.GPIndividual@165714332{908014937},3C_20_80-02.txt,35.738,1.000,35.738,7,27.234,76.21,3.891,11.781,0.500
21,ec.gp.GPIndividual@165714332{908014937},3C_20_66-01.txt,7.322,1.000,7.322,2,46.391,633.56,23.195,45.281,0.500
21,ec.gp.GPIndividual@1806695461{1542197069},3C_20_50-02.txt,61.404,1.000,61.404,1,7.125,11.60,7.125,7.125,7.125
21,ec.gp.GPIndividual@1806695461{1542197069},3C_20_80-03.txt,169.439,1.000,169.439,6,59.891,35.35,9.982,47.750,0.500
21,ec.gp.GPIndividual@1269633918{-1898845898},3C_20_50-02.txt,61.404,1.000,61.404,6,53.984,87.92,8.997,42.688,0.375
21,ec.gp.GPIndividual@1269633918{-1898845898},3C_20_80-03.txt,169.439,1.000,169.439,4,108.781,64.20,27.195,58.953,0.375
21,ec.gp.GPIndividual@1269633918{-1898845898},3C_20_50-03.txt,30.993,1.000,30.993,3,60.859,196.37,20.286,58.953,0.375
21,ec.gp.GPIndividual@1269633918{-1898845898},3C_20_80-01.txt,4.194,1.000,4.194,3,3.313,78.97,1.104,58.953,0.375
21,ec.gp.GPIndividual@1269633918{-1898845898},3C_20_80-02.txt,35.738,1.000,35.738,2,9.406,26.32,4.703,58.953,0.375
21,ec.gp.GPIndividual@1269633918{-1898845898},3C_20_66-01.txt,7.322,1.000,7.322,4,6.391,87.28,1.598,58.953,0.375
21,ec.gp.GPIndividual@1269633918{-1898845898},3C_20_66-02.txt,154.245,1.000,154.245,7,42.156,27.33,6.022,58.953,0.375
21,ec.gp.GPIndividual@567727360{105469839},3C_20_50-02.txt,61.404,1.000,61.404,9,60.281,98.17,6.698,35.859,0.281
21,ec.gp.GPIndividual@567727360{105469839},3C_20_80-01.txt,4.194,1.000,4.194,1,6.547,156.08,6.547,35.859,0.281
21,ec.gp.GPIndividual@567727360{105469839},3C_20_66-03.txt,118.340,1.000,118.340,8,108.609,91.78,13.576,58.438,0.281
21,ec.gp.GPIndividual@567727360{105469839},3C_20_50-03.txt,30.993,1.000,30.993,4,36.750,118.58,9.188,58.438,0.281
21,ec.gp.GPIndividual@567727360{105469839},3C_20_66-01.txt,7.322,1.000,7.322,1,0.719,9.82,0.719,58.438,0.281
21,ec.gp.GPIndividual@567727360{105469839},3C_20_80-03.txt,169.439,1.000,169.439,1,18.453,10.89,18.453,58.438,0.281
21,ec.gp.GPIndividual@567727360{105469839},3C_20_80-01.txt,4.194,1.000,4.194,6,4.141,98.72,0.690,58.438,0.141
21,ec.gp.GPIndividual@567727360{105469839},3C_20_66-02.txt,154.245,1.000,154.245,1,0.859,0.56,0.859,58.438,0.141
21,ec.gp.GPIndividual@567727360{105469839},3C_20_80-02.txt,35.738,1.000,35.738,15,35.406,99.07,2.360,58.438,0.141
21,ec.gp.GPIndividual@1650017001{-662331754},3C_20_50-02.txt,61.404,1.000,61.404,5,16.859,27.46,3.372,8.000,0.297
21,ec.gp.GPIndividual@1650017001{-662331754},3C_20_80-03.txt,169.439,1.000,169.439,1,45.531,26.87,45.531,45.531,0.297
21,ec.gp.GPIndividual@1650017001{-662331754},3C_20_50-03.txt,30.993,1.000,30.993,1,44.750,144.39,44.750,45.531,0.297
21,ec.gp.GPIndividual@1650017001{-662331754},3C_20_80-02.txt,35.738,1.000,35.738,13,38.500,107.73,2.962,45.531,0.297
21,ec.gp.GPIndividual@403964115{-1031375283},3C_20_50-02.txt,61.404,1.000,61.404,3,21.078,34.33,7.026,13.484,0.422
21,ec.gp.GPIndividual@403964115{-1031375283},3C_20_80-03.txt,169.439,1.000,169.439,1,1.000,0.59,1.000,13.484,0.422
21,ec.gp.GPIndividual@403964115{-1031375283},3C_20_66-01.txt,7.322,1.000,7.322,3,23.750,324.36,7.917,21.500,0.422
21,ec.gp.GPIndividual@403964115{-1031375283},3C_20_66-03.txt,118.340,1.000,118.340,13,156.859,132.55,12.066,42.469,0.422
21,ec.gp.GPIndividual@403964115{-1031375283},3C_20_50-03.txt,30.993,1.000,30.993,1,43.328,139.80,43.328,43.328,0.422
21,ec.gp.GPIndividual@1772992456{1317183190},3C_20_50-02.txt,61.404,1.000,61.404,4,34.906,56.85,8.727,31.625,0.281
21,ec.gp.GPIndividual@1772992456{1317183190},3C_20_50-03.txt,30.993,1.000,30.993,6,34.125,110.11,5.688,31.625,0.281
21,ec.gp.GPIndividual@1772992456{1317183190},3C_20_66-02.txt,154.245,1.000,154.245,11,65.188,42.26,5.926,31.625,0.281
21,ec.gp.GPIndividual@1772992456{1317183190},3C_20_80-01.txt,4.194,1.000,4.194,3,3.219,76.74,1.073,31.625,0.281
21,ec.gp.GPIndividual@1772992456{1317183190},3C_20_80-02.txt,35.738,1.000,35.738,8,51.406,143.84,6.426,31.625,0.281
21,ec.gp.GPIndividual@1772992456{1317183190},3C_20_66-01.txt,7.322,1.000,7.322,5,6.484,88.56,1.297,31.625,0.281
21,ec.gp.GPIndividual@1772992456{1317183190},3C_20_66-01.txt,7.322,1.000,7.322,1,11.625,158.76,11.625,31.625,0.281
21,ec.gp.GPIndividual@1772992456{1317183190},3C_20_80-03.txt,169.439,1.000,169.439,15,169.234,99.88,11.282,55.094,0.281
21,ec.gp.GPIndividual@1772992456{1317183190},3C_20_66-02.txt,154.245,1.000,154.245,2,34.859,22.60,17.430,55.094,0.281
21,ec.gp.GPIndividual@1772992456{1317183190},3C_20_66-03.txt,118.340,1.000,118.340,9,42.844,36.20,4.760,55.094,0.281
21,ec.gp.GPIndividual@1772992456{1317183190},3C_20_50-03.txt,30.993,1.000,30.993,4,80.828,260.80,20.207,63.500,0.281
21,ec.gp.GPIndividual@197017391{396712864},3C_20_50-02.txt,61.404,1.000,61.404,7,78.688,128.15,11.241,34.797,0.281
21,ec.gp.GPIndividual@197017391{396712864},3C_20_66-03.txt,118.340,1.000,118.340,1,8.125,6.87,8.125,34.797,0.281
21,ec.gp.GPIndividual@197017391{396712864},3C_20_66-01.txt,7.322,1.000,7.322,3,7.313,99.87,2.438,34.797,0.141
21,ec.gp.GPIndividual@197017391{396712864},3C_20_50-03.txt,30.993,1.000,30.993,8,63.844,206.00,7.980,40.281,0.141
21,ec.gp.GPIndividual@197017391{396712864},3C_20_80-01.txt,4.194,1.000,4.194,3,4.547,108.40,1.516,40.281,0.141
21,ec.gp.GPIndividual@197017391{396712864},3C_20_80-02.txt,35.738,1.000,35.738,5,17.438,48.79,3.488,40.281,0.141
21,ec.gp.GPIndividual@197017391{396712864},3C_20_66-02.txt,154.245,1.000,154.245,9,38.781,25.14,4.309,40.281,0.141
21,ec.gp.GPIndividual@197017391{396712864},3C_20_80-01.txt,4.194,1.000,4.194,1,7.828,186.63,7.828,40.281,0.141
21,ec.gp.GPIndividual@197017391{396712864},3C_20_66-01.txt,7.322,1.000,7.322,8,7.313,99.87,0.914,40.281,0.141
21,ec.gp.GPIndividual@197017391{396712864},3C_20_80-02.txt,35.738,1.000,35.738,9,52.391,146.60,5.821,40.281,0.141
21,ec.gp.GPIndividual@197017391{396712864},3C_20_66-03.txt,118.340,1.000,118.340,7,138.734,117.23,19.819,56.016,0.141
21,ec.gp.GPIndividual@197017391{396712864},3C_20_66-02.txt,154.245,1.000,154.245,1,2.984,1.93,2.984,56.016,0.141
21,ec.gp.GPIndividual@197017391{396712864},3C_20_80-03.txt,169.439,1.000,169.439,9,114.750,67.72,12.750,56.016,0.141
21,ec.gp.GPIndividual@197017391{396712864},3C_20_80-03.txt,169.439,1.000,169.439,4,112.922,66.64,28.230,56.016,0.141
21,ec.gp.GPIndividual@197017391{396712864},3C_20_80-01.txt,4.194,1.000,4.194,3,3.234,77.11,1.078,56.016,0.141
21,ec.gp.GPIndividual@197017391{396712864},3C_20_80-02.txt,35.738,1.000,35.738,6,70.500,197.27,11.750,64.281,0.141
21,ec.gp.GPIndividual@324089272{1913438114},3C_20_50-02.txt,61.404,1.000,61.404,10,63.766,103.85,6.377,28.656,0.266
21,ec.gp.GPIndividual@324089272{1913438114},3C_20_66-03.txt,118.340,1.000,118.340,1,0.266,0.22,0.266,28.656,0.266
21,ec.gp.GPIndividual@324089272{1913438114},3C_20_50-03.txt,30.993,1.000,30.993,1,65.906,212.65,65.906,65.906,0.266
21,ec.gp.GPIndividual@1354663289{-1031375283},3C_20_50-02.txt,61.404,1.000,61.404,6,32.438,52.83,5.406,19.906,0.313
21,ec.gp.GPIndividual@1354663289{-1031375283},3C_20_80-03.txt,169.439,1.000,169.439,9,177.594,104.81,19.733,53.203,0.313
21,ec.gp.GPIndividual@257518591{1784501257},3C_20_50-02.txt,61.404,1.000,61.404,6,57.281,93.29,9.547,44.516,0.281
21,ec.gp.GPIndividual@257518591{1784501257},3C_20_66-02.txt,154.245,1.000,154.245,3,19.219,12.46,6.406,44.516,0.281
21,ec.gp.GPIndividual@257518591{1784501257},3C_20_50-03.txt,30.993,1.000,30.993,6,36.734,118.53,6.122,44.516,0.281
21,ec.gp.GPIndividual@257518591{1784501257},3C_20_66-01.txt,7.322,1.000,7.322,4,6.109,83.44,1.527,44.516,0.281
21,ec.gp.GPIndividual@257518591{1784501257},3C_20_66-01.txt,7.322,1.000,7.322,7,7.547,103.07,1.078,44.516,0.281
21,ec.gp.GPIndividual@257518591{1784501257},3C_20_66-02.txt,154.245,1.000,154.245,1,0.422,0.27,0.422,44.516,0.281
21,ec.gp.GPIndividual@257518591{1784501257},3C_20_66-02.txt,154.245,1.000,154.245,12,164.250,106.49,13.688,65.891,0.281
21,ec.gp.GPIndividual@257518591{1784501257},3C_20_66-03.txt,118.340,1.000,118.340,6,107.203,90.59,17.867,65.891,0.281
21,ec.gp.GPIndividual@257518591{1784501257},3C_20_80-01.txt,4.194,1.000,4.194,2,11.422,272.31,5.711,65.891,0.281
21,ec.gp.GPIndividual@257518591{1784501257},3C_20_80-01.txt,4.194,1.000,4.194,3,14.125,336.75,4.708,65.891,0.281
21,ec.gp.GPIndividual@257518591{1784501257},3C_20_50-03.txt,30.993,1.000,30.993,14,33.484,108.04,2.392,65.891,0.281
21,ec.gp.GPIndividual@257518591{1784501257},3C_20_80-02.txt,35.738,1.000,35.738,1,26.281,73.54,26.281,65.891,0.281
21,ec.gp.GPIndividual@257518591{1784501257},3C_20_66-03.txt,118.340,1.000,118.340,11,66.797,56.45,6.072,65.891,0.281
21,ec.gp.GPIndividual@257518591{1784501257},3C_20_66-03.txt,118.340,1.000,118.340,6,150.016,126.77,25.003,65.891,0.281
21,ec.gp.GPIndividual@257518591{1784501257},3C_20_80-02.txt,35.738,1.000,35.738,5,10.219,28.59,2.044,65.891,0.281
21,ec.gp.GPIndividual@257518591{1784501257},3C_20_80-03.txt,169.439,1.000,169.439,7,174.172,102.79,24.882,65.891,0.281
21,ec.gp.GPIndividual@257518591{1784501257},3C_20_80-01.txt,4.194,1.000,4.194,2,40.328,961.46,20.164,65.891,0.281
21,ec.gp.GPIndividual@257518591{1784501257},3C_20_80-01.txt,4.194,1.000,4.194,1,1.359,32.41,1.359,65.891,0.281
21,ec.gp.GPIndividual@257518591{1784501257},3C_20_80-02.txt,35.738,1.000,35.738,5,20.688,57.89,4.138,65.891,0.281
21,ec.gp.GPIndividual@257518591{1784501257},3C_20_66-01.txt,7.322,1.000,7.322,5,7.328,100.08,1.466,65.891,0.281
21,ec.gp.GPIndividual@257518591{1784501257},3C_20_66-02.txt,154.245,1.000,154.245,1,0.578,0.37,0.578,65.891,0.281
21,ec.gp.GPIndividual@257518591{1784501257},3C_20_80-03.txt,169.439,1.000,169.439,13,161.406,95.26,12.416,67.375,0.281
21,ec.gp.GPIndividual@941191673{367715733},3C_20_50-02.txt,61.404,1.000,61.404,2,8.781,14.30,4.391,8.500,0.281
21,ec.gp.GPIndividual@712504358{1766965488},3C_20_50-02.txt,61.404,1.000,61.404,2,1.672,2.72,0.836,1.250,0.422
21,ec.gp.GPIndividual@712504358{1766965488},3C_20_50-03.txt,30.993,1.000,30.993,2,5.500,17.75,2.750,3.531,0.422
21,ec.gp.GPIndividual@712504358{1766965488},3C_20_66-01.txt,7.322,1.000,7.322,2,2.844,38.84,1.422,3.531,0.422
21,ec.gp.GPIndividual@712504358{1766965488},3C_20_66-02.txt,154.245,1.000,154.245,2,4.188,2.71,2.094,3.531,0.422
21,ec.gp.GPIndividual@712504358{1766965488},3C_20_66-03.txt,118.340,1.000,118.340,1,4.828,4.08,4.828,4.828,0.422
21,ec.gp.GPIndividual@712504358{1766965488},3C_20_80-01.txt,4.194,1.000,4.194,1,1.125,26.82,1.125,4.828,0.422
21,ec.gp.GPIndividual@712504358{1766965488},3C_20_80-02.txt,35.738,1.000,35.738,1,1.625,4.55,1.625,4.828,0.422
21,ec.gp.GPIndividual@712504358{1766965488},3C_20_80-03.txt,169.439,1.000,169.439,1,4.563,2.69,4.563,4.828,0.422
21,ec.gp.GPIndividual@668382349{945279834},3C_20_50-02.txt,61.404,1.000,61.404,5,74.000,120.51,14.800,35.547,0.297
21,ec.gp.GPIndividual@668382349{945279834},3C_20_80-03.txt,169.439,1.000,169.439,6,171.813,101.40,28.635,64.359,0.297
21,ec.gp.GPIndividual@668382349{945279834},3C_20_50-03.txt,30.993,1.000,30.993,3,44.578,143.83,14.859,64.359,0.297
21,ec.gp.GPIndividual@668382349{945279834},3C_20_80-02.txt,35.738,1.000,35.738,5,35.891,100.43,7.178,64.359,0.297
21,ec.gp.GPIndividual@668382349{945279834},3C_20_80-03.txt,169.439,1.000,169.439,1,0.438,0.26,0.438,64.359,0.297
21,ec.gp.GPIndividual@668382349{945279834},3C_20_66-03.txt,118.340,1.000,118.340,4,141.938,119.94,35.484,66.969,0.297
21,ec.gp.GPIndividual@1025201442{1295570354},3C_20_50-02.txt,61.404,1.000,61.404,1,0.000,0.00,0.000,0.000,0.000
21,ec.gp.GPIndividual@1025201442{1295570354},3C_20_50-03.txt,30.993,1.000,30.993,1,0.000,0.00,0.000,0.000,0.000
21,ec.gp.GPIndividual@1025201442{1295570354},3C_20_66-01.txt,7.322,1.000,7.322,1,0.000,0.00,0.000,0.000,0.000
21,ec.gp.GPIndividual@1025201442{1295570354},3C_20_66-02.txt,154.245,1.000,154.245,1,0.000,0.00,0.000,0.000,0.000
21,ec.gp.GPIndividual@1025201442{1295570354},3C_20_66-03.txt,118.340,1.000,118.340,1,0.000,0.00,0.000,0.000,0.000
21,ec.gp.GPIndividual@1025201442{1295570354},3C_20_80-01.txt,4.194,1.000,4.194,1,0.000,0.00,0.000,0.000,0.000
21,ec.gp.GPIndividual@1025201442{1295570354},3C_20_80-02.txt,35.738,1.000,35.738,1,0.000,0.00,0.000,0.000,0.000
21,ec.gp.GPIndividual@1025201442{1295570354},3C_20_80-03.txt,169.439,1.000,169.439,1,0.000,0.00,0.000,0.000,0.000
21,ec.gp.GPIndividual@1068094992{-2018995382},3C_20_50-02.txt,61.404,1.000,61.404,9,59.234,96.47,6.582,20.563,0.297
21,ec.gp.GPIndividual@1068094992{-2018995382},3C_20_50-03.txt,30.993,1.000,30.993,1,18.859,60.85,18.859,20.563,0.297
21,ec.gp.GPIndividual@1068094992{-2018995382},3C_20_66-01.txt,7.322,1.000,7.322,3,18.531,253.08,6.177,20.563,0.297
21,ec.gp.GPIndividual@1068094992{-2018995382},3C_20_50-03.txt,30.993,1.000,30.993,4,38.125,123.01,9.531,23.422,0.297
21,ec.gp.GPIndividual@1680105582{-1550588526},3C_20_50-02.txt,61.404,1.000,61.404,11,15.938,25.95,1.449,5.406,0.281
21,ec.gp.GPIndividual@1680105582{-1550588526},3C_20_50-03.txt,30.993,1.000,30.993,7,30.828,99.47,4.404,7.578,0.156
21,ec.gp.GPIndividual@1680105582{-1550588526},3C_20_66-01.txt,7.322,1.000,7.322,3,7.031,96.03,2.344,7.578,0.156
21,ec.gp.GPIndividual@1680105582{-1550588526},3C_20_66-01.txt,7.322,1.000,7.322,5,7.938,108.40,1.588,7.578,0.156
21,ec.gp.GPIndividual@1680105582{-1550588526},3C_20_66-02.txt,154.245,1.000,154.245,2,1.281,0.83,0.641,7.578,0.156
21,ec.gp.GPIndividual@1680105582{-1550588526},3C_20_66-01.txt,7.322,1.000,7.322,7,7.375,100.72,1.054,7.578,0.156
21,ec.gp.GPIndividual@1680105582{-1550588526},3C_20_66-02.txt,154.245,1.000,154.245,7,51.359,33.30,7.337,23.484,0.156
21,ec.gp.GPIndividual@1680105582{-1550588526},3C_20_80-01.txt,4.194,1.000,4.194,4,4.438,105.79,1.109,23.484,0.156
21,ec.gp.GPIndividual@1680105582{-1550588526},3C_20_80-02.txt,35.738,1.000,35.738,14,39.922,111.71,2.852,23.484,0.156
21,ec.gp.GPIndividual@1680105582{-1550588526},3C_20_66-02.txt,154.245,1.000,154.245,5,25.797,16.72,5.159,23.484,0.156
21,ec.gp.GPIndividual@1680105582{-1550588526},3C_20_66-03.txt,118.340,1.000,118.340,8,120.172,101.55,15.021,37.500,0.156
21,ec.gp.GPIndividual@1680105582{-1550588526},3C_20_66-03.txt,118.340,1.000,118.340,6,143.844,121.55,23.974,54.250,0.156
21,ec.gp.GPIndividual@1680105582{-1550588526},3C_20_80-03.txt,169.439,1.000,169.439,6,132.531,78.22,22.089,54.250,0.156
21,ec.gp.GPIndividual@1680105582{-1550588526},3C_20_66-02.txt,154.245,1.000,154.245,9,186.922,121.19,20.769,65.891,0.156
21,ec.gp.GPIndividual@549904116{2086391504},3C_20_50-02.txt,61.404,1.000,61.404,0,0.000,0.00,0.000,0.000,0.000
21,ec.gp.GPIndividual@549904116{2086391504},3C_20_50-03.txt,30.993,1.000,30.993,0,0.000,0.00,0.000,0.000,0.000
21,ec.gp.GPIndividual@549904116{2086391504},3C_20_66-01.txt,7.322,1.000,7.322,0,0.000,0.00,0.000,0.000,0.000
21,ec.gp.GPIndividual@549904116{2086391504},3C_20_66-02.txt,154.245,1.000,154.245,0,0.000,0.00,0.000,0.000,0.000
21,ec.gp.GPIndividual@549904116{2086391504},3C_20_66-03.txt,118.340,1.000,118.340,0,0.000,0.00,0.000,0.000,0.000
21,ec.gp.GPIndividual@549904116{2086391504},3C_20_80-01.txt,4.194,1.000,4.194,0,0.000,0.00,0.000,0.000,0.000
21,ec.gp.GPIndividual@549904116{2086391504},3C_20_80-02.txt,35.738,1.000,35.738,0,0.000,0.00,0.000,0.000,0.000
21,ec.gp.GPIndividual@549904116{2086391504},3C_20_80-03.txt,169.439,1.000,169.439,0,0.000,0.00,0.000,0.000,0.000
21,ec.gp.GPIndividual@784367727{-1606983213},3C_20_50-02.txt,61.404,1.000,61.404,4,88.844,144.69,22.211,50.906,0.203
21,ec.gp.GPIndividual@784367727{-1606983213},3C_20_80-01.txt,4.194,1.000,4.194,3,3.500,83.44,1.167,50.906,0.203
21,ec.gp.GPIndividual@784367727{-1606983213},3C_20_50-03.txt,30.993,1.000,30.993,1,4.234,13.66,4.234,50.906,0.203
21,ec.gp.GPIndividual@784367727{-1606983213},3C_20_80-02.txt,35.738,1.000,35.738,10,25.984,72.71,2.598,50.906,0.203
21,ec.gp.GPIndividual@784367727{-1606983213},3C_20_80-01.txt,4.194,1.000,4.194,5,4.250,101.32,0.850,50.906,0.109
21,ec.gp.GPIndividual@784367727{-1606983213},3C_20_80-02.txt,35.738,1.000,35.738,13,35.797,100.16,2.754,50.906,0.094
21,ec.gp.GPIndividual@784367727{-1606983213},3C_20_80-02.txt,35.738,1.000,35.738,1,13.609,38.08,13.609,50.906,0.094
21,ec.gp.GPIndividual@784367727{-1606983213},3C_20_80-03.txt,169.439,1.000,169.439,7,21.672,12.79,3.096,50.906,0.094
21,ec.gp.GPIndividual@784367727{-1606983213},3C_20_66-01.txt,7.322,1.000,7.322,7,6.906,94.32,0.987,50.906,0.094
21,ec.gp.GPIndividual@784367727{-1606983213},3C_20_66-02.txt,154.245,1.000,154.245,1,0.719,0.47,0.719,50.906,0.094
21,ec.gp.GPIndividual@784367727{-1606983213},3C_20_80-03.txt,169.439,1.000,169.439,6,8.641,5.10,1.440,50.906,0.094
21,ec.gp.GPIndividual@784367727{-1606983213},3C_20_66-03.txt,118.340,1.000,118.340,6,78.672,66.48,13.112,63.453,0.094
21,ec.gp.GPIndividual@784367727{-1606983213},3C_20_80-03.txt,169.439,1.000,169.439,5,169.422,99.99,33.884,65.219,0.094
21,ec.gp.GPIndividual@71525866{-109978120},3C_20_50-02.txt,61.404,1.000,61.404,2,2.609,4.25,1.305,2.453,0.156
21,ec.gp.GPIndividual@71525866{-109978120},3C_20_80-03.txt,169.439,1.000,169.439,7,54.703,32.28,7.815,43.391,0.156
21,ec.gp.GPIndividual@737368852{-596173878},3C_20_50-02.txt,61.404,1.000,61.404,0,0.000,0.00,0.000,0.000,0.000
21,ec.gp.GPIndividual@737368852{-596173878},3C_20_50-03.txt,30.993,1.000,30.993,0,0.000,0.00,0.000,0.000,0.000
21,ec.gp.GPIndividual@737368852{-596173878},3C_20_66-01.txt,7.322,1.000,7.322,0,0.000,0.00,0.000,0.000,0.000
21,ec.gp.GPIndividual@737368852{-596173878},3C_20_66-02.txt,154.245,1.000,154.245,0,0.000,0.00,0.000,0.000,0.000
21,ec.gp.GPIndividual@737368852{-596173878},3C_20_66-03.txt,118.340,1.000,118.340,0,0.000,0.00,0.000,0.000,0.000
21,ec.gp.GPIndividual@737368852{-596173878},3C_20_80-01.txt,4.194,1.000,4.194,0,0.000,0.00,0.000,0.000,0.000
21,ec.gp.GPIndividual@737368852{-596173878},3C_20_80-02.txt,35.738,1.000,35.738,0,0.000,0.00,0.000,0.000,0.000
21,ec.gp.GPIndividual@737368852{-596173878},3C_20_80-03.txt,169.439,1.000,169.439,0,0.000,0.00,0.000,0.000,0.000
22,ec.gp.GPIndividual@1364086274{-1031375283},3C_20_50-02.txt,61.404,1.000,61.404,8,5.906,9.62,0.738,1.781,0.391
22,ec.gp.GPIndividual@1364086274{-1031375283},3C_20_50-03.txt,30.993,1.000,30.993,13,33.422,107.84,2.571,4.406,0.391
22,ec.gp.GPIndividual@1364086274{-1031375283},3C_20_50-03.txt,30.993,1.000,30.993,2,3.547,11.44,1.773,4.406,0.313
22,ec.gp.GPIndividual@1364086274{-1031375283},3C_20_50-03.txt,30.993,1.000,30.993,3,7.641,24.65,2.547,4.406,0.313
22,ec.gp.GPIndividual@1364086274{-1031375283},3C_20_66-01.txt,7.322,1.000,7.322,2,2.938,40.12,1.469,4.406,0.313
22,ec.gp.GPIndividual@1364086274{-1031375283},3C_20_66-02.txt,154.245,1.000,154.245,4,12.922,8.38,3.230,4.531,0.313
22,ec.gp.GPIndividual@1364086274{-1031375283},3C_20_66-03.txt,118.340,1.000,118.340,7,58.781,49.67,8.397,11.328,0.313
22,ec.gp.GPIndividual@1364086274{-1031375283},3C_20_80-01.txt,4.194,1.000,4.194,2,11.016,262.62,5.508,11.328,0.313
22,ec.gp.GPIndividual@1364086274{-1031375283},3C_20_66-01.txt,7.322,1.000,7.322,1,1.266,17.28,1.266,11.328,0.313
22,ec.gp.GPIndividual@1364086274{-1031375283},3C_20_80-02.txt,35.738,1.000,35.738,5,15.953,44.64,3.191,11.328,0.313
22,ec.gp.GPIndividual@1364086274{-1031375283},3C_20_80-03.txt,169.439,1.000,169.439,4,19.375,11.43,4.844,11.328,0.313
22,ec.gp.GPIndividual@1364086274{-1031375283},3C_20_66-01.txt,7.322,1.000,7.322,4,5.516,75.33,1.379,11.328,0.313
22,ec.gp.GPIndividual@1364086274{-1031375283},3C_20_66-02.txt,154.245,1.000,154.245,3,35.000,22.69,11.667,31.297,0.313
22,ec.gp.GPIndividual@1364086274{-1031375283},3C_20_50-03.txt,30.993,1.000,30.993,5,47.594,153.57,9.519,38.438,0.313
22,ec.gp.GPIndividual@1364086274{-1031375283},3C_20_50-03.txt,30.993,1.000,30.993,1,42.891,138.39,42.891,42.891,0.313
22,ec.gp.GPIndividual@1364086274{-1031375283},3C_20_50-03.txt,30.993,1.000,30.993,3,22.594,72.90,7.531,42.891,0.313
22,ec.gp.GPIndividual@1364086274{-1031375283},3C_20_66-03.txt,118.340,1.000,118.340,13,120.688,101.98,9.284,42.891,0.313
22,ec.gp.GPIndividual@1364086274{-1031375283},3C_20_66-01.txt,7.322,1.000,7.322,2,3.141,42.89,1.570,42.891,0.313
22,ec.gp.GPIndividual@1364086274{-1031375283},3C_20_66-01.txt,7.322,1.000,7.322,3,13.641,186.29,4.547,42.891,0.313
22,ec.gp.GPIndividual@1364086274{-1031375283},3C_20_66-01.txt,7.322,1.000,7.322,6,8.344,113.95,1.391,42.891,0.313
22,ec.gp.GPIndividual@1364086274{-1031375283},3C_20_66-02.txt,154.245,1.000,154.245,10,90.641,58.76,9.064,64.234,0.313
22,ec.gp.GPIndividual@2113972223{-373336226},3C_20_50-02.txt,61.404,1.000,61.404,2,0.906,1.48,0.453,0.547,0.359
22,ec.gp.GPIndividual@2113972223{-373336226},3C_20_50-03.txt,30.993,1.000,30.993,2,30.969,99.92,15.484,30.609,0.359
22,ec.gp.GPIndividual@2113972223{-373336226},3C_20_80-01.txt,4.194,1.000,4.194,2,2.578,61.46,1.289,30.609,0.359
22,ec.gp.GPIndividual@2113972223{-373336226},3C_20_80-02.txt,35.738,1.000,35.738,7,18.578,51.98,2.654,30.609,0.359
22,ec.gp.GPIndividual@2113972223{-373336226},3C_20_66-01.txt,7.322,1.000,7.322,3,5.469,74.69,1.823,30.609,0.359
22,ec.gp.GPIndividual@2113972223{-373336226},3C_20_80-03.txt,169.439,1.000,169.439,1,1.656,0.98,1.656,30.609,0.359
22,ec.gp.GPIndividual@2113972223{-373336226},3C_20_66-02.txt,154.245,1.000,154.245,5,11.984,7.77,2.397,30.609,0.359
22,ec.gp.GPIndividual@2113972223{-373336226},3C_20_66-03.txt,118.340,1.000,118.340,6,145.984,123.36,24.331,43.047,0.359
22,ec.gp.GPIndividual@2113972223{-373336226},3C_20_66-02.txt,154.245,1.000,154.245,4,12.609,8.17,3.152,43.047,0.359
22,ec.gp.GPIndividual@2113972223{-373336226},3C_20_80-01.txt,4.194,1.000,4.194,4,4.750,113.24,1.188,43.047,0.359
22,ec.gp.GPIndividual@2113972223{-373336226},3C_20_66-03.txt,118.340,1.000,118.340,3,3.094,2.61,1.031,43.047,0.328
22,ec.gp.GPIndividual@2113972223{-373336226},3C_20_80-02.txt,35.738,1.000,35.738,1,43.766,122.46,43.766,43.766,0.328
22,ec.gp.GPIndividual@2113972223{-373336226},3C_20_66-03.txt,118.340,1.000,118.340,12,121.125,102.35,10.094,43.766,0.328
22,ec.gp.GPIndividual@2113972223{-373336226},3C_20_66-02.txt,154.245,1.000,154.245,4,50.703,32.87,12.676,43.766,0.328
22,ec.gp.GPIndividual@2113972223{-373336226},3C_20_80-03.txt,169.439,1.000,169.439,7,145.063,85.61,20.723,59.297,0.328
22,ec.gp.GPIndividual@353862565{2033001658},3C_20_50-02.txt,61.404,1.000,61.404,6,17.984,29.29,2.997,5.000,0.531
22,ec.gp.GPIndividual@1603309511{-1228693920},3C_20_50-02.txt,61.404,1.000,61.404,6,61.891,100.79,10.315,33.859,0.516
22,ec.gp.GPIndividual@1603309511{-1228693920},3C_20_80-01.txt,4.194,1.000,4.194,3,38.625,920.85,12.875,36.047,0.516
22,ec.gp.GPIndividual@1603309511{-1228693920},3C_20_66-03.txt,118.340,1.000,118.340,1,0.719,0.61,0.719,36.047,0.516
22,ec.gp.GPIndividual@1603309511{-1228693920},3C_20_80-02.txt,35.738,1.000,35.738,8,36.109,101.04,4.514,36.047,0.516
22,ec.gp.GPIndividual@1603309511{-1228693920},3C_20_50-03.txt,30.993,1.000,30.993,7,82.766,267.05,11.824,54.031,0.516
22,ec.gp.GPIndividual@1603309511{-1228693920},3C_20_80-01.txt,4.194,1.000,4.194,2,8.234,196.31,4.117,54.031,0.516
22,ec.gp.GPIndividual@1603309511{-1228693920},3C_20_80-01.txt,4.194,1.000,4.194,1,6.953,165.77,6.953,54.031,0.516
22,ec.gp.GPIndividual@1603309511{-1228693920},3C_20_50-03.txt,30.993,1.000,30.993,1,1.031,3.33,1.031,54.031,0.516
22,ec.gp.GPIndividual@1603309511{-1228693920},3C_20_80-03.txt,169.439,1.000,169.439,2,57.453,33.91,28.727,56.938,0.516
22,ec.gp.GPIndividual@1603309511{-1228693920},3C_20_66-01.txt,7.322,1.000,7.322,6,8.422,115.02,1.404,56.938,0.516
22,ec.gp.GPIndividual@1603309511{-1228693920},3C_20_80-02.txt,35.738,1.000,35.738,15,38.594,107.99,2.573,56.938,0.344
22,ec.gp.GPIndividual@1603309511{-1228693920},3C_20_66-01.txt,7.322,1.000,7.322,4,12.531,171.14,3.133,56.938,0.344
22,ec.gp.GPIndividual@916173644{507443349},3C_20_50-02.txt,61.404,1.000,61.404,4,4.734,7.71,1.184,1.766,0.531
22,ec.gp.GPIndividual@916173644{507443349},3C_20_80-03.txt,169.439,1.000,169.439,8,50.656,29.90,6.332,24.047,0.531
22,ec.gp.GPIndividual@916173644{507443349},3C_20_80-02.txt,35.738,1.000,35.738,5,51.500,144.10,10.300,45.016,0.531
22,ec.gp.GPIndividual@916173644{507443349},3C_20_66-02.txt,154.245,1.000,154.245,11,157.578,102.16,14.325,57.281,0.531
22,ec.gp.GPIndividual@916173644{507443349},3C_20_50-03.txt,30.993,1.000,30.993,1,58.359,188.30,58.359,58.359,0.531
22,ec.gp.GPIndividual@1101125571{-467342552},3C_20_50-02.txt,61.404,1.000,61.404,9,65.391,106.49,7.266,21.719,0.531
22,ec.gp.GPIndividual@1101125571{-467342552},3C_20_50-03.txt,30.993,1.000,30.993,1,38.219,123.32,38.219,38.219,0.531
22,ec.gp.GPIndividual@1101125571{-467342552},3C_20_66-02.txt,154.245,1.000,154.245,3,56.953,36.92,18.984,46.234,0.531
22,ec.gp.GPIndividual@1101125571{-467342552},3C_20_66-02.txt,154.245,1.000,154.245,17,160.000,103.73,9.412,60.953,0.531
22,ec.gp.GPIndividual@1101125571{-467342552},3C_20_66-01.txt,7.322,1.000,7.322,2,38.156,521.10,19.078,60.953,0.531
22,ec.gp.GPIndividual@1101125571{-467342552},3C_20_66-03.txt,118.340,1.000,118.340,2,30.688,25.93,15.344,60.953,0.531
22,ec.gp.GPIndividual@1101125571{-467342552},3C_20_80-03.txt,169.439,1.000,169.439,4,28.672,16.92,7.168,60.953,0.531
22,ec.gp.GPIndividual@1101125571{-467342552},3C_20_66-03.txt,118.340,1.000,118.340,9,99.828,84.36,11.092,60.953,0.531
22,ec.gp.GPIndividual@1101125571{-467342552},3C_20_66-01.txt,7.322,1.000,7.322,1,15.484,211.47,15.484,60.953,0.531
22,ec.gp.GPIndividual@1101125571{-467342552},3C_20_66-03.txt,118.340,1.000,118.340,10,134.766,113.88,13.477,60.953,0.531
22,ec.gp.GPIndividual@567817744{2041774639},3C_20_50-02.txt,61.404,1.000,61.404,9,71.766,116.87,7.974,41.047,0.359
22,ec.gp.GPIndividual@567817744{2041774639},3C_20_66-02.txt,154.245,1.000,154.245,1,0.156,0.10,0.156,41.047,0.156
22,ec.gp.GPIndividual@567817744{2041774639},3C_20_80-01.txt,4.194,1.000,4.194,1,7.938,189.24,7.938,41.047,0.156
22,ec.gp.GPIndividual@567817744{2041774639},3C_20_80-01.txt,4.194,1.000,4.194,4,6.031,143.79,1.508,41.047,0.156
22,ec.gp.GPIndividual@567817744{2041774639},3C_20_66-03.txt,118.340,1.000,118.340,1,0.344,0.29,0.344,41.047,0.156
22,ec.gp.GPIndividual@567817744{2041774639},3C_20_80-02.txt,35.738,1.000,35.738,16,35.625,99.68,2.227,41.047,0.156
22,ec.gp.GPIndividual@567817744{2041774639},3C_20_80-01.txt,4.194,1.000,4.194,2,3.688,87.91,1.844,41.047,0.156
22,ec.gp.GPIndividual@567817744{2041774639},3C_20_80-03.txt,169.439,1.000,169.439,16,166.688,98.38,10.418,41.750,0.156
22,ec.gp.GPIndividual@567817744{2041774639},3C_20_80-02.txt,35.738,1.000,35.738,3,14.844,41.53,4.948,41.750,0.156
22,ec.gp.GPIndividual@567817744{2041774639},3C_20_80-01.txt,4.194,1.000,4.194,4,4.531,108.03,1.133,41.750,0.156
22,ec.gp.GPIndividual@567817744{2041774639},3C_20_80-03.txt,169.439,1.000,169.439,1,0.344,0.20,0.344,41.750,0.156
22,ec.gp.GPIndividual@567817744{2041774639},3C_20_80-02.txt,35.738,1.000,35.738,1,41.016,114.77,41.016,41.750,0.156
22,ec.gp.GPIndividual@133640022{352138147},3C_20_50-02.txt,61.404,1.000,61.404,0,0.000,0.00,0.000,0.000,0.000
22,ec.gp.GPIndividual@133640022{352138147},3C_20_50-03.txt,30.993,1.000,30.993,0,0.000,0.00,0.000,0.000,0.000
22,ec.gp.GPIndividual@133640022{352138147},3C_20_66-01.txt,7.322,1.000,7.322,0,0.000,0.00,0.000,0.000,0.000
22,ec.gp.GPIndividual@133640022{352138147},3C_20_66-02.txt,154.245,1.000,154.245,0,0.000,0.00,0.000,0.000,0.000
22,ec.gp.GPIndividual@133640022{352138147},3C_20_66-03.txt,118.340,1.000,118.340,0,0.000,0.00,0.000,0.000,0.000
22,ec.gp.GPIndividual@133640022{352138147},3C_20_80-01.txt,4.194,1.000,4.194,0,0.000,0.00,0.000,0.000,0.000
22,ec.gp.GPIndividual@133640022{352138147},3C_20_80-02.txt,35.738,1.000,35.738,0,0.000,0.00,0.000,0.000,0.000
22,ec.gp.GPIndividual@133640022{352138147},3C_20_80-03.txt,169.439,1.000,169.439,0,0.000,0.00,0.000,0.000,0.000
22,ec.gp.GPIndividual@402941559{559152684},3C_20_50-02.txt,61.404,1.000,61.404,3,46.250,75.32,15.417,43.547,0.516
22,ec.gp.GPIndividual@402941559{559152684},3C_20_66-02.txt,154.245,1.000,154.245,13,29.016,18.81,2.232,43.547,0.516
22,ec.gp.GPIndividual@402941559{559152684},3C_20_66-03.txt,118.340,1.000,118.340,2,123.094,104.02,61.547,62.266,0.516
22,ec.gp.GPIndividual@402941559{559152684},3C_20_50-03.txt,30.993,1.000,30.993,7,33.266,107.33,4.752,62.266,0.516
22,ec.gp.GPIndividual@402941559{559152684},3C_20_80-01.txt,4.194,1.000,4.194,3,3.109,74.13,1.036,62.266,0.516
22,ec.gp.GPIndividual@402941559{559152684},3C_20_80-02.txt,35.738,1.000,35.738,1,1.266,3.54,1.266,62.266,0.516
22,ec.gp.GPIndividual@402941559{559152684},3C_20_66-01.txt,7.322,1.000,7.322,5,6.594,90.05,1.319,62.266,0.516
22,ec.gp.GPIndividual@402941559{559152684},3C_20_80-03.txt,169.439,1.000,169.439,10,209.609,123.71,20.961,62.266,0.516
22,ec.gp.GPIndividual@1198783193{-1875209655},3C_20_50-02.txt,61.404,1.000,61.404,4,12.000,19.54,3.000,6.641,0.531
22,ec.gp.GPIndividual@1198783193{-1875209655},3C_20_80-03.txt,169.439,1.000,169.439,6,139.813,82.51,23.302,57.656,0.531
22,ec.gp.GPIndividual@1198783193{-1875209655},3C_20_80-02.txt,35.738,1.000,35.738,6,57.438,160.72,9.573,57.656,0.531
22,ec.gp.GPIndividual@1703937987{157773506},3C_20_50-02.txt,61.404,1.000,61.404,6,53.969,87.89,8.995,34.984,0.375
22,ec.gp.GPIndividual@1703937987{157773506},3C_20_50-03.txt,30.993,1.000,30.993,1,41.234,133.05,41.234,41.234,0.375
22,ec.gp.GPIndividual@1703937987{157773506},3C_20_66-02.txt,154.245,1.000,154.245,6,28.297,18.35,4.716,41.234,0.375
22,ec.gp.GPIndividual@1703937987{157773506},3C_20_80-03.txt,169.439,1.000,169.439,7,170.797,100.80,24.400,66.688,0.375
22,ec.gp.GPIndividual@1669446006{2011670444},3C_20_50-02.txt,61.404,1.000,61.404,8,61.266,99.77,7.658,24.203,0.516
22,ec.gp.GPIndividual@592392202{-779317763},3C_20_50-02.txt,61.404,1.000,61.404,2,29.484,48.02,14.742,29.172,0.313
22,ec.gp.GPIndividual@592392202{-779317763},3C_20_50-03.txt,30.993,1.000,30.993,2,21.781,70.28,10.891,29.172,0.313
22,ec.gp.GPIndividual@592392202{-779317763},3C_20_66-01.txt,7.322,1.000,7.322,1,8.484,115.87,8.484,29.172,0.313
22,ec.gp.GPIndividual@592392202{-779317763},3C_20_66-01.txt,7.322,1.000,7.322,1,1.266,17.28,1.266,29.172,0.313
22,ec.gp.GPIndividual@592392202{-779317763},3C_20_66-02.txt,154.245,1.000,154.245,4,47.234,30.62,11.809,37.766,0.313
22,ec.gp.GPIndividual@592392202{-779317763},3C_20_66-03.txt,118.340,1.000,118.340,4,17.578,14.85,4.395,37.766,0.313
22,ec.gp.GPIndividual@592392202{-779317763},3C_20_50-03.txt,30.993,1.000,30.993,1,46.047,148.57,46.047,46.047,0.313
22,ec.gp.GPIndividual@592392202{-779317763},3C_20_66-03.txt,118.340,1.000,118.340,1,6.250,5.28,6.250,46.047,0.313
22,ec.gp.GPIndividual@592392202{-779317763},3C_20_80-01.txt,4.194,1.000,4.194,1,1.422,33.90,1.422,46.047,0.313
22,ec.gp.GPIndividual@592392202{-779317763},3C_20_80-02.txt,35.738,1.000,35.738,2,6.906,19.32,3.453,46.047,0.313
22,ec.gp.GPIndividual@592392202{-779317763},3C_20_80-03.txt,169.439,1.000,169.439,2,12.484,7.37,6.242,46.047,0.313
22,ec.gp.GPIndividual@1689191197{-544326201},3C_20_50-02.txt,61.404,1.000,61.404,9,64.484,105.02,7.165,23.156,0.500
22,ec.gp.GPIndividual@1689191197{-544326201},3C_20_80-01.txt,4.194,1.000,4.194,2,18.078,431.00,9.039,23.156,0.500
22,ec.gp.GPIndividual@1689191197{-544326201},3C_20_50-03.txt,30.993,1.000,30.993,2,45.109,145.55,22.555,43.844,0.500
22,ec.gp.GPIndividual@1689191197{-544326201},3C_20_50-03.txt,30.993,1.000,30.993,3,48.969,158.00,16.323,43.844,0.500
22,ec.gp.GPIndividual@1689191197{-544326201},3C_20_66-02.txt,154.245,1.000,154.245,14,107.125,69.45,7.652,59.563,0.500
22,ec.gp.GPIndividual@1689191197{-544326201},3C_20_50-03.txt,30.993,1.000,30.993,5,28.797,92.92,5.759,59.563,0.500
22,ec.gp.GPIndividual@1689191197{-544326201},3C_20_66-01.txt,7.322,1.000,7.322,2,13.781,188.21,6.891,59.563,0.500
22,ec.gp.GPIndividual@1689191197{-544326201},3C_20_66-01.txt,7.322,1.000,7.322,1,0.453,6.19,0.453,59.563,0.453
22,ec.gp.GPIndividual@1689191197{-544326201},3C_20_66-01.txt,7.322,1.000,7.322,6,8.031,109.68,1.339,59.563,0.453
22,ec.gp.GPIndividual@1689191197{-544326201},3C_20_66-02.txt,154.245,1.000,154.245,14,164.047,106.35,11.718,59.563,0.453
22,ec.gp.GPIndividual@1689191197{-544326201},3C_20_66-01.txt,7.322,1.000,7.322,7,7.203,98.37,1.029,59.563,0.359
22,ec.gp.GPIndividual@1689191197{-544326201},3C_20_66-02.txt,154.245,1.000,154.245,11,160.172,103.84,14.561,59.563,0.359
22,ec.gp.GPIndividual@1689191197{-544326201},3C_20_66-03.txt,118.340,1.000,118.340,5,78.859,66.64,15.772,59.563,0.359
22,ec.gp.GPIndividual@1689191197{-544326201},3C_20_80-02.txt,35.738,1.000,35.738,7,25.844,72.31,3.692,59.563,0.359
22,ec.gp.GPIndividual@1689191197{-544326201},3C_20_80-03.txt,169.439,1.000,169.439,3,109.500,64.63,36.500,59.563,0.359
22,ec.gp.GPIndividual@1689191197{-544326201},3C_20_66-02.txt,154.245,1.000,154.245,6,101.219,65.62,16.870,59.563,0.359
22,ec.gp.GPIndividual@1689191197{-544326201},3C_20_66-02.txt,154.245,1.000,154.245,10,122.109,79.17,12.211,59.563,0.359
22,ec.gp.GPIndividual@1689191197{-544326201},3C_20_66-03.txt,118.340,1.000,118.340,5,140.578,118.79,28.116,59.563,0.359
22,ec.gp.GPIndividual@1689191197{-544326201},3C_20_80-01.txt,4.194,1.000,4.194,1,2.016,48.05,2.016,59.563,0.359
22,ec.gp.GPIndividual@1696249671{412302128},3C_20_50-02.txt,61.404,1.000,61.404,8,64.578,105.17,8.072,47.281,0.469
22,ec.gp.GPIndividual@1696249671{412302128},3C_20_80-02.txt,35.738,1.000,35.738,7,53.344,149.26,7.621,47.281,0.328
22,ec.gp.GPIndividual@1696249671{412302128},3C_20_66-03.txt,118.340,1.000,118.340,5,49.578,41.89,9.916,47.281,0.328
22,ec.gp.GPIndividual@1696249671{412302128},3C_20_66-03.txt,118.340,1.000,118.340,7,123.719,104.55,17.674,47.281,0.328
22,ec.gp.GPIndividual@1696249671{412302128},3C_20_66-03.txt,118.340,1.000,118.340,5,110.141,93.07,22.028,47.281,0.328
22,ec.gp.GPIndividual@1696249671{412302128},3C_20_80-01.txt,4.194,1.000,4.194,1,43.188,1029.63,43.188,47.281,0.328
22,ec.gp.GPIndividual@1696249671{412302128},3C_20_50-03.txt,30.993,1.000,30.993,2,37.172,119.94,18.586,47.281,0.328
22,ec.gp.GPIndividual@1696249671{412302128},3C_20_80-01.txt,4.194,1.000,4.194,4,3.734,89.03,0.934,47.281,0.328
22,ec.gp.GPIndividual@1696249671{412302128},3C_20_80-02.txt,35.738,1.000,35.738,13,35.750,100.03,2.750,47.281,0.156
22,ec.gp.GPIndividual@1696249671{412302128},3C_20_66-01.txt,7.322,1.000,7.322,5,8.406,114.81,1.681,47.281,0.156
22,ec.gp.GPIndividual@1696249671{412302128},3C_20_66-02.txt,154.245,1.000,154.245,1,0.219,0.14,0.219,47.281,0.156
22,ec.gp.GPIndividual@1696249671{412302128},3C_20_80-03.txt,169.439,1.000,169.439,2,8.813,5.20,4.406,47.281,0.156
22,ec.gp.GPIndividual@1696249671{412302128},3C_20_80-01.txt,4.194,1.000,4.194,4,4.188,99.83,1.047,47.281,0.156
22,ec.gp.GPIndividual@1696249671{412302128},3C_20_66-03.txt,118.340,1.000,118.340,4,35.141,29.69,8.785,47.281,0.156
22,ec.gp.GPIndividual@1696249671{412302128},3C_20_80-03.txt,169.439,1.000,169.439,11,192.734,113.75,17.521,50.281,0.156
22,ec.gp.GPIndividual@1696249671{412302128},3C_20_80-02.txt,35.738,1.000,35.738,1,48.297,135.14,48.297,50.281,0.156
22,ec.gp.GPIndividual@1313219615{1759966666},3C_20_50-02.txt,61.404,1.000,61.404,1,0.000,0.00,0.000,0.000,0.000
22,ec.gp.GPIndividual@1313219615{1759966666},3C_20_50-03.txt,30.993,1.000,30.993,1,0.000,0.00,0.000,0.000,0.000
22,ec.gp.GPIndividual@1313219615{1759966666},3C_20_66-01.txt,7.322,1.000,7.322,1,0.000,0.00,0.000,0.000,0.000
22,ec.gp.GPIndividual@1313219615{1759966666},3C_20_66-02.txt,154.245,1.000,154.245,1,0.000,0.00,0.000,0.000,0.000
22,ec.gp.GPIndividual@1313219615{1759966666},3C_20_66-03.txt,118.340,1.000,118.340,1,0.000,0.00,0.000,0.000,0.000
22,ec.gp.GPIndividual@1313219615{1759966666},3C_20_80-01.txt,4.194,1.000,4.194,1,0.000,0.00,0.000,0.000,0.000
22,ec.gp.GPIndividual@1313219615{1759966666},3C_20_80-02.txt,35.738,1.000,35.738,1,0.000,0.00,0.000,0.000,0.000
22,ec.gp.GPIndividual@1313219615{1759966666},3C_20_80-03.txt,169.439,1.000,169.439,1,0.000,0.00,0.000,0.000,0.000
22,ec.gp.GPIndividual@1055676811{-2061221186},3C_20_50-02.txt,61.404,1.000,61.404,9,128.359,209.04,14.262,67.328,0.500
22,ec.gp.GPIndividual@1055676811{-2061221186},3C_20_80-02.txt,35.738,1.000,35.738,1,0.156,0.44,0.156,67.328,0.156
22,ec.gp.GPIndividual@1055676811{-2061221186},3C_20_80-03.txt,169.439,1.000,169.439,12,65.234,38.50,5.436,67.328,0.156
22,ec.gp.GPIndividual@197897752{-2017898577},3C_20_50-02.txt,61.404,1.000,61.404,6,81.641,132.96,13.607,52.016,0.516
22,ec.gp.GPIndividual@197897752{-2017898577},3C_20_80-01.txt,4.194,1.000,4.194,2,14.234,339.36,7.117,52.016,0.516
22,ec.gp.GPIndividual@197897752{-2017898577},3C_20_50-03.txt,30.993,1.000,30.993,3,59.516,192.03,19.839,56.594,0.516
22,ec.gp.GPIndividual@197897752{-2017898577},3C_20_80-01.txt,4.194,1.000,4.194,2,6.234,148.63,3.117,56.594,0.516
22,ec.gp.GPIndividual@197897752{-2017898577},3C_20_66-01.txt,7.322,1.000,7.322,3,56.828,776.11,18.943,56.594,0.516
22,ec.gp.GPIndividual@1941394683{1853961461},3C_20_50-02.txt,61.404,1.000,61.404,6,62.859,102.37,10.477,53.719,0.500
22,ec.gp.GPIndividual@1941394683{1853961461},3C_20_80-02.txt,35.738,1.000,35.738,3,1.984,5.55,0.661,53.719,0.141
22,ec.gp.GPIndividual@1941394683{1853961461},3C_20_80-03.txt,169.439,1.000,169.439,17,190.703,112.55,11.218,57.625,0.141
22,ec.gp.GPIndividual@1941394683{1853961461},3C_20_50-03.txt,30.993,1.000,30.993,1,38.766,125.08,38.766,57.625,0.141
22,ec.gp.GPIndividual@1941394683{1853961461},3C_20_80-02.txt,35.738,1.000,35.738,1,40.922,114.50,40.922,57.625,0.141
22,ec.gp.GPIndividual@1941394683{1853961461},3C_20_66-02.txt,154.245,1.000,154.245,5,56.125,36.39,11.225,57.625,0.141
22,ec.gp.GPIndividual@1941394683{1853961461},3C_20_80-03.txt,169.439,1.000,169.439,11,49.375,29.14,4.489,57.625,0.141
22,ec.gp.GPIndividual@1023296083{1913438114},3C_20_50-02.txt,61.404,1.000,61.404,9,101.078,164.61,11.231,44.203,0.344
22,ec.gp.GPIndividual@1023296083{1913438114},3C_20_50-03.txt,30.993,1.000,30.993,1,1.969,6.35,1.969,44.203,0.344
22,ec.gp.GPIndividual@1023296083{1913438114},3C_20_50-03.txt,30.993,1.000,30.993,4,64.688,208.72,16.172,46.391,0.344
22,ec.gp.GPIndividual@1023296083{1913438114},3C_20_66-03.txt,118.340,1.000,118.340,9,167.406,141.46,18.601,62.297,0.344
22,ec.gp.GPIndividual@1023296083{1913438114},3C_20_80-03.txt,169.439,1.000,169.439,1,5.375,3.17,5.375,62.297,0.344
22,ec.gp.GPIndividual@1986605784{-1412613636},3C_20_50-02.txt,61.404,1.000,61.404,9,63.484,103.39,7.054,16.469,0.516
22,ec.gp.GPIndividual@1986605784{-1412613636},3C_20_66-01.txt,7.322,1.000,7.322,2,12.500,170.71,6.250,16.469,0.516
22,ec.gp.GPIndividual@1986605784{-1412613636},3C_20_50-03.txt,30.993,1.000,30.993,3,49.688,160.32,16.563,28.922,0.516
22,ec.gp.GPIndividual@1986605784{-1412613636},3C_20_80-01.txt,4.194,1.000,4.194,2,7.219,172.10,3.609,28.922,0.516
22,ec.gp.GPIndividual@385848484{-1787998402},3C_20_50-02.txt,61.404,1.000,61.404,10,64.375,104.84,6.438,44.563,0.500
22,ec.gp.GPIndividual@385848484{-1787998402},3C_20_66-01.txt,7.322,1.000,7.322,4,7.500,102.43,1.875,44.563,0.500
22,ec.gp.GPIndividual@385848484{-1787998402},3C_20_66-02.txt,154.245,1.000,154.245,1,0.344,0.22,0.344,44.563,0.344
22,ec.gp.GPIndividual@385848484{-1787998402},3C_20_80-02.txt,35.738,1.000,35.738,12,37.406,104.67,3.117,44.563,0.344
22,ec.gp.GPIndividual@385848484{-1787998402},3C_20_66-01.txt,7.322,1.000,7.322,6,7.391,100.93,1.232,44.563,0.172
22,ec.gp.GPIndividual@385848484{-1787998402},3C_20_80-03.txt,169.439,1.000,169.439,14,171.500,101.22,12.250,45.344,0.172
22,ec.gp.GPIndividual@385848484{-1787998402},3C_20_66-02.txt,154.245,1.000,154.245,9,152.375,98.79,16.931,49.844,0.172
22,ec.gp.GPIndividual@385848484{-1787998402},3C_20_50-03.txt,30.993,1.000,30.993,4,58.766,189.61,14.691,49.844,0.172
22,ec.gp.GPIndividual@385848484{-1787998402},3C_20_66-01.txt,7.322,1.000,7.322,6,8.344,113.95,1.391,49.844,0.172
22,ec.gp.GPIndividual@385848484{-1787998402},3C_20_66-01.txt,7.322,1.000,7.322,2,5.125,69.99,2.563,49.844,0.172
22,ec.gp.GPIndividual@385848484{-1787998402},3C_20_66-02.txt,154.245,1.000,154.245,2,2.109,1.37,1.055,49.844,0.172
22,ec.gp.GPIndividual@385848484{-1787998402},3C_20_66-03.txt,118.340,1.000,118.340,4,17.250,14.58,4.313,49.844,0.172
22,ec.gp.GPIndividual@385848484{-1787998402},3C_20_66-03.txt,118.340,1.000,118.340,6,37.313,31.53,6.219,49.844,0.172
22,ec.gp.GPIndividual@1880088513{1963293906},3C_20_50-02.txt,61.404,1.000,61.404,9,67.453,109.85,7.495,43.875,0.500
22,ec.gp.GPIndividual@1880088513{1963293906},3C_20_66-02.txt,154.245,1.000,154.245,12,167.594,108.65,13.966,43.875,0.500
22,ec.gp.GPIndividual@1880088513{1963293906},3C_20_66-03.txt,118.340,1.000,118.340,2,34.875,29.47,17.438,43.875,0.500
22,ec.gp.GPIndividual@1880088513{1963293906},3C_20_66-02.txt,154.245,1.000,154.245,13,154.156,99.94,11.858,49.484,0.359
22,ec.gp.GPIndividual@1880088513{1963293906},3C_20_80-01.txt,4.194,1.000,4.194,3,3.313,78.97,1.104,49.484,0.359
22,ec.gp.GPIndividual@1880088513{1963293906},3C_20_80-02.txt,35.738,1.000,35.738,6,28.406,79.48,4.734,49.484,0.359
22,ec.gp.GPIndividual@1880088513{1963293906},3C_20_80-01.txt,4.194,1.000,4.194,3,38.641,921.22,12.880,49.484,0.359
22,ec.gp.GPIndividual@1880088513{1963293906},3C_20_66-03.txt,118.340,1.000,118.340,1,0.672,0.57,0.672,49.484,0.359
22,ec.gp.GPIndividual@1880088513{1963293906},3C_20_80-02.txt,35.738,1.000,35.738,9,69.734,195.13,7.748,49.484,0.359
22,ec.gp.GPIndividual@1880088513{1963293906},3C_20_80-01.txt,4.194,1.000,4.194,2,11.188,266.72,5.594,49.484,0.359
22,ec.gp.GPIndividual@1880088513{1963293906},3C_20_80-03.txt,169.439,1.000,169.439,3,46.578,27.49,15.526,49.484,0.359
22,ec.gp.GPIndividual@1880088513{1963293906},3C_20_50-03.txt,30.993,1.000,30.993,1,39.031,125.94,39.031,49.484,0.359
22,ec.gp.GPIndividual@1880088513{1963293906},3C_20_66-03.txt,118.340,1.000,118.340,14,121.047,102.29,8.646,49.484,0.359
22,ec.gp.GPIndividual@1880088513{1963293906},3C_20_80-02.txt,35.738,1.000,35.738,1,41.906,117.26,41.906,49.484,0.359
22,ec.gp.GPIndividual@1342856750{-1268717823},3C_20_50-02.txt,61.404,1.000,61.404,6,83.078,135.30,13.846,50.781,0.344
22,ec.gp.GPIndividual@1342856750{-1268717823},3C_20_80-01.txt,4.194,1.000,4.194,4,4.234,100.95,1.059,50.781,0.172
22,ec.gp.GPIndividual@1342856750{-1268717823},3C_20_80-03.txt,169.439,1.000,169.439,12,114.781,67.74,9.565,66.313,0.172
22,ec.gp.GPIndividual@1342856750{-1268717823},3C_20_80-03.txt,169.439,1.000,169.439,5,214.531,126.61,42.906,66.313,0.172
22,ec.gp.GPIndividual@1433685065{1913438114},3C_20_50-02.txt,61.404,1.000,61.404,2,5.516,8.98,2.758,4.859,0.656
22,ec.gp.GPIndividual@1433685065{1913438114},3C_20_80-02.txt,35.738,1.000,35.738,2,66.313,185.55,33.156,64.531,0.656
22,ec.gp.GPIndividual@1433685065{1913438114},3C_20_50-03.txt,30.993,1.000,30.993,11,37.875,122.21,3.443,64.531,0.656
22,ec.gp.GPIndividual@1433685065{1913438114},3C_20_50-03.txt,30.993,1.000,30.993,1,0.531,1.71,0.531,64.531,0.531
22,ec.gp.GPIndividual@1433685065{1913438114},3C_20_80-03.txt,169.439,1.000,169.439,1,2.547,1.50,2.547,64.531,0.531
22,ec.gp.GPIndividual@1433685065{1913438114},3C_20_66-01.txt,7.322,1.000,7.322,2,25.391,346.76,12.695,64.531,0.531
22,ec.gp.GPIndividual@1433685065{1913438114},3C_20_66-01.txt,7.322,1.000,7.322,5,7.781,106.27,1.556,64.531,0.359
22,ec.gp.GPIndividual@1433685065{1913438114},3C_20_66-01.txt,7.322,1.000,7.322,1,0.156,2.13,0.156,64.531,0.156
22,ec.gp.GPIndividual@1433685065{1913438114},3C_20_66-02.txt,154.245,1.000,154.245,15,140.703,91.22,9.380,65.172,0.156
22,ec.gp.GPIndividual@1433685065{1913438114},3C_20_80-01.txt,4.194,1.000,4.194,3,3.297,78.60,1.099,65.172,0.156
22,ec.gp.GPIndividual@1433685065{1913438114},3C_20_80-02.txt,35.738,1.000,35.738,3,64.703,181.05,21.568,65.172,0.156
22,ec.gp.GPIndividual@358479042{7867207},3C_20_50-02.txt,61.404,1.000,61.404,0,0.000,0.00,0.000,0.000,0.000
22,ec.gp.GPIndividual@358479042{7867207},3C_20_50-03.txt,30.993,1.000,30.993,0,0.000,0.00,0.000,0.000,0.000
22,ec.gp.GPIndividual@358479042{7867207},3C_20_66-01.txt,7.322,1.000,7.322,0,0.000,0.00,0.000,0.000,0.000
22,ec.gp.GPIndividual@358479042{7867207},3C_20_66-02.txt,154.245,1.000,154.245,0,0.000,0.00,0.000,0.000,0.000
22,ec.gp.GPIndividual@358479042{7867207},3C_20_66-03.txt,118.340,1.000,118.340,0,0.000,0.00,0.000,0.000,0.000
22,ec.gp.GPIndividual@358479042{7867207},3C_20_80-01.txt,4.194,1.000,4.194,0,0.000,0.00,0.000,0.000,0.000
22,ec.gp.GPIndividual@358479042{7867207},3C_20_80-02.txt,35.738,1.000,35.738,0,0.000,0.00,0.000,0.000,0.000
22,ec.gp.GPIndividual@358479042{7867207},3C_20_80-03.txt,169.439,1.000,169.439,0,0.000,0.00,0.000,0.000,0.000
22,ec.gp.GPIndividual@1814394364{1322376133},3C_20_50-02.txt,61.404,1.000,61.404,4,72.844,118.63,18.211,44.625,0.234
22,ec.gp.GPIndividual@1814394364{1322376133},3C_20_66-02.txt,154.245,1.000,154.245,9,33.203,21.53,3.689,44.625,0.234
22,ec.gp.GPIndividual@1814394364{1322376133},3C_20_66-02.txt,154.245,1.000,154.245,11,176.000,114.10,16.000,50.344,0.234
22,ec.gp.GPIndividual@1814394364{1322376133},3C_20_66-03.txt,118.340,1.000,118.340,3,17.391,14.70,5.797,50.344,0.234
22,ec.gp.GPIndividual@1814394364{1322376133},3C_20_50-03.txt,30.993,1.000,30.993,2,32.094,103.55,16.047,50.344,0.234
22,ec.gp.GPIndividual@1814394364{1322376133},3C_20_66-03.txt,118.340,1.000,118.340,5,19.906,16.82,3.981,50.344,0.234
22,ec.gp.GPIndividual@1814394364{1322376133},3C_20_66-03.txt,118.340,1.000,118.340,9,116.266,98.25,12.918,50.344,0.234
22,ec.gp.GPIndividual@1814394364{1322376133},3C_20_80-01.txt,4.194,1.000,4.194,2,14.938,356.12,7.469,50.344,0.234
22,ec.gp.GPIndividual@1814394364{1322376133},3C_20_80-01.txt,4.194,1.000,4.194,5,4.234,100.95,0.847,50.344,0.109
22,ec.gp.GPIndividual@1814394364{1322376133},3C_20_80-02.txt,35.738,1.000,35.738,3,27.047,75.68,9.016,50.344,0.109
22,ec.gp.GPIndividual@1814394364{1322376133},3C_20_66-01.txt,7.322,1.000,7.322,8,7.250,99.01,0.906,50.344,0.109
22,ec.gp.GPIndividual@1814394364{1322376133},3C_20_66-02.txt,154.245,1.000,154.245,16,201.344,130.54,12.584,60.219,0.109
22,ec.gp.GPIndividual@1814394364{1322376133},3C_20_80-03.txt,169.439,1.000,169.439,2,64.188,37.88,32.094,60.219,0.109
22,ec.gp.GPIndividual@1814394364{1322376133},3C_20_80-01.txt,4.194,1.000,4.194,3,5.156,122.93,1.719,60.219,0.109
22,ec.gp.GPIndividual@526025763{1757755272},3C_20_50-02.txt,61.404,1.000,61.404,9,50.609,82.42,5.623,20.047,0.031
22,ec.gp.GPIndividual@526025763{1757755272},3C_20_50-03.txt,30.993,1.000,30.993,7,25.609,82.63,3.658,20.047,0.031
22,ec.gp.GPIndividual@526025763{1757755272},3C_20_66-01.txt,7.322,1.000,7.322,7,5.922,80.88,0.846,20.047,0.031
22,ec.gp.GPIndividual@526025763{1757755272},3C_20_66-02.txt,154.245,1.000,154.245,11,127.047,82.37,11.550,50.469,0.031
22,ec.gp.GPIndividual@526025763{1757755272},3C_20_66-03.txt,118.340,1.000,118.340,7,87.859,74.24,12.551,50.469,0.031
22,ec.gp.GPIndividual@526025763{1757755272},3C_20_80-01.txt,4.194,1.000,4.194,9,3.672,87.54,0.408,50.469,0.031
22,ec.gp.GPIndividual@526025763{1757755272},3C_20_80-02.txt,35.738,1.000,35.738,7,23.250,65.06,3.321,50.469,0.031
22,ec.gp.GPIndividual@526025763{1757755272},3C_20_80-03.txt,169.439,1.000,169.439,3,108.719,64.16,36.240,67.484,0.031
22,ec.gp.GPIndividual@2056336916{-1474910660},3C_20_50-02.txt,61.404,1.000,61.404,2,0.125,0.20,0.063,0.078,0.047
22,ec.gp.GPIndividual@2056336916{-1474910660},3C_20_50-03.txt,30.993,1.000,30.993,3,1.516,4.89,0.505,0.578,0.047
22,ec.gp.GPIndividual@2056336916{-1474910660},3C_20_66-01.txt,7.322,1.000,7.322,2,0.281,3.84,0.141,0.578,0.047
22,ec.gp.GPIndividual@2056336916{-1474910660},3C_20_66-02.txt,154.245,1.000,154.245,4,0.719,0.47,0.180,0.578,0.047
22,ec.gp.GPIndividual@2056336916{-1474910660},3C_20_66-03.txt,118.340,1.000,118.340,4,2.313,1.95,0.578,0.781,0.047
22,ec.gp.GPIndividual@2056336916{-1474910660},3C_20_80-01.txt,4.194,1.000,4.194,2,0.281,6.71,0.141,0.781,0.047
22,ec.gp.GPIndividual@2056336916{-1474910660},3C_20_80-02.txt,35.738,1.000,35.738,9,26.141,73.14,2.905,9.781,0.047
22,ec.gp.GPIndividual@2056336916{-1474910660},3C_20_80-03.txt,169.439,1.000,169.439,2,1.375,0.81,0.688,9.781,0.047
23,ec.gp.GPIndividual@737076384{2072283372},3C_20_50-02.txt,61.404,1.000,61.404,0,0.000,0.00,0.000,0.000,0.000
23,ec.gp.GPIndividual@737076384{2072283372},3C_20_50-03.txt,30.993,1.000,30.993,0,0.000,0.00,0.000,0.000,0.000
23,ec.gp.GPIndividual@737076384{2072283372},3C_20_50-03.txt,30.993,1.000,30.993,0,0.000,0.00,0.000,0.000,0.000
23,ec.gp.GPIndividual@737076384{2072283372},3C_20_66-01.txt,7.322,1.000,7.322,0,0.000,0.00,0.000,0.000,0.000
23,ec.gp.GPIndividual@737076384{2072283372},3C_20_66-01.txt,7.322,1.000,7.322,0,0.000,0.00,0.000,0.000,0.000
23,ec.gp.GPIndividual@737076384{2072283372},3C_20_66-02.txt,154.245,1.000,154.245,0,0.000,0.00,0.000,0.000,0.000
23,ec.gp.GPIndividual@737076384{2072283372},3C_20_66-02.txt,154.245,1.000,154.245,0,0.000,0.00,0.000,0.000,0.000
23,ec.gp.GPIndividual@737076384{2072283372},3C_20_66-03.txt,118.340,1.000,118.340,0,0.000,0.00,0.000,0.000,0.000
23,ec.gp.GPIndividual@737076384{2072283372},3C_20_80-01.txt,4.194,1.000,4.194,0,0.000,0.00,0.000,0.000,0.000
23,ec.gp.GPIndividual@737076384{2072283372},3C_20_80-02.txt,35.738,1.000,35.738,0,0.000,0.00,0.000,0.000,0.000
23,ec.gp.GPIndividual@737076384{2072283372},3C_20_80-02.txt,35.738,1.000,35.738,0,0.000,0.00,0.000,0.000,0.000
23,ec.gp.GPIndividual@737076384{2072283372},3C_20_80-03.txt,169.439,1.000,169.439,0,0.000,0.00,0.000,0.000,0.000
23,ec.gp.GPIndividual@737076384{2072283372},3C_20_80-03.txt,169.439,1.000,169.439,0,0.000,0.00,0.000,0.000,0.000
23,ec.gp.GPIndividual@825325128{-1932428215},3C_20_50-02.txt,61.404,1.000,61.404,0,0.000,0.00,0.000,0.000,0.000
23,ec.gp.GPIndividual@825325128{-1932428215},3C_20_80-02.txt,35.738,1.000,35.738,0,0.000,0.00,0.000,0.000,0.000
23,ec.gp.GPIndividual@825325128{-1932428215},3C_20_80-03.txt,169.439,1.000,169.439,0,0.000,0.00,0.000,0.000,0.000
23,ec.gp.GPIndividual@1168039592{776967307},3C_20_50-02.txt,61.404,1.000,61.404,28,61.000,99.34,2.179,6.984,0.359
23,ec.gp.GPIndividual@1168039592{776967307},3C_20_50-03.txt,30.993,1.000,30.993,4,31.906,102.95,7.977,10.766,0.359
23,ec.gp.GPIndividual@1168039592{776967307},3C_20_50-03.txt,30.993,1.000,30.993,5,32.891,106.12,6.578,11.844,0.359
23,ec.gp.GPIndividual@1168039592{776967307},3C_20_50-03.txt,30.993,1.000,30.993,3,9.188,29.64,3.063,11.844,0.000
23,ec.gp.GPIndividual@1168039592{776967307},3C_20_50-03.txt,30.993,1.000,30.993,1,4.203,13.56,4.203,11.844,0.000
23,ec.gp.GPIndividual@1168039592{776967307},3C_20_50-03.txt,30.993,1.000,30.993,1,2.359,7.61,2.359,11.844,0.000
23,ec.gp.GPIndividual@1168039592{776967307},3C_20_66-01.txt,7.322,1.000,7.322,3,7.234,98.80,2.411,11.844,0.000
23,ec.gp.GPIndividual@1168039592{776967307},3C_20_66-02.txt,154.245,1.000,154.245,1,0.531,0.34,0.531,11.844,0.000
23,ec.gp.GPIndividual@1168039592{776967307},3C_20_66-01.txt,7.322,1.000,7.322,1,7.813,106.70,7.813,11.844,0.000
23,ec.gp.GPIndividual@1168039592{776967307},3C_20_50-03.txt,30.993,1.000,30.993,13,31.484,101.59,2.422,11.844,0.000
23,ec.gp.GPIndividual@1168039592{776967307},3C_20_66-03.txt,118.340,1.000,118.340,1,0.516,0.44,0.516,11.844,0.000
23,ec.gp.GPIndividual@1168039592{776967307},3C_20_66-01.txt,7.322,1.000,7.322,2,7.375,100.72,3.688,11.844,0.000
23,ec.gp.GPIndividual@1168039592{776967307},3C_20_66-01.txt,7.322,1.000,7.322,5,12.844,175.41,2.569,11.844,0.000
23,ec.gp.GPIndividual@1168039592{776967307},3C_20_66-01.txt,7.322,1.000,7.322,1,7.453,101.79,7.453,11.844,0.000
23,ec.gp.GPIndividual@1168039592{776967307},3C_20_66-01.txt,7.322,1.000,7.322,5,5.609,76.61,1.122,11.844,0.000
23,ec.gp.GPIndividual@1168039592{776967307},3C_20_66-02.txt,154.245,1.000,154.245,22,166.563,107.99,7.571,44.297,0.000
23,ec.gp.GPIndividual@1168039592{776967307},3C_20_66-02.txt,154.245,1.000,154.245,9,148.094,96.01,16.455,50.234,0.000
23,ec.gp.GPIndividual@1168039592{776967307},3C_20_80-01.txt,4.194,1.000,4.194,3,3.453,82.33,1.151,50.234,0.000
23,ec.gp.GPIndividual@1168039592{776967307},3C_20_80-02.txt,35.738,1.000,35.738,3,1.063,2.97,0.354,50.234,0.000
23,ec.gp.GPIndividual@1168039592{776967307},3C_20_66-03.txt,118.340,1.000,118.340,11,138.031,116.64,12.548,50.234,0.000
23,ec.gp.GPIndividual@1168039592{776967307},3C_20_66-02.txt,154.245,1.000,154.245,9,118.797,77.02,13.200,50.234,0.000
23,ec.gp.GPIndividual@1168039592{776967307},3C_20_80-03.txt,169.439,1.000,169.439,3,34.547,20.39,11.516,50.234,0.000
23,ec.gp.GPIndividual@1168039592{776967307},3C_20_80-01.txt,4.194,1.000,4.194,5,3.281,78.23,0.656,50.234,0.000
23,ec.gp.GPIndividual@1168039592{776967307},3C_20_80-02.txt,35.738,1.000,35.738,7,25.531,71.44,3.647,50.234,0.000
23,ec.gp.GPIndividual@2055313361{-880958957},3C_20_50-02.txt,61.404,1.000,61.404,5,10.844,17.66,2.169,8.766,0.000
23,ec.gp.GPIndividual@2055313361{-880958957},3C_20_80-03.txt,169.439,1.000,169.439,4,40.906,24.14,10.227,28.688,0.000
23,ec.gp.GPIndividual@2055313361{-880958957},3C_20_66-03.txt,118.340,1.000,118.340,5,149.359,126.21,29.872,55.656,0.000
23,ec.gp.GPIndividual@2055313361{-880958957},3C_20_66-02.txt,154.245,1.000,154.245,7,46.484,30.14,6.641,55.656,0.000
23,ec.gp.GPIndividual@2055313361{-880958957},3C_20_80-01.txt,4.194,1.000,4.194,1,29.453,702.19,29.453,55.656,0.000
23,ec.gp.GPIndividual@2055313361{-880958957},3C_20_66-02.txt,154.245,1.000,154.245,14,186.625,120.99,13.330,65.516,0.000
23,ec.gp.GPIndividual@2055313361{-880958957},3C_20_50-03.txt,30.993,1.000,30.993,5,24.641,79.50,4.928,65.516,0.000
23,ec.gp.GPIndividual@334693229{-1706764110},3C_20_50-02.txt,61.404,1.000,61.404,6,63.797,103.90,10.633,44.281,0.344
23,ec.gp.GPIndividual@334693229{-1706764110},3C_20_66-03.txt,118.340,1.000,118.340,9,165.109,139.52,18.345,53.328,0.344
23,ec.gp.GPIndividual@334693229{-1706764110},3C_20_80-02.txt,35.738,1.000,35.738,2,4.969,13.90,2.484,53.328,0.344
23,ec.gp.GPIndividual@334693229{-1706764110},3C_20_66-03.txt,118.340,1.000,118.340,11,139.875,118.20,12.716,53.328,0.344
23,ec.gp.GPIndividual@334693229{-1706764110},3C_20_50-03.txt,30.993,1.000,30.993,4,29.641,95.64,7.410,53.328,0.344
23,ec.gp.GPIndividual@334693229{-1706764110},3C_20_66-03.txt,118.340,1.000,118.340,9,139.438,117.83,15.493,53.328,0.344
23,ec.gp.GPIndividual@334693229{-1706764110},3C_20_80-03.txt,169.439,1.000,169.439,11,168.594,99.50,15.327,53.328,0.344
23,ec.gp.GPIndividual@334693229{-1706764110},3C_20_66-01.txt,7.322,1.000,7.322,2,13.859,189.28,6.930,53.328,0.344
23,ec.gp.GPIndividual@334693229{-1706764110},3C_20_80-01.txt,4.194,1.000,4.194,3,4.219,100.58,1.406,53.328,0.344
23,ec.gp.GPIndividual@334693229{-1706764110},3C_20_66-02.txt,154.245,1.000,154.245,3,19.172,12.43,6.391,53.328,0.344
23,ec.gp.GPIndividual@334693229{-1706764110},3C_20_66-01.txt,7.322,1.000,7.322,5,6.984,95.39,1.397,53.328,0.344
23,ec.gp.GPIndividual@334693229{-1706764110},3C_20_66-02.txt,154.245,1.000,154.245,16,191.328,124.04,11.958,63.625,0.344
23,ec.gp.GPIndividual@334693229{-1706764110},3C_20_80-01.txt,4.194,1.000,4.194,3,3.484,83.07,1.161,63.625,0.344
23,ec.gp.GPIndividual@334693229{-1706764110},3C_20_80-02.txt,35.738,1.000,35.738,4,15.516,43.41,3.879,63.625,0.344
23,ec.gp.GPIndividual@2018681157{950373013},3C_20_50-02.txt,61.404,1.000,61.404,8,88.563,144.23,11.070,45.813,0.328
23,ec.gp.GPIndividual@2018681157{950373013},3C_20_66-03.txt,118.340,1.000,118.340,6,156.391,132.15,26.065,53.344,0.328
23,ec.gp.GPIndividual@2018681157{950373013},3C_20_80-02.txt,35.738,1.000,35.738,10,34.453,96.40,3.445,53.344,0.328
23,ec.gp.GPIndividual@2018681157{950373013},3C_20_80-01.txt,4.194,1.000,4.194,4,4.344,103.56,1.086,53.344,0.172
23,ec.gp.GPIndividual@2018681157{950373013},3C_20_80-02.txt,35.738,1.000,35.738,1,0.703,1.97,0.703,53.344,0.172
23,ec.gp.GPIndividual@2018681157{950373013},3C_20_80-03.txt,169.439,1.000,169.439,1,9.078,5.36,9.078,53.344,0.172
23,ec.gp.GPIndividual@2018681157{950373013},3C_20_50-03.txt,30.993,1.000,30.993,3,34.625,111.72,11.542,53.344,0.172
23,ec.gp.GPIndividual@2018681157{950373013},3C_20_66-03.txt,118.340,1.000,118.340,11,78.672,66.48,7.152,53.344,0.172
23,ec.gp.GPIndividual@2018681157{950373013},3C_20_80-03.txt,169.439,1.000,169.439,7,191.938,113.28,27.420,53.344,0.172
23,ec.gp.GPIndividual@2018681157{950373013},3C_20_66-01.txt,7.322,1.000,7.322,1,2.188,29.87,2.188,53.344,0.172
23,ec.gp.GPIndividual@283248756{1412194970},3C_20_50-02.txt,61.404,1.000,61.404,10,43.266,70.46,4.327,19.125,0.531
23,ec.gp.GPIndividual@283248756{1412194970},3C_20_80-03.txt,169.439,1.000,169.439,4,57.391,33.87,14.348,19.125,0.531
23,ec.gp.GPIndividual@283248756{1412194970},3C_20_50-03.txt,30.993,1.000,30.993,1,33.063,106.68,33.063,33.063,0.531
23,ec.gp.GPIndividual@283248756{1412194970},3C_20_80-01.txt,4.194,1.000,4.194,2,6.438,153.48,3.219,33.063,0.531
23,ec.gp.GPIndividual@283248756{1412194970},3C_20_66-01.txt,7.322,1.000,7.322,5,6.469,88.34,1.294,33.063,0.531
23,ec.gp.GPIndividual@283248756{1412194970},3C_20_66-02.txt,154.245,1.000,154.245,14,159.813,103.61,11.415,61.359,0.531
23,ec.gp.GPIndividual@1010665619{330494443},3C_20_50-02.txt,61.404,1.000,61.404,2,31.594,51.45,15.797,31.250,0.344
23,ec.gp.GPIndividual@1010665619{330494443},3C_20_66-03.txt,118.340,1.000,118.340,8,173.391,146.52,21.674,60.563,0.344
23,ec.gp.GPIndividual@1010665619{330494443},3C_20_80-01.txt,4.194,1.000,4.194,1,2.219,52.90,2.219,60.563,0.344
23,ec.gp.GPIndividual@1717769280{1881393906},3C_20_50-02.txt,61.404,1.000,61.404,13,74.578,121.45,5.737,25.531,0.500
23,ec.gp.GPIndividual@1717769280{1881393906},3C_20_80-01.txt,4.194,1.000,4.194,1,26.813,639.23,26.813,26.813,0.500
23,ec.gp.GPIndividual@1717769280{1881393906},3C_20_66-02.txt,154.245,1.000,154.245,18,152.172,98.66,8.454,35.891,0.500
23,ec.gp.GPIndividual@1717769280{1881393906},3C_20_80-02.txt,35.738,1.000,35.738,1,24.578,68.77,24.578,35.891,0.500
23,ec.gp.GPIndividual@1717769280{1881393906},3C_20_80-02.txt,35.738,1.000,35.738,2,39.422,110.31,19.711,37.563,0.500
23,ec.gp.GPIndividual@1717769280{1881393906},3C_20_50-03.txt,30.993,1.000,30.993,3,42.547,137.28,14.182,39.172,0.500
23,ec.gp.GPIndividual@1717769280{1881393906},3C_20_80-02.txt,35.738,1.000,35.738,13,35.578,99.55,2.737,39.172,0.500
23,ec.gp.GPIndividual@1717769280{1881393906},3C_20_66-03.txt,118.340,1.000,118.340,4,23.891,20.19,5.973,39.172,0.500
23,ec.gp.GPIndividual@1717769280{1881393906},3C_20_80-03.txt,169.439,1.000,169.439,7,149.406,88.18,21.344,55.047,0.500
23,ec.gp.GPIndividual@1717769280{1881393906},3C_20_80-03.txt,169.439,1.000,169.439,2,90.172,53.22,45.086,55.047,0.500
23,ec.gp.GPIndividual@1717769280{1881393906},3C_20_50-03.txt,30.993,1.000,30.993,1,39.016,125.89,39.016,55.047,0.500
23,ec.gp.GPIndividual@1581268193{872302287},3C_20_50-02.txt,61.404,1.000,61.404,0,0.000,0.00,0.000,0.000,0.000
23,ec.gp.GPIndividual@1581268193{872302287},3C_20_50-03.txt,30.993,1.000,30.993,0,0.000,0.00,0.000,0.000,0.000
23,ec.gp.GPIndividual@1581268193{872302287},3C_20_66-01.txt,7.322,1.000,7.322,0,0.000,0.00,0.000,0.000,0.000
23,ec.gp.GPIndividual@1581268193{872302287},3C_20_66-02.txt,154.245,1.000,154.245,0,0.000,0.00,0.000,0.000,0.000
23,ec.gp.GPIndividual@1581268193{872302287},3C_20_66-03.txt,118.340,1.000,118.340,0,0.000,0.00,0.000,0.000,0.000
23,ec.gp.GPIndividual@1581268193{872302287},3C_20_80-01.txt,4.194,1.000,4.194,0,0.000,0.00,0.000,0.000,0.000
23,ec.gp.GPIndividual@1581268193{872302287},3C_20_80-02.txt,35.738,1.000,35.738,0,0.000,0.00,0.000,0.000,0.000
23,ec.gp.GPIndividual@1581268193{872302287},3C_20_80-03.txt,169.439,1.000,169.439,0,0.000,0.00,0.000,0.000,0.000
23,ec.gp.GPIndividual@608249871{1282877055},3C_20_50-02.txt,61.404,1.000,61.404,0,0.000,0.00,0.000,0.000,0.000
23,ec.gp.GPIndividual@608249871{1282877055},3C_20_50-03.txt,30.993,1.000,30.993,0,0.000,0.00,0.000,0.000,0.000
23,ec.gp.GPIndividual@608249871{1282877055},3C_20_66-01.txt,7.322,1.000,7.322,0,0.000,0.00,0.000,0.000,0.000
23,ec.gp.GPIndividual@608249871{1282877055},3C_20_66-02.txt,154.245,1.000,154.245,0,0.000,0.00,0.000,0.000,0.000
23,ec.gp.GPIndividual@608249871{1282877055},3C_20_66-03.txt,118.340,1.000,118.340,0,0.000,0.00,0.000,0.000,0.000
23,ec.gp.GPIndividual@608249871{1282877055},3C_20_80-01.txt,4.194,1.000,4.194,0,0.000,0.00,0.000,0.000,0.000
23,ec.gp.GPIndividual@608249871{1282877055},3C_20_80-02.txt,35.738,1.000,35.738,0,0.000,0.00,0.000,0.000,0.000
23,ec.gp.GPIndividual@608249871{1282877055},3C_20_80-03.txt,169.439,1.000,169.439,0,0.000,0.00,0.000,0.000,0.000
23,ec.gp.GPIndividual@2027295683{-451883652},3C_20_50-02.txt,61.404,1.000,61.404,0,0.000,0.00,0.000,0.000,0.000
23,ec.gp.GPIndividual@2027295683{-451883652},3C_20_50-03.txt,30.993,1.000,30.993,0,0.000,0.00,0.000,0.000,0.000
23,ec.gp.GPIndividual@2027295683{-451883652},3C_20_66-01.txt,7.322,1.000,7.322,0,0.000,0.00,0.000,0.000,0.000
23,ec.gp.GPIndividual@2027295683{-451883652},3C_20_66-02.txt,154.245,1.000,154.245,0,0.000,0.00,0.000,0.000,0.000
23,ec.gp.GPIndividual@2027295683{-451883652},3C_20_66-03.txt,118.340,1.000,118.340,0,0.000,0.00,0.000,0.000,0.000
23,ec.gp.GPIndividual@2027295683{-451883652},3C_20_80-01.txt,4.194,1.000,4.194,0,0.000,0.00,0.000,0.000,0.000
23,ec.gp.GPIndividual@2027295683{-451883652},3C_20_80-02.txt,35.738,1.000,35.738,0,0.000,0.00,0.000,0.000,0.000
23,ec.gp.GPIndividual@2027295683{-451883652},3C_20_80-03.txt,169.439,1.000,169.439,0,0.000,0.00,0.000,0.000,0.000
23,ec.gp.GPIndividual@2021065989{-2034338114},3C_20_50-02.txt,61.404,1.000,61.404,0,0.000,0.00,0.000,0.000,0.000
23,ec.gp.GPIndividual@2021065989{-2034338114},3C_20_50-03.txt,30.993,1.000,30.993,0,0.000,0.00,0.000,0.000,0.000
23,ec.gp.GPIndividual@2021065989{-2034338114},3C_20_66-01.txt,7.322,1.000,7.322,0,0.000,0.00,0.000,0.000,0.000
23,ec.gp.GPIndividual@2021065989{-2034338114},3C_20_66-02.txt,154.245,1.000,154.245,0,0.000,0.00,0.000,0.000,0.000
23,ec.gp.GPIndividual@2021065989{-2034338114},3C_20_66-03.txt,118.340,1.000,118.340,0,0.000,0.00,0.000,0.000,0.000
23,ec.gp.GPIndividual@2021065989{-2034338114},3C_20_80-01.txt,4.194,1.000,4.194,0,0.000,0.00,0.000,0.000,0.000
23,ec.gp.GPIndividual@2021065989{-2034338114},3C_20_80-02.txt,35.738,1.000,35.738,0,0.000,0.00,0.000,0.000,0.000
23,ec.gp.GPIndividual@2021065989{-2034338114},3C_20_80-03.txt,169.439,1.000,169.439,0,0.000,0.00,0.000,0.000,0.000
23,ec.gp.GPIndividual@663718366{1733139529},3C_20_50-02.txt,61.404,1.000,61.404,8,64.172,104.51,8.021,41.641,0.500
23,ec.gp.GPIndividual@663718366{1733139529},3C_20_80-01.txt,4.194,1.000,4.194,1,1.109,26.45,1.109,41.641,0.500
23,ec.gp.GPIndividual@663718366{1733139529},3C_20_66-01.txt,7.322,1.000,7.322,4,7.406,101.15,1.852,41.641,0.500
23,ec.gp.GPIndividual@663718366{1733139529},3C_20_50-03.txt,30.993,1.000,30.993,6,31.281,100.93,5.214,41.641,0.500
23,ec.gp.GPIndividual@663718366{1733139529},3C_20_66-01.txt,7.322,1.000,7.322,5,7.313,99.87,1.463,41.641,0.172
23,ec.gp.GPIndividual@663718366{1733139529},3C_20_66-02.txt,154.245,1.000,154.245,2,2.109,1.37,1.055,41.641,0.172
23,ec.gp.GPIndividual@663718366{1733139529},3C_20_66-01.txt,7.322,1.000,7.322,4,7.813,106.70,1.953,41.641,0.172
23,ec.gp.GPIndividual@663718366{1733139529},3C_20_66-02.txt,154.245,1.000,154.245,1,0.500,0.32,0.500,41.641,0.172
23,ec.gp.GPIndividual@663718366{1733139529},3C_20_66-02.txt,154.245,1.000,154.245,20,103.844,67.32,5.192,49.094,0.172
23,ec.gp.GPIndividual@663718366{1733139529},3C_20_80-03.txt,169.439,1.000,169.439,2,50.078,29.56,25.039,49.094,0.172
23,ec.gp.GPIndividual@156450563{908014937},3C_20_50-02.txt,61.404,1.000,61.404,2,83.578,136.11,41.789,42.875,40.703
23,ec.gp.GPIndividual@156450563{908014937},3C_20_66-03.txt,118.340,1.000,118.340,1,39.922,33.74,39.922,42.875,39.922
23,ec.gp.GPIndividual@156450563{908014937},3C_20_66-03.txt,118.340,1.000,118.340,6,22.797,19.26,3.799,42.875,0.484
23,ec.gp.GPIndividual@156450563{908014937},3C_20_66-03.txt,118.340,1.000,118.340,7,119.203,100.73,17.029,52.391,0.484
23,ec.gp.GPIndividual@156450563{908014937},3C_20_80-01.txt,4.194,1.000,4.194,2,28.156,671.27,14.078,52.391,0.484
23,ec.gp.GPIndividual@156450563{908014937},3C_20_80-02.txt,35.738,1.000,35.738,1,1.078,3.02,1.078,52.391,0.484
23,ec.gp.GPIndividual@156450563{908014937},3C_20_80-02.txt,35.738,1.000,35.738,8,35.781,100.12,4.473,52.391,0.484
23,ec.gp.GPIndividual@156450563{908014937},3C_20_80-01.txt,4.194,1.000,4.194,3,4.391,104.68,1.464,52.391,0.484
23,ec.gp.GPIndividual@156450563{908014937},3C_20_80-03.txt,169.439,1.000,169.439,13,151.344,89.32,11.642,65.344,0.484
23,ec.gp.GPIndividual@487339781{669204424},3C_20_50-02.txt,61.404,1.000,61.404,6,40.938,66.67,6.823,19.203,0.516
23,ec.gp.GPIndividual@487339781{669204424},3C_20_80-02.txt,35.738,1.000,35.738,3,45.297,126.75,15.099,41.797,0.516
23,ec.gp.GPIndividual@487339781{669204424},3C_20_50-03.txt,30.993,1.000,30.993,4,70.016,225.91,17.504,51.047,0.516
23,ec.gp.GPIndividual@487339781{669204424},3C_20_80-01.txt,4.194,1.000,4.194,3,7.750,184.77,2.583,51.047,0.516
23,ec.gp.GPIndividual@487339781{669204424},3C_20_66-01.txt,7.322,1.000,7.322,5,10.531,143.83,2.106,51.047,0.500
23,ec.gp.GPIndividual@487339781{669204424},3C_20_50-03.txt,30.993,1.000,30.993,2,4.000,12.91,2.000,51.047,0.500
23,ec.gp.GPIndividual@487339781{669204424},3C_20_80-03.txt,169.439,1.000,169.439,10,145.953,86.14,14.595,62.875,0.500
23,ec.gp.GPIndividual@1452110084{652230060},3C_20_50-02.txt,61.404,1.000,61.404,1,0.125,0.20,0.125,0.125,0.125
23,ec.gp.GPIndividual@1452110084{652230060},3C_20_66-02.txt,154.245,1.000,154.245,14,148.438,96.23,10.603,59.922,0.125
23,ec.gp.GPIndividual@1452110084{652230060},3C_20_66-02.txt,154.245,1.000,154.245,5,59.250,38.41,11.850,59.922,0.125
23,ec.gp.GPIndividual@1495471526{-1315444265},3C_20_50-02.txt,61.404,1.000,61.404,6,54.672,89.04,9.112,48.234,0.313
23,ec.gp.GPIndividual@1495471526{-1315444265},3C_20_80-03.txt,169.439,1.000,169.439,7,178.031,105.07,25.433,49.422,0.313
23,ec.gp.GPIndividual@1495471526{-1315444265},3C_20_50-03.txt,30.993,1.000,30.993,1,50.313,162.34,50.313,50.313,0.313
23,ec.gp.GPIndividual@1495471526{-1315444265},3C_20_50-03.txt,30.993,1.000,30.993,1,47.500,153.26,47.500,50.313,0.313
23,ec.gp.GPIndividual@130745484{1313020889},3C_20_50-02.txt,61.404,1.000,61.404,12,61.063,99.44,5.089,35.297,0.281
23,ec.gp.GPIndividual@130745484{1313020889},3C_20_66-01.txt,7.322,1.000,7.322,2,8.125,110.96,4.063,35.297,0.281
23,ec.gp.GPIndividual@130745484{1313020889},3C_20_66-03.txt,118.340,1.000,118.340,5,26.984,22.80,5.397,35.297,0.281
23,ec.gp.GPIndividual@130745484{1313020889},3C_20_66-03.txt,118.340,1.000,118.340,10,123.344,104.23,12.334,43.500,0.281
23,ec.gp.GPIndividual@130745484{1313020889},3C_20_50-03.txt,30.993,1.000,30.993,1,38.188,123.22,38.188,43.500,0.281
23,ec.gp.GPIndividual@130745484{1313020889},3C_20_80-01.txt,4.194,1.000,4.194,2,38.797,924.95,19.398,43.500,0.281
23,ec.gp.GPIndividual@130745484{1313020889},3C_20_80-01.txt,4.194,1.000,4.194,2,4.891,116.60,2.445,43.500,0.281
23,ec.gp.GPIndividual@130745484{1313020889},3C_20_80-02.txt,35.738,1.000,35.738,14,35.922,100.51,2.566,43.500,0.266
23,ec.gp.GPIndividual@130745484{1313020889},3C_20_80-02.txt,35.738,1.000,35.738,2,2.219,6.21,1.109,43.500,0.266
23,ec.gp.GPIndividual@130745484{1313020889},3C_20_80-03.txt,169.439,1.000,169.439,13,207.563,122.50,15.966,49.891,0.266
23,ec.gp.GPIndividual@130745484{1313020889},3C_20_80-03.txt,169.439,1.000,169.439,1,55.422,32.71,55.422,55.422,0.266
23,ec.gp.GPIndividual@130745484{1313020889},3C_20_66-01.txt,7.322,1.000,7.322,2,5.391,73.62,2.695,55.422,0.266
23,ec.gp.GPIndividual@2143613493{-2036990794},3C_20_50-02.txt,61.404,1.000,61.404,2,1.484,2.42,0.742,1.219,0.266
23,ec.gp.GPIndividual@2143613493{-2036990794},3C_20_50-03.txt,30.993,1.000,30.993,5,30.891,99.67,6.178,24.484,0.141
23,ec.gp.GPIndividual@289432764{809866079},3C_20_50-02.txt,61.404,1.000,61.404,6,28.969,47.18,4.828,24.344,0.156
23,ec.gp.GPIndividual@289432764{809866079},3C_20_80-02.txt,35.738,1.000,35.738,6,27.516,76.99,4.586,24.344,0.156
23,ec.gp.GPIndividual@289432764{809866079},3C_20_80-01.txt,4.194,1.000,4.194,3,14.188,338.24,4.729,24.344,0.156
23,ec.gp.GPIndividual@289432764{809866079},3C_20_80-03.txt,169.439,1.000,169.439,11,176.516,104.18,16.047,57.156,0.156
23,ec.gp.GPIndividual@289432764{809866079},3C_20_80-02.txt,35.738,1.000,35.738,6,45.672,127.80,7.612,57.156,0.156
23,ec.gp.GPIndividual@289432764{809866079},3C_20_50-03.txt,30.993,1.000,30.993,3,34.125,110.11,11.375,57.156,0.156
23,ec.gp.GPIndividual@776084687{1987192242},3C_20_50-02.txt,61.404,1.000,61.404,0,0.000,0.00,0.000,0.000,0.000
23,ec.gp.GPIndividual@776084687{1987192242},3C_20_50-03.txt,30.993,1.000,30.993,0,0.000,0.00,0.000,0.000,0.000
23,ec.gp.GPIndividual@776084687{1987192242},3C_20_66-01.txt,7.322,1.000,7.322,0,0.000,0.00,0.000,0.000,0.000
23,ec.gp.GPIndividual@776084687{1987192242},3C_20_66-02.txt,154.245,1.000,154.245,0,0.000,0.00,0.000,0.000,0.000
23,ec.gp.GPIndividual@776084687{1987192242},3C_20_66-03.txt,118.340,1.000,118.340,0,0.000,0.00,0.000,0.000,0.000
23,ec.gp.GPIndividual@776084687{1987192242},3C_20_80-01.txt,4.194,1.000,4.194,0,0.000,0.00,0.000,0.000,0.000
23,ec.gp.GPIndividual@776084687{1987192242},3C_20_80-02.txt,35.738,1.000,35.738,0,0.000,0.00,0.000,0.000,0.000
23,ec.gp.GPIndividual@776084687{1987192242},3C_20_80-03.txt,169.439,1.000,169.439,0,0.000,0.00,0.000,0.000,0.000
23,ec.gp.GPIndividual@1681256507{-591362657},3C_20_50-02.txt,61.404,1.000,61.404,0,0.000,0.00,0.000,0.000,0.000
23,ec.gp.GPIndividual@1681256507{-591362657},3C_20_50-03.txt,30.993,1.000,30.993,0,0.000,0.00,0.000,0.000,0.000
23,ec.gp.GPIndividual@1681256507{-591362657},3C_20_66-01.txt,7.322,1.000,7.322,0,0.000,0.00,0.000,0.000,0.000
23,ec.gp.GPIndividual@1681256507{-591362657},3C_20_66-02.txt,154.245,1.000,154.245,0,0.000,0.00,0.000,0.000,0.000
23,ec.gp.GPIndividual@1681256507{-591362657},3C_20_66-03.txt,118.340,1.000,118.340,0,0.000,0.00,0.000,0.000,0.000
23,ec.gp.GPIndividual@1681256507{-591362657},3C_20_80-01.txt,4.194,1.000,4.194,0,0.000,0.00,0.000,0.000,0.000
23,ec.gp.GPIndividual@1681256507{-591362657},3C_20_80-02.txt,35.738,1.000,35.738,0,0.000,0.00,0.000,0.000,0.000
23,ec.gp.GPIndividual@1681256507{-591362657},3C_20_80-03.txt,169.439,1.000,169.439,0,0.000,0.00,0.000,0.000,0.000
23,ec.gp.GPIndividual@445262313{-967248425},3C_20_50-02.txt,61.404,1.000,61.404,7,17.172,27.97,2.453,7.203,0.156
23,ec.gp.GPIndividual@445262313{-967248425},3C_20_80-03.txt,169.439,1.000,169.439,7,198.016,116.87,28.288,66.750,0.156
23,ec.gp.GPIndividual@445262313{-967248425},3C_20_66-01.txt,7.322,1.000,7.322,7,6.297,86.00,0.900,66.750,0.156
23,ec.gp.GPIndividual@445262313{-967248425},3C_20_66-02.txt,154.245,1.000,154.245,6,17.344,11.24,2.891,66.750,0.156
23,ec.gp.GPIndividual@1538729471{-1549985902},3C_20_50-02.txt,61.404,1.000,61.404,3,1.063,1.73,0.354,0.734,0.156
23,ec.gp.GPIndividual@1538729471{-1549985902},3C_20_50-03.txt,30.993,1.000,30.993,4,46.750,150.84,11.688,40.406,0.156
23,ec.gp.GPIndividual@1538729471{-1549985902},3C_20_50-03.txt,30.993,1.000,30.993,9,31.078,100.28,3.453,40.406,0.078
23,ec.gp.GPIndividual@1538729471{-1549985902},3C_20_66-03.txt,118.340,1.000,118.340,28,142.766,120.64,5.099,40.406,0.078
23,ec.gp.GPIndividual@1538729471{-1549985902},3C_20_66-01.txt,7.322,1.000,7.322,4,8.266,112.88,2.066,40.406,0.078
23,ec.gp.GPIndividual@1538729471{-1549985902},3C_20_80-01.txt,4.194,1.000,4.194,4,4.359,103.93,1.090,40.406,0.078
23,ec.gp.GPIndividual@1538729471{-1549985902},3C_20_80-02.txt,35.738,1.000,35.738,12,14.328,40.09,1.194,40.406,0.078
23,ec.gp.GPIndividual@1538729471{-1549985902},3C_20_66-01.txt,7.322,1.000,7.322,8,16.875,230.46,2.109,40.406,0.078
23,ec.gp.GPIndividual@1538729471{-1549985902},3C_20_66-02.txt,154.245,1.000,154.245,41,34.531,22.39,0.842,40.406,0.078
23,ec.gp.GPIndividual@1538729471{-1549985902},3C_20_66-02.txt,154.245,1.000,154.245,12,109.891,71.24,9.158,56.328,0.078
23,ec.gp.GPIndividual@1538729471{-1549985902},3C_20_80-03.txt,169.439,1.000,169.439,4,90.688,53.52,22.672,56.328,0.078
23,ec.gp.GPIndividual@1538729471{-1549985902},3C_20_66-03.txt,118.340,1.000,118.340,6,140.875,119.04,23.479,66.781,0.078
23,ec.gp.GPIndividual@1538729471{-1549985902},3C_20_66-03.txt,118.340,1.000,118.340,4,35.641,30.12,8.910,66.781,0.078
23,ec.gp.GPIndividual@1882860316{1268362990},3C_20_50-02.txt,61.404,1.000,61.404,2,0.172,0.28,0.086,0.172,0.000
23,ec.gp.GPIndividual@1882860316{1268362990},3C_20_50-03.txt,30.993,1.000,30.993,2,1.750,5.65,0.875,1.750,0.000
23,ec.gp.GPIndividual@1882860316{1268362990},3C_20_66-01.txt,7.322,1.000,7.322,2,0.453,6.19,0.227,1.750,0.000
23,ec.gp.GPIndividual@1882860316{1268362990},3C_20_66-02.txt,154.245,1.000,154.245,2,1.094,0.71,0.547,1.750,0.000
23,ec.gp.GPIndividual@1882860316{1268362990},3C_20_66-03.txt,118.340,1.000,118.340,2,2.688,2.27,1.344,2.688,0.000
23,ec.gp.GPIndividual@1882860316{1268362990},3C_20_80-01.txt,4.194,1.000,4.194,2,0.625,14.90,0.313,2.688,0.000
23,ec.gp.GPIndividual@1882860316{1268362990},3C_20_80-02.txt,35.738,1.000,35.738,2,1.000,2.80,0.500,2.688,0.000
23,ec.gp.GPIndividual@1882860316{1268362990},3C_20_80-03.txt,169.439,1.000,169.439,2,2.547,1.50,1.273,2.688,0.000
23,ec.gp.GPIndividual@1894567844{-1471818354},3C_20_50-02.txt,61.404,1.000,61.404,9,57.609,93.82,6.401,23.922,0.109
23,ec.gp.GPIndividual@1894567844{-1471818354},3C_20_50-03.txt,30.993,1.000,30.993,4,19.141,61.76,4.785,23.922,0.109
23,ec.gp.GPIndividual@500760693{365367049},3C_20_50-02.txt,61.404,1.000,61.404,9,50.609,82.42,5.623,20.063,0.031
23,ec.gp.GPIndividual@500760693{365367049},3C_20_50-03.txt,30.993,1.000,30.993,7,25.625,82.68,3.661,20.063,0.031
23,ec.gp.GPIndividual@500760693{365367049},3C_20_66-01.txt,7.322,1.000,7.322,7,5.906,80.66,0.844,20.063,0.031
23,ec.gp.GPIndividual@500760693{365367049},3C_20_66-02.txt,154.245,1.000,154.245,11,127.063,82.38,11.551,50.391,0.031
23,ec.gp.GPIndividual@500760693{365367049},3C_20_66-03.txt,118.340,1.000,118.340,7,87.891,74.27,12.556,50.391,0.031
23,ec.gp.GPIndividual@500760693{365367049},3C_20_80-01.txt,4.194,1.000,4.194,9,3.656,87.17,0.406,50.391,0.031
23,ec.gp.GPIndividual@500760693{365367049},3C_20_80-02.txt,35.738,1.000,35.738,7,23.250,65.06,3.321,50.391,0.031
23,ec.gp.GPIndividual@500760693{365367049},3C_20_80-03.txt,169.439,1.000,169.439,3,108.750,64.18,36.250,67.500,0.031
24,ec.gp.GPIndividual@538135704{-1603700674},3C_20_50-02.txt,61.404,1.000,61.404,6,1.875,3.05,0.313,0.375,0.281
24,ec.gp.GPIndividual@538135704{-1603700674},3C_20_50-03.txt,30.993,1.000,30.993,8,18.250,58.89,2.281,4.406,0.281
24,ec.gp.GPIndividual@538135704{-1603700674},3C_20_66-01.txt,7.322,1.000,7.322,3,8.063,110.11,2.688,4.406,0.281
24,ec.gp.GPIndividual@538135704{-1603700674},3C_20_50-03.txt,30.993,1.000,30.993,1,0.922,2.97,0.922,4.406,0.281
24,ec.gp.GPIndividual@538135704{-1603700674},3C_20_66-02.txt,154.245,1.000,154.245,4,7.078,4.59,1.770,4.406,0.281
24,ec.gp.GPIndividual@538135704{-1603700674},3C_20_66-03.txt,118.340,1.000,118.340,5,17.547,14.83,3.509,4.594,0.281
24,ec.gp.GPIndividual@538135704{-1603700674},3C_20_80-01.txt,4.194,1.000,4.194,1,1.469,35.02,1.469,4.594,0.281
24,ec.gp.GPIndividual@538135704{-1603700674},3C_20_80-02.txt,35.738,1.000,35.738,1,1.469,4.11,1.469,4.594,0.281
24,ec.gp.GPIndividual@538135704{-1603700674},3C_20_80-03.txt,169.439,1.000,169.439,2,13.938,8.23,6.969,7.578,0.281
24,ec.gp.GPIndividual@859074754{-1646633063},3C_20_50-02.txt,61.404,1.000,61.404,9,98.844,160.97,10.983,42.172,0.344
24,ec.gp.GPIndividual@859074754{-1646633063},3C_20_50-03.txt,30.993,1.000,30.993,1,2.031,6.55,2.031,42.172,0.344
24,ec.gp.GPIndividual@859074754{-1646633063},3C_20_50-03.txt,30.993,1.000,30.993,1,46.188,149.03,46.188,46.188,0.344
24,ec.gp.GPIndividual@859074754{-1646633063},3C_20_50-03.txt,30.993,1.000,30.993,1,45.063,145.40,45.063,46.188,0.344
24,ec.gp.GPIndividual@859074754{-1646633063},3C_20_50-03.txt,30.993,1.000,30.993,7,35.750,115.35,5.107,46.188,0.344
24,ec.gp.GPIndividual@859074754{-1646633063},3C_20_66-01.txt,7.322,1.000,7.322,1,1.094,14.94,1.094,46.188,0.344
24,ec.gp.GPIndividual@859074754{-1646633063},3C_20_66-01.txt,7.322,1.000,7.322,2,9.109,124.41,4.555,46.188,0.344
24,ec.gp.GPIndividual@859074754{-1646633063},3C_20_66-01.txt,7.322,1.000,7.322,4,10.344,141.27,2.586,46.188,0.344
24,ec.gp.GPIndividual@859074754{-1646633063},3C_20_66-01.txt,7.322,1.000,7.322,1,1.594,21.77,1.594,46.188,0.344
24,ec.gp.GPIndividual@859074754{-1646633063},3C_20_66-01.txt,7.322,1.000,7.322,7,8.359,114.17,1.194,46.188,0.344
24,ec.gp.GPIndividual@859074754{-1646633063},3C_20_66-02.txt,154.245,1.000,154.245,1,0.328,0.21,0.328,46.188,0.328
24,ec.gp.GPIndividual@859074754{-1646633063},3C_20_66-02.txt,154.245,1.000,154.245,23,173.625,112.56,7.549,59.484,0.328
24,ec.gp.GPIndividual@859074754{-1646633063},3C_20_66-03.txt,118.340,1.000,118.340,7,114.891,97.09,16.413,59.484,0.328
24,ec.gp.GPIndividual@859074754{-1646633063},3C_20_50-03.txt,30.993,1.000,30.993,6,31.766,102.49,5.294,59.484,0.328
24,ec.gp.GPIndividual@859074754{-1646633063},3C_20_66-01.txt,7.322,1.000,7.322,1,1.078,14.72,1.078,59.484,0.328
24,ec.gp.GPIndividual@859074754{-1646633063},3C_20_80-01.txt,4.194,1.000,4.194,2,5.938,141.55,2.969,59.484,0.328
24,ec.gp.GPIndividual@859074754{-1646633063},3C_20_66-02.txt,154.245,1.000,154.245,18,106.141,68.81,5.897,59.484,0.328
24,ec.gp.GPIndividual@859074754{-1646633063},3C_20_66-03.txt,118.340,1.000,118.340,5,119.016,100.57,23.803,59.484,0.328
24,ec.gp.GPIndividual@859074754{-1646633063},3C_20_80-02.txt,35.738,1.000,35.738,2,45.750,128.01,22.875,59.484,0.328
24,ec.gp.GPIndividual@859074754{-1646633063},3C_20_66-02.txt,154.245,1.000,154.245,11,76.125,49.35,6.920,59.484,0.328
24,ec.gp.GPIndividual@859074754{-1646633063},3C_20_66-02.txt,154.245,1.000,154.245,6,51.953,33.68,8.659,59.484,0.328
24,ec.gp.GPIndividual@859074754{-1646633063},3C_20_80-01.txt,4.194,1.000,4.194,1,28.984,691.01,28.984,59.484,0.328
24,ec.gp.GPIndividual@859074754{-1646633063},3C_20_66-03.txt,118.340,1.000,118.340,11,136.906,115.69,12.446,59.484,0.328
24,ec.gp.GPIndividual@859074754{-1646633063},3C_20_66-03.txt,118.340,1.000,118.340,1,7.422,6.27,7.422,59.484,0.328
24,ec.gp.GPIndividual@859074754{-1646633063},3C_20_66-02.txt,154.245,1.000,154.245,9,87.344,56.63,9.705,59.484,0.328
24,ec.gp.GPIndividual@859074754{-1646633063},3C_20_80-03.txt,169.439,1.000,169.439,6,218.750,129.10,36.458,59.484,0.328
24,ec.gp.GPIndividual@859074754{-1646633063},3C_20_80-01.txt,4.194,1.000,4.194,4,4.125,98.34,1.031,59.484,0.328
24,ec.gp.GPIndividual@859074754{-1646633063},3C_20_66-03.txt,118.340,1.000,118.340,11,125.188,105.79,11.381,59.484,0.328
24,ec.gp.GPIndividual@859074754{-1646633063},3C_20_80-01.txt,4.194,1.000,4.194,3,3.328,79.35,1.109,59.484,0.328
24,ec.gp.GPIndividual@859074754{-1646633063},3C_20_80-02.txt,35.738,1.000,35.738,7,92.719,259.44,13.246,65.266,0.328
24,ec.gp.GPIndividual@489364687{1884413118},3C_20_50-02.txt,61.404,1.000,61.404,1,20.516,33.41,20.516,20.516,20.516
24,ec.gp.GPIndividual@489364687{1884413118},3C_20_66-03.txt,118.340,1.000,118.340,1,0.500,0.42,0.500,20.516,0.500
24,ec.gp.GPIndividual@489364687{1884413118},3C_20_50-03.txt,30.993,1.000,30.993,3,24.828,80.11,8.276,20.516,0.500
24,ec.gp.GPIndividual@489364687{1884413118},3C_20_66-01.txt,7.322,1.000,7.322,1,33.797,461.57,33.797,33.797,0.500
24,ec.gp.GPIndividual@489364687{1884413118},3C_20_80-02.txt,35.738,1.000,35.738,1,1.063,2.97,1.063,33.797,0.500
24,ec.gp.GPIndividual@489364687{1884413118},3C_20_66-02.txt,154.245,1.000,154.245,1,5.641,3.66,5.641,33.797,0.500
24,ec.gp.GPIndividual@489364687{1884413118},3C_20_80-02.txt,35.738,1.000,35.738,3,12.656,35.41,4.219,33.797,0.500
24,ec.gp.GPIndividual@489364687{1884413118},3C_20_80-01.txt,4.194,1.000,4.194,1,10.891,259.64,10.891,33.797,0.500
24,ec.gp.GPIndividual@489364687{1884413118},3C_20_80-03.txt,169.439,1.000,169.439,3,6.000,3.54,2.000,33.797,0.500
24,ec.gp.GPIndividual@489364687{1884413118},3C_20_66-03.txt,118.340,1.000,118.340,12,29.125,24.61,2.427,33.797,0.500
24,ec.gp.GPIndividual@489364687{1884413118},3C_20_80-01.txt,4.194,1.000,4.194,2,4.313,102.81,2.156,33.797,0.172
24,ec.gp.GPIndividual@489364687{1884413118},3C_20_80-02.txt,35.738,1.000,35.738,1,1.594,4.46,1.594,33.797,0.172
24,ec.gp.GPIndividual@489364687{1884413118},3C_20_80-02.txt,35.738,1.000,35.738,3,5.500,15.39,1.833,33.797,0.172
24,ec.gp.GPIndividual@489364687{1884413118},3C_20_80-03.txt,169.439,1.000,169.439,4,11.625,6.86,2.906,33.797,0.172
24,ec.gp.GPIndividual@257752658{-544279221},3C_20_50-02.txt,61.404,1.000,61.404,6,84.813,138.12,14.135,38.969,0.344
24,ec.gp.GPIndividual@1109626620{-1653710703},3C_20_50-02.txt,61.404,1.000,61.404,3,66.609,108.48,22.203,44.563,0.359
24,ec.gp.GPIndividual@1109626620{-1653710703},3C_20_80-01.txt,4.194,1.000,4.194,1,41.469,988.65,41.469,44.563,0.359
24,ec.gp.GPIndividual@1109626620{-1653710703},3C_20_80-03.txt,169.439,1.000,169.439,5,13.797,8.14,2.759,44.563,0.359
24,ec.gp.GPIndividual@1109626620{-1653710703},3C_20_80-03.txt,169.439,1.000,169.439,8,40.922,24.15,5.115,44.563,0.359
24,ec.gp.GPIndividual@1109626620{-1653710703},3C_20_50-03.txt,30.993,1.000,30.993,3,78.250,252.48,26.083,65.922,0.359
24,ec.gp.GPIndividual@1109626620{-1653710703},3C_20_80-03.txt,169.439,1.000,169.439,5,147.172,86.86,29.434,65.922,0.359
24,ec.gp.GPIndividual@1109626620{-1653710703},3C_20_50-03.txt,30.993,1.000,30.993,1,57.859,186.69,57.859,65.922,0.359
24,ec.gp.GPIndividual@1109626620{-1653710703},3C_20_80-02.txt,35.738,1.000,35.738,2,92.266,258.17,46.133,65.922,0.359
24,ec.gp.GPIndividual@538166601{447536444},3C_20_50-02.txt,61.404,1.000,61.404,0,0.000,0.00,0.000,0.000,0.000
24,ec.gp.GPIndividual@538166601{447536444},3C_20_50-03.txt,30.993,1.000,30.993,0,0.000,0.00,0.000,0.000,0.000
24,ec.gp.GPIndividual@538166601{447536444},3C_20_66-01.txt,7.322,1.000,7.322,0,0.000,0.00,0.000,0.000,0.000
24,ec.gp.GPIndividual@538166601{447536444},3C_20_66-02.txt,154.245,1.000,154.245,0,0.000,0.00,0.000,0.000,0.000
24,ec.gp.GPIndividual@538166601{447536444},3C_20_66-03.txt,118.340,1.000,118.340,0,0.000,0.00,0.000,0.000,0.000
24,ec.gp.GPIndividual@538166601{447536444},3C_20_80-01.txt,4.194,1.000,4.194,0,0.000,0.00,0.000,0.000,0.000
24,ec.gp.GPIndividual@538166601{447536444},3C_20_80-02.txt,35.738,1.000,35.738,0,0.000,0.00,0.000,0.000,0.000
24,ec.gp.GPIndividual@538166601{447536444},3C_20_80-03.txt,169.439,1.000,169.439,0,0.000,0.00,0.000,0.000,0.000
24,ec.gp.GPIndividual@907329280{-109978120},3C_20_50-02.txt,61.404,1.000,61.404,15,73.234,119.27,4.882,16.078,0.531
24,ec.gp.GPIndividual@907329280{-109978120},3C_20_80-03.txt,169.439,1.000,169.439,3,30.469,17.98,10.156,20.859,0.531
24,ec.gp.GPIndividual@907329280{-109978120},3C_20_66-01.txt,7.322,1.000,7.322,2,7.719,105.42,3.859,20.859,0.531
24,ec.gp.GPIndividual@907329280{-109978120},3C_20_66-02.txt,154.245,1.000,154.245,4,99.891,64.76,24.973,62.281,0.516
24,ec.gp.GPIndividual@1372895851{691836026},3C_20_50-02.txt,61.404,1.000,61.404,9,35.359,57.58,3.929,19.516,0.344
24,ec.gp.GPIndividual@1372895851{691836026},3C_20_66-03.txt,118.340,1.000,118.340,2,54.969,46.45,27.484,36.734,0.344
24,ec.gp.GPIndividual@588249728{517950614},3C_20_50-02.txt,61.404,1.000,61.404,6,75.984,123.74,12.664,58.875,0.531
24,ec.gp.GPIndividual@588249728{517950614},3C_20_50-03.txt,30.993,1.000,30.993,1,59.594,192.28,59.594,59.594,0.531
24,ec.gp.GPIndividual@588249728{517950614},3C_20_66-01.txt,7.322,1.000,7.322,4,8.188,111.82,2.047,59.594,0.531
24,ec.gp.GPIndividual@588249728{517950614},3C_20_66-01.txt,7.322,1.000,7.322,3,22.797,311.34,7.599,59.594,0.531
24,ec.gp.GPIndividual@588249728{517950614},3C_20_80-01.txt,4.194,1.000,4.194,3,4.109,97.97,1.370,59.594,0.172
24,ec.gp.GPIndividual@588249728{517950614},3C_20_66-02.txt,154.245,1.000,154.245,3,64.328,41.71,21.443,61.672,0.172
24,ec.gp.GPIndividual@1709136616{-219979753},3C_20_50-02.txt,61.404,1.000,61.404,16,80.938,131.81,5.059,40.141,0.531
24,ec.gp.GPIndividual@1709136616{-219979753},3C_20_50-03.txt,30.993,1.000,30.993,5,32.094,103.55,6.419,40.141,0.531
24,ec.gp.GPIndividual@1709136616{-219979753},3C_20_66-02.txt,154.245,1.000,154.245,2,26.219,17.00,13.109,40.141,0.531
24,ec.gp.GPIndividual@1709136616{-219979753},3C_20_80-02.txt,35.738,1.000,35.738,10,36.297,101.56,3.630,40.141,0.531
24,ec.gp.GPIndividual@1709136616{-219979753},3C_20_66-03.txt,118.340,1.000,118.340,1,1.438,1.21,1.438,40.141,0.531
24,ec.gp.GPIndividual@1709136616{-219979753},3C_20_80-03.txt,169.439,1.000,169.439,11,171.469,101.20,15.588,55.406,0.531
24,ec.gp.GPIndividual@1709136616{-219979753},3C_20_50-03.txt,30.993,1.000,30.993,2,56.281,181.60,28.141,55.406,0.531
24,ec.gp.GPIndividual@1709136616{-219979753},3C_20_80-01.txt,4.194,1.000,4.194,1,8.000,190.73,8.000,55.406,0.531
24,ec.gp.GPIndividual@1709136616{-219979753},3C_20_66-01.txt,7.322,1.000,7.322,3,61.047,833.72,20.349,58.563,0.531
24,ec.gp.GPIndividual@37549200{-1932428215},3C_20_50-02.txt,61.404,1.000,61.404,4,64.609,105.22,16.152,60.828,0.422
24,ec.gp.GPIndividual@37549200{-1932428215},3C_20_50-03.txt,30.993,1.000,30.993,7,37.313,120.39,5.330,60.828,0.422
24,ec.gp.GPIndividual@37549200{-1932428215},3C_20_66-03.txt,118.340,1.000,118.340,8,61.141,51.67,7.643,60.828,0.000
24,ec.gp.GPIndividual@37549200{-1932428215},3C_20_66-01.txt,7.322,1.000,7.322,1,10.578,144.47,10.578,60.828,0.000
24,ec.gp.GPIndividual@37549200{-1932428215},3C_20_66-02.txt,154.245,1.000,154.245,13,80.688,52.31,6.207,60.828,0.000
24,ec.gp.GPIndividual@37549200{-1932428215},3C_20_50-03.txt,30.993,1.000,30.993,2,69.891,225.51,34.945,60.828,0.000
24,ec.gp.GPIndividual@37549200{-1932428215},3C_20_80-02.txt,35.738,1.000,35.738,8,59.000,165.09,7.375,60.828,0.000
24,ec.gp.GPIndividual@37549200{-1932428215},3C_20_66-02.txt,154.245,1.000,154.245,6,119.984,77.79,19.997,60.828,0.000
24,ec.gp.GPIndividual@37549200{-1932428215},3C_20_66-01.txt,7.322,1.000,7.322,4,12.688,173.27,3.172,60.828,0.000
24,ec.gp.GPIndividual@37549200{-1932428215},3C_20_80-03.txt,169.439,1.000,169.439,13,198.766,117.31,15.290,60.828,0.000
24,ec.gp.GPIndividual@37549200{-1932428215},3C_20_66-03.txt,118.340,1.000,118.340,5,99.438,84.03,19.888,60.828,0.000
24,ec.gp.GPIndividual@782194286{-973479024},3C_20_50-02.txt,61.404,1.000,61.404,2,51.359,83.64,25.680,50.891,0.469
24,ec.gp.GPIndividual@782194286{-973479024},3C_20_80-01.txt,4.194,1.000,4.194,3,3.875,92.38,1.292,50.891,0.359
24,ec.gp.GPIndividual@782194286{-973479024},3C_20_50-03.txt,30.993,1.000,30.993,3,42.375,136.73,14.125,50.891,0.359
24,ec.gp.GPIndividual@782194286{-973479024},3C_20_66-01.txt,7.322,1.000,7.322,3,6.578,89.84,2.193,50.891,0.359
24,ec.gp.GPIndividual@782194286{-973479024},3C_20_66-01.txt,7.322,1.000,7.322,5,7.453,101.79,1.491,50.891,0.156
24,ec.gp.GPIndividual@782194286{-973479024},3C_20_66-02.txt,154.245,1.000,154.245,13,80.000,51.87,6.154,50.891,0.156
24,ec.gp.GPIndividual@782194286{-973479024},3C_20_66-03.txt,118.340,1.000,118.340,7,130.906,110.62,18.701,50.891,0.156
24,ec.gp.GPIndividual@782194286{-973479024},3C_20_80-01.txt,4.194,1.000,4.194,1,23.484,559.89,23.484,50.891,0.156
24,ec.gp.GPIndividual@782194286{-973479024},3C_20_80-01.txt,4.194,1.000,4.194,4,4.406,105.05,1.102,50.891,0.156
24,ec.gp.GPIndividual@782194286{-973479024},3C_20_80-02.txt,35.738,1.000,35.738,1,0.484,1.36,0.484,50.891,0.156
24,ec.gp.GPIndividual@782194286{-973479024},3C_20_80-02.txt,35.738,1.000,35.738,3,39.047,109.26,13.016,50.891,0.156
24,ec.gp.GPIndividual@782194286{-973479024},3C_20_66-02.txt,154.245,1.000,154.245,5,49.141,31.86,9.828,50.891,0.000
24,ec.gp.GPIndividual@782194286{-973479024},3C_20_80-03.txt,169.439,1.000,169.439,13,156.172,92.17,12.013,56.281,0.000
24,ec.gp.GPIndividual@782194286{-973479024},3C_20_66-02.txt,154.245,1.000,154.245,2,39.438,25.57,19.719,56.281,0.000
24,ec.gp.GPIndividual@782194286{-973479024},3C_20_80-02.txt,35.738,1.000,35.738,9,57.031,159.58,6.337,56.281,0.000
24,ec.gp.GPIndividual@782194286{-973479024},3C_20_66-03.txt,118.340,1.000,118.340,2,24.063,20.33,12.031,56.281,0.000
24,ec.gp.GPIndividual@782194286{-973479024},3C_20_66-03.txt,118.340,1.000,118.340,6,87.672,74.09,14.612,60.703,0.000
24,ec.gp.GPIndividual@1513567063{-503783105},3C_20_50-02.txt,61.404,1.000,61.404,3,67.063,109.21,22.354,63.219,0.531
24,ec.gp.GPIndividual@1513567063{-503783105},3C_20_80-03.txt,169.439,1.000,169.439,5,37.281,22.00,7.456,63.219,0.531
24,ec.gp.GPIndividual@1513567063{-503783105},3C_20_80-01.txt,4.194,1.000,4.194,2,2.563,61.09,1.281,63.219,0.531
24,ec.gp.GPIndividual@1513567063{-503783105},3C_20_80-02.txt,35.738,1.000,35.738,4,40.922,114.50,10.230,63.219,0.531
24,ec.gp.GPIndividual@1513567063{-503783105},3C_20_80-01.txt,4.194,1.000,4.194,2,48.125,1147.34,24.063,63.219,0.531
24,ec.gp.GPIndividual@1513567063{-503783105},3C_20_80-03.txt,169.439,1.000,169.439,2,2.813,1.66,1.406,63.219,0.531
24,ec.gp.GPIndividual@1513567063{-503783105},3C_20_80-03.txt,169.439,1.000,169.439,1,40.844,24.11,40.844,63.219,0.531
24,ec.gp.GPIndividual@1513567063{-503783105},3C_20_66-03.txt,118.340,1.000,118.340,11,161.719,136.66,14.702,64.906,0.531
24,ec.gp.GPIndividual@1513567063{-503783105},3C_20_50-03.txt,30.993,1.000,30.993,1,32.625,105.27,32.625,64.906,0.531
24,ec.gp.GPIndividual@1513567063{-503783105},3C_20_80-01.txt,4.194,1.000,4.194,1,4.641,110.64,4.641,64.906,0.531
24,ec.gp.GPIndividual@1513567063{-503783105},3C_20_66-01.txt,7.322,1.000,7.322,3,11.109,151.72,3.703,64.906,0.531
24,ec.gp.GPIndividual@2063786382{1498379820},3C_20_50-02.txt,61.404,1.000,61.404,1,33.625,54.76,33.625,33.625,33.625
24,ec.gp.GPIndividual@2063786382{1498379820},3C_20_80-02.txt,35.738,1.000,35.738,1,0.516,1.44,0.516,33.625,0.516
24,ec.gp.GPIndividual@2063786382{1498379820},3C_20_50-03.txt,30.993,1.000,30.993,3,43.313,139.75,14.438,40.172,0.516
24,ec.gp.GPIndividual@340965545{1075791995},3C_20_50-02.txt,61.404,1.000,61.404,8,56.344,91.76,7.043,44.344,0.516
24,ec.gp.GPIndividual@340965545{1075791995},3C_20_66-01.txt,7.322,1.000,7.322,3,6.406,87.49,2.135,44.344,0.516
24,ec.gp.GPIndividual@340965545{1075791995},3C_20_80-03.txt,169.439,1.000,169.439,2,2.813,1.66,1.406,44.344,0.516
24,ec.gp.GPIndividual@340965545{1075791995},3C_20_66-02.txt,154.245,1.000,154.245,3,7.563,4.90,2.521,44.344,0.516
24,ec.gp.GPIndividual@1495682160{-299067724},3C_20_50-02.txt,61.404,1.000,61.404,0,0.000,0.00,0.000,0.000,0.000
24,ec.gp.GPIndividual@1495682160{-299067724},3C_20_50-03.txt,30.993,1.000,30.993,0,0.000,0.00,0.000,0.000,0.000
24,ec.gp.GPIndividual@1495682160{-299067724},3C_20_66-01.txt,7.322,1.000,7.322,0,0.000,0.00,0.000,0.000,0.000
24,ec.gp.GPIndividual@1495682160{-299067724},3C_20_66-02.txt,154.245,1.000,154.245,0,0.000,0.00,0.000,0.000,0.000
24,ec.gp.GPIndividual@1495682160{-299067724},3C_20_66-03.txt,118.340,1.000,118.340,0,0.000,0.00,0.000,0.000,0.000
24,ec.gp.GPIndividual@1495682160{-299067724},3C_20_80-01.txt,4.194,1.000,4.194,0,0.000,0.00,0.000,0.000,0.000
24,ec.gp.GPIndividual@1495682160{-299067724},3C_20_80-02.txt,35.738,1.000,35.738,0,0.000,0.00,0.000,0.000,0.000
24,ec.gp.GPIndividual@1495682160{-299067724},3C_20_80-03.txt,169.439,1.000,169.439,0,0.000,0.00,0.000,0.000,0.000
24,ec.gp.GPIndividual@1299340136{-1834441035},3C_20_50-02.txt,61.404,1.000,61.404,2,46.641,75.96,23.320,46.422,0.219
24,ec.gp.GPIndividual@1299340136{-1834441035},3C_20_50-03.txt,30.993,1.000,30.993,7,59.109,190.72,8.444,46.422,0.219
24,ec.gp.GPIndividual@1299340136{-1834441035},3C_20_66-02.txt,154.245,1.000,154.245,7,20.734,13.44,2.962,46.422,0.219
24,ec.gp.GPIndividual@1299340136{-1834441035},3C_20_66-01.txt,7.322,1.000,7.322,5,4.781,65.30,0.956,46.422,0.219
24,ec.gp.GPIndividual@1299340136{-1834441035},3C_20_66-02.txt,154.245,1.000,154.245,5,43.813,28.40,8.763,46.422,0.219
24,ec.gp.GPIndividual@1299340136{-1834441035},3C_20_80-02.txt,35.738,1.000,35.738,9,36.906,103.27,4.101,46.422,0.219
24,ec.gp.GPIndividual@1299340136{-1834441035},3C_20_80-03.txt,169.439,1.000,169.439,1,0.594,0.35,0.594,46.422,0.219
24,ec.gp.GPIndividual@1299340136{-1834441035},3C_20_66-03.txt,118.340,1.000,118.340,8,169.234,143.01,21.154,60.234,0.219
24,ec.gp.GPIndividual@1299340136{-1834441035},3C_20_66-03.txt,118.340,1.000,118.340,10,109.281,92.35,10.928,60.234,0.219
24,ec.gp.GPIndividual@782289472{346611048},3C_20_50-02.txt,61.404,1.000,61.404,0,0.000,0.00,0.000,0.000,0.000
24,ec.gp.GPIndividual@782289472{346611048},3C_20_50-03.txt,30.993,1.000,30.993,0,0.000,0.00,0.000,0.000,0.000
24,ec.gp.GPIndividual@782289472{346611048},3C_20_66-01.txt,7.322,1.000,7.322,0,0.000,0.00,0.000,0.000,0.000
24,ec.gp.GPIndividual@782289472{346611048},3C_20_66-02.txt,154.245,1.000,154.245,0,0.000,0.00,0.000,0.000,0.000
24,ec.gp.GPIndividual@782289472{346611048},3C_20_66-03.txt,118.340,1.000,118.340,0,0.000,0.00,0.000,0.000,0.000
24,ec.gp.GPIndividual@782289472{346611048},3C_20_80-01.txt,4.194,1.000,4.194,0,0.000,0.00,0.000,0.000,0.000
24,ec.gp.GPIndividual@782289472{346611048},3C_20_80-02.txt,35.738,1.000,35.738,0,0.000,0.00,0.000,0.000,0.000
24,ec.gp.GPIndividual@782289472{346611048},3C_20_80-03.txt,169.439,1.000,169.439,0,0.000,0.00,0.000,0.000,0.000
24,ec.gp.GPIndividual@645894923{2106968144},3C_20_50-02.txt,61.404,1.000,61.404,4,6.094,9.92,1.523,4.828,0.094
24,ec.gp.GPIndividual@645894923{2106968144},3C_20_80-03.txt,169.439,1.000,169.439,10,162.531,95.92,16.253,65.094,0.094
24,ec.gp.GPIndividual@645894923{2106968144},3C_20_50-03.txt,30.993,1.000,30.993,4,35.953,116.01,8.988,65.094,0.094
24,ec.gp.GPIndividual@326662228{631549777},3C_20_50-02.txt,61.404,1.000,61.404,9,57.828,94.18,6.425,21.531,0.094
24,ec.gp.GPIndividual@326662228{631549777},3C_20_50-03.txt,30.993,1.000,30.993,5,23.281,75.12,4.656,21.531,0.094
24,ec.gp.GPIndividual@326662228{631549777},3C_20_66-01.txt,7.322,1.000,7.322,4,7.750,105.84,1.938,21.531,0.094
24,ec.gp.GPIndividual@326662228{631549777},3C_20_66-01.txt,7.322,1.000,7.322,9,8.094,110.54,0.899,21.531,0.094
24,ec.gp.GPIndividual@326662228{631549777},3C_20_66-02.txt,154.245,1.000,154.245,1,0.234,0.15,0.234,21.531,0.094
24,ec.gp.GPIndividual@326662228{631549777},3C_20_66-02.txt,154.245,1.000,154.245,19,146.547,95.01,7.713,36.922,0.094
24,ec.gp.GPIndividual@326662228{631549777},3C_20_66-03.txt,118.340,1.000,118.340,7,103.828,87.74,14.833,36.922,0.094
24,ec.gp.GPIndividual@326662228{631549777},3C_20_66-03.txt,118.340,1.000,118.340,8,125.703,106.22,15.713,36.922,0.094
24,ec.gp.GPIndividual@326662228{631549777},3C_20_80-01.txt,4.194,1.000,4.194,4,3.438,81.95,0.859,36.922,0.094
24,ec.gp.GPIndividual@326662228{631549777},3C_20_80-01.txt,4.194,1.000,4.194,8,4.109,97.97,0.514,36.922,0.063
24,ec.gp.GPIndividual@326662228{631549777},3C_20_80-02.txt,35.738,1.000,35.738,11,32.203,90.11,2.928,36.922,0.063
24,ec.gp.GPIndividual@326662228{631549777},3C_20_80-03.txt,169.439,1.000,169.439,3,45.516,26.86,15.172,36.922,0.063
24,ec.gp.GPIndividual@326662228{631549777},3C_20_80-02.txt,35.738,1.000,35.738,7,23.672,66.24,3.382,36.922,0.063
24,ec.gp.GPIndividual@326662228{631549777},3C_20_80-03.txt,169.439,1.000,169.439,3,109.125,64.40,36.375,67.188,0.063
24,ec.gp.GPIndividual@644587627{1580909125},3C_20_50-02.txt,61.404,1.000,61.404,7,90.938,148.10,12.991,67.156,0.094
24,ec.gp.GPIndividual@1980073695{1863162470},3C_20_50-02.txt,61.404,1.000,61.404,9,65.703,107.00,7.300,21.016,0.094
24,ec.gp.GPIndividual@1980073695{1863162470},3C_20_50-03.txt,30.993,1.000,30.993,1,1.891,6.10,1.891,21.016,0.094
24,ec.gp.GPIndividual@1980073695{1863162470},3C_20_50-03.txt,30.993,1.000,30.993,11,33.922,109.45,3.084,21.016,0.094
24,ec.gp.GPIndividual@1980073695{1863162470},3C_20_66-01.txt,7.322,1.000,7.322,3,1.641,22.41,0.547,21.016,0.094
24,ec.gp.GPIndividual@1980073695{1863162470},3C_20_66-01.txt,7.322,1.000,7.322,10,7.203,98.37,0.720,21.016,0.094
24,ec.gp.GPIndividual@1980073695{1863162470},3C_20_66-02.txt,154.245,1.000,154.245,14,139.219,90.26,9.944,47.563,0.094
24,ec.gp.GPIndividual@1980073695{1863162470},3C_20_66-02.txt,154.245,1.000,154.245,13,150.875,97.82,11.606,49.172,0.094
24,ec.gp.GPIndividual@1980073695{1863162470},3C_20_66-03.txt,118.340,1.000,118.340,3,24.031,20.31,8.010,49.172,0.094
24,ec.gp.GPIndividual@1980073695{1863162470},3C_20_66-03.txt,118.340,1.000,118.340,10,115.563,97.65,11.556,49.172,0.094
24,ec.gp.GPIndividual@1980073695{1863162470},3C_20_80-01.txt,4.194,1.000,4.194,9,4.078,97.23,0.453,49.172,0.094
24,ec.gp.GPIndividual@1980073695{1863162470},3C_20_80-02.txt,35.738,1.000,35.738,7,23.375,65.41,3.339,49.172,0.094
24,ec.gp.GPIndividual@1980073695{1863162470},3C_20_80-01.txt,4.194,1.000,4.194,9,4.047,96.48,0.450,49.172,0.094
24,ec.gp.GPIndividual@1980073695{1863162470},3C_20_80-02.txt,35.738,1.000,35.738,7,24.188,67.68,3.455,49.172,0.094
24,ec.gp.GPIndividual@1980073695{1863162470},3C_20_80-03.txt,169.439,1.000,169.439,3,74.219,43.80,24.740,64.578,0.094
24,ec.gp.GPIndividual@1980073695{1863162470},3C_20_80-03.txt,169.439,1.000,169.439,3,107.813,63.63,35.938,64.578,0.094
24,ec.gp.GPIndividual@1385709871{-579646550},3C_20_50-02.txt,61.404,1.000,61.404,0,0.000,0.00,0.000,0.000,0.000
24,ec.gp.GPIndividual@1385709871{-579646550},3C_20_50-03.txt,30.993,1.000,30.993,0,0.000,0.00,0.000,0.000,0.000
24,ec.gp.GPIndividual@1385709871{-579646550},3C_20_66-01.txt,7.322,1.000,7.322,0,0.000,0.00,0.000,0.000,0.000
24,ec.gp.GPIndividual@1385709871{-579646550},3C_20_66-02.txt,154.245,1.000,154.245,0,0.000,0.00,0.000,0.000,0.000
24,ec.gp.GPIndividual@1385709871{-579646550},3C_20_66-03.txt,118.340,1.000,118.340,0,0.000,0.00,0.000,0.000,0.000
24,ec.gp.GPIndividual@1385709871{-579646550},3C_20_80-01.txt,4.194,1.000,4.194,0,0.000,0.00,0.000,0.000,0.000
24,ec.gp.GPIndividual@1385709871{-579646550},3C_20_80-02.txt,35.738,1.000,35.738,0,0.000,0.00,0.000,0.000,0.000
24,ec.gp.GPIndividual@1385709871{-579646550},3C_20_80-03.txt,169.439,1.000,169.439,0,0.000,0.00,0.000,0.000,0.000
25,ec.gp.GPIndividual@1671158559{1913438114},3C_20_50-02.txt,61.404,1.000,61.404,28,60.969,99.29,2.177,7.234,0.281
25,ec.gp.GPIndividual@1671158559{1913438114},3C_20_50-03.txt,30.993,1.000,30.993,4,32.906,106.17,8.227,10.953,0.281
25,ec.gp.GPIndividual@1671158559{1913438114},3C_20_50-03.txt,30.993,1.000,30.993,1,12.219,39.42,12.219,12.219,0.281
25,ec.gp.GPIndividual@1671158559{1913438114},3C_20_50-03.txt,30.993,1.000,30.993,2,7.828,25.26,3.914,12.219,0.281
25,ec.gp.GPIndividual@1671158559{1913438114},3C_20_50-03.txt,30.993,1.000,30.993,7,36.484,117.72,5.212,12.219,0.281
25,ec.gp.GPIndividual@1671158559{1913438114},3C_20_66-01.txt,7.322,1.000,7.322,1,0.719,9.82,0.719,12.219,0.281
25,ec.gp.GPIndividual@1671158559{1913438114},3C_20_66-01.txt,7.322,1.000,7.322,1,3.078,42.04,3.078,12.219,0.281
25,ec.gp.GPIndividual@1671158559{1913438114},3C_20_50-03.txt,30.993,1.000,30.993,6,19.313,62.31,3.219,12.219,0.281
25,ec.gp.GPIndividual@1671158559{1913438114},3C_20_66-01.txt,7.322,1.000,7.322,4,8.109,110.75,2.027,12.219,0.281
25,ec.gp.GPIndividual@1671158559{1913438114},3C_20_66-01.txt,7.322,1.000,7.322,2,11.594,158.34,5.797,12.219,0.281
25,ec.gp.GPIndividual@1671158559{1913438114},3C_20_50-03.txt,30.993,1.000,30.993,12,28.000,90.34,2.333,12.219,0.281
25,ec.gp.GPIndividual@1671158559{1913438114},3C_20_66-01.txt,7.322,1.000,7.322,3,7.734,105.63,2.578,12.219,0.281
25,ec.gp.GPIndividual@1671158559{1913438114},3C_20_66-02.txt,154.245,1.000,154.245,4,23.953,15.53,5.988,12.219,0.281
25,ec.gp.GPIndividual@1671158559{1913438114},3C_20_66-02.txt,154.245,1.000,154.245,13,38.500,24.96,2.962,12.219,0.281
25,ec.gp.GPIndividual@1671158559{1913438114},3C_20_66-03.txt,118.340,1.000,118.340,9,149.125,126.01,16.569,43.969,0.281
25,ec.gp.GPIndividual@1671158559{1913438114},3C_20_66-02.txt,154.245,1.000,154.245,11,136.844,88.72,12.440,43.969,0.281
25,ec.gp.GPIndividual@1671158559{1913438114},3C_20_80-01.txt,4.194,1.000,4.194,2,2.594,61.84,1.297,43.969,0.281
25,ec.gp.GPIndividual@1671158559{1913438114},3C_20_80-02.txt,35.738,1.000,35.738,2,40.891,114.42,20.445,43.969,0.281
25,ec.gp.GPIndividual@1671158559{1913438114},3C_20_66-03.txt,118.340,1.000,118.340,11,144.734,122.30,13.158,43.969,0.281
25,ec.gp.GPIndividual@1671158559{1913438114},3C_20_66-01.txt,7.322,1.000,7.322,3,7.922,108.19,2.641,43.969,0.281
25,ec.gp.GPIndividual@1671158559{1913438114},3C_20_66-02.txt,154.245,1.000,154.245,10,107.031,69.39,10.703,43.969,0.281
25,ec.gp.GPIndividual@1671158559{1913438114},3C_20_80-03.txt,169.439,1.000,169.439,1,42.969,25.36,42.969,43.969,0.281
25,ec.gp.GPIndividual@1671158559{1913438114},3C_20_66-03.txt,118.340,1.000,118.340,8,122.250,103.30,15.281,45.203,0.281
25,ec.gp.GPIndividual@1671158559{1913438114},3C_20_66-03.txt,118.340,1.000,118.340,5,108.063,91.32,21.613,48.844,0.281
25,ec.gp.GPIndividual@303428315{-604190170},3C_20_50-02.txt,61.404,1.000,61.404,7,51.578,84.00,7.368,20.063,0.547
25,ec.gp.GPIndividual@303428315{-604190170},3C_20_66-02.txt,154.245,1.000,154.245,9,88.078,57.10,9.786,41.125,0.547
25,ec.gp.GPIndividual@303428315{-604190170},3C_20_50-03.txt,30.993,1.000,30.993,2,38.625,124.63,19.313,41.125,0.547
25,ec.gp.GPIndividual@303428315{-604190170},3C_20_80-01.txt,4.194,1.000,4.194,3,3.313,78.97,1.104,41.125,0.547
25,ec.gp.GPIndividual@303428315{-604190170},3C_20_80-02.txt,35.738,1.000,35.738,8,27.563,77.12,3.445,41.125,0.547
25,ec.gp.GPIndividual@303428315{-604190170},3C_20_66-01.txt,7.322,1.000,7.322,2,9.672,132.09,4.836,41.125,0.547
25,ec.gp.GPIndividual@303428315{-604190170},3C_20_80-03.txt,169.439,1.000,169.439,4,67.219,39.67,16.805,41.125,0.547
25,ec.gp.GPIndividual@303428315{-604190170},3C_20_66-02.txt,154.245,1.000,154.245,5,50.656,32.84,10.131,41.125,0.547
25,ec.gp.GPIndividual@303428315{-604190170},3C_20_80-01.txt,4.194,1.000,4.194,2,45.500,1084.76,22.750,43.859,0.547
25,ec.gp.GPIndividual@303428315{-604190170},3C_20_80-01.txt,4.194,1.000,4.194,4,4.625,110.26,1.156,43.859,0.547
25,ec.gp.GPIndividual@303428315{-604190170},3C_20_80-02.txt,35.738,1.000,35.738,2,1.734,4.85,0.867,43.859,0.484
25,ec.gp.GPIndividual@303428315{-604190170},3C_20_66-03.txt,118.340,1.000,118.340,14,71.891,60.75,5.135,43.859,0.484
25,ec.gp.GPIndividual@303428315{-604190170},3C_20_66-02.txt,154.245,1.000,154.245,9,162.500,105.35,18.056,45.516,0.484
25,ec.gp.GPIndividual@303428315{-604190170},3C_20_80-02.txt,35.738,1.000,35.738,3,61.484,172.04,20.495,58.328,0.484
25,ec.gp.GPIndividual@966580623{2106968144},3C_20_50-02.txt,61.404,1.000,61.404,7,20.188,32.88,2.884,10.953,0.406
25,ec.gp.GPIndividual@966580623{2106968144},3C_20_80-03.txt,169.439,1.000,169.439,6,133.359,78.71,22.227,40.141,0.406
25,ec.gp.GPIndividual@966580623{2106968144},3C_20_66-03.txt,118.340,1.000,118.340,4,53.125,44.89,13.281,40.141,0.406
25,ec.gp.GPIndividual@966580623{2106968144},3C_20_80-03.txt,169.439,1.000,169.439,3,99.484,58.71,33.161,53.656,0.406
25,ec.gp.GPIndividual@966580623{2106968144},3C_20_80-01.txt,4.194,1.000,4.194,2,68.188,1625.65,34.094,66.719,0.406
25,ec.gp.GPIndividual@966580623{2106968144},3C_20_50-03.txt,30.993,1.000,30.993,2,65.500,211.34,32.750,66.719,0.406
25,ec.gp.GPIndividual@1841154018{1913438114},3C_20_50-02.txt,61.404,1.000,61.404,12,69.297,112.85,5.775,38.328,0.531
25,ec.gp.GPIndividual@1841154018{1913438114},3C_20_80-01.txt,4.194,1.000,4.194,2,2.578,61.46,1.289,38.328,0.531
25,ec.gp.GPIndividual@1841154018{1913438114},3C_20_80-02.txt,35.738,1.000,35.738,6,43.563,121.89,7.260,38.328,0.531
25,ec.gp.GPIndividual@1841154018{1913438114},3C_20_50-03.txt,30.993,1.000,30.993,1,3.703,11.95,3.703,38.328,0.531
25,ec.gp.GPIndividual@1841154018{1913438114},3C_20_80-02.txt,35.738,1.000,35.738,6,30.969,86.65,5.161,38.328,0.531
25,ec.gp.GPIndividual@1841154018{1913438114},3C_20_80-03.txt,169.439,1.000,169.439,2,53.688,31.69,26.844,52.047,0.531
25,ec.gp.GPIndividual@1841154018{1913438114},3C_20_66-03.txt,118.340,1.000,118.340,5,75.578,63.87,15.116,52.047,0.531
25,ec.gp.GPIndividual@1841154018{1913438114},3C_20_66-01.txt,7.322,1.000,7.322,2,7.516,102.64,3.758,52.047,0.531
25,ec.gp.GPIndividual@1841154018{1913438114},3C_20_80-01.txt,4.194,1.000,4.194,5,4.344,103.56,0.869,52.047,0.156
25,ec.gp.GPIndividual@1841154018{1913438114},3C_20_66-02.txt,154.245,1.000,154.245,2,5.453,3.54,2.727,52.047,0.156
25,ec.gp.GPIndividual@1841154018{1913438114},3C_20_80-02.txt,35.738,1.000,35.738,13,36.547,102.26,2.811,52.047,0.156
25,ec.gp.GPIndividual@226681451{569136299},3C_20_50-02.txt,61.404,1.000,61.404,8,48.141,78.40,6.018,26.750,0.500
25,ec.gp.GPIndividual@1802196826{208682387},3C_20_50-02.txt,61.404,1.000,61.404,7,73.344,119.44,10.478,23.984,0.344
25,ec.gp.GPIndividual@1802196826{208682387},3C_20_66-03.txt,118.340,1.000,118.340,2,20.891,17.65,10.445,23.984,0.344
25,ec.gp.GPIndividual@1802196826{208682387},3C_20_80-03.txt,169.439,1.000,169.439,7,101.234,59.75,14.462,46.531,0.344
25,ec.gp.GPIndividual@1802196826{208682387},3C_20_50-03.txt,30.993,1.000,30.993,3,19.859,64.08,6.620,46.531,0.344
25,ec.gp.GPIndividual@1802196826{208682387},3C_20_66-01.txt,7.322,1.000,7.322,4,5.719,78.10,1.430,46.531,0.344
25,ec.gp.GPIndividual@1802196826{208682387},3C_20_66-02.txt,154.245,1.000,154.245,3,41.000,26.58,13.667,46.531,0.000
25,ec.gp.GPIndividual@1802196826{208682387},3C_20_50-03.txt,30.993,1.000,30.993,7,52.484,169.35,7.498,46.531,0.000
25,ec.gp.GPIndividual@1802196826{208682387},3C_20_80-01.txt,4.194,1.000,4.194,1,36.047,859.39,36.047,46.531,0.000
25,ec.gp.GPIndividual@1802196826{208682387},3C_20_66-01.txt,7.322,1.000,7.322,3,43.203,590.03,14.401,46.531,0.000
25,ec.gp.GPIndividual@1152868029{1446031293},3C_20_50-02.txt,61.404,1.000,61.404,5,60.234,98.09,12.047,49.344,0.344
25,ec.gp.GPIndividual@1152868029{1446031293},3C_20_80-03.txt,169.439,1.000,169.439,4,12.047,7.11,3.012,49.344,0.344
25,ec.gp.GPIndividual@1152868029{1446031293},3C_20_66-03.txt,118.340,1.000,118.340,12,100.500,84.93,8.375,49.344,0.344
25,ec.gp.GPIndividual@1152868029{1446031293},3C_20_80-01.txt,4.194,1.000,4.194,2,37.344,890.31,18.672,49.344,0.344
25,ec.gp.GPIndividual@1152868029{1446031293},3C_20_80-02.txt,35.738,1.000,35.738,1,43.906,122.86,43.906,49.344,0.344
25,ec.gp.GPIndividual@1152868029{1446031293},3C_20_66-02.txt,154.245,1.000,154.245,1,1.203,0.78,1.203,49.344,0.344
25,ec.gp.GPIndividual@1152868029{1446031293},3C_20_80-02.txt,35.738,1.000,35.738,1,40.234,112.58,40.234,49.344,0.344
25,ec.gp.GPIndividual@1113432165{1087709248},3C_20_50-02.txt,61.404,1.000,61.404,0,0.000,0.00,0.000,0.000,0.000
25,ec.gp.GPIndividual@1113432165{1087709248},3C_20_50-03.txt,30.993,1.000,30.993,0,0.000,0.00,0.000,0.000,0.000
25,ec.gp.GPIndividual@1113432165{1087709248},3C_20_66-01.txt,7.322,1.000,7.322,0,0.000,0.00,0.000,0.000,0.000
25,ec.gp.GPIndividual@1113432165{1087709248},3C_20_66-02.txt,154.245,1.000,154.245,0,0.000,0.00,0.000,0.000,0.000
25,ec.gp.GPIndividual@1113432165{1087709248},3C_20_66-03.txt,118.340,1.000,118.340,0,0.000,0.00,0.000,0.000,0.000
25,ec.gp.GPIndividual@1113432165{1087709248},3C_20_80-01.txt,4.194,1.000,4.194,0,0.000,0.00,0.000,0.000,0.000
25,ec.gp.GPIndividual@1113432165{1087709248},3C_20_80-02.txt,35.738,1.000,35.738,0,0.000,0.00,0.000,0.000,0.000
25,ec.gp.GPIndividual@1113432165{1087709248},3C_20_80-03.txt,169.439,1.000,169.439,0,0.000,0.00,0.000,0.000,0.000
25,ec.gp.GPIndividual@314038946{1581384503},3C_20_50-02.txt,61.404,1.000,61.404,14,61.172,99.62,4.369,42.891,0.172
25,ec.gp.GPIndividual@314038946{1581384503},3C_20_66-03.txt,118.340,1.000,118.340,2,2.453,2.07,1.227,42.891,0.172
25,ec.gp.GPIndividual@314038946{1581384503},3C_20_80-03.txt,169.439,1.000,169.439,9,97.969,57.82,10.885,50.406,0.172
25,ec.gp.GPIndividual@276351652{65620577},3C_20_50-02.txt,61.404,1.000,61.404,4,106.578,173.57,26.645,55.516,0.531
25,ec.gp.GPIndividual@276351652{65620577},3C_20_66-01.txt,7.322,1.000,7.322,5,7.297,99.65,1.459,55.516,0.172
25,ec.gp.GPIndividual@276351652{65620577},3C_20_50-03.txt,30.993,1.000,30.993,4,5.766,18.60,1.441,55.516,0.000
25,ec.gp.GPIndividual@276351652{65620577},3C_20_66-02.txt,154.245,1.000,154.245,3,192.781,124.98,64.260,65.156,0.000
25,ec.gp.GPIndividual@276351652{65620577},3C_20_50-03.txt,30.993,1.000,30.993,8,28.547,92.11,3.568,65.156,0.000
25,ec.gp.GPIndividual@276351652{65620577},3C_20_80-01.txt,4.194,1.000,4.194,2,9.156,218.29,4.578,65.156,0.000
25,ec.gp.GPIndividual@276351652{65620577},3C_20_66-01.txt,7.322,1.000,7.322,2,12.000,163.89,6.000,65.156,0.000
25,ec.gp.GPIndividual@276351652{65620577},3C_20_50-03.txt,30.993,1.000,30.993,5,12.797,41.29,2.559,65.156,0.000
25,ec.gp.GPIndividual@276351652{65620577},3C_20_66-03.txt,118.340,1.000,118.340,16,102.750,86.83,6.422,65.156,0.000
25,ec.gp.GPIndividual@276351652{65620577},3C_20_80-03.txt,169.439,1.000,169.439,8,176.516,104.18,22.064,65.156,0.000
25,ec.gp.GPIndividual@276351652{65620577},3C_20_80-01.txt,4.194,1.000,4.194,2,6.969,166.14,3.484,65.156,0.000
25,ec.gp.GPIndividual@276351652{65620577},3C_20_66-02.txt,154.245,1.000,154.245,13,51.219,33.21,3.940,65.156,0.000
25,ec.gp.GPIndividual@276351652{65620577},3C_20_80-02.txt,35.738,1.000,35.738,7,35.906,100.47,5.129,65.156,0.000
25,ec.gp.GPIndividual@276351652{65620577},3C_20_66-01.txt,7.322,1.000,7.322,6,7.406,101.15,1.234,65.156,0.000
25,ec.gp.GPIndividual@276351652{65620577},3C_20_66-02.txt,154.245,1.000,154.245,11,187.516,121.57,17.047,65.250,0.000
25,ec.gp.GPIndividual@276351652{65620577},3C_20_66-01.txt,7.322,1.000,7.322,2,8.781,119.93,4.391,65.250,0.000
25,ec.gp.GPIndividual@276351652{65620577},3C_20_66-03.txt,118.340,1.000,118.340,5,36.938,31.21,7.388,65.250,0.000
25,ec.gp.GPIndividual@1843709172{-2055081649},3C_20_50-02.txt,61.404,1.000,61.404,8,62.141,101.20,7.768,45.375,0.531
25,ec.gp.GPIndividual@1843709172{-2055081649},3C_20_66-03.txt,118.340,1.000,118.340,5,123.328,104.22,24.666,60.875,0.531
25,ec.gp.GPIndividual@1843709172{-2055081649},3C_20_80-01.txt,4.194,1.000,4.194,1,0.703,16.76,0.703,60.875,0.531
25,ec.gp.GPIndividual@1843709172{-2055081649},3C_20_80-03.txt,169.439,1.000,169.439,11,68.125,40.21,6.193,60.875,0.000
25,ec.gp.GPIndividual@1843709172{-2055081649},3C_20_80-02.txt,35.738,1.000,35.738,2,45.234,126.57,22.617,60.875,0.000
25,ec.gp.GPIndividual@1843709172{-2055081649},3C_20_66-02.txt,154.245,1.000,154.245,10,61.656,39.97,6.166,60.875,0.000
25,ec.gp.GPIndividual@1843709172{-2055081649},3C_20_50-03.txt,30.993,1.000,30.993,3,62.484,201.61,20.828,60.875,0.000
25,ec.gp.GPIndividual@1843709172{-2055081649},3C_20_80-01.txt,4.194,1.000,4.194,3,10.375,247.35,3.458,60.875,0.000
25,ec.gp.GPIndividual@1843709172{-2055081649},3C_20_66-01.txt,7.322,1.000,7.322,1,0.703,9.60,0.703,60.875,0.000
25,ec.gp.GPIndividual@1843709172{-2055081649},3C_20_80-02.txt,35.738,1.000,35.738,4,55.844,156.26,13.961,60.875,0.000
25,ec.gp.GPIndividual@1843709172{-2055081649},3C_20_80-02.txt,35.738,1.000,35.738,10,77.688,217.38,7.769,63.969,0.000
25,ec.gp.GPIndividual@1396342417{-973479024},3C_20_50-02.txt,61.404,1.000,61.404,7,64.094,104.38,9.156,44.578,0.516
25,ec.gp.GPIndividual@1396342417{-973479024},3C_20_66-02.txt,154.245,1.000,154.245,10,80.328,52.08,8.033,57.250,0.000
25,ec.gp.GPIndividual@1396342417{-973479024},3C_20_80-03.txt,169.439,1.000,169.439,6,171.875,101.44,28.646,57.250,0.000
25,ec.gp.GPIndividual@1396342417{-973479024},3C_20_80-03.txt,169.439,1.000,169.439,1,60.547,35.73,60.547,60.547,0.000
25,ec.gp.GPIndividual@1396342417{-973479024},3C_20_50-03.txt,30.993,1.000,30.993,3,65.734,212.10,21.911,60.547,0.000
25,ec.gp.GPIndividual@1396342417{-973479024},3C_20_80-03.txt,169.439,1.000,169.439,8,163.719,96.62,20.465,64.344,0.000
25,ec.gp.GPIndividual@1396342417{-973479024},3C_20_66-01.txt,7.322,1.000,7.322,1,7.625,104.14,7.625,64.344,0.000
25,ec.gp.GPIndividual@414218065{-423991726},3C_20_50-02.txt,61.404,1.000,61.404,5,11.719,19.08,2.344,10.125,0.000
25,ec.gp.GPIndividual@634964817{-464662852},3C_20_50-02.txt,61.404,1.000,61.404,14,95.078,154.84,6.791,36.469,0.469
25,ec.gp.GPIndividual@634964817{-464662852},3C_20_66-03.txt,118.340,1.000,118.340,2,17.891,15.12,8.945,36.469,0.469
25,ec.gp.GPIndividual@634964817{-464662852},3C_20_66-02.txt,154.245,1.000,154.245,1,35.859,23.25,35.859,36.469,0.469
25,ec.gp.GPIndividual@634964817{-464662852},3C_20_66-03.txt,118.340,1.000,118.340,11,90.703,76.65,8.246,60.813,0.469
25,ec.gp.GPIndividual@16343229{-1351317952},3C_20_50-02.txt,61.404,1.000,61.404,6,84.453,137.54,14.076,40.672,0.531
25,ec.gp.GPIndividual@16343229{-1351317952},3C_20_80-01.txt,4.194,1.000,4.194,1,35.391,843.74,35.391,40.672,0.531
25,ec.gp.GPIndividual@16343229{-1351317952},3C_20_80-01.txt,4.194,1.000,4.194,1,5.156,122.93,5.156,40.672,0.531
25,ec.gp.GPIndividual@16343229{-1351317952},3C_20_50-03.txt,30.993,1.000,30.993,2,38.422,123.97,19.211,40.672,0.531
25,ec.gp.GPIndividual@16343229{-1351317952},3C_20_66-03.txt,118.340,1.000,118.340,2,48.000,40.56,24.000,46.594,0.531
25,ec.gp.GPIndividual@16343229{-1351317952},3C_20_50-03.txt,30.993,1.000,30.993,6,30.234,97.55,5.039,46.594,0.531
25,ec.gp.GPIndividual@16343229{-1351317952},3C_20_50-03.txt,30.993,1.000,30.993,9,32.016,103.30,3.557,46.594,0.531
25,ec.gp.GPIndividual@16343229{-1351317952},3C_20_80-01.txt,4.194,1.000,4.194,3,4.641,110.64,1.547,46.594,0.531
25,ec.gp.GPIndividual@16343229{-1351317952},3C_20_80-02.txt,35.738,1.000,35.738,13,38.344,107.29,2.950,46.594,0.328
25,ec.gp.GPIndividual@16343229{-1351317952},3C_20_80-02.txt,35.738,1.000,35.738,11,35.813,100.21,3.256,46.594,0.328
25,ec.gp.GPIndividual@16343229{-1351317952},3C_20_80-02.txt,35.738,1.000,35.738,1,0.891,2.49,0.891,46.594,0.328
25,ec.gp.GPIndividual@16343229{-1351317952},3C_20_80-03.txt,169.439,1.000,169.439,16,201.250,118.77,12.578,51.516,0.328
25,ec.gp.GPIndividual@1222542677{956464958},3C_20_50-02.txt,61.404,1.000,61.404,3,75.797,123.44,25.266,50.703,0.500
25,ec.gp.GPIndividual@1222542677{956464958},3C_20_80-03.txt,169.439,1.000,169.439,8,134.859,79.59,16.857,62.672,0.500
25,ec.gp.GPIndividual@1222542677{956464958},3C_20_66-01.txt,7.322,1.000,7.322,7,7.203,98.37,1.029,62.672,0.359
25,ec.gp.GPIndividual@1222542677{956464958},3C_20_66-02.txt,154.245,1.000,154.245,4,24.453,15.85,6.113,62.672,0.359
25,ec.gp.GPIndividual@1222542677{956464958},3C_20_80-03.txt,169.439,1.000,169.439,7,105.484,62.26,15.069,62.672,0.359
25,ec.gp.GPIndividual@1086666569{-1747772986},3C_20_50-02.txt,61.404,1.000,61.404,2,0.906,1.48,0.453,0.547,0.359
25,ec.gp.GPIndividual@1086666569{-1747772986},3C_20_50-03.txt,30.993,1.000,30.993,1,48.609,156.84,48.609,48.609,0.359
25,ec.gp.GPIndividual@1086666569{-1747772986},3C_20_66-01.txt,7.322,1.000,7.322,3,54.266,741.11,18.089,51.703,0.359
25,ec.gp.GPIndividual@1086666569{-1747772986},3C_20_66-01.txt,7.322,1.000,7.322,4,7.344,100.29,1.836,51.703,0.188
25,ec.gp.GPIndividual@1086666569{-1747772986},3C_20_66-02.txt,154.245,1.000,154.245,12,25.734,16.68,2.145,51.703,0.188
25,ec.gp.GPIndividual@1086666569{-1747772986},3C_20_66-01.txt,7.322,1.000,7.322,8,7.328,100.08,0.916,51.703,0.156
25,ec.gp.GPIndividual@1086666569{-1747772986},3C_20_66-02.txt,154.245,1.000,154.245,4,7.266,4.71,1.816,51.703,0.156
25,ec.gp.GPIndividual@1086666569{-1747772986},3C_20_66-03.txt,118.340,1.000,118.340,5,117.906,99.63,23.581,62.203,0.156
25,ec.gp.GPIndividual@1086666569{-1747772986},3C_20_66-03.txt,118.340,1.000,118.340,2,66.500,56.19,33.250,62.875,0.156
25,ec.gp.GPIndividual@1086666569{-1747772986},3C_20_80-01.txt,4.194,1.000,4.194,7,4.359,103.93,0.623,62.875,0.156
25,ec.gp.GPIndividual@1086666569{-1747772986},3C_20_80-02.txt,35.738,1.000,35.738,1,43.281,121.11,43.281,62.875,0.156
25,ec.gp.GPIndividual@1086666569{-1747772986},3C_20_66-02.txt,154.245,1.000,154.245,14,99.703,64.64,7.122,62.875,0.156
25,ec.gp.GPIndividual@1827847697{1267565540},3C_20_50-02.txt,61.404,1.000,61.404,3,29.281,47.69,9.760,27.063,0.359
25,ec.gp.GPIndividual@1827847697{1267565540},3C_20_50-03.txt,30.993,1.000,30.993,6,33.422,107.84,5.570,27.063,0.359
25,ec.gp.GPIndividual@1827847697{1267565540},3C_20_80-01.txt,4.194,1.000,4.194,2,7.109,169.49,3.555,27.063,0.359
25,ec.gp.GPIndividual@1827847697{1267565540},3C_20_50-03.txt,30.993,1.000,30.993,2,3.609,11.65,1.805,27.063,0.359
25,ec.gp.GPIndividual@1827847697{1267565540},3C_20_66-01.txt,7.322,1.000,7.322,4,7.703,105.20,1.926,27.063,0.359
25,ec.gp.GPIndividual@1827847697{1267565540},3C_20_66-01.txt,7.322,1.000,7.322,5,7.516,102.64,1.503,27.063,0.359
25,ec.gp.GPIndividual@1827847697{1267565540},3C_20_66-02.txt,154.245,1.000,154.245,1,1.422,0.92,1.422,27.063,0.359
25,ec.gp.GPIndividual@1827847697{1267565540},3C_20_66-02.txt,154.245,1.000,154.245,8,42.563,27.59,5.320,31.406,0.359
25,ec.gp.GPIndividual@1827847697{1267565540},3C_20_80-03.txt,169.439,1.000,169.439,11,93.422,55.14,8.493,34.328,0.359
25,ec.gp.GPIndividual@2109427565{660144527},3C_20_50-02.txt,61.404,1.000,61.404,2,2.203,3.59,1.102,1.672,0.531
25,ec.gp.GPIndividual@2109427565{660144527},3C_20_50-03.txt,30.993,1.000,30.993,2,11.828,38.16,5.914,7.609,0.531
25,ec.gp.GPIndividual@2109427565{660144527},3C_20_66-01.txt,7.322,1.000,7.322,2,2.844,38.84,1.422,7.609,0.531
25,ec.gp.GPIndividual@2109427565{660144527},3C_20_66-02.txt,154.245,1.000,154.245,2,4.031,2.61,2.016,7.609,0.531
25,ec.gp.GPIndividual@2109427565{660144527},3C_20_66-03.txt,118.340,1.000,118.340,2,71.844,60.71,35.922,37.188,0.531
25,ec.gp.GPIndividual@2109427565{660144527},3C_20_66-03.txt,118.340,1.000,118.340,5,98.344,83.10,19.669,45.281,0.531
25,ec.gp.GPIndividual@2109427565{660144527},3C_20_80-01.txt,4.194,1.000,4.194,2,2.734,65.19,1.367,45.281,0.531
25,ec.gp.GPIndividual@2109427565{660144527},3C_20_80-02.txt,35.738,1.000,35.738,2,3.328,9.31,1.664,45.281,0.531
25,ec.gp.GPIndividual@2109427565{660144527},3C_20_80-03.txt,169.439,1.000,169.439,7,154.594,91.24,22.085,60.063,0.531
25,ec.gp.GPIndividual@2109427565{660144527},3C_20_66-03.txt,118.340,1.000,118.340,4,60.859,51.43,15.215,60.063,0.531
25,ec.gp.GPIndividual@2126120431{-1219706187},3C_20_50-02.txt,61.404,1.000,61.404,3,70.203,114.33,23.401,35.703,0.531
25,ec.gp.GPIndividual@2126120431{-1219706187},3C_20_66-03.txt,118.340,1.000,118.340,3,44.828,37.88,14.943,40.375,0.531
25,ec.gp.GPIndividual@2126120431{-1219706187},3C_20_80-02.txt,35.738,1.000,35.738,12,35.297,98.77,2.941,40.375,0.328
25,ec.gp.GPIndividual@2126120431{-1219706187},3C_20_80-01.txt,4.194,1.000,4.194,1,5.469,130.38,5.469,40.375,0.328
25,ec.gp.GPIndividual@2126120431{-1219706187},3C_20_80-01.txt,4.194,1.000,4.194,2,2.938,70.03,1.469,40.375,0.328
25,ec.gp.GPIndividual@2126120431{-1219706187},3C_20_80-03.txt,169.439,1.000,169.439,13,74.500,43.97,5.731,40.375,0.328
25,ec.gp.GPIndividual@2126120431{-1219706187},3C_20_66-03.txt,118.340,1.000,118.340,7,142.422,120.35,20.346,43.313,0.328
25,ec.gp.GPIndividual@2126120431{-1219706187},3C_20_80-01.txt,4.194,1.000,4.194,3,4.047,96.48,1.349,43.313,0.172
25,ec.gp.GPIndividual@2126120431{-1219706187},3C_20_80-01.txt,4.194,1.000,4.194,3,3.828,91.27,1.276,43.313,0.172
25,ec.gp.GPIndividual@2126120431{-1219706187},3C_20_80-02.txt,35.738,1.000,35.738,11,81.359,227.65,7.396,54.359,0.172
25,ec.gp.GPIndividual@2126120431{-1219706187},3C_20_80-02.txt,35.738,1.000,35.738,2,65.516,183.32,32.758,62.594,0.172
25,ec.gp.GPIndividual@2126120431{-1219706187},3C_20_50-03.txt,30.993,1.000,30.993,1,9.141,29.49,9.141,62.594,0.172
25,ec.gp.GPIndividual@1951595352{-1834441035},3C_20_50-02.txt,61.404,1.000,61.404,7,62.109,101.15,8.873,52.328,0.484
25,ec.gp.GPIndividual@1951595352{-1834441035},3C_20_80-03.txt,169.439,1.000,169.439,1,0.156,0.09,0.156,52.328,0.156
25,ec.gp.GPIndividual@1951595352{-1834441035},3C_20_80-02.txt,35.738,1.000,35.738,13,35.078,98.15,2.698,52.328,0.156
25,ec.gp.GPIndividual@1951595352{-1834441035},3C_20_66-01.txt,7.322,1.000,7.322,2,8.844,120.78,4.422,52.328,0.156
25,ec.gp.GPIndividual@1951595352{-1834441035},3C_20_80-03.txt,169.439,1.000,169.439,2,7.188,4.24,3.594,52.328,0.156
25,ec.gp.GPIndividual@1832232532{-1799001444},3C_20_50-02.txt,61.404,1.000,61.404,1,1.031,1.68,1.031,1.031,1.031
25,ec.gp.GPIndividual@1832232532{-1799001444},3C_20_50-03.txt,30.993,1.000,30.993,4,17.516,56.52,4.379,13.969,0.313
25,ec.gp.GPIndividual@1832232532{-1799001444},3C_20_80-02.txt,35.738,1.000,35.738,11,47.547,133.04,4.322,22.172,0.313
25,ec.gp.GPIndividual@1832232532{-1799001444},3C_20_80-03.txt,169.439,1.000,169.439,11,174.578,103.03,15.871,52.516,0.313
25,ec.gp.GPIndividual@230499316{-306609825},3C_20_50-02.txt,61.404,1.000,61.404,1,0.359,0.59,0.359,0.359,0.359
25,ec.gp.GPIndividual@230499316{-306609825},3C_20_50-03.txt,30.993,1.000,30.993,1,59.563,192.18,59.563,59.563,0.359
25,ec.gp.GPIndividual@37758591{-991514684},3C_20_50-02.txt,61.404,1.000,61.404,2,4.953,8.07,2.477,4.422,0.531
25,ec.gp.GPIndividual@37758591{-991514684},3C_20_66-01.txt,7.322,1.000,7.322,1,1.078,14.72,1.078,4.422,0.531
25,ec.gp.GPIndividual@37758591{-991514684},3C_20_66-02.txt,154.245,1.000,154.245,3,66.797,43.31,22.266,62.234,0.531
25,ec.gp.GPIndividual@37758591{-991514684},3C_20_66-03.txt,118.340,1.000,118.340,5,98.625,83.34,19.725,67.203,0.531
25,ec.gp.GPIndividual@37758591{-991514684},3C_20_80-01.txt,4.194,1.000,4.194,1,1.438,34.27,1.438,67.203,0.531
25,ec.gp.GPIndividual@37758591{-991514684},3C_20_80-02.txt,35.738,1.000,35.738,1,37.516,104.97,37.516,67.203,0.531
25,ec.gp.GPIndividual@37758591{-991514684},3C_20_66-01.txt,7.322,1.000,7.322,1,2.031,27.74,2.031,67.203,0.531
25,ec.gp.GPIndividual@37758591{-991514684},3C_20_80-03.txt,169.439,1.000,169.439,5,26.578,15.69,5.316,67.203,0.531
25,ec.gp.GPIndividual@37758591{-991514684},3C_20_66-02.txt,154.245,1.000,154.245,2,7.672,4.97,3.836,67.203,0.531
25,ec.gp.GPIndividual@583857326{367128605},3C_20_50-02.txt,61.404,1.000,61.404,5,25.313,41.22,5.063,19.484,0.359
25,ec.gp.GPIndividual@583857326{367128605},3C_20_80-03.txt,169.439,1.000,169.439,7,52.750,31.13,7.536,36.219,0.359
25,ec.gp.GPIndividual@583857326{367128605},3C_20_50-03.txt,30.993,1.000,30.993,5,68.313,220.42,13.663,43.969,0.359
25,ec.gp.GPIndividual@583857326{367128605},3C_20_66-02.txt,154.245,1.000,154.245,1,2.750,1.78,2.750,43.969,0.359
25,ec.gp.GPIndividual@583857326{367128605},3C_20_66-01.txt,7.322,1.000,7.322,7,7.266,99.23,1.038,43.969,0.172
25,ec.gp.GPIndividual@583857326{367128605},3C_20_66-02.txt,154.245,1.000,154.245,14,138.344,89.69,9.882,62.703,0.172
25,ec.gp.GPIndividual@583857326{367128605},3C_20_50-03.txt,30.993,1.000,30.993,1,61.250,197.63,61.250,62.703,0.172
25,ec.gp.GPIndividual@867738221{1982243505},3C_20_50-02.txt,61.404,1.000,61.404,2,64.375,104.84,32.188,64.047,0.328
25,ec.gp.GPIndividual@867738221{1982243505},3C_20_50-03.txt,30.993,1.000,30.993,8,30.969,99.92,3.871,64.047,0.172
25,ec.gp.GPIndividual@867738221{1982243505},3C_20_66-01.txt,7.322,1.000,7.322,3,7.484,102.22,2.495,64.047,0.172
25,ec.gp.GPIndividual@867738221{1982243505},3C_20_66-02.txt,154.245,1.000,154.245,13,154.281,100.02,11.868,64.047,0.172
25,ec.gp.GPIndividual@867738221{1982243505},3C_20_66-03.txt,118.340,1.000,118.340,1,13.063,11.04,13.063,64.047,0.172
25,ec.gp.GPIndividual@867738221{1982243505},3C_20_66-03.txt,118.340,1.000,118.340,5,48.734,41.18,9.747,64.047,0.172
25,ec.gp.GPIndividual@867738221{1982243505},3C_20_66-03.txt,118.340,1.000,118.340,8,170.813,144.34,21.352,64.047,0.172
25,ec.gp.GPIndividual@867738221{1982243505},3C_20_50-03.txt,30.993,1.000,30.993,2,10.938,35.29,5.469,64.047,0.172
25,ec.gp.GPIndividual@867738221{1982243505},3C_20_66-01.txt,7.322,1.000,7.322,4,7.516,102.64,1.879,64.047,0.172
25,ec.gp.GPIndividual@867738221{1982243505},3C_20_66-02.txt,154.245,1.000,154.245,1,0.438,0.28,0.438,64.047,0.172
25,ec.gp.GPIndividual@867738221{1982243505},3C_20_66-01.txt,7.322,1.000,7.322,2,22.766,310.91,11.383,64.047,0.172
25,ec.gp.GPIndividual@867738221{1982243505},3C_20_66-03.txt,118.340,1.000,118.340,14,117.297,99.12,8.378,64.047,0.172
25,ec.gp.GPIndividual@867738221{1982243505},3C_20_80-01.txt,4.194,1.000,4.194,1,8.250,196.69,8.250,64.047,0.172
25,ec.gp.GPIndividual@867738221{1982243505},3C_20_66-03.txt,118.340,1.000,118.340,1,4.078,3.45,4.078,64.047,0.172
25,ec.gp.GPIndividual@867738221{1982243505},3C_20_80-01.txt,4.194,1.000,4.194,3,4.141,98.72,1.380,64.047,0.172
25,ec.gp.GPIndividual@867738221{1982243505},3C_20_80-02.txt,35.738,1.000,35.738,13,52.016,145.55,4.001,64.047,0.172
25,ec.gp.GPIndividual@867738221{1982243505},3C_20_66-02.txt,154.245,1.000,154.245,3,31.266,20.27,10.422,64.047,0.172
25,ec.gp.GPIndividual@867738221{1982243505},3C_20_80-03.txt,169.439,1.000,169.439,14,175.891,103.81,12.564,64.047,0.172
25,ec.gp.GPIndividual@867738221{1982243505},3C_20_80-02.txt,35.738,1.000,35.738,1,52.172,145.98,52.172,64.047,0.172
25,ec.gp.GPIndividual@867738221{1982243505},3C_20_80-01.txt,4.194,1.000,4.194,2,47.625,1135.42,23.813,64.047,0.172
25,ec.gp.GPIndividual@867738221{1982243505},3C_20_66-03.txt,118.340,1.000,118.340,16,124.344,105.07,7.771,64.047,0.172
25,ec.gp.GPIndividual@866148586{-2070582839},3C_20_50-02.txt,61.404,1.000,61.404,0,0.000,0.00,0.000,0.000,0.000
25,ec.gp.GPIndividual@866148586{-2070582839},3C_20_50-03.txt,30.993,1.000,30.993,0,0.000,0.00,0.000,0.000,0.000
25,ec.gp.GPIndividual@866148586{-2070582839},3C_20_66-01.txt,7.322,1.000,7.322,0,0.000,0.00,0.000,0.000,0.000
25,ec.gp.GPIndividual@866148586{-2070582839},3C_20_66-02.txt,154.245,1.000,154.245,0,0.000,0.00,0.000,0.000,0.000
25,ec.gp.GPIndividual@866148586{-2070582839},3C_20_66-03.txt,118.340,1.000,118.340,0,0.000,0.00,0.000,0.000,0.000
25,ec.gp.GPIndividual@866148586{-2070582839},3C_20_80-01.txt,4.194,1.000,4.194,0,0.000,0.00,0.000,0.000,0.000
25,ec.gp.GPIndividual@866148586{-2070582839},3C_20_80-02.txt,35.738,1.000,35.738,0,0.000,0.00,0.000,0.000,0.000
25,ec.gp.GPIndividual@866148586{-2070582839},3C_20_80-03.txt,169.439,1.000,169.439,0,0.000,0.00,0.000,0.000,0.000
25,ec.gp.GPIndividual@243670507{-1096885422},3C_20_50-02.txt,61.404,1.000,61.404,4,25.844,42.09,6.461,24.594,0.094
25,ec.gp.GPIndividual@202058401{207679802},3C_20_50-02.txt,61.404,1.000,61.404,1,0.078,0.13,0.078,0.078,0.078
25,ec.gp.GPIndividual@202058401{207679802},3C_20_50-03.txt,30.993,1.000,30.993,2,1.875,6.05,0.938,1.141,0.078
25,ec.gp.GPIndividual@202058401{207679802},3C_20_66-01.txt,7.322,1.000,7.322,1,0.281,3.84,0.281,1.141,0.078
25,ec.gp.GPIndividual@202058401{207679802},3C_20_66-02.txt,154.245,1.000,154.245,1,0.688,0.45,0.688,1.141,0.078
25,ec.gp.GPIndividual@202058401{207679802},3C_20_66-03.txt,118.340,1.000,118.340,1,1.656,1.40,1.656,1.656,0.078
25,ec.gp.GPIndividual@202058401{207679802},3C_20_80-01.txt,4.194,1.000,4.194,1,0.359,8.57,0.359,1.656,0.078
25,ec.gp.GPIndividual@202058401{207679802},3C_20_80-02.txt,35.738,1.000,35.738,1,0.531,1.49,0.531,1.656,0.078
25,ec.gp.GPIndividual@202058401{207679802},3C_20_80-03.txt,169.439,1.000,169.439,1,1.609,0.95,1.609,1.656,0.078
25,ec.gp.GPIndividual@1924652843{87953135},3C_20_50-02.txt,61.404,1.000,61.404,1,0.094,0.15,0.094,0.094,0.094
25,ec.gp.GPIndividual@1924652843{87953135},3C_20_50-03.txt,30.993,1.000,30.993,1,1.063,3.43,1.063,1.063,0.094
25,ec.gp.GPIndividual@1924652843{87953135},3C_20_66-01.txt,7.322,1.000,7.322,1,0.281,3.84,0.281,1.063,0.094
25,ec.gp.GPIndividual@1924652843{87953135},3C_20_66-02.txt,154.245,1.000,154.245,1,0.656,0.43,0.656,1.063,0.094
25,ec.gp.GPIndividual@1924652843{87953135},3C_20_66-03.txt,118.340,1.000,118.340,1,1.688,1.43,1.688,1.688,0.094
25,ec.gp.GPIndividual@1924652843{87953135},3C_20_80-01.txt,4.194,1.000,4.194,1,0.344,8.20,0.344,1.688,0.094
25,ec.gp.GPIndividual@1924652843{87953135},3C_20_80-02.txt,35.738,1.000,35.738,1,0.594,1.66,0.594,1.688,0.094
25,ec.gp.GPIndividual@1924652843{87953135},3C_20_80-03.txt,169.439,1.000,169.439,2,13.719,8.10,6.859,12.141,0.094
25,ec.gp.GPIndividual@1772500179{652230060},3C_20_50-02.txt,61.404,1.000,61.404,11,57.969,94.40,5.270,21.000,0.109
25,ec.gp.GPIndividual@1772500179{652230060},3C_20_50-03.txt,30.993,1.000,30.993,6,28.734,92.71,4.789,21.000,0.109
25,ec.gp.GPIndividual@1772500179{652230060},3C_20_50-03.txt,30.993,1.000,30.993,10,29.813,96.19,2.981,21.000,0.109
25,ec.gp.GPIndividual@1772500179{652230060},3C_20_66-01.txt,7.322,1.000,7.322,6,6.297,86.00,1.049,21.000,0.109
25,ec.gp.GPIndividual@1772500179{652230060},3C_20_66-01.txt,7.322,1.000,7.322,7,7.594,103.71,1.085,21.000,0.109
25,ec.gp.GPIndividual@1772500179{652230060},3C_20_66-02.txt,154.245,1.000,154.245,1,0.891,0.58,0.891,21.000,0.109
25,ec.gp.GPIndividual@1772500179{652230060},3C_20_66-02.txt,154.245,1.000,154.245,18,142.813,92.59,7.934,59.500,0.109
25,ec.gp.GPIndividual@1772500179{652230060},3C_20_66-03.txt,118.340,1.000,118.340,10,117.875,99.61,11.788,59.500,0.109
25,ec.gp.GPIndividual@1772500179{652230060},3C_20_80-01.txt,4.194,1.000,4.194,8,3.797,90.52,0.475,59.500,0.109
25,ec.gp.GPIndividual@1772500179{652230060},3C_20_80-02.txt,35.738,1.000,35.738,1,16.797,47.00,16.797,59.500,0.109
25,ec.gp.GPIndividual@1772500179{652230060},3C_20_66-03.txt,118.340,1.000,118.340,12,128.547,108.63,10.712,59.500,0.109
25,ec.gp.GPIndividual@1772500179{652230060},3C_20_80-03.txt,169.439,1.000,169.439,8,184.391,108.82,23.049,64.438,0.109
26,ec.gp.GPIndividual@842681052{-1556596732},3C_20_50-02.txt,61.404,1.000,61.404,0,0.000,0.00,0.000,0.000,0.000
26,ec.gp.GPIndividual@842681052{-1556596732},3C_20_50-03.txt,30.993,1.000,30.993,0,0.000,0.00,0.000,0.000,0.000
26,ec.gp.GPIndividual@842681052{-1556596732},3C_20_66-01.txt,7.322,1.000,7.322,0,0.000,0.00,0.000,0.000,0.000
26,ec.gp.GPIndividual@842681052{-1556596732},3C_20_66-02.txt,154.245,1.000,154.245,0,0.000,0.00,0.000,0.000,0.000
26,ec.gp.GPIndividual@842681052{-1556596732},3C_20_66-03.txt,118.340,1.000,118.340,0,0.000,0.00,0.000,0.000,0.000
26,ec.gp.GPIndividual@842681052{-1556596732},3C_20_80-01.txt,4.194,1.000,4.194,0,0.000,0.00,0.000,0.000,0.000
26,ec.gp.GPIndividual@842681052{-1556596732},3C_20_80-02.txt,35.738,1.000,35.738,0,0.000,0.00,0.000,0.000,0.000
26,ec.gp.GPIndividual@842681052{-1556596732},3C_20_80-03.txt,169.439,1.000,169.439,0,0.000,0.00,0.000,0.000,0.000
26,ec.gp.GPIndividual@1606870878{1476287342},3C_20_50-02.txt,61.404,1.000,61.404,28,69.281,112.83,2.474,8.844,0.297
26,ec.gp.GPIndividual@1606870878{1476287342},3C_20_50-03.txt,30.993,1.000,30.993,1,0.531,1.71,0.531,8.844,0.297
26,ec.gp.GPIndividual@1606870878{1476287342},3C_20_50-03.txt,30.993,1.000,30.993,1,10.094,32.57,10.094,10.094,0.297
26,ec.gp.GPIndividual@1606870878{1476287342},3C_20_50-03.txt,30.993,1.000,30.993,4,32.250,104.06,8.063,12.469,0.297
26,ec.gp.GPIndividual@1606870878{1476287342},3C_20_66-01.txt,7.322,1.000,7.322,4,10.563,144.25,2.641,12.469,0.297
26,ec.gp.GPIndividual@1606870878{1476287342},3C_20_66-01.txt,7.322,1.000,7.322,1,0.344,4.69,0.344,12.469,0.297
26,ec.gp.GPIndividual@1606870878{1476287342},3C_20_66-01.txt,7.322,1.000,7.322,4,5.547,75.75,1.387,12.469,0.297
26,ec.gp.GPIndividual@1606870878{1476287342},3C_20_50-03.txt,30.993,1.000,30.993,10,31.703,102.29,3.170,12.469,0.297
26,ec.gp.GPIndividual@1606870878{1476287342},3C_20_50-03.txt,30.993,1.000,30.993,5,28.859,93.12,5.772,12.469,0.297
26,ec.gp.GPIndividual@1606870878{1476287342},3C_20_50-03.txt,30.993,1.000,30.993,1,11.328,36.55,11.328,12.469,0.297
26,ec.gp.GPIndividual@1606870878{1476287342},3C_20_66-02.txt,154.245,1.000,154.245,15,181.766,117.84,12.118,43.031,0.297
26,ec.gp.GPIndividual@1606870878{1476287342},3C_20_66-02.txt,154.245,1.000,154.245,13,146.016,94.66,11.232,46.344,0.297
26,ec.gp.GPIndividual@1606870878{1476287342},3C_20_66-01.txt,7.322,1.000,7.322,2,15.766,215.31,7.883,46.344,0.297
26,ec.gp.GPIndividual@1606870878{1476287342},3C_20_66-03.txt,118.340,1.000,118.340,12,129.563,109.48,10.797,48.609,0.297
26,ec.gp.GPIndividual@1606870878{1476287342},3C_20_66-02.txt,154.245,1.000,154.245,7,79.984,51.86,11.426,51.000,0.297
26,ec.gp.GPIndividual@1606870878{1476287342},3C_20_66-01.txt,7.322,1.000,7.322,3,17.500,239.00,5.833,51.000,0.297
26,ec.gp.GPIndividual@1606870878{1476287342},3C_20_80-01.txt,4.194,1.000,4.194,2,43.328,1032.98,21.664,51.000,0.297
26,ec.gp.GPIndividual@1606870878{1476287342},3C_20_66-03.txt,118.340,1.000,118.340,8,57.141,48.29,7.143,51.000,0.297
26,ec.gp.GPIndividual@1606870878{1476287342},3C_20_80-02.txt,35.738,1.000,35.738,7,32.188,90.06,4.598,51.000,0.297
26,ec.gp.GPIndividual@1606870878{1476287342},3C_20_80-03.txt,169.439,1.000,169.439,8,161.688,95.43,20.211,51.000,0.297
26,ec.gp.GPIndividual@1606870878{1476287342},3C_20_66-03.txt,118.340,1.000,118.340,4,69.609,58.82,17.402,51.000,0.297
26,ec.gp.GPIndividual@778881358{1522604637},3C_20_50-02.txt,61.404,1.000,61.404,7,103.391,168.38,14.770,48.969,0.344
26,ec.gp.GPIndividual@778881358{1522604637},3C_20_66-01.txt,7.322,1.000,7.322,1,50.422,688.62,50.422,50.422,0.344
26,ec.gp.GPIndividual@778881358{1522604637},3C_20_80-01.txt,4.194,1.000,4.194,2,3.922,93.50,1.961,50.422,0.344
26,ec.gp.GPIndividual@778881358{1522604637},3C_20_66-02.txt,154.245,1.000,154.245,20,134.688,87.32,6.734,50.422,0.344
26,ec.gp.GPIndividual@778881358{1522604637},3C_20_66-02.txt,154.245,1.000,154.245,11,194.266,125.95,17.661,59.297,0.344
26,ec.gp.GPIndividual@778881358{1522604637},3C_20_50-03.txt,30.993,1.000,30.993,6,30.594,98.71,5.099,59.297,0.344
26,ec.gp.GPIndividual@778881358{1522604637},3C_20_66-01.txt,7.322,1.000,7.322,1,3.797,51.85,3.797,59.297,0.344
26,ec.gp.GPIndividual@778881358{1522604637},3C_20_66-03.txt,118.340,1.000,118.340,9,130.859,110.58,14.540,59.297,0.344
26,ec.gp.GPIndividual@778881358{1522604637},3C_20_66-03.txt,118.340,1.000,118.340,6,101.156,85.48,16.859,59.297,0.344
26,ec.gp.GPIndividual@778881358{1522604637},3C_20_80-01.txt,4.194,1.000,4.194,4,3.813,90.89,0.953,59.297,0.344
26,ec.gp.GPIndividual@778881358{1522604637},3C_20_80-02.txt,35.738,1.000,35.738,1,36.797,102.96,36.797,59.297,0.344
26,ec.gp.GPIndividual@778881358{1522604637},3C_20_66-02.txt,154.245,1.000,154.245,2,43.344,28.10,21.672,59.297,0.344
26,ec.gp.GPIndividual@778881358{1522604637},3C_20_80-02.txt,35.738,1.000,35.738,2,37.203,104.10,18.602,59.297,0.344
26,ec.gp.GPIndividual@778881358{1522604637},3C_20_80-03.txt,169.439,1.000,169.439,1,0.344,0.20,0.344,59.297,0.344
26,ec.gp.GPIndividual@778881358{1522604637},3C_20_66-02.txt,154.245,1.000,154.245,22,189.328,122.75,8.606,59.297,0.344
26,ec.gp.GPIndividual@778881358{1522604637},3C_20_80-03.txt,169.439,1.000,169.439,3,99.750,58.87,33.250,59.297,0.344
26,ec.gp.GPIndividual@778881358{1522604637},3C_20_66-03.txt,118.340,1.000,118.340,7,138.500,117.04,19.786,59.297,0.344
26,ec.gp.GPIndividual@778881358{1522604637},3C_20_66-03.txt,118.340,1.000,118.340,2,20.688,17.48,10.344,59.297,0.344
26,ec.gp.GPIndividual@778881358{1522604637},3C_20_80-01.txt,4.194,1.000,4.194,1,28.641,682.82,28.641,59.297,0.344
26,ec.gp.GPIndividual@2012013673{1262235482},3C_20_50-02.txt,61.404,1.000,61.404,0,0.000,0.00,0.000,0.000,0.000
26,ec.gp.GPIndividual@2012013673{1262235482},3C_20_50-03.txt,30.993,1.000,30.993,0,0.000,0.00,0.000,0.000,0.000
26,ec.gp.GPIndividual@2012013673{1262235482},3C_20_66-01.txt,7.322,1.000,7.322,0,0.000,0.00,0.000,0.000,0.000
26,ec.gp.GPIndividual@2012013673{1262235482},3C_20_66-02.txt,154.245,1.000,154.245,0,0.000,0.00,0.000,0.000,0.000
26,ec.gp.GPIndividual@2012013673{1262235482},3C_20_66-03.txt,118.340,1.000,118.340,0,0.000,0.00,0.000,0.000,0.000
26,ec.gp.GPIndividual@2012013673{1262235482},3C_20_80-01.txt,4.194,1.000,4.194,0,0.000,0.00,0.000,0.000,0.000
26,ec.gp.GPIndividual@2012013673{1262235482},3C_20_80-02.txt,35.738,1.000,35.738,0,0.000,0.00,0.000,0.000,0.000
26,ec.gp.GPIndividual@2012013673{1262235482},3C_20_80-03.txt,169.439,1.000,169.439,0,0.000,0.00,0.000,0.000,0.000
26,ec.gp.GPIndividual@20024115{-1810536948},3C_20_50-02.txt,61.404,1.000,61.404,2,0.719,1.17,0.359,0.375,0.344
26,ec.gp.GPIndividual@20024115{-1810536948},3C_20_50-03.txt,30.993,1.000,30.993,5,30.016,96.85,6.003,24.531,0.344
26,ec.gp.GPIndividual@20024115{-1810536948},3C_20_80-01.txt,4.194,1.000,4.194,1,6.000,143.04,6.000,24.531,0.344
26,ec.gp.GPIndividual@20024115{-1810536948},3C_20_80-01.txt,4.194,1.000,4.194,1,4.422,105.42,4.422,24.531,0.344
26,ec.gp.GPIndividual@20024115{-1810536948},3C_20_66-01.txt,7.322,1.000,7.322,4,7.813,106.70,1.953,24.531,0.344
26,ec.gp.GPIndividual@20024115{-1810536948},3C_20_80-02.txt,35.738,1.000,35.738,2,2.563,7.17,1.281,24.531,0.344
26,ec.gp.GPIndividual@20024115{-1810536948},3C_20_66-02.txt,154.245,1.000,154.245,11,20.109,13.04,1.828,24.531,0.344
26,ec.gp.GPIndividual@20024115{-1810536948},3C_20_66-03.txt,118.340,1.000,118.340,9,74.297,62.78,8.255,49.688,0.344
26,ec.gp.GPIndividual@20024115{-1810536948},3C_20_80-01.txt,4.194,1.000,4.194,6,4.203,100.21,0.701,49.688,0.172
26,ec.gp.GPIndividual@20024115{-1810536948},3C_20_80-02.txt,35.738,1.000,35.738,6,49.234,137.76,8.206,49.688,0.172
26,ec.gp.GPIndividual@20024115{-1810536948},3C_20_80-01.txt,4.194,1.000,4.194,1,25.375,604.96,25.375,49.688,0.172
26,ec.gp.GPIndividual@20024115{-1810536948},3C_20_80-03.txt,169.439,1.000,169.439,1,26.078,15.39,26.078,49.688,0.172
26,ec.gp.GPIndividual@331621642{-1230711886},3C_20_50-02.txt,61.404,1.000,61.404,4,25.578,41.66,6.395,23.500,0.359
26,ec.gp.GPIndividual@331621642{-1230711886},3C_20_50-03.txt,30.993,1.000,30.993,6,21.297,68.72,3.549,23.500,0.359
26,ec.gp.GPIndividual@331621642{-1230711886},3C_20_66-01.txt,7.322,1.000,7.322,2,13.391,182.88,6.695,23.500,0.359
26,ec.gp.GPIndividual@331621642{-1230711886},3C_20_80-03.txt,169.439,1.000,169.439,4,5.031,2.97,1.258,23.500,0.359
26,ec.gp.GPIndividual@331621642{-1230711886},3C_20_66-02.txt,154.245,1.000,154.245,6,34.906,22.63,5.818,23.500,0.359
26,ec.gp.GPIndividual@331621642{-1230711886},3C_20_66-03.txt,118.340,1.000,118.340,2,51.609,43.61,25.805,45.938,0.359
26,ec.gp.GPIndividual@1063692219{1814357603},3C_20_50-02.txt,61.404,1.000,61.404,7,23.078,37.58,3.297,6.828,0.531
26,ec.gp.GPIndividual@1063692219{1814357603},3C_20_80-01.txt,4.194,1.000,4.194,6,4.234,100.95,0.706,6.828,0.172
26,ec.gp.GPIndividual@1063692219{1814357603},3C_20_80-02.txt,35.738,1.000,35.738,2,2.953,8.26,1.477,6.828,0.172
26,ec.gp.GPIndividual@1063692219{1814357603},3C_20_80-03.txt,169.439,1.000,169.439,5,61.813,36.48,12.363,28.984,0.172
26,ec.gp.GPIndividual@1260161805{-1466785054},3C_20_50-02.txt,61.404,1.000,61.404,5,59.859,97.48,11.972,51.688,0.531
26,ec.gp.GPIndividual@1260161805{-1466785054},3C_20_80-02.txt,35.738,1.000,35.738,4,63.719,178.29,15.930,58.719,0.531
26,ec.gp.GPIndividual@400702887{-436075080},3C_20_50-02.txt,61.404,1.000,61.404,1,0.703,1.15,0.703,0.703,0.703
26,ec.gp.GPIndividual@400702887{-436075080},3C_20_50-03.txt,30.993,1.000,30.993,3,8.172,26.37,2.724,4.719,0.703
26,ec.gp.GPIndividual@400702887{-436075080},3C_20_66-01.txt,7.322,1.000,7.322,1,66.641,910.12,66.641,66.641,0.703
26,ec.gp.GPIndividual@400702887{-436075080},3C_20_80-02.txt,35.738,1.000,35.738,1,1.234,3.45,1.234,66.641,0.703
26,ec.gp.GPIndividual@400702887{-436075080},3C_20_66-02.txt,154.245,1.000,154.245,3,5.875,3.81,1.958,66.641,0.703
26,ec.gp.GPIndividual@400702887{-436075080},3C_20_66-03.txt,118.340,1.000,118.340,6,43.281,36.57,7.214,66.641,0.703
26,ec.gp.GPIndividual@400702887{-436075080},3C_20_80-01.txt,4.194,1.000,4.194,1,1.297,30.92,1.297,66.641,0.703
26,ec.gp.GPIndividual@400702887{-436075080},3C_20_80-02.txt,35.738,1.000,35.738,1,2.016,5.64,2.016,66.641,0.703
26,ec.gp.GPIndividual@400702887{-436075080},3C_20_80-03.txt,169.439,1.000,169.439,1,49.516,29.22,49.516,66.641,0.703
26,ec.gp.GPIndividual@400702887{-436075080},3C_20_80-02.txt,35.738,1.000,35.738,1,6.109,17.09,6.109,66.641,0.703
26,ec.gp.GPIndividual@805685265{-1546869107},3C_20_50-02.txt,61.404,1.000,61.404,10,77.656,126.47,7.766,61.219,0.344
26,ec.gp.GPIndividual@805685265{-1546869107},3C_20_50-03.txt,30.993,1.000,30.993,2,37.328,120.44,18.664,61.219,0.344
26,ec.gp.GPIndividual@805685265{-1546869107},3C_20_50-03.txt,30.993,1.000,30.993,5,30.828,99.47,6.166,61.219,0.172
26,ec.gp.GPIndividual@805685265{-1546869107},3C_20_66-01.txt,7.322,1.000,7.322,1,18.734,255.86,18.734,61.219,0.172
26,ec.gp.GPIndividual@805685265{-1546869107},3C_20_50-03.txt,30.993,1.000,30.993,4,45.984,148.37,11.496,61.219,0.172
26,ec.gp.GPIndividual@805685265{-1546869107},3C_20_80-03.txt,169.439,1.000,169.439,8,87.344,51.55,10.918,61.219,0.172
26,ec.gp.GPIndividual@805685265{-1546869107},3C_20_80-03.txt,169.439,1.000,169.439,5,131.125,77.39,26.225,61.219,0.172
26,ec.gp.GPIndividual@805685265{-1546869107},3C_20_80-03.txt,169.439,1.000,169.439,6,192.047,113.34,32.008,65.250,0.172
26,ec.gp.GPIndividual@765227298{1134314226},3C_20_50-02.txt,61.404,1.000,61.404,5,83.453,135.91,16.691,40.391,0.500
26,ec.gp.GPIndividual@765227298{1134314226},3C_20_66-01.txt,7.322,1.000,7.322,4,7.109,97.09,1.777,40.391,0.500
26,ec.gp.GPIndividual@765227298{1134314226},3C_20_50-03.txt,30.993,1.000,30.993,1,37.344,120.49,37.344,40.391,0.500
26,ec.gp.GPIndividual@2033384203{-2099014482},3C_20_50-02.txt,61.404,1.000,61.404,10,88.313,143.82,8.831,51.625,0.313
26,ec.gp.GPIndividual@843743287{-282947895},3C_20_50-02.txt,61.404,1.000,61.404,6,25.531,41.58,4.255,9.953,0.516
26,ec.gp.GPIndividual@843743287{-282947895},3C_20_66-01.txt,7.322,1.000,7.322,5,7.797,106.48,1.559,9.953,0.516
26,ec.gp.GPIndividual@843743287{-282947895},3C_20_66-02.txt,154.245,1.000,154.245,1,0.484,0.31,0.484,9.953,0.484
26,ec.gp.GPIndividual@843743287{-282947895},3C_20_50-03.txt,30.993,1.000,30.993,3,31.422,101.39,10.474,19.547,0.484
26,ec.gp.GPIndividual@843743287{-282947895},3C_20_66-02.txt,154.245,1.000,154.245,11,49.438,32.05,4.494,22.453,0.484
26,ec.gp.GPIndividual@843743287{-282947895},3C_20_66-01.txt,7.322,1.000,7.322,3,25.813,352.52,8.604,23.328,0.484
26,ec.gp.GPIndividual@843743287{-282947895},3C_20_50-03.txt,30.993,1.000,30.993,7,28.969,93.47,4.138,23.328,0.484
26,ec.gp.GPIndividual@843743287{-282947895},3C_20_66-03.txt,118.340,1.000,118.340,1,7.422,6.27,7.422,23.328,0.484
26,ec.gp.GPIndividual@843743287{-282947895},3C_20_66-02.txt,154.245,1.000,154.245,14,158.031,102.45,11.288,44.563,0.484
26,ec.gp.GPIndividual@843743287{-282947895},3C_20_66-01.txt,7.322,1.000,7.322,3,11.969,163.46,3.990,44.563,0.484
26,ec.gp.GPIndividual@843743287{-282947895},3C_20_66-03.txt,118.340,1.000,118.340,7,131.328,110.98,18.761,45.969,0.484
26,ec.gp.GPIndividual@843743287{-282947895},3C_20_66-02.txt,154.245,1.000,154.245,1,56.750,36.79,56.750,56.750,0.484
26,ec.gp.GPIndividual@843743287{-282947895},3C_20_66-01.txt,7.322,1.000,7.322,4,11.375,155.35,2.844,56.750,0.484
26,ec.gp.GPIndividual@843743287{-282947895},3C_20_80-01.txt,4.194,1.000,4.194,1,1.609,38.37,1.609,56.750,0.484
26,ec.gp.GPIndividual@843743287{-282947895},3C_20_66-02.txt,154.245,1.000,154.245,14,48.063,31.16,3.433,56.750,0.484
26,ec.gp.GPIndividual@843743287{-282947895},3C_20_66-03.txt,118.340,1.000,118.340,5,125.938,106.42,25.188,56.750,0.484
26,ec.gp.GPIndividual@843743287{-282947895},3C_20_66-03.txt,118.340,1.000,118.340,6,121.156,102.38,20.193,56.750,0.484
26,ec.gp.GPIndividual@843743287{-282947895},3C_20_80-01.txt,4.194,1.000,4.194,1,4.625,110.26,4.625,56.750,0.484
26,ec.gp.GPIndividual@843743287{-282947895},3C_20_80-01.txt,4.194,1.000,4.194,2,3.063,73.01,1.531,56.750,0.484
26,ec.gp.GPIndividual@843743287{-282947895},3C_20_80-02.txt,35.738,1.000,35.738,2,2.172,6.08,1.086,56.750,0.484
26,ec.gp.GPIndividual@843743287{-282947895},3C_20_80-02.txt,35.738,1.000,35.738,7,17.016,47.61,2.431,56.750,0.484
26,ec.gp.GPIndividual@843743287{-282947895},3C_20_66-02.txt,154.245,1.000,154.245,13,129.313,83.84,9.947,56.750,0.484
26,ec.gp.GPIndividual@843743287{-282947895},3C_20_80-01.txt,4.194,1.000,4.194,3,3.313,78.97,1.104,56.750,0.484
26,ec.gp.GPIndividual@843743287{-282947895},3C_20_80-02.txt,35.738,1.000,35.738,4,56.203,157.26,14.051,56.750,0.484
26,ec.gp.GPIndividual@843743287{-282947895},3C_20_80-03.txt,169.439,1.000,169.439,6,37.359,22.05,6.227,56.750,0.484
26,ec.gp.GPIndividual@843743287{-282947895},3C_20_66-03.txt,118.340,1.000,118.340,5,97.500,82.39,19.500,56.750,0.484
26,ec.gp.GPIndividual@843743287{-282947895},3C_20_66-03.txt,118.340,1.000,118.340,6,100.813,85.19,16.802,56.750,0.484
26,ec.gp.GPIndividual@843743287{-282947895},3C_20_80-02.txt,35.738,1.000,35.738,7,39.406,110.26,5.629,56.750,0.484
26,ec.gp.GPIndividual@843743287{-282947895},3C_20_80-03.txt,169.439,1.000,169.439,2,64.719,38.20,32.359,63.641,0.484
26,ec.gp.GPIndividual@495706955{132929577},3C_20_50-02.txt,61.404,1.000,61.404,1,0.516,0.84,0.516,0.516,0.516
26,ec.gp.GPIndividual@495706955{132929577},3C_20_50-03.txt,30.993,1.000,30.993,1,65.609,211.69,65.609,65.609,0.516
26,ec.gp.GPIndividual@495706955{132929577},3C_20_80-03.txt,169.439,1.000,169.439,3,52.344,30.89,17.448,65.609,0.516
26,ec.gp.GPIndividual@495706955{132929577},3C_20_66-01.txt,7.322,1.000,7.322,1,1.281,17.50,1.281,65.609,0.516
26,ec.gp.GPIndividual@495706955{132929577},3C_20_66-02.txt,154.245,1.000,154.245,3,44.453,28.82,14.818,65.609,0.516
26,ec.gp.GPIndividual@495706955{132929577},3C_20_66-03.txt,118.340,1.000,118.340,1,6.719,5.68,6.719,65.609,0.516
26,ec.gp.GPIndividual@495706955{132929577},3C_20_80-01.txt,4.194,1.000,4.194,1,1.656,39.49,1.656,65.609,0.516
26,ec.gp.GPIndividual@495706955{132929577},3C_20_80-02.txt,35.738,1.000,35.738,1,2.219,6.21,2.219,65.609,0.516
26,ec.gp.GPIndividual@495706955{132929577},3C_20_80-03.txt,169.439,1.000,169.439,1,6.500,3.84,6.500,65.609,0.516
26,ec.gp.GPIndividual@635835419{-871670537},3C_20_50-02.txt,61.404,1.000,61.404,6,101.828,165.83,16.971,48.625,0.531
26,ec.gp.GPIndividual@635835419{-871670537},3C_20_80-01.txt,4.194,1.000,4.194,2,22.828,544.24,11.414,48.625,0.531
26,ec.gp.GPIndividual@635835419{-871670537},3C_20_50-03.txt,30.993,1.000,30.993,2,4.656,15.02,2.328,48.625,0.531
26,ec.gp.GPIndividual@635835419{-871670537},3C_20_80-01.txt,4.194,1.000,4.194,4,4.000,95.36,1.000,48.625,0.172
26,ec.gp.GPIndividual@635835419{-871670537},3C_20_80-02.txt,35.738,1.000,35.738,8,83.063,232.42,10.383,67.375,0.172
26,ec.gp.GPIndividual@635835419{-871670537},3C_20_80-03.txt,169.439,1.000,169.439,10,165.375,97.60,16.538,67.375,0.172
26,ec.gp.GPIndividual@13221898{1913438114},3C_20_50-02.txt,61.404,1.000,61.404,2,13.109,21.35,6.555,12.578,0.531
26,ec.gp.GPIndividual@1118434778{1447429274},3C_20_50-02.txt,61.404,1.000,61.404,2,1.469,2.39,0.734,1.188,0.281
26,ec.gp.GPIndividual@1118434778{1447429274},3C_20_50-03.txt,30.993,1.000,30.993,4,9.688,31.26,2.422,3.688,0.281
26,ec.gp.GPIndividual@1118434778{1447429274},3C_20_66-01.txt,7.322,1.000,7.322,4,7.672,104.78,1.918,4.813,0.281
26,ec.gp.GPIndividual@1118434778{1447429274},3C_20_66-02.txt,154.245,1.000,154.245,1,0.266,0.17,0.266,4.813,0.266
26,ec.gp.GPIndividual@1443669769{111377168},3C_20_50-02.txt,61.404,1.000,61.404,3,4.750,7.74,1.583,2.531,0.297
26,ec.gp.GPIndividual@1443669769{111377168},3C_20_66-03.txt,118.340,1.000,118.340,3,17.109,14.46,5.703,10.063,0.297
26,ec.gp.GPIndividual@1443669769{111377168},3C_20_80-03.txt,169.439,1.000,169.439,3,9.563,5.64,3.188,10.063,0.297
26,ec.gp.GPIndividual@1443669769{111377168},3C_20_80-01.txt,4.194,1.000,4.194,1,1.219,29.06,1.219,10.063,0.297
26,ec.gp.GPIndividual@1443669769{111377168},3C_20_80-02.txt,35.738,1.000,35.738,2,7.078,19.81,3.539,10.063,0.297
26,ec.gp.GPIndividual@1443669769{111377168},3C_20_80-03.txt,169.439,1.000,169.439,2,13.281,7.84,6.641,10.063,0.297
26,ec.gp.GPIndividual@1383501386{-79252655},3C_20_50-02.txt,61.404,1.000,61.404,6,41.625,67.79,6.938,23.469,0.281
26,ec.gp.GPIndividual@1383501386{-79252655},3C_20_66-03.txt,118.340,1.000,118.340,4,45.219,38.21,11.305,23.469,0.281
26,ec.gp.GPIndividual@507393667{890034973},3C_20_50-02.txt,61.404,1.000,61.404,9,59.578,97.03,6.620,22.250,0.438
26,ec.gp.GPIndividual@507393667{890034973},3C_20_50-03.txt,30.993,1.000,30.993,1,7.547,24.35,7.547,22.250,0.438
26,ec.gp.GPIndividual@507393667{890034973},3C_20_50-03.txt,30.993,1.000,30.993,2,40.984,132.24,20.492,37.344,0.438
26,ec.gp.GPIndividual@507393667{890034973},3C_20_66-01.txt,7.322,1.000,7.322,2,39.594,540.74,19.797,37.344,0.438
26,ec.gp.GPIndividual@507393667{890034973},3C_20_80-01.txt,4.194,1.000,4.194,4,4.906,116.97,1.227,37.344,0.438
26,ec.gp.GPIndividual@507393667{890034973},3C_20_66-01.txt,7.322,1.000,7.322,4,8.000,109.26,2.000,37.344,0.422
26,ec.gp.GPIndividual@507393667{890034973},3C_20_66-01.txt,7.322,1.000,7.322,5,69.688,951.73,13.938,66.047,0.422
26,ec.gp.GPIndividual@507393667{890034973},3C_20_50-03.txt,30.993,1.000,30.993,14,34.609,111.67,2.472,66.047,0.422
26,ec.gp.GPIndividual@507393667{890034973},3C_20_66-02.txt,154.245,1.000,154.245,17,167.844,108.82,9.873,66.047,0.422
26,ec.gp.GPIndividual@507393667{890034973},3C_20_66-03.txt,118.340,1.000,118.340,7,114.391,96.66,16.342,66.047,0.422
26,ec.gp.GPIndividual@507393667{890034973},3C_20_66-01.txt,7.322,1.000,7.322,2,17.844,243.69,8.922,66.047,0.422
26,ec.gp.GPIndividual@507393667{890034973},3C_20_80-02.txt,35.738,1.000,35.738,8,39.828,111.44,4.979,66.047,0.422
26,ec.gp.GPIndividual@507393667{890034973},3C_20_66-02.txt,154.245,1.000,154.245,13,116.000,75.21,8.923,66.047,0.422
26,ec.gp.GPIndividual@507393667{890034973},3C_20_66-02.txt,154.245,1.000,154.245,9,168.078,108.97,18.675,66.047,0.422
26,ec.gp.GPIndividual@507393667{890034973},3C_20_80-03.txt,169.439,1.000,169.439,7,174.188,102.80,24.884,66.047,0.422
26,ec.gp.GPIndividual@507393667{890034973},3C_20_66-03.txt,118.340,1.000,118.340,4,64.297,54.33,16.074,66.047,0.422
26,ec.gp.GPIndividual@507393667{890034973},3C_20_66-02.txt,154.245,1.000,154.245,8,138.219,89.61,17.277,66.047,0.422
26,ec.gp.GPIndividual@1829277520{-1152756122},3C_20_50-02.txt,61.404,1.000,61.404,5,87.500,142.50,17.500,43.609,0.438
26,ec.gp.GPIndividual@1829277520{-1152756122},3C_20_80-01.txt,4.194,1.000,4.194,3,4.844,115.48,1.615,43.609,0.438
26,ec.gp.GPIndividual@1829277520{-1152756122},3C_20_80-02.txt,35.738,1.000,35.738,2,7.250,20.29,3.625,43.609,0.297
26,ec.gp.GPIndividual@1829277520{-1152756122},3C_20_80-01.txt,4.194,1.000,4.194,4,4.484,106.91,1.121,43.609,0.297
26,ec.gp.GPIndividual@1829277520{-1152756122},3C_20_80-03.txt,169.439,1.000,169.439,1,0.422,0.25,0.422,43.609,0.297
26,ec.gp.GPIndividual@1829277520{-1152756122},3C_20_80-02.txt,35.738,1.000,35.738,4,38.125,106.68,9.531,43.609,0.297
26,ec.gp.GPIndividual@1829277520{-1152756122},3C_20_66-03.txt,118.340,1.000,118.340,4,45.719,38.63,11.430,43.609,0.297
26,ec.gp.GPIndividual@1829277520{-1152756122},3C_20_66-03.txt,118.340,1.000,118.340,7,119.156,100.69,17.022,45.266,0.297
26,ec.gp.GPIndividual@1829277520{-1152756122},3C_20_80-03.txt,169.439,1.000,169.439,1,39.734,23.45,39.734,45.266,0.297
26,ec.gp.GPIndividual@1829277520{-1152756122},3C_20_50-03.txt,30.993,1.000,30.993,1,38.594,124.53,38.594,45.266,0.297
26,ec.gp.GPIndividual@1829277520{-1152756122},3C_20_80-01.txt,4.194,1.000,4.194,1,35.484,845.98,35.484,45.266,0.297
26,ec.gp.GPIndividual@1829277520{-1152756122},3C_20_80-01.txt,4.194,1.000,4.194,4,4.250,101.32,1.063,45.266,0.297
26,ec.gp.GPIndividual@1829277520{-1152756122},3C_20_80-02.txt,35.738,1.000,35.738,15,36.094,101.00,2.406,45.266,0.297
26,ec.gp.GPIndividual@1829277520{-1152756122},3C_20_80-02.txt,35.738,1.000,35.738,2,5.953,16.66,2.977,45.266,0.297
26,ec.gp.GPIndividual@1829277520{-1152756122},3C_20_80-03.txt,169.439,1.000,169.439,3,29.453,17.38,9.818,45.266,0.297
26,ec.gp.GPIndividual@320884962{-306609825},3C_20_50-02.txt,61.404,1.000,61.404,2,1.188,1.93,0.594,0.906,0.281
26,ec.gp.GPIndividual@320884962{-306609825},3C_20_50-03.txt,30.993,1.000,30.993,4,11.016,35.54,2.754,4.797,0.281
26,ec.gp.GPIndividual@320884962{-306609825},3C_20_66-01.txt,7.322,1.000,7.322,2,2.547,34.78,1.273,4.797,0.281
26,ec.gp.GPIndividual@320884962{-306609825},3C_20_66-02.txt,154.245,1.000,154.245,3,12.188,7.90,4.063,7.625,0.281
26,ec.gp.GPIndividual@320884962{-306609825},3C_20_66-03.txt,118.340,1.000,118.340,1,5.234,4.42,5.234,7.625,0.281
26,ec.gp.GPIndividual@320884962{-306609825},3C_20_80-01.txt,4.194,1.000,4.194,1,9.609,229.10,9.609,9.609,0.281
26,ec.gp.GPIndividual@1083101505{1759791512},3C_20_50-02.txt,61.404,1.000,61.404,2,1.438,2.34,0.719,1.156,0.281
26,ec.gp.GPIndividual@1083101505{1759791512},3C_20_80-02.txt,35.738,1.000,35.738,2,3.500,9.79,1.750,1.984,0.281
26,ec.gp.GPIndividual@1083101505{1759791512},3C_20_80-03.txt,169.439,1.000,169.439,3,10.188,6.01,3.396,5.406,0.281
26,ec.gp.GPIndividual@259695801{-899273332},3C_20_50-02.txt,61.404,1.000,61.404,8,58.188,94.76,7.273,21.531,0.313
26,ec.gp.GPIndividual@259695801{-899273332},3C_20_66-01.txt,7.322,1.000,7.322,6,13.344,182.24,2.224,21.531,0.313
26,ec.gp.GPIndividual@259695801{-899273332},3C_20_50-03.txt,30.993,1.000,30.993,5,86.031,277.59,17.206,63.656,0.313
26,ec.gp.GPIndividual@1090984401{-1252356773},3C_20_50-02.txt,61.404,1.000,61.404,2,2.438,3.97,1.219,2.203,0.234
26,ec.gp.GPIndividual@1090984401{-1252356773},3C_20_66-01.txt,7.322,1.000,7.322,6,7.344,100.29,1.224,3.922,0.109
26,ec.gp.GPIndividual@1090984401{-1252356773},3C_20_66-02.txt,154.245,1.000,154.245,2,1.719,1.11,0.859,3.922,0.109
26,ec.gp.GPIndividual@1090984401{-1252356773},3C_20_66-03.txt,118.340,1.000,118.340,13,126.859,107.20,9.758,55.000,0.109
26,ec.gp.GPIndividual@1090984401{-1252356773},3C_20_66-03.txt,118.340,1.000,118.340,8,142.625,120.52,17.828,55.000,0.109
26,ec.gp.GPIndividual@1090984401{-1252356773},3C_20_50-03.txt,30.993,1.000,30.993,1,34.688,111.92,34.688,55.000,0.109
26,ec.gp.GPIndividual@1090984401{-1252356773},3C_20_80-01.txt,4.194,1.000,4.194,3,4.281,102.07,1.427,55.000,0.109
26,ec.gp.GPIndividual@1090984401{-1252356773},3C_20_66-01.txt,7.322,1.000,7.322,1,5.453,74.47,5.453,55.000,0.109
26,ec.gp.GPIndividual@1090984401{-1252356773},3C_20_66-01.txt,7.322,1.000,7.322,8,7.641,104.35,0.955,55.000,0.109
26,ec.gp.GPIndividual@1090984401{-1252356773},3C_20_80-02.txt,35.738,1.000,35.738,10,28.719,80.36,2.872,55.000,0.109
26,ec.gp.GPIndividual@1090984401{-1252356773},3C_20_80-01.txt,4.194,1.000,4.194,1,13.016,310.30,13.016,55.000,0.109
26,ec.gp.GPIndividual@1090984401{-1252356773},3C_20_66-02.txt,154.245,1.000,154.245,17,155.672,100.93,9.157,55.000,0.109
26,ec.gp.GPIndividual@1090984401{-1252356773},3C_20_80-03.txt,169.439,1.000,169.439,5,141.016,83.23,28.203,55.000,0.109
26,ec.gp.GPIndividual@1090984401{-1252356773},3C_20_66-02.txt,154.245,1.000,154.245,4,27.406,17.77,6.852,55.000,0.109
26,ec.gp.GPIndividual@1090984401{-1252356773},3C_20_66-03.txt,118.340,1.000,118.340,7,109.938,92.90,15.705,55.000,0.109
27,ec.gp.GPIndividual@601089714{-1938893106},3C_20_50-02.txt,61.404,1.000,61.404,4,1.172,1.91,0.293,0.391,0.000
27,ec.gp.GPIndividual@601089714{-1938893106},3C_20_50-03.txt,30.993,1.000,30.993,3,0.781,2.52,0.260,0.391,0.000
27,ec.gp.GPIndividual@601089714{-1938893106},3C_20_50-03.txt,30.993,1.000,30.993,1,0.391,1.26,0.391,0.391,0.000
27,ec.gp.GPIndividual@601089714{-1938893106},3C_20_50-03.txt,30.993,1.000,30.993,4,9.734,31.41,2.434,4.266,0.000
27,ec.gp.GPIndividual@601089714{-1938893106},3C_20_66-01.txt,7.322,1.000,7.322,2,4.438,60.60,2.219,4.438,0.000
27,ec.gp.GPIndividual@601089714{-1938893106},3C_20_66-01.txt,7.322,1.000,7.322,1,4.563,62.31,4.563,4.563,0.000
27,ec.gp.GPIndividual@601089714{-1938893106},3C_20_66-01.txt,7.322,1.000,7.322,3,8.219,112.24,2.740,4.563,0.000
27,ec.gp.GPIndividual@601089714{-1938893106},3C_20_50-03.txt,30.993,1.000,30.993,2,1.656,5.34,0.828,4.563,0.000
27,ec.gp.GPIndividual@601089714{-1938893106},3C_20_66-02.txt,154.245,1.000,154.245,2,0.891,0.58,0.445,4.563,0.000
27,ec.gp.GPIndividual@601089714{-1938893106},3C_20_66-02.txt,154.245,1.000,154.245,1,0.906,0.59,0.906,4.563,0.000
27,ec.gp.GPIndividual@601089714{-1938893106},3C_20_66-02.txt,154.245,1.000,154.245,2,4.469,2.90,2.234,4.563,0.000
27,ec.gp.GPIndividual@601089714{-1938893106},3C_20_66-03.txt,118.340,1.000,118.340,2,2.359,1.99,1.180,4.563,0.000
27,ec.gp.GPIndividual@601089714{-1938893106},3C_20_66-03.txt,118.340,1.000,118.340,1,2.516,2.13,2.516,4.563,0.000
27,ec.gp.GPIndividual@601089714{-1938893106},3C_20_66-03.txt,118.340,1.000,118.340,4,15.750,13.31,3.938,5.984,0.000
27,ec.gp.GPIndividual@601089714{-1938893106},3C_20_80-01.txt,4.194,1.000,4.194,1,6.172,147.14,6.172,6.172,0.000
27,ec.gp.GPIndividual@601089714{-1938893106},3C_20_80-01.txt,4.194,1.000,4.194,1,6.656,158.69,6.656,6.656,0.000
27,ec.gp.GPIndividual@601089714{-1938893106},3C_20_80-01.txt,4.194,1.000,4.194,2,1.375,32.78,0.688,6.656,0.000
27,ec.gp.GPIndividual@601089714{-1938893106},3C_20_80-02.txt,35.738,1.000,35.738,1,1.406,3.93,1.406,6.656,0.000
27,ec.gp.GPIndividual@601089714{-1938893106},3C_20_80-02.txt,35.738,1.000,35.738,1,1.453,4.07,1.453,6.656,0.000
27,ec.gp.GPIndividual@601089714{-1938893106},3C_20_80-02.txt,35.738,1.000,35.738,3,9.234,25.84,3.078,7.281,0.000
27,ec.gp.GPIndividual@601089714{-1938893106},3C_20_80-03.txt,169.439,1.000,169.439,1,2.125,1.25,2.125,7.281,0.000
27,ec.gp.GPIndividual@601089714{-1938893106},3C_20_80-03.txt,169.439,1.000,169.439,1,2.453,1.45,2.453,7.281,0.000
27,ec.gp.GPIndividual@601089714{-1938893106},3C_20_80-03.txt,169.439,1.000,169.439,2,6.266,3.70,3.133,7.281,0.000
27,ec.gp.GPIndividual@1523581077{-314869909},3C_20_50-02.txt,61.404,1.000,61.404,2,6.969,11.35,3.484,6.625,0.344
27,ec.gp.GPIndividual@1173868469{1913438114},3C_20_50-02.txt,61.404,1.000,61.404,2,6.953,11.32,3.477,6.609,0.344
27,ec.gp.GPIndividual@1635829816{365588311},3C_20_50-02.txt,61.404,1.000,61.404,14,71.078,115.75,5.077,14.109,0.516
27,ec.gp.GPIndividual@1635829816{365588311},3C_20_50-03.txt,30.993,1.000,30.993,6,34.328,110.76,5.721,19.594,0.516
27,ec.gp.GPIndividual@1635829816{365588311},3C_20_50-03.txt,30.993,1.000,30.993,1,0.344,1.11,0.344,19.594,0.344
27,ec.gp.GPIndividual@1635829816{365588311},3C_20_66-01.txt,7.322,1.000,7.322,2,7.203,98.37,3.602,19.594,0.172
27,ec.gp.GPIndividual@1635829816{365588311},3C_20_50-03.txt,30.993,1.000,30.993,3,47.109,152.00,15.703,43.453,0.172
27,ec.gp.GPIndividual@1635829816{365588311},3C_20_50-03.txt,30.993,1.000,30.993,2,47.906,154.57,23.953,46.297,0.172
27,ec.gp.GPIndividual@1635829816{365588311},3C_20_50-03.txt,30.993,1.000,30.993,9,30.063,97.00,3.340,46.297,0.172
27,ec.gp.GPIndividual@1635829816{365588311},3C_20_66-01.txt,7.322,1.000,7.322,3,13.016,177.76,4.339,46.297,0.172
27,ec.gp.GPIndividual@1635829816{365588311},3C_20_66-01.txt,7.322,1.000,7.322,2,6.703,91.55,3.352,46.297,0.172
27,ec.gp.GPIndividual@1635829816{365588311},3C_20_66-01.txt,7.322,1.000,7.322,1,7.828,106.91,7.828,46.297,0.172
27,ec.gp.GPIndividual@1635829816{365588311},3C_20_66-01.txt,7.322,1.000,7.322,1,0.656,8.96,0.656,46.297,0.172
27,ec.gp.GPIndividual@1635829816{365588311},3C_20_66-01.txt,7.322,1.000,7.322,3,9.969,136.14,3.323,46.297,0.172
27,ec.gp.GPIndividual@1635829816{365588311},3C_20_66-02.txt,154.245,1.000,154.245,26,163.094,105.74,6.273,46.297,0.172
27,ec.gp.GPIndividual@1635829816{365588311},3C_20_66-02.txt,154.245,1.000,154.245,14,155.516,100.82,11.108,46.297,0.172
27,ec.gp.GPIndividual@1635829816{365588311},3C_20_66-03.txt,118.340,1.000,118.340,1,0.719,0.61,0.719,46.297,0.172
27,ec.gp.GPIndividual@1635829816{365588311},3C_20_66-03.txt,118.340,1.000,118.340,8,128.266,108.39,16.033,46.297,0.172
27,ec.gp.GPIndividual@1635829816{365588311},3C_20_66-02.txt,154.245,1.000,154.245,12,150.250,97.41,12.521,46.297,0.172
27,ec.gp.GPIndividual@1635829816{365588311},3C_20_80-01.txt,4.194,1.000,4.194,3,3.484,83.07,1.161,46.297,0.172
27,ec.gp.GPIndividual@1635829816{365588311},3C_20_80-02.txt,35.738,1.000,35.738,2,43.203,120.89,21.602,46.297,0.172
27,ec.gp.GPIndividual@1635829816{365588311},3C_20_66-02.txt,154.245,1.000,154.245,13,157.391,102.04,12.107,46.297,0.172
27,ec.gp.GPIndividual@1635829816{365588311},3C_20_66-02.txt,154.245,1.000,154.245,10,182.375,118.24,18.238,50.891,0.172
27,ec.gp.GPIndividual@1635829816{365588311},3C_20_80-03.txt,169.439,1.000,169.439,3,43.813,25.86,14.604,50.891,0.172
27,ec.gp.GPIndividual@1635829816{365588311},3C_20_66-03.txt,118.340,1.000,118.340,4,139.813,118.15,34.953,53.016,0.172
27,ec.gp.GPIndividual@1635829816{365588311},3C_20_66-02.txt,154.245,1.000,154.245,9,119.391,77.40,13.266,62.016,0.172
27,ec.gp.GPIndividual@1635829816{365588311},3C_20_80-01.txt,4.194,1.000,4.194,2,66.672,1589.51,33.336,65.391,0.172
27,ec.gp.GPIndividual@1317425822{289568577},3C_20_50-02.txt,61.404,1.000,61.404,0,0.000,0.00,0.000,0.000,0.000
27,ec.gp.GPIndividual@1317425822{289568577},3C_20_50-03.txt,30.993,1.000,30.993,0,0.000,0.00,0.000,0.000,0.000
27,ec.gp.GPIndividual@1317425822{289568577},3C_20_66-01.txt,7.322,1.000,7.322,0,0.000,0.00,0.000,0.000,0.000
27,ec.gp.GPIndividual@1317425822{289568577},3C_20_66-02.txt,154.245,1.000,154.245,0,0.000,0.00,0.000,0.000,0.000
27,ec.gp.GPIndividual@1317425822{289568577},3C_20_66-03.txt,118.340,1.000,118.340,0,0.000,0.00,0.000,0.000,0.000
27,ec.gp.GPIndividual@1317425822{289568577},3C_20_80-01.txt,4.194,1.000,4.194,0,0.000,0.00,0.000,0.000,0.000
27,ec.gp.GPIndividual@1317425822{289568577},3C_20_80-02.txt,35.738,1.000,35.738,0,0.000,0.00,0.000,0.000,0.000
27,ec.gp.GPIndividual@1317425822{289568577},3C_20_80-03.txt,169.439,1.000,169.439,0,0.000,0.00,0.000,0.000,0.000
27,ec.gp.GPIndividual@8454868{1913643647},3C_20_50-02.txt,61.404,1.000,61.404,7,62.000,100.97,8.857,51.766,0.516
27,ec.gp.GPIndividual@8454868{1913643647},3C_20_50-03.txt,30.993,1.000,30.993,1,46.000,148.42,46.000,51.766,0.516
27,ec.gp.GPIndividual@8454868{1913643647},3C_20_66-03.txt,118.340,1.000,118.340,1,1.047,0.88,1.047,51.766,0.516
27,ec.gp.GPIndividual@8454868{1913643647},3C_20_80-01.txt,4.194,1.000,4.194,1,35.703,851.19,35.703,51.766,0.516
27,ec.gp.GPIndividual@8454868{1913643647},3C_20_66-03.txt,118.340,1.000,118.340,21,117.969,99.69,5.618,51.766,0.516
27,ec.gp.GPIndividual@8454868{1913643647},3C_20_80-02.txt,35.738,1.000,35.738,5,43.344,121.28,8.669,51.766,0.516
27,ec.gp.GPIndividual@8454868{1913643647},3C_20_80-02.txt,35.738,1.000,35.738,3,21.109,59.07,7.036,51.766,0.516
27,ec.gp.GPIndividual@8454868{1913643647},3C_20_66-03.txt,118.340,1.000,118.340,15,134.984,114.07,8.999,51.766,0.516
27,ec.gp.GPIndividual@8454868{1913643647},3C_20_80-01.txt,4.194,1.000,4.194,1,33.750,804.63,33.750,51.766,0.516
27,ec.gp.GPIndividual@8454868{1913643647},3C_20_80-03.txt,169.439,1.000,169.439,5,95.391,56.30,19.078,51.766,0.516
27,ec.gp.GPIndividual@8454868{1913643647},3C_20_80-01.txt,4.194,1.000,4.194,1,6.391,152.36,6.391,51.766,0.516
27,ec.gp.GPIndividual@1498744563{711960036},3C_20_50-02.txt,61.404,1.000,61.404,18,61.281,99.80,3.405,18.359,0.344
27,ec.gp.GPIndividual@1498744563{711960036},3C_20_50-03.txt,30.993,1.000,30.993,6,37.406,120.69,6.234,18.359,0.344
27,ec.gp.GPIndividual@1498744563{711960036},3C_20_66-01.txt,7.322,1.000,7.322,4,6.719,91.76,1.680,18.359,0.344
27,ec.gp.GPIndividual@1498744563{711960036},3C_20_66-01.txt,7.322,1.000,7.322,4,7.328,100.08,1.832,18.359,0.344
27,ec.gp.GPIndividual@1498744563{711960036},3C_20_66-02.txt,154.245,1.000,154.245,2,1.750,1.13,0.875,18.359,0.344
27,ec.gp.GPIndividual@1498744563{711960036},3C_20_80-02.txt,35.738,1.000,35.738,1,9.438,26.41,9.438,18.359,0.344
27,ec.gp.GPIndividual@1498744563{711960036},3C_20_80-01.txt,4.194,1.000,4.194,1,8.609,205.25,8.609,18.359,0.344
27,ec.gp.GPIndividual@1498744563{711960036},3C_20_80-02.txt,35.738,1.000,35.738,21,35.797,100.16,1.705,18.359,0.344
27,ec.gp.GPIndividual@1498744563{711960036},3C_20_66-03.txt,118.340,1.000,118.340,10,76.391,64.55,7.639,47.688,0.344
27,ec.gp.GPIndividual@1498744563{711960036},3C_20_80-03.txt,169.439,1.000,169.439,2,48.734,28.76,24.367,47.688,0.344
27,ec.gp.GPIndividual@1498744563{711960036},3C_20_66-02.txt,154.245,1.000,154.245,4,167.656,108.69,41.914,47.688,0.344
27,ec.gp.GPIndividual@1498744563{711960036},3C_20_80-03.txt,169.439,1.000,169.439,10,167.766,99.01,16.777,65.094,0.344
27,ec.gp.GPIndividual@1498744563{711960036},3C_20_80-02.txt,35.738,1.000,35.738,5,52.172,145.98,10.434,65.094,0.344
27,ec.gp.GPIndividual@1498744563{711960036},3C_20_66-03.txt,118.340,1.000,118.340,3,27.625,23.34,9.208,65.094,0.344
27,ec.gp.GPIndividual@1960009439{1823633047},3C_20_50-02.txt,61.404,1.000,61.404,6,74.172,120.79,12.362,62.531,0.547
27,ec.gp.GPIndividual@1999195764{-899273332},3C_20_50-02.txt,61.404,1.000,61.404,2,57.234,93.21,28.617,56.703,0.531
27,ec.gp.GPIndividual@1999195764{-899273332},3C_20_80-03.txt,169.439,1.000,169.439,7,101.906,60.14,14.558,56.703,0.531
27,ec.gp.GPIndividual@1999195764{-899273332},3C_20_50-03.txt,30.993,1.000,30.993,3,57.453,185.38,19.151,56.703,0.531
27,ec.gp.GPIndividual@1999195764{-899273332},3C_20_80-03.txt,169.439,1.000,169.439,2,14.156,8.35,7.078,56.703,0.531
27,ec.gp.GPIndividual@1999195764{-899273332},3C_20_66-01.txt,7.322,1.000,7.322,4,5.594,76.39,1.398,56.703,0.531
27,ec.gp.GPIndividual@1999195764{-899273332},3C_20_66-02.txt,154.245,1.000,154.245,4,7.516,4.87,1.879,56.703,0.531
27,ec.gp.GPIndividual@1999195764{-899273332},3C_20_66-03.txt,118.340,1.000,118.340,3,128.094,108.24,42.698,56.703,0.531
27,ec.gp.GPIndividual@1999195764{-899273332},3C_20_80-01.txt,4.194,1.000,4.194,2,5.391,128.52,2.695,56.703,0.531
27,ec.gp.GPIndividual@1999195764{-899273332},3C_20_80-01.txt,4.194,1.000,4.194,1,46.516,1108.97,46.516,56.703,0.531
27,ec.gp.GPIndividual@1999195764{-899273332},3C_20_50-03.txt,30.993,1.000,30.993,12,33.625,108.49,2.802,56.703,0.531
27,ec.gp.GPIndividual@1999195764{-899273332},3C_20_66-01.txt,7.322,1.000,7.322,3,19.688,268.87,6.563,56.703,0.531
27,ec.gp.GPIndividual@1438826514{1703127788},3C_20_50-02.txt,61.404,1.000,61.404,3,2.984,4.86,0.995,1.422,0.516
27,ec.gp.GPIndividual@1438826514{1703127788},3C_20_80-02.txt,35.738,1.000,35.738,13,52.719,147.51,4.055,30.641,0.516
27,ec.gp.GPIndividual@1438826514{1703127788},3C_20_80-01.txt,4.194,1.000,4.194,1,6.172,147.14,6.172,30.641,0.516
27,ec.gp.GPIndividual@1438826514{1703127788},3C_20_50-03.txt,30.993,1.000,30.993,1,5.625,18.15,5.625,30.641,0.516
27,ec.gp.GPIndividual@1438826514{1703127788},3C_20_80-03.txt,169.439,1.000,169.439,2,23.078,13.62,11.539,30.641,0.516
27,ec.gp.GPIndividual@1438826514{1703127788},3C_20_80-02.txt,35.738,1.000,35.738,14,35.297,98.77,2.521,30.641,0.359
27,ec.gp.GPIndividual@1560821018{-44837064},3C_20_50-02.txt,61.404,1.000,61.404,7,84.328,137.33,12.047,65.422,0.531
27,ec.gp.GPIndividual@1273425005{737427028},3C_20_50-02.txt,61.404,1.000,61.404,2,3.297,5.37,1.648,2.953,0.344
27,ec.gp.GPIndividual@1273425005{737427028},3C_20_50-03.txt,30.993,1.000,30.993,2,14.250,45.98,7.125,9.594,0.344
27,ec.gp.GPIndividual@1273425005{737427028},3C_20_66-01.txt,7.322,1.000,7.322,1,1.094,14.94,1.094,9.594,0.344
27,ec.gp.GPIndividual@1273425005{737427028},3C_20_66-02.txt,154.245,1.000,154.245,1,2.406,1.56,2.406,9.594,0.344
27,ec.gp.GPIndividual@1273425005{737427028},3C_20_66-03.txt,118.340,1.000,118.340,3,34.438,29.10,11.479,19.047,0.344
27,ec.gp.GPIndividual@1273425005{737427028},3C_20_80-01.txt,4.194,1.000,4.194,1,23.047,549.46,23.047,23.047,0.344
27,ec.gp.GPIndividual@1273425005{737427028},3C_20_80-03.txt,169.439,1.000,169.439,1,1.156,0.68,1.156,23.047,0.344
27,ec.gp.GPIndividual@1273425005{737427028},3C_20_80-02.txt,35.738,1.000,35.738,1,2.031,5.68,2.031,23.047,0.344
27,ec.gp.GPIndividual@1273425005{737427028},3C_20_80-03.txt,169.439,1.000,169.439,4,79.688,47.03,19.922,43.969,0.344
27,ec.gp.GPIndividual@300140228{456090531},3C_20_50-02.txt,61.404,1.000,61.404,7,72.797,118.55,10.400,36.250,0.516
27,ec.gp.GPIndividual@300140228{456090531},3C_20_80-02.txt,35.738,1.000,35.738,3,34.703,97.10,11.568,36.250,0.516
27,ec.gp.GPIndividual@300140228{456090531},3C_20_66-02.txt,154.245,1.000,154.245,12,46.766,30.32,3.897,36.250,0.516
27,ec.gp.GPIndividual@300140228{456090531},3C_20_66-01.txt,7.322,1.000,7.322,5,6.313,86.21,1.263,36.250,0.516
27,ec.gp.GPIndividual@300140228{456090531},3C_20_66-02.txt,154.245,1.000,154.245,8,140.078,90.82,17.510,65.469,0.516
27,ec.gp.GPIndividual@909365084{-1851283746},3C_20_50-02.txt,61.404,1.000,61.404,5,100.734,164.05,20.147,50.719,0.328
27,ec.gp.GPIndividual@909365084{-1851283746},3C_20_66-03.txt,118.340,1.000,118.340,3,54.156,45.76,18.052,50.719,0.328
27,ec.gp.GPIndividual@909365084{-1851283746},3C_20_50-03.txt,30.993,1.000,30.993,4,50.625,163.35,12.656,50.719,0.328
27,ec.gp.GPIndividual@909365084{-1851283746},3C_20_50-03.txt,30.993,1.000,30.993,3,57.688,186.13,19.229,50.719,0.328
27,ec.gp.GPIndividual@909365084{-1851283746},3C_20_66-03.txt,118.340,1.000,118.340,6,60.703,51.30,10.117,50.719,0.328
27,ec.gp.GPIndividual@909365084{-1851283746},3C_20_80-03.txt,169.439,1.000,169.439,5,79.125,46.70,15.825,50.719,0.328
27,ec.gp.GPIndividual@909365084{-1851283746},3C_20_50-03.txt,30.993,1.000,30.993,2,35.656,115.05,17.828,50.719,0.328
27,ec.gp.GPIndividual@909365084{-1851283746},3C_20_80-01.txt,4.194,1.000,4.194,1,7.453,177.69,7.453,50.719,0.328
27,ec.gp.GPIndividual@909365084{-1851283746},3C_20_66-01.txt,7.322,1.000,7.322,3,29.828,407.37,9.943,50.719,0.328
27,ec.gp.GPIndividual@909365084{-1851283746},3C_20_66-01.txt,7.322,1.000,7.322,4,49.297,673.25,12.324,50.719,0.328
27,ec.gp.GPIndividual@909365084{-1851283746},3C_20_80-01.txt,4.194,1.000,4.194,2,2.672,63.70,1.336,50.719,0.328
27,ec.gp.GPIndividual@909365084{-1851283746},3C_20_66-02.txt,154.245,1.000,154.245,22,136.594,88.56,6.209,58.844,0.328
27,ec.gp.GPIndividual@909162868{-2001735006},3C_20_50-02.txt,61.404,1.000,61.404,5,79.578,129.60,15.916,38.328,0.531
27,ec.gp.GPIndividual@909162868{-2001735006},3C_20_66-03.txt,118.340,1.000,118.340,3,123.125,104.04,41.042,44.391,0.531
27,ec.gp.GPIndividual@909162868{-2001735006},3C_20_66-01.txt,7.322,1.000,7.322,5,7.516,102.64,1.503,44.391,0.531
27,ec.gp.GPIndividual@909162868{-2001735006},3C_20_66-02.txt,154.245,1.000,154.245,2,2.484,1.61,1.242,44.391,0.516
27,ec.gp.GPIndividual@909162868{-2001735006},3C_20_66-02.txt,154.245,1.000,154.245,5,20.953,13.58,4.191,44.391,0.516
27,ec.gp.GPIndividual@909162868{-2001735006},3C_20_80-02.txt,35.738,1.000,35.738,15,36.844,103.09,2.456,44.391,0.516
27,ec.gp.GPIndividual@909162868{-2001735006},3C_20_66-03.txt,118.340,1.000,118.340,1,10.109,8.54,10.109,44.391,0.516
27,ec.gp.GPIndividual@909162868{-2001735006},3C_20_80-01.txt,4.194,1.000,4.194,1,5.359,127.77,5.359,44.391,0.516
27,ec.gp.GPIndividual@909162868{-2001735006},3C_20_80-03.txt,169.439,1.000,169.439,2,4.156,2.45,2.078,44.391,0.516
27,ec.gp.GPIndividual@909162868{-2001735006},3C_20_66-03.txt,118.340,1.000,118.340,10,85.953,72.63,8.595,44.391,0.516
27,ec.gp.GPIndividual@909162868{-2001735006},3C_20_80-02.txt,35.738,1.000,35.738,6,69.672,194.95,11.612,61.000,0.516
27,ec.gp.GPIndividual@909162868{-2001735006},3C_20_50-03.txt,30.993,1.000,30.993,1,36.234,116.91,36.234,61.000,0.516
27,ec.gp.GPIndividual@909162868{-2001735006},3C_20_80-01.txt,4.194,1.000,4.194,1,35.031,835.17,35.031,61.000,0.516
27,ec.gp.GPIndividual@909162868{-2001735006},3C_20_80-01.txt,4.194,1.000,4.194,1,40.563,967.04,40.563,61.000,0.516
27,ec.gp.GPIndividual@1481173077{-1334729087},3C_20_50-02.txt,61.404,1.000,61.404,5,50.453,82.17,10.091,43.016,0.516
27,ec.gp.GPIndividual@1481173077{-1334729087},3C_20_80-02.txt,35.738,1.000,35.738,13,35.875,100.38,2.760,43.016,0.516
27,ec.gp.GPIndividual@1481173077{-1334729087},3C_20_80-03.txt,169.439,1.000,169.439,4,6.500,3.84,1.625,43.016,0.516
27,ec.gp.GPIndividual@1481173077{-1334729087},3C_20_80-03.txt,169.439,1.000,169.439,11,181.625,107.19,16.511,58.594,0.516
27,ec.gp.GPIndividual@108531075{-1252356773},3C_20_50-02.txt,61.404,1.000,61.404,2,61.469,100.10,30.734,60.953,0.516
27,ec.gp.GPIndividual@108531075{-1252356773},3C_20_80-02.txt,35.738,1.000,35.738,1,66.688,186.60,66.688,66.688,0.516
27,ec.gp.GPIndividual@108531075{-1252356773},3C_20_50-03.txt,30.993,1.000,30.993,1,61.781,199.34,61.781,66.688,0.516
27,ec.gp.GPIndividual@108531075{-1252356773},3C_20_80-02.txt,35.738,1.000,35.738,17,35.750,100.03,2.103,66.688,0.172
27,ec.gp.GPIndividual@108531075{-1252356773},3C_20_66-01.txt,7.322,1.000,7.322,2,10.156,138.71,5.078,66.688,0.172
27,ec.gp.GPIndividual@108531075{-1252356773},3C_20_80-03.txt,169.439,1.000,169.439,6,66.109,39.02,11.018,66.688,0.172
27,ec.gp.GPIndividual@1480783743{454498518},3C_20_50-02.txt,61.404,1.000,61.404,11,78.281,127.48,7.116,22.422,0.531
27,ec.gp.GPIndividual@1480783743{454498518},3C_20_50-03.txt,30.993,1.000,30.993,1,0.313,1.01,0.313,22.422,0.313
27,ec.gp.GPIndividual@1480783743{454498518},3C_20_66-02.txt,154.245,1.000,154.245,5,19.125,12.40,3.825,22.422,0.313
27,ec.gp.GPIndividual@1188151215{1507943427},3C_20_50-02.txt,61.404,1.000,61.404,8,62.953,102.52,7.869,37.484,0.422
27,ec.gp.GPIndividual@1188151215{1507943427},3C_20_66-03.txt,118.340,1.000,118.340,8,105.094,88.81,13.137,47.656,0.422
27,ec.gp.GPIndividual@1188151215{1507943427},3C_20_66-01.txt,7.322,1.000,7.322,7,6.891,94.11,0.984,47.656,0.422
27,ec.gp.GPIndividual@1188151215{1507943427},3C_20_66-02.txt,154.245,1.000,154.245,2,20.344,13.19,10.172,47.656,0.422
27,ec.gp.GPIndividual@1188151215{1507943427},3C_20_66-03.txt,118.340,1.000,118.340,11,117.969,99.69,10.724,47.656,0.422
27,ec.gp.GPIndividual@1188151215{1507943427},3C_20_80-01.txt,4.194,1.000,4.194,3,3.203,76.37,1.068,47.656,0.422
27,ec.gp.GPIndividual@1188151215{1507943427},3C_20_80-02.txt,35.738,1.000,35.738,6,22.656,63.40,3.776,47.656,0.422
27,ec.gp.GPIndividual@1188151215{1507943427},3C_20_50-03.txt,30.993,1.000,30.993,2,42.813,138.14,21.406,47.656,0.422
27,ec.gp.GPIndividual@1188151215{1507943427},3C_20_66-01.txt,7.322,1.000,7.322,1,11.875,162.18,11.875,47.656,0.422
27,ec.gp.GPIndividual@1188151215{1507943427},3C_20_80-03.txt,169.439,1.000,169.439,12,183.375,108.22,15.281,47.656,0.422
27,ec.gp.GPIndividual@1188151215{1507943427},3C_20_66-02.txt,154.245,1.000,154.245,12,154.641,100.26,12.887,47.656,0.422
27,ec.gp.GPIndividual@1188151215{1507943427},3C_20_66-01.txt,7.322,1.000,7.322,1,25.984,354.87,25.984,47.656,0.422
27,ec.gp.GPIndividual@1188151215{1507943427},3C_20_66-03.txt,118.340,1.000,118.340,2,32.172,27.19,16.086,47.656,0.422
27,ec.gp.GPIndividual@1188151215{1507943427},3C_20_80-01.txt,4.194,1.000,4.194,5,4.203,100.21,0.841,47.656,0.141
27,ec.gp.GPIndividual@1188151215{1507943427},3C_20_80-02.txt,35.738,1.000,35.738,5,14.328,40.09,2.866,47.656,0.141
27,ec.gp.GPIndividual@1188151215{1507943427},3C_20_66-03.txt,118.340,1.000,118.340,8,63.766,53.88,7.971,48.031,0.141
27,ec.gp.GPIndividual@1325459442{-786296416},3C_20_50-02.txt,61.404,1.000,61.404,1,0.281,0.46,0.281,0.281,0.281
27,ec.gp.GPIndividual@1325459442{-786296416},3C_20_50-03.txt,30.993,1.000,30.993,2,17.203,55.51,8.602,13.797,0.281
27,ec.gp.GPIndividual@1325459442{-786296416},3C_20_66-01.txt,7.322,1.000,7.322,1,0.906,12.38,0.906,13.797,0.281
27,ec.gp.GPIndividual@1325459442{-786296416},3C_20_66-02.txt,154.245,1.000,154.245,1,2.156,1.40,2.156,13.797,0.281
27,ec.gp.GPIndividual@1325459442{-786296416},3C_20_66-03.txt,118.340,1.000,118.340,1,6.906,5.84,6.906,13.797,0.281
27,ec.gp.GPIndividual@1325459442{-786296416},3C_20_66-02.txt,154.245,1.000,154.245,2,7.547,4.89,3.773,13.797,0.281
27,ec.gp.GPIndividual@1325459442{-786296416},3C_20_80-01.txt,4.194,1.000,4.194,2,2.266,54.01,1.133,13.797,0.281
27,ec.gp.GPIndividual@1325459442{-786296416},3C_20_80-02.txt,35.738,1.000,35.738,3,3.641,10.19,1.214,13.797,0.281
27,ec.gp.GPIndividual@1325459442{-786296416},3C_20_80-03.txt,169.439,1.000,169.439,3,8.109,4.79,2.703,13.797,0.281
27,ec.gp.GPIndividual@2028190162{-1351317952},3C_20_50-02.txt,61.404,1.000,61.404,7,96.156,156.60,13.737,44.156,0.438
27,ec.gp.GPIndividual@2028190162{-1351317952},3C_20_80-03.txt,169.439,1.000,169.439,3,68.172,40.23,22.724,44.156,0.438
27,ec.gp.GPIndividual@2028190162{-1351317952},3C_20_80-01.txt,4.194,1.000,4.194,3,8.172,194.82,2.724,44.156,0.438
27,ec.gp.GPIndividual@1042950600{1963293906},3C_20_50-02.txt,61.404,1.000,61.404,1,0.422,0.69,0.422,0.422,0.422
27,ec.gp.GPIndividual@1042950600{1963293906},3C_20_66-03.txt,118.340,1.000,118.340,15,145.016,122.54,9.668,42.422,0.422
27,ec.gp.GPIndividual@1042950600{1963293906},3C_20_80-02.txt,35.738,1.000,35.738,1,32.203,90.11,32.203,42.422,0.422
27,ec.gp.GPIndividual@1042950600{1963293906},3C_20_50-03.txt,30.993,1.000,30.993,1,33.109,106.83,33.109,42.422,0.422
27,ec.gp.GPIndividual@1042950600{1963293906},3C_20_50-03.txt,30.993,1.000,30.993,12,31.859,102.80,2.655,42.422,0.422
27,ec.gp.GPIndividual@1042950600{1963293906},3C_20_80-03.txt,169.439,1.000,169.439,3,18.156,10.72,6.052,42.422,0.422
27,ec.gp.GPIndividual@1042950600{1963293906},3C_20_66-01.txt,7.322,1.000,7.322,1,16.656,227.48,16.656,42.422,0.422
27,ec.gp.GPIndividual@1042950600{1963293906},3C_20_80-01.txt,4.194,1.000,4.194,4,3.594,85.68,0.898,42.422,0.422
27,ec.gp.GPIndividual@1042950600{1963293906},3C_20_66-02.txt,154.245,1.000,154.245,15,207.250,134.36,13.817,62.344,0.422
27,ec.gp.GPIndividual@1042950600{1963293906},3C_20_80-01.txt,4.194,1.000,4.194,1,59.547,1419.65,59.547,62.344,0.422
27,ec.gp.GPIndividual@2048306544{670343762},3C_20_50-02.txt,61.404,1.000,61.404,5,8.141,13.26,1.628,3.891,0.297
27,ec.gp.GPIndividual@2048306544{670343762},3C_20_80-02.txt,35.738,1.000,35.738,3,44.344,124.08,14.781,40.641,0.297
27,ec.gp.GPIndividual@2048306544{670343762},3C_20_66-01.txt,7.322,1.000,7.322,5,8.750,119.50,1.750,40.641,0.297
27,ec.gp.GPIndividual@2048306544{670343762},3C_20_50-03.txt,30.993,1.000,30.993,12,38.500,124.22,3.208,40.641,0.297
27,ec.gp.GPIndividual@2048306544{670343762},3C_20_66-03.txt,118.340,1.000,118.340,10,130.125,109.96,13.013,40.641,0.297
27,ec.gp.GPIndividual@2048306544{670343762},3C_20_66-02.txt,154.245,1.000,154.245,1,35.797,23.21,35.797,40.641,0.297
27,ec.gp.GPIndividual@2048306544{670343762},3C_20_80-03.txt,169.439,1.000,169.439,5,51.813,30.58,10.363,42.422,0.297
27,ec.gp.GPIndividual@2048306544{670343762},3C_20_80-02.txt,35.738,1.000,35.738,3,12.484,34.93,4.161,42.422,0.297
27,ec.gp.GPIndividual@2048306544{670343762},3C_20_80-01.txt,4.194,1.000,4.194,4,4.031,96.11,1.008,42.422,0.141
27,ec.gp.GPIndividual@2048306544{670343762},3C_20_80-02.txt,35.738,1.000,35.738,1,0.719,2.01,0.719,42.422,0.141
27,ec.gp.GPIndividual@2048306544{670343762},3C_20_80-03.txt,169.439,1.000,169.439,11,201.609,118.99,18.328,64.094,0.141
27,ec.gp.GPIndividual@484432712{292189898},3C_20_50-02.txt,61.404,1.000,61.404,2,55.359,90.16,27.680,54.953,0.406
27,ec.gp.GPIndividual@484432712{292189898},3C_20_80-03.txt,169.439,1.000,169.439,6,81.563,48.14,13.594,58.469,0.406
27,ec.gp.GPIndividual@1814017174{967901010},3C_20_50-02.txt,61.404,1.000,61.404,10,61.047,99.42,6.105,29.422,0.422
27,ec.gp.GPIndividual@1814017174{967901010},3C_20_50-03.txt,30.993,1.000,30.993,3,28.016,90.39,9.339,29.422,0.422
27,ec.gp.GPIndividual@2113936358{1135363083},3C_20_50-02.txt,61.404,1.000,61.404,2,0.578,0.94,0.289,0.297,0.281
27,ec.gp.GPIndividual@2113936358{1135363083},3C_20_50-03.txt,30.993,1.000,30.993,3,20.453,65.99,6.818,11.188,0.281
27,ec.gp.GPIndividual@2113936358{1135363083},3C_20_66-03.txt,118.340,1.000,118.340,4,19.203,16.23,4.801,11.188,0.281
27,ec.gp.GPIndividual@2113936358{1135363083},3C_20_66-01.txt,7.322,1.000,7.322,1,44.484,607.53,44.484,44.484,0.281
27,ec.gp.GPIndividual@2113936358{1135363083},3C_20_66-01.txt,7.322,1.000,7.322,3,42.000,573.60,14.000,44.484,0.281
27,ec.gp.GPIndividual@2113936358{1135363083},3C_20_50-03.txt,30.993,1.000,30.993,1,0.734,2.37,0.734,44.484,0.281
27,ec.gp.GPIndividual@2113936358{1135363083},3C_20_66-02.txt,154.245,1.000,154.245,7,12.359,8.01,1.766,44.484,0.281
27,ec.gp.GPIndividual@2113936358{1135363083},3C_20_66-03.txt,118.340,1.000,118.340,8,51.484,43.51,6.436,44.484,0.281
27,ec.gp.GPIndividual@2113936358{1135363083},3C_20_80-01.txt,4.194,1.000,4.194,2,2.000,47.68,1.000,44.484,0.281
27,ec.gp.GPIndividual@2113936358{1135363083},3C_20_80-02.txt,35.738,1.000,35.738,6,40.813,114.20,6.802,44.484,0.281
27,ec.gp.GPIndividual@2113936358{1135363083},3C_20_66-02.txt,154.245,1.000,154.245,6,76.875,49.84,12.813,44.484,0.281
27,ec.gp.GPIndividual@2113936358{1135363083},3C_20_80-03.txt,169.439,1.000,169.439,5,39.172,23.12,7.834,44.484,0.281
27,ec.gp.GPIndividual@166746787{1913438114},3C_20_50-02.txt,61.404,1.000,61.404,5,50.469,82.19,10.094,45.797,0.344
27,ec.gp.GPIndividual@166746787{1913438114},3C_20_80-01.txt,4.194,1.000,4.194,1,12.219,291.31,12.219,45.797,0.344
27,ec.gp.GPIndividual@166746787{1913438114},3C_20_80-01.txt,4.194,1.000,4.194,6,4.219,100.58,0.703,45.797,0.109
27,ec.gp.GPIndividual@166746787{1913438114},3C_20_80-02.txt,35.738,1.000,35.738,1,0.453,1.27,0.453,45.797,0.109
27,ec.gp.GPIndividual@166746787{1913438114},3C_20_80-02.txt,35.738,1.000,35.738,12,34.172,95.62,2.848,45.797,0.109
27,ec.gp.GPIndividual@166746787{1913438114},3C_20_80-01.txt,4.194,1.000,4.194,5,3.719,88.66,0.744,45.797,0.109
27,ec.gp.GPIndividual@166746787{1913438114},3C_20_80-02.txt,35.738,1.000,35.738,8,49.453,138.38,6.182,45.797,0.109
27,ec.gp.GPIndividual@166746787{1913438114},3C_20_50-03.txt,30.993,1.000,30.993,1,4.531,14.62,4.531,45.797,0.109
27,ec.gp.GPIndividual@166746787{1913438114},3C_20_80-03.txt,169.439,1.000,169.439,4,18.547,10.95,4.637,45.797,0.109
27,ec.gp.GPIndividual@166746787{1913438114},3C_20_80-03.txt,169.439,1.000,169.439,7,100.156,59.11,14.308,66.344,0.109
27,ec.gp.GPIndividual@166746787{1913438114},3C_20_80-03.txt,169.439,1.000,169.439,4,183.781,108.46,45.945,66.344,0.109
27,ec.gp.GPIndividual@166746787{1913438114},3C_20_66-01.txt,7.322,1.000,7.322,7,6.422,87.70,0.917,66.344,0.109
27,ec.gp.GPIndividual@166746787{1913438114},3C_20_66-02.txt,154.245,1.000,154.245,1,16.109,10.44,16.109,66.344,0.109
27,ec.gp.GPIndividual@1913227076{149371088},3C_20_50-02.txt,61.404,1.000,61.404,10,50.313,81.94,5.031,41.078,0.219
27,ec.gp.GPIndividual@1525215094{639148773},3C_20_50-02.txt,61.404,1.000,61.404,9,50.656,82.50,5.628,20.047,0.031
27,ec.gp.GPIndividual@1525215094{639148773},3C_20_50-03.txt,30.993,1.000,30.993,7,25.594,82.58,3.656,20.047,0.031
27,ec.gp.GPIndividual@1525215094{639148773},3C_20_66-01.txt,7.322,1.000,7.322,7,5.891,80.45,0.842,20.047,0.031
27,ec.gp.GPIndividual@1525215094{639148773},3C_20_66-02.txt,154.245,1.000,154.245,11,127.063,82.38,11.551,50.391,0.031
27,ec.gp.GPIndividual@1525215094{639148773},3C_20_66-03.txt,118.340,1.000,118.340,7,87.859,74.24,12.551,50.391,0.031
27,ec.gp.GPIndividual@1525215094{639148773},3C_20_80-01.txt,4.194,1.000,4.194,9,3.672,87.54,0.408,50.391,0.031
27,ec.gp.GPIndividual@1525215094{639148773},3C_20_80-02.txt,35.738,1.000,35.738,7,23.250,65.06,3.321,50.391,0.031
27,ec.gp.GPIndividual@1525215094{639148773},3C_20_80-03.txt,169.439,1.000,169.439,3,108.766,64.19,36.255,67.484,0.031
28,ec.gp.GPIndividual@1031898724{1913438114},3C_20_50-02.txt,61.404,1.000,61.404,0,0.000,0.00,0.000,0.000,0.000
28,ec.gp.GPIndividual@1031898724{1913438114},3C_20_50-03.txt,30.993,1.000,30.993,0,0.000,0.00,0.000,0.000,0.000
28,ec.gp.GPIndividual@1031898724{1913438114},3C_20_50-03.txt,30.993,1.000,30.993,0,0.000,0.00,0.000,0.000,0.000
28,ec.gp.GPIndividual@1031898724{1913438114},3C_20_66-01.txt,7.322,1.000,7.322,0,0.000,0.00,0.000,0.000,0.000
28,ec.gp.GPIndividual@1031898724{1913438114},3C_20_66-01.txt,7.322,1.000,7.322,0,0.000,0.00,0.000,0.000,0.000
28,ec.gp.GPIndividual@1031898724{1913438114},3C_20_66-02.txt,154.245,1.000,154.245,0,0.000,0.00,0.000,0.000,0.000
28,ec.gp.GPIndividual@1031898724{1913438114},3C_20_66-02.txt,154.245,1.000,154.245,0,0.000,0.00,0.000,0.000,0.000
28,ec.gp.GPIndividual@1031898724{1913438114},3C_20_66-03.txt,118.340,1.000,118.340,0,0.000,0.00,0.000,0.000,0.000
28,ec.gp.GPIndividual@1031898724{1913438114},3C_20_80-01.txt,4.194,1.000,4.194,0,0.000,0.00,0.000,0.000,0.000
28,ec.gp.GPIndividual@1031898724{1913438114},3C_20_80-02.txt,35.738,1.000,35.738,0,0.000,0.00,0.000,0.000,0.000
28,ec.gp.GPIndividual@1031898724{1913438114},3C_20_80-02.txt,35.738,1.000,35.738,0,0.000,0.00,0.000,0.000,0.000
28,ec.gp.GPIndividual@1031898724{1913438114},3C_20_66-03.txt,118.340,1.000,118.340,0,0.000,0.00,0.000,0.000,0.000
28,ec.gp.GPIndividual@1878849036{-544002658},3C_20_50-02.txt,61.404,1.000,61.404,0,0.000,0.00,0.000,0.000,0.000
28,ec.gp.GPIndividual@1878849036{-544002658},3C_20_80-01.txt,4.194,1.000,4.194,0,0.000,0.00,0.000,0.000,0.000
28,ec.gp.GPIndividual@1878849036{-544002658},3C_20_80-02.txt,35.738,1.000,35.738,0,0.000,0.00,0.000,0.000,0.000
28,ec.gp.GPIndividual@1878849036{-544002658},3C_20_80-03.txt,169.439,1.000,169.439,0,0.000,0.00,0.000,0.000,0.000
28,ec.gp.GPIndividual@705290912{-525144848},3C_20_50-02.txt,61.404,1.000,61.404,5,1.875,3.05,0.375,0.375,0.375
28,ec.gp.GPIndividual@705290912{-525144848},3C_20_50-03.txt,30.993,1.000,30.993,12,26.234,84.65,2.186,4.531,0.375
28,ec.gp.GPIndividual@705290912{-525144848},3C_20_66-01.txt,7.322,1.000,7.322,1,1.047,14.30,1.047,4.531,0.375
28,ec.gp.GPIndividual@705290912{-525144848},3C_20_66-02.txt,154.245,1.000,154.245,6,17.406,11.28,2.901,4.531,0.375
28,ec.gp.GPIndividual@705290912{-525144848},3C_20_66-03.txt,118.340,1.000,118.340,1,6.484,5.48,6.484,6.484,0.375
28,ec.gp.GPIndividual@705290912{-525144848},3C_20_80-01.txt,4.194,1.000,4.194,1,1.297,30.92,1.297,6.484,0.375
28,ec.gp.GPIndividual@705290912{-525144848},3C_20_80-02.txt,35.738,1.000,35.738,1,2.047,5.73,2.047,6.484,0.375
28,ec.gp.GPIndividual@705290912{-525144848},3C_20_80-03.txt,169.439,1.000,169.439,1,6.156,3.63,6.156,6.484,0.375
28,ec.gp.GPIndividual@1698627985{950432720},3C_20_50-02.txt,61.404,1.000,61.404,6,85.406,139.09,14.234,55.891,0.531
28,ec.gp.GPIndividual@1698627985{950432720},3C_20_50-03.txt,30.993,1.000,30.993,1,56.984,183.86,56.984,56.984,0.531
28,ec.gp.GPIndividual@1698627985{950432720},3C_20_50-03.txt,30.993,1.000,30.993,1,58.266,188.00,58.266,58.266,0.531
28,ec.gp.GPIndividual@1698627985{950432720},3C_20_50-03.txt,30.993,1.000,30.993,1,59.531,192.08,59.531,59.531,0.531
28,ec.gp.GPIndividual@1698627985{950432720},3C_20_50-03.txt,30.993,1.000,30.993,2,73.438,236.95,36.719,60.578,0.531
28,ec.gp.GPIndividual@1698627985{950432720},3C_20_50-03.txt,30.993,1.000,30.993,6,29.688,95.79,4.948,60.578,0.531
28,ec.gp.GPIndividual@1698627985{950432720},3C_20_50-03.txt,30.993,1.000,30.993,5,31.859,102.80,6.372,60.578,0.531
28,ec.gp.GPIndividual@1698627985{950432720},3C_20_66-01.txt,7.322,1.000,7.322,4,9.109,124.41,2.277,60.578,0.531
28,ec.gp.GPIndividual@1698627985{950432720},3C_20_66-01.txt,7.322,1.000,7.322,1,0.531,7.26,0.531,60.578,0.531
28,ec.gp.GPIndividual@1698627985{950432720},3C_20_66-01.txt,7.322,1.000,7.322,5,9.922,135.50,1.984,60.578,0.531
28,ec.gp.GPIndividual@1698627985{950432720},3C_20_66-01.txt,7.322,1.000,7.322,5,12.203,166.66,2.441,60.578,0.531
28,ec.gp.GPIndividual@1698627985{950432720},3C_20_66-01.txt,7.322,1.000,7.322,4,11.516,157.27,2.879,60.578,0.531
28,ec.gp.GPIndividual@1698627985{950432720},3C_20_66-01.txt,7.322,1.000,7.322,7,8.016,109.47,1.145,60.578,0.531
28,ec.gp.GPIndividual@1698627985{950432720},3C_20_66-02.txt,154.245,1.000,154.245,20,156.656,101.56,7.833,60.578,0.188
28,ec.gp.GPIndividual@1698627985{950432720},3C_20_66-02.txt,154.245,1.000,154.245,14,152.844,99.09,10.917,60.578,0.188
28,ec.gp.GPIndividual@1698627985{950432720},3C_20_66-03.txt,118.340,1.000,118.340,7,154.484,130.54,22.069,60.578,0.188
28,ec.gp.GPIndividual@1698627985{950432720},3C_20_66-02.txt,154.245,1.000,154.245,4,24.203,15.69,6.051,60.578,0.188
28,ec.gp.GPIndividual@1698627985{950432720},3C_20_66-03.txt,118.340,1.000,118.340,6,77.656,65.62,12.943,60.578,0.188
28,ec.gp.GPIndividual@1698627985{950432720},3C_20_66-02.txt,154.245,1.000,154.245,10,166.797,108.14,16.680,60.578,0.188
28,ec.gp.GPIndividual@1698627985{950432720},3C_20_80-01.txt,4.194,1.000,4.194,1,61.109,1456.90,61.109,61.109,0.188
28,ec.gp.GPIndividual@1698627985{950432720},3C_20_66-02.txt,154.245,1.000,154.245,14,157.156,101.89,11.225,61.109,0.188
28,ec.gp.GPIndividual@1698627985{950432720},3C_20_66-02.txt,154.245,1.000,154.245,12,180.016,116.71,15.001,61.109,0.188
28,ec.gp.GPIndividual@1698627985{950432720},3C_20_66-03.txt,118.340,1.000,118.340,2,91.906,77.66,45.953,61.109,0.188
28,ec.gp.GPIndividual@1698627985{950432720},3C_20_80-01.txt,4.194,1.000,4.194,1,8.156,194.45,8.156,61.109,0.188
28,ec.gp.GPIndividual@1698627985{950432720},3C_20_66-03.txt,118.340,1.000,118.340,3,34.391,29.06,11.464,61.109,0.188
28,ec.gp.GPIndividual@1698627985{950432720},3C_20_66-03.txt,118.340,1.000,118.340,15,117.656,99.42,7.844,61.109,0.188
28,ec.gp.GPIndividual@1698627985{950432720},3C_20_80-01.txt,4.194,1.000,4.194,1,14.313,341.22,14.313,61.109,0.188
28,ec.gp.GPIndividual@1698627985{950432720},3C_20_80-01.txt,4.194,1.000,4.194,1,12.828,305.83,12.828,61.109,0.188
28,ec.gp.GPIndividual@1698627985{950432720},3C_20_80-01.txt,4.194,1.000,4.194,5,4.250,101.32,0.850,61.109,0.141
28,ec.gp.GPIndividual@1698627985{950432720},3C_20_80-02.txt,35.738,1.000,35.738,8,60.672,169.77,7.584,61.109,0.141
28,ec.gp.GPIndividual@1698627985{950432720},3C_20_66-03.txt,118.340,1.000,118.340,5,12.063,10.19,2.413,61.109,0.141
28,ec.gp.GPIndividual@1698627985{950432720},3C_20_80-02.txt,35.738,1.000,35.738,13,41.672,116.60,3.206,61.109,0.141
28,ec.gp.GPIndividual@1698627985{950432720},3C_20_80-02.txt,35.738,1.000,35.738,12,34.344,96.10,2.862,61.109,0.141
28,ec.gp.GPIndividual@1698627985{950432720},3C_20_80-03.txt,169.439,1.000,169.439,9,203.234,119.95,22.582,61.109,0.141
28,ec.gp.GPIndividual@1698627985{950432720},3C_20_80-03.txt,169.439,1.000,169.439,2,67.578,39.88,33.789,61.109,0.141
28,ec.gp.GPIndividual@571788225{-44837064},3C_20_50-02.txt,61.404,1.000,61.404,4,71.531,116.49,17.883,62.969,0.344
28,ec.gp.GPIndividual@571788225{-44837064},3C_20_80-02.txt,35.738,1.000,35.738,3,72.109,201.77,24.036,66.984,0.344
28,ec.gp.GPIndividual@571788225{-44837064},3C_20_80-03.txt,169.439,1.000,169.439,7,42.938,25.34,6.134,66.984,0.344
28,ec.gp.GPIndividual@571788225{-44837064},3C_20_80-01.txt,4.194,1.000,4.194,3,3.297,78.60,1.099,66.984,0.344
28,ec.gp.GPIndividual@571788225{-44837064},3C_20_80-02.txt,35.738,1.000,35.738,6,33.156,92.78,5.526,66.984,0.344
28,ec.gp.GPIndividual@1917838882{1698050935},3C_20_50-02.txt,61.404,1.000,61.404,1,0.531,0.87,0.531,0.531,0.531
28,ec.gp.GPIndividual@1917838882{1698050935},3C_20_50-03.txt,30.993,1.000,30.993,2,6.047,19.51,3.023,4.250,0.531
28,ec.gp.GPIndividual@1917838882{1698050935},3C_20_66-01.txt,7.322,1.000,7.322,1,1.031,14.08,1.031,4.250,0.531
28,ec.gp.GPIndividual@1917838882{1698050935},3C_20_66-02.txt,154.245,1.000,154.245,1,2.531,1.64,2.531,4.250,0.531
28,ec.gp.GPIndividual@1917838882{1698050935},3C_20_66-03.txt,118.340,1.000,118.340,2,56.094,47.40,28.047,44.266,0.531
28,ec.gp.GPIndividual@1917838882{1698050935},3C_20_80-02.txt,35.738,1.000,35.738,1,6.641,18.58,6.641,44.266,0.531
28,ec.gp.GPIndividual@1917838882{1698050935},3C_20_80-01.txt,4.194,1.000,4.194,1,1.625,38.74,1.625,44.266,0.531
28,ec.gp.GPIndividual@1917838882{1698050935},3C_20_80-02.txt,35.738,1.000,35.738,3,5.547,15.52,1.849,44.266,0.531
28,ec.gp.GPIndividual@1917838882{1698050935},3C_20_80-03.txt,169.439,1.000,169.439,4,11.016,6.50,2.754,44.266,0.531
28,ec.gp.GPIndividual@394787984{-1475738869},3C_20_50-02.txt,61.404,1.000,61.404,0,0.000,0.00,0.000,0.000,0.000
28,ec.gp.GPIndividual@394787984{-1475738869},3C_20_50-03.txt,30.993,1.000,30.993,0,0.000,0.00,0.000,0.000,0.000
28,ec.gp.GPIndividual@394787984{-1475738869},3C_20_66-01.txt,7.322,1.000,7.322,0,0.000,0.00,0.000,0.000,0.000
28,ec.gp.GPIndividual@394787984{-1475738869},3C_20_66-02.txt,154.245,1.000,154.245,0,0.000,0.00,0.000,0.000,0.000
28,ec.gp.GPIndividual@394787984{-1475738869},3C_20_66-03.txt,118.340,1.000,118.340,0,0.000,0.00,0.000,0.000,0.000
28,ec.gp.GPIndividual@394787984{-1475738869},3C_20_80-01.txt,4.194,1.000,4.194,0,0.000,0.00,0.000,0.000,0.000
28,ec.gp.GPIndividual@394787984{-1475738869},3C_20_80-02.txt,35.738,1.000,35.738,0,0.000,0.00,0.000,0.000,0.000
28,ec.gp.GPIndividual@394787984{-1475738869},3C_20_80-03.txt,169.439,1.000,169.439,0,0.000,0.00,0.000,0.000,0.000
28,ec.gp.GPIndividual@480876929{365588311},3C_20_50-02.txt,61.404,1.000,61.404,5,73.406,119.55,14.681,65.563,0.516
28,ec.gp.GPIndividual@480876929{365588311},3C_20_50-03.txt,30.993,1.000,30.993,1,61.672,198.99,61.672,65.563,0.516
28,ec.gp.GPIndividual@1947579044{-1666852142},3C_20_50-02.txt,61.404,1.000,61.404,2,64.859,105.63,32.430,64.375,0.484
28,ec.gp.GPIndividual@1947579044{-1666852142},3C_20_80-03.txt,169.439,1.000,169.439,7,82.609,48.75,11.801,64.375,0.484
28,ec.gp.GPIndividual@1947579044{-1666852142},3C_20_80-03.txt,169.439,1.000,169.439,7,168.516,99.46,24.074,66.016,0.484
28,ec.gp.GPIndividual@1947579044{-1666852142},3C_20_50-03.txt,30.993,1.000,30.993,2,65.125,210.13,32.563,66.016,0.484
28,ec.gp.GPIndividual@1947579044{-1666852142},3C_20_50-03.txt,30.993,1.000,30.993,1,61.734,199.19,61.734,66.016,0.484
28,ec.gp.GPIndividual@1401468535{-849499655},3C_20_50-02.txt,61.404,1.000,61.404,7,70.813,115.32,10.116,32.078,0.344
28,ec.gp.GPIndividual@1401468535{-849499655},3C_20_80-03.txt,169.439,1.000,169.439,9,168.156,99.24,18.684,62.453,0.344
28,ec.gp.GPIndividual@1401468535{-849499655},3C_20_66-01.txt,7.322,1.000,7.322,1,22.250,303.87,22.250,62.453,0.344
28,ec.gp.GPIndividual@1401468535{-849499655},3C_20_66-01.txt,7.322,1.000,7.322,6,7.813,106.70,1.302,62.453,0.344
28,ec.gp.GPIndividual@1401468535{-849499655},3C_20_66-02.txt,154.245,1.000,154.245,7,85.359,55.34,12.194,62.453,0.344
28,ec.gp.GPIndividual@108295013{-1604333257},3C_20_50-02.txt,61.404,1.000,61.404,11,60.609,98.71,5.510,19.516,0.344
28,ec.gp.GPIndividual@108295013{-1604333257},3C_20_66-03.txt,118.340,1.000,118.340,4,95.375,80.59,23.844,66.781,0.344
28,ec.gp.GPIndividual@108295013{-1604333257},3C_20_66-01.txt,7.322,1.000,7.322,6,7.359,100.51,1.227,66.781,0.172
28,ec.gp.GPIndividual@108295013{-1604333257},3C_20_80-01.txt,4.194,1.000,4.194,4,4.234,100.95,1.059,66.781,0.156
28,ec.gp.GPIndividual@108295013{-1604333257},3C_20_80-02.txt,35.738,1.000,35.738,1,0.641,1.79,0.641,66.781,0.156
28,ec.gp.GPIndividual@108295013{-1604333257},3C_20_66-02.txt,154.245,1.000,154.245,13,121.063,78.49,9.313,66.781,0.156
28,ec.gp.GPIndividual@614142107{-1577964297},3C_20_50-02.txt,61.404,1.000,61.404,1,0.344,0.56,0.344,0.344,0.344
28,ec.gp.GPIndividual@614142107{-1577964297},3C_20_50-03.txt,30.993,1.000,30.993,1,4.828,15.58,4.828,4.828,0.344
28,ec.gp.GPIndividual@614142107{-1577964297},3C_20_66-01.txt,7.322,1.000,7.322,1,1.078,14.72,1.078,4.828,0.344
28,ec.gp.GPIndividual@614142107{-1577964297},3C_20_66-02.txt,154.245,1.000,154.245,1,2.484,1.61,2.484,4.828,0.344
28,ec.gp.GPIndividual@614142107{-1577964297},3C_20_66-03.txt,118.340,1.000,118.340,1,7.078,5.98,7.078,7.078,0.344
28,ec.gp.GPIndividual@614142107{-1577964297},3C_20_80-01.txt,4.194,1.000,4.194,1,1.641,39.11,1.641,7.078,0.344
28,ec.gp.GPIndividual@614142107{-1577964297},3C_20_80-02.txt,35.738,1.000,35.738,1,2.391,6.69,2.391,7.078,0.344
28,ec.gp.GPIndividual@614142107{-1577964297},3C_20_80-03.txt,169.439,1.000,169.439,2,47.922,28.28,23.961,41.344,0.344
28,ec.gp.GPIndividual@1182567131{-1452945046},3C_20_50-02.txt,61.404,1.000,61.404,4,67.875,110.54,16.969,33.375,0.516
28,ec.gp.GPIndividual@1182567131{-1452945046},3C_20_66-03.txt,118.340,1.000,118.340,5,55.484,46.89,11.097,33.375,0.516
28,ec.gp.GPIndividual@1182567131{-1452945046},3C_20_66-02.txt,154.245,1.000,154.245,5,62.672,40.63,12.534,53.609,0.516
28,ec.gp.GPIndividual@1182567131{-1452945046},3C_20_50-03.txt,30.993,1.000,30.993,6,28.563,92.16,4.760,53.609,0.516
28,ec.gp.GPIndividual@1182567131{-1452945046},3C_20_66-03.txt,118.340,1.000,118.340,1,34.250,28.94,34.250,53.609,0.516
28,ec.gp.GPIndividual@1182567131{-1452945046},3C_20_80-03.txt,169.439,1.000,169.439,4,96.391,56.89,24.098,53.609,0.516
28,ec.gp.GPIndividual@1182567131{-1452945046},3C_20_50-03.txt,30.993,1.000,30.993,7,29.766,96.04,4.252,53.609,0.516
28,ec.gp.GPIndividual@1182567131{-1452945046},3C_20_66-01.txt,7.322,1.000,7.322,1,8.484,115.87,8.484,53.609,0.516
28,ec.gp.GPIndividual@1182567131{-1452945046},3C_20_80-01.txt,4.194,1.000,4.194,1,9.938,236.92,9.938,53.609,0.516
28,ec.gp.GPIndividual@1302319650{1579773644},3C_20_50-02.txt,61.404,1.000,61.404,15,86.813,141.38,5.788,50.984,0.313
28,ec.gp.GPIndividual@1302319650{1579773644},3C_20_80-01.txt,4.194,1.000,4.194,3,3.813,90.89,1.271,50.984,0.313
28,ec.gp.GPIndividual@1302319650{1579773644},3C_20_80-02.txt,35.738,1.000,35.738,11,39.797,111.36,3.618,50.984,0.313
28,ec.gp.GPIndividual@1302319650{1579773644},3C_20_50-03.txt,30.993,1.000,30.993,5,32.563,105.07,6.513,50.984,0.313
28,ec.gp.GPIndividual@1302319650{1579773644},3C_20_66-01.txt,7.322,1.000,7.322,3,7.984,109.04,2.661,50.984,0.313
28,ec.gp.GPIndividual@1302319650{1579773644},3C_20_80-02.txt,35.738,1.000,35.738,2,3.922,10.97,1.961,50.984,0.313
28,ec.gp.GPIndividual@1302319650{1579773644},3C_20_80-03.txt,169.439,1.000,169.439,16,201.203,118.75,12.575,55.078,0.313
28,ec.gp.GPIndividual@1302319650{1579773644},3C_20_50-03.txt,30.993,1.000,30.993,3,45.172,145.75,15.057,55.078,0.313
28,ec.gp.GPIndividual@1302319650{1579773644},3C_20_66-02.txt,154.245,1.000,154.245,8,37.344,24.21,4.668,55.078,0.313
28,ec.gp.GPIndividual@1302319650{1579773644},3C_20_66-01.txt,7.322,1.000,7.322,1,7.516,102.64,7.516,55.078,0.313
28,ec.gp.GPIndividual@1302319650{1579773644},3C_20_66-01.txt,7.322,1.000,7.322,7,8.313,113.52,1.188,55.078,0.313
28,ec.gp.GPIndividual@1302319650{1579773644},3C_20_66-02.txt,154.245,1.000,154.245,1,0.328,0.21,0.328,55.078,0.313
28,ec.gp.GPIndividual@1302319650{1579773644},3C_20_66-02.txt,154.245,1.000,154.245,13,146.063,94.70,11.236,58.703,0.313
28,ec.gp.GPIndividual@288917645{1007310202},3C_20_50-02.txt,61.404,1.000,61.404,7,44.016,71.68,6.288,17.047,0.531
28,ec.gp.GPIndividual@288917645{1007310202},3C_20_66-03.txt,118.340,1.000,118.340,2,62.313,52.66,31.156,41.547,0.531
28,ec.gp.GPIndividual@288917645{1007310202},3C_20_66-03.txt,118.340,1.000,118.340,3,98.906,83.58,32.969,45.328,0.531
28,ec.gp.GPIndividual@288917645{1007310202},3C_20_80-03.txt,169.439,1.000,169.439,10,185.625,109.55,18.563,51.938,0.531
28,ec.gp.GPIndividual@288917645{1007310202},3C_20_80-01.txt,4.194,1.000,4.194,3,3.500,83.44,1.167,51.938,0.531
28,ec.gp.GPIndividual@288917645{1007310202},3C_20_80-02.txt,35.738,1.000,35.738,1,53.047,148.43,53.047,53.047,0.531
28,ec.gp.GPIndividual@288917645{1007310202},3C_20_80-01.txt,4.194,1.000,4.194,3,39.125,932.77,13.042,53.047,0.531
28,ec.gp.GPIndividual@288917645{1007310202},3C_20_66-02.txt,154.245,1.000,154.245,8,81.375,52.76,10.172,59.000,0.344
28,ec.gp.GPIndividual@288917645{1007310202},3C_20_66-03.txt,118.340,1.000,118.340,8,61.250,51.76,7.656,59.000,0.344
28,ec.gp.GPIndividual@288917645{1007310202},3C_20_50-03.txt,30.993,1.000,30.993,10,30.984,99.97,3.098,59.000,0.172
28,ec.gp.GPIndividual@288917645{1007310202},3C_20_80-01.txt,4.194,1.000,4.194,1,7.141,170.24,7.141,59.000,0.172
28,ec.gp.GPIndividual@288917645{1007310202},3C_20_80-02.txt,35.738,1.000,35.738,1,1.797,5.03,1.797,59.000,0.172
28,ec.gp.GPIndividual@288917645{1007310202},3C_20_66-01.txt,7.322,1.000,7.322,2,13.141,179.46,6.570,59.000,0.172
28,ec.gp.GPIndividual@288917645{1007310202},3C_20_66-03.txt,118.340,1.000,118.340,17,71.344,60.29,4.197,59.000,0.172
28,ec.gp.GPIndividual@1671513293{-1834441035},3C_20_50-02.txt,61.404,1.000,61.404,7,58.047,94.53,8.292,43.469,0.531
28,ec.gp.GPIndividual@1671513293{-1834441035},3C_20_80-03.txt,169.439,1.000,169.439,6,171.359,101.13,28.560,43.469,0.531
28,ec.gp.GPIndividual@1671513293{-1834441035},3C_20_50-03.txt,30.993,1.000,30.993,4,25.969,83.79,6.492,43.469,0.531
28,ec.gp.GPIndividual@1671513293{-1834441035},3C_20_66-02.txt,154.245,1.000,154.245,9,56.281,36.49,6.253,43.469,0.531
28,ec.gp.GPIndividual@1671513293{-1834441035},3C_20_80-03.txt,169.439,1.000,169.439,6,181.172,106.92,30.195,52.828,0.531
28,ec.gp.GPIndividual@1671513293{-1834441035},3C_20_66-03.txt,118.340,1.000,118.340,4,99.578,84.15,24.895,55.625,0.531
28,ec.gp.GPIndividual@281408551{631549777},3C_20_50-02.txt,61.404,1.000,61.404,6,57.422,93.51,9.570,45.547,0.484
28,ec.gp.GPIndividual@281408551{631549777},3C_20_80-02.txt,35.738,1.000,35.738,7,93.781,262.41,13.397,65.484,0.484
28,ec.gp.GPIndividual@859713372{1803606366},3C_20_50-02.txt,61.404,1.000,61.404,2,6.953,11.32,3.477,3.828,3.125
28,ec.gp.GPIndividual@859713372{1803606366},3C_20_66-01.txt,7.322,1.000,7.322,2,25.734,351.46,12.867,25.219,0.516
28,ec.gp.GPIndividual@859713372{1803606366},3C_20_80-01.txt,4.194,1.000,4.194,3,4.375,104.30,1.458,25.219,0.516
28,ec.gp.GPIndividual@859713372{1803606366},3C_20_50-03.txt,30.993,1.000,30.993,8,30.844,99.52,3.855,25.219,0.156
28,ec.gp.GPIndividual@859713372{1803606366},3C_20_80-02.txt,35.738,1.000,35.738,8,35.906,100.47,4.488,25.219,0.156
28,ec.gp.GPIndividual@859713372{1803606366},3C_20_66-01.txt,7.322,1.000,7.322,4,9.891,135.08,2.473,25.219,0.156
28,ec.gp.GPIndividual@859713372{1803606366},3C_20_50-03.txt,30.993,1.000,30.993,3,4.453,14.37,1.484,25.219,0.156
28,ec.gp.GPIndividual@859713372{1803606366},3C_20_66-02.txt,154.245,1.000,154.245,12,32.875,21.31,2.740,25.219,0.156
28,ec.gp.GPIndividual@859713372{1803606366},3C_20_80-01.txt,4.194,1.000,4.194,4,4.328,103.19,1.082,25.219,0.156
28,ec.gp.GPIndividual@859713372{1803606366},3C_20_66-03.txt,118.340,1.000,118.340,3,25.813,21.81,8.604,25.219,0.156
28,ec.gp.GPIndividual@859713372{1803606366},3C_20_80-03.txt,169.439,1.000,169.439,15,210.313,124.12,14.021,54.953,0.156
28,ec.gp.GPIndividual@859713372{1803606366},3C_20_80-03.txt,169.439,1.000,169.439,6,178.078,105.10,29.680,59.984,0.156
28,ec.gp.GPIndividual@859713372{1803606366},3C_20_66-01.txt,7.322,1.000,7.322,5,15.797,215.74,3.159,59.984,0.156
28,ec.gp.GPIndividual@1749020882{-190321675},3C_20_50-02.txt,61.404,1.000,61.404,7,86.203,140.39,12.315,42.719,0.516
28,ec.gp.GPIndividual@1749020882{-190321675},3C_20_80-02.txt,35.738,1.000,35.738,6,34.406,96.27,5.734,42.719,0.516
28,ec.gp.GPIndividual@1749020882{-190321675},3C_20_66-02.txt,154.245,1.000,154.245,11,104.000,67.43,9.455,65.500,0.516
28,ec.gp.GPIndividual@1749020882{-190321675},3C_20_80-01.txt,4.194,1.000,4.194,1,62.859,1498.62,62.859,65.500,0.516
28,ec.gp.GPIndividual@1837447397{-1859747901},3C_20_50-02.txt,61.404,1.000,61.404,12,93.813,152.78,7.818,40.500,0.547
28,ec.gp.GPIndividual@1837447397{-1859747901},3C_20_66-02.txt,154.245,1.000,154.245,10,165.688,107.42,16.569,49.641,0.547
28,ec.gp.GPIndividual@1837447397{-1859747901},3C_20_66-03.txt,118.340,1.000,118.340,4,55.766,47.12,13.941,49.641,0.547
28,ec.gp.GPIndividual@1837447397{-1859747901},3C_20_50-03.txt,30.993,1.000,30.993,3,58.109,187.49,19.370,49.641,0.547
28,ec.gp.GPIndividual@1837447397{-1859747901},3C_20_66-03.txt,118.340,1.000,118.340,1,38.156,32.24,38.156,49.641,0.547
28,ec.gp.GPIndividual@1837447397{-1859747901},3C_20_80-03.txt,169.439,1.000,169.439,3,67.422,39.79,22.474,53.141,0.547
28,ec.gp.GPIndividual@1837447397{-1859747901},3C_20_80-02.txt,35.738,1.000,35.738,1,60.516,169.33,60.516,60.516,0.547
28,ec.gp.GPIndividual@1837447397{-1859747901},3C_20_50-03.txt,30.993,1.000,30.993,2,45.641,147.26,22.820,60.516,0.547
28,ec.gp.GPIndividual@1837447397{-1859747901},3C_20_80-01.txt,4.194,1.000,4.194,3,5.203,124.05,1.734,60.516,0.547
28,ec.gp.GPIndividual@1837447397{-1859747901},3C_20_80-03.txt,169.439,1.000,169.439,18,180.906,106.77,10.050,60.516,0.297
28,ec.gp.GPIndividual@1837447397{-1859747901},3C_20_80-01.txt,4.194,1.000,4.194,3,3.297,78.60,1.099,60.516,0.297
28,ec.gp.GPIndividual@1837447397{-1859747901},3C_20_80-02.txt,35.738,1.000,35.738,6,81.453,227.92,13.576,60.516,0.297
28,ec.gp.GPIndividual@1837447397{-1859747901},3C_20_80-02.txt,35.738,1.000,35.738,1,1.813,5.07,1.813,60.516,0.297
28,ec.gp.GPIndividual@1837447397{-1859747901},3C_20_66-01.txt,7.322,1.000,7.322,2,39.063,533.48,19.531,60.516,0.297
28,ec.gp.GPIndividual@402730149{77631033},3C_20_50-02.txt,61.404,1.000,61.404,5,29.313,47.74,5.863,26.141,0.141
28,ec.gp.GPIndividual@402730149{77631033},3C_20_66-03.txt,118.340,1.000,118.340,7,119.844,101.27,17.121,38.234,0.141
28,ec.gp.GPIndividual@402730149{77631033},3C_20_66-03.txt,118.340,1.000,118.340,7,130.359,110.16,18.623,38.234,0.141
28,ec.gp.GPIndividual@402730149{77631033},3C_20_50-03.txt,30.993,1.000,30.993,4,28.297,91.30,7.074,38.234,0.141
28,ec.gp.GPIndividual@402730149{77631033},3C_20_80-01.txt,4.194,1.000,4.194,3,11.719,279.38,3.906,38.234,0.141
28,ec.gp.GPIndividual@402730149{77631033},3C_20_80-01.txt,4.194,1.000,4.194,6,4.438,105.79,0.740,38.234,0.141
28,ec.gp.GPIndividual@402730149{77631033},3C_20_66-01.txt,7.322,1.000,7.322,9,7.328,100.08,0.814,38.234,0.141
28,ec.gp.GPIndividual@402730149{77631033},3C_20_80-02.txt,35.738,1.000,35.738,12,44.719,125.13,3.727,38.234,0.141
28,ec.gp.GPIndividual@402730149{77631033},3C_20_80-03.txt,169.439,1.000,169.439,1,1.281,0.76,1.281,38.234,0.141
28,ec.gp.GPIndividual@402730149{77631033},3C_20_80-02.txt,35.738,1.000,35.738,7,12.156,34.01,1.737,38.234,0.141
28,ec.gp.GPIndividual@402730149{77631033},3C_20_66-02.txt,154.245,1.000,154.245,10,111.828,72.50,11.183,50.406,0.141
28,ec.gp.GPIndividual@402730149{77631033},3C_20_80-03.txt,169.439,1.000,169.439,2,57.844,34.14,28.922,55.141,0.141
28,ec.gp.GPIndividual@1958998050{-1302834765},3C_20_50-02.txt,61.404,1.000,61.404,10,57.500,93.64,5.750,35.438,0.172
28,ec.gp.GPIndividual@1958998050{-1302834765},3C_20_66-03.txt,118.340,1.000,118.340,6,96.000,81.12,16.000,35.438,0.172
28,ec.gp.GPIndividual@1888217468{-1454913052},3C_20_50-02.txt,61.404,1.000,61.404,8,59.406,96.75,7.426,33.078,0.156
28,ec.gp.GPIndividual@1888217468{-1454913052},3C_20_80-01.txt,4.194,1.000,4.194,3,10.859,258.90,3.620,33.078,0.156
28,ec.gp.GPIndividual@1888217468{-1454913052},3C_20_50-03.txt,30.993,1.000,30.993,11,38.203,123.27,3.473,33.078,0.156
28,ec.gp.GPIndividual@1888217468{-1454913052},3C_20_50-03.txt,30.993,1.000,30.993,7,31.266,100.88,4.467,33.078,0.156
28,ec.gp.GPIndividual@1888217468{-1454913052},3C_20_80-02.txt,35.738,1.000,35.738,8,24.313,68.03,3.039,33.078,0.156
28,ec.gp.GPIndividual@1888217468{-1454913052},3C_20_66-01.txt,7.322,1.000,7.322,1,10.000,136.57,10.000,33.078,0.156
28,ec.gp.GPIndividual@1888217468{-1454913052},3C_20_66-01.txt,7.322,1.000,7.322,1,9.438,128.89,9.438,33.078,0.156
28,ec.gp.GPIndividual@1888217468{-1454913052},3C_20_80-03.txt,169.439,1.000,169.439,17,178.063,105.09,10.474,65.047,0.156
28,ec.gp.GPIndividual@1888217468{-1454913052},3C_20_66-02.txt,154.245,1.000,154.245,7,70.625,45.79,10.089,65.047,0.156
28,ec.gp.GPIndividual@1692592374{713468542},3C_20_50-02.txt,61.404,1.000,61.404,9,60.297,98.20,6.700,23.391,0.188
28,ec.gp.GPIndividual@1692592374{713468542},3C_20_50-03.txt,30.993,1.000,30.993,4,57.156,184.42,14.289,41.703,0.188
28,ec.gp.GPIndividual@1692592374{713468542},3C_20_66-02.txt,154.245,1.000,154.245,7,14.984,9.71,2.141,41.703,0.188
28,ec.gp.GPIndividual@1692592374{713468542},3C_20_66-03.txt,118.340,1.000,118.340,11,117.969,99.69,10.724,41.703,0.188
28,ec.gp.GPIndividual@1692592374{713468542},3C_20_66-01.txt,7.322,1.000,7.322,5,14.219,194.19,2.844,41.703,0.188
28,ec.gp.GPIndividual@1692592374{713468542},3C_20_80-01.txt,4.194,1.000,4.194,6,4.172,99.46,0.695,41.703,0.078
28,ec.gp.GPIndividual@1692592374{713468542},3C_20_66-02.txt,154.245,1.000,154.245,10,112.938,73.22,11.294,49.438,0.078
28,ec.gp.GPIndividual@1692592374{713468542},3C_20_80-02.txt,35.738,1.000,35.738,7,52.703,147.47,7.529,49.438,0.078
28,ec.gp.GPIndividual@1692592374{713468542},3C_20_66-03.txt,118.340,1.000,118.340,10,118.078,99.78,11.808,49.438,0.078
28,ec.gp.GPIndividual@1692592374{713468542},3C_20_80-01.txt,4.194,1.000,4.194,2,27.969,666.80,13.984,49.438,0.078
28,ec.gp.GPIndividual@1692592374{713468542},3C_20_66-03.txt,118.340,1.000,118.340,2,8.813,7.45,4.406,49.438,0.078
28,ec.gp.GPIndividual@1692592374{713468542},3C_20_80-03.txt,169.439,1.000,169.439,13,175.391,103.51,13.492,61.906,0.078
28,ec.gp.GPIndividual@14074267{240722148},3C_20_50-02.txt,61.404,1.000,61.404,6,66.984,109.09,11.164,41.328,0.156
28,ec.gp.GPIndividual@14074267{240722148},3C_20_80-01.txt,4.194,1.000,4.194,5,3.594,85.68,0.719,41.328,0.156
28,ec.gp.GPIndividual@14074267{240722148},3C_20_80-02.txt,35.738,1.000,35.738,7,41.313,115.60,5.902,41.328,0.156
28,ec.gp.GPIndividual@14074267{240722148},3C_20_80-02.txt,35.738,1.000,35.738,8,26.359,73.76,3.295,41.328,0.156
28,ec.gp.GPIndividual@14074267{240722148},3C_20_80-03.txt,169.439,1.000,169.439,1,12.250,7.23,12.250,41.328,0.156
28,ec.gp.GPIndividual@14074267{240722148},3C_20_50-03.txt,30.993,1.000,30.993,7,36.828,118.83,5.261,41.328,0.156
28,ec.gp.GPIndividual@14074267{240722148},3C_20_80-03.txt,169.439,1.000,169.439,2,3.313,1.95,1.656,41.328,0.156
28,ec.gp.GPIndividual@1004006861{-1841174645},3C_20_50-02.txt,61.404,1.000,61.404,1,0.094,0.15,0.094,0.094,0.094
28,ec.gp.GPIndividual@1004006861{-1841174645},3C_20_50-03.txt,30.993,1.000,30.993,1,1.219,3.93,1.219,1.219,0.094
28,ec.gp.GPIndividual@1004006861{-1841174645},3C_20_66-01.txt,7.322,1.000,7.322,1,0.250,3.41,0.250,1.219,0.094
28,ec.gp.GPIndividual@1004006861{-1841174645},3C_20_66-02.txt,154.245,1.000,154.245,1,0.609,0.40,0.609,1.219,0.094
28,ec.gp.GPIndividual@1004006861{-1841174645},3C_20_66-03.txt,118.340,1.000,118.340,1,1.578,1.33,1.578,1.578,0.094
28,ec.gp.GPIndividual@1004006861{-1841174645},3C_20_80-01.txt,4.194,1.000,4.194,1,0.359,8.57,0.359,1.578,0.094
28,ec.gp.GPIndividual@1004006861{-1841174645},3C_20_80-02.txt,35.738,1.000,35.738,1,0.547,1.53,0.547,1.578,0.094
28,ec.gp.GPIndividual@1004006861{-1841174645},3C_20_80-03.txt,169.439,1.000,169.439,1,1.625,0.96,1.625,1.625,0.094
29,ec.gp.GPIndividual@631010751{1963293906},3C_20_50-02.txt,61.404,1.000,61.404,3,1.078,1.76,0.359,0.359,0.359
29,ec.gp.GPIndividual@631010751{1963293906},3C_20_50-03.txt,30.993,1.000,30.993,2,0.719,2.32,0.359,0.359,0.359
29,ec.gp.GPIndividual@631010751{1963293906},3C_20_50-03.txt,30.993,1.000,30.993,7,13.875,44.77,1.982,4.266,0.359
29,ec.gp.GPIndividual@631010751{1963293906},3C_20_66-01.txt,7.322,1.000,7.322,1,4.266,58.26,4.266,4.266,0.359
29,ec.gp.GPIndividual@631010751{1963293906},3C_20_66-01.txt,7.322,1.000,7.322,3,7.875,107.55,2.625,4.266,0.359
29,ec.gp.GPIndividual@631010751{1963293906},3C_20_50-03.txt,30.993,1.000,30.993,2,1.781,5.75,0.891,4.266,0.359
29,ec.gp.GPIndividual@631010751{1963293906},3C_20_66-02.txt,154.245,1.000,154.245,1,0.828,0.54,0.828,4.266,0.359
29,ec.gp.GPIndividual@631010751{1963293906},3C_20_66-02.txt,154.245,1.000,154.245,3,7.406,4.80,2.469,4.266,0.359
29,ec.gp.GPIndividual@631010751{1963293906},3C_20_66-03.txt,118.340,1.000,118.340,1,2.656,2.24,2.656,4.266,0.359
29,ec.gp.GPIndividual@631010751{1963293906},3C_20_66-03.txt,118.340,1.000,118.340,4,16.281,13.76,4.070,6.250,0.359
29,ec.gp.GPIndividual@631010751{1963293906},3C_20_80-01.txt,4.194,1.000,4.194,1,6.781,161.67,6.781,6.781,0.359
29,ec.gp.GPIndividual@631010751{1963293906},3C_20_80-01.txt,4.194,1.000,4.194,1,1.594,38.00,1.594,6.781,0.359
29,ec.gp.GPIndividual@631010751{1963293906},3C_20_80-02.txt,35.738,1.000,35.738,2,8.391,23.48,4.195,6.969,0.359
29,ec.gp.GPIndividual@631010751{1963293906},3C_20_80-02.txt,35.738,1.000,35.738,1,2.359,6.60,2.359,6.969,0.359
29,ec.gp.GPIndividual@631010751{1963293906},3C_20_80-03.txt,169.439,1.000,169.439,1,2.000,1.18,2.000,6.969,0.359
29,ec.gp.GPIndividual@631010751{1963293906},3C_20_80-03.txt,169.439,1.000,169.439,1,6.609,3.90,6.609,6.969,0.359
29,ec.gp.GPIndividual@1778161812{-919371565},3C_20_50-02.txt,61.404,1.000,61.404,1,6.438,10.48,6.438,6.438,6.438
29,ec.gp.GPIndividual@1176093259{-681352641},3C_20_50-02.txt,61.404,1.000,61.404,13,60.922,99.21,4.686,19.875,0.344
29,ec.gp.GPIndividual@1176093259{-681352641},3C_20_50-03.txt,30.993,1.000,30.993,3,65.469,211.24,21.823,43.359,0.344
29,ec.gp.GPIndividual@1176093259{-681352641},3C_20_50-03.txt,30.993,1.000,30.993,2,50.688,163.55,25.344,46.250,0.344
29,ec.gp.GPIndividual@1176093259{-681352641},3C_20_50-03.txt,30.993,1.000,30.993,7,35.766,115.40,5.109,46.250,0.344
29,ec.gp.GPIndividual@1176093259{-681352641},3C_20_66-01.txt,7.322,1.000,7.322,2,8.063,110.11,4.031,46.250,0.344
29,ec.gp.GPIndividual@1176093259{-681352641},3C_20_66-01.txt,7.322,1.000,7.322,3,16.125,220.22,5.375,46.250,0.344
29,ec.gp.GPIndividual@1176093259{-681352641},3C_20_50-03.txt,30.993,1.000,30.993,2,1.547,4.99,0.773,46.250,0.344
29,ec.gp.GPIndividual@1176093259{-681352641},3C_20_66-01.txt,7.322,1.000,7.322,3,4.672,63.80,1.557,46.250,0.344
29,ec.gp.GPIndividual@1176093259{-681352641},3C_20_66-01.txt,7.322,1.000,7.322,4,63.969,873.63,15.992,59.766,0.344
29,ec.gp.GPIndividual@1176093259{-681352641},3C_20_50-03.txt,30.993,1.000,30.993,16,31.141,100.48,1.946,59.766,0.344
29,ec.gp.GPIndividual@1176093259{-681352641},3C_20_66-01.txt,7.322,1.000,7.322,2,3.969,54.20,1.984,59.766,0.344
29,ec.gp.GPIndividual@1176093259{-681352641},3C_20_66-02.txt,154.245,1.000,154.245,5,22.609,14.66,4.522,59.766,0.344
29,ec.gp.GPIndividual@1176093259{-681352641},3C_20_66-01.txt,7.322,1.000,7.322,5,7.438,101.57,1.488,59.766,0.344
29,ec.gp.GPIndividual@1176093259{-681352641},3C_20_66-03.txt,118.340,1.000,118.340,13,124.656,105.34,9.589,59.766,0.344
29,ec.gp.GPIndividual@1176093259{-681352641},3C_20_66-02.txt,154.245,1.000,154.245,12,154.359,100.07,12.863,59.766,0.344
29,ec.gp.GPIndividual@1176093259{-681352641},3C_20_66-03.txt,118.340,1.000,118.340,1,0.516,0.44,0.516,59.766,0.344
29,ec.gp.GPIndividual@1176093259{-681352641},3C_20_80-01.txt,4.194,1.000,4.194,3,3.313,78.97,1.104,59.766,0.344
29,ec.gp.GPIndividual@1176093259{-681352641},3C_20_80-02.txt,35.738,1.000,35.738,6,36.203,101.30,6.034,59.766,0.344
29,ec.gp.GPIndividual@1176093259{-681352641},3C_20_80-01.txt,4.194,1.000,4.194,3,3.484,83.07,1.161,59.766,0.344
29,ec.gp.GPIndividual@1176093259{-681352641},3C_20_80-03.txt,169.439,1.000,169.439,1,3.453,2.04,3.453,59.766,0.344
29,ec.gp.GPIndividual@1176093259{-681352641},3C_20_66-02.txt,154.245,1.000,154.245,18,147.641,95.72,8.202,59.766,0.344
29,ec.gp.GPIndividual@1176093259{-681352641},3C_20_66-02.txt,154.245,1.000,154.245,2,31.734,20.57,15.867,59.766,0.344
29,ec.gp.GPIndividual@1176093259{-681352641},3C_20_66-02.txt,154.245,1.000,154.245,11,199.813,129.54,18.165,59.766,0.344
29,ec.gp.GPIndividual@1176093259{-681352641},3C_20_66-02.txt,154.245,1.000,154.245,3,7.828,5.08,2.609,59.766,0.344
29,ec.gp.GPIndividual@1176093259{-681352641},3C_20_80-02.txt,35.738,1.000,35.738,13,38.984,109.08,2.999,59.766,0.344
29,ec.gp.GPIndividual@1176093259{-681352641},3C_20_66-03.txt,118.340,1.000,118.340,1,1.828,1.54,1.828,59.766,0.344
29,ec.gp.GPIndividual@1176093259{-681352641},3C_20_66-03.txt,118.340,1.000,118.340,2,29.016,24.52,14.508,59.766,0.344
29,ec.gp.GPIndividual@371998360{1081065537},3C_20_50-02.txt,61.404,1.000,61.404,10,73.969,120.46,7.397,41.719,0.531
29,ec.gp.GPIndividual@371998360{1081065537},3C_20_66-03.txt,118.340,1.000,118.340,10,117.328,99.15,11.733,44.578,0.531
29,ec.gp.GPIndividual@371998360{1081065537},3C_20_80-01.txt,4.194,1.000,4.194,1,44.625,1063.90,44.625,44.625,0.531
29,ec.gp.GPIndividual@371998360{1081065537},3C_20_80-03.txt,169.439,1.000,169.439,2,6.938,4.09,3.469,44.625,0.531
29,ec.gp.GPIndividual@371998360{1081065537},3C_20_66-03.txt,118.340,1.000,118.340,11,141.250,119.36,12.841,44.625,0.531
29,ec.gp.GPIndividual@371998360{1081065537},3C_20_80-01.txt,4.194,1.000,4.194,1,10.953,261.13,10.953,44.625,0.531
29,ec.gp.GPIndividual@371998360{1081065537},3C_20_80-01.txt,4.194,1.000,4.194,4,4.688,111.75,1.172,44.625,0.531
29,ec.gp.GPIndividual@371998360{1081065537},3C_20_80-02.txt,35.738,1.000,35.738,1,0.344,0.96,0.344,44.625,0.344
29,ec.gp.GPIndividual@371998360{1081065537},3C_20_80-02.txt,35.738,1.000,35.738,1,8.453,23.65,8.453,44.625,0.344
29,ec.gp.GPIndividual@371998360{1081065537},3C_20_50-03.txt,30.993,1.000,30.993,13,44.500,143.58,3.423,44.625,0.344
29,ec.gp.GPIndividual@371998360{1081065537},3C_20_80-02.txt,35.738,1.000,35.738,10,66.719,186.69,6.672,44.625,0.344
29,ec.gp.GPIndividual@371998360{1081065537},3C_20_80-01.txt,4.194,1.000,4.194,1,1.422,33.90,1.422,44.625,0.344
29,ec.gp.GPIndividual@371998360{1081065537},3C_20_80-03.txt,169.439,1.000,169.439,3,21.094,12.45,7.031,44.625,0.344
29,ec.gp.GPIndividual@371998360{1081065537},3C_20_80-03.txt,169.439,1.000,169.439,14,199.391,117.68,14.242,48.766,0.344
29,ec.gp.GPIndividual@371998360{1081065537},3C_20_80-03.txt,169.439,1.000,169.439,3,114.969,67.85,38.323,50.375,0.344
29,ec.gp.GPIndividual@1768935528{168834978},3C_20_50-02.txt,61.404,1.000,61.404,1,0.359,0.59,0.359,0.359,0.359
29,ec.gp.GPIndividual@1768935528{168834978},3C_20_50-03.txt,30.993,1.000,30.993,1,35.203,113.59,35.203,35.203,0.359
29,ec.gp.GPIndividual@1175674078{157773506},3C_20_50-02.txt,61.404,1.000,61.404,3,10.047,16.36,3.349,7.672,0.516
29,ec.gp.GPIndividual@116634796{1075791995},3C_20_50-02.txt,61.404,1.000,61.404,2,5.078,8.27,2.539,4.547,0.531
29,ec.gp.GPIndividual@116634796{1075791995},3C_20_66-01.txt,7.322,1.000,7.322,2,8.750,119.50,4.375,6.469,0.531
29,ec.gp.GPIndividual@116634796{1075791995},3C_20_50-03.txt,30.993,1.000,30.993,2,1.328,4.29,0.664,6.469,0.344
29,ec.gp.GPIndividual@116634796{1075791995},3C_20_66-02.txt,154.245,1.000,154.245,2,4.063,2.63,2.031,6.469,0.344
29,ec.gp.GPIndividual@116634796{1075791995},3C_20_66-03.txt,118.340,1.000,118.340,4,16.594,14.02,4.148,6.469,0.344
29,ec.gp.GPIndividual@116634796{1075791995},3C_20_80-01.txt,4.194,1.000,4.194,1,1.281,30.55,1.281,6.469,0.344
29,ec.gp.GPIndividual@116634796{1075791995},3C_20_80-02.txt,35.738,1.000,35.738,1,12.328,34.50,12.328,12.328,0.344
29,ec.gp.GPIndividual@2041658581{1913438114},3C_20_50-02.txt,61.404,1.000,61.404,14,76.016,123.80,5.430,16.063,0.500
29,ec.gp.GPIndividual@2041658581{1913438114},3C_20_80-03.txt,169.439,1.000,169.439,0,0.000,0.00,0.000,16.063,0.500
29,ec.gp.GPIndividual@817291123{849386984},3C_20_50-02.txt,61.404,1.000,61.404,5,51.734,84.25,10.347,42.125,0.547
29,ec.gp.GPIndividual@817291123{849386984},3C_20_66-01.txt,7.322,1.000,7.322,5,7.313,99.87,1.463,42.125,0.172
29,ec.gp.GPIndividual@817291123{849386984},3C_20_50-03.txt,30.993,1.000,30.993,1,0.875,2.82,0.875,42.125,0.172
29,ec.gp.GPIndividual@817291123{849386984},3C_20_66-02.txt,154.245,1.000,154.245,1,7.438,4.82,7.438,42.125,0.172
29,ec.gp.GPIndividual@817291123{849386984},3C_20_80-02.txt,35.738,1.000,35.738,8,58.281,163.08,7.285,43.313,0.172
29,ec.gp.GPIndividual@817291123{849386984},3C_20_50-03.txt,30.993,1.000,30.993,3,61.188,197.43,20.396,58.156,0.172
29,ec.gp.GPIndividual@817291123{849386984},3C_20_66-01.txt,7.322,1.000,7.322,5,10.094,137.85,2.019,58.156,0.172
29,ec.gp.GPIndividual@817291123{849386984},3C_20_66-01.txt,7.322,1.000,7.322,2,1.938,26.46,0.969,58.156,0.172
29,ec.gp.GPIndividual@817291123{849386984},3C_20_66-03.txt,118.340,1.000,118.340,10,43.922,37.12,4.392,58.156,0.172
29,ec.gp.GPIndividual@817291123{849386984},3C_20_50-03.txt,30.993,1.000,30.993,6,31.344,101.13,5.224,58.156,0.172
29,ec.gp.GPIndividual@817291123{849386984},3C_20_80-01.txt,4.194,1.000,4.194,1,1.828,43.58,1.828,58.156,0.172
29,ec.gp.GPIndividual@817291123{849386984},3C_20_66-01.txt,7.322,1.000,7.322,2,6.781,92.61,3.391,58.156,0.172
29,ec.gp.GPIndividual@817291123{849386984},3C_20_66-01.txt,7.322,1.000,7.322,8,7.422,101.36,0.928,58.156,0.172
29,ec.gp.GPIndividual@817291123{849386984},3C_20_66-02.txt,154.245,1.000,154.245,14,102.406,66.39,7.315,58.156,0.172
29,ec.gp.GPIndividual@817291123{849386984},3C_20_66-02.txt,154.245,1.000,154.245,1,46.531,30.17,46.531,58.156,0.172
29,ec.gp.GPIndividual@817291123{849386984},3C_20_80-03.txt,169.439,1.000,169.439,11,192.813,113.79,17.528,58.156,0.172
29,ec.gp.GPIndividual@817291123{849386984},3C_20_80-02.txt,35.738,1.000,35.738,8,53.141,148.69,6.643,58.156,0.172
29,ec.gp.GPIndividual@817291123{849386984},3C_20_66-03.txt,118.340,1.000,118.340,2,14.516,12.27,7.258,58.156,0.172
29,ec.gp.GPIndividual@817291123{849386984},3C_20_66-02.txt,154.245,1.000,154.245,10,187.922,121.83,18.792,65.359,0.172
29,ec.gp.GPIndividual@817291123{849386984},3C_20_66-03.txt,118.340,1.000,118.340,3,22.578,19.08,7.526,65.359,0.172
29,ec.gp.GPIndividual@850573502{-50483572},3C_20_50-02.txt,61.404,1.000,61.404,7,67.813,110.44,9.688,43.172,0.344
29,ec.gp.GPIndividual@850573502{-50483572},3C_20_80-03.txt,169.439,1.000,169.439,9,168.859,99.66,18.762,43.172,0.344
29,ec.gp.GPIndividual@850573502{-50483572},3C_20_80-01.txt,4.194,1.000,4.194,2,5.125,122.18,2.563,43.172,0.344
29,ec.gp.GPIndividual@850573502{-50483572},3C_20_50-03.txt,30.993,1.000,30.993,1,1.266,4.08,1.266,43.172,0.344
29,ec.gp.GPIndividual@850573502{-50483572},3C_20_80-02.txt,35.738,1.000,35.738,5,45.813,128.19,9.163,43.172,0.344
29,ec.gp.GPIndividual@850573502{-50483572},3C_20_66-03.txt,118.340,1.000,118.340,3,7.266,6.14,2.422,43.172,0.344
29,ec.gp.GPIndividual@1110337620{857917376},3C_20_50-02.txt,61.404,1.000,61.404,9,62.734,102.17,6.970,35.359,0.344
29,ec.gp.GPIndividual@1110337620{857917376},3C_20_80-01.txt,4.194,1.000,4.194,1,9.094,216.80,9.094,35.359,0.344
29,ec.gp.GPIndividual@1110337620{857917376},3C_20_66-01.txt,7.322,1.000,7.322,6,7.453,101.79,1.242,35.359,0.172
29,ec.gp.GPIndividual@1110337620{857917376},3C_20_80-02.txt,35.738,1.000,35.738,8,36.797,102.96,4.600,35.359,0.172
29,ec.gp.GPIndividual@1110337620{857917376},3C_20_50-03.txt,30.993,1.000,30.993,2,25.266,81.52,12.633,35.359,0.172
29,ec.gp.GPIndividual@1110337620{857917376},3C_20_80-03.txt,169.439,1.000,169.439,11,169.719,100.17,15.429,51.047,0.172
29,ec.gp.GPIndividual@894335122{-550398144},3C_20_50-02.txt,61.404,1.000,61.404,1,0.359,0.59,0.359,0.359,0.359
29,ec.gp.GPIndividual@894335122{-550398144},3C_20_50-03.txt,30.993,1.000,30.993,1,42.813,138.14,42.813,42.813,0.359
29,ec.gp.GPIndividual@894335122{-550398144},3C_20_80-01.txt,4.194,1.000,4.194,1,26.281,626.57,26.281,42.813,0.359
29,ec.gp.GPIndividual@894335122{-550398144},3C_20_66-01.txt,7.322,1.000,7.322,3,6.844,93.47,2.281,42.813,0.359
29,ec.gp.GPIndividual@894335122{-550398144},3C_20_66-01.txt,7.322,1.000,7.322,3,49.453,675.39,16.484,46.672,0.359
29,ec.gp.GPIndividual@894335122{-550398144},3C_20_66-02.txt,154.245,1.000,154.245,1,1.188,0.77,1.188,46.672,0.359
29,ec.gp.GPIndividual@894335122{-550398144},3C_20_66-02.txt,154.245,1.000,154.245,5,10.234,6.64,2.047,46.672,0.359
29,ec.gp.GPIndividual@894335122{-550398144},3C_20_66-03.txt,118.340,1.000,118.340,8,29.297,24.76,3.662,46.672,0.359
29,ec.gp.GPIndividual@894335122{-550398144},3C_20_80-01.txt,4.194,1.000,4.194,4,5.266,125.54,1.316,46.672,0.359
29,ec.gp.GPIndividual@894335122{-550398144},3C_20_80-02.txt,35.738,1.000,35.738,1,0.156,0.44,0.156,46.672,0.156
29,ec.gp.GPIndividual@894335122{-550398144},3C_20_80-02.txt,35.738,1.000,35.738,1,2.188,6.12,2.188,46.672,0.156
29,ec.gp.GPIndividual@894335122{-550398144},3C_20_80-03.txt,169.439,1.000,169.439,6,80.031,47.23,13.339,67.109,0.156
29,ec.gp.GPIndividual@2009654696{75175863},3C_20_50-02.txt,61.404,1.000,61.404,7,67.859,110.51,9.694,34.000,0.516
29,ec.gp.GPIndividual@2009654696{75175863},3C_20_80-03.txt,169.439,1.000,169.439,7,155.391,91.71,22.199,43.234,0.516
29,ec.gp.GPIndividual@2009654696{75175863},3C_20_80-03.txt,169.439,1.000,169.439,4,84.219,49.70,21.055,43.234,0.516
29,ec.gp.GPIndividual@2009654696{75175863},3C_20_66-03.txt,118.340,1.000,118.340,4,89.781,75.87,22.445,47.750,0.516
29,ec.gp.GPIndividual@2009654696{75175863},3C_20_66-02.txt,154.245,1.000,154.245,7,90.203,58.48,12.886,47.750,0.516
29,ec.gp.GPIndividual@2009654696{75175863},3C_20_50-03.txt,30.993,1.000,30.993,3,30.984,99.97,10.328,47.750,0.172
29,ec.gp.GPIndividual@2009654696{75175863},3C_20_80-01.txt,4.194,1.000,4.194,3,3.328,79.35,1.109,47.750,0.172
29,ec.gp.GPIndividual@2009654696{75175863},3C_20_80-02.txt,35.738,1.000,35.738,4,64.719,181.09,16.180,56.766,0.172
29,ec.gp.GPIndividual@2135070652{-987534183},3C_20_50-02.txt,61.404,1.000,61.404,3,67.125,109.32,22.375,65.141,0.531
29,ec.gp.GPIndividual@1749308226{-1859747901},3C_20_50-02.txt,61.404,1.000,61.404,12,81.422,132.60,6.785,46.172,0.344
29,ec.gp.GPIndividual@1749308226{-1859747901},3C_20_66-03.txt,118.340,1.000,118.340,9,120.625,101.93,13.403,46.172,0.344
29,ec.gp.GPIndividual@1749308226{-1859747901},3C_20_80-01.txt,4.194,1.000,4.194,1,0.531,12.67,0.531,46.172,0.344
29,ec.gp.GPIndividual@1749308226{-1859747901},3C_20_66-02.txt,154.245,1.000,154.245,15,142.609,92.46,9.507,46.172,0.344
29,ec.gp.GPIndividual@1749308226{-1859747901},3C_20_80-03.txt,169.439,1.000,169.439,2,26.891,15.87,13.445,46.172,0.344
29,ec.gp.GPIndividual@1749308226{-1859747901},3C_20_50-03.txt,30.993,1.000,30.993,4,48.234,155.63,12.059,46.172,0.344
29,ec.gp.GPIndividual@1749308226{-1859747901},3C_20_66-01.txt,7.322,1.000,7.322,3,9.922,135.50,3.307,46.172,0.344
29,ec.gp.GPIndividual@1749308226{-1859747901},3C_20_66-01.txt,7.322,1.000,7.322,2,7.781,106.27,3.891,46.172,0.344
29,ec.gp.GPIndividual@1749308226{-1859747901},3C_20_66-02.txt,154.245,1.000,154.245,1,0.531,0.34,0.531,46.172,0.344
29,ec.gp.GPIndividual@1704940808{1358444267},3C_20_50-02.txt,61.404,1.000,61.404,9,98.766,160.84,10.974,44.406,0.359
29,ec.gp.GPIndividual@1704940808{1358444267},3C_20_50-03.txt,30.993,1.000,30.993,1,43.344,139.85,43.344,44.406,0.359
29,ec.gp.GPIndividual@1704940808{1358444267},3C_20_80-02.txt,35.738,1.000,35.738,14,34.656,96.97,2.475,44.406,0.359
29,ec.gp.GPIndividual@1704940808{1358444267},3C_20_66-01.txt,7.322,1.000,7.322,3,7.094,96.88,2.365,44.406,0.359
29,ec.gp.GPIndividual@1704940808{1358444267},3C_20_66-03.txt,118.340,1.000,118.340,14,67.500,57.04,4.821,44.406,0.359
29,ec.gp.GPIndividual@1704940808{1358444267},3C_20_66-02.txt,154.245,1.000,154.245,9,149.859,97.16,16.651,44.406,0.359
29,ec.gp.GPIndividual@1704940808{1358444267},3C_20_80-03.txt,169.439,1.000,169.439,6,186.016,109.78,31.003,45.172,0.359
29,ec.gp.GPIndividual@1704940808{1358444267},3C_20_66-03.txt,118.340,1.000,118.340,4,70.766,59.80,17.691,49.719,0.359
29,ec.gp.GPIndividual@1704940808{1358444267},3C_20_50-03.txt,30.993,1.000,30.993,1,47.063,151.85,47.063,49.719,0.359
29,ec.gp.GPIndividual@1503337514{1040320505},3C_20_50-02.txt,61.404,1.000,61.404,1,27.781,45.24,27.781,27.781,27.781
29,ec.gp.GPIndividual@1503337514{1040320505},3C_20_66-03.txt,118.340,1.000,118.340,1,0.500,0.42,0.500,27.781,0.500
29,ec.gp.GPIndividual@1503337514{1040320505},3C_20_50-03.txt,30.993,1.000,30.993,1,39.813,128.46,39.813,39.813,0.500
29,ec.gp.GPIndividual@1503337514{1040320505},3C_20_80-01.txt,4.194,1.000,4.194,1,4.484,106.91,4.484,39.813,0.500
29,ec.gp.GPIndividual@1503337514{1040320505},3C_20_66-01.txt,7.322,1.000,7.322,3,6.484,88.56,2.161,39.813,0.500
29,ec.gp.GPIndividual@1503337514{1040320505},3C_20_66-01.txt,7.322,1.000,7.322,3,4.188,57.19,1.396,39.813,0.500
29,ec.gp.GPIndividual@1503337514{1040320505},3C_20_66-02.txt,154.245,1.000,154.245,4,13.000,8.43,3.250,39.813,0.500
29,ec.gp.GPIndividual@1503337514{1040320505},3C_20_66-03.txt,118.340,1.000,118.340,6,17.516,14.80,2.919,39.813,0.500
29,ec.gp.GPIndividual@1503337514{1040320505},3C_20_80-01.txt,4.194,1.000,4.194,4,5.266,125.54,1.316,39.813,0.359
29,ec.gp.GPIndividual@1503337514{1040320505},3C_20_80-02.txt,35.738,1.000,35.738,1,0.156,0.44,0.156,39.813,0.156
29,ec.gp.GPIndividual@1503337514{1040320505},3C_20_80-02.txt,35.738,1.000,35.738,1,2.000,5.60,2.000,39.813,0.156
29,ec.gp.GPIndividual@1503337514{1040320505},3C_20_80-03.txt,169.439,1.000,169.439,5,12.844,7.58,2.569,39.813,0.156
29,ec.gp.GPIndividual@1878512795{1868430146},3C_20_50-02.txt,61.404,1.000,61.404,7,89.766,146.19,12.824,40.484,0.500
29,ec.gp.GPIndividual@1878512795{1868430146},3C_20_80-01.txt,4.194,1.000,4.194,3,3.313,78.97,1.104,40.484,0.500
29,ec.gp.GPIndividual@1878512795{1868430146},3C_20_80-02.txt,35.738,1.000,35.738,1,4.391,12.29,4.391,40.484,0.500
29,ec.gp.GPIndividual@1878512795{1868430146},3C_20_66-02.txt,154.245,1.000,154.245,14,148.125,96.03,10.580,44.953,0.500
29,ec.gp.GPIndividual@1878512795{1868430146},3C_20_80-01.txt,4.194,1.000,4.194,3,3.328,79.35,1.109,44.953,0.500
29,ec.gp.GPIndividual@1878512795{1868430146},3C_20_80-02.txt,35.738,1.000,35.738,7,31.563,88.32,4.509,44.953,0.500
29,ec.gp.GPIndividual@1878512795{1868430146},3C_20_50-03.txt,30.993,1.000,30.993,2,40.047,129.21,20.023,44.953,0.500
29,ec.gp.GPIndividual@1878512795{1868430146},3C_20_66-02.txt,154.245,1.000,154.245,4,16.359,10.61,4.090,44.953,0.500
29,ec.gp.GPIndividual@1878512795{1868430146},3C_20_80-03.txt,169.439,1.000,169.439,7,108.594,64.09,15.513,45.672,0.500
29,ec.gp.GPIndividual@1878512795{1868430146},3C_20_80-03.txt,169.439,1.000,169.439,6,180.219,106.36,30.036,55.844,0.500
29,ec.gp.GPIndividual@970021744{-805241997},3C_20_50-02.txt,61.404,1.000,61.404,5,89.422,145.63,17.884,45.563,0.359
29,ec.gp.GPIndividual@970021744{-805241997},3C_20_80-03.txt,169.439,1.000,169.439,9,146.078,86.21,16.231,61.516,0.359
29,ec.gp.GPIndividual@477187165{13474416},3C_20_50-02.txt,61.404,1.000,61.404,8,63.984,104.20,7.998,38.031,0.344
29,ec.gp.GPIndividual@477187165{13474416},3C_20_50-03.txt,30.993,1.000,30.993,1,1.453,4.69,1.453,38.031,0.344
29,ec.gp.GPIndividual@477187165{13474416},3C_20_66-03.txt,118.340,1.000,118.340,5,152.875,129.18,30.575,58.922,0.344
29,ec.gp.GPIndividual@477187165{13474416},3C_20_50-03.txt,30.993,1.000,30.993,1,60.203,194.25,60.203,60.203,0.344
29,ec.gp.GPIndividual@477187165{13474416},3C_20_66-03.txt,118.340,1.000,118.340,4,25.469,21.52,6.367,60.203,0.344
29,ec.gp.GPIndividual@462599140{1361568181},3C_20_50-02.txt,61.404,1.000,61.404,0,0.000,0.00,0.000,0.000,0.000
29,ec.gp.GPIndividual@462599140{1361568181},3C_20_50-03.txt,30.993,1.000,30.993,0,0.000,0.00,0.000,0.000,0.000
29,ec.gp.GPIndividual@462599140{1361568181},3C_20_66-01.txt,7.322,1.000,7.322,0,0.000,0.00,0.000,0.000,0.000
29,ec.gp.GPIndividual@462599140{1361568181},3C_20_66-02.txt,154.245,1.000,154.245,0,0.000,0.00,0.000,0.000,0.000
29,ec.gp.GPIndividual@462599140{1361568181},3C_20_66-03.txt,118.340,1.000,118.340,0,0.000,0.00,0.000,0.000,0.000
29,ec.gp.GPIndividual@462599140{1361568181},3C_20_80-01.txt,4.194,1.000,4.194,0,0.000,0.00,0.000,0.000,0.000
29,ec.gp.GPIndividual@462599140{1361568181},3C_20_80-02.txt,35.738,1.000,35.738,0,0.000,0.00,0.000,0.000,0.000
29,ec.gp.GPIndividual@462599140{1361568181},3C_20_80-03.txt,169.439,1.000,169.439,0,0.000,0.00,0.000,0.000,0.000
29,ec.gp.GPIndividual@160246257{-525144848},3C_20_50-02.txt,61.404,1.000,61.404,3,10.734,17.48,3.578,6.531,0.500
29,ec.gp.GPIndividual@160246257{-525144848},3C_20_50-03.txt,30.993,1.000,30.993,3,11.938,38.52,3.979,6.531,0.500
29,ec.gp.GPIndividual@160246257{-525144848},3C_20_66-01.txt,7.322,1.000,7.322,1,9.922,135.50,9.922,9.922,0.500
29,ec.gp.GPIndividual@160246257{-525144848},3C_20_66-01.txt,7.322,1.000,7.322,1,0.875,11.95,0.875,9.922,0.500
29,ec.gp.GPIndividual@160246257{-525144848},3C_20_66-02.txt,154.245,1.000,154.245,3,4.719,3.06,1.573,9.922,0.500
29,ec.gp.GPIndividual@160246257{-525144848},3C_20_66-03.txt,118.340,1.000,118.340,3,12.266,10.36,4.089,9.922,0.500
29,ec.gp.GPIndividual@160246257{-525144848},3C_20_80-01.txt,4.194,1.000,4.194,1,6.297,150.12,6.297,9.922,0.500
29,ec.gp.GPIndividual@160246257{-525144848},3C_20_80-01.txt,4.194,1.000,4.194,1,10.938,260.76,10.938,10.938,0.500
29,ec.gp.GPIndividual@160246257{-525144848},3C_20_66-01.txt,7.322,1.000,7.322,3,3.828,52.28,1.276,10.938,0.500
29,ec.gp.GPIndividual@160246257{-525144848},3C_20_80-02.txt,35.738,1.000,35.738,2,32.188,90.06,16.094,30.422,0.500
29,ec.gp.GPIndividual@160246257{-525144848},3C_20_66-01.txt,7.322,1.000,7.322,2,3.891,53.13,1.945,30.422,0.500
29,ec.gp.GPIndividual@160246257{-525144848},3C_20_80-03.txt,169.439,1.000,169.439,9,18.906,11.16,2.101,30.422,0.500
29,ec.gp.GPIndividual@2032860033{2086940064},3C_20_50-02.txt,61.404,1.000,61.404,9,60.594,98.68,6.733,45.891,0.500
29,ec.gp.GPIndividual@2032860033{2086940064},3C_20_80-01.txt,4.194,1.000,4.194,3,3.469,82.70,1.156,45.891,0.500
29,ec.gp.GPIndividual@2032860033{2086940064},3C_20_80-02.txt,35.738,1.000,35.738,6,47.875,133.96,7.979,45.891,0.500
29,ec.gp.GPIndividual@2032860033{2086940064},3C_20_50-03.txt,30.993,1.000,30.993,2,44.516,143.63,22.258,45.891,0.500
29,ec.gp.GPIndividual@2032860033{2086940064},3C_20_66-02.txt,154.245,1.000,154.245,16,155.000,100.49,9.688,45.891,0.500
29,ec.gp.GPIndividual@2032860033{2086940064},3C_20_66-01.txt,7.322,1.000,7.322,4,6.719,91.76,1.680,45.891,0.500
29,ec.gp.GPIndividual@2032860033{2086940064},3C_20_66-02.txt,154.245,1.000,154.245,9,41.688,27.03,4.632,45.891,0.500
29,ec.gp.GPIndividual@2032860033{2086940064},3C_20_66-02.txt,154.245,1.000,154.245,6,97.578,63.26,16.263,47.594,0.500
29,ec.gp.GPIndividual@2032860033{2086940064},3C_20_80-03.txt,169.439,1.000,169.439,1,60.172,35.51,60.172,60.172,0.500
29,ec.gp.GPIndividual@2032860033{2086940064},3C_20_80-02.txt,35.738,1.000,35.738,9,77.125,215.81,8.569,60.172,0.500
29,ec.gp.GPIndividual@2032860033{2086940064},3C_20_66-02.txt,154.245,1.000,154.245,1,1.063,0.69,1.063,60.172,0.500
29,ec.gp.GPIndividual@2032860033{2086940064},3C_20_80-03.txt,169.439,1.000,169.439,1,4.375,2.58,4.375,60.172,0.500
29,ec.gp.GPIndividual@124510593{-1894898174},3C_20_50-02.txt,61.404,1.000,61.404,5,68.391,111.38,13.678,36.078,0.297
29,ec.gp.GPIndividual@124510593{-1894898174},3C_20_66-03.txt,118.340,1.000,118.340,1,24.984,21.11,24.984,36.078,0.297
29,ec.gp.GPIndividual@124510593{-1894898174},3C_20_80-01.txt,4.194,1.000,4.194,3,4.422,105.42,1.474,36.078,0.297
29,ec.gp.GPIndividual@124510593{-1894898174},3C_20_80-02.txt,35.738,1.000,35.738,5,47.453,132.78,9.491,39.297,0.297
29,ec.gp.GPIndividual@124510593{-1894898174},3C_20_80-01.txt,4.194,1.000,4.194,3,4.953,118.09,1.651,39.297,0.297
29,ec.gp.GPIndividual@124510593{-1894898174},3C_20_80-01.txt,4.194,1.000,4.194,2,10.594,252.56,5.297,39.297,0.297
29,ec.gp.GPIndividual@124510593{-1894898174},3C_20_66-03.txt,118.340,1.000,118.340,3,3.203,2.71,1.068,39.297,0.297
29,ec.gp.GPIndividual@124510593{-1894898174},3C_20_80-03.txt,169.439,1.000,169.439,12,41.672,24.59,3.473,39.297,0.297
29,ec.gp.GPIndividual@124510593{-1894898174},3C_20_50-03.txt,30.993,1.000,30.993,6,26.578,85.76,4.430,39.297,0.297
29,ec.gp.GPIndividual@129818027{-1298139940},3C_20_50-02.txt,61.404,1.000,61.404,2,66.609,108.48,33.305,66.391,0.219
29,ec.gp.GPIndividual@859728293{-1546869107},3C_20_50-02.txt,61.404,1.000,61.404,4,55.031,89.62,13.758,43.672,0.234
29,ec.gp.GPIndividual@859728293{-1546869107},3C_20_66-03.txt,118.340,1.000,118.340,10,86.594,73.17,8.659,43.672,0.234
29,ec.gp.GPIndividual@859728293{-1546869107},3C_20_80-01.txt,4.194,1.000,4.194,3,46.859,1117.17,15.620,45.031,0.234
29,ec.gp.GPIndividual@859728293{-1546869107},3C_20_50-03.txt,30.993,1.000,30.993,1,44.391,143.23,44.391,45.031,0.234
29,ec.gp.GPIndividual@859728293{-1546869107},3C_20_50-03.txt,30.993,1.000,30.993,13,30.672,98.97,2.359,45.031,0.234
29,ec.gp.GPIndividual@859728293{-1546869107},3C_20_66-01.txt,7.322,1.000,7.322,2,8.344,113.95,4.172,45.031,0.234
29,ec.gp.GPIndividual@859728293{-1546869107},3C_20_80-02.txt,35.738,1.000,35.738,7,36.406,101.87,5.201,45.031,0.234
29,ec.gp.GPIndividual@859728293{-1546869107},3C_20_66-01.txt,7.322,1.000,7.322,5,5.297,72.34,1.059,45.031,0.234
29,ec.gp.GPIndividual@859728293{-1546869107},3C_20_80-01.txt,4.194,1.000,4.194,6,4.578,109.15,0.763,45.031,0.234
29,ec.gp.GPIndividual@859728293{-1546869107},3C_20_80-03.txt,169.439,1.000,169.439,2,0.969,0.57,0.484,45.031,0.234
29,ec.gp.GPIndividual@859728293{-1546869107},3C_20_66-02.txt,154.245,1.000,154.245,18,170.219,110.36,9.457,56.344,0.234
29,ec.gp.GPIndividual@696284503{1249400653},3C_20_50-02.txt,61.404,1.000,61.404,5,59.938,97.61,11.988,54.281,0.219
29,ec.gp.GPIndividual@696284503{1249400653},3C_20_80-02.txt,35.738,1.000,35.738,8,47.234,132.17,5.904,54.281,0.219
29,ec.gp.GPIndividual@696284503{1249400653},3C_20_66-02.txt,154.245,1.000,154.245,1,5.688,3.69,5.688,54.281,0.219
29,ec.gp.GPIndividual@696284503{1249400653},3C_20_66-03.txt,118.340,1.000,118.340,12,120.078,101.47,10.007,54.281,0.219
29,ec.gp.GPIndividual@696284503{1249400653},3C_20_50-03.txt,30.993,1.000,30.993,2,47.469,153.16,23.734,54.281,0.219
29,ec.gp.GPIndividual@696284503{1249400653},3C_20_80-03.txt,169.439,1.000,169.439,11,197.875,116.78,17.989,54.281,0.219
29,ec.gp.GPIndividual@266891453{744455707},3C_20_50-02.txt,61.404,1.000,61.404,1,0.000,0.00,0.000,0.000,0.000
29,ec.gp.GPIndividual@266891453{744455707},3C_20_50-03.txt,30.993,1.000,30.993,1,0.000,0.00,0.000,0.000,0.000
29,ec.gp.GPIndividual@266891453{744455707},3C_20_66-01.txt,7.322,1.000,7.322,1,0.000,0.00,0.000,0.000,0.000
29,ec.gp.GPIndividual@266891453{744455707},3C_20_66-02.txt,154.245,1.000,154.245,1,0.000,0.00,0.000,0.000,0.000
29,ec.gp.GPIndividual@266891453{744455707},3C_20_66-03.txt,118.340,1.000,118.340,1,0.000,0.00,0.000,0.000,0.000
29,ec.gp.GPIndividual@266891453{744455707},3C_20_80-01.txt,4.194,1.000,4.194,1,0.000,0.00,0.000,0.000,0.000
29,ec.gp.GPIndividual@266891453{744455707},3C_20_80-02.txt,35.738,1.000,35.738,1,0.000,0.00,0.000,0.000,0.000
29,ec.gp.GPIndividual@266891453{744455707},3C_20_80-03.txt,169.439,1.000,169.439,1,0.000,0.00,0.000,0.000,0.000
