
Generation: 0
Best Individual:
Subpopulation 0:
Evaluated: true
Fitness: Standardized=0.084385514 Adjusted=0.92218125 Hits=1
Tree 0:
digraph g {
node [shape=rectangle];
n[label = "Equal"];
n0[label = "If_Then_Else"];
n00[label = "And"];
n000[label = "Equal"];
n0000[label = "NearestInsertion"];
n000 -> n0000;
n0001[label = "WorstMove"];
n000 -> n0001;
n00 -> n000;
n001[label = "If_Then_Else"];
n0010[label = "FarthestNeighbor"];
n001 -> n0010;
n0011[label = "NearestFirstNode"];
n001 -> n0011;
n0012[label = "CplexTerminal"];
n001 -> n0012;
n00 -> n001;
n0 -> n00;
n01[label = "If_Then"];
n010[label = "If_Then"];
n0100[label = "NearestInsertion"];
n010 -> n0100;
n0101[label = "NearestInsertion"];
n010 -> n0101;
n01 -> n010;
n011[label = "If_Then"];
n0110[label = "CplexTerminal"];
n011 -> n0110;
n0111[label = "CplexTerminal"];
n011 -> n0111;
n01 -> n011;
n0 -> n01;
n02[label = "And"];
n020[label = "And"];
n0200[label = "NearestInsertion"];
n020 -> n0200;
n0201[label = "CplexTerminal"];
n020 -> n0201;
n02 -> n020;
n021[label = "And"];
n0210[label = "WorstMove"];
n021 -> n0210;
n0211[label = "NearestFirstNode"];
n021 -> n0211;
n02 -> n021;
n0 -> n02;
n -> n0;
n1[label = "If_Then_Else"];
n10[label = "And"];
n100[label = "And"];
n1000[label = "CplexTerminal"];
n100 -> n1000;
n1001[label = "FarthestFirstNode"];
n100 -> n1001;
n10 -> n100;
n101[label = "Equal"];
n1010[label = "FarthestInsertion"];
n101 -> n1010;
n1011[label = "WorstMove"];
n101 -> n1011;
n10 -> n101;
n1 -> n10;
n11[label = "If_Then_Else"];
n110[label = "If_Then"];
n1100[label = "CplexTerminal"];
n110 -> n1100;
n1101[label = "NearestInsertion"];
n110 -> n1101;
n11 -> n110;
n111[label = "Equal"];
n1110[label = "FarthestNeighbor"];
n111 -> n1110;
n1111[label = "NearestFirstNode"];
n111 -> n1111;
n11 -> n111;
n112[label = "If_Then_Else"];
n1120[label = "WorstMove"];
n112 -> n1120;
n1121[label = "BestMove"];
n112 -> n1121;
n1122[label = "CplexTerminal"];
n112 -> n1122;
n11 -> n112;
n1 -> n11;
n12[label = "While"];
n120[label = "If_Then_Else"];
n1200[label = "NearestInsertion"];
n120 -> n1200;
n1201[label = "WorstMove"];
n120 -> n1201;
n1202[label = "FarthestInsertion"];
n120 -> n1202;
n12 -> n120;
n121[label = "Equal"];
n1210[label = "NearestNeighbor"];
n121 -> n1210;
n1211[label = "CplexTerminal"];
n121 -> n1211;
n12 -> n121;
n1 -> n12;
n -> n1;
}


Generation: 1
Best Individual:
Subpopulation 0:
Evaluated: true
Fitness: Standardized=0.07210083 Adjusted=0.932748 Hits=0
Tree 0:
digraph g {
node [shape=rectangle];
n[label = "Equal"];
n0[label = "If_Then_Else"];
n00[label = "And"];
n000[label = "Equal"];
n0000[label = "NearestInsertion"];
n000 -> n0000;
n0001[label = "WorstMove"];
n000 -> n0001;
n00 -> n000;
n001[label = "If_Then_Else"];
n0010[label = "FarthestNeighbor"];
n001 -> n0010;
n0011[label = "NearestFirstNode"];
n001 -> n0011;
n0012[label = "CplexTerminal"];
n001 -> n0012;
n00 -> n001;
n0 -> n00;
n01[label = "If_Then"];
n010[label = "If_Then"];
n0100[label = "NearestInsertion"];
n010 -> n0100;
n0101[label = "NearestInsertion"];
n010 -> n0101;
n01 -> n010;
n011[label = "If_Then"];
n0110[label = "CplexTerminal"];
n011 -> n0110;
n0111[label = "CplexTerminal"];
n011 -> n0111;
n01 -> n011;
n0 -> n01;
n02[label = "Equal"];
n020[label = "FarthestInsertion"];
n02 -> n020;
n021[label = "CplexTerminal"];
n02 -> n021;
n0 -> n02;
n -> n0;
n1[label = "If_Then_Else"];
n10[label = "And"];
n100[label = "And"];
n1000[label = "CplexTerminal"];
n100 -> n1000;
n1001[label = "FarthestFirstNode"];
n100 -> n1001;
n10 -> n100;
n101[label = "Equal"];
n1010[label = "FarthestInsertion"];
n101 -> n1010;
n1011[label = "WorstMove"];
n101 -> n1011;
n10 -> n101;
n1 -> n10;
n11[label = "If_Then_Else"];
n110[label = "If_Then"];
n1100[label = "CplexTerminal"];
n110 -> n1100;
n1101[label = "NearestInsertion"];
n110 -> n1101;
n11 -> n110;
n111[label = "Equal"];
n1110[label = "FarthestNeighbor"];
n111 -> n1110;
n1111[label = "NearestFirstNode"];
n111 -> n1111;
n11 -> n111;
n112[label = "If_Then_Else"];
n1120[label = "WorstMove"];
n112 -> n1120;
n1121[label = "BestMove"];
n112 -> n1121;
n1122[label = "CplexTerminal"];
n112 -> n1122;
n11 -> n112;
n1 -> n11;
n12[label = "While"];
n120[label = "If_Then_Else"];
n1200[label = "NearestInsertion"];
n120 -> n1200;
n1201[label = "WorstMove"];
n120 -> n1201;
n1202[label = "FarthestInsertion"];
n120 -> n1202;
n12 -> n120;
n121[label = "Equal"];
n1210[label = "NearestNeighbor"];
n121 -> n1210;
n1211[label = "CplexTerminal"];
n121 -> n1211;
n12 -> n121;
n1 -> n12;
n -> n1;
}


Generation: 2
Best Individual:
Subpopulation 0:
Evaluated: true
Fitness: Standardized=0.059928186 Adjusted=0.94346017 Hits=1
Tree 0:
digraph g {
node [shape=rectangle];
n[label = "If_Then_Else"];
n0[label = "Equal"];
n00[label = "If_Then"];
n000[label = "While"];
n0000[label = "NearestNeighbor"];
n000 -> n0000;
n0001[label = "FarthestNeighbor"];
n000 -> n0001;
n00 -> n000;
n001[label = "Equal"];
n0010[label = "NearestInsertion"];
n001 -> n0010;
n0011[label = "NearestInsertion"];
n001 -> n0011;
n00 -> n001;
n0 -> n00;
n01[label = "NearestNeighbor"];
n0 -> n01;
n -> n0;
n1[label = "While"];
n10[label = "Equal"];
n100[label = "FarthestFirstNode"];
n10 -> n100;
n101[label = "Equal"];
n1010[label = "FarthestFirstNode"];
n101 -> n1010;
n1011[label = "FarthestNeighbor"];
n101 -> n1011;
n10 -> n101;
n1 -> n10;
n11[label = "Equal"];
n110[label = "If_Then_Else"];
n1100[label = "FarthestFirstNode"];
n110 -> n1100;
n1101[label = "FarthestInsertion"];
n110 -> n1101;
n1102[label = "CplexTerminal"];
n110 -> n1102;
n11 -> n110;
n111[label = "If_Then"];
n1110[label = "NearestNeighbor"];
n111 -> n1110;
n1111[label = "CplexTerminal"];
n111 -> n1111;
n11 -> n111;
n1 -> n11;
n -> n1;
n2[label = "If_Then_Else"];
n20[label = "If_Then"];
n200[label = "Equal"];
n2000[label = "FarthestInsertion"];
n200 -> n2000;
n2001[label = "NearestFirstNode"];
n200 -> n2001;
n20 -> n200;
n201[label = "And"];
n2010[label = "FarthestNeighbor"];
n201 -> n2010;
n2011[label = "FarthestNeighbor"];
n201 -> n2011;
n20 -> n201;
n2 -> n20;
n21[label = "If_Then"];
n210[label = "While"];
n2100[label = "BestMove"];
n210 -> n2100;
n2101[label = "CplexTerminal"];
n210 -> n2101;
n21 -> n210;
n211[label = "While"];
n2110[label = "FarthestFirstNode"];
n211 -> n2110;
n2111[label = "NearestInsertion"];
n211 -> n2111;
n21 -> n211;
n2 -> n21;
n22[label = "If_Then"];
n220[label = "Or"];
n2200[label = "CplexTerminal"];
n220 -> n2200;
n2201[label = "NearestFirstNode"];
n220 -> n2201;
n22 -> n220;
n221[label = "If_Then_Else"];
n2210[label = "NearestNeighbor"];
n221 -> n2210;
n2211[label = "FarthestNeighbor"];
n221 -> n2211;
n2212[label = "FarthestInsertion"];
n221 -> n2212;
n22 -> n221;
n2 -> n22;
n -> n2;
}


Generation: 3
Best Individual:
Subpopulation 0:
Evaluated: true
Fitness: Standardized=0.059928186 Adjusted=0.94346017 Hits=1
Tree 0:
digraph g {
node [shape=rectangle];
n[label = "If_Then_Else"];
n0[label = "Equal"];
n00[label = "If_Then"];
n000[label = "While"];
n0000[label = "NearestNeighbor"];
n000 -> n0000;
n0001[label = "FarthestNeighbor"];
n000 -> n0001;
n00 -> n000;
n001[label = "Equal"];
n0010[label = "NearestInsertion"];
n001 -> n0010;
n0011[label = "NearestInsertion"];
n001 -> n0011;
n00 -> n001;
n0 -> n00;
n01[label = "NearestNeighbor"];
n0 -> n01;
n -> n0;
n1[label = "While"];
n10[label = "Equal"];
n100[label = "FarthestFirstNode"];
n10 -> n100;
n101[label = "Equal"];
n1010[label = "FarthestFirstNode"];
n101 -> n1010;
n1011[label = "FarthestNeighbor"];
n101 -> n1011;
n10 -> n101;
n1 -> n10;
n11[label = "Equal"];
n110[label = "If_Then_Else"];
n1100[label = "FarthestFirstNode"];
n110 -> n1100;
n1101[label = "FarthestInsertion"];
n110 -> n1101;
n1102[label = "CplexTerminal"];
n110 -> n1102;
n11 -> n110;
n111[label = "If_Then"];
n1110[label = "NearestNeighbor"];
n111 -> n1110;
n1111[label = "CplexTerminal"];
n111 -> n1111;
n11 -> n111;
n1 -> n11;
n -> n1;
n2[label = "If_Then_Else"];
n20[label = "If_Then"];
n200[label = "Equal"];
n2000[label = "FarthestInsertion"];
n200 -> n2000;
n2001[label = "NearestFirstNode"];
n200 -> n2001;
n20 -> n200;
n201[label = "And"];
n2010[label = "FarthestNeighbor"];
n201 -> n2010;
n2011[label = "FarthestNeighbor"];
n201 -> n2011;
n20 -> n201;
n2 -> n20;
n21[label = "If_Then"];
n210[label = "While"];
n2100[label = "BestMove"];
n210 -> n2100;
n2101[label = "CplexTerminal"];
n210 -> n2101;
n21 -> n210;
n211[label = "While"];
n2110[label = "FarthestFirstNode"];
n211 -> n2110;
n2111[label = "NearestInsertion"];
n211 -> n2111;
n21 -> n211;
n2 -> n21;
n22[label = "If_Then"];
n220[label = "Or"];
n2200[label = "CplexTerminal"];
n220 -> n2200;
n2201[label = "NearestFirstNode"];
n220 -> n2201;
n22 -> n220;
n221[label = "If_Then_Else"];
n2210[label = "NearestNeighbor"];
n221 -> n2210;
n2211[label = "FarthestNeighbor"];
n221 -> n2211;
n2212[label = "FarthestInsertion"];
n221 -> n2212;
n22 -> n221;
n2 -> n22;
n -> n2;
}


Generation: 4
Best Individual:
Subpopulation 0:
Evaluated: true
Fitness: Standardized=0.059928186 Adjusted=0.94346017 Hits=1
Tree 0:
digraph g {
node [shape=rectangle];
n[label = "If_Then_Else"];
n0[label = "Equal"];
n00[label = "If_Then"];
n000[label = "While"];
n0000[label = "NearestNeighbor"];
n000 -> n0000;
n0001[label = "FarthestNeighbor"];
n000 -> n0001;
n00 -> n000;
n001[label = "Equal"];
n0010[label = "NearestInsertion"];
n001 -> n0010;
n0011[label = "NearestInsertion"];
n001 -> n0011;
n00 -> n001;
n0 -> n00;
n01[label = "NearestNeighbor"];
n0 -> n01;
n -> n0;
n1[label = "While"];
n10[label = "Equal"];
n100[label = "FarthestFirstNode"];
n10 -> n100;
n101[label = "Equal"];
n1010[label = "FarthestFirstNode"];
n101 -> n1010;
n1011[label = "FarthestNeighbor"];
n101 -> n1011;
n10 -> n101;
n1 -> n10;
n11[label = "Equal"];
n110[label = "If_Then_Else"];
n1100[label = "FarthestFirstNode"];
n110 -> n1100;
n1101[label = "FarthestInsertion"];
n110 -> n1101;
n1102[label = "CplexTerminal"];
n110 -> n1102;
n11 -> n110;
n111[label = "If_Then"];
n1110[label = "NearestNeighbor"];
n111 -> n1110;
n1111[label = "CplexTerminal"];
n111 -> n1111;
n11 -> n111;
n1 -> n11;
n -> n1;
n2[label = "If_Then_Else"];
n20[label = "If_Then"];
n200[label = "Equal"];
n2000[label = "FarthestInsertion"];
n200 -> n2000;
n2001[label = "NearestFirstNode"];
n200 -> n2001;
n20 -> n200;
n201[label = "And"];
n2010[label = "FarthestNeighbor"];
n201 -> n2010;
n2011[label = "FarthestNeighbor"];
n201 -> n2011;
n20 -> n201;
n2 -> n20;
n21[label = "If_Then"];
n210[label = "While"];
n2100[label = "BestMove"];
n210 -> n2100;
n2101[label = "CplexTerminal"];
n210 -> n2101;
n21 -> n210;
n211[label = "While"];
n2110[label = "FarthestFirstNode"];
n211 -> n2110;
n2111[label = "NearestInsertion"];
n211 -> n2111;
n21 -> n211;
n2 -> n21;
n22[label = "If_Then"];
n220[label = "Or"];
n2200[label = "CplexTerminal"];
n220 -> n2200;
n2201[label = "NearestFirstNode"];
n220 -> n2201;
n22 -> n220;
n221[label = "If_Then_Else"];
n2210[label = "NearestNeighbor"];
n221 -> n2210;
n2211[label = "FarthestNeighbor"];
n221 -> n2211;
n2212[label = "FarthestInsertion"];
n221 -> n2212;
n22 -> n221;
n2 -> n22;
n -> n2;
}


Generation: 5
Best Individual:
Subpopulation 0:
Evaluated: true
Fitness: Standardized=0.023056192 Adjusted=0.9774635 Hits=1
Tree 0:
digraph g {
node [shape=rectangle];
n[label = "Equal"];
n0[label = "If_Then_Else"];
n00[label = "And"];
n000[label = "If_Then_Else"];
n0000[label = "WorstMove"];
n000 -> n0000;
n0001[label = "BestMove"];
n000 -> n0001;
n0002[label = "CplexTerminal"];
n000 -> n0002;
n00 -> n000;
n001[label = "If_Then_Else"];
n0010[label = "FarthestNeighbor"];
n001 -> n0010;
n0011[label = "NearestFirstNode"];
n001 -> n0011;
n0012[label = "CplexTerminal"];
n001 -> n0012;
n00 -> n001;
n0 -> n00;
n01[label = "If_Then"];
n010[label = "If_Then"];
n0100[label = "NearestInsertion"];
n010 -> n0100;
n0101[label = "NearestInsertion"];
n010 -> n0101;
n01 -> n010;
n011[label = "If_Then"];
n0110[label = "CplexTerminal"];
n011 -> n0110;
n0111[label = "CplexTerminal"];
n011 -> n0111;
n01 -> n011;
n0 -> n01;
n02[label = "Equal"];
n020[label = "FarthestInsertion"];
n02 -> n020;
n021[label = "CplexTerminal"];
n02 -> n021;
n0 -> n02;
n -> n0;
n1[label = "If_Then_Else"];
n10[label = "And"];
n100[label = "And"];
n1000[label = "CplexTerminal"];
n100 -> n1000;
n1001[label = "FarthestFirstNode"];
n100 -> n1001;
n10 -> n100;
n101[label = "Equal"];
n1010[label = "FarthestInsertion"];
n101 -> n1010;
n1011[label = "WorstMove"];
n101 -> n1011;
n10 -> n101;
n1 -> n10;
n11[label = "If_Then_Else"];
n110[label = "If_Then"];
n1100[label = "CplexTerminal"];
n110 -> n1100;
n1101[label = "NearestInsertion"];
n110 -> n1101;
n11 -> n110;
n111[label = "Equal"];
n1110[label = "FarthestNeighbor"];
n111 -> n1110;
n1111[label = "NearestFirstNode"];
n111 -> n1111;
n11 -> n111;
n112[label = "If_Then_Else"];
n1120[label = "WorstMove"];
n112 -> n1120;
n1121[label = "BestMove"];
n112 -> n1121;
n1122[label = "CplexTerminal"];
n112 -> n1122;
n11 -> n112;
n1 -> n11;
n12[label = "While"];
n120[label = "If_Then_Else"];
n1200[label = "NearestInsertion"];
n120 -> n1200;
n1201[label = "WorstMove"];
n120 -> n1201;
n1202[label = "FarthestInsertion"];
n120 -> n1202;
n12 -> n120;
n121[label = "Equal"];
n1210[label = "NearestNeighbor"];
n121 -> n1210;
n1211[label = "CplexTerminal"];
n121 -> n1211;
n12 -> n121;
n1 -> n12;
n -> n1;
}


Generation: 6
Best Individual:
Subpopulation 0:
Evaluated: true
Fitness: Standardized=0.023056192 Adjusted=0.9774635 Hits=1
Tree 0:
digraph g {
node [shape=rectangle];
n[label = "Equal"];
n0[label = "If_Then_Else"];
n00[label = "And"];
n000[label = "If_Then_Else"];
n0000[label = "WorstMove"];
n000 -> n0000;
n0001[label = "BestMove"];
n000 -> n0001;
n0002[label = "CplexTerminal"];
n000 -> n0002;
n00 -> n000;
n001[label = "If_Then_Else"];
n0010[label = "FarthestNeighbor"];
n001 -> n0010;
n0011[label = "NearestFirstNode"];
n001 -> n0011;
n0012[label = "CplexTerminal"];
n001 -> n0012;
n00 -> n001;
n0 -> n00;
n01[label = "If_Then"];
n010[label = "If_Then"];
n0100[label = "NearestInsertion"];
n010 -> n0100;
n0101[label = "NearestInsertion"];
n010 -> n0101;
n01 -> n010;
n011[label = "If_Then"];
n0110[label = "CplexTerminal"];
n011 -> n0110;
n0111[label = "CplexTerminal"];
n011 -> n0111;
n01 -> n011;
n0 -> n01;
n02[label = "Equal"];
n020[label = "FarthestInsertion"];
n02 -> n020;
n021[label = "CplexTerminal"];
n02 -> n021;
n0 -> n02;
n -> n0;
n1[label = "If_Then_Else"];
n10[label = "And"];
n100[label = "And"];
n1000[label = "CplexTerminal"];
n100 -> n1000;
n1001[label = "FarthestFirstNode"];
n100 -> n1001;
n10 -> n100;
n101[label = "Equal"];
n1010[label = "FarthestInsertion"];
n101 -> n1010;
n1011[label = "WorstMove"];
n101 -> n1011;
n10 -> n101;
n1 -> n10;
n11[label = "If_Then_Else"];
n110[label = "If_Then"];
n1100[label = "CplexTerminal"];
n110 -> n1100;
n1101[label = "NearestInsertion"];
n110 -> n1101;
n11 -> n110;
n111[label = "Equal"];
n1110[label = "FarthestNeighbor"];
n111 -> n1110;
n1111[label = "NearestFirstNode"];
n111 -> n1111;
n11 -> n111;
n112[label = "If_Then_Else"];
n1120[label = "WorstMove"];
n112 -> n1120;
n1121[label = "BestMove"];
n112 -> n1121;
n1122[label = "CplexTerminal"];
n112 -> n1122;
n11 -> n112;
n1 -> n11;
n12[label = "While"];
n120[label = "If_Then_Else"];
n1200[label = "NearestInsertion"];
n120 -> n1200;
n1201[label = "WorstMove"];
n120 -> n1201;
n1202[label = "FarthestInsertion"];
n120 -> n1202;
n12 -> n120;
n121[label = "Equal"];
n1210[label = "NearestNeighbor"];
n121 -> n1210;
n1211[label = "CplexTerminal"];
n121 -> n1211;
n12 -> n121;
n1 -> n12;
n -> n1;
}


Generation: 7
Best Individual:
Subpopulation 0:
Evaluated: true
Fitness: Standardized=0.023056192 Adjusted=0.9774635 Hits=1
Tree 0:
digraph g {
node [shape=rectangle];
n[label = "Equal"];
n0[label = "If_Then_Else"];
n00[label = "And"];
n000[label = "If_Then_Else"];
n0000[label = "WorstMove"];
n000 -> n0000;
n0001[label = "BestMove"];
n000 -> n0001;
n0002[label = "CplexTerminal"];
n000 -> n0002;
n00 -> n000;
n001[label = "If_Then_Else"];
n0010[label = "FarthestNeighbor"];
n001 -> n0010;
n0011[label = "NearestFirstNode"];
n001 -> n0011;
n0012[label = "CplexTerminal"];
n001 -> n0012;
n00 -> n001;
n0 -> n00;
n01[label = "If_Then"];
n010[label = "If_Then"];
n0100[label = "NearestInsertion"];
n010 -> n0100;
n0101[label = "NearestInsertion"];
n010 -> n0101;
n01 -> n010;
n011[label = "If_Then"];
n0110[label = "CplexTerminal"];
n011 -> n0110;
n0111[label = "CplexTerminal"];
n011 -> n0111;
n01 -> n011;
n0 -> n01;
n02[label = "Equal"];
n020[label = "FarthestInsertion"];
n02 -> n020;
n021[label = "CplexTerminal"];
n02 -> n021;
n0 -> n02;
n -> n0;
n1[label = "If_Then_Else"];
n10[label = "And"];
n100[label = "And"];
n1000[label = "CplexTerminal"];
n100 -> n1000;
n1001[label = "FarthestFirstNode"];
n100 -> n1001;
n10 -> n100;
n101[label = "Equal"];
n1010[label = "FarthestInsertion"];
n101 -> n1010;
n1011[label = "WorstMove"];
n101 -> n1011;
n10 -> n101;
n1 -> n10;
n11[label = "If_Then_Else"];
n110[label = "If_Then"];
n1100[label = "CplexTerminal"];
n110 -> n1100;
n1101[label = "NearestInsertion"];
n110 -> n1101;
n11 -> n110;
n111[label = "Equal"];
n1110[label = "FarthestNeighbor"];
n111 -> n1110;
n1111[label = "NearestFirstNode"];
n111 -> n1111;
n11 -> n111;
n112[label = "If_Then_Else"];
n1120[label = "WorstMove"];
n112 -> n1120;
n1121[label = "BestMove"];
n112 -> n1121;
n1122[label = "CplexTerminal"];
n112 -> n1122;
n11 -> n112;
n1 -> n11;
n12[label = "While"];
n120[label = "If_Then_Else"];
n1200[label = "NearestInsertion"];
n120 -> n1200;
n1201[label = "WorstMove"];
n120 -> n1201;
n1202[label = "FarthestInsertion"];
n120 -> n1202;
n12 -> n120;
n121[label = "Equal"];
n1210[label = "NearestNeighbor"];
n121 -> n1210;
n1211[label = "CplexTerminal"];
n121 -> n1211;
n12 -> n121;
n1 -> n12;
n -> n1;
}


Generation: 8
Best Individual:
Subpopulation 0:
Evaluated: true
Fitness: Standardized=0.023056192 Adjusted=0.9774635 Hits=1
Tree 0:
digraph g {
node [shape=rectangle];
n[label = "Equal"];
n0[label = "If_Then_Else"];
n00[label = "And"];
n000[label = "If_Then_Else"];
n0000[label = "WorstMove"];
n000 -> n0000;
n0001[label = "BestMove"];
n000 -> n0001;
n0002[label = "CplexTerminal"];
n000 -> n0002;
n00 -> n000;
n001[label = "If_Then_Else"];
n0010[label = "FarthestNeighbor"];
n001 -> n0010;
n0011[label = "NearestFirstNode"];
n001 -> n0011;
n0012[label = "CplexTerminal"];
n001 -> n0012;
n00 -> n001;
n0 -> n00;
n01[label = "If_Then"];
n010[label = "If_Then"];
n0100[label = "NearestInsertion"];
n010 -> n0100;
n0101[label = "NearestInsertion"];
n010 -> n0101;
n01 -> n010;
n011[label = "If_Then"];
n0110[label = "CplexTerminal"];
n011 -> n0110;
n0111[label = "CplexTerminal"];
n011 -> n0111;
n01 -> n011;
n0 -> n01;
n02[label = "Equal"];
n020[label = "FarthestInsertion"];
n02 -> n020;
n021[label = "CplexTerminal"];
n02 -> n021;
n0 -> n02;
n -> n0;
n1[label = "If_Then_Else"];
n10[label = "And"];
n100[label = "And"];
n1000[label = "CplexTerminal"];
n100 -> n1000;
n1001[label = "FarthestFirstNode"];
n100 -> n1001;
n10 -> n100;
n101[label = "Equal"];
n1010[label = "FarthestInsertion"];
n101 -> n1010;
n1011[label = "WorstMove"];
n101 -> n1011;
n10 -> n101;
n1 -> n10;
n11[label = "If_Then_Else"];
n110[label = "If_Then"];
n1100[label = "CplexTerminal"];
n110 -> n1100;
n1101[label = "NearestInsertion"];
n110 -> n1101;
n11 -> n110;
n111[label = "Equal"];
n1110[label = "FarthestNeighbor"];
n111 -> n1110;
n1111[label = "NearestFirstNode"];
n111 -> n1111;
n11 -> n111;
n112[label = "If_Then_Else"];
n1120[label = "WorstMove"];
n112 -> n1120;
n1121[label = "BestMove"];
n112 -> n1121;
n1122[label = "CplexTerminal"];
n112 -> n1122;
n11 -> n112;
n1 -> n11;
n12[label = "While"];
n120[label = "If_Then_Else"];
n1200[label = "NearestInsertion"];
n120 -> n1200;
n1201[label = "WorstMove"];
n120 -> n1201;
n1202[label = "FarthestInsertion"];
n120 -> n1202;
n12 -> n120;
n121[label = "Equal"];
n1210[label = "NearestNeighbor"];
n121 -> n1210;
n1211[label = "CplexTerminal"];
n121 -> n1211;
n12 -> n121;
n1 -> n12;
n -> n1;
}


Generation: 9
Best Individual:
Subpopulation 0:
Evaluated: true
Fitness: Standardized=0.023056192 Adjusted=0.9774635 Hits=1
Tree 0:
digraph g {
node [shape=rectangle];
n[label = "Equal"];
n0[label = "If_Then_Else"];
n00[label = "And"];
n000[label = "If_Then_Else"];
n0000[label = "WorstMove"];
n000 -> n0000;
n0001[label = "BestMove"];
n000 -> n0001;
n0002[label = "CplexTerminal"];
n000 -> n0002;
n00 -> n000;
n001[label = "If_Then_Else"];
n0010[label = "FarthestNeighbor"];
n001 -> n0010;
n0011[label = "NearestFirstNode"];
n001 -> n0011;
n0012[label = "CplexTerminal"];
n001 -> n0012;
n00 -> n001;
n0 -> n00;
n01[label = "If_Then"];
n010[label = "If_Then"];
n0100[label = "NearestInsertion"];
n010 -> n0100;
n0101[label = "NearestInsertion"];
n010 -> n0101;
n01 -> n010;
n011[label = "If_Then"];
n0110[label = "CplexTerminal"];
n011 -> n0110;
n0111[label = "CplexTerminal"];
n011 -> n0111;
n01 -> n011;
n0 -> n01;
n02[label = "Equal"];
n020[label = "FarthestInsertion"];
n02 -> n020;
n021[label = "CplexTerminal"];
n02 -> n021;
n0 -> n02;
n -> n0;
n1[label = "If_Then_Else"];
n10[label = "And"];
n100[label = "And"];
n1000[label = "CplexTerminal"];
n100 -> n1000;
n1001[label = "FarthestFirstNode"];
n100 -> n1001;
n10 -> n100;
n101[label = "Equal"];
n1010[label = "FarthestInsertion"];
n101 -> n1010;
n1011[label = "WorstMove"];
n101 -> n1011;
n10 -> n101;
n1 -> n10;
n11[label = "If_Then_Else"];
n110[label = "If_Then"];
n1100[label = "CplexTerminal"];
n110 -> n1100;
n1101[label = "NearestInsertion"];
n110 -> n1101;
n11 -> n110;
n111[label = "Equal"];
n1110[label = "FarthestNeighbor"];
n111 -> n1110;
n1111[label = "NearestFirstNode"];
n111 -> n1111;
n11 -> n111;
n112[label = "If_Then_Else"];
n1120[label = "WorstMove"];
n112 -> n1120;
n1121[label = "BestMove"];
n112 -> n1121;
n1122[label = "CplexTerminal"];
n112 -> n1122;
n11 -> n112;
n1 -> n11;
n12[label = "While"];
n120[label = "If_Then_Else"];
n1200[label = "NearestInsertion"];
n120 -> n1200;
n1201[label = "WorstMove"];
n120 -> n1201;
n1202[label = "FarthestInsertion"];
n120 -> n1202;
n12 -> n120;
n121[label = "Equal"];
n1210[label = "NearestNeighbor"];
n121 -> n1210;
n1211[label = "CplexTerminal"];
n121 -> n1211;
n12 -> n121;
n1 -> n12;
n -> n1;
}


Generation: 10
Best Individual:
Subpopulation 0:
Evaluated: true
Fitness: Standardized=0.023056192 Adjusted=0.9774635 Hits=1
Tree 0:
digraph g {
node [shape=rectangle];
n[label = "Equal"];
n0[label = "If_Then_Else"];
n00[label = "And"];
n000[label = "If_Then_Else"];
n0000[label = "WorstMove"];
n000 -> n0000;
n0001[label = "BestMove"];
n000 -> n0001;
n0002[label = "CplexTerminal"];
n000 -> n0002;
n00 -> n000;
n001[label = "If_Then_Else"];
n0010[label = "FarthestNeighbor"];
n001 -> n0010;
n0011[label = "NearestFirstNode"];
n001 -> n0011;
n0012[label = "CplexTerminal"];
n001 -> n0012;
n00 -> n001;
n0 -> n00;
n01[label = "If_Then"];
n010[label = "If_Then"];
n0100[label = "NearestInsertion"];
n010 -> n0100;
n0101[label = "NearestInsertion"];
n010 -> n0101;
n01 -> n010;
n011[label = "If_Then"];
n0110[label = "CplexTerminal"];
n011 -> n0110;
n0111[label = "CplexTerminal"];
n011 -> n0111;
n01 -> n011;
n0 -> n01;
n02[label = "Equal"];
n020[label = "FarthestInsertion"];
n02 -> n020;
n021[label = "CplexTerminal"];
n02 -> n021;
n0 -> n02;
n -> n0;
n1[label = "If_Then_Else"];
n10[label = "And"];
n100[label = "And"];
n1000[label = "CplexTerminal"];
n100 -> n1000;
n1001[label = "FarthestFirstNode"];
n100 -> n1001;
n10 -> n100;
n101[label = "Equal"];
n1010[label = "FarthestInsertion"];
n101 -> n1010;
n1011[label = "WorstMove"];
n101 -> n1011;
n10 -> n101;
n1 -> n10;
n11[label = "If_Then_Else"];
n110[label = "If_Then"];
n1100[label = "CplexTerminal"];
n110 -> n1100;
n1101[label = "NearestInsertion"];
n110 -> n1101;
n11 -> n110;
n111[label = "Equal"];
n1110[label = "FarthestNeighbor"];
n111 -> n1110;
n1111[label = "NearestFirstNode"];
n111 -> n1111;
n11 -> n111;
n112[label = "If_Then_Else"];
n1120[label = "WorstMove"];
n112 -> n1120;
n1121[label = "BestMove"];
n112 -> n1121;
n1122[label = "CplexTerminal"];
n112 -> n1122;
n11 -> n112;
n1 -> n11;
n12[label = "While"];
n120[label = "If_Then_Else"];
n1200[label = "NearestInsertion"];
n120 -> n1200;
n1201[label = "WorstMove"];
n120 -> n1201;
n1202[label = "FarthestInsertion"];
n120 -> n1202;
n12 -> n120;
n121[label = "Equal"];
n1210[label = "NearestNeighbor"];
n121 -> n1210;
n1211[label = "CplexTerminal"];
n121 -> n1211;
n12 -> n121;
n1 -> n12;
n -> n1;
}


Generation: 11
Best Individual:
Subpopulation 0:
Evaluated: true
Fitness: Standardized=0.023056192 Adjusted=0.9774635 Hits=1
Tree 0:
digraph g {
node [shape=rectangle];
n[label = "Equal"];
n0[label = "If_Then_Else"];
n00[label = "And"];
n000[label = "If_Then_Else"];
n0000[label = "WorstMove"];
n000 -> n0000;
n0001[label = "BestMove"];
n000 -> n0001;
n0002[label = "CplexTerminal"];
n000 -> n0002;
n00 -> n000;
n001[label = "If_Then_Else"];
n0010[label = "FarthestNeighbor"];
n001 -> n0010;
n0011[label = "NearestFirstNode"];
n001 -> n0011;
n0012[label = "CplexTerminal"];
n001 -> n0012;
n00 -> n001;
n0 -> n00;
n01[label = "If_Then"];
n010[label = "If_Then"];
n0100[label = "NearestInsertion"];
n010 -> n0100;
n0101[label = "NearestInsertion"];
n010 -> n0101;
n01 -> n010;
n011[label = "If_Then"];
n0110[label = "CplexTerminal"];
n011 -> n0110;
n0111[label = "CplexTerminal"];
n011 -> n0111;
n01 -> n011;
n0 -> n01;
n02[label = "Equal"];
n020[label = "FarthestInsertion"];
n02 -> n020;
n021[label = "CplexTerminal"];
n02 -> n021;
n0 -> n02;
n -> n0;
n1[label = "If_Then_Else"];
n10[label = "And"];
n100[label = "And"];
n1000[label = "CplexTerminal"];
n100 -> n1000;
n1001[label = "FarthestFirstNode"];
n100 -> n1001;
n10 -> n100;
n101[label = "Equal"];
n1010[label = "FarthestInsertion"];
n101 -> n1010;
n1011[label = "WorstMove"];
n101 -> n1011;
n10 -> n101;
n1 -> n10;
n11[label = "If_Then_Else"];
n110[label = "If_Then"];
n1100[label = "CplexTerminal"];
n110 -> n1100;
n1101[label = "NearestInsertion"];
n110 -> n1101;
n11 -> n110;
n111[label = "Equal"];
n1110[label = "FarthestNeighbor"];
n111 -> n1110;
n1111[label = "NearestFirstNode"];
n111 -> n1111;
n11 -> n111;
n112[label = "If_Then_Else"];
n1120[label = "WorstMove"];
n112 -> n1120;
n1121[label = "BestMove"];
n112 -> n1121;
n1122[label = "CplexTerminal"];
n112 -> n1122;
n11 -> n112;
n1 -> n11;
n12[label = "While"];
n120[label = "If_Then_Else"];
n1200[label = "NearestInsertion"];
n120 -> n1200;
n1201[label = "WorstMove"];
n120 -> n1201;
n1202[label = "FarthestInsertion"];
n120 -> n1202;
n12 -> n120;
n121[label = "Equal"];
n1210[label = "NearestNeighbor"];
n121 -> n1210;
n1211[label = "CplexTerminal"];
n121 -> n1211;
n12 -> n121;
n1 -> n12;
n -> n1;
}


Generation: 12
Best Individual:
Subpopulation 0:
Evaluated: true
Fitness: Standardized=0.023056192 Adjusted=0.9774635 Hits=1
Tree 0:
digraph g {
node [shape=rectangle];
n[label = "Equal"];
n0[label = "If_Then_Else"];
n00[label = "And"];
n000[label = "If_Then_Else"];
n0000[label = "WorstMove"];
n000 -> n0000;
n0001[label = "BestMove"];
n000 -> n0001;
n0002[label = "CplexTerminal"];
n000 -> n0002;
n00 -> n000;
n001[label = "If_Then_Else"];
n0010[label = "FarthestNeighbor"];
n001 -> n0010;
n0011[label = "NearestFirstNode"];
n001 -> n0011;
n0012[label = "CplexTerminal"];
n001 -> n0012;
n00 -> n001;
n0 -> n00;
n01[label = "If_Then"];
n010[label = "If_Then"];
n0100[label = "NearestInsertion"];
n010 -> n0100;
n0101[label = "NearestInsertion"];
n010 -> n0101;
n01 -> n010;
n011[label = "If_Then"];
n0110[label = "CplexTerminal"];
n011 -> n0110;
n0111[label = "CplexTerminal"];
n011 -> n0111;
n01 -> n011;
n0 -> n01;
n02[label = "Equal"];
n020[label = "FarthestInsertion"];
n02 -> n020;
n021[label = "CplexTerminal"];
n02 -> n021;
n0 -> n02;
n -> n0;
n1[label = "If_Then_Else"];
n10[label = "And"];
n100[label = "And"];
n1000[label = "CplexTerminal"];
n100 -> n1000;
n1001[label = "FarthestFirstNode"];
n100 -> n1001;
n10 -> n100;
n101[label = "Equal"];
n1010[label = "FarthestInsertion"];
n101 -> n1010;
n1011[label = "WorstMove"];
n101 -> n1011;
n10 -> n101;
n1 -> n10;
n11[label = "If_Then_Else"];
n110[label = "If_Then"];
n1100[label = "CplexTerminal"];
n110 -> n1100;
n1101[label = "NearestInsertion"];
n110 -> n1101;
n11 -> n110;
n111[label = "Equal"];
n1110[label = "FarthestNeighbor"];
n111 -> n1110;
n1111[label = "NearestFirstNode"];
n111 -> n1111;
n11 -> n111;
n112[label = "If_Then_Else"];
n1120[label = "WorstMove"];
n112 -> n1120;
n1121[label = "BestMove"];
n112 -> n1121;
n1122[label = "CplexTerminal"];
n112 -> n1122;
n11 -> n112;
n1 -> n11;
n12[label = "While"];
n120[label = "If_Then_Else"];
n1200[label = "NearestInsertion"];
n120 -> n1200;
n1201[label = "WorstMove"];
n120 -> n1201;
n1202[label = "FarthestInsertion"];
n120 -> n1202;
n12 -> n120;
n121[label = "Equal"];
n1210[label = "NearestNeighbor"];
n121 -> n1210;
n1211[label = "CplexTerminal"];
n121 -> n1211;
n12 -> n121;
n1 -> n12;
n -> n1;
}


Generation: 13
Best Individual:
Subpopulation 0:
Evaluated: true
Fitness: Standardized=0.023056192 Adjusted=0.9774635 Hits=1
Tree 0:
digraph g {
node [shape=rectangle];
n[label = "Equal"];
n0[label = "If_Then_Else"];
n00[label = "And"];
n000[label = "If_Then_Else"];
n0000[label = "WorstMove"];
n000 -> n0000;
n0001[label = "BestMove"];
n000 -> n0001;
n0002[label = "CplexTerminal"];
n000 -> n0002;
n00 -> n000;
n001[label = "If_Then_Else"];
n0010[label = "FarthestNeighbor"];
n001 -> n0010;
n0011[label = "NearestFirstNode"];
n001 -> n0011;
n0012[label = "CplexTerminal"];
n001 -> n0012;
n00 -> n001;
n0 -> n00;
n01[label = "If_Then"];
n010[label = "If_Then"];
n0100[label = "NearestInsertion"];
n010 -> n0100;
n0101[label = "NearestInsertion"];
n010 -> n0101;
n01 -> n010;
n011[label = "If_Then"];
n0110[label = "CplexTerminal"];
n011 -> n0110;
n0111[label = "CplexTerminal"];
n011 -> n0111;
n01 -> n011;
n0 -> n01;
n02[label = "Equal"];
n020[label = "FarthestInsertion"];
n02 -> n020;
n021[label = "CplexTerminal"];
n02 -> n021;
n0 -> n02;
n -> n0;
n1[label = "If_Then_Else"];
n10[label = "And"];
n100[label = "And"];
n1000[label = "CplexTerminal"];
n100 -> n1000;
n1001[label = "FarthestFirstNode"];
n100 -> n1001;
n10 -> n100;
n101[label = "Equal"];
n1010[label = "FarthestInsertion"];
n101 -> n1010;
n1011[label = "WorstMove"];
n101 -> n1011;
n10 -> n101;
n1 -> n10;
n11[label = "If_Then_Else"];
n110[label = "If_Then"];
n1100[label = "CplexTerminal"];
n110 -> n1100;
n1101[label = "NearestInsertion"];
n110 -> n1101;
n11 -> n110;
n111[label = "Equal"];
n1110[label = "FarthestNeighbor"];
n111 -> n1110;
n1111[label = "NearestFirstNode"];
n111 -> n1111;
n11 -> n111;
n112[label = "If_Then_Else"];
n1120[label = "WorstMove"];
n112 -> n1120;
n1121[label = "BestMove"];
n112 -> n1121;
n1122[label = "CplexTerminal"];
n112 -> n1122;
n11 -> n112;
n1 -> n11;
n12[label = "While"];
n120[label = "If_Then_Else"];
n1200[label = "NearestInsertion"];
n120 -> n1200;
n1201[label = "WorstMove"];
n120 -> n1201;
n1202[label = "FarthestInsertion"];
n120 -> n1202;
n12 -> n120;
n121[label = "Equal"];
n1210[label = "NearestNeighbor"];
n121 -> n1210;
n1211[label = "CplexTerminal"];
n121 -> n1211;
n12 -> n121;
n1 -> n12;
n -> n1;
}


Generation: 14
Best Individual:
Subpopulation 0:
Evaluated: true
Fitness: Standardized=0.023056192 Adjusted=0.9774635 Hits=1
Tree 0:
digraph g {
node [shape=rectangle];
n[label = "Equal"];
n0[label = "If_Then_Else"];
n00[label = "And"];
n000[label = "If_Then_Else"];
n0000[label = "WorstMove"];
n000 -> n0000;
n0001[label = "BestMove"];
n000 -> n0001;
n0002[label = "CplexTerminal"];
n000 -> n0002;
n00 -> n000;
n001[label = "If_Then_Else"];
n0010[label = "FarthestNeighbor"];
n001 -> n0010;
n0011[label = "NearestFirstNode"];
n001 -> n0011;
n0012[label = "CplexTerminal"];
n001 -> n0012;
n00 -> n001;
n0 -> n00;
n01[label = "If_Then"];
n010[label = "If_Then"];
n0100[label = "NearestInsertion"];
n010 -> n0100;
n0101[label = "NearestInsertion"];
n010 -> n0101;
n01 -> n010;
n011[label = "If_Then"];
n0110[label = "CplexTerminal"];
n011 -> n0110;
n0111[label = "CplexTerminal"];
n011 -> n0111;
n01 -> n011;
n0 -> n01;
n02[label = "Equal"];
n020[label = "FarthestInsertion"];
n02 -> n020;
n021[label = "CplexTerminal"];
n02 -> n021;
n0 -> n02;
n -> n0;
n1[label = "If_Then_Else"];
n10[label = "And"];
n100[label = "And"];
n1000[label = "CplexTerminal"];
n100 -> n1000;
n1001[label = "FarthestFirstNode"];
n100 -> n1001;
n10 -> n100;
n101[label = "Equal"];
n1010[label = "FarthestInsertion"];
n101 -> n1010;
n1011[label = "WorstMove"];
n101 -> n1011;
n10 -> n101;
n1 -> n10;
n11[label = "If_Then_Else"];
n110[label = "If_Then"];
n1100[label = "CplexTerminal"];
n110 -> n1100;
n1101[label = "NearestInsertion"];
n110 -> n1101;
n11 -> n110;
n111[label = "Equal"];
n1110[label = "FarthestNeighbor"];
n111 -> n1110;
n1111[label = "NearestFirstNode"];
n111 -> n1111;
n11 -> n111;
n112[label = "If_Then_Else"];
n1120[label = "WorstMove"];
n112 -> n1120;
n1121[label = "BestMove"];
n112 -> n1121;
n1122[label = "CplexTerminal"];
n112 -> n1122;
n11 -> n112;
n1 -> n11;
n12[label = "While"];
n120[label = "If_Then_Else"];
n1200[label = "NearestInsertion"];
n120 -> n1200;
n1201[label = "WorstMove"];
n120 -> n1201;
n1202[label = "FarthestInsertion"];
n120 -> n1202;
n12 -> n120;
n121[label = "Equal"];
n1210[label = "NearestNeighbor"];
n121 -> n1210;
n1211[label = "CplexTerminal"];
n121 -> n1211;
n12 -> n121;
n1 -> n12;
n -> n1;
}


Generation: 15
Best Individual:
Subpopulation 0:
Evaluated: true
Fitness: Standardized=0.023056192 Adjusted=0.9774635 Hits=1
Tree 0:
digraph g {
node [shape=rectangle];
n[label = "Equal"];
n0[label = "If_Then_Else"];
n00[label = "And"];
n000[label = "If_Then_Else"];
n0000[label = "WorstMove"];
n000 -> n0000;
n0001[label = "BestMove"];
n000 -> n0001;
n0002[label = "CplexTerminal"];
n000 -> n0002;
n00 -> n000;
n001[label = "If_Then_Else"];
n0010[label = "FarthestNeighbor"];
n001 -> n0010;
n0011[label = "NearestFirstNode"];
n001 -> n0011;
n0012[label = "CplexTerminal"];
n001 -> n0012;
n00 -> n001;
n0 -> n00;
n01[label = "If_Then"];
n010[label = "If_Then"];
n0100[label = "NearestInsertion"];
n010 -> n0100;
n0101[label = "NearestInsertion"];
n010 -> n0101;
n01 -> n010;
n011[label = "If_Then"];
n0110[label = "CplexTerminal"];
n011 -> n0110;
n0111[label = "CplexTerminal"];
n011 -> n0111;
n01 -> n011;
n0 -> n01;
n02[label = "Equal"];
n020[label = "FarthestInsertion"];
n02 -> n020;
n021[label = "CplexTerminal"];
n02 -> n021;
n0 -> n02;
n -> n0;
n1[label = "If_Then_Else"];
n10[label = "And"];
n100[label = "And"];
n1000[label = "CplexTerminal"];
n100 -> n1000;
n1001[label = "FarthestFirstNode"];
n100 -> n1001;
n10 -> n100;
n101[label = "Equal"];
n1010[label = "FarthestInsertion"];
n101 -> n1010;
n1011[label = "WorstMove"];
n101 -> n1011;
n10 -> n101;
n1 -> n10;
n11[label = "If_Then_Else"];
n110[label = "If_Then"];
n1100[label = "CplexTerminal"];
n110 -> n1100;
n1101[label = "NearestInsertion"];
n110 -> n1101;
n11 -> n110;
n111[label = "Equal"];
n1110[label = "FarthestNeighbor"];
n111 -> n1110;
n1111[label = "NearestFirstNode"];
n111 -> n1111;
n11 -> n111;
n112[label = "If_Then_Else"];
n1120[label = "WorstMove"];
n112 -> n1120;
n1121[label = "BestMove"];
n112 -> n1121;
n1122[label = "CplexTerminal"];
n112 -> n1122;
n11 -> n112;
n1 -> n11;
n12[label = "While"];
n120[label = "If_Then_Else"];
n1200[label = "NearestInsertion"];
n120 -> n1200;
n1201[label = "WorstMove"];
n120 -> n1201;
n1202[label = "FarthestInsertion"];
n120 -> n1202;
n12 -> n120;
n121[label = "Equal"];
n1210[label = "NearestNeighbor"];
n121 -> n1210;
n1211[label = "CplexTerminal"];
n121 -> n1211;
n12 -> n121;
n1 -> n12;
n -> n1;
}


Generation: 16
Best Individual:
Subpopulation 0:
Evaluated: true
Fitness: Standardized=0.023056192 Adjusted=0.9774635 Hits=1
Tree 0:
digraph g {
node [shape=rectangle];
n[label = "Equal"];
n0[label = "If_Then_Else"];
n00[label = "And"];
n000[label = "If_Then_Else"];
n0000[label = "WorstMove"];
n000 -> n0000;
n0001[label = "BestMove"];
n000 -> n0001;
n0002[label = "CplexTerminal"];
n000 -> n0002;
n00 -> n000;
n001[label = "If_Then_Else"];
n0010[label = "FarthestNeighbor"];
n001 -> n0010;
n0011[label = "NearestFirstNode"];
n001 -> n0011;
n0012[label = "CplexTerminal"];
n001 -> n0012;
n00 -> n001;
n0 -> n00;
n01[label = "If_Then"];
n010[label = "If_Then"];
n0100[label = "NearestInsertion"];
n010 -> n0100;
n0101[label = "NearestInsertion"];
n010 -> n0101;
n01 -> n010;
n011[label = "If_Then"];
n0110[label = "CplexTerminal"];
n011 -> n0110;
n0111[label = "CplexTerminal"];
n011 -> n0111;
n01 -> n011;
n0 -> n01;
n02[label = "Equal"];
n020[label = "FarthestInsertion"];
n02 -> n020;
n021[label = "CplexTerminal"];
n02 -> n021;
n0 -> n02;
n -> n0;
n1[label = "If_Then_Else"];
n10[label = "And"];
n100[label = "And"];
n1000[label = "CplexTerminal"];
n100 -> n1000;
n1001[label = "FarthestFirstNode"];
n100 -> n1001;
n10 -> n100;
n101[label = "Equal"];
n1010[label = "FarthestInsertion"];
n101 -> n1010;
n1011[label = "WorstMove"];
n101 -> n1011;
n10 -> n101;
n1 -> n10;
n11[label = "If_Then_Else"];
n110[label = "If_Then"];
n1100[label = "CplexTerminal"];
n110 -> n1100;
n1101[label = "NearestInsertion"];
n110 -> n1101;
n11 -> n110;
n111[label = "Equal"];
n1110[label = "FarthestNeighbor"];
n111 -> n1110;
n1111[label = "NearestFirstNode"];
n111 -> n1111;
n11 -> n111;
n112[label = "If_Then_Else"];
n1120[label = "WorstMove"];
n112 -> n1120;
n1121[label = "BestMove"];
n112 -> n1121;
n1122[label = "CplexTerminal"];
n112 -> n1122;
n11 -> n112;
n1 -> n11;
n12[label = "While"];
n120[label = "If_Then_Else"];
n1200[label = "NearestInsertion"];
n120 -> n1200;
n1201[label = "WorstMove"];
n120 -> n1201;
n1202[label = "FarthestInsertion"];
n120 -> n1202;
n12 -> n120;
n121[label = "Equal"];
n1210[label = "NearestNeighbor"];
n121 -> n1210;
n1211[label = "CplexTerminal"];
n121 -> n1211;
n12 -> n121;
n1 -> n12;
n -> n1;
}


Generation: 17
Best Individual:
Subpopulation 0:
Evaluated: true
Fitness: Standardized=0.023056192 Adjusted=0.9774635 Hits=1
Tree 0:
digraph g {
node [shape=rectangle];
n[label = "Equal"];
n0[label = "If_Then_Else"];
n00[label = "And"];
n000[label = "If_Then_Else"];
n0000[label = "WorstMove"];
n000 -> n0000;
n0001[label = "BestMove"];
n000 -> n0001;
n0002[label = "CplexTerminal"];
n000 -> n0002;
n00 -> n000;
n001[label = "If_Then_Else"];
n0010[label = "FarthestNeighbor"];
n001 -> n0010;
n0011[label = "NearestFirstNode"];
n001 -> n0011;
n0012[label = "CplexTerminal"];
n001 -> n0012;
n00 -> n001;
n0 -> n00;
n01[label = "If_Then"];
n010[label = "If_Then"];
n0100[label = "NearestInsertion"];
n010 -> n0100;
n0101[label = "NearestInsertion"];
n010 -> n0101;
n01 -> n010;
n011[label = "If_Then"];
n0110[label = "CplexTerminal"];
n011 -> n0110;
n0111[label = "CplexTerminal"];
n011 -> n0111;
n01 -> n011;
n0 -> n01;
n02[label = "Equal"];
n020[label = "FarthestInsertion"];
n02 -> n020;
n021[label = "CplexTerminal"];
n02 -> n021;
n0 -> n02;
n -> n0;
n1[label = "If_Then_Else"];
n10[label = "And"];
n100[label = "And"];
n1000[label = "CplexTerminal"];
n100 -> n1000;
n1001[label = "FarthestFirstNode"];
n100 -> n1001;
n10 -> n100;
n101[label = "Equal"];
n1010[label = "FarthestInsertion"];
n101 -> n1010;
n1011[label = "WorstMove"];
n101 -> n1011;
n10 -> n101;
n1 -> n10;
n11[label = "If_Then_Else"];
n110[label = "If_Then"];
n1100[label = "CplexTerminal"];
n110 -> n1100;
n1101[label = "NearestInsertion"];
n110 -> n1101;
n11 -> n110;
n111[label = "Equal"];
n1110[label = "FarthestNeighbor"];
n111 -> n1110;
n1111[label = "NearestFirstNode"];
n111 -> n1111;
n11 -> n111;
n112[label = "If_Then_Else"];
n1120[label = "WorstMove"];
n112 -> n1120;
n1121[label = "BestMove"];
n112 -> n1121;
n1122[label = "CplexTerminal"];
n112 -> n1122;
n11 -> n112;
n1 -> n11;
n12[label = "While"];
n120[label = "If_Then_Else"];
n1200[label = "NearestInsertion"];
n120 -> n1200;
n1201[label = "WorstMove"];
n120 -> n1201;
n1202[label = "FarthestInsertion"];
n120 -> n1202;
n12 -> n120;
n121[label = "Equal"];
n1210[label = "NearestNeighbor"];
n121 -> n1210;
n1211[label = "CplexTerminal"];
n121 -> n1211;
n12 -> n121;
n1 -> n12;
n -> n1;
}


Generation: 18
Best Individual:
Subpopulation 0:
Evaluated: true
Fitness: Standardized=0.023056192 Adjusted=0.9774635 Hits=1
Tree 0:
digraph g {
node [shape=rectangle];
n[label = "Equal"];
n0[label = "If_Then_Else"];
n00[label = "And"];
n000[label = "If_Then_Else"];
n0000[label = "WorstMove"];
n000 -> n0000;
n0001[label = "BestMove"];
n000 -> n0001;
n0002[label = "CplexTerminal"];
n000 -> n0002;
n00 -> n000;
n001[label = "If_Then_Else"];
n0010[label = "FarthestNeighbor"];
n001 -> n0010;
n0011[label = "NearestFirstNode"];
n001 -> n0011;
n0012[label = "CplexTerminal"];
n001 -> n0012;
n00 -> n001;
n0 -> n00;
n01[label = "If_Then"];
n010[label = "If_Then"];
n0100[label = "NearestInsertion"];
n010 -> n0100;
n0101[label = "NearestInsertion"];
n010 -> n0101;
n01 -> n010;
n011[label = "If_Then"];
n0110[label = "CplexTerminal"];
n011 -> n0110;
n0111[label = "CplexTerminal"];
n011 -> n0111;
n01 -> n011;
n0 -> n01;
n02[label = "Equal"];
n020[label = "FarthestInsertion"];
n02 -> n020;
n021[label = "CplexTerminal"];
n02 -> n021;
n0 -> n02;
n -> n0;
n1[label = "If_Then_Else"];
n10[label = "And"];
n100[label = "And"];
n1000[label = "CplexTerminal"];
n100 -> n1000;
n1001[label = "FarthestFirstNode"];
n100 -> n1001;
n10 -> n100;
n101[label = "Equal"];
n1010[label = "FarthestInsertion"];
n101 -> n1010;
n1011[label = "WorstMove"];
n101 -> n1011;
n10 -> n101;
n1 -> n10;
n11[label = "If_Then_Else"];
n110[label = "If_Then"];
n1100[label = "CplexTerminal"];
n110 -> n1100;
n1101[label = "NearestInsertion"];
n110 -> n1101;
n11 -> n110;
n111[label = "Equal"];
n1110[label = "FarthestNeighbor"];
n111 -> n1110;
n1111[label = "NearestFirstNode"];
n111 -> n1111;
n11 -> n111;
n112[label = "If_Then_Else"];
n1120[label = "WorstMove"];
n112 -> n1120;
n1121[label = "BestMove"];
n112 -> n1121;
n1122[label = "CplexTerminal"];
n112 -> n1122;
n11 -> n112;
n1 -> n11;
n12[label = "While"];
n120[label = "If_Then_Else"];
n1200[label = "NearestInsertion"];
n120 -> n1200;
n1201[label = "WorstMove"];
n120 -> n1201;
n1202[label = "FarthestInsertion"];
n120 -> n1202;
n12 -> n120;
n121[label = "Equal"];
n1210[label = "NearestNeighbor"];
n121 -> n1210;
n1211[label = "CplexTerminal"];
n121 -> n1211;
n12 -> n121;
n1 -> n12;
n -> n1;
}


Generation: 19
Best Individual:
Subpopulation 0:
Evaluated: true
Fitness: Standardized=0.023056192 Adjusted=0.9774635 Hits=1
Tree 0:
digraph g {
node [shape=rectangle];
n[label = "Equal"];
n0[label = "If_Then_Else"];
n00[label = "And"];
n000[label = "If_Then_Else"];
n0000[label = "WorstMove"];
n000 -> n0000;
n0001[label = "BestMove"];
n000 -> n0001;
n0002[label = "CplexTerminal"];
n000 -> n0002;
n00 -> n000;
n001[label = "If_Then_Else"];
n0010[label = "FarthestNeighbor"];
n001 -> n0010;
n0011[label = "NearestFirstNode"];
n001 -> n0011;
n0012[label = "CplexTerminal"];
n001 -> n0012;
n00 -> n001;
n0 -> n00;
n01[label = "If_Then"];
n010[label = "If_Then"];
n0100[label = "NearestInsertion"];
n010 -> n0100;
n0101[label = "NearestInsertion"];
n010 -> n0101;
n01 -> n010;
n011[label = "If_Then"];
n0110[label = "CplexTerminal"];
n011 -> n0110;
n0111[label = "CplexTerminal"];
n011 -> n0111;
n01 -> n011;
n0 -> n01;
n02[label = "Equal"];
n020[label = "FarthestInsertion"];
n02 -> n020;
n021[label = "CplexTerminal"];
n02 -> n021;
n0 -> n02;
n -> n0;
n1[label = "If_Then_Else"];
n10[label = "And"];
n100[label = "And"];
n1000[label = "CplexTerminal"];
n100 -> n1000;
n1001[label = "FarthestFirstNode"];
n100 -> n1001;
n10 -> n100;
n101[label = "Equal"];
n1010[label = "FarthestInsertion"];
n101 -> n1010;
n1011[label = "WorstMove"];
n101 -> n1011;
n10 -> n101;
n1 -> n10;
n11[label = "If_Then_Else"];
n110[label = "If_Then"];
n1100[label = "CplexTerminal"];
n110 -> n1100;
n1101[label = "NearestInsertion"];
n110 -> n1101;
n11 -> n110;
n111[label = "Equal"];
n1110[label = "FarthestNeighbor"];
n111 -> n1110;
n1111[label = "NearestFirstNode"];
n111 -> n1111;
n11 -> n111;
n112[label = "If_Then_Else"];
n1120[label = "WorstMove"];
n112 -> n1120;
n1121[label = "BestMove"];
n112 -> n1121;
n1122[label = "CplexTerminal"];
n112 -> n1122;
n11 -> n112;
n1 -> n11;
n12[label = "While"];
n120[label = "If_Then_Else"];
n1200[label = "NearestInsertion"];
n120 -> n1200;
n1201[label = "WorstMove"];
n120 -> n1201;
n1202[label = "FarthestInsertion"];
n120 -> n1202;
n12 -> n120;
n121[label = "Equal"];
n1210[label = "NearestNeighbor"];
n121 -> n1210;
n1211[label = "CplexTerminal"];
n121 -> n1211;
n12 -> n121;
n1 -> n12;
n -> n1;
}


Generation: 20
Best Individual:
Subpopulation 0:
Evaluated: true
Fitness: Standardized=0.023056192 Adjusted=0.9774635 Hits=1
Tree 0:
digraph g {
node [shape=rectangle];
n[label = "Equal"];
n0[label = "If_Then_Else"];
n00[label = "And"];
n000[label = "If_Then_Else"];
n0000[label = "WorstMove"];
n000 -> n0000;
n0001[label = "BestMove"];
n000 -> n0001;
n0002[label = "CplexTerminal"];
n000 -> n0002;
n00 -> n000;
n001[label = "If_Then_Else"];
n0010[label = "FarthestNeighbor"];
n001 -> n0010;
n0011[label = "NearestFirstNode"];
n001 -> n0011;
n0012[label = "CplexTerminal"];
n001 -> n0012;
n00 -> n001;
n0 -> n00;
n01[label = "If_Then"];
n010[label = "If_Then"];
n0100[label = "NearestInsertion"];
n010 -> n0100;
n0101[label = "NearestInsertion"];
n010 -> n0101;
n01 -> n010;
n011[label = "If_Then"];
n0110[label = "CplexTerminal"];
n011 -> n0110;
n0111[label = "CplexTerminal"];
n011 -> n0111;
n01 -> n011;
n0 -> n01;
n02[label = "Equal"];
n020[label = "FarthestInsertion"];
n02 -> n020;
n021[label = "CplexTerminal"];
n02 -> n021;
n0 -> n02;
n -> n0;
n1[label = "If_Then_Else"];
n10[label = "And"];
n100[label = "And"];
n1000[label = "CplexTerminal"];
n100 -> n1000;
n1001[label = "FarthestFirstNode"];
n100 -> n1001;
n10 -> n100;
n101[label = "Equal"];
n1010[label = "FarthestInsertion"];
n101 -> n1010;
n1011[label = "WorstMove"];
n101 -> n1011;
n10 -> n101;
n1 -> n10;
n11[label = "If_Then_Else"];
n110[label = "If_Then"];
n1100[label = "CplexTerminal"];
n110 -> n1100;
n1101[label = "NearestInsertion"];
n110 -> n1101;
n11 -> n110;
n111[label = "Equal"];
n1110[label = "FarthestNeighbor"];
n111 -> n1110;
n1111[label = "NearestFirstNode"];
n111 -> n1111;
n11 -> n111;
n112[label = "If_Then_Else"];
n1120[label = "WorstMove"];
n112 -> n1120;
n1121[label = "BestMove"];
n112 -> n1121;
n1122[label = "CplexTerminal"];
n112 -> n1122;
n11 -> n112;
n1 -> n11;
n12[label = "While"];
n120[label = "If_Then_Else"];
n1200[label = "NearestInsertion"];
n120 -> n1200;
n1201[label = "WorstMove"];
n120 -> n1201;
n1202[label = "FarthestInsertion"];
n120 -> n1202;
n12 -> n120;
n121[label = "Equal"];
n1210[label = "NearestNeighbor"];
n121 -> n1210;
n1211[label = "CplexTerminal"];
n121 -> n1211;
n12 -> n121;
n1 -> n12;
n -> n1;
}


Generation: 21
Best Individual:
Subpopulation 0:
Evaluated: true
Fitness: Standardized=0.023056192 Adjusted=0.9774635 Hits=1
Tree 0:
digraph g {
node [shape=rectangle];
n[label = "Equal"];
n0[label = "If_Then_Else"];
n00[label = "And"];
n000[label = "If_Then_Else"];
n0000[label = "WorstMove"];
n000 -> n0000;
n0001[label = "BestMove"];
n000 -> n0001;
n0002[label = "CplexTerminal"];
n000 -> n0002;
n00 -> n000;
n001[label = "If_Then_Else"];
n0010[label = "FarthestNeighbor"];
n001 -> n0010;
n0011[label = "NearestFirstNode"];
n001 -> n0011;
n0012[label = "CplexTerminal"];
n001 -> n0012;
n00 -> n001;
n0 -> n00;
n01[label = "If_Then"];
n010[label = "If_Then"];
n0100[label = "NearestInsertion"];
n010 -> n0100;
n0101[label = "NearestInsertion"];
n010 -> n0101;
n01 -> n010;
n011[label = "If_Then"];
n0110[label = "CplexTerminal"];
n011 -> n0110;
n0111[label = "CplexTerminal"];
n011 -> n0111;
n01 -> n011;
n0 -> n01;
n02[label = "Equal"];
n020[label = "FarthestInsertion"];
n02 -> n020;
n021[label = "CplexTerminal"];
n02 -> n021;
n0 -> n02;
n -> n0;
n1[label = "If_Then_Else"];
n10[label = "And"];
n100[label = "And"];
n1000[label = "CplexTerminal"];
n100 -> n1000;
n1001[label = "FarthestFirstNode"];
n100 -> n1001;
n10 -> n100;
n101[label = "Equal"];
n1010[label = "FarthestInsertion"];
n101 -> n1010;
n1011[label = "WorstMove"];
n101 -> n1011;
n10 -> n101;
n1 -> n10;
n11[label = "If_Then_Else"];
n110[label = "If_Then"];
n1100[label = "CplexTerminal"];
n110 -> n1100;
n1101[label = "NearestInsertion"];
n110 -> n1101;
n11 -> n110;
n111[label = "Equal"];
n1110[label = "FarthestNeighbor"];
n111 -> n1110;
n1111[label = "NearestFirstNode"];
n111 -> n1111;
n11 -> n111;
n112[label = "If_Then_Else"];
n1120[label = "WorstMove"];
n112 -> n1120;
n1121[label = "BestMove"];
n112 -> n1121;
n1122[label = "CplexTerminal"];
n112 -> n1122;
n11 -> n112;
n1 -> n11;
n12[label = "While"];
n120[label = "If_Then_Else"];
n1200[label = "NearestInsertion"];
n120 -> n1200;
n1201[label = "WorstMove"];
n120 -> n1201;
n1202[label = "FarthestInsertion"];
n120 -> n1202;
n12 -> n120;
n121[label = "Equal"];
n1210[label = "NearestNeighbor"];
n121 -> n1210;
n1211[label = "CplexTerminal"];
n121 -> n1211;
n12 -> n121;
n1 -> n12;
n -> n1;
}


Generation: 22
Best Individual:
Subpopulation 0:
Evaluated: true
Fitness: Standardized=0.023056192 Adjusted=0.9774635 Hits=1
Tree 0:
digraph g {
node [shape=rectangle];
n[label = "Equal"];
n0[label = "If_Then_Else"];
n00[label = "And"];
n000[label = "If_Then_Else"];
n0000[label = "WorstMove"];
n000 -> n0000;
n0001[label = "BestMove"];
n000 -> n0001;
n0002[label = "CplexTerminal"];
n000 -> n0002;
n00 -> n000;
n001[label = "If_Then_Else"];
n0010[label = "FarthestNeighbor"];
n001 -> n0010;
n0011[label = "NearestFirstNode"];
n001 -> n0011;
n0012[label = "CplexTerminal"];
n001 -> n0012;
n00 -> n001;
n0 -> n00;
n01[label = "If_Then"];
n010[label = "If_Then"];
n0100[label = "NearestInsertion"];
n010 -> n0100;
n0101[label = "NearestInsertion"];
n010 -> n0101;
n01 -> n010;
n011[label = "If_Then"];
n0110[label = "CplexTerminal"];
n011 -> n0110;
n0111[label = "CplexTerminal"];
n011 -> n0111;
n01 -> n011;
n0 -> n01;
n02[label = "Equal"];
n020[label = "FarthestInsertion"];
n02 -> n020;
n021[label = "CplexTerminal"];
n02 -> n021;
n0 -> n02;
n -> n0;
n1[label = "If_Then_Else"];
n10[label = "And"];
n100[label = "And"];
n1000[label = "CplexTerminal"];
n100 -> n1000;
n1001[label = "FarthestFirstNode"];
n100 -> n1001;
n10 -> n100;
n101[label = "Equal"];
n1010[label = "FarthestInsertion"];
n101 -> n1010;
n1011[label = "WorstMove"];
n101 -> n1011;
n10 -> n101;
n1 -> n10;
n11[label = "If_Then_Else"];
n110[label = "If_Then"];
n1100[label = "CplexTerminal"];
n110 -> n1100;
n1101[label = "NearestInsertion"];
n110 -> n1101;
n11 -> n110;
n111[label = "Equal"];
n1110[label = "FarthestNeighbor"];
n111 -> n1110;
n1111[label = "NearestFirstNode"];
n111 -> n1111;
n11 -> n111;
n112[label = "If_Then_Else"];
n1120[label = "WorstMove"];
n112 -> n1120;
n1121[label = "BestMove"];
n112 -> n1121;
n1122[label = "CplexTerminal"];
n112 -> n1122;
n11 -> n112;
n1 -> n11;
n12[label = "While"];
n120[label = "If_Then_Else"];
n1200[label = "NearestInsertion"];
n120 -> n1200;
n1201[label = "WorstMove"];
n120 -> n1201;
n1202[label = "FarthestInsertion"];
n120 -> n1202;
n12 -> n120;
n121[label = "Equal"];
n1210[label = "NearestNeighbor"];
n121 -> n1210;
n1211[label = "CplexTerminal"];
n121 -> n1211;
n12 -> n121;
n1 -> n12;
n -> n1;
}


Generation: 23
Best Individual:
Subpopulation 0:
Evaluated: true
Fitness: Standardized=0.023056192 Adjusted=0.9774635 Hits=1
Tree 0:
digraph g {
node [shape=rectangle];
n[label = "Equal"];
n0[label = "If_Then_Else"];
n00[label = "And"];
n000[label = "If_Then_Else"];
n0000[label = "WorstMove"];
n000 -> n0000;
n0001[label = "BestMove"];
n000 -> n0001;
n0002[label = "CplexTerminal"];
n000 -> n0002;
n00 -> n000;
n001[label = "If_Then_Else"];
n0010[label = "FarthestNeighbor"];
n001 -> n0010;
n0011[label = "NearestFirstNode"];
n001 -> n0011;
n0012[label = "CplexTerminal"];
n001 -> n0012;
n00 -> n001;
n0 -> n00;
n01[label = "If_Then"];
n010[label = "If_Then"];
n0100[label = "NearestInsertion"];
n010 -> n0100;
n0101[label = "NearestInsertion"];
n010 -> n0101;
n01 -> n010;
n011[label = "If_Then"];
n0110[label = "CplexTerminal"];
n011 -> n0110;
n0111[label = "CplexTerminal"];
n011 -> n0111;
n01 -> n011;
n0 -> n01;
n02[label = "Equal"];
n020[label = "FarthestInsertion"];
n02 -> n020;
n021[label = "CplexTerminal"];
n02 -> n021;
n0 -> n02;
n -> n0;
n1[label = "If_Then_Else"];
n10[label = "And"];
n100[label = "And"];
n1000[label = "CplexTerminal"];
n100 -> n1000;
n1001[label = "FarthestFirstNode"];
n100 -> n1001;
n10 -> n100;
n101[label = "Equal"];
n1010[label = "FarthestInsertion"];
n101 -> n1010;
n1011[label = "WorstMove"];
n101 -> n1011;
n10 -> n101;
n1 -> n10;
n11[label = "If_Then_Else"];
n110[label = "If_Then"];
n1100[label = "CplexTerminal"];
n110 -> n1100;
n1101[label = "NearestInsertion"];
n110 -> n1101;
n11 -> n110;
n111[label = "Equal"];
n1110[label = "FarthestNeighbor"];
n111 -> n1110;
n1111[label = "NearestFirstNode"];
n111 -> n1111;
n11 -> n111;
n112[label = "If_Then_Else"];
n1120[label = "WorstMove"];
n112 -> n1120;
n1121[label = "BestMove"];
n112 -> n1121;
n1122[label = "CplexTerminal"];
n112 -> n1122;
n11 -> n112;
n1 -> n11;
n12[label = "While"];
n120[label = "If_Then_Else"];
n1200[label = "NearestInsertion"];
n120 -> n1200;
n1201[label = "WorstMove"];
n120 -> n1201;
n1202[label = "FarthestInsertion"];
n120 -> n1202;
n12 -> n120;
n121[label = "Equal"];
n1210[label = "NearestNeighbor"];
n121 -> n1210;
n1211[label = "CplexTerminal"];
n121 -> n1211;
n12 -> n121;
n1 -> n12;
n -> n1;
}


Generation: 24
Best Individual:
Subpopulation 0:
Evaluated: true
Fitness: Standardized=0.023056192 Adjusted=0.9774635 Hits=1
Tree 0:
digraph g {
node [shape=rectangle];
n[label = "Equal"];
n0[label = "If_Then_Else"];
n00[label = "And"];
n000[label = "If_Then_Else"];
n0000[label = "WorstMove"];
n000 -> n0000;
n0001[label = "BestMove"];
n000 -> n0001;
n0002[label = "CplexTerminal"];
n000 -> n0002;
n00 -> n000;
n001[label = "If_Then_Else"];
n0010[label = "FarthestNeighbor"];
n001 -> n0010;
n0011[label = "NearestFirstNode"];
n001 -> n0011;
n0012[label = "CplexTerminal"];
n001 -> n0012;
n00 -> n001;
n0 -> n00;
n01[label = "If_Then"];
n010[label = "If_Then"];
n0100[label = "NearestInsertion"];
n010 -> n0100;
n0101[label = "NearestInsertion"];
n010 -> n0101;
n01 -> n010;
n011[label = "If_Then"];
n0110[label = "CplexTerminal"];
n011 -> n0110;
n0111[label = "CplexTerminal"];
n011 -> n0111;
n01 -> n011;
n0 -> n01;
n02[label = "Equal"];
n020[label = "FarthestInsertion"];
n02 -> n020;
n021[label = "CplexTerminal"];
n02 -> n021;
n0 -> n02;
n -> n0;
n1[label = "If_Then_Else"];
n10[label = "And"];
n100[label = "And"];
n1000[label = "CplexTerminal"];
n100 -> n1000;
n1001[label = "FarthestFirstNode"];
n100 -> n1001;
n10 -> n100;
n101[label = "Equal"];
n1010[label = "FarthestInsertion"];
n101 -> n1010;
n1011[label = "WorstMove"];
n101 -> n1011;
n10 -> n101;
n1 -> n10;
n11[label = "If_Then_Else"];
n110[label = "If_Then"];
n1100[label = "CplexTerminal"];
n110 -> n1100;
n1101[label = "NearestInsertion"];
n110 -> n1101;
n11 -> n110;
n111[label = "Equal"];
n1110[label = "FarthestNeighbor"];
n111 -> n1110;
n1111[label = "NearestFirstNode"];
n111 -> n1111;
n11 -> n111;
n112[label = "If_Then_Else"];
n1120[label = "WorstMove"];
n112 -> n1120;
n1121[label = "BestMove"];
n112 -> n1121;
n1122[label = "CplexTerminal"];
n112 -> n1122;
n11 -> n112;
n1 -> n11;
n12[label = "While"];
n120[label = "If_Then_Else"];
n1200[label = "NearestInsertion"];
n120 -> n1200;
n1201[label = "WorstMove"];
n120 -> n1201;
n1202[label = "FarthestInsertion"];
n120 -> n1202;
n12 -> n120;
n121[label = "Equal"];
n1210[label = "NearestNeighbor"];
n121 -> n1210;
n1211[label = "CplexTerminal"];
n121 -> n1211;
n12 -> n121;
n1 -> n12;
n -> n1;
}


Generation: 25
Best Individual:
Subpopulation 0:
Evaluated: true
Fitness: Standardized=0.023056192 Adjusted=0.9774635 Hits=1
Tree 0:
digraph g {
node [shape=rectangle];
n[label = "Equal"];
n0[label = "If_Then_Else"];
n00[label = "And"];
n000[label = "If_Then_Else"];
n0000[label = "WorstMove"];
n000 -> n0000;
n0001[label = "BestMove"];
n000 -> n0001;
n0002[label = "CplexTerminal"];
n000 -> n0002;
n00 -> n000;
n001[label = "If_Then_Else"];
n0010[label = "FarthestNeighbor"];
n001 -> n0010;
n0011[label = "NearestFirstNode"];
n001 -> n0011;
n0012[label = "CplexTerminal"];
n001 -> n0012;
n00 -> n001;
n0 -> n00;
n01[label = "If_Then"];
n010[label = "If_Then"];
n0100[label = "NearestInsertion"];
n010 -> n0100;
n0101[label = "NearestInsertion"];
n010 -> n0101;
n01 -> n010;
n011[label = "If_Then"];
n0110[label = "CplexTerminal"];
n011 -> n0110;
n0111[label = "CplexTerminal"];
n011 -> n0111;
n01 -> n011;
n0 -> n01;
n02[label = "Equal"];
n020[label = "FarthestInsertion"];
n02 -> n020;
n021[label = "CplexTerminal"];
n02 -> n021;
n0 -> n02;
n -> n0;
n1[label = "If_Then_Else"];
n10[label = "And"];
n100[label = "And"];
n1000[label = "CplexTerminal"];
n100 -> n1000;
n1001[label = "FarthestFirstNode"];
n100 -> n1001;
n10 -> n100;
n101[label = "Equal"];
n1010[label = "FarthestInsertion"];
n101 -> n1010;
n1011[label = "WorstMove"];
n101 -> n1011;
n10 -> n101;
n1 -> n10;
n11[label = "If_Then_Else"];
n110[label = "If_Then"];
n1100[label = "CplexTerminal"];
n110 -> n1100;
n1101[label = "NearestInsertion"];
n110 -> n1101;
n11 -> n110;
n111[label = "Equal"];
n1110[label = "FarthestNeighbor"];
n111 -> n1110;
n1111[label = "NearestFirstNode"];
n111 -> n1111;
n11 -> n111;
n112[label = "If_Then_Else"];
n1120[label = "WorstMove"];
n112 -> n1120;
n1121[label = "BestMove"];
n112 -> n1121;
n1122[label = "CplexTerminal"];
n112 -> n1122;
n11 -> n112;
n1 -> n11;
n12[label = "While"];
n120[label = "If_Then_Else"];
n1200[label = "NearestInsertion"];
n120 -> n1200;
n1201[label = "WorstMove"];
n120 -> n1201;
n1202[label = "FarthestInsertion"];
n120 -> n1202;
n12 -> n120;
n121[label = "Equal"];
n1210[label = "NearestNeighbor"];
n121 -> n1210;
n1211[label = "CplexTerminal"];
n121 -> n1211;
n12 -> n121;
n1 -> n12;
n -> n1;
}


Generation: 26
Best Individual:
Subpopulation 0:
Evaluated: true
Fitness: Standardized=0.023056192 Adjusted=0.9774635 Hits=1
Tree 0:
digraph g {
node [shape=rectangle];
n[label = "Equal"];
n0[label = "If_Then_Else"];
n00[label = "And"];
n000[label = "If_Then_Else"];
n0000[label = "WorstMove"];
n000 -> n0000;
n0001[label = "BestMove"];
n000 -> n0001;
n0002[label = "CplexTerminal"];
n000 -> n0002;
n00 -> n000;
n001[label = "If_Then_Else"];
n0010[label = "FarthestNeighbor"];
n001 -> n0010;
n0011[label = "NearestFirstNode"];
n001 -> n0011;
n0012[label = "CplexTerminal"];
n001 -> n0012;
n00 -> n001;
n0 -> n00;
n01[label = "If_Then"];
n010[label = "If_Then"];
n0100[label = "NearestInsertion"];
n010 -> n0100;
n0101[label = "NearestInsertion"];
n010 -> n0101;
n01 -> n010;
n011[label = "If_Then"];
n0110[label = "CplexTerminal"];
n011 -> n0110;
n0111[label = "CplexTerminal"];
n011 -> n0111;
n01 -> n011;
n0 -> n01;
n02[label = "Equal"];
n020[label = "FarthestInsertion"];
n02 -> n020;
n021[label = "CplexTerminal"];
n02 -> n021;
n0 -> n02;
n -> n0;
n1[label = "If_Then_Else"];
n10[label = "And"];
n100[label = "And"];
n1000[label = "CplexTerminal"];
n100 -> n1000;
n1001[label = "FarthestFirstNode"];
n100 -> n1001;
n10 -> n100;
n101[label = "Equal"];
n1010[label = "FarthestInsertion"];
n101 -> n1010;
n1011[label = "WorstMove"];
n101 -> n1011;
n10 -> n101;
n1 -> n10;
n11[label = "If_Then_Else"];
n110[label = "If_Then"];
n1100[label = "CplexTerminal"];
n110 -> n1100;
n1101[label = "NearestInsertion"];
n110 -> n1101;
n11 -> n110;
n111[label = "Equal"];
n1110[label = "FarthestNeighbor"];
n111 -> n1110;
n1111[label = "NearestFirstNode"];
n111 -> n1111;
n11 -> n111;
n112[label = "If_Then_Else"];
n1120[label = "WorstMove"];
n112 -> n1120;
n1121[label = "BestMove"];
n112 -> n1121;
n1122[label = "CplexTerminal"];
n112 -> n1122;
n11 -> n112;
n1 -> n11;
n12[label = "While"];
n120[label = "If_Then_Else"];
n1200[label = "NearestInsertion"];
n120 -> n1200;
n1201[label = "WorstMove"];
n120 -> n1201;
n1202[label = "FarthestInsertion"];
n120 -> n1202;
n12 -> n120;
n121[label = "Equal"];
n1210[label = "NearestNeighbor"];
n121 -> n1210;
n1211[label = "CplexTerminal"];
n121 -> n1211;
n12 -> n121;
n1 -> n12;
n -> n1;
}


Generation: 27
Best Individual:
Subpopulation 0:
Evaluated: true
Fitness: Standardized=0.023056192 Adjusted=0.9774635 Hits=1
Tree 0:
digraph g {
node [shape=rectangle];
n[label = "Equal"];
n0[label = "If_Then_Else"];
n00[label = "And"];
n000[label = "If_Then_Else"];
n0000[label = "WorstMove"];
n000 -> n0000;
n0001[label = "BestMove"];
n000 -> n0001;
n0002[label = "CplexTerminal"];
n000 -> n0002;
n00 -> n000;
n001[label = "If_Then_Else"];
n0010[label = "FarthestNeighbor"];
n001 -> n0010;
n0011[label = "NearestFirstNode"];
n001 -> n0011;
n0012[label = "CplexTerminal"];
n001 -> n0012;
n00 -> n001;
n0 -> n00;
n01[label = "If_Then"];
n010[label = "If_Then"];
n0100[label = "NearestInsertion"];
n010 -> n0100;
n0101[label = "NearestInsertion"];
n010 -> n0101;
n01 -> n010;
n011[label = "If_Then"];
n0110[label = "CplexTerminal"];
n011 -> n0110;
n0111[label = "CplexTerminal"];
n011 -> n0111;
n01 -> n011;
n0 -> n01;
n02[label = "Equal"];
n020[label = "FarthestInsertion"];
n02 -> n020;
n021[label = "CplexTerminal"];
n02 -> n021;
n0 -> n02;
n -> n0;
n1[label = "If_Then_Else"];
n10[label = "And"];
n100[label = "And"];
n1000[label = "CplexTerminal"];
n100 -> n1000;
n1001[label = "FarthestFirstNode"];
n100 -> n1001;
n10 -> n100;
n101[label = "Equal"];
n1010[label = "FarthestInsertion"];
n101 -> n1010;
n1011[label = "WorstMove"];
n101 -> n1011;
n10 -> n101;
n1 -> n10;
n11[label = "If_Then_Else"];
n110[label = "If_Then"];
n1100[label = "CplexTerminal"];
n110 -> n1100;
n1101[label = "NearestInsertion"];
n110 -> n1101;
n11 -> n110;
n111[label = "Equal"];
n1110[label = "FarthestNeighbor"];
n111 -> n1110;
n1111[label = "NearestFirstNode"];
n111 -> n1111;
n11 -> n111;
n112[label = "If_Then_Else"];
n1120[label = "WorstMove"];
n112 -> n1120;
n1121[label = "BestMove"];
n112 -> n1121;
n1122[label = "CplexTerminal"];
n112 -> n1122;
n11 -> n112;
n1 -> n11;
n12[label = "While"];
n120[label = "If_Then_Else"];
n1200[label = "NearestInsertion"];
n120 -> n1200;
n1201[label = "WorstMove"];
n120 -> n1201;
n1202[label = "FarthestInsertion"];
n120 -> n1202;
n12 -> n120;
n121[label = "Equal"];
n1210[label = "NearestNeighbor"];
n121 -> n1210;
n1211[label = "CplexTerminal"];
n121 -> n1211;
n12 -> n121;
n1 -> n12;
n -> n1;
}


Generation: 28
Best Individual:
Subpopulation 0:
Evaluated: true
Fitness: Standardized=0.023056192 Adjusted=0.9774635 Hits=1
Tree 0:
digraph g {
node [shape=rectangle];
n[label = "Equal"];
n0[label = "If_Then_Else"];
n00[label = "And"];
n000[label = "If_Then_Else"];
n0000[label = "WorstMove"];
n000 -> n0000;
n0001[label = "BestMove"];
n000 -> n0001;
n0002[label = "CplexTerminal"];
n000 -> n0002;
n00 -> n000;
n001[label = "If_Then_Else"];
n0010[label = "FarthestNeighbor"];
n001 -> n0010;
n0011[label = "NearestFirstNode"];
n001 -> n0011;
n0012[label = "CplexTerminal"];
n001 -> n0012;
n00 -> n001;
n0 -> n00;
n01[label = "If_Then"];
n010[label = "If_Then"];
n0100[label = "NearestInsertion"];
n010 -> n0100;
n0101[label = "NearestInsertion"];
n010 -> n0101;
n01 -> n010;
n011[label = "If_Then"];
n0110[label = "CplexTerminal"];
n011 -> n0110;
n0111[label = "CplexTerminal"];
n011 -> n0111;
n01 -> n011;
n0 -> n01;
n02[label = "Equal"];
n020[label = "FarthestInsertion"];
n02 -> n020;
n021[label = "CplexTerminal"];
n02 -> n021;
n0 -> n02;
n -> n0;
n1[label = "If_Then_Else"];
n10[label = "And"];
n100[label = "And"];
n1000[label = "CplexTerminal"];
n100 -> n1000;
n1001[label = "FarthestFirstNode"];
n100 -> n1001;
n10 -> n100;
n101[label = "Equal"];
n1010[label = "FarthestInsertion"];
n101 -> n1010;
n1011[label = "WorstMove"];
n101 -> n1011;
n10 -> n101;
n1 -> n10;
n11[label = "If_Then_Else"];
n110[label = "If_Then"];
n1100[label = "CplexTerminal"];
n110 -> n1100;
n1101[label = "NearestInsertion"];
n110 -> n1101;
n11 -> n110;
n111[label = "Equal"];
n1110[label = "FarthestNeighbor"];
n111 -> n1110;
n1111[label = "NearestFirstNode"];
n111 -> n1111;
n11 -> n111;
n112[label = "If_Then_Else"];
n1120[label = "WorstMove"];
n112 -> n1120;
n1121[label = "BestMove"];
n112 -> n1121;
n1122[label = "CplexTerminal"];
n112 -> n1122;
n11 -> n112;
n1 -> n11;
n12[label = "While"];
n120[label = "If_Then_Else"];
n1200[label = "NearestInsertion"];
n120 -> n1200;
n1201[label = "WorstMove"];
n120 -> n1201;
n1202[label = "FarthestInsertion"];
n120 -> n1202;
n12 -> n120;
n121[label = "Equal"];
n1210[label = "NearestNeighbor"];
n121 -> n1210;
n1211[label = "CplexTerminal"];
n121 -> n1211;
n12 -> n121;
n1 -> n12;
n -> n1;
}


Generation: 29
Best Individual:
Subpopulation 0:
Evaluated: true
Fitness: Standardized=0.023056192 Adjusted=0.9774635 Hits=1
Tree 0:
digraph g {
node [shape=rectangle];
n[label = "Equal"];
n0[label = "If_Then_Else"];
n00[label = "And"];
n000[label = "If_Then_Else"];
n0000[label = "WorstMove"];
n000 -> n0000;
n0001[label = "BestMove"];
n000 -> n0001;
n0002[label = "CplexTerminal"];
n000 -> n0002;
n00 -> n000;
n001[label = "If_Then_Else"];
n0010[label = "FarthestNeighbor"];
n001 -> n0010;
n0011[label = "NearestFirstNode"];
n001 -> n0011;
n0012[label = "CplexTerminal"];
n001 -> n0012;
n00 -> n001;
n0 -> n00;
n01[label = "If_Then"];
n010[label = "If_Then"];
n0100[label = "NearestInsertion"];
n010 -> n0100;
n0101[label = "NearestInsertion"];
n010 -> n0101;
n01 -> n010;
n011[label = "If_Then"];
n0110[label = "CplexTerminal"];
n011 -> n0110;
n0111[label = "CplexTerminal"];
n011 -> n0111;
n01 -> n011;
n0 -> n01;
n02[label = "Equal"];
n020[label = "FarthestInsertion"];
n02 -> n020;
n021[label = "CplexTerminal"];
n02 -> n021;
n0 -> n02;
n -> n0;
n1[label = "If_Then_Else"];
n10[label = "And"];
n100[label = "And"];
n1000[label = "CplexTerminal"];
n100 -> n1000;
n1001[label = "FarthestFirstNode"];
n100 -> n1001;
n10 -> n100;
n101[label = "Equal"];
n1010[label = "FarthestInsertion"];
n101 -> n1010;
n1011[label = "WorstMove"];
n101 -> n1011;
n10 -> n101;
n1 -> n10;
n11[label = "If_Then_Else"];
n110[label = "If_Then"];
n1100[label = "CplexTerminal"];
n110 -> n1100;
n1101[label = "NearestInsertion"];
n110 -> n1101;
n11 -> n110;
n111[label = "Equal"];
n1110[label = "FarthestNeighbor"];
n111 -> n1110;
n1111[label = "NearestFirstNode"];
n111 -> n1111;
n11 -> n111;
n112[label = "If_Then_Else"];
n1120[label = "WorstMove"];
n112 -> n1120;
n1121[label = "BestMove"];
n112 -> n1121;
n1122[label = "CplexTerminal"];
n112 -> n1122;
n11 -> n112;
n1 -> n11;
n12[label = "While"];
n120[label = "If_Then_Else"];
n1200[label = "NearestInsertion"];
n120 -> n1200;
n1201[label = "WorstMove"];
n120 -> n1201;
n1202[label = "FarthestInsertion"];
n120 -> n1202;
n12 -> n120;
n121[label = "Equal"];
n1210[label = "NearestNeighbor"];
n121 -> n1210;
n1211[label = "CplexTerminal"];
n121 -> n1211;
n12 -> n121;
n1 -> n12;
n -> n1;
}


Generation: 30
Best Individual:
Subpopulation 0:
Evaluated: true
Fitness: Standardized=0.023056192 Adjusted=0.9774635 Hits=1
Tree 0:
digraph g {
node [shape=rectangle];
n[label = "Equal"];
n0[label = "If_Then_Else"];
n00[label = "And"];
n000[label = "If_Then_Else"];
n0000[label = "WorstMove"];
n000 -> n0000;
n0001[label = "BestMove"];
n000 -> n0001;
n0002[label = "CplexTerminal"];
n000 -> n0002;
n00 -> n000;
n001[label = "If_Then_Else"];
n0010[label = "FarthestNeighbor"];
n001 -> n0010;
n0011[label = "NearestFirstNode"];
n001 -> n0011;
n0012[label = "CplexTerminal"];
n001 -> n0012;
n00 -> n001;
n0 -> n00;
n01[label = "If_Then"];
n010[label = "If_Then"];
n0100[label = "NearestInsertion"];
n010 -> n0100;
n0101[label = "NearestInsertion"];
n010 -> n0101;
n01 -> n010;
n011[label = "If_Then"];
n0110[label = "CplexTerminal"];
n011 -> n0110;
n0111[label = "CplexTerminal"];
n011 -> n0111;
n01 -> n011;
n0 -> n01;
n02[label = "Equal"];
n020[label = "FarthestInsertion"];
n02 -> n020;
n021[label = "CplexTerminal"];
n02 -> n021;
n0 -> n02;
n -> n0;
n1[label = "If_Then_Else"];
n10[label = "And"];
n100[label = "And"];
n1000[label = "CplexTerminal"];
n100 -> n1000;
n1001[label = "FarthestFirstNode"];
n100 -> n1001;
n10 -> n100;
n101[label = "Equal"];
n1010[label = "FarthestInsertion"];
n101 -> n1010;
n1011[label = "WorstMove"];
n101 -> n1011;
n10 -> n101;
n1 -> n10;
n11[label = "If_Then_Else"];
n110[label = "If_Then"];
n1100[label = "CplexTerminal"];
n110 -> n1100;
n1101[label = "NearestInsertion"];
n110 -> n1101;
n11 -> n110;
n111[label = "Equal"];
n1110[label = "FarthestNeighbor"];
n111 -> n1110;
n1111[label = "NearestFirstNode"];
n111 -> n1111;
n11 -> n111;
n112[label = "If_Then_Else"];
n1120[label = "WorstMove"];
n112 -> n1120;
n1121[label = "BestMove"];
n112 -> n1121;
n1122[label = "CplexTerminal"];
n112 -> n1122;
n11 -> n112;
n1 -> n11;
n12[label = "While"];
n120[label = "If_Then_Else"];
n1200[label = "NearestInsertion"];
n120 -> n1200;
n1201[label = "WorstMove"];
n120 -> n1201;
n1202[label = "FarthestInsertion"];
n120 -> n1202;
n12 -> n120;
n121[label = "Equal"];
n1210[label = "NearestNeighbor"];
n121 -> n1210;
n1211[label = "CplexTerminal"];
n121 -> n1211;
n12 -> n121;
n1 -> n12;
n -> n1;
}


Generation: 31
Best Individual:
Subpopulation 0:
Evaluated: true
Fitness: Standardized=0.02239695 Adjusted=0.9780937 Hits=1
Tree 0:
digraph g {
node [shape=rectangle];
n[label = "Equal"];
n0[label = "If_Then_Else"];
n00[label = "Equal"];
n000[label = "FarthestNeighbor"];
n00 -> n000;
n001[label = "NearestFirstNode"];
n00 -> n001;
n0 -> n00;
n01[label = "Equal"];
n010[label = "CplexTerminal"];
n01 -> n010;
n011[label = "If_Then"];
n0110[label = "CplexTerminal"];
n011 -> n0110;
n0111[label = "NearestInsertion"];
n011 -> n0111;
n01 -> n011;
n0 -> n01;
n02[label = "Equal"];
n020[label = "FarthestInsertion"];
n02 -> n020;
n021[label = "CplexTerminal"];
n02 -> n021;
n0 -> n02;
n -> n0;
n1[label = "If_Then_Else"];
n10[label = "And"];
n100[label = "And"];
n1000[label = "CplexTerminal"];
n100 -> n1000;
n1001[label = "FarthestFirstNode"];
n100 -> n1001;
n10 -> n100;
n101[label = "Equal"];
n1010[label = "FarthestInsertion"];
n101 -> n1010;
n1011[label = "WorstMove"];
n101 -> n1011;
n10 -> n101;
n1 -> n10;
n11[label = "If_Then_Else"];
n110[label = "If_Then"];
n1100[label = "CplexTerminal"];
n110 -> n1100;
n1101[label = "NearestInsertion"];
n110 -> n1101;
n11 -> n110;
n111[label = "If_Then_Else"];
n1110[label = "NearestInsertion"];
n111 -> n1110;
n1111[label = "WorstMove"];
n111 -> n1111;
n1112[label = "FarthestInsertion"];
n111 -> n1112;
n11 -> n111;
n112[label = "If_Then_Else"];
n1120[label = "WorstMove"];
n112 -> n1120;
n1121[label = "BestMove"];
n112 -> n1121;
n1122[label = "CplexTerminal"];
n112 -> n1122;
n11 -> n112;
n1 -> n11;
n12[label = "While"];
n120[label = "If_Then_Else"];
n1200[label = "NearestInsertion"];
n120 -> n1200;
n1201[label = "WorstMove"];
n120 -> n1201;
n1202[label = "FarthestInsertion"];
n120 -> n1202;
n12 -> n120;
n121[label = "BestMove"];
n12 -> n121;
n1 -> n12;
n -> n1;
}


Generation: 32
Best Individual:
Subpopulation 0:
Evaluated: true
Fitness: Standardized=0.02239695 Adjusted=0.9780937 Hits=1
Tree 0:
digraph g {
node [shape=rectangle];
n[label = "Equal"];
n0[label = "If_Then_Else"];
n00[label = "Equal"];
n000[label = "FarthestNeighbor"];
n00 -> n000;
n001[label = "NearestFirstNode"];
n00 -> n001;
n0 -> n00;
n01[label = "Equal"];
n010[label = "CplexTerminal"];
n01 -> n010;
n011[label = "If_Then"];
n0110[label = "CplexTerminal"];
n011 -> n0110;
n0111[label = "NearestInsertion"];
n011 -> n0111;
n01 -> n011;
n0 -> n01;
n02[label = "Equal"];
n020[label = "FarthestInsertion"];
n02 -> n020;
n021[label = "CplexTerminal"];
n02 -> n021;
n0 -> n02;
n -> n0;
n1[label = "If_Then_Else"];
n10[label = "And"];
n100[label = "And"];
n1000[label = "CplexTerminal"];
n100 -> n1000;
n1001[label = "FarthestFirstNode"];
n100 -> n1001;
n10 -> n100;
n101[label = "Equal"];
n1010[label = "FarthestInsertion"];
n101 -> n1010;
n1011[label = "WorstMove"];
n101 -> n1011;
n10 -> n101;
n1 -> n10;
n11[label = "If_Then_Else"];
n110[label = "If_Then"];
n1100[label = "CplexTerminal"];
n110 -> n1100;
n1101[label = "NearestInsertion"];
n110 -> n1101;
n11 -> n110;
n111[label = "If_Then_Else"];
n1110[label = "NearestInsertion"];
n111 -> n1110;
n1111[label = "WorstMove"];
n111 -> n1111;
n1112[label = "FarthestInsertion"];
n111 -> n1112;
n11 -> n111;
n112[label = "If_Then_Else"];
n1120[label = "WorstMove"];
n112 -> n1120;
n1121[label = "BestMove"];
n112 -> n1121;
n1122[label = "CplexTerminal"];
n112 -> n1122;
n11 -> n112;
n1 -> n11;
n12[label = "While"];
n120[label = "If_Then_Else"];
n1200[label = "NearestInsertion"];
n120 -> n1200;
n1201[label = "WorstMove"];
n120 -> n1201;
n1202[label = "FarthestInsertion"];
n120 -> n1202;
n12 -> n120;
n121[label = "BestMove"];
n12 -> n121;
n1 -> n12;
n -> n1;
}


Generation: 33
Best Individual:
Subpopulation 0:
Evaluated: true
Fitness: Standardized=0.022070523 Adjusted=0.9784061 Hits=0
Tree 0:
digraph g {
node [shape=rectangle];
n[label = "Equal"];
n0[label = "If_Then_Else"];
n00[label = "And"];
n000[label = "If_Then_Else"];
n0000[label = "WorstMove"];
n000 -> n0000;
n0001[label = "WorstMove"];
n000 -> n0001;
n0002[label = "CplexTerminal"];
n000 -> n0002;
n00 -> n000;
n001[label = "If_Then_Else"];
n0010[label = "FarthestNeighbor"];
n001 -> n0010;
n0011[label = "NearestFirstNode"];
n001 -> n0011;
n0012[label = "CplexTerminal"];
n001 -> n0012;
n00 -> n001;
n0 -> n00;
n01[label = "If_Then"];
n010[label = "If_Then"];
n0100[label = "NearestInsertion"];
n010 -> n0100;
n0101[label = "NearestInsertion"];
n010 -> n0101;
n01 -> n010;
n011[label = "If_Then"];
n0110[label = "CplexTerminal"];
n011 -> n0110;
n0111[label = "CplexTerminal"];
n011 -> n0111;
n01 -> n011;
n0 -> n01;
n02[label = "Equal"];
n020[label = "FarthestInsertion"];
n02 -> n020;
n021[label = "CplexTerminal"];
n02 -> n021;
n0 -> n02;
n -> n0;
n1[label = "If_Then_Else"];
n10[label = "And"];
n100[label = "And"];
n1000[label = "CplexTerminal"];
n100 -> n1000;
n1001[label = "FarthestFirstNode"];
n100 -> n1001;
n10 -> n100;
n101[label = "Equal"];
n1010[label = "FarthestInsertion"];
n101 -> n1010;
n1011[label = "WorstMove"];
n101 -> n1011;
n10 -> n101;
n1 -> n10;
n11[label = "If_Then_Else"];
n110[label = "If_Then"];
n1100[label = "CplexTerminal"];
n110 -> n1100;
n1101[label = "NearestInsertion"];
n110 -> n1101;
n11 -> n110;
n111[label = "Equal"];
n1110[label = "FarthestNeighbor"];
n111 -> n1110;
n1111[label = "NearestFirstNode"];
n111 -> n1111;
n11 -> n111;
n112[label = "If_Then_Else"];
n1120[label = "WorstMove"];
n112 -> n1120;
n1121[label = "BestMove"];
n112 -> n1121;
n1122[label = "CplexTerminal"];
n112 -> n1122;
n11 -> n112;
n1 -> n11;
n12[label = "While"];
n120[label = "If_Then_Else"];
n1200[label = "NearestInsertion"];
n120 -> n1200;
n1201[label = "WorstMove"];
n120 -> n1201;
n1202[label = "FarthestInsertion"];
n120 -> n1202;
n12 -> n120;
n121[label = "Equal"];
n1210[label = "NearestNeighbor"];
n121 -> n1210;
n1211[label = "CplexTerminal"];
n121 -> n1211;
n12 -> n121;
n1 -> n12;
n -> n1;
}


Generation: 34
Best Individual:
Subpopulation 0:
Evaluated: true
Fitness: Standardized=0.022070523 Adjusted=0.9784061 Hits=0
Tree 0:
digraph g {
node [shape=rectangle];
n[label = "Equal"];
n0[label = "If_Then_Else"];
n00[label = "And"];
n000[label = "If_Then_Else"];
n0000[label = "WorstMove"];
n000 -> n0000;
n0001[label = "WorstMove"];
n000 -> n0001;
n0002[label = "CplexTerminal"];
n000 -> n0002;
n00 -> n000;
n001[label = "If_Then_Else"];
n0010[label = "FarthestNeighbor"];
n001 -> n0010;
n0011[label = "NearestFirstNode"];
n001 -> n0011;
n0012[label = "CplexTerminal"];
n001 -> n0012;
n00 -> n001;
n0 -> n00;
n01[label = "If_Then"];
n010[label = "If_Then"];
n0100[label = "NearestInsertion"];
n010 -> n0100;
n0101[label = "NearestInsertion"];
n010 -> n0101;
n01 -> n010;
n011[label = "If_Then"];
n0110[label = "CplexTerminal"];
n011 -> n0110;
n0111[label = "CplexTerminal"];
n011 -> n0111;
n01 -> n011;
n0 -> n01;
n02[label = "Equal"];
n020[label = "FarthestInsertion"];
n02 -> n020;
n021[label = "CplexTerminal"];
n02 -> n021;
n0 -> n02;
n -> n0;
n1[label = "If_Then_Else"];
n10[label = "And"];
n100[label = "And"];
n1000[label = "CplexTerminal"];
n100 -> n1000;
n1001[label = "FarthestFirstNode"];
n100 -> n1001;
n10 -> n100;
n101[label = "Equal"];
n1010[label = "FarthestInsertion"];
n101 -> n1010;
n1011[label = "WorstMove"];
n101 -> n1011;
n10 -> n101;
n1 -> n10;
n11[label = "If_Then_Else"];
n110[label = "If_Then"];
n1100[label = "CplexTerminal"];
n110 -> n1100;
n1101[label = "NearestInsertion"];
n110 -> n1101;
n11 -> n110;
n111[label = "Equal"];
n1110[label = "FarthestNeighbor"];
n111 -> n1110;
n1111[label = "NearestFirstNode"];
n111 -> n1111;
n11 -> n111;
n112[label = "If_Then_Else"];
n1120[label = "WorstMove"];
n112 -> n1120;
n1121[label = "BestMove"];
n112 -> n1121;
n1122[label = "CplexTerminal"];
n112 -> n1122;
n11 -> n112;
n1 -> n11;
n12[label = "While"];
n120[label = "If_Then_Else"];
n1200[label = "NearestInsertion"];
n120 -> n1200;
n1201[label = "WorstMove"];
n120 -> n1201;
n1202[label = "FarthestInsertion"];
n120 -> n1202;
n12 -> n120;
n121[label = "Equal"];
n1210[label = "NearestNeighbor"];
n121 -> n1210;
n1211[label = "CplexTerminal"];
n121 -> n1211;
n12 -> n121;
n1 -> n12;
n -> n1;
}


Generation: 35
Best Individual:
Subpopulation 0:
Evaluated: true
Fitness: Standardized=0.022070523 Adjusted=0.9784061 Hits=0
Tree 0:
digraph g {
node [shape=rectangle];
n[label = "Equal"];
n0[label = "If_Then_Else"];
n00[label = "And"];
n000[label = "If_Then_Else"];
n0000[label = "WorstMove"];
n000 -> n0000;
n0001[label = "WorstMove"];
n000 -> n0001;
n0002[label = "CplexTerminal"];
n000 -> n0002;
n00 -> n000;
n001[label = "If_Then_Else"];
n0010[label = "FarthestNeighbor"];
n001 -> n0010;
n0011[label = "NearestFirstNode"];
n001 -> n0011;
n0012[label = "CplexTerminal"];
n001 -> n0012;
n00 -> n001;
n0 -> n00;
n01[label = "If_Then"];
n010[label = "If_Then"];
n0100[label = "NearestInsertion"];
n010 -> n0100;
n0101[label = "NearestInsertion"];
n010 -> n0101;
n01 -> n010;
n011[label = "If_Then"];
n0110[label = "CplexTerminal"];
n011 -> n0110;
n0111[label = "CplexTerminal"];
n011 -> n0111;
n01 -> n011;
n0 -> n01;
n02[label = "Equal"];
n020[label = "FarthestInsertion"];
n02 -> n020;
n021[label = "CplexTerminal"];
n02 -> n021;
n0 -> n02;
n -> n0;
n1[label = "If_Then_Else"];
n10[label = "And"];
n100[label = "And"];
n1000[label = "CplexTerminal"];
n100 -> n1000;
n1001[label = "FarthestFirstNode"];
n100 -> n1001;
n10 -> n100;
n101[label = "Equal"];
n1010[label = "FarthestInsertion"];
n101 -> n1010;
n1011[label = "WorstMove"];
n101 -> n1011;
n10 -> n101;
n1 -> n10;
n11[label = "If_Then_Else"];
n110[label = "If_Then"];
n1100[label = "CplexTerminal"];
n110 -> n1100;
n1101[label = "NearestInsertion"];
n110 -> n1101;
n11 -> n110;
n111[label = "Equal"];
n1110[label = "FarthestNeighbor"];
n111 -> n1110;
n1111[label = "NearestFirstNode"];
n111 -> n1111;
n11 -> n111;
n112[label = "If_Then_Else"];
n1120[label = "WorstMove"];
n112 -> n1120;
n1121[label = "BestMove"];
n112 -> n1121;
n1122[label = "CplexTerminal"];
n112 -> n1122;
n11 -> n112;
n1 -> n11;
n12[label = "While"];
n120[label = "If_Then_Else"];
n1200[label = "NearestInsertion"];
n120 -> n1200;
n1201[label = "WorstMove"];
n120 -> n1201;
n1202[label = "FarthestInsertion"];
n120 -> n1202;
n12 -> n120;
n121[label = "Equal"];
n1210[label = "NearestNeighbor"];
n121 -> n1210;
n1211[label = "CplexTerminal"];
n121 -> n1211;
n12 -> n121;
n1 -> n12;
n -> n1;
}


Generation: 36
Best Individual:
Subpopulation 0:
Evaluated: true
Fitness: Standardized=0.022070523 Adjusted=0.9784061 Hits=0
Tree 0:
digraph g {
node [shape=rectangle];
n[label = "Equal"];
n0[label = "If_Then_Else"];
n00[label = "And"];
n000[label = "If_Then_Else"];
n0000[label = "WorstMove"];
n000 -> n0000;
n0001[label = "WorstMove"];
n000 -> n0001;
n0002[label = "CplexTerminal"];
n000 -> n0002;
n00 -> n000;
n001[label = "If_Then_Else"];
n0010[label = "FarthestNeighbor"];
n001 -> n0010;
n0011[label = "NearestFirstNode"];
n001 -> n0011;
n0012[label = "CplexTerminal"];
n001 -> n0012;
n00 -> n001;
n0 -> n00;
n01[label = "If_Then"];
n010[label = "If_Then"];
n0100[label = "NearestInsertion"];
n010 -> n0100;
n0101[label = "NearestInsertion"];
n010 -> n0101;
n01 -> n010;
n011[label = "If_Then"];
n0110[label = "CplexTerminal"];
n011 -> n0110;
n0111[label = "CplexTerminal"];
n011 -> n0111;
n01 -> n011;
n0 -> n01;
n02[label = "Equal"];
n020[label = "FarthestInsertion"];
n02 -> n020;
n021[label = "CplexTerminal"];
n02 -> n021;
n0 -> n02;
n -> n0;
n1[label = "If_Then_Else"];
n10[label = "And"];
n100[label = "And"];
n1000[label = "CplexTerminal"];
n100 -> n1000;
n1001[label = "FarthestFirstNode"];
n100 -> n1001;
n10 -> n100;
n101[label = "Equal"];
n1010[label = "FarthestInsertion"];
n101 -> n1010;
n1011[label = "WorstMove"];
n101 -> n1011;
n10 -> n101;
n1 -> n10;
n11[label = "If_Then_Else"];
n110[label = "If_Then"];
n1100[label = "CplexTerminal"];
n110 -> n1100;
n1101[label = "NearestInsertion"];
n110 -> n1101;
n11 -> n110;
n111[label = "Equal"];
n1110[label = "FarthestNeighbor"];
n111 -> n1110;
n1111[label = "NearestFirstNode"];
n111 -> n1111;
n11 -> n111;
n112[label = "If_Then_Else"];
n1120[label = "WorstMove"];
n112 -> n1120;
n1121[label = "BestMove"];
n112 -> n1121;
n1122[label = "CplexTerminal"];
n112 -> n1122;
n11 -> n112;
n1 -> n11;
n12[label = "While"];
n120[label = "If_Then_Else"];
n1200[label = "NearestInsertion"];
n120 -> n1200;
n1201[label = "WorstMove"];
n120 -> n1201;
n1202[label = "FarthestInsertion"];
n120 -> n1202;
n12 -> n120;
n121[label = "Equal"];
n1210[label = "NearestNeighbor"];
n121 -> n1210;
n1211[label = "CplexTerminal"];
n121 -> n1211;
n12 -> n121;
n1 -> n12;
n -> n1;
}


Generation: 37
Best Individual:
Subpopulation 0:
Evaluated: true
Fitness: Standardized=0.01804652 Adjusted=0.9822734 Hits=1
Tree 0:
digraph g {
node [shape=rectangle];
n[label = "Equal"];
n0[label = "If_Then_Else"];
n00[label = "And"];
n000[label = "And"];
n0000[label = "CplexTerminal"];
n000 -> n0000;
n0001[label = "FarthestFirstNode"];
n000 -> n0001;
n00 -> n000;
n001[label = "Equal"];
n0010[label = "FarthestInsertion"];
n001 -> n0010;
n0011[label = "WorstMove"];
n001 -> n0011;
n00 -> n001;
n0 -> n00;
n01[label = "If_Then_Else"];
n010[label = "If_Then"];
n0100[label = "CplexTerminal"];
n010 -> n0100;
n0101[label = "NearestInsertion"];
n010 -> n0101;
n01 -> n010;
n011[label = "Equal"];
n0110[label = "FarthestNeighbor"];
n011 -> n0110;
n0111[label = "NearestFirstNode"];
n011 -> n0111;
n01 -> n011;
n012[label = "If_Then_Else"];
n0120[label = "WorstMove"];
n012 -> n0120;
n0121[label = "BestMove"];
n012 -> n0121;
n0122[label = "CplexTerminal"];
n012 -> n0122;
n01 -> n012;
n0 -> n01;
n02[label = "While"];
n020[label = "If_Then_Else"];
n0200[label = "NearestInsertion"];
n020 -> n0200;
n0201[label = "WorstMove"];
n020 -> n0201;
n0202[label = "FarthestInsertion"];
n020 -> n0202;
n02 -> n020;
n021[label = "Equal"];
n0210[label = "NearestNeighbor"];
n021 -> n0210;
n0211[label = "CplexTerminal"];
n021 -> n0211;
n02 -> n021;
n0 -> n02;
n -> n0;
n1[label = "If_Then_Else"];
n10[label = "And"];
n100[label = "And"];
n1000[label = "CplexTerminal"];
n100 -> n1000;
n1001[label = "FarthestFirstNode"];
n100 -> n1001;
n10 -> n100;
n101[label = "Equal"];
n1010[label = "FarthestInsertion"];
n101 -> n1010;
n1011[label = "WorstMove"];
n101 -> n1011;
n10 -> n101;
n1 -> n10;
n11[label = "If_Then_Else"];
n110[label = "If_Then"];
n1100[label = "CplexTerminal"];
n110 -> n1100;
n1101[label = "NearestInsertion"];
n110 -> n1101;
n11 -> n110;
n111[label = "If_Then_Else"];
n1110[label = "NearestInsertion"];
n111 -> n1110;
n1111[label = "WorstMove"];
n111 -> n1111;
n1112[label = "FarthestInsertion"];
n111 -> n1112;
n11 -> n111;
n112[label = "If_Then_Else"];
n1120[label = "WorstMove"];
n112 -> n1120;
n1121[label = "BestMove"];
n112 -> n1121;
n1122[label = "CplexTerminal"];
n112 -> n1122;
n11 -> n112;
n1 -> n11;
n12[label = "While"];
n120[label = "If_Then_Else"];
n1200[label = "NearestInsertion"];
n120 -> n1200;
n1201[label = "WorstMove"];
n120 -> n1201;
n1202[label = "FarthestInsertion"];
n120 -> n1202;
n12 -> n120;
n121[label = "BestMove"];
n12 -> n121;
n1 -> n12;
n -> n1;
}


Generation: 38
Best Individual:
Subpopulation 0:
Evaluated: true
Fitness: Standardized=0.01804652 Adjusted=0.9822734 Hits=1
Tree 0:
digraph g {
node [shape=rectangle];
n[label = "Equal"];
n0[label = "If_Then_Else"];
n00[label = "And"];
n000[label = "And"];
n0000[label = "CplexTerminal"];
n000 -> n0000;
n0001[label = "FarthestFirstNode"];
n000 -> n0001;
n00 -> n000;
n001[label = "Equal"];
n0010[label = "FarthestInsertion"];
n001 -> n0010;
n0011[label = "WorstMove"];
n001 -> n0011;
n00 -> n001;
n0 -> n00;
n01[label = "If_Then_Else"];
n010[label = "If_Then"];
n0100[label = "CplexTerminal"];
n010 -> n0100;
n0101[label = "NearestInsertion"];
n010 -> n0101;
n01 -> n010;
n011[label = "Equal"];
n0110[label = "FarthestNeighbor"];
n011 -> n0110;
n0111[label = "NearestFirstNode"];
n011 -> n0111;
n01 -> n011;
n012[label = "If_Then_Else"];
n0120[label = "WorstMove"];
n012 -> n0120;
n0121[label = "BestMove"];
n012 -> n0121;
n0122[label = "CplexTerminal"];
n012 -> n0122;
n01 -> n012;
n0 -> n01;
n02[label = "While"];
n020[label = "If_Then_Else"];
n0200[label = "NearestInsertion"];
n020 -> n0200;
n0201[label = "WorstMove"];
n020 -> n0201;
n0202[label = "FarthestInsertion"];
n020 -> n0202;
n02 -> n020;
n021[label = "Equal"];
n0210[label = "NearestNeighbor"];
n021 -> n0210;
n0211[label = "CplexTerminal"];
n021 -> n0211;
n02 -> n021;
n0 -> n02;
n -> n0;
n1[label = "If_Then_Else"];
n10[label = "And"];
n100[label = "And"];
n1000[label = "CplexTerminal"];
n100 -> n1000;
n1001[label = "FarthestFirstNode"];
n100 -> n1001;
n10 -> n100;
n101[label = "Equal"];
n1010[label = "FarthestInsertion"];
n101 -> n1010;
n1011[label = "WorstMove"];
n101 -> n1011;
n10 -> n101;
n1 -> n10;
n11[label = "If_Then_Else"];
n110[label = "If_Then"];
n1100[label = "CplexTerminal"];
n110 -> n1100;
n1101[label = "NearestInsertion"];
n110 -> n1101;
n11 -> n110;
n111[label = "If_Then_Else"];
n1110[label = "NearestInsertion"];
n111 -> n1110;
n1111[label = "WorstMove"];
n111 -> n1111;
n1112[label = "FarthestInsertion"];
n111 -> n1112;
n11 -> n111;
n112[label = "If_Then_Else"];
n1120[label = "WorstMove"];
n112 -> n1120;
n1121[label = "BestMove"];
n112 -> n1121;
n1122[label = "CplexTerminal"];
n112 -> n1122;
n11 -> n112;
n1 -> n11;
n12[label = "While"];
n120[label = "If_Then_Else"];
n1200[label = "NearestInsertion"];
n120 -> n1200;
n1201[label = "WorstMove"];
n120 -> n1201;
n1202[label = "FarthestInsertion"];
n120 -> n1202;
n12 -> n120;
n121[label = "BestMove"];
n12 -> n121;
n1 -> n12;
n -> n1;
}


Generation: 39
Best Individual:
Subpopulation 0:
Evaluated: true
Fitness: Standardized=0.01804652 Adjusted=0.9822734 Hits=1
Tree 0:
digraph g {
node [shape=rectangle];
n[label = "Equal"];
n0[label = "If_Then_Else"];
n00[label = "And"];
n000[label = "And"];
n0000[label = "CplexTerminal"];
n000 -> n0000;
n0001[label = "FarthestFirstNode"];
n000 -> n0001;
n00 -> n000;
n001[label = "Equal"];
n0010[label = "FarthestInsertion"];
n001 -> n0010;
n0011[label = "WorstMove"];
n001 -> n0011;
n00 -> n001;
n0 -> n00;
n01[label = "If_Then_Else"];
n010[label = "If_Then"];
n0100[label = "CplexTerminal"];
n010 -> n0100;
n0101[label = "NearestInsertion"];
n010 -> n0101;
n01 -> n010;
n011[label = "Equal"];
n0110[label = "FarthestNeighbor"];
n011 -> n0110;
n0111[label = "NearestFirstNode"];
n011 -> n0111;
n01 -> n011;
n012[label = "If_Then_Else"];
n0120[label = "WorstMove"];
n012 -> n0120;
n0121[label = "BestMove"];
n012 -> n0121;
n0122[label = "CplexTerminal"];
n012 -> n0122;
n01 -> n012;
n0 -> n01;
n02[label = "While"];
n020[label = "If_Then_Else"];
n0200[label = "NearestInsertion"];
n020 -> n0200;
n0201[label = "WorstMove"];
n020 -> n0201;
n0202[label = "FarthestInsertion"];
n020 -> n0202;
n02 -> n020;
n021[label = "Equal"];
n0210[label = "NearestNeighbor"];
n021 -> n0210;
n0211[label = "CplexTerminal"];
n021 -> n0211;
n02 -> n021;
n0 -> n02;
n -> n0;
n1[label = "If_Then_Else"];
n10[label = "And"];
n100[label = "And"];
n1000[label = "CplexTerminal"];
n100 -> n1000;
n1001[label = "FarthestFirstNode"];
n100 -> n1001;
n10 -> n100;
n101[label = "Equal"];
n1010[label = "FarthestInsertion"];
n101 -> n1010;
n1011[label = "WorstMove"];
n101 -> n1011;
n10 -> n101;
n1 -> n10;
n11[label = "If_Then_Else"];
n110[label = "If_Then"];
n1100[label = "CplexTerminal"];
n110 -> n1100;
n1101[label = "NearestInsertion"];
n110 -> n1101;
n11 -> n110;
n111[label = "If_Then_Else"];
n1110[label = "NearestInsertion"];
n111 -> n1110;
n1111[label = "WorstMove"];
n111 -> n1111;
n1112[label = "FarthestInsertion"];
n111 -> n1112;
n11 -> n111;
n112[label = "If_Then_Else"];
n1120[label = "WorstMove"];
n112 -> n1120;
n1121[label = "BestMove"];
n112 -> n1121;
n1122[label = "CplexTerminal"];
n112 -> n1122;
n11 -> n112;
n1 -> n11;
n12[label = "While"];
n120[label = "If_Then_Else"];
n1200[label = "NearestInsertion"];
n120 -> n1200;
n1201[label = "WorstMove"];
n120 -> n1201;
n1202[label = "FarthestInsertion"];
n120 -> n1202;
n12 -> n120;
n121[label = "BestMove"];
n12 -> n121;
n1 -> n12;
n -> n1;
}


Generation: 40
Best Individual:
Subpopulation 0:
Evaluated: true
Fitness: Standardized=0.01804652 Adjusted=0.9822734 Hits=1
Tree 0:
digraph g {
node [shape=rectangle];
n[label = "Equal"];
n0[label = "If_Then_Else"];
n00[label = "And"];
n000[label = "And"];
n0000[label = "CplexTerminal"];
n000 -> n0000;
n0001[label = "FarthestFirstNode"];
n000 -> n0001;
n00 -> n000;
n001[label = "Equal"];
n0010[label = "FarthestInsertion"];
n001 -> n0010;
n0011[label = "WorstMove"];
n001 -> n0011;
n00 -> n001;
n0 -> n00;
n01[label = "If_Then_Else"];
n010[label = "If_Then"];
n0100[label = "CplexTerminal"];
n010 -> n0100;
n0101[label = "NearestInsertion"];
n010 -> n0101;
n01 -> n010;
n011[label = "Equal"];
n0110[label = "FarthestNeighbor"];
n011 -> n0110;
n0111[label = "NearestFirstNode"];
n011 -> n0111;
n01 -> n011;
n012[label = "If_Then_Else"];
n0120[label = "WorstMove"];
n012 -> n0120;
n0121[label = "BestMove"];
n012 -> n0121;
n0122[label = "CplexTerminal"];
n012 -> n0122;
n01 -> n012;
n0 -> n01;
n02[label = "While"];
n020[label = "If_Then_Else"];
n0200[label = "NearestInsertion"];
n020 -> n0200;
n0201[label = "WorstMove"];
n020 -> n0201;
n0202[label = "FarthestInsertion"];
n020 -> n0202;
n02 -> n020;
n021[label = "Equal"];
n0210[label = "NearestNeighbor"];
n021 -> n0210;
n0211[label = "CplexTerminal"];
n021 -> n0211;
n02 -> n021;
n0 -> n02;
n -> n0;
n1[label = "If_Then_Else"];
n10[label = "And"];
n100[label = "And"];
n1000[label = "CplexTerminal"];
n100 -> n1000;
n1001[label = "FarthestFirstNode"];
n100 -> n1001;
n10 -> n100;
n101[label = "Equal"];
n1010[label = "FarthestInsertion"];
n101 -> n1010;
n1011[label = "WorstMove"];
n101 -> n1011;
n10 -> n101;
n1 -> n10;
n11[label = "If_Then_Else"];
n110[label = "If_Then"];
n1100[label = "CplexTerminal"];
n110 -> n1100;
n1101[label = "NearestInsertion"];
n110 -> n1101;
n11 -> n110;
n111[label = "If_Then_Else"];
n1110[label = "NearestInsertion"];
n111 -> n1110;
n1111[label = "WorstMove"];
n111 -> n1111;
n1112[label = "FarthestInsertion"];
n111 -> n1112;
n11 -> n111;
n112[label = "If_Then_Else"];
n1120[label = "WorstMove"];
n112 -> n1120;
n1121[label = "BestMove"];
n112 -> n1121;
n1122[label = "CplexTerminal"];
n112 -> n1122;
n11 -> n112;
n1 -> n11;
n12[label = "While"];
n120[label = "If_Then_Else"];
n1200[label = "NearestInsertion"];
n120 -> n1200;
n1201[label = "WorstMove"];
n120 -> n1201;
n1202[label = "FarthestInsertion"];
n120 -> n1202;
n12 -> n120;
n121[label = "BestMove"];
n12 -> n121;
n1 -> n12;
n -> n1;
}


Generation: 41
Best Individual:
Subpopulation 0:
Evaluated: true
Fitness: Standardized=0.01804652 Adjusted=0.9822734 Hits=1
Tree 0:
digraph g {
node [shape=rectangle];
n[label = "Equal"];
n0[label = "If_Then_Else"];
n00[label = "And"];
n000[label = "And"];
n0000[label = "CplexTerminal"];
n000 -> n0000;
n0001[label = "FarthestFirstNode"];
n000 -> n0001;
n00 -> n000;
n001[label = "Equal"];
n0010[label = "FarthestInsertion"];
n001 -> n0010;
n0011[label = "WorstMove"];
n001 -> n0011;
n00 -> n001;
n0 -> n00;
n01[label = "If_Then_Else"];
n010[label = "If_Then"];
n0100[label = "CplexTerminal"];
n010 -> n0100;
n0101[label = "NearestInsertion"];
n010 -> n0101;
n01 -> n010;
n011[label = "Equal"];
n0110[label = "FarthestNeighbor"];
n011 -> n0110;
n0111[label = "NearestFirstNode"];
n011 -> n0111;
n01 -> n011;
n012[label = "If_Then_Else"];
n0120[label = "WorstMove"];
n012 -> n0120;
n0121[label = "BestMove"];
n012 -> n0121;
n0122[label = "CplexTerminal"];
n012 -> n0122;
n01 -> n012;
n0 -> n01;
n02[label = "While"];
n020[label = "If_Then_Else"];
n0200[label = "NearestInsertion"];
n020 -> n0200;
n0201[label = "WorstMove"];
n020 -> n0201;
n0202[label = "FarthestInsertion"];
n020 -> n0202;
n02 -> n020;
n021[label = "Equal"];
n0210[label = "NearestNeighbor"];
n021 -> n0210;
n0211[label = "CplexTerminal"];
n021 -> n0211;
n02 -> n021;
n0 -> n02;
n -> n0;
n1[label = "If_Then_Else"];
n10[label = "And"];
n100[label = "And"];
n1000[label = "CplexTerminal"];
n100 -> n1000;
n1001[label = "FarthestFirstNode"];
n100 -> n1001;
n10 -> n100;
n101[label = "Equal"];
n1010[label = "FarthestInsertion"];
n101 -> n1010;
n1011[label = "WorstMove"];
n101 -> n1011;
n10 -> n101;
n1 -> n10;
n11[label = "If_Then_Else"];
n110[label = "If_Then"];
n1100[label = "CplexTerminal"];
n110 -> n1100;
n1101[label = "NearestInsertion"];
n110 -> n1101;
n11 -> n110;
n111[label = "If_Then_Else"];
n1110[label = "NearestInsertion"];
n111 -> n1110;
n1111[label = "WorstMove"];
n111 -> n1111;
n1112[label = "FarthestInsertion"];
n111 -> n1112;
n11 -> n111;
n112[label = "If_Then_Else"];
n1120[label = "WorstMove"];
n112 -> n1120;
n1121[label = "BestMove"];
n112 -> n1121;
n1122[label = "CplexTerminal"];
n112 -> n1122;
n11 -> n112;
n1 -> n11;
n12[label = "While"];
n120[label = "If_Then_Else"];
n1200[label = "NearestInsertion"];
n120 -> n1200;
n1201[label = "WorstMove"];
n120 -> n1201;
n1202[label = "FarthestInsertion"];
n120 -> n1202;
n12 -> n120;
n121[label = "BestMove"];
n12 -> n121;
n1 -> n12;
n -> n1;
}


Generation: 42
Best Individual:
Subpopulation 0:
Evaluated: true
Fitness: Standardized=0.015687162 Adjusted=0.9845552 Hits=2
Tree 0:
digraph g {
node [shape=rectangle];
n[label = "Equal"];
n0[label = "If_Then_Else"];
n00[label = "And"];
n000[label = "And"];
n0000[label = "CplexTerminal"];
n000 -> n0000;
n0001[label = "FarthestFirstNode"];
n000 -> n0001;
n00 -> n000;
n001[label = "Equal"];
n0010[label = "FarthestInsertion"];
n001 -> n0010;
n0011[label = "WorstMove"];
n001 -> n0011;
n00 -> n001;
n0 -> n00;
n01[label = "CplexTerminal"];
n0 -> n01;
n02[label = "While"];
n020[label = "If_Then_Else"];
n0200[label = "NearestInsertion"];
n020 -> n0200;
n0201[label = "WorstMove"];
n020 -> n0201;
n0202[label = "FarthestInsertion"];
n020 -> n0202;
n02 -> n020;
n021[label = "FarthestFirstNode"];
n02 -> n021;
n0 -> n02;
n -> n0;
n1[label = "If_Then_Else"];
n10[label = "And"];
n100[label = "FarthestInsertion"];
n10 -> n100;
n101[label = "Equal"];
n1010[label = "FarthestInsertion"];
n101 -> n1010;
n1011[label = "WorstMove"];
n101 -> n1011;
n10 -> n101;
n1 -> n10;
n11[label = "If_Then_Else"];
n110[label = "If_Then"];
n1100[label = "CplexTerminal"];
n110 -> n1100;
n1101[label = "NearestInsertion"];
n110 -> n1101;
n11 -> n110;
n111[label = "If_Then_Else"];
n1110[label = "NearestInsertion"];
n111 -> n1110;
n1111[label = "WorstMove"];
n111 -> n1111;
n1112[label = "FarthestInsertion"];
n111 -> n1112;
n11 -> n111;
n112[label = "If_Then_Else"];
n1120[label = "WorstMove"];
n112 -> n1120;
n1121[label = "BestMove"];
n112 -> n1121;
n1122[label = "CplexTerminal"];
n112 -> n1122;
n11 -> n112;
n1 -> n11;
n12[label = "While"];
n120[label = "If_Then_Else"];
n1200[label = "NearestInsertion"];
n120 -> n1200;
n1201[label = "WorstMove"];
n120 -> n1201;
n1202[label = "FarthestInsertion"];
n120 -> n1202;
n12 -> n120;
n121[label = "BestMove"];
n12 -> n121;
n1 -> n12;
n -> n1;
}


Generation: 43
Best Individual:
Subpopulation 0:
Evaluated: true
Fitness: Standardized=0.015687162 Adjusted=0.9845552 Hits=2
Tree 0:
digraph g {
node [shape=rectangle];
n[label = "Equal"];
n0[label = "If_Then_Else"];
n00[label = "And"];
n000[label = "And"];
n0000[label = "CplexTerminal"];
n000 -> n0000;
n0001[label = "FarthestFirstNode"];
n000 -> n0001;
n00 -> n000;
n001[label = "Equal"];
n0010[label = "FarthestInsertion"];
n001 -> n0010;
n0011[label = "WorstMove"];
n001 -> n0011;
n00 -> n001;
n0 -> n00;
n01[label = "CplexTerminal"];
n0 -> n01;
n02[label = "While"];
n020[label = "If_Then_Else"];
n0200[label = "NearestInsertion"];
n020 -> n0200;
n0201[label = "WorstMove"];
n020 -> n0201;
n0202[label = "FarthestInsertion"];
n020 -> n0202;
n02 -> n020;
n021[label = "FarthestFirstNode"];
n02 -> n021;
n0 -> n02;
n -> n0;
n1[label = "If_Then_Else"];
n10[label = "And"];
n100[label = "FarthestInsertion"];
n10 -> n100;
n101[label = "Equal"];
n1010[label = "FarthestInsertion"];
n101 -> n1010;
n1011[label = "WorstMove"];
n101 -> n1011;
n10 -> n101;
n1 -> n10;
n11[label = "If_Then_Else"];
n110[label = "If_Then"];
n1100[label = "CplexTerminal"];
n110 -> n1100;
n1101[label = "NearestInsertion"];
n110 -> n1101;
n11 -> n110;
n111[label = "If_Then_Else"];
n1110[label = "NearestInsertion"];
n111 -> n1110;
n1111[label = "WorstMove"];
n111 -> n1111;
n1112[label = "FarthestInsertion"];
n111 -> n1112;
n11 -> n111;
n112[label = "If_Then_Else"];
n1120[label = "WorstMove"];
n112 -> n1120;
n1121[label = "BestMove"];
n112 -> n1121;
n1122[label = "CplexTerminal"];
n112 -> n1122;
n11 -> n112;
n1 -> n11;
n12[label = "While"];
n120[label = "If_Then_Else"];
n1200[label = "NearestInsertion"];
n120 -> n1200;
n1201[label = "WorstMove"];
n120 -> n1201;
n1202[label = "FarthestInsertion"];
n120 -> n1202;
n12 -> n120;
n121[label = "BestMove"];
n12 -> n121;
n1 -> n12;
n -> n1;
}


Generation: 44
Best Individual:
Subpopulation 0:
Evaluated: true
Fitness: Standardized=0.013730733 Adjusted=0.9864552 Hits=2
Tree 0:
digraph g {
node [shape=rectangle];
n[label = "Equal"];
n0[label = "If_Then_Else"];
n00[label = "And"];
n000[label = "And"];
n0000[label = "CplexTerminal"];
n000 -> n0000;
n0001[label = "FarthestFirstNode"];
n000 -> n0001;
n00 -> n000;
n001[label = "Equal"];
n0010[label = "FarthestInsertion"];
n001 -> n0010;
n0011[label = "WorstMove"];
n001 -> n0011;
n00 -> n001;
n0 -> n00;
n01[label = "If_Then_Else"];
n010[label = "If_Then"];
n0100[label = "CplexTerminal"];
n010 -> n0100;
n0101[label = "NearestInsertion"];
n010 -> n0101;
n01 -> n010;
n011[label = "Equal"];
n0110[label = "FarthestNeighbor"];
n011 -> n0110;
n0111[label = "NearestFirstNode"];
n011 -> n0111;
n01 -> n011;
n012[label = "If_Then_Else"];
n0120[label = "WorstMove"];
n012 -> n0120;
n0121[label = "BestMove"];
n012 -> n0121;
n0122[label = "CplexTerminal"];
n012 -> n0122;
n01 -> n012;
n0 -> n01;
n02[label = "While"];
n020[label = "If_Then_Else"];
n0200[label = "NearestInsertion"];
n020 -> n0200;
n0201[label = "WorstMove"];
n020 -> n0201;
n0202[label = "FarthestInsertion"];
n020 -> n0202;
n02 -> n020;
n021[label = "Equal"];
n0210[label = "NearestNeighbor"];
n021 -> n0210;
n0211[label = "CplexTerminal"];
n021 -> n0211;
n02 -> n021;
n0 -> n02;
n -> n0;
n1[label = "If_Then_Else"];
n10[label = "And"];
n100[label = "And"];
n1000[label = "NearestInsertion"];
n100 -> n1000;
n1001[label = "FarthestFirstNode"];
n100 -> n1001;
n10 -> n100;
n101[label = "Equal"];
n1010[label = "FarthestInsertion"];
n101 -> n1010;
n1011[label = "WorstMove"];
n101 -> n1011;
n10 -> n101;
n1 -> n10;
n11[label = "If_Then_Else"];
n110[label = "If_Then"];
n1100[label = "CplexTerminal"];
n110 -> n1100;
n1101[label = "NearestInsertion"];
n110 -> n1101;
n11 -> n110;
n111[label = "If_Then_Else"];
n1110[label = "NearestInsertion"];
n111 -> n1110;
n1111[label = "WorstMove"];
n111 -> n1111;
n1112[label = "FarthestInsertion"];
n111 -> n1112;
n11 -> n111;
n112[label = "If_Then_Else"];
n1120[label = "WorstMove"];
n112 -> n1120;
n1121[label = "BestMove"];
n112 -> n1121;
n1122[label = "CplexTerminal"];
n112 -> n1122;
n11 -> n112;
n1 -> n11;
n12[label = "While"];
n120[label = "If_Then_Else"];
n1200[label = "NearestInsertion"];
n120 -> n1200;
n1201[label = "WorstMove"];
n120 -> n1201;
n1202[label = "FarthestInsertion"];
n120 -> n1202;
n12 -> n120;
n121[label = "BestMove"];
n12 -> n121;
n1 -> n12;
n -> n1;
}


Generation: 45
Best Individual:
Subpopulation 0:
Evaluated: true
Fitness: Standardized=0.013730733 Adjusted=0.9864552 Hits=2
Tree 0:
digraph g {
node [shape=rectangle];
n[label = "Equal"];
n0[label = "If_Then_Else"];
n00[label = "And"];
n000[label = "And"];
n0000[label = "CplexTerminal"];
n000 -> n0000;
n0001[label = "FarthestFirstNode"];
n000 -> n0001;
n00 -> n000;
n001[label = "Equal"];
n0010[label = "FarthestInsertion"];
n001 -> n0010;
n0011[label = "WorstMove"];
n001 -> n0011;
n00 -> n001;
n0 -> n00;
n01[label = "If_Then_Else"];
n010[label = "If_Then"];
n0100[label = "CplexTerminal"];
n010 -> n0100;
n0101[label = "NearestInsertion"];
n010 -> n0101;
n01 -> n010;
n011[label = "Equal"];
n0110[label = "FarthestNeighbor"];
n011 -> n0110;
n0111[label = "NearestFirstNode"];
n011 -> n0111;
n01 -> n011;
n012[label = "If_Then_Else"];
n0120[label = "WorstMove"];
n012 -> n0120;
n0121[label = "BestMove"];
n012 -> n0121;
n0122[label = "CplexTerminal"];
n012 -> n0122;
n01 -> n012;
n0 -> n01;
n02[label = "While"];
n020[label = "If_Then_Else"];
n0200[label = "NearestInsertion"];
n020 -> n0200;
n0201[label = "WorstMove"];
n020 -> n0201;
n0202[label = "FarthestInsertion"];
n020 -> n0202;
n02 -> n020;
n021[label = "Equal"];
n0210[label = "NearestNeighbor"];
n021 -> n0210;
n0211[label = "CplexTerminal"];
n021 -> n0211;
n02 -> n021;
n0 -> n02;
n -> n0;
n1[label = "If_Then_Else"];
n10[label = "And"];
n100[label = "And"];
n1000[label = "NearestInsertion"];
n100 -> n1000;
n1001[label = "FarthestFirstNode"];
n100 -> n1001;
n10 -> n100;
n101[label = "Equal"];
n1010[label = "FarthestInsertion"];
n101 -> n1010;
n1011[label = "WorstMove"];
n101 -> n1011;
n10 -> n101;
n1 -> n10;
n11[label = "If_Then_Else"];
n110[label = "If_Then"];
n1100[label = "CplexTerminal"];
n110 -> n1100;
n1101[label = "NearestInsertion"];
n110 -> n1101;
n11 -> n110;
n111[label = "If_Then_Else"];
n1110[label = "NearestInsertion"];
n111 -> n1110;
n1111[label = "WorstMove"];
n111 -> n1111;
n1112[label = "FarthestInsertion"];
n111 -> n1112;
n11 -> n111;
n112[label = "If_Then_Else"];
n1120[label = "WorstMove"];
n112 -> n1120;
n1121[label = "BestMove"];
n112 -> n1121;
n1122[label = "CplexTerminal"];
n112 -> n1122;
n11 -> n112;
n1 -> n11;
n12[label = "While"];
n120[label = "If_Then_Else"];
n1200[label = "NearestInsertion"];
n120 -> n1200;
n1201[label = "WorstMove"];
n120 -> n1201;
n1202[label = "FarthestInsertion"];
n120 -> n1202;
n12 -> n120;
n121[label = "BestMove"];
n12 -> n121;
n1 -> n12;
n -> n1;
}


Generation: 46
Best Individual:
Subpopulation 0:
Evaluated: true
Fitness: Standardized=0.013730733 Adjusted=0.9864552 Hits=2
Tree 0:
digraph g {
node [shape=rectangle];
n[label = "Equal"];
n0[label = "If_Then_Else"];
n00[label = "And"];
n000[label = "And"];
n0000[label = "CplexTerminal"];
n000 -> n0000;
n0001[label = "FarthestFirstNode"];
n000 -> n0001;
n00 -> n000;
n001[label = "Equal"];
n0010[label = "FarthestInsertion"];
n001 -> n0010;
n0011[label = "WorstMove"];
n001 -> n0011;
n00 -> n001;
n0 -> n00;
n01[label = "If_Then_Else"];
n010[label = "If_Then"];
n0100[label = "CplexTerminal"];
n010 -> n0100;
n0101[label = "NearestInsertion"];
n010 -> n0101;
n01 -> n010;
n011[label = "Equal"];
n0110[label = "FarthestNeighbor"];
n011 -> n0110;
n0111[label = "NearestFirstNode"];
n011 -> n0111;
n01 -> n011;
n012[label = "If_Then_Else"];
n0120[label = "WorstMove"];
n012 -> n0120;
n0121[label = "BestMove"];
n012 -> n0121;
n0122[label = "CplexTerminal"];
n012 -> n0122;
n01 -> n012;
n0 -> n01;
n02[label = "While"];
n020[label = "If_Then_Else"];
n0200[label = "NearestInsertion"];
n020 -> n0200;
n0201[label = "WorstMove"];
n020 -> n0201;
n0202[label = "FarthestInsertion"];
n020 -> n0202;
n02 -> n020;
n021[label = "Equal"];
n0210[label = "NearestNeighbor"];
n021 -> n0210;
n0211[label = "CplexTerminal"];
n021 -> n0211;
n02 -> n021;
n0 -> n02;
n -> n0;
n1[label = "If_Then_Else"];
n10[label = "And"];
n100[label = "And"];
n1000[label = "NearestInsertion"];
n100 -> n1000;
n1001[label = "FarthestFirstNode"];
n100 -> n1001;
n10 -> n100;
n101[label = "Equal"];
n1010[label = "FarthestInsertion"];
n101 -> n1010;
n1011[label = "WorstMove"];
n101 -> n1011;
n10 -> n101;
n1 -> n10;
n11[label = "If_Then_Else"];
n110[label = "If_Then"];
n1100[label = "CplexTerminal"];
n110 -> n1100;
n1101[label = "NearestInsertion"];
n110 -> n1101;
n11 -> n110;
n111[label = "If_Then_Else"];
n1110[label = "NearestInsertion"];
n111 -> n1110;
n1111[label = "WorstMove"];
n111 -> n1111;
n1112[label = "FarthestInsertion"];
n111 -> n1112;
n11 -> n111;
n112[label = "If_Then_Else"];
n1120[label = "WorstMove"];
n112 -> n1120;
n1121[label = "BestMove"];
n112 -> n1121;
n1122[label = "CplexTerminal"];
n112 -> n1122;
n11 -> n112;
n1 -> n11;
n12[label = "While"];
n120[label = "If_Then_Else"];
n1200[label = "NearestInsertion"];
n120 -> n1200;
n1201[label = "WorstMove"];
n120 -> n1201;
n1202[label = "FarthestInsertion"];
n120 -> n1202;
n12 -> n120;
n121[label = "BestMove"];
n12 -> n121;
n1 -> n12;
n -> n1;
}


Generation: 47
Best Individual:
Subpopulation 0:
Evaluated: true
Fitness: Standardized=0.008400444 Adjusted=0.99166954 Hits=2
Tree 0:
digraph g {
node [shape=rectangle];
n[label = "Equal"];
n0[label = "If_Then_Else"];
n00[label = "And"];
n000[label = "And"];
n0000[label = "CplexTerminal"];
n000 -> n0000;
n0001[label = "FarthestFirstNode"];
n000 -> n0001;
n00 -> n000;
n001[label = "Equal"];
n0010[label = "FarthestInsertion"];
n001 -> n0010;
n0011[label = "WorstMove"];
n001 -> n0011;
n00 -> n001;
n0 -> n00;
n01[label = "If_Then_Else"];
n010[label = "If_Then"];
n0100[label = "CplexTerminal"];
n010 -> n0100;
n0101[label = "NearestInsertion"];
n010 -> n0101;
n01 -> n010;
n011[label = "Equal"];
n0110[label = "FarthestNeighbor"];
n011 -> n0110;
n0111[label = "NearestFirstNode"];
n011 -> n0111;
n01 -> n011;
n012[label = "If_Then_Else"];
n0120[label = "WorstMove"];
n012 -> n0120;
n0121[label = "BestMove"];
n012 -> n0121;
n0122[label = "CplexTerminal"];
n012 -> n0122;
n01 -> n012;
n0 -> n01;
n02[label = "While"];
n020[label = "If_Then_Else"];
n0200[label = "NearestInsertion"];
n020 -> n0200;
n0201[label = "WorstMove"];
n020 -> n0201;
n0202[label = "FarthestInsertion"];
n020 -> n0202;
n02 -> n020;
n021[label = "Equal"];
n0210[label = "NearestNeighbor"];
n021 -> n0210;
n0211[label = "CplexTerminal"];
n021 -> n0211;
n02 -> n021;
n0 -> n02;
n -> n0;
n1[label = "If_Then_Else"];
n10[label = "And"];
n100[label = "And"];
n1000[label = "CplexTerminal"];
n100 -> n1000;
n1001[label = "FarthestFirstNode"];
n100 -> n1001;
n10 -> n100;
n101[label = "Equal"];
n1010[label = "FarthestInsertion"];
n101 -> n1010;
n1011[label = "WorstMove"];
n101 -> n1011;
n10 -> n101;
n1 -> n10;
n11[label = "If_Then_Else"];
n110[label = "If_Then"];
n1100[label = "CplexTerminal"];
n110 -> n1100;
n1101[label = "NearestInsertion"];
n110 -> n1101;
n11 -> n110;
n111[label = "If_Then_Else"];
n1110[label = "NearestInsertion"];
n111 -> n1110;
n1111[label = "WorstMove"];
n111 -> n1111;
n1112[label = "FarthestInsertion"];
n111 -> n1112;
n11 -> n111;
n112[label = "If_Then_Else"];
n1120[label = "WorstMove"];
n112 -> n1120;
n1121[label = "BestMove"];
n112 -> n1121;
n1122[label = "CplexTerminal"];
n112 -> n1122;
n11 -> n112;
n1 -> n11;
n12[label = "While"];
n120[label = "If_Then_Else"];
n1200[label = "NearestInsertion"];
n120 -> n1200;
n1201[label = "WorstMove"];
n120 -> n1201;
n1202[label = "FarthestInsertion"];
n120 -> n1202;
n12 -> n120;
n121[label = "BestMove"];
n12 -> n121;
n1 -> n12;
n -> n1;
}


Generation: 48
Best Individual:
Subpopulation 0:
Evaluated: true
Fitness: Standardized=0.008400444 Adjusted=0.99166954 Hits=2
Tree 0:
digraph g {
node [shape=rectangle];
n[label = "Equal"];
n0[label = "If_Then_Else"];
n00[label = "And"];
n000[label = "And"];
n0000[label = "CplexTerminal"];
n000 -> n0000;
n0001[label = "FarthestFirstNode"];
n000 -> n0001;
n00 -> n000;
n001[label = "Equal"];
n0010[label = "FarthestInsertion"];
n001 -> n0010;
n0011[label = "WorstMove"];
n001 -> n0011;
n00 -> n001;
n0 -> n00;
n01[label = "If_Then_Else"];
n010[label = "If_Then"];
n0100[label = "CplexTerminal"];
n010 -> n0100;
n0101[label = "NearestInsertion"];
n010 -> n0101;
n01 -> n010;
n011[label = "Equal"];
n0110[label = "FarthestNeighbor"];
n011 -> n0110;
n0111[label = "NearestFirstNode"];
n011 -> n0111;
n01 -> n011;
n012[label = "If_Then_Else"];
n0120[label = "WorstMove"];
n012 -> n0120;
n0121[label = "BestMove"];
n012 -> n0121;
n0122[label = "CplexTerminal"];
n012 -> n0122;
n01 -> n012;
n0 -> n01;
n02[label = "While"];
n020[label = "If_Then_Else"];
n0200[label = "NearestInsertion"];
n020 -> n0200;
n0201[label = "WorstMove"];
n020 -> n0201;
n0202[label = "FarthestInsertion"];
n020 -> n0202;
n02 -> n020;
n021[label = "Equal"];
n0210[label = "NearestNeighbor"];
n021 -> n0210;
n0211[label = "CplexTerminal"];
n021 -> n0211;
n02 -> n021;
n0 -> n02;
n -> n0;
n1[label = "If_Then_Else"];
n10[label = "And"];
n100[label = "And"];
n1000[label = "CplexTerminal"];
n100 -> n1000;
n1001[label = "FarthestFirstNode"];
n100 -> n1001;
n10 -> n100;
n101[label = "Equal"];
n1010[label = "FarthestInsertion"];
n101 -> n1010;
n1011[label = "WorstMove"];
n101 -> n1011;
n10 -> n101;
n1 -> n10;
n11[label = "If_Then_Else"];
n110[label = "If_Then"];
n1100[label = "CplexTerminal"];
n110 -> n1100;
n1101[label = "NearestInsertion"];
n110 -> n1101;
n11 -> n110;
n111[label = "If_Then_Else"];
n1110[label = "NearestInsertion"];
n111 -> n1110;
n1111[label = "WorstMove"];
n111 -> n1111;
n1112[label = "FarthestInsertion"];
n111 -> n1112;
n11 -> n111;
n112[label = "If_Then_Else"];
n1120[label = "WorstMove"];
n112 -> n1120;
n1121[label = "BestMove"];
n112 -> n1121;
n1122[label = "CplexTerminal"];
n112 -> n1122;
n11 -> n112;
n1 -> n11;
n12[label = "While"];
n120[label = "If_Then_Else"];
n1200[label = "NearestInsertion"];
n120 -> n1200;
n1201[label = "WorstMove"];
n120 -> n1201;
n1202[label = "FarthestInsertion"];
n120 -> n1202;
n12 -> n120;
n121[label = "BestMove"];
n12 -> n121;
n1 -> n12;
n -> n1;
}


Generation: 49
Best Individual:
Subpopulation 0:
Evaluated: true
Fitness: Standardized=0.008400444 Adjusted=0.99166954 Hits=2
Tree 0:
digraph g {
node [shape=rectangle];
n[label = "Equal"];
n0[label = "If_Then_Else"];
n00[label = "And"];
n000[label = "And"];
n0000[label = "CplexTerminal"];
n000 -> n0000;
n0001[label = "FarthestFirstNode"];
n000 -> n0001;
n00 -> n000;
n001[label = "Equal"];
n0010[label = "FarthestInsertion"];
n001 -> n0010;
n0011[label = "WorstMove"];
n001 -> n0011;
n00 -> n001;
n0 -> n00;
n01[label = "If_Then_Else"];
n010[label = "If_Then"];
n0100[label = "CplexTerminal"];
n010 -> n0100;
n0101[label = "NearestInsertion"];
n010 -> n0101;
n01 -> n010;
n011[label = "Equal"];
n0110[label = "FarthestNeighbor"];
n011 -> n0110;
n0111[label = "NearestFirstNode"];
n011 -> n0111;
n01 -> n011;
n012[label = "If_Then_Else"];
n0120[label = "WorstMove"];
n012 -> n0120;
n0121[label = "BestMove"];
n012 -> n0121;
n0122[label = "CplexTerminal"];
n012 -> n0122;
n01 -> n012;
n0 -> n01;
n02[label = "While"];
n020[label = "If_Then_Else"];
n0200[label = "NearestInsertion"];
n020 -> n0200;
n0201[label = "WorstMove"];
n020 -> n0201;
n0202[label = "FarthestInsertion"];
n020 -> n0202;
n02 -> n020;
n021[label = "Equal"];
n0210[label = "NearestNeighbor"];
n021 -> n0210;
n0211[label = "CplexTerminal"];
n021 -> n0211;
n02 -> n021;
n0 -> n02;
n -> n0;
n1[label = "If_Then_Else"];
n10[label = "And"];
n100[label = "And"];
n1000[label = "CplexTerminal"];
n100 -> n1000;
n1001[label = "FarthestFirstNode"];
n100 -> n1001;
n10 -> n100;
n101[label = "Equal"];
n1010[label = "FarthestInsertion"];
n101 -> n1010;
n1011[label = "WorstMove"];
n101 -> n1011;
n10 -> n101;
n1 -> n10;
n11[label = "If_Then_Else"];
n110[label = "If_Then"];
n1100[label = "CplexTerminal"];
n110 -> n1100;
n1101[label = "NearestInsertion"];
n110 -> n1101;
n11 -> n110;
n111[label = "If_Then_Else"];
n1110[label = "NearestInsertion"];
n111 -> n1110;
n1111[label = "WorstMove"];
n111 -> n1111;
n1112[label = "FarthestInsertion"];
n111 -> n1112;
n11 -> n111;
n112[label = "If_Then_Else"];
n1120[label = "WorstMove"];
n112 -> n1120;
n1121[label = "BestMove"];
n112 -> n1121;
n1122[label = "CplexTerminal"];
n112 -> n1122;
n11 -> n112;
n1 -> n11;
n12[label = "While"];
n120[label = "If_Then_Else"];
n1200[label = "NearestInsertion"];
n120 -> n1200;
n1201[label = "WorstMove"];
n120 -> n1201;
n1202[label = "FarthestInsertion"];
n120 -> n1202;
n12 -> n120;
n121[label = "BestMove"];
n12 -> n121;
n1 -> n12;
n -> n1;
}


Generation: 50
Best Individual:
Subpopulation 0:
Evaluated: true
Fitness: Standardized=0.008400444 Adjusted=0.99166954 Hits=2
Tree 0:
digraph g {
node [shape=rectangle];
n[label = "Equal"];
n0[label = "If_Then_Else"];
n00[label = "And"];
n000[label = "And"];
n0000[label = "CplexTerminal"];
n000 -> n0000;
n0001[label = "FarthestFirstNode"];
n000 -> n0001;
n00 -> n000;
n001[label = "Equal"];
n0010[label = "FarthestInsertion"];
n001 -> n0010;
n0011[label = "WorstMove"];
n001 -> n0011;
n00 -> n001;
n0 -> n00;
n01[label = "If_Then_Else"];
n010[label = "If_Then"];
n0100[label = "CplexTerminal"];
n010 -> n0100;
n0101[label = "NearestInsertion"];
n010 -> n0101;
n01 -> n010;
n011[label = "Equal"];
n0110[label = "FarthestNeighbor"];
n011 -> n0110;
n0111[label = "NearestFirstNode"];
n011 -> n0111;
n01 -> n011;
n012[label = "If_Then_Else"];
n0120[label = "WorstMove"];
n012 -> n0120;
n0121[label = "BestMove"];
n012 -> n0121;
n0122[label = "CplexTerminal"];
n012 -> n0122;
n01 -> n012;
n0 -> n01;
n02[label = "While"];
n020[label = "If_Then_Else"];
n0200[label = "NearestInsertion"];
n020 -> n0200;
n0201[label = "WorstMove"];
n020 -> n0201;
n0202[label = "FarthestInsertion"];
n020 -> n0202;
n02 -> n020;
n021[label = "Equal"];
n0210[label = "NearestNeighbor"];
n021 -> n0210;
n0211[label = "CplexTerminal"];
n021 -> n0211;
n02 -> n021;
n0 -> n02;
n -> n0;
n1[label = "If_Then_Else"];
n10[label = "And"];
n100[label = "And"];
n1000[label = "CplexTerminal"];
n100 -> n1000;
n1001[label = "FarthestFirstNode"];
n100 -> n1001;
n10 -> n100;
n101[label = "Equal"];
n1010[label = "FarthestInsertion"];
n101 -> n1010;
n1011[label = "WorstMove"];
n101 -> n1011;
n10 -> n101;
n1 -> n10;
n11[label = "If_Then_Else"];
n110[label = "If_Then"];
n1100[label = "CplexTerminal"];
n110 -> n1100;
n1101[label = "NearestInsertion"];
n110 -> n1101;
n11 -> n110;
n111[label = "If_Then_Else"];
n1110[label = "NearestInsertion"];
n111 -> n1110;
n1111[label = "WorstMove"];
n111 -> n1111;
n1112[label = "FarthestInsertion"];
n111 -> n1112;
n11 -> n111;
n112[label = "If_Then_Else"];
n1120[label = "WorstMove"];
n112 -> n1120;
n1121[label = "BestMove"];
n112 -> n1121;
n1122[label = "CplexTerminal"];
n112 -> n1122;
n11 -> n112;
n1 -> n11;
n12[label = "While"];
n120[label = "If_Then_Else"];
n1200[label = "NearestInsertion"];
n120 -> n1200;
n1201[label = "WorstMove"];
n120 -> n1201;
n1202[label = "FarthestInsertion"];
n120 -> n1202;
n12 -> n120;
n121[label = "BestMove"];
n12 -> n121;
n1 -> n12;
n -> n1;
}


Generation: 51
Best Individual:
Subpopulation 0:
Evaluated: true
Fitness: Standardized=0.008400444 Adjusted=0.99166954 Hits=2
Tree 0:
digraph g {
node [shape=rectangle];
n[label = "Equal"];
n0[label = "If_Then_Else"];
n00[label = "And"];
n000[label = "And"];
n0000[label = "CplexTerminal"];
n000 -> n0000;
n0001[label = "FarthestFirstNode"];
n000 -> n0001;
n00 -> n000;
n001[label = "Equal"];
n0010[label = "FarthestInsertion"];
n001 -> n0010;
n0011[label = "WorstMove"];
n001 -> n0011;
n00 -> n001;
n0 -> n00;
n01[label = "If_Then_Else"];
n010[label = "If_Then"];
n0100[label = "CplexTerminal"];
n010 -> n0100;
n0101[label = "NearestInsertion"];
n010 -> n0101;
n01 -> n010;
n011[label = "Equal"];
n0110[label = "FarthestNeighbor"];
n011 -> n0110;
n0111[label = "NearestFirstNode"];
n011 -> n0111;
n01 -> n011;
n012[label = "If_Then_Else"];
n0120[label = "WorstMove"];
n012 -> n0120;
n0121[label = "BestMove"];
n012 -> n0121;
n0122[label = "CplexTerminal"];
n012 -> n0122;
n01 -> n012;
n0 -> n01;
n02[label = "While"];
n020[label = "If_Then_Else"];
n0200[label = "NearestInsertion"];
n020 -> n0200;
n0201[label = "WorstMove"];
n020 -> n0201;
n0202[label = "FarthestInsertion"];
n020 -> n0202;
n02 -> n020;
n021[label = "Equal"];
n0210[label = "NearestNeighbor"];
n021 -> n0210;
n0211[label = "CplexTerminal"];
n021 -> n0211;
n02 -> n021;
n0 -> n02;
n -> n0;
n1[label = "If_Then_Else"];
n10[label = "And"];
n100[label = "And"];
n1000[label = "CplexTerminal"];
n100 -> n1000;
n1001[label = "FarthestFirstNode"];
n100 -> n1001;
n10 -> n100;
n101[label = "Equal"];
n1010[label = "FarthestInsertion"];
n101 -> n1010;
n1011[label = "WorstMove"];
n101 -> n1011;
n10 -> n101;
n1 -> n10;
n11[label = "If_Then_Else"];
n110[label = "If_Then"];
n1100[label = "CplexTerminal"];
n110 -> n1100;
n1101[label = "NearestInsertion"];
n110 -> n1101;
n11 -> n110;
n111[label = "If_Then_Else"];
n1110[label = "NearestInsertion"];
n111 -> n1110;
n1111[label = "WorstMove"];
n111 -> n1111;
n1112[label = "FarthestInsertion"];
n111 -> n1112;
n11 -> n111;
n112[label = "If_Then_Else"];
n1120[label = "WorstMove"];
n112 -> n1120;
n1121[label = "BestMove"];
n112 -> n1121;
n1122[label = "CplexTerminal"];
n112 -> n1122;
n11 -> n112;
n1 -> n11;
n12[label = "While"];
n120[label = "If_Then_Else"];
n1200[label = "NearestInsertion"];
n120 -> n1200;
n1201[label = "WorstMove"];
n120 -> n1201;
n1202[label = "FarthestInsertion"];
n120 -> n1202;
n12 -> n120;
n121[label = "BestMove"];
n12 -> n121;
n1 -> n12;
n -> n1;
}


Generation: 52
Best Individual:
Subpopulation 0:
Evaluated: true
Fitness: Standardized=0.008400444 Adjusted=0.99166954 Hits=2
Tree 0:
digraph g {
node [shape=rectangle];
n[label = "Equal"];
n0[label = "If_Then_Else"];
n00[label = "And"];
n000[label = "And"];
n0000[label = "CplexTerminal"];
n000 -> n0000;
n0001[label = "FarthestFirstNode"];
n000 -> n0001;
n00 -> n000;
n001[label = "Equal"];
n0010[label = "FarthestInsertion"];
n001 -> n0010;
n0011[label = "WorstMove"];
n001 -> n0011;
n00 -> n001;
n0 -> n00;
n01[label = "If_Then_Else"];
n010[label = "If_Then"];
n0100[label = "CplexTerminal"];
n010 -> n0100;
n0101[label = "NearestInsertion"];
n010 -> n0101;
n01 -> n010;
n011[label = "Equal"];
n0110[label = "FarthestNeighbor"];
n011 -> n0110;
n0111[label = "NearestFirstNode"];
n011 -> n0111;
n01 -> n011;
n012[label = "If_Then_Else"];
n0120[label = "WorstMove"];
n012 -> n0120;
n0121[label = "BestMove"];
n012 -> n0121;
n0122[label = "CplexTerminal"];
n012 -> n0122;
n01 -> n012;
n0 -> n01;
n02[label = "While"];
n020[label = "If_Then_Else"];
n0200[label = "NearestInsertion"];
n020 -> n0200;
n0201[label = "WorstMove"];
n020 -> n0201;
n0202[label = "FarthestInsertion"];
n020 -> n0202;
n02 -> n020;
n021[label = "Equal"];
n0210[label = "NearestNeighbor"];
n021 -> n0210;
n0211[label = "CplexTerminal"];
n021 -> n0211;
n02 -> n021;
n0 -> n02;
n -> n0;
n1[label = "If_Then_Else"];
n10[label = "And"];
n100[label = "And"];
n1000[label = "CplexTerminal"];
n100 -> n1000;
n1001[label = "FarthestFirstNode"];
n100 -> n1001;
n10 -> n100;
n101[label = "Equal"];
n1010[label = "FarthestInsertion"];
n101 -> n1010;
n1011[label = "WorstMove"];
n101 -> n1011;
n10 -> n101;
n1 -> n10;
n11[label = "If_Then_Else"];
n110[label = "If_Then"];
n1100[label = "CplexTerminal"];
n110 -> n1100;
n1101[label = "NearestInsertion"];
n110 -> n1101;
n11 -> n110;
n111[label = "If_Then_Else"];
n1110[label = "NearestInsertion"];
n111 -> n1110;
n1111[label = "WorstMove"];
n111 -> n1111;
n1112[label = "FarthestInsertion"];
n111 -> n1112;
n11 -> n111;
n112[label = "If_Then_Else"];
n1120[label = "WorstMove"];
n112 -> n1120;
n1121[label = "BestMove"];
n112 -> n1121;
n1122[label = "CplexTerminal"];
n112 -> n1122;
n11 -> n112;
n1 -> n11;
n12[label = "While"];
n120[label = "If_Then_Else"];
n1200[label = "NearestInsertion"];
n120 -> n1200;
n1201[label = "WorstMove"];
n120 -> n1201;
n1202[label = "FarthestInsertion"];
n120 -> n1202;
n12 -> n120;
n121[label = "BestMove"];
n12 -> n121;
n1 -> n12;
n -> n1;
}


Generation: 53
Best Individual:
Subpopulation 0:
Evaluated: true
Fitness: Standardized=0.008400444 Adjusted=0.99166954 Hits=2
Tree 0:
digraph g {
node [shape=rectangle];
n[label = "Equal"];
n0[label = "If_Then_Else"];
n00[label = "And"];
n000[label = "And"];
n0000[label = "CplexTerminal"];
n000 -> n0000;
n0001[label = "FarthestFirstNode"];
n000 -> n0001;
n00 -> n000;
n001[label = "Equal"];
n0010[label = "FarthestInsertion"];
n001 -> n0010;
n0011[label = "WorstMove"];
n001 -> n0011;
n00 -> n001;
n0 -> n00;
n01[label = "If_Then_Else"];
n010[label = "If_Then"];
n0100[label = "CplexTerminal"];
n010 -> n0100;
n0101[label = "NearestInsertion"];
n010 -> n0101;
n01 -> n010;
n011[label = "Equal"];
n0110[label = "FarthestNeighbor"];
n011 -> n0110;
n0111[label = "NearestFirstNode"];
n011 -> n0111;
n01 -> n011;
n012[label = "If_Then_Else"];
n0120[label = "WorstMove"];
n012 -> n0120;
n0121[label = "BestMove"];
n012 -> n0121;
n0122[label = "CplexTerminal"];
n012 -> n0122;
n01 -> n012;
n0 -> n01;
n02[label = "While"];
n020[label = "If_Then_Else"];
n0200[label = "NearestInsertion"];
n020 -> n0200;
n0201[label = "WorstMove"];
n020 -> n0201;
n0202[label = "FarthestInsertion"];
n020 -> n0202;
n02 -> n020;
n021[label = "Equal"];
n0210[label = "NearestNeighbor"];
n021 -> n0210;
n0211[label = "CplexTerminal"];
n021 -> n0211;
n02 -> n021;
n0 -> n02;
n -> n0;
n1[label = "If_Then_Else"];
n10[label = "And"];
n100[label = "And"];
n1000[label = "CplexTerminal"];
n100 -> n1000;
n1001[label = "FarthestFirstNode"];
n100 -> n1001;
n10 -> n100;
n101[label = "Equal"];
n1010[label = "FarthestInsertion"];
n101 -> n1010;
n1011[label = "WorstMove"];
n101 -> n1011;
n10 -> n101;
n1 -> n10;
n11[label = "If_Then_Else"];
n110[label = "If_Then"];
n1100[label = "CplexTerminal"];
n110 -> n1100;
n1101[label = "NearestInsertion"];
n110 -> n1101;
n11 -> n110;
n111[label = "If_Then_Else"];
n1110[label = "NearestInsertion"];
n111 -> n1110;
n1111[label = "WorstMove"];
n111 -> n1111;
n1112[label = "FarthestInsertion"];
n111 -> n1112;
n11 -> n111;
n112[label = "If_Then_Else"];
n1120[label = "WorstMove"];
n112 -> n1120;
n1121[label = "BestMove"];
n112 -> n1121;
n1122[label = "CplexTerminal"];
n112 -> n1122;
n11 -> n112;
n1 -> n11;
n12[label = "While"];
n120[label = "If_Then_Else"];
n1200[label = "NearestInsertion"];
n120 -> n1200;
n1201[label = "WorstMove"];
n120 -> n1201;
n1202[label = "FarthestInsertion"];
n120 -> n1202;
n12 -> n120;
n121[label = "BestMove"];
n12 -> n121;
n1 -> n12;
n -> n1;
}


Generation: 54
Best Individual:
Subpopulation 0:
Evaluated: true
Fitness: Standardized=0.008400444 Adjusted=0.99166954 Hits=2
Tree 0:
digraph g {
node [shape=rectangle];
n[label = "Equal"];
n0[label = "If_Then_Else"];
n00[label = "And"];
n000[label = "And"];
n0000[label = "CplexTerminal"];
n000 -> n0000;
n0001[label = "FarthestFirstNode"];
n000 -> n0001;
n00 -> n000;
n001[label = "Equal"];
n0010[label = "FarthestInsertion"];
n001 -> n0010;
n0011[label = "WorstMove"];
n001 -> n0011;
n00 -> n001;
n0 -> n00;
n01[label = "If_Then_Else"];
n010[label = "If_Then"];
n0100[label = "CplexTerminal"];
n010 -> n0100;
n0101[label = "NearestInsertion"];
n010 -> n0101;
n01 -> n010;
n011[label = "Equal"];
n0110[label = "FarthestNeighbor"];
n011 -> n0110;
n0111[label = "NearestFirstNode"];
n011 -> n0111;
n01 -> n011;
n012[label = "If_Then_Else"];
n0120[label = "WorstMove"];
n012 -> n0120;
n0121[label = "BestMove"];
n012 -> n0121;
n0122[label = "CplexTerminal"];
n012 -> n0122;
n01 -> n012;
n0 -> n01;
n02[label = "While"];
n020[label = "If_Then_Else"];
n0200[label = "NearestInsertion"];
n020 -> n0200;
n0201[label = "WorstMove"];
n020 -> n0201;
n0202[label = "FarthestInsertion"];
n020 -> n0202;
n02 -> n020;
n021[label = "Equal"];
n0210[label = "NearestNeighbor"];
n021 -> n0210;
n0211[label = "CplexTerminal"];
n021 -> n0211;
n02 -> n021;
n0 -> n02;
n -> n0;
n1[label = "If_Then_Else"];
n10[label = "And"];
n100[label = "And"];
n1000[label = "CplexTerminal"];
n100 -> n1000;
n1001[label = "FarthestFirstNode"];
n100 -> n1001;
n10 -> n100;
n101[label = "Equal"];
n1010[label = "FarthestInsertion"];
n101 -> n1010;
n1011[label = "WorstMove"];
n101 -> n1011;
n10 -> n101;
n1 -> n10;
n11[label = "If_Then_Else"];
n110[label = "If_Then"];
n1100[label = "CplexTerminal"];
n110 -> n1100;
n1101[label = "NearestInsertion"];
n110 -> n1101;
n11 -> n110;
n111[label = "If_Then_Else"];
n1110[label = "NearestInsertion"];
n111 -> n1110;
n1111[label = "WorstMove"];
n111 -> n1111;
n1112[label = "FarthestInsertion"];
n111 -> n1112;
n11 -> n111;
n112[label = "If_Then_Else"];
n1120[label = "WorstMove"];
n112 -> n1120;
n1121[label = "BestMove"];
n112 -> n1121;
n1122[label = "CplexTerminal"];
n112 -> n1122;
n11 -> n112;
n1 -> n11;
n12[label = "While"];
n120[label = "If_Then_Else"];
n1200[label = "NearestInsertion"];
n120 -> n1200;
n1201[label = "WorstMove"];
n120 -> n1201;
n1202[label = "FarthestInsertion"];
n120 -> n1202;
n12 -> n120;
n121[label = "BestMove"];
n12 -> n121;
n1 -> n12;
n -> n1;
}


Generation: 55
Best Individual:
Subpopulation 0:
Evaluated: true
Fitness: Standardized=0.008400444 Adjusted=0.99166954 Hits=2
Tree 0:
digraph g {
node [shape=rectangle];
n[label = "Equal"];
n0[label = "If_Then_Else"];
n00[label = "And"];
n000[label = "And"];
n0000[label = "CplexTerminal"];
n000 -> n0000;
n0001[label = "FarthestFirstNode"];
n000 -> n0001;
n00 -> n000;
n001[label = "Equal"];
n0010[label = "FarthestInsertion"];
n001 -> n0010;
n0011[label = "WorstMove"];
n001 -> n0011;
n00 -> n001;
n0 -> n00;
n01[label = "If_Then_Else"];
n010[label = "If_Then"];
n0100[label = "CplexTerminal"];
n010 -> n0100;
n0101[label = "NearestInsertion"];
n010 -> n0101;
n01 -> n010;
n011[label = "Equal"];
n0110[label = "FarthestNeighbor"];
n011 -> n0110;
n0111[label = "NearestFirstNode"];
n011 -> n0111;
n01 -> n011;
n012[label = "If_Then_Else"];
n0120[label = "WorstMove"];
n012 -> n0120;
n0121[label = "BestMove"];
n012 -> n0121;
n0122[label = "CplexTerminal"];
n012 -> n0122;
n01 -> n012;
n0 -> n01;
n02[label = "While"];
n020[label = "If_Then_Else"];
n0200[label = "NearestInsertion"];
n020 -> n0200;
n0201[label = "WorstMove"];
n020 -> n0201;
n0202[label = "FarthestInsertion"];
n020 -> n0202;
n02 -> n020;
n021[label = "Equal"];
n0210[label = "NearestNeighbor"];
n021 -> n0210;
n0211[label = "CplexTerminal"];
n021 -> n0211;
n02 -> n021;
n0 -> n02;
n -> n0;
n1[label = "If_Then_Else"];
n10[label = "And"];
n100[label = "And"];
n1000[label = "CplexTerminal"];
n100 -> n1000;
n1001[label = "FarthestFirstNode"];
n100 -> n1001;
n10 -> n100;
n101[label = "Equal"];
n1010[label = "FarthestInsertion"];
n101 -> n1010;
n1011[label = "WorstMove"];
n101 -> n1011;
n10 -> n101;
n1 -> n10;
n11[label = "If_Then_Else"];
n110[label = "If_Then"];
n1100[label = "CplexTerminal"];
n110 -> n1100;
n1101[label = "NearestInsertion"];
n110 -> n1101;
n11 -> n110;
n111[label = "If_Then_Else"];
n1110[label = "NearestInsertion"];
n111 -> n1110;
n1111[label = "WorstMove"];
n111 -> n1111;
n1112[label = "FarthestInsertion"];
n111 -> n1112;
n11 -> n111;
n112[label = "If_Then_Else"];
n1120[label = "WorstMove"];
n112 -> n1120;
n1121[label = "BestMove"];
n112 -> n1121;
n1122[label = "CplexTerminal"];
n112 -> n1122;
n11 -> n112;
n1 -> n11;
n12[label = "While"];
n120[label = "If_Then_Else"];
n1200[label = "NearestInsertion"];
n120 -> n1200;
n1201[label = "WorstMove"];
n120 -> n1201;
n1202[label = "FarthestInsertion"];
n120 -> n1202;
n12 -> n120;
n121[label = "BestMove"];
n12 -> n121;
n1 -> n12;
n -> n1;
}


Generation: 56
Best Individual:
Subpopulation 0:
Evaluated: true
Fitness: Standardized=0.008400444 Adjusted=0.99166954 Hits=2
Tree 0:
digraph g {
node [shape=rectangle];
n[label = "Equal"];
n0[label = "If_Then_Else"];
n00[label = "And"];
n000[label = "And"];
n0000[label = "CplexTerminal"];
n000 -> n0000;
n0001[label = "FarthestFirstNode"];
n000 -> n0001;
n00 -> n000;
n001[label = "Equal"];
n0010[label = "FarthestInsertion"];
n001 -> n0010;
n0011[label = "WorstMove"];
n001 -> n0011;
n00 -> n001;
n0 -> n00;
n01[label = "If_Then_Else"];
n010[label = "If_Then"];
n0100[label = "CplexTerminal"];
n010 -> n0100;
n0101[label = "NearestInsertion"];
n010 -> n0101;
n01 -> n010;
n011[label = "Equal"];
n0110[label = "FarthestNeighbor"];
n011 -> n0110;
n0111[label = "NearestFirstNode"];
n011 -> n0111;
n01 -> n011;
n012[label = "If_Then_Else"];
n0120[label = "WorstMove"];
n012 -> n0120;
n0121[label = "BestMove"];
n012 -> n0121;
n0122[label = "CplexTerminal"];
n012 -> n0122;
n01 -> n012;
n0 -> n01;
n02[label = "While"];
n020[label = "If_Then_Else"];
n0200[label = "NearestInsertion"];
n020 -> n0200;
n0201[label = "WorstMove"];
n020 -> n0201;
n0202[label = "FarthestInsertion"];
n020 -> n0202;
n02 -> n020;
n021[label = "Equal"];
n0210[label = "NearestNeighbor"];
n021 -> n0210;
n0211[label = "CplexTerminal"];
n021 -> n0211;
n02 -> n021;
n0 -> n02;
n -> n0;
n1[label = "If_Then_Else"];
n10[label = "And"];
n100[label = "And"];
n1000[label = "CplexTerminal"];
n100 -> n1000;
n1001[label = "FarthestFirstNode"];
n100 -> n1001;
n10 -> n100;
n101[label = "Equal"];
n1010[label = "FarthestInsertion"];
n101 -> n1010;
n1011[label = "WorstMove"];
n101 -> n1011;
n10 -> n101;
n1 -> n10;
n11[label = "If_Then_Else"];
n110[label = "If_Then"];
n1100[label = "CplexTerminal"];
n110 -> n1100;
n1101[label = "NearestInsertion"];
n110 -> n1101;
n11 -> n110;
n111[label = "If_Then_Else"];
n1110[label = "NearestInsertion"];
n111 -> n1110;
n1111[label = "WorstMove"];
n111 -> n1111;
n1112[label = "FarthestInsertion"];
n111 -> n1112;
n11 -> n111;
n112[label = "If_Then_Else"];
n1120[label = "WorstMove"];
n112 -> n1120;
n1121[label = "BestMove"];
n112 -> n1121;
n1122[label = "CplexTerminal"];
n112 -> n1122;
n11 -> n112;
n1 -> n11;
n12[label = "While"];
n120[label = "If_Then_Else"];
n1200[label = "NearestInsertion"];
n120 -> n1200;
n1201[label = "WorstMove"];
n120 -> n1201;
n1202[label = "FarthestInsertion"];
n120 -> n1202;
n12 -> n120;
n121[label = "BestMove"];
n12 -> n121;
n1 -> n12;
n -> n1;
}


Generation: 57
Best Individual:
Subpopulation 0:
Evaluated: true
Fitness: Standardized=0.008400444 Adjusted=0.99166954 Hits=2
Tree 0:
digraph g {
node [shape=rectangle];
n[label = "Equal"];
n0[label = "If_Then_Else"];
n00[label = "And"];
n000[label = "And"];
n0000[label = "CplexTerminal"];
n000 -> n0000;
n0001[label = "FarthestFirstNode"];
n000 -> n0001;
n00 -> n000;
n001[label = "Equal"];
n0010[label = "FarthestInsertion"];
n001 -> n0010;
n0011[label = "WorstMove"];
n001 -> n0011;
n00 -> n001;
n0 -> n00;
n01[label = "If_Then_Else"];
n010[label = "If_Then"];
n0100[label = "CplexTerminal"];
n010 -> n0100;
n0101[label = "NearestInsertion"];
n010 -> n0101;
n01 -> n010;
n011[label = "Equal"];
n0110[label = "FarthestNeighbor"];
n011 -> n0110;
n0111[label = "NearestFirstNode"];
n011 -> n0111;
n01 -> n011;
n012[label = "If_Then_Else"];
n0120[label = "WorstMove"];
n012 -> n0120;
n0121[label = "BestMove"];
n012 -> n0121;
n0122[label = "CplexTerminal"];
n012 -> n0122;
n01 -> n012;
n0 -> n01;
n02[label = "While"];
n020[label = "If_Then_Else"];
n0200[label = "NearestInsertion"];
n020 -> n0200;
n0201[label = "WorstMove"];
n020 -> n0201;
n0202[label = "FarthestInsertion"];
n020 -> n0202;
n02 -> n020;
n021[label = "Equal"];
n0210[label = "NearestNeighbor"];
n021 -> n0210;
n0211[label = "CplexTerminal"];
n021 -> n0211;
n02 -> n021;
n0 -> n02;
n -> n0;
n1[label = "If_Then_Else"];
n10[label = "And"];
n100[label = "And"];
n1000[label = "CplexTerminal"];
n100 -> n1000;
n1001[label = "FarthestFirstNode"];
n100 -> n1001;
n10 -> n100;
n101[label = "Equal"];
n1010[label = "FarthestInsertion"];
n101 -> n1010;
n1011[label = "WorstMove"];
n101 -> n1011;
n10 -> n101;
n1 -> n10;
n11[label = "If_Then_Else"];
n110[label = "If_Then"];
n1100[label = "CplexTerminal"];
n110 -> n1100;
n1101[label = "NearestInsertion"];
n110 -> n1101;
n11 -> n110;
n111[label = "If_Then_Else"];
n1110[label = "NearestInsertion"];
n111 -> n1110;
n1111[label = "WorstMove"];
n111 -> n1111;
n1112[label = "FarthestInsertion"];
n111 -> n1112;
n11 -> n111;
n112[label = "If_Then_Else"];
n1120[label = "WorstMove"];
n112 -> n1120;
n1121[label = "BestMove"];
n112 -> n1121;
n1122[label = "CplexTerminal"];
n112 -> n1122;
n11 -> n112;
n1 -> n11;
n12[label = "While"];
n120[label = "If_Then_Else"];
n1200[label = "NearestInsertion"];
n120 -> n1200;
n1201[label = "WorstMove"];
n120 -> n1201;
n1202[label = "FarthestInsertion"];
n120 -> n1202;
n12 -> n120;
n121[label = "BestMove"];
n12 -> n121;
n1 -> n12;
n -> n1;
}


Generation: 58
Best Individual:
Subpopulation 0:
Evaluated: true
Fitness: Standardized=0.008400444 Adjusted=0.99166954 Hits=2
Tree 0:
digraph g {
node [shape=rectangle];
n[label = "Equal"];
n0[label = "If_Then_Else"];
n00[label = "And"];
n000[label = "And"];
n0000[label = "CplexTerminal"];
n000 -> n0000;
n0001[label = "FarthestFirstNode"];
n000 -> n0001;
n00 -> n000;
n001[label = "Equal"];
n0010[label = "FarthestInsertion"];
n001 -> n0010;
n0011[label = "WorstMove"];
n001 -> n0011;
n00 -> n001;
n0 -> n00;
n01[label = "If_Then_Else"];
n010[label = "If_Then"];
n0100[label = "CplexTerminal"];
n010 -> n0100;
n0101[label = "NearestInsertion"];
n010 -> n0101;
n01 -> n010;
n011[label = "Equal"];
n0110[label = "FarthestNeighbor"];
n011 -> n0110;
n0111[label = "NearestFirstNode"];
n011 -> n0111;
n01 -> n011;
n012[label = "If_Then_Else"];
n0120[label = "WorstMove"];
n012 -> n0120;
n0121[label = "BestMove"];
n012 -> n0121;
n0122[label = "CplexTerminal"];
n012 -> n0122;
n01 -> n012;
n0 -> n01;
n02[label = "While"];
n020[label = "If_Then_Else"];
n0200[label = "NearestInsertion"];
n020 -> n0200;
n0201[label = "WorstMove"];
n020 -> n0201;
n0202[label = "FarthestInsertion"];
n020 -> n0202;
n02 -> n020;
n021[label = "Equal"];
n0210[label = "NearestNeighbor"];
n021 -> n0210;
n0211[label = "CplexTerminal"];
n021 -> n0211;
n02 -> n021;
n0 -> n02;
n -> n0;
n1[label = "If_Then_Else"];
n10[label = "And"];
n100[label = "And"];
n1000[label = "CplexTerminal"];
n100 -> n1000;
n1001[label = "FarthestFirstNode"];
n100 -> n1001;
n10 -> n100;
n101[label = "Equal"];
n1010[label = "FarthestInsertion"];
n101 -> n1010;
n1011[label = "WorstMove"];
n101 -> n1011;
n10 -> n101;
n1 -> n10;
n11[label = "If_Then_Else"];
n110[label = "If_Then"];
n1100[label = "CplexTerminal"];
n110 -> n1100;
n1101[label = "NearestInsertion"];
n110 -> n1101;
n11 -> n110;
n111[label = "If_Then_Else"];
n1110[label = "NearestInsertion"];
n111 -> n1110;
n1111[label = "WorstMove"];
n111 -> n1111;
n1112[label = "FarthestInsertion"];
n111 -> n1112;
n11 -> n111;
n112[label = "If_Then_Else"];
n1120[label = "WorstMove"];
n112 -> n1120;
n1121[label = "BestMove"];
n112 -> n1121;
n1122[label = "CplexTerminal"];
n112 -> n1122;
n11 -> n112;
n1 -> n11;
n12[label = "While"];
n120[label = "If_Then_Else"];
n1200[label = "NearestInsertion"];
n120 -> n1200;
n1201[label = "WorstMove"];
n120 -> n1201;
n1202[label = "FarthestInsertion"];
n120 -> n1202;
n12 -> n120;
n121[label = "BestMove"];
n12 -> n121;
n1 -> n12;
n -> n1;
}


Generation: 59
Best Individual:
Subpopulation 0:
Evaluated: true
Fitness: Standardized=0.008400444 Adjusted=0.99166954 Hits=2
Tree 0:
digraph g {
node [shape=rectangle];
n[label = "Equal"];
n0[label = "If_Then_Else"];
n00[label = "And"];
n000[label = "And"];
n0000[label = "CplexTerminal"];
n000 -> n0000;
n0001[label = "FarthestFirstNode"];
n000 -> n0001;
n00 -> n000;
n001[label = "Equal"];
n0010[label = "FarthestInsertion"];
n001 -> n0010;
n0011[label = "WorstMove"];
n001 -> n0011;
n00 -> n001;
n0 -> n00;
n01[label = "If_Then_Else"];
n010[label = "If_Then"];
n0100[label = "CplexTerminal"];
n010 -> n0100;
n0101[label = "NearestInsertion"];
n010 -> n0101;
n01 -> n010;
n011[label = "Equal"];
n0110[label = "FarthestNeighbor"];
n011 -> n0110;
n0111[label = "NearestFirstNode"];
n011 -> n0111;
n01 -> n011;
n012[label = "If_Then_Else"];
n0120[label = "WorstMove"];
n012 -> n0120;
n0121[label = "BestMove"];
n012 -> n0121;
n0122[label = "CplexTerminal"];
n012 -> n0122;
n01 -> n012;
n0 -> n01;
n02[label = "While"];
n020[label = "If_Then_Else"];
n0200[label = "NearestInsertion"];
n020 -> n0200;
n0201[label = "WorstMove"];
n020 -> n0201;
n0202[label = "FarthestInsertion"];
n020 -> n0202;
n02 -> n020;
n021[label = "Equal"];
n0210[label = "NearestNeighbor"];
n021 -> n0210;
n0211[label = "CplexTerminal"];
n021 -> n0211;
n02 -> n021;
n0 -> n02;
n -> n0;
n1[label = "If_Then_Else"];
n10[label = "And"];
n100[label = "And"];
n1000[label = "CplexTerminal"];
n100 -> n1000;
n1001[label = "FarthestFirstNode"];
n100 -> n1001;
n10 -> n100;
n101[label = "Equal"];
n1010[label = "FarthestInsertion"];
n101 -> n1010;
n1011[label = "WorstMove"];
n101 -> n1011;
n10 -> n101;
n1 -> n10;
n11[label = "If_Then_Else"];
n110[label = "If_Then"];
n1100[label = "CplexTerminal"];
n110 -> n1100;
n1101[label = "NearestInsertion"];
n110 -> n1101;
n11 -> n110;
n111[label = "If_Then_Else"];
n1110[label = "NearestInsertion"];
n111 -> n1110;
n1111[label = "WorstMove"];
n111 -> n1111;
n1112[label = "FarthestInsertion"];
n111 -> n1112;
n11 -> n111;
n112[label = "If_Then_Else"];
n1120[label = "WorstMove"];
n112 -> n1120;
n1121[label = "BestMove"];
n112 -> n1121;
n1122[label = "CplexTerminal"];
n112 -> n1122;
n11 -> n112;
n1 -> n11;
n12[label = "While"];
n120[label = "If_Then_Else"];
n1200[label = "NearestInsertion"];
n120 -> n1200;
n1201[label = "WorstMove"];
n120 -> n1201;
n1202[label = "FarthestInsertion"];
n120 -> n1202;
n12 -> n120;
n121[label = "BestMove"];
n12 -> n121;
n1 -> n12;
n -> n1;
}


Generation: 60
Best Individual:
Subpopulation 0:
Evaluated: true
Fitness: Standardized=0.008400444 Adjusted=0.99166954 Hits=2
Tree 0:
digraph g {
node [shape=rectangle];
n[label = "Equal"];
n0[label = "If_Then_Else"];
n00[label = "And"];
n000[label = "And"];
n0000[label = "CplexTerminal"];
n000 -> n0000;
n0001[label = "FarthestFirstNode"];
n000 -> n0001;
n00 -> n000;
n001[label = "Equal"];
n0010[label = "FarthestInsertion"];
n001 -> n0010;
n0011[label = "WorstMove"];
n001 -> n0011;
n00 -> n001;
n0 -> n00;
n01[label = "If_Then_Else"];
n010[label = "If_Then"];
n0100[label = "CplexTerminal"];
n010 -> n0100;
n0101[label = "NearestInsertion"];
n010 -> n0101;
n01 -> n010;
n011[label = "Equal"];
n0110[label = "FarthestNeighbor"];
n011 -> n0110;
n0111[label = "NearestFirstNode"];
n011 -> n0111;
n01 -> n011;
n012[label = "If_Then_Else"];
n0120[label = "WorstMove"];
n012 -> n0120;
n0121[label = "BestMove"];
n012 -> n0121;
n0122[label = "CplexTerminal"];
n012 -> n0122;
n01 -> n012;
n0 -> n01;
n02[label = "While"];
n020[label = "If_Then_Else"];
n0200[label = "NearestInsertion"];
n020 -> n0200;
n0201[label = "WorstMove"];
n020 -> n0201;
n0202[label = "FarthestInsertion"];
n020 -> n0202;
n02 -> n020;
n021[label = "Equal"];
n0210[label = "NearestNeighbor"];
n021 -> n0210;
n0211[label = "CplexTerminal"];
n021 -> n0211;
n02 -> n021;
n0 -> n02;
n -> n0;
n1[label = "If_Then_Else"];
n10[label = "And"];
n100[label = "And"];
n1000[label = "CplexTerminal"];
n100 -> n1000;
n1001[label = "FarthestFirstNode"];
n100 -> n1001;
n10 -> n100;
n101[label = "Equal"];
n1010[label = "FarthestInsertion"];
n101 -> n1010;
n1011[label = "WorstMove"];
n101 -> n1011;
n10 -> n101;
n1 -> n10;
n11[label = "If_Then_Else"];
n110[label = "If_Then"];
n1100[label = "CplexTerminal"];
n110 -> n1100;
n1101[label = "NearestInsertion"];
n110 -> n1101;
n11 -> n110;
n111[label = "If_Then_Else"];
n1110[label = "NearestInsertion"];
n111 -> n1110;
n1111[label = "WorstMove"];
n111 -> n1111;
n1112[label = "FarthestInsertion"];
n111 -> n1112;
n11 -> n111;
n112[label = "If_Then_Else"];
n1120[label = "WorstMove"];
n112 -> n1120;
n1121[label = "BestMove"];
n112 -> n1121;
n1122[label = "CplexTerminal"];
n112 -> n1122;
n11 -> n112;
n1 -> n11;
n12[label = "While"];
n120[label = "If_Then_Else"];
n1200[label = "NearestInsertion"];
n120 -> n1200;
n1201[label = "WorstMove"];
n120 -> n1201;
n1202[label = "FarthestInsertion"];
n120 -> n1202;
n12 -> n120;
n121[label = "BestMove"];
n12 -> n121;
n1 -> n12;
n -> n1;
}


Generation: 61
Best Individual:
Subpopulation 0:
Evaluated: true
Fitness: Standardized=0.008400444 Adjusted=0.99166954 Hits=2
Tree 0:
digraph g {
node [shape=rectangle];
n[label = "Equal"];
n0[label = "If_Then_Else"];
n00[label = "And"];
n000[label = "And"];
n0000[label = "CplexTerminal"];
n000 -> n0000;
n0001[label = "FarthestFirstNode"];
n000 -> n0001;
n00 -> n000;
n001[label = "Equal"];
n0010[label = "FarthestInsertion"];
n001 -> n0010;
n0011[label = "WorstMove"];
n001 -> n0011;
n00 -> n001;
n0 -> n00;
n01[label = "If_Then_Else"];
n010[label = "If_Then"];
n0100[label = "CplexTerminal"];
n010 -> n0100;
n0101[label = "NearestInsertion"];
n010 -> n0101;
n01 -> n010;
n011[label = "Equal"];
n0110[label = "FarthestNeighbor"];
n011 -> n0110;
n0111[label = "NearestFirstNode"];
n011 -> n0111;
n01 -> n011;
n012[label = "If_Then_Else"];
n0120[label = "WorstMove"];
n012 -> n0120;
n0121[label = "BestMove"];
n012 -> n0121;
n0122[label = "CplexTerminal"];
n012 -> n0122;
n01 -> n012;
n0 -> n01;
n02[label = "While"];
n020[label = "If_Then_Else"];
n0200[label = "NearestInsertion"];
n020 -> n0200;
n0201[label = "WorstMove"];
n020 -> n0201;
n0202[label = "FarthestInsertion"];
n020 -> n0202;
n02 -> n020;
n021[label = "Equal"];
n0210[label = "NearestNeighbor"];
n021 -> n0210;
n0211[label = "CplexTerminal"];
n021 -> n0211;
n02 -> n021;
n0 -> n02;
n -> n0;
n1[label = "If_Then_Else"];
n10[label = "And"];
n100[label = "And"];
n1000[label = "CplexTerminal"];
n100 -> n1000;
n1001[label = "FarthestFirstNode"];
n100 -> n1001;
n10 -> n100;
n101[label = "Equal"];
n1010[label = "FarthestInsertion"];
n101 -> n1010;
n1011[label = "WorstMove"];
n101 -> n1011;
n10 -> n101;
n1 -> n10;
n11[label = "If_Then_Else"];
n110[label = "If_Then"];
n1100[label = "CplexTerminal"];
n110 -> n1100;
n1101[label = "NearestInsertion"];
n110 -> n1101;
n11 -> n110;
n111[label = "If_Then_Else"];
n1110[label = "NearestInsertion"];
n111 -> n1110;
n1111[label = "WorstMove"];
n111 -> n1111;
n1112[label = "FarthestInsertion"];
n111 -> n1112;
n11 -> n111;
n112[label = "If_Then_Else"];
n1120[label = "WorstMove"];
n112 -> n1120;
n1121[label = "BestMove"];
n112 -> n1121;
n1122[label = "CplexTerminal"];
n112 -> n1122;
n11 -> n112;
n1 -> n11;
n12[label = "While"];
n120[label = "If_Then_Else"];
n1200[label = "NearestInsertion"];
n120 -> n1200;
n1201[label = "WorstMove"];
n120 -> n1201;
n1202[label = "FarthestInsertion"];
n120 -> n1202;
n12 -> n120;
n121[label = "BestMove"];
n12 -> n121;
n1 -> n12;
n -> n1;
}


Generation: 62
Best Individual:
Subpopulation 0:
Evaluated: true
Fitness: Standardized=0.008400444 Adjusted=0.99166954 Hits=2
Tree 0:
digraph g {
node [shape=rectangle];
n[label = "Equal"];
n0[label = "If_Then_Else"];
n00[label = "And"];
n000[label = "And"];
n0000[label = "CplexTerminal"];
n000 -> n0000;
n0001[label = "FarthestFirstNode"];
n000 -> n0001;
n00 -> n000;
n001[label = "Equal"];
n0010[label = "FarthestInsertion"];
n001 -> n0010;
n0011[label = "WorstMove"];
n001 -> n0011;
n00 -> n001;
n0 -> n00;
n01[label = "If_Then_Else"];
n010[label = "If_Then"];
n0100[label = "CplexTerminal"];
n010 -> n0100;
n0101[label = "NearestInsertion"];
n010 -> n0101;
n01 -> n010;
n011[label = "Equal"];
n0110[label = "FarthestNeighbor"];
n011 -> n0110;
n0111[label = "NearestFirstNode"];
n011 -> n0111;
n01 -> n011;
n012[label = "If_Then_Else"];
n0120[label = "WorstMove"];
n012 -> n0120;
n0121[label = "BestMove"];
n012 -> n0121;
n0122[label = "CplexTerminal"];
n012 -> n0122;
n01 -> n012;
n0 -> n01;
n02[label = "While"];
n020[label = "If_Then_Else"];
n0200[label = "NearestInsertion"];
n020 -> n0200;
n0201[label = "WorstMove"];
n020 -> n0201;
n0202[label = "FarthestInsertion"];
n020 -> n0202;
n02 -> n020;
n021[label = "Equal"];
n0210[label = "NearestNeighbor"];
n021 -> n0210;
n0211[label = "CplexTerminal"];
n021 -> n0211;
n02 -> n021;
n0 -> n02;
n -> n0;
n1[label = "If_Then_Else"];
n10[label = "And"];
n100[label = "And"];
n1000[label = "CplexTerminal"];
n100 -> n1000;
n1001[label = "FarthestFirstNode"];
n100 -> n1001;
n10 -> n100;
n101[label = "Equal"];
n1010[label = "FarthestInsertion"];
n101 -> n1010;
n1011[label = "WorstMove"];
n101 -> n1011;
n10 -> n101;
n1 -> n10;
n11[label = "If_Then_Else"];
n110[label = "If_Then"];
n1100[label = "CplexTerminal"];
n110 -> n1100;
n1101[label = "NearestInsertion"];
n110 -> n1101;
n11 -> n110;
n111[label = "If_Then_Else"];
n1110[label = "NearestInsertion"];
n111 -> n1110;
n1111[label = "WorstMove"];
n111 -> n1111;
n1112[label = "FarthestInsertion"];
n111 -> n1112;
n11 -> n111;
n112[label = "If_Then_Else"];
n1120[label = "WorstMove"];
n112 -> n1120;
n1121[label = "BestMove"];
n112 -> n1121;
n1122[label = "CplexTerminal"];
n112 -> n1122;
n11 -> n112;
n1 -> n11;
n12[label = "While"];
n120[label = "If_Then_Else"];
n1200[label = "NearestInsertion"];
n120 -> n1200;
n1201[label = "WorstMove"];
n120 -> n1201;
n1202[label = "FarthestInsertion"];
n120 -> n1202;
n12 -> n120;
n121[label = "BestMove"];
n12 -> n121;
n1 -> n12;
n -> n1;
}


Generation: 63
Best Individual:
Subpopulation 0:
Evaluated: true
Fitness: Standardized=0.008400444 Adjusted=0.99166954 Hits=2
Tree 0:
digraph g {
node [shape=rectangle];
n[label = "Equal"];
n0[label = "If_Then_Else"];
n00[label = "And"];
n000[label = "And"];
n0000[label = "CplexTerminal"];
n000 -> n0000;
n0001[label = "FarthestFirstNode"];
n000 -> n0001;
n00 -> n000;
n001[label = "Equal"];
n0010[label = "FarthestInsertion"];
n001 -> n0010;
n0011[label = "WorstMove"];
n001 -> n0011;
n00 -> n001;
n0 -> n00;
n01[label = "If_Then_Else"];
n010[label = "If_Then"];
n0100[label = "CplexTerminal"];
n010 -> n0100;
n0101[label = "NearestInsertion"];
n010 -> n0101;
n01 -> n010;
n011[label = "Equal"];
n0110[label = "FarthestNeighbor"];
n011 -> n0110;
n0111[label = "NearestFirstNode"];
n011 -> n0111;
n01 -> n011;
n012[label = "If_Then_Else"];
n0120[label = "WorstMove"];
n012 -> n0120;
n0121[label = "BestMove"];
n012 -> n0121;
n0122[label = "CplexTerminal"];
n012 -> n0122;
n01 -> n012;
n0 -> n01;
n02[label = "While"];
n020[label = "If_Then_Else"];
n0200[label = "NearestInsertion"];
n020 -> n0200;
n0201[label = "WorstMove"];
n020 -> n0201;
n0202[label = "FarthestInsertion"];
n020 -> n0202;
n02 -> n020;
n021[label = "Equal"];
n0210[label = "NearestNeighbor"];
n021 -> n0210;
n0211[label = "CplexTerminal"];
n021 -> n0211;
n02 -> n021;
n0 -> n02;
n -> n0;
n1[label = "If_Then_Else"];
n10[label = "And"];
n100[label = "And"];
n1000[label = "CplexTerminal"];
n100 -> n1000;
n1001[label = "FarthestFirstNode"];
n100 -> n1001;
n10 -> n100;
n101[label = "Equal"];
n1010[label = "FarthestInsertion"];
n101 -> n1010;
n1011[label = "WorstMove"];
n101 -> n1011;
n10 -> n101;
n1 -> n10;
n11[label = "If_Then_Else"];
n110[label = "If_Then"];
n1100[label = "CplexTerminal"];
n110 -> n1100;
n1101[label = "NearestInsertion"];
n110 -> n1101;
n11 -> n110;
n111[label = "If_Then_Else"];
n1110[label = "NearestInsertion"];
n111 -> n1110;
n1111[label = "WorstMove"];
n111 -> n1111;
n1112[label = "FarthestInsertion"];
n111 -> n1112;
n11 -> n111;
n112[label = "If_Then_Else"];
n1120[label = "WorstMove"];
n112 -> n1120;
n1121[label = "BestMove"];
n112 -> n1121;
n1122[label = "CplexTerminal"];
n112 -> n1122;
n11 -> n112;
n1 -> n11;
n12[label = "While"];
n120[label = "If_Then_Else"];
n1200[label = "NearestInsertion"];
n120 -> n1200;
n1201[label = "WorstMove"];
n120 -> n1201;
n1202[label = "FarthestInsertion"];
n120 -> n1202;
n12 -> n120;
n121[label = "BestMove"];
n12 -> n121;
n1 -> n12;
n -> n1;
}


Generation: 64
Best Individual:
Subpopulation 0:
Evaluated: true
Fitness: Standardized=0.008400444 Adjusted=0.99166954 Hits=2
Tree 0:
digraph g {
node [shape=rectangle];
n[label = "Equal"];
n0[label = "If_Then_Else"];
n00[label = "And"];
n000[label = "And"];
n0000[label = "CplexTerminal"];
n000 -> n0000;
n0001[label = "FarthestFirstNode"];
n000 -> n0001;
n00 -> n000;
n001[label = "Equal"];
n0010[label = "FarthestInsertion"];
n001 -> n0010;
n0011[label = "WorstMove"];
n001 -> n0011;
n00 -> n001;
n0 -> n00;
n01[label = "If_Then_Else"];
n010[label = "If_Then"];
n0100[label = "CplexTerminal"];
n010 -> n0100;
n0101[label = "NearestInsertion"];
n010 -> n0101;
n01 -> n010;
n011[label = "Equal"];
n0110[label = "FarthestNeighbor"];
n011 -> n0110;
n0111[label = "NearestFirstNode"];
n011 -> n0111;
n01 -> n011;
n012[label = "If_Then_Else"];
n0120[label = "WorstMove"];
n012 -> n0120;
n0121[label = "BestMove"];
n012 -> n0121;
n0122[label = "CplexTerminal"];
n012 -> n0122;
n01 -> n012;
n0 -> n01;
n02[label = "While"];
n020[label = "If_Then_Else"];
n0200[label = "NearestInsertion"];
n020 -> n0200;
n0201[label = "WorstMove"];
n020 -> n0201;
n0202[label = "FarthestInsertion"];
n020 -> n0202;
n02 -> n020;
n021[label = "Equal"];
n0210[label = "NearestNeighbor"];
n021 -> n0210;
n0211[label = "CplexTerminal"];
n021 -> n0211;
n02 -> n021;
n0 -> n02;
n -> n0;
n1[label = "If_Then_Else"];
n10[label = "And"];
n100[label = "And"];
n1000[label = "CplexTerminal"];
n100 -> n1000;
n1001[label = "FarthestFirstNode"];
n100 -> n1001;
n10 -> n100;
n101[label = "Equal"];
n1010[label = "FarthestInsertion"];
n101 -> n1010;
n1011[label = "WorstMove"];
n101 -> n1011;
n10 -> n101;
n1 -> n10;
n11[label = "If_Then_Else"];
n110[label = "If_Then"];
n1100[label = "CplexTerminal"];
n110 -> n1100;
n1101[label = "NearestInsertion"];
n110 -> n1101;
n11 -> n110;
n111[label = "If_Then_Else"];
n1110[label = "NearestInsertion"];
n111 -> n1110;
n1111[label = "WorstMove"];
n111 -> n1111;
n1112[label = "FarthestInsertion"];
n111 -> n1112;
n11 -> n111;
n112[label = "If_Then_Else"];
n1120[label = "WorstMove"];
n112 -> n1120;
n1121[label = "BestMove"];
n112 -> n1121;
n1122[label = "CplexTerminal"];
n112 -> n1122;
n11 -> n112;
n1 -> n11;
n12[label = "While"];
n120[label = "If_Then_Else"];
n1200[label = "NearestInsertion"];
n120 -> n1200;
n1201[label = "WorstMove"];
n120 -> n1201;
n1202[label = "FarthestInsertion"];
n120 -> n1202;
n12 -> n120;
n121[label = "BestMove"];
n12 -> n121;
n1 -> n12;
n -> n1;
}


Generation: 65
Best Individual:
Subpopulation 0:
Evaluated: true
Fitness: Standardized=0.008400444 Adjusted=0.99166954 Hits=2
Tree 0:
digraph g {
node [shape=rectangle];
n[label = "Equal"];
n0[label = "If_Then_Else"];
n00[label = "And"];
n000[label = "And"];
n0000[label = "CplexTerminal"];
n000 -> n0000;
n0001[label = "FarthestFirstNode"];
n000 -> n0001;
n00 -> n000;
n001[label = "Equal"];
n0010[label = "FarthestInsertion"];
n001 -> n0010;
n0011[label = "WorstMove"];
n001 -> n0011;
n00 -> n001;
n0 -> n00;
n01[label = "If_Then_Else"];
n010[label = "If_Then"];
n0100[label = "CplexTerminal"];
n010 -> n0100;
n0101[label = "NearestInsertion"];
n010 -> n0101;
n01 -> n010;
n011[label = "Equal"];
n0110[label = "FarthestNeighbor"];
n011 -> n0110;
n0111[label = "NearestFirstNode"];
n011 -> n0111;
n01 -> n011;
n012[label = "If_Then_Else"];
n0120[label = "WorstMove"];
n012 -> n0120;
n0121[label = "BestMove"];
n012 -> n0121;
n0122[label = "CplexTerminal"];
n012 -> n0122;
n01 -> n012;
n0 -> n01;
n02[label = "While"];
n020[label = "If_Then_Else"];
n0200[label = "NearestInsertion"];
n020 -> n0200;
n0201[label = "WorstMove"];
n020 -> n0201;
n0202[label = "FarthestInsertion"];
n020 -> n0202;
n02 -> n020;
n021[label = "Equal"];
n0210[label = "NearestNeighbor"];
n021 -> n0210;
n0211[label = "CplexTerminal"];
n021 -> n0211;
n02 -> n021;
n0 -> n02;
n -> n0;
n1[label = "If_Then_Else"];
n10[label = "And"];
n100[label = "And"];
n1000[label = "CplexTerminal"];
n100 -> n1000;
n1001[label = "FarthestFirstNode"];
n100 -> n1001;
n10 -> n100;
n101[label = "Equal"];
n1010[label = "FarthestInsertion"];
n101 -> n1010;
n1011[label = "WorstMove"];
n101 -> n1011;
n10 -> n101;
n1 -> n10;
n11[label = "If_Then_Else"];
n110[label = "If_Then"];
n1100[label = "CplexTerminal"];
n110 -> n1100;
n1101[label = "NearestInsertion"];
n110 -> n1101;
n11 -> n110;
n111[label = "If_Then_Else"];
n1110[label = "NearestInsertion"];
n111 -> n1110;
n1111[label = "WorstMove"];
n111 -> n1111;
n1112[label = "FarthestInsertion"];
n111 -> n1112;
n11 -> n111;
n112[label = "If_Then_Else"];
n1120[label = "WorstMove"];
n112 -> n1120;
n1121[label = "BestMove"];
n112 -> n1121;
n1122[label = "CplexTerminal"];
n112 -> n1122;
n11 -> n112;
n1 -> n11;
n12[label = "While"];
n120[label = "If_Then_Else"];
n1200[label = "NearestInsertion"];
n120 -> n1200;
n1201[label = "WorstMove"];
n120 -> n1201;
n1202[label = "FarthestInsertion"];
n120 -> n1202;
n12 -> n120;
n121[label = "BestMove"];
n12 -> n121;
n1 -> n12;
n -> n1;
}


Generation: 66
Best Individual:
Subpopulation 0:
Evaluated: true
Fitness: Standardized=0.008400444 Adjusted=0.99166954 Hits=2
Tree 0:
digraph g {
node [shape=rectangle];
n[label = "Equal"];
n0[label = "If_Then_Else"];
n00[label = "And"];
n000[label = "And"];
n0000[label = "CplexTerminal"];
n000 -> n0000;
n0001[label = "FarthestFirstNode"];
n000 -> n0001;
n00 -> n000;
n001[label = "Equal"];
n0010[label = "FarthestInsertion"];
n001 -> n0010;
n0011[label = "WorstMove"];
n001 -> n0011;
n00 -> n001;
n0 -> n00;
n01[label = "If_Then_Else"];
n010[label = "If_Then"];
n0100[label = "CplexTerminal"];
n010 -> n0100;
n0101[label = "NearestInsertion"];
n010 -> n0101;
n01 -> n010;
n011[label = "Equal"];
n0110[label = "FarthestNeighbor"];
n011 -> n0110;
n0111[label = "NearestFirstNode"];
n011 -> n0111;
n01 -> n011;
n012[label = "If_Then_Else"];
n0120[label = "WorstMove"];
n012 -> n0120;
n0121[label = "BestMove"];
n012 -> n0121;
n0122[label = "CplexTerminal"];
n012 -> n0122;
n01 -> n012;
n0 -> n01;
n02[label = "While"];
n020[label = "If_Then_Else"];
n0200[label = "NearestInsertion"];
n020 -> n0200;
n0201[label = "WorstMove"];
n020 -> n0201;
n0202[label = "FarthestInsertion"];
n020 -> n0202;
n02 -> n020;
n021[label = "Equal"];
n0210[label = "NearestNeighbor"];
n021 -> n0210;
n0211[label = "CplexTerminal"];
n021 -> n0211;
n02 -> n021;
n0 -> n02;
n -> n0;
n1[label = "If_Then_Else"];
n10[label = "And"];
n100[label = "And"];
n1000[label = "CplexTerminal"];
n100 -> n1000;
n1001[label = "FarthestFirstNode"];
n100 -> n1001;
n10 -> n100;
n101[label = "Equal"];
n1010[label = "FarthestInsertion"];
n101 -> n1010;
n1011[label = "WorstMove"];
n101 -> n1011;
n10 -> n101;
n1 -> n10;
n11[label = "If_Then_Else"];
n110[label = "If_Then"];
n1100[label = "CplexTerminal"];
n110 -> n1100;
n1101[label = "NearestInsertion"];
n110 -> n1101;
n11 -> n110;
n111[label = "If_Then_Else"];
n1110[label = "NearestInsertion"];
n111 -> n1110;
n1111[label = "WorstMove"];
n111 -> n1111;
n1112[label = "FarthestInsertion"];
n111 -> n1112;
n11 -> n111;
n112[label = "If_Then_Else"];
n1120[label = "WorstMove"];
n112 -> n1120;
n1121[label = "BestMove"];
n112 -> n1121;
n1122[label = "CplexTerminal"];
n112 -> n1122;
n11 -> n112;
n1 -> n11;
n12[label = "While"];
n120[label = "If_Then_Else"];
n1200[label = "NearestInsertion"];
n120 -> n1200;
n1201[label = "WorstMove"];
n120 -> n1201;
n1202[label = "FarthestInsertion"];
n120 -> n1202;
n12 -> n120;
n121[label = "BestMove"];
n12 -> n121;
n1 -> n12;
n -> n1;
}


Generation: 67
Best Individual:
Subpopulation 0:
Evaluated: true
Fitness: Standardized=0.008400444 Adjusted=0.99166954 Hits=2
Tree 0:
digraph g {
node [shape=rectangle];
n[label = "Equal"];
n0[label = "If_Then_Else"];
n00[label = "And"];
n000[label = "And"];
n0000[label = "CplexTerminal"];
n000 -> n0000;
n0001[label = "FarthestFirstNode"];
n000 -> n0001;
n00 -> n000;
n001[label = "Equal"];
n0010[label = "FarthestInsertion"];
n001 -> n0010;
n0011[label = "WorstMove"];
n001 -> n0011;
n00 -> n001;
n0 -> n00;
n01[label = "If_Then_Else"];
n010[label = "If_Then"];
n0100[label = "CplexTerminal"];
n010 -> n0100;
n0101[label = "NearestInsertion"];
n010 -> n0101;
n01 -> n010;
n011[label = "Equal"];
n0110[label = "FarthestNeighbor"];
n011 -> n0110;
n0111[label = "NearestFirstNode"];
n011 -> n0111;
n01 -> n011;
n012[label = "If_Then_Else"];
n0120[label = "WorstMove"];
n012 -> n0120;
n0121[label = "BestMove"];
n012 -> n0121;
n0122[label = "CplexTerminal"];
n012 -> n0122;
n01 -> n012;
n0 -> n01;
n02[label = "While"];
n020[label = "If_Then_Else"];
n0200[label = "NearestInsertion"];
n020 -> n0200;
n0201[label = "WorstMove"];
n020 -> n0201;
n0202[label = "FarthestInsertion"];
n020 -> n0202;
n02 -> n020;
n021[label = "Equal"];
n0210[label = "NearestNeighbor"];
n021 -> n0210;
n0211[label = "CplexTerminal"];
n021 -> n0211;
n02 -> n021;
n0 -> n02;
n -> n0;
n1[label = "If_Then_Else"];
n10[label = "And"];
n100[label = "And"];
n1000[label = "CplexTerminal"];
n100 -> n1000;
n1001[label = "FarthestFirstNode"];
n100 -> n1001;
n10 -> n100;
n101[label = "Equal"];
n1010[label = "FarthestInsertion"];
n101 -> n1010;
n1011[label = "WorstMove"];
n101 -> n1011;
n10 -> n101;
n1 -> n10;
n11[label = "If_Then_Else"];
n110[label = "If_Then"];
n1100[label = "CplexTerminal"];
n110 -> n1100;
n1101[label = "NearestInsertion"];
n110 -> n1101;
n11 -> n110;
n111[label = "If_Then_Else"];
n1110[label = "NearestInsertion"];
n111 -> n1110;
n1111[label = "WorstMove"];
n111 -> n1111;
n1112[label = "FarthestInsertion"];
n111 -> n1112;
n11 -> n111;
n112[label = "If_Then_Else"];
n1120[label = "WorstMove"];
n112 -> n1120;
n1121[label = "BestMove"];
n112 -> n1121;
n1122[label = "CplexTerminal"];
n112 -> n1122;
n11 -> n112;
n1 -> n11;
n12[label = "While"];
n120[label = "If_Then_Else"];
n1200[label = "NearestInsertion"];
n120 -> n1200;
n1201[label = "WorstMove"];
n120 -> n1201;
n1202[label = "FarthestInsertion"];
n120 -> n1202;
n12 -> n120;
n121[label = "BestMove"];
n12 -> n121;
n1 -> n12;
n -> n1;
}


Generation: 68
Best Individual:
Subpopulation 0:
Evaluated: true
Fitness: Standardized=0.008400444 Adjusted=0.99166954 Hits=2
Tree 0:
digraph g {
node [shape=rectangle];
n[label = "Equal"];
n0[label = "If_Then_Else"];
n00[label = "And"];
n000[label = "And"];
n0000[label = "CplexTerminal"];
n000 -> n0000;
n0001[label = "FarthestFirstNode"];
n000 -> n0001;
n00 -> n000;
n001[label = "Equal"];
n0010[label = "FarthestInsertion"];
n001 -> n0010;
n0011[label = "WorstMove"];
n001 -> n0011;
n00 -> n001;
n0 -> n00;
n01[label = "If_Then_Else"];
n010[label = "If_Then"];
n0100[label = "CplexTerminal"];
n010 -> n0100;
n0101[label = "NearestInsertion"];
n010 -> n0101;
n01 -> n010;
n011[label = "Equal"];
n0110[label = "FarthestNeighbor"];
n011 -> n0110;
n0111[label = "NearestFirstNode"];
n011 -> n0111;
n01 -> n011;
n012[label = "If_Then_Else"];
n0120[label = "WorstMove"];
n012 -> n0120;
n0121[label = "BestMove"];
n012 -> n0121;
n0122[label = "CplexTerminal"];
n012 -> n0122;
n01 -> n012;
n0 -> n01;
n02[label = "While"];
n020[label = "If_Then_Else"];
n0200[label = "NearestInsertion"];
n020 -> n0200;
n0201[label = "WorstMove"];
n020 -> n0201;
n0202[label = "FarthestInsertion"];
n020 -> n0202;
n02 -> n020;
n021[label = "Equal"];
n0210[label = "NearestNeighbor"];
n021 -> n0210;
n0211[label = "CplexTerminal"];
n021 -> n0211;
n02 -> n021;
n0 -> n02;
n -> n0;
n1[label = "If_Then_Else"];
n10[label = "And"];
n100[label = "And"];
n1000[label = "CplexTerminal"];
n100 -> n1000;
n1001[label = "FarthestFirstNode"];
n100 -> n1001;
n10 -> n100;
n101[label = "Equal"];
n1010[label = "FarthestInsertion"];
n101 -> n1010;
n1011[label = "WorstMove"];
n101 -> n1011;
n10 -> n101;
n1 -> n10;
n11[label = "If_Then_Else"];
n110[label = "If_Then"];
n1100[label = "CplexTerminal"];
n110 -> n1100;
n1101[label = "NearestInsertion"];
n110 -> n1101;
n11 -> n110;
n111[label = "If_Then_Else"];
n1110[label = "NearestInsertion"];
n111 -> n1110;
n1111[label = "WorstMove"];
n111 -> n1111;
n1112[label = "FarthestInsertion"];
n111 -> n1112;
n11 -> n111;
n112[label = "If_Then_Else"];
n1120[label = "WorstMove"];
n112 -> n1120;
n1121[label = "BestMove"];
n112 -> n1121;
n1122[label = "CplexTerminal"];
n112 -> n1122;
n11 -> n112;
n1 -> n11;
n12[label = "While"];
n120[label = "If_Then_Else"];
n1200[label = "NearestInsertion"];
n120 -> n1200;
n1201[label = "WorstMove"];
n120 -> n1201;
n1202[label = "FarthestInsertion"];
n120 -> n1202;
n12 -> n120;
n121[label = "BestMove"];
n12 -> n121;
n1 -> n12;
n -> n1;
}


Generation: 69
Best Individual:
Subpopulation 0:
Evaluated: true
Fitness: Standardized=0.008400444 Adjusted=0.99166954 Hits=2
Tree 0:
digraph g {
node [shape=rectangle];
n[label = "Equal"];
n0[label = "If_Then_Else"];
n00[label = "And"];
n000[label = "And"];
n0000[label = "CplexTerminal"];
n000 -> n0000;
n0001[label = "FarthestFirstNode"];
n000 -> n0001;
n00 -> n000;
n001[label = "Equal"];
n0010[label = "FarthestInsertion"];
n001 -> n0010;
n0011[label = "WorstMove"];
n001 -> n0011;
n00 -> n001;
n0 -> n00;
n01[label = "If_Then_Else"];
n010[label = "If_Then"];
n0100[label = "CplexTerminal"];
n010 -> n0100;
n0101[label = "NearestInsertion"];
n010 -> n0101;
n01 -> n010;
n011[label = "Equal"];
n0110[label = "FarthestNeighbor"];
n011 -> n0110;
n0111[label = "NearestFirstNode"];
n011 -> n0111;
n01 -> n011;
n012[label = "If_Then_Else"];
n0120[label = "WorstMove"];
n012 -> n0120;
n0121[label = "BestMove"];
n012 -> n0121;
n0122[label = "CplexTerminal"];
n012 -> n0122;
n01 -> n012;
n0 -> n01;
n02[label = "While"];
n020[label = "If_Then_Else"];
n0200[label = "NearestInsertion"];
n020 -> n0200;
n0201[label = "WorstMove"];
n020 -> n0201;
n0202[label = "FarthestInsertion"];
n020 -> n0202;
n02 -> n020;
n021[label = "Equal"];
n0210[label = "NearestNeighbor"];
n021 -> n0210;
n0211[label = "CplexTerminal"];
n021 -> n0211;
n02 -> n021;
n0 -> n02;
n -> n0;
n1[label = "If_Then_Else"];
n10[label = "And"];
n100[label = "And"];
n1000[label = "CplexTerminal"];
n100 -> n1000;
n1001[label = "FarthestFirstNode"];
n100 -> n1001;
n10 -> n100;
n101[label = "Equal"];
n1010[label = "FarthestInsertion"];
n101 -> n1010;
n1011[label = "WorstMove"];
n101 -> n1011;
n10 -> n101;
n1 -> n10;
n11[label = "If_Then_Else"];
n110[label = "If_Then"];
n1100[label = "CplexTerminal"];
n110 -> n1100;
n1101[label = "NearestInsertion"];
n110 -> n1101;
n11 -> n110;
n111[label = "If_Then_Else"];
n1110[label = "NearestInsertion"];
n111 -> n1110;
n1111[label = "WorstMove"];
n111 -> n1111;
n1112[label = "FarthestInsertion"];
n111 -> n1112;
n11 -> n111;
n112[label = "If_Then_Else"];
n1120[label = "WorstMove"];
n112 -> n1120;
n1121[label = "BestMove"];
n112 -> n1121;
n1122[label = "CplexTerminal"];
n112 -> n1122;
n11 -> n112;
n1 -> n11;
n12[label = "While"];
n120[label = "If_Then_Else"];
n1200[label = "NearestInsertion"];
n120 -> n1200;
n1201[label = "WorstMove"];
n120 -> n1201;
n1202[label = "FarthestInsertion"];
n120 -> n1202;
n12 -> n120;
n121[label = "BestMove"];
n12 -> n121;
n1 -> n12;
n -> n1;
}


Generation: 70
Best Individual:
Subpopulation 0:
Evaluated: true
Fitness: Standardized=0.008400444 Adjusted=0.99166954 Hits=2
Tree 0:
digraph g {
node [shape=rectangle];
n[label = "Equal"];
n0[label = "If_Then_Else"];
n00[label = "And"];
n000[label = "And"];
n0000[label = "CplexTerminal"];
n000 -> n0000;
n0001[label = "FarthestFirstNode"];
n000 -> n0001;
n00 -> n000;
n001[label = "Equal"];
n0010[label = "FarthestInsertion"];
n001 -> n0010;
n0011[label = "WorstMove"];
n001 -> n0011;
n00 -> n001;
n0 -> n00;
n01[label = "If_Then_Else"];
n010[label = "If_Then"];
n0100[label = "CplexTerminal"];
n010 -> n0100;
n0101[label = "NearestInsertion"];
n010 -> n0101;
n01 -> n010;
n011[label = "Equal"];
n0110[label = "FarthestNeighbor"];
n011 -> n0110;
n0111[label = "NearestFirstNode"];
n011 -> n0111;
n01 -> n011;
n012[label = "If_Then_Else"];
n0120[label = "WorstMove"];
n012 -> n0120;
n0121[label = "BestMove"];
n012 -> n0121;
n0122[label = "CplexTerminal"];
n012 -> n0122;
n01 -> n012;
n0 -> n01;
n02[label = "While"];
n020[label = "If_Then_Else"];
n0200[label = "NearestInsertion"];
n020 -> n0200;
n0201[label = "WorstMove"];
n020 -> n0201;
n0202[label = "FarthestInsertion"];
n020 -> n0202;
n02 -> n020;
n021[label = "Equal"];
n0210[label = "NearestNeighbor"];
n021 -> n0210;
n0211[label = "CplexTerminal"];
n021 -> n0211;
n02 -> n021;
n0 -> n02;
n -> n0;
n1[label = "If_Then_Else"];
n10[label = "And"];
n100[label = "And"];
n1000[label = "CplexTerminal"];
n100 -> n1000;
n1001[label = "FarthestFirstNode"];
n100 -> n1001;
n10 -> n100;
n101[label = "Equal"];
n1010[label = "FarthestInsertion"];
n101 -> n1010;
n1011[label = "WorstMove"];
n101 -> n1011;
n10 -> n101;
n1 -> n10;
n11[label = "If_Then_Else"];
n110[label = "If_Then"];
n1100[label = "CplexTerminal"];
n110 -> n1100;
n1101[label = "NearestInsertion"];
n110 -> n1101;
n11 -> n110;
n111[label = "If_Then_Else"];
n1110[label = "NearestInsertion"];
n111 -> n1110;
n1111[label = "WorstMove"];
n111 -> n1111;
n1112[label = "FarthestInsertion"];
n111 -> n1112;
n11 -> n111;
n112[label = "If_Then_Else"];
n1120[label = "WorstMove"];
n112 -> n1120;
n1121[label = "BestMove"];
n112 -> n1121;
n1122[label = "CplexTerminal"];
n112 -> n1122;
n11 -> n112;
n1 -> n11;
n12[label = "While"];
n120[label = "If_Then_Else"];
n1200[label = "NearestInsertion"];
n120 -> n1200;
n1201[label = "WorstMove"];
n120 -> n1201;
n1202[label = "FarthestInsertion"];
n120 -> n1202;
n12 -> n120;
n121[label = "BestMove"];
n12 -> n121;
n1 -> n12;
n -> n1;
}


Generation: 71
Best Individual:
Subpopulation 0:
Evaluated: true
Fitness: Standardized=0.008400444 Adjusted=0.99166954 Hits=2
Tree 0:
digraph g {
node [shape=rectangle];
n[label = "Equal"];
n0[label = "If_Then_Else"];
n00[label = "And"];
n000[label = "And"];
n0000[label = "CplexTerminal"];
n000 -> n0000;
n0001[label = "FarthestFirstNode"];
n000 -> n0001;
n00 -> n000;
n001[label = "Equal"];
n0010[label = "FarthestInsertion"];
n001 -> n0010;
n0011[label = "WorstMove"];
n001 -> n0011;
n00 -> n001;
n0 -> n00;
n01[label = "If_Then_Else"];
n010[label = "If_Then"];
n0100[label = "CplexTerminal"];
n010 -> n0100;
n0101[label = "NearestInsertion"];
n010 -> n0101;
n01 -> n010;
n011[label = "Equal"];
n0110[label = "FarthestNeighbor"];
n011 -> n0110;
n0111[label = "NearestFirstNode"];
n011 -> n0111;
n01 -> n011;
n012[label = "If_Then_Else"];
n0120[label = "WorstMove"];
n012 -> n0120;
n0121[label = "BestMove"];
n012 -> n0121;
n0122[label = "CplexTerminal"];
n012 -> n0122;
n01 -> n012;
n0 -> n01;
n02[label = "While"];
n020[label = "If_Then_Else"];
n0200[label = "NearestInsertion"];
n020 -> n0200;
n0201[label = "WorstMove"];
n020 -> n0201;
n0202[label = "FarthestInsertion"];
n020 -> n0202;
n02 -> n020;
n021[label = "Equal"];
n0210[label = "NearestNeighbor"];
n021 -> n0210;
n0211[label = "CplexTerminal"];
n021 -> n0211;
n02 -> n021;
n0 -> n02;
n -> n0;
n1[label = "If_Then_Else"];
n10[label = "And"];
n100[label = "And"];
n1000[label = "CplexTerminal"];
n100 -> n1000;
n1001[label = "FarthestFirstNode"];
n100 -> n1001;
n10 -> n100;
n101[label = "Equal"];
n1010[label = "FarthestInsertion"];
n101 -> n1010;
n1011[label = "WorstMove"];
n101 -> n1011;
n10 -> n101;
n1 -> n10;
n11[label = "If_Then_Else"];
n110[label = "If_Then"];
n1100[label = "CplexTerminal"];
n110 -> n1100;
n1101[label = "NearestInsertion"];
n110 -> n1101;
n11 -> n110;
n111[label = "If_Then_Else"];
n1110[label = "NearestInsertion"];
n111 -> n1110;
n1111[label = "WorstMove"];
n111 -> n1111;
n1112[label = "FarthestInsertion"];
n111 -> n1112;
n11 -> n111;
n112[label = "If_Then_Else"];
n1120[label = "WorstMove"];
n112 -> n1120;
n1121[label = "BestMove"];
n112 -> n1121;
n1122[label = "CplexTerminal"];
n112 -> n1122;
n11 -> n112;
n1 -> n11;
n12[label = "While"];
n120[label = "If_Then_Else"];
n1200[label = "NearestInsertion"];
n120 -> n1200;
n1201[label = "WorstMove"];
n120 -> n1201;
n1202[label = "FarthestInsertion"];
n120 -> n1202;
n12 -> n120;
n121[label = "BestMove"];
n12 -> n121;
n1 -> n12;
n -> n1;
}


Generation: 72
Best Individual:
Subpopulation 0:
Evaluated: true
Fitness: Standardized=0.008400444 Adjusted=0.99166954 Hits=2
Tree 0:
digraph g {
node [shape=rectangle];
n[label = "Equal"];
n0[label = "If_Then_Else"];
n00[label = "And"];
n000[label = "And"];
n0000[label = "CplexTerminal"];
n000 -> n0000;
n0001[label = "FarthestFirstNode"];
n000 -> n0001;
n00 -> n000;
n001[label = "Equal"];
n0010[label = "FarthestInsertion"];
n001 -> n0010;
n0011[label = "WorstMove"];
n001 -> n0011;
n00 -> n001;
n0 -> n00;
n01[label = "If_Then_Else"];
n010[label = "If_Then"];
n0100[label = "CplexTerminal"];
n010 -> n0100;
n0101[label = "NearestInsertion"];
n010 -> n0101;
n01 -> n010;
n011[label = "Equal"];
n0110[label = "FarthestNeighbor"];
n011 -> n0110;
n0111[label = "NearestFirstNode"];
n011 -> n0111;
n01 -> n011;
n012[label = "If_Then_Else"];
n0120[label = "WorstMove"];
n012 -> n0120;
n0121[label = "BestMove"];
n012 -> n0121;
n0122[label = "CplexTerminal"];
n012 -> n0122;
n01 -> n012;
n0 -> n01;
n02[label = "While"];
n020[label = "If_Then_Else"];
n0200[label = "NearestInsertion"];
n020 -> n0200;
n0201[label = "WorstMove"];
n020 -> n0201;
n0202[label = "FarthestInsertion"];
n020 -> n0202;
n02 -> n020;
n021[label = "Equal"];
n0210[label = "NearestNeighbor"];
n021 -> n0210;
n0211[label = "CplexTerminal"];
n021 -> n0211;
n02 -> n021;
n0 -> n02;
n -> n0;
n1[label = "If_Then_Else"];
n10[label = "And"];
n100[label = "And"];
n1000[label = "CplexTerminal"];
n100 -> n1000;
n1001[label = "FarthestFirstNode"];
n100 -> n1001;
n10 -> n100;
n101[label = "Equal"];
n1010[label = "FarthestInsertion"];
n101 -> n1010;
n1011[label = "WorstMove"];
n101 -> n1011;
n10 -> n101;
n1 -> n10;
n11[label = "If_Then_Else"];
n110[label = "If_Then"];
n1100[label = "CplexTerminal"];
n110 -> n1100;
n1101[label = "NearestInsertion"];
n110 -> n1101;
n11 -> n110;
n111[label = "If_Then_Else"];
n1110[label = "NearestInsertion"];
n111 -> n1110;
n1111[label = "WorstMove"];
n111 -> n1111;
n1112[label = "FarthestInsertion"];
n111 -> n1112;
n11 -> n111;
n112[label = "If_Then_Else"];
n1120[label = "WorstMove"];
n112 -> n1120;
n1121[label = "BestMove"];
n112 -> n1121;
n1122[label = "CplexTerminal"];
n112 -> n1122;
n11 -> n112;
n1 -> n11;
n12[label = "While"];
n120[label = "If_Then_Else"];
n1200[label = "NearestInsertion"];
n120 -> n1200;
n1201[label = "WorstMove"];
n120 -> n1201;
n1202[label = "FarthestInsertion"];
n120 -> n1202;
n12 -> n120;
n121[label = "BestMove"];
n12 -> n121;
n1 -> n12;
n -> n1;
}


Generation: 73
Best Individual:
Subpopulation 0:
Evaluated: true
Fitness: Standardized=0.008400444 Adjusted=0.99166954 Hits=2
Tree 0:
digraph g {
node [shape=rectangle];
n[label = "Equal"];
n0[label = "If_Then_Else"];
n00[label = "And"];
n000[label = "And"];
n0000[label = "CplexTerminal"];
n000 -> n0000;
n0001[label = "FarthestFirstNode"];
n000 -> n0001;
n00 -> n000;
n001[label = "Equal"];
n0010[label = "FarthestInsertion"];
n001 -> n0010;
n0011[label = "WorstMove"];
n001 -> n0011;
n00 -> n001;
n0 -> n00;
n01[label = "If_Then_Else"];
n010[label = "If_Then"];
n0100[label = "CplexTerminal"];
n010 -> n0100;
n0101[label = "NearestInsertion"];
n010 -> n0101;
n01 -> n010;
n011[label = "Equal"];
n0110[label = "FarthestNeighbor"];
n011 -> n0110;
n0111[label = "NearestFirstNode"];
n011 -> n0111;
n01 -> n011;
n012[label = "If_Then_Else"];
n0120[label = "WorstMove"];
n012 -> n0120;
n0121[label = "BestMove"];
n012 -> n0121;
n0122[label = "CplexTerminal"];
n012 -> n0122;
n01 -> n012;
n0 -> n01;
n02[label = "While"];
n020[label = "If_Then_Else"];
n0200[label = "NearestInsertion"];
n020 -> n0200;
n0201[label = "WorstMove"];
n020 -> n0201;
n0202[label = "FarthestInsertion"];
n020 -> n0202;
n02 -> n020;
n021[label = "Equal"];
n0210[label = "NearestNeighbor"];
n021 -> n0210;
n0211[label = "CplexTerminal"];
n021 -> n0211;
n02 -> n021;
n0 -> n02;
n -> n0;
n1[label = "If_Then_Else"];
n10[label = "And"];
n100[label = "And"];
n1000[label = "CplexTerminal"];
n100 -> n1000;
n1001[label = "FarthestFirstNode"];
n100 -> n1001;
n10 -> n100;
n101[label = "Equal"];
n1010[label = "FarthestInsertion"];
n101 -> n1010;
n1011[label = "WorstMove"];
n101 -> n1011;
n10 -> n101;
n1 -> n10;
n11[label = "If_Then_Else"];
n110[label = "If_Then"];
n1100[label = "CplexTerminal"];
n110 -> n1100;
n1101[label = "NearestInsertion"];
n110 -> n1101;
n11 -> n110;
n111[label = "If_Then_Else"];
n1110[label = "NearestInsertion"];
n111 -> n1110;
n1111[label = "WorstMove"];
n111 -> n1111;
n1112[label = "FarthestInsertion"];
n111 -> n1112;
n11 -> n111;
n112[label = "If_Then_Else"];
n1120[label = "WorstMove"];
n112 -> n1120;
n1121[label = "BestMove"];
n112 -> n1121;
n1122[label = "CplexTerminal"];
n112 -> n1122;
n11 -> n112;
n1 -> n11;
n12[label = "While"];
n120[label = "If_Then_Else"];
n1200[label = "NearestInsertion"];
n120 -> n1200;
n1201[label = "WorstMove"];
n120 -> n1201;
n1202[label = "FarthestInsertion"];
n120 -> n1202;
n12 -> n120;
n121[label = "BestMove"];
n12 -> n121;
n1 -> n12;
n -> n1;
}


Generation: 74
Best Individual:
Subpopulation 0:
Evaluated: true
Fitness: Standardized=0.008400444 Adjusted=0.99166954 Hits=2
Tree 0:
digraph g {
node [shape=rectangle];
n[label = "Equal"];
n0[label = "If_Then_Else"];
n00[label = "And"];
n000[label = "And"];
n0000[label = "CplexTerminal"];
n000 -> n0000;
n0001[label = "FarthestFirstNode"];
n000 -> n0001;
n00 -> n000;
n001[label = "Equal"];
n0010[label = "FarthestInsertion"];
n001 -> n0010;
n0011[label = "WorstMove"];
n001 -> n0011;
n00 -> n001;
n0 -> n00;
n01[label = "If_Then_Else"];
n010[label = "If_Then"];
n0100[label = "CplexTerminal"];
n010 -> n0100;
n0101[label = "NearestInsertion"];
n010 -> n0101;
n01 -> n010;
n011[label = "Equal"];
n0110[label = "FarthestNeighbor"];
n011 -> n0110;
n0111[label = "NearestFirstNode"];
n011 -> n0111;
n01 -> n011;
n012[label = "If_Then_Else"];
n0120[label = "WorstMove"];
n012 -> n0120;
n0121[label = "BestMove"];
n012 -> n0121;
n0122[label = "CplexTerminal"];
n012 -> n0122;
n01 -> n012;
n0 -> n01;
n02[label = "While"];
n020[label = "If_Then_Else"];
n0200[label = "NearestInsertion"];
n020 -> n0200;
n0201[label = "WorstMove"];
n020 -> n0201;
n0202[label = "FarthestInsertion"];
n020 -> n0202;
n02 -> n020;
n021[label = "Equal"];
n0210[label = "NearestNeighbor"];
n021 -> n0210;
n0211[label = "CplexTerminal"];
n021 -> n0211;
n02 -> n021;
n0 -> n02;
n -> n0;
n1[label = "If_Then_Else"];
n10[label = "And"];
n100[label = "And"];
n1000[label = "CplexTerminal"];
n100 -> n1000;
n1001[label = "FarthestFirstNode"];
n100 -> n1001;
n10 -> n100;
n101[label = "Equal"];
n1010[label = "FarthestInsertion"];
n101 -> n1010;
n1011[label = "WorstMove"];
n101 -> n1011;
n10 -> n101;
n1 -> n10;
n11[label = "If_Then_Else"];
n110[label = "If_Then"];
n1100[label = "CplexTerminal"];
n110 -> n1100;
n1101[label = "NearestInsertion"];
n110 -> n1101;
n11 -> n110;
n111[label = "If_Then_Else"];
n1110[label = "NearestInsertion"];
n111 -> n1110;
n1111[label = "WorstMove"];
n111 -> n1111;
n1112[label = "FarthestInsertion"];
n111 -> n1112;
n11 -> n111;
n112[label = "If_Then_Else"];
n1120[label = "WorstMove"];
n112 -> n1120;
n1121[label = "BestMove"];
n112 -> n1121;
n1122[label = "CplexTerminal"];
n112 -> n1122;
n11 -> n112;
n1 -> n11;
n12[label = "While"];
n120[label = "If_Then_Else"];
n1200[label = "NearestInsertion"];
n120 -> n1200;
n1201[label = "WorstMove"];
n120 -> n1201;
n1202[label = "FarthestInsertion"];
n120 -> n1202;
n12 -> n120;
n121[label = "BestMove"];
n12 -> n121;
n1 -> n12;
n -> n1;
}


Generation: 75
Best Individual:
Subpopulation 0:
Evaluated: true
Fitness: Standardized=0.008400444 Adjusted=0.99166954 Hits=2
Tree 0:
digraph g {
node [shape=rectangle];
n[label = "Equal"];
n0[label = "If_Then_Else"];
n00[label = "And"];
n000[label = "And"];
n0000[label = "CplexTerminal"];
n000 -> n0000;
n0001[label = "FarthestFirstNode"];
n000 -> n0001;
n00 -> n000;
n001[label = "Equal"];
n0010[label = "FarthestInsertion"];
n001 -> n0010;
n0011[label = "WorstMove"];
n001 -> n0011;
n00 -> n001;
n0 -> n00;
n01[label = "If_Then_Else"];
n010[label = "If_Then"];
n0100[label = "CplexTerminal"];
n010 -> n0100;
n0101[label = "NearestInsertion"];
n010 -> n0101;
n01 -> n010;
n011[label = "Equal"];
n0110[label = "FarthestNeighbor"];
n011 -> n0110;
n0111[label = "NearestFirstNode"];
n011 -> n0111;
n01 -> n011;
n012[label = "If_Then_Else"];
n0120[label = "WorstMove"];
n012 -> n0120;
n0121[label = "BestMove"];
n012 -> n0121;
n0122[label = "CplexTerminal"];
n012 -> n0122;
n01 -> n012;
n0 -> n01;
n02[label = "While"];
n020[label = "If_Then_Else"];
n0200[label = "NearestInsertion"];
n020 -> n0200;
n0201[label = "WorstMove"];
n020 -> n0201;
n0202[label = "FarthestInsertion"];
n020 -> n0202;
n02 -> n020;
n021[label = "Equal"];
n0210[label = "NearestNeighbor"];
n021 -> n0210;
n0211[label = "CplexTerminal"];
n021 -> n0211;
n02 -> n021;
n0 -> n02;
n -> n0;
n1[label = "If_Then_Else"];
n10[label = "And"];
n100[label = "And"];
n1000[label = "CplexTerminal"];
n100 -> n1000;
n1001[label = "FarthestFirstNode"];
n100 -> n1001;
n10 -> n100;
n101[label = "Equal"];
n1010[label = "FarthestInsertion"];
n101 -> n1010;
n1011[label = "WorstMove"];
n101 -> n1011;
n10 -> n101;
n1 -> n10;
n11[label = "If_Then_Else"];
n110[label = "If_Then"];
n1100[label = "CplexTerminal"];
n110 -> n1100;
n1101[label = "NearestInsertion"];
n110 -> n1101;
n11 -> n110;
n111[label = "If_Then_Else"];
n1110[label = "NearestInsertion"];
n111 -> n1110;
n1111[label = "WorstMove"];
n111 -> n1111;
n1112[label = "FarthestInsertion"];
n111 -> n1112;
n11 -> n111;
n112[label = "If_Then_Else"];
n1120[label = "WorstMove"];
n112 -> n1120;
n1121[label = "BestMove"];
n112 -> n1121;
n1122[label = "CplexTerminal"];
n112 -> n1122;
n11 -> n112;
n1 -> n11;
n12[label = "While"];
n120[label = "If_Then_Else"];
n1200[label = "NearestInsertion"];
n120 -> n1200;
n1201[label = "WorstMove"];
n120 -> n1201;
n1202[label = "FarthestInsertion"];
n120 -> n1202;
n12 -> n120;
n121[label = "BestMove"];
n12 -> n121;
n1 -> n12;
n -> n1;
}


Generation: 76
Best Individual:
Subpopulation 0:
Evaluated: true
Fitness: Standardized=0.008400444 Adjusted=0.99166954 Hits=2
Tree 0:
digraph g {
node [shape=rectangle];
n[label = "Equal"];
n0[label = "If_Then_Else"];
n00[label = "And"];
n000[label = "And"];
n0000[label = "CplexTerminal"];
n000 -> n0000;
n0001[label = "FarthestFirstNode"];
n000 -> n0001;
n00 -> n000;
n001[label = "Equal"];
n0010[label = "FarthestInsertion"];
n001 -> n0010;
n0011[label = "WorstMove"];
n001 -> n0011;
n00 -> n001;
n0 -> n00;
n01[label = "If_Then_Else"];
n010[label = "If_Then"];
n0100[label = "CplexTerminal"];
n010 -> n0100;
n0101[label = "NearestInsertion"];
n010 -> n0101;
n01 -> n010;
n011[label = "Equal"];
n0110[label = "FarthestNeighbor"];
n011 -> n0110;
n0111[label = "NearestFirstNode"];
n011 -> n0111;
n01 -> n011;
n012[label = "If_Then_Else"];
n0120[label = "WorstMove"];
n012 -> n0120;
n0121[label = "BestMove"];
n012 -> n0121;
n0122[label = "CplexTerminal"];
n012 -> n0122;
n01 -> n012;
n0 -> n01;
n02[label = "While"];
n020[label = "If_Then_Else"];
n0200[label = "NearestInsertion"];
n020 -> n0200;
n0201[label = "WorstMove"];
n020 -> n0201;
n0202[label = "FarthestInsertion"];
n020 -> n0202;
n02 -> n020;
n021[label = "Equal"];
n0210[label = "NearestNeighbor"];
n021 -> n0210;
n0211[label = "CplexTerminal"];
n021 -> n0211;
n02 -> n021;
n0 -> n02;
n -> n0;
n1[label = "If_Then_Else"];
n10[label = "And"];
n100[label = "And"];
n1000[label = "CplexTerminal"];
n100 -> n1000;
n1001[label = "FarthestFirstNode"];
n100 -> n1001;
n10 -> n100;
n101[label = "Equal"];
n1010[label = "FarthestInsertion"];
n101 -> n1010;
n1011[label = "WorstMove"];
n101 -> n1011;
n10 -> n101;
n1 -> n10;
n11[label = "If_Then_Else"];
n110[label = "If_Then"];
n1100[label = "CplexTerminal"];
n110 -> n1100;
n1101[label = "NearestInsertion"];
n110 -> n1101;
n11 -> n110;
n111[label = "If_Then_Else"];
n1110[label = "NearestInsertion"];
n111 -> n1110;
n1111[label = "WorstMove"];
n111 -> n1111;
n1112[label = "FarthestInsertion"];
n111 -> n1112;
n11 -> n111;
n112[label = "If_Then_Else"];
n1120[label = "WorstMove"];
n112 -> n1120;
n1121[label = "BestMove"];
n112 -> n1121;
n1122[label = "CplexTerminal"];
n112 -> n1122;
n11 -> n112;
n1 -> n11;
n12[label = "While"];
n120[label = "If_Then_Else"];
n1200[label = "NearestInsertion"];
n120 -> n1200;
n1201[label = "WorstMove"];
n120 -> n1201;
n1202[label = "FarthestInsertion"];
n120 -> n1202;
n12 -> n120;
n121[label = "BestMove"];
n12 -> n121;
n1 -> n12;
n -> n1;
}


Generation: 77
Best Individual:
Subpopulation 0:
Evaluated: true
Fitness: Standardized=0.008400444 Adjusted=0.99166954 Hits=2
Tree 0:
digraph g {
node [shape=rectangle];
n[label = "Equal"];
n0[label = "If_Then_Else"];
n00[label = "And"];
n000[label = "And"];
n0000[label = "CplexTerminal"];
n000 -> n0000;
n0001[label = "FarthestFirstNode"];
n000 -> n0001;
n00 -> n000;
n001[label = "Equal"];
n0010[label = "FarthestInsertion"];
n001 -> n0010;
n0011[label = "WorstMove"];
n001 -> n0011;
n00 -> n001;
n0 -> n00;
n01[label = "If_Then_Else"];
n010[label = "If_Then"];
n0100[label = "CplexTerminal"];
n010 -> n0100;
n0101[label = "NearestInsertion"];
n010 -> n0101;
n01 -> n010;
n011[label = "Equal"];
n0110[label = "FarthestNeighbor"];
n011 -> n0110;
n0111[label = "NearestFirstNode"];
n011 -> n0111;
n01 -> n011;
n012[label = "If_Then_Else"];
n0120[label = "WorstMove"];
n012 -> n0120;
n0121[label = "BestMove"];
n012 -> n0121;
n0122[label = "CplexTerminal"];
n012 -> n0122;
n01 -> n012;
n0 -> n01;
n02[label = "While"];
n020[label = "If_Then_Else"];
n0200[label = "NearestInsertion"];
n020 -> n0200;
n0201[label = "WorstMove"];
n020 -> n0201;
n0202[label = "FarthestInsertion"];
n020 -> n0202;
n02 -> n020;
n021[label = "Equal"];
n0210[label = "NearestNeighbor"];
n021 -> n0210;
n0211[label = "CplexTerminal"];
n021 -> n0211;
n02 -> n021;
n0 -> n02;
n -> n0;
n1[label = "If_Then_Else"];
n10[label = "And"];
n100[label = "And"];
n1000[label = "CplexTerminal"];
n100 -> n1000;
n1001[label = "FarthestFirstNode"];
n100 -> n1001;
n10 -> n100;
n101[label = "Equal"];
n1010[label = "FarthestInsertion"];
n101 -> n1010;
n1011[label = "WorstMove"];
n101 -> n1011;
n10 -> n101;
n1 -> n10;
n11[label = "If_Then_Else"];
n110[label = "If_Then"];
n1100[label = "CplexTerminal"];
n110 -> n1100;
n1101[label = "NearestInsertion"];
n110 -> n1101;
n11 -> n110;
n111[label = "If_Then_Else"];
n1110[label = "NearestInsertion"];
n111 -> n1110;
n1111[label = "WorstMove"];
n111 -> n1111;
n1112[label = "FarthestInsertion"];
n111 -> n1112;
n11 -> n111;
n112[label = "If_Then_Else"];
n1120[label = "WorstMove"];
n112 -> n1120;
n1121[label = "BestMove"];
n112 -> n1121;
n1122[label = "CplexTerminal"];
n112 -> n1122;
n11 -> n112;
n1 -> n11;
n12[label = "While"];
n120[label = "If_Then_Else"];
n1200[label = "NearestInsertion"];
n120 -> n1200;
n1201[label = "WorstMove"];
n120 -> n1201;
n1202[label = "FarthestInsertion"];
n120 -> n1202;
n12 -> n120;
n121[label = "BestMove"];
n12 -> n121;
n1 -> n12;
n -> n1;
}


Generation: 78
Best Individual:
Subpopulation 0:
Evaluated: true
Fitness: Standardized=0.008400444 Adjusted=0.99166954 Hits=2
Tree 0:
digraph g {
node [shape=rectangle];
n[label = "Equal"];
n0[label = "If_Then_Else"];
n00[label = "And"];
n000[label = "And"];
n0000[label = "CplexTerminal"];
n000 -> n0000;
n0001[label = "FarthestFirstNode"];
n000 -> n0001;
n00 -> n000;
n001[label = "Equal"];
n0010[label = "FarthestInsertion"];
n001 -> n0010;
n0011[label = "WorstMove"];
n001 -> n0011;
n00 -> n001;
n0 -> n00;
n01[label = "If_Then_Else"];
n010[label = "If_Then"];
n0100[label = "CplexTerminal"];
n010 -> n0100;
n0101[label = "NearestInsertion"];
n010 -> n0101;
n01 -> n010;
n011[label = "Equal"];
n0110[label = "FarthestNeighbor"];
n011 -> n0110;
n0111[label = "NearestFirstNode"];
n011 -> n0111;
n01 -> n011;
n012[label = "If_Then_Else"];
n0120[label = "WorstMove"];
n012 -> n0120;
n0121[label = "BestMove"];
n012 -> n0121;
n0122[label = "CplexTerminal"];
n012 -> n0122;
n01 -> n012;
n0 -> n01;
n02[label = "While"];
n020[label = "If_Then_Else"];
n0200[label = "NearestInsertion"];
n020 -> n0200;
n0201[label = "WorstMove"];
n020 -> n0201;
n0202[label = "FarthestInsertion"];
n020 -> n0202;
n02 -> n020;
n021[label = "Equal"];
n0210[label = "NearestNeighbor"];
n021 -> n0210;
n0211[label = "CplexTerminal"];
n021 -> n0211;
n02 -> n021;
n0 -> n02;
n -> n0;
n1[label = "If_Then_Else"];
n10[label = "And"];
n100[label = "And"];
n1000[label = "CplexTerminal"];
n100 -> n1000;
n1001[label = "FarthestFirstNode"];
n100 -> n1001;
n10 -> n100;
n101[label = "Equal"];
n1010[label = "FarthestInsertion"];
n101 -> n1010;
n1011[label = "WorstMove"];
n101 -> n1011;
n10 -> n101;
n1 -> n10;
n11[label = "If_Then_Else"];
n110[label = "If_Then"];
n1100[label = "CplexTerminal"];
n110 -> n1100;
n1101[label = "NearestInsertion"];
n110 -> n1101;
n11 -> n110;
n111[label = "If_Then_Else"];
n1110[label = "NearestInsertion"];
n111 -> n1110;
n1111[label = "WorstMove"];
n111 -> n1111;
n1112[label = "FarthestInsertion"];
n111 -> n1112;
n11 -> n111;
n112[label = "If_Then_Else"];
n1120[label = "WorstMove"];
n112 -> n1120;
n1121[label = "BestMove"];
n112 -> n1121;
n1122[label = "CplexTerminal"];
n112 -> n1122;
n11 -> n112;
n1 -> n11;
n12[label = "While"];
n120[label = "If_Then_Else"];
n1200[label = "NearestInsertion"];
n120 -> n1200;
n1201[label = "WorstMove"];
n120 -> n1201;
n1202[label = "FarthestInsertion"];
n120 -> n1202;
n12 -> n120;
n121[label = "BestMove"];
n12 -> n121;
n1 -> n12;
n -> n1;
}


Generation: 79
Best Individual:
Subpopulation 0:
Evaluated: true
Fitness: Standardized=0.008400444 Adjusted=0.99166954 Hits=2
Tree 0:
digraph g {
node [shape=rectangle];
n[label = "Equal"];
n0[label = "If_Then_Else"];
n00[label = "And"];
n000[label = "And"];
n0000[label = "CplexTerminal"];
n000 -> n0000;
n0001[label = "FarthestFirstNode"];
n000 -> n0001;
n00 -> n000;
n001[label = "Equal"];
n0010[label = "FarthestInsertion"];
n001 -> n0010;
n0011[label = "WorstMove"];
n001 -> n0011;
n00 -> n001;
n0 -> n00;
n01[label = "If_Then_Else"];
n010[label = "If_Then"];
n0100[label = "CplexTerminal"];
n010 -> n0100;
n0101[label = "NearestInsertion"];
n010 -> n0101;
n01 -> n010;
n011[label = "Equal"];
n0110[label = "FarthestNeighbor"];
n011 -> n0110;
n0111[label = "NearestFirstNode"];
n011 -> n0111;
n01 -> n011;
n012[label = "If_Then_Else"];
n0120[label = "WorstMove"];
n012 -> n0120;
n0121[label = "BestMove"];
n012 -> n0121;
n0122[label = "CplexTerminal"];
n012 -> n0122;
n01 -> n012;
n0 -> n01;
n02[label = "While"];
n020[label = "If_Then_Else"];
n0200[label = "NearestInsertion"];
n020 -> n0200;
n0201[label = "WorstMove"];
n020 -> n0201;
n0202[label = "FarthestInsertion"];
n020 -> n0202;
n02 -> n020;
n021[label = "Equal"];
n0210[label = "NearestNeighbor"];
n021 -> n0210;
n0211[label = "CplexTerminal"];
n021 -> n0211;
n02 -> n021;
n0 -> n02;
n -> n0;
n1[label = "If_Then_Else"];
n10[label = "And"];
n100[label = "And"];
n1000[label = "CplexTerminal"];
n100 -> n1000;
n1001[label = "FarthestFirstNode"];
n100 -> n1001;
n10 -> n100;
n101[label = "Equal"];
n1010[label = "FarthestInsertion"];
n101 -> n1010;
n1011[label = "WorstMove"];
n101 -> n1011;
n10 -> n101;
n1 -> n10;
n11[label = "If_Then_Else"];
n110[label = "If_Then"];
n1100[label = "CplexTerminal"];
n110 -> n1100;
n1101[label = "NearestInsertion"];
n110 -> n1101;
n11 -> n110;
n111[label = "If_Then_Else"];
n1110[label = "NearestInsertion"];
n111 -> n1110;
n1111[label = "WorstMove"];
n111 -> n1111;
n1112[label = "FarthestInsertion"];
n111 -> n1112;
n11 -> n111;
n112[label = "If_Then_Else"];
n1120[label = "WorstMove"];
n112 -> n1120;
n1121[label = "BestMove"];
n112 -> n1121;
n1122[label = "CplexTerminal"];
n112 -> n1122;
n11 -> n112;
n1 -> n11;
n12[label = "While"];
n120[label = "If_Then_Else"];
n1200[label = "NearestInsertion"];
n120 -> n1200;
n1201[label = "WorstMove"];
n120 -> n1201;
n1202[label = "FarthestInsertion"];
n120 -> n1202;
n12 -> n120;
n121[label = "BestMove"];
n12 -> n121;
n1 -> n12;
n -> n1;
}


Generation: 80
Best Individual:
Subpopulation 0:
Evaluated: true
Fitness: Standardized=0.008400444 Adjusted=0.99166954 Hits=2
Tree 0:
digraph g {
node [shape=rectangle];
n[label = "Equal"];
n0[label = "If_Then_Else"];
n00[label = "And"];
n000[label = "And"];
n0000[label = "CplexTerminal"];
n000 -> n0000;
n0001[label = "FarthestFirstNode"];
n000 -> n0001;
n00 -> n000;
n001[label = "Equal"];
n0010[label = "FarthestInsertion"];
n001 -> n0010;
n0011[label = "WorstMove"];
n001 -> n0011;
n00 -> n001;
n0 -> n00;
n01[label = "If_Then_Else"];
n010[label = "If_Then"];
n0100[label = "CplexTerminal"];
n010 -> n0100;
n0101[label = "NearestInsertion"];
n010 -> n0101;
n01 -> n010;
n011[label = "Equal"];
n0110[label = "FarthestNeighbor"];
n011 -> n0110;
n0111[label = "NearestFirstNode"];
n011 -> n0111;
n01 -> n011;
n012[label = "If_Then_Else"];
n0120[label = "WorstMove"];
n012 -> n0120;
n0121[label = "BestMove"];
n012 -> n0121;
n0122[label = "CplexTerminal"];
n012 -> n0122;
n01 -> n012;
n0 -> n01;
n02[label = "While"];
n020[label = "If_Then_Else"];
n0200[label = "NearestInsertion"];
n020 -> n0200;
n0201[label = "WorstMove"];
n020 -> n0201;
n0202[label = "FarthestInsertion"];
n020 -> n0202;
n02 -> n020;
n021[label = "Equal"];
n0210[label = "NearestNeighbor"];
n021 -> n0210;
n0211[label = "CplexTerminal"];
n021 -> n0211;
n02 -> n021;
n0 -> n02;
n -> n0;
n1[label = "If_Then_Else"];
n10[label = "And"];
n100[label = "And"];
n1000[label = "CplexTerminal"];
n100 -> n1000;
n1001[label = "FarthestFirstNode"];
n100 -> n1001;
n10 -> n100;
n101[label = "Equal"];
n1010[label = "FarthestInsertion"];
n101 -> n1010;
n1011[label = "WorstMove"];
n101 -> n1011;
n10 -> n101;
n1 -> n10;
n11[label = "If_Then_Else"];
n110[label = "If_Then"];
n1100[label = "CplexTerminal"];
n110 -> n1100;
n1101[label = "NearestInsertion"];
n110 -> n1101;
n11 -> n110;
n111[label = "If_Then_Else"];
n1110[label = "NearestInsertion"];
n111 -> n1110;
n1111[label = "WorstMove"];
n111 -> n1111;
n1112[label = "FarthestInsertion"];
n111 -> n1112;
n11 -> n111;
n112[label = "If_Then_Else"];
n1120[label = "WorstMove"];
n112 -> n1120;
n1121[label = "BestMove"];
n112 -> n1121;
n1122[label = "CplexTerminal"];
n112 -> n1122;
n11 -> n112;
n1 -> n11;
n12[label = "While"];
n120[label = "If_Then_Else"];
n1200[label = "NearestInsertion"];
n120 -> n1200;
n1201[label = "WorstMove"];
n120 -> n1201;
n1202[label = "FarthestInsertion"];
n120 -> n1202;
n12 -> n120;
n121[label = "BestMove"];
n12 -> n121;
n1 -> n12;
n -> n1;
}


Generation: 81
Best Individual:
Subpopulation 0:
Evaluated: true
Fitness: Standardized=0.008400444 Adjusted=0.99166954 Hits=2
Tree 0:
digraph g {
node [shape=rectangle];
n[label = "Equal"];
n0[label = "If_Then_Else"];
n00[label = "And"];
n000[label = "And"];
n0000[label = "CplexTerminal"];
n000 -> n0000;
n0001[label = "FarthestFirstNode"];
n000 -> n0001;
n00 -> n000;
n001[label = "Equal"];
n0010[label = "FarthestInsertion"];
n001 -> n0010;
n0011[label = "WorstMove"];
n001 -> n0011;
n00 -> n001;
n0 -> n00;
n01[label = "If_Then_Else"];
n010[label = "If_Then"];
n0100[label = "CplexTerminal"];
n010 -> n0100;
n0101[label = "NearestInsertion"];
n010 -> n0101;
n01 -> n010;
n011[label = "Equal"];
n0110[label = "FarthestNeighbor"];
n011 -> n0110;
n0111[label = "NearestFirstNode"];
n011 -> n0111;
n01 -> n011;
n012[label = "If_Then_Else"];
n0120[label = "WorstMove"];
n012 -> n0120;
n0121[label = "BestMove"];
n012 -> n0121;
n0122[label = "CplexTerminal"];
n012 -> n0122;
n01 -> n012;
n0 -> n01;
n02[label = "While"];
n020[label = "If_Then_Else"];
n0200[label = "NearestInsertion"];
n020 -> n0200;
n0201[label = "WorstMove"];
n020 -> n0201;
n0202[label = "FarthestInsertion"];
n020 -> n0202;
n02 -> n020;
n021[label = "Equal"];
n0210[label = "NearestNeighbor"];
n021 -> n0210;
n0211[label = "CplexTerminal"];
n021 -> n0211;
n02 -> n021;
n0 -> n02;
n -> n0;
n1[label = "If_Then_Else"];
n10[label = "And"];
n100[label = "And"];
n1000[label = "CplexTerminal"];
n100 -> n1000;
n1001[label = "FarthestFirstNode"];
n100 -> n1001;
n10 -> n100;
n101[label = "Equal"];
n1010[label = "FarthestInsertion"];
n101 -> n1010;
n1011[label = "WorstMove"];
n101 -> n1011;
n10 -> n101;
n1 -> n10;
n11[label = "If_Then_Else"];
n110[label = "If_Then"];
n1100[label = "CplexTerminal"];
n110 -> n1100;
n1101[label = "NearestInsertion"];
n110 -> n1101;
n11 -> n110;
n111[label = "If_Then_Else"];
n1110[label = "NearestInsertion"];
n111 -> n1110;
n1111[label = "WorstMove"];
n111 -> n1111;
n1112[label = "FarthestInsertion"];
n111 -> n1112;
n11 -> n111;
n112[label = "If_Then_Else"];
n1120[label = "WorstMove"];
n112 -> n1120;
n1121[label = "BestMove"];
n112 -> n1121;
n1122[label = "CplexTerminal"];
n112 -> n1122;
n11 -> n112;
n1 -> n11;
n12[label = "While"];
n120[label = "If_Then_Else"];
n1200[label = "NearestInsertion"];
n120 -> n1200;
n1201[label = "WorstMove"];
n120 -> n1201;
n1202[label = "FarthestInsertion"];
n120 -> n1202;
n12 -> n120;
n121[label = "BestMove"];
n12 -> n121;
n1 -> n12;
n -> n1;
}


Generation: 82
Best Individual:
Subpopulation 0:
Evaluated: true
Fitness: Standardized=0.008400444 Adjusted=0.99166954 Hits=2
Tree 0:
digraph g {
node [shape=rectangle];
n[label = "Equal"];
n0[label = "If_Then_Else"];
n00[label = "And"];
n000[label = "And"];
n0000[label = "CplexTerminal"];
n000 -> n0000;
n0001[label = "FarthestFirstNode"];
n000 -> n0001;
n00 -> n000;
n001[label = "Equal"];
n0010[label = "FarthestInsertion"];
n001 -> n0010;
n0011[label = "WorstMove"];
n001 -> n0011;
n00 -> n001;
n0 -> n00;
n01[label = "If_Then_Else"];
n010[label = "If_Then"];
n0100[label = "CplexTerminal"];
n010 -> n0100;
n0101[label = "NearestInsertion"];
n010 -> n0101;
n01 -> n010;
n011[label = "Equal"];
n0110[label = "FarthestNeighbor"];
n011 -> n0110;
n0111[label = "NearestFirstNode"];
n011 -> n0111;
n01 -> n011;
n012[label = "If_Then_Else"];
n0120[label = "WorstMove"];
n012 -> n0120;
n0121[label = "BestMove"];
n012 -> n0121;
n0122[label = "CplexTerminal"];
n012 -> n0122;
n01 -> n012;
n0 -> n01;
n02[label = "While"];
n020[label = "If_Then_Else"];
n0200[label = "NearestInsertion"];
n020 -> n0200;
n0201[label = "WorstMove"];
n020 -> n0201;
n0202[label = "FarthestInsertion"];
n020 -> n0202;
n02 -> n020;
n021[label = "Equal"];
n0210[label = "NearestNeighbor"];
n021 -> n0210;
n0211[label = "CplexTerminal"];
n021 -> n0211;
n02 -> n021;
n0 -> n02;
n -> n0;
n1[label = "If_Then_Else"];
n10[label = "And"];
n100[label = "And"];
n1000[label = "CplexTerminal"];
n100 -> n1000;
n1001[label = "FarthestFirstNode"];
n100 -> n1001;
n10 -> n100;
n101[label = "Equal"];
n1010[label = "FarthestInsertion"];
n101 -> n1010;
n1011[label = "WorstMove"];
n101 -> n1011;
n10 -> n101;
n1 -> n10;
n11[label = "If_Then_Else"];
n110[label = "If_Then"];
n1100[label = "CplexTerminal"];
n110 -> n1100;
n1101[label = "NearestInsertion"];
n110 -> n1101;
n11 -> n110;
n111[label = "If_Then_Else"];
n1110[label = "NearestInsertion"];
n111 -> n1110;
n1111[label = "WorstMove"];
n111 -> n1111;
n1112[label = "FarthestInsertion"];
n111 -> n1112;
n11 -> n111;
n112[label = "If_Then_Else"];
n1120[label = "WorstMove"];
n112 -> n1120;
n1121[label = "BestMove"];
n112 -> n1121;
n1122[label = "CplexTerminal"];
n112 -> n1122;
n11 -> n112;
n1 -> n11;
n12[label = "While"];
n120[label = "If_Then_Else"];
n1200[label = "NearestInsertion"];
n120 -> n1200;
n1201[label = "WorstMove"];
n120 -> n1201;
n1202[label = "FarthestInsertion"];
n120 -> n1202;
n12 -> n120;
n121[label = "BestMove"];
n12 -> n121;
n1 -> n12;
n -> n1;
}


Generation: 83
Best Individual:
Subpopulation 0:
Evaluated: true
Fitness: Standardized=0.008400444 Adjusted=0.99166954 Hits=2
Tree 0:
digraph g {
node [shape=rectangle];
n[label = "Equal"];
n0[label = "If_Then_Else"];
n00[label = "And"];
n000[label = "And"];
n0000[label = "CplexTerminal"];
n000 -> n0000;
n0001[label = "FarthestFirstNode"];
n000 -> n0001;
n00 -> n000;
n001[label = "Equal"];
n0010[label = "FarthestInsertion"];
n001 -> n0010;
n0011[label = "WorstMove"];
n001 -> n0011;
n00 -> n001;
n0 -> n00;
n01[label = "If_Then_Else"];
n010[label = "If_Then"];
n0100[label = "CplexTerminal"];
n010 -> n0100;
n0101[label = "NearestInsertion"];
n010 -> n0101;
n01 -> n010;
n011[label = "Equal"];
n0110[label = "FarthestNeighbor"];
n011 -> n0110;
n0111[label = "NearestFirstNode"];
n011 -> n0111;
n01 -> n011;
n012[label = "If_Then_Else"];
n0120[label = "WorstMove"];
n012 -> n0120;
n0121[label = "BestMove"];
n012 -> n0121;
n0122[label = "CplexTerminal"];
n012 -> n0122;
n01 -> n012;
n0 -> n01;
n02[label = "While"];
n020[label = "If_Then_Else"];
n0200[label = "NearestInsertion"];
n020 -> n0200;
n0201[label = "WorstMove"];
n020 -> n0201;
n0202[label = "FarthestInsertion"];
n020 -> n0202;
n02 -> n020;
n021[label = "Equal"];
n0210[label = "NearestNeighbor"];
n021 -> n0210;
n0211[label = "CplexTerminal"];
n021 -> n0211;
n02 -> n021;
n0 -> n02;
n -> n0;
n1[label = "If_Then_Else"];
n10[label = "And"];
n100[label = "And"];
n1000[label = "CplexTerminal"];
n100 -> n1000;
n1001[label = "FarthestFirstNode"];
n100 -> n1001;
n10 -> n100;
n101[label = "Equal"];
n1010[label = "FarthestInsertion"];
n101 -> n1010;
n1011[label = "WorstMove"];
n101 -> n1011;
n10 -> n101;
n1 -> n10;
n11[label = "If_Then_Else"];
n110[label = "If_Then"];
n1100[label = "CplexTerminal"];
n110 -> n1100;
n1101[label = "NearestInsertion"];
n110 -> n1101;
n11 -> n110;
n111[label = "If_Then_Else"];
n1110[label = "NearestInsertion"];
n111 -> n1110;
n1111[label = "WorstMove"];
n111 -> n1111;
n1112[label = "FarthestInsertion"];
n111 -> n1112;
n11 -> n111;
n112[label = "If_Then_Else"];
n1120[label = "WorstMove"];
n112 -> n1120;
n1121[label = "BestMove"];
n112 -> n1121;
n1122[label = "CplexTerminal"];
n112 -> n1122;
n11 -> n112;
n1 -> n11;
n12[label = "While"];
n120[label = "If_Then_Else"];
n1200[label = "NearestInsertion"];
n120 -> n1200;
n1201[label = "WorstMove"];
n120 -> n1201;
n1202[label = "FarthestInsertion"];
n120 -> n1202;
n12 -> n120;
n121[label = "BestMove"];
n12 -> n121;
n1 -> n12;
n -> n1;
}


Generation: 84
Best Individual:
Subpopulation 0:
Evaluated: true
Fitness: Standardized=0.008400444 Adjusted=0.99166954 Hits=2
Tree 0:
digraph g {
node [shape=rectangle];
n[label = "Equal"];
n0[label = "If_Then_Else"];
n00[label = "And"];
n000[label = "And"];
n0000[label = "CplexTerminal"];
n000 -> n0000;
n0001[label = "FarthestFirstNode"];
n000 -> n0001;
n00 -> n000;
n001[label = "Equal"];
n0010[label = "FarthestInsertion"];
n001 -> n0010;
n0011[label = "WorstMove"];
n001 -> n0011;
n00 -> n001;
n0 -> n00;
n01[label = "If_Then_Else"];
n010[label = "If_Then"];
n0100[label = "CplexTerminal"];
n010 -> n0100;
n0101[label = "NearestInsertion"];
n010 -> n0101;
n01 -> n010;
n011[label = "Equal"];
n0110[label = "FarthestNeighbor"];
n011 -> n0110;
n0111[label = "NearestFirstNode"];
n011 -> n0111;
n01 -> n011;
n012[label = "If_Then_Else"];
n0120[label = "WorstMove"];
n012 -> n0120;
n0121[label = "BestMove"];
n012 -> n0121;
n0122[label = "CplexTerminal"];
n012 -> n0122;
n01 -> n012;
n0 -> n01;
n02[label = "While"];
n020[label = "If_Then_Else"];
n0200[label = "NearestInsertion"];
n020 -> n0200;
n0201[label = "WorstMove"];
n020 -> n0201;
n0202[label = "FarthestInsertion"];
n020 -> n0202;
n02 -> n020;
n021[label = "Equal"];
n0210[label = "NearestNeighbor"];
n021 -> n0210;
n0211[label = "CplexTerminal"];
n021 -> n0211;
n02 -> n021;
n0 -> n02;
n -> n0;
n1[label = "If_Then_Else"];
n10[label = "And"];
n100[label = "And"];
n1000[label = "CplexTerminal"];
n100 -> n1000;
n1001[label = "FarthestFirstNode"];
n100 -> n1001;
n10 -> n100;
n101[label = "Equal"];
n1010[label = "FarthestInsertion"];
n101 -> n1010;
n1011[label = "WorstMove"];
n101 -> n1011;
n10 -> n101;
n1 -> n10;
n11[label = "If_Then_Else"];
n110[label = "If_Then"];
n1100[label = "CplexTerminal"];
n110 -> n1100;
n1101[label = "NearestInsertion"];
n110 -> n1101;
n11 -> n110;
n111[label = "If_Then_Else"];
n1110[label = "NearestInsertion"];
n111 -> n1110;
n1111[label = "WorstMove"];
n111 -> n1111;
n1112[label = "FarthestInsertion"];
n111 -> n1112;
n11 -> n111;
n112[label = "If_Then_Else"];
n1120[label = "WorstMove"];
n112 -> n1120;
n1121[label = "BestMove"];
n112 -> n1121;
n1122[label = "CplexTerminal"];
n112 -> n1122;
n11 -> n112;
n1 -> n11;
n12[label = "While"];
n120[label = "If_Then_Else"];
n1200[label = "NearestInsertion"];
n120 -> n1200;
n1201[label = "WorstMove"];
n120 -> n1201;
n1202[label = "FarthestInsertion"];
n120 -> n1202;
n12 -> n120;
n121[label = "BestMove"];
n12 -> n121;
n1 -> n12;
n -> n1;
}


Generation: 85
Best Individual:
Subpopulation 0:
Evaluated: true
Fitness: Standardized=0.008400444 Adjusted=0.99166954 Hits=2
Tree 0:
digraph g {
node [shape=rectangle];
n[label = "Equal"];
n0[label = "If_Then_Else"];
n00[label = "And"];
n000[label = "And"];
n0000[label = "CplexTerminal"];
n000 -> n0000;
n0001[label = "FarthestFirstNode"];
n000 -> n0001;
n00 -> n000;
n001[label = "Equal"];
n0010[label = "FarthestInsertion"];
n001 -> n0010;
n0011[label = "WorstMove"];
n001 -> n0011;
n00 -> n001;
n0 -> n00;
n01[label = "If_Then_Else"];
n010[label = "If_Then"];
n0100[label = "CplexTerminal"];
n010 -> n0100;
n0101[label = "NearestInsertion"];
n010 -> n0101;
n01 -> n010;
n011[label = "Equal"];
n0110[label = "FarthestNeighbor"];
n011 -> n0110;
n0111[label = "NearestFirstNode"];
n011 -> n0111;
n01 -> n011;
n012[label = "If_Then_Else"];
n0120[label = "WorstMove"];
n012 -> n0120;
n0121[label = "BestMove"];
n012 -> n0121;
n0122[label = "CplexTerminal"];
n012 -> n0122;
n01 -> n012;
n0 -> n01;
n02[label = "While"];
n020[label = "If_Then_Else"];
n0200[label = "NearestInsertion"];
n020 -> n0200;
n0201[label = "WorstMove"];
n020 -> n0201;
n0202[label = "FarthestInsertion"];
n020 -> n0202;
n02 -> n020;
n021[label = "Equal"];
n0210[label = "NearestNeighbor"];
n021 -> n0210;
n0211[label = "CplexTerminal"];
n021 -> n0211;
n02 -> n021;
n0 -> n02;
n -> n0;
n1[label = "If_Then_Else"];
n10[label = "And"];
n100[label = "And"];
n1000[label = "CplexTerminal"];
n100 -> n1000;
n1001[label = "FarthestFirstNode"];
n100 -> n1001;
n10 -> n100;
n101[label = "Equal"];
n1010[label = "FarthestInsertion"];
n101 -> n1010;
n1011[label = "WorstMove"];
n101 -> n1011;
n10 -> n101;
n1 -> n10;
n11[label = "If_Then_Else"];
n110[label = "If_Then"];
n1100[label = "CplexTerminal"];
n110 -> n1100;
n1101[label = "NearestInsertion"];
n110 -> n1101;
n11 -> n110;
n111[label = "If_Then_Else"];
n1110[label = "NearestInsertion"];
n111 -> n1110;
n1111[label = "WorstMove"];
n111 -> n1111;
n1112[label = "FarthestInsertion"];
n111 -> n1112;
n11 -> n111;
n112[label = "If_Then_Else"];
n1120[label = "WorstMove"];
n112 -> n1120;
n1121[label = "BestMove"];
n112 -> n1121;
n1122[label = "CplexTerminal"];
n112 -> n1122;
n11 -> n112;
n1 -> n11;
n12[label = "While"];
n120[label = "If_Then_Else"];
n1200[label = "NearestInsertion"];
n120 -> n1200;
n1201[label = "WorstMove"];
n120 -> n1201;
n1202[label = "FarthestInsertion"];
n120 -> n1202;
n12 -> n120;
n121[label = "BestMove"];
n12 -> n121;
n1 -> n12;
n -> n1;
}


Generation: 86
Best Individual:
Subpopulation 0:
Evaluated: true
Fitness: Standardized=0.008400444 Adjusted=0.99166954 Hits=2
Tree 0:
digraph g {
node [shape=rectangle];
n[label = "Equal"];
n0[label = "If_Then_Else"];
n00[label = "And"];
n000[label = "And"];
n0000[label = "CplexTerminal"];
n000 -> n0000;
n0001[label = "FarthestFirstNode"];
n000 -> n0001;
n00 -> n000;
n001[label = "Equal"];
n0010[label = "FarthestInsertion"];
n001 -> n0010;
n0011[label = "WorstMove"];
n001 -> n0011;
n00 -> n001;
n0 -> n00;
n01[label = "If_Then_Else"];
n010[label = "If_Then"];
n0100[label = "CplexTerminal"];
n010 -> n0100;
n0101[label = "NearestInsertion"];
n010 -> n0101;
n01 -> n010;
n011[label = "Equal"];
n0110[label = "FarthestNeighbor"];
n011 -> n0110;
n0111[label = "NearestFirstNode"];
n011 -> n0111;
n01 -> n011;
n012[label = "If_Then_Else"];
n0120[label = "WorstMove"];
n012 -> n0120;
n0121[label = "BestMove"];
n012 -> n0121;
n0122[label = "CplexTerminal"];
n012 -> n0122;
n01 -> n012;
n0 -> n01;
n02[label = "While"];
n020[label = "If_Then_Else"];
n0200[label = "NearestInsertion"];
n020 -> n0200;
n0201[label = "WorstMove"];
n020 -> n0201;
n0202[label = "FarthestInsertion"];
n020 -> n0202;
n02 -> n020;
n021[label = "Equal"];
n0210[label = "NearestNeighbor"];
n021 -> n0210;
n0211[label = "CplexTerminal"];
n021 -> n0211;
n02 -> n021;
n0 -> n02;
n -> n0;
n1[label = "If_Then_Else"];
n10[label = "And"];
n100[label = "And"];
n1000[label = "CplexTerminal"];
n100 -> n1000;
n1001[label = "FarthestFirstNode"];
n100 -> n1001;
n10 -> n100;
n101[label = "Equal"];
n1010[label = "FarthestInsertion"];
n101 -> n1010;
n1011[label = "WorstMove"];
n101 -> n1011;
n10 -> n101;
n1 -> n10;
n11[label = "If_Then_Else"];
n110[label = "If_Then"];
n1100[label = "CplexTerminal"];
n110 -> n1100;
n1101[label = "NearestInsertion"];
n110 -> n1101;
n11 -> n110;
n111[label = "If_Then_Else"];
n1110[label = "NearestInsertion"];
n111 -> n1110;
n1111[label = "WorstMove"];
n111 -> n1111;
n1112[label = "FarthestInsertion"];
n111 -> n1112;
n11 -> n111;
n112[label = "If_Then_Else"];
n1120[label = "WorstMove"];
n112 -> n1120;
n1121[label = "BestMove"];
n112 -> n1121;
n1122[label = "CplexTerminal"];
n112 -> n1122;
n11 -> n112;
n1 -> n11;
n12[label = "While"];
n120[label = "If_Then_Else"];
n1200[label = "NearestInsertion"];
n120 -> n1200;
n1201[label = "WorstMove"];
n120 -> n1201;
n1202[label = "FarthestInsertion"];
n120 -> n1202;
n12 -> n120;
n121[label = "BestMove"];
n12 -> n121;
n1 -> n12;
n -> n1;
}


Generation: 87
Best Individual:
Subpopulation 0:
Evaluated: true
Fitness: Standardized=0.008400444 Adjusted=0.99166954 Hits=2
Tree 0:
digraph g {
node [shape=rectangle];
n[label = "Equal"];
n0[label = "If_Then_Else"];
n00[label = "And"];
n000[label = "And"];
n0000[label = "CplexTerminal"];
n000 -> n0000;
n0001[label = "FarthestFirstNode"];
n000 -> n0001;
n00 -> n000;
n001[label = "Equal"];
n0010[label = "FarthestInsertion"];
n001 -> n0010;
n0011[label = "WorstMove"];
n001 -> n0011;
n00 -> n001;
n0 -> n00;
n01[label = "If_Then_Else"];
n010[label = "If_Then"];
n0100[label = "CplexTerminal"];
n010 -> n0100;
n0101[label = "NearestInsertion"];
n010 -> n0101;
n01 -> n010;
n011[label = "Equal"];
n0110[label = "FarthestNeighbor"];
n011 -> n0110;
n0111[label = "NearestFirstNode"];
n011 -> n0111;
n01 -> n011;
n012[label = "If_Then_Else"];
n0120[label = "WorstMove"];
n012 -> n0120;
n0121[label = "BestMove"];
n012 -> n0121;
n0122[label = "CplexTerminal"];
n012 -> n0122;
n01 -> n012;
n0 -> n01;
n02[label = "While"];
n020[label = "If_Then_Else"];
n0200[label = "NearestInsertion"];
n020 -> n0200;
n0201[label = "WorstMove"];
n020 -> n0201;
n0202[label = "FarthestInsertion"];
n020 -> n0202;
n02 -> n020;
n021[label = "Equal"];
n0210[label = "NearestNeighbor"];
n021 -> n0210;
n0211[label = "CplexTerminal"];
n021 -> n0211;
n02 -> n021;
n0 -> n02;
n -> n0;
n1[label = "If_Then_Else"];
n10[label = "And"];
n100[label = "And"];
n1000[label = "CplexTerminal"];
n100 -> n1000;
n1001[label = "FarthestFirstNode"];
n100 -> n1001;
n10 -> n100;
n101[label = "Equal"];
n1010[label = "FarthestInsertion"];
n101 -> n1010;
n1011[label = "WorstMove"];
n101 -> n1011;
n10 -> n101;
n1 -> n10;
n11[label = "If_Then_Else"];
n110[label = "If_Then"];
n1100[label = "CplexTerminal"];
n110 -> n1100;
n1101[label = "NearestInsertion"];
n110 -> n1101;
n11 -> n110;
n111[label = "If_Then_Else"];
n1110[label = "NearestInsertion"];
n111 -> n1110;
n1111[label = "WorstMove"];
n111 -> n1111;
n1112[label = "FarthestInsertion"];
n111 -> n1112;
n11 -> n111;
n112[label = "If_Then_Else"];
n1120[label = "WorstMove"];
n112 -> n1120;
n1121[label = "BestMove"];
n112 -> n1121;
n1122[label = "CplexTerminal"];
n112 -> n1122;
n11 -> n112;
n1 -> n11;
n12[label = "While"];
n120[label = "If_Then_Else"];
n1200[label = "NearestInsertion"];
n120 -> n1200;
n1201[label = "WorstMove"];
n120 -> n1201;
n1202[label = "FarthestInsertion"];
n120 -> n1202;
n12 -> n120;
n121[label = "BestMove"];
n12 -> n121;
n1 -> n12;
n -> n1;
}


Generation: 88
Best Individual:
Subpopulation 0:
Evaluated: true
Fitness: Standardized=0.008400444 Adjusted=0.99166954 Hits=2
Tree 0:
digraph g {
node [shape=rectangle];
n[label = "Equal"];
n0[label = "If_Then_Else"];
n00[label = "And"];
n000[label = "And"];
n0000[label = "CplexTerminal"];
n000 -> n0000;
n0001[label = "FarthestFirstNode"];
n000 -> n0001;
n00 -> n000;
n001[label = "Equal"];
n0010[label = "FarthestInsertion"];
n001 -> n0010;
n0011[label = "WorstMove"];
n001 -> n0011;
n00 -> n001;
n0 -> n00;
n01[label = "If_Then_Else"];
n010[label = "If_Then"];
n0100[label = "CplexTerminal"];
n010 -> n0100;
n0101[label = "NearestInsertion"];
n010 -> n0101;
n01 -> n010;
n011[label = "Equal"];
n0110[label = "FarthestNeighbor"];
n011 -> n0110;
n0111[label = "NearestFirstNode"];
n011 -> n0111;
n01 -> n011;
n012[label = "If_Then_Else"];
n0120[label = "WorstMove"];
n012 -> n0120;
n0121[label = "BestMove"];
n012 -> n0121;
n0122[label = "CplexTerminal"];
n012 -> n0122;
n01 -> n012;
n0 -> n01;
n02[label = "While"];
n020[label = "If_Then_Else"];
n0200[label = "NearestInsertion"];
n020 -> n0200;
n0201[label = "WorstMove"];
n020 -> n0201;
n0202[label = "FarthestInsertion"];
n020 -> n0202;
n02 -> n020;
n021[label = "Equal"];
n0210[label = "NearestNeighbor"];
n021 -> n0210;
n0211[label = "CplexTerminal"];
n021 -> n0211;
n02 -> n021;
n0 -> n02;
n -> n0;
n1[label = "If_Then_Else"];
n10[label = "And"];
n100[label = "And"];
n1000[label = "CplexTerminal"];
n100 -> n1000;
n1001[label = "FarthestFirstNode"];
n100 -> n1001;
n10 -> n100;
n101[label = "Equal"];
n1010[label = "FarthestInsertion"];
n101 -> n1010;
n1011[label = "WorstMove"];
n101 -> n1011;
n10 -> n101;
n1 -> n10;
n11[label = "If_Then_Else"];
n110[label = "If_Then"];
n1100[label = "CplexTerminal"];
n110 -> n1100;
n1101[label = "NearestInsertion"];
n110 -> n1101;
n11 -> n110;
n111[label = "If_Then_Else"];
n1110[label = "NearestInsertion"];
n111 -> n1110;
n1111[label = "WorstMove"];
n111 -> n1111;
n1112[label = "FarthestInsertion"];
n111 -> n1112;
n11 -> n111;
n112[label = "If_Then_Else"];
n1120[label = "WorstMove"];
n112 -> n1120;
n1121[label = "BestMove"];
n112 -> n1121;
n1122[label = "CplexTerminal"];
n112 -> n1122;
n11 -> n112;
n1 -> n11;
n12[label = "While"];
n120[label = "If_Then_Else"];
n1200[label = "NearestInsertion"];
n120 -> n1200;
n1201[label = "WorstMove"];
n120 -> n1201;
n1202[label = "FarthestInsertion"];
n120 -> n1202;
n12 -> n120;
n121[label = "BestMove"];
n12 -> n121;
n1 -> n12;
n -> n1;
}


Generation: 89
Best Individual:
Subpopulation 0:
Evaluated: true
Fitness: Standardized=0.008400444 Adjusted=0.99166954 Hits=2
Tree 0:
digraph g {
node [shape=rectangle];
n[label = "Equal"];
n0[label = "If_Then_Else"];
n00[label = "And"];
n000[label = "And"];
n0000[label = "CplexTerminal"];
n000 -> n0000;
n0001[label = "FarthestFirstNode"];
n000 -> n0001;
n00 -> n000;
n001[label = "Equal"];
n0010[label = "FarthestInsertion"];
n001 -> n0010;
n0011[label = "WorstMove"];
n001 -> n0011;
n00 -> n001;
n0 -> n00;
n01[label = "If_Then_Else"];
n010[label = "If_Then"];
n0100[label = "CplexTerminal"];
n010 -> n0100;
n0101[label = "NearestInsertion"];
n010 -> n0101;
n01 -> n010;
n011[label = "Equal"];
n0110[label = "FarthestNeighbor"];
n011 -> n0110;
n0111[label = "NearestFirstNode"];
n011 -> n0111;
n01 -> n011;
n012[label = "If_Then_Else"];
n0120[label = "WorstMove"];
n012 -> n0120;
n0121[label = "BestMove"];
n012 -> n0121;
n0122[label = "CplexTerminal"];
n012 -> n0122;
n01 -> n012;
n0 -> n01;
n02[label = "While"];
n020[label = "If_Then_Else"];
n0200[label = "NearestInsertion"];
n020 -> n0200;
n0201[label = "WorstMove"];
n020 -> n0201;
n0202[label = "FarthestInsertion"];
n020 -> n0202;
n02 -> n020;
n021[label = "Equal"];
n0210[label = "NearestNeighbor"];
n021 -> n0210;
n0211[label = "CplexTerminal"];
n021 -> n0211;
n02 -> n021;
n0 -> n02;
n -> n0;
n1[label = "If_Then_Else"];
n10[label = "And"];
n100[label = "And"];
n1000[label = "CplexTerminal"];
n100 -> n1000;
n1001[label = "FarthestFirstNode"];
n100 -> n1001;
n10 -> n100;
n101[label = "Equal"];
n1010[label = "FarthestInsertion"];
n101 -> n1010;
n1011[label = "WorstMove"];
n101 -> n1011;
n10 -> n101;
n1 -> n10;
n11[label = "If_Then_Else"];
n110[label = "If_Then"];
n1100[label = "CplexTerminal"];
n110 -> n1100;
n1101[label = "NearestInsertion"];
n110 -> n1101;
n11 -> n110;
n111[label = "If_Then_Else"];
n1110[label = "NearestInsertion"];
n111 -> n1110;
n1111[label = "WorstMove"];
n111 -> n1111;
n1112[label = "FarthestInsertion"];
n111 -> n1112;
n11 -> n111;
n112[label = "If_Then_Else"];
n1120[label = "WorstMove"];
n112 -> n1120;
n1121[label = "BestMove"];
n112 -> n1121;
n1122[label = "CplexTerminal"];
n112 -> n1122;
n11 -> n112;
n1 -> n11;
n12[label = "While"];
n120[label = "If_Then_Else"];
n1200[label = "NearestInsertion"];
n120 -> n1200;
n1201[label = "WorstMove"];
n120 -> n1201;
n1202[label = "FarthestInsertion"];
n120 -> n1202;
n12 -> n120;
n121[label = "BestMove"];
n12 -> n121;
n1 -> n12;
n -> n1;
}


Generation: 90
Best Individual:
Subpopulation 0:
Evaluated: true
Fitness: Standardized=0.008400444 Adjusted=0.99166954 Hits=2
Tree 0:
digraph g {
node [shape=rectangle];
n[label = "Equal"];
n0[label = "If_Then_Else"];
n00[label = "And"];
n000[label = "And"];
n0000[label = "CplexTerminal"];
n000 -> n0000;
n0001[label = "FarthestFirstNode"];
n000 -> n0001;
n00 -> n000;
n001[label = "Equal"];
n0010[label = "FarthestInsertion"];
n001 -> n0010;
n0011[label = "WorstMove"];
n001 -> n0011;
n00 -> n001;
n0 -> n00;
n01[label = "If_Then_Else"];
n010[label = "If_Then"];
n0100[label = "CplexTerminal"];
n010 -> n0100;
n0101[label = "NearestInsertion"];
n010 -> n0101;
n01 -> n010;
n011[label = "Equal"];
n0110[label = "FarthestNeighbor"];
n011 -> n0110;
n0111[label = "NearestFirstNode"];
n011 -> n0111;
n01 -> n011;
n012[label = "If_Then_Else"];
n0120[label = "WorstMove"];
n012 -> n0120;
n0121[label = "BestMove"];
n012 -> n0121;
n0122[label = "CplexTerminal"];
n012 -> n0122;
n01 -> n012;
n0 -> n01;
n02[label = "While"];
n020[label = "If_Then_Else"];
n0200[label = "NearestInsertion"];
n020 -> n0200;
n0201[label = "WorstMove"];
n020 -> n0201;
n0202[label = "FarthestInsertion"];
n020 -> n0202;
n02 -> n020;
n021[label = "Equal"];
n0210[label = "NearestNeighbor"];
n021 -> n0210;
n0211[label = "CplexTerminal"];
n021 -> n0211;
n02 -> n021;
n0 -> n02;
n -> n0;
n1[label = "If_Then_Else"];
n10[label = "And"];
n100[label = "And"];
n1000[label = "CplexTerminal"];
n100 -> n1000;
n1001[label = "FarthestFirstNode"];
n100 -> n1001;
n10 -> n100;
n101[label = "Equal"];
n1010[label = "FarthestInsertion"];
n101 -> n1010;
n1011[label = "WorstMove"];
n101 -> n1011;
n10 -> n101;
n1 -> n10;
n11[label = "If_Then_Else"];
n110[label = "If_Then"];
n1100[label = "CplexTerminal"];
n110 -> n1100;
n1101[label = "NearestInsertion"];
n110 -> n1101;
n11 -> n110;
n111[label = "If_Then_Else"];
n1110[label = "NearestInsertion"];
n111 -> n1110;
n1111[label = "WorstMove"];
n111 -> n1111;
n1112[label = "FarthestInsertion"];
n111 -> n1112;
n11 -> n111;
n112[label = "If_Then_Else"];
n1120[label = "WorstMove"];
n112 -> n1120;
n1121[label = "BestMove"];
n112 -> n1121;
n1122[label = "CplexTerminal"];
n112 -> n1122;
n11 -> n112;
n1 -> n11;
n12[label = "While"];
n120[label = "If_Then_Else"];
n1200[label = "NearestInsertion"];
n120 -> n1200;
n1201[label = "WorstMove"];
n120 -> n1201;
n1202[label = "FarthestInsertion"];
n120 -> n1202;
n12 -> n120;
n121[label = "BestMove"];
n12 -> n121;
n1 -> n12;
n -> n1;
}


Generation: 91
Best Individual:
Subpopulation 0:
Evaluated: true
Fitness: Standardized=0.008400444 Adjusted=0.99166954 Hits=2
Tree 0:
digraph g {
node [shape=rectangle];
n[label = "Equal"];
n0[label = "If_Then_Else"];
n00[label = "And"];
n000[label = "And"];
n0000[label = "CplexTerminal"];
n000 -> n0000;
n0001[label = "FarthestFirstNode"];
n000 -> n0001;
n00 -> n000;
n001[label = "Equal"];
n0010[label = "FarthestInsertion"];
n001 -> n0010;
n0011[label = "WorstMove"];
n001 -> n0011;
n00 -> n001;
n0 -> n00;
n01[label = "If_Then_Else"];
n010[label = "If_Then"];
n0100[label = "CplexTerminal"];
n010 -> n0100;
n0101[label = "NearestInsertion"];
n010 -> n0101;
n01 -> n010;
n011[label = "Equal"];
n0110[label = "FarthestNeighbor"];
n011 -> n0110;
n0111[label = "NearestFirstNode"];
n011 -> n0111;
n01 -> n011;
n012[label = "If_Then_Else"];
n0120[label = "WorstMove"];
n012 -> n0120;
n0121[label = "BestMove"];
n012 -> n0121;
n0122[label = "CplexTerminal"];
n012 -> n0122;
n01 -> n012;
n0 -> n01;
n02[label = "While"];
n020[label = "If_Then_Else"];
n0200[label = "NearestInsertion"];
n020 -> n0200;
n0201[label = "WorstMove"];
n020 -> n0201;
n0202[label = "FarthestInsertion"];
n020 -> n0202;
n02 -> n020;
n021[label = "Equal"];
n0210[label = "NearestNeighbor"];
n021 -> n0210;
n0211[label = "CplexTerminal"];
n021 -> n0211;
n02 -> n021;
n0 -> n02;
n -> n0;
n1[label = "If_Then_Else"];
n10[label = "And"];
n100[label = "And"];
n1000[label = "CplexTerminal"];
n100 -> n1000;
n1001[label = "FarthestFirstNode"];
n100 -> n1001;
n10 -> n100;
n101[label = "Equal"];
n1010[label = "FarthestInsertion"];
n101 -> n1010;
n1011[label = "WorstMove"];
n101 -> n1011;
n10 -> n101;
n1 -> n10;
n11[label = "If_Then_Else"];
n110[label = "If_Then"];
n1100[label = "CplexTerminal"];
n110 -> n1100;
n1101[label = "NearestInsertion"];
n110 -> n1101;
n11 -> n110;
n111[label = "If_Then_Else"];
n1110[label = "NearestInsertion"];
n111 -> n1110;
n1111[label = "WorstMove"];
n111 -> n1111;
n1112[label = "FarthestInsertion"];
n111 -> n1112;
n11 -> n111;
n112[label = "If_Then_Else"];
n1120[label = "WorstMove"];
n112 -> n1120;
n1121[label = "BestMove"];
n112 -> n1121;
n1122[label = "CplexTerminal"];
n112 -> n1122;
n11 -> n112;
n1 -> n11;
n12[label = "While"];
n120[label = "If_Then_Else"];
n1200[label = "NearestInsertion"];
n120 -> n1200;
n1201[label = "WorstMove"];
n120 -> n1201;
n1202[label = "FarthestInsertion"];
n120 -> n1202;
n12 -> n120;
n121[label = "BestMove"];
n12 -> n121;
n1 -> n12;
n -> n1;
}


Generation: 92
Best Individual:
Subpopulation 0:
Evaluated: true
Fitness: Standardized=0.008400444 Adjusted=0.99166954 Hits=2
Tree 0:
digraph g {
node [shape=rectangle];
n[label = "Equal"];
n0[label = "If_Then_Else"];
n00[label = "And"];
n000[label = "And"];
n0000[label = "CplexTerminal"];
n000 -> n0000;
n0001[label = "FarthestFirstNode"];
n000 -> n0001;
n00 -> n000;
n001[label = "Equal"];
n0010[label = "FarthestInsertion"];
n001 -> n0010;
n0011[label = "WorstMove"];
n001 -> n0011;
n00 -> n001;
n0 -> n00;
n01[label = "If_Then_Else"];
n010[label = "If_Then"];
n0100[label = "CplexTerminal"];
n010 -> n0100;
n0101[label = "NearestInsertion"];
n010 -> n0101;
n01 -> n010;
n011[label = "Equal"];
n0110[label = "FarthestNeighbor"];
n011 -> n0110;
n0111[label = "NearestFirstNode"];
n011 -> n0111;
n01 -> n011;
n012[label = "If_Then_Else"];
n0120[label = "WorstMove"];
n012 -> n0120;
n0121[label = "BestMove"];
n012 -> n0121;
n0122[label = "CplexTerminal"];
n012 -> n0122;
n01 -> n012;
n0 -> n01;
n02[label = "While"];
n020[label = "If_Then_Else"];
n0200[label = "NearestInsertion"];
n020 -> n0200;
n0201[label = "WorstMove"];
n020 -> n0201;
n0202[label = "FarthestInsertion"];
n020 -> n0202;
n02 -> n020;
n021[label = "Equal"];
n0210[label = "NearestNeighbor"];
n021 -> n0210;
n0211[label = "CplexTerminal"];
n021 -> n0211;
n02 -> n021;
n0 -> n02;
n -> n0;
n1[label = "If_Then_Else"];
n10[label = "And"];
n100[label = "And"];
n1000[label = "CplexTerminal"];
n100 -> n1000;
n1001[label = "FarthestFirstNode"];
n100 -> n1001;
n10 -> n100;
n101[label = "Equal"];
n1010[label = "FarthestInsertion"];
n101 -> n1010;
n1011[label = "WorstMove"];
n101 -> n1011;
n10 -> n101;
n1 -> n10;
n11[label = "If_Then_Else"];
n110[label = "If_Then"];
n1100[label = "CplexTerminal"];
n110 -> n1100;
n1101[label = "NearestInsertion"];
n110 -> n1101;
n11 -> n110;
n111[label = "If_Then_Else"];
n1110[label = "NearestInsertion"];
n111 -> n1110;
n1111[label = "WorstMove"];
n111 -> n1111;
n1112[label = "FarthestInsertion"];
n111 -> n1112;
n11 -> n111;
n112[label = "If_Then_Else"];
n1120[label = "WorstMove"];
n112 -> n1120;
n1121[label = "BestMove"];
n112 -> n1121;
n1122[label = "CplexTerminal"];
n112 -> n1122;
n11 -> n112;
n1 -> n11;
n12[label = "While"];
n120[label = "If_Then_Else"];
n1200[label = "NearestInsertion"];
n120 -> n1200;
n1201[label = "WorstMove"];
n120 -> n1201;
n1202[label = "FarthestInsertion"];
n120 -> n1202;
n12 -> n120;
n121[label = "BestMove"];
n12 -> n121;
n1 -> n12;
n -> n1;
}


Generation: 93
Best Individual:
Subpopulation 0:
Evaluated: true
Fitness: Standardized=0.008400444 Adjusted=0.99166954 Hits=2
Tree 0:
digraph g {
node [shape=rectangle];
n[label = "Equal"];
n0[label = "If_Then_Else"];
n00[label = "And"];
n000[label = "And"];
n0000[label = "CplexTerminal"];
n000 -> n0000;
n0001[label = "FarthestFirstNode"];
n000 -> n0001;
n00 -> n000;
n001[label = "Equal"];
n0010[label = "FarthestInsertion"];
n001 -> n0010;
n0011[label = "WorstMove"];
n001 -> n0011;
n00 -> n001;
n0 -> n00;
n01[label = "If_Then_Else"];
n010[label = "If_Then"];
n0100[label = "CplexTerminal"];
n010 -> n0100;
n0101[label = "NearestInsertion"];
n010 -> n0101;
n01 -> n010;
n011[label = "Equal"];
n0110[label = "FarthestNeighbor"];
n011 -> n0110;
n0111[label = "NearestFirstNode"];
n011 -> n0111;
n01 -> n011;
n012[label = "If_Then_Else"];
n0120[label = "WorstMove"];
n012 -> n0120;
n0121[label = "BestMove"];
n012 -> n0121;
n0122[label = "CplexTerminal"];
n012 -> n0122;
n01 -> n012;
n0 -> n01;
n02[label = "While"];
n020[label = "If_Then_Else"];
n0200[label = "NearestInsertion"];
n020 -> n0200;
n0201[label = "WorstMove"];
n020 -> n0201;
n0202[label = "FarthestInsertion"];
n020 -> n0202;
n02 -> n020;
n021[label = "Equal"];
n0210[label = "NearestNeighbor"];
n021 -> n0210;
n0211[label = "CplexTerminal"];
n021 -> n0211;
n02 -> n021;
n0 -> n02;
n -> n0;
n1[label = "If_Then_Else"];
n10[label = "And"];
n100[label = "And"];
n1000[label = "CplexTerminal"];
n100 -> n1000;
n1001[label = "FarthestFirstNode"];
n100 -> n1001;
n10 -> n100;
n101[label = "Equal"];
n1010[label = "FarthestInsertion"];
n101 -> n1010;
n1011[label = "WorstMove"];
n101 -> n1011;
n10 -> n101;
n1 -> n10;
n11[label = "If_Then_Else"];
n110[label = "If_Then"];
n1100[label = "CplexTerminal"];
n110 -> n1100;
n1101[label = "NearestInsertion"];
n110 -> n1101;
n11 -> n110;
n111[label = "If_Then_Else"];
n1110[label = "NearestInsertion"];
n111 -> n1110;
n1111[label = "WorstMove"];
n111 -> n1111;
n1112[label = "FarthestInsertion"];
n111 -> n1112;
n11 -> n111;
n112[label = "If_Then_Else"];
n1120[label = "WorstMove"];
n112 -> n1120;
n1121[label = "BestMove"];
n112 -> n1121;
n1122[label = "CplexTerminal"];
n112 -> n1122;
n11 -> n112;
n1 -> n11;
n12[label = "While"];
n120[label = "If_Then_Else"];
n1200[label = "NearestInsertion"];
n120 -> n1200;
n1201[label = "WorstMove"];
n120 -> n1201;
n1202[label = "FarthestInsertion"];
n120 -> n1202;
n12 -> n120;
n121[label = "BestMove"];
n12 -> n121;
n1 -> n12;
n -> n1;
}


Generation: 94
Best Individual:
Subpopulation 0:
Evaluated: true
Fitness: Standardized=0.008400444 Adjusted=0.99166954 Hits=2
Tree 0:
digraph g {
node [shape=rectangle];
n[label = "Equal"];
n0[label = "If_Then_Else"];
n00[label = "And"];
n000[label = "And"];
n0000[label = "CplexTerminal"];
n000 -> n0000;
n0001[label = "FarthestFirstNode"];
n000 -> n0001;
n00 -> n000;
n001[label = "Equal"];
n0010[label = "FarthestInsertion"];
n001 -> n0010;
n0011[label = "WorstMove"];
n001 -> n0011;
n00 -> n001;
n0 -> n00;
n01[label = "If_Then_Else"];
n010[label = "If_Then"];
n0100[label = "CplexTerminal"];
n010 -> n0100;
n0101[label = "NearestInsertion"];
n010 -> n0101;
n01 -> n010;
n011[label = "Equal"];
n0110[label = "FarthestNeighbor"];
n011 -> n0110;
n0111[label = "NearestFirstNode"];
n011 -> n0111;
n01 -> n011;
n012[label = "If_Then_Else"];
n0120[label = "WorstMove"];
n012 -> n0120;
n0121[label = "BestMove"];
n012 -> n0121;
n0122[label = "CplexTerminal"];
n012 -> n0122;
n01 -> n012;
n0 -> n01;
n02[label = "While"];
n020[label = "If_Then_Else"];
n0200[label = "NearestInsertion"];
n020 -> n0200;
n0201[label = "WorstMove"];
n020 -> n0201;
n0202[label = "FarthestInsertion"];
n020 -> n0202;
n02 -> n020;
n021[label = "Equal"];
n0210[label = "NearestNeighbor"];
n021 -> n0210;
n0211[label = "CplexTerminal"];
n021 -> n0211;
n02 -> n021;
n0 -> n02;
n -> n0;
n1[label = "If_Then_Else"];
n10[label = "And"];
n100[label = "And"];
n1000[label = "CplexTerminal"];
n100 -> n1000;
n1001[label = "FarthestFirstNode"];
n100 -> n1001;
n10 -> n100;
n101[label = "Equal"];
n1010[label = "FarthestInsertion"];
n101 -> n1010;
n1011[label = "WorstMove"];
n101 -> n1011;
n10 -> n101;
n1 -> n10;
n11[label = "If_Then_Else"];
n110[label = "If_Then"];
n1100[label = "CplexTerminal"];
n110 -> n1100;
n1101[label = "NearestInsertion"];
n110 -> n1101;
n11 -> n110;
n111[label = "If_Then_Else"];
n1110[label = "NearestInsertion"];
n111 -> n1110;
n1111[label = "WorstMove"];
n111 -> n1111;
n1112[label = "FarthestInsertion"];
n111 -> n1112;
n11 -> n111;
n112[label = "If_Then_Else"];
n1120[label = "WorstMove"];
n112 -> n1120;
n1121[label = "BestMove"];
n112 -> n1121;
n1122[label = "CplexTerminal"];
n112 -> n1122;
n11 -> n112;
n1 -> n11;
n12[label = "While"];
n120[label = "If_Then_Else"];
n1200[label = "NearestInsertion"];
n120 -> n1200;
n1201[label = "WorstMove"];
n120 -> n1201;
n1202[label = "FarthestInsertion"];
n120 -> n1202;
n12 -> n120;
n121[label = "BestMove"];
n12 -> n121;
n1 -> n12;
n -> n1;
}


Generation: 95
Best Individual:
Subpopulation 0:
Evaluated: true
Fitness: Standardized=0.008400444 Adjusted=0.99166954 Hits=2
Tree 0:
digraph g {
node [shape=rectangle];
n[label = "Equal"];
n0[label = "If_Then_Else"];
n00[label = "And"];
n000[label = "And"];
n0000[label = "CplexTerminal"];
n000 -> n0000;
n0001[label = "FarthestFirstNode"];
n000 -> n0001;
n00 -> n000;
n001[label = "Equal"];
n0010[label = "FarthestInsertion"];
n001 -> n0010;
n0011[label = "WorstMove"];
n001 -> n0011;
n00 -> n001;
n0 -> n00;
n01[label = "If_Then_Else"];
n010[label = "If_Then"];
n0100[label = "CplexTerminal"];
n010 -> n0100;
n0101[label = "NearestInsertion"];
n010 -> n0101;
n01 -> n010;
n011[label = "Equal"];
n0110[label = "FarthestNeighbor"];
n011 -> n0110;
n0111[label = "NearestFirstNode"];
n011 -> n0111;
n01 -> n011;
n012[label = "If_Then_Else"];
n0120[label = "WorstMove"];
n012 -> n0120;
n0121[label = "BestMove"];
n012 -> n0121;
n0122[label = "CplexTerminal"];
n012 -> n0122;
n01 -> n012;
n0 -> n01;
n02[label = "While"];
n020[label = "If_Then_Else"];
n0200[label = "NearestInsertion"];
n020 -> n0200;
n0201[label = "WorstMove"];
n020 -> n0201;
n0202[label = "FarthestInsertion"];
n020 -> n0202;
n02 -> n020;
n021[label = "Equal"];
n0210[label = "NearestNeighbor"];
n021 -> n0210;
n0211[label = "CplexTerminal"];
n021 -> n0211;
n02 -> n021;
n0 -> n02;
n -> n0;
n1[label = "If_Then_Else"];
n10[label = "And"];
n100[label = "And"];
n1000[label = "CplexTerminal"];
n100 -> n1000;
n1001[label = "FarthestFirstNode"];
n100 -> n1001;
n10 -> n100;
n101[label = "Equal"];
n1010[label = "FarthestInsertion"];
n101 -> n1010;
n1011[label = "WorstMove"];
n101 -> n1011;
n10 -> n101;
n1 -> n10;
n11[label = "If_Then_Else"];
n110[label = "If_Then"];
n1100[label = "CplexTerminal"];
n110 -> n1100;
n1101[label = "NearestInsertion"];
n110 -> n1101;
n11 -> n110;
n111[label = "If_Then_Else"];
n1110[label = "NearestInsertion"];
n111 -> n1110;
n1111[label = "WorstMove"];
n111 -> n1111;
n1112[label = "FarthestInsertion"];
n111 -> n1112;
n11 -> n111;
n112[label = "If_Then_Else"];
n1120[label = "WorstMove"];
n112 -> n1120;
n1121[label = "BestMove"];
n112 -> n1121;
n1122[label = "CplexTerminal"];
n112 -> n1122;
n11 -> n112;
n1 -> n11;
n12[label = "While"];
n120[label = "If_Then_Else"];
n1200[label = "NearestInsertion"];
n120 -> n1200;
n1201[label = "WorstMove"];
n120 -> n1201;
n1202[label = "FarthestInsertion"];
n120 -> n1202;
n12 -> n120;
n121[label = "BestMove"];
n12 -> n121;
n1 -> n12;
n -> n1;
}


Generation: 96
Best Individual:
Subpopulation 0:
Evaluated: true
Fitness: Standardized=0.008400444 Adjusted=0.99166954 Hits=2
Tree 0:
digraph g {
node [shape=rectangle];
n[label = "Equal"];
n0[label = "If_Then_Else"];
n00[label = "And"];
n000[label = "And"];
n0000[label = "CplexTerminal"];
n000 -> n0000;
n0001[label = "FarthestFirstNode"];
n000 -> n0001;
n00 -> n000;
n001[label = "Equal"];
n0010[label = "FarthestInsertion"];
n001 -> n0010;
n0011[label = "WorstMove"];
n001 -> n0011;
n00 -> n001;
n0 -> n00;
n01[label = "If_Then_Else"];
n010[label = "If_Then"];
n0100[label = "CplexTerminal"];
n010 -> n0100;
n0101[label = "NearestInsertion"];
n010 -> n0101;
n01 -> n010;
n011[label = "Equal"];
n0110[label = "FarthestNeighbor"];
n011 -> n0110;
n0111[label = "NearestFirstNode"];
n011 -> n0111;
n01 -> n011;
n012[label = "If_Then_Else"];
n0120[label = "WorstMove"];
n012 -> n0120;
n0121[label = "BestMove"];
n012 -> n0121;
n0122[label = "CplexTerminal"];
n012 -> n0122;
n01 -> n012;
n0 -> n01;
n02[label = "While"];
n020[label = "If_Then_Else"];
n0200[label = "NearestInsertion"];
n020 -> n0200;
n0201[label = "WorstMove"];
n020 -> n0201;
n0202[label = "FarthestInsertion"];
n020 -> n0202;
n02 -> n020;
n021[label = "Equal"];
n0210[label = "NearestNeighbor"];
n021 -> n0210;
n0211[label = "CplexTerminal"];
n021 -> n0211;
n02 -> n021;
n0 -> n02;
n -> n0;
n1[label = "If_Then_Else"];
n10[label = "And"];
n100[label = "And"];
n1000[label = "CplexTerminal"];
n100 -> n1000;
n1001[label = "FarthestFirstNode"];
n100 -> n1001;
n10 -> n100;
n101[label = "Equal"];
n1010[label = "FarthestInsertion"];
n101 -> n1010;
n1011[label = "WorstMove"];
n101 -> n1011;
n10 -> n101;
n1 -> n10;
n11[label = "If_Then_Else"];
n110[label = "If_Then"];
n1100[label = "CplexTerminal"];
n110 -> n1100;
n1101[label = "NearestInsertion"];
n110 -> n1101;
n11 -> n110;
n111[label = "If_Then_Else"];
n1110[label = "NearestInsertion"];
n111 -> n1110;
n1111[label = "WorstMove"];
n111 -> n1111;
n1112[label = "FarthestInsertion"];
n111 -> n1112;
n11 -> n111;
n112[label = "If_Then_Else"];
n1120[label = "WorstMove"];
n112 -> n1120;
n1121[label = "BestMove"];
n112 -> n1121;
n1122[label = "CplexTerminal"];
n112 -> n1122;
n11 -> n112;
n1 -> n11;
n12[label = "While"];
n120[label = "If_Then_Else"];
n1200[label = "NearestInsertion"];
n120 -> n1200;
n1201[label = "WorstMove"];
n120 -> n1201;
n1202[label = "FarthestInsertion"];
n120 -> n1202;
n12 -> n120;
n121[label = "BestMove"];
n12 -> n121;
n1 -> n12;
n -> n1;
}


Generation: 97
Best Individual:
Subpopulation 0:
Evaluated: true
Fitness: Standardized=0.008400444 Adjusted=0.99166954 Hits=2
Tree 0:
digraph g {
node [shape=rectangle];
n[label = "Equal"];
n0[label = "If_Then_Else"];
n00[label = "And"];
n000[label = "And"];
n0000[label = "CplexTerminal"];
n000 -> n0000;
n0001[label = "FarthestFirstNode"];
n000 -> n0001;
n00 -> n000;
n001[label = "Equal"];
n0010[label = "FarthestInsertion"];
n001 -> n0010;
n0011[label = "WorstMove"];
n001 -> n0011;
n00 -> n001;
n0 -> n00;
n01[label = "If_Then_Else"];
n010[label = "If_Then"];
n0100[label = "CplexTerminal"];
n010 -> n0100;
n0101[label = "NearestInsertion"];
n010 -> n0101;
n01 -> n010;
n011[label = "Equal"];
n0110[label = "FarthestNeighbor"];
n011 -> n0110;
n0111[label = "NearestFirstNode"];
n011 -> n0111;
n01 -> n011;
n012[label = "If_Then_Else"];
n0120[label = "WorstMove"];
n012 -> n0120;
n0121[label = "BestMove"];
n012 -> n0121;
n0122[label = "CplexTerminal"];
n012 -> n0122;
n01 -> n012;
n0 -> n01;
n02[label = "While"];
n020[label = "If_Then_Else"];
n0200[label = "NearestInsertion"];
n020 -> n0200;
n0201[label = "WorstMove"];
n020 -> n0201;
n0202[label = "FarthestInsertion"];
n020 -> n0202;
n02 -> n020;
n021[label = "Equal"];
n0210[label = "NearestNeighbor"];
n021 -> n0210;
n0211[label = "CplexTerminal"];
n021 -> n0211;
n02 -> n021;
n0 -> n02;
n -> n0;
n1[label = "If_Then_Else"];
n10[label = "And"];
n100[label = "And"];
n1000[label = "CplexTerminal"];
n100 -> n1000;
n1001[label = "FarthestFirstNode"];
n100 -> n1001;
n10 -> n100;
n101[label = "Equal"];
n1010[label = "FarthestInsertion"];
n101 -> n1010;
n1011[label = "WorstMove"];
n101 -> n1011;
n10 -> n101;
n1 -> n10;
n11[label = "If_Then_Else"];
n110[label = "If_Then"];
n1100[label = "CplexTerminal"];
n110 -> n1100;
n1101[label = "NearestInsertion"];
n110 -> n1101;
n11 -> n110;
n111[label = "If_Then_Else"];
n1110[label = "NearestInsertion"];
n111 -> n1110;
n1111[label = "WorstMove"];
n111 -> n1111;
n1112[label = "FarthestInsertion"];
n111 -> n1112;
n11 -> n111;
n112[label = "If_Then_Else"];
n1120[label = "WorstMove"];
n112 -> n1120;
n1121[label = "BestMove"];
n112 -> n1121;
n1122[label = "CplexTerminal"];
n112 -> n1122;
n11 -> n112;
n1 -> n11;
n12[label = "While"];
n120[label = "If_Then_Else"];
n1200[label = "NearestInsertion"];
n120 -> n1200;
n1201[label = "WorstMove"];
n120 -> n1201;
n1202[label = "FarthestInsertion"];
n120 -> n1202;
n12 -> n120;
n121[label = "BestMove"];
n12 -> n121;
n1 -> n12;
n -> n1;
}


Generation: 98
Best Individual:
Subpopulation 0:
Evaluated: true
Fitness: Standardized=0.008400444 Adjusted=0.99166954 Hits=2
Tree 0:
digraph g {
node [shape=rectangle];
n[label = "Equal"];
n0[label = "If_Then_Else"];
n00[label = "And"];
n000[label = "And"];
n0000[label = "CplexTerminal"];
n000 -> n0000;
n0001[label = "FarthestFirstNode"];
n000 -> n0001;
n00 -> n000;
n001[label = "Equal"];
n0010[label = "FarthestInsertion"];
n001 -> n0010;
n0011[label = "WorstMove"];
n001 -> n0011;
n00 -> n001;
n0 -> n00;
n01[label = "If_Then_Else"];
n010[label = "If_Then"];
n0100[label = "CplexTerminal"];
n010 -> n0100;
n0101[label = "NearestInsertion"];
n010 -> n0101;
n01 -> n010;
n011[label = "Equal"];
n0110[label = "FarthestNeighbor"];
n011 -> n0110;
n0111[label = "NearestFirstNode"];
n011 -> n0111;
n01 -> n011;
n012[label = "If_Then_Else"];
n0120[label = "WorstMove"];
n012 -> n0120;
n0121[label = "BestMove"];
n012 -> n0121;
n0122[label = "CplexTerminal"];
n012 -> n0122;
n01 -> n012;
n0 -> n01;
n02[label = "While"];
n020[label = "If_Then_Else"];
n0200[label = "NearestInsertion"];
n020 -> n0200;
n0201[label = "WorstMove"];
n020 -> n0201;
n0202[label = "FarthestInsertion"];
n020 -> n0202;
n02 -> n020;
n021[label = "Equal"];
n0210[label = "NearestNeighbor"];
n021 -> n0210;
n0211[label = "CplexTerminal"];
n021 -> n0211;
n02 -> n021;
n0 -> n02;
n -> n0;
n1[label = "If_Then_Else"];
n10[label = "And"];
n100[label = "And"];
n1000[label = "CplexTerminal"];
n100 -> n1000;
n1001[label = "FarthestFirstNode"];
n100 -> n1001;
n10 -> n100;
n101[label = "Equal"];
n1010[label = "FarthestInsertion"];
n101 -> n1010;
n1011[label = "WorstMove"];
n101 -> n1011;
n10 -> n101;
n1 -> n10;
n11[label = "If_Then_Else"];
n110[label = "If_Then"];
n1100[label = "CplexTerminal"];
n110 -> n1100;
n1101[label = "NearestInsertion"];
n110 -> n1101;
n11 -> n110;
n111[label = "If_Then_Else"];
n1110[label = "NearestInsertion"];
n111 -> n1110;
n1111[label = "WorstMove"];
n111 -> n1111;
n1112[label = "FarthestInsertion"];
n111 -> n1112;
n11 -> n111;
n112[label = "If_Then_Else"];
n1120[label = "WorstMove"];
n112 -> n1120;
n1121[label = "BestMove"];
n112 -> n1121;
n1122[label = "CplexTerminal"];
n112 -> n1122;
n11 -> n112;
n1 -> n11;
n12[label = "While"];
n120[label = "If_Then_Else"];
n1200[label = "NearestInsertion"];
n120 -> n1200;
n1201[label = "WorstMove"];
n120 -> n1201;
n1202[label = "FarthestInsertion"];
n120 -> n1202;
n12 -> n120;
n121[label = "BestMove"];
n12 -> n121;
n1 -> n12;
n -> n1;
}


Generation: 99
Best Individual:
Subpopulation 0:
Evaluated: true
Fitness: Standardized=0.008400444 Adjusted=0.99166954 Hits=2
Tree 0:
digraph g {
node [shape=rectangle];
n[label = "Equal"];
n0[label = "If_Then_Else"];
n00[label = "And"];
n000[label = "And"];
n0000[label = "CplexTerminal"];
n000 -> n0000;
n0001[label = "FarthestFirstNode"];
n000 -> n0001;
n00 -> n000;
n001[label = "Equal"];
n0010[label = "FarthestInsertion"];
n001 -> n0010;
n0011[label = "WorstMove"];
n001 -> n0011;
n00 -> n001;
n0 -> n00;
n01[label = "If_Then_Else"];
n010[label = "If_Then"];
n0100[label = "CplexTerminal"];
n010 -> n0100;
n0101[label = "NearestInsertion"];
n010 -> n0101;
n01 -> n010;
n011[label = "Equal"];
n0110[label = "FarthestNeighbor"];
n011 -> n0110;
n0111[label = "NearestFirstNode"];
n011 -> n0111;
n01 -> n011;
n012[label = "If_Then_Else"];
n0120[label = "WorstMove"];
n012 -> n0120;
n0121[label = "BestMove"];
n012 -> n0121;
n0122[label = "CplexTerminal"];
n012 -> n0122;
n01 -> n012;
n0 -> n01;
n02[label = "While"];
n020[label = "If_Then_Else"];
n0200[label = "NearestInsertion"];
n020 -> n0200;
n0201[label = "WorstMove"];
n020 -> n0201;
n0202[label = "FarthestInsertion"];
n020 -> n0202;
n02 -> n020;
n021[label = "Equal"];
n0210[label = "NearestNeighbor"];
n021 -> n0210;
n0211[label = "CplexTerminal"];
n021 -> n0211;
n02 -> n021;
n0 -> n02;
n -> n0;
n1[label = "If_Then_Else"];
n10[label = "And"];
n100[label = "And"];
n1000[label = "CplexTerminal"];
n100 -> n1000;
n1001[label = "FarthestFirstNode"];
n100 -> n1001;
n10 -> n100;
n101[label = "Equal"];
n1010[label = "FarthestInsertion"];
n101 -> n1010;
n1011[label = "WorstMove"];
n101 -> n1011;
n10 -> n101;
n1 -> n10;
n11[label = "If_Then_Else"];
n110[label = "If_Then"];
n1100[label = "CplexTerminal"];
n110 -> n1100;
n1101[label = "NearestInsertion"];
n110 -> n1101;
n11 -> n110;
n111[label = "If_Then_Else"];
n1110[label = "NearestInsertion"];
n111 -> n1110;
n1111[label = "WorstMove"];
n111 -> n1111;
n1112[label = "FarthestInsertion"];
n111 -> n1112;
n11 -> n111;
n112[label = "If_Then_Else"];
n1120[label = "WorstMove"];
n112 -> n1120;
n1121[label = "BestMove"];
n112 -> n1121;
n1122[label = "CplexTerminal"];
n112 -> n1122;
n11 -> n112;
n1 -> n11;
n12[label = "While"];
n120[label = "If_Then_Else"];
n1200[label = "NearestInsertion"];
n120 -> n1200;
n1201[label = "WorstMove"];
n120 -> n1201;
n1202[label = "FarthestInsertion"];
n120 -> n1202;
n12 -> n120;
n121[label = "BestMove"];
n12 -> n121;
n1 -> n12;
n -> n1;
}


Best Individual of Run:
Subpopulation 0:
Evaluated: true
Fitness: Standardized=0.008400444 Adjusted=0.99166954 Hits=2
Tree 0:
digraph g {
node [shape=rectangle];
n[label = "Equal"];
n0[label = "If_Then_Else"];
n00[label = "And"];
n000[label = "And"];
n0000[label = "CplexTerminal"];
n000 -> n0000;
n0001[label = "FarthestFirstNode"];
n000 -> n0001;
n00 -> n000;
n001[label = "Equal"];
n0010[label = "FarthestInsertion"];
n001 -> n0010;
n0011[label = "WorstMove"];
n001 -> n0011;
n00 -> n001;
n0 -> n00;
n01[label = "If_Then_Else"];
n010[label = "If_Then"];
n0100[label = "CplexTerminal"];
n010 -> n0100;
n0101[label = "NearestInsertion"];
n010 -> n0101;
n01 -> n010;
n011[label = "Equal"];
n0110[label = "FarthestNeighbor"];
n011 -> n0110;
n0111[label = "NearestFirstNode"];
n011 -> n0111;
n01 -> n011;
n012[label = "If_Then_Else"];
n0120[label = "WorstMove"];
n012 -> n0120;
n0121[label = "BestMove"];
n012 -> n0121;
n0122[label = "CplexTerminal"];
n012 -> n0122;
n01 -> n012;
n0 -> n01;
n02[label = "While"];
n020[label = "If_Then_Else"];
n0200[label = "NearestInsertion"];
n020 -> n0200;
n0201[label = "WorstMove"];
n020 -> n0201;
n0202[label = "FarthestInsertion"];
n020 -> n0202;
n02 -> n020;
n021[label = "Equal"];
n0210[label = "NearestNeighbor"];
n021 -> n0210;
n0211[label = "CplexTerminal"];
n021 -> n0211;
n02 -> n021;
n0 -> n02;
n -> n0;
n1[label = "If_Then_Else"];
n10[label = "And"];
n100[label = "And"];
n1000[label = "CplexTerminal"];
n100 -> n1000;
n1001[label = "FarthestFirstNode"];
n100 -> n1001;
n10 -> n100;
n101[label = "Equal"];
n1010[label = "FarthestInsertion"];
n101 -> n1010;
n1011[label = "WorstMove"];
n101 -> n1011;
n10 -> n101;
n1 -> n10;
n11[label = "If_Then_Else"];
n110[label = "If_Then"];
n1100[label = "CplexTerminal"];
n110 -> n1100;
n1101[label = "NearestInsertion"];
n110 -> n1101;
n11 -> n110;
n111[label = "If_Then_Else"];
n1110[label = "NearestInsertion"];
n111 -> n1110;
n1111[label = "WorstMove"];
n111 -> n1111;
n1112[label = "FarthestInsertion"];
n111 -> n1112;
n11 -> n111;
n112[label = "If_Then_Else"];
n1120[label = "WorstMove"];
n112 -> n1120;
n1121[label = "BestMove"];
n112 -> n1121;
n1122[label = "CplexTerminal"];
n112 -> n1122;
n11 -> n112;
n1 -> n11;
n12[label = "While"];
n120[label = "If_Then_Else"];
n1200[label = "NearestInsertion"];
n120 -> n1200;
n1201[label = "WorstMove"];
n120 -> n1201;
n1202[label = "FarthestInsertion"];
n120 -> n1202;
n12 -> n120;
n121[label = "BestMove"];
n12 -> n121;
n1 -> n12;
n -> n1;
}

