Generation,Individual,Instance,BaselineTime,BudgetPercentage,BudgetCalculated,TotalCalls,TotalTimeUsed,BudgetUtilization,AvgTimePerCall,MaxTimePerCall,MinTimePerCall
0,ec.gp.GPIndividual@737835061{-1233053001},3C_20_50-02.txt,61.404,0.500,30.702,0,0.000,0.00,0.000,0.000,0.000
0,ec.gp.GPIndividual@737835061{-1233053001},3C_20_50-03.txt,30.993,0.500,15.496,0,0.000,0.00,0.000,0.000,0.000
0,ec.gp.GPIndividual@737835061{-1233053001},3C_20_50-03.txt,30.993,0.500,15.496,0,0.000,0.00,0.000,0.000,0.000
0,ec.gp.GPIndividual@737835061{-1233053001},3C_20_66-01.txt,7.322,0.500,3.661,0,0.000,0.00,0.000,0.000,0.000
0,ec.gp.GPIndividual@737835061{-1233053001},3C_20_66-02.txt,154.245,0.500,77.122,0,0.000,0.00,0.000,0.000,0.000
0,ec.gp.GPIndividual@737835061{-1233053001},3C_20_66-01.txt,7.322,0.500,3.661,0,0.000,0.00,0.000,0.000,0.000
0,ec.gp.GPIndividual@737835061{-1233053001},3C_20_66-01.txt,7.322,0.500,3.661,0,0.000,0.00,0.000,0.000,0.000
0,ec.gp.GPIndividual@737835061{-1233053001},3C_20_66-03.txt,118.340,0.500,59.170,0,0.000,0.00,0.000,0.000,0.000
0,ec.gp.GPIndividual@737835061{-1233053001},3C_20_66-02.txt,154.245,0.500,77.122,0,0.000,0.00,0.000,0.000,0.000
0,ec.gp.GPIndividual@737835061{-1233053001},3C_20_80-01.txt,4.194,0.500,2.097,0,0.000,0.00,0.000,0.000,0.000
0,ec.gp.GPIndividual@737835061{-1233053001},3C_20_80-01.txt,4.194,0.500,2.097,0,0.000,0.00,0.000,0.000,0.000
0,ec.gp.GPIndividual@737835061{-1233053001},3C_20_66-03.txt,118.340,0.500,59.170,0,0.000,0.00,0.000,0.000,0.000
0,ec.gp.GPIndividual@737835061{-1233053001},3C_20_66-03.txt,118.340,0.500,59.170,0,0.000,0.00,0.000,0.000,0.000
0,ec.gp.GPIndividual@737835061{-1233053001},3C_20_50-03.txt,30.993,0.500,15.496,0,0.000,0.00,0.000,0.000,0.000
0,ec.gp.GPIndividual@737835061{-1233053001},3C_20_80-01.txt,4.194,0.500,2.097,0,0.000,0.00,0.000,0.000,0.000
0,ec.gp.GPIndividual@1259834102{426380908},3C_20_50-02.txt,61.404,0.500,30.702,0,0.000,0.00,0.000,0.000,0.000
0,ec.gp.GPIndividual@1259834102{426380908},3C_20_50-02.txt,61.404,0.500,30.702,0,0.000,0.00,0.000,0.000,0.000
0,ec.gp.GPIndividual@1259834102{426380908},3C_20_80-02.txt,35.738,0.500,17.869,0,0.000,0.00,0.000,0.000,0.000
0,ec.gp.GPIndividual@1259834102{426380908},3C_20_66-01.txt,7.322,0.500,3.661,0,0.000,0.00,0.000,0.000,0.000
0,ec.gp.GPIndividual@1259834102{426380908},3C_20_66-01.txt,7.322,0.500,3.661,0,0.000,0.00,0.000,0.000,0.000
0,ec.gp.GPIndividual@1259834102{426380908},3C_20_80-03.txt,169.439,0.500,84.719,0,0.000,0.00,0.000,0.000,0.000
0,ec.gp.GPIndividual@1259834102{426380908},3C_20_66-03.txt,118.340,0.500,59.170,0,0.000,0.00,0.000,0.000,0.000
0,ec.gp.GPIndividual@1259834102{426380908},3C_20_80-01.txt,4.194,0.500,2.097,0,0.000,0.00,0.000,0.000,0.000
0,ec.gp.GPIndividual@1259834102{426380908},3C_20_80-01.txt,4.194,0.500,2.097,0,0.000,0.00,0.000,0.000,0.000
0,ec.gp.GPIndividual@624788282{-1826962032},3C_20_50-02.txt,61.404,0.500,30.702,0,0.000,0.00,0.000,0.000,0.000
0,ec.gp.GPIndividual@624788282{-1826962032},3C_20_50-02.txt,61.404,0.500,30.702,0,0.000,0.00,0.000,0.000,0.000
0,ec.gp.GPIndividual@624788282{-1826962032},3C_20_66-01.txt,7.322,0.500,3.661,0,0.000,0.00,0.000,0.000,0.000
0,ec.gp.GPIndividual@1328027468{1885726922},3C_20_50-02.txt,61.404,0.500,30.702,0,0.000,0.00,0.000,0.000,0.000
0,ec.gp.GPIndividual@1328027468{1885726922},3C_20_50-03.txt,30.993,0.500,15.496,0,0.000,0.00,0.000,0.000,0.000
0,ec.gp.GPIndividual@1328027468{1885726922},3C_20_66-01.txt,7.322,0.500,3.661,0,0.000,0.00,0.000,0.000,0.000
0,ec.gp.GPIndividual@1328027468{1885726922},3C_20_66-02.txt,154.245,0.500,77.122,0,0.000,0.00,0.000,0.000,0.000
0,ec.gp.GPIndividual@1328027468{1885726922},3C_20_66-03.txt,118.340,0.500,59.170,0,0.000,0.00,0.000,0.000,0.000
0,ec.gp.GPIndividual@1328027468{1885726922},3C_20_80-01.txt,4.194,0.500,2.097,0,0.000,0.00,0.000,0.000,0.000
0,ec.gp.GPIndividual@1328027468{1885726922},3C_20_80-02.txt,35.738,0.500,17.869,0,0.000,0.00,0.000,0.000,0.000
0,ec.gp.GPIndividual@1328027468{1885726922},3C_20_80-03.txt,169.439,0.500,84.719,0,0.000,0.00,0.000,0.000,0.000
0,ec.gp.GPIndividual@170557645{1318737728},3C_20_50-02.txt,61.404,0.500,30.702,0,0.000,0.00,0.000,0.000,0.000
0,ec.gp.GPIndividual@170557645{1318737728},3C_20_50-03.txt,30.993,0.500,15.496,0,0.000,0.00,0.000,0.000,0.000
0,ec.gp.GPIndividual@170557645{1318737728},3C_20_66-01.txt,7.322,0.500,3.661,0,0.000,0.00,0.000,0.000,0.000
0,ec.gp.GPIndividual@170557645{1318737728},3C_20_66-02.txt,154.245,0.500,77.122,0,0.000,0.00,0.000,0.000,0.000
0,ec.gp.GPIndividual@170557645{1318737728},3C_20_66-03.txt,118.340,0.500,59.170,0,0.000,0.00,0.000,0.000,0.000
0,ec.gp.GPIndividual@170557645{1318737728},3C_20_80-01.txt,4.194,0.500,2.097,0,0.000,0.00,0.000,0.000,0.000
0,ec.gp.GPIndividual@170557645{1318737728},3C_20_80-02.txt,35.738,0.500,17.869,0,0.000,0.00,0.000,0.000,0.000
0,ec.gp.GPIndividual@170557645{1318737728},3C_20_80-03.txt,169.439,0.500,84.719,0,0.000,0.00,0.000,0.000,0.000
0,ec.gp.GPIndividual@1289567272{-481701896},3C_20_50-02.txt,61.404,0.500,30.702,0,0.000,0.00,0.000,0.000,0.000
0,ec.gp.GPIndividual@1289567272{-481701896},3C_20_50-02.txt,61.404,0.500,30.702,0,0.000,0.00,0.000,0.000,0.000
0,ec.gp.GPIndividual@1289567272{-481701896},3C_20_66-01.txt,7.322,0.500,3.661,0,0.000,0.00,0.000,0.000,0.000
0,ec.gp.GPIndividual@1289567272{-481701896},3C_20_66-03.txt,118.340,0.500,59.170,0,0.000,0.00,0.000,0.000,0.000
0,ec.gp.GPIndividual@1289567272{-481701896},3C_20_80-01.txt,4.194,0.500,2.097,0,0.000,0.00,0.000,0.000,0.000
0,ec.gp.GPIndividual@1289567272{-481701896},3C_20_66-02.txt,154.245,0.500,77.122,0,0.000,0.00,0.000,0.000,0.000
0,ec.gp.GPIndividual@1289567272{-481701896},3C_20_80-02.txt,35.738,0.500,17.869,0,0.000,0.00,0.000,0.000,0.000
0,ec.gp.GPIndividual@1289567272{-481701896},3C_20_66-03.txt,118.340,0.500,59.170,0,0.000,0.00,0.000,0.000,0.000
0,ec.gp.GPIndividual@1289567272{-481701896},3C_20_80-03.txt,169.439,0.500,84.719,0,0.000,0.00,0.000,0.000,0.000
0,ec.gp.GPIndividual@660898024{2124588034},3C_20_50-02.txt,61.404,0.500,30.702,0,0.000,0.00,0.000,0.000,0.000
0,ec.gp.GPIndividual@660898024{2124588034},3C_20_50-03.txt,30.993,0.500,15.496,0,0.000,0.00,0.000,0.000,0.000
0,ec.gp.GPIndividual@660898024{2124588034},3C_20_66-01.txt,7.322,0.500,3.661,0,0.000,0.00,0.000,0.000,0.000
0,ec.gp.GPIndividual@660898024{2124588034},3C_20_66-02.txt,154.245,0.500,77.122,0,0.000,0.00,0.000,0.000,0.000
0,ec.gp.GPIndividual@660898024{2124588034},3C_20_66-03.txt,118.340,0.500,59.170,0,0.000,0.00,0.000,0.000,0.000
0,ec.gp.GPIndividual@660898024{2124588034},3C_20_80-01.txt,4.194,0.500,2.097,0,0.000,0.00,0.000,0.000,0.000
0,ec.gp.GPIndividual@660898024{2124588034},3C_20_80-02.txt,35.738,0.500,17.869,0,0.000,0.00,0.000,0.000,0.000
0,ec.gp.GPIndividual@660898024{2124588034},3C_20_80-03.txt,169.439,0.500,84.719,0,0.000,0.00,0.000,0.000,0.000
0,ec.gp.GPIndividual@593166556{627551556},3C_20_50-02.txt,61.404,0.500,30.702,0,0.000,0.00,0.000,0.000,0.000
0,ec.gp.GPIndividual@593166556{627551556},3C_20_50-03.txt,30.993,0.500,15.496,0,0.000,0.00,0.000,0.000,0.000
0,ec.gp.GPIndividual@593166556{627551556},3C_20_66-01.txt,7.322,0.500,3.661,0,0.000,0.00,0.000,0.000,0.000
0,ec.gp.GPIndividual@593166556{627551556},3C_20_80-01.txt,4.194,0.500,2.097,0,0.000,0.00,0.000,0.000,0.000
0,ec.gp.GPIndividual@593166556{627551556},3C_20_66-02.txt,154.245,0.500,77.122,0,0.000,0.00,0.000,0.000,0.000
0,ec.gp.GPIndividual@593166556{627551556},3C_20_66-03.txt,118.340,0.500,59.170,0,0.000,0.00,0.000,0.000,0.000
0,ec.gp.GPIndividual@593166556{627551556},3C_20_80-01.txt,4.194,0.500,2.097,0,0.000,0.00,0.000,0.000,0.000
0,ec.gp.GPIndividual@593166556{627551556},3C_20_80-02.txt,35.738,0.500,17.869,0,0.000,0.00,0.000,0.000,0.000
0,ec.gp.GPIndividual@593166556{627551556},3C_20_80-03.txt,169.439,0.500,84.719,0,0.000,0.00,0.000,0.000,0.000
0,ec.gp.GPIndividual@1717144275{2135039907},3C_20_50-02.txt,61.404,0.500,30.702,0,0.000,0.00,0.000,0.000,0.000
0,ec.gp.GPIndividual@1717144275{2135039907},3C_20_50-03.txt,30.993,0.500,15.496,0,0.000,0.00,0.000,0.000,0.000
0,ec.gp.GPIndividual@1717144275{2135039907},3C_20_66-01.txt,7.322,0.500,3.661,0,0.000,0.00,0.000,0.000,0.000
0,ec.gp.GPIndividual@1717144275{2135039907},3C_20_66-02.txt,154.245,0.500,77.122,0,0.000,0.00,0.000,0.000,0.000
0,ec.gp.GPIndividual@1717144275{2135039907},3C_20_66-03.txt,118.340,0.500,59.170,0,0.000,0.00,0.000,0.000,0.000
0,ec.gp.GPIndividual@1717144275{2135039907},3C_20_80-01.txt,4.194,0.500,2.097,0,0.000,0.00,0.000,0.000,0.000
0,ec.gp.GPIndividual@1717144275{2135039907},3C_20_80-02.txt,35.738,0.500,17.869,0,0.000,0.00,0.000,0.000,0.000
0,ec.gp.GPIndividual@1717144275{2135039907},3C_20_80-03.txt,169.439,0.500,84.719,0,0.000,0.00,0.000,0.000,0.000
0,ec.gp.GPIndividual@1410692031{-1013938627},3C_20_50-02.txt,61.404,0.500,30.702,1,0.000,0.00,0.000,0.000,0.000
0,ec.gp.GPIndividual@1410692031{-1013938627},3C_20_80-02.txt,35.738,0.500,17.869,0,0.000,0.00,0.000,0.000,0.000
0,ec.gp.GPIndividual@1410692031{-1013938627},3C_20_80-03.txt,169.439,0.500,84.719,0,0.000,0.00,0.000,0.000,0.000
0,ec.gp.GPIndividual@1888147450{-1451336915},3C_20_50-02.txt,61.404,0.500,30.702,1,0.203,0.66,0.203,0.203,0.203
0,ec.gp.GPIndividual@1888147450{-1451336915},3C_20_50-03.txt,30.993,0.500,15.496,4,0.922,5.95,0.230,0.313,0.203
0,ec.gp.GPIndividual@1888147450{-1451336915},3C_20_50-03.txt,30.993,0.500,15.496,5,1.156,7.46,0.231,0.313,0.000
0,ec.gp.GPIndividual@1888147450{-1451336915},3C_20_50-03.txt,30.993,0.500,15.496,3,2.156,13.91,0.719,1.469,0.000
0,ec.gp.GPIndividual@1888147450{-1451336915},3C_20_50-03.txt,30.993,0.500,15.496,2,3.641,23.49,1.820,1.891,0.000
0,ec.gp.GPIndividual@1888147450{-1451336915},3C_20_50-03.txt,30.993,0.500,15.496,2,4.609,29.75,2.305,4.125,0.000
0,ec.gp.GPIndividual@1888147450{-1451336915},3C_20_66-01.txt,7.322,0.500,3.661,1,4.125,112.67,4.125,4.125,0.000
0,ec.gp.GPIndividual@1888147450{-1451336915},3C_20_66-01.txt,7.322,0.500,3.661,2,1.797,49.08,0.898,4.125,0.000
0,ec.gp.GPIndividual@1888147450{-1451336915},3C_20_50-03.txt,30.993,0.500,15.496,2,5.516,35.59,2.758,4.500,0.000
0,ec.gp.GPIndividual@1888147450{-1451336915},3C_20_66-02.txt,154.245,0.500,77.122,1,1.188,1.54,1.188,4.500,0.000
0,ec.gp.GPIndividual@1888147450{-1451336915},3C_20_66-02.txt,154.245,0.500,77.122,4,11.500,14.91,2.875,4.500,0.000
0,ec.gp.GPIndividual@1888147450{-1451336915},3C_20_66-03.txt,118.340,0.500,59.170,1,2.516,4.25,2.516,4.500,0.000
0,ec.gp.GPIndividual@1888147450{-1451336915},3C_20_66-03.txt,118.340,0.500,59.170,2,3.625,6.13,1.813,4.500,0.000
0,ec.gp.GPIndividual@1888147450{-1451336915},3C_20_66-01.txt,7.322,0.500,3.661,1,4.297,117.37,4.297,4.500,0.000
0,ec.gp.GPIndividual@1888147450{-1451336915},3C_20_66-01.txt,7.322,0.500,3.661,5,7.281,198.88,1.456,4.500,0.000
0,ec.gp.GPIndividual@1888147450{-1451336915},3C_20_66-02.txt,154.245,0.500,77.122,4,12.859,16.67,3.215,7.484,0.000
0,ec.gp.GPIndividual@1888147450{-1451336915},3C_20_66-01.txt,7.322,0.500,3.661,1,6.391,174.56,6.391,7.484,0.000
0,ec.gp.GPIndividual@1888147450{-1451336915},3C_20_80-01.txt,4.194,0.500,2.097,1,6.297,300.25,6.297,7.484,0.000
0,ec.gp.GPIndividual@1888147450{-1451336915},3C_20_80-01.txt,4.194,0.500,2.097,2,1.344,64.07,0.672,7.484,0.000
0,ec.gp.GPIndividual@1888147450{-1451336915},3C_20_66-03.txt,118.340,0.500,59.170,3,6.422,10.85,2.141,7.484,0.000
0,ec.gp.GPIndividual@1888147450{-1451336915},3C_20_80-02.txt,35.738,0.500,17.869,2,2.000,11.19,1.000,7.484,0.000
0,ec.gp.GPIndividual@1888147450{-1451336915},3C_20_80-02.txt,35.738,0.500,17.869,3,2.938,16.44,0.979,7.484,0.000
0,ec.gp.GPIndividual@1888147450{-1451336915},3C_20_66-02.txt,154.245,0.500,77.122,1,2.094,2.71,2.094,7.484,0.000
0,ec.gp.GPIndividual@1888147450{-1451336915},3C_20_80-03.txt,169.439,0.500,84.719,1,2.141,2.53,2.141,7.484,0.000
0,ec.gp.GPIndividual@1888147450{-1451336915},3C_20_80-03.txt,169.439,0.500,84.719,6,10.328,12.19,1.721,7.484,0.000
0,ec.gp.GPIndividual@1888147450{-1451336915},3C_20_66-03.txt,118.340,0.500,59.170,5,18.625,31.48,3.725,7.484,0.000
0,ec.gp.GPIndividual@2067884132{1320552270},3C_20_50-02.txt,61.404,0.500,30.702,0,0.000,0.00,0.000,0.000,0.000
0,ec.gp.GPIndividual@2067884132{1320552270},3C_20_50-03.txt,30.993,0.500,15.496,0,0.000,0.00,0.000,0.000,0.000
0,ec.gp.GPIndividual@2067884132{1320552270},3C_20_66-01.txt,7.322,0.500,3.661,0,0.000,0.00,0.000,0.000,0.000
0,ec.gp.GPIndividual@2067884132{1320552270},3C_20_66-02.txt,154.245,0.500,77.122,0,0.000,0.00,0.000,0.000,0.000
0,ec.gp.GPIndividual@2067884132{1320552270},3C_20_66-03.txt,118.340,0.500,59.170,0,0.000,0.00,0.000,0.000,0.000
0,ec.gp.GPIndividual@2067884132{1320552270},3C_20_80-01.txt,4.194,0.500,2.097,0,0.000,0.00,0.000,0.000,0.000
0,ec.gp.GPIndividual@2067884132{1320552270},3C_20_80-02.txt,35.738,0.500,17.869,0,0.000,0.00,0.000,0.000,0.000
0,ec.gp.GPIndividual@2067884132{1320552270},3C_20_80-03.txt,169.439,0.500,84.719,0,0.000,0.00,0.000,0.000,0.000
0,ec.gp.GPIndividual@2139022292{923045789},3C_20_50-02.txt,61.404,0.500,30.702,1,0.516,1.68,0.516,0.516,0.516
0,ec.gp.GPIndividual@2139022292{923045789},3C_20_50-03.txt,30.993,0.500,15.496,2,7.438,48.00,3.719,6.578,0.516
0,ec.gp.GPIndividual@1467337237{271532587},3C_20_50-02.txt,61.404,0.500,30.702,0,0.000,0.00,0.000,0.000,0.000
0,ec.gp.GPIndividual@1467337237{271532587},3C_20_50-03.txt,30.993,0.500,15.496,0,0.000,0.00,0.000,0.000,0.000
0,ec.gp.GPIndividual@1467337237{271532587},3C_20_66-01.txt,7.322,0.500,3.661,0,0.000,0.00,0.000,0.000,0.000
0,ec.gp.GPIndividual@1467337237{271532587},3C_20_66-02.txt,154.245,0.500,77.122,0,0.000,0.00,0.000,0.000,0.000
0,ec.gp.GPIndividual@1467337237{271532587},3C_20_66-03.txt,118.340,0.500,59.170,0,0.000,0.00,0.000,0.000,0.000
0,ec.gp.GPIndividual@1467337237{271532587},3C_20_80-01.txt,4.194,0.500,2.097,0,0.000,0.00,0.000,0.000,0.000
0,ec.gp.GPIndividual@1467337237{271532587},3C_20_80-02.txt,35.738,0.500,17.869,0,0.000,0.00,0.000,0.000,0.000
0,ec.gp.GPIndividual@1467337237{271532587},3C_20_80-03.txt,169.439,0.500,84.719,0,0.000,0.00,0.000,0.000,0.000
0,ec.gp.GPIndividual@752053703{1482431962},3C_20_50-02.txt,61.404,0.500,30.702,1,0.000,0.00,0.000,0.000,0.000
0,ec.gp.GPIndividual@752053703{1482431962},3C_20_50-03.txt,30.993,0.500,15.496,1,0.000,0.00,0.000,0.000,0.000
0,ec.gp.GPIndividual@752053703{1482431962},3C_20_66-01.txt,7.322,0.500,3.661,1,0.000,0.00,0.000,0.000,0.000
0,ec.gp.GPIndividual@752053703{1482431962},3C_20_66-02.txt,154.245,0.500,77.122,1,0.000,0.00,0.000,0.000,0.000
0,ec.gp.GPIndividual@752053703{1482431962},3C_20_66-03.txt,118.340,0.500,59.170,1,0.000,0.00,0.000,0.000,0.000
0,ec.gp.GPIndividual@752053703{1482431962},3C_20_80-01.txt,4.194,0.500,2.097,1,0.000,0.00,0.000,0.000,0.000
0,ec.gp.GPIndividual@752053703{1482431962},3C_20_80-02.txt,35.738,0.500,17.869,1,0.000,0.00,0.000,0.000,0.000
0,ec.gp.GPIndividual@752053703{1482431962},3C_20_80-03.txt,169.439,0.500,84.719,1,0.000,0.00,0.000,0.000,0.000
0,ec.gp.GPIndividual@108426652{2118836700},3C_20_50-02.txt,61.404,0.500,30.702,0,0.000,0.00,0.000,0.000,0.000
0,ec.gp.GPIndividual@108426652{2118836700},3C_20_50-03.txt,30.993,0.500,15.496,0,0.000,0.00,0.000,0.000,0.000
0,ec.gp.GPIndividual@108426652{2118836700},3C_20_66-01.txt,7.322,0.500,3.661,0,0.000,0.00,0.000,0.000,0.000
0,ec.gp.GPIndividual@108426652{2118836700},3C_20_66-02.txt,154.245,0.500,77.122,0,0.000,0.00,0.000,0.000,0.000
0,ec.gp.GPIndividual@108426652{2118836700},3C_20_66-03.txt,118.340,0.500,59.170,0,0.000,0.00,0.000,0.000,0.000
0,ec.gp.GPIndividual@108426652{2118836700},3C_20_80-01.txt,4.194,0.500,2.097,0,0.000,0.00,0.000,0.000,0.000
0,ec.gp.GPIndividual@108426652{2118836700},3C_20_80-02.txt,35.738,0.500,17.869,0,0.000,0.00,0.000,0.000,0.000
0,ec.gp.GPIndividual@108426652{2118836700},3C_20_80-03.txt,169.439,0.500,84.719,0,0.000,0.00,0.000,0.000,0.000
0,ec.gp.GPIndividual@1958038835{888430956},3C_20_50-02.txt,61.404,0.500,30.702,0,0.000,0.00,0.000,0.000,0.000
0,ec.gp.GPIndividual@1958038835{888430956},3C_20_50-03.txt,30.993,0.500,15.496,0,0.000,0.00,0.000,0.000,0.000
0,ec.gp.GPIndividual@1958038835{888430956},3C_20_66-01.txt,7.322,0.500,3.661,0,0.000,0.00,0.000,0.000,0.000
0,ec.gp.GPIndividual@1958038835{888430956},3C_20_66-02.txt,154.245,0.500,77.122,0,0.000,0.00,0.000,0.000,0.000
0,ec.gp.GPIndividual@1958038835{888430956},3C_20_66-03.txt,118.340,0.500,59.170,0,0.000,0.00,0.000,0.000,0.000
0,ec.gp.GPIndividual@1958038835{888430956},3C_20_80-01.txt,4.194,0.500,2.097,0,0.000,0.00,0.000,0.000,0.000
0,ec.gp.GPIndividual@1958038835{888430956},3C_20_80-02.txt,35.738,0.500,17.869,0,0.000,0.00,0.000,0.000,0.000
0,ec.gp.GPIndividual@1958038835{888430956},3C_20_80-03.txt,169.439,0.500,84.719,0,0.000,0.00,0.000,0.000,0.000
0,ec.gp.GPIndividual@834133441{664513076},3C_20_50-02.txt,61.404,0.500,30.702,0,0.000,0.00,0.000,0.000,0.000
0,ec.gp.GPIndividual@834133441{664513076},3C_20_50-03.txt,30.993,0.500,15.496,0,0.000,0.00,0.000,0.000,0.000
0,ec.gp.GPIndividual@834133441{664513076},3C_20_66-01.txt,7.322,0.500,3.661,0,0.000,0.00,0.000,0.000,0.000
0,ec.gp.GPIndividual@834133441{664513076},3C_20_66-02.txt,154.245,0.500,77.122,0,0.000,0.00,0.000,0.000,0.000
0,ec.gp.GPIndividual@834133441{664513076},3C_20_66-03.txt,118.340,0.500,59.170,0,0.000,0.00,0.000,0.000,0.000
0,ec.gp.GPIndividual@834133441{664513076},3C_20_80-01.txt,4.194,0.500,2.097,0,0.000,0.00,0.000,0.000,0.000
0,ec.gp.GPIndividual@834133441{664513076},3C_20_80-02.txt,35.738,0.500,17.869,0,0.000,0.00,0.000,0.000,0.000
0,ec.gp.GPIndividual@834133441{664513076},3C_20_80-03.txt,169.439,0.500,84.719,0,0.000,0.00,0.000,0.000,0.000
0,ec.gp.GPIndividual@652184202{2075654674},3C_20_50-02.txt,61.404,0.500,30.702,0,0.000,0.00,0.000,0.000,0.000
0,ec.gp.GPIndividual@652184202{2075654674},3C_20_50-03.txt,30.993,0.500,15.496,0,0.000,0.00,0.000,0.000,0.000
0,ec.gp.GPIndividual@652184202{2075654674},3C_20_66-01.txt,7.322,0.500,3.661,0,0.000,0.00,0.000,0.000,0.000
0,ec.gp.GPIndividual@652184202{2075654674},3C_20_66-02.txt,154.245,0.500,77.122,0,0.000,0.00,0.000,0.000,0.000
0,ec.gp.GPIndividual@652184202{2075654674},3C_20_66-03.txt,118.340,0.500,59.170,0,0.000,0.00,0.000,0.000,0.000
0,ec.gp.GPIndividual@652184202{2075654674},3C_20_80-01.txt,4.194,0.500,2.097,0,0.000,0.00,0.000,0.000,0.000
0,ec.gp.GPIndividual@652184202{2075654674},3C_20_80-02.txt,35.738,0.500,17.869,0,0.000,0.00,0.000,0.000,0.000
0,ec.gp.GPIndividual@652184202{2075654674},3C_20_80-03.txt,169.439,0.500,84.719,0,0.000,0.00,0.000,0.000,0.000
0,ec.gp.GPIndividual@5024940{179487682},3C_20_50-02.txt,61.404,0.500,30.702,0,0.000,0.00,0.000,0.000,0.000
0,ec.gp.GPIndividual@5024940{179487682},3C_20_50-03.txt,30.993,0.500,15.496,0,0.000,0.00,0.000,0.000,0.000
0,ec.gp.GPIndividual@5024940{179487682},3C_20_66-01.txt,7.322,0.500,3.661,0,0.000,0.00,0.000,0.000,0.000
0,ec.gp.GPIndividual@5024940{179487682},3C_20_66-02.txt,154.245,0.500,77.122,0,0.000,0.00,0.000,0.000,0.000
0,ec.gp.GPIndividual@5024940{179487682},3C_20_66-03.txt,118.340,0.500,59.170,0,0.000,0.00,0.000,0.000,0.000
0,ec.gp.GPIndividual@5024940{179487682},3C_20_80-01.txt,4.194,0.500,2.097,0,0.000,0.00,0.000,0.000,0.000
0,ec.gp.GPIndividual@5024940{179487682},3C_20_80-02.txt,35.738,0.500,17.869,0,0.000,0.00,0.000,0.000,0.000
0,ec.gp.GPIndividual@5024940{179487682},3C_20_80-03.txt,169.439,0.500,84.719,0,0.000,0.00,0.000,0.000,0.000
0,ec.gp.GPIndividual@1590601027{-1696770436},3C_20_50-02.txt,61.404,0.500,30.702,0,0.000,0.00,0.000,0.000,0.000
0,ec.gp.GPIndividual@1590601027{-1696770436},3C_20_50-03.txt,30.993,0.500,15.496,0,0.000,0.00,0.000,0.000,0.000
0,ec.gp.GPIndividual@1590601027{-1696770436},3C_20_66-01.txt,7.322,0.500,3.661,0,0.000,0.00,0.000,0.000,0.000
0,ec.gp.GPIndividual@1590601027{-1696770436},3C_20_66-02.txt,154.245,0.500,77.122,0,0.000,0.00,0.000,0.000,0.000
0,ec.gp.GPIndividual@1590601027{-1696770436},3C_20_66-03.txt,118.340,0.500,59.170,0,0.000,0.00,0.000,0.000,0.000
0,ec.gp.GPIndividual@1590601027{-1696770436},3C_20_80-01.txt,4.194,0.500,2.097,0,0.000,0.00,0.000,0.000,0.000
0,ec.gp.GPIndividual@1590601027{-1696770436},3C_20_80-02.txt,35.738,0.500,17.869,0,0.000,0.00,0.000,0.000,0.000
0,ec.gp.GPIndividual@1590601027{-1696770436},3C_20_80-03.txt,169.439,0.500,84.719,0,0.000,0.00,0.000,0.000,0.000
0,ec.gp.GPIndividual@1368924814{-65311798},3C_20_50-02.txt,61.404,0.500,30.702,0,0.000,0.00,0.000,0.000,0.000
0,ec.gp.GPIndividual@1368924814{-65311798},3C_20_50-03.txt,30.993,0.500,15.496,0,0.000,0.00,0.000,0.000,0.000
0,ec.gp.GPIndividual@1368924814{-65311798},3C_20_66-01.txt,7.322,0.500,3.661,0,0.000,0.00,0.000,0.000,0.000
0,ec.gp.GPIndividual@1368924814{-65311798},3C_20_66-02.txt,154.245,0.500,77.122,0,0.000,0.00,0.000,0.000,0.000
0,ec.gp.GPIndividual@1368924814{-65311798},3C_20_66-03.txt,118.340,0.500,59.170,0,0.000,0.00,0.000,0.000,0.000
0,ec.gp.GPIndividual@1368924814{-65311798},3C_20_80-01.txt,4.194,0.500,2.097,0,0.000,0.00,0.000,0.000,0.000
0,ec.gp.GPIndividual@1368924814{-65311798},3C_20_80-02.txt,35.738,0.500,17.869,0,0.000,0.00,0.000,0.000,0.000
0,ec.gp.GPIndividual@1368924814{-65311798},3C_20_80-03.txt,169.439,0.500,84.719,0,0.000,0.00,0.000,0.000,0.000
0,ec.gp.GPIndividual@189364717{1948675049},3C_20_50-02.txt,61.404,0.500,30.702,0,0.000,0.00,0.000,0.000,0.000
0,ec.gp.GPIndividual@189364717{1948675049},3C_20_50-03.txt,30.993,0.500,15.496,0,0.000,0.00,0.000,0.000,0.000
0,ec.gp.GPIndividual@189364717{1948675049},3C_20_66-01.txt,7.322,0.500,3.661,0,0.000,0.00,0.000,0.000,0.000
0,ec.gp.GPIndividual@189364717{1948675049},3C_20_66-02.txt,154.245,0.500,77.122,0,0.000,0.00,0.000,0.000,0.000
0,ec.gp.GPIndividual@189364717{1948675049},3C_20_66-03.txt,118.340,0.500,59.170,0,0.000,0.00,0.000,0.000,0.000
0,ec.gp.GPIndividual@189364717{1948675049},3C_20_80-01.txt,4.194,0.500,2.097,0,0.000,0.00,0.000,0.000,0.000
0,ec.gp.GPIndividual@189364717{1948675049},3C_20_80-02.txt,35.738,0.500,17.869,0,0.000,0.00,0.000,0.000,0.000
0,ec.gp.GPIndividual@189364717{1948675049},3C_20_80-03.txt,169.439,0.500,84.719,0,0.000,0.00,0.000,0.000,0.000
0,ec.gp.GPIndividual@981230175{529076459},3C_20_50-02.txt,61.404,0.500,30.702,0,0.000,0.00,0.000,0.000,0.000
0,ec.gp.GPIndividual@981230175{529076459},3C_20_50-03.txt,30.993,0.500,15.496,0,0.000,0.00,0.000,0.000,0.000
0,ec.gp.GPIndividual@981230175{529076459},3C_20_66-01.txt,7.322,0.500,3.661,0,0.000,0.00,0.000,0.000,0.000
0,ec.gp.GPIndividual@981230175{529076459},3C_20_66-02.txt,154.245,0.500,77.122,0,0.000,0.00,0.000,0.000,0.000
0,ec.gp.GPIndividual@981230175{529076459},3C_20_66-03.txt,118.340,0.500,59.170,0,0.000,0.00,0.000,0.000,0.000
0,ec.gp.GPIndividual@981230175{529076459},3C_20_80-01.txt,4.194,0.500,2.097,0,0.000,0.00,0.000,0.000,0.000
0,ec.gp.GPIndividual@981230175{529076459},3C_20_80-02.txt,35.738,0.500,17.869,0,0.000,0.00,0.000,0.000,0.000
0,ec.gp.GPIndividual@981230175{529076459},3C_20_80-03.txt,169.439,0.500,84.719,0,0.000,0.00,0.000,0.000,0.000
0,ec.gp.GPIndividual@2071858716{2068858059},3C_20_50-02.txt,61.404,0.500,30.702,1,0.219,0.71,0.219,0.219,0.219
0,ec.gp.GPIndividual@2071858716{2068858059},3C_20_50-03.txt,30.993,0.500,15.496,3,8.750,56.47,2.917,3.891,0.219
0,ec.gp.GPIndividual@2071858716{2068858059},3C_20_66-01.txt,7.322,0.500,3.661,1,0.484,13.23,0.484,3.891,0.219
0,ec.gp.GPIndividual@2071858716{2068858059},3C_20_66-02.txt,154.245,0.500,77.122,1,4.750,6.16,4.750,4.750,0.219
0,ec.gp.GPIndividual@1005211519{1725777014},3C_20_50-02.txt,61.404,0.500,30.702,1,0.000,0.00,0.000,0.000,0.000
0,ec.gp.GPIndividual@1005211519{1725777014},3C_20_50-03.txt,30.993,0.500,15.496,1,0.000,0.00,0.000,0.000,0.000
0,ec.gp.GPIndividual@1005211519{1725777014},3C_20_66-01.txt,7.322,0.500,3.661,1,0.000,0.00,0.000,0.000,0.000
0,ec.gp.GPIndividual@1005211519{1725777014},3C_20_66-02.txt,154.245,0.500,77.122,1,0.000,0.00,0.000,0.000,0.000
0,ec.gp.GPIndividual@1005211519{1725777014},3C_20_66-03.txt,118.340,0.500,59.170,1,0.000,0.00,0.000,0.000,0.000
0,ec.gp.GPIndividual@1005211519{1725777014},3C_20_80-01.txt,4.194,0.500,2.097,1,0.000,0.00,0.000,0.000,0.000
0,ec.gp.GPIndividual@1005211519{1725777014},3C_20_80-02.txt,35.738,0.500,17.869,1,0.000,0.00,0.000,0.000,0.000
0,ec.gp.GPIndividual@1005211519{1725777014},3C_20_80-03.txt,169.439,0.500,84.719,1,0.000,0.00,0.000,0.000,0.000
0,ec.gp.GPIndividual@888646969{-1647224516},3C_20_50-02.txt,61.404,0.500,30.702,0,0.000,0.00,0.000,0.000,0.000
0,ec.gp.GPIndividual@888646969{-1647224516},3C_20_50-03.txt,30.993,0.500,15.496,0,0.000,0.00,0.000,0.000,0.000
0,ec.gp.GPIndividual@888646969{-1647224516},3C_20_66-01.txt,7.322,0.500,3.661,0,0.000,0.00,0.000,0.000,0.000
0,ec.gp.GPIndividual@888646969{-1647224516},3C_20_66-02.txt,154.245,0.500,77.122,0,0.000,0.00,0.000,0.000,0.000
0,ec.gp.GPIndividual@888646969{-1647224516},3C_20_66-03.txt,118.340,0.500,59.170,0,0.000,0.00,0.000,0.000,0.000
0,ec.gp.GPIndividual@888646969{-1647224516},3C_20_80-01.txt,4.194,0.500,2.097,0,0.000,0.00,0.000,0.000,0.000
0,ec.gp.GPIndividual@888646969{-1647224516},3C_20_80-02.txt,35.738,0.500,17.869,1,1.469,8.22,1.469,1.469,1.469
0,ec.gp.GPIndividual@888646969{-1647224516},3C_20_66-03.txt,118.340,0.500,59.170,0,0.000,0.00,0.000,1.469,1.469
0,ec.gp.GPIndividual@888646969{-1647224516},3C_20_80-03.txt,169.439,0.500,84.719,0,0.000,0.00,0.000,1.469,1.469
0,ec.gp.GPIndividual@1778745218{-1152810879},3C_20_50-02.txt,61.404,0.500,30.702,0,0.000,0.00,0.000,0.000,0.000
0,ec.gp.GPIndividual@1778745218{-1152810879},3C_20_50-03.txt,30.993,0.500,15.496,0,0.000,0.00,0.000,0.000,0.000
0,ec.gp.GPIndividual@1778745218{-1152810879},3C_20_66-01.txt,7.322,0.500,3.661,0,0.000,0.00,0.000,0.000,0.000
0,ec.gp.GPIndividual@1778745218{-1152810879},3C_20_66-02.txt,154.245,0.500,77.122,0,0.000,0.00,0.000,0.000,0.000
0,ec.gp.GPIndividual@1778745218{-1152810879},3C_20_66-03.txt,118.340,0.500,59.170,0,0.000,0.00,0.000,0.000,0.000
0,ec.gp.GPIndividual@1778745218{-1152810879},3C_20_80-01.txt,4.194,0.500,2.097,0,0.000,0.00,0.000,0.000,0.000
0,ec.gp.GPIndividual@1778745218{-1152810879},3C_20_80-02.txt,35.738,0.500,17.869,0,0.000,0.00,0.000,0.000,0.000
0,ec.gp.GPIndividual@1778745218{-1152810879},3C_20_80-03.txt,169.439,0.500,84.719,0,0.000,0.00,0.000,0.000,0.000
0,ec.gp.GPIndividual@1335636630{760677968},3C_20_50-02.txt,61.404,0.500,30.702,0,0.000,0.00,0.000,0.000,0.000
0,ec.gp.GPIndividual@1335636630{760677968},3C_20_50-03.txt,30.993,0.500,15.496,0,0.000,0.00,0.000,0.000,0.000
0,ec.gp.GPIndividual@1335636630{760677968},3C_20_66-01.txt,7.322,0.500,3.661,0,0.000,0.00,0.000,0.000,0.000
0,ec.gp.GPIndividual@1335636630{760677968},3C_20_66-02.txt,154.245,0.500,77.122,0,0.000,0.00,0.000,0.000,0.000
0,ec.gp.GPIndividual@1335636630{760677968},3C_20_66-03.txt,118.340,0.500,59.170,0,0.000,0.00,0.000,0.000,0.000
0,ec.gp.GPIndividual@1335636630{760677968},3C_20_80-01.txt,4.194,0.500,2.097,0,0.000,0.00,0.000,0.000,0.000
0,ec.gp.GPIndividual@1335636630{760677968},3C_20_80-02.txt,35.738,0.500,17.869,0,0.000,0.00,0.000,0.000,0.000
0,ec.gp.GPIndividual@1335636630{760677968},3C_20_80-03.txt,169.439,0.500,84.719,0,0.000,0.00,0.000,0.000,0.000
0,ec.gp.GPIndividual@185359199{-725826725},3C_20_50-02.txt,61.404,0.500,30.702,0,0.000,0.00,0.000,0.000,0.000
0,ec.gp.GPIndividual@185359199{-725826725},3C_20_50-03.txt,30.993,0.500,15.496,0,0.000,0.00,0.000,0.000,0.000
0,ec.gp.GPIndividual@185359199{-725826725},3C_20_66-01.txt,7.322,0.500,3.661,0,0.000,0.00,0.000,0.000,0.000
0,ec.gp.GPIndividual@185359199{-725826725},3C_20_66-02.txt,154.245,0.500,77.122,0,0.000,0.00,0.000,0.000,0.000
0,ec.gp.GPIndividual@185359199{-725826725},3C_20_66-03.txt,118.340,0.500,59.170,0,0.000,0.00,0.000,0.000,0.000
0,ec.gp.GPIndividual@185359199{-725826725},3C_20_80-01.txt,4.194,0.500,2.097,0,0.000,0.00,0.000,0.000,0.000
0,ec.gp.GPIndividual@185359199{-725826725},3C_20_80-02.txt,35.738,0.500,17.869,0,0.000,0.00,0.000,0.000,0.000
0,ec.gp.GPIndividual@185359199{-725826725},3C_20_80-03.txt,169.439,0.500,84.719,0,0.000,0.00,0.000,0.000,0.000
0,ec.gp.GPIndividual@65300905{-1893583312},3C_20_50-02.txt,61.404,0.500,30.702,0,0.000,0.00,0.000,0.000,0.000
0,ec.gp.GPIndividual@65300905{-1893583312},3C_20_50-03.txt,30.993,0.500,15.496,0,0.000,0.00,0.000,0.000,0.000
0,ec.gp.GPIndividual@65300905{-1893583312},3C_20_66-01.txt,7.322,0.500,3.661,0,0.000,0.00,0.000,0.000,0.000
0,ec.gp.GPIndividual@65300905{-1893583312},3C_20_66-02.txt,154.245,0.500,77.122,0,0.000,0.00,0.000,0.000,0.000
0,ec.gp.GPIndividual@65300905{-1893583312},3C_20_66-03.txt,118.340,0.500,59.170,0,0.000,0.00,0.000,0.000,0.000
0,ec.gp.GPIndividual@65300905{-1893583312},3C_20_80-01.txt,4.194,0.500,2.097,0,0.000,0.00,0.000,0.000,0.000
0,ec.gp.GPIndividual@65300905{-1893583312},3C_20_80-02.txt,35.738,0.500,17.869,0,0.000,0.00,0.000,0.000,0.000
0,ec.gp.GPIndividual@65300905{-1893583312},3C_20_80-03.txt,169.439,0.500,84.719,0,0.000,0.00,0.000,0.000,0.000
0,ec.gp.GPIndividual@1515429136{-1476485271},3C_20_50-02.txt,61.404,0.500,30.702,0,0.000,0.00,0.000,0.000,0.000
0,ec.gp.GPIndividual@1515429136{-1476485271},3C_20_50-03.txt,30.993,0.500,15.496,0,0.000,0.00,0.000,0.000,0.000
0,ec.gp.GPIndividual@1515429136{-1476485271},3C_20_66-01.txt,7.322,0.500,3.661,0,0.000,0.00,0.000,0.000,0.000
0,ec.gp.GPIndividual@1515429136{-1476485271},3C_20_66-02.txt,154.245,0.500,77.122,0,0.000,0.00,0.000,0.000,0.000
0,ec.gp.GPIndividual@1515429136{-1476485271},3C_20_66-03.txt,118.340,0.500,59.170,0,0.000,0.00,0.000,0.000,0.000
0,ec.gp.GPIndividual@1515429136{-1476485271},3C_20_80-01.txt,4.194,0.500,2.097,0,0.000,0.00,0.000,0.000,0.000
0,ec.gp.GPIndividual@1515429136{-1476485271},3C_20_80-02.txt,35.738,0.500,17.869,0,0.000,0.00,0.000,0.000,0.000
0,ec.gp.GPIndividual@1515429136{-1476485271},3C_20_80-03.txt,169.439,0.500,84.719,0,0.000,0.00,0.000,0.000,0.000
0,ec.gp.GPIndividual@314662281{1184441244},3C_20_50-02.txt,61.404,0.500,30.702,1,0.125,0.41,0.125,0.125,0.125
0,ec.gp.GPIndividual@314662281{1184441244},3C_20_50-03.txt,30.993,0.500,15.496,4,2.047,13.21,0.512,1.063,0.125
0,ec.gp.GPIndividual@314662281{1184441244},3C_20_66-01.txt,7.322,0.500,3.661,2,0.594,16.22,0.297,1.063,0.125
0,ec.gp.GPIndividual@314662281{1184441244},3C_20_66-02.txt,154.245,0.500,77.122,3,1.313,1.70,0.438,1.063,0.125
0,ec.gp.GPIndividual@314662281{1184441244},3C_20_66-03.txt,118.340,0.500,59.170,5,3.031,5.12,0.606,1.547,0.125
0,ec.gp.GPIndividual@314662281{1184441244},3C_20_80-01.txt,4.194,0.500,2.097,2,0.641,30.55,0.320,1.547,0.125
0,ec.gp.GPIndividual@314662281{1184441244},3C_20_80-02.txt,35.738,0.500,17.869,2,0.891,4.98,0.445,1.547,0.125
0,ec.gp.GPIndividual@314662281{1184441244},3C_20_80-03.txt,169.439,0.500,84.719,6,3.250,3.84,0.542,1.547,0.125
0,ec.gp.GPIndividual@385800969{-133278231},3C_20_50-02.txt,61.404,0.500,30.702,0,0.000,0.00,0.000,0.000,0.000
0,ec.gp.GPIndividual@385800969{-133278231},3C_20_50-03.txt,30.993,0.500,15.496,0,0.000,0.00,0.000,0.000,0.000
0,ec.gp.GPIndividual@385800969{-133278231},3C_20_66-01.txt,7.322,0.500,3.661,0,0.000,0.00,0.000,0.000,0.000
0,ec.gp.GPIndividual@385800969{-133278231},3C_20_66-02.txt,154.245,0.500,77.122,0,0.000,0.00,0.000,0.000,0.000
0,ec.gp.GPIndividual@385800969{-133278231},3C_20_66-03.txt,118.340,0.500,59.170,0,0.000,0.00,0.000,0.000,0.000
0,ec.gp.GPIndividual@385800969{-133278231},3C_20_80-01.txt,4.194,0.500,2.097,0,0.000,0.00,0.000,0.000,0.000
0,ec.gp.GPIndividual@385800969{-133278231},3C_20_80-02.txt,35.738,0.500,17.869,0,0.000,0.00,0.000,0.000,0.000
0,ec.gp.GPIndividual@385800969{-133278231},3C_20_80-03.txt,169.439,0.500,84.719,0,0.000,0.00,0.000,0.000,0.000
0,ec.gp.GPIndividual@1409046450{-1657417936},3C_20_50-02.txt,61.404,0.500,30.702,0,0.000,0.00,0.000,0.000,0.000
0,ec.gp.GPIndividual@1409046450{-1657417936},3C_20_50-03.txt,30.993,0.500,15.496,0,0.000,0.00,0.000,0.000,0.000
0,ec.gp.GPIndividual@1409046450{-1657417936},3C_20_66-01.txt,7.322,0.500,3.661,0,0.000,0.00,0.000,0.000,0.000
0,ec.gp.GPIndividual@1409046450{-1657417936},3C_20_66-02.txt,154.245,0.500,77.122,0,0.000,0.00,0.000,0.000,0.000
0,ec.gp.GPIndividual@1409046450{-1657417936},3C_20_66-03.txt,118.340,0.500,59.170,0,0.000,0.00,0.000,0.000,0.000
0,ec.gp.GPIndividual@1409046450{-1657417936},3C_20_80-01.txt,4.194,0.500,2.097,0,0.000,0.00,0.000,0.000,0.000
0,ec.gp.GPIndividual@1409046450{-1657417936},3C_20_80-02.txt,35.738,0.500,17.869,0,0.000,0.00,0.000,0.000,0.000
0,ec.gp.GPIndividual@1409046450{-1657417936},3C_20_80-03.txt,169.439,0.500,84.719,0,0.000,0.00,0.000,0.000,0.000
0,ec.gp.GPIndividual@2060493004{-1664571438},3C_20_50-02.txt,61.404,0.500,30.702,1,0.141,0.46,0.141,0.141,0.141
0,ec.gp.GPIndividual@2060493004{-1664571438},3C_20_50-03.txt,30.993,0.500,15.496,4,2.125,13.71,0.531,1.094,0.141
0,ec.gp.GPIndividual@2060493004{-1664571438},3C_20_66-01.txt,7.322,0.500,3.661,2,0.563,15.36,0.281,1.094,0.141
0,ec.gp.GPIndividual@2060493004{-1664571438},3C_20_66-02.txt,154.245,0.500,77.122,1,0.328,0.43,0.328,1.094,0.141
0,ec.gp.GPIndividual@2060493004{-1664571438},3C_20_80-02.txt,35.738,0.500,17.869,1,0.625,3.50,0.625,1.094,0.141
0,ec.gp.GPIndividual@2060493004{-1664571438},3C_20_66-03.txt,118.340,0.500,59.170,3,1.344,2.27,0.448,1.094,0.141
0,ec.gp.GPIndividual@2060493004{-1664571438},3C_20_80-03.txt,169.439,0.500,84.719,1,1.625,1.92,1.625,1.625,0.141
0,ec.gp.GPIndividual@2060493004{-1664571438},3C_20_80-01.txt,4.194,0.500,2.097,1,0.375,17.88,0.375,1.625,0.141
0,ec.gp.GPIndividual@2060493004{-1664571438},3C_20_80-02.txt,35.738,0.500,17.869,2,2.156,12.07,1.078,1.625,0.141
0,ec.gp.GPIndividual@2060493004{-1664571438},3C_20_80-03.txt,169.439,0.500,84.719,2,2.844,3.36,1.422,1.625,0.141
0,ec.gp.GPIndividual@1659209482{917948461},3C_20_50-02.txt,61.404,0.500,30.702,0,0.000,0.00,0.000,0.000,0.000
0,ec.gp.GPIndividual@1659209482{917948461},3C_20_50-03.txt,30.993,0.500,15.496,0,0.000,0.00,0.000,0.000,0.000
0,ec.gp.GPIndividual@1659209482{917948461},3C_20_66-01.txt,7.322,0.500,3.661,0,0.000,0.00,0.000,0.000,0.000
0,ec.gp.GPIndividual@1659209482{917948461},3C_20_66-02.txt,154.245,0.500,77.122,0,0.000,0.00,0.000,0.000,0.000
0,ec.gp.GPIndividual@1659209482{917948461},3C_20_66-03.txt,118.340,0.500,59.170,0,0.000,0.00,0.000,0.000,0.000
0,ec.gp.GPIndividual@1659209482{917948461},3C_20_80-01.txt,4.194,0.500,2.097,0,0.000,0.00,0.000,0.000,0.000
0,ec.gp.GPIndividual@1659209482{917948461},3C_20_80-02.txt,35.738,0.500,17.869,0,0.000,0.00,0.000,0.000,0.000
0,ec.gp.GPIndividual@1659209482{917948461},3C_20_80-03.txt,169.439,0.500,84.719,0,0.000,0.00,0.000,0.000,0.000
0,ec.gp.GPIndividual@35860172{1325865318},3C_20_50-02.txt,61.404,0.500,30.702,0,0.000,0.00,0.000,0.000,0.000
0,ec.gp.GPIndividual@35860172{1325865318},3C_20_50-03.txt,30.993,0.500,15.496,0,0.000,0.00,0.000,0.000,0.000
0,ec.gp.GPIndividual@35860172{1325865318},3C_20_66-01.txt,7.322,0.500,3.661,0,0.000,0.00,0.000,0.000,0.000
0,ec.gp.GPIndividual@35860172{1325865318},3C_20_66-02.txt,154.245,0.500,77.122,0,0.000,0.00,0.000,0.000,0.000
0,ec.gp.GPIndividual@35860172{1325865318},3C_20_66-03.txt,118.340,0.500,59.170,0,0.000,0.00,0.000,0.000,0.000
0,ec.gp.GPIndividual@35860172{1325865318},3C_20_80-01.txt,4.194,0.500,2.097,0,0.000,0.00,0.000,0.000,0.000
0,ec.gp.GPIndividual@35860172{1325865318},3C_20_80-02.txt,35.738,0.500,17.869,0,0.000,0.00,0.000,0.000,0.000
0,ec.gp.GPIndividual@35860172{1325865318},3C_20_80-03.txt,169.439,0.500,84.719,0,0.000,0.00,0.000,0.000,0.000
0,ec.gp.GPIndividual@869509373{-1901889530},3C_20_50-02.txt,61.404,0.500,30.702,2,0.219,0.71,0.109,0.109,0.109
0,ec.gp.GPIndividual@869509373{-1901889530},3C_20_50-03.txt,30.993,0.500,15.496,4,4.313,27.83,1.078,1.203,0.109
0,ec.gp.GPIndividual@869509373{-1901889530},3C_20_66-01.txt,7.322,0.500,3.661,2,0.563,15.36,0.281,1.203,0.109
0,ec.gp.GPIndividual@869509373{-1901889530},3C_20_66-02.txt,154.245,0.500,77.122,3,1.438,1.86,0.479,1.203,0.109
0,ec.gp.GPIndividual@869509373{-1901889530},3C_20_66-03.txt,118.340,0.500,59.170,4,9.438,15.95,2.359,5.750,0.109
0,ec.gp.GPIndividual@869509373{-1901889530},3C_20_80-01.txt,4.194,0.500,2.097,2,0.703,33.53,0.352,5.750,0.109
0,ec.gp.GPIndividual@869509373{-1901889530},3C_20_80-02.txt,35.738,0.500,17.869,6,8.641,48.36,1.440,6.219,0.109
0,ec.gp.GPIndividual@869509373{-1901889530},3C_20_80-03.txt,169.439,0.500,84.719,2,2.906,3.43,1.453,6.219,0.109
0,ec.gp.GPIndividual@553784133{753425794},3C_20_50-02.txt,61.404,0.500,30.702,0,0.000,0.00,0.000,0.000,0.000
0,ec.gp.GPIndividual@553784133{753425794},3C_20_50-03.txt,30.993,0.500,15.496,0,0.000,0.00,0.000,0.000,0.000
0,ec.gp.GPIndividual@553784133{753425794},3C_20_66-01.txt,7.322,0.500,3.661,0,0.000,0.00,0.000,0.000,0.000
0,ec.gp.GPIndividual@553784133{753425794},3C_20_66-02.txt,154.245,0.500,77.122,0,0.000,0.00,0.000,0.000,0.000
0,ec.gp.GPIndividual@553784133{753425794},3C_20_66-03.txt,118.340,0.500,59.170,0,0.000,0.00,0.000,0.000,0.000
0,ec.gp.GPIndividual@553784133{753425794},3C_20_80-01.txt,4.194,0.500,2.097,0,0.000,0.00,0.000,0.000,0.000
0,ec.gp.GPIndividual@553784133{753425794},3C_20_80-02.txt,35.738,0.500,17.869,0,0.000,0.00,0.000,0.000,0.000
0,ec.gp.GPIndividual@553784133{753425794},3C_20_80-03.txt,169.439,0.500,84.719,0,0.000,0.00,0.000,0.000,0.000
0,ec.gp.GPIndividual@1677756673{780900968},3C_20_50-02.txt,61.404,0.500,30.702,1,0.031,0.10,0.031,0.031,0.031
0,ec.gp.GPIndividual@1677756673{780900968},3C_20_50-03.txt,30.993,0.500,15.496,1,0.547,3.53,0.547,0.547,0.031
0,ec.gp.GPIndividual@1677756673{780900968},3C_20_66-01.txt,7.322,0.500,3.661,1,0.125,3.41,0.125,0.547,0.031
0,ec.gp.GPIndividual@1677756673{780900968},3C_20_66-02.txt,154.245,0.500,77.122,1,0.313,0.41,0.313,0.547,0.031
0,ec.gp.GPIndividual@1677756673{780900968},3C_20_66-03.txt,118.340,0.500,59.170,1,0.781,1.32,0.781,0.781,0.031
0,ec.gp.GPIndividual@1677756673{780900968},3C_20_80-01.txt,4.194,0.500,2.097,1,0.172,8.20,0.172,0.781,0.031
0,ec.gp.GPIndividual@1677756673{780900968},3C_20_80-02.txt,35.738,0.500,17.869,1,0.266,1.49,0.266,0.781,0.031
0,ec.gp.GPIndividual@1677756673{780900968},3C_20_80-03.txt,169.439,0.500,84.719,1,0.781,0.92,0.781,0.781,0.031
0,ec.gp.GPIndividual@482573924{-1275158698},3C_20_50-02.txt,61.404,0.500,30.702,1,0.000,0.00,0.000,0.000,0.000
0,ec.gp.GPIndividual@482573924{-1275158698},3C_20_50-03.txt,30.993,0.500,15.496,1,0.000,0.00,0.000,0.000,0.000
0,ec.gp.GPIndividual@482573924{-1275158698},3C_20_66-01.txt,7.322,0.500,3.661,1,0.000,0.00,0.000,0.000,0.000
0,ec.gp.GPIndividual@482573924{-1275158698},3C_20_66-02.txt,154.245,0.500,77.122,1,0.000,0.00,0.000,0.000,0.000
0,ec.gp.GPIndividual@482573924{-1275158698},3C_20_66-03.txt,118.340,0.500,59.170,1,0.000,0.00,0.000,0.000,0.000
0,ec.gp.GPIndividual@482573924{-1275158698},3C_20_80-01.txt,4.194,0.500,2.097,1,0.000,0.00,0.000,0.000,0.000
0,ec.gp.GPIndividual@482573924{-1275158698},3C_20_80-02.txt,35.738,0.500,17.869,1,0.000,0.00,0.000,0.000,0.000
0,ec.gp.GPIndividual@482573924{-1275158698},3C_20_80-03.txt,169.439,0.500,84.719,1,0.000,0.00,0.000,0.000,0.000
0,ec.gp.GPIndividual@1437469333{-542806796},3C_20_50-02.txt,61.404,0.500,30.702,0,0.000,0.00,0.000,0.000,0.000
0,ec.gp.GPIndividual@1437469333{-542806796},3C_20_50-03.txt,30.993,0.500,15.496,0,0.000,0.00,0.000,0.000,0.000
0,ec.gp.GPIndividual@1437469333{-542806796},3C_20_66-01.txt,7.322,0.500,3.661,0,0.000,0.00,0.000,0.000,0.000
0,ec.gp.GPIndividual@1437469333{-542806796},3C_20_66-02.txt,154.245,0.500,77.122,0,0.000,0.00,0.000,0.000,0.000
0,ec.gp.GPIndividual@1437469333{-542806796},3C_20_66-03.txt,118.340,0.500,59.170,0,0.000,0.00,0.000,0.000,0.000
0,ec.gp.GPIndividual@1437469333{-542806796},3C_20_80-01.txt,4.194,0.500,2.097,0,0.000,0.00,0.000,0.000,0.000
0,ec.gp.GPIndividual@1437469333{-542806796},3C_20_80-02.txt,35.738,0.500,17.869,0,0.000,0.00,0.000,0.000,0.000
0,ec.gp.GPIndividual@1437469333{-542806796},3C_20_80-03.txt,169.439,0.500,84.719,0,0.000,0.00,0.000,0.000,0.000
0,ec.gp.GPIndividual@1686610782{-1505683555},3C_20_50-02.txt,61.404,0.500,30.702,0,0.000,0.00,0.000,0.000,0.000
0,ec.gp.GPIndividual@1686610782{-1505683555},3C_20_50-03.txt,30.993,0.500,15.496,0,0.000,0.00,0.000,0.000,0.000
0,ec.gp.GPIndividual@1686610782{-1505683555},3C_20_66-01.txt,7.322,0.500,3.661,0,0.000,0.00,0.000,0.000,0.000
0,ec.gp.GPIndividual@1686610782{-1505683555},3C_20_66-02.txt,154.245,0.500,77.122,0,0.000,0.00,0.000,0.000,0.000
0,ec.gp.GPIndividual@1686610782{-1505683555},3C_20_66-03.txt,118.340,0.500,59.170,0,0.000,0.00,0.000,0.000,0.000
0,ec.gp.GPIndividual@1686610782{-1505683555},3C_20_80-01.txt,4.194,0.500,2.097,0,0.000,0.00,0.000,0.000,0.000
0,ec.gp.GPIndividual@1686610782{-1505683555},3C_20_80-02.txt,35.738,0.500,17.869,0,0.000,0.00,0.000,0.000,0.000
0,ec.gp.GPIndividual@1686610782{-1505683555},3C_20_80-03.txt,169.439,0.500,84.719,0,0.000,0.00,0.000,0.000,0.000
0,ec.gp.GPIndividual@70219342{-1224330817},3C_20_50-02.txt,61.404,0.500,30.702,0,0.000,0.00,0.000,0.000,0.000
0,ec.gp.GPIndividual@70219342{-1224330817},3C_20_50-03.txt,30.993,0.500,15.496,0,0.000,0.00,0.000,0.000,0.000
0,ec.gp.GPIndividual@70219342{-1224330817},3C_20_66-01.txt,7.322,0.500,3.661,0,0.000,0.00,0.000,0.000,0.000
0,ec.gp.GPIndividual@70219342{-1224330817},3C_20_66-02.txt,154.245,0.500,77.122,0,0.000,0.00,0.000,0.000,0.000
0,ec.gp.GPIndividual@70219342{-1224330817},3C_20_66-03.txt,118.340,0.500,59.170,0,0.000,0.00,0.000,0.000,0.000
0,ec.gp.GPIndividual@70219342{-1224330817},3C_20_80-01.txt,4.194,0.500,2.097,0,0.000,0.00,0.000,0.000,0.000
0,ec.gp.GPIndividual@70219342{-1224330817},3C_20_80-02.txt,35.738,0.500,17.869,0,0.000,0.00,0.000,0.000,0.000
0,ec.gp.GPIndividual@70219342{-1224330817},3C_20_80-03.txt,169.439,0.500,84.719,0,0.000,0.00,0.000,0.000,0.000
1,ec.gp.GPIndividual@644091309{-1255409656},null,0.000,0.500,0.000,0,0.000,0.00,0.000,0.000,0.000
1,ec.gp.GPIndividual@644091309{-1255409656},3C_20_50-02.txt,61.404,0.500,30.702,0,0.000,0.00,0.000,0.000,0.000
1,ec.gp.GPIndividual@644091309{-1255409656},3C_20_50-02.txt,61.404,0.500,30.702,0,0.000,0.00,0.000,0.000,0.000
1,ec.gp.GPIndividual@644091309{-1255409656},3C_20_50-03.txt,30.993,0.500,15.496,0,0.000,0.00,0.000,0.000,0.000
1,ec.gp.GPIndividual@644091309{-1255409656},3C_20_50-03.txt,30.993,0.500,15.496,0,0.000,0.00,0.000,0.000,0.000
1,ec.gp.GPIndividual@644091309{-1255409656},3C_20_50-03.txt,30.993,0.500,15.496,0,0.000,0.00,0.000,0.000,0.000
1,ec.gp.GPIndividual@644091309{-1255409656},3C_20_50-03.txt,30.993,0.500,15.496,1,0.000,0.00,0.000,0.000,0.000
1,ec.gp.GPIndividual@644091309{-1255409656},3C_20_66-02.txt,154.245,0.500,77.122,0,0.000,0.00,0.000,0.000,0.000
1,ec.gp.GPIndividual@644091309{-1255409656},3C_20_66-02.txt,154.245,0.500,77.122,0,0.000,0.00,0.000,0.000,0.000
1,ec.gp.GPIndividual@644091309{-1255409656},3C_20_66-03.txt,118.340,0.500,59.170,0,0.000,0.00,0.000,0.000,0.000
1,ec.gp.GPIndividual@644091309{-1255409656},3C_20_66-03.txt,118.340,0.500,59.170,0,0.000,0.00,0.000,0.000,0.000
1,ec.gp.GPIndividual@644091309{-1255409656},3C_20_80-01.txt,4.194,0.500,2.097,0,0.000,0.00,0.000,0.000,0.000
1,ec.gp.GPIndividual@644091309{-1255409656},3C_20_80-01.txt,4.194,0.500,2.097,0,0.000,0.00,0.000,0.000,0.000
1,ec.gp.GPIndividual@644091309{-1255409656},3C_20_66-02.txt,154.245,0.500,77.122,0,0.000,0.00,0.000,0.000,0.000
1,ec.gp.GPIndividual@644091309{-1255409656},3C_20_66-02.txt,154.245,0.500,77.122,1,0.000,0.00,0.000,0.000,0.000
1,ec.gp.GPIndividual@644091309{-1255409656},3C_20_80-03.txt,169.439,0.500,84.719,0,0.000,0.00,0.000,0.000,0.000
1,ec.gp.GPIndividual@644091309{-1255409656},3C_20_80-03.txt,169.439,0.500,84.719,0,0.000,0.00,0.000,0.000,0.000
1,ec.gp.GPIndividual@650592421{850616218},3C_20_50-02.txt,61.404,0.500,30.702,0,0.000,0.00,0.000,0.000,0.000
1,ec.gp.GPIndividual@650592421{850616218},3C_20_66-03.txt,118.340,0.500,59.170,1,0.000,0.00,0.000,0.000,0.000
1,ec.gp.GPIndividual@650592421{850616218},3C_20_66-03.txt,118.340,0.500,59.170,0,0.000,0.00,0.000,0.000,0.000
1,ec.gp.GPIndividual@650592421{850616218},3C_20_80-01.txt,4.194,0.500,2.097,1,0.000,0.00,0.000,0.000,0.000
1,ec.gp.GPIndividual@650592421{850616218},3C_20_66-01.txt,7.322,0.500,3.661,0,0.000,0.00,0.000,0.000,0.000
1,ec.gp.GPIndividual@650592421{850616218},3C_20_66-01.txt,7.322,0.500,3.661,0,0.000,0.00,0.000,0.000,0.000
1,ec.gp.GPIndividual@650592421{850616218},3C_20_80-02.txt,35.738,0.500,17.869,1,0.000,0.00,0.000,0.000,0.000
1,ec.gp.GPIndividual@650592421{850616218},3C_20_80-02.txt,35.738,0.500,17.869,1,0.000,0.00,0.000,0.000,0.000
1,ec.gp.GPIndividual@650592421{850616218},3C_20_80-03.txt,169.439,0.500,84.719,1,0.000,0.00,0.000,0.000,0.000
1,ec.gp.GPIndividual@650592421{850616218},3C_20_66-03.txt,118.340,0.500,59.170,0,0.000,0.00,0.000,0.000,0.000
1,ec.gp.GPIndividual@14499361{1896293565},3C_20_50-02.txt,61.404,0.500,30.702,0,0.000,0.00,0.000,0.000,0.000
1,ec.gp.GPIndividual@14499361{1896293565},3C_20_66-03.txt,118.340,0.500,59.170,0,0.000,0.00,0.000,0.000,0.000
1,ec.gp.GPIndividual@14499361{1896293565},3C_20_66-03.txt,118.340,0.500,59.170,0,0.000,0.00,0.000,0.000,0.000
1,ec.gp.GPIndividual@14499361{1896293565},3C_20_80-02.txt,35.738,0.500,17.869,0,0.000,0.00,0.000,0.000,0.000
1,ec.gp.GPIndividual@14499361{1896293565},3C_20_80-01.txt,4.194,0.500,2.097,0,0.000,0.00,0.000,0.000,0.000
1,ec.gp.GPIndividual@14499361{1896293565},3C_20_80-02.txt,35.738,0.500,17.869,0,0.000,0.00,0.000,0.000,0.000
1,ec.gp.GPIndividual@14499361{1896293565},3C_20_80-02.txt,35.738,0.500,17.869,0,0.000,0.00,0.000,0.000,0.000
1,ec.gp.GPIndividual@14499361{1896293565},3C_20_80-03.txt,169.439,0.500,84.719,0,0.000,0.00,0.000,0.000,0.000
1,ec.gp.GPIndividual@14499361{1896293565},3C_20_80-02.txt,35.738,0.500,17.869,0,0.000,0.00,0.000,0.000,0.000
1,ec.gp.GPIndividual@1170917850{1801589874},3C_20_50-02.txt,61.404,0.500,30.702,0,0.000,0.00,0.000,0.000,0.000
1,ec.gp.GPIndividual@1170917850{1801589874},3C_20_50-03.txt,30.993,0.500,15.496,0,0.000,0.00,0.000,0.000,0.000
1,ec.gp.GPIndividual@1170917850{1801589874},3C_20_80-03.txt,169.439,0.500,84.719,0,0.000,0.00,0.000,0.000,0.000
1,ec.gp.GPIndividual@1170917850{1801589874},3C_20_66-01.txt,7.322,0.500,3.661,0,0.000,0.00,0.000,0.000,0.000
1,ec.gp.GPIndividual@1170917850{1801589874},3C_20_66-02.txt,154.245,0.500,77.122,0,0.000,0.00,0.000,0.000,0.000
1,ec.gp.GPIndividual@1170917850{1801589874},3C_20_66-03.txt,118.340,0.500,59.170,0,0.000,0.00,0.000,0.000,0.000
1,ec.gp.GPIndividual@40483801{-1435932195},3C_20_50-02.txt,61.404,0.500,30.702,0,0.000,0.00,0.000,0.000,0.000
1,ec.gp.GPIndividual@40483801{-1435932195},3C_20_80-02.txt,35.738,0.500,17.869,0,0.000,0.00,0.000,0.000,0.000
1,ec.gp.GPIndividual@40483801{-1435932195},3C_20_80-03.txt,169.439,0.500,84.719,0,0.000,0.00,0.000,0.000,0.000
1,ec.gp.GPIndividual@1440096191{378195736},3C_20_50-02.txt,61.404,0.500,30.702,1,0.000,0.00,0.000,0.000,0.000
1,ec.gp.GPIndividual@1440096191{378195736},3C_20_50-03.txt,30.993,0.500,15.496,1,0.000,0.00,0.000,0.000,0.000
1,ec.gp.GPIndividual@1440096191{378195736},3C_20_66-01.txt,7.322,0.500,3.661,1,0.000,0.00,0.000,0.000,0.000
1,ec.gp.GPIndividual@1440096191{378195736},3C_20_66-02.txt,154.245,0.500,77.122,1,0.000,0.00,0.000,0.000,0.000
1,ec.gp.GPIndividual@1440096191{378195736},3C_20_66-03.txt,118.340,0.500,59.170,1,0.000,0.00,0.000,0.000,0.000
1,ec.gp.GPIndividual@1440096191{378195736},3C_20_80-01.txt,4.194,0.500,2.097,1,0.000,0.00,0.000,0.000,0.000
1,ec.gp.GPIndividual@1440096191{378195736},3C_20_80-02.txt,35.738,0.500,17.869,1,0.000,0.00,0.000,0.000,0.000
1,ec.gp.GPIndividual@1440096191{378195736},3C_20_80-03.txt,169.439,0.500,84.719,1,0.000,0.00,0.000,0.000,0.000
1,ec.gp.GPIndividual@353407737{1301556950},3C_20_50-02.txt,61.404,0.500,30.702,0,0.000,0.00,0.000,0.000,0.000
1,ec.gp.GPIndividual@353407737{1301556950},3C_20_50-03.txt,30.993,0.500,15.496,0,0.000,0.00,0.000,0.000,0.000
1,ec.gp.GPIndividual@353407737{1301556950},3C_20_66-01.txt,7.322,0.500,3.661,0,0.000,0.00,0.000,0.000,0.000
1,ec.gp.GPIndividual@353407737{1301556950},3C_20_66-02.txt,154.245,0.500,77.122,0,0.000,0.00,0.000,0.000,0.000
1,ec.gp.GPIndividual@353407737{1301556950},3C_20_66-03.txt,118.340,0.500,59.170,0,0.000,0.00,0.000,0.000,0.000
1,ec.gp.GPIndividual@353407737{1301556950},3C_20_80-01.txt,4.194,0.500,2.097,0,0.000,0.00,0.000,0.000,0.000
1,ec.gp.GPIndividual@353407737{1301556950},3C_20_80-02.txt,35.738,0.500,17.869,0,0.000,0.00,0.000,0.000,0.000
1,ec.gp.GPIndividual@353407737{1301556950},3C_20_80-03.txt,169.439,0.500,84.719,0,0.000,0.00,0.000,0.000,0.000
1,ec.gp.GPIndividual@1471731458{1295570354},3C_20_50-02.txt,61.404,0.500,30.702,1,0.000,0.00,0.000,0.000,0.000
1,ec.gp.GPIndividual@1471731458{1295570354},3C_20_50-03.txt,30.993,0.500,15.496,1,0.000,0.00,0.000,0.000,0.000
1,ec.gp.GPIndividual@1471731458{1295570354},3C_20_66-01.txt,7.322,0.500,3.661,1,0.000,0.00,0.000,0.000,0.000
1,ec.gp.GPIndividual@1471731458{1295570354},3C_20_66-02.txt,154.245,0.500,77.122,1,0.000,0.00,0.000,0.000,0.000
1,ec.gp.GPIndividual@1471731458{1295570354},3C_20_66-03.txt,118.340,0.500,59.170,1,0.000,0.00,0.000,0.000,0.000
1,ec.gp.GPIndividual@1471731458{1295570354},3C_20_80-01.txt,4.194,0.500,2.097,1,0.000,0.00,0.000,0.000,0.000
1,ec.gp.GPIndividual@1471731458{1295570354},3C_20_80-02.txt,35.738,0.500,17.869,1,0.000,0.00,0.000,0.000,0.000
1,ec.gp.GPIndividual@1471731458{1295570354},3C_20_80-03.txt,169.439,0.500,84.719,1,0.000,0.00,0.000,0.000,0.000
1,ec.gp.GPIndividual@936887976{-1748580115},3C_20_50-02.txt,61.404,0.500,30.702,1,0.281,0.92,0.281,0.281,0.281
1,ec.gp.GPIndividual@936887976{-1748580115},3C_20_50-03.txt,30.993,0.500,15.496,1,3.094,19.96,3.094,3.094,0.281
1,ec.gp.GPIndividual@936887976{-1748580115},3C_20_80-01.txt,4.194,0.500,2.097,3,2.219,105.79,0.740,3.094,0.141
1,ec.gp.GPIndividual@936887976{-1748580115},3C_20_66-03.txt,118.340,0.500,59.170,1,0.984,1.66,0.984,3.094,0.141
1,ec.gp.GPIndividual@936887976{-1748580115},3C_20_80-02.txt,35.738,0.500,17.869,1,4.500,25.18,4.500,4.500,0.141
1,ec.gp.GPIndividual@6360776{877315655},3C_20_50-02.txt,61.404,0.500,30.702,0,0.000,0.00,0.000,0.000,0.000
1,ec.gp.GPIndividual@6360776{877315655},3C_20_50-03.txt,30.993,0.500,15.496,0,0.000,0.00,0.000,0.000,0.000
1,ec.gp.GPIndividual@6360776{877315655},3C_20_66-01.txt,7.322,0.500,3.661,0,0.000,0.00,0.000,0.000,0.000
1,ec.gp.GPIndividual@6360776{877315655},3C_20_66-02.txt,154.245,0.500,77.122,1,4.484,5.81,4.484,4.484,4.484
1,ec.gp.GPIndividual@422027286{-34596033},3C_20_50-02.txt,61.404,0.500,30.702,0,0.000,0.00,0.000,0.000,0.000
1,ec.gp.GPIndividual@422027286{-34596033},3C_20_50-03.txt,30.993,0.500,15.496,0,0.000,0.00,0.000,0.000,0.000
1,ec.gp.GPIndividual@422027286{-34596033},3C_20_66-01.txt,7.322,0.500,3.661,0,0.000,0.00,0.000,0.000,0.000
1,ec.gp.GPIndividual@422027286{-34596033},3C_20_66-02.txt,154.245,0.500,77.122,0,0.000,0.00,0.000,0.000,0.000
1,ec.gp.GPIndividual@422027286{-34596033},3C_20_66-03.txt,118.340,0.500,59.170,0,0.000,0.00,0.000,0.000,0.000
1,ec.gp.GPIndividual@422027286{-34596033},3C_20_80-01.txt,4.194,0.500,2.097,0,0.000,0.00,0.000,0.000,0.000
1,ec.gp.GPIndividual@422027286{-34596033},3C_20_80-02.txt,35.738,0.500,17.869,0,0.000,0.00,0.000,0.000,0.000
1,ec.gp.GPIndividual@422027286{-34596033},3C_20_80-03.txt,169.439,0.500,84.719,0,0.000,0.00,0.000,0.000,0.000
1,ec.gp.GPIndividual@933066639{737877095},3C_20_50-02.txt,61.404,0.500,30.702,0,0.000,0.00,0.000,0.000,0.000
1,ec.gp.GPIndividual@933066639{737877095},3C_20_66-03.txt,118.340,0.500,59.170,0,0.000,0.00,0.000,0.000,0.000
1,ec.gp.GPIndividual@933066639{737877095},3C_20_80-01.txt,4.194,0.500,2.097,1,3.141,149.75,3.141,3.141,3.141
1,ec.gp.GPIndividual@933066639{737877095},3C_20_66-01.txt,7.322,0.500,3.661,0,0.000,0.00,0.000,3.141,3.141
1,ec.gp.GPIndividual@933066639{737877095},3C_20_80-02.txt,35.738,0.500,17.869,1,0.375,2.10,0.375,3.141,0.375
1,ec.gp.GPIndividual@933066639{737877095},3C_20_80-03.txt,169.439,0.500,84.719,0,0.000,0.00,0.000,3.141,0.375
1,ec.gp.GPIndividual@1132286373{45475143},3C_20_50-02.txt,61.404,0.500,30.702,2,1.672,5.45,0.836,1.438,0.234
1,ec.gp.GPIndividual@1132286373{45475143},3C_20_80-03.txt,169.439,0.500,84.719,2,0.813,0.96,0.406,1.438,0.234
1,ec.gp.GPIndividual@1132286373{45475143},3C_20_66-02.txt,154.245,0.500,77.122,1,0.234,0.30,0.234,1.438,0.234
1,ec.gp.GPIndividual@1132286373{45475143},3C_20_50-03.txt,30.993,0.500,15.496,3,1.766,11.39,0.589,1.438,0.234
1,ec.gp.GPIndividual@1132286373{45475143},3C_20_50-03.txt,30.993,0.500,15.496,1,2.047,13.21,2.047,2.047,0.234
1,ec.gp.GPIndividual@1132286373{45475143},3C_20_66-03.txt,118.340,0.500,59.170,7,26.219,44.31,3.746,4.719,0.234
1,ec.gp.GPIndividual@1132286373{45475143},3C_20_80-01.txt,4.194,0.500,2.097,1,0.906,43.21,0.906,4.719,0.234
1,ec.gp.GPIndividual@1132286373{45475143},3C_20_80-02.txt,35.738,0.500,17.869,1,3.656,20.46,3.656,4.719,0.234
1,ec.gp.GPIndividual@804512317{114720196},3C_20_50-02.txt,61.404,0.500,30.702,2,3.125,10.18,1.563,2.719,0.406
1,ec.gp.GPIndividual@804512317{114720196},3C_20_50-03.txt,30.993,0.500,15.496,2,4.250,27.43,2.125,2.719,0.406
1,ec.gp.GPIndividual@804512317{114720196},3C_20_80-03.txt,169.439,0.500,84.719,4,13.281,15.68,3.320,4.625,0.406
1,ec.gp.GPIndividual@804512317{114720196},3C_20_66-01.txt,7.322,0.500,3.661,1,0.766,20.91,0.766,4.625,0.406
1,ec.gp.GPIndividual@804512317{114720196},3C_20_66-02.txt,154.245,0.500,77.122,2,4.734,6.14,2.367,4.625,0.406
1,ec.gp.GPIndividual@804512317{114720196},3C_20_66-03.txt,118.340,0.500,59.170,1,4.875,8.24,4.875,4.875,0.406
1,ec.gp.GPIndividual@37261147{164291008},3C_20_50-02.txt,61.404,0.500,30.702,1,0.281,0.92,0.281,0.281,0.281
1,ec.gp.GPIndividual@37261147{164291008},3C_20_50-03.txt,30.993,0.500,15.496,2,10.891,70.28,5.445,5.922,0.281
1,ec.gp.GPIndividual@37261147{164291008},3C_20_66-01.txt,7.322,0.500,3.661,3,7.859,214.67,2.620,5.922,0.281
1,ec.gp.GPIndividual@37261147{164291008},3C_20_66-01.txt,7.322,0.500,3.661,1,4.750,129.74,4.750,5.922,0.281
1,ec.gp.GPIndividual@37261147{164291008},3C_20_80-01.txt,4.194,0.500,2.097,2,1.578,75.25,0.789,5.922,0.281
1,ec.gp.GPIndividual@37261147{164291008},3C_20_66-02.txt,154.245,0.500,77.122,2,6.734,8.73,3.367,5.922,0.281
1,ec.gp.GPIndividual@37261147{164291008},3C_20_80-02.txt,35.738,0.500,17.869,1,0.828,4.63,0.828,5.922,0.281
1,ec.gp.GPIndividual@37261147{164291008},3C_20_66-02.txt,154.245,0.500,77.122,2,3.438,4.46,1.719,5.922,0.281
1,ec.gp.GPIndividual@37261147{164291008},3C_20_66-03.txt,118.340,0.500,59.170,1,1.484,2.51,1.484,5.922,0.281
1,ec.gp.GPIndividual@37261147{164291008},3C_20_80-03.txt,169.439,0.500,84.719,6,15.500,18.30,2.583,5.922,0.281
1,ec.gp.GPIndividual@37261147{164291008},3C_20_80-01.txt,4.194,0.500,2.097,1,4.828,230.21,4.828,5.922,0.281
1,ec.gp.GPIndividual@1850433838{2025561147},3C_20_50-02.txt,61.404,0.500,30.702,1,1.188,3.87,1.188,1.188,1.188
1,ec.gp.GPIndividual@1850433838{2025561147},3C_20_66-03.txt,118.340,0.500,59.170,2,1.234,2.09,0.617,1.188,0.266
1,ec.gp.GPIndividual@1850433838{2025561147},3C_20_80-02.txt,35.738,0.500,17.869,1,0.281,1.57,0.281,1.188,0.266
1,ec.gp.GPIndividual@1850433838{2025561147},3C_20_50-03.txt,30.993,0.500,15.496,2,5.219,33.68,2.609,3.391,0.266
1,ec.gp.GPIndividual@1850433838{2025561147},3C_20_80-03.txt,169.439,0.500,84.719,5,21.016,24.81,4.203,5.125,0.266
1,ec.gp.GPIndividual@1886939948{1091875691},3C_20_50-02.txt,61.404,0.500,30.702,0,0.000,0.00,0.000,0.000,0.000
1,ec.gp.GPIndividual@1886939948{1091875691},3C_20_50-03.txt,30.993,0.500,15.496,0,0.000,0.00,0.000,0.000,0.000
1,ec.gp.GPIndividual@1886939948{1091875691},3C_20_66-01.txt,7.322,0.500,3.661,0,0.000,0.00,0.000,0.000,0.000
1,ec.gp.GPIndividual@1886939948{1091875691},3C_20_66-02.txt,154.245,0.500,77.122,0,0.000,0.00,0.000,0.000,0.000
1,ec.gp.GPIndividual@1886939948{1091875691},3C_20_66-03.txt,118.340,0.500,59.170,0,0.000,0.00,0.000,0.000,0.000
1,ec.gp.GPIndividual@1886939948{1091875691},3C_20_80-01.txt,4.194,0.500,2.097,0,0.000,0.00,0.000,0.000,0.000
1,ec.gp.GPIndividual@1886939948{1091875691},3C_20_80-02.txt,35.738,0.500,17.869,0,0.000,0.00,0.000,0.000,0.000
1,ec.gp.GPIndividual@1886939948{1091875691},3C_20_80-03.txt,169.439,0.500,84.719,0,0.000,0.00,0.000,0.000,0.000
1,ec.gp.GPIndividual@423456564{1492316968},3C_20_50-02.txt,61.404,0.500,30.702,1,0.297,0.97,0.297,0.297,0.297
1,ec.gp.GPIndividual@423456564{1492316968},3C_20_50-03.txt,30.993,0.500,15.496,2,5.859,37.81,2.930,3.156,0.297
1,ec.gp.GPIndividual@423456564{1492316968},3C_20_66-01.txt,7.322,0.500,3.661,2,1.438,39.26,0.719,3.156,0.297
1,ec.gp.GPIndividual@423456564{1492316968},3C_20_66-02.txt,154.245,0.500,77.122,1,3.703,4.80,3.703,3.703,0.297
1,ec.gp.GPIndividual@423456564{1492316968},3C_20_66-01.txt,7.322,0.500,3.661,1,4.844,132.30,4.844,4.844,0.297
1,ec.gp.GPIndividual@423456564{1492316968},3C_20_80-01.txt,4.194,0.500,2.097,1,0.703,33.53,0.703,4.844,0.297
1,ec.gp.GPIndividual@423456564{1492316968},3C_20_66-02.txt,154.245,0.500,77.122,5,10.203,13.23,2.041,4.844,0.297
1,ec.gp.GPIndividual@423456564{1492316968},3C_20_66-03.txt,118.340,0.500,59.170,2,2.344,3.96,1.172,4.844,0.297
1,ec.gp.GPIndividual@423456564{1492316968},3C_20_80-02.txt,35.738,0.500,17.869,1,1.000,5.60,1.000,4.844,0.297
1,ec.gp.GPIndividual@423456564{1492316968},3C_20_66-03.txt,118.340,0.500,59.170,4,8.375,14.15,2.094,4.844,0.297
1,ec.gp.GPIndividual@423456564{1492316968},3C_20_80-03.txt,169.439,0.500,84.719,1,5.094,6.01,5.094,5.094,0.297
1,ec.gp.GPIndividual@423456564{1492316968},3C_20_80-01.txt,4.194,0.500,2.097,1,0.906,43.21,0.906,5.094,0.297
1,ec.gp.GPIndividual@423456564{1492316968},3C_20_80-02.txt,35.738,0.500,17.869,3,36.438,203.91,12.146,28.547,0.297
1,ec.gp.GPIndividual@423456564{1492316968},3C_20_66-01.txt,7.322,0.500,3.661,1,1.500,40.97,1.500,28.547,0.297
1,ec.gp.GPIndividual@423456564{1492316968},3C_20_80-03.txt,169.439,0.500,84.719,7,15.156,17.89,2.165,28.547,0.297
1,ec.gp.GPIndividual@423456564{1492316968},3C_20_66-02.txt,154.245,0.500,77.122,1,2.859,3.71,2.859,28.547,0.297
1,ec.gp.GPIndividual@423456564{1492316968},3C_20_80-01.txt,4.194,0.500,2.097,1,4.688,223.51,4.688,28.547,0.297
1,ec.gp.GPIndividual@946407806{2029329847},3C_20_50-02.txt,61.404,0.500,30.702,1,0.000,0.00,0.000,0.000,0.000
1,ec.gp.GPIndividual@946407806{2029329847},3C_20_50-03.txt,30.993,0.500,15.496,1,0.000,0.00,0.000,0.000,0.000
1,ec.gp.GPIndividual@946407806{2029329847},3C_20_66-01.txt,7.322,0.500,3.661,1,0.000,0.00,0.000,0.000,0.000
1,ec.gp.GPIndividual@946407806{2029329847},3C_20_66-02.txt,154.245,0.500,77.122,1,0.000,0.00,0.000,0.000,0.000
1,ec.gp.GPIndividual@946407806{2029329847},3C_20_66-03.txt,118.340,0.500,59.170,1,0.000,0.00,0.000,0.000,0.000
1,ec.gp.GPIndividual@946407806{2029329847},3C_20_80-01.txt,4.194,0.500,2.097,1,0.000,0.00,0.000,0.000,0.000
1,ec.gp.GPIndividual@946407806{2029329847},3C_20_80-02.txt,35.738,0.500,17.869,1,0.000,0.00,0.000,0.000,0.000
1,ec.gp.GPIndividual@946407806{2029329847},3C_20_80-03.txt,169.439,0.500,84.719,1,0.000,0.00,0.000,0.000,0.000
1,ec.gp.GPIndividual@417367803{-564950643},3C_20_50-02.txt,61.404,0.500,30.702,3,2.703,8.80,0.901,1.719,0.156
1,ec.gp.GPIndividual@417367803{-564950643},3C_20_50-03.txt,30.993,0.500,15.496,1,0.656,4.23,0.656,1.719,0.156
1,ec.gp.GPIndividual@417367803{-564950643},3C_20_80-02.txt,35.738,0.500,17.869,7,10.297,57.62,1.471,3.797,0.156
1,ec.gp.GPIndividual@417367803{-564950643},3C_20_66-01.txt,7.322,0.500,3.661,2,1.375,37.56,0.688,3.797,0.156
1,ec.gp.GPIndividual@417367803{-564950643},3C_20_66-02.txt,154.245,0.500,77.122,2,1.469,1.90,0.734,3.797,0.156
1,ec.gp.GPIndividual@417367803{-564950643},3C_20_66-03.txt,118.340,0.500,59.170,3,4.594,7.76,1.531,3.797,0.156
1,ec.gp.GPIndividual@417367803{-564950643},3C_20_66-03.txt,118.340,0.500,59.170,4,12.000,20.28,3.000,3.828,0.156
1,ec.gp.GPIndividual@417367803{-564950643},3C_20_80-01.txt,4.194,0.500,2.097,1,0.844,40.23,0.844,3.828,0.156
1,ec.gp.GPIndividual@417367803{-564950643},3C_20_80-02.txt,35.738,0.500,17.869,2,3.484,19.50,1.742,3.828,0.156
1,ec.gp.GPIndividual@417367803{-564950643},3C_20_80-03.txt,169.439,0.500,84.719,4,13.188,15.57,3.297,3.828,0.156
1,ec.gp.GPIndividual@1578968042{-1857465665},3C_20_50-02.txt,61.404,0.500,30.702,0,0.000,0.00,0.000,0.000,0.000
1,ec.gp.GPIndividual@1578968042{-1857465665},3C_20_50-03.txt,30.993,0.500,15.496,0,0.000,0.00,0.000,0.000,0.000
1,ec.gp.GPIndividual@1578968042{-1857465665},3C_20_66-01.txt,7.322,0.500,3.661,0,0.000,0.00,0.000,0.000,0.000
1,ec.gp.GPIndividual@1578968042{-1857465665},3C_20_66-02.txt,154.245,0.500,77.122,0,0.000,0.00,0.000,0.000,0.000
1,ec.gp.GPIndividual@1578968042{-1857465665},3C_20_66-03.txt,118.340,0.500,59.170,0,0.000,0.00,0.000,0.000,0.000
1,ec.gp.GPIndividual@1578968042{-1857465665},3C_20_80-01.txt,4.194,0.500,2.097,0,0.000,0.00,0.000,0.000,0.000
1,ec.gp.GPIndividual@1578968042{-1857465665},3C_20_80-02.txt,35.738,0.500,17.869,0,0.000,0.00,0.000,0.000,0.000
1,ec.gp.GPIndividual@1578968042{-1857465665},3C_20_80-03.txt,169.439,0.500,84.719,0,0.000,0.00,0.000,0.000,0.000
1,ec.gp.GPIndividual@1008496039{2125801845},3C_20_50-02.txt,61.404,0.500,30.702,2,0.203,0.66,0.102,0.203,0.000
1,ec.gp.GPIndividual@1008496039{2125801845},3C_20_50-03.txt,30.993,0.500,15.496,2,2.469,15.93,1.234,2.469,0.000
1,ec.gp.GPIndividual@1008496039{2125801845},3C_20_66-01.txt,7.322,0.500,3.661,2,0.609,16.64,0.305,2.469,0.000
1,ec.gp.GPIndividual@1008496039{2125801845},3C_20_66-02.txt,154.245,0.500,77.122,4,8.781,11.39,2.195,3.797,0.000
1,ec.gp.GPIndividual@1008496039{2125801845},3C_20_66-03.txt,118.340,0.500,59.170,4,9.734,16.45,2.434,3.797,0.000
1,ec.gp.GPIndividual@1008496039{2125801845},3C_20_80-01.txt,4.194,0.500,2.097,2,0.719,34.27,0.359,3.797,0.000
1,ec.gp.GPIndividual@1008496039{2125801845},3C_20_80-02.txt,35.738,0.500,17.869,4,7.234,40.49,1.809,3.797,0.000
1,ec.gp.GPIndividual@1008496039{2125801845},3C_20_80-03.txt,169.439,0.500,84.719,4,10.875,12.84,2.719,3.797,0.000
1,ec.gp.GPIndividual@1280225699{-103931099},3C_20_50-02.txt,61.404,0.500,30.702,0,0.000,0.00,0.000,0.000,0.000
1,ec.gp.GPIndividual@1280225699{-103931099},3C_20_50-03.txt,30.993,0.500,15.496,0,0.000,0.00,0.000,0.000,0.000
1,ec.gp.GPIndividual@1280225699{-103931099},3C_20_66-01.txt,7.322,0.500,3.661,0,0.000,0.00,0.000,0.000,0.000
1,ec.gp.GPIndividual@1280225699{-103931099},3C_20_66-02.txt,154.245,0.500,77.122,0,0.000,0.00,0.000,0.000,0.000
1,ec.gp.GPIndividual@1280225699{-103931099},3C_20_66-03.txt,118.340,0.500,59.170,0,0.000,0.00,0.000,0.000,0.000
1,ec.gp.GPIndividual@1280225699{-103931099},3C_20_80-01.txt,4.194,0.500,2.097,0,0.000,0.00,0.000,0.000,0.000
1,ec.gp.GPIndividual@1280225699{-103931099},3C_20_80-02.txt,35.738,0.500,17.869,0,0.000,0.00,0.000,0.000,0.000
1,ec.gp.GPIndividual@1280225699{-103931099},3C_20_80-03.txt,169.439,0.500,84.719,0,0.000,0.00,0.000,0.000,0.000
1,ec.gp.GPIndividual@1080948467{-969464158},3C_20_50-02.txt,61.404,0.500,30.702,1,0.156,0.51,0.156,0.156,0.156
1,ec.gp.GPIndividual@1080948467{-969464158},3C_20_50-03.txt,30.993,0.500,15.496,3,6.688,43.16,2.229,2.484,0.156
1,ec.gp.GPIndividual@1080948467{-969464158},3C_20_66-01.txt,7.322,0.500,3.661,1,0.438,11.95,0.438,2.484,0.156
1,ec.gp.GPIndividual@1080948467{-969464158},3C_20_66-02.txt,154.245,0.500,77.122,2,2.594,3.36,1.297,2.484,0.156
1,ec.gp.GPIndividual@1080948467{-969464158},3C_20_66-03.txt,118.340,0.500,59.170,4,9.250,15.63,2.313,2.672,0.156
1,ec.gp.GPIndividual@1080948467{-969464158},3C_20_80-01.txt,4.194,0.500,2.097,1,0.547,26.08,0.547,2.672,0.156
1,ec.gp.GPIndividual@1080948467{-969464158},3C_20_80-02.txt,35.738,0.500,17.869,1,0.906,5.07,0.906,2.672,0.156
1,ec.gp.GPIndividual@1080948467{-969464158},3C_20_80-03.txt,169.439,0.500,84.719,4,9.156,10.81,2.289,2.672,0.156
1,ec.gp.GPIndividual@1189249590{324105247},3C_20_50-02.txt,61.404,0.500,30.702,1,0.156,0.51,0.156,0.156,0.156
1,ec.gp.GPIndividual@1189249590{324105247},3C_20_50-03.txt,30.993,0.500,15.496,3,5.766,37.21,1.922,2.578,0.156
1,ec.gp.GPIndividual@1189249590{324105247},3C_20_66-01.txt,7.322,0.500,3.661,2,2.875,78.53,1.438,2.578,0.156
1,ec.gp.GPIndividual@1189249590{324105247},3C_20_66-02.txt,154.245,0.500,77.122,2,1.563,2.03,0.781,2.578,0.156
1,ec.gp.GPIndividual@1189249590{324105247},3C_20_66-03.txt,118.340,0.500,59.170,2,5.063,8.56,2.531,2.578,0.156
1,ec.gp.GPIndividual@1189249590{324105247},3C_20_80-01.txt,4.194,0.500,2.097,1,4.641,221.27,4.641,4.641,0.156
1,ec.gp.GPIndividual@1189249590{324105247},3C_20_80-01.txt,4.194,0.500,2.097,1,0.531,25.33,0.531,4.641,0.156
1,ec.gp.GPIndividual@1189249590{324105247},3C_20_80-02.txt,35.738,0.500,17.869,3,2.938,16.44,0.979,4.641,0.156
1,ec.gp.GPIndividual@1189249590{324105247},3C_20_80-03.txt,169.439,0.500,84.719,7,7.500,8.85,1.071,4.641,0.156
1,ec.gp.GPIndividual@1982882525{-1476485271},3C_20_50-02.txt,61.404,0.500,30.702,0,0.000,0.00,0.000,0.000,0.000
1,ec.gp.GPIndividual@1982882525{-1476485271},3C_20_50-03.txt,30.993,0.500,15.496,0,0.000,0.00,0.000,0.000,0.000
1,ec.gp.GPIndividual@1982882525{-1476485271},3C_20_66-01.txt,7.322,0.500,3.661,0,0.000,0.00,0.000,0.000,0.000
1,ec.gp.GPIndividual@1982882525{-1476485271},3C_20_66-02.txt,154.245,0.500,77.122,0,0.000,0.00,0.000,0.000,0.000
1,ec.gp.GPIndividual@1982882525{-1476485271},3C_20_66-03.txt,118.340,0.500,59.170,0,0.000,0.00,0.000,0.000,0.000
1,ec.gp.GPIndividual@1982882525{-1476485271},3C_20_80-01.txt,4.194,0.500,2.097,0,0.000,0.00,0.000,0.000,0.000
1,ec.gp.GPIndividual@1982882525{-1476485271},3C_20_80-02.txt,35.738,0.500,17.869,0,0.000,0.00,0.000,0.000,0.000
1,ec.gp.GPIndividual@1982882525{-1476485271},3C_20_80-03.txt,169.439,0.500,84.719,0,0.000,0.00,0.000,0.000,0.000
1,ec.gp.GPIndividual@1137131300{2118836700},3C_20_50-02.txt,61.404,0.500,30.702,0,0.000,0.00,0.000,0.000,0.000
1,ec.gp.GPIndividual@1137131300{2118836700},3C_20_50-03.txt,30.993,0.500,15.496,0,0.000,0.00,0.000,0.000,0.000
1,ec.gp.GPIndividual@1137131300{2118836700},3C_20_66-01.txt,7.322,0.500,3.661,0,0.000,0.00,0.000,0.000,0.000
1,ec.gp.GPIndividual@1137131300{2118836700},3C_20_66-02.txt,154.245,0.500,77.122,0,0.000,0.00,0.000,0.000,0.000
1,ec.gp.GPIndividual@1137131300{2118836700},3C_20_66-03.txt,118.340,0.500,59.170,0,0.000,0.00,0.000,0.000,0.000
1,ec.gp.GPIndividual@1137131300{2118836700},3C_20_80-01.txt,4.194,0.500,2.097,0,0.000,0.00,0.000,0.000,0.000
1,ec.gp.GPIndividual@1137131300{2118836700},3C_20_80-02.txt,35.738,0.500,17.869,0,0.000,0.00,0.000,0.000,0.000
1,ec.gp.GPIndividual@1137131300{2118836700},3C_20_80-03.txt,169.439,0.500,84.719,0,0.000,0.00,0.000,0.000,0.000
1,ec.gp.GPIndividual@783990535{225556869},3C_20_50-02.txt,61.404,0.500,30.702,5,1.359,4.43,0.272,0.453,0.078
1,ec.gp.GPIndividual@783990535{225556869},3C_20_50-03.txt,30.993,0.500,15.496,10,5.844,37.71,0.584,1.875,0.078
1,ec.gp.GPIndividual@783990535{225556869},3C_20_66-01.txt,7.322,0.500,3.661,4,1.313,35.85,0.328,1.875,0.078
1,ec.gp.GPIndividual@783990535{225556869},3C_20_66-02.txt,154.245,0.500,77.122,5,2.016,2.61,0.403,1.875,0.078
1,ec.gp.GPIndividual@783990535{225556869},3C_20_66-03.txt,118.340,0.500,59.170,8,4.625,7.82,0.578,1.875,0.078
1,ec.gp.GPIndividual@783990535{225556869},3C_20_80-01.txt,4.194,0.500,2.097,1,0.328,15.65,0.328,1.875,0.078
1,ec.gp.GPIndividual@783990535{225556869},3C_20_80-02.txt,35.738,0.500,17.869,3,1.344,7.52,0.448,1.875,0.078
1,ec.gp.GPIndividual@783990535{225556869},3C_20_80-02.txt,35.738,0.500,17.869,1,0.328,1.84,0.328,1.875,0.078
1,ec.gp.GPIndividual@783990535{225556869},3C_20_80-03.txt,169.439,0.500,84.719,2,0.922,1.09,0.461,1.875,0.078
1,ec.gp.GPIndividual@783990535{225556869},3C_20_80-03.txt,169.439,0.500,84.719,5,38.500,45.44,7.700,32.609,0.078
1,ec.gp.GPIndividual@1631747706{-2117977563},3C_20_50-02.txt,61.404,0.500,30.702,0,0.000,0.00,0.000,0.000,0.000
1,ec.gp.GPIndividual@1631747706{-2117977563},3C_20_50-03.txt,30.993,0.500,15.496,0,0.000,0.00,0.000,0.000,0.000
1,ec.gp.GPIndividual@1631747706{-2117977563},3C_20_66-01.txt,7.322,0.500,3.661,0,0.000,0.00,0.000,0.000,0.000
1,ec.gp.GPIndividual@1631747706{-2117977563},3C_20_66-02.txt,154.245,0.500,77.122,0,0.000,0.00,0.000,0.000,0.000
1,ec.gp.GPIndividual@1631747706{-2117977563},3C_20_66-03.txt,118.340,0.500,59.170,0,0.000,0.00,0.000,0.000,0.000
1,ec.gp.GPIndividual@1631747706{-2117977563},3C_20_80-01.txt,4.194,0.500,2.097,0,0.000,0.00,0.000,0.000,0.000
1,ec.gp.GPIndividual@1631747706{-2117977563},3C_20_80-02.txt,35.738,0.500,17.869,0,0.000,0.00,0.000,0.000,0.000
1,ec.gp.GPIndividual@1631747706{-2117977563},3C_20_80-03.txt,169.439,0.500,84.719,0,0.000,0.00,0.000,0.000,0.000
1,ec.gp.GPIndividual@1604580103{-1013938627},3C_20_50-02.txt,61.404,0.500,30.702,2,0.063,0.20,0.031,0.063,0.000
1,ec.gp.GPIndividual@1604580103{-1013938627},3C_20_50-03.txt,30.993,0.500,15.496,2,0.563,3.63,0.281,0.563,0.000
1,ec.gp.GPIndividual@1604580103{-1013938627},3C_20_66-01.txt,7.322,0.500,3.661,2,0.109,2.99,0.055,0.563,0.000
1,ec.gp.GPIndividual@1604580103{-1013938627},3C_20_66-02.txt,154.245,0.500,77.122,2,0.313,0.41,0.156,0.563,0.000
1,ec.gp.GPIndividual@1604580103{-1013938627},3C_20_66-03.txt,118.340,0.500,59.170,2,0.781,1.32,0.391,0.781,0.000
1,ec.gp.GPIndividual@1604580103{-1013938627},3C_20_80-01.txt,4.194,0.500,2.097,2,0.172,8.20,0.086,0.781,0.000
1,ec.gp.GPIndividual@1604580103{-1013938627},3C_20_80-02.txt,35.738,0.500,17.869,2,0.281,1.57,0.141,0.781,0.000
1,ec.gp.GPIndividual@1604580103{-1013938627},3C_20_80-03.txt,169.439,0.500,84.719,2,0.781,0.92,0.391,0.781,0.000
1,ec.gp.GPIndividual@1016078985{1703335849},3C_20_50-02.txt,61.404,0.500,30.702,0,0.000,0.00,0.000,0.000,0.000
1,ec.gp.GPIndividual@1016078985{1703335849},3C_20_50-03.txt,30.993,0.500,15.496,0,0.000,0.00,0.000,0.000,0.000
1,ec.gp.GPIndividual@1016078985{1703335849},3C_20_66-01.txt,7.322,0.500,3.661,0,0.000,0.00,0.000,0.000,0.000
1,ec.gp.GPIndividual@1016078985{1703335849},3C_20_66-02.txt,154.245,0.500,77.122,0,0.000,0.00,0.000,0.000,0.000
1,ec.gp.GPIndividual@1016078985{1703335849},3C_20_66-03.txt,118.340,0.500,59.170,0,0.000,0.00,0.000,0.000,0.000
1,ec.gp.GPIndividual@1016078985{1703335849},3C_20_80-01.txt,4.194,0.500,2.097,0,0.000,0.00,0.000,0.000,0.000
1,ec.gp.GPIndividual@1016078985{1703335849},3C_20_80-02.txt,35.738,0.500,17.869,0,0.000,0.00,0.000,0.000,0.000
1,ec.gp.GPIndividual@1016078985{1703335849},3C_20_80-03.txt,169.439,0.500,84.719,0,0.000,0.00,0.000,0.000,0.000
1,ec.gp.GPIndividual@873426077{1386538456},3C_20_50-02.txt,61.404,0.500,30.702,8,19.125,62.29,2.391,10.063,0.000
1,ec.gp.GPIndividual@873426077{1386538456},3C_20_50-03.txt,30.993,0.500,15.496,6,9.797,63.22,1.633,10.063,0.000
1,ec.gp.GPIndividual@873426077{1386538456},3C_20_66-01.txt,7.322,0.500,3.661,6,1.875,51.21,0.313,10.063,0.000
1,ec.gp.GPIndividual@873426077{1386538456},3C_20_66-02.txt,154.245,0.500,77.122,10,47.953,62.18,4.795,19.453,0.000
1,ec.gp.GPIndividual@873426077{1386538456},3C_20_66-03.txt,118.340,0.500,59.170,7,42.500,71.83,6.071,19.453,0.000
1,ec.gp.GPIndividual@873426077{1386538456},3C_20_80-01.txt,4.194,0.500,2.097,8,1.859,88.66,0.232,19.453,0.000
1,ec.gp.GPIndividual@873426077{1386538456},3C_20_80-02.txt,35.738,0.500,17.869,7,7.766,43.46,1.109,19.453,0.000
1,ec.gp.GPIndividual@873426077{1386538456},3C_20_80-03.txt,169.439,0.500,84.719,2,34.344,40.54,17.172,33.594,0.000
2,ec.gp.GPIndividual@1823642561{-1074058852},3C_20_50-02.txt,61.404,0.500,30.702,3,0.938,3.05,0.313,0.313,0.000
2,ec.gp.GPIndividual@1823642561{-1074058852},3C_20_50-03.txt,30.993,0.500,15.496,2,0.313,2.02,0.156,0.313,0.000
2,ec.gp.GPIndividual@1823642561{-1074058852},3C_20_50-03.txt,30.993,0.500,15.496,1,0.313,2.02,0.313,0.313,0.000
2,ec.gp.GPIndividual@1823642561{-1074058852},3C_20_50-03.txt,30.993,0.500,15.496,2,0.703,4.54,0.352,0.391,0.000
2,ec.gp.GPIndividual@1823642561{-1074058852},3C_20_50-03.txt,30.993,0.500,15.496,1,0.391,2.52,0.391,0.391,0.000
2,ec.gp.GPIndividual@1823642561{-1074058852},3C_20_50-03.txt,30.993,0.500,15.496,3,2.625,16.94,0.875,1.859,0.000
2,ec.gp.GPIndividual@1823642561{-1074058852},3C_20_50-03.txt,30.993,0.500,15.496,1,4.203,27.12,4.203,4.203,0.000
2,ec.gp.GPIndividual@1823642561{-1074058852},3C_20_66-01.txt,7.322,0.500,3.661,1,4.344,118.65,4.344,4.344,0.000
2,ec.gp.GPIndividual@1823642561{-1074058852},3C_20_66-01.txt,7.322,0.500,3.661,1,4.344,118.65,4.344,4.344,0.000
2,ec.gp.GPIndividual@1823642561{-1074058852},3C_20_66-01.txt,7.322,0.500,3.661,2,4.250,116.09,2.125,4.344,0.000
2,ec.gp.GPIndividual@1823642561{-1074058852},3C_20_66-01.txt,7.322,0.500,3.661,2,5.438,148.52,2.719,4.547,0.000
2,ec.gp.GPIndividual@1823642561{-1074058852},3C_20_66-02.txt,154.245,0.500,77.122,1,0.891,1.15,0.891,4.547,0.000
2,ec.gp.GPIndividual@1823642561{-1074058852},3C_20_66-02.txt,154.245,0.500,77.122,1,1.031,1.34,1.031,4.547,0.000
2,ec.gp.GPIndividual@1823642561{-1074058852},3C_20_66-02.txt,154.245,0.500,77.122,4,6.094,7.90,1.523,4.547,0.000
2,ec.gp.GPIndividual@1823642561{-1074058852},3C_20_66-02.txt,154.245,0.500,77.122,1,2.391,3.10,2.391,4.547,0.000
2,ec.gp.GPIndividual@1823642561{-1074058852},3C_20_66-03.txt,118.340,0.500,59.170,1,2.422,4.09,2.422,4.547,0.000
2,ec.gp.GPIndividual@1823642561{-1074058852},3C_20_66-03.txt,118.340,0.500,59.170,1,2.453,4.15,2.453,4.547,0.000
2,ec.gp.GPIndividual@1823642561{-1074058852},3C_20_66-03.txt,118.340,0.500,59.170,6,12.625,21.34,2.104,4.547,0.000
2,ec.gp.GPIndividual@1823642561{-1074058852},3C_20_66-03.txt,118.340,0.500,59.170,1,3.641,6.15,3.641,4.547,0.000
2,ec.gp.GPIndividual@1823642561{-1074058852},3C_20_66-01.txt,7.322,0.500,3.661,1,6.141,167.73,6.141,6.141,0.000
2,ec.gp.GPIndividual@1823642561{-1074058852},3C_20_80-01.txt,4.194,0.500,2.097,2,4.844,230.96,2.422,6.141,0.000
2,ec.gp.GPIndividual@1823642561{-1074058852},3C_20_66-01.txt,7.322,0.500,3.661,1,6.313,172.42,6.313,6.313,0.000
2,ec.gp.GPIndividual@1823642561{-1074058852},3C_20_80-01.txt,4.194,0.500,2.097,1,6.313,300.99,6.313,6.313,0.000
2,ec.gp.GPIndividual@1823642561{-1074058852},3C_20_80-01.txt,4.194,0.500,2.097,3,1.391,66.31,0.464,6.313,0.000
2,ec.gp.GPIndividual@1823642561{-1074058852},3C_20_80-02.txt,35.738,0.500,17.869,1,0.953,5.33,0.953,6.313,0.000
2,ec.gp.GPIndividual@1823642561{-1074058852},3C_20_80-02.txt,35.738,0.500,17.869,3,2.625,14.69,0.875,6.313,0.000
2,ec.gp.GPIndividual@1823642561{-1074058852},3C_20_80-02.txt,35.738,0.500,17.869,4,4.016,22.47,1.004,6.313,0.000
2,ec.gp.GPIndividual@1823642561{-1074058852},3C_20_80-03.txt,169.439,0.500,84.719,1,0.984,1.16,0.984,6.313,0.000
2,ec.gp.GPIndividual@1823642561{-1074058852},3C_20_66-02.txt,154.245,0.500,77.122,2,3.141,4.07,1.570,6.313,0.000
2,ec.gp.GPIndividual@1823642561{-1074058852},3C_20_80-03.txt,169.439,0.500,84.719,1,2.000,2.36,2.000,6.313,0.000
2,ec.gp.GPIndividual@1823642561{-1074058852},3C_20_80-03.txt,169.439,0.500,84.719,3,7.094,8.37,2.365,6.313,0.000
2,ec.gp.GPIndividual@1823642561{-1074058852},3C_20_66-02.txt,154.245,0.500,77.122,5,16.828,21.82,3.366,6.313,0.000
2,ec.gp.GPIndividual@560039147{1761709080},3C_20_50-02.txt,61.404,0.500,30.702,1,1.266,4.12,1.266,1.266,1.266
2,ec.gp.GPIndividual@560039147{1761709080},3C_20_66-03.txt,118.340,0.500,59.170,2,2.047,3.46,1.023,1.609,0.438
2,ec.gp.GPIndividual@560039147{1761709080},3C_20_50-03.txt,30.993,0.500,15.496,1,5.828,37.61,5.828,5.828,0.438
2,ec.gp.GPIndividual@1563230374{478359541},3C_20_50-02.txt,61.404,0.500,30.702,1,6.172,20.10,6.172,6.172,6.172
2,ec.gp.GPIndividual@1041456979{1197233044},3C_20_50-02.txt,61.404,0.500,30.702,1,0.516,1.68,0.516,0.516,0.516
2,ec.gp.GPIndividual@1041456979{1197233044},3C_20_50-03.txt,30.993,0.500,15.496,5,5.203,33.58,1.041,1.797,0.328
2,ec.gp.GPIndividual@1041456979{1197233044},3C_20_50-03.txt,30.993,0.500,15.496,2,5.469,35.29,2.734,4.250,0.328
2,ec.gp.GPIndividual@1041456979{1197233044},3C_20_66-01.txt,7.322,0.500,3.661,1,1.266,34.57,1.266,4.250,0.328
2,ec.gp.GPIndividual@1041456979{1197233044},3C_20_66-03.txt,118.340,0.500,59.170,1,4.266,7.21,4.266,4.266,0.328
2,ec.gp.GPIndividual@1041456979{1197233044},3C_20_66-01.txt,7.322,0.500,3.661,1,5.750,157.06,5.750,5.750,0.328
2,ec.gp.GPIndividual@1041456979{1197233044},3C_20_80-01.txt,4.194,0.500,2.097,1,0.703,33.53,0.703,5.750,0.328
2,ec.gp.GPIndividual@1041456979{1197233044},3C_20_66-02.txt,154.245,0.500,77.122,2,7.000,9.08,3.500,6.047,0.328
2,ec.gp.GPIndividual@1041456979{1197233044},3C_20_66-02.txt,154.245,0.500,77.122,4,8.375,10.86,2.094,6.047,0.328
2,ec.gp.GPIndividual@1041456979{1197233044},3C_20_66-03.txt,118.340,0.500,59.170,1,2.688,4.54,2.688,6.047,0.328
2,ec.gp.GPIndividual@1041456979{1197233044},3C_20_66-03.txt,118.340,0.500,59.170,1,1.609,2.72,1.609,6.047,0.328
2,ec.gp.GPIndividual@1041456979{1197233044},3C_20_80-02.txt,35.738,0.500,17.869,5,17.422,97.50,3.484,6.172,0.328
2,ec.gp.GPIndividual@1041456979{1197233044},3C_20_80-01.txt,4.194,0.500,2.097,1,6.188,295.03,6.188,6.188,0.328
2,ec.gp.GPIndividual@1041456979{1197233044},3C_20_80-01.txt,4.194,0.500,2.097,2,7.938,378.47,3.969,7.047,0.328
2,ec.gp.GPIndividual@1041456979{1197233044},3C_20_66-01.txt,7.322,0.500,3.661,1,1.563,42.68,1.563,7.047,0.328
2,ec.gp.GPIndividual@1041456979{1197233044},3C_20_80-03.txt,169.439,0.500,84.719,2,3.813,4.50,1.906,7.047,0.328
2,ec.gp.GPIndividual@1041456979{1197233044},3C_20_80-02.txt,35.738,0.500,17.869,1,6.031,33.75,6.031,7.047,0.328
2,ec.gp.GPIndividual@1041456979{1197233044},3C_20_80-01.txt,4.194,0.500,2.097,1,0.906,43.21,0.906,7.047,0.328
2,ec.gp.GPIndividual@1041456979{1197233044},3C_20_80-02.txt,35.738,0.500,17.869,2,1.594,8.92,0.797,7.047,0.328
2,ec.gp.GPIndividual@1041456979{1197233044},3C_20_80-02.txt,35.738,0.500,17.869,1,1.469,8.22,1.469,7.047,0.328
2,ec.gp.GPIndividual@1041456979{1197233044},3C_20_66-02.txt,154.245,0.500,77.122,2,4.031,5.23,2.016,7.047,0.328
2,ec.gp.GPIndividual@1041456979{1197233044},3C_20_80-03.txt,169.439,0.500,84.719,1,1.953,2.31,1.953,7.047,0.328
2,ec.gp.GPIndividual@1041456979{1197233044},3C_20_80-03.txt,169.439,0.500,84.719,6,16.531,19.51,2.755,7.047,0.328
2,ec.gp.GPIndividual@1041456979{1197233044},3C_20_66-03.txt,118.340,0.500,59.170,3,10.609,17.93,3.536,7.047,0.328
2,ec.gp.GPIndividual@821513572{-4180545},3C_20_50-02.txt,61.404,0.500,30.702,1,0.000,0.00,0.000,0.000,0.000
2,ec.gp.GPIndividual@821513572{-4180545},3C_20_50-03.txt,30.993,0.500,15.496,1,0.000,0.00,0.000,0.000,0.000
2,ec.gp.GPIndividual@821513572{-4180545},3C_20_66-01.txt,7.322,0.500,3.661,1,0.000,0.00,0.000,0.000,0.000
2,ec.gp.GPIndividual@821513572{-4180545},3C_20_66-02.txt,154.245,0.500,77.122,1,0.000,0.00,0.000,0.000,0.000
2,ec.gp.GPIndividual@821513572{-4180545},3C_20_66-03.txt,118.340,0.500,59.170,1,0.000,0.00,0.000,0.000,0.000
2,ec.gp.GPIndividual@821513572{-4180545},3C_20_80-01.txt,4.194,0.500,2.097,1,0.000,0.00,0.000,0.000,0.000
2,ec.gp.GPIndividual@821513572{-4180545},3C_20_80-02.txt,35.738,0.500,17.869,1,0.000,0.00,0.000,0.000,0.000
2,ec.gp.GPIndividual@821513572{-4180545},3C_20_80-03.txt,169.439,0.500,84.719,1,0.000,0.00,0.000,0.000,0.000
2,ec.gp.GPIndividual@568761535{1920364708},3C_20_50-02.txt,61.404,0.500,30.702,3,8.547,27.84,2.849,5.906,0.500
2,ec.gp.GPIndividual@1620375008{1516619540},3C_20_50-02.txt,61.404,0.500,30.702,3,7.328,23.87,2.443,5.172,0.359
2,ec.gp.GPIndividual@1731217926{1241176144},3C_20_50-02.txt,61.404,0.500,30.702,3,5.859,19.08,1.953,3.563,0.516
2,ec.gp.GPIndividual@1731217926{1241176144},3C_20_50-03.txt,30.993,0.500,15.496,1,0.313,2.02,0.313,3.563,0.313
2,ec.gp.GPIndividual@1731217926{1241176144},3C_20_50-03.txt,30.993,0.500,15.496,4,11.734,75.72,2.934,6.531,0.000
2,ec.gp.GPIndividual@1731217926{1241176144},3C_20_50-03.txt,30.993,0.500,15.496,1,4.500,29.04,4.500,6.531,0.000
2,ec.gp.GPIndividual@1731217926{1241176144},3C_20_66-01.txt,7.322,0.500,3.661,1,3.281,89.62,3.281,6.531,0.000
2,ec.gp.GPIndividual@1731217926{1241176144},3C_20_80-01.txt,4.194,0.500,2.097,1,4.328,206.37,4.328,6.531,0.000
2,ec.gp.GPIndividual@1731217926{1241176144},3C_20_66-01.txt,7.322,0.500,3.661,2,1.844,50.36,0.922,6.531,0.000
2,ec.gp.GPIndividual@1731217926{1241176144},3C_20_66-02.txt,154.245,0.500,77.122,2,1.906,2.47,0.953,6.531,0.000
2,ec.gp.GPIndividual@1731217926{1241176144},3C_20_80-02.txt,35.738,0.500,17.869,1,1.391,7.78,1.391,6.531,0.000
2,ec.gp.GPIndividual@1731217926{1241176144},3C_20_66-02.txt,154.245,0.500,77.122,1,2.391,3.10,2.391,6.531,0.000
2,ec.gp.GPIndividual@1731217926{1241176144},3C_20_66-03.txt,118.340,0.500,59.170,2,15.672,26.49,7.836,11.594,0.000
2,ec.gp.GPIndividual@1731217926{1241176144},3C_20_80-03.txt,169.439,0.500,84.719,3,5.438,6.42,1.813,11.594,0.000
2,ec.gp.GPIndividual@1731217926{1241176144},3C_20_80-03.txt,169.439,0.500,84.719,2,12.203,14.40,6.102,11.594,0.000
2,ec.gp.GPIndividual@1731217926{1241176144},3C_20_66-03.txt,118.340,0.500,59.170,1,6.406,10.83,6.406,11.594,0.000
2,ec.gp.GPIndividual@1731217926{1241176144},3C_20_80-01.txt,4.194,0.500,2.097,2,7.359,350.91,3.680,11.594,0.000
2,ec.gp.GPIndividual@1731217926{1241176144},3C_20_80-02.txt,35.738,0.500,17.869,3,16.094,90.06,5.365,11.594,0.000
2,ec.gp.GPIndividual@1731217926{1241176144},3C_20_80-03.txt,169.439,0.500,84.719,2,7.781,9.18,3.891,11.594,0.000
2,ec.gp.GPIndividual@1270936774{-1435932195},3C_20_50-02.txt,61.404,0.500,30.702,1,0.344,1.12,0.344,0.344,0.344
2,ec.gp.GPIndividual@1270936774{-1435932195},3C_20_50-03.txt,30.993,0.500,15.496,2,4.172,26.92,2.086,4.172,0.000
2,ec.gp.GPIndividual@1270936774{-1435932195},3C_20_66-01.txt,7.322,0.500,3.661,1,5.531,151.08,5.531,5.531,0.000
2,ec.gp.GPIndividual@1456607035{1295570354},3C_20_50-02.txt,61.404,0.500,30.702,1,0.000,0.00,0.000,0.000,0.000
2,ec.gp.GPIndividual@1456607035{1295570354},3C_20_50-03.txt,30.993,0.500,15.496,1,0.000,0.00,0.000,0.000,0.000
2,ec.gp.GPIndividual@1456607035{1295570354},3C_20_66-01.txt,7.322,0.500,3.661,1,0.000,0.00,0.000,0.000,0.000
2,ec.gp.GPIndividual@1456607035{1295570354},3C_20_66-02.txt,154.245,0.500,77.122,1,0.000,0.00,0.000,0.000,0.000
2,ec.gp.GPIndividual@1456607035{1295570354},3C_20_66-03.txt,118.340,0.500,59.170,1,0.000,0.00,0.000,0.000,0.000
2,ec.gp.GPIndividual@1456607035{1295570354},3C_20_80-01.txt,4.194,0.500,2.097,1,0.000,0.00,0.000,0.000,0.000
2,ec.gp.GPIndividual@1456607035{1295570354},3C_20_80-02.txt,35.738,0.500,17.869,1,0.000,0.00,0.000,0.000,0.000
2,ec.gp.GPIndividual@1456607035{1295570354},3C_20_80-03.txt,169.439,0.500,84.719,1,0.000,0.00,0.000,0.000,0.000
2,ec.gp.GPIndividual@1707098054{-700850},3C_20_50-02.txt,61.404,0.500,30.702,0,0.000,0.00,0.000,0.000,0.000
2,ec.gp.GPIndividual@1707098054{-700850},3C_20_50-03.txt,30.993,0.500,15.496,0,0.000,0.00,0.000,0.000,0.000
2,ec.gp.GPIndividual@1707098054{-700850},3C_20_66-01.txt,7.322,0.500,3.661,1,3.953,107.98,3.953,3.953,3.953
2,ec.gp.GPIndividual@1707098054{-700850},3C_20_80-01.txt,4.194,0.500,2.097,2,1.578,75.25,0.789,3.953,0.531
2,ec.gp.GPIndividual@1707098054{-700850},3C_20_66-02.txt,154.245,0.500,77.122,1,1.063,1.38,1.063,3.953,0.531
2,ec.gp.GPIndividual@1707098054{-700850},3C_20_66-02.txt,154.245,0.500,77.122,2,5.125,6.65,2.563,4.266,0.531
2,ec.gp.GPIndividual@1707098054{-700850},3C_20_66-01.txt,7.322,0.500,3.661,1,1.219,33.29,1.219,4.266,0.531
2,ec.gp.GPIndividual@1707098054{-700850},3C_20_80-02.txt,35.738,0.500,17.869,1,1.063,5.95,1.063,4.266,0.531
2,ec.gp.GPIndividual@1707098054{-700850},3C_20_66-02.txt,154.245,0.500,77.122,1,6.375,8.27,6.375,6.375,0.531
2,ec.gp.GPIndividual@949907986{1885726922},3C_20_50-02.txt,61.404,0.500,30.702,0,0.000,0.00,0.000,0.000,0.000
2,ec.gp.GPIndividual@949907986{1885726922},3C_20_50-03.txt,30.993,0.500,15.496,0,0.000,0.00,0.000,0.000,0.000
2,ec.gp.GPIndividual@949907986{1885726922},3C_20_66-01.txt,7.322,0.500,3.661,0,0.000,0.00,0.000,0.000,0.000
2,ec.gp.GPIndividual@949907986{1885726922},3C_20_66-02.txt,154.245,0.500,77.122,0,0.000,0.00,0.000,0.000,0.000
2,ec.gp.GPIndividual@949907986{1885726922},3C_20_66-03.txt,118.340,0.500,59.170,0,0.000,0.00,0.000,0.000,0.000
2,ec.gp.GPIndividual@949907986{1885726922},3C_20_80-01.txt,4.194,0.500,2.097,0,0.000,0.00,0.000,0.000,0.000
2,ec.gp.GPIndividual@949907986{1885726922},3C_20_80-02.txt,35.738,0.500,17.869,0,0.000,0.00,0.000,0.000,0.000
2,ec.gp.GPIndividual@949907986{1885726922},3C_20_80-03.txt,169.439,0.500,84.719,0,0.000,0.00,0.000,0.000,0.000
2,ec.gp.GPIndividual@23338763{602918154},3C_20_50-02.txt,61.404,0.500,30.702,3,5.500,17.91,1.833,2.578,0.500
2,ec.gp.GPIndividual@23338763{602918154},3C_20_66-03.txt,118.340,0.500,59.170,0,0.000,0.00,0.000,2.578,0.500
2,ec.gp.GPIndividual@23338763{602918154},3C_20_80-01.txt,4.194,0.500,2.097,0,0.000,0.00,0.000,2.578,0.500
2,ec.gp.GPIndividual@23338763{602918154},3C_20_80-02.txt,35.738,0.500,17.869,0,0.000,0.00,0.000,2.578,0.500
2,ec.gp.GPIndividual@23338763{602918154},3C_20_80-03.txt,169.439,0.500,84.719,1,0.359,0.42,0.359,2.578,0.359
2,ec.gp.GPIndividual@402040965{-686326238},3C_20_50-02.txt,61.404,0.500,30.702,4,6.422,20.92,1.605,2.391,0.313
2,ec.gp.GPIndividual@402040965{-686326238},3C_20_66-03.txt,118.340,0.500,59.170,3,5.063,8.56,1.688,2.391,0.313
2,ec.gp.GPIndividual@402040965{-686326238},3C_20_80-03.txt,169.439,0.500,84.719,3,5.734,6.77,1.911,2.703,0.313
2,ec.gp.GPIndividual@402040965{-686326238},3C_20_50-03.txt,30.993,0.500,15.496,1,2.516,16.23,2.516,2.703,0.313
2,ec.gp.GPIndividual@402040965{-686326238},3C_20_50-03.txt,30.993,0.500,15.496,2,7.703,49.71,3.852,6.109,0.313
2,ec.gp.GPIndividual@402040965{-686326238},3C_20_80-01.txt,4.194,0.500,2.097,1,0.922,43.96,0.922,6.109,0.313
2,ec.gp.GPIndividual@402040965{-686326238},3C_20_80-02.txt,35.738,0.500,17.869,5,18.797,105.19,3.759,6.688,0.313
2,ec.gp.GPIndividual@402040965{-686326238},3C_20_80-03.txt,169.439,0.500,84.719,1,0.516,0.61,0.516,6.688,0.313
2,ec.gp.GPIndividual@402040965{-686326238},3C_20_66-01.txt,7.322,0.500,3.661,1,5.609,153.22,5.609,6.688,0.313
2,ec.gp.GPIndividual@402040965{-686326238},3C_20_66-03.txt,118.340,0.500,59.170,4,9.672,16.35,2.418,6.688,0.313
2,ec.gp.GPIndividual@800065259{-1861099999},3C_20_50-02.txt,61.404,0.500,30.702,2,2.125,6.92,1.063,1.594,0.531
2,ec.gp.GPIndividual@800065259{-1861099999},3C_20_66-02.txt,154.245,0.500,77.122,1,29.625,38.41,29.625,29.625,0.531
2,ec.gp.GPIndividual@800065259{-1861099999},3C_20_80-01.txt,4.194,0.500,2.097,1,3.766,179.55,3.766,29.625,0.531
2,ec.gp.GPIndividual@800065259{-1861099999},3C_20_66-01.txt,7.322,0.500,3.661,3,3.578,97.73,1.193,29.625,0.484
2,ec.gp.GPIndividual@800065259{-1861099999},3C_20_50-03.txt,30.993,0.500,15.496,2,0.344,2.22,0.172,29.625,0.000
2,ec.gp.GPIndividual@800065259{-1861099999},3C_20_80-02.txt,35.738,0.500,17.869,1,6.297,35.24,6.297,29.625,0.000
2,ec.gp.GPIndividual@822398085{-1901889530},3C_20_50-02.txt,61.404,0.500,30.702,5,10.000,32.57,2.000,5.875,0.328
2,ec.gp.GPIndividual@822398085{-1901889530},3C_20_50-03.txt,30.993,0.500,15.496,5,7.375,47.59,1.475,5.875,0.328
2,ec.gp.GPIndividual@822398085{-1901889530},3C_20_66-03.txt,118.340,0.500,59.170,2,2.469,4.17,1.234,5.875,0.328
2,ec.gp.GPIndividual@822398085{-1901889530},3C_20_66-02.txt,154.245,0.500,77.122,3,9.359,12.14,3.120,5.875,0.328
2,ec.gp.GPIndividual@822398085{-1901889530},3C_20_80-03.txt,169.439,0.500,84.719,8,33.547,39.60,4.193,7.234,0.328
2,ec.gp.GPIndividual@822398085{-1901889530},3C_20_66-01.txt,7.322,0.500,3.661,4,4.109,112.24,1.027,7.234,0.172
2,ec.gp.GPIndividual@822398085{-1901889530},3C_20_66-02.txt,154.245,0.500,77.122,1,3.750,4.86,3.750,7.234,0.172
2,ec.gp.GPIndividual@822398085{-1901889530},3C_20_66-01.txt,7.322,0.500,3.661,2,3.828,104.56,1.914,7.234,0.172
2,ec.gp.GPIndividual@822398085{-1901889530},3C_20_80-01.txt,4.194,0.500,2.097,3,2.203,105.05,0.734,7.234,0.156
2,ec.gp.GPIndividual@822398085{-1901889530},3C_20_80-02.txt,35.738,0.500,17.869,7,13.922,77.91,1.989,7.234,0.156
2,ec.gp.GPIndividual@822398085{-1901889530},3C_20_66-03.txt,118.340,0.500,59.170,2,2.453,4.15,1.227,7.234,0.156
2,ec.gp.GPIndividual@822398085{-1901889530},3C_20_66-02.txt,154.245,0.500,77.122,4,7.844,10.17,1.961,7.234,0.156
2,ec.gp.GPIndividual@822398085{-1901889530},3C_20_80-03.txt,169.439,0.500,84.719,5,8.453,9.98,1.691,7.234,0.156
2,ec.gp.GPIndividual@822398085{-1901889530},3C_20_66-03.txt,118.340,0.500,59.170,6,24.609,41.59,4.102,7.234,0.156
2,ec.gp.GPIndividual@822398085{-1901889530},3C_20_80-01.txt,4.194,0.500,2.097,3,1.813,86.42,0.604,7.234,0.156
2,ec.gp.GPIndividual@822398085{-1901889530},3C_20_80-02.txt,35.738,0.500,17.869,3,36.266,202.95,12.089,27.672,0.156
2,ec.gp.GPIndividual@822398085{-1901889530},3C_20_80-01.txt,4.194,0.500,2.097,1,1.453,69.29,1.453,27.672,0.156
2,ec.gp.GPIndividual@822398085{-1901889530},3C_20_80-03.txt,169.439,0.500,84.719,5,11.625,13.72,2.325,27.672,0.156
2,ec.gp.GPIndividual@822398085{-1901889530},3C_20_80-01.txt,4.194,0.500,2.097,2,1.469,70.03,0.734,27.672,0.156
2,ec.gp.GPIndividual@822398085{-1901889530},3C_20_80-02.txt,35.738,0.500,17.869,4,27.641,154.68,6.910,27.672,0.156
2,ec.gp.GPIndividual@935452086{-1388379716},3C_20_50-02.txt,61.404,0.500,30.702,0,0.000,0.00,0.000,0.000,0.000
2,ec.gp.GPIndividual@935452086{-1388379716},3C_20_50-03.txt,30.993,0.500,15.496,0,0.000,0.00,0.000,0.000,0.000
2,ec.gp.GPIndividual@935452086{-1388379716},3C_20_66-01.txt,7.322,0.500,3.661,0,0.000,0.00,0.000,0.000,0.000
2,ec.gp.GPIndividual@935452086{-1388379716},3C_20_66-02.txt,154.245,0.500,77.122,0,0.000,0.00,0.000,0.000,0.000
2,ec.gp.GPIndividual@935452086{-1388379716},3C_20_66-03.txt,118.340,0.500,59.170,0,0.000,0.00,0.000,0.000,0.000
2,ec.gp.GPIndividual@935452086{-1388379716},3C_20_80-01.txt,4.194,0.500,2.097,0,0.000,0.00,0.000,0.000,0.000
2,ec.gp.GPIndividual@935452086{-1388379716},3C_20_80-02.txt,35.738,0.500,17.869,0,0.000,0.00,0.000,0.000,0.000
2,ec.gp.GPIndividual@935452086{-1388379716},3C_20_80-03.txt,169.439,0.500,84.719,0,0.000,0.00,0.000,0.000,0.000
2,ec.gp.GPIndividual@431776636{-994820537},3C_20_50-02.txt,61.404,0.500,30.702,3,6.219,20.26,2.073,4.766,0.281
2,ec.gp.GPIndividual@97695806{1041097701},3C_20_50-02.txt,61.404,0.500,30.702,0,0.000,0.00,0.000,0.000,0.000
2,ec.gp.GPIndividual@97695806{1041097701},3C_20_50-03.txt,30.993,0.500,15.496,0,0.000,0.00,0.000,0.000,0.000
2,ec.gp.GPIndividual@97695806{1041097701},3C_20_66-01.txt,7.322,0.500,3.661,0,0.000,0.00,0.000,0.000,0.000
2,ec.gp.GPIndividual@97695806{1041097701},3C_20_66-02.txt,154.245,0.500,77.122,0,0.000,0.00,0.000,0.000,0.000
2,ec.gp.GPIndividual@97695806{1041097701},3C_20_66-03.txt,118.340,0.500,59.170,0,0.000,0.00,0.000,0.000,0.000
2,ec.gp.GPIndividual@97695806{1041097701},3C_20_80-01.txt,4.194,0.500,2.097,0,0.000,0.00,0.000,0.000,0.000
2,ec.gp.GPIndividual@97695806{1041097701},3C_20_80-02.txt,35.738,0.500,17.869,0,0.000,0.00,0.000,0.000,0.000
2,ec.gp.GPIndividual@97695806{1041097701},3C_20_80-03.txt,169.439,0.500,84.719,0,0.000,0.00,0.000,0.000,0.000
2,ec.gp.GPIndividual@810528786{970125368},3C_20_50-02.txt,61.404,0.500,30.702,11,13.125,42.75,1.193,2.109,0.266
2,ec.gp.GPIndividual@810528786{970125368},3C_20_50-03.txt,30.993,0.500,15.496,2,2.922,18.86,1.461,2.109,0.266
2,ec.gp.GPIndividual@810528786{970125368},3C_20_50-03.txt,30.993,0.500,15.496,6,20.234,130.58,3.372,7.438,0.266
2,ec.gp.GPIndividual@810528786{970125368},3C_20_80-03.txt,169.439,0.500,84.719,1,3.828,4.52,3.828,7.438,0.266
2,ec.gp.GPIndividual@810528786{970125368},3C_20_66-01.txt,7.322,0.500,3.661,3,4.453,121.63,1.484,7.438,0.125
2,ec.gp.GPIndividual@810528786{970125368},3C_20_66-02.txt,154.245,0.500,77.122,3,9.672,12.54,3.224,8.531,0.000
2,ec.gp.GPIndividual@810528786{970125368},3C_20_80-02.txt,35.738,0.500,17.869,8,10.938,61.21,1.367,8.531,0.000
2,ec.gp.GPIndividual@810528786{970125368},3C_20_66-03.txt,118.340,0.500,59.170,7,16.922,28.60,2.417,8.531,0.000
2,ec.gp.GPIndividual@1238400511{-964942084},3C_20_50-02.txt,61.404,0.500,30.702,5,9.859,32.11,1.972,4.984,0.422
2,ec.gp.GPIndividual@1238400511{-964942084},3C_20_50-03.txt,30.993,0.500,15.496,1,2.781,17.95,2.781,4.984,0.422
2,ec.gp.GPIndividual@1238400511{-964942084},3C_20_80-01.txt,4.194,0.500,2.097,3,1.828,87.17,0.609,4.984,0.297
2,ec.gp.GPIndividual@1238400511{-964942084},3C_20_80-02.txt,35.738,0.500,17.869,4,11.375,63.66,2.844,5.141,0.297
2,ec.gp.GPIndividual@1238400511{-964942084},3C_20_80-03.txt,169.439,0.500,84.719,2,8.719,10.29,4.359,5.750,0.297
2,ec.gp.GPIndividual@1238400511{-964942084},3C_20_66-01.txt,7.322,0.500,3.661,2,6.047,165.17,3.023,5.750,0.297
2,ec.gp.GPIndividual@536266325{1409297985},3C_20_50-02.txt,61.404,0.500,30.702,2,23.172,75.47,11.586,22.828,0.344
2,ec.gp.GPIndividual@536266325{1409297985},3C_20_50-03.txt,30.993,0.500,15.496,1,2.453,15.83,2.453,22.828,0.344
2,ec.gp.GPIndividual@536266325{1409297985},3C_20_66-01.txt,7.322,0.500,3.661,1,0.609,16.64,0.609,22.828,0.344
2,ec.gp.GPIndividual@536266325{1409297985},3C_20_66-02.txt,154.245,0.500,77.122,2,4.766,6.18,2.383,22.828,0.344
2,ec.gp.GPIndividual@536266325{1409297985},3C_20_66-03.txt,118.340,0.500,59.170,1,3.953,6.68,3.953,22.828,0.344
2,ec.gp.GPIndividual@536266325{1409297985},3C_20_80-01.txt,4.194,0.500,2.097,1,0.859,40.98,0.859,22.828,0.344
2,ec.gp.GPIndividual@536266325{1409297985},3C_20_80-02.txt,35.738,0.500,17.869,1,1.141,6.38,1.141,22.828,0.344
2,ec.gp.GPIndividual@536266325{1409297985},3C_20_80-03.txt,169.439,0.500,84.719,1,3.281,3.87,3.281,22.828,0.344
2,ec.gp.GPIndividual@840785820{-2093317805},3C_20_50-02.txt,61.404,0.500,30.702,1,0.000,0.00,0.000,0.000,0.000
2,ec.gp.GPIndividual@840785820{-2093317805},3C_20_50-03.txt,30.993,0.500,15.496,1,0.000,0.00,0.000,0.000,0.000
2,ec.gp.GPIndividual@840785820{-2093317805},3C_20_66-01.txt,7.322,0.500,3.661,1,0.000,0.00,0.000,0.000,0.000
2,ec.gp.GPIndividual@840785820{-2093317805},3C_20_66-02.txt,154.245,0.500,77.122,1,0.000,0.00,0.000,0.000,0.000
2,ec.gp.GPIndividual@840785820{-2093317805},3C_20_66-03.txt,118.340,0.500,59.170,1,0.000,0.00,0.000,0.000,0.000
2,ec.gp.GPIndividual@840785820{-2093317805},3C_20_80-01.txt,4.194,0.500,2.097,1,0.000,0.00,0.000,0.000,0.000
2,ec.gp.GPIndividual@840785820{-2093317805},3C_20_80-02.txt,35.738,0.500,17.869,1,0.000,0.00,0.000,0.000,0.000
2,ec.gp.GPIndividual@840785820{-2093317805},3C_20_80-03.txt,169.439,0.500,84.719,1,0.000,0.00,0.000,0.000,0.000
2,ec.gp.GPIndividual@948680918{1025728692},3C_20_50-02.txt,61.404,0.500,30.702,2,0.344,1.12,0.172,0.344,0.000
2,ec.gp.GPIndividual@948680918{1025728692},3C_20_50-03.txt,30.993,0.500,15.496,2,2.719,17.54,1.359,2.719,0.000
2,ec.gp.GPIndividual@948680918{1025728692},3C_20_66-01.txt,7.322,0.500,3.661,2,0.594,16.22,0.297,2.719,0.000
2,ec.gp.GPIndividual@948680918{1025728692},3C_20_66-02.txt,154.245,0.500,77.122,2,32.453,42.08,16.227,32.453,0.000
2,ec.gp.GPIndividual@2014601185{-882884131},3C_20_50-02.txt,61.404,0.500,30.702,4,0.719,2.34,0.180,0.438,0.063
2,ec.gp.GPIndividual@2014601185{-882884131},3C_20_50-03.txt,30.993,0.500,15.496,5,17.828,115.05,3.566,13.859,0.063
2,ec.gp.GPIndividual@2014601185{-882884131},3C_20_80-01.txt,4.194,0.500,2.097,4,1.516,72.27,0.379,13.859,0.063
2,ec.gp.GPIndividual@2014601185{-882884131},3C_20_80-02.txt,35.738,0.500,17.869,4,3.219,18.01,0.805,13.859,0.063
2,ec.gp.GPIndividual@2014601185{-882884131},3C_20_80-03.txt,169.439,0.500,84.719,3,9.375,11.07,3.125,13.859,0.063
2,ec.gp.GPIndividual@2014601185{-882884131},3C_20_66-01.txt,7.322,0.500,3.661,4,1.266,34.57,0.316,13.859,0.063
2,ec.gp.GPIndividual@2014601185{-882884131},3C_20_66-02.txt,154.245,0.500,77.122,6,2.422,3.14,0.404,13.859,0.063
2,ec.gp.GPIndividual@2014601185{-882884131},3C_20_66-03.txt,118.340,0.500,59.170,19,57.750,97.60,3.039,32.750,0.000
2,ec.gp.GPIndividual@1644541387{916615437},3C_20_50-02.txt,61.404,0.500,30.702,4,2.313,7.53,0.578,1.641,0.094
2,ec.gp.GPIndividual@1644541387{916615437},3C_20_50-03.txt,30.993,0.500,15.496,4,5.688,36.70,1.422,1.906,0.094
2,ec.gp.GPIndividual@1644541387{916615437},3C_20_66-01.txt,7.322,0.500,3.661,3,2.297,62.74,0.766,1.906,0.094
2,ec.gp.GPIndividual@1644541387{916615437},3C_20_66-02.txt,154.245,0.500,77.122,3,1.828,2.37,0.609,1.906,0.094
2,ec.gp.GPIndividual@1644541387{916615437},3C_20_66-03.txt,118.340,0.500,59.170,4,5.219,8.82,1.305,1.906,0.094
2,ec.gp.GPIndividual@1644541387{916615437},3C_20_80-01.txt,4.194,0.500,2.097,2,0.828,39.49,0.414,1.906,0.094
2,ec.gp.GPIndividual@1644541387{916615437},3C_20_80-02.txt,35.738,0.500,17.869,2,0.953,5.33,0.477,1.906,0.094
2,ec.gp.GPIndividual@1644541387{916615437},3C_20_80-03.txt,169.439,0.500,84.719,2,14.156,16.71,7.078,12.500,0.094
2,ec.gp.GPIndividual@1644541387{916615437},3C_20_80-01.txt,4.194,0.500,2.097,10,2.141,102.07,0.214,12.500,0.047
2,ec.gp.GPIndividual@1644541387{916615437},3C_20_80-02.txt,35.738,0.500,17.869,3,1.328,7.43,0.443,12.500,0.047
2,ec.gp.GPIndividual@1644541387{916615437},3C_20_80-03.txt,169.439,0.500,84.719,4,37.500,44.26,9.375,33.250,0.047
2,ec.gp.GPIndividual@281454175{-112084032},3C_20_50-02.txt,61.404,0.500,30.702,4,0.828,2.70,0.207,0.500,0.094
2,ec.gp.GPIndividual@281454175{-112084032},3C_20_50-03.txt,30.993,0.500,15.496,6,9.844,63.52,1.641,3.797,0.094
2,ec.gp.GPIndividual@281454175{-112084032},3C_20_66-01.txt,7.322,0.500,3.661,4,1.266,34.57,0.316,3.797,0.094
2,ec.gp.GPIndividual@281454175{-112084032},3C_20_66-02.txt,154.245,0.500,77.122,6,2.531,3.28,0.422,3.797,0.094
2,ec.gp.GPIndividual@281454175{-112084032},3C_20_66-03.txt,118.340,0.500,59.170,9,53.469,90.36,5.941,32.219,0.094
2,ec.gp.GPIndividual@1608657654{-2146019346},3C_20_50-02.txt,61.404,0.500,30.702,3,0.141,0.46,0.047,0.063,0.031
2,ec.gp.GPIndividual@1608657654{-2146019346},3C_20_50-03.txt,30.993,0.500,15.496,3,1.453,9.38,0.484,0.563,0.031
2,ec.gp.GPIndividual@1608657654{-2146019346},3C_20_66-01.txt,7.322,0.500,3.661,3,0.375,10.24,0.125,0.563,0.031
2,ec.gp.GPIndividual@1608657654{-2146019346},3C_20_66-02.txt,154.245,0.500,77.122,3,0.688,0.89,0.229,0.563,0.031
2,ec.gp.GPIndividual@1608657654{-2146019346},3C_20_66-03.txt,118.340,0.500,59.170,3,1.734,2.93,0.578,0.766,0.031
2,ec.gp.GPIndividual@1608657654{-2146019346},3C_20_80-01.txt,4.194,0.500,2.097,3,0.484,23.10,0.161,0.766,0.031
2,ec.gp.GPIndividual@1608657654{-2146019346},3C_20_80-02.txt,35.738,0.500,17.869,6,7.797,43.63,1.299,6.750,0.031
2,ec.gp.GPIndividual@1608657654{-2146019346},3C_20_80-03.txt,169.439,0.500,84.719,3,2.031,2.40,0.677,6.750,0.031
2,ec.gp.GPIndividual@624887285{757518738},3C_20_50-02.txt,61.404,0.500,30.702,0,0.000,0.00,0.000,0.000,0.000
2,ec.gp.GPIndividual@624887285{757518738},3C_20_50-03.txt,30.993,0.500,15.496,0,0.000,0.00,0.000,0.000,0.000
2,ec.gp.GPIndividual@624887285{757518738},3C_20_66-01.txt,7.322,0.500,3.661,0,0.000,0.00,0.000,0.000,0.000
2,ec.gp.GPIndividual@624887285{757518738},3C_20_66-02.txt,154.245,0.500,77.122,0,0.000,0.00,0.000,0.000,0.000
2,ec.gp.GPIndividual@624887285{757518738},3C_20_66-03.txt,118.340,0.500,59.170,0,0.000,0.00,0.000,0.000,0.000
2,ec.gp.GPIndividual@624887285{757518738},3C_20_80-01.txt,4.194,0.500,2.097,0,0.000,0.00,0.000,0.000,0.000
2,ec.gp.GPIndividual@624887285{757518738},3C_20_80-02.txt,35.738,0.500,17.869,0,0.000,0.00,0.000,0.000,0.000
2,ec.gp.GPIndividual@624887285{757518738},3C_20_80-03.txt,169.439,0.500,84.719,0,0.000,0.00,0.000,0.000,0.000
3,ec.gp.GPIndividual@756926492{-910707791},null,0.000,0.500,0.000,0,0.000,0.00,0.000,0.000,0.000
3,ec.gp.GPIndividual@1898751906{73729567},3C_20_50-02.txt,61.404,0.500,30.702,0,0.000,0.00,0.000,0.000,0.000
3,ec.gp.GPIndividual@1898751906{73729567},3C_20_66-01.txt,7.322,0.500,3.661,0,0.000,0.00,0.000,0.000,0.000
3,ec.gp.GPIndividual@1898751906{73729567},3C_20_66-02.txt,154.245,0.500,77.122,0,0.000,0.00,0.000,0.000,0.000
3,ec.gp.GPIndividual@1898751906{73729567},3C_20_66-03.txt,118.340,0.500,59.170,0,0.000,0.00,0.000,0.000,0.000
3,ec.gp.GPIndividual@1898751906{73729567},3C_20_80-01.txt,4.194,0.500,2.097,0,0.000,0.00,0.000,0.000,0.000
3,ec.gp.GPIndividual@1898751906{73729567},3C_20_80-02.txt,35.738,0.500,17.869,0,0.000,0.00,0.000,0.000,0.000
3,ec.gp.GPIndividual@1898751906{73729567},3C_20_80-03.txt,169.439,0.500,84.719,0,0.000,0.00,0.000,0.000,0.000
3,ec.gp.GPIndividual@1326112814{-800689608},3C_20_50-02.txt,61.404,0.500,30.702,1,0.328,1.07,0.328,0.328,0.328
3,ec.gp.GPIndividual@1326112814{-800689608},3C_20_50-03.txt,30.993,0.500,15.496,6,2.156,13.91,0.359,0.516,0.328
3,ec.gp.GPIndividual@1326112814{-800689608},3C_20_50-03.txt,30.993,0.500,15.496,1,0.313,2.02,0.313,0.516,0.313
3,ec.gp.GPIndividual@1326112814{-800689608},3C_20_50-03.txt,30.993,0.500,15.496,5,4.531,29.24,0.906,1.672,0.313
3,ec.gp.GPIndividual@1326112814{-800689608},3C_20_50-03.txt,30.993,0.500,15.496,1,1.781,11.49,1.781,1.781,0.313
3,ec.gp.GPIndividual@1326112814{-800689608},3C_20_50-03.txt,30.993,0.500,15.496,1,4.219,27.22,4.219,4.219,0.313
3,ec.gp.GPIndividual@1326112814{-800689608},3C_20_66-01.txt,7.322,0.500,3.661,4,11.453,312.83,2.863,4.219,0.313
3,ec.gp.GPIndividual@1326112814{-800689608},3C_20_50-03.txt,30.993,0.500,15.496,1,1.031,6.65,1.031,4.219,0.313
3,ec.gp.GPIndividual@1326112814{-800689608},3C_20_66-02.txt,154.245,0.500,77.122,3,10.781,13.98,3.594,4.484,0.313
3,ec.gp.GPIndividual@1326112814{-800689608},3C_20_66-03.txt,118.340,0.500,59.170,6,27.813,47.00,4.635,6.078,0.313
3,ec.gp.GPIndividual@1326112814{-800689608},3C_20_80-01.txt,4.194,0.500,2.097,1,7.281,347.18,7.281,7.281,0.313
3,ec.gp.GPIndividual@1326112814{-800689608},3C_20_66-01.txt,7.322,0.500,3.661,1,3.969,108.40,3.969,7.281,0.313
3,ec.gp.GPIndividual@1326112814{-800689608},3C_20_66-01.txt,7.322,0.500,3.661,3,4.531,123.77,1.510,7.281,0.172
3,ec.gp.GPIndividual@1326112814{-800689608},3C_20_80-02.txt,35.738,0.500,17.869,4,3.172,17.75,0.793,7.281,0.156
3,ec.gp.GPIndividual@1326112814{-800689608},3C_20_66-02.txt,154.245,0.500,77.122,1,1.594,2.07,1.594,7.281,0.156
3,ec.gp.GPIndividual@1326112814{-800689608},3C_20_66-02.txt,154.245,0.500,77.122,2,9.203,11.93,4.602,7.281,0.156
3,ec.gp.GPIndividual@1326112814{-800689608},3C_20_80-03.txt,169.439,0.500,84.719,1,3.531,4.17,3.531,7.281,0.156
3,ec.gp.GPIndividual@1326112814{-800689608},3C_20_66-01.txt,7.322,0.500,3.661,1,3.328,90.91,3.328,7.281,0.156
3,ec.gp.GPIndividual@1326112814{-800689608},3C_20_66-01.txt,7.322,0.500,3.661,4,3.672,100.29,0.918,7.281,0.156
3,ec.gp.GPIndividual@1326112814{-800689608},3C_20_66-03.txt,118.340,0.500,59.170,3,4.438,7.50,1.479,7.281,0.156
3,ec.gp.GPIndividual@1326112814{-800689608},3C_20_66-02.txt,154.245,0.500,77.122,2,2.172,2.82,1.086,7.281,0.156
3,ec.gp.GPIndividual@1326112814{-800689608},3C_20_66-03.txt,118.340,0.500,59.170,3,9.438,15.95,3.146,7.281,0.156
3,ec.gp.GPIndividual@32622243{1665372848},3C_20_50-02.txt,61.404,0.500,30.702,2,1.469,4.78,0.734,1.469,0.000
3,ec.gp.GPIndividual@32622243{1665372848},3C_20_66-02.txt,154.245,0.500,77.122,1,0.344,0.45,0.344,1.469,0.000
3,ec.gp.GPIndividual@32622243{1665372848},3C_20_50-03.txt,30.993,0.500,15.496,3,2.531,16.33,0.844,1.469,0.000
3,ec.gp.GPIndividual@32622243{1665372848},3C_20_66-03.txt,118.340,0.500,59.170,6,29.703,50.20,4.951,9.078,0.000
3,ec.gp.GPIndividual@32622243{1665372848},3C_20_66-01.txt,7.322,0.500,3.661,3,2.125,58.04,0.708,9.078,0.000
3,ec.gp.GPIndividual@32622243{1665372848},3C_20_66-02.txt,154.245,0.500,77.122,4,8.391,10.88,2.098,9.078,0.000
3,ec.gp.GPIndividual@32622243{1665372848},3C_20_80-01.txt,4.194,0.500,2.097,2,1.609,76.74,0.805,9.078,0.000
3,ec.gp.GPIndividual@32622243{1665372848},3C_20_66-03.txt,118.340,0.500,59.170,3,9.344,15.79,3.115,9.078,0.000
3,ec.gp.GPIndividual@32622243{1665372848},3C_20_66-03.txt,118.340,0.500,59.170,2,1.172,1.98,0.586,9.078,0.000
3,ec.gp.GPIndividual@32622243{1665372848},3C_20_80-02.txt,35.738,0.500,17.869,1,3.438,19.24,3.438,9.078,0.000
3,ec.gp.GPIndividual@32622243{1665372848},3C_20_80-01.txt,4.194,0.500,2.097,2,1.453,69.29,0.727,9.078,0.000
3,ec.gp.GPIndividual@32622243{1665372848},3C_20_80-02.txt,35.738,0.500,17.869,3,7.453,41.71,2.484,9.078,0.000
3,ec.gp.GPIndividual@32622243{1665372848},3C_20_80-03.txt,169.439,0.500,84.719,3,13.938,16.45,4.646,9.078,0.000
3,ec.gp.GPIndividual@32622243{1665372848},3C_20_80-01.txt,4.194,0.500,2.097,3,1.625,77.48,0.542,9.078,0.000
3,ec.gp.GPIndividual@32622243{1665372848},3C_20_80-03.txt,169.439,0.500,84.719,1,0.875,1.03,0.875,9.078,0.000
3,ec.gp.GPIndividual@32622243{1665372848},3C_20_80-02.txt,35.738,0.500,17.869,2,3.281,18.36,1.641,9.078,0.000
3,ec.gp.GPIndividual@32622243{1665372848},3C_20_80-01.txt,4.194,0.500,2.097,2,1.422,67.80,0.711,9.078,0.000
3,ec.gp.GPIndividual@32622243{1665372848},3C_20_80-02.txt,35.738,0.500,17.869,1,2.156,12.07,2.156,9.078,0.000
3,ec.gp.GPIndividual@32622243{1665372848},3C_20_80-03.txt,169.439,0.500,84.719,10,43.203,51.00,4.320,15.297,0.000
3,ec.gp.GPIndividual@1547467717{949744479},3C_20_50-02.txt,61.404,0.500,30.702,0,0.000,0.00,0.000,0.000,0.000
3,ec.gp.GPIndividual@1547467717{949744479},3C_20_50-03.txt,30.993,0.500,15.496,1,6.000,38.72,6.000,6.000,6.000
3,ec.gp.GPIndividual@1547467717{949744479},3C_20_66-01.txt,7.322,0.500,3.661,0,0.000,0.00,0.000,6.000,6.000
3,ec.gp.GPIndividual@1547467717{949744479},3C_20_66-02.txt,154.245,0.500,77.122,0,0.000,0.00,0.000,6.000,6.000
3,ec.gp.GPIndividual@1547467717{949744479},3C_20_66-03.txt,118.340,0.500,59.170,1,1.922,3.25,1.922,6.000,1.922
3,ec.gp.GPIndividual@1547467717{949744479},3C_20_80-01.txt,4.194,0.500,2.097,0,0.000,0.00,0.000,6.000,1.922
3,ec.gp.GPIndividual@1547467717{949744479},3C_20_80-02.txt,35.738,0.500,17.869,0,0.000,0.00,0.000,6.000,1.922
3,ec.gp.GPIndividual@1547467717{949744479},3C_20_80-03.txt,169.439,0.500,84.719,0,0.000,0.00,0.000,6.000,1.922
3,ec.gp.GPIndividual@1819043793{1433486497},3C_20_50-02.txt,61.404,0.500,30.702,2,5.547,18.07,2.773,5.016,0.531
3,ec.gp.GPIndividual@368482382{-1010285235},3C_20_50-02.txt,61.404,0.500,30.702,0,0.000,0.00,0.000,0.000,0.000
3,ec.gp.GPIndividual@368482382{-1010285235},3C_20_50-03.txt,30.993,0.500,15.496,0,0.000,0.00,0.000,0.000,0.000
3,ec.gp.GPIndividual@368482382{-1010285235},3C_20_66-01.txt,7.322,0.500,3.661,0,0.000,0.00,0.000,0.000,0.000
3,ec.gp.GPIndividual@368482382{-1010285235},3C_20_66-02.txt,154.245,0.500,77.122,0,0.000,0.00,0.000,0.000,0.000
3,ec.gp.GPIndividual@368482382{-1010285235},3C_20_66-03.txt,118.340,0.500,59.170,0,0.000,0.00,0.000,0.000,0.000
3,ec.gp.GPIndividual@368482382{-1010285235},3C_20_80-01.txt,4.194,0.500,2.097,0,0.000,0.00,0.000,0.000,0.000
3,ec.gp.GPIndividual@368482382{-1010285235},3C_20_80-02.txt,35.738,0.500,17.869,0,0.000,0.00,0.000,0.000,0.000
3,ec.gp.GPIndividual@368482382{-1010285235},3C_20_80-03.txt,169.439,0.500,84.719,0,0.000,0.00,0.000,0.000,0.000
3,ec.gp.GPIndividual@929478901{-80627951},3C_20_50-02.txt,61.404,0.500,30.702,0,0.000,0.00,0.000,0.000,0.000
3,ec.gp.GPIndividual@929478901{-80627951},3C_20_50-03.txt,30.993,0.500,15.496,0,0.000,0.00,0.000,0.000,0.000
3,ec.gp.GPIndividual@929478901{-80627951},3C_20_66-01.txt,7.322,0.500,3.661,0,0.000,0.00,0.000,0.000,0.000
3,ec.gp.GPIndividual@929478901{-80627951},3C_20_66-02.txt,154.245,0.500,77.122,0,0.000,0.00,0.000,0.000,0.000
3,ec.gp.GPIndividual@929478901{-80627951},3C_20_66-03.txt,118.340,0.500,59.170,0,0.000,0.00,0.000,0.000,0.000
3,ec.gp.GPIndividual@929478901{-80627951},3C_20_80-01.txt,4.194,0.500,2.097,0,0.000,0.00,0.000,0.000,0.000
3,ec.gp.GPIndividual@929478901{-80627951},3C_20_80-02.txt,35.738,0.500,17.869,0,0.000,0.00,0.000,0.000,0.000
3,ec.gp.GPIndividual@929478901{-80627951},3C_20_80-03.txt,169.439,0.500,84.719,0,0.000,0.00,0.000,0.000,0.000
3,ec.gp.GPIndividual@1456776653{221190525},3C_20_50-02.txt,61.404,0.500,30.702,6,14.828,48.30,2.471,4.984,0.281
3,ec.gp.GPIndividual@1456776653{221190525},3C_20_80-01.txt,4.194,0.500,2.097,1,23.031,1098.17,23.031,23.031,0.281
3,ec.gp.GPIndividual@1456776653{221190525},3C_20_80-03.txt,169.439,0.500,84.719,4,8.953,10.57,2.238,23.031,0.281
3,ec.gp.GPIndividual@1456776653{221190525},3C_20_80-02.txt,35.738,0.500,17.869,2,2.750,15.39,1.375,23.031,0.281
3,ec.gp.GPIndividual@1456776653{221190525},3C_20_80-03.txt,169.439,0.500,84.719,4,16.547,19.53,4.137,23.031,0.281
3,ec.gp.GPIndividual@557311456{-1470217837},3C_20_50-02.txt,61.404,0.500,30.702,0,0.000,0.00,0.000,0.000,0.000
3,ec.gp.GPIndividual@557311456{-1470217837},3C_20_50-03.txt,30.993,0.500,15.496,0,0.000,0.00,0.000,0.000,0.000
3,ec.gp.GPIndividual@557311456{-1470217837},3C_20_66-01.txt,7.322,0.500,3.661,0,0.000,0.00,0.000,0.000,0.000
3,ec.gp.GPIndividual@557311456{-1470217837},3C_20_66-02.txt,154.245,0.500,77.122,0,0.000,0.00,0.000,0.000,0.000
3,ec.gp.GPIndividual@557311456{-1470217837},3C_20_66-03.txt,118.340,0.500,59.170,0,0.000,0.00,0.000,0.000,0.000
3,ec.gp.GPIndividual@557311456{-1470217837},3C_20_80-01.txt,4.194,0.500,2.097,0,0.000,0.00,0.000,0.000,0.000
3,ec.gp.GPIndividual@557311456{-1470217837},3C_20_80-02.txt,35.738,0.500,17.869,0,0.000,0.00,0.000,0.000,0.000
3,ec.gp.GPIndividual@557311456{-1470217837},3C_20_80-03.txt,169.439,0.500,84.719,0,0.000,0.00,0.000,0.000,0.000
3,ec.gp.GPIndividual@910194087{1924498607},3C_20_50-02.txt,61.404,0.500,30.702,3,6.438,20.97,2.146,4.703,0.438
3,ec.gp.GPIndividual@910194087{1924498607},3C_20_50-03.txt,30.993,0.500,15.496,3,30.719,198.23,10.240,22.688,0.438
3,ec.gp.GPIndividual@910194087{1924498607},3C_20_66-03.txt,118.340,0.500,59.170,1,3.078,5.20,3.078,22.688,0.438
3,ec.gp.GPIndividual@910194087{1924498607},3C_20_66-01.txt,7.322,0.500,3.661,1,4.438,121.21,4.438,22.688,0.438
3,ec.gp.GPIndividual@910194087{1924498607},3C_20_80-01.txt,4.194,0.500,2.097,2,1.594,75.99,0.797,22.688,0.438
3,ec.gp.GPIndividual@910194087{1924498607},3C_20_80-02.txt,35.738,0.500,17.869,1,0.609,3.41,0.609,22.688,0.438
3,ec.gp.GPIndividual@910194087{1924498607},3C_20_66-02.txt,154.245,0.500,77.122,1,10.234,13.27,10.234,22.688,0.438
3,ec.gp.GPIndividual@1954542050{-269364321},3C_20_50-02.txt,61.404,0.500,30.702,1,0.000,0.00,0.000,0.000,0.000
3,ec.gp.GPIndividual@1954542050{-269364321},3C_20_50-03.txt,30.993,0.500,15.496,1,0.000,0.00,0.000,0.000,0.000
3,ec.gp.GPIndividual@1954542050{-269364321},3C_20_66-01.txt,7.322,0.500,3.661,1,0.000,0.00,0.000,0.000,0.000
3,ec.gp.GPIndividual@1954542050{-269364321},3C_20_66-02.txt,154.245,0.500,77.122,1,0.000,0.00,0.000,0.000,0.000
3,ec.gp.GPIndividual@1954542050{-269364321},3C_20_66-03.txt,118.340,0.500,59.170,1,0.000,0.00,0.000,0.000,0.000
3,ec.gp.GPIndividual@1954542050{-269364321},3C_20_80-01.txt,4.194,0.500,2.097,1,0.000,0.00,0.000,0.000,0.000
3,ec.gp.GPIndividual@1954542050{-269364321},3C_20_80-02.txt,35.738,0.500,17.869,1,0.000,0.00,0.000,0.000,0.000
3,ec.gp.GPIndividual@1954542050{-269364321},3C_20_80-03.txt,169.439,0.500,84.719,1,0.000,0.00,0.000,0.000,0.000
3,ec.gp.GPIndividual@74475396{232764969},3C_20_50-02.txt,61.404,0.500,30.702,3,5.094,16.59,1.698,3.781,0.219
3,ec.gp.GPIndividual@74475396{232764969},3C_20_66-01.txt,7.322,0.500,3.661,1,0.250,6.83,0.250,3.781,0.219
3,ec.gp.GPIndividual@74475396{232764969},3C_20_50-03.txt,30.993,0.500,15.496,1,4.828,31.16,4.828,4.828,0.219
3,ec.gp.GPIndividual@2083903765{-2011574119},3C_20_50-02.txt,61.404,0.500,30.702,10,9.859,32.11,0.986,2.438,0.219
3,ec.gp.GPIndividual@2083903765{-2011574119},3C_20_50-03.txt,30.993,0.500,15.496,1,21.234,137.03,21.234,21.234,0.219
3,ec.gp.GPIndividual@2083903765{-2011574119},3C_20_80-01.txt,4.194,0.500,2.097,1,4.125,196.69,4.125,21.234,0.219
3,ec.gp.GPIndividual@2083903765{-2011574119},3C_20_66-01.txt,7.322,0.500,3.661,5,4.703,128.46,0.941,21.234,0.125
3,ec.gp.GPIndividual@2083903765{-2011574119},3C_20_80-02.txt,35.738,0.500,17.869,1,0.906,5.07,0.906,21.234,0.125
3,ec.gp.GPIndividual@2083903765{-2011574119},3C_20_66-02.txt,154.245,0.500,77.122,5,6.453,8.37,1.291,21.234,0.125
3,ec.gp.GPIndividual@2083903765{-2011574119},3C_20_66-03.txt,118.340,0.500,59.170,6,16.344,27.62,2.724,21.234,0.125
3,ec.gp.GPIndividual@2083903765{-2011574119},3C_20_66-01.txt,7.322,0.500,3.661,2,3.672,100.29,1.836,21.234,0.109
3,ec.gp.GPIndividual@2083903765{-2011574119},3C_20_80-01.txt,4.194,0.500,2.097,4,2.203,105.05,0.551,21.234,0.109
3,ec.gp.GPIndividual@2083903765{-2011574119},3C_20_66-02.txt,154.245,0.500,77.122,4,2.500,3.24,0.625,21.234,0.109
3,ec.gp.GPIndividual@2083903765{-2011574119},3C_20_80-02.txt,35.738,0.500,17.869,7,6.438,36.03,0.920,21.234,0.109
3,ec.gp.GPIndividual@2083903765{-2011574119},3C_20_80-03.txt,169.439,0.500,84.719,22,37.984,44.84,1.727,21.234,0.000
3,ec.gp.GPIndividual@2083903765{-2011574119},3C_20_80-03.txt,169.439,0.500,84.719,25,75.500,89.12,3.020,30.578,0.000
3,ec.gp.GPIndividual@1556687145{906788513},3C_20_50-02.txt,61.404,0.500,30.702,3,2.859,9.31,0.953,1.406,0.344
3,ec.gp.GPIndividual@1556687145{906788513},3C_20_50-03.txt,30.993,0.500,15.496,2,6.859,44.26,3.430,4.281,0.344
3,ec.gp.GPIndividual@1556687145{906788513},3C_20_66-01.txt,7.322,0.500,3.661,1,18.688,510.44,18.688,18.688,0.344
3,ec.gp.GPIndividual@1556687145{906788513},3C_20_66-03.txt,118.340,0.500,59.170,2,1.438,2.43,0.719,18.688,0.344
3,ec.gp.GPIndividual@1556687145{906788513},3C_20_66-02.txt,154.245,0.500,77.122,2,17.406,22.57,8.703,18.688,0.344
3,ec.gp.GPIndividual@1556687145{906788513},3C_20_66-02.txt,154.245,0.500,77.122,1,0.859,1.11,0.859,18.688,0.344
3,ec.gp.GPIndividual@1556687145{906788513},3C_20_66-03.txt,118.340,0.500,59.170,2,34.922,59.02,17.461,31.266,0.344
3,ec.gp.GPIndividual@1486597981{-1760063075},3C_20_50-02.txt,61.404,0.500,30.702,6,5.500,17.91,0.917,1.859,0.203
3,ec.gp.GPIndividual@1486597981{-1760063075},3C_20_50-03.txt,30.993,0.500,15.496,6,10.984,70.88,1.831,3.453,0.203
3,ec.gp.GPIndividual@1486597981{-1760063075},3C_20_80-01.txt,4.194,0.500,2.097,3,1.828,87.17,0.609,3.453,0.203
3,ec.gp.GPIndividual@1486597981{-1760063075},3C_20_80-02.txt,35.738,0.500,17.869,3,4.359,24.40,1.453,3.453,0.203
3,ec.gp.GPIndividual@1486597981{-1760063075},3C_20_66-01.txt,7.322,0.500,3.661,4,3.516,96.03,0.879,3.453,0.203
3,ec.gp.GPIndividual@1486597981{-1760063075},3C_20_80-03.txt,169.439,0.500,84.719,3,2.094,2.47,0.698,3.453,0.203
3,ec.gp.GPIndividual@1486597981{-1760063075},3C_20_66-03.txt,118.340,0.500,59.170,2,1.797,3.04,0.898,3.453,0.203
3,ec.gp.GPIndividual@1486597981{-1760063075},3C_20_66-02.txt,154.245,0.500,77.122,4,15.422,20.00,3.855,10.609,0.000
3,ec.gp.GPIndividual@1486597981{-1760063075},3C_20_80-01.txt,4.194,0.500,2.097,3,5.219,248.84,1.740,10.609,0.000
3,ec.gp.GPIndividual@1486597981{-1760063075},3C_20_80-02.txt,35.738,0.500,17.869,2,0.578,3.24,0.289,10.609,0.000
3,ec.gp.GPIndividual@1486597981{-1760063075},3C_20_66-03.txt,118.340,0.500,59.170,14,61.703,104.28,4.407,19.016,0.000
3,ec.gp.GPIndividual@1486597981{-1760063075},3C_20_80-03.txt,169.439,0.500,84.719,2,33.344,39.36,16.672,29.516,0.000
3,ec.gp.GPIndividual@962688878{1463807296},3C_20_50-02.txt,61.404,0.500,30.702,1,0.219,0.71,0.219,0.219,0.219
3,ec.gp.GPIndividual@962688878{1463807296},3C_20_50-03.txt,30.993,0.500,15.496,1,5.984,38.62,5.984,5.984,0.219
3,ec.gp.GPIndividual@962688878{1463807296},3C_20_80-01.txt,4.194,0.500,2.097,1,13.484,642.96,13.484,13.484,0.219
3,ec.gp.GPIndividual@962688878{1463807296},3C_20_80-01.txt,4.194,0.500,2.097,3,2.203,105.05,0.734,13.484,0.219
3,ec.gp.GPIndividual@962688878{1463807296},3C_20_80-02.txt,35.738,0.500,17.869,2,0.328,1.84,0.164,13.484,0.000
3,ec.gp.GPIndividual@962688878{1463807296},3C_20_80-02.txt,35.738,0.500,17.869,1,2.375,13.29,2.375,13.484,0.000
3,ec.gp.GPIndividual@962688878{1463807296},3C_20_66-01.txt,7.322,0.500,3.661,3,2.984,81.52,0.995,13.484,0.000
3,ec.gp.GPIndividual@962688878{1463807296},3C_20_66-02.txt,154.245,0.500,77.122,5,4.328,5.61,0.866,13.484,0.000
3,ec.gp.GPIndividual@962688878{1463807296},3C_20_66-03.txt,118.340,0.500,59.170,1,0.797,1.35,0.797,13.484,0.000
3,ec.gp.GPIndividual@962688878{1463807296},3C_20_80-03.txt,169.439,0.500,84.719,1,0.813,0.96,0.813,13.484,0.000
3,ec.gp.GPIndividual@962688878{1463807296},3C_20_80-03.txt,169.439,0.500,84.719,1,3.531,4.17,3.531,13.484,0.000
3,ec.gp.GPIndividual@962688878{1463807296},3C_20_80-01.txt,4.194,0.500,2.097,1,3.578,170.61,3.578,13.484,0.000
3,ec.gp.GPIndividual@1217986360{-1806681607},3C_20_50-02.txt,61.404,0.500,30.702,2,4.313,14.05,2.156,3.578,0.734
3,ec.gp.GPIndividual@1217986360{-1806681607},3C_20_80-02.txt,35.738,0.500,17.869,1,0.188,1.05,0.188,3.578,0.188
3,ec.gp.GPIndividual@1217986360{-1806681607},3C_20_50-03.txt,30.993,0.500,15.496,1,1.297,8.37,1.297,3.578,0.188
3,ec.gp.GPIndividual@1217986360{-1806681607},3C_20_80-03.txt,169.439,0.500,84.719,2,5.297,6.25,2.648,3.578,0.188
3,ec.gp.GPIndividual@1217986360{-1806681607},3C_20_66-01.txt,7.322,0.500,3.661,1,0.625,17.07,0.625,3.578,0.188
3,ec.gp.GPIndividual@1217986360{-1806681607},3C_20_66-02.txt,154.245,0.500,77.122,1,3.578,4.64,3.578,3.578,0.188
3,ec.gp.GPIndividual@2063533430{-1811087076},3C_20_50-02.txt,61.404,0.500,30.702,1,1.500,4.89,1.500,1.500,1.500
3,ec.gp.GPIndividual@2063533430{-1811087076},3C_20_66-03.txt,118.340,0.500,59.170,1,0.203,0.34,0.203,1.500,0.203
3,ec.gp.GPIndividual@2063533430{-1811087076},3C_20_50-03.txt,30.993,0.500,15.496,1,2.594,16.74,2.594,2.594,0.203
3,ec.gp.GPIndividual@2063533430{-1811087076},3C_20_66-01.txt,7.322,0.500,3.661,1,0.578,15.79,0.578,2.594,0.203
3,ec.gp.GPIndividual@2063533430{-1811087076},3C_20_66-02.txt,154.245,0.500,77.122,1,3.844,4.98,3.844,3.844,0.203
3,ec.gp.GPIndividual@2063533430{-1811087076},3C_20_80-01.txt,4.194,0.500,2.097,1,0.719,34.27,0.719,3.844,0.203
3,ec.gp.GPIndividual@2063533430{-1811087076},3C_20_80-02.txt,35.738,0.500,17.869,1,1.391,7.78,1.391,3.844,0.203
3,ec.gp.GPIndividual@2063533430{-1811087076},3C_20_66-03.txt,118.340,0.500,59.170,1,1.297,2.19,1.297,3.844,0.203
3,ec.gp.GPIndividual@2063533430{-1811087076},3C_20_80-03.txt,169.439,0.500,84.719,1,3.484,4.11,3.484,3.844,0.203
3,ec.gp.GPIndividual@2063533430{-1811087076},3C_20_80-01.txt,4.194,0.500,2.097,1,0.734,35.02,0.734,3.844,0.203
3,ec.gp.GPIndividual@2063533430{-1811087076},3C_20_80-02.txt,35.738,0.500,17.869,1,3.563,19.94,3.563,3.844,0.203
3,ec.gp.GPIndividual@85596441{1393138095},3C_20_50-02.txt,61.404,0.500,30.702,1,0.219,0.71,0.219,0.219,0.219
3,ec.gp.GPIndividual@85596441{1393138095},3C_20_50-03.txt,30.993,0.500,15.496,1,1.281,8.27,1.281,1.281,0.219
3,ec.gp.GPIndividual@85596441{1393138095},3C_20_80-03.txt,169.439,0.500,84.719,1,2.688,3.17,2.688,2.688,0.219
3,ec.gp.GPIndividual@85596441{1393138095},3C_20_66-01.txt,7.322,0.500,3.661,1,0.594,16.22,0.594,2.688,0.219
3,ec.gp.GPIndividual@85596441{1393138095},3C_20_66-02.txt,154.245,0.500,77.122,1,3.656,4.74,3.656,3.656,0.219
3,ec.gp.GPIndividual@2003395675{-2139070753},3C_20_50-02.txt,61.404,0.500,30.702,1,0.141,0.46,0.141,0.141,0.141
3,ec.gp.GPIndividual@2003395675{-2139070753},3C_20_50-03.txt,30.993,0.500,15.496,1,0.766,4.94,0.766,0.766,0.141
3,ec.gp.GPIndividual@2003395675{-2139070753},3C_20_80-03.txt,169.439,0.500,84.719,1,1.734,2.05,1.734,1.734,0.141
3,ec.gp.GPIndividual@2003395675{-2139070753},3C_20_66-01.txt,7.322,0.500,3.661,1,0.359,9.82,0.359,1.734,0.141
3,ec.gp.GPIndividual@2003395675{-2139070753},3C_20_66-02.txt,154.245,0.500,77.122,1,2.594,3.36,2.594,2.594,0.141
3,ec.gp.GPIndividual@1761993404{-1288774051},3C_20_50-02.txt,61.404,0.500,30.702,1,1.078,3.51,1.078,1.078,1.078
3,ec.gp.GPIndividual@1761993404{-1288774051},3C_20_66-03.txt,118.340,0.500,59.170,4,4.578,7.74,1.145,2.609,0.156
3,ec.gp.GPIndividual@1761993404{-1288774051},3C_20_80-01.txt,4.194,0.500,2.097,2,1.859,88.66,0.930,2.609,0.156
3,ec.gp.GPIndividual@1761993404{-1288774051},3C_20_80-02.txt,35.738,0.500,17.869,2,0.328,1.84,0.164,2.609,0.000
3,ec.gp.GPIndividual@1761993404{-1288774051},3C_20_50-03.txt,30.993,0.500,15.496,1,0.875,5.65,0.875,2.609,0.000
3,ec.gp.GPIndividual@1761993404{-1288774051},3C_20_80-03.txt,169.439,0.500,84.719,2,4.422,5.22,2.211,2.609,0.000
3,ec.gp.GPIndividual@760792576{47800273},3C_20_50-02.txt,61.404,0.500,30.702,0,0.000,0.00,0.000,0.000,0.000
3,ec.gp.GPIndividual@760792576{47800273},3C_20_50-03.txt,30.993,0.500,15.496,0,0.000,0.00,0.000,0.000,0.000
3,ec.gp.GPIndividual@760792576{47800273},3C_20_66-01.txt,7.322,0.500,3.661,0,0.000,0.00,0.000,0.000,0.000
3,ec.gp.GPIndividual@760792576{47800273},3C_20_66-02.txt,154.245,0.500,77.122,0,0.000,0.00,0.000,0.000,0.000
3,ec.gp.GPIndividual@760792576{47800273},3C_20_66-03.txt,118.340,0.500,59.170,0,0.000,0.00,0.000,0.000,0.000
3,ec.gp.GPIndividual@760792576{47800273},3C_20_80-01.txt,4.194,0.500,2.097,0,0.000,0.00,0.000,0.000,0.000
3,ec.gp.GPIndividual@760792576{47800273},3C_20_80-02.txt,35.738,0.500,17.869,0,0.000,0.00,0.000,0.000,0.000
3,ec.gp.GPIndividual@760792576{47800273},3C_20_80-03.txt,169.439,0.500,84.719,0,0.000,0.00,0.000,0.000,0.000
3,ec.gp.GPIndividual@982135942{1412287855},3C_20_50-02.txt,61.404,0.500,30.702,0,0.000,0.00,0.000,0.000,0.000
3,ec.gp.GPIndividual@982135942{1412287855},3C_20_50-03.txt,30.993,0.500,15.496,0,0.000,0.00,0.000,0.000,0.000
3,ec.gp.GPIndividual@982135942{1412287855},3C_20_66-01.txt,7.322,0.500,3.661,1,0.453,12.38,0.453,0.453,0.453
3,ec.gp.GPIndividual@982135942{1412287855},3C_20_66-02.txt,154.245,0.500,77.122,1,0.828,1.07,0.828,0.828,0.453
3,ec.gp.GPIndividual@982135942{1412287855},3C_20_66-03.txt,118.340,0.500,59.170,0,0.000,0.00,0.000,0.828,0.453
3,ec.gp.GPIndividual@982135942{1412287855},3C_20_80-01.txt,4.194,0.500,2.097,0,0.000,0.00,0.000,0.828,0.453
3,ec.gp.GPIndividual@982135942{1412287855},3C_20_80-02.txt,35.738,0.500,17.869,2,3.734,20.90,1.867,3.109,0.453
3,ec.gp.GPIndividual@982135942{1412287855},3C_20_80-03.txt,169.439,0.500,84.719,0,0.000,0.00,0.000,3.109,0.453
3,ec.gp.GPIndividual@1224938711{-1878650191},3C_20_50-02.txt,61.404,0.500,30.702,2,33.016,107.54,16.508,32.859,0.156
3,ec.gp.GPIndividual@2071841536{-817939790},3C_20_50-02.txt,61.404,0.500,30.702,1,0.188,0.61,0.188,0.188,0.188
3,ec.gp.GPIndividual@2071841536{-817939790},3C_20_50-03.txt,30.993,0.500,15.496,2,0.891,5.75,0.445,0.734,0.156
3,ec.gp.GPIndividual@2071841536{-817939790},3C_20_50-03.txt,30.993,0.500,15.496,1,1.828,11.80,1.828,1.828,0.156
3,ec.gp.GPIndividual@2071841536{-817939790},3C_20_66-01.txt,7.322,0.500,3.661,2,2.234,61.03,1.117,1.828,0.156
3,ec.gp.GPIndividual@2071841536{-817939790},3C_20_66-02.txt,154.245,0.500,77.122,2,4.438,5.75,2.219,3.656,0.156
3,ec.gp.GPIndividual@2071841536{-817939790},3C_20_66-01.txt,7.322,0.500,3.661,1,1.047,28.59,1.047,3.656,0.156
3,ec.gp.GPIndividual@2071841536{-817939790},3C_20_66-03.txt,118.340,0.500,59.170,2,1.047,1.77,0.523,3.656,0.156
3,ec.gp.GPIndividual@2071841536{-817939790},3C_20_66-02.txt,154.245,0.500,77.122,2,1.641,2.13,0.820,3.656,0.156
3,ec.gp.GPIndividual@2071841536{-817939790},3C_20_66-03.txt,118.340,0.500,59.170,1,2.500,4.23,2.500,3.656,0.156
3,ec.gp.GPIndividual@2071841536{-817939790},3C_20_80-01.txt,4.194,0.500,2.097,1,0.625,29.80,0.625,3.656,0.156
3,ec.gp.GPIndividual@2071841536{-817939790},3C_20_80-02.txt,35.738,0.500,17.869,1,0.938,5.25,0.938,3.656,0.156
3,ec.gp.GPIndividual@2071841536{-817939790},3C_20_80-03.txt,169.439,0.500,84.719,2,4.203,4.96,2.102,3.656,0.156
3,ec.gp.GPIndividual@2071841536{-817939790},3C_20_80-01.txt,4.194,0.500,2.097,1,2.547,121.44,2.547,3.656,0.156
3,ec.gp.GPIndividual@1702574442{-2052689795},3C_20_50-02.txt,61.404,0.500,30.702,3,0.172,0.56,0.057,0.172,0.000
3,ec.gp.GPIndividual@1702574442{-2052689795},3C_20_50-03.txt,30.993,0.500,15.496,4,1.234,7.97,0.309,0.672,0.000
3,ec.gp.GPIndividual@1702574442{-2052689795},3C_20_80-02.txt,35.738,0.500,17.869,1,1.766,9.88,1.766,1.766,0.000
3,ec.gp.GPIndividual@1702574442{-2052689795},3C_20_66-01.txt,7.322,0.500,3.661,4,1.359,37.13,0.340,1.766,0.000
3,ec.gp.GPIndividual@1702574442{-2052689795},3C_20_66-02.txt,154.245,0.500,77.122,3,0.500,0.65,0.167,1.766,0.000
3,ec.gp.GPIndividual@1702574442{-2052689795},3C_20_80-03.txt,169.439,0.500,84.719,2,11.094,13.09,5.547,9.984,0.000
3,ec.gp.GPIndividual@1702574442{-2052689795},3C_20_66-03.txt,118.340,0.500,59.170,4,5.094,8.61,1.273,9.984,0.000
3,ec.gp.GPIndividual@1702574442{-2052689795},3C_20_80-01.txt,4.194,0.500,2.097,3,0.625,29.80,0.208,9.984,0.000
3,ec.gp.GPIndividual@1702574442{-2052689795},3C_20_80-02.txt,35.738,0.500,17.869,3,0.938,5.25,0.313,9.984,0.000
3,ec.gp.GPIndividual@1702574442{-2052689795},3C_20_80-03.txt,169.439,0.500,84.719,3,2.609,3.08,0.870,9.984,0.000
3,ec.gp.GPIndividual@1818319238{546157303},3C_20_50-02.txt,61.404,0.500,30.702,3,0.281,0.92,0.094,0.219,0.031
3,ec.gp.GPIndividual@1818319238{546157303},3C_20_50-03.txt,30.993,0.500,15.496,2,1.516,9.78,0.758,0.953,0.031
3,ec.gp.GPIndividual@1818319238{546157303},3C_20_66-01.txt,7.322,0.500,3.661,2,0.313,8.54,0.156,0.953,0.031
3,ec.gp.GPIndividual@1818319238{546157303},3C_20_66-02.txt,154.245,0.500,77.122,2,0.500,0.65,0.250,0.953,0.031
3,ec.gp.GPIndividual@1818319238{546157303},3C_20_66-03.txt,118.340,0.500,59.170,2,1.250,2.11,0.625,0.953,0.031
3,ec.gp.GPIndividual@1818319238{546157303},3C_20_80-01.txt,4.194,0.500,2.097,2,0.375,17.88,0.188,0.953,0.031
3,ec.gp.GPIndividual@1818319238{546157303},3C_20_80-02.txt,35.738,0.500,17.869,2,0.438,2.45,0.219,0.953,0.031
3,ec.gp.GPIndividual@1818319238{546157303},3C_20_80-03.txt,169.439,0.500,84.719,2,34.359,40.56,17.180,33.578,0.031
4,ec.gp.GPIndividual@2067064080{1295570354},null,0.000,0.500,0.000,0,0.000,0.00,0.000,0.000,0.000
4,ec.gp.GPIndividual@2067064080{1295570354},3C_20_50-03.txt,30.993,0.500,15.496,0,0.000,0.00,0.000,0.000,0.000
4,ec.gp.GPIndividual@2067064080{1295570354},3C_20_66-01.txt,7.322,0.500,3.661,0,0.000,0.00,0.000,0.000,0.000
4,ec.gp.GPIndividual@2067064080{1295570354},3C_20_66-01.txt,7.322,0.500,3.661,0,0.000,0.00,0.000,0.000,0.000
4,ec.gp.GPIndividual@2067064080{1295570354},3C_20_66-02.txt,154.245,0.500,77.122,0,0.000,0.00,0.000,0.000,0.000
4,ec.gp.GPIndividual@2067064080{1295570354},3C_20_66-01.txt,7.322,0.500,3.661,0,0.000,0.00,0.000,0.000,0.000
4,ec.gp.GPIndividual@2067064080{1295570354},3C_20_66-01.txt,7.322,0.500,3.661,0,0.000,0.00,0.000,0.000,0.000
4,ec.gp.GPIndividual@2067064080{1295570354},3C_20_66-02.txt,154.245,0.500,77.122,0,0.000,0.00,0.000,0.000,0.000
4,ec.gp.GPIndividual@2067064080{1295570354},3C_20_66-03.txt,118.340,0.500,59.170,0,0.000,0.00,0.000,0.000,0.000
4,ec.gp.GPIndividual@2067064080{1295570354},3C_20_66-03.txt,118.340,0.500,59.170,0,0.000,0.00,0.000,0.000,0.000
4,ec.gp.GPIndividual@2067064080{1295570354},3C_20_80-01.txt,4.194,0.500,2.097,0,0.000,0.00,0.000,0.000,0.000
4,ec.gp.GPIndividual@2067064080{1295570354},3C_20_80-01.txt,4.194,0.500,2.097,0,0.000,0.00,0.000,0.000,0.000
4,ec.gp.GPIndividual@2067064080{1295570354},3C_20_80-03.txt,169.439,0.500,84.719,0,0.000,0.00,0.000,0.000,0.000
4,ec.gp.GPIndividual@2067064080{1295570354},3C_20_80-03.txt,169.439,0.500,84.719,0,0.000,0.00,0.000,0.000,0.000
4,ec.gp.GPIndividual@1156140000{-39774385},3C_20_50-02.txt,61.404,0.500,30.702,0,0.000,0.00,0.000,0.000,0.000
4,ec.gp.GPIndividual@1156140000{-39774385},3C_20_80-03.txt,169.439,0.500,84.719,0,0.000,0.00,0.000,0.000,0.000
4,ec.gp.GPIndividual@1755442964{-1236421793},3C_20_50-02.txt,61.404,0.500,30.702,0,0.000,0.00,0.000,0.000,0.000
4,ec.gp.GPIndividual@1755442964{-1236421793},3C_20_50-03.txt,30.993,0.500,15.496,0,0.000,0.00,0.000,0.000,0.000
4,ec.gp.GPIndividual@1755442964{-1236421793},3C_20_66-01.txt,7.322,0.500,3.661,0,0.000,0.00,0.000,0.000,0.000
4,ec.gp.GPIndividual@1755442964{-1236421793},3C_20_66-02.txt,154.245,0.500,77.122,0,0.000,0.00,0.000,0.000,0.000
4,ec.gp.GPIndividual@1755442964{-1236421793},3C_20_66-03.txt,118.340,0.500,59.170,0,0.000,0.00,0.000,0.000,0.000
4,ec.gp.GPIndividual@1755442964{-1236421793},3C_20_80-01.txt,4.194,0.500,2.097,0,0.000,0.00,0.000,0.000,0.000
4,ec.gp.GPIndividual@1755442964{-1236421793},3C_20_80-02.txt,35.738,0.500,17.869,0,0.000,0.00,0.000,0.000,0.000
4,ec.gp.GPIndividual@1755442964{-1236421793},3C_20_80-03.txt,169.439,0.500,84.719,0,0.000,0.00,0.000,0.000,0.000
4,ec.gp.GPIndividual@511138408{-396789355},3C_20_50-02.txt,61.404,0.500,30.702,4,1.281,4.17,0.320,0.344,0.250
4,ec.gp.GPIndividual@511138408{-396789355},3C_20_50-03.txt,30.993,0.500,15.496,5,6.000,38.72,1.200,1.891,0.250
4,ec.gp.GPIndividual@511138408{-396789355},3C_20_50-03.txt,30.993,0.500,15.496,3,4.328,27.93,1.443,1.922,0.250
4,ec.gp.GPIndividual@511138408{-396789355},3C_20_50-03.txt,30.993,0.500,15.496,4,12.141,78.35,3.035,4.516,0.250
4,ec.gp.GPIndividual@511138408{-396789355},3C_20_66-01.txt,7.322,0.500,3.661,1,1.281,35.00,1.281,4.516,0.250
4,ec.gp.GPIndividual@511138408{-396789355},3C_20_66-02.txt,154.245,0.500,77.122,6,18.078,23.44,3.013,4.516,0.000
4,ec.gp.GPIndividual@511138408{-396789355},3C_20_50-03.txt,30.993,0.500,15.496,1,2.484,16.03,2.484,4.516,0.000
4,ec.gp.GPIndividual@511138408{-396789355},3C_20_66-03.txt,118.340,0.500,59.170,2,12.063,20.39,6.031,7.828,0.000
4,ec.gp.GPIndividual@511138408{-396789355},3C_20_66-01.txt,7.322,0.500,3.661,1,6.219,169.86,6.219,7.828,0.000
4,ec.gp.GPIndividual@511138408{-396789355},3C_20_80-01.txt,4.194,0.500,2.097,1,7.781,371.02,7.781,7.828,0.000
4,ec.gp.GPIndividual@511138408{-396789355},3C_20_66-01.txt,7.322,0.500,3.661,4,3.438,93.89,0.859,7.828,0.000
4,ec.gp.GPIndividual@511138408{-396789355},3C_20_66-02.txt,154.245,0.500,77.122,1,0.703,0.91,0.703,7.828,0.000
4,ec.gp.GPIndividual@511138408{-396789355},3C_20_80-02.txt,35.738,0.500,17.869,1,1.031,5.77,1.031,7.828,0.000
4,ec.gp.GPIndividual@511138408{-396789355},3C_20_66-02.txt,154.245,0.500,77.122,1,2.188,2.84,2.188,7.828,0.000
4,ec.gp.GPIndividual@511138408{-396789355},3C_20_80-03.txt,169.439,0.500,84.719,4,13.625,16.08,3.406,7.828,0.000
4,ec.gp.GPIndividual@511138408{-396789355},3C_20_66-03.txt,118.340,0.500,59.170,1,1.266,2.14,1.266,7.828,0.000
4,ec.gp.GPIndividual@511138408{-396789355},3C_20_66-03.txt,118.340,0.500,59.170,1,6.406,10.83,6.406,7.828,0.000
4,ec.gp.GPIndividual@1514749801{-1760063075},3C_20_50-02.txt,61.404,0.500,30.702,5,15.969,52.01,3.194,6.813,0.391
4,ec.gp.GPIndividual@1514749801{-1760063075},3C_20_50-03.txt,30.993,0.500,15.496,2,12.813,82.68,6.406,9.516,0.391
4,ec.gp.GPIndividual@1514749801{-1760063075},3C_20_80-01.txt,4.194,0.500,2.097,2,4.516,215.31,2.258,9.516,0.391
4,ec.gp.GPIndividual@1514749801{-1760063075},3C_20_80-01.txt,4.194,0.500,2.097,1,2.531,120.69,2.531,9.516,0.391
4,ec.gp.GPIndividual@1514749801{-1760063075},3C_20_66-01.txt,7.322,0.500,3.661,3,5.438,148.52,1.813,9.516,0.391
4,ec.gp.GPIndividual@1514749801{-1760063075},3C_20_66-01.txt,7.322,0.500,3.661,0,0.000,0.00,0.000,9.516,0.391
4,ec.gp.GPIndividual@1514749801{-1760063075},3C_20_80-02.txt,35.738,0.500,17.869,2,26.078,145.94,13.039,25.078,0.391
4,ec.gp.GPIndividual@1514749801{-1760063075},3C_20_50-03.txt,30.993,0.500,15.496,1,1.203,7.76,1.203,25.078,0.391
4,ec.gp.GPIndividual@1514749801{-1760063075},3C_20_80-02.txt,35.738,0.500,17.869,3,28.750,160.89,9.583,26.141,0.391
4,ec.gp.GPIndividual@1514749801{-1760063075},3C_20_50-03.txt,30.993,0.500,15.496,5,8.406,54.25,1.681,26.141,0.391
4,ec.gp.GPIndividual@1514749801{-1760063075},3C_20_80-03.txt,169.439,0.500,84.719,3,3.500,4.13,1.167,26.141,0.391
4,ec.gp.GPIndividual@1514749801{-1760063075},3C_20_80-03.txt,169.439,0.500,84.719,1,1.359,1.60,1.359,26.141,0.391
4,ec.gp.GPIndividual@1514749801{-1760063075},3C_20_66-02.txt,154.245,0.500,77.122,8,28.172,36.53,3.521,26.141,0.391
4,ec.gp.GPIndividual@1514749801{-1760063075},3C_20_66-03.txt,118.340,0.500,59.170,8,50.609,85.53,6.326,26.141,0.000
4,ec.gp.GPIndividual@1514749801{-1760063075},3C_20_66-01.txt,7.322,0.500,3.661,2,21.219,579.57,10.609,26.141,0.000
4,ec.gp.GPIndividual@1974625060{-1875161567},3C_20_50-02.txt,61.404,0.500,30.702,1,1.266,4.12,1.266,1.266,1.266
4,ec.gp.GPIndividual@1974625060{-1875161567},3C_20_66-02.txt,154.245,0.500,77.122,4,10.719,13.90,2.680,9.859,0.000
4,ec.gp.GPIndividual@1974625060{-1875161567},3C_20_66-01.txt,7.322,0.500,3.661,2,23.844,651.27,11.922,23.313,0.000
4,ec.gp.GPIndividual@1270148675{-278022198},3C_20_50-02.txt,61.404,0.500,30.702,4,5.266,17.15,1.316,2.266,0.531
4,ec.gp.GPIndividual@1270148675{-278022198},3C_20_50-03.txt,30.993,0.500,15.496,1,29.938,193.19,29.938,29.938,0.531
4,ec.gp.GPIndividual@1270148675{-278022198},3C_20_66-02.txt,154.245,0.500,77.122,5,18.094,23.46,3.619,29.938,0.000
4,ec.gp.GPIndividual@1270148675{-278022198},3C_20_80-01.txt,4.194,0.500,2.097,2,3.016,143.79,1.508,29.938,0.000
4,ec.gp.GPIndividual@1270148675{-278022198},3C_20_66-03.txt,118.340,0.500,59.170,3,2.625,4.44,0.875,29.938,0.000
4,ec.gp.GPIndividual@1270148675{-278022198},3C_20_66-02.txt,154.245,0.500,77.122,16,38.453,49.86,2.403,29.938,0.000
4,ec.gp.GPIndividual@1270148675{-278022198},3C_20_80-02.txt,35.738,0.500,17.869,8,16.234,90.85,2.029,29.938,0.000
4,ec.gp.GPIndividual@1270148675{-278022198},3C_20_80-01.txt,4.194,0.500,2.097,2,1.656,78.97,0.828,29.938,0.000
4,ec.gp.GPIndividual@1270148675{-278022198},3C_20_80-03.txt,169.439,0.500,84.719,5,11.297,13.33,2.259,29.938,0.000
4,ec.gp.GPIndividual@1270148675{-278022198},3C_20_66-03.txt,118.340,0.500,59.170,4,19.656,33.22,4.914,29.938,0.000
4,ec.gp.GPIndividual@1270148675{-278022198},3C_20_66-01.txt,7.322,0.500,3.661,1,6.344,173.27,6.344,29.938,0.000
4,ec.gp.GPIndividual@1270148675{-278022198},3C_20_80-01.txt,4.194,0.500,2.097,2,2.297,109.52,1.148,29.938,0.000
4,ec.gp.GPIndividual@1270148675{-278022198},3C_20_66-02.txt,154.245,0.500,77.122,2,0.500,0.65,0.250,29.938,0.000
4,ec.gp.GPIndividual@1270148675{-278022198},3C_20_80-02.txt,35.738,0.500,17.869,8,30.531,170.86,3.816,29.938,0.000
4,ec.gp.GPIndividual@1270148675{-278022198},3C_20_66-03.txt,118.340,0.500,59.170,4,26.188,44.26,6.547,29.938,0.000
4,ec.gp.GPIndividual@1270148675{-278022198},3C_20_50-03.txt,30.993,0.500,15.496,4,6.563,42.35,1.641,29.938,0.000
4,ec.gp.GPIndividual@1270148675{-278022198},3C_20_80-02.txt,35.738,0.500,17.869,1,1.594,8.92,1.594,29.938,0.000
4,ec.gp.GPIndividual@1270148675{-278022198},3C_20_66-03.txt,118.340,0.500,59.170,14,59.063,99.82,4.219,29.938,0.000
4,ec.gp.GPIndividual@1270148675{-278022198},3C_20_66-01.txt,7.322,0.500,3.661,1,4.203,114.81,4.203,29.938,0.000
4,ec.gp.GPIndividual@1270148675{-278022198},3C_20_80-01.txt,4.194,0.500,2.097,2,1.578,75.25,0.789,29.938,0.000
4,ec.gp.GPIndividual@1270148675{-278022198},3C_20_66-02.txt,154.245,0.500,77.122,3,4.078,5.29,1.359,29.938,0.000
4,ec.gp.GPIndividual@1486837219{-1288774051},3C_20_50-02.txt,61.404,0.500,30.702,1,1.063,3.46,1.063,1.063,1.063
4,ec.gp.GPIndividual@1486837219{-1288774051},3C_20_80-02.txt,35.738,0.500,17.869,6,9.625,53.86,1.604,2.484,0.484
4,ec.gp.GPIndividual@1486837219{-1288774051},3C_20_80-03.txt,169.439,0.500,84.719,5,17.438,20.58,3.488,11.500,0.000
4,ec.gp.GPIndividual@1486837219{-1288774051},3C_20_80-03.txt,169.439,0.500,84.719,4,20.156,23.79,5.039,15.641,0.000
4,ec.gp.GPIndividual@1486837219{-1288774051},3C_20_80-01.txt,4.194,0.500,2.097,2,1.438,68.54,0.719,15.641,0.000
4,ec.gp.GPIndividual@1486837219{-1288774051},3C_20_80-02.txt,35.738,0.500,17.869,2,29.578,165.53,14.789,23.047,0.000
4,ec.gp.GPIndividual@1486837219{-1288774051},3C_20_80-03.txt,169.439,0.500,84.719,14,77.031,90.93,5.502,32.094,0.000
4,ec.gp.GPIndividual@1486837219{-1288774051},3C_20_50-03.txt,30.993,0.500,15.496,1,33.359,215.27,33.359,33.359,0.000
4,ec.gp.GPIndividual@1486837219{-1288774051},3C_20_66-03.txt,118.340,0.500,59.170,1,24.641,41.64,24.641,33.359,0.000
4,ec.gp.GPIndividual@443963417{-901312257},3C_20_50-02.txt,61.404,0.500,30.702,3,24.203,78.83,8.068,23.859,0.000
4,ec.gp.GPIndividual@443963417{-901312257},3C_20_80-03.txt,169.439,0.500,84.719,2,32.094,37.88,16.047,30.266,0.000
4,ec.gp.GPIndividual@42730319{1920364708},3C_20_50-02.txt,61.404,0.500,30.702,10,29.047,94.61,2.905,6.484,0.000
4,ec.gp.GPIndividual@42730319{1920364708},3C_20_50-03.txt,30.993,0.500,15.496,1,15.953,102.95,15.953,15.953,0.000
4,ec.gp.GPIndividual@616981737{611197998},3C_20_50-02.txt,61.404,0.500,30.702,2,2.344,7.63,1.172,2.344,0.000
4,ec.gp.GPIndividual@616981737{611197998},3C_20_50-03.txt,30.993,0.500,15.496,3,7.578,48.90,2.526,3.563,0.000
4,ec.gp.GPIndividual@914888116{1853911013},3C_20_50-02.txt,61.404,0.500,30.702,9,27.875,90.79,3.097,7.531,0.000
4,ec.gp.GPIndividual@914888116{1853911013},3C_20_80-01.txt,4.194,0.500,2.097,2,3.609,172.10,1.805,7.531,0.000
4,ec.gp.GPIndividual@914888116{1853911013},3C_20_50-03.txt,30.993,0.500,15.496,1,0.516,3.33,0.516,7.531,0.000
4,ec.gp.GPIndividual@914888116{1853911013},3C_20_80-02.txt,35.738,0.500,17.869,2,6.141,34.36,3.070,7.531,0.000
4,ec.gp.GPIndividual@914888116{1853911013},3C_20_66-01.txt,7.322,0.500,3.661,3,3.563,97.31,1.188,7.531,0.000
4,ec.gp.GPIndividual@914888116{1853911013},3C_20_66-02.txt,154.245,0.500,77.122,1,0.719,0.93,0.719,7.531,0.000
4,ec.gp.GPIndividual@914888116{1853911013},3C_20_80-03.txt,169.439,0.500,84.719,1,5.875,6.93,5.875,7.531,0.000
4,ec.gp.GPIndividual@914888116{1853911013},3C_20_66-01.txt,7.322,0.500,3.661,1,4.422,120.78,4.422,7.531,0.000
4,ec.gp.GPIndividual@914888116{1853911013},3C_20_66-01.txt,7.322,0.500,3.661,1,9.125,249.24,9.125,9.125,0.000
4,ec.gp.GPIndividual@914888116{1853911013},3C_20_66-01.txt,7.322,0.500,3.661,4,5.359,146.39,1.340,9.125,0.000
4,ec.gp.GPIndividual@914888116{1853911013},3C_20_66-03.txt,118.340,0.500,59.170,1,0.484,0.82,0.484,9.125,0.000
4,ec.gp.GPIndividual@914888116{1853911013},3C_20_66-02.txt,154.245,0.500,77.122,1,1.188,1.54,1.188,9.125,0.000
4,ec.gp.GPIndividual@914888116{1853911013},3C_20_66-02.txt,154.245,0.500,77.122,1,0.656,0.85,0.656,9.125,0.000
4,ec.gp.GPIndividual@914888116{1853911013},3C_20_66-02.txt,154.245,0.500,77.122,2,6.109,7.92,3.055,9.125,0.000
4,ec.gp.GPIndividual@914888116{1853911013},3C_20_50-03.txt,30.993,0.500,15.496,6,16.000,103.25,2.667,9.125,0.000
4,ec.gp.GPIndividual@914888116{1853911013},3C_20_66-03.txt,118.340,0.500,59.170,1,0.875,1.48,0.875,9.125,0.000
4,ec.gp.GPIndividual@100213851{-820819092},3C_20_50-02.txt,61.404,0.500,30.702,8,12.797,41.68,1.600,4.578,0.313
4,ec.gp.GPIndividual@100213851{-820819092},3C_20_50-03.txt,30.993,0.500,15.496,8,15.156,97.81,1.895,4.578,0.313
4,ec.gp.GPIndividual@100213851{-820819092},3C_20_66-01.txt,7.322,0.500,3.661,2,0.734,20.06,0.367,4.578,0.000
4,ec.gp.GPIndividual@100213851{-820819092},3C_20_80-02.txt,35.738,0.500,17.869,2,5.141,28.77,2.570,5.141,0.000
4,ec.gp.GPIndividual@100213851{-820819092},3C_20_80-03.txt,169.439,0.500,84.719,2,3.781,4.46,1.891,5.141,0.000
4,ec.gp.GPIndividual@100213851{-820819092},3C_20_80-01.txt,4.194,0.500,2.097,2,6.469,308.44,3.234,5.656,0.000
4,ec.gp.GPIndividual@100213851{-820819092},3C_20_80-03.txt,169.439,0.500,84.719,1,0.594,0.70,0.594,5.656,0.000
4,ec.gp.GPIndividual@100213851{-820819092},3C_20_66-02.txt,154.245,0.500,77.122,8,10.078,13.07,1.260,5.656,0.000
4,ec.gp.GPIndividual@100213851{-820819092},3C_20_66-03.txt,118.340,0.500,59.170,10,31.797,53.74,3.180,8.359,0.000
4,ec.gp.GPIndividual@100213851{-820819092},3C_20_80-01.txt,4.194,0.500,2.097,2,1.500,71.52,0.750,8.359,0.000
4,ec.gp.GPIndividual@100213851{-820819092},3C_20_80-02.txt,35.738,0.500,17.869,2,2.313,12.94,1.156,8.359,0.000
4,ec.gp.GPIndividual@100213851{-820819092},3C_20_80-03.txt,169.439,0.500,84.719,1,19.578,23.11,19.578,19.578,0.000
4,ec.gp.GPIndividual@996382705{1718100305},3C_20_50-02.txt,61.404,0.500,30.702,4,24.266,79.04,6.066,19.047,0.000
4,ec.gp.GPIndividual@996382705{1718100305},3C_20_80-03.txt,169.439,0.500,84.719,2,14.313,16.89,7.156,19.047,0.000
4,ec.gp.GPIndividual@996382705{1718100305},3C_20_80-02.txt,35.738,0.500,17.869,2,23.391,130.90,11.695,21.891,0.000
4,ec.gp.GPIndividual@389873109{447523792},3C_20_50-02.txt,61.404,0.500,30.702,6,6.781,22.09,1.130,1.938,0.344
4,ec.gp.GPIndividual@389873109{447523792},3C_20_50-03.txt,30.993,0.500,15.496,1,4.328,27.93,4.328,4.328,0.344
4,ec.gp.GPIndividual@1648865983{-1777563192},3C_20_50-02.txt,61.404,0.500,30.702,2,1.328,4.33,0.664,1.047,0.281
4,ec.gp.GPIndividual@1648865983{-1777563192},3C_20_50-03.txt,30.993,0.500,15.496,6,16.688,107.69,2.781,4.625,0.281
4,ec.gp.GPIndividual@1648865983{-1777563192},3C_20_66-01.txt,7.322,0.500,3.661,1,1.047,28.59,1.047,4.625,0.281
4,ec.gp.GPIndividual@1648865983{-1777563192},3C_20_66-01.txt,7.322,0.500,3.661,1,0.875,23.90,0.875,4.625,0.281
4,ec.gp.GPIndividual@1648865983{-1777563192},3C_20_66-02.txt,154.245,0.500,77.122,2,3.141,4.07,1.570,4.625,0.000
4,ec.gp.GPIndividual@1648865983{-1777563192},3C_20_50-03.txt,30.993,0.500,15.496,2,5.250,33.88,2.625,4.625,0.000
4,ec.gp.GPIndividual@1885209051{54469977},3C_20_50-02.txt,61.404,0.500,30.702,2,2.469,8.04,1.234,2.469,0.000
4,ec.gp.GPIndividual@1885209051{54469977},3C_20_80-03.txt,169.439,0.500,84.719,2,1.344,1.59,0.672,2.469,0.000
4,ec.gp.GPIndividual@1885209051{54469977},3C_20_66-02.txt,154.245,0.500,77.122,1,1.813,2.35,1.813,2.469,0.000
4,ec.gp.GPIndividual@1885209051{54469977},3C_20_66-03.txt,118.340,0.500,59.170,4,7.156,12.09,1.789,3.016,0.000
4,ec.gp.GPIndividual@1885209051{54469977},3C_20_66-03.txt,118.340,0.500,59.170,3,11.156,18.85,3.719,4.656,0.000
4,ec.gp.GPIndividual@1885209051{54469977},3C_20_80-01.txt,4.194,0.500,2.097,1,2.547,121.44,2.547,4.656,0.000
4,ec.gp.GPIndividual@1885209051{54469977},3C_20_50-03.txt,30.993,0.500,15.496,1,0.875,5.65,0.875,4.656,0.000
4,ec.gp.GPIndividual@1885209051{54469977},3C_20_80-02.txt,35.738,0.500,17.869,2,7.188,40.22,3.594,5.547,0.000
4,ec.gp.GPIndividual@1885209051{54469977},3C_20_80-03.txt,169.439,0.500,84.719,3,11.063,13.06,3.688,5.547,0.000
4,ec.gp.GPIndividual@1885209051{54469977},3C_20_80-01.txt,4.194,0.500,2.097,3,6.047,288.32,2.016,5.547,0.000
4,ec.gp.GPIndividual@1910930409{-1226957644},3C_20_50-02.txt,61.404,0.500,30.702,1,0.266,0.87,0.266,0.266,0.266
4,ec.gp.GPIndividual@1910930409{-1226957644},3C_20_80-02.txt,35.738,0.500,17.869,2,5.000,27.98,2.500,5.000,0.000
4,ec.gp.GPIndividual@1910930409{-1226957644},3C_20_66-01.txt,7.322,0.500,3.661,3,2.563,69.99,0.854,5.000,0.000
4,ec.gp.GPIndividual@1910930409{-1226957644},3C_20_50-03.txt,30.993,0.500,15.496,2,2.734,17.65,1.367,5.000,0.000
4,ec.gp.GPIndividual@1910930409{-1226957644},3C_20_66-02.txt,154.245,0.500,77.122,2,6.188,8.02,3.094,5.313,0.000
4,ec.gp.GPIndividual@1910930409{-1226957644},3C_20_80-03.txt,169.439,0.500,84.719,10,49.078,57.93,4.908,21.125,0.000
4,ec.gp.GPIndividual@1982869019{350614151},3C_20_50-02.txt,61.404,0.500,30.702,0,0.000,0.00,0.000,0.000,0.000
4,ec.gp.GPIndividual@1982869019{350614151},3C_20_50-03.txt,30.993,0.500,15.496,0,0.000,0.00,0.000,0.000,0.000
4,ec.gp.GPIndividual@1982869019{350614151},3C_20_66-01.txt,7.322,0.500,3.661,0,0.000,0.00,0.000,0.000,0.000
4,ec.gp.GPIndividual@1982869019{350614151},3C_20_66-02.txt,154.245,0.500,77.122,0,0.000,0.00,0.000,0.000,0.000
4,ec.gp.GPIndividual@1982869019{350614151},3C_20_66-03.txt,118.340,0.500,59.170,0,0.000,0.00,0.000,0.000,0.000
4,ec.gp.GPIndividual@1982869019{350614151},3C_20_80-01.txt,4.194,0.500,2.097,0,0.000,0.00,0.000,0.000,0.000
4,ec.gp.GPIndividual@1982869019{350614151},3C_20_80-02.txt,35.738,0.500,17.869,0,0.000,0.00,0.000,0.000,0.000
4,ec.gp.GPIndividual@1982869019{350614151},3C_20_80-03.txt,169.439,0.500,84.719,0,0.000,0.00,0.000,0.000,0.000
4,ec.gp.GPIndividual@1387306671{126047061},3C_20_50-02.txt,61.404,0.500,30.702,7,21.063,68.60,3.009,7.703,0.000
4,ec.gp.GPIndividual@1387306671{126047061},3C_20_50-03.txt,30.993,0.500,15.496,2,7.516,48.50,3.758,7.703,0.000
4,ec.gp.GPIndividual@1387306671{126047061},3C_20_66-01.txt,7.322,0.500,3.661,4,2.594,70.85,0.648,7.703,0.000
4,ec.gp.GPIndividual@1387306671{126047061},3C_20_66-02.txt,154.245,0.500,77.122,9,66.766,86.57,7.418,28.938,0.000
4,ec.gp.GPIndividual@724575793{-1839689391},3C_20_50-02.txt,61.404,0.500,30.702,3,28.266,92.06,9.422,27.984,0.000
4,ec.gp.GPIndividual@724575793{-1839689391},3C_20_66-03.txt,118.340,0.500,59.170,8,42.203,71.33,5.275,27.984,0.000
4,ec.gp.GPIndividual@724575793{-1839689391},3C_20_66-01.txt,7.322,0.500,3.661,2,2.063,56.34,1.031,27.984,0.000
4,ec.gp.GPIndividual@724575793{-1839689391},3C_20_66-02.txt,154.245,0.500,77.122,2,18.500,23.99,9.250,27.984,0.000
4,ec.gp.GPIndividual@724575793{-1839689391},3C_20_66-03.txt,118.340,0.500,59.170,8,41.000,69.29,5.125,27.984,0.000
4,ec.gp.GPIndividual@724575793{-1839689391},3C_20_80-01.txt,4.194,0.500,2.097,3,2.234,106.54,0.745,27.984,0.000
4,ec.gp.GPIndividual@724575793{-1839689391},3C_20_80-02.txt,35.738,0.500,17.869,2,0.438,2.45,0.219,27.984,0.000
4,ec.gp.GPIndividual@724575793{-1839689391},3C_20_66-03.txt,118.340,0.500,59.170,3,22.141,37.42,7.380,27.984,0.000
4,ec.gp.GPIndividual@724575793{-1839689391},3C_20_50-03.txt,30.993,0.500,15.496,6,17.297,111.62,2.883,27.984,0.000
4,ec.gp.GPIndividual@724575793{-1839689391},3C_20_80-01.txt,4.194,0.500,2.097,3,1.641,78.23,0.547,27.984,0.000
4,ec.gp.GPIndividual@724575793{-1839689391},3C_20_80-03.txt,169.439,0.500,84.719,2,2.047,2.42,1.023,27.984,0.000
4,ec.gp.GPIndividual@724575793{-1839689391},3C_20_66-01.txt,7.322,0.500,3.661,3,4.609,125.90,1.536,27.984,0.000
4,ec.gp.GPIndividual@724575793{-1839689391},3C_20_66-01.txt,7.322,0.500,3.661,2,0.875,23.90,0.438,27.984,0.000
4,ec.gp.GPIndividual@724575793{-1839689391},3C_20_80-02.txt,35.738,0.500,17.869,12,17.969,100.56,1.497,27.984,0.000
4,ec.gp.GPIndividual@960508280{1479861582},3C_20_50-02.txt,61.404,0.500,30.702,2,0.703,2.29,0.352,0.703,0.000
4,ec.gp.GPIndividual@960508280{1479861582},3C_20_80-03.txt,169.439,0.500,84.719,1,0.266,0.31,0.266,0.703,0.000
4,ec.gp.GPIndividual@960508280{1479861582},3C_20_50-03.txt,30.993,0.500,15.496,2,1.109,7.16,0.555,1.109,0.000
4,ec.gp.GPIndividual@960508280{1479861582},3C_20_66-02.txt,154.245,0.500,77.122,2,4.406,5.71,2.203,4.406,0.000
4,ec.gp.GPIndividual@960508280{1479861582},3C_20_66-02.txt,154.245,0.500,77.122,3,6.766,8.77,2.255,4.406,0.000
4,ec.gp.GPIndividual@960508280{1479861582},3C_20_66-01.txt,7.322,0.500,3.661,3,7.734,211.26,2.578,4.641,0.000
4,ec.gp.GPIndividual@378919743{1348969777},3C_20_50-02.txt,61.404,0.500,30.702,1,0.828,2.70,0.828,0.828,0.828
4,ec.gp.GPIndividual@378919743{1348969777},3C_20_66-02.txt,154.245,0.500,77.122,2,0.250,0.32,0.125,0.828,0.000
4,ec.gp.GPIndividual@378919743{1348969777},3C_20_66-03.txt,118.340,0.500,59.170,1,0.656,1.11,0.656,0.828,0.000
4,ec.gp.GPIndividual@378919743{1348969777},3C_20_66-03.txt,118.340,0.500,59.170,3,3.938,6.65,1.313,2.047,0.000
4,ec.gp.GPIndividual@378919743{1348969777},3C_20_66-03.txt,118.340,0.500,59.170,1,0.281,0.48,0.281,2.047,0.000
4,ec.gp.GPIndividual@378919743{1348969777},3C_20_50-03.txt,30.993,0.500,15.496,4,35.813,231.10,8.953,22.766,0.000
4,ec.gp.GPIndividual@378919743{1348969777},3C_20_80-01.txt,4.194,0.500,2.097,1,1.078,51.41,1.078,22.766,0.000
4,ec.gp.GPIndividual@378919743{1348969777},3C_20_66-01.txt,7.322,0.500,3.661,1,4.844,132.30,4.844,22.766,0.000
4,ec.gp.GPIndividual@378919743{1348969777},3C_20_80-01.txt,4.194,0.500,2.097,3,3.922,187.00,1.307,22.766,0.000
4,ec.gp.GPIndividual@378919743{1348969777},3C_20_80-01.txt,4.194,0.500,2.097,1,0.234,11.18,0.234,22.766,0.000
4,ec.gp.GPIndividual@378919743{1348969777},3C_20_80-02.txt,35.738,0.500,17.869,2,3.656,20.46,1.828,22.766,0.000
4,ec.gp.GPIndividual@378919743{1348969777},3C_20_80-02.txt,35.738,0.500,17.869,1,0.609,3.41,0.609,22.766,0.000
4,ec.gp.GPIndividual@378919743{1348969777},3C_20_66-02.txt,154.245,0.500,77.122,4,5.000,6.48,1.250,22.766,0.000
4,ec.gp.GPIndividual@378919743{1348969777},3C_20_80-03.txt,169.439,0.500,84.719,4,5.047,5.96,1.262,22.766,0.000
4,ec.gp.GPIndividual@378919743{1348969777},3C_20_66-03.txt,118.340,0.500,59.170,5,11.188,18.91,2.238,22.766,0.000
4,ec.gp.GPIndividual@378919743{1348969777},3C_20_80-01.txt,4.194,0.500,2.097,2,6.406,305.46,3.203,22.766,0.000
4,ec.gp.GPIndividual@677168237{-343602136},3C_20_50-02.txt,61.404,0.500,30.702,2,0.281,0.92,0.141,0.281,0.000
4,ec.gp.GPIndividual@677168237{-343602136},3C_20_80-03.txt,169.439,0.500,84.719,11,18.469,21.80,1.679,4.641,0.000
4,ec.gp.GPIndividual@677168237{-343602136},3C_20_80-01.txt,4.194,0.500,2.097,1,4.172,198.92,4.172,4.641,0.000
4,ec.gp.GPIndividual@231830658{614425712},3C_20_50-02.txt,61.404,0.500,30.702,4,2.594,8.45,0.648,1.297,0.219
4,ec.gp.GPIndividual@231830658{614425712},3C_20_50-03.txt,30.993,0.500,15.496,8,11.859,76.53,1.482,3.406,0.000
4,ec.gp.GPIndividual@231830658{614425712},3C_20_80-03.txt,169.439,0.500,84.719,1,2.969,3.50,2.969,3.406,0.000
4,ec.gp.GPIndividual@231830658{614425712},3C_20_66-01.txt,7.322,0.500,3.661,1,4.250,116.09,4.250,4.250,0.000
4,ec.gp.GPIndividual@1735808149{695842359},3C_20_50-02.txt,61.404,0.500,30.702,6,14.281,46.52,2.380,10.984,0.000
4,ec.gp.GPIndividual@1735808149{695842359},3C_20_50-03.txt,30.993,0.500,15.496,1,19.375,125.03,19.375,19.375,0.000
4,ec.gp.GPIndividual@1735808149{695842359},3C_20_80-01.txt,4.194,0.500,2.097,2,1.188,56.62,0.594,19.375,0.000
4,ec.gp.GPIndividual@1735808149{695842359},3C_20_80-02.txt,35.738,0.500,17.869,7,40.313,225.60,5.759,32.875,0.000
4,ec.gp.GPIndividual@2072175929{1055248771},3C_20_50-02.txt,61.404,0.500,30.702,8,19.766,64.38,2.471,11.984,0.000
4,ec.gp.GPIndividual@2072175929{1055248771},3C_20_80-03.txt,169.439,0.500,84.719,2,9.234,10.90,4.617,11.984,0.000
4,ec.gp.GPIndividual@2072175929{1055248771},3C_20_66-01.txt,7.322,0.500,3.661,3,11.609,317.10,3.870,11.984,0.000
4,ec.gp.GPIndividual@2072175929{1055248771},3C_20_50-03.txt,30.993,0.500,15.496,6,13.359,86.21,2.227,11.984,0.000
4,ec.gp.GPIndividual@12773359{896079850},3C_20_50-02.txt,61.404,0.500,30.702,2,4.844,15.78,2.422,4.844,0.000
4,ec.gp.GPIndividual@12773359{896079850},3C_20_66-02.txt,154.245,0.500,77.122,7,6.313,8.19,0.902,4.844,0.000
4,ec.gp.GPIndividual@12773359{896079850},3C_20_66-01.txt,7.322,0.500,3.661,7,3.563,97.31,0.509,4.844,0.000
4,ec.gp.GPIndividual@12773359{896079850},3C_20_66-02.txt,154.245,0.500,77.122,2,0.422,0.55,0.211,4.844,0.000
4,ec.gp.GPIndividual@12773359{896079850},3C_20_50-03.txt,30.993,0.500,15.496,10,14.875,95.99,1.488,5.953,0.000
4,ec.gp.GPIndividual@12773359{896079850},3C_20_66-03.txt,118.340,0.500,59.170,2,3.891,6.58,1.945,5.953,0.000
4,ec.gp.GPIndividual@12773359{896079850},3C_20_66-03.txt,118.340,0.500,59.170,2,2.672,4.52,1.336,5.953,0.000
4,ec.gp.GPIndividual@12773359{896079850},3C_20_66-01.txt,7.322,0.500,3.661,4,3.578,97.73,0.895,5.953,0.000
4,ec.gp.GPIndividual@12773359{896079850},3C_20_80-01.txt,4.194,0.500,2.097,4,4.031,192.22,1.008,5.953,0.000
4,ec.gp.GPIndividual@12773359{896079850},3C_20_80-01.txt,4.194,0.500,2.097,1,0.406,19.37,0.406,5.953,0.000
4,ec.gp.GPIndividual@12773359{896079850},3C_20_80-02.txt,35.738,0.500,17.869,2,0.203,1.14,0.102,5.953,0.000
4,ec.gp.GPIndividual@12773359{896079850},3C_20_66-02.txt,154.245,0.500,77.122,19,56.375,73.10,2.967,27.109,0.000
4,ec.gp.GPIndividual@12773359{896079850},3C_20_80-03.txt,169.439,0.500,84.719,2,26.234,30.97,13.117,27.109,0.000
4,ec.gp.GPIndividual@12773359{896079850},3C_20_80-02.txt,35.738,0.500,17.869,7,20.547,114.99,2.935,27.109,0.000
4,ec.gp.GPIndividual@12773359{896079850},3C_20_66-03.txt,118.340,0.500,59.170,2,8.203,13.86,4.102,27.109,0.000
4,ec.gp.GPIndividual@84063567{1237050811},3C_20_50-02.txt,61.404,0.500,30.702,3,4.984,16.23,1.661,4.813,0.000
4,ec.gp.GPIndividual@84063567{1237050811},3C_20_80-03.txt,169.439,0.500,84.719,3,3.203,3.78,1.068,4.813,0.000
4,ec.gp.GPIndividual@84063567{1237050811},3C_20_50-03.txt,30.993,0.500,15.496,3,7.094,45.78,2.365,4.813,0.000
4,ec.gp.GPIndividual@84063567{1237050811},3C_20_66-01.txt,7.322,0.500,3.661,2,1.094,29.87,0.547,4.813,0.000
4,ec.gp.GPIndividual@84063567{1237050811},3C_20_66-02.txt,154.245,0.500,77.122,1,5.266,6.83,5.266,5.266,0.000
4,ec.gp.GPIndividual@666444825{-2065610246},3C_20_50-02.txt,61.404,0.500,30.702,3,0.594,1.93,0.198,0.344,0.031
4,ec.gp.GPIndividual@666444825{-2065610246},3C_20_50-03.txt,30.993,0.500,15.496,2,1.516,9.78,0.758,0.984,0.031
4,ec.gp.GPIndividual@666444825{-2065610246},3C_20_66-01.txt,7.322,0.500,3.661,2,0.297,8.11,0.148,0.984,0.031
4,ec.gp.GPIndividual@666444825{-2065610246},3C_20_66-02.txt,154.245,0.500,77.122,2,0.484,0.63,0.242,0.984,0.031
4,ec.gp.GPIndividual@666444825{-2065610246},3C_20_66-03.txt,118.340,0.500,59.170,2,1.250,2.11,0.625,0.984,0.031
4,ec.gp.GPIndividual@666444825{-2065610246},3C_20_80-01.txt,4.194,0.500,2.097,2,0.375,17.88,0.188,0.984,0.031
4,ec.gp.GPIndividual@666444825{-2065610246},3C_20_80-02.txt,35.738,0.500,17.869,2,0.422,2.36,0.211,0.984,0.031
4,ec.gp.GPIndividual@666444825{-2065610246},3C_20_80-03.txt,169.439,0.500,84.719,2,34.359,40.56,17.180,33.594,0.031
5,ec.gp.GPIndividual@1400113275{1743809773},3C_20_50-02.txt,61.404,0.500,30.702,0,0.000,0.00,0.000,0.000,0.000
5,ec.gp.GPIndividual@1400113275{1743809773},3C_20_50-03.txt,30.993,0.500,15.496,0,0.000,0.00,0.000,0.000,0.000
5,ec.gp.GPIndividual@1400113275{1743809773},3C_20_66-01.txt,7.322,0.500,3.661,0,0.000,0.00,0.000,0.000,0.000
5,ec.gp.GPIndividual@1400113275{1743809773},3C_20_66-02.txt,154.245,0.500,77.122,0,0.000,0.00,0.000,0.000,0.000
5,ec.gp.GPIndividual@1400113275{1743809773},3C_20_66-03.txt,118.340,0.500,59.170,0,0.000,0.00,0.000,0.000,0.000
5,ec.gp.GPIndividual@1400113275{1743809773},3C_20_80-01.txt,4.194,0.500,2.097,0,0.000,0.00,0.000,0.000,0.000
5,ec.gp.GPIndividual@1400113275{1743809773},3C_20_80-02.txt,35.738,0.500,17.869,0,0.000,0.00,0.000,0.000,0.000
5,ec.gp.GPIndividual@1400113275{1743809773},3C_20_80-03.txt,169.439,0.500,84.719,0,0.000,0.00,0.000,0.000,0.000
5,ec.gp.GPIndividual@1134953261{1661774959},3C_20_50-02.txt,61.404,0.500,30.702,0,0.000,0.00,0.000,0.000,0.000
5,ec.gp.GPIndividual@1134953261{1661774959},3C_20_50-03.txt,30.993,0.500,15.496,0,0.000,0.00,0.000,0.000,0.000
5,ec.gp.GPIndividual@1134953261{1661774959},3C_20_66-01.txt,7.322,0.500,3.661,0,0.000,0.00,0.000,0.000,0.000
5,ec.gp.GPIndividual@1134953261{1661774959},3C_20_66-02.txt,154.245,0.500,77.122,0,0.000,0.00,0.000,0.000,0.000
5,ec.gp.GPIndividual@1134953261{1661774959},3C_20_66-03.txt,118.340,0.500,59.170,0,0.000,0.00,0.000,0.000,0.000
5,ec.gp.GPIndividual@1134953261{1661774959},3C_20_80-01.txt,4.194,0.500,2.097,0,0.000,0.00,0.000,0.000,0.000
5,ec.gp.GPIndividual@1134953261{1661774959},3C_20_80-02.txt,35.738,0.500,17.869,0,0.000,0.00,0.000,0.000,0.000
5,ec.gp.GPIndividual@1134953261{1661774959},3C_20_80-03.txt,169.439,0.500,84.719,0,0.000,0.00,0.000,0.000,0.000
5,ec.gp.GPIndividual@1375455823{504402404},3C_20_50-02.txt,61.404,0.500,30.702,1,0.250,0.81,0.250,0.250,0.250
5,ec.gp.GPIndividual@1375455823{504402404},3C_20_50-03.txt,30.993,0.500,15.496,12,12.516,80.77,1.043,2.031,0.000
5,ec.gp.GPIndividual@1375455823{504402404},3C_20_50-03.txt,30.993,0.500,15.496,1,4.375,28.23,4.375,4.375,0.000
5,ec.gp.GPIndividual@1375455823{504402404},3C_20_66-01.txt,7.322,0.500,3.661,2,5.344,145.96,2.672,4.375,0.000
5,ec.gp.GPIndividual@1375455823{504402404},3C_20_50-03.txt,30.993,0.500,15.496,4,5.922,38.21,1.480,4.375,0.000
5,ec.gp.GPIndividual@1375455823{504402404},3C_20_50-03.txt,30.993,0.500,15.496,1,0.969,6.25,0.969,4.375,0.000
5,ec.gp.GPIndividual@1375455823{504402404},3C_20_66-02.txt,154.245,0.500,77.122,2,5.625,7.29,2.813,4.375,0.000
5,ec.gp.GPIndividual@1375455823{504402404},3C_20_66-03.txt,118.340,0.500,59.170,5,23.203,39.21,4.641,6.656,0.000
5,ec.gp.GPIndividual@1375455823{504402404},3C_20_80-01.txt,4.194,0.500,2.097,1,0.906,43.21,0.906,6.656,0.000
5,ec.gp.GPIndividual@1375455823{504402404},3C_20_80-02.txt,35.738,0.500,17.869,3,23.047,128.98,7.682,7.922,0.000
5,ec.gp.GPIndividual@1375455823{504402404},3C_20_66-01.txt,7.322,0.500,3.661,2,0.891,24.33,0.445,7.922,0.000
5,ec.gp.GPIndividual@1375455823{504402404},3C_20_66-01.txt,7.322,0.500,3.661,1,2.297,62.74,2.297,7.922,0.000
5,ec.gp.GPIndividual@1375455823{504402404},3C_20_80-03.txt,169.439,0.500,84.719,6,9.281,10.96,1.547,7.922,0.000
5,ec.gp.GPIndividual@1375455823{504402404},3C_20_66-01.txt,7.322,0.500,3.661,3,3.922,107.12,1.307,7.922,0.000
5,ec.gp.GPIndividual@1375455823{504402404},3C_20_66-02.txt,154.245,0.500,77.122,1,0.516,0.67,0.516,7.922,0.000
5,ec.gp.GPIndividual@1375455823{504402404},3C_20_66-02.txt,154.245,0.500,77.122,2,1.047,1.36,0.523,7.922,0.000
5,ec.gp.GPIndividual@1375455823{504402404},3C_20_66-02.txt,154.245,0.500,77.122,1,5.906,7.66,5.906,7.922,0.000
5,ec.gp.GPIndividual@1163205311{-674884004},3C_20_50-02.txt,61.404,0.500,30.702,0,0.000,0.00,0.000,0.000,0.000
5,ec.gp.GPIndividual@1163205311{-674884004},3C_20_50-03.txt,30.993,0.500,15.496,0,0.000,0.00,0.000,0.000,0.000
5,ec.gp.GPIndividual@1163205311{-674884004},3C_20_66-01.txt,7.322,0.500,3.661,0,0.000,0.00,0.000,0.000,0.000
5,ec.gp.GPIndividual@1163205311{-674884004},3C_20_66-02.txt,154.245,0.500,77.122,0,0.000,0.00,0.000,0.000,0.000
5,ec.gp.GPIndividual@1163205311{-674884004},3C_20_66-03.txt,118.340,0.500,59.170,0,0.000,0.00,0.000,0.000,0.000
5,ec.gp.GPIndividual@1163205311{-674884004},3C_20_80-01.txt,4.194,0.500,2.097,0,0.000,0.00,0.000,0.000,0.000
5,ec.gp.GPIndividual@1163205311{-674884004},3C_20_80-02.txt,35.738,0.500,17.869,0,0.000,0.00,0.000,0.000,0.000
5,ec.gp.GPIndividual@1163205311{-674884004},3C_20_80-03.txt,169.439,0.500,84.719,0,0.000,0.00,0.000,0.000,0.000
5,ec.gp.GPIndividual@697467905{-554982763},3C_20_50-02.txt,61.404,0.500,30.702,9,13.984,45.55,1.554,2.469,0.359
5,ec.gp.GPIndividual@697467905{-554982763},3C_20_50-03.txt,30.993,0.500,15.496,7,29.859,192.69,4.266,20.563,0.359
5,ec.gp.GPIndividual@697467905{-554982763},3C_20_50-03.txt,30.993,0.500,15.496,6,16.000,103.25,2.667,20.563,0.359
5,ec.gp.GPIndividual@697467905{-554982763},3C_20_66-01.txt,7.322,0.500,3.661,1,1.000,27.31,1.000,20.563,0.359
5,ec.gp.GPIndividual@697467905{-554982763},3C_20_66-01.txt,7.322,0.500,3.661,2,5.422,148.09,2.711,20.563,0.359
5,ec.gp.GPIndividual@697467905{-554982763},3C_20_66-03.txt,118.340,0.500,59.170,2,5.234,8.85,2.617,20.563,0.000
5,ec.gp.GPIndividual@697467905{-554982763},3C_20_66-03.txt,118.340,0.500,59.170,3,6.531,11.04,2.177,20.563,0.000
5,ec.gp.GPIndividual@697467905{-554982763},3C_20_66-03.txt,118.340,0.500,59.170,1,1.141,1.93,1.141,20.563,0.000
5,ec.gp.GPIndividual@697467905{-554982763},3C_20_66-02.txt,154.245,0.500,77.122,3,31.109,40.34,10.370,29.703,0.000
5,ec.gp.GPIndividual@697467905{-554982763},3C_20_50-03.txt,30.993,0.500,15.496,3,5.219,33.68,1.740,29.703,0.000
5,ec.gp.GPIndividual@697467905{-554982763},3C_20_66-03.txt,118.340,0.500,59.170,10,44.578,75.34,4.458,29.703,0.000
5,ec.gp.GPIndividual@697467905{-554982763},3C_20_80-01.txt,4.194,0.500,2.097,1,7.875,375.49,7.875,29.703,0.000
5,ec.gp.GPIndividual@697467905{-554982763},3C_20_66-01.txt,7.322,0.500,3.661,3,3.188,87.06,1.063,29.703,0.000
5,ec.gp.GPIndividual@697467905{-554982763},3C_20_80-02.txt,35.738,0.500,17.869,1,0.734,4.11,0.734,29.703,0.000
5,ec.gp.GPIndividual@697467905{-554982763},3C_20_66-02.txt,154.245,0.500,77.122,3,5.703,7.39,1.901,29.703,0.000
5,ec.gp.GPIndividual@697467905{-554982763},3C_20_80-03.txt,169.439,0.500,84.719,2,9.859,11.64,4.930,29.703,0.000
5,ec.gp.GPIndividual@697467905{-554982763},3C_20_80-01.txt,4.194,0.500,2.097,3,1.766,84.19,0.589,29.703,0.000
5,ec.gp.GPIndividual@697467905{-554982763},3C_20_66-03.txt,118.340,0.500,59.170,2,11.203,18.93,5.602,29.703,0.000
5,ec.gp.GPIndividual@697467905{-554982763},3C_20_80-01.txt,4.194,0.500,2.097,2,1.375,65.56,0.688,29.703,0.000
5,ec.gp.GPIndividual@697467905{-554982763},3C_20_80-02.txt,35.738,0.500,17.869,3,13.453,75.29,4.484,29.703,0.000
5,ec.gp.GPIndividual@697467905{-554982763},3C_20_80-01.txt,4.194,0.500,2.097,3,2.141,102.07,0.714,29.703,0.000
5,ec.gp.GPIndividual@697467905{-554982763},3C_20_80-02.txt,35.738,0.500,17.869,1,0.484,2.71,0.484,29.703,0.000
5,ec.gp.GPIndividual@697467905{-554982763},3C_20_80-02.txt,35.738,0.500,17.869,6,34.719,194.30,5.786,29.703,0.000
5,ec.gp.GPIndividual@697467905{-554982763},3C_20_66-02.txt,154.245,0.500,77.122,6,12.453,16.15,2.076,29.703,0.000
5,ec.gp.GPIndividual@1102209603{219789937},3C_20_50-02.txt,61.404,0.500,30.702,11,18.047,58.78,1.641,3.188,0.500
5,ec.gp.GPIndividual@1102209603{219789937},3C_20_50-03.txt,30.993,0.500,15.496,7,17.344,111.92,2.478,4.516,0.500
5,ec.gp.GPIndividual@1102209603{219789937},3C_20_80-03.txt,169.439,0.500,84.719,1,1.078,1.27,1.078,4.516,0.500
5,ec.gp.GPIndividual@1102209603{219789937},3C_20_66-01.txt,7.322,0.500,3.661,1,4.875,133.16,4.875,4.875,0.500
5,ec.gp.GPIndividual@1102209603{219789937},3C_20_80-03.txt,169.439,0.500,84.719,2,7.281,8.59,3.641,7.281,0.000
5,ec.gp.GPIndividual@1102209603{219789937},3C_20_80-01.txt,4.194,0.500,2.097,2,3.688,175.83,1.844,7.281,0.000
5,ec.gp.GPIndividual@1102209603{219789937},3C_20_66-03.txt,118.340,0.500,59.170,1,0.531,0.90,0.531,7.281,0.000
5,ec.gp.GPIndividual@1102209603{219789937},3C_20_66-02.txt,154.245,0.500,77.122,3,10.078,13.07,3.359,9.219,0.000
5,ec.gp.GPIndividual@1102209603{219789937},3C_20_80-03.txt,169.439,0.500,84.719,4,6.484,7.65,1.621,9.219,0.000
5,ec.gp.GPIndividual@1102209603{219789937},3C_20_66-03.txt,118.340,0.500,59.170,11,48.828,82.52,4.439,9.219,0.000
5,ec.gp.GPIndividual@1102209603{219789937},3C_20_80-01.txt,4.194,0.500,2.097,3,1.813,86.42,0.604,9.219,0.000
5,ec.gp.GPIndividual@1102209603{219789937},3C_20_80-02.txt,35.738,0.500,17.869,3,7.719,43.20,2.573,9.219,0.000
5,ec.gp.GPIndividual@1102209603{219789937},3C_20_80-02.txt,35.738,0.500,17.869,1,1.266,7.08,1.266,9.219,0.000
5,ec.gp.GPIndividual@1102209603{219789937},3C_20_80-03.txt,169.439,0.500,84.719,1,12.250,14.46,12.250,12.250,0.000
5,ec.gp.GPIndividual@526595506{1743809773},3C_20_50-02.txt,61.404,0.500,30.702,2,10.234,33.33,5.117,10.234,0.000
5,ec.gp.GPIndividual@526595506{1743809773},3C_20_80-01.txt,4.194,0.500,2.097,3,3.625,172.85,1.208,10.234,0.000
5,ec.gp.GPIndividual@526595506{1743809773},3C_20_80-03.txt,169.439,0.500,84.719,1,0.344,0.41,0.344,10.234,0.000
5,ec.gp.GPIndividual@526595506{1743809773},3C_20_80-02.txt,35.738,0.500,17.869,1,0.703,3.93,0.703,10.234,0.000
5,ec.gp.GPIndividual@526595506{1743809773},3C_20_50-03.txt,30.993,0.500,15.496,2,21.172,136.63,10.586,18.969,0.000
5,ec.gp.GPIndividual@1175560704{-1576119454},3C_20_50-02.txt,61.404,0.500,30.702,0,0.000,0.00,0.000,0.000,0.000
5,ec.gp.GPIndividual@1175560704{-1576119454},3C_20_50-03.txt,30.993,0.500,15.496,0,0.000,0.00,0.000,0.000,0.000
5,ec.gp.GPIndividual@1175560704{-1576119454},3C_20_66-01.txt,7.322,0.500,3.661,0,0.000,0.00,0.000,0.000,0.000
5,ec.gp.GPIndividual@1175560704{-1576119454},3C_20_66-02.txt,154.245,0.500,77.122,0,0.000,0.00,0.000,0.000,0.000
5,ec.gp.GPIndividual@1175560704{-1576119454},3C_20_66-03.txt,118.340,0.500,59.170,0,0.000,0.00,0.000,0.000,0.000
5,ec.gp.GPIndividual@1175560704{-1576119454},3C_20_80-01.txt,4.194,0.500,2.097,0,0.000,0.00,0.000,0.000,0.000
5,ec.gp.GPIndividual@1175560704{-1576119454},3C_20_80-02.txt,35.738,0.500,17.869,0,0.000,0.00,0.000,0.000,0.000
5,ec.gp.GPIndividual@1175560704{-1576119454},3C_20_80-03.txt,169.439,0.500,84.719,0,0.000,0.00,0.000,0.000,0.000
5,ec.gp.GPIndividual@686219063{-203380525},3C_20_50-02.txt,61.404,0.500,30.702,4,27.469,89.47,6.867,21.313,0.531
5,ec.gp.GPIndividual@479172442{-513158319},3C_20_50-02.txt,61.404,0.500,30.702,0,0.000,0.00,0.000,0.000,0.000
5,ec.gp.GPIndividual@479172442{-513158319},3C_20_50-03.txt,30.993,0.500,15.496,0,0.000,0.00,0.000,0.000,0.000
5,ec.gp.GPIndividual@479172442{-513158319},3C_20_66-01.txt,7.322,0.500,3.661,0,0.000,0.00,0.000,0.000,0.000
5,ec.gp.GPIndividual@479172442{-513158319},3C_20_66-02.txt,154.245,0.500,77.122,0,0.000,0.00,0.000,0.000,0.000
5,ec.gp.GPIndividual@479172442{-513158319},3C_20_66-03.txt,118.340,0.500,59.170,0,0.000,0.00,0.000,0.000,0.000
5,ec.gp.GPIndividual@479172442{-513158319},3C_20_80-01.txt,4.194,0.500,2.097,0,0.000,0.00,0.000,0.000,0.000
5,ec.gp.GPIndividual@479172442{-513158319},3C_20_80-02.txt,35.738,0.500,17.869,0,0.000,0.00,0.000,0.000,0.000
5,ec.gp.GPIndividual@479172442{-513158319},3C_20_80-03.txt,169.439,0.500,84.719,0,0.000,0.00,0.000,0.000,0.000
5,ec.gp.GPIndividual@314009952{-617938624},3C_20_50-02.txt,61.404,0.500,30.702,13,29.938,97.51,2.303,6.250,0.000
5,ec.gp.GPIndividual@314009952{-617938624},3C_20_50-03.txt,30.993,0.500,15.496,2,2.891,18.65,1.445,6.250,0.000
5,ec.gp.GPIndividual@314009952{-617938624},3C_20_80-03.txt,169.439,0.500,84.719,2,1.984,2.34,0.992,6.250,0.000
5,ec.gp.GPIndividual@314009952{-617938624},3C_20_50-03.txt,30.993,0.500,15.496,2,13.125,84.70,6.563,7.000,0.000
5,ec.gp.GPIndividual@596355012{-1523506960},3C_20_50-02.txt,61.404,0.500,30.702,2,9.531,31.04,4.766,9.156,0.375
5,ec.gp.GPIndividual@847167027{1333916911},3C_20_50-02.txt,61.404,0.500,30.702,2,2.328,7.58,1.164,1.813,0.516
5,ec.gp.GPIndividual@847167027{1333916911},3C_20_50-03.txt,30.993,0.500,15.496,2,3.578,23.09,1.789,3.578,0.000
5,ec.gp.GPIndividual@847167027{1333916911},3C_20_66-01.txt,7.322,0.500,3.661,1,4.422,120.78,4.422,4.422,0.000
5,ec.gp.GPIndividual@847167027{1333916911},3C_20_66-01.txt,7.322,0.500,3.661,1,4.406,120.35,4.406,4.422,0.000
5,ec.gp.GPIndividual@847167027{1333916911},3C_20_66-01.txt,7.322,0.500,3.661,4,5.672,154.92,1.418,4.422,0.000
5,ec.gp.GPIndividual@847167027{1333916911},3C_20_50-03.txt,30.993,0.500,15.496,1,0.672,4.34,0.672,4.422,0.000
5,ec.gp.GPIndividual@847167027{1333916911},3C_20_66-02.txt,154.245,0.500,77.122,1,0.281,0.36,0.281,4.422,0.000
5,ec.gp.GPIndividual@847167027{1333916911},3C_20_66-02.txt,154.245,0.500,77.122,1,1.156,1.50,1.156,4.422,0.000
5,ec.gp.GPIndividual@847167027{1333916911},3C_20_66-02.txt,154.245,0.500,77.122,2,10.547,13.68,5.273,6.234,0.000
5,ec.gp.GPIndividual@847167027{1333916911},3C_20_66-01.txt,7.322,0.500,3.661,2,4.844,132.30,2.422,6.234,0.000
5,ec.gp.GPIndividual@847167027{1333916911},3C_20_66-03.txt,118.340,0.500,59.170,1,0.953,1.61,0.953,6.234,0.000
5,ec.gp.GPIndividual@847167027{1333916911},3C_20_66-02.txt,154.245,0.500,77.122,2,3.000,3.89,1.500,6.234,0.000
5,ec.gp.GPIndividual@847167027{1333916911},3C_20_66-03.txt,118.340,0.500,59.170,3,8.313,14.05,2.771,6.234,0.000
5,ec.gp.GPIndividual@847167027{1333916911},3C_20_66-03.txt,118.340,0.500,59.170,6,23.609,39.90,3.935,6.500,0.000
5,ec.gp.GPIndividual@847167027{1333916911},3C_20_80-01.txt,4.194,0.500,2.097,1,7.531,359.10,7.531,7.531,0.000
5,ec.gp.GPIndividual@847167027{1333916911},3C_20_66-01.txt,7.322,0.500,3.661,1,0.859,23.47,0.859,7.531,0.000
5,ec.gp.GPIndividual@847167027{1333916911},3C_20_80-02.txt,35.738,0.500,17.869,5,11.344,63.48,2.269,7.531,0.000
5,ec.gp.GPIndividual@847167027{1333916911},3C_20_80-03.txt,169.439,0.500,84.719,4,7.328,8.65,1.832,7.531,0.000
5,ec.gp.GPIndividual@847167027{1333916911},3C_20_80-01.txt,4.194,0.500,2.097,2,6.891,328.56,3.445,7.531,0.000
5,ec.gp.GPIndividual@847167027{1333916911},3C_20_80-01.txt,4.194,0.500,2.097,1,0.516,24.59,0.516,7.531,0.000
5,ec.gp.GPIndividual@847167027{1333916911},3C_20_80-02.txt,35.738,0.500,17.869,3,8.313,46.52,2.771,7.531,0.000
5,ec.gp.GPIndividual@1594590036{612588536},3C_20_50-02.txt,61.404,0.500,30.702,11,29.969,97.61,2.724,8.719,0.000
5,ec.gp.GPIndividual@1594590036{612588536},3C_20_80-03.txt,169.439,0.500,84.719,1,10.047,11.86,10.047,10.047,0.000
5,ec.gp.GPIndividual@1731260798{2008714587},3C_20_50-02.txt,61.404,0.500,30.702,2,3.844,12.52,1.922,3.844,0.000
5,ec.gp.GPIndividual@1731260798{2008714587},3C_20_80-01.txt,4.194,0.500,2.097,1,5.172,246.60,5.172,5.172,0.000
5,ec.gp.GPIndividual@1731260798{2008714587},3C_20_50-03.txt,30.993,0.500,15.496,5,3.625,23.39,0.725,5.172,0.000
5,ec.gp.GPIndividual@1731260798{2008714587},3C_20_50-03.txt,30.993,0.500,15.496,5,16.016,103.35,3.203,5.172,0.000
5,ec.gp.GPIndividual@1731260798{2008714587},3C_20_80-02.txt,35.738,0.500,17.869,1,1.219,6.82,1.219,5.172,0.000
5,ec.gp.GPIndividual@1731260798{2008714587},3C_20_66-01.txt,7.322,0.500,3.661,1,2.594,70.85,2.594,5.172,0.000
5,ec.gp.GPIndividual@2115849091{-165859888},3C_20_50-02.txt,61.404,0.500,30.702,3,5.438,17.71,1.813,4.438,0.281
5,ec.gp.GPIndividual@2115849091{-165859888},3C_20_66-01.txt,7.322,0.500,3.661,3,4.203,114.81,1.401,4.438,0.281
5,ec.gp.GPIndividual@2115849091{-165859888},3C_20_66-02.txt,154.245,0.500,77.122,2,1.672,2.17,0.836,4.438,0.281
5,ec.gp.GPIndividual@2115849091{-165859888},3C_20_80-03.txt,169.439,0.500,84.719,2,0.391,0.46,0.195,4.438,0.000
5,ec.gp.GPIndividual@2115849091{-165859888},3C_20_50-03.txt,30.993,0.500,15.496,1,32.594,210.33,32.594,32.594,0.000
5,ec.gp.GPIndividual@2115849091{-165859888},3C_20_66-02.txt,154.245,0.500,77.122,12,20.281,26.30,1.690,32.594,0.000
5,ec.gp.GPIndividual@2115849091{-165859888},3C_20_66-03.txt,118.340,0.500,59.170,7,47.641,80.52,6.806,32.594,0.000
5,ec.gp.GPIndividual@1089384107{649666081},3C_20_50-02.txt,61.404,0.500,30.702,3,23.109,75.27,7.703,22.672,0.000
5,ec.gp.GPIndividual@1089384107{649666081},3C_20_66-03.txt,118.340,0.500,59.170,5,59.094,99.87,11.819,27.109,0.000
5,ec.gp.GPIndividual@1089384107{649666081},3C_20_80-01.txt,4.194,0.500,2.097,3,1.484,70.78,0.495,27.109,0.000
5,ec.gp.GPIndividual@1089384107{649666081},3C_20_66-02.txt,154.245,0.500,77.122,10,19.734,25.59,1.973,27.109,0.000
5,ec.gp.GPIndividual@1089384107{649666081},3C_20_80-02.txt,35.738,0.500,17.869,7,17.250,96.54,2.464,27.109,0.000
5,ec.gp.GPIndividual@1089384107{649666081},3C_20_80-01.txt,4.194,0.500,2.097,3,1.500,71.52,0.500,27.109,0.000
5,ec.gp.GPIndividual@1089384107{649666081},3C_20_80-03.txt,169.439,0.500,84.719,2,2.094,2.47,1.047,27.109,0.000
5,ec.gp.GPIndividual@1089384107{649666081},3C_20_66-03.txt,118.340,0.500,59.170,3,4.563,7.71,1.521,27.109,0.000
5,ec.gp.GPIndividual@1089384107{649666081},3C_20_66-01.txt,7.322,0.500,3.661,4,2.828,77.25,0.707,27.109,0.000
5,ec.gp.GPIndividual@1089384107{649666081},3C_20_80-02.txt,35.738,0.500,17.869,1,0.906,5.07,0.906,27.109,0.000
5,ec.gp.GPIndividual@1089384107{649666081},3C_20_66-02.txt,154.245,0.500,77.122,15,52.281,67.79,3.485,27.156,0.000
5,ec.gp.GPIndividual@1089384107{649666081},3C_20_50-03.txt,30.993,0.500,15.496,2,8.531,55.05,4.266,27.156,0.000
5,ec.gp.GPIndividual@1089384107{649666081},3C_20_66-01.txt,7.322,0.500,3.661,1,21.313,582.13,21.313,27.156,0.000
5,ec.gp.GPIndividual@1089384107{649666081},3C_20_80-03.txt,169.439,0.500,84.719,2,22.203,26.21,11.102,27.156,0.000
5,ec.gp.GPIndividual@1089384107{649666081},3C_20_80-01.txt,4.194,0.500,2.097,2,21.563,1028.14,10.781,27.156,0.000
5,ec.gp.GPIndividual@1089384107{649666081},3C_20_66-03.txt,118.340,0.500,59.170,2,25.734,43.49,12.867,27.156,0.000
5,ec.gp.GPIndividual@1089384107{649666081},3C_20_66-02.txt,154.245,0.500,77.122,17,43.500,56.40,2.559,27.156,0.000
5,ec.gp.GPIndividual@1413223768{1057054459},3C_20_50-02.txt,61.404,0.500,30.702,14,24.875,81.02,1.777,5.734,0.000
5,ec.gp.GPIndividual@1413223768{1057054459},3C_20_80-03.txt,169.439,0.500,84.719,2,4.344,5.13,2.172,5.734,0.000
5,ec.gp.GPIndividual@1413223768{1057054459},3C_20_50-03.txt,30.993,0.500,15.496,2,5.391,34.79,2.695,5.734,0.000
5,ec.gp.GPIndividual@1413223768{1057054459},3C_20_80-01.txt,4.194,0.500,2.097,2,9.453,450.74,4.727,8.750,0.000
5,ec.gp.GPIndividual@1413223768{1057054459},3C_20_80-01.txt,4.194,0.500,2.097,1,0.578,27.57,0.578,8.750,0.000
5,ec.gp.GPIndividual@1413223768{1057054459},3C_20_80-02.txt,35.738,0.500,17.869,13,19.547,109.39,1.504,8.750,0.000
5,ec.gp.GPIndividual@1413223768{1057054459},3C_20_66-01.txt,7.322,0.500,3.661,1,3.563,97.31,3.563,8.750,0.000
5,ec.gp.GPIndividual@168601308{1479861582},3C_20_50-02.txt,61.404,0.500,30.702,2,0.781,2.54,0.391,0.578,0.203
5,ec.gp.GPIndividual@168601308{1479861582},3C_20_50-03.txt,30.993,0.500,15.496,2,1.250,8.07,0.625,1.250,0.000
5,ec.gp.GPIndividual@168601308{1479861582},3C_20_80-03.txt,169.439,0.500,84.719,2,0.984,1.16,0.492,1.250,0.000
5,ec.gp.GPIndividual@168601308{1479861582},3C_20_80-02.txt,35.738,0.500,17.869,6,6.875,38.47,1.146,2.453,0.000
5,ec.gp.GPIndividual@168601308{1479861582},3C_20_66-01.txt,7.322,0.500,3.661,1,0.594,16.22,0.594,2.453,0.000
5,ec.gp.GPIndividual@168601308{1479861582},3C_20_66-02.txt,154.245,0.500,77.122,4,6.563,8.51,1.641,3.391,0.000
5,ec.gp.GPIndividual@168601308{1479861582},3C_20_66-03.txt,118.340,0.500,59.170,3,10.500,17.75,3.500,5.781,0.000
5,ec.gp.GPIndividual@168601308{1479861582},3C_20_80-01.txt,4.194,0.500,2.097,1,0.734,35.02,0.734,5.781,0.000
5,ec.gp.GPIndividual@168601308{1479861582},3C_20_80-02.txt,35.738,0.500,17.869,1,1.234,6.91,1.234,5.781,0.000
5,ec.gp.GPIndividual@168601308{1479861582},3C_20_80-03.txt,169.439,0.500,84.719,1,3.469,4.09,3.469,5.781,0.000
5,ec.gp.GPIndividual@439669279{1015093052},3C_20_50-02.txt,61.404,0.500,30.702,0,0.000,0.00,0.000,0.000,0.000
5,ec.gp.GPIndividual@439669279{1015093052},3C_20_50-03.txt,30.993,0.500,15.496,0,0.000,0.00,0.000,0.000,0.000
5,ec.gp.GPIndividual@439669279{1015093052},3C_20_66-01.txt,7.322,0.500,3.661,0,0.000,0.00,0.000,0.000,0.000
5,ec.gp.GPIndividual@439669279{1015093052},3C_20_66-02.txt,154.245,0.500,77.122,0,0.000,0.00,0.000,0.000,0.000
5,ec.gp.GPIndividual@439669279{1015093052},3C_20_66-03.txt,118.340,0.500,59.170,0,0.000,0.00,0.000,0.000,0.000
5,ec.gp.GPIndividual@439669279{1015093052},3C_20_80-01.txt,4.194,0.500,2.097,0,0.000,0.00,0.000,0.000,0.000
5,ec.gp.GPIndividual@439669279{1015093052},3C_20_80-02.txt,35.738,0.500,17.869,0,0.000,0.00,0.000,0.000,0.000
5,ec.gp.GPIndividual@439669279{1015093052},3C_20_80-03.txt,169.439,0.500,84.719,0,0.000,0.00,0.000,0.000,0.000
5,ec.gp.GPIndividual@1853077612{-1593964607},3C_20_50-02.txt,61.404,0.500,30.702,1,0.234,0.76,0.234,0.234,0.234
5,ec.gp.GPIndividual@1853077612{-1593964607},3C_20_50-03.txt,30.993,0.500,15.496,1,2.828,18.25,2.828,2.828,0.234
5,ec.gp.GPIndividual@1853077612{-1593964607},3C_20_66-01.txt,7.322,0.500,3.661,1,0.609,16.64,0.609,2.828,0.234
5,ec.gp.GPIndividual@1853077612{-1593964607},3C_20_66-02.txt,154.245,0.500,77.122,1,1.422,1.84,1.422,2.828,0.234
5,ec.gp.GPIndividual@1853077612{-1593964607},3C_20_66-03.txt,118.340,0.500,59.170,3,12.031,20.33,4.010,11.438,0.000
5,ec.gp.GPIndividual@1853077612{-1593964607},3C_20_66-02.txt,154.245,0.500,77.122,3,6.344,8.23,2.115,11.438,0.000
5,ec.gp.GPIndividual@1853077612{-1593964607},3C_20_80-01.txt,4.194,0.500,2.097,1,0.734,35.02,0.734,11.438,0.000
5,ec.gp.GPIndividual@1853077612{-1593964607},3C_20_80-02.txt,35.738,0.500,17.869,3,2.891,16.18,0.964,11.438,0.000
5,ec.gp.GPIndividual@1853077612{-1593964607},3C_20_80-03.txt,169.439,0.500,84.719,3,24.141,28.49,8.047,23.328,0.000
5,ec.gp.GPIndividual@1853077612{-1593964607},3C_20_80-03.txt,169.439,0.500,84.719,1,3.844,4.54,3.844,23.328,0.000
5,ec.gp.GPIndividual@43363436{-1714980047},3C_20_50-02.txt,61.404,0.500,30.702,7,32.391,105.50,4.627,18.219,0.000
5,ec.gp.GPIndividual@43363436{-1714980047},3C_20_50-03.txt,30.993,0.500,15.496,3,3.828,24.70,1.276,18.219,0.000
5,ec.gp.GPIndividual@43363436{-1714980047},3C_20_66-03.txt,118.340,0.500,59.170,6,44.219,74.73,7.370,31.344,0.000
5,ec.gp.GPIndividual@1105001504{-477613938},3C_20_50-02.txt,61.404,0.500,30.702,2,0.984,3.21,0.492,0.828,0.156
5,ec.gp.GPIndividual@1105001504{-477613938},3C_20_50-03.txt,30.993,0.500,15.496,4,13.516,87.22,3.379,10.328,0.000
5,ec.gp.GPIndividual@1105001504{-477613938},3C_20_66-01.txt,7.322,0.500,3.661,2,2.844,77.67,1.422,10.328,0.000
5,ec.gp.GPIndividual@1105001504{-477613938},3C_20_66-01.txt,7.322,0.500,3.661,4,2.031,55.48,0.508,10.328,0.000
5,ec.gp.GPIndividual@1105001504{-477613938},3C_20_66-02.txt,154.245,0.500,77.122,5,21.750,28.20,4.350,18.938,0.000
5,ec.gp.GPIndividual@1105001504{-477613938},3C_20_66-03.txt,118.340,0.500,59.170,2,4.266,7.21,2.133,18.938,0.000
5,ec.gp.GPIndividual@1105001504{-477613938},3C_20_80-01.txt,4.194,0.500,2.097,2,1.250,59.60,0.625,18.938,0.000
5,ec.gp.GPIndividual@1105001504{-477613938},3C_20_80-02.txt,35.738,0.500,17.869,2,1.547,8.66,0.773,18.938,0.000
5,ec.gp.GPIndividual@1105001504{-477613938},3C_20_80-03.txt,169.439,0.500,84.719,7,74.438,87.86,10.634,21.484,0.000
5,ec.gp.GPIndividual@1105001504{-477613938},3C_20_80-01.txt,4.194,0.500,2.097,2,1.203,57.37,0.602,21.484,0.000
5,ec.gp.GPIndividual@1105001504{-477613938},3C_20_80-02.txt,35.738,0.500,17.869,5,35.516,198.75,7.103,32.891,0.000
5,ec.gp.GPIndividual@562664966{-566730297},3C_20_50-02.txt,61.404,0.500,30.702,3,11.328,36.90,3.776,11.172,0.000
5,ec.gp.GPIndividual@562664966{-566730297},3C_20_66-02.txt,154.245,0.500,77.122,13,55.234,71.62,4.249,30.609,0.000
5,ec.gp.GPIndividual@562664966{-566730297},3C_20_80-03.txt,169.439,0.500,84.719,2,28.547,33.70,14.273,30.609,0.000
5,ec.gp.GPIndividual@562664966{-566730297},3C_20_50-03.txt,30.993,0.500,15.496,3,18.359,118.48,6.120,30.609,0.000
5,ec.gp.GPIndividual@562664966{-566730297},3C_20_66-03.txt,118.340,0.500,59.170,4,10.156,17.16,2.539,30.609,0.000
5,ec.gp.GPIndividual@45067414{-462014391},3C_20_50-02.txt,61.404,0.500,30.702,8,18.203,59.29,2.275,9.828,0.000
5,ec.gp.GPIndividual@45067414{-462014391},3C_20_66-01.txt,7.322,0.500,3.661,2,9.406,256.92,4.703,9.828,0.000
5,ec.gp.GPIndividual@45067414{-462014391},3C_20_50-03.txt,30.993,0.500,15.496,2,11.422,73.71,5.711,11.422,0.000
5,ec.gp.GPIndividual@45067414{-462014391},3C_20_80-01.txt,4.194,0.500,2.097,5,1.750,83.44,0.350,11.422,0.000
5,ec.gp.GPIndividual@45067414{-462014391},3C_20_66-02.txt,154.245,0.500,77.122,1,0.438,0.57,0.438,11.422,0.000
5,ec.gp.GPIndividual@45067414{-462014391},3C_20_80-02.txt,35.738,0.500,17.869,15,14.141,79.13,0.943,11.422,0.000
5,ec.gp.GPIndividual@45067414{-462014391},3C_20_80-03.txt,169.439,0.500,84.719,3,2.906,3.43,0.969,11.422,0.000
5,ec.gp.GPIndividual@45067414{-462014391},3C_20_66-01.txt,7.322,0.500,3.661,3,5.141,140.41,1.714,11.422,0.000
5,ec.gp.GPIndividual@45067414{-462014391},3C_20_66-03.txt,118.340,0.500,59.170,9,66.141,111.78,7.349,22.359,0.000
5,ec.gp.GPIndividual@140252990{-155282105},3C_20_50-02.txt,61.404,0.500,30.702,6,13.563,44.17,2.260,11.516,0.000
5,ec.gp.GPIndividual@140252990{-155282105},3C_20_50-03.txt,30.993,0.500,15.496,2,22.797,147.11,11.398,21.625,0.000
5,ec.gp.GPIndividual@140252990{-155282105},3C_20_80-01.txt,4.194,0.500,2.097,2,2.297,109.52,1.148,21.625,0.000
5,ec.gp.GPIndividual@140252990{-155282105},3C_20_80-02.txt,35.738,0.500,17.869,2,0.078,0.44,0.039,21.625,0.000
5,ec.gp.GPIndividual@140252990{-155282105},3C_20_66-01.txt,7.322,0.500,3.661,10,3.594,98.16,0.359,21.625,0.000
5,ec.gp.GPIndividual@140252990{-155282105},3C_20_66-02.txt,154.245,0.500,77.122,2,0.219,0.28,0.109,21.625,0.000
5,ec.gp.GPIndividual@140252990{-155282105},3C_20_80-03.txt,169.439,0.500,84.719,9,56.828,67.08,6.314,32.734,0.000
5,ec.gp.GPIndividual@1575565777{252905133},3C_20_50-02.txt,61.404,0.500,30.702,7,27.016,87.99,3.859,22.484,0.000
5,ec.gp.GPIndividual@1575565777{252905133},3C_20_66-03.txt,118.340,0.500,59.170,2,11.484,19.41,5.742,22.484,0.000
5,ec.gp.GPIndividual@1575565777{252905133},3C_20_50-03.txt,30.993,0.500,15.496,7,12.906,83.29,1.844,22.484,0.000
5,ec.gp.GPIndividual@1575565777{252905133},3C_20_80-01.txt,4.194,0.500,2.097,4,1.375,65.56,0.344,22.484,0.000
5,ec.gp.GPIndividual@1575565777{252905133},3C_20_80-02.txt,35.738,0.500,17.869,2,2.953,16.53,1.477,22.484,0.000
5,ec.gp.GPIndividual@1575565777{252905133},3C_20_66-01.txt,7.322,0.500,3.661,9,3.281,89.62,0.365,22.484,0.000
5,ec.gp.GPIndividual@1575565777{252905133},3C_20_66-02.txt,154.245,0.500,77.122,2,0.406,0.53,0.203,22.484,0.000
5,ec.gp.GPIndividual@1575565777{252905133},3C_20_80-03.txt,169.439,0.500,84.719,9,19.188,22.65,2.132,22.484,0.000
5,ec.gp.GPIndividual@1575565777{252905133},3C_20_66-03.txt,118.340,0.500,59.170,7,40.734,68.84,5.819,32.688,0.000
5,ec.gp.GPIndividual@589430831{-1856152806},3C_20_50-02.txt,61.404,0.500,30.702,8,19.156,62.39,2.395,10.047,0.000
5,ec.gp.GPIndividual@589430831{-1856152806},3C_20_50-03.txt,30.993,0.500,15.496,6,9.750,62.92,1.625,10.047,0.000
5,ec.gp.GPIndividual@589430831{-1856152806},3C_20_66-01.txt,7.322,0.500,3.661,6,1.875,51.21,0.313,10.047,0.000
5,ec.gp.GPIndividual@589430831{-1856152806},3C_20_66-02.txt,154.245,0.500,77.122,10,47.891,62.10,4.789,19.531,0.000
5,ec.gp.GPIndividual@589430831{-1856152806},3C_20_66-03.txt,118.340,0.500,59.170,6,32.016,54.11,5.336,19.531,0.000
5,ec.gp.GPIndividual@589430831{-1856152806},3C_20_80-01.txt,4.194,0.500,2.097,8,1.844,87.91,0.230,19.531,0.000
5,ec.gp.GPIndividual@589430831{-1856152806},3C_20_80-02.txt,35.738,0.500,17.869,7,7.828,43.81,1.118,19.531,0.000
5,ec.gp.GPIndividual@589430831{-1856152806},3C_20_80-03.txt,169.439,0.500,84.719,2,34.375,40.58,17.188,33.609,0.000
6,ec.gp.GPIndividual@1603525153{-1173033127},3C_20_50-02.txt,61.404,0.500,30.702,0,0.000,0.00,0.000,0.000,0.000
6,ec.gp.GPIndividual@1603525153{-1173033127},3C_20_50-03.txt,30.993,0.500,15.496,0,0.000,0.00,0.000,0.000,0.000
6,ec.gp.GPIndividual@1603525153{-1173033127},3C_20_66-01.txt,7.322,0.500,3.661,0,0.000,0.00,0.000,0.000,0.000
6,ec.gp.GPIndividual@1603525153{-1173033127},3C_20_66-02.txt,154.245,0.500,77.122,0,0.000,0.00,0.000,0.000,0.000
6,ec.gp.GPIndividual@1603525153{-1173033127},3C_20_66-03.txt,118.340,0.500,59.170,0,0.000,0.00,0.000,0.000,0.000
6,ec.gp.GPIndividual@1603525153{-1173033127},3C_20_80-01.txt,4.194,0.500,2.097,0,0.000,0.00,0.000,0.000,0.000
6,ec.gp.GPIndividual@1603525153{-1173033127},3C_20_80-02.txt,35.738,0.500,17.869,0,0.000,0.00,0.000,0.000,0.000
6,ec.gp.GPIndividual@1603525153{-1173033127},3C_20_80-03.txt,169.439,0.500,84.719,0,0.000,0.00,0.000,0.000,0.000
6,ec.gp.GPIndividual@1646063454{-1391069430},3C_20_50-02.txt,61.404,0.500,30.702,0,0.000,0.00,0.000,0.000,0.000
6,ec.gp.GPIndividual@1646063454{-1391069430},3C_20_50-03.txt,30.993,0.500,15.496,0,0.000,0.00,0.000,0.000,0.000
6,ec.gp.GPIndividual@1646063454{-1391069430},3C_20_66-01.txt,7.322,0.500,3.661,0,0.000,0.00,0.000,0.000,0.000
6,ec.gp.GPIndividual@1646063454{-1391069430},3C_20_66-02.txt,154.245,0.500,77.122,0,0.000,0.00,0.000,0.000,0.000
6,ec.gp.GPIndividual@1646063454{-1391069430},3C_20_66-03.txt,118.340,0.500,59.170,0,0.000,0.00,0.000,0.000,0.000
6,ec.gp.GPIndividual@1646063454{-1391069430},3C_20_80-01.txt,4.194,0.500,2.097,0,0.000,0.00,0.000,0.000,0.000
6,ec.gp.GPIndividual@1646063454{-1391069430},3C_20_80-02.txt,35.738,0.500,17.869,0,0.000,0.00,0.000,0.000,0.000
6,ec.gp.GPIndividual@1646063454{-1391069430},3C_20_80-03.txt,169.439,0.500,84.719,0,0.000,0.00,0.000,0.000,0.000
6,ec.gp.GPIndividual@812529956{-438743306},3C_20_50-02.txt,61.404,0.500,30.702,0,0.000,0.00,0.000,0.000,0.000
6,ec.gp.GPIndividual@812529956{-438743306},3C_20_50-03.txt,30.993,0.500,15.496,0,0.000,0.00,0.000,0.000,0.000
6,ec.gp.GPIndividual@812529956{-438743306},3C_20_66-01.txt,7.322,0.500,3.661,0,0.000,0.00,0.000,0.000,0.000
6,ec.gp.GPIndividual@812529956{-438743306},3C_20_66-02.txt,154.245,0.500,77.122,0,0.000,0.00,0.000,0.000,0.000
6,ec.gp.GPIndividual@812529956{-438743306},3C_20_66-03.txt,118.340,0.500,59.170,0,0.000,0.00,0.000,0.000,0.000
6,ec.gp.GPIndividual@812529956{-438743306},3C_20_80-01.txt,4.194,0.500,2.097,0,0.000,0.00,0.000,0.000,0.000
6,ec.gp.GPIndividual@812529956{-438743306},3C_20_80-02.txt,35.738,0.500,17.869,0,0.000,0.00,0.000,0.000,0.000
6,ec.gp.GPIndividual@812529956{-438743306},3C_20_80-03.txt,169.439,0.500,84.719,0,0.000,0.00,0.000,0.000,0.000
6,ec.gp.GPIndividual@1999013436{-397109731},3C_20_50-02.txt,61.404,0.500,30.702,20,29.297,95.42,1.465,2.688,0.000
6,ec.gp.GPIndividual@1999013436{-397109731},3C_20_50-03.txt,30.993,0.500,15.496,2,2.141,13.81,1.070,2.688,0.000
6,ec.gp.GPIndividual@1999013436{-397109731},3C_20_50-03.txt,30.993,0.500,15.496,6,13.328,86.01,2.221,2.984,0.000
6,ec.gp.GPIndividual@1999013436{-397109731},3C_20_50-03.txt,30.993,0.500,15.496,2,2.734,17.65,1.367,2.984,0.000
6,ec.gp.GPIndividual@1999013436{-397109731},3C_20_50-03.txt,30.993,0.500,15.496,4,12.891,83.19,3.223,4.672,0.000
6,ec.gp.GPIndividual@1999013436{-397109731},3C_20_50-03.txt,30.993,0.500,15.496,2,5.203,33.58,2.602,5.203,0.000
6,ec.gp.GPIndividual@1999013436{-397109731},3C_20_50-03.txt,30.993,0.500,15.496,2,7.078,45.68,3.539,5.203,0.000
6,ec.gp.GPIndividual@1999013436{-397109731},3C_20_66-01.txt,7.322,0.500,3.661,1,4.141,113.10,4.141,5.203,0.000
6,ec.gp.GPIndividual@1999013436{-397109731},3C_20_66-01.txt,7.322,0.500,3.661,1,4.484,122.49,4.484,5.203,0.000
6,ec.gp.GPIndividual@1999013436{-397109731},3C_20_66-01.txt,7.322,0.500,3.661,4,7.750,211.69,1.938,5.203,0.000
6,ec.gp.GPIndividual@1999013436{-397109731},3C_20_66-01.txt,7.322,0.500,3.661,1,0.750,20.49,0.750,5.203,0.000
6,ec.gp.GPIndividual@1999013436{-397109731},3C_20_66-02.txt,154.245,0.500,77.122,1,1.078,1.40,1.078,5.203,0.000
6,ec.gp.GPIndividual@1999013436{-397109731},3C_20_66-02.txt,154.245,0.500,77.122,1,0.344,0.45,0.344,5.203,0.000
6,ec.gp.GPIndividual@1999013436{-397109731},3C_20_66-02.txt,154.245,0.500,77.122,3,9.469,12.28,3.156,5.203,0.000
6,ec.gp.GPIndividual@1999013436{-397109731},3C_20_66-01.txt,7.322,0.500,3.661,2,3.766,102.86,1.883,5.203,0.000
6,ec.gp.GPIndividual@1999013436{-397109731},3C_20_66-03.txt,118.340,0.500,59.170,5,6.922,11.70,1.384,5.203,0.000
6,ec.gp.GPIndividual@1999013436{-397109731},3C_20_66-02.txt,154.245,0.500,77.122,22,67.313,87.28,3.060,17.406,0.000
6,ec.gp.GPIndividual@1999013436{-397109731},3C_20_66-03.txt,118.340,0.500,59.170,3,32.688,55.24,10.896,17.875,0.000
6,ec.gp.GPIndividual@1999013436{-397109731},3C_20_80-01.txt,4.194,0.500,2.097,2,17.156,818.04,8.578,17.875,0.000
6,ec.gp.GPIndividual@1999013436{-397109731},3C_20_66-03.txt,118.340,0.500,59.170,2,11.016,18.62,5.508,17.875,0.000
6,ec.gp.GPIndividual@1999013436{-397109731},3C_20_66-01.txt,7.322,0.500,3.661,1,0.516,14.08,0.516,17.875,0.000
6,ec.gp.GPIndividual@1999013436{-397109731},3C_20_80-02.txt,35.738,0.500,17.869,8,41.844,234.17,5.230,26.297,0.000
6,ec.gp.GPIndividual@1999013436{-397109731},3C_20_66-02.txt,154.245,0.500,77.122,4,8.563,11.10,2.141,26.297,0.000
6,ec.gp.GPIndividual@1999013436{-397109731},3C_20_80-03.txt,169.439,0.500,84.719,1,2.266,2.67,2.266,26.297,0.000
6,ec.gp.GPIndividual@1999013436{-397109731},3C_20_80-01.txt,4.194,0.500,2.097,2,3.359,160.18,1.680,26.297,0.000
6,ec.gp.GPIndividual@1999013436{-397109731},3C_20_66-03.txt,118.340,0.500,59.170,1,0.516,0.87,0.516,26.297,0.000
6,ec.gp.GPIndividual@1999013436{-397109731},3C_20_80-02.txt,35.738,0.500,17.869,6,20.953,117.26,3.492,26.297,0.000
6,ec.gp.GPIndividual@1999013436{-397109731},3C_20_80-01.txt,4.194,0.500,2.097,2,1.281,61.09,0.641,26.297,0.000
6,ec.gp.GPIndividual@1999013436{-397109731},3C_20_80-03.txt,169.439,0.500,84.719,1,1.813,2.14,1.813,26.297,0.000
6,ec.gp.GPIndividual@974309048{-1215189042},3C_20_50-02.txt,61.404,0.500,30.702,4,18.078,58.88,4.520,16.641,0.000
6,ec.gp.GPIndividual@974309048{-1215189042},3C_20_66-03.txt,118.340,0.500,59.170,2,5.672,9.59,2.836,16.641,0.000
6,ec.gp.GPIndividual@974309048{-1215189042},3C_20_80-01.txt,4.194,0.500,2.097,3,2.125,101.32,0.708,16.641,0.000
6,ec.gp.GPIndividual@974309048{-1215189042},3C_20_80-02.txt,35.738,0.500,17.869,3,2.250,12.59,0.750,16.641,0.000
6,ec.gp.GPIndividual@974309048{-1215189042},3C_20_80-02.txt,35.738,0.500,17.869,7,21.125,118.22,3.018,16.641,0.000
6,ec.gp.GPIndividual@974309048{-1215189042},3C_20_80-01.txt,4.194,0.500,2.097,2,1.281,61.09,0.641,16.641,0.000
6,ec.gp.GPIndividual@974309048{-1215189042},3C_20_80-03.txt,169.439,0.500,84.719,2,3.391,4.00,1.695,16.641,0.000
6,ec.gp.GPIndividual@45414115{-575616712},3C_20_50-02.txt,61.404,0.500,30.702,15,29.625,96.49,1.975,5.891,0.000
6,ec.gp.GPIndividual@45414115{-575616712},3C_20_80-02.txt,35.738,0.500,17.869,2,1.281,7.17,0.641,5.891,0.000
6,ec.gp.GPIndividual@45414115{-575616712},3C_20_50-03.txt,30.993,0.500,15.496,1,4.047,26.12,4.047,5.891,0.000
6,ec.gp.GPIndividual@601643205{1333916911},3C_20_50-02.txt,61.404,0.500,30.702,1,0.516,1.68,0.516,0.516,0.516
6,ec.gp.GPIndividual@601643205{1333916911},3C_20_50-03.txt,30.993,0.500,15.496,2,8.172,52.73,4.086,8.172,0.000
6,ec.gp.GPIndividual@601643205{1333916911},3C_20_80-03.txt,169.439,0.500,84.719,3,13.406,15.82,4.469,11.328,0.000
6,ec.gp.GPIndividual@601643205{1333916911},3C_20_50-03.txt,30.993,0.500,15.496,1,27.281,176.05,27.281,27.281,0.000
6,ec.gp.GPIndividual@601643205{1333916911},3C_20_66-02.txt,154.245,0.500,77.122,5,13.625,17.67,2.725,27.281,0.000
6,ec.gp.GPIndividual@601643205{1333916911},3C_20_66-01.txt,7.322,0.500,3.661,1,1.094,29.87,1.094,27.281,0.000
6,ec.gp.GPIndividual@601643205{1333916911},3C_20_66-02.txt,154.245,0.500,77.122,7,19.094,24.76,2.728,27.281,0.000
6,ec.gp.GPIndividual@601643205{1333916911},3C_20_66-03.txt,118.340,0.500,59.170,5,24.688,41.72,4.938,27.281,0.000
6,ec.gp.GPIndividual@601643205{1333916911},3C_20_80-01.txt,4.194,0.500,2.097,1,0.891,42.47,0.891,27.281,0.000
6,ec.gp.GPIndividual@601643205{1333916911},3C_20_80-02.txt,35.738,0.500,17.869,1,2.250,12.59,2.250,27.281,0.000
6,ec.gp.GPIndividual@601643205{1333916911},3C_20_80-03.txt,169.439,0.500,84.719,2,15.547,18.35,7.773,27.281,0.000
6,ec.gp.GPIndividual@1037907182{1356399981},3C_20_50-02.txt,61.404,0.500,30.702,6,42.781,139.34,7.130,24.344,0.500
6,ec.gp.GPIndividual@1037907182{1356399981},3C_20_80-03.txt,169.439,0.500,84.719,2,8.313,9.81,4.156,24.344,0.000
6,ec.gp.GPIndividual@1037907182{1356399981},3C_20_66-01.txt,7.322,0.500,3.661,1,25.531,697.37,25.531,25.531,0.000
6,ec.gp.GPIndividual@1998139064{-1136771681},3C_20_50-02.txt,61.404,0.500,30.702,2,22.422,73.03,11.211,22.422,0.000
6,ec.gp.GPIndividual@1998139064{-1136771681},3C_20_66-03.txt,118.340,0.500,59.170,7,11.031,18.64,1.576,22.422,0.000
6,ec.gp.GPIndividual@1998139064{-1136771681},3C_20_50-03.txt,30.993,0.500,15.496,4,16.609,107.18,4.152,22.422,0.000
6,ec.gp.GPIndividual@1998139064{-1136771681},3C_20_80-01.txt,4.194,0.500,2.097,2,4.000,190.73,2.000,22.422,0.000
6,ec.gp.GPIndividual@1998139064{-1136771681},3C_20_50-03.txt,30.993,0.500,15.496,1,0.531,3.43,0.531,22.422,0.000
6,ec.gp.GPIndividual@1998139064{-1136771681},3C_20_80-02.txt,35.738,0.500,17.869,1,2.172,12.15,2.172,22.422,0.000
6,ec.gp.GPIndividual@1748275900{1476057164},3C_20_50-02.txt,61.404,0.500,30.702,5,17.391,56.64,3.478,14.953,0.000
6,ec.gp.GPIndividual@1748275900{1476057164},3C_20_66-03.txt,118.340,0.500,59.170,18,44.172,74.65,2.454,15.188,0.000
6,ec.gp.GPIndividual@1748275900{1476057164},3C_20_50-03.txt,30.993,0.500,15.496,2,13.625,87.92,6.813,15.188,0.000
6,ec.gp.GPIndividual@1748275900{1476057164},3C_20_80-01.txt,4.194,0.500,2.097,2,20.172,961.83,10.086,19.266,0.000
6,ec.gp.GPIndividual@1748275900{1476057164},3C_20_66-03.txt,118.340,0.500,59.170,2,12.172,20.57,6.086,19.266,0.000
6,ec.gp.GPIndividual@1748275900{1476057164},3C_20_80-02.txt,35.738,0.500,17.869,1,0.547,3.06,0.547,19.266,0.000
6,ec.gp.GPIndividual@1748275900{1476057164},3C_20_80-02.txt,35.738,0.500,17.869,1,22.469,125.74,22.469,22.469,0.000
6,ec.gp.GPIndividual@1748275900{1476057164},3C_20_66-02.txt,154.245,0.500,77.122,21,58.547,75.91,2.788,22.469,0.000
6,ec.gp.GPIndividual@1748275900{1476057164},3C_20_80-01.txt,4.194,0.500,2.097,2,1.516,72.27,0.758,22.469,0.000
6,ec.gp.GPIndividual@1748275900{1476057164},3C_20_80-02.txt,35.738,0.500,17.869,1,22.609,126.53,22.609,22.609,0.000
6,ec.gp.GPIndividual@1748275900{1476057164},3C_20_66-03.txt,118.340,0.500,59.170,2,21.109,35.68,10.555,22.609,0.000
6,ec.gp.GPIndividual@1748275900{1476057164},3C_20_80-03.txt,169.439,0.500,84.719,2,21.703,25.62,10.852,22.609,0.000
6,ec.gp.GPIndividual@1748275900{1476057164},3C_20_80-03.txt,169.439,0.500,84.719,14,70.172,82.83,5.012,22.609,0.000
6,ec.gp.GPIndividual@1748275900{1476057164},3C_20_80-03.txt,169.439,0.500,84.719,1,20.781,24.53,20.781,22.609,0.000
6,ec.gp.GPIndividual@1472613978{187599469},3C_20_50-02.txt,61.404,0.500,30.702,0,0.000,0.00,0.000,0.000,0.000
6,ec.gp.GPIndividual@1472613978{187599469},3C_20_50-03.txt,30.993,0.500,15.496,0,0.000,0.00,0.000,0.000,0.000
6,ec.gp.GPIndividual@1472613978{187599469},3C_20_66-01.txt,7.322,0.500,3.661,0,0.000,0.00,0.000,0.000,0.000
6,ec.gp.GPIndividual@1472613978{187599469},3C_20_66-02.txt,154.245,0.500,77.122,0,0.000,0.00,0.000,0.000,0.000
6,ec.gp.GPIndividual@1472613978{187599469},3C_20_66-03.txt,118.340,0.500,59.170,0,0.000,0.00,0.000,0.000,0.000
6,ec.gp.GPIndividual@1472613978{187599469},3C_20_80-01.txt,4.194,0.500,2.097,0,0.000,0.00,0.000,0.000,0.000
6,ec.gp.GPIndividual@1472613978{187599469},3C_20_80-02.txt,35.738,0.500,17.869,0,0.000,0.00,0.000,0.000,0.000
6,ec.gp.GPIndividual@1472613978{187599469},3C_20_80-03.txt,169.439,0.500,84.719,0,0.000,0.00,0.000,0.000,0.000
6,ec.gp.GPIndividual@1061897851{-155282105},3C_20_50-02.txt,61.404,0.500,30.702,3,19.250,62.70,6.417,18.938,0.000
6,ec.gp.GPIndividual@1061897851{-155282105},3C_20_80-01.txt,4.194,0.500,2.097,2,0.906,43.21,0.453,18.938,0.000
6,ec.gp.GPIndividual@1061897851{-155282105},3C_20_80-02.txt,35.738,0.500,17.869,2,23.938,133.96,11.969,22.578,0.000
6,ec.gp.GPIndividual@1560713514{1022927540},3C_20_50-02.txt,61.404,0.500,30.702,2,13.859,45.14,6.930,13.859,0.000
6,ec.gp.GPIndividual@1560713514{1022927540},3C_20_66-01.txt,7.322,0.500,3.661,4,4.109,112.24,1.027,13.859,0.000
6,ec.gp.GPIndividual@1560713514{1022927540},3C_20_50-03.txt,30.993,0.500,15.496,1,0.438,2.82,0.438,13.859,0.000
6,ec.gp.GPIndividual@1560713514{1022927540},3C_20_80-03.txt,169.439,0.500,84.719,2,2.828,3.34,1.414,13.859,0.000
6,ec.gp.GPIndividual@1560713514{1022927540},3C_20_66-02.txt,154.245,0.500,77.122,12,58.078,75.31,4.840,23.375,0.000
6,ec.gp.GPIndividual@1119309062{-26236140},3C_20_50-02.txt,61.404,0.500,30.702,2,29.391,95.73,14.695,29.109,0.281
6,ec.gp.GPIndividual@1051486336{-2031596869},3C_20_50-02.txt,61.404,0.500,30.702,2,22.250,72.47,11.125,22.250,0.000
6,ec.gp.GPIndividual@1051486336{-2031596869},3C_20_66-03.txt,118.340,0.500,59.170,4,29.031,49.06,7.258,27.234,0.000
6,ec.gp.GPIndividual@1051486336{-2031596869},3C_20_50-03.txt,30.993,0.500,15.496,3,20.938,135.11,6.979,27.234,0.000
6,ec.gp.GPIndividual@1051486336{-2031596869},3C_20_66-01.txt,7.322,0.500,3.661,2,5.266,143.83,2.633,27.234,0.000
6,ec.gp.GPIndividual@1051486336{-2031596869},3C_20_50-03.txt,30.993,0.500,15.496,1,0.109,0.71,0.109,27.234,0.000
6,ec.gp.GPIndividual@1051486336{-2031596869},3C_20_66-01.txt,7.322,0.500,3.661,3,3.703,101.15,1.234,27.234,0.000
6,ec.gp.GPIndividual@1051486336{-2031596869},3C_20_50-03.txt,30.993,0.500,15.496,2,5.422,34.99,2.711,27.234,0.000
6,ec.gp.GPIndividual@1051486336{-2031596869},3C_20_66-02.txt,154.245,0.500,77.122,17,82.781,107.34,4.869,27.234,0.000
6,ec.gp.GPIndividual@1051486336{-2031596869},3C_20_66-01.txt,7.322,0.500,3.661,1,26.766,731.08,26.766,27.234,0.000
6,ec.gp.GPIndividual@1051486336{-2031596869},3C_20_80-01.txt,4.194,0.500,2.097,1,2.859,136.34,2.859,27.234,0.000
6,ec.gp.GPIndividual@1051486336{-2031596869},3C_20_66-02.txt,154.245,0.500,77.122,4,25.109,32.56,6.277,27.234,0.000
6,ec.gp.GPIndividual@1051486336{-2031596869},3C_20_66-03.txt,118.340,0.500,59.170,20,54.781,92.58,2.739,27.234,0.000
6,ec.gp.GPIndividual@1051486336{-2031596869},3C_20_66-03.txt,118.340,0.500,59.170,2,6.344,10.72,3.172,27.234,0.000
6,ec.gp.GPIndividual@1051486336{-2031596869},3C_20_80-01.txt,4.194,0.500,2.097,1,8.141,388.16,8.141,27.234,0.000
6,ec.gp.GPIndividual@1051486336{-2031596869},3C_20_66-01.txt,7.322,0.500,3.661,3,6.359,173.70,2.120,27.234,0.000
6,ec.gp.GPIndividual@1051486336{-2031596869},3C_20_80-02.txt,35.738,0.500,17.869,1,0.891,4.98,0.891,27.234,0.000
6,ec.gp.GPIndividual@1051486336{-2031596869},3C_20_66-02.txt,154.245,0.500,77.122,23,60.391,78.30,2.626,27.234,0.000
6,ec.gp.GPIndividual@1051486336{-2031596869},3C_20_80-01.txt,4.194,0.500,2.097,1,14.031,669.03,14.031,27.234,0.000
6,ec.gp.GPIndividual@1051486336{-2031596869},3C_20_66-03.txt,118.340,0.500,59.170,3,16.563,27.99,5.521,27.234,0.000
6,ec.gp.GPIndividual@1051486336{-2031596869},3C_20_80-03.txt,169.439,0.500,84.719,3,13.469,15.90,4.490,27.234,0.000
6,ec.gp.GPIndividual@1051486336{-2031596869},3C_20_80-02.txt,35.738,0.500,17.869,1,19.328,108.17,19.328,27.234,0.000
6,ec.gp.GPIndividual@1051486336{-2031596869},3C_20_66-02.txt,154.245,0.500,77.122,20,54.172,70.24,2.709,27.234,0.000
6,ec.gp.GPIndividual@1051486336{-2031596869},3C_20_80-03.txt,169.439,0.500,84.719,2,18.453,21.78,9.227,27.234,0.000
6,ec.gp.GPIndividual@1051486336{-2031596869},3C_20_66-03.txt,118.340,0.500,59.170,2,19.484,32.93,9.742,27.234,0.000
6,ec.gp.GPIndividual@1051486336{-2031596869},3C_20_80-01.txt,4.194,0.500,2.097,1,16.859,803.88,16.859,27.234,0.000
6,ec.gp.GPIndividual@1051486336{-2031596869},3C_20_80-02.txt,35.738,0.500,17.869,2,24.656,137.98,12.328,27.234,0.000
6,ec.gp.GPIndividual@2080836058{-1107695905},3C_20_50-02.txt,61.404,0.500,30.702,16,31.141,101.43,1.946,4.734,0.266
6,ec.gp.GPIndividual@2080836058{-1107695905},3C_20_50-03.txt,30.993,0.500,15.496,2,0.875,5.65,0.438,4.734,0.000
6,ec.gp.GPIndividual@2080836058{-1107695905},3C_20_80-01.txt,4.194,0.500,2.097,2,2.828,134.85,1.414,4.734,0.000
6,ec.gp.GPIndividual@2080836058{-1107695905},3C_20_80-02.txt,35.738,0.500,17.869,2,2.344,13.12,1.172,4.734,0.000
6,ec.gp.GPIndividual@2080836058{-1107695905},3C_20_80-03.txt,169.439,0.500,84.719,1,0.563,0.66,0.563,4.734,0.000
6,ec.gp.GPIndividual@2080836058{-1107695905},3C_20_80-02.txt,35.738,0.500,17.869,6,16.281,91.11,2.714,7.844,0.000
6,ec.gp.GPIndividual@1798427467{-1173033127},3C_20_50-02.txt,61.404,0.500,30.702,0,0.000,0.00,0.000,0.000,0.000
6,ec.gp.GPIndividual@1798427467{-1173033127},3C_20_50-03.txt,30.993,0.500,15.496,0,0.000,0.00,0.000,0.000,0.000
6,ec.gp.GPIndividual@1798427467{-1173033127},3C_20_66-01.txt,7.322,0.500,3.661,0,0.000,0.00,0.000,0.000,0.000
6,ec.gp.GPIndividual@1798427467{-1173033127},3C_20_66-02.txt,154.245,0.500,77.122,0,0.000,0.00,0.000,0.000,0.000
6,ec.gp.GPIndividual@1798427467{-1173033127},3C_20_66-03.txt,118.340,0.500,59.170,0,0.000,0.00,0.000,0.000,0.000
6,ec.gp.GPIndividual@1798427467{-1173033127},3C_20_80-01.txt,4.194,0.500,2.097,0,0.000,0.00,0.000,0.000,0.000
6,ec.gp.GPIndividual@1798427467{-1173033127},3C_20_80-02.txt,35.738,0.500,17.869,0,0.000,0.00,0.000,0.000,0.000
6,ec.gp.GPIndividual@1798427467{-1173033127},3C_20_80-03.txt,169.439,0.500,84.719,0,0.000,0.00,0.000,0.000,0.000
6,ec.gp.GPIndividual@41744689{194495761},3C_20_50-02.txt,61.404,0.500,30.702,2,30.453,99.19,15.227,30.453,0.000
6,ec.gp.GPIndividual@41744689{194495761},3C_20_80-03.txt,169.439,0.500,84.719,8,31.297,36.94,3.912,30.453,0.000
6,ec.gp.GPIndividual@41744689{194495761},3C_20_66-01.txt,7.322,0.500,3.661,4,2.563,69.99,0.641,30.453,0.000
6,ec.gp.GPIndividual@41744689{194495761},3C_20_66-02.txt,154.245,0.500,77.122,6,35.125,45.54,5.854,30.453,0.000
6,ec.gp.GPIndividual@1844346864{1295570354},3C_20_50-02.txt,61.404,0.500,30.702,1,0.000,0.00,0.000,0.000,0.000
6,ec.gp.GPIndividual@1844346864{1295570354},3C_20_50-03.txt,30.993,0.500,15.496,1,0.000,0.00,0.000,0.000,0.000
6,ec.gp.GPIndividual@1844346864{1295570354},3C_20_66-01.txt,7.322,0.500,3.661,1,0.000,0.00,0.000,0.000,0.000
6,ec.gp.GPIndividual@1844346864{1295570354},3C_20_66-02.txt,154.245,0.500,77.122,1,0.000,0.00,0.000,0.000,0.000
6,ec.gp.GPIndividual@1844346864{1295570354},3C_20_66-03.txt,118.340,0.500,59.170,1,0.000,0.00,0.000,0.000,0.000
6,ec.gp.GPIndividual@1844346864{1295570354},3C_20_80-01.txt,4.194,0.500,2.097,1,0.000,0.00,0.000,0.000,0.000
6,ec.gp.GPIndividual@1844346864{1295570354},3C_20_80-02.txt,35.738,0.500,17.869,1,0.000,0.00,0.000,0.000,0.000
6,ec.gp.GPIndividual@1844346864{1295570354},3C_20_80-03.txt,169.439,0.500,84.719,1,0.000,0.00,0.000,0.000,0.000
6,ec.gp.GPIndividual@379063355{-165859888},3C_20_50-02.txt,61.404,0.500,30.702,2,29.438,95.88,14.719,29.438,0.000
6,ec.gp.GPIndividual@379063355{-165859888},3C_20_50-03.txt,30.993,0.500,15.496,2,31.781,205.09,15.891,31.469,0.000
6,ec.gp.GPIndividual@1307510753{1920364708},3C_20_50-02.txt,61.404,0.500,30.702,10,39.422,128.40,3.942,24.375,0.188
6,ec.gp.GPIndividual@1307510753{1920364708},3C_20_66-03.txt,118.340,0.500,59.170,3,14.094,23.82,4.698,24.375,0.000
6,ec.gp.GPIndividual@1307510753{1920364708},3C_20_50-03.txt,30.993,0.500,15.496,2,8.016,51.73,4.008,24.375,0.000
6,ec.gp.GPIndividual@1307510753{1920364708},3C_20_50-03.txt,30.993,0.500,15.496,5,12.797,82.58,2.559,24.375,0.000
6,ec.gp.GPIndividual@1307510753{1920364708},3C_20_66-01.txt,7.322,0.500,3.661,2,2.938,80.24,1.469,24.375,0.000
6,ec.gp.GPIndividual@1307510753{1920364708},3C_20_80-01.txt,4.194,0.500,2.097,2,1.313,62.58,0.656,24.375,0.000
6,ec.gp.GPIndividual@1307510753{1920364708},3C_20_66-02.txt,154.245,0.500,77.122,1,3.750,4.86,3.750,24.375,0.000
6,ec.gp.GPIndividual@1307510753{1920364708},3C_20_66-01.txt,7.322,0.500,3.661,5,4.625,126.33,0.925,24.375,0.000
6,ec.gp.GPIndividual@1307510753{1920364708},3C_20_66-03.txt,118.340,0.500,59.170,2,0.578,0.98,0.289,24.375,0.000
6,ec.gp.GPIndividual@1307510753{1920364708},3C_20_80-02.txt,35.738,0.500,17.869,2,0.219,1.22,0.109,24.375,0.000
6,ec.gp.GPIndividual@1307510753{1920364708},3C_20_66-02.txt,154.245,0.500,77.122,16,68.047,88.23,4.253,24.375,0.000
6,ec.gp.GPIndividual@1307510753{1920364708},3C_20_66-01.txt,7.322,0.500,3.661,5,2.922,79.81,0.584,24.375,0.000
6,ec.gp.GPIndividual@1307510753{1920364708},3C_20_66-02.txt,154.245,0.500,77.122,4,51.688,67.02,12.922,26.016,0.000
6,ec.gp.GPIndividual@1307510753{1920364708},3C_20_80-03.txt,169.439,0.500,84.719,8,39.953,47.16,4.994,26.016,0.000
6,ec.gp.GPIndividual@1307510753{1920364708},3C_20_66-03.txt,118.340,0.500,59.170,5,57.469,97.13,11.494,26.453,0.000
6,ec.gp.GPIndividual@1307510753{1920364708},3C_20_80-01.txt,4.194,0.500,2.097,2,1.344,64.07,0.672,26.453,0.000
6,ec.gp.GPIndividual@1307510753{1920364708},3C_20_80-02.txt,35.738,0.500,17.869,2,32.219,180.30,16.109,31.109,0.000
6,ec.gp.GPIndividual@1326931213{1967204709},3C_20_50-02.txt,61.404,0.500,30.702,9,17.547,57.15,1.950,11.266,0.000
6,ec.gp.GPIndividual@1326931213{1967204709},3C_20_66-03.txt,118.340,0.500,59.170,5,28.734,48.56,5.747,21.375,0.000
6,ec.gp.GPIndividual@1326931213{1967204709},3C_20_80-01.txt,4.194,0.500,2.097,1,9.875,470.86,9.875,21.375,0.000
6,ec.gp.GPIndividual@1326931213{1967204709},3C_20_80-03.txt,169.439,0.500,84.719,10,34.688,40.94,3.469,23.047,0.000
6,ec.gp.GPIndividual@1326931213{1967204709},3C_20_50-03.txt,30.993,0.500,15.496,1,18.969,122.41,18.969,23.047,0.000
6,ec.gp.GPIndividual@1326931213{1967204709},3C_20_80-01.txt,4.194,0.500,2.097,2,3.266,155.71,1.633,23.047,0.000
6,ec.gp.GPIndividual@1326931213{1967204709},3C_20_66-01.txt,7.322,0.500,3.661,1,0.594,16.22,0.594,23.047,0.000
6,ec.gp.GPIndividual@1326931213{1967204709},3C_20_80-02.txt,35.738,0.500,17.869,12,17.609,98.55,1.467,23.047,0.000
6,ec.gp.GPIndividual@1326931213{1967204709},3C_20_80-03.txt,169.439,0.500,84.719,2,1.813,2.14,0.906,23.047,0.000
6,ec.gp.GPIndividual@1326931213{1967204709},3C_20_66-02.txt,154.245,0.500,77.122,7,39.641,51.40,5.663,31.688,0.000
6,ec.gp.GPIndividual@751922854{9063589},3C_20_50-02.txt,61.404,0.500,30.702,0,0.000,0.00,0.000,0.000,0.000
6,ec.gp.GPIndividual@751922854{9063589},3C_20_50-03.txt,30.993,0.500,15.496,0,0.000,0.00,0.000,0.000,0.000
6,ec.gp.GPIndividual@751922854{9063589},3C_20_66-01.txt,7.322,0.500,3.661,0,0.000,0.00,0.000,0.000,0.000
6,ec.gp.GPIndividual@751922854{9063589},3C_20_66-02.txt,154.245,0.500,77.122,0,0.000,0.00,0.000,0.000,0.000
6,ec.gp.GPIndividual@751922854{9063589},3C_20_66-03.txt,118.340,0.500,59.170,0,0.000,0.00,0.000,0.000,0.000
6,ec.gp.GPIndividual@751922854{9063589},3C_20_80-01.txt,4.194,0.500,2.097,0,0.000,0.00,0.000,0.000,0.000
6,ec.gp.GPIndividual@751922854{9063589},3C_20_80-02.txt,35.738,0.500,17.869,0,0.000,0.00,0.000,0.000,0.000
6,ec.gp.GPIndividual@751922854{9063589},3C_20_80-03.txt,169.439,0.500,84.719,0,0.000,0.00,0.000,0.000,0.000
6,ec.gp.GPIndividual@167220785{366423861},3C_20_50-02.txt,61.404,0.500,30.702,0,0.000,0.00,0.000,0.000,0.000
6,ec.gp.GPIndividual@167220785{366423861},3C_20_50-03.txt,30.993,0.500,15.496,0,0.000,0.00,0.000,0.000,0.000
6,ec.gp.GPIndividual@167220785{366423861},3C_20_66-01.txt,7.322,0.500,3.661,0,0.000,0.00,0.000,0.000,0.000
6,ec.gp.GPIndividual@167220785{366423861},3C_20_66-02.txt,154.245,0.500,77.122,0,0.000,0.00,0.000,0.000,0.000
6,ec.gp.GPIndividual@167220785{366423861},3C_20_66-03.txt,118.340,0.500,59.170,0,0.000,0.00,0.000,0.000,0.000
6,ec.gp.GPIndividual@167220785{366423861},3C_20_80-01.txt,4.194,0.500,2.097,0,0.000,0.00,0.000,0.000,0.000
6,ec.gp.GPIndividual@167220785{366423861},3C_20_80-02.txt,35.738,0.500,17.869,0,0.000,0.00,0.000,0.000,0.000
6,ec.gp.GPIndividual@167220785{366423861},3C_20_80-03.txt,169.439,0.500,84.719,0,0.000,0.00,0.000,0.000,0.000
6,ec.gp.GPIndividual@1126667211{1827530073},3C_20_50-02.txt,61.404,0.500,30.702,0,0.000,0.00,0.000,0.000,0.000
6,ec.gp.GPIndividual@1126667211{1827530073},3C_20_50-03.txt,30.993,0.500,15.496,0,0.000,0.00,0.000,0.000,0.000
6,ec.gp.GPIndividual@1126667211{1827530073},3C_20_66-01.txt,7.322,0.500,3.661,0,0.000,0.00,0.000,0.000,0.000
6,ec.gp.GPIndividual@1126667211{1827530073},3C_20_66-02.txt,154.245,0.500,77.122,0,0.000,0.00,0.000,0.000,0.000
6,ec.gp.GPIndividual@1126667211{1827530073},3C_20_66-03.txt,118.340,0.500,59.170,0,0.000,0.00,0.000,0.000,0.000
6,ec.gp.GPIndividual@1126667211{1827530073},3C_20_80-01.txt,4.194,0.500,2.097,0,0.000,0.00,0.000,0.000,0.000
6,ec.gp.GPIndividual@1126667211{1827530073},3C_20_80-02.txt,35.738,0.500,17.869,0,0.000,0.00,0.000,0.000,0.000
6,ec.gp.GPIndividual@1126667211{1827530073},3C_20_80-03.txt,169.439,0.500,84.719,0,0.000,0.00,0.000,0.000,0.000
6,ec.gp.GPIndividual@675974334{467105225},3C_20_50-02.txt,61.404,0.500,30.702,6,13.594,44.28,2.266,11.422,0.000
6,ec.gp.GPIndividual@675974334{467105225},3C_20_50-03.txt,30.993,0.500,15.496,4,31.750,204.89,7.938,26.063,0.000
6,ec.gp.GPIndividual@675974334{467105225},3C_20_80-01.txt,4.194,0.500,2.097,4,1.406,67.05,0.352,26.063,0.000
6,ec.gp.GPIndividual@675974334{467105225},3C_20_80-02.txt,35.738,0.500,17.869,2,3.953,22.12,1.977,26.063,0.000
6,ec.gp.GPIndividual@675974334{467105225},3C_20_66-01.txt,7.322,0.500,3.661,10,3.406,93.04,0.341,26.063,0.000
6,ec.gp.GPIndividual@675974334{467105225},3C_20_80-03.txt,169.439,0.500,84.719,2,0.344,0.41,0.172,26.063,0.000
6,ec.gp.GPIndividual@675974334{467105225},3C_20_66-02.txt,154.245,0.500,77.122,9,54.188,70.26,6.021,29.688,0.000
6,ec.gp.GPIndividual@1349336012{1920364708},3C_20_50-02.txt,61.404,0.500,30.702,8,19.156,62.39,2.395,10.094,0.000
6,ec.gp.GPIndividual@1349336012{1920364708},3C_20_50-03.txt,30.993,0.500,15.496,6,9.813,63.32,1.635,10.094,0.000
6,ec.gp.GPIndividual@1349336012{1920364708},3C_20_66-01.txt,7.322,0.500,3.661,6,1.875,51.21,0.313,10.094,0.000
6,ec.gp.GPIndividual@1349336012{1920364708},3C_20_66-02.txt,154.245,0.500,77.122,10,47.922,62.14,4.792,19.500,0.000
6,ec.gp.GPIndividual@1349336012{1920364708},3C_20_66-03.txt,118.340,0.500,59.170,7,42.688,72.14,6.098,19.500,0.000
6,ec.gp.GPIndividual@1349336012{1920364708},3C_20_80-01.txt,4.194,0.500,2.097,8,1.859,88.66,0.232,19.500,0.000
6,ec.gp.GPIndividual@1349336012{1920364708},3C_20_80-02.txt,35.738,0.500,17.869,7,7.797,43.63,1.114,19.500,0.000
6,ec.gp.GPIndividual@1349336012{1920364708},3C_20_80-03.txt,169.439,0.500,84.719,2,34.359,40.56,17.180,33.609,0.000
7,ec.gp.GPIndividual@1413613543{-1256997562},3C_20_50-02.txt,61.404,0.500,30.702,20,29.141,94.91,1.457,2.734,0.000
7,ec.gp.GPIndividual@1413613543{-1256997562},3C_20_50-03.txt,30.993,0.500,15.496,2,2.359,15.23,1.180,2.734,0.000
7,ec.gp.GPIndividual@1413613543{-1256997562},3C_20_50-03.txt,30.993,0.500,15.496,6,13.313,85.91,2.219,2.984,0.000
7,ec.gp.GPIndividual@1413613543{-1256997562},3C_20_50-03.txt,30.993,0.500,15.496,3,7.109,45.88,2.370,4.328,0.000
7,ec.gp.GPIndividual@1413613543{-1256997562},3C_20_50-03.txt,30.993,0.500,15.496,3,7.469,48.20,2.490,4.328,0.000
7,ec.gp.GPIndividual@1413613543{-1256997562},3C_20_50-03.txt,30.993,0.500,15.496,2,5.125,33.07,2.563,5.125,0.000
7,ec.gp.GPIndividual@1413613543{-1256997562},3C_20_50-03.txt,30.993,0.500,15.496,3,13.406,86.51,4.469,5.125,0.000
7,ec.gp.GPIndividual@1413613543{-1256997562},3C_20_66-01.txt,7.322,0.500,3.661,1,4.906,134.01,4.906,5.125,0.000
7,ec.gp.GPIndividual@1413613543{-1256997562},3C_20_66-01.txt,7.322,0.500,3.661,1,4.172,113.95,4.172,5.125,0.000
7,ec.gp.GPIndividual@1413613543{-1256997562},3C_20_66-01.txt,7.322,0.500,3.661,4,7.266,198.46,1.816,5.125,0.000
7,ec.gp.GPIndividual@1413613543{-1256997562},3C_20_66-01.txt,7.322,0.500,3.661,1,0.328,8.96,0.328,5.125,0.000
7,ec.gp.GPIndividual@1413613543{-1256997562},3C_20_66-02.txt,154.245,0.500,77.122,1,1.063,1.38,1.063,5.125,0.000
7,ec.gp.GPIndividual@1413613543{-1256997562},3C_20_66-02.txt,154.245,0.500,77.122,1,0.672,0.87,0.672,5.125,0.000
7,ec.gp.GPIndividual@1413613543{-1256997562},3C_20_66-02.txt,154.245,0.500,77.122,2,3.563,4.62,1.781,5.125,0.000
7,ec.gp.GPIndividual@1413613543{-1256997562},3C_20_66-01.txt,7.322,0.500,3.661,1,4.547,124.19,4.547,5.125,0.000
7,ec.gp.GPIndividual@1413613543{-1256997562},3C_20_66-01.txt,7.322,0.500,3.661,4,3.813,104.14,0.953,5.125,0.000
7,ec.gp.GPIndividual@1413613543{-1256997562},3C_20_66-02.txt,154.245,0.500,77.122,2,2.922,3.79,1.461,5.125,0.000
7,ec.gp.GPIndividual@1413613543{-1256997562},3C_20_66-02.txt,154.245,0.500,77.122,3,4.406,5.71,1.469,5.125,0.000
7,ec.gp.GPIndividual@1413613543{-1256997562},3C_20_66-03.txt,118.340,0.500,59.170,25,60.688,102.57,2.428,11.484,0.000
7,ec.gp.GPIndividual@1413613543{-1256997562},3C_20_66-03.txt,118.340,0.500,59.170,2,8.938,15.10,4.469,11.484,0.000
7,ec.gp.GPIndividual@1413613543{-1256997562},3C_20_66-03.txt,118.340,0.500,59.170,2,12.172,20.57,6.086,12.172,0.000
7,ec.gp.GPIndividual@1413613543{-1256997562},3C_20_66-03.txt,118.340,0.500,59.170,2,9.609,16.24,4.805,12.172,0.000
7,ec.gp.GPIndividual@1413613543{-1256997562},3C_20_66-03.txt,118.340,0.500,59.170,2,16.219,27.41,8.109,16.219,0.000
7,ec.gp.GPIndividual@1413613543{-1256997562},3C_20_66-02.txt,154.245,0.500,77.122,2,4.156,5.39,2.078,16.219,0.000
7,ec.gp.GPIndividual@1413613543{-1256997562},3C_20_80-01.txt,4.194,0.500,2.097,2,0.906,43.21,0.453,16.219,0.000
7,ec.gp.GPIndividual@1413613543{-1256997562},3C_20_80-02.txt,35.738,0.500,17.869,5,22.047,123.38,4.409,16.219,0.000
7,ec.gp.GPIndividual@1413613543{-1256997562},3C_20_80-01.txt,4.194,0.500,2.097,1,6.000,286.09,6.000,16.219,0.000
7,ec.gp.GPIndividual@1413613543{-1256997562},3C_20_80-01.txt,4.194,0.500,2.097,1,0.797,38.00,0.797,16.219,0.000
7,ec.gp.GPIndividual@1413613543{-1256997562},3C_20_80-01.txt,4.194,0.500,2.097,2,2.813,134.10,1.406,16.219,0.000
7,ec.gp.GPIndividual@1413613543{-1256997562},3C_20_80-03.txt,169.439,0.500,84.719,2,0.328,0.39,0.164,16.219,0.000
7,ec.gp.GPIndividual@1413613543{-1256997562},3C_20_66-03.txt,118.340,0.500,59.170,23,60.109,101.59,2.613,16.219,0.000
7,ec.gp.GPIndividual@1413613543{-1256997562},3C_20_80-02.txt,35.738,0.500,17.869,2,0.672,3.76,0.336,16.219,0.000
7,ec.gp.GPIndividual@416148477{1570457062},3C_20_50-02.txt,61.404,0.500,30.702,8,14.859,48.40,1.857,5.344,0.000
7,ec.gp.GPIndividual@416148477{1570457062},3C_20_80-01.txt,4.194,0.500,2.097,2,2.516,119.95,1.258,5.344,0.000
7,ec.gp.GPIndividual@416148477{1570457062},3C_20_80-02.txt,35.738,0.500,17.869,2,0.344,1.92,0.172,5.344,0.000
7,ec.gp.GPIndividual@416148477{1570457062},3C_20_80-03.txt,169.439,0.500,84.719,7,30.781,36.33,4.397,20.078,0.000
7,ec.gp.GPIndividual@416148477{1570457062},3C_20_80-01.txt,4.194,0.500,2.097,1,5.781,275.66,5.781,20.078,0.000
7,ec.gp.GPIndividual@382813639{187599469},3C_20_50-02.txt,61.404,0.500,30.702,0,0.000,0.00,0.000,0.000,0.000
7,ec.gp.GPIndividual@382813639{187599469},3C_20_50-03.txt,30.993,0.500,15.496,0,0.000,0.00,0.000,0.000,0.000
7,ec.gp.GPIndividual@382813639{187599469},3C_20_66-01.txt,7.322,0.500,3.661,0,0.000,0.00,0.000,0.000,0.000
7,ec.gp.GPIndividual@382813639{187599469},3C_20_66-02.txt,154.245,0.500,77.122,0,0.000,0.00,0.000,0.000,0.000
7,ec.gp.GPIndividual@382813639{187599469},3C_20_66-03.txt,118.340,0.500,59.170,0,0.000,0.00,0.000,0.000,0.000
7,ec.gp.GPIndividual@382813639{187599469},3C_20_80-01.txt,4.194,0.500,2.097,0,0.000,0.00,0.000,0.000,0.000
7,ec.gp.GPIndividual@382813639{187599469},3C_20_80-02.txt,35.738,0.500,17.869,0,0.000,0.00,0.000,0.000,0.000
7,ec.gp.GPIndividual@382813639{187599469},3C_20_80-03.txt,169.439,0.500,84.719,0,0.000,0.00,0.000,0.000,0.000
7,ec.gp.GPIndividual@1390200606{1307167075},3C_20_50-02.txt,61.404,0.500,30.702,5,13.156,42.85,2.631,10.625,0.000
7,ec.gp.GPIndividual@1390200606{1307167075},3C_20_80-02.txt,35.738,0.500,17.869,3,12.594,70.48,4.198,11.484,0.000
7,ec.gp.GPIndividual@1390200606{1307167075},3C_20_80-02.txt,35.738,0.500,17.869,11,17.203,96.27,1.564,11.484,0.000
7,ec.gp.GPIndividual@1390200606{1307167075},3C_20_80-03.txt,169.439,0.500,84.719,3,6.500,7.67,2.167,11.484,0.000
7,ec.gp.GPIndividual@1390200606{1307167075},3C_20_50-03.txt,30.993,0.500,15.496,2,0.891,5.75,0.445,11.484,0.000
7,ec.gp.GPIndividual@1390200606{1307167075},3C_20_80-03.txt,169.439,0.500,84.719,2,5.734,6.77,2.867,11.484,0.000
7,ec.gp.GPIndividual@1390200606{1307167075},3C_20_80-03.txt,169.439,0.500,84.719,10,67.297,79.43,6.730,30.391,0.000
7,ec.gp.GPIndividual@1390200606{1307167075},3C_20_50-03.txt,30.993,0.500,15.496,3,12.172,78.55,4.057,30.391,0.000
7,ec.gp.GPIndividual@1390200606{1307167075},3C_20_66-01.txt,7.322,0.500,3.661,1,4.422,120.78,4.422,30.391,0.000
7,ec.gp.GPIndividual@1390200606{1307167075},3C_20_66-01.txt,7.322,0.500,3.661,3,3.031,82.80,1.010,30.391,0.000
7,ec.gp.GPIndividual@1390200606{1307167075},3C_20_66-02.txt,154.245,0.500,77.122,1,0.719,0.93,0.719,30.391,0.000
7,ec.gp.GPIndividual@1390200606{1307167075},3C_20_66-02.txt,154.245,0.500,77.122,1,22.391,29.03,22.391,30.391,0.000
7,ec.gp.GPIndividual@860256190{-58351026},3C_20_50-02.txt,61.404,0.500,30.702,5,30.453,99.19,6.091,24.875,0.000
7,ec.gp.GPIndividual@860256190{-58351026},3C_20_80-02.txt,35.738,0.500,17.869,3,28.563,159.84,9.521,25.719,0.000
7,ec.gp.GPIndividual@1629995649{1618144217},3C_20_50-02.txt,61.404,0.500,30.702,6,35.500,115.63,5.917,28.031,0.516
7,ec.gp.GPIndividual@585883056{1652842056},3C_20_50-02.txt,61.404,0.500,30.702,0,0.000,0.00,0.000,0.000,0.000
7,ec.gp.GPIndividual@585883056{1652842056},3C_20_50-03.txt,30.993,0.500,15.496,0,0.000,0.00,0.000,0.000,0.000
7,ec.gp.GPIndividual@585883056{1652842056},3C_20_66-01.txt,7.322,0.500,3.661,0,0.000,0.00,0.000,0.000,0.000
7,ec.gp.GPIndividual@585883056{1652842056},3C_20_66-02.txt,154.245,0.500,77.122,0,0.000,0.00,0.000,0.000,0.000
7,ec.gp.GPIndividual@585883056{1652842056},3C_20_66-03.txt,118.340,0.500,59.170,0,0.000,0.00,0.000,0.000,0.000
7,ec.gp.GPIndividual@585883056{1652842056},3C_20_80-01.txt,4.194,0.500,2.097,0,0.000,0.00,0.000,0.000,0.000
7,ec.gp.GPIndividual@585883056{1652842056},3C_20_80-02.txt,35.738,0.500,17.869,0,0.000,0.00,0.000,0.000,0.000
7,ec.gp.GPIndividual@585883056{1652842056},3C_20_80-03.txt,169.439,0.500,84.719,0,0.000,0.00,0.000,0.000,0.000
7,ec.gp.GPIndividual@1207316232{-128375523},3C_20_50-02.txt,61.404,0.500,30.702,18,30.250,98.53,1.681,3.281,0.000
7,ec.gp.GPIndividual@1207316232{-128375523},3C_20_50-03.txt,30.993,0.500,15.496,2,4.188,27.02,2.094,4.188,0.000
7,ec.gp.GPIndividual@1207316232{-128375523},3C_20_50-03.txt,30.993,0.500,15.496,2,1.813,11.70,0.906,4.188,0.000
7,ec.gp.GPIndividual@1207316232{-128375523},3C_20_80-03.txt,169.439,0.500,84.719,2,2.516,2.97,1.258,4.188,0.000
7,ec.gp.GPIndividual@1207316232{-128375523},3C_20_50-03.txt,30.993,0.500,15.496,2,7.766,50.11,3.883,7.766,0.000
7,ec.gp.GPIndividual@1207316232{-128375523},3C_20_66-03.txt,118.340,0.500,59.170,2,8.313,14.05,4.156,8.313,0.000
7,ec.gp.GPIndividual@1207316232{-128375523},3C_20_66-03.txt,118.340,0.500,59.170,12,59.047,99.79,4.921,8.313,0.000
7,ec.gp.GPIndividual@1207316232{-128375523},3C_20_66-01.txt,7.322,0.500,3.661,3,3.641,99.44,1.214,8.313,0.000
7,ec.gp.GPIndividual@1207316232{-128375523},3C_20_80-01.txt,4.194,0.500,2.097,3,1.922,91.64,0.641,8.313,0.000
7,ec.gp.GPIndividual@1207316232{-128375523},3C_20_80-02.txt,35.738,0.500,17.869,1,0.656,3.67,0.656,8.313,0.000
7,ec.gp.GPIndividual@1207316232{-128375523},3C_20_66-02.txt,154.245,0.500,77.122,2,3.344,4.34,1.672,8.313,0.000
7,ec.gp.GPIndividual@1207316232{-128375523},3C_20_80-01.txt,4.194,0.500,2.097,2,2.141,102.07,1.070,8.313,0.000
7,ec.gp.GPIndividual@1207316232{-128375523},3C_20_80-03.txt,169.439,0.500,84.719,4,8.125,9.59,2.031,8.313,0.000
7,ec.gp.GPIndividual@1207316232{-128375523},3C_20_66-01.txt,7.322,0.500,3.661,4,3.922,107.12,0.980,8.313,0.000
7,ec.gp.GPIndividual@1207316232{-128375523},3C_20_66-03.txt,118.340,0.500,59.170,1,0.656,1.11,0.656,8.313,0.000
7,ec.gp.GPIndividual@1207316232{-128375523},3C_20_66-02.txt,154.245,0.500,77.122,2,0.984,1.28,0.492,8.313,0.000
7,ec.gp.GPIndividual@1207316232{-128375523},3C_20_80-02.txt,35.738,0.500,17.869,2,7.938,44.42,3.969,8.313,0.000
7,ec.gp.GPIndividual@1207316232{-128375523},3C_20_66-01.txt,7.322,0.500,3.661,3,4.188,114.38,1.396,8.313,0.000
7,ec.gp.GPIndividual@1207316232{-128375523},3C_20_66-02.txt,154.245,0.500,77.122,1,0.328,0.43,0.328,8.313,0.000
7,ec.gp.GPIndividual@1207316232{-128375523},3C_20_80-03.txt,169.439,0.500,84.719,2,18.500,21.84,9.250,15.797,0.000
7,ec.gp.GPIndividual@2117050631{-68891813},3C_20_50-02.txt,61.404,0.500,30.702,0,0.000,0.00,0.000,0.000,0.000
7,ec.gp.GPIndividual@2117050631{-68891813},3C_20_50-03.txt,30.993,0.500,15.496,0,0.000,0.00,0.000,0.000,0.000
7,ec.gp.GPIndividual@2117050631{-68891813},3C_20_66-01.txt,7.322,0.500,3.661,0,0.000,0.00,0.000,0.000,0.000
7,ec.gp.GPIndividual@2117050631{-68891813},3C_20_66-02.txt,154.245,0.500,77.122,0,0.000,0.00,0.000,0.000,0.000
7,ec.gp.GPIndividual@2117050631{-68891813},3C_20_66-03.txt,118.340,0.500,59.170,0,0.000,0.00,0.000,0.000,0.000
7,ec.gp.GPIndividual@2117050631{-68891813},3C_20_80-01.txt,4.194,0.500,2.097,0,0.000,0.00,0.000,0.000,0.000
7,ec.gp.GPIndividual@2117050631{-68891813},3C_20_80-02.txt,35.738,0.500,17.869,0,0.000,0.00,0.000,0.000,0.000
7,ec.gp.GPIndividual@2117050631{-68891813},3C_20_80-03.txt,169.439,0.500,84.719,0,0.000,0.00,0.000,0.000,0.000
7,ec.gp.GPIndividual@461339266{1664202895},3C_20_50-02.txt,61.404,0.500,30.702,13,34.906,113.69,2.685,6.266,0.516
7,ec.gp.GPIndividual@668342141{152012693},3C_20_50-02.txt,61.404,0.500,30.702,0,0.000,0.00,0.000,0.000,0.000
7,ec.gp.GPIndividual@668342141{152012693},3C_20_50-03.txt,30.993,0.500,15.496,0,0.000,0.00,0.000,0.000,0.000
7,ec.gp.GPIndividual@668342141{152012693},3C_20_66-01.txt,7.322,0.500,3.661,0,0.000,0.00,0.000,0.000,0.000
7,ec.gp.GPIndividual@668342141{152012693},3C_20_66-02.txt,154.245,0.500,77.122,0,0.000,0.00,0.000,0.000,0.000
7,ec.gp.GPIndividual@668342141{152012693},3C_20_66-03.txt,118.340,0.500,59.170,0,0.000,0.00,0.000,0.000,0.000
7,ec.gp.GPIndividual@668342141{152012693},3C_20_80-01.txt,4.194,0.500,2.097,0,0.000,0.00,0.000,0.000,0.000
7,ec.gp.GPIndividual@668342141{152012693},3C_20_80-02.txt,35.738,0.500,17.869,0,0.000,0.00,0.000,0.000,0.000
7,ec.gp.GPIndividual@668342141{152012693},3C_20_80-03.txt,169.439,0.500,84.719,0,0.000,0.00,0.000,0.000,0.000
7,ec.gp.GPIndividual@423504052{1636863015},3C_20_50-02.txt,61.404,0.500,30.702,5,6.266,20.41,1.253,3.328,0.000
7,ec.gp.GPIndividual@423504052{1636863015},3C_20_66-03.txt,118.340,0.500,59.170,2,1.500,2.54,0.750,3.328,0.000
7,ec.gp.GPIndividual@423504052{1636863015},3C_20_50-03.txt,30.993,0.500,15.496,3,12.938,83.49,4.313,9.828,0.000
7,ec.gp.GPIndividual@1679735590{-2071729679},3C_20_50-02.txt,61.404,0.500,30.702,7,21.484,69.98,3.069,6.344,0.000
7,ec.gp.GPIndividual@1679735590{-2071729679},3C_20_66-03.txt,118.340,0.500,59.170,4,15.906,26.88,3.977,10.156,0.000
7,ec.gp.GPIndividual@1679735590{-2071729679},3C_20_80-01.txt,4.194,0.500,2.097,1,3.656,174.34,3.656,10.156,0.000
7,ec.gp.GPIndividual@1679735590{-2071729679},3C_20_80-01.txt,4.194,0.500,2.097,3,1.938,92.38,0.646,10.156,0.000
7,ec.gp.GPIndividual@1679735590{-2071729679},3C_20_80-02.txt,35.738,0.500,17.869,1,0.516,2.89,0.516,10.156,0.000
7,ec.gp.GPIndividual@1679735590{-2071729679},3C_20_80-02.txt,35.738,0.500,17.869,4,18.531,103.71,4.633,10.156,0.000
7,ec.gp.GPIndividual@1679735590{-2071729679},3C_20_80-03.txt,169.439,0.500,84.719,2,2.766,3.26,1.383,10.156,0.000
7,ec.gp.GPIndividual@1679735590{-2071729679},3C_20_80-01.txt,4.194,0.500,2.097,2,2.141,102.07,1.070,10.156,0.000
7,ec.gp.GPIndividual@1679735590{-2071729679},3C_20_80-03.txt,169.439,0.500,84.719,1,0.516,0.61,0.516,10.156,0.000
7,ec.gp.GPIndividual@1679735590{-2071729679},3C_20_80-02.txt,35.738,0.500,17.869,2,3.172,17.75,1.586,10.156,0.000
7,ec.gp.GPIndividual@1679735590{-2071729679},3C_20_66-01.txt,7.322,0.500,3.661,2,2.172,59.32,1.086,10.156,0.000
7,ec.gp.GPIndividual@1679735590{-2071729679},3C_20_66-02.txt,154.245,0.500,77.122,3,8.359,10.84,2.786,10.156,0.000
7,ec.gp.GPIndividual@1679735590{-2071729679},3C_20_50-03.txt,30.993,0.500,15.496,5,17.578,113.43,3.516,10.156,0.000
7,ec.gp.GPIndividual@574101302{-2022061028},3C_20_50-02.txt,61.404,0.500,30.702,0,0.000,0.00,0.000,0.000,0.000
7,ec.gp.GPIndividual@574101302{-2022061028},3C_20_50-03.txt,30.993,0.500,15.496,0,0.000,0.00,0.000,0.000,0.000
7,ec.gp.GPIndividual@574101302{-2022061028},3C_20_66-01.txt,7.322,0.500,3.661,0,0.000,0.00,0.000,0.000,0.000
7,ec.gp.GPIndividual@574101302{-2022061028},3C_20_66-02.txt,154.245,0.500,77.122,0,0.000,0.00,0.000,0.000,0.000
7,ec.gp.GPIndividual@574101302{-2022061028},3C_20_66-03.txt,118.340,0.500,59.170,0,0.000,0.00,0.000,0.000,0.000
7,ec.gp.GPIndividual@574101302{-2022061028},3C_20_80-01.txt,4.194,0.500,2.097,0,0.000,0.00,0.000,0.000,0.000
7,ec.gp.GPIndividual@574101302{-2022061028},3C_20_80-02.txt,35.738,0.500,17.869,0,0.000,0.00,0.000,0.000,0.000
7,ec.gp.GPIndividual@574101302{-2022061028},3C_20_80-03.txt,169.439,0.500,84.719,0,0.000,0.00,0.000,0.000,0.000
7,ec.gp.GPIndividual@1914753003{-802801735},3C_20_50-02.txt,61.404,0.500,30.702,8,36.828,119.95,4.604,22.531,0.422
7,ec.gp.GPIndividual@1914753003{-802801735},3C_20_50-03.txt,30.993,0.500,15.496,3,10.813,69.77,3.604,22.531,0.000
7,ec.gp.GPIndividual@1914753003{-802801735},3C_20_66-01.txt,7.322,0.500,3.661,1,11.297,308.57,11.297,22.531,0.000
7,ec.gp.GPIndividual@1914753003{-802801735},3C_20_66-03.txt,118.340,0.500,59.170,2,6.656,11.25,3.328,22.531,0.000
7,ec.gp.GPIndividual@1914753003{-802801735},3C_20_50-03.txt,30.993,0.500,15.496,3,6.953,44.87,2.318,22.531,0.000
7,ec.gp.GPIndividual@1914753003{-802801735},3C_20_66-01.txt,7.322,0.500,3.661,4,6.125,167.30,1.531,22.531,0.000
7,ec.gp.GPIndividual@1914753003{-802801735},3C_20_66-01.txt,7.322,0.500,3.661,1,0.859,23.47,0.859,22.531,0.000
7,ec.gp.GPIndividual@1914753003{-802801735},3C_20_66-02.txt,154.245,0.500,77.122,2,0.406,0.53,0.203,22.531,0.000
7,ec.gp.GPIndividual@1914753003{-802801735},3C_20_66-02.txt,154.245,0.500,77.122,17,53.094,68.84,3.123,30.406,0.000
7,ec.gp.GPIndividual@1914753003{-802801735},3C_20_80-03.txt,169.439,0.500,84.719,5,73.750,87.05,14.750,30.406,0.000
7,ec.gp.GPIndividual@1914753003{-802801735},3C_20_66-03.txt,118.340,0.500,59.170,2,21.875,36.97,10.938,30.406,0.000
7,ec.gp.GPIndividual@1914753003{-802801735},3C_20_66-03.txt,118.340,0.500,59.170,7,47.234,79.83,6.748,30.406,0.000
7,ec.gp.GPIndividual@1914753003{-802801735},3C_20_66-02.txt,154.245,0.500,77.122,2,14.000,18.15,7.000,30.406,0.000
7,ec.gp.GPIndividual@1914753003{-802801735},3C_20_80-01.txt,4.194,0.500,2.097,1,15.188,724.17,15.188,30.406,0.000
7,ec.gp.GPIndividual@1914753003{-802801735},3C_20_80-01.txt,4.194,0.500,2.097,1,31.859,1519.11,31.859,31.859,0.000
7,ec.gp.GPIndividual@1185166429{1618144217},3C_20_50-02.txt,61.404,0.500,30.702,1,0.250,0.81,0.250,0.250,0.250
7,ec.gp.GPIndividual@1185166429{1618144217},3C_20_50-03.txt,30.993,0.500,15.496,10,28.688,185.13,2.869,18.516,0.250
7,ec.gp.GPIndividual@1185166429{1618144217},3C_20_80-01.txt,4.194,0.500,2.097,1,3.219,153.48,3.219,18.516,0.250
7,ec.gp.GPIndividual@1185166429{1618144217},3C_20_66-01.txt,7.322,0.500,3.661,3,2.016,55.06,0.672,18.516,0.000
7,ec.gp.GPIndividual@1185166429{1618144217},3C_20_80-02.txt,35.738,0.500,17.869,1,0.734,4.11,0.734,18.516,0.000
7,ec.gp.GPIndividual@1185166429{1618144217},3C_20_66-02.txt,154.245,0.500,77.122,2,1.031,1.34,0.516,18.516,0.000
7,ec.gp.GPIndividual@1185166429{1618144217},3C_20_66-03.txt,118.340,0.500,59.170,2,2.188,3.70,1.094,18.516,0.000
7,ec.gp.GPIndividual@1185166429{1618144217},3C_20_80-02.txt,35.738,0.500,17.869,2,2.781,15.56,1.391,18.516,0.000
7,ec.gp.GPIndividual@1185166429{1618144217},3C_20_80-02.txt,35.738,0.500,17.869,2,3.547,19.85,1.773,18.516,0.000
7,ec.gp.GPIndividual@1185166429{1618144217},3C_20_66-03.txt,118.340,0.500,59.170,14,23.953,40.48,1.711,18.516,0.000
7,ec.gp.GPIndividual@1185166429{1618144217},3C_20_80-01.txt,4.194,0.500,2.097,1,0.906,43.21,0.906,18.516,0.000
7,ec.gp.GPIndividual@1185166429{1618144217},3C_20_80-02.txt,35.738,0.500,17.869,4,7.234,40.49,1.809,18.516,0.000
7,ec.gp.GPIndividual@1185166429{1618144217},3C_20_80-03.txt,169.439,0.500,84.719,2,5.109,6.03,2.555,18.516,0.000
7,ec.gp.GPIndividual@1185166429{1618144217},3C_20_80-01.txt,4.194,0.500,2.097,2,7.047,336.01,3.523,18.516,0.000
7,ec.gp.GPIndividual@1185166429{1618144217},3C_20_80-03.txt,169.439,0.500,84.719,2,6.672,7.88,3.336,18.516,0.000
7,ec.gp.GPIndividual@1185166429{1618144217},3C_20_80-03.txt,169.439,0.500,84.719,1,4.891,5.77,4.891,18.516,0.000
7,ec.gp.GPIndividual@1943495846{1507255947},3C_20_50-02.txt,61.404,0.500,30.702,0,0.000,0.00,0.000,0.000,0.000
7,ec.gp.GPIndividual@1943495846{1507255947},3C_20_50-03.txt,30.993,0.500,15.496,0,0.000,0.00,0.000,0.000,0.000
7,ec.gp.GPIndividual@1943495846{1507255947},3C_20_66-01.txt,7.322,0.500,3.661,0,0.000,0.00,0.000,0.000,0.000
7,ec.gp.GPIndividual@1943495846{1507255947},3C_20_66-02.txt,154.245,0.500,77.122,0,0.000,0.00,0.000,0.000,0.000
7,ec.gp.GPIndividual@1943495846{1507255947},3C_20_66-03.txt,118.340,0.500,59.170,0,0.000,0.00,0.000,0.000,0.000
7,ec.gp.GPIndividual@1943495846{1507255947},3C_20_80-01.txt,4.194,0.500,2.097,0,0.000,0.00,0.000,0.000,0.000
7,ec.gp.GPIndividual@1943495846{1507255947},3C_20_80-02.txt,35.738,0.500,17.869,0,0.000,0.00,0.000,0.000,0.000
7,ec.gp.GPIndividual@1943495846{1507255947},3C_20_80-03.txt,169.439,0.500,84.719,0,0.000,0.00,0.000,0.000,0.000
7,ec.gp.GPIndividual@929966084{-2109165008},3C_20_50-02.txt,61.404,0.500,30.702,1,0.563,1.83,0.563,0.563,0.563
7,ec.gp.GPIndividual@929966084{-2109165008},3C_20_80-02.txt,35.738,0.500,17.869,9,17.594,98.46,1.955,4.953,0.234
7,ec.gp.GPIndividual@1689848813{-397109731},3C_20_50-02.txt,61.404,0.500,30.702,4,3.688,12.01,0.922,2.234,0.000
7,ec.gp.GPIndividual@1689848813{-397109731},3C_20_50-03.txt,30.993,0.500,15.496,3,5.984,38.62,1.995,3.125,0.000
7,ec.gp.GPIndividual@1570000690{1844795214},3C_20_50-02.txt,61.404,0.500,30.702,3,16.531,53.84,5.510,16.094,0.000
7,ec.gp.GPIndividual@1570000690{1844795214},3C_20_80-03.txt,169.439,0.500,84.719,7,16.922,19.97,2.417,16.094,0.000
7,ec.gp.GPIndividual@1570000690{1844795214},3C_20_80-03.txt,169.439,0.500,84.719,7,54.859,64.75,7.837,29.484,0.000
7,ec.gp.GPIndividual@1570000690{1844795214},3C_20_50-03.txt,30.993,0.500,15.496,1,26.938,173.83,26.938,29.484,0.000
7,ec.gp.GPIndividual@829726965{1470185755},3C_20_50-02.txt,61.404,0.500,30.702,0,0.000,0.00,0.000,0.000,0.000
7,ec.gp.GPIndividual@829726965{1470185755},3C_20_50-03.txt,30.993,0.500,15.496,0,0.000,0.00,0.000,0.000,0.000
7,ec.gp.GPIndividual@829726965{1470185755},3C_20_66-01.txt,7.322,0.500,3.661,0,0.000,0.00,0.000,0.000,0.000
7,ec.gp.GPIndividual@829726965{1470185755},3C_20_66-02.txt,154.245,0.500,77.122,0,0.000,0.00,0.000,0.000,0.000
7,ec.gp.GPIndividual@829726965{1470185755},3C_20_66-03.txt,118.340,0.500,59.170,0,0.000,0.00,0.000,0.000,0.000
7,ec.gp.GPIndividual@829726965{1470185755},3C_20_80-01.txt,4.194,0.500,2.097,0,0.000,0.00,0.000,0.000,0.000
7,ec.gp.GPIndividual@829726965{1470185755},3C_20_80-02.txt,35.738,0.500,17.869,0,0.000,0.00,0.000,0.000,0.000
7,ec.gp.GPIndividual@829726965{1470185755},3C_20_80-03.txt,169.439,0.500,84.719,0,0.000,0.00,0.000,0.000,0.000
7,ec.gp.GPIndividual@797872816{1386538456},3C_20_50-02.txt,61.404,0.500,30.702,4,56.281,183.31,14.070,31.141,0.281
7,ec.gp.GPIndividual@797872816{1386538456},3C_20_50-03.txt,30.993,0.500,15.496,1,32.031,206.70,32.031,32.031,0.281
7,ec.gp.GPIndividual@98416937{-453986871},3C_20_50-02.txt,61.404,0.500,30.702,1,0.297,0.97,0.297,0.297,0.297
7,ec.gp.GPIndividual@98416937{-453986871},3C_20_50-03.txt,30.993,0.500,15.496,3,3.672,23.70,1.224,2.297,0.000
7,ec.gp.GPIndividual@98416937{-453986871},3C_20_66-01.txt,7.322,0.500,3.661,3,6.094,166.45,2.031,3.359,0.000
7,ec.gp.GPIndividual@98416937{-453986871},3C_20_66-01.txt,7.322,0.500,3.661,2,0.422,11.52,0.211,3.359,0.000
7,ec.gp.GPIndividual@98416937{-453986871},3C_20_50-03.txt,30.993,0.500,15.496,2,3.891,25.11,1.945,3.359,0.000
7,ec.gp.GPIndividual@98416937{-453986871},3C_20_66-01.txt,7.322,0.500,3.661,2,1.781,48.65,0.891,3.359,0.000
7,ec.gp.GPIndividual@98416937{-453986871},3C_20_66-02.txt,154.245,0.500,77.122,3,6.516,8.45,2.172,5.375,0.000
7,ec.gp.GPIndividual@98416937{-453986871},3C_20_66-02.txt,154.245,0.500,77.122,4,7.813,10.13,1.953,5.375,0.000
7,ec.gp.GPIndividual@98416937{-453986871},3C_20_66-03.txt,118.340,0.500,59.170,6,10.188,17.22,1.698,5.375,0.000
7,ec.gp.GPIndividual@98416937{-453986871},3C_20_80-01.txt,4.194,0.500,2.097,1,0.859,40.98,0.859,5.375,0.000
7,ec.gp.GPIndividual@98416937{-453986871},3C_20_80-02.txt,35.738,0.500,17.869,4,14.828,82.98,3.707,7.219,0.000
7,ec.gp.GPIndividual@98416937{-453986871},3C_20_80-03.txt,169.439,0.500,84.719,2,1.672,1.97,0.836,7.219,0.000
7,ec.gp.GPIndividual@98416937{-453986871},3C_20_66-01.txt,7.322,0.500,3.661,2,1.984,54.20,0.992,7.219,0.000
7,ec.gp.GPIndividual@98416937{-453986871},3C_20_66-02.txt,154.245,0.500,77.122,2,4.609,5.98,2.305,7.219,0.000
7,ec.gp.GPIndividual@98416937{-453986871},3C_20_66-01.txt,7.322,0.500,3.661,1,4.594,125.47,4.594,7.219,0.000
7,ec.gp.GPIndividual@822966971{-1140717790},3C_20_50-02.txt,61.404,0.500,30.702,5,9.625,31.35,1.925,6.672,0.000
7,ec.gp.GPIndividual@822966971{-1140717790},3C_20_66-03.txt,118.340,0.500,59.170,14,44.844,75.79,3.203,22.469,0.000
7,ec.gp.GPIndividual@822966971{-1140717790},3C_20_66-02.txt,154.245,0.500,77.122,7,26.766,34.71,3.824,22.469,0.000
7,ec.gp.GPIndividual@822966971{-1140717790},3C_20_66-02.txt,154.245,0.500,77.122,2,18.047,23.40,9.023,22.469,0.000
7,ec.gp.GPIndividual@822966971{-1140717790},3C_20_50-03.txt,30.993,0.500,15.496,2,14.813,95.59,7.406,22.469,0.000
7,ec.gp.GPIndividual@822966971{-1140717790},3C_20_80-01.txt,4.194,0.500,2.097,1,18.859,899.25,18.859,22.469,0.000
7,ec.gp.GPIndividual@822966971{-1140717790},3C_20_66-03.txt,118.340,0.500,59.170,19,52.813,89.26,2.780,22.469,0.000
7,ec.gp.GPIndividual@822966971{-1140717790},3C_20_80-02.txt,35.738,0.500,17.869,2,27.188,152.15,13.594,22.469,0.000
7,ec.gp.GPIndividual@822966971{-1140717790},3C_20_80-01.txt,4.194,0.500,2.097,2,2.500,119.20,1.250,22.469,0.000
7,ec.gp.GPIndividual@822966971{-1140717790},3C_20_80-03.txt,169.439,0.500,84.719,2,1.906,2.25,0.953,22.469,0.000
7,ec.gp.GPIndividual@822966971{-1140717790},3C_20_66-03.txt,118.340,0.500,59.170,1,0.578,0.98,0.578,22.469,0.000
7,ec.gp.GPIndividual@822966971{-1140717790},3C_20_80-02.txt,35.738,0.500,17.869,2,6.359,35.59,3.180,22.469,0.000
7,ec.gp.GPIndividual@822966971{-1140717790},3C_20_66-01.txt,7.322,0.500,3.661,1,28.219,770.77,28.219,28.219,0.000
7,ec.gp.GPIndividual@822966971{-1140717790},3C_20_66-03.txt,118.340,0.500,59.170,16,43.609,73.70,2.726,28.219,0.000
7,ec.gp.GPIndividual@822966971{-1140717790},3C_20_80-01.txt,4.194,0.500,2.097,1,13.531,645.19,13.531,28.219,0.000
7,ec.gp.GPIndividual@822966971{-1140717790},3C_20_80-03.txt,169.439,0.500,84.719,2,11.328,13.37,5.664,28.219,0.000
7,ec.gp.GPIndividual@822966971{-1140717790},3C_20_80-01.txt,4.194,0.500,2.097,2,1.484,70.78,0.742,28.219,0.000
7,ec.gp.GPIndividual@822966971{-1140717790},3C_20_80-02.txt,35.738,0.500,17.869,2,16.500,92.34,8.250,28.219,0.000
7,ec.gp.GPIndividual@822966971{-1140717790},3C_20_66-02.txt,154.245,0.500,77.122,5,24.297,31.50,4.859,28.219,0.000
7,ec.gp.GPIndividual@1052945394{-1507109978},3C_20_50-02.txt,61.404,0.500,30.702,0,0.000,0.00,0.000,0.000,0.000
7,ec.gp.GPIndividual@1052945394{-1507109978},3C_20_50-03.txt,30.993,0.500,15.496,0,0.000,0.00,0.000,0.000,0.000
7,ec.gp.GPIndividual@1052945394{-1507109978},3C_20_66-01.txt,7.322,0.500,3.661,0,0.000,0.00,0.000,0.000,0.000
7,ec.gp.GPIndividual@1052945394{-1507109978},3C_20_66-02.txt,154.245,0.500,77.122,0,0.000,0.00,0.000,0.000,0.000
7,ec.gp.GPIndividual@1052945394{-1507109978},3C_20_66-03.txt,118.340,0.500,59.170,0,0.000,0.00,0.000,0.000,0.000
7,ec.gp.GPIndividual@1052945394{-1507109978},3C_20_80-01.txt,4.194,0.500,2.097,0,0.000,0.00,0.000,0.000,0.000
7,ec.gp.GPIndividual@1052945394{-1507109978},3C_20_80-02.txt,35.738,0.500,17.869,0,0.000,0.00,0.000,0.000,0.000
7,ec.gp.GPIndividual@1052945394{-1507109978},3C_20_80-03.txt,169.439,0.500,84.719,0,0.000,0.00,0.000,0.000,0.000
7,ec.gp.GPIndividual@1030099636{-1691397744},3C_20_50-02.txt,61.404,0.500,30.702,3,14.406,46.92,4.802,14.172,0.000
7,ec.gp.GPIndividual@1030099636{-1691397744},3C_20_80-02.txt,35.738,0.500,17.869,12,17.516,98.02,1.460,14.172,0.000
7,ec.gp.GPIndividual@1030099636{-1691397744},3C_20_80-01.txt,4.194,0.500,2.097,2,3.672,175.08,1.836,14.172,0.000
7,ec.gp.GPIndividual@89188321{1844795214},3C_20_50-02.txt,61.404,0.500,30.702,3,29.063,94.66,9.688,28.906,0.000
7,ec.gp.GPIndividual@89188321{1844795214},3C_20_80-02.txt,35.738,0.500,17.869,10,11.375,63.66,1.138,28.906,0.000
7,ec.gp.GPIndividual@89188321{1844795214},3C_20_50-03.txt,30.993,0.500,15.496,1,23.172,149.53,23.172,28.906,0.000
7,ec.gp.GPIndividual@89188321{1844795214},3C_20_66-01.txt,7.322,0.500,3.661,1,4.609,125.90,4.609,28.906,0.000
7,ec.gp.GPIndividual@89188321{1844795214},3C_20_80-03.txt,169.439,0.500,84.719,12,72.172,85.19,6.014,31.328,0.000
7,ec.gp.GPIndividual@1924495029{-738177657},3C_20_50-02.txt,61.404,0.500,30.702,5,35.328,115.07,7.066,33.266,0.094
7,ec.gp.GPIndividual@1667445838{805025428},3C_20_50-02.txt,61.404,0.500,30.702,8,19.109,62.24,2.389,10.094,0.000
7,ec.gp.GPIndividual@1667445838{805025428},3C_20_50-03.txt,30.993,0.500,15.496,6,9.734,62.82,1.622,10.094,0.000
7,ec.gp.GPIndividual@1667445838{805025428},3C_20_66-01.txt,7.322,0.500,3.661,6,1.859,50.79,0.310,10.094,0.000
7,ec.gp.GPIndividual@1667445838{805025428},3C_20_66-02.txt,154.245,0.500,77.122,10,47.813,62.00,4.781,19.563,0.000
7,ec.gp.GPIndividual@1667445838{805025428},3C_20_66-03.txt,118.340,0.500,59.170,6,32.063,54.19,5.344,19.563,0.000
7,ec.gp.GPIndividual@1667445838{805025428},3C_20_80-01.txt,4.194,0.500,2.097,8,1.828,87.17,0.229,19.563,0.000
7,ec.gp.GPIndividual@1667445838{805025428},3C_20_80-02.txt,35.738,0.500,17.869,7,7.766,43.46,1.109,19.563,0.000
7,ec.gp.GPIndividual@1667445838{805025428},3C_20_80-03.txt,169.439,0.500,84.719,2,34.375,40.58,17.188,33.594,0.000
8,ec.gp.GPIndividual@653786648{459312059},3C_20_50-02.txt,61.404,0.500,30.702,0,0.000,0.00,0.000,0.000,0.000
8,ec.gp.GPIndividual@653786648{459312059},3C_20_50-02.txt,61.404,0.500,30.702,0,0.000,0.00,0.000,0.000,0.000
8,ec.gp.GPIndividual@653786648{459312059},3C_20_50-03.txt,30.993,0.500,15.496,0,0.000,0.00,0.000,0.000,0.000
8,ec.gp.GPIndividual@653786648{459312059},3C_20_50-03.txt,30.993,0.500,15.496,0,0.000,0.00,0.000,0.000,0.000
8,ec.gp.GPIndividual@653786648{459312059},3C_20_66-01.txt,7.322,0.500,3.661,0,0.000,0.00,0.000,0.000,0.000
8,ec.gp.GPIndividual@653786648{459312059},3C_20_66-01.txt,7.322,0.500,3.661,0,0.000,0.00,0.000,0.000,0.000
8,ec.gp.GPIndividual@653786648{459312059},3C_20_66-02.txt,154.245,0.500,77.122,0,0.000,0.00,0.000,0.000,0.000
8,ec.gp.GPIndividual@653786648{459312059},3C_20_66-02.txt,154.245,0.500,77.122,0,0.000,0.00,0.000,0.000,0.000
8,ec.gp.GPIndividual@653786648{459312059},3C_20_66-02.txt,154.245,0.500,77.122,0,0.000,0.00,0.000,0.000,0.000
8,ec.gp.GPIndividual@653786648{459312059},3C_20_66-02.txt,154.245,0.500,77.122,0,0.000,0.00,0.000,0.000,0.000
8,ec.gp.GPIndividual@653786648{459312059},3C_20_66-03.txt,118.340,0.500,59.170,0,0.000,0.00,0.000,0.000,0.000
8,ec.gp.GPIndividual@653786648{459312059},3C_20_66-02.txt,154.245,0.500,77.122,0,0.000,0.00,0.000,0.000,0.000
8,ec.gp.GPIndividual@653786648{459312059},3C_20_66-02.txt,154.245,0.500,77.122,0,0.000,0.00,0.000,0.000,0.000
8,ec.gp.GPIndividual@653786648{459312059},3C_20_66-02.txt,154.245,0.500,77.122,0,0.000,0.00,0.000,0.000,0.000
8,ec.gp.GPIndividual@653786648{459312059},3C_20_80-01.txt,4.194,0.500,2.097,0,0.000,0.00,0.000,0.000,0.000
8,ec.gp.GPIndividual@653786648{459312059},3C_20_80-01.txt,4.194,0.500,2.097,0,0.000,0.00,0.000,0.000,0.000
8,ec.gp.GPIndividual@653786648{459312059},3C_20_80-02.txt,35.738,0.500,17.869,0,0.000,0.00,0.000,0.000,0.000
8,ec.gp.GPIndividual@653786648{459312059},3C_20_80-01.txt,4.194,0.500,2.097,0,0.000,0.00,0.000,0.000,0.000
8,ec.gp.GPIndividual@653786648{459312059},3C_20_80-01.txt,4.194,0.500,2.097,0,0.000,0.00,0.000,0.000,0.000
8,ec.gp.GPIndividual@653786648{459312059},3C_20_80-03.txt,169.439,0.500,84.719,0,0.000,0.00,0.000,0.000,0.000
8,ec.gp.GPIndividual@653786648{459312059},3C_20_80-02.txt,35.738,0.500,17.869,0,0.000,0.00,0.000,0.000,0.000
8,ec.gp.GPIndividual@653786648{459312059},3C_20_80-02.txt,35.738,0.500,17.869,0,0.000,0.00,0.000,0.000,0.000
8,ec.gp.GPIndividual@258146339{-921030695},3C_20_50-02.txt,61.404,0.500,30.702,0,0.000,0.00,0.000,0.000,0.000
8,ec.gp.GPIndividual@1541285610{410713095},3C_20_50-02.txt,61.404,0.500,30.702,1,0.234,0.76,0.234,0.234,0.234
8,ec.gp.GPIndividual@1541285610{410713095},3C_20_50-03.txt,30.993,0.500,15.496,3,0.703,4.54,0.234,0.234,0.234
8,ec.gp.GPIndividual@1541285610{410713095},3C_20_50-03.txt,30.993,0.500,15.496,6,9.641,62.21,1.607,3.266,0.234
8,ec.gp.GPIndividual@1541285610{410713095},3C_20_66-01.txt,7.322,0.500,3.661,2,5.203,142.12,2.602,3.375,0.234
8,ec.gp.GPIndividual@1541285610{410713095},3C_20_66-01.txt,7.322,0.500,3.661,2,2.688,73.41,1.344,3.375,0.234
8,ec.gp.GPIndividual@1541285610{410713095},3C_20_66-02.txt,154.245,0.500,77.122,1,0.672,0.87,0.672,3.375,0.234
8,ec.gp.GPIndividual@1541285610{410713095},3C_20_66-02.txt,154.245,0.500,77.122,2,0.797,1.03,0.398,3.375,0.000
8,ec.gp.GPIndividual@1541285610{410713095},3C_20_50-03.txt,30.993,0.500,15.496,2,0.688,4.44,0.344,3.375,0.000
8,ec.gp.GPIndividual@1541285610{410713095},3C_20_50-03.txt,30.993,0.500,15.496,2,4.125,26.62,2.063,3.375,0.000
8,ec.gp.GPIndividual@1541285610{410713095},3C_20_66-03.txt,118.340,0.500,59.170,1,1.891,3.20,1.891,3.375,0.000
8,ec.gp.GPIndividual@1541285610{410713095},3C_20_66-03.txt,118.340,0.500,59.170,4,11.547,19.51,2.887,5.328,0.000
8,ec.gp.GPIndividual@1541285610{410713095},3C_20_50-03.txt,30.993,0.500,15.496,1,4.891,31.56,4.891,5.328,0.000
8,ec.gp.GPIndividual@1541285610{410713095},3C_20_80-01.txt,4.194,0.500,2.097,1,5.016,239.15,5.016,5.328,0.000
8,ec.gp.GPIndividual@1541285610{410713095},3C_20_80-01.txt,4.194,0.500,2.097,1,0.844,40.23,0.844,5.328,0.000
8,ec.gp.GPIndividual@1541285610{410713095},3C_20_80-02.txt,35.738,0.500,17.869,1,0.875,4.90,0.875,5.328,0.000
8,ec.gp.GPIndividual@1541285610{410713095},3C_20_80-02.txt,35.738,0.500,17.869,3,12.750,71.35,4.250,5.625,0.000
8,ec.gp.GPIndividual@1541285610{410713095},3C_20_80-03.txt,169.439,0.500,84.719,1,1.625,1.92,1.625,5.625,0.000
8,ec.gp.GPIndividual@1541285610{410713095},3C_20_80-03.txt,169.439,0.500,84.719,3,6.203,7.32,2.068,5.625,0.000
8,ec.gp.GPIndividual@1541285610{410713095},3C_20_66-01.txt,7.322,0.500,3.661,2,1.891,51.64,0.945,5.625,0.000
8,ec.gp.GPIndividual@1541285610{410713095},3C_20_66-02.txt,154.245,0.500,77.122,1,4.453,5.77,4.453,5.625,0.000
8,ec.gp.GPIndividual@1337542252{55775609},3C_20_50-02.txt,61.404,0.500,30.702,2,5.016,16.34,2.508,5.016,0.000
8,ec.gp.GPIndividual@1337542252{55775609},3C_20_66-01.txt,7.322,0.500,3.661,2,4.938,134.86,2.469,5.016,0.000
8,ec.gp.GPIndividual@505186655{-383405649},3C_20_50-02.txt,61.404,0.500,30.702,19,28.672,93.39,1.509,5.438,0.000
8,ec.gp.GPIndividual@505186655{-383405649},3C_20_66-03.txt,118.340,0.500,59.170,2,1.969,3.33,0.984,5.438,0.000
8,ec.gp.GPIndividual@505186655{-383405649},3C_20_50-03.txt,30.993,0.500,15.496,2,4.234,27.33,2.117,5.438,0.000
8,ec.gp.GPIndividual@505186655{-383405649},3C_20_66-02.txt,154.245,0.500,77.122,3,9.719,12.60,3.240,6.875,0.000
8,ec.gp.GPIndividual@505186655{-383405649},3C_20_50-03.txt,30.993,0.500,15.496,6,16.031,103.45,2.672,6.875,0.000
8,ec.gp.GPIndividual@505186655{-383405649},3C_20_66-03.txt,118.340,0.500,59.170,1,0.391,0.66,0.391,6.875,0.000
8,ec.gp.GPIndividual@505186655{-383405649},3C_20_80-01.txt,4.194,0.500,2.097,2,1.516,72.27,0.758,6.875,0.000
8,ec.gp.GPIndividual@505186655{-383405649},3C_20_80-02.txt,35.738,0.500,17.869,1,2.188,12.24,2.188,6.875,0.000
8,ec.gp.GPIndividual@505186655{-383405649},3C_20_66-01.txt,7.322,0.500,3.661,1,3.688,100.72,3.688,6.875,0.000
8,ec.gp.GPIndividual@505186655{-383405649},3C_20_66-01.txt,7.322,0.500,3.661,4,3.469,94.75,0.867,6.875,0.000
8,ec.gp.GPIndividual@505186655{-383405649},3C_20_80-03.txt,169.439,0.500,84.719,1,1.141,1.35,1.141,6.875,0.000
8,ec.gp.GPIndividual@505186655{-383405649},3C_20_66-02.txt,154.245,0.500,77.122,1,0.844,1.09,0.844,6.875,0.000
8,ec.gp.GPIndividual@505186655{-383405649},3C_20_66-02.txt,154.245,0.500,77.122,16,57.813,74.96,3.613,19.594,0.000
8,ec.gp.GPIndividual@505186655{-383405649},3C_20_66-01.txt,7.322,0.500,3.661,2,1.906,52.07,0.953,19.594,0.000
8,ec.gp.GPIndividual@505186655{-383405649},3C_20_66-02.txt,154.245,0.500,77.122,1,23.344,30.27,23.344,23.344,0.000
8,ec.gp.GPIndividual@1902594779{-1691397744},3C_20_50-02.txt,61.404,0.500,30.702,2,21.359,69.57,10.680,21.359,0.000
8,ec.gp.GPIndividual@1902594779{-1691397744},3C_20_66-03.txt,118.340,0.500,59.170,2,20.906,35.33,10.453,21.359,0.000
8,ec.gp.GPIndividual@1902594779{-1691397744},3C_20_66-03.txt,118.340,0.500,59.170,4,27.953,47.24,6.988,25.672,0.000
8,ec.gp.GPIndividual@1902594779{-1691397744},3C_20_80-01.txt,4.194,0.500,2.097,2,2.516,119.95,1.258,25.672,0.000
8,ec.gp.GPIndividual@1902594779{-1691397744},3C_20_66-03.txt,118.340,0.500,59.170,2,0.266,0.45,0.133,25.672,0.000
8,ec.gp.GPIndividual@1902594779{-1691397744},3C_20_50-03.txt,30.993,0.500,15.496,6,15.906,102.65,2.651,25.672,0.000
8,ec.gp.GPIndividual@1902594779{-1691397744},3C_20_66-01.txt,7.322,0.500,3.661,2,2.141,58.47,1.070,25.672,0.000
8,ec.gp.GPIndividual@1902594779{-1691397744},3C_20_80-01.txt,4.194,0.500,2.097,1,4.625,220.53,4.625,25.672,0.000
8,ec.gp.GPIndividual@1902594779{-1691397744},3C_20_80-01.txt,4.194,0.500,2.097,3,2.734,130.38,0.911,25.672,0.000
8,ec.gp.GPIndividual@1902594779{-1691397744},3C_20_66-02.txt,154.245,0.500,77.122,1,0.234,0.30,0.234,25.672,0.000
8,ec.gp.GPIndividual@1902594779{-1691397744},3C_20_80-02.txt,35.738,0.500,17.869,3,6.422,35.94,2.141,25.672,0.000
8,ec.gp.GPIndividual@1902594779{-1691397744},3C_20_80-02.txt,35.738,0.500,17.869,14,18.391,102.92,1.314,25.672,0.000
8,ec.gp.GPIndividual@1902594779{-1691397744},3C_20_80-03.txt,169.439,0.500,84.719,3,1.391,1.64,0.464,25.672,0.000
8,ec.gp.GPIndividual@1902594779{-1691397744},3C_20_80-03.txt,169.439,0.500,84.719,2,0.688,0.81,0.344,25.672,0.000
8,ec.gp.GPIndividual@1902594779{-1691397744},3C_20_80-02.txt,35.738,0.500,17.869,2,6.156,34.45,3.078,25.672,0.000
8,ec.gp.GPIndividual@1902594779{-1691397744},3C_20_80-01.txt,4.194,0.500,2.097,3,1.516,72.27,0.505,25.672,0.000
8,ec.gp.GPIndividual@1902594779{-1691397744},3C_20_66-03.txt,118.340,0.500,59.170,18,45.078,76.18,2.504,25.672,0.000
8,ec.gp.GPIndividual@1902594779{-1691397744},3C_20_80-01.txt,4.194,0.500,2.097,1,14.516,692.13,14.516,25.672,0.000
8,ec.gp.GPIndividual@1902594779{-1691397744},3C_20_80-03.txt,169.439,0.500,84.719,2,18.219,21.50,9.109,25.672,0.000
8,ec.gp.GPIndividual@351884857{595690501},3C_20_50-02.txt,61.404,0.500,30.702,2,10.641,34.66,5.320,10.641,0.000
8,ec.gp.GPIndividual@351884857{595690501},3C_20_80-02.txt,35.738,0.500,17.869,4,21.672,121.28,5.418,19.141,0.000
8,ec.gp.GPIndividual@1197061949{38086800},3C_20_50-02.txt,61.404,0.500,30.702,18,29.234,95.22,1.624,4.547,0.000
8,ec.gp.GPIndividual@1197061949{38086800},3C_20_80-02.txt,35.738,0.500,17.869,2,2.891,16.18,1.445,4.547,0.000
8,ec.gp.GPIndividual@1197061949{38086800},3C_20_80-03.txt,169.439,0.500,84.719,2,3.906,4.61,1.953,4.547,0.000
8,ec.gp.GPIndividual@1197061949{38086800},3C_20_50-03.txt,30.993,0.500,15.496,2,1.922,12.40,0.961,4.547,0.000
8,ec.gp.GPIndividual@1197061949{38086800},3C_20_50-03.txt,30.993,0.500,15.496,2,9.219,59.49,4.609,7.578,0.000
8,ec.gp.GPIndividual@1318354741{-1281177305},3C_20_50-02.txt,61.404,0.500,30.702,13,33.063,107.69,2.543,5.656,0.281
8,ec.gp.GPIndividual@1318354741{-1281177305},3C_20_66-01.txt,7.322,0.500,3.661,3,2.109,57.62,0.703,5.656,0.000
8,ec.gp.GPIndividual@1318354741{-1281177305},3C_20_66-01.txt,7.322,0.500,3.661,1,4.563,124.62,4.563,5.656,0.000
8,ec.gp.GPIndividual@1318354741{-1281177305},3C_20_80-03.txt,169.439,0.500,84.719,1,6.344,7.49,6.344,6.344,0.000
8,ec.gp.GPIndividual@1204110583{1920364708},3C_20_50-02.txt,61.404,0.500,30.702,4,4.969,16.18,1.242,3.547,0.000
8,ec.gp.GPIndividual@1204110583{1920364708},3C_20_50-03.txt,30.993,0.500,15.496,10,18.281,117.97,1.828,4.656,0.000
8,ec.gp.GPIndividual@1523708478{1722942400},3C_20_50-02.txt,61.404,0.500,30.702,3,1.141,3.72,0.380,0.859,0.000
8,ec.gp.GPIndividual@1523708478{1722942400},3C_20_66-02.txt,154.245,0.500,77.122,1,1.234,1.60,1.234,1.234,0.000
8,ec.gp.GPIndividual@1523708478{1722942400},3C_20_66-01.txt,7.322,0.500,3.661,3,4.344,118.65,1.448,2.266,0.000
8,ec.gp.GPIndividual@1523708478{1722942400},3C_20_50-03.txt,30.993,0.500,15.496,2,0.281,1.81,0.141,2.266,0.000
8,ec.gp.GPIndividual@1523708478{1722942400},3C_20_50-03.txt,30.993,0.500,15.496,2,3.922,25.31,1.961,3.922,0.000
8,ec.gp.GPIndividual@1523708478{1722942400},3C_20_66-02.txt,154.245,0.500,77.122,2,3.078,3.99,1.539,3.922,0.000
8,ec.gp.GPIndividual@1523708478{1722942400},3C_20_66-02.txt,154.245,0.500,77.122,22,60.922,78.99,2.769,11.000,0.000
8,ec.gp.GPIndividual@1523708478{1722942400},3C_20_66-01.txt,7.322,0.500,3.661,1,21.922,598.78,21.922,21.922,0.000
8,ec.gp.GPIndividual@1523708478{1722942400},3C_20_66-03.txt,118.340,0.500,59.170,3,24.141,40.80,8.047,23.391,0.000
8,ec.gp.GPIndividual@1523708478{1722942400},3C_20_66-03.txt,118.340,0.500,59.170,2,21.375,36.12,10.688,23.391,0.000
8,ec.gp.GPIndividual@1523708478{1722942400},3C_20_66-03.txt,118.340,0.500,59.170,14,57.453,97.10,4.104,23.391,0.000
8,ec.gp.GPIndividual@1523708478{1722942400},3C_20_80-01.txt,4.194,0.500,2.097,2,7.125,339.73,3.563,23.391,0.000
8,ec.gp.GPIndividual@1523708478{1722942400},3C_20_80-01.txt,4.194,0.500,2.097,1,0.578,27.57,0.578,23.391,0.000
8,ec.gp.GPIndividual@1523708478{1722942400},3C_20_80-02.txt,35.738,0.500,17.869,2,7.344,41.10,3.672,23.391,0.000
8,ec.gp.GPIndividual@1523708478{1722942400},3C_20_80-01.txt,4.194,0.500,2.097,2,3.750,178.81,1.875,23.391,0.000
8,ec.gp.GPIndividual@1523708478{1722942400},3C_20_66-01.txt,7.322,0.500,3.661,1,0.578,15.79,0.578,23.391,0.000
8,ec.gp.GPIndividual@1523708478{1722942400},3C_20_80-02.txt,35.738,0.500,17.869,15,32.953,184.41,2.197,23.391,0.000
8,ec.gp.GPIndividual@1523708478{1722942400},3C_20_66-02.txt,154.245,0.500,77.122,3,1.938,2.51,0.646,23.391,0.000
8,ec.gp.GPIndividual@1523708478{1722942400},3C_20_66-02.txt,154.245,0.500,77.122,2,1.297,1.68,0.648,23.391,0.000
8,ec.gp.GPIndividual@1523708478{1722942400},3C_20_80-03.txt,169.439,0.500,84.719,18,50.609,59.74,2.812,23.672,0.000
8,ec.gp.GPIndividual@1523708478{1722942400},3C_20_66-03.txt,118.340,0.500,59.170,2,23.234,39.27,11.617,23.672,0.000
8,ec.gp.GPIndividual@1523708478{1722942400},3C_20_66-03.txt,118.340,0.500,59.170,2,25.125,42.46,12.563,25.125,0.000
8,ec.gp.GPIndividual@1523708478{1722942400},3C_20_80-02.txt,35.738,0.500,17.869,1,25.625,143.40,25.625,25.625,0.000
8,ec.gp.GPIndividual@946640768{2114871005},3C_20_50-02.txt,61.404,0.500,30.702,5,36.375,118.48,7.275,32.172,0.391
8,ec.gp.GPIndividual@946640768{2114871005},3C_20_80-03.txt,169.439,0.500,84.719,11,50.484,59.59,4.589,32.172,0.391
8,ec.gp.GPIndividual@28416474{-2109165008},3C_20_50-02.txt,61.404,0.500,30.702,3,49.438,161.02,16.479,24.859,0.297
8,ec.gp.GPIndividual@28416474{-2109165008},3C_20_80-01.txt,4.194,0.500,2.097,3,1.750,83.44,0.583,24.859,0.000
8,ec.gp.GPIndividual@28416474{-2109165008},3C_20_50-03.txt,30.993,0.500,15.496,2,27.875,179.88,13.938,27.000,0.000
8,ec.gp.GPIndividual@28416474{-2109165008},3C_20_50-03.txt,30.993,0.500,15.496,2,28.891,186.44,14.445,28.016,0.000
8,ec.gp.GPIndividual@28416474{-2109165008},3C_20_80-03.txt,169.439,0.500,84.719,2,2.469,2.91,1.234,28.016,0.000
8,ec.gp.GPIndividual@28416474{-2109165008},3C_20_80-01.txt,4.194,0.500,2.097,2,2.188,104.30,1.094,28.016,0.000
8,ec.gp.GPIndividual@28416474{-2109165008},3C_20_80-02.txt,35.738,0.500,17.869,1,0.578,3.24,0.578,28.016,0.000
8,ec.gp.GPIndividual@28416474{-2109165008},3C_20_80-02.txt,35.738,0.500,17.869,8,18.000,100.73,2.250,28.016,0.000
8,ec.gp.GPIndividual@28416474{-2109165008},3C_20_80-03.txt,169.439,0.500,84.719,2,1.734,2.05,0.867,28.016,0.000
8,ec.gp.GPIndividual@341262837{-68891813},3C_20_50-02.txt,61.404,0.500,30.702,0,0.000,0.00,0.000,0.000,0.000
8,ec.gp.GPIndividual@341262837{-68891813},3C_20_50-03.txt,30.993,0.500,15.496,0,0.000,0.00,0.000,0.000,0.000
8,ec.gp.GPIndividual@341262837{-68891813},3C_20_66-01.txt,7.322,0.500,3.661,0,0.000,0.00,0.000,0.000,0.000
8,ec.gp.GPIndividual@341262837{-68891813},3C_20_66-02.txt,154.245,0.500,77.122,0,0.000,0.00,0.000,0.000,0.000
8,ec.gp.GPIndividual@341262837{-68891813},3C_20_66-03.txt,118.340,0.500,59.170,0,0.000,0.00,0.000,0.000,0.000
8,ec.gp.GPIndividual@341262837{-68891813},3C_20_80-01.txt,4.194,0.500,2.097,0,0.000,0.00,0.000,0.000,0.000
8,ec.gp.GPIndividual@341262837{-68891813},3C_20_80-02.txt,35.738,0.500,17.869,0,0.000,0.00,0.000,0.000,0.000
8,ec.gp.GPIndividual@341262837{-68891813},3C_20_80-03.txt,169.439,0.500,84.719,0,0.000,0.00,0.000,0.000,0.000
8,ec.gp.GPIndividual@1049943267{602350517},3C_20_50-02.txt,61.404,0.500,30.702,3,5.875,19.14,1.958,4.422,0.281
8,ec.gp.GPIndividual@1049943267{602350517},3C_20_66-01.txt,7.322,0.500,3.661,2,6.609,180.53,3.305,5.281,0.281
8,ec.gp.GPIndividual@1049943267{602350517},3C_20_66-01.txt,7.322,0.500,3.661,4,3.109,84.93,0.777,5.281,0.000
8,ec.gp.GPIndividual@1049943267{602350517},3C_20_50-03.txt,30.993,0.500,15.496,3,1.328,8.57,0.443,5.281,0.000
8,ec.gp.GPIndividual@1049943267{602350517},3C_20_80-03.txt,169.439,0.500,84.719,12,59.125,69.79,4.927,26.188,0.000
8,ec.gp.GPIndividual@1471129698{-499732561},3C_20_50-02.txt,61.404,0.500,30.702,0,0.000,0.00,0.000,0.000,0.000
8,ec.gp.GPIndividual@1471129698{-499732561},3C_20_50-03.txt,30.993,0.500,15.496,0,0.000,0.00,0.000,0.000,0.000
8,ec.gp.GPIndividual@1471129698{-499732561},3C_20_66-01.txt,7.322,0.500,3.661,0,0.000,0.00,0.000,0.000,0.000
8,ec.gp.GPIndividual@1471129698{-499732561},3C_20_66-02.txt,154.245,0.500,77.122,0,0.000,0.00,0.000,0.000,0.000
8,ec.gp.GPIndividual@1471129698{-499732561},3C_20_66-03.txt,118.340,0.500,59.170,0,0.000,0.00,0.000,0.000,0.000
8,ec.gp.GPIndividual@1471129698{-499732561},3C_20_80-01.txt,4.194,0.500,2.097,0,0.000,0.00,0.000,0.000,0.000
8,ec.gp.GPIndividual@1471129698{-499732561},3C_20_80-02.txt,35.738,0.500,17.869,0,0.000,0.00,0.000,0.000,0.000
8,ec.gp.GPIndividual@1471129698{-499732561},3C_20_80-03.txt,169.439,0.500,84.719,0,0.000,0.00,0.000,0.000,0.000
8,ec.gp.GPIndividual@1687612451{382944879},3C_20_50-02.txt,61.404,0.500,30.702,2,56.531,184.13,28.266,28.438,28.094
8,ec.gp.GPIndividual@1687612451{382944879},3C_20_66-02.txt,154.245,0.500,77.122,3,32.469,42.10,10.823,31.234,0.391
8,ec.gp.GPIndividual@1031719173{896079850},3C_20_50-02.txt,61.404,0.500,30.702,10,32.859,107.03,3.286,20.313,0.281
8,ec.gp.GPIndividual@1031719173{896079850},3C_20_66-01.txt,7.322,0.500,3.661,3,2.844,77.67,0.948,20.313,0.000
8,ec.gp.GPIndividual@1031719173{896079850},3C_20_50-03.txt,30.993,0.500,15.496,8,15.813,102.04,1.977,20.313,0.000
8,ec.gp.GPIndividual@1031719173{896079850},3C_20_50-03.txt,30.993,0.500,15.496,1,1.828,11.80,1.828,20.313,0.000
8,ec.gp.GPIndividual@1031719173{896079850},3C_20_66-01.txt,7.322,0.500,3.661,1,5.438,148.52,5.438,20.313,0.000
8,ec.gp.GPIndividual@1031719173{896079850},3C_20_66-03.txt,118.340,0.500,59.170,3,4.000,6.76,1.333,20.313,0.000
8,ec.gp.GPIndividual@1031719173{896079850},3C_20_66-02.txt,154.245,0.500,77.122,16,69.281,89.83,4.330,30.031,0.000
8,ec.gp.GPIndividual@1031719173{896079850},3C_20_66-02.txt,154.245,0.500,77.122,7,54.406,70.55,7.772,30.031,0.000
8,ec.gp.GPIndividual@1031719173{896079850},3C_20_66-03.txt,118.340,0.500,59.170,2,23.125,39.08,11.563,30.031,0.000
8,ec.gp.GPIndividual@1031719173{896079850},3C_20_80-01.txt,4.194,0.500,2.097,3,2.188,104.30,0.729,30.031,0.000
8,ec.gp.GPIndividual@1031719173{896079850},3C_20_66-02.txt,154.245,0.500,77.122,2,0.406,0.53,0.203,30.031,0.000
8,ec.gp.GPIndividual@1031719173{896079850},3C_20_66-03.txt,118.340,0.500,59.170,5,20.703,34.99,4.141,30.031,0.000
8,ec.gp.GPIndividual@1031719173{896079850},3C_20_66-01.txt,7.322,0.500,3.661,4,3.344,91.33,0.836,30.031,0.000
8,ec.gp.GPIndividual@1031719173{896079850},3C_20_66-02.txt,154.245,0.500,77.122,2,0.578,0.75,0.289,30.031,0.000
8,ec.gp.GPIndividual@1031719173{896079850},3C_20_66-03.txt,118.340,0.500,59.170,2,1.000,1.69,0.500,30.031,0.000
8,ec.gp.GPIndividual@1031719173{896079850},3C_20_80-02.txt,35.738,0.500,17.869,9,17.891,100.12,1.988,30.031,0.000
8,ec.gp.GPIndividual@1031719173{896079850},3C_20_80-01.txt,4.194,0.500,2.097,2,3.500,166.89,1.750,30.031,0.000
8,ec.gp.GPIndividual@1031719173{896079850},3C_20_80-01.txt,4.194,0.500,2.097,3,2.469,117.71,0.823,30.031,0.000
8,ec.gp.GPIndividual@1031719173{896079850},3C_20_66-03.txt,118.340,0.500,59.170,1,0.141,0.24,0.141,30.031,0.000
8,ec.gp.GPIndividual@1031719173{896079850},3C_20_80-02.txt,35.738,0.500,17.869,2,0.563,3.15,0.281,30.031,0.000
8,ec.gp.GPIndividual@1031719173{896079850},3C_20_80-03.txt,169.439,0.500,84.719,19,57.828,68.26,3.044,30.031,0.000
8,ec.gp.GPIndividual@1031719173{896079850},3C_20_80-01.txt,4.194,0.500,2.097,1,22.094,1053.47,22.094,30.031,0.000
8,ec.gp.GPIndividual@1031719173{896079850},3C_20_80-03.txt,169.439,0.500,84.719,2,25.406,29.99,12.703,30.031,0.000
8,ec.gp.GPIndividual@2138071449{-435149225},3C_20_50-02.txt,61.404,0.500,30.702,4,46.750,152.27,11.688,26.609,0.281
8,ec.gp.GPIndividual@2138071449{-435149225},3C_20_80-02.txt,35.738,0.500,17.869,2,2.391,13.38,1.195,26.609,0.281
8,ec.gp.GPIndividual@2138071449{-435149225},3C_20_50-03.txt,30.993,0.500,15.496,2,1.656,10.69,0.828,26.609,0.000
8,ec.gp.GPIndividual@2138071449{-435149225},3C_20_80-01.txt,4.194,0.500,2.097,2,1.859,88.66,0.930,26.609,0.000
8,ec.gp.GPIndividual@2138071449{-435149225},3C_20_80-03.txt,169.439,0.500,84.719,18,64.125,75.69,3.563,26.609,0.000
8,ec.gp.GPIndividual@2138071449{-435149225},3C_20_80-02.txt,35.738,0.500,17.869,1,22.984,128.63,22.984,26.609,0.000
8,ec.gp.GPIndividual@2138071449{-435149225},3C_20_80-02.txt,35.738,0.500,17.869,1,26.172,146.46,26.172,26.609,0.000
8,ec.gp.GPIndividual@1519367708{-113937338},3C_20_50-02.txt,61.404,0.500,30.702,8,53.813,175.27,6.727,31.375,0.281
8,ec.gp.GPIndividual@991655803{-2062515154},3C_20_50-02.txt,61.404,0.500,30.702,12,18.000,58.63,1.500,4.281,0.000
8,ec.gp.GPIndividual@991655803{-2062515154},3C_20_66-01.txt,7.322,0.500,3.661,4,3.328,90.91,0.832,4.281,0.000
8,ec.gp.GPIndividual@991655803{-2062515154},3C_20_50-03.txt,30.993,0.500,15.496,1,0.453,2.92,0.453,4.281,0.000
8,ec.gp.GPIndividual@991655803{-2062515154},3C_20_66-02.txt,154.245,0.500,77.122,6,14.797,19.19,2.466,6.813,0.000
8,ec.gp.GPIndividual@991655803{-2062515154},3C_20_50-03.txt,30.993,0.500,15.496,3,9.109,58.78,3.036,7.875,0.000
8,ec.gp.GPIndividual@991655803{-2062515154},3C_20_80-03.txt,169.439,0.500,84.719,2,8.453,9.98,4.227,8.453,0.000
8,ec.gp.GPIndividual@991655803{-2062515154},3C_20_80-03.txt,169.439,0.500,84.719,11,74.813,88.31,6.801,26.078,0.000
8,ec.gp.GPIndividual@692919063{832322677},3C_20_50-02.txt,61.404,0.500,30.702,4,30.438,99.14,7.609,15.734,0.000
8,ec.gp.GPIndividual@692919063{832322677},3C_20_66-01.txt,7.322,0.500,3.661,2,29.688,810.89,14.844,28.156,0.000
8,ec.gp.GPIndividual@1753551948{-1909747670},3C_20_50-02.txt,61.404,0.500,30.702,3,24.266,79.04,8.089,24.047,0.000
8,ec.gp.GPIndividual@1753551948{-1909747670},3C_20_80-02.txt,35.738,0.500,17.869,10,14.375,80.45,1.438,24.047,0.000
8,ec.gp.GPIndividual@1753551948{-1909747670},3C_20_80-01.txt,4.194,0.500,2.097,1,3.219,153.48,3.219,24.047,0.000
8,ec.gp.GPIndividual@1753551948{-1909747670},3C_20_50-03.txt,30.993,0.500,15.496,3,6.609,42.65,2.203,24.047,0.000
8,ec.gp.GPIndividual@1753551948{-1909747670},3C_20_80-03.txt,169.439,0.500,84.719,3,15.375,18.15,5.125,24.047,0.000
8,ec.gp.GPIndividual@1753551948{-1909747670},3C_20_66-02.txt,154.245,0.500,77.122,19,56.094,72.73,2.952,24.047,0.000
8,ec.gp.GPIndividual@1398876432{832322677},3C_20_50-02.txt,61.404,0.500,30.702,3,31.359,102.14,10.453,30.469,0.156
8,ec.gp.GPIndividual@1398876432{832322677},3C_20_80-02.txt,35.738,0.500,17.869,9,11.297,63.22,1.255,30.469,0.000
8,ec.gp.GPIndividual@1398876432{832322677},3C_20_50-03.txt,30.993,0.500,15.496,2,4.859,31.36,2.430,30.469,0.000
8,ec.gp.GPIndividual@1398876432{832322677},3C_20_80-03.txt,169.439,0.500,84.719,3,21.906,25.86,7.302,30.469,0.000
8,ec.gp.GPIndividual@1398876432{832322677},3C_20_66-02.txt,154.245,0.500,77.122,10,52.891,68.58,5.289,30.469,0.000
8,ec.gp.GPIndividual@431414594{1920364708},3C_20_50-02.txt,61.404,0.500,30.702,2,27.438,89.37,13.719,27.438,0.000
8,ec.gp.GPIndividual@431414594{1920364708},3C_20_66-03.txt,118.340,0.500,59.170,9,31.906,53.92,3.545,27.438,0.000
8,ec.gp.GPIndividual@431414594{1920364708},3C_20_66-01.txt,7.322,0.500,3.661,5,3.375,92.19,0.675,27.438,0.000
8,ec.gp.GPIndividual@431414594{1920364708},3C_20_80-01.txt,4.194,0.500,2.097,5,1.875,89.40,0.375,27.438,0.000
8,ec.gp.GPIndividual@431414594{1920364708},3C_20_66-02.txt,154.245,0.500,77.122,1,0.422,0.55,0.422,27.438,0.000
8,ec.gp.GPIndividual@431414594{1920364708},3C_20_80-02.txt,35.738,0.500,17.869,10,10.813,60.51,1.081,27.438,0.000
8,ec.gp.GPIndividual@431414594{1920364708},3C_20_80-03.txt,169.439,0.500,84.719,2,5.250,6.20,2.625,27.438,0.000
8,ec.gp.GPIndividual@431414594{1920364708},3C_20_66-03.txt,118.340,0.500,59.170,7,32.438,54.82,4.634,27.438,0.000
8,ec.gp.GPIndividual@431414594{1920364708},3C_20_50-03.txt,30.993,0.500,15.496,4,9.250,59.69,2.313,27.438,0.000
8,ec.gp.GPIndividual@431414594{1920364708},3C_20_66-01.txt,7.322,0.500,3.661,6,2.922,79.81,0.487,27.438,0.000
8,ec.gp.GPIndividual@431414594{1920364708},3C_20_66-02.txt,154.245,0.500,77.122,8,42.734,55.41,5.342,27.438,0.000
8,ec.gp.GPIndividual@1055796599{-245468612},3C_20_50-02.txt,61.404,0.500,30.702,0,0.000,0.00,0.000,0.000,0.000
8,ec.gp.GPIndividual@1055796599{-245468612},3C_20_50-03.txt,30.993,0.500,15.496,0,0.000,0.00,0.000,0.000,0.000
8,ec.gp.GPIndividual@1055796599{-245468612},3C_20_66-01.txt,7.322,0.500,3.661,0,0.000,0.00,0.000,0.000,0.000
8,ec.gp.GPIndividual@1055796599{-245468612},3C_20_66-02.txt,154.245,0.500,77.122,0,0.000,0.00,0.000,0.000,0.000
8,ec.gp.GPIndividual@1055796599{-245468612},3C_20_66-03.txt,118.340,0.500,59.170,0,0.000,0.00,0.000,0.000,0.000
8,ec.gp.GPIndividual@1055796599{-245468612},3C_20_80-01.txt,4.194,0.500,2.097,0,0.000,0.00,0.000,0.000,0.000
8,ec.gp.GPIndividual@1055796599{-245468612},3C_20_80-02.txt,35.738,0.500,17.869,0,0.000,0.00,0.000,0.000,0.000
8,ec.gp.GPIndividual@1055796599{-245468612},3C_20_80-03.txt,169.439,0.500,84.719,0,0.000,0.00,0.000,0.000,0.000
8,ec.gp.GPIndividual@1949725846{-1218701327},3C_20_50-02.txt,61.404,0.500,30.702,1,0.000,0.00,0.000,0.000,0.000
8,ec.gp.GPIndividual@1949725846{-1218701327},3C_20_50-03.txt,30.993,0.500,15.496,1,0.000,0.00,0.000,0.000,0.000
8,ec.gp.GPIndividual@1949725846{-1218701327},3C_20_66-01.txt,7.322,0.500,3.661,1,0.000,0.00,0.000,0.000,0.000
8,ec.gp.GPIndividual@1949725846{-1218701327},3C_20_66-02.txt,154.245,0.500,77.122,1,0.000,0.00,0.000,0.000,0.000
8,ec.gp.GPIndividual@1949725846{-1218701327},3C_20_66-03.txt,118.340,0.500,59.170,1,0.000,0.00,0.000,0.000,0.000
8,ec.gp.GPIndividual@1949725846{-1218701327},3C_20_80-01.txt,4.194,0.500,2.097,1,0.000,0.00,0.000,0.000,0.000
8,ec.gp.GPIndividual@1949725846{-1218701327},3C_20_80-02.txt,35.738,0.500,17.869,1,0.000,0.00,0.000,0.000,0.000
8,ec.gp.GPIndividual@1949725846{-1218701327},3C_20_80-03.txt,169.439,0.500,84.719,1,0.000,0.00,0.000,0.000,0.000
9,ec.gp.GPIndividual@1964240206{-1281177305},3C_20_50-02.txt,61.404,0.500,30.702,20,29.516,96.14,1.476,2.656,0.000
9,ec.gp.GPIndividual@1964240206{-1281177305},3C_20_50-03.txt,30.993,0.500,15.496,2,1.969,12.70,0.984,2.656,0.000
9,ec.gp.GPIndividual@1964240206{-1281177305},3C_20_50-03.txt,30.993,0.500,15.496,4,8.922,57.57,2.230,3.031,0.000
9,ec.gp.GPIndividual@1964240206{-1281177305},3C_20_50-03.txt,30.993,0.500,15.496,5,15.391,99.32,3.078,4.172,0.000
9,ec.gp.GPIndividual@1964240206{-1281177305},3C_20_50-03.txt,30.993,0.500,15.496,3,9.672,62.41,3.224,5.094,0.000
9,ec.gp.GPIndividual@1964240206{-1281177305},3C_20_50-03.txt,30.993,0.500,15.496,1,1.641,10.59,1.641,5.094,0.000
9,ec.gp.GPIndividual@1964240206{-1281177305},3C_20_66-01.txt,7.322,0.500,3.661,1,5.063,138.28,5.063,5.094,0.000
9,ec.gp.GPIndividual@1964240206{-1281177305},3C_20_50-03.txt,30.993,0.500,15.496,1,3.422,22.08,3.422,5.094,0.000
9,ec.gp.GPIndividual@1964240206{-1281177305},3C_20_66-01.txt,7.322,0.500,3.661,3,3.391,92.61,1.130,5.094,0.000
9,ec.gp.GPIndividual@1964240206{-1281177305},3C_20_66-02.txt,154.245,0.500,77.122,1,0.688,0.89,0.688,5.094,0.000
9,ec.gp.GPIndividual@1964240206{-1281177305},3C_20_66-02.txt,154.245,0.500,77.122,4,13.922,18.05,3.480,5.094,0.000
9,ec.gp.GPIndividual@1964240206{-1281177305},3C_20_66-01.txt,7.322,0.500,3.661,1,4.125,112.67,4.125,5.094,0.000
9,ec.gp.GPIndividual@1964240206{-1281177305},3C_20_66-01.txt,7.322,0.500,3.661,2,2.859,78.10,1.430,5.094,0.000
9,ec.gp.GPIndividual@1964240206{-1281177305},3C_20_66-03.txt,118.340,0.500,59.170,18,61.531,103.99,3.418,10.578,0.000
9,ec.gp.GPIndividual@1964240206{-1281177305},3C_20_66-01.txt,7.322,0.500,3.661,2,8.281,226.20,4.141,10.578,0.000
9,ec.gp.GPIndividual@1964240206{-1281177305},3C_20_80-01.txt,4.194,0.500,2.097,2,4.109,195.94,2.055,10.578,0.000
9,ec.gp.GPIndividual@1964240206{-1281177305},3C_20_66-01.txt,7.322,0.500,3.661,1,1.406,38.41,1.406,10.578,0.000
9,ec.gp.GPIndividual@1964240206{-1281177305},3C_20_66-02.txt,154.245,0.500,77.122,1,0.484,0.63,0.484,10.578,0.000
9,ec.gp.GPIndividual@1964240206{-1281177305},3C_20_80-02.txt,35.738,0.500,17.869,5,24.203,135.45,4.841,17.156,0.000
9,ec.gp.GPIndividual@1964240206{-1281177305},3C_20_66-03.txt,118.340,0.500,59.170,2,17.844,30.16,8.922,17.844,0.000
9,ec.gp.GPIndividual@1964240206{-1281177305},3C_20_66-02.txt,154.245,0.500,77.122,23,75.438,97.82,3.280,18.125,0.000
9,ec.gp.GPIndividual@1964240206{-1281177305},3C_20_66-03.txt,118.340,0.500,59.170,2,13.391,22.63,6.695,18.125,0.000
9,ec.gp.GPIndividual@1964240206{-1281177305},3C_20_80-03.txt,169.439,0.500,84.719,2,11.313,13.35,5.656,18.125,0.000
9,ec.gp.GPIndividual@1964240206{-1281177305},3C_20_66-03.txt,118.340,0.500,59.170,2,17.484,29.55,8.742,18.125,0.000
9,ec.gp.GPIndividual@1964240206{-1281177305},3C_20_66-02.txt,154.245,0.500,77.122,16,68.000,88.17,4.250,19.047,0.000
9,ec.gp.GPIndividual@1964240206{-1281177305},3C_20_80-01.txt,4.194,0.500,2.097,1,8.328,397.10,8.328,19.047,0.000
9,ec.gp.GPIndividual@1964240206{-1281177305},3C_20_80-01.txt,4.194,0.500,2.097,2,8.688,414.23,4.344,19.047,0.000
9,ec.gp.GPIndividual@1964240206{-1281177305},3C_20_66-03.txt,118.340,0.500,59.170,1,0.656,1.11,0.656,19.047,0.000
9,ec.gp.GPIndividual@1964240206{-1281177305},3C_20_80-02.txt,35.738,0.500,17.869,4,20.594,115.25,5.148,19.047,0.000
9,ec.gp.GPIndividual@2054755369{-575616712},3C_20_50-02.txt,61.404,0.500,30.702,5,24.359,79.34,4.872,21.281,0.000
9,ec.gp.GPIndividual@2054755369{-575616712},3C_20_80-01.txt,4.194,0.500,2.097,2,20.609,982.69,10.305,21.281,0.000
9,ec.gp.GPIndividual@2054755369{-575616712},3C_20_66-02.txt,154.245,0.500,77.122,2,0.859,1.11,0.430,21.281,0.000
9,ec.gp.GPIndividual@2054755369{-575616712},3C_20_80-02.txt,35.738,0.500,17.869,2,0.516,2.89,0.258,21.281,0.000
9,ec.gp.GPIndividual@2054755369{-575616712},3C_20_80-03.txt,169.439,0.500,84.719,20,61.844,73.00,3.092,21.281,0.000
9,ec.gp.GPIndividual@2054755369{-575616712},3C_20_80-02.txt,35.738,0.500,17.869,1,17.922,100.30,17.922,21.281,0.000
9,ec.gp.GPIndividual@1872596208{1386538456},3C_20_50-02.txt,61.404,0.500,30.702,2,15.734,51.25,7.867,15.734,0.000
9,ec.gp.GPIndividual@1872596208{1386538456},3C_20_66-03.txt,118.340,0.500,59.170,3,20.734,35.04,6.911,20.406,0.000
9,ec.gp.GPIndividual@1872596208{1386538456},3C_20_50-03.txt,30.993,0.500,15.496,4,28.063,181.09,7.016,23.250,0.000
9,ec.gp.GPIndividual@1872596208{1386538456},3C_20_80-03.txt,169.439,0.500,84.719,2,23.797,28.09,11.898,23.797,0.000
9,ec.gp.GPIndividual@1872596208{1386538456},3C_20_80-01.txt,4.194,0.500,2.097,2,2.156,102.81,1.078,23.797,0.000
9,ec.gp.GPIndividual@1872596208{1386538456},3C_20_80-02.txt,35.738,0.500,17.869,2,0.359,2.01,0.180,23.797,0.000
9,ec.gp.GPIndividual@1872596208{1386538456},3C_20_80-03.txt,169.439,0.500,84.719,17,87.469,103.25,5.145,23.797,0.000
9,ec.gp.GPIndividual@877122904{1865268437},3C_20_50-02.txt,61.404,0.500,30.702,2,10.828,35.27,5.414,10.828,0.000
9,ec.gp.GPIndividual@262295898{672924454},3C_20_50-02.txt,61.404,0.500,30.702,2,6.859,22.34,3.430,6.859,0.000
9,ec.gp.GPIndividual@262295898{672924454},3C_20_66-01.txt,7.322,0.500,3.661,3,19.297,527.08,6.432,18.297,0.000
9,ec.gp.GPIndividual@262295898{672924454},3C_20_80-03.txt,169.439,0.500,84.719,2,22.156,26.15,11.078,22.156,0.000
9,ec.gp.GPIndividual@262295898{672924454},3C_20_80-01.txt,4.194,0.500,2.097,2,2.219,105.79,1.109,22.156,0.000
9,ec.gp.GPIndividual@262295898{672924454},3C_20_50-03.txt,30.993,0.500,15.496,1,1.344,8.67,1.344,22.156,0.000
9,ec.gp.GPIndividual@262295898{672924454},3C_20_50-03.txt,30.993,0.500,15.496,1,0.484,3.13,0.484,22.156,0.000
9,ec.gp.GPIndividual@262295898{672924454},3C_20_66-02.txt,154.245,0.500,77.122,4,29.094,37.72,7.273,26.984,0.000
9,ec.gp.GPIndividual@262295898{672924454},3C_20_50-03.txt,30.993,0.500,15.496,6,14.719,94.98,2.453,26.984,0.000
9,ec.gp.GPIndividual@262295898{672924454},3C_20_66-01.txt,7.322,0.500,3.661,1,6.234,170.29,6.234,26.984,0.000
9,ec.gp.GPIndividual@1274747650{1746293696},3C_20_50-02.txt,61.404,0.500,30.702,0,0.000,0.00,0.000,0.000,0.000
9,ec.gp.GPIndividual@1274747650{1746293696},3C_20_50-03.txt,30.993,0.500,15.496,0,0.000,0.00,0.000,0.000,0.000
9,ec.gp.GPIndividual@1274747650{1746293696},3C_20_66-01.txt,7.322,0.500,3.661,0,0.000,0.00,0.000,0.000,0.000
9,ec.gp.GPIndividual@1274747650{1746293696},3C_20_66-02.txt,154.245,0.500,77.122,0,0.000,0.00,0.000,0.000,0.000
9,ec.gp.GPIndividual@1274747650{1746293696},3C_20_66-03.txt,118.340,0.500,59.170,0,0.000,0.00,0.000,0.000,0.000
9,ec.gp.GPIndividual@1274747650{1746293696},3C_20_80-01.txt,4.194,0.500,2.097,0,0.000,0.00,0.000,0.000,0.000
9,ec.gp.GPIndividual@1274747650{1746293696},3C_20_80-02.txt,35.738,0.500,17.869,0,0.000,0.00,0.000,0.000,0.000
9,ec.gp.GPIndividual@1274747650{1746293696},3C_20_80-03.txt,169.439,0.500,84.719,0,0.000,0.00,0.000,0.000,0.000
9,ec.gp.GPIndividual@1393603930{1206807035},3C_20_50-02.txt,61.404,0.500,30.702,0,0.000,0.00,0.000,0.000,0.000
9,ec.gp.GPIndividual@1393603930{1206807035},3C_20_50-03.txt,30.993,0.500,15.496,0,0.000,0.00,0.000,0.000,0.000
9,ec.gp.GPIndividual@1393603930{1206807035},3C_20_66-01.txt,7.322,0.500,3.661,0,0.000,0.00,0.000,0.000,0.000
9,ec.gp.GPIndividual@1393603930{1206807035},3C_20_66-02.txt,154.245,0.500,77.122,0,0.000,0.00,0.000,0.000,0.000
9,ec.gp.GPIndividual@1393603930{1206807035},3C_20_66-03.txt,118.340,0.500,59.170,0,0.000,0.00,0.000,0.000,0.000
9,ec.gp.GPIndividual@1393603930{1206807035},3C_20_80-01.txt,4.194,0.500,2.097,0,0.000,0.00,0.000,0.000,0.000
9,ec.gp.GPIndividual@1393603930{1206807035},3C_20_80-02.txt,35.738,0.500,17.869,0,0.000,0.00,0.000,0.000,0.000
9,ec.gp.GPIndividual@1393603930{1206807035},3C_20_80-03.txt,169.439,0.500,84.719,0,0.000,0.00,0.000,0.000,0.000
9,ec.gp.GPIndividual@860926188{-1390223549},3C_20_50-02.txt,61.404,0.500,30.702,5,9.781,31.86,1.956,4.469,0.516
9,ec.gp.GPIndividual@860926188{-1390223549},3C_20_66-01.txt,7.322,0.500,3.661,2,5.797,158.34,2.898,4.469,0.516
9,ec.gp.GPIndividual@860926188{-1390223549},3C_20_80-02.txt,35.738,0.500,17.869,5,5.219,29.21,1.044,4.469,0.000
9,ec.gp.GPIndividual@860926188{-1390223549},3C_20_66-03.txt,118.340,0.500,59.170,10,20.109,33.99,2.011,5.578,0.000
9,ec.gp.GPIndividual@860926188{-1390223549},3C_20_66-02.txt,154.245,0.500,77.122,13,55.703,72.23,4.285,18.000,0.000
9,ec.gp.GPIndividual@860926188{-1390223549},3C_20_50-03.txt,30.993,0.500,15.496,1,18.844,121.60,18.844,18.844,0.000
9,ec.gp.GPIndividual@860926188{-1390223549},3C_20_66-02.txt,154.245,0.500,77.122,7,33.125,42.95,4.732,21.750,0.000
9,ec.gp.GPIndividual@860926188{-1390223549},3C_20_80-01.txt,4.194,0.500,2.097,1,23.688,1129.46,23.688,23.688,0.000
9,ec.gp.GPIndividual@860926188{-1390223549},3C_20_80-03.txt,169.439,0.500,84.719,2,15.813,18.66,7.906,23.688,0.000
9,ec.gp.GPIndividual@860926188{-1390223549},3C_20_66-01.txt,7.322,0.500,3.661,3,3.688,100.72,1.229,23.688,0.000
9,ec.gp.GPIndividual@860926188{-1390223549},3C_20_66-02.txt,154.245,0.500,77.122,1,1.219,1.58,1.219,23.688,0.000
9,ec.gp.GPIndividual@860926188{-1390223549},3C_20_80-02.txt,35.738,0.500,17.869,2,0.531,2.97,0.266,23.688,0.000
9,ec.gp.GPIndividual@860926188{-1390223549},3C_20_66-03.txt,118.340,0.500,59.170,2,20.109,33.99,10.055,23.688,0.000
9,ec.gp.GPIndividual@860926188{-1390223549},3C_20_66-03.txt,118.340,0.500,59.170,18,55.938,94.54,3.108,23.688,0.000
9,ec.gp.GPIndividual@860926188{-1390223549},3C_20_66-01.txt,7.322,0.500,3.661,1,9.188,250.95,9.188,23.688,0.000
9,ec.gp.GPIndividual@860926188{-1390223549},3C_20_80-01.txt,4.194,0.500,2.097,3,1.906,90.89,0.635,23.688,0.000
9,ec.gp.GPIndividual@860926188{-1390223549},3C_20_80-02.txt,35.738,0.500,17.869,1,0.531,2.97,0.531,23.688,0.000
9,ec.gp.GPIndividual@860926188{-1390223549},3C_20_66-02.txt,154.245,0.500,77.122,3,7.438,9.64,2.479,23.688,0.000
9,ec.gp.GPIndividual@860926188{-1390223549},3C_20_80-01.txt,4.194,0.500,2.097,1,7.813,372.51,7.813,23.688,0.000
9,ec.gp.GPIndividual@860926188{-1390223549},3C_20_66-03.txt,118.340,0.500,59.170,2,8.313,14.05,4.156,23.688,0.000
9,ec.gp.GPIndividual@860926188{-1390223549},3C_20_80-03.txt,169.439,0.500,84.719,6,20.781,24.53,3.464,23.688,0.000
9,ec.gp.GPIndividual@647554558{338573122},3C_20_50-02.txt,61.404,0.500,30.702,2,1.766,5.75,0.883,1.250,0.516
9,ec.gp.GPIndividual@647554558{338573122},3C_20_50-03.txt,30.993,0.500,15.496,5,16.891,109.00,3.378,5.953,0.516
9,ec.gp.GPIndividual@1354719164{-983185468},3C_20_50-02.txt,61.404,0.500,30.702,3,4.156,13.54,1.385,3.469,0.344
9,ec.gp.GPIndividual@1354719164{-983185468},3C_20_50-03.txt,30.993,0.500,15.496,1,4.344,28.03,4.344,4.344,0.344
9,ec.gp.GPIndividual@1354719164{-983185468},3C_20_66-01.txt,7.322,0.500,3.661,4,3.609,98.59,0.902,4.344,0.000
9,ec.gp.GPIndividual@1354719164{-983185468},3C_20_66-03.txt,118.340,0.500,59.170,1,1.031,1.74,1.031,4.344,0.000
9,ec.gp.GPIndividual@1354719164{-983185468},3C_20_66-02.txt,154.245,0.500,77.122,1,2.594,3.36,2.594,4.344,0.000
9,ec.gp.GPIndividual@1354719164{-983185468},3C_20_80-01.txt,4.194,0.500,2.097,2,0.469,22.35,0.234,4.344,0.000
9,ec.gp.GPIndividual@1354719164{-983185468},3C_20_80-02.txt,35.738,0.500,17.869,3,4.391,24.57,1.464,4.344,0.000
9,ec.gp.GPIndividual@1354719164{-983185468},3C_20_66-03.txt,118.340,0.500,59.170,11,35.359,59.76,3.214,6.469,0.000
9,ec.gp.GPIndividual@1354719164{-983185468},3C_20_80-01.txt,4.194,0.500,2.097,2,2.125,101.32,1.063,6.469,0.000
9,ec.gp.GPIndividual@1354719164{-983185468},3C_20_80-02.txt,35.738,0.500,17.869,2,0.344,1.92,0.172,6.469,0.000
9,ec.gp.GPIndividual@1354719164{-983185468},3C_20_80-02.txt,35.738,0.500,17.869,1,3.203,17.93,3.203,6.469,0.000
9,ec.gp.GPIndividual@1354719164{-983185468},3C_20_66-01.txt,7.322,0.500,3.661,1,3.688,100.72,3.688,6.469,0.000
9,ec.gp.GPIndividual@1354719164{-983185468},3C_20_80-01.txt,4.194,0.500,2.097,3,2.078,99.09,0.693,6.469,0.000
9,ec.gp.GPIndividual@1354719164{-983185468},3C_20_80-02.txt,35.738,0.500,17.869,2,2.500,13.99,1.250,6.469,0.000
9,ec.gp.GPIndividual@1354719164{-983185468},3C_20_80-03.txt,169.439,0.500,84.719,5,7.688,9.07,1.538,6.469,0.000
9,ec.gp.GPIndividual@1354719164{-983185468},3C_20_66-02.txt,154.245,0.500,77.122,7,15.750,20.42,2.250,6.469,0.000
9,ec.gp.GPIndividual@2090507060{-1144807743},3C_20_50-02.txt,61.404,0.500,30.702,4,5.016,16.34,1.254,1.906,0.484
9,ec.gp.GPIndividual@2090507060{-1144807743},3C_20_66-03.txt,118.340,0.500,59.170,4,15.891,26.86,3.973,12.250,0.000
9,ec.gp.GPIndividual@2090507060{-1144807743},3C_20_80-03.txt,169.439,0.500,84.719,7,57.781,68.20,8.254,28.516,0.000
9,ec.gp.GPIndividual@2090507060{-1144807743},3C_20_80-03.txt,169.439,0.500,84.719,2,7.625,9.00,3.813,28.516,0.000
9,ec.gp.GPIndividual@2090507060{-1144807743},3C_20_80-01.txt,4.194,0.500,2.097,1,0.922,43.96,0.922,28.516,0.000
9,ec.gp.GPIndividual@2090507060{-1144807743},3C_20_80-02.txt,35.738,0.500,17.869,2,8.297,46.43,4.148,28.516,0.000
9,ec.gp.GPIndividual@2090507060{-1144807743},3C_20_80-03.txt,169.439,0.500,84.719,1,4.813,5.68,4.813,28.516,0.000
9,ec.gp.GPIndividual@320689203{-2062515154},3C_20_50-02.txt,61.404,0.500,30.702,3,23.688,77.15,7.896,23.172,0.000
9,ec.gp.GPIndividual@320689203{-2062515154},3C_20_80-03.txt,169.439,0.500,84.719,2,17.047,20.12,8.523,23.172,0.000
9,ec.gp.GPIndividual@550617377{-1479202780},3C_20_50-02.txt,61.404,0.500,30.702,4,24.828,80.87,6.207,17.766,0.000
9,ec.gp.GPIndividual@550617377{-1479202780},3C_20_50-03.txt,30.993,0.500,15.496,1,22.563,145.60,22.563,22.563,0.000
9,ec.gp.GPIndividual@550617377{-1479202780},3C_20_80-03.txt,169.439,0.500,84.719,5,17.031,20.10,3.406,22.563,0.000
9,ec.gp.GPIndividual@60507772{-355395628},3C_20_50-02.txt,61.404,0.500,30.702,9,27.203,88.60,3.023,6.031,0.000
9,ec.gp.GPIndividual@60507772{-355395628},3C_20_50-03.txt,30.993,0.500,15.496,3,16.906,109.10,5.635,7.453,0.000
9,ec.gp.GPIndividual@1857307497{150626734},3C_20_50-02.txt,61.404,0.500,30.702,2,9.031,29.42,4.516,8.688,0.344
9,ec.gp.GPIndividual@996196455{184237130},3C_20_50-02.txt,61.404,0.500,30.702,0,0.000,0.00,0.000,0.000,0.000
9,ec.gp.GPIndividual@996196455{184237130},3C_20_50-03.txt,30.993,0.500,15.496,0,0.000,0.00,0.000,0.000,0.000
9,ec.gp.GPIndividual@996196455{184237130},3C_20_66-01.txt,7.322,0.500,3.661,0,0.000,0.00,0.000,0.000,0.000
9,ec.gp.GPIndividual@996196455{184237130},3C_20_66-02.txt,154.245,0.500,77.122,0,0.000,0.00,0.000,0.000,0.000
9,ec.gp.GPIndividual@996196455{184237130},3C_20_66-03.txt,118.340,0.500,59.170,0,0.000,0.00,0.000,0.000,0.000
9,ec.gp.GPIndividual@996196455{184237130},3C_20_80-01.txt,4.194,0.500,2.097,0,0.000,0.00,0.000,0.000,0.000
9,ec.gp.GPIndividual@996196455{184237130},3C_20_80-02.txt,35.738,0.500,17.869,0,0.000,0.00,0.000,0.000,0.000
9,ec.gp.GPIndividual@996196455{184237130},3C_20_80-03.txt,169.439,0.500,84.719,0,0.000,0.00,0.000,0.000,0.000
9,ec.gp.GPIndividual@676396802{-245845901},3C_20_50-02.txt,61.404,0.500,30.702,3,2.672,8.70,0.891,2.141,0.000
9,ec.gp.GPIndividual@676396802{-245845901},3C_20_50-03.txt,30.993,0.500,15.496,2,3.344,21.58,1.672,3.344,0.000
9,ec.gp.GPIndividual@676396802{-245845901},3C_20_66-01.txt,7.322,0.500,3.661,4,3.547,96.88,0.887,3.344,0.000
9,ec.gp.GPIndividual@676396802{-245845901},3C_20_50-03.txt,30.993,0.500,15.496,2,0.844,5.44,0.422,3.344,0.000
9,ec.gp.GPIndividual@676396802{-245845901},3C_20_50-03.txt,30.993,0.500,15.496,2,11.156,71.99,5.578,11.156,0.000
9,ec.gp.GPIndividual@676396802{-245845901},3C_20_50-03.txt,30.993,0.500,15.496,6,16.938,109.30,2.823,11.156,0.000
9,ec.gp.GPIndividual@676396802{-245845901},3C_20_66-01.txt,7.322,0.500,3.661,1,4.250,116.09,4.250,11.156,0.000
9,ec.gp.GPIndividual@676396802{-245845901},3C_20_66-01.txt,7.322,0.500,3.661,1,4.438,121.21,4.438,11.156,0.000
9,ec.gp.GPIndividual@676396802{-245845901},3C_20_66-01.txt,7.322,0.500,3.661,1,4.563,124.62,4.563,11.156,0.000
9,ec.gp.GPIndividual@676396802{-245845901},3C_20_66-01.txt,7.322,0.500,3.661,2,1.156,31.58,0.578,11.156,0.000
9,ec.gp.GPIndividual@676396802{-245845901},3C_20_66-02.txt,154.245,0.500,77.122,4,5.047,6.54,1.262,11.156,0.000
9,ec.gp.GPIndividual@676396802{-245845901},3C_20_66-01.txt,7.322,0.500,3.661,3,2.969,81.09,0.990,11.156,0.000
9,ec.gp.GPIndividual@676396802{-245845901},3C_20_66-02.txt,154.245,0.500,77.122,5,7.859,10.19,1.572,11.156,0.000
9,ec.gp.GPIndividual@676396802{-245845901},3C_20_66-02.txt,154.245,0.500,77.122,19,54.391,70.53,2.863,28.109,0.000
9,ec.gp.GPIndividual@676396802{-245845901},3C_20_66-02.txt,154.245,0.500,77.122,2,21.750,28.20,10.875,28.109,0.000
9,ec.gp.GPIndividual@676396802{-245845901},3C_20_66-03.txt,118.340,0.500,59.170,2,20.422,34.51,10.211,28.109,0.000
9,ec.gp.GPIndividual@676396802{-245845901},3C_20_66-03.txt,118.340,0.500,59.170,2,22.422,37.89,11.211,28.109,0.000
9,ec.gp.GPIndividual@676396802{-245845901},3C_20_66-03.txt,118.340,0.500,59.170,2,26.703,45.13,13.352,28.109,0.000
9,ec.gp.GPIndividual@676396802{-245845901},3C_20_66-02.txt,154.245,0.500,77.122,2,27.219,35.29,13.609,28.109,0.000
9,ec.gp.GPIndividual@676396802{-245845901},3C_20_66-02.txt,154.245,0.500,77.122,23,63.188,81.93,2.747,28.109,0.000
9,ec.gp.GPIndividual@676396802{-245845901},3C_20_80-01.txt,4.194,0.500,2.097,2,11.703,558.02,5.852,28.109,0.000
9,ec.gp.GPIndividual@676396802{-245845901},3C_20_66-03.txt,118.340,0.500,59.170,1,0.516,0.87,0.516,28.109,0.000
9,ec.gp.GPIndividual@676396802{-245845901},3C_20_80-02.txt,35.738,0.500,17.869,2,11.563,64.71,5.781,28.109,0.000
9,ec.gp.GPIndividual@676396802{-245845901},3C_20_80-01.txt,4.194,0.500,2.097,2,13.750,655.62,6.875,28.109,0.000
9,ec.gp.GPIndividual@676396802{-245845901},3C_20_66-03.txt,118.340,0.500,59.170,1,0.516,0.87,0.516,28.109,0.000
9,ec.gp.GPIndividual@676396802{-245845901},3C_20_80-02.txt,35.738,0.500,17.869,2,13.500,75.55,6.750,28.109,0.000
9,ec.gp.GPIndividual@676396802{-245845901},3C_20_80-01.txt,4.194,0.500,2.097,1,2.125,101.32,2.125,28.109,0.000
9,ec.gp.GPIndividual@676396802{-245845901},3C_20_80-03.txt,169.439,0.500,84.719,2,16.234,19.16,8.117,28.109,0.000
9,ec.gp.GPIndividual@676396802{-245845901},3C_20_66-03.txt,118.340,0.500,59.170,2,0.859,1.45,0.430,28.109,0.000
9,ec.gp.GPIndividual@676396802{-245845901},3C_20_80-02.txt,35.738,0.500,17.869,7,17.891,100.12,2.556,28.109,0.000
9,ec.gp.GPIndividual@676396802{-245845901},3C_20_80-01.txt,4.194,0.500,2.097,3,1.766,84.19,0.589,28.109,0.000
9,ec.gp.GPIndividual@676396802{-245845901},3C_20_80-03.txt,169.439,0.500,84.719,3,6.859,8.10,2.286,28.109,0.000
9,ec.gp.GPIndividual@676396802{-245845901},3C_20_80-02.txt,35.738,0.500,17.869,3,9.797,54.83,3.266,28.109,0.000
9,ec.gp.GPIndividual@676396802{-245845901},3C_20_80-01.txt,4.194,0.500,2.097,3,3.469,165.40,1.156,28.109,0.000
9,ec.gp.GPIndividual@676396802{-245845901},3C_20_80-03.txt,169.439,0.500,84.719,1,0.156,0.18,0.156,28.109,0.000
9,ec.gp.GPIndividual@676396802{-245845901},3C_20_80-02.txt,35.738,0.500,17.869,1,0.500,2.80,0.500,28.109,0.000
9,ec.gp.GPIndividual@676396802{-245845901},3C_20_80-03.txt,169.439,0.500,84.719,3,9.563,11.29,3.188,28.109,0.000
9,ec.gp.GPIndividual@1736741737{-80627951},3C_20_50-02.txt,61.404,0.500,30.702,0,0.000,0.00,0.000,0.000,0.000
9,ec.gp.GPIndividual@1736741737{-80627951},3C_20_50-03.txt,30.993,0.500,15.496,0,0.000,0.00,0.000,0.000,0.000
9,ec.gp.GPIndividual@1736741737{-80627951},3C_20_66-01.txt,7.322,0.500,3.661,0,0.000,0.00,0.000,0.000,0.000
9,ec.gp.GPIndividual@1736741737{-80627951},3C_20_66-02.txt,154.245,0.500,77.122,0,0.000,0.00,0.000,0.000,0.000
9,ec.gp.GPIndividual@1736741737{-80627951},3C_20_66-03.txt,118.340,0.500,59.170,0,0.000,0.00,0.000,0.000,0.000
9,ec.gp.GPIndividual@1736741737{-80627951},3C_20_80-01.txt,4.194,0.500,2.097,0,0.000,0.00,0.000,0.000,0.000
9,ec.gp.GPIndividual@1736741737{-80627951},3C_20_80-02.txt,35.738,0.500,17.869,0,0.000,0.00,0.000,0.000,0.000
9,ec.gp.GPIndividual@1736741737{-80627951},3C_20_80-03.txt,169.439,0.500,84.719,0,0.000,0.00,0.000,0.000,0.000
9,ec.gp.GPIndividual@506452123{-1215189042},3C_20_50-02.txt,61.404,0.500,30.702,12,29.406,95.78,2.451,6.266,0.000
9,ec.gp.GPIndividual@506452123{-1215189042},3C_20_50-03.txt,30.993,0.500,15.496,1,3.453,22.28,3.453,6.266,0.000
9,ec.gp.GPIndividual@1311094388{-1773651646},3C_20_50-02.txt,61.404,0.500,30.702,3,2.609,8.50,0.870,2.109,0.000
9,ec.gp.GPIndividual@1311094388{-1773651646},3C_20_80-03.txt,169.439,0.500,84.719,3,17.672,20.86,5.891,9.203,0.000
9,ec.gp.GPIndividual@1694809473{-408744916},3C_20_50-02.txt,61.404,0.500,30.702,10,28.078,91.45,2.808,6.172,0.000
9,ec.gp.GPIndividual@1694809473{-408744916},3C_20_50-03.txt,30.993,0.500,15.496,3,7.141,46.08,2.380,6.172,0.000
9,ec.gp.GPIndividual@1408898408{-1416565792},3C_20_50-02.txt,61.404,0.500,30.702,3,14.484,47.18,4.828,7.797,0.516
9,ec.gp.GPIndividual@570318429{1861659226},3C_20_50-02.txt,61.404,0.500,30.702,4,24.266,79.04,6.066,23.125,0.000
9,ec.gp.GPIndividual@570318429{1861659226},3C_20_80-02.txt,35.738,0.500,17.869,2,30.031,168.06,15.016,29.109,0.000
9,ec.gp.GPIndividual@197247746{-1409061142},3C_20_50-02.txt,61.404,0.500,30.702,3,21.094,68.70,7.031,19.625,0.000
9,ec.gp.GPIndividual@2093951941{-350316324},3C_20_50-02.txt,61.404,0.500,30.702,1,0.422,1.37,0.422,0.422,0.422
9,ec.gp.GPIndividual@2093951941{-350316324},3C_20_50-03.txt,30.993,0.500,15.496,0,0.000,0.00,0.000,0.422,0.422
9,ec.gp.GPIndividual@2093951941{-350316324},3C_20_66-01.txt,7.322,0.500,3.661,0,0.000,0.00,0.000,0.422,0.422
9,ec.gp.GPIndividual@2093951941{-350316324},3C_20_66-02.txt,154.245,0.500,77.122,0,0.000,0.00,0.000,0.422,0.422
9,ec.gp.GPIndividual@2093951941{-350316324},3C_20_66-03.txt,118.340,0.500,59.170,0,0.000,0.00,0.000,0.422,0.422
9,ec.gp.GPIndividual@2093951941{-350316324},3C_20_80-01.txt,4.194,0.500,2.097,0,0.000,0.00,0.000,0.422,0.422
9,ec.gp.GPIndividual@2093951941{-350316324},3C_20_80-02.txt,35.738,0.500,17.869,0,0.000,0.00,0.000,0.422,0.422
9,ec.gp.GPIndividual@2093951941{-350316324},3C_20_80-03.txt,169.439,0.500,84.719,0,0.000,0.00,0.000,0.422,0.422
9,ec.gp.GPIndividual@52064901{1707530010},3C_20_50-02.txt,61.404,0.500,30.702,5,10.156,33.08,2.031,4.078,0.000
9,ec.gp.GPIndividual@52064901{1707530010},3C_20_80-03.txt,169.439,0.500,84.719,10,62.844,74.18,6.284,15.000,0.000
9,ec.gp.GPIndividual@52064901{1707530010},3C_20_66-01.txt,7.322,0.500,3.661,1,30.719,839.06,30.719,30.719,0.000
9,ec.gp.GPIndividual@52064901{1707530010},3C_20_50-03.txt,30.993,0.500,15.496,2,32.078,207.01,16.039,31.516,0.000
9,ec.gp.GPIndividual@1287325551{-1874021748},3C_20_50-02.txt,61.404,0.500,30.702,0,0.000,0.00,0.000,0.000,0.000
9,ec.gp.GPIndividual@1287325551{-1874021748},3C_20_50-03.txt,30.993,0.500,15.496,0,0.000,0.00,0.000,0.000,0.000
9,ec.gp.GPIndividual@1287325551{-1874021748},3C_20_66-01.txt,7.322,0.500,3.661,0,0.000,0.00,0.000,0.000,0.000
9,ec.gp.GPIndividual@1287325551{-1874021748},3C_20_66-02.txt,154.245,0.500,77.122,0,0.000,0.00,0.000,0.000,0.000
9,ec.gp.GPIndividual@1287325551{-1874021748},3C_20_66-03.txt,118.340,0.500,59.170,0,0.000,0.00,0.000,0.000,0.000
9,ec.gp.GPIndividual@1287325551{-1874021748},3C_20_80-01.txt,4.194,0.500,2.097,0,0.000,0.00,0.000,0.000,0.000
9,ec.gp.GPIndividual@1287325551{-1874021748},3C_20_80-02.txt,35.738,0.500,17.869,0,0.000,0.00,0.000,0.000,0.000
9,ec.gp.GPIndividual@1287325551{-1874021748},3C_20_80-03.txt,169.439,0.500,84.719,0,0.000,0.00,0.000,0.000,0.000
9,ec.gp.GPIndividual@1338177540{2014595350},3C_20_50-02.txt,61.404,0.500,30.702,10,30.031,97.81,3.003,20.797,0.000
9,ec.gp.GPIndividual@1338177540{2014595350},3C_20_66-01.txt,7.322,0.500,3.661,2,4.922,134.44,2.461,20.797,0.000
9,ec.gp.GPIndividual@1338177540{2014595350},3C_20_66-01.txt,7.322,0.500,3.661,6,3.313,90.48,0.552,20.797,0.000
9,ec.gp.GPIndividual@1338177540{2014595350},3C_20_66-02.txt,154.245,0.500,77.122,2,0.594,0.77,0.297,20.797,0.000
9,ec.gp.GPIndividual@1338177540{2014595350},3C_20_66-02.txt,154.245,0.500,77.122,14,29.016,37.62,2.073,20.797,0.000
9,ec.gp.GPIndividual@1338177540{2014595350},3C_20_50-03.txt,30.993,0.500,15.496,4,9.219,59.49,2.305,20.797,0.000
9,ec.gp.GPIndividual@1338177540{2014595350},3C_20_66-02.txt,154.245,0.500,77.122,9,37.109,48.12,4.123,22.766,0.000
9,ec.gp.GPIndividual@1338177540{2014595350},3C_20_66-03.txt,118.340,0.500,59.170,2,23.438,39.61,11.719,23.438,0.000
9,ec.gp.GPIndividual@1338177540{2014595350},3C_20_66-03.txt,118.340,0.500,59.170,8,54.641,92.35,6.830,25.094,0.000
9,ec.gp.GPIndividual@1338177540{2014595350},3C_20_66-03.txt,118.340,0.500,59.170,2,13.125,22.18,6.563,25.094,0.000
9,ec.gp.GPIndividual@1338177540{2014595350},3C_20_80-01.txt,4.194,0.500,2.097,1,13.875,661.58,13.875,25.094,0.000
9,ec.gp.GPIndividual@1338177540{2014595350},3C_20_80-01.txt,4.194,0.500,2.097,1,14.688,700.32,14.688,25.094,0.000
9,ec.gp.GPIndividual@1338177540{2014595350},3C_20_66-01.txt,7.322,0.500,3.661,4,5.609,153.22,1.402,25.094,0.000
9,ec.gp.GPIndividual@1338177540{2014595350},3C_20_80-01.txt,4.194,0.500,2.097,2,1.594,75.99,0.797,25.094,0.000
9,ec.gp.GPIndividual@1338177540{2014595350},3C_20_66-02.txt,154.245,0.500,77.122,4,2.063,2.67,0.516,25.094,0.000
9,ec.gp.GPIndividual@1338177540{2014595350},3C_20_80-02.txt,35.738,0.500,17.869,18,17.391,97.32,0.966,25.094,0.000
9,ec.gp.GPIndividual@1338177540{2014595350},3C_20_80-03.txt,169.439,0.500,84.719,4,3.391,4.00,0.848,25.094,0.000
9,ec.gp.GPIndividual@1338177540{2014595350},3C_20_66-03.txt,118.340,0.500,59.170,6,33.953,57.38,5.659,25.094,0.000
9,ec.gp.GPIndividual@1338177540{2014595350},3C_20_80-02.txt,35.738,0.500,17.869,1,18.891,105.72,18.891,25.094,0.000
9,ec.gp.GPIndividual@1338177540{2014595350},3C_20_80-01.txt,4.194,0.500,2.097,1,21.688,1034.10,21.688,25.094,0.000
9,ec.gp.GPIndividual@1265479345{-966474032},3C_20_50-02.txt,61.404,0.500,30.702,16,49.500,161.23,3.094,32.906,0.219
9,ec.gp.GPIndividual@1265479345{-966474032},3C_20_80-02.txt,35.738,0.500,17.869,5,9.703,54.30,1.941,32.906,0.000
9,ec.gp.GPIndividual@1265479345{-966474032},3C_20_50-03.txt,30.993,0.500,15.496,3,8.641,55.76,2.880,32.906,0.000
9,ec.gp.GPIndividual@1265479345{-966474032},3C_20_80-03.txt,169.439,0.500,84.719,3,6.672,7.88,2.224,32.906,0.000
9,ec.gp.GPIndividual@1265479345{-966474032},3C_20_80-02.txt,35.738,0.500,17.869,9,19.313,108.08,2.146,32.906,0.000
9,ec.gp.GPIndividual@906465539{1722942400},3C_20_50-02.txt,61.404,0.500,30.702,7,25.766,83.92,3.681,17.125,0.000
9,ec.gp.GPIndividual@906465539{1722942400},3C_20_66-02.txt,154.245,0.500,77.122,4,5.781,7.50,1.445,17.125,0.000
9,ec.gp.GPIndividual@906465539{1722942400},3C_20_50-03.txt,30.993,0.500,15.496,7,11.438,73.81,1.634,17.125,0.000
9,ec.gp.GPIndividual@906465539{1722942400},3C_20_66-03.txt,118.340,0.500,59.170,2,3.625,6.13,1.813,17.125,0.000
9,ec.gp.GPIndividual@906465539{1722942400},3C_20_66-01.txt,7.322,0.500,3.661,3,3.734,102.00,1.245,17.125,0.000
9,ec.gp.GPIndividual@906465539{1722942400},3C_20_66-02.txt,154.245,0.500,77.122,1,0.234,0.30,0.234,17.125,0.000
9,ec.gp.GPIndividual@906465539{1722942400},3C_20_80-01.txt,4.194,0.500,2.097,3,2.281,108.77,0.760,17.125,0.000
9,ec.gp.GPIndividual@906465539{1722942400},3C_20_80-02.txt,35.738,0.500,17.869,1,0.266,1.49,0.266,17.125,0.000
9,ec.gp.GPIndividual@906465539{1722942400},3C_20_66-03.txt,118.340,0.500,59.170,8,40.344,68.18,5.043,33.000,0.000
9,ec.gp.GPIndividual@762077966{290367753},3C_20_50-02.txt,61.404,0.500,30.702,6,14.266,46.46,2.378,11.047,0.000
9,ec.gp.GPIndividual@762077966{290367753},3C_20_50-03.txt,30.993,0.500,15.496,1,19.469,125.63,19.469,19.469,0.000
9,ec.gp.GPIndividual@762077966{290367753},3C_20_80-01.txt,4.194,0.500,2.097,2,2.375,113.24,1.188,19.469,0.000
9,ec.gp.GPIndividual@762077966{290367753},3C_20_80-02.txt,35.738,0.500,17.869,1,0.156,0.87,0.156,19.469,0.000
9,ec.gp.GPIndividual@762077966{290367753},3C_20_66-01.txt,7.322,0.500,3.661,2,21.656,591.52,10.828,21.313,0.000
9,ec.gp.GPIndividual@762077966{290367753},3C_20_80-03.txt,169.439,0.500,84.719,12,55.734,65.79,4.645,31.266,0.000
10,ec.gp.GPIndividual@2117874999{898462276},3C_20_50-02.txt,61.404,0.500,30.702,0,0.000,0.00,0.000,0.000,0.000
10,ec.gp.GPIndividual@1788305553{933544594},3C_20_50-03.txt,30.993,0.500,15.496,0,0.000,0.00,0.000,0.000,0.000
10,ec.gp.GPIndividual@1788305553{933544594},3C_20_50-03.txt,30.993,0.500,15.496,0,0.000,0.00,0.000,0.000,0.000
10,ec.gp.GPIndividual@1788305553{933544594},3C_20_66-01.txt,7.322,0.500,3.661,0,0.000,0.00,0.000,0.000,0.000
10,ec.gp.GPIndividual@1788305553{933544594},3C_20_66-01.txt,7.322,0.500,3.661,0,0.000,0.00,0.000,0.000,0.000
10,ec.gp.GPIndividual@1788305553{933544594},3C_20_66-02.txt,154.245,0.500,77.122,0,0.000,0.00,0.000,0.000,0.000
10,ec.gp.GPIndividual@1788305553{933544594},3C_20_66-03.txt,118.340,0.500,59.170,0,0.000,0.00,0.000,0.000,0.000
10,ec.gp.GPIndividual@1788305553{933544594},3C_20_66-03.txt,118.340,0.500,59.170,0,0.000,0.00,0.000,0.000,0.000
10,ec.gp.GPIndividual@1788305553{933544594},3C_20_80-01.txt,4.194,0.500,2.097,0,0.000,0.00,0.000,0.000,0.000
10,ec.gp.GPIndividual@1788305553{933544594},3C_20_80-01.txt,4.194,0.500,2.097,0,0.000,0.00,0.000,0.000,0.000
10,ec.gp.GPIndividual@1788305553{933544594},3C_20_66-03.txt,118.340,0.500,59.170,0,0.000,0.00,0.000,0.000,0.000
10,ec.gp.GPIndividual@1788305553{933544594},3C_20_66-03.txt,118.340,0.500,59.170,0,0.000,0.00,0.000,0.000,0.000
10,ec.gp.GPIndividual@1788305553{933544594},3C_20_80-01.txt,4.194,0.500,2.097,0,0.000,0.00,0.000,0.000,0.000
10,ec.gp.GPIndividual@1788305553{933544594},3C_20_80-01.txt,4.194,0.500,2.097,0,0.000,0.00,0.000,0.000,0.000
10,ec.gp.GPIndividual@566327892{393163159},3C_20_50-02.txt,61.404,0.500,30.702,0,0.000,0.00,0.000,0.000,0.000
10,ec.gp.GPIndividual@566327892{393163159},3C_20_80-03.txt,169.439,0.500,84.719,0,0.000,0.00,0.000,0.000,0.000
10,ec.gp.GPIndividual@1123812812{-1388679201},3C_20_50-02.txt,61.404,0.500,30.702,0,0.000,0.00,0.000,0.000,0.000
10,ec.gp.GPIndividual@1123812812{-1388679201},3C_20_50-03.txt,30.993,0.500,15.496,1,0.000,0.00,0.000,0.000,0.000
10,ec.gp.GPIndividual@1123812812{-1388679201},3C_20_66-01.txt,7.322,0.500,3.661,1,0.000,0.00,0.000,0.000,0.000
10,ec.gp.GPIndividual@1123812812{-1388679201},3C_20_66-02.txt,154.245,0.500,77.122,1,0.000,0.00,0.000,0.000,0.000
10,ec.gp.GPIndividual@1123812812{-1388679201},3C_20_66-03.txt,118.340,0.500,59.170,1,0.000,0.00,0.000,0.000,0.000
10,ec.gp.GPIndividual@1123812812{-1388679201},3C_20_80-01.txt,4.194,0.500,2.097,1,0.000,0.00,0.000,0.000,0.000
10,ec.gp.GPIndividual@1123812812{-1388679201},3C_20_80-02.txt,35.738,0.500,17.869,1,0.000,0.00,0.000,0.000,0.000
10,ec.gp.GPIndividual@1123812812{-1388679201},3C_20_80-03.txt,169.439,0.500,84.719,1,0.000,0.00,0.000,0.000,0.000
10,ec.gp.GPIndividual@225043410{369879193},3C_20_50-02.txt,61.404,0.500,30.702,20,30.141,98.17,1.507,2.719,0.000
10,ec.gp.GPIndividual@225043410{369879193},3C_20_50-03.txt,30.993,0.500,15.496,2,1.641,10.59,0.820,2.719,0.000
10,ec.gp.GPIndividual@225043410{369879193},3C_20_50-03.txt,30.993,0.500,15.496,2,2.719,17.54,1.359,2.719,0.000
10,ec.gp.GPIndividual@225043410{369879193},3C_20_50-03.txt,30.993,0.500,15.496,5,15.781,101.84,3.156,4.359,0.000
10,ec.gp.GPIndividual@225043410{369879193},3C_20_50-03.txt,30.993,0.500,15.496,1,1.078,6.96,1.078,4.359,0.000
10,ec.gp.GPIndividual@225043410{369879193},3C_20_66-01.txt,7.322,0.500,3.661,1,4.469,122.06,4.469,4.469,0.000
10,ec.gp.GPIndividual@225043410{369879193},3C_20_66-01.txt,7.322,0.500,3.661,1,3.922,107.12,3.922,4.469,0.000
10,ec.gp.GPIndividual@225043410{369879193},3C_20_66-01.txt,7.322,0.500,3.661,1,4.125,112.67,4.125,4.469,0.000
10,ec.gp.GPIndividual@225043410{369879193},3C_20_50-03.txt,30.993,0.500,15.496,5,8.750,56.47,1.750,5.156,0.000
10,ec.gp.GPIndividual@225043410{369879193},3C_20_50-03.txt,30.993,0.500,15.496,9,18.250,117.77,2.028,5.156,0.000
10,ec.gp.GPIndividual@225043410{369879193},3C_20_66-01.txt,7.322,0.500,3.661,2,1.219,33.29,0.609,5.156,0.000
10,ec.gp.GPIndividual@225043410{369879193},3C_20_66-02.txt,154.245,0.500,77.122,2,0.672,0.87,0.336,5.156,0.000
10,ec.gp.GPIndividual@225043410{369879193},3C_20_66-02.txt,154.245,0.500,77.122,2,1.906,2.47,0.953,5.156,0.000
10,ec.gp.GPIndividual@225043410{369879193},3C_20_66-02.txt,154.245,0.500,77.122,3,8.047,10.43,2.682,5.156,0.000
10,ec.gp.GPIndividual@225043410{369879193},3C_20_66-01.txt,7.322,0.500,3.661,3,3.922,107.12,1.307,5.156,0.000
10,ec.gp.GPIndividual@225043410{369879193},3C_20_66-02.txt,154.245,0.500,77.122,2,0.328,0.43,0.164,5.156,0.000
10,ec.gp.GPIndividual@225043410{369879193},3C_20_66-02.txt,154.245,0.500,77.122,2,3.453,4.48,1.727,5.156,0.000
10,ec.gp.GPIndividual@225043410{369879193},3C_20_66-03.txt,118.340,0.500,59.170,23,59.172,100.00,2.573,9.938,0.000
10,ec.gp.GPIndividual@225043410{369879193},3C_20_66-01.txt,7.322,0.500,3.661,1,7.047,192.48,7.047,9.938,0.000
10,ec.gp.GPIndividual@225043410{369879193},3C_20_66-03.txt,118.340,0.500,59.170,2,9.766,16.50,4.883,9.938,0.000
10,ec.gp.GPIndividual@225043410{369879193},3C_20_66-03.txt,118.340,0.500,59.170,2,7.750,13.10,3.875,9.938,0.000
10,ec.gp.GPIndividual@225043410{369879193},3C_20_66-03.txt,118.340,0.500,59.170,2,4.016,6.79,2.008,9.938,0.000
10,ec.gp.GPIndividual@225043410{369879193},3C_20_80-01.txt,4.194,0.500,2.097,2,11.266,537.16,5.633,10.219,0.000
10,ec.gp.GPIndividual@225043410{369879193},3C_20_66-03.txt,118.340,0.500,59.170,1,0.453,0.77,0.453,10.219,0.000
10,ec.gp.GPIndividual@225043410{369879193},3C_20_66-02.txt,154.245,0.500,77.122,2,0.984,1.28,0.492,10.219,0.000
10,ec.gp.GPIndividual@225043410{369879193},3C_20_80-02.txt,35.738,0.500,17.869,6,19.641,109.91,3.273,10.219,0.000
10,ec.gp.GPIndividual@225043410{369879193},3C_20_80-01.txt,4.194,0.500,2.097,1,5.953,283.85,5.953,10.219,0.000
10,ec.gp.GPIndividual@225043410{369879193},3C_20_80-01.txt,4.194,0.500,2.097,1,5.813,277.15,5.813,10.219,0.000
10,ec.gp.GPIndividual@225043410{369879193},3C_20_80-01.txt,4.194,0.500,2.097,2,3.016,143.79,1.508,10.219,0.000
10,ec.gp.GPIndividual@225043410{369879193},3C_20_80-03.txt,169.439,0.500,84.719,2,0.297,0.35,0.148,10.219,0.000
10,ec.gp.GPIndividual@225043410{369879193},3C_20_66-03.txt,118.340,0.500,59.170,4,4.422,7.47,1.105,10.219,0.000
10,ec.gp.GPIndividual@225043410{369879193},3C_20_80-01.txt,4.194,0.500,2.097,2,2.438,116.22,1.219,10.219,0.000
10,ec.gp.GPIndividual@225043410{369879193},3C_20_80-02.txt,35.738,0.500,17.869,4,2.391,13.38,0.598,10.219,0.000
10,ec.gp.GPIndividual@225043410{369879193},3C_20_80-02.txt,35.738,0.500,17.869,9,23.484,131.42,2.609,10.219,0.000
10,ec.gp.GPIndividual@225043410{369879193},3C_20_80-01.txt,4.194,0.500,2.097,1,0.359,17.14,0.359,10.219,0.000
10,ec.gp.GPIndividual@39076007{841342611},3C_20_50-02.txt,61.404,0.500,30.702,0,0.000,0.00,0.000,0.000,0.000
10,ec.gp.GPIndividual@39076007{841342611},3C_20_50-03.txt,30.993,0.500,15.496,0,0.000,0.00,0.000,0.000,0.000
10,ec.gp.GPIndividual@39076007{841342611},3C_20_66-01.txt,7.322,0.500,3.661,0,0.000,0.00,0.000,0.000,0.000
10,ec.gp.GPIndividual@39076007{841342611},3C_20_66-02.txt,154.245,0.500,77.122,0,0.000,0.00,0.000,0.000,0.000
10,ec.gp.GPIndividual@39076007{841342611},3C_20_66-03.txt,118.340,0.500,59.170,0,0.000,0.00,0.000,0.000,0.000
10,ec.gp.GPIndividual@39076007{841342611},3C_20_80-01.txt,4.194,0.500,2.097,0,0.000,0.00,0.000,0.000,0.000
10,ec.gp.GPIndividual@39076007{841342611},3C_20_80-02.txt,35.738,0.500,17.869,0,0.000,0.00,0.000,0.000,0.000
10,ec.gp.GPIndividual@39076007{841342611},3C_20_80-03.txt,169.439,0.500,84.719,0,0.000,0.00,0.000,0.000,0.000
10,ec.gp.GPIndividual@126376508{-387694579},3C_20_50-02.txt,61.404,0.500,30.702,12,18.703,60.92,1.559,3.875,0.000
10,ec.gp.GPIndividual@126376508{-387694579},3C_20_80-02.txt,35.738,0.500,17.869,11,17.625,98.63,1.602,3.875,0.000
10,ec.gp.GPIndividual@126376508{-387694579},3C_20_80-03.txt,169.439,0.500,84.719,4,7.344,8.67,1.836,3.875,0.000
10,ec.gp.GPIndividual@126376508{-387694579},3C_20_80-02.txt,35.738,0.500,17.869,3,6.219,34.80,2.073,5.078,0.000
10,ec.gp.GPIndividual@126376508{-387694579},3C_20_80-03.txt,169.439,0.500,84.719,2,5.766,6.81,2.883,5.766,0.000
10,ec.gp.GPIndividual@126376508{-387694579},3C_20_80-03.txt,169.439,0.500,84.719,12,52.891,62.43,4.408,21.344,0.000
10,ec.gp.GPIndividual@126376508{-387694579},3C_20_80-03.txt,169.439,0.500,84.719,1,22.203,26.21,22.203,22.203,0.000
10,ec.gp.GPIndividual@1222458828{-245468612},3C_20_50-02.txt,61.404,0.500,30.702,0,0.000,0.00,0.000,0.000,0.000
10,ec.gp.GPIndividual@1222458828{-245468612},3C_20_50-03.txt,30.993,0.500,15.496,0,0.000,0.00,0.000,0.000,0.000
10,ec.gp.GPIndividual@1222458828{-245468612},3C_20_66-01.txt,7.322,0.500,3.661,0,0.000,0.00,0.000,0.000,0.000
10,ec.gp.GPIndividual@1222458828{-245468612},3C_20_66-02.txt,154.245,0.500,77.122,0,0.000,0.00,0.000,0.000,0.000
10,ec.gp.GPIndividual@1222458828{-245468612},3C_20_66-03.txt,118.340,0.500,59.170,0,0.000,0.00,0.000,0.000,0.000
10,ec.gp.GPIndividual@1222458828{-245468612},3C_20_80-01.txt,4.194,0.500,2.097,0,0.000,0.00,0.000,0.000,0.000
10,ec.gp.GPIndividual@1222458828{-245468612},3C_20_80-02.txt,35.738,0.500,17.869,0,0.000,0.00,0.000,0.000,0.000
10,ec.gp.GPIndividual@1222458828{-245468612},3C_20_80-03.txt,169.439,0.500,84.719,0,0.000,0.00,0.000,0.000,0.000
10,ec.gp.GPIndividual@1963175752{1801589874},3C_20_50-02.txt,61.404,0.500,30.702,0,0.000,0.00,0.000,0.000,0.000
10,ec.gp.GPIndividual@1963175752{1801589874},3C_20_50-03.txt,30.993,0.500,15.496,0,0.000,0.00,0.000,0.000,0.000
10,ec.gp.GPIndividual@1963175752{1801589874},3C_20_66-01.txt,7.322,0.500,3.661,0,0.000,0.00,0.000,0.000,0.000
10,ec.gp.GPIndividual@1963175752{1801589874},3C_20_66-02.txt,154.245,0.500,77.122,0,0.000,0.00,0.000,0.000,0.000
10,ec.gp.GPIndividual@1963175752{1801589874},3C_20_66-03.txt,118.340,0.500,59.170,0,0.000,0.00,0.000,0.000,0.000
10,ec.gp.GPIndividual@1963175752{1801589874},3C_20_80-01.txt,4.194,0.500,2.097,0,0.000,0.00,0.000,0.000,0.000
10,ec.gp.GPIndividual@1963175752{1801589874},3C_20_80-02.txt,35.738,0.500,17.869,0,0.000,0.00,0.000,0.000,0.000
10,ec.gp.GPIndividual@1963175752{1801589874},3C_20_80-03.txt,169.439,0.500,84.719,0,0.000,0.00,0.000,0.000,0.000
10,ec.gp.GPIndividual@1580619924{600229009},3C_20_50-02.txt,61.404,0.500,30.702,2,28.047,91.35,14.023,27.750,0.297
10,ec.gp.GPIndividual@265739601{848851660},3C_20_50-02.txt,61.404,0.500,30.702,0,0.000,0.00,0.000,0.000,0.000
10,ec.gp.GPIndividual@265739601{848851660},3C_20_50-03.txt,30.993,0.500,15.496,0,0.000,0.00,0.000,0.000,0.000
10,ec.gp.GPIndividual@265739601{848851660},3C_20_66-01.txt,7.322,0.500,3.661,0,0.000,0.00,0.000,0.000,0.000
10,ec.gp.GPIndividual@265739601{848851660},3C_20_66-02.txt,154.245,0.500,77.122,0,0.000,0.00,0.000,0.000,0.000
10,ec.gp.GPIndividual@265739601{848851660},3C_20_66-03.txt,118.340,0.500,59.170,0,0.000,0.00,0.000,0.000,0.000
10,ec.gp.GPIndividual@265739601{848851660},3C_20_80-01.txt,4.194,0.500,2.097,0,0.000,0.00,0.000,0.000,0.000
10,ec.gp.GPIndividual@265739601{848851660},3C_20_80-02.txt,35.738,0.500,17.869,0,0.000,0.00,0.000,0.000,0.000
10,ec.gp.GPIndividual@265739601{848851660},3C_20_80-03.txt,169.439,0.500,84.719,0,0.000,0.00,0.000,0.000,0.000
10,ec.gp.GPIndividual@1822645449{-2046883524},3C_20_50-02.txt,61.404,0.500,30.702,6,41.844,136.29,6.974,30.172,0.313
10,ec.gp.GPIndividual@1822645449{-2046883524},3C_20_80-02.txt,35.738,0.500,17.869,8,18.094,101.26,2.262,30.172,0.313
10,ec.gp.GPIndividual@1822645449{-2046883524},3C_20_66-01.txt,7.322,0.500,3.661,4,2.641,72.13,0.660,30.172,0.000
10,ec.gp.GPIndividual@1822645449{-2046883524},3C_20_80-03.txt,169.439,0.500,84.719,1,1.188,1.40,1.188,30.172,0.000
10,ec.gp.GPIndividual@1822645449{-2046883524},3C_20_66-02.txt,154.245,0.500,77.122,2,2.625,3.40,1.313,30.172,0.000
10,ec.gp.GPIndividual@1822645449{-2046883524},3C_20_50-03.txt,30.993,0.500,15.496,2,3.672,23.70,1.836,30.172,0.000
10,ec.gp.GPIndividual@1822645449{-2046883524},3C_20_50-03.txt,30.993,0.500,15.496,1,8.328,53.74,8.328,30.172,0.000
10,ec.gp.GPIndividual@238769244{-862657824},3C_20_50-02.txt,61.404,0.500,30.702,0,0.000,0.00,0.000,0.000,0.000
10,ec.gp.GPIndividual@238769244{-862657824},3C_20_50-03.txt,30.993,0.500,15.496,0,0.000,0.00,0.000,0.000,0.000
10,ec.gp.GPIndividual@238769244{-862657824},3C_20_66-01.txt,7.322,0.500,3.661,0,0.000,0.00,0.000,0.000,0.000
10,ec.gp.GPIndividual@238769244{-862657824},3C_20_66-02.txt,154.245,0.500,77.122,0,0.000,0.00,0.000,0.000,0.000
10,ec.gp.GPIndividual@238769244{-862657824},3C_20_66-03.txt,118.340,0.500,59.170,0,0.000,0.00,0.000,0.000,0.000
10,ec.gp.GPIndividual@238769244{-862657824},3C_20_80-01.txt,4.194,0.500,2.097,0,0.000,0.00,0.000,0.000,0.000
10,ec.gp.GPIndividual@238769244{-862657824},3C_20_80-02.txt,35.738,0.500,17.869,0,0.000,0.00,0.000,0.000,0.000
10,ec.gp.GPIndividual@238769244{-862657824},3C_20_80-03.txt,169.439,0.500,84.719,0,0.000,0.00,0.000,0.000,0.000
10,ec.gp.GPIndividual@1583710532{-383105617},3C_20_50-02.txt,61.404,0.500,30.702,15,30.375,98.93,2.025,6.047,0.000
10,ec.gp.GPIndividual@1583710532{-383105617},3C_20_66-01.txt,7.322,0.500,3.661,1,6.063,165.59,6.063,6.063,0.000
10,ec.gp.GPIndividual@1583710532{-383105617},3C_20_66-01.txt,7.322,0.500,3.661,1,5.469,149.37,5.469,6.063,0.000
10,ec.gp.GPIndividual@2031858864{39780260},3C_20_50-02.txt,61.404,0.500,30.702,0,0.000,0.00,0.000,0.000,0.000
10,ec.gp.GPIndividual@2031858864{39780260},3C_20_50-03.txt,30.993,0.500,15.496,0,0.000,0.00,0.000,0.000,0.000
10,ec.gp.GPIndividual@2031858864{39780260},3C_20_66-01.txt,7.322,0.500,3.661,0,0.000,0.00,0.000,0.000,0.000
10,ec.gp.GPIndividual@2031858864{39780260},3C_20_66-02.txt,154.245,0.500,77.122,0,0.000,0.00,0.000,0.000,0.000
10,ec.gp.GPIndividual@2031858864{39780260},3C_20_66-03.txt,118.340,0.500,59.170,0,0.000,0.00,0.000,0.000,0.000
10,ec.gp.GPIndividual@2031858864{39780260},3C_20_80-01.txt,4.194,0.500,2.097,0,0.000,0.00,0.000,0.000,0.000
10,ec.gp.GPIndividual@2031858864{39780260},3C_20_80-02.txt,35.738,0.500,17.869,0,0.000,0.00,0.000,0.000,0.000
10,ec.gp.GPIndividual@2031858864{39780260},3C_20_80-03.txt,169.439,0.500,84.719,0,0.000,0.00,0.000,0.000,0.000
10,ec.gp.GPIndividual@1931394329{896079850},3C_20_50-02.txt,61.404,0.500,30.702,2,2.688,8.75,1.344,2.688,0.000
10,ec.gp.GPIndividual@1931394329{896079850},3C_20_50-03.txt,30.993,0.500,15.496,3,4.016,25.91,1.339,3.672,0.000
10,ec.gp.GPIndividual@1931394329{896079850},3C_20_66-03.txt,118.340,0.500,59.170,18,52.594,88.89,2.922,14.875,0.000
10,ec.gp.GPIndividual@1931394329{896079850},3C_20_50-03.txt,30.993,0.500,15.496,2,13.766,88.83,6.883,14.875,0.000
10,ec.gp.GPIndividual@1931394329{896079850},3C_20_80-01.txt,4.194,0.500,2.097,1,17.609,839.64,17.609,17.609,0.000
10,ec.gp.GPIndividual@1931394329{896079850},3C_20_66-02.txt,154.245,0.500,77.122,9,35.953,46.62,3.995,17.734,0.000
10,ec.gp.GPIndividual@1931394329{896079850},3C_20_66-01.txt,7.322,0.500,3.661,4,2.859,78.10,0.715,17.734,0.000
10,ec.gp.GPIndividual@1931394329{896079850},3C_20_66-03.txt,118.340,0.500,59.170,13,55.375,93.59,4.260,23.828,0.000
10,ec.gp.GPIndividual@1931394329{896079850},3C_20_66-02.txt,154.245,0.500,77.122,2,14.906,19.33,7.453,23.828,0.000
10,ec.gp.GPIndividual@1931394329{896079850},3C_20_80-02.txt,35.738,0.500,17.869,2,21.156,118.40,10.578,23.828,0.000
10,ec.gp.GPIndividual@1931394329{896079850},3C_20_66-02.txt,154.245,0.500,77.122,2,11.141,14.45,5.570,23.828,0.000
10,ec.gp.GPIndividual@1931394329{896079850},3C_20_66-01.txt,7.322,0.500,3.661,1,13.922,380.27,13.922,23.828,0.000
10,ec.gp.GPIndividual@1931394329{896079850},3C_20_80-01.txt,4.194,0.500,2.097,2,2.516,119.95,1.258,23.828,0.000
10,ec.gp.GPIndividual@1931394329{896079850},3C_20_80-03.txt,169.439,0.500,84.719,3,1.359,1.60,0.453,23.828,0.000
10,ec.gp.GPIndividual@1931394329{896079850},3C_20_66-03.txt,118.340,0.500,59.170,20,46.625,78.80,2.331,23.828,0.000
10,ec.gp.GPIndividual@1931394329{896079850},3C_20_66-03.txt,118.340,0.500,59.170,2,11.781,19.91,5.891,23.828,0.000
10,ec.gp.GPIndividual@1931394329{896079850},3C_20_80-01.txt,4.194,0.500,2.097,2,11.281,537.91,5.641,23.828,0.000
10,ec.gp.GPIndividual@1931394329{896079850},3C_20_80-02.txt,35.738,0.500,17.869,1,0.578,3.24,0.578,23.828,0.000
10,ec.gp.GPIndividual@1931394329{896079850},3C_20_80-02.txt,35.738,0.500,17.869,1,17.500,97.93,17.500,23.828,0.000
10,ec.gp.GPIndividual@1447702964{1743809773},3C_20_50-02.txt,61.404,0.500,30.702,5,23.813,77.56,4.763,20.031,0.000
10,ec.gp.GPIndividual@1447702964{1743809773},3C_20_66-02.txt,154.245,0.500,77.122,20,49.188,63.78,2.459,20.594,0.000
10,ec.gp.GPIndividual@1447702964{1743809773},3C_20_50-03.txt,30.993,0.500,15.496,1,21.422,138.24,21.422,21.422,0.000
10,ec.gp.GPIndividual@1447702964{1743809773},3C_20_80-03.txt,169.439,0.500,84.719,2,23.047,27.20,11.523,23.047,0.000
10,ec.gp.GPIndividual@1447702964{1743809773},3C_20_80-01.txt,4.194,0.500,2.097,1,19.453,927.56,19.453,23.047,0.000
10,ec.gp.GPIndividual@1447702964{1743809773},3C_20_66-03.txt,118.340,0.500,59.170,2,22.438,37.92,11.219,23.047,0.000
10,ec.gp.GPIndividual@1447702964{1743809773},3C_20_80-03.txt,169.439,0.500,84.719,16,65.484,77.30,4.093,23.047,0.000
10,ec.gp.GPIndividual@1447702964{1743809773},3C_20_80-01.txt,4.194,0.500,2.097,2,1.516,72.27,0.758,23.047,0.000
10,ec.gp.GPIndividual@1447702964{1743809773},3C_20_80-02.txt,35.738,0.500,17.869,1,19.188,107.38,19.188,23.047,0.000
10,ec.gp.GPIndividual@1447702964{1743809773},3C_20_80-02.txt,35.738,0.500,17.869,1,25.594,143.23,25.594,25.594,0.000
10,ec.gp.GPIndividual@1773654939{1365856973},3C_20_50-02.txt,61.404,0.500,30.702,9,52.906,172.32,5.878,29.547,0.250
10,ec.gp.GPIndividual@2013818309{-1867369930},3C_20_50-02.txt,61.404,0.500,30.702,14,27.891,90.84,1.992,5.438,0.000
10,ec.gp.GPIndividual@2013818309{-1867369930},3C_20_50-03.txt,30.993,0.500,15.496,2,6.141,39.63,3.070,6.141,0.000
10,ec.gp.GPIndividual@2013818309{-1867369930},3C_20_80-03.txt,169.439,0.500,84.719,2,6.734,7.95,3.367,6.734,0.000
10,ec.gp.GPIndividual@2013818309{-1867369930},3C_20_66-01.txt,7.322,0.500,3.661,2,3.344,91.33,1.672,6.734,0.000
10,ec.gp.GPIndividual@2013818309{-1867369930},3C_20_50-03.txt,30.993,0.500,15.496,4,10.781,69.57,2.695,8.828,0.000
10,ec.gp.GPIndividual@2013818309{-1867369930},3C_20_80-03.txt,169.439,0.500,84.719,12,87.438,103.21,7.286,27.406,0.000
10,ec.gp.GPIndividual@2013818309{-1867369930},3C_20_66-01.txt,7.322,0.500,3.661,3,28.344,774.19,9.448,27.406,0.000
10,ec.gp.GPIndividual@1783438071{-883451564},3C_20_50-02.txt,61.404,0.500,30.702,2,1.109,3.61,0.555,1.109,0.000
10,ec.gp.GPIndividual@1783438071{-883451564},3C_20_66-02.txt,154.245,0.500,77.122,2,1.125,1.46,0.563,1.109,0.000
10,ec.gp.GPIndividual@1783438071{-883451564},3C_20_66-02.txt,154.245,0.500,77.122,2,18.656,24.19,9.328,18.656,0.000
10,ec.gp.GPIndividual@1783438071{-883451564},3C_20_66-01.txt,7.322,0.500,3.661,1,30.406,830.52,30.406,30.406,0.000
10,ec.gp.GPIndividual@283114901{780834322},3C_20_50-02.txt,61.404,0.500,30.702,23,29.719,96.80,1.292,2.484,0.000
10,ec.gp.GPIndividual@283114901{780834322},3C_20_66-03.txt,118.340,0.500,59.170,2,1.188,2.01,0.594,2.484,0.000
10,ec.gp.GPIndividual@283114901{780834322},3C_20_50-03.txt,30.993,0.500,15.496,2,3.281,21.17,1.641,3.281,0.000
10,ec.gp.GPIndividual@283114901{780834322},3C_20_50-03.txt,30.993,0.500,15.496,2,2.234,14.42,1.117,3.281,0.000
10,ec.gp.GPIndividual@283114901{780834322},3C_20_66-03.txt,118.340,0.500,59.170,2,4.609,7.79,2.305,4.609,0.000
10,ec.gp.GPIndividual@283114901{780834322},3C_20_66-02.txt,154.245,0.500,77.122,17,64.203,83.25,3.777,8.766,0.000
10,ec.gp.GPIndividual@283114901{780834322},3C_20_66-01.txt,7.322,0.500,3.661,2,20.016,546.71,10.008,19.266,0.000
10,ec.gp.GPIndividual@283114901{780834322},3C_20_80-01.txt,4.194,0.500,2.097,1,1.203,57.37,1.203,19.266,0.000
10,ec.gp.GPIndividual@283114901{780834322},3C_20_66-02.txt,154.245,0.500,77.122,2,20.297,26.32,10.148,20.297,0.000
10,ec.gp.GPIndividual@283114901{780834322},3C_20_66-03.txt,118.340,0.500,59.170,2,11.906,20.12,5.953,20.297,0.000
10,ec.gp.GPIndividual@283114901{780834322},3C_20_66-01.txt,7.322,0.500,3.661,1,20.844,569.33,20.844,20.844,0.000
10,ec.gp.GPIndividual@283114901{780834322},3C_20_80-01.txt,4.194,0.500,2.097,3,2.016,96.11,0.672,20.844,0.000
10,ec.gp.GPIndividual@283114901{780834322},3C_20_66-02.txt,154.245,0.500,77.122,2,1.453,1.88,0.727,20.844,0.000
10,ec.gp.GPIndividual@283114901{780834322},3C_20_80-02.txt,35.738,0.500,17.869,12,18.703,104.67,1.559,20.844,0.000
10,ec.gp.GPIndividual@283114901{780834322},3C_20_80-03.txt,169.439,0.500,84.719,2,0.266,0.31,0.133,20.844,0.000
10,ec.gp.GPIndividual@283114901{780834322},3C_20_66-03.txt,118.340,0.500,59.170,2,2.000,3.38,1.000,20.844,0.000
10,ec.gp.GPIndividual@283114901{780834322},3C_20_80-01.txt,4.194,0.500,2.097,1,2.922,139.32,2.922,20.844,0.000
10,ec.gp.GPIndividual@283114901{780834322},3C_20_80-02.txt,35.738,0.500,17.869,10,18.781,105.10,1.878,20.844,0.000
10,ec.gp.GPIndividual@283114901{780834322},3C_20_80-01.txt,4.194,0.500,2.097,3,2.188,104.30,0.729,20.844,0.000
10,ec.gp.GPIndividual@283114901{780834322},3C_20_80-02.txt,35.738,0.500,17.869,2,0.406,2.27,0.203,20.844,0.000
10,ec.gp.GPIndividual@283114901{780834322},3C_20_80-03.txt,169.439,0.500,84.719,2,5.172,6.10,2.586,20.844,0.000
10,ec.gp.GPIndividual@1958386900{402213016},3C_20_50-02.txt,61.404,0.500,30.702,4,5.984,19.49,1.496,4.828,0.000
10,ec.gp.GPIndividual@1958386900{402213016},3C_20_66-03.txt,118.340,0.500,59.170,15,41.750,70.56,2.783,13.531,0.000
10,ec.gp.GPIndividual@1958386900{402213016},3C_20_80-03.txt,169.439,0.500,84.719,2,14.125,16.67,7.063,14.125,0.000
10,ec.gp.GPIndividual@1958386900{402213016},3C_20_50-03.txt,30.993,0.500,15.496,2,12.453,80.36,6.227,14.125,0.000
10,ec.gp.GPIndividual@1958386900{402213016},3C_20_80-01.txt,4.194,0.500,2.097,1,17.453,832.19,17.453,17.453,0.000
10,ec.gp.GPIndividual@1802322818{-546313722},3C_20_50-02.txt,61.404,0.500,30.702,5,21.484,69.98,4.297,19.406,0.000
10,ec.gp.GPIndividual@1802322818{-546313722},3C_20_80-02.txt,35.738,0.500,17.869,9,16.859,94.35,1.873,19.406,0.000
10,ec.gp.GPIndividual@1802322818{-546313722},3C_20_50-03.txt,30.993,0.500,15.496,1,2.891,18.65,2.891,19.406,0.000
10,ec.gp.GPIndividual@1089789488{1110424847},3C_20_50-02.txt,61.404,0.500,30.702,7,13.172,42.90,1.882,5.203,0.391
10,ec.gp.GPIndividual@1089789488{1110424847},3C_20_66-01.txt,7.322,0.500,3.661,3,4.328,118.22,1.443,5.203,0.391
10,ec.gp.GPIndividual@1089789488{1110424847},3C_20_80-03.txt,169.439,0.500,84.719,3,3.734,4.41,1.245,5.203,0.000
10,ec.gp.GPIndividual@1089789488{1110424847},3C_20_80-02.txt,35.738,0.500,17.869,12,17.563,98.28,1.464,5.203,0.000
10,ec.gp.GPIndividual@1089789488{1110424847},3C_20_80-03.txt,169.439,0.500,84.719,2,6.063,7.16,3.031,5.328,0.000
10,ec.gp.GPIndividual@28443331{-556241796},3C_20_50-02.txt,61.404,0.500,30.702,2,3.250,10.59,1.625,3.250,0.000
10,ec.gp.GPIndividual@28443331{-556241796},3C_20_50-03.txt,30.993,0.500,15.496,3,4.422,28.54,1.474,4.141,0.000
10,ec.gp.GPIndividual@28443331{-556241796},3C_20_66-02.txt,154.245,0.500,77.122,17,69.266,89.81,4.074,21.016,0.000
10,ec.gp.GPIndividual@28443331{-556241796},3C_20_66-01.txt,7.322,0.500,3.661,1,19.953,545.00,19.953,21.016,0.000
10,ec.gp.GPIndividual@28443331{-556241796},3C_20_66-03.txt,118.340,0.500,59.170,3,27.500,46.48,9.167,25.625,0.000
10,ec.gp.GPIndividual@2064967077{1375355507},3C_20_50-02.txt,61.404,0.500,30.702,3,24.063,78.37,8.021,23.766,0.000
10,ec.gp.GPIndividual@2064967077{1375355507},3C_20_50-03.txt,30.993,0.500,15.496,2,2.375,15.33,1.188,23.766,0.000
10,ec.gp.GPIndividual@2064967077{1375355507},3C_20_50-03.txt,30.993,0.500,15.496,5,15.906,102.65,3.181,23.766,0.000
10,ec.gp.GPIndividual@2064967077{1375355507},3C_20_80-01.txt,4.194,0.500,2.097,1,1.063,50.66,1.063,23.766,0.000
10,ec.gp.GPIndividual@2064967077{1375355507},3C_20_66-01.txt,7.322,0.500,3.661,1,11.625,317.53,11.625,23.766,0.000
10,ec.gp.GPIndividual@2064967077{1375355507},3C_20_66-01.txt,7.322,0.500,3.661,1,2.547,69.57,2.547,23.766,0.000
10,ec.gp.GPIndividual@2064967077{1375355507},3C_20_66-01.txt,7.322,0.500,3.661,5,3.516,96.03,0.703,23.766,0.000
10,ec.gp.GPIndividual@2064967077{1375355507},3C_20_66-02.txt,154.245,0.500,77.122,1,0.422,0.55,0.422,23.766,0.000
10,ec.gp.GPIndividual@2064967077{1375355507},3C_20_66-02.txt,154.245,0.500,77.122,2,5.813,7.54,2.906,23.766,0.000
10,ec.gp.GPIndividual@2064967077{1375355507},3C_20_66-02.txt,154.245,0.500,77.122,1,0.844,1.09,0.844,23.766,0.000
10,ec.gp.GPIndividual@2064967077{1375355507},3C_20_66-02.txt,154.245,0.500,77.122,11,12.797,16.59,1.163,23.766,0.000
10,ec.gp.GPIndividual@2064967077{1375355507},3C_20_66-03.txt,118.340,0.500,59.170,14,24.672,41.70,1.762,23.766,0.000
10,ec.gp.GPIndividual@2064967077{1375355507},3C_20_80-01.txt,4.194,0.500,2.097,2,1.469,70.03,0.734,23.766,0.000
10,ec.gp.GPIndividual@2064967077{1375355507},3C_20_80-02.txt,35.738,0.500,17.869,2,2.922,16.35,1.461,23.766,0.000
10,ec.gp.GPIndividual@2064967077{1375355507},3C_20_80-03.txt,169.439,0.500,84.719,3,20.063,23.68,6.688,23.766,0.000
10,ec.gp.GPIndividual@2064967077{1375355507},3C_20_80-02.txt,35.738,0.500,17.869,1,18.313,102.48,18.313,23.766,0.000
10,ec.gp.GPIndividual@2064967077{1375355507},3C_20_66-03.txt,118.340,0.500,59.170,2,18.922,31.98,9.461,23.766,0.000
10,ec.gp.GPIndividual@2064967077{1375355507},3C_20_66-03.txt,118.340,0.500,59.170,2,19.359,32.72,9.680,23.766,0.000
10,ec.gp.GPIndividual@2064967077{1375355507},3C_20_66-03.txt,118.340,0.500,59.170,15,52.719,89.10,3.515,23.766,0.000
10,ec.gp.GPIndividual@2064967077{1375355507},3C_20_80-01.txt,4.194,0.500,2.097,1,15.906,758.44,15.906,23.766,0.000
10,ec.gp.GPIndividual@2064967077{1375355507},3C_20_80-03.txt,169.439,0.500,84.719,2,14.781,17.45,7.391,23.766,0.000
10,ec.gp.GPIndividual@2064967077{1375355507},3C_20_80-01.txt,4.194,0.500,2.097,2,1.438,68.54,0.719,23.766,0.000
10,ec.gp.GPIndividual@2064967077{1375355507},3C_20_80-02.txt,35.738,0.500,17.869,5,11.391,63.74,2.278,23.766,0.000
10,ec.gp.GPIndividual@2064967077{1375355507},3C_20_80-01.txt,4.194,0.500,2.097,2,2.250,107.28,1.125,23.766,0.000
10,ec.gp.GPIndividual@2064967077{1375355507},3C_20_80-02.txt,35.738,0.500,17.869,2,0.578,3.24,0.289,23.766,0.000
10,ec.gp.GPIndividual@2064967077{1375355507},3C_20_80-03.txt,169.439,0.500,84.719,3,5.453,6.44,1.818,23.766,0.000
10,ec.gp.GPIndividual@2064967077{1375355507},3C_20_80-02.txt,35.738,0.500,17.869,1,31.984,178.99,31.984,31.984,0.000
11,ec.gp.GPIndividual@693656142{1577280288},3C_20_50-02.txt,61.404,0.500,30.702,0,0.000,0.00,0.000,0.000,0.000
11,ec.gp.GPIndividual@693656142{1577280288},3C_20_50-03.txt,30.993,0.500,15.496,0,0.000,0.00,0.000,0.000,0.000
11,ec.gp.GPIndividual@693656142{1577280288},3C_20_66-01.txt,7.322,0.500,3.661,0,0.000,0.00,0.000,0.000,0.000
11,ec.gp.GPIndividual@693656142{1577280288},3C_20_66-02.txt,154.245,0.500,77.122,0,0.000,0.00,0.000,0.000,0.000
11,ec.gp.GPIndividual@693656142{1577280288},3C_20_66-03.txt,118.340,0.500,59.170,0,0.000,0.00,0.000,0.000,0.000
11,ec.gp.GPIndividual@693656142{1577280288},3C_20_80-01.txt,4.194,0.500,2.097,0,0.000,0.00,0.000,0.000,0.000
11,ec.gp.GPIndividual@693656142{1577280288},3C_20_80-02.txt,35.738,0.500,17.869,0,0.000,0.00,0.000,0.000,0.000
11,ec.gp.GPIndividual@693656142{1577280288},3C_20_80-03.txt,169.439,0.500,84.719,0,0.000,0.00,0.000,0.000,0.000
11,ec.gp.GPIndividual@1646183259{80262464},3C_20_50-02.txt,61.404,0.500,30.702,20,30.016,97.76,1.501,2.844,0.000
11,ec.gp.GPIndividual@1646183259{80262464},3C_20_50-03.txt,30.993,0.500,15.496,2,1.813,11.70,0.906,2.844,0.000
11,ec.gp.GPIndividual@1646183259{80262464},3C_20_50-03.txt,30.993,0.500,15.496,5,11.656,75.22,2.331,3.000,0.000
11,ec.gp.GPIndividual@1646183259{80262464},3C_20_50-03.txt,30.993,0.500,15.496,3,7.047,45.47,2.349,4.328,0.000
11,ec.gp.GPIndividual@1646183259{80262464},3C_20_50-03.txt,30.993,0.500,15.496,3,8.266,53.34,2.755,4.328,0.000
11,ec.gp.GPIndividual@1646183259{80262464},3C_20_50-03.txt,30.993,0.500,15.496,2,5.047,32.57,2.523,5.047,0.000
11,ec.gp.GPIndividual@1646183259{80262464},3C_20_50-03.txt,30.993,0.500,15.496,2,9.422,60.80,4.711,5.047,0.000
11,ec.gp.GPIndividual@1646183259{80262464},3C_20_66-01.txt,7.322,0.500,3.661,1,4.531,123.77,4.531,5.047,0.000
11,ec.gp.GPIndividual@1646183259{80262464},3C_20_66-01.txt,7.322,0.500,3.661,1,4.516,123.34,4.516,5.047,0.000
11,ec.gp.GPIndividual@1646183259{80262464},3C_20_66-01.txt,7.322,0.500,3.661,1,4.141,113.10,4.141,5.047,0.000
11,ec.gp.GPIndividual@1646183259{80262464},3C_20_66-01.txt,7.322,0.500,3.661,4,4.328,118.22,1.082,5.047,0.000
11,ec.gp.GPIndividual@1646183259{80262464},3C_20_66-02.txt,154.245,0.500,77.122,1,0.703,0.91,0.703,5.047,0.000
11,ec.gp.GPIndividual@1646183259{80262464},3C_20_66-02.txt,154.245,0.500,77.122,1,4.391,5.69,4.391,5.047,0.000
11,ec.gp.GPIndividual@1646183259{80262464},3C_20_66-01.txt,7.322,0.500,3.661,1,4.391,119.93,4.391,5.047,0.000
11,ec.gp.GPIndividual@1646183259{80262464},3C_20_66-01.txt,7.322,0.500,3.661,1,0.234,6.40,0.234,5.047,0.000
11,ec.gp.GPIndividual@1646183259{80262464},3C_20_66-02.txt,154.245,0.500,77.122,1,1.094,1.42,1.094,5.047,0.000
11,ec.gp.GPIndividual@1646183259{80262464},3C_20_66-02.txt,154.245,0.500,77.122,30,56.906,73.79,1.897,13.672,0.000
11,ec.gp.GPIndividual@1646183259{80262464},3C_20_66-03.txt,118.340,0.500,59.170,2,14.422,24.37,7.211,14.422,0.000
11,ec.gp.GPIndividual@1646183259{80262464},3C_20_66-03.txt,118.340,0.500,59.170,2,14.766,24.95,7.383,14.766,0.000
11,ec.gp.GPIndividual@1646183259{80262464},3C_20_66-03.txt,118.340,0.500,59.170,2,15.469,26.14,7.734,15.469,0.000
11,ec.gp.GPIndividual@1646183259{80262464},3C_20_66-03.txt,118.340,0.500,59.170,2,19.719,33.33,9.859,19.719,0.000
11,ec.gp.GPIndividual@1646183259{80262464},3C_20_66-02.txt,154.245,0.500,77.122,2,20.781,26.95,10.391,20.781,0.000
11,ec.gp.GPIndividual@1646183259{80262464},3C_20_66-02.txt,154.245,0.500,77.122,20,64.234,83.29,3.212,20.781,0.000
11,ec.gp.GPIndividual@1646183259{80262464},3C_20_66-03.txt,118.340,0.500,59.170,2,9.828,16.61,4.914,20.781,0.000
11,ec.gp.GPIndividual@1646183259{80262464},3C_20_80-01.txt,4.194,0.500,2.097,1,9.281,442.55,9.281,20.781,0.000
11,ec.gp.GPIndividual@1646183259{80262464},3C_20_66-03.txt,118.340,0.500,59.170,3,12.156,20.54,4.052,20.781,0.000
11,ec.gp.GPIndividual@1646183259{80262464},3C_20_80-01.txt,4.194,0.500,2.097,2,13.906,663.07,6.953,20.781,0.000
11,ec.gp.GPIndividual@1646183259{80262464},3C_20_80-01.txt,4.194,0.500,2.097,3,1.406,67.05,0.469,20.781,0.000
11,ec.gp.GPIndividual@1646183259{80262464},3C_20_80-02.txt,35.738,0.500,17.869,1,0.500,2.80,0.500,20.781,0.000
11,ec.gp.GPIndividual@1646183259{80262464},3C_20_80-02.txt,35.738,0.500,17.869,4,17.438,97.58,4.359,20.781,0.000
11,ec.gp.GPIndividual@1646183259{80262464},3C_20_80-01.txt,4.194,0.500,2.097,2,4.172,198.92,2.086,20.781,0.000
11,ec.gp.GPIndividual@1646183259{80262464},3C_20_80-03.txt,169.439,0.500,84.719,1,0.141,0.17,0.141,20.781,0.000
11,ec.gp.GPIndividual@1646183259{80262464},3C_20_80-03.txt,169.439,0.500,84.719,19,74.641,88.10,3.928,20.781,0.000
11,ec.gp.GPIndividual@1573133345{-631821292},3C_20_50-02.txt,61.404,0.500,30.702,3,13.531,44.07,4.510,13.000,0.000
11,ec.gp.GPIndividual@1573133345{-631821292},3C_20_80-02.txt,35.738,0.500,17.869,2,11.141,62.35,5.570,13.000,0.000
11,ec.gp.GPIndividual@1573133345{-631821292},3C_20_80-02.txt,35.738,0.500,17.869,1,19.922,111.49,19.922,19.922,0.000
11,ec.gp.GPIndividual@1317285162{-641593852},3C_20_50-02.txt,61.404,0.500,30.702,6,29.328,95.52,4.888,22.422,0.000
11,ec.gp.GPIndividual@1317285162{-641593852},3C_20_80-01.txt,4.194,0.500,2.097,2,3.063,146.03,1.531,22.422,0.000
11,ec.gp.GPIndividual@1317285162{-641593852},3C_20_50-03.txt,30.993,0.500,15.496,3,1.547,9.98,0.516,22.422,0.000
11,ec.gp.GPIndividual@1317285162{-641593852},3C_20_80-03.txt,169.439,0.500,84.719,5,30.750,36.30,6.150,25.813,0.000
11,ec.gp.GPIndividual@1317285162{-641593852},3C_20_80-01.txt,4.194,0.500,2.097,3,1.625,77.48,0.542,25.813,0.000
11,ec.gp.GPIndividual@1317285162{-641593852},3C_20_80-02.txt,35.738,0.500,17.869,11,17.688,98.98,1.608,25.813,0.000
11,ec.gp.GPIndividual@1317285162{-641593852},3C_20_80-03.txt,169.439,0.500,84.719,2,0.703,0.83,0.352,25.813,0.000
11,ec.gp.GPIndividual@1317285162{-641593852},3C_20_80-02.txt,35.738,0.500,17.869,3,7.250,40.57,2.417,25.813,0.000
11,ec.gp.GPIndividual@1317285162{-641593852},3C_20_80-03.txt,169.439,0.500,84.719,1,3.172,3.74,3.172,25.813,0.000
11,ec.gp.GPIndividual@1317285162{-641593852},3C_20_66-01.txt,7.322,0.500,3.661,1,5.141,140.41,5.141,25.813,0.000
11,ec.gp.GPIndividual@1317285162{-641593852},3C_20_50-03.txt,30.993,0.500,15.496,5,10.672,68.87,2.134,25.813,0.000
11,ec.gp.GPIndividual@1166996975{185399351},3C_20_50-02.txt,61.404,0.500,30.702,12,30.313,98.73,2.526,6.406,0.000
11,ec.gp.GPIndividual@1166996975{185399351},3C_20_66-02.txt,154.245,0.500,77.122,2,2.297,2.98,1.148,6.406,0.000
11,ec.gp.GPIndividual@1166996975{185399351},3C_20_50-03.txt,30.993,0.500,15.496,2,1.422,9.18,0.711,6.406,0.000
11,ec.gp.GPIndividual@1166996975{185399351},3C_20_80-03.txt,169.439,0.500,84.719,1,3.672,4.33,3.672,6.406,0.000
11,ec.gp.GPIndividual@1162233097{-1657659219},3C_20_50-02.txt,61.404,0.500,30.702,4,11.359,37.00,2.840,6.719,0.500
11,ec.gp.GPIndividual@1162233097{-1657659219},3C_20_66-01.txt,7.322,0.500,3.661,3,7.125,194.61,2.375,6.719,0.500
11,ec.gp.GPIndividual@1162233097{-1657659219},3C_20_66-01.txt,7.322,0.500,3.661,1,8.484,231.74,8.484,8.484,0.500
11,ec.gp.GPIndividual@1619457869{-883451564},3C_20_50-02.txt,61.404,0.500,30.702,2,1.031,3.36,0.516,1.031,0.000
11,ec.gp.GPIndividual@1619457869{-883451564},3C_20_66-03.txt,118.340,0.500,59.170,1,0.484,0.82,0.484,1.031,0.000
11,ec.gp.GPIndividual@1619457869{-883451564},3C_20_66-02.txt,154.245,0.500,77.122,20,56.719,73.54,2.836,13.844,0.000
11,ec.gp.GPIndividual@1619457869{-883451564},3C_20_80-01.txt,4.194,0.500,2.097,1,15.828,754.71,15.828,15.828,0.000
11,ec.gp.GPIndividual@1619457869{-883451564},3C_20_50-03.txt,30.993,0.500,15.496,2,15.250,98.41,7.625,15.828,0.000
11,ec.gp.GPIndividual@1619457869{-883451564},3C_20_66-03.txt,118.340,0.500,59.170,6,46.719,78.96,7.786,23.578,0.000
11,ec.gp.GPIndividual@1619457869{-883451564},3C_20_50-03.txt,30.993,0.500,15.496,3,30.188,194.80,10.063,27.156,0.000
11,ec.gp.GPIndividual@290935427{-639114950},3C_20_50-02.txt,61.404,0.500,30.702,9,28.297,92.17,3.144,6.594,0.000
11,ec.gp.GPIndividual@290935427{-639114950},3C_20_66-02.txt,154.245,0.500,77.122,7,27.547,35.72,3.935,7.906,0.000
11,ec.gp.GPIndividual@290935427{-639114950},3C_20_66-01.txt,7.322,0.500,3.661,3,4.188,114.38,1.396,7.906,0.000
11,ec.gp.GPIndividual@290935427{-639114950},3C_20_66-02.txt,154.245,0.500,77.122,2,0.328,0.43,0.164,7.906,0.000
11,ec.gp.GPIndividual@290935427{-639114950},3C_20_80-02.txt,35.738,0.500,17.869,2,1.047,5.86,0.523,7.906,0.000
11,ec.gp.GPIndividual@290935427{-639114950},3C_20_66-03.txt,118.340,0.500,59.170,15,47.078,79.56,3.139,10.797,0.000
11,ec.gp.GPIndividual@290935427{-639114950},3C_20_80-03.txt,169.439,0.500,84.719,2,9.344,11.03,4.672,10.797,0.000
11,ec.gp.GPIndividual@290935427{-639114950},3C_20_80-01.txt,4.194,0.500,2.097,1,11.469,546.85,11.469,11.469,0.000
11,ec.gp.GPIndividual@290935427{-639114950},3C_20_66-03.txt,118.340,0.500,59.170,6,41.094,69.45,6.849,25.125,0.000
11,ec.gp.GPIndividual@290935427{-639114950},3C_20_50-03.txt,30.993,0.500,15.496,1,28.234,182.20,28.234,28.234,0.000
11,ec.gp.GPIndividual@290935427{-639114950},3C_20_80-01.txt,4.194,0.500,2.097,2,7.203,343.46,3.602,28.234,0.000
11,ec.gp.GPIndividual@427299946{-604782674},3C_20_50-02.txt,61.404,0.500,30.702,1,0.516,1.68,0.516,0.516,0.516
11,ec.gp.GPIndividual@427299946{-604782674},3C_20_80-02.txt,35.738,0.500,17.869,6,19.047,106.59,3.174,6.484,0.516
11,ec.gp.GPIndividual@427299946{-604782674},3C_20_50-03.txt,30.993,0.500,15.496,2,1.453,9.38,0.727,6.484,0.313
11,ec.gp.GPIndividual@427299946{-604782674},3C_20_80-03.txt,169.439,0.500,84.719,1,1.203,1.42,1.203,6.484,0.313
11,ec.gp.GPIndividual@427299946{-604782674},3C_20_66-01.txt,7.322,0.500,3.661,3,3.641,99.44,1.214,6.484,0.000
11,ec.gp.GPIndividual@427299946{-604782674},3C_20_80-01.txt,4.194,0.500,2.097,2,1.594,75.99,0.797,6.484,0.000
11,ec.gp.GPIndividual@427299946{-604782674},3C_20_66-02.txt,154.245,0.500,77.122,15,48.875,63.37,3.258,19.031,0.000
11,ec.gp.GPIndividual@427299946{-604782674},3C_20_66-01.txt,7.322,0.500,3.661,2,9.422,257.35,4.711,19.031,0.000
11,ec.gp.GPIndividual@427299946{-604782674},3C_20_66-01.txt,7.322,0.500,3.661,3,1.922,52.49,0.641,19.031,0.000
11,ec.gp.GPIndividual@427299946{-604782674},3C_20_66-03.txt,118.340,0.500,59.170,3,4.516,7.63,1.505,19.031,0.000
11,ec.gp.GPIndividual@427299946{-604782674},3C_20_66-02.txt,154.245,0.500,77.122,12,47.469,61.55,3.956,22.516,0.000
11,ec.gp.GPIndividual@840458585{-1764054594},3C_20_50-02.txt,61.404,0.500,30.702,4,29.094,94.76,7.273,26.703,0.000
11,ec.gp.GPIndividual@840458585{-1764054594},3C_20_80-02.txt,35.738,0.500,17.869,8,14.953,83.68,1.869,26.703,0.000
11,ec.gp.GPIndividual@840458585{-1764054594},3C_20_50-03.txt,30.993,0.500,15.496,2,22.984,148.32,11.492,26.703,0.000
11,ec.gp.GPIndividual@840458585{-1764054594},3C_20_80-01.txt,4.194,0.500,2.097,1,26.813,1278.46,26.813,26.813,0.000
11,ec.gp.GPIndividual@840458585{-1764054594},3C_20_66-02.txt,154.245,0.500,77.122,3,23.422,30.37,7.807,26.813,0.000
11,ec.gp.GPIndividual@840458585{-1764054594},3C_20_66-03.txt,118.340,0.500,59.170,2,29.500,49.86,14.750,29.500,0.000
11,ec.gp.GPIndividual@840458585{-1764054594},3C_20_80-02.txt,35.738,0.500,17.869,3,9.953,55.70,3.318,29.500,0.000
11,ec.gp.GPIndividual@840458585{-1764054594},3C_20_80-03.txt,169.439,0.500,84.719,9,18.281,21.58,2.031,29.500,0.000
11,ec.gp.GPIndividual@840458585{-1764054594},3C_20_66-01.txt,7.322,0.500,3.661,1,6.406,174.98,6.406,29.500,0.000
11,ec.gp.GPIndividual@840458585{-1764054594},3C_20_80-01.txt,4.194,0.500,2.097,2,5.031,239.90,2.516,29.500,0.000
11,ec.gp.GPIndividual@840458585{-1764054594},3C_20_80-02.txt,35.738,0.500,17.869,3,3.563,19.94,1.188,29.500,0.000
11,ec.gp.GPIndividual@840458585{-1764054594},3C_20_66-02.txt,154.245,0.500,77.122,22,56.813,73.67,2.582,29.500,0.000
11,ec.gp.GPIndividual@840458585{-1764054594},3C_20_66-03.txt,118.340,0.500,59.170,2,18.078,30.55,9.039,29.500,0.000
11,ec.gp.GPIndividual@840458585{-1764054594},3C_20_80-03.txt,169.439,0.500,84.719,2,26.266,31.00,13.133,29.500,0.000
11,ec.gp.GPIndividual@840458585{-1764054594},3C_20_80-03.txt,169.439,0.500,84.719,2,15.094,17.82,7.547,29.500,0.000
11,ec.gp.GPIndividual@840458585{-1764054594},3C_20_80-02.txt,35.738,0.500,17.869,1,28.563,159.84,28.563,29.500,0.000
11,ec.gp.GPIndividual@1679594447{-799073834},3C_20_50-02.txt,61.404,0.500,30.702,2,27.656,90.08,13.828,27.656,0.000
11,ec.gp.GPIndividual@1679594447{-799073834},3C_20_66-03.txt,118.340,0.500,59.170,17,53.375,90.21,3.140,27.656,0.000
11,ec.gp.GPIndividual@1679594447{-799073834},3C_20_80-03.txt,169.439,0.500,84.719,2,4.813,5.68,2.406,27.656,0.000
11,ec.gp.GPIndividual@1679594447{-799073834},3C_20_80-01.txt,4.194,0.500,2.097,1,8.094,385.92,8.094,27.656,0.000
11,ec.gp.GPIndividual@1679594447{-799073834},3C_20_80-01.txt,4.194,0.500,2.097,1,6.781,323.34,6.781,27.656,0.000
11,ec.gp.GPIndividual@1679594447{-799073834},3C_20_50-03.txt,30.993,0.500,15.496,5,16.672,107.59,3.334,27.656,0.000
11,ec.gp.GPIndividual@2115726881{1322534604},3C_20_50-02.txt,61.404,0.500,30.702,0,0.000,0.00,0.000,0.000,0.000
11,ec.gp.GPIndividual@2115726881{1322534604},3C_20_50-03.txt,30.993,0.500,15.496,0,0.000,0.00,0.000,0.000,0.000
11,ec.gp.GPIndividual@2115726881{1322534604},3C_20_66-01.txt,7.322,0.500,3.661,0,0.000,0.00,0.000,0.000,0.000
11,ec.gp.GPIndividual@2115726881{1322534604},3C_20_66-02.txt,154.245,0.500,77.122,0,0.000,0.00,0.000,0.000,0.000
11,ec.gp.GPIndividual@2115726881{1322534604},3C_20_66-03.txt,118.340,0.500,59.170,0,0.000,0.00,0.000,0.000,0.000
11,ec.gp.GPIndividual@2115726881{1322534604},3C_20_80-01.txt,4.194,0.500,2.097,0,0.000,0.00,0.000,0.000,0.000
11,ec.gp.GPIndividual@2115726881{1322534604},3C_20_80-02.txt,35.738,0.500,17.869,0,0.000,0.00,0.000,0.000,0.000
11,ec.gp.GPIndividual@2115726881{1322534604},3C_20_80-03.txt,169.439,0.500,84.719,0,0.000,0.00,0.000,0.000,0.000
11,ec.gp.GPIndividual@2146124595{533407600},3C_20_50-02.txt,61.404,0.500,30.702,5,25.859,84.23,5.172,17.234,0.531
11,ec.gp.GPIndividual@370607756{1457921085},3C_20_50-02.txt,61.404,0.500,30.702,0,0.000,0.00,0.000,0.000,0.000
11,ec.gp.GPIndividual@370607756{1457921085},3C_20_50-03.txt,30.993,0.500,15.496,0,0.000,0.00,0.000,0.000,0.000
11,ec.gp.GPIndividual@370607756{1457921085},3C_20_66-01.txt,7.322,0.500,3.661,0,0.000,0.00,0.000,0.000,0.000
11,ec.gp.GPIndividual@370607756{1457921085},3C_20_66-02.txt,154.245,0.500,77.122,0,0.000,0.00,0.000,0.000,0.000
11,ec.gp.GPIndividual@370607756{1457921085},3C_20_66-03.txt,118.340,0.500,59.170,0,0.000,0.00,0.000,0.000,0.000
11,ec.gp.GPIndividual@370607756{1457921085},3C_20_80-01.txt,4.194,0.500,2.097,0,0.000,0.00,0.000,0.000,0.000
11,ec.gp.GPIndividual@370607756{1457921085},3C_20_80-02.txt,35.738,0.500,17.869,0,0.000,0.00,0.000,0.000,0.000
11,ec.gp.GPIndividual@370607756{1457921085},3C_20_80-03.txt,169.439,0.500,84.719,0,0.000,0.00,0.000,0.000,0.000
11,ec.gp.GPIndividual@913011878{403969703},3C_20_50-02.txt,61.404,0.500,30.702,13,30.188,98.32,2.322,6.078,0.000
11,ec.gp.GPIndividual@913011878{403969703},3C_20_50-03.txt,30.993,0.500,15.496,3,5.813,37.51,1.938,6.078,0.000
11,ec.gp.GPIndividual@913011878{403969703},3C_20_80-02.txt,35.738,0.500,17.869,2,1.609,9.01,0.805,6.078,0.000
11,ec.gp.GPIndividual@913011878{403969703},3C_20_50-03.txt,30.993,0.500,15.496,4,20.922,135.01,5.230,9.188,0.000
11,ec.gp.GPIndividual@115712051{-1393601786},3C_20_50-02.txt,61.404,0.500,30.702,3,3.766,12.27,1.255,3.234,0.000
11,ec.gp.GPIndividual@115712051{-1393601786},3C_20_66-01.txt,7.322,0.500,3.661,1,4.469,122.06,4.469,4.469,0.000
11,ec.gp.GPIndividual@115712051{-1393601786},3C_20_66-01.txt,7.322,0.500,3.661,2,3.891,106.27,1.945,4.469,0.000
11,ec.gp.GPIndividual@115712051{-1393601786},3C_20_80-02.txt,35.738,0.500,17.869,4,6.719,37.60,1.680,4.625,0.000
11,ec.gp.GPIndividual@115712051{-1393601786},3C_20_80-03.txt,169.439,0.500,84.719,3,3.469,4.09,1.156,4.625,0.000
11,ec.gp.GPIndividual@115712051{-1393601786},3C_20_66-02.txt,154.245,0.500,77.122,10,20.031,25.97,2.003,5.016,0.000
11,ec.gp.GPIndividual@115712051{-1393601786},3C_20_66-01.txt,7.322,0.500,3.661,2,4.734,129.32,2.367,5.016,0.000
11,ec.gp.GPIndividual@115712051{-1393601786},3C_20_50-03.txt,30.993,0.500,15.496,2,0.875,5.65,0.438,5.016,0.000
11,ec.gp.GPIndividual@115712051{-1393601786},3C_20_66-03.txt,118.340,0.500,59.170,14,57.969,97.97,4.141,14.234,0.000
11,ec.gp.GPIndividual@115712051{-1393601786},3C_20_66-02.txt,154.245,0.500,77.122,1,20.453,26.52,20.453,20.453,0.000
11,ec.gp.GPIndividual@1853723506{-1985127378},3C_20_50-02.txt,61.404,0.500,30.702,2,19.000,61.88,9.500,19.000,0.000
11,ec.gp.GPIndividual@1853723506{-1985127378},3C_20_80-03.txt,169.439,0.500,84.719,8,46.250,54.59,5.781,25.578,0.000
11,ec.gp.GPIndividual@1853723506{-1985127378},3C_20_66-02.txt,154.245,0.500,77.122,15,78.688,102.03,5.246,26.766,0.000
11,ec.gp.GPIndividual@1853723506{-1985127378},3C_20_80-01.txt,4.194,0.500,2.097,2,0.891,42.47,0.445,26.766,0.000
11,ec.gp.GPIndividual@1853723506{-1985127378},3C_20_80-02.txt,35.738,0.500,17.869,1,21.453,120.06,21.453,26.766,0.000
11,ec.gp.GPIndividual@1853723506{-1985127378},3C_20_50-03.txt,30.993,0.500,15.496,1,17.781,114.75,17.781,26.766,0.000
11,ec.gp.GPIndividual@1853723506{-1985127378},3C_20_66-03.txt,118.340,0.500,59.170,2,22.641,38.26,11.320,26.766,0.000
11,ec.gp.GPIndividual@1853723506{-1985127378},3C_20_66-03.txt,118.340,0.500,59.170,1,23.719,40.09,23.719,26.766,0.000
11,ec.gp.GPIndividual@147696028{1189565556},3C_20_50-02.txt,61.404,0.500,30.702,8,18.125,59.03,2.266,7.156,0.000
11,ec.gp.GPIndividual@147696028{1189565556},3C_20_66-01.txt,7.322,0.500,3.661,2,4.000,109.26,2.000,7.156,0.000
11,ec.gp.GPIndividual@147696028{1189565556},3C_20_80-03.txt,169.439,0.500,84.719,2,0.547,0.65,0.273,7.156,0.000
11,ec.gp.GPIndividual@147696028{1189565556},3C_20_50-03.txt,30.993,0.500,15.496,4,14.203,91.66,3.551,7.156,0.000
11,ec.gp.GPIndividual@147696028{1189565556},3C_20_80-01.txt,4.194,0.500,2.097,3,1.938,92.38,0.646,7.156,0.000
11,ec.gp.GPIndividual@147696028{1189565556},3C_20_66-02.txt,154.245,0.500,77.122,20,76.359,99.01,3.818,9.938,0.000
11,ec.gp.GPIndividual@147696028{1189565556},3C_20_80-02.txt,35.738,0.500,17.869,2,8.141,45.56,4.070,9.938,0.000
11,ec.gp.GPIndividual@147696028{1189565556},3C_20_66-01.txt,7.322,0.500,3.661,2,20.500,559.94,10.250,19.391,0.000
11,ec.gp.GPIndividual@210573803{715977222},3C_20_50-02.txt,61.404,0.500,30.702,14,32.297,105.19,2.307,4.938,0.281
11,ec.gp.GPIndividual@210573803{715977222},3C_20_66-03.txt,118.340,0.500,59.170,2,1.234,2.09,0.617,4.938,0.000
11,ec.gp.GPIndividual@210573803{715977222},3C_20_80-02.txt,35.738,0.500,17.869,2,1.781,9.97,0.891,4.938,0.000
11,ec.gp.GPIndividual@210573803{715977222},3C_20_50-03.txt,30.993,0.500,15.496,1,8.578,55.36,8.578,8.578,0.000
11,ec.gp.GPIndividual@276313945{-566730297},3C_20_50-02.txt,61.404,0.500,30.702,5,14.828,48.30,2.966,10.641,0.297
11,ec.gp.GPIndividual@1064681148{-1353954759},3C_20_50-02.txt,61.404,0.500,30.702,0,0.000,0.00,0.000,0.000,0.000
11,ec.gp.GPIndividual@1064681148{-1353954759},3C_20_50-03.txt,30.993,0.500,15.496,0,0.000,0.00,0.000,0.000,0.000
11,ec.gp.GPIndividual@1064681148{-1353954759},3C_20_66-01.txt,7.322,0.500,3.661,0,0.000,0.00,0.000,0.000,0.000
11,ec.gp.GPIndividual@1064681148{-1353954759},3C_20_66-02.txt,154.245,0.500,77.122,0,0.000,0.00,0.000,0.000,0.000
11,ec.gp.GPIndividual@1064681148{-1353954759},3C_20_66-03.txt,118.340,0.500,59.170,0,0.000,0.00,0.000,0.000,0.000
11,ec.gp.GPIndividual@1064681148{-1353954759},3C_20_80-01.txt,4.194,0.500,2.097,0,0.000,0.00,0.000,0.000,0.000
11,ec.gp.GPIndividual@1064681148{-1353954759},3C_20_80-02.txt,35.738,0.500,17.869,0,0.000,0.00,0.000,0.000,0.000
11,ec.gp.GPIndividual@1064681148{-1353954759},3C_20_80-03.txt,169.439,0.500,84.719,0,0.000,0.00,0.000,0.000,0.000
11,ec.gp.GPIndividual@259838269{-1500517718},3C_20_50-02.txt,61.404,0.500,30.702,10,21.875,71.25,2.188,13.375,0.000
11,ec.gp.GPIndividual@259838269{-1500517718},3C_20_66-01.txt,7.322,0.500,3.661,4,2.484,67.86,0.621,13.375,0.000
11,ec.gp.GPIndividual@259838269{-1500517718},3C_20_80-02.txt,35.738,0.500,17.869,11,15.766,88.23,1.433,13.375,0.000
11,ec.gp.GPIndividual@259838269{-1500517718},3C_20_50-03.txt,30.993,0.500,15.496,2,5.047,32.57,2.523,13.375,0.000
11,ec.gp.GPIndividual@259838269{-1500517718},3C_20_66-02.txt,154.245,0.500,77.122,5,15.563,20.18,3.113,13.375,0.000
11,ec.gp.GPIndividual@259838269{-1500517718},3C_20_80-03.txt,169.439,0.500,84.719,12,92.172,108.80,7.681,31.578,0.000
11,ec.gp.GPIndividual@259838269{-1500517718},3C_20_66-02.txt,154.245,0.500,77.122,1,30.000,38.90,30.000,31.578,0.000
11,ec.gp.GPIndividual@1900343969{-816596898},3C_20_50-02.txt,61.404,0.500,30.702,6,14.328,46.67,2.388,11.031,0.000
11,ec.gp.GPIndividual@1900343969{-816596898},3C_20_50-03.txt,30.993,0.500,15.496,1,31.828,205.39,31.828,31.828,0.000
11,ec.gp.GPIndividual@82323990{-776533353},3C_20_50-02.txt,61.404,0.500,30.702,1,32.844,106.98,32.844,32.844,32.844
11,ec.gp.GPIndividual@1129791723{-1757201742},3C_20_50-02.txt,61.404,0.500,30.702,2,32.500,105.86,16.250,32.406,0.094
11,ec.gp.GPIndividual@1129791723{-1757201742},3C_20_80-03.txt,169.439,0.500,84.719,7,58.172,68.66,8.310,32.797,0.094
11,ec.gp.GPIndividual@1138045349{393163159},3C_20_50-02.txt,61.404,0.500,30.702,8,19.016,61.94,2.377,9.922,0.000
11,ec.gp.GPIndividual@1138045349{393163159},3C_20_50-03.txt,30.993,0.500,15.496,6,9.766,63.02,1.628,9.922,0.000
11,ec.gp.GPIndividual@1138045349{393163159},3C_20_66-01.txt,7.322,0.500,3.661,6,1.891,51.64,0.315,9.922,0.000
11,ec.gp.GPIndividual@1138045349{393163159},3C_20_66-02.txt,154.245,0.500,77.122,10,47.969,62.20,4.797,19.484,0.000
11,ec.gp.GPIndividual@1138045349{393163159},3C_20_66-03.txt,118.340,0.500,59.170,7,42.531,71.88,6.076,19.484,0.000
11,ec.gp.GPIndividual@1138045349{393163159},3C_20_80-01.txt,4.194,0.500,2.097,8,1.859,88.66,0.232,19.484,0.000
11,ec.gp.GPIndividual@1138045349{393163159},3C_20_80-02.txt,35.738,0.500,17.869,7,7.781,43.55,1.112,19.484,0.000
11,ec.gp.GPIndividual@1138045349{393163159},3C_20_80-03.txt,169.439,0.500,84.719,2,34.375,40.58,17.188,33.609,0.000
12,ec.gp.GPIndividual@337457307{-1759450180},3C_20_50-02.txt,61.404,0.500,30.702,0,0.000,0.00,0.000,0.000,0.000
12,ec.gp.GPIndividual@337457307{-1759450180},3C_20_50-02.txt,61.404,0.500,30.702,0,0.000,0.00,0.000,0.000,0.000
12,ec.gp.GPIndividual@337457307{-1759450180},3C_20_50-03.txt,30.993,0.500,15.496,0,0.000,0.00,0.000,0.000,0.000
12,ec.gp.GPIndividual@337457307{-1759450180},3C_20_66-01.txt,7.322,0.500,3.661,0,0.000,0.00,0.000,0.000,0.000
12,ec.gp.GPIndividual@337457307{-1759450180},3C_20_66-01.txt,7.322,0.500,3.661,0,0.000,0.00,0.000,0.000,0.000
12,ec.gp.GPIndividual@337457307{-1759450180},3C_20_66-01.txt,7.322,0.500,3.661,0,0.000,0.00,0.000,0.000,0.000
12,ec.gp.GPIndividual@337457307{-1759450180},3C_20_66-02.txt,154.245,0.500,77.122,0,0.000,0.00,0.000,0.000,0.000
12,ec.gp.GPIndividual@337457307{-1759450180},3C_20_66-03.txt,118.340,0.500,59.170,0,0.000,0.00,0.000,0.000,0.000
12,ec.gp.GPIndividual@337457307{-1759450180},3C_20_66-03.txt,118.340,0.500,59.170,0,0.000,0.00,0.000,0.000,0.000
12,ec.gp.GPIndividual@337457307{-1759450180},3C_20_80-01.txt,4.194,0.500,2.097,0,0.000,0.00,0.000,0.000,0.000
12,ec.gp.GPIndividual@337457307{-1759450180},3C_20_80-01.txt,4.194,0.500,2.097,0,0.000,0.00,0.000,0.000,0.000
12,ec.gp.GPIndividual@337457307{-1759450180},3C_20_80-02.txt,35.738,0.500,17.869,0,0.000,0.00,0.000,0.000,0.000
12,ec.gp.GPIndividual@337457307{-1759450180},3C_20_80-03.txt,169.439,0.500,84.719,0,0.000,0.00,0.000,0.000,0.000
12,ec.gp.GPIndividual@337457307{-1759450180},3C_20_80-02.txt,35.738,0.500,17.869,0,0.000,0.00,0.000,0.000,0.000
12,ec.gp.GPIndividual@337457307{-1759450180},3C_20_80-02.txt,35.738,0.500,17.869,0,0.000,0.00,0.000,0.000,0.000
12,ec.gp.GPIndividual@1662225711{-1507109978},3C_20_50-02.txt,61.404,0.500,30.702,0,0.000,0.00,0.000,0.000,0.000
12,ec.gp.GPIndividual@1662225711{-1507109978},3C_20_50-03.txt,30.993,0.500,15.496,0,0.000,0.00,0.000,0.000,0.000
12,ec.gp.GPIndividual@1911821776{-330926180},3C_20_50-02.txt,61.404,0.500,30.702,0,0.000,0.00,0.000,0.000,0.000
12,ec.gp.GPIndividual@1911821776{-330926180},3C_20_50-02.txt,61.404,0.500,30.702,0,0.000,0.00,0.000,0.000,0.000
12,ec.gp.GPIndividual@1911821776{-330926180},3C_20_50-03.txt,30.993,0.500,15.496,0,0.000,0.00,0.000,0.000,0.000
12,ec.gp.GPIndividual@1911821776{-330926180},3C_20_66-03.txt,118.340,0.500,59.170,0,0.000,0.00,0.000,0.000,0.000
12,ec.gp.GPIndividual@1911821776{-330926180},3C_20_66-01.txt,7.322,0.500,3.661,0,0.000,0.00,0.000,0.000,0.000
12,ec.gp.GPIndividual@1911821776{-330926180},3C_20_80-01.txt,4.194,0.500,2.097,0,0.000,0.00,0.000,0.000,0.000
12,ec.gp.GPIndividual@1911821776{-330926180},3C_20_80-02.txt,35.738,0.500,17.869,0,0.000,0.00,0.000,0.000,0.000
12,ec.gp.GPIndividual@1911821776{-330926180},3C_20_66-02.txt,154.245,0.500,77.122,0,0.000,0.00,0.000,0.000,0.000
12,ec.gp.GPIndividual@1911821776{-330926180},3C_20_66-02.txt,154.245,0.500,77.122,0,0.000,0.00,0.000,0.000,0.000
12,ec.gp.GPIndividual@1911821776{-330926180},3C_20_80-03.txt,169.439,0.500,84.719,0,0.000,0.00,0.000,0.000,0.000
12,ec.gp.GPIndividual@1188863242{1386538456},3C_20_50-02.txt,61.404,0.500,30.702,0,0.000,0.00,0.000,0.000,0.000
12,ec.gp.GPIndividual@1188863242{1386538456},3C_20_80-02.txt,35.738,0.500,17.869,0,0.000,0.00,0.000,0.000,0.000
12,ec.gp.GPIndividual@1188863242{1386538456},3C_20_80-03.txt,169.439,0.500,84.719,0,0.000,0.00,0.000,0.000,0.000
12,ec.gp.GPIndividual@148722461{-308923335},3C_20_50-02.txt,61.404,0.500,30.702,0,0.000,0.00,0.000,0.000,0.000
12,ec.gp.GPIndividual@148722461{-308923335},3C_20_50-03.txt,30.993,0.500,15.496,0,0.000,0.00,0.000,0.000,0.000
12,ec.gp.GPIndividual@148722461{-308923335},3C_20_66-01.txt,7.322,0.500,3.661,0,0.000,0.00,0.000,0.000,0.000
12,ec.gp.GPIndividual@148722461{-308923335},3C_20_66-02.txt,154.245,0.500,77.122,0,0.000,0.00,0.000,0.000,0.000
12,ec.gp.GPIndividual@148722461{-308923335},3C_20_66-03.txt,118.340,0.500,59.170,0,0.000,0.00,0.000,0.000,0.000
12,ec.gp.GPIndividual@148722461{-308923335},3C_20_80-01.txt,4.194,0.500,2.097,0,0.000,0.00,0.000,0.000,0.000
12,ec.gp.GPIndividual@148722461{-308923335},3C_20_80-02.txt,35.738,0.500,17.869,0,0.000,0.00,0.000,0.000,0.000
12,ec.gp.GPIndividual@148722461{-308923335},3C_20_80-03.txt,169.439,0.500,84.719,0,0.000,0.00,0.000,0.000,0.000
12,ec.gp.GPIndividual@2018271010{-1600457523},3C_20_50-02.txt,61.404,0.500,30.702,12,12.750,41.53,1.063,1.906,0.250
12,ec.gp.GPIndividual@2018271010{-1600457523},3C_20_50-03.txt,30.993,0.500,15.496,7,14.281,92.16,2.040,2.703,0.000
12,ec.gp.GPIndividual@2018271010{-1600457523},3C_20_50-03.txt,30.993,0.500,15.496,3,6.781,43.76,2.260,4.641,0.000
12,ec.gp.GPIndividual@2018271010{-1600457523},3C_20_50-03.txt,30.993,0.500,15.496,5,15.984,103.15,3.197,4.641,0.000
12,ec.gp.GPIndividual@2018271010{-1600457523},3C_20_50-03.txt,30.993,0.500,15.496,2,8.859,57.17,4.430,4.641,0.000
12,ec.gp.GPIndividual@2018271010{-1600457523},3C_20_66-01.txt,7.322,0.500,3.661,1,1.047,28.59,1.047,4.641,0.000
12,ec.gp.GPIndividual@2018271010{-1600457523},3C_20_66-01.txt,7.322,0.500,3.661,1,3.953,107.98,3.953,4.641,0.000
12,ec.gp.GPIndividual@2018271010{-1600457523},3C_20_50-03.txt,30.993,0.500,15.496,3,6.188,39.93,2.063,5.172,0.000
12,ec.gp.GPIndividual@2018271010{-1600457523},3C_20_50-03.txt,30.993,0.500,15.496,2,2.438,15.73,1.219,5.172,0.000
12,ec.gp.GPIndividual@2018271010{-1600457523},3C_20_66-02.txt,154.245,0.500,77.122,4,11.594,15.03,2.898,5.172,0.000
12,ec.gp.GPIndividual@2018271010{-1600457523},3C_20_66-01.txt,7.322,0.500,3.661,1,4.359,119.07,4.359,5.172,0.000
12,ec.gp.GPIndividual@2018271010{-1600457523},3C_20_66-01.txt,7.322,0.500,3.661,2,3.094,84.50,1.547,5.172,0.000
12,ec.gp.GPIndividual@2018271010{-1600457523},3C_20_66-03.txt,118.340,0.500,59.170,14,41.797,70.64,2.985,7.844,0.000
12,ec.gp.GPIndividual@2018271010{-1600457523},3C_20_80-01.txt,4.194,0.500,2.097,2,1.453,69.29,0.727,7.844,0.000
12,ec.gp.GPIndividual@2018271010{-1600457523},3C_20_80-02.txt,35.738,0.500,17.869,3,12.891,72.14,4.297,9.219,0.000
12,ec.gp.GPIndividual@2018271010{-1600457523},3C_20_80-03.txt,169.439,0.500,84.719,2,8.641,10.20,4.320,9.219,0.000
12,ec.gp.GPIndividual@2018271010{-1600457523},3C_20_66-01.txt,7.322,0.500,3.661,2,2.547,69.57,1.273,9.219,0.000
12,ec.gp.GPIndividual@2018271010{-1600457523},3C_20_66-01.txt,7.322,0.500,3.661,3,3.250,88.77,1.083,9.219,0.000
12,ec.gp.GPIndividual@2018271010{-1600457523},3C_20_66-02.txt,154.245,0.500,77.122,1,0.719,0.93,0.719,9.219,0.000
12,ec.gp.GPIndividual@2018271010{-1600457523},3C_20_66-02.txt,154.245,0.500,77.122,5,28.141,36.49,5.628,17.188,0.000
12,ec.gp.GPIndividual@2018271010{-1600457523},3C_20_66-02.txt,154.245,0.500,77.122,2,17.719,22.97,8.859,17.719,0.000
12,ec.gp.GPIndividual@2018271010{-1600457523},3C_20_66-02.txt,154.245,0.500,77.122,21,64.578,83.73,3.075,22.734,0.000
12,ec.gp.GPIndividual@2018271010{-1600457523},3C_20_66-03.txt,118.340,0.500,59.170,2,10.250,17.32,5.125,22.734,0.000
12,ec.gp.GPIndividual@2018271010{-1600457523},3C_20_66-03.txt,118.340,0.500,59.170,2,10.781,18.22,5.391,22.734,0.000
12,ec.gp.GPIndividual@2018271010{-1600457523},3C_20_66-03.txt,118.340,0.500,59.170,2,14.641,24.74,7.320,22.734,0.000
12,ec.gp.GPIndividual@2018271010{-1600457523},3C_20_66-03.txt,118.340,0.500,59.170,2,21.453,36.26,10.727,22.734,0.000
12,ec.gp.GPIndividual@2018271010{-1600457523},3C_20_66-02.txt,154.245,0.500,77.122,7,57.047,73.97,8.150,28.375,0.000
12,ec.gp.GPIndividual@1659835322{2091743625},3C_20_50-02.txt,61.404,0.500,30.702,0,0.000,0.00,0.000,0.000,0.000
12,ec.gp.GPIndividual@1659835322{2091743625},3C_20_50-03.txt,30.993,0.500,15.496,0,0.000,0.00,0.000,0.000,0.000
12,ec.gp.GPIndividual@1659835322{2091743625},3C_20_66-01.txt,7.322,0.500,3.661,0,0.000,0.00,0.000,0.000,0.000
12,ec.gp.GPIndividual@1659835322{2091743625},3C_20_66-02.txt,154.245,0.500,77.122,0,0.000,0.00,0.000,0.000,0.000
12,ec.gp.GPIndividual@1659835322{2091743625},3C_20_66-03.txt,118.340,0.500,59.170,0,0.000,0.00,0.000,0.000,0.000
12,ec.gp.GPIndividual@1659835322{2091743625},3C_20_80-01.txt,4.194,0.500,2.097,0,0.000,0.00,0.000,0.000,0.000
12,ec.gp.GPIndividual@1659835322{2091743625},3C_20_80-02.txt,35.738,0.500,17.869,0,0.000,0.00,0.000,0.000,0.000
12,ec.gp.GPIndividual@1659835322{2091743625},3C_20_80-03.txt,169.439,0.500,84.719,0,0.000,0.00,0.000,0.000,0.000
12,ec.gp.GPIndividual@1550925072{-706233575},3C_20_50-02.txt,61.404,0.500,30.702,12,28.625,93.23,2.385,5.266,0.000
12,ec.gp.GPIndividual@1550925072{-706233575},3C_20_80-01.txt,4.194,0.500,2.097,1,4.031,192.22,4.031,5.266,0.000
12,ec.gp.GPIndividual@1550925072{-706233575},3C_20_66-03.txt,118.340,0.500,59.170,4,11.266,19.04,2.816,7.500,0.000
12,ec.gp.GPIndividual@1550925072{-706233575},3C_20_80-01.txt,4.194,0.500,2.097,3,1.625,77.48,0.542,7.500,0.000
12,ec.gp.GPIndividual@1550925072{-706233575},3C_20_80-02.txt,35.738,0.500,17.869,3,9.766,54.65,3.255,8.906,0.000
12,ec.gp.GPIndividual@1550925072{-706233575},3C_20_80-01.txt,4.194,0.500,2.097,1,10.359,493.95,10.359,10.359,0.000
12,ec.gp.GPIndividual@1550925072{-706233575},3C_20_80-01.txt,4.194,0.500,2.097,3,2.094,99.83,0.698,10.359,0.000
12,ec.gp.GPIndividual@1550925072{-706233575},3C_20_80-02.txt,35.738,0.500,17.869,3,2.609,14.60,0.870,10.359,0.000
12,ec.gp.GPIndividual@1550925072{-706233575},3C_20_80-02.txt,35.738,0.500,17.869,10,17.516,98.02,1.752,10.359,0.000
12,ec.gp.GPIndividual@1550925072{-706233575},3C_20_80-03.txt,169.439,0.500,84.719,4,3.688,4.35,0.922,10.359,0.000
12,ec.gp.GPIndividual@1550925072{-706233575},3C_20_80-02.txt,35.738,0.500,17.869,11,17.906,100.21,1.628,10.359,0.000
12,ec.gp.GPIndividual@1550925072{-706233575},3C_20_80-03.txt,169.439,0.500,84.719,2,0.688,0.81,0.344,10.359,0.000
12,ec.gp.GPIndividual@1550925072{-706233575},3C_20_80-03.txt,169.439,0.500,84.719,3,7.516,8.87,2.505,10.359,0.000
12,ec.gp.GPIndividual@1550925072{-706233575},3C_20_80-03.txt,169.439,0.500,84.719,2,6.188,7.30,3.094,10.359,0.000
12,ec.gp.GPIndividual@1550925072{-706233575},3C_20_80-01.txt,4.194,0.500,2.097,2,1.453,69.29,0.727,10.359,0.000
12,ec.gp.GPIndividual@1550925072{-706233575},3C_20_80-02.txt,35.738,0.500,17.869,5,22.156,123.99,4.431,10.359,0.000
12,ec.gp.GPIndividual@1670102073{1386538456},3C_20_50-02.txt,61.404,0.500,30.702,2,1.078,3.51,0.539,1.078,0.000
12,ec.gp.GPIndividual@1670102073{1386538456},3C_20_80-03.txt,169.439,0.500,84.719,1,1.625,1.92,1.625,1.625,0.000
12,ec.gp.GPIndividual@974153714{386719897},3C_20_50-02.txt,61.404,0.500,30.702,0,0.000,0.00,0.000,0.000,0.000
12,ec.gp.GPIndividual@974153714{386719897},3C_20_50-03.txt,30.993,0.500,15.496,0,0.000,0.00,0.000,0.000,0.000
12,ec.gp.GPIndividual@974153714{386719897},3C_20_66-01.txt,7.322,0.500,3.661,0,0.000,0.00,0.000,0.000,0.000
12,ec.gp.GPIndividual@974153714{386719897},3C_20_66-02.txt,154.245,0.500,77.122,0,0.000,0.00,0.000,0.000,0.000
12,ec.gp.GPIndividual@974153714{386719897},3C_20_66-03.txt,118.340,0.500,59.170,0,0.000,0.00,0.000,0.000,0.000
12,ec.gp.GPIndividual@974153714{386719897},3C_20_80-01.txt,4.194,0.500,2.097,0,0.000,0.00,0.000,0.000,0.000
12,ec.gp.GPIndividual@974153714{386719897},3C_20_80-02.txt,35.738,0.500,17.869,0,0.000,0.00,0.000,0.000,0.000
12,ec.gp.GPIndividual@974153714{386719897},3C_20_80-03.txt,169.439,0.500,84.719,0,0.000,0.00,0.000,0.000,0.000
12,ec.gp.GPIndividual@1463024210{-965419714},3C_20_50-02.txt,61.404,0.500,30.702,4,23.469,76.44,5.867,22.531,0.000
12,ec.gp.GPIndividual@1463024210{-965419714},3C_20_50-03.txt,30.993,0.500,15.496,3,7.516,48.50,2.505,22.531,0.000
12,ec.gp.GPIndividual@694123917{-530348962},3C_20_50-02.txt,61.404,0.500,30.702,11,28.594,93.13,2.599,6.047,0.000
12,ec.gp.GPIndividual@694123917{-530348962},3C_20_50-03.txt,30.993,0.500,15.496,2,2.750,17.75,1.375,6.047,0.000
12,ec.gp.GPIndividual@694123917{-530348962},3C_20_50-03.txt,30.993,0.500,15.496,2,8.234,53.14,4.117,6.047,0.000
12,ec.gp.GPIndividual@55002179{936096596},3C_20_50-02.txt,61.404,0.500,30.702,7,23.516,76.59,3.359,6.938,0.000
12,ec.gp.GPIndividual@55002179{936096596},3C_20_50-03.txt,30.993,0.500,15.496,4,15.266,98.51,3.816,6.938,0.000
12,ec.gp.GPIndividual@55002179{936096596},3C_20_66-01.txt,7.322,0.500,3.661,1,6.938,189.49,6.938,6.938,0.000
12,ec.gp.GPIndividual@55002179{936096596},3C_20_66-01.txt,7.322,0.500,3.661,3,11.500,314.11,3.833,9.531,0.000
12,ec.gp.GPIndividual@55002179{936096596},3C_20_66-01.txt,7.322,0.500,3.661,1,2.141,58.47,2.141,9.531,0.000
12,ec.gp.GPIndividual@55002179{936096596},3C_20_66-01.txt,7.322,0.500,3.661,1,1.063,29.02,1.063,9.531,0.000
12,ec.gp.GPIndividual@55002179{936096596},3C_20_66-02.txt,154.245,0.500,77.122,1,0.828,1.07,0.828,9.531,0.000
12,ec.gp.GPIndividual@55002179{936096596},3C_20_66-02.txt,154.245,0.500,77.122,4,6.281,8.14,1.570,9.531,0.000
12,ec.gp.GPIndividual@55002179{936096596},3C_20_50-03.txt,30.993,0.500,15.496,1,31.594,203.88,31.594,31.594,0.000
12,ec.gp.GPIndividual@1688482468{-39699397},3C_20_50-02.txt,61.404,0.500,30.702,18,31.281,101.89,1.738,4.188,0.344
12,ec.gp.GPIndividual@1688482468{-39699397},3C_20_66-03.txt,118.340,0.500,59.170,2,0.531,0.90,0.266,4.188,0.000
12,ec.gp.GPIndividual@1688482468{-39699397},3C_20_66-03.txt,118.340,0.500,59.170,2,1.203,2.03,0.602,4.188,0.000
12,ec.gp.GPIndividual@1688482468{-39699397},3C_20_50-03.txt,30.993,0.500,15.496,2,2.844,18.35,1.422,4.188,0.000
12,ec.gp.GPIndividual@1688482468{-39699397},3C_20_66-02.txt,154.245,0.500,77.122,2,3.516,4.56,1.758,4.188,0.000
12,ec.gp.GPIndividual@1688482468{-39699397},3C_20_66-02.txt,154.245,0.500,77.122,1,4.609,5.98,4.609,4.609,0.000
12,ec.gp.GPIndividual@1688482468{-39699397},3C_20_66-01.txt,7.322,0.500,3.661,2,4.703,128.46,2.352,4.609,0.000
12,ec.gp.GPIndividual@1688482468{-39699397},3C_20_66-03.txt,118.340,0.500,59.170,2,1.938,3.27,0.969,4.609,0.000
12,ec.gp.GPIndividual@1688482468{-39699397},3C_20_66-03.txt,118.340,0.500,59.170,14,56.125,94.85,4.009,7.484,0.000
12,ec.gp.GPIndividual@1688482468{-39699397},3C_20_80-01.txt,4.194,0.500,2.097,2,5.875,280.13,2.938,7.484,0.000
12,ec.gp.GPIndividual@1688482468{-39699397},3C_20_66-01.txt,7.322,0.500,3.661,1,3.672,100.29,3.672,7.484,0.000
12,ec.gp.GPIndividual@1688482468{-39699397},3C_20_80-01.txt,4.194,0.500,2.097,1,0.516,24.59,0.516,7.484,0.000
12,ec.gp.GPIndividual@1688482468{-39699397},3C_20_80-02.txt,35.738,0.500,17.869,6,20.500,114.72,3.417,13.625,0.000
12,ec.gp.GPIndividual@1688482468{-39699397},3C_20_66-02.txt,154.245,0.500,77.122,8,22.031,28.57,2.754,13.625,0.000
12,ec.gp.GPIndividual@1688482468{-39699397},3C_20_80-01.txt,4.194,0.500,2.097,3,1.766,84.19,0.589,13.625,0.000
12,ec.gp.GPIndividual@1688482468{-39699397},3C_20_66-03.txt,118.340,0.500,59.170,4,16.688,28.20,4.172,14.578,0.000
12,ec.gp.GPIndividual@1688482468{-39699397},3C_20_80-01.txt,4.194,0.500,2.097,1,3.719,177.32,3.719,14.578,0.000
12,ec.gp.GPIndividual@1688482468{-39699397},3C_20_80-02.txt,35.738,0.500,17.869,11,16.953,94.87,1.541,14.578,0.000
12,ec.gp.GPIndividual@1688482468{-39699397},3C_20_80-03.txt,169.439,0.500,84.719,1,1.484,1.75,1.484,14.578,0.000
12,ec.gp.GPIndividual@1688482468{-39699397},3C_20_80-01.txt,4.194,0.500,2.097,2,0.875,41.72,0.438,14.578,0.000
12,ec.gp.GPIndividual@1688482468{-39699397},3C_20_80-02.txt,35.738,0.500,17.869,3,6.969,39.00,2.323,14.578,0.000
12,ec.gp.GPIndividual@1688482468{-39699397},3C_20_80-02.txt,35.738,0.500,17.869,2,5.719,32.00,2.859,14.578,0.000
12,ec.gp.GPIndividual@1688482468{-39699397},3C_20_80-03.txt,169.439,0.500,84.719,18,71.719,84.65,3.984,27.125,0.000
12,ec.gp.GPIndividual@1688482468{-39699397},3C_20_66-02.txt,154.245,0.500,77.122,1,21.859,28.34,21.859,27.125,0.000
12,ec.gp.GPIndividual@1814190634{1347550636},3C_20_50-02.txt,61.404,0.500,30.702,0,0.000,0.00,0.000,0.000,0.000
12,ec.gp.GPIndividual@1814190634{1347550636},3C_20_50-03.txt,30.993,0.500,15.496,0,0.000,0.00,0.000,0.000,0.000
12,ec.gp.GPIndividual@1814190634{1347550636},3C_20_66-01.txt,7.322,0.500,3.661,0,0.000,0.00,0.000,0.000,0.000
12,ec.gp.GPIndividual@1814190634{1347550636},3C_20_66-02.txt,154.245,0.500,77.122,0,0.000,0.00,0.000,0.000,0.000
12,ec.gp.GPIndividual@1814190634{1347550636},3C_20_66-03.txt,118.340,0.500,59.170,0,0.000,0.00,0.000,0.000,0.000
12,ec.gp.GPIndividual@1814190634{1347550636},3C_20_80-01.txt,4.194,0.500,2.097,0,0.000,0.00,0.000,0.000,0.000
12,ec.gp.GPIndividual@1814190634{1347550636},3C_20_80-02.txt,35.738,0.500,17.869,0,0.000,0.00,0.000,0.000,0.000
12,ec.gp.GPIndividual@1814190634{1347550636},3C_20_80-03.txt,169.439,0.500,84.719,0,0.000,0.00,0.000,0.000,0.000
12,ec.gp.GPIndividual@597974950{-938109408},3C_20_50-02.txt,61.404,0.500,30.702,2,19.656,64.02,9.828,19.656,0.000
12,ec.gp.GPIndividual@597974950{-938109408},3C_20_80-03.txt,169.439,0.500,84.719,2,20.578,24.29,10.289,20.578,0.000
12,ec.gp.GPIndividual@597974950{-938109408},3C_20_80-03.txt,169.439,0.500,84.719,5,29.859,35.24,5.972,25.031,0.000
12,ec.gp.GPIndividual@597974950{-938109408},3C_20_80-02.txt,35.738,0.500,17.869,1,26.484,148.21,26.484,26.484,0.000
12,ec.gp.GPIndividual@234551771{92947892},3C_20_50-02.txt,61.404,0.500,30.702,14,30.953,100.82,2.211,5.781,0.516
12,ec.gp.GPIndividual@234551771{92947892},3C_20_66-03.txt,118.340,0.500,59.170,2,0.500,0.85,0.250,5.781,0.000
12,ec.gp.GPIndividual@234551771{92947892},3C_20_50-03.txt,30.993,0.500,15.496,3,2.922,18.86,0.974,5.781,0.000
12,ec.gp.GPIndividual@234551771{92947892},3C_20_50-03.txt,30.993,0.500,15.496,1,3.500,22.59,3.500,5.781,0.000
12,ec.gp.GPIndividual@19116378{1113503327},3C_20_50-02.txt,61.404,0.500,30.702,0,0.000,0.00,0.000,0.000,0.000
12,ec.gp.GPIndividual@19116378{1113503327},3C_20_50-03.txt,30.993,0.500,15.496,0,0.000,0.00,0.000,0.000,0.000
12,ec.gp.GPIndividual@19116378{1113503327},3C_20_66-01.txt,7.322,0.500,3.661,0,0.000,0.00,0.000,0.000,0.000
12,ec.gp.GPIndividual@19116378{1113503327},3C_20_66-02.txt,154.245,0.500,77.122,0,0.000,0.00,0.000,0.000,0.000
12,ec.gp.GPIndividual@19116378{1113503327},3C_20_66-03.txt,118.340,0.500,59.170,0,0.000,0.00,0.000,0.000,0.000
12,ec.gp.GPIndividual@19116378{1113503327},3C_20_80-01.txt,4.194,0.500,2.097,0,0.000,0.00,0.000,0.000,0.000
12,ec.gp.GPIndividual@19116378{1113503327},3C_20_80-02.txt,35.738,0.500,17.869,0,0.000,0.00,0.000,0.000,0.000
12,ec.gp.GPIndividual@19116378{1113503327},3C_20_80-03.txt,169.439,0.500,84.719,0,0.000,0.00,0.000,0.000,0.000
12,ec.gp.GPIndividual@1757379962{-894400859},3C_20_50-02.txt,61.404,0.500,30.702,3,7.984,26.01,2.661,5.688,0.531
12,ec.gp.GPIndividual@1159802454{-1066967313},3C_20_50-02.txt,61.404,0.500,30.702,10,31.344,102.09,3.134,6.188,0.469
12,ec.gp.GPIndividual@1159802454{-1066967313},3C_20_50-03.txt,30.993,0.500,15.496,2,1.063,6.86,0.531,6.188,0.000
12,ec.gp.GPIndividual@1159802454{-1066967313},3C_20_80-01.txt,4.194,0.500,2.097,1,2.516,119.95,2.516,6.188,0.000
12,ec.gp.GPIndividual@1159802454{-1066967313},3C_20_50-03.txt,30.993,0.500,15.496,4,17.266,111.42,4.316,7.594,0.000
12,ec.gp.GPIndividual@1159802454{-1066967313},3C_20_66-01.txt,7.322,0.500,3.661,1,11.484,313.69,11.484,11.484,0.000
12,ec.gp.GPIndividual@1159802454{-1066967313},3C_20_80-03.txt,169.439,0.500,84.719,5,10.375,12.25,2.075,11.484,0.000
12,ec.gp.GPIndividual@1159802454{-1066967313},3C_20_66-01.txt,7.322,0.500,3.661,3,7.141,195.04,2.380,11.484,0.000
12,ec.gp.GPIndividual@1159802454{-1066967313},3C_20_66-01.txt,7.322,0.500,3.661,1,0.516,14.08,0.516,11.484,0.000
12,ec.gp.GPIndividual@1159802454{-1066967313},3C_20_66-02.txt,154.245,0.500,77.122,2,1.031,1.34,0.516,11.484,0.000
12,ec.gp.GPIndividual@1159802454{-1066967313},3C_20_66-02.txt,154.245,0.500,77.122,23,67.203,87.14,2.922,12.891,0.000
12,ec.gp.GPIndividual@1159802454{-1066967313},3C_20_66-03.txt,118.340,0.500,59.170,2,14.000,23.66,7.000,14.000,0.000
12,ec.gp.GPIndividual@1159802454{-1066967313},3C_20_80-02.txt,35.738,0.500,17.869,2,13.578,75.99,6.789,14.000,0.000
12,ec.gp.GPIndividual@1159802454{-1066967313},3C_20_66-03.txt,118.340,0.500,59.170,2,9.266,15.66,4.633,14.000,0.000
12,ec.gp.GPIndividual@1159802454{-1066967313},3C_20_66-01.txt,7.322,0.500,3.661,3,3.781,103.28,1.260,14.000,0.000
12,ec.gp.GPIndividual@1159802454{-1066967313},3C_20_66-02.txt,154.245,0.500,77.122,1,0.500,0.65,0.500,14.000,0.000
12,ec.gp.GPIndividual@1159802454{-1066967313},3C_20_80-03.txt,169.439,0.500,84.719,2,21.359,25.21,10.680,21.359,0.000
12,ec.gp.GPIndividual@1159802454{-1066967313},3C_20_66-02.txt,154.245,0.500,77.122,1,22.859,29.64,22.859,22.859,0.000
12,ec.gp.GPIndividual@547873614{1115472901},3C_20_50-02.txt,61.404,0.500,30.702,11,32.953,107.33,2.996,6.109,0.531
12,ec.gp.GPIndividual@547873614{1115472901},3C_20_80-01.txt,4.194,0.500,2.097,2,1.875,89.40,0.938,6.109,0.500
12,ec.gp.GPIndividual@1034330398{-1764054594},3C_20_50-02.txt,61.404,0.500,30.702,2,0.313,1.02,0.156,0.313,0.000
12,ec.gp.GPIndividual@1034330398{-1764054594},3C_20_66-03.txt,118.340,0.500,59.170,20,52.813,89.26,2.641,7.797,0.000
12,ec.gp.GPIndividual@1034330398{-1764054594},3C_20_80-01.txt,4.194,0.500,2.097,1,9.922,473.09,9.922,9.922,0.000
12,ec.gp.GPIndividual@1034330398{-1764054594},3C_20_50-03.txt,30.993,0.500,15.496,4,7.859,50.72,1.965,9.922,0.000
12,ec.gp.GPIndividual@1034330398{-1764054594},3C_20_80-02.txt,35.738,0.500,17.869,2,17.000,95.14,8.500,17.000,0.000
12,ec.gp.GPIndividual@1034330398{-1764054594},3C_20_50-03.txt,30.993,0.500,15.496,1,18.984,122.51,18.984,18.984,0.000
12,ec.gp.GPIndividual@1034330398{-1764054594},3C_20_66-03.txt,118.340,0.500,59.170,3,22.859,38.63,7.620,21.281,0.000
12,ec.gp.GPIndividual@1034330398{-1764054594},3C_20_80-01.txt,4.194,0.500,2.097,2,2.266,108.03,1.133,21.281,0.000
12,ec.gp.GPIndividual@1034330398{-1764054594},3C_20_80-03.txt,169.439,0.500,84.719,20,84.922,100.24,4.246,21.281,0.000
12,ec.gp.GPIndividual@1034330398{-1764054594},3C_20_66-01.txt,7.322,0.500,3.661,2,8.922,243.69,4.461,21.281,0.000
12,ec.gp.GPIndividual@1034330398{-1764054594},3C_20_80-02.txt,35.738,0.500,17.869,1,1.266,7.08,1.266,21.281,0.000
12,ec.gp.GPIndividual@1034330398{-1764054594},3C_20_66-02.txt,154.245,0.500,77.122,2,4.031,5.23,2.016,21.281,0.000
12,ec.gp.GPIndividual@1034330398{-1764054594},3C_20_66-01.txt,7.322,0.500,3.661,1,12.891,352.10,12.891,21.281,0.000
12,ec.gp.GPIndividual@1034330398{-1764054594},3C_20_80-02.txt,35.738,0.500,17.869,2,13.766,77.04,6.883,21.281,0.000
12,ec.gp.GPIndividual@1034330398{-1764054594},3C_20_80-01.txt,4.194,0.500,2.097,2,3.328,158.69,1.664,21.281,0.000
12,ec.gp.GPIndividual@1034330398{-1764054594},3C_20_80-03.txt,169.439,0.500,84.719,2,1.391,1.64,0.695,21.281,0.000
12,ec.gp.GPIndividual@1034330398{-1764054594},3C_20_66-02.txt,154.245,0.500,77.122,9,35.422,45.93,3.936,21.469,0.000
12,ec.gp.GPIndividual@965452223{639187689},3C_20_50-02.txt,61.404,0.500,30.702,17,30.563,99.55,1.798,6.375,0.000
12,ec.gp.GPIndividual@965452223{639187689},3C_20_50-03.txt,30.993,0.500,15.496,2,1.953,12.60,0.977,6.375,0.000
12,ec.gp.GPIndividual@965452223{639187689},3C_20_80-02.txt,35.738,0.500,17.869,2,3.172,17.75,1.586,6.375,0.000
12,ec.gp.GPIndividual@965452223{639187689},3C_20_80-03.txt,169.439,0.500,84.719,2,1.406,1.66,0.703,6.375,0.000
12,ec.gp.GPIndividual@965452223{639187689},3C_20_66-03.txt,118.340,0.500,59.170,2,3.672,6.21,1.836,6.375,0.000
12,ec.gp.GPIndividual@965452223{639187689},3C_20_66-03.txt,118.340,0.500,59.170,2,7.813,13.20,3.906,6.375,0.000
12,ec.gp.GPIndividual@1036096067{366423861},3C_20_50-02.txt,61.404,0.500,30.702,0,0.000,0.00,0.000,0.000,0.000
12,ec.gp.GPIndividual@1036096067{366423861},3C_20_50-03.txt,30.993,0.500,15.496,0,0.000,0.00,0.000,0.000,0.000
12,ec.gp.GPIndividual@1036096067{366423861},3C_20_66-01.txt,7.322,0.500,3.661,0,0.000,0.00,0.000,0.000,0.000
12,ec.gp.GPIndividual@1036096067{366423861},3C_20_66-02.txt,154.245,0.500,77.122,0,0.000,0.00,0.000,0.000,0.000
12,ec.gp.GPIndividual@1036096067{366423861},3C_20_66-03.txt,118.340,0.500,59.170,0,0.000,0.00,0.000,0.000,0.000
12,ec.gp.GPIndividual@1036096067{366423861},3C_20_80-01.txt,4.194,0.500,2.097,0,0.000,0.00,0.000,0.000,0.000
12,ec.gp.GPIndividual@1036096067{366423861},3C_20_80-02.txt,35.738,0.500,17.869,0,0.000,0.00,0.000,0.000,0.000
12,ec.gp.GPIndividual@1036096067{366423861},3C_20_80-03.txt,169.439,0.500,84.719,0,0.000,0.00,0.000,0.000,0.000
12,ec.gp.GPIndividual@1480752767{753425794},3C_20_50-02.txt,61.404,0.500,30.702,0,0.000,0.00,0.000,0.000,0.000
12,ec.gp.GPIndividual@1480752767{753425794},3C_20_50-03.txt,30.993,0.500,15.496,0,0.000,0.00,0.000,0.000,0.000
12,ec.gp.GPIndividual@1480752767{753425794},3C_20_66-01.txt,7.322,0.500,3.661,0,0.000,0.00,0.000,0.000,0.000
12,ec.gp.GPIndividual@1480752767{753425794},3C_20_66-02.txt,154.245,0.500,77.122,0,0.000,0.00,0.000,0.000,0.000
12,ec.gp.GPIndividual@1480752767{753425794},3C_20_66-03.txt,118.340,0.500,59.170,0,0.000,0.00,0.000,0.000,0.000
12,ec.gp.GPIndividual@1480752767{753425794},3C_20_80-01.txt,4.194,0.500,2.097,0,0.000,0.00,0.000,0.000,0.000
12,ec.gp.GPIndividual@1480752767{753425794},3C_20_80-02.txt,35.738,0.500,17.869,0,0.000,0.00,0.000,0.000,0.000
12,ec.gp.GPIndividual@1480752767{753425794},3C_20_80-03.txt,169.439,0.500,84.719,0,0.000,0.00,0.000,0.000,0.000
12,ec.gp.GPIndividual@1724306555{467105225},3C_20_50-02.txt,61.404,0.500,30.702,2,0.781,2.54,0.391,0.594,0.188
12,ec.gp.GPIndividual@1724306555{467105225},3C_20_80-02.txt,35.738,0.500,17.869,11,12.797,71.61,1.163,3.906,0.000
12,ec.gp.GPIndividual@1724306555{467105225},3C_20_50-03.txt,30.993,0.500,15.496,1,4.938,31.86,4.938,4.938,0.000
12,ec.gp.GPIndividual@1604479104{-1974943751},3C_20_50-02.txt,61.404,0.500,30.702,2,3.594,11.71,1.797,3.594,0.000
12,ec.gp.GPIndividual@1604479104{-1974943751},3C_20_80-03.txt,169.439,0.500,84.719,10,55.844,65.92,5.584,31.547,0.000
12,ec.gp.GPIndividual@1810501654{1541072515},3C_20_50-02.txt,61.404,0.500,30.702,0,0.000,0.00,0.000,0.000,0.000
12,ec.gp.GPIndividual@1810501654{1541072515},3C_20_50-03.txt,30.993,0.500,15.496,0,0.000,0.00,0.000,0.000,0.000
12,ec.gp.GPIndividual@1810501654{1541072515},3C_20_66-01.txt,7.322,0.500,3.661,0,0.000,0.00,0.000,0.000,0.000
12,ec.gp.GPIndividual@1810501654{1541072515},3C_20_66-02.txt,154.245,0.500,77.122,0,0.000,0.00,0.000,0.000,0.000
12,ec.gp.GPIndividual@1810501654{1541072515},3C_20_66-03.txt,118.340,0.500,59.170,0,0.000,0.00,0.000,0.000,0.000
12,ec.gp.GPIndividual@1810501654{1541072515},3C_20_80-01.txt,4.194,0.500,2.097,0,0.000,0.00,0.000,0.000,0.000
12,ec.gp.GPIndividual@1810501654{1541072515},3C_20_80-02.txt,35.738,0.500,17.869,0,0.000,0.00,0.000,0.000,0.000
12,ec.gp.GPIndividual@1810501654{1541072515},3C_20_80-03.txt,169.439,0.500,84.719,0,0.000,0.00,0.000,0.000,0.000
12,ec.gp.GPIndividual@367518795{-776533353},3C_20_50-02.txt,61.404,0.500,30.702,1,31.016,101.02,31.016,31.016,31.016
12,ec.gp.GPIndividual@367518795{-776533353},3C_20_50-03.txt,30.993,0.500,15.496,8,12.234,78.95,1.529,31.016,0.000
12,ec.gp.GPIndividual@367518795{-776533353},3C_20_50-03.txt,30.993,0.500,15.496,2,3.047,19.66,1.523,31.016,0.000
12,ec.gp.GPIndividual@367518795{-776533353},3C_20_66-01.txt,7.322,0.500,3.661,2,24.703,674.75,12.352,31.016,0.000
12,ec.gp.GPIndividual@367518795{-776533353},3C_20_66-01.txt,7.322,0.500,3.661,4,3.250,88.77,0.813,31.016,0.000
12,ec.gp.GPIndividual@367518795{-776533353},3C_20_66-01.txt,7.322,0.500,3.661,7,4.031,110.11,0.576,31.016,0.000
12,ec.gp.GPIndividual@367518795{-776533353},3C_20_66-02.txt,154.245,0.500,77.122,2,0.156,0.20,0.078,31.016,0.000
12,ec.gp.GPIndividual@367518795{-776533353},3C_20_66-02.txt,154.245,0.500,77.122,2,0.406,0.53,0.203,31.016,0.000
12,ec.gp.GPIndividual@367518795{-776533353},3C_20_66-02.txt,154.245,0.500,77.122,18,71.563,92.79,3.976,31.016,0.000
12,ec.gp.GPIndividual@367518795{-776533353},3C_20_66-03.txt,118.340,0.500,59.170,3,15.938,26.94,5.313,31.016,0.000
12,ec.gp.GPIndividual@367518795{-776533353},3C_20_66-03.txt,118.340,0.500,59.170,7,42.813,72.36,6.116,31.016,0.000
12,ec.gp.GPIndividual@367518795{-776533353},3C_20_66-03.txt,118.340,0.500,59.170,2,15.141,25.59,7.570,31.016,0.000
12,ec.gp.GPIndividual@367518795{-776533353},3C_20_80-01.txt,4.194,0.500,2.097,1,13.813,658.60,13.813,31.016,0.000
12,ec.gp.GPIndividual@367518795{-776533353},3C_20_80-01.txt,4.194,0.500,2.097,3,1.719,81.95,0.573,31.016,0.000
12,ec.gp.GPIndividual@367518795{-776533353},3C_20_80-02.txt,35.738,0.500,17.869,1,0.453,2.54,0.453,31.016,0.000
12,ec.gp.GPIndividual@367518795{-776533353},3C_20_80-02.txt,35.738,0.500,17.869,14,13.703,76.69,0.979,31.016,0.000
12,ec.gp.GPIndividual@367518795{-776533353},3C_20_80-03.txt,169.439,0.500,84.719,2,4.453,5.26,2.227,31.016,0.000
12,ec.gp.GPIndividual@367518795{-776533353},3C_20_80-01.txt,4.194,0.500,2.097,1,3.203,152.73,3.203,31.016,0.000
12,ec.gp.GPIndividual@367518795{-776533353},3C_20_80-03.txt,169.439,0.500,84.719,9,41.938,49.50,4.660,31.469,0.000
12,ec.gp.GPIndividual@598932245{-165859888},3C_20_50-02.txt,61.404,0.500,30.702,2,32.688,106.47,16.344,32.531,0.156
13,ec.gp.GPIndividual@2100599475{38086800},3C_20_50-02.txt,61.404,0.500,30.702,0,0.000,0.00,0.000,0.000,0.000
13,ec.gp.GPIndividual@2100599475{38086800},3C_20_50-03.txt,30.993,0.500,15.496,0,0.000,0.00,0.000,0.000,0.000
13,ec.gp.GPIndividual@2100599475{38086800},3C_20_66-01.txt,7.322,0.500,3.661,0,0.000,0.00,0.000,0.000,0.000
13,ec.gp.GPIndividual@2100599475{38086800},3C_20_66-02.txt,154.245,0.500,77.122,0,0.000,0.00,0.000,0.000,0.000
13,ec.gp.GPIndividual@2100599475{38086800},3C_20_66-03.txt,118.340,0.500,59.170,0,0.000,0.00,0.000,0.000,0.000
13,ec.gp.GPIndividual@2100599475{38086800},3C_20_80-01.txt,4.194,0.500,2.097,0,0.000,0.00,0.000,0.000,0.000
13,ec.gp.GPIndividual@2100599475{38086800},3C_20_80-02.txt,35.738,0.500,17.869,0,0.000,0.00,0.000,0.000,0.000
13,ec.gp.GPIndividual@2100599475{38086800},3C_20_80-03.txt,169.439,0.500,84.719,0,0.000,0.00,0.000,0.000,0.000
13,ec.gp.GPIndividual@1893535055{298912243},3C_20_50-02.txt,61.404,0.500,30.702,0,0.000,0.00,0.000,0.000,0.000
13,ec.gp.GPIndividual@1893535055{298912243},3C_20_50-03.txt,30.993,0.500,15.496,0,0.000,0.00,0.000,0.000,0.000
13,ec.gp.GPIndividual@1893535055{298912243},3C_20_66-01.txt,7.322,0.500,3.661,5,1.250,34.14,0.250,0.250,0.250
13,ec.gp.GPIndividual@1893535055{298912243},3C_20_66-02.txt,154.245,0.500,77.122,0,0.000,0.00,0.000,0.250,0.250
13,ec.gp.GPIndividual@1893535055{298912243},3C_20_66-03.txt,118.340,0.500,59.170,0,0.000,0.00,0.000,0.250,0.250
13,ec.gp.GPIndividual@1893535055{298912243},3C_20_80-01.txt,4.194,0.500,2.097,0,0.000,0.00,0.000,0.250,0.250
13,ec.gp.GPIndividual@1893535055{298912243},3C_20_80-02.txt,35.738,0.500,17.869,0,0.000,0.00,0.000,0.250,0.250
13,ec.gp.GPIndividual@1893535055{298912243},3C_20_80-03.txt,169.439,0.500,84.719,1,1.078,1.27,1.078,1.078,0.250
13,ec.gp.GPIndividual@1893535055{298912243},3C_20_50-03.txt,30.993,0.500,15.496,1,1.078,6.96,1.078,1.078,0.250
13,ec.gp.GPIndividual@1893535055{298912243},3C_20_50-03.txt,30.993,0.500,15.496,0,0.000,0.00,0.000,1.078,0.250
13,ec.gp.GPIndividual@1966451280{-548305787},3C_20_50-02.txt,61.404,0.500,30.702,1,1.219,3.97,1.219,1.219,1.219
13,ec.gp.GPIndividual@1966451280{-548305787},3C_20_50-03.txt,30.993,0.500,15.496,1,1.344,8.67,1.344,1.344,1.219
13,ec.gp.GPIndividual@1966451280{-548305787},3C_20_50-03.txt,30.993,0.500,15.496,2,1.766,11.39,0.883,1.500,0.266
13,ec.gp.GPIndividual@1966451280{-548305787},3C_20_50-03.txt,30.993,0.500,15.496,5,16.953,109.40,3.391,4.453,0.266
13,ec.gp.GPIndividual@1966451280{-548305787},3C_20_50-03.txt,30.993,0.500,15.496,2,4.813,31.06,2.406,4.453,0.266
13,ec.gp.GPIndividual@1966451280{-548305787},3C_20_66-01.txt,7.322,0.500,3.661,1,4.438,121.21,4.438,4.453,0.266
13,ec.gp.GPIndividual@1966451280{-548305787},3C_20_66-01.txt,7.322,0.500,3.661,3,2.719,74.26,0.906,4.453,0.266
13,ec.gp.GPIndividual@1966451280{-548305787},3C_20_66-02.txt,154.245,0.500,77.122,1,2.219,2.88,2.219,4.453,0.266
13,ec.gp.GPIndividual@1966451280{-548305787},3C_20_66-01.txt,7.322,0.500,3.661,1,1.219,33.29,1.219,4.453,0.266
13,ec.gp.GPIndividual@1966451280{-548305787},3C_20_66-02.txt,154.245,0.500,77.122,2,5.000,6.48,2.500,4.453,0.266
13,ec.gp.GPIndividual@1966451280{-548305787},3C_20_66-01.txt,7.322,0.500,3.661,1,4.422,120.78,4.422,4.453,0.266
13,ec.gp.GPIndividual@1966451280{-548305787},3C_20_66-01.txt,7.322,0.500,3.661,2,6.875,187.79,3.438,4.578,0.266
13,ec.gp.GPIndividual@1966451280{-548305787},3C_20_66-01.txt,7.322,0.500,3.661,2,3.859,105.42,1.930,4.578,0.266
13,ec.gp.GPIndividual@1966451280{-548305787},3C_20_66-03.txt,118.340,0.500,59.170,1,0.609,1.03,0.609,4.578,0.266
13,ec.gp.GPIndividual@1966451280{-548305787},3C_20_66-03.txt,118.340,0.500,59.170,5,4.203,7.10,0.841,4.578,0.000
13,ec.gp.GPIndividual@1966451280{-548305787},3C_20_66-02.txt,154.245,0.500,77.122,21,70.469,91.37,3.356,15.047,0.000
13,ec.gp.GPIndividual@1966451280{-548305787},3C_20_80-01.txt,4.194,0.500,2.097,2,17.578,838.15,8.789,16.672,0.000
13,ec.gp.GPIndividual@1966451280{-548305787},3C_20_80-01.txt,4.194,0.500,2.097,1,0.547,26.08,0.547,16.672,0.000
13,ec.gp.GPIndividual@1966451280{-548305787},3C_20_80-02.txt,35.738,0.500,17.869,3,17.672,98.90,5.891,17.313,0.000
13,ec.gp.GPIndividual@1966451280{-548305787},3C_20_66-03.txt,118.340,0.500,59.170,3,9.766,16.50,3.255,17.313,0.000
13,ec.gp.GPIndividual@1966451280{-548305787},3C_20_66-02.txt,154.245,0.500,77.122,19,76.797,99.58,4.042,23.609,0.000
13,ec.gp.GPIndividual@1966451280{-548305787},3C_20_80-02.txt,35.738,0.500,17.869,2,0.719,4.02,0.359,23.609,0.000
13,ec.gp.GPIndividual@1966451280{-548305787},3C_20_66-03.txt,118.340,0.500,59.170,2,1.438,2.43,0.719,23.609,0.000
13,ec.gp.GPIndividual@1966451280{-548305787},3C_20_80-03.txt,169.439,0.500,84.719,6,24.141,28.49,4.023,23.609,0.000
13,ec.gp.GPIndividual@1966451280{-548305787},3C_20_66-02.txt,154.245,0.500,77.122,11,50.078,64.93,4.553,23.609,0.000
13,ec.gp.GPIndividual@1966451280{-548305787},3C_20_66-02.txt,154.245,0.500,77.122,12,86.297,111.90,7.191,32.391,0.000
13,ec.gp.GPIndividual@1966451280{-548305787},3C_20_80-03.txt,169.439,0.500,84.719,1,27.844,32.87,27.844,32.391,0.000
13,ec.gp.GPIndividual@413693020{1954268000},3C_20_50-02.txt,61.404,0.500,30.702,0,0.000,0.00,0.000,0.000,0.000
13,ec.gp.GPIndividual@413693020{1954268000},3C_20_50-03.txt,30.993,0.500,15.496,0,0.000,0.00,0.000,0.000,0.000
13,ec.gp.GPIndividual@413693020{1954268000},3C_20_66-01.txt,7.322,0.500,3.661,0,0.000,0.00,0.000,0.000,0.000
13,ec.gp.GPIndividual@413693020{1954268000},3C_20_66-02.txt,154.245,0.500,77.122,0,0.000,0.00,0.000,0.000,0.000
13,ec.gp.GPIndividual@413693020{1954268000},3C_20_66-03.txt,118.340,0.500,59.170,0,0.000,0.00,0.000,0.000,0.000
13,ec.gp.GPIndividual@413693020{1954268000},3C_20_80-01.txt,4.194,0.500,2.097,0,0.000,0.00,0.000,0.000,0.000
13,ec.gp.GPIndividual@413693020{1954268000},3C_20_80-02.txt,35.738,0.500,17.869,0,0.000,0.00,0.000,0.000,0.000
13,ec.gp.GPIndividual@413693020{1954268000},3C_20_80-03.txt,169.439,0.500,84.719,0,0.000,0.00,0.000,0.000,0.000
13,ec.gp.GPIndividual@191864478{1870525935},3C_20_50-02.txt,61.404,0.500,30.702,5,11.281,36.74,2.256,6.453,0.000
13,ec.gp.GPIndividual@191864478{1870525935},3C_20_80-01.txt,4.194,0.500,2.097,1,6.281,299.50,6.281,6.453,0.000
13,ec.gp.GPIndividual@1267517922{-1974943751},3C_20_50-02.txt,61.404,0.500,30.702,7,40.047,130.44,5.721,30.297,0.531
13,ec.gp.GPIndividual@1267517922{-1974943751},3C_20_66-03.txt,118.340,0.500,59.170,3,26.922,45.50,8.974,30.297,0.000
13,ec.gp.GPIndividual@1267517922{-1974943751},3C_20_66-03.txt,118.340,0.500,59.170,5,28.172,47.61,5.634,30.297,0.000
13,ec.gp.GPIndividual@1267517922{-1974943751},3C_20_80-01.txt,4.194,0.500,2.097,1,6.469,308.44,6.469,30.297,0.000
13,ec.gp.GPIndividual@1267517922{-1974943751},3C_20_80-01.txt,4.194,0.500,2.097,2,0.891,42.47,0.445,30.297,0.000
13,ec.gp.GPIndividual@1267517922{-1974943751},3C_20_80-02.txt,35.738,0.500,17.869,4,14.156,79.22,3.539,30.297,0.000
13,ec.gp.GPIndividual@1267517922{-1974943751},3C_20_50-03.txt,30.993,0.500,15.496,8,15.031,97.00,1.879,30.297,0.000
13,ec.gp.GPIndividual@1267517922{-1974943751},3C_20_80-02.txt,35.738,0.500,17.869,2,1.250,7.00,0.625,30.297,0.000
13,ec.gp.GPIndividual@1267517922{-1974943751},3C_20_80-03.txt,169.439,0.500,84.719,1,2.516,2.97,2.516,30.297,0.000
13,ec.gp.GPIndividual@1267517922{-1974943751},3C_20_80-01.txt,4.194,0.500,2.097,2,1.766,84.19,0.883,30.297,0.000
13,ec.gp.GPIndividual@1267517922{-1974943751},3C_20_80-02.txt,35.738,0.500,17.869,11,17.563,98.28,1.597,30.297,0.000
13,ec.gp.GPIndividual@1267517922{-1974943751},3C_20_80-02.txt,35.738,0.500,17.869,2,0.734,4.11,0.367,30.297,0.000
13,ec.gp.GPIndividual@1267517922{-1974943751},3C_20_80-03.txt,169.439,0.500,84.719,3,12.531,14.79,4.177,30.297,0.000
13,ec.gp.GPIndividual@1267517922{-1974943751},3C_20_66-01.txt,7.322,0.500,3.661,3,4.266,116.51,1.422,30.297,0.000
13,ec.gp.GPIndividual@1267517922{-1974943751},3C_20_66-02.txt,154.245,0.500,77.122,1,0.359,0.47,0.359,30.297,0.000
13,ec.gp.GPIndividual@1267517922{-1974943751},3C_20_80-03.txt,169.439,0.500,84.719,2,1.047,1.24,0.523,30.297,0.000
13,ec.gp.GPIndividual@1267517922{-1974943751},3C_20_80-03.txt,169.439,0.500,84.719,9,48.500,57.25,5.389,30.297,0.000
13,ec.gp.GPIndividual@1267517922{-1974943751},3C_20_50-03.txt,30.993,0.500,15.496,4,11.688,75.42,2.922,30.297,0.000
13,ec.gp.GPIndividual@1267517922{-1974943751},3C_20_66-03.txt,118.340,0.500,59.170,1,3.906,6.60,3.906,30.297,0.000
13,ec.gp.GPIndividual@1267517922{-1974943751},3C_20_66-01.txt,7.322,0.500,3.661,2,2.406,65.72,1.203,30.297,0.000
13,ec.gp.GPIndividual@1267517922{-1974943751},3C_20_66-02.txt,154.245,0.500,77.122,6,42.984,55.74,7.164,30.969,0.000
13,ec.gp.GPIndividual@1626219175{-1565908382},3C_20_50-02.txt,61.404,0.500,30.702,0,0.000,0.00,0.000,0.000,0.000
13,ec.gp.GPIndividual@1626219175{-1565908382},3C_20_50-03.txt,30.993,0.500,15.496,0,0.000,0.00,0.000,0.000,0.000
13,ec.gp.GPIndividual@1626219175{-1565908382},3C_20_66-01.txt,7.322,0.500,3.661,0,0.000,0.00,0.000,0.000,0.000
13,ec.gp.GPIndividual@1626219175{-1565908382},3C_20_66-02.txt,154.245,0.500,77.122,0,0.000,0.00,0.000,0.000,0.000
13,ec.gp.GPIndividual@1626219175{-1565908382},3C_20_66-03.txt,118.340,0.500,59.170,0,0.000,0.00,0.000,0.000,0.000
13,ec.gp.GPIndividual@1626219175{-1565908382},3C_20_80-01.txt,4.194,0.500,2.097,0,0.000,0.00,0.000,0.000,0.000
13,ec.gp.GPIndividual@1626219175{-1565908382},3C_20_80-02.txt,35.738,0.500,17.869,0,0.000,0.00,0.000,0.000,0.000
13,ec.gp.GPIndividual@1626219175{-1565908382},3C_20_80-03.txt,169.439,0.500,84.719,0,0.000,0.00,0.000,0.000,0.000
13,ec.gp.GPIndividual@819677133{1370051207},3C_20_50-02.txt,61.404,0.500,30.702,2,24.953,81.27,12.477,24.422,0.531
13,ec.gp.GPIndividual@1138793304{14173614},3C_20_50-02.txt,61.404,0.500,30.702,5,43.625,142.09,8.725,26.750,0.531
13,ec.gp.GPIndividual@30640284{1386538456},3C_20_50-02.txt,61.404,0.500,30.702,2,31.094,101.28,15.547,30.578,0.516
13,ec.gp.GPIndividual@544833627{1701929134},3C_20_50-02.txt,61.404,0.500,30.702,10,24.906,81.12,2.491,6.969,0.000
13,ec.gp.GPIndividual@544833627{1701929134},3C_20_80-01.txt,4.194,0.500,2.097,1,2.688,128.14,2.688,6.969,0.000
13,ec.gp.GPIndividual@544833627{1701929134},3C_20_50-03.txt,30.993,0.500,15.496,2,0.891,5.75,0.445,6.969,0.000
13,ec.gp.GPIndividual@544833627{1701929134},3C_20_80-02.txt,35.738,0.500,17.869,5,11.641,65.14,2.328,6.969,0.000
13,ec.gp.GPIndividual@544833627{1701929134},3C_20_50-03.txt,30.993,0.500,15.496,4,13.500,87.12,3.375,7.422,0.000
13,ec.gp.GPIndividual@544833627{1701929134},3C_20_50-03.txt,30.993,0.500,15.496,3,7.313,47.19,2.438,7.422,0.000
13,ec.gp.GPIndividual@544833627{1701929134},3C_20_50-03.txt,30.993,0.500,15.496,3,10.313,66.55,3.438,7.422,0.000
13,ec.gp.GPIndividual@544833627{1701929134},3C_20_66-01.txt,7.322,0.500,3.661,1,4.063,110.96,4.063,7.422,0.000
13,ec.gp.GPIndividual@544833627{1701929134},3C_20_66-01.txt,7.322,0.500,3.661,3,3.375,92.19,1.125,7.422,0.000
13,ec.gp.GPIndividual@544833627{1701929134},3C_20_66-02.txt,154.245,0.500,77.122,1,0.703,0.91,0.703,7.422,0.000
13,ec.gp.GPIndividual@544833627{1701929134},3C_20_66-02.txt,154.245,0.500,77.122,2,8.109,10.51,4.055,7.422,0.000
13,ec.gp.GPIndividual@544833627{1701929134},3C_20_66-01.txt,7.322,0.500,3.661,1,26.078,712.30,26.078,26.078,0.000
13,ec.gp.GPIndividual@544833627{1701929134},3C_20_66-03.txt,118.340,0.500,59.170,4,9.031,15.26,2.258,26.078,0.000
13,ec.gp.GPIndividual@544833627{1701929134},3C_20_80-03.txt,169.439,0.500,84.719,21,84.328,99.54,4.016,26.078,0.000
13,ec.gp.GPIndividual@544833627{1701929134},3C_20_66-03.txt,118.340,0.500,59.170,1,19.344,32.69,19.344,26.078,0.000
13,ec.gp.GPIndividual@973948474{152012693},3C_20_50-02.txt,61.404,0.500,30.702,0,0.000,0.00,0.000,0.000,0.000
13,ec.gp.GPIndividual@973948474{152012693},3C_20_50-03.txt,30.993,0.500,15.496,0,0.000,0.00,0.000,0.000,0.000
13,ec.gp.GPIndividual@973948474{152012693},3C_20_66-01.txt,7.322,0.500,3.661,0,0.000,0.00,0.000,0.000,0.000
13,ec.gp.GPIndividual@973948474{152012693},3C_20_66-02.txt,154.245,0.500,77.122,0,0.000,0.00,0.000,0.000,0.000
13,ec.gp.GPIndividual@973948474{152012693},3C_20_66-03.txt,118.340,0.500,59.170,0,0.000,0.00,0.000,0.000,0.000
13,ec.gp.GPIndividual@973948474{152012693},3C_20_80-01.txt,4.194,0.500,2.097,0,0.000,0.00,0.000,0.000,0.000
13,ec.gp.GPIndividual@973948474{152012693},3C_20_80-02.txt,35.738,0.500,17.869,0,0.000,0.00,0.000,0.000,0.000
13,ec.gp.GPIndividual@973948474{152012693},3C_20_80-03.txt,169.439,0.500,84.719,0,0.000,0.00,0.000,0.000,0.000
13,ec.gp.GPIndividual@1394521875{1386538456},3C_20_50-02.txt,61.404,0.500,30.702,2,10.953,35.68,5.477,10.953,0.000
13,ec.gp.GPIndividual@1394521875{1386538456},3C_20_66-01.txt,7.322,0.500,3.661,3,2.859,78.10,0.953,10.953,0.000
13,ec.gp.GPIndividual@1394521875{1386538456},3C_20_50-03.txt,30.993,0.500,15.496,1,21.891,141.26,21.891,21.891,0.000
13,ec.gp.GPIndividual@1394521875{1386538456},3C_20_66-03.txt,118.340,0.500,59.170,1,0.875,1.48,0.875,21.891,0.000
13,ec.gp.GPIndividual@1394521875{1386538456},3C_20_66-02.txt,154.245,0.500,77.122,2,7.625,9.89,3.813,21.891,0.000
13,ec.gp.GPIndividual@1394521875{1386538456},3C_20_80-01.txt,4.194,0.500,2.097,1,2.734,130.38,2.734,21.891,0.000
13,ec.gp.GPIndividual@1394521875{1386538456},3C_20_66-03.txt,118.340,0.500,59.170,3,6.938,11.72,2.313,21.891,0.000
13,ec.gp.GPIndividual@1394521875{1386538456},3C_20_80-02.txt,35.738,0.500,17.869,2,31.656,177.16,15.828,27.609,0.000
13,ec.gp.GPIndividual@1394521875{1386538456},3C_20_66-02.txt,154.245,0.500,77.122,10,32.031,41.53,3.203,27.609,0.000
13,ec.gp.GPIndividual@1394521875{1386538456},3C_20_66-01.txt,7.322,0.500,3.661,2,4.828,131.88,2.414,27.609,0.000
13,ec.gp.GPIndividual@1394521875{1386538456},3C_20_80-03.txt,169.439,0.500,84.719,2,0.156,0.18,0.078,27.609,0.000
13,ec.gp.GPIndividual@1394521875{1386538456},3C_20_80-01.txt,4.194,0.500,2.097,3,3.391,161.67,1.130,27.609,0.000
13,ec.gp.GPIndividual@1394521875{1386538456},3C_20_66-03.txt,118.340,0.500,59.170,1,0.156,0.26,0.156,27.609,0.000
13,ec.gp.GPIndividual@1394521875{1386538456},3C_20_80-02.txt,35.738,0.500,17.869,1,0.516,2.89,0.516,27.609,0.000
13,ec.gp.GPIndividual@1394521875{1386538456},3C_20_66-02.txt,154.245,0.500,77.122,16,60.375,78.28,3.773,27.609,0.000
13,ec.gp.GPIndividual@1394521875{1386538456},3C_20_80-01.txt,4.194,0.500,2.097,2,1.422,67.80,0.711,27.609,0.000
13,ec.gp.GPIndividual@1394521875{1386538456},3C_20_80-02.txt,35.738,0.500,17.869,3,20.922,117.08,6.974,27.609,0.000
13,ec.gp.GPIndividual@1394521875{1386538456},3C_20_66-03.txt,118.340,0.500,59.170,2,16.844,28.47,8.422,27.609,0.000
13,ec.gp.GPIndividual@1394521875{1386538456},3C_20_80-01.txt,4.194,0.500,2.097,1,18.938,902.97,18.938,27.609,0.000
13,ec.gp.GPIndividual@1394521875{1386538456},3C_20_80-03.txt,169.439,0.500,84.719,4,27.156,32.05,6.789,27.609,0.000
13,ec.gp.GPIndividual@1642314084{1481954931},3C_20_50-02.txt,61.404,0.500,30.702,4,33.281,108.40,8.320,29.750,0.328
13,ec.gp.GPIndividual@1642314084{1481954931},3C_20_80-01.txt,4.194,0.500,2.097,2,2.109,100.58,1.055,29.750,0.156
13,ec.gp.GPIndividual@1642314084{1481954931},3C_20_80-03.txt,169.439,0.500,84.719,20,67.484,79.66,3.374,29.750,0.000
13,ec.gp.GPIndividual@1642314084{1481954931},3C_20_80-02.txt,35.738,0.500,17.869,1,18.734,104.84,18.734,29.750,0.000
13,ec.gp.GPIndividual@67467408{-1217989471},3C_20_50-02.txt,61.404,0.500,30.702,3,13.375,43.56,4.458,12.844,0.000
13,ec.gp.GPIndividual@67467408{-1217989471},3C_20_80-02.txt,35.738,0.500,17.869,2,23.578,131.95,11.789,21.422,0.000
13,ec.gp.GPIndividual@67467408{-1217989471},3C_20_50-03.txt,30.993,0.500,15.496,1,22.500,145.20,22.500,22.500,0.000
13,ec.gp.GPIndividual@67467408{-1217989471},3C_20_80-01.txt,4.194,0.500,2.097,2,2.781,132.61,1.391,22.500,0.000
13,ec.gp.GPIndividual@67467408{-1217989471},3C_20_50-03.txt,30.993,0.500,15.496,2,0.500,3.23,0.250,22.500,0.000
13,ec.gp.GPIndividual@67467408{-1217989471},3C_20_80-03.txt,169.439,0.500,84.719,5,33.109,39.08,6.622,27.672,0.000
13,ec.gp.GPIndividual@2048360878{753425794},3C_20_50-02.txt,61.404,0.500,30.702,0,0.000,0.00,0.000,0.000,0.000
13,ec.gp.GPIndividual@2048360878{753425794},3C_20_50-03.txt,30.993,0.500,15.496,0,0.000,0.00,0.000,0.000,0.000
13,ec.gp.GPIndividual@2048360878{753425794},3C_20_66-01.txt,7.322,0.500,3.661,0,0.000,0.00,0.000,0.000,0.000
13,ec.gp.GPIndividual@2048360878{753425794},3C_20_66-02.txt,154.245,0.500,77.122,0,0.000,0.00,0.000,0.000,0.000
13,ec.gp.GPIndividual@2048360878{753425794},3C_20_66-03.txt,118.340,0.500,59.170,0,0.000,0.00,0.000,0.000,0.000
13,ec.gp.GPIndividual@2048360878{753425794},3C_20_80-01.txt,4.194,0.500,2.097,0,0.000,0.00,0.000,0.000,0.000
13,ec.gp.GPIndividual@2048360878{753425794},3C_20_80-02.txt,35.738,0.500,17.869,0,0.000,0.00,0.000,0.000,0.000
13,ec.gp.GPIndividual@2048360878{753425794},3C_20_80-03.txt,169.439,0.500,84.719,0,0.000,0.00,0.000,0.000,0.000
13,ec.gp.GPIndividual@2105242408{836311764},3C_20_50-02.txt,61.404,0.500,30.702,12,30.781,100.26,2.565,6.125,0.172
13,ec.gp.GPIndividual@2105242408{836311764},3C_20_80-02.txt,35.738,0.500,17.869,2,1.797,10.06,0.898,6.125,0.000
13,ec.gp.GPIndividual@2105242408{836311764},3C_20_50-03.txt,30.993,0.500,15.496,2,3.031,19.56,1.516,6.125,0.000
13,ec.gp.GPIndividual@2105242408{836311764},3C_20_80-03.txt,169.439,0.500,84.719,2,6.063,7.16,3.031,6.125,0.000
13,ec.gp.GPIndividual@1547877881{963030470},3C_20_50-02.txt,61.404,0.500,30.702,0,0.000,0.00,0.000,0.000,0.000
13,ec.gp.GPIndividual@1547877881{963030470},3C_20_50-03.txt,30.993,0.500,15.496,0,0.000,0.00,0.000,0.000,0.000
13,ec.gp.GPIndividual@1547877881{963030470},3C_20_66-01.txt,7.322,0.500,3.661,0,0.000,0.00,0.000,0.000,0.000
13,ec.gp.GPIndividual@1547877881{963030470},3C_20_66-02.txt,154.245,0.500,77.122,0,0.000,0.00,0.000,0.000,0.000
13,ec.gp.GPIndividual@1547877881{963030470},3C_20_66-03.txt,118.340,0.500,59.170,0,0.000,0.00,0.000,0.000,0.000
13,ec.gp.GPIndividual@1547877881{963030470},3C_20_80-01.txt,4.194,0.500,2.097,0,0.000,0.00,0.000,0.000,0.000
13,ec.gp.GPIndividual@1547877881{963030470},3C_20_80-02.txt,35.738,0.500,17.869,0,0.000,0.00,0.000,0.000,0.000
13,ec.gp.GPIndividual@1547877881{963030470},3C_20_80-03.txt,169.439,0.500,84.719,0,0.000,0.00,0.000,0.000,0.000
13,ec.gp.GPIndividual@283654297{-1600457523},3C_20_50-02.txt,61.404,0.500,30.702,10,31.000,100.97,3.100,7.359,0.531
13,ec.gp.GPIndividual@283654297{-1600457523},3C_20_66-01.txt,7.322,0.500,3.661,1,6.484,177.12,6.484,7.359,0.531
13,ec.gp.GPIndividual@1241125790{1386538456},3C_20_50-02.txt,61.404,0.500,30.702,2,1.078,3.51,0.539,1.078,0.000
13,ec.gp.GPIndividual@1241125790{1386538456},3C_20_50-03.txt,30.993,0.500,15.496,5,9.156,59.09,1.831,5.734,0.000
13,ec.gp.GPIndividual@1241125790{1386538456},3C_20_66-01.txt,7.322,0.500,3.661,3,3.250,88.77,1.083,5.734,0.000
13,ec.gp.GPIndividual@1241125790{1386538456},3C_20_66-02.txt,154.245,0.500,77.122,3,2.672,3.46,0.891,5.734,0.000
13,ec.gp.GPIndividual@1241125790{1386538456},3C_20_50-03.txt,30.993,0.500,15.496,2,9.500,61.31,4.750,9.500,0.000
13,ec.gp.GPIndividual@1241125790{1386538456},3C_20_66-01.txt,7.322,0.500,3.661,2,5.656,154.50,2.828,9.500,0.000
13,ec.gp.GPIndividual@1241125790{1386538456},3C_20_66-01.txt,7.322,0.500,3.661,2,1.031,28.17,0.516,9.500,0.000
13,ec.gp.GPIndividual@1241125790{1386538456},3C_20_66-02.txt,154.245,0.500,77.122,5,10.000,12.97,2.000,9.500,0.000
13,ec.gp.GPIndividual@1241125790{1386538456},3C_20_80-03.txt,169.439,0.500,84.719,20,73.078,86.26,3.654,21.828,0.000
13,ec.gp.GPIndividual@147792824{639187689},3C_20_50-02.txt,61.404,0.500,30.702,3,20.938,68.20,6.979,20.609,0.000
13,ec.gp.GPIndividual@147792824{639187689},3C_20_66-03.txt,118.340,0.500,59.170,2,24.234,40.96,12.117,24.234,0.000
13,ec.gp.GPIndividual@147792824{639187689},3C_20_66-03.txt,118.340,0.500,59.170,3,27.922,47.19,9.307,26.328,0.000
13,ec.gp.GPIndividual@147792824{639187689},3C_20_66-02.txt,154.245,0.500,77.122,2,26.672,34.58,13.336,26.672,0.000
13,ec.gp.GPIndividual@147792824{639187689},3C_20_66-02.txt,154.245,0.500,77.122,5,21.234,27.53,4.247,26.672,0.000
13,ec.gp.GPIndividual@147792824{639187689},3C_20_66-01.txt,7.322,0.500,3.661,3,3.734,102.00,1.245,26.672,0.000
13,ec.gp.GPIndividual@147792824{639187689},3C_20_66-03.txt,118.340,0.500,59.170,1,0.688,1.16,0.688,26.672,0.000
13,ec.gp.GPIndividual@147792824{639187689},3C_20_66-02.txt,154.245,0.500,77.122,3,7.234,9.38,2.411,26.672,0.000
13,ec.gp.GPIndividual@147792824{639187689},3C_20_66-03.txt,118.340,0.500,59.170,15,50.656,85.61,3.377,26.672,0.000
13,ec.gp.GPIndividual@147792824{639187689},3C_20_80-01.txt,4.194,0.500,2.097,1,7.406,353.14,7.406,26.672,0.000
13,ec.gp.GPIndividual@147792824{639187689},3C_20_80-01.txt,4.194,0.500,2.097,3,1.906,90.89,0.635,26.672,0.000
13,ec.gp.GPIndividual@147792824{639187689},3C_20_80-02.txt,35.738,0.500,17.869,1,0.531,2.97,0.531,26.672,0.000
13,ec.gp.GPIndividual@147792824{639187689},3C_20_80-02.txt,35.738,0.500,17.869,2,8.813,49.32,4.406,26.672,0.000
13,ec.gp.GPIndividual@147792824{639187689},3C_20_66-03.txt,118.340,0.500,59.170,4,19.578,33.09,4.895,26.672,0.000
13,ec.gp.GPIndividual@147792824{639187689},3C_20_80-01.txt,4.194,0.500,2.097,2,2.344,111.75,1.172,26.672,0.000
13,ec.gp.GPIndividual@147792824{639187689},3C_20_80-03.txt,169.439,0.500,84.719,2,0.500,0.59,0.250,26.672,0.000
13,ec.gp.GPIndividual@147792824{639187689},3C_20_80-03.txt,169.439,0.500,84.719,2,17.516,20.67,8.758,26.672,0.000
13,ec.gp.GPIndividual@147792824{639187689},3C_20_80-01.txt,4.194,0.500,2.097,2,1.531,73.01,0.766,26.672,0.000
13,ec.gp.GPIndividual@147792824{639187689},3C_20_80-02.txt,35.738,0.500,17.869,2,23.391,130.90,11.695,26.672,0.000
13,ec.gp.GPIndividual@147792824{639187689},3C_20_50-03.txt,30.993,0.500,15.496,6,18.203,117.47,3.034,26.672,0.000
13,ec.gp.GPIndividual@188164950{1036307326},3C_20_50-02.txt,61.404,0.500,30.702,2,1.469,4.78,0.734,1.469,0.000
13,ec.gp.GPIndividual@188164950{1036307326},3C_20_80-03.txt,169.439,0.500,84.719,2,2.016,2.38,1.008,2.016,0.000
13,ec.gp.GPIndividual@188164950{1036307326},3C_20_80-02.txt,35.738,0.500,17.869,1,3.422,19.15,3.422,3.422,0.000
13,ec.gp.GPIndividual@188164950{1036307326},3C_20_80-01.txt,4.194,0.500,2.097,1,4.031,192.22,4.031,4.031,0.000
13,ec.gp.GPIndividual@188164950{1036307326},3C_20_66-01.txt,7.322,0.500,3.661,2,6.672,182.24,3.336,6.266,0.000
13,ec.gp.GPIndividual@261856604{-1031320449},3C_20_50-02.txt,61.404,0.500,30.702,4,2.172,7.07,0.543,1.094,0.000
13,ec.gp.GPIndividual@261856604{-1031320449},3C_20_80-03.txt,169.439,0.500,84.719,4,5.703,6.73,1.426,3.000,0.000
13,ec.gp.GPIndividual@261856604{-1031320449},3C_20_66-02.txt,154.245,0.500,77.122,10,43.688,56.65,4.369,23.953,0.000
13,ec.gp.GPIndividual@261856604{-1031320449},3C_20_66-03.txt,118.340,0.500,59.170,2,23.000,38.87,11.500,23.953,0.000
13,ec.gp.GPIndividual@261856604{-1031320449},3C_20_50-03.txt,30.993,0.500,15.496,1,24.813,160.12,24.813,24.813,0.000
13,ec.gp.GPIndividual@633614845{-1907307164},3C_20_50-02.txt,61.404,0.500,30.702,3,54.531,177.61,18.177,27.656,0.281
13,ec.gp.GPIndividual@90560361{431818011},3C_20_50-02.txt,61.404,0.500,30.702,0,0.000,0.00,0.000,0.000,0.000
13,ec.gp.GPIndividual@90560361{431818011},3C_20_50-03.txt,30.993,0.500,15.496,0,0.000,0.00,0.000,0.000,0.000
13,ec.gp.GPIndividual@90560361{431818011},3C_20_66-01.txt,7.322,0.500,3.661,0,0.000,0.00,0.000,0.000,0.000
13,ec.gp.GPIndividual@90560361{431818011},3C_20_66-02.txt,154.245,0.500,77.122,0,0.000,0.00,0.000,0.000,0.000
13,ec.gp.GPIndividual@90560361{431818011},3C_20_66-03.txt,118.340,0.500,59.170,0,0.000,0.00,0.000,0.000,0.000
13,ec.gp.GPIndividual@90560361{431818011},3C_20_80-01.txt,4.194,0.500,2.097,0,0.000,0.00,0.000,0.000,0.000
13,ec.gp.GPIndividual@90560361{431818011},3C_20_80-02.txt,35.738,0.500,17.869,0,0.000,0.00,0.000,0.000,0.000
13,ec.gp.GPIndividual@90560361{431818011},3C_20_80-03.txt,169.439,0.500,84.719,0,0.000,0.00,0.000,0.000,0.000
13,ec.gp.GPIndividual@386822411{1925633429},3C_20_50-02.txt,61.404,0.500,30.702,13,28.063,91.40,2.159,5.969,0.000
13,ec.gp.GPIndividual@386822411{1925633429},3C_20_66-01.txt,7.322,0.500,3.661,1,7.969,217.66,7.969,7.969,0.000
13,ec.gp.GPIndividual@386822411{1925633429},3C_20_80-01.txt,4.194,0.500,2.097,1,5.359,255.54,5.359,7.969,0.000
13,ec.gp.GPIndividual@386822411{1925633429},3C_20_50-03.txt,30.993,0.500,15.496,3,1.734,11.19,0.578,7.969,0.000
13,ec.gp.GPIndividual@386822411{1925633429},3C_20_80-02.txt,35.738,0.500,17.869,2,4.250,23.78,2.125,7.969,0.000
13,ec.gp.GPIndividual@386822411{1925633429},3C_20_50-03.txt,30.993,0.500,15.496,3,12.469,80.46,4.156,11.266,0.000
13,ec.gp.GPIndividual@386822411{1925633429},3C_20_66-02.txt,154.245,0.500,77.122,20,59.453,77.09,2.973,11.844,0.000
13,ec.gp.GPIndividual@386822411{1925633429},3C_20_66-01.txt,7.322,0.500,3.661,1,19.734,539.03,19.734,19.734,0.000
13,ec.gp.GPIndividual@386822411{1925633429},3C_20_66-03.txt,118.340,0.500,59.170,4,37.578,63.51,9.395,22.922,0.000
13,ec.gp.GPIndividual@386822411{1925633429},3C_20_80-03.txt,169.439,0.500,84.719,12,69.891,82.50,5.824,26.656,0.000
13,ec.gp.GPIndividual@386822411{1925633429},3C_20_80-01.txt,4.194,0.500,2.097,2,1.516,72.27,0.758,26.656,0.000
13,ec.gp.GPIndividual@386822411{1925633429},3C_20_80-02.txt,35.738,0.500,17.869,1,17.516,98.02,17.516,26.656,0.000
13,ec.gp.GPIndividual@176458782{210921689},3C_20_50-02.txt,61.404,0.500,30.702,0,0.000,0.00,0.000,0.000,0.000
13,ec.gp.GPIndividual@176458782{210921689},3C_20_50-03.txt,30.993,0.500,15.496,0,0.000,0.00,0.000,0.000,0.000
13,ec.gp.GPIndividual@176458782{210921689},3C_20_66-01.txt,7.322,0.500,3.661,0,0.000,0.00,0.000,0.000,0.000
13,ec.gp.GPIndividual@176458782{210921689},3C_20_66-02.txt,154.245,0.500,77.122,0,0.000,0.00,0.000,0.000,0.000
13,ec.gp.GPIndividual@176458782{210921689},3C_20_66-03.txt,118.340,0.500,59.170,0,0.000,0.00,0.000,0.000,0.000
13,ec.gp.GPIndividual@176458782{210921689},3C_20_80-01.txt,4.194,0.500,2.097,0,0.000,0.00,0.000,0.000,0.000
13,ec.gp.GPIndividual@176458782{210921689},3C_20_80-02.txt,35.738,0.500,17.869,2,3.750,20.99,1.875,3.750,0.000
13,ec.gp.GPIndividual@176458782{210921689},3C_20_80-03.txt,169.439,0.500,84.719,0,0.000,0.00,0.000,3.750,0.000
13,ec.gp.GPIndividual@176458782{210921689},3C_20_80-03.txt,169.439,0.500,84.719,0,0.000,0.00,0.000,3.750,0.000
14,ec.gp.GPIndividual@1238566470{-1974943751},3C_20_50-02.txt,61.404,0.500,30.702,20,30.047,97.87,1.502,2.656,0.000
14,ec.gp.GPIndividual@1238566470{-1974943751},3C_20_50-03.txt,30.993,0.500,15.496,2,1.766,11.39,0.883,2.656,0.000
14,ec.gp.GPIndividual@1238566470{-1974943751},3C_20_50-03.txt,30.993,0.500,15.496,2,2.672,17.24,1.336,2.672,0.000
14,ec.gp.GPIndividual@1238566470{-1974943751},3C_20_50-03.txt,30.993,0.500,15.496,5,15.859,102.34,3.172,4.359,0.000
14,ec.gp.GPIndividual@1238566470{-1974943751},3C_20_50-03.txt,30.993,0.500,15.496,1,1.047,6.76,1.047,4.359,0.000
14,ec.gp.GPIndividual@1238566470{-1974943751},3C_20_66-01.txt,7.322,0.500,3.661,1,4.469,122.06,4.469,4.469,0.000
14,ec.gp.GPIndividual@1238566470{-1974943751},3C_20_66-01.txt,7.322,0.500,3.661,1,4.125,112.67,4.125,4.469,0.000
14,ec.gp.GPIndividual@1238566470{-1974943751},3C_20_50-03.txt,30.993,0.500,15.496,5,11.766,75.93,2.353,5.109,0.000
14,ec.gp.GPIndividual@1238566470{-1974943751},3C_20_50-03.txt,30.993,0.500,15.496,7,15.188,98.01,2.170,5.109,0.000
14,ec.gp.GPIndividual@1238566470{-1974943751},3C_20_66-01.txt,7.322,0.500,3.661,1,4.438,121.21,4.438,5.109,0.000
14,ec.gp.GPIndividual@1238566470{-1974943751},3C_20_66-01.txt,7.322,0.500,3.661,4,3.063,83.65,0.766,5.109,0.000
14,ec.gp.GPIndividual@1238566470{-1974943751},3C_20_66-02.txt,154.245,0.500,77.122,5,7.375,9.56,1.475,5.109,0.000
14,ec.gp.GPIndividual@1238566470{-1974943751},3C_20_66-02.txt,154.245,0.500,77.122,1,2.563,3.32,2.563,5.109,0.000
14,ec.gp.GPIndividual@1238566470{-1974943751},3C_20_66-01.txt,7.322,0.500,3.661,3,4.188,114.38,1.396,5.109,0.000
14,ec.gp.GPIndividual@1238566470{-1974943751},3C_20_66-02.txt,154.245,0.500,77.122,2,2.781,3.61,1.391,5.109,0.000
14,ec.gp.GPIndividual@1238566470{-1974943751},3C_20_66-02.txt,154.245,0.500,77.122,2,0.828,1.07,0.414,5.109,0.000
14,ec.gp.GPIndividual@1238566470{-1974943751},3C_20_66-02.txt,154.245,0.500,77.122,27,67.828,87.95,2.512,12.859,0.000
14,ec.gp.GPIndividual@1238566470{-1974943751},3C_20_66-03.txt,118.340,0.500,59.170,2,15.391,26.01,7.695,15.391,0.000
14,ec.gp.GPIndividual@1238566470{-1974943751},3C_20_66-03.txt,118.340,0.500,59.170,2,13.516,22.84,6.758,15.391,0.000
14,ec.gp.GPIndividual@1238566470{-1974943751},3C_20_66-03.txt,118.340,0.500,59.170,2,16.031,27.09,8.016,16.031,0.000
14,ec.gp.GPIndividual@1238566470{-1974943751},3C_20_66-03.txt,118.340,0.500,59.170,2,16.719,28.26,8.359,16.719,0.000
14,ec.gp.GPIndividual@1238566470{-1974943751},3C_20_66-03.txt,118.340,0.500,59.170,2,9.000,15.21,4.500,16.719,0.000
14,ec.gp.GPIndividual@1238566470{-1974943751},3C_20_66-01.txt,7.322,0.500,3.661,2,2.016,55.06,1.008,16.719,0.000
14,ec.gp.GPIndividual@1238566470{-1974943751},3C_20_66-02.txt,154.245,0.500,77.122,17,68.797,89.20,4.047,16.719,0.000
14,ec.gp.GPIndividual@1238566470{-1974943751},3C_20_80-01.txt,4.194,0.500,2.097,1,9.828,468.62,9.828,16.719,0.000
14,ec.gp.GPIndividual@1238566470{-1974943751},3C_20_80-01.txt,4.194,0.500,2.097,1,9.094,433.60,9.094,16.719,0.000
14,ec.gp.GPIndividual@1238566470{-1974943751},3C_20_66-03.txt,118.340,0.500,59.170,2,0.859,1.45,0.430,16.719,0.000
14,ec.gp.GPIndividual@1238566470{-1974943751},3C_20_80-02.txt,35.738,0.500,17.869,3,12.781,71.53,4.260,16.719,0.000
14,ec.gp.GPIndividual@1238566470{-1974943751},3C_20_80-01.txt,4.194,0.500,2.097,3,2.141,102.07,0.714,16.719,0.000
14,ec.gp.GPIndividual@1238566470{-1974943751},3C_20_80-02.txt,35.738,0.500,17.869,2,0.516,2.89,0.258,16.719,0.000
14,ec.gp.GPIndividual@1238566470{-1974943751},3C_20_80-02.txt,35.738,0.500,17.869,2,13.516,75.64,6.758,16.719,0.000
14,ec.gp.GPIndividual@1238566470{-1974943751},3C_20_80-01.txt,4.194,0.500,2.097,1,2.281,108.77,2.281,16.719,0.000
14,ec.gp.GPIndividual@1238566470{-1974943751},3C_20_80-03.txt,169.439,0.500,84.719,3,16.016,18.90,5.339,16.719,0.000
14,ec.gp.GPIndividual@1238566470{-1974943751},3C_20_80-01.txt,4.194,0.500,2.097,1,2.141,102.07,2.141,16.719,0.000
14,ec.gp.GPIndividual@1238566470{-1974943751},3C_20_80-03.txt,169.439,0.500,84.719,24,69.172,81.65,2.882,16.719,0.000
14,ec.gp.GPIndividual@1238566470{-1974943751},3C_20_80-02.txt,35.738,0.500,17.869,2,17.828,99.77,8.914,17.828,0.000
14,ec.gp.GPIndividual@1238566470{-1974943751},3C_20_80-03.txt,169.439,0.500,84.719,1,18.547,21.89,18.547,18.547,0.000
14,ec.gp.GPIndividual@793735705{1112145273},3C_20_50-02.txt,61.404,0.500,30.702,2,11.109,36.18,5.555,11.109,0.000
14,ec.gp.GPIndividual@793735705{1112145273},3C_20_80-02.txt,35.738,0.500,17.869,6,30.625,171.39,5.104,22.844,0.000
14,ec.gp.GPIndividual@793735705{1112145273},3C_20_80-01.txt,4.194,0.500,2.097,2,2.172,103.56,1.086,22.844,0.000
14,ec.gp.GPIndividual@793735705{1112145273},3C_20_80-02.txt,35.738,0.500,17.869,1,24.641,137.90,24.641,24.641,0.000
14,ec.gp.GPIndividual@261092387{1386538456},3C_20_50-02.txt,61.404,0.500,30.702,3,2.016,6.57,0.672,1.578,0.000
14,ec.gp.GPIndividual@261092387{1386538456},3C_20_80-03.txt,169.439,0.500,84.719,17,56.094,66.21,3.300,19.266,0.000
14,ec.gp.GPIndividual@261092387{1386538456},3C_20_80-03.txt,169.439,0.500,84.719,1,21.281,25.12,21.281,21.281,0.000
14,ec.gp.GPIndividual@237875484{-1141201067},3C_20_50-02.txt,61.404,0.500,30.702,0,0.000,0.00,0.000,0.000,0.000
14,ec.gp.GPIndividual@237875484{-1141201067},3C_20_50-03.txt,30.993,0.500,15.496,0,0.000,0.00,0.000,0.000,0.000
14,ec.gp.GPIndividual@237875484{-1141201067},3C_20_66-01.txt,7.322,0.500,3.661,0,0.000,0.00,0.000,0.000,0.000
14,ec.gp.GPIndividual@237875484{-1141201067},3C_20_66-02.txt,154.245,0.500,77.122,0,0.000,0.00,0.000,0.000,0.000
14,ec.gp.GPIndividual@237875484{-1141201067},3C_20_66-03.txt,118.340,0.500,59.170,0,0.000,0.00,0.000,0.000,0.000
14,ec.gp.GPIndividual@237875484{-1141201067},3C_20_80-01.txt,4.194,0.500,2.097,0,0.000,0.00,0.000,0.000,0.000
14,ec.gp.GPIndividual@237875484{-1141201067},3C_20_80-02.txt,35.738,0.500,17.869,0,0.000,0.00,0.000,0.000,0.000
14,ec.gp.GPIndividual@237875484{-1141201067},3C_20_80-03.txt,169.439,0.500,84.719,0,0.000,0.00,0.000,0.000,0.000
14,ec.gp.GPIndividual@1204381781{1142019274},3C_20_50-02.txt,61.404,0.500,30.702,2,19.953,64.99,9.977,19.953,0.000
14,ec.gp.GPIndividual@1204381781{1142019274},3C_20_50-03.txt,30.993,0.500,15.496,2,26.359,170.10,13.180,25.906,0.000
14,ec.gp.GPIndividual@1204381781{1142019274},3C_20_50-03.txt,30.993,0.500,15.496,2,28.781,185.73,14.391,27.125,0.000
14,ec.gp.GPIndividual@1204381781{1142019274},3C_20_80-03.txt,169.439,0.500,84.719,1,30.563,36.07,30.563,30.563,0.000
14,ec.gp.GPIndividual@1954460734{1193474449},3C_20_50-02.txt,61.404,0.500,30.702,9,31.531,102.70,3.503,6.281,0.375
14,ec.gp.GPIndividual@940465066{1047285374},3C_20_50-02.txt,61.404,0.500,30.702,0,0.000,0.00,0.000,0.000,0.000
14,ec.gp.GPIndividual@940465066{1047285374},3C_20_50-03.txt,30.993,0.500,15.496,0,0.000,0.00,0.000,0.000,0.000
14,ec.gp.GPIndividual@940465066{1047285374},3C_20_66-01.txt,7.322,0.500,3.661,0,0.000,0.00,0.000,0.000,0.000
14,ec.gp.GPIndividual@940465066{1047285374},3C_20_66-02.txt,154.245,0.500,77.122,0,0.000,0.00,0.000,0.000,0.000
14,ec.gp.GPIndividual@940465066{1047285374},3C_20_66-03.txt,118.340,0.500,59.170,0,0.000,0.00,0.000,0.000,0.000
14,ec.gp.GPIndividual@940465066{1047285374},3C_20_80-01.txt,4.194,0.500,2.097,0,0.000,0.00,0.000,0.000,0.000
14,ec.gp.GPIndividual@940465066{1047285374},3C_20_80-02.txt,35.738,0.500,17.869,0,0.000,0.00,0.000,0.000,0.000
14,ec.gp.GPIndividual@940465066{1047285374},3C_20_80-03.txt,169.439,0.500,84.719,0,0.000,0.00,0.000,0.000,0.000
14,ec.gp.GPIndividual@1559032713{455571832},3C_20_50-02.txt,61.404,0.500,30.702,0,0.000,0.00,0.000,0.000,0.000
14,ec.gp.GPIndividual@1559032713{455571832},3C_20_50-03.txt,30.993,0.500,15.496,0,0.000,0.00,0.000,0.000,0.000
14,ec.gp.GPIndividual@1559032713{455571832},3C_20_66-01.txt,7.322,0.500,3.661,0,0.000,0.00,0.000,0.000,0.000
14,ec.gp.GPIndividual@1559032713{455571832},3C_20_66-02.txt,154.245,0.500,77.122,0,0.000,0.00,0.000,0.000,0.000
14,ec.gp.GPIndividual@1559032713{455571832},3C_20_66-03.txt,118.340,0.500,59.170,0,0.000,0.00,0.000,0.000,0.000
14,ec.gp.GPIndividual@1559032713{455571832},3C_20_80-01.txt,4.194,0.500,2.097,0,0.000,0.00,0.000,0.000,0.000
14,ec.gp.GPIndividual@1559032713{455571832},3C_20_80-02.txt,35.738,0.500,17.869,0,0.000,0.00,0.000,0.000,0.000
14,ec.gp.GPIndividual@1559032713{455571832},3C_20_80-03.txt,169.439,0.500,84.719,0,0.000,0.00,0.000,0.000,0.000
14,ec.gp.GPIndividual@1915117686{179487682},3C_20_50-02.txt,61.404,0.500,30.702,0,0.000,0.00,0.000,0.000,0.000
14,ec.gp.GPIndividual@1915117686{179487682},3C_20_50-03.txt,30.993,0.500,15.496,0,0.000,0.00,0.000,0.000,0.000
14,ec.gp.GPIndividual@1915117686{179487682},3C_20_66-01.txt,7.322,0.500,3.661,0,0.000,0.00,0.000,0.000,0.000
14,ec.gp.GPIndividual@1915117686{179487682},3C_20_66-02.txt,154.245,0.500,77.122,0,0.000,0.00,0.000,0.000,0.000
14,ec.gp.GPIndividual@1915117686{179487682},3C_20_66-03.txt,118.340,0.500,59.170,0,0.000,0.00,0.000,0.000,0.000
14,ec.gp.GPIndividual@1915117686{179487682},3C_20_80-01.txt,4.194,0.500,2.097,0,0.000,0.00,0.000,0.000,0.000
14,ec.gp.GPIndividual@1915117686{179487682},3C_20_80-02.txt,35.738,0.500,17.869,0,0.000,0.00,0.000,0.000,0.000
14,ec.gp.GPIndividual@1915117686{179487682},3C_20_80-03.txt,169.439,0.500,84.719,0,0.000,0.00,0.000,0.000,0.000
14,ec.gp.GPIndividual@962053265{611301615},3C_20_50-02.txt,61.404,0.500,30.702,1,4.438,14.45,4.438,4.438,4.438
14,ec.gp.GPIndividual@962053265{611301615},3C_20_66-01.txt,7.322,0.500,3.661,2,2.203,60.18,1.102,4.438,0.000
14,ec.gp.GPIndividual@962053265{611301615},3C_20_50-03.txt,30.993,0.500,15.496,2,3.281,21.17,1.641,4.438,0.000
14,ec.gp.GPIndividual@962053265{611301615},3C_20_50-03.txt,30.993,0.500,15.496,4,15.875,102.44,3.969,7.406,0.000
14,ec.gp.GPIndividual@1056366674{-1632985373},3C_20_50-02.txt,61.404,0.500,30.702,5,6.844,22.29,1.369,2.844,0.000
14,ec.gp.GPIndividual@1056366674{-1632985373},3C_20_66-01.txt,7.322,0.500,3.661,1,4.016,109.68,4.016,4.016,0.000
14,ec.gp.GPIndividual@1056366674{-1632985373},3C_20_66-01.txt,7.322,0.500,3.661,3,5.609,153.22,1.870,4.016,0.000
14,ec.gp.GPIndividual@1056366674{-1632985373},3C_20_50-03.txt,30.993,0.500,15.496,3,4.828,31.16,1.609,4.516,0.000
14,ec.gp.GPIndividual@1056366674{-1632985373},3C_20_50-03.txt,30.993,0.500,15.496,3,2.031,13.11,0.677,4.516,0.000
14,ec.gp.GPIndividual@1056366674{-1632985373},3C_20_66-02.txt,154.245,0.500,77.122,12,26.391,34.22,2.199,4.516,0.000
14,ec.gp.GPIndividual@1056366674{-1632985373},3C_20_66-01.txt,7.322,0.500,3.661,3,3.313,90.48,1.104,4.516,0.000
14,ec.gp.GPIndividual@1056366674{-1632985373},3C_20_66-02.txt,154.245,0.500,77.122,2,0.875,1.13,0.438,4.516,0.000
14,ec.gp.GPIndividual@1056366674{-1632985373},3C_20_66-03.txt,118.340,0.500,59.170,13,56.000,94.64,4.308,9.953,0.000
14,ec.gp.GPIndividual@1056366674{-1632985373},3C_20_66-01.txt,7.322,0.500,3.661,2,2.031,55.48,1.016,9.953,0.000
14,ec.gp.GPIndividual@1056366674{-1632985373},3C_20_66-02.txt,154.245,0.500,77.122,2,22.125,28.69,11.063,22.125,0.000
14,ec.gp.GPIndividual@1056366674{-1632985373},3C_20_66-02.txt,154.245,0.500,77.122,2,22.656,29.38,11.328,22.656,0.000
14,ec.gp.GPIndividual@1056366674{-1632985373},3C_20_66-02.txt,154.245,0.500,77.122,2,11.797,15.30,5.898,22.656,0.000
14,ec.gp.GPIndividual@1056366674{-1632985373},3C_20_66-03.txt,118.340,0.500,59.170,2,10.250,17.32,5.125,22.656,0.000
14,ec.gp.GPIndividual@1056366674{-1632985373},3C_20_80-01.txt,4.194,0.500,2.097,1,6.344,302.48,6.344,22.656,0.000
14,ec.gp.GPIndividual@1056366674{-1632985373},3C_20_66-01.txt,7.322,0.500,3.661,3,4.016,109.68,1.339,22.656,0.000
14,ec.gp.GPIndividual@1056366674{-1632985373},3C_20_66-03.txt,118.340,0.500,59.170,4,6.578,11.12,1.645,22.656,0.000
14,ec.gp.GPIndividual@1056366674{-1632985373},3C_20_66-02.txt,154.245,0.500,77.122,24,63.375,82.17,2.641,22.656,0.000
14,ec.gp.GPIndividual@1056366674{-1632985373},3C_20_80-01.txt,4.194,0.500,2.097,1,14.641,698.09,14.641,22.656,0.000
14,ec.gp.GPIndividual@1056366674{-1632985373},3C_20_80-01.txt,4.194,0.500,2.097,1,10.625,506.62,10.625,22.656,0.000
14,ec.gp.GPIndividual@1056366674{-1632985373},3C_20_80-02.txt,35.738,0.500,17.869,4,15.719,87.97,3.930,22.656,0.000
14,ec.gp.GPIndividual@1056366674{-1632985373},3C_20_66-03.txt,118.340,0.500,59.170,2,17.063,28.84,8.531,22.656,0.000
14,ec.gp.GPIndividual@1056366674{-1632985373},3C_20_66-03.txt,118.340,0.500,59.170,18,56.984,96.31,3.166,22.656,0.000
14,ec.gp.GPIndividual@1056366674{-1632985373},3C_20_80-02.txt,35.738,0.500,17.869,2,2.188,12.24,1.094,22.656,0.000
14,ec.gp.GPIndividual@1056366674{-1632985373},3C_20_80-03.txt,169.439,0.500,84.719,13,61.281,72.33,4.714,22.656,0.000
14,ec.gp.GPIndividual@1056366674{-1632985373},3C_20_66-03.txt,118.340,0.500,59.170,2,16.828,28.44,8.414,22.656,0.000
14,ec.gp.GPIndividual@1056366674{-1632985373},3C_20_80-03.txt,169.439,0.500,84.719,1,24.594,29.03,24.594,24.594,0.000
14,ec.gp.GPIndividual@156233420{-68891813},3C_20_50-02.txt,61.404,0.500,30.702,2,28.297,92.17,14.148,28.297,0.000
14,ec.gp.GPIndividual@156233420{-68891813},3C_20_50-02.txt,61.404,0.500,30.702,2,28.297,92.17,14.148,28.297,0.000
14,ec.gp.GPIndividual@156233420{-68891813},3C_20_80-02.txt,35.738,0.500,17.869,0,0.000,0.00,0.000,28.297,0.000
14,ec.gp.GPIndividual@156233420{-68891813},3C_20_66-01.txt,7.322,0.500,3.661,0,0.000,0.00,0.000,28.297,0.000
14,ec.gp.GPIndividual@156233420{-68891813},3C_20_66-02.txt,154.245,0.500,77.122,0,0.000,0.00,0.000,28.297,0.000
14,ec.gp.GPIndividual@156233420{-68891813},3C_20_66-03.txt,118.340,0.500,59.170,0,0.000,0.00,0.000,28.297,0.000
14,ec.gp.GPIndividual@156233420{-68891813},3C_20_80-01.txt,4.194,0.500,2.097,0,0.000,0.00,0.000,28.297,0.000
14,ec.gp.GPIndividual@156233420{-68891813},3C_20_80-02.txt,35.738,0.500,17.869,0,0.000,0.00,0.000,28.297,0.000
14,ec.gp.GPIndividual@156233420{-68891813},3C_20_80-03.txt,169.439,0.500,84.719,0,0.000,0.00,0.000,28.297,0.000
14,ec.gp.GPIndividual@2020400830{-1821329186},3C_20_50-02.txt,61.404,0.500,30.702,2,37.297,121.48,18.648,30.844,6.453
14,ec.gp.GPIndividual@2020400830{-1821329186},3C_20_80-01.txt,4.194,0.500,2.097,2,31.516,1502.72,15.758,31.078,0.438
14,ec.gp.GPIndividual@2020400830{-1821329186},3C_20_80-01.txt,4.194,0.500,2.097,1,0.672,32.04,0.672,31.078,0.438
14,ec.gp.GPIndividual@2020400830{-1821329186},3C_20_50-03.txt,30.993,0.500,15.496,8,17.281,111.52,2.160,31.078,0.438
14,ec.gp.GPIndividual@2020400830{-1821329186},3C_20_80-01.txt,4.194,0.500,2.097,2,1.609,76.74,0.805,31.078,0.000
14,ec.gp.GPIndividual@2020400830{-1821329186},3C_20_80-02.txt,35.738,0.500,17.869,2,0.703,3.93,0.352,31.078,0.000
14,ec.gp.GPIndividual@2020400830{-1821329186},3C_20_80-03.txt,169.439,0.500,84.719,2,1.250,1.48,0.625,31.078,0.000
14,ec.gp.GPIndividual@2020400830{-1821329186},3C_20_80-02.txt,35.738,0.500,17.869,2,4.234,23.70,2.117,31.078,0.000
14,ec.gp.GPIndividual@380943557{-333406833},3C_20_50-02.txt,61.404,0.500,30.702,16,30.375,98.93,1.898,6.359,0.344
14,ec.gp.GPIndividual@1942887194{-1762023576},3C_20_50-02.txt,61.404,0.500,30.702,11,31.359,102.14,2.851,7.281,0.359
14,ec.gp.GPIndividual@1942887194{-1762023576},3C_20_50-03.txt,30.993,0.500,15.496,2,1.641,10.59,0.820,7.281,0.000
14,ec.gp.GPIndividual@1942887194{-1762023576},3C_20_50-03.txt,30.993,0.500,15.496,3,8.219,53.04,2.740,7.281,0.000
14,ec.gp.GPIndividual@1942887194{-1762023576},3C_20_80-03.txt,169.439,0.500,84.719,2,6.984,8.24,3.492,7.281,0.000
14,ec.gp.GPIndividual@1942887194{-1762023576},3C_20_66-01.txt,7.322,0.500,3.661,2,2.391,65.30,1.195,7.281,0.000
14,ec.gp.GPIndividual@1942887194{-1762023576},3C_20_66-02.txt,154.245,0.500,77.122,2,9.906,12.84,4.953,9.906,0.000
14,ec.gp.GPIndividual@1942887194{-1762023576},3C_20_80-03.txt,169.439,0.500,84.719,4,14.500,17.12,3.625,9.906,0.000
14,ec.gp.GPIndividual@1942887194{-1762023576},3C_20_80-02.txt,35.738,0.500,17.869,8,18.016,100.82,2.252,9.906,0.000
14,ec.gp.GPIndividual@1942887194{-1762023576},3C_20_66-03.txt,118.340,0.500,59.170,3,6.953,11.75,2.318,9.906,0.000
14,ec.gp.GPIndividual@1942887194{-1762023576},3C_20_80-03.txt,169.439,0.500,84.719,1,3.750,4.43,3.750,9.906,0.000
14,ec.gp.GPIndividual@1109546609{1113503327},3C_20_50-02.txt,61.404,0.500,30.702,0,0.000,0.00,0.000,0.000,0.000
14,ec.gp.GPIndividual@1109546609{1113503327},3C_20_50-03.txt,30.993,0.500,15.496,0,0.000,0.00,0.000,0.000,0.000
14,ec.gp.GPIndividual@1109546609{1113503327},3C_20_66-01.txt,7.322,0.500,3.661,0,0.000,0.00,0.000,0.000,0.000
14,ec.gp.GPIndividual@1109546609{1113503327},3C_20_66-02.txt,154.245,0.500,77.122,0,0.000,0.00,0.000,0.000,0.000
14,ec.gp.GPIndividual@1109546609{1113503327},3C_20_66-03.txt,118.340,0.500,59.170,0,0.000,0.00,0.000,0.000,0.000
14,ec.gp.GPIndividual@1109546609{1113503327},3C_20_80-01.txt,4.194,0.500,2.097,0,0.000,0.00,0.000,0.000,0.000
14,ec.gp.GPIndividual@1109546609{1113503327},3C_20_80-02.txt,35.738,0.500,17.869,0,0.000,0.00,0.000,0.000,0.000
14,ec.gp.GPIndividual@1109546609{1113503327},3C_20_80-03.txt,169.439,0.500,84.719,0,0.000,0.00,0.000,0.000,0.000
14,ec.gp.GPIndividual@1887287544{-1910740224},3C_20_50-02.txt,61.404,0.500,30.702,7,32.359,105.40,4.623,7.266,0.328
14,ec.gp.GPIndividual@1527808985{2132442076},3C_20_50-02.txt,61.404,0.500,30.702,3,7.188,23.41,2.396,6.672,0.000
14,ec.gp.GPIndividual@1527808985{2132442076},3C_20_66-01.txt,7.322,0.500,3.661,2,4.094,111.82,2.047,6.672,0.000
14,ec.gp.GPIndividual@1527808985{2132442076},3C_20_66-02.txt,154.245,0.500,77.122,2,0.344,0.45,0.172,6.672,0.000
14,ec.gp.GPIndividual@1527808985{2132442076},3C_20_50-03.txt,30.993,0.500,15.496,1,1.969,12.70,1.969,6.672,0.000
14,ec.gp.GPIndividual@1527808985{2132442076},3C_20_80-01.txt,4.194,0.500,2.097,3,1.922,91.64,0.641,6.672,0.000
14,ec.gp.GPIndividual@1527808985{2132442076},3C_20_50-03.txt,30.993,0.500,15.496,6,14.563,93.97,2.427,9.141,0.000
14,ec.gp.GPIndividual@1527808985{2132442076},3C_20_80-02.txt,35.738,0.500,17.869,1,1.250,7.00,1.250,9.141,0.000
14,ec.gp.GPIndividual@1527808985{2132442076},3C_20_66-03.txt,118.340,0.500,59.170,2,2.328,3.93,1.164,9.141,0.000
14,ec.gp.GPIndividual@1527808985{2132442076},3C_20_66-01.txt,7.322,0.500,3.661,1,4.406,120.35,4.406,9.141,0.000
14,ec.gp.GPIndividual@1527808985{2132442076},3C_20_66-01.txt,7.322,0.500,3.661,2,5.281,144.25,2.641,9.141,0.000
14,ec.gp.GPIndividual@1527808985{2132442076},3C_20_66-01.txt,7.322,0.500,3.661,3,4.297,117.37,1.432,9.141,0.000
14,ec.gp.GPIndividual@1527808985{2132442076},3C_20_66-02.txt,154.245,0.500,77.122,1,0.719,0.93,0.719,9.141,0.000
14,ec.gp.GPIndividual@1527808985{2132442076},3C_20_80-03.txt,169.439,0.500,84.719,2,1.219,1.44,0.609,9.141,0.000
14,ec.gp.GPIndividual@1527808985{2132442076},3C_20_66-02.txt,154.245,0.500,77.122,12,47.828,62.02,3.986,21.234,0.000
14,ec.gp.GPIndividual@701183177{1386538456},3C_20_50-02.txt,61.404,0.500,30.702,11,26.375,85.91,2.398,8.328,0.000
14,ec.gp.GPIndividual@701183177{1386538456},3C_20_66-03.txt,118.340,0.500,59.170,2,8.875,15.00,4.438,8.875,0.000
14,ec.gp.GPIndividual@701183177{1386538456},3C_20_66-03.txt,118.340,0.500,59.170,2,11.078,18.72,5.539,11.078,0.000
14,ec.gp.GPIndividual@701183177{1386538456},3C_20_80-01.txt,4.194,0.500,2.097,2,1.469,70.03,0.734,11.078,0.000
14,ec.gp.GPIndividual@701183177{1386538456},3C_20_80-02.txt,35.738,0.500,17.869,2,5.125,28.68,2.563,11.078,0.000
14,ec.gp.GPIndividual@701183177{1386538456},3C_20_50-03.txt,30.993,0.500,15.496,4,15.891,102.54,3.973,11.078,0.000
14,ec.gp.GPIndividual@701183177{1386538456},3C_20_80-01.txt,4.194,0.500,2.097,3,1.797,85.68,0.599,11.078,0.000
14,ec.gp.GPIndividual@701183177{1386538456},3C_20_80-03.txt,169.439,0.500,84.719,3,7.719,9.11,2.573,11.078,0.000
14,ec.gp.GPIndividual@701183177{1386538456},3C_20_80-01.txt,4.194,0.500,2.097,2,21.406,1020.69,10.703,20.313,0.000
14,ec.gp.GPIndividual@429168557{-994059477},3C_20_50-02.txt,61.404,0.500,30.702,2,0.516,1.68,0.258,0.516,0.000
14,ec.gp.GPIndividual@429168557{-994059477},3C_20_80-02.txt,35.738,0.500,17.869,3,23.906,133.79,7.969,22.578,0.000
14,ec.gp.GPIndividual@429168557{-994059477},3C_20_66-02.txt,154.245,0.500,77.122,24,73.828,95.73,3.076,22.578,0.000
14,ec.gp.GPIndividual@429168557{-994059477},3C_20_80-03.txt,169.439,0.500,84.719,2,6.688,7.89,3.344,22.578,0.000
14,ec.gp.GPIndividual@429168557{-994059477},3C_20_66-01.txt,7.322,0.500,3.661,1,12.938,353.38,12.938,22.578,0.000
14,ec.gp.GPIndividual@429168557{-994059477},3C_20_66-03.txt,118.340,0.500,59.170,3,15.750,26.62,5.250,22.578,0.000
14,ec.gp.GPIndividual@429168557{-994059477},3C_20_50-03.txt,30.993,0.500,15.496,2,10.813,69.77,5.406,22.578,0.000
14,ec.gp.GPIndividual@429168557{-994059477},3C_20_80-02.txt,35.738,0.500,17.869,7,37.016,207.15,5.288,24.875,0.000
14,ec.gp.GPIndividual@611440213{366423861},3C_20_50-02.txt,61.404,0.500,30.702,0,0.000,0.00,0.000,0.000,0.000
14,ec.gp.GPIndividual@611440213{366423861},3C_20_50-03.txt,30.993,0.500,15.496,0,0.000,0.00,0.000,0.000,0.000
14,ec.gp.GPIndividual@611440213{366423861},3C_20_66-01.txt,7.322,0.500,3.661,0,0.000,0.00,0.000,0.000,0.000
14,ec.gp.GPIndividual@611440213{366423861},3C_20_66-02.txt,154.245,0.500,77.122,0,0.000,0.00,0.000,0.000,0.000
14,ec.gp.GPIndividual@611440213{366423861},3C_20_66-03.txt,118.340,0.500,59.170,0,0.000,0.00,0.000,0.000,0.000
14,ec.gp.GPIndividual@611440213{366423861},3C_20_80-01.txt,4.194,0.500,2.097,0,0.000,0.00,0.000,0.000,0.000
14,ec.gp.GPIndividual@611440213{366423861},3C_20_80-02.txt,35.738,0.500,17.869,0,0.000,0.00,0.000,0.000,0.000
14,ec.gp.GPIndividual@611440213{366423861},3C_20_80-03.txt,169.439,0.500,84.719,0,0.000,0.00,0.000,0.000,0.000
14,ec.gp.GPIndividual@755783417{1858693851},3C_20_50-02.txt,61.404,0.500,30.702,0,0.000,0.00,0.000,0.000,0.000
14,ec.gp.GPIndividual@755783417{1858693851},3C_20_50-03.txt,30.993,0.500,15.496,0,0.000,0.00,0.000,0.000,0.000
14,ec.gp.GPIndividual@755783417{1858693851},3C_20_66-01.txt,7.322,0.500,3.661,0,0.000,0.00,0.000,0.000,0.000
14,ec.gp.GPIndividual@755783417{1858693851},3C_20_66-02.txt,154.245,0.500,77.122,0,0.000,0.00,0.000,0.000,0.000
14,ec.gp.GPIndividual@755783417{1858693851},3C_20_66-03.txt,118.340,0.500,59.170,0,0.000,0.00,0.000,0.000,0.000
14,ec.gp.GPIndividual@755783417{1858693851},3C_20_80-01.txt,4.194,0.500,2.097,0,0.000,0.00,0.000,0.000,0.000
14,ec.gp.GPIndividual@755783417{1858693851},3C_20_80-02.txt,35.738,0.500,17.869,0,0.000,0.00,0.000,0.000,0.000
14,ec.gp.GPIndividual@755783417{1858693851},3C_20_80-03.txt,169.439,0.500,84.719,0,0.000,0.00,0.000,0.000,0.000
14,ec.gp.GPIndividual@2102201591{1701929134},3C_20_50-02.txt,61.404,0.500,30.702,4,10.813,35.22,2.703,6.188,0.297
14,ec.gp.GPIndividual@2102201591{1701929134},3C_20_66-01.txt,7.322,0.500,3.661,4,3.156,86.21,0.789,6.188,0.000
14,ec.gp.GPIndividual@2102201591{1701929134},3C_20_50-03.txt,30.993,0.500,15.496,3,1.688,10.89,0.563,6.188,0.000
14,ec.gp.GPIndividual@2102201591{1701929134},3C_20_80-03.txt,169.439,0.500,84.719,3,7.188,8.48,2.396,6.188,0.000
14,ec.gp.GPIndividual@2102201591{1701929134},3C_20_66-02.txt,154.245,0.500,77.122,14,83.484,108.25,5.963,26.594,0.000
14,ec.gp.GPIndividual@1508005463{-1507109978},3C_20_50-02.txt,61.404,0.500,30.702,0,0.000,0.00,0.000,0.000,0.000
14,ec.gp.GPIndividual@1508005463{-1507109978},3C_20_50-03.txt,30.993,0.500,15.496,0,0.000,0.00,0.000,0.000,0.000
14,ec.gp.GPIndividual@1508005463{-1507109978},3C_20_66-01.txt,7.322,0.500,3.661,0,0.000,0.00,0.000,0.000,0.000
14,ec.gp.GPIndividual@1508005463{-1507109978},3C_20_66-02.txt,154.245,0.500,77.122,0,0.000,0.00,0.000,0.000,0.000
14,ec.gp.GPIndividual@1508005463{-1507109978},3C_20_66-03.txt,118.340,0.500,59.170,0,0.000,0.00,0.000,0.000,0.000
14,ec.gp.GPIndividual@1508005463{-1507109978},3C_20_80-01.txt,4.194,0.500,2.097,0,0.000,0.00,0.000,0.000,0.000
14,ec.gp.GPIndividual@1508005463{-1507109978},3C_20_80-02.txt,35.738,0.500,17.869,0,0.000,0.00,0.000,0.000,0.000
14,ec.gp.GPIndividual@1508005463{-1507109978},3C_20_80-03.txt,169.439,0.500,84.719,0,0.000,0.00,0.000,0.000,0.000
14,ec.gp.GPIndividual@975485222{1386538456},3C_20_50-02.txt,61.404,0.500,30.702,4,24.984,81.38,6.246,23.703,0.000
14,ec.gp.GPIndividual@975485222{1386538456},3C_20_66-03.txt,118.340,0.500,59.170,4,36.188,61.16,9.047,32.953,0.000
14,ec.gp.GPIndividual@975485222{1386538456},3C_20_80-01.txt,4.194,0.500,2.097,2,19.172,914.15,9.586,32.953,0.000
14,ec.gp.GPIndividual@975485222{1386538456},3C_20_66-01.txt,7.322,0.500,3.661,1,0.453,12.38,0.453,32.953,0.000
14,ec.gp.GPIndividual@975485222{1386538456},3C_20_80-02.txt,35.738,0.500,17.869,10,17.984,100.65,1.798,32.953,0.000
14,ec.gp.GPIndividual@975485222{1386538456},3C_20_66-02.txt,154.245,0.500,77.122,2,0.422,0.55,0.211,32.953,0.000
14,ec.gp.GPIndividual@975485222{1386538456},3C_20_80-03.txt,169.439,0.500,84.719,2,1.000,1.18,0.500,32.953,0.000
14,ec.gp.GPIndividual@975485222{1386538456},3C_20_80-01.txt,4.194,0.500,2.097,2,2.656,126.65,1.328,32.953,0.000
14,ec.gp.GPIndividual@975485222{1386538456},3C_20_66-03.txt,118.340,0.500,59.170,1,0.563,0.95,0.563,32.953,0.000
14,ec.gp.GPIndividual@975485222{1386538456},3C_20_80-02.txt,35.738,0.500,17.869,2,6.078,34.01,3.039,32.953,0.000
14,ec.gp.GPIndividual@975485222{1386538456},3C_20_50-03.txt,30.993,0.500,15.496,2,11.813,76.23,5.906,32.953,0.000
14,ec.gp.GPIndividual@975485222{1386538456},3C_20_66-02.txt,154.245,0.500,77.122,18,62.406,80.92,3.467,32.953,0.000
14,ec.gp.GPIndividual@975485222{1386538456},3C_20_80-01.txt,4.194,0.500,2.097,1,19.484,929.05,19.484,32.953,0.000
14,ec.gp.GPIndividual@975485222{1386538456},3C_20_66-03.txt,118.340,0.500,59.170,2,21.734,36.73,10.867,32.953,0.000
14,ec.gp.GPIndividual@975485222{1386538456},3C_20_80-03.txt,169.439,0.500,84.719,4,31.031,36.63,7.758,32.953,0.000
14,ec.gp.GPIndividual@137532570{-261085800},3C_20_50-02.txt,61.404,0.500,30.702,8,30.750,100.16,3.844,13.141,0.422
14,ec.gp.GPIndividual@137532570{-261085800},3C_20_50-03.txt,30.993,0.500,15.496,2,0.891,5.75,0.445,13.141,0.000
14,ec.gp.GPIndividual@137532570{-261085800},3C_20_80-02.txt,35.738,0.500,17.869,3,9.750,54.56,3.250,13.141,0.000
14,ec.gp.GPIndividual@755278804{1524894613},3C_20_50-02.txt,61.404,0.500,30.702,9,21.984,71.61,2.443,6.797,0.000
14,ec.gp.GPIndividual@755278804{1524894613},3C_20_80-01.txt,4.194,0.500,2.097,1,2.125,101.32,2.125,6.797,0.000
14,ec.gp.GPIndividual@755278804{1524894613},3C_20_50-03.txt,30.993,0.500,15.496,7,14.875,95.99,2.125,6.797,0.000
14,ec.gp.GPIndividual@755278804{1524894613},3C_20_66-01.txt,7.322,0.500,3.661,2,4.594,125.47,2.297,6.797,0.000
14,ec.gp.GPIndividual@755278804{1524894613},3C_20_66-01.txt,7.322,0.500,3.661,3,1.688,46.09,0.563,6.797,0.000
14,ec.gp.GPIndividual@755278804{1524894613},3C_20_80-02.txt,35.738,0.500,17.869,3,4.078,22.82,1.359,6.797,0.000
14,ec.gp.GPIndividual@755278804{1524894613},3C_20_66-01.txt,7.322,0.500,3.661,4,4.828,131.88,1.207,6.797,0.000
14,ec.gp.GPIndividual@755278804{1524894613},3C_20_80-03.txt,169.439,0.500,84.719,1,0.266,0.31,0.266,6.797,0.000
14,ec.gp.GPIndividual@755278804{1524894613},3C_20_66-02.txt,154.245,0.500,77.122,2,1.000,1.30,0.500,6.797,0.000
14,ec.gp.GPIndividual@755278804{1524894613},3C_20_66-02.txt,154.245,0.500,77.122,2,0.531,0.69,0.266,6.797,0.000
14,ec.gp.GPIndividual@755278804{1524894613},3C_20_66-02.txt,154.245,0.500,77.122,2,5.625,7.29,2.813,6.797,0.000
14,ec.gp.GPIndividual@755278804{1524894613},3C_20_80-03.txt,169.439,0.500,84.719,19,51.328,60.59,2.701,22.453,0.000
14,ec.gp.GPIndividual@755278804{1524894613},3C_20_66-03.txt,118.340,0.500,59.170,2,22.859,38.63,11.430,22.859,0.000
14,ec.gp.GPIndividual@755278804{1524894613},3C_20_66-03.txt,118.340,0.500,59.170,2,23.297,39.37,11.648,23.297,0.000
14,ec.gp.GPIndividual@755278804{1524894613},3C_20_66-03.txt,118.340,0.500,59.170,1,25.219,42.62,25.219,25.219,0.000
14,ec.gp.GPIndividual@1625997790{-548305787},3C_20_50-02.txt,61.404,0.500,30.702,2,27.969,91.10,13.984,27.656,0.313
14,ec.gp.GPIndividual@1302327612{-58351026},3C_20_50-02.txt,61.404,0.500,30.702,12,31.859,103.77,2.655,4.953,0.266
14,ec.gp.GPIndividual@1302327612{-58351026},3C_20_80-01.txt,4.194,0.500,2.097,2,0.578,27.57,0.289,4.953,0.000
14,ec.gp.GPIndividual@1302327612{-58351026},3C_20_80-01.txt,4.194,0.500,2.097,1,2.203,105.05,2.203,4.953,0.000
14,ec.gp.GPIndividual@1302327612{-58351026},3C_20_50-03.txt,30.993,0.500,15.496,4,3.453,22.28,0.863,4.953,0.000
14,ec.gp.GPIndividual@1302327612{-58351026},3C_20_80-01.txt,4.194,0.500,2.097,2,3.750,178.81,1.875,4.953,0.000
14,ec.gp.GPIndividual@1302327612{-58351026},3C_20_50-03.txt,30.993,0.500,15.496,4,2.266,14.62,0.566,4.953,0.000
14,ec.gp.GPIndividual@1302327612{-58351026},3C_20_80-02.txt,35.738,0.500,17.869,11,17.625,98.63,1.602,4.953,0.000
14,ec.gp.GPIndividual@1302327612{-58351026},3C_20_80-02.txt,35.738,0.500,17.869,2,2.953,16.53,1.477,4.953,0.000
14,ec.gp.GPIndividual@1302327612{-58351026},3C_20_66-01.txt,7.322,0.500,3.661,3,3.391,92.61,1.130,4.953,0.000
14,ec.gp.GPIndividual@1302327612{-58351026},3C_20_80-02.txt,35.738,0.500,17.869,3,6.625,37.08,2.208,4.953,0.000
14,ec.gp.GPIndividual@1302327612{-58351026},3C_20_66-01.txt,7.322,0.500,3.661,4,3.719,101.57,0.930,4.953,0.000
14,ec.gp.GPIndividual@1302327612{-58351026},3C_20_66-02.txt,154.245,0.500,77.122,3,2.219,2.88,0.740,4.953,0.000
14,ec.gp.GPIndividual@1302327612{-58351026},3C_20_80-03.txt,169.439,0.500,84.719,3,2.203,2.60,0.734,4.953,0.000
14,ec.gp.GPIndividual@1302327612{-58351026},3C_20_66-02.txt,154.245,0.500,77.122,20,48.734,63.19,2.437,22.438,0.000
14,ec.gp.GPIndividual@1302327612{-58351026},3C_20_80-03.txt,169.439,0.500,84.719,2,20.469,24.16,10.234,22.438,0.000
14,ec.gp.GPIndividual@1302327612{-58351026},3C_20_66-03.txt,118.340,0.500,59.170,2,20.891,35.31,10.445,22.438,0.000
14,ec.gp.GPIndividual@1302327612{-58351026},3C_20_66-03.txt,118.340,0.500,59.170,1,23.109,39.06,23.109,23.109,0.000
14,ec.gp.GPIndividual@490627443{1386538456},3C_20_50-02.txt,61.404,0.500,30.702,4,27.500,89.57,6.875,25.813,0.000
14,ec.gp.GPIndividual@490627443{1386538456},3C_20_80-03.txt,169.439,0.500,84.719,10,52.141,61.55,5.214,25.813,0.000
14,ec.gp.GPIndividual@490627443{1386538456},3C_20_80-01.txt,4.194,0.500,2.097,2,23.953,1142.12,11.977,25.813,0.000
14,ec.gp.GPIndividual@490627443{1386538456},3C_20_80-01.txt,4.194,0.500,2.097,1,0.563,26.82,0.563,25.813,0.000
14,ec.gp.GPIndividual@490627443{1386538456},3C_20_80-02.txt,35.738,0.500,17.869,1,24.172,135.27,24.172,25.813,0.000
14,ec.gp.GPIndividual@1003511757{-1980787810},3C_20_50-02.txt,61.404,0.500,30.702,7,27.609,89.93,3.944,14.078,0.000
14,ec.gp.GPIndividual@1003511757{-1980787810},3C_20_50-03.txt,30.993,0.500,15.496,2,5.844,37.71,2.922,14.078,0.000
14,ec.gp.GPIndividual@1003511757{-1980787810},3C_20_80-01.txt,4.194,0.500,2.097,5,2.031,96.85,0.406,14.078,0.000
14,ec.gp.GPIndividual@1003511757{-1980787810},3C_20_80-02.txt,35.738,0.500,17.869,1,0.281,1.57,0.281,14.078,0.000
14,ec.gp.GPIndividual@1003511757{-1980787810},3C_20_66-01.txt,7.322,0.500,3.661,10,3.516,96.03,0.352,14.078,0.000
14,ec.gp.GPIndividual@1003511757{-1980787810},3C_20_66-02.txt,154.245,0.500,77.122,2,0.281,0.36,0.141,14.078,0.000
14,ec.gp.GPIndividual@1003511757{-1980787810},3C_20_80-03.txt,169.439,0.500,84.719,9,56.953,67.23,6.328,32.750,0.000
14,ec.gp.GPIndividual@634912551{1057054459},3C_20_50-02.txt,61.404,0.500,30.702,8,19.125,62.29,2.391,10.063,0.000
14,ec.gp.GPIndividual@634912551{1057054459},3C_20_50-03.txt,30.993,0.500,15.496,6,9.781,63.12,1.630,10.063,0.000
14,ec.gp.GPIndividual@634912551{1057054459},3C_20_66-01.txt,7.322,0.500,3.661,6,1.875,51.21,0.313,10.063,0.000
14,ec.gp.GPIndividual@634912551{1057054459},3C_20_66-02.txt,154.245,0.500,77.122,10,47.828,62.02,4.783,19.531,0.000
14,ec.gp.GPIndividual@634912551{1057054459},3C_20_66-03.txt,118.340,0.500,59.170,7,42.578,71.96,6.083,19.531,0.000
14,ec.gp.GPIndividual@634912551{1057054459},3C_20_80-01.txt,4.194,0.500,2.097,8,1.844,87.91,0.230,19.531,0.000
14,ec.gp.GPIndividual@634912551{1057054459},3C_20_80-02.txt,35.738,0.500,17.869,7,7.797,43.63,1.114,19.531,0.000
14,ec.gp.GPIndividual@634912551{1057054459},3C_20_80-03.txt,169.439,0.500,84.719,2,34.375,40.58,17.188,33.594,0.000
15,ec.gp.GPIndividual@1250128104{-756334605},3C_20_50-02.txt,61.404,0.500,30.702,0,0.000,0.00,0.000,0.000,0.000
15,ec.gp.GPIndividual@1250128104{-756334605},3C_20_50-03.txt,30.993,0.500,15.496,0,0.000,0.00,0.000,0.000,0.000
15,ec.gp.GPIndividual@1250128104{-756334605},3C_20_66-01.txt,7.322,0.500,3.661,0,0.000,0.00,0.000,0.000,0.000
15,ec.gp.GPIndividual@1250128104{-756334605},3C_20_66-02.txt,154.245,0.500,77.122,0,0.000,0.00,0.000,0.000,0.000
15,ec.gp.GPIndividual@1250128104{-756334605},3C_20_66-03.txt,118.340,0.500,59.170,0,0.000,0.00,0.000,0.000,0.000
15,ec.gp.GPIndividual@1250128104{-756334605},3C_20_80-01.txt,4.194,0.500,2.097,0,0.000,0.00,0.000,0.000,0.000
15,ec.gp.GPIndividual@1250128104{-756334605},3C_20_80-02.txt,35.738,0.500,17.869,0,0.000,0.00,0.000,0.000,0.000
15,ec.gp.GPIndividual@1250128104{-756334605},3C_20_80-03.txt,169.439,0.500,84.719,0,0.000,0.00,0.000,0.000,0.000
15,ec.gp.GPIndividual@100093151{-87704013},3C_20_50-02.txt,61.404,0.500,30.702,0,0.000,0.00,0.000,0.000,0.000
15,ec.gp.GPIndividual@100093151{-87704013},3C_20_50-03.txt,30.993,0.500,15.496,0,0.000,0.00,0.000,0.000,0.000
15,ec.gp.GPIndividual@100093151{-87704013},3C_20_66-01.txt,7.322,0.500,3.661,0,0.000,0.00,0.000,0.000,0.000
15,ec.gp.GPIndividual@100093151{-87704013},3C_20_66-02.txt,154.245,0.500,77.122,0,0.000,0.00,0.000,0.000,0.000
15,ec.gp.GPIndividual@100093151{-87704013},3C_20_66-03.txt,118.340,0.500,59.170,0,0.000,0.00,0.000,0.000,0.000
15,ec.gp.GPIndividual@100093151{-87704013},3C_20_80-01.txt,4.194,0.500,2.097,0,0.000,0.00,0.000,0.000,0.000
15,ec.gp.GPIndividual@100093151{-87704013},3C_20_80-02.txt,35.738,0.500,17.869,0,0.000,0.00,0.000,0.000,0.000
15,ec.gp.GPIndividual@100093151{-87704013},3C_20_80-03.txt,169.439,0.500,84.719,0,0.000,0.00,0.000,0.000,0.000
15,ec.gp.GPIndividual@281596450{1714585138},3C_20_50-02.txt,61.404,0.500,30.702,20,29.453,95.93,1.473,2.734,0.000
15,ec.gp.GPIndividual@281596450{1714585138},3C_20_50-03.txt,30.993,0.500,15.496,2,2.141,13.81,1.070,2.734,0.000
15,ec.gp.GPIndividual@281596450{1714585138},3C_20_50-03.txt,30.993,0.500,15.496,6,13.266,85.61,2.211,2.969,0.000
15,ec.gp.GPIndividual@281596450{1714585138},3C_20_50-03.txt,30.993,0.500,15.496,3,7.375,47.59,2.458,4.484,0.000
15,ec.gp.GPIndividual@281596450{1714585138},3C_20_50-03.txt,30.993,0.500,15.496,2,3.969,25.61,1.984,4.484,0.000
15,ec.gp.GPIndividual@281596450{1714585138},3C_20_50-03.txt,30.993,0.500,15.496,3,9.891,63.83,3.297,5.234,0.000
15,ec.gp.GPIndividual@281596450{1714585138},3C_20_50-03.txt,30.993,0.500,15.496,2,9.109,58.78,4.555,5.234,0.000
15,ec.gp.GPIndividual@281596450{1714585138},3C_20_66-01.txt,7.322,0.500,3.661,1,4.688,128.04,4.688,5.234,0.000
15,ec.gp.GPIndividual@281596450{1714585138},3C_20_66-01.txt,7.322,0.500,3.661,2,5.516,150.66,2.758,5.234,0.000
15,ec.gp.GPIndividual@281596450{1714585138},3C_20_66-01.txt,7.322,0.500,3.661,1,4.469,122.06,4.469,5.234,0.000
15,ec.gp.GPIndividual@281596450{1714585138},3C_20_66-01.txt,7.322,0.500,3.661,2,5.094,139.13,2.547,5.234,0.000
15,ec.gp.GPIndividual@281596450{1714585138},3C_20_66-01.txt,7.322,0.500,3.661,2,2.188,59.75,1.094,5.234,0.000
15,ec.gp.GPIndividual@281596450{1714585138},3C_20_66-02.txt,154.245,0.500,77.122,2,2.266,2.94,1.133,5.234,0.000
15,ec.gp.GPIndividual@281596450{1714585138},3C_20_66-02.txt,154.245,0.500,77.122,1,1.125,1.46,1.125,5.234,0.000
15,ec.gp.GPIndividual@281596450{1714585138},3C_20_66-02.txt,154.245,0.500,77.122,2,5.703,7.39,2.852,5.234,0.000
15,ec.gp.GPIndividual@281596450{1714585138},3C_20_66-01.txt,7.322,0.500,3.661,2,3.906,106.70,1.953,5.234,0.000
15,ec.gp.GPIndividual@281596450{1714585138},3C_20_66-03.txt,118.340,0.500,59.170,3,1.938,3.27,0.646,5.234,0.000
15,ec.gp.GPIndividual@281596450{1714585138},3C_20_66-02.txt,154.245,0.500,77.122,26,70.219,91.05,2.701,14.344,0.000
15,ec.gp.GPIndividual@281596450{1714585138},3C_20_80-01.txt,4.194,0.500,2.097,1,17.797,848.58,17.797,17.797,0.000
15,ec.gp.GPIndividual@281596450{1714585138},3C_20_66-03.txt,118.340,0.500,59.170,2,17.250,29.15,8.625,17.797,0.000
15,ec.gp.GPIndividual@281596450{1714585138},3C_20_66-03.txt,118.340,0.500,59.170,2,15.938,26.94,7.969,17.797,0.000
15,ec.gp.GPIndividual@281596450{1714585138},3C_20_66-03.txt,118.340,0.500,59.170,3,9.375,15.84,3.125,17.797,0.000
15,ec.gp.GPIndividual@281596450{1714585138},3C_20_66-02.txt,154.245,0.500,77.122,4,25.125,32.58,6.281,22.484,0.000
15,ec.gp.GPIndividual@281596450{1714585138},3C_20_66-02.txt,154.245,0.500,77.122,22,66.484,86.21,3.022,22.484,0.000
15,ec.gp.GPIndividual@281596450{1714585138},3C_20_80-01.txt,4.194,0.500,2.097,1,10.578,504.38,10.578,22.484,0.000
15,ec.gp.GPIndividual@281596450{1714585138},3C_20_66-03.txt,118.340,0.500,59.170,2,8.906,15.05,4.453,22.484,0.000
15,ec.gp.GPIndividual@281596450{1714585138},3C_20_80-02.txt,35.738,0.500,17.869,3,13.516,75.64,4.505,22.484,0.000
15,ec.gp.GPIndividual@281596450{1714585138},3C_20_80-01.txt,4.194,0.500,2.097,3,2.172,103.56,0.724,22.484,0.000
15,ec.gp.GPIndividual@281596450{1714585138},3C_20_80-02.txt,35.738,0.500,17.869,2,2.625,14.69,1.313,22.484,0.000
15,ec.gp.GPIndividual@281596450{1714585138},3C_20_80-02.txt,35.738,0.500,17.869,2,14.078,78.78,7.039,22.484,0.000
15,ec.gp.GPIndividual@281596450{1714585138},3C_20_80-01.txt,4.194,0.500,2.097,1,16.594,791.22,16.594,22.484,0.000
15,ec.gp.GPIndividual@281596450{1714585138},3C_20_66-03.txt,118.340,0.500,59.170,26,58.219,98.39,2.239,22.484,0.000
15,ec.gp.GPIndividual@281596450{1714585138},3C_20_80-01.txt,4.194,0.500,2.097,1,2.203,105.05,2.203,22.484,0.000
15,ec.gp.GPIndividual@281596450{1714585138},3C_20_80-02.txt,35.738,0.500,17.869,2,5.891,32.97,2.945,22.484,0.000
15,ec.gp.GPIndividual@281596450{1714585138},3C_20_80-03.txt,169.439,0.500,84.719,2,6.578,7.76,3.289,22.484,0.000
15,ec.gp.GPIndividual@281596450{1714585138},3C_20_80-03.txt,169.439,0.500,84.719,2,1.000,1.18,0.500,22.484,0.000
15,ec.gp.GPIndividual@281596450{1714585138},3C_20_80-02.txt,35.738,0.500,17.869,3,11.172,62.52,3.724,22.484,0.000
15,ec.gp.GPIndividual@281596450{1714585138},3C_20_80-01.txt,4.194,0.500,2.097,1,11.641,555.04,11.641,22.484,0.000
15,ec.gp.GPIndividual@281596450{1714585138},3C_20_80-03.txt,169.439,0.500,84.719,21,65.484,77.30,3.118,22.484,0.000
15,ec.gp.GPIndividual@281596450{1714585138},3C_20_80-03.txt,169.439,0.500,84.719,1,20.438,24.12,20.438,22.484,0.000
15,ec.gp.GPIndividual@1127329712{1308451578},3C_20_50-02.txt,61.404,0.500,30.702,0,0.000,0.00,0.000,0.000,0.000
15,ec.gp.GPIndividual@1127329712{1308451578},3C_20_50-03.txt,30.993,0.500,15.496,0,0.000,0.00,0.000,0.000,0.000
15,ec.gp.GPIndividual@1127329712{1308451578},3C_20_66-01.txt,7.322,0.500,3.661,0,0.000,0.00,0.000,0.000,0.000
15,ec.gp.GPIndividual@1127329712{1308451578},3C_20_66-02.txt,154.245,0.500,77.122,0,0.000,0.00,0.000,0.000,0.000
15,ec.gp.GPIndividual@1127329712{1308451578},3C_20_66-03.txt,118.340,0.500,59.170,0,0.000,0.00,0.000,0.000,0.000
15,ec.gp.GPIndividual@1127329712{1308451578},3C_20_80-01.txt,4.194,0.500,2.097,0,0.000,0.00,0.000,0.000,0.000
15,ec.gp.GPIndividual@1127329712{1308451578},3C_20_80-02.txt,35.738,0.500,17.869,0,0.000,0.00,0.000,0.000,0.000
15,ec.gp.GPIndividual@1127329712{1308451578},3C_20_80-03.txt,169.439,0.500,84.719,0,0.000,0.00,0.000,0.000,0.000
15,ec.gp.GPIndividual@1606120712{-1100245101},3C_20_50-02.txt,61.404,0.500,30.702,0,0.000,0.00,0.000,0.000,0.000
15,ec.gp.GPIndividual@1606120712{-1100245101},3C_20_50-03.txt,30.993,0.500,15.496,0,0.000,0.00,0.000,0.000,0.000
15,ec.gp.GPIndividual@1606120712{-1100245101},3C_20_66-01.txt,7.322,0.500,3.661,0,0.000,0.00,0.000,0.000,0.000
15,ec.gp.GPIndividual@1606120712{-1100245101},3C_20_66-02.txt,154.245,0.500,77.122,0,0.000,0.00,0.000,0.000,0.000
15,ec.gp.GPIndividual@1606120712{-1100245101},3C_20_66-03.txt,118.340,0.500,59.170,0,0.000,0.00,0.000,0.000,0.000
15,ec.gp.GPIndividual@1606120712{-1100245101},3C_20_80-01.txt,4.194,0.500,2.097,1,15.531,740.56,15.531,15.531,15.531
15,ec.gp.GPIndividual@1606120712{-1100245101},3C_20_80-02.txt,35.738,0.500,17.869,0,0.000,0.00,0.000,15.531,15.531
15,ec.gp.GPIndividual@1606120712{-1100245101},3C_20_80-02.txt,35.738,0.500,17.869,0,0.000,0.00,0.000,15.531,15.531
15,ec.gp.GPIndividual@1606120712{-1100245101},3C_20_80-03.txt,169.439,0.500,84.719,0,0.000,0.00,0.000,15.531,15.531
15,ec.gp.GPIndividual@836809333{903792016},3C_20_50-02.txt,61.404,0.500,30.702,0,0.000,0.00,0.000,0.000,0.000
15,ec.gp.GPIndividual@836809333{903792016},3C_20_50-03.txt,30.993,0.500,15.496,0,0.000,0.00,0.000,0.000,0.000
15,ec.gp.GPIndividual@836809333{903792016},3C_20_66-01.txt,7.322,0.500,3.661,0,0.000,0.00,0.000,0.000,0.000
15,ec.gp.GPIndividual@836809333{903792016},3C_20_66-02.txt,154.245,0.500,77.122,0,0.000,0.00,0.000,0.000,0.000
15,ec.gp.GPIndividual@836809333{903792016},3C_20_66-03.txt,118.340,0.500,59.170,0,0.000,0.00,0.000,0.000,0.000
15,ec.gp.GPIndividual@836809333{903792016},3C_20_80-01.txt,4.194,0.500,2.097,0,0.000,0.00,0.000,0.000,0.000
15,ec.gp.GPIndividual@836809333{903792016},3C_20_80-02.txt,35.738,0.500,17.869,0,0.000,0.00,0.000,0.000,0.000
15,ec.gp.GPIndividual@836809333{903792016},3C_20_80-03.txt,169.439,0.500,84.719,0,0.000,0.00,0.000,0.000,0.000
15,ec.gp.GPIndividual@718667902{1386538456},3C_20_50-02.txt,61.404,0.500,30.702,5,36.516,118.93,7.303,28.406,0.266
15,ec.gp.GPIndividual@711408106{366423861},3C_20_50-02.txt,61.404,0.500,30.702,0,0.000,0.00,0.000,0.000,0.000
15,ec.gp.GPIndividual@711408106{366423861},3C_20_50-03.txt,30.993,0.500,15.496,0,0.000,0.00,0.000,0.000,0.000
15,ec.gp.GPIndividual@711408106{366423861},3C_20_66-01.txt,7.322,0.500,3.661,0,0.000,0.00,0.000,0.000,0.000
15,ec.gp.GPIndividual@711408106{366423861},3C_20_66-02.txt,154.245,0.500,77.122,0,0.000,0.00,0.000,0.000,0.000
15,ec.gp.GPIndividual@711408106{366423861},3C_20_66-03.txt,118.340,0.500,59.170,0,0.000,0.00,0.000,0.000,0.000
15,ec.gp.GPIndividual@711408106{366423861},3C_20_80-01.txt,4.194,0.500,2.097,0,0.000,0.00,0.000,0.000,0.000
15,ec.gp.GPIndividual@711408106{366423861},3C_20_80-02.txt,35.738,0.500,17.869,0,0.000,0.00,0.000,0.000,0.000
15,ec.gp.GPIndividual@711408106{366423861},3C_20_80-03.txt,169.439,0.500,84.719,0,0.000,0.00,0.000,0.000,0.000
15,ec.gp.GPIndividual@326120796{437345138},3C_20_50-02.txt,61.404,0.500,30.702,12,28.750,93.64,2.396,9.156,0.266
15,ec.gp.GPIndividual@165749479{252905133},3C_20_50-02.txt,61.404,0.500,30.702,3,5.906,19.24,1.969,5.484,0.000
15,ec.gp.GPIndividual@165749479{252905133},3C_20_80-03.txt,169.439,0.500,84.719,1,8.844,10.44,8.844,8.844,0.000
15,ec.gp.GPIndividual@88225138{2132442076},3C_20_50-02.txt,61.404,0.500,30.702,2,6.859,22.34,3.430,6.859,0.000
15,ec.gp.GPIndividual@88225138{2132442076},3C_20_50-03.txt,30.993,0.500,15.496,4,6.047,39.02,1.512,6.859,0.000
15,ec.gp.GPIndividual@88225138{2132442076},3C_20_50-03.txt,30.993,0.500,15.496,6,17.297,111.62,2.883,6.859,0.000
15,ec.gp.GPIndividual@88225138{2132442076},3C_20_66-01.txt,7.322,0.500,3.661,2,0.656,17.92,0.328,6.859,0.000
15,ec.gp.GPIndividual@88225138{2132442076},3C_20_50-03.txt,30.993,0.500,15.496,3,4.547,29.34,1.516,6.859,0.000
15,ec.gp.GPIndividual@208321629{-1156338399},3C_20_50-02.txt,61.404,0.500,30.702,0,0.000,0.00,0.000,0.000,0.000
15,ec.gp.GPIndividual@208321629{-1156338399},3C_20_50-03.txt,30.993,0.500,15.496,0,0.000,0.00,0.000,0.000,0.000
15,ec.gp.GPIndividual@208321629{-1156338399},3C_20_66-01.txt,7.322,0.500,3.661,0,0.000,0.00,0.000,0.000,0.000
15,ec.gp.GPIndividual@208321629{-1156338399},3C_20_66-02.txt,154.245,0.500,77.122,0,0.000,0.00,0.000,0.000,0.000
15,ec.gp.GPIndividual@208321629{-1156338399},3C_20_66-03.txt,118.340,0.500,59.170,0,0.000,0.00,0.000,0.000,0.000
15,ec.gp.GPIndividual@208321629{-1156338399},3C_20_80-01.txt,4.194,0.500,2.097,0,0.000,0.00,0.000,0.000,0.000
15,ec.gp.GPIndividual@208321629{-1156338399},3C_20_80-02.txt,35.738,0.500,17.869,0,0.000,0.00,0.000,0.000,0.000
15,ec.gp.GPIndividual@208321629{-1156338399},3C_20_80-03.txt,169.439,0.500,84.719,0,0.000,0.00,0.000,0.000,0.000
15,ec.gp.GPIndividual@2088217701{-2064022053},3C_20_50-02.txt,61.404,0.500,30.702,4,6.344,20.66,1.586,3.484,0.438
15,ec.gp.GPIndividual@2088217701{-2064022053},3C_20_66-01.txt,7.322,0.500,3.661,2,4.906,134.01,2.453,3.484,0.438
15,ec.gp.GPIndividual@2088217701{-2064022053},3C_20_66-01.txt,7.322,0.500,3.661,4,2.844,77.67,0.711,3.484,0.000
15,ec.gp.GPIndividual@2088217701{-2064022053},3C_20_50-03.txt,30.993,0.500,15.496,3,1.625,10.49,0.542,3.484,0.000
15,ec.gp.GPIndividual@2088217701{-2064022053},3C_20_66-02.txt,154.245,0.500,77.122,1,1.156,1.50,1.156,3.484,0.000
15,ec.gp.GPIndividual@2088217701{-2064022053},3C_20_66-02.txt,154.245,0.500,77.122,2,5.031,6.52,2.516,5.031,0.000
15,ec.gp.GPIndividual@2088217701{-2064022053},3C_20_50-03.txt,30.993,0.500,15.496,10,16.531,106.68,1.653,5.031,0.000
15,ec.gp.GPIndividual@2088217701{-2064022053},3C_20_66-01.txt,7.322,0.500,3.661,3,3.078,84.08,1.026,5.031,0.000
15,ec.gp.GPIndividual@2088217701{-2064022053},3C_20_66-02.txt,154.245,0.500,77.122,2,1.000,1.30,0.500,5.031,0.000
15,ec.gp.GPIndividual@2088217701{-2064022053},3C_20_66-03.txt,118.340,0.500,59.170,3,2.000,3.38,0.667,5.031,0.000
15,ec.gp.GPIndividual@2088217701{-2064022053},3C_20_66-03.txt,118.340,0.500,59.170,1,2.734,4.62,2.734,5.031,0.000
15,ec.gp.GPIndividual@2088217701{-2064022053},3C_20_66-01.txt,7.322,0.500,3.661,3,2.656,72.55,0.885,5.031,0.000
15,ec.gp.GPIndividual@2088217701{-2064022053},3C_20_66-02.txt,154.245,0.500,77.122,3,3.078,3.99,1.026,5.031,0.000
15,ec.gp.GPIndividual@2088217701{-2064022053},3C_20_66-02.txt,154.245,0.500,77.122,20,50.063,64.91,2.503,18.203,0.000
15,ec.gp.GPIndividual@2088217701{-2064022053},3C_20_66-03.txt,118.340,0.500,59.170,2,18.656,31.53,9.328,18.656,0.000
15,ec.gp.GPIndividual@2088217701{-2064022053},3C_20_66-03.txt,118.340,0.500,59.170,2,19.078,32.24,9.539,19.078,0.000
15,ec.gp.GPIndividual@2088217701{-2064022053},3C_20_80-01.txt,4.194,0.500,2.097,2,22.031,1050.49,11.016,21.156,0.000
15,ec.gp.GPIndividual@2088217701{-2064022053},3C_20_80-01.txt,4.194,0.500,2.097,1,22.172,1057.19,22.172,22.172,0.000
15,ec.gp.GPIndividual@2088217701{-2064022053},3C_20_66-03.txt,118.340,0.500,59.170,1,0.563,0.95,0.563,22.172,0.000
15,ec.gp.GPIndividual@2088217701{-2064022053},3C_20_80-02.txt,35.738,0.500,17.869,10,17.203,96.27,1.720,22.172,0.000
15,ec.gp.GPIndividual@2088217701{-2064022053},3C_20_80-03.txt,169.439,0.500,84.719,1,1.000,1.18,1.000,22.172,0.000
15,ec.gp.GPIndividual@2088217701{-2064022053},3C_20_80-01.txt,4.194,0.500,2.097,1,4.875,232.45,4.875,22.172,0.000
15,ec.gp.GPIndividual@2088217701{-2064022053},3C_20_80-01.txt,4.194,0.500,2.097,3,4.797,228.72,1.599,22.172,0.000
15,ec.gp.GPIndividual@2088217701{-2064022053},3C_20_80-02.txt,35.738,0.500,17.869,1,0.266,1.49,0.266,22.172,0.000
15,ec.gp.GPIndividual@2088217701{-2064022053},3C_20_80-02.txt,35.738,0.500,17.869,2,3.266,18.28,1.633,22.172,0.000
15,ec.gp.GPIndividual@2088217701{-2064022053},3C_20_80-02.txt,35.738,0.500,17.869,12,17.203,96.27,1.434,22.172,0.000
15,ec.gp.GPIndividual@2088217701{-2064022053},3C_20_80-03.txt,169.439,0.500,84.719,3,2.172,2.56,0.724,22.172,0.000
15,ec.gp.GPIndividual@2088217701{-2064022053},3C_20_80-03.txt,169.439,0.500,84.719,1,2.063,2.43,2.063,22.172,0.000
15,ec.gp.GPIndividual@236264454{152544320},3C_20_50-02.txt,61.404,0.500,30.702,2,6.016,19.59,3.008,5.781,0.234
15,ec.gp.GPIndividual@163892946{413806606},3C_20_50-02.txt,61.404,0.500,30.702,4,3.906,12.72,0.977,2.500,0.000
15,ec.gp.GPIndividual@163892946{413806606},3C_20_80-03.txt,169.439,0.500,84.719,8,43.688,51.57,5.461,32.656,0.000
15,ec.gp.GPIndividual@163892946{413806606},3C_20_80-03.txt,169.439,0.500,84.719,3,33.031,38.99,11.010,32.656,0.000
15,ec.gp.GPIndividual@163892946{413806606},3C_20_50-03.txt,30.993,0.500,15.496,1,30.281,195.41,30.281,32.656,0.000
15,ec.gp.GPIndividual@1961212476{-1286705814},3C_20_50-02.txt,61.404,0.500,30.702,1,31.734,103.36,31.734,31.734,31.734
15,ec.gp.GPIndividual@1961212476{-1286705814},3C_20_50-03.txt,30.993,0.500,15.496,8,17.578,113.43,2.197,31.734,0.313
15,ec.gp.GPIndividual@1961212476{-1286705814},3C_20_66-01.txt,7.322,0.500,3.661,2,2.438,66.58,1.219,31.734,0.000
15,ec.gp.GPIndividual@1961212476{-1286705814},3C_20_50-03.txt,30.993,0.500,15.496,3,1.156,7.46,0.385,31.734,0.000
15,ec.gp.GPIndividual@1961212476{-1286705814},3C_20_66-01.txt,7.322,0.500,3.661,6,3.250,88.77,0.542,31.734,0.000
15,ec.gp.GPIndividual@1961212476{-1286705814},3C_20_66-02.txt,154.245,0.500,77.122,2,0.703,0.91,0.352,31.734,0.000
15,ec.gp.GPIndividual@1961212476{-1286705814},3C_20_66-02.txt,154.245,0.500,77.122,14,54.172,70.24,3.869,32.531,0.000
15,ec.gp.GPIndividual@1322879843{-334622082},3C_20_50-02.txt,61.404,0.500,30.702,6,43.766,142.55,7.294,24.359,0.203
15,ec.gp.GPIndividual@1322879843{-334622082},3C_20_66-03.txt,118.340,0.500,59.170,3,29.234,49.41,9.745,24.672,0.000
15,ec.gp.GPIndividual@1322879843{-334622082},3C_20_66-01.txt,7.322,0.500,3.661,3,12.156,332.04,4.052,24.672,0.000
15,ec.gp.GPIndividual@1322879843{-334622082},3C_20_50-03.txt,30.993,0.500,15.496,6,12.781,82.48,2.130,24.672,0.000
15,ec.gp.GPIndividual@1322879843{-334622082},3C_20_66-01.txt,7.322,0.500,3.661,2,2.469,67.43,1.234,24.672,0.000
15,ec.gp.GPIndividual@1322879843{-334622082},3C_20_80-01.txt,4.194,0.500,2.097,3,6.906,329.30,2.302,24.672,0.000
15,ec.gp.GPIndividual@1322879843{-334622082},3C_20_66-02.txt,154.245,0.500,77.122,1,0.328,0.43,0.328,24.672,0.000
15,ec.gp.GPIndividual@1322879843{-334622082},3C_20_80-02.txt,35.738,0.500,17.869,1,0.672,3.76,0.672,24.672,0.000
15,ec.gp.GPIndividual@1322879843{-334622082},3C_20_66-02.txt,154.245,0.500,77.122,16,27.594,35.78,1.725,24.672,0.000
15,ec.gp.GPIndividual@1322879843{-334622082},3C_20_66-03.txt,118.340,0.500,59.170,5,30.219,51.07,6.044,24.672,0.000
15,ec.gp.GPIndividual@1322879843{-334622082},3C_20_66-03.txt,118.340,0.500,59.170,3,49.938,84.40,16.646,25.766,0.000
15,ec.gp.GPIndividual@1322879843{-334622082},3C_20_80-03.txt,169.439,0.500,84.719,2,21.047,24.84,10.523,25.766,0.000
15,ec.gp.GPIndividual@1322879843{-334622082},3C_20_80-01.txt,4.194,0.500,2.097,1,3.656,174.34,3.656,25.766,0.000
15,ec.gp.GPIndividual@1322879843{-334622082},3C_20_80-01.txt,4.194,0.500,2.097,3,1.859,88.66,0.620,25.766,0.000
15,ec.gp.GPIndividual@1322879843{-334622082},3C_20_80-02.txt,35.738,0.500,17.869,1,0.578,3.24,0.578,25.766,0.000
15,ec.gp.GPIndividual@1322879843{-334622082},3C_20_80-02.txt,35.738,0.500,17.869,12,18.531,103.71,1.544,25.766,0.000
15,ec.gp.GPIndividual@141080432{1386538456},3C_20_50-02.txt,61.404,0.500,30.702,3,2.313,7.53,0.771,2.078,0.000
15,ec.gp.GPIndividual@141080432{1386538456},3C_20_80-03.txt,169.439,0.500,84.719,2,2.547,3.01,1.273,2.547,0.000
15,ec.gp.GPIndividual@141080432{1386538456},3C_20_80-03.txt,169.439,0.500,84.719,4,16.688,19.70,4.172,14.016,0.000
15,ec.gp.GPIndividual@141080432{1386538456},3C_20_66-03.txt,118.340,0.500,59.170,7,34.781,58.78,4.969,20.234,0.000
15,ec.gp.GPIndividual@141080432{1386538456},3C_20_50-03.txt,30.993,0.500,15.496,1,20.922,135.01,20.922,20.922,0.000
15,ec.gp.GPIndividual@1370224151{-836770706},3C_20_50-02.txt,61.404,0.500,30.702,2,22.578,73.54,11.289,22.359,0.219
15,ec.gp.GPIndividual@218157077{1047285374},3C_20_50-02.txt,61.404,0.500,30.702,0,0.000,0.00,0.000,0.000,0.000
15,ec.gp.GPIndividual@218157077{1047285374},3C_20_50-03.txt,30.993,0.500,15.496,0,0.000,0.00,0.000,0.000,0.000
15,ec.gp.GPIndividual@218157077{1047285374},3C_20_66-01.txt,7.322,0.500,3.661,0,0.000,0.00,0.000,0.000,0.000
15,ec.gp.GPIndividual@218157077{1047285374},3C_20_66-02.txt,154.245,0.500,77.122,0,0.000,0.00,0.000,0.000,0.000
15,ec.gp.GPIndividual@218157077{1047285374},3C_20_66-03.txt,118.340,0.500,59.170,0,0.000,0.00,0.000,0.000,0.000
15,ec.gp.GPIndividual@218157077{1047285374},3C_20_80-01.txt,4.194,0.500,2.097,0,0.000,0.00,0.000,0.000,0.000
15,ec.gp.GPIndividual@218157077{1047285374},3C_20_80-02.txt,35.738,0.500,17.869,0,0.000,0.00,0.000,0.000,0.000
15,ec.gp.GPIndividual@218157077{1047285374},3C_20_80-03.txt,169.439,0.500,84.719,0,0.000,0.00,0.000,0.000,0.000
15,ec.gp.GPIndividual@1796333746{699690985},3C_20_50-02.txt,61.404,0.500,30.702,4,19.203,62.55,4.801,17.891,0.000
15,ec.gp.GPIndividual@1796333746{699690985},3C_20_80-01.txt,4.194,0.500,2.097,1,2.359,112.50,2.359,17.891,0.000
15,ec.gp.GPIndividual@1796333746{699690985},3C_20_66-01.txt,7.322,0.500,3.661,4,3.734,102.00,0.934,17.891,0.000
15,ec.gp.GPIndividual@1796333746{699690985},3C_20_66-02.txt,154.245,0.500,77.122,1,0.281,0.36,0.281,17.891,0.000
15,ec.gp.GPIndividual@1796333746{699690985},3C_20_80-02.txt,35.738,0.500,17.869,2,0.609,3.41,0.305,17.891,0.000
15,ec.gp.GPIndividual@1796333746{699690985},3C_20_50-03.txt,30.993,0.500,15.496,2,1.094,7.06,0.547,17.891,0.000
15,ec.gp.GPIndividual@1796333746{699690985},3C_20_50-03.txt,30.993,0.500,15.496,13,16.328,105.37,1.256,17.891,0.000
15,ec.gp.GPIndividual@1796333746{699690985},3C_20_66-01.txt,7.322,0.500,3.661,2,0.578,15.79,0.289,17.891,0.000
15,ec.gp.GPIndividual@1796333746{699690985},3C_20_80-03.txt,169.439,0.500,84.719,2,0.922,1.09,0.461,17.891,0.000
15,ec.gp.GPIndividual@1796333746{699690985},3C_20_66-03.txt,118.340,0.500,59.170,2,4.203,7.10,2.102,17.891,0.000
15,ec.gp.GPIndividual@1796333746{699690985},3C_20_66-01.txt,7.322,0.500,3.661,6,3.313,90.48,0.552,17.891,0.000
15,ec.gp.GPIndividual@1796333746{699690985},3C_20_66-02.txt,154.245,0.500,77.122,2,0.594,0.77,0.297,17.891,0.000
15,ec.gp.GPIndividual@1796333746{699690985},3C_20_66-02.txt,154.245,0.500,77.122,15,42.094,54.58,2.806,23.422,0.000
15,ec.gp.GPIndividual@1796333746{699690985},3C_20_66-03.txt,118.340,0.500,59.170,2,25.313,42.78,12.656,25.313,0.000
15,ec.gp.GPIndividual@1796333746{699690985},3C_20_80-01.txt,4.194,0.500,2.097,1,23.859,1137.65,23.859,25.313,0.000
15,ec.gp.GPIndividual@1796333746{699690985},3C_20_66-03.txt,118.340,0.500,59.170,2,30.281,51.18,15.141,29.484,0.000
15,ec.gp.GPIndividual@721836517{1129170823},3C_20_50-02.txt,61.404,0.500,30.702,0,0.000,0.00,0.000,0.000,0.000
15,ec.gp.GPIndividual@721836517{1129170823},3C_20_50-03.txt,30.993,0.500,15.496,0,0.000,0.00,0.000,0.000,0.000
15,ec.gp.GPIndividual@721836517{1129170823},3C_20_66-01.txt,7.322,0.500,3.661,0,0.000,0.00,0.000,0.000,0.000
15,ec.gp.GPIndividual@721836517{1129170823},3C_20_66-02.txt,154.245,0.500,77.122,0,0.000,0.00,0.000,0.000,0.000
15,ec.gp.GPIndividual@721836517{1129170823},3C_20_66-03.txt,118.340,0.500,59.170,0,0.000,0.00,0.000,0.000,0.000
15,ec.gp.GPIndividual@721836517{1129170823},3C_20_80-01.txt,4.194,0.500,2.097,0,0.000,0.00,0.000,0.000,0.000
15,ec.gp.GPIndividual@721836517{1129170823},3C_20_80-02.txt,35.738,0.500,17.869,0,0.000,0.00,0.000,0.000,0.000
15,ec.gp.GPIndividual@721836517{1129170823},3C_20_80-03.txt,169.439,0.500,84.719,0,0.000,0.00,0.000,0.000,0.000
15,ec.gp.GPIndividual@1926729868{239924718},3C_20_50-02.txt,61.404,0.500,30.702,0,0.000,0.00,0.000,0.000,0.000
15,ec.gp.GPIndividual@1926729868{239924718},3C_20_50-03.txt,30.993,0.500,15.496,0,0.000,0.00,0.000,0.000,0.000
15,ec.gp.GPIndividual@1926729868{239924718},3C_20_66-01.txt,7.322,0.500,3.661,0,0.000,0.00,0.000,0.000,0.000
15,ec.gp.GPIndividual@1926729868{239924718},3C_20_66-02.txt,154.245,0.500,77.122,0,0.000,0.00,0.000,0.000,0.000
15,ec.gp.GPIndividual@1926729868{239924718},3C_20_66-03.txt,118.340,0.500,59.170,0,0.000,0.00,0.000,0.000,0.000
15,ec.gp.GPIndividual@1926729868{239924718},3C_20_80-01.txt,4.194,0.500,2.097,0,0.000,0.00,0.000,0.000,0.000
15,ec.gp.GPIndividual@1926729868{239924718},3C_20_80-02.txt,35.738,0.500,17.869,0,0.000,0.00,0.000,0.000,0.000
15,ec.gp.GPIndividual@1926729868{239924718},3C_20_80-03.txt,169.439,0.500,84.719,0,0.000,0.00,0.000,0.000,0.000
15,ec.gp.GPIndividual@855776823{-1088719645},3C_20_50-02.txt,61.404,0.500,30.702,14,26.188,85.30,1.871,5.063,0.000
15,ec.gp.GPIndividual@855776823{-1088719645},3C_20_50-03.txt,30.993,0.500,15.496,2,3.953,25.51,1.977,5.063,0.000
15,ec.gp.GPIndividual@855776823{-1088719645},3C_20_80-02.txt,35.738,0.500,17.869,2,5.656,31.65,2.828,5.656,0.000
15,ec.gp.GPIndividual@855776823{-1088719645},3C_20_80-01.txt,4.194,0.500,2.097,1,6.453,307.70,6.453,6.453,0.000
15,ec.gp.GPIndividual@855776823{-1088719645},3C_20_80-01.txt,4.194,0.500,2.097,3,2.781,132.61,0.927,6.453,0.000
15,ec.gp.GPIndividual@855776823{-1088719645},3C_20_80-03.txt,169.439,0.500,84.719,1,0.578,0.68,0.578,6.453,0.000
15,ec.gp.GPIndividual@855776823{-1088719645},3C_20_80-02.txt,35.738,0.500,17.869,1,0.313,1.75,0.313,6.453,0.000
15,ec.gp.GPIndividual@855776823{-1088719645},3C_20_80-02.txt,35.738,0.500,17.869,12,18.031,100.91,1.503,6.453,0.000
15,ec.gp.GPIndividual@855776823{-1088719645},3C_20_80-03.txt,169.439,0.500,84.719,3,1.563,1.84,0.521,6.453,0.000
15,ec.gp.GPIndividual@855776823{-1088719645},3C_20_66-01.txt,7.322,0.500,3.661,1,2.672,72.98,2.672,6.453,0.000
15,ec.gp.GPIndividual@458450942{2132442076},3C_20_50-02.txt,61.404,0.500,30.702,10,19.969,65.04,1.997,9.422,0.219
15,ec.gp.GPIndividual@1810305325{-464901955},3C_20_50-02.txt,61.404,0.500,30.702,3,8.391,27.33,2.797,8.172,0.000
15,ec.gp.GPIndividual@1810305325{-464901955},3C_20_50-03.txt,30.993,0.500,15.496,7,14.891,96.09,2.127,10.453,0.000
15,ec.gp.GPIndividual@1810305325{-464901955},3C_20_50-03.txt,30.993,0.500,15.496,3,3.422,22.08,1.141,10.453,0.000
15,ec.gp.GPIndividual@1810305325{-464901955},3C_20_66-02.txt,154.245,0.500,77.122,12,60.516,78.47,5.043,33.469,0.000
15,ec.gp.GPIndividual@1810305325{-464901955},3C_20_80-03.txt,169.439,0.500,84.719,6,68.891,81.32,11.482,33.469,0.000
15,ec.gp.GPIndividual@1810305325{-464901955},3C_20_66-03.txt,118.340,0.500,59.170,4,26.469,44.73,6.617,33.469,0.000
15,ec.gp.GPIndividual@1810305325{-464901955},3C_20_66-01.txt,7.322,0.500,3.661,5,2.953,80.66,0.591,33.469,0.000
15,ec.gp.GPIndividual@1810305325{-464901955},3C_20_66-02.txt,154.245,0.500,77.122,2,26.391,34.22,13.195,33.469,0.000
15,ec.gp.GPIndividual@1810305325{-464901955},3C_20_66-01.txt,7.322,0.500,3.661,4,3.375,92.19,0.844,33.469,0.000
15,ec.gp.GPIndividual@1810305325{-464901955},3C_20_66-02.txt,154.245,0.500,77.122,2,0.469,0.61,0.234,33.469,0.000
15,ec.gp.GPIndividual@1810305325{-464901955},3C_20_66-03.txt,118.340,0.500,59.170,1,32.672,55.22,32.672,33.469,0.000
15,ec.gp.GPIndividual@1295308155{1508013209},3C_20_50-02.txt,61.404,0.500,30.702,0,0.000,0.00,0.000,0.000,0.000
15,ec.gp.GPIndividual@1295308155{1508013209},3C_20_50-03.txt,30.993,0.500,15.496,0,0.000,0.00,0.000,0.000,0.000
15,ec.gp.GPIndividual@1295308155{1508013209},3C_20_66-01.txt,7.322,0.500,3.661,0,0.000,0.00,0.000,0.000,0.000
15,ec.gp.GPIndividual@1295308155{1508013209},3C_20_66-02.txt,154.245,0.500,77.122,0,0.000,0.00,0.000,0.000,0.000
15,ec.gp.GPIndividual@1295308155{1508013209},3C_20_66-03.txt,118.340,0.500,59.170,0,0.000,0.00,0.000,0.000,0.000
15,ec.gp.GPIndividual@1295308155{1508013209},3C_20_80-01.txt,4.194,0.500,2.097,0,0.000,0.00,0.000,0.000,0.000
15,ec.gp.GPIndividual@1295308155{1508013209},3C_20_80-02.txt,35.738,0.500,17.869,0,0.000,0.00,0.000,0.000,0.000
15,ec.gp.GPIndividual@1295308155{1508013209},3C_20_80-03.txt,169.439,0.500,84.719,0,0.000,0.00,0.000,0.000,0.000
16,ec.gp.GPIndividual@1794078257{1981610945},3C_20_50-02.txt,61.404,0.500,30.702,20,29.938,97.51,1.497,2.625,0.000
16,ec.gp.GPIndividual@1794078257{1981610945},3C_20_50-03.txt,30.993,0.500,15.496,2,1.797,11.60,0.898,2.625,0.000
16,ec.gp.GPIndividual@1794078257{1981610945},3C_20_50-03.txt,30.993,0.500,15.496,2,2.703,17.44,1.352,2.703,0.000
16,ec.gp.GPIndividual@1794078257{1981610945},3C_20_50-03.txt,30.993,0.500,15.496,5,15.734,101.54,3.147,4.156,0.000
16,ec.gp.GPIndividual@1794078257{1981610945},3C_20_50-03.txt,30.993,0.500,15.496,1,1.094,7.06,1.094,4.156,0.000
16,ec.gp.GPIndividual@1794078257{1981610945},3C_20_66-01.txt,7.322,0.500,3.661,1,4.313,117.79,4.313,4.313,0.000
16,ec.gp.GPIndividual@1794078257{1981610945},3C_20_66-01.txt,7.322,0.500,3.661,1,3.938,107.55,3.938,4.313,0.000
16,ec.gp.GPIndividual@1794078257{1981610945},3C_20_50-03.txt,30.993,0.500,15.496,6,11.641,75.12,1.940,5.141,0.000
16,ec.gp.GPIndividual@1794078257{1981610945},3C_20_50-03.txt,30.993,0.500,15.496,7,18.750,121.00,2.679,5.141,0.000
16,ec.gp.GPIndividual@1794078257{1981610945},3C_20_66-01.txt,7.322,0.500,3.661,2,1.703,46.52,0.852,5.141,0.000
16,ec.gp.GPIndividual@1794078257{1981610945},3C_20_66-01.txt,7.322,0.500,3.661,3,6.625,180.96,2.208,5.141,0.000
16,ec.gp.GPIndividual@1794078257{1981610945},3C_20_66-01.txt,7.322,0.500,3.661,2,0.984,26.89,0.492,5.141,0.000
16,ec.gp.GPIndividual@1794078257{1981610945},3C_20_66-02.txt,154.245,0.500,77.122,3,2.000,2.59,0.667,5.141,0.000
16,ec.gp.GPIndividual@1794078257{1981610945},3C_20_66-02.txt,154.245,0.500,77.122,1,0.656,0.85,0.656,5.141,0.000
16,ec.gp.GPIndividual@1794078257{1981610945},3C_20_66-02.txt,154.245,0.500,77.122,1,2.688,3.48,2.688,5.141,0.000
16,ec.gp.GPIndividual@1794078257{1981610945},3C_20_66-01.txt,7.322,0.500,3.661,4,3.750,102.43,0.938,5.141,0.000
16,ec.gp.GPIndividual@1794078257{1981610945},3C_20_66-02.txt,154.245,0.500,77.122,2,1.078,1.40,0.539,5.141,0.000
16,ec.gp.GPIndividual@1794078257{1981610945},3C_20_66-02.txt,154.245,0.500,77.122,1,0.672,0.87,0.672,5.141,0.000
16,ec.gp.GPIndividual@1794078257{1981610945},3C_20_66-02.txt,154.245,0.500,77.122,32,60.703,78.71,1.897,11.203,0.000
16,ec.gp.GPIndividual@1794078257{1981610945},3C_20_66-03.txt,118.340,0.500,59.170,2,12.813,21.65,6.406,12.813,0.000
16,ec.gp.GPIndividual@1794078257{1981610945},3C_20_66-03.txt,118.340,0.500,59.170,3,11.719,19.81,3.906,12.813,0.000
16,ec.gp.GPIndividual@1794078257{1981610945},3C_20_66-03.txt,118.340,0.500,59.170,2,12.250,20.70,6.125,12.813,0.000
16,ec.gp.GPIndividual@1794078257{1981610945},3C_20_66-03.txt,118.340,0.500,59.170,2,13.484,22.79,6.742,13.484,0.000
16,ec.gp.GPIndividual@1794078257{1981610945},3C_20_66-03.txt,118.340,0.500,59.170,2,16.234,27.44,8.117,16.234,0.000
16,ec.gp.GPIndividual@1794078257{1981610945},3C_20_66-03.txt,118.340,0.500,59.170,13,57.125,96.54,4.394,16.234,0.000
16,ec.gp.GPIndividual@1794078257{1981610945},3C_20_80-01.txt,4.194,0.500,2.097,1,3.781,180.30,3.781,16.234,0.000
16,ec.gp.GPIndividual@1794078257{1981610945},3C_20_80-01.txt,4.194,0.500,2.097,2,1.422,67.80,0.711,16.234,0.000
16,ec.gp.GPIndividual@1794078257{1981610945},3C_20_80-02.txt,35.738,0.500,17.869,3,3.781,21.16,1.260,16.234,0.000
16,ec.gp.GPIndividual@1794078257{1981610945},3C_20_80-01.txt,4.194,0.500,2.097,1,4.297,204.88,4.297,16.234,0.000
16,ec.gp.GPIndividual@1794078257{1981610945},3C_20_80-01.txt,4.194,0.500,2.097,3,2.219,105.79,0.740,16.234,0.000
16,ec.gp.GPIndividual@1794078257{1981610945},3C_20_80-02.txt,35.738,0.500,17.869,1,0.500,2.80,0.500,16.234,0.000
16,ec.gp.GPIndividual@1794078257{1981610945},3C_20_80-02.txt,35.738,0.500,17.869,4,6.828,38.21,1.707,16.234,0.000
16,ec.gp.GPIndividual@1794078257{1981610945},3C_20_80-01.txt,4.194,0.500,2.097,1,2.203,105.05,2.203,16.234,0.000
16,ec.gp.GPIndividual@1794078257{1981610945},3C_20_80-03.txt,169.439,0.500,84.719,5,11.406,13.46,2.281,16.234,0.000
16,ec.gp.GPIndividual@1794078257{1981610945},3C_20_80-01.txt,4.194,0.500,2.097,2,2.234,106.54,1.117,16.234,0.000
16,ec.gp.GPIndividual@1794078257{1981610945},3C_20_80-03.txt,169.439,0.500,84.719,27,69.906,82.51,2.589,16.234,0.000
16,ec.gp.GPIndividual@1794078257{1981610945},3C_20_80-02.txt,35.738,0.500,17.869,2,13.938,78.00,6.969,16.234,0.000
16,ec.gp.GPIndividual@1794078257{1981610945},3C_20_80-02.txt,35.738,0.500,17.869,2,11.172,62.52,5.586,16.234,0.000
16,ec.gp.GPIndividual@1794078257{1981610945},3C_20_80-02.txt,35.738,0.500,17.869,1,20.281,113.50,20.281,20.281,0.000
16,ec.gp.GPIndividual@1794078257{1981610945},3C_20_80-03.txt,169.439,0.500,84.719,2,23.109,27.28,11.555,20.984,0.000
16,ec.gp.GPIndividual@575625397{1958153955},3C_20_50-02.txt,61.404,0.500,30.702,11,40.813,132.93,3.710,26.781,0.313
16,ec.gp.GPIndividual@1819508302{196048008},3C_20_50-02.txt,61.404,0.500,30.702,14,29.750,96.90,2.125,6.344,0.000
16,ec.gp.GPIndividual@1819508302{196048008},3C_20_50-03.txt,30.993,0.500,15.496,2,3.875,25.01,1.938,6.344,0.000
16,ec.gp.GPIndividual@1819508302{196048008},3C_20_80-03.txt,169.439,0.500,84.719,2,1.469,1.73,0.734,6.344,0.000
16,ec.gp.GPIndividual@1819508302{196048008},3C_20_50-03.txt,30.993,0.500,15.496,2,5.281,34.08,2.641,6.344,0.000
16,ec.gp.GPIndividual@1819508302{196048008},3C_20_80-03.txt,169.439,0.500,84.719,3,6.172,7.29,2.057,6.344,0.000
16,ec.gp.GPIndividual@1819508302{196048008},3C_20_80-03.txt,169.439,0.500,84.719,1,6.875,8.12,6.875,6.875,0.000
16,ec.gp.GPIndividual@1941951480{530786834},3C_20_50-02.txt,61.404,0.500,30.702,0,0.000,0.00,0.000,0.000,0.000
16,ec.gp.GPIndividual@1941951480{530786834},3C_20_50-03.txt,30.993,0.500,15.496,0,0.000,0.00,0.000,0.000,0.000
16,ec.gp.GPIndividual@1941951480{530786834},3C_20_66-01.txt,7.322,0.500,3.661,0,0.000,0.00,0.000,0.000,0.000
16,ec.gp.GPIndividual@1941951480{530786834},3C_20_66-02.txt,154.245,0.500,77.122,0,0.000,0.00,0.000,0.000,0.000
16,ec.gp.GPIndividual@1941951480{530786834},3C_20_66-03.txt,118.340,0.500,59.170,0,0.000,0.00,0.000,0.000,0.000
16,ec.gp.GPIndividual@1941951480{530786834},3C_20_80-01.txt,4.194,0.500,2.097,0,0.000,0.00,0.000,0.000,0.000
16,ec.gp.GPIndividual@1941951480{530786834},3C_20_80-02.txt,35.738,0.500,17.869,0,0.000,0.00,0.000,0.000,0.000
16,ec.gp.GPIndividual@1941951480{530786834},3C_20_80-03.txt,169.439,0.500,84.719,0,0.000,0.00,0.000,0.000,0.000
16,ec.gp.GPIndividual@1034059507{-1866716574},3C_20_50-02.txt,61.404,0.500,30.702,8,31.531,102.70,3.941,6.109,0.531
16,ec.gp.GPIndividual@637961890{-1856152806},3C_20_50-02.txt,61.404,0.500,30.702,2,2.578,8.40,1.289,2.203,0.375
16,ec.gp.GPIndividual@1623415820{-116352136},3C_20_50-02.txt,61.404,0.500,30.702,4,11.000,35.83,2.750,5.578,0.531
16,ec.gp.GPIndividual@2010068431{-1599091279},3C_20_50-02.txt,61.404,0.500,30.702,0,0.000,0.00,0.000,0.000,0.000
16,ec.gp.GPIndividual@2010068431{-1599091279},3C_20_50-03.txt,30.993,0.500,15.496,0,0.000,0.00,0.000,0.000,0.000
16,ec.gp.GPIndividual@2010068431{-1599091279},3C_20_66-01.txt,7.322,0.500,3.661,0,0.000,0.00,0.000,0.000,0.000
16,ec.gp.GPIndividual@2010068431{-1599091279},3C_20_66-02.txt,154.245,0.500,77.122,0,0.000,0.00,0.000,0.000,0.000
16,ec.gp.GPIndividual@2010068431{-1599091279},3C_20_66-03.txt,118.340,0.500,59.170,0,0.000,0.00,0.000,0.000,0.000
16,ec.gp.GPIndividual@2010068431{-1599091279},3C_20_80-01.txt,4.194,0.500,2.097,0,0.000,0.00,0.000,0.000,0.000
16,ec.gp.GPIndividual@2010068431{-1599091279},3C_20_80-02.txt,35.738,0.500,17.869,0,0.000,0.00,0.000,0.000,0.000
16,ec.gp.GPIndividual@2010068431{-1599091279},3C_20_80-03.txt,169.439,0.500,84.719,0,0.000,0.00,0.000,0.000,0.000
16,ec.gp.GPIndividual@1222708829{-748707608},3C_20_50-02.txt,61.404,0.500,30.702,10,30.250,98.53,3.025,7.625,0.000
16,ec.gp.GPIndividual@1222708829{-748707608},3C_20_50-03.txt,30.993,0.500,15.496,3,4.188,27.02,1.396,7.625,0.000
16,ec.gp.GPIndividual@1222708829{-748707608},3C_20_50-03.txt,30.993,0.500,15.496,2,5.609,36.20,2.805,7.625,0.000
16,ec.gp.GPIndividual@1222708829{-748707608},3C_20_66-01.txt,7.322,0.500,3.661,2,2.031,55.48,1.016,7.625,0.000
16,ec.gp.GPIndividual@1222708829{-748707608},3C_20_66-02.txt,154.245,0.500,77.122,3,13.516,17.52,4.505,10.266,0.000
16,ec.gp.GPIndividual@1222708829{-748707608},3C_20_50-03.txt,30.993,0.500,15.496,3,18.328,118.27,6.109,10.266,0.000
16,ec.gp.GPIndividual@1222708829{-748707608},3C_20_66-01.txt,7.322,0.500,3.661,1,0.703,19.21,0.703,10.266,0.000
16,ec.gp.GPIndividual@1222708829{-748707608},3C_20_66-01.txt,7.322,0.500,3.661,3,3.797,103.71,1.266,10.266,0.000
16,ec.gp.GPIndividual@1222708829{-748707608},3C_20_66-02.txt,154.245,0.500,77.122,1,0.531,0.69,0.531,10.266,0.000
16,ec.gp.GPIndividual@1222708829{-748707608},3C_20_66-03.txt,118.340,0.500,59.170,3,3.594,6.07,1.198,10.266,0.000
16,ec.gp.GPIndividual@1222708829{-748707608},3C_20_66-01.txt,7.322,0.500,3.661,3,7.250,198.03,2.417,10.266,0.000
16,ec.gp.GPIndividual@1222708829{-748707608},3C_20_66-01.txt,7.322,0.500,3.661,3,3.281,89.62,1.094,10.266,0.000
16,ec.gp.GPIndividual@1222708829{-748707608},3C_20_66-02.txt,154.245,0.500,77.122,1,0.484,0.63,0.484,10.266,0.000
16,ec.gp.GPIndividual@1222708829{-748707608},3C_20_66-02.txt,154.245,0.500,77.122,1,0.656,0.85,0.656,10.266,0.000
16,ec.gp.GPIndividual@1222708829{-748707608},3C_20_66-03.txt,118.340,0.500,59.170,20,51.188,86.51,2.559,10.266,0.000
16,ec.gp.GPIndividual@1222708829{-748707608},3C_20_80-01.txt,4.194,0.500,2.097,1,8.547,407.53,8.547,10.266,0.000
16,ec.gp.GPIndividual@1222708829{-748707608},3C_20_66-03.txt,118.340,0.500,59.170,2,7.234,12.23,3.617,10.266,0.000
16,ec.gp.GPIndividual@1222708829{-748707608},3C_20_80-01.txt,4.194,0.500,2.097,1,9.234,440.31,9.234,10.266,0.000
16,ec.gp.GPIndividual@1222708829{-748707608},3C_20_66-03.txt,118.340,0.500,59.170,10,64.344,108.74,6.434,29.609,0.000
16,ec.gp.GPIndividual@1222708829{-748707608},3C_20_50-03.txt,30.993,0.500,15.496,7,14.781,95.39,2.112,29.609,0.000
16,ec.gp.GPIndividual@1222708829{-748707608},3C_20_80-01.txt,4.194,0.500,2.097,1,3.578,170.61,3.578,29.609,0.000
16,ec.gp.GPIndividual@1222708829{-748707608},3C_20_80-01.txt,4.194,0.500,2.097,1,2.516,119.95,2.516,29.609,0.000
16,ec.gp.GPIndividual@1222708829{-748707608},3C_20_80-02.txt,35.738,0.500,17.869,4,3.844,21.51,0.961,29.609,0.000
16,ec.gp.GPIndividual@1222708829{-748707608},3C_20_80-02.txt,35.738,0.500,17.869,11,17.656,98.81,1.605,29.609,0.000
16,ec.gp.GPIndividual@1222708829{-748707608},3C_20_80-03.txt,169.439,0.500,84.719,2,0.547,0.65,0.273,29.609,0.000
16,ec.gp.GPIndividual@1222708829{-748707608},3C_20_80-03.txt,169.439,0.500,84.719,2,1.453,1.72,0.727,29.609,0.000
16,ec.gp.GPIndividual@1222708829{-748707608},3C_20_80-02.txt,35.738,0.500,17.869,2,2.297,12.85,1.148,29.609,0.000
16,ec.gp.GPIndividual@1222708829{-748707608},3C_20_80-02.txt,35.738,0.500,17.869,1,5.344,29.91,5.344,29.609,0.000
16,ec.gp.GPIndividual@1222708829{-748707608},3C_20_66-01.txt,7.322,0.500,3.661,3,3.563,97.31,1.188,29.609,0.000
16,ec.gp.GPIndividual@1222708829{-748707608},3C_20_66-02.txt,154.245,0.500,77.122,2,2.625,3.40,1.313,29.609,0.000
16,ec.gp.GPIndividual@1222708829{-748707608},3C_20_80-03.txt,169.439,0.500,84.719,2,16.125,19.03,8.063,29.609,0.000
16,ec.gp.GPIndividual@1222708829{-748707608},3C_20_66-02.txt,154.245,0.500,77.122,19,57.938,75.12,3.049,29.609,0.000
16,ec.gp.GPIndividual@1222708829{-748707608},3C_20_80-03.txt,169.439,0.500,84.719,2,15.078,17.80,7.539,29.609,0.000
16,ec.gp.GPIndividual@1222708829{-748707608},3C_20_66-03.txt,118.340,0.500,59.170,2,14.531,24.56,7.266,29.609,0.000
16,ec.gp.GPIndividual@1222708829{-748707608},3C_20_66-03.txt,118.340,0.500,59.170,1,17.719,29.95,17.719,29.609,0.000
16,ec.gp.GPIndividual@1861448240{-1327278740},3C_20_50-02.txt,61.404,0.500,30.702,2,23.563,76.75,11.781,23.188,0.375
16,ec.gp.GPIndividual@1796761125{-1928503167},3C_20_50-02.txt,61.404,0.500,30.702,7,45.766,149.06,6.538,27.234,0.328
16,ec.gp.GPIndividual@1911704488{1575423768},3C_20_50-02.txt,61.404,0.500,30.702,0,0.000,0.00,0.000,0.000,0.000
16,ec.gp.GPIndividual@1911704488{1575423768},3C_20_50-03.txt,30.993,0.500,15.496,0,0.000,0.00,0.000,0.000,0.000
16,ec.gp.GPIndividual@1911704488{1575423768},3C_20_66-01.txt,7.322,0.500,3.661,0,0.000,0.00,0.000,0.000,0.000
16,ec.gp.GPIndividual@1911704488{1575423768},3C_20_66-02.txt,154.245,0.500,77.122,0,0.000,0.00,0.000,0.000,0.000
16,ec.gp.GPIndividual@1911704488{1575423768},3C_20_66-03.txt,118.340,0.500,59.170,0,0.000,0.00,0.000,0.000,0.000
16,ec.gp.GPIndividual@1911704488{1575423768},3C_20_80-01.txt,4.194,0.500,2.097,0,0.000,0.00,0.000,0.000,0.000
16,ec.gp.GPIndividual@1911704488{1575423768},3C_20_80-02.txt,35.738,0.500,17.869,0,0.000,0.00,0.000,0.000,0.000
16,ec.gp.GPIndividual@1911704488{1575423768},3C_20_80-03.txt,169.439,0.500,84.719,0,0.000,0.00,0.000,0.000,0.000
16,ec.gp.GPIndividual@436652000{-1950716133},3C_20_50-02.txt,61.404,0.500,30.702,11,28.594,93.13,2.599,6.422,0.000
16,ec.gp.GPIndividual@436652000{-1950716133},3C_20_50-03.txt,30.993,0.500,15.496,2,2.563,16.54,1.281,6.422,0.000
16,ec.gp.GPIndividual@436652000{-1950716133},3C_20_50-03.txt,30.993,0.500,15.496,1,7.344,47.39,7.344,7.344,0.000
16,ec.gp.GPIndividual@1417951611{-1818006217},3C_20_50-02.txt,61.404,0.500,30.702,0,0.000,0.00,0.000,0.000,0.000
16,ec.gp.GPIndividual@1417951611{-1818006217},3C_20_50-03.txt,30.993,0.500,15.496,0,0.000,0.00,0.000,0.000,0.000
16,ec.gp.GPIndividual@1417951611{-1818006217},3C_20_66-01.txt,7.322,0.500,3.661,0,0.000,0.00,0.000,0.000,0.000
16,ec.gp.GPIndividual@1417951611{-1818006217},3C_20_66-02.txt,154.245,0.500,77.122,0,0.000,0.00,0.000,0.000,0.000
16,ec.gp.GPIndividual@1417951611{-1818006217},3C_20_66-03.txt,118.340,0.500,59.170,0,0.000,0.00,0.000,0.000,0.000
16,ec.gp.GPIndividual@1417951611{-1818006217},3C_20_80-01.txt,4.194,0.500,2.097,0,0.000,0.00,0.000,0.000,0.000
16,ec.gp.GPIndividual@1417951611{-1818006217},3C_20_80-02.txt,35.738,0.500,17.869,0,0.000,0.00,0.000,0.000,0.000
16,ec.gp.GPIndividual@1417951611{-1818006217},3C_20_80-03.txt,169.439,0.500,84.719,0,0.000,0.00,0.000,0.000,0.000
16,ec.gp.GPIndividual@1321932389{-1124231144},3C_20_50-02.txt,61.404,0.500,30.702,3,4.359,14.20,1.453,3.875,0.000
16,ec.gp.GPIndividual@1321932389{-1124231144},3C_20_80-01.txt,4.194,0.500,2.097,2,1.453,69.29,0.727,3.875,0.000
16,ec.gp.GPIndividual@1321932389{-1124231144},3C_20_80-02.txt,35.738,0.500,17.869,2,5.328,29.82,2.664,5.328,0.000
16,ec.gp.GPIndividual@1321932389{-1124231144},3C_20_80-01.txt,4.194,0.500,2.097,3,1.969,93.87,0.656,5.328,0.000
16,ec.gp.GPIndividual@1321932389{-1124231144},3C_20_50-03.txt,30.993,0.500,15.496,2,7.500,48.40,3.750,7.500,0.000
16,ec.gp.GPIndividual@1321932389{-1124231144},3C_20_50-03.txt,30.993,0.500,15.496,6,14.031,90.55,2.339,7.500,0.000
16,ec.gp.GPIndividual@1321932389{-1124231144},3C_20_80-03.txt,169.439,0.500,84.719,2,4.281,5.05,2.141,7.500,0.000
16,ec.gp.GPIndividual@1321932389{-1124231144},3C_20_66-01.txt,7.322,0.500,3.661,1,4.250,116.09,4.250,7.500,0.000
16,ec.gp.GPIndividual@1321932389{-1124231144},3C_20_66-01.txt,7.322,0.500,3.661,1,4.750,129.74,4.750,7.500,0.000
16,ec.gp.GPIndividual@1321932389{-1124231144},3C_20_66-01.txt,7.322,0.500,3.661,4,7.172,195.89,1.793,7.500,0.000
16,ec.gp.GPIndividual@1321932389{-1124231144},3C_20_66-01.txt,7.322,0.500,3.661,1,0.828,22.62,0.828,7.500,0.000
16,ec.gp.GPIndividual@1321932389{-1124231144},3C_20_66-02.txt,154.245,0.500,77.122,1,0.313,0.41,0.313,7.500,0.000
16,ec.gp.GPIndividual@1321932389{-1124231144},3C_20_66-02.txt,154.245,0.500,77.122,1,1.172,1.52,1.172,7.500,0.000
16,ec.gp.GPIndividual@1321932389{-1124231144},3C_20_66-02.txt,154.245,0.500,77.122,26,59.516,77.17,2.289,11.938,0.000
16,ec.gp.GPIndividual@1321932389{-1124231144},3C_20_66-03.txt,118.340,0.500,59.170,2,13.891,23.48,6.945,13.891,0.000
16,ec.gp.GPIndividual@1321932389{-1124231144},3C_20_80-02.txt,35.738,0.500,17.869,2,12.641,70.74,6.320,13.891,0.000
16,ec.gp.GPIndividual@1321932389{-1124231144},3C_20_66-03.txt,118.340,0.500,59.170,2,13.328,22.53,6.664,13.891,0.000
16,ec.gp.GPIndividual@1321932389{-1124231144},3C_20_66-03.txt,118.340,0.500,59.170,5,45.828,77.45,9.166,22.641,0.000
16,ec.gp.GPIndividual@510799062{243192715},3C_20_50-02.txt,61.404,0.500,30.702,0,0.000,0.00,0.000,0.000,0.000
16,ec.gp.GPIndividual@510799062{243192715},3C_20_50-03.txt,30.993,0.500,15.496,0,0.000,0.00,0.000,0.000,0.000
16,ec.gp.GPIndividual@510799062{243192715},3C_20_66-01.txt,7.322,0.500,3.661,0,0.000,0.00,0.000,0.000,0.000
16,ec.gp.GPIndividual@510799062{243192715},3C_20_66-02.txt,154.245,0.500,77.122,0,0.000,0.00,0.000,0.000,0.000
16,ec.gp.GPIndividual@510799062{243192715},3C_20_66-03.txt,118.340,0.500,59.170,0,0.000,0.00,0.000,0.000,0.000
16,ec.gp.GPIndividual@510799062{243192715},3C_20_80-01.txt,4.194,0.500,2.097,0,0.000,0.00,0.000,0.000,0.000
16,ec.gp.GPIndividual@510799062{243192715},3C_20_80-02.txt,35.738,0.500,17.869,0,0.000,0.00,0.000,0.000,0.000
16,ec.gp.GPIndividual@510799062{243192715},3C_20_80-03.txt,169.439,0.500,84.719,0,0.000,0.00,0.000,0.000,0.000
16,ec.gp.GPIndividual@518954145{-1507109978},3C_20_50-02.txt,61.404,0.500,30.702,0,0.000,0.00,0.000,0.000,0.000
16,ec.gp.GPIndividual@518954145{-1507109978},3C_20_50-03.txt,30.993,0.500,15.496,0,0.000,0.00,0.000,0.000,0.000
16,ec.gp.GPIndividual@518954145{-1507109978},3C_20_66-01.txt,7.322,0.500,3.661,0,0.000,0.00,0.000,0.000,0.000
16,ec.gp.GPIndividual@518954145{-1507109978},3C_20_66-02.txt,154.245,0.500,77.122,0,0.000,0.00,0.000,0.000,0.000
16,ec.gp.GPIndividual@518954145{-1507109978},3C_20_66-03.txt,118.340,0.500,59.170,0,0.000,0.00,0.000,0.000,0.000
16,ec.gp.GPIndividual@518954145{-1507109978},3C_20_80-01.txt,4.194,0.500,2.097,0,0.000,0.00,0.000,0.000,0.000
16,ec.gp.GPIndividual@518954145{-1507109978},3C_20_80-02.txt,35.738,0.500,17.869,0,0.000,0.00,0.000,0.000,0.000
16,ec.gp.GPIndividual@518954145{-1507109978},3C_20_80-03.txt,169.439,0.500,84.719,0,0.000,0.00,0.000,0.000,0.000
16,ec.gp.GPIndividual@1747717645{-186299314},3C_20_50-02.txt,61.404,0.500,30.702,3,23.047,75.07,7.682,22.734,0.000
16,ec.gp.GPIndividual@1747717645{-186299314},3C_20_80-02.txt,35.738,0.500,17.869,1,21.656,121.19,21.656,22.734,0.000
16,ec.gp.GPIndividual@1747717645{-186299314},3C_20_66-03.txt,118.340,0.500,59.170,2,23.328,39.43,11.664,23.328,0.000
16,ec.gp.GPIndividual@1747717645{-186299314},3C_20_80-02.txt,35.738,0.500,17.869,2,29.109,162.90,14.555,27.766,0.000
16,ec.gp.GPIndividual@1747717645{-186299314},3C_20_80-03.txt,169.439,0.500,84.719,16,53.656,63.33,3.354,27.766,0.000
16,ec.gp.GPIndividual@1625701047{917948461},3C_20_50-02.txt,61.404,0.500,30.702,0,0.000,0.00,0.000,0.000,0.000
16,ec.gp.GPIndividual@1625701047{917948461},3C_20_50-03.txt,30.993,0.500,15.496,0,0.000,0.00,0.000,0.000,0.000
16,ec.gp.GPIndividual@1625701047{917948461},3C_20_66-01.txt,7.322,0.500,3.661,0,0.000,0.00,0.000,0.000,0.000
16,ec.gp.GPIndividual@1625701047{917948461},3C_20_66-02.txt,154.245,0.500,77.122,0,0.000,0.00,0.000,0.000,0.000
16,ec.gp.GPIndividual@1625701047{917948461},3C_20_66-03.txt,118.340,0.500,59.170,0,0.000,0.00,0.000,0.000,0.000
16,ec.gp.GPIndividual@1625701047{917948461},3C_20_80-01.txt,4.194,0.500,2.097,0,0.000,0.00,0.000,0.000,0.000
16,ec.gp.GPIndividual@1625701047{917948461},3C_20_80-02.txt,35.738,0.500,17.869,0,0.000,0.00,0.000,0.000,0.000
16,ec.gp.GPIndividual@1625701047{917948461},3C_20_80-03.txt,169.439,0.500,84.719,0,0.000,0.00,0.000,0.000,0.000
16,ec.gp.GPIndividual@1770891598{946292251},3C_20_50-02.txt,61.404,0.500,30.702,2,2.141,6.97,1.070,1.922,0.219
16,ec.gp.GPIndividual@1770891598{946292251},3C_20_66-01.txt,7.322,0.500,3.661,3,2.016,55.06,0.672,1.922,0.000
16,ec.gp.GPIndividual@1770891598{946292251},3C_20_80-02.txt,35.738,0.500,17.869,13,14.656,82.02,1.127,3.469,0.000
16,ec.gp.GPIndividual@1770891598{946292251},3C_20_50-03.txt,30.993,0.500,15.496,2,4.563,29.44,2.281,4.563,0.000
16,ec.gp.GPIndividual@1770891598{946292251},3C_20_66-02.txt,154.245,0.500,77.122,2,2.719,3.53,1.359,4.563,0.000
16,ec.gp.GPIndividual@1770891598{946292251},3C_20_80-03.txt,169.439,0.500,84.719,10,51.906,61.27,5.191,31.750,0.000
16,ec.gp.GPIndividual@1811185711{-302518421},3C_20_50-02.txt,61.404,0.500,30.702,6,44.375,144.53,7.396,24.578,0.219
16,ec.gp.GPIndividual@1811185711{-302518421},3C_20_66-03.txt,118.340,0.500,59.170,2,4.438,7.50,2.219,24.578,0.000
16,ec.gp.GPIndividual@1811185711{-302518421},3C_20_66-01.txt,7.322,0.500,3.661,3,5.203,142.12,1.734,24.578,0.000
16,ec.gp.GPIndividual@1811185711{-302518421},3C_20_80-01.txt,4.194,0.500,2.097,3,2.188,104.30,0.729,24.578,0.000
16,ec.gp.GPIndividual@1811185711{-302518421},3C_20_66-02.txt,154.245,0.500,77.122,2,10.469,13.57,5.234,24.578,0.000
16,ec.gp.GPIndividual@1811185711{-302518421},3C_20_50-03.txt,30.993,0.500,15.496,1,30.297,195.51,30.297,30.297,0.000
16,ec.gp.GPIndividual@623114916{1385755948},3C_20_50-02.txt,61.404,0.500,30.702,1,0.250,0.81,0.250,0.250,0.250
16,ec.gp.GPIndividual@623114916{1385755948},3C_20_80-02.txt,35.738,0.500,17.869,17,17.047,95.40,1.003,2.391,0.000
16,ec.gp.GPIndividual@623114916{1385755948},3C_20_80-03.txt,169.439,0.500,84.719,2,1.453,1.72,0.727,2.391,0.000
16,ec.gp.GPIndividual@623114916{1385755948},3C_20_50-03.txt,30.993,0.500,15.496,2,1.078,6.96,0.539,2.391,0.000
16,ec.gp.GPIndividual@623114916{1385755948},3C_20_66-03.txt,118.340,0.500,59.170,1,4.016,6.79,4.016,4.016,0.000
16,ec.gp.GPIndividual@623114916{1385755948},3C_20_66-01.txt,7.322,0.500,3.661,3,3.844,104.99,1.281,4.016,0.000
16,ec.gp.GPIndividual@623114916{1385755948},3C_20_66-01.txt,7.322,0.500,3.661,3,4.813,131.45,1.604,4.016,0.000
16,ec.gp.GPIndividual@1724071818{1112145273},3C_20_50-02.txt,61.404,0.500,30.702,12,21.500,70.03,1.792,8.438,0.000
16,ec.gp.GPIndividual@1724071818{1112145273},3C_20_80-01.txt,4.194,0.500,2.097,1,9.141,435.84,9.141,9.141,0.000
16,ec.gp.GPIndividual@1724071818{1112145273},3C_20_66-02.txt,154.245,0.500,77.122,3,7.906,10.25,2.635,9.141,0.000
16,ec.gp.GPIndividual@1724071818{1112145273},3C_20_50-03.txt,30.993,0.500,15.496,3,12.625,81.47,4.208,12.047,0.000
16,ec.gp.GPIndividual@1724071818{1112145273},3C_20_66-02.txt,154.245,0.500,77.122,21,65.266,84.63,3.108,21.766,0.000
16,ec.gp.GPIndividual@1724071818{1112145273},3C_20_80-02.txt,35.738,0.500,17.869,1,24.906,139.38,24.906,24.906,0.000
16,ec.gp.GPIndividual@1724071818{1112145273},3C_20_66-03.txt,118.340,0.500,59.170,10,48.547,82.05,4.855,24.906,0.000
16,ec.gp.GPIndividual@1724071818{1112145273},3C_20_66-01.txt,7.322,0.500,3.661,4,16.406,448.12,4.102,24.906,0.000
16,ec.gp.GPIndividual@1724071818{1112145273},3C_20_66-03.txt,118.340,0.500,59.170,2,0.594,1.00,0.297,24.906,0.000
16,ec.gp.GPIndividual@1724071818{1112145273},3C_20_66-02.txt,154.245,0.500,77.122,2,10.609,13.76,5.305,24.906,0.000
16,ec.gp.GPIndividual@1724071818{1112145273},3C_20_80-03.txt,169.439,0.500,84.719,2,9.734,11.49,4.867,24.906,0.000
16,ec.gp.GPIndividual@1724071818{1112145273},3C_20_80-01.txt,4.194,0.500,2.097,2,1.781,84.93,0.891,24.906,0.000
16,ec.gp.GPIndividual@1724071818{1112145273},3C_20_66-03.txt,118.340,0.500,59.170,13,37.281,63.01,2.868,24.906,0.000
16,ec.gp.GPIndividual@1724071818{1112145273},3C_20_80-01.txt,4.194,0.500,2.097,1,17.828,850.07,17.828,24.906,0.000
16,ec.gp.GPIndividual@1724071818{1112145273},3C_20_80-01.txt,4.194,0.500,2.097,1,14.922,711.50,14.922,24.906,0.000
16,ec.gp.GPIndividual@1724071818{1112145273},3C_20_80-02.txt,35.738,0.500,17.869,2,21.109,118.13,10.555,24.906,0.000
16,ec.gp.GPIndividual@511388479{-767247722},3C_20_50-02.txt,61.404,0.500,30.702,0,0.000,0.00,0.000,0.000,0.000
16,ec.gp.GPIndividual@511388479{-767247722},3C_20_50-03.txt,30.993,0.500,15.496,0,0.000,0.00,0.000,0.000,0.000
16,ec.gp.GPIndividual@511388479{-767247722},3C_20_66-01.txt,7.322,0.500,3.661,0,0.000,0.00,0.000,0.000,0.000
16,ec.gp.GPIndividual@511388479{-767247722},3C_20_66-02.txt,154.245,0.500,77.122,0,0.000,0.00,0.000,0.000,0.000
16,ec.gp.GPIndividual@511388479{-767247722},3C_20_66-03.txt,118.340,0.500,59.170,0,0.000,0.00,0.000,0.000,0.000
16,ec.gp.GPIndividual@511388479{-767247722},3C_20_80-01.txt,4.194,0.500,2.097,0,0.000,0.00,0.000,0.000,0.000
16,ec.gp.GPIndividual@511388479{-767247722},3C_20_80-02.txt,35.738,0.500,17.869,0,0.000,0.00,0.000,0.000,0.000
16,ec.gp.GPIndividual@511388479{-767247722},3C_20_80-03.txt,169.439,0.500,84.719,0,0.000,0.00,0.000,0.000,0.000
16,ec.gp.GPIndividual@1802287154{-671518344},3C_20_50-02.txt,61.404,0.500,30.702,22,25.563,83.26,1.162,3.469,0.000
16,ec.gp.GPIndividual@1802287154{-671518344},3C_20_80-02.txt,35.738,0.500,17.869,2,5.484,30.69,2.742,5.484,0.000
16,ec.gp.GPIndividual@1802287154{-671518344},3C_20_50-03.txt,30.993,0.500,15.496,2,6.219,40.13,3.109,6.219,0.000
16,ec.gp.GPIndividual@1802287154{-671518344},3C_20_80-03.txt,169.439,0.500,84.719,2,4.031,4.76,2.016,6.219,0.000
16,ec.gp.GPIndividual@1802287154{-671518344},3C_20_80-02.txt,35.738,0.500,17.869,14,16.078,89.98,1.148,6.219,0.000
16,ec.gp.GPIndividual@1802287154{-671518344},3C_20_80-03.txt,169.439,0.500,84.719,2,1.719,2.03,0.859,6.219,0.000
16,ec.gp.GPIndividual@1802287154{-671518344},3C_20_80-03.txt,169.439,0.500,84.719,1,2.438,2.88,2.438,6.219,0.000
16,ec.gp.GPIndividual@2112980037{753425794},3C_20_50-02.txt,61.404,0.500,30.702,0,0.000,0.00,0.000,0.000,0.000
16,ec.gp.GPIndividual@2112980037{753425794},3C_20_50-03.txt,30.993,0.500,15.496,0,0.000,0.00,0.000,0.000,0.000
16,ec.gp.GPIndividual@2112980037{753425794},3C_20_66-01.txt,7.322,0.500,3.661,0,0.000,0.00,0.000,0.000,0.000
16,ec.gp.GPIndividual@2112980037{753425794},3C_20_66-02.txt,154.245,0.500,77.122,0,0.000,0.00,0.000,0.000,0.000
16,ec.gp.GPIndividual@2112980037{753425794},3C_20_66-03.txt,118.340,0.500,59.170,0,0.000,0.00,0.000,0.000,0.000
16,ec.gp.GPIndividual@2112980037{753425794},3C_20_80-01.txt,4.194,0.500,2.097,0,0.000,0.00,0.000,0.000,0.000
16,ec.gp.GPIndividual@2112980037{753425794},3C_20_80-02.txt,35.738,0.500,17.869,0,0.000,0.00,0.000,0.000,0.000
16,ec.gp.GPIndividual@2112980037{753425794},3C_20_80-03.txt,169.439,0.500,84.719,0,0.000,0.00,0.000,0.000,0.000
16,ec.gp.GPIndividual@971361743{858767171},3C_20_50-02.txt,61.404,0.500,30.702,2,0.000,0.00,0.000,0.000,0.000
16,ec.gp.GPIndividual@971361743{858767171},3C_20_50-03.txt,30.993,0.500,15.496,2,0.000,0.00,0.000,0.000,0.000
16,ec.gp.GPIndividual@971361743{858767171},3C_20_66-01.txt,7.322,0.500,3.661,2,0.000,0.00,0.000,0.000,0.000
16,ec.gp.GPIndividual@971361743{858767171},3C_20_66-02.txt,154.245,0.500,77.122,2,0.000,0.00,0.000,0.000,0.000
16,ec.gp.GPIndividual@971361743{858767171},3C_20_66-03.txt,118.340,0.500,59.170,2,0.000,0.00,0.000,0.000,0.000
16,ec.gp.GPIndividual@971361743{858767171},3C_20_80-01.txt,4.194,0.500,2.097,2,0.000,0.00,0.000,0.000,0.000
16,ec.gp.GPIndividual@971361743{858767171},3C_20_80-02.txt,35.738,0.500,17.869,2,0.000,0.00,0.000,0.000,0.000
16,ec.gp.GPIndividual@971361743{858767171},3C_20_80-03.txt,169.439,0.500,84.719,2,0.000,0.00,0.000,0.000,0.000
16,ec.gp.GPIndividual@638600937{1386538456},3C_20_50-02.txt,61.404,0.500,30.702,6,26.609,86.67,4.435,24.516,0.000
16,ec.gp.GPIndividual@638600937{1386538456},3C_20_66-01.txt,7.322,0.500,3.661,6,2.406,65.72,0.401,24.516,0.000
16,ec.gp.GPIndividual@638600937{1386538456},3C_20_66-02.txt,154.245,0.500,77.122,7,13.672,17.73,1.953,24.516,0.000
16,ec.gp.GPIndividual@638600937{1386538456},3C_20_50-03.txt,30.993,0.500,15.496,4,16.844,108.70,4.211,24.516,0.000
16,ec.gp.GPIndividual@638600937{1386538456},3C_20_66-03.txt,118.340,0.500,59.170,3,5.641,9.53,1.880,24.516,0.000
16,ec.gp.GPIndividual@638600937{1386538456},3C_20_66-01.txt,7.322,0.500,3.661,7,3.344,91.33,0.478,24.516,0.000
16,ec.gp.GPIndividual@638600937{1386538456},3C_20_80-01.txt,4.194,0.500,2.097,3,0.891,42.47,0.297,24.516,0.000
16,ec.gp.GPIndividual@638600937{1386538456},3C_20_66-02.txt,154.245,0.500,77.122,14,54.531,70.71,3.895,28.750,0.000
16,ec.gp.GPIndividual@638600937{1386538456},3C_20_80-02.txt,35.738,0.500,17.869,7,8.484,47.48,1.212,28.750,0.000
16,ec.gp.GPIndividual@638600937{1386538456},3C_20_80-03.txt,169.439,0.500,84.719,3,22.234,26.24,7.411,28.750,0.000
16,ec.gp.GPIndividual@638600937{1386538456},3C_20_66-03.txt,118.340,0.500,59.170,5,63.781,107.79,12.756,33.281,0.000
17,ec.gp.GPIndividual@982385770{-1869594516},3C_20_50-02.txt,61.404,0.500,30.702,0,0.000,0.00,0.000,0.000,0.000
17,ec.gp.GPIndividual@982385770{-1869594516},3C_20_50-03.txt,30.993,0.500,15.496,0,0.000,0.00,0.000,0.000,0.000
17,ec.gp.GPIndividual@982385770{-1869594516},3C_20_66-01.txt,7.322,0.500,3.661,0,0.000,0.00,0.000,0.000,0.000
17,ec.gp.GPIndividual@982385770{-1869594516},3C_20_66-02.txt,154.245,0.500,77.122,0,0.000,0.00,0.000,0.000,0.000
17,ec.gp.GPIndividual@982385770{-1869594516},3C_20_66-03.txt,118.340,0.500,59.170,0,0.000,0.00,0.000,0.000,0.000
17,ec.gp.GPIndividual@982385770{-1869594516},3C_20_80-01.txt,4.194,0.500,2.097,0,0.000,0.00,0.000,0.000,0.000
17,ec.gp.GPIndividual@982385770{-1869594516},3C_20_80-02.txt,35.738,0.500,17.869,0,0.000,0.00,0.000,0.000,0.000
17,ec.gp.GPIndividual@982385770{-1869594516},3C_20_80-03.txt,169.439,0.500,84.719,0,0.000,0.00,0.000,0.000,0.000
17,ec.gp.GPIndividual@849924792{-848799771},3C_20_50-02.txt,61.404,0.500,30.702,0,0.000,0.00,0.000,0.000,0.000
17,ec.gp.GPIndividual@849924792{-848799771},3C_20_50-03.txt,30.993,0.500,15.496,0,0.000,0.00,0.000,0.000,0.000
17,ec.gp.GPIndividual@849924792{-848799771},3C_20_66-01.txt,7.322,0.500,3.661,0,0.000,0.00,0.000,0.000,0.000
17,ec.gp.GPIndividual@849924792{-848799771},3C_20_66-02.txt,154.245,0.500,77.122,0,0.000,0.00,0.000,0.000,0.000
17,ec.gp.GPIndividual@849924792{-848799771},3C_20_66-03.txt,118.340,0.500,59.170,0,0.000,0.00,0.000,0.000,0.000
17,ec.gp.GPIndividual@849924792{-848799771},3C_20_80-01.txt,4.194,0.500,2.097,0,0.000,0.00,0.000,0.000,0.000
17,ec.gp.GPIndividual@849924792{-848799771},3C_20_80-02.txt,35.738,0.500,17.869,0,0.000,0.00,0.000,0.000,0.000
17,ec.gp.GPIndividual@849924792{-848799771},3C_20_80-03.txt,169.439,0.500,84.719,0,0.000,0.00,0.000,0.000,0.000
17,ec.gp.GPIndividual@1045237164{2132353631},3C_20_50-02.txt,61.404,0.500,30.702,0,0.000,0.00,0.000,0.000,0.000
17,ec.gp.GPIndividual@1045237164{2132353631},3C_20_50-03.txt,30.993,0.500,15.496,0,0.000,0.00,0.000,0.000,0.000
17,ec.gp.GPIndividual@1045237164{2132353631},3C_20_66-01.txt,7.322,0.500,3.661,0,0.000,0.00,0.000,0.000,0.000
17,ec.gp.GPIndividual@1045237164{2132353631},3C_20_66-02.txt,154.245,0.500,77.122,0,0.000,0.00,0.000,0.000,0.000
17,ec.gp.GPIndividual@1045237164{2132353631},3C_20_66-03.txt,118.340,0.500,59.170,0,0.000,0.00,0.000,0.000,0.000
17,ec.gp.GPIndividual@1045237164{2132353631},3C_20_80-01.txt,4.194,0.500,2.097,0,0.000,0.00,0.000,0.000,0.000
17,ec.gp.GPIndividual@1045237164{2132353631},3C_20_80-02.txt,35.738,0.500,17.869,0,0.000,0.00,0.000,0.000,0.000
17,ec.gp.GPIndividual@1045237164{2132353631},3C_20_80-03.txt,169.439,0.500,84.719,0,0.000,0.00,0.000,0.000,0.000
17,ec.gp.GPIndividual@2041113481{1386538456},3C_20_50-02.txt,61.404,0.500,30.702,20,29.109,94.81,1.455,2.578,0.000
17,ec.gp.GPIndividual@2041113481{1386538456},3C_20_50-03.txt,30.993,0.500,15.496,2,2.281,14.72,1.141,2.578,0.000
17,ec.gp.GPIndividual@2041113481{1386538456},3C_20_50-03.txt,30.993,0.500,15.496,6,13.469,86.92,2.245,3.125,0.000
17,ec.gp.GPIndividual@2041113481{1386538456},3C_20_50-03.txt,30.993,0.500,15.496,2,2.703,17.44,1.352,3.125,0.000
17,ec.gp.GPIndividual@2041113481{1386538456},3C_20_50-03.txt,30.993,0.500,15.496,3,8.250,53.24,2.750,4.453,0.000
17,ec.gp.GPIndividual@2041113481{1386538456},3C_20_50-03.txt,30.993,0.500,15.496,3,9.375,60.50,3.125,5.063,0.000
17,ec.gp.GPIndividual@2041113481{1386538456},3C_20_50-03.txt,30.993,0.500,15.496,3,13.469,86.92,4.490,5.063,0.000
17,ec.gp.GPIndividual@2041113481{1386538456},3C_20_66-01.txt,7.322,0.500,3.661,1,4.359,119.07,4.359,5.063,0.000
17,ec.gp.GPIndividual@2041113481{1386538456},3C_20_66-01.txt,7.322,0.500,3.661,1,4.531,123.77,4.531,5.063,0.000
17,ec.gp.GPIndividual@2041113481{1386538456},3C_20_66-01.txt,7.322,0.500,3.661,4,3.469,94.75,0.867,5.063,0.000
17,ec.gp.GPIndividual@2041113481{1386538456},3C_20_66-02.txt,154.245,0.500,77.122,1,1.047,1.36,1.047,5.063,0.000
17,ec.gp.GPIndividual@2041113481{1386538456},3C_20_66-02.txt,154.245,0.500,77.122,1,2.641,3.42,2.641,5.063,0.000
17,ec.gp.GPIndividual@2041113481{1386538456},3C_20_66-01.txt,7.322,0.500,3.661,1,4.609,125.90,4.609,5.063,0.000
17,ec.gp.GPIndividual@2041113481{1386538456},3C_20_66-01.txt,7.322,0.500,3.661,1,0.797,21.77,0.797,5.063,0.000
17,ec.gp.GPIndividual@2041113481{1386538456},3C_20_66-02.txt,154.245,0.500,77.122,2,5.359,6.95,2.680,5.063,0.000
17,ec.gp.GPIndividual@2041113481{1386538456},3C_20_66-01.txt,7.322,0.500,3.661,3,4.094,111.82,1.365,5.063,0.000
17,ec.gp.GPIndividual@2041113481{1386538456},3C_20_66-03.txt,118.340,0.500,59.170,1,1.219,2.06,1.219,5.063,0.000
17,ec.gp.GPIndividual@2041113481{1386538456},3C_20_66-02.txt,154.245,0.500,77.122,3,4.969,6.44,1.656,5.063,0.000
17,ec.gp.GPIndividual@2041113481{1386538456},3C_20_66-02.txt,154.245,0.500,77.122,25,55.828,72.39,2.233,14.391,0.000
17,ec.gp.GPIndividual@2041113481{1386538456},3C_20_80-01.txt,4.194,0.500,2.097,1,18.031,859.76,18.031,18.031,0.000
17,ec.gp.GPIndividual@2041113481{1386538456},3C_20_66-03.txt,118.340,0.500,59.170,2,16.031,27.09,8.016,18.031,0.000
17,ec.gp.GPIndividual@2041113481{1386538456},3C_20_66-03.txt,118.340,0.500,59.170,2,15.609,26.38,7.805,18.031,0.000
17,ec.gp.GPIndividual@2041113481{1386538456},3C_20_66-03.txt,118.340,0.500,59.170,8,64.375,108.80,8.047,23.250,0.000
17,ec.gp.GPIndividual@2041113481{1386538456},3C_20_80-01.txt,4.194,0.500,2.097,1,0.703,33.53,0.703,23.250,0.000
17,ec.gp.GPIndividual@2041113481{1386538456},3C_20_80-01.txt,4.194,0.500,2.097,2,4.719,225.00,2.359,23.250,0.000
17,ec.gp.GPIndividual@2041113481{1386538456},3C_20_80-02.txt,35.738,0.500,17.869,1,0.516,2.89,0.516,23.250,0.000
17,ec.gp.GPIndividual@2041113481{1386538456},3C_20_80-02.txt,35.738,0.500,17.869,3,7.203,40.31,2.401,23.250,0.000
17,ec.gp.GPIndividual@2041113481{1386538456},3C_20_66-02.txt,154.245,0.500,77.122,2,4.391,5.69,2.195,23.250,0.000
17,ec.gp.GPIndividual@2041113481{1386538456},3C_20_80-01.txt,4.194,0.500,2.097,2,2.250,107.28,1.125,23.250,0.000
17,ec.gp.GPIndividual@2041113481{1386538456},3C_20_80-03.txt,169.439,0.500,84.719,18,47.781,56.40,2.655,23.250,0.000
17,ec.gp.GPIndividual@2041113481{1386538456},3C_20_66-03.txt,118.340,0.500,59.170,11,48.234,81.52,4.385,23.250,0.000
17,ec.gp.GPIndividual@2041113481{1386538456},3C_20_80-03.txt,169.439,0.500,84.719,2,14.531,17.15,7.266,23.250,0.000
17,ec.gp.GPIndividual@2041113481{1386538456},3C_20_80-02.txt,35.738,0.500,17.869,1,21.500,120.32,21.500,23.250,0.000
17,ec.gp.GPIndividual@2041113481{1386538456},3C_20_66-03.txt,118.340,0.500,59.170,1,23.250,39.29,23.250,23.250,0.000
17,ec.gp.GPIndividual@140830867{-917799680},3C_20_50-02.txt,61.404,0.500,30.702,0,0.000,0.00,0.000,0.000,0.000
17,ec.gp.GPIndividual@140830867{-917799680},3C_20_50-03.txt,30.993,0.500,15.496,0,0.000,0.00,0.000,0.000,0.000
17,ec.gp.GPIndividual@140830867{-917799680},3C_20_66-01.txt,7.322,0.500,3.661,0,0.000,0.00,0.000,0.000,0.000
17,ec.gp.GPIndividual@140830867{-917799680},3C_20_66-02.txt,154.245,0.500,77.122,0,0.000,0.00,0.000,0.000,0.000
17,ec.gp.GPIndividual@140830867{-917799680},3C_20_66-03.txt,118.340,0.500,59.170,0,0.000,0.00,0.000,0.000,0.000
17,ec.gp.GPIndividual@140830867{-917799680},3C_20_80-01.txt,4.194,0.500,2.097,0,0.000,0.00,0.000,0.000,0.000
17,ec.gp.GPIndividual@140830867{-917799680},3C_20_80-02.txt,35.738,0.500,17.869,0,0.000,0.00,0.000,0.000,0.000
17,ec.gp.GPIndividual@140830867{-917799680},3C_20_80-03.txt,169.439,0.500,84.719,0,0.000,0.00,0.000,0.000,0.000
17,ec.gp.GPIndividual@2034665078{1528785206},3C_20_50-02.txt,61.404,0.500,30.702,3,19.547,63.67,6.516,19.047,0.000
17,ec.gp.GPIndividual@2034665078{1528785206},3C_20_80-02.txt,35.738,0.500,17.869,2,12.922,72.31,6.461,19.047,0.000
17,ec.gp.GPIndividual@2034665078{1528785206},3C_20_80-01.txt,4.194,0.500,2.097,2,2.234,106.54,1.117,19.047,0.000
17,ec.gp.GPIndividual@2034665078{1528785206},3C_20_80-03.txt,169.439,0.500,84.719,21,67.234,79.36,3.202,19.047,0.000
17,ec.gp.GPIndividual@2034665078{1528785206},3C_20_80-01.txt,4.194,0.500,2.097,2,1.453,69.29,0.727,19.047,0.000
17,ec.gp.GPIndividual@2034665078{1528785206},3C_20_80-02.txt,35.738,0.500,17.869,2,17.500,97.93,8.750,19.047,0.000
17,ec.gp.GPIndividual@2034665078{1528785206},3C_20_80-03.txt,169.439,0.500,84.719,1,19.781,23.35,19.781,19.781,0.000
17,ec.gp.GPIndividual@1151725307{-1831588866},3C_20_50-02.txt,61.404,0.500,30.702,3,13.875,45.19,4.625,13.516,0.000
17,ec.gp.GPIndividual@1151725307{-1831588866},3C_20_80-02.txt,35.738,0.500,17.869,3,26.234,146.81,8.745,22.297,0.000
17,ec.gp.GPIndividual@1151725307{-1831588866},3C_20_50-03.txt,30.993,0.500,15.496,3,30.563,197.22,10.188,27.016,0.000
17,ec.gp.GPIndividual@1941233332{-1215189042},3C_20_50-02.txt,61.404,0.500,30.702,14,32.281,105.14,2.306,5.750,0.406
17,ec.gp.GPIndividual@1941233332{-1215189042},3C_20_80-03.txt,169.439,0.500,84.719,2,1.453,1.72,0.727,5.750,0.000
17,ec.gp.GPIndividual@1941233332{-1215189042},3C_20_80-03.txt,169.439,0.500,84.719,2,0.313,0.37,0.156,5.750,0.000
17,ec.gp.GPIndividual@1941233332{-1215189042},3C_20_50-03.txt,30.993,0.500,15.496,2,2.125,13.71,1.063,5.750,0.000
17,ec.gp.GPIndividual@1941233332{-1215189042},3C_20_50-03.txt,30.993,0.500,15.496,1,3.906,25.21,3.906,5.750,0.000
17,ec.gp.GPIndividual@1941233332{-1215189042},3C_20_66-01.txt,7.322,0.500,3.661,2,8.969,244.97,4.484,7.703,0.000
17,ec.gp.GPIndividual@34647499{-408744916},3C_20_50-02.txt,61.404,0.500,30.702,2,1.391,4.53,0.695,1.047,0.344
17,ec.gp.GPIndividual@34647499{-408744916},3C_20_66-02.txt,154.245,0.500,77.122,17,72.297,93.74,4.253,10.031,0.000
17,ec.gp.GPIndividual@34647499{-408744916},3C_20_66-03.txt,118.340,0.500,59.170,3,27.016,45.66,9.005,16.641,0.000
17,ec.gp.GPIndividual@34647499{-408744916},3C_20_50-03.txt,30.993,0.500,15.496,1,21.875,141.16,21.875,21.875,0.000
17,ec.gp.GPIndividual@1997234598{-1707934565},3C_20_50-02.txt,61.404,0.500,30.702,2,6.078,19.80,3.039,6.078,0.000
17,ec.gp.GPIndividual@1997234598{-1707934565},3C_20_66-01.txt,7.322,0.500,3.661,3,8.031,219.37,2.677,6.531,0.000
17,ec.gp.GPIndividual@1997234598{-1707934565},3C_20_80-01.txt,4.194,0.500,2.097,1,0.891,42.47,0.891,6.531,0.000
17,ec.gp.GPIndividual@1997234598{-1707934565},3C_20_66-02.txt,154.245,0.500,77.122,1,1.422,1.84,1.422,6.531,0.000
17,ec.gp.GPIndividual@1997234598{-1707934565},3C_20_50-03.txt,30.993,0.500,15.496,2,25.313,163.35,12.656,24.438,0.000
17,ec.gp.GPIndividual@63245780{1386538456},3C_20_50-02.txt,61.404,0.500,30.702,15,33.281,108.40,2.219,4.266,0.531
17,ec.gp.GPIndividual@63245780{1386538456},3C_20_50-03.txt,30.993,0.500,15.496,2,0.344,2.22,0.172,4.266,0.000
17,ec.gp.GPIndividual@63245780{1386538456},3C_20_66-03.txt,118.340,0.500,59.170,3,8.313,14.05,2.771,7.328,0.000
17,ec.gp.GPIndividual@63245780{1386538456},3C_20_80-02.txt,35.738,0.500,17.869,1,5.688,31.83,5.688,7.328,0.000
17,ec.gp.GPIndividual@63245780{1386538456},3C_20_66-01.txt,7.322,0.500,3.661,1,17.938,489.95,17.938,17.938,0.000
17,ec.gp.GPIndividual@63245780{1386538456},3C_20_66-01.txt,7.322,0.500,3.661,3,3.578,97.73,1.193,17.938,0.000
17,ec.gp.GPIndividual@63245780{1386538456},3C_20_80-03.txt,169.439,0.500,84.719,2,1.938,2.29,0.969,17.938,0.000
17,ec.gp.GPIndividual@63245780{1386538456},3C_20_66-02.txt,154.245,0.500,77.122,17,76.281,98.91,4.487,17.938,0.000
17,ec.gp.GPIndividual@63245780{1386538456},3C_20_80-01.txt,4.194,0.500,2.097,1,13.781,657.11,13.781,17.938,0.000
17,ec.gp.GPIndividual@63245780{1386538456},3C_20_66-03.txt,118.340,0.500,59.170,3,17.203,29.07,5.734,17.938,0.000
17,ec.gp.GPIndividual@63245780{1386538456},3C_20_66-01.txt,7.322,0.500,3.661,4,3.047,83.22,0.762,17.938,0.000
17,ec.gp.GPIndividual@63245780{1386538456},3C_20_80-02.txt,35.738,0.500,17.869,1,1.047,5.86,1.047,17.938,0.000
17,ec.gp.GPIndividual@63245780{1386538456},3C_20_66-02.txt,154.245,0.500,77.122,1,20.078,26.03,20.078,20.078,0.000
17,ec.gp.GPIndividual@1004906122{-444869684},3C_20_50-02.txt,61.404,0.500,30.702,0,0.000,0.00,0.000,0.000,0.000
17,ec.gp.GPIndividual@1004906122{-444869684},3C_20_50-03.txt,30.993,0.500,15.496,0,0.000,0.00,0.000,0.000,0.000
17,ec.gp.GPIndividual@1004906122{-444869684},3C_20_66-01.txt,7.322,0.500,3.661,0,0.000,0.00,0.000,0.000,0.000
17,ec.gp.GPIndividual@1004906122{-444869684},3C_20_66-02.txt,154.245,0.500,77.122,0,0.000,0.00,0.000,0.000,0.000
17,ec.gp.GPIndividual@1004906122{-444869684},3C_20_66-03.txt,118.340,0.500,59.170,0,0.000,0.00,0.000,0.000,0.000
17,ec.gp.GPIndividual@1004906122{-444869684},3C_20_80-01.txt,4.194,0.500,2.097,0,0.000,0.00,0.000,0.000,0.000
17,ec.gp.GPIndividual@1004906122{-444869684},3C_20_80-02.txt,35.738,0.500,17.869,0,0.000,0.00,0.000,0.000,0.000
17,ec.gp.GPIndividual@1004906122{-444869684},3C_20_80-03.txt,169.439,0.500,84.719,0,0.000,0.00,0.000,0.000,0.000
17,ec.gp.GPIndividual@526817297{-638065446},3C_20_50-02.txt,61.404,0.500,30.702,2,18.344,59.75,9.172,18.344,0.000
17,ec.gp.GPIndividual@526817297{-638065446},3C_20_66-03.txt,118.340,0.500,59.170,3,19.203,32.45,6.401,18.766,0.000
17,ec.gp.GPIndividual@526817297{-638065446},3C_20_80-01.txt,4.194,0.500,2.097,2,24.422,1164.48,12.211,23.531,0.000
17,ec.gp.GPIndividual@526817297{-638065446},3C_20_80-01.txt,4.194,0.500,2.097,2,1.891,90.15,0.945,23.531,0.000
17,ec.gp.GPIndividual@526817297{-638065446},3C_20_80-02.txt,35.738,0.500,17.869,1,23.922,133.87,23.922,23.922,0.000
17,ec.gp.GPIndividual@526817297{-638065446},3C_20_66-02.txt,154.245,0.500,77.122,2,0.406,0.53,0.203,23.922,0.000
17,ec.gp.GPIndividual@526817297{-638065446},3C_20_50-03.txt,30.993,0.500,15.496,10,17.484,112.83,1.748,23.922,0.000
17,ec.gp.GPIndividual@526817297{-638065446},3C_20_66-01.txt,7.322,0.500,3.661,2,0.578,15.79,0.289,23.922,0.000
17,ec.gp.GPIndividual@526817297{-638065446},3C_20_80-03.txt,169.439,0.500,84.719,2,1.156,1.36,0.578,23.922,0.000
17,ec.gp.GPIndividual@526817297{-638065446},3C_20_66-03.txt,118.340,0.500,59.170,2,2.578,4.36,1.289,23.922,0.000
17,ec.gp.GPIndividual@526817297{-638065446},3C_20_80-01.txt,4.194,0.500,2.097,4,2.078,99.09,0.520,23.922,0.000
17,ec.gp.GPIndividual@526817297{-638065446},3C_20_66-02.txt,154.245,0.500,77.122,1,0.563,0.73,0.563,23.922,0.000
17,ec.gp.GPIndividual@526817297{-638065446},3C_20_80-02.txt,35.738,0.500,17.869,8,18.922,105.89,2.365,23.922,0.000
17,ec.gp.GPIndividual@526817297{-638065446},3C_20_80-01.txt,4.194,0.500,2.097,2,2.141,102.07,1.070,23.922,0.000
17,ec.gp.GPIndividual@526817297{-638065446},3C_20_80-02.txt,35.738,0.500,17.869,4,4.578,25.62,1.145,23.922,0.000
17,ec.gp.GPIndividual@745217692{-1837174284},3C_20_50-02.txt,61.404,0.500,30.702,20,28.609,93.18,1.430,3.141,0.000
17,ec.gp.GPIndividual@745217692{-1837174284},3C_20_50-03.txt,30.993,0.500,15.496,3,5.781,37.31,1.927,4.109,0.000
17,ec.gp.GPIndividual@745217692{-1837174284},3C_20_80-03.txt,169.439,0.500,84.719,2,7.859,9.28,3.930,7.859,0.000
17,ec.gp.GPIndividual@745217692{-1837174284},3C_20_66-03.txt,118.340,0.500,59.170,2,8.891,15.03,4.445,8.891,0.000
17,ec.gp.GPIndividual@745217692{-1837174284},3C_20_80-03.txt,169.439,0.500,84.719,5,18.031,21.28,3.606,8.891,0.000
17,ec.gp.GPIndividual@745217692{-1837174284},3C_20_80-02.txt,35.738,0.500,17.869,7,17.188,96.19,2.455,8.891,0.000
17,ec.gp.GPIndividual@745217692{-1837174284},3C_20_66-01.txt,7.322,0.500,3.661,4,3.172,86.64,0.793,8.891,0.000
17,ec.gp.GPIndividual@745217692{-1837174284},3C_20_80-03.txt,169.439,0.500,84.719,1,0.750,0.89,0.750,8.891,0.000
17,ec.gp.GPIndividual@745217692{-1837174284},3C_20_66-02.txt,154.245,0.500,77.122,2,3.297,4.27,1.648,8.891,0.000
17,ec.gp.GPIndividual@745217692{-1837174284},3C_20_80-01.txt,4.194,0.500,2.097,1,5.266,251.07,5.266,8.891,0.000
17,ec.gp.GPIndividual@109997656{-1309392432},3C_20_50-02.txt,61.404,0.500,30.702,17,27.281,88.86,1.605,4.734,0.000
17,ec.gp.GPIndividual@109997656{-1309392432},3C_20_80-02.txt,35.738,0.500,17.869,1,5.984,33.49,5.984,5.984,0.000
17,ec.gp.GPIndividual@1291784315{404141959},3C_20_50-02.txt,61.404,0.500,30.702,2,4.109,13.38,2.055,4.109,0.000
17,ec.gp.GPIndividual@1291784315{404141959},3C_20_66-03.txt,118.340,0.500,59.170,3,4.938,8.34,1.646,4.531,0.000
17,ec.gp.GPIndividual@1291784315{404141959},3C_20_50-03.txt,30.993,0.500,15.496,8,15.688,101.23,1.961,4.656,0.000
17,ec.gp.GPIndividual@1291784315{404141959},3C_20_80-01.txt,4.194,0.500,2.097,3,1.609,76.74,0.536,4.656,0.000
17,ec.gp.GPIndividual@1291784315{404141959},3C_20_80-03.txt,169.439,0.500,84.719,2,2.766,3.26,1.383,4.656,0.000
17,ec.gp.GPIndividual@1291784315{404141959},3C_20_66-01.txt,7.322,0.500,3.661,3,2.906,79.38,0.969,4.656,0.000
17,ec.gp.GPIndividual@1291784315{404141959},3C_20_50-03.txt,30.993,0.500,15.496,10,15.125,97.60,1.513,4.766,0.000
17,ec.gp.GPIndividual@1291784315{404141959},3C_20_66-02.txt,154.245,0.500,77.122,1,0.688,0.89,0.688,4.766,0.000
17,ec.gp.GPIndividual@1564291022{147465920},3C_20_50-02.txt,61.404,0.500,30.702,6,10.188,33.18,1.698,2.844,0.266
17,ec.gp.GPIndividual@1564291022{147465920},3C_20_66-01.txt,7.322,0.500,3.661,3,3.734,102.00,1.245,2.844,0.266
17,ec.gp.GPIndividual@1564291022{147465920},3C_20_80-02.txt,35.738,0.500,17.869,1,30.859,172.70,30.859,30.859,0.266
17,ec.gp.GPIndividual@602968923{-1910740224},3C_20_50-02.txt,61.404,0.500,30.702,10,22.438,73.08,2.244,11.906,0.000
17,ec.gp.GPIndividual@602968923{-1910740224},3C_20_66-03.txt,118.340,0.500,59.170,5,16.297,27.54,3.259,11.906,0.000
17,ec.gp.GPIndividual@602968923{-1910740224},3C_20_80-01.txt,4.194,0.500,2.097,1,9.516,453.72,9.516,11.906,0.000
17,ec.gp.GPIndividual@602968923{-1910740224},3C_20_66-02.txt,154.245,0.500,77.122,13,34.922,45.28,2.686,22.984,0.000
17,ec.gp.GPIndividual@602968923{-1910740224},3C_20_50-03.txt,30.993,0.500,15.496,1,18.969,122.41,18.969,22.984,0.000
17,ec.gp.GPIndividual@602968923{-1910740224},3C_20_80-01.txt,4.194,0.500,2.097,2,3.141,149.75,1.570,22.984,0.000
17,ec.gp.GPIndividual@602968923{-1910740224},3C_20_66-01.txt,7.322,0.500,3.661,1,0.563,15.36,0.563,22.984,0.000
17,ec.gp.GPIndividual@602968923{-1910740224},3C_20_80-02.txt,35.738,0.500,17.869,11,12.781,71.53,1.162,22.984,0.000
17,ec.gp.GPIndividual@602968923{-1910740224},3C_20_66-02.txt,154.245,0.500,77.122,2,3.984,5.17,1.992,22.984,0.000
17,ec.gp.GPIndividual@602968923{-1910740224},3C_20_80-03.txt,169.439,0.500,84.719,9,58.953,69.59,6.550,26.094,0.000
17,ec.gp.GPIndividual@602968923{-1910740224},3C_20_80-02.txt,35.738,0.500,17.869,7,10.047,56.22,1.435,26.094,0.000
17,ec.gp.GPIndividual@602968923{-1910740224},3C_20_80-03.txt,169.439,0.500,84.719,3,44.391,52.40,14.797,26.094,0.000
17,ec.gp.GPIndividual@274741458{1655591289},3C_20_50-02.txt,61.404,0.500,30.702,2,20.813,67.79,10.406,20.813,0.000
17,ec.gp.GPIndividual@274741458{1655591289},3C_20_66-03.txt,118.340,0.500,59.170,8,35.281,59.63,4.410,24.703,0.000
17,ec.gp.GPIndividual@274741458{1655591289},3C_20_66-03.txt,118.340,0.500,59.170,2,20.453,34.57,10.227,24.703,0.000
17,ec.gp.GPIndividual@274741458{1655591289},3C_20_50-03.txt,30.993,0.500,15.496,2,23.219,149.83,11.609,24.703,0.000
17,ec.gp.GPIndividual@274741458{1655591289},3C_20_80-01.txt,4.194,0.500,2.097,2,1.438,68.54,0.719,24.703,0.000
17,ec.gp.GPIndividual@274741458{1655591289},3C_20_80-02.txt,35.738,0.500,17.869,1,32.500,181.88,32.500,32.500,0.000
17,ec.gp.GPIndividual@1541613470{832299642},3C_20_50-02.txt,61.404,0.500,30.702,14,23.172,75.47,1.655,5.094,0.000
17,ec.gp.GPIndividual@1541613470{832299642},3C_20_66-01.txt,7.322,0.500,3.661,2,7.625,208.27,3.813,6.906,0.000
17,ec.gp.GPIndividual@1541613470{832299642},3C_20_80-03.txt,169.439,0.500,84.719,3,12.547,14.81,4.182,11.563,0.000
17,ec.gp.GPIndividual@1541613470{832299642},3C_20_80-01.txt,4.194,0.500,2.097,1,7.313,348.67,7.313,11.563,0.000
17,ec.gp.GPIndividual@1541613470{832299642},3C_20_50-03.txt,30.993,0.500,15.496,9,14.719,94.98,1.635,11.563,0.000
17,ec.gp.GPIndividual@1079014341{243192715},3C_20_50-02.txt,61.404,0.500,30.702,0,0.000,0.00,0.000,0.000,0.000
17,ec.gp.GPIndividual@1079014341{243192715},3C_20_50-03.txt,30.993,0.500,15.496,0,0.000,0.00,0.000,0.000,0.000
17,ec.gp.GPIndividual@1079014341{243192715},3C_20_66-01.txt,7.322,0.500,3.661,0,0.000,0.00,0.000,0.000,0.000
17,ec.gp.GPIndividual@1079014341{243192715},3C_20_66-02.txt,154.245,0.500,77.122,0,0.000,0.00,0.000,0.000,0.000
17,ec.gp.GPIndividual@1079014341{243192715},3C_20_66-03.txt,118.340,0.500,59.170,0,0.000,0.00,0.000,0.000,0.000
17,ec.gp.GPIndividual@1079014341{243192715},3C_20_80-01.txt,4.194,0.500,2.097,0,0.000,0.00,0.000,0.000,0.000
17,ec.gp.GPIndividual@1079014341{243192715},3C_20_80-02.txt,35.738,0.500,17.869,0,0.000,0.00,0.000,0.000,0.000
17,ec.gp.GPIndividual@1079014341{243192715},3C_20_80-03.txt,169.439,0.500,84.719,0,0.000,0.00,0.000,0.000,0.000
17,ec.gp.GPIndividual@1202315505{1854874893},3C_20_50-02.txt,61.404,0.500,30.702,2,1.469,4.78,0.734,1.469,0.000
17,ec.gp.GPIndividual@1202315505{1854874893},3C_20_80-02.txt,35.738,0.500,17.869,2,4.438,24.83,2.219,4.109,0.000
17,ec.gp.GPIndividual@1202315505{1854874893},3C_20_66-01.txt,7.322,0.500,3.661,1,5.438,148.52,5.438,5.438,0.000
17,ec.gp.GPIndividual@1202315505{1854874893},3C_20_66-02.txt,154.245,0.500,77.122,21,65.703,85.19,3.129,24.406,0.000
17,ec.gp.GPIndividual@1202315505{1854874893},3C_20_80-03.txt,169.439,0.500,84.719,2,25.109,29.64,12.555,25.109,0.000
17,ec.gp.GPIndividual@1202315505{1854874893},3C_20_50-03.txt,30.993,0.500,15.496,1,24.031,155.08,24.031,25.109,0.000
17,ec.gp.GPIndividual@1202315505{1854874893},3C_20_66-03.txt,118.340,0.500,59.170,8,36.172,61.13,4.521,25.109,0.000
17,ec.gp.GPIndividual@1202315505{1854874893},3C_20_66-02.txt,154.245,0.500,77.122,7,43.953,56.99,6.279,25.109,0.000
17,ec.gp.GPIndividual@1397834082{600229009},3C_20_50-02.txt,61.404,0.500,30.702,6,13.594,44.28,2.266,11.500,0.000
17,ec.gp.GPIndividual@1397834082{600229009},3C_20_50-03.txt,30.993,0.500,15.496,2,34.422,222.13,17.211,33.266,0.000
17,ec.gp.GPIndividual@2018594161{-1159697945},3C_20_50-02.txt,61.404,0.500,30.702,8,19.078,62.14,2.385,10.016,0.000
17,ec.gp.GPIndividual@2018594161{-1159697945},3C_20_50-03.txt,30.993,0.500,15.496,6,9.750,62.92,1.625,10.016,0.000
17,ec.gp.GPIndividual@2018594161{-1159697945},3C_20_66-01.txt,7.322,0.500,3.661,6,1.859,50.79,0.310,10.016,0.000
17,ec.gp.GPIndividual@2018594161{-1159697945},3C_20_66-02.txt,154.245,0.500,77.122,10,48.000,62.24,4.800,19.453,0.000
17,ec.gp.GPIndividual@2018594161{-1159697945},3C_20_66-03.txt,118.340,0.500,59.170,7,42.484,71.80,6.069,19.453,0.000
17,ec.gp.GPIndividual@2018594161{-1159697945},3C_20_80-01.txt,4.194,0.500,2.097,8,1.828,87.17,0.229,19.453,0.000
17,ec.gp.GPIndividual@2018594161{-1159697945},3C_20_80-02.txt,35.738,0.500,17.869,7,7.797,43.63,1.114,19.453,0.000
17,ec.gp.GPIndividual@2018594161{-1159697945},3C_20_80-03.txt,169.439,0.500,84.719,2,34.359,40.56,17.180,33.594,0.000
18,ec.gp.GPIndividual@251011561{243192715},3C_20_50-02.txt,61.404,0.500,30.702,0,0.000,0.00,0.000,0.000,0.000
18,ec.gp.GPIndividual@251011561{243192715},3C_20_50-03.txt,30.993,0.500,15.496,0,0.000,0.00,0.000,0.000,0.000
18,ec.gp.GPIndividual@251011561{243192715},3C_20_66-01.txt,7.322,0.500,3.661,0,0.000,0.00,0.000,0.000,0.000
18,ec.gp.GPIndividual@251011561{243192715},3C_20_66-02.txt,154.245,0.500,77.122,0,0.000,0.00,0.000,0.000,0.000
18,ec.gp.GPIndividual@251011561{243192715},3C_20_66-03.txt,118.340,0.500,59.170,0,0.000,0.00,0.000,0.000,0.000
18,ec.gp.GPIndividual@251011561{243192715},3C_20_80-01.txt,4.194,0.500,2.097,0,0.000,0.00,0.000,0.000,0.000
18,ec.gp.GPIndividual@251011561{243192715},3C_20_80-02.txt,35.738,0.500,17.869,0,0.000,0.00,0.000,0.000,0.000
18,ec.gp.GPIndividual@251011561{243192715},3C_20_80-03.txt,169.439,0.500,84.719,0,0.000,0.00,0.000,0.000,0.000
18,ec.gp.GPIndividual@2050957213{-1404347830},3C_20_50-02.txt,61.404,0.500,30.702,20,29.438,95.88,1.472,2.766,0.000
18,ec.gp.GPIndividual@2050957213{-1404347830},3C_20_50-03.txt,30.993,0.500,15.496,2,2.094,13.51,1.047,2.766,0.000
18,ec.gp.GPIndividual@2050957213{-1404347830},3C_20_50-03.txt,30.993,0.500,15.496,6,13.484,87.02,2.247,3.125,0.000
18,ec.gp.GPIndividual@2050957213{-1404347830},3C_20_50-03.txt,30.993,0.500,15.496,3,7.016,45.27,2.339,4.328,0.000
18,ec.gp.GPIndividual@2050957213{-1404347830},3C_20_50-03.txt,30.993,0.500,15.496,3,8.188,52.84,2.729,4.328,0.000
18,ec.gp.GPIndividual@2050957213{-1404347830},3C_20_50-03.txt,30.993,0.500,15.496,2,5.188,33.48,2.594,5.188,0.000
18,ec.gp.GPIndividual@2050957213{-1404347830},3C_20_50-03.txt,30.993,0.500,15.496,2,9.000,58.08,4.500,5.188,0.000
18,ec.gp.GPIndividual@2050957213{-1404347830},3C_20_66-01.txt,7.322,0.500,3.661,1,4.344,118.65,4.344,5.188,0.000
18,ec.gp.GPIndividual@2050957213{-1404347830},3C_20_66-01.txt,7.322,0.500,3.661,1,4.141,113.10,4.141,5.188,0.000
18,ec.gp.GPIndividual@2050957213{-1404347830},3C_20_66-01.txt,7.322,0.500,3.661,3,6.813,186.08,2.271,5.188,0.000
18,ec.gp.GPIndividual@2050957213{-1404347830},3C_20_66-01.txt,7.322,0.500,3.661,1,0.656,17.92,0.656,5.188,0.000
18,ec.gp.GPIndividual@2050957213{-1404347830},3C_20_66-02.txt,154.245,0.500,77.122,2,2.313,3.00,1.156,5.188,0.000
18,ec.gp.GPIndividual@2050957213{-1404347830},3C_20_66-02.txt,154.245,0.500,77.122,4,11.422,14.81,2.855,5.188,0.000
18,ec.gp.GPIndividual@2050957213{-1404347830},3C_20_66-01.txt,7.322,0.500,3.661,2,4.219,115.23,2.109,5.188,0.000
18,ec.gp.GPIndividual@2050957213{-1404347830},3C_20_66-03.txt,118.340,0.500,59.170,4,4.188,7.08,1.047,5.188,0.000
18,ec.gp.GPIndividual@2050957213{-1404347830},3C_20_66-02.txt,154.245,0.500,77.122,20,81.344,105.47,4.067,17.656,0.000
18,ec.gp.GPIndividual@2050957213{-1404347830},3C_20_80-01.txt,4.194,0.500,2.097,1,17.453,832.19,17.453,17.656,0.000
18,ec.gp.GPIndividual@2050957213{-1404347830},3C_20_66-03.txt,118.340,0.500,59.170,3,12.688,21.44,4.229,17.656,0.000
18,ec.gp.GPIndividual@2050957213{-1404347830},3C_20_66-01.txt,7.322,0.500,3.661,2,24.594,671.76,12.297,23.516,0.000
18,ec.gp.GPIndividual@2050957213{-1404347830},3C_20_66-02.txt,154.245,0.500,77.122,3,5.688,7.37,1.896,23.516,0.000
18,ec.gp.GPIndividual@2050957213{-1404347830},3C_20_66-03.txt,118.340,0.500,59.170,2,1.078,1.82,0.539,23.516,0.000
18,ec.gp.GPIndividual@2050957213{-1404347830},3C_20_80-02.txt,35.738,0.500,17.869,1,27.344,153.02,27.344,27.344,0.000
18,ec.gp.GPIndividual@2050957213{-1404347830},3C_20_66-02.txt,154.245,0.500,77.122,24,60.109,77.94,2.505,27.344,0.000
18,ec.gp.GPIndividual@2050957213{-1404347830},3C_20_80-01.txt,4.194,0.500,2.097,2,15.141,721.93,7.570,27.344,0.000
18,ec.gp.GPIndividual@2050957213{-1404347830},3C_20_66-03.txt,118.340,0.500,59.170,2,13.500,22.82,6.750,27.344,0.000
18,ec.gp.GPIndividual@2050957213{-1404347830},3C_20_80-03.txt,169.439,0.500,84.719,2,12.781,15.09,6.391,27.344,0.000
18,ec.gp.GPIndividual@2050957213{-1404347830},3C_20_66-03.txt,118.340,0.500,59.170,1,0.484,0.82,0.484,27.344,0.000
18,ec.gp.GPIndividual@2050957213{-1404347830},3C_20_80-02.txt,35.738,0.500,17.869,2,16.125,90.24,8.063,27.344,0.000
18,ec.gp.GPIndividual@2050957213{-1404347830},3C_20_80-01.txt,4.194,0.500,2.097,2,1.484,70.78,0.742,27.344,0.000
18,ec.gp.GPIndividual@2050957213{-1404347830},3C_20_80-02.txt,35.738,0.500,17.869,3,26.016,145.59,8.672,27.344,0.000
18,ec.gp.GPIndividual@2050957213{-1404347830},3C_20_66-02.txt,154.245,0.500,77.122,20,60.328,78.22,3.016,27.344,0.000
18,ec.gp.GPIndividual@2050957213{-1404347830},3C_20_80-03.txt,169.439,0.500,84.719,2,14.156,16.71,7.078,27.344,0.000
18,ec.gp.GPIndividual@2050957213{-1404347830},3C_20_80-01.txt,4.194,0.500,2.097,1,12.125,578.14,12.125,27.344,0.000
18,ec.gp.GPIndividual@2050957213{-1404347830},3C_20_66-03.txt,118.340,0.500,59.170,3,16.438,27.78,5.479,27.344,0.000
18,ec.gp.GPIndividual@2050957213{-1404347830},3C_20_80-01.txt,4.194,0.500,2.097,3,2.141,102.07,0.714,27.344,0.000
18,ec.gp.GPIndividual@2050957213{-1404347830},3C_20_80-02.txt,35.738,0.500,17.869,1,0.531,2.97,0.531,27.344,0.000
18,ec.gp.GPIndividual@2050957213{-1404347830},3C_20_80-02.txt,35.738,0.500,17.869,1,18.250,102.13,18.250,27.344,0.000
18,ec.gp.GPIndividual@2050957213{-1404347830},3C_20_80-03.txt,169.439,0.500,84.719,5,35.516,41.92,7.103,27.344,0.000
18,ec.gp.GPIndividual@541323544{-1726633267},3C_20_50-02.txt,61.404,0.500,30.702,13,31.656,103.11,2.435,5.906,0.500
18,ec.gp.GPIndividual@541323544{-1726633267},3C_20_50-03.txt,30.993,0.500,15.496,2,0.703,4.54,0.352,5.906,0.000
18,ec.gp.GPIndividual@541323544{-1726633267},3C_20_80-03.txt,169.439,0.500,84.719,2,1.594,1.88,0.797,5.906,0.000
18,ec.gp.GPIndividual@541323544{-1726633267},3C_20_80-03.txt,169.439,0.500,84.719,2,2.313,2.73,1.156,5.906,0.000
18,ec.gp.GPIndividual@541323544{-1726633267},3C_20_80-01.txt,4.194,0.500,2.097,2,5.906,281.62,2.953,5.906,0.000
18,ec.gp.GPIndividual@1805306901{396687999},3C_20_50-02.txt,61.404,0.500,30.702,2,0.516,1.68,0.258,0.516,0.000
18,ec.gp.GPIndividual@1805306901{396687999},3C_20_80-02.txt,35.738,0.500,17.869,7,18.438,103.18,2.634,6.000,0.000
18,ec.gp.GPIndividual@1805306901{396687999},3C_20_50-03.txt,30.993,0.500,15.496,3,6.609,42.65,2.203,6.000,0.000
18,ec.gp.GPIndividual@243590930{232107258},3C_20_50-02.txt,61.404,0.500,30.702,4,8.438,27.48,2.109,5.313,0.500
18,ec.gp.GPIndividual@243590930{232107258},3C_20_66-01.txt,7.322,0.500,3.661,3,2.688,73.41,0.896,5.313,0.000
18,ec.gp.GPIndividual@243590930{232107258},3C_20_50-03.txt,30.993,0.500,15.496,2,5.266,33.98,2.633,5.313,0.000
18,ec.gp.GPIndividual@336571934{1386538456},3C_20_50-02.txt,61.404,0.500,30.702,11,31.375,102.19,2.852,8.156,0.500
18,ec.gp.GPIndividual@336571934{1386538456},3C_20_50-03.txt,30.993,0.500,15.496,2,1.078,6.96,0.539,8.156,0.000
18,ec.gp.GPIndividual@336571934{1386538456},3C_20_66-01.txt,7.322,0.500,3.661,2,5.500,150.23,2.750,8.156,0.000
18,ec.gp.GPIndividual@336571934{1386538456},3C_20_66-01.txt,7.322,0.500,3.661,3,9.219,251.80,3.073,8.156,0.000
18,ec.gp.GPIndividual@336571934{1386538456},3C_20_66-02.txt,154.245,0.500,77.122,1,0.750,0.97,0.750,8.156,0.000
18,ec.gp.GPIndividual@336571934{1386538456},3C_20_66-02.txt,154.245,0.500,77.122,1,1.063,1.38,1.063,8.156,0.000
18,ec.gp.GPIndividual@336571934{1386538456},3C_20_66-02.txt,154.245,0.500,77.122,3,11.531,14.95,3.844,11.531,0.000
18,ec.gp.GPIndividual@336571934{1386538456},3C_20_80-03.txt,169.439,0.500,84.719,2,34.078,40.22,17.039,29.828,0.000
18,ec.gp.GPIndividual@586902344{-68891813},3C_20_50-02.txt,61.404,0.500,30.702,0,0.000,0.00,0.000,0.000,0.000
18,ec.gp.GPIndividual@586902344{-68891813},3C_20_50-03.txt,30.993,0.500,15.496,0,0.000,0.00,0.000,0.000,0.000
18,ec.gp.GPIndividual@586902344{-68891813},3C_20_66-01.txt,7.322,0.500,3.661,0,0.000,0.00,0.000,0.000,0.000
18,ec.gp.GPIndividual@586902344{-68891813},3C_20_66-02.txt,154.245,0.500,77.122,0,0.000,0.00,0.000,0.000,0.000
18,ec.gp.GPIndividual@586902344{-68891813},3C_20_66-03.txt,118.340,0.500,59.170,0,0.000,0.00,0.000,0.000,0.000
18,ec.gp.GPIndividual@586902344{-68891813},3C_20_80-01.txt,4.194,0.500,2.097,0,0.000,0.00,0.000,0.000,0.000
18,ec.gp.GPIndividual@586902344{-68891813},3C_20_80-02.txt,35.738,0.500,17.869,0,0.000,0.00,0.000,0.000,0.000
18,ec.gp.GPIndividual@586902344{-68891813},3C_20_80-03.txt,169.439,0.500,84.719,0,0.000,0.00,0.000,0.000,0.000
18,ec.gp.GPIndividual@1475489249{2028723784},3C_20_50-02.txt,61.404,0.500,30.702,16,30.781,100.26,1.924,6.391,0.172
18,ec.gp.GPIndividual@1475489249{2028723784},3C_20_66-03.txt,118.340,0.500,59.170,3,2.438,4.12,0.813,6.391,0.000
18,ec.gp.GPIndividual@1475489249{2028723784},3C_20_66-03.txt,118.340,0.500,59.170,2,1.375,2.32,0.688,6.391,0.000
18,ec.gp.GPIndividual@1475489249{2028723784},3C_20_50-03.txt,30.993,0.500,15.496,3,10.813,69.77,3.604,7.047,0.000
18,ec.gp.GPIndividual@1437614137{541567717},3C_20_50-02.txt,61.404,0.500,30.702,1,0.344,1.12,0.344,0.344,0.344
18,ec.gp.GPIndividual@1437614137{541567717},3C_20_50-03.txt,30.993,0.500,15.496,4,6.359,41.04,1.590,3.438,0.000
18,ec.gp.GPIndividual@1437614137{541567717},3C_20_66-01.txt,7.322,0.500,3.661,0,0.000,0.00,0.000,3.438,0.000
18,ec.gp.GPIndividual@1437614137{541567717},3C_20_66-03.txt,118.340,0.500,59.170,6,22.344,37.76,3.724,6.078,0.000
18,ec.gp.GPIndividual@1437614137{541567717},3C_20_66-01.txt,7.322,0.500,3.661,2,2.609,71.27,1.305,6.078,0.000
18,ec.gp.GPIndividual@1437614137{541567717},3C_20_66-02.txt,154.245,0.500,77.122,2,0.906,1.18,0.453,6.078,0.000
18,ec.gp.GPIndividual@1437614137{541567717},3C_20_66-02.txt,154.245,0.500,77.122,3,9.609,12.46,3.203,6.078,0.000
18,ec.gp.GPIndividual@1437614137{541567717},3C_20_66-03.txt,118.340,0.500,59.170,8,30.328,51.26,3.791,7.203,0.000
18,ec.gp.GPIndividual@1437614137{541567717},3C_20_80-01.txt,4.194,0.500,2.097,3,2.000,95.36,0.667,7.203,0.000
18,ec.gp.GPIndividual@1437614137{541567717},3C_20_66-03.txt,118.340,0.500,59.170,1,0.875,1.48,0.875,7.203,0.000
18,ec.gp.GPIndividual@1437614137{541567717},3C_20_80-02.txt,35.738,0.500,17.869,1,2.406,13.47,2.406,7.203,0.000
18,ec.gp.GPIndividual@1437614137{541567717},3C_20_80-03.txt,169.439,0.500,84.719,3,22.656,26.74,7.552,9.547,0.000
18,ec.gp.GPIndividual@411572687{-883451564},3C_20_50-02.txt,61.404,0.500,30.702,5,20.609,67.13,4.122,14.953,0.000
18,ec.gp.GPIndividual@411572687{-883451564},3C_20_80-01.txt,4.194,0.500,2.097,3,1.469,70.03,0.490,14.953,0.000
18,ec.gp.GPIndividual@411572687{-883451564},3C_20_80-02.txt,35.738,0.500,17.869,8,23.109,129.33,2.889,14.953,0.000
18,ec.gp.GPIndividual@411572687{-883451564},3C_20_80-01.txt,4.194,0.500,2.097,1,3.484,166.14,3.484,14.953,0.000
18,ec.gp.GPIndividual@411572687{-883451564},3C_20_50-03.txt,30.993,0.500,15.496,1,28.156,181.70,28.156,28.156,0.000
18,ec.gp.GPIndividual@411572687{-883451564},3C_20_80-01.txt,4.194,0.500,2.097,2,2.625,125.16,1.313,28.156,0.000
18,ec.gp.GPIndividual@411572687{-883451564},3C_20_80-03.txt,169.439,0.500,84.719,3,1.516,1.79,0.505,28.156,0.000
18,ec.gp.GPIndividual@411572687{-883451564},3C_20_80-02.txt,35.738,0.500,17.869,1,29.516,165.18,29.516,29.516,0.000
18,ec.gp.GPIndividual@411572687{-883451564},3C_20_80-01.txt,4.194,0.500,2.097,2,2.156,102.81,1.078,29.516,0.000
18,ec.gp.GPIndividual@411572687{-883451564},3C_20_80-02.txt,35.738,0.500,17.869,1,0.516,2.89,0.516,29.516,0.000
18,ec.gp.GPIndividual@411572687{-883451564},3C_20_80-02.txt,35.738,0.500,17.869,9,21.203,118.66,2.356,29.516,0.000
18,ec.gp.GPIndividual@1431344716{1386538456},3C_20_50-02.txt,61.404,0.500,30.702,2,1.078,3.51,0.539,1.078,0.000
18,ec.gp.GPIndividual@1431344716{1386538456},3C_20_80-03.txt,169.439,0.500,84.719,6,11.000,12.98,1.833,4.828,0.000
18,ec.gp.GPIndividual@1431344716{1386538456},3C_20_66-01.txt,7.322,0.500,3.661,3,2.641,72.13,0.880,4.828,0.000
18,ec.gp.GPIndividual@1431344716{1386538456},3C_20_50-03.txt,30.993,0.500,15.496,1,25.797,166.47,25.797,25.797,0.000
18,ec.gp.GPIndividual@1431344716{1386538456},3C_20_66-01.txt,7.322,0.500,3.661,3,4.813,131.45,1.604,25.797,0.000
18,ec.gp.GPIndividual@1431344716{1386538456},3C_20_80-03.txt,169.439,0.500,84.719,3,1.328,1.57,0.443,25.797,0.000
18,ec.gp.GPIndividual@1431344716{1386538456},3C_20_80-03.txt,169.439,0.500,84.719,1,1.094,1.29,1.094,25.797,0.000
18,ec.gp.GPIndividual@1431344716{1386538456},3C_20_66-02.txt,154.245,0.500,77.122,15,71.000,92.06,4.733,25.797,0.000
18,ec.gp.GPIndividual@198071057{-469665142},3C_20_50-02.txt,61.404,0.500,30.702,0,0.000,0.00,0.000,0.000,0.000
18,ec.gp.GPIndividual@198071057{-469665142},3C_20_50-03.txt,30.993,0.500,15.496,0,0.000,0.00,0.000,0.000,0.000
18,ec.gp.GPIndividual@198071057{-469665142},3C_20_66-01.txt,7.322,0.500,3.661,0,0.000,0.00,0.000,0.000,0.000
18,ec.gp.GPIndividual@198071057{-469665142},3C_20_66-02.txt,154.245,0.500,77.122,0,0.000,0.00,0.000,0.000,0.000
18,ec.gp.GPIndividual@198071057{-469665142},3C_20_66-03.txt,118.340,0.500,59.170,0,0.000,0.00,0.000,0.000,0.000
18,ec.gp.GPIndividual@198071057{-469665142},3C_20_80-01.txt,4.194,0.500,2.097,0,0.000,0.00,0.000,0.000,0.000
18,ec.gp.GPIndividual@198071057{-469665142},3C_20_80-02.txt,35.738,0.500,17.869,0,0.000,0.00,0.000,0.000,0.000
18,ec.gp.GPIndividual@198071057{-469665142},3C_20_80-03.txt,169.439,0.500,84.719,0,0.000,0.00,0.000,0.000,0.000
18,ec.gp.GPIndividual@1069113081{-2063174063},3C_20_50-02.txt,61.404,0.500,30.702,3,16.766,54.61,5.589,16.406,0.000
18,ec.gp.GPIndividual@1069113081{-2063174063},3C_20_66-03.txt,118.340,0.500,59.170,1,20.438,34.54,20.438,20.438,0.000
18,ec.gp.GPIndividual@1460141553{424332540},3C_20_50-02.txt,61.404,0.500,30.702,6,39.359,128.20,6.560,23.078,0.344
18,ec.gp.GPIndividual@1460141553{424332540},3C_20_66-01.txt,7.322,0.500,3.661,2,2.203,60.18,1.102,23.078,0.000
18,ec.gp.GPIndividual@1460141553{424332540},3C_20_66-02.txt,154.245,0.500,77.122,2,0.484,0.63,0.242,23.078,0.000
18,ec.gp.GPIndividual@1460141553{424332540},3C_20_50-03.txt,30.993,0.500,15.496,2,1.563,10.08,0.781,23.078,0.000
18,ec.gp.GPIndividual@1460141553{424332540},3C_20_50-03.txt,30.993,0.500,15.496,2,28.734,185.43,14.367,27.891,0.000
18,ec.gp.GPIndividual@1468152065{1386538456},3C_20_50-02.txt,61.404,0.500,30.702,13,33.313,108.50,2.563,6.156,0.500
18,ec.gp.GPIndividual@1468152065{1386538456},3C_20_80-01.txt,4.194,0.500,2.097,2,0.500,23.84,0.250,6.156,0.000
18,ec.gp.GPIndividual@1468152065{1386538456},3C_20_50-03.txt,30.993,0.500,15.496,3,2.250,14.52,0.750,6.156,0.000
18,ec.gp.GPIndividual@1468152065{1386538456},3C_20_66-02.txt,154.245,0.500,77.122,3,5.016,6.50,1.672,6.156,0.000
18,ec.gp.GPIndividual@1468152065{1386538456},3C_20_66-01.txt,7.322,0.500,3.661,3,4.922,134.44,1.641,6.156,0.000
18,ec.gp.GPIndividual@1468152065{1386538456},3C_20_66-03.txt,118.340,0.500,59.170,2,0.891,1.51,0.445,6.156,0.000
18,ec.gp.GPIndividual@1468152065{1386538456},3C_20_66-03.txt,118.340,0.500,59.170,1,4.250,7.18,4.250,6.156,0.000
18,ec.gp.GPIndividual@1468152065{1386538456},3C_20_66-01.txt,7.322,0.500,3.661,1,0.484,13.23,0.484,6.156,0.000
18,ec.gp.GPIndividual@1468152065{1386538456},3C_20_66-02.txt,154.245,0.500,77.122,23,74.734,96.90,3.249,10.203,0.000
18,ec.gp.GPIndividual@1468152065{1386538456},3C_20_80-02.txt,35.738,0.500,17.869,2,9.297,52.03,4.648,10.203,0.000
18,ec.gp.GPIndividual@1468152065{1386538456},3C_20_80-01.txt,4.194,0.500,2.097,2,1.422,67.80,0.711,10.203,0.000
18,ec.gp.GPIndividual@1468152065{1386538456},3C_20_80-02.txt,35.738,0.500,17.869,2,10.875,60.86,5.438,10.875,0.000
18,ec.gp.GPIndividual@1468152065{1386538456},3C_20_80-01.txt,4.194,0.500,2.097,1,12.313,587.08,12.313,12.313,0.000
18,ec.gp.GPIndividual@1468152065{1386538456},3C_20_66-03.txt,118.340,0.500,59.170,7,12.328,20.84,1.761,12.313,0.000
18,ec.gp.GPIndividual@1468152065{1386538456},3C_20_66-01.txt,7.322,0.500,3.661,3,3.734,102.00,1.245,12.313,0.000
18,ec.gp.GPIndividual@1468152065{1386538456},3C_20_80-03.txt,169.439,0.500,84.719,2,2.047,2.42,1.023,12.313,0.000
18,ec.gp.GPIndividual@1468152065{1386538456},3C_20_66-02.txt,154.245,0.500,77.122,2,1.031,1.34,0.516,12.313,0.000
18,ec.gp.GPIndividual@1468152065{1386538456},3C_20_80-03.txt,169.439,0.500,84.719,4,30.625,36.15,7.656,22.344,0.000
18,ec.gp.GPIndividual@1468152065{1386538456},3C_20_66-02.txt,154.245,0.500,77.122,19,73.563,95.38,3.872,22.344,0.000
18,ec.gp.GPIndividual@1468152065{1386538456},3C_20_80-02.txt,35.738,0.500,17.869,1,20.328,113.76,20.328,22.344,0.000
18,ec.gp.GPIndividual@2038090513{295634377},3C_20_50-02.txt,61.404,0.500,30.702,0,0.000,0.00,0.000,0.000,0.000
18,ec.gp.GPIndividual@2038090513{295634377},3C_20_50-03.txt,30.993,0.500,15.496,0,0.000,0.00,0.000,0.000,0.000
18,ec.gp.GPIndividual@2038090513{295634377},3C_20_66-01.txt,7.322,0.500,3.661,0,0.000,0.00,0.000,0.000,0.000
18,ec.gp.GPIndividual@2038090513{295634377},3C_20_66-02.txt,154.245,0.500,77.122,0,0.000,0.00,0.000,0.000,0.000
18,ec.gp.GPIndividual@2038090513{295634377},3C_20_66-03.txt,118.340,0.500,59.170,0,0.000,0.00,0.000,0.000,0.000
18,ec.gp.GPIndividual@2038090513{295634377},3C_20_80-01.txt,4.194,0.500,2.097,0,0.000,0.00,0.000,0.000,0.000
18,ec.gp.GPIndividual@2038090513{295634377},3C_20_80-02.txt,35.738,0.500,17.869,0,0.000,0.00,0.000,0.000,0.000
18,ec.gp.GPIndividual@2038090513{295634377},3C_20_80-03.txt,169.439,0.500,84.719,0,0.000,0.00,0.000,0.000,0.000
18,ec.gp.GPIndividual@545015065{-724359686},3C_20_50-02.txt,61.404,0.500,30.702,7,17.375,56.59,2.482,8.125,0.000
18,ec.gp.GPIndividual@545015065{-724359686},3C_20_66-03.txt,118.340,0.500,59.170,10,42.109,71.17,4.211,19.281,0.000
18,ec.gp.GPIndividual@1178937701{-1194179314},3C_20_50-02.txt,61.404,0.500,30.702,3,17.719,57.71,5.906,17.719,0.000
18,ec.gp.GPIndividual@1178937701{-1194179314},3C_20_50-03.txt,30.993,0.500,15.496,2,19.016,122.71,9.508,18.594,0.000
18,ec.gp.GPIndividual@1178937701{-1194179314},3C_20_80-03.txt,169.439,0.500,84.719,2,14.563,17.19,7.281,18.594,0.000
18,ec.gp.GPIndividual@1178937701{-1194179314},3C_20_80-01.txt,4.194,0.500,2.097,3,1.781,84.93,0.594,18.594,0.000
18,ec.gp.GPIndividual@1178937701{-1194179314},3C_20_50-03.txt,30.993,0.500,15.496,1,22.375,144.39,22.375,22.375,0.000
18,ec.gp.GPIndividual@1178937701{-1194179314},3C_20_80-01.txt,4.194,0.500,2.097,2,1.500,71.52,0.750,22.375,0.000
18,ec.gp.GPIndividual@1178937701{-1194179314},3C_20_80-02.txt,35.738,0.500,17.869,10,17.438,97.58,1.744,22.375,0.000
18,ec.gp.GPIndividual@1178937701{-1194179314},3C_20_80-03.txt,169.439,0.500,84.719,1,0.703,0.83,0.703,22.375,0.000
18,ec.gp.GPIndividual@1178937701{-1194179314},3C_20_66-01.txt,7.322,0.500,3.661,3,3.000,81.94,1.000,22.375,0.000
18,ec.gp.GPIndividual@1178937701{-1194179314},3C_20_80-02.txt,35.738,0.500,17.869,1,2.656,14.87,2.656,22.375,0.000
18,ec.gp.GPIndividual@625936549{191579642},3C_20_50-02.txt,61.404,0.500,30.702,0,0.000,0.00,0.000,0.000,0.000
18,ec.gp.GPIndividual@625936549{191579642},3C_20_50-03.txt,30.993,0.500,15.496,0,0.000,0.00,0.000,0.000,0.000
18,ec.gp.GPIndividual@625936549{191579642},3C_20_66-01.txt,7.322,0.500,3.661,0,0.000,0.00,0.000,0.000,0.000
18,ec.gp.GPIndividual@625936549{191579642},3C_20_66-02.txt,154.245,0.500,77.122,0,0.000,0.00,0.000,0.000,0.000
18,ec.gp.GPIndividual@625936549{191579642},3C_20_66-03.txt,118.340,0.500,59.170,0,0.000,0.00,0.000,0.000,0.000
18,ec.gp.GPIndividual@625936549{191579642},3C_20_80-01.txt,4.194,0.500,2.097,0,0.000,0.00,0.000,0.000,0.000
18,ec.gp.GPIndividual@625936549{191579642},3C_20_80-02.txt,35.738,0.500,17.869,0,0.000,0.00,0.000,0.000,0.000
18,ec.gp.GPIndividual@625936549{191579642},3C_20_80-03.txt,169.439,0.500,84.719,0,0.000,0.00,0.000,0.000,0.000
18,ec.gp.GPIndividual@644023650{1983250624},3C_20_50-02.txt,61.404,0.500,30.702,1,1.188,3.87,1.188,1.188,1.188
18,ec.gp.GPIndividual@644023650{1983250624},3C_20_66-02.txt,154.245,0.500,77.122,20,72.672,94.23,3.634,20.281,0.000
18,ec.gp.GPIndividual@644023650{1983250624},3C_20_50-03.txt,30.993,0.500,15.496,1,19.219,124.02,19.219,20.281,0.000
18,ec.gp.GPIndividual@644023650{1983250624},3C_20_66-03.txt,118.340,0.500,59.170,2,19.641,33.19,9.820,20.281,0.000
18,ec.gp.GPIndividual@644023650{1983250624},3C_20_80-03.txt,169.439,0.500,84.719,1,24.297,28.68,24.297,24.297,0.000
18,ec.gp.GPIndividual@1596257640{1489427562},3C_20_50-02.txt,61.404,0.500,30.702,10,31.453,102.45,3.145,5.547,0.281
18,ec.gp.GPIndividual@791165018{2050140763},3C_20_50-02.txt,61.404,0.500,30.702,0,0.000,0.00,0.000,0.000,0.000
18,ec.gp.GPIndividual@791165018{2050140763},3C_20_50-03.txt,30.993,0.500,15.496,0,0.000,0.00,0.000,0.000,0.000
18,ec.gp.GPIndividual@791165018{2050140763},3C_20_66-01.txt,7.322,0.500,3.661,0,0.000,0.00,0.000,0.000,0.000
18,ec.gp.GPIndividual@791165018{2050140763},3C_20_66-02.txt,154.245,0.500,77.122,0,0.000,0.00,0.000,0.000,0.000
18,ec.gp.GPIndividual@791165018{2050140763},3C_20_66-03.txt,118.340,0.500,59.170,0,0.000,0.00,0.000,0.000,0.000
18,ec.gp.GPIndividual@791165018{2050140763},3C_20_80-01.txt,4.194,0.500,2.097,0,0.000,0.00,0.000,0.000,0.000
18,ec.gp.GPIndividual@791165018{2050140763},3C_20_80-02.txt,35.738,0.500,17.869,0,0.000,0.00,0.000,0.000,0.000
18,ec.gp.GPIndividual@791165018{2050140763},3C_20_80-03.txt,169.439,0.500,84.719,0,0.000,0.00,0.000,0.000,0.000
18,ec.gp.GPIndividual@1265905504{1024713948},3C_20_50-02.txt,61.404,0.500,30.702,16,23.953,78.02,1.497,5.344,0.000
18,ec.gp.GPIndividual@1265905504{1024713948},3C_20_50-03.txt,30.993,0.500,15.496,3,4.953,31.96,1.651,5.344,0.000
18,ec.gp.GPIndividual@1265905504{1024713948},3C_20_80-02.txt,35.738,0.500,17.869,2,7.391,41.36,3.695,7.391,0.000
18,ec.gp.GPIndividual@1265905504{1024713948},3C_20_80-03.txt,169.439,0.500,84.719,2,6.641,7.84,3.320,7.391,0.000
18,ec.gp.GPIndividual@1265905504{1024713948},3C_20_80-01.txt,4.194,0.500,2.097,3,2.094,99.83,0.698,7.391,0.000
18,ec.gp.GPIndividual@1265905504{1024713948},3C_20_80-03.txt,169.439,0.500,84.719,1,0.578,0.68,0.578,7.391,0.000
18,ec.gp.GPIndividual@1265905504{1024713948},3C_20_80-02.txt,35.738,0.500,17.869,10,17.594,98.46,1.759,7.391,0.000
18,ec.gp.GPIndividual@1265905504{1024713948},3C_20_66-01.txt,7.322,0.500,3.661,3,3.969,108.40,1.323,7.391,0.000
18,ec.gp.GPIndividual@490458983{-1173033127},3C_20_50-02.txt,61.404,0.500,30.702,0,0.000,0.00,0.000,0.000,0.000
18,ec.gp.GPIndividual@490458983{-1173033127},3C_20_50-03.txt,30.993,0.500,15.496,0,0.000,0.00,0.000,0.000,0.000
18,ec.gp.GPIndividual@490458983{-1173033127},3C_20_66-01.txt,7.322,0.500,3.661,0,0.000,0.00,0.000,0.000,0.000
18,ec.gp.GPIndividual@490458983{-1173033127},3C_20_66-02.txt,154.245,0.500,77.122,0,0.000,0.00,0.000,0.000,0.000
18,ec.gp.GPIndividual@490458983{-1173033127},3C_20_66-03.txt,118.340,0.500,59.170,0,0.000,0.00,0.000,0.000,0.000
18,ec.gp.GPIndividual@490458983{-1173033127},3C_20_80-01.txt,4.194,0.500,2.097,0,0.000,0.00,0.000,0.000,0.000
18,ec.gp.GPIndividual@490458983{-1173033127},3C_20_80-02.txt,35.738,0.500,17.869,0,0.000,0.00,0.000,0.000,0.000
18,ec.gp.GPIndividual@490458983{-1173033127},3C_20_80-03.txt,169.439,0.500,84.719,0,0.000,0.00,0.000,0.000,0.000
18,ec.gp.GPIndividual@259447499{-875651880},3C_20_50-02.txt,61.404,0.500,30.702,8,16.922,55.12,2.115,10.156,0.156
18,ec.gp.GPIndividual@2013941331{1180735164},3C_20_50-02.txt,61.404,0.500,30.702,2,11.531,37.56,5.766,11.531,0.000
18,ec.gp.GPIndividual@2013941331{1180735164},3C_20_66-02.txt,154.245,0.500,77.122,3,9.797,12.70,3.266,11.531,0.000
18,ec.gp.GPIndividual@2013941331{1180735164},3C_20_50-03.txt,30.993,0.500,15.496,12,14.391,92.86,1.199,11.531,0.000
18,ec.gp.GPIndividual@2013941331{1180735164},3C_20_50-03.txt,30.993,0.500,15.496,2,3.047,19.66,1.523,11.531,0.000
18,ec.gp.GPIndividual@2013941331{1180735164},3C_20_66-03.txt,118.340,0.500,59.170,2,1.844,3.12,0.922,11.531,0.000
18,ec.gp.GPIndividual@2013941331{1180735164},3C_20_66-01.txt,7.322,0.500,3.661,4,3.125,85.36,0.781,11.531,0.000
18,ec.gp.GPIndividual@2013941331{1180735164},3C_20_66-01.txt,7.322,0.500,3.661,4,3.625,99.01,0.906,11.531,0.000
18,ec.gp.GPIndividual@2013941331{1180735164},3C_20_80-01.txt,4.194,0.500,2.097,4,2.281,108.77,0.570,11.531,0.000
18,ec.gp.GPIndividual@2013941331{1180735164},3C_20_66-02.txt,154.245,0.500,77.122,1,0.250,0.32,0.250,11.531,0.000
18,ec.gp.GPIndividual@2013941331{1180735164},3C_20_80-02.txt,35.738,0.500,17.869,2,0.406,2.27,0.203,11.531,0.000
18,ec.gp.GPIndividual@2013941331{1180735164},3C_20_66-02.txt,154.245,0.500,77.122,19,72.594,94.13,3.821,27.438,0.000
18,ec.gp.GPIndividual@2013941331{1180735164},3C_20_80-03.txt,169.439,0.500,84.719,5,51.578,60.88,10.316,27.438,0.000
18,ec.gp.GPIndividual@2013941331{1180735164},3C_20_66-03.txt,118.340,0.500,59.170,4,32.094,54.24,8.023,27.750,0.000
18,ec.gp.GPIndividual@2013941331{1180735164},3C_20_66-03.txt,118.340,0.500,59.170,3,37.047,62.61,12.349,32.891,0.000
18,ec.gp.GPIndividual@850181229{431818011},3C_20_50-02.txt,61.404,0.500,30.702,0,0.000,0.00,0.000,0.000,0.000
18,ec.gp.GPIndividual@850181229{431818011},3C_20_50-03.txt,30.993,0.500,15.496,0,0.000,0.00,0.000,0.000,0.000
18,ec.gp.GPIndividual@850181229{431818011},3C_20_66-01.txt,7.322,0.500,3.661,0,0.000,0.00,0.000,0.000,0.000
18,ec.gp.GPIndividual@850181229{431818011},3C_20_66-02.txt,154.245,0.500,77.122,0,0.000,0.00,0.000,0.000,0.000
18,ec.gp.GPIndividual@850181229{431818011},3C_20_66-03.txt,118.340,0.500,59.170,0,0.000,0.00,0.000,0.000,0.000
18,ec.gp.GPIndividual@850181229{431818011},3C_20_80-01.txt,4.194,0.500,2.097,0,0.000,0.00,0.000,0.000,0.000
18,ec.gp.GPIndividual@850181229{431818011},3C_20_80-02.txt,35.738,0.500,17.869,0,0.000,0.00,0.000,0.000,0.000
18,ec.gp.GPIndividual@850181229{431818011},3C_20_80-03.txt,169.439,0.500,84.719,0,0.000,0.00,0.000,0.000,0.000
18,ec.gp.GPIndividual@287072274{-1217989471},3C_20_50-02.txt,61.404,0.500,30.702,2,32.500,105.86,16.250,32.406,0.094
18,ec.gp.GPIndividual@287072274{-1217989471},3C_20_80-03.txt,169.439,0.500,84.719,7,58.250,68.76,8.321,32.844,0.094
18,ec.gp.GPIndividual@1744193185{-875651880},3C_20_50-02.txt,61.404,0.500,30.702,6,25.953,84.53,4.326,23.766,0.000
18,ec.gp.GPIndividual@1744193185{-875651880},3C_20_50-03.txt,30.993,0.500,15.496,2,11.438,73.81,5.719,23.766,0.000
18,ec.gp.GPIndividual@1744193185{-875651880},3C_20_50-03.txt,30.993,0.500,15.496,8,12.969,83.69,1.621,23.766,0.000
18,ec.gp.GPIndividual@1744193185{-875651880},3C_20_66-01.txt,7.322,0.500,3.661,2,2.703,73.83,1.352,23.766,0.000
18,ec.gp.GPIndividual@1744193185{-875651880},3C_20_66-01.txt,7.322,0.500,3.661,10,3.359,91.76,0.336,23.766,0.000
18,ec.gp.GPIndividual@1744193185{-875651880},3C_20_66-02.txt,154.245,0.500,77.122,2,0.344,0.45,0.172,23.766,0.000
18,ec.gp.GPIndividual@1744193185{-875651880},3C_20_66-02.txt,154.245,0.500,77.122,16,57.828,74.98,3.614,23.766,0.000
18,ec.gp.GPIndividual@1744193185{-875651880},3C_20_66-03.txt,118.340,0.500,59.170,4,19.172,32.40,4.793,23.766,0.000
18,ec.gp.GPIndividual@1744193185{-875651880},3C_20_66-03.txt,118.340,0.500,59.170,7,54.219,91.63,7.746,23.766,0.000
18,ec.gp.GPIndividual@1744193185{-875651880},3C_20_80-01.txt,4.194,0.500,2.097,4,1.359,64.82,0.340,23.766,0.000
18,ec.gp.GPIndividual@1744193185{-875651880},3C_20_80-02.txt,35.738,0.500,17.869,7,9.281,51.94,1.326,23.766,0.000
18,ec.gp.GPIndividual@1744193185{-875651880},3C_20_80-01.txt,4.194,0.500,2.097,4,1.328,63.33,0.332,23.766,0.000
18,ec.gp.GPIndividual@1744193185{-875651880},3C_20_80-02.txt,35.738,0.500,17.869,7,8.641,48.36,1.234,23.766,0.000
18,ec.gp.GPIndividual@1744193185{-875651880},3C_20_80-03.txt,169.439,0.500,84.719,3,7.875,9.30,2.625,23.766,0.000
18,ec.gp.GPIndividual@1744193185{-875651880},3C_20_80-03.txt,169.439,0.500,84.719,2,34.875,41.17,17.438,33.266,0.000
18,ec.gp.GPIndividual@983654618{175490930},3C_20_50-02.txt,61.404,0.500,30.702,0,0.000,0.00,0.000,0.000,0.000
18,ec.gp.GPIndividual@983654618{175490930},3C_20_50-03.txt,30.993,0.500,15.496,0,0.000,0.00,0.000,0.000,0.000
18,ec.gp.GPIndividual@983654618{175490930},3C_20_66-01.txt,7.322,0.500,3.661,0,0.000,0.00,0.000,0.000,0.000
18,ec.gp.GPIndividual@983654618{175490930},3C_20_66-02.txt,154.245,0.500,77.122,0,0.000,0.00,0.000,0.000,0.000
18,ec.gp.GPIndividual@983654618{175490930},3C_20_66-03.txt,118.340,0.500,59.170,0,0.000,0.00,0.000,0.000,0.000
18,ec.gp.GPIndividual@983654618{175490930},3C_20_80-01.txt,4.194,0.500,2.097,0,0.000,0.00,0.000,0.000,0.000
18,ec.gp.GPIndividual@983654618{175490930},3C_20_80-02.txt,35.738,0.500,17.869,0,0.000,0.00,0.000,0.000,0.000
18,ec.gp.GPIndividual@983654618{175490930},3C_20_80-03.txt,169.439,0.500,84.719,0,0.000,0.00,0.000,0.000,0.000
19,ec.gp.GPIndividual@1275648122{-408744916},3C_20_50-02.txt,61.404,0.500,30.702,0,0.000,0.00,0.000,0.000,0.000
19,ec.gp.GPIndividual@1275648122{-408744916},3C_20_50-02.txt,61.404,0.500,30.702,0,0.000,0.00,0.000,0.000,0.000
19,ec.gp.GPIndividual@1275648122{-408744916},3C_20_50-03.txt,30.993,0.500,15.496,0,0.000,0.00,0.000,0.000,0.000
19,ec.gp.GPIndividual@1275648122{-408744916},3C_20_50-03.txt,30.993,0.500,15.496,0,0.000,0.00,0.000,0.000,0.000
19,ec.gp.GPIndividual@1275648122{-408744916},3C_20_50-03.txt,30.993,0.500,15.496,0,0.000,0.00,0.000,0.000,0.000
19,ec.gp.GPIndividual@1275648122{-408744916},3C_20_66-01.txt,7.322,0.500,3.661,0,0.000,0.00,0.000,0.000,0.000
19,ec.gp.GPIndividual@1275648122{-408744916},3C_20_66-01.txt,7.322,0.500,3.661,0,0.000,0.00,0.000,0.000,0.000
19,ec.gp.GPIndividual@1275648122{-408744916},3C_20_66-01.txt,7.322,0.500,3.661,0,0.000,0.00,0.000,0.000,0.000
19,ec.gp.GPIndividual@1275648122{-408744916},3C_20_66-02.txt,154.245,0.500,77.122,0,0.000,0.00,0.000,0.000,0.000
19,ec.gp.GPIndividual@1275648122{-408744916},3C_20_66-03.txt,118.340,0.500,59.170,0,0.000,0.00,0.000,0.000,0.000
19,ec.gp.GPIndividual@1275648122{-408744916},3C_20_66-03.txt,118.340,0.500,59.170,0,0.000,0.00,0.000,0.000,0.000
19,ec.gp.GPIndividual@1275648122{-408744916},3C_20_80-01.txt,4.194,0.500,2.097,0,0.000,0.00,0.000,0.000,0.000
19,ec.gp.GPIndividual@1275648122{-408744916},3C_20_80-01.txt,4.194,0.500,2.097,0,0.000,0.00,0.000,0.000,0.000
19,ec.gp.GPIndividual@1275648122{-408744916},3C_20_80-01.txt,4.194,0.500,2.097,0,0.000,0.00,0.000,0.000,0.000
19,ec.gp.GPIndividual@1275648122{-408744916},3C_20_80-02.txt,35.738,0.500,17.869,0,0.000,0.00,0.000,0.000,0.000
19,ec.gp.GPIndividual@1275648122{-408744916},3C_20_80-03.txt,169.439,0.500,84.719,0,0.000,0.00,0.000,0.000,0.000
19,ec.gp.GPIndividual@1275648122{-408744916},3C_20_80-02.txt,35.738,0.500,17.869,0,0.000,0.00,0.000,0.000,0.000
19,ec.gp.GPIndividual@1275648122{-408744916},3C_20_80-02.txt,35.738,0.500,17.869,0,0.000,0.00,0.000,0.000,0.000
19,ec.gp.GPIndividual@462820102{-779916725},3C_20_50-02.txt,61.404,0.500,30.702,0,0.000,0.00,0.000,0.000,0.000
19,ec.gp.GPIndividual@462820102{-779916725},3C_20_50-02.txt,61.404,0.500,30.702,0,0.000,0.00,0.000,0.000,0.000
19,ec.gp.GPIndividual@1777555543{1847809599},3C_20_50-02.txt,61.404,0.500,30.702,0,0.000,0.00,0.000,0.000,0.000
19,ec.gp.GPIndividual@1777555543{1847809599},3C_20_80-02.txt,35.738,0.500,17.869,0,0.000,0.00,0.000,0.000,0.000
19,ec.gp.GPIndividual@1777555543{1847809599},3C_20_80-03.txt,169.439,0.500,84.719,0,0.000,0.00,0.000,0.000,0.000
19,ec.gp.GPIndividual@621787869{563447696},3C_20_50-02.txt,61.404,0.500,30.702,20,29.547,96.24,1.477,2.797,0.000
19,ec.gp.GPIndividual@621787869{563447696},3C_20_50-03.txt,30.993,0.500,15.496,2,2.156,13.91,1.078,2.797,0.000
19,ec.gp.GPIndividual@621787869{563447696},3C_20_50-03.txt,30.993,0.500,15.496,6,13.469,86.92,2.245,3.016,0.000
19,ec.gp.GPIndividual@621787869{563447696},3C_20_50-03.txt,30.993,0.500,15.496,3,7.031,45.37,2.344,4.313,0.000
19,ec.gp.GPIndividual@621787869{563447696},3C_20_50-03.txt,30.993,0.500,15.496,4,8.266,53.34,2.066,4.313,0.000
19,ec.gp.GPIndividual@621787869{563447696},3C_20_50-03.txt,30.993,0.500,15.496,2,5.406,34.89,2.703,5.406,0.000
19,ec.gp.GPIndividual@621787869{563447696},3C_20_50-03.txt,30.993,0.500,15.496,2,8.688,56.06,4.344,5.406,0.000
19,ec.gp.GPIndividual@621787869{563447696},3C_20_66-01.txt,7.322,0.500,3.661,1,4.344,118.65,4.344,5.406,0.000
19,ec.gp.GPIndividual@621787869{563447696},3C_20_66-01.txt,7.322,0.500,3.661,2,5.188,141.69,2.594,5.406,0.000
19,ec.gp.GPIndividual@621787869{563447696},3C_20_66-01.txt,7.322,0.500,3.661,2,5.656,154.50,2.828,5.406,0.000
19,ec.gp.GPIndividual@621787869{563447696},3C_20_66-01.txt,7.322,0.500,3.661,2,2.203,60.18,1.102,5.406,0.000
19,ec.gp.GPIndividual@621787869{563447696},3C_20_66-02.txt,154.245,0.500,77.122,3,6.641,8.61,2.214,5.406,0.000
19,ec.gp.GPIndividual@621787869{563447696},3C_20_66-02.txt,154.245,0.500,77.122,1,1.172,1.52,1.172,5.406,0.000
19,ec.gp.GPIndividual@621787869{563447696},3C_20_66-02.txt,154.245,0.500,77.122,1,4.672,6.06,4.672,5.406,0.000
19,ec.gp.GPIndividual@621787869{563447696},3C_20_66-01.txt,7.322,0.500,3.661,3,4.609,125.90,1.536,5.406,0.000
19,ec.gp.GPIndividual@621787869{563447696},3C_20_66-03.txt,118.340,0.500,59.170,2,1.063,1.80,0.531,5.406,0.000
19,ec.gp.GPIndividual@621787869{563447696},3C_20_66-02.txt,154.245,0.500,77.122,2,3.094,4.01,1.547,5.406,0.000
19,ec.gp.GPIndividual@621787869{563447696},3C_20_66-02.txt,154.245,0.500,77.122,25,69.031,89.51,2.761,12.094,0.000
19,ec.gp.GPIndividual@621787869{563447696},3C_20_80-01.txt,4.194,0.500,2.097,1,8.188,390.39,8.188,12.094,0.000
19,ec.gp.GPIndividual@621787869{563447696},3C_20_66-01.txt,7.322,0.500,3.661,1,14.266,389.65,14.266,14.266,0.000
19,ec.gp.GPIndividual@621787869{563447696},3C_20_66-03.txt,118.340,0.500,59.170,2,13.516,22.84,6.758,14.266,0.000
19,ec.gp.GPIndividual@621787869{563447696},3C_20_66-03.txt,118.340,0.500,59.170,4,16.203,27.38,4.051,15.328,0.000
19,ec.gp.GPIndividual@621787869{563447696},3C_20_66-03.txt,118.340,0.500,59.170,2,16.500,27.89,8.250,16.500,0.000
19,ec.gp.GPIndividual@621787869{563447696},3C_20_66-03.txt,118.340,0.500,59.170,19,56.813,96.02,2.990,16.500,0.000
19,ec.gp.GPIndividual@621787869{563447696},3C_20_80-02.txt,35.738,0.500,17.869,2,2.719,15.21,1.359,16.500,0.000
19,ec.gp.GPIndividual@621787869{563447696},3C_20_80-01.txt,4.194,0.500,2.097,1,4.094,195.20,4.094,16.500,0.000
19,ec.gp.GPIndividual@621787869{563447696},3C_20_80-01.txt,4.194,0.500,2.097,2,1.438,68.54,0.719,16.500,0.000
19,ec.gp.GPIndividual@621787869{563447696},3C_20_80-02.txt,35.738,0.500,17.869,4,8.719,48.79,2.180,16.500,0.000
19,ec.gp.GPIndividual@621787869{563447696},3C_20_80-01.txt,4.194,0.500,2.097,3,2.109,100.58,0.703,16.500,0.000
19,ec.gp.GPIndividual@621787869{563447696},3C_20_80-02.txt,35.738,0.500,17.869,2,0.688,3.85,0.344,16.500,0.000
19,ec.gp.GPIndividual@621787869{563447696},3C_20_80-02.txt,35.738,0.500,17.869,5,10.516,58.85,2.103,16.500,0.000
19,ec.gp.GPIndividual@621787869{563447696},3C_20_80-01.txt,4.194,0.500,2.097,2,2.234,106.54,1.117,16.500,0.000
19,ec.gp.GPIndividual@621787869{563447696},3C_20_80-03.txt,169.439,0.500,84.719,2,1.750,2.07,0.875,16.500,0.000
19,ec.gp.GPIndividual@621787869{563447696},3C_20_80-02.txt,35.738,0.500,17.869,14,17.750,99.33,1.268,16.500,0.000
19,ec.gp.GPIndividual@621787869{563447696},3C_20_80-03.txt,169.439,0.500,84.719,3,2.250,2.66,0.750,16.500,0.000
19,ec.gp.GPIndividual@621787869{563447696},3C_20_80-03.txt,169.439,0.500,84.719,5,30.141,35.58,6.028,20.328,0.000
19,ec.gp.GPIndividual@621787869{563447696},3C_20_66-02.txt,154.245,0.500,77.122,8,46.625,60.46,5.828,25.000,0.000
19,ec.gp.GPIndividual@1669701801{252905133},3C_20_50-02.txt,61.404,0.500,30.702,1,30.844,100.46,30.844,30.844,30.844
19,ec.gp.GPIndividual@1028524090{830807928},3C_20_50-02.txt,61.404,0.500,30.702,3,30.609,99.70,10.203,30.063,0.000
19,ec.gp.GPIndividual@1028524090{830807928},3C_20_80-03.txt,169.439,0.500,84.719,1,0.500,0.59,0.500,30.063,0.000
19,ec.gp.GPIndividual@1028524090{830807928},3C_20_50-03.txt,30.993,0.500,15.496,1,33.266,214.67,33.266,33.266,0.000
19,ec.gp.GPIndividual@1028524090{830807928},3C_20_80-03.txt,169.439,0.500,84.719,1,27.469,32.42,27.469,33.266,0.000
19,ec.gp.GPIndividual@482909446{-2042041712},3C_20_50-02.txt,61.404,0.500,30.702,4,24.391,79.44,6.098,22.297,0.000
19,ec.gp.GPIndividual@482909446{-2042041712},3C_20_66-03.txt,118.340,0.500,59.170,3,8.656,14.63,2.885,22.297,0.000
19,ec.gp.GPIndividual@482909446{-2042041712},3C_20_66-01.txt,7.322,0.500,3.661,1,1.094,29.87,1.094,22.297,0.000
19,ec.gp.GPIndividual@482909446{-2042041712},3C_20_66-02.txt,154.245,0.500,77.122,6,25.969,33.67,4.328,22.297,0.000
19,ec.gp.GPIndividual@482909446{-2042041712},3C_20_66-03.txt,118.340,0.500,59.170,3,13.250,22.39,4.417,22.297,0.000
19,ec.gp.GPIndividual@482909446{-2042041712},3C_20_80-01.txt,4.194,0.500,2.097,1,0.891,42.47,0.891,22.297,0.000
19,ec.gp.GPIndividual@482909446{-2042041712},3C_20_80-02.txt,35.738,0.500,17.869,1,2.219,12.42,2.219,22.297,0.000
19,ec.gp.GPIndividual@482909446{-2042041712},3C_20_80-03.txt,169.439,0.500,84.719,1,6.531,7.71,6.531,22.297,0.000
19,ec.gp.GPIndividual@1750631036{-50861680},3C_20_50-02.txt,61.404,0.500,30.702,0,0.000,0.00,0.000,0.000,0.000
19,ec.gp.GPIndividual@1750631036{-50861680},3C_20_50-03.txt,30.993,0.500,15.496,0,0.000,0.00,0.000,0.000,0.000
19,ec.gp.GPIndividual@1750631036{-50861680},3C_20_66-01.txt,7.322,0.500,3.661,0,0.000,0.00,0.000,0.000,0.000
19,ec.gp.GPIndividual@1750631036{-50861680},3C_20_66-02.txt,154.245,0.500,77.122,0,0.000,0.00,0.000,0.000,0.000
19,ec.gp.GPIndividual@1750631036{-50861680},3C_20_66-03.txt,118.340,0.500,59.170,0,0.000,0.00,0.000,0.000,0.000
19,ec.gp.GPIndividual@1750631036{-50861680},3C_20_80-01.txt,4.194,0.500,2.097,0,0.000,0.00,0.000,0.000,0.000
19,ec.gp.GPIndividual@1750631036{-50861680},3C_20_80-02.txt,35.738,0.500,17.869,0,0.000,0.00,0.000,0.000,0.000
19,ec.gp.GPIndividual@1750631036{-50861680},3C_20_80-03.txt,169.439,0.500,84.719,0,0.000,0.00,0.000,0.000,0.000
19,ec.gp.GPIndividual@1506707485{1655591289},3C_20_50-02.txt,61.404,0.500,30.702,5,29.063,94.66,5.813,24.047,0.000
19,ec.gp.GPIndividual@1506707485{1655591289},3C_20_50-03.txt,30.993,0.500,15.496,1,25.141,162.24,25.141,25.141,0.000
19,ec.gp.GPIndividual@1911763003{464370285},3C_20_50-02.txt,61.404,0.500,30.702,2,22.406,72.98,11.203,22.406,0.000
19,ec.gp.GPIndividual@1911763003{464370285},3C_20_50-03.txt,30.993,0.500,15.496,3,24.453,157.80,8.151,22.406,0.000
19,ec.gp.GPIndividual@1911763003{464370285},3C_20_80-01.txt,4.194,0.500,2.097,2,1.453,69.29,0.727,22.406,0.000
19,ec.gp.GPIndividual@1911763003{464370285},3C_20_80-02.txt,35.738,0.500,17.869,2,30.656,171.56,15.328,28.672,0.000
19,ec.gp.GPIndividual@1927907277{-1849379569},3C_20_50-02.txt,61.404,0.500,30.702,0,0.000,0.00,0.000,0.000,0.000
19,ec.gp.GPIndividual@1927907277{-1849379569},3C_20_50-03.txt,30.993,0.500,15.496,0,0.000,0.00,0.000,0.000,0.000
19,ec.gp.GPIndividual@1927907277{-1849379569},3C_20_66-01.txt,7.322,0.500,3.661,0,0.000,0.00,0.000,0.000,0.000
19,ec.gp.GPIndividual@1927907277{-1849379569},3C_20_66-02.txt,154.245,0.500,77.122,0,0.000,0.00,0.000,0.000,0.000
19,ec.gp.GPIndividual@1927907277{-1849379569},3C_20_66-03.txt,118.340,0.500,59.170,0,0.000,0.00,0.000,0.000,0.000
19,ec.gp.GPIndividual@1927907277{-1849379569},3C_20_80-01.txt,4.194,0.500,2.097,0,0.000,0.00,0.000,0.000,0.000
19,ec.gp.GPIndividual@1927907277{-1849379569},3C_20_80-02.txt,35.738,0.500,17.869,0,0.000,0.00,0.000,0.000,0.000
19,ec.gp.GPIndividual@1927907277{-1849379569},3C_20_80-03.txt,169.439,0.500,84.719,0,0.000,0.00,0.000,0.000,0.000
19,ec.gp.GPIndividual@712486462{1910512788},3C_20_50-02.txt,61.404,0.500,30.702,8,19.875,64.73,2.484,4.984,0.000
19,ec.gp.GPIndividual@712486462{1910512788},3C_20_50-03.txt,30.993,0.500,15.496,7,15.391,99.32,2.199,4.984,0.000
19,ec.gp.GPIndividual@712486462{1910512788},3C_20_66-01.txt,7.322,0.500,3.661,2,2.719,74.26,1.359,4.984,0.000
19,ec.gp.GPIndividual@712486462{1910512788},3C_20_50-03.txt,30.993,0.500,15.496,4,12.406,80.06,3.102,7.375,0.000
19,ec.gp.GPIndividual@712486462{1910512788},3C_20_80-03.txt,169.439,0.500,84.719,5,12.547,14.81,2.509,7.906,0.000
19,ec.gp.GPIndividual@712486462{1910512788},3C_20_50-03.txt,30.993,0.500,15.496,2,3.422,22.08,1.711,7.906,0.000
19,ec.gp.GPIndividual@712486462{1910512788},3C_20_66-01.txt,7.322,0.500,3.661,3,2.516,68.71,0.839,7.906,0.000
19,ec.gp.GPIndividual@712486462{1910512788},3C_20_66-02.txt,154.245,0.500,77.122,18,76.172,98.77,4.232,14.266,0.000
19,ec.gp.GPIndividual@712486462{1910512788},3C_20_66-02.txt,154.245,0.500,77.122,5,25.781,33.43,5.156,14.266,0.000
19,ec.gp.GPIndividual@712486462{1910512788},3C_20_66-03.txt,118.340,0.500,59.170,4,24.734,41.80,6.184,16.438,0.000
19,ec.gp.GPIndividual@712486462{1910512788},3C_20_66-01.txt,7.322,0.500,3.661,3,3.078,84.08,1.026,16.438,0.000
19,ec.gp.GPIndividual@712486462{1910512788},3C_20_66-02.txt,154.245,0.500,77.122,2,0.906,1.18,0.453,16.438,0.000
19,ec.gp.GPIndividual@712486462{1910512788},3C_20_66-03.txt,118.340,0.500,59.170,1,25.500,43.10,25.500,25.500,0.000
19,ec.gp.GPIndividual@803678526{1939854031},3C_20_50-02.txt,61.404,0.500,30.702,9,31.469,102.50,3.497,9.344,0.344
19,ec.gp.GPIndividual@803678526{1939854031},3C_20_80-01.txt,4.194,0.500,2.097,1,2.500,119.20,2.500,9.344,0.344
19,ec.gp.GPIndividual@803678526{1939854031},3C_20_50-03.txt,30.993,0.500,15.496,4,3.797,24.50,0.949,9.344,0.000
19,ec.gp.GPIndividual@803678526{1939854031},3C_20_66-01.txt,7.322,0.500,3.661,3,3.891,106.27,1.297,9.344,0.000
19,ec.gp.GPIndividual@803678526{1939854031},3C_20_66-03.txt,118.340,0.500,59.170,2,0.719,1.21,0.359,9.344,0.000
19,ec.gp.GPIndividual@803678526{1939854031},3C_20_80-02.txt,35.738,0.500,17.869,1,1.063,5.95,1.063,9.344,0.000
19,ec.gp.GPIndividual@803678526{1939854031},3C_20_66-02.txt,154.245,0.500,77.122,1,6.328,8.21,6.328,9.344,0.000
19,ec.gp.GPIndividual@803678526{1939854031},3C_20_80-01.txt,4.194,0.500,2.097,2,0.906,43.21,0.453,9.344,0.000
19,ec.gp.GPIndividual@803678526{1939854031},3C_20_80-02.txt,35.738,0.500,17.869,9,22.813,127.66,2.535,9.344,0.000
19,ec.gp.GPIndividual@803678526{1939854031},3C_20_80-01.txt,4.194,0.500,2.097,3,1.672,79.72,0.557,9.344,0.000
19,ec.gp.GPIndividual@803678526{1939854031},3C_20_66-03.txt,118.340,0.500,59.170,2,1.172,1.98,0.586,9.344,0.000
19,ec.gp.GPIndividual@803678526{1939854031},3C_20_80-03.txt,169.439,0.500,84.719,2,0.500,0.59,0.250,9.344,0.000
19,ec.gp.GPIndividual@803678526{1939854031},3C_20_80-03.txt,169.439,0.500,84.719,3,7.578,8.94,2.526,9.344,0.000
19,ec.gp.GPIndividual@803678526{1939854031},3C_20_66-01.txt,7.322,0.500,3.661,4,3.250,88.77,0.813,9.344,0.000
19,ec.gp.GPIndividual@803678526{1939854031},3C_20_80-02.txt,35.738,0.500,17.869,1,1.078,6.03,1.078,9.344,0.000
19,ec.gp.GPIndividual@803678526{1939854031},3C_20_66-02.txt,154.245,0.500,77.122,17,72.734,94.31,4.278,25.422,0.000
19,ec.gp.GPIndividual@803678526{1939854031},3C_20_80-01.txt,4.194,0.500,2.097,1,5.531,263.74,5.531,25.422,0.000
19,ec.gp.GPIndividual@803678526{1939854031},3C_20_80-03.txt,169.439,0.500,84.719,2,4.984,5.88,2.492,25.422,0.000
19,ec.gp.GPIndividual@803678526{1939854031},3C_20_66-03.txt,118.340,0.500,59.170,2,13.719,23.19,6.859,25.422,0.000
19,ec.gp.GPIndividual@1685315887{1091213152},3C_20_50-02.txt,61.404,0.500,30.702,4,18.484,60.21,4.621,15.219,0.531
19,ec.gp.GPIndividual@563311949{-165859888},3C_20_50-02.txt,61.404,0.500,30.702,7,39.391,128.30,5.627,20.750,0.516
19,ec.gp.GPIndividual@563311949{-165859888},3C_20_66-01.txt,7.322,0.500,3.661,1,4.078,111.39,4.078,20.750,0.516
19,ec.gp.GPIndividual@563311949{-165859888},3C_20_80-02.txt,35.738,0.500,17.869,9,19.281,107.90,2.142,20.750,0.516
19,ec.gp.GPIndividual@563311949{-165859888},3C_20_80-03.txt,169.439,0.500,84.719,2,0.078,0.09,0.039,20.750,0.000
19,ec.gp.GPIndividual@563311949{-165859888},3C_20_50-03.txt,30.993,0.500,15.496,2,1.828,11.80,0.914,20.750,0.000
19,ec.gp.GPIndividual@563311949{-165859888},3C_20_80-01.txt,4.194,0.500,2.097,2,1.281,61.09,0.641,20.750,0.000
19,ec.gp.GPIndividual@563311949{-165859888},3C_20_66-02.txt,154.245,0.500,77.122,2,8.266,10.72,4.133,20.750,0.000
19,ec.gp.GPIndividual@644588988{1945533026},3C_20_50-02.txt,61.404,0.500,30.702,2,4.688,15.27,2.344,4.688,0.000
19,ec.gp.GPIndividual@644588988{1945533026},3C_20_50-03.txt,30.993,0.500,15.496,8,19.000,122.61,2.375,6.000,0.000
19,ec.gp.GPIndividual@1926007853{-775284547},3C_20_50-02.txt,61.404,0.500,30.702,2,1.094,3.56,0.547,1.094,0.000
19,ec.gp.GPIndividual@1926007853{-775284547},3C_20_66-03.txt,118.340,0.500,59.170,2,1.641,2.77,0.820,1.641,0.000
19,ec.gp.GPIndividual@1926007853{-775284547},3C_20_50-03.txt,30.993,0.500,15.496,3,7.094,45.78,2.365,4.172,0.000
19,ec.gp.GPIndividual@1926007853{-775284547},3C_20_66-01.txt,7.322,0.500,3.661,2,4.938,134.86,2.469,4.172,0.000
19,ec.gp.GPIndividual@1926007853{-775284547},3C_20_80-02.txt,35.738,0.500,17.869,2,2.781,15.56,1.391,4.172,0.000
19,ec.gp.GPIndividual@1926007853{-775284547},3C_20_66-02.txt,154.245,0.500,77.122,4,13.188,17.10,3.297,4.469,0.000
19,ec.gp.GPIndividual@1926007853{-775284547},3C_20_66-01.txt,7.322,0.500,3.661,2,3.703,101.15,1.852,4.469,0.000
19,ec.gp.GPIndividual@1926007853{-775284547},3C_20_66-03.txt,118.340,0.500,59.170,4,7.563,12.78,1.891,5.734,0.000
19,ec.gp.GPIndividual@1926007853{-775284547},3C_20_80-03.txt,169.439,0.500,84.719,11,66.078,78.00,6.007,21.516,0.000
19,ec.gp.GPIndividual@95781447{-58351026},3C_20_50-02.txt,61.404,0.500,30.702,3,20.516,66.82,6.839,19.984,0.000
19,ec.gp.GPIndividual@95781447{-58351026},3C_20_80-01.txt,4.194,0.500,2.097,2,1.391,66.31,0.695,19.984,0.000
19,ec.gp.GPIndividual@95781447{-58351026},3C_20_80-02.txt,35.738,0.500,17.869,2,18.156,101.61,9.078,19.984,0.000
19,ec.gp.GPIndividual@95781447{-58351026},3C_20_66-01.txt,7.322,0.500,3.661,3,3.531,96.45,1.177,19.984,0.000
19,ec.gp.GPIndividual@95781447{-58351026},3C_20_80-03.txt,169.439,0.500,84.719,4,61.203,72.24,15.301,30.172,0.000
19,ec.gp.GPIndividual@95781447{-58351026},3C_20_80-01.txt,4.194,0.500,2.097,1,1.094,52.15,1.094,30.172,0.000
19,ec.gp.GPIndividual@95781447{-58351026},3C_20_66-02.txt,154.245,0.500,77.122,2,32.719,42.42,16.359,32.719,0.000
19,ec.gp.GPIndividual@95781447{-58351026},3C_20_50-03.txt,30.993,0.500,15.496,8,15.484,99.92,1.936,32.719,0.000
19,ec.gp.GPIndividual@95781447{-58351026},3C_20_66-01.txt,7.322,0.500,3.661,2,7.875,215.10,3.938,32.719,0.000
19,ec.gp.GPIndividual@1645266671{664513076},3C_20_50-02.txt,61.404,0.500,30.702,0,0.000,0.00,0.000,0.000,0.000
19,ec.gp.GPIndividual@1645266671{664513076},3C_20_50-03.txt,30.993,0.500,15.496,0,0.000,0.00,0.000,0.000,0.000
19,ec.gp.GPIndividual@1645266671{664513076},3C_20_66-01.txt,7.322,0.500,3.661,0,0.000,0.00,0.000,0.000,0.000
19,ec.gp.GPIndividual@1645266671{664513076},3C_20_66-02.txt,154.245,0.500,77.122,0,0.000,0.00,0.000,0.000,0.000
19,ec.gp.GPIndividual@1645266671{664513076},3C_20_66-03.txt,118.340,0.500,59.170,0,0.000,0.00,0.000,0.000,0.000
19,ec.gp.GPIndividual@1645266671{664513076},3C_20_80-01.txt,4.194,0.500,2.097,0,0.000,0.00,0.000,0.000,0.000
19,ec.gp.GPIndividual@1645266671{664513076},3C_20_80-02.txt,35.738,0.500,17.869,0,0.000,0.00,0.000,0.000,0.000
19,ec.gp.GPIndividual@1645266671{664513076},3C_20_80-03.txt,169.439,0.500,84.719,0,0.000,0.00,0.000,0.000,0.000
19,ec.gp.GPIndividual@1750145503{1309275389},3C_20_50-02.txt,61.404,0.500,30.702,3,3.344,10.89,1.115,2.469,0.000
19,ec.gp.GPIndividual@1750145503{1309275389},3C_20_80-02.txt,35.738,0.500,17.869,3,1.469,8.22,0.490,2.469,0.000
19,ec.gp.GPIndividual@1750145503{1309275389},3C_20_66-03.txt,118.340,0.500,59.170,2,4.234,7.16,2.117,4.234,0.000
19,ec.gp.GPIndividual@1750145503{1309275389},3C_20_50-03.txt,30.993,0.500,15.496,9,18.156,117.17,2.017,4.469,0.000
19,ec.gp.GPIndividual@1750145503{1309275389},3C_20_66-01.txt,7.322,0.500,3.661,2,0.875,23.90,0.438,4.469,0.000
19,ec.gp.GPIndividual@1750145503{1309275389},3C_20_80-03.txt,169.439,0.500,84.719,2,1.391,1.64,0.695,4.469,0.000
19,ec.gp.GPIndividual@1750145503{1309275389},3C_20_50-03.txt,30.993,0.500,15.496,4,9.516,61.41,2.379,6.031,0.000
19,ec.gp.GPIndividual@1750145503{1309275389},3C_20_66-02.txt,154.245,0.500,77.122,12,46.578,60.40,3.882,21.594,0.000
19,ec.gp.GPIndividual@1750145503{1309275389},3C_20_66-02.txt,154.245,0.500,77.122,9,49.938,64.75,5.549,22.188,0.000
19,ec.gp.GPIndividual@2033732932{1625548788},3C_20_50-02.txt,61.404,0.500,30.702,4,29.984,97.66,7.496,27.609,0.000
19,ec.gp.GPIndividual@2033732932{1625548788},3C_20_80-01.txt,4.194,0.500,2.097,1,27.031,1288.89,27.031,27.609,0.000
19,ec.gp.GPIndividual@2033732932{1625548788},3C_20_66-02.txt,154.245,0.500,77.122,12,51.063,66.21,4.255,30.344,0.000
19,ec.gp.GPIndividual@2033732932{1625548788},3C_20_66-03.txt,118.340,0.500,59.170,5,44.125,74.57,8.825,30.344,0.000
19,ec.gp.GPIndividual@2033732932{1625548788},3C_20_66-03.txt,118.340,0.500,59.170,9,66.938,113.13,7.438,30.344,0.000
19,ec.gp.GPIndividual@2033732932{1625548788},3C_20_50-03.txt,30.993,0.500,15.496,2,11.578,74.72,5.789,30.344,0.000
19,ec.gp.GPIndividual@2033732932{1625548788},3C_20_80-01.txt,4.194,0.500,2.097,1,10.234,487.99,10.234,30.344,0.000
19,ec.gp.GPIndividual@2033732932{1625548788},3C_20_80-01.txt,4.194,0.500,2.097,3,1.875,89.40,0.625,30.344,0.000
19,ec.gp.GPIndividual@2033732932{1625548788},3C_20_80-02.txt,35.738,0.500,17.869,1,0.625,3.50,0.625,30.344,0.000
19,ec.gp.GPIndividual@2033732932{1625548788},3C_20_80-02.txt,35.738,0.500,17.869,1,23.234,130.03,23.234,30.344,0.000
19,ec.gp.GPIndividual@2033732932{1625548788},3C_20_66-03.txt,118.340,0.500,59.170,2,7.203,12.17,3.602,30.344,0.000
19,ec.gp.GPIndividual@2033732932{1625548788},3C_20_66-01.txt,7.322,0.500,3.661,3,3.469,94.75,1.156,30.344,0.000
19,ec.gp.GPIndividual@2033732932{1625548788},3C_20_80-03.txt,169.439,0.500,84.719,3,7.500,8.85,2.500,30.344,0.000
19,ec.gp.GPIndividual@2033732932{1625548788},3C_20_66-02.txt,154.245,0.500,77.122,3,23.219,30.11,7.740,30.344,0.000
19,ec.gp.GPIndividual@2033732932{1625548788},3C_20_80-02.txt,35.738,0.500,17.869,8,21.953,122.86,2.744,30.344,0.000
19,ec.gp.GPIndividual@691087939{1892424813},3C_20_50-02.txt,61.404,0.500,30.702,2,1.266,4.12,0.633,1.266,0.000
19,ec.gp.GPIndividual@691087939{1892424813},3C_20_66-03.txt,118.340,0.500,59.170,2,0.719,1.21,0.359,1.266,0.000
19,ec.gp.GPIndividual@691087939{1892424813},3C_20_80-03.txt,169.439,0.500,84.719,2,3.766,4.44,1.883,1.938,0.000
19,ec.gp.GPIndividual@691087939{1892424813},3C_20_80-01.txt,4.194,0.500,2.097,2,1.094,52.15,0.547,1.938,0.000
19,ec.gp.GPIndividual@691087939{1892424813},3C_20_50-03.txt,30.993,0.500,15.496,6,14.047,90.65,2.341,7.297,0.000
19,ec.gp.GPIndividual@691087939{1892424813},3C_20_66-01.txt,7.322,0.500,3.661,1,4.547,124.19,4.547,7.297,0.000
19,ec.gp.GPIndividual@691087939{1892424813},3C_20_66-01.txt,7.322,0.500,3.661,3,2.859,78.10,0.953,7.297,0.000
19,ec.gp.GPIndividual@691087939{1892424813},3C_20_80-02.txt,35.738,0.500,17.869,4,14.859,83.16,3.715,7.297,0.000
19,ec.gp.GPIndividual@691087939{1892424813},3C_20_66-02.txt,154.245,0.500,77.122,3,5.828,7.56,1.943,7.297,0.000
19,ec.gp.GPIndividual@691087939{1892424813},3C_20_80-01.txt,4.194,0.500,2.097,2,3.734,178.06,1.867,7.297,0.000
19,ec.gp.GPIndividual@691087939{1892424813},3C_20_66-03.txt,118.340,0.500,59.170,2,0.516,0.87,0.258,7.297,0.000
19,ec.gp.GPIndividual@691087939{1892424813},3C_20_80-03.txt,169.439,0.500,84.719,4,8.031,9.48,2.008,7.297,0.000
19,ec.gp.GPIndividual@1791435647{268556972},3C_20_50-02.txt,61.404,0.500,30.702,12,29.813,97.10,2.484,6.344,0.000
19,ec.gp.GPIndividual@1791435647{268556972},3C_20_50-03.txt,30.993,0.500,15.496,3,5.984,38.62,1.995,6.344,0.000
19,ec.gp.GPIndividual@1791435647{268556972},3C_20_80-02.txt,35.738,0.500,17.869,4,22.641,126.70,5.660,11.344,0.000
19,ec.gp.GPIndividual@2002480659{83702625},3C_20_50-02.txt,61.404,0.500,30.702,4,6.359,20.71,1.590,4.156,0.000
19,ec.gp.GPIndividual@2002480659{83702625},3C_20_66-02.txt,154.245,0.500,77.122,2,4.656,6.04,2.328,4.656,0.000
19,ec.gp.GPIndividual@2002480659{83702625},3C_20_80-01.txt,4.194,0.500,2.097,2,1.344,64.07,0.672,4.656,0.000
19,ec.gp.GPIndividual@2002480659{83702625},3C_20_80-03.txt,169.439,0.500,84.719,15,69.578,82.13,4.639,33.219,0.000
19,ec.gp.GPIndividual@2002480659{83702625},3C_20_80-03.txt,169.439,0.500,84.719,8,49.297,58.19,6.162,33.219,0.000
19,ec.gp.GPIndividual@2002480659{83702625},3C_20_50-03.txt,30.993,0.500,15.496,1,26.141,168.69,26.141,33.219,0.000
19,ec.gp.GPIndividual@81397125{1386538456},3C_20_50-02.txt,61.404,0.500,30.702,4,33.484,109.06,8.371,30.922,0.422
19,ec.gp.GPIndividual@81397125{1386538456},3C_20_80-02.txt,35.738,0.500,17.869,8,17.281,96.71,2.160,30.922,0.422
19,ec.gp.GPIndividual@81397125{1386538456},3C_20_80-01.txt,4.194,0.500,2.097,3,2.063,98.34,0.688,30.922,0.141
19,ec.gp.GPIndividual@81397125{1386538456},3C_20_80-02.txt,35.738,0.500,17.869,2,0.438,2.45,0.219,30.922,0.000
19,ec.gp.GPIndividual@81397125{1386538456},3C_20_80-03.txt,169.439,0.500,84.719,5,12.906,15.23,2.581,30.922,0.000
19,ec.gp.GPIndividual@81397125{1386538456},3C_20_66-02.txt,154.245,0.500,77.122,12,42.578,55.21,3.548,30.922,0.000
19,ec.gp.GPIndividual@81397125{1386538456},3C_20_80-03.txt,169.439,0.500,84.719,2,32.109,37.90,16.055,32.109,0.000
19,ec.gp.GPIndividual@81397125{1386538456},3C_20_80-01.txt,4.194,0.500,2.097,1,27.953,1332.85,27.953,32.109,0.000
19,ec.gp.GPIndividual@542423528{-1224227494},3C_20_50-02.txt,61.404,0.500,30.702,6,14.813,48.25,2.469,12.172,0.000
19,ec.gp.GPIndividual@542423528{-1224227494},3C_20_66-01.txt,7.322,0.500,3.661,5,3.344,91.33,0.669,12.172,0.000
19,ec.gp.GPIndividual@542423528{-1224227494},3C_20_66-02.txt,154.245,0.500,77.122,2,0.578,0.75,0.289,12.172,0.000
19,ec.gp.GPIndividual@542423528{-1224227494},3C_20_80-03.txt,169.439,0.500,84.719,2,0.797,0.94,0.398,12.172,0.000
19,ec.gp.GPIndividual@542423528{-1224227494},3C_20_80-02.txt,35.738,0.500,17.869,2,1.125,6.30,0.563,12.172,0.000
19,ec.gp.GPIndividual@542423528{-1224227494},3C_20_50-03.txt,30.993,0.500,15.496,13,15.016,96.90,1.155,12.172,0.000
19,ec.gp.GPIndividual@542423528{-1224227494},3C_20_80-03.txt,169.439,0.500,84.719,1,1.672,1.97,1.672,12.172,0.000
19,ec.gp.GPIndividual@1096942338{319180151},3C_20_50-02.txt,61.404,0.500,30.702,7,27.141,88.40,3.877,19.500,0.000
19,ec.gp.GPIndividual@1096942338{319180151},3C_20_80-01.txt,4.194,0.500,2.097,2,1.219,58.11,0.609,19.500,0.000
19,ec.gp.GPIndividual@1096942338{319180151},3C_20_80-02.txt,35.738,0.500,17.869,2,13.781,77.12,6.891,19.500,0.000
19,ec.gp.GPIndividual@1096942338{319180151},3C_20_66-01.txt,7.322,0.500,3.661,2,3.703,101.15,1.852,19.500,0.000
19,ec.gp.GPIndividual@1096942338{319180151},3C_20_50-03.txt,30.993,0.500,15.496,12,14.375,92.76,1.198,19.500,0.000
19,ec.gp.GPIndividual@1096942338{319180151},3C_20_66-02.txt,154.245,0.500,77.122,2,3.609,4.68,1.805,19.500,0.000
19,ec.gp.GPIndividual@1096942338{319180151},3C_20_80-03.txt,169.439,0.500,84.719,2,2.406,2.84,1.203,19.500,0.000
19,ec.gp.GPIndividual@1096942338{319180151},3C_20_66-01.txt,7.322,0.500,3.661,6,3.016,82.37,0.503,19.500,0.000
19,ec.gp.GPIndividual@1096942338{319180151},3C_20_66-02.txt,154.245,0.500,77.122,12,72.266,93.70,6.022,29.656,0.000
19,ec.gp.GPIndividual@2006500521{1386538456},3C_20_50-02.txt,61.404,0.500,30.702,6,31.281,101.89,5.214,14.156,0.188
19,ec.gp.GPIndividual@2006500521{1386538456},3C_20_66-03.txt,118.340,0.500,59.170,3,8.328,14.07,2.776,14.156,0.000
19,ec.gp.GPIndividual@2006500521{1386538456},3C_20_66-03.txt,118.340,0.500,59.170,2,5.438,9.19,2.719,14.156,0.000
19,ec.gp.GPIndividual@2006500521{1386538456},3C_20_50-03.txt,30.993,0.500,15.496,6,15.906,102.65,2.651,14.156,0.000
19,ec.gp.GPIndividual@2006500521{1386538456},3C_20_80-01.txt,4.194,0.500,2.097,2,2.844,135.59,1.422,14.156,0.000
19,ec.gp.GPIndividual@2006500521{1386538456},3C_20_66-01.txt,7.322,0.500,3.661,1,0.641,17.50,0.641,14.156,0.000
19,ec.gp.GPIndividual@2006500521{1386538456},3C_20_80-02.txt,35.738,0.500,17.869,2,3.375,18.89,1.688,14.156,0.000
19,ec.gp.GPIndividual@2006500521{1386538456},3C_20_80-01.txt,4.194,0.500,2.097,4,2.375,113.24,0.594,14.156,0.000
19,ec.gp.GPIndividual@2006500521{1386538456},3C_20_66-02.txt,154.245,0.500,77.122,1,0.156,0.20,0.156,14.156,0.000
19,ec.gp.GPIndividual@2006500521{1386538456},3C_20_80-03.txt,169.439,0.500,84.719,1,0.469,0.55,0.469,14.156,0.000
19,ec.gp.GPIndividual@2006500521{1386538456},3C_20_80-02.txt,35.738,0.500,17.869,12,13.750,76.95,1.146,14.156,0.000
19,ec.gp.GPIndividual@704152061{-1094763082},3C_20_50-02.txt,61.404,0.500,30.702,2,3.531,11.50,1.766,3.531,0.000
19,ec.gp.GPIndividual@704152061{-1094763082},3C_20_80-03.txt,169.439,0.500,84.719,3,4.000,4.72,1.333,3.844,0.000
19,ec.gp.GPIndividual@704152061{-1094763082},3C_20_66-03.txt,118.340,0.500,59.170,8,30.125,50.91,3.766,20.500,0.000
19,ec.gp.GPIndividual@704152061{-1094763082},3C_20_50-03.txt,30.993,0.500,15.496,1,19.375,125.03,19.375,20.500,0.000
19,ec.gp.GPIndividual@704152061{-1094763082},3C_20_80-01.txt,4.194,0.500,2.097,2,22.531,1074.33,11.266,22.016,0.000
19,ec.gp.GPIndividual@794843121{-1462882838},3C_20_50-02.txt,61.404,0.500,30.702,10,25.000,81.43,2.500,11.172,0.000
19,ec.gp.GPIndividual@794843121{-1462882838},3C_20_50-03.txt,30.993,0.500,15.496,4,9.938,64.13,2.484,11.172,0.000
19,ec.gp.GPIndividual@794843121{-1462882838},3C_20_66-02.txt,154.245,0.500,77.122,12,82.078,106.43,6.840,24.328,0.000
19,ec.gp.GPIndividual@794843121{-1462882838},3C_20_66-03.txt,118.340,0.500,59.170,4,7.844,13.26,1.961,24.328,0.000
19,ec.gp.GPIndividual@794843121{-1462882838},3C_20_66-01.txt,7.322,0.500,3.661,6,2.297,62.74,0.383,24.328,0.000
19,ec.gp.GPIndividual@794843121{-1462882838},3C_20_66-02.txt,154.245,0.500,77.122,11,60.203,78.06,5.473,24.328,0.000
19,ec.gp.GPIndividual@794843121{-1462882838},3C_20_66-03.txt,118.340,0.500,59.170,4,17.594,29.73,4.398,24.328,0.000
19,ec.gp.GPIndividual@794843121{-1462882838},3C_20_80-01.txt,4.194,0.500,2.097,4,1.328,63.33,0.332,24.328,0.000
19,ec.gp.GPIndividual@794843121{-1462882838},3C_20_80-02.txt,35.738,0.500,17.869,7,8.469,47.39,1.210,24.328,0.000
19,ec.gp.GPIndividual@794843121{-1462882838},3C_20_80-03.txt,169.439,0.500,84.719,4,61.172,72.21,15.293,33.297,0.000
19,ec.gp.GPIndividual@1380288315{-934965639},3C_20_50-02.txt,61.404,0.500,30.702,6,24.859,80.97,4.143,22.797,0.000
19,ec.gp.GPIndividual@1380288315{-934965639},3C_20_80-01.txt,4.194,0.500,2.097,4,1.375,65.56,0.344,22.797,0.000
19,ec.gp.GPIndividual@1380288315{-934965639},3C_20_80-02.txt,35.738,0.500,17.869,7,8.531,47.74,1.219,22.797,0.000
19,ec.gp.GPIndividual@1380288315{-934965639},3C_20_80-03.txt,169.439,0.500,84.719,2,11.516,13.59,5.758,22.797,0.000
19,ec.gp.GPIndividual@1380288315{-934965639},3C_20_50-03.txt,30.993,0.500,15.496,5,12.266,79.15,2.453,22.797,0.000
20,ec.gp.GPIndividual@921487877{-1803435230},3C_20_50-02.txt,61.404,0.500,30.702,0,0.000,0.00,0.000,0.000,0.000
20,ec.gp.GPIndividual@921487877{-1803435230},3C_20_50-02.txt,61.404,0.500,30.702,0,0.000,0.00,0.000,0.000,0.000
20,ec.gp.GPIndividual@921487877{-1803435230},3C_20_50-03.txt,30.993,0.500,15.496,0,0.000,0.00,0.000,0.000,0.000
20,ec.gp.GPIndividual@921487877{-1803435230},3C_20_50-03.txt,30.993,0.500,15.496,0,0.000,0.00,0.000,0.000,0.000
20,ec.gp.GPIndividual@921487877{-1803435230},3C_20_66-01.txt,7.322,0.500,3.661,0,0.000,0.00,0.000,0.000,0.000
20,ec.gp.GPIndividual@921487877{-1803435230},3C_20_66-02.txt,154.245,0.500,77.122,0,0.000,0.00,0.000,0.000,0.000
20,ec.gp.GPIndividual@921487877{-1803435230},3C_20_66-03.txt,118.340,0.500,59.170,0,0.000,0.00,0.000,0.000,0.000
20,ec.gp.GPIndividual@921487877{-1803435230},3C_20_80-01.txt,4.194,0.500,2.097,0,0.000,0.00,0.000,0.000,0.000
20,ec.gp.GPIndividual@921487877{-1803435230},3C_20_80-02.txt,35.738,0.500,17.869,0,0.000,0.00,0.000,0.000,0.000
20,ec.gp.GPIndividual@921487877{-1803435230},3C_20_80-03.txt,169.439,0.500,84.719,0,0.000,0.00,0.000,0.000,0.000
20,ec.gp.GPIndividual@1836697415{1109906904},3C_20_50-02.txt,61.404,0.500,30.702,0,0.000,0.00,0.000,0.000,0.000
20,ec.gp.GPIndividual@1836697415{1109906904},3C_20_50-03.txt,30.993,0.500,15.496,0,0.000,0.00,0.000,0.000,0.000
20,ec.gp.GPIndividual@1836697415{1109906904},3C_20_66-01.txt,7.322,0.500,3.661,0,0.000,0.00,0.000,0.000,0.000
20,ec.gp.GPIndividual@1836697415{1109906904},3C_20_66-02.txt,154.245,0.500,77.122,0,0.000,0.00,0.000,0.000,0.000
20,ec.gp.GPIndividual@1836697415{1109906904},3C_20_66-03.txt,118.340,0.500,59.170,0,0.000,0.00,0.000,0.000,0.000
20,ec.gp.GPIndividual@1836697415{1109906904},3C_20_80-01.txt,4.194,0.500,2.097,0,0.000,0.00,0.000,0.000,0.000
20,ec.gp.GPIndividual@1836697415{1109906904},3C_20_80-02.txt,35.738,0.500,17.869,0,0.000,0.00,0.000,0.000,0.000
20,ec.gp.GPIndividual@1836697415{1109906904},3C_20_80-03.txt,169.439,0.500,84.719,0,0.000,0.00,0.000,0.000,0.000
20,ec.gp.GPIndividual@1559624653{873804655},3C_20_50-02.txt,61.404,0.500,30.702,0,0.000,0.00,0.000,0.000,0.000
20,ec.gp.GPIndividual@1559624653{873804655},3C_20_50-03.txt,30.993,0.500,15.496,0,0.000,0.00,0.000,0.000,0.000
20,ec.gp.GPIndividual@1559624653{873804655},3C_20_66-01.txt,7.322,0.500,3.661,0,0.000,0.00,0.000,0.000,0.000
20,ec.gp.GPIndividual@1559624653{873804655},3C_20_66-02.txt,154.245,0.500,77.122,0,0.000,0.00,0.000,0.000,0.000
20,ec.gp.GPIndividual@1559624653{873804655},3C_20_66-03.txt,118.340,0.500,59.170,0,0.000,0.00,0.000,0.000,0.000
20,ec.gp.GPIndividual@1559624653{873804655},3C_20_80-01.txt,4.194,0.500,2.097,0,0.000,0.00,0.000,0.000,0.000
20,ec.gp.GPIndividual@1559624653{873804655},3C_20_80-02.txt,35.738,0.500,17.869,0,0.000,0.00,0.000,0.000,0.000
20,ec.gp.GPIndividual@1559624653{873804655},3C_20_80-03.txt,169.439,0.500,84.719,0,0.000,0.00,0.000,0.000,0.000
20,ec.gp.GPIndividual@1896345725{51010749},3C_20_50-02.txt,61.404,0.500,30.702,0,0.000,0.00,0.000,0.000,0.000
20,ec.gp.GPIndividual@1896345725{51010749},3C_20_50-03.txt,30.993,0.500,15.496,0,0.000,0.00,0.000,0.000,0.000
20,ec.gp.GPIndividual@1896345725{51010749},3C_20_66-01.txt,7.322,0.500,3.661,0,0.000,0.00,0.000,0.000,0.000
20,ec.gp.GPIndividual@1896345725{51010749},3C_20_66-02.txt,154.245,0.500,77.122,0,0.000,0.00,0.000,0.000,0.000
20,ec.gp.GPIndividual@1896345725{51010749},3C_20_66-03.txt,118.340,0.500,59.170,0,0.000,0.00,0.000,0.000,0.000
20,ec.gp.GPIndividual@1896345725{51010749},3C_20_80-01.txt,4.194,0.500,2.097,0,0.000,0.00,0.000,0.000,0.000
20,ec.gp.GPIndividual@1896345725{51010749},3C_20_80-02.txt,35.738,0.500,17.869,0,0.000,0.00,0.000,0.000,0.000
20,ec.gp.GPIndividual@1896345725{51010749},3C_20_80-03.txt,169.439,0.500,84.719,0,0.000,0.00,0.000,0.000,0.000
20,ec.gp.GPIndividual@283328562{1244142882},3C_20_50-02.txt,61.404,0.500,30.702,0,0.000,0.00,0.000,0.000,0.000
20,ec.gp.GPIndividual@283328562{1244142882},3C_20_50-03.txt,30.993,0.500,15.496,0,0.000,0.00,0.000,0.000,0.000
20,ec.gp.GPIndividual@283328562{1244142882},3C_20_66-01.txt,7.322,0.500,3.661,0,0.000,0.00,0.000,0.000,0.000
20,ec.gp.GPIndividual@283328562{1244142882},3C_20_66-02.txt,154.245,0.500,77.122,0,0.000,0.00,0.000,0.000,0.000
20,ec.gp.GPIndividual@283328562{1244142882},3C_20_66-03.txt,118.340,0.500,59.170,0,0.000,0.00,0.000,0.000,0.000
20,ec.gp.GPIndividual@283328562{1244142882},3C_20_80-01.txt,4.194,0.500,2.097,0,0.000,0.00,0.000,0.000,0.000
20,ec.gp.GPIndividual@283328562{1244142882},3C_20_80-02.txt,35.738,0.500,17.869,0,0.000,0.00,0.000,0.000,0.000
20,ec.gp.GPIndividual@283328562{1244142882},3C_20_80-03.txt,169.439,0.500,84.719,0,0.000,0.00,0.000,0.000,0.000
20,ec.gp.GPIndividual@1348592639{1080937578},3C_20_50-02.txt,61.404,0.500,30.702,10,31.750,103.41,3.175,5.109,0.297
20,ec.gp.GPIndividual@1348592639{1080937578},3C_20_80-01.txt,4.194,0.500,2.097,1,2.672,127.40,2.672,5.109,0.297
20,ec.gp.GPIndividual@1348592639{1080937578},3C_20_80-01.txt,4.194,0.500,2.097,2,0.844,40.23,0.422,5.109,0.000
20,ec.gp.GPIndividual@1348592639{1080937578},3C_20_50-03.txt,30.993,0.500,15.496,4,3.453,22.28,0.863,5.109,0.000
20,ec.gp.GPIndividual@1348592639{1080937578},3C_20_80-01.txt,4.194,0.500,2.097,1,2.766,131.87,2.766,5.109,0.000
20,ec.gp.GPIndividual@1348592639{1080937578},3C_20_80-01.txt,4.194,0.500,2.097,4,2.016,96.11,0.504,5.109,0.000
20,ec.gp.GPIndividual@1348592639{1080937578},3C_20_80-02.txt,35.738,0.500,17.869,2,0.563,3.15,0.281,5.109,0.000
20,ec.gp.GPIndividual@1348592639{1080937578},3C_20_80-02.txt,35.738,0.500,17.869,15,17.297,96.80,1.153,5.109,0.000
20,ec.gp.GPIndividual@1348592639{1080937578},3C_20_80-03.txt,169.439,0.500,84.719,2,1.063,1.25,0.531,5.109,0.000
20,ec.gp.GPIndividual@1348592639{1080937578},3C_20_80-03.txt,169.439,0.500,84.719,2,1.969,2.32,0.984,5.109,0.000
20,ec.gp.GPIndividual@1348592639{1080937578},3C_20_80-02.txt,35.738,0.500,17.869,2,2.844,15.91,1.422,5.109,0.000
20,ec.gp.GPIndividual@1348592639{1080937578},3C_20_80-02.txt,35.738,0.500,17.869,1,4.047,22.65,4.047,5.109,0.000
20,ec.gp.GPIndividual@1348592639{1080937578},3C_20_66-01.txt,7.322,0.500,3.661,3,3.766,102.86,1.255,5.109,0.000
20,ec.gp.GPIndividual@1348592639{1080937578},3C_20_80-03.txt,169.439,0.500,84.719,1,0.547,0.65,0.547,5.109,0.000
20,ec.gp.GPIndividual@1348592639{1080937578},3C_20_66-02.txt,154.245,0.500,77.122,1,0.891,1.15,0.891,5.109,0.000
20,ec.gp.GPIndividual@1348592639{1080937578},3C_20_80-03.txt,169.439,0.500,84.719,10,50.156,59.20,5.016,24.781,0.000
20,ec.gp.GPIndividual@534958373{268556972},3C_20_50-02.txt,61.404,0.500,30.702,3,24.141,78.63,8.047,23.844,0.000
20,ec.gp.GPIndividual@534958373{268556972},3C_20_66-03.txt,118.340,0.500,59.170,1,26.563,44.89,26.563,26.563,0.000
20,ec.gp.GPIndividual@471620631{1309275389},3C_20_50-02.txt,61.404,0.500,30.702,3,31.266,101.84,10.422,29.609,0.297
20,ec.gp.GPIndividual@525399545{134063652},3C_20_50-02.txt,61.404,0.500,30.702,4,35.313,115.02,8.828,31.391,0.297
20,ec.gp.GPIndividual@678815916{-1763070247},3C_20_50-02.txt,61.404,0.500,30.702,14,28.688,93.44,2.049,4.578,0.000
20,ec.gp.GPIndividual@678815916{-1763070247},3C_20_80-01.txt,4.194,0.500,2.097,1,2.141,102.07,2.141,4.578,0.000
20,ec.gp.GPIndividual@678815916{-1763070247},3C_20_50-03.txt,30.993,0.500,15.496,3,4.969,32.06,1.656,4.578,0.000
20,ec.gp.GPIndividual@678815916{-1763070247},3C_20_50-03.txt,30.993,0.500,15.496,2,6.750,43.56,3.375,6.750,0.000
20,ec.gp.GPIndividual@678815916{-1763070247},3C_20_50-03.txt,30.993,0.500,15.496,3,6.656,42.95,2.219,6.750,0.000
20,ec.gp.GPIndividual@678815916{-1763070247},3C_20_50-03.txt,30.993,0.500,15.496,6,15.594,100.63,2.599,6.750,0.000
20,ec.gp.GPIndividual@678815916{-1763070247},3C_20_66-01.txt,7.322,0.500,3.661,3,3.719,101.57,1.240,6.750,0.000
20,ec.gp.GPIndividual@678815916{-1763070247},3C_20_66-02.txt,154.245,0.500,77.122,1,1.313,1.70,1.313,6.750,0.000
20,ec.gp.GPIndividual@678815916{-1763070247},3C_20_66-01.txt,7.322,0.500,3.661,2,0.422,11.52,0.211,6.750,0.000
20,ec.gp.GPIndividual@678815916{-1763070247},3C_20_80-02.txt,35.738,0.500,17.869,2,3.656,20.46,1.828,6.750,0.000
20,ec.gp.GPIndividual@678815916{-1763070247},3C_20_66-01.txt,7.322,0.500,3.661,3,3.578,97.73,1.193,6.750,0.000
20,ec.gp.GPIndividual@678815916{-1763070247},3C_20_66-03.txt,118.340,0.500,59.170,3,6.141,10.38,2.047,6.750,0.000
20,ec.gp.GPIndividual@678815916{-1763070247},3C_20_66-01.txt,7.322,0.500,3.661,1,0.813,22.19,0.813,6.750,0.000
20,ec.gp.GPIndividual@678815916{-1763070247},3C_20_80-03.txt,169.439,0.500,84.719,13,48.047,56.71,3.696,26.328,0.000
20,ec.gp.GPIndividual@1031501671{-1086000013},3C_20_50-02.txt,61.404,0.500,30.702,0,0.000,0.00,0.000,0.000,0.000
20,ec.gp.GPIndividual@1031501671{-1086000013},3C_20_50-03.txt,30.993,0.500,15.496,0,0.000,0.00,0.000,0.000,0.000
20,ec.gp.GPIndividual@1031501671{-1086000013},3C_20_66-01.txt,7.322,0.500,3.661,0,0.000,0.00,0.000,0.000,0.000
20,ec.gp.GPIndividual@1031501671{-1086000013},3C_20_66-02.txt,154.245,0.500,77.122,0,0.000,0.00,0.000,0.000,0.000
20,ec.gp.GPIndividual@1031501671{-1086000013},3C_20_66-03.txt,118.340,0.500,59.170,0,0.000,0.00,0.000,0.000,0.000
20,ec.gp.GPIndividual@1031501671{-1086000013},3C_20_80-01.txt,4.194,0.500,2.097,0,0.000,0.00,0.000,0.000,0.000
20,ec.gp.GPIndividual@1031501671{-1086000013},3C_20_80-02.txt,35.738,0.500,17.869,0,0.000,0.00,0.000,0.000,0.000
20,ec.gp.GPIndividual@1031501671{-1086000013},3C_20_80-03.txt,169.439,0.500,84.719,0,0.000,0.00,0.000,0.000,0.000
20,ec.gp.GPIndividual@1140409260{-1470107240},3C_20_50-02.txt,61.404,0.500,30.702,3,52.672,171.56,17.557,27.953,0.422
20,ec.gp.GPIndividual@1140409260{-1470107240},3C_20_66-02.txt,154.245,0.500,77.122,3,3.922,5.09,1.307,27.953,0.000
20,ec.gp.GPIndividual@1140409260{-1470107240},3C_20_80-01.txt,4.194,0.500,2.097,1,30.844,1470.68,30.844,30.844,0.000
20,ec.gp.GPIndividual@1140409260{-1470107240},3C_20_66-02.txt,154.245,0.500,77.122,2,32.328,41.92,16.164,32.328,0.000
20,ec.gp.GPIndividual@1140409260{-1470107240},3C_20_66-02.txt,154.245,0.500,77.122,26,53.438,69.29,2.055,32.328,0.000
20,ec.gp.GPIndividual@1140409260{-1470107240},3C_20_66-03.txt,118.340,0.500,59.170,2,18.781,31.74,9.391,32.328,0.000
20,ec.gp.GPIndividual@1140409260{-1470107240},3C_20_66-03.txt,118.340,0.500,59.170,2,21.969,37.13,10.984,32.328,0.000
20,ec.gp.GPIndividual@1140409260{-1470107240},3C_20_66-03.txt,118.340,0.500,59.170,2,16.781,28.36,8.391,32.328,0.000
20,ec.gp.GPIndividual@1140409260{-1470107240},3C_20_80-02.txt,35.738,0.500,17.869,1,24.766,138.59,24.766,32.328,0.000
20,ec.gp.GPIndividual@1140409260{-1470107240},3C_20_50-03.txt,30.993,0.500,15.496,6,17.172,110.81,2.862,32.328,0.000
20,ec.gp.GPIndividual@1140409260{-1470107240},3C_20_66-01.txt,7.322,0.500,3.661,1,1.313,35.85,1.313,32.328,0.000
20,ec.gp.GPIndividual@1140409260{-1470107240},3C_20_80-01.txt,4.194,0.500,2.097,1,4.891,233.19,4.891,32.328,0.000
20,ec.gp.GPIndividual@1140409260{-1470107240},3C_20_80-01.txt,4.194,0.500,2.097,2,0.813,38.74,0.406,32.328,0.000
20,ec.gp.GPIndividual@1140409260{-1470107240},3C_20_80-03.txt,169.439,0.500,84.719,23,87.859,103.71,3.820,32.328,0.000
20,ec.gp.GPIndividual@2019546821{1945533026},3C_20_50-02.txt,61.404,0.500,30.702,2,20.734,67.53,10.367,20.734,0.000
20,ec.gp.GPIndividual@2019546821{1945533026},3C_20_80-02.txt,35.738,0.500,17.869,2,21.719,121.54,10.859,21.438,0.000
20,ec.gp.GPIndividual@2019546821{1945533026},3C_20_80-02.txt,35.738,0.500,17.869,1,31.656,177.16,31.656,31.656,0.000
20,ec.gp.GPIndividual@2019546821{1945533026},3C_20_80-01.txt,4.194,0.500,2.097,2,2.500,119.20,1.250,31.656,0.000
20,ec.gp.GPIndividual@2019546821{1945533026},3C_20_80-03.txt,169.439,0.500,84.719,3,3.797,4.48,1.266,31.656,0.000
20,ec.gp.GPIndividual@2019546821{1945533026},3C_20_80-02.txt,35.738,0.500,17.869,11,18.250,102.13,1.659,31.656,0.000
20,ec.gp.GPIndividual@2019546821{1945533026},3C_20_80-03.txt,169.439,0.500,84.719,2,0.422,0.50,0.211,31.656,0.000
20,ec.gp.GPIndividual@2019546821{1945533026},3C_20_80-03.txt,169.439,0.500,84.719,1,0.875,1.03,0.875,31.656,0.000
20,ec.gp.GPIndividual@1400114708{-495326378},3C_20_50-02.txt,61.404,0.500,30.702,3,3.203,10.43,1.068,2.797,0.000
20,ec.gp.GPIndividual@1400114708{-495326378},3C_20_50-03.txt,30.993,0.500,15.496,2,9.609,62.01,4.805,9.609,0.000
20,ec.gp.GPIndividual@1400114708{-495326378},3C_20_66-02.txt,154.245,0.500,77.122,15,60.578,78.55,4.039,21.797,0.000
20,ec.gp.GPIndividual@1400114708{-495326378},3C_20_50-03.txt,30.993,0.500,15.496,1,20.859,134.61,20.859,21.797,0.000
20,ec.gp.GPIndividual@1400114708{-495326378},3C_20_66-03.txt,118.340,0.500,59.170,1,24.969,42.20,24.969,24.969,0.000
20,ec.gp.GPIndividual@138522227{1386538456},3C_20_50-02.txt,61.404,0.500,30.702,3,28.594,93.13,9.531,26.922,0.281
20,ec.gp.GPIndividual@870653756{1945533026},3C_20_50-02.txt,61.404,0.500,30.702,8,30.750,100.16,3.844,14.000,0.406
20,ec.gp.GPIndividual@870653756{1945533026},3C_20_50-03.txt,30.993,0.500,15.496,1,1.813,11.70,1.813,14.000,0.406
20,ec.gp.GPIndividual@870653756{1945533026},3C_20_80-01.txt,4.194,0.500,2.097,2,1.000,47.68,0.500,14.000,0.000
20,ec.gp.GPIndividual@870653756{1945533026},3C_20_50-03.txt,30.993,0.500,15.496,5,12.109,78.14,2.422,14.000,0.000
20,ec.gp.GPIndividual@870653756{1945533026},3C_20_66-01.txt,7.322,0.500,3.661,3,5.469,149.37,1.823,14.000,0.000
20,ec.gp.GPIndividual@870653756{1945533026},3C_20_66-01.txt,7.322,0.500,3.661,2,0.719,19.63,0.359,14.000,0.000
20,ec.gp.GPIndividual@870653756{1945533026},3C_20_80-02.txt,35.738,0.500,17.869,5,9.094,50.89,1.819,14.000,0.000
20,ec.gp.GPIndividual@870653756{1945533026},3C_20_66-01.txt,7.322,0.500,3.661,3,3.813,104.14,1.271,14.000,0.000
20,ec.gp.GPIndividual@870653756{1945533026},3C_20_66-02.txt,154.245,0.500,77.122,2,1.141,1.48,0.570,14.000,0.000
20,ec.gp.GPIndividual@870653756{1945533026},3C_20_80-03.txt,169.439,0.500,84.719,7,12.797,15.10,1.828,14.000,0.000
20,ec.gp.GPIndividual@870653756{1945533026},3C_20_66-01.txt,7.322,0.500,3.661,2,5.688,155.35,2.844,14.000,0.000
20,ec.gp.GPIndividual@372274470{-1255748159},3C_20_50-02.txt,61.404,0.500,30.702,4,2.141,6.97,0.535,1.000,0.000
20,ec.gp.GPIndividual@372274470{-1255748159},3C_20_66-03.txt,118.340,0.500,59.170,10,34.781,58.78,3.478,18.156,0.000
20,ec.gp.GPIndividual@372274470{-1255748159},3C_20_50-03.txt,30.993,0.500,15.496,1,17.156,110.71,17.156,18.156,0.000
20,ec.gp.GPIndividual@372274470{-1255748159},3C_20_80-01.txt,4.194,0.500,2.097,1,21.906,1044.53,21.906,21.906,0.000
20,ec.gp.GPIndividual@372274470{-1255748159},3C_20_66-02.txt,154.245,0.500,77.122,9,43.984,57.03,4.887,33.641,0.000
20,ec.gp.GPIndividual@372274470{-1255748159},3C_20_66-02.txt,154.245,0.500,77.122,2,31.047,40.26,15.523,33.641,0.000
20,ec.gp.GPIndividual@372274470{-1255748159},3C_20_66-02.txt,154.245,0.500,77.122,20,55.594,72.09,2.780,33.641,0.000
20,ec.gp.GPIndividual@372274470{-1255748159},3C_20_80-02.txt,35.738,0.500,17.869,1,19.766,110.61,19.766,33.641,0.000
20,ec.gp.GPIndividual@372274470{-1255748159},3C_20_66-03.txt,118.340,0.500,59.170,2,20.734,35.04,10.367,33.641,0.000
20,ec.gp.GPIndividual@372274470{-1255748159},3C_20_66-03.txt,118.340,0.500,59.170,2,16.719,28.26,8.359,33.641,0.000
20,ec.gp.GPIndividual@372274470{-1255748159},3C_20_66-01.txt,7.322,0.500,3.661,3,3.031,82.80,1.010,33.641,0.000
20,ec.gp.GPIndividual@372274470{-1255748159},3C_20_66-02.txt,154.245,0.500,77.122,1,0.891,1.15,0.891,33.641,0.000
20,ec.gp.GPIndividual@372274470{-1255748159},3C_20_80-03.txt,169.439,0.500,84.719,2,28.000,33.05,14.000,33.641,0.000
20,ec.gp.GPIndividual@372274470{-1255748159},3C_20_66-03.txt,118.340,0.500,59.170,14,45.453,76.82,3.247,33.641,0.000
20,ec.gp.GPIndividual@372274470{-1255748159},3C_20_66-03.txt,118.340,0.500,59.170,2,10.109,17.09,5.055,33.641,0.000
20,ec.gp.GPIndividual@372274470{-1255748159},3C_20_80-01.txt,4.194,0.500,2.097,1,13.609,648.92,13.609,33.641,0.000
20,ec.gp.GPIndividual@372274470{-1255748159},3C_20_80-01.txt,4.194,0.500,2.097,3,17.016,811.33,5.672,33.641,0.000
20,ec.gp.GPIndividual@372274470{-1255748159},3C_20_80-01.txt,4.194,0.500,2.097,1,0.578,27.57,0.578,33.641,0.000
20,ec.gp.GPIndividual@372274470{-1255748159},3C_20_80-02.txt,35.738,0.500,17.869,1,0.375,2.10,0.375,33.641,0.000
20,ec.gp.GPIndividual@372274470{-1255748159},3C_20_80-02.txt,35.738,0.500,17.869,1,16.344,91.46,16.344,33.641,0.000
20,ec.gp.GPIndividual@866685010{-1094763082},3C_20_50-02.txt,61.404,0.500,30.702,20,30.906,100.66,1.545,4.625,0.297
20,ec.gp.GPIndividual@866685010{-1094763082},3C_20_80-02.txt,35.738,0.500,17.869,2,0.422,2.36,0.211,4.625,0.000
20,ec.gp.GPIndividual@866685010{-1094763082},3C_20_50-03.txt,30.993,0.500,15.496,3,2.750,17.75,0.917,4.625,0.000
20,ec.gp.GPIndividual@866685010{-1094763082},3C_20_80-03.txt,169.439,0.500,84.719,3,5.078,5.99,1.693,4.625,0.000
20,ec.gp.GPIndividual@866685010{-1094763082},3C_20_80-01.txt,4.194,0.500,2.097,3,2.141,102.07,0.714,4.625,0.000
20,ec.gp.GPIndividual@866685010{-1094763082},3C_20_80-02.txt,35.738,0.500,17.869,2,0.438,2.45,0.219,4.625,0.000
20,ec.gp.GPIndividual@866685010{-1094763082},3C_20_80-03.txt,169.439,0.500,84.719,6,16.594,19.59,2.766,5.672,0.000
20,ec.gp.GPIndividual@866685010{-1094763082},3C_20_80-03.txt,169.439,0.500,84.719,8,56.781,67.02,7.098,30.016,0.000
20,ec.gp.GPIndividual@922446673{-68200120},3C_20_50-02.txt,61.404,0.500,30.702,1,0.297,0.97,0.297,0.297,0.297
20,ec.gp.GPIndividual@922446673{-68200120},3C_20_50-03.txt,30.993,0.500,15.496,1,26.188,168.99,26.188,26.188,0.297
20,ec.gp.GPIndividual@404797424{1386538456},3C_20_50-02.txt,61.404,0.500,30.702,3,49.484,161.18,16.495,28.156,0.281
20,ec.gp.GPIndividual@404797424{1386538456},3C_20_80-03.txt,169.439,0.500,84.719,2,33.000,38.95,16.500,31.500,0.281
20,ec.gp.GPIndividual@1933006091{-1357635932},3C_20_50-02.txt,61.404,0.500,30.702,0,0.000,0.00,0.000,0.000,0.000
20,ec.gp.GPIndividual@1933006091{-1357635932},3C_20_50-03.txt,30.993,0.500,15.496,0,0.000,0.00,0.000,0.000,0.000
20,ec.gp.GPIndividual@1933006091{-1357635932},3C_20_66-01.txt,7.322,0.500,3.661,0,0.000,0.00,0.000,0.000,0.000
20,ec.gp.GPIndividual@1933006091{-1357635932},3C_20_66-02.txt,154.245,0.500,77.122,0,0.000,0.00,0.000,0.000,0.000
20,ec.gp.GPIndividual@1933006091{-1357635932},3C_20_66-03.txt,118.340,0.500,59.170,0,0.000,0.00,0.000,0.000,0.000
20,ec.gp.GPIndividual@1933006091{-1357635932},3C_20_80-01.txt,4.194,0.500,2.097,0,0.000,0.00,0.000,0.000,0.000
20,ec.gp.GPIndividual@1933006091{-1357635932},3C_20_80-02.txt,35.738,0.500,17.869,0,0.000,0.00,0.000,0.000,0.000
20,ec.gp.GPIndividual@1933006091{-1357635932},3C_20_80-03.txt,169.439,0.500,84.719,0,0.000,0.00,0.000,0.000,0.000
20,ec.gp.GPIndividual@1189572824{803565522},3C_20_50-02.txt,61.404,0.500,30.702,1,3.594,11.71,3.594,3.594,3.594
20,ec.gp.GPIndividual@1189572824{803565522},3C_20_66-01.txt,7.322,0.500,3.661,2,1.281,35.00,0.641,3.594,0.406
20,ec.gp.GPIndividual@1189572824{803565522},3C_20_66-02.txt,154.245,0.500,77.122,2,3.250,4.21,1.625,3.594,0.406
20,ec.gp.GPIndividual@1189572824{803565522},3C_20_50-03.txt,30.993,0.500,15.496,2,3.984,25.71,1.992,3.984,0.000
20,ec.gp.GPIndividual@1189572824{803565522},3C_20_66-01.txt,7.322,0.500,3.661,2,5.328,145.53,2.664,4.594,0.000
20,ec.gp.GPIndividual@1225851396{-1255748159},3C_20_50-02.txt,61.404,0.500,30.702,0,0.000,0.00,0.000,0.000,0.000
20,ec.gp.GPIndividual@1225851396{-1255748159},3C_20_50-03.txt,30.993,0.500,15.496,0,0.000,0.00,0.000,0.000,0.000
20,ec.gp.GPIndividual@1225851396{-1255748159},3C_20_66-01.txt,7.322,0.500,3.661,0,0.000,0.00,0.000,0.000,0.000
20,ec.gp.GPIndividual@1225851396{-1255748159},3C_20_66-02.txt,154.245,0.500,77.122,0,0.000,0.00,0.000,0.000,0.000
20,ec.gp.GPIndividual@1225851396{-1255748159},3C_20_66-03.txt,118.340,0.500,59.170,0,0.000,0.00,0.000,0.000,0.000
20,ec.gp.GPIndividual@1225851396{-1255748159},3C_20_80-01.txt,4.194,0.500,2.097,0,0.000,0.00,0.000,0.000,0.000
20,ec.gp.GPIndividual@1225851396{-1255748159},3C_20_80-02.txt,35.738,0.500,17.869,0,0.000,0.00,0.000,0.000,0.000
20,ec.gp.GPIndividual@1225851396{-1255748159},3C_20_80-03.txt,169.439,0.500,84.719,0,0.000,0.00,0.000,0.000,0.000
20,ec.gp.GPIndividual@800560142{1750192971},3C_20_50-02.txt,61.404,0.500,30.702,1,2.063,6.72,2.063,2.063,2.063
20,ec.gp.GPIndividual@800560142{1750192971},3C_20_66-03.txt,118.340,0.500,59.170,9,17.734,29.97,1.970,4.938,0.250
20,ec.gp.GPIndividual@800560142{1750192971},3C_20_80-01.txt,4.194,0.500,2.097,1,0.906,43.21,0.906,4.938,0.250
20,ec.gp.GPIndividual@800560142{1750192971},3C_20_80-02.txt,35.738,0.500,17.869,2,3.844,21.51,1.922,4.938,0.250
20,ec.gp.GPIndividual@800560142{1750192971},3C_20_80-03.txt,169.439,0.500,84.719,3,11.953,14.11,3.984,6.328,0.000
20,ec.gp.GPIndividual@800560142{1750192971},3C_20_50-03.txt,30.993,0.500,15.496,1,5.234,33.78,5.234,6.328,0.000
20,ec.gp.GPIndividual@1712796521{-471789934},3C_20_50-02.txt,61.404,0.500,30.702,7,34.766,113.24,4.967,17.906,0.422
20,ec.gp.GPIndividual@1712796521{-471789934},3C_20_66-02.txt,154.245,0.500,77.122,4,30.547,39.61,7.637,22.766,0.000
20,ec.gp.GPIndividual@1712796521{-471789934},3C_20_50-03.txt,30.993,0.500,15.496,2,8.859,57.17,4.430,22.766,0.000
20,ec.gp.GPIndividual@1712796521{-471789934},3C_20_66-01.txt,7.322,0.500,3.661,3,7.500,204.86,2.500,22.766,0.000
20,ec.gp.GPIndividual@1712796521{-471789934},3C_20_50-03.txt,30.993,0.500,15.496,1,0.734,4.74,0.734,22.766,0.000
20,ec.gp.GPIndividual@1712796521{-471789934},3C_20_66-02.txt,154.245,0.500,77.122,2,1.031,1.34,0.516,22.766,0.000
20,ec.gp.GPIndividual@1712796521{-471789934},3C_20_66-03.txt,118.340,0.500,59.170,15,62.141,105.02,4.143,22.766,0.000
20,ec.gp.GPIndividual@1712796521{-471789934},3C_20_80-01.txt,4.194,0.500,2.097,2,2.875,137.08,1.438,22.766,0.000
20,ec.gp.GPIndividual@1712796521{-471789934},3C_20_66-01.txt,7.322,0.500,3.661,1,0.594,16.22,0.594,22.766,0.000
20,ec.gp.GPIndividual@1712796521{-471789934},3C_20_80-02.txt,35.738,0.500,17.869,5,8.500,47.57,1.700,22.766,0.000
20,ec.gp.GPIndividual@1712796521{-471789934},3C_20_66-01.txt,7.322,0.500,3.661,2,14.578,398.19,7.289,22.766,0.000
20,ec.gp.GPIndividual@1712796521{-471789934},3C_20_66-03.txt,118.340,0.500,59.170,2,16.969,28.68,8.484,22.766,0.000
20,ec.gp.GPIndividual@1712796521{-471789934},3C_20_66-01.txt,7.322,0.500,3.661,6,3.547,96.88,0.591,22.766,0.000
20,ec.gp.GPIndividual@1712796521{-471789934},3C_20_80-03.txt,169.439,0.500,84.719,2,1.766,2.08,0.883,22.766,0.000
20,ec.gp.GPIndividual@1712796521{-471789934},3C_20_66-02.txt,154.245,0.500,77.122,1,0.547,0.71,0.547,22.766,0.000
20,ec.gp.GPIndividual@1712796521{-471789934},3C_20_66-02.txt,154.245,0.500,77.122,15,46.688,60.54,3.113,22.766,0.000
20,ec.gp.GPIndividual@1712796521{-471789934},3C_20_66-03.txt,118.340,0.500,59.170,2,20.781,35.12,10.391,22.766,0.000
20,ec.gp.GPIndividual@1712796521{-471789934},3C_20_66-03.txt,118.340,0.500,59.170,2,21.344,36.07,10.672,22.766,0.000
20,ec.gp.GPIndividual@1712796521{-471789934},3C_20_80-01.txt,4.194,0.500,2.097,1,24.000,1144.36,24.000,24.000,0.000
20,ec.gp.GPIndividual@1095811104{-1716946271},3C_20_50-02.txt,61.404,0.500,30.702,16,25.938,84.48,1.621,7.359,0.203
20,ec.gp.GPIndividual@1166414780{-1678663143},3C_20_50-02.txt,61.404,0.500,30.702,2,6.688,21.78,3.344,6.688,0.000
20,ec.gp.GPIndividual@1166414780{-1678663143},3C_20_80-03.txt,169.439,0.500,84.719,3,6.406,7.56,2.135,6.688,0.000
20,ec.gp.GPIndividual@1166414780{-1678663143},3C_20_50-03.txt,30.993,0.500,15.496,2,4.922,31.76,2.461,6.688,0.000
20,ec.gp.GPIndividual@1166414780{-1678663143},3C_20_80-02.txt,35.738,0.500,17.869,12,16.984,95.05,1.415,6.688,0.000
20,ec.gp.GPIndividual@1166414780{-1678663143},3C_20_50-03.txt,30.993,0.500,15.496,1,3.016,19.46,3.016,6.688,0.000
20,ec.gp.GPIndividual@990123007{316196153},3C_20_50-02.txt,61.404,0.500,30.702,3,33.875,110.33,11.292,33.297,0.094
20,ec.gp.GPIndividual@1038816164{1512100408},3C_20_50-02.txt,61.404,0.500,30.702,8,19.188,62.50,2.398,10.047,0.000
20,ec.gp.GPIndividual@1038816164{1512100408},3C_20_50-03.txt,30.993,0.500,15.496,6,9.750,62.92,1.625,10.047,0.000
20,ec.gp.GPIndividual@1038816164{1512100408},3C_20_66-01.txt,7.322,0.500,3.661,6,1.875,51.21,0.313,10.047,0.000
20,ec.gp.GPIndividual@1038816164{1512100408},3C_20_66-02.txt,154.245,0.500,77.122,10,47.969,62.20,4.797,19.484,0.000
20,ec.gp.GPIndividual@1038816164{1512100408},3C_20_66-03.txt,118.340,0.500,59.170,6,32.063,54.19,5.344,19.484,0.000
20,ec.gp.GPIndividual@1038816164{1512100408},3C_20_80-01.txt,4.194,0.500,2.097,8,1.859,88.66,0.232,19.484,0.000
20,ec.gp.GPIndividual@1038816164{1512100408},3C_20_80-02.txt,35.738,0.500,17.869,7,7.781,43.55,1.112,19.484,0.000
20,ec.gp.GPIndividual@1038816164{1512100408},3C_20_80-03.txt,169.439,0.500,84.719,2,34.359,40.56,17.180,33.578,0.000
20,ec.gp.GPIndividual@543796446{-444464684},3C_20_50-02.txt,61.404,0.500,30.702,8,19.063,62.09,2.383,9.953,0.000
20,ec.gp.GPIndividual@543796446{-444464684},3C_20_50-03.txt,30.993,0.500,15.496,6,9.750,62.92,1.625,9.953,0.000
20,ec.gp.GPIndividual@543796446{-444464684},3C_20_66-01.txt,7.322,0.500,3.661,6,1.859,50.79,0.310,9.953,0.000
20,ec.gp.GPIndividual@543796446{-444464684},3C_20_66-02.txt,154.245,0.500,77.122,10,47.844,62.04,4.784,19.563,0.000
20,ec.gp.GPIndividual@543796446{-444464684},3C_20_66-03.txt,118.340,0.500,59.170,6,31.969,54.03,5.328,19.563,0.000
20,ec.gp.GPIndividual@543796446{-444464684},3C_20_80-01.txt,4.194,0.500,2.097,8,1.844,87.91,0.230,19.563,0.000
20,ec.gp.GPIndividual@543796446{-444464684},3C_20_80-02.txt,35.738,0.500,17.869,7,7.781,43.55,1.112,19.563,0.000
20,ec.gp.GPIndividual@543796446{-444464684},3C_20_80-03.txt,169.439,0.500,84.719,2,34.344,40.54,17.172,33.594,0.000
21,ec.gp.GPIndividual@849834672{-372720987},3C_20_50-02.txt,61.404,0.500,30.702,0,0.000,0.00,0.000,0.000,0.000
21,ec.gp.GPIndividual@849834672{-372720987},3C_20_50-03.txt,30.993,0.500,15.496,0,0.000,0.00,0.000,0.000,0.000
21,ec.gp.GPIndividual@849834672{-372720987},3C_20_66-01.txt,7.322,0.500,3.661,0,0.000,0.00,0.000,0.000,0.000
21,ec.gp.GPIndividual@849834672{-372720987},3C_20_66-02.txt,154.245,0.500,77.122,0,0.000,0.00,0.000,0.000,0.000
21,ec.gp.GPIndividual@849834672{-372720987},3C_20_66-03.txt,118.340,0.500,59.170,0,0.000,0.00,0.000,0.000,0.000
21,ec.gp.GPIndividual@849834672{-372720987},3C_20_80-01.txt,4.194,0.500,2.097,0,0.000,0.00,0.000,0.000,0.000
21,ec.gp.GPIndividual@849834672{-372720987},3C_20_80-02.txt,35.738,0.500,17.869,0,0.000,0.00,0.000,0.000,0.000
21,ec.gp.GPIndividual@849834672{-372720987},3C_20_80-03.txt,169.439,0.500,84.719,0,0.000,0.00,0.000,0.000,0.000
21,ec.gp.GPIndividual@861314767{-2102292264},3C_20_50-02.txt,61.404,0.500,30.702,0,0.000,0.00,0.000,0.000,0.000
21,ec.gp.GPIndividual@861314767{-2102292264},3C_20_50-03.txt,30.993,0.500,15.496,0,0.000,0.00,0.000,0.000,0.000
21,ec.gp.GPIndividual@861314767{-2102292264},3C_20_66-01.txt,7.322,0.500,3.661,0,0.000,0.00,0.000,0.000,0.000
21,ec.gp.GPIndividual@861314767{-2102292264},3C_20_66-02.txt,154.245,0.500,77.122,0,0.000,0.00,0.000,0.000,0.000
21,ec.gp.GPIndividual@861314767{-2102292264},3C_20_66-03.txt,118.340,0.500,59.170,0,0.000,0.00,0.000,0.000,0.000
21,ec.gp.GPIndividual@861314767{-2102292264},3C_20_80-01.txt,4.194,0.500,2.097,0,0.000,0.00,0.000,0.000,0.000
21,ec.gp.GPIndividual@861314767{-2102292264},3C_20_80-02.txt,35.738,0.500,17.869,0,0.000,0.00,0.000,0.000,0.000
21,ec.gp.GPIndividual@861314767{-2102292264},3C_20_80-03.txt,169.439,0.500,84.719,0,0.000,0.00,0.000,0.000,0.000
21,ec.gp.GPIndividual@1914092419{1928914759},3C_20_50-02.txt,61.404,0.500,30.702,20,30.063,97.92,1.503,2.656,0.000
21,ec.gp.GPIndividual@1914092419{1928914759},3C_20_50-03.txt,30.993,0.500,15.496,2,1.609,10.39,0.805,2.656,0.000
21,ec.gp.GPIndividual@1914092419{1928914759},3C_20_50-03.txt,30.993,0.500,15.496,2,2.703,17.44,1.352,2.703,0.000
21,ec.gp.GPIndividual@1914092419{1928914759},3C_20_50-03.txt,30.993,0.500,15.496,5,15.688,101.23,3.138,4.172,0.000
21,ec.gp.GPIndividual@1914092419{1928914759},3C_20_50-03.txt,30.993,0.500,15.496,1,1.109,7.16,1.109,4.172,0.000
21,ec.gp.GPIndividual@1914092419{1928914759},3C_20_66-01.txt,7.322,0.500,3.661,1,4.547,124.19,4.547,4.547,0.000
21,ec.gp.GPIndividual@1914092419{1928914759},3C_20_66-01.txt,7.322,0.500,3.661,1,4.016,109.68,4.016,4.547,0.000
21,ec.gp.GPIndividual@1914092419{1928914759},3C_20_50-03.txt,30.993,0.500,15.496,5,11.641,75.12,2.328,5.203,0.000
21,ec.gp.GPIndividual@1914092419{1928914759},3C_20_50-03.txt,30.993,0.500,15.496,6,13.875,89.54,2.313,5.203,0.000
21,ec.gp.GPIndividual@1914092419{1928914759},3C_20_66-01.txt,7.322,0.500,3.661,1,4.078,111.39,4.078,5.203,0.000
21,ec.gp.GPIndividual@1914092419{1928914759},3C_20_66-01.txt,7.322,0.500,3.661,4,4.000,109.26,1.000,5.203,0.000
21,ec.gp.GPIndividual@1914092419{1928914759},3C_20_66-02.txt,154.245,0.500,77.122,2,1.156,1.50,0.578,5.203,0.000
21,ec.gp.GPIndividual@1914092419{1928914759},3C_20_66-02.txt,154.245,0.500,77.122,3,5.188,6.73,1.729,5.203,0.000
21,ec.gp.GPIndividual@1914092419{1928914759},3C_20_66-02.txt,154.245,0.500,77.122,1,2.875,3.73,2.875,5.203,0.000
21,ec.gp.GPIndividual@1914092419{1928914759},3C_20_66-01.txt,7.322,0.500,3.661,3,3.156,86.21,1.052,5.203,0.000
21,ec.gp.GPIndividual@1914092419{1928914759},3C_20_66-02.txt,154.245,0.500,77.122,3,3.266,4.23,1.089,5.203,0.000
21,ec.gp.GPIndividual@1914092419{1928914759},3C_20_66-02.txt,154.245,0.500,77.122,28,68.281,88.54,2.439,12.719,0.000
21,ec.gp.GPIndividual@1914092419{1928914759},3C_20_66-03.txt,118.340,0.500,59.170,2,13.234,22.37,6.617,13.234,0.000
21,ec.gp.GPIndividual@1914092419{1928914759},3C_20_66-03.txt,118.340,0.500,59.170,2,15.188,25.67,7.594,15.188,0.000
21,ec.gp.GPIndividual@1914092419{1928914759},3C_20_66-03.txt,118.340,0.500,59.170,2,15.984,27.01,7.992,15.984,0.000
21,ec.gp.GPIndividual@1914092419{1928914759},3C_20_66-03.txt,118.340,0.500,59.170,2,16.516,27.91,8.258,16.516,0.000
21,ec.gp.GPIndividual@1914092419{1928914759},3C_20_66-03.txt,118.340,0.500,59.170,2,8.766,14.81,4.383,16.516,0.000
21,ec.gp.GPIndividual@1914092419{1928914759},3C_20_66-01.txt,7.322,0.500,3.661,2,2.203,60.18,1.102,16.516,0.000
21,ec.gp.GPIndividual@1914092419{1928914759},3C_20_66-02.txt,154.245,0.500,77.122,17,65.891,85.44,3.876,16.516,0.000
21,ec.gp.GPIndividual@1914092419{1928914759},3C_20_80-01.txt,4.194,0.500,2.097,1,8.594,409.76,8.594,16.516,0.000
21,ec.gp.GPIndividual@1914092419{1928914759},3C_20_66-03.txt,118.340,0.500,59.170,2,11.313,19.12,5.656,16.516,0.000
21,ec.gp.GPIndividual@1914092419{1928914759},3C_20_80-01.txt,4.194,0.500,2.097,2,1.391,66.31,0.695,16.516,0.000
21,ec.gp.GPIndividual@1914092419{1928914759},3C_20_80-02.txt,35.738,0.500,17.869,3,13.563,75.90,4.521,16.516,0.000
21,ec.gp.GPIndividual@1914092419{1928914759},3C_20_80-01.txt,4.194,0.500,2.097,3,2.141,102.07,0.714,16.516,0.000
21,ec.gp.GPIndividual@1914092419{1928914759},3C_20_80-02.txt,35.738,0.500,17.869,2,14.125,79.05,7.063,16.516,0.000
21,ec.gp.GPIndividual@1914092419{1928914759},3C_20_80-01.txt,4.194,0.500,2.097,2,0.516,24.59,0.258,16.516,0.000
21,ec.gp.GPIndividual@1914092419{1928914759},3C_20_80-02.txt,35.738,0.500,17.869,3,17.547,98.20,5.849,16.516,0.000
21,ec.gp.GPIndividual@1914092419{1928914759},3C_20_80-01.txt,4.194,0.500,2.097,2,1.531,73.01,0.766,16.516,0.000
21,ec.gp.GPIndividual@1914092419{1928914759},3C_20_80-02.txt,35.738,0.500,17.869,11,17.750,99.33,1.614,16.516,0.000
21,ec.gp.GPIndividual@1914092419{1928914759},3C_20_80-03.txt,169.439,0.500,84.719,3,3.031,3.58,1.010,16.516,0.000
21,ec.gp.GPIndividual@1914092419{1928914759},3C_20_80-03.txt,169.439,0.500,84.719,3,2.828,3.34,0.943,16.516,0.000
21,ec.gp.GPIndividual@1914092419{1928914759},3C_20_80-03.txt,169.439,0.500,84.719,1,2.016,2.38,2.016,16.516,0.000
21,ec.gp.GPIndividual@1914092419{1928914759},3C_20_80-01.txt,4.194,0.500,2.097,3,1.563,74.50,0.521,16.516,0.000
21,ec.gp.GPIndividual@1914092419{1928914759},3C_20_80-03.txt,169.439,0.500,84.719,17,64.375,75.99,3.787,16.984,0.000
21,ec.gp.GPIndividual@1914092419{1928914759},3C_20_80-02.txt,35.738,0.500,17.869,1,21.000,117.52,21.000,21.000,0.000
21,ec.gp.GPIndividual@1088114856{-1288774051},3C_20_50-02.txt,61.404,0.500,30.702,3,15.563,50.69,5.188,15.063,0.000
21,ec.gp.GPIndividual@1088114856{-1288774051},3C_20_80-02.txt,35.738,0.500,17.869,1,22.938,128.36,22.938,22.938,0.000
21,ec.gp.GPIndividual@1154879536{-1311285052},3C_20_50-02.txt,61.404,0.500,30.702,6,33.000,107.48,5.500,25.406,0.516
21,ec.gp.GPIndividual@1953649482{1113503327},3C_20_50-02.txt,61.404,0.500,30.702,0,0.000,0.00,0.000,0.000,0.000
21,ec.gp.GPIndividual@1953649482{1113503327},3C_20_50-03.txt,30.993,0.500,15.496,0,0.000,0.00,0.000,0.000,0.000
21,ec.gp.GPIndividual@1953649482{1113503327},3C_20_66-01.txt,7.322,0.500,3.661,0,0.000,0.00,0.000,0.000,0.000
21,ec.gp.GPIndividual@1953649482{1113503327},3C_20_66-02.txt,154.245,0.500,77.122,0,0.000,0.00,0.000,0.000,0.000
21,ec.gp.GPIndividual@1953649482{1113503327},3C_20_66-03.txt,118.340,0.500,59.170,0,0.000,0.00,0.000,0.000,0.000
21,ec.gp.GPIndividual@1953649482{1113503327},3C_20_80-01.txt,4.194,0.500,2.097,1,1.594,75.99,1.594,1.594,1.594
21,ec.gp.GPIndividual@1953649482{1113503327},3C_20_80-02.txt,35.738,0.500,17.869,0,0.000,0.00,0.000,1.594,1.594
21,ec.gp.GPIndividual@1953649482{1113503327},3C_20_80-03.txt,169.439,0.500,84.719,0,0.000,0.00,0.000,1.594,1.594
21,ec.gp.GPIndividual@423501686{-623260645},3C_20_50-02.txt,61.404,0.500,30.702,2,0.313,1.02,0.156,0.313,0.000
21,ec.gp.GPIndividual@423501686{-623260645},3C_20_50-03.txt,30.993,0.500,15.496,5,33.469,215.98,6.694,27.891,0.000
21,ec.gp.GPIndividual@1628587563{-1470107240},3C_20_50-02.txt,61.404,0.500,30.702,14,31.203,101.63,2.229,4.016,0.422
21,ec.gp.GPIndividual@1628587563{-1470107240},3C_20_80-03.txt,169.439,0.500,84.719,2,1.297,1.53,0.648,4.016,0.000
21,ec.gp.GPIndividual@1628587563{-1470107240},3C_20_50-03.txt,30.993,0.500,15.496,2,2.531,16.33,1.266,4.016,0.000
21,ec.gp.GPIndividual@1628587563{-1470107240},3C_20_50-03.txt,30.993,0.500,15.496,2,6.141,39.63,3.070,6.141,0.000
21,ec.gp.GPIndividual@1628587563{-1470107240},3C_20_80-03.txt,169.439,0.500,84.719,1,6.844,8.08,6.844,6.844,0.000
21,ec.gp.GPIndividual@1628587563{-1470107240},3C_20_66-01.txt,7.322,0.500,3.661,2,9.547,260.77,4.773,8.453,0.000
21,ec.gp.GPIndividual@1628587563{-1470107240},3C_20_50-03.txt,30.993,0.500,15.496,1,1.078,6.96,1.078,8.453,0.000
21,ec.gp.GPIndividual@1628587563{-1470107240},3C_20_66-02.txt,154.245,0.500,77.122,17,76.875,99.68,4.522,10.188,0.000
21,ec.gp.GPIndividual@1628587563{-1470107240},3C_20_66-01.txt,7.322,0.500,3.661,1,8.188,223.64,8.188,10.188,0.000
21,ec.gp.GPIndividual@1628587563{-1470107240},3C_20_66-01.txt,7.322,0.500,3.661,3,13.438,367.04,4.479,11.094,0.000
21,ec.gp.GPIndividual@1628587563{-1470107240},3C_20_66-03.txt,118.340,0.500,59.170,1,1.063,1.80,1.063,11.094,0.000
21,ec.gp.GPIndividual@1628587563{-1470107240},3C_20_66-02.txt,154.245,0.500,77.122,1,0.703,0.91,0.703,11.094,0.000
21,ec.gp.GPIndividual@1628587563{-1470107240},3C_20_66-02.txt,154.245,0.500,77.122,2,4.141,5.37,2.070,11.094,0.000
21,ec.gp.GPIndividual@1628587563{-1470107240},3C_20_66-01.txt,7.322,0.500,3.661,1,19.844,542.02,19.844,19.844,0.000
21,ec.gp.GPIndividual@2079450850{134063652},3C_20_50-02.txt,61.404,0.500,30.702,13,47.188,153.69,3.630,24.938,0.344
21,ec.gp.GPIndividual@1317481016{-1645166305},3C_20_50-02.txt,61.404,0.500,30.702,8,14.109,45.96,1.764,3.391,0.500
21,ec.gp.GPIndividual@1317481016{-1645166305},3C_20_80-01.txt,4.194,0.500,2.097,3,1.953,93.13,0.651,3.391,0.000
21,ec.gp.GPIndividual@1317481016{-1645166305},3C_20_50-03.txt,30.993,0.500,15.496,6,15.750,101.64,2.625,4.797,0.000
21,ec.gp.GPIndividual@1317481016{-1645166305},3C_20_50-03.txt,30.993,0.500,15.496,1,1.828,11.80,1.828,4.797,0.000
21,ec.gp.GPIndividual@1317481016{-1645166305},3C_20_66-01.txt,7.322,0.500,3.661,2,3.656,99.87,1.828,4.797,0.000
21,ec.gp.GPIndividual@1317481016{-1645166305},3C_20_80-02.txt,35.738,0.500,17.869,3,9.172,51.33,3.057,8.109,0.000
21,ec.gp.GPIndividual@1317481016{-1645166305},3C_20_66-03.txt,118.340,0.500,59.170,2,8.813,14.89,4.406,8.813,0.000
21,ec.gp.GPIndividual@1317481016{-1645166305},3C_20_66-03.txt,118.340,0.500,59.170,4,15.422,26.06,3.855,11.844,0.000
21,ec.gp.GPIndividual@1317481016{-1645166305},3C_20_66-02.txt,154.245,0.500,77.122,20,70.969,92.02,3.548,11.844,0.000
21,ec.gp.GPIndividual@1317481016{-1645166305},3C_20_66-03.txt,118.340,0.500,59.170,2,11.688,19.75,5.844,11.844,0.000
21,ec.gp.GPIndividual@1317481016{-1645166305},3C_20_80-01.txt,4.194,0.500,2.097,2,1.453,69.29,0.727,11.844,0.000
21,ec.gp.GPIndividual@1317481016{-1645166305},3C_20_80-02.txt,35.738,0.500,17.869,2,20.563,115.07,10.281,18.500,0.000
21,ec.gp.GPIndividual@1317481016{-1645166305},3C_20_80-03.txt,169.439,0.500,84.719,2,16.094,19.00,8.047,18.500,0.000
21,ec.gp.GPIndividual@1317481016{-1645166305},3C_20_80-01.txt,4.194,0.500,2.097,3,2.266,108.03,0.755,18.500,0.000
21,ec.gp.GPIndividual@1317481016{-1645166305},3C_20_80-02.txt,35.738,0.500,17.869,2,0.531,2.97,0.266,18.500,0.000
21,ec.gp.GPIndividual@1317481016{-1645166305},3C_20_80-03.txt,169.439,0.500,84.719,2,6.922,8.17,3.461,18.500,0.000
21,ec.gp.GPIndividual@1317481016{-1645166305},3C_20_66-01.txt,7.322,0.500,3.661,1,6.109,166.87,6.109,18.500,0.000
21,ec.gp.GPIndividual@1317481016{-1645166305},3C_20_80-01.txt,4.194,0.500,2.097,3,2.094,99.83,0.698,18.500,0.000
21,ec.gp.GPIndividual@1317481016{-1645166305},3C_20_80-02.txt,35.738,0.500,17.869,1,0.516,2.89,0.516,18.500,0.000
21,ec.gp.GPIndividual@1317481016{-1645166305},3C_20_66-02.txt,154.245,0.500,77.122,20,68.656,89.02,3.433,26.531,0.000
21,ec.gp.GPIndividual@1317481016{-1645166305},3C_20_66-03.txt,118.340,0.500,59.170,2,7.813,13.20,3.906,26.531,0.000
21,ec.gp.GPIndividual@1317481016{-1645166305},3C_20_80-03.txt,169.439,0.500,84.719,2,6.344,7.49,3.172,26.531,0.000
21,ec.gp.GPIndividual@1317481016{-1645166305},3C_20_80-03.txt,169.439,0.500,84.719,1,10.922,12.89,10.922,26.531,0.000
21,ec.gp.GPIndividual@353328512{-909317566},3C_20_50-02.txt,61.404,0.500,30.702,0,0.000,0.00,0.000,0.000,0.000
21,ec.gp.GPIndividual@353328512{-909317566},3C_20_50-03.txt,30.993,0.500,15.496,0,0.000,0.00,0.000,0.000,0.000
21,ec.gp.GPIndividual@353328512{-909317566},3C_20_66-01.txt,7.322,0.500,3.661,0,0.000,0.00,0.000,0.000,0.000
21,ec.gp.GPIndividual@353328512{-909317566},3C_20_66-02.txt,154.245,0.500,77.122,0,0.000,0.00,0.000,0.000,0.000
21,ec.gp.GPIndividual@353328512{-909317566},3C_20_66-03.txt,118.340,0.500,59.170,0,0.000,0.00,0.000,0.000,0.000
21,ec.gp.GPIndividual@353328512{-909317566},3C_20_80-01.txt,4.194,0.500,2.097,0,0.000,0.00,0.000,0.000,0.000
21,ec.gp.GPIndividual@353328512{-909317566},3C_20_80-02.txt,35.738,0.500,17.869,0,0.000,0.00,0.000,0.000,0.000
21,ec.gp.GPIndividual@353328512{-909317566},3C_20_80-03.txt,169.439,0.500,84.719,0,0.000,0.00,0.000,0.000,0.000
21,ec.gp.GPIndividual@1105267951{271532587},3C_20_50-02.txt,61.404,0.500,30.702,0,0.000,0.00,0.000,0.000,0.000
21,ec.gp.GPIndividual@1105267951{271532587},3C_20_50-03.txt,30.993,0.500,15.496,0,0.000,0.00,0.000,0.000,0.000
21,ec.gp.GPIndividual@1105267951{271532587},3C_20_66-01.txt,7.322,0.500,3.661,0,0.000,0.00,0.000,0.000,0.000
21,ec.gp.GPIndividual@1105267951{271532587},3C_20_66-02.txt,154.245,0.500,77.122,0,0.000,0.00,0.000,0.000,0.000
21,ec.gp.GPIndividual@1105267951{271532587},3C_20_66-03.txt,118.340,0.500,59.170,0,0.000,0.00,0.000,0.000,0.000
21,ec.gp.GPIndividual@1105267951{271532587},3C_20_80-01.txt,4.194,0.500,2.097,0,0.000,0.00,0.000,0.000,0.000
21,ec.gp.GPIndividual@1105267951{271532587},3C_20_80-02.txt,35.738,0.500,17.869,0,0.000,0.00,0.000,0.000,0.000
21,ec.gp.GPIndividual@1105267951{271532587},3C_20_80-03.txt,169.439,0.500,84.719,0,0.000,0.00,0.000,0.000,0.000
21,ec.gp.GPIndividual@909917825{-1450589903},3C_20_50-02.txt,61.404,0.500,30.702,0,0.000,0.00,0.000,0.000,0.000
21,ec.gp.GPIndividual@909917825{-1450589903},3C_20_50-03.txt,30.993,0.500,15.496,0,0.000,0.00,0.000,0.000,0.000
21,ec.gp.GPIndividual@909917825{-1450589903},3C_20_66-01.txt,7.322,0.500,3.661,0,0.000,0.00,0.000,0.000,0.000
21,ec.gp.GPIndividual@909917825{-1450589903},3C_20_66-02.txt,154.245,0.500,77.122,0,0.000,0.00,0.000,0.000,0.000
21,ec.gp.GPIndividual@909917825{-1450589903},3C_20_66-03.txt,118.340,0.500,59.170,0,0.000,0.00,0.000,0.000,0.000
21,ec.gp.GPIndividual@909917825{-1450589903},3C_20_80-01.txt,4.194,0.500,2.097,0,0.000,0.00,0.000,0.000,0.000
21,ec.gp.GPIndividual@909917825{-1450589903},3C_20_80-02.txt,35.738,0.500,17.869,0,0.000,0.00,0.000,0.000,0.000
21,ec.gp.GPIndividual@909917825{-1450589903},3C_20_80-03.txt,169.439,0.500,84.719,0,0.000,0.00,0.000,0.000,0.000
21,ec.gp.GPIndividual@1181612867{-853176337},3C_20_50-02.txt,61.404,0.500,30.702,5,30.203,98.37,6.041,28.516,0.000
21,ec.gp.GPIndividual@1181612867{-853176337},3C_20_80-01.txt,4.194,0.500,2.097,1,24.781,1181.61,24.781,28.516,0.000
21,ec.gp.GPIndividual@1181612867{-853176337},3C_20_66-03.txt,118.340,0.500,59.170,3,34.219,57.83,11.406,32.156,0.000
21,ec.gp.GPIndividual@236049622{1652842056},3C_20_50-02.txt,61.404,0.500,30.702,0,0.000,0.00,0.000,0.000,0.000
21,ec.gp.GPIndividual@236049622{1652842056},3C_20_50-03.txt,30.993,0.500,15.496,0,0.000,0.00,0.000,0.000,0.000
21,ec.gp.GPIndividual@236049622{1652842056},3C_20_66-01.txt,7.322,0.500,3.661,0,0.000,0.00,0.000,0.000,0.000
21,ec.gp.GPIndividual@236049622{1652842056},3C_20_66-02.txt,154.245,0.500,77.122,0,0.000,0.00,0.000,0.000,0.000
21,ec.gp.GPIndividual@236049622{1652842056},3C_20_66-03.txt,118.340,0.500,59.170,0,0.000,0.00,0.000,0.000,0.000
21,ec.gp.GPIndividual@236049622{1652842056},3C_20_80-01.txt,4.194,0.500,2.097,0,0.000,0.00,0.000,0.000,0.000
21,ec.gp.GPIndividual@236049622{1652842056},3C_20_80-02.txt,35.738,0.500,17.869,0,0.000,0.00,0.000,0.000,0.000
21,ec.gp.GPIndividual@236049622{1652842056},3C_20_80-03.txt,169.439,0.500,84.719,0,0.000,0.00,0.000,0.000,0.000
21,ec.gp.GPIndividual@75102198{1386538456},3C_20_50-02.txt,61.404,0.500,30.702,14,24.172,78.73,1.727,6.328,0.000
21,ec.gp.GPIndividual@75102198{1386538456},3C_20_80-01.txt,4.194,0.500,2.097,1,5.203,248.09,5.203,6.328,0.000
21,ec.gp.GPIndividual@75102198{1386538456},3C_20_80-02.txt,35.738,0.500,17.869,2,7.156,40.05,3.578,7.156,0.000
21,ec.gp.GPIndividual@75102198{1386538456},3C_20_50-03.txt,30.993,0.500,15.496,3,11.953,77.14,3.984,11.266,0.000
21,ec.gp.GPIndividual@75102198{1386538456},3C_20_50-03.txt,30.993,0.500,15.496,12,14.938,96.39,1.245,11.266,0.000
21,ec.gp.GPIndividual@75102198{1386538456},3C_20_80-02.txt,35.738,0.500,17.869,2,0.719,4.02,0.359,11.266,0.000
21,ec.gp.GPIndividual@75102198{1386538456},3C_20_80-03.txt,169.439,0.500,84.719,1,2.703,3.19,2.703,11.266,0.000
21,ec.gp.GPIndividual@75102198{1386538456},3C_20_66-01.txt,7.322,0.500,3.661,2,4.484,122.49,2.242,11.266,0.000
21,ec.gp.GPIndividual@75102198{1386538456},3C_20_66-01.txt,7.322,0.500,3.661,6,3.406,93.04,0.568,11.266,0.000
21,ec.gp.GPIndividual@75102198{1386538456},3C_20_80-03.txt,169.439,0.500,84.719,2,0.563,0.66,0.281,11.266,0.000
21,ec.gp.GPIndividual@75102198{1386538456},3C_20_66-02.txt,154.245,0.500,77.122,1,0.797,1.03,0.797,11.266,0.000
21,ec.gp.GPIndividual@75102198{1386538456},3C_20_66-02.txt,154.245,0.500,77.122,13,42.625,55.27,3.279,26.141,0.000
21,ec.gp.GPIndividual@722761343{-1356803875},3C_20_50-02.txt,61.404,0.500,30.702,2,24.594,80.10,12.297,24.594,0.000
21,ec.gp.GPIndividual@722761343{-1356803875},3C_20_66-03.txt,118.340,0.500,59.170,3,24.578,41.54,8.193,24.594,0.000
21,ec.gp.GPIndividual@722761343{-1356803875},3C_20_66-03.txt,118.340,0.500,59.170,1,29.578,49.99,29.578,29.578,0.000
21,ec.gp.GPIndividual@116205812{-1534833300},3C_20_50-02.txt,61.404,0.500,30.702,0,0.000,0.00,0.000,0.000,0.000
21,ec.gp.GPIndividual@116205812{-1534833300},3C_20_50-03.txt,30.993,0.500,15.496,0,0.000,0.00,0.000,0.000,0.000
21,ec.gp.GPIndividual@116205812{-1534833300},3C_20_66-01.txt,7.322,0.500,3.661,0,0.000,0.00,0.000,0.000,0.000
21,ec.gp.GPIndividual@116205812{-1534833300},3C_20_66-02.txt,154.245,0.500,77.122,0,0.000,0.00,0.000,0.000,0.000
21,ec.gp.GPIndividual@116205812{-1534833300},3C_20_66-03.txt,118.340,0.500,59.170,0,0.000,0.00,0.000,0.000,0.000
21,ec.gp.GPIndividual@116205812{-1534833300},3C_20_80-01.txt,4.194,0.500,2.097,0,0.000,0.00,0.000,0.000,0.000
21,ec.gp.GPIndividual@116205812{-1534833300},3C_20_80-02.txt,35.738,0.500,17.869,0,0.000,0.00,0.000,0.000,0.000
21,ec.gp.GPIndividual@116205812{-1534833300},3C_20_80-03.txt,169.439,0.500,84.719,0,0.000,0.00,0.000,0.000,0.000
21,ec.gp.GPIndividual@673373873{-1716946271},3C_20_50-02.txt,61.404,0.500,30.702,7,24.906,81.12,3.558,14.578,0.172
21,ec.gp.GPIndividual@78739692{-1941235813},3C_20_50-02.txt,61.404,0.500,30.702,3,6.297,20.51,2.099,6.125,0.000
21,ec.gp.GPIndividual@78739692{-1941235813},3C_20_66-03.txt,118.340,0.500,59.170,2,4.266,7.21,2.133,6.125,0.000
21,ec.gp.GPIndividual@78739692{-1941235813},3C_20_50-03.txt,30.993,0.500,15.496,9,13.328,86.01,1.481,6.125,0.000
21,ec.gp.GPIndividual@78739692{-1941235813},3C_20_66-01.txt,7.322,0.500,3.661,1,4.328,118.22,4.328,6.125,0.000
21,ec.gp.GPIndividual@78739692{-1941235813},3C_20_50-03.txt,30.993,0.500,15.496,2,2.766,17.85,1.383,6.125,0.000
21,ec.gp.GPIndividual@78739692{-1941235813},3C_20_80-01.txt,4.194,0.500,2.097,5,1.859,88.66,0.372,6.125,0.000
21,ec.gp.GPIndividual@78739692{-1941235813},3C_20_66-02.txt,154.245,0.500,77.122,1,0.516,0.67,0.516,6.125,0.000
21,ec.gp.GPIndividual@78739692{-1941235813},3C_20_80-02.txt,35.738,0.500,17.869,14,14.031,78.52,1.002,6.125,0.000
21,ec.gp.GPIndividual@78739692{-1941235813},3C_20_66-01.txt,7.322,0.500,3.661,2,4.250,116.09,2.125,6.125,0.000
21,ec.gp.GPIndividual@78739692{-1941235813},3C_20_66-03.txt,118.340,0.500,59.170,3,4.703,7.95,1.568,6.125,0.000
21,ec.gp.GPIndividual@78739692{-1941235813},3C_20_80-03.txt,169.439,0.500,84.719,10,91.406,107.89,9.141,31.563,0.000
21,ec.gp.GPIndividual@1190535327{-1794384180},3C_20_50-02.txt,61.404,0.500,30.702,6,19.375,63.11,3.229,16.250,0.000
21,ec.gp.GPIndividual@1190535327{-1794384180},3C_20_80-01.txt,4.194,0.500,2.097,2,1.172,55.88,0.586,16.250,0.000
21,ec.gp.GPIndividual@1190535327{-1794384180},3C_20_80-02.txt,35.738,0.500,17.869,6,12.688,71.00,2.115,16.250,0.000
21,ec.gp.GPIndividual@1190535327{-1794384180},3C_20_66-02.txt,154.245,0.500,77.122,8,15.422,20.00,1.928,16.250,0.000
21,ec.gp.GPIndividual@1190535327{-1794384180},3C_20_50-03.txt,30.993,0.500,15.496,5,11.438,73.81,2.288,16.250,0.000
21,ec.gp.GPIndividual@1190535327{-1794384180},3C_20_66-01.txt,7.322,0.500,3.661,6,2.859,78.10,0.477,16.250,0.000
21,ec.gp.GPIndividual@1190535327{-1794384180},3C_20_66-02.txt,154.245,0.500,77.122,8,51.234,66.43,6.404,30.531,0.000
21,ec.gp.GPIndividual@1190535327{-1794384180},3C_20_80-03.txt,169.439,0.500,84.719,6,75.094,88.64,12.516,30.531,0.000
21,ec.gp.GPIndividual@1190535327{-1794384180},3C_20_66-03.txt,118.340,0.500,59.170,3,36.859,62.29,12.286,32.891,0.000
21,ec.gp.GPIndividual@845583629{1309275389},3C_20_50-02.txt,61.404,0.500,30.702,5,16.703,54.40,3.341,14.781,0.000
21,ec.gp.GPIndividual@845583629{1309275389},3C_20_66-03.txt,118.340,0.500,59.170,6,67.109,113.42,11.185,23.203,0.000
21,ec.gp.GPIndividual@845583629{1309275389},3C_20_50-03.txt,30.993,0.500,15.496,4,11.094,71.59,2.773,23.203,0.000
21,ec.gp.GPIndividual@845583629{1309275389},3C_20_80-01.txt,4.194,0.500,2.097,2,14.547,693.62,7.273,23.203,0.000
21,ec.gp.GPIndividual@845583629{1309275389},3C_20_80-01.txt,4.194,0.500,2.097,1,0.625,29.80,0.625,23.203,0.000
21,ec.gp.GPIndividual@845583629{1309275389},3C_20_80-02.txt,35.738,0.500,17.869,14,15.297,85.61,1.093,23.203,0.000
21,ec.gp.GPIndividual@845583629{1309275389},3C_20_80-03.txt,169.439,0.500,84.719,2,4.641,5.48,2.320,23.203,0.000
21,ec.gp.GPIndividual@845583629{1309275389},3C_20_66-01.txt,7.322,0.500,3.661,3,2.703,73.83,0.901,23.203,0.000
21,ec.gp.GPIndividual@845583629{1309275389},3C_20_80-02.txt,35.738,0.500,17.869,10,12.625,70.65,1.263,23.203,0.000
21,ec.gp.GPIndividual@697994093{-1440549260},3C_20_50-02.txt,61.404,0.500,30.702,5,10.688,34.81,2.138,5.672,0.000
21,ec.gp.GPIndividual@697994093{-1440549260},3C_20_80-03.txt,169.439,0.500,84.719,6,13.109,15.47,2.185,7.797,0.000
21,ec.gp.GPIndividual@697994093{-1440549260},3C_20_66-02.txt,154.245,0.500,77.122,7,53.406,69.25,7.629,31.953,0.000
21,ec.gp.GPIndividual@1656722227{-2034985559},3C_20_50-02.txt,61.404,0.500,30.702,2,33.234,108.25,16.617,33.047,0.188
21,ec.gp.GPIndividual@1656722227{-2034985559},3C_20_50-03.txt,30.993,0.500,15.496,7,11.984,77.34,1.712,33.047,0.000
21,ec.gp.GPIndividual@1656722227{-2034985559},3C_20_50-03.txt,30.993,0.500,15.496,2,3.234,20.87,1.617,33.047,0.000
21,ec.gp.GPIndividual@1656722227{-2034985559},3C_20_66-01.txt,7.322,0.500,3.661,1,13.859,378.56,13.859,33.047,0.000
21,ec.gp.GPIndividual@1656722227{-2034985559},3C_20_66-03.txt,118.340,0.500,59.170,13,61.156,103.36,4.704,33.047,0.000
21,ec.gp.GPIndividual@1656722227{-2034985559},3C_20_80-01.txt,4.194,0.500,2.097,2,1.188,56.62,0.594,33.047,0.000
21,ec.gp.GPIndividual@1656722227{-2034985559},3C_20_80-02.txt,35.738,0.500,17.869,3,7.844,43.90,2.615,33.047,0.000
21,ec.gp.GPIndividual@1656722227{-2034985559},3C_20_66-02.txt,154.245,0.500,77.122,11,19.781,25.65,1.798,33.047,0.000
21,ec.gp.GPIndividual@1656722227{-2034985559},3C_20_66-01.txt,7.322,0.500,3.661,6,2.813,76.82,0.469,33.047,0.000
21,ec.gp.GPIndividual@1656722227{-2034985559},3C_20_66-02.txt,154.245,0.500,77.122,9,67.047,86.94,7.450,33.047,0.000
21,ec.gp.GPIndividual@1656722227{-2034985559},3C_20_80-03.txt,169.439,0.500,84.719,5,58.125,68.61,11.625,33.047,0.000
21,ec.gp.GPIndividual@1656722227{-2034985559},3C_20_66-03.txt,118.340,0.500,59.170,3,24.359,41.17,8.120,33.047,0.000
21,ec.gp.GPIndividual@1656722227{-2034985559},3C_20_66-03.txt,118.340,0.500,59.170,2,34.359,58.07,17.180,33.047,0.000
21,ec.gp.GPIndividual@185853373{207258560},3C_20_50-02.txt,61.404,0.500,30.702,3,5.719,18.63,1.906,5.625,0.000
21,ec.gp.GPIndividual@185853373{207258560},3C_20_80-03.txt,169.439,0.500,84.719,7,58.078,68.55,8.297,32.813,0.000
22,ec.gp.GPIndividual@304613640{658905912},3C_20_50-02.txt,61.404,0.500,30.702,0,0.000,0.00,0.000,0.000,0.000
22,ec.gp.GPIndividual@1687456749{21663622},3C_20_50-02.txt,61.404,0.500,30.702,0,0.000,0.00,0.000,0.000,0.000
22,ec.gp.GPIndividual@1687456749{21663622},3C_20_66-01.txt,7.322,0.500,3.661,0,0.000,0.00,0.000,0.000,0.000
22,ec.gp.GPIndividual@1687456749{21663622},3C_20_66-02.txt,154.245,0.500,77.122,0,0.000,0.00,0.000,0.000,0.000
22,ec.gp.GPIndividual@1687456749{21663622},3C_20_66-03.txt,118.340,0.500,59.170,0,0.000,0.00,0.000,0.000,0.000
22,ec.gp.GPIndividual@1687456749{21663622},3C_20_80-01.txt,4.194,0.500,2.097,0,0.000,0.00,0.000,0.000,0.000
22,ec.gp.GPIndividual@1687456749{21663622},3C_20_80-02.txt,35.738,0.500,17.869,0,0.000,0.00,0.000,0.000,0.000
22,ec.gp.GPIndividual@1687456749{21663622},3C_20_80-03.txt,169.439,0.500,84.719,0,0.000,0.00,0.000,0.000,0.000
22,ec.gp.GPIndividual@1452572842{1948864105},3C_20_50-02.txt,61.404,0.500,30.702,0,0.000,0.00,0.000,0.000,0.000
22,ec.gp.GPIndividual@1452572842{1948864105},3C_20_50-03.txt,30.993,0.500,15.496,0,0.000,0.00,0.000,0.000,0.000
22,ec.gp.GPIndividual@1452572842{1948864105},3C_20_66-01.txt,7.322,0.500,3.661,0,0.000,0.00,0.000,0.000,0.000
22,ec.gp.GPIndividual@1452572842{1948864105},3C_20_66-02.txt,154.245,0.500,77.122,0,0.000,0.00,0.000,0.000,0.000
22,ec.gp.GPIndividual@1452572842{1948864105},3C_20_66-03.txt,118.340,0.500,59.170,0,0.000,0.00,0.000,0.000,0.000
22,ec.gp.GPIndividual@1452572842{1948864105},3C_20_80-01.txt,4.194,0.500,2.097,0,0.000,0.00,0.000,0.000,0.000
22,ec.gp.GPIndividual@1452572842{1948864105},3C_20_80-02.txt,35.738,0.500,17.869,0,0.000,0.00,0.000,0.000,0.000
22,ec.gp.GPIndividual@1452572842{1948864105},3C_20_80-03.txt,169.439,0.500,84.719,0,0.000,0.00,0.000,0.000,0.000
22,ec.gp.GPIndividual@554807359{1097439180},3C_20_50-02.txt,61.404,0.500,30.702,20,29.547,96.24,1.477,2.797,0.000
22,ec.gp.GPIndividual@554807359{1097439180},3C_20_50-03.txt,30.993,0.500,15.496,2,1.953,12.60,0.977,2.797,0.000
22,ec.gp.GPIndividual@554807359{1097439180},3C_20_50-03.txt,30.993,0.500,15.496,4,8.891,57.37,2.223,3.031,0.000
22,ec.gp.GPIndividual@554807359{1097439180},3C_20_50-03.txt,30.993,0.500,15.496,4,15.766,101.74,3.941,4.391,0.000
22,ec.gp.GPIndividual@554807359{1097439180},3C_20_50-03.txt,30.993,0.500,15.496,3,9.484,61.20,3.161,5.094,0.000
22,ec.gp.GPIndividual@554807359{1097439180},3C_20_50-03.txt,30.993,0.500,15.496,1,1.641,10.59,1.641,5.094,0.000
22,ec.gp.GPIndividual@554807359{1097439180},3C_20_66-01.txt,7.322,0.500,3.661,1,5.078,138.71,5.078,5.094,0.000
22,ec.gp.GPIndividual@554807359{1097439180},3C_20_50-03.txt,30.993,0.500,15.496,2,4.078,26.32,2.039,5.094,0.000
22,ec.gp.GPIndividual@554807359{1097439180},3C_20_66-01.txt,7.322,0.500,3.661,4,2.891,78.96,0.723,5.094,0.000
22,ec.gp.GPIndividual@554807359{1097439180},3C_20_66-02.txt,154.245,0.500,77.122,1,1.266,1.64,1.266,5.094,0.000
22,ec.gp.GPIndividual@554807359{1097439180},3C_20_66-02.txt,154.245,0.500,77.122,2,8.906,11.55,4.453,5.094,0.000
22,ec.gp.GPIndividual@554807359{1097439180},3C_20_66-01.txt,7.322,0.500,3.661,1,4.438,121.21,4.438,5.094,0.000
22,ec.gp.GPIndividual@554807359{1097439180},3C_20_66-01.txt,7.322,0.500,3.661,1,4.391,119.93,4.391,5.094,0.000
22,ec.gp.GPIndividual@554807359{1097439180},3C_20_66-01.txt,7.322,0.500,3.661,3,3.719,101.57,1.240,5.094,0.000
22,ec.gp.GPIndividual@554807359{1097439180},3C_20_66-03.txt,118.340,0.500,59.170,4,5.484,9.27,1.371,5.094,0.000
22,ec.gp.GPIndividual@554807359{1097439180},3C_20_66-02.txt,154.245,0.500,77.122,21,81.953,106.26,3.903,17.859,0.000
22,ec.gp.GPIndividual@554807359{1097439180},3C_20_80-01.txt,4.194,0.500,2.097,1,11.328,540.14,11.328,17.859,0.000
22,ec.gp.GPIndividual@554807359{1097439180},3C_20_66-01.txt,7.322,0.500,3.661,1,16.703,456.23,16.703,17.859,0.000
22,ec.gp.GPIndividual@554807359{1097439180},3C_20_66-03.txt,118.340,0.500,59.170,6,8.859,14.97,1.477,17.859,0.000
22,ec.gp.GPIndividual@554807359{1097439180},3C_20_66-03.txt,118.340,0.500,59.170,4,28.391,47.98,7.098,25.516,0.000
22,ec.gp.GPIndividual@554807359{1097439180},3C_20_66-02.txt,154.245,0.500,77.122,2,26.031,33.75,13.016,26.031,0.000
22,ec.gp.GPIndividual@554807359{1097439180},3C_20_66-02.txt,154.245,0.500,77.122,21,58.813,76.26,2.801,26.031,0.000
22,ec.gp.GPIndividual@554807359{1097439180},3C_20_66-03.txt,118.340,0.500,59.170,2,12.859,21.73,6.430,26.031,0.000
22,ec.gp.GPIndividual@554807359{1097439180},3C_20_80-02.txt,35.738,0.500,17.869,2,13.563,75.90,6.781,26.031,0.000
22,ec.gp.GPIndividual@554807359{1097439180},3C_20_66-03.txt,118.340,0.500,59.170,2,14.078,23.79,7.039,26.031,0.000
22,ec.gp.GPIndividual@554807359{1097439180},3C_20_80-01.txt,4.194,0.500,2.097,2,1.453,69.29,0.727,26.031,0.000
22,ec.gp.GPIndividual@554807359{1097439180},3C_20_80-02.txt,35.738,0.500,17.869,2,19.969,111.75,9.984,26.031,0.000
22,ec.gp.GPIndividual@554807359{1097439180},3C_20_80-01.txt,4.194,0.500,2.097,3,2.109,100.58,0.703,26.031,0.000
22,ec.gp.GPIndividual@554807359{1097439180},3C_20_80-02.txt,35.738,0.500,17.869,2,0.531,2.97,0.266,26.031,0.000
22,ec.gp.GPIndividual@554807359{1097439180},3C_20_80-03.txt,169.439,0.500,84.719,18,78.172,92.27,4.343,29.625,0.000
22,ec.gp.GPIndividual@554807359{1097439180},3C_20_80-03.txt,169.439,0.500,84.719,2,7.422,8.76,3.711,29.625,0.000
22,ec.gp.GPIndividual@554807359{1097439180},3C_20_80-01.txt,4.194,0.500,2.097,1,5.359,255.54,5.359,29.625,0.000
22,ec.gp.GPIndividual@554807359{1097439180},3C_20_80-03.txt,169.439,0.500,84.719,2,9.516,11.23,4.758,29.625,0.000
22,ec.gp.GPIndividual@1554876051{-632365958},3C_20_50-02.txt,61.404,0.500,30.702,4,12.906,42.04,3.227,11.156,0.000
22,ec.gp.GPIndividual@1554876051{-632365958},3C_20_80-01.txt,4.194,0.500,2.097,3,1.984,94.62,0.661,11.156,0.000
22,ec.gp.GPIndividual@1554876051{-632365958},3C_20_50-03.txt,30.993,0.500,15.496,3,14.094,90.95,4.698,12.500,0.000
22,ec.gp.GPIndividual@1554876051{-632365958},3C_20_66-02.txt,154.245,0.500,77.122,23,74.188,96.19,3.226,12.500,0.000
22,ec.gp.GPIndividual@1554876051{-632365958},3C_20_80-02.txt,35.738,0.500,17.869,2,14.672,82.11,7.336,14.672,0.000
22,ec.gp.GPIndividual@1554876051{-632365958},3C_20_66-03.txt,118.340,0.500,59.170,2,13.359,22.58,6.680,14.672,0.000
22,ec.gp.GPIndividual@1554876051{-632365958},3C_20_80-02.txt,35.738,0.500,17.869,3,6.906,38.65,2.302,14.672,0.000
22,ec.gp.GPIndividual@1554876051{-632365958},3C_20_66-01.txt,7.322,0.500,3.661,3,3.625,99.01,1.208,14.672,0.000
22,ec.gp.GPIndividual@1554876051{-632365958},3C_20_80-03.txt,169.439,0.500,84.719,3,1.891,2.23,0.630,14.672,0.000
22,ec.gp.GPIndividual@1554876051{-632365958},3C_20_80-03.txt,169.439,0.500,84.719,1,25.234,29.79,25.234,25.234,0.000
22,ec.gp.GPIndividual@1220571572{479614148},3C_20_50-02.txt,61.404,0.500,30.702,5,37.641,122.60,7.528,28.094,0.344
22,ec.gp.GPIndividual@2044512024{-325679311},3C_20_50-02.txt,61.404,0.500,30.702,12,29.859,97.25,2.488,6.438,0.000
22,ec.gp.GPIndividual@2044512024{-325679311},3C_20_50-03.txt,30.993,0.500,15.496,2,2.922,18.86,1.461,6.438,0.000
22,ec.gp.GPIndividual@2044512024{-325679311},3C_20_80-01.txt,4.194,0.500,2.097,2,1.938,92.38,0.969,6.438,0.000
22,ec.gp.GPIndividual@2044512024{-325679311},3C_20_50-03.txt,30.993,0.500,15.496,2,5.328,34.38,2.664,6.438,0.000
22,ec.gp.GPIndividual@280449247{-1031781679},3C_20_50-02.txt,61.404,0.500,30.702,5,13.813,44.99,2.763,8.766,0.516
22,ec.gp.GPIndividual@762632922{442721765},3C_20_50-02.txt,61.404,0.500,30.702,0,0.000,0.00,0.000,0.000,0.000
22,ec.gp.GPIndividual@762632922{442721765},3C_20_50-03.txt,30.993,0.500,15.496,0,0.000,0.00,0.000,0.000,0.000
22,ec.gp.GPIndividual@762632922{442721765},3C_20_66-01.txt,7.322,0.500,3.661,0,0.000,0.00,0.000,0.000,0.000
22,ec.gp.GPIndividual@762632922{442721765},3C_20_66-02.txt,154.245,0.500,77.122,0,0.000,0.00,0.000,0.000,0.000
22,ec.gp.GPIndividual@762632922{442721765},3C_20_66-03.txt,118.340,0.500,59.170,0,0.000,0.00,0.000,0.000,0.000
22,ec.gp.GPIndividual@762632922{442721765},3C_20_80-01.txt,4.194,0.500,2.097,0,0.000,0.00,0.000,0.000,0.000
22,ec.gp.GPIndividual@762632922{442721765},3C_20_80-02.txt,35.738,0.500,17.869,0,0.000,0.00,0.000,0.000,0.000
22,ec.gp.GPIndividual@762632922{442721765},3C_20_80-03.txt,169.439,0.500,84.719,0,0.000,0.00,0.000,0.000,0.000
22,ec.gp.GPIndividual@860680780{-1559142556},3C_20_50-02.txt,61.404,0.500,30.702,5,20.281,66.06,4.056,11.094,0.000
22,ec.gp.GPIndividual@860680780{-1559142556},3C_20_66-02.txt,154.245,0.500,77.122,19,80.328,104.16,4.228,14.313,0.000
22,ec.gp.GPIndividual@860680780{-1559142556},3C_20_50-03.txt,30.993,0.500,15.496,2,4.484,28.94,2.242,14.313,0.000
22,ec.gp.GPIndividual@860680780{-1559142556},3C_20_66-01.txt,7.322,0.500,3.661,1,12.844,350.82,12.844,14.313,0.000
22,ec.gp.GPIndividual@860680780{-1559142556},3C_20_80-02.txt,35.738,0.500,17.869,2,12.250,68.55,6.125,14.313,0.000
22,ec.gp.GPIndividual@860680780{-1559142556},3C_20_66-03.txt,118.340,0.500,59.170,5,13.547,22.89,2.709,14.313,0.000
22,ec.gp.GPIndividual@860680780{-1559142556},3C_20_66-01.txt,7.322,0.500,3.661,3,3.891,106.27,1.297,14.313,0.000
22,ec.gp.GPIndividual@860680780{-1559142556},3C_20_66-02.txt,154.245,0.500,77.122,2,0.344,0.45,0.172,14.313,0.000
22,ec.gp.GPIndividual@860680780{-1559142556},3C_20_66-02.txt,154.245,0.500,77.122,3,5.609,7.27,1.870,14.313,0.000
22,ec.gp.GPIndividual@860680780{-1559142556},3C_20_80-03.txt,169.439,0.500,84.719,4,32.359,38.20,8.090,23.813,0.000
22,ec.gp.GPIndividual@860680780{-1559142556},3C_20_50-03.txt,30.993,0.500,15.496,7,17.531,113.13,2.504,23.813,0.000
22,ec.gp.GPIndividual@1428513389{-1375922532},3C_20_50-02.txt,61.404,0.500,30.702,5,7.938,25.85,1.588,4.313,0.000
22,ec.gp.GPIndividual@1428513389{-1375922532},3C_20_66-03.txt,118.340,0.500,59.170,3,9.734,16.45,3.245,7.469,0.000
22,ec.gp.GPIndividual@1428513389{-1375922532},3C_20_80-01.txt,4.194,0.500,2.097,2,2.469,117.71,1.234,7.469,0.000
22,ec.gp.GPIndividual@1428513389{-1375922532},3C_20_80-02.txt,35.738,0.500,17.869,2,0.344,1.92,0.172,7.469,0.000
22,ec.gp.GPIndividual@1428513389{-1375922532},3C_20_66-03.txt,118.340,0.500,59.170,16,54.328,91.82,3.396,8.625,0.000
22,ec.gp.GPIndividual@1428513389{-1375922532},3C_20_80-01.txt,4.194,0.500,2.097,1,4.813,229.47,4.813,8.625,0.000
22,ec.gp.GPIndividual@1428513389{-1375922532},3C_20_80-03.txt,169.439,0.500,84.719,3,6.563,7.75,2.188,8.625,0.000
22,ec.gp.GPIndividual@1428513389{-1375922532},3C_20_80-01.txt,4.194,0.500,2.097,1,7.141,340.48,7.141,8.625,0.000
22,ec.gp.GPIndividual@1428513389{-1375922532},3C_20_66-01.txt,7.322,0.500,3.661,1,9.469,258.63,9.469,9.469,0.000
22,ec.gp.GPIndividual@1428513389{-1375922532},3C_20_66-01.txt,7.322,0.500,3.661,4,4.094,111.82,1.023,9.469,0.000
22,ec.gp.GPIndividual@1428513389{-1375922532},3C_20_66-02.txt,154.245,0.500,77.122,2,0.703,0.91,0.352,9.469,0.000
22,ec.gp.GPIndividual@1428513389{-1375922532},3C_20_80-02.txt,35.738,0.500,17.869,1,0.297,1.66,0.297,9.469,0.000
22,ec.gp.GPIndividual@1428513389{-1375922532},3C_20_66-02.txt,154.245,0.500,77.122,1,1.188,1.54,1.188,9.469,0.000
22,ec.gp.GPIndividual@1428513389{-1375922532},3C_20_80-02.txt,35.738,0.500,17.869,5,23.344,130.64,4.669,13.531,0.000
22,ec.gp.GPIndividual@1428513389{-1375922532},3C_20_50-03.txt,30.993,0.500,15.496,9,15.516,100.12,1.724,13.531,0.000
22,ec.gp.GPIndividual@1428513389{-1375922532},3C_20_66-03.txt,118.340,0.500,59.170,3,2.094,3.54,0.698,13.531,0.000
22,ec.gp.GPIndividual@1428513389{-1375922532},3C_20_80-03.txt,169.439,0.500,84.719,2,1.375,1.62,0.688,13.531,0.000
22,ec.gp.GPIndividual@1428513389{-1375922532},3C_20_80-03.txt,169.439,0.500,84.719,1,3.328,3.93,3.328,13.531,0.000
22,ec.gp.GPIndividual@1602351176{-372720987},3C_20_50-02.txt,61.404,0.500,30.702,10,30.672,99.90,3.067,6.313,0.172
22,ec.gp.GPIndividual@1014126776{1790044900},3C_20_50-02.txt,61.404,0.500,30.702,2,3.078,10.03,1.539,2.719,0.359
22,ec.gp.GPIndividual@1194678724{1128198625},3C_20_50-02.txt,61.404,0.500,30.702,9,30.578,99.60,3.398,9.281,0.000
22,ec.gp.GPIndividual@1194678724{1128198625},3C_20_66-03.txt,118.340,0.500,59.170,4,11.563,19.54,2.891,9.281,0.000
22,ec.gp.GPIndividual@1194678724{1128198625},3C_20_80-01.txt,4.194,0.500,2.097,2,8.031,382.94,4.016,9.281,0.000
22,ec.gp.GPIndividual@1194678724{1128198625},3C_20_66-01.txt,7.322,0.500,3.661,1,0.516,14.08,0.516,9.281,0.000
22,ec.gp.GPIndividual@1194678724{1128198625},3C_20_80-02.txt,35.738,0.500,17.869,6,24.469,136.93,4.078,10.406,0.000
22,ec.gp.GPIndividual@1194678724{1128198625},3C_20_50-03.txt,30.993,0.500,15.496,3,5.563,35.90,1.854,10.406,0.000
22,ec.gp.GPIndividual@1194678724{1128198625},3C_20_80-01.txt,4.194,0.500,2.097,2,2.938,140.06,1.469,10.406,0.000
22,ec.gp.GPIndividual@1194678724{1128198625},3C_20_66-02.txt,154.245,0.500,77.122,2,0.313,0.41,0.156,10.406,0.000
22,ec.gp.GPIndividual@1194678724{1128198625},3C_20_80-03.txt,169.439,0.500,84.719,3,6.875,8.12,2.292,10.406,0.000
22,ec.gp.GPIndividual@1194678724{1128198625},3C_20_50-03.txt,30.993,0.500,15.496,7,16.547,106.78,2.364,10.406,0.000
22,ec.gp.GPIndividual@1194678724{1128198625},3C_20_66-01.txt,7.322,0.500,3.661,2,2.531,69.14,1.266,10.406,0.000
22,ec.gp.GPIndividual@1194678724{1128198625},3C_20_80-02.txt,35.738,0.500,17.869,1,4.141,23.17,4.141,10.406,0.000
22,ec.gp.GPIndividual@1194678724{1128198625},3C_20_66-01.txt,7.322,0.500,3.661,1,6.250,170.71,6.250,10.406,0.000
22,ec.gp.GPIndividual@1509470290{160292264},3C_20_50-02.txt,61.404,0.500,30.702,3,2.547,8.30,0.849,1.531,0.000
22,ec.gp.GPIndividual@1509470290{160292264},3C_20_66-03.txt,118.340,0.500,59.170,18,49.938,84.40,2.774,21.328,0.000
22,ec.gp.GPIndividual@1509470290{160292264},3C_20_50-03.txt,30.993,0.500,15.496,4,16.328,105.37,4.082,21.328,0.000
22,ec.gp.GPIndividual@1509470290{160292264},3C_20_50-03.txt,30.993,0.500,15.496,2,3.500,22.59,1.750,21.328,0.000
22,ec.gp.GPIndividual@1509470290{160292264},3C_20_80-01.txt,4.194,0.500,2.097,1,1.781,84.93,1.781,21.328,0.000
22,ec.gp.GPIndividual@1509470290{160292264},3C_20_66-01.txt,7.322,0.500,3.661,5,3.375,92.19,0.675,21.328,0.000
22,ec.gp.GPIndividual@1509470290{160292264},3C_20_80-02.txt,35.738,0.500,17.869,1,0.844,4.72,0.844,21.328,0.000
22,ec.gp.GPIndividual@1509470290{160292264},3C_20_66-02.txt,154.245,0.500,77.122,6,23.063,29.90,3.844,21.328,0.000
22,ec.gp.GPIndividual@1509470290{160292264},3C_20_80-03.txt,169.439,0.500,84.719,4,20.063,23.68,5.016,21.328,0.000
22,ec.gp.GPIndividual@1509470290{160292264},3C_20_66-02.txt,154.245,0.500,77.122,3,19.328,25.06,6.443,21.328,0.000
22,ec.gp.GPIndividual@1509470290{160292264},3C_20_66-02.txt,154.245,0.500,77.122,18,67.438,87.44,3.747,21.328,0.000
22,ec.gp.GPIndividual@661047189{-1869594516},3C_20_50-02.txt,61.404,0.500,30.702,0,0.000,0.00,0.000,0.000,0.000
22,ec.gp.GPIndividual@661047189{-1869594516},3C_20_50-03.txt,30.993,0.500,15.496,0,0.000,0.00,0.000,0.000,0.000
22,ec.gp.GPIndividual@661047189{-1869594516},3C_20_66-01.txt,7.322,0.500,3.661,0,0.000,0.00,0.000,0.000,0.000
22,ec.gp.GPIndividual@661047189{-1869594516},3C_20_66-02.txt,154.245,0.500,77.122,0,0.000,0.00,0.000,0.000,0.000
22,ec.gp.GPIndividual@661047189{-1869594516},3C_20_66-03.txt,118.340,0.500,59.170,0,0.000,0.00,0.000,0.000,0.000
22,ec.gp.GPIndividual@661047189{-1869594516},3C_20_80-01.txt,4.194,0.500,2.097,0,0.000,0.00,0.000,0.000,0.000
22,ec.gp.GPIndividual@661047189{-1869594516},3C_20_80-02.txt,35.738,0.500,17.869,0,0.000,0.00,0.000,0.000,0.000
22,ec.gp.GPIndividual@661047189{-1869594516},3C_20_80-03.txt,169.439,0.500,84.719,0,0.000,0.00,0.000,0.000,0.000
22,ec.gp.GPIndividual@653608444{-1785865488},3C_20_50-02.txt,61.404,0.500,30.702,2,0.422,1.37,0.211,0.422,0.000
22,ec.gp.GPIndividual@653608444{-1785865488},3C_20_66-03.txt,118.340,0.500,59.170,2,31.094,52.55,15.547,31.094,0.000
22,ec.gp.GPIndividual@653608444{-1785865488},3C_20_80-01.txt,4.194,0.500,2.097,3,1.766,84.19,0.589,31.094,0.000
22,ec.gp.GPIndividual@653608444{-1785865488},3C_20_80-02.txt,35.738,0.500,17.869,1,0.703,3.93,0.703,31.094,0.000
22,ec.gp.GPIndividual@653608444{-1785865488},3C_20_50-03.txt,30.993,0.500,15.496,8,15.578,100.53,1.947,31.094,0.000
22,ec.gp.GPIndividual@653608444{-1785865488},3C_20_80-01.txt,4.194,0.500,2.097,4,2.031,96.85,0.508,31.094,0.000
22,ec.gp.GPIndividual@653608444{-1785865488},3C_20_80-03.txt,169.439,0.500,84.719,1,0.578,0.68,0.578,31.094,0.000
22,ec.gp.GPIndividual@653608444{-1785865488},3C_20_80-02.txt,35.738,0.500,17.869,2,5.391,30.17,2.695,31.094,0.000
22,ec.gp.GPIndividual@653608444{-1785865488},3C_20_66-01.txt,7.322,0.500,3.661,4,3.578,97.73,0.895,31.094,0.000
22,ec.gp.GPIndividual@653608444{-1785865488},3C_20_80-03.txt,169.439,0.500,84.719,1,0.875,1.03,0.875,31.094,0.000
22,ec.gp.GPIndividual@653608444{-1785865488},3C_20_66-02.txt,154.245,0.500,77.122,2,1.172,1.52,0.586,31.094,0.000
22,ec.gp.GPIndividual@653608444{-1785865488},3C_20_80-02.txt,35.738,0.500,17.869,8,18.234,102.04,2.279,31.094,0.000
22,ec.gp.GPIndividual@250037722{1370051207},3C_20_50-02.txt,61.404,0.500,30.702,4,7.000,22.80,1.750,3.906,0.438
22,ec.gp.GPIndividual@761445058{-467603643},3C_20_50-02.txt,61.404,0.500,30.702,0,0.000,0.00,0.000,0.000,0.000
22,ec.gp.GPIndividual@761445058{-467603643},3C_20_50-03.txt,30.993,0.500,15.496,0,0.000,0.00,0.000,0.000,0.000
22,ec.gp.GPIndividual@761445058{-467603643},3C_20_66-01.txt,7.322,0.500,3.661,0,0.000,0.00,0.000,0.000,0.000
22,ec.gp.GPIndividual@761445058{-467603643},3C_20_66-02.txt,154.245,0.500,77.122,0,0.000,0.00,0.000,0.000,0.000
22,ec.gp.GPIndividual@761445058{-467603643},3C_20_66-03.txt,118.340,0.500,59.170,0,0.000,0.00,0.000,0.000,0.000
22,ec.gp.GPIndividual@761445058{-467603643},3C_20_80-01.txt,4.194,0.500,2.097,0,0.000,0.00,0.000,0.000,0.000
22,ec.gp.GPIndividual@761445058{-467603643},3C_20_80-02.txt,35.738,0.500,17.869,0,0.000,0.00,0.000,0.000,0.000
22,ec.gp.GPIndividual@761445058{-467603643},3C_20_80-03.txt,169.439,0.500,84.719,0,0.000,0.00,0.000,0.000,0.000
22,ec.gp.GPIndividual@1107129042{809677883},3C_20_50-02.txt,61.404,0.500,30.702,0,0.000,0.00,0.000,0.000,0.000
22,ec.gp.GPIndividual@1107129042{809677883},3C_20_50-03.txt,30.993,0.500,15.496,0,0.000,0.00,0.000,0.000,0.000
22,ec.gp.GPIndividual@1107129042{809677883},3C_20_66-01.txt,7.322,0.500,3.661,0,0.000,0.00,0.000,0.000,0.000
22,ec.gp.GPIndividual@1107129042{809677883},3C_20_66-02.txt,154.245,0.500,77.122,0,0.000,0.00,0.000,0.000,0.000
22,ec.gp.GPIndividual@1107129042{809677883},3C_20_66-03.txt,118.340,0.500,59.170,0,0.000,0.00,0.000,0.000,0.000
22,ec.gp.GPIndividual@1107129042{809677883},3C_20_80-01.txt,4.194,0.500,2.097,0,0.000,0.00,0.000,0.000,0.000
22,ec.gp.GPIndividual@1107129042{809677883},3C_20_80-02.txt,35.738,0.500,17.869,0,0.000,0.00,0.000,0.000,0.000
22,ec.gp.GPIndividual@1107129042{809677883},3C_20_80-03.txt,169.439,0.500,84.719,0,0.000,0.00,0.000,0.000,0.000
22,ec.gp.GPIndividual@2039702726{809677883},3C_20_50-02.txt,61.404,0.500,30.702,4,2.781,9.06,0.695,2.000,0.000
22,ec.gp.GPIndividual@2039702726{809677883},3C_20_80-03.txt,169.439,0.500,84.719,9,23.953,28.27,2.661,14.250,0.000
22,ec.gp.GPIndividual@2039702726{809677883},3C_20_66-03.txt,118.340,0.500,59.170,6,81.313,137.42,13.552,30.047,0.000
22,ec.gp.GPIndividual@2039702726{809677883},3C_20_50-03.txt,30.993,0.500,15.496,1,30.766,198.54,30.766,30.766,0.000
22,ec.gp.GPIndividual@1396141386{1822317236},3C_20_50-02.txt,61.404,0.500,30.702,3,3.391,11.04,1.130,3.172,0.000
22,ec.gp.GPIndividual@1396141386{1822317236},3C_20_80-01.txt,4.194,0.500,2.097,3,2.016,96.11,0.672,3.172,0.000
22,ec.gp.GPIndividual@1396141386{1822317236},3C_20_80-02.txt,35.738,0.500,17.869,2,0.453,2.54,0.227,3.172,0.000
22,ec.gp.GPIndividual@1396141386{1822317236},3C_20_50-03.txt,30.993,0.500,15.496,4,15.828,102.14,3.957,11.422,0.000
22,ec.gp.GPIndividual@1396141386{1822317236},3C_20_66-02.txt,154.245,0.500,77.122,16,85.422,110.76,5.339,26.344,0.000
22,ec.gp.GPIndividual@1396141386{1822317236},3C_20_80-03.txt,169.439,0.500,84.719,2,23.578,27.83,11.789,26.344,0.000
22,ec.gp.GPIndividual@1396141386{1822317236},3C_20_66-03.txt,118.340,0.500,59.170,3,10.781,18.22,3.594,26.344,0.000
22,ec.gp.GPIndividual@1396141386{1822317236},3C_20_66-01.txt,7.322,0.500,3.661,1,3.672,100.29,3.672,26.344,0.000
22,ec.gp.GPIndividual@1241120767{695456949},3C_20_50-02.txt,61.404,0.500,30.702,0,0.000,0.00,0.000,0.000,0.000
22,ec.gp.GPIndividual@1241120767{695456949},3C_20_50-03.txt,30.993,0.500,15.496,0,0.000,0.00,0.000,0.000,0.000
22,ec.gp.GPIndividual@1241120767{695456949},3C_20_66-01.txt,7.322,0.500,3.661,0,0.000,0.00,0.000,0.000,0.000
22,ec.gp.GPIndividual@1241120767{695456949},3C_20_66-02.txt,154.245,0.500,77.122,0,0.000,0.00,0.000,0.000,0.000
22,ec.gp.GPIndividual@1241120767{695456949},3C_20_66-03.txt,118.340,0.500,59.170,0,0.000,0.00,0.000,0.000,0.000
22,ec.gp.GPIndividual@1241120767{695456949},3C_20_80-01.txt,4.194,0.500,2.097,0,0.000,0.00,0.000,0.000,0.000
22,ec.gp.GPIndividual@1241120767{695456949},3C_20_80-02.txt,35.738,0.500,17.869,0,0.000,0.00,0.000,0.000,0.000
22,ec.gp.GPIndividual@1241120767{695456949},3C_20_80-03.txt,169.439,0.500,84.719,0,0.000,0.00,0.000,0.000,0.000
22,ec.gp.GPIndividual@466341761{-1485926428},3C_20_50-02.txt,61.404,0.500,30.702,9,20.188,65.75,2.243,13.203,0.000
22,ec.gp.GPIndividual@466341761{-1485926428},3C_20_66-01.txt,7.322,0.500,3.661,4,2.391,65.30,0.598,13.203,0.000
22,ec.gp.GPIndividual@466341761{-1485926428},3C_20_66-02.txt,154.245,0.500,77.122,11,19.438,25.20,1.767,13.203,0.000
22,ec.gp.GPIndividual@466341761{-1485926428},3C_20_80-01.txt,4.194,0.500,2.097,2,1.344,64.07,0.672,13.203,0.000
22,ec.gp.GPIndividual@466341761{-1485926428},3C_20_80-02.txt,35.738,0.500,17.869,7,10.281,57.54,1.469,13.203,0.000
22,ec.gp.GPIndividual@466341761{-1485926428},3C_20_80-03.txt,169.439,0.500,84.719,6,82.438,97.31,13.740,30.234,0.000
22,ec.gp.GPIndividual@466341761{-1485926428},3C_20_50-03.txt,30.993,0.500,15.496,4,10.313,66.55,2.578,30.234,0.000
22,ec.gp.GPIndividual@466341761{-1485926428},3C_20_66-01.txt,7.322,0.500,3.661,3,14.391,393.07,4.797,30.234,0.000
22,ec.gp.GPIndividual@466341761{-1485926428},3C_20_66-03.txt,118.340,0.500,59.170,6,61.500,103.94,10.250,32.594,0.000
22,ec.gp.GPIndividual@1315732488{1701929134},3C_20_50-02.txt,61.404,0.500,30.702,6,16.719,54.45,2.786,12.203,0.000
22,ec.gp.GPIndividual@1315732488{1701929134},3C_20_66-02.txt,154.245,0.500,77.122,8,47.953,62.18,5.994,22.219,0.000
22,ec.gp.GPIndividual@1315732488{1701929134},3C_20_80-01.txt,4.194,0.500,2.097,2,1.438,68.54,0.719,22.219,0.000
22,ec.gp.GPIndividual@1315732488{1701929134},3C_20_80-02.txt,35.738,0.500,17.869,2,10.516,58.85,5.258,22.219,0.000
22,ec.gp.GPIndividual@1315732488{1701929134},3C_20_50-03.txt,30.993,0.500,15.496,7,11.375,73.40,1.625,22.219,0.000
22,ec.gp.GPIndividual@1315732488{1701929134},3C_20_66-01.txt,7.322,0.500,3.661,2,3.734,102.00,1.867,22.219,0.000
22,ec.gp.GPIndividual@1315732488{1701929134},3C_20_80-03.txt,169.439,0.500,84.719,6,26.406,31.17,4.401,22.219,0.000
22,ec.gp.GPIndividual@1315732488{1701929134},3C_20_66-02.txt,154.245,0.500,77.122,10,73.734,95.61,7.373,24.844,0.000
22,ec.gp.GPIndividual@1315732488{1701929134},3C_20_66-03.txt,118.340,0.500,59.170,2,18.938,32.01,9.469,24.844,0.000
22,ec.gp.GPIndividual@1315732488{1701929134},3C_20_66-03.txt,118.340,0.500,59.170,1,31.438,53.13,31.438,31.438,0.000
23,ec.gp.GPIndividual@31352601{1164148995},3C_20_50-02.txt,61.404,0.500,30.702,0,0.000,0.00,0.000,0.000,0.000
23,ec.gp.GPIndividual@31352601{1164148995},3C_20_50-03.txt,30.993,0.500,15.496,0,0.000,0.00,0.000,0.000,0.000
23,ec.gp.GPIndividual@31352601{1164148995},3C_20_66-01.txt,7.322,0.500,3.661,0,0.000,0.00,0.000,0.000,0.000
23,ec.gp.GPIndividual@31352601{1164148995},3C_20_66-02.txt,154.245,0.500,77.122,0,0.000,0.00,0.000,0.000,0.000
23,ec.gp.GPIndividual@31352601{1164148995},3C_20_66-03.txt,118.340,0.500,59.170,0,0.000,0.00,0.000,0.000,0.000
23,ec.gp.GPIndividual@31352601{1164148995},3C_20_80-01.txt,4.194,0.500,2.097,0,0.000,0.00,0.000,0.000,0.000
23,ec.gp.GPIndividual@31352601{1164148995},3C_20_80-02.txt,35.738,0.500,17.869,0,0.000,0.00,0.000,0.000,0.000
23,ec.gp.GPIndividual@31352601{1164148995},3C_20_80-03.txt,169.439,0.500,84.719,0,0.000,0.00,0.000,0.000,0.000
23,ec.gp.GPIndividual@2022816334{-54727440},3C_20_50-02.txt,61.404,0.500,30.702,0,0.000,0.00,0.000,0.000,0.000
23,ec.gp.GPIndividual@2022816334{-54727440},3C_20_50-03.txt,30.993,0.500,15.496,0,0.000,0.00,0.000,0.000,0.000
23,ec.gp.GPIndividual@2022816334{-54727440},3C_20_66-01.txt,7.322,0.500,3.661,0,0.000,0.00,0.000,0.000,0.000
23,ec.gp.GPIndividual@2022816334{-54727440},3C_20_66-02.txt,154.245,0.500,77.122,0,0.000,0.00,0.000,0.000,0.000
23,ec.gp.GPIndividual@2022816334{-54727440},3C_20_66-03.txt,118.340,0.500,59.170,0,0.000,0.00,0.000,0.000,0.000
23,ec.gp.GPIndividual@2022816334{-54727440},3C_20_80-01.txt,4.194,0.500,2.097,0,0.000,0.00,0.000,0.000,0.000
23,ec.gp.GPIndividual@2022816334{-54727440},3C_20_80-02.txt,35.738,0.500,17.869,0,0.000,0.00,0.000,0.000,0.000
23,ec.gp.GPIndividual@2022816334{-54727440},3C_20_80-03.txt,169.439,0.500,84.719,0,0.000,0.00,0.000,0.000,0.000
23,ec.gp.GPIndividual@1767215974{-7858927},3C_20_50-02.txt,61.404,0.500,30.702,20,29.531,96.19,1.477,2.641,0.000
23,ec.gp.GPIndividual@1767215974{-7858927},3C_20_50-03.txt,30.993,0.500,15.496,2,1.953,12.60,0.977,2.641,0.000
23,ec.gp.GPIndividual@1767215974{-7858927},3C_20_50-03.txt,30.993,0.500,15.496,5,11.953,77.14,2.391,3.141,0.000
23,ec.gp.GPIndividual@1767215974{-7858927},3C_20_50-03.txt,30.993,0.500,15.496,3,7.078,45.68,2.359,4.344,0.000
23,ec.gp.GPIndividual@1767215974{-7858927},3C_20_50-03.txt,30.993,0.500,15.496,3,8.297,53.54,2.766,4.344,0.000
23,ec.gp.GPIndividual@1767215974{-7858927},3C_20_50-03.txt,30.993,0.500,15.496,3,9.766,63.02,3.255,5.219,0.000
23,ec.gp.GPIndividual@1767215974{-7858927},3C_20_50-03.txt,30.993,0.500,15.496,2,8.891,57.37,4.445,5.219,0.000
23,ec.gp.GPIndividual@1767215974{-7858927},3C_20_66-01.txt,7.322,0.500,3.661,1,4.547,124.19,4.547,5.219,0.000
23,ec.gp.GPIndividual@1767215974{-7858927},3C_20_66-01.txt,7.322,0.500,3.661,2,5.078,138.71,2.539,5.219,0.000
23,ec.gp.GPIndividual@1767215974{-7858927},3C_20_66-01.txt,7.322,0.500,3.661,2,5.406,147.67,2.703,5.219,0.000
23,ec.gp.GPIndividual@1767215974{-7858927},3C_20_66-01.txt,7.322,0.500,3.661,2,2.250,61.46,1.125,5.219,0.000
23,ec.gp.GPIndividual@1767215974{-7858927},3C_20_66-02.txt,154.245,0.500,77.122,2,5.438,7.05,2.719,5.219,0.000
23,ec.gp.GPIndividual@1767215974{-7858927},3C_20_66-02.txt,154.245,0.500,77.122,2,2.094,2.71,1.047,5.219,0.000
23,ec.gp.GPIndividual@1767215974{-7858927},3C_20_66-02.txt,154.245,0.500,77.122,1,4.547,5.90,4.547,5.219,0.000
23,ec.gp.GPIndividual@1767215974{-7858927},3C_20_66-01.txt,7.322,0.500,3.661,2,4.078,111.39,2.039,5.219,0.000
23,ec.gp.GPIndividual@1767215974{-7858927},3C_20_66-03.txt,118.340,0.500,59.170,3,3.344,5.65,1.115,5.219,0.000
23,ec.gp.GPIndividual@1767215974{-7858927},3C_20_66-02.txt,154.245,0.500,77.122,24,67.641,87.71,2.818,12.906,0.000
23,ec.gp.GPIndividual@1767215974{-7858927},3C_20_80-01.txt,4.194,0.500,2.097,1,15.828,754.71,15.828,15.828,0.000
23,ec.gp.GPIndividual@1767215974{-7858927},3C_20_66-03.txt,118.340,0.500,59.170,2,16.531,27.94,8.266,16.531,0.000
23,ec.gp.GPIndividual@1767215974{-7858927},3C_20_66-03.txt,118.340,0.500,59.170,2,9.078,15.34,4.539,16.531,0.000
23,ec.gp.GPIndividual@1767215974{-7858927},3C_20_66-01.txt,7.322,0.500,3.661,2,15.281,417.40,7.641,16.531,0.000
23,ec.gp.GPIndividual@1767215974{-7858927},3C_20_66-03.txt,118.340,0.500,59.170,4,22.422,37.89,5.605,20.328,0.000
23,ec.gp.GPIndividual@1767215974{-7858927},3C_20_66-02.txt,154.245,0.500,77.122,21,65.344,84.73,3.112,20.328,0.000
23,ec.gp.GPIndividual@1767215974{-7858927},3C_20_66-03.txt,118.340,0.500,59.170,2,11.734,19.83,5.867,20.328,0.000
23,ec.gp.GPIndividual@1767215974{-7858927},3C_20_80-01.txt,4.194,0.500,2.097,1,9.297,443.29,9.297,20.328,0.000
23,ec.gp.GPIndividual@1767215974{-7858927},3C_20_80-02.txt,35.738,0.500,17.869,2,13.125,73.45,6.563,20.328,0.000
23,ec.gp.GPIndividual@1767215974{-7858927},3C_20_80-01.txt,4.194,0.500,2.097,2,1.375,65.56,0.688,20.328,0.000
23,ec.gp.GPIndividual@1767215974{-7858927},3C_20_80-02.txt,35.738,0.500,17.869,3,15.578,87.18,5.193,20.328,0.000
23,ec.gp.GPIndividual@1767215974{-7858927},3C_20_80-01.txt,4.194,0.500,2.097,1,2.109,100.58,2.109,20.328,0.000
23,ec.gp.GPIndividual@1767215974{-7858927},3C_20_80-03.txt,169.439,0.500,84.719,24,82.344,97.20,3.431,23.156,0.000
23,ec.gp.GPIndividual@1767215974{-7858927},3C_20_80-03.txt,169.439,0.500,84.719,2,5.531,6.53,2.766,23.156,0.000
23,ec.gp.GPIndividual@1767215974{-7858927},3C_20_80-02.txt,35.738,0.500,17.869,2,4.594,25.71,2.297,23.156,0.000
23,ec.gp.GPIndividual@1767215974{-7858927},3C_20_80-02.txt,35.738,0.500,17.869,2,11.516,64.44,5.758,23.156,0.000
23,ec.gp.GPIndividual@1767215974{-7858927},3C_20_80-01.txt,4.194,0.500,2.097,2,14.188,676.48,7.094,23.156,0.000
23,ec.gp.GPIndividual@1290594579{1352851277},3C_20_50-02.txt,61.404,0.500,30.702,2,2.656,8.65,1.328,2.156,0.500
23,ec.gp.GPIndividual@1290594579{1352851277},3C_20_80-02.txt,35.738,0.500,17.869,7,26.922,150.66,3.846,18.031,0.500
23,ec.gp.GPIndividual@1290594579{1352851277},3C_20_66-02.txt,154.245,0.500,77.122,20,52.938,68.64,2.647,18.266,0.000
23,ec.gp.GPIndividual@1290594579{1352851277},3C_20_80-03.txt,169.439,0.500,84.719,2,19.688,23.24,9.844,19.688,0.000
23,ec.gp.GPIndividual@1290594579{1352851277},3C_20_50-03.txt,30.993,0.500,15.496,1,21.453,138.44,21.453,21.453,0.000
23,ec.gp.GPIndividual@1290594579{1352851277},3C_20_80-03.txt,169.439,0.500,84.719,2,17.094,20.18,8.547,21.453,0.000
23,ec.gp.GPIndividual@1290594579{1352851277},3C_20_66-03.txt,118.340,0.500,59.170,2,22.891,38.69,11.445,22.891,0.000
23,ec.gp.GPIndividual@1290594579{1352851277},3C_20_80-03.txt,169.439,0.500,84.719,1,28.609,33.77,28.609,28.609,0.000
23,ec.gp.GPIndividual@201197211{2089201262},3C_20_50-02.txt,61.404,0.500,30.702,7,31.516,102.65,4.502,6.563,0.516
23,ec.gp.GPIndividual@1661902986{-259158870},3C_20_50-02.txt,61.404,0.500,30.702,3,5.391,17.56,1.797,2.703,0.531
23,ec.gp.GPIndividual@1661902986{-259158870},3C_20_80-01.txt,4.194,0.500,2.097,3,1.969,93.87,0.656,2.703,0.000
23,ec.gp.GPIndividual@1661902986{-259158870},3C_20_50-03.txt,30.993,0.500,15.496,2,5.703,36.80,2.852,4.844,0.000
23,ec.gp.GPIndividual@68724370{-628458648},3C_20_50-02.txt,61.404,0.500,30.702,5,20.375,66.36,4.075,8.219,0.422
23,ec.gp.GPIndividual@1867878324{1386538456},3C_20_50-02.txt,61.404,0.500,30.702,11,31.313,101.99,2.847,7.594,0.516
23,ec.gp.GPIndividual@1867878324{1386538456},3C_20_66-01.txt,7.322,0.500,3.661,2,4.156,113.52,2.078,7.594,0.516
23,ec.gp.GPIndividual@1867878324{1386538456},3C_20_50-03.txt,30.993,0.500,15.496,1,1.078,6.96,1.078,7.594,0.516
23,ec.gp.GPIndividual@1867878324{1386538456},3C_20_66-02.txt,154.245,0.500,77.122,4,12.906,16.73,3.227,7.594,0.000
23,ec.gp.GPIndividual@1867878324{1386538456},3C_20_50-03.txt,30.993,0.500,15.496,2,10.578,68.26,5.289,10.578,0.000
23,ec.gp.GPIndividual@1867878324{1386538456},3C_20_50-03.txt,30.993,0.500,15.496,6,18.969,122.41,3.161,10.578,0.000
23,ec.gp.GPIndividual@1867878324{1386538456},3C_20_66-01.txt,7.322,0.500,3.661,1,0.531,14.51,0.531,10.578,0.000
23,ec.gp.GPIndividual@1867878324{1386538456},3C_20_66-01.txt,7.322,0.500,3.661,2,3.703,101.15,1.852,10.578,0.000
23,ec.gp.GPIndividual@1867878324{1386538456},3C_20_66-01.txt,7.322,0.500,3.661,4,3.297,90.05,0.824,10.578,0.000
23,ec.gp.GPIndividual@1867878324{1386538456},3C_20_66-03.txt,118.340,0.500,59.170,1,0.656,1.11,0.656,10.578,0.000
23,ec.gp.GPIndividual@1867878324{1386538456},3C_20_66-02.txt,154.245,0.500,77.122,3,6.406,8.31,2.135,10.578,0.000
23,ec.gp.GPIndividual@1867878324{1386538456},3C_20_80-02.txt,35.738,0.500,17.869,1,1.125,6.30,1.125,10.578,0.000
23,ec.gp.GPIndividual@1867878324{1386538456},3C_20_66-02.txt,154.245,0.500,77.122,23,60.000,77.80,2.609,11.422,0.000
23,ec.gp.GPIndividual@1867878324{1386538456},3C_20_66-03.txt,118.340,0.500,59.170,2,12.094,20.44,6.047,12.094,0.000
23,ec.gp.GPIndividual@1867878324{1386538456},3C_20_80-03.txt,169.439,0.500,84.719,2,13.000,15.34,6.500,13.000,0.000
23,ec.gp.GPIndividual@1867878324{1386538456},3C_20_80-01.txt,4.194,0.500,2.097,1,14.453,689.15,14.453,14.453,0.000
23,ec.gp.GPIndividual@1867878324{1386538456},3C_20_66-03.txt,118.340,0.500,59.170,4,23.219,39.24,5.805,21.109,0.000
23,ec.gp.GPIndividual@1867878324{1386538456},3C_20_66-02.txt,154.245,0.500,77.122,18,75.031,97.29,4.168,26.047,0.000
23,ec.gp.GPIndividual@1867878324{1386538456},3C_20_66-03.txt,118.340,0.500,59.170,2,2.203,3.72,1.102,26.047,0.000
23,ec.gp.GPIndividual@1867878324{1386538456},3C_20_80-02.txt,35.738,0.500,17.869,2,5.484,30.69,2.742,26.047,0.000
23,ec.gp.GPIndividual@1867878324{1386538456},3C_20_80-01.txt,4.194,0.500,2.097,1,8.078,385.18,8.078,26.047,0.000
23,ec.gp.GPIndividual@1867878324{1386538456},3C_20_80-01.txt,4.194,0.500,2.097,3,1.922,91.64,0.641,26.047,0.000
23,ec.gp.GPIndividual@1867878324{1386538456},3C_20_80-02.txt,35.738,0.500,17.869,1,0.531,2.97,0.531,26.047,0.000
23,ec.gp.GPIndividual@1867878324{1386538456},3C_20_80-02.txt,35.738,0.500,17.869,5,21.281,119.10,4.256,26.047,0.000
23,ec.gp.GPIndividual@1867878324{1386538456},3C_20_66-01.txt,7.322,0.500,3.661,3,4.172,113.95,1.391,26.047,0.000
23,ec.gp.GPIndividual@1867878324{1386538456},3C_20_80-03.txt,169.439,0.500,84.719,2,0.516,0.61,0.258,26.047,0.000
23,ec.gp.GPIndividual@1867878324{1386538456},3C_20_80-03.txt,169.439,0.500,84.719,4,8.141,9.61,2.035,26.047,0.000
23,ec.gp.GPIndividual@1867878324{1386538456},3C_20_80-03.txt,169.439,0.500,84.719,8,55.094,65.03,6.887,28.094,0.000
23,ec.gp.GPIndividual@838328495{-140814791},3C_20_50-02.txt,61.404,0.500,30.702,6,17.313,56.39,2.885,8.969,0.000
23,ec.gp.GPIndividual@838328495{-140814791},3C_20_50-03.txt,30.993,0.500,15.496,1,23.203,149.73,23.203,23.203,0.000
23,ec.gp.GPIndividual@566202068{-337836939},3C_20_50-02.txt,61.404,0.500,30.702,2,26.125,85.09,13.063,25.594,0.531
23,ec.gp.GPIndividual@713136433{-266221838},3C_20_50-02.txt,61.404,0.500,30.702,3,30.719,100.05,10.240,28.547,0.313
23,ec.gp.GPIndividual@713136433{-266221838},3C_20_66-02.txt,154.245,0.500,77.122,4,65.453,84.87,16.363,30.875,0.313
23,ec.gp.GPIndividual@1640841402{1015093052},3C_20_50-02.txt,61.404,0.500,30.702,0,0.000,0.00,0.000,0.000,0.000
23,ec.gp.GPIndividual@1640841402{1015093052},3C_20_50-03.txt,30.993,0.500,15.496,0,0.000,0.00,0.000,0.000,0.000
23,ec.gp.GPIndividual@1640841402{1015093052},3C_20_66-01.txt,7.322,0.500,3.661,0,0.000,0.00,0.000,0.000,0.000
23,ec.gp.GPIndividual@1640841402{1015093052},3C_20_66-02.txt,154.245,0.500,77.122,0,0.000,0.00,0.000,0.000,0.000
23,ec.gp.GPIndividual@1640841402{1015093052},3C_20_66-03.txt,118.340,0.500,59.170,0,0.000,0.00,0.000,0.000,0.000
23,ec.gp.GPIndividual@1640841402{1015093052},3C_20_80-01.txt,4.194,0.500,2.097,0,0.000,0.00,0.000,0.000,0.000
23,ec.gp.GPIndividual@1640841402{1015093052},3C_20_80-02.txt,35.738,0.500,17.869,0,0.000,0.00,0.000,0.000,0.000
23,ec.gp.GPIndividual@1640841402{1015093052},3C_20_80-03.txt,169.439,0.500,84.719,0,0.000,0.00,0.000,0.000,0.000
23,ec.gp.GPIndividual@973386333{21663622},3C_20_50-02.txt,61.404,0.500,30.702,14,30.266,98.58,2.162,6.969,0.000
23,ec.gp.GPIndividual@973386333{21663622},3C_20_66-03.txt,118.340,0.500,59.170,2,1.063,1.80,0.531,6.969,0.000
23,ec.gp.GPIndividual@973386333{21663622},3C_20_66-01.txt,7.322,0.500,3.661,3,3.406,93.04,1.135,6.969,0.000
23,ec.gp.GPIndividual@973386333{21663622},3C_20_50-03.txt,30.993,0.500,15.496,3,4.969,32.06,1.656,6.969,0.000
23,ec.gp.GPIndividual@973386333{21663622},3C_20_50-03.txt,30.993,0.500,15.496,3,8.250,53.24,2.750,6.969,0.000
23,ec.gp.GPIndividual@973386333{21663622},3C_20_50-03.txt,30.993,0.500,15.496,4,17.875,115.35,4.469,9.969,0.000
23,ec.gp.GPIndividual@973386333{21663622},3C_20_66-01.txt,7.322,0.500,3.661,2,2.375,64.87,1.188,9.969,0.000
23,ec.gp.GPIndividual@973386333{21663622},3C_20_80-01.txt,4.194,0.500,2.097,1,6.313,300.99,6.313,9.969,0.000
23,ec.gp.GPIndividual@973386333{21663622},3C_20_80-01.txt,4.194,0.500,2.097,3,2.906,138.57,0.969,9.969,0.000
23,ec.gp.GPIndividual@973386333{21663622},3C_20_66-02.txt,154.245,0.500,77.122,1,0.141,0.18,0.141,9.969,0.000
23,ec.gp.GPIndividual@973386333{21663622},3C_20_80-02.txt,35.738,0.500,17.869,2,1.625,9.09,0.813,9.969,0.000
23,ec.gp.GPIndividual@973386333{21663622},3C_20_80-02.txt,35.738,0.500,17.869,7,18.547,103.79,2.650,9.969,0.000
23,ec.gp.GPIndividual@973386333{21663622},3C_20_66-02.txt,154.245,0.500,77.122,1,0.344,0.45,0.344,9.969,0.000
23,ec.gp.GPIndividual@973386333{21663622},3C_20_80-03.txt,169.439,0.500,84.719,2,2.344,2.77,1.172,9.969,0.000
23,ec.gp.GPIndividual@973386333{21663622},3C_20_66-03.txt,118.340,0.500,59.170,1,3.688,6.23,3.688,9.969,0.000
23,ec.gp.GPIndividual@973386333{21663622},3C_20_66-01.txt,7.322,0.500,3.661,2,3.719,101.57,1.859,9.969,0.000
23,ec.gp.GPIndividual@973386333{21663622},3C_20_66-03.txt,118.340,0.500,59.170,3,2.109,3.56,0.703,9.969,0.000
23,ec.gp.GPIndividual@973386333{21663622},3C_20_80-03.txt,169.439,0.500,84.719,2,5.391,6.36,2.695,9.969,0.000
23,ec.gp.GPIndividual@973386333{21663622},3C_20_66-01.txt,7.322,0.500,3.661,4,3.328,90.91,0.832,9.969,0.000
23,ec.gp.GPIndividual@973386333{21663622},3C_20_66-02.txt,154.245,0.500,77.122,2,0.875,1.13,0.438,9.969,0.000
23,ec.gp.GPIndividual@973386333{21663622},3C_20_66-02.txt,154.245,0.500,77.122,18,60.219,78.08,3.345,11.406,0.000
23,ec.gp.GPIndividual@973386333{21663622},3C_20_66-03.txt,118.340,0.500,59.170,2,12.672,21.42,6.336,12.672,0.000
23,ec.gp.GPIndividual@973386333{21663622},3C_20_80-01.txt,4.194,0.500,2.097,1,12.063,575.16,12.063,12.672,0.000
23,ec.gp.GPIndividual@973386333{21663622},3C_20_66-03.txt,118.340,0.500,59.170,2,15.516,26.22,7.758,15.516,0.000
23,ec.gp.GPIndividual@973386333{21663622},3C_20_80-01.txt,4.194,0.500,2.097,2,1.406,67.05,0.703,15.516,0.000
23,ec.gp.GPIndividual@973386333{21663622},3C_20_80-02.txt,35.738,0.500,17.869,2,19.641,109.91,9.820,18.734,0.000
23,ec.gp.GPIndividual@931455029{-1855051633},3C_20_50-02.txt,61.404,0.500,30.702,12,31.750,103.41,2.646,6.531,0.375
23,ec.gp.GPIndividual@931455029{-1855051633},3C_20_80-02.txt,35.738,0.500,17.869,2,2.000,11.19,1.000,6.531,0.000
23,ec.gp.GPIndividual@931455029{-1855051633},3C_20_50-03.txt,30.993,0.500,15.496,1,28.391,183.21,28.391,28.391,0.000
23,ec.gp.GPIndividual@707256856{1166589740},3C_20_50-02.txt,61.404,0.500,30.702,0,0.000,0.00,0.000,0.000,0.000
23,ec.gp.GPIndividual@707256856{1166589740},3C_20_50-03.txt,30.993,0.500,15.496,0,0.000,0.00,0.000,0.000,0.000
23,ec.gp.GPIndividual@707256856{1166589740},3C_20_66-01.txt,7.322,0.500,3.661,0,0.000,0.00,0.000,0.000,0.000
23,ec.gp.GPIndividual@707256856{1166589740},3C_20_66-02.txt,154.245,0.500,77.122,0,0.000,0.00,0.000,0.000,0.000
23,ec.gp.GPIndividual@707256856{1166589740},3C_20_66-03.txt,118.340,0.500,59.170,0,0.000,0.00,0.000,0.000,0.000
23,ec.gp.GPIndividual@707256856{1166589740},3C_20_80-01.txt,4.194,0.500,2.097,0,0.000,0.00,0.000,0.000,0.000
23,ec.gp.GPIndividual@707256856{1166589740},3C_20_80-02.txt,35.738,0.500,17.869,0,0.000,0.00,0.000,0.000,0.000
23,ec.gp.GPIndividual@707256856{1166589740},3C_20_80-03.txt,169.439,0.500,84.719,0,0.000,0.00,0.000,0.000,0.000
23,ec.gp.GPIndividual@1638155625{-848799771},3C_20_50-02.txt,61.404,0.500,30.702,3,30.563,99.55,10.188,29.359,0.297
23,ec.gp.GPIndividual@1337080985{692647493},3C_20_50-02.txt,61.404,0.500,30.702,8,24.359,79.34,3.045,18.375,0.000
23,ec.gp.GPIndividual@1337080985{692647493},3C_20_66-01.txt,7.322,0.500,3.661,4,3.516,96.03,0.879,18.375,0.000
23,ec.gp.GPIndividual@1337080985{692647493},3C_20_66-02.txt,154.245,0.500,77.122,3,3.078,3.99,1.026,18.375,0.000
23,ec.gp.GPIndividual@1337080985{692647493},3C_20_50-03.txt,30.993,0.500,15.496,2,0.484,3.13,0.242,18.375,0.000
23,ec.gp.GPIndividual@1337080985{692647493},3C_20_80-03.txt,169.439,0.500,84.719,16,62.703,74.01,3.919,24.063,0.000
23,ec.gp.GPIndividual@1337080985{692647493},3C_20_80-02.txt,35.738,0.500,17.869,1,26.453,148.04,26.453,26.453,0.000
23,ec.gp.GPIndividual@1110764566{833610245},3C_20_50-02.txt,61.404,0.500,30.702,2,24.797,80.77,12.398,24.797,0.000
23,ec.gp.GPIndividual@1110764566{833610245},3C_20_66-03.txt,118.340,0.500,59.170,5,34.344,58.04,6.869,31.094,0.000
23,ec.gp.GPIndividual@1110764566{833610245},3C_20_50-03.txt,30.993,0.500,15.496,5,23.422,151.15,4.684,31.094,0.000
23,ec.gp.GPIndividual@1110764566{833610245},3C_20_66-01.txt,7.322,0.500,3.661,1,4.938,134.86,4.938,31.094,0.000
23,ec.gp.GPIndividual@1110764566{833610245},3C_20_80-01.txt,4.194,0.500,2.097,1,3.266,155.71,3.266,31.094,0.000
23,ec.gp.GPIndividual@1110764566{833610245},3C_20_66-01.txt,7.322,0.500,3.661,3,3.953,107.98,1.318,31.094,0.000
23,ec.gp.GPIndividual@1110764566{833610245},3C_20_50-03.txt,30.993,0.500,15.496,4,2.375,15.33,0.594,31.094,0.000
23,ec.gp.GPIndividual@1110764566{833610245},3C_20_80-03.txt,169.439,0.500,84.719,1,1.219,1.44,1.219,31.094,0.000
23,ec.gp.GPIndividual@1110764566{833610245},3C_20_66-02.txt,154.245,0.500,77.122,20,58.531,75.89,2.927,31.094,0.000
23,ec.gp.GPIndividual@1110764566{833610245},3C_20_80-02.txt,35.738,0.500,17.869,1,21.422,119.88,21.422,31.094,0.000
23,ec.gp.GPIndividual@1110764566{833610245},3C_20_66-03.txt,118.340,0.500,59.170,1,23.984,40.53,23.984,31.094,0.000
23,ec.gp.GPIndividual@1139305329{1340782843},3C_20_50-02.txt,61.404,0.500,30.702,7,30.375,98.93,4.339,26.203,0.000
23,ec.gp.GPIndividual@1139305329{1340782843},3C_20_66-02.txt,154.245,0.500,77.122,3,2.172,2.82,0.724,26.203,0.000
23,ec.gp.GPIndividual@1139305329{1340782843},3C_20_80-03.txt,169.439,0.500,84.719,14,69.438,81.96,4.960,26.203,0.000
23,ec.gp.GPIndividual@651154239{-1567266013},3C_20_50-02.txt,61.404,0.500,30.702,3,19.359,63.06,6.453,19.078,0.000
23,ec.gp.GPIndividual@651154239{-1567266013},3C_20_66-03.txt,118.340,0.500,59.170,2,21.609,36.52,10.805,21.609,0.000
23,ec.gp.GPIndividual@651154239{-1567266013},3C_20_80-01.txt,4.194,0.500,2.097,3,1.703,81.21,0.568,21.609,0.000
23,ec.gp.GPIndividual@651154239{-1567266013},3C_20_50-03.txt,30.993,0.500,15.496,2,14.000,90.34,7.000,21.609,0.000
23,ec.gp.GPIndividual@651154239{-1567266013},3C_20_66-01.txt,7.322,0.500,3.661,2,23.969,654.69,11.984,23.094,0.000
23,ec.gp.GPIndividual@651154239{-1567266013},3C_20_50-03.txt,30.993,0.500,15.496,8,16.594,107.08,2.074,23.094,0.000
23,ec.gp.GPIndividual@651154239{-1567266013},3C_20_66-01.txt,7.322,0.500,3.661,2,2.375,64.87,1.188,23.094,0.000
23,ec.gp.GPIndividual@651154239{-1567266013},3C_20_66-01.txt,7.322,0.500,3.661,3,1.922,52.49,0.641,23.094,0.000
23,ec.gp.GPIndividual@651154239{-1567266013},3C_20_66-02.txt,154.245,0.500,77.122,20,69.125,89.63,3.456,23.094,0.000
23,ec.gp.GPIndividual@651154239{-1567266013},3C_20_80-02.txt,35.738,0.500,17.869,1,24.578,137.55,24.578,24.578,0.000
23,ec.gp.GPIndividual@651154239{-1567266013},3C_20_66-02.txt,154.245,0.500,77.122,2,21.219,27.51,10.609,24.578,0.000
23,ec.gp.GPIndividual@651154239{-1567266013},3C_20_66-03.txt,118.340,0.500,59.170,14,60.328,101.96,4.309,27.781,0.000
23,ec.gp.GPIndividual@651154239{-1567266013},3C_20_66-02.txt,154.245,0.500,77.122,2,5.563,7.21,2.781,27.781,0.000
23,ec.gp.GPIndividual@651154239{-1567266013},3C_20_66-03.txt,118.340,0.500,59.170,2,6.000,10.14,3.000,27.781,0.000
23,ec.gp.GPIndividual@651154239{-1567266013},3C_20_80-03.txt,169.439,0.500,84.719,3,6.234,7.36,2.078,27.781,0.000
23,ec.gp.GPIndividual@651154239{-1567266013},3C_20_80-01.txt,4.194,0.500,2.097,2,13.531,645.19,6.766,27.781,0.000
23,ec.gp.GPIndividual@651154239{-1567266013},3C_20_80-01.txt,4.194,0.500,2.097,2,1.594,75.99,0.797,27.781,0.000
23,ec.gp.GPIndividual@651154239{-1567266013},3C_20_80-02.txt,35.738,0.500,17.869,2,0.438,2.45,0.219,27.781,0.000
23,ec.gp.GPIndividual@651154239{-1567266013},3C_20_66-03.txt,118.340,0.500,59.170,19,48.359,81.73,2.545,27.781,0.000
23,ec.gp.GPIndividual@651154239{-1567266013},3C_20_80-01.txt,4.194,0.500,2.097,2,12.172,580.38,6.086,27.781,0.000
23,ec.gp.GPIndividual@651154239{-1567266013},3C_20_80-03.txt,169.439,0.500,84.719,1,0.578,0.68,0.578,27.781,0.000
23,ec.gp.GPIndividual@651154239{-1567266013},3C_20_80-02.txt,35.738,0.500,17.869,2,13.359,74.76,6.680,27.781,0.000
23,ec.gp.GPIndividual@651154239{-1567266013},3C_20_80-01.txt,4.194,0.500,2.097,1,8.297,395.61,8.297,27.781,0.000
23,ec.gp.GPIndividual@651154239{-1567266013},3C_20_80-02.txt,35.738,0.500,17.869,9,29.656,165.96,3.295,27.781,0.000
23,ec.gp.GPIndividual@2089611591{2077802977},3C_20_50-02.txt,61.404,0.500,30.702,15,24.781,80.71,1.652,9.125,0.000
23,ec.gp.GPIndividual@2089611591{2077802977},3C_20_80-03.txt,169.439,0.500,84.719,2,8.766,10.35,4.383,9.125,0.000
23,ec.gp.GPIndividual@2089611591{2077802977},3C_20_80-03.txt,169.439,0.500,84.719,2,6.531,7.71,3.266,9.125,0.000
23,ec.gp.GPIndividual@2089611591{2077802977},3C_20_50-03.txt,30.993,0.500,15.496,2,6.031,38.92,3.016,9.125,0.000
23,ec.gp.GPIndividual@2089611591{2077802977},3C_20_80-02.txt,35.738,0.500,17.869,9,16.469,92.16,1.830,9.125,0.000
23,ec.gp.GPIndividual@1989328733{468230736},3C_20_50-02.txt,61.404,0.500,30.702,12,18.719,60.97,1.560,9.891,0.141
23,ec.gp.GPIndividual@1642433591{1091856941},3C_20_50-02.txt,61.404,0.500,30.702,3,9.219,30.03,3.073,9.031,0.000
23,ec.gp.GPIndividual@1642433591{1091856941},3C_20_50-03.txt,30.993,0.500,15.496,2,8.766,56.57,4.383,9.031,0.000
23,ec.gp.GPIndividual@1642433591{1091856941},3C_20_66-02.txt,154.245,0.500,77.122,17,73.453,95.24,4.321,27.000,0.000
23,ec.gp.GPIndividual@1642433591{1091856941},3C_20_50-03.txt,30.993,0.500,15.496,2,14.031,90.55,7.016,27.000,0.000
23,ec.gp.GPIndividual@1642433591{1091856941},3C_20_66-03.txt,118.340,0.500,59.170,5,27.469,46.42,5.494,27.000,0.000
23,ec.gp.GPIndividual@1642433591{1091856941},3C_20_66-01.txt,7.322,0.500,3.661,1,4.172,113.95,4.172,27.000,0.000
23,ec.gp.GPIndividual@1642433591{1091856941},3C_20_80-01.txt,4.194,0.500,2.097,4,2.094,99.83,0.523,27.000,0.000
23,ec.gp.GPIndividual@1642433591{1091856941},3C_20_80-02.txt,35.738,0.500,17.869,2,0.266,1.49,0.133,27.000,0.000
23,ec.gp.GPIndividual@1642433591{1091856941},3C_20_66-02.txt,154.245,0.500,77.122,22,76.156,98.75,3.462,27.000,0.000
23,ec.gp.GPIndividual@1642433591{1091856941},3C_20_66-03.txt,118.340,0.500,59.170,2,22.266,37.63,11.133,27.000,0.000
23,ec.gp.GPIndividual@1642433591{1091856941},3C_20_66-01.txt,7.322,0.500,3.661,3,3.359,91.76,1.120,27.000,0.000
23,ec.gp.GPIndividual@1642433591{1091856941},3C_20_80-01.txt,4.194,0.500,2.097,2,5.547,264.48,2.773,27.000,0.000
23,ec.gp.GPIndividual@1642433591{1091856941},3C_20_80-03.txt,169.439,0.500,84.719,13,72.984,86.15,5.614,31.344,0.000
23,ec.gp.GPIndividual@1038218354{-555219419},3C_20_50-02.txt,61.404,0.500,30.702,0,0.000,0.00,0.000,0.000,0.000
23,ec.gp.GPIndividual@1038218354{-555219419},3C_20_50-03.txt,30.993,0.500,15.496,0,0.000,0.00,0.000,0.000,0.000
23,ec.gp.GPIndividual@1038218354{-555219419},3C_20_66-01.txt,7.322,0.500,3.661,0,0.000,0.00,0.000,0.000,0.000
23,ec.gp.GPIndividual@1038218354{-555219419},3C_20_66-02.txt,154.245,0.500,77.122,0,0.000,0.00,0.000,0.000,0.000
23,ec.gp.GPIndividual@1038218354{-555219419},3C_20_66-03.txt,118.340,0.500,59.170,0,0.000,0.00,0.000,0.000,0.000
23,ec.gp.GPIndividual@1038218354{-555219419},3C_20_80-01.txt,4.194,0.500,2.097,0,0.000,0.00,0.000,0.000,0.000
23,ec.gp.GPIndividual@1038218354{-555219419},3C_20_80-02.txt,35.738,0.500,17.869,0,0.000,0.00,0.000,0.000,0.000
23,ec.gp.GPIndividual@1038218354{-555219419},3C_20_80-03.txt,169.439,0.500,84.719,0,0.000,0.00,0.000,0.000,0.000
23,ec.gp.GPIndividual@450135118{-713553363},3C_20_50-02.txt,61.404,0.500,30.702,8,19.109,62.24,2.389,10.047,0.000
23,ec.gp.GPIndividual@450135118{-713553363},3C_20_50-03.txt,30.993,0.500,15.496,6,9.766,63.02,1.628,10.047,0.000
23,ec.gp.GPIndividual@450135118{-713553363},3C_20_66-01.txt,7.322,0.500,3.661,6,1.891,51.64,0.315,10.047,0.000
23,ec.gp.GPIndividual@450135118{-713553363},3C_20_66-02.txt,154.245,0.500,77.122,10,47.953,62.18,4.795,19.453,0.000
23,ec.gp.GPIndividual@450135118{-713553363},3C_20_66-03.txt,118.340,0.500,59.170,7,42.578,71.96,6.083,19.453,0.000
23,ec.gp.GPIndividual@450135118{-713553363},3C_20_80-01.txt,4.194,0.500,2.097,8,1.844,87.91,0.230,19.453,0.000
23,ec.gp.GPIndividual@450135118{-713553363},3C_20_80-02.txt,35.738,0.500,17.869,7,7.766,43.46,1.109,19.453,0.000
23,ec.gp.GPIndividual@450135118{-713553363},3C_20_80-03.txt,169.439,0.500,84.719,2,34.359,40.56,17.180,33.578,0.000
24,ec.gp.GPIndividual@1690169357{1750192971},3C_20_50-02.txt,61.404,0.500,30.702,0,0.000,0.00,0.000,0.000,0.000
24,ec.gp.GPIndividual@1619942389{350614151},3C_20_50-02.txt,61.404,0.500,30.702,0,0.000,0.00,0.000,0.000,0.000
24,ec.gp.GPIndividual@1619942389{350614151},3C_20_66-01.txt,7.322,0.500,3.661,0,0.000,0.00,0.000,0.000,0.000
24,ec.gp.GPIndividual@1619942389{350614151},3C_20_66-01.txt,7.322,0.500,3.661,0,0.000,0.00,0.000,0.000,0.000
24,ec.gp.GPIndividual@1619942389{350614151},3C_20_66-02.txt,154.245,0.500,77.122,0,0.000,0.00,0.000,0.000,0.000
24,ec.gp.GPIndividual@1619942389{350614151},3C_20_66-02.txt,154.245,0.500,77.122,0,0.000,0.00,0.000,0.000,0.000
24,ec.gp.GPIndividual@1619942389{350614151},3C_20_66-03.txt,118.340,0.500,59.170,0,0.000,0.00,0.000,0.000,0.000
24,ec.gp.GPIndividual@1619942389{350614151},3C_20_80-01.txt,4.194,0.500,2.097,0,0.000,0.00,0.000,0.000,0.000
24,ec.gp.GPIndividual@1619942389{350614151},3C_20_66-02.txt,154.245,0.500,77.122,0,0.000,0.00,0.000,0.000,0.000
24,ec.gp.GPIndividual@1619942389{350614151},3C_20_80-02.txt,35.738,0.500,17.869,0,0.000,0.00,0.000,0.000,0.000
24,ec.gp.GPIndividual@1619942389{350614151},3C_20_80-02.txt,35.738,0.500,17.869,0,0.000,0.00,0.000,0.000,0.000
24,ec.gp.GPIndividual@1619942389{350614151},3C_20_66-03.txt,118.340,0.500,59.170,0,0.000,0.00,0.000,0.000,0.000
24,ec.gp.GPIndividual@1207117956{-1839364699},3C_20_50-02.txt,61.404,0.500,30.702,0,0.000,0.00,0.000,0.000,0.000
24,ec.gp.GPIndividual@1207117956{-1839364699},3C_20_80-01.txt,4.194,0.500,2.097,0,0.000,0.00,0.000,0.000,0.000
24,ec.gp.GPIndividual@1207117956{-1839364699},3C_20_80-02.txt,35.738,0.500,17.869,0,0.000,0.00,0.000,0.000,0.000
24,ec.gp.GPIndividual@1207117956{-1839364699},3C_20_80-03.txt,169.439,0.500,84.719,0,0.000,0.00,0.000,0.000,0.000
24,ec.gp.GPIndividual@1880853145{1015093052},3C_20_50-02.txt,61.404,0.500,30.702,0,0.000,0.00,0.000,0.000,0.000
24,ec.gp.GPIndividual@1880853145{1015093052},3C_20_50-03.txt,30.993,0.500,15.496,0,0.000,0.00,0.000,0.000,0.000
24,ec.gp.GPIndividual@1880853145{1015093052},3C_20_66-01.txt,7.322,0.500,3.661,0,0.000,0.00,0.000,0.000,0.000
24,ec.gp.GPIndividual@1880853145{1015093052},3C_20_66-02.txt,154.245,0.500,77.122,0,0.000,0.00,0.000,0.000,0.000
24,ec.gp.GPIndividual@1880853145{1015093052},3C_20_66-03.txt,118.340,0.500,59.170,0,0.000,0.00,0.000,0.000,0.000
24,ec.gp.GPIndividual@1880853145{1015093052},3C_20_80-01.txt,4.194,0.500,2.097,0,0.000,0.00,0.000,0.000,0.000
24,ec.gp.GPIndividual@1880853145{1015093052},3C_20_80-02.txt,35.738,0.500,17.869,0,0.000,0.00,0.000,0.000,0.000
24,ec.gp.GPIndividual@1880853145{1015093052},3C_20_80-03.txt,169.439,0.500,84.719,0,0.000,0.00,0.000,0.000,0.000
24,ec.gp.GPIndividual@672524686{-1941235813},3C_20_50-02.txt,61.404,0.500,30.702,1,0.359,1.17,0.359,0.359,0.359
24,ec.gp.GPIndividual@672524686{-1941235813},3C_20_50-03.txt,30.993,0.500,15.496,3,1.078,6.96,0.359,0.359,0.359
24,ec.gp.GPIndividual@672524686{-1941235813},3C_20_50-03.txt,30.993,0.500,15.496,7,12.031,77.64,1.719,4.188,0.359
24,ec.gp.GPIndividual@672524686{-1941235813},3C_20_66-01.txt,7.322,0.500,3.661,2,5.156,140.84,2.578,4.188,0.359
24,ec.gp.GPIndividual@672524686{-1941235813},3C_20_50-03.txt,30.993,0.500,15.496,1,4.359,28.13,4.359,4.359,0.359
24,ec.gp.GPIndividual@672524686{-1941235813},3C_20_66-01.txt,7.322,0.500,3.661,2,5.219,142.55,2.609,4.359,0.359
24,ec.gp.GPIndividual@672524686{-1941235813},3C_20_50-03.txt,30.993,0.500,15.496,2,0.484,3.13,0.242,4.359,0.000
24,ec.gp.GPIndividual@672524686{-1941235813},3C_20_50-03.txt,30.993,0.500,15.496,2,0.578,3.73,0.289,4.359,0.000
24,ec.gp.GPIndividual@672524686{-1941235813},3C_20_50-03.txt,30.993,0.500,15.496,1,0.922,5.95,0.922,4.359,0.000
24,ec.gp.GPIndividual@672524686{-1941235813},3C_20_66-02.txt,154.245,0.500,77.122,1,0.813,1.05,0.813,4.359,0.000
24,ec.gp.GPIndividual@672524686{-1941235813},3C_20_66-02.txt,154.245,0.500,77.122,1,2.547,3.30,2.547,4.359,0.000
24,ec.gp.GPIndividual@672524686{-1941235813},3C_20_66-03.txt,118.340,0.500,59.170,1,2.563,4.33,2.563,4.359,0.000
24,ec.gp.GPIndividual@672524686{-1941235813},3C_20_66-03.txt,118.340,0.500,59.170,5,24.000,40.56,4.800,6.406,0.000
24,ec.gp.GPIndividual@672524686{-1941235813},3C_20_80-01.txt,4.194,0.500,2.097,1,6.422,306.21,6.422,6.422,0.000
24,ec.gp.GPIndividual@672524686{-1941235813},3C_20_80-01.txt,4.194,0.500,2.097,1,0.875,41.72,0.875,6.422,0.000
24,ec.gp.GPIndividual@672524686{-1941235813},3C_20_80-02.txt,35.738,0.500,17.869,1,0.875,4.90,0.875,6.422,0.000
24,ec.gp.GPIndividual@672524686{-1941235813},3C_20_80-02.txt,35.738,0.500,17.869,3,22.281,124.69,7.427,7.516,0.000
24,ec.gp.GPIndividual@672524686{-1941235813},3C_20_66-01.txt,7.322,0.500,3.661,1,7.797,212.97,7.797,7.797,0.000
24,ec.gp.GPIndividual@672524686{-1941235813},3C_20_66-01.txt,7.322,0.500,3.661,1,2.250,61.46,2.250,7.797,0.000
24,ec.gp.GPIndividual@672524686{-1941235813},3C_20_80-03.txt,169.439,0.500,84.719,1,2.250,2.66,2.250,7.797,0.000
24,ec.gp.GPIndividual@672524686{-1941235813},3C_20_80-03.txt,169.439,0.500,84.719,3,2.297,2.71,0.766,7.797,0.000
24,ec.gp.GPIndividual@672524686{-1941235813},3C_20_66-01.txt,7.322,0.500,3.661,2,2.188,59.75,1.094,7.797,0.000
24,ec.gp.GPIndividual@672524686{-1941235813},3C_20_66-02.txt,154.245,0.500,77.122,6,9.609,12.46,1.602,7.797,0.000
24,ec.gp.GPIndividual@672524686{-1941235813},3C_20_66-01.txt,7.322,0.500,3.661,2,4.031,110.11,2.016,7.797,0.000
24,ec.gp.GPIndividual@672524686{-1941235813},3C_20_66-02.txt,154.245,0.500,77.122,1,0.547,0.71,0.547,7.797,0.000
24,ec.gp.GPIndividual@672524686{-1941235813},3C_20_66-03.txt,118.340,0.500,59.170,3,8.328,14.07,2.776,7.797,0.000
24,ec.gp.GPIndividual@179998841{-713553363},3C_20_50-02.txt,61.404,0.500,30.702,1,5.734,18.68,5.734,5.734,5.734
24,ec.gp.GPIndividual@366059285{-1266006135},3C_20_50-02.txt,61.404,0.500,30.702,18,33.203,108.15,1.845,6.297,0.172
24,ec.gp.GPIndividual@366059285{-1266006135},3C_20_80-01.txt,4.194,0.500,2.097,1,0.156,7.45,0.156,6.297,0.156
24,ec.gp.GPIndividual@366059285{-1266006135},3C_20_50-03.txt,30.993,0.500,15.496,3,4.391,28.33,1.464,6.297,0.000
24,ec.gp.GPIndividual@366059285{-1266006135},3C_20_66-03.txt,118.340,0.500,59.170,4,9.609,16.24,2.402,7.516,0.000
24,ec.gp.GPIndividual@366059285{-1266006135},3C_20_66-02.txt,154.245,0.500,77.122,4,11.188,14.51,2.797,7.516,0.000
24,ec.gp.GPIndividual@366059285{-1266006135},3C_20_50-03.txt,30.993,0.500,15.496,5,15.531,100.23,3.106,7.516,0.000
24,ec.gp.GPIndividual@366059285{-1266006135},3C_20_66-03.txt,118.340,0.500,59.170,2,0.703,1.19,0.352,7.516,0.000
24,ec.gp.GPIndividual@366059285{-1266006135},3C_20_80-02.txt,35.738,0.500,17.869,1,2.156,12.07,2.156,7.516,0.000
24,ec.gp.GPIndividual@366059285{-1266006135},3C_20_80-01.txt,4.194,0.500,2.097,1,4.281,204.14,4.281,7.516,0.000
24,ec.gp.GPIndividual@366059285{-1266006135},3C_20_66-01.txt,7.322,0.500,3.661,3,3.906,106.70,1.302,7.516,0.000
24,ec.gp.GPIndividual@366059285{-1266006135},3C_20_66-02.txt,154.245,0.500,77.122,1,0.328,0.43,0.328,7.516,0.000
24,ec.gp.GPIndividual@366059285{-1266006135},3C_20_80-03.txt,169.439,0.500,84.719,1,1.219,1.44,1.219,7.516,0.000
24,ec.gp.GPIndividual@366059285{-1266006135},3C_20_80-02.txt,35.738,0.500,17.869,4,33.500,187.47,8.375,22.078,0.000
24,ec.gp.GPIndividual@366059285{-1266006135},3C_20_66-02.txt,154.245,0.500,77.122,5,13.172,17.08,2.634,22.078,0.000
24,ec.gp.GPIndividual@366059285{-1266006135},3C_20_66-01.txt,7.322,0.500,3.661,2,3.953,107.98,1.977,22.078,0.000
24,ec.gp.GPIndividual@366059285{-1266006135},3C_20_66-03.txt,118.340,0.500,59.170,5,9.031,15.26,1.806,22.078,0.000
24,ec.gp.GPIndividual@366059285{-1266006135},3C_20_66-03.txt,118.340,0.500,59.170,11,51.266,86.64,4.661,22.078,0.000
24,ec.gp.GPIndividual@1260307334{-1941235813},3C_20_50-02.txt,61.404,0.500,30.702,3,11.875,38.68,3.958,11.531,0.000
24,ec.gp.GPIndividual@1260307334{-1941235813},3C_20_80-01.txt,4.194,0.500,2.097,2,13.906,663.07,6.953,13.016,0.000
24,ec.gp.GPIndividual@1260307334{-1941235813},3C_20_80-01.txt,4.194,0.500,2.097,1,21.734,1036.33,21.734,21.734,0.000
24,ec.gp.GPIndividual@1260307334{-1941235813},3C_20_80-01.txt,4.194,0.500,2.097,1,0.484,23.10,0.484,21.734,0.000
24,ec.gp.GPIndividual@1260307334{-1941235813},3C_20_80-02.txt,35.738,0.500,17.869,1,18.484,103.44,18.484,21.734,0.000
24,ec.gp.GPIndividual@1260307334{-1941235813},3C_20_66-02.txt,154.245,0.500,77.122,4,22.969,29.78,5.742,21.734,0.000
24,ec.gp.GPIndividual@1260307334{-1941235813},3C_20_80-03.txt,169.439,0.500,84.719,28,71.344,84.21,2.548,21.734,0.000
24,ec.gp.GPIndividual@1260307334{-1941235813},3C_20_66-03.txt,118.340,0.500,59.170,2,17.438,29.47,8.719,21.734,0.000
24,ec.gp.GPIndividual@1260307334{-1941235813},3C_20_80-03.txt,169.439,0.500,84.719,2,11.969,14.13,5.984,21.734,0.000
24,ec.gp.GPIndividual@1260307334{-1941235813},3C_20_80-02.txt,35.738,0.500,17.869,2,12.797,71.61,6.398,21.734,0.000
24,ec.gp.GPIndividual@1260307334{-1941235813},3C_20_80-02.txt,35.738,0.500,17.869,3,26.531,148.48,8.844,22.313,0.000
24,ec.gp.GPIndividual@725357990{424894339},3C_20_50-02.txt,61.404,0.500,30.702,5,28.141,91.66,5.628,25.188,0.000
24,ec.gp.GPIndividual@725357990{424894339},3C_20_50-03.txt,30.993,0.500,15.496,5,17.078,110.21,3.416,25.188,0.000
24,ec.gp.GPIndividual@1455069748{1948675049},3C_20_50-02.txt,61.404,0.500,30.702,0,0.000,0.00,0.000,0.000,0.000
24,ec.gp.GPIndividual@1455069748{1948675049},3C_20_50-03.txt,30.993,0.500,15.496,0,0.000,0.00,0.000,0.000,0.000
24,ec.gp.GPIndividual@1455069748{1948675049},3C_20_66-01.txt,7.322,0.500,3.661,0,0.000,0.00,0.000,0.000,0.000
24,ec.gp.GPIndividual@1455069748{1948675049},3C_20_66-02.txt,154.245,0.500,77.122,0,0.000,0.00,0.000,0.000,0.000
24,ec.gp.GPIndividual@1455069748{1948675049},3C_20_66-03.txt,118.340,0.500,59.170,0,0.000,0.00,0.000,0.000,0.000
24,ec.gp.GPIndividual@1455069748{1948675049},3C_20_80-01.txt,4.194,0.500,2.097,0,0.000,0.00,0.000,0.000,0.000
24,ec.gp.GPIndividual@1455069748{1948675049},3C_20_80-02.txt,35.738,0.500,17.869,0,0.000,0.00,0.000,0.000,0.000
24,ec.gp.GPIndividual@1455069748{1948675049},3C_20_80-03.txt,169.439,0.500,84.719,0,0.000,0.00,0.000,0.000,0.000
24,ec.gp.GPIndividual@1134069209{-729346252},3C_20_50-02.txt,61.404,0.500,30.702,0,0.000,0.00,0.000,0.000,0.000
24,ec.gp.GPIndividual@1134069209{-729346252},3C_20_50-03.txt,30.993,0.500,15.496,0,0.000,0.00,0.000,0.000,0.000
24,ec.gp.GPIndividual@1134069209{-729346252},3C_20_66-01.txt,7.322,0.500,3.661,0,0.000,0.00,0.000,0.000,0.000
24,ec.gp.GPIndividual@1134069209{-729346252},3C_20_66-02.txt,154.245,0.500,77.122,0,0.000,0.00,0.000,0.000,0.000
24,ec.gp.GPIndividual@1134069209{-729346252},3C_20_66-03.txt,118.340,0.500,59.170,0,0.000,0.00,0.000,0.000,0.000
24,ec.gp.GPIndividual@1134069209{-729346252},3C_20_80-01.txt,4.194,0.500,2.097,0,0.000,0.00,0.000,0.000,0.000
24,ec.gp.GPIndividual@1134069209{-729346252},3C_20_80-02.txt,35.738,0.500,17.869,0,0.000,0.00,0.000,0.000,0.000
24,ec.gp.GPIndividual@1134069209{-729346252},3C_20_80-03.txt,169.439,0.500,84.719,0,0.000,0.00,0.000,0.000,0.000
24,ec.gp.GPIndividual@1149448529{1725394632},3C_20_50-02.txt,61.404,0.500,30.702,4,5.313,17.30,1.328,1.922,0.500
24,ec.gp.GPIndividual@1149448529{1725394632},3C_20_80-01.txt,4.194,0.500,2.097,1,2.219,105.79,2.219,2.219,0.500
24,ec.gp.GPIndividual@1149448529{1725394632},3C_20_50-03.txt,30.993,0.500,15.496,8,15.625,100.83,1.953,4.266,0.500
24,ec.gp.GPIndividual@1149448529{1725394632},3C_20_50-03.txt,30.993,0.500,15.496,1,1.953,12.60,1.953,4.266,0.500
24,ec.gp.GPIndividual@1149448529{1725394632},3C_20_66-01.txt,7.322,0.500,3.661,1,4.203,114.81,4.203,4.266,0.500
24,ec.gp.GPIndividual@1149448529{1725394632},3C_20_66-01.txt,7.322,0.500,3.661,2,1.016,27.74,0.508,4.266,0.000
24,ec.gp.GPIndividual@1149448529{1725394632},3C_20_80-02.txt,35.738,0.500,17.869,3,4.938,27.63,1.646,4.266,0.000
24,ec.gp.GPIndividual@1149448529{1725394632},3C_20_80-03.txt,169.439,0.500,84.719,3,5.953,7.03,1.984,5.094,0.000
24,ec.gp.GPIndividual@1149448529{1725394632},3C_20_80-03.txt,169.439,0.500,84.719,18,70.531,83.25,3.918,20.547,0.000
24,ec.gp.GPIndividual@1149448529{1725394632},3C_20_80-03.txt,169.439,0.500,84.719,1,21.266,25.10,21.266,21.266,0.000
24,ec.gp.GPIndividual@1870570672{-1913965699},3C_20_50-02.txt,61.404,0.500,30.702,2,24.313,79.19,12.156,23.797,0.516
24,ec.gp.GPIndividual@2126426565{1775097895},3C_20_50-02.txt,61.404,0.500,30.702,4,29.281,95.37,7.320,26.938,0.000
24,ec.gp.GPIndividual@2126426565{1775097895},3C_20_66-02.txt,154.245,0.500,77.122,4,43.813,56.81,10.953,28.141,0.000
24,ec.gp.GPIndividual@2126426565{1775097895},3C_20_66-01.txt,7.322,0.500,3.661,3,2.984,81.52,0.995,28.141,0.000
24,ec.gp.GPIndividual@2126426565{1775097895},3C_20_50-03.txt,30.993,0.500,15.496,7,15.516,100.12,2.217,28.141,0.000
24,ec.gp.GPIndividual@2126426565{1775097895},3C_20_66-02.txt,154.245,0.500,77.122,2,1.438,1.86,0.719,28.141,0.000
24,ec.gp.GPIndividual@2126426565{1775097895},3C_20_50-03.txt,30.993,0.500,15.496,2,0.719,4.64,0.359,28.141,0.000
24,ec.gp.GPIndividual@2126426565{1775097895},3C_20_66-03.txt,118.340,0.500,59.170,1,2.313,3.91,2.313,28.141,0.000
24,ec.gp.GPIndividual@888308628{1386538456},3C_20_50-02.txt,61.404,0.500,30.702,11,29.141,94.91,2.649,5.969,0.344
24,ec.gp.GPIndividual@888308628{1386538456},3C_20_80-01.txt,4.194,0.500,2.097,1,3.297,157.20,3.297,5.969,0.344
24,ec.gp.GPIndividual@888308628{1386538456},3C_20_50-03.txt,30.993,0.500,15.496,2,1.625,10.49,0.813,5.969,0.000
24,ec.gp.GPIndividual@888308628{1386538456},3C_20_66-03.txt,118.340,0.500,59.170,4,16.031,27.09,4.008,7.422,0.000
24,ec.gp.GPIndividual@888308628{1386538456},3C_20_66-01.txt,7.322,0.500,3.661,4,3.297,90.05,0.824,7.422,0.000
24,ec.gp.GPIndividual@888308628{1386538456},3C_20_80-02.txt,35.738,0.500,17.869,1,1.250,7.00,1.250,7.422,0.000
24,ec.gp.GPIndividual@888308628{1386538456},3C_20_66-02.txt,154.245,0.500,77.122,5,32.375,41.98,6.475,19.609,0.000
24,ec.gp.GPIndividual@888308628{1386538456},3C_20_66-02.txt,154.245,0.500,77.122,20,68.625,88.98,3.431,19.609,0.000
24,ec.gp.GPIndividual@888308628{1386538456},3C_20_80-03.txt,169.439,0.500,84.719,2,15.063,17.78,7.531,19.609,0.000
24,ec.gp.GPIndividual@888308628{1386538456},3C_20_66-03.txt,118.340,0.500,59.170,2,13.578,22.95,6.789,19.609,0.000
24,ec.gp.GPIndividual@888308628{1386538456},3C_20_66-03.txt,118.340,0.500,59.170,2,9.813,16.58,4.906,19.609,0.000
24,ec.gp.GPIndividual@888308628{1386538456},3C_20_66-01.txt,7.322,0.500,3.661,1,21.484,586.83,21.484,21.484,0.000
24,ec.gp.GPIndividual@888308628{1386538456},3C_20_80-01.txt,4.194,0.500,2.097,2,1.375,65.56,0.688,21.484,0.000
24,ec.gp.GPIndividual@888308628{1386538456},3C_20_66-02.txt,154.245,0.500,77.122,3,24.328,31.54,8.109,23.453,0.000
24,ec.gp.GPIndividual@888308628{1386538456},3C_20_66-01.txt,7.322,0.500,3.661,2,7.281,198.88,3.641,23.453,0.000
24,ec.gp.GPIndividual@633371382{-1592970265},3C_20_50-02.txt,61.404,0.500,30.702,4,2.438,7.94,0.609,1.063,0.000
24,ec.gp.GPIndividual@633371382{-1592970265},3C_20_80-02.txt,35.738,0.500,17.869,5,17.484,97.85,3.497,6.359,0.000
24,ec.gp.GPIndividual@633371382{-1592970265},3C_20_80-01.txt,4.194,0.500,2.097,2,3.109,148.26,1.555,6.359,0.000
24,ec.gp.GPIndividual@633371382{-1592970265},3C_20_50-03.txt,30.993,0.500,15.496,2,0.297,1.92,0.148,6.359,0.000
24,ec.gp.GPIndividual@633371382{-1592970265},3C_20_66-03.txt,118.340,0.500,59.170,2,0.844,1.43,0.422,6.359,0.000
24,ec.gp.GPIndividual@633371382{-1592970265},3C_20_66-02.txt,154.245,0.500,77.122,24,65.078,84.38,2.712,9.516,0.000
24,ec.gp.GPIndividual@633371382{-1592970265},3C_20_66-01.txt,7.322,0.500,3.661,2,9.844,268.87,4.922,9.516,0.000
24,ec.gp.GPIndividual@633371382{-1592970265},3C_20_80-02.txt,35.738,0.500,17.869,1,1.078,6.03,1.078,9.516,0.000
24,ec.gp.GPIndividual@633371382{-1592970265},3C_20_66-02.txt,154.245,0.500,77.122,2,13.781,17.87,6.891,13.781,0.000
24,ec.gp.GPIndividual@633371382{-1592970265},3C_20_80-01.txt,4.194,0.500,2.097,1,15.563,742.05,15.563,15.563,0.000
24,ec.gp.GPIndividual@633371382{-1592970265},3C_20_66-03.txt,118.340,0.500,59.170,4,21.578,36.47,5.395,18.594,0.000
24,ec.gp.GPIndividual@633371382{-1592970265},3C_20_80-03.txt,169.439,0.500,84.719,10,40.344,47.62,4.034,28.453,0.000
24,ec.gp.GPIndividual@633371382{-1592970265},3C_20_80-01.txt,4.194,0.500,2.097,2,7.516,358.36,3.758,28.453,0.000
24,ec.gp.GPIndividual@633371382{-1592970265},3C_20_80-01.txt,4.194,0.500,2.097,3,1.922,91.64,0.641,28.453,0.000
24,ec.gp.GPIndividual@633371382{-1592970265},3C_20_80-03.txt,169.439,0.500,84.719,2,0.297,0.35,0.148,28.453,0.000
24,ec.gp.GPIndividual@633371382{-1592970265},3C_20_66-03.txt,118.340,0.500,59.170,22,57.828,97.73,2.629,28.453,0.000
24,ec.gp.GPIndividual@633371382{-1592970265},3C_20_80-02.txt,35.738,0.500,17.869,3,5.266,29.47,1.755,28.453,0.000
24,ec.gp.GPIndividual@633371382{-1592970265},3C_20_80-01.txt,4.194,0.500,2.097,2,3.078,146.77,1.539,28.453,0.000
24,ec.gp.GPIndividual@633371382{-1592970265},3C_20_80-03.txt,169.439,0.500,84.719,1,0.516,0.61,0.516,28.453,0.000
24,ec.gp.GPIndividual@633371382{-1592970265},3C_20_80-02.txt,35.738,0.500,17.869,2,9.094,50.89,4.547,28.453,0.000
24,ec.gp.GPIndividual@633371382{-1592970265},3C_20_80-02.txt,35.738,0.500,17.869,3,16.984,95.05,5.661,28.453,0.000
24,ec.gp.GPIndividual@1720515626{-203380525},3C_20_50-02.txt,61.404,0.500,30.702,2,0.969,3.16,0.484,0.969,0.000
24,ec.gp.GPIndividual@1720515626{-203380525},3C_20_80-03.txt,169.439,0.500,84.719,2,4.734,5.59,2.367,4.625,0.000
24,ec.gp.GPIndividual@1696817564{-931553651},3C_20_50-02.txt,61.404,0.500,30.702,0,0.000,0.00,0.000,0.000,0.000
24,ec.gp.GPIndividual@1696817564{-931553651},3C_20_50-03.txt,30.993,0.500,15.496,0,0.000,0.00,0.000,0.000,0.000
24,ec.gp.GPIndividual@1696817564{-931553651},3C_20_66-01.txt,7.322,0.500,3.661,0,0.000,0.00,0.000,0.000,0.000
24,ec.gp.GPIndividual@1696817564{-931553651},3C_20_66-02.txt,154.245,0.500,77.122,0,0.000,0.00,0.000,0.000,0.000
24,ec.gp.GPIndividual@1696817564{-931553651},3C_20_66-03.txt,118.340,0.500,59.170,0,0.000,0.00,0.000,0.000,0.000
24,ec.gp.GPIndividual@1696817564{-931553651},3C_20_80-01.txt,4.194,0.500,2.097,0,0.000,0.00,0.000,0.000,0.000
24,ec.gp.GPIndividual@1696817564{-931553651},3C_20_80-02.txt,35.738,0.500,17.869,0,0.000,0.00,0.000,0.000,0.000
24,ec.gp.GPIndividual@1696817564{-931553651},3C_20_80-03.txt,169.439,0.500,84.719,0,0.000,0.00,0.000,0.000,0.000
24,ec.gp.GPIndividual@1473465134{-931553651},3C_20_50-02.txt,61.404,0.500,30.702,2,3.063,9.97,1.531,3.063,0.000
24,ec.gp.GPIndividual@1473465134{-931553651},3C_20_80-03.txt,169.439,0.500,84.719,10,43.438,51.27,4.344,28.672,0.000
24,ec.gp.GPIndividual@1894863604{2091743625},3C_20_50-02.txt,61.404,0.500,30.702,0,0.000,0.00,0.000,0.000,0.000
24,ec.gp.GPIndividual@1894863604{2091743625},3C_20_50-03.txt,30.993,0.500,15.496,0,0.000,0.00,0.000,0.000,0.000
24,ec.gp.GPIndividual@1894863604{2091743625},3C_20_66-01.txt,7.322,0.500,3.661,0,0.000,0.00,0.000,0.000,0.000
24,ec.gp.GPIndividual@1894863604{2091743625},3C_20_66-02.txt,154.245,0.500,77.122,0,0.000,0.00,0.000,0.000,0.000
24,ec.gp.GPIndividual@1894863604{2091743625},3C_20_66-03.txt,118.340,0.500,59.170,0,0.000,0.00,0.000,0.000,0.000
24,ec.gp.GPIndividual@1894863604{2091743625},3C_20_80-01.txt,4.194,0.500,2.097,0,0.000,0.00,0.000,0.000,0.000
24,ec.gp.GPIndividual@1894863604{2091743625},3C_20_80-02.txt,35.738,0.500,17.869,0,0.000,0.00,0.000,0.000,0.000
24,ec.gp.GPIndividual@1894863604{2091743625},3C_20_80-03.txt,169.439,0.500,84.719,0,0.000,0.00,0.000,0.000,0.000
24,ec.gp.GPIndividual@1895261528{-1913965699},3C_20_50-02.txt,61.404,0.500,30.702,2,30.016,97.76,15.008,30.016,0.000
24,ec.gp.GPIndividual@1895261528{-1913965699},3C_20_50-03.txt,30.993,0.500,15.496,10,13.844,89.34,1.384,30.016,0.000
24,ec.gp.GPIndividual@1895261528{-1913965699},3C_20_66-01.txt,7.322,0.500,3.661,2,2.375,64.87,1.188,30.016,0.000
24,ec.gp.GPIndividual@1895261528{-1913965699},3C_20_66-01.txt,7.322,0.500,3.661,3,4.344,118.65,1.448,30.016,0.000
24,ec.gp.GPIndividual@1895261528{-1913965699},3C_20_50-03.txt,30.993,0.500,15.496,10,12.828,82.78,1.283,30.016,0.000
24,ec.gp.GPIndividual@1895261528{-1913965699},3C_20_66-02.txt,154.245,0.500,77.122,2,5.094,6.60,2.547,30.016,0.000
24,ec.gp.GPIndividual@1895261528{-1913965699},3C_20_66-02.txt,154.245,0.500,77.122,4,5.219,6.77,1.305,30.016,0.000
24,ec.gp.GPIndividual@1895261528{-1913965699},3C_20_66-01.txt,7.322,0.500,3.661,8,3.641,99.44,0.455,30.016,0.000
24,ec.gp.GPIndividual@1895261528{-1913965699},3C_20_66-02.txt,154.245,0.500,77.122,2,0.328,0.43,0.164,30.016,0.000
24,ec.gp.GPIndividual@1895261528{-1913965699},3C_20_66-03.txt,118.340,0.500,59.170,2,0.578,0.98,0.289,30.016,0.000
24,ec.gp.GPIndividual@1895261528{-1913965699},3C_20_66-03.txt,118.340,0.500,59.170,12,47.813,80.81,3.984,30.016,0.000
24,ec.gp.GPIndividual@1895261528{-1913965699},3C_20_80-01.txt,4.194,0.500,2.097,1,19.219,916.38,19.219,30.016,0.000
24,ec.gp.GPIndividual@1895261528{-1913965699},3C_20_80-01.txt,4.194,0.500,2.097,3,1.469,70.03,0.490,30.016,0.000
24,ec.gp.GPIndividual@1895261528{-1913965699},3C_20_80-02.txt,35.738,0.500,17.869,12,12.359,69.17,1.030,30.016,0.000
24,ec.gp.GPIndividual@1895261528{-1913965699},3C_20_80-03.txt,169.439,0.500,84.719,2,3.984,4.70,1.992,30.016,0.000
24,ec.gp.GPIndividual@1895261528{-1913965699},3C_20_80-02.txt,35.738,0.500,17.869,2,12.219,68.38,6.109,30.016,0.000
24,ec.gp.GPIndividual@1895261528{-1913965699},3C_20_66-03.txt,118.340,0.500,59.170,10,30.531,51.60,3.053,30.016,0.000
24,ec.gp.GPIndividual@1895261528{-1913965699},3C_20_80-03.txt,169.439,0.500,84.719,2,41.281,48.73,20.641,30.016,0.000
24,ec.gp.GPIndividual@829244400{-1226957644},3C_20_50-02.txt,61.404,0.500,30.702,6,16.125,52.52,2.688,10.563,0.219
24,ec.gp.GPIndividual@2097552929{-1473372904},3C_20_50-02.txt,61.404,0.500,30.702,3,10.234,33.33,3.411,10.063,0.000
24,ec.gp.GPIndividual@2097552929{-1473372904},3C_20_50-03.txt,30.993,0.500,15.496,7,12.063,77.84,1.723,10.063,0.000
24,ec.gp.GPIndividual@2097552929{-1473372904},3C_20_50-03.txt,30.993,0.500,15.496,2,3.234,20.87,1.617,10.063,0.000
24,ec.gp.GPIndividual@2097552929{-1473372904},3C_20_66-01.txt,7.322,0.500,3.661,1,21.484,586.83,21.484,21.484,0.000
24,ec.gp.GPIndividual@2097552929{-1473372904},3C_20_80-01.txt,4.194,0.500,2.097,2,2.109,100.58,1.055,21.484,0.000
24,ec.gp.GPIndividual@2097552929{-1473372904},3C_20_66-01.txt,7.322,0.500,3.661,8,3.594,98.16,0.449,21.484,0.000
24,ec.gp.GPIndividual@2097552929{-1473372904},3C_20_66-02.txt,154.245,0.500,77.122,2,0.266,0.34,0.133,21.484,0.000
24,ec.gp.GPIndividual@2097552929{-1473372904},3C_20_66-02.txt,154.245,0.500,77.122,2,0.688,0.89,0.344,21.484,0.000
24,ec.gp.GPIndividual@2097552929{-1473372904},3C_20_80-02.txt,35.738,0.500,17.869,17,13.266,74.24,0.780,21.484,0.000
24,ec.gp.GPIndividual@2097552929{-1473372904},3C_20_66-03.txt,118.340,0.500,59.170,2,3.391,5.73,1.695,21.484,0.000
24,ec.gp.GPIndividual@2097552929{-1473372904},3C_20_66-03.txt,118.340,0.500,59.170,2,3.656,6.18,1.828,21.484,0.000
24,ec.gp.GPIndividual@2097552929{-1473372904},3C_20_80-03.txt,169.439,0.500,84.719,8,80.328,94.82,10.041,30.891,0.000
24,ec.gp.GPIndividual@788515115{-229708348},3C_20_50-02.txt,61.404,0.500,30.702,6,17.516,57.05,2.919,14.125,0.000
24,ec.gp.GPIndividual@788515115{-229708348},3C_20_80-01.txt,4.194,0.500,2.097,2,1.188,56.62,0.594,14.125,0.000
24,ec.gp.GPIndividual@788515115{-229708348},3C_20_80-02.txt,35.738,0.500,17.869,6,24.750,138.51,4.125,21.281,0.000
24,ec.gp.GPIndividual@788515115{-229708348},3C_20_80-01.txt,4.194,0.500,2.097,2,1.250,59.60,0.625,21.281,0.000
24,ec.gp.GPIndividual@788515115{-229708348},3C_20_80-02.txt,35.738,0.500,17.869,4,12.469,69.78,3.117,21.281,0.000
24,ec.gp.GPIndividual@788515115{-229708348},3C_20_50-03.txt,30.993,0.500,15.496,3,6.359,41.04,2.120,21.281,0.000
24,ec.gp.GPIndividual@788515115{-229708348},3C_20_80-03.txt,169.439,0.500,84.719,8,54.578,64.42,6.822,31.734,0.000
24,ec.gp.GPIndividual@912041218{2118506683},3C_20_50-02.txt,61.404,0.500,30.702,2,33.578,109.37,16.789,33.391,0.188
24,ec.gp.GPIndividual@912041218{2118506683},3C_20_80-03.txt,169.439,0.500,84.719,6,30.656,36.19,5.109,33.391,0.000
24,ec.gp.GPIndividual@912041218{2118506683},3C_20_66-01.txt,7.322,0.500,3.661,6,2.906,79.38,0.484,33.391,0.000
24,ec.gp.GPIndividual@912041218{2118506683},3C_20_66-02.txt,154.245,0.500,77.122,8,52.234,67.73,6.529,33.391,0.000
24,ec.gp.GPIndividual@912041218{2118506683},3C_20_50-03.txt,30.993,0.500,15.496,1,32.125,207.31,32.125,33.391,0.000
24,ec.gp.GPIndividual@978779265{1748102903},3C_20_50-02.txt,61.404,0.500,30.702,1,0.172,0.56,0.172,0.172,0.172
24,ec.gp.GPIndividual@978779265{1748102903},3C_20_50-03.txt,30.993,0.500,15.496,2,3.516,22.69,1.758,1.813,0.172
24,ec.gp.GPIndividual@978779265{1748102903},3C_20_66-01.txt,7.322,0.500,3.661,1,0.453,12.38,0.453,1.813,0.172
24,ec.gp.GPIndividual@978779265{1748102903},3C_20_66-02.txt,154.245,0.500,77.122,1,1.031,1.34,1.031,1.813,0.172
24,ec.gp.GPIndividual@978779265{1748102903},3C_20_66-03.txt,118.340,0.500,59.170,2,5.469,9.24,2.734,2.938,0.172
24,ec.gp.GPIndividual@978779265{1748102903},3C_20_80-01.txt,4.194,0.500,2.097,1,0.547,26.08,0.547,2.938,0.172
24,ec.gp.GPIndividual@978779265{1748102903},3C_20_80-02.txt,35.738,0.500,17.869,1,1.000,5.60,1.000,2.938,0.172
24,ec.gp.GPIndividual@978779265{1748102903},3C_20_80-03.txt,169.439,0.500,84.719,2,6.438,7.60,3.219,3.859,0.172
24,ec.gp.GPIndividual@1141327318{530051540},3C_20_50-02.txt,61.404,0.500,30.702,7,23.438,76.34,3.348,13.719,0.000
24,ec.gp.GPIndividual@1141327318{530051540},3C_20_66-03.txt,118.340,0.500,59.170,3,15.781,26.67,5.260,13.719,0.000
24,ec.gp.GPIndividual@1141327318{530051540},3C_20_50-03.txt,30.993,0.500,15.496,6,12.828,82.78,2.138,13.719,0.000
24,ec.gp.GPIndividual@1141327318{530051540},3C_20_80-01.txt,4.194,0.500,2.097,1,2.672,127.40,2.672,13.719,0.000
24,ec.gp.GPIndividual@1141327318{530051540},3C_20_66-01.txt,7.322,0.500,3.661,6,2.922,79.81,0.487,13.719,0.000
24,ec.gp.GPIndividual@1141327318{530051540},3C_20_66-02.txt,154.245,0.500,77.122,2,0.781,1.01,0.391,13.719,0.000
24,ec.gp.GPIndividual@1141327318{530051540},3C_20_80-02.txt,35.738,0.500,17.869,12,11.234,62.87,0.936,13.719,0.000
24,ec.gp.GPIndividual@1141327318{530051540},3C_20_66-03.txt,118.340,0.500,59.170,2,4.703,7.95,2.352,13.719,0.000
24,ec.gp.GPIndividual@1141327318{530051540},3C_20_80-03.txt,169.439,0.500,84.719,2,19.563,23.09,9.781,19.563,0.000
24,ec.gp.GPIndividual@1141327318{530051540},3C_20_66-01.txt,7.322,0.500,3.661,3,5.625,153.64,1.875,19.563,0.000
24,ec.gp.GPIndividual@625568097{-1281177305},3C_20_50-02.txt,61.404,0.500,30.702,1,0.234,0.76,0.234,0.234,0.234
24,ec.gp.GPIndividual@625568097{-1281177305},3C_20_80-01.txt,4.194,0.500,2.097,5,1.844,87.91,0.369,0.578,0.000
24,ec.gp.GPIndividual@625568097{-1281177305},3C_20_66-02.txt,154.245,0.500,77.122,2,1.031,1.34,0.516,0.688,0.000
24,ec.gp.GPIndividual@625568097{-1281177305},3C_20_80-02.txt,35.738,0.500,17.869,14,14.016,78.44,1.001,4.594,0.000
24,ec.gp.GPIndividual@625568097{-1281177305},3C_20_50-03.txt,30.993,0.500,15.496,2,3.438,22.18,1.719,4.594,0.000
24,ec.gp.GPIndividual@625568097{-1281177305},3C_20_80-03.txt,169.439,0.500,84.719,2,3.750,4.43,1.875,4.594,0.000
24,ec.gp.GPIndividual@625568097{-1281177305},3C_20_66-03.txt,118.340,0.500,59.170,9,66.859,113.00,7.429,22.047,0.000
24,ec.gp.GPIndividual@1065878108{-1495650711},3C_20_50-02.txt,61.404,0.500,30.702,8,19.109,62.24,2.389,10.031,0.000
24,ec.gp.GPIndividual@1065878108{-1495650711},3C_20_50-03.txt,30.993,0.500,15.496,6,9.750,62.92,1.625,10.031,0.000
24,ec.gp.GPIndividual@1065878108{-1495650711},3C_20_66-01.txt,7.322,0.500,3.661,6,1.875,51.21,0.313,10.031,0.000
24,ec.gp.GPIndividual@1065878108{-1495650711},3C_20_66-02.txt,154.245,0.500,77.122,10,47.875,62.08,4.788,19.516,0.000
24,ec.gp.GPIndividual@1065878108{-1495650711},3C_20_66-03.txt,118.340,0.500,59.170,7,42.563,71.93,6.080,19.516,0.000
24,ec.gp.GPIndividual@1065878108{-1495650711},3C_20_80-01.txt,4.194,0.500,2.097,8,1.844,87.91,0.230,19.516,0.000
24,ec.gp.GPIndividual@1065878108{-1495650711},3C_20_80-02.txt,35.738,0.500,17.869,7,7.781,43.55,1.112,19.516,0.000
24,ec.gp.GPIndividual@1065878108{-1495650711},3C_20_80-03.txt,169.439,0.500,84.719,2,34.344,40.54,17.172,33.594,0.000
24,ec.gp.GPIndividual@1956543824{-169421660},3C_20_50-02.txt,61.404,0.500,30.702,8,19.063,62.09,2.383,9.938,0.000
24,ec.gp.GPIndividual@1956543824{-169421660},3C_20_50-03.txt,30.993,0.500,15.496,6,9.734,62.82,1.622,9.938,0.000
24,ec.gp.GPIndividual@1956543824{-169421660},3C_20_66-01.txt,7.322,0.500,3.661,6,1.875,51.21,0.313,9.938,0.000
24,ec.gp.GPIndividual@1956543824{-169421660},3C_20_66-02.txt,154.245,0.500,77.122,10,47.844,62.04,4.784,19.547,0.000
24,ec.gp.GPIndividual@1956543824{-169421660},3C_20_66-03.txt,118.340,0.500,59.170,7,42.516,71.85,6.074,19.547,0.000
24,ec.gp.GPIndividual@1956543824{-169421660},3C_20_80-01.txt,4.194,0.500,2.097,8,1.844,87.91,0.230,19.547,0.000
24,ec.gp.GPIndividual@1956543824{-169421660},3C_20_80-02.txt,35.738,0.500,17.869,7,7.766,43.46,1.109,19.547,0.000
24,ec.gp.GPIndividual@1956543824{-169421660},3C_20_80-03.txt,169.439,0.500,84.719,2,34.375,40.58,17.188,33.594,0.000
25,ec.gp.GPIndividual@1507686627{885866953},3C_20_50-02.txt,61.404,0.500,30.702,1,0.000,0.00,0.000,0.000,0.000
25,ec.gp.GPIndividual@163638339{918501045},3C_20_50-02.txt,61.404,0.500,30.702,0,0.000,0.00,0.000,0.000,0.000
25,ec.gp.GPIndividual@163638339{918501045},3C_20_66-01.txt,7.322,0.500,3.661,1,0.000,0.00,0.000,0.000,0.000
25,ec.gp.GPIndividual@163638339{918501045},3C_20_66-01.txt,7.322,0.500,3.661,1,0.000,0.00,0.000,0.000,0.000
25,ec.gp.GPIndividual@163638339{918501045},3C_20_50-03.txt,30.993,0.500,15.496,0,0.000,0.00,0.000,0.000,0.000
25,ec.gp.GPIndividual@163638339{918501045},3C_20_50-03.txt,30.993,0.500,15.496,0,0.000,0.00,0.000,0.000,0.000
25,ec.gp.GPIndividual@163638339{918501045},3C_20_66-02.txt,154.245,0.500,77.122,0,0.000,0.00,0.000,0.000,0.000
25,ec.gp.GPIndividual@163638339{918501045},3C_20_66-02.txt,154.245,0.500,77.122,0,0.000,0.00,0.000,0.000,0.000
25,ec.gp.GPIndividual@163638339{918501045},3C_20_66-02.txt,154.245,0.500,77.122,0,0.000,0.00,0.000,0.000,0.000
25,ec.gp.GPIndividual@163638339{918501045},3C_20_66-01.txt,7.322,0.500,3.661,0,0.000,0.00,0.000,0.000,0.000
25,ec.gp.GPIndividual@163638339{918501045},3C_20_66-01.txt,7.322,0.500,3.661,0,0.000,0.00,0.000,0.000,0.000
25,ec.gp.GPIndividual@163638339{918501045},3C_20_80-01.txt,4.194,0.500,2.097,0,0.000,0.00,0.000,0.000,0.000
25,ec.gp.GPIndividual@163638339{918501045},3C_20_80-01.txt,4.194,0.500,2.097,0,0.000,0.00,0.000,0.000,0.000
25,ec.gp.GPIndividual@163638339{918501045},3C_20_80-01.txt,4.194,0.500,2.097,0,0.000,0.00,0.000,0.000,0.000
25,ec.gp.GPIndividual@163638339{918501045},3C_20_66-02.txt,154.245,0.500,77.122,0,0.000,0.00,0.000,0.000,0.000
25,ec.gp.GPIndividual@163638339{918501045},3C_20_80-02.txt,35.738,0.500,17.869,0,0.000,0.00,0.000,0.000,0.000
25,ec.gp.GPIndividual@163638339{918501045},3C_20_80-02.txt,35.738,0.500,17.869,0,0.000,0.00,0.000,0.000,0.000
25,ec.gp.GPIndividual@163638339{918501045},3C_20_66-03.txt,118.340,0.500,59.170,0,0.000,0.00,0.000,0.000,0.000
25,ec.gp.GPIndividual@163638339{918501045},3C_20_66-03.txt,118.340,0.500,59.170,0,0.000,0.00,0.000,0.000,0.000
25,ec.gp.GPIndividual@163638339{918501045},3C_20_80-01.txt,4.194,0.500,2.097,0,0.000,0.00,0.000,0.000,0.000
25,ec.gp.GPIndividual@1382632520{2092637273},3C_20_80-03.txt,169.439,0.500,84.719,0,0.000,0.00,0.000,0.000,0.000
25,ec.gp.GPIndividual@1382632520{2092637273},3C_20_80-03.txt,169.439,0.500,84.719,0,0.000,0.00,0.000,0.000,0.000
25,ec.gp.GPIndividual@1382632520{2092637273},3C_20_80-03.txt,169.439,0.500,84.719,0,0.000,0.00,0.000,0.000,0.000
25,ec.gp.GPIndividual@1242833894{-848477158},3C_20_50-02.txt,61.404,0.500,30.702,0,0.000,0.00,0.000,0.000,0.000
25,ec.gp.GPIndividual@1242833894{-848477158},3C_20_50-03.txt,30.993,0.500,15.496,1,0.000,0.00,0.000,0.000,0.000
25,ec.gp.GPIndividual@1242833894{-848477158},3C_20_66-01.txt,7.322,0.500,3.661,1,0.000,0.00,0.000,0.000,0.000
25,ec.gp.GPIndividual@1242833894{-848477158},3C_20_66-02.txt,154.245,0.500,77.122,1,0.000,0.00,0.000,0.000,0.000
25,ec.gp.GPIndividual@1242833894{-848477158},3C_20_66-03.txt,118.340,0.500,59.170,1,0.000,0.00,0.000,0.000,0.000
25,ec.gp.GPIndividual@1242833894{-848477158},3C_20_80-01.txt,4.194,0.500,2.097,1,0.000,0.00,0.000,0.000,0.000
25,ec.gp.GPIndividual@1242833894{-848477158},3C_20_80-02.txt,35.738,0.500,17.869,1,0.000,0.00,0.000,0.000,0.000
25,ec.gp.GPIndividual@1242833894{-848477158},3C_20_80-03.txt,169.439,0.500,84.719,1,0.000,0.00,0.000,0.000,0.000
25,ec.gp.GPIndividual@293715326{-1164204562},3C_20_50-02.txt,61.404,0.500,30.702,0,0.000,0.00,0.000,0.000,0.000
25,ec.gp.GPIndividual@293715326{-1164204562},3C_20_50-03.txt,30.993,0.500,15.496,0,0.000,0.00,0.000,0.000,0.000
25,ec.gp.GPIndividual@293715326{-1164204562},3C_20_66-01.txt,7.322,0.500,3.661,0,0.000,0.00,0.000,0.000,0.000
25,ec.gp.GPIndividual@293715326{-1164204562},3C_20_66-02.txt,154.245,0.500,77.122,0,0.000,0.00,0.000,0.000,0.000
25,ec.gp.GPIndividual@293715326{-1164204562},3C_20_66-03.txt,118.340,0.500,59.170,0,0.000,0.00,0.000,0.000,0.000
25,ec.gp.GPIndividual@293715326{-1164204562},3C_20_80-01.txt,4.194,0.500,2.097,0,0.000,0.00,0.000,0.000,0.000
25,ec.gp.GPIndividual@293715326{-1164204562},3C_20_80-02.txt,35.738,0.500,17.869,0,0.000,0.00,0.000,0.000,0.000
25,ec.gp.GPIndividual@293715326{-1164204562},3C_20_80-03.txt,169.439,0.500,84.719,0,0.000,0.00,0.000,0.000,0.000
25,ec.gp.GPIndividual@1547394681{1091856941},3C_20_50-02.txt,61.404,0.500,30.702,20,30.016,97.76,1.501,2.781,0.000
25,ec.gp.GPIndividual@1547394681{1091856941},3C_20_50-03.txt,30.993,0.500,15.496,2,1.781,11.49,0.891,2.781,0.000
25,ec.gp.GPIndividual@1547394681{1091856941},3C_20_50-03.txt,30.993,0.500,15.496,5,11.531,74.41,2.306,3.016,0.000
25,ec.gp.GPIndividual@1547394681{1091856941},3C_20_50-03.txt,30.993,0.500,15.496,3,7.422,47.89,2.474,4.531,0.000
25,ec.gp.GPIndividual@1547394681{1091856941},3C_20_50-03.txt,30.993,0.500,15.496,3,8.672,55.96,2.891,4.703,0.000
25,ec.gp.GPIndividual@1547394681{1091856941},3C_20_50-03.txt,30.993,0.500,15.496,4,9.594,61.91,2.398,5.234,0.000
25,ec.gp.GPIndividual@1547394681{1091856941},3C_20_50-03.txt,30.993,0.500,15.496,1,4.547,29.34,4.547,5.234,0.000
25,ec.gp.GPIndividual@1547394681{1091856941},3C_20_66-01.txt,7.322,0.500,3.661,1,4.188,114.38,4.188,5.234,0.000
25,ec.gp.GPIndividual@1547394681{1091856941},3C_20_66-01.txt,7.322,0.500,3.661,1,4.328,118.22,4.328,5.234,0.000
25,ec.gp.GPIndividual@1547394681{1091856941},3C_20_66-01.txt,7.322,0.500,3.661,3,6.297,171.99,2.099,5.234,0.000
25,ec.gp.GPIndividual@1547394681{1091856941},3C_20_66-01.txt,7.322,0.500,3.661,2,0.672,18.35,0.336,5.234,0.000
25,ec.gp.GPIndividual@1547394681{1091856941},3C_20_66-02.txt,154.245,0.500,77.122,1,4.516,5.86,4.516,5.234,0.000
25,ec.gp.GPIndividual@1547394681{1091856941},3C_20_66-01.txt,7.322,0.500,3.661,3,5.781,157.91,1.927,5.234,0.000
25,ec.gp.GPIndividual@1547394681{1091856941},3C_20_66-01.txt,7.322,0.500,3.661,1,1.094,29.87,1.094,5.234,0.000
25,ec.gp.GPIndividual@1547394681{1091856941},3C_20_66-02.txt,154.245,0.500,77.122,2,1.766,2.29,0.883,5.234,0.000
25,ec.gp.GPIndividual@1547394681{1091856941},3C_20_66-02.txt,154.245,0.500,77.122,2,1.281,1.66,0.641,5.234,0.000
25,ec.gp.GPIndividual@1547394681{1091856941},3C_20_66-02.txt,154.245,0.500,77.122,29,56.578,73.36,1.951,13.828,0.000
25,ec.gp.GPIndividual@1547394681{1091856941},3C_20_66-03.txt,118.340,0.500,59.170,2,14.516,24.53,7.258,14.516,0.000
25,ec.gp.GPIndividual@1547394681{1091856941},3C_20_66-03.txt,118.340,0.500,59.170,3,15.047,25.43,5.016,15.047,0.000
25,ec.gp.GPIndividual@1547394681{1091856941},3C_20_66-03.txt,118.340,0.500,59.170,2,15.547,26.28,7.773,15.547,0.000
25,ec.gp.GPIndividual@1547394681{1091856941},3C_20_66-03.txt,118.340,0.500,59.170,2,20.641,34.88,10.320,20.641,0.000
25,ec.gp.GPIndividual@1547394681{1091856941},3C_20_66-02.txt,154.245,0.500,77.122,2,21.141,27.41,10.570,21.141,0.000
25,ec.gp.GPIndividual@1547394681{1091856941},3C_20_66-02.txt,154.245,0.500,77.122,20,64.203,83.25,3.210,21.141,0.000
25,ec.gp.GPIndividual@1547394681{1091856941},3C_20_66-03.txt,118.340,0.500,59.170,2,9.859,16.66,4.930,21.141,0.000
25,ec.gp.GPIndividual@1547394681{1091856941},3C_20_80-01.txt,4.194,0.500,2.097,1,9.297,443.29,9.297,21.141,0.000
25,ec.gp.GPIndividual@1547394681{1091856941},3C_20_66-03.txt,118.340,0.500,59.170,2,11.203,18.93,5.602,21.141,0.000
25,ec.gp.GPIndividual@1547394681{1091856941},3C_20_80-01.txt,4.194,0.500,2.097,3,1.359,64.82,0.453,21.141,0.000
25,ec.gp.GPIndividual@1547394681{1091856941},3C_20_80-02.txt,35.738,0.500,17.869,4,15.156,84.82,3.789,21.141,0.000
25,ec.gp.GPIndividual@1547394681{1091856941},3C_20_80-01.txt,4.194,0.500,2.097,1,2.125,101.32,2.125,21.141,0.000
25,ec.gp.GPIndividual@1547394681{1091856941},3C_20_80-03.txt,169.439,0.500,84.719,3,15.656,18.48,5.219,21.141,0.000
25,ec.gp.GPIndividual@1547394681{1091856941},3C_20_80-01.txt,4.194,0.500,2.097,3,1.750,83.44,0.583,21.141,0.000
25,ec.gp.GPIndividual@1547394681{1091856941},3C_20_80-02.txt,35.738,0.500,17.869,8,18.328,102.57,2.291,21.141,0.000
25,ec.gp.GPIndividual@1547394681{1091856941},3C_20_80-03.txt,169.439,0.500,84.719,3,0.672,0.79,0.224,21.141,0.000
25,ec.gp.GPIndividual@1547394681{1091856941},3C_20_80-02.txt,35.738,0.500,17.869,1,1.375,7.69,1.375,21.141,0.000
25,ec.gp.GPIndividual@1547394681{1091856941},3C_20_80-01.txt,4.194,0.500,2.097,3,2.047,97.60,0.682,21.141,0.000
25,ec.gp.GPIndividual@1547394681{1091856941},3C_20_80-02.txt,35.738,0.500,17.869,9,17.109,95.75,1.901,21.141,0.000
25,ec.gp.GPIndividual@1547394681{1091856941},3C_20_80-03.txt,169.439,0.500,84.719,2,2.625,3.10,1.313,21.141,0.000
25,ec.gp.GPIndividual@1547394681{1091856941},3C_20_80-03.txt,169.439,0.500,84.719,1,2.453,2.90,2.453,21.141,0.000
25,ec.gp.GPIndividual@1607860336{977107457},3C_20_50-02.txt,61.404,0.500,30.702,5,13.438,43.77,2.688,5.750,0.000
25,ec.gp.GPIndividual@1607860336{977107457},3C_20_80-01.txt,4.194,0.500,2.097,1,3.750,178.81,3.750,5.750,0.000
25,ec.gp.GPIndividual@1607860336{977107457},3C_20_80-02.txt,35.738,0.500,17.869,6,18.875,105.63,3.146,6.047,0.000
25,ec.gp.GPIndividual@1895798676{-284973791},3C_20_50-02.txt,61.404,0.500,30.702,6,11.188,36.44,1.865,3.000,0.500
25,ec.gp.GPIndividual@1491832100{-437625234},3C_20_50-02.txt,61.404,0.500,30.702,4,13.375,43.56,3.344,9.984,0.484
25,ec.gp.GPIndividual@1975418371{-1313243905},3C_20_50-02.txt,61.404,0.500,30.702,15,30.547,99.49,2.036,4.297,0.000
25,ec.gp.GPIndividual@1975418371{-1313243905},3C_20_80-02.txt,35.738,0.500,17.869,2,9.094,50.89,4.547,9.094,0.000
25,ec.gp.GPIndividual@1975418371{-1313243905},3C_20_50-03.txt,30.993,0.500,15.496,2,1.047,6.76,0.523,9.094,0.000
25,ec.gp.GPIndividual@1975418371{-1313243905},3C_20_50-03.txt,30.993,0.500,15.496,2,2.281,14.72,1.141,9.094,0.000
25,ec.gp.GPIndividual@1975418371{-1313243905},3C_20_50-03.txt,30.993,0.500,15.496,2,4.500,29.04,2.250,9.094,0.000
25,ec.gp.GPIndividual@1975418371{-1313243905},3C_20_50-03.txt,30.993,0.500,15.496,3,10.000,64.53,3.333,9.094,0.000
25,ec.gp.GPIndividual@1975418371{-1313243905},3C_20_80-03.txt,169.439,0.500,84.719,16,87.531,103.32,5.471,9.766,0.000
25,ec.gp.GPIndividual@1975418371{-1313243905},3C_20_66-01.txt,7.322,0.500,3.661,1,9.703,265.03,9.703,9.766,0.000
25,ec.gp.GPIndividual@1975418371{-1313243905},3C_20_66-01.txt,7.322,0.500,3.661,3,2.875,78.53,0.958,9.766,0.000
25,ec.gp.GPIndividual@1975418371{-1313243905},3C_20_66-02.txt,154.245,0.500,77.122,1,1.078,1.40,1.078,9.766,0.000
25,ec.gp.GPIndividual@1975418371{-1313243905},3C_20_66-02.txt,154.245,0.500,77.122,2,2.656,3.44,1.328,9.766,0.000
25,ec.gp.GPIndividual@1975418371{-1313243905},3C_20_66-01.txt,7.322,0.500,3.661,2,2.172,59.32,1.086,9.766,0.000
25,ec.gp.GPIndividual@1975418371{-1313243905},3C_20_66-02.txt,154.245,0.500,77.122,4,11.250,14.59,2.813,9.766,0.000
25,ec.gp.GPIndividual@1975418371{-1313243905},3C_20_66-01.txt,7.322,0.500,3.661,4,3.391,92.61,0.848,9.766,0.000
25,ec.gp.GPIndividual@1975418371{-1313243905},3C_20_66-03.txt,118.340,0.500,59.170,3,1.891,3.20,0.630,9.766,0.000
25,ec.gp.GPIndividual@1975418371{-1313243905},3C_20_66-03.txt,118.340,0.500,59.170,4,27.500,46.48,6.875,22.016,0.000
25,ec.gp.GPIndividual@905003546{1446882269},3C_20_50-02.txt,61.404,0.500,30.702,5,28.031,91.30,5.606,24.781,0.000
25,ec.gp.GPIndividual@905003546{1446882269},3C_20_80-03.txt,169.439,0.500,84.719,13,56.484,66.67,4.345,24.781,0.000
25,ec.gp.GPIndividual@905003546{1446882269},3C_20_50-03.txt,30.993,0.500,15.496,1,20.203,130.37,20.203,24.781,0.000
25,ec.gp.GPIndividual@905003546{1446882269},3C_20_80-01.txt,4.194,0.500,2.097,2,1.453,69.29,0.727,24.781,0.000
25,ec.gp.GPIndividual@905003546{1446882269},3C_20_80-02.txt,35.738,0.500,17.869,1,21.828,122.16,21.828,24.781,0.000
25,ec.gp.GPIndividual@905003546{1446882269},3C_20_80-01.txt,4.194,0.500,2.097,2,24.156,1151.81,12.078,24.781,0.000
25,ec.gp.GPIndividual@253531209{-1913965699},3C_20_50-02.txt,61.404,0.500,30.702,1,0.516,1.68,0.516,0.516,0.516
25,ec.gp.GPIndividual@253531209{-1913965699},3C_20_80-02.txt,35.738,0.500,17.869,5,38.844,217.38,7.769,30.719,0.500
25,ec.gp.GPIndividual@253531209{-1913965699},3C_20_66-02.txt,154.245,0.500,77.122,4,32.813,42.55,8.203,30.719,0.000
25,ec.gp.GPIndividual@253531209{-1913965699},3C_20_66-03.txt,118.340,0.500,59.170,7,15.906,26.88,2.272,30.719,0.000
25,ec.gp.GPIndividual@253531209{-1913965699},3C_20_66-01.txt,7.322,0.500,3.661,4,3.188,87.06,0.797,30.719,0.000
25,ec.gp.GPIndividual@253531209{-1913965699},3C_20_80-03.txt,169.439,0.500,84.719,3,2.078,2.45,0.693,30.719,0.000
25,ec.gp.GPIndividual@253531209{-1913965699},3C_20_66-03.txt,118.340,0.500,59.170,12,45.344,76.63,3.779,30.719,0.000
25,ec.gp.GPIndividual@253531209{-1913965699},3C_20_80-01.txt,4.194,0.500,2.097,1,13.406,639.23,13.406,30.719,0.000
25,ec.gp.GPIndividual@1353798716{-484259931},3C_20_50-02.txt,61.404,0.500,30.702,4,17.266,56.24,4.316,15.906,0.000
25,ec.gp.GPIndividual@1353798716{-484259931},3C_20_80-01.txt,4.194,0.500,2.097,2,18.609,887.33,9.305,17.344,0.000
25,ec.gp.GPIndividual@1353798716{-484259931},3C_20_66-02.txt,154.245,0.500,77.122,4,2.875,3.73,0.719,17.344,0.000
25,ec.gp.GPIndividual@1353798716{-484259931},3C_20_80-02.txt,35.738,0.500,17.869,1,21.859,122.33,21.859,21.859,0.000
25,ec.gp.GPIndividual@1353798716{-484259931},3C_20_50-03.txt,30.993,0.500,15.496,1,22.906,147.82,22.906,22.906,0.000
25,ec.gp.GPIndividual@1353798716{-484259931},3C_20_80-03.txt,169.439,0.500,84.719,24,80.984,95.59,3.374,22.906,0.000
25,ec.gp.GPIndividual@1353798716{-484259931},3C_20_66-03.txt,118.340,0.500,59.170,2,13.016,22.00,6.508,22.906,0.000
25,ec.gp.GPIndividual@1353798716{-484259931},3C_20_80-02.txt,35.738,0.500,17.869,1,18.688,104.58,18.688,22.906,0.000
25,ec.gp.GPIndividual@1353798716{-484259931},3C_20_80-03.txt,169.439,0.500,84.719,1,19.922,23.52,19.922,22.906,0.000
25,ec.gp.GPIndividual@553768873{2091743625},3C_20_50-02.txt,61.404,0.500,30.702,0,0.000,0.00,0.000,0.000,0.000
25,ec.gp.GPIndividual@553768873{2091743625},3C_20_50-03.txt,30.993,0.500,15.496,0,0.000,0.00,0.000,0.000,0.000
25,ec.gp.GPIndividual@553768873{2091743625},3C_20_66-01.txt,7.322,0.500,3.661,0,0.000,0.00,0.000,0.000,0.000
25,ec.gp.GPIndividual@553768873{2091743625},3C_20_66-02.txt,154.245,0.500,77.122,0,0.000,0.00,0.000,0.000,0.000
25,ec.gp.GPIndividual@553768873{2091743625},3C_20_66-03.txt,118.340,0.500,59.170,0,0.000,0.00,0.000,0.000,0.000
25,ec.gp.GPIndividual@553768873{2091743625},3C_20_80-01.txt,4.194,0.500,2.097,0,0.000,0.00,0.000,0.000,0.000
25,ec.gp.GPIndividual@553768873{2091743625},3C_20_80-02.txt,35.738,0.500,17.869,0,0.000,0.00,0.000,0.000,0.000
25,ec.gp.GPIndividual@553768873{2091743625},3C_20_80-03.txt,169.439,0.500,84.719,0,0.000,0.00,0.000,0.000,0.000
25,ec.gp.GPIndividual@791516478{-27643317},3C_20_50-02.txt,61.404,0.500,30.702,0,0.000,0.00,0.000,0.000,0.000
25,ec.gp.GPIndividual@791516478{-27643317},3C_20_50-03.txt,30.993,0.500,15.496,0,0.000,0.00,0.000,0.000,0.000
25,ec.gp.GPIndividual@791516478{-27643317},3C_20_66-01.txt,7.322,0.500,3.661,0,0.000,0.00,0.000,0.000,0.000
25,ec.gp.GPIndividual@791516478{-27643317},3C_20_66-02.txt,154.245,0.500,77.122,0,0.000,0.00,0.000,0.000,0.000
25,ec.gp.GPIndividual@791516478{-27643317},3C_20_66-03.txt,118.340,0.500,59.170,0,0.000,0.00,0.000,0.000,0.000
25,ec.gp.GPIndividual@791516478{-27643317},3C_20_80-01.txt,4.194,0.500,2.097,0,0.000,0.00,0.000,0.000,0.000
25,ec.gp.GPIndividual@791516478{-27643317},3C_20_80-02.txt,35.738,0.500,17.869,0,0.000,0.00,0.000,0.000,0.000
25,ec.gp.GPIndividual@791516478{-27643317},3C_20_80-03.txt,169.439,0.500,84.719,0,0.000,0.00,0.000,0.000,0.000
25,ec.gp.GPIndividual@926848927{-756334605},3C_20_50-02.txt,61.404,0.500,30.702,0,0.000,0.00,0.000,0.000,0.000
25,ec.gp.GPIndividual@926848927{-756334605},3C_20_50-03.txt,30.993,0.500,15.496,0,0.000,0.00,0.000,0.000,0.000
25,ec.gp.GPIndividual@926848927{-756334605},3C_20_66-01.txt,7.322,0.500,3.661,0,0.000,0.00,0.000,0.000,0.000
25,ec.gp.GPIndividual@926848927{-756334605},3C_20_66-02.txt,154.245,0.500,77.122,0,0.000,0.00,0.000,0.000,0.000
25,ec.gp.GPIndividual@926848927{-756334605},3C_20_66-03.txt,118.340,0.500,59.170,0,0.000,0.00,0.000,0.000,0.000
25,ec.gp.GPIndividual@926848927{-756334605},3C_20_80-01.txt,4.194,0.500,2.097,0,0.000,0.00,0.000,0.000,0.000
25,ec.gp.GPIndividual@926848927{-756334605},3C_20_80-02.txt,35.738,0.500,17.869,0,0.000,0.00,0.000,0.000,0.000
25,ec.gp.GPIndividual@926848927{-756334605},3C_20_80-03.txt,169.439,0.500,84.719,0,0.000,0.00,0.000,0.000,0.000
25,ec.gp.GPIndividual@88028881{-1706958554},3C_20_50-02.txt,61.404,0.500,30.702,19,29.188,95.07,1.536,5.625,0.000
25,ec.gp.GPIndividual@88028881{-1706958554},3C_20_66-01.txt,7.322,0.500,3.661,4,3.609,98.59,0.902,5.625,0.000
25,ec.gp.GPIndividual@88028881{-1706958554},3C_20_80-02.txt,35.738,0.500,17.869,1,0.438,2.45,0.438,5.625,0.000
25,ec.gp.GPIndividual@88028881{-1706958554},3C_20_66-02.txt,154.245,0.500,77.122,2,6.672,8.65,3.336,6.672,0.000
25,ec.gp.GPIndividual@88028881{-1706958554},3C_20_66-02.txt,154.245,0.500,77.122,2,4.953,6.42,2.477,6.672,0.000
25,ec.gp.GPIndividual@88028881{-1706958554},3C_20_50-03.txt,30.993,0.500,15.496,2,10.219,65.94,5.109,10.219,0.000
25,ec.gp.GPIndividual@88028881{-1706958554},3C_20_80-03.txt,169.439,0.500,84.719,21,63.484,74.93,3.023,23.047,0.000
25,ec.gp.GPIndividual@88028881{-1706958554},3C_20_66-03.txt,118.340,0.500,59.170,2,24.094,40.72,12.047,24.094,0.000
25,ec.gp.GPIndividual@88028881{-1706958554},3C_20_80-03.txt,169.439,0.500,84.719,2,23.641,27.90,11.820,24.094,0.000
25,ec.gp.GPIndividual@88028881{-1706958554},3C_20_66-03.txt,118.340,0.500,59.170,1,24.625,41.62,24.625,24.625,0.000
25,ec.gp.GPIndividual@1927327907{-612855914},3C_20_50-02.txt,61.404,0.500,30.702,0,0.000,0.00,0.000,0.000,0.000
25,ec.gp.GPIndividual@1927327907{-612855914},3C_20_50-03.txt,30.993,0.500,15.496,0,0.000,0.00,0.000,0.000,0.000
25,ec.gp.GPIndividual@1927327907{-612855914},3C_20_66-01.txt,7.322,0.500,3.661,0,0.000,0.00,0.000,0.000,0.000
25,ec.gp.GPIndividual@1927327907{-612855914},3C_20_66-02.txt,154.245,0.500,77.122,0,0.000,0.00,0.000,0.000,0.000
25,ec.gp.GPIndividual@1927327907{-612855914},3C_20_66-03.txt,118.340,0.500,59.170,0,0.000,0.00,0.000,0.000,0.000
25,ec.gp.GPIndividual@1927327907{-612855914},3C_20_80-01.txt,4.194,0.500,2.097,0,0.000,0.00,0.000,0.000,0.000
25,ec.gp.GPIndividual@1927327907{-612855914},3C_20_80-02.txt,35.738,0.500,17.869,0,0.000,0.00,0.000,0.000,0.000
25,ec.gp.GPIndividual@1927327907{-612855914},3C_20_80-03.txt,169.439,0.500,84.719,0,0.000,0.00,0.000,0.000,0.000
25,ec.gp.GPIndividual@1340034954{896361775},3C_20_50-02.txt,61.404,0.500,30.702,7,30.594,99.65,4.371,17.719,0.000
25,ec.gp.GPIndividual@1340034954{896361775},3C_20_66-01.txt,7.322,0.500,3.661,1,4.750,129.74,4.750,17.719,0.000
25,ec.gp.GPIndividual@847437065{885866953},3C_20_50-02.txt,61.404,0.500,30.702,14,23.531,76.64,1.681,6.359,0.000
25,ec.gp.GPIndividual@847437065{885866953},3C_20_66-02.txt,154.245,0.500,77.122,2,8.016,10.39,4.008,8.016,0.000
25,ec.gp.GPIndividual@847437065{885866953},3C_20_80-01.txt,4.194,0.500,2.097,1,9.047,431.37,9.047,9.047,0.000
25,ec.gp.GPIndividual@847437065{885866953},3C_20_80-01.txt,4.194,0.500,2.097,1,5.531,263.74,5.531,9.047,0.000
25,ec.gp.GPIndividual@847437065{885866953},3C_20_50-03.txt,30.993,0.500,15.496,6,12.797,82.58,2.133,11.000,0.000
25,ec.gp.GPIndividual@847437065{885866953},3C_20_50-03.txt,30.993,0.500,15.496,10,16.172,104.36,1.617,11.000,0.000
25,ec.gp.GPIndividual@847437065{885866953},3C_20_66-03.txt,118.340,0.500,59.170,1,0.281,0.48,0.281,11.000,0.000
25,ec.gp.GPIndividual@847437065{885866953},3C_20_66-01.txt,7.322,0.500,3.661,1,1.625,44.39,1.625,11.000,0.000
25,ec.gp.GPIndividual@847437065{885866953},3C_20_66-01.txt,7.322,0.500,3.661,4,3.641,99.44,0.910,11.000,0.000
25,ec.gp.GPIndividual@847437065{885866953},3C_20_66-02.txt,154.245,0.500,77.122,2,0.406,0.53,0.203,11.000,0.000
25,ec.gp.GPIndividual@847437065{885866953},3C_20_80-02.txt,35.738,0.500,17.869,11,18.734,104.84,1.703,11.000,0.000
25,ec.gp.GPIndividual@847437065{885866953},3C_20_66-02.txt,154.245,0.500,77.122,3,2.172,2.82,0.724,11.000,0.000
25,ec.gp.GPIndividual@847437065{885866953},3C_20_80-01.txt,4.194,0.500,2.097,3,2.188,104.30,0.729,11.000,0.000
25,ec.gp.GPIndividual@847437065{885866953},3C_20_80-03.txt,169.439,0.500,84.719,3,0.547,0.65,0.182,11.000,0.000
25,ec.gp.GPIndividual@847437065{885866953},3C_20_66-03.txt,118.340,0.500,59.170,20,56.891,96.15,2.845,13.625,0.000
25,ec.gp.GPIndividual@847437065{885866953},3C_20_80-01.txt,4.194,0.500,2.097,1,11.641,555.04,11.641,13.625,0.000
25,ec.gp.GPIndividual@847437065{885866953},3C_20_80-02.txt,35.738,0.500,17.869,3,20.125,112.62,6.708,18.469,0.000
25,ec.gp.GPIndividual@716036652{2091743625},3C_20_50-02.txt,61.404,0.500,30.702,0,0.000,0.00,0.000,0.000,0.000
25,ec.gp.GPIndividual@716036652{2091743625},3C_20_50-03.txt,30.993,0.500,15.496,0,0.000,0.00,0.000,0.000,0.000
25,ec.gp.GPIndividual@716036652{2091743625},3C_20_66-01.txt,7.322,0.500,3.661,0,0.000,0.00,0.000,0.000,0.000
25,ec.gp.GPIndividual@716036652{2091743625},3C_20_66-02.txt,154.245,0.500,77.122,0,0.000,0.00,0.000,0.000,0.000
25,ec.gp.GPIndividual@716036652{2091743625},3C_20_66-03.txt,118.340,0.500,59.170,0,0.000,0.00,0.000,0.000,0.000
25,ec.gp.GPIndividual@716036652{2091743625},3C_20_80-01.txt,4.194,0.500,2.097,0,0.000,0.00,0.000,0.000,0.000
25,ec.gp.GPIndividual@716036652{2091743625},3C_20_80-02.txt,35.738,0.500,17.869,0,0.000,0.00,0.000,0.000,0.000
25,ec.gp.GPIndividual@716036652{2091743625},3C_20_80-03.txt,169.439,0.500,84.719,0,0.000,0.00,0.000,0.000,0.000
25,ec.gp.GPIndividual@1128730588{271532587},3C_20_50-02.txt,61.404,0.500,30.702,0,0.000,0.00,0.000,0.000,0.000
25,ec.gp.GPIndividual@1128730588{271532587},3C_20_50-03.txt,30.993,0.500,15.496,0,0.000,0.00,0.000,0.000,0.000
25,ec.gp.GPIndividual@1128730588{271532587},3C_20_66-01.txt,7.322,0.500,3.661,0,0.000,0.00,0.000,0.000,0.000
25,ec.gp.GPIndividual@1128730588{271532587},3C_20_66-02.txt,154.245,0.500,77.122,0,0.000,0.00,0.000,0.000,0.000
25,ec.gp.GPIndividual@1128730588{271532587},3C_20_66-03.txt,118.340,0.500,59.170,0,0.000,0.00,0.000,0.000,0.000
25,ec.gp.GPIndividual@1128730588{271532587},3C_20_80-01.txt,4.194,0.500,2.097,0,0.000,0.00,0.000,0.000,0.000
25,ec.gp.GPIndividual@1128730588{271532587},3C_20_80-02.txt,35.738,0.500,17.869,0,0.000,0.00,0.000,0.000,0.000
25,ec.gp.GPIndividual@1128730588{271532587},3C_20_80-03.txt,169.439,0.500,84.719,0,0.000,0.00,0.000,0.000,0.000
25,ec.gp.GPIndividual@1098352058{-1255748159},3C_20_50-02.txt,61.404,0.500,30.702,3,0.875,2.85,0.292,0.875,0.000
25,ec.gp.GPIndividual@1098352058{-1255748159},3C_20_80-03.txt,169.439,0.500,84.719,2,1.219,1.44,0.609,1.219,0.000
25,ec.gp.GPIndividual@1098352058{-1255748159},3C_20_80-02.txt,35.738,0.500,17.869,5,6.516,36.46,1.303,4.125,0.000
25,ec.gp.GPIndividual@1962756505{1361705884},3C_20_50-02.txt,61.404,0.500,30.702,0,0.000,0.00,0.000,0.000,0.000
25,ec.gp.GPIndividual@1962756505{1361705884},3C_20_50-03.txt,30.993,0.500,15.496,0,0.000,0.00,0.000,0.000,0.000
25,ec.gp.GPIndividual@1962756505{1361705884},3C_20_66-01.txt,7.322,0.500,3.661,0,0.000,0.00,0.000,0.000,0.000
25,ec.gp.GPIndividual@1962756505{1361705884},3C_20_66-02.txt,154.245,0.500,77.122,0,0.000,0.00,0.000,0.000,0.000
25,ec.gp.GPIndividual@1962756505{1361705884},3C_20_66-03.txt,118.340,0.500,59.170,0,0.000,0.00,0.000,0.000,0.000
25,ec.gp.GPIndividual@1962756505{1361705884},3C_20_80-01.txt,4.194,0.500,2.097,0,0.000,0.00,0.000,0.000,0.000
25,ec.gp.GPIndividual@1962756505{1361705884},3C_20_80-02.txt,35.738,0.500,17.869,0,0.000,0.00,0.000,0.000,0.000
25,ec.gp.GPIndividual@1962756505{1361705884},3C_20_80-03.txt,169.439,0.500,84.719,0,0.000,0.00,0.000,0.000,0.000
25,ec.gp.GPIndividual@1753968693{-2128860161},3C_20_50-02.txt,61.404,0.500,30.702,13,21.438,69.82,1.649,7.328,0.000
25,ec.gp.GPIndividual@1753968693{-2128860161},3C_20_80-03.txt,169.439,0.500,84.719,3,7.797,9.20,2.599,7.797,0.000
25,ec.gp.GPIndividual@1753968693{-2128860161},3C_20_50-03.txt,30.993,0.500,15.496,2,6.656,42.95,3.328,7.797,0.000
25,ec.gp.GPIndividual@1753968693{-2128860161},3C_20_50-03.txt,30.993,0.500,15.496,1,9.297,59.99,9.297,9.297,0.000
25,ec.gp.GPIndividual@2104966386{959488133},3C_20_50-02.txt,61.404,0.500,30.702,0,0.000,0.00,0.000,0.000,0.000
25,ec.gp.GPIndividual@2104966386{959488133},3C_20_50-03.txt,30.993,0.500,15.496,0,0.000,0.00,0.000,0.000,0.000
25,ec.gp.GPIndividual@2104966386{959488133},3C_20_66-01.txt,7.322,0.500,3.661,0,0.000,0.00,0.000,0.000,0.000
25,ec.gp.GPIndividual@2104966386{959488133},3C_20_66-02.txt,154.245,0.500,77.122,0,0.000,0.00,0.000,0.000,0.000
25,ec.gp.GPIndividual@2104966386{959488133},3C_20_66-03.txt,118.340,0.500,59.170,0,0.000,0.00,0.000,0.000,0.000
25,ec.gp.GPIndividual@2104966386{959488133},3C_20_80-01.txt,4.194,0.500,2.097,0,0.000,0.00,0.000,0.000,0.000
25,ec.gp.GPIndividual@2104966386{959488133},3C_20_80-02.txt,35.738,0.500,17.869,0,0.000,0.00,0.000,0.000,0.000
25,ec.gp.GPIndividual@2104966386{959488133},3C_20_80-03.txt,169.439,0.500,84.719,0,0.000,0.00,0.000,0.000,0.000
25,ec.gp.GPIndividual@2076117817{-1218701327},3C_20_50-02.txt,61.404,0.500,30.702,1,0.000,0.00,0.000,0.000,0.000
25,ec.gp.GPIndividual@2076117817{-1218701327},3C_20_50-03.txt,30.993,0.500,15.496,1,0.000,0.00,0.000,0.000,0.000
25,ec.gp.GPIndividual@2076117817{-1218701327},3C_20_66-01.txt,7.322,0.500,3.661,1,0.000,0.00,0.000,0.000,0.000
25,ec.gp.GPIndividual@2076117817{-1218701327},3C_20_66-02.txt,154.245,0.500,77.122,1,0.000,0.00,0.000,0.000,0.000
25,ec.gp.GPIndividual@2076117817{-1218701327},3C_20_66-03.txt,118.340,0.500,59.170,1,0.000,0.00,0.000,0.000,0.000
25,ec.gp.GPIndividual@2076117817{-1218701327},3C_20_80-01.txt,4.194,0.500,2.097,1,0.000,0.00,0.000,0.000,0.000
25,ec.gp.GPIndividual@2076117817{-1218701327},3C_20_80-02.txt,35.738,0.500,17.869,1,0.000,0.00,0.000,0.000,0.000
25,ec.gp.GPIndividual@2076117817{-1218701327},3C_20_80-03.txt,169.439,0.500,84.719,1,0.000,0.00,0.000,0.000,0.000
25,ec.gp.GPIndividual@212715845{-54045220},3C_20_50-02.txt,61.404,0.500,30.702,11,25.375,82.65,2.307,4.141,0.000
25,ec.gp.GPIndividual@212715845{-54045220},3C_20_66-01.txt,7.322,0.500,3.661,2,8.875,242.41,4.438,8.297,0.000
25,ec.gp.GPIndividual@1421843628{-804766542},3C_20_50-02.txt,61.404,0.500,30.702,0,0.000,0.00,0.000,0.000,0.000
25,ec.gp.GPIndividual@1421843628{-804766542},3C_20_50-03.txt,30.993,0.500,15.496,0,0.000,0.00,0.000,0.000,0.000
25,ec.gp.GPIndividual@1421843628{-804766542},3C_20_66-01.txt,7.322,0.500,3.661,0,0.000,0.00,0.000,0.000,0.000
25,ec.gp.GPIndividual@1421843628{-804766542},3C_20_66-02.txt,154.245,0.500,77.122,0,0.000,0.00,0.000,0.000,0.000
25,ec.gp.GPIndividual@1421843628{-804766542},3C_20_66-03.txt,118.340,0.500,59.170,0,0.000,0.00,0.000,0.000,0.000
25,ec.gp.GPIndividual@1421843628{-804766542},3C_20_80-01.txt,4.194,0.500,2.097,0,0.000,0.00,0.000,0.000,0.000
25,ec.gp.GPIndividual@1421843628{-804766542},3C_20_80-02.txt,35.738,0.500,17.869,0,0.000,0.00,0.000,0.000,0.000
25,ec.gp.GPIndividual@1421843628{-804766542},3C_20_80-03.txt,169.439,0.500,84.719,0,0.000,0.00,0.000,0.000,0.000
25,ec.gp.GPIndividual@1071615694{-2071926181},3C_20_50-02.txt,61.404,0.500,30.702,3,5.625,18.32,1.875,5.375,0.000
25,ec.gp.GPIndividual@1071615694{-2071926181},3C_20_66-01.txt,7.322,0.500,3.661,1,6.969,190.35,6.969,6.969,0.000
25,ec.gp.GPIndividual@1071615694{-2071926181},3C_20_50-03.txt,30.993,0.500,15.496,12,14.484,93.47,1.207,6.969,0.000
25,ec.gp.GPIndividual@1071615694{-2071926181},3C_20_66-01.txt,7.322,0.500,3.661,2,2.141,58.47,1.070,6.969,0.000
25,ec.gp.GPIndividual@1071615694{-2071926181},3C_20_66-02.txt,154.245,0.500,77.122,3,1.953,2.53,0.651,6.969,0.000
25,ec.gp.GPIndividual@1071615694{-2071926181},3C_20_50-03.txt,30.993,0.500,15.496,2,4.344,28.03,2.172,6.969,0.000
25,ec.gp.GPIndividual@1071615694{-2071926181},3C_20_66-02.txt,154.245,0.500,77.122,20,87.047,112.87,4.352,24.125,0.000
25,ec.gp.GPIndividual@1071615694{-2071926181},3C_20_66-03.txt,118.340,0.500,59.170,3,30.031,50.75,10.010,24.234,0.000
25,ec.gp.GPIndividual@1071615694{-2071926181},3C_20_66-01.txt,7.322,0.500,3.661,1,4.047,110.54,4.047,24.234,0.000
25,ec.gp.GPIndividual@1071615694{-2071926181},3C_20_80-01.txt,4.194,0.500,2.097,3,1.625,77.48,0.542,24.234,0.000
25,ec.gp.GPIndividual@1071615694{-2071926181},3C_20_80-02.txt,35.738,0.500,17.869,1,0.703,3.93,0.703,24.234,0.000
25,ec.gp.GPIndividual@1071615694{-2071926181},3C_20_66-02.txt,154.245,0.500,77.122,10,19.234,24.94,1.923,24.234,0.000
25,ec.gp.GPIndividual@1071615694{-2071926181},3C_20_66-02.txt,154.245,0.500,77.122,9,21.031,27.27,2.337,24.234,0.000
25,ec.gp.GPIndividual@1071615694{-2071926181},3C_20_66-03.txt,118.340,0.500,59.170,5,85.547,144.58,17.109,30.422,0.000
25,ec.gp.GPIndividual@1071615694{-2071926181},3C_20_80-03.txt,169.439,0.500,84.719,2,1.703,2.01,0.852,30.422,0.000
25,ec.gp.GPIndividual@1071615694{-2071926181},3C_20_66-03.txt,118.340,0.500,59.170,5,38.141,64.46,7.628,30.422,0.000
25,ec.gp.GPIndividual@1071615694{-2071926181},3C_20_66-03.txt,118.340,0.500,59.170,5,37.844,63.96,7.569,30.422,0.000
25,ec.gp.GPIndividual@1305151722{-1255748159},3C_20_50-02.txt,61.404,0.500,30.702,0,0.000,0.00,0.000,0.000,0.000
25,ec.gp.GPIndividual@1305151722{-1255748159},3C_20_50-03.txt,30.993,0.500,15.496,0,0.000,0.00,0.000,0.000,0.000
25,ec.gp.GPIndividual@1305151722{-1255748159},3C_20_66-01.txt,7.322,0.500,3.661,0,0.000,0.00,0.000,0.000,0.000
25,ec.gp.GPIndividual@1305151722{-1255748159},3C_20_66-02.txt,154.245,0.500,77.122,0,0.000,0.00,0.000,0.000,0.000
25,ec.gp.GPIndividual@1305151722{-1255748159},3C_20_66-03.txt,118.340,0.500,59.170,0,0.000,0.00,0.000,0.000,0.000
25,ec.gp.GPIndividual@1305151722{-1255748159},3C_20_80-01.txt,4.194,0.500,2.097,0,0.000,0.00,0.000,0.000,0.000
25,ec.gp.GPIndividual@1305151722{-1255748159},3C_20_80-02.txt,35.738,0.500,17.869,0,0.000,0.00,0.000,0.000,0.000
25,ec.gp.GPIndividual@1305151722{-1255748159},3C_20_80-03.txt,169.439,0.500,84.719,0,0.000,0.00,0.000,0.000,0.000
25,ec.gp.GPIndividual@968586309{1256873866},3C_20_50-02.txt,61.404,0.500,30.702,2,30.750,100.16,15.375,30.656,0.094
25,ec.gp.GPIndividual@968586309{1256873866},3C_20_80-03.txt,169.439,0.500,84.719,7,58.250,68.76,8.321,32.828,0.094
25,ec.gp.GPIndividual@129725{-1374563415},3C_20_50-02.txt,61.404,0.500,30.702,6,25.813,84.07,4.302,23.750,0.000
25,ec.gp.GPIndividual@129725{-1374563415},3C_20_50-03.txt,30.993,0.500,15.496,2,11.484,74.11,5.742,23.750,0.000
25,ec.gp.GPIndividual@129725{-1374563415},3C_20_50-03.txt,30.993,0.500,15.496,8,13.000,83.89,1.625,23.750,0.000
25,ec.gp.GPIndividual@129725{-1374563415},3C_20_66-01.txt,7.322,0.500,3.661,2,2.750,75.11,1.375,23.750,0.000
25,ec.gp.GPIndividual@129725{-1374563415},3C_20_66-01.txt,7.322,0.500,3.661,10,3.297,90.05,0.330,23.750,0.000
25,ec.gp.GPIndividual@129725{-1374563415},3C_20_66-02.txt,154.245,0.500,77.122,2,0.406,0.53,0.203,23.750,0.000
25,ec.gp.GPIndividual@129725{-1374563415},3C_20_66-02.txt,154.245,0.500,77.122,16,57.813,74.96,3.613,23.750,0.000
25,ec.gp.GPIndividual@129725{-1374563415},3C_20_66-03.txt,118.340,0.500,59.170,4,19.156,32.38,4.789,23.750,0.000
25,ec.gp.GPIndividual@129725{-1374563415},3C_20_66-03.txt,118.340,0.500,59.170,7,54.266,91.71,7.752,23.750,0.000
25,ec.gp.GPIndividual@129725{-1374563415},3C_20_80-01.txt,4.194,0.500,2.097,4,1.359,64.82,0.340,23.750,0.000
25,ec.gp.GPIndividual@129725{-1374563415},3C_20_80-02.txt,35.738,0.500,17.869,7,9.266,51.85,1.324,23.750,0.000
25,ec.gp.GPIndividual@129725{-1374563415},3C_20_80-01.txt,4.194,0.500,2.097,4,1.328,63.33,0.332,23.750,0.000
25,ec.gp.GPIndividual@129725{-1374563415},3C_20_80-02.txt,35.738,0.500,17.869,7,8.500,47.57,1.214,23.750,0.000
25,ec.gp.GPIndividual@129725{-1374563415},3C_20_80-03.txt,169.439,0.500,84.719,3,7.891,9.31,2.630,23.750,0.000
25,ec.gp.GPIndividual@129725{-1374563415},3C_20_80-03.txt,169.439,0.500,84.719,2,34.906,41.20,17.453,33.313,0.000
25,ec.gp.GPIndividual@617547041{-804766542},3C_20_50-02.txt,61.404,0.500,30.702,0,0.000,0.00,0.000,0.000,0.000
25,ec.gp.GPIndividual@617547041{-804766542},3C_20_50-03.txt,30.993,0.500,15.496,0,0.000,0.00,0.000,0.000,0.000
25,ec.gp.GPIndividual@617547041{-804766542},3C_20_66-01.txt,7.322,0.500,3.661,0,0.000,0.00,0.000,0.000,0.000
25,ec.gp.GPIndividual@617547041{-804766542},3C_20_66-02.txt,154.245,0.500,77.122,0,0.000,0.00,0.000,0.000,0.000
25,ec.gp.GPIndividual@617547041{-804766542},3C_20_66-03.txt,118.340,0.500,59.170,0,0.000,0.00,0.000,0.000,0.000
25,ec.gp.GPIndividual@617547041{-804766542},3C_20_80-01.txt,4.194,0.500,2.097,0,0.000,0.00,0.000,0.000,0.000
25,ec.gp.GPIndividual@617547041{-804766542},3C_20_80-02.txt,35.738,0.500,17.869,0,0.000,0.00,0.000,0.000,0.000
25,ec.gp.GPIndividual@617547041{-804766542},3C_20_80-03.txt,169.439,0.500,84.719,0,0.000,0.00,0.000,0.000,0.000
26,ec.gp.GPIndividual@1476707464{-661462253},3C_20_50-02.txt,61.404,0.500,30.702,0,0.000,0.00,0.000,0.000,0.000
26,ec.gp.GPIndividual@1476707464{-661462253},3C_20_50-02.txt,61.404,0.500,30.702,0,0.000,0.00,0.000,0.000,0.000
26,ec.gp.GPIndividual@1476707464{-661462253},3C_20_50-03.txt,30.993,0.500,15.496,0,0.000,0.00,0.000,0.000,0.000
26,ec.gp.GPIndividual@1476707464{-661462253},3C_20_50-03.txt,30.993,0.500,15.496,0,0.000,0.00,0.000,0.000,0.000
26,ec.gp.GPIndividual@1476707464{-661462253},3C_20_66-01.txt,7.322,0.500,3.661,0,0.000,0.00,0.000,0.000,0.000
26,ec.gp.GPIndividual@1476707464{-661462253},3C_20_66-01.txt,7.322,0.500,3.661,0,0.000,0.00,0.000,0.000,0.000
26,ec.gp.GPIndividual@1476707464{-661462253},3C_20_66-02.txt,154.245,0.500,77.122,0,0.000,0.00,0.000,0.000,0.000
26,ec.gp.GPIndividual@1476707464{-661462253},3C_20_66-02.txt,154.245,0.500,77.122,0,0.000,0.00,0.000,0.000,0.000
26,ec.gp.GPIndividual@1476707464{-661462253},3C_20_66-03.txt,118.340,0.500,59.170,0,0.000,0.00,0.000,0.000,0.000
26,ec.gp.GPIndividual@1476707464{-661462253},3C_20_66-03.txt,118.340,0.500,59.170,0,0.000,0.00,0.000,0.000,0.000
26,ec.gp.GPIndividual@1476707464{-661462253},3C_20_80-01.txt,4.194,0.500,2.097,0,0.000,0.00,0.000,0.000,0.000
26,ec.gp.GPIndividual@1476707464{-661462253},3C_20_80-01.txt,4.194,0.500,2.097,0,0.000,0.00,0.000,0.000,0.000
26,ec.gp.GPIndividual@1476707464{-661462253},3C_20_80-02.txt,35.738,0.500,17.869,0,0.000,0.00,0.000,0.000,0.000
26,ec.gp.GPIndividual@1476707464{-661462253},3C_20_80-03.txt,169.439,0.500,84.719,0,0.000,0.00,0.000,0.000,0.000
26,ec.gp.GPIndividual@1476707464{-661462253},3C_20_80-03.txt,169.439,0.500,84.719,0,0.000,0.00,0.000,0.000,0.000
26,ec.gp.GPIndividual@2114610555{105141124},3C_20_50-02.txt,61.404,0.500,30.702,0,0.000,0.00,0.000,0.000,0.000
26,ec.gp.GPIndividual@1331159391{1065243335},3C_20_50-02.txt,61.404,0.500,30.702,0,0.000,0.00,0.000,0.000,0.000
26,ec.gp.GPIndividual@1331159391{1065243335},3C_20_50-03.txt,30.993,0.500,15.496,0,0.000,0.00,0.000,0.000,0.000
26,ec.gp.GPIndividual@1331159391{1065243335},3C_20_66-01.txt,7.322,0.500,3.661,0,0.000,0.00,0.000,0.000,0.000
26,ec.gp.GPIndividual@1331159391{1065243335},3C_20_66-02.txt,154.245,0.500,77.122,0,0.000,0.00,0.000,0.000,0.000
26,ec.gp.GPIndividual@1331159391{1065243335},3C_20_66-03.txt,118.340,0.500,59.170,0,0.000,0.00,0.000,0.000,0.000
26,ec.gp.GPIndividual@1331159391{1065243335},3C_20_80-01.txt,4.194,0.500,2.097,0,0.000,0.00,0.000,0.000,0.000
26,ec.gp.GPIndividual@1331159391{1065243335},3C_20_80-02.txt,35.738,0.500,17.869,0,0.000,0.00,0.000,0.000,0.000
26,ec.gp.GPIndividual@1331159391{1065243335},3C_20_80-03.txt,169.439,0.500,84.719,0,0.000,0.00,0.000,0.000,0.000
26,ec.gp.GPIndividual@1998060734{143903792},3C_20_50-02.txt,61.404,0.500,30.702,20,29.563,96.29,1.478,2.656,0.000
26,ec.gp.GPIndividual@1998060734{143903792},3C_20_50-03.txt,30.993,0.500,15.496,2,1.969,12.70,0.984,2.656,0.000
26,ec.gp.GPIndividual@1998060734{143903792},3C_20_50-03.txt,30.993,0.500,15.496,5,11.688,75.42,2.338,3.000,0.000
26,ec.gp.GPIndividual@1998060734{143903792},3C_20_50-03.txt,30.993,0.500,15.496,3,7.438,48.00,2.479,4.531,0.000
26,ec.gp.GPIndividual@1998060734{143903792},3C_20_50-03.txt,30.993,0.500,15.496,3,8.313,53.64,2.771,4.531,0.000
26,ec.gp.GPIndividual@1998060734{143903792},3C_20_50-03.txt,30.993,0.500,15.496,3,9.656,62.31,3.219,5.078,0.000
26,ec.gp.GPIndividual@1998060734{143903792},3C_20_50-03.txt,30.993,0.500,15.496,3,8.563,55.26,2.854,5.078,0.000
26,ec.gp.GPIndividual@1998060734{143903792},3C_20_66-01.txt,7.322,0.500,3.661,1,4.547,124.19,4.547,5.078,0.000
26,ec.gp.GPIndividual@1998060734{143903792},3C_20_66-01.txt,7.322,0.500,3.661,2,5.359,146.39,2.680,5.078,0.000
26,ec.gp.GPIndividual@1998060734{143903792},3C_20_66-01.txt,7.322,0.500,3.661,2,5.313,145.11,2.656,5.078,0.000
26,ec.gp.GPIndividual@1998060734{143903792},3C_20_66-01.txt,7.322,0.500,3.661,2,1.047,28.59,0.523,5.078,0.000
26,ec.gp.GPIndividual@1998060734{143903792},3C_20_66-02.txt,154.245,0.500,77.122,4,6.688,8.67,1.672,5.078,0.000
26,ec.gp.GPIndividual@1998060734{143903792},3C_20_66-02.txt,154.245,0.500,77.122,3,7.188,9.32,2.396,5.078,0.000
26,ec.gp.GPIndividual@1998060734{143903792},3C_20_66-01.txt,7.322,0.500,3.661,2,4.219,115.23,2.109,5.078,0.000
26,ec.gp.GPIndividual@1998060734{143903792},3C_20_66-03.txt,118.340,0.500,59.170,4,3.188,5.39,0.797,5.078,0.000
26,ec.gp.GPIndividual@1998060734{143903792},3C_20_66-02.txt,154.245,0.500,77.122,20,67.656,87.73,3.383,17.688,0.000
26,ec.gp.GPIndividual@1998060734{143903792},3C_20_66-03.txt,118.340,0.500,59.170,1,14.703,24.85,14.703,17.688,0.000
26,ec.gp.GPIndividual@1998060734{143903792},3C_20_80-01.txt,4.194,0.500,2.097,1,16.344,779.30,16.344,17.688,0.000
26,ec.gp.GPIndividual@1998060734{143903792},3C_20_66-03.txt,118.340,0.500,59.170,2,10.969,18.54,5.484,17.688,0.000
26,ec.gp.GPIndividual@1998060734{143903792},3C_20_66-01.txt,7.322,0.500,3.661,4,2.984,81.52,0.746,17.688,0.000
26,ec.gp.GPIndividual@1998060734{143903792},3C_20_80-02.txt,35.738,0.500,17.869,1,0.891,4.98,0.891,17.688,0.000
26,ec.gp.GPIndividual@1998060734{143903792},3C_20_66-02.txt,154.245,0.500,77.122,12,77.906,101.02,6.492,27.563,0.000
26,ec.gp.GPIndividual@1998060734{143903792},3C_20_80-03.txt,169.439,0.500,84.719,1,0.328,0.39,0.328,27.563,0.000
26,ec.gp.GPIndividual@1998060734{143903792},3C_20_80-01.txt,4.194,0.500,2.097,2,4.219,201.16,2.109,27.563,0.000
26,ec.gp.GPIndividual@1998060734{143903792},3C_20_80-01.txt,4.194,0.500,2.097,3,1.156,55.13,0.385,27.563,0.000
26,ec.gp.GPIndividual@1998060734{143903792},3C_20_66-03.txt,118.340,0.500,59.170,2,0.688,1.16,0.344,27.563,0.000
26,ec.gp.GPIndividual@1998060734{143903792},3C_20_80-02.txt,35.738,0.500,17.869,7,17.219,96.36,2.460,27.563,0.000
26,ec.gp.GPIndividual@1998060734{143903792},3C_20_66-02.txt,154.245,0.500,77.122,17,60.906,78.97,3.583,27.563,0.000
26,ec.gp.GPIndividual@1998060734{143903792},3C_20_66-02.txt,154.245,0.500,77.122,7,24.234,31.42,3.462,27.563,0.000
26,ec.gp.GPIndividual@1998060734{143903792},3C_20_80-02.txt,35.738,0.500,17.869,1,19.188,107.38,19.188,27.563,0.000
26,ec.gp.GPIndividual@1998060734{143903792},3C_20_80-01.txt,4.194,0.500,2.097,1,16.047,765.14,16.047,27.563,0.000
26,ec.gp.GPIndividual@1998060734{143903792},3C_20_66-03.txt,118.340,0.500,59.170,2,20.984,35.46,10.492,27.563,0.000
26,ec.gp.GPIndividual@1998060734{143903792},3C_20_80-03.txt,169.439,0.500,84.719,7,35.234,41.59,5.033,28.516,0.000
26,ec.gp.GPIndividual@886051591{527240990},3C_20_50-02.txt,61.404,0.500,30.702,12,28.953,94.30,2.413,6.500,0.000
26,ec.gp.GPIndividual@886051591{527240990},3C_20_80-02.txt,35.738,0.500,17.869,3,5.641,31.57,1.880,6.500,0.000
26,ec.gp.GPIndividual@886051591{527240990},3C_20_50-03.txt,30.993,0.500,15.496,2,2.891,18.65,1.445,6.500,0.000
26,ec.gp.GPIndividual@886051591{527240990},3C_20_80-03.txt,169.439,0.500,84.719,2,5.250,6.20,2.625,6.500,0.000
26,ec.gp.GPIndividual@365088366{-748737252},3C_20_50-02.txt,61.404,0.500,30.702,8,17.484,56.95,2.186,5.734,0.000
26,ec.gp.GPIndividual@365088366{-748737252},3C_20_80-01.txt,4.194,0.500,2.097,2,3.641,173.59,1.820,5.734,0.000
26,ec.gp.GPIndividual@365088366{-748737252},3C_20_50-03.txt,30.993,0.500,15.496,2,0.469,3.02,0.234,5.734,0.000
26,ec.gp.GPIndividual@365088366{-748737252},3C_20_80-03.txt,169.439,0.500,84.719,7,41.531,49.02,5.933,27.313,0.000
26,ec.gp.GPIndividual@365088366{-748737252},3C_20_66-03.txt,118.340,0.500,59.170,2,13.391,22.63,6.695,27.313,0.000
26,ec.gp.GPIndividual@365088366{-748737252},3C_20_66-01.txt,7.322,0.500,3.661,2,5.109,139.56,2.555,27.313,0.000
26,ec.gp.GPIndividual@365088366{-748737252},3C_20_80-02.txt,35.738,0.500,17.869,1,1.266,7.08,1.266,27.313,0.000
26,ec.gp.GPIndividual@365088366{-748737252},3C_20_66-02.txt,154.245,0.500,77.122,15,66.641,86.41,4.443,27.313,0.000
26,ec.gp.GPIndividual@1082932762{68087337},3C_20_50-02.txt,61.404,0.500,30.702,3,33.969,110.64,11.323,31.547,0.375
26,ec.gp.GPIndividual@93346950{1375507909},3C_20_50-02.txt,61.404,0.500,30.702,0,0.000,0.00,0.000,0.000,0.000
26,ec.gp.GPIndividual@93346950{1375507909},3C_20_50-03.txt,30.993,0.500,15.496,0,0.000,0.00,0.000,0.000,0.000
26,ec.gp.GPIndividual@93346950{1375507909},3C_20_66-01.txt,7.322,0.500,3.661,0,0.000,0.00,0.000,0.000,0.000
26,ec.gp.GPIndividual@93346950{1375507909},3C_20_66-02.txt,154.245,0.500,77.122,0,0.000,0.00,0.000,0.000,0.000
26,ec.gp.GPIndividual@93346950{1375507909},3C_20_66-03.txt,118.340,0.500,59.170,0,0.000,0.00,0.000,0.000,0.000
26,ec.gp.GPIndividual@93346950{1375507909},3C_20_80-01.txt,4.194,0.500,2.097,0,0.000,0.00,0.000,0.000,0.000
26,ec.gp.GPIndividual@93346950{1375507909},3C_20_80-02.txt,35.738,0.500,17.869,0,0.000,0.00,0.000,0.000,0.000
26,ec.gp.GPIndividual@93346950{1375507909},3C_20_80-03.txt,169.439,0.500,84.719,0,0.000,0.00,0.000,0.000,0.000
26,ec.gp.GPIndividual@457145388{7320412},3C_20_50-02.txt,61.404,0.500,30.702,4,20.500,66.77,5.125,17.531,0.000
26,ec.gp.GPIndividual@457145388{7320412},3C_20_80-03.txt,169.439,0.500,84.719,3,18.641,22.00,6.214,17.531,0.000
26,ec.gp.GPIndividual@457145388{7320412},3C_20_66-03.txt,118.340,0.500,59.170,2,18.922,31.98,9.461,18.922,0.000
26,ec.gp.GPIndividual@457145388{7320412},3C_20_80-01.txt,4.194,0.500,2.097,1,12.969,618.37,12.969,18.922,0.000
26,ec.gp.GPIndividual@457145388{7320412},3C_20_66-01.txt,7.322,0.500,3.661,2,3.875,105.84,1.938,18.922,0.000
26,ec.gp.GPIndividual@457145388{7320412},3C_20_50-03.txt,30.993,0.500,15.496,2,2.297,14.82,1.148,18.922,0.000
26,ec.gp.GPIndividual@457145388{7320412},3C_20_80-02.txt,35.738,0.500,17.869,7,21.750,121.72,3.107,18.922,0.000
26,ec.gp.GPIndividual@457145388{7320412},3C_20_66-01.txt,7.322,0.500,3.661,2,1.719,46.95,0.859,18.922,0.000
26,ec.gp.GPIndividual@479161374{-439943031},3C_20_50-02.txt,61.404,0.500,30.702,0,0.000,0.00,0.000,0.000,0.000
26,ec.gp.GPIndividual@479161374{-439943031},3C_20_50-03.txt,30.993,0.500,15.496,0,0.000,0.00,0.000,0.000,0.000
26,ec.gp.GPIndividual@479161374{-439943031},3C_20_66-01.txt,7.322,0.500,3.661,0,0.000,0.00,0.000,0.000,0.000
26,ec.gp.GPIndividual@479161374{-439943031},3C_20_66-02.txt,154.245,0.500,77.122,0,0.000,0.00,0.000,0.000,0.000
26,ec.gp.GPIndividual@479161374{-439943031},3C_20_66-03.txt,118.340,0.500,59.170,0,0.000,0.00,0.000,0.000,0.000
26,ec.gp.GPIndividual@479161374{-439943031},3C_20_80-01.txt,4.194,0.500,2.097,0,0.000,0.00,0.000,0.000,0.000
26,ec.gp.GPIndividual@479161374{-439943031},3C_20_80-02.txt,35.738,0.500,17.869,0,0.000,0.00,0.000,0.000,0.000
26,ec.gp.GPIndividual@479161374{-439943031},3C_20_80-03.txt,169.439,0.500,84.719,0,0.000,0.00,0.000,0.000,0.000
26,ec.gp.GPIndividual@2129930902{-116352136},3C_20_50-02.txt,61.404,0.500,30.702,5,8.672,28.25,1.734,6.188,0.000
26,ec.gp.GPIndividual@2129930902{-116352136},3C_20_80-03.txt,169.439,0.500,84.719,3,3.766,4.44,1.255,6.188,0.000
26,ec.gp.GPIndividual@2129930902{-116352136},3C_20_50-03.txt,30.993,0.500,15.496,7,16.125,104.06,2.304,6.188,0.000
26,ec.gp.GPIndividual@2129930902{-116352136},3C_20_66-01.txt,7.322,0.500,3.661,2,1.625,44.39,0.813,6.188,0.000
26,ec.gp.GPIndividual@2129930902{-116352136},3C_20_66-02.txt,154.245,0.500,77.122,3,9.625,12.48,3.208,6.188,0.000
26,ec.gp.GPIndividual@2129930902{-116352136},3C_20_80-01.txt,4.194,0.500,2.097,2,2.078,99.09,1.039,6.188,0.000
26,ec.gp.GPIndividual@2129930902{-116352136},3C_20_50-03.txt,30.993,0.500,15.496,6,16.516,106.58,2.753,9.391,0.000
26,ec.gp.GPIndividual@2129930902{-116352136},3C_20_66-02.txt,154.245,0.500,77.122,21,66.016,85.60,3.144,14.172,0.000
26,ec.gp.GPIndividual@2129930902{-116352136},3C_20_80-02.txt,35.738,0.500,17.869,1,28.688,160.54,28.688,28.688,0.000
26,ec.gp.GPIndividual@901255324{1316714376},3C_20_50-02.txt,61.404,0.500,30.702,0,0.000,0.00,0.000,0.000,0.000
26,ec.gp.GPIndividual@901255324{1316714376},3C_20_50-03.txt,30.993,0.500,15.496,0,0.000,0.00,0.000,0.000,0.000
26,ec.gp.GPIndividual@901255324{1316714376},3C_20_66-01.txt,7.322,0.500,3.661,0,0.000,0.00,0.000,0.000,0.000
26,ec.gp.GPIndividual@901255324{1316714376},3C_20_66-02.txt,154.245,0.500,77.122,0,0.000,0.00,0.000,0.000,0.000
26,ec.gp.GPIndividual@901255324{1316714376},3C_20_66-03.txt,118.340,0.500,59.170,0,0.000,0.00,0.000,0.000,0.000
26,ec.gp.GPIndividual@901255324{1316714376},3C_20_80-01.txt,4.194,0.500,2.097,0,0.000,0.00,0.000,0.000,0.000
26,ec.gp.GPIndividual@901255324{1316714376},3C_20_80-02.txt,35.738,0.500,17.869,0,0.000,0.00,0.000,0.000,0.000
26,ec.gp.GPIndividual@901255324{1316714376},3C_20_80-03.txt,169.439,0.500,84.719,0,0.000,0.00,0.000,0.000,0.000
26,ec.gp.GPIndividual@1209997764{-738304838},3C_20_50-02.txt,61.404,0.500,30.702,3,44.750,145.76,14.917,23.250,0.469
26,ec.gp.GPIndividual@1209997764{-738304838},3C_20_66-03.txt,118.340,0.500,59.170,2,19.188,32.43,9.594,23.250,0.000
26,ec.gp.GPIndividual@1209997764{-738304838},3C_20_66-03.txt,118.340,0.500,59.170,4,7.219,12.20,1.805,23.250,0.000
26,ec.gp.GPIndividual@1209997764{-738304838},3C_20_66-02.txt,154.245,0.500,77.122,3,11.594,15.03,3.865,23.250,0.000
26,ec.gp.GPIndividual@1209997764{-738304838},3C_20_66-01.txt,7.322,0.500,3.661,3,3.781,103.28,1.260,23.250,0.000
26,ec.gp.GPIndividual@1209997764{-738304838},3C_20_66-02.txt,154.245,0.500,77.122,3,2.047,2.65,0.682,23.250,0.000
26,ec.gp.GPIndividual@1209997764{-738304838},3C_20_50-03.txt,30.993,0.500,15.496,5,16.594,107.08,3.319,23.250,0.000
26,ec.gp.GPIndividual@1209997764{-738304838},3C_20_80-01.txt,4.194,0.500,2.097,1,2.422,115.48,2.422,23.250,0.000
26,ec.gp.GPIndividual@1209997764{-738304838},3C_20_66-03.txt,118.340,0.500,59.170,5,8.109,13.71,1.622,23.250,0.000
26,ec.gp.GPIndividual@1209997764{-738304838},3C_20_80-01.txt,4.194,0.500,2.097,1,4.250,202.65,4.250,23.250,0.000
26,ec.gp.GPIndividual@1209997764{-738304838},3C_20_66-01.txt,7.322,0.500,3.661,3,2.578,70.42,0.859,23.250,0.000
26,ec.gp.GPIndividual@1209997764{-738304838},3C_20_80-02.txt,35.738,0.500,17.869,4,3.609,20.20,0.902,23.250,0.000
26,ec.gp.GPIndividual@1209997764{-738304838},3C_20_66-03.txt,118.340,0.500,59.170,18,48.719,82.34,2.707,23.250,0.000
26,ec.gp.GPIndividual@1209997764{-738304838},3C_20_80-01.txt,4.194,0.500,2.097,1,9.469,451.49,9.469,23.250,0.000
26,ec.gp.GPIndividual@1209997764{-738304838},3C_20_80-03.txt,169.439,0.500,84.719,2,11.250,13.28,5.625,23.250,0.000
26,ec.gp.GPIndividual@1209997764{-738304838},3C_20_80-01.txt,4.194,0.500,2.097,3,1.922,91.64,0.641,23.250,0.000
26,ec.gp.GPIndividual@1209997764{-738304838},3C_20_80-02.txt,35.738,0.500,17.869,1,0.531,2.97,0.531,23.250,0.000
26,ec.gp.GPIndividual@1209997764{-738304838},3C_20_80-02.txt,35.738,0.500,17.869,2,8.656,48.44,4.328,23.250,0.000
26,ec.gp.GPIndividual@1209997764{-738304838},3C_20_80-02.txt,35.738,0.500,17.869,1,22.719,127.14,22.719,23.250,0.000
26,ec.gp.GPIndividual@1209997764{-738304838},3C_20_80-03.txt,169.439,0.500,84.719,4,20.953,24.73,5.238,23.250,0.000
26,ec.gp.GPIndividual@1209997764{-738304838},3C_20_66-02.txt,154.245,0.500,77.122,24,72.438,93.93,3.018,23.250,0.000
26,ec.gp.GPIndividual@1209997764{-738304838},3C_20_80-03.txt,169.439,0.500,84.719,2,16.813,19.84,8.406,23.250,0.000
26,ec.gp.GPIndividual@1209997764{-738304838},3C_20_80-03.txt,169.439,0.500,84.719,2,14.953,17.65,7.477,23.250,0.000
26,ec.gp.GPIndividual@1209997764{-738304838},3C_20_66-03.txt,118.340,0.500,59.170,2,17.516,29.60,8.758,23.250,0.000
26,ec.gp.GPIndividual@1209997764{-738304838},3C_20_80-03.txt,169.439,0.500,84.719,1,18.203,21.49,18.203,23.250,0.000
26,ec.gp.GPIndividual@1366956608{809677883},3C_20_50-02.txt,61.404,0.500,30.702,9,31.141,101.43,3.460,5.375,0.281
26,ec.gp.GPIndividual@481742119{-2089634164},3C_20_50-02.txt,61.404,0.500,30.702,3,1.766,5.75,0.589,1.484,0.000
26,ec.gp.GPIndividual@481742119{-2089634164},3C_20_80-01.txt,4.194,0.500,2.097,1,2.375,113.24,2.375,2.375,0.000
26,ec.gp.GPIndividual@481742119{-2089634164},3C_20_50-03.txt,30.993,0.500,15.496,2,7.016,45.27,3.508,6.125,0.000
26,ec.gp.GPIndividual@679919014{1639268506},3C_20_50-02.txt,61.404,0.500,30.702,15,22.797,74.25,1.520,5.359,0.000
26,ec.gp.GPIndividual@679919014{1639268506},3C_20_66-01.txt,7.322,0.500,3.661,1,7.016,191.63,7.016,7.016,0.000
26,ec.gp.GPIndividual@679919014{1639268506},3C_20_80-03.txt,169.439,0.500,84.719,3,17.703,20.90,5.901,10.188,0.000
26,ec.gp.GPIndividual@679919014{1639268506},3C_20_50-03.txt,30.993,0.500,15.496,9,12.266,79.15,1.363,10.188,0.000
26,ec.gp.GPIndividual@1569117301{-1526581272},3C_20_50-02.txt,61.404,0.500,30.702,3,3.875,12.62,1.292,3.531,0.000
26,ec.gp.GPIndividual@1569117301{-1526581272},3C_20_66-02.txt,154.245,0.500,77.122,1,3.766,4.88,3.766,3.766,0.000
26,ec.gp.GPIndividual@1569117301{-1526581272},3C_20_66-01.txt,7.322,0.500,3.661,1,5.078,138.71,5.078,5.078,0.000
26,ec.gp.GPIndividual@1569117301{-1526581272},3C_20_66-02.txt,154.245,0.500,77.122,21,90.984,117.97,4.333,25.922,0.000
26,ec.gp.GPIndividual@1569117301{-1526581272},3C_20_50-03.txt,30.993,0.500,15.496,1,24.703,159.41,24.703,25.922,0.000
26,ec.gp.GPIndividual@1569117301{-1526581272},3C_20_66-03.txt,118.340,0.500,59.170,4,11.219,18.96,2.805,25.922,0.000
26,ec.gp.GPIndividual@1569117301{-1526581272},3C_20_66-03.txt,118.340,0.500,59.170,7,31.563,53.34,4.509,25.922,0.000
26,ec.gp.GPIndividual@1569117301{-1526581272},3C_20_66-02.txt,154.245,0.500,77.122,8,43.422,56.30,5.428,25.922,0.000
26,ec.gp.GPIndividual@1569117301{-1526581272},3C_20_80-01.txt,4.194,0.500,2.097,1,18.969,904.46,18.969,25.922,0.000
26,ec.gp.GPIndividual@1569117301{-1526581272},3C_20_80-01.txt,4.194,0.500,2.097,3,1.813,86.42,0.604,25.922,0.000
26,ec.gp.GPIndividual@1569117301{-1526581272},3C_20_80-02.txt,35.738,0.500,17.869,1,0.609,3.41,0.609,25.922,0.000
26,ec.gp.GPIndividual@1569117301{-1526581272},3C_20_80-02.txt,35.738,0.500,17.869,12,12.719,71.18,1.060,25.922,0.000
26,ec.gp.GPIndividual@1569117301{-1526581272},3C_20_80-03.txt,169.439,0.500,84.719,2,3.953,4.67,1.977,25.922,0.000
26,ec.gp.GPIndividual@1569117301{-1526581272},3C_20_80-03.txt,169.439,0.500,84.719,5,54.500,64.33,10.900,25.922,0.000
26,ec.gp.GPIndividual@1569117301{-1526581272},3C_20_66-01.txt,7.322,0.500,3.661,4,2.438,66.58,0.609,25.922,0.000
26,ec.gp.GPIndividual@1569117301{-1526581272},3C_20_66-02.txt,154.245,0.500,77.122,7,55.906,72.49,7.987,30.969,0.000
26,ec.gp.GPIndividual@2111159214{-1247690868},3C_20_50-02.txt,61.404,0.500,30.702,0,0.000,0.00,0.000,0.000,0.000
26,ec.gp.GPIndividual@2111159214{-1247690868},3C_20_50-03.txt,30.993,0.500,15.496,0,0.000,0.00,0.000,0.000,0.000
26,ec.gp.GPIndividual@2111159214{-1247690868},3C_20_66-01.txt,7.322,0.500,3.661,0,0.000,0.00,0.000,0.000,0.000
26,ec.gp.GPIndividual@2111159214{-1247690868},3C_20_66-02.txt,154.245,0.500,77.122,0,0.000,0.00,0.000,0.000,0.000
26,ec.gp.GPIndividual@2111159214{-1247690868},3C_20_66-03.txt,118.340,0.500,59.170,0,0.000,0.00,0.000,0.000,0.000
26,ec.gp.GPIndividual@2111159214{-1247690868},3C_20_80-01.txt,4.194,0.500,2.097,0,0.000,0.00,0.000,0.000,0.000
26,ec.gp.GPIndividual@2111159214{-1247690868},3C_20_80-02.txt,35.738,0.500,17.869,0,0.000,0.00,0.000,0.000,0.000
26,ec.gp.GPIndividual@2111159214{-1247690868},3C_20_80-03.txt,169.439,0.500,84.719,0,0.000,0.00,0.000,0.000,0.000
26,ec.gp.GPIndividual@708363868{-1500821724},3C_20_50-02.txt,61.404,0.500,30.702,7,27.813,90.59,3.973,22.375,0.000
26,ec.gp.GPIndividual@708363868{-1500821724},3C_20_66-03.txt,118.340,0.500,59.170,2,20.953,35.41,10.477,22.375,0.000
26,ec.gp.GPIndividual@708363868{-1500821724},3C_20_66-03.txt,118.340,0.500,59.170,6,19.141,32.35,3.190,22.375,0.000
26,ec.gp.GPIndividual@708363868{-1500821724},3C_20_50-03.txt,30.993,0.500,15.496,5,11.609,74.92,2.322,22.375,0.000
26,ec.gp.GPIndividual@708363868{-1500821724},3C_20_66-01.txt,7.322,0.500,3.661,6,2.734,74.69,0.456,22.375,0.000
26,ec.gp.GPIndividual@708363868{-1500821724},3C_20_66-02.txt,154.245,0.500,77.122,9,56.453,73.20,6.273,22.375,0.000
26,ec.gp.GPIndividual@708363868{-1500821724},3C_20_80-01.txt,4.194,0.500,2.097,1,14.031,669.03,14.031,22.375,0.000
26,ec.gp.GPIndividual@708363868{-1500821724},3C_20_66-03.txt,118.340,0.500,59.170,11,42.016,71.01,3.820,22.375,0.000
26,ec.gp.GPIndividual@708363868{-1500821724},3C_20_80-01.txt,4.194,0.500,2.097,2,1.219,58.11,0.609,22.375,0.000
26,ec.gp.GPIndividual@708363868{-1500821724},3C_20_80-02.txt,35.738,0.500,17.869,6,22.375,125.22,3.729,22.375,0.000
26,ec.gp.GPIndividual@708363868{-1500821724},3C_20_80-01.txt,4.194,0.500,2.097,2,1.250,59.60,0.625,22.375,0.000
26,ec.gp.GPIndividual@708363868{-1500821724},3C_20_80-02.txt,35.738,0.500,17.869,1,20.016,112.01,20.016,22.375,0.000
26,ec.gp.GPIndividual@708363868{-1500821724},3C_20_80-02.txt,35.738,0.500,17.869,9,10.609,59.37,1.179,22.375,0.000
26,ec.gp.GPIndividual@708363868{-1500821724},3C_20_80-03.txt,169.439,0.500,84.719,6,38.203,45.09,6.367,33.703,0.000
26,ec.gp.GPIndividual@708363868{-1500821724},3C_20_80-03.txt,169.439,0.500,84.719,2,33.078,39.04,16.539,33.703,0.000
26,ec.gp.GPIndividual@708363868{-1500821724},3C_20_80-03.txt,169.439,0.500,84.719,1,32.141,37.94,32.141,33.703,0.000
26,ec.gp.GPIndividual@2107443937{469672094},3C_20_50-02.txt,61.404,0.500,30.702,7,17.906,58.32,2.558,9.516,0.188
26,ec.gp.GPIndividual@1872398358{818448716},3C_20_50-02.txt,61.404,0.500,30.702,3,9.109,29.67,3.036,8.938,0.000
26,ec.gp.GPIndividual@1872398358{818448716},3C_20_50-03.txt,30.993,0.500,15.496,2,11.672,75.32,5.836,10.938,0.000
26,ec.gp.GPIndividual@648288455{-557422193},3C_20_50-02.txt,61.404,0.500,30.702,0,0.000,0.00,0.000,0.000,0.000
26,ec.gp.GPIndividual@648288455{-557422193},3C_20_50-03.txt,30.993,0.500,15.496,0,0.000,0.00,0.000,0.000,0.000
26,ec.gp.GPIndividual@648288455{-557422193},3C_20_66-01.txt,7.322,0.500,3.661,0,0.000,0.00,0.000,0.000,0.000
26,ec.gp.GPIndividual@648288455{-557422193},3C_20_66-02.txt,154.245,0.500,77.122,0,0.000,0.00,0.000,0.000,0.000
26,ec.gp.GPIndividual@648288455{-557422193},3C_20_66-03.txt,118.340,0.500,59.170,0,0.000,0.00,0.000,0.000,0.000
26,ec.gp.GPIndividual@648288455{-557422193},3C_20_80-01.txt,4.194,0.500,2.097,0,0.000,0.00,0.000,0.000,0.000
26,ec.gp.GPIndividual@648288455{-557422193},3C_20_80-02.txt,35.738,0.500,17.869,0,0.000,0.00,0.000,0.000,0.000
26,ec.gp.GPIndividual@648288455{-557422193},3C_20_80-03.txt,169.439,0.500,84.719,0,0.000,0.00,0.000,0.000,0.000
26,ec.gp.GPIndividual@630588355{1454604360},3C_20_50-02.txt,61.404,0.500,30.702,0,0.000,0.00,0.000,0.000,0.000
26,ec.gp.GPIndividual@630588355{1454604360},3C_20_50-03.txt,30.993,0.500,15.496,0,0.000,0.00,0.000,0.000,0.000
26,ec.gp.GPIndividual@630588355{1454604360},3C_20_66-01.txt,7.322,0.500,3.661,0,0.000,0.00,0.000,0.000,0.000
26,ec.gp.GPIndividual@630588355{1454604360},3C_20_66-02.txt,154.245,0.500,77.122,0,0.000,0.00,0.000,0.000,0.000
26,ec.gp.GPIndividual@630588355{1454604360},3C_20_66-03.txt,118.340,0.500,59.170,0,0.000,0.00,0.000,0.000,0.000
26,ec.gp.GPIndividual@630588355{1454604360},3C_20_80-01.txt,4.194,0.500,2.097,0,0.000,0.00,0.000,0.000,0.000
26,ec.gp.GPIndividual@630588355{1454604360},3C_20_80-02.txt,35.738,0.500,17.869,0,0.000,0.00,0.000,0.000,0.000
26,ec.gp.GPIndividual@630588355{1454604360},3C_20_80-03.txt,169.439,0.500,84.719,0,0.000,0.00,0.000,0.000,0.000
26,ec.gp.GPIndividual@616543531{-1381611831},3C_20_50-02.txt,61.404,0.500,30.702,12,24.297,79.14,2.025,10.391,0.000
26,ec.gp.GPIndividual@616543531{-1381611831},3C_20_50-03.txt,30.993,0.500,15.496,2,9.547,61.61,4.773,10.391,0.000
26,ec.gp.GPIndividual@616543531{-1381611831},3C_20_50-03.txt,30.993,0.500,15.496,5,12.281,79.25,2.456,10.391,0.000
26,ec.gp.GPIndividual@616543531{-1381611831},3C_20_66-01.txt,7.322,0.500,3.661,4,3.578,97.73,0.895,10.391,0.000
26,ec.gp.GPIndividual@616543531{-1381611831},3C_20_66-02.txt,154.245,0.500,77.122,3,0.344,0.45,0.115,10.391,0.000
26,ec.gp.GPIndividual@616543531{-1381611831},3C_20_66-01.txt,7.322,0.500,3.661,2,2.984,81.52,1.492,10.391,0.000
26,ec.gp.GPIndividual@616543531{-1381611831},3C_20_66-01.txt,7.322,0.500,3.661,7,3.328,90.91,0.475,10.391,0.000
26,ec.gp.GPIndividual@616543531{-1381611831},3C_20_66-02.txt,154.245,0.500,77.122,3,1.078,1.40,0.359,10.391,0.000
26,ec.gp.GPIndividual@616543531{-1381611831},3C_20_66-02.txt,154.245,0.500,77.122,18,67.047,86.94,3.725,17.172,0.000
26,ec.gp.GPIndividual@616543531{-1381611831},3C_20_66-03.txt,118.340,0.500,59.170,5,31.547,53.32,6.309,17.172,0.000
26,ec.gp.GPIndividual@616543531{-1381611831},3C_20_66-03.txt,118.340,0.500,59.170,4,20.688,34.96,5.172,17.172,0.000
26,ec.gp.GPIndividual@616543531{-1381611831},3C_20_66-03.txt,118.340,0.500,59.170,7,49.625,83.87,7.089,19.828,0.000
26,ec.gp.GPIndividual@616543531{-1381611831},3C_20_80-01.txt,4.194,0.500,2.097,2,1.297,61.84,0.648,19.828,0.000
26,ec.gp.GPIndividual@616543531{-1381611831},3C_20_80-02.txt,35.738,0.500,17.869,4,30.375,169.99,7.594,19.828,0.000
26,ec.gp.GPIndividual@616543531{-1381611831},3C_20_80-01.txt,4.194,0.500,2.097,5,1.828,87.17,0.366,19.828,0.000
26,ec.gp.GPIndividual@616543531{-1381611831},3C_20_80-03.txt,169.439,0.500,84.719,1,0.438,0.52,0.438,19.828,0.000
26,ec.gp.GPIndividual@616543531{-1381611831},3C_20_80-02.txt,35.738,0.500,17.869,2,1.344,7.52,0.672,19.828,0.000
26,ec.gp.GPIndividual@616543531{-1381611831},3C_20_80-01.txt,4.194,0.500,2.097,4,1.781,84.93,0.445,19.828,0.000
26,ec.gp.GPIndividual@616543531{-1381611831},3C_20_80-03.txt,169.439,0.500,84.719,1,0.719,0.85,0.719,19.828,0.000
26,ec.gp.GPIndividual@616543531{-1381611831},3C_20_80-02.txt,35.738,0.500,17.869,9,14.250,79.75,1.583,19.828,0.000
26,ec.gp.GPIndividual@1760140559{-440006904},3C_20_50-02.txt,61.404,0.500,30.702,0,0.000,0.00,0.000,0.000,0.000
26,ec.gp.GPIndividual@1760140559{-440006904},3C_20_50-03.txt,30.993,0.500,15.496,0,0.000,0.00,0.000,0.000,0.000
26,ec.gp.GPIndividual@1760140559{-440006904},3C_20_66-01.txt,7.322,0.500,3.661,0,0.000,0.00,0.000,0.000,0.000
26,ec.gp.GPIndividual@1760140559{-440006904},3C_20_66-02.txt,154.245,0.500,77.122,0,0.000,0.00,0.000,0.000,0.000
26,ec.gp.GPIndividual@1760140559{-440006904},3C_20_66-03.txt,118.340,0.500,59.170,0,0.000,0.00,0.000,0.000,0.000
26,ec.gp.GPIndividual@1760140559{-440006904},3C_20_80-01.txt,4.194,0.500,2.097,0,0.000,0.00,0.000,0.000,0.000
26,ec.gp.GPIndividual@1760140559{-440006904},3C_20_80-02.txt,35.738,0.500,17.869,0,0.000,0.00,0.000,0.000,0.000
26,ec.gp.GPIndividual@1760140559{-440006904},3C_20_80-03.txt,169.439,0.500,84.719,0,0.000,0.00,0.000,0.000,0.000
26,ec.gp.GPIndividual@1213828550{-1904443079},3C_20_50-02.txt,61.404,0.500,30.702,8,19.156,62.39,2.395,10.156,0.000
26,ec.gp.GPIndividual@1213828550{-1904443079},3C_20_50-03.txt,30.993,0.500,15.496,6,9.781,63.12,1.630,10.156,0.000
26,ec.gp.GPIndividual@1213828550{-1904443079},3C_20_66-01.txt,7.322,0.500,3.661,6,1.875,51.21,0.313,10.156,0.000
26,ec.gp.GPIndividual@1213828550{-1904443079},3C_20_66-02.txt,154.245,0.500,77.122,10,47.891,62.10,4.789,19.516,0.000
26,ec.gp.GPIndividual@1213828550{-1904443079},3C_20_66-03.txt,118.340,0.500,59.170,7,42.547,71.91,6.078,19.516,0.000
26,ec.gp.GPIndividual@1213828550{-1904443079},3C_20_80-01.txt,4.194,0.500,2.097,8,1.844,87.91,0.230,19.516,0.000
26,ec.gp.GPIndividual@1213828550{-1904443079},3C_20_80-02.txt,35.738,0.500,17.869,7,7.797,43.63,1.114,19.516,0.000
26,ec.gp.GPIndividual@1213828550{-1904443079},3C_20_80-03.txt,169.439,0.500,84.719,2,34.359,40.56,17.180,33.578,0.000
26,ec.gp.GPIndividual@1321059882{755168523},3C_20_50-02.txt,61.404,0.500,30.702,1,0.000,0.00,0.000,0.000,0.000
26,ec.gp.GPIndividual@1321059882{755168523},3C_20_50-03.txt,30.993,0.500,15.496,1,0.000,0.00,0.000,0.000,0.000
26,ec.gp.GPIndividual@1321059882{755168523},3C_20_66-01.txt,7.322,0.500,3.661,1,0.000,0.00,0.000,0.000,0.000
26,ec.gp.GPIndividual@1321059882{755168523},3C_20_66-02.txt,154.245,0.500,77.122,1,0.000,0.00,0.000,0.000,0.000
26,ec.gp.GPIndividual@1321059882{755168523},3C_20_66-03.txt,118.340,0.500,59.170,1,0.000,0.00,0.000,0.000,0.000
26,ec.gp.GPIndividual@1321059882{755168523},3C_20_80-01.txt,4.194,0.500,2.097,1,0.000,0.00,0.000,0.000,0.000
26,ec.gp.GPIndividual@1321059882{755168523},3C_20_80-02.txt,35.738,0.500,17.869,1,0.000,0.00,0.000,0.000,0.000
26,ec.gp.GPIndividual@1321059882{755168523},3C_20_80-03.txt,169.439,0.500,84.719,1,0.000,0.00,0.000,0.000,0.000
27,ec.gp.GPIndividual@2045086811{127349069},3C_20_50-02.txt,61.404,0.500,30.702,0,0.000,0.00,0.000,0.000,0.000
27,ec.gp.GPIndividual@2045086811{127349069},3C_20_50-03.txt,30.993,0.500,15.496,0,0.000,0.00,0.000,0.000,0.000
27,ec.gp.GPIndividual@2045086811{127349069},3C_20_66-01.txt,7.322,0.500,3.661,0,0.000,0.00,0.000,0.000,0.000
27,ec.gp.GPIndividual@2045086811{127349069},3C_20_66-02.txt,154.245,0.500,77.122,0,0.000,0.00,0.000,0.000,0.000
27,ec.gp.GPIndividual@2045086811{127349069},3C_20_66-03.txt,118.340,0.500,59.170,0,0.000,0.00,0.000,0.000,0.000
27,ec.gp.GPIndividual@2045086811{127349069},3C_20_80-01.txt,4.194,0.500,2.097,0,0.000,0.00,0.000,0.000,0.000
27,ec.gp.GPIndividual@2045086811{127349069},3C_20_80-02.txt,35.738,0.500,17.869,0,0.000,0.00,0.000,0.000,0.000
27,ec.gp.GPIndividual@2045086811{127349069},3C_20_80-03.txt,169.439,0.500,84.719,0,0.000,0.00,0.000,0.000,0.000
27,ec.gp.GPIndividual@951398601{1273256326},3C_20_50-02.txt,61.404,0.500,30.702,1,0.313,1.02,0.313,0.313,0.313
27,ec.gp.GPIndividual@951398601{1273256326},3C_20_50-03.txt,30.993,0.500,15.496,5,1.563,10.08,0.313,0.313,0.313
27,ec.gp.GPIndividual@951398601{1273256326},3C_20_50-03.txt,30.993,0.500,15.496,6,13.922,89.84,2.320,4.172,0.313
27,ec.gp.GPIndividual@951398601{1273256326},3C_20_66-01.txt,7.322,0.500,3.661,2,6.953,189.92,3.477,4.422,0.313
27,ec.gp.GPIndividual@951398601{1273256326},3C_20_66-01.txt,7.322,0.500,3.661,2,5.203,142.12,2.602,4.422,0.313
27,ec.gp.GPIndividual@951398601{1273256326},3C_20_50-03.txt,30.993,0.500,15.496,2,0.453,2.92,0.227,4.422,0.000
27,ec.gp.GPIndividual@951398601{1273256326},3C_20_50-03.txt,30.993,0.500,15.496,2,0.484,3.13,0.242,4.422,0.000
27,ec.gp.GPIndividual@951398601{1273256326},3C_20_50-03.txt,30.993,0.500,15.496,1,0.938,6.05,0.938,4.422,0.000
27,ec.gp.GPIndividual@951398601{1273256326},3C_20_66-02.txt,154.245,0.500,77.122,1,0.938,1.22,0.938,4.422,0.000
27,ec.gp.GPIndividual@951398601{1273256326},3C_20_66-02.txt,154.245,0.500,77.122,2,2.359,3.06,1.180,4.422,0.000
27,ec.gp.GPIndividual@951398601{1273256326},3C_20_50-03.txt,30.993,0.500,15.496,1,2.516,16.23,2.516,4.422,0.000
27,ec.gp.GPIndividual@951398601{1273256326},3C_20_66-03.txt,118.340,0.500,59.170,1,2.531,4.28,2.531,4.422,0.000
27,ec.gp.GPIndividual@951398601{1273256326},3C_20_66-03.txt,118.340,0.500,59.170,5,22.797,38.53,4.559,6.063,0.000
27,ec.gp.GPIndividual@951398601{1273256326},3C_20_80-01.txt,4.194,0.500,2.097,1,6.063,289.07,6.063,6.063,0.000
27,ec.gp.GPIndividual@951398601{1273256326},3C_20_80-01.txt,4.194,0.500,2.097,1,0.938,44.70,0.938,6.063,0.000
27,ec.gp.GPIndividual@951398601{1273256326},3C_20_80-02.txt,35.738,0.500,17.869,1,0.891,4.98,0.891,6.063,0.000
27,ec.gp.GPIndividual@951398601{1273256326},3C_20_80-02.txt,35.738,0.500,17.869,3,22.031,123.29,7.344,7.516,0.000
27,ec.gp.GPIndividual@951398601{1273256326},3C_20_66-01.txt,7.322,0.500,3.661,1,1.938,52.92,1.938,7.516,0.000
27,ec.gp.GPIndividual@951398601{1273256326},3C_20_80-03.txt,169.439,0.500,84.719,1,2.094,2.47,2.094,7.516,0.000
27,ec.gp.GPIndividual@951398601{1273256326},3C_20_80-03.txt,169.439,0.500,84.719,2,1.359,1.60,0.680,7.516,0.000
27,ec.gp.GPIndividual@951398601{1273256326},3C_20_66-01.txt,7.322,0.500,3.661,1,6.859,187.36,6.859,7.516,0.000
27,ec.gp.GPIndividual@951398601{1273256326},3C_20_66-01.txt,7.322,0.500,3.661,4,4.000,109.26,1.000,7.516,0.000
27,ec.gp.GPIndividual@951398601{1273256326},3C_20_66-02.txt,154.245,0.500,77.122,1,0.375,0.49,0.375,7.516,0.000
27,ec.gp.GPIndividual@951398601{1273256326},3C_20_66-02.txt,154.245,0.500,77.122,1,0.875,1.13,0.875,7.516,0.000
27,ec.gp.GPIndividual@951398601{1273256326},3C_20_66-02.txt,154.245,0.500,77.122,2,4.375,5.67,2.188,7.516,0.000
27,ec.gp.GPIndividual@951398601{1273256326},3C_20_66-01.txt,7.322,0.500,3.661,3,3.594,98.16,1.198,7.516,0.000
27,ec.gp.GPIndividual@951398601{1273256326},3C_20_66-03.txt,118.340,0.500,59.170,3,6.016,10.17,2.005,7.516,0.000
27,ec.gp.GPIndividual@951398601{1273256326},3C_20_66-02.txt,154.245,0.500,77.122,1,5.781,7.50,5.781,7.516,0.000
27,ec.gp.GPIndividual@740647705{-263260992},3C_20_50-02.txt,61.404,0.500,30.702,0,0.000,0.00,0.000,0.000,0.000
27,ec.gp.GPIndividual@740647705{-263260992},3C_20_50-03.txt,30.993,0.500,15.496,0,0.000,0.00,0.000,0.000,0.000
27,ec.gp.GPIndividual@740647705{-263260992},3C_20_66-01.txt,7.322,0.500,3.661,0,0.000,0.00,0.000,0.000,0.000
27,ec.gp.GPIndividual@740647705{-263260992},3C_20_66-02.txt,154.245,0.500,77.122,0,0.000,0.00,0.000,0.000,0.000
27,ec.gp.GPIndividual@740647705{-263260992},3C_20_66-03.txt,118.340,0.500,59.170,0,0.000,0.00,0.000,0.000,0.000
27,ec.gp.GPIndividual@740647705{-263260992},3C_20_80-01.txt,4.194,0.500,2.097,0,0.000,0.00,0.000,0.000,0.000
27,ec.gp.GPIndividual@740647705{-263260992},3C_20_80-02.txt,35.738,0.500,17.869,0,0.000,0.00,0.000,0.000,0.000
27,ec.gp.GPIndividual@740647705{-263260992},3C_20_80-03.txt,169.439,0.500,84.719,0,0.000,0.00,0.000,0.000,0.000
27,ec.gp.GPIndividual@105925711{1386538456},3C_20_50-02.txt,61.404,0.500,30.702,3,7.797,25.40,2.599,6.109,0.328
27,ec.gp.GPIndividual@49265815{1481954931},3C_20_50-02.txt,61.404,0.500,30.702,16,31.109,101.33,1.944,5.875,0.469
27,ec.gp.GPIndividual@49265815{1481954931},3C_20_50-03.txt,30.993,0.500,15.496,2,0.891,5.75,0.445,5.875,0.000
27,ec.gp.GPIndividual@49265815{1481954931},3C_20_66-03.txt,118.340,0.500,59.170,2,1.547,2.61,0.773,5.875,0.000
27,ec.gp.GPIndividual@49265815{1481954931},3C_20_66-03.txt,118.340,0.500,59.170,3,4.281,7.24,1.427,5.875,0.000
27,ec.gp.GPIndividual@49265815{1481954931},3C_20_50-03.txt,30.993,0.500,15.496,2,5.406,34.89,2.703,5.875,0.000
27,ec.gp.GPIndividual@49265815{1481954931},3C_20_80-01.txt,4.194,0.500,2.097,2,5.188,247.35,2.594,5.875,0.000
27,ec.gp.GPIndividual@49265815{1481954931},3C_20_66-01.txt,7.322,0.500,3.661,1,0.500,13.66,0.500,5.875,0.000
27,ec.gp.GPIndividual@49265815{1481954931},3C_20_80-02.txt,35.738,0.500,17.869,6,20.500,114.72,3.417,6.109,0.000
27,ec.gp.GPIndividual@49265815{1481954931},3C_20_80-01.txt,4.194,0.500,2.097,2,2.156,102.81,1.078,6.109,0.000
27,ec.gp.GPIndividual@49265815{1481954931},3C_20_80-03.txt,169.439,0.500,84.719,2,2.813,3.32,1.406,6.109,0.000
27,ec.gp.GPIndividual@49265815{1481954931},3C_20_80-01.txt,4.194,0.500,2.097,1,5.688,271.19,5.688,6.109,0.000
27,ec.gp.GPIndividual@49265815{1481954931},3C_20_66-03.txt,118.340,0.500,59.170,1,0.484,0.82,0.484,6.109,0.000
27,ec.gp.GPIndividual@49265815{1481954931},3C_20_80-02.txt,35.738,0.500,17.869,5,10.609,59.37,2.122,6.109,0.000
27,ec.gp.GPIndividual@49265815{1481954931},3C_20_66-01.txt,7.322,0.500,3.661,4,4.047,110.54,1.012,6.109,0.000
27,ec.gp.GPIndividual@49265815{1481954931},3C_20_80-03.txt,169.439,0.500,84.719,1,0.156,0.18,0.156,6.109,0.000
27,ec.gp.GPIndividual@49265815{1481954931},3C_20_66-02.txt,154.245,0.500,77.122,2,0.828,1.07,0.414,6.109,0.000
27,ec.gp.GPIndividual@49265815{1481954931},3C_20_80-02.txt,35.738,0.500,17.869,5,22.844,127.84,4.569,6.109,0.000
27,ec.gp.GPIndividual@49265815{1481954931},3C_20_66-02.txt,154.245,0.500,77.122,1,0.516,0.67,0.516,6.109,0.000
27,ec.gp.GPIndividual@49265815{1481954931},3C_20_66-03.txt,118.340,0.500,59.170,2,3.500,5.92,1.750,6.109,0.000
27,ec.gp.GPIndividual@49265815{1481954931},3C_20_80-01.txt,4.194,0.500,2.097,3,1.609,76.74,0.536,6.109,0.000
27,ec.gp.GPIndividual@49265815{1481954931},3C_20_80-03.txt,169.439,0.500,84.719,4,14.016,16.54,3.504,6.109,0.000
27,ec.gp.GPIndividual@1424560033{-857666704},3C_20_50-02.txt,61.404,0.500,30.702,12,30.953,100.82,2.579,6.500,0.516
27,ec.gp.GPIndividual@1424560033{-857666704},3C_20_80-02.txt,35.738,0.500,17.869,3,5.047,28.24,1.682,6.500,0.000
27,ec.gp.GPIndividual@1424560033{-857666704},3C_20_66-03.txt,118.340,0.500,59.170,1,2.297,3.88,2.297,6.500,0.000
27,ec.gp.GPIndividual@1400598230{313625631},3C_20_50-02.txt,61.404,0.500,30.702,9,17.406,56.69,1.934,5.953,0.000
27,ec.gp.GPIndividual@1400598230{313625631},3C_20_80-01.txt,4.194,0.500,2.097,1,2.500,119.20,2.500,5.953,0.000
27,ec.gp.GPIndividual@1400598230{313625631},3C_20_50-03.txt,30.993,0.500,15.496,7,14.688,94.78,2.098,6.406,0.000
27,ec.gp.GPIndividual@1400598230{313625631},3C_20_80-03.txt,169.439,0.500,84.719,1,3.297,3.89,3.297,6.406,0.000
27,ec.gp.GPIndividual@1400598230{313625631},3C_20_80-01.txt,4.194,0.500,2.097,1,4.859,231.70,4.859,6.406,0.000
27,ec.gp.GPIndividual@1400598230{313625631},3C_20_66-01.txt,7.322,0.500,3.661,2,1.375,37.56,0.688,6.406,0.000
27,ec.gp.GPIndividual@1400598230{313625631},3C_20_80-02.txt,35.738,0.500,17.869,4,11.938,66.81,2.984,10.047,0.000
27,ec.gp.GPIndividual@1400598230{313625631},3C_20_50-03.txt,30.993,0.500,15.496,9,16.594,107.08,1.844,10.047,0.000
27,ec.gp.GPIndividual@354530563{1566863250},3C_20_50-02.txt,61.404,0.500,30.702,5,7.828,25.50,1.566,4.094,0.000
27,ec.gp.GPIndividual@354530563{1566863250},3C_20_66-02.txt,154.245,0.500,77.122,11,56.781,73.62,5.162,30.219,0.000
27,ec.gp.GPIndividual@156189331{1091856941},3C_20_50-02.txt,61.404,0.500,30.702,10,36.078,117.51,3.608,10.359,0.484
27,ec.gp.GPIndividual@156189331{1091856941},3C_20_80-02.txt,35.738,0.500,17.869,2,8.141,45.56,4.070,10.359,0.000
27,ec.gp.GPIndividual@156189331{1091856941},3C_20_66-03.txt,118.340,0.500,59.170,2,2.016,3.41,1.008,10.359,0.000
27,ec.gp.GPIndividual@156189331{1091856941},3C_20_66-01.txt,7.322,0.500,3.661,1,11.000,300.46,11.000,11.000,0.000
27,ec.gp.GPIndividual@156189331{1091856941},3C_20_50-03.txt,30.993,0.500,15.496,5,10.281,66.35,2.056,11.000,0.000
27,ec.gp.GPIndividual@156189331{1091856941},3C_20_50-03.txt,30.993,0.500,15.496,7,17.297,111.62,2.471,11.000,0.000
27,ec.gp.GPIndividual@156189331{1091856941},3C_20_80-01.txt,4.194,0.500,2.097,2,1.438,68.54,0.719,11.000,0.000
27,ec.gp.GPIndividual@156189331{1091856941},3C_20_80-02.txt,35.738,0.500,17.869,3,7.563,42.32,2.521,11.000,0.000
27,ec.gp.GPIndividual@156189331{1091856941},3C_20_66-02.txt,154.245,0.500,77.122,1,3.563,4.62,3.563,11.000,0.000
27,ec.gp.GPIndividual@156189331{1091856941},3C_20_66-01.txt,7.322,0.500,3.661,2,1.891,51.64,0.945,11.000,0.000
27,ec.gp.GPIndividual@156189331{1091856941},3C_20_80-03.txt,169.439,0.500,84.719,9,39.078,46.13,4.342,28.078,0.000
27,ec.gp.GPIndividual@156189331{1091856941},3C_20_80-03.txt,169.439,0.500,84.719,1,5.203,6.14,5.203,28.078,0.000
27,ec.gp.GPIndividual@156189331{1091856941},3C_20_66-01.txt,7.322,0.500,3.661,3,4.188,114.38,1.396,28.078,0.000
27,ec.gp.GPIndividual@156189331{1091856941},3C_20_66-02.txt,154.245,0.500,77.122,2,0.484,0.63,0.242,28.078,0.000
27,ec.gp.GPIndividual@156189331{1091856941},3C_20_80-03.txt,169.439,0.500,84.719,3,1.953,2.31,0.651,28.078,0.000
27,ec.gp.GPIndividual@156189331{1091856941},3C_20_66-03.txt,118.340,0.500,59.170,15,50.797,85.85,3.386,28.078,0.000
27,ec.gp.GPIndividual@156189331{1091856941},3C_20_66-03.txt,118.340,0.500,59.170,2,6.703,11.33,3.352,28.078,0.000
27,ec.gp.GPIndividual@156189331{1091856941},3C_20_80-01.txt,4.194,0.500,2.097,2,13.047,622.10,6.523,28.078,0.000
27,ec.gp.GPIndividual@1185201242{-1391480253},3C_20_50-02.txt,61.404,0.500,30.702,1,0.516,1.68,0.516,0.516,0.516
27,ec.gp.GPIndividual@1185201242{-1391480253},3C_20_80-02.txt,35.738,0.500,17.869,2,15.172,84.91,7.586,14.656,0.516
27,ec.gp.GPIndividual@1443405792{-917799680},3C_20_50-02.txt,61.404,0.500,30.702,0,0.000,0.00,0.000,0.000,0.000
27,ec.gp.GPIndividual@1443405792{-917799680},3C_20_50-03.txt,30.993,0.500,15.496,0,0.000,0.00,0.000,0.000,0.000
27,ec.gp.GPIndividual@1443405792{-917799680},3C_20_66-01.txt,7.322,0.500,3.661,0,0.000,0.00,0.000,0.000,0.000
27,ec.gp.GPIndividual@1443405792{-917799680},3C_20_66-02.txt,154.245,0.500,77.122,0,0.000,0.00,0.000,0.000,0.000
27,ec.gp.GPIndividual@1443405792{-917799680},3C_20_66-03.txt,118.340,0.500,59.170,0,0.000,0.00,0.000,0.000,0.000
27,ec.gp.GPIndividual@1443405792{-917799680},3C_20_80-01.txt,4.194,0.500,2.097,0,0.000,0.00,0.000,0.000,0.000
27,ec.gp.GPIndividual@1443405792{-917799680},3C_20_80-02.txt,35.738,0.500,17.869,0,0.000,0.00,0.000,0.000,0.000
27,ec.gp.GPIndividual@1443405792{-917799680},3C_20_80-03.txt,169.439,0.500,84.719,0,0.000,0.00,0.000,0.000,0.000
27,ec.gp.GPIndividual@481824515{-1432002120},3C_20_50-02.txt,61.404,0.500,30.702,5,25.672,83.62,5.134,21.375,0.000
27,ec.gp.GPIndividual@106706609{-1253450523},3C_20_50-02.txt,61.404,0.500,30.702,0,0.000,0.00,0.000,0.000,0.000
27,ec.gp.GPIndividual@106706609{-1253450523},3C_20_50-03.txt,30.993,0.500,15.496,0,0.000,0.00,0.000,0.000,0.000
27,ec.gp.GPIndividual@106706609{-1253450523},3C_20_66-01.txt,7.322,0.500,3.661,0,0.000,0.00,0.000,0.000,0.000
27,ec.gp.GPIndividual@106706609{-1253450523},3C_20_66-02.txt,154.245,0.500,77.122,0,0.000,0.00,0.000,0.000,0.000
27,ec.gp.GPIndividual@106706609{-1253450523},3C_20_66-03.txt,118.340,0.500,59.170,0,0.000,0.00,0.000,0.000,0.000
27,ec.gp.GPIndividual@106706609{-1253450523},3C_20_80-01.txt,4.194,0.500,2.097,0,0.000,0.00,0.000,0.000,0.000
27,ec.gp.GPIndividual@106706609{-1253450523},3C_20_80-02.txt,35.738,0.500,17.869,0,0.000,0.00,0.000,0.000,0.000
27,ec.gp.GPIndividual@106706609{-1253450523},3C_20_80-03.txt,169.439,0.500,84.719,0,0.000,0.00,0.000,0.000,0.000
27,ec.gp.GPIndividual@653278406{146690242},3C_20_50-02.txt,61.404,0.500,30.702,6,27.469,89.47,4.578,17.953,0.000
27,ec.gp.GPIndividual@653278406{146690242},3C_20_66-02.txt,154.245,0.500,77.122,18,53.828,69.80,2.990,17.953,0.000
27,ec.gp.GPIndividual@653278406{146690242},3C_20_50-03.txt,30.993,0.500,15.496,1,19.734,127.35,19.734,19.734,0.000
27,ec.gp.GPIndividual@653278406{146690242},3C_20_50-03.txt,30.993,0.500,15.496,2,20.969,135.31,10.484,20.969,0.000
27,ec.gp.GPIndividual@653278406{146690242},3C_20_80-03.txt,169.439,0.500,84.719,2,16.563,19.55,8.281,20.969,0.000
27,ec.gp.GPIndividual@653278406{146690242},3C_20_66-03.txt,118.340,0.500,59.170,2,23.484,39.69,11.742,23.484,0.000
27,ec.gp.GPIndividual@653278406{146690242},3C_20_80-01.txt,4.194,0.500,2.097,2,25.844,1232.27,12.922,24.938,0.000
27,ec.gp.GPIndividual@653278406{146690242},3C_20_50-03.txt,30.993,0.500,15.496,1,0.516,3.33,0.516,24.938,0.000
27,ec.gp.GPIndividual@653278406{146690242},3C_20_80-02.txt,35.738,0.500,17.869,5,17.641,98.72,3.528,24.938,0.000
27,ec.gp.GPIndividual@862021310{230772156},3C_20_50-02.txt,61.404,0.500,30.702,5,15.781,51.40,3.156,6.156,0.484
27,ec.gp.GPIndividual@862021310{230772156},3C_20_66-01.txt,7.322,0.500,3.661,5,3.563,97.31,0.713,6.156,0.000
27,ec.gp.GPIndividual@862021310{230772156},3C_20_80-03.txt,169.439,0.500,84.719,3,1.906,2.25,0.635,6.156,0.000
27,ec.gp.GPIndividual@862021310{230772156},3C_20_50-03.txt,30.993,0.500,15.496,1,5.469,35.29,5.469,6.156,0.000
27,ec.gp.GPIndividual@862021310{230772156},3C_20_66-01.txt,7.322,0.500,3.661,3,3.625,99.01,1.208,6.156,0.000
27,ec.gp.GPIndividual@862021310{230772156},3C_20_80-01.txt,4.194,0.500,2.097,2,2.547,121.44,1.273,6.156,0.000
27,ec.gp.GPIndividual@862021310{230772156},3C_20_66-02.txt,154.245,0.500,77.122,2,0.328,0.43,0.164,6.156,0.000
27,ec.gp.GPIndividual@862021310{230772156},3C_20_66-02.txt,154.245,0.500,77.122,25,71.516,92.73,2.861,9.531,0.000
27,ec.gp.GPIndividual@862021310{230772156},3C_20_66-01.txt,7.322,0.500,3.661,1,4.469,122.06,4.469,9.531,0.000
27,ec.gp.GPIndividual@862021310{230772156},3C_20_80-02.txt,35.738,0.500,17.869,7,17.734,99.25,2.533,9.766,0.000
27,ec.gp.GPIndividual@862021310{230772156},3C_20_66-02.txt,154.245,0.500,77.122,2,13.188,17.10,6.594,13.188,0.000
27,ec.gp.GPIndividual@862021310{230772156},3C_20_66-03.txt,118.340,0.500,59.170,3,1.922,3.25,0.641,13.188,0.000
27,ec.gp.GPIndividual@862021310{230772156},3C_20_66-01.txt,7.322,0.500,3.661,2,0.656,17.92,0.328,13.188,0.000
27,ec.gp.GPIndividual@862021310{230772156},3C_20_80-03.txt,169.439,0.500,84.719,2,13.844,16.34,6.922,13.844,0.000
27,ec.gp.GPIndividual@862021310{230772156},3C_20_66-03.txt,118.340,0.500,59.170,1,19.266,32.56,19.266,19.266,0.000
27,ec.gp.GPIndividual@775968137{-907802860},3C_20_50-02.txt,61.404,0.500,30.702,13,34.156,111.25,2.627,6.359,0.313
27,ec.gp.GPIndividual@775968137{-907802860},3C_20_80-01.txt,4.194,0.500,2.097,3,1.891,90.15,0.630,6.359,0.000
27,ec.gp.GPIndividual@775968137{-907802860},3C_20_66-03.txt,118.340,0.500,59.170,2,2.063,3.49,1.031,6.359,0.000
27,ec.gp.GPIndividual@1098235144{1715191004},3C_20_50-02.txt,61.404,0.500,30.702,0,0.000,0.00,0.000,0.000,0.000
27,ec.gp.GPIndividual@1098235144{1715191004},3C_20_50-03.txt,30.993,0.500,15.496,0,0.000,0.00,0.000,0.000,0.000
27,ec.gp.GPIndividual@1098235144{1715191004},3C_20_66-01.txt,7.322,0.500,3.661,0,0.000,0.00,0.000,0.000,0.000
27,ec.gp.GPIndividual@1098235144{1715191004},3C_20_66-02.txt,154.245,0.500,77.122,0,0.000,0.00,0.000,0.000,0.000
27,ec.gp.GPIndividual@1098235144{1715191004},3C_20_66-03.txt,118.340,0.500,59.170,0,0.000,0.00,0.000,0.000,0.000
27,ec.gp.GPIndividual@1098235144{1715191004},3C_20_80-01.txt,4.194,0.500,2.097,0,0.000,0.00,0.000,0.000,0.000
27,ec.gp.GPIndividual@1098235144{1715191004},3C_20_80-02.txt,35.738,0.500,17.869,0,0.000,0.00,0.000,0.000,0.000
27,ec.gp.GPIndividual@1098235144{1715191004},3C_20_80-03.txt,169.439,0.500,84.719,0,0.000,0.00,0.000,0.000,0.000
27,ec.gp.GPIndividual@1971963402{-763133611},3C_20_50-02.txt,61.404,0.500,30.702,9,21.016,68.45,2.335,7.281,0.000
27,ec.gp.GPIndividual@1971963402{-763133611},3C_20_66-02.txt,154.245,0.500,77.122,11,36.766,47.67,3.342,9.328,0.000
27,ec.gp.GPIndividual@1971963402{-763133611},3C_20_80-01.txt,4.194,0.500,2.097,2,10.594,505.13,5.297,10.594,0.000
27,ec.gp.GPIndividual@1971963402{-763133611},3C_20_50-03.txt,30.993,0.500,15.496,8,14.234,91.86,1.779,10.594,0.000
27,ec.gp.GPIndividual@1971963402{-763133611},3C_20_66-01.txt,7.322,0.500,3.661,2,3.266,89.20,1.633,10.594,0.000
27,ec.gp.GPIndividual@1971963402{-763133611},3C_20_66-03.txt,118.340,0.500,59.170,2,4.500,7.61,2.250,10.594,0.000
27,ec.gp.GPIndividual@1971963402{-763133611},3C_20_80-02.txt,35.738,0.500,17.869,2,2.656,14.87,1.328,10.594,0.000
27,ec.gp.GPIndividual@1971963402{-763133611},3C_20_80-02.txt,35.738,0.500,17.869,12,21.859,122.33,1.822,10.594,0.000
27,ec.gp.GPIndividual@1971963402{-763133611},3C_20_80-01.txt,4.194,0.500,2.097,2,0.906,43.21,0.453,10.594,0.000
27,ec.gp.GPIndividual@1971963402{-763133611},3C_20_80-03.txt,169.439,0.500,84.719,5,4.563,5.39,0.913,10.594,0.000
27,ec.gp.GPIndividual@1971963402{-763133611},3C_20_66-02.txt,154.245,0.500,77.122,10,42.594,55.23,4.259,21.813,0.000
27,ec.gp.GPIndividual@1971963402{-763133611},3C_20_80-01.txt,4.194,0.500,2.097,3,2.000,95.36,0.667,21.813,0.000
27,ec.gp.GPIndividual@1971963402{-763133611},3C_20_66-03.txt,118.340,0.500,59.170,2,23.828,40.27,11.914,23.828,0.000
27,ec.gp.GPIndividual@1971963402{-763133611},3C_20_50-03.txt,30.993,0.500,15.496,9,14.750,95.18,1.639,23.828,0.000
27,ec.gp.GPIndividual@1971963402{-763133611},3C_20_80-02.txt,35.738,0.500,17.869,1,1.469,8.22,1.469,23.828,0.000
27,ec.gp.GPIndividual@1971963402{-763133611},3C_20_66-01.txt,7.322,0.500,3.661,1,6.141,167.73,6.141,23.828,0.000
27,ec.gp.GPIndividual@1971963402{-763133611},3C_20_80-01.txt,4.194,0.500,2.097,2,4.250,202.65,2.125,23.828,0.000
27,ec.gp.GPIndividual@1971963402{-763133611},3C_20_80-02.txt,35.738,0.500,17.869,2,1.656,9.27,0.828,23.828,0.000
27,ec.gp.GPIndividual@1971963402{-763133611},3C_20_80-02.txt,35.738,0.500,17.869,12,17.375,97.24,1.448,23.828,0.000
27,ec.gp.GPIndividual@1971963402{-763133611},3C_20_80-03.txt,169.439,0.500,84.719,2,0.734,0.87,0.367,23.828,0.000
27,ec.gp.GPIndividual@1971963402{-763133611},3C_20_66-02.txt,154.245,0.500,77.122,13,48.938,63.45,3.764,24.344,0.000
27,ec.gp.GPIndividual@461539878{-478599357},3C_20_50-02.txt,61.404,0.500,30.702,0,0.000,0.00,0.000,0.000,0.000
27,ec.gp.GPIndividual@461539878{-478599357},3C_20_50-03.txt,30.993,0.500,15.496,0,0.000,0.00,0.000,0.000,0.000
27,ec.gp.GPIndividual@461539878{-478599357},3C_20_66-01.txt,7.322,0.500,3.661,0,0.000,0.00,0.000,0.000,0.000
27,ec.gp.GPIndividual@461539878{-478599357},3C_20_66-02.txt,154.245,0.500,77.122,0,0.000,0.00,0.000,0.000,0.000
27,ec.gp.GPIndividual@461539878{-478599357},3C_20_66-03.txt,118.340,0.500,59.170,0,0.000,0.00,0.000,0.000,0.000
27,ec.gp.GPIndividual@461539878{-478599357},3C_20_80-01.txt,4.194,0.500,2.097,0,0.000,0.00,0.000,0.000,0.000
27,ec.gp.GPIndividual@461539878{-478599357},3C_20_80-02.txt,35.738,0.500,17.869,0,0.000,0.00,0.000,0.000,0.000
27,ec.gp.GPIndividual@461539878{-478599357},3C_20_80-03.txt,169.439,0.500,84.719,0,0.000,0.00,0.000,0.000,0.000
27,ec.gp.GPIndividual@1813924574{227985808},3C_20_50-02.txt,61.404,0.500,30.702,0,0.000,0.00,0.000,0.000,0.000
27,ec.gp.GPIndividual@1813924574{227985808},3C_20_50-03.txt,30.993,0.500,15.496,0,0.000,0.00,0.000,0.000,0.000
27,ec.gp.GPIndividual@1813924574{227985808},3C_20_66-01.txt,7.322,0.500,3.661,0,0.000,0.00,0.000,0.000,0.000
27,ec.gp.GPIndividual@1813924574{227985808},3C_20_66-02.txt,154.245,0.500,77.122,0,0.000,0.00,0.000,0.000,0.000
27,ec.gp.GPIndividual@1813924574{227985808},3C_20_66-03.txt,118.340,0.500,59.170,0,0.000,0.00,0.000,0.000,0.000
27,ec.gp.GPIndividual@1813924574{227985808},3C_20_80-01.txt,4.194,0.500,2.097,0,0.000,0.00,0.000,0.000,0.000
27,ec.gp.GPIndividual@1813924574{227985808},3C_20_80-02.txt,35.738,0.500,17.869,0,0.000,0.00,0.000,0.000,0.000
27,ec.gp.GPIndividual@1813924574{227985808},3C_20_80-03.txt,169.439,0.500,84.719,0,0.000,0.00,0.000,0.000,0.000
27,ec.gp.GPIndividual@961320018{-1904443079},3C_20_50-02.txt,61.404,0.500,30.702,3,26.563,86.52,8.854,26.125,0.000
27,ec.gp.GPIndividual@961320018{-1904443079},3C_20_80-03.txt,169.439,0.500,84.719,2,21.094,24.90,10.547,26.125,0.000
27,ec.gp.GPIndividual@961320018{-1904443079},3C_20_66-03.txt,118.340,0.500,59.170,2,26.844,45.37,13.422,26.844,0.000
27,ec.gp.GPIndividual@961320018{-1904443079},3C_20_80-03.txt,169.439,0.500,84.719,8,54.641,64.50,6.830,31.969,0.000
27,ec.gp.GPIndividual@2137558361{1316714376},3C_20_50-02.txt,61.404,0.500,30.702,0,0.000,0.00,0.000,0.000,0.000
27,ec.gp.GPIndividual@2137558361{1316714376},3C_20_50-03.txt,30.993,0.500,15.496,0,0.000,0.00,0.000,0.000,0.000
27,ec.gp.GPIndividual@2137558361{1316714376},3C_20_66-01.txt,7.322,0.500,3.661,0,0.000,0.00,0.000,0.000,0.000
27,ec.gp.GPIndividual@2137558361{1316714376},3C_20_66-02.txt,154.245,0.500,77.122,0,0.000,0.00,0.000,0.000,0.000
27,ec.gp.GPIndividual@2137558361{1316714376},3C_20_66-03.txt,118.340,0.500,59.170,0,0.000,0.00,0.000,0.000,0.000
27,ec.gp.GPIndividual@2137558361{1316714376},3C_20_80-01.txt,4.194,0.500,2.097,0,0.000,0.00,0.000,0.000,0.000
27,ec.gp.GPIndividual@2137558361{1316714376},3C_20_80-02.txt,35.738,0.500,17.869,0,0.000,0.00,0.000,0.000,0.000
27,ec.gp.GPIndividual@2137558361{1316714376},3C_20_80-03.txt,169.439,0.500,84.719,0,0.000,0.00,0.000,0.000,0.000
27,ec.gp.GPIndividual@174433451{1091856941},3C_20_50-02.txt,61.404,0.500,30.702,13,27.969,91.10,2.151,11.359,0.000
27,ec.gp.GPIndividual@174433451{1091856941},3C_20_80-03.txt,169.439,0.500,84.719,2,9.750,11.51,4.875,11.359,0.000
27,ec.gp.GPIndividual@174433451{1091856941},3C_20_50-03.txt,30.993,0.500,15.496,4,9.406,60.70,2.352,11.359,0.000
27,ec.gp.GPIndividual@174433451{1091856941},3C_20_66-02.txt,154.245,0.500,77.122,6,10.391,13.47,1.732,11.359,0.000
27,ec.gp.GPIndividual@228788806{1476592192},3C_20_50-02.txt,61.404,0.500,30.702,8,17.656,57.51,2.207,10.219,0.000
27,ec.gp.GPIndividual@228788806{1476592192},3C_20_66-01.txt,7.322,0.500,3.661,1,11.984,327.34,11.984,11.984,0.000
27,ec.gp.GPIndividual@228788806{1476592192},3C_20_66-03.txt,118.340,0.500,59.170,3,9.766,16.50,3.255,11.984,0.000
27,ec.gp.GPIndividual@228788806{1476592192},3C_20_50-03.txt,30.993,0.500,15.496,9,12.516,80.77,1.391,11.984,0.000
27,ec.gp.GPIndividual@228788806{1476592192},3C_20_66-01.txt,7.322,0.500,3.661,2,3.266,89.20,1.633,11.984,0.000
27,ec.gp.GPIndividual@228788806{1476592192},3C_20_80-01.txt,4.194,0.500,2.097,2,5.984,285.34,2.992,11.984,0.000
27,ec.gp.GPIndividual@228788806{1476592192},3C_20_66-02.txt,154.245,0.500,77.122,19,70.688,91.66,3.720,26.656,0.000
27,ec.gp.GPIndividual@228788806{1476592192},3C_20_80-02.txt,35.738,0.500,17.869,4,30.141,168.67,7.535,26.656,0.000
27,ec.gp.GPIndividual@228788806{1476592192},3C_20_66-03.txt,118.340,0.500,59.170,3,1.031,1.74,0.344,26.656,0.000
27,ec.gp.GPIndividual@228788806{1476592192},3C_20_66-02.txt,154.245,0.500,77.122,13,75.047,97.31,5.773,29.844,0.000
27,ec.gp.GPIndividual@228788806{1476592192},3C_20_80-03.txt,169.439,0.500,84.719,4,29.109,34.36,7.277,29.844,0.000
27,ec.gp.GPIndividual@228788806{1476592192},3C_20_80-01.txt,4.194,0.500,2.097,2,1.172,55.88,0.586,29.844,0.000
27,ec.gp.GPIndividual@228788806{1476592192},3C_20_80-02.txt,35.738,0.500,17.869,7,9.359,52.38,1.337,29.844,0.000
27,ec.gp.GPIndividual@228788806{1476592192},3C_20_80-03.txt,169.439,0.500,84.719,3,30.000,35.41,10.000,29.844,0.000
27,ec.gp.GPIndividual@228788806{1476592192},3C_20_66-03.txt,118.340,0.500,59.170,3,36.844,62.27,12.281,32.953,0.000
27,ec.gp.GPIndividual@940650887{1386538456},3C_20_50-02.txt,61.404,0.500,30.702,7,16.453,53.59,2.350,10.859,0.000
27,ec.gp.GPIndividual@940650887{1386538456},3C_20_80-01.txt,4.194,0.500,2.097,3,10.859,517.79,3.620,10.859,0.000
27,ec.gp.GPIndividual@940650887{1386538456},3C_20_50-03.txt,30.993,0.500,15.496,2,0.578,3.73,0.289,10.859,0.000
27,ec.gp.GPIndividual@940650887{1386538456},3C_20_80-02.txt,35.738,0.500,17.869,10,13.703,76.69,1.370,10.859,0.000
27,ec.gp.GPIndividual@940650887{1386538456},3C_20_80-03.txt,169.439,0.500,84.719,2,4.016,4.74,2.008,10.859,0.000
27,ec.gp.GPIndividual@940650887{1386538456},3C_20_66-01.txt,7.322,0.500,3.661,5,3.297,90.05,0.659,10.859,0.000
27,ec.gp.GPIndividual@2123074235{-1904443079},3C_20_50-02.txt,61.404,0.500,30.702,9,24.875,81.02,2.764,11.359,0.000
27,ec.gp.GPIndividual@2123074235{-1904443079},3C_20_50-03.txt,30.993,0.500,15.496,4,10.031,64.73,2.508,11.359,0.000
27,ec.gp.GPIndividual@2123074235{-1904443079},3C_20_66-02.txt,154.245,0.500,77.122,12,82.109,106.47,6.842,24.328,0.000
27,ec.gp.GPIndividual@2123074235{-1904443079},3C_20_66-03.txt,118.340,0.500,59.170,4,8.047,13.60,2.012,24.328,0.000
27,ec.gp.GPIndividual@2123074235{-1904443079},3C_20_66-01.txt,7.322,0.500,3.661,6,2.313,63.16,0.385,24.328,0.000
27,ec.gp.GPIndividual@2123074235{-1904443079},3C_20_66-02.txt,154.245,0.500,77.122,11,60.078,77.90,5.462,24.328,0.000
27,ec.gp.GPIndividual@2123074235{-1904443079},3C_20_66-03.txt,118.340,0.500,59.170,4,17.641,29.81,4.410,24.328,0.000
27,ec.gp.GPIndividual@2123074235{-1904443079},3C_20_80-01.txt,4.194,0.500,2.097,4,1.391,66.31,0.348,24.328,0.000
27,ec.gp.GPIndividual@2123074235{-1904443079},3C_20_80-02.txt,35.738,0.500,17.869,7,8.547,47.83,1.221,24.328,0.000
27,ec.gp.GPIndividual@2123074235{-1904443079},3C_20_80-03.txt,169.439,0.500,84.719,4,62.984,74.34,15.746,33.313,0.000
27,ec.gp.GPIndividual@545264171{65643224},3C_20_50-02.txt,61.404,0.500,30.702,7,24.391,79.44,3.484,22.063,0.000
27,ec.gp.GPIndividual@545264171{65643224},3C_20_80-01.txt,4.194,0.500,2.097,4,1.359,64.82,0.340,22.063,0.000
27,ec.gp.GPIndividual@545264171{65643224},3C_20_80-02.txt,35.738,0.500,17.869,7,13.672,76.51,1.953,22.063,0.000
27,ec.gp.GPIndividual@545264171{65643224},3C_20_50-03.txt,30.993,0.500,15.496,3,6.281,40.53,2.094,22.063,0.000
27,ec.gp.GPIndividual@545264171{65643224},3C_20_80-03.txt,169.439,0.500,84.719,6,46.859,55.31,7.810,32.828,0.000
27,ec.gp.GPIndividual@310044063{1714097971},3C_20_50-02.txt,61.404,0.500,30.702,6,30.344,98.83,5.057,28.281,0.000
27,ec.gp.GPIndividual@310044063{1714097971},3C_20_66-01.txt,7.322,0.500,3.661,7,2.297,62.74,0.328,28.281,0.000
27,ec.gp.GPIndividual@310044063{1714097971},3C_20_66-02.txt,154.245,0.500,77.122,8,13.766,17.85,1.721,28.281,0.000
27,ec.gp.GPIndividual@310044063{1714097971},3C_20_50-03.txt,30.993,0.500,15.496,4,16.453,106.17,4.113,28.281,0.000
27,ec.gp.GPIndividual@310044063{1714097971},3C_20_66-03.txt,118.340,0.500,59.170,10,45.688,77.21,4.569,28.281,0.000
27,ec.gp.GPIndividual@310044063{1714097971},3C_20_66-01.txt,7.322,0.500,3.661,1,13.969,381.55,13.969,28.281,0.000
27,ec.gp.GPIndividual@310044063{1714097971},3C_20_80-01.txt,4.194,0.500,2.097,8,2.047,97.60,0.256,28.281,0.000
27,ec.gp.GPIndividual@310044063{1714097971},3C_20_66-02.txt,154.245,0.500,77.122,2,0.266,0.34,0.133,28.281,0.000
27,ec.gp.GPIndividual@310044063{1714097971},3C_20_80-02.txt,35.738,0.500,17.869,13,9.797,54.83,0.754,28.281,0.000
27,ec.gp.GPIndividual@310044063{1714097971},3C_20_80-03.txt,169.439,0.500,84.719,3,5.594,6.60,1.865,28.281,0.000
27,ec.gp.GPIndividual@310044063{1714097971},3C_20_66-03.txt,118.340,0.500,59.170,5,39.781,67.23,7.956,28.281,0.000
28,ec.gp.GPIndividual@625217757{-1598888096},3C_20_50-02.txt,61.404,0.500,30.702,0,0.000,0.00,0.000,0.000,0.000
28,ec.gp.GPIndividual@625217757{-1598888096},3C_20_50-02.txt,61.404,0.500,30.702,0,0.000,0.00,0.000,0.000,0.000
28,ec.gp.GPIndividual@625217757{-1598888096},3C_20_50-03.txt,30.993,0.500,15.496,0,0.000,0.00,0.000,0.000,0.000
28,ec.gp.GPIndividual@625217757{-1598888096},3C_20_50-03.txt,30.993,0.500,15.496,0,0.000,0.00,0.000,0.000,0.000
28,ec.gp.GPIndividual@625217757{-1598888096},3C_20_66-01.txt,7.322,0.500,3.661,0,0.000,0.00,0.000,0.000,0.000
28,ec.gp.GPIndividual@625217757{-1598888096},3C_20_66-02.txt,154.245,0.500,77.122,0,0.000,0.00,0.000,0.000,0.000
28,ec.gp.GPIndividual@625217757{-1598888096},3C_20_66-03.txt,118.340,0.500,59.170,0,0.000,0.00,0.000,0.000,0.000
28,ec.gp.GPIndividual@625217757{-1598888096},3C_20_80-01.txt,4.194,0.500,2.097,0,0.000,0.00,0.000,0.000,0.000
28,ec.gp.GPIndividual@625217757{-1598888096},3C_20_80-02.txt,35.738,0.500,17.869,0,0.000,0.00,0.000,0.000,0.000
28,ec.gp.GPIndividual@625217757{-1598888096},3C_20_80-03.txt,169.439,0.500,84.719,0,0.000,0.00,0.000,0.000,0.000
28,ec.gp.GPIndividual@1008469519{-263260992},3C_20_50-02.txt,61.404,0.500,30.702,0,0.000,0.00,0.000,0.000,0.000
28,ec.gp.GPIndividual@1008469519{-263260992},3C_20_50-03.txt,30.993,0.500,15.496,0,0.000,0.00,0.000,0.000,0.000
28,ec.gp.GPIndividual@1008469519{-263260992},3C_20_66-01.txt,7.322,0.500,3.661,0,0.000,0.00,0.000,0.000,0.000
28,ec.gp.GPIndividual@1008469519{-263260992},3C_20_66-02.txt,154.245,0.500,77.122,0,0.000,0.00,0.000,0.000,0.000
28,ec.gp.GPIndividual@1008469519{-263260992},3C_20_66-03.txt,118.340,0.500,59.170,0,0.000,0.00,0.000,0.000,0.000
28,ec.gp.GPIndividual@1008469519{-263260992},3C_20_80-01.txt,4.194,0.500,2.097,0,0.000,0.00,0.000,0.000,0.000
28,ec.gp.GPIndividual@1008469519{-263260992},3C_20_80-02.txt,35.738,0.500,17.869,0,0.000,0.00,0.000,0.000,0.000
28,ec.gp.GPIndividual@1008469519{-263260992},3C_20_80-03.txt,169.439,0.500,84.719,0,0.000,0.00,0.000,0.000,0.000
28,ec.gp.GPIndividual@518032741{-756334605},3C_20_50-02.txt,61.404,0.500,30.702,0,0.000,0.00,0.000,0.000,0.000
28,ec.gp.GPIndividual@518032741{-756334605},3C_20_50-03.txt,30.993,0.500,15.496,0,0.000,0.00,0.000,0.000,0.000
28,ec.gp.GPIndividual@518032741{-756334605},3C_20_66-01.txt,7.322,0.500,3.661,0,0.000,0.00,0.000,0.000,0.000
28,ec.gp.GPIndividual@518032741{-756334605},3C_20_66-02.txt,154.245,0.500,77.122,0,0.000,0.00,0.000,0.000,0.000
28,ec.gp.GPIndividual@518032741{-756334605},3C_20_66-03.txt,118.340,0.500,59.170,0,0.000,0.00,0.000,0.000,0.000
28,ec.gp.GPIndividual@518032741{-756334605},3C_20_80-01.txt,4.194,0.500,2.097,0,0.000,0.00,0.000,0.000,0.000
28,ec.gp.GPIndividual@518032741{-756334605},3C_20_80-02.txt,35.738,0.500,17.869,0,0.000,0.00,0.000,0.000,0.000
28,ec.gp.GPIndividual@518032741{-756334605},3C_20_80-03.txt,169.439,0.500,84.719,0,0.000,0.00,0.000,0.000,0.000
28,ec.gp.GPIndividual@1534313787{1348151272},3C_20_50-02.txt,61.404,0.500,30.702,0,0.000,0.00,0.000,0.000,0.000
28,ec.gp.GPIndividual@1534313787{1348151272},3C_20_50-03.txt,30.993,0.500,15.496,0,0.000,0.00,0.000,0.000,0.000
28,ec.gp.GPIndividual@1534313787{1348151272},3C_20_50-03.txt,30.993,0.500,15.496,0,0.000,0.00,0.000,0.000,0.000
28,ec.gp.GPIndividual@1534313787{1348151272},3C_20_66-01.txt,7.322,0.500,3.661,0,0.000,0.00,0.000,0.000,0.000
28,ec.gp.GPIndividual@1534313787{1348151272},3C_20_66-01.txt,7.322,0.500,3.661,0,0.000,0.00,0.000,0.000,0.000
28,ec.gp.GPIndividual@1534313787{1348151272},3C_20_66-02.txt,154.245,0.500,77.122,0,0.000,0.00,0.000,0.000,0.000
28,ec.gp.GPIndividual@1534313787{1348151272},3C_20_66-02.txt,154.245,0.500,77.122,0,0.000,0.00,0.000,0.000,0.000
28,ec.gp.GPIndividual@1534313787{1348151272},3C_20_66-03.txt,118.340,0.500,59.170,0,0.000,0.00,0.000,0.000,0.000
28,ec.gp.GPIndividual@1534313787{1348151272},3C_20_66-03.txt,118.340,0.500,59.170,0,0.000,0.00,0.000,0.000,0.000
28,ec.gp.GPIndividual@1534313787{1348151272},3C_20_80-01.txt,4.194,0.500,2.097,0,0.000,0.00,0.000,0.000,0.000
28,ec.gp.GPIndividual@1534313787{1348151272},3C_20_80-01.txt,4.194,0.500,2.097,0,0.000,0.00,0.000,0.000,0.000
28,ec.gp.GPIndividual@1534313787{1348151272},3C_20_80-02.txt,35.738,0.500,17.869,0,0.000,0.00,0.000,0.000,0.000
28,ec.gp.GPIndividual@1534313787{1348151272},3C_20_80-02.txt,35.738,0.500,17.869,0,0.000,0.00,0.000,0.000,0.000
28,ec.gp.GPIndividual@1534313787{1348151272},3C_20_80-03.txt,169.439,0.500,84.719,0,0.000,0.00,0.000,0.000,0.000
28,ec.gp.GPIndividual@1534313787{1348151272},3C_20_80-03.txt,169.439,0.500,84.719,0,0.000,0.00,0.000,0.000,0.000
28,ec.gp.GPIndividual@723995232{1252544751},3C_20_50-02.txt,61.404,0.500,30.702,0,0.000,0.00,0.000,0.000,0.000
28,ec.gp.GPIndividual@231859364{1091856941},3C_20_50-02.txt,61.404,0.500,30.702,3,0.844,2.75,0.281,0.281,0.281
28,ec.gp.GPIndividual@231859364{1091856941},3C_20_50-03.txt,30.993,0.500,15.496,11,18.516,119.48,1.683,4.359,0.281
28,ec.gp.GPIndividual@231859364{1091856941},3C_20_66-01.txt,7.322,0.500,3.661,2,5.391,147.24,2.695,4.359,0.281
28,ec.gp.GPIndividual@231859364{1091856941},3C_20_50-03.txt,30.993,0.500,15.496,4,4.094,26.42,1.023,4.359,0.000
28,ec.gp.GPIndividual@231859364{1091856941},3C_20_50-03.txt,30.993,0.500,15.496,2,0.688,4.44,0.344,4.359,0.000
28,ec.gp.GPIndividual@231859364{1091856941},3C_20_50-03.txt,30.993,0.500,15.496,1,0.891,5.75,0.891,4.359,0.000
28,ec.gp.GPIndividual@231859364{1091856941},3C_20_66-02.txt,154.245,0.500,77.122,2,5.500,7.13,2.750,4.359,0.000
28,ec.gp.GPIndividual@231859364{1091856941},3C_20_66-03.txt,118.340,0.500,59.170,5,18.156,30.69,3.631,4.859,0.000
28,ec.gp.GPIndividual@231859364{1091856941},3C_20_66-02.txt,154.245,0.500,77.122,0,0.000,0.00,0.000,4.859,0.000
28,ec.gp.GPIndividual@231859364{1091856941},3C_20_66-03.txt,118.340,0.500,59.170,0,0.000,0.00,0.000,4.859,0.000
28,ec.gp.GPIndividual@231859364{1091856941},3C_20_80-01.txt,4.194,0.500,2.097,2,1.422,67.80,0.711,4.859,0.000
28,ec.gp.GPIndividual@231859364{1091856941},3C_20_80-02.txt,35.738,0.500,17.869,0,0.000,0.00,0.000,4.859,0.000
28,ec.gp.GPIndividual@231859364{1091856941},3C_20_80-03.txt,169.439,0.500,84.719,0,0.000,0.00,0.000,4.859,0.000
28,ec.gp.GPIndividual@1737677355{1166707297},3C_20_50-02.txt,61.404,0.500,30.702,3,8.719,28.40,2.906,6.328,0.531
28,ec.gp.GPIndividual@1737677355{1166707297},3C_20_80-01.txt,4.194,0.500,2.097,1,0.906,43.21,0.906,6.328,0.531
28,ec.gp.GPIndividual@1737677355{1166707297},3C_20_80-02.txt,35.738,0.500,17.869,5,17.813,99.68,3.563,7.563,0.000
28,ec.gp.GPIndividual@1737677355{1166707297},3C_20_66-01.txt,7.322,0.500,3.661,1,7.578,206.99,7.578,7.578,0.000
28,ec.gp.GPIndividual@1737677355{1166707297},3C_20_66-01.txt,7.322,0.500,3.661,1,2.266,61.88,2.266,7.578,0.000
28,ec.gp.GPIndividual@1737677355{1166707297},3C_20_80-03.txt,169.439,0.500,84.719,5,8.188,9.66,1.638,7.578,0.000
28,ec.gp.GPIndividual@1737677355{1166707297},3C_20_66-01.txt,7.322,0.500,3.661,4,3.375,92.19,0.844,7.578,0.000
28,ec.gp.GPIndividual@1737677355{1166707297},3C_20_66-02.txt,154.245,0.500,77.122,3,2.031,2.63,0.677,7.578,0.000
28,ec.gp.GPIndividual@1737677355{1166707297},3C_20_66-02.txt,154.245,0.500,77.122,6,15.609,20.24,2.602,7.578,0.000
28,ec.gp.GPIndividual@874958001{1386538456},3C_20_50-02.txt,61.404,0.500,30.702,14,26.750,87.13,1.911,6.453,0.000
28,ec.gp.GPIndividual@874958001{1386538456},3C_20_66-03.txt,118.340,0.500,59.170,3,18.141,30.66,6.047,11.000,0.000
28,ec.gp.GPIndividual@874958001{1386538456},3C_20_66-03.txt,118.340,0.500,59.170,2,4.281,7.24,2.141,11.000,0.000
28,ec.gp.GPIndividual@874958001{1386538456},3C_20_50-03.txt,30.993,0.500,15.496,1,29.703,191.68,29.703,29.703,0.000
28,ec.gp.GPIndividual@874958001{1386538456},3C_20_50-03.txt,30.993,0.500,15.496,3,15.500,100.02,5.167,29.703,0.000
28,ec.gp.GPIndividual@874958001{1386538456},3C_20_80-01.txt,4.194,0.500,2.097,1,6.750,321.85,6.750,29.703,0.000
28,ec.gp.GPIndividual@874958001{1386538456},3C_20_80-01.txt,4.194,0.500,2.097,3,1.938,92.38,0.646,29.703,0.000
28,ec.gp.GPIndividual@874958001{1386538456},3C_20_80-02.txt,35.738,0.500,17.869,1,0.531,2.97,0.531,29.703,0.000
28,ec.gp.GPIndividual@874958001{1386538456},3C_20_80-02.txt,35.738,0.500,17.869,1,2.641,14.78,2.641,29.703,0.000
28,ec.gp.GPIndividual@874958001{1386538456},3C_20_66-01.txt,7.322,0.500,3.661,3,5.031,137.42,1.677,29.703,0.000
28,ec.gp.GPIndividual@874958001{1386538456},3C_20_80-03.txt,169.439,0.500,84.719,1,0.313,0.37,0.313,29.703,0.000
28,ec.gp.GPIndividual@874958001{1386538456},3C_20_80-03.txt,169.439,0.500,84.719,1,4.375,5.16,4.375,29.703,0.000
28,ec.gp.GPIndividual@874958001{1386538456},3C_20_66-01.txt,7.322,0.500,3.661,1,1.109,30.30,1.109,29.703,0.000
28,ec.gp.GPIndividual@874958001{1386538456},3C_20_66-02.txt,154.245,0.500,77.122,7,39.953,51.80,5.708,31.922,0.000
28,ec.gp.GPIndividual@874958001{1386538456},3C_20_50-03.txt,30.993,0.500,15.496,6,15.313,98.81,2.552,31.922,0.000
28,ec.gp.GPIndividual@874958001{1386538456},3C_20_66-03.txt,118.340,0.500,59.170,1,0.859,1.45,0.859,31.922,0.000
28,ec.gp.GPIndividual@497604189{727870857},3C_20_50-02.txt,61.404,0.500,30.702,4,21.406,69.72,5.352,19.297,0.000
28,ec.gp.GPIndividual@497604189{727870857},3C_20_66-02.txt,154.245,0.500,77.122,1,3.328,4.32,3.328,19.297,0.000
28,ec.gp.GPIndividual@436984714{1689075987},3C_20_50-02.txt,61.404,0.500,30.702,4,10.609,34.56,2.652,5.797,0.000
28,ec.gp.GPIndividual@436984714{1689075987},3C_20_66-02.txt,154.245,0.500,77.122,21,70.656,91.62,3.365,13.359,0.000
28,ec.gp.GPIndividual@436984714{1689075987},3C_20_66-03.txt,118.340,0.500,59.170,2,12.078,20.41,6.039,13.359,0.000
28,ec.gp.GPIndividual@436984714{1689075987},3C_20_66-03.txt,118.340,0.500,59.170,2,17.016,28.76,8.508,17.016,0.000
28,ec.gp.GPIndividual@436984714{1689075987},3C_20_50-03.txt,30.993,0.500,15.496,2,7.938,51.22,3.969,17.016,0.000
28,ec.gp.GPIndividual@436984714{1689075987},3C_20_66-01.txt,7.322,0.500,3.661,1,19.328,527.93,19.328,19.328,0.000
28,ec.gp.GPIndividual@436984714{1689075987},3C_20_80-01.txt,4.194,0.500,2.097,3,1.938,92.38,0.646,19.328,0.000
28,ec.gp.GPIndividual@436984714{1689075987},3C_20_80-02.txt,35.738,0.500,17.869,1,0.531,2.97,0.531,19.328,0.000
28,ec.gp.GPIndividual@436984714{1689075987},3C_20_66-02.txt,154.245,0.500,77.122,2,21.844,28.32,10.922,21.844,0.000
28,ec.gp.GPIndividual@436984714{1689075987},3C_20_50-03.txt,30.993,0.500,15.496,4,18.766,121.10,4.691,21.844,0.000
28,ec.gp.GPIndividual@436984714{1689075987},3C_20_66-01.txt,7.322,0.500,3.661,2,2.875,78.53,1.438,21.844,0.000
28,ec.gp.GPIndividual@436984714{1689075987},3C_20_80-03.txt,169.439,0.500,84.719,1,0.516,0.61,0.516,21.844,0.000
28,ec.gp.GPIndividual@436984714{1689075987},3C_20_66-03.txt,118.340,0.500,59.170,2,2.344,3.96,1.172,21.844,0.000
28,ec.gp.GPIndividual@436984714{1689075987},3C_20_80-01.txt,4.194,0.500,2.097,2,4.234,201.90,2.117,21.844,0.000
28,ec.gp.GPIndividual@436984714{1689075987},3C_20_80-01.txt,4.194,0.500,2.097,1,4.297,204.88,4.297,21.844,0.000
28,ec.gp.GPIndividual@436984714{1689075987},3C_20_66-01.txt,7.322,0.500,3.661,1,0.484,13.23,0.484,21.844,0.000
28,ec.gp.GPIndividual@436984714{1689075987},3C_20_80-02.txt,35.738,0.500,17.869,12,21.594,120.84,1.799,21.844,0.000
28,ec.gp.GPIndividual@1364013578{1091856941},3C_20_50-02.txt,61.404,0.500,30.702,4,7.313,23.82,1.828,5.938,0.000
28,ec.gp.GPIndividual@1364013578{1091856941},3C_20_66-02.txt,154.245,0.500,77.122,3,4.328,5.61,1.443,5.938,0.000
28,ec.gp.GPIndividual@1364013578{1091856941},3C_20_66-02.txt,154.245,0.500,77.122,2,2.219,2.88,1.109,5.938,0.000
28,ec.gp.GPIndividual@1364013578{1091856941},3C_20_80-02.txt,35.738,0.500,17.869,9,18.203,101.87,2.023,5.938,0.000
28,ec.gp.GPIndividual@1364013578{1091856941},3C_20_50-03.txt,30.993,0.500,15.496,4,3.422,22.08,0.855,5.938,0.000
28,ec.gp.GPIndividual@1364013578{1091856941},3C_20_66-03.txt,118.340,0.500,59.170,2,1.578,2.67,0.789,5.938,0.000
28,ec.gp.GPIndividual@1364013578{1091856941},3C_20_80-03.txt,169.439,0.500,84.719,4,5.938,7.01,1.484,5.938,0.000
28,ec.gp.GPIndividual@1364013578{1091856941},3C_20_80-01.txt,4.194,0.500,2.097,2,2.484,118.46,1.242,5.938,0.000
28,ec.gp.GPIndividual@1364013578{1091856941},3C_20_80-03.txt,169.439,0.500,84.719,1,0.516,0.61,0.516,5.938,0.000
28,ec.gp.GPIndividual@1364013578{1091856941},3C_20_80-02.txt,35.738,0.500,17.869,7,22.844,127.84,3.263,6.234,0.000
28,ec.gp.GPIndividual@1084480531{-452763701},3C_20_50-02.txt,61.404,0.500,30.702,0,0.000,0.00,0.000,0.000,0.000
28,ec.gp.GPIndividual@1084480531{-452763701},3C_20_50-03.txt,30.993,0.500,15.496,0,0.000,0.00,0.000,0.000,0.000
28,ec.gp.GPIndividual@1084480531{-452763701},3C_20_66-01.txt,7.322,0.500,3.661,0,0.000,0.00,0.000,0.000,0.000
28,ec.gp.GPIndividual@1084480531{-452763701},3C_20_66-02.txt,154.245,0.500,77.122,0,0.000,0.00,0.000,0.000,0.000
28,ec.gp.GPIndividual@1084480531{-452763701},3C_20_66-03.txt,118.340,0.500,59.170,0,0.000,0.00,0.000,0.000,0.000
28,ec.gp.GPIndividual@1084480531{-452763701},3C_20_80-01.txt,4.194,0.500,2.097,0,0.000,0.00,0.000,0.000,0.000
28,ec.gp.GPIndividual@1084480531{-452763701},3C_20_80-02.txt,35.738,0.500,17.869,0,0.000,0.00,0.000,0.000,0.000
28,ec.gp.GPIndividual@1084480531{-452763701},3C_20_80-03.txt,169.439,0.500,84.719,0,0.000,0.00,0.000,0.000,0.000
28,ec.gp.GPIndividual@2065335067{-1133235476},3C_20_50-02.txt,61.404,0.500,30.702,11,49.391,160.87,4.490,31.734,0.422
28,ec.gp.GPIndividual@2033538618{-1499121028},3C_20_50-02.txt,61.404,0.500,30.702,0,0.000,0.00,0.000,0.000,0.000
28,ec.gp.GPIndividual@2033538618{-1499121028},3C_20_50-03.txt,30.993,0.500,15.496,0,0.000,0.00,0.000,0.000,0.000
28,ec.gp.GPIndividual@2033538618{-1499121028},3C_20_66-01.txt,7.322,0.500,3.661,0,0.000,0.00,0.000,0.000,0.000
28,ec.gp.GPIndividual@2033538618{-1499121028},3C_20_66-02.txt,154.245,0.500,77.122,0,0.000,0.00,0.000,0.000,0.000
28,ec.gp.GPIndividual@2033538618{-1499121028},3C_20_66-03.txt,118.340,0.500,59.170,0,0.000,0.00,0.000,0.000,0.000
28,ec.gp.GPIndividual@2033538618{-1499121028},3C_20_80-01.txt,4.194,0.500,2.097,0,0.000,0.00,0.000,0.000,0.000
28,ec.gp.GPIndividual@2033538618{-1499121028},3C_20_80-02.txt,35.738,0.500,17.869,0,0.000,0.00,0.000,0.000,0.000
28,ec.gp.GPIndividual@2033538618{-1499121028},3C_20_80-03.txt,169.439,0.500,84.719,0,0.000,0.00,0.000,0.000,0.000
28,ec.gp.GPIndividual@1899010580{-1383897817},3C_20_50-02.txt,61.404,0.500,30.702,0,0.000,0.00,0.000,0.000,0.000
28,ec.gp.GPIndividual@1899010580{-1383897817},3C_20_50-03.txt,30.993,0.500,15.496,0,0.000,0.00,0.000,0.000,0.000
28,ec.gp.GPIndividual@1899010580{-1383897817},3C_20_66-01.txt,7.322,0.500,3.661,0,0.000,0.00,0.000,0.000,0.000
28,ec.gp.GPIndividual@1899010580{-1383897817},3C_20_66-02.txt,154.245,0.500,77.122,0,0.000,0.00,0.000,0.000,0.000
28,ec.gp.GPIndividual@1899010580{-1383897817},3C_20_66-03.txt,118.340,0.500,59.170,0,0.000,0.00,0.000,0.000,0.000
28,ec.gp.GPIndividual@1899010580{-1383897817},3C_20_80-01.txt,4.194,0.500,2.097,0,0.000,0.00,0.000,0.000,0.000
28,ec.gp.GPIndividual@1899010580{-1383897817},3C_20_80-02.txt,35.738,0.500,17.869,0,0.000,0.00,0.000,0.000,0.000
28,ec.gp.GPIndividual@1899010580{-1383897817},3C_20_80-03.txt,169.439,0.500,84.719,0,0.000,0.00,0.000,0.000,0.000
28,ec.gp.GPIndividual@311799300{7320412},3C_20_50-02.txt,61.404,0.500,30.702,5,13.703,44.63,2.741,8.469,0.281
28,ec.gp.GPIndividual@58603404{558921350},3C_20_50-02.txt,61.404,0.500,30.702,2,5.563,18.12,2.781,5.563,0.000
28,ec.gp.GPIndividual@58603404{558921350},3C_20_50-03.txt,30.993,0.500,15.496,8,13.297,85.81,1.662,5.563,0.000
28,ec.gp.GPIndividual@58603404{558921350},3C_20_50-03.txt,30.993,0.500,15.496,1,2.297,14.82,2.297,5.563,0.000
28,ec.gp.GPIndividual@58603404{558921350},3C_20_66-01.txt,7.322,0.500,3.661,2,4.531,123.77,2.266,5.563,0.000
28,ec.gp.GPIndividual@58603404{558921350},3C_20_50-03.txt,30.993,0.500,15.496,1,1.219,7.86,1.219,5.563,0.000
28,ec.gp.GPIndividual@58603404{558921350},3C_20_66-02.txt,154.245,0.500,77.122,3,13.781,17.87,4.594,10.313,0.000
28,ec.gp.GPIndividual@58603404{558921350},3C_20_80-02.txt,35.738,0.500,17.869,10,40.203,224.99,4.020,26.656,0.000
28,ec.gp.GPIndividual@58603404{558921350},3C_20_66-02.txt,154.245,0.500,77.122,3,11.859,15.38,3.953,26.656,0.000
28,ec.gp.GPIndividual@58603404{558921350},3C_20_66-01.txt,7.322,0.500,3.661,3,4.203,114.81,1.401,26.656,0.000
28,ec.gp.GPIndividual@58603404{558921350},3C_20_66-03.txt,118.340,0.500,59.170,2,1.016,1.72,0.508,26.656,0.000
28,ec.gp.GPIndividual@58603404{558921350},3C_20_80-03.txt,169.439,0.500,84.719,1,0.703,0.83,0.703,26.656,0.000
28,ec.gp.GPIndividual@58603404{558921350},3C_20_66-02.txt,154.245,0.500,77.122,12,67.297,87.26,5.608,26.656,0.000
28,ec.gp.GPIndividual@58603404{558921350},3C_20_80-01.txt,4.194,0.500,2.097,2,22.406,1068.37,11.203,26.656,0.000
28,ec.gp.GPIndividual@58603404{558921350},3C_20_66-03.txt,118.340,0.500,59.170,2,30.469,51.49,15.234,30.469,0.000
28,ec.gp.GPIndividual@58603404{558921350},3C_20_66-03.txt,118.340,0.500,59.170,1,0.531,0.90,0.531,30.469,0.000
28,ec.gp.GPIndividual@58603404{558921350},3C_20_80-02.txt,35.738,0.500,17.869,1,25.328,141.74,25.328,30.469,0.000
28,ec.gp.GPIndividual@976917418{1091856941},3C_20_50-02.txt,61.404,0.500,30.702,15,29.047,94.61,1.936,4.875,0.000
28,ec.gp.GPIndividual@976917418{1091856941},3C_20_80-01.txt,4.194,0.500,2.097,1,12.219,582.61,12.219,12.219,0.000
28,ec.gp.GPIndividual@976917418{1091856941},3C_20_66-01.txt,7.322,0.500,3.661,3,3.266,89.20,1.089,12.219,0.000
28,ec.gp.GPIndividual@976917418{1091856941},3C_20_50-03.txt,30.993,0.500,15.496,3,4.281,27.63,1.427,12.219,0.000
28,ec.gp.GPIndividual@976917418{1091856941},3C_20_80-01.txt,4.194,0.500,2.097,2,5.188,247.35,2.594,12.219,0.000
28,ec.gp.GPIndividual@976917418{1091856941},3C_20_80-03.txt,169.439,0.500,84.719,2,0.578,0.68,0.289,12.219,0.000
28,ec.gp.GPIndividual@976917418{1091856941},3C_20_80-02.txt,35.738,0.500,17.869,12,17.797,99.60,1.483,12.219,0.000
28,ec.gp.GPIndividual@1578193343{-1303654952},3C_20_50-02.txt,61.404,0.500,30.702,4,4.406,14.35,1.102,2.813,0.000
28,ec.gp.GPIndividual@1578193343{-1303654952},3C_20_66-02.txt,154.245,0.500,77.122,2,6.594,8.55,3.297,3.656,0.000
28,ec.gp.GPIndividual@1578193343{-1303654952},3C_20_66-01.txt,7.322,0.500,3.661,4,4.359,119.07,1.090,3.656,0.000
28,ec.gp.GPIndividual@1578193343{-1303654952},3C_20_50-03.txt,30.993,0.500,15.496,1,0.266,1.71,0.266,3.656,0.000
28,ec.gp.GPIndividual@1578193343{-1303654952},3C_20_66-02.txt,154.245,0.500,77.122,2,0.609,0.79,0.305,3.656,0.000
28,ec.gp.GPIndividual@1578193343{-1303654952},3C_20_80-03.txt,169.439,0.500,84.719,3,3.016,3.56,1.005,3.656,0.000
28,ec.gp.GPIndividual@1578193343{-1303654952},3C_20_80-02.txt,35.738,0.500,17.869,11,19.219,107.55,1.747,4.578,0.000
28,ec.gp.GPIndividual@529259770{1829700645},3C_20_50-02.txt,61.404,0.500,30.702,3,2.750,8.96,0.917,1.172,0.406
28,ec.gp.GPIndividual@529259770{1829700645},3C_20_50-03.txt,30.993,0.500,15.496,2,4.469,28.84,2.234,3.359,0.406
28,ec.gp.GPIndividual@529259770{1829700645},3C_20_66-01.txt,7.322,0.500,3.661,5,3.516,96.03,0.703,3.359,0.000
28,ec.gp.GPIndividual@529259770{1829700645},3C_20_80-03.txt,169.439,0.500,84.719,2,1.031,1.22,0.516,3.359,0.000
28,ec.gp.GPIndividual@529259770{1829700645},3C_20_66-03.txt,118.340,0.500,59.170,1,0.828,1.40,0.828,3.359,0.000
28,ec.gp.GPIndividual@529259770{1829700645},3C_20_66-02.txt,154.245,0.500,77.122,1,3.188,4.13,3.188,3.359,0.000
28,ec.gp.GPIndividual@529259770{1829700645},3C_20_66-01.txt,7.322,0.500,3.661,1,0.766,20.91,0.766,3.359,0.000
28,ec.gp.GPIndividual@529259770{1829700645},3C_20_66-02.txt,154.245,0.500,77.122,3,4.844,6.28,1.615,3.359,0.000
28,ec.gp.GPIndividual@529259770{1829700645},3C_20_66-03.txt,118.340,0.500,59.170,7,21.047,35.57,3.007,5.250,0.000
28,ec.gp.GPIndividual@529259770{1829700645},3C_20_80-01.txt,4.194,0.500,2.097,1,11.891,566.96,11.891,11.891,0.000
28,ec.gp.GPIndividual@529259770{1829700645},3C_20_66-03.txt,118.340,0.500,59.170,1,0.875,1.48,0.875,11.891,0.000
28,ec.gp.GPIndividual@529259770{1829700645},3C_20_80-02.txt,35.738,0.500,17.869,1,1.703,9.53,1.703,11.891,0.000
28,ec.gp.GPIndividual@529259770{1829700645},3C_20_80-03.txt,169.439,0.500,84.719,2,10.453,12.34,5.227,11.891,0.000
28,ec.gp.GPIndividual@1857625762{313625631},3C_20_50-02.txt,61.404,0.500,30.702,7,26.797,87.28,3.828,17.359,0.000
28,ec.gp.GPIndividual@1857625762{313625631},3C_20_80-01.txt,4.194,0.500,2.097,1,18.719,892.54,18.719,18.719,0.000
28,ec.gp.GPIndividual@1857625762{313625631},3C_20_66-03.txt,118.340,0.500,59.170,2,22.328,37.74,11.164,21.438,0.000
28,ec.gp.GPIndividual@1112958743{-1224227494},3C_20_50-02.txt,61.404,0.500,30.702,6,15.297,49.82,2.549,10.984,0.000
28,ec.gp.GPIndividual@1112958743{-1224227494},3C_20_80-01.txt,4.194,0.500,2.097,2,2.844,135.59,1.422,10.984,0.000
28,ec.gp.GPIndividual@1112958743{-1224227494},3C_20_50-03.txt,30.993,0.500,15.496,1,0.563,3.63,0.563,10.984,0.000
28,ec.gp.GPIndividual@1112958743{-1224227494},3C_20_80-02.txt,35.738,0.500,17.869,5,19.141,107.12,3.828,10.984,0.000
28,ec.gp.GPIndividual@1112958743{-1224227494},3C_20_50-03.txt,30.993,0.500,15.496,8,16.328,105.37,2.041,10.984,0.000
28,ec.gp.GPIndividual@1112958743{-1224227494},3C_20_80-02.txt,35.738,0.500,17.869,1,0.313,1.75,0.313,10.984,0.000
28,ec.gp.GPIndividual@1112958743{-1224227494},3C_20_66-01.txt,7.322,0.500,3.661,2,5.031,137.42,2.516,10.984,0.000
28,ec.gp.GPIndividual@1112958743{-1224227494},3C_20_66-01.txt,7.322,0.500,3.661,3,1.641,44.81,0.547,10.984,0.000
28,ec.gp.GPIndividual@1112958743{-1224227494},3C_20_80-03.txt,169.439,0.500,84.719,4,7.563,8.93,1.891,10.984,0.000
28,ec.gp.GPIndividual@1112958743{-1224227494},3C_20_80-01.txt,4.194,0.500,2.097,3,1.578,75.25,0.526,10.984,0.000
28,ec.gp.GPIndividual@1112958743{-1224227494},3C_20_66-02.txt,154.245,0.500,77.122,22,50.328,65.26,2.288,20.391,0.000
28,ec.gp.GPIndividual@1112958743{-1224227494},3C_20_66-03.txt,118.340,0.500,59.170,2,23.531,39.77,11.766,23.531,0.000
28,ec.gp.GPIndividual@1112958743{-1224227494},3C_20_80-03.txt,169.439,0.500,84.719,1,24.109,28.46,24.109,24.109,0.000
28,ec.gp.GPIndividual@1582161333{-1101251927},3C_20_50-02.txt,61.404,0.500,30.702,3,45.656,148.71,15.219,26.484,0.281
28,ec.gp.GPIndividual@1582161333{-1101251927},3C_20_80-02.txt,35.738,0.500,17.869,9,17.859,99.95,1.984,26.484,0.281
28,ec.gp.GPIndividual@827123421{-5651210},3C_20_50-02.txt,61.404,0.500,30.702,0,0.000,0.00,0.000,0.000,0.000
28,ec.gp.GPIndividual@827123421{-5651210},3C_20_50-03.txt,30.993,0.500,15.496,0,0.000,0.00,0.000,0.000,0.000
28,ec.gp.GPIndividual@827123421{-5651210},3C_20_66-01.txt,7.322,0.500,3.661,0,0.000,0.00,0.000,0.000,0.000
28,ec.gp.GPIndividual@827123421{-5651210},3C_20_66-02.txt,154.245,0.500,77.122,0,0.000,0.00,0.000,0.000,0.000
28,ec.gp.GPIndividual@827123421{-5651210},3C_20_66-03.txt,118.340,0.500,59.170,0,0.000,0.00,0.000,0.000,0.000
28,ec.gp.GPIndividual@827123421{-5651210},3C_20_80-01.txt,4.194,0.500,2.097,0,0.000,0.00,0.000,0.000,0.000
28,ec.gp.GPIndividual@827123421{-5651210},3C_20_80-02.txt,35.738,0.500,17.869,0,0.000,0.00,0.000,0.000,0.000
28,ec.gp.GPIndividual@827123421{-5651210},3C_20_80-03.txt,169.439,0.500,84.719,0,0.000,0.00,0.000,0.000,0.000
28,ec.gp.GPIndividual@539614942{1273984780},3C_20_50-02.txt,61.404,0.500,30.702,2,0.438,1.42,0.219,0.438,0.000
28,ec.gp.GPIndividual@539614942{1273984780},3C_20_80-03.txt,169.439,0.500,84.719,6,13.469,15.90,2.245,6.828,0.000
28,ec.gp.GPIndividual@539614942{1273984780},3C_20_66-02.txt,154.245,0.500,77.122,10,42.188,54.70,4.219,26.656,0.000
28,ec.gp.GPIndividual@539614942{1273984780},3C_20_50-03.txt,30.993,0.500,15.496,1,28.234,182.20,28.234,28.234,0.000
28,ec.gp.GPIndividual@1701310631{619660838},3C_20_50-02.txt,61.404,0.500,30.702,0,0.000,0.00,0.000,0.000,0.000
28,ec.gp.GPIndividual@1701310631{619660838},3C_20_50-03.txt,30.993,0.500,15.496,0,0.000,0.00,0.000,0.000,0.000
28,ec.gp.GPIndividual@1701310631{619660838},3C_20_66-01.txt,7.322,0.500,3.661,0,0.000,0.00,0.000,0.000,0.000
28,ec.gp.GPIndividual@1701310631{619660838},3C_20_66-02.txt,154.245,0.500,77.122,0,0.000,0.00,0.000,0.000,0.000
28,ec.gp.GPIndividual@1701310631{619660838},3C_20_66-03.txt,118.340,0.500,59.170,0,0.000,0.00,0.000,0.000,0.000
28,ec.gp.GPIndividual@1701310631{619660838},3C_20_80-01.txt,4.194,0.500,2.097,0,0.000,0.00,0.000,0.000,0.000
28,ec.gp.GPIndividual@1701310631{619660838},3C_20_80-02.txt,35.738,0.500,17.869,0,0.000,0.00,0.000,0.000,0.000
28,ec.gp.GPIndividual@1701310631{619660838},3C_20_80-03.txt,169.439,0.500,84.719,0,0.000,0.00,0.000,0.000,0.000
28,ec.gp.GPIndividual@293699041{-626352084},3C_20_50-02.txt,61.404,0.500,30.702,6,29.719,96.80,4.953,14.109,0.000
28,ec.gp.GPIndividual@293699041{-626352084},3C_20_50-03.txt,30.993,0.500,15.496,2,1.016,6.55,0.508,14.109,0.000
28,ec.gp.GPIndividual@293699041{-626352084},3C_20_66-03.txt,118.340,0.500,59.170,6,15.734,26.59,2.622,14.109,0.000
28,ec.gp.GPIndividual@293699041{-626352084},3C_20_66-03.txt,118.340,0.500,59.170,8,57.672,97.47,7.209,19.234,0.000
28,ec.gp.GPIndividual@293699041{-626352084},3C_20_80-01.txt,4.194,0.500,2.097,2,1.172,55.88,0.586,19.234,0.000
28,ec.gp.GPIndividual@293699041{-626352084},3C_20_80-02.txt,35.738,0.500,17.869,3,9.563,53.51,3.188,19.234,0.000
28,ec.gp.GPIndividual@293699041{-626352084},3C_20_80-01.txt,4.194,0.500,2.097,5,1.953,93.13,0.391,19.234,0.000
28,ec.gp.GPIndividual@293699041{-626352084},3C_20_80-03.txt,169.439,0.500,84.719,1,0.453,0.53,0.453,19.234,0.000
28,ec.gp.GPIndividual@293699041{-626352084},3C_20_80-02.txt,35.738,0.500,17.869,4,17.797,99.60,4.449,19.234,0.000
28,ec.gp.GPIndividual@293699041{-626352084},3C_20_66-01.txt,7.322,0.500,3.661,4,3.594,98.16,0.898,19.234,0.000
28,ec.gp.GPIndividual@1535835225{1899286973},3C_20_50-02.txt,61.404,0.500,30.702,0,0.000,0.00,0.000,0.000,0.000
28,ec.gp.GPIndividual@1535835225{1899286973},3C_20_50-03.txt,30.993,0.500,15.496,0,0.000,0.00,0.000,0.000,0.000
28,ec.gp.GPIndividual@1535835225{1899286973},3C_20_66-01.txt,7.322,0.500,3.661,0,0.000,0.00,0.000,0.000,0.000
28,ec.gp.GPIndividual@1535835225{1899286973},3C_20_66-02.txt,154.245,0.500,77.122,0,0.000,0.00,0.000,0.000,0.000
28,ec.gp.GPIndividual@1535835225{1899286973},3C_20_66-03.txt,118.340,0.500,59.170,0,0.000,0.00,0.000,0.000,0.000
28,ec.gp.GPIndividual@1535835225{1899286973},3C_20_80-01.txt,4.194,0.500,2.097,0,0.000,0.00,0.000,0.000,0.000
28,ec.gp.GPIndividual@1535835225{1899286973},3C_20_80-02.txt,35.738,0.500,17.869,0,0.000,0.00,0.000,0.000,0.000
28,ec.gp.GPIndividual@1535835225{1899286973},3C_20_80-03.txt,169.439,0.500,84.719,0,0.000,0.00,0.000,0.000,0.000
29,ec.gp.GPIndividual@807670818{-1247690868},3C_20_50-02.txt,61.404,0.500,30.702,0,0.000,0.00,0.000,0.000,0.000
29,ec.gp.GPIndividual@807670818{-1247690868},3C_20_50-03.txt,30.993,0.500,15.496,0,0.000,0.00,0.000,0.000,0.000
29,ec.gp.GPIndividual@807670818{-1247690868},3C_20_66-01.txt,7.322,0.500,3.661,0,0.000,0.00,0.000,0.000,0.000
29,ec.gp.GPIndividual@807670818{-1247690868},3C_20_66-02.txt,154.245,0.500,77.122,0,0.000,0.00,0.000,0.000,0.000
29,ec.gp.GPIndividual@807670818{-1247690868},3C_20_66-03.txt,118.340,0.500,59.170,0,0.000,0.00,0.000,0.000,0.000
29,ec.gp.GPIndividual@807670818{-1247690868},3C_20_80-01.txt,4.194,0.500,2.097,0,0.000,0.00,0.000,0.000,0.000
29,ec.gp.GPIndividual@807670818{-1247690868},3C_20_80-02.txt,35.738,0.500,17.869,0,0.000,0.00,0.000,0.000,0.000
29,ec.gp.GPIndividual@807670818{-1247690868},3C_20_80-03.txt,169.439,0.500,84.719,0,0.000,0.00,0.000,0.000,0.000
29,ec.gp.GPIndividual@529095526{-1788462031},3C_20_50-02.txt,61.404,0.500,30.702,20,29.063,94.66,1.453,2.672,0.000
29,ec.gp.GPIndividual@529095526{-1788462031},3C_20_50-03.txt,30.993,0.500,15.496,2,2.359,15.23,1.180,2.672,0.000
29,ec.gp.GPIndividual@529095526{-1788462031},3C_20_50-03.txt,30.993,0.500,15.496,6,13.469,86.92,2.245,3.000,0.000
29,ec.gp.GPIndividual@529095526{-1788462031},3C_20_50-03.txt,30.993,0.500,15.496,2,2.703,17.44,1.352,3.000,0.000
29,ec.gp.GPIndividual@529095526{-1788462031},3C_20_50-03.txt,30.993,0.500,15.496,3,8.281,53.44,2.760,4.313,0.000
29,ec.gp.GPIndividual@529095526{-1788462031},3C_20_50-03.txt,30.993,0.500,15.496,3,9.531,61.51,3.177,5.047,0.000
29,ec.gp.GPIndividual@529095526{-1788462031},3C_20_50-03.txt,30.993,0.500,15.496,3,13.250,85.50,4.417,5.047,0.000
29,ec.gp.GPIndividual@529095526{-1788462031},3C_20_66-01.txt,7.322,0.500,3.661,1,4.547,124.19,4.547,5.047,0.000
29,ec.gp.GPIndividual@529095526{-1788462031},3C_20_66-01.txt,7.322,0.500,3.661,2,5.813,158.76,2.906,5.047,0.000
29,ec.gp.GPIndividual@529095526{-1788462031},3C_20_66-01.txt,7.322,0.500,3.661,2,5.688,155.35,2.844,5.047,0.000
29,ec.gp.GPIndividual@529095526{-1788462031},3C_20_66-01.txt,7.322,0.500,3.661,1,1.016,27.74,1.016,5.047,0.000
29,ec.gp.GPIndividual@529095526{-1788462031},3C_20_66-02.txt,154.245,0.500,77.122,2,3.953,5.13,1.977,5.047,0.000
29,ec.gp.GPIndividual@529095526{-1788462031},3C_20_66-01.txt,7.322,0.500,3.661,1,1.125,30.73,1.125,5.047,0.000
29,ec.gp.GPIndividual@529095526{-1788462031},3C_20_66-02.txt,154.245,0.500,77.122,1,4.531,5.88,4.531,5.047,0.000
29,ec.gp.GPIndividual@529095526{-1788462031},3C_20_66-01.txt,7.322,0.500,3.661,5,3.453,94.32,0.691,5.047,0.000
29,ec.gp.GPIndividual@529095526{-1788462031},3C_20_66-02.txt,154.245,0.500,77.122,1,0.844,1.09,0.844,5.047,0.000
29,ec.gp.GPIndividual@529095526{-1788462031},3C_20_66-02.txt,154.245,0.500,77.122,2,2.125,2.76,1.063,5.047,0.000
29,ec.gp.GPIndividual@529095526{-1788462031},3C_20_66-02.txt,154.245,0.500,77.122,30,58.250,75.53,1.942,12.719,0.000
29,ec.gp.GPIndividual@529095526{-1788462031},3C_20_66-03.txt,118.340,0.500,59.170,2,13.953,23.58,6.977,13.953,0.000
29,ec.gp.GPIndividual@529095526{-1788462031},3C_20_66-03.txt,118.340,0.500,59.170,2,13.234,22.37,6.617,13.953,0.000
29,ec.gp.GPIndividual@529095526{-1788462031},3C_20_66-03.txt,118.340,0.500,59.170,2,14.500,24.51,7.250,14.500,0.000
29,ec.gp.GPIndividual@529095526{-1788462031},3C_20_66-03.txt,118.340,0.500,59.170,2,16.578,28.02,8.289,16.578,0.000
29,ec.gp.GPIndividual@529095526{-1788462031},3C_20_66-03.txt,118.340,0.500,59.170,2,20.719,35.02,10.359,20.719,0.000
29,ec.gp.GPIndividual@529095526{-1788462031},3C_20_66-02.txt,154.245,0.500,77.122,17,67.109,87.02,3.948,20.719,0.000
29,ec.gp.GPIndividual@529095526{-1788462031},3C_20_80-01.txt,4.194,0.500,2.097,1,7.266,346.44,7.266,20.719,0.000
29,ec.gp.GPIndividual@529095526{-1788462031},3C_20_66-03.txt,118.340,0.500,59.170,3,10.109,17.09,3.370,20.719,0.000
29,ec.gp.GPIndividual@529095526{-1788462031},3C_20_80-01.txt,4.194,0.500,2.097,3,2.141,102.07,0.714,20.719,0.000
29,ec.gp.GPIndividual@529095526{-1788462031},3C_20_80-02.txt,35.738,0.500,17.869,1,0.531,2.97,0.531,20.719,0.000
29,ec.gp.GPIndividual@529095526{-1788462031},3C_20_80-02.txt,35.738,0.500,17.869,2,11.484,64.27,5.742,20.719,0.000
29,ec.gp.GPIndividual@529095526{-1788462031},3C_20_80-01.txt,4.194,0.500,2.097,2,13.813,658.60,6.906,20.719,0.000
29,ec.gp.GPIndividual@529095526{-1788462031},3C_20_80-01.txt,4.194,0.500,2.097,1,0.500,23.84,0.500,20.719,0.000
29,ec.gp.GPIndividual@529095526{-1788462031},3C_20_80-02.txt,35.738,0.500,17.869,4,19.344,108.25,4.836,20.719,0.000
29,ec.gp.GPIndividual@529095526{-1788462031},3C_20_80-01.txt,4.194,0.500,2.097,2,2.469,117.71,1.234,20.719,0.000
29,ec.gp.GPIndividual@529095526{-1788462031},3C_20_80-03.txt,169.439,0.500,84.719,4,2.516,2.97,0.629,20.719,0.000
29,ec.gp.GPIndividual@529095526{-1788462031},3C_20_80-03.txt,169.439,0.500,84.719,22,67.516,79.69,3.069,20.719,0.000
29,ec.gp.GPIndividual@529095526{-1788462031},3C_20_80-02.txt,35.738,0.500,17.869,2,12.109,67.77,6.055,20.719,0.000
29,ec.gp.GPIndividual@529095526{-1788462031},3C_20_80-02.txt,35.738,0.500,17.869,1,18.703,104.67,18.703,20.719,0.000
29,ec.gp.GPIndividual@529095526{-1788462031},3C_20_80-03.txt,169.439,0.500,84.719,1,19.750,23.31,19.750,20.719,0.000
29,ec.gp.GPIndividual@1609854945{1970054832},3C_20_50-02.txt,61.404,0.500,30.702,4,26.234,85.45,6.559,21.875,0.344
29,ec.gp.GPIndividual@1917299614{1743809773},3C_20_50-02.txt,61.404,0.500,30.702,9,38.594,125.70,4.288,26.500,0.297
29,ec.gp.GPIndividual@1917299614{1743809773},3C_20_80-01.txt,4.194,0.500,2.097,2,2.844,135.59,1.422,26.500,0.297
29,ec.gp.GPIndividual@1917299614{1743809773},3C_20_80-03.txt,169.439,0.500,84.719,2,0.313,0.37,0.156,26.500,0.000
29,ec.gp.GPIndividual@1917299614{1743809773},3C_20_80-03.txt,169.439,0.500,84.719,14,63.281,74.70,4.520,26.500,0.000
29,ec.gp.GPIndividual@183762484{1091856941},3C_20_50-02.txt,61.404,0.500,30.702,3,26.281,85.60,8.760,23.703,0.531
29,ec.gp.GPIndividual@1587820641{917948461},3C_20_50-02.txt,61.404,0.500,30.702,0,0.000,0.00,0.000,0.000,0.000
29,ec.gp.GPIndividual@1587820641{917948461},3C_20_50-03.txt,30.993,0.500,15.496,0,0.000,0.00,0.000,0.000,0.000
29,ec.gp.GPIndividual@1587820641{917948461},3C_20_66-01.txt,7.322,0.500,3.661,0,0.000,0.00,0.000,0.000,0.000
29,ec.gp.GPIndividual@1587820641{917948461},3C_20_66-02.txt,154.245,0.500,77.122,0,0.000,0.00,0.000,0.000,0.000
29,ec.gp.GPIndividual@1587820641{917948461},3C_20_66-03.txt,118.340,0.500,59.170,0,0.000,0.00,0.000,0.000,0.000
29,ec.gp.GPIndividual@1587820641{917948461},3C_20_80-01.txt,4.194,0.500,2.097,0,0.000,0.00,0.000,0.000,0.000
29,ec.gp.GPIndividual@1587820641{917948461},3C_20_80-02.txt,35.738,0.500,17.869,0,0.000,0.00,0.000,0.000,0.000
29,ec.gp.GPIndividual@1587820641{917948461},3C_20_80-03.txt,169.439,0.500,84.719,0,0.000,0.00,0.000,0.000,0.000
29,ec.gp.GPIndividual@1920685721{1091856941},3C_20_50-02.txt,61.404,0.500,30.702,15,35.063,114.20,2.338,5.672,0.281
29,ec.gp.GPIndividual@1920685721{1091856941},3C_20_66-01.txt,7.322,0.500,3.661,2,0.594,16.22,0.297,5.672,0.000
29,ec.gp.GPIndividual@1920685721{1091856941},3C_20_66-01.txt,7.322,0.500,3.661,2,2.875,78.53,1.438,5.672,0.000
29,ec.gp.GPIndividual@1920685721{1091856941},3C_20_80-03.txt,169.439,0.500,84.719,4,5.031,5.94,1.258,5.672,0.000
29,ec.gp.GPIndividual@1920685721{1091856941},3C_20_50-03.txt,30.993,0.500,15.496,2,7.406,47.79,3.703,7.406,0.000
29,ec.gp.GPIndividual@1920685721{1091856941},3C_20_50-03.txt,30.993,0.500,15.496,9,14.438,93.17,1.604,7.406,0.000
29,ec.gp.GPIndividual@1920685721{1091856941},3C_20_66-01.txt,7.322,0.500,3.661,1,4.922,134.44,4.922,7.406,0.000
29,ec.gp.GPIndividual@1531888375{-1691056476},3C_20_50-02.txt,61.404,0.500,30.702,0,0.000,0.00,0.000,0.000,0.000
29,ec.gp.GPIndividual@1531888375{-1691056476},3C_20_50-03.txt,30.993,0.500,15.496,0,0.000,0.00,0.000,0.000,0.000
29,ec.gp.GPIndividual@1531888375{-1691056476},3C_20_66-01.txt,7.322,0.500,3.661,0,0.000,0.00,0.000,0.000,0.000
29,ec.gp.GPIndividual@1531888375{-1691056476},3C_20_66-02.txt,154.245,0.500,77.122,0,0.000,0.00,0.000,0.000,0.000
29,ec.gp.GPIndividual@1531888375{-1691056476},3C_20_66-03.txt,118.340,0.500,59.170,0,0.000,0.00,0.000,0.000,0.000
29,ec.gp.GPIndividual@1531888375{-1691056476},3C_20_80-01.txt,4.194,0.500,2.097,0,0.000,0.00,0.000,0.000,0.000
29,ec.gp.GPIndividual@1531888375{-1691056476},3C_20_80-02.txt,35.738,0.500,17.869,0,0.000,0.00,0.000,0.000,0.000
29,ec.gp.GPIndividual@1531888375{-1691056476},3C_20_80-03.txt,169.439,0.500,84.719,0,0.000,0.00,0.000,0.000,0.000
29,ec.gp.GPIndividual@709982294{1899704754},3C_20_50-02.txt,61.404,0.500,30.702,3,3.203,10.43,1.068,2.063,0.422
29,ec.gp.GPIndividual@709982294{1899704754},3C_20_66-01.txt,7.322,0.500,3.661,3,3.688,100.72,1.229,2.063,0.422
29,ec.gp.GPIndividual@709982294{1899704754},3C_20_66-02.txt,154.245,0.500,77.122,2,3.641,4.72,1.820,3.641,0.000
29,ec.gp.GPIndividual@709982294{1899704754},3C_20_66-02.txt,154.245,0.500,77.122,2,0.422,0.55,0.211,3.641,0.000
29,ec.gp.GPIndividual@709982294{1899704754},3C_20_50-03.txt,30.993,0.500,15.496,2,3.938,25.41,1.969,3.938,0.000
29,ec.gp.GPIndividual@709982294{1899704754},3C_20_66-02.txt,154.245,0.500,77.122,2,1.000,1.30,0.500,3.938,0.000
29,ec.gp.GPIndividual@709982294{1899704754},3C_20_66-02.txt,154.245,0.500,77.122,25,61.609,79.89,2.464,19.172,0.000
29,ec.gp.GPIndividual@709982294{1899704754},3C_20_66-03.txt,118.340,0.500,59.170,2,19.609,33.14,9.805,19.609,0.000
29,ec.gp.GPIndividual@709982294{1899704754},3C_20_66-03.txt,118.340,0.500,59.170,2,20.172,34.09,10.086,20.172,0.000
29,ec.gp.GPIndividual@709982294{1899704754},3C_20_66-03.txt,118.340,0.500,59.170,2,20.609,34.83,10.305,20.609,0.000
29,ec.gp.GPIndividual@709982294{1899704754},3C_20_66-03.txt,118.340,0.500,59.170,12,54.188,91.58,4.516,20.609,0.000
29,ec.gp.GPIndividual@709982294{1899704754},3C_20_66-01.txt,7.322,0.500,3.661,2,7.125,194.61,3.563,20.609,0.000
29,ec.gp.GPIndividual@709982294{1899704754},3C_20_80-01.txt,4.194,0.500,2.097,2,8.203,391.14,4.102,20.609,0.000
29,ec.gp.GPIndividual@709982294{1899704754},3C_20_80-01.txt,4.194,0.500,2.097,1,1.172,55.88,1.172,20.609,0.000
29,ec.gp.GPIndividual@709982294{1899704754},3C_20_66-02.txt,154.245,0.500,77.122,1,0.547,0.71,0.547,20.609,0.000
29,ec.gp.GPIndividual@709982294{1899704754},3C_20_80-02.txt,35.738,0.500,17.869,3,9.438,52.81,3.146,20.609,0.000
29,ec.gp.GPIndividual@709982294{1899704754},3C_20_80-01.txt,4.194,0.500,2.097,3,3.219,153.48,1.073,20.609,0.000
29,ec.gp.GPIndividual@709982294{1899704754},3C_20_80-03.txt,169.439,0.500,84.719,2,9.734,11.49,4.867,20.609,0.000
29,ec.gp.GPIndividual@709982294{1899704754},3C_20_80-01.txt,4.194,0.500,2.097,2,2.234,106.54,1.117,20.609,0.000
29,ec.gp.GPIndividual@709982294{1899704754},3C_20_80-02.txt,35.738,0.500,17.869,1,0.109,0.61,0.109,20.609,0.000
29,ec.gp.GPIndividual@709982294{1899704754},3C_20_66-03.txt,118.340,0.500,59.170,2,0.672,1.14,0.336,20.609,0.000
29,ec.gp.GPIndividual@709982294{1899704754},3C_20_80-02.txt,35.738,0.500,17.869,11,20.063,112.28,1.824,20.609,0.000
29,ec.gp.GPIndividual@709982294{1899704754},3C_20_80-01.txt,4.194,0.500,2.097,2,2.188,104.30,1.094,20.609,0.000
29,ec.gp.GPIndividual@709982294{1899704754},3C_20_80-03.txt,169.439,0.500,84.719,1,1.156,1.36,1.156,20.609,0.000
29,ec.gp.GPIndividual@1114348822{1386538456},3C_20_50-02.txt,61.404,0.500,30.702,2,0.547,1.78,0.273,0.547,0.000
29,ec.gp.GPIndividual@1114348822{1386538456},3C_20_80-03.txt,169.439,0.500,84.719,19,56.703,66.93,2.984,22.016,0.000
29,ec.gp.GPIndividual@1114348822{1386538456},3C_20_50-03.txt,30.993,0.500,15.496,1,24.281,156.69,24.281,24.281,0.000
29,ec.gp.GPIndividual@1114348822{1386538456},3C_20_80-02.txt,35.738,0.500,17.869,1,25.031,140.08,25.031,25.031,0.000
29,ec.gp.GPIndividual@1558158265{-1101251927},3C_20_50-02.txt,61.404,0.500,30.702,3,20.453,66.62,6.818,20.016,0.000
29,ec.gp.GPIndividual@1558158265{-1101251927},3C_20_80-02.txt,35.738,0.500,17.869,2,28.297,158.36,14.148,26.844,0.000
29,ec.gp.GPIndividual@928576240{1743809773},3C_20_50-02.txt,61.404,0.500,30.702,18,31.938,104.02,1.774,5.422,0.391
29,ec.gp.GPIndividual@928576240{1743809773},3C_20_50-03.txt,30.993,0.500,15.496,2,0.453,2.92,0.227,5.422,0.000
29,ec.gp.GPIndividual@928576240{1743809773},3C_20_80-03.txt,169.439,0.500,84.719,2,1.047,1.24,0.523,5.422,0.000
29,ec.gp.GPIndividual@928576240{1743809773},3C_20_66-01.txt,7.322,0.500,3.661,2,4.078,111.39,2.039,5.422,0.000
29,ec.gp.GPIndividual@928576240{1743809773},3C_20_80-03.txt,169.439,0.500,84.719,1,1.203,1.42,1.203,5.422,0.000
29,ec.gp.GPIndividual@928576240{1743809773},3C_20_66-02.txt,154.245,0.500,77.122,2,4.438,5.75,2.219,5.422,0.000
29,ec.gp.GPIndividual@928576240{1743809773},3C_20_50-03.txt,30.993,0.500,15.496,6,15.141,97.70,2.523,5.422,0.000
29,ec.gp.GPIndividual@928576240{1743809773},3C_20_66-01.txt,7.322,0.500,3.661,1,4.688,128.04,4.688,5.422,0.000
29,ec.gp.GPIndividual@188502281{1252544751},3C_20_50-02.txt,61.404,0.500,30.702,4,4.094,13.33,1.023,1.766,0.422
29,ec.gp.GPIndividual@816146056{-2002788763},3C_20_50-02.txt,61.404,0.500,30.702,5,8.906,29.01,1.781,4.891,0.281
29,ec.gp.GPIndividual@816146056{-2002788763},3C_20_66-01.txt,7.322,0.500,3.661,4,3.094,84.50,0.773,4.891,0.000
29,ec.gp.GPIndividual@816146056{-2002788763},3C_20_66-03.txt,118.340,0.500,59.170,4,2.875,4.86,0.719,4.891,0.000
29,ec.gp.GPIndividual@816146056{-2002788763},3C_20_50-03.txt,30.993,0.500,15.496,8,16.375,105.67,2.047,4.891,0.000
29,ec.gp.GPIndividual@816146056{-2002788763},3C_20_80-01.txt,4.194,0.500,2.097,1,1.688,80.46,1.688,4.891,0.000
29,ec.gp.GPIndividual@816146056{-2002788763},3C_20_66-01.txt,7.322,0.500,3.661,2,6.063,165.59,3.031,5.156,0.000
29,ec.gp.GPIndividual@816146056{-2002788763},3C_20_66-02.txt,154.245,0.500,77.122,2,3.000,3.89,1.500,5.156,0.000
29,ec.gp.GPIndividual@816146056{-2002788763},3C_20_66-02.txt,154.245,0.500,77.122,3,4.313,5.59,1.438,5.156,0.000
29,ec.gp.GPIndividual@816146056{-2002788763},3C_20_50-03.txt,30.993,0.500,15.496,11,14.813,95.59,1.347,5.156,0.000
29,ec.gp.GPIndividual@816146056{-2002788763},3C_20_66-01.txt,7.322,0.500,3.661,3,5.000,136.57,1.667,5.156,0.000
29,ec.gp.GPIndividual@816146056{-2002788763},3C_20_80-02.txt,35.738,0.500,17.869,3,1.297,7.26,0.432,5.156,0.000
29,ec.gp.GPIndividual@816146056{-2002788763},3C_20_66-03.txt,118.340,0.500,59.170,2,1.125,1.90,0.563,5.156,0.000
29,ec.gp.GPIndividual@816146056{-2002788763},3C_20_66-03.txt,118.340,0.500,59.170,2,1.875,3.17,0.938,5.156,0.000
29,ec.gp.GPIndividual@816146056{-2002788763},3C_20_66-02.txt,154.245,0.500,77.122,19,50.047,64.89,2.634,18.172,0.000
29,ec.gp.GPIndividual@816146056{-2002788763},3C_20_80-01.txt,4.194,0.500,2.097,2,20.156,961.08,10.078,19.234,0.000
29,ec.gp.GPIndividual@816146056{-2002788763},3C_20_80-01.txt,4.194,0.500,2.097,1,20.906,996.84,20.906,20.906,0.000
29,ec.gp.GPIndividual@816146056{-2002788763},3C_20_80-03.txt,169.439,0.500,84.719,1,0.531,0.63,0.531,20.906,0.000
29,ec.gp.GPIndividual@816146056{-2002788763},3C_20_80-02.txt,35.738,0.500,17.869,1,20.516,114.81,20.516,20.906,0.000
29,ec.gp.GPIndividual@816146056{-2002788763},3C_20_66-03.txt,118.340,0.500,59.170,18,57.484,97.15,3.194,26.578,0.000
29,ec.gp.GPIndividual@816146056{-2002788763},3C_20_80-01.txt,4.194,0.500,2.097,1,4.047,192.96,4.047,26.578,0.000
29,ec.gp.GPIndividual@816146056{-2002788763},3C_20_80-03.txt,169.439,0.500,84.719,4,11.516,13.59,2.879,26.578,0.000
29,ec.gp.GPIndividual@1318046006{-1133235476},3C_20_50-02.txt,61.404,0.500,30.702,4,11.906,38.78,2.977,10.406,0.000
29,ec.gp.GPIndividual@1318046006{-1133235476},3C_20_66-02.txt,154.245,0.500,77.122,15,46.391,60.15,3.093,20.578,0.000
29,ec.gp.GPIndividual@1318046006{-1133235476},3C_20_80-02.txt,35.738,0.500,17.869,1,21.344,119.45,21.344,21.344,0.000
29,ec.gp.GPIndividual@1318046006{-1133235476},3C_20_66-03.txt,118.340,0.500,59.170,2,23.250,39.29,11.625,23.250,0.000
29,ec.gp.GPIndividual@1318046006{-1133235476},3C_20_50-03.txt,30.993,0.500,15.496,1,27.438,177.06,27.438,27.438,0.000
29,ec.gp.GPIndividual@846098898{-1149328865},3C_20_50-02.txt,61.404,0.500,30.702,3,35.391,115.27,11.797,33.359,0.281
29,ec.gp.GPIndividual@846098898{-1149328865},3C_20_80-02.txt,35.738,0.500,17.869,11,17.703,99.07,1.609,33.359,0.000
29,ec.gp.GPIndividual@846098898{-1149328865},3C_20_80-03.txt,169.439,0.500,84.719,2,0.688,0.81,0.344,33.359,0.000
29,ec.gp.GPIndividual@846098898{-1149328865},3C_20_50-03.txt,30.993,0.500,15.496,2,3.313,21.38,1.656,33.359,0.000
29,ec.gp.GPIndividual@846098898{-1149328865},3C_20_80-01.txt,4.194,0.500,2.097,2,1.500,71.52,0.750,33.359,0.000
29,ec.gp.GPIndividual@846098898{-1149328865},3C_20_80-02.txt,35.738,0.500,17.869,1,5.016,28.07,5.016,33.359,0.000
29,ec.gp.GPIndividual@846098898{-1149328865},3C_20_66-01.txt,7.322,0.500,3.661,2,4.375,119.50,2.188,33.359,0.000
29,ec.gp.GPIndividual@846098898{-1149328865},3C_20_66-02.txt,154.245,0.500,77.122,1,0.125,0.16,0.125,33.359,0.000
29,ec.gp.GPIndividual@846098898{-1149328865},3C_20_66-01.txt,7.322,0.500,3.661,3,7.344,200.59,2.448,33.359,0.000
29,ec.gp.GPIndividual@890889198{1096608486},3C_20_50-02.txt,61.404,0.500,30.702,0,0.000,0.00,0.000,0.000,0.000
29,ec.gp.GPIndividual@890889198{1096608486},3C_20_50-03.txt,30.993,0.500,15.496,0,0.000,0.00,0.000,0.000,0.000
29,ec.gp.GPIndividual@890889198{1096608486},3C_20_66-01.txt,7.322,0.500,3.661,0,0.000,0.00,0.000,0.000,0.000
29,ec.gp.GPIndividual@890889198{1096608486},3C_20_66-02.txt,154.245,0.500,77.122,0,0.000,0.00,0.000,0.000,0.000
29,ec.gp.GPIndividual@890889198{1096608486},3C_20_66-03.txt,118.340,0.500,59.170,0,0.000,0.00,0.000,0.000,0.000
29,ec.gp.GPIndividual@890889198{1096608486},3C_20_80-01.txt,4.194,0.500,2.097,0,0.000,0.00,0.000,0.000,0.000
29,ec.gp.GPIndividual@890889198{1096608486},3C_20_80-02.txt,35.738,0.500,17.869,0,0.000,0.00,0.000,0.000,0.000
29,ec.gp.GPIndividual@890889198{1096608486},3C_20_80-03.txt,169.439,0.500,84.719,0,0.000,0.00,0.000,0.000,0.000
29,ec.gp.GPIndividual@1766939057{1686459470},3C_20_50-02.txt,61.404,0.500,30.702,1,0.875,2.85,0.875,0.875,0.875
29,ec.gp.GPIndividual@1766939057{1686459470},3C_20_80-03.txt,169.439,0.500,84.719,1,0.578,0.68,0.578,0.875,0.578
29,ec.gp.GPIndividual@1766939057{1686459470},3C_20_66-02.txt,154.245,0.500,77.122,4,8.031,10.41,2.008,5.766,0.000
29,ec.gp.GPIndividual@1766939057{1686459470},3C_20_80-03.txt,169.439,0.500,84.719,16,49.641,58.59,3.103,23.609,0.000
29,ec.gp.GPIndividual@1766939057{1686459470},3C_20_66-03.txt,118.340,0.500,59.170,1,24.031,40.61,24.031,24.031,0.000
29,ec.gp.GPIndividual@1359247873{1091856941},3C_20_50-02.txt,61.404,0.500,30.702,2,27.266,88.81,13.633,27.266,0.000
29,ec.gp.GPIndividual@1359247873{1091856941},3C_20_66-03.txt,118.340,0.500,59.170,13,62.391,105.44,4.799,27.266,0.000
29,ec.gp.GPIndividual@1359247873{1091856941},3C_20_50-03.txt,30.993,0.500,15.496,1,16.281,105.07,16.281,27.266,0.000
29,ec.gp.GPIndividual@1359247873{1091856941},3C_20_80-01.txt,4.194,0.500,2.097,2,1.469,70.03,0.734,27.266,0.000
29,ec.gp.GPIndividual@1359247873{1091856941},3C_20_80-02.txt,35.738,0.500,17.869,3,14.938,83.59,4.979,27.266,0.000
29,ec.gp.GPIndividual@1359247873{1091856941},3C_20_66-01.txt,7.322,0.500,3.661,4,3.266,89.20,0.816,27.266,0.000
29,ec.gp.GPIndividual@1359247873{1091856941},3C_20_66-02.txt,154.245,0.500,77.122,2,0.609,0.79,0.305,27.266,0.000
29,ec.gp.GPIndividual@1359247873{1091856941},3C_20_80-03.txt,169.439,0.500,84.719,2,5.594,6.60,2.797,27.266,0.000
29,ec.gp.GPIndividual@1359247873{1091856941},3C_20_80-01.txt,4.194,0.500,2.097,2,2.172,103.56,1.086,27.266,0.000
29,ec.gp.GPIndividual@1359247873{1091856941},3C_20_80-02.txt,35.738,0.500,17.869,1,0.313,1.75,0.313,27.266,0.000
29,ec.gp.GPIndividual@1359247873{1091856941},3C_20_66-03.txt,118.340,0.500,59.170,12,37.438,63.27,3.120,27.266,0.000
29,ec.gp.GPIndividual@1359247873{1091856941},3C_20_66-01.txt,7.322,0.500,3.661,2,20.625,563.36,10.313,27.266,0.000
29,ec.gp.GPIndividual@276830775{-1056920328},3C_20_50-02.txt,61.404,0.500,30.702,3,18.359,59.80,6.120,17.516,0.000
29,ec.gp.GPIndividual@276830775{-1056920328},3C_20_80-03.txt,169.439,0.500,84.719,3,16.969,20.03,5.656,17.516,0.000
29,ec.gp.GPIndividual@276830775{-1056920328},3C_20_80-01.txt,4.194,0.500,2.097,3,2.469,117.71,0.823,17.516,0.000
29,ec.gp.GPIndividual@276830775{-1056920328},3C_20_50-03.txt,30.993,0.500,15.496,1,0.344,2.22,0.344,17.516,0.000
29,ec.gp.GPIndividual@276830775{-1056920328},3C_20_80-02.txt,35.738,0.500,17.869,2,0.563,3.15,0.281,17.516,0.000
29,ec.gp.GPIndividual@276830775{-1056920328},3C_20_66-02.txt,154.245,0.500,77.122,17,91.484,118.62,5.381,27.219,0.000
29,ec.gp.GPIndividual@38944019{1801589874},3C_20_50-02.txt,61.404,0.500,30.702,0,0.000,0.00,0.000,0.000,0.000
29,ec.gp.GPIndividual@38944019{1801589874},3C_20_50-03.txt,30.993,0.500,15.496,0,0.000,0.00,0.000,0.000,0.000
29,ec.gp.GPIndividual@38944019{1801589874},3C_20_66-01.txt,7.322,0.500,3.661,0,0.000,0.00,0.000,0.000,0.000
29,ec.gp.GPIndividual@38944019{1801589874},3C_20_66-02.txt,154.245,0.500,77.122,0,0.000,0.00,0.000,0.000,0.000
29,ec.gp.GPIndividual@38944019{1801589874},3C_20_66-03.txt,118.340,0.500,59.170,0,0.000,0.00,0.000,0.000,0.000
29,ec.gp.GPIndividual@38944019{1801589874},3C_20_80-01.txt,4.194,0.500,2.097,0,0.000,0.00,0.000,0.000,0.000
29,ec.gp.GPIndividual@38944019{1801589874},3C_20_80-02.txt,35.738,0.500,17.869,0,0.000,0.00,0.000,0.000,0.000
29,ec.gp.GPIndividual@38944019{1801589874},3C_20_80-03.txt,169.439,0.500,84.719,0,0.000,0.00,0.000,0.000,0.000
29,ec.gp.GPIndividual@646251614{-1952335974},3C_20_50-02.txt,61.404,0.500,30.702,7,25.906,84.38,3.701,17.313,0.000
29,ec.gp.GPIndividual@646251614{-1952335974},3C_20_66-03.txt,118.340,0.500,59.170,2,4.109,6.95,2.055,17.313,0.000
29,ec.gp.GPIndividual@646251614{-1952335974},3C_20_50-03.txt,30.993,0.500,15.496,5,30.078,194.10,6.016,21.297,0.000
29,ec.gp.GPIndividual@646251614{-1952335974},3C_20_80-01.txt,4.194,0.500,2.097,1,3.938,187.75,3.938,21.297,0.000
29,ec.gp.GPIndividual@646251614{-1952335974},3C_20_80-01.txt,4.194,0.500,2.097,3,1.531,73.01,0.510,21.297,0.000
29,ec.gp.GPIndividual@646251614{-1952335974},3C_20_80-02.txt,35.738,0.500,17.869,1,0.609,3.41,0.609,21.297,0.000
29,ec.gp.GPIndividual@646251614{-1952335974},3C_20_80-02.txt,35.738,0.500,17.869,2,2.703,15.13,1.352,21.297,0.000
29,ec.gp.GPIndividual@646251614{-1952335974},3C_20_66-01.txt,7.322,0.500,3.661,6,3.828,104.56,0.638,21.297,0.000
29,ec.gp.GPIndividual@646251614{-1952335974},3C_20_66-02.txt,154.245,0.500,77.122,2,0.219,0.28,0.109,21.297,0.000
29,ec.gp.GPIndividual@646251614{-1952335974},3C_20_80-03.txt,169.439,0.500,84.719,2,0.375,0.44,0.188,21.297,0.000
29,ec.gp.GPIndividual@646251614{-1952335974},3C_20_80-03.txt,169.439,0.500,84.719,9,56.672,66.89,6.297,31.156,0.000
29,ec.gp.GPIndividual@946297120{512100951},3C_20_50-02.txt,61.404,0.500,30.702,2,32.281,105.14,16.141,32.109,0.172
29,ec.gp.GPIndividual@941561550{1388574742},3C_20_50-02.txt,61.404,0.500,30.702,0,0.000,0.00,0.000,0.000,0.000
29,ec.gp.GPIndividual@941561550{1388574742},3C_20_50-03.txt,30.993,0.500,15.496,0,0.000,0.00,0.000,0.000,0.000
29,ec.gp.GPIndividual@941561550{1388574742},3C_20_66-01.txt,7.322,0.500,3.661,0,0.000,0.00,0.000,0.000,0.000
29,ec.gp.GPIndividual@941561550{1388574742},3C_20_66-02.txt,154.245,0.500,77.122,0,0.000,0.00,0.000,0.000,0.000
29,ec.gp.GPIndividual@941561550{1388574742},3C_20_66-03.txt,118.340,0.500,59.170,0,0.000,0.00,0.000,0.000,0.000
29,ec.gp.GPIndividual@941561550{1388574742},3C_20_80-01.txt,4.194,0.500,2.097,0,0.000,0.00,0.000,0.000,0.000
29,ec.gp.GPIndividual@941561550{1388574742},3C_20_80-02.txt,35.738,0.500,17.869,0,0.000,0.00,0.000,0.000,0.000
29,ec.gp.GPIndividual@941561550{1388574742},3C_20_80-03.txt,169.439,0.500,84.719,0,0.000,0.00,0.000,0.000,0.000
29,ec.gp.GPIndividual@1147731275{1091856941},3C_20_50-02.txt,61.404,0.500,30.702,10,27.109,88.30,2.711,14.172,0.000
29,ec.gp.GPIndividual@1147731275{1091856941},3C_20_66-03.txt,118.340,0.500,59.170,2,4.719,7.97,2.359,14.172,0.000
29,ec.gp.GPIndividual@1147731275{1091856941},3C_20_50-03.txt,30.993,0.500,15.496,2,4.172,26.92,2.086,14.172,0.000
29,ec.gp.GPIndividual@1147731275{1091856941},3C_20_50-03.txt,30.993,0.500,15.496,8,14.469,93.37,1.809,14.172,0.000
29,ec.gp.GPIndividual@1147731275{1091856941},3C_20_66-01.txt,7.322,0.500,3.661,3,2.438,66.58,0.813,14.172,0.000
29,ec.gp.GPIndividual@1147731275{1091856941},3C_20_66-01.txt,7.322,0.500,3.661,2,3.156,86.21,1.578,14.172,0.000
29,ec.gp.GPIndividual@1147731275{1091856941},3C_20_80-01.txt,4.194,0.500,2.097,6,2.063,98.34,0.344,14.172,0.000
29,ec.gp.GPIndividual@1147731275{1091856941},3C_20_66-02.txt,154.245,0.500,77.122,1,0.516,0.67,0.516,14.172,0.000
29,ec.gp.GPIndividual@1147731275{1091856941},3C_20_66-02.txt,154.245,0.500,77.122,1,0.391,0.51,0.391,14.172,0.000
29,ec.gp.GPIndividual@1147731275{1091856941},3C_20_80-02.txt,35.738,0.500,17.869,17,13.266,74.24,0.780,14.172,0.000
29,ec.gp.GPIndividual@1147731275{1091856941},3C_20_66-03.txt,118.340,0.500,59.170,2,3.391,5.73,1.695,14.172,0.000
29,ec.gp.GPIndividual@1147731275{1091856941},3C_20_80-03.txt,169.439,0.500,84.719,2,3.734,4.41,1.867,14.172,0.000
29,ec.gp.GPIndividual@1147731275{1091856941},3C_20_66-03.txt,118.340,0.500,59.170,8,70.781,119.62,8.848,21.703,0.000
29,ec.gp.GPIndividual@758466774{-1414867841},3C_20_50-02.txt,61.404,0.500,30.702,6,15.141,49.31,2.523,11.453,0.094
29,ec.gp.GPIndividual@653975575{1689075987},3C_20_50-02.txt,61.404,0.500,30.702,3,10.906,35.52,3.635,10.813,0.000
29,ec.gp.GPIndividual@653975575{1689075987},3C_20_50-03.txt,30.993,0.500,15.496,8,12.609,81.37,1.576,10.813,0.000
29,ec.gp.GPIndividual@653975575{1689075987},3C_20_50-03.txt,30.993,0.500,15.496,7,14.078,90.85,2.011,10.813,0.000
29,ec.gp.GPIndividual@653975575{1689075987},3C_20_66-01.txt,7.322,0.500,3.661,4,3.781,103.28,0.945,10.813,0.000
29,ec.gp.GPIndividual@653975575{1689075987},3C_20_66-01.txt,7.322,0.500,3.661,7,3.172,86.64,0.453,10.813,0.000
29,ec.gp.GPIndividual@653975575{1689075987},3C_20_66-02.txt,154.245,0.500,77.122,2,0.828,1.07,0.414,10.813,0.000
29,ec.gp.GPIndividual@653975575{1689075987},3C_20_66-02.txt,154.245,0.500,77.122,16,57.875,75.04,3.617,12.891,0.000
29,ec.gp.GPIndividual@653975575{1689075987},3C_20_66-03.txt,118.340,0.500,59.170,4,19.188,32.43,4.797,16.547,0.000
29,ec.gp.GPIndividual@653975575{1689075987},3C_20_66-03.txt,118.340,0.500,59.170,7,54.172,91.55,7.739,16.547,0.000
29,ec.gp.GPIndividual@653975575{1689075987},3C_20_80-01.txt,4.194,0.500,2.097,4,1.406,67.05,0.352,16.547,0.000
29,ec.gp.GPIndividual@653975575{1689075987},3C_20_80-02.txt,35.738,0.500,17.869,7,9.281,51.94,1.326,16.547,0.000
29,ec.gp.GPIndividual@653975575{1689075987},3C_20_80-01.txt,4.194,0.500,2.097,4,1.328,63.33,0.332,16.547,0.000
29,ec.gp.GPIndividual@653975575{1689075987},3C_20_80-02.txt,35.738,0.500,17.869,7,8.500,47.57,1.214,16.547,0.000
29,ec.gp.GPIndividual@653975575{1689075987},3C_20_80-03.txt,169.439,0.500,84.719,3,7.906,9.33,2.635,16.547,0.000
29,ec.gp.GPIndividual@653975575{1689075987},3C_20_80-03.txt,169.439,0.500,84.719,2,34.859,41.15,17.430,33.266,0.000
29,ec.gp.GPIndividual@378293127{1475577153},3C_20_50-02.txt,61.404,0.500,30.702,8,19.141,62.34,2.393,10.094,0.000
29,ec.gp.GPIndividual@378293127{1475577153},3C_20_50-03.txt,30.993,0.500,15.496,6,9.781,63.12,1.630,10.094,0.000
29,ec.gp.GPIndividual@378293127{1475577153},3C_20_66-01.txt,7.322,0.500,3.661,6,1.859,50.79,0.310,10.094,0.000
29,ec.gp.GPIndividual@378293127{1475577153},3C_20_66-02.txt,154.245,0.500,77.122,10,47.938,62.16,4.794,19.469,0.000
29,ec.gp.GPIndividual@378293127{1475577153},3C_20_66-03.txt,118.340,0.500,59.170,7,42.563,71.93,6.080,19.469,0.000
29,ec.gp.GPIndividual@378293127{1475577153},3C_20_80-01.txt,4.194,0.500,2.097,8,1.828,87.17,0.229,19.469,0.000
29,ec.gp.GPIndividual@378293127{1475577153},3C_20_80-02.txt,35.738,0.500,17.869,7,7.781,43.55,1.112,19.469,0.000
29,ec.gp.GPIndividual@378293127{1475577153},3C_20_80-03.txt,169.439,0.500,84.719,2,34.344,40.54,17.172,33.609,0.000
